2026-04-15 10:50:19,689 - utils - INFO - Running in single-execution mode
2026-04-15 10:50:19,689 - utils - INFO - ==================================================
2026-04-15 10:50:19,689 - utils - INFO - Starting to fetch all data...
2026-04-15 10:50:19,689 - utils - INFO - Fetching financial data...
2026-04-15 10:50:19,956 - utils - INFO - Saved 22 records to E:\Code\Python\0414-Share\AKShare_crawl\data\financial_2026-04-15_10-50-19.csv
2026-04-15 10:50:19,956 - utils - INFO - Fetching real-time quote data...
2026-04-15 10:50:36,276 - utils - ERROR - Failed to fetch quote data: ('Connection aborted.', RemoteDisconnected('Remote end closed connection without response'))
2026-04-15 10:50:36,276 - utils - WARNING - Function fetch_quote_data attempt 1 failed: ('Connection aborted.', RemoteDisconnected('Remote end closed connection without response')), retrying in 5s...
2026-04-15 10:50:41,278 - utils - INFO - Fetching real-time quote data...
2026-04-15 10:50:46,719 - utils - ERROR - Failed to fetch quote data: ('Connection aborted.', RemoteDisconnected('Remote end closed connection without response'))
2026-04-15 10:50:46,719 - utils - WARNING - Function fetch_quote_data attempt 2 failed: ('Connection aborted.', RemoteDisconnected('Remote end closed connection without response')), retrying in 5s...
2026-04-15 10:50:51,719 - utils - INFO - Fetching real-time quote data...
2026-04-15 10:50:57,565 - utils - ERROR - Failed to fetch quote data: ('Connection aborted.', RemoteDisconnected('Remote end closed connection without response'))
2026-04-15 10:50:57,565 - utils - ERROR - Function fetch_quote_data failed after 3 attempts: ('Connection aborted.', RemoteDisconnected('Remote end closed connection without response'))
2026-04-15 10:50:57,565 - utils - ERROR - Quote data fetch failed: ('Connection aborted.', RemoteDisconnected('Remote end closed connection without response'))
2026-04-15 10:50:57,565 - utils - INFO - Fetching fund flow data...
2026-04-15 10:50:57,702 - utils - ERROR - Failed to fetch fund flow data: ('Connection aborted.', RemoteDisconnected('Remote end closed connection without response'))
2026-04-15 10:50:57,702 - utils - WARNING - Function fetch_fund_flow_data attempt 1 failed: ('Connection aborted.', RemoteDisconnected('Remote end closed connection without response')), retrying in 5s...
2026-04-15 10:51:02,703 - utils - INFO - Fetching fund flow data...
2026-04-15 10:51:03,016 - utils - ERROR - Failed to fetch fund flow data: ('Connection aborted.', RemoteDisconnected('Remote end closed connection without response'))
2026-04-15 10:51:03,016 - utils - WARNING - Function fetch_fund_flow_data attempt 2 failed: ('Connection aborted.', RemoteDisconnected('Remote end closed connection without response')), retrying in 5s...
2026-04-15 10:51:08,017 - utils - INFO - Fetching fund flow data...
2026-04-15 10:51:09,809 - utils - ERROR - Failed to fetch fund flow data: ('Connection aborted.', RemoteDisconnected('Remote end closed connection without response'))
2026-04-15 10:51:09,809 - utils - ERROR - Function fetch_fund_flow_data failed after 3 attempts: ('Connection aborted.', RemoteDisconnected('Remote end closed connection without response'))
2026-04-15 10:51:09,809 - utils - ERROR - Fund flow data fetch failed: ('Connection aborted.', RemoteDisconnected('Remote end closed connection without response'))
2026-04-15 10:51:09,809 - utils - INFO - Data fetch completed: 1/3 succeeded
2026-04-15 10:51:09,809 - utils - INFO - ==================================================
2026-04-15 11:06:29,191 - utils - INFO - Running in single-execution mode
2026-04-15 11:06:29,191 - utils - INFO - AKShare request_with_retry patched with headers and cookie
2026-04-15 11:06:29,191 - utils - INFO - All requests patched with headers and cookie
2026-04-15 11:06:29,191 - utils - INFO - ==================================================
2026-04-15 11:06:29,191 - utils - INFO - Starting to fetch all data...
2026-04-15 11:06:29,191 - utils - INFO - Fetching financial data...
2026-04-15 11:06:29,394 - utils - INFO - Saved 22 records to E:\Code\Python\0414-Share\AKShare_crawl\data\financial_2026-04-15_11-06-29.csv
2026-04-15 11:06:29,394 - utils - INFO - Fetching real-time quote data from East Money...
2026-04-15 11:06:49,668 - utils - ERROR - East Money quote data failed: ('Connection aborted.', RemoteDisconnected('Remote end closed connection without response')), trying fallback...
2026-04-15 11:06:49,668 - utils - INFO - Trying Sina Finance for quote data...
2026-04-15 11:07:07,912 - utils - INFO - Saved 5501 records to E:\Code\Python\0414-Share\AKShare_crawl\data\quote_sina_2026-04-15_11-07-07.csv
2026-04-15 11:07:07,912 - utils - INFO - Fetching fund flow data...
2026-04-15 11:07:08,024 - utils - ERROR - Individual fund flow data failed: ('Connection aborted.', RemoteDisconnected('Remote end closed connection without response')), trying fallback...
2026-04-15 11:07:08,024 - utils - INFO - Trying alternative fund flow data from East Money...
2026-04-15 11:07:08,024 - utils - ERROR - Alternative fund flow data failed: stock_sector_fund_flow_rank() got an unexpected keyword argument 'symbol'
2026-04-15 11:07:08,024 - utils - ERROR - Fallback also failed: stock_sector_fund_flow_rank() got an unexpected keyword argument 'symbol'
2026-04-15 11:07:08,024 - utils - WARNING - Function fetch_fund_flow_data attempt 1 failed: stock_sector_fund_flow_rank() got an unexpected keyword argument 'symbol', retrying in 10s...
2026-04-15 11:07:18,025 - utils - INFO - Fetching fund flow data...
2026-04-15 11:07:18,414 - utils - ERROR - Individual fund flow data failed: ('Connection aborted.', RemoteDisconnected('Remote end closed connection without response')), trying fallback...
2026-04-15 11:07:18,416 - utils - INFO - Trying alternative fund flow data from East Money...
2026-04-15 11:07:18,416 - utils - ERROR - Alternative fund flow data failed: stock_sector_fund_flow_rank() got an unexpected keyword argument 'symbol'
2026-04-15 11:07:18,416 - utils - ERROR - Fallback also failed: stock_sector_fund_flow_rank() got an unexpected keyword argument 'symbol'
2026-04-15 11:07:18,416 - utils - WARNING - Function fetch_fund_flow_data attempt 2 failed: stock_sector_fund_flow_rank() got an unexpected keyword argument 'symbol', retrying in 10s...
2026-04-15 11:07:28,416 - utils - INFO - Fetching fund flow data...
2026-04-15 11:07:30,292 - utils - ERROR - Individual fund flow data failed: ('Connection aborted.', RemoteDisconnected('Remote end closed connection without response')), trying fallback...
2026-04-15 11:07:30,292 - utils - INFO - Trying alternative fund flow data from East Money...
2026-04-15 11:07:30,292 - utils - ERROR - Alternative fund flow data failed: stock_sector_fund_flow_rank() got an unexpected keyword argument 'symbol'
2026-04-15 11:07:30,292 - utils - ERROR - Fallback also failed: stock_sector_fund_flow_rank() got an unexpected keyword argument 'symbol'
2026-04-15 11:07:30,292 - utils - ERROR - Function fetch_fund_flow_data failed after 3 attempts: stock_sector_fund_flow_rank() got an unexpected keyword argument 'symbol'
2026-04-15 11:07:30,292 - utils - ERROR - Fund flow data fetch failed: stock_sector_fund_flow_rank() got an unexpected keyword argument 'symbol'
2026-04-15 11:07:30,292 - utils - INFO - Data fetch completed: 2/3 succeeded
2026-04-15 11:07:30,292 - utils - INFO - ==================================================
2026-04-15 11:19:18,490 - utils - INFO - Running in single-execution mode
2026-04-15 11:19:18,490 - utils - INFO - ==================================================
2026-04-15 11:19:18,490 - utils - INFO - Starting to fetch all data...
2026-04-15 11:19:18,490 - utils - INFO - Fetching financial data...
2026-04-15 11:19:18,797 - utils - INFO - Saved 22 records to E:\Code\Python\0414-Share\AKShare_crawl\data\财务报表_2026-04-15_11-19-18.csv
2026-04-15 11:19:18,797 - utils - INFO - Fetching real-time quote data from Sina Finance...
2026-04-15 11:19:33,277 - utils - INFO - Saved 5501 records to E:\Code\Python\0414-Share\AKShare_crawl\data\实时行情_2026-04-15_11-19-33.csv
2026-04-15 11:19:33,277 - utils - INFO - Fetching fund flow data from Tonghuashun...
2026-04-15 11:19:45,384 - utils - INFO - Saved 5188 records to E:\Code\Python\0414-Share\AKShare_crawl\data\资金流向_2026-04-15_11-19-45.csv
2026-04-15 11:19:45,384 - utils - INFO - Data fetch completed: 3/3 succeeded
2026-04-15 11:19:45,384 - utils - INFO - ==================================================
2026-04-15 11:54:33,759 - utils - INFO - Running in single-execution mode
2026-04-15 11:54:33,759 - utils - INFO - ==================================================
2026-04-15 11:54:33,759 - utils - INFO - Starting to fetch all data...
2026-04-15 11:54:33,759 - utils - INFO - Fetching financial data...
2026-04-15 11:54:34,031 - utils - INFO - Saved 22 records to E:\Code\Python\0414-Share\AKShare_crawl\data\财务报表_2026-04-15_11-54-34.csv
2026-04-15 11:54:34,031 - utils - INFO - ==================================================
2026-04-15 11:54:34,031 - utils - INFO - Starting to fetch all quote data sources...
2026-04-15 11:54:34,031 - utils - INFO - Fetching real-time quote data (沪深京A股) from Sina Finance...
2026-04-15 11:54:51,658 - utils - INFO - Saved 5501 records to E:\Code\Python\0414-Share\AKShare_crawl\data\实时行情_沪深京_2026-04-15_11-54-51.csv
2026-04-15 11:54:51,658 - utils - INFO - Saved 5501 records (沪深京A股)
2026-04-15 11:54:51,658 - utils - INFO - Fetching real-time quote data (B股)...
2026-04-15 11:54:52,049 - utils - INFO - Saved 79 records to E:\Code\Python\0414-Share\AKShare_crawl\data\实时行情_B股_2026-04-15_11-54-52.csv
2026-04-15 11:54:52,049 - utils - INFO - Saved 79 records (B股)
2026-04-15 11:54:52,049 - utils - INFO - Fetching real-time quote data (AH股)...
2026-04-15 11:54:55,635 - utils - INFO - Saved 200 records to E:\Code\Python\0414-Share\AKShare_crawl\data\实时行情_AH股_2026-04-15_11-54-55.csv
2026-04-15 11:54:55,635 - utils - INFO - Saved 200 records (AH股)
2026-04-15 11:54:55,635 - utils - INFO - Fetching real-time quote data (科创版)...
2026-04-15 11:54:57,921 - utils - INFO - Saved 607 records to E:\Code\Python\0414-Share\AKShare_crawl\data\实时行情_科创版_2026-04-15_11-54-57.csv
2026-04-15 11:54:57,921 - utils - INFO - Saved 607 records (科创版)
2026-04-15 11:54:57,921 - utils - INFO - All quote data fetch completed: 4/4 succeeded
2026-04-15 11:54:57,921 - utils - INFO - ==================================================
2026-04-15 11:54:57,921 - utils - INFO - Fetching fund flow data from Tonghuashun...
2026-04-15 11:55:12,454 - utils - INFO - Saved 5188 records to E:\Code\Python\0414-Share\AKShare_crawl\data\资金流向_2026-04-15_11-55-12.csv
2026-04-15 11:55:12,454 - utils - INFO - ==================================================
2026-04-15 12:56:48,430 - utils - INFO - Running in single-execution mode
2026-04-15 12:56:48,431 - utils - INFO - Session directory created: E:\Code\Python\0414-Share\AKShare_crawl\data\2026-04-15_12-56-48
2026-04-15 12:56:48,431 - utils - INFO - ==================================================
2026-04-15 12:56:48,431 - utils - INFO - Starting to fetch all data -> E:\Code\Python\0414-Share\AKShare_crawl\data\2026-04-15_12-56-48
2026-04-15 12:56:48,431 - utils - INFO - Fetching financial data...
2026-04-15 12:56:48,614 - utils - INFO - Saved 22 records to E:\Code\Python\0414-Share\AKShare_crawl\data\2026-04-15_12-56-48\财务报表.csv
2026-04-15 12:56:48,614 - utils - INFO - Starting to fetch all quote data sources...
2026-04-15 12:56:48,614 - utils - INFO - Fetching real-time quote data (沪深京A股) from Sina Finance...
2026-04-15 12:57:19,029 - utils - INFO - Saved 5501 records to E:\Code\Python\0414-Share\AKShare_crawl\data\2026-04-15_12-56-48\实时行情_沪深京.csv
2026-04-15 12:57:19,029 - utils - INFO - Saved 5501 records (沪深京A股)
2026-04-15 12:57:19,029 - utils - INFO - Fetching real-time quote data (B股)...
2026-04-15 12:57:19,452 - utils - INFO - Saved 79 records to E:\Code\Python\0414-Share\AKShare_crawl\data\2026-04-15_12-56-48\实时行情_B股.csv
2026-04-15 12:57:19,452 - utils - INFO - Saved 79 records (B股)
2026-04-15 12:57:19,452 - utils - INFO - Fetching real-time quote data (AH股)...
2026-04-15 12:57:23,017 - utils - INFO - Saved 200 records to E:\Code\Python\0414-Share\AKShare_crawl\data\2026-04-15_12-56-48\实时行情_AH股.csv
2026-04-15 12:57:23,017 - utils - INFO - Saved 200 records (AH股)
2026-04-15 12:57:23,017 - utils - INFO - Fetching real-time quote data (科创板)...
2026-04-15 12:57:25,431 - utils - INFO - Saved 607 records to E:\Code\Python\0414-Share\AKShare_crawl\data\2026-04-15_12-56-48\实时行情_科创板.csv
2026-04-15 12:57:25,431 - utils - INFO - Saved 607 records (科创板)
2026-04-15 12:57:25,431 - utils - INFO - All quote data fetch completed: 4/4 succeeded
2026-04-15 12:57:25,431 - utils - INFO - Fetching fund flow data from Tonghuashun...
2026-04-15 12:57:40,986 - utils - INFO - Saved 5188 records to E:\Code\Python\0414-Share\AKShare_crawl\data\2026-04-15_12-56-48\资金流向.csv
2026-04-15 12:57:40,986 - utils - INFO - ==================================================
2026-04-15 13:00:19,923 - utils - INFO - Running in single-execution mode
2026-04-15 13:00:19,923 - utils - INFO - ==================================================
2026-04-15 13:00:19,923 - utils - INFO - Starting to fetch all data...
2026-04-15 13:00:19,923 - utils - INFO - Fetching financial data...
2026-04-15 13:00:20,073 - utils - INFO - Saved 22 records to E:\Code\Python\0414-Share\AKShare_crawl\data\财务报表_2026-04-15_13-00-20.csv
2026-04-15 13:00:20,073 - utils - INFO - ==================================================
2026-04-15 13:00:20,073 - utils - INFO - Starting to fetch all quote data sources...
2026-04-15 13:00:20,073 - utils - INFO - Fetching real-time quote data (沪深京A股) from Sina Finance...
2026-04-15 13:00:42,832 - utils - INFO - Saved 5501 records to E:\Code\Python\0414-Share\AKShare_crawl\data\实时行情_沪深京_2026-04-15_13-00-42.csv
2026-04-15 13:00:42,832 - utils - INFO - Saved 5501 records (沪深京A股)
2026-04-15 13:00:42,832 - utils - INFO - Fetching real-time quote data (B股)...
2026-04-15 13:00:43,287 - utils - INFO - Saved 79 records to E:\Code\Python\0414-Share\AKShare_crawl\data\实时行情_B股_2026-04-15_13-00-43.csv
2026-04-15 13:00:43,287 - utils - INFO - Saved 79 records (B股)
2026-04-15 13:00:43,287 - utils - INFO - Fetching real-time quote data (AH股)...
2026-04-15 13:00:47,226 - utils - INFO - Saved 200 records to E:\Code\Python\0414-Share\AKShare_crawl\data\实时行情_AH股_2026-04-15_13-00-47.csv
2026-04-15 13:00:47,226 - utils - INFO - Saved 200 records (AH股)
2026-04-15 13:00:47,226 - utils - INFO - Fetching real-time quote data (科创版)...
2026-04-15 13:00:49,736 - utils - INFO - Saved 607 records to E:\Code\Python\0414-Share\AKShare_crawl\data\实时行情_科创版_2026-04-15_13-00-49.csv
2026-04-15 13:00:49,736 - utils - INFO - Saved 607 records (科创版)
2026-04-15 13:00:49,736 - utils - INFO - All quote data fetch completed: 4/4 succeeded
2026-04-15 13:00:49,736 - utils - INFO - ==================================================
2026-04-15 13:00:49,737 - utils - INFO - Fetching fund flow data from Tonghuashun...
2026-04-15 13:01:02,113 - utils - INFO - Saved 5188 records to E:\Code\Python\0414-Share\AKShare_crawl\data\资金流向_2026-04-15_13-01-02.csv
2026-04-15 13:01:02,113 - utils - INFO - ==================================================
2026-04-15 13:51:48,354 - utils - INFO - Fetching real-time quote data (沪深京A股) from Sina Finance...
2026-04-15 13:52:13,508 - utils - INFO - Saved 5501 records to E:\Code\Python\0414-Share\AKShare_crawl\data\实时行情_沪深京_2026-04-15_13-52-13.csv
2026-04-15 13:52:13,508 - utils - INFO - Saved 5501 records (沪深京A股)
2026-04-15 16:17:05,076 - AKShare_crawl.utils - INFO - ============================================================
2026-04-15 16:17:05,076 - AKShare_crawl.utils - INFO - Scheduler started - will run every 30 minutes
2026-04-15 16:17:05,076 - AKShare_crawl.utils - INFO - Executing scheduled task at 2026-04-15 16:17:05
2026-04-15 16:17:05,076 - AKShare_crawl.utils - INFO - ============================================================
2026-04-15 16:17:05,076 - AKShare_crawl.utils - INFO - Cleaned 0 old files, freed 0.00 KB
2026-04-15 16:17:05,076 - utils - INFO - ==================================================
2026-04-15 16:17:05,076 - utils - INFO - Starting to fetch all data in parallel...
2026-04-15 16:17:05,077 - utils - INFO - Fetching financial data...
2026-04-15 16:17:05,077 - utils - INFO - ==================================================
2026-04-15 16:17:05,077 - utils - INFO - Starting to fetch all quote data sources in parallel...
2026-04-15 16:17:05,077 - utils - INFO - Fetching fund flow data from Tonghuashun...
2026-04-15 16:17:05,077 - utils - INFO - Fetching real-time quote data (沪深京A股) from Sina Finance...
2026-04-15 16:17:05,077 - utils - INFO - Fetching real-time quote data (B股)...
2026-04-15 16:17:05,081 - utils - INFO - Fetching real-time quote data (AH股)...
2026-04-15 16:17:05,083 - utils - INFO - Fetching real-time quote data (科创版)...
2026-04-15 16:17:05,286 - utils - INFO - Success: 财务报表
2026-04-15 16:17:05,526 - utils - INFO - Success: 实时行情_B股 - 79 records
2026-04-15 16:17:07,517 - utils - INFO - Success: 实时行情_科创版 - 607 records
2026-04-15 16:17:09,288 - utils - INFO - Success: 实时行情_AH股 - 200 records
2026-04-15 16:17:33,251 - utils - INFO - Success: 实时行情_沪深京 - 5501 records
2026-04-15 16:17:33,251 - utils - INFO - All quote data fetch completed: 4/4 succeeded
2026-04-15 16:17:33,251 - utils - INFO - ==================================================
2026-04-15 16:17:33,251 - utils - INFO - Success: 资金流向
2026-04-15 16:17:33,251 - utils - INFO - ==================================================
2026-04-15 16:17:33,251 - utils - INFO - Parallel fetch completed: 6 data sources succeeded
2026-04-15 16:17:33,254 - AKShare_crawl.utils - INFO - Saved 财务报表 to E:\Code\Python\0414-Share\AKShare_crawl\data\财务报表\财务报表_2026-04-15_16-17-33.csv
2026-04-15 16:17:33,256 - AKShare_crawl.utils - INFO - Saved 实时行情_B股 to E:\Code\Python\0414-Share\AKShare_crawl\data\实时行情\实时行情_B股_2026-04-15_16-17-33.csv
2026-04-15 16:17:33,262 - AKShare_crawl.utils - INFO - Saved 实时行情_科创版 to E:\Code\Python\0414-Share\AKShare_crawl\data\实时行情\实时行情_科创版_2026-04-15_16-17-33.csv
2026-04-15 16:17:33,263 - AKShare_crawl.utils - INFO - Saved 实时行情_AH股 to E:\Code\Python\0414-Share\AKShare_crawl\data\实时行情\实时行情_AH股_2026-04-15_16-17-33.csv
2026-04-15 16:17:33,287 - AKShare_crawl.utils - INFO - Saved 实时行情_沪深京 to E:\Code\Python\0414-Share\AKShare_crawl\data\实时行情\实时行情_沪深京_2026-04-15_16-17-33.csv
2026-04-15 16:17:33,297 - AKShare_crawl.utils - INFO - Saved 资金流向 to E:\Code\Python\0414-Share\AKShare_crawl\data\资金流向\资金流向_2026-04-15_16-17-33.csv
2026-04-15 16:17:33,297 - AKShare_crawl.utils - INFO - Task completed: 6 files saved
2026-04-15 16:17:33,299 - AKShare_crawl.utils - INFO - ============================================================
2026-04-15 19:13:16,365 - AKShare_crawl.utils - INFO - ============================================================
2026-04-15 19:13:16,366 - AKShare_crawl.utils - INFO - Scheduler started - will run every 30 minutes
2026-04-15 19:13:16,366 - AKShare_crawl.utils - INFO - Executing scheduled task at 2026-04-15 19:13:16
2026-04-15 19:13:16,366 - AKShare_crawl.utils - INFO - ============================================================
2026-04-15 19:13:16,366 - AKShare_crawl.utils - INFO - Cleaned 0 old files, freed 0.00 KB
2026-04-15 19:13:16,366 - utils - INFO - ==================================================
2026-04-15 19:13:16,366 - utils - INFO - Starting to fetch all data in parallel...
2026-04-15 19:13:16,368 - utils - INFO - Fetching financial data...
2026-04-15 19:13:16,368 - utils - INFO - ==================================================
2026-04-15 19:13:16,368 - utils - INFO - Starting to fetch all quote data sources in parallel...
2026-04-15 19:13:16,368 - utils - INFO - Fetching fund flow data from Tonghuashun...
2026-04-15 19:13:16,368 - utils - INFO - Fetching real-time quote data (沪深京A股) from Sina Finance...
2026-04-15 19:13:16,371 - utils - INFO - Fetching real-time quote data (B股)...
2026-04-15 19:13:16,372 - utils - INFO - Fetching real-time quote data (AH股)...
2026-04-15 19:13:16,372 - utils - INFO - Fetching real-time quote data (科创版)...
2026-04-15 19:13:16,605 - utils - INFO - Success: 财务报表
2026-04-15 19:13:16,780 - utils - INFO - Success: 实时行情_B股 - 79 records
2026-04-15 19:13:18,722 - utils - INFO - Success: 实时行情_科创版 - 607 records
2026-04-15 19:13:20,278 - utils - INFO - Success: 实时行情_AH股 - 200 records
2026-04-15 19:13:42,816 - utils - INFO - Success: 实时行情_沪深京 - 5501 records
2026-04-15 19:13:42,816 - utils - INFO - All quote data fetch completed: 4/4 succeeded
2026-04-15 19:13:42,816 - utils - INFO - ==================================================
2026-04-15 19:13:42,816 - utils - INFO - Success: 资金流向
2026-04-15 19:13:42,816 - utils - INFO - ==================================================
2026-04-15 19:13:42,816 - utils - INFO - Parallel fetch completed: 6 data sources succeeded
2026-04-15 19:13:42,819 - AKShare_crawl.utils - INFO - Saved 财务报表 to E:\Code\Python\0414-Share\AKShare_crawl\data\财务报表\财务报表_2026-04-15_19-13-42.csv
2026-04-15 19:13:42,820 - AKShare_crawl.utils - INFO - Saved 实时行情_B股 to E:\Code\Python\0414-Share\AKShare_crawl\data\实时行情\实时行情_B股_2026-04-15_19-13-42.csv
2026-04-15 19:13:42,825 - AKShare_crawl.utils - INFO - Saved 实时行情_科创版 to E:\Code\Python\0414-Share\AKShare_crawl\data\实时行情\实时行情_科创版_2026-04-15_19-13-42.csv
2026-04-15 19:13:42,826 - AKShare_crawl.utils - INFO - Saved 实时行情_AH股 to E:\Code\Python\0414-Share\AKShare_crawl\data\实时行情\实时行情_AH股_2026-04-15_19-13-42.csv
2026-04-15 19:13:42,850 - AKShare_crawl.utils - INFO - Saved 实时行情_沪深京 to E:\Code\Python\0414-Share\AKShare_crawl\data\实时行情\实时行情_沪深京_2026-04-15_19-13-42.csv
2026-04-15 19:13:42,861 - AKShare_crawl.utils - INFO - Saved 资金流向 to E:\Code\Python\0414-Share\AKShare_crawl\data\资金流向\资金流向_2026-04-15_19-13-42.csv
2026-04-15 19:13:42,861 - AKShare_crawl.utils - INFO - Task completed: 6 files saved
2026-04-15 19:13:42,861 - AKShare_crawl.utils - INFO - ============================================================
2026-04-15 19:25:57,023 - AKShare_crawl.utils - INFO - ============================================================
2026-04-15 19:25:57,023 - AKShare_crawl.utils - INFO - Scheduler started - will run every 30 minutes
2026-04-15 19:25:57,023 - AKShare_crawl.utils - INFO - Executing scheduled task at 2026-04-15 19:25:57
2026-04-15 19:25:57,023 - AKShare_crawl.utils - INFO - ============================================================
2026-04-15 19:25:57,023 - AKShare_crawl.utils - ERROR - Scheduled task failed: expected str, bytes or os.PathLike object, not NoneType
2026-04-15 19:25:57,023 - AKShare_crawl.utils - INFO - ============================================================
2026-04-15 19:26:43,883 - AKShare_crawl.utils - INFO - ============================================================
2026-04-15 19:26:43,884 - AKShare_crawl.utils - INFO - Scheduler started - will run every 30 minutes
2026-04-15 19:26:43,884 - AKShare_crawl.utils - INFO - Executing scheduled task at 2026-04-15 19:26:43
2026-04-15 19:26:43,884 - AKShare_crawl.utils - INFO - ============================================================
2026-04-15 19:26:43,884 - AKShare_crawl.utils - ERROR - Scheduled task failed: expected str, bytes or os.PathLike object, not NoneType
2026-04-15 19:26:43,884 - AKShare_crawl.utils - INFO - ============================================================
2026-04-15 19:27:18,355 - utils - INFO - Running in single-execution mode
2026-04-15 19:27:18,355 - utils - INFO - ==================================================
2026-04-15 19:27:18,355 - utils - INFO - Starting to fetch all data...
2026-04-15 19:27:18,355 - utils - INFO - Fetching financial data...
2026-04-15 19:27:18,573 - utils - INFO - ==================================================
2026-04-15 19:27:18,573 - utils - INFO - Starting to fetch all quote data sources in parallel...
2026-04-15 19:27:18,573 - utils - INFO - Fetching real-time quote data (沪深京A股) from Sina Finance...
2026-04-15 19:27:18,573 - utils - INFO - Fetching real-time quote data (B股)...
2026-04-15 19:27:18,573 - utils - INFO - Fetching real-time quote data (AH股)...
2026-04-15 19:27:18,573 - utils - INFO - Fetching real-time quote data (科创版)...
2026-04-15 19:27:19,036 - utils - INFO - Success: 实时行情_B股 - 79 records
2026-04-15 19:27:20,867 - utils - INFO - Success: 实时行情_科创版 - 607 records
2026-04-15 19:27:22,568 - utils - INFO - Success: 实时行情_AH股 - 200 records
2026-04-15 19:28:04,381 - AKShare_crawl.utils - INFO - ============================================================
2026-04-15 19:28:04,381 - AKShare_crawl.utils - INFO - Scheduler started - will run every 30 minutes
2026-04-15 19:28:04,381 - AKShare_crawl.utils - INFO - Executing scheduled task at 2026-04-15 19:28:04
2026-04-15 19:28:04,381 - AKShare_crawl.utils - INFO - ============================================================
2026-04-15 19:28:04,381 - AKShare_crawl.utils - ERROR - Scheduled task failed: expected str, bytes or os.PathLike object, not NoneType
2026-04-15 19:28:04,381 - AKShare_crawl.utils - INFO - ============================================================
2026-04-15 19:31:48,573 - AKShare_crawl.utils - INFO - ============================================================
2026-04-15 19:31:48,573 - AKShare_crawl.utils - INFO - Scheduler started - will run every 30 minutes
2026-04-15 19:31:48,573 - AKShare_crawl.utils - INFO - Executing scheduled task at 2026-04-15 19:31:48
2026-04-15 19:31:48,573 - AKShare_crawl.utils - INFO - ============================================================
2026-04-15 19:31:48,573 - AKShare_crawl.utils - ERROR - Scheduled task failed: expected str, bytes or os.PathLike object, not NoneType
2026-04-15 19:31:48,573 - AKShare_crawl.utils - INFO - ============================================================
2026-04-15 19:32:06,548 - AKShare_crawl.utils - INFO - ============================================================
2026-04-15 19:32:06,548 - AKShare_crawl.utils - INFO - Scheduler started - will run every 30 minutes
2026-04-15 19:32:06,550 - AKShare_crawl.utils - INFO - Executing scheduled task at 2026-04-15 19:32:06
2026-04-15 19:32:06,550 - AKShare_crawl.utils - INFO - ============================================================
2026-04-15 19:32:06,550 - AKShare_crawl.utils - ERROR - Scheduled task failed: expected str, bytes or os.PathLike object, not NoneType
2026-04-15 19:32:06,550 - AKShare_crawl.utils - INFO - ============================================================
2026-04-15 19:32:24,954 - AKShare_crawl.utils - INFO - ============================================================
2026-04-15 19:32:24,954 - AKShare_crawl.utils - INFO - Scheduler started - will run every 30 minutes
2026-04-15 19:32:24,954 - AKShare_crawl.utils - INFO - Executing scheduled task at 2026-04-15 19:32:24
2026-04-15 19:32:24,954 - AKShare_crawl.utils - INFO - ============================================================
2026-04-15 19:32:24,954 - AKShare_crawl.utils - ERROR - Scheduled task failed: expected str, bytes or os.PathLike object, not NoneType
2026-04-15 19:32:24,954 - AKShare_crawl.utils - INFO - ============================================================
2026-04-15 19:32:52,164 - AKShare_crawl.utils - INFO - ============================================================
2026-04-15 19:32:52,164 - AKShare_crawl.utils - INFO - Scheduler started - will run every 30 minutes
2026-04-15 19:32:52,164 - AKShare_crawl.utils - INFO - Executing scheduled task at 2026-04-15 19:32:52
2026-04-15 19:32:52,164 - AKShare_crawl.utils - INFO - ============================================================
2026-04-15 19:32:52,164 - AKShare_crawl.utils - INFO - Cleaned 0 old files, freed 0.00 KB
2026-04-15 19:32:52,164 - utils - INFO - ==================================================
2026-04-15 19:32:52,164 - utils - INFO - Starting to fetch all data in parallel...
2026-04-15 19:32:52,165 - utils - INFO - Fetching financial data...
2026-04-15 19:32:52,165 - utils - INFO - ==================================================
2026-04-15 19:32:52,165 - utils - INFO - Starting to fetch all quote data sources in parallel...
2026-04-15 19:32:52,165 - utils - INFO - Fetching fund flow data from Tonghuashun...
2026-04-15 19:32:52,168 - utils - INFO - Fetching real-time quote data (沪深京A股) from Sina Finance...
2026-04-15 19:32:52,168 - utils - INFO - Fetching real-time quote data (B股)...
2026-04-15 19:32:52,170 - utils - INFO - Fetching real-time quote data (AH股)...
2026-04-15 19:32:52,171 - utils - INFO - Fetching real-time quote data (科创版)...
2026-04-15 19:32:52,468 - utils - INFO - Success: 财务报表
2026-04-15 19:32:52,783 - utils - INFO - Success: 实时行情_B股 - 79 records
2026-04-15 19:32:54,619 - utils - INFO - Success: 实时行情_科创版 - 607 records
2026-04-15 19:32:56,331 - utils - INFO - Success: 实时行情_AH股 - 200 records
2026-04-15 19:36:56,722 - AKShare_crawl.utils - INFO - ============================================================
2026-04-15 19:36:56,722 - AKShare_crawl.utils - INFO - Scheduler started - will run every 30 minutes
2026-04-15 19:36:56,722 - AKShare_crawl.utils - INFO - Executing scheduled task at 2026-04-15 19:36:56
2026-04-15 19:36:56,722 - AKShare_crawl.utils - INFO - ============================================================
2026-04-15 19:36:56,722 - AKShare_crawl.utils - INFO - Cleaned 0 old files, freed 0.00 KB
2026-04-15 19:36:56,722 - utils - INFO - ==================================================
2026-04-15 19:36:56,722 - utils - INFO - Starting to fetch all data in parallel...
2026-04-15 19:36:56,723 - utils - INFO - Fetching financial data...
2026-04-15 19:36:56,723 - utils - INFO - ==================================================
2026-04-15 19:36:56,723 - utils - INFO - Starting to fetch all quote data sources in parallel...
2026-04-15 19:36:56,723 - utils - INFO - Fetching fund flow data from Tonghuashun...
2026-04-15 19:36:56,723 - utils - INFO - Fetching real-time quote data (沪深京A股) from Sina Finance...
2026-04-15 19:36:56,726 - utils - INFO - Fetching real-time quote data (B股)...
2026-04-15 19:36:56,726 - utils - INFO - Fetching real-time quote data (AH股)...
2026-04-15 19:36:56,727 - utils - INFO - Fetching real-time quote data (科创版)...
2026-04-15 19:36:57,027 - utils - INFO - Success: 财务报表
2026-04-15 19:36:57,133 - utils - INFO - Success: 实时行情_B股 - 79 records
2026-04-15 19:36:59,192 - utils - INFO - Success: 实时行情_科创版 - 607 records
2026-04-15 19:37:00,531 - utils - INFO - Success: 实时行情_AH股 - 200 records
2026-04-15 19:37:21,367 - utils - INFO - Success: 实时行情_沪深京 - 5501 records
2026-04-15 19:37:21,369 - utils - INFO - All quote data fetch completed: 4/4 succeeded
2026-04-15 19:37:21,369 - utils - INFO - ==================================================
2026-04-15 19:37:21,369 - utils - INFO - Success: 资金流向
2026-04-15 19:37:21,369 - utils - INFO - ==================================================
2026-04-15 19:37:21,369 - utils - INFO - Parallel fetch completed: 6 data sources succeeded
2026-04-15 19:37:21,371 - AKShare_crawl.utils - INFO - Saved 财务报表 to E:\Code\Python\0414-Share\AKShare_crawl\data\财务报表\财务报表_2026-04-15_19-37-21.csv
2026-04-15 19:37:21,373 - AKShare_crawl.utils - INFO - Saved 实时行情_B股 to E:\Code\Python\0414-Share\AKShare_crawl\data\实时行情\实时行情_B股_2026-04-15_19-37-21.csv
2026-04-15 19:37:21,377 - AKShare_crawl.utils - INFO - Saved 实时行情_科创版 to E:\Code\Python\0414-Share\AKShare_crawl\data\实时行情\实时行情_科创版_2026-04-15_19-37-21.csv
2026-04-15 19:37:21,379 - AKShare_crawl.utils - INFO - Saved 实时行情_AH股 to E:\Code\Python\0414-Share\AKShare_crawl\data\实时行情\实时行情_AH股_2026-04-15_19-37-21.csv
2026-04-15 19:37:21,402 - AKShare_crawl.utils - INFO - Saved 实时行情_沪深京 to E:\Code\Python\0414-Share\AKShare_crawl\data\实时行情\实时行情_沪深京_2026-04-15_19-37-21.csv
2026-04-15 19:37:21,413 - AKShare_crawl.utils - INFO - Saved 资金流向 to E:\Code\Python\0414-Share\AKShare_crawl\data\资金流向\资金流向_2026-04-15_19-37-21.csv
2026-04-15 19:37:21,413 - AKShare_crawl.utils - INFO - Task completed: 6 files saved
2026-04-15 19:37:22,660 - AKShare_crawl.utils - INFO - ============================================================
2026-04-15 19:57:21,937 - AKShare_crawl.utils - INFO - ============================================================
2026-04-15 19:57:21,937 - AKShare_crawl.utils - INFO - Scheduler started - will run every 30 minutes
2026-04-15 19:57:21,937 - AKShare_crawl.utils - INFO - Executing scheduled task at 2026-04-15 19:57:21
2026-04-15 19:57:21,937 - AKShare_crawl.utils - INFO - ============================================================
2026-04-15 19:57:21,937 - AKShare_crawl.utils - INFO - Cleaned 0 old files, freed 0.00 KB
2026-04-15 19:57:21,937 - utils - INFO - ==================================================
2026-04-15 19:57:21,937 - utils - INFO - Starting to fetch all data in parallel...
2026-04-15 19:57:21,937 - utils - INFO - Fetching financial data...
2026-04-15 19:57:21,939 - utils - INFO - ==================================================
2026-04-15 19:57:21,939 - utils - INFO - Starting to fetch all quote data sources in parallel...
2026-04-15 19:57:21,939 - utils - INFO - Fetching fund flow data from Tonghuashun...
2026-04-15 19:57:21,939 - utils - INFO - Fetching real-time quote data (沪深京A股) from Sina Finance...
2026-04-15 19:57:21,942 - utils - INFO - Fetching real-time quote data (B股)...
2026-04-15 19:57:21,942 - utils - INFO - Fetching real-time quote data (AH股)...
2026-04-15 19:57:21,942 - utils - INFO - Fetching real-time quote data (科创版)...
2026-04-15 19:57:22,219 - utils - INFO - Success: 财务报表
2026-04-15 19:57:22,524 - utils - INFO - Success: 实时行情_B股 - 79 records
2026-04-15 19:57:24,284 - utils - INFO - Success: 实时行情_科创版 - 607 records
2026-04-15 19:57:25,934 - utils - INFO - Success: 实时行情_AH股 - 200 records
2026-04-15 19:57:43,566 - utils - INFO - Success: 实时行情_沪深京 - 5501 records
2026-04-15 19:57:43,568 - utils - INFO - All quote data fetch completed: 4/4 succeeded
2026-04-15 19:57:43,568 - utils - INFO - ==================================================
2026-04-15 19:57:43,568 - utils - INFO - Success: 资金流向
2026-04-15 19:57:43,568 - utils - INFO - ==================================================
2026-04-15 19:57:43,568 - utils - INFO - Parallel fetch completed: 6 data sources succeeded
2026-04-15 19:57:43,571 - AKShare_crawl.utils - INFO - Saved 财务报表 to E:\Code\Python\0414-Share\AKShare_crawl\data\财务报表\财务报表_2026-04-15_19-57-43.csv
2026-04-15 19:57:43,573 - AKShare_crawl.utils - INFO - Saved 实时行情_B股 to E:\Code\Python\0414-Share\AKShare_crawl\data\实时行情\实时行情_B股_2026-04-15_19-57-43.csv
2026-04-15 19:57:43,576 - AKShare_crawl.utils - INFO - Saved 实时行情_科创版 to E:\Code\Python\0414-Share\AKShare_crawl\data\实时行情\实时行情_科创版_2026-04-15_19-57-43.csv
2026-04-15 19:57:43,577 - AKShare_crawl.utils - INFO - Saved 实时行情_AH股 to E:\Code\Python\0414-Share\AKShare_crawl\data\实时行情\实时行情_AH股_2026-04-15_19-57-43.csv
2026-04-15 19:57:43,601 - AKShare_crawl.utils - INFO - Saved 实时行情_沪深京 to E:\Code\Python\0414-Share\AKShare_crawl\data\实时行情\实时行情_沪深京_2026-04-15_19-57-43.csv
2026-04-15 19:57:43,612 - AKShare_crawl.utils - INFO - Saved 资金流向 to E:\Code\Python\0414-Share\AKShare_crawl\data\资金流向\资金流向_2026-04-15_19-57-43.csv
2026-04-15 19:57:43,612 - AKShare_crawl.utils - INFO - Task completed: 6 files saved
2026-04-15 19:57:45,201 - AKShare_crawl.utils - INFO - ============================================================
2026-04-15 20:47:14,658 - utils - INFO - ============================================================
2026-04-15 20:47:14,658 - utils - INFO - Scheduler started - will run every 30 minutes
2026-04-15 20:47:14,658 - utils - INFO - Executing scheduled task at 2026-04-15 20:47:14
2026-04-15 20:47:14,658 - utils - INFO - ============================================================
2026-04-15 20:47:14,659 - utils - INFO - Cleaned 0 old files, freed 0.00 KB
2026-04-15 20:47:14,659 - utils - INFO - ==================================================
2026-04-15 20:47:14,659 - utils - INFO - Starting to fetch all data in parallel...
2026-04-15 20:47:14,659 - utils - INFO - Fetching financial data...
2026-04-15 20:47:14,659 - utils - INFO - ==================================================
2026-04-15 20:47:14,660 - utils - INFO - Starting to fetch all quote data sources in parallel...
2026-04-15 20:47:14,660 - utils - INFO - Fetching fund flow data from Tonghuashun...
2026-04-15 20:47:14,660 - utils - INFO - Fetching real-time quote data (沪深京A股) from Sina Finance...
2026-04-15 20:47:14,669 - utils - INFO - Fetching real-time quote data (B股)...
2026-04-15 20:47:14,670 - utils - INFO - Fetching real-time quote data (AH股)...
2026-04-15 20:47:14,671 - utils - INFO - Fetching real-time quote data (科创版)...
2026-04-15 20:47:14,671 - utils - INFO - Fetching real-time quote data (港股)...
2026-04-15 20:47:15,075 - utils - INFO - Success: 实时行情_B股 - 79 records
2026-04-15 20:47:15,204 - utils - INFO - Success: 财务报表
2026-04-15 20:47:17,146 - utils - INFO - Success: 实时行情_科创版 - 607 records
2026-04-15 20:47:18,654 - utils - INFO - Success: 实时行情_AH股 - 200 records
2026-04-15 20:47:39,346 - utils - INFO - Success: 实时行情_沪深京 - 5501 records
2026-04-15 20:48:01,376 - utils - INFO - Scheduler stopped
2026-04-15 20:48:06,252 - utils - INFO - Success: 实时行情_港股 - 2741 records
2026-04-15 20:48:06,252 - utils - INFO - All quote data fetch completed: 5/5 succeeded
2026-04-15 20:48:06,253 - utils - INFO - ==================================================
2026-04-15 20:48:06,253 - utils - INFO - Success: 资金流向
2026-04-15 20:48:06,253 - utils - INFO - ==================================================
2026-04-15 20:48:06,253 - utils - INFO - Parallel fetch completed: 7 data sources succeeded
2026-04-15 21:38:25,560 - utils - INFO - ============================================================
2026-04-15 21:38:25,560 - utils - INFO - Scheduler started - will run every 30 minutes
2026-04-15 21:38:25,561 - utils - INFO - Executing scheduled task at 2026-04-15 21:38:25
2026-04-15 21:38:25,561 - utils - INFO - ============================================================
2026-04-15 21:38:25,561 - utils - INFO - Cleaned 0 old files, freed 0.00 KB
2026-04-15 21:38:25,561 - utils - INFO - ==================================================
2026-04-15 21:38:25,561 - utils - INFO - Starting to fetch all data in parallel...
2026-04-15 21:38:25,561 - utils - INFO - Fetching financial data...
2026-04-15 21:38:25,562 - utils - INFO - ==================================================
2026-04-15 21:38:25,562 - utils - INFO - Starting to fetch all quote data sources in parallel...
2026-04-15 21:38:25,562 - utils - INFO - Fetching fund flow data from Tonghuashun...
2026-04-15 21:38:25,562 - utils - INFO - Fetching real-time quote data (沪深京A股) from Sina Finance...
2026-04-15 21:38:25,565 - utils - INFO - Fetching real-time quote data (B股)...
2026-04-15 21:38:25,565 - utils - INFO - Fetching real-time quote data (AH股)...
2026-04-15 21:38:25,566 - utils - INFO - Fetching real-time quote data (科创版)...
2026-04-15 21:38:25,566 - utils - INFO - Fetching real-time quote data (港股)...
2026-04-15 21:38:25,868 - utils - INFO - Success: 财务报表
2026-04-15 21:38:26,126 - utils - INFO - Success: 实时行情_B股 - 79 records
2026-04-15 21:38:27,954 - utils - INFO - Success: 实时行情_科创版 - 607 records
2026-04-15 21:38:29,557 - utils - INFO - Success: 实时行情_AH股 - 200 records
2026-04-15 21:38:51,914 - utils - INFO - Success: 实时行情_沪深京 - 5501 records
2026-04-15 21:39:05,085 - utils - INFO - Success: 实时行情_港股 - 2741 records
2026-04-15 21:39:05,085 - utils - INFO - All quote data fetch completed: 5/5 succeeded
2026-04-15 21:39:05,085 - utils - INFO - ==================================================
2026-04-15 21:39:05,085 - utils - INFO - Success: 资金流向
2026-04-15 21:39:05,085 - utils - INFO - ==================================================
2026-04-15 21:39:05,085 - utils - INFO - Parallel fetch completed: 7 data sources succeeded
2026-04-15 21:39:05,088 - utils - INFO - Saved 财务报表 to E:\Code\Python\0414-Share\AKShare_crawl\data\财务报表\财务报表_2026-04-15_21-39-05.csv
2026-04-15 21:39:05,090 - utils - INFO - Saved 实时行情_B股 to E:\Code\Python\0414-Share\AKShare_crawl\data\实时行情\实时行情_B股_2026-04-15_21-39-05.csv
2026-04-15 21:39:05,095 - utils - INFO - Saved 实时行情_科创版 to E:\Code\Python\0414-Share\AKShare_crawl\data\实时行情\实时行情_科创版_2026-04-15_21-39-05.csv
2026-04-15 21:39:05,097 - utils - INFO - Saved 实时行情_AH股 to E:\Code\Python\0414-Share\AKShare_crawl\data\实时行情\实时行情_AH股_2026-04-15_21-39-05.csv
2026-04-15 21:39:05,121 - utils - INFO - Saved 实时行情_沪深京 to E:\Code\Python\0414-Share\AKShare_crawl\data\实时行情\实时行情_沪深京_2026-04-15_21-39-05.csv
2026-04-15 21:39:05,134 - utils - INFO - Saved 实时行情_港股 to E:\Code\Python\0414-Share\AKShare_crawl\data\实时行情\实时行情_港股_2026-04-15_21-39-05.csv
2026-04-15 21:39:05,145 - utils - INFO - Saved 资金流向 to E:\Code\Python\0414-Share\AKShare_crawl\data\资金流向\资金流向_2026-04-15_21-39-05.csv
2026-04-15 21:39:05,145 - utils - INFO - Task completed: 7 files saved
2026-04-15 21:39:07,010 - utils - INFO - ============================================================
2026-04-15 22:05:59,600 - utils - INFO - Fetching stock history: 000001 (A股)
2026-04-15 22:05:59,835 - utils - WARNING - Function fetch_stock_history attempt 1 failed: ('Connection aborted.', RemoteDisconnected('Remote end closed connection without response')), retrying in 5s...
2026-04-15 22:06:04,836 - utils - INFO - Fetching stock history: 000001 (A股)
2026-04-15 22:06:04,990 - utils - WARNING - Function fetch_stock_history attempt 2 failed: ('Connection aborted.', RemoteDisconnected('Remote end closed connection without response')), retrying in 5s...
2026-04-15 22:09:22,186 - utils - INFO - Fetching stock history: bj920000 (A股)
2026-04-15 22:09:23,399 - utils - INFO - Fetched 1285 records for bj920000 (A股)
2026-04-15 22:17:51,556 - utils - INFO - Fetching stock history: bj920000 (A股)
2026-04-15 22:17:52,754 - utils - INFO - Fetched 6 records for bj920000 (A股)
2026-04-15 22:18:19,717 - utils - INFO - Fetching stock history: sh600000 (A股)
2026-04-15 22:18:20,974 - utils - INFO - Fetched 6 records for sh600000 (A股)
2026-04-15 22:23:27,034 - utils - INFO - Fetching stock history: bj920000 (A股)
2026-04-15 22:23:28,658 - utils - INFO - Fetched 6 records for bj920000 (A股)
2026-04-15 22:27:04,187 - utils - INFO - Fetching stock history: bj920000 (A股)
2026-04-15 22:27:05,505 - utils - INFO - Fetched 243 records for bj920000 (A股)
2026-04-15 22:27:31,544 - utils - INFO - Fetching stock history: bj920000 (A股)
2026-04-15 22:27:32,158 - utils - INFO - Fetched 6 records for bj920000 (A股)
2026-04-15 22:41:33,542 - utils - INFO - Fetching stock history: bj920000 (A股)
2026-04-15 22:41:34,812 - utils - INFO - Fetched 6 records for bj920000 (A股)
2026-04-15 22:43:46,248 - utils - INFO - Fetching stock history: sh900901 (B股)
2026-04-15 22:43:47,569 - utils - INFO - Fetched 6 records for sh900901 (B股)
2026-04-15 23:02:37,722 - utils - INFO - Fetching stock history: bj920000 (A股)
2026-04-15 23:02:39,081 - utils - INFO - Fetched 1285 records for bj920000 (A股)
2026-04-15 23:02:59,712 - utils - INFO - Fetching stock history: bj920000 (A股)
2026-04-15 23:03:00,301 - utils - INFO - Fetched 6 records for bj920000 (A股)
2026-04-15 23:03:11,792 - utils - INFO - Fetching stock history: bj920000 (A股)
2026-04-15 23:03:12,367 - utils - INFO - Fetched 66 records for bj920000 (A股)
2026-04-15 23:03:19,946 - utils - INFO - Fetching stock history: bj920000 (A股)
2026-04-15 23:03:20,519 - utils - INFO - Fetched 22 records for bj920000 (A股)
2026-04-15 23:04:38,825 - utils - INFO - Fetching stock history: bj920000 (A股)
2026-04-15 23:04:40,056 - utils - INFO - Fetched 1285 records for bj920000 (A股)
2026-04-15 23:06:48,618 - utils - INFO - Fetching stock history: bj920000 (A股)
2026-04-15 23:06:49,867 - utils - INFO - Fetched 243 records for bj920000 (A股)
2026-04-15 23:08:35,081 - utils - INFO - Fetching stock history: bj920000 (A股)
2026-04-15 23:08:35,876 - utils - INFO - Fetched 1285 records for bj920000 (A股)
2026-04-15 23:09:18,866 - utils - INFO - Fetching stock history: bj920000 (A股)
2026-04-15 23:09:20,065 - utils - INFO - Fetched 6 records for bj920000 (A股)
2026-04-15 23:11:08,225 - utils - INFO - ============================================================
2026-04-15 23:11:08,225 - utils - INFO - Scheduler started - will run every 30 minutes
2026-04-15 23:11:08,226 - utils - INFO - Executing scheduled task at 2026-04-15 23:11:08
2026-04-15 23:11:08,226 - utils - INFO - ============================================================
2026-04-15 23:11:08,226 - utils - INFO - Cleaned 0 old files, freed 0.00 KB
2026-04-15 23:11:08,226 - utils - INFO - ==================================================
2026-04-15 23:11:08,226 - utils - INFO - Starting to fetch all data in parallel...
2026-04-15 23:11:08,226 - utils - INFO - Fetching financial data...
2026-04-15 23:11:08,226 - utils - INFO - ==================================================
2026-04-15 23:11:08,228 - utils - INFO - Starting to fetch all quote data sources in parallel...
2026-04-15 23:11:08,228 - utils - INFO - Fetching fund flow data from Tonghuashun...
2026-04-15 23:11:08,228 - utils - INFO - Fetching real-time quote data (沪深京A股) from Sina Finance...
2026-04-15 23:11:08,229 - utils - INFO - Fetching real-time quote data (B股)...
2026-04-15 23:11:08,229 - utils - INFO - Fetching real-time quote data (AH股)...
2026-04-15 23:11:08,230 - utils - INFO - Fetching real-time quote data (科创版)...
2026-04-15 23:11:08,231 - utils - INFO - Fetching real-time quote data (港股)...
2026-04-15 23:11:08,514 - utils - INFO - Success: 财务报表
2026-04-15 23:11:08,732 - utils - INFO - Success: 实时行情_B股 - 79 records
2026-04-15 23:11:10,644 - utils - INFO - Success: 实时行情_科创版 - 607 records
2026-04-15 23:11:12,233 - utils - INFO - Success: 实时行情_AH股 - 200 records
2026-04-15 23:11:28,420 - utils - INFO - Success: 实时行情_沪深京 - 5501 records
2026-04-15 23:11:38,171 - utils - INFO - Success: 实时行情_港股 - 2741 records
2026-04-15 23:11:38,171 - utils - INFO - All quote data fetch completed: 5/5 succeeded
2026-04-15 23:11:38,171 - utils - INFO - ==================================================
2026-04-15 23:11:40,463 - utils - INFO - Success: 资金流向
2026-04-15 23:11:40,463 - utils - INFO - ==================================================
2026-04-15 23:11:40,463 - utils - INFO - Parallel fetch completed: 7 data sources succeeded
2026-04-15 23:11:40,466 - utils - INFO - Saved 财务报表 to E:\Code\Python\0414-Share\AKShare_crawl\data\财务报表\财务报表_2026-04-15_23-11-40.csv
2026-04-15 23:11:40,468 - utils - INFO - Saved 实时行情_B股 to E:\Code\Python\0414-Share\AKShare_crawl\data\实时行情\实时行情_B股_2026-04-15_23-11-40.csv
2026-04-15 23:11:40,474 - utils - INFO - Saved 实时行情_科创版 to E:\Code\Python\0414-Share\AKShare_crawl\data\实时行情\实时行情_科创版_2026-04-15_23-11-40.csv
2026-04-15 23:11:40,475 - utils - INFO - Saved 实时行情_AH股 to E:\Code\Python\0414-Share\AKShare_crawl\data\实时行情\实时行情_AH股_2026-04-15_23-11-40.csv
2026-04-15 23:11:40,500 - utils - INFO - Saved 实时行情_沪深京 to E:\Code\Python\0414-Share\AKShare_crawl\data\实时行情\实时行情_沪深京_2026-04-15_23-11-40.csv
2026-04-15 23:11:40,514 - utils - INFO - Saved 实时行情_港股 to E:\Code\Python\0414-Share\AKShare_crawl\data\实时行情\实时行情_港股_2026-04-15_23-11-40.csv
2026-04-15 23:11:40,525 - utils - INFO - Saved 资金流向 to E:\Code\Python\0414-Share\AKShare_crawl\data\资金流向\资金流向_2026-04-15_23-11-40.csv
2026-04-15 23:11:40,525 - utils - INFO - Task completed: 7 files saved
2026-04-15 23:11:42,479 - utils - INFO - ============================================================
2026-04-15 23:14:35,640 - utils - INFO - Fetching stock history: bj920000 (A股)
2026-04-15 23:14:36,978 - utils - INFO - Fetched 6 records for bj920000 (A股)
2026-04-15 23:14:50,441 - utils - INFO - Fetching stock history: bj920000 (A股)
2026-04-15 23:14:51,012 - utils - INFO - Fetched 58 records for bj920000 (A股)
2026-04-15 23:28:07,722 - utils - INFO - Fetching stock history: bj920000 (A股)
2026-04-15 23:28:09,429 - utils - INFO - Fetched 22 records for bj920000 (A股)
2026-04-15 23:30:43,491 - utils - INFO - Fetching stock history: bj920000 (A股)
2026-04-15 23:30:44,794 - utils - INFO - Fetched 6 records for bj920000 (A股)
2026-04-15 23:36:01,043 - utils - INFO - Fetching stock history: bj920000 (A股)
2026-04-15 23:36:02,634 - utils - INFO - Fetched 6 records for bj920000 (A股)
2026-04-15 23:39:34,980 - utils - INFO - Fetching stock history: bj920000 (A股)
2026-04-15 23:39:36,292 - utils - INFO - Fetched 6 records for bj920000 (A股)
2026-04-16 08:41:19,834 - utils - INFO - Fetching stock history: bj920000 (A股)
2026-04-16 08:41:21,319 - utils - INFO - Fetched 5 records for bj920000 (A股)
2026-04-16 08:44:54,184 - utils - INFO - Fetching stock history: bj920000 (A股)
2026-04-16 08:44:55,386 - utils - INFO - Fetched 5 records for bj920000 (A股)
2026-04-16 08:53:16,448 - utils - INFO - Fetching stock history: bj920000 (A股)
2026-04-16 08:53:17,662 - utils - INFO - Fetched 5 records for bj920000 (A股)
2026-04-16 09:12:12,679 - utils - INFO - Fetching growth comparison for: SHBJ920000
2026-04-16 09:12:12,875 - utils - INFO - Fetched 0 comparison records for SHBJ920000
2026-04-16 09:12:30,009 - utils - INFO - Fetching growth comparison for: SH920000
2026-04-16 09:12:30,195 - utils - INFO - Fetched 0 comparison records for SH920000
2026-04-16 09:13:13,331 - utils - INFO - Fetching growth comparison for: SH平安
2026-04-16 09:13:13,499 - utils - INFO - Fetched 0 comparison records for SH平安
2026-04-16 09:17:09,577 - utils - INFO - Fetching growth comparison for: BJ920000
2026-04-16 09:17:09,690 - utils - INFO - Fetched 8 comparison records for BJ920000
2026-04-16 09:21:27,984 - utils - INFO - Fetching growth comparison for: BJ920000
2026-04-16 09:21:28,119 - utils - INFO - Fetched 8 comparison records for BJ920000
2026-04-16 09:22:04,214 - utils - INFO - Fetching growth comparison for: BJ920000
2026-04-16 09:22:04,330 - utils - INFO - Fetched 8 comparison records for BJ920000
2026-04-16 09:26:13,034 - utils - INFO - ==================================================
2026-04-16 09:26:13,034 - utils - INFO - Starting to fetch all data in parallel...
2026-04-16 09:26:13,034 - utils - INFO - Fetching financial data...
2026-04-16 09:26:13,034 - utils - INFO - ==================================================
2026-04-16 09:26:13,034 - utils - INFO - Starting to fetch all quote data sources in parallel...
2026-04-16 09:26:13,034 - utils - INFO - Fetching fund flow data from Tonghuashun...
2026-04-16 09:26:13,036 - utils - INFO - Fetching real-time quote data (沪深京A股) from Sina Finance...
2026-04-16 09:26:13,038 - utils - INFO - Fetching real-time quote data (B股)...
2026-04-16 09:26:13,038 - utils - INFO - Fetching real-time quote data (AH股)...
2026-04-16 09:26:13,040 - utils - INFO - Fetching real-time quote data (科创版)...
2026-04-16 09:26:13,040 - utils - INFO - Fetching real-time quote data (港股)...
2026-04-16 09:26:13,183 - utils - INFO - Success: 财务报表
2026-04-16 09:26:13,668 - utils - INFO - Success: 实时行情_B股 - 79 records
2026-04-16 09:26:15,719 - utils - INFO - Success: 实时行情_科创版 - 607 records
2026-04-16 09:26:16,165 - utils - INFO - Success: 实时行情_AH股 - 160 records
2026-04-16 09:26:22,949 - utils - INFO - Success: 实时行情_港股 - 2743 records
2026-04-16 09:26:32,708 - utils - INFO - Success: 实时行情_沪深京 - 5504 records
2026-04-16 09:26:32,709 - utils - INFO - All quote data fetch completed: 5/5 succeeded
2026-04-16 09:26:32,709 - utils - INFO - ==================================================
2026-04-16 09:26:32,709 - utils - INFO - Success: 资金流向
2026-04-16 09:26:32,709 - utils - INFO - ==================================================
2026-04-16 09:26:32,709 - utils - INFO - Parallel fetch completed: 7 data sources succeeded
2026-04-16 10:18:59,101 - utils - INFO - ============================================================
2026-04-16 10:18:59,101 - utils - INFO - Scheduler started - will run every 30 minutes
2026-04-16 10:18:59,101 - utils - INFO - Executing scheduled task at 2026-04-16 10:18:59
2026-04-16 10:18:59,101 - utils - INFO - ============================================================
2026-04-16 10:18:59,101 - utils - INFO - Cleaned 0 old files, freed 0.00 KB
2026-04-16 10:18:59,101 - utils - INFO - ==================================================
2026-04-16 10:18:59,101 - utils - INFO - Starting to fetch all data in parallel...
2026-04-16 10:18:59,103 - utils - INFO - Fetching financial data...
2026-04-16 10:18:59,103 - utils - INFO - ==================================================
2026-04-16 10:18:59,103 - utils - INFO - Starting to fetch all quote data sources in parallel...
2026-04-16 10:18:59,103 - utils - INFO - Fetching fund flow data from Tonghuashun...
2026-04-16 10:18:59,104 - utils - INFO - Fetching real-time quote data (沪深京A股) from Sina Finance...
2026-04-16 10:18:59,106 - utils - INFO - Fetching real-time quote data (B股)...
2026-04-16 10:18:59,108 - utils - INFO - Fetching real-time quote data (AH股)...
2026-04-16 10:18:59,108 - utils - INFO - Fetching real-time quote data (科创版)...
2026-04-16 10:18:59,108 - utils - INFO - Fetching real-time quote data (港股)...
2026-04-16 10:18:59,408 - utils - INFO - Success: 财务报表
2026-04-16 10:18:59,617 - utils - INFO - Success: 实时行情_B股 - 79 records
2026-04-16 10:19:02,126 - utils - INFO - Success: 实时行情_科创版 - 607 records
2026-04-16 10:19:03,254 - utils - INFO - Success: 实时行情_AH股 - 200 records
2026-04-16 10:19:12,111 - utils - INFO - Success: 实时行情_港股 - 2743 records
2026-04-16 10:19:22,364 - utils - INFO - Success: 实时行情_沪深京 - 5504 records
2026-04-16 10:19:22,364 - utils - INFO - All quote data fetch completed: 5/5 succeeded
2026-04-16 10:19:22,365 - utils - INFO - ==================================================
2026-04-16 10:19:22,365 - utils - INFO - Success: 资金流向
2026-04-16 10:19:22,365 - utils - INFO - ==================================================
2026-04-16 10:19:22,365 - utils - INFO - Parallel fetch completed: 7 data sources succeeded
2026-04-16 10:19:22,367 - utils - INFO - Saved 财务报表 to E:\Code\Python\0414-Share\AKShare_crawl\data\资金流向\资金流向_2026-04-16_10-19-22.csv
2026-04-16 10:19:22,368 - utils - INFO - Saved 实时行情_B股 to E:\Code\Python\0414-Share\AKShare_crawl\data\实时行情\实时行情_B股_2026-04-16_10-19-22.csv
2026-04-16 10:19:22,374 - utils - INFO - Saved 实时行情_科创版 to E:\Code\Python\0414-Share\AKShare_crawl\data\实时行情\实时行情_科创版_2026-04-16_10-19-22.csv
2026-04-16 10:19:22,375 - utils - INFO - Saved 实时行情_AH股 to E:\Code\Python\0414-Share\AKShare_crawl\data\实时行情\实时行情_AH股_2026-04-16_10-19-22.csv
2026-04-16 10:19:22,386 - utils - INFO - Saved 实时行情_港股 to E:\Code\Python\0414-Share\AKShare_crawl\data\实时行情\实时行情_港股_2026-04-16_10-19-22.csv
2026-04-16 10:19:22,411 - utils - INFO - Saved 实时行情_沪深京 to E:\Code\Python\0414-Share\AKShare_crawl\data\实时行情\实时行情_沪深京_2026-04-16_10-19-22.csv
2026-04-16 10:19:22,421 - utils - INFO - Saved 资金流向 to E:\Code\Python\0414-Share\AKShare_crawl\data\资金流向\资金流向_2026-04-16_10-19-22.csv
2026-04-16 10:19:22,421 - utils - INFO - Task completed: 7 files saved
2026-04-16 10:19:23,700 - utils - INFO - ============================================================
2026-04-16 10:49:23,900 - utils - INFO - ============================================================
2026-04-16 10:49:23,900 - utils - INFO - Executing scheduled task at 2026-04-16 10:49:23
2026-04-16 10:49:23,900 - utils - INFO - ============================================================
2026-04-16 10:49:23,902 - utils - INFO - Cleaned 0 old files, freed 0.00 KB
2026-04-16 10:49:23,902 - utils - INFO - ==================================================
2026-04-16 10:49:23,902 - utils - INFO - Starting to fetch all data in parallel...
2026-04-16 10:49:23,902 - utils - INFO - Fetching financial data...
2026-04-16 10:49:23,904 - utils - INFO - ==================================================
2026-04-16 10:49:23,904 - utils - INFO - Starting to fetch all quote data sources in parallel...
2026-04-16 10:49:23,904 - utils - INFO - Fetching fund flow data from Tonghuashun...
2026-04-16 10:49:23,909 - utils - INFO - Fetching real-time quote data (沪深京A股) from Sina Finance...
2026-04-16 10:49:23,909 - utils - INFO - Fetching real-time quote data (B股)...
2026-04-16 10:49:23,912 - utils - INFO - Fetching real-time quote data (AH股)...
2026-04-16 10:49:23,913 - utils - INFO - Fetching real-time quote data (科创版)...
2026-04-16 10:49:23,915 - utils - INFO - Fetching real-time quote data (港股)...
2026-04-16 10:49:24,047 - utils - INFO - Success: 财务报表
2026-04-16 10:49:24,207 - utils - INFO - Success: 实时行情_B股 - 79 records
2026-04-16 10:49:26,907 - utils - INFO - Success: 实时行情_科创版 - 607 records
2026-04-16 10:49:28,304 - utils - INFO - Success: 实时行情_AH股 - 200 records
2026-04-16 10:49:35,154 - utils - INFO - Success: 实时行情_港股 - 2743 records
2026-04-16 10:49:52,358 - utils - INFO - Success: 实时行情_沪深京 - 5504 records
2026-04-16 10:49:52,360 - utils - INFO - All quote data fetch completed: 5/5 succeeded
2026-04-16 10:49:52,360 - utils - INFO - ==================================================
2026-04-16 10:49:52,360 - utils - INFO - Success: 资金流向
2026-04-16 10:49:52,360 - utils - INFO - ==================================================
2026-04-16 10:49:52,360 - utils - INFO - Parallel fetch completed: 7 data sources succeeded
2026-04-16 10:49:52,364 - utils - INFO - Saved 财务报表 to E:\Code\Python\0414-Share\AKShare_crawl\data\资金流向\资金流向_2026-04-16_10-49-52.csv
2026-04-16 10:49:52,368 - utils - INFO - Saved 实时行情_B股 to E:\Code\Python\0414-Share\AKShare_crawl\data\实时行情\实时行情_B股_2026-04-16_10-49-52.csv
2026-04-16 10:49:52,375 - utils - INFO - Saved 实时行情_科创版 to E:\Code\Python\0414-Share\AKShare_crawl\data\实时行情\实时行情_科创版_2026-04-16_10-49-52.csv
2026-04-16 10:49:52,378 - utils - INFO - Saved 实时行情_AH股 to E:\Code\Python\0414-Share\AKShare_crawl\data\实时行情\实时行情_AH股_2026-04-16_10-49-52.csv
2026-04-16 10:49:52,404 - utils - INFO - Saved 实时行情_港股 to E:\Code\Python\0414-Share\AKShare_crawl\data\实时行情\实时行情_港股_2026-04-16_10-49-52.csv
2026-04-16 10:49:52,466 - utils - INFO - Saved 实时行情_沪深京 to E:\Code\Python\0414-Share\AKShare_crawl\data\实时行情\实时行情_沪深京_2026-04-16_10-49-52.csv
2026-04-16 10:49:52,489 - utils - INFO - Saved 资金流向 to E:\Code\Python\0414-Share\AKShare_crawl\data\资金流向\资金流向_2026-04-16_10-49-52.csv
2026-04-16 10:49:52,489 - utils - INFO - Task completed: 7 files saved
2026-04-16 10:49:57,376 - utils - INFO - ============================================================
2026-04-16 11:19:57,594 - utils - INFO - ============================================================
2026-04-16 11:19:57,594 - utils - INFO - Executing scheduled task at 2026-04-16 11:19:57
2026-04-16 11:19:57,595 - utils - INFO - ============================================================
2026-04-16 11:19:57,595 - utils - INFO - Cleaned 0 old files, freed 0.00 KB
2026-04-16 11:19:57,595 - utils - INFO - ==================================================
2026-04-16 11:19:57,595 - utils - INFO - Starting to fetch all data in parallel...
2026-04-16 11:19:57,597 - utils - INFO - Fetching financial data...
2026-04-16 11:19:57,597 - utils - INFO - ==================================================
2026-04-16 11:19:57,597 - utils - INFO - Starting to fetch all quote data sources in parallel...
2026-04-16 11:19:57,598 - utils - INFO - Fetching fund flow data from Tonghuashun...
2026-04-16 11:19:57,600 - utils - INFO - Fetching real-time quote data (沪深京A股) from Sina Finance...
2026-04-16 11:19:57,601 - utils - INFO - Fetching real-time quote data (B股)...
2026-04-16 11:19:57,604 - utils - INFO - Fetching real-time quote data (AH股)...
2026-04-16 11:19:57,606 - utils - INFO - Fetching real-time quote data (科创版)...
2026-04-16 11:19:57,607 - utils - INFO - Fetching real-time quote data (港股)...
2026-04-16 11:19:57,730 - utils - INFO - Success: 财务报表
2026-04-16 11:19:57,888 - utils - INFO - Success: 实时行情_B股 - 79 records
2026-04-16 11:20:00,768 - utils - INFO - Success: 实时行情_科创版 - 607 records
2026-04-16 11:20:02,004 - utils - INFO - Success: 实时行情_AH股 - 200 records
2026-04-16 11:20:08,489 - utils - ERROR - Failed to fetch quote data (沪深京A股): Can not decode value starting with character '<'
2026-04-16 11:20:08,489 - utils - WARNING - Function fetch_quote_zh_a_spot attempt 1 failed: Can not decode value starting with character '<', retrying in 5s...
2026-04-16 11:20:08,710 - utils - INFO - Success: 实时行情_港股 - 2743 records
2026-04-16 11:20:13,489 - utils - INFO - Fetching real-time quote data (沪深京A股) from Sina Finance...
2026-04-16 11:20:40,628 - utils - INFO - Success: 实时行情_沪深京 - 5504 records
2026-04-16 11:20:40,628 - utils - INFO - All quote data fetch completed: 5/5 succeeded
2026-04-16 11:20:40,628 - utils - INFO - ==================================================
2026-04-16 11:20:40,630 - utils - INFO - Success: 资金流向
2026-04-16 11:20:40,630 - utils - INFO - ==================================================
2026-04-16 11:20:40,630 - utils - INFO - Parallel fetch completed: 7 data sources succeeded
2026-04-16 11:20:40,636 - utils - INFO - Saved 财务报表 to E:\Code\Python\0414-Share\AKShare_crawl\data\资金流向\资金流向_2026-04-16_11-20-40.csv
2026-04-16 11:20:40,639 - utils - INFO - Saved 实时行情_B股 to E:\Code\Python\0414-Share\AKShare_crawl\data\实时行情\实时行情_B股_2026-04-16_11-20-40.csv
2026-04-16 11:20:40,646 - utils - INFO - Saved 实时行情_科创版 to E:\Code\Python\0414-Share\AKShare_crawl\data\实时行情\实时行情_科创版_2026-04-16_11-20-40.csv
2026-04-16 11:20:40,649 - utils - INFO - Saved 实时行情_AH股 to E:\Code\Python\0414-Share\AKShare_crawl\data\实时行情\实时行情_AH股_2026-04-16_11-20-40.csv
2026-04-16 11:20:40,694 - utils - INFO - Saved 实时行情_港股 to E:\Code\Python\0414-Share\AKShare_crawl\data\实时行情\实时行情_港股_2026-04-16_11-20-40.csv
2026-04-16 11:20:40,740 - utils - INFO - Saved 实时行情_沪深京 to E:\Code\Python\0414-Share\AKShare_crawl\data\实时行情\实时行情_沪深京_2026-04-16_11-20-40.csv
2026-04-16 11:20:40,758 - utils - INFO - Saved 资金流向 to E:\Code\Python\0414-Share\AKShare_crawl\data\资金流向\资金流向_2026-04-16_11-20-40.csv
2026-04-16 11:20:40,758 - utils - INFO - Task completed: 7 files saved
2026-04-16 11:20:44,765 - utils - INFO - ============================================================
2026-04-16 11:50:44,976 - utils - INFO - ============================================================
2026-04-16 11:50:44,977 - utils - INFO - Executing scheduled task at 2026-04-16 11:50:44
2026-04-16 11:50:44,977 - utils - INFO - ============================================================
2026-04-16 11:50:44,979 - utils - INFO - Cleaned 0 old files, freed 0.00 KB
2026-04-16 11:50:44,979 - utils - INFO - ==================================================
2026-04-16 11:50:44,979 - utils - INFO - Starting to fetch all data in parallel...
2026-04-16 11:50:44,979 - utils - INFO - Fetching financial data...
2026-04-16 11:50:44,980 - utils - INFO - ==================================================
2026-04-16 11:50:44,980 - utils - INFO - Starting to fetch all quote data sources in parallel...
2026-04-16 11:50:44,982 - utils - INFO - Fetching fund flow data from Tonghuashun...
2026-04-16 11:50:44,984 - utils - INFO - Fetching real-time quote data (沪深京A股) from Sina Finance...
2026-04-16 11:50:44,986 - utils - INFO - Fetching real-time quote data (B股)...
2026-04-16 11:50:44,987 - utils - INFO - Fetching real-time quote data (AH股)...
2026-04-16 11:50:44,990 - utils - INFO - Fetching real-time quote data (科创版)...
2026-04-16 11:50:44,991 - utils - INFO - Fetching real-time quote data (港股)...
2026-04-16 11:50:45,226 - utils - INFO - Success: 实时行情_B股 - 79 records
2026-04-16 11:50:45,459 - utils - INFO - Success: 财务报表
2026-04-16 11:50:47,884 - utils - INFO - Success: 实时行情_科创版 - 607 records
2026-04-16 11:50:49,417 - utils - INFO - Success: 实时行情_AH股 - 200 records
2026-04-16 11:50:55,778 - utils - INFO - Success: 实时行情_港股 - 2743 records
2026-04-16 11:51:11,744 - utils - INFO - Success: 实时行情_沪深京 - 5504 records
2026-04-16 11:51:11,744 - utils - INFO - All quote data fetch completed: 5/5 succeeded
2026-04-16 11:51:11,744 - utils - INFO - ==================================================
2026-04-16 11:51:11,744 - utils - INFO - Success: 资金流向
2026-04-16 11:51:11,746 - utils - INFO - ==================================================
2026-04-16 11:51:11,746 - utils - INFO - Parallel fetch completed: 7 data sources succeeded
2026-04-16 11:51:11,751 - utils - INFO - Saved 财务报表 to E:\Code\Python\0414-Share\AKShare_crawl\data\资金流向\资金流向_2026-04-16_11-51-11.csv
2026-04-16 11:51:11,754 - utils - INFO - Saved 实时行情_B股 to E:\Code\Python\0414-Share\AKShare_crawl\data\实时行情\实时行情_B股_2026-04-16_11-51-11.csv
2026-04-16 11:51:11,761 - utils - INFO - Saved 实时行情_科创版 to E:\Code\Python\0414-Share\AKShare_crawl\data\实时行情\实时行情_科创版_2026-04-16_11-51-11.csv
2026-04-16 11:51:11,764 - utils - INFO - Saved 实时行情_AH股 to E:\Code\Python\0414-Share\AKShare_crawl\data\实时行情\实时行情_AH股_2026-04-16_11-51-11.csv
2026-04-16 11:51:11,778 - utils - INFO - Saved 实时行情_港股 to E:\Code\Python\0414-Share\AKShare_crawl\data\实时行情\实时行情_港股_2026-04-16_11-51-11.csv
2026-04-16 11:51:11,820 - utils - INFO - Saved 实时行情_沪深京 to E:\Code\Python\0414-Share\AKShare_crawl\data\实时行情\实时行情_沪深京_2026-04-16_11-51-11.csv
2026-04-16 11:51:11,839 - utils - INFO - Saved 资金流向 to E:\Code\Python\0414-Share\AKShare_crawl\data\资金流向\资金流向_2026-04-16_11-51-11.csv
2026-04-16 11:51:11,839 - utils - INFO - Task completed: 7 files saved
2026-04-16 11:51:16,084 - utils - INFO - ============================================================
2026-04-16 12:21:16,295 - utils - INFO - ============================================================
2026-04-16 12:21:16,295 - utils - INFO - Executing scheduled task at 2026-04-16 12:21:16
2026-04-16 12:21:16,295 - utils - INFO - ============================================================
2026-04-16 12:21:16,296 - utils - INFO - Cleaned 0 old files, freed 0.00 KB
2026-04-16 12:21:16,296 - utils - INFO - ==================================================
2026-04-16 12:21:16,296 - utils - INFO - Starting to fetch all data in parallel...
2026-04-16 12:21:16,296 - utils - INFO - Fetching financial data...
2026-04-16 12:21:16,298 - utils - INFO - ==================================================
2026-04-16 12:21:16,298 - utils - INFO - Starting to fetch all quote data sources in parallel...
2026-04-16 12:21:16,298 - utils - INFO - Fetching fund flow data from Tonghuashun...
2026-04-16 12:21:16,298 - utils - INFO - Fetching real-time quote data (沪深京A股) from Sina Finance...
2026-04-16 12:21:16,299 - utils - INFO - Fetching real-time quote data (B股)...
2026-04-16 12:21:16,301 - utils - INFO - Fetching real-time quote data (AH股)...
2026-04-16 12:21:16,303 - utils - INFO - Fetching real-time quote data (科创版)...
2026-04-16 12:21:16,306 - utils - INFO - Fetching real-time quote data (港股)...
2026-04-16 12:21:16,680 - utils - INFO - Success: 实时行情_B股 - 79 records
2026-04-16 12:21:16,807 - utils - INFO - Success: 财务报表
2026-04-16 12:21:19,121 - utils - INFO - Success: 实时行情_科创版 - 607 records
2026-04-16 12:21:20,247 - utils - INFO - Success: 实时行情_AH股 - 200 records
2026-04-16 12:21:28,164 - utils - INFO - Success: 实时行情_港股 - 2743 records
2026-04-16 12:21:44,444 - utils - INFO - Success: 实时行情_沪深京 - 5504 records
2026-04-16 12:21:44,444 - utils - INFO - All quote data fetch completed: 5/5 succeeded
2026-04-16 12:21:44,444 - utils - INFO - ==================================================
2026-04-16 12:21:44,444 - utils - INFO - Success: 资金流向
2026-04-16 12:21:44,444 - utils - INFO - ==================================================
2026-04-16 12:21:44,444 - utils - INFO - Parallel fetch completed: 7 data sources succeeded
2026-04-16 12:21:44,449 - utils - INFO - Saved 财务报表 to E:\Code\Python\0414-Share\AKShare_crawl\data\资金流向\资金流向_2026-04-16_12-21-44.csv
2026-04-16 12:21:44,450 - utils - INFO - Saved 实时行情_B股 to E:\Code\Python\0414-Share\AKShare_crawl\data\实时行情\实时行情_B股_2026-04-16_12-21-44.csv
2026-04-16 12:21:44,459 - utils - INFO - Saved 实时行情_科创版 to E:\Code\Python\0414-Share\AKShare_crawl\data\实时行情\实时行情_科创版_2026-04-16_12-21-44.csv
2026-04-16 12:21:44,462 - utils - INFO - Saved 实时行情_AH股 to E:\Code\Python\0414-Share\AKShare_crawl\data\实时行情\实时行情_AH股_2026-04-16_12-21-44.csv
2026-04-16 12:21:44,485 - utils - INFO - Saved 实时行情_港股 to E:\Code\Python\0414-Share\AKShare_crawl\data\实时行情\实时行情_港股_2026-04-16_12-21-44.csv
2026-04-16 12:21:44,530 - utils - INFO - Saved 实时行情_沪深京 to E:\Code\Python\0414-Share\AKShare_crawl\data\实时行情\实时行情_沪深京_2026-04-16_12-21-44.csv
2026-04-16 12:21:44,550 - utils - INFO - Saved 资金流向 to E:\Code\Python\0414-Share\AKShare_crawl\data\资金流向\资金流向_2026-04-16_12-21-44.csv
2026-04-16 12:21:44,550 - utils - INFO - Task completed: 7 files saved
2026-04-16 12:21:48,582 - utils - INFO - ============================================================
2026-04-16 12:51:48,812 - utils - INFO - ============================================================
2026-04-16 12:51:48,812 - utils - INFO - Executing scheduled task at 2026-04-16 12:51:48
2026-04-16 12:51:48,812 - utils - INFO - ============================================================
2026-04-16 12:51:48,814 - utils - INFO - Cleaned 0 old files, freed 0.00 KB
2026-04-16 12:51:48,814 - utils - INFO - ==================================================
2026-04-16 12:51:48,814 - utils - INFO - Starting to fetch all data in parallel...
2026-04-16 12:51:48,814 - utils - INFO - Fetching financial data...
2026-04-16 12:51:48,814 - utils - INFO - ==================================================
2026-04-16 12:51:48,815 - utils - INFO - Starting to fetch all quote data sources in parallel...
2026-04-16 12:51:48,816 - utils - INFO - Fetching fund flow data from Tonghuashun...
2026-04-16 12:51:48,818 - utils - INFO - Fetching real-time quote data (沪深京A股) from Sina Finance...
2026-04-16 12:51:48,820 - utils - INFO - Fetching real-time quote data (B股)...
2026-04-16 12:51:48,822 - utils - INFO - Fetching real-time quote data (AH股)...
2026-04-16 12:51:48,824 - utils - INFO - Fetching real-time quote data (科创版)...
2026-04-16 12:51:48,824 - utils - INFO - Fetching real-time quote data (港股)...
2026-04-16 12:51:49,091 - utils - INFO - Success: 实时行情_B股 - 79 records
2026-04-16 12:51:49,091 - utils - INFO - Success: 财务报表
2026-04-16 12:51:51,567 - utils - INFO - Success: 实时行情_科创版 - 607 records
2026-04-16 12:51:52,900 - utils - INFO - Success: 实时行情_AH股 - 200 records
2026-04-16 12:51:59,494 - utils - INFO - Success: 实时行情_港股 - 2743 records
2026-04-16 12:52:14,479 - utils - INFO - Success: 实时行情_沪深京 - 5504 records
2026-04-16 12:52:14,479 - utils - INFO - All quote data fetch completed: 5/5 succeeded
2026-04-16 12:52:14,479 - utils - INFO - ==================================================
2026-04-16 12:52:14,481 - utils - INFO - Success: 资金流向
2026-04-16 12:52:14,481 - utils - INFO - ==================================================
2026-04-16 12:52:14,481 - utils - INFO - Parallel fetch completed: 7 data sources succeeded
2026-04-16 12:52:14,485 - utils - INFO - Saved 财务报表 to E:\Code\Python\0414-Share\AKShare_crawl\data\资金流向\资金流向_2026-04-16_12-52-14.csv
2026-04-16 12:52:14,488 - utils - INFO - Saved 实时行情_B股 to E:\Code\Python\0414-Share\AKShare_crawl\data\实时行情\实时行情_B股_2026-04-16_12-52-14.csv
2026-04-16 12:52:14,495 - utils - INFO - Saved 实时行情_科创版 to E:\Code\Python\0414-Share\AKShare_crawl\data\实时行情\实时行情_科创版_2026-04-16_12-52-14.csv
2026-04-16 12:52:14,498 - utils - INFO - Saved 实时行情_AH股 to E:\Code\Python\0414-Share\AKShare_crawl\data\实时行情\实时行情_AH股_2026-04-16_12-52-14.csv
2026-04-16 12:52:14,520 - utils - INFO - Saved 实时行情_港股 to E:\Code\Python\0414-Share\AKShare_crawl\data\实时行情\实时行情_港股_2026-04-16_12-52-14.csv
2026-04-16 12:52:14,562 - utils - INFO - Saved 实时行情_沪深京 to E:\Code\Python\0414-Share\AKShare_crawl\data\实时行情\实时行情_沪深京_2026-04-16_12-52-14.csv
2026-04-16 12:52:14,574 - utils - INFO - Saved 资金流向 to E:\Code\Python\0414-Share\AKShare_crawl\data\资金流向\资金流向_2026-04-16_12-52-14.csv
2026-04-16 12:52:14,574 - utils - INFO - Task completed: 7 files saved
2026-04-16 12:52:18,742 - utils - INFO - ============================================================
2026-04-16 13:22:18,963 - utils - INFO - ============================================================
2026-04-16 13:22:18,966 - utils - INFO - Executing scheduled task at 2026-04-16 13:22:18
2026-04-16 13:22:18,966 - utils - INFO - ============================================================
2026-04-16 13:22:18,968 - utils - INFO - Cleaned 0 old files, freed 0.00 KB
2026-04-16 13:22:18,968 - utils - INFO - ==================================================
2026-04-16 13:22:18,968 - utils - INFO - Starting to fetch all data in parallel...
2026-04-16 13:22:18,968 - utils - INFO - Fetching financial data...
2026-04-16 13:22:18,971 - utils - INFO - ==================================================
2026-04-16 13:22:18,971 - utils - INFO - Starting to fetch all quote data sources in parallel...
2026-04-16 13:22:18,972 - utils - INFO - Fetching fund flow data from Tonghuashun...
2026-04-16 13:22:18,972 - utils - INFO - Fetching real-time quote data (沪深京A股) from Sina Finance...
2026-04-16 13:22:18,974 - utils - INFO - Fetching real-time quote data (B股)...
2026-04-16 13:22:18,975 - utils - INFO - Fetching real-time quote data (AH股)...
2026-04-16 13:22:18,977 - utils - INFO - Fetching real-time quote data (科创版)...
2026-04-16 13:22:18,979 - utils - INFO - Fetching real-time quote data (港股)...
2026-04-16 13:22:19,241 - utils - INFO - Success: 财务报表
2026-04-16 13:22:19,259 - utils - INFO - Success: 实时行情_B股 - 79 records
2026-04-16 13:22:22,099 - utils - INFO - Success: 实时行情_科创版 - 607 records
2026-04-16 13:22:23,547 - utils - INFO - Success: 实时行情_AH股 - 200 records
2026-04-16 13:22:29,984 - utils - INFO - Success: 实时行情_港股 - 2743 records
2026-04-16 13:22:38,220 - utils - INFO - Success: 实时行情_沪深京 - 5504 records
2026-04-16 13:22:38,220 - utils - INFO - All quote data fetch completed: 5/5 succeeded
2026-04-16 13:22:38,220 - utils - INFO - ==================================================
2026-04-16 13:22:39,442 - utils - INFO - Success: 资金流向
2026-04-16 13:22:39,442 - utils - INFO - ==================================================
2026-04-16 13:22:39,442 - utils - INFO - Parallel fetch completed: 7 data sources succeeded
2026-04-16 13:22:39,447 - utils - INFO - Saved 财务报表 to E:\Code\Python\0414-Share\AKShare_crawl\data\资金流向\资金流向_2026-04-16_13-22-39.csv
2026-04-16 13:22:39,448 - utils - INFO - Saved 实时行情_B股 to E:\Code\Python\0414-Share\AKShare_crawl\data\实时行情\实时行情_B股_2026-04-16_13-22-39.csv
2026-04-16 13:22:39,457 - utils - INFO - Saved 实时行情_科创版 to E:\Code\Python\0414-Share\AKShare_crawl\data\实时行情\实时行情_科创版_2026-04-16_13-22-39.csv
2026-04-16 13:22:39,462 - utils - INFO - Saved 实时行情_AH股 to E:\Code\Python\0414-Share\AKShare_crawl\data\实时行情\实时行情_AH股_2026-04-16_13-22-39.csv
2026-04-16 13:22:39,484 - utils - INFO - Saved 实时行情_港股 to E:\Code\Python\0414-Share\AKShare_crawl\data\实时行情\实时行情_港股_2026-04-16_13-22-39.csv
2026-04-16 13:22:39,529 - utils - INFO - Saved 实时行情_沪深京 to E:\Code\Python\0414-Share\AKShare_crawl\data\实时行情\实时行情_沪深京_2026-04-16_13-22-39.csv
2026-04-16 13:22:39,550 - utils - INFO - Saved 资金流向 to E:\Code\Python\0414-Share\AKShare_crawl\data\资金流向\资金流向_2026-04-16_13-22-39.csv
2026-04-16 13:22:39,550 - utils - INFO - Task completed: 7 files saved
2026-04-16 13:22:44,210 - utils - INFO - ============================================================
2026-04-16 13:52:44,479 - utils - INFO - ============================================================
2026-04-16 13:52:44,479 - utils - INFO - Executing scheduled task at 2026-04-16 13:52:44
2026-04-16 13:52:44,479 - utils - INFO - ============================================================
2026-04-16 13:52:44,482 - utils - INFO - Cleaned 0 old files, freed 0.00 KB
2026-04-16 13:52:44,482 - utils - INFO - ==================================================
2026-04-16 13:52:44,482 - utils - INFO - Starting to fetch all data in parallel...
2026-04-16 13:52:44,482 - utils - INFO - Fetching financial data...
2026-04-16 13:52:44,484 - utils - INFO - ==================================================
2026-04-16 13:52:44,484 - utils - INFO - Starting to fetch all quote data sources in parallel...
2026-04-16 13:52:44,485 - utils - INFO - Fetching fund flow data from Tonghuashun...
2026-04-16 13:52:44,486 - utils - INFO - Fetching real-time quote data (沪深京A股) from Sina Finance...
2026-04-16 13:52:44,486 - utils - INFO - Fetching real-time quote data (B股)...
2026-04-16 13:52:44,488 - utils - INFO - Fetching real-time quote data (AH股)...
2026-04-16 13:52:44,490 - utils - INFO - Fetching real-time quote data (科创版)...
2026-04-16 13:52:44,491 - utils - INFO - Fetching real-time quote data (港股)...
2026-04-16 13:52:44,630 - utils - INFO - Success: 财务报表
2026-04-16 13:52:44,755 - utils - INFO - Success: 实时行情_B股 - 79 records
2026-04-16 13:52:48,106 - utils - INFO - Success: 实时行情_科创版 - 607 records
2026-04-16 13:52:48,800 - utils - INFO - Success: 实时行情_AH股 - 200 records
2026-04-16 13:52:55,304 - utils - INFO - Success: 实时行情_港股 - 2743 records
2026-04-16 13:53:09,535 - utils - INFO - Success: 实时行情_沪深京 - 5504 records
2026-04-16 13:53:09,535 - utils - INFO - All quote data fetch completed: 5/5 succeeded
2026-04-16 13:53:09,535 - utils - INFO - ==================================================
2026-04-16 13:53:09,535 - utils - INFO - Success: 资金流向
2026-04-16 13:53:09,535 - utils - INFO - ==================================================
2026-04-16 13:53:09,537 - utils - INFO - Parallel fetch completed: 7 data sources succeeded
2026-04-16 13:53:09,540 - utils - INFO - Saved 财务报表 to E:\Code\Python\0414-Share\AKShare_crawl\data\资金流向\资金流向_2026-04-16_13-53-09.csv
2026-04-16 13:53:09,542 - utils - INFO - Saved 实时行情_B股 to E:\Code\Python\0414-Share\AKShare_crawl\data\实时行情\实时行情_B股_2026-04-16_13-53-09.csv
2026-04-16 13:53:09,553 - utils - INFO - Saved 实时行情_科创版 to E:\Code\Python\0414-Share\AKShare_crawl\data\实时行情\实时行情_科创版_2026-04-16_13-53-09.csv
2026-04-16 13:53:09,556 - utils - INFO - Saved 实时行情_AH股 to E:\Code\Python\0414-Share\AKShare_crawl\data\实时行情\实时行情_AH股_2026-04-16_13-53-09.csv
2026-04-16 13:53:09,578 - utils - INFO - Saved 实时行情_港股 to E:\Code\Python\0414-Share\AKShare_crawl\data\实时行情\实时行情_港股_2026-04-16_13-53-09.csv
2026-04-16 13:53:09,602 - utils - INFO - Saved 实时行情_沪深京 to E:\Code\Python\0414-Share\AKShare_crawl\data\实时行情\实时行情_沪深京_2026-04-16_13-53-09.csv
2026-04-16 13:53:09,618 - utils - INFO - Saved 资金流向 to E:\Code\Python\0414-Share\AKShare_crawl\data\资金流向\资金流向_2026-04-16_13-53-09.csv
2026-04-16 13:53:09,618 - utils - INFO - Task completed: 7 files saved
2026-04-16 13:53:13,904 - utils - INFO - ============================================================
2026-04-16 14:23:14,140 - utils - INFO - ============================================================
2026-04-16 14:23:14,140 - utils - INFO - Executing scheduled task at 2026-04-16 14:23:14
2026-04-16 14:23:14,140 - utils - INFO - ============================================================
2026-04-16 14:23:14,142 - utils - INFO - Cleaned 0 old files, freed 0.00 KB
2026-04-16 14:23:14,142 - utils - INFO - ==================================================
2026-04-16 14:23:14,142 - utils - INFO - Starting to fetch all data in parallel...
2026-04-16 14:23:14,142 - utils - INFO - Fetching financial data...
2026-04-16 14:23:14,142 - utils - INFO - ==================================================
2026-04-16 14:23:14,143 - utils - INFO - Starting to fetch all quote data sources in parallel...
2026-04-16 14:23:14,143 - utils - INFO - Fetching fund flow data from Tonghuashun...
2026-04-16 14:23:14,144 - utils - INFO - Fetching real-time quote data (沪深京A股) from Sina Finance...
2026-04-16 14:23:14,147 - utils - INFO - Fetching real-time quote data (B股)...
2026-04-16 14:23:14,149 - utils - INFO - Fetching real-time quote data (AH股)...
2026-04-16 14:23:14,149 - utils - INFO - Fetching real-time quote data (科创版)...
2026-04-16 14:23:14,151 - utils - INFO - Fetching real-time quote data (港股)...
2026-04-16 14:23:14,395 - utils - INFO - Success: 财务报表
2026-04-16 14:23:14,433 - utils - INFO - Success: 实时行情_B股 - 79 records
2026-04-16 14:23:18,185 - utils - INFO - Success: 实时行情_科创版 - 607 records
2026-04-16 14:23:18,506 - utils - INFO - Success: 实时行情_AH股 - 200 records
2026-04-16 14:23:26,534 - utils - INFO - Success: 实时行情_港股 - 2743 records
2026-04-16 14:23:33,731 - utils - INFO - Success: 实时行情_沪深京 - 5504 records
2026-04-16 14:23:33,731 - utils - INFO - All quote data fetch completed: 5/5 succeeded
2026-04-16 14:23:33,731 - utils - INFO - ==================================================
2026-04-16 14:23:34,339 - utils - INFO - Success: 资金流向
2026-04-16 14:23:34,339 - utils - INFO - ==================================================
2026-04-16 14:23:34,339 - utils - INFO - Parallel fetch completed: 7 data sources succeeded
2026-04-16 14:23:34,344 - utils - INFO - Saved 财务报表 to E:\Code\Python\0414-Share\AKShare_crawl\data\资金流向\资金流向_2026-04-16_14-23-34.csv
2026-04-16 14:23:34,346 - utils - INFO - Saved 实时行情_B股 to E:\Code\Python\0414-Share\AKShare_crawl\data\实时行情\实时行情_B股_2026-04-16_14-23-34.csv
2026-04-16 14:23:34,354 - utils - INFO - Saved 实时行情_科创版 to E:\Code\Python\0414-Share\AKShare_crawl\data\实时行情\实时行情_科创版_2026-04-16_14-23-34.csv
2026-04-16 14:23:34,356 - utils - INFO - Saved 实时行情_AH股 to E:\Code\Python\0414-Share\AKShare_crawl\data\实时行情\实时行情_AH股_2026-04-16_14-23-34.csv
2026-04-16 14:23:34,381 - utils - INFO - Saved 实时行情_港股 to E:\Code\Python\0414-Share\AKShare_crawl\data\实时行情\实时行情_港股_2026-04-16_14-23-34.csv
2026-04-16 14:23:34,434 - utils - INFO - Saved 实时行情_沪深京 to E:\Code\Python\0414-Share\AKShare_crawl\data\实时行情\实时行情_沪深京_2026-04-16_14-23-34.csv
2026-04-16 14:23:34,454 - utils - INFO - Saved 资金流向 to E:\Code\Python\0414-Share\AKShare_crawl\data\资金流向\资金流向_2026-04-16_14-23-34.csv
2026-04-16 14:23:34,454 - utils - INFO - Task completed: 7 files saved
2026-04-16 14:23:38,269 - utils - INFO - ============================================================
2026-04-16 14:53:38,494 - utils - INFO - ============================================================
2026-04-16 14:53:38,494 - utils - INFO - Executing scheduled task at 2026-04-16 14:53:38
2026-04-16 14:53:38,494 - utils - INFO - ============================================================
2026-04-16 14:53:38,495 - utils - INFO - Cleaned 0 old files, freed 0.00 KB
2026-04-16 14:53:38,495 - utils - INFO - ==================================================
2026-04-16 14:53:38,497 - utils - INFO - Starting to fetch all data in parallel...
2026-04-16 14:53:38,497 - utils - INFO - Fetching financial data...
2026-04-16 14:53:38,497 - utils - INFO - ==================================================
2026-04-16 14:53:38,498 - utils - INFO - Starting to fetch all quote data sources in parallel...
2026-04-16 14:53:38,498 - utils - INFO - Fetching fund flow data from Tonghuashun...
2026-04-16 14:53:38,500 - utils - INFO - Fetching real-time quote data (沪深京A股) from Sina Finance...
2026-04-16 14:53:38,502 - utils - INFO - Fetching real-time quote data (B股)...
2026-04-16 14:53:38,502 - utils - INFO - Fetching real-time quote data (AH股)...
2026-04-16 14:53:38,504 - utils - INFO - Fetching real-time quote data (科创版)...
2026-04-16 14:53:38,508 - utils - INFO - Fetching real-time quote data (港股)...
2026-04-16 14:53:38,650 - utils - INFO - Success: 财务报表
2026-04-16 14:53:38,853 - utils - INFO - Success: 实时行情_B股 - 79 records
2026-04-16 14:53:41,897 - utils - INFO - Success: 实时行情_科创版 - 607 records
2026-04-16 14:53:42,949 - utils - INFO - Success: 实时行情_AH股 - 200 records
2026-04-16 14:53:48,894 - utils - INFO - Success: 实时行情_港股 - 2743 records
2026-04-16 14:54:07,841 - utils - INFO - Success: 实时行情_沪深京 - 5504 records
2026-04-16 14:54:07,842 - utils - INFO - All quote data fetch completed: 5/5 succeeded
2026-04-16 14:54:07,842 - utils - INFO - ==================================================
2026-04-16 14:54:07,842 - utils - INFO - Success: 资金流向
2026-04-16 14:54:07,844 - utils - INFO - ==================================================
2026-04-16 14:54:07,844 - utils - INFO - Parallel fetch completed: 7 data sources succeeded
2026-04-16 14:54:07,847 - utils - INFO - Saved 财务报表 to E:\Code\Python\0414-Share\AKShare_crawl\data\资金流向\资金流向_2026-04-16_14-54-07.csv
2026-04-16 14:54:07,850 - utils - INFO - Saved 实时行情_B股 to E:\Code\Python\0414-Share\AKShare_crawl\data\实时行情\实时行情_B股_2026-04-16_14-54-07.csv
2026-04-16 14:54:07,856 - utils - INFO - Saved 实时行情_科创版 to E:\Code\Python\0414-Share\AKShare_crawl\data\实时行情\实时行情_科创版_2026-04-16_14-54-07.csv
2026-04-16 14:54:07,859 - utils - INFO - Saved 实时行情_AH股 to E:\Code\Python\0414-Share\AKShare_crawl\data\实时行情\实时行情_AH股_2026-04-16_14-54-07.csv
2026-04-16 14:54:07,881 - utils - INFO - Saved 实时行情_港股 to E:\Code\Python\0414-Share\AKShare_crawl\data\实时行情\实时行情_港股_2026-04-16_14-54-07.csv
2026-04-16 14:54:07,927 - utils - INFO - Saved 实时行情_沪深京 to E:\Code\Python\0414-Share\AKShare_crawl\data\实时行情\实时行情_沪深京_2026-04-16_14-54-07.csv
2026-04-16 14:54:07,946 - utils - INFO - Saved 资金流向 to E:\Code\Python\0414-Share\AKShare_crawl\data\资金流向\资金流向_2026-04-16_14-54-07.csv
2026-04-16 14:54:07,948 - utils - INFO - Task completed: 7 files saved
2026-04-16 14:54:12,517 - utils - INFO - ============================================================
2026-04-16 15:24:12,730 - utils - INFO - ============================================================
2026-04-16 15:24:12,730 - utils - INFO - Executing scheduled task at 2026-04-16 15:24:12
2026-04-16 15:24:12,730 - utils - INFO - ============================================================
2026-04-16 15:24:12,733 - utils - INFO - Cleaned 0 old files, freed 0.00 KB
2026-04-16 15:24:12,733 - utils - INFO - ==================================================
2026-04-16 15:24:12,733 - utils - INFO - Starting to fetch all data in parallel...
2026-04-16 15:24:12,734 - utils - INFO - Fetching financial data...
2026-04-16 15:24:12,734 - utils - INFO - ==================================================
2026-04-16 15:24:12,734 - utils - INFO - Starting to fetch all quote data sources in parallel...
2026-04-16 15:24:12,736 - utils - INFO - Fetching fund flow data from Tonghuashun...
2026-04-16 15:24:12,736 - utils - INFO - Fetching real-time quote data (沪深京A股) from Sina Finance...
2026-04-16 15:24:12,737 - utils - INFO - Fetching real-time quote data (B股)...
2026-04-16 15:24:12,740 - utils - INFO - Fetching real-time quote data (AH股)...
2026-04-16 15:24:12,741 - utils - INFO - Fetching real-time quote data (科创版)...
2026-04-16 15:24:12,742 - utils - INFO - Fetching real-time quote data (港股)...
2026-04-16 15:24:12,862 - utils - INFO - Success: 财务报表
2026-04-16 15:24:13,011 - utils - INFO - Success: 实时行情_B股 - 79 records
2026-04-16 15:24:15,863 - utils - INFO - Success: 实时行情_科创版 - 607 records
2026-04-16 15:24:17,100 - utils - INFO - Success: 实时行情_AH股 - 200 records
2026-04-16 15:24:25,143 - utils - INFO - Success: 实时行情_港股 - 2743 records
2026-04-16 15:24:32,489 - utils - INFO - Success: 实时行情_沪深京 - 5504 records
2026-04-16 15:24:32,489 - utils - INFO - All quote data fetch completed: 5/5 succeeded
2026-04-16 15:24:32,489 - utils - INFO - ==================================================
2026-04-16 15:24:36,843 - utils - INFO - Success: 资金流向
2026-04-16 15:24:36,843 - utils - INFO - ==================================================
2026-04-16 15:24:36,843 - utils - INFO - Parallel fetch completed: 7 data sources succeeded
2026-04-16 15:24:36,844 - utils - INFO - Saved 财务报表 to E:\Code\Python\0414-Share\AKShare_crawl\data\资金流向\资金流向_2026-04-16_15-24-36.csv
2026-04-16 15:24:36,846 - utils - INFO - Saved 实时行情_B股 to E:\Code\Python\0414-Share\AKShare_crawl\data\实时行情\实时行情_B股_2026-04-16_15-24-36.csv
2026-04-16 15:24:36,850 - utils - INFO - Saved 实时行情_科创版 to E:\Code\Python\0414-Share\AKShare_crawl\data\实时行情\实时行情_科创版_2026-04-16_15-24-36.csv
2026-04-16 15:24:36,852 - utils - INFO - Saved 实时行情_AH股 to E:\Code\Python\0414-Share\AKShare_crawl\data\实时行情\实时行情_AH股_2026-04-16_15-24-36.csv
2026-04-16 15:24:36,868 - utils - INFO - Saved 实时行情_港股 to E:\Code\Python\0414-Share\AKShare_crawl\data\实时行情\实时行情_港股_2026-04-16_15-24-36.csv
2026-04-16 15:24:36,912 - utils - INFO - Saved 实时行情_沪深京 to E:\Code\Python\0414-Share\AKShare_crawl\data\实时行情\实时行情_沪深京_2026-04-16_15-24-36.csv
2026-04-16 15:24:36,924 - utils - INFO - Saved 资金流向 to E:\Code\Python\0414-Share\AKShare_crawl\data\资金流向\资金流向_2026-04-16_15-24-36.csv
2026-04-16 15:24:36,924 - utils - INFO - Task completed: 7 files saved
2026-04-16 15:24:41,704 - utils - INFO - ============================================================
2026-04-16 15:54:41,975 - utils - INFO - ============================================================
2026-04-16 15:54:41,975 - utils - INFO - Executing scheduled task at 2026-04-16 15:54:41
2026-04-16 15:54:41,975 - utils - INFO - ============================================================
2026-04-16 15:54:41,977 - utils - INFO - Cleaned 0 old files, freed 0.00 KB
2026-04-16 15:54:41,977 - utils - INFO - ==================================================
2026-04-16 15:54:41,977 - utils - INFO - Starting to fetch all data in parallel...
2026-04-16 15:54:41,977 - utils - INFO - Fetching financial data...
2026-04-16 15:54:41,977 - utils - INFO - ==================================================
2026-04-16 15:54:41,978 - utils - INFO - Starting to fetch all quote data sources in parallel...
2026-04-16 15:54:41,978 - utils - INFO - Fetching fund flow data from Tonghuashun...
2026-04-16 15:54:41,978 - utils - INFO - Fetching real-time quote data (沪深京A股) from Sina Finance...
2026-04-16 15:54:41,980 - utils - INFO - Fetching real-time quote data (B股)...
2026-04-16 15:54:41,980 - utils - INFO - Fetching real-time quote data (AH股)...
2026-04-16 15:54:41,980 - utils - INFO - Fetching real-time quote data (科创版)...
2026-04-16 15:54:41,980 - utils - INFO - Fetching real-time quote data (港股)...
2026-04-16 15:54:42,464 - utils - INFO - Success: 实时行情_B股 - 79 records
2026-04-16 15:54:42,562 - utils - INFO - Success: 财务报表
2026-04-16 15:54:45,009 - utils - INFO - Success: 实时行情_科创版 - 607 records
2026-04-16 15:54:47,228 - utils - INFO - Success: 实时行情_AH股 - 200 records
2026-04-16 15:54:53,606 - utils - INFO - Success: 实时行情_港股 - 2743 records
2026-04-16 15:55:06,729 - utils - INFO - Success: 实时行情_沪深京 - 5504 records
2026-04-16 15:55:06,729 - utils - INFO - All quote data fetch completed: 5/5 succeeded
2026-04-16 15:55:06,731 - utils - INFO - ==================================================
2026-04-16 15:55:06,731 - utils - INFO - Success: 资金流向
2026-04-16 15:55:06,731 - utils - INFO - ==================================================
2026-04-16 15:55:06,731 - utils - INFO - Parallel fetch completed: 7 data sources succeeded
2026-04-16 15:55:06,735 - utils - INFO - Saved 财务报表 to E:\Code\Python\0414-Share\AKShare_crawl\data\资金流向\资金流向_2026-04-16_15-55-06.csv
2026-04-16 15:55:06,736 - utils - INFO - Saved 实时行情_B股 to E:\Code\Python\0414-Share\AKShare_crawl\data\实时行情\实时行情_B股_2026-04-16_15-55-06.csv
2026-04-16 15:55:06,744 - utils - INFO - Saved 实时行情_科创版 to E:\Code\Python\0414-Share\AKShare_crawl\data\实时行情\实时行情_科创版_2026-04-16_15-55-06.csv
2026-04-16 15:55:06,747 - utils - INFO - Saved 实时行情_AH股 to E:\Code\Python\0414-Share\AKShare_crawl\data\实时行情\实时行情_AH股_2026-04-16_15-55-06.csv
2026-04-16 15:55:06,777 - utils - INFO - Saved 实时行情_港股 to E:\Code\Python\0414-Share\AKShare_crawl\data\实时行情\实时行情_港股_2026-04-16_15-55-06.csv
2026-04-16 15:55:06,826 - utils - INFO - Saved 实时行情_沪深京 to E:\Code\Python\0414-Share\AKShare_crawl\data\实时行情\实时行情_沪深京_2026-04-16_15-55-06.csv
2026-04-16 15:55:06,846 - utils - INFO - Saved 资金流向 to E:\Code\Python\0414-Share\AKShare_crawl\data\资金流向\资金流向_2026-04-16_15-55-06.csv
2026-04-16 15:55:06,846 - utils - INFO - Task completed: 7 files saved
2026-04-16 15:55:06,872 - utils - INFO - ============================================================
2026-04-16 16:25:07,080 - utils - INFO - ============================================================
2026-04-16 16:25:07,080 - utils - INFO - Executing scheduled task at 2026-04-16 16:25:07
2026-04-16 16:25:07,080 - utils - INFO - ============================================================
2026-04-16 16:25:07,083 - utils - INFO - Cleaned 0 old files, freed 0.00 KB
2026-04-16 16:25:07,083 - utils - INFO - ==================================================
2026-04-16 16:25:07,083 - utils - INFO - Starting to fetch all data in parallel...
2026-04-16 16:25:07,084 - utils - INFO - Fetching financial data...
2026-04-16 16:25:07,084 - utils - INFO - ==================================================
2026-04-16 16:25:07,084 - utils - INFO - Starting to fetch all quote data sources in parallel...
2026-04-16 16:25:07,086 - utils - INFO - Fetching fund flow data from Tonghuashun...
2026-04-16 16:25:07,087 - utils - INFO - Fetching real-time quote data (沪深京A股) from Sina Finance...
2026-04-16 16:25:07,089 - utils - INFO - Fetching real-time quote data (B股)...
2026-04-16 16:25:07,089 - utils - INFO - Fetching real-time quote data (AH股)...
2026-04-16 16:25:07,092 - utils - INFO - Fetching real-time quote data (科创版)...
2026-04-16 16:25:07,092 - utils - INFO - Fetching real-time quote data (港股)...
2026-04-16 16:25:07,471 - utils - INFO - Success: 财务报表
2026-04-16 16:25:07,608 - utils - INFO - Success: 实时行情_B股 - 79 records
2026-04-16 16:25:10,165 - utils - INFO - Success: 实时行情_科创版 - 607 records
2026-04-16 16:25:11,660 - utils - INFO - Success: 实时行情_AH股 - 200 records
2026-04-16 16:25:35,521 - utils - INFO - Success: 实时行情_沪深京 - 5504 records
2026-04-16 16:25:53,136 - utils - INFO - Success: 实时行情_港股 - 2743 records
2026-04-16 16:25:53,136 - utils - INFO - All quote data fetch completed: 5/5 succeeded
2026-04-16 16:25:53,136 - utils - INFO - ==================================================
2026-04-16 16:25:53,136 - utils - INFO - Success: 资金流向
2026-04-16 16:25:53,136 - utils - INFO - ==================================================
2026-04-16 16:25:53,136 - utils - INFO - Parallel fetch completed: 7 data sources succeeded
2026-04-16 16:25:53,140 - utils - INFO - Saved 财务报表 to E:\Code\Python\0414-Share\AKShare_crawl\data\资金流向\资金流向_2026-04-16_16-25-53.csv
2026-04-16 16:25:53,144 - utils - INFO - Saved 实时行情_B股 to E:\Code\Python\0414-Share\AKShare_crawl\data\实时行情\实时行情_B股_2026-04-16_16-25-53.csv
2026-04-16 16:25:53,152 - utils - INFO - Saved 实时行情_科创版 to E:\Code\Python\0414-Share\AKShare_crawl\data\实时行情\实时行情_科创版_2026-04-16_16-25-53.csv
2026-04-16 16:25:53,157 - utils - INFO - Saved 实时行情_AH股 to E:\Code\Python\0414-Share\AKShare_crawl\data\实时行情\实时行情_AH股_2026-04-16_16-25-53.csv
2026-04-16 16:25:53,205 - utils - INFO - Saved 实时行情_沪深京 to E:\Code\Python\0414-Share\AKShare_crawl\data\实时行情\实时行情_沪深京_2026-04-16_16-25-53.csv
2026-04-16 16:25:53,227 - utils - INFO - Saved 实时行情_港股 to E:\Code\Python\0414-Share\AKShare_crawl\data\实时行情\实时行情_港股_2026-04-16_16-25-53.csv
2026-04-16 16:25:53,242 - utils - INFO - Saved 资金流向 to E:\Code\Python\0414-Share\AKShare_crawl\data\资金流向\资金流向_2026-04-16_16-25-53.csv
2026-04-16 16:25:53,242 - utils - INFO - Task completed: 7 files saved
2026-04-16 16:25:53,267 - utils - INFO - ============================================================
2026-04-16 16:37:48,713 - utils - INFO - Fetching growth comparison for: SZ300750
2026-04-16 16:37:48,974 - utils - INFO - Fetched 8 comparison records for SZ300750
2026-04-16 16:38:57,007 - utils - INFO - Fetching growth comparison for: SH688227
2026-04-16 16:38:57,196 - utils - INFO - Fetched 8 comparison records for SH688227
2026-04-16 16:39:34,426 - utils - INFO - Fetching stock history: bj920007 (A股)
2026-04-16 16:39:35,795 - utils - INFO - Fetched 22 records for bj920007 (A股)
2026-04-17 09:18:40,195 - utils - INFO - ============================================================
2026-04-17 09:18:40,195 - utils - INFO - Scheduler started - will run every 30 minutes
2026-04-17 09:18:40,195 - utils - INFO - Executing scheduled task at 2026-04-17 09:18:40
2026-04-17 09:18:40,195 - utils - INFO - ============================================================
2026-04-17 09:18:40,198 - utils - INFO - Cleaned 0 old files, freed 0.00 KB
2026-04-17 09:18:40,198 - utils - INFO - ==================================================
2026-04-17 09:18:40,198 - utils - INFO - Starting to fetch all data in parallel...
2026-04-17 09:18:40,198 - utils - INFO - Fetching financial data...
2026-04-17 09:18:40,199 - utils - INFO - ==================================================
2026-04-17 09:18:40,199 - utils - INFO - Starting to fetch all quote data sources in parallel...
2026-04-17 09:18:40,199 - utils - INFO - Fetching fund flow data from Tonghuashun...
2026-04-17 09:18:40,200 - utils - INFO - Fetching real-time quote data (沪深京A股) from Sina Finance...
2026-04-17 09:18:40,200 - utils - INFO - Fetching real-time quote data (B股)...
2026-04-17 09:18:40,270 - utils - INFO - Fetching real-time quote data (AH股)...
2026-04-17 09:18:40,271 - utils - INFO - Fetching real-time quote data (科创版)...
2026-04-17 09:18:40,272 - utils - INFO - Fetching real-time quote data (港股)...
2026-04-17 09:18:40,406 - utils - INFO - Success: 财务报表
2026-04-17 09:18:40,772 - utils - INFO - Success: 实时行情_B股 - 79 records
2026-04-17 09:18:41,080 - utils - INFO - Success: 实时行情_AH股 - 40 records
2026-04-17 09:18:42,755 - utils - INFO - Success: 实时行情_科创版 - 607 records
2026-04-17 13:56:58,392 - utils - INFO - Fetching real-time quote data (沪深京A股) from Sina Finance...
2026-04-17 13:57:26,158 - utils - INFO - ==================================================
2026-04-17 13:57:26,159 - utils - INFO - Starting to fetch all data in parallel...
2026-04-17 13:57:26,159 - utils - INFO - Fetching financial data...
2026-04-17 13:57:26,160 - utils - INFO - ==================================================
2026-04-17 13:57:26,160 - utils - INFO - Starting to fetch all quote data sources in parallel...
2026-04-17 13:57:26,160 - utils - INFO - Fetching fund flow data from Tonghuashun...
2026-04-17 13:57:26,161 - utils - INFO - Fetching real-time quote data (沪深京A股) from Sina Finance...
2026-04-17 13:57:26,162 - utils - INFO - Fetching real-time quote data (B股)...
2026-04-17 13:57:26,237 - utils - INFO - Fetching real-time quote data (AH股)...
2026-04-17 13:57:26,238 - utils - INFO - Fetching real-time quote data (科创版)...
2026-04-17 13:57:26,239 - utils - INFO - Fetching real-time quote data (港股)...
2026-04-17 13:57:26,381 - utils - INFO - Success: 财务报表
2026-04-17 13:57:26,779 - utils - INFO - Success: 实时行情_B股 - 79 records
2026-04-17 13:57:29,377 - utils - INFO - Success: 实时行情_科创版 - 607 records
2026-04-17 13:57:29,595 - utils - INFO - Success: 实时行情_AH股 - 200 records
2026-04-17 13:57:42,196 - utils - INFO - Success: 实时行情_港股 - 2745 records
2026-04-17 13:57:43,623 - utils - INFO - Success: 实时行情_沪深京 - 5505 records
2026-04-17 13:57:43,625 - utils - INFO - All quote data fetch completed: 5/5 succeeded
2026-04-17 13:57:43,625 - utils - INFO - ==================================================
2026-04-17 13:57:45,715 - utils - INFO - Success: 资金流向
2026-04-17 13:57:45,715 - utils - INFO - ==================================================
2026-04-17 13:57:45,715 - utils - INFO - Parallel fetch completed: 7 data sources succeeded
2026-04-17 14:06:20,651 - utils - INFO - ==================================================
2026-04-17 14:06:20,652 - utils - INFO - Starting to fetch all data in parallel...
2026-04-17 14:06:20,652 - utils - INFO - Fetching financial data...
2026-04-17 14:06:20,652 - utils - INFO - ==================================================
2026-04-17 14:06:20,653 - utils - INFO - Starting to fetch all quote data sources in parallel...
2026-04-17 14:06:20,653 - utils - INFO - Fetching fund flow data from Tonghuashun...
2026-04-17 14:06:20,653 - utils - INFO - Fetching real-time quote data (沪深京A股) from Sina Finance...
2026-04-17 14:06:20,657 - utils - INFO - Fetching real-time quote data (B股)...
2026-04-17 14:06:20,658 - utils - INFO - Fetching real-time quote data (AH股)...
2026-04-17 14:06:20,659 - utils - INFO - Fetching real-time quote data (科创版)...
2026-04-17 14:06:20,660 - utils - INFO - Fetching real-time quote data (港股)...
2026-04-17 14:06:20,804 - utils - INFO - Success: 财务报表
2026-04-17 14:06:21,152 - utils - INFO - Success: 实时行情_B股 - 79 records
2026-04-17 14:06:23,544 - utils - INFO - Success: 实时行情_科创版 - 607 records
2026-04-17 14:06:23,813 - utils - INFO - Success: 实时行情_AH股 - 200 records
2026-04-17 14:06:36,069 - utils - INFO - Success: 实时行情_港股 - 2745 records
2026-04-17 14:06:41,234 - utils - INFO - Success: 实时行情_沪深京 - 5505 records
2026-04-17 14:06:41,234 - utils - INFO - All quote data fetch completed: 5/5 succeeded
2026-04-17 14:06:41,235 - utils - INFO - ==================================================
2026-04-17 14:06:41,235 - utils - INFO - Success: 资金流向
2026-04-17 14:06:41,235 - utils - INFO - ==================================================
2026-04-17 14:06:41,235 - utils - INFO - Parallel fetch completed: 7 data sources succeeded
2026-04-18 15:06:03,357 - utils - INFO - ==================================================
2026-04-18 15:06:03,358 - utils - INFO - Starting to fetch all data in parallel...
2026-04-18 15:06:03,358 - utils - INFO - Fetching financial data...
2026-04-18 15:06:03,359 - utils - INFO - ==================================================
2026-04-18 15:06:03,359 - utils - INFO - Starting to fetch all quote data sources in parallel...
2026-04-18 15:06:03,359 - utils - INFO - Fetching fund flow data from Tonghuashun...
2026-04-18 15:06:03,359 - utils - INFO - Fetching real-time quote data (沪深京A股) from Sina Finance...
2026-04-18 15:06:03,360 - utils - INFO - Fetching real-time quote data (B股)...
2026-04-18 15:06:03,448 - utils - INFO - Fetching real-time quote data (AH股)...
2026-04-18 15:06:03,449 - utils - INFO - Fetching real-time quote data (科创版)...
2026-04-18 15:06:03,450 - utils - INFO - Fetching real-time quote data (港股)...
2026-04-18 15:06:03,701 - utils - INFO - Success: 财务报表
2026-04-18 15:06:04,030 - utils - INFO - Success: 实时行情_B股 - 79 records
2026-04-18 15:06:06,314 - utils - INFO - Success: 实时行情_科创版 - 607 records
2026-04-18 15:06:07,955 - utils - INFO - Success: 实时行情_AH股 - 200 records
2026-04-18 15:06:21,682 - utils - INFO - Success: 实时行情_港股 - 2745 records
2026-04-18 15:06:39,722 - utils - INFO - Success: 实时行情_沪深京 - 5505 records
2026-04-18 15:06:39,723 - utils - INFO - All quote data fetch completed: 5/5 succeeded
2026-04-18 15:06:39,723 - utils - INFO - ==================================================
2026-04-18 15:06:39,724 - utils - INFO - Success: 资金流向
2026-04-18 15:06:39,724 - utils - INFO - ==================================================
2026-04-18 15:06:39,725 - utils - INFO - Parallel fetch completed: 7 data sources succeeded
2026-04-19 13:06:08,695 - utils - INFO - Fetching growth comparison for: BJ920000
2026-04-19 13:06:09,017 - utils - INFO - Fetched 8 comparison records for BJ920000
2026-04-19 13:20:43,752 - utils - INFO - Fetching stock history: bj920000 (A股)
2026-04-19 13:20:45,673 - utils - INFO - Fetched 20 records for bj920000 (A股)
2026-04-19 13:23:26,357 - utils - INFO - Fetching stock history: bj920000 (A股)
2026-04-19 13:23:27,944 - utils - INFO - Fetched 58 records for bj920000 (A股)
2026-04-19 13:32:57,265 - utils - INFO - Fetching stock history: bj920000 (A股)
2026-04-19 13:32:58,498 - utils - INFO - Fetched 20 records for bj920000 (A股)
2026-04-19 14:19:18,875 - utils - INFO - Fetching stock history: bj920000 (A股)
2026-04-19 14:19:20,439 - utils - INFO - Fetched 20 records for bj920000 (A股)
2026-04-19 14:30:06,402 - utils - INFO - Fetching stock history: bj920000 (A股)
2026-04-19 14:30:07,823 - utils - INFO - Fetched 20 records for bj920000 (A股)
2026-04-19 15:02:19,234 - utils - INFO - Fetching financial comparison for: SZ000895
2026-04-19 15:02:35,325 - utils - INFO - Fetching financial comparison for: bj920000
2026-04-19 15:02:44,696 - utils - INFO - Fetching financial comparison for: bj920000
2026-04-19 15:03:44,331 - utils - INFO - Fetching financial comparison for: BJ920020
2026-04-19 15:04:04,521 - utils - INFO - Fetching financial comparison for: BJ920000
2026-04-19 15:04:08,358 - utils - INFO - Fetching financial comparison for: BJ920000
2026-04-19 15:04:33,296 - utils - INFO - Fetching stock history: BJ920000 (A股)
2026-04-19 15:04:33,955 - utils - WARNING - Function fetch_stock_history attempt 1 failed: 'date', retrying in 5s...
2026-04-19 15:04:38,957 - utils - INFO - Fetching stock history: BJ920000 (A股)
2026-04-19 15:04:39,535 - utils - WARNING - Function fetch_stock_history attempt 2 failed: 'date', retrying in 5s...
2026-04-19 15:04:44,536 - utils - INFO - Fetching stock history: BJ920000 (A股)
2026-04-19 15:04:45,093 - utils - ERROR - Function fetch_stock_history failed after 3 attempts: 'date'
2026-04-19 15:04:52,040 - utils - INFO - Fetching stock history: BJ920000 (A股)
2026-04-19 15:04:52,605 - utils - WARNING - Function fetch_stock_history attempt 1 failed: 'date', retrying in 5s...
2026-04-19 15:04:57,608 - utils - INFO - Fetching stock history: BJ920000 (A股)
2026-04-19 15:04:58,186 - utils - WARNING - Function fetch_stock_history attempt 2 failed: 'date', retrying in 5s...
2026-04-19 15:05:03,191 - utils - INFO - Fetching stock history: BJ920000 (A股)
2026-04-19 15:05:03,666 - utils - ERROR - Function fetch_stock_history failed after 3 attempts: 'date'
2026-04-19 15:06:04,698 - utils - INFO - Fetching stock history: BJ920000 (A股)
2026-04-19 15:06:05,286 - utils - WARNING - Function fetch_stock_history attempt 1 failed: 'date', retrying in 5s...
2026-04-19 15:06:10,290 - utils - INFO - Fetching stock history: BJ920000 (A股)
2026-04-19 15:06:10,911 - utils - WARNING - Function fetch_stock_history attempt 2 failed: 'date', retrying in 5s...
2026-04-19 15:06:15,914 - utils - INFO - Fetching stock history: BJ920000 (A股)
2026-04-19 15:06:16,443 - utils - ERROR - Function fetch_stock_history failed after 3 attempts: 'date'
2026-04-19 15:11:44,780 - utils - INFO - Fetching stock history: bj92000 (A股)
2026-04-19 15:11:44,782 - utils - INFO - Detected Beijing market stock, using specialized API
2026-04-19 15:11:44,782 - utils - ERROR - Failed to fetch Beijing stock data: module 'akshare' has no attribute 'stock_zh_bj_spot_em'
2026-04-19 15:11:44,782 - utils - WARNING - Function fetch_stock_history attempt 1 failed: module 'akshare' has no attribute 'stock_zh_bj_spot_em', retrying in 5s...
2026-04-19 15:11:49,782 - utils - INFO - Fetching stock history: bj92000 (A股)
2026-04-19 15:11:49,782 - utils - INFO - Detected Beijing market stock, using specialized API
2026-04-19 15:11:49,782 - utils - ERROR - Failed to fetch Beijing stock data: module 'akshare' has no attribute 'stock_zh_bj_spot_em'
2026-04-19 15:11:49,782 - utils - WARNING - Function fetch_stock_history attempt 2 failed: module 'akshare' has no attribute 'stock_zh_bj_spot_em', retrying in 5s...
2026-04-19 15:11:54,783 - utils - INFO - Fetching stock history: bj92000 (A股)
2026-04-19 15:11:54,783 - utils - INFO - Detected Beijing market stock, using specialized API
2026-04-19 15:11:54,783 - utils - ERROR - Failed to fetch Beijing stock data: module 'akshare' has no attribute 'stock_zh_bj_spot_em'
2026-04-19 15:11:54,783 - utils - ERROR - Function fetch_stock_history failed after 3 attempts: module 'akshare' has no attribute 'stock_zh_bj_spot_em'
2026-04-19 15:12:51,607 - utils - INFO - Fetching stock history: sz002709 (A股)
2026-04-19 15:12:52,897 - utils - INFO - Fetched 5 records for sz002709 (A股)
2026-04-19 15:13:07,408 - utils - INFO - Fetching stock history: bj920000 (A股)
2026-04-19 15:13:08,944 - utils - INFO - Fetched 5 records for bj920000 (A股)
2026-04-19 15:13:23,517 - utils - INFO - Fetching stock history: bj920000 (A股)
2026-04-19 15:13:24,260 - utils - INFO - Fetched 20 records for bj920000 (A股)
2026-04-19 15:13:32,173 - utils - INFO - Fetching growth comparison for: BJ920000
2026-04-19 15:13:32,394 - utils - INFO - Fetched 8 comparison records for BJ920000
2026-04-19 15:14:22,149 - utils - INFO - Fetching financial comparison for: BJ920000
2026-04-19 15:55:56,814 - utils - INFO - Fetching stock history: bj92000 (A股)
2026-04-19 15:55:57,342 - utils - WARNING - Function fetch_stock_history attempt 1 failed: 'date', retrying in 5s...
2026-04-19 15:56:02,345 - utils - INFO - Fetching stock history: bj92000 (A股)
2026-04-19 15:56:02,702 - utils - WARNING - Function fetch_stock_history attempt 2 failed: 'date', retrying in 5s...
2026-04-19 15:56:07,704 - utils - INFO - Fetching stock history: bj92000 (A股)
2026-04-19 15:56:08,094 - utils - ERROR - Function fetch_stock_history failed after 3 attempts: 'date'
2026-04-19 15:56:19,459 - utils - INFO - Fetching financial comparison for: SZ000895
2026-04-19 15:56:28,295 - utils - INFO - Fetching stock history: bj920001 (A股)
2026-04-19 15:56:29,500 - utils - INFO - Fetched 5 records for bj920001 (A股)
2026-04-19 15:58:11,189 - utils - INFO - Fetching stock history: bj920001 (A股)
2026-04-19 15:58:11,806 - utils - INFO - Fetched 68 records for bj920001 (A股)
2026-04-19 16:27:54,429 - utils - INFO - Fetching stock history: bj92000 (A股)
2026-04-19 16:27:54,940 - utils - WARNING - Function fetch_stock_history attempt 1 failed: 'date', retrying in 5s...
2026-04-19 16:27:59,943 - utils - INFO - Fetching stock history: bj92000 (A股)
2026-04-19 16:28:00,309 - utils - WARNING - Function fetch_stock_history attempt 2 failed: 'date', retrying in 5s...
2026-04-19 16:28:05,311 - utils - INFO - Fetching stock history: bj92000 (A股)
2026-04-19 16:28:05,779 - utils - ERROR - Function fetch_stock_history failed after 3 attempts: 'date'
2026-04-19 16:28:17,325 - utils - INFO - Fetching stock history: bj920001 (A股)
2026-04-19 16:28:18,523 - utils - INFO - Fetched 20 records for bj920001 (A股)
2026-04-19 16:38:05,447 - utils - INFO - ==================================================
2026-04-19 16:38:05,448 - utils - INFO - Starting to fetch all data in parallel...
2026-04-19 16:38:05,448 - utils - INFO - Fetching financial data...
2026-04-19 16:38:05,448 - utils - INFO - ==================================================
2026-04-19 16:38:05,449 - utils - INFO - Starting to fetch all quote data sources in parallel...
2026-04-19 16:38:05,449 - utils - INFO - Fetching financial comparison for: SZ000895
2026-04-19 16:38:05,450 - utils - INFO - Fetching real-time quote data (沪深京A股) from Sina Finance...
2026-04-19 16:38:05,451 - utils - INFO - Fetching real-time quote data (B股)...
2026-04-19 16:38:05,452 - utils - INFO - Fetching real-time quote data (AH股)...
2026-04-19 16:38:05,453 - utils - INFO - Fetching real-time quote data (科创版)...
2026-04-19 16:38:05,454 - utils - INFO - Fetching real-time quote data (港股)...
2026-04-19 16:38:05,766 - utils - INFO - Success: 财务报表
2026-04-19 16:38:06,150 - utils - INFO - Success: 实时行情_B股 - 79 records
2026-04-19 16:38:08,456 - utils - INFO - Success: 实时行情_科创版 - 607 records
2026-04-19 16:38:10,092 - utils - INFO - Success: 实时行情_AH股 - 200 records
2026-04-19 16:38:44,014 - utils - INFO - Success: 实时行情_沪深京 - 5505 records
2026-04-19 16:39:04,717 - utils - INFO - Success: 实时行情_港股 - 2745 records
2026-04-19 16:39:04,717 - utils - INFO - All quote data fetch completed: 5/5 succeeded
2026-04-19 16:39:04,717 - utils - INFO - ==================================================
2026-04-19 16:39:04,717 - utils - INFO - Success: 财报分析
2026-04-19 16:39:04,717 - utils - INFO - ==================================================
2026-04-19 16:39:04,718 - utils - INFO - Parallel fetch completed: 7 data sources succeeded
2026-04-19 16:41:05,416 - utils - INFO - Fetching financial comparison for: bj92000
2026-04-19 16:41:15,436 - utils - INFO - Fetching financial comparison for: bj920000
2026-04-19 16:41:35,526 - utils - INFO - Fetching financial comparison for: bj920001
2026-04-19 16:41:45,437 - utils - INFO - Fetching financial comparison for: SZ000895
2026-04-19 16:41:56,318 - utils - INFO - Fetching financial comparison for: bj920000
2026-04-19 16:42:09,996 - utils - INFO - Fetching financial comparison for: bj920000
2026-04-19 16:42:29,257 - utils - INFO - Fetching growth comparison for: BJ920000
2026-04-19 16:42:29,446 - utils - INFO - Fetched 8 comparison records for BJ920000
2026-04-19 16:43:20,303 - utils - INFO - Fetching financial comparison for: SZ000895
2026-04-19 16:43:25,110 - utils - INFO - Fetching financial comparison for: bj920000
2026-04-19 16:44:30,536 - utils - INFO - Fetching financial comparison for: bj920000
2026-04-19 17:08:48,825 - utils - INFO - Fetching financial comparison for: bj920000
2026-04-19 17:09:03,961 - utils - INFO - Fetching financial comparison for: bj920000
2026-04-19 17:13:20,376 - utils - INFO - Fetching financial comparison for: SZ000895
2026-04-19 17:16:06,069 - utils - INFO - Fetching financial comparison for: bj920000
2026-04-19 17:23:29,892 - utils - INFO - Fetching financial comparison for: BJ920000
2026-04-19 17:57:18,702 - utils - INFO - Fetching financial comparison for: BJ920000
2026-04-19 17:58:53,760 - utils - INFO - Fetching stock history: bj920000 (A股)
2026-04-19 17:58:55,097 - utils - INFO - Fetched 20 records for bj920000 (A股)
2026-04-19 17:59:01,649 - utils - INFO - Fetching stock history: bj920000 (A股)
2026-04-19 17:59:02,279 - utils - INFO - Fetched 5 records for bj920000 (A股)
2026-04-19 17:59:34,241 - utils - INFO - Fetching growth comparison for: BJ920000
2026-04-19 17:59:34,451 - utils - INFO - Fetched 8 comparison records for BJ920000
2026-04-19 18:37:23,964 - utils - INFO - Fetching stock history: BJ920000 (A股)
2026-04-19 18:37:24,660 - utils - WARNING - Function fetch_stock_history attempt 1 failed: 'date', retrying in 5s...
2026-04-19 18:37:29,663 - utils - INFO - Fetching stock history: BJ920000 (A股)
2026-04-19 18:37:30,177 - utils - WARNING - Function fetch_stock_history attempt 2 failed: 'date', retrying in 5s...
2026-04-19 18:37:35,180 - utils - INFO - Fetching stock history: BJ920000 (A股)
2026-04-19 18:37:35,699 - utils - ERROR - Function fetch_stock_history failed after 3 attempts: 'date'
2026-04-19 18:37:52,769 - utils - INFO - Fetching stock history: BJ920001 (A股)
2026-04-19 18:37:53,285 - utils - WARNING - Function fetch_stock_history attempt 1 failed: 'date', retrying in 5s...
2026-04-19 18:37:58,288 - utils - INFO - Fetching stock history: BJ920001 (A股)
2026-04-19 18:37:58,866 - utils - WARNING - Function fetch_stock_history attempt 2 failed: 'date', retrying in 5s...
2026-04-19 18:38:03,868 - utils - INFO - Fetching stock history: BJ920001 (A股)
2026-04-19 18:38:04,345 - utils - ERROR - Function fetch_stock_history failed after 3 attempts: 'date'
2026-04-19 18:38:16,621 - utils - INFO - Fetching financial comparison for: BJ920000
2026-04-19 18:38:23,056 - utils - INFO - Fetching stock history: BJ920020 (B股)
2026-04-19 18:38:23,431 - utils - WARNING - Function fetch_stock_history attempt 1 failed: 'date', retrying in 5s...
2026-04-19 18:38:28,433 - utils - INFO - Fetching stock history: BJ920020 (B股)
2026-04-19 18:38:28,932 - utils - WARNING - Function fetch_stock_history attempt 2 failed: 'date', retrying in 5s...
2026-04-19 18:38:33,934 - utils - INFO - Fetching stock history: BJ920020 (B股)
2026-04-19 18:38:34,338 - utils - ERROR - Function fetch_stock_history failed after 3 attempts: 'date'
2026-04-19 18:38:40,209 - utils - INFO - Fetching stock history: BJ920020 (A股)
2026-04-19 18:38:40,550 - utils - WARNING - Function fetch_stock_history attempt 1 failed: 'date', retrying in 5s...
2026-04-19 18:38:45,554 - utils - INFO - Fetching stock history: BJ920020 (A股)
2026-04-19 18:38:45,938 - utils - WARNING - Function fetch_stock_history attempt 2 failed: 'date', retrying in 5s...
2026-04-19 18:38:50,941 - utils - INFO - Fetching stock history: BJ920020 (A股)
2026-04-19 18:38:51,411 - utils - ERROR - Function fetch_stock_history failed after 3 attempts: 'date'
2026-04-19 18:39:07,588 - utils - INFO - Fetching stock history: bj920001 (A股)
2026-04-19 18:39:08,996 - utils - INFO - Fetched 5 records for bj920001 (A股)
2026-04-19 18:39:14,284 - utils - INFO - Fetching stock history: bj920000 (A股)
2026-04-19 18:39:15,467 - utils - INFO - Fetched 20 records for bj920000 (A股)
2026-04-19 18:41:43,455 - utils - INFO - Fetching financial comparison for: SZ000895
2026-04-19 21:42:35,157 - utils - INFO - Fetching growth comparison for: BJ20000
2026-04-19 21:42:35,439 - utils - INFO - Fetched 0 comparison records for BJ20000
2026-04-19 21:42:46,903 - utils - INFO - Fetching growth comparison for: BJ920001
2026-04-19 21:42:47,125 - utils - INFO - Fetched 8 comparison records for BJ920001
2026-04-19 22:08:17,814 - utils - INFO - Fetching growth comparison for: BJ920001
2026-04-19 22:08:18,099 - utils - INFO - Fetched 8 comparison records for BJ920001
2026-04-20 13:14:06,758 - utils - INFO - Fetching financial comparison for: SZ000895
2026-04-20 13:21:16,881 - utils - INFO - Fetching financial comparison for: SZ000895
2026-04-20 13:22:03,108 - utils - INFO - Fetching growth comparison for: BJ920001
2026-04-20 13:22:03,313 - utils - INFO - Fetched 8 comparison records for BJ920001
2026-04-20 18:05:18,106 - utils - INFO - Fetching stock history: bj920001 (A股)
2026-04-20 18:05:20,148 - utils - INFO - Fetched 6 records for bj920001 (A股)
2026-04-20 18:12:35,939 - utils - INFO - ==================================================
2026-04-20 18:12:35,939 - utils - INFO - Starting to fetch all data in parallel...
2026-04-20 18:12:35,939 - utils - INFO - Fetching financial data...
2026-04-20 18:12:35,941 - utils - INFO - ==================================================
2026-04-20 18:12:35,941 - utils - INFO - Starting to fetch all quote data sources in parallel...
2026-04-20 18:12:35,941 - utils - INFO - Fetching financial analysis for: 20241231
2026-04-20 18:12:35,942 - utils - INFO - Fetching real-time quote data (沪深京A股) from Sina Finance...
2026-04-20 18:12:35,943 - utils - INFO - Fetching real-time quote data (B股)...
2026-04-20 18:12:35,943 - utils - INFO - Fetching real-time quote data (AH股)...
2026-04-20 18:12:35,944 - utils - INFO - Fetching real-time quote data (科创版)...
2026-04-20 18:12:35,947 - utils - INFO - Fetching real-time quote data (港股)...
2026-04-20 18:12:36,470 - utils - INFO - Success: 实时行情_B股 - 79 records
2026-04-20 18:12:36,482 - utils - INFO - Success: 财务报表
2026-04-20 18:12:38,586 - utils - INFO - Success: 实时行情_科创版 - 607 records
2026-04-20 18:12:39,899 - utils - INFO - Success: 实时行情_AH股 - 200 records
2026-04-20 18:13:02,922 - utils - INFO - Success: 实时行情_沪深京 - 5506 records
2026-04-20 18:13:03,206 - utils - INFO - Success: 实时行情_港股 - 2743 records
2026-04-20 18:13:03,207 - utils - INFO - All quote data fetch completed: 5/5 succeeded
2026-04-20 18:13:03,207 - utils - INFO - ==================================================
2026-04-20 18:13:03,207 - utils - ERROR - Financial comparison data fetch failed: name 'future_financial_comparison' is not defined
2026-04-20 18:13:03,208 - utils - INFO - ==================================================
2026-04-20 18:13:03,208 - utils - INFO - Parallel fetch completed: 6 data sources succeeded
2026-04-20 20:05:41,381 - utils - INFO - Fetching financial analysis...
2026-04-20 20:05:41,382 - utils - INFO - 正在获取财报分析数据: 20251231
2026-04-20 20:05:44,578 - utils - INFO - 成功获取 20251231 财报数据，共 3981 条
2026-04-20 23:13:12,006 - utils - INFO - ==================================================
2026-04-20 23:13:12,012 - utils - INFO - Starting to fetch all data in parallel...
2026-04-20 23:13:12,021 - utils - INFO - Fetching financial data...
2026-04-20 23:13:12,028 - utils - INFO - ==================================================
2026-04-20 23:13:12,030 - utils - INFO - Starting to fetch all quote data sources in parallel...
2026-04-20 23:13:12,038 - utils - INFO - Fetching financial analysis...
2026-04-20 23:13:12,041 - utils - INFO - 正在获取财报分析数据: 20261231
2026-04-20 23:13:12,041 - utils - INFO - Fetching real-time quote data (沪深京A股) from Sina Finance...
2026-04-20 23:13:12,044 - utils - INFO - Fetching real-time quote data (B股)...
2026-04-20 23:13:12,062 - utils - INFO - Fetching real-time quote data (AH股)...
2026-04-20 23:13:12,067 - utils - INFO - Fetching real-time quote data (科创版)...
2026-04-20 23:13:12,069 - utils - INFO - Fetching real-time quote data (港股)...
2026-04-20 23:13:12,237 - utils - ERROR - 获取财报数据失败 20261231: 'NoneType' object is not subscriptable
2026-04-20 23:13:12,237 - utils - WARNING - Function fetch_data attempt 1 failed: 'NoneType' object is not subscriptable, retrying in 5s...
2026-04-20 23:13:12,262 - utils - INFO - Success: 财务报表
2026-04-20 23:13:12,684 - utils - INFO - Success: 实时行情_B股 - 79 records
2026-04-20 23:13:14,724 - utils - INFO - Success: 实时行情_科创版 - 607 records
2026-04-20 23:13:15,549 - utils - INFO - Success: 实时行情_AH股 - 200 records
2026-04-20 23:13:17,240 - utils - INFO - 正在获取财报分析数据: 20261231
2026-04-20 23:13:17,321 - utils - ERROR - 获取财报数据失败 20261231: 'NoneType' object is not subscriptable
2026-04-20 23:13:17,321 - utils - WARNING - Function fetch_data attempt 2 failed: 'NoneType' object is not subscriptable, retrying in 5s...
2026-04-20 23:13:22,322 - utils - INFO - 正在获取财报分析数据: 20261231
2026-04-20 23:13:22,477 - utils - ERROR - 获取财报数据失败 20261231: 'NoneType' object is not subscriptable
2026-04-20 23:13:22,478 - utils - ERROR - Function fetch_data failed after 3 attempts: 'NoneType' object is not subscriptable
2026-04-20 23:13:22,478 - utils - ERROR - Failed to fetch financial analysis: 'NoneType' object is not subscriptable
2026-04-20 23:13:22,478 - utils - WARNING - Function fetch_financial_analysis attempt 1 failed: 'NoneType' object is not subscriptable, retrying in 5s...
2026-04-20 23:13:27,478 - utils - INFO - Fetching financial analysis...
2026-04-20 23:13:27,478 - utils - INFO - 正在获取财报分析数据: 20261231
2026-04-20 23:13:27,547 - utils - ERROR - 获取财报数据失败 20261231: 'NoneType' object is not subscriptable
2026-04-20 23:13:27,548 - utils - WARNING - Function fetch_data attempt 1 failed: 'NoneType' object is not subscriptable, retrying in 5s...
2026-04-20 23:13:32,550 - utils - INFO - 正在获取财报分析数据: 20261231
2026-04-20 23:13:32,707 - utils - ERROR - 获取财报数据失败 20261231: 'NoneType' object is not subscriptable
2026-04-20 23:13:32,726 - utils - WARNING - Function fetch_data attempt 2 failed: 'NoneType' object is not subscriptable, retrying in 5s...
2026-04-20 23:13:37,728 - utils - INFO - 正在获取财报分析数据: 20261231
2026-04-20 23:13:37,838 - utils - ERROR - 获取财报数据失败 20261231: 'NoneType' object is not subscriptable
2026-04-20 23:13:37,838 - utils - ERROR - Function fetch_data failed after 3 attempts: 'NoneType' object is not subscriptable
2026-04-20 23:13:37,838 - utils - ERROR - Failed to fetch financial analysis: 'NoneType' object is not subscriptable
2026-04-20 23:13:37,839 - utils - WARNING - Function fetch_financial_analysis attempt 2 failed: 'NoneType' object is not subscriptable, retrying in 5s...
2026-04-20 23:13:42,863 - utils - INFO - Fetching financial analysis...
2026-04-20 23:13:42,867 - utils - INFO - 正在获取财报分析数据: 20261231
2026-04-20 23:13:43,020 - utils - ERROR - 获取财报数据失败 20261231: 'NoneType' object is not subscriptable
2026-04-20 23:13:43,052 - utils - WARNING - Function fetch_data attempt 1 failed: 'NoneType' object is not subscriptable, retrying in 5s...
2026-04-20 23:13:48,073 - utils - INFO - 正在获取财报分析数据: 20261231
2026-04-20 23:13:48,206 - utils - ERROR - 获取财报数据失败 20261231: 'NoneType' object is not subscriptable
2026-04-20 23:13:48,228 - utils - WARNING - Function fetch_data attempt 2 failed: 'NoneType' object is not subscriptable, retrying in 5s...
2026-04-20 23:13:50,157 - utils - INFO - Success: 实时行情_港股 - 2743 records
2026-04-20 23:13:51,838 - utils - INFO - Success: 实时行情_沪深京 - 5506 records
2026-04-20 23:13:51,840 - utils - INFO - All quote data fetch completed: 5/5 succeeded
2026-04-20 23:13:51,840 - utils - INFO - ==================================================
2026-04-20 23:13:51,840 - utils - ERROR - Financial comparison data fetch failed: name 'future_financial_comparison' is not defined
2026-04-20 23:13:53,230 - utils - INFO - 正在获取财报分析数据: 20261231
2026-04-20 23:13:53,408 - utils - ERROR - 获取财报数据失败 20261231: 'NoneType' object is not subscriptable
2026-04-20 23:13:53,408 - utils - ERROR - Function fetch_data failed after 3 attempts: 'NoneType' object is not subscriptable
2026-04-20 23:13:53,408 - utils - ERROR - Failed to fetch financial analysis: 'NoneType' object is not subscriptable
2026-04-20 23:13:53,409 - utils - ERROR - Function fetch_financial_analysis failed after 3 attempts: 'NoneType' object is not subscriptable
2026-04-20 23:13:53,409 - utils - INFO - ==================================================
2026-04-20 23:13:53,409 - utils - INFO - Parallel fetch completed: 6 data sources succeeded
2026-04-20 23:52:00,596 - utils - INFO - Fetching financial analysis...
2026-04-20 23:52:00,597 - utils - INFO - 正在获取财报分析数据: 20260331
2026-04-20 23:52:10,650 - utils - ERROR - 获取财报数据失败 20260331: HTTPSConnectionPool(host='datacenter-web.eastmoney.com', port=443): Max retries exceeded with url: /api/data/v1/get?sortColumns=UPDATE_DATE%2CSECURITY_CODE&sortTypes=-1%2C-1&pageSize=500&pageNumber=1&reportName=RPT_LICO_FN_CPD&columns=ALL&filter=%28REPORTDATE%3D%272026-03-31%27%29 (Caused by NameResolutionError("HTTPSConnection(host='datacenter-web.eastmoney.com', port=443): Failed to resolve 'datacenter-web.eastmoney.com' ([Errno 11002] getaddrinfo failed)"))
2026-04-20 23:52:10,650 - utils - WARNING - Function fetch_data attempt 1 failed: HTTPSConnectionPool(host='datacenter-web.eastmoney.com', port=443): Max retries exceeded with url: /api/data/v1/get?sortColumns=UPDATE_DATE%2CSECURITY_CODE&sortTypes=-1%2C-1&pageSize=500&pageNumber=1&reportName=RPT_LICO_FN_CPD&columns=ALL&filter=%28REPORTDATE%3D%272026-03-31%27%29 (Caused by NameResolutionError("HTTPSConnection(host='datacenter-web.eastmoney.com', port=443): Failed to resolve 'datacenter-web.eastmoney.com' ([Errno 11002] getaddrinfo failed)")), retrying in 5s...
2026-04-20 23:52:15,650 - utils - INFO - 正在获取财报分析数据: 20260331
2026-04-20 23:52:15,667 - utils - ERROR - 获取财报数据失败 20260331: HTTPSConnectionPool(host='datacenter-web.eastmoney.com', port=443): Max retries exceeded with url: /api/data/v1/get?sortColumns=UPDATE_DATE%2CSECURITY_CODE&sortTypes=-1%2C-1&pageSize=500&pageNumber=1&reportName=RPT_LICO_FN_CPD&columns=ALL&filter=%28REPORTDATE%3D%272026-03-31%27%29 (Caused by NameResolutionError("HTTPSConnection(host='datacenter-web.eastmoney.com', port=443): Failed to resolve 'datacenter-web.eastmoney.com' ([Errno 11002] getaddrinfo failed)"))
2026-04-20 23:52:15,667 - utils - WARNING - Function fetch_data attempt 2 failed: HTTPSConnectionPool(host='datacenter-web.eastmoney.com', port=443): Max retries exceeded with url: /api/data/v1/get?sortColumns=UPDATE_DATE%2CSECURITY_CODE&sortTypes=-1%2C-1&pageSize=500&pageNumber=1&reportName=RPT_LICO_FN_CPD&columns=ALL&filter=%28REPORTDATE%3D%272026-03-31%27%29 (Caused by NameResolutionError("HTTPSConnection(host='datacenter-web.eastmoney.com', port=443): Failed to resolve 'datacenter-web.eastmoney.com' ([Errno 11002] getaddrinfo failed)")), retrying in 5s...
2026-04-20 23:52:20,668 - utils - INFO - 正在获取财报分析数据: 20260331
2026-04-20 23:52:20,675 - utils - ERROR - 获取财报数据失败 20260331: HTTPSConnectionPool(host='datacenter-web.eastmoney.com', port=443): Max retries exceeded with url: /api/data/v1/get?sortColumns=UPDATE_DATE%2CSECURITY_CODE&sortTypes=-1%2C-1&pageSize=500&pageNumber=1&reportName=RPT_LICO_FN_CPD&columns=ALL&filter=%28REPORTDATE%3D%272026-03-31%27%29 (Caused by NameResolutionError("HTTPSConnection(host='datacenter-web.eastmoney.com', port=443): Failed to resolve 'datacenter-web.eastmoney.com' ([Errno 11002] getaddrinfo failed)"))
2026-04-20 23:52:20,675 - utils - ERROR - Function fetch_data failed after 3 attempts: HTTPSConnectionPool(host='datacenter-web.eastmoney.com', port=443): Max retries exceeded with url: /api/data/v1/get?sortColumns=UPDATE_DATE%2CSECURITY_CODE&sortTypes=-1%2C-1&pageSize=500&pageNumber=1&reportName=RPT_LICO_FN_CPD&columns=ALL&filter=%28REPORTDATE%3D%272026-03-31%27%29 (Caused by NameResolutionError("HTTPSConnection(host='datacenter-web.eastmoney.com', port=443): Failed to resolve 'datacenter-web.eastmoney.com' ([Errno 11002] getaddrinfo failed)"))
2026-04-20 23:52:20,675 - utils - ERROR - Failed to fetch financial analysis: HTTPSConnectionPool(host='datacenter-web.eastmoney.com', port=443): Max retries exceeded with url: /api/data/v1/get?sortColumns=UPDATE_DATE%2CSECURITY_CODE&sortTypes=-1%2C-1&pageSize=500&pageNumber=1&reportName=RPT_LICO_FN_CPD&columns=ALL&filter=%28REPORTDATE%3D%272026-03-31%27%29 (Caused by NameResolutionError("HTTPSConnection(host='datacenter-web.eastmoney.com', port=443): Failed to resolve 'datacenter-web.eastmoney.com' ([Errno 11002] getaddrinfo failed)"))
2026-04-20 23:52:20,675 - utils - WARNING - Function fetch_financial_analysis attempt 1 failed: HTTPSConnectionPool(host='datacenter-web.eastmoney.com', port=443): Max retries exceeded with url: /api/data/v1/get?sortColumns=UPDATE_DATE%2CSECURITY_CODE&sortTypes=-1%2C-1&pageSize=500&pageNumber=1&reportName=RPT_LICO_FN_CPD&columns=ALL&filter=%28REPORTDATE%3D%272026-03-31%27%29 (Caused by NameResolutionError("HTTPSConnection(host='datacenter-web.eastmoney.com', port=443): Failed to resolve 'datacenter-web.eastmoney.com' ([Errno 11002] getaddrinfo failed)")), retrying in 5s...
2026-04-20 23:52:25,676 - utils - INFO - Fetching financial analysis...
2026-04-20 23:52:25,676 - utils - INFO - 正在获取财报分析数据: 20260331
2026-04-20 23:52:25,684 - utils - ERROR - 获取财报数据失败 20260331: HTTPSConnectionPool(host='datacenter-web.eastmoney.com', port=443): Max retries exceeded with url: /api/data/v1/get?sortColumns=UPDATE_DATE%2CSECURITY_CODE&sortTypes=-1%2C-1&pageSize=500&pageNumber=1&reportName=RPT_LICO_FN_CPD&columns=ALL&filter=%28REPORTDATE%3D%272026-03-31%27%29 (Caused by NameResolutionError("HTTPSConnection(host='datacenter-web.eastmoney.com', port=443): Failed to resolve 'datacenter-web.eastmoney.com' ([Errno 11002] getaddrinfo failed)"))
2026-04-20 23:52:25,684 - utils - WARNING - Function fetch_data attempt 1 failed: HTTPSConnectionPool(host='datacenter-web.eastmoney.com', port=443): Max retries exceeded with url: /api/data/v1/get?sortColumns=UPDATE_DATE%2CSECURITY_CODE&sortTypes=-1%2C-1&pageSize=500&pageNumber=1&reportName=RPT_LICO_FN_CPD&columns=ALL&filter=%28REPORTDATE%3D%272026-03-31%27%29 (Caused by NameResolutionError("HTTPSConnection(host='datacenter-web.eastmoney.com', port=443): Failed to resolve 'datacenter-web.eastmoney.com' ([Errno 11002] getaddrinfo failed)")), retrying in 5s...
2026-04-20 23:52:30,685 - utils - INFO - 正在获取财报分析数据: 20260331
2026-04-20 23:52:30,686 - utils - ERROR - 获取财报数据失败 20260331: HTTPSConnectionPool(host='datacenter-web.eastmoney.com', port=443): Max retries exceeded with url: /api/data/v1/get?sortColumns=UPDATE_DATE%2CSECURITY_CODE&sortTypes=-1%2C-1&pageSize=500&pageNumber=1&reportName=RPT_LICO_FN_CPD&columns=ALL&filter=%28REPORTDATE%3D%272026-03-31%27%29 (Caused by NameResolutionError("HTTPSConnection(host='datacenter-web.eastmoney.com', port=443): Failed to resolve 'datacenter-web.eastmoney.com' ([Errno 11002] getaddrinfo failed)"))
2026-04-20 23:52:30,687 - utils - WARNING - Function fetch_data attempt 2 failed: HTTPSConnectionPool(host='datacenter-web.eastmoney.com', port=443): Max retries exceeded with url: /api/data/v1/get?sortColumns=UPDATE_DATE%2CSECURITY_CODE&sortTypes=-1%2C-1&pageSize=500&pageNumber=1&reportName=RPT_LICO_FN_CPD&columns=ALL&filter=%28REPORTDATE%3D%272026-03-31%27%29 (Caused by NameResolutionError("HTTPSConnection(host='datacenter-web.eastmoney.com', port=443): Failed to resolve 'datacenter-web.eastmoney.com' ([Errno 11002] getaddrinfo failed)")), retrying in 5s...
2026-04-20 23:52:35,687 - utils - INFO - 正在获取财报分析数据: 20260331
2026-04-20 23:52:35,694 - utils - ERROR - 获取财报数据失败 20260331: HTTPSConnectionPool(host='datacenter-web.eastmoney.com', port=443): Max retries exceeded with url: /api/data/v1/get?sortColumns=UPDATE_DATE%2CSECURITY_CODE&sortTypes=-1%2C-1&pageSize=500&pageNumber=1&reportName=RPT_LICO_FN_CPD&columns=ALL&filter=%28REPORTDATE%3D%272026-03-31%27%29 (Caused by NameResolutionError("HTTPSConnection(host='datacenter-web.eastmoney.com', port=443): Failed to resolve 'datacenter-web.eastmoney.com' ([Errno 11002] getaddrinfo failed)"))
2026-04-20 23:52:35,695 - utils - ERROR - Function fetch_data failed after 3 attempts: HTTPSConnectionPool(host='datacenter-web.eastmoney.com', port=443): Max retries exceeded with url: /api/data/v1/get?sortColumns=UPDATE_DATE%2CSECURITY_CODE&sortTypes=-1%2C-1&pageSize=500&pageNumber=1&reportName=RPT_LICO_FN_CPD&columns=ALL&filter=%28REPORTDATE%3D%272026-03-31%27%29 (Caused by NameResolutionError("HTTPSConnection(host='datacenter-web.eastmoney.com', port=443): Failed to resolve 'datacenter-web.eastmoney.com' ([Errno 11002] getaddrinfo failed)"))
2026-04-20 23:52:35,695 - utils - ERROR - Failed to fetch financial analysis: HTTPSConnectionPool(host='datacenter-web.eastmoney.com', port=443): Max retries exceeded with url: /api/data/v1/get?sortColumns=UPDATE_DATE%2CSECURITY_CODE&sortTypes=-1%2C-1&pageSize=500&pageNumber=1&reportName=RPT_LICO_FN_CPD&columns=ALL&filter=%28REPORTDATE%3D%272026-03-31%27%29 (Caused by NameResolutionError("HTTPSConnection(host='datacenter-web.eastmoney.com', port=443): Failed to resolve 'datacenter-web.eastmoney.com' ([Errno 11002] getaddrinfo failed)"))
2026-04-20 23:52:35,695 - utils - WARNING - Function fetch_financial_analysis attempt 2 failed: HTTPSConnectionPool(host='datacenter-web.eastmoney.com', port=443): Max retries exceeded with url: /api/data/v1/get?sortColumns=UPDATE_DATE%2CSECURITY_CODE&sortTypes=-1%2C-1&pageSize=500&pageNumber=1&reportName=RPT_LICO_FN_CPD&columns=ALL&filter=%28REPORTDATE%3D%272026-03-31%27%29 (Caused by NameResolutionError("HTTPSConnection(host='datacenter-web.eastmoney.com', port=443): Failed to resolve 'datacenter-web.eastmoney.com' ([Errno 11002] getaddrinfo failed)")), retrying in 5s...
2026-04-20 23:52:40,696 - utils - INFO - Fetching financial analysis...
2026-04-20 23:52:40,696 - utils - INFO - 正在获取财报分析数据: 20260331
2026-04-20 23:52:48,863 - utils - INFO - 成功获取 20260331 财报数据，共 307 条
2026-04-21 23:48:40,267 - utils - INFO - Fetching stock history: bj920001 (A股)
2026-04-21 23:48:53,391 - utils - INFO - Fetched 21 records for bj920001 (A股)
2026-04-22 11:06:47,771 - utils - INFO - ==================================================
2026-04-22 11:06:47,771 - utils - INFO - Starting to fetch all data in parallel...
2026-04-22 11:06:47,772 - utils - INFO - Fetching financial data...
2026-04-22 11:06:47,772 - utils - INFO - ==================================================
2026-04-22 11:06:47,772 - utils - INFO - Starting to fetch all quote data sources in parallel...
2026-04-22 11:06:47,773 - utils - INFO - Fetching financial analysis...
2026-04-22 11:06:47,773 - utils - INFO - 正在获取财报分析数据: 20261231
2026-04-22 11:06:47,773 - utils - INFO - Fetching real-time quote data (沪深京A股) from Sina Finance...
2026-04-22 11:06:47,774 - utils - INFO - Fetching real-time quote data (B股)...
2026-04-22 11:06:47,774 - utils - INFO - Fetching real-time quote data (AH股)...
2026-04-22 11:06:47,775 - utils - INFO - Fetching real-time quote data (科创版)...
2026-04-22 11:06:47,775 - utils - INFO - Fetching real-time quote data (港股)...
2026-04-22 11:06:47,943 - utils - ERROR - 获取财报数据失败 20261231: 'NoneType' object is not subscriptable
2026-04-22 11:06:47,944 - utils - WARNING - Function fetch_data attempt 1 failed: 'NoneType' object is not subscriptable, retrying in 5s...
2026-04-22 11:06:48,347 - utils - INFO - Success: 财务报表
2026-04-22 11:06:48,347 - utils - INFO - Success: 实时行情_B股 - 79 records
2026-04-22 11:06:50,493 - utils - INFO - Success: 实时行情_科创版 - 608 records
2026-04-22 11:06:51,268 - utils - INFO - Success: 实时行情_AH股 - 200 records
2026-04-22 11:06:52,945 - utils - INFO - 正在获取财报分析数据: 20261231
2026-04-22 11:06:52,997 - utils - ERROR - 获取财报数据失败 20261231: 'NoneType' object is not subscriptable
2026-04-22 11:06:52,997 - utils - WARNING - Function fetch_data attempt 2 failed: 'NoneType' object is not subscriptable, retrying in 5s...
2026-04-22 11:06:56,914 - utils - INFO - Success: 实时行情_港股 - 2744 records
2026-04-22 11:06:57,999 - utils - INFO - 正在获取财报分析数据: 20261231
2026-04-22 11:06:58,163 - utils - ERROR - 获取财报数据失败 20261231: 'NoneType' object is not subscriptable
2026-04-22 11:06:58,163 - utils - ERROR - Function fetch_data failed after 3 attempts: 'NoneType' object is not subscriptable
2026-04-22 11:06:58,164 - utils - ERROR - Failed to fetch financial analysis: 'NoneType' object is not subscriptable
2026-04-22 11:06:58,164 - utils - WARNING - Function fetch_financial_analysis attempt 1 failed: 'NoneType' object is not subscriptable, retrying in 5s...
2026-04-22 11:07:03,165 - utils - INFO - Fetching financial analysis...
2026-04-22 11:07:03,165 - utils - INFO - 正在获取财报分析数据: 20261231
2026-04-22 11:07:03,231 - utils - ERROR - 获取财报数据失败 20261231: 'NoneType' object is not subscriptable
2026-04-22 11:07:03,231 - utils - WARNING - Function fetch_data attempt 1 failed: 'NoneType' object is not subscriptable, retrying in 5s...
2026-04-22 11:07:08,232 - utils - INFO - 正在获取财报分析数据: 20261231
2026-04-22 11:07:08,375 - utils - ERROR - 获取财报数据失败 20261231: 'NoneType' object is not subscriptable
2026-04-22 11:07:08,375 - utils - WARNING - Function fetch_data attempt 2 failed: 'NoneType' object is not subscriptable, retrying in 5s...
2026-04-22 11:07:13,376 - utils - INFO - 正在获取财报分析数据: 20261231
2026-04-22 11:07:13,478 - utils - ERROR - 获取财报数据失败 20261231: 'NoneType' object is not subscriptable
2026-04-22 11:07:13,478 - utils - ERROR - Function fetch_data failed after 3 attempts: 'NoneType' object is not subscriptable
2026-04-22 11:07:13,478 - utils - ERROR - Failed to fetch financial analysis: 'NoneType' object is not subscriptable
2026-04-22 11:07:13,478 - utils - WARNING - Function fetch_financial_analysis attempt 2 failed: 'NoneType' object is not subscriptable, retrying in 5s...
2026-04-22 11:07:18,480 - utils - INFO - Fetching financial analysis...
2026-04-22 11:07:18,481 - utils - INFO - 正在获取财报分析数据: 20261231
2026-04-22 11:07:18,638 - utils - ERROR - 获取财报数据失败 20261231: 'NoneType' object is not subscriptable
2026-04-22 11:07:18,648 - utils - WARNING - Function fetch_data attempt 1 failed: 'NoneType' object is not subscriptable, retrying in 5s...
2026-04-22 11:07:20,692 - utils - INFO - Success: 实时行情_沪深京 - 5360 records
2026-04-22 11:07:20,692 - utils - INFO - All quote data fetch completed: 5/5 succeeded
2026-04-22 11:07:20,692 - utils - INFO - ==================================================
2026-04-22 11:07:20,692 - utils - ERROR - Financial comparison data fetch failed: name 'future_financial_comparison' is not defined
2026-04-22 11:07:23,651 - utils - INFO - 正在获取财报分析数据: 20261231
2026-04-22 11:07:23,704 - utils - ERROR - 获取财报数据失败 20261231: 'NoneType' object is not subscriptable
2026-04-22 11:07:23,704 - utils - WARNING - Function fetch_data attempt 2 failed: 'NoneType' object is not subscriptable, retrying in 5s...
2026-04-22 11:07:28,705 - utils - INFO - 正在获取财报分析数据: 20261231
2026-04-22 11:07:28,860 - utils - ERROR - 获取财报数据失败 20261231: 'NoneType' object is not subscriptable
2026-04-22 11:07:28,860 - utils - ERROR - Function fetch_data failed after 3 attempts: 'NoneType' object is not subscriptable
2026-04-22 11:07:28,860 - utils - ERROR - Failed to fetch financial analysis: 'NoneType' object is not subscriptable
2026-04-22 11:07:28,860 - utils - ERROR - Function fetch_financial_analysis failed after 3 attempts: 'NoneType' object is not subscriptable
2026-04-22 11:07:28,860 - utils - INFO - ==================================================
2026-04-22 11:07:28,860 - utils - INFO - Parallel fetch completed: 6 data sources succeeded
2026-04-22 11:25:20,132 - utils - INFO - Fetching financial analysis...
2026-04-22 11:25:20,132 - utils - INFO - 正在获取财报分析数据: 20260630
2026-04-22 11:25:20,307 - utils - ERROR - 获取财报数据失败 20260630: 'NoneType' object is not subscriptable
2026-04-22 11:25:20,307 - utils - WARNING - Function fetch_data attempt 1 failed: 'NoneType' object is not subscriptable, retrying in 5s...
2026-04-22 11:25:25,309 - utils - INFO - 正在获取财报分析数据: 20260630
2026-04-22 11:25:25,368 - utils - ERROR - 获取财报数据失败 20260630: 'NoneType' object is not subscriptable
2026-04-22 11:25:25,369 - utils - WARNING - Function fetch_data attempt 2 failed: 'NoneType' object is not subscriptable, retrying in 5s...
2026-04-22 11:25:30,371 - utils - INFO - 正在获取财报分析数据: 20260630
2026-04-22 11:25:30,470 - utils - ERROR - 获取财报数据失败 20260630: 'NoneType' object is not subscriptable
2026-04-22 11:25:30,470 - utils - ERROR - Function fetch_data failed after 3 attempts: 'NoneType' object is not subscriptable
2026-04-22 11:25:30,470 - utils - ERROR - Failed to fetch financial analysis: 'NoneType' object is not subscriptable
2026-04-22 11:25:30,470 - utils - WARNING - Function fetch_financial_analysis attempt 1 failed: 'NoneType' object is not subscriptable, retrying in 5s...
2026-04-22 11:25:35,471 - utils - INFO - Fetching financial analysis...
2026-04-22 11:25:35,471 - utils - INFO - 正在获取财报分析数据: 20260630
2026-04-22 11:25:35,542 - utils - ERROR - 获取财报数据失败 20260630: 'NoneType' object is not subscriptable
2026-04-22 11:25:35,542 - utils - WARNING - Function fetch_data attempt 1 failed: 'NoneType' object is not subscriptable, retrying in 5s...
2026-04-22 11:25:40,543 - utils - INFO - 正在获取财报分析数据: 20260630
2026-04-22 11:25:40,648 - utils - ERROR - 获取财报数据失败 20260630: 'NoneType' object is not subscriptable
2026-04-22 11:25:40,648 - utils - WARNING - Function fetch_data attempt 2 failed: 'NoneType' object is not subscriptable, retrying in 5s...
2026-04-22 11:25:43,850 - utils - INFO - Fetching stock history: bj920001 (A股)
2026-04-22 11:25:44,513 - utils - INFO - Fetched 5 records for bj920001 (A股)
2026-04-22 11:25:45,650 - utils - INFO - 正在获取财报分析数据: 20260630
2026-04-22 11:25:45,730 - utils - ERROR - 获取财报数据失败 20260630: 'NoneType' object is not subscriptable
2026-04-22 11:25:45,730 - utils - ERROR - Function fetch_data failed after 3 attempts: 'NoneType' object is not subscriptable
2026-04-22 11:25:45,730 - utils - ERROR - Failed to fetch financial analysis: 'NoneType' object is not subscriptable
2026-04-22 11:25:45,730 - utils - WARNING - Function fetch_financial_analysis attempt 2 failed: 'NoneType' object is not subscriptable, retrying in 5s...
2026-04-22 11:25:50,731 - utils - INFO - Fetching financial analysis...
2026-04-22 11:25:50,732 - utils - INFO - 正在获取财报分析数据: 20260630
2026-04-22 11:25:50,856 - utils - ERROR - 获取财报数据失败 20260630: 'NoneType' object is not subscriptable
2026-04-22 11:25:50,856 - utils - WARNING - Function fetch_data attempt 1 failed: 'NoneType' object is not subscriptable, retrying in 5s...
2026-04-22 11:25:55,857 - utils - INFO - 正在获取财报分析数据: 20260630
2026-04-22 11:25:55,908 - utils - ERROR - 获取财报数据失败 20260630: 'NoneType' object is not subscriptable
2026-04-22 11:25:55,909 - utils - WARNING - Function fetch_data attempt 2 failed: 'NoneType' object is not subscriptable, retrying in 5s...
2026-04-22 11:26:00,909 - utils - INFO - 正在获取财报分析数据: 20260630
2026-04-22 11:26:01,099 - utils - ERROR - 获取财报数据失败 20260630: 'NoneType' object is not subscriptable
2026-04-22 11:26:01,100 - utils - ERROR - Function fetch_data failed after 3 attempts: 'NoneType' object is not subscriptable
2026-04-22 11:26:01,100 - utils - ERROR - Failed to fetch financial analysis: 'NoneType' object is not subscriptable
2026-04-22 11:26:01,100 - utils - ERROR - Function fetch_financial_analysis failed after 3 attempts: 'NoneType' object is not subscriptable
2026-04-22 11:26:28,425 - utils - INFO - Fetching financial analysis...
2026-04-22 11:26:28,425 - utils - INFO - 正在获取财报分析数据: 20250630
2026-04-22 11:26:37,883 - utils - INFO - 成功获取 20250630 财报数据，共 11454 条
2026-04-22 11:35:30,075 - utils - INFO - Fetching stock history: bj920001 (A股)
2026-04-22 11:35:31,091 - utils - INFO - Fetched 5 records for bj920001 (A股)
2026-04-22 11:36:25,987 - utils - INFO - Fetching financial analysis...
2026-04-22 11:36:25,987 - utils - INFO - 正在获取财报分析数据: 20250930
2026-04-22 11:36:29,969 - utils - INFO - 成功获取 20250930 财报数据，共 5853 条
2026-04-22 11:44:18,482 - utils - INFO - ==================================================
2026-04-22 11:44:18,482 - utils - INFO - Starting to fetch quote data only...
2026-04-22 11:44:18,482 - utils - INFO - ==================================================
2026-04-22 11:44:18,482 - utils - INFO - Starting to fetch all quote data sources in parallel...
2026-04-22 11:44:18,483 - utils - INFO - Fetching real-time quote data (沪深京A股) from Sina Finance...
2026-04-22 11:44:18,483 - utils - INFO - Fetching real-time quote data (B股)...
2026-04-22 11:44:18,484 - utils - INFO - Fetching real-time quote data (AH股)...
2026-04-22 11:44:18,484 - utils - INFO - Fetching real-time quote data (科创版)...
2026-04-22 11:44:18,485 - utils - INFO - Fetching real-time quote data (港股)...
2026-04-22 11:44:19,048 - utils - INFO - Success: 实时行情_B股 - 79 records
2026-04-22 11:44:22,069 - utils - INFO - Success: 实时行情_AH股 - 200 records
2026-04-22 11:44:22,358 - utils - INFO - Success: 实时行情_科创版 - 608 records
2026-04-22 11:44:31,336 - utils - INFO - Success: 实时行情_港股 - 2744 records
2026-04-22 11:44:55,104 - utils - INFO - Success: 实时行情_沪深京 - 5507 records
2026-04-22 11:44:55,104 - utils - INFO - All quote data fetch completed: 5/5 succeeded
2026-04-22 11:44:55,104 - utils - INFO - ==================================================
2026-04-22 11:44:55,104 - utils - INFO - ==================================================
2026-04-22 11:44:55,104 - utils - INFO - Quote data fetch completed: 5 data sources succeeded
2026-04-23 09:04:40,490 - utils - INFO - Fetching stock history: bj920001 (A股)
2026-04-23 09:04:41,607 - utils - INFO - Fetched 5 records for bj920001 (A股)
2026-04-23 11:47:49,972 - utils - INFO - Fetching stock history: bj920001 (A股)
2026-04-23 11:47:50,857 - utils - INFO - Fetched 5 records for bj920001 (A股)
2026-04-23 15:18:41,208 - utils - INFO - Fetching stock history: bj920001 (A股)
2026-04-23 15:18:42,027 - utils - INFO - Fetched 5 records for bj920001 (A股)
2026-04-23 15:58:58,798 - utils - INFO - Fetching stock history: bj920001 (A股)
2026-04-23 15:58:59,636 - utils - INFO - Fetched 5 records for bj920001 (A股)
2026-04-23 16:18:14,877 - utils - INFO - Fetching stock history: bj920001 (A股)
2026-04-23 16:18:15,698 - utils - INFO - Fetched 5 records for bj920001 (A股)
2026-04-23 16:32:49,538 - utils - INFO - Fetching stock history: bj920001 (A股)
2026-04-23 16:32:50,787 - utils - INFO - Fetched 6 records for bj920001 (A股)
2026-04-23 16:39:07,985 - utils - INFO - Fetching financial analysis...
2026-04-23 16:39:07,986 - utils - INFO - 正在获取财报分析数据: 20251231
2026-04-23 16:39:12,783 - utils - INFO - 成功获取 20251231 财报数据，共 5546 条
2026-04-23 16:39:28,727 - utils - INFO - Fetching stock history: bj920001 (A股)
2026-04-23 16:39:29,429 - utils - INFO - Fetched 6 records for bj920001 (A股)
2026-04-23 17:02:30,625 - utils - INFO - ==================================================
2026-04-23 17:02:30,625 - utils - INFO - Starting to fetch quote data only...
2026-04-23 17:02:30,625 - utils - INFO - ==================================================
2026-04-23 17:02:30,625 - utils - INFO - Starting to fetch all quote data sources in parallel...
2026-04-23 17:02:30,625 - utils - INFO - Fetching real-time quote data (沪深京A股) from Sina Finance...
2026-04-23 17:02:30,626 - utils - INFO - Fetching real-time quote data (B股)...
2026-04-23 17:02:30,626 - utils - INFO - Fetching real-time quote data (AH股)...
2026-04-23 17:02:30,627 - utils - INFO - Fetching real-time quote data (科创版)...
2026-04-23 17:02:30,627 - utils - INFO - Fetching real-time quote data (港股)...
2026-04-23 17:02:31,216 - utils - INFO - Success: 实时行情_B股 - 79 records
2026-04-23 17:02:33,002 - utils - INFO - Success: 实时行情_科创版 - 608 records
2026-04-23 17:02:33,607 - utils - INFO - Success: 实时行情_AH股 - 200 records
2026-04-23 17:02:55,715 - utils - INFO - Success: 实时行情_沪深京 - 5507 records
2026-04-23 17:03:13,907 - utils - INFO - Success: 实时行情_港股 - 2746 records
2026-04-23 17:03:13,908 - utils - INFO - All quote data fetch completed: 5/5 succeeded
2026-04-23 17:03:13,908 - utils - INFO - ==================================================
2026-04-23 17:03:13,908 - utils - INFO - ==================================================
2026-04-23 17:03:13,908 - utils - INFO - Quote data fetch completed: 5 data sources succeeded
2026-04-23 17:03:25,584 - utils - INFO - Fetching stock history: bj920001 (A股)
2026-04-23 17:03:26,386 - utils - INFO - Fetched 6 records for bj920001 (A股)
2026-04-23 20:56:10,304 - utils - INFO - ==================================================
2026-04-23 20:56:10,307 - utils - INFO - Starting to fetch quote data only...
2026-04-23 20:56:10,307 - utils - INFO - ==================================================
2026-04-23 20:56:10,307 - utils - INFO - Starting to fetch all quote data sources in parallel...
2026-04-23 20:56:10,309 - utils - INFO - Fetching real-time quote data (沪深京A股) from Sina Finance...
2026-04-23 20:56:10,314 - utils - INFO - Fetching real-time quote data (B股)...
2026-04-23 20:56:10,316 - utils - INFO - Fetching real-time quote data (AH股)...
2026-04-23 20:56:10,316 - utils - INFO - Fetching real-time quote data (科创版)...
2026-04-23 20:56:10,317 - utils - INFO - Fetching real-time quote data (港股)...
2026-04-23 20:56:10,778 - utils - INFO - Success: 实时行情_B股 - 79 records
2026-04-23 20:56:13,220 - utils - INFO - Success: 实时行情_AH股 - 200 records
2026-04-23 20:56:13,703 - utils - INFO - Success: 实时行情_科创版 - 608 records
2026-04-23 20:56:50,796 - utils - INFO - Success: 实时行情_沪深京 - 5507 records
2026-04-23 20:56:51,056 - utils - INFO - Fetching financial analysis...
2026-04-23 20:56:51,056 - utils - INFO - 正在获取财报分析数据: 20251231
2026-04-23 20:56:56,040 - utils - INFO - 成功获取 20251231 财报数据，共 6148 条
2026-04-23 20:57:26,901 - utils - INFO - Success: 实时行情_港股 - 2746 records
2026-04-23 20:57:26,903 - utils - INFO - All quote data fetch completed: 5/5 succeeded
2026-04-23 20:57:26,903 - utils - INFO - ==================================================
2026-04-23 20:57:26,903 - utils - INFO - ==================================================
2026-04-23 20:57:26,903 - utils - INFO - Quote data fetch completed: 5 data sources succeeded
2026-04-23 20:59:33,306 - utils - INFO - Fetching growth comparison for: BJ920001
2026-04-23 20:59:33,433 - utils - INFO - Fetched 8 comparison records for BJ920001
2026-04-23 21:21:05,517 - utils - INFO - Fetching financial analysis...
2026-04-23 21:21:05,518 - utils - INFO - 正在获取财报分析数据: 20261231
2026-04-23 21:21:05,667 - utils - ERROR - 获取财报数据失败 20261231: 'NoneType' object is not subscriptable
2026-04-23 21:21:05,667 - utils - WARNING - Function fetch_data attempt 1 failed: 'NoneType' object is not subscriptable, retrying in 5s...
2026-04-23 21:21:10,669 - utils - INFO - 正在获取财报分析数据: 20261231
2026-04-23 21:21:10,734 - utils - ERROR - 获取财报数据失败 20261231: 'NoneType' object is not subscriptable
2026-04-23 21:21:10,734 - utils - WARNING - Function fetch_data attempt 2 failed: 'NoneType' object is not subscriptable, retrying in 5s...
2026-04-23 21:21:15,736 - utils - INFO - 正在获取财报分析数据: 20261231
2026-04-23 21:21:15,855 - utils - ERROR - 获取财报数据失败 20261231: 'NoneType' object is not subscriptable
2026-04-23 21:21:15,855 - utils - ERROR - Function fetch_data failed after 3 attempts: 'NoneType' object is not subscriptable
2026-04-23 21:21:15,855 - utils - ERROR - Failed to fetch financial analysis: 'NoneType' object is not subscriptable
2026-04-23 21:21:15,855 - utils - WARNING - Function fetch_financial_analysis attempt 1 failed: 'NoneType' object is not subscriptable, retrying in 5s...
2026-04-23 21:21:20,856 - utils - INFO - Fetching financial analysis...
2026-04-23 21:21:20,856 - utils - INFO - 正在获取财报分析数据: 20261231
2026-04-23 21:21:21,178 - utils - ERROR - 获取财报数据失败 20261231: 'NoneType' object is not subscriptable
2026-04-23 21:21:21,178 - utils - WARNING - Function fetch_data attempt 1 failed: 'NoneType' object is not subscriptable, retrying in 5s...
2026-04-23 21:21:26,181 - utils - INFO - 正在获取财报分析数据: 20261231
2026-04-23 21:21:26,294 - utils - ERROR - 获取财报数据失败 20261231: 'NoneType' object is not subscriptable
2026-04-23 21:21:26,295 - utils - WARNING - Function fetch_data attempt 2 failed: 'NoneType' object is not subscriptable, retrying in 5s...
2026-04-23 21:21:31,296 - utils - INFO - 正在获取财报分析数据: 20261231
2026-04-23 21:21:31,370 - utils - ERROR - 获取财报数据失败 20261231: 'NoneType' object is not subscriptable
2026-04-23 21:21:31,370 - utils - ERROR - Function fetch_data failed after 3 attempts: 'NoneType' object is not subscriptable
2026-04-23 21:21:31,370 - utils - ERROR - Failed to fetch financial analysis: 'NoneType' object is not subscriptable
2026-04-23 21:21:31,370 - utils - WARNING - Function fetch_financial_analysis attempt 2 failed: 'NoneType' object is not subscriptable, retrying in 5s...
2026-04-23 21:21:36,371 - utils - INFO - Fetching financial analysis...
2026-04-23 21:21:36,372 - utils - INFO - 正在获取财报分析数据: 20261231
2026-04-23 21:21:36,521 - utils - ERROR - 获取财报数据失败 20261231: 'NoneType' object is not subscriptable
2026-04-23 21:21:36,522 - utils - WARNING - Function fetch_data attempt 1 failed: 'NoneType' object is not subscriptable, retrying in 5s...
2026-04-23 21:21:41,522 - utils - INFO - 正在获取财报分析数据: 20261231
2026-04-23 21:21:41,603 - utils - ERROR - 获取财报数据失败 20261231: 'NoneType' object is not subscriptable
2026-04-23 21:21:41,603 - utils - WARNING - Function fetch_data attempt 2 failed: 'NoneType' object is not subscriptable, retrying in 5s...
2026-04-23 21:21:46,603 - utils - INFO - 正在获取财报分析数据: 20261231
2026-04-23 21:21:46,758 - utils - ERROR - 获取财报数据失败 20261231: 'NoneType' object is not subscriptable
2026-04-23 21:21:46,758 - utils - ERROR - Function fetch_data failed after 3 attempts: 'NoneType' object is not subscriptable
2026-04-23 21:21:46,758 - utils - ERROR - Failed to fetch financial analysis: 'NoneType' object is not subscriptable
2026-04-23 21:21:46,758 - utils - ERROR - Function fetch_financial_analysis failed after 3 attempts: 'NoneType' object is not subscriptable
2026-04-23 21:22:07,643 - utils - INFO - Fetching financial analysis...
2026-04-23 21:22:07,643 - utils - INFO - 正在获取财报分析数据: 20251231
2026-04-23 21:22:12,485 - utils - INFO - 成功获取 20251231 财报数据，共 6183 条
2026-04-23 22:35:07,514 - utils - INFO - Fetching financial analysis...
2026-04-23 22:35:07,514 - utils - INFO - 正在获取财报分析数据: 20250630
2026-04-23 22:35:16,563 - utils - INFO - 成功获取 20250630 财报数据，共 11455 条
2026-04-23 22:35:40,331 - utils - INFO - Fetching stock history: bj920001 (A股)
2026-04-23 22:35:41,420 - utils - INFO - Fetched 6 records for bj920001 (A股)
2026-04-23 22:36:27,661 - utils - INFO - Fetching financial analysis...
2026-04-23 22:36:27,661 - utils - INFO - 正在获取财报分析数据: 20260331
2026-04-23 22:36:36,166 - utils - INFO - 成功获取 20260331 财报数据，共 1266 条
2026-04-23 22:38:01,826 - utils - INFO - Fetching stock history: bj920001 (A股)
2026-04-23 22:38:03,737 - utils - INFO - Fetched 6 records for bj920001 (A股)
2026-04-24 17:23:49,735 - utils - INFO - ==================================================
2026-04-24 17:23:49,737 - utils - INFO - Starting to fetch quote data only...
2026-04-24 17:23:49,737 - utils - INFO - ==================================================
2026-04-24 17:23:49,737 - utils - INFO - Starting to fetch all quote data sources in parallel...
2026-04-24 17:23:49,742 - utils - INFO - Fetching real-time quote data (沪深京A股) from Sina Finance...
2026-04-24 17:23:49,745 - utils - INFO - Fetching real-time quote data (B股)...
2026-04-24 17:23:49,750 - utils - INFO - Fetching real-time quote data (AH股)...
2026-04-24 17:23:49,759 - utils - INFO - Fetching real-time quote data (科创版)...
2026-04-24 17:23:49,760 - utils - INFO - Fetching real-time quote data (港股)...
2026-04-24 17:23:50,311 - utils - INFO - Success: 实时行情_B股 - 79 records
2026-04-24 17:23:52,851 - utils - INFO - Success: 实时行情_科创版 - 609 records
2026-04-24 17:23:52,865 - utils - INFO - Success: 实时行情_AH股 - 200 records
2026-04-24 17:24:10,519 - utils - INFO - Success: 实时行情_沪深京 - 5509 records
2026-04-24 17:24:32,545 - utils - INFO - Success: 实时行情_港股 - 2745 records
2026-04-24 17:24:32,546 - utils - INFO - All quote data fetch completed: 5/5 succeeded
2026-04-24 17:24:32,546 - utils - INFO - ==================================================
2026-04-24 17:24:32,546 - utils - INFO - ==================================================
2026-04-24 17:24:32,546 - utils - INFO - Quote data fetch completed: 5 data sources succeeded
2026-04-24 17:33:36,490 - utils - INFO - Fetching stock history: bj920001 (A股)
2026-04-24 17:33:37,281 - utils - INFO - Fetched 22 records for bj920001 (A股)
2026-04-24 17:49:06,572 - utils - INFO - Fetching stock history: bj920001 (A股)
2026-04-24 17:49:07,298 - utils - INFO - Fetched 6 records for bj920001 (A股)
2026-04-24 18:08:00,430 - utils - INFO - Fetching stock history: bj920001 (A股)
2026-04-24 18:08:01,016 - utils - INFO - Fetched 58 records for bj920001 (A股)
2026-04-24 18:09:02,946 - utils - INFO - Fetching stock history: bj920001 (A股)
2026-04-24 18:09:03,514 - utils - INFO - Fetched 243 records for bj920001 (A股)
2026-04-24 18:09:18,540 - utils - INFO - Fetching stock history: bj920001 (A股)
2026-04-24 18:09:18,940 - utils - INFO - Fetched 22 records for bj920001 (A股)
2026-04-24 18:09:28,748 - utils - INFO - Fetching stock history: bj920001 (A股)
2026-04-24 18:09:29,143 - utils - INFO - Fetched 58 records for bj920001 (A股)
2026-04-24 18:20:25,954 - utils - INFO - Fetching stock history: bj920001 (A股)
2026-04-24 18:20:25,983 - utils - WARNING - Function fetch_stock_history attempt 1 failed: HTTPSConnectionPool(host='finance.sina.com.cn', port=443): Max retries exceeded with url: /realstock/company/bj920001/hisdata_klc2/klc_kl.js (Caused by NewConnectionError("HTTPSConnection(host='finance.sina.com.cn', port=443): Failed to establish a new connection: [WinError 10013] 以一种访问权限不允许的方式做了一个访问套接字的尝试。")), retrying in 5s...
2026-04-24 18:20:26,395 - utils - INFO - Fetching stock history: bj920001 (A股)
2026-04-24 18:20:26,406 - utils - WARNING - Function fetch_stock_history attempt 1 failed: HTTPSConnectionPool(host='finance.sina.com.cn', port=443): Max retries exceeded with url: /realstock/company/bj920001/hisdata_klc2/klc_kl.js (Caused by NewConnectionError("HTTPSConnection(host='finance.sina.com.cn', port=443): Failed to establish a new connection: [WinError 10013] 以一种访问权限不允许的方式做了一个访问套接字的尝试。")), retrying in 5s...
2026-04-24 18:20:30,984 - utils - INFO - Fetching stock history: bj920001 (A股)
2026-04-24 18:20:30,990 - utils - WARNING - Function fetch_stock_history attempt 2 failed: HTTPSConnectionPool(host='finance.sina.com.cn', port=443): Max retries exceeded with url: /realstock/company/bj920001/hisdata_klc2/klc_kl.js (Caused by NewConnectionError("HTTPSConnection(host='finance.sina.com.cn', port=443): Failed to establish a new connection: [WinError 10013] 以一种访问权限不允许的方式做了一个访问套接字的尝试。")), retrying in 5s...
2026-04-24 18:20:31,406 - utils - INFO - Fetching stock history: bj920001 (A股)
2026-04-24 18:20:31,411 - utils - WARNING - Function fetch_stock_history attempt 2 failed: HTTPSConnectionPool(host='finance.sina.com.cn', port=443): Max retries exceeded with url: /realstock/company/bj920001/hisdata_klc2/klc_kl.js (Caused by NewConnectionError("HTTPSConnection(host='finance.sina.com.cn', port=443): Failed to establish a new connection: [WinError 10013] 以一种访问权限不允许的方式做了一个访问套接字的尝试。")), retrying in 5s...
2026-04-24 18:20:35,991 - utils - INFO - Fetching stock history: bj920001 (A股)
2026-04-24 18:20:35,994 - utils - ERROR - Function fetch_stock_history failed after 3 attempts: HTTPSConnectionPool(host='finance.sina.com.cn', port=443): Max retries exceeded with url: /realstock/company/bj920001/hisdata_klc2/klc_kl.js (Caused by NewConnectionError("HTTPSConnection(host='finance.sina.com.cn', port=443): Failed to establish a new connection: [WinError 10013] 以一种访问权限不允许的方式做了一个访问套接字的尝试。"))
2026-04-24 18:20:36,412 - utils - INFO - Fetching stock history: bj920001 (A股)
2026-04-24 18:20:36,417 - utils - ERROR - Function fetch_stock_history failed after 3 attempts: HTTPSConnectionPool(host='finance.sina.com.cn', port=443): Max retries exceeded with url: /realstock/company/bj920001/hisdata_klc2/klc_kl.js (Caused by NewConnectionError("HTTPSConnection(host='finance.sina.com.cn', port=443): Failed to establish a new connection: [WinError 10013] 以一种访问权限不允许的方式做了一个访问套接字的尝试。"))
2026-04-24 18:24:39,608 - utils - INFO - Fetching stock history: bj920001 (A股)
2026-04-24 18:24:40,230 - utils - INFO - Fetched 58 records for bj920001 (A股)
2026-04-24 18:37:07,515 - utils - INFO - Fetching stock history: bj920002 (A股)
2026-04-24 18:37:08,469 - utils - INFO - Fetched 22 records for bj920002 (A股)
2026-04-24 19:35:38,168 - utils - INFO - Fetching stock history: bj920001 (A股)
2026-04-24 19:35:39,180 - utils - INFO - Fetched 22 records for bj920001 (A股)
2026-04-24 19:36:05,003 - utils - INFO - Fetching stock history: bj920001 (A股)
2026-04-24 19:36:05,510 - utils - INFO - Fetched 243 records for bj920001 (A股)
2026-04-24 19:36:31,559 - utils - INFO - Fetching stock history: bj920001 (A股)
2026-04-24 19:36:31,892 - utils - INFO - Fetched 22 records for bj920001 (A股)
2026-04-24 20:24:16,656 - utils - INFO - Fetching stock history: bj920001 (A股)
2026-04-24 20:24:17,598 - utils - INFO - Fetched 58 records for bj920001 (A股)
2026-04-24 21:33:19,315 - utils - INFO - Fetching stock history: bj920001 (A股)
2026-04-24 21:33:20,195 - utils - INFO - Fetched 22 records for bj920001 (A股)
2026-04-24 23:55:57,744 - utils - INFO - Fetching stock history: bj920001 (A股)
2026-04-24 23:55:58,487 - utils - INFO - Fetched 22 records for bj920001 (A股)
2026-04-26 20:10:02,489 - utils - INFO - Fetching financial analysis...
2026-04-26 20:10:02,489 - utils - INFO - 正在获取财报分析数据: 20261231
2026-04-26 20:10:03,471 - utils - ERROR - 获取财报数据失败 20261231: 'NoneType' object is not subscriptable
2026-04-26 20:10:03,471 - utils - WARNING - Function fetch_data attempt 1 failed: 'NoneType' object is not subscriptable, retrying in 5s...
2026-04-26 20:10:08,473 - utils - INFO - 正在获取财报分析数据: 20261231
2026-04-26 20:10:08,547 - utils - ERROR - 获取财报数据失败 20261231: 'NoneType' object is not subscriptable
2026-04-26 20:10:08,548 - utils - WARNING - Function fetch_data attempt 2 failed: 'NoneType' object is not subscriptable, retrying in 5s...
2026-04-26 20:10:13,550 - utils - INFO - 正在获取财报分析数据: 20261231
2026-04-26 20:10:13,691 - utils - ERROR - 获取财报数据失败 20261231: 'NoneType' object is not subscriptable
2026-04-26 20:10:13,691 - utils - ERROR - Function fetch_data failed after 3 attempts: 'NoneType' object is not subscriptable
2026-04-26 20:10:13,691 - utils - ERROR - Failed to fetch financial analysis: 'NoneType' object is not subscriptable
2026-04-26 20:10:13,691 - utils - WARNING - Function fetch_financial_analysis attempt 1 failed: 'NoneType' object is not subscriptable, retrying in 5s...
2026-04-26 20:10:18,692 - utils - INFO - Fetching financial analysis...
2026-04-26 20:10:18,692 - utils - INFO - 正在获取财报分析数据: 20261231
2026-04-26 20:10:18,785 - utils - ERROR - 获取财报数据失败 20261231: 'NoneType' object is not subscriptable
2026-04-26 20:10:18,786 - utils - WARNING - Function fetch_data attempt 1 failed: 'NoneType' object is not subscriptable, retrying in 5s...
2026-04-26 20:10:23,788 - utils - INFO - 正在获取财报分析数据: 20261231
2026-04-26 20:10:23,954 - utils - ERROR - 获取财报数据失败 20261231: 'NoneType' object is not subscriptable
2026-04-26 20:10:23,954 - utils - WARNING - Function fetch_data attempt 2 failed: 'NoneType' object is not subscriptable, retrying in 5s...
2026-04-26 20:10:28,956 - utils - INFO - 正在获取财报分析数据: 20261231
2026-04-26 20:10:29,027 - utils - ERROR - 获取财报数据失败 20261231: 'NoneType' object is not subscriptable
2026-04-26 20:10:29,027 - utils - ERROR - Function fetch_data failed after 3 attempts: 'NoneType' object is not subscriptable
2026-04-26 20:10:29,027 - utils - ERROR - Failed to fetch financial analysis: 'NoneType' object is not subscriptable
2026-04-26 20:10:29,027 - utils - WARNING - Function fetch_financial_analysis attempt 2 failed: 'NoneType' object is not subscriptable, retrying in 5s...
2026-04-26 20:10:34,030 - utils - INFO - Fetching financial analysis...
2026-04-26 20:10:34,031 - utils - INFO - 正在获取财报分析数据: 20261231
2026-04-26 20:10:34,174 - utils - ERROR - 获取财报数据失败 20261231: 'NoneType' object is not subscriptable
2026-04-26 20:10:34,175 - utils - WARNING - Function fetch_data attempt 1 failed: 'NoneType' object is not subscriptable, retrying in 5s...
2026-04-26 20:10:39,177 - utils - INFO - 正在获取财报分析数据: 20261231
2026-04-26 20:10:39,246 - utils - ERROR - 获取财报数据失败 20261231: 'NoneType' object is not subscriptable
2026-04-26 20:10:39,247 - utils - WARNING - Function fetch_data attempt 2 failed: 'NoneType' object is not subscriptable, retrying in 5s...
2026-04-26 20:10:44,249 - utils - INFO - 正在获取财报分析数据: 20261231
2026-04-26 20:10:44,463 - utils - ERROR - 获取财报数据失败 20261231: 'NoneType' object is not subscriptable
2026-04-26 20:10:44,464 - utils - ERROR - Function fetch_data failed after 3 attempts: 'NoneType' object is not subscriptable
2026-04-26 20:10:44,464 - utils - ERROR - Failed to fetch financial analysis: 'NoneType' object is not subscriptable
2026-04-26 20:10:44,464 - utils - ERROR - Function fetch_financial_analysis failed after 3 attempts: 'NoneType' object is not subscriptable
2026-04-26 20:11:00,586 - utils - INFO - Fetching financial analysis...
2026-04-26 20:11:00,587 - utils - INFO - 正在获取财报分析数据: 20251231
2026-04-26 20:11:10,128 - utils - INFO - 成功获取 20251231 财报数据，共 7824 条
2026-04-27 11:39:15,618 - utils - INFO - Fetching stock history: bj920001 (A股)
2026-04-27 11:39:16,541 - utils - INFO - Fetched 19 records for bj920001 (A股)
2026-04-27 12:00:55,740 - utils - INFO - Fetching stock history: bj920001 (A股)
2026-04-27 12:00:56,535 - utils - INFO - Fetched 19 records for bj920001 (A股)
2026-04-27 12:15:01,318 - utils - INFO - Fetching stock history: bj920001 (A股)
2026-04-27 12:15:02,703 - utils - INFO - Fetched 19 records for bj920001 (A股)
2026-04-28 19:34:05,926 - utils - INFO - Fetching stock history: bj920001 (A股)
2026-04-28 19:34:07,369 - utils - INFO - Fetched 6 records for bj920001 (A股)
2026-04-28 19:34:20,130 - utils - INFO - Fetching stock history: bj920001 (A股)
2026-04-28 19:34:20,701 - utils - INFO - Fetched 21 records for bj920001 (A股)
2026-04-28 19:35:01,918 - utils - INFO - ==================================================
2026-04-28 19:35:01,918 - utils - INFO - Starting to fetch quote data only...
2026-04-28 19:35:01,918 - utils - INFO - ==================================================
2026-04-28 19:35:01,918 - utils - INFO - Starting to fetch all quote data sources in parallel...
2026-04-28 19:35:01,918 - utils - INFO - Fetching real-time quote data (沪深京A股) from Sina Finance...
2026-04-28 19:35:01,919 - utils - INFO - Fetching real-time quote data (B股)...
2026-04-28 19:35:01,919 - utils - INFO - Fetching real-time quote data (AH股)...
2026-04-28 19:35:01,921 - utils - INFO - Fetching real-time quote data (科创版)...
2026-04-28 19:35:01,921 - utils - INFO - Fetching real-time quote data (港股)...
2026-04-28 19:35:02,422 - utils - INFO - Success: 实时行情_B股 - 79 records
2026-04-28 19:35:04,070 - utils - INFO - Success: 实时行情_科创版 - 609 records
2026-04-28 19:35:06,298 - utils - INFO - Success: 实时行情_AH股 - 200 records
2026-04-28 19:35:19,223 - utils - INFO - Success: 实时行情_沪深京 - 5509 records
2026-04-28 19:35:33,958 - utils - INFO - ==================================================
2026-04-28 19:35:33,958 - utils - INFO - Starting to fetch quote data only...
2026-04-28 19:35:33,958 - utils - INFO - ==================================================
2026-04-28 19:35:33,958 - utils - INFO - Starting to fetch all quote data sources in parallel...
2026-04-28 19:35:33,959 - utils - INFO - Fetching real-time quote data (沪深京A股) from Sina Finance...
2026-04-28 19:35:33,959 - utils - INFO - Fetching real-time quote data (B股)...
2026-04-28 19:35:33,959 - utils - INFO - Fetching real-time quote data (AH股)...
2026-04-28 19:35:33,959 - utils - INFO - Fetching real-time quote data (科创版)...
2026-04-28 19:35:33,961 - utils - INFO - Fetching real-time quote data (港股)...
2026-04-28 19:35:34,170 - utils - INFO - Success: 实时行情_B股 - 79 records
2026-04-28 19:35:36,411 - utils - INFO - Success: 实时行情_科创版 - 609 records
2026-04-28 19:35:38,244 - utils - INFO - Success: 实时行情_AH股 - 200 records
2026-04-28 19:35:40,618 - utils - INFO - Success: 实时行情_港股 - 2748 records
2026-04-28 19:35:40,620 - utils - INFO - All quote data fetch completed: 5/5 succeeded
2026-04-28 19:35:40,620 - utils - INFO - ==================================================
2026-04-28 19:35:40,620 - utils - INFO - ==================================================
2026-04-28 19:35:40,620 - utils - INFO - Quote data fetch completed: 5 data sources succeeded
2026-04-28 19:35:49,407 - utils - INFO - Success: 实时行情_沪深京 - 5509 records
2026-04-28 19:36:13,542 - utils - INFO - Success: 实时行情_港股 - 2748 records
2026-04-28 19:36:13,543 - utils - INFO - All quote data fetch completed: 5/5 succeeded
2026-04-28 19:36:13,543 - utils - INFO - ==================================================
2026-04-28 19:36:13,543 - utils - INFO - ==================================================
2026-04-28 19:36:13,543 - utils - INFO - Quote data fetch completed: 5 data sources succeeded
2026-04-28 19:36:19,495 - utils - INFO - Fetching growth comparison for: BJ920001
2026-04-28 19:36:19,669 - utils - INFO - Fetched 8 comparison records for BJ920001
