日期时间,代码,中文名称,英文名称,交易类型,最新价,涨跌额,涨跌幅,昨收,今开,最高,最低,成交量,成交额,买一,卖一
2026/04/16 11:04:08,00001,长和,CKH HOLDINGS,,64.1,0.15,0.23456,63.95,64.35,65.0,64.0,2736300,176125604,64.05,64.1
2026/04/16 11:02:34,00002,中电控股,CLP HOLDINGS,,74.45,0.05,0.0672,74.4,74.6,75.1,74.05,1147447,85403223,74.35,74.45
2026/04/16 11:04:40,00003,香港中华煤气,HK & CHINA GAS,,7.27,0.0,0.0,7.27,7.27,7.32,7.24,8474602,61657667,7.26,7.27
2026/04/16 11:03:53,00004,九龙仓集团,WHARF HOLDINGS,,21.92,0.14,0.64279,21.78,21.66,21.92,21.44,686691,14895867,21.86,21.96
2026/04/16 11:04:46,00005,汇丰控股,HSBC HOLDINGS,,141.7,0.3,0.21216,141.4,141.3,142.1,141.0,2409291,341574704,141.7,141.8
2026/04/16 11:03:20,00006,电能实业,POWER ASSETS,,63.45,-0.25,-0.39247,63.7,63.7,64.15,63.3,573697,36481518,63.45,63.55
2026/04/16 08:55:00,00007,智富资源投资,WISDOM WEALTH,,0.032,0.0,0.0,0.032,0.0,0.0,0.0,0,0,0.0,0.0
2026/04/16 11:04:21,00008,电讯盈科,PCCW,,6.01,0.02,0.33389,5.99,5.97,6.03,5.97,887277,5327380,6.0,6.01
2026/04/16 11:03:14,00010,恒隆集团,HANG LUNG GROUP,,16.64,-0.37,-2.17519,17.01,16.9,16.9,16.43,238000,3965300,16.59,16.64
2026/04/16 11:04:38,00012,恒基地产,HENDERSON LAND,,30.22,-0.42,-1.37076,30.64,30.58,30.78,30.2,1646610,50003679,30.22,30.24
2026/04/16 11:04:25,00013,和黄医药,HUTCHMED,,24.06,-0.24,-0.98765,24.3,24.08,24.36,23.88,1246500,29978930,24.04,24.08
2026/04/16 11:04:11,00014,希慎兴业,HYSAN DEV,,19.0,-0.32,-1.65632,19.32,19.32,19.33,19.0,544627,10399643,19.0,19.06
2026/04/16 11:04:25,00016,新鸿基地产,SHK PPT,,137.1,-0.4,-0.29091,137.5,136.9,138.2,136.0,2046564,280510375,137.10001,137.2
2026/04/16 11:04:06,00017,新世界发展,NEW WORLD DEV,,8.85,0.07,0.79727,8.78,8.81,8.87,8.74,582399,5133771,8.83,8.85
2026/04/16 10:21:49,00018,东方传媒集团,ORIENTAL M G,,0.29,0.0,0.0,0.29,0.0,0.0,0.0,0,0,0.29,0.295
2026/04/16 11:00:33,00019,太古股份公司Ａ,SWIRE PACIFIC A,,85.2,-0.55,-0.6414,85.75,85.75,87.75,85.0,264535,22739738,85.05,85.2
2026/04/16 11:04:43,00020,商汤－Ｗ,SENSETIME-W,,2.08,0.03,1.46342,2.05,2.06,2.08,2.05,101952458,210715230,2.07,2.08
2026/04/16 10:05:53,00021,大中华控股,GREAT CHI HLDGS,,0.075,0.0,0.0,0.075,0.0,0.0,0.0,0,0,0.072,0.08
2026/04/16 11:00:14,00022,茂盛控股,MEXAN,,0.28,0.005,1.81818,0.275,0.28,0.28,0.275,9100000,2511600,0.275,0.28
2026/04/16 11:03:17,00023,东亚银行,BANK OF E ASIA,,13.65,-0.15,-1.08696,13.8,13.63,13.72,13.63,291860,3987299,13.65,13.66
2026/04/16 09:30:29,00025,CHEVALIER INT'L,CHEVALIER INT'L,,4.05,0.0,0.0,4.05,0.0,0.0,0.0,0,0,4.05,4.29
2026/04/16 10:35:19,00026,中华汽车,CHINA MOTOR BUS,,57.05,0.0,0.0,57.05,0.0,0.0,0.0,0,0,57.05,58.0
2026/04/16 11:04:04,00027,银河娱乐,GALAXY ENT,,34.8,0.24,0.69444,34.56,34.74,34.92,34.62,2213689,76927583,34.8,34.82
2026/04/16 09:30:32,00028,天安,TIAN AN,,4.41,0.0,0.0,4.41,0.0,0.0,0.0,0,0,4.34,4.45
2026/04/16 10:58:27,00029,达力集团,DYNAMIC HOLD,,11.1,0.0,0.0,11.1,11.1,11.1,11.1,4120,45710,11.02,11.34
2026/04/16 10:38:40,00030,云白国际,YNBY INTL,,0.25,-0.005,-1.96078,0.255,0.255,0.255,0.25,96000,24230,0.25,0.255
2026/04/16 11:01:46,00031,航天控股,CHINA AEROSPACE,,0.485,-0.005,-1.02041,0.49,0.49,0.49,0.485,1286000,624570,0.485,0.49
2026/04/16 10:54:53,00032,港通控股,CROSS-HAR(HOLD),,8.48,0.01,0.11806,8.47,8.47,8.48,8.47,16200,137252,8.49,8.7
2026/04/16 08:55:00,00033,INTL GENIUS,INTL GENIUS,,0.4,0.0,0.0,0.4,0.0,0.0,0.0,0,0,0.0,0.0
2026/04/16 10:41:29,00034,九龙建业,KOWLOON DEV,,4.66,0.02,0.43103,4.64,4.64,4.66,4.64,11000,51140,4.64,4.66
2026/04/16 10:31:11,00035,远东发展,FE CONSORT INTL,,0.77,-0.01,-1.28205,0.78,0.78,0.78,0.77,107000,82960,0.77,0.78
2026/04/16 08:55:00,00036,远东控股国际,FE HLDGS INTL,,0.275,0.0,0.0,0.275,0.0,0.0,0.0,0,0,0.0,0.0
2026/04/16 10:36:31,00037,远东酒店实业,FE HOTELS,,0.53,0.0,0.0,0.53,0.53,0.53,0.53,20000,10600,0.52,0.53
2026/04/16 11:02:34,00038,第一拖拉机股份,FIRST TRACTOR,,8.16,-0.03,-0.3663,8.19,8.27,8.35,8.1,1856735,15166387,8.14,8.17
2026/04/16 08:55:00,00039,中国北大荒,CH BEIDAHUANG,,0.045,0.0,0.0,0.045,0.0,0.0,0.0,0,0,0.0,0.0
2026/04/16 09:30:19,00040,金山科技工业,GOLD PEAK,,0.69,0.0,0.0,0.69,0.0,0.0,0.0,0,0,0.69,0.7
2026/04/16 10:51:00,00041,鹰君,GREAT EAGLE H,,17.79,-0.09,-0.50336,17.88,17.64,17.83,17.64,98000,1739700,17.71,17.79
2026/04/16 10:59:49,00042,东北电气,NE ELECTRIC,,0.41,0.005,1.23457,0.405,0.41,0.42,0.405,646000,267990,0.405,0.415
2026/04/16 10:56:50,00045,大酒店,HK&S HOTELS,,5.98,0.01,0.1675,5.97,5.98,5.98,5.97,23000,137375,5.97,6.01
2026/04/16 10:38:03,00046,科联系统,COMPUTER & TECH,,1.23,-0.01,-0.80645,1.24,1.25,1.25,1.23,26000,32300,1.21,1.25
2026/04/16 09:30:20,00048,中国汽车内饰,C AUTO INT DECO,,0.249,0.0,0.0,0.249,0.0,0.0,0.0,0,0,0.24,0.249
2026/04/16 11:04:06,00050,香港小轮（集团）,HK FERRY (HOLD),,5.11,0.0,0.0,5.11,5.11,5.11,5.11,7000,35770,5.11,5.16
2026/04/16 09:59:28,00051,海港企业,HARBOUR CENTRE,,4.42,0.0,0.0,4.42,0.0,0.0,0.0,0,0,4.32,4.44
2026/04/16 10:59:01,00052,大快活集团,FAIRWOOD HOLD,,3.98,-0.04,-0.99503,4.02,4.01,4.01,3.98,34000,135795,3.99,4.0
2026/04/16 10:17:39,00053,国浩集团,GUOCO GROUP,,68.9,0.0,0.0,68.9,0.0,0.0,0.0,0,0,68.7,69.8
2026/04/16 10:55:36,00055,中星集团控股,NEWAY GROUP,,0.18,-0.009,-4.76191,0.189,0.195,0.195,0.13,770000,129740,0.175,0.184
2026/04/16 10:54:43,00057,震雄集团,CHEN HSONG HOLD,,1.62,0.02,1.25,1.6,1.61,1.62,1.61,84000,135860,1.61,1.62
2026/04/16 10:51:41,00058,新威国际,SUNWAY INT'L,,0.28,-0.03,-9.67742,0.31,0.295,0.295,0.28,100000,28300,0.28,0.305
2026/04/16 08:55:00,00059,天誉置业,SKYFAME REALTY,,0.01,0.0,0.0,0.01,0.0,0.0,0.0,0,0,0.0,0.0
2026/04/16 09:30:11,00060,香港食品投资,HK FOOD INV,,0.495,0.0,0.0,0.495,0.0,0.0,0.0,0,0,0.485,0.495
2026/04/16 10:50:13,00061,绿领控股,GREEN LEADER,,0.069,0.0,0.0,0.069,0.0,0.0,0.0,0,0,0.07,0.071
2026/04/16 11:04:03,00062,载通,TRANSPORT INT'L,,10.89,-0.03,-0.27473,10.92,10.93,10.93,10.82,25809,280765,10.85,10.89
2026/04/16 11:00:23,00063,中亚烯谷集团,CHI ASIA VALLEY,,0.047,0.0,0.0,0.047,0.0,0.0,0.0,0,0,0.044,0.048
2026/04/16 10:29:24,00064,结好控股,GET NICE,,3.1,0.01,0.32363,3.09,3.1,3.1,3.07,20500,63280,3.08,3.1
2026/04/16 09:40:53,00065,弘海高新资源,GRAND OCEAN AR,,0.3,0.0,0.0,0.3,0.0,0.0,0.0,0,0,0.29,0.31
2026/04/16 11:03:27,00066,港铁公司,MTR CORPORATION,,34.2,0.2,0.58824,34.0,33.82,34.2,33.72,1996223,67802183,34.18,34.2
2026/04/16 11:02:08,00069,香格里拉（亚洲）,SHANGRI-LA ASIA,,4.46,-0.03,-0.66815,4.49,4.49,4.49,4.45,208000,930720,4.46,4.47
2026/04/16 09:45:12,00070,金粤控股,RICH GOLDMAN,,0.054,0.0,0.0,0.054,0.0,0.0,0.0,0,0,0.049,0.054
2026/04/16 10:41:53,00071,美丽华酒店,MIRAMAR HOTEL,,10.88,0.11,1.02136,10.77,10.8,10.88,10.8,2000,21680,10.76,10.88
2026/04/16 10:10:22,00072,超媒体控股,META MEDIA,,0.25,0.0,0.0,0.25,0.0,0.0,0.0,0,0,0.216,0.29
2026/04/16 10:28:20,00073,亚洲果业,ASIAN CITRUS,,1.8,0.0,0.0,1.8,0.0,0.0,0.0,0,0,1.87,2.01
2026/04/16 10:03:40,00075,渝太地产,Y.T. REALTY,,0.147,-0.003,-2.0,0.15,0.147,0.147,0.147,2000,294,0.147,0.147
2026/04/16 10:57:02,00076,谊砾控股,ELATE HOLDINGS,,0.168,0.002,1.20482,0.166,0.168,0.168,0.168,20400,3420,0.16,0.168
2026/04/16 09:04:28,00077,进智公共交通,AMS TRANSPORT,,0.43,0.0,0.0,0.43,0.0,0.0,0.0,0,0,0.42,0.43
2026/04/16 10:38:51,00078,REGAL INT'L,REGAL INT'L,,0.52,-0.01,-1.88679,0.53,0.51,0.52,0.51,9000,4610,0.51,0.53
2026/04/16 10:23:58,00079,世纪建业,CENTURY LEGEND,,0.083,0.0,0.0,0.083,0.0,0.0,0.0,0,0,0.078,0.085
2026/04/16 10:45:06,00080,ＣＡＩ控股,CAI CORP,,0.395,-0.005,-1.25,0.4,0.4,0.4,0.395,460000,181750,0.395,0.4
2026/04/16 11:03:13,00081,中国海外宏洋集团,CH OVS G OCEANS,,2.74,0.06,2.23881,2.68,2.68,2.75,2.68,2113000,5755640,2.73,2.74
2026/04/16 09:40:29,00082,疯狂体育,CRAZY SPORTS,,0.084,0.0,0.0,0.084,0.0,0.0,0.0,0,0,0.083,0.084
2026/04/16 11:03:10,00083,信和置业,SINO LAND,,11.78,-0.04,-0.33841,11.82,11.93,11.93,11.74,509000,6007210,11.78,11.79
2026/04/16 09:04:27,00084,宝光实业,STELUX HOLDINGS,,0.069,0.0,0.0,0.069,0.0,0.0,0.0,0,0,0.063,0.069
2026/04/16 11:03:50,00085,中电华大科技,CE HUADA TECH,,1.19,0.02,1.7094,1.17,1.19,1.21,1.17,954000,1137820,1.19,1.2
2026/04/16 10:57:57,00086,新鸿基公司,SUN HUNG KAI CO,,4.28,-0.05,-1.15473,4.33,4.28,4.28,4.28,26000,111335,4.28,4.3
2026/04/16 10:58:07,00087,太古股份公司Ｂ,SWIRE PACIFIC B,,13.17,-0.13,-0.97744,13.3,13.3,13.32,13.12,180000,2374550,13.13,13.17
2026/04/16 10:51:56,00088,TAI CHEUNG HOLD,TAI CHEUNG HOLD,,4.02,0.0,0.0,4.02,0.0,0.0,0.0,0,0,3.97,4.05
2026/04/16 10:49:37,00089,大生地产,TAI SANG LAND,,2.21,0.0,0.0,2.21,0.0,0.0,0.0,0,0,2.16,2.27
2026/04/16 10:54:15,00090,普星能量,PUXING ENERGY,,1.16,0.0,0.0,1.16,1.16,1.16,1.16,12000,13920,1.13,1.16
2026/04/16 10:11:17,00092,冠军科技集团,CHAMPION TECH,,0.189,0.0,0.0,0.189,0.0,0.0,0.0,0,0,0.176,0.19
2026/04/16 10:41:19,00093,零在科技金融,ZERO FINTECH,,0.4,0.0,0.0,0.4,0.0,0.0,0.0,0,0,0.38,0.415
2026/04/16 10:46:20,00094,绿心集团,GREENHEART GP,,0.076,0.0,0.0,0.076,0.076,0.076,0.076,80000,6080,0.073,0.077
2026/04/16 10:59:13,00095,绿景中国地产,LVGEM CHINA,,0.233,0.001,0.43103,0.232,0.233,0.233,0.233,400000,93200,0.233,0.24
2026/04/16 09:02:37,00096,YUSEI,YUSEI,,0.58,0.0,0.0,0.58,0.0,0.0,0.0,0,0,0.53,0.59
2026/04/16 10:10:16,00097,恒基发展,HENDERSON INV,,0.175,-0.005,-2.77778,0.18,0.175,0.175,0.175,42000,7352,0.176,0.181
2026/04/16 10:39:12,00098,兴发铝业,XINGFA ALUM,,7.49,0.02,0.26774,7.47,7.49,7.5,7.37,25000,187220,7.44,7.48
2026/04/16 09:30:07,00099,王氏国际,WONG'S INT'L,,1.23,0.0,0.0,1.23,0.0,0.0,0.0,0,0,1.18,1.34
2026/04/16 11:04:29,00100,MINIMAX-W,MINIMAX-W,,889.5,42.0,4.95575,847.5,815.5,918.0,815.5,937937,818505939,888.5,889.0
2026/04/16 11:03:58,00101,恒隆地产,HANG LUNG PPT,,9.35,-0.07,-0.7431,9.42,9.42,9.44,9.33,3023741,28365420,9.35,9.36
2026/04/16 11:00:01,00103,首佳科技,SHOUGANG CENT,,2.64,0.04,1.53846,2.6,2.65,2.67,2.64,26000,68960,2.62,2.66
2026/04/16 09:47:47,00104,ASIA COMM HOLD,ASIA COMM HOLD,,0.218,0.0,0.0,0.218,0.0,0.0,0.0,0,0,0.218,0.226
2026/04/16 09:30:10,00105,凯联国际酒店,ASSO INT HOTELS,,5.15,0.0,0.0,5.15,0.0,0.0,0.0,0,0,5.04,5.64
2026/04/16 08:55:00,00106,朗诗绿色管理,LANDSEA MGMT,,0.019,0.0,0.0,0.019,0.0,0.0,0.0,0,0,0.0,0.0
2026/04/16 11:00:47,00107,四川成渝高速公路,SICHUAN EXPRESS,,5.8,0.01,0.17271,5.79,5.71,5.84,5.68,1764000,10212008,5.79,5.8
2026/04/16 11:03:57,00108,国锐生活,GR LIFE STYLE,,2.9,-0.08,-2.68456,2.98,2.89,3.04,2.87,1460000,4306140,2.9,2.93
2026/04/16 10:57:45,00110,中国长远,CHINA FORTUNE,,0.425,0.025,6.25,0.4,0.42,0.465,0.42,250887,107449,0.425,0.44
2026/04/16 10:51:18,00111,信达国际控股,CINDA INTL HLDG,,0.75,0.01,1.35135,0.74,0.74,0.79,0.74,368000,280620,0.75,0.76
2026/04/16 11:04:23,00113,迪生创建,DICKSON CONCEPT,,6.2,0.0,0.0,6.2,6.18,6.2,6.18,39000,241745,6.19,6.2
2026/04/16 09:09:24,00114,HERALD HOLD,HERALD HOLD,,0.58,0.0,0.0,0.58,0.0,0.0,0.0,0,0,0.56,0.61
2026/04/16 10:51:46,00115,钧濠集团,GRAND FIELD GP,,8.8,0.0,0.0,8.8,0.0,0.0,0.0,0,0,0.0,9.0
2026/04/16 11:03:59,00116,周生生,CHOW SANG SANG,,13.26,-0.14,-1.04478,13.4,13.4,13.47,13.25,381000,5073085,13.25,13.26
2026/04/16 09:41:27,00117,天利控股集团,TIANLI HOLDINGS,,0.395,0.0,0.0,0.395,0.0,0.0,0.0,0,0,0.38,0.41
2026/04/16 11:01:41,00118,大同机械,COSMOS MACH,,0.196,-0.003,-1.50754,0.199,0.199,0.21,0.196,614000,120966,0.188,0.196
2026/04/16 11:03:39,00119,保利置业集团,POLY PROPERTY,,1.97,0.01,0.5102,1.96,1.97,1.98,1.95,2866000,5624770,1.96,1.97
2026/04/16 11:01:20,00120,COSMOPOL INT'L,COSMOPOL INT'L,,0.078,0.0,0.0,0.078,0.083,0.083,0.077,21000,1658,0.078,0.079
2026/04/16 11:02:55,00122,鳄鱼恤,CROCODILE,,1.44,0.0,0.0,1.44,0.0,0.0,0.0,0,0,1.4,1.46
2026/04/16 11:03:51,00123,越秀地产,YUEXIU PROPERTY,,3.73,0.0,0.0,3.73,3.71,3.77,3.7,2256900,8426049,3.74,3.75
2026/04/16 11:00:48,00124,粤海置地,GD LAND,,0.213,-0.002,-0.93023,0.215,0.213,0.217,0.212,139146,29870,0.213,0.216
2026/04/16 10:07:17,00125,新兴光学,SUN HING VISION,,0.315,0.0,0.0,0.315,0.0,0.0,0.0,0,0,0.315,0.33
2026/04/16 09:58:56,00126,佳宁娜,CARRIANNA,,0.114,0.0,0.0,0.114,0.0,0.0,0.0,0,0,0.114,0.122
2026/04/16 10:57:46,00127,华人置业,CHINESE EST H,,1.23,0.01,0.81967,1.22,1.2,1.23,1.2,67329,82208,1.21,1.23
2026/04/16 09:04:32,00128,安宁控股,ENM HOLDINGS,,0.41,0.0,0.0,0.41,0.0,0.0,0.0,0,0,0.41,0.42
2026/04/16 10:42:12,00129,泛海集团,ASIA STANDARD,,0.2,0.002,1.0101,0.198,0.191,0.2,0.19,659785,131838,0.198,0.203
2026/04/16 09:00:02,00130,慕诗国际,MOISELLE INT'L,,0.18,0.0,0.0,0.18,0.0,0.0,0.0,0,0,0.155,0.0
2026/04/16 10:56:53,00131,卓能（集团）,CHEUK NANG HOLD,,1.26,0.0,0.0,1.26,1.26,1.26,1.26,66000,83160,1.26,1.29
2026/04/16 10:08:04,00132,兴业控股,HING YIP HLDGS,,0.198,0.0,0.0,0.198,0.0,0.0,0.0,0,0,0.19,0.199
2026/04/16 11:02:09,00133,招商局中国基金,CHINA MERCHANTS,,18.7,0.0,0.0,18.7,18.7,18.7,18.44,66000,1222640,18.62,18.69
2026/04/16 11:03:38,00135,昆仑能源,KUNLUN ENERGY,,7.46,0.09,1.22117,7.37,7.4,7.5,7.37,4838000,36041142,7.45,7.46
2026/04/16 11:04:23,00136,中国儒意,CHINA RUYI,,1.56,0.03,1.96078,1.53,1.53,1.58,1.53,16148000,25224320,1.56,1.57
2026/04/16 10:28:58,00137,金辉集团,JINHUI HOLDINGS,,0.62,0.0,0.0,0.62,0.0,0.0,0.0,0,0,0.6,0.63
2026/04/16 09:30:46,00138,中建富通,CCT FORTIS,,0.54,0.0,0.0,0.54,0.0,0.0,0.0,0,0,0.53,0.64
2026/04/16 11:02:26,00139,小鱼盈通,SMART FISH,,0.135,0.001,0.74627,0.134,0.134,0.136,0.134,202061,27156,0.135,0.137
2026/04/16 11:04:17,00142,第一太平,FIRST PACIFIC,,5.57,-0.02,-0.35778,5.59,5.61,5.63,5.56,1234225,6887682,5.56,5.57
2026/04/16 11:04:10,00144,招商局港口,CHINA MER PORT,,15.48,-0.02,-0.12903,15.5,15.68,15.68,15.3,673181,10361449,15.43,15.5
2026/04/16 11:03:58,00145,信能低碳,CCIAM FUTURE EN,,0.192,-0.015,-7.24638,0.207,0.219,0.225,0.192,74976000,16386343,0.192,0.193
2026/04/16 09:37:17,00146,TAI PING CARPET,TAI PING CARPET,,1.66,0.0,0.0,1.66,0.0,0.0,0.0,0,0,1.66,1.88
2026/04/16 11:00:24,00147,国际商业结算,IB SETTLEMENT,,0.084,-0.001,-1.17647,0.085,0.089,0.089,0.082,1365000,112600,0.082,0.084
2026/04/16 11:04:27,00148,建滔集团,KINGBOARD HLDG,,39.78,-0.2,-0.50025,39.98,40.2,40.2,39.32,1529400,60872385,39.78,39.8
2026/04/16 10:21:44,00149,中国农产品交易,CH AGRI-PROD EX,,0.062,-0.003,-4.61539,0.065,0.062,0.062,0.062,12177,744,0.062,0.065
2026/04/16 11:02:49,00150,HYPEBEAST,HYPEBEAST,,0.172,0.004,2.38095,0.168,0.172,0.18,0.17,3374000,580823,0.17,0.172
2026/04/16 11:04:10,00151,中国旺旺,WANT WANT CHINA,,4.45,-0.02,-0.44743,4.47,4.42,4.47,4.42,828000,3676785,4.44,4.46
2026/04/16 11:04:42,00152,深圳国际,SHENZHEN INT'L,,7.4,0.05,0.68027,7.35,7.42,7.46,7.34,3784500,28000440,7.39,7.4
2026/04/16 11:03:22,00154,北京控股环境集团,BE ENVIRONMENT,,0.54,0.0,0.0,0.54,0.54,0.54,0.54,2000,1080,0.54,0.56
2026/04/16 10:49:30,00156,力宝华润,LIPPO CHINA RES,,1.03,0.0,0.0,1.03,0.0,0.0,0.0,0,0,1.01,1.11
2026/04/16 09:00:02,00157,自然美,NATURAL BEAUTY,,0.475,0.0,0.0,0.475,0.0,0.0,0.0,0,0,0.0,0.485
2026/04/16 10:40:28,00158,万邦投资,MELBOURNE ENT,,59.5,0.0,0.0,59.5,0.0,0.0,0.0,0,0,58.8,63.0
2026/04/16 11:03:11,00159,布莱克万矿业,BROCKMAN MINING,,0.074,-0.004,-5.12821,0.078,0.074,0.074,0.074,34000,2498,0.074,0.08
2026/04/16 09:04:30,00160,汉国置业,HON KWOK LAND,,0.96,0.0,0.0,0.96,0.0,0.0,0.0,0,0,0.95,0.97
2026/04/16 11:00:40,00162,世纪金花,CENTURY GINWA,,0.039,-0.004,-9.30233,0.043,0.043,0.043,0.036,700000,26872,0.038,0.039
2026/04/16 10:49:41,00163,英皇国际,EMPEROR INT'L,,0.187,0.0,0.0,0.187,0.0,0.0,0.0,0,0,0.187,0.192
2026/04/16 10:46:50,00164,中国宝力科技,CHINA BAOLI TEC,,0.44,0.01,2.32558,0.43,0.45,0.45,0.435,615000,271300,0.44,0.45
2026/04/16 11:02:51,00165,中国光大控股,CHINA EB LTD,,6.48,0.07,1.09204,6.41,6.48,6.5,6.43,1390000,8969880,6.46,6.48
2026/04/16 10:00:16,00166,新时代集团控股,NEW TIMES CORP,,0.04,-0.002,-4.76191,0.042,0.042,0.042,0.04,68000,2736,0.04,0.042
2026/04/16 10:34:07,00167,IDT INT'L,IDT INT'L,,5.3,0.0,0.0,5.3,0.0,0.0,0.0,0,0,0.0,5.55
2026/04/16 11:04:39,00168,青岛啤酒股份,TSINGTAO BREW,,50.7,-0.4,-0.78278,51.1,51.5,51.5,50.55,788000,40017300,50.7,50.85
2026/04/16 10:42:41,00169,万达酒店发展,WANDA HOTEL DEV,,0.088,0.004,4.76191,0.084,0.083,0.089,0.081,1333000,112922,0.085,0.088
2026/04/16 11:03:17,00171,银建国际,SILVER GRANT,,0.061,-0.003,-4.6875,0.064,0.061,0.061,0.06,28000,1700,0.061,0.067
2026/04/16 11:00:18,00173,嘉华国际,K. WAH INT'L,,2.3,0.0,0.0,2.3,2.3,2.3,2.23,1844000,4162270,2.29,2.3
2026/04/16 09:38:55,00174,盛洋投资,GEMINI INV,,0.215,0.0,0.0,0.215,0.0,0.0,0.0,0,0,0.0,0.23
2026/04/16 11:04:38,00175,吉利汽车,GEELY AUTO,,24.46,0.42,1.74709,24.04,23.9,24.88,23.64,46971827,1147307911,24.44,24.46
2026/04/16 08:55:00,00176,先机企业集团,SUPERACTIVE GP,,0.013,0.0,0.0,0.013,0.0,0.0,0.0,0,0,0.0,0.0
2026/04/16 11:04:02,00177,江苏宁沪高速公路,JIANGSU EXPRESS,,10.47,-0.01,-0.09542,10.48,10.35,10.55,10.35,1778000,18615660,10.46,10.47
2026/04/16 11:02:04,00178,莎莎国际,SA SA INT'L,,0.74,-0.02,-2.63158,0.76,0.78,0.78,0.74,10428000,7774180,0.74,0.75
2026/04/16 11:04:37,00179,德昌电机控股,JOHNSON ELEC H,,25.78,-0.12,-0.46332,25.9,26.3,26.8,25.76,1457500,37995620,25.76,25.84
2026/04/16 09:30:42,00180,开达集团,KADER HOLDINGS,,0.19,0.0,0.0,0.19,0.0,0.0,0.0,0,0,0.177,0.203
2026/04/16 10:25:58,00181,闽港控股,FUJIAN HOLDINGS,,0.128,0.0,0.0,0.128,0.0,0.0,0.0,0,0,0.114,0.128
2026/04/16 10:59:31,00182,协合新能源,CONCORD NE,,0.238,0.001,0.42194,0.237,0.235,0.239,0.233,930000,219860,0.236,0.238
2026/04/16 09:30:05,00183,宏辉集团,WINFULL GP,,0.139,0.0,0.0,0.139,0.0,0.0,0.0,0,0,0.134,0.154
2026/04/16 09:14:22,00184,激成投资,KECK SENG INV,,2.24,0.0,0.0,2.24,0.0,0.0,0.0,0,0,2.22,2.25
2026/04/16 10:30:27,00185,正商实业,ZENSUN ENT,,0.125,0.0,0.0,0.125,0.0,0.0,0.0,0,0,0.125,0.143
2026/04/16 08:55:00,00186,敏捷控股,NIMBLE HOLDINGS,,0.157,0.0,0.0,0.157,0.0,0.0,0.0,0,0,0.0,0.0
2026/04/16 11:03:26,00187,京城机电股份,JINGCHENG MAC,,4.63,0.02,0.43384,4.61,4.69,4.69,4.58,1494000,6909380,4.62,4.63
2026/04/16 09:01:33,00188,新华汇富金融,SUNWAH KINGSWAY,,0.244,0.0,0.0,0.244,0.0,0.0,0.0,0,0,0.239,0.244
2026/04/16 11:04:41,00189,东岳集团,DONGYUE GROUP,,11.84,-0.06,-0.5042,11.9,11.88,11.99,11.79,2154000,25562519,11.84,11.86
2026/04/16 09:40:38,00191,丽新国际,LAI SUN INT'L,,0.84,0.0,0.0,0.84,0.0,0.0,0.0,0,0,0.76,0.84
2026/04/16 10:57:21,00193,冠中地产,CAPITAL ESTATE,,0.214,-0.019,-8.15451,0.233,0.225,0.225,0.213,300000,65064,0.214,0.224
2026/04/16 11:04:32,00194,廖创兴企业,LIU CHONG HING,,4.6,-0.02,-0.4329,4.62,4.61,4.61,4.6,10000,46020,4.6,4.67
2026/04/16 08:55:00,00195,绿科科技国际,GREENTECH INTL,,0.28,0.0,0.0,0.28,0.0,0.0,0.0,0,0,0.0,0.0
2026/04/16 10:58:17,00196,宏华集团,HONGHUA GROUP,,0.183,-0.007,-3.68421,0.19,0.19,0.19,0.183,250000,47245,0.185,0.189
2026/04/16 11:03:19,00197,亨泰,HENG TAI,,0.27,-0.02,-6.89655,0.29,0.27,0.27,0.27,9180,2436,0.275,0.29
2026/04/16 10:25:15,00199,德祥地产,ITC PROPERTIES,,0.96,0.01,1.05263,0.95,0.95,0.96,0.94,106000,100740,0.94,0.96
2026/04/16 11:04:25,00200,新濠国际发展,MELCO INT'L DEV,,4.27,0.03,0.70755,4.24,4.24,4.33,4.24,1514000,6506400,4.27,4.29
2026/04/16 09:09:04,00201,华大酒店,MAGNIFICENT,,0.071,0.0,0.0,0.071,0.0,0.0,0.0,0,0,0.068,0.071
2026/04/16 10:54:22,00202,润中国际控股,EVERCHINA INT'L,,0.076,-0.008,-9.52381,0.084,0.076,0.076,0.076,20000,1520,0.08,0.088
2026/04/16 11:01:55,00204,资本界金控,CAPITAL REALM,,0.238,0.007,3.0303,0.231,0.238,0.238,0.238,155200,36935,0.231,0.238
2026/04/16 10:18:43,00205,BFB HEALTH,BFB HEALTH,,0.6,0.0,0.0,0.6,0.0,0.0,0.0,0,0,0.6,0.63
2026/04/16 10:44:19,00206,华商能源,CM-ENERGY,,0.455,0.005,1.11111,0.45,0.45,0.455,0.45,377000,171280,0.455,0.46
2026/04/16 10:23:48,00209,瀛晟科学,WINSHINE SCI,,0.325,0.0,0.0,0.325,0.315,0.325,0.315,730000,237050,0.32,0.34
2026/04/16 10:14:08,00210,达芙妮国际,DAPHNE INT'L,,0.42,0.0,0.0,0.42,0.425,0.425,0.42,44000,18490,0.415,0.42
2026/04/16 09:30:26,00211,STYLAND HOLD,STYLAND HOLD,,0.244,0.0,0.0,0.244,0.0,0.0,0.0,0,0,0.232,0.245
2026/04/16 09:53:16,00212,NANYANG HOLD,NANYANG HOLD,,29.4,0.0,0.0,29.4,0.0,0.0,0.0,0,0,29.3,30.38
2026/04/16 09:07:26,00213,NATIONAL ELEC H,NATIONAL ELEC H,,0.39,0.0,0.0,0.39,0.0,0.0,0.0,0,0,0.39,0.415
2026/04/16 09:00:05,00214,汇汉控股,ASIA ORIENT,,0.25,0.0,0.0,0.25,0.0,0.0,0.0,0,0,0.0,0.255
2026/04/16 10:58:11,00215,和记电讯香港,HUTCHTEL HK,,1.18,0.01,0.8547,1.17,1.17,1.18,1.17,162000,190210,1.17,1.18
2026/04/16 10:07:36,00216,建业实业,CHINNEY INV,,0.61,0.0,0.0,0.61,0.0,0.0,0.0,0,0,0.6,0.66
2026/04/16 11:01:25,00217,中国诚通发展集团,CHINA CHENGTONG,,0.152,0.003,2.01342,0.149,0.145,0.152,0.142,442000,63454,0.144,0.153
2026/04/16 11:04:15,00218,申万宏源香港,SWHYHK,,1.17,0.04,3.53982,1.13,1.16,1.17,1.15,75000,87250,1.16,1.18
2026/04/16 09:30:17,00219,顺豪物业,SHUNHO PROPERTY,,0.72,0.0,0.0,0.72,0.0,0.0,0.0,0,0,0.72,0.73
2026/04/16 11:04:26,00220,统一企业中国,U-PRESID CHINA,,7.85,-0.03,-0.38071,7.88,8.0,8.0,7.8,2521109,19774420,7.84,7.85
2026/04/16 10:19:51,00222,闽信集团,MIN XIN HOLD,,2.56,-0.05,-1.91571,2.61,2.56,2.56,2.56,10000,25600,2.49,2.58
2026/04/16 10:44:15,00223,易生活控股,ELIFE HLDGS,,0.138,0.0,0.0,0.138,0.148,0.16,0.138,660000,94540,0.135,0.146
2026/04/16 09:30:27,00224,建生国际,PIONEER GLOBAL,,0.59,0.0,0.0,0.59,0.0,0.0,0.0,504658,282608,0.55,0.63
2026/04/16 10:39:51,00225,博富临置业,POKFULAM,,5.79,0.0,0.0,5.79,0.0,0.0,0.0,0,0,5.32,5.8
2026/04/16 11:03:53,00227,第一上海,FIRST SHANGHAI,,0.204,-0.015,-6.84932,0.219,0.204,0.204,0.204,8000,1632,0.212,0.218
2026/04/16 09:07:12,00228,中能控股,CHINA ENERGY,,1.65,0.0,0.0,1.65,0.0,0.0,0.0,0,0,1.63,1.65
2026/04/16 10:30:27,00229,利民实业,RAYMOND IND,,0.88,0.0,0.0,0.88,0.0,0.0,0.0,0,0,0.86,0.91
2026/04/16 11:04:24,00232,大陆航空科技控股,CON AERO TECH,,0.151,-0.001,-0.6579,0.152,0.152,0.155,0.151,5178000,789480,0.151,0.153
2026/04/16 09:44:44,00234,新世纪集团,NEW CENTURY GP,,0.035,0.0,0.0,0.035,0.0,0.0,0.0,0,0,0.032,0.036
2026/04/16 10:57:14,00235,中策资本控股,CSC HOLDINGS,,0.025,0.0,0.0,0.025,0.025,0.025,0.024,9725000,242025,0.024,0.025
2026/04/16 10:56:22,00236,香港生力啤,SAN MIGUEL HK,,1.24,0.0,0.0,1.24,0.0,0.0,0.0,0,0,1.22,1.32
2026/04/16 09:32:46,00237,安全货仓,SAFETY GODOWN,,2.23,0.0,0.0,2.23,2.23,2.23,2.23,10000,22300,2.17,2.23
2026/04/16 09:00:06,00239,白花油,PAK FAH YEOW,,2.45,0.0,0.0,2.45,0.0,0.0,0.0,0,0,2.42,2.5
2026/04/16 09:40:37,00240,利基控股,BUILD KING HOLD,,1.82,0.0,0.0,1.82,1.82,1.82,1.82,10000,18200,1.8,1.82
2026/04/16 11:04:38,00241,阿里健康,ALI HEALTH,,4.7,0.09,1.95228,4.61,4.63,4.73,4.62,36485879,171045831,4.69,4.7
2026/04/16 10:53:58,00242,信德集团,SHUN TAK HOLD,,0.58,0.0,0.0,0.58,0.58,0.58,0.57,286000,165860,0.57,0.58
2026/04/16 11:02:20,00243,QPL INT'L,QPL INT'L,,0.385,0.0,0.0,0.385,0.0,0.0,0.0,0,0,0.385,0.4
2026/04/16 09:34:25,00244,先施,SINCERE,,0.31,0.0,0.0,0.31,0.0,0.0,0.0,0,0,0.31,0.315
2026/04/16 09:04:41,00245,中薇金融,CHINA VERED FIN,,1.03,0.0,0.0,1.03,0.0,0.0,0.0,0,0,1.01,1.02
2026/04/16 10:00:14,00247,TST PROPERTIES,TST PROPERTIES,,19.35,0.0,0.0,19.35,0.0,0.0,0.0,0,0,18.9,20.0
2026/04/16 10:44:03,00248,香港通讯国际控股,HKC INT'L HOLD,,0.28,0.0,0.0,0.28,0.0,0.0,0.0,0,0,0.265,0.28
2026/04/16 09:30:09,00251,爪哇控股,SEA HOLDINGS,,1.39,0.0,0.0,1.39,0.0,0.0,0.0,0,0,1.33,1.45
2026/04/16 08:55:00,00252,华信地产财务,SE ASIA PPT,,1.6,0.0,0.0,1.6,0.0,0.0,0.0,0,0,0.0,0.0
2026/04/16 10:56:22,00253,顺豪控股,SHUNHO HOLDINGS,,0.68,0.0,0.0,0.68,0.0,0.0,0.0,0,0,0.67,0.74
2026/04/16 10:35:55,00254,国家联合资源,NUR HOLDINGS,,0.63,0.0,0.0,0.63,0.0,0.0,0.0,0,0,0.6,0.63
2026/04/16 10:15:03,00255,龙记集团,LUNG KEE,,1.52,0.0,0.0,1.52,0.0,0.0,0.0,0,0,1.5,1.56
2026/04/16 10:49:35,00256,冠城钟表珠宝,CITYCHAMP,,0.084,0.002,2.43902,0.082,0.082,0.091,0.082,1610000,138572,0.084,0.085
2026/04/16 11:03:57,00257,光大环境,EB ENVIRONMENT,,5.41,-0.08,-1.4572,5.49,5.43,5.49,5.38,2139549,11614818,5.4,5.41
2026/04/16 11:04:27,00258,汤臣集团,TOMSON GROUP,,2.32,0.01,0.4329,2.31,2.32,2.34,2.31,78000,181520,2.32,2.34
2026/04/16 10:56:30,00259,亿都（国际控股）,YEEBO (INT'L H),,3.09,0.01,0.32468,3.08,3.1,3.14,3.09,108000,335100,3.1,3.14
2026/04/16 10:18:09,00261,ＧＢＡ集团,GBA HOLDINGS,,0.28,0.0,0.0,0.28,0.28,0.28,0.28,16000,4480,0.27,0.28
2026/04/16 11:02:28,00262,迪臣发展国际,DESON DEV INT'L,,0.083,0.0,0.0,0.083,0.0,0.0,0.0,0,0,0.08,0.083
2026/04/16 10:56:45,00264,中联发展控股,CN INT DEV CORP,,1.7,0.0,0.0,1.7,1.69,1.72,1.69,292000,496640,1.68,1.71
2026/04/16 09:37:21,00265,港誉智慧城市服务,GANGYU SERVICES,,1.7,0.0,0.0,1.7,0.0,0.0,0.0,0,0,1.55,1.75
2026/04/16 09:00:00,00266,天德地产,TIAN TECK LAND,,1.95,0.0,0.0,1.95,0.0,0.0,0.0,0,0,1.92,1.95
2026/04/16 11:04:33,00267,中信股份,CITIC,,13.01,-0.06,-0.45907,13.07,13.07,13.14,12.92,5855875,76414206,13.01,13.02
2026/04/16 11:04:36,00268,金蝶国际,KINGDEE INT'L,,9.08,0.61,7.20189,8.47,8.71,9.17,8.66,34468734,309473438,9.08,9.09
2026/04/16 09:00:00,00269,中国资源交通,CRTG,,0.01,0.0,0.0,0.01,0.0,0.0,0.0,0,0,0.0,0.01
2026/04/16 11:04:37,00270,粤海投资,GUANGDONG INV,,8.16,-0.01,-0.1224,8.17,8.12,8.2,8.1,1710697,13921683,8.13,8.16
2026/04/16 09:41:00,00271,亚证地产,ASIASEC PPT,,0.173,0.0,0.0,0.173,0.0,0.0,0.0,0,0,0.167,0.173
2026/04/16 11:03:10,00272,瑞安房地产,SHUI ON LAND,,0.53,0.0,0.0,0.53,0.53,0.54,0.53,948000,504645,0.53,0.54
2026/04/16 08:55:00,00274,复兴亚洲,RA SILK ROAD,,0.49,0.0,0.0,0.49,0.0,0.0,0.0,0,0,0.0,0.0
2026/04/16 10:17:28,00276,蒙古能源,MONGOLIA ENERGY,,0.55,-0.04,-6.77966,0.59,0.56,0.56,0.55,21000,11520,0.55,0.61
2026/04/16 09:00:16,00277,太兴置业,TERN PROPERTIES,,1.55,0.0,0.0,1.55,0.0,0.0,0.0,0,0,0.0,1.55
2026/04/16 10:52:00,00279,裕承科金,ARTA TECHFIN,,0.56,0.01,1.81818,0.55,0.59,0.6,0.55,324600,191832,0.55,0.58
2026/04/16 09:00:18,00280,景福集团,KING FOOK HOLD,,0.5,0.0,0.0,0.5,0.0,0.0,0.0,0,0,0.5,0.51
2026/04/16 11:04:37,00285,比亚迪电子,BYD ELECTRONIC,,28.04,0.04,0.14286,28.0,28.32,28.36,27.9,4749113,133246403,28.02,28.04
2026/04/16 08:55:00,00286,爱帝宫,AIDIGONG,,1.31,0.0,0.0,1.31,0.0,0.0,0.0,0,0,0.0,0.0
2026/04/16 09:00:34,00287,永发置业,WINFAIR INV,,4.1,0.0,0.0,4.1,0.0,0.0,0.0,0,0,4.08,0.0
2026/04/16 11:04:34,00288,万洲国际,WH GROUP,,10.59,-0.05,-0.46993,10.64,10.64,10.73,10.56,9489600,100941156,10.58,10.59
2026/04/16 09:49:23,00289,WING ON CO,WING ON CO,,14.8,0.0,0.0,14.8,0.0,0.0,0.0,0,0,14.21,14.9
2026/04/16 11:04:38,00290,国富量子,GOFINTECH QUANT,,6.66,-0.78,-10.48387,7.44,7.63,7.68,6.66,21453015,151134065,6.66,6.69
2026/04/16 11:04:35,00291,华润啤酒,CHINA RES BEER,,26.36,0.08,0.30441,26.28,26.42,26.6,26.3,1989461,52604911,26.34,26.36
2026/04/16 11:01:50,00293,国泰航空,CATHAY PAC AIR,,11.83,0.01,0.0846,11.82,11.82,11.91,11.8,2770567,32826111,11.81,11.83
2026/04/16 09:30:09,00294,长江制衣,YANGTZEKIANG,,0.82,0.0,0.0,0.82,0.0,0.0,0.0,0,0,0.75,0.83
2026/04/16 10:45:53,00295,江山控股,KONG SUN HOLD,,0.025,0.0,0.0,0.025,0.025,0.025,0.025,525000,13125,0.023,0.026
2026/04/16 10:50:16,00296,英皇娱乐酒店,EMPEROR E HOTEL,,0.228,0.0,0.0,0.228,0.0,0.0,0.0,0,0,0.231,0.24
2026/04/16 11:04:40,00297,中化化肥,SINOFERT,,1.54,-0.02,-1.28205,1.56,1.57,1.58,1.54,14482000,22563140,1.54,1.55
2026/04/16 10:46:07,00298,庄士中国,CHUANG'S CHINA,,0.112,0.005,4.6729,0.107,0.111,0.112,0.111,380000,42410,0.107,0.112
2026/04/16 08:55:00,00299,宝新置地,GLORY SUN LAND,,0.106,0.0,0.0,0.106,0.0,0.0,0.0,0,0,0.0,0.0
2026/04/16 11:04:35,00300,美的集团,MIDEA GROUP,,86.55,0.2,0.23162,86.35,86.45,87.6,86.35,540480,46883155,86.55,86.6
2026/04/16 11:02:59,00301,三和精化,SANVO CHEMICALS,,1.92,0.05,2.6738,1.87,1.9,2.05,1.9,231480,465362,1.9,2.1
2026/04/16 11:04:22,00302,中手游,CMGE,,0.249,0.007,2.89256,0.242,0.248,0.25,0.24,762000,187840,0.245,0.249
2026/04/16 11:03:05,00303,VTECH HOLDINGS,VTECH HOLDINGS,,61.6,0.45,0.7359,61.15,60.85,61.6,60.85,49400,3034915,61.55,61.6
2026/04/16 10:32:35,00305,五菱汽车,WULING MOTORS,,0.47,0.0,0.0,0.47,0.46,0.475,0.46,200000,93400,0.465,0.475
2026/04/16 09:31:56,00306,冠忠巴士集团,KWOON CHUNG BUS,,2.41,0.0,0.0,2.41,0.0,0.0,0.0,0,0,2.41,2.47
2026/04/16 11:03:43,00308,香港中旅,CHINA TRAVEL HK,,1.18,0.01,0.8547,1.17,1.17,1.18,1.16,1816000,2124620,1.17,1.18
2026/04/16 11:04:12,00309,新华通讯频媒,XH NEWS MEDIA,,0.031,0.0,0.0,0.031,0.031,0.031,0.031,322000,10007,0.03,0.031
2026/04/16 09:32:58,00310,嘉进投资国际,PROSP INV HOLD,,0.175,0.0,0.0,0.175,0.0,0.0,0.0,0,0,0.172,0.197
2026/04/16 09:00:10,00311,联泰控股,LUEN THAI,,0.249,0.0,0.0,0.249,0.0,0.0,0.0,0,0,0.215,0.249
2026/04/16 09:30:05,00312,岁宝百货,SHIRBLE STORE,,0.054,0.0,0.0,0.054,0.0,0.0,0.0,0,0,0.054,0.058
2026/04/16 09:31:07,00313,裕田中国,RICHLY FIELD,,0.072,0.0,0.0,0.072,0.0,0.0,0.0,0,0,0.071,0.075
2026/04/16 10:47:38,00314,思派健康,SIPAI HEALTH,,1.95,0.0,0.0,1.95,1.93,2.0,1.93,258800,507292,1.94,1.95
2026/04/16 11:04:18,00315,数码通电讯,SMARTONE TELE,,4.98,0.01,0.20121,4.97,4.97,4.99,4.95,139500,692960,4.96,4.98
2026/04/16 11:03:52,00316,东方海外国际,OOIL,,141.8,-2.5,-1.7325,144.3,145.2,145.9,140.9,409100,58148155,141.7,141.8
2026/04/16 11:04:01,00317,中船防务,COMEC,,14.26,-0.06,-0.41899,14.32,14.59,14.59,14.2,1498000,21470800,14.25,14.26
2026/04/16 09:12:52,00318,黄河实业,VONGROUP,,0.64,0.0,0.0,0.64,0.0,0.0,0.0,0,0,0.63,0.67
2026/04/16 09:31:49,00320,金宝通,COMPUTIME,,0.45,0.0,0.0,0.45,0.0,0.0,0.0,0,0,0.455,0.48
2026/04/16 10:56:12,00321,德永佳集团,TEXWINCA HOLD,,1.27,-0.01,-0.78125,1.28,1.3,1.3,1.26,396000,503560,1.27,1.28
2026/04/16 11:04:36,00322,康师傅控股,TINGYI,,13.02,-0.23,-1.73585,13.25,13.25,13.27,12.98,5737943,75206701,13.01,13.02
2026/04/16 11:00:52,00323,马鞍山钢铁股份,MAANSHAN IRON,,2.71,0.04,1.49813,2.67,2.69,2.73,2.69,2058000,5590720,2.7,2.72
2026/04/16 11:04:08,00325,布鲁可,BLOKS,,59.8,-0.05,-0.08354,59.85,60.0,60.8,58.5,241800,14366385,59.45,59.8
2026/04/16 11:04:48,00326,中国星集团,CHINA STAR ENT,,7.07,0.01,0.14164,7.06,7.08,7.15,7.06,13903980,98483100,7.06,7.07
2026/04/16 11:02:16,00327,百富环球,PAX GLOBAL,,4.01,0.0,0.0,4.01,4.04,4.08,4.0,1173000,4730480,4.0,4.02
2026/04/16 10:45:34,00328,ALCO HOLDINGS,ALCO HOLDINGS,,0.69,0.02,2.98508,0.67,0.66,0.69,0.66,76000,51280,0.66,0.69
2026/04/16 10:59:47,00329,东建国际,OCI INTL,,0.265,0.0,0.0,0.265,0.0,0.0,0.0,0,0,0.265,0.275
2026/04/16 10:27:44,00331,丰盛生活服务,FSE LIFESTYLE,,5.64,0.0,0.0,5.64,5.64,5.64,5.64,10000,56400,5.64,5.69
2026/04/16 10:31:50,00332,元亨燃气,YUANHENG GAS,,0.017,0.0,0.0,0.017,0.018,0.018,0.017,144000,2492,0.017,0.018
2026/04/16 10:50:44,00333,黛丽斯国际,TOP FORM INT'L,,0.218,0.0,0.0,0.218,0.0,0.0,0.0,0,0,0.211,0.26
2026/04/16 10:21:22,00334,华显光电,CH DISPLAY OPT,,0.375,0.0,0.0,0.375,0.375,0.375,0.375,8000,3000,0.355,0.38
2026/04/16 09:19:28,00335,美建集团,UPBEST GROUP,,0.65,0.0,0.0,0.65,0.0,0.0,0.0,0,0,0.64,0.66
2026/04/16 11:04:10,00336,华宝国际,HUABAO INTL,,4.21,-0.04,-0.94118,4.25,4.28,4.38,4.17,7463000,31768270,4.2,4.21
2026/04/16 11:02:12,00337,绿地香港,GREENLAND HK,,0.201,0.003,1.51515,0.198,0.197,0.207,0.197,171000,33988,0.2,0.209
2026/04/16 11:04:38,00338,上海石油化工股份,SHANGHAI PECHEM,,1.29,0.02,1.5748,1.27,1.28,1.3,1.27,5510000,7091030,1.28,1.29
2026/04/16 10:51:24,00339,中国科创产业投资,CN SCI-TECH IND,,0.65,0.03,4.83871,0.62,0.62,0.65,0.62,30000,19200,0.6,0.64
2026/04/16 11:04:11,00340,潼关黄金,TONGGUAN GOLD,,3.19,-0.01,-0.3125,3.2,3.24,3.24,3.17,1490000,4753120,3.19,3.2
2026/04/16 11:03:29,00341,大家乐集团,CAFE DE CORAL H,,3.99,-0.04,-0.99256,4.03,4.02,4.03,3.98,878704,3523800,3.99,4.0
2026/04/16 09:47:33,00343,文化传信,CULTURECOM HOLD,,0.129,0.0,0.0,0.129,0.0,0.0,0.0,0,0,0.129,0.139
2026/04/16 10:53:20,00345,VITASOY INT'L,VITASOY INT'L,,6.28,0.0,0.0,6.28,6.27,6.3,6.26,276000,1733520,6.27,6.28
2026/04/16 10:52:40,00346,延长石油国际,YANCHANG PETRO,,0.395,-0.015,-3.65854,0.41,0.395,0.395,0.395,5000,1975,0.39,0.41
2026/04/16 11:02:32,00347,鞍钢股份,ANGANG STEEL,,1.56,-0.01,-0.63694,1.57,1.57,1.59,1.55,2034000,3173640,1.55,1.56
2026/04/16 09:56:33,00348,中国智能健康,CHINAHEALTHWISE,,0.083,0.0,0.0,0.083,0.0,0.0,0.0,0,0,0.084,0.089
2026/04/16 09:30:04,00351,亚洲能源物流,ASIA ENERGY LOG,,0.255,0.0,0.0,0.255,0.0,0.0,0.0,0,0,0.255,0.275
2026/04/16 08:55:00,00352,富阳,FORTUNE SUN,,0.36,0.0,0.0,0.36,0.0,0.0,0.0,0,0,0.0,0.0
2026/04/16 11:03:50,00353,能源国际投资,ENERGY INTINV,,0.42,0.01,2.43902,0.41,0.425,0.425,0.42,152000,64460,0.42,0.425
2026/04/16 11:04:25,00354,中国软件国际,CHINASOFT INT'L,,3.66,0.08,2.23464,3.58,3.6,3.68,3.6,10260000,37470940,3.66,3.67
2026/04/16 10:48:13,00355,世纪城市国际,CENTURY C INT'L,,0.07,0.0,0.0,0.07,0.072,0.073,0.069,231553,16723,0.07,0.071
2026/04/16 09:54:56,00356,鼎立资本,DT CAPITAL,,0.061,-0.001,-1.6129,0.062,0.061,0.061,0.061,60000,3660,0.056,0.061
2026/04/16 11:03:35,00357,美兰空港,MEILAN AIRPORT,,6.35,-0.03,-0.47022,6.38,6.39,6.39,6.35,53000,337640,6.35,6.37
2026/04/16 11:04:07,00358,江西铜业股份,JIANGXI COPPER,,39.12,-0.06,-0.15314,39.18,39.0,39.58,38.92,5241000,205138724,39.08,39.12
2026/04/16 10:41:56,00360,新焦点,NEW FOCUS AUTO,,0.043,0.0,0.0,0.043,0.043,0.043,0.043,276000,11868,0.042,0.043
2026/04/16 11:03:06,00361,汉成发展控股,HANFORT DEV H,,0.061,-0.002,-3.1746,0.063,0.062,0.062,0.061,2140000,131460,0.06,0.062
2026/04/16 08:55:00,00362,中国天化工,C ZENITH CHEM,,0.015,0.0,0.0,0.015,0.0,0.0,0.0,0,0,0.0,0.0
2026/04/16 11:04:58,00363,上海实业控股,SHANGHAI IND H,,14.11,-0.03,-0.21216,14.14,14.14,14.15,14.09,286000,4034800,14.1,14.11
2026/04/16 10:51:32,00365,芯成科技,SINO ICT,,0.27,0.0,0.0,0.27,0.27,0.27,0.27,12000,3240,0.26,0.27
2026/04/16 10:20:54,00366,陆氏集团（越南）,LUKS GROUP (VN),,0.91,-0.01,-1.08696,0.92,0.9,0.91,0.89,22000,19720,0.89,0.91
2026/04/16 09:30:03,00367,庄士机构国际,CHUANG'S INT'L,,0.295,0.0,0.0,0.295,0.0,0.0,0.0,0,0,0.29,0.3
2026/04/16 10:36:48,00368,德合集团,SUPERLAND GROUP,,0.76,-0.01,-1.2987,0.77,0.77,0.77,0.76,32000,24480,0.76,0.77
2026/04/16 10:09:45,00369,永泰地产,WING TAI PPT,,2.11,0.0,0.0,2.11,0.0,0.0,0.0,0,0,2.04,2.22
2026/04/16 10:39:49,00370,港仔机器人,HK ROBOTICS,,0.7,0.0,0.0,0.7,0.71,0.71,0.69,342000,237900,0.69,0.7
2026/04/16 11:04:01,00371,北控水务集团,BJ ENT WATER,,2.7,-0.02,-0.73529,2.72,2.74,2.74,2.7,4078000,11074376,2.7,2.71
2026/04/16 11:03:50,00372,保德国际发展,PT INTL DEV,,0.26,0.0,0.0,0.26,0.0,0.0,0.0,0,0,0.208,0.265
2026/04/16 10:27:13,00373,联合集团,ALLIED GROUP,,2.71,-0.04,-1.45455,2.75,2.73,2.73,2.7,90000,244560,2.71,2.72
2026/04/16 09:04:27,00374,四洲集团,FOUR SEAS MER,,2.52,0.0,0.0,2.52,0.0,0.0,0.0,0,0,2.51,2.64
2026/04/16 10:11:46,00375,YGM TRADING,YGM TRADING,,0.99,0.0,0.0,0.99,0.0,0.0,0.0,0,0,0.97,0.99
2026/04/16 11:04:48,00376,云锋金融,YUNFENG FIN,,2.89,0.03,1.04895,2.86,2.86,2.91,2.84,1762000,5082180,2.88,2.89
2026/04/16 09:35:11,00377,中国华君,CHINA HUAJUN GP,,1.0,0.0,0.0,1.0,0.0,0.0,0.0,0,0,0.79,1.2
2026/04/16 10:59:01,00379,恒嘉融资租赁,EG LEASING,,0.064,0.0,0.0,0.064,0.0,0.0,0.0,0,0,0.065,0.07
2026/04/16 09:39:25,00380,中国管业,CHINA PIPE,,0.122,0.0,0.0,0.122,0.0,0.0,0.0,0,0,0.121,0.127
2026/04/16 11:03:45,00381,权识国际,AOM INT'L,,0.495,-0.005,-1.0,0.5,0.5,0.52,0.48,8500381,4252830,0.495,0.5
2026/04/16 10:39:09,00382,中汇集团,EDVANTAGE GROUP,,0.97,0.0,0.0,0.97,0.97,0.99,0.97,893610,870918,0.96,0.97
2026/04/16 09:02:56,00383,天安卓健,TIANAN MEDICARE,,1.1,0.0,0.0,1.1,0.0,0.0,0.0,0,0,1.09,1.2
2026/04/16 11:04:47,00384,中国燃气,CHINA GAS HOLD,,7.36,0.01,0.13605,7.35,7.32,7.39,7.3,2276615,16729870,7.35,7.36
2026/04/16 09:30:16,00385,建联集团,CHINNEY ALLI,,0.325,0.0,0.0,0.325,0.0,0.0,0.0,0,0,0.33,0.36
2026/04/16 11:04:38,00386,中国石油化工股份,SINOPEC CORP,,4.6,0.06,1.32159,4.54,4.55,4.6,4.53,33157400,151493043,4.59,4.6
2026/04/16 09:52:34,00387,力丰（集团）,LEEPORT(HOLD),,0.74,0.0,0.0,0.74,0.0,0.0,0.0,0,0,0.72,0.78
2026/04/16 11:04:53,00388,香港交易所,HKEX,,410.0,-4.0,-0.96618,414.0,415.2,416.2,408.4,1488673,611791403,410.0,410.20001
2026/04/16 10:06:09,00389,通天酒业,TONTINE WINES,,0.29,0.0,0.0,0.29,0.29,0.29,0.29,10200,2953,0.27,0.305
2026/04/16 11:04:16,00390,中国中铁,CHINA RAILWAY,,4.09,0.01,0.2451,4.08,4.09,4.1,4.05,8261000,33605294,4.08,4.09
2026/04/16 09:30:44,00391,美亚娱乐资讯,MEI AH ENTER,,0.1,0.0,0.0,0.1,0.0,0.0,0.0,0,0,0.098,0.1
2026/04/16 11:04:58,00392,北京控股,BEIJING ENT,,31.46,0.32,1.02762,31.14,31.0,31.48,31.0,234200,7348630,31.42,31.46
2026/04/16 09:00:00,00393,旭日企业,GLORIOUS SUN,,1.4,0.0,0.0,1.4,0.0,0.0,0.0,0,0,1.39,1.4
2026/04/16 11:03:20,00396,兴利（香港）控股,HING LEE (HK),,0.42,-0.005,-1.17647,0.425,0.425,0.455,0.41,714000,300720,0.42,0.43
2026/04/16 10:15:10,00397,嬴集团,MINERVA GROUP,,0.047,0.0,0.0,0.047,0.0,0.0,0.0,10,0,0.045,0.047
2026/04/16 11:02:42,00398,东方表行集团,ORIENTAL WATCH,,3.29,-0.01,-0.30303,3.3,3.31,3.31,3.28,140000,460960,3.29,3.3
2026/04/16 11:02:35,00399,星太链集团,STARCOIN GROUP,,0.124,0.001,0.81301,0.123,0.123,0.124,0.121,1200000,147365,0.122,0.124
2026/04/16 11:04:28,00400,硬蛋创新,INGDAN,,2.28,0.05,2.24215,2.23,2.26,2.34,2.19,1054000,2378030,2.27,2.28
2026/04/16 10:59:45,00401,万嘉集团,WANJIA GROUP,,0.173,-0.017,-8.94737,0.19,0.176,0.176,0.173,180000,31560,0.173,0.181
2026/04/16 10:24:21,00403,星光集团,STARLITE HOLD,,0.152,0.0,0.0,0.152,0.0,0.0,0.0,0,0,0.152,0.163
2026/04/16 09:30:23,00406,有利集团,YAU LEE HOLD,,0.72,0.0,0.0,0.72,0.0,0.0,0.0,0,0,0.7,0.8
2026/04/16 10:27:51,00408,叶氏化工集团,YIP'S CHEMICAL,,2.43,0.02,0.82988,2.41,2.43,2.45,2.41,26000,63200,2.43,2.44
2026/04/16 11:04:58,00410,ＳＯＨＯ中国,SOHO CHINA,,0.44,0.0,0.0,0.44,0.435,0.44,0.43,427500,186642,0.44,0.445
2026/04/16 09:01:09,00411,南顺（香港）,LAM SOON (HK),,12.7,0.0,0.0,12.7,0.0,0.0,0.0,0,0,12.2,12.7
2026/04/16 11:04:24,00412,山高控股,SDHG,,1.32,0.01,0.76336,1.31,1.33,1.34,1.31,2034000,2698799,1.32,1.33
2026/04/16 10:05:53,00413,南华集团控股,SC HOLDINGS,,0.026,0.0,0.0,0.026,0.0,0.0,0.0,0,0,0.025,0.026
2026/04/16 10:15:34,00417,谢瑞麟,TSE SUI LUEN,,0.78,-0.02,-2.5,0.8,0.78,0.78,0.78,8000,6240,0.76,0.78
2026/04/16 10:32:38,00418,方正控股,FOUNDER HOLD,,0.7,-0.01,-1.40845,0.71,0.74,0.74,0.7,4000,2880,0.71,0.81
2026/04/16 10:56:28,00419,弘毅文化集团,HONY MEDIA,,0.28,-0.03,-9.67742,0.31,0.335,0.335,0.28,34000,10130,0.29,0.31
2026/04/16 10:30:44,00420,福田实业,FOUNTAIN SET,,0.71,0.0,0.0,0.71,0.71,0.71,0.7,100000,70200,0.7,0.71
2026/04/16 10:03:03,00422,越南制造加工出口,VMEP HOLDINGS,,0.285,-0.015,-5.0,0.3,0.285,0.285,0.285,18000,5130,0.285,0.3
2026/04/16 09:00:12,00423,经济日报集团,HKET HOLDINGS,,0.79,0.0,0.0,0.79,0.0,0.0,0.0,0,0,0.76,0.79
2026/04/16 11:04:54,00425,敏实集团,MINTH GROUP,,35.88,-0.32,-0.88398,36.2,36.2,36.6,35.8,972579,35224351,35.8,35.88
2026/04/16 10:10:55,00426,万华媒体,ONE MEDIA GROUP,,0.105,0.0,0.0,0.105,0.0,0.0,0.0,0,0,0.1,0.108
2026/04/16 10:37:14,00428,中国天弓控股,COCOON HOLDINGS,,0.22,0.0,0.0,0.22,0.0,0.0,0.0,0,0,0.218,0.237
2026/04/16 09:30:28,00430,东方兴业控股,ORIENTAL EXPL,,0.38,0.0,0.0,0.38,0.0,0.0,0.0,0,0,0.345,0.38
2026/04/16 08:55:00,00431,大中华金融,G CHINA FIN,,0.01,0.0,0.0,0.01,0.0,0.0,0.0,0,0,0.0,0.0
2026/04/16 11:03:17,00432,盈大地产,PCPD,,0.265,0.005,1.92308,0.26,0.26,0.265,0.26,127666,33765,0.26,0.265
2026/04/16 10:58:17,00433,北方矿业,NORTH MINING,,0.072,0.0,0.0,0.072,0.07,0.072,0.07,2270000,160790,0.07,0.072
2026/04/16 11:04:41,00434,博雅互动,BOYAA,,2.97,0.11,3.84615,2.86,2.85,2.98,2.85,1814000,5337780,2.96,2.97
2026/04/16 10:08:03,00436,新宇环保,NU ENVIRO,,0.063,0.0,0.0,0.063,0.0,0.0,0.0,0,0,0.057,0.076
2026/04/16 10:28:08,00438,彩虹新能源,IRICO NEWENERGY,,1.7,0.0,0.0,1.7,1.7,1.7,1.7,1000,1700,1.67,1.7
2026/04/16 11:01:44,00439,瀚源控股,GENESIS SCALE,,0.75,0.0,0.0,0.75,0.75,0.75,0.75,6000,4500,0.75,0.77
2026/04/16 11:03:56,00440,大新金融,DAH SING,,41.58,-0.38,-0.90562,41.96,42.26,42.26,41.36,90400,3758056,41.58,41.62
2026/04/16 10:45:57,00442,域能控股,DOMAINE POWER,,0.77,0.0,0.0,0.77,0.77,0.77,0.77,7000,5390,0.73,0.77
2026/04/16 08:55:00,00444,SINCEREWATCH HK,SINCEREWATCH HK,,0.01,0.0,0.0,0.01,0.0,0.0,0.0,0,0,0.0,0.0
2026/04/16 11:03:42,00450,鸿兴印刷集团,HUNG HING PRINT,,0.84,0.02,2.43902,0.82,0.84,0.84,0.83,74000,62140,0.83,0.85
2026/04/16 11:03:58,00451,协鑫新能源,GCL NEWENERGY,,1.11,0.03,2.77778,1.08,1.08,1.12,1.08,858145,950014,1.1,1.11
2026/04/16 09:30:04,00455,天大药业,TIANDA PHARMA,,0.098,0.0,0.0,0.098,0.0,0.0,0.0,0,0,0.093,0.102
2026/04/16 09:02:59,00456,新城市建设发展,NEW CITY DEV,,0.495,0.0,0.0,0.495,0.0,0.0,0.0,0,0,0.44,0.52
2026/04/16 10:00:32,00458,联亚集团,TRISTATE HOLD,,2.05,0.0,0.0,2.05,0.0,0.0,0.0,0,0,1.91,2.05
2026/04/16 11:00:16,00460,四环医药,SIHUAN PHARM,,1.44,-0.01,-0.68966,1.45,1.45,1.45,1.43,4180000,6024010,1.43,1.45
2026/04/16 11:04:51,00464,中国智能科技,CHINA IN-TECH,,0.72,-0.06,-7.69231,0.78,0.88,0.88,0.69,3456000,2523640,0.7,0.72
2026/04/16 10:57:27,00465,富通科技,FUTONG TECH,,0.55,-0.05,-8.33333,0.6,0.55,0.55,0.55,100000,55040,0.57,0.59
2026/04/16 11:04:57,00467,联合能源集团,UNITEDENERGY GP,,0.5,-0.03,-5.66038,0.53,0.52,0.53,0.5,53108000,27145204,0.5,0.51
2026/04/16 08:55:00,00468,纷美包装,GAPACK,,2.28,0.0,0.0,2.28,0.0,0.0,0.0,0,0,0.0,0.0
2026/04/16 11:04:57,00470,先导智能,WUXI LEAD,,51.2,2.36,4.83211,48.84,49.0,52.5,49.0,1300900,66858118,51.1,51.25
2026/04/16 11:00:25,00471,中播数据,SILKWAVE INC,,0.67,0.03,4.6875,0.64,0.66,0.7,0.66,42177902,28970059,0.67,0.68
2026/04/16 11:03:48,00472,新丝路控股集团,NEW SILKROAD,,0.28,0.0,0.0,0.28,0.28,0.28,0.28,30000,8400,0.27,0.285
2026/04/16 10:13:28,00474,信铭生命科技,ACESO LIFE SCI,,0.107,-0.013,-10.83333,0.12,0.109,0.112,0.107,390000,42150,0.107,0.112
2026/04/16 10:27:48,00475,中发展控股,CENTRAL DEV H,,0.355,0.0,0.0,0.355,0.0,0.0,0.0,0,0,0.31,0.395
2026/04/16 09:45:36,00476,科轩动力控股,EV DYNAMICS,,0.5,0.0,0.0,0.5,0.0,0.0,0.0,0,0,0.49,0.54
2026/04/16 10:43:29,00480,香港兴业国际,HKR INT'L,,1.17,0.0,0.0,1.17,1.2,1.2,1.17,1600,1896,1.16,1.17
2026/04/16 11:04:12,00482,圣马丁国际（新）,SANDMARTIN-NEW,,0.8,-0.05,-5.88235,0.85,0.81,0.81,0.8,280000,225500,0.8,0.89
2026/04/16 09:30:02,00483,包浩斯国际,BAUHAUS INT'L,,0.249,0.0,0.0,0.249,0.0,0.0,0.0,0,0,0.247,0.27
2026/04/16 10:38:00,00484,云游控股,FORGAME,,0.75,0.0,0.0,0.75,0.0,0.0,0.0,0,0,0.74,0.78
2026/04/16 09:30:04,00485,中国华星,CHINASINOSTAR,,0.42,0.0,0.0,0.42,0.0,0.0,0.0,0,0,0.0,0.49
2026/04/16 10:56:04,00486,俄铝,RUSAL,,4.33,0.11,2.60664,4.22,4.3,4.39,4.24,337000,1459720,4.33,4.36
2026/04/16 09:34:10,00487,实德环球,SUCCESSUNIVERSE,,0.045,0.0,0.0,0.045,0.0,0.0,0.0,0,0,0.045,0.048
2026/04/16 10:56:35,00488,丽新发展,LAI SUN DEV,,0.85,-0.08,-8.60215,0.93,0.92,0.93,0.81,728200,613206,0.82,0.85
2026/04/16 09:00:51,00491,英皇文化产业,EMPEROR CULTURE,,0.03,0.0,0.0,0.03,0.0,0.0,0.0,0,0,0.028,0.03
2026/04/16 10:56:43,00493,国美零售,GOME RETAIL,,0.014,0.0,0.0,0.014,0.014,0.014,0.013,5466000,74456,0.013,0.014
2026/04/16 08:55:00,00495,PALADIN,PALADIN,,0.012,0.0,0.0,0.012,0.0,0.0,0.0,0,0,0.0,0.0
2026/04/16 10:48:24,00496,卡森国际,KASEN,,0.33,0.0,0.0,0.33,0.0,0.0,0.0,0,0,0.33,0.36
2026/04/16 10:09:36,00497,资本策略地产,CSI PROPERTIES,,0.209,0.0,0.0,0.209,0.0,0.0,0.0,0,0,0.209,0.213
2026/04/16 10:40:44,00498,蓝河控股,BLUE RIVER HLDG,,0.126,0.0,0.0,0.126,0.0,0.0,0.0,0,0,0.128,0.0
2026/04/16 10:44:49,00499,青岛控股,QINGDAO HLDGS,,0.11,-0.004,-3.50877,0.114,0.117,0.117,0.11,32000,3730,0.11,0.117
2026/04/16 10:59:57,00500,先丰服务集团,FRONTIER SER,,0.072,0.004,5.88235,0.068,0.07,0.072,0.07,66000,4733,0.07,0.073
2026/04/16 11:04:40,00501,豪威集团,OMNIVISION,,80.7,2.05,2.60648,78.65,79.0,80.9,78.1,505000,40216380,80.65,80.75
2026/04/16 09:01:27,00505,兴业合金,XINGYE ALLOY,,1.0,0.0,0.0,1.0,0.0,0.0,0.0,0,0,0.96,1.0
2026/04/16 11:04:40,00506,中国食品,CHINA FOODS,,3.7,0.01,0.271,3.69,3.71,3.72,3.67,798000,2950020,3.69,3.7
2026/04/16 10:50:49,00508,鼎亿集团投资,DINGYI GP INV,,0.65,0.03,4.83871,0.62,0.62,0.65,0.62,170000,109850,0.61,0.64
2026/04/16 08:55:00,00509,世纪阳光,SUNSHINE,,0.17,0.0,0.0,0.17,0.0,0.0,0.0,0,0,0.0,0.0
2026/04/16 11:01:03,00510,时富金融服务集团,CASH FIN SER GP,,0.495,-0.015,-2.94118,0.51,0.51,0.51,0.495,228000,114180,0.485,0.495
2026/04/16 11:03:02,00511,电视广播,TVB,,2.91,-0.01,-0.34247,2.92,2.93,2.96,2.9,189600,555066,2.91,2.93
2026/04/16 11:04:03,00512,远大医药,GRAND PHARMA,,6.82,0.01,0.14684,6.81,6.88,6.88,6.73,1151000,7834397,6.82,6.83
2026/04/16 09:05:33,00513,恒和集团,CONTINENTAL H,,0.141,0.0,0.0,0.141,0.0,0.0,0.0,0,0,0.12,0.16
2026/04/16 08:55:00,00515,中华银科技,CHINASILVER TEC,,0.173,0.0,0.0,0.173,0.0,0.0,0.0,0,0,0.0,0.0
2026/04/16 11:02:05,00517,中远海运国际,COSCO SHIP INTL,,6.23,0.0,0.0,6.23,6.25,6.26,6.2,602000,3751000,6.23,6.25
2026/04/16 11:03:18,00518,同得仕（集团）,TUNGTEX (HOLD),,0.185,0.0,0.0,0.185,0.185,0.185,0.185,60000,11100,0.185,0.194
2026/04/16 10:59:04,00519,诺科达科技,NOVAUTEK,,0.178,0.008,4.70588,0.17,0.178,0.178,0.178,25000,4450,0.164,0.178
2026/04/16 11:00:54,00520,呷哺呷哺,XIABUXIABU,,0.455,0.01,2.24719,0.445,0.455,0.455,0.445,434000,196970,0.455,0.46
2026/04/16 10:49:16,00521,CWT INT'L,CWT INT'L,,0.27,0.0,0.0,0.27,0.27,0.27,0.265,1270000,341450,0.265,0.275
2026/04/16 11:04:55,00522,ASMPT,ASMPT,,129.1,2.3,1.81388,126.8,125.0,131.0,123.8,1683677,216544802,129.0,129.10001
2026/04/16 10:35:11,00524,长城天下,GW TERROIR,,0.7,0.0,0.0,0.7,0.0,0.0,0.0,0,0,0.61,0.69
2026/04/16 11:04:47,00525,广深铁路股份,GUANGSHEN RAIL,,2.34,0.09,4.0,2.25,2.27,2.34,2.25,4602000,10621314,2.33,2.34
2026/04/16 10:59:20,00526,利时集团控股,LISI GP HOLD,,0.103,0.0,0.0,0.103,0.112,0.112,0.103,74000,7990,0.103,0.11
2026/04/16 10:51:28,00527,瑞风新能源,RUIFENG RENEW,,0.67,0.0,0.0,0.67,0.67,0.67,0.67,660000,442200,0.66,0.67
2026/04/16 09:00:06,00528,金达控股,KINGDOM HOLDING,,1.24,0.0,0.0,1.24,0.0,0.0,0.0,0,0,1.23,1.3
2026/04/16 10:53:23,00529,SIS INT'L,SIS INT'L,,1.86,-0.04,-2.10526,1.9,1.83,1.86,1.83,22000,40800,1.85,1.86
2026/04/16 11:04:37,00532,WKK INTL (HOLD),WKK INTL (HOLD),,0.265,0.01,3.92157,0.255,0.255,0.265,0.255,110000,28150,0.255,0.275
2026/04/16 10:55:37,00533,金利来集团,GOLDLION HOLD,,1.01,0.01,1.0,1.0,1.01,1.01,1.0,1010000,1013230,1.01,1.02
2026/04/16 11:01:45,00535,金地商置,GEMDALE PPT,,0.117,-0.003,-2.5,0.12,0.124,0.125,0.116,926000,111684,0.118,0.12
2026/04/16 09:59:20,00536,贸易通,TRADELINK,,1.13,-0.01,-0.87719,1.14,1.13,1.13,1.13,80000,90400,1.13,1.14
2026/04/16 10:57:06,00538,味千（中国）,AJISEN (CHINA),,0.99,0.0,0.0,0.99,0.99,0.99,0.99,27000,26730,0.99,1.0
2026/04/16 11:04:36,00540,迅捷环球控股,SPEEDY GLOBAL,,0.212,0.0,0.0,0.212,0.0,0.0,0.0,0,0,0.2,0.215
2026/04/16 11:04:00,00542,中国文旅农业,CN CULTURAL T&A,,1.0,0.0,0.0,1.0,1.12,1.12,1.0,48000,48480,0.9,1.07
2026/04/16 09:30:19,00543,太平洋网络,PACIFIC ONLINE,,0.325,0.0,0.0,0.325,0.0,0.0,0.0,0,0,0.325,0.36
2026/04/16 09:58:42,00544,大同集团,DAIDO GROUP,,1.66,0.0,0.0,1.66,0.0,0.0,0.0,0,0,1.66,1.72
2026/04/16 11:04:09,00546,阜丰集团,FUFENG GROUP,,7.06,0.02,0.28409,7.04,7.05,7.14,6.96,1973000,13852920,7.06,7.07
2026/04/16 10:58:23,00547,数字王国,DIGITAL DOMAIN,,0.27,0.01,3.84615,0.26,0.26,0.27,0.26,305000,80825,0.265,0.27
2026/04/16 11:01:50,00548,深圳高速公路股份,SHENZHENEXPRESS,,7.4,0.02,0.271,7.38,7.42,7.57,7.33,506000,3768290,7.37,7.4
2026/04/16 11:03:25,00550,律齐文化,ALLEGRO CULTURE,,0.85,0.04,4.93827,0.81,0.83,0.85,0.78,810000,657520,0.81,0.84
2026/04/16 11:04:21,00551,裕元集团,YUE YUEN IND,,15.97,0.07,0.44025,15.9,16.16,16.16,15.84,1795309,28634603,15.95,15.97
2026/04/16 11:03:53,00552,中国通信服务,CHINACOMSERVICE,,4.21,-0.01,-0.23697,4.22,4.25,4.26,4.19,946000,3981410,4.2,4.21
2026/04/16 11:04:23,00553,南京熊猫电子股份,NANJING PANDA,,5.01,0.02,0.4008,4.99,4.96,5.03,4.96,1312000,6556140,5.01,5.02
2026/04/16 10:11:07,00554,汉思集团控股,HANS GP HLDGS,,0.199,0.0,0.0,0.199,0.0,0.0,0.0,0,0,0.19,0.199
2026/04/16 11:01:43,00556,泛亚环保,PAN ASIA ENVIRO,,0.56,-0.02,-3.44828,0.58,0.59,0.59,0.55,990000,563580,0.56,0.57
2026/04/16 09:56:14,00557,天元医疗,TIANYUAN HEALTH,,0.465,0.0,0.0,0.465,0.465,0.465,0.465,42000,19530,0.42,0.48
2026/04/16 11:03:51,00558,力劲科技,LK TECH,,2.96,0.06,2.06897,2.9,2.99,2.99,2.89,257500,756450,2.95,2.97
2026/04/16 08:55:00,00559,德泰新能源集团,DETAI NEWENERGY,,0.126,0.0,0.0,0.126,0.0,0.0,0.0,0,0,0.0,0.0
2026/04/16 10:03:48,00560,珠江船务,CHU KONG SHIP,,0.7,-0.01,-1.40845,0.71,0.69,0.7,0.69,152000,105660,0.7,0.71
2026/04/16 10:55:07,00563,上实城市开发,SH IND URBAN,,0.275,-0.005,-1.78571,0.28,0.28,0.28,0.275,12000,3320,0.275,0.28
2026/04/16 11:04:32,00564,中创智领,ZCZL,,18.48,-0.23,-1.22929,18.71,18.65,18.97,18.4,485200,8993045,18.46,18.5
2026/04/16 10:59:53,00565,锦艺集团控股,ART GROUP HOLD,,2.78,0.06,2.20588,2.72,2.72,2.85,2.66,5050000,13890750,2.76,2.79
2026/04/16 11:04:09,00567,大昌微线集团,DAISHOMICROLINE,,0.285,0.005,1.78571,0.28,0.275,0.285,0.275,620000,175000,0.28,0.285
2026/04/16 11:04:27,00568,山东墨龙,SHANDONG MOLONG,,8.22,-0.14,-1.67464,8.36,8.2,8.37,8.2,15568800,128607128,8.22,8.23
2026/04/16 11:04:33,00570,中国中药,TRAD CHI MED,,1.81,0.01,0.55556,1.8,1.81,1.82,1.8,3186000,5768440,1.81,1.82
2026/04/16 10:31:45,00571,丰德丽控股,ESUN HOLDINGS,,0.049,0.003,6.52174,0.046,0.047,0.049,0.047,58000,2762,0.049,0.051
2026/04/16 10:31:33,00572,未来世界控股,FW HOLDINGS,,0.43,0.0,0.0,0.43,0.0,0.0,0.0,2,0,0.4,0.49
2026/04/16 10:35:47,00573,稻香控股,TAO HEUNG HLDGS,,0.3,0.0,0.0,0.3,0.0,0.0,0.0,0,0,0.3,0.315
2026/04/16 10:54:39,00574,百信国际,PASHUN INT'L,,0.042,-0.003,-6.66667,0.045,0.045,0.045,0.042,64000,2838,0.042,0.045
2026/04/16 11:00:17,00575,励晶太平洋,REGENT PACIFIC,,0.7,0.0,0.0,0.7,0.0,0.0,0.0,0,0,0.65,0.8
2026/04/16 11:04:37,00576,浙江沪杭甬,ZHEJIANGEXPRESS,,7.71,-0.4,-4.93218,8.11,8.12,8.16,7.71,3978000,31517280,7.7,7.72
2026/04/16 11:00:59,00579,京能清洁能源,JNCEC,,2.26,-0.01,-0.44053,2.27,2.28,2.28,2.25,2950000,6677270,2.26,2.27
2026/04/16 11:01:51,00580,赛晶科技,SUN.KING TECH,,1.61,0.05,3.20513,1.56,1.58,1.61,1.57,1036000,1651440,1.59,1.61
2026/04/16 11:02:47,00581,中国东方集团,CHINA ORIENTAL,,1.33,-0.01,-0.74627,1.34,1.34,1.34,1.32,214000,284840,1.32,1.33
2026/04/16 10:50:01,00582,神话世界,SHIN HWA WORLD,,0.118,-0.002,-1.66667,0.12,0.118,0.118,0.118,420000,49560,0.118,0.133
2026/04/16 10:48:25,00583,长城环亚控股,GWPA HOLDINGS,,0.222,0.0,0.0,0.222,0.0,0.0,0.0,0,0,0.22,0.232
2026/04/16 11:03:19,00585,意力国际,IMAGI INT'L,,2.13,-0.22,-9.3617,2.35,2.26,2.26,1.61,406125,829475,2.14,2.24
2026/04/16 11:04:29,00586,海螺创业,CONCH VENTURE,,11.61,-0.31,-2.60067,11.92,11.92,12.0,11.55,8500500,99526945,11.61,11.64
2026/04/16 09:30:12,00587,海螺环保,CONCH ENVIRO,,0.52,0.0,0.0,0.52,0.0,0.0,0.0,0,0,0.51,0.52
2026/04/16 11:02:52,00588,北京北辰实业股份,BEIJING N STAR,,0.81,0.0,0.0,0.81,0.82,0.83,0.81,13284000,10852080,0.81,0.82
2026/04/16 11:01:53,00590,六福集团,LUK FOOK HOLD,,23.24,0.0,0.0,23.24,23.0,23.26,22.9,188000,4330480,23.08,23.24
2026/04/16 10:59:19,00591,中国高精密,C HIGHPRECISION,,0.213,0.0,0.0,0.213,0.0,0.0,0.0,0,0,0.214,0.23
2026/04/16 10:23:34,00595,AV CONCEPT HOLD,AV CONCEPT HOLD,,0.56,-0.01,-1.75439,0.57,0.57,0.57,0.56,104000,58640,0.56,0.57
2026/04/16 11:03:27,00596,浪潮数字企业,INSPUR DIGI ENT,,2.47,0.03,1.22951,2.44,2.4,2.53,2.4,3908000,9724600,2.46,2.47
2026/04/16 11:02:53,00598,中国外运,SINOTRANS,,5.1,0.05,0.9901,5.05,5.05,5.12,5.05,2790300,14217895,5.09,5.11
2026/04/16 09:30:11,00599,怡邦行控股,E. BON HOLDINGS,,0.15,0.0,0.0,0.15,0.0,0.0,0.0,0,0,0.132,0.164
2026/04/16 11:04:36,00600,爱芯元智,AXERA,,21.9,1.68,8.30861,20.22,20.9,22.6,20.3,977300,21272662,21.82,21.98
2026/04/16 10:49:04,00601,稀镁科技,REMT,,0.074,0.0,0.0,0.074,0.074,0.074,0.074,1070000,79180,0.073,0.079
2026/04/16 09:02:38,00602,佳华百货控股,JIAHUA STORES H,,0.04,0.0,0.0,0.04,0.0,0.0,0.0,0,0,0.035,0.04
2026/04/16 11:04:36,00603,中油燃气,CHINA OIL & GAS,,0.176,0.0,0.0,0.176,0.176,0.18,0.174,687000,120572,0.176,0.18
2026/04/16 10:57:30,00604,深圳控股,SHENZHEN INVEST,,0.78,0.0,0.0,0.78,0.78,0.78,0.77,714000,552260,0.77,0.78
2026/04/16 10:46:30,00605,中国金融投资管理,C FIN SERVICES,,0.81,-0.06,-6.89655,0.87,0.81,0.81,0.81,12000,9720,0.81,0.85
2026/04/16 09:02:07,00606,中骏商管,SCE CM,,0.28,0.0,0.0,0.28,0.0,0.0,0.0,0,0,0.28,0.295
2026/04/16 08:55:00,00607,丰盛控股,FULLSHARE,,1.38,0.0,0.0,1.38,0.0,0.0,0.0,0,0,0.0,0.0
2026/04/16 10:59:56,00608,达利国际,HIGH FASHION,,1.16,-0.02,-1.69492,1.18,1.17,1.17,1.16,4000,4660,1.12,1.16
2026/04/16 09:30:15,00609,天德化工,TIANDE CHEMICAL,,1.31,0.0,0.0,1.31,0.0,0.0,0.0,0,0,1.25,1.44
2026/04/16 09:00:26,00610,WAI KEE HOLD,WAI KEE HOLD,,0.92,0.0,0.0,0.92,0.0,0.0,0.0,0,0,0.89,0.94
2026/04/16 10:02:43,00611,中国核能科技,CNE TECH CORP,,0.5,0.0,0.0,0.5,0.5,0.5,0.5,46000,23000,0.495,0.51
2026/04/16 08:55:00,00612,嘉文世纪投资公司,CARMEN CENTURY,,0.335,0.0,0.0,0.335,0.0,0.0,0.0,0,0,0.0,0.0
2026/04/16 11:04:34,00613,梧桐国际,PLANETREE INT'L,,1.6,-0.1,-5.88235,1.7,1.62,1.62,1.6,50000,80160,1.65,1.7
2026/04/16 11:01:32,00616,财富链,ASSET CHAIN,,0.3,0.0,0.0,0.3,0.29,0.315,0.29,1885000,572625,0.295,0.3
2026/04/16 11:00:23,00617,百利保控股,PALIBURG HOLD,,0.181,-0.002,-1.0929,0.183,0.182,0.183,0.18,117500,21461,0.181,0.183
2026/04/16 10:46:25,00618,北大资源,PKU RESOURCES,,0.315,0.0,0.0,0.315,0.315,0.315,0.315,136000,42840,0.3,0.315
2026/04/16 11:03:12,00619,南华金融,SOUTH CHINA FIN,,0.295,0.0,0.0,0.295,0.0,0.0,0.0,0,0,0.305,0.34
2026/04/16 11:02:47,00620,大唐西市,DTXS SILK ROAD,,0.26,0.0,0.0,0.26,0.26,0.265,0.25,1762000,447720,0.26,0.265
2026/04/16 10:53:20,00621,坛金矿业,TAUNG GOLD,,0.455,-0.005,-1.08696,0.46,0.45,0.46,0.45,105000,47925,0.455,0.46
2026/04/16 10:58:50,00622,威华达控股,OSHIDORI,,1.84,-0.02,-1.07527,1.86,1.86,1.88,1.82,4680000,8609040,1.83,1.84
2026/04/16 09:55:21,00623,中视金桥,SINOMEDIA,,2.03,0.0,0.0,2.03,0.0,0.0,0.0,0,0,2.01,2.07
2026/04/16 09:58:32,00626,大众金融控股,PUBLIC FIN HOLD,,1.48,0.0,0.0,1.48,0.0,0.0,0.0,0,0,1.47,1.49
2026/04/16 10:58:01,00627,共生智筑,VISION SYNERGY,,0.45,0.0,0.0,0.45,0.0,0.0,0.0,40,17,0.45,0.54
2026/04/16 11:04:30,00628,通通ＡＩ社交,TONGTONG AI SOC,,0.395,-0.015,-3.65854,0.41,0.41,0.43,0.37,6438000,2649380,0.395,0.4
2026/04/16 09:51:37,00629,悦达国际控股,YUE DA INTL,,0.295,0.0,0.0,0.295,0.295,0.295,0.295,100000,29500,0.28,0.295
2026/04/16 10:29:26,00630,隽泰控股,AMCO UNITED,,0.25,-0.01,-3.84615,0.26,0.25,0.25,0.25,20640,5142,0.23,0.27
2026/04/16 11:04:59,00631,三一国际,SANY INT'L,,11.67,-0.14,-1.18544,11.81,11.75,12.07,11.53,2781986,32445748,11.67,11.68
2026/04/16 10:47:31,00632,中港石油,CHK OIL,,0.3,-0.01,-3.22581,0.31,0.305,0.305,0.3,6530000,1982330,0.295,0.3
2026/04/16 10:37:03,00635,彩星集团,PLAYMATES,,0.51,0.0,0.0,0.51,0.51,0.51,0.51,76000,38760,0.51,0.52
2026/04/16 10:55:55,00636,KLN,KLN,,6.63,-0.08,-1.19225,6.71,6.68,6.69,6.61,140298,932211,6.63,6.64
2026/04/16 10:17:21,00637,利记,LEE KEE,,0.195,0.0,0.0,0.195,0.0,0.0,0.0,1000,190,0.196,0.216
2026/04/16 11:00:53,00638,广和通,FIBOCOM,,13.76,0.2,1.47493,13.56,13.38,13.86,13.38,395400,5418160,13.76,13.8
2026/04/16 10:56:35,00639,首钢资源,SHOUGANG RES,,2.69,0.01,0.37313,2.68,2.7,2.72,2.68,1862000,5017460,2.69,2.7
2026/04/16 09:14:18,00640,星谦发展,INFINITY DEV,,2.54,0.0,0.0,2.54,0.0,0.0,0.0,0,0,2.49,2.57
2026/04/16 10:34:05,00641,中国恒天立信国际,CHTC FONG'S INT,,0.365,0.03,8.95522,0.335,0.365,0.365,0.365,2000,730,0.32,0.355
2026/04/16 10:56:36,00643,恒富控股,CARRY WEALTH,,0.25,-0.01,-3.84615,0.26,0.25,0.25,0.25,10000,2500,0.25,0.255
2026/04/16 10:39:29,00645,安域亚洲,ARES ASIA,,0.191,-0.001,-0.52083,0.192,0.19,0.191,0.19,110000,20902,0.176,0.191
2026/04/16 10:56:54,00646,中国环保科技,CHINA ENV TEC,,0.123,-0.002,-1.6,0.125,0.123,0.123,0.123,160000,19680,0.118,0.125
2026/04/16 11:03:32,00648,京玖康疗,SOFTMEDX,,0.3,0.01,3.44828,0.29,0.3,0.3,0.3,5020,1505,0.285,0.29
2026/04/16 11:04:41,00650,普达特科技,PRODUCTIVE TECH,,0.41,-0.02,-4.65116,0.43,0.455,0.46,0.375,22498000,9248240,0.41,0.42
2026/04/16 10:07:51,00653,卓悦控股,BONJOUR HOLD,,0.061,0.001,1.66667,0.06,0.06,0.061,0.06,492000,29916,0.061,0.062
2026/04/16 10:24:00,00655,香港华人有限公司,HK CHINESE LTD,,0.241,0.0,0.0,0.241,0.0,0.0,0.0,0,0,0.242,0.246
2026/04/16 11:04:59,00656,复星国际,FOSUN INTL,,4.19,0.12,2.9484,4.07,4.09,4.21,4.04,3627700,15027996,4.18,4.19
2026/04/16 09:18:28,00657,环科国际,G-VISION INT'L,,0.027,0.0,0.0,0.027,0.0,0.0,0.0,0,0,0.027,0.031
2026/04/16 08:55:00,00658,中国高速传动,C TRANSMISSION,,1.95,0.0,0.0,1.95,0.0,0.0,0.0,0,0,0.0,0.0
2026/04/16 11:04:15,00659,周大福创建,CTF SERVICES,,8.1,0.05,0.62112,8.05,8.07,8.1,8.05,206000,1662640,8.09,8.1
2026/04/16 11:04:53,00660,玮俊生物科技,WAI CHUN BIOTEC,,1.13,-0.13,-10.31746,1.26,1.2,1.26,1.08,2507800,2869542,1.16,1.19
2026/04/16 11:01:50,00661,中国大冶有色金属,CDAYENONFER,,0.146,0.007,5.03597,0.139,0.145,0.147,0.139,28318000,4052438,0.145,0.146
2026/04/16 10:05:28,00662,亚洲金融,ASIA FINANCIAL,,4.68,0.0,0.0,4.68,0.0,0.0,0.0,0,0,4.69,4.7
2026/04/16 11:03:18,00664,铜师傅,TONGSHIFU,,27.52,-0.28,-1.00719,27.8,27.92,27.92,27.38,21400,590052,27.52,27.7
2026/04/16 11:04:14,00666,瑞浦兰钧,REPT BATTERO,,16.91,0.56,3.42508,16.35,16.58,17.25,16.29,4451000,75391317,16.9,16.91
2026/04/16 11:04:17,00667,中国东方教育,CHINA EAST EDU,,5.03,0.01,0.1992,5.02,5.02,5.1,4.87,2951500,14576190,5.02,5.03
2026/04/16 11:04:46,00669,创科实业,TECHTRONIC IND,,109.2,-2.5,-2.23814,111.7,111.7,112.5,108.8,1785130,195819312,109.1,109.2
2026/04/16 11:04:56,00670,中国东方航空股份,CHINA EAST AIR,,3.98,0.04,1.01523,3.94,3.98,4.04,3.91,8220000,32603000,3.97,3.98
2026/04/16 10:49:54,00672,众安集团,ZHONGAN GROUP,,0.094,0.0,0.0,0.094,0.094,0.094,0.094,3487000,327778,0.095,0.097
2026/04/16 10:50:33,00673,中国卫生集团,CHINA HEALTH,,0.56,0.0,0.0,0.56,0.0,0.0,0.0,0,0,0.51,0.56
2026/04/16 09:30:02,00674,中国唐商,CHINA TANGSHANG,,0.068,0.0,0.0,0.068,0.0,0.0,0.0,0,0,0.066,0.073
2026/04/16 09:07:20,00675,坚宝国际,K & P INT'L,,0.39,0.0,0.0,0.39,0.0,0.0,0.0,0,0,0.36,0.39
2026/04/16 10:18:22,00676,创信国际,PEGASUS INT'L,,1.0,0.0,0.0,1.0,0.0,0.0,0.0,0,0,0.97,1.03
2026/04/16 10:20:03,00677,金源发展国际实业,GOLDEN RES DEV,,0.35,-0.005,-1.40845,0.355,0.355,0.355,0.35,106000,37600,0.35,0.355
2026/04/16 11:03:12,00679,亚洲联网科技,ASIA TELE-NET,,2.8,0.6,27.27273,2.2,2.26,2.84,2.25,7159166,18701383,2.76,2.8
2026/04/16 10:39:31,00681,中民控股,CHI PEOPLE HOLD,,0.027,0.0,0.0,0.027,0.026,0.027,0.026,502000,13552,0.027,0.028
2026/04/16 10:41:00,00682,超大现代,CHAODA MODERN,,0.23,0.0,0.0,0.23,0.0,0.0,0.0,200,43,0.23,0.239
2026/04/16 11:04:39,00683,嘉里建设,KERRY PPT,,22.36,-0.24,-1.06195,22.6,22.6,22.98,22.28,483500,10823000,22.36,22.42
2026/04/16 09:30:34,00684,亚伦国际,ALLAN INT'L,,0.51,0.0,0.0,0.51,0.0,0.0,0.0,0,0,0.5,0.53
2026/04/16 10:46:50,00685,世界华文媒体,MEDIA CHINESE,,0.205,-0.01,-4.65116,0.215,0.196,0.205,0.196,2000,401,0.205,0.228
2026/04/16 10:12:56,00686,北京能源国际,BJ ENERGY INTL,,1.06,0.0,0.0,1.06,0.0,0.0,0.0,0,0,1.07,1.08
2026/04/16 10:54:13,00687,泰升集团,TYSAN HOLDINGS,,0.355,0.0,0.0,0.355,0.355,0.355,0.355,162000,57510,0.355,0.36
2026/04/16 11:04:56,00688,中国海外发展,CHINA OVERSEAS,,12.51,0.17,1.37763,12.34,12.34,12.57,12.34,4560811,56842010,12.51,12.52
2026/04/16 11:04:23,00689,长盈集团（控股）,EPI (HOLDINGS),,0.213,-0.02,-8.58369,0.233,0.199,0.24,0.18,52177320,11145158,0.21,0.214
2026/04/16 10:58:44,00690,联康生物科技集团,UNI-BIO GROUP,,0.1,-0.002,-1.96078,0.102,0.106,0.107,0.099,1972000,198164,0.099,0.1
2026/04/16 10:58:53,00691,山水水泥,SHANSHUI CEMENT,,0.415,0.0,0.0,0.415,0.41,0.42,0.41,169000,70435,0.42,0.435
2026/04/16 09:32:23,00693,陈唱国际,TAN CHONG INT'L,,1.53,0.0,0.0,1.53,0.0,0.0,0.0,0,0,1.52,1.6
2026/04/16 11:00:17,00694,北京首都机场股份,BEIJING AIRPORT,,1.94,-0.01,-0.51282,1.95,1.97,1.97,1.92,998000,1928250,1.93,1.94
2026/04/16 10:54:25,00695,东吴水泥,DONGWU CEMENT,,7.56,-0.03,-0.39526,7.59,7.58,7.58,7.45,262000,1969020,7.56,7.59
2026/04/16 11:03:24,00696,中国民航信息网络,TRAVELSKY TECH,,10.14,0.14,1.4,10.0,10.0,10.18,10.0,3696000,37397190,10.12,10.14
2026/04/16 11:04:00,00697,首程控股,SHOUCHENG,,1.67,0.0,0.0,1.67,1.68,1.68,1.66,12977200,21654970,1.67,1.68
2026/04/16 10:55:04,00698,通达集团,TONGDA GROUP,,2.66,-0.05,-1.84502,2.71,2.71,2.71,2.66,59000,159790,2.65,2.7
2026/04/16 11:02:54,00699,均胜电子,JOYSON ELEC,,16.27,0.21,1.3076,16.06,16.4,16.49,16.07,1509500,24596581,16.24,16.3
2026/04/16 11:04:38,00700,腾讯控股,TENCENT,,509.5,10.5,2.10421,499.0,506.5,510.0,504.0,7704607,3909985215,509.5,510.0
2026/04/16 08:55:00,00701,CNT GROUP,CNT GROUP,,0.178,0.0,0.0,0.178,0.0,0.0,0.0,0,0,0.0,0.0
2026/04/16 08:55:00,00702,中国油气控股,SINO OIL & GAS,,0.034,0.0,0.0,0.034,0.0,0.0,0.0,0,0,0.0,0.0
2026/04/16 10:05:51,00703,FUTURE BRIGHT,FUTURE BRIGHT,,0.096,0.0,0.0,0.096,0.0,0.0,0.0,0,0,0.098,0.103
2026/04/16 08:55:00,00704,和嘉控股,HUSCOKE HLDGS,,0.133,0.0,0.0,0.133,0.0,0.0,0.0,0,0,0.0,0.0
2026/04/16 08:55:00,00707,亚洲电视控股,ATV HOLDINGS,,0.06,0.0,0.0,0.06,0.0,0.0,0.0,0,0,0.0,0.0
2026/04/16 08:55:00,00708,恒大汽车,EVERG VEHICLE,,0.17,0.0,0.0,0.17,0.0,0.0,0.0,0,0,0.0,0.0
2026/04/16 10:53:14,00709,佐丹奴国际,GIORDANO INT'L,,1.48,-0.01,-0.67114,1.49,1.49,1.5,1.48,300129,446667,1.48,1.49
2026/04/16 11:00:44,00710,京东方精电,BOE VARITRONIX,,4.32,0.02,0.46512,4.3,4.29,4.33,4.27,103000,444300,4.31,4.32
2026/04/16 09:00:00,00711,亚洲联合基建控股,ASIA ALLIED INF,,0.43,0.0,0.0,0.43,0.0,0.0,0.0,0,0,0.425,0.435
2026/04/16 10:44:53,00712,卡姆丹克太阳能,COMTEC SOLAR,,0.093,-0.002,-2.10526,0.095,0.095,0.095,0.093,290000,27090,0.093,0.095
2026/04/16 09:31:02,00713,世界（集团）,WORLD HOUSEWARE,,0.385,0.0,0.0,0.385,0.0,0.0,0.0,0,0,0.36,0.385
2026/04/16 10:54:36,00716,胜狮货柜,SINGAMAS CONT,,0.64,0.0,0.0,0.64,0.65,0.65,0.64,232000,150040,0.64,0.65
2026/04/16 10:59:28,00717,英皇资本,EMPEROR CAPITAL,,0.088,0.001,1.14943,0.087,0.086,0.088,0.086,1230000,107520,0.087,0.089
2026/04/16 09:33:12,00718,太和控股,TAI UNITED HOLD,,0.032,0.0,0.0,0.032,0.0,0.0,0.0,0,0,0.03,0.032
2026/04/16 11:00:08,00719,山东新华制药股份,SHANDONG XINHUA,,6.4,0.0,0.0,6.4,6.4,6.42,6.4,98000,627820,6.4,6.42
2026/04/16 10:59:51,00720,意达利控股,AUTO ITALIA,,0.37,-0.005,-1.33333,0.375,0.37,0.37,0.37,75000,27750,0.37,0.38
2026/04/16 10:59:41,00721,中国金融国际,C FIN INT INV,,0.07,0.005,7.69231,0.065,0.07,0.07,0.07,50000,3500,0.062,0.067
2026/04/16 10:44:43,00722,联合医务,UMP,,0.46,0.005,1.0989,0.455,0.46,0.46,0.46,100000,46000,0.455,0.46
2026/04/16 10:48:07,00723,信保环球控股,RELIANCE GLO HL,,0.23,0.0,0.0,0.23,0.0,0.0,0.0,0,0,0.236,0.25
2026/04/16 08:55:00,00724,瑞鑫国际集团,RUIXIN INT'L,,0.105,0.0,0.0,0.105,0.0,0.0,0.0,0,0,0.0,0.0
2026/04/16 10:03:56,00725,恒都集团,PERENNIAL INT'L,,0.8,0.0,0.0,0.8,0.8,0.8,0.8,16000,12800,0.8,0.82
2026/04/16 10:20:05,00726,筑友智造科技,DIT GROUP,,0.03,-0.004,-11.76471,0.034,0.034,0.034,0.03,1000000,30630,0.031,0.033
2026/04/16 10:10:34,00727,皇冠环球集团,CROWNICORP,,0.66,0.0,0.0,0.66,0.0,0.0,0.0,0,0,0.63,0.71
2026/04/16 11:04:36,00728,中国电信,CHINA TELECOM,,4.87,-0.03,-0.61225,4.9,4.91,4.91,4.86,25794000,125801960,4.87,4.88
2026/04/16 10:13:26,00730,首惠产业金融,CAPITAL IND FIN,,0.119,0.0,0.0,0.119,0.0,0.0,0.0,0,0,0.118,0.122
2026/04/16 09:37:48,00731,建发新胜,C&D NEWIN,,0.3,0.0,0.0,0.3,0.0,0.0,0.0,0,0,0.295,0.3
2026/04/16 10:45:39,00732,信利国际,TRULY INT'L,,1.0,0.01,1.0101,0.99,1.0,1.01,1.0,510000,510020,1.0,1.01
2026/04/16 10:55:35,00733,合富辉煌,HOPEFLUENT,,0.237,0.0,0.0,0.237,0.0,0.0,0.0,0,0,0.235,0.265
2026/04/16 10:31:23,00736,中国置业投资,CHINA PPT INV,,0.46,-0.03,-6.12245,0.49,0.51,0.51,0.46,60000,28635,0.47,0.485
2026/04/16 10:33:36,00737,湾区发展,BAY AREA DEV,,1.93,-0.02,-1.02564,1.95,1.93,1.93,1.93,106000,204580,1.93,1.94
2026/04/16 09:30:42,00738,莱尔斯丹,LE SAUNDA,,0.33,0.0,0.0,0.33,0.0,0.0,0.0,0,0,0.325,0.34
2026/04/16 11:01:25,00743,亚洲水泥（中国）,ASIA CEMENT CH,,2.16,-0.01,-0.46083,2.17,2.2,2.2,2.16,17000,37060,2.16,2.18
2026/04/16 11:00:34,00745,中国国家文化产业,CN CULTURE GP,,1.0,-0.06,-5.66038,1.06,1.0,1.0,1.0,120000,120000,1.0,1.24
2026/04/16 10:32:03,00746,理文化工,L & M CHEMICAL,,4.84,0.03,0.6237,4.81,4.84,4.84,4.84,4000,19360,4.83,4.95
2026/04/16 10:45:42,00747,渖阳公用发展股份,SHENYANG PUBLIC,,0.096,0.0,0.0,0.096,0.0,0.0,0.0,0,0,0.087,0.095
2026/04/16 09:47:46,00750,水发兴业能源,SFSY ENERGY,,0.23,0.0,0.0,0.23,0.24,0.24,0.23,30000,7100,0.221,0.23
2026/04/16 11:03:01,00751,创维集团,SKYWORTH GROUP,,6.38,0.08,1.26984,6.3,6.23,6.41,6.23,238000,1511840,6.37,6.39
2026/04/16 11:03:39,00752,PICO FAR EAST,PICO FAR EAST,,2.5,0.0,0.0,2.5,2.5,2.5,2.5,26000,65000,2.5,2.51
2026/04/16 11:04:03,00753,中国国航,AIR CHINA,,5.09,0.11,2.20884,4.98,5.02,5.11,4.99,9678000,49001420,5.08,5.1
2026/04/16 08:55:00,00754,合生创展集团,HOPSON DEV HOLD,,2.64,0.0,0.0,2.64,0.0,0.0,0.0,0,0,0.0,0.0
2026/04/16 10:02:31,00755,大方广瑞德,DEVGREAT,,0.325,0.0,0.0,0.325,0.0,0.0,0.0,0,0,0.29,0.325
2026/04/16 10:29:45,00756,森美控股,SUMMI,,0.66,0.0,0.0,0.66,0.0,0.0,0.0,0,0,0.66,0.0
2026/04/16 10:25:17,00757,阳光能源,SOLARGIGA,,0.07,0.0,0.0,0.07,0.07,0.07,0.07,334000,23380,0.069,0.07
2026/04/16 10:47:13,00759,CEC INT'L HOLD,CEC INT'L HOLD,,0.203,0.0,0.0,0.203,0.203,0.203,0.203,18000,3654,0.2,0.203
2026/04/16 10:37:29,00760,新天地产集团,TALENT PPT GP,,0.152,0.0,0.0,0.152,0.0,0.0,0.0,2500,350,0.153,0.166
2026/04/16 11:04:23,00762,中国联通,CHINA UNICOM,,7.32,0.02,0.27397,7.3,7.26,7.33,7.26,3046200,22250366,7.31,7.32
2026/04/16 11:04:20,00763,中兴通讯,ZTE,,23.34,-0.62,-2.58765,23.96,23.96,23.96,23.16,14213440,331623183,23.32,23.34
2026/04/16 09:47:13,00764,永恒策略,ETERNITY INV,,0.495,0.0,0.0,0.495,0.0,0.0,0.0,10000,4950,0.435,0.56
2026/04/16 10:09:39,00765,PERFECTECH INTL,PERFECTECH INTL,,0.204,0.0,0.0,0.204,0.0,0.0,0.0,0,0,0.2,0.204
2026/04/16 11:01:44,00767,中基长寿科学,ZHONG JI LS,,0.48,0.0,0.0,0.48,0.48,0.48,0.47,150000,71700,0.47,0.48
2026/04/16 09:04:26,00768,开明投资,UBA INVESTMENTS,,0.04,0.0,0.0,0.04,0.0,0.0,0.0,0,0,0.039,0.043
2026/04/16 08:55:00,00769,中国稀土,CHINA RAREEARTH,,0.7,0.0,0.0,0.7,0.0,0.0,0.0,0,0,0.0,0.0
2026/04/16 09:40:52,00770,SHANGHAI GROWTH,SHANGHAI GROWTH,,0.198,0.0,0.0,0.198,0.0,0.0,0.0,0,0,0.0,0.2
2026/04/16 11:04:34,00771,自动系统,AUTOMATED SYS,,0.9,0.0,0.0,0.9,0.9,0.9,0.9,20000,18000,0.9,0.91
2026/04/16 11:04:56,00772,阅文集团,CHINA LIT,,26.96,0.38,1.42965,26.58,26.6,27.16,26.6,1374209,37013341,26.94,26.96
2026/04/16 10:54:48,00775,长江生命科技,CKLIFE SCIENCES,,0.74,0.01,1.36986,0.73,0.73,0.74,0.73,1120000,826920,0.73,0.75
2026/04/16 10:54:09,00776,帝国科技集团,IMPERIUM TEC GP,,0.89,0.0,0.0,0.89,0.98,0.99,0.89,49500,46245,0.91,0.94
2026/04/16 11:01:25,00777,网龙,NETDRAGON,,9.12,-0.03,-0.32787,9.15,9.2,9.2,9.11,844500,7741400,9.12,9.13
2026/04/16 11:04:37,00780,同程旅行,TONGCHENGTRAVEL,,18.57,0.13,0.70499,18.44,18.44,18.77,18.44,1077600,20058842,18.57,18.59
2026/04/16 11:04:43,00784,凌锐控股,LING YUI,,0.69,-0.22,-24.17582,0.91,0.96,1.06,0.68,63390500,51347010,0.69,0.7
2026/04/16 11:04:10,00788,中国铁塔,CHINA TOWER,,10.92,-0.04,-0.36496,10.96,11.0,11.0,10.8,4360900,47499150,10.9,10.92
2026/04/16 11:02:15,00789,雅天妮集团,ARTINI HLDG,,0.305,-0.02,-6.15385,0.325,0.305,0.305,0.305,20000,6100,0.305,0.33
2026/04/16 09:39:09,00794,锦胜集团（控股）,COME SURE GROUP,,0.28,0.0,0.0,0.28,0.0,0.0,0.0,0,0,0.0,0.345
2026/04/16 10:24:11,00797,第七大道,7ROAD,,0.72,0.0,0.0,0.72,0.72,0.72,0.72,50000,36000,0.71,0.75
2026/04/16 10:44:47,00798,中电光谷,CEOVU,,0.19,0.006,3.26087,0.184,0.189,0.19,0.189,28000,5300,0.186,0.193
2026/04/16 11:03:48,00799,IGG,IGG,,3.11,0.12,4.01338,2.99,2.99,3.15,2.99,1630100,5072179,3.09,3.11
2026/04/16 11:04:49,00800,文远知行－Ｗ,WERIDE-W,,21.64,0.88,4.23892,20.76,20.76,21.7,20.76,1550400,33394110,21.6,21.64
2026/04/16 09:34:02,00804,鼎石资本,PINESTONE,,3.65,0.0,0.0,3.65,3.65,3.65,3.65,5000,18250,3.56,4.09
2026/04/16 08:55:00,00805,新吉奥房车,NEW GONOW RV,,1.25,0.0,0.0,1.25,0.0,0.0,0.0,0,0,0.0,0.0
2026/04/16 10:40:44,00806,惠理集团,VALUE PARTNERS,,2.08,0.02,0.97087,2.06,2.07,2.1,2.07,323000,673155,2.08,2.09
2026/04/16 10:09:05,00807,上海实业环境,SIICENVIRONMENT,,1.08,0.0,0.0,1.08,1.08,1.08,1.07,315000,339170,1.07,1.08
2026/04/16 09:30:51,00809,大成生化科技,GLOBAL BIO-CHEM,,0.058,0.0,0.0,0.058,0.058,0.058,0.058,2000000,116000,0.058,0.06
2026/04/16 10:48:38,00810,中国铸晨８１,CH CASTSON 81,,0.121,-0.001,-0.81967,0.122,0.122,0.122,0.121,234000,28374,0.121,0.125
2026/04/16 10:58:01,00811,新华文轩,XINHUA WINSHARE,,10.4,-0.05,-0.47847,10.45,10.44,10.54,10.35,241000,2510650,10.37,10.4
2026/04/16 11:03:37,00813,世茂集团,SHIMAO GROUP,,0.172,-0.001,-0.57804,0.173,0.174,0.176,0.172,1816000,316105,0.172,0.173
2026/04/16 09:34:53,00814,北京京客隆,JINGKELONG,,0.305,0.0,0.0,0.305,0.0,0.0,0.0,0,0,0.29,0.305
2026/04/16 11:01:35,00815,中国白银集团,CHI SILVER GP,,0.485,-0.005,-1.02041,0.49,0.49,0.49,0.48,2786000,1349000,0.48,0.485
2026/04/16 10:49:15,00816,金茂服务,JINMAO SERVICES,,2.56,0.01,0.39216,2.55,2.56,2.57,2.56,182500,468635,2.56,2.57
2026/04/16 11:03:43,00817,中国金茂,CHINA JINMAO,,1.57,0.0,0.0,1.57,1.56,1.58,1.54,12954000,20140578,1.55,1.56
2026/04/16 10:42:10,00818,高阳科技,HI SUN TECH,,0.42,0.01,2.43902,0.41,0.42,0.42,0.42,90000,37800,0.415,0.42
2026/04/16 11:04:56,00819,天能动力,TIANNENG POWER,,7.93,0.03,0.37975,7.9,7.93,8.1,7.83,2234000,17863040,7.93,7.96
2026/04/16 09:31:02,00821,汇盈控股,VC HOLDINGS,,0.275,0.0,0.0,0.275,0.0,0.0,0.0,0,0,0.26,0.295
2026/04/16 10:02:42,00822,嘉瑞国际,KA SHUI INT'L,,0.305,0.005,1.66667,0.3,0.3,0.305,0.3,14000,4230,0.29,0.3
2026/04/16 09:04:14,00825,新世界百货中国,NWDS CHINA,,0.315,0.0,0.0,0.315,0.0,0.0,0.0,0,0,0.315,0.335
2026/04/16 11:04:19,00826,天工国际,TIANGONG INT'L,,3.35,0.02,0.6006,3.33,3.35,3.38,3.33,3032000,10163570,3.35,3.36
2026/04/16 11:00:47,00827,玖源集团,KO YO GROUP,,0.043,-0.003,-6.52174,0.046,0.043,0.045,0.042,1644000,70376,0.042,0.044
2026/04/16 09:41:41,00828,王朝酒业,DYNASTY WINES,,0.219,0.0,0.0,0.219,0.0,0.0,0.0,0,0,0.209,0.218
2026/04/16 11:04:51,00829,神冠控股,SHENGUAN HLDGS,,0.193,0.005,2.65957,0.188,0.189,0.193,0.189,1076000,205288,0.192,0.193
2026/04/16 11:02:38,00830,中国建筑兴业,CSC DEVELOPMENT,,0.86,0.0,0.0,0.86,0.85,0.86,0.85,22000,18800,0.84,0.86
2026/04/16 11:00:12,00831,利亚零售,CR ASIA,,0.385,0.0,0.0,0.385,0.39,0.39,0.385,508000,197720,0.385,0.39
2026/04/16 10:59:54,00832,建业地产,CENTRAL CHINA,,0.052,0.0,0.0,0.052,0.0,0.0,0.0,0,0,0.049,0.052
2026/04/16 10:33:42,00833,华讯,ALLTRONICS,,0.57,0.01,1.78571,0.56,0.56,0.58,0.56,404000,229640,0.56,0.58
2026/04/16 10:41:37,00834,康大食品,KANGDA FOOD,,0.265,0.0,0.0,0.265,0.0,0.0,0.0,0,0,0.27,0.29
2026/04/16 11:04:52,00836,华润电力,CHINA RES POWER,,18.88,0.0,0.0,18.88,18.88,19.02,18.74,4391755,82923741,18.87,18.88
2026/04/16 11:03:35,00837,谭木匠,CARPENTER TAN,,7.8,0.03,0.3861,7.77,7.77,7.8,7.76,9500,73910,7.79,7.92
2026/04/16 11:02:27,00838,亿和控股,EVA HOLDINGS,,0.79,0.02,2.5974,0.77,0.79,0.8,0.79,736000,581460,0.78,0.79
2026/04/16 11:01:22,00839,中教控股,CHINA EDU GROUP,,2.58,0.02,0.78125,2.56,2.55,2.59,2.55,1366000,3514500,2.57,2.58
2026/04/16 10:59:28,00840,天业节水,TIANYE WATER,,0.215,0.0,0.0,0.215,0.0,0.0,0.0,0,0,0.0,0.242
2026/04/16 10:46:44,00841,木薯资源,CASSAVA RES,,0.175,0.003,1.74419,0.172,0.173,0.175,0.173,34000,5942,0.175,0.193
2026/04/16 11:01:58,00842,理士国际,LEOCH INT'L,,1.06,0.08,8.16327,0.98,0.99,1.1,0.98,5408000,5729930,1.04,1.06
2026/04/16 09:45:45,00844,广泰国际控股,GREATIME INTL,,0.4,0.0,0.0,0.4,0.0,0.0,0.0,0,0,0.34,0.4
2026/04/16 08:55:00,00845,恒盛地产,GLORIOUS PPT H,,0.01,0.0,0.0,0.01,0.0,0.0,0.0,0,0,0.0,0.0
2026/04/16 08:55:00,00846,明发集团,MINGFA GROUP,,0.102,0.0,0.0,0.102,0.0,0.0,0.0,0,0,0.0,0.0
2026/04/16 10:27:03,00848,茂业国际,MAOYE INT'L,,0.119,0.0,0.0,0.119,0.0,0.0,0.0,0,0,0.119,0.132
2026/04/16 11:01:38,00851,盛源控股,SHENG YUAN HLDG,,0.199,0.0,0.0,0.199,0.0,0.0,0.0,0,0,0.0,0.21
2026/04/16 08:55:00,00852,海峡石油化工,STRONG PETRO,,0.166,0.0,0.0,0.166,0.0,0.0,0.0,0,0,0.0,0.0
2026/04/16 11:04:57,00853,微创医疗,MICROPORT,,9.47,0.21,2.26782,9.26,9.33,9.47,9.19,5671738,52958472,9.45,9.47
2026/04/16 09:53:55,00854,威雅利,WILLAS-ARRAY,,5.31,0.0,0.0,5.31,0.0,0.0,0.0,0,0,5.31,5.6
2026/04/16 11:03:15,00855,中国水务,CHINA WATER,,4.92,0.0,0.0,4.92,4.88,4.95,4.88,163654,807434,4.92,4.94
2026/04/16 11:04:28,00856,伟仕佳杰,VSTECS,,9.02,-0.06,-0.66079,9.08,9.32,9.32,8.96,2242000,20301010,9.01,9.02
2026/04/16 11:04:52,00857,中国石油股份,PETROCHINA,,10.64,0.06,0.56711,10.58,10.48,10.64,10.44,30459194,321001004,10.64,10.65
2026/04/16 10:20:29,00858,精优药业,EXTRAWELL PHAR,,0.081,0.001,1.25,0.08,0.078,0.082,0.077,600000,48160,0.078,0.081
2026/04/16 10:24:46,00859,中昌国际控股,ZHONGCHANG INTL,,0.133,0.0,0.0,0.133,0.0,0.0,0.0,0,0,0.0,0.133
2026/04/16 09:54:35,00860,ＡＰＯＬＬＯ出行,APOLLO FMG,,0.41,0.0,0.0,0.41,0.0,0.0,0.0,0,0,0.385,0.43
2026/04/16 11:01:19,00861,神州控股,DC HOLDINGS,,2.08,-0.03,-1.4218,2.11,2.03,2.08,2.03,152028,314317,2.06,2.08
2026/04/16 11:04:38,00862,远见控股,VISION VALUES,,0.045,0.006,15.38462,0.039,0.04,0.045,0.04,4554000,194303,0.046,0.048
2026/04/16 11:03:32,00863,ＯＳＬ集团,OSL GROUP,,13.86,-0.02,-0.14409,13.88,13.88,14.1,13.8,766110,10679951,13.83,13.86
2026/04/16 09:00:12,00864,永利地产发展,WING LEE PPT,,0.218,0.0,0.0,0.218,0.0,0.0,0.0,0,0,0.0,0.218
2026/04/16 09:07:08,00865,建德国际控股,JIANDE INT'L,,0.04,0.0,0.0,0.04,0.0,0.0,0.0,0,0,0.038,0.04
2026/04/16 11:02:16,00866,中国秦发,CHINA QINFA,,2.98,-0.08,-2.61438,3.06,3.06,3.08,2.9,5062000,15033436,2.98,2.99
2026/04/16 11:04:06,00867,康哲药业,CMS,,13.85,-0.57,-3.95284,14.42,14.37,14.37,13.84,1751000,24601540,13.85,13.86
2026/04/16 11:04:05,00868,信义玻璃,XINYI GLASS,,9.67,-0.11,-1.12474,9.78,9.81,9.87,9.67,1889091,18396150,9.67,9.68
2026/04/16 10:37:49,00869,彩星玩具,PLAYMATES TOYS,,0.46,0.0,0.0,0.46,0.46,0.46,0.46,9400,4296,0.46,0.465
2026/04/16 10:08:13,00871,中国疏浚环保,CH DREDG ENV,,0.08,0.005,6.66667,0.075,0.08,0.08,0.08,20000,1600,0.074,0.084
2026/04/16 11:04:00,00873,世茂服务,SHIMAO SERVICES,,0.55,-0.01,-1.78571,0.56,0.56,0.56,0.55,626000,350480,0.55,0.56
2026/04/16 11:02:22,00874,白云山,BAIYUNSHAN PH,,16.98,0.0,0.0,16.98,17.08,17.08,16.9,350000,5933850,16.98,17.0
2026/04/16 11:04:28,00875,从玉智农,CONGYU INTE AGR,,0.8,0.01,1.26582,0.79,0.82,0.83,0.79,742000,600200,0.8,0.81
2026/04/16 10:53:07,00876,佳兆业健康,KAISA HEALTH,,0.108,0.0,0.0,0.108,0.0,0.0,0.0,10000,1080,0.112,0.114
2026/04/16 10:15:28,00878,金朝阳集团,SOUNDWILL HOLD,,7.08,0.04,0.56818,7.04,7.04,7.08,7.04,12000,84865,7.07,7.1
2026/04/16 11:03:26,00880,澳博控股,SJM HOLDINGS,,2.13,0.0,0.0,2.13,2.12,2.15,2.12,1744000,3717410,2.13,2.14
2026/04/16 11:04:41,00881,中升控股,ZHONGSHENG HLDG,,7.64,-0.04,-0.52083,7.68,7.7,7.73,7.61,1541500,11820197,7.64,7.66
2026/04/16 10:49:45,00882,天津发展,TIANJIN DEV,,2.44,0.03,1.24481,2.41,2.43,2.46,2.43,42000,102420,2.44,2.45
2026/04/16 11:04:44,00883,中国海洋石油,CNOOC,,26.86,0.64,2.44089,26.22,26.34,26.86,26.14,31151435,825424331,26.82,26.86
2026/04/16 11:04:23,00884,旭辉控股集团,CIFI HOLD GP,,0.071,0.002,2.89855,0.069,0.07,0.072,0.07,10309640,730613,0.07,0.071
2026/04/16 10:50:09,00887,英皇钟表珠宝,EMPEROR WATCH&J,,0.32,0.005,1.5873,0.315,0.32,0.32,0.32,380000,121550,0.315,0.32
2026/04/16 09:56:05,00888,链信控股,BLOCKFIN HLDG,,0.053,-0.002,-3.63636,0.055,0.052,0.053,0.052,6000,316,0.053,0.063
2026/04/16 09:04:27,00889,连达科技控股,DATRONIX HOLD,,0.31,0.0,0.0,0.31,0.0,0.0,0.0,0,0,0.29,0.32
2026/04/16 10:36:26,00893,中国铁钛,CHINAVTM MINING,,0.079,-0.001,-1.25,0.08,0.079,0.079,0.079,10000,790,0.08,0.084
2026/04/16 10:16:49,00894,万裕科技,MAN YUE TECH,,0.78,-0.01,-1.26582,0.79,0.78,0.78,0.78,52000,40560,0.77,0.78
2026/04/16 11:01:39,00895,东江环保,DONGJIANG ENV,,2.08,0.0,0.0,2.08,2.11,2.11,2.07,96000,201108,2.09,2.1
2026/04/16 09:47:39,00896,兴胜创建,HANISON,,0.247,0.0,0.0,0.247,0.0,0.0,0.0,126000,30870,0.241,0.249
2026/04/16 10:47:22,00897,位元堂,WAI YUEN TONG,,0.345,0.0,0.0,0.345,0.345,0.345,0.345,65000,22425,0.34,0.355
2026/04/16 09:30:05,00898,万事昌国际,MULTIFIELD INTL,,0.93,0.0,0.0,0.93,0.0,0.0,0.0,0,0,0.94,1.01
2026/04/16 09:42:00,00899,中加国信,ZHONG JIA GX,,0.214,0.0,0.0,0.214,0.0,0.0,0.0,0,0,0.193,0.213
2026/04/16 10:54:24,00900,AEON CREDIT,AEON CREDIT,,8.31,0.01,0.12048,8.3,8.31,8.31,8.31,2000,16620,8.23,8.31
2026/04/16 11:04:34,00902,华能国际电力股份,HUANENG POWER,,6.23,0.0,0.0,6.23,6.2,6.28,6.19,11418000,71184720,6.23,6.24
2026/04/16 11:04:03,00905,胡桃资本,WALNUT CAP,,0.229,-0.002,-0.8658,0.231,0.231,0.237,0.225,1888000,431872,0.228,0.231
2026/04/16 10:30:14,00907,高雅光学,ELEGANCEOPTICAL,,0.059,0.0,0.0,0.059,0.059,0.059,0.059,80000,4720,0.06,0.063
2026/04/16 11:04:06,00909,明源云,MING YUAN CLOUD,,2.31,0.03,1.31579,2.28,2.28,2.33,2.28,1232000,2845270,2.31,2.32
2026/04/16 08:55:00,00910,中国三迪,CHINA SANDI,,0.014,0.0,0.0,0.014,0.0,0.0,0.0,0,0,0.0,0.0
2026/04/16 10:59:24,00911,前海健康,QIANHAI HEALTH,,0.305,0.03,10.90909,0.275,0.305,0.305,0.305,20100,6125,0.275,0.305
2026/04/16 10:43:57,00912,信佳国际,SUGA INT'L,,1.04,0.0,0.0,1.04,0.0,0.0,0.0,0,0,1.05,1.06
2026/04/16 10:14:54,00913,港湾数字,HARBOUR DIGITAL,,0.194,-0.001,-0.51282,0.195,0.194,0.196,0.194,140000,27200,0.194,0.196
2026/04/16 11:04:37,00914,海螺水泥,CONCH CEMENT,,20.5,-0.4,-1.91388,20.9,20.9,21.0,20.42,4232000,87087700,20.5,20.52
2026/04/16 09:30:51,00915,道和环球,DAOHE GLOBAL,,0.06,0.0,0.0,0.06,0.0,0.0,0.0,0,0,0.053,0.06
2026/04/16 11:04:25,00916,龙源电力,CHINA LONGYUAN,,6.34,0.04,0.63492,6.3,6.35,6.38,6.29,19946195,126184150,6.32,6.34
2026/04/16 11:04:43,00917,趣致集团,QUNABOX GROUP,,17.98,0.12,0.67189,17.86,18.19,18.6,17.59,4937300,89277693,17.95,17.98
2026/04/16 10:41:48,00918,龙翼航空科技,MAJESTIC DRAGON,,0.78,0.0,0.0,0.78,0.78,0.78,0.78,60000,46800,0.77,0.79
2026/04/16 09:42:32,00919,现代健康科技,MODERNHEALTHTEC,,0.087,0.0,0.0,0.087,0.0,0.0,0.0,0,0,0.082,0.087
2026/04/16 11:02:33,00921,海信家电,HISENSE HA,,21.26,0.12,0.56764,21.14,21.36,21.38,21.06,189100,4006152,21.2,21.26
2026/04/16 10:07:11,00922,安贤园中国,ANXIANYUAN CH,,0.128,0.0,0.0,0.128,0.0,0.0,0.0,0,0,0.13,0.137
2026/04/16 09:00:02,00923,综合环保集团,IWS,,0.019,0.0,0.0,0.019,0.0,0.0,0.0,0,0,0.018,0.019
2026/04/16 09:04:38,00924,坤集团,KHOON GROUP,,0.123,0.0,0.0,0.123,0.0,0.0,0.0,0,0,0.123,0.0
2026/04/16 09:00:05,00926,碧生源,BESUNYEN,,2.5,0.0,0.0,2.5,0.0,0.0,0.0,0,0,2.43,0.0
2026/04/16 10:18:51,00927,富士高实业,FUJIKON IND,,0.51,0.0,0.0,0.51,0.0,0.0,0.0,0,0,0.51,0.52
2026/04/16 11:02:39,00928,帝王国际投资,KING INTL INV,,0.079,0.0,0.0,0.079,0.077,0.08,0.077,160012,12620,0.079,0.083
2026/04/16 10:40:34,00929,国际精密,IPE GROUP,,0.59,-0.01,-1.66667,0.6,0.57,0.59,0.57,120000,70400,0.56,0.59
2026/04/16 11:04:28,00931,中国港能,CHINA HK POWER,,0.35,0.01,2.94118,0.34,0.34,0.355,0.335,4563500,1576635,0.345,0.35
2026/04/16 10:50:43,00932,顺腾国际控股,SHUNTEN INTL,,0.029,0.0,0.0,0.029,0.029,0.029,0.029,2400000,69600,0.028,0.029
2026/04/16 11:01:57,00933,非凡领越,VIVA GOODS,,0.62,-0.01,-1.5873,0.63,0.63,0.63,0.62,96000,60160,0.62,0.64
2026/04/16 11:03:51,00934,中石化冠德,SINOPEC KANTONS,,4.08,0.0,0.0,4.08,4.11,4.11,4.06,676000,2750120,4.07,4.08
2026/04/16 09:43:34,00936,佳兆业资本,KAISA CAPITAL,,0.265,0.0,0.0,0.265,0.0,0.0,0.0,0,0,0.25,0.29
2026/04/16 11:00:37,00938,民生国际,MAN SANG INT'L,,0.495,0.02,4.21053,0.475,0.49,0.54,0.49,2018000,1008280,0.48,0.495
2026/04/16 11:04:16,00939,建设银行,CCB,,8.5,0.02,0.23585,8.48,8.48,8.54,8.48,44393981,377844867,8.5,8.51
2026/04/16 11:04:46,00941,中国移动,CHINA MOBILE,,81.7,0.35,0.43024,81.35,81.35,81.75,81.3,3872923,315894502,81.65,81.7
2026/04/16 10:35:04,00943,中证国际,ZHONGZHENG INTL,,0.18,0.0,0.0,0.18,0.0,0.0,0.0,70,11,0.172,0.192
2026/04/16 11:04:05,00945,宏利金融－Ｓ,MANULIFE-S,,300.0,7.4,2.52905,292.6,303.2,304.4,297.4,23072,6962064,299.79999,301.0
2026/04/16 10:54:24,00947,摩比发展,MOBI DEV,,0.186,-0.004,-2.10526,0.19,0.186,0.187,0.185,680000,126499,0.188,0.199
2026/04/16 10:18:30,00948,阿尔法企业,ALPHA PRO HLDGS,,0.335,-0.005,-1.47059,0.34,0.335,0.335,0.335,40000,13400,0.25,0.34
2026/04/16 10:51:08,00950,李氏大药厂,LEE'S PHARM,,1.24,-0.01,-0.8,1.25,1.26,1.28,1.23,172500,214575,1.23,1.25
2026/04/16 11:00:47,00951,超威动力,CHAOWEI POWER,,1.72,0.02,1.17647,1.7,1.7,1.79,1.7,1355000,2383860,1.72,1.73
2026/04/16 09:36:08,00952,华富建业金融,QUAM PLUS FIN,,0.14,0.0,0.0,0.14,0.0,0.0,0.0,10000,1390,0.139,0.145
2026/04/16 11:02:29,00953,邵氏兄弟控股,SHAW BROTHERS,,0.238,0.002,0.84746,0.236,0.229,0.238,0.229,464000,108250,0.231,0.237
2026/04/16 09:30:04,00954,常茂生物,CHANGMAO BIO,,0.33,0.0,0.0,0.33,0.0,0.0,0.0,0,0,0.33,0.35
2026/04/16 11:04:55,00956,新天绿色能源,CHINA SUNTIEN,,3.82,-0.01,-0.2611,3.83,3.79,3.83,3.79,1153000,4394434,3.81,3.82
2026/04/16 08:55:00,00959,世纪娱乐国际,CENTURY ENT INT,,0.72,0.0,0.0,0.72,0.0,0.0,0.0,0,0,0.0,0.0
2026/04/16 11:04:58,00960,龙湖集团,LONGFOR GROUP,,8.23,0.15,1.85644,8.08,8.18,8.25,8.05,5832362,47475898,8.22,8.23
2026/04/16 11:04:39,00966,中国太平,CHINA TAIPING,,22.12,0.14,0.63694,21.98,22.1,22.28,21.9,2605000,57497626,22.1,22.12
2026/04/16 11:04:56,00968,信义光能,XINYI SOLAR,,2.95,0.04,1.37457,2.91,2.92,2.96,2.92,16246763,47776646,2.94,2.95
2026/04/16 09:30:42,00969,华联国际,HUA LIEN INT'L,,0.095,0.0,0.0,0.095,0.0,0.0,0.0,0,0,0.09,0.097
2026/04/16 10:22:51,00970,新耀莱,NEW SPARKLEROLL,,0.45,0.01,2.27273,0.44,0.44,0.45,0.44,108000,48580,0.45,0.495
2026/04/16 09:30:03,00974,中国顺客隆,SKL,,0.8,0.0,0.0,0.8,0.0,0.0,0.0,0,0,0.8,0.86
2026/04/16 11:04:22,00975,MONGOL MINING,MONGOL MINING,,10.38,0.01,0.09643,10.37,10.46,10.48,10.31,627700,6519711,10.37,10.4
2026/04/16 08:55:00,00976,齐合环保,CHIHO ENV,,0.43,0.0,0.0,0.43,0.0,0.0,0.0,0,0,0.0,0.0
2026/04/16 10:26:39,00978,招商局置地,CHI MER LAND,,0.243,-0.006,-2.40964,0.249,0.243,0.243,0.243,206000,50058,0.24,0.249
2026/04/16 10:21:40,00979,绿色能源科技集团,GREEN ENERGY GP,,0.29,-0.005,-1.69492,0.295,0.29,0.29,0.29,200000,58000,0.28,0.285
2026/04/16 10:47:04,00980,联华超市,LIANHUA,,0.28,0.005,1.81818,0.275,0.275,0.28,0.265,261000,71075,0.265,0.28
2026/04/16 11:05:00,00981,中芯国际,SMIC,,59.45,0.15,0.25295,59.3,59.3,60.15,58.75,18232493,1085424666,59.45,59.5
2026/04/16 10:31:54,00983,瑞安建业,SOCAM DEV,,0.335,-0.005,-1.47059,0.34,0.335,0.335,0.335,6000,2010,0.335,0.37
2026/04/16 10:40:28,00984,永旺,AEON STORES,,0.315,-0.005,-1.5625,0.32,0.315,0.315,0.315,11500,3622,0.315,0.32
2026/04/16 11:04:10,00986,杜甫酒业集团,DUFU LIQUOR GP,,0.043,-0.002,-4.44444,0.045,0.042,0.045,0.042,558000,24664,0.043,0.044
2026/04/16 11:00:01,00987,中国再生能源投资,CH RENEW EN INV,,0.185,0.002,1.0929,0.183,0.185,0.185,0.185,450000,83250,0.183,0.186
2026/04/16 10:07:28,00989,中国长白山国际,CHINA CBS INTL,,0.64,0.0,0.0,0.64,0.0,0.0,0.0,0,0,0.61,0.69
2026/04/16 10:51:52,00990,至源控股,DEEP SOURCE,,0.81,0.0,0.0,0.81,0.82,0.82,0.79,5750000,4604300,0.8,0.81
2026/04/16 11:03:24,00991,大唐发电,DATANG POWER,,2.5,-0.01,-0.39841,2.51,2.51,2.53,2.49,3316000,8318230,2.5,2.51
2026/04/16 11:04:58,00992,联想集团,LENOVO GROUP,,10.66,0.08,0.75614,10.58,10.62,10.7,10.55,21690284,230659881,10.66,10.67
2026/04/16 09:30:06,00993,信控国际资本,XINKONG INT CAP,,0.118,0.0,0.0,0.118,0.0,0.0,0.0,0,0,0.112,0.118
2026/04/16 10:08:54,00994,中天宏信,CT VISION,,0.32,0.0,0.0,0.32,0.0,0.0,0.0,0,0,0.31,0.325
2026/04/16 11:04:47,00995,安徽皖通高速公路,ANHUIEXPRESSWAY,,15.27,-0.11,-0.71522,15.38,15.38,15.71,15.15,758000,11650080,15.23,15.27
2026/04/16 09:00:15,00997,普汇中金国际,CHINLINK INTL,,0.023,0.0,0.0,0.023,0.0,0.0,0.0,0,0,0.021,0.023
2026/04/16 11:04:02,00998,中信银行,CITIC BANK,,8.11,-0.07,-0.85575,8.18,8.2,8.2,8.06,4680120,37928583,8.09,8.11
2026/04/16 11:03:38,00999,小菜园,XIAOCAIYUAN,,6.54,0.06,0.92593,6.48,6.52,6.58,6.47,572800,3730528,6.53,6.56
2026/04/16 09:30:15,01000,北青传媒,BEIJING MEDIA,,0.66,0.0,0.0,0.66,0.0,0.0,0.0,0,0,0.66,0.69
2026/04/16 09:00:10,01001,沪港联合,HK SH ALLIANCE,,0.38,0.0,0.0,0.38,0.0,0.0,0.0,0,0,0.365,0.38
2026/04/16 09:52:31,01002,威铖国际,V.S. INT'L,,0.052,0.0,0.0,0.052,0.0,0.0,0.0,0,0,0.049,0.055
2026/04/16 10:27:00,01003,欢喜传媒,HUANXI MEDIA,,0.233,-0.006,-2.51046,0.239,0.238,0.242,0.233,360000,85160,0.233,0.235
2026/04/16 09:33:56,01004,中国智慧能源,C SMARTERENERGY,,0.325,0.0,0.0,0.325,0.0,0.0,0.0,100,28,0.3,0.345
2026/04/16 09:30:45,01005,MATRIX HOLDINGS,MATRIX HOLDINGS,,0.43,0.0,0.0,0.43,0.0,0.0,0.0,0,0,0.39,0.44
2026/04/16 08:55:00,01007,龙辉国际控股,LONGHUI INTL,,0.07,0.0,0.0,0.07,0.0,0.0,0.0,0,0,0.0,0.0
2026/04/16 10:06:20,01008,力图控股,LITU HOLDINGS,,0.2,0.0,0.0,0.2,0.0,0.0,0.0,0,0,0.194,0.2
2026/04/16 11:04:29,01009,国际娱乐,INT'L ENT,,1.12,0.0,0.0,1.12,1.16,1.16,1.12,70000,80800,1.11,1.16
2026/04/16 10:50:42,01010,天玺曜１１,SKY BLUE 11,,0.074,0.0,0.0,0.074,0.074,0.074,0.074,2000,148,0.069,0.074
2026/04/16 10:49:38,01011,泰凌医药,NT PHARMA,,0.66,-0.01,-1.49254,0.67,0.66,0.66,0.66,120000,79200,0.6,0.65
2026/04/16 11:02:50,01013,伟俊集团控股,WAI CHUN GROUP,,1.09,0.0,0.0,1.09,1.09,1.1,0.94,327625,356006,0.97,1.17
2026/04/16 11:04:51,01020,中细软科技,CIPRUN TECH,,0.295,-0.005,-1.66667,0.3,0.295,0.305,0.285,2848000,829700,0.29,0.295
2026/04/16 11:04:51,01021,华沿机器人,HUAYAN ROBOTICS,,20.08,-0.16,-0.79051,20.24,19.97,20.52,19.88,874800,17583316,20.02,20.06
2026/04/16 10:22:18,01022,飞鱼科技,FEIYU,,0.51,-0.02,-3.77359,0.53,0.53,0.53,0.51,111000,58410,0.51,0.52
2026/04/16 10:54:39,01023,时代集团控股,SITOY GROUP,,0.495,-0.005,-1.0,0.5,0.5,0.5,0.485,903000,444985,0.49,0.495
2026/04/16 11:05:00,01024,快手－Ｗ,KUAISHOU-W,,46.6,0.94,2.0587,45.66,46.2,46.76,46.16,14436057,670342943,46.58,46.6
2026/04/16 11:04:01,01025,嘉艺控股,KNT HOLDINGS,,0.285,-0.015,-5.0,0.3,0.295,0.295,0.28,1264000,362080,0.28,0.29
2026/04/16 11:02:11,01026,环球实业科技,UNIVERSAL TECH,,0.074,0.005,7.24638,0.069,0.069,0.074,0.069,250000,17550,0.063,0.072
2026/04/16 10:52:49,01027,亚洲策略科技,ASIA STRAT TECH,,3.1,0.0,0.0,3.1,0.0,0.0,0.0,5250,14962,2.9,3.08
2026/04/16 10:52:31,01028,千百度,C.BANNER,,0.71,0.0,0.0,0.71,0.0,0.0,0.0,0,0,0.68,0.7
2026/04/16 10:28:58,01029,铁货,IRC,,0.53,0.0,0.0,0.53,0.0,0.0,0.0,4800,2472,0.53,0.54
2026/04/16 11:01:44,01030,新城发展,SEAZEN,,2.15,-0.01,-0.46296,2.16,2.14,2.17,2.14,2622000,5661490,2.15,2.16
2026/04/16 11:04:11,01033,中石化油服,SINOPEC SSC,,0.83,-0.01,-1.19048,0.84,0.84,0.84,0.83,12543000,10428360,0.83,0.84
2026/04/16 10:16:33,01036,万科海外,VANKE OVERSEAS,,1.85,-0.03,-1.59575,1.88,1.86,1.86,1.85,8945,16540,1.86,1.88
2026/04/16 10:46:37,01037,云智汇科技,MAXNERVA TECH,,0.48,0.0,0.0,0.48,0.0,0.0,0.0,0,0,0.475,0.5
2026/04/16 11:01:00,01038,长江基建集团,CKI HOLDINGS,,65.1,0.2,0.30817,64.9,64.9,65.45,64.8,300344,19548184,65.05,65.1
2026/04/16 09:30:13,01039,畅由国际集团,CHANGYOU INT GP,,0.053,0.0,0.0,0.053,0.0,0.0,0.0,0,0,0.051,0.067
2026/04/16 10:59:32,01044,恒安国际,HENGAN INT'L,,27.06,-0.48,-1.74292,27.54,27.44,27.88,27.02,1114000,30310330,27.04,27.06
2026/04/16 11:03:36,01045,亚太卫星,APT SATELLITE,,3.5,-0.05,-1.40845,3.55,3.55,3.58,3.45,1514000,5323380,3.51,3.53
2026/04/16 09:58:05,01046,寰宇娱乐文化,UNIVERSE ENT,,0.3,-0.005,-1.63934,0.305,0.3,0.3,0.3,6000,1780,0.3,0.315
2026/04/16 09:30:48,01047,毅兴行,NGAI HING HONG,,0.325,0.0,0.0,0.325,0.0,0.0,0.0,0,0,0.315,0.37
2026/04/16 10:40:30,01049,时富投资,CELESTIAL ASIA,,1.3,-0.01,-0.76336,1.31,1.29,1.3,1.29,68000,88280,1.28,1.31
2026/04/16 11:04:25,01050,嘉利国际,KARRIE INT'L,,2.16,-0.06,-2.7027,2.22,2.22,2.22,2.14,1012000,2196040,2.15,2.17
2026/04/16 10:52:06,01051,国际资源,G-RESOURCES,,10.99,0.04,0.3653,10.95,10.99,10.99,10.99,6700,73633,10.99,11.05
2026/04/16 11:00:44,01052,越秀交通基建,YUEXIUTRANSPORT,,4.11,-0.03,-0.72464,4.14,4.14,4.14,4.08,502838,2059103,4.1,4.11
2026/04/16 10:50:28,01053,重庆钢铁股份,CHONGQING IRON,,1.15,0.01,0.87719,1.14,1.15,1.16,1.15,1952000,2242440,1.15,1.16
2026/04/16 11:04:38,01055,中国南方航空股份,CHINA SOUTH AIR,,4.28,0.07,1.66271,4.21,4.26,4.32,4.24,7118000,30518720,4.28,4.29
2026/04/16 11:04:33,01057,浙江世宝,ZHEJIANG SHIBAO,,5.8,0.28,5.07246,5.52,5.62,6.02,5.62,25480000,148593520,5.79,5.82
2026/04/16 10:33:15,01058,南粤控股,NAMYUE HOLDINGS,,0.39,0.02,5.40541,0.37,0.39,0.39,0.39,6000,2340,0.335,0.39
2026/04/16 09:35:58,01059,看通集团,KANTONE HOLDING,,0.405,0.0,0.0,0.405,0.0,0.0,0.0,0,0,0.4,0.425
2026/04/16 11:04:30,01060,大麦娱乐,DAMAI ENT,,0.62,0.02,3.33333,0.6,0.61,0.62,0.6,36980002,22566701,0.61,0.62
2026/04/16 11:03:59,01061,亿胜生物科技,ESSEX BIO-TECH,,3.39,0.01,0.29586,3.38,3.38,3.39,3.38,8000,27100,3.39,3.45
2026/04/16 10:24:38,01062,国开国际投资,CDB INT'L INV,,0.103,0.0,0.0,0.103,0.0,0.0,0.0,0,0,0.097,0.101
2026/04/16 10:51:16,01063,新确科技,SUNCORP TECH,,0.104,0.0,0.0,0.104,0.104,0.104,0.104,50000,5200,0.101,0.105
2026/04/16 10:53:52,01064,中华国际,ZHONG HUA INT'L,,0.079,0.0,0.0,0.079,0.079,0.079,0.079,90000,7110,0.076,0.079
2026/04/16 10:54:52,01065,天津创业环保股份,TIANJIN CAPITAL,,4.29,0.03,0.70423,4.26,4.25,4.29,4.25,66000,281080,4.25,4.29
2026/04/16 11:04:11,01066,威高股份,WEIGAO GROUP,,3.64,-0.02,-0.54645,3.66,3.68,3.69,3.62,7103800,25884832,3.64,3.65
2026/04/16 10:48:09,01068,雨润食品,YURUN FOOD,,0.108,-0.003,-2.7027,0.111,0.108,0.108,0.108,30000,3240,0.108,0.111
2026/04/16 10:23:38,01069,中国健康科技集团,CN HEALTH TECH,,0.38,0.0,0.0,0.38,0.365,0.38,0.365,40200,14823,0.37,0.385
2026/04/16 11:04:13,01070,ＴＣＬ电子,TCL ELECTRONICS,,13.9,0.34,2.50738,13.56,13.7,14.1,13.54,2982000,41452985,13.87,13.9
2026/04/16 11:04:18,01071,华电国际电力股份,HUADIAN POWER,,4.01,-0.01,-0.24876,4.02,4.04,4.04,3.99,2660000,10667480,4.0,4.01
2026/04/16 11:04:37,01072,东方电气,DONGFANG ELEC,,41.88,2.74,7.00051,39.14,39.86,42.64,39.2,10945723,452230973,41.86,41.88
2026/04/16 09:40:52,01073,大禹金融,DA YU FIN,,0.101,0.0,0.0,0.101,0.0,0.0,0.0,1000,95,0.1,0.109
2026/04/16 11:01:04,01075,首都信息,CAPINFO,,2.71,-0.16,-5.57491,2.87,2.73,2.73,2.71,19000,51610,2.74,2.85
2026/04/16 11:00:54,01079,松景科技,PINE TECH,,0.3,0.0,0.0,0.3,0.3,0.3,0.3,226000,67800,0.29,0.315
2026/04/16 10:51:15,01080,胜利管道,SHENGLI PIPE,,0.067,0.0,0.0,0.067,0.066,0.067,0.066,606000,39999,0.066,0.071
2026/04/16 10:17:38,01082,源宇宙教育,BDV EDU INTL,,1.43,0.0,0.0,1.43,0.0,0.0,0.0,0,0,1.4,1.42
2026/04/16 10:55:38,01083,港华智慧能源,TG SMART ENERGY,,3.51,0.0,0.0,3.51,3.51,3.52,3.47,771000,2696850,3.51,3.52
2026/04/16 11:00:48,01084,绿新生物科技,GREEN FRESH BIO,,0.65,-0.02,-2.98508,0.67,0.65,0.65,0.65,2000,1300,0.65,0.67
2026/04/16 10:27:42,01085,亨鑫科技,HXTL,,1.3,0.02,1.5625,1.28,1.3,1.3,1.3,2000,2600,1.25,1.31
2026/04/16 10:56:18,01086,好孩子国际,GOODBABY INTL,,1.0,-0.01,-0.9901,1.01,1.02,1.03,1.0,110000,110680,1.0,1.01
2026/04/16 10:37:13,01087,威讯控股,INVESTECH HLDGS,,0.48,-0.04,-7.69231,0.52,0.52,0.52,0.47,72000,34940,0.49,0.51
2026/04/16 11:04:29,01088,中国神华,CHINA SHENHUA,,46.08,0.48,1.05263,45.6,45.6,46.08,45.2,5292498,242217420,46.06,46.08
2026/04/16 10:31:30,01090,大明国际,DA MING INT'L,,0.78,0.0,0.0,0.78,0.78,0.78,0.78,52000,40560,0.73,0.78
2026/04/16 10:44:20,01091,南方锰业,SOUTH MANGANESE,,0.6,0.01,1.69492,0.59,0.6,0.61,0.59,1465000,879160,0.59,0.61
2026/04/16 11:04:38,01093,石药集团,CSPC PHARMA,,9.38,-0.06,-0.63559,9.44,9.44,9.45,9.21,24377806,226914644,9.37,9.38
2026/04/16 10:50:08,01094,承辉国际,CHERISH SUN,,0.38,0.0,0.0,0.38,0.0,0.0,0.0,0,0,0.38,0.395
2026/04/16 11:00:08,01097,有线宽频,I-CABLE COMM,,0.055,0.002,3.77359,0.053,0.053,0.055,0.053,580000,31220,0.052,0.055
2026/04/16 10:05:54,01098,路劲,ROAD KING INFRA,,0.63,0.0,0.0,0.63,0.63,0.63,0.63,14000,8820,0.63,0.65
2026/04/16 11:04:38,01099,国药控股,SINOPHARM,,20.8,-0.04,-0.19194,20.84,20.84,21.02,20.66,783180,16269732,20.8,20.82
2026/04/16 10:16:39,01100,飞达控股,MAINLAND HOLD,,1.42,-0.01,-0.6993,1.43,1.42,1.42,1.42,16000,22720,1.42,1.44
2026/04/16 08:55:00,01101,华荣能源,HUARONG ENERGY,,0.02,0.0,0.0,0.02,0.0,0.0,0.0,0,0,0.0,0.0
2026/04/16 11:04:08,01102,环能国际,ENVIRO ENERGY,,0.052,-0.006,-10.34483,0.058,0.055,0.058,0.05,8866000,461460,0.051,0.052
2026/04/16 10:54:31,01104,亚太资源,APAC RESOURCES,,2.6,-0.01,-0.38314,2.61,2.7,2.7,2.57,600000,1557200,2.58,2.6
2026/04/16 09:06:36,01105,星岛,SING TAO,,0.191,0.0,0.0,0.191,0.0,0.0,0.0,0,0,0.186,0.199
2026/04/16 08:55:00,01107,当代置业,MODERN LAND,,0.013,0.0,0.0,0.013,0.0,0.0,0.0,0,0,0.0,0.0
2026/04/16 11:02:49,01108,凯盛新能,TRIUMPH NEW EN,,3.75,0.02,0.53619,3.73,3.75,3.78,3.73,574000,2157220,3.75,3.77
2026/04/16 11:04:30,01109,华润置地,CHINA RES LAND,,31.08,0.4,1.30378,30.68,30.68,31.12,30.66,5101000,157651835,31.06,31.08
2026/04/16 11:00:10,01110,金活医药集团,KINGWORLD,,0.48,-0.01,-2.04082,0.49,0.49,0.49,0.48,244000,119440,0.47,0.48
2026/04/16 10:02:53,01111,华视集团控股,HUASHI GROUP,,0.265,0.0,0.0,0.265,0.265,0.265,0.265,200000,53000,0.255,0.265
2026/04/16 11:04:32,01112,Ｈ＆Ｈ国际控股,H&H INTL HLDG,,12.75,0.23,1.83706,12.52,12.52,12.93,12.52,907500,11605203,12.71,12.75
2026/04/16 11:03:26,01113,长实集团,CK ASSET,,48.22,-0.3,-0.6183,48.52,48.58,48.88,48.22,2002753,97217192,48.2,48.22
2026/04/16 11:04:26,01114,BRILLIANCE CHI,BRILLIANCE CHI,,3.05,0.05,1.66667,3.0,3.02,3.08,3.02,10028000,30593748,3.04,3.05
2026/04/16 11:00:15,01115,５１００藏冰川,5100 XIZANG,,0.48,0.005,1.05263,0.475,0.48,0.48,0.47,6580000,3124300,0.475,0.48
2026/04/16 10:57:45,01116,慧源同创科技,HC TECH GP,,0.25,0.002,0.80645,0.248,0.25,0.25,0.25,10000,2500,0.242,0.27
2026/04/16 11:04:05,01117,现代牧业,CH MODERN D,,1.46,0.02,1.38889,1.44,1.44,1.46,1.42,3622000,5245770,1.44,1.46
2026/04/16 09:30:10,01118,高力集团,GOLIK HOLDINGS,,1.11,0.0,0.0,1.11,0.0,0.0,0.0,0,0,1.11,1.15
2026/04/16 11:02:49,01119,创梦天地,IDREAMSKY,,0.5,0.015,3.09278,0.485,0.485,0.5,0.475,4854800,2327256,0.495,0.5
2026/04/16 09:31:11,01120,雅视光学,ARTS OPTICAL,,0.9,0.0,0.0,0.9,0.0,0.0,0.0,0,0,0.9,1.04
2026/04/16 11:00:58,01121,金阳新能源,GOLDENSOLAR,,1.23,-0.03,-2.38095,1.26,1.25,1.26,1.22,114000,140360,1.21,1.23
2026/04/16 10:51:43,01122,庆铃汽车股份,QINGLING MOTORS,,1.13,0.01,0.89286,1.12,1.13,1.14,1.11,604000,678760,1.12,1.13
2026/04/16 10:43:49,01123,中港照相,CHINA-HK PHOTO,,0.112,0.0,0.0,0.112,0.112,0.112,0.112,186000,20832,0.112,0.115
2026/04/16 10:39:59,01124,沿海家园,COASTAL GL,,0.209,0.003,1.45631,0.206,0.208,0.214,0.207,81000,16946,0.208,0.215
2026/04/16 09:50:33,01125,丽丰控股,LAI FUNG HOLD,,0.9,0.0,0.0,0.9,0.0,0.0,0.0,0,0,0.86,1.08
2026/04/16 10:53:09,01126,德林国际,DREAM INT'L,,7.56,0.04,0.53192,7.52,7.53,7.56,7.48,199000,1498907,7.53,7.56
2026/04/16 11:03:04,01127,狮子山集团,LION ROCK GROUP,,1.28,-0.01,-0.77519,1.29,1.29,1.29,1.28,12000,15400,1.28,1.29
2026/04/16 11:02:30,01128,永利澳门,WYNN MACAU,,5.7,0.03,0.5291,5.67,5.65,5.71,5.6,586800,3338141,5.69,5.7
2026/04/16 09:44:33,01129,中国水业集团,WATER INDUSTRY,,0.395,0.0,0.0,0.395,0.0,0.0,0.0,0,0,0.38,0.445
2026/04/16 10:08:00,01130,中国环境资源,CHINA ENV RES,,0.65,0.0,0.0,0.65,0.0,0.0,0.0,0,0,0.63,0.64
2026/04/16 10:54:47,01132,橙天嘉禾,ORANGE SKY G H,,0.061,-0.002,-3.1746,0.063,0.06,0.061,0.059,590000,35380,0.059,0.061
2026/04/16 11:04:36,01133,哈尔滨电气,HARBIN ELECTRIC,,22.08,1.3,6.25602,20.78,20.98,22.08,20.48,6284500,135363968,22.04,22.08
2026/04/16 10:11:09,01134,恒发光学,KELFRED,,0.27,-0.02,-6.89655,0.29,0.27,0.27,0.27,312000,84240,0.26,0.275
2026/04/16 10:40:05,01137,香港科技探索,HK TECH VENTURE,,1.23,0.01,0.81967,1.22,1.22,1.23,1.22,100000,122810,1.2,1.23
2026/04/16 11:04:34,01138,中远海能,COSCO SHIP ENGY,,18.12,-0.51,-2.73752,18.63,18.63,18.94,18.02,12812138,233837630,18.12,18.13
2026/04/16 11:01:10,01140,华科智能投资,HK.AI CAPITAL,,0.228,0.012,5.55556,0.216,0.224,0.233,0.22,6828000,1533400,0.224,0.229
2026/04/16 11:04:34,01141,民银资本,CMBC CAPITAL,,1.99,0.12,6.41711,1.87,1.94,1.99,1.86,514000,983610,1.95,1.99
2026/04/16 11:02:29,01142,能源及能量环球,E&P GLOBAL,,0.117,0.002,1.73913,0.115,0.115,0.119,0.113,51548000,6017512,0.116,0.117
2026/04/16 10:39:06,01143,中国储能科技发展,CN ENGY STORAGE,,0.39,0.0,0.0,0.39,0.39,0.39,0.39,605000,235930,0.385,0.39
2026/04/16 09:41:51,01145,勇利投资,COURAGE INV,,0.156,0.0,0.0,0.156,0.0,0.0,0.0,0,0,0.154,0.164
2026/04/16 10:54:20,01146,汇成国际控股,HUICHENG INTL H,,0.05,0.004,8.69565,0.046,0.049,0.05,0.047,500000,24138,0.049,0.05
2026/04/16 10:45:25,01147,伊登软件,EDENSOFT,,0.118,0.001,0.8547,0.117,0.118,0.118,0.118,210000,24780,0.114,0.119
2026/04/16 09:00:25,01148,新晨动力,POWER XINCHEN,,0.255,0.0,0.0,0.255,0.0,0.0,0.0,0,0,0.25,0.26
2026/04/16 09:30:46,01150,米兰站,MILAN STATION,,0.129,0.0,0.0,0.129,0.0,0.0,0.0,0,0,0.112,0.129
2026/04/16 10:44:54,01152,正乾金融控股,MOMENTUM FIN,,0.275,0.01,3.77359,0.265,0.275,0.275,0.265,160000,42890,0.26,0.265
2026/04/16 11:02:52,01153,佳源服务,JIAYUAN SER,,0.34,0.075,28.30189,0.265,0.3,0.39,0.3,1706000,603110,0.325,0.34
2026/04/16 09:40:02,01156,CHINANEWENERGY,CHINANEWENERGY,,0.202,-0.002,-0.98039,0.204,0.202,0.202,0.202,5902,1184,0.202,0.217
2026/04/16 11:04:34,01157,中联重科,ZOOMLION,,8.53,-0.42,-4.69274,8.95,8.92,8.96,8.45,10603700,91216911,8.52,8.54
2026/04/16 10:58:08,01159,智数科技集团,SMART DIGI TECH,,2.44,-0.04,-1.6129,2.48,2.48,2.48,2.44,72000,177880,2.36,2.45
2026/04/16 09:35:05,01160,金石资本集团,GOLDSTONE CAP,,0.6,0.0,0.0,0.6,0.0,0.0,0.0,0,0,0.35,0.62
2026/04/16 09:46:55,01161,奥思集团,WATER OASIS GP,,1.04,0.0,0.0,1.04,1.04,1.04,1.04,22000,22880,1.04,1.05
2026/04/16 11:03:19,01162,莹岚集团,LUMINA GROUP,,0.18,-0.003,-1.63934,0.183,0.179,0.181,0.176,3944000,701216,0.177,0.18
2026/04/16 11:00:39,01163,虎视传媒,ADTIGER CORP,,0.16,-0.003,-1.84049,0.163,0.16,0.16,0.16,105000,16800,0.155,0.16
2026/04/16 11:04:15,01164,中广核矿业,CGN MINING,,4.43,0.21,4.9763,4.22,4.36,4.48,4.28,20142000,88755350,4.41,4.43
2026/04/16 08:55:00,01165,顺风清洁能源,SFCE,,0.024,0.0,0.0,0.024,0.0,0.0,0.0,0,0,0.0,0.0
2026/04/16 09:31:05,01166,星凯控股,SOLARTECH INT'L,,0.495,0.0,0.0,0.495,0.0,0.0,0.0,0,0,0.465,0.53
2026/04/16 11:04:37,01167,加科思－Ｂ,JACOBIO-B,,8.11,0.11,1.375,8.0,8.1,8.26,8.0,2652900,21527085,8.09,8.11
2026/04/16 10:54:37,01168,Z FIN,Z FIN,,4.17,0.1,2.457,4.07,4.08,4.17,4.08,21000,86810,4.15,4.17
2026/04/16 09:34:41,01170,信星集团,KINGMAKER,,0.465,0.0,0.0,0.465,0.0,0.0,0.0,0,0,0.46,0.485
2026/04/16 11:04:39,01171,兖矿能源,YANKUANG ENERGY,,14.76,0.06,0.40816,14.7,14.92,14.92,14.56,6656230,97753270,14.76,14.79
2026/04/16 09:30:45,01172,融太集团,MAGNUSCONCORDIA,,0.021,0.0,0.0,0.021,0.0,0.0,0.0,0,0,0.02,0.021
2026/04/16 09:00:08,01173,威高国际,VEEKO INT'L,,0.031,0.0,0.0,0.031,0.0,0.0,0.0,0,0,0.028,0.031
2026/04/16 08:55:00,01176,珠光控股,ZHUGUANG HOLD,,0.027,0.0,0.0,0.027,0.0,0.0,0.0,0,0,0.0,0.0
2026/04/16 11:04:32,01177,中国生物制药,SBP GROUP,,6.07,-0.1,-1.62075,6.17,6.17,6.17,6.03,25106400,152202091,6.07,6.08
2026/04/16 11:03:22,01179,华住集团－Ｓ,HWORLD-S,,41.9,1.28,3.15116,40.62,41.62,42.04,41.5,736627,30426931,41.92,41.94
2026/04/16 10:44:56,01180,汇彩控股,PARADISE ENT,,0.5,0.0,0.0,0.5,0.5,0.5,0.5,12000,6000,0.5,0.51
2026/04/16 10:37:03,01181,唐宫中国,TANG PALACE,,0.155,0.0,0.0,0.155,0.155,0.155,0.154,346000,53628,0.155,0.164
2026/04/16 09:57:16,01182,胜龙国际,SUCCESS DRAGON,,0.85,0.0,0.0,0.85,0.0,0.0,0.0,0,0,0.81,0.92
2026/04/16 10:46:54,01183,澳能建设,MECOM POWER,,0.162,0.0,0.0,0.162,0.0,0.0,0.0,6000,948,0.158,0.161
2026/04/16 10:37:44,01184,S.A.S. DRAGON,S.A.S. DRAGON,,5.1,0.1,2.0,5.0,5.03,5.1,5.03,30000,152300,5.05,5.1
2026/04/16 11:04:34,01186,中国铁建,CHINA RAIL CONS,,5.5,0.0,0.0,5.5,5.5,5.51,5.48,3445155,18926025,5.49,5.5
2026/04/16 08:55:00,01188,正道集团,HYBRID KINETIC,,0.012,0.0,0.0,0.012,0.0,0.0,0.0,0,0,0.0,0.0
2026/04/16 11:04:19,01193,华润燃气,CHINA RES GAS,,18.86,0.1,0.53305,18.76,18.76,18.92,18.7,1062900,20014566,18.86,18.87
2026/04/16 09:30:05,01195,京维集团,KINGWELL GROUP,,0.018,0.0,0.0,0.018,0.018,0.018,0.018,4000,72,0.018,0.02
2026/04/16 10:48:31,01196,伟禄集团,REALORD GROUP,,11.22,0.09,0.80863,11.13,11.15,11.26,11.01,258000,2875500,11.18,11.22
2026/04/16 09:41:15,01198,皇朝家居,ROYALE HOME,,0.104,0.0,0.0,0.104,0.0,0.0,0.0,0,0,0.095,0.104
2026/04/16 11:04:43,01199,中远海运港口,COSCO SHIP PORT,,5.13,0.0,0.0,5.13,5.14,5.14,5.1,1186000,6077580,5.12,5.14
2026/04/16 10:57:09,01200,美联集团,MIDLAND HOLDING,,3.05,-0.02,-0.65147,3.07,3.09,3.09,3.02,198000,601820,3.04,3.06
2026/04/16 10:33:30,01201,天臣控股,TESSON HOLDINGS,,2.22,0.0,0.0,2.22,0.0,0.0,0.0,0,0,2.11,2.22
2026/04/16 10:55:19,01202,四威科技,SIWI SCI & TECH,,1.27,-0.03,-2.30769,1.3,1.25,1.27,1.25,102000,127540,1.25,1.28
2026/04/16 09:00:02,01203,广南（集团）,GUANGNAN (HOLD),,0.65,0.0,0.0,0.65,0.0,0.0,0.0,0,0,0.63,0.65
2026/04/16 10:56:21,01204,博维智慧,BOARDWARE INTEL,,1.8,0.0,0.0,1.8,0.0,0.0,0.0,0,0,0.0,2.0
2026/04/16 11:02:50,01205,中信资源,CITIC RESOURCES,,0.55,-0.01,-1.78571,0.56,0.55,0.56,0.54,1560000,858900,0.55,0.56
2026/04/16 10:57:29,01206,同方泰德,TECHNOVATOR,,0.249,0.0,0.0,0.249,0.0,0.0,0.0,0,0,0.222,0.241
2026/04/16 11:02:28,01208,五矿资源,MMG,,8.58,0.07,0.82256,8.51,8.51,8.65,8.49,6632000,56864440,8.58,8.59
2026/04/16 11:02:10,01209,华润万象生活,CHINA RES MIXC,,47.88,-0.34,-0.7051,48.22,48.28,48.52,47.68,801305,38443686,47.86,47.9
2026/04/16 11:04:56,01211,比亚迪股份,BYD COMPANY,,111.4,4.1,3.82106,107.3,108.5,112.6,108.2,13761366,1527734005,111.4,111.5
2026/04/16 09:01:39,01213,万保刚集团,MOBICON GROUP,,0.41,0.0,0.0,0.41,0.0,0.0,0.0,0,0,0.41,0.44
2026/04/16 09:33:48,01215,开源控股,KAI YUAN HLDGS,,0.022,0.0,0.0,0.022,0.0,0.0,0.0,0,0,0.021,0.022
2026/04/16 10:23:33,01216,中原银行,ZYBANK,,0.33,0.0,0.0,0.33,0.33,0.33,0.33,624000,205920,0.325,0.33
2026/04/16 10:29:49,01217,中国创新投资,CH INNOVATION,,0.012,0.0,0.0,0.012,0.012,0.012,0.012,1720000,20640,0.012,0.013
2026/04/16 09:30:00,01218,永义国际,EASYKNIT INT'L,,2.9,0.0,0.0,2.9,0.0,0.0,0.0,0,0,2.9,3.04
2026/04/16 08:55:00,01220,志道国际,ZHIDAO INT'L,,0.056,0.0,0.0,0.056,0.0,0.0,0.0,0,0,0.0,0.0
2026/04/16 09:30:09,01221,SINO HOTELS,SINO HOTELS,,1.64,0.0,0.0,1.64,0.0,0.0,0.0,0,0,1.62,1.7
2026/04/16 10:41:17,01222,WANG ON GROUP,WANG ON GROUP,,0.022,0.001,4.76191,0.021,0.02,0.022,0.02,752928,16273,0.021,0.022
2026/04/16 11:03:36,01223,新沣集团,SYMPHONY HOLD,,1.35,0.0,0.0,1.35,1.35,1.35,1.34,1960000,2636300,1.34,1.35
2026/04/16 09:00:00,01224,中渝置地,C C LAND,,1.2,0.0,0.0,1.2,0.0,0.0,0.0,0,0,1.2,0.0
2026/04/16 10:09:23,01225,隆成金融,LERADO FIN,,0.171,0.0,0.0,0.171,0.0,0.0,0.0,5160,748,0.153,0.164
2026/04/16 09:00:10,01226,中国投融资,CH INV FIN GP,,0.89,0.0,0.0,0.89,0.0,0.0,0.0,0,0,0.85,0.0
2026/04/16 11:03:43,01228,北海康成－Ｂ,CANBRIDGE-B,,2.65,0.02,0.76046,2.63,2.61,2.65,2.58,586000,1530870,2.62,2.65
2026/04/16 10:39:02,01229,南南资源,NAN NAN RES,,0.207,0.0,0.0,0.207,0.207,0.207,0.207,6000,1242,0.205,0.206
2026/04/16 09:30:49,01231,新矿资源,NEWTON RES,,0.3,0.0,0.0,0.3,0.0,0.0,0.0,0,0,0.295,0.325
2026/04/16 10:58:09,01232,金轮天地控股,GW TIANDI,,0.34,0.0,0.0,0.34,0.0,0.0,0.0,0,0,0.33,0.415
2026/04/16 11:04:23,01233,时代中国控股,TIMES CHINA,,0.057,0.001,1.78571,0.056,0.056,0.057,0.055,179000,10061,0.056,0.057
2026/04/16 10:35:38,01234,中国利郎,CHINA LILANG,,3.82,-0.01,-0.2611,3.83,3.84,3.84,3.82,22000,84340,3.81,3.84
2026/04/16 11:00:01,01235,专业旅运,TRAVEL EXPERT,,0.172,-0.004,-2.27273,0.176,0.173,0.173,0.172,50000,8640,0.175,0.181
2026/04/16 09:32:20,01237,中科生物,CH ENV TECH&BIO,,0.73,0.0,0.0,0.73,0.0,0.0,0.0,0,0,0.7,0.79
2026/04/16 10:05:19,01238,宝龙地产,POWERLONG,,0.241,-0.003,-1.22951,0.244,0.255,0.255,0.228,615000,149138,0.23,0.241
2026/04/16 09:31:27,01239,TEAMWAY INTL GP,TEAMWAY INTL GP,,0.295,0.0,0.0,0.295,0.0,0.0,0.0,0,0,0.265,0.3
2026/04/16 11:04:24,01240,青建国际,CNQC INT'L,,0.16,0.0,0.0,0.16,0.0,0.0,0.0,0,0,0.15,0.155
2026/04/16 10:25:17,01241,双桦控股,SHUANGHUA H,,0.179,0.0,0.0,0.179,0.0,0.0,0.0,0,0,0.172,0.182
2026/04/16 09:46:44,01243,宏安地产,WANG ON PPT,,0.034,0.0,0.0,0.034,0.0,0.0,0.0,0,0,0.032,0.033
2026/04/16 10:57:06,01244,思路迪医药股份,3D MEDICINES,,3.67,0.0,0.0,3.67,0.0,0.0,0.0,0,0,3.69,3.79
2026/04/16 11:01:27,01245,NIRAKU,NIRAKU,,0.18,0.01,5.88235,0.17,0.175,0.18,0.175,1000000,179708,0.168,0.18
2026/04/16 08:55:00,01246,保集健康,BOILLHEALTHCARE,,0.021,0.0,0.0,0.021,0.0,0.0,0.0,0,0,0.0,0.0
2026/04/16 10:54:54,01247,米格国际控股,MIKO INTL,,1.68,0.02,1.20482,1.66,1.68,1.68,1.67,54000,90660,1.66,1.68
2026/04/16 10:32:49,01250,山高新能源,SDHS NEW ENERGY,,1.65,0.05,3.125,1.6,1.65,1.65,1.64,5000,8240,1.61,1.64
2026/04/16 10:49:32,01251,华油能源,SPT ENERGY,,0.247,0.005,2.06612,0.242,0.247,0.25,0.247,306000,76030,0.246,0.255
2026/04/16 08:55:00,01252,中国天瑞水泥,CHINA TIANRUI,,0.24,0.0,0.0,0.24,0.0,0.0,0.0,0,0,0.0,0.0
2026/04/16 09:30:02,01253,绿博生态,GREEN BROAD,,0.156,0.0,0.0,0.156,0.0,0.0,0.0,0,0,0.143,0.156
2026/04/16 10:59:45,01255,ＴＡＴＡ健康,TATA HEALTH,,1.9,0.09,4.97238,1.81,1.6,1.9,1.6,16000,29000,1.72,1.9
2026/04/16 09:50:56,01257,中国光大绿色环保,CEB GREENTECH,,0.87,0.0,0.0,0.87,0.0,0.0,0.0,0,0,0.87,0.88
2026/04/16 11:04:29,01258,中国有色矿业,CHINFMINING,,13.8,0.09,0.65646,13.71,13.71,13.98,13.63,3964000,54477293,13.8,13.86
2026/04/16 09:04:04,01259,未来发展控股,PROSPER FUTURE,,0.032,0.0,0.0,0.032,0.0,0.0,0.0,0,0,0.032,0.034
2026/04/16 10:54:07,01260,皓天财经集团,WONDERFUL SKY,,0.445,-0.01,-2.1978,0.455,0.445,0.445,0.445,8000,3560,0.445,0.46
2026/04/16 09:30:37,01262,蜡笔小新食品,LABIXIAOXIN,,3.7,0.0,0.0,3.7,0.0,0.0,0.0,0,0,3.64,3.8
2026/04/16 09:42:44,01265,天津津燃公用,TIANJINJINRAN,,0.217,0.0,0.0,0.217,0.0,0.0,0.0,0,0,0.208,0.22
2026/04/16 10:58:41,01268,美东汽车,MEIDONG AUTO,,1.2,0.04,3.44828,1.16,1.17,1.2,1.16,188471,222485,1.19,1.2
2026/04/16 10:22:45,01269,首控集团,FIRST CAP GP,,0.037,0.001,2.77778,0.036,0.037,0.037,0.032,40000,1420,0.032,0.036
2026/04/16 10:56:05,01270,朗廷－ＳＳ,LANGHAM-SS,,0.56,0.0,0.0,0.56,0.56,0.56,0.55,54666,30512,0.56,0.57
2026/04/16 10:36:12,01271,佳明集团控股,GRAND MING,,0.54,0.02,3.84615,0.52,0.54,0.54,0.54,1000,540,0.5,0.52
2026/04/16 10:14:39,01272,大唐环境,DATANG ENVIRO,,1.27,0.0,0.0,1.27,0.0,0.0,0.0,0,0,1.27,1.3
2026/04/16 09:30:02,01273,香港信贷,HK FINANCE GP,,0.59,0.0,0.0,0.59,0.0,0.0,0.0,0,0,0.58,0.61
2026/04/16 11:03:55,01274,知行科技,IMOTIONTECH,,3.62,0.07,1.97183,3.55,3.77,3.77,3.58,192900,699721,3.62,3.63
2026/04/16 11:04:13,01276,恒瑞医药,HENGRUI PHARMA,,68.05,-0.25,-0.36603,68.3,69.1,69.3,67.45,1312700,89594155,68.0,68.05
2026/04/16 11:02:25,01277,力量发展,KINETIC DEV,,1.96,-0.04,-2.0,2.0,2.0,2.01,1.94,5968000,11678660,1.96,1.97
2026/04/16 10:33:29,01278,中国新城镇,CHINANEWTOWN,,0.085,0.005,6.25,0.08,0.082,0.085,0.08,890000,75160,0.08,0.084
2026/04/16 11:04:37,01280,奇点国峰,QIDIAN GUOFENG,,2.01,-0.05,-2.42718,2.06,2.0,2.03,2.0,624000,1254440,2.0,2.02
2026/04/16 09:34:22,01281,鑫达投资控股,XINDA INV HLDGS,,0.102,0.0,0.0,0.102,0.0,0.0,0.0,0,0,0.098,0.107
2026/04/16 10:37:28,01282,中泽丰,RENZE HARVEST,,0.103,-0.001,-0.96154,0.104,0.103,0.103,0.103,800000,82400,0.096,0.104
2026/04/16 11:04:12,01283,高陞集团控股,ACCEL GROUP,,1.53,0.04,2.68456,1.49,1.52,1.53,1.52,35000,53150,1.49,1.52
2026/04/16 09:14:10,01284,新传企划,NEW MEDIA LAB,,0.375,0.0,0.0,0.375,0.0,0.0,0.0,0,0,0.365,0.375
2026/04/16 10:19:04,01285,嘉士利集团,JIASHILI GP,,1.13,-0.02,-1.73913,1.15,1.13,1.13,1.13,20000,22600,1.13,1.15
2026/04/16 11:03:36,01286,鹰普精密,IMPRO PRECISION,,9.5,-0.2,-2.06186,9.7,9.7,9.78,9.44,897000,8527270,9.48,9.5
2026/04/16 11:04:31,01288,农业银行,ABC,,6.01,0.01,0.16667,6.0,5.99,6.02,5.96,27491182,164720816,6.0,6.01
2026/04/16 10:56:05,01289,盛力达科技,SUNLIT SCI,,2.31,-0.1,-4.14938,2.41,2.31,2.31,2.31,4000,9590,2.33,2.53
2026/04/16 09:57:41,01290,中国汇融,CHINA HUIRONG,,0.54,0.0,0.0,0.54,0.0,0.0,0.0,0,0,0.51,0.54
2026/04/16 09:30:28,01292,长安民生物流,CMA LOGISTICS,,2.99,0.0,0.0,2.99,0.0,0.0,0.0,0,0,2.7,3.17
2026/04/16 08:55:00,01293,广汇宝信,GRAND BAOXIN,,0.086,0.0,0.0,0.086,0.0,0.0,0.0,0,0,0.0,0.0
2026/04/16 08:55:00,01298,云能国际,YUNNAN ENERGY,,0.95,0.0,0.0,0.95,0.0,0.0,0.0,0,0,0.0,0.0
2026/04/16 11:04:29,01299,友邦保险,AIA,,84.55,0.7,0.83482,83.85,85.1,85.45,83.85,12717359,1074842405,84.5,84.55
2026/04/16 10:29:02,01300,俊知集团,TRIGIANT,,0.96,-0.03,-3.0303,0.99,0.97,0.97,0.96,164000,158540,0.96,0.98
2026/04/16 10:08:01,01301,德基科技控股,D&G TECH,,0.315,0.0,0.0,0.315,0.0,0.0,0.0,0,0,0.32,0.375
2026/04/16 11:00:20,01302,先健科技,LIFETECH SCI,,1.86,0.0,0.0,1.86,1.88,1.91,1.85,10634000,20014240,1.86,1.87
2026/04/16 09:30:09,01303,汇力资源,HUILI RES,,0.24,0.0,0.0,0.24,0.0,0.0,0.0,0,0,0.0,0.285
2026/04/16 11:04:26,01304,FORTIOR,FORTIOR,,122.9,7.0,6.03969,115.9,117.8,127.8,117.8,404900,49849710,121.6,121.9
2026/04/16 10:32:23,01305,伟志控股,WAI CHI HOLD,,0.61,0.0,0.0,0.61,0.0,0.0,0.0,0,0,0.61,0.64
2026/04/16 11:04:15,01308,海丰国际,SITC,,34.66,-0.46,-1.3098,35.12,35.2,35.88,34.66,791277,27718388,34.66,34.68
2026/04/16 10:56:02,01310,香港宽频,HKBN,,8.16,-0.08,-0.97087,8.24,8.23,8.23,8.11,694500,5654285,8.14,8.16
2026/04/16 09:30:27,01312,华控康泰,KONTA CHINA,,0.03,0.0,0.0,0.03,0.0,0.0,0.0,0,0,0.028,0.03
2026/04/16 10:59:43,01313,华润建材科技,CR BLDG MAT TEC,,1.55,-0.01,-0.64103,1.56,1.57,1.57,1.54,762000,1180740,1.54,1.55
2026/04/16 10:35:55,01314,翠华控股,TSUI WAH HLDG,,0.161,0.01,6.62252,0.151,0.151,0.161,0.151,12000,1832,0.151,0.159
2026/04/16 09:43:14,01315,绿色经济,GREEN ECONOMY,,0.1,0.0,0.0,0.1,0.0,0.0,0.0,0,0,0.094,0.106
2026/04/16 11:04:30,01316,耐世特,NEXTEER,,5.3,0.06,1.14504,5.24,5.36,5.42,5.24,12328726,65448195,5.29,5.3
2026/04/16 10:31:57,01317,枫叶教育,MAPLELEAF EDU,,0.255,0.005,2.0,0.25,0.255,0.255,0.25,488000,122610,0.25,0.255
2026/04/16 11:04:27,01318,毛戈平,MAO GEPING,,74.0,0.35,0.47522,73.65,73.95,74.8,72.5,473400,34858850,74.0,74.05
2026/04/16 09:41:53,01319,霭华押业信贷,OIWAHPAWN,,0.28,0.0,0.0,0.28,0.0,0.0,0.0,0,0,0.275,0.29
2026/04/16 09:58:02,01321,中国新城市,CHINA NEWCITY,,0.77,0.0,0.0,0.77,0.0,0.0,0.0,0,0,0.7,0.77
2026/04/16 10:50:45,01323,华盛国际控股,HUASHENG INTL,,0.132,0.0,0.0,0.132,0.0,0.0,0.0,10000,1100,0.12,0.131
2026/04/16 08:55:00,01326,传递娱乐,TRANSMIT ENT,,0.027,0.0,0.0,0.027,0.0,0.0,0.0,0,0,0.0,0.0
2026/04/16 10:17:13,01327,励时集团,LUXXU GROUP,,0.76,0.0,0.0,0.76,0.0,0.0,0.0,0,0,0.66,0.76
2026/04/16 11:04:14,01328,金涌投资,GOLDSTREAM INV,,3.18,0.0,0.0,3.18,3.18,3.18,3.05,24800,77570,3.09,3.25
2026/04/16 11:00:56,01330,绿色动力环保,DYNAGREEN ENV,,5.85,0.01,0.17123,5.84,5.95,5.95,5.77,240000,1400730,5.81,5.85
2026/04/16 10:49:25,01332,透云生物,TOUYUN BIOTECH,,0.16,0.009,5.96027,0.151,0.16,0.162,0.155,1400000,224280,0.156,0.16
2026/04/16 11:02:52,01333,博雷顿,BRETON,,20.7,-0.5,-2.35849,21.2,21.1,21.1,20.5,264600,5462696,20.7,20.8
2026/04/16 10:58:06,01334,瑞昌国际控股,RUICHANG INTL,,1.9,-0.01,-0.52356,1.91,1.91,1.94,1.87,245000,467725,1.9,1.91
2026/04/16 10:23:40,01335,顺泰控股,SHEEN TAI,,0.116,0.002,1.75439,0.114,0.106,0.116,0.106,42000,4472,0.116,0.12
2026/04/16 11:04:38,01336,新华保险,NCI,,48.08,0.6,1.26369,47.48,47.46,48.14,47.46,2040424,97695779,48.04,48.08
2026/04/16 09:30:02,01338,霸王集团,BAWANG GROUP,,0.03,0.0,0.0,0.03,0.03,0.03,0.03,4000,120,0.028,0.03
2026/04/16 11:04:35,01339,中国人民保险集团,PICC GROUP,,5.4,0.03,0.55866,5.37,5.38,5.42,5.35,17832000,95920944,5.4,5.41
2026/04/16 10:39:21,01340,惠生国际,HUISHENG INTL,,0.054,0.002,3.84615,0.052,0.054,0.055,0.054,296000,16016,0.052,0.055
2026/04/16 11:04:25,01341,昊天国际建投,HAO TIAN INTL,,0.027,-0.001,-3.57143,0.028,0.028,0.028,0.027,35744000,996120,0.027,0.028
2026/04/16 10:38:52,01343,伟源控股,WEI YUAN HLDG,,0.14,0.0,0.0,0.14,0.138,0.14,0.138,20000,2780,0.137,0.14
2026/04/16 09:30:16,01345,上海先锋控股,SH PIONEER HLDG,,2.22,0.0,0.0,2.22,0.0,0.0,0.0,0,0,2.2,2.26
2026/04/16 11:01:50,01346,利华控股集团,LEVER STYLE,,1.48,0.01,0.68027,1.47,1.49,1.49,1.48,48000,71120,1.47,1.48
2026/04/16 11:04:35,01347,华虹半导体,HUA HONG SEMI,,91.1,0.7,0.77434,90.4,91.05,92.55,89.95,5358133,489457359,91.1,91.2
2026/04/16 11:04:28,01348,滉达富控股,QUALI-SMART,,0.213,-0.035,-14.1129,0.248,0.248,0.244,0.213,11586000,2625236,0.214,0.217
2026/04/16 11:02:13,01349,复旦张江,FUDANZHANGJIANG,,2.86,0.01,0.35088,2.85,2.85,2.89,2.83,601000,1710050,2.86,2.87
2026/04/16 09:46:41,01351,辉煌明天,BRIGHT FUTURE,,0.34,0.005,1.49254,0.335,0.34,0.34,0.34,57200,19430,0.34,0.35
2026/04/16 10:21:58,01354,经发物业,KINGFARPROPERTY,,3.1,0.27,9.54064,2.83,2.83,3.1,2.83,36900,112620,2.91,3.07
2026/04/16 10:38:34,01355,朸浚国际,LEGEND STRAT,,0.13,0.0,0.0,0.13,0.138,0.14,0.13,400000,54800,0.131,0.14
2026/04/16 11:04:37,01357,美图公司,MEITU,,4.72,0.26,5.8296,4.46,4.54,4.82,4.52,59129010,276518456,4.71,4.72
2026/04/16 10:25:48,01358,普华和顺,PW MEDTECH,,1.16,0.01,0.86957,1.15,1.16,1.16,1.16,243000,281880,1.16,1.17
2026/04/16 11:04:09,01359,中国信达,CHINA CINDA,,1.13,0.01,0.89286,1.12,1.12,1.13,1.12,21532000,24246910,1.12,1.13
2026/04/16 11:03:19,01361,３６１度,361 DEGREES,,6.72,-0.05,-0.73855,6.77,6.7,6.88,6.7,1804000,12294957,6.72,6.74
2026/04/16 10:08:37,01362,新龙移动,SIS MOBILE,,0.79,0.0,0.0,0.79,0.0,0.0,0.0,0,0,0.72,0.79
2026/04/16 11:04:28,01364,古茗,GUMING,,26.52,-0.46,-1.70497,26.98,27.06,27.34,26.24,1454800,38670558,26.52,26.56
2026/04/16 11:04:59,01368,特步国际,XTEP INT'L,,4.55,0.0,0.0,4.55,4.6,4.61,4.53,5066000,23127747,4.55,4.56
2026/04/16 09:01:10,01370,奥威控股,AOWEI HOLDING,,0.244,0.0,0.0,0.244,0.0,0.0,0.0,0,0,0.0,0.265
2026/04/16 10:15:02,01371,中国生态旅游,CHINA ECOTOUR,,0.175,0.0,0.0,0.175,0.175,0.175,0.175,10000,1750,0.166,0.169
2026/04/16 10:58:38,01372,中国碳中和,C CARBONNEUTRAL,,1.13,0.01,0.89286,1.12,1.11,1.13,1.1,274000,304790,1.12,1.13
2026/04/16 10:34:27,01373,国际家居零售,IH RETAIL,,0.8,0.0,0.0,0.8,0.8,0.81,0.8,144000,115720,0.79,0.8
2026/04/16 11:01:09,01375,中州证券,CC SECURITIES,,1.96,0.05,2.6178,1.91,1.94,1.97,1.93,4170000,8122440,1.95,1.96
2026/04/16 08:55:00,01376,RAFFLESINTERIOR,RAFFLESINTERIOR,,0.096,0.0,0.0,0.096,0.0,0.0,0.0,0,0,0.0,0.0
2026/04/16 11:04:58,01378,中国宏桥,CHINAHONGQIAO,,39.06,0.82,2.14435,38.24,38.82,39.28,38.8,6961133,271589165,39.08,39.1
2026/04/16 09:30:23,01379,温岭工量刃具,WENLING MCT,,2.78,0.0,0.0,2.78,0.0,0.0,0.0,0,0,2.78,0.0
2026/04/16 11:01:56,01380,中国金石,CHI KINGSTONE,,0.63,-0.01,-1.5625,0.64,0.63,0.63,0.62,410000,256000,0.61,0.63
2026/04/16 11:02:55,01382,互太纺织,PACIFICTEXTILES,,1.13,0.01,0.89286,1.12,1.12,1.13,1.12,116000,130610,1.12,1.13
2026/04/16 11:05:01,01384,滴普科技,DEEPEXI TECH,,72.85,9.55,15.08689,63.3,62.9,76.0,62.45,15737930,1072258290,72.6,72.9
2026/04/16 11:04:36,01385,上海复旦,SHANGHAI FUDAN,,40.56,0.72,1.80723,39.84,40.96,40.96,39.68,1153000,46725560,40.54,40.6
2026/04/16 09:34:39,01388,安莉芳控股,EMBRY HOLDINGS,,0.36,0.0,0.0,0.36,0.0,0.0,0.0,0,0,0.345,0.38
2026/04/16 10:33:57,01389,美捷汇控股,MAJOR HLDGS,,0.37,0.0,0.0,0.37,0.0,0.0,0.0,0,0,0.355,0.37
2026/04/16 10:26:11,01393,恒鼎实业,HIDILI INDUSTRY,,0.065,-0.002,-2.98508,0.067,0.065,0.065,0.065,2102000,136630,0.065,0.067
2026/04/16 10:58:07,01395,强泰环保,ELL ENV,,0.164,0.0,0.0,0.164,0.0,0.0,0.0,0,0,0.158,0.19
2026/04/16 11:04:35,01396,粤港湾控股,GD-HKGBA HLDGS,,7.15,0.35,5.14706,6.8,6.99,7.23,6.83,4592000,32633460,7.12,7.14
2026/04/16 10:12:50,01397,碧瑶绿色集团,BAGUIO GREEN,,1.07,0.0,0.0,1.07,1.07,1.07,1.07,8000,8560,1.07,1.09
2026/04/16 11:04:54,01398,工商银行,ICBC,,6.97,-0.02,-0.28612,6.99,6.97,7.01,6.95,63543618,443928830,6.97,6.98
2026/04/16 10:52:35,01399,锐信控股,VESON HLDG,,0.199,-0.011,-5.2381,0.21,0.21,0.21,0.199,30000,6190,0.199,0.214
2026/04/16 10:05:52,01400,满地科技股份,MOODY TECH HLDG,,0.017,0.0,0.0,0.017,0.016,0.017,0.016,130000,2100,0.016,0.017
2026/04/16 10:58:12,01401,未来机器有限公司,FUTURE MACH LTD,,0.85,0.01,1.19048,0.84,0.85,0.85,0.85,154000,130900,0.83,0.85
2026/04/16 09:46:11,01402,超智能控股,I-CONTROL,,0.325,0.0,0.0,0.325,0.325,0.325,0.325,130000,42250,0.305,0.325
2026/04/16 11:04:22,01405,达势股份,DPC DASH,,49.94,-0.91,-1.78958,50.85,50.8,50.9,49.8,102400,5136601,49.84,49.94
2026/04/16 08:55:00,01406,清晰医疗,CLARITY MEDICAL,,0.355,0.0,0.0,0.355,0.0,0.0,0.0,0,0,0.0,0.0
2026/04/16 10:28:11,01407,交运燃气,JY GAS,,0.53,0.0,0.0,0.53,0.0,0.0,0.0,0,0,0.54,0.55
2026/04/16 10:35:33,01408,濠江机电,MACAU E&M,,0.43,0.0,0.0,0.43,0.43,0.43,0.43,24000,10320,0.415,0.44
2026/04/16 10:41:33,01410,安领国际,EDVANCE INTL,,0.71,0.02,2.89855,0.69,0.7,0.72,0.68,340000,237400,0.68,0.71
2026/04/16 09:30:24,01412,隽思集团,Q P GROUP,,1.16,0.0,0.0,1.16,0.0,0.0,0.0,0,0,1.15,1.18
2026/04/16 09:47:15,01413,铸帝控股,FEG HOLDINGS,,0.28,0.0,0.0,0.28,0.0,0.0,0.0,7000,1995,0.26,0.285
2026/04/16 11:04:45,01415,高伟电子,COWELL,,27.36,0.06,0.21978,27.3,27.9,27.9,26.7,1350000,36602890,27.36,27.48
2026/04/16 11:05:01,01416,CTR HOLDINGS,CTR HOLDINGS,,0.174,-0.005,-2.7933,0.179,0.179,0.179,0.174,40000,7110,0.174,0.177
2026/04/16 09:00:06,01417,浦江中国,RIVERINE CHINA,,0.2,0.0,0.0,0.2,0.0,0.0,0.0,0,0,0.2,0.0
2026/04/16 10:45:49,01418,盛诺集团,SINOMAX GROUP,,0.169,0.001,0.59524,0.168,0.168,0.169,0.168,34000,5744,0.168,0.184
2026/04/16 10:04:21,01419,盈健医疗,HUMAN HEALTH,,0.81,0.0,0.0,0.81,0.0,0.0,0.0,0,0,0.81,0.84
2026/04/16 09:53:58,01420,川控股,CHUAN HOLDING,,0.236,0.0,0.0,0.236,0.0,0.0,0.0,0,0,0.231,0.237
2026/04/16 10:28:34,01421,恒昌集团国际,PROSP GP INTL,,0.41,0.025,6.49351,0.385,0.4,0.41,0.4,55000,22500,0.4,0.405
2026/04/16 09:42:20,01425,捷隆控股,JUSTIN ALLEN H,,0.68,-0.01,-1.44928,0.69,0.68,0.68,0.68,1175000,799000,0.67,0.68
2026/04/16 11:04:57,01427,中国天保集团,CH TIANBAO GP,,0.156,-0.004,-2.5,0.16,0.156,0.156,0.156,15000,2340,0.155,0.156
2026/04/16 11:05:01,01428,耀才证券金融,BRIGHT SMART,,12.0,0.14,1.18044,11.86,11.99,12.13,11.74,9559300,114172846,11.98,11.99
2026/04/16 10:52:23,01429,天任集团,SKYMISSION GP,,0.3,0.01,3.44828,0.29,0.285,0.3,0.285,464000,134680,0.295,0.305
2026/04/16 10:14:17,01431,原生态牧业,YST DAIRY,,0.315,0.0,0.0,0.315,0.315,0.315,0.315,130000,40950,0.31,0.315
2026/04/16 10:33:40,01432,中国圣牧,CHINA SHENGMU,,0.33,0.0,0.0,0.33,0.33,0.33,0.33,8000,2640,0.33,0.335
2026/04/16 08:55:00,01433,常达控股,CIRTEK HLDGS,,0.081,0.0,0.0,0.081,0.0,0.0,0.0,0,0,0.0,0.0
2026/04/16 10:52:36,01440,应星控股,STAR SHINE HLDG,,12.44,-0.15,-1.19142,12.59,12.44,12.53,12.3,217500,2699375,12.24,12.46
2026/04/16 09:30:11,01442,鹰辉物流,INFINITY L&T,,0.305,0.0,0.0,0.305,0.0,0.0,0.0,0,0,0.25,0.3
2026/04/16 10:05:20,01443,富临集团控股,FULUM GP HLDG,,0.046,0.0,0.0,0.046,0.0,0.0,0.0,0,0,0.046,0.047
2026/04/16 09:52:19,01446,鸿福堂,HUNGFOOKTONG,,0.335,0.0,0.0,0.335,0.0,0.0,0.0,0,0,0.335,0.36
2026/04/16 09:46:48,01447,新福港,SFK,,0.56,0.0,0.0,0.56,0.0,0.0,0.0,0,0,0.54,0.57
2026/04/16 08:55:00,01448,福寿园,FU SHOU YUAN,,2.64,0.0,0.0,2.64,0.0,0.0,0.0,0,0,0.0,0.0
2026/04/16 09:30:03,01449,立德教育,LEADER EDU,,0.249,0.0,0.0,0.249,0.0,0.0,0.0,0,0,0.247,0.25
2026/04/16 10:12:04,01450,交个朋友控股,BE FRIENDS HLDG,,0.78,-0.01,-1.26582,0.79,0.79,0.79,0.78,28000,22040,0.79,0.8
2026/04/16 10:57:22,01451,万成集团股份,MS GROUP HLDGS,,1.16,-0.01,-0.8547,1.17,1.14,1.16,1.14,56000,64840,1.16,1.19
2026/04/16 10:54:00,01452,迪诺斯环保,DENOX ENV,,0.118,0.0,0.0,0.118,0.0,0.0,0.0,0,0,0.107,0.133
2026/04/16 10:00:43,01455,科利实业控股,FOURACE IND GP,,0.22,0.0,0.0,0.22,0.222,0.222,0.22,190000,42040,0.218,0.223
2026/04/16 11:01:16,01456,国联民生,GLMS SEC,,4.74,0.11,2.37581,4.63,4.65,4.77,4.65,1908000,9015052,4.73,4.74
2026/04/16 11:03:00,01458,周黑鸭,ZHOU HEI YA,,1.57,0.0,0.0,1.57,1.61,1.61,1.56,399500,629102,1.56,1.57
2026/04/16 09:30:27,01459,巨匠建设,JUJIANG CONS,,0.22,0.0,0.0,0.22,0.0,0.0,0.0,0,0,0.206,0.234
2026/04/16 10:30:35,01460,扬科集团,ICO GROUP,,0.213,0.0,0.0,0.213,0.0,0.0,0.0,0,0,0.207,0.244
2026/04/16 11:04:19,01461,中泰期货,ZHONGTAIFUTURES,,0.61,-0.01,-1.6129,0.62,0.61,0.61,0.61,1000,610,0.61,0.62
2026/04/16 09:30:07,01463,C-LINK SQ,C-LINK SQ,,0.3,0.0,0.0,0.3,0.0,0.0,0.0,0,0,0.26,0.315
2026/04/16 09:09:18,01466,佰金生命科学,BAIJIN LIFE SCI,,0.6,0.0,0.0,0.6,0.0,0.0,0.0,0,0,0.58,0.6
2026/04/16 10:55:53,01468,嘉高达资本,JAKOTA CAPITAL,,0.067,0.0,0.0,0.067,0.0,0.0,0.0,0,0,0.065,0.067
2026/04/16 10:59:55,01470,富一国际控股,PROSPER ONE,,0.164,0.0,0.0,0.164,0.164,0.164,0.164,148000,24272,0.155,0.164
2026/04/16 11:05:00,01471,众淼控股,ZHONGMIAO,,13.84,-0.25,-1.77431,14.09,14.98,14.98,13.8,22700,321669,13.83,14.06
2026/04/16 10:50:07,01472,生兴控股,SANG HING HLDGS,,0.081,0.0,0.0,0.081,0.0,0.0,0.0,0,0,0.081,0.084
2026/04/16 09:57:27,01473,环联连讯,PANGAEA CONNECT,,0.45,0.0,0.0,0.45,0.0,0.0,0.0,0,0,0.44,0.45
2026/04/16 10:00:02,01475,日清食品,NISSIN FOODS,,7.28,-0.07,-0.95238,7.35,7.32,7.34,7.28,25000,182730,7.28,7.34
2026/04/16 10:16:31,01476,金融街证券,FIN STREET SEC,,1.62,0.06,3.84615,1.56,1.62,1.62,1.62,30000,48040,1.58,1.7
2026/04/16 10:58:05,01477,欧康维视生物－Ｂ,OCUMENSION-B,,8.11,0.05,0.62035,8.06,8.04,8.16,8.01,273500,2212115,8.09,8.14
2026/04/16 11:04:39,01478,丘钛科技,Q TECH,,8.28,-0.02,-0.24096,8.3,8.31,8.34,8.18,1772923,14658057,8.27,8.3
2026/04/16 10:09:56,01480,恩达集团控股,YAN TAT GROUP,,0.96,0.0,0.0,0.96,0.0,0.0,0.0,0,0,0.96,0.98
2026/04/16 10:33:07,01481,竣球控股,SMART GLOBE,,2.44,0.01,0.41152,2.43,2.44,2.44,2.44,20000,48700,2.44,2.59
2026/04/16 10:28:33,01483,网誉科技,NET-A-GO TECH,,1.27,0.01,0.79365,1.26,1.26,1.27,1.26,76000,95780,1.21,1.28
2026/04/16 09:46:04,01486,思城控股,C CHENG HLDGS,,0.71,0.0,0.0,0.71,0.0,0.0,0.0,0,0,0.71,0.8
2026/04/16 10:06:57,01488,百福控股,BEST FOOD HLDG,,0.98,0.0,0.0,0.98,0.0,0.0,0.0,0,0,0.74,0.95
2026/04/16 11:01:57,01489,GC CONSTRUCTION,GC CONSTRUCTION,,0.39,-0.005,-1.26582,0.395,0.39,0.39,0.39,70000,27300,0.39,0.405
2026/04/16 09:45:25,01490,车市科技,AI X TECH,,0.25,0.0,0.0,0.25,0.0,0.0,0.0,4000,1000,0.25,0.26
2026/04/16 10:41:18,01496,亚积邦租赁,AP RENTALS,,0.181,0.0,0.0,0.181,0.0,0.0,0.0,0,0,0.173,0.192
2026/04/16 09:51:29,01497,燕之屋,YAN PALACE,,5.96,0.07,1.18846,5.89,5.89,5.96,5.89,10400,61284,5.96,5.93
2026/04/16 10:04:24,01498,培力农本方,PURAPHARM,,0.295,0.005,1.72414,0.29,0.295,0.295,0.295,100000,29500,0.29,0.295
2026/04/16 10:55:25,01499,欧科云链,OKG TECH,,0.171,0.006,3.63636,0.165,0.165,0.174,0.165,970000,165660,0.168,0.171
2026/04/16 10:41:05,01500,现恒建筑,INCON,,0.232,-0.013,-5.30612,0.245,0.234,0.235,0.232,160000,37445,0.231,0.245
2026/04/16 11:04:22,01501,瑛泰医疗,INT MEDICAL,,39.42,0.04,0.10157,39.38,39.46,39.46,38.76,21200,827916,39.2,39.38
2026/04/16 10:51:27,01502,金融街物业,FIN STREET PPT,,2.21,0.01,0.45455,2.2,2.22,2.22,2.21,25000,55330,2.21,2.22
2026/04/16 11:03:35,01508,中国再保险,CHINA RE,,1.41,-0.01,-0.70423,1.42,1.42,1.43,1.4,6535000,9209297,1.41,1.42
2026/04/16 11:02:13,01513,丽珠医药,LIVZON PHARMA,,29.4,0.06,0.2045,29.34,29.34,29.52,29.04,316900,9300748,29.32,29.4
2026/04/16 11:04:31,01515,华润医疗,CR MEDICAL,,2.87,0.01,0.34965,2.86,2.88,2.88,2.85,631000,1803255,2.86,2.87
2026/04/16 11:04:47,01516,融创服务,SUNAC SERVICES,,0.95,0.01,1.06383,0.94,0.94,0.96,0.94,2128093,2016319,0.94,0.95
2026/04/16 10:04:56,01518,新世纪医疗,NC HEALTHCARE,,0.54,0.0,0.0,0.54,0.0,0.0,0.0,0,0,0.51,0.54
2026/04/16 11:04:54,01519,极兔速递－Ｗ,J&T EXPRESS-W,,10.68,0.09,0.84986,10.59,10.65,10.83,10.57,9148600,98160294,10.67,10.68
2026/04/16 11:01:29,01520,天机控股,VIRTUAL MIND,,0.61,0.0,0.0,0.61,0.61,0.61,0.61,108000,65880,0.61,0.63
2026/04/16 09:55:05,01521,方达控股,FRONTAGE,,1.03,0.0,0.0,1.03,0.0,0.0,0.0,0,0,1.03,1.09
2026/04/16 11:03:30,01522,京投交通科技,BII TRANS TECH,,0.31,0.0,0.0,0.31,0.315,0.315,0.305,212000,65720,0.305,0.315
2026/04/16 11:01:30,01523,珩湾科技,PLOVER BAY TECH,,7.36,-0.37,-4.78655,7.73,7.73,7.79,7.35,662300,4931844,7.35,7.36
2026/04/16 10:58:10,01525,建桥教育,GENCH EDU,,2.1,-0.01,-0.47393,2.11,2.17,2.17,2.1,119000,251000,2.1,2.11
2026/04/16 10:37:16,01526,瑞慈医疗,RICI HEALTH,,0.91,0.0,0.0,0.91,0.0,0.0,0.0,0,0,0.86,0.9
2026/04/16 10:36:19,01527,天洁环境,TENGY ENV,,1.96,0.0,0.0,1.96,0.0,0.0,0.0,0,0,1.93,2.07
2026/04/16 11:03:33,01528,红星美凯龙,RS MACALLINE,,1.3,0.01,0.77519,1.29,1.3,1.3,1.28,568800,737640,1.3,1.31
2026/04/16 11:04:48,01529,乐氏国际控股,YUES INTL HLDG,,0.425,0.0,0.0,0.425,0.0,0.0,0.0,0,0,0.42,0.435
2026/04/16 11:05:01,01530,三生制药,3SBIO,,25.2,0.28,1.1236,24.92,24.96,25.3,24.48,11917000,296319600,25.18,25.2
2026/04/16 10:46:02,01532,中国派对文化,CHINA PARTYTIME,,0.102,0.005,5.15464,0.097,0.097,0.102,0.097,41000,4113,0.095,0.104
2026/04/16 09:00:22,01536,煜荣集团,YUK WING GP,,0.218,0.0,0.0,0.218,0.0,0.0,0.0,0,0,0.202,0.0
2026/04/16 11:00:41,01538,中奥到家,ZHONG AO HOME,,0.71,0.0,0.0,0.71,0.71,0.72,0.71,692000,491500,0.7,0.71
2026/04/16 10:05:07,01539,知行集团控股,UNITY GP HLDGS,,0.36,-0.005,-1.36986,0.365,0.365,0.365,0.355,28000,9980,0.355,0.36
2026/04/16 09:35:48,01540,澳狮环球,LEFTFIELD PRINT,,0.4,0.0,0.0,0.4,0.0,0.0,0.0,0,0,0.37,0.41
2026/04/16 11:04:53,01541,宜明昂科－Ｂ,IMMUNEONCO-B,,6.09,0.05,0.82782,6.04,6.1,6.21,5.92,946800,5747504,6.08,6.1
2026/04/16 08:55:00,01542,台州水务,TAIZHOU WATER,,1.1,0.0,0.0,1.1,0.0,0.0,0.0,0,0,0.0,0.0
2026/04/16 10:39:34,01543,中盈盛达融资担保,JOIN-SHARE,,0.201,0.0,0.0,0.201,0.0,0.0,0.0,0,0,0.193,0.2
2026/04/16 11:03:08,01545,设计都会,DESIGN CAPITAL,,0.125,0.007,5.9322,0.118,0.125,0.125,0.125,160000,19930,0.12,0.125
2026/04/16 11:04:10,01546,德莱建业,THELLOY DEV,,0.202,0.007,3.58974,0.195,0.194,0.202,0.19,3200000,621464,0.202,0.204
2026/04/16 09:42:31,01547,IBI GROUP HLDGS,IBI GROUP HLDGS,,0.2,0.0,0.0,0.2,0.0,0.0,0.0,0,0,0.185,0.211
2026/04/16 11:04:59,01548,金斯瑞生物科技,GENSCRIPT BIO,,13.78,0.47,3.53118,13.31,13.55,13.98,13.55,5995292,82741806,13.77,13.79
2026/04/16 09:33:06,01549,永丰集团控股,EVER HARVEST GP,,0.095,0.0,0.0,0.095,0.0,0.0,0.0,0,0,0.088,0.095
2026/04/16 10:50:10,01551,广州农商银行,GRCB,,1.52,0.0,0.0,1.52,0.0,0.0,0.0,0,0,1.46,1.57
2026/04/16 10:55:37,01552,BHCC HOLDING,BHCC HOLDING,,0.26,0.0,0.0,0.26,0.26,0.26,0.26,10000,2600,0.242,0.265
2026/04/16 09:03:49,01553,迈科管业,MAIKE TUBE,,1.5,0.0,0.0,1.5,0.0,0.0,0.0,0,0,1.46,1.5
2026/04/16 10:36:37,01555,ＭＩ能源,MIE HOLDINGS,,0.034,-0.002,-5.55556,0.036,0.034,0.034,0.031,10218000,330772,0.033,0.034
2026/04/16 11:00:50,01556,建业建荣,CHINNEY KW,,0.32,-0.005,-1.53846,0.325,0.32,0.32,0.32,305000,97600,0.32,0.335
2026/04/16 09:30:28,01557,剑虹集团控股,K.H. GP HLDGS,,0.405,0.0,0.0,0.405,0.405,0.405,0.405,12000,4860,0.345,0.405
2026/04/16 10:32:47,01559,均安控股,KWAN ON HLDGS,,0.052,0.0,0.0,0.052,0.0,0.0,0.0,0,0,0.049,0.057
2026/04/16 09:30:54,01560,星星集团,STAR GROUP ASIA,,0.139,0.0,0.0,0.139,0.0,0.0,0.0,0,0,0.132,0.154
2026/04/16 09:57:22,01561,联洋智能控股,PAN ASIA DATA H,,0.051,0.0,0.0,0.051,0.0,0.0,0.0,0,0,0.046,0.052
2026/04/16 11:02:20,01563,友联国际教育租赁,ALLI INTL ED LE,,0.162,0.0,0.0,0.162,0.0,0.0,0.0,0,0,0.157,0.16
2026/04/16 10:29:40,01565,成实外教育,VIRSCEND EDU,,0.2,0.0,0.0,0.2,0.0,0.0,0.0,0,0,0.196,0.2
2026/04/16 08:55:00,01566,华夏文化科技,CA CULTURAL,,0.051,0.0,0.0,0.051,0.0,0.0,0.0,0,0,0.0,0.0
2026/04/16 10:54:56,01568,承达集团,SUNDART HLDGS,,0.75,0.0,0.0,0.75,0.0,0.0,0.0,0,0,0.74,0.76
2026/04/16 10:50:50,01569,民生教育,MINSHENG EDU,,0.148,0.013,9.62963,0.135,0.148,0.148,0.148,10000,1480,0.135,0.148
2026/04/16 10:52:12,01570,伟业控股,WEIYE HOLDINGS,,6.99,-0.11,-1.5493,7.1,7.1,7.1,6.99,10000,70060,6.66,6.98
2026/04/16 10:20:08,01571,信邦控股,XIN POINT HOLD,,4.43,0.0,0.0,4.43,4.43,4.43,4.43,20000,88600,4.41,4.47
2026/04/16 09:54:51,01572,中国艺术金融,CHINA ART FIN,,0.085,0.0,0.0,0.085,0.0,0.0,0.0,0,0,0.081,0.084
2026/04/16 09:50:47,01575,皇庭智家,REGAL PARTNERS,,0.055,0.0,0.0,0.055,0.0,0.0,0.0,132000,7260,0.055,0.059
2026/04/16 09:42:13,01576,齐鲁高速,QILU EXPRESSWAY,,1.82,0.0,0.0,1.82,1.82,1.82,1.82,2000,3640,1.8,1.82
2026/04/16 10:01:45,01577,汇鑫小贷,HUIXIN CREDIT,,1.0,0.0,0.0,1.0,1.0,1.0,1.0,2000,2000,0.95,1.0
2026/04/16 10:13:51,01578,天津银行,BANK OF TIANJIN,,2.41,0.0,0.0,2.41,0.0,0.0,0.0,0,0,2.4,2.41
2026/04/16 11:04:52,01579,颐海国际,YIHAI INTL,,16.0,0.04,0.25063,15.96,15.91,16.05,15.82,776000,12344515,15.99,16.0
2026/04/16 10:21:07,01580,大森控股,DA SEN HLDGS,,0.345,0.0,0.0,0.345,0.0,0.0,0.0,0,0,0.335,0.45
2026/04/16 11:02:17,01581,进升集团控股,PROGRESSIVE P,,0.29,0.0,0.0,0.29,0.285,0.325,0.28,1006000,299110,0.29,0.305
2026/04/16 10:55:58,01582,华营建筑,CR CONSTRUCTION,,0.355,-0.005,-1.38889,0.36,0.355,0.355,0.355,32500,11425,0.35,0.355
2026/04/16 09:30:13,01583,亲亲食品,QINQIN FOODS,,1.07,0.0,0.0,1.07,0.0,0.0,0.0,0,0,1.01,1.08
2026/04/16 11:04:19,01585,雅迪控股,YADEA,,12.81,-0.14,-1.08108,12.95,12.95,13.02,12.8,1928000,24873416,12.8,12.81
2026/04/16 09:30:09,01586,力鸿检验,LEON INSPECTION,,1.57,0.0,0.0,1.57,0.0,0.0,0.0,0,0,1.56,1.72
2026/04/16 09:04:27,01587,欣融国际,SHINEROAD INTL,,0.59,0.0,0.0,0.59,0.0,0.0,0.0,0,0,0.55,0.59
2026/04/16 10:31:55,01588,畅捷通,CHANJET,,6.91,0.01,0.14493,6.9,6.9,6.93,6.9,2800,19358,6.91,7.12
2026/04/16 09:52:02,01591,汛和集团,SHUN WO GROUP,,0.138,0.001,0.72993,0.137,0.138,0.138,0.138,200000,27600,0.132,0.14
2026/04/16 11:02:11,01592,基石控股,ANCHORSTONE,,0.146,0.002,1.38889,0.144,0.138,0.146,0.138,120000,16640,0.137,0.146
2026/04/16 10:58:59,01593,辰林教育,CHEN LIN EDU,,1.25,0.0,0.0,1.25,0.0,0.0,0.0,0,0,1.2,1.28
2026/04/16 11:02:50,01596,翼辰实业,YICHEN IND,,0.64,-0.01,-1.53846,0.65,0.65,0.65,0.64,402000,257650,0.63,0.65
2026/04/16 10:40:17,01597,纳泉能源科技,NATURE ENERGY T,,3.5,0.0,0.0,3.5,0.0,0.0,0.0,0,0,3.24,3.7
2026/04/16 08:55:00,01598,２１世纪教育,21CENTURY EDU,,0.111,0.0,0.0,0.111,0.0,0.0,0.0,0,0,0.0,0.0
2026/04/16 09:53:50,01599,城建设计,UCD,,1.28,0.0,0.0,1.28,1.28,1.28,1.28,3000,3840,1.28,1.29
2026/04/16 10:27:19,01600,天伦燃气,TIAN LUN GAS,,2.86,0.01,0.35088,2.85,2.82,2.86,2.73,383500,1085125,2.84,2.87
2026/04/16 10:14:43,01601,中关村科技租赁,ZGC TEC LEASING,,0.84,-0.02,-2.32558,0.86,0.84,0.84,0.84,6000,5040,0.84,0.85
2026/04/16 11:04:44,01606,国银金租,CDB LEASING,,1.53,0.01,0.6579,1.52,1.51,1.53,1.5,2694000,4069880,1.52,1.53
2026/04/16 08:55:00,01608,伟能集团,VPOWER GROUP,,0.109,0.0,0.0,0.109,0.0,0.0,0.0,0,0,0.0,0.0
2026/04/16 11:02:39,01610,中粮家佳康,COFCO JOYCOME,,1.41,-0.01,-0.70423,1.42,1.42,1.45,1.4,18576000,26367880,1.41,1.42
2026/04/16 10:59:33,01611,新火集团,BITFIRE GROUP,,2.36,0.06,2.6087,2.3,2.3,2.36,2.3,97000,225105,2.33,2.36
2026/04/16 10:48:31,01612,永胜医疗,VINCENT MED,,0.92,-0.01,-1.07527,0.93,0.92,0.92,0.91,308000,280620,0.91,0.92
2026/04/16 10:56:53,01613,协同通信,SYNERTONE,,0.176,-0.002,-1.1236,0.178,0.178,0.178,0.176,224000,39475,0.172,0.176
2026/04/16 11:00:08,01615,奥邦建筑,AB BUILDERS,,0.37,0.005,1.36986,0.365,0.365,0.37,0.345,105000,37775,0.35,0.385
2026/04/16 08:55:00,01616,一元宇宙,A METAVERSE,,0.06,0.0,0.0,0.06,0.0,0.0,0.0,0,0,0.0,0.0
2026/04/16 10:50:18,01617,南方通信,NANFANG COMM,,0.465,0.015,3.33333,0.45,0.455,0.47,0.45,2540000,1180200,0.465,0.47
2026/04/16 11:00:43,01618,中国中冶,MCC,,1.61,0.01,0.625,1.6,1.61,1.62,1.6,5702000,9173900,1.6,1.61
2026/04/16 11:02:54,01620,富盈环球集团,CINESE INTL,,0.099,0.0,0.0,0.099,0.099,0.099,0.099,50000,4950,0.094,0.103
2026/04/16 10:14:29,01621,域高国际控股,VICO INTL HLDGS,,0.172,0.0,0.0,0.172,0.0,0.0,0.0,0,0,0.166,0.172
2026/04/16 11:04:11,01622,力高集团,REDCO GROUP,,0.152,-0.015,-8.98204,0.167,0.154,0.154,0.152,142000,21836,0.153,0.161
2026/04/16 10:58:56,01623,海隆控股,HILONG,,0.236,-0.002,-0.84034,0.238,0.238,0.238,0.228,425000,97751,0.229,0.236
2026/04/16 11:03:58,01626,嘉耀控股,JIA YAO HLDGS,,5.75,-0.25,-4.16667,6.0,5.95,5.95,5.7,297000,1735350,5.7,5.84
2026/04/16 10:55:57,01627,安保工程控股,ABLE ENG HLDGS,,0.58,0.01,1.75439,0.57,0.58,0.58,0.58,4000,2320,0.58,0.6
2026/04/16 11:04:46,01628,禹洲集团,YUZHOU GROUP,,0.175,-0.007,-3.84615,0.182,0.165,0.183,0.165,525000,91660,0.176,0.184
2026/04/16 10:53:42,01629,冠均国际控股,CHAMP ALLI INTL,,0.176,0.0,0.0,0.176,0.176,0.176,0.176,20000,3520,0.176,0.185
2026/04/16 11:00:09,01630,建成控股,KIN SHING HLDGS,,0.172,-0.012,-6.52174,0.184,0.184,0.195,0.17,5640000,1016430,0.171,0.18
2026/04/16 09:46:19,01631,REF HOLDINGS,REF HOLDINGS,,0.495,0.0,0.0,0.495,0.0,0.0,0.0,0,0,0.475,0.52
2026/04/16 09:30:32,01632,民商创科,MSCTECH,,0.051,0.0,0.0,0.051,0.0,0.0,0.0,0,0,0.051,0.054
2026/04/16 09:36:00,01633,上谕集团,SHEUNG YUE GP,,0.25,0.0,0.0,0.25,0.0,0.0,0.0,0,0,0.244,0.255
2026/04/16 11:04:22,01635,大众公用,DZUG,,3.14,0.02,0.64103,3.12,3.13,3.16,3.12,4231300,13275984,3.13,3.15
2026/04/16 08:55:00,01636,中国金属利用,CMRU,,0.31,0.0,0.0,0.31,0.0,0.0,0.0,0,0,0.0,0.0
2026/04/16 10:40:44,01637,顺兴集团控股,SH GROUP HLDG,,0.445,-0.005,-1.11111,0.45,0.45,0.45,0.445,114000,50840,0.415,0.455
2026/04/16 11:02:47,01638,佳兆业集团,KAISA GROUP,,0.083,0.002,2.46914,0.081,0.081,0.084,0.08,9295230,768230,0.083,0.084
2026/04/16 11:04:01,01640,千循科技,QIAN XUN TECH,,1.49,0.29,24.16667,1.2,1.22,1.68,1.22,726000,988020,1.51,1.78
2026/04/16 10:53:07,01641,红星冷链,HX COLDCHAIN,,7.05,-0.13,-1.81059,7.18,7.36,7.36,7.03,10500,74135,7.02,7.14
2026/04/16 11:03:27,01643,现代中药集团,MODERN CHI MED,,2.64,0.05,1.9305,2.59,2.55,2.65,2.55,399000,1043790,2.63,2.66
2026/04/16 11:00:18,01645,海纳智能,HAINA INTEL,,1.35,-0.12,-8.16327,1.47,1.48,1.48,1.34,936000,1300280,1.35,1.37
2026/04/16 11:04:31,01647,雄岸科技,GRANDSHORES,,0.069,-0.001,-1.42857,0.07,0.068,0.071,0.066,230000,15435,0.07,0.072
2026/04/16 10:10:49,01650,HYGIEIA GROUP,HYGIEIA GROUP,,0.125,0.0,0.0,0.125,0.0,0.0,0.0,0,0,0.123,0.13
2026/04/16 11:04:18,01651,津上机床中国,TSUGAMI CHINA,,44.48,-0.34,-0.75859,44.82,45.0,45.02,44.0,393000,17479320,44.46,44.48
2026/04/16 10:47:59,01652,福森药业,FUSEN PHARM,,1.2,0.0,0.0,1.2,1.2,1.22,1.2,210000,252720,1.2,1.22
2026/04/16 10:45:55,01653,MOS HOUSE,MOS HOUSE,,2.84,0.09,3.27273,2.75,2.88,2.88,2.7,140000,387000,2.67,2.78
2026/04/16 10:35:11,01655,OKURA HOLDINGS,OKURA HOLDINGS,,0.232,-0.008,-3.33333,0.24,0.234,0.234,0.232,250000,58140,0.232,0.24
2026/04/16 09:07:56,01656,亿仕登控股,ISDN HOLDINGS,,2.31,0.0,0.0,2.31,0.0,0.0,0.0,0,0,0.0,2.49
2026/04/16 11:00:49,01657,桦欣控股,SG GROUP HLDGS,,21.0,-2.1,-9.09091,23.1,21.5,21.5,21.0,9500,199760,21.62,22.0
2026/04/16 10:54:59,01658,邮储银行,PSBC,,5.04,0.02,0.39841,5.02,5.01,5.07,5.0,18542000,93264810,5.04,5.06
2026/04/16 10:33:07,01660,七元投资,SEVEN ELEMENTS,,0.335,0.0,0.0,0.335,0.345,0.345,0.33,3792000,1251600,0.325,0.335
2026/04/16 10:59:15,01661,中国前沿科技集团,CH FRONTIER TEC,,2.72,0.0,0.0,2.72,2.71,2.72,2.71,72000,195660,2.57,2.72
2026/04/16 10:58:45,01662,义合控股,YEE HOP HLDGS,,0.74,0.07,10.44776,0.67,0.72,0.77,0.7,218000,160410,0.74,0.75
2026/04/16 10:52:09,01663,汉港控股,S HARBOURHOLD,,0.084,-0.005,-5.61798,0.089,0.089,0.089,0.084,176000,15088,0.084,0.086
2026/04/16 11:02:07,01666,同仁堂科技,TONG REN TANG,,3.94,0.02,0.5102,3.92,3.92,3.96,3.91,257100,1011266,3.93,3.95
2026/04/16 09:37:54,01667,迪米生活控股,DIMMI LIFE HLDG,,0.37,0.0,0.0,0.37,0.0,0.0,0.0,0,0,0.305,0.38
2026/04/16 08:55:00,01668,华南城,CHINASOUTHCITY,,0.107,0.0,0.0,0.107,0.0,0.0,0.0,0,0,0.0,0.0
2026/04/16 09:00:10,01669,环球信贷集团,GIC GROUP,,1.02,0.0,0.0,1.02,0.0,0.0,0.0,0,0,0.98,1.02
2026/04/16 10:46:21,01671,天保能源,TIANBAO ENERGY,,0.71,0.0,0.0,0.71,0.0,0.0,0.0,0,0,0.69,0.72
2026/04/16 11:04:16,01672,歌礼制药－Ｂ,ASCLETIS-B,,17.88,0.03,0.16807,17.85,17.84,17.94,17.0,609960,10676348,17.87,17.93
2026/04/16 10:59:38,01673,华章科技,HUAZHANG TECH,,0.26,0.005,1.96078,0.255,0.255,0.26,0.255,256000,64340,0.255,0.295
2026/04/16 11:04:22,01675,亚信科技,ASIAINFO TECH,,5.96,0.1,1.70649,5.86,5.9,6.0,5.9,534000,3182004,5.94,5.96
2026/04/16 10:59:09,01676,高地股份,GAODI HOLDINGS,,0.206,-0.007,-3.28639,0.213,0.213,0.215,0.202,5624000,1191800,0.203,0.208
2026/04/16 11:03:22,01679,瑞斯康集团,RISECOMM GP,,0.63,0.05,8.62069,0.58,0.61,0.63,0.61,285000,177950,0.61,0.63
2026/04/16 10:54:37,01680,澳门励骏,MACAU LEGEND,,0.2,0.0,0.0,0.2,0.0,0.0,0.0,0,0,0.186,0.219
2026/04/16 11:02:49,01681,康臣药业,CONSUN PHARMA,,16.33,-0.11,-0.6691,16.44,16.65,16.65,16.08,474000,7696360,16.3,16.33
2026/04/16 11:04:24,01682,杭品生活科技,HP LIVING TECH,,0.137,-0.003,-2.14286,0.14,0.14,0.14,0.135,548000,74576,0.135,0.14
2026/04/16 10:56:18,01683,旷逸国际,HOPE LIFE INT,,0.234,-0.003,-1.26582,0.237,0.237,0.241,0.226,1120000,260864,0.232,0.237
2026/04/16 10:51:59,01685,博耳电力,BOER POWER,,0.52,0.0,0.0,0.52,0.53,0.53,0.52,168000,88660,0.52,0.54
2026/04/16 11:04:16,01686,新意网集团,SUNEVISION,,6.48,0.33,5.36585,6.15,6.23,6.56,6.21,5954300,38124750,6.47,6.49
2026/04/16 10:48:14,01689,华禧控股,HUAXIHOLDINGS,,0.305,-0.02,-6.15385,0.325,0.34,0.34,0.29,222000,68980,0.29,0.31
2026/04/16 11:00:08,01690,立基工程控股,LAP KEI ENGRG,,0.176,-0.006,-3.2967,0.182,0.182,0.182,0.176,150000,27120,0.176,0.182
2026/04/16 11:00:31,01691,ＪＳ环球生活,JS GLOBAL LIFE,,1.79,0.0,0.0,1.79,1.78,1.79,1.75,1285000,2272420,1.78,1.79
2026/04/16 09:30:40,01692,登辉控股,TOWNRAY HLDGS,,1.65,0.0,0.0,1.65,0.0,0.0,0.0,0,0,1.47,1.69
2026/04/16 10:53:13,01693,璋利国际,BGMC,,5.25,-0.25,-4.54546,5.5,5.5,5.5,5.25,58000,313540,5.32,5.49
2026/04/16 09:59:34,01695,椰丰集团,S&P INTL HLDG,,0.1,0.0,0.0,0.1,0.0,0.0,0.0,0,0,0.096,0.1
2026/04/16 11:02:01,01696,复锐医疗科技,SISRAM MED,,3.11,-0.04,-1.26984,3.15,3.23,3.25,3.1,242800,762400,3.11,3.13
2026/04/16 10:40:55,01697,山东国信,SDITC,,0.35,0.0,0.0,0.35,0.34,0.35,0.335,10800,3699,0.34,0.35
2026/04/16 11:04:16,01698,腾讯音乐－ＳＷ,TME-SW,,39.68,1.12,2.90456,38.56,38.56,39.84,38.56,1302460,51121291,39.66,39.68
2026/04/16 10:33:54,01701,途屹控股,TU YI HLDG,,0.092,0.0,0.0,0.092,0.0,0.0,0.0,0,0,0.092,0.1
2026/04/16 09:01:24,01702,东光化工,DONGGUANG CHEM,,1.99,0.0,0.0,1.99,0.0,0.0,0.0,0,0,1.72,0.0
2026/04/16 10:57:18,01703,谊和股份,EASYHOLD GROUP,,0.085,0.0,0.0,0.085,0.085,0.085,0.085,20000,1700,0.08,0.084
2026/04/16 10:44:47,01705,宾仕国际,B & S INTL HLDG,,0.54,-0.01,-1.81818,0.55,0.54,0.54,0.54,80000,43200,0.54,0.55
2026/04/16 08:55:00,01707,致浩达控股,GEOTECH HLDGS,,0.042,0.0,0.0,0.042,0.0,0.0,0.0,0,0,0.0,0.0
2026/04/16 10:42:32,01708,三宝科技,SAMPLE TECH,,0.3,0.0,0.0,0.3,0.0,0.0,0.0,0,0,0.31,0.405
2026/04/16 11:03:17,01709,德林控股,DL HOLDINGS GP,,1.14,-0.01,-0.86957,1.15,1.16,1.16,1.13,1918000,2200200,1.13,1.14
2026/04/16 11:04:09,01710,致丰工业电子,TRIO IND ELEC,,0.5,0.025,5.26316,0.475,0.475,0.5,0.47,1020000,494460,0.49,0.5
2026/04/16 09:30:42,01711,欧化,ULFERTS,,0.152,0.0,0.0,0.152,0.0,0.0,0.0,0,0,0.141,0.161
2026/04/16 11:03:05,01712,龙资源,DRAGON MINING,,9.29,-0.14,-1.48462,9.43,9.23,9.45,9.23,167000,1559250,9.28,9.35
2026/04/16 11:00:22,01713,四川能投发展,SICHUAN EN INV,,2.19,-0.01,-0.45455,2.2,2.2,2.2,2.19,32000,70100,2.19,2.26
2026/04/16 09:49:45,01715,智慧健康科技,AI HEALTH TECH,,0.52,0.0,0.0,0.52,0.52,0.52,0.52,30000,15600,0.495,0.54
2026/04/16 11:00:26,01716,毛记葵涌,MOST KWAI CHUNG,,4.12,0.12,3.0,4.0,4.0,4.17,3.99,946000,3871400,4.09,4.13
2026/04/16 10:19:26,01717,澳优,AUSNUTRIA,,1.75,0.03,1.74419,1.72,1.75,1.75,1.65,32000,55450,1.68,1.75
2026/04/16 10:56:19,01718,宏基集团控股,WAN KEI GROUP,,0.35,0.0,0.0,0.35,0.35,0.355,0.34,425000,147050,0.33,0.35
2026/04/16 09:00:10,01719,中国通商集团,CIL GROUP,,0.31,0.0,0.0,0.31,0.0,0.0,0.0,0,0,0.28,0.31
2026/04/16 11:01:35,01720,普天通信集团,PUTIAN COMM,,0.56,0.0,0.0,0.56,0.55,0.58,0.54,1388000,776400,0.57,0.58
2026/04/16 08:55:00,01721,FSM HOLDINGS,FSM HOLDINGS,,0.14,0.0,0.0,0.14,0.0,0.0,0.0,0,0,0.0,0.0
2026/04/16 10:18:30,01722,建鹏控股,KIN PANG HLDGS,,0.073,0.0,0.0,0.073,0.0,0.0,0.0,0,0,0.071,0.077
2026/04/16 10:21:32,01723,恒月控股,MOON INC,,1.06,0.0,0.0,1.06,0.0,0.0,0.0,2000,2120,1.01,1.08
2026/04/16 10:51:38,01725,中国技术集团,C STRATEGIC TEC,,0.69,-0.01,-1.42857,0.7,0.7,0.71,0.68,1321200,918872,0.69,0.7
2026/04/16 10:22:01,01726,HKE HOLDINGS,HKE HOLDINGS,,1.21,-0.01,-0.81967,1.22,1.21,1.21,1.21,300000,363000,1.16,1.21
2026/04/16 10:34:59,01727,河北建设,HEBEI CONS,,0.315,0.0,0.0,0.315,0.0,0.0,0.0,0,0,0.295,0.33
2026/04/16 08:55:00,01728,正通汽车,ZHENGTONGAUTO,,0.143,0.0,0.0,0.143,0.0,0.0,0.0,0,0,0.0,0.0
2026/04/16 11:04:45,01729,汇聚科技,TIME INTERCON,,18.95,0.97,5.39488,17.98,18.22,19.04,17.71,6589990,120808377,18.95,18.99
2026/04/16 11:02:14,01731,其利工业集团,PROSPEROUS IND,,0.83,-0.01,-1.19048,0.84,0.83,0.83,0.83,20000,16600,0.83,0.85
2026/04/16 10:46:27,01732,象兴国际,XIANGXING INT,,0.218,0.0,0.0,0.218,0.0,0.0,0.0,0,0,0.209,0.218
2026/04/16 10:41:24,01733,易大宗,E-COMMODITIES,,0.76,0.0,0.0,0.76,0.76,0.76,0.76,42050,31896,0.75,0.76
2026/04/16 11:01:41,01735,中环新能源,CENTRAL NEW EGY,,9.19,-0.07,-0.75594,9.26,9.27,9.35,9.13,2914000,26954150,9.19,9.2
2026/04/16 09:33:51,01736,中国育儿网络,PARENTING NET,,0.5,0.0,0.0,0.5,0.0,0.0,0.0,0,0,0.425,0.51
2026/04/16 09:31:44,01737,亚洲实业集团,A & S GROUP,,0.1,0.0,0.0,0.1,0.0,0.0,0.0,0,0,0.1,0.105
2026/04/16 10:54:35,01738,飞尚无烟煤,FS ANTHRACITE,,0.104,0.0,0.0,0.104,0.0,0.0,0.0,0,0,0.1,0.104
2026/04/16 09:04:25,01739,齐屹科技,QEEKA HOME,,0.204,0.0,0.0,0.204,0.0,0.0,0.0,0,0,0.203,0.22
2026/04/16 11:04:41,01740,新石文化,VALUES CULTURAL,,0.119,0.009,8.18182,0.11,0.112,0.119,0.112,160000,18070,0.113,0.12
2026/04/16 10:52:35,01741,成志控股,SHING CHI HLDGS,,0.17,0.0,0.0,0.17,0.0,0.0,0.0,0,0,0.169,0.18
2026/04/16 10:48:19,01742,HPC HOLDINGS,HPC HOLDINGS,,0.22,0.003,1.38249,0.217,0.217,0.22,0.217,120000,26230,0.215,0.222
2026/04/16 10:33:28,01745,驴迹科技,LVJI TECH,,0.115,-0.001,-0.86207,0.116,0.116,0.116,0.115,652000,75202,0.115,0.116
2026/04/16 10:46:08,01746,万顺集团控股,MAN SHUN GP,,0.475,0.015,3.26087,0.46,0.46,0.475,0.46,52000,24520,0.455,0.475
2026/04/16 10:11:22,01747,HOME CONTROL,HOME CONTROL,,4.6,0.0,0.0,4.6,0.0,0.0,0.0,0,0,4.31,4.67
2026/04/16 08:55:00,01748,信源企业集团,XIN YUAN ENT,,1.76,0.0,0.0,1.76,0.0,0.0,0.0,0,0,0.0,0.0
2026/04/16 10:59:25,01749,杉杉品牌,SHANSHAN,,0.57,-0.04,-6.55738,0.61,0.61,0.61,0.57,239000,143350,0.57,0.59
2026/04/16 11:00:41,01750,全达电器集团控股,REM GROUP HLDGS,,0.111,-0.002,-1.76991,0.113,0.116,0.117,0.11,380000,43150,0.111,0.113
2026/04/16 10:44:17,01751,智算能建,AI ENERGY ENG,,1.38,0.03,2.22222,1.35,1.4,1.4,1.38,80000,111800,1.38,1.39
2026/04/16 09:53:20,01752,澳洲成峰高教,TOP EDUCATION,,0.084,0.0,0.0,0.084,0.0,0.0,0.0,0,0,0.084,0.09
2026/04/16 10:56:48,01753,兑吧,DUIBA,,0.114,-0.001,-0.86957,0.115,0.114,0.114,0.11,20400,2285,0.11,0.113
2026/04/16 08:55:00,01755,新城悦服务,S-ENJOY SERVICE,,2.8,0.0,0.0,2.8,0.0,0.0,0.0,0,0,0.0,0.0
2026/04/16 11:03:25,01756,中国科教产业,CHI SCI&EDU IND,,0.57,0.01,1.78571,0.56,0.56,0.57,0.56,100000,56360,0.55,0.56
2026/04/16 11:04:32,01757,环球华商（一千）,GLOBAL CHI-1K,,17.93,-0.25,-1.37514,18.18,18.09,18.3,17.92,83000,1500040,17.92,18.04
2026/04/16 09:49:46,01758,博骏教育,BOJUN EDU,,0.112,0.0,0.0,0.112,0.0,0.0,0.0,0,0,0.106,0.12
2026/04/16 09:31:02,01759,中油洁能控股,SINO GAS HLDGS,,0.99,0.0,0.0,0.99,0.0,0.0,0.0,0,0,0.84,1.19
2026/04/16 11:02:21,01760,英恒科技,INTRON TECH,,1.79,-0.02,-1.10497,1.81,1.82,1.82,1.79,17000,30480,1.79,1.8
2026/04/16 10:54:46,01762,万咖壹联,WANKA ONLINE,,1.68,0.02,1.20482,1.66,1.66,1.71,1.66,1332000,2254980,1.68,1.69
2026/04/16 11:01:05,01763,中国同辐,CIRC,,18.6,-0.4,-2.10526,19.0,18.92,18.92,18.5,127400,2380436,18.59,18.6
2026/04/16 10:38:42,01765,希教国际控股,XJ INTL HLDGS,,0.158,0.002,1.28205,0.156,0.157,0.158,0.157,50000,7868,0.158,0.164
2026/04/16 11:04:16,01766,中国中车,CRRC,,5.12,0.01,0.1957,5.11,5.11,5.13,5.08,4903000,25000530,5.11,5.12
2026/04/16 10:50:58,01767,TS WONDERS,TS WONDERS,,0.36,0.005,1.40845,0.355,0.36,0.36,0.36,70000,25200,0.345,0.36
2026/04/16 11:04:35,01768,鸣鸣很忙,BUSYMING,,405.0,5.0,1.25,400.0,396.4,405.0,391.0,19900,7924180,404.0,404.60001
2026/04/16 11:04:43,01769,思考乐教育,SCHOLAR EDU,,1.62,0.0,0.0,1.62,1.62,1.66,1.58,25000,40790,1.62,1.63
2026/04/16 11:01:13,01771,新丰泰集团,SUNFONDA GP,,0.178,0.0,0.0,0.178,0.0,0.0,0.0,0,0,0.158,0.189
2026/04/16 11:04:36,01772,赣锋锂业,GANFENGLITHIUM,,83.0,4.55,5.79987,78.45,79.7,84.85,78.8,9871433,814852914,82.9,83.0
2026/04/16 11:04:06,01773,天立国际控股,TIANLI INT HLDG,,2.09,0.01,0.48077,2.08,2.1,2.1,2.07,2964000,6187560,2.08,2.09
2026/04/16 10:53:05,01775,精英汇集团,BEXCELLENT GP,,0.45,0.005,1.1236,0.445,0.44,0.45,0.44,152000,66940,0.435,0.455
2026/04/16 11:04:25,01776,广发证券,GF SEC,,16.99,0.54,3.28268,16.45,16.54,17.1,16.5,5251600,88182969,16.97,17.0
2026/04/16 10:44:03,01777,花样年控股,FANTASIA,,0.092,0.011,13.58025,0.081,0.078,0.092,0.078,604500,49768,0.08,0.084
2026/04/16 09:30:09,01778,彩生活,COLOUR LIFE,,0.21,0.0,0.0,0.21,0.0,0.0,0.0,0,0,0.202,0.216
2026/04/16 08:55:00,01780,荣尊国际控股,RONGZUN INT'L H,,1.0,0.0,0.0,1.0,0.0,0.0,0.0,0,0,0.0,0.0
2026/04/16 10:33:02,01782,国际商业数字技术,IB DIGITAL TECH,,3.2,0.0,0.0,3.2,0.0,0.0,0.0,0,0,3.2,3.39
2026/04/16 11:03:03,01783,晋景新能,ENVISION GREEN,,3.17,-0.05,-1.5528,3.22,3.24,3.24,3.12,1603000,5058260,3.14,3.17
2026/04/16 09:41:43,01785,成都高速,CHENGDU EXPWAY,,2.09,0.0,0.0,2.09,2.09,2.09,2.09,40000,83600,2.05,2.09
2026/04/16 09:49:16,01786,铁建装备,CRCCE,,0.87,0.0,0.0,0.87,0.0,0.0,0.0,0,0,0.85,0.87
2026/04/16 11:04:45,01787,山东黄金,SD GOLD,,33.04,-0.06,-0.18127,33.1,33.3,33.36,32.52,5278889,173103285,33.02,33.04
2026/04/16 11:04:42,01788,国泰君安国际,GUOTAI JUNAN I,,2.67,0.04,1.52091,2.63,2.66,2.72,2.62,91987000,245423830,2.66,2.67
2026/04/16 11:00:00,01789,爱康医疗,AK MEDICAL,,6.97,-0.06,-0.85349,7.03,6.93,7.06,6.93,610000,4273720,6.97,7.0
2026/04/16 09:38:02,01790,达力环保,TIL ENVIRO,,0.52,0.0,0.0,0.52,0.0,0.0,0.0,0,0,0.435,0.58
2026/04/16 10:59:08,01792,CMON,CMON,,1.19,0.0,0.0,1.19,0.0,0.0,0.0,0,0,1.08,1.18
2026/04/16 11:00:25,01793,伟工控股,WECON HOLDINGS,,0.265,-0.005,-1.85185,0.27,0.265,0.265,0.265,120000,31800,0.265,0.27
2026/04/16 10:29:36,01795,亚东集团,YADONG GROUP,,0.51,0.0,0.0,0.51,0.51,0.51,0.51,15000,7650,0.495,0.51
2026/04/16 08:55:00,01796,中国数智科技,METASPACEX,,0.66,0.0,0.0,0.66,0.0,0.0,0.0,0,0,0.0,0.0
2026/04/16 11:04:41,01797,东方甄选,EAST BUY,,29.38,0.9,3.16011,28.48,28.96,30.12,28.64,6112500,181421160,29.38,29.4
2026/04/16 11:04:27,01798,大唐新能源,DATANG RENEW,,1.51,0.03,2.02703,1.48,1.5,1.51,1.48,5246000,7850524,1.5,1.51
2026/04/16 11:04:30,01799,新特能源,XINTE ENERGY,,5.72,0.38,7.11611,5.34,5.48,5.78,5.45,1611200,9134508,5.72,5.73
2026/04/16 11:03:38,01800,中国交通建设,CHINA COMM CONS,,4.55,0.01,0.22026,4.54,4.55,4.6,4.53,2470151,11277179,4.55,4.56
2026/04/16 11:04:42,01801,信达生物,INNOVENT BIO,,92.3,0.9,0.98468,91.4,91.4,92.4,89.45,4262486,387753333,92.2,92.25
2026/04/16 08:55:00,01802,文业集团,WENYE GROUP,,0.045,0.0,0.0,0.045,0.0,0.0,0.0,0,0,0.0,0.0
2026/04/16 09:36:27,01803,北京体育文化,BJ SPORTS & ENT,,0.075,0.0,0.0,0.075,0.0,0.0,0.0,0,0,0.071,0.079
2026/04/16 10:51:00,01808,企展控股,ENTERPRISE DEV,,2.29,0.0,0.0,2.29,2.29,2.29,2.29,42000,96180,2.14,2.29
2026/04/16 10:10:00,01809,浦林成山,PRINX CHENGSHAN,,7.96,-0.13,-1.60692,8.09,8.05,8.07,7.96,5000,40075,7.96,7.97
2026/04/16 11:04:41,01810,小米集团－Ｗ,XIAOMI-W,,31.44,0.54,1.74757,30.9,31.06,31.54,31.06,67542073,2116463451,31.44,31.46
2026/04/16 11:04:15,01811,中广核新能源,CGN NEW ENERGY,,2.63,-0.01,-0.37879,2.64,2.64,2.65,2.61,1588000,4174160,2.63,2.64
2026/04/16 10:54:46,01812,晨鸣纸业,CHENMING PAPER,,1.15,0.02,1.76991,1.13,1.13,1.16,1.13,186000,213905,1.15,1.16
2026/04/16 10:40:38,01813,合景泰富集团,KWG GROUP,,0.171,-0.008,-4.46927,0.179,0.175,0.175,0.171,112500,19547,0.17,0.171
2026/04/16 11:03:31,01815,珠峰黄金,EVEREST GOLD,,1.1,0.01,0.91743,1.09,1.07,1.1,1.07,1935000,2112120,1.09,1.11
2026/04/16 11:04:36,01816,中广核电力,CGN POWER,,3.31,-0.02,-0.6006,3.33,3.35,3.36,3.28,18672000,61900270,3.3,3.31
2026/04/16 09:30:17,01817,慕尚集团控股,MULSANNE GROUP,,0.295,0.0,0.0,0.295,0.0,0.0,0.0,0,0,0.27,0.295
2026/04/16 11:04:37,01818,招金矿业,ZHAOJIN MINING,,32.6,-0.36,-1.09223,32.96,33.04,33.04,32.4,2526000,82326543,32.58,32.6
2026/04/16 09:52:34,01820,济丰包装,PM PACKAGING,,2.54,0.0,0.0,2.54,0.0,0.0,0.0,0,0,2.54,0.0
2026/04/16 11:01:15,01822,中木国际,CHINA WOOD INT,,0.144,0.0,0.0,0.144,0.0,0.0,0.0,9000,1170,0.133,0.14
2026/04/16 09:36:33,01823,华昱高速,HUAYUEXPRESSWAY,,1.69,0.0,0.0,1.69,0.0,0.0,0.0,0,0,0.0,1.69
2026/04/16 10:41:31,01825,STERLING GP-NEW,STERLING GP-NEW,,0.8,-0.1,-11.11111,0.9,0.88,0.88,0.8,5250,4310,0.8,0.9
2026/04/16 09:30:13,01826,丰展控股,FDB HOLDINGS,,0.174,0.0,0.0,0.174,0.0,0.0,0.0,0,0,0.156,0.175
2026/04/16 09:34:20,01827,卓珈控股,MIRICOR,,0.94,0.0,0.0,0.94,0.0,0.0,0.0,0,0,0.73,0.93
2026/04/16 11:02:41,01828,富卫集团,FWD,,31.58,-0.42,-1.3125,32.0,32.0,32.02,31.5,21800,693064,31.58,31.7
2026/04/16 11:02:27,01830,完美医疗,PERFECT MEDICAL,,1.27,0.09,7.62712,1.18,1.16,1.29,1.15,642722,778717,1.26,1.27
2026/04/16 10:51:40,01831,十方控股,SHIFANG HLDG,,0.435,-0.015,-3.33333,0.45,0.445,0.445,0.435,1280000,558400,0.435,0.45
2026/04/16 09:03:30,01832,海天地悦旅,SAI LEISURE,,0.81,0.0,0.0,0.81,0.0,0.0,0.0,0,0,0.8,0.85
2026/04/16 11:04:42,01833,平安好医生,PA GOODDOCTOR,,12.09,0.2,1.68209,11.89,11.9,12.15,11.85,3058800,36780504,12.09,12.1
2026/04/16 09:30:13,01835,瑞威资管,REALWAY CAPITAL,,1.24,0.0,0.0,1.24,0.0,0.0,0.0,0,0,1.04,0.0
2026/04/16 10:59:49,01836,九兴控股,STELLA HOLDINGS,,14.93,-0.06,-0.40027,14.99,15.02,15.02,14.88,94500,1408735,14.9,14.93
2026/04/16 11:01:08,01837,五谷磨房,NATURAL FOOD IH,,1.75,0.04,2.33918,1.71,1.72,1.75,1.7,888000,1541160,1.73,1.75
2026/04/16 09:15:48,01841,优越集团控股,A.PLUS GROUP,,0.235,0.0,0.0,0.235,0.0,0.0,0.0,0,0,0.228,0.235
2026/04/16 09:30:01,01842,植华集团,GROWN UP GROUP,,0.043,0.0,0.0,0.043,0.0,0.0,0.0,0,0,0.042,0.045
2026/04/16 10:53:42,01843,快餐帝国,SNACK EMPIRE,,0.144,0.0,0.0,0.144,0.0,0.0,0.0,0,0,0.142,0.15
2026/04/16 09:30:26,01845,维港环保科技,WG ENV TECH,,0.238,0.0,0.0,0.238,0.0,0.0,0.0,0,0,0.0,0.238
2026/04/16 10:57:46,01846,德视佳,EUROEYES,,2.89,0.0,0.0,2.89,0.0,0.0,0.0,0,0,2.73,2.88
2026/04/16 09:41:59,01847,云南建投混凝土,GHPC,,0.44,0.0,0.0,0.44,0.0,0.0,0.0,0,0,0.435,0.5
2026/04/16 10:42:22,01848,中国飞机租赁,CALC,,3.99,-0.05,-1.23762,4.04,4.05,4.05,3.93,217500,868845,3.97,3.99
2026/04/16 08:55:00,01849,秀商时代控股,AM GROUP,,0.05,0.0,0.0,0.05,0.0,0.0,0.0,0,0,0.0,0.0
2026/04/16 11:03:25,01850,鸿盛昌资源,HSC RESOURCES,,0.92,-0.08,-8.0,1.0,0.99,1.0,0.87,1110000,1044700,0.89,0.92
2026/04/16 10:55:59,01851,银杏教育,GINGKO EDU,,4.28,0.0,0.0,4.28,4.34,4.45,4.26,594000,2580920,4.26,4.32
2026/04/16 08:55:00,01853,春城热力,CHUNCHENG HEAT,,1.74,0.0,0.0,1.74,0.0,0.0,0.0,0,0,0.0,0.0
2026/04/16 10:41:08,01854,中国万天控股,CHINA WANTIAN,,1.1,0.0,0.0,1.1,0.0,0.0,0.0,0,0,1.06,1.1
2026/04/16 10:29:57,01855,中庆股份,ZONQING LTD,,0.35,0.015,4.47761,0.335,0.345,0.385,0.345,246000,87070,0.345,0.35
2026/04/16 10:50:57,01856,依波路,ERNEST BOREL,,1.76,-0.04,-2.22222,1.8,1.76,1.76,1.76,16000,28160,1.7,1.8
2026/04/16 10:51:34,01857,中国光大水务,CEB WATER,,1.45,-0.02,-1.36054,1.47,1.46,1.46,1.45,600000,871160,1.45,1.46
2026/04/16 11:03:31,01858,春立医疗,CHUNLI MEDICAL,,13.44,-0.11,-0.81181,13.55,13.58,13.65,13.19,301750,4023556,13.43,13.45
2026/04/16 11:03:53,01860,汇量科技,MOBVISTA,,15.47,0.5,3.34001,14.97,15.56,15.88,15.27,5378501,83537755,15.42,15.48
2026/04/16 09:00:44,01861,保宝龙科技,PRECIOUS DRAGON,,1.78,0.0,0.0,1.78,0.0,0.0,0.0,0,0,1.7,2.0
2026/04/16 08:55:00,01862,景瑞控股,JINGRUI HLDGS,,0.016,0.0,0.0,0.016,0.0,0.0,0.0,0,0,0.0,0.0
2026/04/16 08:55:00,01863,中国龙天集团,CHI LONGEVITY,,1.37,0.0,0.0,1.37,0.0,0.0,0.0,0,0,0.0,0.0
2026/04/16 10:50:21,01865,鹏高控股集团,PENGO HLDG GP,,0.44,0.0,0.0,0.44,0.44,0.45,0.43,1548000,677880,0.43,0.44
2026/04/16 11:03:34,01866,中国心连心化肥,CHINA XLX FERT,,11.43,0.25,2.23614,11.18,11.64,11.64,10.9,1572000,17489777,11.43,11.47
2026/04/16 11:00:52,01867,标准发展集团,STD DEV GROUP,,0.232,0.0,0.0,0.232,0.0,0.0,0.0,0,0,0.22,0.228
2026/04/16 10:13:15,01868,同方友友,NEO-NEON,,0.33,0.0,0.0,0.33,0.0,0.0,0.0,0,0,0.32,0.33
2026/04/16 10:11:10,01869,猫屎咖啡控股,KAFELAKU COFFEE,,0.105,0.0,0.0,0.105,0.0,0.0,0.0,0,0,0.102,0.112
2026/04/16 10:45:06,01870,益美国际控股,ACME INTL HLDGS,,0.485,-0.005,-1.02041,0.49,0.49,0.495,0.48,110000,53387,0.48,0.485
2026/04/16 10:57:01,01871,向中国际,CHINA ORIENTED,,0.35,0.0,0.0,0.35,0.0,0.0,0.0,0,0,0.34,0.35
2026/04/16 11:04:50,01872,冠轈控股,GUAN CHAO HLDGS,,7.6,-0.15,-1.93548,7.75,7.64,7.85,7.2,980000,7261250,7.34,7.44
2026/04/16 11:04:46,01873,维亚生物,VIVA BIOTECH,,1.95,-0.01,-0.5102,1.96,1.97,1.98,1.93,1381500,2688700,1.94,1.95
2026/04/16 11:03:12,01875,东曜药业－Ｂ,BIODLINK-B,,4.86,-0.07,-1.41988,4.93,4.93,4.93,4.81,334800,1618984,4.84,4.88
2026/04/16 11:04:51,01876,百威亚太,BUD APAC,,7.46,-0.07,-0.92962,7.53,7.53,7.54,7.41,5774700,43106701,7.45,7.46
2026/04/16 11:04:59,01877,君实生物,JUNSHI BIO,,27.86,0.36,1.30909,27.5,27.6,27.98,27.02,2096600,57869048,27.76,27.86
2026/04/16 10:56:22,01878,南戈壁,SOUTHGOBI,,2.09,0.04,1.95122,2.05,2.05,2.09,2.05,146450,301890,2.06,2.08
2026/04/16 11:04:35,01880,中国中免,CTG DUTY-FREE,,66.45,0.75,1.14155,65.7,66.4,66.65,65.8,249300,16507760,66.4,66.45
2026/04/16 11:04:23,01882,海天国际,HAITIAN INT'L,,21.56,-0.14,-0.64516,21.7,21.76,21.96,21.56,541000,11754720,21.56,21.62
2026/04/16 11:04:45,01883,中信国际电讯,CITIC TELECOM,,2.77,-0.01,-0.35971,2.78,2.78,2.8,2.76,408000,1132683,2.76,2.77
2026/04/16 09:30:49,01884,ＥＰＲＩＮＴ集团,EPRINT GROUP,,0.109,0.0,0.0,0.109,0.0,0.0,0.0,0,0,0.097,0.108
2026/04/16 11:05:01,01888,建滔积层板,KB LAMINATES,,26.12,0.34,1.31885,25.78,25.84,26.62,25.04,12945675,335943024,26.08,26.12
2026/04/16 10:55:02,01889,三爱健康集团,SANAI HEALTH GP,,0.32,0.0,0.0,0.32,0.32,0.32,0.32,15000,4800,0.3,0.34
2026/04/16 10:58:22,01890,中国科培,CHINA KEPEI,,1.24,0.03,2.47934,1.21,1.22,1.24,1.22,544000,665660,1.22,1.24
2026/04/16 10:17:37,01891,兴合控股,HENG HUP,,0.139,0.0,0.0,0.139,0.0,0.0,0.0,0,0,0.139,0.148
2026/04/16 11:04:42,01894,恒益控股,HANG YICK HLDGS,,0.28,-0.005,-1.75439,0.285,0.275,0.28,0.275,850000,236950,0.28,0.285
2026/04/16 11:02:19,01895,鑫苑服务,XINYUAN PM,,0.455,0.0,0.0,0.455,0.45,0.455,0.45,42000,19050,0.45,0.455
2026/04/16 11:02:52,01896,猫眼娱乐,MAOYAN ENT,,5.91,0.05,0.85324,5.86,5.86,5.93,5.86,1290800,7623928,5.9,5.91
2026/04/16 09:30:31,01897,美亨实业,MILLIONHOPE IND,,0.48,0.0,0.0,0.48,0.0,0.0,0.0,0,0,0.465,0.54
2026/04/16 11:04:48,01898,中煤能源,CHINA COAL,,13.57,0.04,0.29564,13.53,13.54,13.66,13.39,5523200,74744659,13.56,13.58
2026/04/16 09:48:46,01899,兴达国际,XINGDA INT'L,,1.22,0.0,0.0,1.22,0.0,0.0,0.0,0,0,1.21,1.25
2026/04/16 10:54:34,01900,中国智能交通,CHINA ITS,,0.222,-0.028,-11.2,0.25,0.241,0.241,0.222,380000,88240,0.23,0.247
2026/04/16 09:56:07,01901,飞扬集团,FEIYANG GROUP,,0.305,-0.005,-1.6129,0.31,0.3,0.31,0.3,130000,39170,0.3,0.31
2026/04/16 10:35:28,01903,JBB BUILDERS,JBB BUILDERS,,2.28,-0.02,-0.86957,2.3,2.3,2.3,2.28,4000,9160,2.24,2.29
2026/04/16 10:44:40,01905,海通恒信,HAITONG UT,,0.82,-0.01,-1.20482,0.83,0.83,0.83,0.82,572000,469240,0.82,0.83
2026/04/16 10:59:17,01906,博尼控股,BONNY HLDG,,0.53,0.0,0.0,0.53,0.53,0.55,0.53,1130000,599600,0.52,0.55
2026/04/16 11:04:14,01907,中国旭阳集团,CHINA RISUN GP,,3.09,-0.02,-0.64309,3.11,3.07,3.11,3.06,3863000,11930890,3.08,3.09
2026/04/16 11:03:27,01908,建发国际集团,C&D INTL GROUP,,14.25,0.05,0.35211,14.2,14.2,14.36,14.07,1074546,15235316,14.25,14.27
2026/04/16 10:56:22,01909,火岩控股,FIRE ROCK,,1.98,-0.01,-0.50251,1.99,1.98,1.98,1.98,10000,19800,1.91,1.98
2026/04/16 11:02:07,01910,新秀丽,SAMSONITE,,15.53,0.35,2.30567,15.18,15.18,15.64,15.12,4827300,74116952,15.5,15.53
2026/04/16 11:02:08,01911,华兴资本控股,CR HOLDINGS,,3.67,0.04,1.10193,3.63,3.6,3.68,3.6,66200,239561,3.65,3.67
2026/04/16 09:30:27,01912,康特隆,CONTEL,,0.36,0.0,0.0,0.36,0.0,0.0,0.0,0,0,0.36,0.38
2026/04/16 11:04:50,01913,普拉达,PRADA,,37.62,0.64,1.73067,36.98,37.1,38.68,37.06,931980,34727933,37.62,37.66
2026/04/16 08:55:00,01915,泰和小贷,TAIHE M-FIN,,0.265,0.0,0.0,0.265,0.0,0.0,0.0,0,0,0.0,0.0
2026/04/16 09:00:15,01916,江西银行,JIANGXI BANK,,0.68,0.0,0.0,0.68,0.0,0.0,0.0,0,0,0.68,0.7
2026/04/16 09:54:01,01917,豆盟科技,DOUMOB,,0.11,0.001,0.91743,0.109,0.11,0.11,0.11,40000,4400,0.102,0.111
2026/04/16 11:04:48,01918,融创中国,SUNAC,,1.06,0.0,0.0,1.06,1.07,1.07,1.05,50036000,52754885,1.05,1.06
2026/04/16 11:04:55,01919,中远海控,COSCO SHIP HOLD,,15.07,-0.07,-0.46235,15.14,15.15,15.25,15.02,3512700,53018415,15.07,15.08
2026/04/16 11:04:23,01920,中国网成,CHINA WACAN,,1.05,-0.01,-0.9434,1.06,1.08,1.08,1.05,425000,448750,1.05,1.07
2026/04/16 11:03:30,01921,达力普控股,DALIPAL HLDG,,5.99,0.0,0.0,5.99,6.25,6.25,5.92,2034000,12178680,5.97,5.99
2026/04/16 09:43:18,01925,旷世芳香,KWUNGS AROMA,,1.23,0.0,0.0,1.23,1.23,1.23,1.23,20000,24600,1.23,1.25
2026/04/16 11:03:43,01927,久久王,JIUJIUWANG,,0.145,0.0,0.0,0.145,0.144,0.145,0.144,25000,3620,0.145,0.147
2026/04/16 11:05:00,01928,金沙中国有限公司,SANDS CHINA LTD,,17.33,0.18,1.04956,17.15,17.2,17.39,17.2,1918144,33187809,17.31,17.33
2026/04/16 11:04:28,01929,周大福,CHOW TAI FOOK,,11.39,0.03,0.26409,11.36,11.36,11.48,11.25,5464292,62115274,11.39,11.4
2026/04/16 10:59:23,01930,勋龙,SHINELONG,,0.375,-0.02,-5.06329,0.395,0.38,0.395,0.375,40000,15280,0.37,0.385
2026/04/16 10:57:29,01931,华检医疗,ETHK LABS INC.,,1.04,-0.01,-0.95238,1.05,1.05,1.05,1.03,230000,240380,1.05,1.06
2026/04/16 08:55:00,01932,中漆集团,CPM GROUP,,0.249,0.0,0.0,0.249,0.0,0.0,0.0,0,0,0.0,0.0
2026/04/16 10:23:11,01933,元力控股,ONEFORCE HLDGS,,0.215,0.0,0.0,0.215,0.0,0.0,0.0,0,0,0.214,0.224
2026/04/16 10:43:47,01935,嘉宏教育,JH EDUCATION,,1.24,0.0,0.0,1.24,0.0,0.0,0.0,0,0,1.12,1.23
2026/04/16 10:31:37,01936,利特米,RITAMIX,,0.82,0.04,5.12821,0.78,0.82,0.82,0.82,6000,4920,0.77,0.82
2026/04/16 10:57:49,01937,佳辰控股,JIACHEN HOLDING,,0.147,0.0,0.0,0.147,0.147,0.147,0.147,5000,735,0.146,0.165
2026/04/16 10:51:25,01938,珠江钢管,CHU KONG PIPE,,0.33,0.015,4.76191,0.315,0.315,0.33,0.315,320000,104185,0.325,0.335
2026/04/16 10:59:25,01939,上善黄金,SHANGSHAN GOLD,,0.48,0.02,4.34783,0.46,0.46,0.495,0.45,634000,299310,0.48,0.49
2026/04/16 11:00:42,01940,CGII HLDGS,CGII HLDGS,,1.28,-0.02,-1.53846,1.3,1.28,1.28,1.26,80000,102360,1.26,1.3
2026/04/16 09:11:34,01941,烨星集团,YE XING GROUP,,0.295,0.0,0.0,0.295,0.0,0.0,0.0,0,0,0.285,0.3
2026/04/16 11:02:43,01942,马可数字科技,MOG DIGITECH,,0.215,-0.003,-1.37615,0.218,0.218,0.219,0.212,802000,172394,0.214,0.215
2026/04/16 11:03:42,01943,金石控股集团,KING'S STONE,,0.63,0.0,0.0,0.63,0.62,0.63,0.62,175000,109650,0.62,0.64
2026/04/16 11:00:13,01945,清科控股,ZERO2IPO,,1.53,-0.04,-2.54777,1.57,1.56,1.56,1.49,149600,225780,1.51,1.52
2026/04/16 09:30:09,01947,美皓集团,MEIHAO GROUP,,0.37,0.0,0.0,0.37,0.0,0.0,0.0,0,0,0.345,0.38
2026/04/16 11:04:29,01948,优矩控股,UJU HOLDING,,3.6,0.05,1.40845,3.55,4.5,4.7,3.55,26000,98370,3.64,4.69
2026/04/16 09:32:43,01949,佰达国际控股,PLATT NERA,,0.8,0.0,0.0,0.8,0.0,0.0,0.0,0,0,0.71,0.82
2026/04/16 10:38:21,01950,帝王实业控股,DIWANG IND H,,0.141,-0.006,-4.08163,0.147,0.136,0.141,0.133,968000,130192,0.134,0.14
2026/04/16 11:04:09,01951,锦欣生殖,JXR,,2.4,0.0,0.0,2.4,2.4,2.41,2.38,2958500,7083272,2.39,2.4
2026/04/16 11:04:50,01952,云顶新耀,EVEREST MED,,39.72,-0.66,-1.63447,40.38,40.4,40.4,39.38,1432500,56749035,39.72,39.8
2026/04/16 08:55:00,01953,RIMBACO,RIMBACO,,0.65,0.0,0.0,0.65,0.0,0.0,0.0,0,0,0.0,0.0
2026/04/16 10:45:39,01955,庄臣控股,JOHNSON HLDGS,,0.51,0.0,0.0,0.51,0.51,0.51,0.51,4000,2040,0.51,0.53
2026/04/16 10:30:10,01957,大人国际,MBV INTL,,0.23,0.0,0.0,0.23,0.0,0.0,0.0,0,0,0.223,0.229
2026/04/16 11:02:40,01958,北京汽车,BAIC MOTOR,,1.54,0.0,0.0,1.54,1.54,1.55,1.53,692500,1065670,1.53,1.54
2026/04/16 11:04:28,01959,中聚投资,ZHONG JU INVEST,,4.49,0.19,4.41861,4.3,4.35,4.5,4.34,72000,318780,4.48,4.55
2026/04/16 09:00:05,01960,TBKS HLDGS,TBKS HLDGS,,0.405,0.0,0.0,0.405,0.0,0.0,0.0,0,0,0.39,0.415
2026/04/16 08:55:00,01961,多牛科技,INFINITIES TECH,,0.099,0.0,0.0,0.099,0.0,0.0,0.0,0,0,0.0,0.0
2026/04/16 09:44:00,01962,训修实业,EVERGREEN PG,,0.47,0.0,0.0,0.47,0.0,0.0,0.0,0,0,0.455,0.47
2026/04/16 11:03:30,01963,重庆银行,BCQ,,8.16,-0.05,-0.60901,8.21,8.23,8.23,8.13,262000,2141150,8.14,8.16
2026/04/16 09:30:28,01965,朗诗绿色生活,LANDSEA LIFE,,0.137,0.0,0.0,0.137,0.0,0.0,0.0,0,0,0.126,0.136
2026/04/16 11:03:49,01966,中骏集团控股,CHINA SCE GROUP,,0.063,-0.001,-1.5625,0.064,0.062,0.063,0.062,949000,59287,0.061,0.063
2026/04/16 09:48:32,01967,信恳智能,CONFIDENCE IN,,0.39,0.0,0.0,0.39,0.0,0.0,0.0,3000,1155,0.38,0.39
2026/04/16 09:30:06,01968,兴纺控股,HINGTEX HLDGS,,0.169,0.0,0.0,0.169,0.0,0.0,0.0,0,0,0.17,0.179
2026/04/16 11:01:34,01969,中国春来,CHINA CHUNLAI,,1.4,0.01,0.71942,1.39,1.43,1.43,1.38,374000,526470,1.4,1.42
2026/04/16 10:44:59,01970,IMAX CHINA,IMAX CHINA,,8.2,0.35,4.4586,7.85,7.9,8.2,7.8,20300,160193,7.9,8.05
2026/04/16 09:30:04,01971,弘阳服务,RSUN SER,,0.38,0.0,0.0,0.38,0.0,0.0,0.0,0,0,0.34,0.38
2026/04/16 11:05:02,01972,太古地产,SWIREPROPERTIES,,24.76,0.02,0.08084,24.74,24.38,24.88,24.38,309830,7651035,24.72,24.76
2026/04/16 09:58:57,01973,天图投资,TIAN TU CAPITAL,,2.6,0.0,0.0,2.6,0.0,0.0,0.0,0,0,2.31,2.6
2026/04/16 10:49:05,01975,新兴印刷,SUN HING PRINT,,0.39,0.005,1.2987,0.385,0.39,0.39,0.39,16000,6240,0.39,0.4
2026/04/16 09:30:54,01977,安乐工程,ANALOGUE HLDGS,,1.0,0.0,0.0,1.0,0.0,0.0,0.0,0,0,0.99,1.03
2026/04/16 09:04:36,01978,叙福楼集团,LH GROUP,,0.32,0.0,0.0,0.32,0.0,0.0,0.0,0,0,0.32,0.34
2026/04/16 10:00:54,01979,天宝集团,TEN PAO GROUP,,2.46,0.01,0.40816,2.45,2.48,2.48,2.46,48000,118360,2.44,2.47
2026/04/16 11:01:02,01980,天鸽互动,TIANGE,,0.71,0.0,0.0,0.71,0.0,0.0,0.0,14000,9800,0.7,0.71
2026/04/16 10:41:25,01981,华夏控股,CATHAY GP HLDGS,,0.82,-0.02,-2.38095,0.84,0.83,0.83,0.82,72000,59740,0.82,0.84
2026/04/16 09:40:17,01982,南旋控股,NAMESON HLDGS,,1.02,0.0,0.0,1.02,0.0,0.0,0.0,0,0,1.02,1.04
2026/04/16 09:30:26,01983,泸州银行,LUZHOU BANK,,2.32,0.0,0.0,2.32,0.0,0.0,0.0,0,0,2.26,2.49
2026/04/16 10:40:31,01985,美高域,MICROWARE,,1.32,0.02,1.53846,1.3,1.32,1.32,1.32,2000,2640,1.32,1.35
2026/04/16 10:59:56,01986,彩客新能源,TSAKER NE,,0.8,0.0,0.0,0.8,0.81,0.81,0.8,212500,171970,0.8,0.81
2026/04/16 10:43:33,01987,BENG SOON MACH,BENG SOON MACH,,0.21,0.0,0.0,0.21,0.21,0.21,0.21,40000,8580,0.211,0.219
2026/04/16 11:04:53,01988,民生银行,MINSHENG BANK,,3.64,-0.02,-0.54645,3.66,3.66,3.66,3.62,7010504,25471992,3.63,3.64
2026/04/16 11:05:03,01989,广合科技,DELTON,,131.4,3.1,2.41621,128.3,128.2,133.4,128.0,740362,97349783,131.39999,131.5
2026/04/16 08:55:00,01991,大洋集团,TA YANG GROUP,,0.58,0.0,0.0,0.58,0.0,0.0,0.0,0,0,0.0,0.0
2026/04/16 09:48:59,01993,雅仕维,ASIARAY,,0.65,0.07,12.06897,0.58,0.65,0.65,0.65,500,325,0.55,0.65
2026/04/16 10:57:23,01995,永升服务,ES SERVICES,,1.91,-0.02,-1.03627,1.93,1.93,1.93,1.9,540000,1030010,1.9,1.91
2026/04/16 09:30:26,01996,弘阳地产,RSUN PPT,,0.024,0.0,0.0,0.024,0.0,0.0,0.0,0,0,0.023,0.027
2026/04/16 11:02:37,01997,九龙仓置业,WHARF REIC,,24.08,0.16,0.6689,23.92,23.74,24.12,23.66,1918677,46006222,24.06,24.08
2026/04/16 11:04:58,01999,敏华控股,MAN WAH HLDGS,,4.22,-0.02,-0.4717,4.24,4.28,4.3,4.2,4582400,19387676,4.22,4.23
2026/04/16 10:14:59,02000,晨讯科技,SIM TECH,,0.29,0.0,0.0,0.29,0.0,0.0,0.0,0,0,0.28,0.31
2026/04/16 10:55:48,02001,新高教集团,NEW HIGHER EDU,,0.73,-0.01,-1.35135,0.74,0.74,0.74,0.73,572074,420442,0.73,0.74
2026/04/16 09:52:10,02002,阳光纸业,SUNSHINE PAPER,,1.05,0.0,0.0,1.05,0.0,0.0,0.0,0,0,1.01,1.09
2026/04/16 10:19:24,02003,维信金科,VCREDIT,,1.25,0.03,2.45902,1.22,1.25,1.25,1.25,59200,74000,1.24,1.29
2026/04/16 10:53:04,02005,石四药集团,SSY GROUP,,2.49,-0.02,-0.79681,2.51,2.5,2.5,2.48,632000,1574970,2.49,2.5
2026/04/16 11:04:35,02007,碧桂园,COUNTRY GARDEN,,0.295,0.0,0.0,0.295,0.295,0.3,0.29,70191999,20682914,0.29,0.295
2026/04/16 10:53:50,02008,凤凰卫视,PHOENIX TV,,1.72,-0.07,-3.91062,1.79,1.73,1.73,1.71,61000,104940,1.72,1.77
2026/04/16 10:56:08,02009,金隅集团,BBMG,,0.78,-0.01,-1.26582,0.79,0.79,0.79,0.78,3612000,2818520,0.78,0.79
2026/04/16 11:04:58,02011,进腾集团,GILSTON GROUP,,1.2,0.0,0.0,1.2,0.0,0.0,0.0,0,0,1.12,1.36
2026/04/16 11:04:16,02012,阳光油砂,SUNSHINE OIL,,0.355,0.01,2.89855,0.345,0.35,0.355,0.35,778000,273980,0.35,0.36
2026/04/16 11:05:02,02013,微盟集团,WEIMOB INC,,1.59,0.04,2.58065,1.55,1.57,1.6,1.55,22698000,35951415,1.59,1.6
2026/04/16 11:04:49,02015,理想汽车－Ｗ,LI AUTO-W,,71.5,0.6,0.84626,70.9,70.95,72.15,70.95,3242361,232213718,71.45,71.5
2026/04/16 11:04:47,02016,浙商银行,CZBANK,,2.43,0.0,0.0,2.43,2.43,2.44,2.42,1730000,4208154,2.43,2.44
2026/04/16 10:53:52,02017,沧海控股,CHANHIGH,,0.209,0.0,0.0,0.209,0.209,0.209,0.209,60000,12540,0.208,0.215
2026/04/16 11:04:56,02018,瑞声科技,AAC TECH,,36.22,0.18,0.49945,36.04,36.1,36.48,36.02,777048,28140026,36.2,36.22
2026/04/16 11:04:59,02020,安踏体育,ANTA SPORTS,,84.0,0.25,0.29851,83.75,84.9,84.9,83.85,2519490,212307887,83.95,84.0
2026/04/16 10:05:46,02022,游莱互动,DIGIT HOLLYWOOD,,0.048,0.0,0.0,0.048,0.0,0.0,0.0,0,0,0.045,0.049
2026/04/16 09:52:11,02023,中国绿岛科技,CHINA LUDAO,,0.73,-0.01,-1.35135,0.74,0.72,0.74,0.69,156000,111120,0.71,0.73
2026/04/16 10:53:29,02025,瑞丰动力,RUIFENG POWER,,10.99,0.15,1.38376,10.84,11.09,11.09,10.92,118000,1305880,0.0,11.0
2026/04/16 11:01:32,02026,小马智行－Ｗ,PONY-W,,88.0,7.95,9.93129,80.05,85.05,88.5,85.05,376400,32672405,88.0,88.1
2026/04/16 10:42:20,02028,映美控股,JOLIMARK,,0.119,0.0,0.0,0.119,0.0,0.0,0.0,0,0,0.119,0.137
2026/04/16 09:35:23,02030,卡宾,CABBEEN,,1.31,0.0,0.0,1.31,0.0,0.0,0.0,0,0,1.31,1.32
2026/04/16 10:51:29,02031,澳至尊,AUSUPREME,,0.34,-0.015,-4.22535,0.355,0.345,0.345,0.335,290000,97550,0.34,0.345
2026/04/16 09:30:27,02033,时计宝,TIME WATCH,,0.29,0.0,0.0,0.29,0.0,0.0,0.0,0,0,0.285,0.315
2026/04/16 11:03:25,02038,富智康集团,FIH,,21.2,0.08,0.37879,21.12,21.36,21.5,20.88,200742,4254358,21.08,21.18
2026/04/16 11:04:19,02039,中集集团,CIMC,,10.82,-0.04,-0.36832,10.86,10.84,11.05,10.74,565100,6124983,10.8,10.83
2026/04/16 10:59:13,02048,易居企业控股,E-HOUSE ENT,,0.063,0.0,0.0,0.063,0.0,0.0,0.0,0,0,0.058,0.063
2026/04/16 11:04:27,02050,三花智控,SANHUA,,31.5,0.46,1.48196,31.04,31.72,32.74,31.4,7306344,232867124,31.48,31.5
2026/04/16 10:59:32,02051,VALA,VALA,,0.66,0.01,1.53846,0.65,0.66,0.66,0.65,1040000,678400,0.64,0.66
2026/04/16 11:04:29,02057,中通快递－Ｗ,ZTO EXPRESS-W,,198.7,-0.7,-0.35105,199.4,200.2,204.8,198.4,601250,119939270,198.60001,198.7
2026/04/16 11:02:52,02068,中铝国际,CHALIECO,,2.65,0.0,0.0,2.65,2.67,2.67,2.65,3260000,8670850,2.65,2.66
2026/04/16 10:59:06,02076,ＢＯＳＳ直聘－Ｗ,BOSS ZHIPIN-W,,55.05,2.65,5.05725,52.4,54.7,55.05,54.65,62236,3411786,55.0,55.05
2026/04/16 10:50:14,02078,荣阳实业,PANASIALUM,,0.129,-0.001,-0.76923,0.13,0.115,0.129,0.115,12000,1408,0.115,0.129
2026/04/16 11:02:25,02080,奥克斯国际,AUX INTL,,0.255,0.0,0.0,0.255,0.0,0.0,0.0,0,0,0.25,0.255
2026/04/16 09:30:51,02086,高维科技,LEADWAY TECH,,0.405,0.0,0.0,0.405,0.0,0.0,0.0,0,0,0.3,0.475
2026/04/16 08:55:00,02088,西王置业,XIWANG PROPERTY,,0.038,0.0,0.0,0.038,0.0,0.0,0.0,0,0,0.0,0.0
2026/04/16 11:04:36,02096,先声药业,SIMCERE PHARMA,,13.83,-0.14,-1.00215,13.97,13.98,13.98,13.64,1981000,27328926,13.79,13.84
2026/04/16 11:04:25,02097,蜜雪集团,MIXUE GROUP,,291.0,3.2,1.11188,287.8,292.0,292.8,286.4,167500,48466159,291.0,291.20001
2026/04/16 10:09:07,02098,卓尔智联,ZALL SMARTCOM,,0.1,-0.001,-0.9901,0.101,0.1,0.1,0.1,193000,19300,0.1,0.102
2026/04/16 11:03:47,02099,中国黄金国际,CHINAGOLDINTL,,188.6,0.6,0.31915,188.0,188.0,190.0,186.6,247145,46473982,188.39999,188.5
2026/04/16 11:04:27,02100,百奥家庭互动,BAIOO,,0.52,0.01,1.96078,0.51,0.51,0.52,0.5,3944000,2018640,0.51,0.52
2026/04/16 09:39:09,02101,福禄控股,FULU HOLDINGS,,1.18,0.0,0.0,1.18,0.0,0.0,0.0,0,0,1.18,1.27
2026/04/16 10:22:33,02102,德利机械,TAK LEE MACH,,0.295,0.0,0.0,0.295,0.295,0.295,0.295,60000,17700,0.29,0.295
2026/04/16 11:04:22,02105,来凯医药－Ｂ,LAEKNA-B,,17.99,0.49,2.8,17.5,17.85,18.26,17.22,1384500,24657477,17.94,17.99
2026/04/16 10:41:17,02107,第一服务控股,FIRST SERVICE,,0.183,-0.003,-1.6129,0.186,0.184,0.184,0.174,80000,14100,0.171,0.183
2026/04/16 11:01:04,02108,K2 F&B,K2 F&B,,0.42,-0.005,-1.17647,0.425,0.425,0.47,0.42,252000,113140,0.42,0.465
2026/04/16 11:04:05,02110,天成控股,TIAN CHENG HLDG,,0.162,0.057,54.28571,0.105,0.12,0.185,0.12,80720000,13026305,0.162,0.164
2026/04/16 10:12:35,02111,超盈国际控股,BEST PACIFIC,,2.85,-0.03,-1.04167,2.88,2.89,2.89,2.85,96000,274500,2.85,2.88
2026/04/16 11:03:58,02112,恩典生命科技,GRACE LIFE-TECH,,0.077,-0.006,-7.22892,0.083,0.078,0.083,0.077,1290000,101258,0.077,0.082
2026/04/16 10:09:36,02113,世纪集团国际,CENTURY GP INTL,,0.063,0.0,0.0,0.063,0.0,0.0,0.0,0,0,0.058,0.069
2026/04/16 10:44:04,02116,江苏创新,JS INNOV,,0.69,0.0,0.0,0.69,0.69,0.69,0.69,4000,2760,0.68,0.69
2026/04/16 09:00:38,02119,捷荣国际控股,TSIT WING INTL,,0.49,0.0,0.0,0.49,0.0,0.0,0.0,0,0,0.49,0.5
2026/04/16 10:22:21,02120,康宁医院,KN HOSPITAL,,9.0,0.0,0.0,9.0,9.0,9.0,9.0,100,900,9.0,9.29
2026/04/16 11:04:19,02121,创新奇智,AINNOVATION,,4.83,-0.04,-0.82136,4.87,5.05,5.05,4.78,704000,3400252,4.82,4.83
2026/04/16 10:54:42,02122,凯知乐国际,KIDSLAND INTL,,0.153,0.008,5.51724,0.145,0.145,0.154,0.139,154000,22714,0.144,0.153
2026/04/16 10:54:09,02125,稻草熊娱乐,STRAWBEAR ENT,,0.35,0.0,0.0,0.35,0.35,0.35,0.345,698000,244135,0.345,0.35
2026/04/16 11:04:10,02126,药明巨诺－Ｂ,JW THERAP-B,,2.43,0.06,2.53165,2.37,2.37,2.43,2.3,476000,1133055,2.4,2.44
2026/04/16 08:55:00,02127,汇森股份,HUISEN SHARES,,0.02,0.0,0.0,0.02,0.0,0.0,0.0,0,0,0.0,0.0
2026/04/16 11:04:23,02128,中国联塑,CHINA LESSO,,4.75,-0.07,-1.45228,4.82,4.76,4.86,4.73,5365000,25566280,4.75,4.77
2026/04/16 11:04:19,02129,LEGION CONSO,LEGION CONSO,,0.154,-0.007,-4.34783,0.161,0.153,0.154,0.152,310000,47440,0.155,0.159
2026/04/16 10:46:42,02130,嘉泓物流,CN LOGISTICS,,3.27,0.04,1.23839,3.23,3.27,3.27,3.23,11000,36100,3.24,3.27
2026/04/16 08:55:00,02131,云想科技,NETJOY,,0.455,0.0,0.0,0.455,0.0,0.0,0.0,0,0,0.0,0.0
2026/04/16 10:22:12,02132,誉燊丰控股,LANDRICH HLDG,,0.137,0.0,0.0,0.137,0.0,0.0,0.0,0,0,0.137,0.149
2026/04/16 10:00:41,02135,瑞丽医美,RAILY AESMED,,0.147,0.0,0.0,0.147,0.0,0.0,0.0,2000,270,0.14,0.147
2026/04/16 10:58:15,02136,利福中国,LIFESTYLE CHI,,0.64,-0.01,-1.53846,0.65,0.65,0.65,0.64,50500,32325,0.63,0.66
2026/04/16 11:01:24,02137,腾盛博药－Ｂ,BRII-B,,1.42,0.0,0.0,1.42,1.42,1.44,1.42,208500,297465,1.42,1.43
2026/04/16 10:47:24,02138,医思健康,EC HEALTHCARE,,0.47,0.0,0.0,0.47,0.475,0.475,0.47,90000,42465,0.47,0.475
2026/04/16 11:02:39,02139,甘肃银行,BANK OF GANSU,,0.335,-0.005,-1.47059,0.34,0.34,0.34,0.33,3473000,1162740,0.335,0.34
2026/04/16 11:03:58,02142,和铂医药－Ｂ,HBM HOLDINGS-B,,14.4,-0.08,-0.55249,14.48,14.52,14.59,14.21,858000,12370394,14.41,14.46
2026/04/16 11:04:20,02145,上美股份,CHICMAX,,47.6,0.66,1.40605,46.94,47.76,48.0,46.82,276000,13084768,47.52,47.68
2026/04/16 09:42:36,02146,荣万家,ROISERV,,1.18,0.0,0.0,1.18,0.0,0.0,0.0,0,0,1.06,1.27
2026/04/16 10:19:48,02147,正味集团,ZHENGWEI GROUP,,0.6,0.0,0.0,0.6,0.0,0.0,0.0,0,0,0.52,0.6
2026/04/16 10:54:11,02149,贝克微,BATELAB,,34.4,0.0,0.0,34.4,34.4,34.4,34.4,7300,251120,33.58,34.78
2026/04/16 11:02:41,02150,奈雪的茶,NAYUKI,,0.81,0.02,2.53165,0.79,0.79,0.82,0.79,369000,297910,0.81,0.82
2026/04/16 10:31:20,02152,苏新服务,SUXIN SERVICES,,4.7,0.0,0.0,4.7,0.0,0.0,0.0,0,0,4.68,4.72
2026/04/16 10:33:12,02153,达丰设备,TAT HONG EQUIP,,0.89,0.0,0.0,0.89,0.0,0.0,0.0,0,0,0.89,0.94
2026/04/16 11:04:31,02155,森松国际,MORIMATSU INTL,,6.87,-0.05,-0.72254,6.92,7.0,7.02,6.75,1691938,11593916,6.87,6.88
2026/04/16 09:41:00,02156,建发物业,C&D PROPERTY,,2.85,0.0,0.0,2.85,0.0,0.0,0.0,0,0,2.86,2.93
2026/04/16 11:04:51,02157,乐普生物－Ｂ,LEPU BIO-B,,6.32,0.12,1.93548,6.2,6.2,6.41,6.14,9737000,61115600,6.32,6.33
2026/04/16 11:04:28,02158,医渡科技,YIDU TECH,,5.7,0.08,1.42349,5.62,5.7,5.74,5.62,2374700,13492849,5.67,5.71
2026/04/16 10:51:26,02159,麦迪卫康,MEDIWELCOME,,1.5,0.0,0.0,1.5,1.5,1.5,1.5,8000,12000,1.49,1.58
2026/04/16 11:01:37,02160,微创心通－Ｂ,MP CARDIOFLOW-B,,2.98,-0.04,-1.3245,3.02,3.02,3.04,2.97,293400,880232,2.98,2.99
2026/04/16 10:47:19,02161,健倍苗苗,JBM HEALTHCARE,,2.65,0.01,0.37879,2.64,2.65,2.65,2.65,25518,67531,2.64,2.65
2026/04/16 11:04:47,02162,康诺亚－Ｂ,KEYMED BIO-B,,81.0,1.7,2.14376,79.3,79.3,81.85,78.05,1247307,100163118,80.65,81.05
2026/04/16 08:55:00,02163,远大住工,BROAD HOMES,,0.6,0.0,0.0,0.6,0.0,0.0,0.0,0,0,0.0,0.0
2026/04/16 09:30:13,02165,领悦服务集团,LING YUE SER GP,,1.74,0.0,0.0,1.74,0.0,0.0,0.0,0,0,1.69,1.77
2026/04/16 10:48:38,02166,芯智控股,SMART-CORE,,2.82,0.01,0.35587,2.81,2.77,2.82,2.77,66000,184840,2.78,2.81
2026/04/16 10:21:55,02167,天润云,TI CLOUD,,3.5,0.0,0.0,3.5,3.5,3.5,3.5,200,700,3.51,3.68
2026/04/16 10:23:35,02168,佳兆业美好,KAISA PROSPER,,1.07,-0.01,-0.92593,1.08,1.07,1.07,1.07,11250,12037,1.08,1.11
2026/04/16 10:37:07,02169,沧港铁路,CANGGANGRAILWAY,,0.58,0.0,0.0,0.58,0.57,0.59,0.57,154000,89180,0.57,0.58
2026/04/16 09:36:53,02170,贝康医疗－Ｂ,BASECARE-B,,1.98,0.0,0.0,1.98,0.0,0.0,0.0,0,0,1.95,2.06
2026/04/16 11:05:00,02171,科济药业－Ｂ,CARSGEN-B,,24.5,2.5,11.36364,22.0,22.18,24.98,22.0,6002100,142604372,24.48,24.52
2026/04/16 11:05:02,02172,微创脑科学,MICROPORT NEURO,,11.09,-0.1,-0.89366,11.19,11.16,11.2,11.04,646000,7177410,11.13,11.16
2026/04/16 10:58:04,02175,中国通才教育,CH GENERAL EDU,,3.22,-0.08,-2.42424,3.3,3.47,3.47,3.09,179000,592740,3.11,3.27
2026/04/16 11:03:56,02176,赛迪顾问,CCID CONSULTING,,0.97,0.0,0.0,0.97,0.97,0.97,0.97,20000,19400,0.96,0.98
2026/04/16 11:00:19,02177,优趣汇控股,UNQ HOLDINGS,,2.68,0.13,5.09804,2.55,2.68,2.68,2.68,12800,34304,2.6,2.68
2026/04/16 11:05:00,02178,百勤油服,PETRO-KING,,0.231,-0.003,-1.28205,0.234,0.235,0.235,0.228,1230000,283322,0.23,0.231
2026/04/16 09:30:05,02179,瑞科生物－Ｂ,RECBIO-B,,5.11,0.0,0.0,5.11,0.0,0.0,0.0,0,0,0.0,5.18
2026/04/16 10:02:06,02180,万宝盛华,MANPOWER GRC,,5.55,0.0,0.0,5.55,0.0,0.0,0.0,0,0,5.56,5.59
2026/04/16 09:45:16,02181,迈博药业－Ｂ,MABPHARM-B,,0.435,0.0,0.0,0.435,0.435,0.435,0.435,20000,8610,0.435,0.445
2026/04/16 09:30:17,02182,天长集团,TIAN CHANG GP,,0.32,0.0,0.0,0.32,0.0,0.0,0.0,0,0,0.325,0.365
2026/04/16 11:04:25,02185,百心安－Ｂ,BIOHEART-B,,4.61,0.4,9.50119,4.21,4.4,4.61,4.36,240400,1073443,4.6,4.64
2026/04/16 11:05:02,02186,绿叶制药,LUYE PHARMA,,2.96,-0.07,-2.31023,3.03,3.04,3.04,2.94,10216000,30333067,2.95,2.96
2026/04/16 10:14:55,02187,智欣集团控股,ZHIXIN GP HLDG,,0.87,0.03,3.57143,0.84,0.87,0.87,0.87,2000,1740,0.86,0.87
2026/04/16 10:44:48,02188,泰坦能源技术,TITANS ENERGY,,0.13,0.001,0.77519,0.129,0.13,0.13,0.13,22000,2860,0.126,0.13
2026/04/16 10:03:49,02189,嘉涛（香港）控股,KATO (HK) HLDGS,,0.48,0.0,0.0,0.48,0.48,0.48,0.465,102993,49316,0.465,0.48
2026/04/16 11:03:11,02190,归创通桥,ZYLOXTB,,23.7,-0.5,-2.06612,24.2,24.16,24.3,23.56,174500,4154530,23.66,23.72
2026/04/16 11:04:26,02192,医脉通,MEDLIVE,,9.28,0.26,2.88248,9.02,9.1,9.3,9.02,981000,9027800,9.24,9.28
2026/04/16 10:13:23,02193,万景控股,MAN KING HOLD,,0.32,-0.02,-5.88235,0.34,0.32,0.325,0.32,88000,28540,0.32,0.34
2026/04/16 11:01:41,02195,盈汇企业控股,UNITY ENT,,0.335,-0.025,-6.94444,0.36,0.35,0.35,0.315,411400,135560,0.31,0.335
2026/04/16 11:04:35,02196,复星医药,FOSUN PHARMA,,20.36,-0.34,-1.64251,20.7,20.7,20.76,20.22,1388000,28304475,20.34,20.38
2026/04/16 11:04:01,02197,三叶草生物－Ｂ,CLOVER BIO-B,,3.0,-0.1,-3.22581,3.1,3.1,3.1,2.95,2507000,7500922,3.0,3.01
2026/04/16 11:03:54,02198,中国三江化工,CHINA SANJIANG,,5.17,-0.01,-0.19305,5.18,5.18,5.2,5.02,3555000,18087970,5.14,5.17
2026/04/16 11:04:40,02199,维珍妮,REGINA MIRACLE,,2.0,0.0,0.0,2.0,2.0,2.0,1.99,68000,135950,1.99,2.01
2026/04/16 11:04:32,02202,万科企业,CHINA VANKE,,3.02,0.02,0.66667,3.0,3.01,3.05,3.0,3467100,10474227,3.02,3.03
2026/04/16 10:59:57,02203,脑洞科技,BRAINHOLE TECH,,0.166,0.003,1.84049,0.163,0.166,0.166,0.166,20000,3320,0.166,0.174
2026/04/16 10:36:38,02205,康桥悦生活,KANGQIAO SER,,1.17,0.0,0.0,1.17,0.0,0.0,0.0,0,0,1.01,1.17
2026/04/16 11:05:03,02208,金风科技,GOLDWIND,,15.1,0.13,0.8684,14.97,15.2,15.4,15.0,11075490,167812750,15.09,15.1
2026/04/16 11:04:09,02209,喆丽控股,YESASIA HLDGS,,3.48,-0.05,-1.41643,3.53,3.53,3.53,3.45,78000,273120,3.48,3.52
2026/04/16 10:36:07,02210,京城佳业,BEIJING JIAYE,,2.52,0.14,5.88235,2.38,2.49,2.52,2.49,268400,690016,2.39,2.52
2026/04/16 09:40:31,02211,大健康国际,UNI HEALTH,,0.54,0.0,0.0,0.54,0.0,0.0,0.0,0,0,0.54,0.56
2026/04/16 09:30:25,02212,高鹏矿业,FB MINING,,0.16,0.0,0.0,0.16,0.0,0.0,0.0,0,0,0.148,0.175
2026/04/16 09:12:46,02215,德信服务集团,DEXIN SER GROUP,,0.28,0.0,0.0,0.28,0.0,0.0,0.0,0,0,0.26,0.285
2026/04/16 10:49:31,02216,堃博医疗－Ｂ,BRONCUS-B,,1.42,0.05,3.64964,1.37,1.36,1.42,1.36,1000,1390,1.36,1.42
2026/04/16 11:04:06,02218,安德利果汁,ANDRE JUICE,,16.15,0.42,2.67006,15.73,15.73,16.18,15.73,406500,6516050,16.15,16.18
2026/04/16 11:04:38,02219,朝聚眼科,CHAOJU EYE CARE,,2.85,0.0,0.0,2.85,2.84,2.85,2.82,41500,117745,2.84,2.85
2026/04/16 10:23:40,02221,创业集团控股,NEW CONCEPTS,,0.95,0.0,0.0,0.95,0.0,0.0,0.0,1200,1092,0.94,0.95
2026/04/16 10:07:50,02222,雷士国际,NVC INTL,,0.65,0.0,0.0,0.65,0.0,0.0,0.0,0,0,0.64,0.67
2026/04/16 09:36:34,02223,卡撒天娇,CASABLANCA,,0.98,0.0,0.0,0.98,0.0,0.0,0.0,0,0,0.93,0.97
2026/04/16 11:04:44,02225,今海医疗科技,JINHAI MED TECH,,3.21,0.38,13.42756,2.83,2.84,3.26,2.84,6700000,21028750,3.18,3.21
2026/04/16 09:30:10,02226,老恒和酿造,HONWORLD GP,,0.42,0.0,0.0,0.42,0.0,0.0,0.0,0,0,0.4,0.42
2026/04/16 10:17:08,02227,守益控股,SOLIS HOLDINGS,,0.31,0.0,0.0,0.31,0.0,0.0,0.0,0,0,0.29,0.325
2026/04/16 11:04:45,02228,晶泰控股,XTALPI,,10.28,0.15,1.48075,10.13,10.26,10.37,10.08,24491070,250376926,10.28,10.29
2026/04/16 10:43:37,02230,羚邦集团,MEDIALINK GROUP,,0.233,0.003,1.30435,0.23,0.23,0.233,0.23,270000,62480,0.233,0.234
2026/04/16 11:04:32,02231,景业名邦集团,JY GRANDMARK,,0.038,0.001,2.7027,0.037,0.037,0.038,0.037,524000,19662,0.037,0.038
2026/04/16 11:04:27,02232,晶苑国际,CRYSTAL INTL,,6.29,0.08,1.28825,6.21,6.21,6.33,6.2,244500,1533383,6.28,6.3
2026/04/16 11:04:34,02233,西部水泥,WESTCHINACEMENT,,2.47,-0.02,-0.80321,2.49,2.49,2.52,2.45,11228000,27806200,2.46,2.47
2026/04/16 11:01:31,02235,微泰医疗－Ｂ,MICROTECH MED-B,,7.4,-0.03,-0.40377,7.43,7.53,7.59,7.38,55800,417510,7.41,7.44
2026/04/16 10:46:32,02236,惠生工程,WISON ENGRG,,0.59,0.01,1.72414,0.58,0.6,0.6,0.57,236000,135180,0.57,0.59
2026/04/16 09:51:51,02237,中国石墨,CHINA GRAPHITE,,0.305,0.0,0.0,0.305,0.305,0.31,0.305,400000,122150,0.305,0.31
2026/04/16 11:01:52,02238,广汽集团,GAC GROUP,,3.15,0.04,1.28617,3.11,3.12,3.16,3.12,4361200,13708008,3.14,3.15
2026/04/16 09:48:04,02239,国微控股,SMIT,,0.75,0.0,0.0,0.75,0.0,0.0,0.0,0,0,0.7,0.76
2026/04/16 11:04:42,02245,力勤资源,LYGEND RESOURCE,,14.57,-0.29,-1.95155,14.86,14.88,15.19,14.46,4419200,65361927,14.55,14.57
2026/04/16 10:15:25,02246,快狗打车,GOGOX,,1.96,0.0,0.0,1.96,0.0,0.0,0.0,0,0,1.95,2.04
2026/04/16 10:18:27,02250,小黄鸭德盈,B.DUCK SEMK,,0.63,0.01,1.6129,0.62,0.63,0.64,0.63,73000,46000,0.63,0.64
2026/04/16 11:04:11,02251,鹰瞳科技－Ｂ,AIRDOC-B,,12.3,0.5,4.23729,11.8,12.1,12.3,12.1,300,3660,12.0,12.29
2026/04/16 11:04:41,02252,微创机器人－Ｂ,MEDBOT-B,,33.88,1.42,4.37462,32.46,32.46,34.0,32.46,4561160,152310765,33.88,33.9
2026/04/16 11:02:17,02255,海昌海洋公园,HAICHANG HLDG,,0.48,0.0,0.0,0.48,0.485,0.485,0.475,3837000,1833370,0.475,0.48
2026/04/16 10:52:28,02256,和誉－Ｂ,ABBISKO-B,,13.59,0.05,0.36928,13.54,13.8,13.8,13.31,284000,3839790,13.53,13.62
2026/04/16 11:02:39,02257,圣诺医药－Ｂ,SIRNAOMICS-B,,7.63,-0.15,-1.92802,7.78,7.78,7.78,7.27,64350,478523,7.46,7.61
2026/04/16 09:30:45,02258,华滋国际海洋,WATTS INT'L,,0.189,0.0,0.0,0.189,0.0,0.0,0.0,0,0,0.188,0.21
2026/04/16 11:04:43,02259,紫金黄金国际,ZIJIN GOLD INTL,,179.7,0.5,0.27902,179.2,182.5,182.5,176.1,1093143,194899228,179.60001,179.7
2026/04/16 10:26:13,02260,环龙控股,VANOV HOLDINGS,,1.21,0.0,0.0,1.21,0.0,0.0,0.0,0,0,1.21,1.38
2026/04/16 09:00:46,02262,梁志天设计集团,SLD GROUP,,0.76,0.0,0.0,0.76,0.0,0.0,0.0,0,0,0.76,0.8
2026/04/16 11:04:33,02263,富石金融,FU SHEK FIN,,0.4,0.09,29.03226,0.31,0.32,0.415,0.32,10220000,3823850,0.385,0.4
2026/04/16 11:02:01,02265,鸿承环保科技,HC ENV TECH,,1.43,-0.07,-4.66667,1.5,1.5,1.5,1.42,185000,268700,1.42,1.47
2026/04/16 09:31:07,02266,黎氏企业,LAI SI ENT,,0.39,0.0,0.0,0.39,0.0,0.0,0.0,0,0,0.38,0.39
2026/04/16 11:04:41,02268,药明合联,WUXI XDC,,64.0,0.0,0.0,64.0,64.6,64.6,63.3,604012,38550753,63.9,64.0
2026/04/16 11:04:41,02269,药明生物,WUXI BIO,,37.46,0.46,1.24324,37.0,37.38,37.72,36.8,8782324,326987650,37.44,37.46
2026/04/16 08:55:00,02270,德商产投服务,DESUN SERVICES,,4.16,0.0,0.0,4.16,0.0,0.0,0.0,0,0,0.0,0.0
2026/04/16 10:24:33,02271,众安智慧生活,ZHONGAN SERVICE,,2.85,-0.02,-0.69686,2.87,2.85,2.85,2.85,26000,74180,2.85,2.87
2026/04/16 11:00:27,02273,固生堂,GUSHENGTANG,,27.7,-0.28,-1.00072,27.98,28.08,28.08,27.5,262800,7286036,27.7,27.84
2026/04/16 11:04:19,02276,康耐特光学,CONANT OPTICAL,,46.38,-0.7,-1.48683,47.08,47.08,47.98,45.8,414000,19169306,46.38,46.4
2026/04/16 10:51:34,02279,雍禾医疗,YONGHE MEDICAL,,2.1,0.01,0.47847,2.09,2.09,2.12,2.05,223000,463195,2.09,2.11
2026/04/16 08:55:00,02280,慧聪集团,HC GROUP,,0.206,0.0,0.0,0.206,0.0,0.0,0.0,0,0,0.0,0.0
2026/04/16 10:51:35,02281,兴泸水务,XINGLU WATER,,0.71,0.02,2.89855,0.69,0.69,0.71,0.69,16000,11080,0.68,0.71
2026/04/16 11:04:41,02282,美高梅中国,MGM CHINA,,11.21,0.15,1.35624,11.06,11.08,11.34,11.08,2073200,23239688,11.21,11.22
2026/04/16 10:21:04,02283,东江集团控股,TK GROUP HLDG,,2.37,0.01,0.42373,2.36,2.34,2.37,2.34,342000,802300,2.35,2.38
2026/04/16 11:04:39,02285,泉峰控股,CHERVON,,17.16,-0.11,-0.63694,17.27,17.26,17.36,16.91,348300,5971738,17.15,17.17
2026/04/16 10:58:46,02286,辰兴发展,CHEN XING,,0.174,0.004,2.35294,0.17,0.136,0.175,0.136,22000,3442,0.15,0.172
2026/04/16 10:30:24,02288,宏基资本,RYKADAN CAPITAL,,0.153,-0.003,-1.92308,0.156,0.152,0.153,0.146,421000,64386,0.153,0.157
2026/04/16 09:01:28,02289,创美药业,CHARMACY PHAR,,5.82,0.0,0.0,5.82,0.0,0.0,0.0,0,0,5.34,0.0
2026/04/16 11:04:07,02291,心泰医疗,SCIENTECH,,12.97,0.02,0.15444,12.95,12.83,13.03,12.83,157000,2028530,12.91,12.97
2026/04/16 09:30:54,02293,百本医护,BAMBOOSHEALTH,,0.4,0.0,0.0,0.4,0.0,0.0,0.0,0,0,0.4,0.445
2026/04/16 10:14:54,02295,丰城控股,MAXICITY,,2.2,0.0,0.0,2.2,0.0,0.0,0.0,0,0,2.03,2.2
2026/04/16 11:04:19,02297,润迈德－Ｂ,RAINMED-B,,0.275,0.005,1.85185,0.27,0.27,0.275,0.27,543000,149205,0.275,0.28
2026/04/16 10:49:34,02298,都市丽人,COSMO LADY,,0.39,0.02,5.40541,0.37,0.37,0.39,0.375,7182000,2732445,0.385,0.39
2026/04/16 10:57:46,02299,百宏实业,BILLION IND,,4.8,0.0,0.0,4.8,0.0,0.0,0.0,0,0,4.77,4.8
2026/04/16 11:03:48,02302,中核国际,CNNC INT'L,,6.37,0.36,5.99002,6.01,6.09,6.37,6.09,752000,4723460,6.34,6.38
2026/04/16 11:00:32,02306,乐华娱乐,YH ENT,,2.05,0.01,0.4902,2.04,2.08,2.12,2.05,1227000,2536470,2.05,2.08
2026/04/16 09:00:00,02307,锦兴国际控股,KAM HING INT'L,,0.239,0.0,0.0,0.239,0.0,0.0,0.0,0,0,0.0,0.239
2026/04/16 10:58:30,02309,大象未来集团,ZO FUTURE GROUP,,2.26,0.01,0.44444,2.25,2.26,2.29,2.25,990000,2245300,2.23,2.27
2026/04/16 09:44:49,02310,时代环球集团,TIMES UNI GP,,0.084,0.0,0.0,0.084,0.0,0.0,0.0,0,0,0.076,0.085
2026/04/16 11:01:12,02312,ＬＯＮＧ投资集团,LONG INV CORP,,0.63,0.0,0.0,0.63,0.65,0.65,0.63,60000,38300,0.63,0.64
2026/04/16 11:04:43,02313,申洲国际,SHENZHOU INTL,,47.2,0.22,0.46828,46.98,47.22,47.52,47.1,2496220,117981935,47.18,47.2
2026/04/16 11:04:40,02314,理文造纸,LEE & MAN PAPER,,3.36,-0.06,-1.75439,3.42,3.45,3.45,3.35,1351000,4561027,3.36,3.37
2026/04/16 11:04:39,02315,百奥赛图－Ｂ,BIOCYTOGEN-B,,60.65,-0.45,-0.7365,61.1,62.35,62.35,59.15,334000,20075675,60.65,60.9
2026/04/16 10:22:00,02317,味丹国际,VEDAN INT'L,,0.8,0.0,0.0,0.8,0.0,0.0,0.0,0,0,0.79,0.82
2026/04/16 11:04:00,02318,中国平安,PING AN,,62.6,0.05,0.07994,62.55,62.55,63.05,62.3,9227996,578320912,62.6,62.65
2026/04/16 11:04:42,02319,蒙牛乳业,MENGNIU DAIRY,,16.78,-0.27,-1.58358,17.05,17.41,17.41,16.72,10286948,173941553,16.78,16.79
2026/04/16 10:10:18,02320,合丰集团,HOP FUNG GROUP,,0.082,0.0,0.0,0.082,0.0,0.0,0.0,0,0,0.07,0.096
2026/04/16 09:04:31,02321,双财庄,SWANGCHAICHUAN,,0.51,0.0,0.0,0.51,0.0,0.0,0.0,0,0,0.51,0.52
2026/04/16 09:30:45,02322,新质数字,MODERN INNO DT,,0.091,0.0,0.0,0.091,0.0,0.0,0.0,0,0,0.088,0.091
2026/04/16 08:55:00,02323,融科控股,RENCO HOLDINGS,,0.019,0.0,0.0,0.019,0.0,0.0,0.0,0,0,0.0,0.0
2026/04/16 10:31:41,02324,首都创投,CAPITAL VC,,0.123,0.0,0.0,0.123,0.0,0.0,0.0,0,0,0.115,0.123
2026/04/16 10:53:13,02325,云康集团,YUNKANG GROUP,,0.8,0.0,0.0,0.8,0.8,0.8,0.8,5000,3940,0.81,0.88
2026/04/16 08:59:58,02326,新源万恒控股,NPE HOLDINGS,,0.01,0.0,0.0,0.01,0.0,0.0,0.0,0,0,0.0,0.01
2026/04/16 09:44:29,02327,美瑞健康国际,MEILLEUREHEALTH,,0.28,0.0,0.0,0.28,0.28,0.28,0.28,120000,33600,0.26,0.28
2026/04/16 11:04:43,02328,中国财险,PICC P&C,,14.69,-0.04,-0.27156,14.73,14.66,14.81,14.63,12872534,189030687,14.68,14.69
2026/04/16 10:49:51,02329,国瑞健康,GLORY HEALTH,,0.09,-0.005,-5.26316,0.095,0.09,0.09,0.09,206000,18540,0.089,0.09
2026/04/16 09:55:45,02330,中国上城,CHINA UPTOWN,,0.37,0.0,0.0,0.37,0.0,0.0,0.0,0,0,0.37,0.38
2026/04/16 11:04:34,02331,李宁,LI NING,,20.98,-0.04,-0.1903,21.02,21.02,21.18,20.92,6697500,140850685,20.98,21.0
2026/04/16 11:04:39,02333,长城汽车,GWMOTOR,,13.21,-0.1,-0.75132,13.31,13.3,13.64,13.2,6718500,89924971,13.21,13.22
2026/04/16 09:30:06,02336,硕奥国际,SHUOAO INTL,,0.232,0.0,0.0,0.232,0.0,0.0,0.0,0,0,0.211,0.239
2026/04/16 10:58:44,02337,众诚能源,UNITED STRENGTH,,1.2,-0.04,-3.22581,1.24,1.24,1.27,1.2,63000,77520,1.18,1.21
2026/04/16 11:04:39,02338,潍柴动力,WEICHAI POWER,,31.96,-0.34,-1.05263,32.3,33.14,33.14,31.66,4788230,153633651,31.96,31.98
2026/04/16 08:55:00,02339,京西国际,BWI INT'L,,4.48,0.0,0.0,4.48,0.0,0.0,0.0,0,0,0.0,0.0
2026/04/16 09:39:30,02340,昇柏控股,ISP HOLDINGS,,0.172,0.0,0.0,0.172,0.0,0.0,0.0,0,0,0.158,0.174
2026/04/16 11:04:26,02342,京信通信,COMBA,,1.5,0.0,0.0,1.5,1.51,1.52,1.49,1404000,2106600,1.49,1.5
2026/04/16 11:03:32,02343,太平洋航运,PACIFIC BASIN,,2.92,0.0,0.0,2.92,2.94,2.95,2.89,1413000,4113347,2.91,2.93
2026/04/16 10:32:40,02347,友和集团,YOHO GROUP,,0.7,0.0,0.0,0.7,0.7,0.7,0.7,2000,1400,0.66,0.7
2026/04/16 10:59:42,02348,东瑞制药,DAWNRAYS PHARMA,,1.11,0.0,0.0,1.11,1.11,1.11,1.11,20000,22200,1.11,1.13
2026/04/16 11:02:17,02349,中国城市基础设施,CH CITY INFRA,,0.1,0.0,0.0,0.1,0.1,0.1,0.1,12000,1200,0.092,0.108
2026/04/16 11:00:23,02350,数科集团,MTT GROUP,,0.84,0.01,1.20482,0.83,0.83,0.85,0.83,360000,300000,0.84,0.85
2026/04/16 09:00:00,02352,东原仁知服务,DOWELL SERVICE,,4.1,0.0,0.0,4.1,0.0,0.0,0.0,0,0,0.0,4.59
2026/04/16 10:35:14,02355,宝业集团,BAOYE GROUP,,3.94,0.0,0.0,3.94,0.0,0.0,0.0,0,0,3.89,3.99
2026/04/16 11:00:54,02356,大新银行集团,DAHSING BANKING,,12.58,-0.04,-0.31696,12.62,12.69,12.69,12.52,245200,3080994,12.55,12.58
2026/04/16 11:03:22,02357,中航科工,AVICHINA,,3.56,0.01,0.28169,3.55,3.57,3.58,3.53,4558000,16179770,3.55,3.56
2026/04/16 10:53:43,02358,久融控股,JIU RONG HOLD,,0.012,0.001,9.09091,0.011,0.012,0.013,0.012,14060000,171810,0.012,0.013
2026/04/16 11:03:29,02359,药明康德,WUXI APPTEC,,131.0,0.6,0.46012,130.4,131.5,132.0,129.9,1451001,189941895,131.0,131.10001
2026/04/16 11:03:22,02360,优品３６０,BEST MART 360,,1.77,-0.02,-1.11732,1.79,1.8,1.8,1.76,476000,846780,1.77,1.78
2026/04/16 10:50:36,02361,中康科技控股,SINOHEALTH TECH,,5.08,0.0,0.0,5.08,0.0,0.0,0.0,0,0,4.88,5.08
2026/04/16 08:55:00,02362,金川国际,JINCHUAN INTL,,0.64,0.0,0.0,0.64,0.0,0.0,0.0,0,0,0.0,0.0
2026/04/16 09:30:11,02363,通达宏泰,TONGDA HONG TAI,,0.315,0.0,0.0,0.315,0.0,0.0,0.0,0,0,0.315,0.36
2026/04/16 11:03:57,02367,巨子生物,GIANT BIOGENE,,28.98,0.44,1.5417,28.54,28.86,29.04,28.6,1519000,43929728,28.96,28.98
2026/04/16 09:32:15,02368,鹰美,EAGLE NICE,,3.1,0.0,0.0,3.1,0.0,0.0,0.0,0,0,3.09,3.12
2026/04/16 11:00:07,02369,酷派集团,COOLPAD GROUP,,0.67,0.02,3.07692,0.65,0.68,0.68,0.67,560000,379840,0.67,0.68
2026/04/16 10:59:25,02370,力高健康生活,REDCO HEALTHY,,0.92,0.0,0.0,0.92,0.0,0.0,0.0,0,0,0.93,0.97
2026/04/16 11:01:37,02371,创联控股,CHUANGLIAN HOLD,,0.255,0.0,0.0,0.255,0.27,0.275,0.24,272000,68776,0.244,0.26
2026/04/16 11:01:27,02372,伟立控股,WEILI HOLDINGS,,0.465,0.0,0.0,0.465,0.465,0.465,0.445,40000,18200,0.445,0.465
2026/04/16 10:46:28,02373,美丽田园医疗健康,BEAUTYFARM MED,,21.9,1.4,6.82927,20.5,21.0,21.94,21.0,97500,2098360,21.76,21.9
2026/04/16 10:59:36,02376,鲁商服务,LUSHANGSERVICES,,1.68,-0.06,-3.44828,1.74,1.74,1.75,1.62,62000,104285,1.61,1.68
2026/04/16 10:28:00,02377,博奇环保,BOQI ENV,,0.96,0.0,0.0,0.96,0.0,0.0,0.0,0,0,0.95,0.98
2026/04/16 11:00:05,02378,保诚,PRU,,118.8,1.5,1.27877,117.3,118.4,118.8,117.3,25600,3031470,118.4,118.8
2026/04/16 11:04:18,02380,中国电力,CHINA POWER,,3.2,-0.01,-0.31153,3.21,3.21,3.23,3.19,7754000,24833010,3.19,3.2
2026/04/16 11:02:26,02381,蚬壳电业,SMC ELECTRIC,,0.15,0.004,2.73973,0.146,0.15,0.15,0.15,140000,21000,0.143,0.15
2026/04/16 11:04:42,02382,舜宇光学科技,SUNNY OPTICAL,,62.8,0.8,1.29032,62.0,62.5,63.1,62.2,2244091,140756135,62.75,62.8
2026/04/16 10:29:21,02383,ＴＯＭ集团,TOM GROUP,,0.39,0.0,0.0,0.39,0.39,0.39,0.39,24000,9360,0.39,0.395
2026/04/16 11:04:16,02385,读书郎,READBOY,,5.0,0.0,0.0,5.0,5.0,5.0,5.0,110000,550000,4.82,5.14
2026/04/16 11:04:28,02386,中石化炼化工程,SINOPEC SEG,,6.3,-0.05,-0.7874,6.35,6.33,6.33,6.2,2375000,14853257,6.29,6.3
2026/04/16 11:04:30,02388,中银香港,BOC HONG KONG,,43.72,-0.46,-1.0412,44.18,44.08,44.16,43.34,8397801,366108799,43.72,43.74
2026/04/16 10:11:21,02389,北京健康,BJ HEALTH,,0.066,0.002,3.125,0.064,0.063,0.066,0.06,150000,9564,0.064,0.067
2026/04/16 11:04:03,02390,知乎－Ｗ,ZHIHU-W,,9.4,0.66,7.55149,8.74,8.9,9.4,8.6,159700,1461202,9.23,9.4
2026/04/16 09:57:33,02391,涂鸦智能－Ｗ,TUYA-W,,18.26,0.0,0.0,18.26,18.47,18.56,18.26,1600,29504,18.26,18.59
2026/04/16 10:50:26,02392,玄武云,XUANWU CLOUD,,1.44,0.0,0.0,1.44,1.44,1.44,1.44,6500,9360,1.44,1.48
2026/04/16 10:10:27,02393,巨星医疗控股,YESTAR HEALTH,,0.094,0.0,0.0,0.094,0.089,0.095,0.088,152500,14067,0.089,0.094
2026/04/16 10:53:36,02396,华芢生物－Ｂ,B&K CORP-B,,7.18,0.04,0.56022,7.14,7.33,7.49,7.18,68000,490238,7.11,7.39
2026/04/16 11:02:46,02399,中国安储能源,CN ANCHU ENERGY,,0.48,0.01,2.12766,0.47,0.48,0.495,0.46,3672000,1728410,0.47,0.48
2026/04/16 11:04:25,02400,心动公司,XD INC,,65.25,1.3,2.03284,63.95,64.2,65.8,64.15,1102941,71759578,65.25,65.3
2026/04/16 08:55:00,02402,亿华通,SINOHYTEC,,19.21,0.0,0.0,19.21,0.0,0.0,0.0,0,0,0.0,0.0
2026/04/16 10:49:44,02405,力盟科技,POWERWIN TECH,,0.67,0.0,0.0,0.67,0.67,0.67,0.67,84000,56280,0.67,0.72
2026/04/16 11:02:10,02407,高视医疗,GAUSH MEDITECH,,5.43,0.13,2.45283,5.3,5.4,5.43,5.23,18200,96369,5.42,5.48
2026/04/16 11:04:20,02408,遇见小面,XIAO NOODLES,,4.52,0.11,2.49433,4.41,4.41,4.52,4.41,67000,299740,4.51,4.52
2026/04/16 09:31:57,02409,洲际船务,SEACON,,4.14,0.0,0.0,4.14,0.0,0.0,0.0,0,0,4.03,4.13
2026/04/16 11:04:34,02410,同源康医药－Ｂ,TYK MEDICINES-B,,10.86,-0.17,-1.54125,11.03,11.11,11.11,10.82,1004500,10997670,10.86,10.88
2026/04/16 11:03:51,02411,百果园集团,PAGODA GP,,1.65,-0.03,-1.78571,1.68,1.64,1.66,1.61,156500,255580,1.64,1.66
2026/04/16 10:18:41,02415,梅斯健康,MEDSCI,,1.2,0.0,0.0,1.2,0.0,0.0,0.0,0,0,1.15,1.19
2026/04/16 11:02:44,02416,易点云,EDIANYUN,,3.59,0.44,13.96825,3.15,3.22,3.65,3.22,1852460,6488348,3.58,3.59
2026/04/16 11:03:51,02418,德银天下,DEEWIN,,2.82,-0.09,-3.09278,2.91,2.9,2.9,2.82,123000,348615,2.82,2.84
2026/04/16 11:04:25,02419,德康农牧,DEKON AGR,,72.3,-0.9,-1.22951,73.2,74.5,74.5,71.75,274900,19995335,72.25,72.4
2026/04/16 10:52:18,02420,子不语,ZIBUYU,,4.51,-0.03,-0.66079,4.54,4.46,4.6,4.46,104500,476290,4.46,4.53
2026/04/16 10:54:30,02421,嘉创地产,KRP DEVELOPMENT,,0.6,0.01,1.69492,0.59,0.6,0.6,0.6,2000,1200,0.55,0.59
2026/04/16 10:55:18,02422,润歌互动,REGO INTERACT,,1.65,-0.01,-0.60241,1.66,1.69,1.69,1.65,120000,199080,1.65,1.68
2026/04/16 11:04:46,02423,贝壳－Ｗ,BEKE-W,,42.0,-0.2,-0.47393,42.2,42.44,42.66,41.9,2795529,118009404,42.0,42.02
2026/04/16 11:02:16,02425,澳亚集团,AUSTASIA GROUP,,2.33,0.0,0.0,2.33,0.0,0.0,0.0,0,0,2.21,2.32
2026/04/16 10:44:50,02427,GUANZE MEDICAL,GUANZE MEDICAL,,3.47,-0.01,-0.28736,3.48,3.47,3.47,3.44,30000,103500,3.41,3.47
2026/04/16 10:51:27,02429,友宝在线,UBOX ONLINE,,2.55,0.05,2.0,2.5,2.53,2.59,2.53,423500,1082935,2.53,2.55
2026/04/16 11:04:30,02431,佑驾创新,MINIEYE,,10.49,0.03,0.28681,10.46,10.7,10.7,10.27,1878544,19597898,10.45,10.49
2026/04/16 11:04:30,02432,越疆,DOBOT,,34.9,0.6,1.74927,34.3,34.46,35.4,34.46,889400,31128232,34.9,34.92
2026/04/16 11:03:24,02433,中天湖南集团,ZT HN GROUP,,0.099,0.0,0.0,0.099,0.099,0.104,0.097,3616000,359756,0.098,0.1
2026/04/16 10:53:29,02436,凌雄科技,LX TECHNOLOGY,,12.94,-0.13,-0.99464,13.07,13.02,13.03,12.9,16200,210216,12.94,13.09
2026/04/16 11:04:13,02438,出门问问,MOBVOI,,0.465,0.0,0.0,0.465,0.465,0.475,0.46,443000,206225,0.465,0.47
2026/04/16 10:09:27,02439,中宝新材,CH TREASURES NM,,0.305,-0.015,-4.6875,0.32,0.3,0.31,0.3,98000,29570,0.305,0.31
2026/04/16 10:51:18,02440,迷策略,MEMESTRATEGY,,1.47,-0.05,-3.28947,1.52,1.47,1.47,1.47,19000,27930,1.47,1.51
2026/04/16 11:04:27,02442,怡俊集团控股,EASY SMART GP,,39.6,-1.22,-2.98873,40.82,40.1,40.1,38.5,114000,4514460,38.56,39.7
2026/04/16 11:04:19,02443,汽车街,AUTOSTREETS,,1.89,-0.02,-1.04712,1.91,1.9,1.91,1.89,138800,262958,1.89,1.9
2026/04/16 10:30:36,02450,淮北绿金股份,HUAIBEI GD CO,,3.48,0.0,0.0,3.48,0.0,0.0,0.0,0,0,3.43,3.59
2026/04/16 11:02:00,02451,绿源集团控股,LUYUAN GP HLDG,,13.29,0.52,4.07204,12.77,12.89,13.29,12.8,59000,762415,13.22,13.29
2026/04/16 11:04:38,02453,美中嘉和,CONCORD HC GP,,1.59,0.11,7.43243,1.48,1.48,1.62,1.47,463000,733906,1.56,1.58
2026/04/16 11:00:56,02455,润华服务,RUNHUA SERVICE,,0.67,0.02,3.07692,0.65,0.66,0.67,0.65,56000,36800,0.65,0.67
2026/04/16 09:30:06,02457,步阳国际,BUYANG INTL,,0.315,0.0,0.0,0.315,0.0,0.0,0.0,0,0,0.285,0.315
2026/04/16 10:29:05,02458,望尘科技控股,GALA TECH HOLD,,5.79,-0.01,-0.17241,5.8,5.5,5.79,5.5,800,4516,5.3,5.55
2026/04/16 10:35:22,02459,升能集团,SANERGY GROUP,,0.088,0.001,1.14943,0.087,0.088,0.088,0.088,100000,8800,0.087,0.088
2026/04/16 11:03:36,02460,华润饮料,CR BEVERAGE,,8.96,-0.06,-0.66519,9.02,9.02,9.08,8.93,363400,3259884,8.96,8.98
2026/04/16 11:04:41,02465,龙蟠科技,LOPAL TECH,,16.03,2.76,20.79879,13.27,15.24,16.81,14.07,38794100,612083160,16.03,16.04
2026/04/16 11:02:00,02469,粉笔,FENBI,,1.06,0.03,2.91262,1.03,1.04,1.08,1.04,2379500,2520731,1.06,1.07
2026/04/16 11:04:37,02473,喜相逢集团,XXF,,1.0,-0.01,-0.9901,1.01,1.01,1.02,0.99,46165000,46172775,0.99,1.0
2026/04/16 11:02:40,02477,经纬天地,WELLCELL HOLD,,20.62,0.5,2.48509,20.12,20.12,21.16,19.94,854400,17592792,20.5,20.62
2026/04/16 08:55:00,02479,天聚地合,TIANJUDIHE,,65.0,0.0,0.0,65.0,0.0,0.0,0.0,0,0,0.0,0.0
2026/04/16 11:00:53,02480,绿竹生物－Ｂ,LUZHU BIOTECH-B,,22.5,0.6,2.73973,21.9,22.5,22.5,22.5,7200,162000,22.5,24.96
2026/04/16 09:40:01,02481,慧居科技,WISE LIVING TEC,,2.65,0.0,0.0,2.65,0.0,0.0,0.0,0,0,2.62,2.73
2026/04/16 09:30:42,02482,维天运通,LOGORY,,0.56,0.0,0.0,0.56,0.0,0.0,0.0,0,0,0.52,0.58
2026/04/16 10:43:05,02483,Ｋ　ＣＡＳＨ集团,K CASH,,1.75,0.0,0.0,1.75,1.75,1.75,1.75,500000,875000,1.7,1.75
2026/04/16 10:56:23,02486,普乐师集团控股,PLUS GP HOLDING,,7.28,0.01,0.13755,7.27,7.3,7.3,7.28,5200,37898,0.0,7.33
2026/04/16 11:02:37,02487,科笛－Ｂ,CUTIA-B,,4.76,-0.01,-0.20964,4.77,4.65,4.76,4.65,32400,152810,4.68,4.78
2026/04/16 10:55:13,02488,元征科技,LAUNCH TECH,,8.6,-0.15,-1.71429,8.75,8.79,8.8,8.51,284000,2446245,8.57,8.6
2026/04/16 10:11:56,02489,集海黄金,PERSISTENCEGOLD,,1.01,0.0,0.0,1.01,1.02,1.02,1.0,130000,130850,1.0,1.01
2026/04/16 10:57:04,02490,乐舱物流,LC LOGISTICS,,4.98,0.32,6.86695,4.66,4.6,5.05,4.6,172500,839088,4.98,5.15
2026/04/16 11:01:34,02495,声通科技,VOICECOMM,,54.5,0.45,0.83256,54.05,53.0,54.5,53.0,2280,123291,54.1,54.5
2026/04/16 10:49:14,02496,友芝友生物－Ｂ,YZYBIO-B,,4.82,0.0,0.0,4.82,0.0,0.0,0.0,3000,15478,4.82,5.22
2026/04/16 10:55:06,02497,富景中国控股,FUJING HOLDINGS,,0.59,-0.03,-4.83871,0.62,0.62,0.62,0.59,48000,28380,0.58,0.62
2026/04/16 11:04:39,02498,速腾聚创,ROBOSENSE,,36.76,0.14,0.38231,36.62,37.0,37.0,36.5,1878702,69129759,36.76,36.78
2026/04/16 09:53:32,02499,佛朗斯股份,FOLANGSI,,6.22,-0.01,-0.16051,6.23,6.06,6.22,6.05,7800,47240,6.05,6.19
2026/04/16 11:04:09,02500,启明医疗－Ｂ,VENUS MEDTECH-B,,2.25,0.03,1.35135,2.22,2.22,2.29,2.22,280000,634085,2.25,2.28
2026/04/16 10:59:19,02501,迈越科技,MAIYUE TECH,,1.17,0.0,0.0,1.17,1.17,1.19,1.12,104000,118240,1.12,1.17
2026/04/16 10:45:55,02502,金源氢化,JINYUAN HCHEM,,0.47,0.0,0.0,0.47,0.47,0.47,0.47,30000,14100,0.47,0.48
2026/04/16 10:11:29,02503,中深建业,ZHONGSHENJIANYE,,0.345,0.005,1.47059,0.34,0.34,0.345,0.33,284000,96620,0.335,0.345
2026/04/16 10:59:56,02505,ＥＤＡ集团控股,EDA GROUP HLDGS,,0.68,0.01,1.49254,0.67,0.68,0.68,0.67,146000,99140,0.68,0.7
2026/04/16 11:01:17,02506,讯飞医疗科技,XUNFEIHEALTH,,70.5,1.45,2.09993,69.05,71.0,71.5,70.0,48300,3424450,70.5,70.95
2026/04/16 11:04:39,02507,西锐,CIRRUS,,42.94,2.6,6.44522,40.34,40.34,43.26,40.32,1266300,53318174,42.94,42.98
2026/04/16 10:33:36,02508,圣贝拉集团,SAINT BELLA GP,,4.52,-0.01,-0.22075,4.53,4.53,4.59,4.48,59000,267005,4.48,4.54
2026/04/16 11:04:45,02509,荃信生物－Ｂ,QYUNS-B,,21.06,-0.04,-0.18957,21.1,21.1,21.58,20.86,148400,3149204,21.04,21.12
2026/04/16 11:04:18,02510,德翔海运,TS LINES,,8.51,-0.03,-0.35129,8.54,8.55,8.57,8.5,327000,2787630,8.51,8.52
2026/04/16 11:03:43,02511,君圣泰医药－Ｂ,HIGHTIDE-B,,3.73,0.03,0.81081,3.7,3.7,3.73,3.61,102500,375370,3.68,3.73
2026/04/16 10:18:23,02512,云工场,CLOUD FACTORY,,3.19,0.0,0.0,3.19,3.19,3.2,3.19,22000,70380,3.17,3.2
2026/04/16 11:04:42,02513,智谱,KNOWLEDGE ATLAS,,893.0,26.0,2.99885,867.0,853.0,919.0,839.0,705853,627757191,893.0,894.0
2026/04/16 11:03:53,02515,天津建发,TJCD,,1.08,0.01,0.93458,1.07,1.07,1.08,1.05,136000,145240,1.07,1.09
2026/04/16 11:02:22,02516,泛远国际,FAR INTL,,1.33,-0.01,-0.74627,1.34,1.34,1.35,1.31,3664000,4892480,1.32,1.33
2026/04/16 11:04:43,02517,锅圈,GUOQUAN,,3.67,-0.64,-14.84919,4.31,4.2,4.2,3.64,71717200,272956888,3.67,3.68
2026/04/16 10:43:27,02518,汽车之家－Ｓ,AUTOHOME-S,,35.92,0.26,0.72911,35.66,35.66,35.92,35.62,4400,157096,35.7,35.92
2026/04/16 09:51:41,02519,傲基股份,AUGROUP,,4.6,0.0,0.0,4.6,0.0,0.0,0.0,0,0,4.47,4.59
2026/04/16 10:31:06,02520,山西安装,SHANXI INSTALL,,2.13,0.0,0.0,2.13,0.0,0.0,0.0,0,0,1.95,2.19
2026/04/16 10:50:58,02521,升辉清洁,SHENGHUI CLEAN,,1.04,0.02,1.96078,1.02,1.06,1.06,1.02,667500,685575,1.04,1.05
2026/04/16 11:04:34,02522,一脉阳光,RIMAG GROUP,,6.67,0.11,1.67683,6.56,6.6,6.71,6.54,536000,3556855,6.67,6.68
2026/04/16 11:04:41,02525,禾赛－Ｗ,HESAI-W,,190.8,6.9,3.75204,183.9,199.9,200.0,185.7,1221058,232564798,190.60001,190.8
2026/04/16 11:04:35,02526,德适－Ｂ,DIAGENS-B,,275.0,5.6,2.07869,269.4,265.2,275.0,265.2,34446,9340681,272.20001,275.0
2026/04/16 10:56:31,02528,尚晋国际控股,FW FASHION INT,,0.405,0.005,1.25,0.4,0.405,0.405,0.405,22000,8860,0.39,0.405
2026/04/16 09:02:53,02529,泓盈城市服务,HOLLWIN URBAN,,3.16,0.0,0.0,3.16,0.0,0.0,0.0,0,0,3.04,3.2
2026/04/16 08:55:00,02530,纽曼思,NUMANS,,0.59,0.0,0.0,0.59,0.0,0.0,0.0,0,0,0.0,0.0
2026/04/16 11:00:20,02531,广联科技控股,CARLINK TECH,,6.17,0.23,3.87205,5.94,6.0,6.17,6.0,3500,21085,5.83,6.0
2026/04/16 11:04:24,02533,黑芝麻智能,BLACK SESAME,,17.43,0.14,0.80972,17.29,17.6,17.64,17.22,1029100,17979601,17.43,17.45
2026/04/16 10:59:58,02535,泓基集团,WK GROUP,,0.395,-0.005,-1.25,0.4,0.395,0.42,0.385,64350000,22554140,0.39,0.4
2026/04/16 11:02:17,02536,百乐皇宫,PALASINO,,1.88,-0.02,-1.05263,1.9,1.88,1.88,1.88,25000,47000,1.88,1.95
2026/04/16 10:52:48,02539,乐摩科技,LEMO SERVICES,,15.81,-0.09,-0.56604,15.9,15.8,15.81,15.8,3200,50561,15.89,16.11
2026/04/16 10:35:24,02540,乐思集团,LESI GROUP,,1.05,0.02,1.94175,1.03,1.05,1.05,1.05,7500,7875,1.01,1.11
2026/04/16 10:56:25,02543,大行科工,DAHON TECH,,30.0,0.4,1.35135,29.6,29.6,30.6,29.58,7500,225146,30.0,30.14
2026/04/16 11:01:44,02545,中赣通信,ZHONGGAN COMM,,0.44,0.0,0.0,0.44,0.44,0.445,0.44,936000,412860,0.43,0.44
2026/04/16 11:00:03,02546,智汇矿业,ZHIHUI MINING,,16.97,0.36,2.16737,16.61,16.8,17.37,16.2,139000,2344520,16.45,16.89
2026/04/16 11:04:10,02549,卡罗特,CAROTE LTD,,4.72,-0.17,-3.47648,4.89,4.8,4.81,4.7,193000,920690,4.72,4.73
2026/04/16 10:54:19,02550,宜搜科技,EASOU TECH,,2.03,0.02,0.99503,2.01,2.01,2.03,1.98,246000,496855,2.01,2.03
2026/04/16 09:53:29,02551,晶科电子股份,APT ELECTRONICS,,2.38,0.02,0.84746,2.36,2.38,2.38,2.38,3000,7140,2.28,2.4
2026/04/16 11:04:27,02552,华领医药－Ｂ,HUA MEDICINE-B,,3.86,0.01,0.25974,3.85,3.87,3.94,3.79,1415300,5468222,3.86,3.87
2026/04/16 10:59:54,02555,茶百道,CHABAIDAO,,5.7,0.06,1.06383,5.64,5.72,5.72,5.64,119200,676654,5.69,5.7
2026/04/16 11:04:43,02556,迈富时,MARKETINGFORCE,,41.18,4.42,12.02394,36.76,38.6,42.56,38.6,9580400,392387284,41.06,41.18
2026/04/16 09:01:08,02558,晋商银行,JINSHANG BANK,,1.38,0.0,0.0,1.38,0.0,0.0,0.0,0,0,1.31,1.38
2026/04/16 11:04:08,02559,嘀嗒出行,DIDA INC,,1.42,-0.02,-1.38889,1.44,1.36,1.44,1.36,190500,266800,1.37,1.42
2026/04/16 11:00:59,02560,海螺材料科技,CONCH MAT TECH,,1.78,-0.01,-0.55866,1.79,1.79,1.79,1.77,78000,138930,1.77,1.78
2026/04/16 10:59:51,02561,维昇药业－Ｂ,VISEN PHARMA-B,,27.02,-0.76,-2.73578,27.78,27.78,27.8,27.02,700,19150,26.5,27.02
2026/04/16 11:03:22,02562,狮腾控股,SYNAGISTICS,,3.23,0.01,0.31056,3.22,3.27,3.27,3.21,6326000,20457860,3.23,3.24
2026/04/16 09:30:15,02563,华昊中天医药－Ｂ,BIOSTAR PHARM-B,,3.84,0.0,0.0,3.84,0.0,0.0,0.0,0,0,3.52,3.84
2026/04/16 11:04:31,02565,派格－Ｂ（五十）,PEGBIO CO-B-50,,41.98,-1.92,-4.37358,43.9,44.42,44.42,41.5,301200,12685771,41.82,41.98
2026/04/16 11:00:18,02566,九源基因,JIUYUAN GENE,,7.14,0.1,1.42046,7.04,7.07,7.15,7.07,26000,184500,7.1,7.15
2026/04/16 10:58:33,02567,七牛智能,QINIU,,0.48,0.02,4.34783,0.46,0.46,0.49,0.46,1981000,945360,0.475,0.48
2026/04/16 09:03:45,02569,舒宝国际,SOFT INTL,,0.95,0.0,0.0,0.95,0.0,0.0,0.0,0,0,0.93,0.98
2026/04/16 11:04:34,02570,重塑能源,REFIRE,,43.48,-0.58,-1.31639,44.06,44.08,44.64,43.22,340920,14889462,43.48,43.5
2026/04/16 09:55:17,02571,赛目科技,SAIMO,,12.85,-0.15,-1.15385,13.0,13.01,13.01,12.85,16400,212356,12.73,13.2
2026/04/16 10:46:15,02573,新琪安,NEWTREND GROUP,,4.52,-0.08,-1.73913,4.6,4.52,4.52,4.52,5600,25392,4.3,4.52
2026/04/16 11:04:41,02575,轩竹生物－Ｂ,XUANZHUBIO-B,,33.14,-2.88,-7.99556,36.02,36.6,36.6,33.0,1906000,64716240,33.14,33.3
2026/04/16 11:04:39,02576,太美医疗科技,TAIMEI TECH,,4.68,0.02,0.42919,4.66,4.65,4.86,4.64,253800,1202260,4.57,4.7
2026/04/16 11:04:28,02577,英诺赛科,INNOSCIENCE,,55.5,0.3,0.54348,55.2,55.95,55.95,54.55,1086400,60194600,55.45,55.6
2026/04/16 11:03:53,02579,中伟新材,CNGR,,38.62,0.32,0.83551,38.3,39.36,39.5,38.02,647800,25238964,38.58,38.74
2026/04/16 11:04:42,02580,奥克斯电气,AUX ELECTRIC,,9.56,-0.07,-0.7269,9.63,9.66,9.75,9.53,411200,3939612,9.55,9.59
2026/04/16 11:03:18,02581,明基医院,BENQ HOLDING,,3.46,-0.01,-0.28818,3.47,3.46,3.47,3.46,14500,50190,3.46,3.47
2026/04/16 11:04:38,02582,国富氢能,GUOFUHEE,,28.24,-0.2,-0.70324,28.44,28.88,29.1,27.94,1681850,47812579,28.2,28.24
2026/04/16 11:01:20,02583,西普尼,HIPINE,,102.2,0.2,0.19608,102.0,102.1,104.2,100.6,29800,3052640,102.2,103.5
2026/04/16 10:57:03,02585,梦金园,MOKINGRAN,,19.96,-0.04,-0.2,20.0,20.0,20.0,19.0,18000,357350,19.95,20.38
2026/04/16 11:03:06,02586,多点数智,DMALL,,7.25,0.0,0.0,7.25,7.27,7.28,7.19,624300,4509759,7.2,7.24
2026/04/16 11:04:32,02587,健康之路,HEALTHYWAY INC,,4.72,0.01,0.21231,4.71,4.76,4.78,4.66,2881500,13551570,4.71,4.72
2026/04/16 11:03:56,02588,中银航空租赁,BOC AVIATION,,84.05,-0.4,-0.47365,84.45,85.0,85.45,83.65,92796,7839250,84.05,84.15
2026/04/16 11:04:23,02589,沪上阿姨,AUNTEA JENNY,,83.1,4.65,5.92734,78.45,78.45,85.4,78.45,188970,15718254,83.05,83.65
2026/04/16 11:04:28,02590,极智嘉－Ｗ,GEEKPLUS-W,,18.71,0.23,1.24459,18.48,18.9,19.02,18.58,2188800,41138636,18.71,18.74
2026/04/16 11:04:14,02591,银诺医药－Ｂ,INNOGEN-B,,21.02,-0.36,-1.68382,21.38,21.5,21.8,20.8,263800,5541504,21.0,21.02
2026/04/16 11:04:30,02592,拨康视云－Ｂ,CLOUDBREAK-B,,1.3,-0.02,-1.51515,1.32,1.35,1.35,1.26,339000,435375,1.29,1.31
2026/04/16 10:57:08,02593,草姬集团,HERBS GROUP,,0.96,0.02,2.12766,0.94,0.94,0.96,0.94,132000,126200,0.92,0.98
2026/04/16 11:04:37,02595,劲方医药－Ｂ,GENFLEET-B,,49.8,0.96,1.9656,48.84,48.8,49.9,46.9,1244000,60230040,49.8,49.9
2026/04/16 09:30:43,02596,宜宾银行,YIBIN BANK,,2.64,0.0,0.0,2.64,0.0,0.0,0.0,0,0,2.62,2.69
2026/04/16 10:19:13,02597,讯众通信,XUNZHONG,,29.2,0.0,0.0,29.2,0.0,0.0,0.0,0,0,29.5,32.54
2026/04/16 11:03:38,02598,连连数字,LIANLIAN,,6.13,0.13,2.16667,6.0,6.0,6.15,6.0,502000,3062040,6.11,6.13
2026/04/16 11:04:42,02600,中国铝业,CHALCO,,13.09,0.51,4.05405,12.58,12.78,13.15,12.78,27400290,357300727,13.09,13.1
2026/04/16 11:04:20,02601,中国太保,CPIC,,33.94,0.08,0.23627,33.86,33.84,34.18,33.64,1311800,44442656,33.94,34.0
2026/04/16 11:04:37,02602,万物云,ONEWO,,17.44,0.17,0.98437,17.27,17.25,17.44,17.23,477659,8293365,17.42,17.44
2026/04/16 11:04:09,02603,吉宏股份,JIHONG CO,,13.08,0.2,1.5528,12.88,12.88,13.23,12.85,650000,8472180,13.09,13.18
2026/04/16 11:00:46,02605,METALIGHT,METALIGHT,,1.65,0.0,0.0,1.65,1.62,1.65,1.55,142400,227740,1.59,1.65
2026/04/16 11:04:40,02607,上海医药,SH PHARMA,,11.73,-0.05,-0.42445,11.78,11.79,11.82,11.64,1441900,16873729,11.72,11.74
2026/04/16 10:32:25,02608,阳光１００中国,SUNSHINE 100,,0.01,0.0,0.0,0.01,0.01,0.01,0.01,11000,110,0.0,0.01
2026/04/16 11:04:41,02609,佰泽医疗,BAYZED HEALTH,,5.29,0.04,0.76191,5.25,5.15,5.63,5.06,29426400,158103072,5.26,5.3
2026/04/16 11:03:49,02610,南山铝业国际,NANSHAN AL INTL,,46.56,0.36,0.77922,46.2,46.74,47.22,46.24,166300,7778197,46.56,46.58
2026/04/16 11:04:41,02611,国泰海通,GTHT,,14.78,0.56,3.93812,14.22,14.22,14.91,14.22,6021720,87877545,14.78,14.8
2026/04/16 10:40:34,02613,汇舸环保,CONTIOCEAN,,31.74,0.0,0.0,31.74,0.0,0.0,0.0,0,0,29.02,31.72
2026/04/16 11:04:29,02616,基石药业－Ｂ,CSTONE PHARMA-B,,10.13,0.23,2.32323,9.9,9.92,10.41,9.92,5877928,59982485,10.12,10.13
2026/04/16 11:01:58,02617,药捷安康－Ｂ,TRANSTHERA-B,,69.55,-0.75,-1.06686,70.3,70.35,71.6,69.05,393500,27393075,69.65,69.7
2026/04/16 11:04:28,02618,京东物流,JD LOGISTICS,,15.77,0.22,1.41479,15.55,15.7,15.8,15.55,4866850,76645904,15.76,15.77
2026/04/16 10:45:21,02619,香江电器,XJ ELECTRICS,,1.79,-0.01,-0.55556,1.8,1.79,1.79,1.78,5000,8930,1.78,1.82
2026/04/16 09:53:01,02621,手回集团,SHOUHUI GROUP,,3.15,0.0,0.0,3.15,0.0,0.0,0.0,0,0,3.08,3.15
2026/04/16 11:03:25,02623,爱德新能源,ADD NEW ENERGY,,5.32,0.13,2.50482,5.19,5.25,5.44,5.25,2571499,13764904,5.29,5.32
2026/04/16 10:37:28,02625,江苏宏信,JIANGSU HORIZON,,4.22,0.03,0.71599,4.19,4.12,4.22,4.1,33000,137280,4.15,4.23
2026/04/16 08:55:00,02627,中慧生物－Ｂ,AB&B BIO-TECH-B,,29.32,0.0,0.0,29.32,0.0,0.0,0.0,0,0,0.0,0.0
2026/04/16 11:04:18,02628,中国人寿,CHINA LIFE,,27.8,0.38,1.38585,27.42,27.42,27.88,27.4,11565960,320188616,27.8,27.82
2026/04/16 08:55:00,02629,MIRXES-B,MIRXES-B,,12.41,0.0,0.0,12.41,0.0,0.0,0.0,0,0,0.0,0.0
2026/04/16 11:04:43,02630,旺山旺水－Ｂ,VIGONVITA-B,,86.0,-0.95,-1.09258,86.95,87.0,87.0,85.05,6200,533430,85.3,86.95
2026/04/16 11:04:33,02631,天岳先进,SICC,,56.6,1.15,2.07394,55.45,55.5,58.2,55.1,738900,41878140,56.6,56.7
2026/04/16 11:01:14,02632,泽景股份,NEW VISION CO,,59.4,2.45,4.30202,56.95,56.95,62.45,52.85,100100,5961707,58.05,59.45
2026/04/16 10:33:17,02633,雅各臣科研制药,JACOBSON PHARMA,,1.19,-0.01,-0.83333,1.2,1.2,1.2,1.19,130000,155960,1.19,1.2
2026/04/16 11:04:24,02635,诺比侃（新）,NUOBIKAN-NEW,,61.8,0.85,1.39459,60.95,60.95,61.95,60.95,116700,7184040,61.45,61.85
2026/04/16 11:04:41,02637,海西新药,HAIXI PHARMA,,190.4,-0.9,-0.47047,191.3,191.7,193.0,185.8,92300,17587800,190.3,191.2
2026/04/16 11:04:42,02638,港灯－ＳＳ,HKELECTRIC-SS,,6.42,-0.02,-0.31056,6.44,6.44,6.46,6.42,882644,5671824,6.42,6.43
2026/04/16 11:02:21,02643,曹操出行,CAOCAO INC,,25.96,0.18,0.69822,25.78,25.6,26.22,25.6,483900,12520083,25.88,25.94
2026/04/16 11:03:08,02648,安井食品,ANJOY FOOD,,80.85,0.55,0.68493,80.3,80.35,81.55,80.35,65300,5288917,80.7,81.0
2026/04/16 08:55:00,02649,优乐赛共享,ALSCO POOLING,,3.9,0.0,0.0,3.9,0.0,0.0,0.0,0,0,0.0,0.0
2026/04/16 11:04:17,02650,挚达科技,ZHIDA TECH,,45.96,-0.06,-0.13038,46.02,46.98,48.88,45.5,745200,35144447,45.96,45.98
2026/04/16 10:21:34,02651,大众口腔,DAZHONG DENTAL,,12.2,0.0,0.0,12.2,11.8,12.2,11.8,1900,22540,11.7,12.2
2026/04/16 11:03:45,02652,长风药业,CF PHARMTECH,,23.42,-0.16,-0.67854,23.58,23.58,24.0,23.2,370000,8739920,23.36,23.42
2026/04/16 11:04:36,02655,果下科技,GUOXIA TECH,,54.85,-11.0,-16.70463,65.85,67.95,68.5,53.2,5549665,319735684,54.9,54.95
2026/04/16 11:04:41,02656,健康１６０,160 HEALTH,,35.58,0.18,0.50848,35.4,35.64,39.72,35.4,2769650,102263175,35.48,35.5
2026/04/16 11:04:32,02657,林清轩,FOREST CABIN,,57.2,0.1,0.17513,57.1,56.9,59.55,56.4,34650,2014436,56.7,57.7
2026/04/16 11:03:08,02658,天域半导体,TIANYU SEMI,,43.64,1.42,3.36334,42.22,43.1,43.88,42.78,216100,9384359,43.54,43.76
2026/04/16 11:04:06,02659,宝济药业－Ｂ,BAO PHARMA-B,,89.5,-0.5,-0.55556,90.0,91.0,91.0,88.6,48500,4334005,89.15,89.5
2026/04/16 11:01:37,02660,禅游科技,ZENGAME,,2.54,-0.01,-0.39216,2.55,2.55,2.55,2.52,12000,30400,2.52,2.54
2026/04/16 11:04:36,02661,轻松健康,QINGSONG HEALTH,,152.3,1.1,0.72751,151.2,151.5,152.6,147.2,76200,11495920,151.8,152.3
2026/04/16 10:07:22,02663,应力控股,KPA-BM HLDGS,,0.28,-0.005,-1.75439,0.285,0.28,0.28,0.28,40000,11200,0.28,0.29
2026/04/16 11:04:44,02665,图达通,SEYOND,,9.26,-0.22,-2.32068,9.48,9.65,9.78,9.22,3329500,31536422,9.3,9.31
2026/04/16 11:04:20,02666,环球医疗,UNI MEDICAL,,5.85,-0.02,-0.34072,5.87,5.84,5.87,5.82,826500,4827110,5.84,5.85
2026/04/16 10:47:20,02668,百德国际,PAK TAK INT'L,,0.275,-0.005,-1.78571,0.28,0.28,0.28,0.275,3820000,1067100,0.275,0.28
2026/04/16 11:01:52,02669,中海物业,CHINA OVS PPT,,4.1,-0.01,-0.24331,4.11,4.14,4.14,4.05,1397666,5725198,4.09,4.1
2026/04/16 11:04:09,02670,云迹,YUNJI,,234.4,-6.2,-2.57689,240.6,236.0,237.0,230.8,4650,1085290,233.0,235.0
2026/04/16 09:43:40,02671,美联股份,USAS BUILDING,,4.14,0.0,0.0,4.14,0.0,0.0,0.0,0,0,4.0,4.13
2026/04/16 11:04:15,02675,精锋医疗－Ｂ,EDGE MEDICAL-B,,55.65,1.65,3.05556,54.0,54.35,55.75,53.55,52800,2875670,55.55,55.7
2026/04/16 11:04:42,02676,纳芯微,NOVOSENSE,,132.7,8.5,6.8438,124.2,127.6,132.8,124.3,183400,23806140,132.60001,132.8
2026/04/16 10:57:06,02677,卓正医疗,DISTINCT HEALTH,,34.78,-0.82,-2.30337,35.6,35.6,36.02,34.78,7150,252489,34.24,34.74
2026/04/16 10:58:20,02678,天虹国际集团,TEXHONG INTL GP,,6.63,0.06,0.91324,6.57,6.45,6.63,6.45,197000,1293845,6.62,6.63
2026/04/16 10:48:46,02680,创陞控股,INNOVAX HLDGS,,11.09,0.18,1.64986,10.91,10.9,11.09,10.7,42100,455423,10.51,11.1
2026/04/16 09:04:25,02682,润利海事,YUN LEE MARINE,,0.151,0.0,0.0,0.151,0.0,0.0,0.0,0,0,0.146,0.151
2026/04/16 11:04:33,02683,华新手袋国际控股,WAHSUN HANDBAGS,,1.18,0.0,0.0,1.18,1.19,1.19,1.18,36000,42560,1.18,1.22
2026/04/16 11:04:07,02685,量化派,QUANTGROUP,,21.78,-0.5,-2.24417,22.28,22.34,22.36,21.5,710200,15476860,21.66,21.8
2026/04/16 11:04:03,02687,卓越睿新,ABLE DIGITAL,,142.7,-3.4,-2.32717,146.1,146.5,148.9,140.8,99000,14411810,142.0,142.10001
2026/04/16 11:04:43,02688,新奥能源,ENN ENERGY,,63.0,-0.4,-0.63092,63.4,63.4,63.65,62.5,1642800,103372900,62.95,63.0
2026/04/16 11:04:43,02689,玖龙纸业,ND PAPER,,6.4,-0.09,-1.38675,6.49,6.45,6.49,6.37,5785300,37049303,6.39,6.4
2026/04/16 11:03:32,02691,南华期货股份,NANHUA FUTURES,,10.93,0.04,0.36731,10.89,10.94,11.05,10.92,115000,1261260,10.94,10.99
2026/04/16 11:04:43,02692,兆威机电,ZHAOWEI,,67.65,2.6,3.99693,65.05,65.95,68.0,65.5,353960,23729804,67.45,67.55
2026/04/16 10:51:08,02693,金岩高岭新材,JINYAN KAOLIN,,4.1,0.0,0.0,4.1,4.1,4.1,4.0,6500,26550,4.09,4.16
2026/04/16 10:54:57,02695,印象大红袍,IMPRESSION DHP,,2.08,0.0,0.0,2.08,2.09,2.09,2.08,33000,68650,2.08,2.1
2026/04/16 11:04:33,02696,复宏汉霖,HENLIUS,,82.75,0.1,0.12099,82.65,84.45,84.45,81.2,127900,10528645,82.65,82.75
2026/04/16 11:04:47,02698,乐舒适,SOFTCARE,,31.22,-0.56,-1.76212,31.78,31.74,31.96,31.2,239600,7549324,31.22,31.24
2026/04/16 09:37:30,02699,新明中国,XINMING CHINA,,0.28,0.0,0.0,0.28,0.0,0.0,0.0,0,0,0.28,0.285
2026/04/16 10:02:07,02700,格林国际控股,GREEN INTL HLDG,,0.58,0.0,0.0,0.58,0.0,0.0,0.0,0,0,0.54,0.59
2026/04/16 11:04:45,02701,国民技术,NSING TECH,,12.8,0.08,0.62893,12.72,12.77,12.97,12.6,1431200,18314168,12.79,12.84
2026/04/16 11:04:10,02706,海致科技集团,HAIZHI TECH GP,,61.65,-0.05,-0.08104,61.7,61.7,62.5,59.0,563104,34318745,61.6,62.0
2026/04/16 11:04:37,02714,牧原股份,MUYUAN,,42.98,-0.02,-0.04651,43.0,43.28,43.48,42.0,614700,26204348,42.92,43.08
2026/04/16 11:04:33,02715,埃斯顿,ESTUN,,13.15,0.21,1.62288,12.94,12.94,13.33,12.94,595600,7861402,13.1,13.15
2026/04/16 11:02:12,02718,明略科技－Ｗ,MININGLAMP-W,,219.4,13.8,6.71206,205.6,205.8,219.6,205.8,52080,11315208,218.0,219.2
2026/04/16 11:01:15,02720,乐欣户外,RIDGE OUTDOOR,,25.7,0.08,0.31226,25.62,25.2,25.74,25.2,25500,653520,25.72,26.24
2026/04/16 11:04:46,02722,重庆机电,CHONGQING M&E,,2.63,0.07,2.73438,2.56,2.62,2.65,2.55,6772388,17665813,2.62,2.63
2026/04/16 11:04:47,02726,瀚天天成,EPIWORLD,,108.8,2.2,2.06379,106.6,106.6,109.9,104.6,63650,6829490,107.7,108.8
2026/04/16 11:04:16,02727,上海电气,SH ELECTRIC,,3.99,0.08,2.04604,3.91,3.91,4.04,3.9,13424000,53307040,3.98,3.99
2026/04/16 08:55:00,02728,金泰能源控股,JINTAI ENERGY H,,0.024,0.0,0.0,0.024,0.0,0.0,0.0,0,0,0.0,0.0
2026/04/16 11:03:18,02729,凯乐士科技,GALAXIS TECH,,40.82,-0.14,-0.3418,40.96,41.1,41.32,39.54,388000,15643740,40.5,40.82
2026/04/16 09:32:51,02738,华津国际控股,HUAJIN INTL,,0.179,0.0,0.0,0.179,0.0,0.0,0.0,0,0,0.162,0.265
2026/04/16 11:01:13,02768,国恩科技,GON TECHNOLOGY,,48.38,0.78,1.63866,47.6,47.6,48.74,47.2,90200,4328744,48.2,48.38
2026/04/16 11:04:19,02772,中梁控股,ZHONGLIANG HLDG,,0.042,0.0,0.0,0.042,0.044,0.044,0.04,471500,19621,0.041,0.042
2026/04/16 11:04:26,02777,富力地产,R&F PROPERTIES,,0.39,-0.01,-2.5,0.4,0.4,0.405,0.39,436400,173472,0.39,0.4
2026/04/16 11:00:22,02779,中国新华教育,CH XINHUA EDU,,0.495,0.0,0.0,0.495,0.485,0.495,0.48,408000,200110,0.49,0.495
2026/04/16 11:04:44,02788,创新实业,CHUANGXIN IND,,31.58,0.68,2.20065,30.9,31.34,32.3,30.9,1961500,62002530,31.5,31.58
2026/04/16 10:47:32,02789,远大中国,YUANDA CHINA,,0.185,-0.009,-4.63918,0.194,0.193,0.193,0.185,84000,15706,0.185,0.189
2026/04/16 10:55:22,02798,久泰邦达能源,PER ENERGY,,0.96,-0.02,-2.04082,0.98,0.94,0.97,0.94,55000,52600,0.95,0.98
2026/04/16 11:03:06,02799,中信金融资产,CITIC FAMC,,0.72,0.0,0.0,0.72,0.72,0.73,0.71,27342000,19693210,0.72,0.73
2026/04/16 11:03:01,02858,易鑫集团,YIXIN,,2.14,-0.04,-1.83486,2.18,2.2,2.2,2.13,2532000,5442995,2.14,2.15
2026/04/16 09:04:27,02863,高丰集团控股,GOLDEN FAITH GP,,0.37,0.0,0.0,0.37,0.0,0.0,0.0,0,0,0.365,0.41
2026/04/16 11:04:46,02865,钧达股份,DRINDA,,33.04,1.26,3.96476,31.78,31.8,33.44,31.52,4565000,149130326,33.0,33.1
2026/04/16 11:04:43,02866,中远海发,COSCO SHIP DEV,,1.18,-0.01,-0.84034,1.19,1.19,1.19,1.17,3052000,3584820,1.17,1.18
2026/04/16 11:03:35,02869,绿城服务,GREENTOWN SER,,4.43,-0.02,-0.44944,4.45,4.56,4.56,4.41,452000,2014696,4.43,4.45
2026/04/16 11:03:46,02877,神威药业,SHINEWAY PHARM,,9.85,-0.1,-1.00503,9.95,9.5,10.06,9.5,618000,6118570,9.85,9.87
2026/04/16 10:47:49,02878,晶门半导体,SOLOMON SYSTECH,,0.36,-0.005,-1.36986,0.365,0.36,0.365,0.36,82000,29550,0.36,0.365
2026/04/16 11:01:42,02880,辽港股份,LIAONING PORT,,0.86,0.0,0.0,0.86,0.87,0.87,0.85,838000,718480,0.85,0.86
2026/04/16 10:36:35,02881,武汉有机,WUHAN YOUJI,,6.1,-0.9,-12.85714,7.0,6.5,6.5,6.1,5500,34825,6.38,6.89
2026/04/16 09:50:15,02882,金至尊集团,3DG HOLDINGS,,0.5,0.0,0.0,0.5,0.0,0.0,0.0,0,0,0.51,0.53
2026/04/16 11:03:32,02883,中海油田服务,CHINA OILFIELD,,8.91,-0.17,-1.87225,9.08,9.08,9.08,8.83,3692000,32850206,8.91,8.92
2026/04/16 11:03:20,02885,彼岸控股,PEIPORT HOLD,,0.93,-0.01,-1.06383,0.94,0.93,0.94,0.92,44000,40780,0.94,0.95
2026/04/16 11:04:14,02886,滨海投资,BINHAI INV,,1.18,-0.01,-0.84034,1.19,1.17,1.19,1.17,412000,487080,1.17,1.18
2026/04/16 11:04:46,02888,渣打集团,STANCHART,,188.6,1.9,1.01768,186.7,188.4,189.2,187.3,242273,45668667,188.7,189.10001
2026/04/16 11:04:43,02889,博泰车联,PATEO,,120.3,-3.4,-2.74859,123.7,125.0,125.4,119.0,410740,49871080,120.2,120.7
2026/04/16 08:55:00,02892,万城控股,MILLION CITIES,,0.44,0.0,0.0,0.44,0.0,0.0,0.0,0,0,0.0,0.0
2026/04/16 08:55:00,02898,盛禾生物－Ｂ,SUNHO BIO-B,,6.39,0.0,0.0,6.39,0.0,0.0,0.0,0,0,0.0,0.0
2026/04/16 11:04:02,02899,紫金矿业,ZIJIN MINING,,37.94,-0.04,-0.10532,37.98,38.0,38.2,37.62,12564672,475876532,37.94,37.96
2026/04/16 08:55:00,02929,STERLING GP-OLD,STERLING GP-OLD,,1.0,0.0,0.0,1.0,0.0,0.0,0.0,0,0,0.0,0.0
2026/04/16 10:49:13,02931,诺比侃（旧）,NUOBIKAN-OLD,,60.0,0.0,0.0,60.0,0.0,0.0,0.0,0,0,60.0,63.0
2026/04/16 10:14:46,02934,圣马丁国际（旧）,SANDMARTIN-OLD,,0.8,0.0,0.0,0.8,0.0,0.0,0.0,0,0,0.77,0.0
2026/04/16 08:55:00,02935,环球华商（一万）,GLOBAL CHI-10K,,17.11,0.0,0.0,17.11,0.0,0.0,0.0,0,0,0.0,0.0
2026/04/16 08:55:00,02938,派格－Ｂ（五百）,PEGBIO CO-B-500,,55.7,0.0,0.0,55.7,0.0,0.0,0.0,0,0,0.0,0.0
2026/04/16 11:04:35,02939,圣马丁国际股权,SANDMARTIN RTS,,0.114,0.026,29.54546,0.088,0.088,0.15,0.088,6534327,769051,0.11,0.114
2026/04/16 11:04:32,03200,大族数控,HANS CNC,,137.9,7.9,6.07692,130.0,131.2,139.8,130.8,586994,80639203,137.89999,138.39999
2026/04/16 11:04:41,03268,美格智能,MEIG,,24.2,1.56,6.89046,22.64,23.18,24.72,23.02,2350600,56053158,24.2,24.3
2026/04/16 11:04:47,03288,海天味业,HAITIAN FLAV,,36.62,0.12,0.32877,36.5,36.66,36.88,36.44,146939,5379941,36.56,36.68
2026/04/16 10:29:31,03300,中国玻璃,CHINA GLASS,,0.5,0.0,0.0,0.5,0.5,0.5,0.495,370000,183750,0.495,0.5
2026/04/16 11:04:32,03301,融信中国,RONSHINECHINA,,0.108,0.0,0.0,0.108,0.103,0.108,0.102,754500,78322,0.104,0.105
2026/04/16 10:50:26,03302,精技集团,KINERGY,,0.375,0.0,0.0,0.375,0.375,0.38,0.375,1392000,524860,0.375,0.38
2026/04/16 09:00:52,03303,巨涛海洋石油服务,JUTAL OIL SER,,0.445,0.0,0.0,0.445,0.0,0.0,0.0,0,0,0.45,0.46
2026/04/16 11:04:46,03306,江南布衣,JNBY,,21.8,-0.02,-0.09166,21.82,22.1,22.1,21.4,385500,8347333,21.76,21.82
2026/04/16 10:52:06,03309,希玛医疗,C-MER MEDICAL,,1.27,0.01,0.79365,1.26,1.25,1.27,1.25,14000,17660,1.25,1.27
2026/04/16 11:04:28,03311,中国建筑国际,CHINA STATE CON,,8.74,-0.12,-1.3544,8.86,8.86,8.88,8.67,4038001,35342838,8.72,8.74
2026/04/16 10:39:30,03313,雅高控股,ARTGO HOLDINGS,,0.121,0.001,0.83333,0.12,0.12,0.121,0.12,45000,5310,0.117,0.12
2026/04/16 10:57:01,03315,金邦达宝嘉,GOLDPAC GROUP,,0.81,0.0,0.0,0.81,0.0,0.0,0.0,0,0,0.81,0.82
2026/04/16 11:03:17,03316,滨江服务,BINJIANG SER,,24.18,-0.56,-2.26354,24.74,24.2,24.68,24.1,32000,776340,24.18,24.2
2026/04/16 11:04:42,03317,迅策,XUNCE,,331.6,18.8,6.01023,312.8,314.0,344.8,306.0,3046172,1011398605,331.39999,332.79999
2026/04/16 09:07:56,03318,中国波顿,CHINA BOTON,,1.6,0.0,0.0,1.6,0.0,0.0,0.0,0,0,1.52,1.64
2026/04/16 11:01:25,03319,雅生活服务,A-LIVING,,1.94,0.05,2.6455,1.89,1.9,1.94,1.9,217500,420342,1.93,1.94
2026/04/16 11:04:27,03320,华润医药,CHINARES PHARMA,,6.38,0.02,0.31447,6.36,6.35,6.4,6.31,5627000,35819850,6.36,6.38
2026/04/16 10:36:45,03321,中科集团控股,ZHONGKE GROUP,,0.046,0.001,2.22222,0.045,0.045,0.046,0.045,152500,7012,0.045,0.046
2026/04/16 09:43:10,03322,永嘉集团,WIN HANVERKY,,0.203,0.0,0.0,0.203,0.0,0.0,0.0,0,0,0.199,0.203
2026/04/16 11:04:38,03323,中国建材,CNBM,,5.49,0.0,0.0,5.49,5.47,5.64,5.42,15291547,84400372,5.47,5.49
2026/04/16 11:04:22,03328,交通银行,BANKCOMM,,7.14,0.0,0.0,7.14,7.13,7.18,7.12,4182559,29916771,7.13,7.14
2026/04/16 10:11:21,03329,交银国际,BOCOM INTL,,0.355,0.01,2.89855,0.345,0.35,0.355,0.35,93000,32780,0.35,0.355
2026/04/16 11:04:42,03330,灵宝黄金,LINGBAO GOLD,,26.62,0.04,0.15049,26.58,26.88,27.16,26.3,3504500,93301732,26.6,26.64
2026/04/16 09:50:02,03332,中生联合,SINOLIFE UTD,,0.365,0.0,0.0,0.365,0.0,0.0,0.0,0,0,0.355,0.405
2026/04/16 10:54:52,03336,巨腾国际,JU TENG INTL,,2.61,0.0,0.0,2.61,2.65,2.71,2.59,3888000,10270860,2.61,2.62
2026/04/16 11:04:41,03337,安东油田服务,ANTON OILFIELD,,1.05,0.01,0.96154,1.04,1.03,1.05,1.03,428000,446160,1.04,1.05
2026/04/16 11:04:14,03339,中国龙工,LONKING,,3.32,0.02,0.60606,3.3,3.32,3.33,3.26,2743000,9006840,3.3,3.32
2026/04/16 11:03:44,03347,泰格医药,TIGERMED,,44.3,-0.4,-0.89486,44.7,44.7,45.14,43.74,539800,23960421,44.3,44.4
2026/04/16 09:04:36,03348,中国鹏飞集团,CHINA PENGFEI,,1.29,0.0,0.0,1.29,0.0,0.0,0.0,0,0,1.25,1.3
2026/04/16 11:04:37,03355,飞速创新,FS.COM,,52.95,1.65,3.21637,51.3,50.3,53.8,49.62,257700,13307286,52.95,53.25
2026/04/16 11:03:28,03360,远东宏信,FE HORIZON,,7.33,-0.04,-0.54274,7.37,7.45,7.45,7.29,1758000,12885830,7.32,7.33
2026/04/16 09:31:04,03363,正业国际,ZHENGYE INT'L,,0.33,0.0,0.0,0.33,0.0,0.0,0.0,0,0,0.33,0.36
2026/04/16 10:37:21,03366,华侨城（亚洲）,OCT (ASIA),,0.255,0.0,0.0,0.255,0.255,0.255,0.255,22000,5610,0.25,0.255
2026/04/16 09:00:24,03368,百盛集团,PARKSON GROUP,,0.152,0.0,0.0,0.152,0.0,0.0,0.0,0,0,0.146,0.152
2026/04/16 10:45:54,03369,秦港股份,QHD PORT,,2.46,0.0,0.0,2.46,2.46,2.47,2.45,116500,286510,2.46,2.47
2026/04/16 10:49:40,03377,远洋集团,SINO-OCEAN GP,,0.069,0.0,0.0,0.069,0.07,0.07,0.067,17525583,1186457,0.068,0.069
2026/04/16 11:03:41,03378,翰思艾泰－Ｂ,HANXBIO-B,,28.22,-0.98,-3.35616,29.2,29.5,29.98,28.22,24300,709588,28.26,29.0
2026/04/16 11:03:43,03380,龙光集团,LOGAN GROUP,,1.27,0.0,0.0,1.27,1.28,1.28,1.26,442000,559430,1.26,1.27
2026/04/16 10:05:45,03382,天津港发展,TIANJINPORT DEV,,0.7,0.01,1.44928,0.69,0.7,0.7,0.69,48000,33280,0.69,0.7
2026/04/16 10:57:11,03383,雅居乐集团,AGILE GROUP,,0.24,0.0,0.0,0.24,0.244,0.244,0.24,70000,16852,0.238,0.243
2026/04/16 10:22:32,03389,亨得利,HENGDELI,,0.173,0.001,0.5814,0.172,0.173,0.173,0.173,400000,69200,0.173,0.18
2026/04/16 11:02:54,03390,满贯集团,TYCOON GROUP,,0.255,-0.03,-10.52632,0.285,0.29,0.29,0.232,11788000,2979366,0.25,0.26
2026/04/16 11:03:03,03393,威胜控股,WASION HOLDINGS,,30.8,0.14,0.45662,30.66,31.04,31.34,30.42,1410000,43440000,30.7,30.78
2026/04/16 09:30:35,03395,吉星新能源,JX ENERGY,,0.26,0.0,0.0,0.26,0.0,0.0,0.0,0,0,0.26,0.265
2026/04/16 11:04:29,03396,联想控股,LEGENDHOLDING,,9.18,0.09,0.9901,9.09,9.11,9.23,9.11,2269200,20831467,9.18,9.19
2026/04/16 10:58:36,03398,华鼎控股,CHINA TING,,0.058,-0.002,-3.33333,0.06,0.056,0.058,0.053,100000,5466,0.055,0.058
2026/04/16 10:10:47,03399,粤运交通,YUEYUN TRANS,,1.49,-0.01,-0.66667,1.5,1.49,1.49,1.48,34000,50600,1.49,1.5
2026/04/16 11:03:24,03600,现代牙科,MODERN DENTAL,,6.49,0.03,0.4644,6.46,6.46,6.55,6.46,240000,1561830,6.48,6.52
2026/04/16 10:43:15,03601,鲁大师,LUDASHI,,0.83,0.0,0.0,0.83,0.83,0.83,0.83,25000,20750,0.82,0.84
2026/04/16 10:49:36,03603,信基沙溪,XINJI SHAXI,,0.057,-0.004,-6.55738,0.061,0.063,0.063,0.057,18000,1098,0.059,0.062
2026/04/16 11:04:37,03606,福耀玻璃,FUYAO GLASS,,62.35,0.45,0.72698,61.9,61.75,63.5,61.75,270400,16837730,62.25,62.35
2026/04/16 11:03:43,03613,同仁堂国药,TONGRENTANGCM,,7.67,0.01,0.13055,7.66,7.68,7.74,7.65,456000,3507400,7.67,7.68
2026/04/16 09:48:44,03616,恒达集团控股,EVER REACH GP,,0.209,0.0,0.0,0.209,0.0,0.0,0.0,0,0,0.195,0.208
2026/04/16 11:04:32,03618,重庆农村商业银行,CQRC BANK,,7.0,-0.15,-2.0979,7.15,7.08,7.09,6.96,4856000,34088120,6.99,7.0
2026/04/16 09:48:51,03623,中国金融发展,C SUCCESS FIN,,0.74,0.0,0.0,0.74,0.0,0.0,0.0,0,0,0.72,0.8
2026/04/16 11:04:11,03625,傅里叶,FOURSEMI,,142.6,5.9,4.31602,136.7,136.7,149.0,135.0,195526,28083686,142.0,143.0
2026/04/16 09:36:01,03626,启明东方控股,EAST NOVA HLDGS,,2.18,0.0,0.0,2.18,2.2,2.2,2.18,6000,13160,2.16,2.2
2026/04/16 09:31:02,03628,仁恒实业控股,RENHENG ENT,,0.195,0.0,0.0,0.195,0.0,0.0,0.0,0,0,0.172,0.21
2026/04/16 11:03:45,03633,中裕能源,ZHONGYU ENERGY,,2.73,0.0,0.0,2.73,2.75,2.81,2.71,1616000,4424270,2.72,2.73
2026/04/16 11:03:00,03636,金浔资源,JINXUN RESOURCE,,26.36,0.28,1.07362,26.08,26.4,26.76,25.68,88200,2293224,26.04,26.5
2026/04/16 10:44:15,03638,亨利加集团,HUNLICAR GROUP,,8.7,-0.05,-0.57143,8.75,8.75,8.75,8.62,18000,155900,8.61,8.71
2026/04/16 09:49:13,03639,亿达中国,YIDA CHINA,,0.042,0.0,0.0,0.042,0.0,0.0,0.0,0,0,0.042,0.045
2026/04/16 11:04:41,03650,KEEP,KEEP,,2.97,0.1,3.48432,2.87,2.86,3.02,2.83,564100,1656639,2.96,2.97
2026/04/16 11:00:50,03658,新希望服务,NEW HOPE SERV,,1.95,-0.04,-2.01005,1.99,1.98,1.98,1.95,274000,537140,1.95,2.0
2026/04/16 10:54:57,03660,奇富科技－Ｓ,QFIN-S,,55.9,0.55,0.99368,55.35,55.25,56.0,55.2,17550,980225,55.65,55.9
2026/04/16 10:57:42,03662,星悦康旅,STARJOY W&T,,0.29,-0.005,-1.69492,0.295,0.295,0.305,0.29,123000,36410,0.29,0.295
2026/04/16 08:55:00,03666,上海小南国,SHANGHAI XNG,,0.024,0.0,0.0,0.024,0.0,0.0,0.0,0,0,0.0,0.0
2026/04/16 11:03:24,03668,兖煤澳大利亚,YANCOAL AUS,,39.1,-0.18,-0.45825,39.28,39.28,39.28,38.54,704400,27391222,39.1,39.12
2026/04/16 11:04:40,03669,永达汽车,YONGDA AUTO,,1.15,0.0,0.0,1.15,1.15,1.16,1.13,598500,685335,1.14,1.15
2026/04/16 11:03:51,03677,正力新能,ZENERGY,,7.88,0.26,3.41207,7.62,7.74,8.1,7.7,10105200,80209356,7.88,7.91
2026/04/16 11:01:56,03678,弘业期货,HOLLY FUTURES,,2.87,0.03,1.05634,2.84,2.86,2.89,2.83,2044000,5850800,2.86,2.87
2026/04/16 11:04:06,03680,瑞和数智,RUIHE DATA,,2.43,-0.08,-3.18725,2.51,2.51,2.51,2.3,4348000,10488880,2.4,2.44
2026/04/16 10:59:54,03681,中国抗体－Ｂ,SINOMAB BIO-B,,1.66,-0.03,-1.77515,1.69,1.66,1.7,1.65,1541100,2564787,1.65,1.67
2026/04/16 10:56:33,03683,荣丰亿控股,GREAT HARVEST,,0.064,0.0,0.0,0.064,0.0,0.0,0.0,0,0,0.062,0.064
2026/04/16 10:58:01,03686,祈福生活服务,CLIFFORDML,,0.77,0.02,2.66667,0.75,0.77,0.77,0.77,10000,7700,0.75,0.76
2026/04/16 09:59:42,03688,莱蒙国际,TOP SPRING,,0.305,0.0,0.0,0.305,0.0,0.0,0.0,0,0,0.275,0.31
2026/04/16 09:30:28,03689,康华医疗,KANGHUA HEALTH,,2.06,0.0,0.0,2.06,0.0,0.0,0.0,0,0,2.05,2.27
2026/04/16 11:04:55,03690,美团－Ｗ,MEITUAN-W,,88.4,2.1,2.43337,86.3,86.85,89.15,86.0,18763500,1644346998,88.35,88.4
2026/04/16 11:04:52,03692,翰森制药,HANSOH PHARMA,,39.82,0.42,1.06599,39.4,39.58,40.18,39.54,3327989,132604538,39.8,39.84
2026/04/16 11:04:41,03696,英矽智能,INSILICO,,61.6,1.25,2.07125,60.35,60.85,62.95,60.2,1595900,98699190,61.55,61.6
2026/04/16 11:03:35,03698,徽商银行,HUISHANG BANK,,4.81,-0.11,-2.23577,4.92,4.92,4.92,4.8,3499000,16916860,4.81,4.82
2026/04/16 09:04:28,03699,光大永年,EB GRAND CHINA,,0.365,0.0,0.0,0.365,0.0,0.0,0.0,0,0,0.36,0.37
2026/04/16 10:46:32,03700,映宇宙,INKEVERSE,,0.71,-0.03,-4.05405,0.74,0.74,0.74,0.71,226000,162040,0.71,0.73
2026/04/16 11:03:27,03708,世界数字经济产业,WORLD DIGI ECON,,0.239,-0.008,-3.23887,0.247,0.234,0.26,0.233,2960000,717830,0.238,0.249
2026/04/16 11:03:31,03709,赢家时尚,EEKA FASHION,,6.54,0.14,2.1875,6.4,6.39,6.61,6.39,392000,2557722,6.51,6.56
2026/04/16 11:04:27,03718,北控城市资源,BJ ENT URBAN,,0.43,0.0,0.0,0.43,0.43,0.43,0.43,2132000,916760,0.425,0.43
2026/04/16 09:41:10,03728,正利控股,CHING LEE,,0.062,0.0,0.0,0.062,0.0,0.0,0.0,0,0,0.061,0.065
2026/04/16 10:30:58,03737,中智药业,ZHONGZHIPHARM,,0.85,0.01,1.19048,0.84,0.84,0.87,0.83,111000,93350,0.84,0.87
2026/04/16 11:03:20,03738,阜博集团,VOBILE GROUP,,3.81,0.15,4.09836,3.66,3.73,3.89,3.7,15321000,58249080,3.81,3.82
2026/04/16 11:04:55,03750,宁德时代,CATL,,716.0,60.5,9.2296,655.5,684.5,723.0,682.5,3031801,2140277315,715.5,716.5
2026/04/16 11:04:48,03759,康龙化成,PHARMARON,,21.94,0.36,1.66821,21.58,21.88,22.08,21.44,2393800,52238430,21.92,21.94
2026/04/16 09:10:28,03768,滇池水务,DCWT,,0.64,0.0,0.0,0.64,0.0,0.0,0.0,0,0,0.63,0.65
2026/04/16 10:58:51,03773,银盛数惠,YS DIGIFAVOR,,2.18,-0.02,-0.90909,2.2,2.2,2.2,2.1,14000,30260,2.13,2.18
2026/04/16 10:10:05,03778,中国织材控股,CHINA WEAVING,,3.0,0.0,0.0,3.0,3.0,3.0,3.0,40000,120000,3.0,3.0
2026/04/16 11:03:56,03788,罕王黄金,HANKING GOLD,,4.02,0.11,2.8133,3.91,3.91,4.03,3.86,1111000,4379120,4.0,4.03
2026/04/16 10:33:54,03789,御佳控股,ROYAL DELUXE,,0.104,0.0,0.0,0.104,0.0,0.0,0.0,0,0,0.105,0.0
2026/04/16 10:49:21,03798,家乡互动,HOMELAND ITL,,1.35,0.04,3.05344,1.31,1.34,1.35,1.29,104000,140240,1.3,1.35
2026/04/16 11:04:52,03800,协鑫科技,GCL TECH,,0.98,0.0,0.0,0.98,0.99,1.0,0.97,53971000,53143564,0.97,0.98
2026/04/16 11:04:53,03808,中国重汽,SINOTRUK,,42.66,-0.6,-1.38696,43.26,43.62,43.7,42.2,3876520,165947021,42.64,42.66
2026/04/16 10:59:27,03813,宝胜国际,POU SHENG INT'L,,0.41,0.0,0.0,0.41,0.0,0.0,0.0,0,0,0.4,0.41
2026/04/16 11:04:22,03816,ＫＦＭ金德,KFM KINGDOM,,2.4,0.01,0.41841,2.39,2.4,2.4,2.4,4000,9600,2.4,2.46
2026/04/16 11:01:29,03818,中国动向,CHINA DONGXIANG,,0.41,-0.005,-1.20482,0.415,0.415,0.415,0.41,735000,305000,0.41,0.415
2026/04/16 10:31:41,03822,三和建筑集团,SAM WOO CONS,,1.06,0.0,0.0,1.06,0.0,0.0,0.0,0,0,1.04,1.1
2026/04/16 10:43:28,03828,明辉国际,MING FAI INT'L,,0.81,0.0,0.0,0.81,0.81,0.81,0.8,46000,37250,0.8,0.82
2026/04/16 11:02:49,03830,童园国际,KIDDIELAND,,0.218,0.0,0.0,0.218,0.0,0.0,0.0,0,0,0.215,0.218
2026/04/16 11:04:12,03833,新疆新鑫矿业,XINXIN MINING,,2.3,-0.05,-2.12766,2.35,2.32,2.33,2.28,1301000,2986440,2.29,2.31
2026/04/16 11:02:43,03836,和谐汽车,HARMONY AUTO,,1.07,0.05,4.90196,1.02,1.04,1.09,1.04,724000,770000,1.05,1.07
2026/04/16 10:31:36,03838,中国淀粉,CHINA STARCH,,0.175,0.0,0.0,0.175,0.0,0.0,0.0,0,0,0.176,0.179
2026/04/16 09:55:19,03839,正大企业国际,CT ENTERPRISE,,6.78,0.07,1.04322,6.71,6.58,6.78,6.58,1700,11342,6.66,6.76
2026/04/16 09:34:58,03848,浩森金融科技,HAOSEN FINTECH,,11.22,-0.01,-0.08905,11.23,11.22,11.22,11.22,102000,1144440,11.22,0.0
2026/04/16 11:04:45,03858,佳鑫国际资源,JIAXIN INTL RES,,120.5,8.6,7.68543,111.9,113.8,121.5,110.1,1590300,184981980,120.2,120.5
2026/04/16 09:30:22,03860,ＥＰＳ创健科技,EPS HEALTH TECH,,0.56,0.0,0.0,0.56,0.0,0.0,0.0,0,0,0.52,0.56
2026/04/16 11:04:44,03866,青岛银行,BQD,,4.35,-0.02,-0.45767,4.37,4.39,4.39,4.35,371000,1618955,4.35,4.36
2026/04/16 11:01:47,03868,信义能源,XINYI ENERGY,,1.18,0.0,0.0,1.18,1.18,1.18,1.16,2436000,2848420,1.17,1.18
2026/04/16 09:00:10,03869,弘和仁爱医疗,HOSPITAL CORP,,3.5,0.0,0.0,3.5,0.0,0.0,0.0,0,0,0.0,3.99
2026/04/16 11:04:53,03877,中国船舶租赁,CSSC SHIPPING,,2.47,0.0,0.0,2.47,2.47,2.48,2.45,2903600,7166398,2.46,2.47
2026/04/16 09:04:29,03878,VICON HOLDINGS,VICON HOLDINGS,,0.21,0.0,0.0,0.21,0.0,0.0,0.0,0,0,0.198,0.22
2026/04/16 11:00:06,03880,泰德医药,MEDTIDE,,22.0,-0.1,-0.45249,22.1,22.0,22.2,21.76,49600,1094130,22.02,22.16
2026/04/16 11:04:55,03881,希迪智驾,CIDI,,31.0,-1.92,-5.83232,32.92,33.02,33.88,30.44,3630900,113621242,30.92,31.12
2026/04/16 09:56:15,03882,天彩控股,SKYLIGHT HLDG,,0.5,0.0,0.0,0.5,0.0,0.0,0.0,0,0,0.455,0.5
2026/04/16 11:01:53,03883,中国奥园,CHINA AOYUAN,,0.059,0.002,3.50877,0.057,0.058,0.059,0.057,732158,42657,0.058,0.059
2026/04/16 10:00:07,03886,康健国际医疗,TOWN HEALTH,,0.242,0.001,0.41494,0.241,0.243,0.245,0.241,144000,34954,0.238,0.242
2026/04/16 11:03:10,03887,HASHKEY HLDGS,HASHKEY HLDGS,,4.81,0.06,1.26316,4.75,4.75,4.87,4.75,236000,1127592,4.81,4.82
2026/04/16 11:04:42,03888,金山软件,KINGSOFT,,24.36,0.78,3.30789,23.58,23.98,24.64,23.8,8260657,200778848,24.34,24.36
2026/04/16 09:30:36,03889,大成玉米集团,GLOBAL CORN GP,,0.086,0.0,0.0,0.086,0.0,0.0,0.0,0,0,0.085,0.091
2026/04/16 11:00:42,03893,易纬集团,CROSSTEC,,1.08,0.04,3.84615,1.04,1.11,1.11,1.08,62000,67460,1.08,1.15
2026/04/16 11:04:55,03896,金山云,KINGSOFT CLOUD,,9.06,0.35,4.01837,8.71,8.9,9.2,8.76,49686130,449374652,9.05,9.07
2026/04/16 11:04:40,03898,时代电气,TIMES ELECTRIC,,37.64,-0.56,-1.46597,38.2,38.62,38.62,37.48,898100,34002147,37.66,37.74
2026/04/16 10:57:51,03899,中集安瑞科,CIMC ENRIC,,10.72,-0.05,-0.46425,10.77,10.57,10.87,10.57,810742,8671380,10.71,10.73
2026/04/16 11:04:20,03900,绿城中国,GREENTOWN CHINA,,9.11,-0.09,-0.97826,9.2,9.2,9.24,9.02,4173500,37943080,9.08,9.11
2026/04/16 08:55:00,03903,瀚华金控,HANHUA FIN,,0.168,0.0,0.0,0.168,0.0,0.0,0.0,0,0,0.0,0.0
2026/04/16 11:04:45,03908,中金公司,CICC,,20.0,0.74,3.84216,19.26,20.02,20.12,19.66,14108580,280749590,19.99,20.0
2026/04/16 11:04:39,03913,合景悠活,KWG LIVING,,0.181,-0.003,-1.63044,0.184,0.184,0.189,0.181,415549,75416,0.181,0.186
2026/04/16 11:04:59,03918,金界控股,NAGACORP,,4.15,-0.05,-1.19048,4.2,4.24,4.24,4.14,1034000,4324160,4.14,4.15
2026/04/16 11:04:55,03919,金力集团,GOLDENPOWER,,1.38,0.0,0.0,1.38,0.0,0.0,0.0,0,0,1.32,1.48
2026/04/16 10:52:11,03928,中国新零售供应链,CHINA NEXT-GEN,,18.1,0.0,0.0,18.1,18.1,18.3,17.97,112000,2029380,17.92,18.12
2026/04/16 11:04:51,03931,中创新航,CALB,,37.52,0.22,0.58981,37.3,37.36,39.3,37.12,5408100,206519736,37.52,37.58
2026/04/16 11:04:36,03933,联邦制药,UNITED LAB,,10.23,-0.08,-0.77595,10.31,10.3,10.31,10.14,1274000,13007400,10.2,10.24
2026/04/16 10:35:25,03938,ＬＦＧ投资控股,LFG INV HLDGS,,3.68,-0.03,-0.80863,3.71,3.79,3.79,3.68,10000,37240,3.67,3.71
2026/04/16 11:04:50,03939,万国黄金集团,WANGUO GOLD GP,,13.33,0.0,0.0,13.33,13.46,13.46,13.19,5812500,77333778,13.29,13.33
2026/04/16 11:04:43,03958,东方证券,DFZQ,,6.1,0.13,2.17755,5.97,6.07,6.14,5.98,3817200,23179822,6.1,6.11
2026/04/16 09:00:52,03963,融众金融,RONGZHONG FIN,,0.138,0.0,0.0,0.138,0.0,0.0,0.0,0,0,0.132,0.0
2026/04/16 11:04:01,03968,招商银行,CM BANK,,51.3,0.5,0.98425,50.8,51.0,51.45,51.0,6101267,312397486,51.3,51.35
2026/04/16 11:00:46,03969,中国通号,CHINA CRSC,,3.62,-0.04,-1.0929,3.66,3.63,3.65,3.6,1257000,4550600,3.62,3.63
2026/04/16 11:02:12,03978,卓越教育集团,BESTSTUDY EDU,,3.43,0.01,0.2924,3.42,3.42,3.47,3.4,121000,415030,3.42,3.44
2026/04/16 11:00:01,03983,中海石油化学,CHINA BLUECHEM,,2.77,0.0,0.0,2.77,2.78,2.82,2.74,1909313,5304336,2.78,2.79
2026/04/16 11:05:04,03986,兆易创新,GIGADEVICE,,428.8,21.2,5.20118,407.6,409.0,430.8,398.8,796323,333271849,429.39999,430.79999
2026/04/16 11:04:49,03988,中国银行,BANK OF CHINA,,5.11,-0.02,-0.38986,5.13,5.14,5.15,5.11,34108582,174719910,5.11,5.12
2026/04/16 11:03:55,03989,首创环境,CAPITAL ENV,,0.1,-0.003,-2.91262,0.103,0.103,0.105,0.1,286000,29322,0.101,0.102
2026/04/16 11:03:53,03990,美的置业,MIDEA REAL EST,,3.51,-0.01,-0.28409,3.52,3.52,3.57,3.5,231000,812470,3.5,3.51
2026/04/16 10:11:48,03991,长虹佳华,CHANGHONG JH,,1.13,0.0,0.0,1.13,1.13,1.13,1.13,380000,429400,1.13,1.14
2026/04/16 11:05:01,03993,洛阳钼业,CMOC,,19.38,0.06,0.31056,19.32,19.32,19.6,19.13,14196276,274222011,19.38,19.39
2026/04/16 11:04:00,03996,中国能源建设,CH ENERGY ENG,,1.26,0.01,0.8,1.25,1.25,1.27,1.25,19826000,24911910,1.25,1.26
2026/04/16 10:42:29,03997,电讯首科,TSO,,0.88,0.0,0.0,0.88,0.0,0.0,0.0,0,0,0.89,0.97
2026/04/16 11:04:55,03998,波司登,BOSIDENG,,4.12,0.08,1.9802,4.04,4.1,4.17,4.08,7906857,32539459,4.11,4.13
2026/04/16 09:31:32,03999,大成食品,DACHAN FOOD,,0.61,0.0,0.0,0.61,0.0,0.0,0.0,0,0,0.59,0.61
2026/04/16 09:05:34,04332,AMGEN-T,AMGEN-T,,0.0,0.0,0.0,0.0,0.0,0.0,0.0,0,0,0.185,0.0
2026/04/16 09:03:22,04333,思科－Ｔ,CISCO-T,,150.0,0.0,0.0,150.0,0.0,0.0,0.0,0,0,250.0,620.0
2026/04/16 09:02:40,04335,英特尔－Ｔ,INTEL-T,,0.0,0.0,0.0,0.0,0.0,0.0,0.0,0,0,100.0,0.0
2026/04/16 09:03:00,04336,应用材料－Ｔ,APPL MATERIAL-T,,0.0,0.0,0.0,0.0,0.0,0.0,0.0,0,0,700.0,0.0
2026/04/16 09:03:21,04337,星巴克－Ｔ,STARBUCKS-T,,0.0,0.0,0.0,0.0,0.0,0.0,0.0,0,0,500.0,0.0
2026/04/16 09:03:39,04338,微软－Ｔ,MICROSOFT-T,,0.0,0.0,0.0,0.0,0.0,0.0,0.0,0,0,2000.0,0.0
2026/04/16 11:05:00,06030,中信证券,CITIC SEC,,27.56,0.68,2.52976,26.88,27.2,27.7,27.1,5443515,148947045,27.48,27.56
2026/04/16 11:04:33,06031,三一重工,SANY HEAVY IND,,21.82,-0.38,-1.71171,22.2,22.02,22.5,21.72,1099400,24184068,21.8,21.82
2026/04/16 10:53:20,06033,电讯数码控股,TELECOM DIGIT,,0.57,0.0,0.0,0.57,0.57,0.57,0.57,7000,3990,0.57,0.6
2026/04/16 10:59:22,06036,光丽科技,APEX ACE HLDG,,0.5,0.015,3.09278,0.485,0.48,0.5,0.48,105000,51650,0.485,0.51
2026/04/16 10:58:22,06038,信越控股,G & M HLDGS,,0.395,0.02,5.33333,0.375,0.38,0.395,0.38,30000,11700,0.39,0.395
2026/04/16 11:04:38,06049,保利物业,POLY PPT SER,,31.78,0.08,0.25237,31.7,31.88,31.88,31.64,92600,2939392,31.76,31.78
2026/04/16 11:04:17,06055,中烟香港,CTIHK,,31.5,0.8,2.60586,30.7,30.98,31.56,30.7,938000,29323180,31.4,31.48
2026/04/16 10:55:16,06058,兴证国际,CISI FIN,,0.54,0.02,3.84615,0.52,0.52,0.54,0.52,1346000,710760,0.53,0.54
2026/04/16 11:05:00,06060,众安在线,ZA ONLINE,,12.7,0.02,0.15773,12.68,12.78,12.79,12.63,3551700,45064516,12.69,12.7
2026/04/16 11:00:44,06063,智中国际,LOTUS HORIZON,,0.46,0.01,2.22222,0.45,0.45,0.46,0.435,7992000,3550160,0.445,0.46
2026/04/16 11:04:59,06066,中信建投证券,CSC,,11.25,0.3,2.73973,10.95,11.01,11.3,11.01,1654500,18467150,11.25,11.27
2026/04/16 09:51:59,06068,光正教育,WISDOM EDU INTL,,0.071,0.0,0.0,0.071,0.0,0.0,0.0,0,0,0.067,0.07
2026/04/16 11:03:48,06069,盛业,SY HOLDINGS,,9.58,-0.01,-0.10428,9.59,9.83,9.83,9.52,5063000,48782905,9.57,9.58
2026/04/16 11:05:02,06078,海吉亚医疗,HYGEIA HEALTH,,12.44,-0.04,-0.32051,12.48,12.48,12.55,12.36,764200,9502527,12.44,12.45
2026/04/16 10:35:53,06080,荣智控股,WING CHI HLDGS,,0.126,-0.004,-3.07692,0.13,0.13,0.13,0.124,210000,26658,0.124,0.13
2026/04/16 11:05:03,06082,壁仞科技,BIREN TECH,,45.7,7.12,18.45516,38.58,39.0,46.04,38.72,19454962,840202960,45.7,45.78
2026/04/16 10:11:55,06083,环宇物流（亚洲）,WORLD-LINK LOG,,0.59,0.01,1.72414,0.58,0.59,0.59,0.59,64000,37760,0.58,0.59
2026/04/16 10:58:51,06086,方舟健客,FANGZHOU JIANKE,,1.34,-0.03,-2.18978,1.37,1.37,1.38,1.33,159000,215110,1.35,1.37
2026/04/16 11:05:04,06088,FIT HON TENG,FIT HON TENG,,7.85,0.35,4.66667,7.5,7.63,7.93,7.36,25695000,196458695,7.83,7.85
2026/04/16 11:05:01,06090,不同集团,BUTONG GROUP,,42.84,2.48,6.1447,40.36,41.0,43.96,40.7,3594830,152030321,42.82,42.94
2026/04/16 10:47:10,06093,和泓服务,HEVOL SERVICES,,0.67,0.0,0.0,0.67,0.0,0.0,0.0,0,0,0.64,0.75
2026/04/16 11:02:21,06098,碧桂园服务,CG SERVICES,,6.31,-0.04,-0.62992,6.35,6.31,6.34,6.29,1308589,8262792,6.31,6.32
2026/04/16 11:05:04,06099,招商证券,CMSC,,14.07,0.19,1.36888,13.88,14.0,14.15,13.88,1060800,14856536,14.06,14.07
2026/04/16 11:01:52,06100,同道猎聘,TONGDAO LIEPIN,,2.75,-0.02,-0.72202,2.77,2.8,2.8,2.74,188200,521374,2.75,2.77
2026/04/16 10:37:51,06108,新锐医药,NEW RAY MEDIC,,0.214,0.0,0.0,0.214,0.0,0.0,0.0,0,0,0.203,0.218
2026/04/16 11:05:02,06110,滔搏,TOPSPORTS,,2.87,0.05,1.77305,2.82,2.82,2.88,2.82,3179000,9031848,2.86,2.87
2026/04/16 09:49:33,06113,比特策略,BITSTRAT HLDGS,,1.13,0.02,1.8018,1.11,1.13,1.13,1.13,2000,2260,1.06,1.2
2026/04/16 09:00:22,06117,日照港裕廊,RIZHAO PORT JR,,0.66,0.0,0.0,0.66,0.0,0.0,0.0,0,0,0.65,0.68
2026/04/16 11:01:49,06118,奥星生命科技,AUSTAR,,0.8,-0.05,-5.88235,0.85,0.9,0.9,0.8,406000,333660,0.79,0.8
2026/04/16 08:55:00,06119,天源集团,TIAN YUAN GP,,0.44,0.0,0.0,0.44,0.0,0.0,0.0,0,0,0.0,0.0
2026/04/16 10:48:32,06123,圆通国际快递,YTO INTL EXP,,1.42,0.0,0.0,1.42,1.42,1.42,1.42,58000,82360,1.42,1.46
2026/04/16 11:03:25,06127,昭衍新药,JOINN,,22.88,0.06,0.26293,22.82,22.8,23.12,22.32,1592652,36221007,22.86,22.88
2026/04/16 11:03:25,06128,烯石电车新材料,GRAPHEX GROUP,,0.054,-0.002,-3.57143,0.056,0.056,0.059,0.053,2940000,159760,0.053,0.054
2026/04/16 08:55:00,06133,维太创科,VITAL INNO,,0.27,0.0,0.0,0.27,0.0,0.0,0.0,0,0,0.0,0.0
2026/04/16 10:39:15,06136,康达环保,KANGDA ENV,,0.74,0.02,2.77778,0.72,0.72,0.74,0.72,67000,49380,0.72,0.74
2026/04/16 11:03:05,06138,哈尔滨银行,HARBIN BANK,,0.34,0.0,0.0,0.34,0.34,0.34,0.34,178000,60520,0.34,0.345
2026/04/16 10:56:05,06158,正荣地产,ZHENRO PPT,,0.016,-0.002,-11.11111,0.018,0.016,0.02,0.016,55000,995,0.016,0.02
2026/04/16 11:04:53,06160,百济神州,BEONE MEDICINES,,195.2,4.7,2.46719,190.5,193.0,196.0,192.0,1944822,377968858,195.2,195.3
2026/04/16 10:18:11,06162,天瑞汽车内饰,TR INTERIORS,,0.18,0.002,1.1236,0.178,0.184,0.184,0.171,328000,58632,0.178,0.182
2026/04/16 10:33:58,06163,彭顺国际,GEMILANG INTL,,0.275,0.005,1.85185,0.27,0.275,0.275,0.275,8000,2200,0.27,0.3
2026/04/16 11:04:50,06166,剑桥科技,CIG,,88.25,1.9,2.20035,86.35,85.95,89.65,84.55,2349325,204599505,88.2,88.25
2026/04/16 11:04:52,06168,周六福,ZHOU LIU FU,,18.43,0.23,1.26374,18.2,18.0,18.49,18.0,207400,3786289,18.38,18.43
2026/04/16 10:49:43,06169,宇华教育,YUHUA EDU,,0.47,0.005,1.07527,0.465,0.485,0.485,0.46,610000,286390,0.46,0.47
2026/04/16 11:04:50,06178,光大证券,EB SECURITIES,,8.17,0.09,1.11386,8.08,8.08,8.2,8.08,1541400,12544338,8.16,8.17
2026/04/16 11:04:32,06181,老铺黄金,LAOPU GOLD,,662.0,-11.0,-1.63447,673.0,673.0,680.0,656.5,227000,150979325,662.5,663.0
2026/04/16 08:55:00,06182,乙德投资控股,TWINTEK,,0.74,0.0,0.0,0.74,0.0,0.0,0.0,0,0,0.0,0.0
2026/04/16 11:04:09,06185,康希诺生物,CANSINOBIO,,34.88,0.64,1.86916,34.24,34.34,34.88,33.98,303200,10444110,34.88,34.9
2026/04/16 11:04:53,06186,中国飞鹤,CHINA FEIHE,,3.38,-0.02,-0.58824,3.4,3.42,3.42,3.33,8925000,29945853,3.37,3.38
2026/04/16 09:41:44,06188,迪信通,BJ DIGITAL,,0.42,0.0,0.0,0.42,0.0,0.0,0.0,0,0,0.355,0.43
2026/04/16 08:55:00,06189,爱得威建设集团,ADWAY,,0.072,0.0,0.0,0.072,0.0,0.0,0.0,0,0,0.0,0.0
2026/04/16 11:02:24,06190,九江银行,BANKOFJIUJIANG,,2.31,0.0,0.0,2.31,0.0,0.0,0.0,0,0,2.2,2.28
2026/04/16 10:43:14,06193,泰林科建,TAILAM TECHCON,,0.29,0.005,1.75439,0.285,0.3,0.325,0.29,178000,55230,0.29,0.32
2026/04/16 11:02:28,06196,郑州银行,BANKOFZHENGZHOU,,1.02,0.01,0.9901,1.01,1.02,1.02,1.01,340000,344110,1.01,1.02
2026/04/16 11:04:54,06198,青岛港,QINGDAO PORT,,7.6,0.21,2.84168,7.39,7.4,7.6,7.4,1504000,11345115,7.58,7.6
2026/04/16 09:38:13,06199,贵州银行,BANK OF GUIZHOU,,0.99,0.0,0.0,0.99,0.0,0.0,0.0,0,0,0.99,1.0
2026/04/16 11:04:29,06600,卧安机器人,ONEROBOTICS,,116.3,-1.7,-1.44068,118.0,120.0,124.4,113.8,423307,49936486,116.3,116.8
2026/04/16 11:04:06,06601,朝云集团,CHEERWIN GP,,2.34,-0.04,-1.68067,2.38,2.38,2.39,2.34,406000,962465,2.33,2.35
2026/04/16 11:04:33,06603,IFBH,IFBH,,11.43,-0.1,-0.8673,11.53,11.53,11.53,11.13,697200,7876658,11.42,11.5
2026/04/16 11:00:17,06608,百融云－Ｗ,BAIRONG-W,,7.17,0.03,0.42017,7.14,7.31,7.5,7.14,733000,5355775,7.15,7.17
2026/04/16 11:02:01,06609,心玮医疗－Ｂ,HEARTCARE-B,,54.15,-1.55,-2.78277,55.7,55.95,55.95,53.65,21300,1152582,54.1,54.25
2026/04/16 11:01:46,06610,飞天云动,FLOWING CLOUD,,1.64,-0.29,-15.02591,1.93,1.93,1.93,1.61,1354401,2364424,1.64,1.67
2026/04/16 08:55:00,06611,三巽集团,SANXUN GROUP,,0.046,0.0,0.0,0.046,0.0,0.0,0.0,0,0,0.0,0.0
2026/04/16 11:04:56,06613,蓝思科技,LENS,,16.79,-2.87,-14.59817,19.66,18.15,18.15,15.68,44492396,732079924,16.79,16.81
2026/04/16 11:04:50,06616,环球新材国际,GLOBAL NEW MAT,,7.54,0.24,3.28767,7.3,7.39,7.62,6.88,1546000,11223113,7.39,7.53
2026/04/16 11:04:54,06618,京东健康,JD HEALTH,,49.58,0.52,1.05993,49.06,48.96,49.96,48.74,1566550,77490753,49.58,49.6
2026/04/16 10:58:52,06622,兆科眼科－Ｂ,ZHAOKE OPHTH-B,,3.03,-0.02,-0.65574,3.05,3.07,3.07,3.02,127500,387995,3.03,3.06
2026/04/16 08:55:00,06623,陆控,LUFAX,,10.9,0.0,0.0,10.9,0.0,0.0,0.0,0,0,0.0,0.0
2026/04/16 10:46:49,06626,越秀服务,YUEXIU SERVICES,,1.75,0.01,0.57471,1.74,1.75,1.75,1.73,198000,344750,1.74,1.75
2026/04/16 11:03:24,06628,创胜集团医药－Ｂ,TRANSCENTA-B,,2.74,-0.06,-2.14286,2.8,2.8,2.8,2.74,161500,444905,2.74,2.76
2026/04/16 09:01:14,06633,青瓷游戏,QINGCI GAMES,,2.77,0.0,0.0,2.77,0.0,0.0,0.0,0,0,2.71,0.0
2026/04/16 11:04:52,06636,极视角,EXTREME VISION,,101.2,7.0,7.431,94.2,95.95,105.5,93.35,418450,41949012,101.0,101.8
2026/04/16 08:55:00,06639,瑞尔集团,ARRAIL GROUP,,1.83,0.0,0.0,1.83,0.0,0.0,0.0,0,0,0.0,0.0
2026/04/16 11:04:55,06651,五一视界,51WORLD,,53.8,-2.7,-4.77876,56.5,56.4,57.0,52.25,7162498,388722576,53.75,53.8
2026/04/16 11:03:10,06655,华新建材,HX BLDG MAT,,17.54,0.06,0.34325,17.48,17.5,17.8,17.28,757600,13248902,17.49,17.54
2026/04/16 11:04:53,06656,思格新能,SIGENERGY,,567.5,243.29999,75.04626,324.20001,581.0,599.0,560.5,4946698,2883079160,567.5,568.0
2026/04/16 10:21:40,06657,百望股份,BAIWANG CO,,14.6,-0.4,-2.66667,15.0,15.01,15.01,14.6,600,8841,14.2,14.99
2026/04/16 11:04:40,06660,艾美疫苗,AIM VACCINE,,3.06,0.02,0.6579,3.04,2.95,3.1,2.89,1626200,4840308,3.05,3.07
2026/04/16 08:55:00,06661,湖州燃气,HUZHOU GAS,,5.28,0.0,0.0,5.28,0.0,0.0,0.0,0,0,0.0,0.0
2026/04/16 09:30:54,06663,国际永胜集团,IWS GROUP,,0.27,0.0,0.0,0.27,0.0,0.0,0.0,0,0,0.255,0.28
2026/04/16 11:03:43,06666,恒大物业,EVERG SERVICES,,1.23,0.04,3.36135,1.19,1.2,1.24,1.2,20908858,25549314,1.22,1.23
2026/04/16 10:40:10,06667,美因基因,MEGA GENOMICS,,7.31,0.0,0.0,7.31,0.0,0.0,0.0,10000,73100,7.32,7.5
2026/04/16 10:22:54,06668,星盛商业,E-STAR CM,,1.36,-0.01,-0.72993,1.37,1.36,1.36,1.35,162000,220200,1.36,1.37
2026/04/16 11:00:38,06669,先瑞达医疗－Ｂ,ACOTEC-B,,11.11,-0.34,-2.96943,11.45,11.4,11.47,11.02,73000,818700,11.11,11.19
2026/04/16 11:04:16,06676,找钢网－Ｗ,ZG GROUP-W,,1.27,-0.01,-0.78125,1.28,1.29,1.29,1.26,220000,280030,1.26,1.27
2026/04/16 09:30:11,06677,远洋服务,SINO-OCEAN SERV,,0.35,0.0,0.0,0.35,0.0,0.0,0.0,0,0,0.34,0.35
2026/04/16 11:04:54,06680,金力永磁,JLMAG,,21.16,0.58,2.81827,20.58,20.9,21.16,20.56,1730400,36146009,21.16,21.18
2026/04/16 11:04:39,06681,脑动极光－Ｂ,BRAINAURORA-B,,4.2,0.01,0.23866,4.19,4.23,4.31,4.17,4995000,21156260,4.2,4.21
2026/04/16 11:04:41,06682,范式智能,PHANCY,,40.36,0.5,1.25439,39.86,40.58,40.62,39.88,1173400,47189583,40.3,40.36
2026/04/16 11:04:56,06683,巨星传奇,STARPLUS LEGEND,,6.23,0.12,1.96399,6.11,6.15,6.26,6.15,4314500,26800100,6.21,6.24
2026/04/16 10:47:45,06686,诺亚控股,NOAH HOLDINGS,,17.45,-0.25,-1.41243,17.7,17.5,17.5,17.37,2900,50719,17.46,17.5
2026/04/16 11:04:45,06687,聚水潭,JST GROUP,,19.83,0.81,4.25868,19.02,19.06,20.7,19.06,1743000,35029657,19.8,19.83
2026/04/16 11:04:56,06690,海尔智家,HAIER SMARTHOME,,21.08,0.16,0.76482,20.92,20.8,21.18,20.8,5486540,115206233,21.06,21.08
2026/04/16 11:04:47,06693,赤峰黄金,CHIFENG GOLD,,41.72,-0.08,-0.19139,41.8,42.5,42.5,41.52,1383800,57820296,41.72,41.74
2026/04/16 08:55:00,06696,多想云,MANY IDEA CLOUD,,2.94,0.0,0.0,2.94,0.0,0.0,0.0,0,0,0.0,0.0
2026/04/16 10:51:04,06698,星空华文,STAR CM,,1.07,0.07,7.0,1.0,1.0,1.08,1.0,23000,24461,1.02,1.06
2026/04/16 11:04:12,06699,时代天使,ANGELALIGN,,90.85,0.45,0.49779,90.4,90.4,91.5,89.35,178890,16235161,90.6,90.85
2026/04/16 10:51:56,06805,金茂源环保,KIMOU ENVIRON,,2.8,-0.08,-2.77778,2.88,2.88,2.9,2.8,16000,45640,2.75,2.89
2026/04/16 11:04:23,06806,申万宏源,SWHY,,2.9,0.04,1.3986,2.86,2.88,2.92,2.88,4763200,13794200,2.9,2.91
2026/04/16 11:04:00,06808,高鑫零售,SUNART RETAIL,,1.42,-0.03,-2.06897,1.45,1.46,1.46,1.4,4551500,6442277,1.41,1.42
2026/04/16 11:04:52,06809,澜起科技,MONTAGE TECH,,221.4,19.0,9.38735,202.4,202.4,222.0,199.4,1075566,229557553,221.0,221.8
2026/04/16 10:35:19,06811,太兴集团,TAI HING GROUP,,1.09,0.0,0.0,1.09,1.09,1.09,1.09,9000,9810,1.08,1.09
2026/04/16 09:30:21,06812,永顺控股香港,WINSON HLDGS HK,,0.3,0.0,0.0,0.3,0.0,0.0,0.0,0,0,0.295,0.325
2026/04/16 08:55:00,06816,瑞港建设,PROSPER CONS,,0.19,0.0,0.0,0.19,0.0,0.0,0.0,0,0,0.0,0.0
2026/04/16 11:04:28,06818,中国光大银行,CEB BANK,,3.17,0.04,1.27796,3.13,3.14,3.19,3.12,9665000,30522271,3.16,3.17
2026/04/16 10:39:24,06820,友谊时光,FRIENDTIMES,,0.49,0.005,1.03093,0.485,0.495,0.495,0.48,36000,17570,0.48,0.49
2026/04/16 11:03:07,06821,凯莱英,ASYMCHEM,,100.4,1.75,1.77395,98.65,100.4,101.8,98.65,157900,15894505,100.4,100.5
2026/04/16 09:10:54,06822,科劲国际,KING'S FLAIR,,0.4,0.0,0.0,0.4,0.0,0.0,0.0,0,0,0.375,0.42
2026/04/16 11:04:55,06823,香港电讯－ＳＳ,HKT-SS,,12.36,0.02,0.16208,12.34,12.33,12.36,12.3,4763638,58815755,12.35,12.36
2026/04/16 10:59:22,06826,昊海生物科技,HAOHAI BIOTEC,,21.88,-0.06,-0.27347,21.94,22.02,22.04,21.82,55200,1208254,21.86,21.9
2026/04/16 09:30:38,06828,北京燃气蓝天,BG BLUE SKY,,0.038,0.0,0.0,0.038,0.0,0.0,0.0,0,0,0.036,0.038
2026/04/16 10:56:49,06829,龙升集团控股,DRAGON RISE GP,,2.5,-0.05,-1.96078,2.55,2.51,2.51,2.5,50000,124300,2.41,2.5
2026/04/16 10:27:36,06830,华众车载,HUAZHONG IN-V,,0.238,-0.006,-2.45902,0.244,0.233,0.238,0.232,272000,63378,0.233,0.238
2026/04/16 11:01:08,06831,绿茶集团,GREEN TEA GROUP,,8.48,0.08,0.95238,8.4,8.57,8.6,8.38,1279200,10841632,8.47,8.48
2026/04/16 10:42:18,06833,兴科蓉医药,SINCO PHARMA,,0.17,0.0,0.0,0.17,0.0,0.0,0.0,0,0,0.167,0.171
2026/04/16 09:30:39,06838,盈利时,WINOX,,0.221,0.0,0.0,0.221,0.0,0.0,0.0,0,0,0.22,0.234
2026/04/16 09:30:29,06839,云南水务,YUNNAN WATER,,0.117,0.0,0.0,0.117,0.0,0.0,0.0,0,0,0.115,0.12
2026/04/16 11:04:51,06855,亚盛医药－Ｂ,ASCENTAGE-B,,53.8,0.7,1.31827,53.1,53.7,54.0,52.55,1444640,77131407,53.8,53.85
2026/04/16 09:04:27,06858,本间高尔夫,HONMAGOLF,,3.0,0.0,0.0,3.0,0.0,0.0,0.0,0,0,2.8,3.02
2026/04/16 10:35:28,06860,指尖悦动,FINGERTANGO,,0.187,0.002,1.08108,0.185,0.187,0.187,0.187,14000,2618,0.174,0.185
2026/04/16 11:04:55,06862,海底捞,HAIDILAO,,15.23,0.76,5.25225,14.47,14.6,15.43,14.6,15949132,242917727,15.23,15.24
2026/04/16 11:03:46,06865,福莱特玻璃,FLAT GLASS,,9.35,0.12,1.30011,9.23,9.35,9.43,9.26,712000,6658129,9.34,9.38
2026/04/16 10:51:25,06866,佐力小贷,ZUOLI M-FIN,,0.315,-0.01,-3.07692,0.325,0.315,0.315,0.315,24000,7560,0.32,0.335
2026/04/16 11:04:40,06868,天福,TENFU,,2.87,0.01,0.34965,2.86,2.87,2.87,2.87,2000,5740,2.78,2.87
2026/04/16 11:04:55,06869,长飞光纤光缆,YOFC,,212.4,6.8,3.30739,205.6,203.0,212.6,199.0,8381214,1728096803,212.39999,212.60001
2026/04/16 10:42:18,06877,TE HEALTHCARE,TE HEALTHCARE,,0.138,0.003,2.22222,0.135,0.136,0.139,0.136,1005000,138470,0.14,0.149
2026/04/16 08:55:00,06878,鼎丰集团汽车,DIFFER GP AUTO,,0.037,0.0,0.0,0.037,0.0,0.0,0.0,0,0,0.0,0.0
2026/04/16 11:04:25,06881,中国银河,CGS,,8.79,0.13,1.50116,8.66,8.76,8.85,8.68,8538500,74647600,8.79,8.83
2026/04/16 10:52:03,06882,东瀛游,EGL HOLDINGS,,0.52,0.02,4.0,0.5,0.5,0.52,0.5,40000,20500,0.495,0.52
2026/04/16 08:55:00,06883,颖通控股,ETERNAL BEAUTY,,2.03,0.0,0.0,2.03,0.0,0.0,0.0,0,0,0.0,0.0
2026/04/16 10:34:39,06885,金马能源,JINMA ENERGY,,1.06,-0.01,-0.93458,1.07,1.06,1.06,1.06,211000,223660,1.05,1.06
2026/04/16 11:04:48,06886,HTSC,HTSC,,16.36,0.37,2.31395,15.99,15.99,16.46,15.99,5352400,86902593,16.36,16.37
2026/04/16 11:04:39,06887,东阳光药,SUNSHINE PHARMA,,44.98,0.8,1.81077,44.18,43.6,44.98,43.56,57391,2554212,44.88,44.98
2026/04/16 09:48:03,06888,英达公路再生科技,FREETECH,,0.137,0.0,0.0,0.137,0.0,0.0,0.0,0,0,0.129,0.137
2026/04/16 10:00:06,06889,DYNAM JAPAN,DYNAM JAPAN,,3.28,-0.07,-2.08955,3.35,3.28,3.28,3.28,1200,3938,3.29,3.36
2026/04/16 09:00:53,06890,康利国际控股,KANGLI INT HLDG,,0.35,0.0,0.0,0.35,0.0,0.0,0.0,0,0,0.345,0.355
2026/04/16 10:51:27,06893,衍生集团,HINSANG GROUP,,0.233,-0.011,-4.5082,0.244,0.231,0.233,0.231,24000,5552,0.233,0.248
2026/04/16 11:04:54,06896,金嗓子,GOLDEN THROAT,,3.65,-0.06,-1.61725,3.71,3.69,3.69,3.65,160000,585335,3.66,3.69
2026/04/16 10:09:23,06898,中国铝罐,CHINA ALUMCAN,,0.74,0.0,0.0,0.74,0.0,0.0,0.0,0,0,0.69,0.71
2026/04/16 08:55:00,06899,联众,OURGAME,,0.23,0.0,0.0,0.23,0.0,0.0,0.0,0,0,0.0,0.0
2026/04/16 11:02:14,06908,宏光半导体,HG SEMI,,0.43,-0.005,-1.14943,0.435,0.435,0.435,0.43,215000,92975,0.425,0.43
2026/04/16 10:33:08,06909,百得利控股,BETTERLIFE HLDG,,0.33,-0.01,-2.94118,0.34,0.34,0.34,0.33,276000,91280,0.325,0.33
2026/04/16 09:00:22,06911,澜沧古茶,LANCANG TEA,,2.99,0.0,0.0,2.99,0.0,0.0,0.0,0,0,0.0,3.4
2026/04/16 10:52:13,06913,华南职业教育,SCVE GROUP,,0.198,-0.01,-4.80769,0.208,0.199,0.202,0.198,324000,64546,0.198,0.209
2026/04/16 09:32:38,06918,奇士达,KIDZTECH,,0.158,0.0,0.0,0.158,0.0,0.0,0.0,4000,620,0.155,0.158
2026/04/16 10:30:04,06919,人瑞人才,RENRUI HR,,3.8,0.1,2.7027,3.7,3.8,3.8,3.8,13600,51680,3.8,4.01
2026/04/16 10:25:16,06922,康沣生物－Ｂ,CRYOFOCUS-B,,5.68,0.02,0.35336,5.66,5.78,5.81,5.66,8200,46942,5.69,5.7
2026/04/16 11:04:30,06928,万马控股,TOMO HOLDINGS,,0.226,-0.022,-8.87097,0.248,0.223,0.255,0.223,696000,159996,0.227,0.24
2026/04/16 09:50:51,06929,业聚医疗,ORBUSNEICH,,4.06,0.0,0.0,4.06,0.0,0.0,0.0,0,0,4.02,4.05
2026/04/16 11:03:40,06933,新娱科控股,SINO-ENTERTAIN,,0.78,0.04,5.40541,0.74,0.74,0.78,0.74,330000,250500,0.71,0.78
2026/04/16 11:04:45,06936,顺丰控股,SF HOLDING,,35.8,-0.34,-0.94079,36.14,36.4,36.4,35.66,457400,16402332,35.78,35.88
2026/04/16 11:04:34,06938,瑞博生物－Ｂ,RIBOLIFE-B,,68.95,-2.05,-2.88732,71.0,70.25,70.25,67.1,68600,4689260,68.55,68.95
2026/04/16 11:03:38,06939,美佳音控股,MEGAIN,,1.72,-0.01,-0.57804,1.73,1.73,1.75,1.69,248000,425580,1.72,1.74
2026/04/16 11:04:05,06955,博安生物,BOAN BIOTECH,,7.05,-0.23,-3.15934,7.28,7.3,7.3,7.0,1859800,13178746,7.05,7.06
2026/04/16 10:44:06,06958,正荣服务,ZHENRO SERVICES,,0.101,0.0,0.0,0.101,0.0,0.0,0.0,0,0,0.101,0.108
2026/04/16 11:04:31,06959,长久股份,CHANGJIU HLDGS,,4.0,0.12,3.09278,3.88,3.91,4.0,3.91,5300,21020,3.99,4.0
2026/04/16 11:04:13,06960,双登股份,SHUANGDENG,,14.32,0.34,2.43205,13.98,14.16,14.46,14.09,325000,4628525,14.24,14.31
2026/04/16 11:04:35,06963,阳光保险,SUNSHINE INS,,3.65,-0.03,-0.81522,3.68,3.7,3.7,3.62,3801000,13848487,3.64,3.65
2026/04/16 09:37:21,06966,中国万桐园,C WAN TONG YUAN,,0.52,0.0,0.0,0.52,0.0,0.0,0.0,0,0,0.46,0.51
2026/04/16 09:00:38,06968,港龙中国地产,GANGLONG CHINA,,0.075,0.0,0.0,0.075,0.0,0.0,0.0,0,0,0.07,0.075
2026/04/16 11:04:26,06969,思摩尔国际,SMOORE INTL,,9.38,0.03,0.32086,9.35,9.53,9.7,9.35,4851000,46119951,9.36,9.37
2026/04/16 11:03:36,06978,永泰生物－Ｂ,IMMUNOTECH-B,,3.6,-0.07,-1.90736,3.67,3.6,3.61,3.55,255000,910050,3.6,3.62
2026/04/16 11:04:47,06979,珍酒李渡,ZJLD,,8.78,0.01,0.11403,8.77,8.78,8.85,8.73,1023861,8996220,8.77,8.79
2026/04/16 11:02:53,06980,八马茶业,BAMA TEA,,27.68,1.22,4.61073,26.46,27.0,27.94,26.94,10500,290902,27.7,27.86
2026/04/16 11:04:14,06988,乐享集团,JOY SPREADER,,0.113,-0.017,-13.07692,0.13,0.13,0.13,0.11,15383000,1789475,0.112,0.115
2026/04/16 11:03:00,06989,卓越商企服务,EXCELLENCE CM,,0.63,-0.01,-1.5625,0.64,0.64,0.65,0.63,212000,134280,0.63,0.64
2026/04/16 11:04:26,06990,科伦博泰生物,SKB BIO,,510.0,-9.0,-1.7341,519.0,516.0,523.5,504.0,158400,80842125,510.0,512.5
2026/04/16 10:59:38,06993,蓝月亮集团,BLUE MOON GROUP,,3.0,0.01,0.33445,2.99,2.98,3.02,2.98,534500,1604235,3.0,3.02
2026/04/16 11:04:48,06996,德琪医药－Ｂ,ANTENGENE-B,,6.05,-0.1,-1.62602,6.15,6.14,6.23,5.98,1345000,8177320,6.05,6.07
2026/04/16 11:04:22,06998,亿腾嘉和,EDDING GENOR,,3.26,0.06,1.875,3.2,3.2,3.35,3.1,2409000,7836650,3.26,3.29
2026/04/16 08:55:00,06999,领地控股,LEADING HLDGS,,0.117,0.0,0.0,0.117,0.0,0.0,0.0,0,0,0.0,0.0
2026/04/16 11:04:43,07489,岚图汽车,VOYAH AUTO,,6.93,0.02,0.28944,6.91,7.06,7.06,6.81,3602321,25037047,6.92,6.93
2026/04/16 11:04:31,07618,京东工业,JD INDUSTRIALS,,14.66,-0.34,-2.26667,15.0,15.0,15.1,14.34,1627800,23855112,14.66,14.73
2026/04/16 10:18:28,08003,世大控股,GREAT WORLD,,0.114,0.0,0.0,0.114,0.114,0.114,0.114,18000,2052,0.106,0.114
2026/04/16 10:54:31,08005,裕兴科技,YUXING INFOTECH,,0.07,0.0,0.0,0.07,0.0,0.0,0.0,0,0,0.07,0.082
2026/04/16 10:11:11,08006,华泰瑞银,SINO SPLENDID,,0.09,0.0,0.0,0.09,0.0,0.0,0.0,0,0,0.086,0.096
2026/04/16 10:55:33,08007,环球战略集团,GLOBALSTRAT,,0.59,0.02,3.50877,0.57,0.57,0.61,0.51,592000,345740,0.56,0.59
2026/04/16 09:30:38,08013,ECI TECH,ECI TECH,,0.062,0.0,0.0,0.062,0.0,0.0,0.0,0,0,0.056,0.063
2026/04/16 10:58:36,08017,捷利交易宝,TRADEGO,,1.23,-0.02,-1.6,1.25,1.24,1.25,1.21,544000,673480,1.23,1.24
2026/04/16 09:39:44,08018,汇财金融投资,FINSOFT FIN,,0.045,0.0,0.0,0.045,0.0,0.0,0.0,0,0,0.042,0.049
2026/04/16 10:21:49,08019,皓文控股,HAO WEN HLDGS,,0.214,0.0,0.0,0.214,0.0,0.0,0.0,0,0,0.0,0.255
2026/04/16 10:48:56,08020,宏海控股集团,UNITAS HOLD,,0.022,-0.001,-4.34783,0.023,0.022,0.022,0.022,670000,14740,0.022,0.023
2026/04/16 09:47:20,08023,邝文记,KWONG MAN KEE,,0.305,0.0,0.0,0.305,0.0,0.0,0.0,0,0,0.28,0.36
2026/04/16 10:54:12,08026,朗华国际集团,CB GLOBAL,,0.355,0.07,24.5614,0.285,0.355,0.355,0.355,1000,355,0.355,0.345
2026/04/16 10:56:41,08027,吉辉控股,KPM HOLDING,,0.077,0.0,0.0,0.077,0.077,0.077,0.077,25000,1925,0.079,0.084
2026/04/16 09:36:16,08028,天时资源,TIMELESS,,0.235,0.0,0.0,0.235,0.0,0.0,0.0,0,0,0.234,0.249
2026/04/16 10:55:33,08029,帝国金融集团,IMPERIUM FIN GP,,1.03,0.0,0.0,1.03,1.03,1.03,1.03,30000,30900,1.03,1.07
2026/04/16 11:03:20,08030,丰银禾控股,FENGYINHE,,3.34,-0.96,-22.32558,4.3,4.09,4.3,3.3,600000,2152790,3.32,3.35
2026/04/16 09:57:20,08031,易通讯集团,ETS GROUP,,0.35,0.0,0.0,0.35,0.0,0.0,0.0,0,0,0.345,0.365
2026/04/16 09:30:15,08033,爱达利网络,VODATEL NETWORK,,0.127,0.0,0.0,0.127,0.0,0.0,0.0,0,0,0.122,0.134
2026/04/16 09:00:00,08035,骏高控股,JANCO HOLDINGS,,0.045,0.0,0.0,0.045,0.0,0.0,0.0,0,0,0.044,0.05
2026/04/16 09:00:30,08036,电子交易集团,EBROKER GROUP,,0.027,0.0,0.0,0.027,0.0,0.0,0.0,0,0,0.025,0.028
2026/04/16 11:01:56,08037,中国生物科技服务,CH BIOTECH SER,,0.68,-0.01,-1.44928,0.69,0.7,0.7,0.68,185000,126400,0.68,0.69
2026/04/16 08:55:00,08039,中国来骑哦,CHINA COME RIDE,,0.151,0.0,0.0,0.151,0.0,0.0,0.0,0,0,0.0,0.0
2026/04/16 10:30:17,08040,快意智能,COOLPOINT INNO,,0.4,0.0,0.0,0.4,0.0,0.0,0.0,0,0,0.38,0.395
2026/04/16 11:03:07,08041,中微智码,INTELLIMARK AI,,0.61,-0.02,-3.1746,0.63,0.63,0.63,0.61,20000,12300,0.6,0.62
2026/04/16 10:50:30,08042,高奥士人才集团,KOS TALENT GP,,0.058,0.0,0.0,0.058,0.06,0.06,0.058,230000,13360,0.058,0.06
2026/04/16 10:37:31,08043,ATLINKS,ATLINKS,,0.192,-0.005,-2.53807,0.197,0.193,0.193,0.192,70000,13485,0.192,0.198
2026/04/16 08:55:00,08047,中国海洋发展,CHINA OCEAN GP,,0.025,0.0,0.0,0.025,0.0,0.0,0.0,0,0,0.0,0.0
2026/04/16 08:55:00,08048,御德国际控股,YU TAK INT'L,,0.018,0.0,0.0,0.018,0.0,0.0,0.0,0,0,0.0,0.0
2026/04/16 10:08:24,08049,吉林长龙药业,JILIN CHANGLONG,,2.35,-0.04,-1.67364,2.39,2.39,2.39,2.35,36000,85880,2.39,2.41
2026/04/16 11:04:18,08050,城市酷选,CITY COOLXUAN,,1.02,0.06,6.25,0.96,0.97,1.19,0.95,158000,159260,1.02,1.05
2026/04/16 10:29:37,08051,讯智海,CIRCUTECH,,2.55,0.0,0.0,2.55,0.0,0.0,0.0,0,0,2.55,2.75
2026/04/16 08:55:00,08052,陆庆娱乐,LUK HING ENT,,0.041,0.0,0.0,0.041,0.0,0.0,0.0,0,0,0.0,0.0
2026/04/16 10:20:30,08056,生活概念,LIFE CONCEPTS,,0.135,0.0,0.0,0.135,0.0,0.0,0.0,8500,913,0.125,0.15
2026/04/16 10:32:47,08057,麦迪森控股,MADISON HLDG,,0.092,0.0,0.0,0.092,0.0,0.0,0.0,0,0,0.096,0.097
2026/04/16 09:30:02,08059,朝威控股,GLORY FLAME,,0.034,0.0,0.0,0.034,0.0,0.0,0.0,0,0,0.031,0.037
2026/04/16 09:00:08,08060,国联通信,GLOBAL LINK,,0.092,0.0,0.0,0.092,0.0,0.0,0.0,0,0,0.086,0.092
2026/04/16 09:03:45,08062,俊盟国际,EFT SOLUTIONS,,0.24,0.0,0.0,0.24,0.0,0.0,0.0,0,0,0.23,0.248
2026/04/16 09:00:08,08065,高萌科技,KML TECH,,0.121,0.0,0.0,0.121,0.0,0.0,0.0,0,0,0.117,0.121
2026/04/16 10:37:34,08066,品创控股,PHOENITRON HOLD,,0.465,0.015,3.33333,0.45,0.465,0.465,0.465,20000,9300,0.42,0.465
2026/04/16 09:00:02,08067,东方大学城控股,OUC HOLDINGS,,0.275,0.0,0.0,0.275,0.0,0.0,0.0,0,0,0.265,0.29
2026/04/16 10:41:58,08069,飞道旅游科技,FLYDOO TECH,,0.022,-0.001,-4.34783,0.023,0.022,0.022,0.022,105000,2310,0.021,0.022
2026/04/16 09:30:02,08070,侨洋国际控股,KEEN OCEAN,,0.98,0.0,0.0,0.98,0.0,0.0,0.0,0,0,0.92,0.98
2026/04/16 11:01:32,08071,中彩网通控股,CH NETCOMTECH,,0.019,0.0,0.0,0.019,0.019,0.019,0.019,525000,9975,0.018,0.019
2026/04/16 09:55:24,08072,兰谷股份,LANGU CO,,0.45,0.0,0.0,0.45,0.0,0.0,0.0,0,0,0.41,0.47
2026/04/16 10:23:31,08073,水发兴业新材料,SFSY NEW MAT,,0.265,0.025,10.41667,0.24,0.265,0.265,0.265,16000,4240,0.265,0.295
2026/04/16 09:30:10,08076,新利软件,SING LEE,,0.023,0.0,0.0,0.023,0.0,0.0,0.0,0,0,0.023,0.024
2026/04/16 10:13:51,08079,仍志集团控股,WISDOMCOME GP,,0.46,0.0,0.0,0.46,0.0,0.0,0.0,0,0,0.45,0.51
2026/04/16 09:04:22,08080,北亚策略,NAS HOLDINGS,,0.48,0.0,0.0,0.48,0.0,0.0,0.0,0,0,0.465,0.49
2026/04/16 11:03:30,08081,白居易控股,BAIJUYI HOLD,,0.019,0.0,0.0,0.019,0.018,0.019,0.017,2910000,52310,0.018,0.019
2026/04/16 10:48:37,08082,擎华控股,QINGHUA HOLD,,0.063,0.0,0.0,0.063,0.066,0.066,0.063,740000,47050,0.062,0.065
2026/04/16 11:04:16,08083,有赞,YOUZAN,,0.164,0.003,1.86335,0.161,0.161,0.165,0.16,107592000,17535272,0.164,0.165
2026/04/16 10:52:04,08087,中国三三传媒,CHINA 33MEDIA,,8.88,0.0,0.0,8.88,0.0,0.0,0.0,0,0,0.0,8.88
2026/04/16 10:57:49,08091,奥传思维控股,OOH HOLDINGS,,0.036,-0.004,-10.0,0.04,0.036,0.036,0.036,130000,4680,0.036,0.043
2026/04/16 09:30:00,08092,ITE HOLDINGS,ITE HOLDINGS,,0.033,0.0,0.0,0.033,0.033,0.033,0.033,144000,4752,0.032,0.033
2026/04/16 09:50:59,08093,瓦普思瑞元宇宙,WEB3 META,,2.57,0.0,0.0,2.57,0.0,0.0,0.0,0,0,2.57,0.0
2026/04/16 10:52:14,08095,北大青鸟环宇,BEIDA JADE BIRD,,0.92,0.0,0.0,0.92,0.91,0.92,0.91,506000,464580,0.92,0.93
2026/04/16 09:30:01,08096,赏之味,TASTY CONCEPTS,,0.115,0.0,0.0,0.115,0.0,0.0,0.0,0,0,0.115,0.12
2026/04/16 09:04:26,08098,昌利控股,CL GROUP,,0.042,0.0,0.0,0.042,0.0,0.0,0.0,0,0,0.041,0.045
2026/04/16 08:55:00,08100,名科国际,FAMOUS TECH INT,,0.25,0.0,0.0,0.25,0.0,0.0,0.0,0,0,0.0,0.0
2026/04/16 09:39:35,08103,ＨＭＶＯＤ视频,HMVOD,,0.204,0.0,0.0,0.204,0.0,0.0,0.0,0,0,0.192,0.204
2026/04/16 09:30:45,08106,芯化兰德,XINHUA LANDE,,0.31,0.0,0.0,0.31,0.0,0.0,0.0,0,0,0.3,0.315
2026/04/16 10:41:18,08107,细叶榕科技,FICUS TECH,,0.165,0.0,0.0,0.165,0.165,0.165,0.165,40000,6600,0.142,0.165
2026/04/16 08:55:00,08111,中国科技产业集团,CT IND GROUP,,0.074,0.0,0.0,0.074,0.0,0.0,0.0,0,0,0.0,0.0
2026/04/16 09:59:00,08112,基石金融,CORNERSTONE FIN,,0.1,0.0,0.0,0.1,0.0,0.0,0.0,0,0,0.095,0.103
2026/04/16 09:30:30,08113,时腾科技,V&V TECH,,0.395,0.0,0.0,0.395,0.0,0.0,0.0,0,0,0.3,0.415
2026/04/16 10:05:24,08115,清大东方,QINGDA ORIENTAL,,11.0,-0.5,-4.34783,11.5,11.0,11.0,11.0,4000,44000,11.0,0.0
2026/04/16 10:14:44,08117,中国基础能源,CHI P ENERGY,,0.065,0.0,0.0,0.065,0.0,0.0,0.0,0,0,0.059,0.066
2026/04/16 10:04:46,08118,中资国际控股,ZHONGZI INTL H,,0.147,0.0,0.0,0.147,0.0,0.0,0.0,0,0,0.133,0.146
2026/04/16 10:47:50,08120,国农金融投资,CH DEMETER FIN,,0.63,-0.03,-4.54546,0.66,0.63,0.63,0.63,10000,6300,0.57,0.62
2026/04/16 09:57:01,08121,国恩控股,GUOEN HOLDINGS,,0.73,0.0,0.0,0.73,0.0,0.0,0.0,0,0,0.68,0.77
2026/04/16 08:59:58,08123,华亿金控,SINOFORTUNE FIN,,0.01,0.0,0.0,0.01,0.0,0.0,0.0,0,0,0.0,0.01
2026/04/16 09:30:00,08125,中新控股,CHINA NEW HLDGS,,0.5,0.0,0.0,0.5,0.0,0.0,0.0,0,0,0.46,0.54
2026/04/16 08:55:00,08126,Ｇ．Ａ．控股,G. A. HOLDINGS,,0.038,0.0,0.0,0.038,0.0,0.0,0.0,0,0,0.0,0.0
2026/04/16 09:51:09,08128,中国恒有源集团,CHYY GP,,0.036,0.002,5.88235,0.034,0.036,0.036,0.036,40000,1440,0.033,0.036
2026/04/16 08:55:00,08130,大地国际集团,DADI INTL GROUP,,0.01,0.0,0.0,0.01,0.0,0.0,0.0,0,0,0.0,0.0
2026/04/16 11:04:39,08131,辰罡科技,ABC MULTIACTIVE,,0.063,0.016,34.04255,0.047,0.048,0.067,0.048,8670000,512050,0.061,0.064
2026/04/16 09:30:07,08132,百能国际能源,CENTURY EN INTL,,0.082,0.0,0.0,0.082,0.0,0.0,0.0,0,0,0.082,0.087
2026/04/16 10:22:13,08133,吉盛集团控股,JISHENG GP HLDG,,0.34,0.0,0.0,0.34,0.0,0.0,0.0,0,0,0.335,0.34
2026/04/16 09:04:19,08136,英马斯集团,IMS GROUP,,0.045,0.0,0.0,0.045,0.0,0.0,0.0,0,0,0.043,0.046
2026/04/16 11:00:28,08137,洪桥集团,HONBRIDGE,,0.385,-0.01,-2.53165,0.395,0.39,0.39,0.38,1152000,442620,0.38,0.385
2026/04/16 09:30:00,08139,长安仁恒,CHANGAN RH,,1.3,0.0,0.0,1.3,0.0,0.0,0.0,0,0,1.23,1.39
2026/04/16 10:51:17,08140,人和科技,BOSATECH,,0.129,0.0,0.0,0.129,0.0,0.0,0.0,0,0,0.124,0.129
2026/04/16 11:02:20,08143,金威医疗,GF HEALTHCARE,,0.125,0.005,4.16667,0.12,0.129,0.129,0.125,170000,21330,0.119,0.123
2026/04/16 10:08:49,08146,怡园酒业,GRACEWINE,,0.55,0.0,0.0,0.55,0.0,0.0,0.0,0,0,0.55,0.58
2026/04/16 10:39:17,08147,汇思太平洋,MILLENNIUM PG,,0.76,0.0,0.0,0.76,0.76,0.76,0.74,200000,151840,0.73,0.76
2026/04/16 10:40:47,08148,悟喜生活,WUXI LIFE,,4.05,0.0,0.0,4.05,0.0,0.0,0.0,0,0,0.0,4.05
2026/04/16 11:04:03,08149,浩德控股,ALTUS HLDGS,,0.118,0.006,5.35714,0.112,0.112,0.118,0.112,950000,109150,0.116,0.118
2026/04/16 10:59:18,08152,明梁控股,M&L HOLDINGS,,0.08,0.0,0.0,0.08,0.0,0.0,0.0,0,0,0.077,0.08
2026/04/16 10:53:19,08153,嘉鼎国际集团,JIADING INTL GP,,0.81,-0.03,-3.57143,0.84,0.82,0.82,0.81,75225,61123,0.81,0.85
2026/04/16 10:33:58,08156,国药科技股份,SINOPHARM TECH,,0.239,-0.031,-11.48148,0.27,0.239,0.239,0.239,60000,14560,0.245,0.25
2026/04/16 10:14:03,08158,中国再生医学,CRMI,,0.31,-0.01,-3.125,0.32,0.305,0.31,0.305,50000,15275,0.31,0.33
2026/04/16 09:30:00,08159,新华联合投资,CU VENTURE INV,,0.062,0.0,0.0,0.062,0.0,0.0,0.0,0,0,0.062,0.068
2026/04/16 09:30:27,08160,GOLDWAY EDU,GOLDWAY EDU,,0.58,0.0,0.0,0.58,0.0,0.0,0.0,0,0,0.47,0.59
2026/04/16 09:30:04,08161,医汇集团,MEDINET GROUP,,0.68,0.0,0.0,0.68,0.0,0.0,0.0,0,0,0.62,0.8
2026/04/16 10:45:29,08162,港银控股,LOCO HK,,0.54,-0.01,-1.81818,0.55,0.52,0.54,0.52,930000,490700,0.53,0.55
2026/04/16 11:00:41,08163,声扬集团,NOIZ GROUP,,0.031,0.001,3.33333,0.03,0.031,0.031,0.031,200000,6200,0.029,0.031
2026/04/16 10:57:41,08168,宝积资本,AMASSE CAPITAL,,0.114,-0.005,-4.20168,0.119,0.117,0.117,0.114,970000,111680,0.113,0.116
2026/04/16 10:12:08,08169,环康集团,ECO-TEK HLDGS,,0.038,0.0,0.0,0.038,0.0,0.0,0.0,0,0,0.038,0.039
2026/04/16 08:55:00,08172,拉近网娱,LAJIN ENT,,0.19,0.0,0.0,0.19,0.0,0.0,0.0,0,0,0.0,0.0
2026/04/16 10:03:16,08173,客思控股,HEPHAESTUS HLDG,,0.11,0.005,4.76191,0.105,0.11,0.11,0.11,20000,2200,0.105,0.118
2026/04/16 10:58:12,08176,超人智能,SUPERROBOTICS,,0.044,0.0,0.0,0.044,0.0,0.0,0.0,0,0,0.042,0.045
2026/04/16 10:54:46,08178,中国信息科技,CHINA INFO TECH,,0.25,0.007,2.88066,0.243,0.235,0.255,0.235,336000,80954,0.239,0.25
2026/04/16 08:59:58,08179,百利达集团控股,PALINDA GROUP,,0.012,0.0,0.0,0.012,0.0,0.0,0.0,0,0,0.011,0.012
2026/04/16 09:04:28,08181,港深智能管理,KS SMART MGMT,,0.047,0.0,0.0,0.047,0.0,0.0,0.0,0,0,0.045,0.051
2026/04/16 10:16:05,08186,曼妠,ALMANA,,1.04,0.0,0.0,1.04,0.0,0.0,0.0,0,0,0.95,1.14
2026/04/16 09:04:26,08187,积木集团,JIMU GROUP,,0.5,0.0,0.0,0.5,0.0,0.0,0.0,0,0,0.5,0.53
2026/04/16 10:52:54,08188,骏杰集团控股,GME GROUP,,1.15,0.0,0.0,1.15,1.15,1.17,1.15,432000,499680,1.16,1.17
2026/04/16 09:00:36,08189,泰达生物,TEDA BIOMEDICAL,,0.285,0.0,0.0,0.285,0.0,0.0,0.0,0,0,0.275,0.29
2026/04/16 09:54:33,08191,鸿伟亚洲,HONG WEI ASIA,,0.146,0.001,0.68966,0.145,0.146,0.146,0.146,6000,876,0.141,0.15
2026/04/16 10:24:35,08193,亚太金融投资,ASIAPAC FIN INV,,0.3,0.005,1.69492,0.295,0.3,0.3,0.3,10000,3000,0.28,0.3
2026/04/16 09:00:16,08195,传承教育集团,LEGENDARY EDU,,1.37,0.0,0.0,1.37,0.0,0.0,0.0,0,0,1.35,1.38
2026/04/16 11:03:10,08196,福田股份,FUTIAN HOLDINGS,,0.71,0.04,5.97015,0.67,0.68,0.71,0.68,200000,139280,0.68,0.72
2026/04/16 10:53:03,08198,加幂科技,CRYPTO FLOW,,1.55,-0.01,-0.64103,1.56,1.61,1.61,1.55,47200,75064,1.55,1.6
2026/04/16 10:58:01,08200,修身堂,SAU SAN TONG,,0.62,0.0,0.0,0.62,0.62,0.62,0.62,13500,8295,0.62,0.67
2026/04/16 09:30:34,08201,宝联控股,PPS INT'L,,0.114,0.0,0.0,0.114,0.0,0.0,0.0,0,0,0.11,0.128
2026/04/16 09:30:15,08203,凯顺控股,KAISUN HOLDINGS,,0.2,0.0,0.0,0.2,0.0,0.0,0.0,0,0,0.171,0.21
2026/04/16 11:04:32,08205,交大慧谷,JIAODA WITHUB,,0.305,0.0,0.0,0.305,0.0,0.0,0.0,0,0,0.285,0.31
2026/04/16 08:55:00,08206,神通机器人教育,S ROBOT EDU,,0.038,0.0,0.0,0.038,0.0,0.0,0.0,0,0,0.0,0.0
2026/04/16 11:04:30,08208,永通万国集团,RADIANCE GLO GP,,0.12,0.0,0.0,0.12,0.12,0.12,0.12,48000,5760,0.121,0.126
2026/04/16 10:34:16,08210,衍汇亚洲,DLC ASIA,,0.057,0.0,0.0,0.057,0.0,0.0,0.0,0,0,0.057,0.065
2026/04/16 09:04:13,08213,荣晖控股,STARGLORY HLDGS,,0.175,0.0,0.0,0.175,0.0,0.0,0.0,0,0,0.156,0.187
2026/04/16 10:20:29,08217,菊福堂生物,JU FU TANG BIOT,,0.35,0.015,4.47761,0.335,0.33,0.35,0.33,140000,47000,0.31,0.35
2026/04/16 09:35:18,08218,毅高国际控股,ECHO INT HOLD,,0.11,0.0,0.0,0.11,0.0,0.0,0.0,0,0,0.105,0.129
2026/04/16 09:44:05,08219,恒伟集团控股,HANVEY GROUP,,0.18,0.0,0.0,0.18,0.0,0.0,0.0,0,0,0.176,0.184
2026/04/16 10:53:20,08220,比高集团,BINGO GROUP,,3.7,0.1,2.77778,3.6,3.78,3.78,3.52,71500,263520,3.58,3.72
2026/04/16 10:58:37,08221,高裕金融,GAOYU FINANCE,,1.11,-0.02,-1.76991,1.13,1.02,1.11,1.02,30000,31900,1.13,1.19
2026/04/16 10:55:12,08222,壹照明,E LIGHTING,,0.037,0.0,0.0,0.037,0.0,0.0,0.0,0,0,0.035,0.038
2026/04/16 10:14:33,08223,紫元元,ZYY,,0.5,0.0,0.0,0.5,0.0,0.0,0.0,4000,1960,0.48,0.49
2026/04/16 10:03:47,08225,中国医疗集团,C HEALTH GP,,0.134,0.0,0.0,0.134,0.0,0.0,0.0,0,0,0.132,0.149
2026/04/16 09:30:00,08226,树熊金融集团,KOALA FIN GP,,0.076,0.0,0.0,0.076,0.0,0.0,0.0,0,0,0.072,0.076
2026/04/16 09:30:43,08227,海天天线,HAITIAN ANTENNA,,0.129,0.0,0.0,0.129,0.0,0.0,0.0,0,0,0.117,0.128
2026/04/16 09:52:53,08229,未来数据集团,FUTURE DATA,,0.63,0.0,0.0,0.63,0.0,0.0,0.0,0,0,0.59,0.63
2026/04/16 09:55:01,08232,一木集团,THAC GROUP,,1.21,0.0,0.0,1.21,0.0,0.0,0.0,0,0,1.06,1.27
2026/04/16 10:29:48,08237,华星控股,LINK HOLDINGS,,0.495,0.02,4.21053,0.475,0.495,0.495,0.495,30000,14850,0.455,0.5
2026/04/16 10:36:39,08238,惠陶集团,WINTO GROUP,,0.137,0.0,0.0,0.137,0.136,0.137,0.135,848000,114792,0.137,0.138
2026/04/16 10:26:00,08239,首都金融控股,CAPITAL FIN,,13.6,0.0,0.0,13.6,0.0,0.0,0.0,0,0,0.0,13.86
2026/04/16 09:34:17,08241,英记茶庄集团,YING KEE TEA,,0.114,0.0,0.0,0.114,0.0,0.0,0.0,0,0,0.108,0.113
2026/04/16 10:07:39,08245,烽翼集团,CANOPY SKYFIRE,,0.093,0.0,0.0,0.093,0.0,0.0,0.0,2000,160,0.087,0.095
2026/04/16 09:30:15,08246,中华燃气,ZHONGHUA GAS,,0.8,0.0,0.0,0.8,0.0,0.0,0.0,0,0,0.77,0.8
2026/04/16 10:46:03,08247,中生北控生物科技,BIOSINO BIO-TEC,,3.48,0.02,0.57804,3.46,3.46,3.48,3.46,4000,13880,3.48,3.64
2026/04/16 09:00:04,08249,瑞远智控,RUIYUAN IC TECH,,0.154,0.0,0.0,0.154,0.0,0.0,0.0,0,0,0.0,0.154
2026/04/16 09:38:45,08250,都都控股,DU DU HLDGS,,0.148,0.0,0.0,0.148,0.0,0.0,0.0,0,0,0.139,0.147
2026/04/16 09:30:40,08262,宏强控股,SUPER STRONG,,0.051,0.0,0.0,0.051,0.0,0.0,0.0,0,0,0.048,0.052
2026/04/16 11:04:22,08267,蓝港互动,LINEKONG,,0.3,0.02,7.14286,0.28,0.28,0.3,0.28,88000,25655,0.295,0.305
2026/04/16 09:48:30,08268,智城发展控股,SMART CITY DEV,,0.35,-0.03,-7.89474,0.38,0.35,0.35,0.35,104000,36400,0.34,0.35
2026/04/16 10:09:53,08269,倍升教育科技,GO UP EDU TECH,,0.36,0.0,0.0,0.36,0.0,0.0,0.0,3333,1099,0.345,0.36
2026/04/16 11:04:45,08270,中国煤层气,CHINA CBM,,0.255,-0.13,-33.76623,0.385,0.29,0.335,0.255,380000,109300,0.275,0.3
2026/04/16 09:43:31,08271,环球数码创意,GDC,,0.122,0.001,0.82645,0.121,0.122,0.122,0.122,86000,10492,0.12,0.123
2026/04/16 09:49:20,08275,中国新消费集团,CHINA NEW CONS,,0.094,0.0,0.0,0.094,0.0,0.0,0.0,0,0,0.093,0.096
2026/04/16 10:54:50,08277,骏东控股,STEEDORIENTAL,,0.115,0.0,0.0,0.115,0.0,0.0,0.0,74000,8288,0.11,0.12
2026/04/16 11:01:12,08279,亚博科技控股,AGTECH HOLDINGS,,0.54,-0.01,-1.81818,0.55,0.57,0.57,0.54,2700000,1494320,0.54,0.55
2026/04/16 09:30:02,08280,中国数字视频,CDV HOLDINGS,,0.07,0.0,0.0,0.07,0.0,0.0,0.0,0,0,0.065,0.07
2026/04/16 09:49:20,08281,中国金典集团,CH GOLD CLASSIC,,0.14,-0.004,-2.77778,0.144,0.14,0.14,0.14,8000,1120,0.136,0.143
2026/04/16 09:04:27,08282,智傲控股,GAMEONE,,0.57,0.0,0.0,0.57,0.0,0.0,0.0,0,0,0.51,0.58
2026/04/16 11:02:51,08283,中食民安,ZHONGSHI MINAN,,0.55,0.0,0.0,0.55,0.55,0.55,0.55,50000,27500,0.53,0.58
2026/04/16 10:23:04,08285,森浩集团,SLING GROUP,,0.031,-0.001,-3.125,0.032,0.031,0.031,0.031,5000,155,0.031,0.032
2026/04/16 09:39:22,08286,长城微光,CCOE,,0.189,0.0,0.0,0.189,0.0,0.0,0.0,0,0,0.166,0.189
2026/04/16 10:12:08,08290,亚势备份,AHSAY BACKUP,,0.03,0.0,0.0,0.03,0.03,0.031,0.03,250000,7600,0.03,0.031
2026/04/16 10:58:41,08291,港娱国际,HK ENT INTL,,0.305,0.0,0.0,0.305,0.0,0.0,0.0,0,0,0.242,0.31
2026/04/16 09:30:46,08292,VSING,VSING,,0.191,0.0,0.0,0.191,0.0,0.0,0.0,0,0,0.188,0.194
2026/04/16 11:02:29,08293,星亚控股,SINGASIA HLDG,,0.305,-0.02,-6.15385,0.325,0.325,0.325,0.295,100000,30300,0.3,0.35
2026/04/16 10:21:46,08295,金慧科技,KINGWISOFT TECH,,0.024,0.001,4.34783,0.023,0.024,0.024,0.024,200000,4800,0.022,0.024
2026/04/16 10:10:36,08296,中国生命集团,SINO-LIFE GROUP,,0.3,0.0,0.0,0.3,0.0,0.0,0.0,0,0,0.265,0.385
2026/04/16 08:55:00,08297,海纳星空科技,OCEAN STAR TECH,,0.039,0.0,0.0,0.039,0.0,0.0,0.0,0,0,0.0,0.0
2026/04/16 10:56:46,08299,大唐黄金,GT GOLD,,0.59,0.0,0.0,0.59,0.59,0.59,0.57,4488000,2593920,0.58,0.59
2026/04/16 11:00:17,08300,今米房集团,JIN MI FANG GP,,0.025,0.0,0.0,0.025,0.025,0.025,0.025,420000,10500,0.024,0.026
2026/04/16 11:00:38,08305,圣唐控股,ST HLDGS,,0.199,-0.007,-3.39806,0.206,0.206,0.206,0.19,1700000,339970,0.198,0.204
2026/04/16 09:45:12,08307,密迪斯肌,MEDICSKIN,,0.143,0.0,0.0,0.143,0.0,0.0,0.0,0,0,0.0,0.144
2026/04/16 09:30:08,08308,古兜控股,GUDOU HLDGS,,0.059,0.0,0.0,0.059,0.0,0.0,0.0,0,0,0.053,0.06
2026/04/16 10:11:55,08309,万成环球控股,MANSHING GLOBAL,,0.065,0.0,0.0,0.065,0.0,0.0,0.0,0,0,0.065,0.07
2026/04/16 09:30:01,08310,盐城港,YANCHENG PORT,,0.28,0.0,0.0,0.28,0.0,0.0,0.0,0,0,0.0,0.285
2026/04/16 09:30:22,08311,圆美光电,PERFECT OPT,,0.103,0.0,0.0,0.103,0.0,0.0,0.0,0,0,0.084,0.103
2026/04/16 09:30:12,08313,杰地集团,ZACD,,0.023,0.0,0.0,0.023,0.0,0.0,0.0,0,0,0.023,0.029
2026/04/16 09:30:14,08315,新都酒店,CEN PLAZA HOTEL,,0.08,0.0,0.0,0.08,0.0,0.0,0.0,0,0,0.074,0.095
2026/04/16 10:01:59,08316,中国红包,CHINA HONGBAO,,0.148,0.001,0.68027,0.147,0.147,0.148,0.147,22000,3236,0.146,0.148
2026/04/16 10:49:02,08317,财华社集团,FINET GROUP,,0.108,0.0,0.0,0.108,0.0,0.0,0.0,0,0,0.1,0.114
2026/04/16 10:44:53,08319,思博系统,EXPERT SYS,,0.116,0.0,0.0,0.116,0.0,0.0,0.0,0,0,0.115,0.119
2026/04/16 11:03:43,08320,沛然环保,AEC GROUP,,0.108,0.0,0.0,0.108,0.0,0.0,0.0,0,0,0.098,0.108
2026/04/16 10:57:40,08321,泰锦控股,TAI KAM HLDGS,,1.9,-0.01,-0.52356,1.91,1.9,1.9,1.9,10000,19000,1.8,2.1
2026/04/16 10:00:59,08326,同景新能源,TK NEW ENERGY,,0.16,0.0,0.0,0.16,0.0,0.0,0.0,0,0,0.157,0.161
2026/04/16 11:00:32,08328,信义储电,XY ELEC STORAGE,,0.56,-0.03,-5.08475,0.59,0.56,0.56,0.56,4750,2637,0.54,0.57
2026/04/16 09:34:04,08329,海王英特龙,NEP INTERLONG,,0.133,0.0,0.0,0.133,0.0,0.0,0.0,0,0,0.122,0.133
2026/04/16 09:30:08,08331,倍搏集团,P.B. GROUP,,0.365,0.0,0.0,0.365,0.0,0.0,0.0,0,0,0.29,0.38
2026/04/16 09:30:04,08333,阿仕特朗金融,ASTRUM FIN,,0.46,0.0,0.0,0.46,0.0,0.0,0.0,0,0,0.4,0.455
2026/04/16 09:30:23,08337,直通电讯,DIRECTEL,,0.094,0.0,0.0,0.094,0.0,0.0,0.0,0,0,0.093,0.106
2026/04/16 10:03:23,08340,紫荆国际金融,ZIJING INTL FIN,,0.68,0.03,4.61539,0.65,0.65,0.68,0.65,100000,66200,0.61,0.68
2026/04/16 09:58:14,08341,艾硕控股,AESO HOLDING,,0.161,0.0,0.0,0.161,0.0,0.0,0.0,0,0,0.154,0.161
2026/04/16 09:52:14,08347,Ｆ８企业,F8 ENT,,0.129,0.003,2.38095,0.126,0.129,0.129,0.129,56000,7224,0.126,0.144
2026/04/16 10:09:45,08348,滨海泰达物流,BINHAI TEDA,,0.4,0.0,0.0,0.4,0.0,0.0,0.0,0,0,0.375,0.4
2026/04/16 08:55:00,08349,硅鑫集团,GUIXIN GROUP,,1.29,0.0,0.0,1.29,0.0,0.0,0.0,0,0,0.0,0.0
2026/04/16 10:36:18,08350,立桥证券控股,WELL LINK SEC,,0.325,0.01,3.1746,0.315,0.32,0.345,0.315,2960000,983080,0.31,0.325
2026/04/16 10:36:06,08356,进业控股,TSUN YIP HLDGS,,0.4,0.0,0.0,0.4,0.0,0.0,0.0,2000,860,0.375,0.45
2026/04/16 09:43:54,08357,REPUBLIC HC,REPUBLIC HC,,0.141,0.0,0.0,0.141,0.0,0.0,0.0,0,0,0.132,0.151
2026/04/16 08:55:00,08360,简朴新生活,BASIC H NEWLIFE,,0.64,0.0,0.0,0.64,0.0,0.0,0.0,0,0,0.0,0.0
2026/04/16 09:00:08,08362,运兴泰集团,WINNING TOWER,,0.055,0.0,0.0,0.055,0.0,0.0,0.0,0,0,0.051,0.055
2026/04/16 11:04:50,08365,亦辰集团,HATCHER GROUP,,2.88,0.0,0.0,2.88,2.94,2.94,2.84,1200000,3454600,2.83,2.88
2026/04/16 09:42:45,08366,浙江联合投资,ZJ UNITED INV,,0.036,0.0,0.0,0.036,0.0,0.0,0.0,0,0,0.033,0.036
2026/04/16 10:40:58,08367,倩碧控股,SIMPLICITY HLDG,,0.4,-0.01,-2.43902,0.41,0.4,0.4,0.4,20000,8000,0.4,0.43
2026/04/16 10:25:17,08368,中国创意控股,CREATIVE CHINA,,0.3,0.0,0.0,0.3,0.3,0.3,0.3,10000,3000,0.26,0.3
2026/04/16 09:54:07,08370,智升集团控股,ZHI SHENG GP,,4.67,0.0,0.0,4.67,0.0,0.0,0.0,0,0,4.5,4.67
2026/04/16 10:30:33,08371,尝高美集团,TASTEGOURMET GP,,1.88,0.0,0.0,1.88,0.0,0.0,0.0,0,0,1.87,1.94
2026/04/16 11:04:57,08372,君百延集团,GBG HOLDINGS,,0.179,0.052,40.94488,0.127,0.133,0.18,0.133,430000,68000,0.164,0.178
2026/04/16 08:55:00,08373,靛蓝星,INDIGO STAR,,0.65,0.0,0.0,0.65,0.0,0.0,0.0,0,0,0.0,0.0
2026/04/16 10:36:42,08375,数盟资本,DATA UNION CAP,,2.36,0.01,0.42553,2.35,2.36,2.36,2.36,50000,118000,2.24,2.35
2026/04/16 09:32:39,08377,维港育马,HARBOUR EQUINE,,0.11,0.0,0.0,0.11,0.0,0.0,0.0,0,0,0.103,0.11
2026/04/16 10:23:53,08379,盈证国际,PRIME INTEL,,0.183,0.0,0.0,0.183,0.0,0.0,0.0,0,0,0.173,0.182
2026/04/16 09:30:37,08385,万里印刷,PROSPEROUSPRINT,,0.11,0.0,0.0,0.11,0.0,0.0,0.0,0,0,0.105,0.113
2026/04/16 10:53:48,08391,基石科技控股,CORNERSTONE TEC,,0.475,-0.005,-1.04167,0.48,0.48,0.48,0.475,84000,40000,0.47,0.475
2026/04/16 09:30:14,08392,舍图控股,SATU HOLDINGS,,0.04,0.0,0.0,0.04,0.0,0.0,0.0,0,0,0.039,0.044
2026/04/16 10:50:47,08395,中显智能齐家控股,ZXZN QI-HOUSE,,0.5,0.04,8.69565,0.46,0.475,0.52,0.46,850000,419200,0.5,0.51
2026/04/16 11:01:50,08400,亚洲先锋娱乐,ASIA PIONEER,,0.069,0.001,1.47059,0.068,0.066,0.07,0.066,280000,19390,0.063,0.07
2026/04/16 11:01:09,08401,源想集团,STREAM IDEAS,,0.042,0.0,0.0,0.042,0.042,0.042,0.042,60000,2520,0.042,0.044
2026/04/16 09:46:39,08402,高原之宝,PLATEAU TL,,0.1,0.0,0.0,0.1,0.0,0.0,0.0,0,0,0.1,0.105
2026/04/16 10:53:28,08403,德丰宿来,DEFENG SOLIFE,,3.24,0.11,3.51438,3.13,3.13,3.3,3.13,191000,617220,3.24,3.27
2026/04/16 10:39:40,08406,中国口腔产业,CHINA ORAL IND,,0.065,0.003,4.83871,0.062,0.062,0.065,0.062,20000,1270,0.059,0.065
2026/04/16 10:20:10,08411,K W NELSON GP,K W NELSON GP,,0.142,0.0,0.0,0.142,0.0,0.0,0.0,0,0,0.136,0.151
2026/04/16 09:04:27,08412,新爱德集团,NEW AMANTE,,0.31,0.0,0.0,0.31,0.0,0.0,0.0,0,0,0.29,0.35
2026/04/16 10:47:16,08413,亚洲富思,ASIA GROCERY,,0.139,0.0,0.0,0.139,0.133,0.14,0.131,1420000,192030,0.133,0.139
2026/04/16 11:02:29,08416,HM INTL HLDGS,HM INTL HLDGS,,0.105,-0.001,-0.9434,0.106,0.105,0.105,0.105,320000,33600,0.105,0.118
2026/04/16 10:43:23,08417,大地教育,DADI EDU,,0.024,0.0,0.0,0.024,0.0,0.0,0.0,0,0,0.022,0.024
2026/04/16 10:46:12,08418,傲迪玛汽车,OPTIMA AUTO,,1.16,-0.03,-2.52101,1.19,1.11,1.2,1.11,28000,31640,1.08,1.16
2026/04/16 10:20:27,08419,ＡＶ策划推广,AV PROMOTIONS,,0.073,0.0,0.0,0.073,0.0,0.0,0.0,0,0,0.073,0.089
2026/04/16 09:30:01,08420,NEXION TECH,NEXION TECH,,0.036,0.0,0.0,0.036,0.0,0.0,0.0,0,0,0.032,0.041
2026/04/16 10:49:32,08422,ＷＴ集团,WT GROUP,,0.125,0.001,0.80645,0.124,0.124,0.13,0.124,346000,44750,0.126,0.137
2026/04/16 09:30:18,08423,CHI HO DEV,CHI HO DEV,,0.04,0.0,0.0,0.04,0.0,0.0,0.0,0,0,0.038,0.044
2026/04/16 09:30:08,08425,兴铭控股,HING MING HLDGS,,0.08,0.0,0.0,0.08,0.0,0.0,0.0,0,0,0.077,0.094
2026/04/16 10:38:33,08426,雅居投资控股,MODERN LIVING,,0.29,0.0,0.0,0.29,0.0,0.0,0.0,0,0,0.255,0.29
2026/04/16 10:54:37,08427,万顺瑞强集团,WS-SK TARGET,,10.62,0.14,1.33588,10.48,10.48,10.87,10.4,7200,75680,10.4,10.69
2026/04/16 08:55:00,08428,汉诺佳池,CBK HOLDINGS,,0.68,0.0,0.0,0.68,0.0,0.0,0.0,0,0,0.0,0.0
2026/04/16 09:30:39,08429,华美乐乐,SV VISION,,0.058,0.0,0.0,0.058,0.0,0.0,0.0,0,0,0.058,0.071
2026/04/16 10:49:47,08430,春能控股,C&N HOLDINGS,,0.074,0.0,0.0,0.074,0.074,0.074,0.074,10000,740,0.075,0.083
2026/04/16 10:55:34,08431,浩柏国际,HAO BAI INTL,,0.54,0.0,0.0,0.54,0.54,0.55,0.53,910000,489300,0.53,0.56
2026/04/16 10:20:55,08432,太平洋酒吧,BAR PACIFIC,,0.035,0.002,6.06061,0.033,0.033,0.035,0.033,50000,1700,0.032,0.035
2026/04/16 10:58:15,08436,德宝集团控股,TAKBO GROUP,,0.285,0.0,0.0,0.285,0.0,0.0,0.0,0,0,0.275,0.29
2026/04/16 08:55:00,08437,德斯控股,RMH HOLDINGS,,0.25,0.0,0.0,0.25,0.0,0.0,0.0,0,0,0.0,0.0
2026/04/16 11:03:54,08439,新百利融资,SOMERLEY CAP,,0.97,0.14,16.86747,0.83,0.78,0.98,0.75,262000,244000,0.94,0.98
2026/04/16 09:00:00,08445,怡康泰工程集团,NOBLE ENG GP,,0.15,0.0,0.0,0.15,0.0,0.0,0.0,0,0,0.13,0.0
2026/04/16 10:34:10,08446,耀星科技集团,BRIGHTSTAR TECH,,0.105,0.001,0.96154,0.104,0.105,0.105,0.105,116000,12180,0.101,0.106
2026/04/16 09:34:02,08447,MS CONCEPT,MS CONCEPT,,0.063,0.0,0.0,0.063,0.0,0.0,0.0,0,0,0.058,0.062
2026/04/16 10:09:09,08448,环球印馆,UNI PRINTSHOP,,1.76,0.08,4.76191,1.68,1.68,1.76,1.68,40000,68800,1.68,1.76
2026/04/16 10:44:18,08450,钜京控股,EDICO HOLDINGS,,0.15,0.0,0.0,0.15,0.15,0.15,0.15,120000,18000,0.145,0.15
2026/04/16 09:30:42,08451,日光控股,SUNLIGHT HLDGS,,0.063,0.0,0.0,0.063,0.0,0.0,0.0,0,0,0.063,0.068
2026/04/16 09:30:05,08452,富银融资股份,FY FINANCIAL,,0.295,0.0,0.0,0.295,0.0,0.0,0.0,0,0,0.295,0.325
2026/04/16 10:44:24,08455,礼建德集团,LAI GROUP,,0.084,0.004,5.0,0.08,0.08,0.09,0.077,2860000,244990,0.084,0.088
2026/04/16 09:00:08,08456,民信国际控股,MANSION INTL,,0.405,0.0,0.0,0.405,0.0,0.0,0.0,0,0,0.37,0.44
2026/04/16 11:00:33,08460,基地锦标（五千）,BASETROPHY-5K,,1.96,0.03,1.5544,1.93,1.94,2.04,1.94,980000,1951200,1.95,1.96
2026/04/16 10:39:42,08462,中安控股集团,OMNIBRIDGE HLDG,,0.071,0.0,0.0,0.071,0.071,0.071,0.071,175000,12425,0.072,0.076
2026/04/16 09:32:20,08471,新达控股,REACH NEW HLDGS,,0.042,0.002,5.0,0.04,0.042,0.042,0.042,10000,420,0.04,0.042
2026/04/16 09:30:29,08472,立高控股,LAPCO HOLDINGS,,0.37,0.0,0.0,0.37,0.0,0.0,0.0,0,0,0.35,0.375
2026/04/16 10:41:00,08473,弥明生活百货,MI MING MART,,0.112,0.0,0.0,0.112,0.112,0.112,0.112,40000,4480,0.11,0.113
2026/04/16 08:55:00,08475,易站绿色科技,E-STATION GTECH,,0.069,0.0,0.0,0.069,0.0,0.0,0.0,0,0,0.0,0.0
2026/04/16 09:54:59,08480,飞霓控股,FURNIWEB,,0.151,0.0,0.0,0.151,0.152,0.152,0.151,160000,24220,0.151,0.156
2026/04/16 10:30:28,08481,盛龙锦秀国际,SHENGLONG INTL,,0.4,0.0,0.0,0.4,0.0,0.0,0.0,0,0,0.385,0.0
2026/04/16 10:41:54,08482,万励达,WAN LEADER,,0.133,0.001,0.75758,0.132,0.133,0.133,0.133,40000,5320,0.133,0.144
2026/04/16 09:30:29,08483,名仕快相,MAX SIGHT GROUP,,0.111,0.0,0.0,0.111,0.0,0.0,0.0,0,0,0.097,0.118
2026/04/16 11:04:44,08487,ISP GLOBAL,ISP GLOBAL,,0.044,0.0,0.0,0.044,0.0,0.0,0.0,0,0,0.041,0.043
2026/04/16 10:45:38,08489,裕程物流,GP LOGISTICS,,0.305,0.02,7.01754,0.285,0.3,0.305,0.3,35000,10650,0.285,0.31
2026/04/16 09:30:10,08490,骏码半导体,NICHE-TECH SEMI,,0.093,0.0,0.0,0.093,0.0,0.0,0.0,0,0,0.091,0.099
2026/04/16 10:34:26,08491,COOL LINK,COOL LINK,,0.43,-0.015,-3.37079,0.445,0.435,0.435,0.4,1470000,609250,0.42,0.43
2026/04/16 08:55:00,08493,炙龙控股,S. DRAGON,,0.035,0.0,0.0,0.035,0.0,0.0,0.0,0,0,0.0,0.0
2026/04/16 09:30:08,08495,1957 & CO.,1957 & CO.,,0.29,0.0,0.0,0.29,0.0,0.0,0.0,0,0,0.265,0.315
2026/04/16 08:55:00,08496,环球友饮智能,GLOBAL UIN,,0.041,0.0,0.0,0.041,0.0,0.0,0.0,0,0,0.0,0.0
2026/04/16 08:55:00,08500,天泓文创,ICONCULTURE,,0.091,0.0,0.0,0.091,0.0,0.0,0.0,0,0,0.0,0.0
2026/04/16 10:53:13,08501,庄皇集团公司,SANBASE CORP,,0.69,0.01,1.47059,0.68,0.69,0.69,0.69,4000,2760,0.64,0.7
2026/04/16 09:30:13,08502,远航港口,OCEAN LINE PORT,,0.33,0.01,3.125,0.32,0.33,0.33,0.33,8000,2640,0.33,0.34
2026/04/16 10:46:13,08507,爱世纪集团,I.CENTURY HLDG,,0.29,-0.005,-1.69492,0.295,0.295,0.3,0.285,628000,183260,0.29,0.295
2026/04/16 09:38:01,08509,威扬酒业控股,WINE'S LINK,,0.71,0.0,0.0,0.71,0.0,0.0,0.0,0,0,0.63,0.71
2026/04/16 08:55:00,08510,TOPSTANDARDCORP,TOPSTANDARDCORP,,0.16,0.0,0.0,0.16,0.0,0.0,0.0,0,0,0.0,0.0
2026/04/16 10:12:10,08511,民富国际,MIN FU INTL,,0.89,0.01,1.13636,0.88,0.89,0.89,0.89,2000,1780,0.79,0.87
2026/04/16 11:00:37,08512,凯富善集团控股,HYFUSIN GROUP,,0.39,-0.01,-2.5,0.4,0.4,0.4,0.39,180000,71200,0.39,0.4
2026/04/16 10:58:22,08513,加和国际控股,MAXWIN INT HLDG,,0.52,-0.03,-5.45455,0.55,0.52,0.52,0.52,7000,3600,0.52,0.55
2026/04/16 10:48:36,08516,中盈国际,ZY INTL,,1.53,0.08,5.51724,1.45,1.54,1.54,1.45,75000,113800,1.45,1.5
2026/04/16 09:01:11,08519,新享时代,XINXIANG ERA,,0.255,0.0,0.0,0.255,0.0,0.0,0.0,0,0,0.242,0.0
2026/04/16 10:56:11,08521,智云国际控股,WEBX INTL HLDGS,,0.91,0.01,1.11111,0.9,0.91,0.91,0.91,10000,9100,0.85,0.9
2026/04/16 08:55:00,08525,百应控股,BAIYING HOLDING,,0.85,0.0,0.0,0.85,0.0,0.0,0.0,0,0,0.0,0.0
2026/04/16 09:04:37,08526,荣丰集团亚洲,WING FUNG GROUP,,0.119,0.0,0.0,0.119,0.0,0.0,0.0,0,0,0.103,0.0
2026/04/16 08:55:00,08527,聚利宝控股,JLOGO HLDGS,,0.171,0.0,0.0,0.171,0.0,0.0,0.0,0,0,0.0,0.0
2026/04/16 11:02:01,08529,优博控股,UBOT HOLDING,,0.225,0.026,13.06533,0.199,0.2,0.227,0.2,1910000,416635,0.223,0.225
2026/04/16 10:31:36,08532,宝发控股,POLYFAIR HLDGS,,0.061,0.0,0.0,0.061,0.059,0.062,0.059,1009600,61104,0.061,0.063
2026/04/16 10:39:04,08535,荧德控股,VISTAR HOLDINGS,,0.159,0.0,0.0,0.159,0.0,0.0,0.0,0,0,0.155,0.17
2026/04/16 09:49:16,08536,TL NATURAL GAS,TL NATURAL GAS,,0.28,0.0,0.0,0.28,0.0,0.0,0.0,0,0,0.0,0.29
2026/04/16 10:39:29,08537,创辉珠宝,CHONG FAI JEWEL,,0.187,0.0,0.0,0.187,0.0,0.0,0.0,0,0,0.18,0.187
2026/04/16 10:57:49,08540,胜利证券,VICTORY SEC,,4.62,0.04,0.87336,4.58,4.62,4.62,4.59,152000,701000,4.57,4.63
2026/04/16 09:00:18,08545,佰悦集团,AMUSE GROUP,,0.038,0.0,0.0,0.038,0.0,0.0,0.0,0,0,0.037,0.039
2026/04/16 10:50:10,08547,PACIFIC LEGEND,PACIFIC LEGEND,,0.1,0.0,0.0,0.1,0.1,0.1,0.1,250000,25000,0.097,0.101
2026/04/16 10:52:37,08549,金叶国际集团,GOLDEN LEAF INT,,0.227,0.0,0.0,0.227,0.23,0.231,0.225,265000,60260,0.225,0.227
2026/04/16 08:55:00,08551,基地锦标（二万）,BASETROPHY-20K,,1.93,0.0,0.0,1.93,0.0,0.0,0.0,0,0,0.0,0.0
2026/04/16 11:04:27,08600,汇隆控股,WLS HOLDINGS,,0.21,-0.19,-47.5,0.4,0.265,0.265,0.206,12574750,2843798,0.21,0.211
2026/04/16 10:14:16,08601,宝燵控股,BOLTEK,,0.223,0.0,0.0,0.223,0.0,0.0,0.0,20000,4440,0.2,0.222
2026/04/16 10:44:09,08603,亮晴控股,FAMEGLOW,,6.01,0.01,0.16667,6.0,6.0,6.01,6.0,21000,126180,5.85,6.09
2026/04/16 10:20:18,08606,倢冠控股,KINETIX SYSTEMS,,0.066,0.0,0.0,0.066,0.0,0.0,0.0,0,0,0.062,0.073
2026/04/16 10:44:48,08610,BBSB INTL,BBSB INTL,,0.53,-0.02,-3.63636,0.55,0.54,0.54,0.52,52000,27760,0.53,0.54
2026/04/16 10:42:30,08611,九福来,MINDTELL TECH,,0.87,0.0,0.0,0.87,0.87,0.87,0.87,10000,8700,0.87,0.89
2026/04/16 10:28:27,08612,维亮控股,WORLD SUPER,,0.123,0.005,4.23729,0.118,0.119,0.135,0.119,620000,78660,0.125,0.13
2026/04/16 09:04:29,08613,东方支付集团控股,ORIENTAL PAY,,0.03,0.0,0.0,0.03,0.0,0.0,0.0,0,0,0.029,0.032
2026/04/16 09:04:56,08616,新威工程集团,SUNRAY ENG GP,,0.061,0.0,0.0,0.061,0.0,0.0,0.0,0,0,0.062,0.07
2026/04/16 10:13:10,08619,NIU HOLDINGS,NIU HOLDINGS,,0.248,0.001,0.40486,0.247,0.249,0.25,0.248,560000,139270,0.218,0.249
2026/04/16 10:49:42,08620,亚洲速运,AE LOGISTICS,,0.144,0.001,0.6993,0.143,0.143,0.145,0.143,245000,35440,0.145,0.151
2026/04/16 09:30:31,08621,METROPOLIS CAP,METROPOLIS CAP,,0.031,0.0,0.0,0.031,0.0,0.0,0.0,0,0,0.031,0.035
2026/04/16 10:59:12,08622,愉悦集团,JOYZYME GROUP,,0.345,0.015,4.54546,0.33,0.33,0.345,0.33,80000,26520,0.325,0.34
2026/04/16 09:49:17,08623,中国蜀塔,CHINA SAFTOWER,,0.134,0.0,0.0,0.134,0.0,0.0,0.0,0,0,0.126,0.141
2026/04/16 10:49:27,08627,旅橙文化,ORANGE TOUR,,0.077,0.002,2.66667,0.075,0.079,0.079,0.075,776000,60376,0.075,0.077
2026/04/16 10:53:51,08629,集信国控,SYNTRUST GK,,8.69,0.0,0.0,8.69,8.69,8.69,8.69,1000,8690,8.31,8.7
2026/04/16 09:55:39,08631,申港控股,SUN KONG HLDGS,,0.56,0.0,0.0,0.56,0.0,0.0,0.0,0,0,0.58,0.77
2026/04/16 11:04:59,08635,大象控股集团,ELEPHANT HLDGS,,0.375,0.015,4.16667,0.36,0.36,0.375,0.36,408000,149620,0.36,0.37
2026/04/16 11:04:49,08637,元续科技,METASURFACE,,3.28,0.03,0.92308,3.25,3.25,3.28,3.25,35000,114030,3.26,3.28
2026/04/16 10:46:19,08645,比特元宇宙,BYTE META,,0.42,0.0,0.0,0.42,0.42,0.42,0.42,54000,22680,0.42,0.435
2026/04/16 10:15:41,08646,中国宏光,CHINA HONGGUANG,,0.225,-0.002,-0.88106,0.227,0.232,0.232,0.225,57000,12867,0.221,0.234
2026/04/16 09:30:39,08657,TRUE PARTNER,TRUE PARTNER,,0.345,0.0,0.0,0.345,0.0,0.0,0.0,0,0,0.315,0.35
2026/04/16 11:04:14,08659,易和国际控股,YIK WO INTL,,0.135,-0.007,-4.92958,0.142,0.136,0.141,0.13,2670000,353380,0.133,0.136
2026/04/16 09:01:26,08668,瀛海集团,YING HAI GROUP,,0.095,0.0,0.0,0.095,0.0,0.0,0.0,0,0,0.091,0.0
2026/04/16 10:56:41,09600,新纽科技,NEWLINK TECH,,0.188,-0.002,-1.05263,0.19,0.19,0.19,0.188,447200,84606,0.187,0.188
2026/04/16 11:05:02,09606,映恩生物－Ｂ,DUALITYBIO-B,,322.0,4.2,1.32159,317.8,317.0,325.8,314.0,373950,119434630,322.0,322.79999
2026/04/16 10:22:39,09608,宋都服务,SUNDY SERVICE,,0.048,-0.002,-4.0,0.05,0.05,0.05,0.048,1810000,89800,0.048,0.053
2026/04/16 10:55:55,09609,海伟股份,HAIWEI ELEC,,7.27,0.02,0.27586,7.25,7.28,7.28,7.27,4800,34936,7.27,7.35
2026/04/16 11:04:26,09611,龙旗科技,LONGCHEER,,25.0,0.48,1.95759,24.52,24.66,25.26,24.64,252700,6308618,24.96,25.0
2026/04/16 11:04:42,09616,东软睿新集团,NEUTECH GROUP,,2.35,0.01,0.42735,2.34,2.35,2.35,2.35,8800,20680,2.33,2.35
2026/04/16 11:04:53,09618,京东集团－ＳＷ,JD-SW,,123.7,3.0,2.4855,120.7,123.4,123.8,122.7,4743044,584533125,123.6,123.7
2026/04/16 11:04:59,09626,哔哩哔哩－Ｗ,BILIBILI-W,,199.4,5.7,2.9427,193.7,195.0,199.4,194.7,1065280,210077321,199.3,199.39999
2026/04/16 11:05:02,09633,农夫山泉,NONGFU SPRING,,46.42,-0.66,-1.40187,47.08,47.08,47.48,46.16,992000,46142748,46.42,46.44
2026/04/16 11:04:57,09636,九方智投控股,JF SMARTINVEST,,29.76,0.52,1.77839,29.24,29.9,29.98,29.2,560300,16558320,29.7,29.76
2026/04/16 09:30:00,09638,法拉帝,FERRETTI,,39.8,0.0,0.0,39.8,0.0,0.0,0.0,0,0,36.66,39.8
2026/04/16 11:04:53,09639,荣利营造,WING LEE DEV,,1.12,0.0,0.0,1.12,1.12,1.12,1.12,10000,11200,1.11,1.15
2026/04/16 11:01:13,09658,特海国际,SUPER HI,,11.32,0.01,0.08842,11.31,11.31,11.4,11.28,185000,2098550,11.31,11.35
2026/04/16 11:04:46,09660,地平线机器人－Ｗ,HORIZONROBOT-W,,7.29,0.12,1.67364,7.17,7.28,7.41,7.25,45194906,331207635,7.28,7.29
2026/04/16 10:57:19,09663,国鸿氢能,SINOSYNERGY,,3.91,-0.28,-6.68258,4.19,4.19,4.27,3.91,3500,14565,3.96,4.21
2026/04/16 11:04:53,09668,渤海银行,CBHB,,0.83,0.0,0.0,0.83,0.83,0.83,0.83,1448500,1202255,0.82,0.83
2026/04/16 11:04:46,09669,北森控股,BEISEN HOLDING,,4.12,0.06,1.47783,4.06,4.0,4.2,4.0,194600,805374,4.09,4.12
2026/04/16 11:03:14,09676,十月稻田,SHIYUE DAOTIAN,,6.38,-0.03,-0.46802,6.41,6.41,6.48,6.38,48900,313473,6.36,6.4
2026/04/16 09:51:31,09677,威海银行,WEIHAI BANK,,2.66,0.0,0.0,2.66,0.0,0.0,0.0,0,0,2.5,2.71
2026/04/16 11:05:04,09678,云知声,UNISOUND,,329.6,-2.6,-0.78266,332.2,333.0,339.0,322.6,409216,135137303,329.0,329.60001
2026/04/16 10:34:32,09680,如祺出行,CHENQI TECH,,8.51,0.0,0.0,8.51,0.0,0.0,0.0,0,0,8.21,8.52
2026/04/16 09:00:04,09686,熙康云医院,XIKANG CLOUD,,0.89,0.0,0.0,0.89,0.0,0.0,0.0,0,0,0.85,0.9
2026/04/16 11:04:50,09688,再鼎医药,ZAI LAB,,18.15,0.72,4.13081,17.43,17.8,18.22,17.72,7214400,130087585,18.14,18.15
2026/04/16 10:11:19,09689,金泰丰国际控股,JTF INTL,,0.72,-0.08,-10.0,0.8,0.8,0.8,0.71,16000,11760,0.72,0.74
2026/04/16 11:04:43,09690,途虎－Ｗ,TUHU-W,,13.61,0.09,0.66568,13.52,13.45,13.77,13.23,425880,5779602,13.6,13.61
2026/04/16 11:04:52,09696,天齐锂业,TIANQI LITHIUM,,55.4,1.55,2.87837,53.85,54.75,57.65,54.3,6461400,361709700,55.4,55.5
2026/04/16 11:04:45,09698,万国数据－ＳＷ,GDS-SW,,43.08,1.08,2.57143,42.0,42.08,43.2,42.08,1108300,47439499,43.06,43.08
2026/04/16 11:04:23,09699,顺丰同城,SF INTRA-CITY,,11.48,0.18,1.59292,11.3,11.3,11.54,11.24,540800,6168216,11.47,11.48
2026/04/16 10:57:52,09857,柠萌影视,LINMON MEDIA,,2.95,-0.03,-1.00671,2.98,2.98,2.98,2.95,4800,14169,2.75,2.97
2026/04/16 11:04:48,09858,优然牧业,YOURAN DAIRY,,4.32,-0.04,-0.91743,4.36,4.32,4.44,4.25,2845000,12200275,4.3,4.32
2026/04/16 11:04:35,09860,艾迪康控股,ADICON HOLDINGS,,3.66,-0.34,-8.5,4.0,4.02,4.02,3.62,1300000,4910803,3.66,3.7
2026/04/16 11:04:52,09863,零跑汽车,LEAPMOTOR,,55.65,1.25,2.29779,54.4,54.95,57.15,54.75,5379700,303491575,55.6,55.65
2026/04/16 11:04:52,09866,蔚来－ＳＷ,NIO-SW,,52.4,0.85,1.64889,51.55,51.25,52.65,51.0,2302020,120094125,52.35,52.4
2026/04/16 11:04:54,09868,小鹏集团－Ｗ,XPENG-W,,69.4,1.75,2.58684,67.65,68.4,70.7,68.35,9443307,660199756,69.35,69.4
2026/04/16 10:47:13,09869,海伦司,HELENS,,1.05,0.02,1.94175,1.03,1.05,1.07,1.04,466000,493355,1.05,1.06
2026/04/16 10:50:59,09876,大洋环球控股,OCEAN ONE HLDG,,2.62,-0.06,-2.23881,2.68,2.65,2.65,2.6,64000,167680,2.59,2.77
2026/04/16 11:04:41,09877,健世科技－Ｂ,JENSCARE-B,,9.63,-0.12,-1.23077,9.75,9.75,9.75,9.5,140200,1340396,9.56,9.63
2026/04/16 10:58:04,09878,汇通达网络,HUITONGDA NET,,6.55,0.07,1.08025,6.48,6.48,6.69,6.48,39200,258070,6.55,6.64
2026/04/16 11:03:36,09879,米高集团,MIGAO GROUP,,8.03,-0.08,-0.98644,8.11,8.15,8.15,8.01,198000,1597190,8.0,8.11
2026/04/16 11:04:52,09880,优必选,UBTECH ROBOTICS,,110.1,0.6,0.54795,109.5,110.1,111.5,109.0,1587159,174767743,110.0,110.2
2026/04/16 08:55:00,09881,容大科技,RONGTA TECH,,17.7,0.0,0.0,17.7,0.0,0.0,0.0,0,0,0.0,0.0
2026/04/16 10:16:29,09882,永联丰控股,BEST LINKING,,1.0,0.0,0.0,1.0,0.0,0.0,0.0,0,0,0.95,1.0
2026/04/16 11:02:52,09885,药师帮,YSB,,5.15,0.05,0.98039,5.1,5.1,5.2,5.1,817000,4217558,5.13,5.15
2026/04/16 10:57:45,09886,叮当健康,DINGDANG HEALTH,,1.05,0.01,0.96154,1.04,1.05,1.07,1.05,92000,97255,1.05,1.07
2026/04/16 11:04:51,09887,维立志博－Ｂ,LEADS BIOLABS-B,,93.65,-0.3,-0.31932,93.95,95.0,97.5,92.4,498000,47377510,93.5,93.75
2026/04/16 11:04:47,09888,百度集团－ＳＷ,BIDU-SW,,122.7,8.2,7.16157,114.5,118.5,122.7,118.3,7344286,885758855,122.6,122.7
2026/04/16 10:51:53,09889,东莞农商银行,DRCB,,3.35,0.0,0.0,3.35,3.35,3.36,3.35,100000,335770,3.35,3.37
2026/04/16 10:59:37,09890,贪玩,TANWAN,,15.05,0.36,2.45065,14.69,14.69,15.33,14.65,673200,10144400,15.05,15.1
2026/04/16 09:33:20,09893,比优集团,PIZU GROUP,,1.57,0.0,0.0,1.57,0.0,0.0,0.0,0,0,1.57,1.6
2026/04/16 11:04:53,09896,名创优品,MNSO,,31.12,0.12,0.3871,31.0,31.2,31.5,31.1,708263,22117835,31.12,31.14
2026/04/16 11:04:37,09898,微博－ＳＷ,WB-SW,,67.85,1.73,2.61646,66.12,66.9,67.95,66.5,111600,7505995,67.85,67.95
2026/04/16 11:04:45,09899,网易云音乐,NETEASE MUSIC,,128.2,3.2,2.56,125.0,125.5,128.3,125.5,222350,28289061,128.2,128.3
2026/04/16 10:44:55,09900,智云科技建设,ZCLOUD TECH CON,,4.5,-0.03,-0.66225,4.53,4.58,4.58,4.45,64000,287960,4.48,4.58
2026/04/16 11:04:52,09901,新东方－Ｓ,NEW ORIENTAL-S,,44.4,2.28,5.41311,42.12,44.02,44.46,43.4,3338290,147320296,44.38,44.4
2026/04/16 11:04:54,09903,天数智芯,ILUVATAR COREX,,411.0,40.0,10.78167,371.0,371.0,417.2,371.0,790364,316510157,411.0,411.39999
2026/04/16 08:55:00,09906,宏力医疗管理,HONLIV HEALTH,,1.56,0.0,0.0,1.56,0.0,0.0,0.0,0,0,0.0,0.0
2026/04/16 11:04:24,09908,嘉兴燃气,JIAXING GAS,,8.29,0.0,0.0,8.29,0.0,0.0,0.0,0,0,8.13,8.29
2026/04/16 10:35:42,09909,宝龙商业,POWERLONG CM,,2.45,0.0,0.0,2.45,2.45,2.45,2.44,11500,28170,2.44,2.45
2026/04/16 11:04:54,09911,赤子城科技,NEWBORNTOWN,,9.59,0.12,1.26716,9.47,9.69,9.77,9.47,6926000,66293600,9.56,9.6
2026/04/16 11:01:25,09913,智勤控股,CHI KAN HLDGS,,2.31,0.0,0.0,2.31,2.32,2.32,2.3,96000,222000,2.3,2.31
2026/04/16 11:02:39,09916,兴业物联,XINGYE WULIAN,,0.325,-0.01,-2.98508,0.335,0.325,0.325,0.325,52000,16900,0.325,0.335
2026/04/16 10:19:44,09918,丽年国际,WISE ALLY INTL,,0.95,0.03,3.26087,0.92,0.95,0.95,0.95,26000,24700,0.86,0.95
2026/04/16 11:00:49,09919,艾德韦宣集团,ACTIVATION GP,,0.91,0.01,1.11111,0.9,0.9,0.91,0.88,69580,62622,0.88,0.91
2026/04/16 11:00:13,09922,九毛九,JIUMAOJIU,,1.96,0.01,0.51282,1.95,1.95,1.98,1.91,1896000,3707140,1.95,1.97
2026/04/16 11:00:16,09923,移卡,YEAHKA,,6.58,0.01,0.15221,6.57,6.57,6.64,6.44,245600,1600620,6.56,6.6
2026/04/16 11:04:23,09926,康方生物,AKESO,,148.1,0.7,0.4749,147.4,147.4,148.5,146.1,1609757,237164099,148.0,148.10001
2026/04/16 11:04:45,09927,赛力斯,SERES,,80.7,1.6,2.02276,79.1,79.7,81.45,79.65,348400,28105245,80.7,80.85
2026/04/16 10:20:37,09928,时代邻里,TIMES NEIGHBOR,,0.58,0.0,0.0,0.58,0.58,0.59,0.58,147000,85840,0.58,0.59
2026/04/16 11:01:56,09929,澳达控股,SEM HLDGS,,0.93,0.03,3.33333,0.9,0.9,0.95,0.9,2590000,2391000,0.92,0.93
2026/04/16 10:28:48,09930,宏信建发,HORIZON CD,,0.91,0.01,1.11111,0.9,0.9,0.91,0.9,43000,38710,0.87,0.9
2026/04/16 09:30:04,09933,GHW INTL,GHW INTL,,1.67,0.0,0.0,1.67,0.0,0.0,0.0,0,0,1.62,1.67
2026/04/16 10:58:56,09936,稀美资源,XIMEI RESOURCES,,14.81,-0.18,-1.2008,14.99,14.54,14.89,14.54,157500,2298100,14.69,14.9
2026/04/16 11:03:22,09938,华和控股,WAH WO HOLDINGS,,0.176,0.031,21.37931,0.145,0.153,0.18,0.153,525000,83885,0.157,0.175
2026/04/16 11:04:42,09939,开拓药业－Ｂ,KINTOR PHARMA-B,,2.87,-0.08,-2.71186,2.95,2.96,2.96,2.86,603000,1748380,2.86,2.88
2026/04/16 10:37:53,09955,智云健康,CLOUDR,,0.7,0.0,0.0,0.7,0.7,0.7,0.69,59100,41110,0.69,0.7
2026/04/16 10:55:23,09958,力天影业,LITIAN PICTURES,,0.173,-0.001,-0.57471,0.174,0.171,0.175,0.168,6465000,1122870,0.169,0.173
2026/04/16 11:03:00,09959,联易融科技－Ｗ,LINKLOGIS-W,,2.23,0.01,0.45045,2.22,2.22,2.27,2.19,730500,1626350,2.22,2.23
2026/04/16 11:02:32,09960,康圣环球,KINDSTAR GLOBAL,,1.13,0.0,0.0,1.13,1.13,1.14,1.13,41000,46495,1.13,1.14
2026/04/16 11:04:44,09961,携程集团－Ｓ,TRIP.COM-S,,426.8,16.4,3.9961,410.4,422.8,428.0,420.4,1125990,478832348,426.79999,427.0
2026/04/16 11:01:07,09963,高科桥,TRANSTECH,,4.6,0.45,10.84337,4.15,4.48,4.6,3.78,3470000,14495460,4.53,4.59
2026/04/16 11:04:52,09966,康宁杰瑞制药－Ｂ,ALPHAMAB-B,,11.8,0.57,5.07569,11.23,11.26,11.98,11.15,1566635,18450200,11.75,11.79
2026/04/16 09:58:56,09968,汇景控股,HUIJING HLDGS,,0.032,0.001,3.22581,0.031,0.031,0.032,0.03,296000,9148,0.03,0.032
2026/04/16 11:02:07,09969,诺诚健华,INNOCARE,,15.56,0.0,0.0,15.56,15.62,15.74,15.24,2466000,38329625,15.56,15.59
2026/04/16 11:04:54,09973,奇瑞汽车,CHERY AUTO,,31.64,0.44,1.41026,31.2,31.6,32.12,31.3,1200700,38153044,31.56,31.64
2026/04/16 09:53:15,09978,方圆生活服务,FINELAND LIVING,,0.063,0.0,0.0,0.063,0.0,0.0,0.0,0,0,0.061,0.069
2026/04/16 11:04:13,09979,绿城管理控股,GREENTOWN MGMT,,2.35,0.01,0.42735,2.34,2.34,2.36,2.33,179000,419810,2.34,2.35
2026/04/16 11:03:51,09980,东鹏饮料,EASTROC,,207.8,1.8,0.87379,206.0,206.0,208.0,204.0,32200,6608400,207.0,208.0
2026/04/16 11:05:06,09981,沃尔核材,WOER,,19.46,0.2,1.03842,19.26,19.6,19.66,19.31,817200,15946984,19.41,19.46
2026/04/16 11:05:07,09982,中原建业,CENTRALCHINA MT,,0.056,-0.001,-1.75439,0.057,0.056,0.058,0.056,1808000,101598,0.056,0.057
2026/04/16 10:48:45,09983,建业新生活,CC NEW LIFE,,0.36,-0.005,-1.36986,0.365,0.36,0.36,0.36,210000,75600,0.36,0.365
2026/04/16 11:05:00,09985,卫龙美味,WL DELICIOUS,,9.28,-0.04,-0.42919,9.32,9.41,9.41,9.17,1409400,12995024,9.25,9.28
2026/04/16 08:55:00,09986,大山教育,DASHAN EDU,,1.88,0.0,0.0,1.88,0.0,0.0,0.0,0,0,0.0,0.0
2026/04/16 11:04:48,09987,百胜中国,YUM CHINA,,388.2,3.8,0.98855,384.4,388.2,390.4,385.0,160134,62230089,388.0,388.20001
2026/04/16 11:05:07,09988,阿里巴巴－Ｗ,BABA-W,,133.6,5.0,3.88803,128.6,131.7,133.7,131.2,41820520,5538458066,133.60001,133.7
2026/04/16 10:53:24,09989,海普瑞,HEPALINK,,4.96,-0.05,-0.998,5.01,5.01,5.01,4.94,57000,282585,4.95,4.97
2026/04/16 10:15:45,09990,祖龙娱乐,ARCHOSAUR GAMES,,1.52,0.0,0.0,1.52,0.0,0.0,0.0,0,0,1.52,1.57
2026/04/16 11:00:53,09991,宝尊电商－Ｗ,BAOZUN-W,,7.1,0.36,5.34125,6.74,7.23,7.23,7.02,4700,33195,7.02,7.1
2026/04/16 11:05:04,09992,泡泡玛特,POP MART,,168.1,4.8,2.93938,163.3,165.7,169.4,164.4,11501274,1930761527,168.0,168.10001
2026/04/16 10:56:54,09993,金辉控股,RADIANCE HLDGS,,1.29,-0.01,-0.76923,1.3,1.31,1.31,1.29,778000,1010790,1.28,1.29
2026/04/16 11:05:06,09995,荣昌生物,REMEGEN,,120.5,2.2,1.85968,118.3,121.0,121.2,115.2,2832200,336223836,120.5,120.8
2026/04/16 11:02:44,09996,沛嘉医疗－Ｂ,PEIJIA-B,,7.02,-0.04,-0.56657,7.06,7.05,7.1,7.0,129000,908620,7.02,7.07
2026/04/16 10:15:11,09998,光荣控股,KWAN YONG,,0.45,-0.02,-4.25532,0.47,0.455,0.455,0.45,30000,13575,0.46,0.47
2026/04/16 11:05:03,09999,网易－Ｓ,NTES-S,,185.4,7.7,4.33315,177.7,183.6,185.9,182.9,1982479,366392129,185.5,185.60001
2026/04/16 11:01:35,80016,新鸿基地产－Ｒ,SHK PPT-R,,118.6,-0.8,-0.67002,119.4,118.6,118.6,118.6,2500,296500,119.2,119.5
2026/04/16 10:58:01,80020,商汤－ＷＲ,SENSETIME-WR,,1.81,0.02,1.11732,1.79,1.81,1.81,1.8,151000,272500,1.8,1.81
2026/04/16 11:04:37,80175,吉利汽车－Ｒ,GEELY AUTO-R,,21.46,0.56,2.67943,20.9,21.62,21.62,21.46,3000,64660,21.24,21.3
2026/04/16 11:04:35,80291,华润啤酒－Ｒ,CHINARES BEER-R,,22.86,0.0,0.0,22.86,0.0,0.0,0.0,0,0,22.88,22.96
2026/04/16 11:04:36,80388,香港交易所－Ｒ,HKEX-R,,356.0,-3.0,-0.83566,359.0,357.8,357.8,356.0,3900,1391080,356.60001,357.0
2026/04/16 11:04:19,80700,腾讯控股－Ｒ,TENCENT-R,,443.0,8.4,1.93281,434.6,445.0,445.0,440.2,11200,4961080,443.0,443.60001
2026/04/16 09:30:20,80737,湾区发展－Ｒ,BAY AREA DEV-R,,1.66,0.0,0.0,1.66,0.0,0.0,0.0,0,0,1.66,0.0
2026/04/16 11:05:02,80883,中国海洋石油－Ｒ,CNOOC-R,,23.14,0.28,1.22485,22.86,22.86,23.14,22.84,345000,7884820,23.38,23.44
2026/04/16 11:00:08,80941,中国移动－Ｒ,CHINA MOBILE-R,,71.0,0.15,0.21172,70.85,70.85,71.0,70.85,1500,106400,71.0,71.15
2026/04/16 11:04:36,80992,联想集团－Ｒ,LENOVO GROUP-R,,9.3,0.1,1.08696,9.2,9.23,9.3,9.23,108000,999140,9.27,9.29
2026/04/16 11:04:49,81024,快手－ＷＲ,KUAISHOU-WR,,40.64,0.92,2.31621,39.72,40.6,40.64,40.34,4300,174070,40.5,40.58
2026/04/16 11:05:07,81211,比亚迪股份－Ｒ,BYD COMPANY-R,,97.05,3.65,3.90792,93.4,95.6,97.9,95.6,15200,1483105,96.95,97.15
2026/04/16 11:04:04,81299,友邦保险－Ｒ,AIA-R,,73.3,0.0,0.0,73.3,73.5,73.5,73.3,600,44060,73.45,73.6
2026/04/16 11:03:14,81810,小米集团－ＷＲ,XIAOMI-WR,,27.36,0.46,1.71004,26.9,27.02,27.36,27.02,21800,595008,27.34,27.4
2026/04/16 11:01:58,82020,安踏体育－Ｒ,ANTA SPORTS-R,,72.9,0.0,0.0,72.9,0.0,0.0,0.0,0,0,72.95,73.15
2026/04/16 11:04:56,82318,中国平安－Ｒ,PING AN-R,,54.55,0.05,0.09174,54.5,54.7,54.7,54.4,26000,1418225,54.45,54.55
2026/04/16 11:02:25,82331,李宁－Ｒ,LI NING-R,,18.28,0.0,0.0,18.28,0.0,0.0,0.0,0,0,18.24,18.28
2026/04/16 11:02:07,82333,长城汽车－Ｒ,GWMOTOR-R,,11.53,-0.02,-0.17316,11.55,11.56,11.56,11.53,13500,155955,11.48,11.52
2026/04/16 11:04:16,82388,中银香港－Ｒ,BOC HONG KONG-R,,37.96,-0.52,-1.35135,38.48,38.0,38.0,37.8,7000,265260,38.0,38.08
2026/04/16 11:04:47,83690,美团－ＷＲ,MEITUAN-WR,,76.8,1.65,2.19561,75.15,75.3,77.1,75.3,10300,790100,76.85,77.0
2026/04/16 11:03:04,86618,京东健康－Ｒ,JD HEALTH-R,,42.7,0.0,0.0,42.7,42.7,42.7,42.7,50,2135,43.12,43.18
2026/04/16 11:04:48,89618,京东集团－ＳＷＲ,JD-SWR,,107.4,2.4,2.28571,105.0,107.2,107.6,107.0,11400,1223015,107.4,107.7
2026/04/16 11:05:02,89888,百度集团－ＳＷＲ,BIDU-SWR,,106.5,6.85,6.87406,99.65,100.0,106.5,100.0,11850,1240300,106.5,106.8
2026/04/16 11:04:47,89988,阿里巴巴－ＷＲ,BABA-WR,,116.2,4.2,3.75,112.0,113.5,116.2,113.5,134400,15476050,116.2,116.4
