代码,名称,最新价,涨跌额,涨跌幅(%),买入,卖出,昨收,今开,最高,最低,成交量(手),成交额,时间戳
bj920000,安徽凤凰,15.9,0.17,1.081,15.84,15.9,15.73,15.76,15.9,15.75,224754.0,3562962.0,10:18:41
bj920001,纬达光电,15.43,-0.07,-0.452,15.41,15.43,15.5,15.65,15.65,15.39,298848.0,4614633.0,10:18:41
bj920002,万达轴承,83.81,0.2,0.239,83.81,83.96,83.61,85.0,85.3,83.5,154867.0,13013834.0,10:18:41
bj920003,中诚咨询,27.52,-0.12,-0.434,27.55,27.64,27.64,27.47,27.67,27.46,22473.0,618255.0,10:18:41
bj920005,鼎佳精密,36.24,-0.02,-0.055,36.21,36.24,36.26,36.53,36.53,36.1,122569.0,4452305.0,10:18:41
bj920006,晟楠科技,22.21,-0.12,-0.537,22.2,22.21,22.33,22.43,22.43,22.14,283503.0,6296619.0,10:18:41
bj920007,酉立智能,54.25,-1.76,-3.142,54.23,54.27,56.01,55.32,55.32,53.5,276785.0,14984579.0,10:18:41
bj920008,成电光信,25.34,-0.08,-0.315,25.34,25.43,25.42,25.35,25.55,25.24,230551.0,5841925.0,10:18:41
bj920009,丹娜生物,65.98,-0.02,-0.03,65.98,66.34,66.0,65.55,66.69,65.55,66162.0,4371727.0,10:18:41
bj920010,凯添燃气,11.23,-0.22,-1.921,11.22,11.23,11.45,11.46,11.51,11.2,3101788.0,34884058.0,10:18:41
bj920011,晨光电机,25.0,-0.35,-1.381,24.99,25.0,25.35,25.35,25.4,24.92,1458135.0,36543678.0,10:18:41
bj920012,创达新材,50.4,-1.48,-2.853,50.33,50.4,51.88,50.5,50.9,49.02,2858293.0,142575282.0,10:18:41
bj920014,特瑞斯,12.4,-0.02,-0.161,12.4,12.41,12.42,12.47,12.48,12.32,639584.0,7911823.0,10:18:41
bj920015,锦华新材,39.81,0.02,0.05,39.82,39.89,39.79,40.4,40.4,39.69,391814.0,15640158.0,10:18:41
bj920016,中草香料,16.59,-0.06,-0.36,16.52,16.59,16.65,16.7,16.7,16.39,177022.0,2914541.0,10:18:41
bj920017,星昊医药,17.41,-0.19,-1.08,17.41,17.43,17.6,17.56,17.56,17.29,645503.0,11217242.0,10:18:41
bj920018,宏远股份,27.94,-0.35,-1.237,27.94,27.99,28.29,28.28,28.29,27.71,654731.0,18305923.0,10:18:41
bj920019,铜冠矿建,17.96,-0.12,-0.664,17.98,17.99,18.08,18.18,18.18,17.87,519370.0,9333547.0,10:18:41
bj920020,泰凯英,15.4,-0.04,-0.259,15.38,15.4,15.44,15.5,15.51,15.3,207157.0,3183791.0,10:18:41
bj920021,流金科技,10.46,0.19,1.85,10.45,10.46,10.27,10.43,10.79,10.37,10530852.0,111450625.0,10:18:41
bj920022,世昌股份,26.6,-0.09,-0.337,26.6,26.73,26.69,26.85,26.85,26.35,161675.0,4291232.0,10:18:41
bj920023,田野股份,3.01,-0.04,-1.311,3.0,3.01,3.05,3.05,3.06,3.0,2984685.0,9037672.0,10:18:41
bj920026,卓兆点胶,36.21,0.04,0.111,36.16,36.21,36.17,36.68,36.88,35.83,405651.0,14739750.0,10:18:41
bj920027,交大铁发,18.0,0.06,0.334,17.99,18.01,17.94,17.98,18.08,17.9,286619.0,5146119.0,10:18:41
bj920028,新恒泰,15.4,-0.43,-2.716,15.4,15.42,15.83,15.84,15.89,15.35,2227028.0,34475346.0,10:18:41
bj920029,开发科技,85.45,0.13,0.152,85.31,85.45,85.32,86.11,86.11,85.1,80801.0,6896445.0,10:18:41
bj920030,德众汽车,5.5,0.03,0.548,5.48,5.5,5.47,5.47,5.53,5.43,348988.0,1909893.0,10:18:41
bj920033,康普化学,15.1,0.19,1.274,15.08,15.1,14.91,14.91,15.19,14.91,181573.0,2731121.0,10:18:41
bj920035,精创电气,33.24,-0.44,-1.306,33.17,33.24,33.68,33.88,33.88,32.95,166685.0,5539607.0,10:18:41
bj920036,觅睿科技,44.68,-1.33,-2.891,44.68,44.7,46.01,45.81,46.25,44.05,901746.0,40512646.0,10:18:41
bj920037,广信科技,73.31,-0.46,-0.624,73.16,73.36,73.77,74.48,74.48,72.6,370991.0,27097693.0,10:18:41
bj920039,国义招标,9.5,-0.02,-0.21,9.49,9.5,9.52,9.55,9.56,9.49,146206.0,1393453.0,10:18:41
bj920045,蘅东光,439.9,-1.3,-0.295,439.0,439.9,441.2,440.0,440.0,427.51,357702.0,154794247.0,10:18:41
bj920046,亿能电力,25.0,-0.55,-2.153,25.0,25.03,25.55,26.2,26.39,24.68,3459637.0,86815638.0,10:18:41
bj920047,诺思兰德,34.39,-0.5,-1.433,34.39,34.42,34.89,34.7,34.89,33.85,3066312.0,105175323.0,10:18:41
bj920050,爱舍伦,31.57,-0.07,-0.221,31.56,31.65,31.64,31.88,31.88,31.55,54630.0,1727194.0,10:18:41
bj920055,隆源股份,33.0,-0.44,-1.316,33.0,33.03,33.44,33.77,33.77,32.84,881016.0,29180404.0,10:18:41
bj920056,能之光,22.82,0.57,2.562,22.82,22.84,22.25,23.45,23.89,22.81,887792.0,20649898.0,10:18:41
bj920057,百甲科技,6.14,0.04,0.656,6.14,6.15,6.1,6.12,6.15,6.09,153213.0,938314.0,10:18:41
bj920058,华洋赛车,27.25,-0.27,-0.981,27.25,27.34,27.52,27.79,27.79,27.2,108625.0,2970350.0,10:18:41
bj920060,万源通,32.22,0.11,0.343,32.22,32.24,32.11,32.45,32.45,31.86,652303.0,20937004.0,10:18:41
bj920061,西磁科技,23.21,0.06,0.259,23.2,23.21,23.15,23.18,23.5,23.1,62565.0,1451155.0,10:18:41
bj920062,科润智控,10.36,-0.14,-1.333,10.34,10.36,10.5,10.56,10.59,10.3,1971529.0,20473307.0,10:18:41
bj920066,科拜尔,21.28,0.03,0.141,21.26,21.32,21.25,21.27,21.4,21.19,44225.0,942099.0,10:18:41
bj920068,天工股份,20.47,-0.33,-1.587,20.4,20.47,20.8,20.84,20.99,20.36,720456.0,14777920.0,10:18:41
bj920069,普昂医疗,35.88,-1.01,-2.738,35.87,35.88,36.89,36.8,36.89,35.78,797349.0,28778813.0,10:18:41
bj920075,柏星龙,20.61,-0.06,-0.29,20.61,20.65,20.67,20.75,20.75,20.44,92502.0,1901547.0,10:18:41
bj920076,国亮新材,20.36,-0.2,-0.973,20.36,20.44,20.56,20.56,20.58,20.33,104249.0,2126099.0,10:18:41
bj920077,吉林碳谷,17.29,0.03,0.174,17.27,17.29,17.26,17.37,17.4,17.17,2014994.0,34823679.0,10:18:41
bj920078,族兴新材,23.59,-0.77,-3.161,23.58,23.59,24.36,24.3,24.5,23.32,1890112.0,44689824.0,10:18:41
bj920080,奥美森,22.62,-0.2,-0.876,22.61,22.65,22.82,22.88,22.88,22.43,119017.0,2689203.0,10:18:41
bj920082,方正阀门,15.07,-0.02,-0.133,15.07,15.08,15.09,15.14,15.2,15.03,159524.0,2408264.0,10:18:41
bj920086,科马材料,28.24,-0.24,-0.843,28.25,28.3,28.48,28.59,28.74,28.07,515821.0,14584869.0,10:18:41
bj920087,秋乐种业,14.86,-0.21,-1.393,14.84,14.87,15.07,15.03,15.04,14.8,1374141.0,20416834.0,10:18:41
bj920088,科力股份,50.27,-1.27,-2.464,50.26,50.27,51.54,50.66,50.9,49.15,2364087.0,117923204.0,10:18:41
bj920089,禾昌聚合,18.45,0.06,0.326,18.44,18.47,18.39,18.35,18.5,18.35,252037.0,4639970.0,10:18:41
bj920090,同辉信息,5.69,0.02,0.353,5.69,5.7,5.67,5.7,5.71,5.67,750742.0,4272119.0,10:18:41
bj920091,大鹏工业,58.2,-1.47,-2.464,58.18,58.2,59.67,60.13,60.3,57.91,413690.0,24152355.0,10:18:41
bj920092,汉鑫科技,30.8,0.55,1.818,30.8,30.88,30.25,30.38,31.38,30.38,599423.0,18523184.0,10:18:41
bj920098,科隆新材,26.08,-0.02,-0.077,26.01,26.08,26.1,26.04,26.23,25.94,115648.0,3013118.0,10:18:41
bj920099,瑞华技术,30.65,-0.1,-0.325,30.52,30.63,30.75,30.73,30.73,30.3,150406.0,4592287.0,10:18:41
bj920100,三协电机,49.14,0.29,0.594,48.81,49.11,48.85,49.58,49.58,48.63,168738.0,8268389.0,10:18:41
bj920101,志高机械,34.91,0.12,0.345,34.73,34.9,34.79,34.91,35.1,34.53,102317.0,3556237.0,10:18:41
bj920106,林泰新材,63.87,-0.12,-0.188,63.69,63.87,63.99,64.24,64.24,63.51,102213.0,6513587.0,10:18:41
bj920108,宏海科技,10.84,-0.01,-0.092,10.82,10.83,10.85,10.94,10.94,10.78,53551.0,579732.0,10:18:41
bj920110,雷特科技,33.89,-0.23,-0.674,33.89,34.11,34.12,34.2,34.2,33.69,34275.0,1161612.0,10:18:41
bj920111,聚星科技,23.98,-0.23,-0.95,23.98,24.0,24.21,24.45,24.45,23.9,524401.0,12616144.0,10:18:41
bj920112,巴兰仕,32.31,-0.01,-0.031,32.32,32.36,32.32,32.26,32.42,32.2,19867.0,642268.0,10:18:41
bj920116,星图测控,92.31,0.23,0.25,92.3,92.31,92.08,92.07,92.75,90.18,1052757.0,96066699.0,10:18:41
bj920118,太湖远大,20.57,0.05,0.244,20.57,20.68,20.52,20.56,20.67,20.51,104356.0,2145501.0,10:18:41
bj920119,美德乐,87.52,0.21,0.241,87.52,87.62,87.31,87.99,87.99,86.99,138669.0,12133609.0,10:18:41
bj920121,江天科技,36.26,-0.08,-0.22,36.31,36.45,36.34,36.66,36.68,36.19,35493.0,1289597.0,10:18:41
bj920122,中纺标,26.04,0.19,0.735,25.99,26.04,25.85,26.03,26.12,25.8,97090.0,2523970.0,10:18:41
bj920123,芭薇股份,12.69,-0.01,-0.079,12.69,12.7,12.7,12.67,12.72,12.58,212167.0,2684797.0,10:18:41
bj920124,南特科技,15.6,-0.06,-0.383,15.6,15.62,15.66,15.71,15.79,15.59,403936.0,6324446.0,10:18:41
bj920128,胜业电气,24.63,0.0,0.0,24.64,24.68,24.63,24.87,24.87,24.45,99865.0,2462996.0,10:18:41
bj920130,立方控股,19.73,0.09,0.458,19.72,19.74,19.64,19.77,19.9,19.65,185900.0,3670515.0,10:18:41
bj920132,泰鹏智能,13.3,0.02,0.151,13.3,13.33,13.28,13.28,13.39,13.25,167642.0,2232572.0,10:18:41
bj920139,华岭股份,17.79,0.03,0.169,17.77,17.79,17.76,17.85,17.99,17.59,1129438.0,20032081.0,10:18:41
bj920145,恒合股份,14.38,0.0,0.0,14.38,14.42,14.38,14.64,14.64,14.36,87629.0,1263892.0,10:18:41
bj920146,华阳变速,6.9,0.01,0.145,6.9,6.91,6.89,6.97,6.97,6.85,530061.0,3650432.0,10:18:50
bj920149,旭杰科技,10.18,-0.02,-0.196,10.17,10.18,10.2,10.21,10.26,10.06,163207.0,1657279.0,10:18:50
bj920152,昆工科技,15.26,0.03,0.197,15.22,15.26,15.23,15.39,15.4,15.15,334358.0,5093884.0,10:18:50
bj920158,长江能科,16.8,-0.3,-1.754,16.8,16.82,17.1,17.24,17.28,16.61,1467161.0,24630040.0,10:18:50
bj920159,农大科技,38.16,-0.61,-1.573,38.15,38.16,38.77,38.74,38.87,38.0,471138.0,18024588.0,10:18:50
bj920160,北矿检测,22.58,-0.08,-0.353,22.58,22.6,22.66,22.73,22.75,22.52,200619.0,4540158.0,10:18:50
bj920163,方大新材,12.48,-0.07,-0.558,12.48,12.55,12.55,12.55,12.57,12.31,69784.0,869843.0,10:18:50
bj920166,海圣医疗,29.25,0.4,1.386,29.19,29.3,28.85,28.99,29.83,28.98,672154.0,19736810.0,10:18:50
bj920167,同享科技,16.98,0.24,1.434,16.97,16.99,16.74,16.85,17.06,16.78,241063.0,4082137.0,10:18:50
bj920168,通宝光电,21.54,-0.14,-0.646,21.54,21.57,21.68,21.63,21.88,21.51,219077.0,4729805.0,10:18:50
bj920169,七丰精工,29.36,-0.14,-0.475,29.35,29.36,29.5,29.6,29.65,29.09,576845.0,16908319.0,10:18:50
bj920171,志晟信息,21.28,0.48,2.308,21.22,21.23,20.8,20.99,21.28,20.58,1488580.0,31101745.0,10:18:50
bj920174,五新隧装,38.3,-0.05,-0.13,38.2,38.27,38.35,38.69,38.75,38.01,219391.0,8399937.0,10:18:50
bj920175,东方碳素,9.72,0.01,0.103,9.68,9.72,9.71,9.79,9.79,9.64,202803.0,1968718.0,10:18:50
bj920177,N恒道,38.5,16.7,76.606,38.51,38.56,21.8,40.0,41.01,37.85,5490920.0,216955628.0,10:18:50
bj920179,凯德石英,44.97,0.37,0.83,44.83,44.97,44.6,44.14,45.23,43.7,720133.0,31987461.0,10:18:50
bj920180,爱得科技,16.5,-0.18,-1.079,16.49,16.51,16.68,16.8,16.8,16.4,591893.0,9798377.0,10:18:50
bj920181,赛英电子,64.32,-2.66,-3.971,64.32,64.45,66.98,66.21,66.6,63.37,1676079.0,108014178.0,10:18:50
bj920183,海菲曼,38.48,-0.72,-1.837,38.48,38.53,39.2,39.38,39.38,38.4,382620.0,14784873.0,10:18:50
bj920184,国源科技,15.95,0.12,0.758,15.95,15.97,15.83,15.83,16.02,15.75,632565.0,10065512.0,10:18:50
bj920185,贝特瑞,30.04,0.33,1.111,30.03,30.04,29.71,30.02,30.44,29.59,3142321.0,94725036.0,10:18:50
bj920187,通领科技,35.8,-0.17,-0.473,35.79,35.8,35.97,36.07,36.14,35.7,140548.0,5031131.0,10:18:50
bj920188,悦龙科技,23.97,-0.38,-1.561,23.97,23.98,24.35,24.29,24.29,23.91,1182314.0,28369510.0,10:18:50
bj920190,雷神科技,22.18,0.15,0.681,22.11,22.18,22.03,22.0,22.22,21.99,260617.0,5765342.0,10:18:50
bj920195,三祥科技,19.15,-0.02,-0.104,19.15,19.18,19.17,19.26,19.33,19.07,182500.0,3496688.0,10:18:50
bj920198,微创光电,8.67,0.05,0.58,8.65,8.68,8.62,8.62,8.71,8.62,292496.0,2534560.0,10:18:50
bj920199,倍益康,34.16,-0.56,-1.613,34.11,34.16,34.72,34.84,34.84,34.02,435870.0,14915224.0,10:18:50
bj920204,沪江材料,15.11,0.04,0.265,15.05,15.1,15.07,15.07,15.17,15.0,140491.0,2117577.0,10:18:50
bj920207,众诚科技,29.92,0.23,0.775,29.91,29.92,29.69,29.95,30.25,29.6,972015.0,29060918.0,10:18:50
bj920208,青矩技术,22.89,-0.11,-0.478,22.87,22.89,23.0,23.08,23.15,22.8,203915.0,4674153.0,10:18:50
bj920212,智新电子,11.69,-0.1,-0.848,11.7,11.79,11.79,11.87,11.87,11.64,98576.0,1157797.0,10:18:50
bj920221,易实精密,14.58,-0.13,-0.884,14.58,14.6,14.71,14.77,14.85,14.55,94508.0,1383068.0,10:18:50
bj920223,荣亿精密,17.57,0.22,1.268,17.5,17.55,17.35,17.33,17.8,17.21,1051084.0,18435140.0,10:18:50
bj920225,利通科技,28.04,0.61,2.224,28.03,28.04,27.43,27.3,28.28,27.15,1373962.0,38024050.0,10:18:50
bj920227,美登科技,61.0,0.88,1.464,60.94,61.0,60.12,60.57,61.59,60.5,268468.0,16376681.0,10:18:50
bj920230,欧康医药,12.36,-0.77,-5.864,12.28,12.35,13.13,12.81,12.83,12.2,3536667.0,44020265.0,10:18:50
bj920237,力佳科技,21.81,0.87,4.155,21.81,21.82,20.94,20.8,21.99,20.8,2260317.0,49020472.0,10:18:50
bj920239,长虹能源,30.03,0.37,1.247,30.03,30.06,29.66,30.04,30.15,29.6,585500.0,17551893.0,10:18:50
bj920242,建邦科技,23.43,0.08,0.343,23.36,23.43,23.35,23.5,23.5,23.22,68630.0,1603686.0,10:18:50
bj920245,威博液压,24.87,0.3,1.221,24.78,24.86,24.57,24.57,24.87,24.49,87694.0,2164846.0,10:18:50
bj920247,华密新材,20.19,0.05,0.248,20.15,20.19,20.14,20.33,20.33,20.09,252508.0,5095544.0,10:18:50
bj920249,利尔达,8.99,1.1,13.942,8.99,9.02,7.89,8.03,9.25,8.03,12522265.0,109661280.0,10:18:50
bj920252,天宏锂电,27.77,0.45,1.647,27.76,27.77,27.32,27.79,28.01,27.38,1468928.0,40861801.0,10:18:50
bj920260,中寰股份,9.94,-0.04,-0.401,9.93,9.94,9.98,10.0,10.0,9.88,310804.0,3086215.0,10:18:50
bj920261,一诺威,14.1,-0.02,-0.142,14.09,14.1,14.12,14.25,14.25,14.05,269952.0,3807386.0,10:18:50
bj920262,太湖雪,20.12,-0.01,-0.05,20.1,20.12,20.13,20.15,20.3,20.02,86788.0,1749021.0,10:18:50
bj920263,中航泰达,11.74,0.07,0.6,11.71,11.74,11.67,11.64,11.76,11.44,247493.0,2880789.0,10:18:50
bj920266,生物谷,8.09,0.02,0.248,8.09,8.11,8.07,8.05,8.13,8.02,167108.0,1348861.0,10:18:50
bj920267,鑫汇科,19.11,0.11,0.579,19.03,19.11,19.0,19.89,19.89,18.83,158772.0,3029997.0,10:18:50
bj920270,天铭科技,15.74,-0.02,-0.127,15.75,15.77,15.76,15.88,15.94,15.73,128491.0,2030812.0,10:18:50
bj920271,邦德股份,13.91,-0.01,-0.072,13.9,13.93,13.92,13.99,13.99,13.81,26015.0,361513.0,10:18:50
bj920273,一致魔芋,22.3,0.0,0.0,22.3,22.32,22.3,22.15,22.66,21.81,807317.0,17907348.0,10:18:50
bj920274,宏裕包材,21.56,-0.05,-0.231,21.56,21.64,21.61,21.53,21.7,21.42,311860.0,6720047.0,10:18:50
bj920275,驱动力,7.18,0.02,0.279,7.14,7.18,7.16,7.14,7.21,7.12,163402.0,1169694.0,10:18:50
bj920278,鹿得医疗,7.8,-0.08,-1.015,7.8,7.82,7.88,7.88,7.88,7.75,496719.0,3871220.0,10:18:50
bj920284,灵鸽科技,30.11,0.31,1.04,30.05,30.17,29.8,29.89,30.45,29.61,1207723.0,36397920.0,10:18:50
bj920299,灿能电力,23.75,-0.23,-0.959,23.72,23.75,23.98,23.9,24.09,23.46,1024310.0,24228307.0,10:18:50
bj920300,辰光医疗,12.0,-0.05,-0.415,12.0,12.1,12.05,12.27,12.31,11.85,1040808.0,12478092.0,10:18:50
bj920304,迪尔化工,12.12,-0.02,-0.165,12.12,12.14,12.14,12.23,12.23,12.09,284542.0,3454482.0,10:18:50
bj920305,*ST云创,6.15,-0.23,-3.605,6.14,6.15,6.38,6.05,6.4,6.02,1831435.0,11362372.0,10:18:50
bj920339,恒太照明,8.22,-0.02,-0.243,8.2,8.22,8.24,8.25,8.25,8.17,217256.0,1783160.0,10:18:50
bj920344,三元基因,22.36,0.31,1.406,22.33,22.36,22.05,22.16,22.44,21.57,607081.0,13377286.0,10:18:50
bj920346,威贸电子,20.26,0.11,0.546,20.21,20.25,20.15,20.12,20.39,20.11,57382.0,1159966.0,10:18:50
bj920351,华光源海,17.38,0.19,1.105,17.35,17.38,17.19,17.36,17.4,17.12,384466.0,6630700.0,10:18:50
bj920357,雅葆轩,24.31,0.64,2.704,24.3,24.31,23.67,24.7,25.5,23.96,1472610.0,35944425.0,10:18:50
bj920363,莱赛激光,16.48,-0.06,-0.363,16.49,16.53,16.54,16.61,16.76,16.4,330045.0,5452335.0,10:18:50
bj920367,新赣江,19.43,-0.95,-4.661,19.42,19.43,20.38,20.12,20.13,19.3,1201516.0,23443127.0,10:18:50
bj920368,连城数控,34.83,-0.07,-0.201,34.83,34.89,34.9,35.0,35.47,34.02,3328007.0,114793596.0,10:18:50
bj920370,新安洁,3.42,-0.01,-0.292,3.42,3.43,3.43,3.43,3.44,3.41,192318.0,658061.0,10:18:50
bj920371,欧福蛋业,9.5,-0.01,-0.105,9.49,9.5,9.51,9.5,9.56,9.46,426845.0,4056131.0,10:18:50
bj920374,云里物里,20.11,0.21,1.055,20.13,20.17,19.9,20.19,20.35,19.97,251949.0,5096567.0,10:18:50
bj920375,派诺科技,13.98,-0.25,-1.757,13.98,13.99,14.23,14.21,14.21,13.89,2052479.0,28708200.0,10:18:50
bj920378,泰德股份,8.8,-0.01,-0.114,8.77,8.79,8.81,8.81,8.83,8.74,112522.0,989427.0,10:18:50
bj920392,佳合科技,19.63,0.01,0.051,19.6,19.62,19.62,19.68,19.68,19.51,38388.0,751872.0,10:18:50
bj920394,民士达,46.31,-0.58,-1.237,46.31,46.37,46.89,47.35,47.35,46.04,317035.0,14730272.0,10:18:50
bj920395,朗鸿科技,9.67,0.02,0.207,9.64,9.67,9.65,9.7,9.73,9.61,75963.0,733280.0,10:18:50
bj920396,常辅股份,30.0,-0.02,-0.067,30.0,30.04,30.02,30.38,30.48,29.8,418597.0,12568949.0,10:18:50
bj920402,硅烷科技,8.93,0.05,0.563,8.92,8.94,8.88,9.0,9.0,8.85,795203.0,7098083.0,10:18:50
bj920403,康农种业,21.71,-0.15,-0.686,21.66,21.71,21.86,21.79,21.87,21.6,257742.0,5582358.0,10:18:50
bj920405,海希通讯,20.75,0.07,0.338,20.75,20.78,20.68,20.8,21.02,20.72,277732.0,5785771.0,10:18:50
bj920407,驰诚股份,17.84,0.05,0.281,17.84,17.87,17.79,17.81,17.98,17.78,135364.0,2419766.0,10:18:47
bj920414,欧普泰,12.26,0.01,0.082,12.25,12.26,12.25,12.26,12.33,12.08,552152.0,6748385.0,10:18:47
bj920415,恒拓开源,12.53,0.07,0.562,12.52,12.53,12.46,12.54,12.63,12.47,352989.0,4427489.0,10:18:47
bj920418,苏轴股份,24.47,-0.02,-0.082,24.46,24.47,24.49,24.54,24.61,24.34,459179.0,11214111.0,10:18:47
bj920419,路斯股份,13.82,-0.19,-1.356,13.8,13.81,14.01,14.01,14.02,13.68,756034.0,10428354.0,10:18:47
bj920422,润普食品,12.09,0.1,0.834,12.03,12.08,11.99,11.93,12.15,11.8,624195.0,7466970.0,10:18:47
bj920425,乐创技术,19.17,-0.01,-0.052,19.16,19.17,19.18,19.3,19.3,19.02,265466.0,5074986.0,10:18:47
bj920427,华维设计,11.92,-0.08,-0.667,11.93,11.95,12.0,12.01,12.02,11.81,239036.0,2849963.0,10:18:47
bj920429,康比特,12.79,-0.03,-0.234,12.78,12.8,12.82,12.82,12.93,12.65,585618.0,7483406.0,10:18:47
bj920433,大唐药业,5.16,-0.03,-0.578,5.16,5.17,5.19,5.23,5.23,5.14,496424.0,2563252.0,10:18:47
bj920436,大地电气,13.79,0.09,0.657,13.76,13.79,13.7,13.78,13.85,13.69,88794.0,1221278.0,10:18:47
bj920438,戈碧迦,42.33,-0.07,-0.165,42.33,42.41,42.4,41.98,42.97,40.6,2187302.0,91158302.0,10:18:47
bj920445,龙竹科技,9.96,0.0,0.0,9.96,9.97,9.96,9.97,10.05,9.94,154794.0,1543420.0,10:18:47
bj920454,同心传动,13.81,-0.07,-0.504,13.82,13.86,13.88,13.88,13.88,13.74,95242.0,1317504.0,10:18:47
bj920455,汇隆活塞,7.59,0.02,0.264,7.59,7.61,7.57,7.57,7.63,7.49,179148.0,1359202.0,10:18:47
bj920469,富恒新材,8.89,0.03,0.339,8.87,8.89,8.86,8.95,8.95,8.78,389023.0,3453650.0,10:18:47
bj920471,美邦科技,12.36,0.0,0.0,12.32,12.35,12.36,12.38,12.48,12.31,237856.0,2941840.0,10:18:47
bj920475,三友科技,13.17,0.13,0.997,13.12,13.17,13.04,13.17,13.17,13.0,194321.0,2547421.0,10:18:47
bj920476,海能技术,20.59,0.13,0.635,20.58,20.59,20.46,20.47,20.75,20.36,367494.0,7556307.0,10:18:47
bj920478,峆一药业,16.24,-0.5,-2.987,16.24,16.26,16.74,16.46,16.68,16.16,1551418.0,25308146.0,10:18:47
bj920489,佳先股份,13.94,0.05,0.36,13.93,13.94,13.89,13.9,13.97,13.88,279391.0,3890188.0,10:18:47
bj920491,奥迪威,25.22,0.04,0.159,25.22,25.23,25.18,25.44,25.56,24.88,1318862.0,33255461.0,10:18:47
bj920493,并行科技,152.19,3.6,2.423,152.19,152.25,148.59,150.0,152.68,148.68,821921.0,124642011.0,10:18:47
bj920496,许昌智能,9.16,-0.03,-0.326,9.16,9.17,9.19,9.22,9.24,9.11,377500.0,3457475.0,10:18:47
bj920504,博迅生物,21.68,-0.2,-0.914,21.68,21.74,21.88,21.85,21.85,21.47,65700.0,1423315.0,10:18:47
bj920505,九菱科技,39.72,0.01,0.025,39.73,39.85,39.71,39.9,40.01,39.5,256496.0,10203200.0,10:18:47
bj920508,殷图网联,19.77,-0.04,-0.202,19.77,19.78,19.81,19.98,19.98,19.72,73653.0,1459936.0,10:18:47
bj920509,同惠电子,29.62,-0.2,-0.671,29.62,29.63,29.82,30.15,30.15,29.36,527982.0,15606376.0,10:18:47
bj920510,丰光精密,14.55,0.05,0.345,14.55,14.58,14.5,14.67,14.75,14.5,491377.0,7178760.0,10:18:47
bj920519,万德股份,11.76,-0.1,-0.843,11.76,11.81,11.86,11.86,11.87,11.7,223018.0,2622230.0,10:18:47
bj920522,纳科诺尔,51.65,2.1,4.238,51.65,51.7,49.55,50.99,52.7,50.06,2868616.0,147931529.0,10:18:47
bj920523,德瑞锂电,24.17,0.33,1.384,24.18,24.22,23.84,23.89,24.36,23.71,1023097.0,24651924.0,10:18:47
bj920526,凯华材料,18.73,-0.01,-0.053,18.72,18.73,18.74,18.86,18.92,18.64,178234.0,3347053.0,10:18:47
bj920527,夜光明,16.79,-0.07,-0.415,16.81,16.87,16.86,16.98,16.98,16.72,122677.0,2066262.0,10:18:47
bj920533,骏创科技,23.54,0.98,4.344,23.54,23.57,22.56,23.55,24.36,23.06,2411093.0,57117643.0,10:18:47
bj920541,铁大科技,11.88,-0.04,-0.336,11.89,11.9,11.92,11.92,11.92,11.85,214468.0,2546866.0,10:18:47
bj920547,无锡晶海,22.18,-0.12,-0.538,22.2,22.22,22.3,22.38,22.5,22.01,46281.0,1026102.0,10:18:47
bj920553,凯腾精工,8.74,-0.01,-0.114,8.74,8.77,8.75,8.78,8.83,8.71,163610.0,1431347.0,10:18:47
bj920556,雅达股份,9.34,-0.01,-0.107,9.32,9.34,9.35,9.44,9.44,9.25,562469.0,5241154.0,10:18:47
bj920564,天润科技,26.51,0.5,1.922,26.51,26.6,26.01,26.13,28.1,25.52,2801385.0,75465413.0,10:18:47
bj920566,梓橦宫,10.55,-0.08,-0.753,10.56,10.59,10.63,10.77,10.77,10.54,619508.0,6579193.0,10:18:47
bj920570,坤博精工,28.88,-0.02,-0.069,28.88,28.94,28.9,29.13,29.13,28.61,100801.0,2904195.0,10:18:47
bj920571,国航远洋,10.02,-0.08,-0.792,10.01,10.02,10.1,10.13,10.14,9.96,5185509.0,51875417.0,10:18:47
bj920575,康乐卫士,7.86,0.08,1.028,7.85,7.86,7.78,7.85,7.92,7.7,1482317.0,11560552.0,10:18:47
bj920576,天力复合,76.04,-0.86,-1.118,76.04,76.05,76.9,76.3,77.36,74.16,2435502.0,184009541.0,10:18:47
bj920578,巨能股份,18.4,0.0,0.0,18.37,18.42,18.4,18.6,18.6,18.31,179587.0,3313217.0,10:18:47
bj920579,机科股份,17.56,0.03,0.171,17.56,17.57,17.53,17.53,17.64,17.51,154274.0,2708375.0,10:18:47
bj920580,科创新材,12.95,0.06,0.465,12.94,12.95,12.89,12.9,13.01,12.86,329926.0,4269374.0,10:18:47
bj920592,华信永道,31.91,0.27,0.853,31.83,31.91,31.64,32.0,32.0,31.6,335893.0,10688235.0,10:18:47
bj920593,鼎智科技,26.49,0.2,0.761,26.49,26.54,26.29,26.5,26.85,26.29,697097.0,18473906.0,10:18:47
bj920599,同力股份,18.53,0.01,0.054,18.53,18.54,18.52,18.59,18.65,18.45,720115.0,13360930.0,10:18:47
bj920608,丰安股份,16.23,-0.09,-0.551,16.22,16.26,16.32,16.27,16.37,16.12,326319.0,5287811.0,10:18:47
bj920627,力王股份,20.26,0.43,2.168,20.26,20.28,19.83,19.94,20.42,19.85,914895.0,18523352.0,10:18:47
bj920634,新威凌,20.43,-0.34,-1.637,20.43,20.44,20.77,20.56,20.78,20.3,468816.0,9599418.0,10:18:47
bj920639,晨光电缆,7.63,-0.02,-0.261,7.63,7.66,7.65,7.65,7.68,7.6,399434.0,3042246.0,10:18:47
bj920640,富士达,36.93,0.8,2.214,36.95,36.97,36.13,37.0,37.49,36.31,3080481.0,113512645.0,10:18:47
bj920641,格利尔,18.21,0.0,0.0,18.2,18.23,18.21,18.31,18.31,18.13,323480.0,5879091.0,10:18:47
bj920642,通易航天,12.09,-0.01,-0.083,12.07,12.09,12.1,12.05,12.22,12.05,842466.0,10185532.0,10:18:47
bj920651,天罡股份,26.71,-0.02,-0.075,26.7,26.72,26.73,26.88,26.95,26.51,118427.0,3166072.0,10:18:47
bj920656,海昇药业,15.73,0.01,0.064,15.7,15.75,15.72,15.79,15.79,15.64,105076.0,1650870.0,10:18:47
bj920662,方盛股份,25.99,0.37,1.444,25.99,26.0,25.62,25.4,26.09,25.4,641369.0,16541850.0,10:18:47
bj920663,明阳科技,16.09,0.05,0.312,16.07,16.09,16.04,16.21,16.31,16.0,286034.0,4618494.0,10:18:47
bj920665,科强股份,10.87,-0.04,-0.367,10.86,10.87,10.91,10.89,10.95,10.84,342560.0,3724949.0,10:18:47
bj920670,数字人,16.82,0.0,0.0,16.81,16.82,16.82,16.9,16.9,16.74,485119.0,8155745.0,10:18:47
bj920675,秉扬科技,9.59,-0.04,-0.415,9.58,9.59,9.63,9.68,9.7,9.58,593921.0,5719286.0,10:18:47
bj920679,前进科技,17.41,-0.27,-1.527,17.41,17.49,17.68,17.65,17.66,17.38,76130.0,1329648.0,10:18:47
bj920682,球冠电缆,8.68,-0.08,-0.913,8.68,8.69,8.76,8.75,8.75,8.64,693012.0,6025737.0,10:18:47
bj920685,新芝生物,12.29,0.09,0.738,12.27,12.28,12.2,12.2,12.36,12.18,119302.0,1462500.0,10:18:47
bj920689,克莱特,27.82,0.1,0.361,27.77,27.82,27.72,27.91,28.11,27.45,208850.0,5787887.0,10:18:47
bj920690,捷众科技,24.51,0.0,0.0,24.45,24.51,24.51,24.6,24.7,24.3,253623.0,6205880.0,10:18:47
bj920693,阿为特,26.61,0.17,0.643,26.58,26.61,26.44,26.94,26.94,26.44,99435.0,2645028.0,10:18:47
bj920694,中裕科技,17.61,-0.04,-0.227,17.62,17.65,17.65,17.62,17.75,17.57,53533.0,943866.0,10:18:47
bj920699,海达尔,39.01,-0.17,-0.434,39.01,39.04,39.18,38.83,39.35,38.72,29500.0,1146509.0,10:18:47
bj920701,豪声电子,15.57,0.0,0.0,15.58,15.62,15.57,15.57,15.7,15.39,176179.0,2729080.0,10:18:47
bj920703,广厦环能,13.45,-0.13,-0.957,13.45,13.48,13.58,13.64,13.65,13.44,145989.0,1967729.0,10:18:47
bj920706,铁拓机械,24.47,-0.47,-1.885,24.46,24.47,24.94,24.66,24.75,24.19,905920.0,22130939.0,10:18:47
bj920717,瑞星股份,8.82,-0.06,-0.676,8.82,8.83,8.88,8.89,8.9,8.8,178034.0,1570380.0,10:18:47
bj920718,合肥高科,12.88,0.03,0.233,12.86,12.88,12.85,12.93,12.93,12.8,25072.0,322575.0,10:18:47
bj920719,宁新新材,10.55,0.11,1.054,10.55,10.56,10.44,10.45,10.65,10.39,683957.0,7172984.0,10:18:47
bj920720,吉冈精密,11.89,-0.01,-0.084,11.89,11.9,11.9,11.99,12.02,11.86,239597.0,2853727.0,10:18:47
bj920725,惠丰钻石,31.8,-0.21,-0.656,31.8,31.81,32.01,32.18,32.18,31.23,1495855.0,47328305.0,10:18:47
bj920726,朱老六,18.55,0.65,3.631,18.55,18.56,17.9,18.0,19.2,17.54,3274104.0,59725857.0,10:18:47
bj920729,永顺生物,8.14,0.0,0.0,8.12,8.15,8.14,8.18,8.18,8.09,372115.0,3018638.0,10:18:47
bj920735,德源药业,30.92,-0.34,-1.088,30.89,30.94,31.26,31.39,31.39,30.56,787843.0,24291335.0,10:18:47
bj920748,路桥信息,36.95,0.13,0.353,36.89,36.95,36.82,37.16,37.28,36.65,132216.0,4866880.0,10:18:47
bj920751,惠同新材,20.75,0.05,0.242,20.73,20.75,20.7,20.87,21.16,20.67,180964.0,3766729.0,10:18:47
bj920753,天纺标,18.36,-0.05,-0.272,18.35,18.36,18.41,18.41,18.55,17.97,116278.0,2127128.0,10:18:47
bj920765,美之高,14.53,0.21,1.466,14.5,14.53,14.32,14.72,14.72,14.36,722653.0,10516071.0,10:18:47
bj920768,拾比佰,11.8,0.54,4.796,11.8,11.81,11.26,12.01,12.6,11.75,2897890.0,34563852.0,10:18:47
bj920770,艾能聚,15.51,0.1,0.649,15.5,15.51,15.41,15.41,15.54,15.37,368954.0,5709164.0,10:18:47
bj920779,武汉蓝电,34.94,0.44,1.275,34.94,35.03,34.5,35.0,35.5,34.2,848888.0,29746791.0,10:18:47
bj920781,瑞奇智造,7.41,0.01,0.135,7.41,7.42,7.4,7.4,7.43,7.36,134538.0,994944.0,10:18:47
bj920786,骑士乳业,8.28,-0.05,-0.6,8.28,8.29,8.33,8.29,8.36,8.21,2137823.0,17664882.0,10:18:47
bj920790,联迪信息,26.83,0.3,1.131,26.83,26.89,26.53,26.8,26.91,26.55,237287.0,6349057.0,10:18:47
bj920792,东和新材,11.1,0.0,0.0,11.1,11.11,11.1,11.18,11.18,11.02,112759.0,1251990.0,10:18:47
bj920799,艾融软件,36.49,0.5,1.389,36.46,36.49,35.99,36.36,36.52,36.03,693740.0,25185969.0,10:18:47
bj920802,保丽洁,13.9,-0.01,-0.072,13.86,13.91,13.91,13.89,13.96,13.72,62476.0,865196.0,10:18:47
bj920806,云星宇,11.53,0.11,0.963,11.5,11.51,11.42,11.58,11.58,11.41,480626.0,5524275.0,10:18:47
bj920807,奔朗新材,11.76,0.07,0.599,11.74,11.75,11.69,11.68,11.84,11.68,473893.0,5570991.0,10:18:47
bj920808,曙光数创,77.34,0.84,1.098,77.34,77.51,76.5,76.83,77.96,75.45,1119648.0,86084591.0,10:18:47
bj920809,安达科技,7.99,0.45,5.968,7.99,8.0,7.54,7.76,8.26,7.63,25106574.0,200210950.0,10:18:47
bj920810,春光智能,11.1,-0.02,-0.18,11.1,11.13,11.12,11.12,11.15,11.07,81018.0,899223.0,10:18:47
bj920819,颖泰生物,3.49,-0.03,-0.852,3.49,3.5,3.52,3.54,3.54,3.49,1419386.0,4970731.0,10:18:47
bj920821,则成电子,21.46,-0.04,-0.186,21.46,21.51,21.5,21.77,21.8,21.25,368764.0,7894442.0,10:18:47
bj920826,盖世食品,10.44,0.07,0.675,10.43,10.44,10.37,10.32,10.57,10.23,1389214.0,14399324.0,10:18:47
bj920832,齐鲁华信,6.6,-0.04,-0.602,6.57,6.6,6.64,6.64,6.64,6.51,219838.0,1445067.0,10:18:47
bj920833,美心翼申,15.18,-0.07,-0.459,15.2,15.21,15.25,15.66,15.67,15.15,678647.0,10387330.0,10:18:47
bj920834,三维装备,11.67,-0.03,-0.256,11.66,11.67,11.7,11.74,11.74,11.61,167641.0,1953220.0,10:18:47
bj920837,华原股份,12.3,-0.01,-0.081,12.3,12.35,12.31,12.44,12.44,12.22,116574.0,1435446.0,10:18:47
bj920839,万通液压,33.08,0.11,0.334,33.0,33.07,32.97,33.43,33.43,32.71,112707.0,3720448.0,10:18:47
bj920855,浙江大农,15.52,0.01,0.064,15.53,15.58,15.51,15.52,15.59,15.5,18123.0,281253.0,10:18:47
bj920856,浩淼科技,12.92,0.01,0.077,12.92,12.93,12.91,13.02,13.02,12.89,192869.0,2497028.0,10:18:47
bj920857,泓禧科技,25.14,-0.21,-0.828,25.01,25.15,25.35,25.27,25.3,24.81,66327.0,1664924.0,10:18:47
bj920866,绿亨科技,7.5,0.05,0.671,7.49,7.5,7.45,7.47,7.51,7.44,144508.0,1080746.0,10:18:47
bj920870,恒进感应,14.13,0.02,0.142,14.12,14.14,14.11,14.17,14.33,14.01,140066.0,1977509.0,10:18:47
bj920871,派特尔,13.15,0.01,0.076,13.15,13.17,13.14,13.28,13.28,13.1,100048.0,1317481.0,10:18:47
bj920873,中设咨询,8.01,0.11,1.392,8.0,8.01,7.9,7.79,8.07,7.77,1330531.0,10612936.0,10:18:47
bj920876,慧为智能,24.19,0.28,1.171,24.18,24.19,23.91,23.95,24.3,23.95,216472.0,5232608.0,10:18:47
bj920879,基康技术,19.65,0.1,0.512,19.63,19.65,19.55,19.85,19.85,19.51,251500.0,4939006.0,10:18:47
bj920885,星辰科技,19.91,-0.02,-0.1,19.9,19.92,19.93,20.06,20.15,19.74,622710.0,12383165.0,10:18:47
bj920892,广咨国际,14.75,0.15,1.027,14.72,14.75,14.6,14.7,14.8,14.64,162774.0,2397549.0,10:18:47
bj920895,花溪科技,16.47,0.02,0.122,16.41,16.46,16.45,16.47,16.63,16.29,77864.0,1277395.0,10:18:47
bj920896,旺成科技,16.74,-0.14,-0.829,16.74,16.79,16.88,17.04,17.05,16.66,102371.0,1720506.0,10:18:47
bj920906,舜宇精工,23.6,0.12,0.511,23.58,23.62,23.48,23.49,23.65,23.33,103489.0,2439822.0,10:18:47
bj920914,远航精密,24.53,0.25,1.03,24.52,24.54,24.28,24.48,24.66,24.13,524236.0,12815002.0,10:18:47
bj920924,广脉科技,20.93,0.27,1.307,20.92,20.93,20.66,20.64,21.5,20.45,1604650.0,33599209.0,10:18:47
bj920925,锦好医疗,16.96,-0.04,-0.235,16.89,16.96,17.0,17.07,17.07,16.8,251445.0,4244737.0,10:18:47
bj920926,鸿智科技,14.48,0.19,1.33,14.47,14.48,14.29,14.27,14.68,14.27,161127.0,2331496.0,10:18:47
bj920931,无锡鼎邦,11.94,-0.01,-0.084,11.9,11.91,11.95,11.97,11.97,11.84,152099.0,1806697.0,10:18:47
bj920932,科达自控,15.15,0.27,1.815,15.14,15.16,14.88,14.95,15.26,14.95,354971.0,5367912.0,10:18:47
bj920942,恒立钻具,24.88,-0.1,-0.4,24.88,24.89,24.98,25.08,25.11,24.74,210633.0,5240611.0,10:18:47
bj920943,优机股份,20.0,0.0,0.0,20.0,20.06,20.0,20.0,20.25,19.94,250643.0,5018722.0,10:18:47
bj920946,森萱医药,10.06,-0.15,-1.469,10.06,10.08,10.21,10.24,10.3,9.99,1143231.0,11498272.0,10:18:47
bj920950,迅安科技,15.69,0.1,0.641,15.6,15.68,15.59,15.59,15.77,15.44,55841.0,870112.0,10:18:47
bj920953,国子软件,29.83,0.11,0.37,29.82,29.85,29.72,30.18,30.3,29.56,377231.0,11235262.0,10:18:47
bj920957,汉维科技,10.83,0.0,0.0,10.84,10.9,10.83,10.84,10.99,10.74,80980.0,879575.0,10:18:47
bj920961,创远信科,22.42,0.04,0.179,22.39,22.42,22.38,22.28,22.61,22.24,545755.0,12200522.0,10:18:47
bj920964,润农节水,5.85,0.05,0.862,5.84,5.85,5.8,5.79,5.85,5.77,692705.0,4023678.0,10:18:47
bj920970,大禹生物,7.57,-0.35,-4.419,7.57,7.62,7.92,7.91,7.91,7.5,4352091.0,33088153.0,10:18:47
bj920971,天马新材,25.58,-0.12,-0.467,25.56,25.58,25.7,25.9,25.9,25.27,572770.0,14589950.0,10:18:47
bj920974,凯大催化,7.5,0.02,0.267,7.49,7.5,7.48,7.49,7.51,7.44,357459.0,2671694.0,10:18:47
bj920976,视声智能,30.2,-0.5,-1.629,30.2,30.31,30.7,30.8,30.96,30.2,510321.0,15532477.0,10:18:47
bj920978,开特股份,26.42,0.21,0.801,26.34,26.4,26.21,26.36,26.57,26.19,454891.0,11989187.0,10:18:47
bj920981,晶赛科技,29.62,0.2,0.68,29.65,29.68,29.42,29.5,30.18,29.5,267666.0,7965146.0,10:18:47
bj920982,锦波生物,179.3,-1.9,-1.049,179.3,179.49,181.2,180.14,180.5,177.14,356027.0,63572610.0,10:18:47
bj920985,海泰新能,6.76,0.01,0.148,6.76,6.77,6.75,6.76,6.8,6.7,732772.0,4947188.0,10:18:47
bj920992,中科美菱,14.72,-0.15,-1.009,14.71,14.73,14.87,15.0,15.07,14.63,303467.0,4477361.0,10:18:47
sh600000,浦发银行,10.05,-0.06,-0.593,10.05,10.06,10.11,10.12,10.17,10.03,15617810.0,157653511.0,10:18:48
sh600004,白云机场,8.91,-0.02,-0.224,8.91,8.92,8.93,8.95,8.96,8.91,1781336.0,15912208.0,10:18:47
sh600006,东风股份,6.38,0.02,0.314,6.37,6.38,6.36,6.37,6.4,6.36,2051700.0,13087082.0,10:18:48
sh600007,中国国贸,21.57,0.14,0.653,21.58,21.6,21.43,21.25,21.65,21.25,1028600.0,22163752.0,10:18:48
sh600008,首创环保,3.04,-0.01,-0.328,3.03,3.04,3.05,3.04,3.05,3.03,17549261.0,53373186.0,10:18:47
sh600009,上海机场,27.39,-0.01,-0.036,27.39,27.4,27.4,27.39,27.48,27.32,1908400.0,52273896.0,10:18:48
sh600010,包钢股份,2.82,0.0,0.0,2.82,2.83,2.82,2.82,2.85,2.82,292783279.0,830703705.0,10:18:47
sh600011,华能国际,6.98,-0.02,-0.286,6.98,6.99,7.0,7.0,7.04,6.97,23901362.0,167348860.0,10:18:49
sh600012,皖通高速,15.88,0.18,1.146,15.87,15.88,15.7,15.7,15.93,15.63,2083200.0,32995849.0,10:18:48
sh600015,华夏银行,7.19,-0.08,-1.1,7.19,7.2,7.27,7.25,7.28,7.17,23272255.0,168002301.0,10:18:48
sh600016,民生银行,3.71,-0.02,-0.536,3.71,3.72,3.73,3.73,3.74,3.71,42407336.0,157923490.0,10:18:47
sh600017,日照港,2.98,-0.01,-0.334,2.97,2.98,2.99,2.98,2.99,2.97,7569700.0,22542549.0,10:18:48
sh600018,上港集团,4.98,-0.01,-0.2,4.98,4.99,4.99,5.0,5.01,4.98,9692600.0,48371683.0,10:18:49
sh600019,宝钢股份,6.36,0.0,0.0,6.36,6.37,6.36,6.36,6.4,6.34,28480209.0,181311753.0,10:18:54
sh600020,中原高速,3.83,-0.01,-0.26,3.82,3.83,3.84,3.84,3.85,3.79,4958700.0,18911245.0,10:18:55
sh600021,上海电力,17.88,-0.18,-0.997,17.87,17.88,18.06,18.08,18.13,17.86,14685507.0,263357969.0,10:18:53
sh600022,山东钢铁,1.51,0.01,0.667,1.5,1.51,1.5,1.5,1.51,1.5,18830970.0,28355400.0,10:18:55
sh600023,浙能电力,5.52,-0.02,-0.361,5.51,5.52,5.54,5.53,5.56,5.5,14007500.0,77447238.0,10:18:54
sh600025,华能水电,9.51,0.02,0.211,9.5,9.51,9.49,9.5,9.58,9.46,11322400.0,107858081.0,10:18:53
sh600026,中远海能,22.17,-0.25,-1.115,22.16,22.17,22.42,22.45,22.65,22.04,24320777.0,540685136.0,10:18:55
sh600027,华电国际,4.66,0.0,0.0,4.65,4.66,4.66,4.66,4.67,4.64,21337600.0,99315445.0,10:18:54
sh600028,中国石化,5.65,-0.04,-0.703,5.65,5.66,5.69,5.67,5.68,5.64,61181720.0,346040398.0,10:18:55
sh600029,南方航空,5.75,-0.01,-0.174,5.74,5.75,5.76,5.76,5.81,5.73,41940916.0,241772390.0,10:18:54
sh600030,中信证券,26.27,0.26,1.0,26.27,26.28,26.01,26.12,26.32,26.04,50055536.0,1312109418.0,10:18:55
sh600031,三一重工,20.53,-0.13,-0.629,20.52,20.53,20.66,20.72,20.96,20.5,22031881.0,454997496.0,10:18:54
sh600032,浙江新能,9.8,0.14,1.449,9.79,9.8,9.66,9.61,9.94,9.51,31874703.0,312182488.0,10:18:53
sh600033,福建高速,3.68,0.02,0.546,3.67,3.68,3.66,3.66,3.68,3.65,8892050.0,32583104.0,10:18:55
sh600035,楚天高速,3.8,-0.01,-0.262,3.8,3.81,3.81,3.82,3.82,3.79,2084424.0,7930317.0,10:18:51
sh600036,招商银行,39.93,0.03,0.075,39.92,39.93,39.9,39.9,40.15,39.75,23108328.0,924318522.0,10:18:54
sh600037,歌华有线,7.66,0.12,1.592,7.66,7.67,7.54,7.58,7.7,7.57,4335738.0,33100825.0,10:18:55
sh600038,中直股份,34.05,-0.06,-0.176,34.06,34.07,34.11,34.08,34.21,33.96,1284352.0,43728591.0,10:18:53
sh600039,四川路桥,9.52,0.02,0.211,9.52,9.53,9.5,9.5,9.6,9.46,6618690.0,63104979.0,10:18:55
sh600048,保利发展,5.95,0.01,0.168,5.95,5.96,5.94,5.93,6.03,5.91,26721200.0,159658934.0,10:18:55
sh600050,中国联通,4.57,0.0,0.0,4.56,4.57,4.57,4.58,4.59,4.56,28581972.0,130596672.0,10:18:55
sh600051,宁波联合,7.28,0.06,0.831,7.28,7.29,7.22,7.24,7.31,7.16,3525100.0,25489297.0,10:18:54
sh600052,东望时代,3.78,0.0,0.0,3.77,3.78,3.78,3.79,3.8,3.75,3517800.0,13283455.0,10:18:47
sh600053,九鼎投资,15.05,0.03,0.2,15.04,15.05,15.02,15.0,15.06,14.89,1010798.0,15127164.0,10:18:50
sh600054,黄山旅游,12.3,-0.06,-0.485,12.29,12.31,12.36,12.27,12.36,12.19,5356384.0,65727278.0,10:18:55
sh600055,万东医疗,14.55,-0.11,-0.75,14.54,14.55,14.66,14.68,14.68,14.46,1034900.0,15046160.0,10:18:54
sh600056,中国医药,10.82,-0.33,-2.96,10.82,10.83,11.15,11.0,11.05,10.8,24971659.0,271541981.0,10:18:54
sh600057,厦门象屿,7.91,0.01,0.127,7.9,7.91,7.9,7.93,7.94,7.86,3461790.0,27336039.0,10:18:55
sh600058,五矿发展,11.09,0.17,1.557,11.08,11.09,10.92,10.9,11.2,10.9,4786200.0,52844449.0,10:18:53
sh600059,古越龙山,8.9,-0.01,-0.112,8.9,8.91,8.91,8.89,8.94,8.88,1588200.0,14134589.0,10:18:53
sh600060,海信视像,23.13,0.06,0.26,23.12,23.13,23.07,23.06,23.25,22.89,3355164.0,77553407.0,10:18:54
sh600061,国投资本,6.98,0.01,0.143,6.97,6.98,6.97,6.99,7.01,6.96,8859047.0,61871137.0,10:18:53
sh600062,华润双鹤,18.59,-0.08,-0.428,18.58,18.59,18.67,18.68,18.79,18.57,5781543.0,107931363.0,10:18:54
sh600063,皖维高新,7.13,-0.01,-0.14,7.13,7.14,7.14,7.22,7.29,7.12,16213799.0,116751635.0,10:18:53
sh600064,南京高科,8.43,0.01,0.119,8.43,8.44,8.42,8.42,8.47,8.41,2502215.0,21129354.0,10:18:55
sh600066,宇通客车,36.56,0.11,0.302,36.56,36.57,36.45,36.44,36.84,36.22,5725102.0,208927155.0,10:18:54
sh600067,冠城新材,4.08,0.01,0.246,4.07,4.08,4.07,4.07,4.1,4.04,6563400.0,26759041.0,10:18:55
sh600071,凤凰光学,20.23,0.17,0.847,20.22,20.23,20.06,20.06,20.23,20.06,954600.0,19255713.0,10:18:54
sh600072,中船科技,11.98,-0.08,-0.663,11.98,11.99,12.06,12.05,12.06,11.93,4556100.0,54654240.0,10:18:54
sh600073,光明肉业,5.94,-0.01,-0.168,5.93,5.94,5.95,5.95,6.0,5.93,2967395.0,17673014.0,10:18:55
sh600075,新疆天业,5.99,-0.18,-2.917,5.98,5.99,6.17,6.16,6.17,5.97,16499100.0,99419285.0,10:18:53
sh600076,康欣新材,3.57,0.02,0.563,3.57,3.58,3.55,3.56,3.61,3.55,3795100.0,13573126.0,10:18:55
sh600078,澄星股份,13.21,0.23,1.772,13.21,13.22,12.98,12.94,13.4,12.7,15024300.0,197806171.0,10:18:55
sh600079,ST人福,18.93,0.14,0.745,18.92,18.93,18.79,18.82,18.94,18.77,4752510.0,89601209.0,10:18:53
sh600080,金花股份,8.31,-0.14,-1.657,8.3,8.31,8.45,8.44,8.44,8.3,3547300.0,29601172.0,10:18:46
sh600081,东风科技,11.06,-0.06,-0.54,11.06,11.07,11.12,11.11,11.16,11.0,683720.0,7562773.0,10:18:53
sh600082,ST海泰,3.0,-0.16,-5.063,0.0,3.0,3.16,3.0,3.0,3.0,633000.0,1899000.0,10:18:53
sh600084,中信尼雅,6.84,0.02,0.293,6.84,6.85,6.82,6.85,6.86,6.74,1534700.0,10440846.0,10:18:54
sh600085,同仁堂,27.9,-0.15,-0.535,27.9,27.91,28.05,28.05,28.08,27.82,2017201.0,56269033.0,10:18:55
sh600088,中视传媒,14.53,0.04,0.276,14.52,14.53,14.49,14.57,14.63,14.45,1045400.0,15192869.0,10:18:53
sh600089,特变电工,27.41,-0.81,-2.87,27.41,27.42,28.22,27.75,27.75,27.11,106267023.0,2909650806.0,10:18:53
sh600094,大名城,4.62,0.01,0.217,4.61,4.62,4.61,4.63,4.65,4.53,10954200.0,50023514.0,10:18:54
sh600095,湘财股份,9.43,0.05,0.533,9.43,9.44,9.38,9.4,9.44,9.37,3981000.0,37476118.0,10:18:53
sh600096,云天化,33.71,0.75,2.275,33.71,33.72,32.96,33.0,34.15,32.9,26989122.0,905230287.0,10:18:54
sh600097,开创国际,10.73,-0.04,-0.371,10.73,10.74,10.77,10.76,10.79,10.64,904600.0,9671166.0,10:18:54
sh600098,广州发展,7.07,-0.08,-1.119,7.07,7.08,7.15,7.17,7.17,7.07,7906200.0,56249276.0,10:18:55
sh600099,林海股份,11.23,0.01,0.089,11.22,11.23,11.22,11.21,11.3,11.15,940400.0,10551989.0,10:18:53
sh600100,同方股份,8.29,0.16,1.968,8.28,8.29,8.13,8.14,8.31,8.13,18004720.0,148016879.0,10:18:55
sh600101,明星电力,9.24,0.0,0.0,9.23,9.24,9.24,9.2,9.28,9.16,4512029.0,41599260.0,10:18:53
sh600103,青山纸业,4.07,0.08,2.005,4.07,4.08,3.99,4.0,4.19,3.92,139363649.0,571607437.0,10:18:54
sh600104,上汽集团,14.06,0.02,0.142,14.05,14.06,14.04,14.04,14.12,14.03,13213947.0,185858700.0,10:18:53
sh600105,永鼎股份,39.87,2.33,6.207,39.88,39.9,37.54,37.5,39.96,36.41,108691138.0,4141537662.0,10:18:54
sh600106,重庆路桥,6.07,0.01,0.165,6.07,6.08,6.06,6.06,6.11,6.04,2852221.0,17313144.0,10:18:53
sh600107,ST尔雅,5.64,0.02,0.356,5.65,5.66,5.62,5.65,5.66,5.55,1084000.0,6087961.0,10:18:53
sh600108,亚盛集团,4.4,-0.01,-0.227,4.39,4.4,4.41,4.43,4.43,4.35,21668900.0,94900706.0,10:18:53
sh600109,国金证券,8.69,0.02,0.231,8.69,8.7,8.67,8.68,8.71,8.66,6461000.0,56141727.0,10:18:54
sh600110,诺德股份,10.06,-0.19,-1.854,10.06,10.07,10.25,10.32,10.39,9.93,103252484.0,1040268758.0,10:18:53
sh600111,北方稀土,49.41,0.01,0.02,49.4,49.41,49.4,49.59,49.89,49.12,27614677.0,1367918160.0,10:18:55
sh600113,浙江东日,45.2,-0.38,-0.834,45.17,45.2,45.58,45.46,45.75,45.0,944735.0,42837817.0,10:18:55
sh600114,东睦股份,31.55,0.47,1.512,31.55,31.56,31.08,31.2,31.8,31.19,5014400.0,158286175.0,10:18:53
sh600115,中国东航,4.42,0.0,0.0,4.42,4.43,4.42,4.44,4.5,4.4,76619194.0,341184289.0,10:18:55
sh600116,三峡水利,6.57,0.01,0.152,6.56,6.57,6.56,6.58,6.61,6.54,3750100.0,24662216.0,10:18:55
sh600117,西宁特钢,2.55,0.0,0.0,2.55,2.56,2.55,2.54,2.57,2.54,1386000.0,3545177.0,10:18:55
sh600118,中国卫星,86.35,0.07,0.081,86.36,86.37,86.28,86.1,86.37,84.55,19677724.0,1678364976.0,10:18:54
sh600119,长江投资,5.87,-0.01,-0.17,5.87,5.88,5.88,5.89,5.91,5.85,773900.0,4549879.0,10:18:50
sh600120,浙江东方,5.73,0.01,0.175,5.72,5.73,5.72,5.68,5.74,5.68,16063531.0,91598650.0,10:18:54
sh600121,郑州煤电,4.14,0.01,0.242,4.14,4.15,4.13,4.1,4.16,4.09,12804898.0,52777987.0,10:18:53
sh600123,兰花科创,6.22,0.01,0.161,6.22,6.23,6.21,6.2,6.23,6.18,5096400.0,31656358.0,10:18:53
sh600125,铁龙物流,6.2,-0.04,-0.641,6.2,6.21,6.24,6.25,6.25,6.19,6927453.0,43029971.0,10:18:54
sh600126,杭钢股份,9.88,0.35,3.673,9.87,9.88,9.53,9.69,9.99,9.55,115310870.0,1126646928.0,10:18:53
sh600127,金健米业,7.12,-0.18,-2.466,7.12,7.13,7.3,7.26,7.3,7.05,23266800.0,165470733.0,10:18:49
sh600128,苏豪弘业,10.5,0.0,0.0,10.49,10.5,10.5,10.52,10.53,10.41,1292300.0,13530931.0,10:18:47
sh600129,太极集团,16.49,-0.15,-0.901,16.49,16.5,16.64,16.63,16.65,16.45,2586300.0,42705842.0,10:18:49
sh600130,*ST波导,4.61,0.02,0.436,4.61,4.62,4.59,4.58,4.65,4.58,4554700.0,21036890.0,10:18:44
sh600131,国网信通,18.12,-0.16,-0.875,18.11,18.13,18.28,18.29,18.4,18.08,4499100.0,81671869.0,10:18:47
sh600132,重庆啤酒,54.06,-0.04,-0.074,54.05,54.06,54.1,54.06,54.24,53.88,863810.0,46702870.0,10:18:48
sh600133,东湖高新,8.74,0.05,0.575,8.74,8.75,8.69,8.68,8.76,8.66,3977577.0,34689139.0,10:18:50
sh600135,乐凯胶片,10.95,-0.25,-2.232,10.95,10.96,11.2,11.09,11.09,10.76,19901500.0,216897369.0,10:18:50
sh600136,ST明诚,1.83,0.0,0.0,1.82,1.83,1.83,1.82,1.84,1.82,5847000.0,10679905.0,10:18:46
sh600137,浪莎股份,21.14,0.15,0.715,21.13,21.15,20.99,20.97,21.3,20.76,1055600.0,22219921.0,10:18:48
sh600138,中青旅,9.32,0.01,0.107,9.31,9.32,9.31,9.27,9.33,9.26,2060501.0,19160084.0,10:18:49
sh600141,兴发集团,32.58,0.85,2.679,32.58,32.59,31.73,31.75,32.86,31.6,11456347.0,370940415.0,10:18:48
sh600143,金发科技,17.03,0.13,0.769,17.03,17.04,16.9,16.96,17.1,16.9,11901781.0,202329940.0,10:18:48
sh600148,长春一东,18.03,0.04,0.222,18.02,18.04,17.99,17.98,18.07,17.84,376400.0,6753894.0,10:18:49
sh600149,廊坊发展,5.7,0.04,0.707,5.69,5.7,5.66,5.66,5.71,5.57,6756100.0,38085626.0,10:18:48
sh600150,中国船舶,32.95,0.24,0.734,32.94,32.95,32.71,32.76,33.18,32.7,18953802.0,624621947.0,10:18:47
sh600151,航天机电,13.76,-0.15,-1.078,13.75,13.76,13.91,13.91,14.01,13.68,18432665.0,253802505.0,10:18:49
sh600152,维科技术,12.16,0.09,0.746,12.15,12.16,12.07,11.9,12.44,11.6,90434123.0,1085551578.0,10:18:48
sh600153,建发股份,9.05,0.03,0.333,9.05,9.06,9.02,9.06,9.12,9.0,4113274.0,37264197.0,10:18:49
sh600155,华创云信,6.37,0.05,0.791,6.36,6.37,6.32,6.35,6.37,6.33,7056200.0,44803231.0,10:18:48
sh600156,华升股份,7.79,0.14,1.83,7.78,7.79,7.65,7.65,7.85,7.59,4034100.0,31188085.0,10:18:49
sh600157,永泰能源,1.7,0.0,0.0,1.69,1.7,1.7,1.69,1.7,1.68,201980091.0,341546185.0,10:18:48
sh600158,中体产业,11.39,0.13,1.155,11.39,11.4,11.26,11.2,11.44,11.05,24588446.0,276824223.0,10:18:47
sh600159,大龙地产,3.03,-0.06,-1.942,3.02,3.03,3.09,3.12,3.14,3.01,11562950.0,35273104.0,10:18:47
sh600160,巨化股份,34.17,-0.24,-0.697,34.16,34.17,34.41,34.41,34.78,34.16,10534962.0,362549581.0,10:18:49
sh600161,天坛生物,15.01,0.03,0.2,15.0,15.01,14.98,14.97,15.08,14.87,3669364.0,54812610.0,10:18:50
sh600162,香江控股,1.8,-0.01,-0.552,1.79,1.8,1.81,1.81,1.83,1.79,15722200.0,28380472.0,10:18:50
sh600163,中闽能源,6.06,-0.02,-0.329,6.06,6.07,6.08,6.07,6.1,6.01,10803967.0,65350292.0,10:18:48
sh600165,ST宁科,3.58,-0.06,-1.648,3.58,3.59,3.64,3.64,3.67,3.56,2512800.0,9059370.0,10:18:35
sh600166,福田汽车,3.38,-0.01,-0.295,3.37,3.38,3.39,3.4,3.5,3.36,131768075.0,450009428.0,10:18:50
sh600167,联美控股,6.51,-0.02,-0.306,6.51,6.52,6.53,6.58,6.58,6.51,2704800.0,17664129.0,10:18:47
sh600168,武汉控股,4.88,-0.01,-0.204,4.87,4.88,4.89,4.9,4.9,4.86,1616060.0,7879210.0,10:18:47
sh600169,ST太重,2.41,0.01,0.417,2.4,2.41,2.4,2.4,2.41,2.4,2544900.0,6120425.0,10:18:44
sh600170,上海建工,2.74,-0.01,-0.364,2.73,2.74,2.75,2.75,2.76,2.73,41485400.0,113775335.0,10:18:48
sh600171,上海贝岭,27.54,0.13,0.474,27.53,27.54,27.41,27.49,27.56,27.35,1861400.0,51123376.0,10:18:48
sh600172,黄河旋风,8.65,-0.1,-1.143,8.65,8.66,8.75,8.61,8.73,8.44,42886991.0,368444587.0,10:18:48
sh600173,卧龙新能,7.23,-0.21,-2.823,7.23,7.24,7.44,7.44,7.47,7.18,13681002.0,99577950.0,10:18:49
sh600176,中国巨石,33.2,2.1,6.752,33.19,33.2,31.1,32.12,33.87,31.82,109745521.0,3615845956.0,10:18:50
sh600177,雅戈尔,7.32,0.05,0.688,7.31,7.32,7.27,7.28,7.42,7.25,10007267.0,73535175.0,10:18:48
sh600178,东安动力,11.37,0.01,0.088,11.36,11.37,11.36,11.46,11.46,11.32,1509800.0,17170956.0,10:18:49
sh600179,安通控股,4.46,0.02,0.45,4.45,4.46,4.44,4.45,4.49,4.42,9569844.0,42685193.0,10:18:47
sh600180,瑞茂通,3.22,0.0,0.0,3.22,3.23,3.22,3.23,3.25,3.21,4715100.0,15238936.0,10:18:46
sh600182,S佳通,14.58,-0.09,-0.613,14.57,14.58,14.67,14.7,14.78,14.51,569301.0,8308452.0,10:18:46
sh600183,生益科技,68.05,1.15,1.719,68.03,68.06,66.9,67.32,68.14,66.01,21462189.0,1441541891.0,10:18:49
sh600184,光电股份,21.33,1.04,5.126,21.32,21.33,20.29,20.31,21.79,20.31,21173158.0,447784898.0,10:18:49
sh600185,珠免集团,5.72,0.0,0.0,5.72,5.73,5.72,5.72,5.77,5.71,4863868.0,27892124.0,10:18:49
sh600186,莲花控股,8.0,0.31,4.031,7.99,8.0,7.69,7.54,8.06,7.54,159119596.0,1243349985.0,10:18:49
sh600187,国中水务,1.86,0.01,0.541,1.85,1.86,1.85,1.84,1.86,1.83,6377500.0,11770117.0,10:18:41
sh600188,兖矿能源,19.28,0.09,0.469,19.27,19.28,19.19,19.3,19.49,19.02,15567927.0,300574867.0,10:18:47
sh600189,泉阳泉,7.63,0.06,0.793,7.63,7.64,7.57,7.57,7.65,7.54,2991300.0,22699900.0,10:18:47
sh600191,华资实业,12.13,0.13,1.083,12.11,12.13,12.0,11.99,12.19,11.95,1082300.0,13073151.0,10:18:48
sh600192,长城电工,8.33,-0.12,-1.42,8.33,8.34,8.45,8.44,8.45,8.28,2570578.0,21391385.0,10:18:45
sh600193,*ST创兴,3.11,0.02,0.647,3.1,3.11,3.09,3.0,3.22,3.0,8994506.0,28132654.0,10:18:48
sh600195,中牧股份,7.95,-0.15,-1.852,7.95,7.96,8.1,8.06,8.08,7.93,9038962.0,72140540.0,10:18:49
sh600196,复星医药,26.7,-0.1,-0.373,26.69,26.7,26.8,26.87,26.87,26.61,6191900.0,165275524.0,10:18:48
sh600197,伊力特,12.01,-0.04,-0.332,12.01,12.02,12.05,12.05,12.06,11.98,529900.0,6368895.0,10:18:47
sh600198,大唐电信,8.32,0.04,0.483,8.32,8.33,8.28,8.26,8.37,8.26,3154430.0,26260027.0,10:18:49
sh600199,金种子酒,8.05,-0.02,-0.248,8.05,8.06,8.07,8.06,8.1,8.02,1701800.0,13703704.0,10:18:45
sh600201,生物股份,14.87,-0.09,-0.602,14.86,14.87,14.96,14.95,15.24,14.86,8747083.0,131739889.0,10:18:48
sh600202,哈空调,5.79,0.06,1.047,5.79,5.8,5.73,5.75,5.81,5.65,2187580.0,12581218.0,10:18:50
sh600203,福日电子,11.48,0.03,0.262,11.47,11.48,11.45,11.46,11.51,11.33,5108944.0,58209785.0,10:18:47
sh600206,有研新材,22.1,0.04,0.181,22.1,22.11,22.06,21.92,22.24,21.78,12214587.0,268729373.0,10:18:47
sh600207,安彩高科,5.37,0.04,0.75,5.36,5.37,5.33,5.3,5.42,5.23,10618900.0,56829718.0,10:18:50
sh600208,衢州发展,3.23,0.0,0.0,3.23,3.24,3.23,3.23,3.26,3.22,12508700.0,40541948.0,10:18:49
sh600210,紫江企业,6.97,-0.01,-0.143,6.97,6.98,6.98,6.97,7.01,6.96,4009588.0,28002830.0,10:18:47
sh600211,西藏药业,41.95,-0.37,-0.874,41.92,41.94,42.32,42.33,42.35,41.85,883752.0,37129219.0,10:18:48
sh600212,绿能慧充,7.9,0.03,0.381,7.89,7.9,7.87,7.87,7.94,7.69,6330930.0,49371498.0,10:18:49
sh600215,派斯林,6.53,-0.05,-0.76,6.53,6.54,6.58,6.58,6.62,6.5,2163200.0,14133099.0,10:18:48
sh600216,浙江医药,15.15,-0.13,-0.851,15.15,15.16,15.28,15.28,15.3,15.03,10881592.0,164767500.0,10:18:50
sh600217,中再资环,3.82,0.01,0.262,3.81,3.82,3.81,3.81,3.83,3.8,2055600.0,7838174.0,10:18:48
sh600218,全柴动力,9.71,0.09,0.936,9.71,9.72,9.62,9.61,9.75,9.61,2722541.0,26397783.0,10:18:49
sh600219,南山铝业,6.3,0.1,1.613,6.29,6.3,6.2,6.26,6.39,6.25,96844652.0,613546919.0,10:18:48
sh600221,海航控股,1.47,0.01,0.685,1.46,1.47,1.46,1.46,1.47,1.45,50721239.0,74117017.0,10:18:50
sh600222,太龙药业,7.3,-0.08,-1.084,7.29,7.3,7.38,7.38,7.39,7.23,9191190.0,67087445.0,10:18:48
sh600223,福瑞达,6.74,-0.06,-0.882,6.74,6.75,6.8,6.79,6.79,6.73,1639600.0,11070662.0,10:18:49
sh600226,亨通股份,5.29,-0.03,-0.564,5.28,5.29,5.32,5.31,5.33,5.24,19403100.0,102443858.0,10:18:48
sh600227,赤天化,3.57,0.04,1.133,3.57,3.58,3.53,3.59,3.62,3.47,46069700.0,163350260.0,10:18:48
sh600228,*ST返利,6.34,0.02,0.316,6.33,6.37,6.32,6.44,6.44,6.31,2207200.0,14109637.0,10:18:48
sh600229,城市传媒,5.96,0.01,0.168,5.95,5.96,5.95,5.97,6.0,5.9,784200.0,4654126.0,10:18:46
sh600230,沧州大化,19.64,-0.01,-0.051,19.63,19.64,19.65,19.55,19.76,19.41,3450200.0,67675883.0,10:18:49
sh600231,凌钢股份,2.04,0.01,0.493,2.04,2.05,2.03,2.03,2.05,2.02,4897330.0,10000981.0,10:18:50
sh600232,金鹰股份,8.63,0.02,0.232,8.63,8.64,8.61,8.61,8.66,8.54,2175900.0,18717331.0,10:18:52
sh600233,圆通速递,21.38,-0.12,-0.558,21.38,21.39,21.5,21.52,21.85,21.16,10885815.0,234673159.0,10:18:53
sh600234,科新发展,17.34,-0.42,-2.365,17.31,17.33,17.76,17.99,17.99,17.26,2471300.0,43350507.0,10:18:51
sh600235,民丰特纸,6.66,0.01,0.15,6.66,6.67,6.65,6.67,6.69,6.62,1560400.0,10379643.0,10:18:53
sh600236,桂冠电力,9.69,0.01,0.103,9.69,9.7,9.68,9.66,9.86,9.63,5011569.0,48944279.0,10:18:52
sh600237,铜峰电子,9.35,-0.14,-1.475,9.34,9.35,9.49,9.4,9.48,9.24,18840000.0,175709123.0,10:18:52
sh600238,*ST椰岛,4.75,0.2,4.396,4.74,4.75,4.55,4.36,4.78,4.36,16727407.0,77114260.0,10:18:53
sh600239,云南城投,2.05,-0.02,-0.966,2.05,2.06,2.07,2.07,2.08,2.04,9327375.0,19189841.0,10:18:53
sh600241,时代万恒,9.84,-0.01,-0.102,9.84,9.85,9.85,9.85,10.0,9.79,3822800.0,37863476.0,10:18:53
sh600243,*ST海华,3.63,-0.06,-1.626,3.64,3.65,3.69,3.61,3.78,3.61,4147051.0,15235621.0,10:18:50
sh600246,万通发展,9.71,0.09,0.936,9.7,9.71,9.62,9.6,9.78,9.55,19648764.0,190224449.0,10:18:52
sh600248,陕建股份,3.42,-0.01,-0.292,3.42,3.43,3.43,3.43,3.44,3.41,3188500.0,10920653.0,10:18:50
sh600249,两面针,5.99,-0.03,-0.498,5.98,5.99,6.02,6.06,6.08,5.93,8541450.0,51057704.0,10:18:51
sh600250,南京商旅,11.33,-0.09,-0.788,11.33,11.34,11.42,11.22,11.37,11.04,10069300.0,112652045.0,10:18:52
sh600251,冠农股份,11.37,0.47,4.312,11.36,11.37,10.9,10.92,11.43,10.86,5895102.0,65795115.0,10:18:52
sh600252,中恒集团,2.58,-0.07,-2.642,2.57,2.58,2.65,2.62,2.65,2.57,37281900.0,96813259.0,10:18:53
sh600255,鑫科材料,3.58,0.0,0.0,3.58,3.59,3.58,3.57,3.61,3.56,11539850.0,41448037.0,10:18:49
sh600256,广汇能源,6.33,-0.04,-0.628,6.32,6.33,6.37,6.33,6.35,6.26,49207288.0,309703908.0,10:18:52
sh600257,大湖股份,6.27,-0.06,-0.948,6.26,6.27,6.33,6.32,6.32,6.18,7115800.0,44378324.0,10:18:51
sh600258,首旅酒店,15.3,-0.07,-0.455,15.29,15.31,15.37,15.3,15.36,15.2,5526300.0,84415962.0,10:18:53
sh600259,中稀有色,91.85,-0.23,-0.25,91.83,91.85,92.08,92.35,92.87,91.36,3679671.0,338888037.0,10:18:53
sh600261,阳光照明,3.67,0.01,0.273,3.67,3.68,3.66,3.66,3.69,3.65,2646820.0,9709882.0,10:18:45
sh600262,北方股份,25.79,-0.04,-0.155,25.79,25.81,25.83,25.9,26.03,25.63,1762800.0,45402105.0,10:18:53
sh600265,ST景谷,20.58,0.16,0.784,20.56,20.59,20.42,20.49,20.65,20.45,155300.0,3188662.0,10:18:43
sh600266,城建发展,5.04,-0.04,-0.787,5.03,5.04,5.08,5.07,5.11,5.01,12361900.0,62455913.0,10:18:53
sh600267,海正药业,11.53,0.14,1.229,11.52,11.53,11.39,11.93,12.24,11.46,71042538.0,839529162.0,10:18:52
sh600268,国电南自,15.34,-0.33,-2.106,15.31,15.34,15.67,15.52,15.52,15.13,18446146.0,282248422.0,10:18:52
sh600269,赣粤高速,4.5,-0.01,-0.222,4.49,4.5,4.51,4.51,4.54,4.48,4272836.0,19249955.0,10:18:53
sh600271,航天信息,8.65,-0.07,-0.803,8.64,8.65,8.72,8.72,8.76,8.61,8148800.0,70534244.0,10:18:52
sh600272,开开实业,12.34,-0.27,-2.141,12.33,12.34,12.61,12.55,12.56,12.31,1748300.0,21639325.0,10:18:52
sh600273,嘉化能源,9.01,0.01,0.111,9.01,9.02,9.0,9.05,9.07,9.01,3537700.0,31991648.0,10:18:52
sh600276,恒瑞医药,57.6,-0.13,-0.225,57.59,57.6,57.73,57.98,57.98,57.02,23668010.0,1357287759.0,10:18:53
sh600278,东方创业,7.28,0.06,0.831,7.27,7.28,7.22,7.23,7.3,7.21,2059900.0,14943836.0,10:18:48
sh600279,重庆港,4.91,0.0,0.0,4.91,4.92,4.91,4.9,4.93,4.89,1574700.0,7728102.0,10:18:52
sh600280,中央商场,3.08,-0.03,-0.965,3.08,3.09,3.11,3.11,3.11,3.05,7748700.0,23851709.0,10:18:48
sh600281,华阳新材,5.46,0.07,1.299,5.45,5.46,5.39,5.41,5.46,5.37,2109000.0,11419214.0,10:18:53
sh600282,南钢股份,5.66,0.01,0.177,5.66,5.67,5.65,5.62,5.7,5.62,7299600.0,41388518.0,10:18:51
sh600283,钱江水利,9.11,-0.12,-1.3,9.1,9.11,9.23,9.18,9.22,9.09,2328427.0,21238361.0,10:18:52
sh600284,浦东建设,6.81,-0.01,-0.147,6.8,6.81,6.82,6.81,6.87,6.79,2476280.0,16872226.0,10:18:51
sh600285,羚锐制药,21.34,-0.26,-1.204,21.33,21.34,21.6,21.65,21.68,21.22,4184857.0,89557211.0,10:18:51
sh600287,苏豪时尚,5.69,-0.01,-0.175,5.69,5.7,5.7,5.7,5.75,5.65,1322000.0,7528128.0,10:18:53
sh600288,大恒科技,15.04,0.08,0.535,15.04,15.05,14.96,14.98,15.1,14.92,1530500.0,22951125.0,10:18:51
sh600289,ST信通,7.52,0.07,0.94,7.5,7.52,7.45,7.45,7.53,7.4,1089292.0,8144989.0,10:18:53
sh600292,电投水电,15.51,0.11,0.714,15.5,15.51,15.4,15.42,15.58,15.32,6089442.0,94045868.0,10:18:52
sh600293,三峡新材,3.18,0.05,1.597,3.17,3.18,3.13,3.14,3.2,3.12,11262600.0,35679067.0,10:18:54
sh600295,鄂尔多斯,15.32,0.32,2.133,15.32,15.33,15.0,14.9,15.39,14.87,6364940.0,96811340.0,10:18:53
sh600298,安琪酵母,40.31,-0.24,-0.592,40.31,40.32,40.55,40.54,40.77,40.3,1394600.0,56459900.0,10:18:53
sh600299,安迪苏,14.07,0.09,0.644,14.05,14.07,13.98,13.89,14.22,13.58,7289499.0,101436197.0,10:18:53
sh600300,维维股份,3.6,0.13,3.746,3.59,3.6,3.47,3.47,3.62,3.45,33776950.0,119850340.0,10:18:53
sh600301,华锡有色,49.09,-0.67,-1.346,49.04,49.1,49.76,50.2,50.6,48.63,3403300.0,167956885.0,10:18:51
sh600302,标准股份,11.59,0.19,1.667,11.58,11.59,11.4,11.5,11.72,11.28,3734600.0,43098144.0,10:18:53
sh600303,曙光股份,3.02,0.0,0.0,3.02,3.03,3.02,3.02,3.04,2.99,7309600.0,22028032.0,10:18:51
sh600305,恒顺醋业,7.44,-0.01,-0.134,7.43,7.44,7.45,7.44,7.47,7.42,1590983.0,11836674.0,10:18:51
sh600307,酒钢宏兴,1.82,0.03,1.676,1.81,1.82,1.79,1.79,1.82,1.78,35536200.0,64159707.0,10:18:53
sh600308,华泰股份,3.86,0.02,0.521,3.85,3.86,3.84,3.84,3.89,3.83,3079940.0,11886913.0,10:18:52
sh600309,万华化学,90.32,1.24,1.392,90.32,90.33,89.08,89.0,91.36,88.89,11943904.0,1081173788.0,10:18:53
sh600310,广西能源,4.38,-0.05,-1.129,4.38,4.39,4.43,4.42,4.5,4.37,28924069.0,127306270.0,10:18:51
sh600312,平高电气,19.96,-0.19,-0.943,19.95,19.96,20.15,20.25,20.29,19.73,9566200.0,190797522.0,10:18:53
sh600313,农发种业,7.33,0.02,0.274,7.32,7.33,7.31,7.32,7.34,7.19,17328690.0,125902617.0,10:18:53
sh600315,上海家化,20.6,-0.16,-0.771,20.6,20.61,20.76,20.77,20.79,20.54,1129200.0,23273482.0,10:18:52
sh600316,洪都航空,39.29,-0.7,-1.75,39.29,39.3,39.99,39.6,39.93,38.85,5354801.0,210425763.0,10:18:52
sh600318,新力金融,7.94,0.27,3.52,7.94,7.95,7.67,7.75,7.95,7.75,9692018.0,76371044.0,10:18:53
sh600319,亚星化学,7.32,0.03,0.412,7.32,7.33,7.29,7.3,7.37,7.21,1154500.0,8445406.0,10:18:52
sh600320,振华重工,5.08,0.02,0.395,5.07,5.08,5.06,5.06,5.12,5.04,9449234.0,48053562.0,10:18:51
sh600322,津投城开,2.39,-0.03,-1.24,2.38,2.39,2.42,2.42,2.42,2.38,6011900.0,14383123.0,10:18:48
sh600323,瀚蓝环境,28.91,-0.07,-0.242,28.91,28.92,28.98,28.92,29.18,28.8,975063.0,28287193.0,10:18:52
sh600325,华发股份,3.54,0.0,0.0,3.53,3.54,3.54,3.53,3.57,3.52,10282838.0,36430599.0,10:18:53
sh600326,西藏天路,9.2,0.01,0.109,9.2,9.21,9.19,9.14,9.23,9.13,4019199.0,36907067.0,10:18:52
sh600327,大东方,3.88,-0.01,-0.257,3.87,3.88,3.89,3.9,3.91,3.86,2686300.0,10412840.0,10:18:53
sh600328,中盐化工,8.46,0.06,0.714,8.45,8.47,8.4,8.4,8.52,8.37,11284256.0,95330372.0,10:18:53
sh600329,达仁堂,41.18,-0.36,-0.867,41.17,41.18,41.54,41.35,41.5,41.03,1044600.0,43011139.0,10:18:51
sh600330,天通股份,19.9,0.1,0.505,19.89,19.9,19.8,19.6,20.33,19.36,49850178.0,987913109.0,10:18:53
sh600331,宏达股份,16.27,0.62,3.962,16.26,16.27,15.65,15.66,16.32,15.61,30339620.0,488360786.0,10:18:52
sh600332,白云山,22.9,-0.1,-0.435,22.89,22.9,23.0,23.0,23.0,22.87,2808250.0,64353405.0,10:18:51
sh600333,长春燃气,5.18,-0.01,-0.193,5.18,5.19,5.19,5.2,5.2,5.15,1844600.0,9548540.0,10:18:52
sh600335,国机汽车,6.05,0.01,0.166,6.05,6.06,6.04,6.05,6.09,6.03,2553700.0,15474145.0,10:18:52
sh600336,澳柯玛,7.11,0.07,0.994,7.1,7.11,7.04,7.06,7.3,7.06,4082600.0,29181878.0,10:18:48
sh600337,美克家居,3.36,0.06,1.818,3.35,3.36,3.3,3.3,3.39,3.25,40498288.0,135158730.0,10:18:52
sh600338,西藏珠峰,19.95,0.96,5.055,19.95,19.96,18.99,19.34,20.47,19.17,64799310.0,1290911239.0,10:18:53
sh600339,中油工程,4.0,-0.06,-1.478,4.0,4.01,4.06,4.05,4.06,3.98,44443217.0,177901303.0,10:18:47
sh600340,华夏幸福,1.35,-0.05,-3.571,1.35,1.36,1.4,1.38,1.39,1.33,80468580.0,108886736.0,10:18:49
sh600343,航天动力,35.44,0.51,1.46,35.42,35.44,34.93,35.0,35.55,34.5,22691483.0,794708565.0,10:18:47
sh600345,长江通信,49.82,0.16,0.322,49.78,49.83,49.66,48.98,50.35,48.4,8974219.0,441678294.0,10:18:48
sh600346,恒力石化,24.3,0.62,2.618,24.3,24.33,23.68,23.9,24.48,23.57,17109306.0,412002945.0,10:18:47
sh600348,华阳股份,9.29,0.06,0.65,9.29,9.3,9.23,9.21,9.35,9.17,11811218.0,109752412.0,10:18:47
sh600350,山东高速,10.16,0.06,0.594,10.15,10.16,10.1,10.14,10.19,10.08,1762100.0,17850211.0,10:18:47
sh600351,亚宝药业,6.75,-0.08,-1.171,6.74,6.75,6.83,6.8,6.92,6.73,16898713.0,114820082.0,10:18:49
sh600352,浙江龙盛,12.86,0.1,0.784,12.86,12.87,12.76,12.77,12.98,12.77,11503151.0,148332973.0,10:18:49
sh600353,旭光电子,15.6,0.44,2.902,15.59,15.6,15.16,15.19,15.79,15.08,12589796.0,194234775.0,10:18:50
sh600354,敦煌种业,6.26,-0.04,-0.635,6.26,6.27,6.3,6.29,6.31,6.2,6126200.0,38254748.0,10:18:47
sh600355,*ST精伦,0.58,0.0,0.0,0.0,0.0,0.58,0.0,0.0,0.0,0.0,0.0,10:18:40
sh600356,恒丰纸业,9.71,0.55,6.004,9.73,9.75,9.16,9.31,9.8,9.31,13167515.0,126392807.0,10:18:48
sh600358,ST联合,6.38,-0.07,-1.085,6.38,6.39,6.45,6.44,6.45,6.36,2709200.0,17333964.0,10:18:48
sh600359,新农开发,6.94,-0.03,-0.43,6.94,6.95,6.97,6.94,6.96,6.87,2210698.0,15284876.0,10:18:48
sh600360,*ST华微,9.49,0.1,1.065,9.48,9.49,9.39,9.4,9.54,9.39,5321207.0,50492490.0,10:18:47
sh600361,创新新材,4.37,0.08,1.865,4.36,4.37,4.29,4.29,4.37,4.29,18659395.0,80965802.0,10:18:48
sh600362,江西铜业,46.87,0.0,0.0,46.86,46.87,46.87,47.01,47.5,46.64,16135202.0,758472958.0,10:18:50
sh600363,联创光电,52.36,-0.09,-0.172,52.36,52.37,52.45,52.63,52.75,52.11,1737410.0,90883008.0,10:18:48
sh600365,ST通葡,3.08,-0.02,-0.645,3.07,3.08,3.1,3.11,3.11,3.06,1451600.0,4474686.0,10:18:46
sh600366,宁波韵升,12.51,0.04,0.321,12.51,12.52,12.47,12.7,12.71,12.44,5839090.0,73072382.0,10:18:47
sh600367,红星发展,20.7,0.47,2.323,20.7,20.71,20.23,20.23,20.9,20.2,11741564.0,241897085.0,10:18:49
sh600368,五洲交通,3.87,0.0,0.0,3.86,3.87,3.87,3.87,3.88,3.85,2241700.0,8662748.0,10:18:49
sh600369,西南证券,4.28,0.03,0.706,4.27,4.28,4.25,4.26,4.29,4.26,8891300.0,38019672.0,10:18:47
sh600370,三房巷,2.44,0.01,0.412,2.43,2.44,2.43,2.42,2.45,2.4,22234526.0,53991815.0,10:18:49
sh600371,万向德农,8.37,-0.23,-2.674,8.36,8.37,8.6,8.55,8.59,8.27,4164500.0,34781655.0,10:18:50
sh600372,中航机载,13.3,0.04,0.302,13.29,13.3,13.26,13.26,13.37,13.2,10686860.0,141763816.0,10:18:48
sh600373,中文传媒,8.48,0.01,0.118,8.48,8.49,8.47,8.49,8.5,8.46,1716600.0,14554071.0,10:18:48
sh600375,汉马科技,5.2,-0.02,-0.383,5.2,5.21,5.22,5.21,5.24,5.19,5197100.0,27065366.0,10:18:47
sh600376,首开股份,4.77,-0.01,-0.209,4.77,4.78,4.78,4.77,4.81,4.75,10609605.0,50641407.0,10:18:48
sh600377,宁沪高速,11.8,0.12,1.027,11.8,11.81,11.68,11.68,11.81,11.65,2934142.0,34405781.0,10:18:48
sh600378,昊华科技,32.5,0.29,0.9,32.5,32.52,32.21,32.32,32.69,32.0,3685968.0,119453523.0,10:18:48
sh600379,宝光股份,11.86,-0.17,-1.413,11.85,11.87,12.03,12.0,12.1,11.8,2882402.0,34281124.0,10:18:49
sh600380,健康元,11.27,-0.08,-0.705,11.26,11.27,11.35,11.35,11.37,11.24,5434140.0,61368181.0,10:18:48
sh600381,*ST春天,2.97,-0.01,-0.336,2.97,2.98,2.98,2.94,3.0,2.92,2421200.0,7155298.0,10:18:49
sh600382,广东明珠,9.5,0.17,1.822,9.5,9.51,9.33,9.26,9.56,9.2,9717460.0,91308756.0,10:18:48
sh600383,金地集团,2.82,-0.01,-0.353,2.82,2.83,2.83,2.82,2.85,2.81,17424844.0,49233303.0,10:18:47
sh600386,北巴传媒,4.09,0.06,1.489,4.09,4.1,4.03,4.03,4.16,4.0,4766600.0,19437151.0,10:18:49
sh600388,龙净环保,18.68,0.05,0.268,18.68,18.69,18.63,18.61,18.84,18.58,3264100.0,61062470.0,10:18:48
sh600389,江山股份,28.77,-0.38,-1.304,28.77,28.78,29.15,29.42,29.45,28.6,3829843.0,110711554.0,10:18:50
sh600390,五矿资本,5.34,0.02,0.376,5.33,5.34,5.32,5.33,5.34,5.32,4805118.0,25611853.0,10:18:46
sh600391,航发科技,39.41,-0.39,-0.98,39.4,39.41,39.8,39.81,39.98,39.25,2467200.0,97325543.0,10:18:49
sh600392,盛和资源,24.73,0.17,0.692,24.73,24.74,24.56,24.51,25.0,24.43,21488669.0,532921246.0,10:18:48
sh600395,盘江股份,5.64,-0.02,-0.353,5.63,5.64,5.66,5.62,5.69,5.6,5701600.0,32209131.0,10:18:48
sh600396,华电辽能,7.4,-0.65,-8.075,7.4,7.41,8.05,7.68,7.75,7.25,141174186.0,1046459326.0,10:18:49
sh600397,江钨装备,14.28,0.15,1.062,14.28,14.29,14.13,14.09,14.35,14.01,11720046.0,165868733.0,10:18:47
sh600398,海澜之家,6.8,0.02,0.295,6.79,6.8,6.78,6.76,6.81,6.74,8052500.0,54551463.0,10:18:50
sh600399,抚顺特钢,5.87,0.02,0.342,5.86,5.87,5.85,5.84,5.9,5.84,11905103.0,69805397.0,10:18:49
sh600400,红豆股份,2.02,0.0,0.0,2.02,2.03,2.02,2.03,2.03,2.01,6678300.0,13495898.0,10:18:48
sh600403,大有能源,5.68,0.02,0.353,5.67,5.68,5.66,5.68,5.69,5.61,3887200.0,21945144.0,10:18:48
sh600405,动力源,5.25,0.02,0.382,5.24,5.25,5.23,5.23,5.27,5.2,2544930.0,13329984.0,10:18:41
sh600406,国电南瑞,26.66,-0.2,-0.745,26.65,26.66,26.86,27.0,27.06,26.41,36484652.0,973303398.0,10:18:48
sh600408,安泰集团,3.15,0.0,0.0,3.15,3.16,3.15,3.15,3.17,3.13,10934500.0,34433336.0,10:18:48
sh600409,三友化工,6.88,0.04,0.585,6.87,6.88,6.84,6.84,6.91,6.8,8789600.0,60269403.0,10:18:50
sh600410,华胜天成,27.09,0.21,0.781,27.08,27.09,26.88,27.1,27.35,26.91,41471440.0,1124208013.0,10:18:48
sh600415,小商品城,12.33,0.11,0.9,12.33,12.34,12.22,12.25,12.45,12.25,32001779.0,395150053.0,10:18:47
sh600416,湘电股份,12.28,-0.02,-0.163,12.27,12.28,12.3,12.32,12.35,12.19,5281700.0,64692267.0,10:18:48
sh600418,江淮汽车,45.99,0.5,1.099,45.98,45.99,45.49,45.51,46.31,45.45,10165400.0,466065731.0,10:18:49
sh600419,天润乳业,9.66,-0.04,-0.412,9.66,9.67,9.7,9.68,9.69,9.61,1311900.0,12661696.0,10:18:48
sh600420,国药现代,9.91,-0.09,-0.9,9.91,9.92,10.0,9.96,9.99,9.89,3880857.0,38509237.0,10:18:47
sh600421,*ST华嵘,5.73,-0.15,-2.551,5.72,5.73,5.88,5.59,5.85,5.59,2421000.0,13774723.0,10:18:47
sh600422,昆药集团,11.24,-0.1,-0.882,11.24,11.25,11.34,11.33,11.33,11.21,2121800.0,23867455.0,10:18:42
sh600423,柳化股份,2.73,-0.04,-1.444,2.73,2.74,2.77,2.75,2.78,2.67,27995802.0,76003391.0,10:18:49
sh600425,青松建化,4.02,-0.01,-0.248,4.01,4.02,4.03,4.04,4.04,4.0,5270461.0,21168054.0,10:18:47
sh600426,华鲁恒升,35.31,-0.24,-0.675,35.3,35.32,35.55,35.53,35.57,34.91,7387577.0,259913293.0,10:18:48
sh600428,中远海特,9.08,0.05,0.554,9.07,9.08,9.03,9.07,9.18,8.99,12309392.0,111569174.0,10:18:49
sh600429,三元股份,5.87,0.07,1.207,5.87,5.88,5.8,5.74,5.93,5.74,7840100.0,45949711.0,10:18:49
sh600433,冠豪高新,3.7,0.17,4.816,3.69,3.7,3.53,3.5,3.83,3.49,55163929.0,205665257.0,10:18:49
sh600435,北方导航,14.88,-0.02,-0.134,14.88,14.89,14.9,14.9,14.96,14.79,6162332.0,91508092.0,10:18:48
sh600436,片仔癀,147.95,-1.03,-0.691,147.94,147.95,148.98,148.98,149.18,147.78,675248.0,100037248.0,10:18:49
sh600438,通威股份,17.57,0.23,1.326,17.57,17.58,17.34,17.49,17.75,17.42,26148940.0,460588132.0,10:18:47
sh600439,瑞贝卡,2.52,0.03,1.205,2.52,2.53,2.49,2.49,2.53,2.49,4693720.0,11784573.0,10:18:49
sh600444,国机通用,17.58,0.08,0.457,17.58,17.59,17.5,17.49,17.75,17.42,1069900.0,18744542.0,10:18:48
sh600446,金证股份,12.79,0.17,1.347,12.79,12.8,12.62,12.63,12.8,12.59,4149692.0,52704736.0,10:18:47
sh600448,华纺股份,3.2,0.02,0.629,3.19,3.2,3.18,3.22,3.22,3.15,6003000.0,19147733.0,10:18:46
sh600449,宁夏建材,12.71,0.12,0.953,12.71,12.72,12.59,12.62,12.75,12.58,1023800.0,12955264.0,10:18:44
sh600452,涪陵电力,12.14,0.0,0.0,12.14,12.15,12.14,12.14,12.24,11.96,11359895.0,137924411.0,10:18:48
sh600455,博通股份,25.31,0.02,0.079,25.31,25.36,25.29,25.45,25.46,25.1,431700.0,10901100.0,10:18:48
sh600456,宝钛股份,34.37,0.07,0.204,34.37,34.38,34.3,34.43,34.56,34.22,1848000.0,63523234.0,10:18:49
sh600458,时代新材,11.72,-0.04,-0.34,11.72,11.73,11.76,11.78,11.78,11.69,2214900.0,25980855.0,10:18:50
sh600459,贵研铂业,20.81,0.21,1.019,20.81,20.82,20.6,20.74,20.88,20.63,4288629.0,89038595.0,10:18:58
sh600460,士兰微,26.76,0.18,0.677,26.76,26.77,26.58,26.61,26.82,26.6,6489602.0,173254917.0,10:18:56
sh600461,洪城环境,9.81,-0.15,-1.506,9.81,9.82,9.96,9.93,9.95,9.66,7665514.0,74792224.0,10:18:57
sh600463,空港股份,9.94,0.01,0.101,9.93,9.94,9.93,9.98,9.98,9.88,665400.0,6605279.0,10:18:51
sh600467,好当家,2.42,-0.03,-1.224,2.41,2.42,2.45,2.44,2.45,2.41,11362800.0,27506173.0,10:18:57
sh600468,百利电气,7.9,-0.17,-2.107,7.89,7.9,8.07,7.92,7.95,7.79,22982288.0,180830607.0,10:18:55
sh600469,风神股份,7.14,0.0,0.0,7.14,7.15,7.14,7.13,7.29,7.06,9021910.0,64855795.0,10:18:58
sh600470,六国化工,6.8,0.07,1.04,6.79,6.8,6.73,6.73,6.82,6.7,8493008.0,57404478.0,10:18:57
sh600475,华光环能,17.29,0.29,1.706,17.28,17.29,17.0,16.99,17.4,16.82,4108600.0,70302196.0,10:18:57
sh600476,湘邮科技,11.15,0.13,1.18,11.15,11.16,11.02,11.02,11.15,10.95,1075100.0,11862815.0,10:18:55
sh600477,杭萧钢构,3.15,0.01,0.318,3.14,3.15,3.14,3.13,3.15,3.12,12161944.0,38129131.0,10:18:57
sh600478,科力远,7.58,0.09,1.202,7.58,7.59,7.49,7.52,7.69,7.48,22174670.0,168776860.0,10:18:58
sh600479,千金药业,10.7,-0.14,-1.292,10.69,10.7,10.84,10.78,10.8,10.64,3655500.0,39080399.0,10:18:56
sh600480,凌云股份,11.5,-0.22,-1.877,11.5,11.51,11.72,11.55,11.68,11.47,18563044.0,214452132.0,10:18:56
sh600481,双良节能,6.39,0.11,1.752,6.39,6.4,6.28,6.3,6.41,6.24,24918413.0,158071500.0,10:18:55
sh600482,中国动力,38.17,1.25,3.386,38.16,38.17,36.92,36.73,38.74,36.51,21719771.0,825032448.0,10:18:58
sh600483,福能股份,9.99,0.04,0.402,9.98,9.99,9.95,9.99,10.12,9.9,8444490.0,84556202.0,10:18:58
sh600486,扬农化工,77.75,-0.25,-0.321,77.74,77.75,78.0,77.83,78.65,77.34,1512400.0,118030041.0,10:18:56
sh600487,亨通光电,52.46,0.33,0.633,52.45,52.46,52.13,51.81,52.62,50.89,52595009.0,2720889309.0,10:18:58
sh600488,津药药业,6.4,-0.44,-6.433,6.39,6.4,6.84,6.54,6.69,6.16,112925888.0,720385182.0,10:18:57
sh600489,中金黄金,26.86,0.12,0.449,26.85,26.86,26.74,26.88,27.0,26.74,16030484.0,430503375.0,10:18:57
sh600490,鹏欣资源,8.09,0.07,0.873,8.08,8.09,8.02,8.02,8.13,8.02,10725386.0,86645682.0,10:18:56
sh600491,龙元建设,2.44,0.02,0.826,2.43,2.44,2.42,2.36,2.45,2.35,25630889.0,61801554.0,10:18:58
sh600493,凤竹纺织,7.23,0.02,0.277,7.23,7.24,7.21,7.21,7.26,7.18,1812600.0,13084298.0,10:18:56
sh600495,晋西车轴,4.42,0.03,0.683,4.41,4.42,4.39,4.39,4.42,4.38,5795968.0,25505287.0,10:18:58
sh600496,精工钢构,3.9,0.02,0.515,3.89,3.9,3.88,3.9,3.92,3.88,5960623.0,23233876.0,10:18:56
sh600497,驰宏锌锗,8.3,0.09,1.096,8.29,8.3,8.21,8.25,8.35,8.24,23249264.0,193160097.0,10:18:58
sh600498,烽火通信,48.64,0.16,0.33,48.64,48.65,48.48,48.0,48.79,47.32,30750268.0,1474459123.0,10:18:56
sh600499,科达制造,17.94,0.14,0.787,17.93,17.94,17.8,17.95,18.15,17.67,7115500.0,128033956.0,10:18:56
sh600500,中化国际,4.31,0.01,0.233,4.31,4.32,4.3,4.29,4.33,4.25,8688930.0,37381252.0,10:18:57
sh600501,航天晨光,23.42,0.08,0.343,23.41,23.42,23.34,23.6,23.71,23.28,3551300.0,83343108.0,10:18:57
sh600502,安徽建工,5.95,0.09,1.536,5.95,5.96,5.86,5.82,5.97,5.79,21817606.0,128696131.0,10:18:56
sh600503,华丽家族,2.37,0.0,0.0,2.37,2.38,2.37,2.37,2.38,2.35,7877500.0,18606499.0,10:18:58
sh600505,西昌电力,12.77,0.02,0.157,12.76,12.77,12.75,12.76,12.82,12.62,2460000.0,31348554.0,10:18:57
sh600506,统一股份,21.29,-0.01,-0.047,21.29,21.3,21.3,21.32,21.5,21.07,1181600.0,25038779.0,10:18:58
sh600507,方大特钢,5.85,0.35,6.364,5.84,5.85,5.5,5.54,6.0,5.54,46290927.0,269714484.0,10:18:57
sh600508,上海能源,12.8,0.02,0.156,12.8,12.81,12.78,12.79,12.85,12.77,1367600.0,17510671.0,10:18:57
sh600509,天富能源,7.91,-0.03,-0.378,7.9,7.91,7.94,7.94,7.98,7.87,10336600.0,81790757.0,10:18:56
sh600510,黑牡丹,8.66,-0.06,-0.688,8.66,8.67,8.72,8.7,8.7,8.59,2496500.0,21542331.0,10:18:58
sh600511,国药股份,29.05,-0.15,-0.514,29.04,29.05,29.2,29.22,29.29,28.97,2017200.0,58672394.0,10:18:57
sh600512,腾达建设,2.51,0.01,0.4,2.5,2.51,2.5,2.5,2.52,2.48,12703300.0,31768963.0,10:18:50
sh600513,联环药业,22.25,-1.5,-6.316,22.24,22.25,23.75,23.3,23.3,22.04,18210050.0,409866766.0,10:18:57
sh600515,海南机场,3.62,0.0,0.0,3.61,3.62,3.62,3.63,3.64,3.61,17230093.0,62427432.0,10:18:58
sh600516,方大炭素,5.57,0.01,0.18,5.56,5.57,5.56,5.6,5.6,5.54,14924663.0,83117068.0,10:18:57
sh600517,国网英大,6.46,-0.02,-0.309,6.45,6.46,6.48,6.5,6.5,6.43,8310800.0,53701754.0,10:18:57
sh600518,康美药业,1.75,-0.02,-1.13,1.75,1.76,1.77,1.76,1.77,1.75,59944107.0,105517061.0,10:18:58
sh600519,贵州茅台,1469.71,2.21,0.151,1469.71,1469.95,1467.5,1467.45,1477.41,1460.0,940852.0,1383522184.0,10:18:57
sh600520,三佳科技,25.31,1.01,4.156,25.31,25.32,24.3,24.66,25.5,24.44,4392000.0,110260711.0,10:18:54
sh600521,华海药业,16.32,-0.19,-1.151,16.31,16.32,16.51,16.43,16.46,16.2,10173500.0,165930419.0,10:18:58
sh600522,中天科技,27.99,0.19,0.683,27.98,27.99,27.8,27.81,28.05,27.42,40297005.0,1117096358.0,10:18:57
sh600523,贵航股份,14.17,-0.03,-0.211,14.17,14.18,14.2,14.2,14.25,14.1,997700.0,14128018.0,10:18:56
sh600525,ST长园,5.51,-0.01,-0.181,5.5,5.51,5.52,5.55,5.55,5.46,2514800.0,13826846.0,10:18:57
sh600526,菲达环保,5.36,0.02,0.375,5.36,5.37,5.34,5.35,5.39,5.31,2175000.0,11628382.0,10:18:57
sh600527,江南高纤,2.73,0.05,1.866,2.72,2.73,2.68,2.69,2.86,2.63,145751180.0,402256461.0,10:18:56
sh600528,中铁工业,7.98,0.02,0.251,7.97,7.98,7.96,7.97,7.99,7.94,6863886.0,54645040.0,10:18:58
sh600529,山东药玻,18.66,-0.04,-0.214,18.66,18.67,18.7,18.71,18.75,18.6,1533300.0,28580856.0,10:18:56
sh600530,交大昂立,5.15,-0.02,-0.387,5.14,5.15,5.17,5.16,5.18,5.1,2263800.0,11643485.0,10:18:55
sh600531,豫光金铅,13.65,0.16,1.186,13.65,13.66,13.49,13.56,13.83,13.55,15981338.0,218672018.0,10:18:56
sh600533,栖霞建设,2.41,-0.05,-2.033,2.4,2.41,2.46,2.47,2.48,2.4,11395700.0,27598697.0,10:18:54
sh600535,天士力,14.3,-0.02,-0.14,14.3,14.31,14.32,14.32,14.34,14.2,2811500.0,40131957.0,10:18:56
sh600536,中国软件,37.83,0.53,1.421,37.82,37.83,37.3,37.4,37.9,37.4,3959677.0,149213566.0,10:18:58
sh600537,亿晶光电,4.18,-0.05,-1.182,4.18,4.19,4.23,4.21,4.26,4.15,36508444.0,153127544.0,10:18:58
sh600538,国发股份,6.53,0.13,2.031,6.52,6.53,6.4,6.4,6.56,6.39,4253596.0,27614295.0,10:18:58
sh600539,狮头股份,15.8,-0.16,-1.003,15.79,15.8,15.96,15.96,15.97,15.31,10127740.0,158278947.0,10:18:58
sh600540,新赛股份,4.71,0.06,1.29,4.7,4.71,4.65,4.68,4.74,4.6,5591300.0,26133655.0,10:18:58
sh600543,莫高股份,4.73,0.01,0.212,4.72,4.73,4.72,4.73,4.74,4.68,917700.0,4321177.0,10:18:57
sh600545,卓郎智能,4.11,-0.06,-1.439,4.1,4.11,4.17,4.15,4.3,4.09,50847100.0,213021106.0,10:18:55
sh600546,山煤国际,11.91,0.03,0.253,11.91,11.92,11.88,11.88,11.94,11.79,6277174.0,74423281.0,10:18:58
sh600547,山东黄金,38.9,0.12,0.309,38.9,38.91,38.78,38.88,39.16,38.4,13426762.0,520050981.0,10:18:57
sh600548,深高速,9.18,-0.11,-1.184,9.18,9.19,9.29,9.29,9.3,9.16,1760200.0,16230006.0,10:18:56
sh600549,厦门钨业,57.24,0.99,1.76,57.2,57.24,56.25,56.3,57.46,55.8,18455662.0,1043249928.0,10:18:57
sh600550,保变电气,15.66,-0.37,-2.308,15.66,15.68,16.03,15.85,15.85,15.32,46816364.0,728092214.0,10:18:57
sh600551,时代出版,8.14,0.13,1.623,8.13,8.14,8.01,8.0,8.21,8.0,2904889.0,23605833.0,10:18:56
sh600552,凯盛科技,13.66,0.19,1.411,13.65,13.66,13.47,13.42,13.67,13.32,15045086.0,203306237.0,10:18:57
sh600556,天下秀,6.18,0.06,0.98,6.18,6.19,6.12,6.13,6.23,6.13,11920892.0,73636076.0,10:18:58
sh600557,康缘药业,13.97,-0.06,-0.428,13.96,13.97,14.03,14.05,14.1,13.86,1645060.0,22935183.0,10:18:56
sh600558,大西洋,5.42,0.01,0.185,5.42,5.43,5.41,5.4,5.43,5.37,4572050.0,24713421.0,10:18:57
sh600559,老白干酒,13.56,-0.01,-0.074,13.56,13.57,13.57,13.56,13.61,13.51,1490900.0,20235288.0,10:18:57
sh600560,金自天正,14.5,-0.06,-0.412,14.48,14.5,14.56,14.56,14.65,14.33,1076300.0,15529523.0,10:18:57
sh600561,江西长运,6.36,0.04,0.633,6.35,6.36,6.32,6.39,6.4,6.23,1433501.0,9067263.0,10:18:56
sh600562,国睿科技,27.59,0.26,0.951,27.58,27.59,27.33,27.37,27.81,27.0,3643920.0,99909251.0,10:18:58
sh600563,法拉电子,123.67,0.45,0.365,123.61,123.68,123.22,122.57,124.82,122.57,2435934.0,302061254.0,10:18:56
sh600566,济川药业,25.15,-0.15,-0.593,25.14,25.16,25.3,25.32,25.4,25.11,1033500.0,26055988.0,10:18:57
sh600567,山鹰国际,1.55,0.0,0.0,1.54,1.55,1.55,1.54,1.55,1.54,11411500.0,17616452.0,10:18:54
sh600568,ST中珠,2.89,-0.05,-1.701,2.89,2.9,2.94,2.96,2.96,2.88,5954800.0,17287857.0,10:18:53
sh600569,安阳钢铁,2.15,0.01,0.467,2.15,2.16,2.14,2.15,2.17,2.13,7780700.0,16740836.0,10:18:58
sh600570,恒生电子,26.72,0.3,1.136,26.71,26.72,26.42,26.62,26.75,26.52,7508114.0,199846867.0,10:18:57
sh600571,信雅达,13.61,0.03,0.221,13.61,13.62,13.58,13.6,13.65,13.54,2374695.0,32250042.0,10:18:54
sh600572,康恩贝,4.81,0.01,0.208,4.81,4.82,4.8,5.08,5.17,4.79,243266932.0,1211133428.0,10:18:58
sh600573,惠泉啤酒,11.63,-0.11,-0.937,11.62,11.63,11.74,11.75,11.81,11.55,3723300.0,43335994.0,10:18:55
sh600575,淮河能源,3.64,-0.04,-1.087,3.64,3.65,3.68,3.68,3.69,3.63,19267300.0,70389952.0,10:18:56
sh600576,祥源文旅,6.06,0.11,1.849,6.05,6.06,5.95,5.9,6.06,5.9,4705920.0,28263652.0,10:18:56
sh600577,精达股份,12.41,0.07,0.567,12.41,12.42,12.34,12.35,12.47,12.21,15460688.0,191114471.0,10:18:58
sh600578,京能电力,5.27,0.05,0.958,5.27,5.28,5.22,5.21,5.3,5.2,10758685.0,56674448.0,10:18:56
sh600579,中化装备,7.9,0.04,0.509,7.9,7.91,7.86,7.86,7.94,7.85,1157000.0,9123625.0,10:18:57
sh600580,卧龙电驱,38.28,0.23,0.604,38.28,38.29,38.05,38.5,38.88,38.18,11328104.0,435985236.0,10:18:58
sh600581,*ST八钢,2.99,0.06,2.048,2.99,3.0,2.93,2.9,3.04,2.89,41918180.0,123901438.0,10:18:55
sh600582,天地科技,5.73,0.0,0.0,5.72,5.73,5.73,5.73,5.74,5.71,4142500.0,23729026.0,10:18:55
sh600583,海油工程,7.21,0.12,1.693,7.21,7.22,7.09,7.08,7.3,7.05,33147889.0,239407332.0,10:18:56
sh600584,长电科技,43.6,0.01,0.023,43.59,43.6,43.59,43.6,43.89,43.2,15253485.0,663895786.0,10:18:57
sh600585,海螺水泥,22.28,-0.27,-1.197,22.28,22.3,22.55,22.5,22.55,22.23,14693300.0,328673924.0,10:18:58
sh600586,金晶科技,5.29,0.02,0.38,5.29,5.3,5.27,5.27,5.31,5.22,8538400.0,44982314.0,10:18:56
sh600587,新华医疗,14.4,-0.06,-0.415,14.39,14.4,14.46,14.42,14.48,14.38,1383245.0,19936375.0,10:18:51
sh600588,用友网络,12.38,0.22,1.809,12.38,12.39,12.16,12.28,12.42,12.22,14894706.0,183300093.0,10:18:57
sh600589,大位科技,11.3,0.16,1.436,11.29,11.3,11.14,11.14,11.42,11.13,68430404.0,773052138.0,10:18:58
sh600590,泰豪科技,14.52,0.3,2.11,14.52,14.53,14.22,14.22,14.83,14.1,24271978.0,351221717.0,10:18:58
sh600592,龙溪股份,20.09,0.0,0.0,20.08,20.09,20.09,20.09,20.38,20.04,1664300.0,33507221.0,10:18:56
sh600593,大连圣亚,36.98,0.17,0.462,36.96,36.98,36.81,36.7,37.16,36.32,1233064.0,45339082.0,10:18:55
sh600594,益佰制药,4.69,-0.07,-1.471,4.69,4.7,4.76,4.7,4.93,4.65,91589224.0,434442213.0,10:18:57
sh600595,中孚实业,8.44,0.24,2.927,8.44,8.45,8.2,8.33,8.58,8.26,40824372.0,346870885.0,10:18:55
sh600596,新安股份,12.16,0.09,0.746,12.16,12.17,12.07,12.13,12.31,12.01,8565200.0,104487523.0,10:18:57
sh600597,光明乳业,7.46,-0.01,-0.134,7.45,7.46,7.47,7.47,7.49,7.44,1812500.0,13520718.0,10:18:53
sh600598,北大荒,15.99,-0.12,-0.745,15.98,15.99,16.11,16.01,16.04,15.85,9576600.0,152534549.0,10:18:56
sh600599,*ST熊猫,4.2,-0.13,-3.002,4.19,4.2,4.33,4.11,4.33,4.11,2421131.0,10111554.0,10:18:57
sh600600,青岛啤酒,61.99,-0.01,-0.016,61.98,61.99,62.0,62.01,62.25,61.94,1375036.0,85390908.0,10:18:58
sh600601,方正科技,10.4,0.04,0.386,10.39,10.4,10.36,10.4,10.47,10.32,22825210.0,237163484.0,10:18:58
sh600602,云赛智联,24.57,0.67,2.803,24.57,24.58,23.9,23.93,24.83,23.93,41119518.0,1006283120.0,10:18:58
sh600603,广汇物流,7.02,0.18,2.632,7.01,7.02,6.84,6.88,7.03,6.81,11888580.0,82508626.0,10:18:55
sh600604,市北高新,4.81,-0.03,-0.62,4.81,4.82,4.84,4.85,4.87,4.79,3599300.0,17338387.0,10:18:55
sh600605,汇通能源,30.61,-1.72,-5.32,30.6,30.61,32.33,32.0,32.33,30.16,6572600.0,202404502.0,10:18:56
sh600606,绿地控股,1.48,-0.02,-1.333,1.48,1.49,1.5,1.5,1.51,1.48,37423653.0,55808652.0,10:18:57
sh600608,*ST沪科,2.35,-0.01,-0.424,2.35,2.36,2.36,2.31,2.43,2.31,1927700.0,4559002.0,10:18:57
sh600609,金杯汽车,4.13,0.05,1.225,4.13,4.14,4.08,4.09,4.18,4.08,7165900.0,29585191.0,10:18:57
sh600610,中毅达,9.16,0.04,0.439,9.15,9.16,9.12,9.11,9.18,9.05,4106300.0,37452901.0,10:18:58
sh600611,大众交通,4.7,0.05,1.075,4.69,4.7,4.65,4.67,4.71,4.63,6305649.0,29476484.0,10:18:56
sh600612,老凤祥,41.65,-0.27,-0.644,41.62,41.66,41.92,41.91,42.27,41.62,539900.0,22674787.0,10:18:58
sh600613,神奇制药,6.29,-0.11,-1.719,6.28,6.29,6.4,6.36,6.38,6.22,7624100.0,47874542.0,10:18:58
sh600615,鑫源智造,11.34,0.01,0.088,11.33,11.34,11.33,11.33,11.43,11.26,645640.0,7314497.0,10:18:58
sh600616,金枫酒业,5.01,0.01,0.2,5.0,5.01,5.0,5.0,5.02,4.98,1664800.0,8317032.0,10:18:50
sh600617,国新能源,3.2,-0.04,-1.235,3.19,3.2,3.24,3.24,3.24,3.17,15854550.0,50522640.0,10:18:57
sh600618,氯碱化工,12.76,0.11,0.87,12.76,12.77,12.65,12.7,12.8,12.63,2533935.0,32239884.0,10:18:58
sh600619,海立股份,17.25,0.05,0.291,17.25,17.26,17.2,17.21,17.33,17.08,6544900.0,112368256.0,10:18:57
sh600620,天宸股份,6.12,0.01,0.164,6.11,6.12,6.11,6.09,6.14,6.05,1561042.0,9510360.0,10:18:56
sh600621,华鑫股份,14.2,0.04,0.282,14.2,14.21,14.16,14.19,14.23,14.15,2378327.0,33745031.0,10:18:56
sh600622,光大嘉宝,2.6,-0.01,-0.383,2.6,2.61,2.61,2.62,2.63,2.59,4657200.0,12138925.0,10:18:58
sh600623,华谊集团,9.97,0.09,0.911,9.97,9.98,9.88,9.91,10.03,9.86,5638364.0,56191796.0,10:18:55
sh600624,ST复华,4.58,-0.03,-0.651,4.57,4.58,4.61,4.6,4.6,4.56,1322180.0,6047755.0,10:18:50
sh600626,申达股份,3.92,0.03,0.771,3.91,3.92,3.89,3.9,3.92,3.87,3010800.0,11732103.0,10:18:53
sh600628,新世界,7.15,-0.02,-0.279,7.14,7.15,7.17,7.17,7.18,7.12,1919300.0,13716426.0,10:18:57
sh600629,华建集团,20.78,-0.12,-0.574,20.78,20.79,20.9,20.76,20.94,20.5,9029894.0,186296173.0,10:18:59
sh600630,龙头股份,7.95,0.01,0.126,7.94,7.95,7.94,7.95,7.99,7.9,1135400.0,9016903.0,10:18:59
sh600633,浙数文化,12.85,0.16,1.261,12.84,12.86,12.69,12.71,12.87,12.7,6764000.0,86773743.0,10:18:57
sh600635,大众公用,5.37,0.01,0.187,5.36,5.37,5.36,5.35,5.38,5.33,7645094.0,40933777.0,10:18:58
sh600636,*ST国化,6.41,-0.34,-5.037,0.0,6.41,6.75,6.41,6.69,6.41,37500200.0,241714966.0,10:18:54
sh600637,东方明珠,9.69,0.03,0.311,9.69,9.7,9.66,9.7,9.75,9.65,8141769.0,78872338.0,10:18:58
sh600638,新黄浦,5.93,-0.05,-0.836,5.93,5.94,5.98,6.01,6.02,5.93,2435364.0,14524801.0,10:18:58
sh600639,浦东金桥,11.14,0.02,0.18,11.13,11.14,11.12,11.12,11.21,11.06,3582253.0,39943900.0,10:18:58
sh600640,国脉文化,12.01,0.08,0.671,12.01,12.02,11.93,11.96,12.05,11.95,1089900.0,13076226.0,10:18:53
sh600641,先导基电,21.69,-0.13,-0.596,21.69,21.71,21.82,21.75,21.88,21.54,11712800.0,254075328.0,10:18:59
sh600642,申能股份,9.17,0.03,0.328,9.16,9.17,9.14,9.12,9.29,9.07,9480116.0,87410905.0,10:18:58
sh600643,爱建集团,5.16,0.04,0.781,5.16,5.17,5.12,5.13,5.23,5.08,11709600.0,60232678.0,10:18:59
sh600644,乐山电力,11.23,0.06,0.537,11.22,11.23,11.17,11.16,11.31,11.06,8949200.0,100287906.0,10:18:57
sh600645,中源协和,28.61,-0.04,-0.14,28.61,28.62,28.65,28.58,28.73,28.35,3579200.0,101970714.0,10:18:57
sh600648,外高桥,10.65,-0.06,-0.56,10.65,10.66,10.71,10.78,10.78,10.61,2328401.0,24873502.0,10:18:57
sh600649,城投控股,4.37,0.03,0.691,4.36,4.37,4.34,4.34,4.4,4.34,8760907.0,38305981.0,10:18:57
sh600650,锦江在线,12.76,0.14,1.109,12.76,12.77,12.62,12.65,12.88,12.63,1591900.0,20279588.0,10:18:59
sh600651,飞乐音响,6.74,0.0,0.0,6.73,6.74,6.74,6.77,6.78,6.69,5474377.0,36802551.0,10:18:57
sh600653,申华控股,1.77,0.01,0.568,1.76,1.77,1.76,1.75,1.77,1.75,4099000.0,7217768.0,10:18:47
sh600654,中安科,4.44,0.03,0.68,4.43,4.44,4.41,4.39,4.54,4.32,164342400.0,730156736.0,10:18:57
sh600655,豫园股份,4.95,0.1,2.062,4.94,4.95,4.85,4.85,4.98,4.83,14331695.0,70007008.0,10:18:56
sh600657,信达地产,3.09,-0.01,-0.323,3.09,3.1,3.1,3.1,3.14,3.07,5905500.0,18302455.0,10:18:47
sh600658,电子城,5.08,0.0,0.0,5.07,5.08,5.08,5.01,5.19,4.99,20462991.0,103559221.0,10:18:49
sh600660,福耀玻璃,59.33,0.3,0.508,59.31,59.33,59.03,58.97,59.68,58.81,4115118.0,244269770.0,10:18:47
sh600661,昂立教育,9.79,0.03,0.307,9.78,9.8,9.76,9.78,9.81,9.68,1049300.0,10231681.0,10:18:47
sh600662,外服控股,5.09,0.02,0.394,5.09,5.1,5.07,5.07,5.12,5.07,2393386.0,12190164.0,10:18:46
sh600663,陆家嘴,7.83,-0.01,-0.128,7.82,7.83,7.84,7.84,7.91,7.81,1774738.0,13942482.0,10:18:43
sh600664,哈药股份,4.62,0.18,4.054,4.62,4.63,4.44,4.7,4.88,4.48,420291310.0,1982008565.0,10:18:48
sh600665,天地源,3.17,0.01,0.316,3.17,3.18,3.16,3.18,3.19,3.13,3957000.0,12493383.0,10:18:48
sh600666,奥瑞德,6.77,0.54,8.668,6.76,6.77,6.23,6.25,6.78,6.24,447438146.0,2919987342.0,10:18:47
sh600667,太极实业,9.96,0.11,1.117,9.96,9.97,9.85,9.79,10.08,9.66,55989422.0,551772352.0,10:18:47
sh600668,尖峰集团,11.24,-0.04,-0.355,11.24,11.25,11.28,11.28,11.28,11.16,2935460.0,32929005.0,10:18:46
sh600671,天目药业,19.26,-0.02,-0.104,19.24,19.26,19.28,19.29,19.39,19.12,730299.0,14055114.0,10:18:45
sh600673,东阳光,35.22,1.82,5.449,35.22,35.24,33.4,33.43,35.3,33.43,38353770.0,1329645413.0,10:18:48
sh600674,川投能源,14.63,-0.01,-0.068,14.62,14.63,14.64,14.62,14.8,14.6,7062152.0,103775638.0,10:18:48
sh600675,中华企业,2.65,-0.01,-0.376,2.65,2.66,2.66,2.65,2.68,2.63,9274918.0,24598936.0,10:18:46
sh600676,交运股份,7.61,0.05,0.661,7.61,7.62,7.56,7.59,7.65,7.51,2124000.0,16132493.0,10:18:48
sh600678,四川金顶,10.45,-0.08,-0.76,10.45,10.46,10.53,10.54,10.55,10.42,2806800.0,29380240.0,10:18:46
sh600679,上海凤凰,11.39,-0.06,-0.524,11.39,11.4,11.45,11.45,11.48,11.36,1009600.0,11513541.0,10:18:47
sh600681,百川能源,4.0,0.01,0.251,3.99,4.0,3.99,4.01,4.02,3.95,6808948.0,27089454.0,10:18:49
sh600682,南京新百,7.16,-0.04,-0.556,7.15,7.16,7.2,7.19,7.2,7.12,5225700.0,37329294.0,10:18:49
sh600683,京投发展,10.9,0.99,9.99,10.9,0.0,9.91,10.4,10.9,10.2,23067728.0,248346915.0,10:18:44
sh600684,珠江股份,4.6,0.01,0.218,4.6,4.61,4.59,4.58,4.62,4.57,3907700.0,17974024.0,10:18:47
sh600685,中船防务,29.29,0.05,0.171,29.28,29.29,29.24,29.31,29.59,29.21,5313657.0,156042643.0,10:18:48
sh600686,金龙汽车,15.8,-0.12,-0.754,15.8,15.81,15.92,15.95,16.01,15.8,5679600.0,90140674.0,10:18:47
sh600688,上海石化,2.85,-0.01,-0.35,2.85,2.86,2.86,2.86,2.87,2.84,10570300.0,30139652.0,10:18:47
sh600689,上海三毛,13.62,0.22,1.642,13.62,13.63,13.4,13.4,13.86,13.35,2235700.0,30476904.0,10:18:47
sh600690,海尔智家,21.13,0.08,0.38,21.13,21.14,21.05,21.06,21.28,21.05,16186744.0,342753445.0,10:18:48
sh600691,潞化科技,3.13,0.0,0.0,3.12,3.13,3.13,3.15,3.15,3.09,12237056.0,38138674.0,10:18:49
sh600692,亚通股份,7.46,0.16,2.192,7.46,7.47,7.3,7.32,7.48,7.27,5510000.0,40591430.0,10:18:47
sh600693,东百集团,11.55,0.08,0.697,11.55,11.56,11.47,11.34,11.62,11.2,18869000.0,213957894.0,10:18:48
sh600694,大商股份,16.99,-0.05,-0.293,16.99,17.0,17.04,17.03,17.08,16.93,474400.0,8059638.0,10:18:42
sh600696,*ST岩石,1.03,-0.05,-4.63,0.0,1.03,1.08,1.03,1.05,1.03,2430900.0,2505630.0,10:18:48
sh600697,欧亚集团,11.74,-0.01,-0.085,11.74,11.75,11.75,11.75,11.77,11.68,686400.0,8048427.0,10:18:40
sh600698,湖南天雁,7.28,0.0,0.0,7.28,7.29,7.28,7.28,7.32,7.24,3605397.0,26220492.0,10:18:47
sh600699,均胜电子,25.83,0.28,1.096,25.81,25.82,25.55,26.1,26.44,25.75,15601509.0,405987402.0,10:18:46
sh600702,舍得酒业,46.73,0.49,1.06,46.72,46.73,46.24,46.0,47.2,46.0,3569801.0,166935531.0,10:18:48
sh600703,三安光电,12.04,-0.1,-0.824,12.03,12.04,12.14,12.09,12.14,11.9,62895386.0,753923466.0,10:18:46
sh600704,物产中大,5.28,-0.01,-0.189,5.27,5.28,5.29,5.28,5.31,5.27,13421335.0,70993313.0,10:18:48
sh600706,曲江文旅,9.48,0.04,0.424,9.47,9.48,9.44,9.42,9.53,9.36,2118900.0,19989501.0,10:18:49
sh600707,彩虹股份,7.0,-0.19,-2.643,6.99,7.0,7.19,6.96,7.09,6.88,64580515.0,449524143.0,10:18:46
sh600708,光明地产,3.33,-0.01,-0.299,3.32,3.33,3.34,3.36,3.37,3.32,5679500.0,18949763.0,10:18:44
sh600710,苏美达,12.92,-0.13,-0.996,12.91,12.92,13.05,13.07,13.09,12.82,5154900.0,66706631.0,10:18:47
sh600711,盛屯矿业,14.23,-0.04,-0.28,14.23,14.24,14.27,14.25,14.35,14.15,36367500.0,518308337.0,10:18:46
sh600712,南宁百货,5.91,-0.02,-0.337,5.9,5.91,5.93,5.91,5.93,5.88,1670400.0,9849224.0,10:18:45
sh600713,南京医药,6.08,-0.32,-5.0,6.07,6.08,6.4,6.16,6.27,6.05,47087882.0,287895000.0,10:18:46
sh600714,金瑞矿业,17.32,0.18,1.05,17.31,17.32,17.14,17.02,17.5,17.01,4584300.0,79214432.0,10:18:47
sh600715,文投控股,1.99,0.0,0.0,1.99,2.0,1.99,1.99,2.01,1.98,11145900.0,22232738.0,10:18:40
sh600716,凤凰股份,4.14,-0.04,-0.957,4.14,4.15,4.18,4.17,4.18,4.11,3330800.0,13790335.0,10:18:47
sh600717,天津港,4.46,-0.04,-0.889,4.46,4.47,4.5,4.5,4.5,4.45,6211084.0,27793748.0,10:18:48
sh600718,东软集团,9.09,0.01,0.11,9.08,9.09,9.08,9.1,9.14,9.05,4202400.0,38201604.0,10:18:47
sh600719,大连热电,6.69,0.03,0.45,6.68,6.69,6.66,6.66,6.7,6.57,2594642.0,17239638.0,10:18:46
sh600720,中交设计,6.99,0.03,0.431,6.98,6.99,6.96,6.98,7.0,6.95,1620200.0,11307613.0,10:18:43
sh600721,百花医药,9.03,-0.16,-1.741,9.03,9.04,9.19,9.16,9.16,9.02,10573700.0,95701564.0,10:18:47
sh600722,金牛化工,13.7,-0.1,-0.725,13.7,13.71,13.8,13.78,13.78,13.45,15297100.0,208222458.0,10:18:48
sh600724,宁波富达,6.76,0.02,0.297,6.75,6.76,6.74,6.74,6.8,6.65,3463900.0,23303993.0,10:18:46
sh600725,云维股份,4.18,0.04,0.966,4.18,4.19,4.14,4.15,4.19,4.09,6759990.0,27932685.0,10:18:46
sh600726,华电能源,4.61,-0.07,-1.496,4.61,4.62,4.68,4.71,4.71,4.5,78285000.0,359726484.0,10:18:48
sh600727,鲁北化工,6.96,0.06,0.87,6.95,6.96,6.9,6.9,6.98,6.9,3567180.0,24759175.0,10:18:49
sh600728,佳都科技,5.6,0.02,0.358,5.59,5.6,5.58,5.59,5.61,5.58,8281934.0,46305084.0,10:18:49
sh600729,重庆百货,22.33,0.04,0.179,22.32,22.33,22.29,22.2,22.36,22.15,893600.0,19881454.0,10:18:44
sh600730,中国高科,8.83,0.1,1.145,8.83,8.84,8.73,8.74,8.84,8.67,3066678.0,26872944.0,10:18:47
sh600731,湖南海利,6.83,0.01,0.147,6.83,6.84,6.82,6.8,6.85,6.78,2234030.0,15219032.0,10:18:49
sh600732,爱旭股份,15.73,0.22,1.418,15.72,15.73,15.51,15.51,15.88,15.42,14634684.0,229002440.0,10:18:48
sh600733,北汽蓝谷,7.2,0.01,0.139,7.2,7.21,7.19,7.21,7.25,7.18,15525781.0,111953893.0,10:18:47
sh600734,实达集团,3.71,0.02,0.542,3.7,3.71,3.69,3.68,3.73,3.65,14235285.0,52566286.0,10:18:48
sh600735,ST新华锦,6.73,0.0,0.0,0.0,0.0,6.73,0.0,0.0,0.0,0.0,0.0,10:18:32
sh600736,苏州高新,6.1,-0.01,-0.164,6.09,6.1,6.11,6.12,6.12,6.06,3022200.0,18389992.0,10:18:47
sh600737,中粮糖业,14.08,0.04,0.285,14.08,14.09,14.04,14.06,14.15,13.86,6088732.0,85295361.0,10:18:47
sh600738,丽尚国潮,4.82,0.03,0.626,4.81,4.82,4.79,4.81,4.82,4.78,3357000.0,16128343.0,10:18:47
sh600739,辽宁成大,11.7,0.02,0.171,11.7,11.72,11.68,11.69,11.78,11.68,2592057.0,30399461.0,10:18:49
sh600740,山西焦化,4.22,0.02,0.476,4.22,4.23,4.2,4.19,4.25,4.17,11941011.0,50397911.0,10:18:47
sh600741,华域汽车,20.69,0.21,1.025,20.69,20.7,20.48,20.5,20.76,20.47,6776015.0,139987095.0,10:18:46
sh600742,富维股份,10.15,0.05,0.495,10.14,10.15,10.1,10.04,10.19,10.04,2313100.0,23468517.0,10:18:47
sh600743,华远控股,2.67,-0.22,-7.612,2.67,2.68,2.89,2.85,2.95,2.66,217526710.0,599797884.0,10:18:48
sh600744,华银电力,7.42,-0.13,-1.722,7.42,7.43,7.55,7.55,7.55,7.27,47791004.0,353340646.0,10:18:48
sh600745,闻泰科技,31.14,0.02,0.064,31.14,31.15,31.12,31.13,31.23,30.88,6588932.0,204551168.0,10:18:48
sh600746,江苏索普,9.58,-0.05,-0.519,9.58,9.59,9.63,9.66,9.7,9.54,5003300.0,48017538.0,10:18:49
sh600748,上实发展,5.44,0.03,0.555,5.43,5.44,5.41,5.5,5.54,5.4,12314062.0,67389142.0,10:18:48
sh600749,西藏旅游,18.05,-0.07,-0.386,18.04,18.05,18.12,17.95,18.3,17.9,6642933.0,120127323.0,10:18:46
sh600750,华润江中,26.92,0.12,0.448,26.92,26.93,26.8,26.9,26.99,26.62,1788674.0,47969263.0,10:18:49
sh600751,海航科技,3.74,-0.02,-0.532,3.74,3.75,3.76,3.76,3.77,3.7,11366400.0,42357670.0,10:18:48
sh600753,*ST海钦,12.02,-0.04,-0.332,12.02,12.05,12.06,12.06,12.12,12.0,788700.0,9503023.0,10:18:47
sh600754,锦江酒店,26.89,-0.29,-1.067,26.89,26.9,27.18,27.05,27.1,26.66,3879211.0,104323283.0,10:18:48
sh600755,厦门国贸,6.34,-0.01,-0.157,6.34,6.35,6.35,6.35,6.37,6.33,3426200.0,21752610.0,10:18:48
sh600756,浪潮软件,16.71,0.11,0.663,16.71,16.72,16.6,16.64,16.75,16.56,3000350.0,49982916.0,10:18:49
sh600757,长江传媒,8.74,-0.34,-3.744,8.74,8.75,9.08,8.88,8.88,8.66,10696100.0,93431564.0,10:18:49
sh600758,辽宁能源,3.86,-0.02,-0.515,3.85,3.86,3.88,3.87,3.88,3.82,21234938.0,81709090.0,10:18:49
sh600759,洲际油气,5.23,-0.08,-1.507,5.22,5.23,5.31,5.25,5.26,5.16,103193661.0,536886224.0,10:18:47
sh600760,中航沈飞,50.51,-0.15,-0.296,50.51,50.52,50.66,50.66,50.94,50.22,4947083.0,249921008.0,10:18:49
sh600761,安徽合力,17.62,0.13,0.743,17.62,17.63,17.49,17.59,17.74,17.53,2990034.0,52799529.0,10:18:48
sh600763,通策医疗,41.45,0.08,0.193,41.44,41.45,41.37,41.35,41.46,41.09,1894477.0,78135170.0,10:18:49
sh600764,中国海防,24.29,0.09,0.372,24.28,24.29,24.2,24.23,24.32,24.17,1062000.0,25732979.0,10:18:50
sh600765,中航重机,16.73,0.0,0.0,16.72,16.73,16.73,16.69,16.8,16.61,5263973.0,87889710.0,10:18:48
sh600768,宁波富邦,17.52,1.59,9.981,17.52,0.0,15.93,16.7,17.52,16.7,10207839.0,176559104.0,10:18:47
sh600769,祥龙电业,14.79,-0.37,-2.441,14.79,14.8,15.16,14.96,14.96,14.63,6525100.0,96460022.0,10:18:50
sh600770,综艺股份,5.63,0.01,0.178,5.62,5.63,5.62,5.67,5.67,5.59,6587741.0,36995401.0,10:18:49
sh600771,广誉远,17.23,-0.09,-0.52,17.23,17.24,17.32,17.32,17.38,17.2,1319041.0,22765434.0,10:18:47
sh600773,西藏城投,21.01,0.65,3.193,21.01,21.02,20.36,20.65,21.49,20.52,25398261.0,535772603.0,10:18:48
sh600774,汉商集团,8.76,-0.07,-0.793,8.75,8.76,8.83,8.83,8.89,8.68,1098100.0,9603755.0,10:18:48
sh600775,南京熊猫,13.42,0.03,0.224,13.41,13.42,13.39,13.37,13.44,13.32,4398600.0,58875517.0,10:18:49
sh600776,东方通信,15.42,0.06,0.391,15.42,15.43,15.36,15.35,15.44,15.3,3932021.0,60419944.0,10:18:49
sh600777,*ST新潮,5.86,0.04,0.687,5.86,5.87,5.82,5.8,5.93,5.8,14065304.0,82600073.0,10:18:49
sh600778,友好集团,6.32,0.02,0.317,6.31,6.32,6.3,6.3,6.33,6.26,1425300.0,8977763.0,10:18:50
sh600779,水井坊,32.93,-0.06,-0.182,32.93,32.94,32.99,32.72,33.24,32.72,675001.0,22224246.0,10:18:47
sh600780,通宝能源,6.43,0.01,0.156,6.43,6.44,6.42,6.41,6.47,6.38,6185500.0,39774639.0,10:18:46
sh600782,新钢股份,3.54,0.01,0.283,3.53,3.54,3.53,3.52,3.57,3.51,16486966.0,58420561.0,10:18:48
sh600783,鲁信创投,20.65,-0.03,-0.145,20.64,20.65,20.68,20.66,20.84,20.53,3514000.0,72412759.0,10:18:48
sh600784,鲁银投资,7.44,0.24,3.333,7.43,7.44,7.2,7.16,7.55,7.15,11359367.0,83633374.0,10:18:50
sh600785,新华百货,17.8,0.08,0.451,17.79,17.8,17.72,17.68,17.83,17.42,2537028.0,44696398.0,10:18:48
sh600787,中储股份,5.39,0.0,0.0,5.38,5.39,5.39,5.38,5.41,5.37,3982932.0,21439071.0,10:18:50
sh600789,鲁抗医药,8.36,-0.12,-1.415,8.35,8.36,8.48,8.42,8.45,8.34,8782400.0,73603682.0,10:18:48
sh600790,轻纺城,3.7,0.02,0.543,3.69,3.7,3.68,3.69,3.71,3.67,1856240.0,6857852.0,10:18:49
sh600791,京能置业,11.7,-0.17,-1.432,11.7,11.71,11.87,11.86,11.87,11.53,5435600.0,63663032.0,10:18:49
sh600792,云煤能源,3.99,-0.02,-0.499,3.99,4.0,4.01,4.0,4.01,3.95,6090668.0,24252263.0,10:18:48
sh600793,宜宾纸业,18.57,0.2,1.089,18.57,18.58,18.37,18.42,18.64,18.28,756700.0,14004564.0,10:18:49
sh600794,保税科技,3.62,-0.01,-0.275,3.62,3.63,3.63,3.63,3.64,3.61,3054204.0,11054123.0,10:18:45
sh600795,国电电力,4.83,-0.05,-1.025,4.83,4.84,4.88,4.88,4.9,4.82,60563200.0,293673406.0,10:18:49
sh600796,钱江生化,6.35,0.06,0.954,6.35,6.36,6.29,6.25,6.37,6.25,2474700.0,15604928.0,10:18:49
sh600797,浙大网新,9.29,0.14,1.53,9.28,9.29,9.15,9.22,9.3,9.15,9907719.0,91774810.0,10:18:49
sh600798,宁波海运,3.63,0.0,0.0,3.62,3.63,3.63,3.63,3.63,3.6,5448800.0,19693574.0,10:18:49
sh600800,渤海化学,4.51,-0.02,-0.442,4.5,4.51,4.53,4.53,4.55,4.43,15064600.0,67552412.0,10:18:49
sh600801,华新建材,23.03,0.23,1.009,23.02,23.04,22.8,22.82,23.25,22.58,3263136.0,75289566.0,10:18:47
sh600802,福建水泥,5.6,-0.02,-0.356,5.6,5.61,5.62,5.6,5.65,5.55,2677300.0,14990331.0,10:18:49
sh600803,新奥股份,20.75,-0.02,-0.096,20.74,20.75,20.77,20.75,20.78,20.61,1961005.0,40544979.0,10:18:48
sh600805,悦达投资,5.24,-0.01,-0.19,5.23,5.24,5.25,5.27,5.27,5.22,2583800.0,13521114.0,10:18:40
sh600807,济高发展,2.96,0.02,0.68,2.96,2.97,2.94,2.94,2.97,2.9,6731300.0,19702618.0,10:18:50
sh600808,马钢股份,3.97,0.06,1.535,3.97,3.98,3.91,3.91,4.0,3.9,16596571.0,65711583.0,10:18:50
sh600809,山西汾酒,139.75,0.7,0.503,139.75,139.8,139.05,138.6,139.9,138.21,1381484.0,192142930.0,10:18:47
sh600810,神马股份,8.66,0.02,0.231,8.65,8.66,8.64,8.58,8.67,8.53,5575029.0,47900898.0,10:18:50
sh600812,华北制药,5.57,-0.09,-1.59,5.56,5.57,5.66,5.65,5.66,5.55,11561900.0,64674300.0,10:18:46
sh600814,杭州解百,7.61,0.02,0.264,7.6,7.61,7.59,7.59,7.62,7.57,1836300.0,13936512.0,10:18:47
sh600815,厦工股份,4.07,-0.03,-0.732,4.07,4.08,4.1,4.12,4.15,4.05,26517900.0,108629214.0,10:18:50
sh600816,建元信托,2.56,0.01,0.392,2.55,2.56,2.55,2.55,2.56,2.55,4999700.0,12768636.0,10:18:47
sh600817,宇通重工,12.53,0.11,0.886,12.52,12.53,12.42,12.44,12.65,12.43,2063200.0,25904538.0,10:18:49
sh600818,中路股份,8.48,0.08,0.952,8.47,8.49,8.4,8.39,8.5,8.38,1271400.0,10731025.0,10:18:48
sh600819,耀皮玻璃,7.01,0.03,0.43,7.01,7.02,6.98,6.98,7.04,6.87,1879203.0,13073456.0,10:18:47
sh600820,隧道股份,6.14,0.0,0.0,6.13,6.14,6.14,6.14,6.16,6.11,3792000.0,23257563.0,10:18:49
sh600821,金开新能,8.8,-0.04,-0.452,8.79,8.8,8.84,8.76,9.04,8.41,163297156.0,1427614061.0,10:18:47
sh600822,上海物贸,10.28,-0.01,-0.097,10.28,10.29,10.29,10.29,10.35,10.25,1114300.0,11476395.0,10:18:47
sh600824,益民集团,3.96,-0.02,-0.503,3.96,3.97,3.98,3.98,3.98,3.95,2213900.0,8783129.0,10:18:50
sh600825,新华传媒,5.92,-0.01,-0.169,5.92,5.93,5.93,5.97,5.97,5.91,2092200.0,12415610.0,10:18:50
sh600826,兰生股份,9.5,0.01,0.105,9.5,9.51,9.49,9.48,9.51,9.44,1082000.0,10254794.0,10:18:49
sh600827,百联股份,8.41,-0.1,-1.175,8.41,8.42,8.51,8.5,8.53,8.39,3945774.0,33313553.0,10:18:50
sh600828,茂业商业,5.18,0.02,0.388,5.17,5.18,5.16,5.15,5.18,5.13,3052900.0,15734501.0,10:18:50
sh600829,人民同泰,9.9,-0.4,-3.883,9.9,9.91,10.3,10.03,10.1,9.83,9278101.0,92187925.0,10:18:47
sh600830,香溢融通,8.81,0.07,0.801,8.8,8.81,8.74,8.79,8.84,8.75,1395000.0,12264045.0,10:18:49
sh600831,广电网络,3.54,-0.02,-0.562,3.53,3.54,3.56,3.55,3.56,3.52,3430900.0,12144801.0,10:18:47
sh600833,第一医药,11.45,-0.16,-1.378,11.44,11.45,11.61,11.59,11.63,11.39,1328600.0,15214006.0,10:18:46
sh600834,申通地铁,8.29,0.04,0.485,8.28,8.29,8.25,8.28,8.3,8.23,664100.0,5488854.0,10:18:44
sh600835,上海机电,22.59,-0.04,-0.177,22.58,22.59,22.63,22.65,22.85,22.48,1937978.0,43792841.0,10:18:49
sh600838,上海九百,10.01,0.03,0.301,10.01,10.02,9.98,9.96,10.02,9.88,1565700.0,15565656.0,10:18:48
sh600839,四川长虹,9.12,-0.23,-2.46,9.11,9.12,9.35,9.2,9.26,9.05,124738282.0,1138516338.0,10:18:48
sh600841,动力新科,9.17,0.06,0.659,9.17,9.18,9.11,9.15,9.23,8.98,8904400.0,81137266.0,10:18:49
sh600843,上工申贝,9.45,0.04,0.425,9.44,9.45,9.41,9.4,9.46,9.38,1497693.0,14104384.0,10:18:49
sh600844,金煤科技,3.54,-0.07,-1.939,3.54,3.55,3.61,3.61,3.62,3.47,26687800.0,94089367.0,10:18:48
sh600845,宝信软件,22.68,0.23,1.024,22.68,22.69,22.45,22.58,22.69,22.5,4001390.0,90476574.0,10:18:49
sh600846,同济科技,12.09,-0.06,-0.494,12.09,12.11,12.15,12.11,12.18,12.05,370600.0,4482264.0,10:18:49
sh600847,万里股份,13.76,0.46,3.459,13.76,13.78,13.3,13.41,13.94,13.23,1393900.0,18950754.0,10:18:47
sh600848,上海临港,9.43,-0.01,-0.106,9.42,9.43,9.44,9.43,9.56,9.38,6161518.0,58376728.0,10:18:49
sh600850,电科数字,20.45,0.29,1.438,20.45,20.47,20.16,20.13,20.47,20.13,3675163.0,74731456.0,10:18:47
sh600851,海欣股份,8.3,-0.16,-1.891,8.3,8.31,8.46,8.38,8.41,8.3,5267500.0,43940574.0,10:18:59
sh600853,龙建股份,3.97,0.01,0.253,3.96,3.97,3.96,3.96,3.97,3.93,2417644.0,9557317.0,10:18:56
sh600854,春兰股份,5.05,0.01,0.198,5.04,5.05,5.04,5.05,5.09,5.03,3724500.0,18830849.0,10:18:49
sh600855,航天长峰,19.71,-0.23,-1.153,19.7,19.71,19.94,19.66,19.82,19.5,21774868.0,427962798.0,10:18:58
sh600857,宁波中百,11.87,0.03,0.253,11.87,11.88,11.84,11.83,11.95,11.76,737400.0,8725334.0,10:18:58
sh600858,银座股份,5.64,0.02,0.356,5.63,5.64,5.62,5.65,5.65,5.59,1342700.0,7539784.0,10:18:57
sh600859,王府井,12.28,0.0,0.0,12.27,12.28,12.28,12.27,12.33,12.25,2748000.0,33764831.0,10:19:00
sh600860,京城股份,11.86,0.01,0.084,11.86,11.87,11.85,11.88,11.93,11.71,4694100.0,55574184.0,10:18:57
sh600861,北京人力,16.2,0.14,0.872,16.19,16.2,16.06,16.09,16.21,16.07,908000.0,14670534.0,10:18:57
sh600862,中航高科,21.85,-0.11,-0.501,21.84,21.85,21.96,21.96,22.04,21.8,4847985.0,105989679.0,10:18:58
sh600863,华能蒙电,4.68,-0.05,-1.057,4.68,4.69,4.73,4.71,4.73,4.67,18485351.0,86913587.0,10:18:58
sh600864,哈投股份,7.3,0.09,1.248,7.3,7.31,7.21,7.25,7.34,7.17,45954531.0,333456883.0,10:19:00
sh600865,百大集团,11.27,-0.07,-0.617,11.26,11.27,11.34,11.32,11.32,11.15,1864200.0,20903587.0,10:18:58
sh600866,星湖科技,6.92,0.0,0.0,6.92,6.93,6.92,6.92,6.94,6.88,4634000.0,32031399.0,10:19:00
sh600867,通化东宝,10.18,-0.31,-2.955,10.18,10.19,10.49,10.3,10.46,10.12,48029524.0,491229649.0,10:18:58
sh600868,梅雁吉祥,3.44,-0.03,-0.865,3.43,3.44,3.47,3.45,3.46,3.41,25859712.0,88652158.0,10:18:57
sh600869,远东股份,14.38,-1.0,-6.502,14.37,14.38,15.38,14.7,14.7,13.94,59694297.0,854345295.0,10:18:58
sh600871,石化油服,2.69,-0.02,-0.738,2.68,2.69,2.71,2.68,2.69,2.65,51016207.0,136170982.0,10:18:57
sh600872,中炬高新,19.67,0.1,0.511,19.66,19.67,19.57,19.57,19.79,19.57,2485500.0,48929542.0,10:18:59
sh600873,梅花生物,10.81,0.04,0.371,10.81,10.82,10.77,10.77,10.86,10.77,8817793.0,95366214.0,10:18:58
sh600874,创业环保,6.08,-0.02,-0.328,6.08,6.09,6.1,6.12,6.12,6.07,2406000.0,14650257.0,10:18:59
sh600875,东方电气,41.06,2.84,7.431,41.05,41.06,38.22,38.87,41.98,38.87,86726344.0,3530713131.0,10:18:58
sh600876,凯盛新能,9.55,-0.01,-0.105,9.55,9.56,9.56,9.57,9.71,9.44,3173200.0,30295175.0,10:18:58
sh600877,电科芯片,16.94,0.45,2.729,16.94,16.95,16.49,16.4,17.15,16.4,13398102.0,225452803.0,10:18:58
sh600879,航天电子,23.31,0.11,0.474,23.31,23.32,23.2,23.21,23.33,22.63,72063284.0,1651072250.0,10:18:59
sh600880,博瑞传播,5.06,-0.09,-1.748,5.06,5.07,5.15,5.15,5.18,5.05,22562205.0,115112487.0,10:19:00
sh600881,亚泰集团,1.58,-0.01,-0.629,1.58,1.59,1.59,1.58,1.6,1.58,6331500.0,10036852.0,10:18:57
sh600882,妙可蓝多,19.14,-0.09,-0.468,19.14,19.15,19.23,19.22,19.27,18.91,2470600.0,47058920.0,10:19:00
sh600883,博闻科技,7.84,0.05,0.642,7.83,7.84,7.79,7.82,7.86,7.76,1073900.0,8383383.0,10:18:58
sh600884,杉杉股份,14.86,-0.38,-2.493,14.86,14.87,15.24,15.09,15.18,14.14,103018136.0,1510844862.0,10:18:58
sh600885,宏发股份,27.63,0.3,1.098,27.61,27.63,27.33,27.48,27.65,27.27,5064177.0,138903371.0,10:18:58
sh600886,国投电力,13.32,-0.06,-0.448,13.31,13.32,13.38,13.39,13.52,13.3,8951600.0,119950945.0,10:18:59
sh600887,伊利股份,25.59,-0.1,-0.389,25.59,25.6,25.69,25.7,25.73,25.57,14678700.0,376071409.0,10:18:58
sh600888,新疆众和,8.62,0.22,2.619,8.61,8.62,8.4,8.43,8.64,8.43,14989552.0,128797006.0,10:18:57
sh600889,南京化纤,14.73,-0.07,-0.473,14.72,14.73,14.8,14.9,14.97,14.67,1233300.0,18200474.0,10:18:59
sh600892,*ST大晟,3.64,0.04,1.111,3.64,3.65,3.6,3.6,3.68,3.6,3033900.0,11066538.0,10:18:49
sh600893,航发动力,50.26,-0.89,-1.74,50.24,50.26,51.15,51.25,51.5,49.55,12045675.0,603898642.0,10:18:58
sh600894,广日股份,9.86,-0.01,-0.101,9.86,9.87,9.87,9.89,10.03,9.82,3450010.0,34197602.0,10:18:55
sh600895,张江高科,36.39,0.03,0.083,36.38,36.39,36.36,36.36,36.57,36.21,4822399.0,175382695.0,10:18:59
sh600897,厦门空港,16.39,-0.05,-0.304,16.38,16.39,16.44,16.44,16.46,16.3,1141800.0,18680997.0,10:18:58
sh600900,长江电力,26.57,0.02,0.075,26.56,26.57,26.55,26.56,26.7,26.52,25425065.0,676655736.0,10:18:59
sh600901,江苏金租,6.9,-0.01,-0.145,6.9,6.91,6.91,6.93,6.94,6.88,9324780.0,64415554.0,10:18:58
sh600903,贵州燃气,6.23,-0.02,-0.32,6.22,6.23,6.25,6.24,6.24,6.22,1697820.0,10573183.0,10:18:58
sh600905,三峡能源,4.1,-0.01,-0.243,4.1,4.11,4.11,4.11,4.12,4.1,30143500.0,123801875.0,10:19:00
sh600906,财达证券,6.48,0.04,0.621,6.47,6.48,6.44,6.45,6.48,6.4,4053813.0,26177952.0,10:19:00
sh600908,无锡银行,5.68,-0.01,-0.176,5.68,5.69,5.69,5.67,5.72,5.66,3971833.0,22595813.0,10:18:58
sh600909,华安证券,5.77,0.05,0.874,5.76,5.77,5.72,5.74,5.77,5.72,14855182.0,85355662.0,10:18:59
sh600916,中国黄金,9.09,0.0,0.0,9.09,9.1,9.09,9.09,9.1,9.06,6028600.0,54756711.0,10:19:00
sh600917,重庆燃气,5.36,-0.02,-0.372,5.35,5.36,5.38,5.37,5.39,5.35,1306876.0,7008004.0,10:18:55
sh600918,中泰证券,6.09,0.01,0.164,6.09,6.1,6.08,6.08,6.11,6.07,5325145.0,32433189.0,10:18:58
sh600919,江苏银行,10.92,-0.03,-0.274,10.92,10.93,10.95,10.93,11.01,10.9,31197123.0,341990220.0,10:19:00
sh600925,苏能股份,4.56,0.01,0.22,4.55,4.56,4.55,4.55,4.57,4.54,1329000.0,6055321.0,10:18:57
sh600926,杭州银行,17.21,-0.07,-0.405,17.21,17.22,17.28,17.28,17.35,17.2,8296736.0,143314463.0,10:19:00
sh600927,永安期货,14.5,0.21,1.47,14.5,14.51,14.29,14.29,14.55,14.25,3032900.0,43776156.0,10:18:58
sh600928,西安银行,3.63,-0.02,-0.548,3.62,3.63,3.65,3.65,3.67,3.62,5410483.0,19713200.0,10:18:55
sh600929,雪天盐业,6.79,-0.16,-2.302,6.78,6.79,6.95,6.94,6.95,6.75,20620400.0,140967496.0,10:18:59
sh600930,华电新能,6.01,-0.02,-0.332,6.01,6.02,6.03,6.04,6.05,6.01,32450116.0,195314363.0,10:19:00
sh600933,爱柯迪,17.26,-0.03,-0.174,17.25,17.26,17.29,17.46,17.54,17.23,3385465.0,58738987.0,10:18:58
sh600935,华塑股份,2.6,-0.05,-1.887,2.59,2.6,2.65,2.64,2.65,2.59,22656800.0,59195574.0,10:18:57
sh600936,北投科技,4.14,0.04,0.976,4.14,4.15,4.1,4.1,4.16,4.09,5745200.0,23668652.0,10:18:58
sh600938,中国海油,36.62,-0.27,-0.732,36.61,36.62,36.89,36.55,36.88,36.45,16140471.0,590253307.0,10:18:59
sh600939,重庆建工,2.9,0.0,0.0,2.9,2.91,2.9,2.9,2.91,2.89,2227300.0,6465981.0,10:18:47
sh600941,中国移动,93.86,0.15,0.16,93.86,93.87,93.71,93.69,93.97,93.61,2080535.0,195283782.0,10:19:00
sh600955,维远股份,18.63,-0.08,-0.428,18.64,18.65,18.71,18.66,18.69,18.36,2896600.0,53758114.0,10:18:59
sh600956,新天绿能,8.11,-0.04,-0.491,8.11,8.12,8.15,8.13,8.16,8.06,3673300.0,29794333.0,10:18:59
sh600958,东方证券,9.32,0.04,0.431,9.32,9.33,9.28,9.32,9.35,9.29,12502810.0,116532405.0,10:18:59
sh600959,江苏有线,4.06,-0.04,-0.976,4.06,4.07,4.1,4.12,4.14,4.06,39004200.0,159789076.0,10:18:58
sh600960,渤海汽车,5.21,0.06,1.165,5.21,5.22,5.15,5.15,5.25,5.15,4401000.0,22918203.0,10:19:00
sh600961,株冶集团,20.08,1.83,10.027,20.08,0.0,18.25,18.55,20.08,18.55,24201344.0,477622959.0,10:18:59
sh600962,国投中鲁,18.69,0.08,0.43,18.69,18.71,18.61,18.61,18.72,18.43,628800.0,11669035.0,10:18:51
sh600963,岳阳林纸,4.78,0.03,0.632,4.78,4.79,4.75,4.77,4.83,4.74,7147900.0,34220127.0,10:18:58
sh600965,福成股份,5.54,-0.02,-0.36,5.54,5.55,5.56,5.59,5.59,5.51,2361800.0,13074461.0,10:18:59
sh600966,博汇纸业,6.44,0.05,0.782,6.43,6.44,6.39,6.39,6.48,6.37,3922180.0,25299806.0,10:18:57
sh600967,内蒙一机,14.71,-0.05,-0.339,14.71,14.72,14.76,14.71,14.79,14.68,4170150.0,61353128.0,10:18:59
sh600968,海油发展,4.29,-0.02,-0.464,4.29,4.3,4.31,4.3,4.31,4.27,17739103.0,76064473.0,10:18:59
sh600969,郴电国际,9.89,-0.08,-0.802,9.88,9.89,9.97,9.97,10.02,9.82,2776900.0,27482356.0,10:18:59
sh600970,中材国际,10.5,-0.07,-0.662,10.5,10.51,10.57,10.51,10.65,10.48,7853418.0,82740353.0,10:18:58
sh600971,恒源煤电,7.27,-0.06,-0.819,7.27,7.28,7.33,7.33,7.37,7.27,2166135.0,15844466.0,10:18:57
sh600973,宝胜股份,7.35,-0.01,-0.136,7.34,7.35,7.36,7.38,7.39,7.21,14948601.0,108982072.0,10:18:59
sh600975,新五丰,5.73,-0.05,-0.865,5.72,5.73,5.78,5.78,5.81,5.7,6110747.0,35036745.0,10:19:00
sh600976,健民集团,33.47,-0.46,-1.356,33.47,33.52,33.93,33.8,34.06,33.31,1100100.0,36800082.0,10:18:55
sh600977,中国电影,14.12,0.08,0.57,14.12,14.13,14.04,14.14,14.3,14.04,15326128.0,216662795.0,10:18:54
sh600979,广安爱众,4.39,-0.01,-0.227,4.39,4.4,4.4,4.38,4.41,4.34,9999000.0,43785894.0,10:18:56
sh600980,北矿科技,22.38,0.06,0.269,22.37,22.39,22.32,22.39,22.46,22.24,551500.0,12330820.0,10:18:54
sh600981,苏豪汇鸿,2.94,-0.01,-0.339,2.94,2.95,2.95,2.95,2.96,2.92,6008500.0,17682834.0,10:18:57
sh600982,宁波能源,5.64,-0.01,-0.177,5.64,5.65,5.65,5.69,5.79,5.54,32972300.0,186929380.0,10:18:57
sh600983,惠而浦,10.78,0.0,0.0,10.78,10.79,10.78,10.72,10.88,10.69,2708800.0,29200805.0,10:18:56
sh600984,建设机械,4.25,0.04,0.95,4.24,4.25,4.21,4.23,4.31,4.2,8624600.0,36725143.0,10:18:57
sh600985,淮北矿业,13.78,0.05,0.364,13.77,13.78,13.73,13.7,13.89,13.65,6328790.0,87322038.0,10:18:57
sh600986,浙文互联,10.52,0.3,2.935,10.52,10.53,10.22,10.33,10.75,10.33,66685822.0,701599383.0,10:18:56
sh600987,航民股份,7.53,-0.06,-0.791,7.53,7.54,7.59,7.54,7.6,7.51,1666024.0,12587407.0,10:18:55
sh600988,赤峰黄金,42.98,-0.32,-0.739,42.97,42.98,43.3,43.8,43.81,42.6,12662358.0,544095390.0,10:18:55
sh600989,宝丰能源,28.28,-0.15,-0.528,28.28,28.29,28.43,28.18,28.49,28.04,26097518.0,736622518.0,10:18:55
sh600990,四创电子,23.68,-0.07,-0.295,23.67,23.68,23.75,23.86,23.89,23.51,1202481.0,28399703.0,10:18:57
sh600992,贵绳股份,11.98,0.05,0.419,11.97,11.98,11.93,11.93,11.99,11.88,980100.0,11701710.0,10:18:51
sh600993,马应龙,25.18,-0.16,-0.631,25.18,25.19,25.34,25.34,25.35,25.15,1066659.0,26894720.0,10:18:56
sh600995,南网储能,14.17,0.02,0.141,14.17,14.18,14.15,14.25,14.3,14.03,10612900.0,150835836.0,10:18:55
sh600996,贵广网络,9.17,0.03,0.328,9.17,9.18,9.14,9.13,9.28,9.11,9132808.0,83957174.0,10:18:55
sh600997,开滦股份,5.71,0.0,0.0,5.71,5.72,5.71,5.72,5.75,5.7,2406818.0,13773656.0,10:18:55
sh600998,九州通,5.34,-0.06,-1.111,5.33,5.34,5.4,5.38,5.43,5.33,13464210.0,72197926.0,10:18:57
sh600999,招商证券,15.91,0.06,0.379,15.91,15.92,15.85,15.92,15.96,15.87,7891372.0,125545779.0,10:18:56
sh601000,唐山港,4.78,-0.02,-0.417,4.78,4.79,4.8,4.8,4.83,4.75,12157362.0,58277387.0,10:18:56
sh601001,晋控煤业,17.06,0.25,1.487,17.06,17.08,16.81,17.0,17.14,16.66,4352600.0,73788782.0,10:18:57
sh601002,晋亿实业,5.96,-0.03,-0.501,5.96,5.97,5.99,5.99,6.01,5.86,12765203.0,75816682.0,10:18:56
sh601003,柳钢股份,4.61,0.04,0.875,4.6,4.61,4.57,4.56,4.64,4.54,4958284.0,22821268.0,10:18:56
sh601005,重庆钢铁,1.4,0.0,0.0,1.4,1.41,1.4,1.4,1.42,1.4,14523800.0,20453273.0,10:18:56
sh601006,大秦铁路,5.3,0.07,1.338,5.29,5.3,5.23,5.22,5.3,5.21,63607309.0,334795510.0,10:18:57
sh601007,金陵饭店,8.14,0.05,0.618,8.14,8.15,8.09,8.09,8.19,8.05,4956900.0,40232784.0,10:18:57
sh601008,连云港,4.82,0.0,0.0,4.81,4.82,4.82,4.82,4.83,4.81,2065600.0,9956159.0,10:18:56
sh601009,南京银行,11.18,-0.01,-0.089,11.17,11.18,11.19,11.17,11.27,11.14,13456724.0,150906299.0,10:18:57
sh601010,文峰股份,2.34,-0.01,-0.426,2.33,2.34,2.35,2.35,2.36,2.31,15604651.0,36296428.0,10:18:55
sh601011,宝泰隆,3.22,0.01,0.312,3.22,3.23,3.21,3.2,3.23,3.19,7866437.0,25218591.0,10:18:55
sh601012,隆基绿能,17.47,0.09,0.518,17.46,17.47,17.38,17.45,17.53,17.35,32780436.0,572107082.0,10:18:54
sh601015,陕西黑猫,3.98,-0.03,-0.748,3.98,3.99,4.01,3.98,4.0,3.95,17195290.0,68221193.0,10:18:57
sh601016,节能风电,4.03,0.02,0.499,4.03,4.04,4.01,4.01,4.08,3.97,97760049.0,394899838.0,10:18:56
sh601018,宁波港,3.86,-0.05,-1.279,3.86,3.87,3.91,3.9,3.91,3.84,12870800.0,49765331.0,10:18:52
sh601019,山东出版,7.7,-0.05,-0.645,7.7,7.71,7.75,7.74,7.76,7.7,6130100.0,47297628.0,10:18:55
sh601020,华钰矿业,28.72,-0.12,-0.416,28.72,28.73,28.84,28.79,28.93,28.34,10685636.0,305627718.0,10:18:55
sh601021,春秋航空,47.91,0.16,0.335,47.91,47.92,47.75,47.99,48.49,47.66,1708011.0,81938588.0,10:18:56
sh601022,宁波远洋,8.76,0.01,0.114,8.75,8.76,8.75,8.81,8.81,8.75,3013100.0,26462321.0,10:18:55
sh601026,道生天合,18.87,-0.03,-0.159,18.87,18.89,18.9,18.8,18.89,18.65,1262116.0,23630775.0,10:18:55
sh601033,永兴股份,14.83,-0.08,-0.537,14.82,14.83,14.91,14.92,14.94,14.79,1187000.0,17619262.0,10:18:57
sh601038,一拖股份,12.88,0.05,0.39,12.87,12.88,12.83,12.74,12.96,12.72,2473922.0,31759658.0,10:18:55
sh601058,赛轮轮胎,13.91,0.11,0.797,13.91,13.92,13.8,13.89,14.16,13.84,14158636.0,198308981.0,10:18:55
sh601059,信达证券,16.99,0.09,0.533,16.98,16.99,16.9,17.08,17.08,16.93,1815108.0,30856123.0,10:18:54
sh601061,中信金属,12.43,0.2,1.635,12.42,12.43,12.23,12.26,12.5,12.26,5813300.0,72221677.0,10:18:56
sh601065,江盐集团,8.4,0.04,0.478,8.39,8.4,8.36,8.36,8.43,8.36,1120500.0,9411638.0,10:18:55
sh601066,中信建投,21.96,0.12,0.549,21.95,21.96,21.84,21.89,22.0,21.88,3010200.0,66059932.0,10:18:57
sh601068,中铝国际,6.25,0.05,0.806,6.24,6.25,6.2,6.22,6.29,6.19,4722300.0,29519159.0,10:18:56
sh601069,西部黄金,33.66,0.05,0.149,33.66,33.67,33.61,33.55,33.75,33.24,7361594.0,246750376.0,10:18:55
sh601077,渝农商行,7.18,-0.04,-0.554,7.17,7.18,7.22,7.21,7.25,7.16,10792060.0,77705676.0,10:18:56
sh601083,锦江航运,12.73,-0.17,-1.318,12.72,12.73,12.9,12.9,12.91,12.7,3206900.0,40894309.0,10:18:51
sh601086,国芳集团,8.87,-0.01,-0.113,8.86,8.87,8.88,8.88,8.89,8.8,1307281.0,11542657.0,10:18:55
sh601088,中国神华,45.81,-0.02,-0.044,45.8,45.81,45.83,45.82,46.07,45.65,7717687.0,354266550.0,10:18:57
sh601089,福元医药,23.27,0.07,0.302,23.26,23.27,23.2,22.95,23.39,22.78,1254200.0,29011211.0,10:18:56
sh601096,宏盛华源,5.53,-0.02,-0.36,5.52,5.53,5.55,5.55,5.57,5.44,13008500.0,71661877.0,10:18:55
sh601098,中南传媒,11.09,0.0,0.0,11.08,11.09,11.09,11.09,11.15,11.05,1878100.0,20836280.0,10:18:55
sh601099,太平洋,3.84,0.03,0.787,3.83,3.84,3.81,3.83,3.84,3.81,22817380.0,87358200.0,10:18:57
sh601100,恒立液压,107.39,3.49,3.359,107.39,107.4,103.9,104.5,110.2,104.5,6729549.0,733052146.0,10:18:54
sh601101,昊华能源,8.28,0.05,0.608,8.27,8.28,8.23,8.23,8.33,8.18,3620560.0,29965768.0,10:18:57
sh601106,中国一重,4.16,0.01,0.241,4.16,4.17,4.15,4.16,4.17,4.13,16356500.0,67976242.0,10:18:55
sh601107,四川成渝,6.04,0.13,2.2,6.04,6.05,5.91,5.93,6.06,5.89,8008782.0,47973850.0,10:18:57
sh601108,财通证券,8.4,0.04,0.478,8.39,8.4,8.36,8.4,8.43,8.36,10213915.0,85779697.0,10:18:57
sh601111,中国国航,6.98,0.0,0.0,6.97,6.98,6.98,7.0,7.06,6.97,19228918.0,134624071.0,10:18:57
sh601112,振石股份,20.0,0.08,0.402,20.0,20.01,19.92,20.09,20.27,19.93,4779855.0,96037939.0,10:18:57
sh601113,华鼎股份,4.61,0.25,5.734,4.61,4.62,4.36,4.36,4.68,4.36,27008100.0,123701956.0,10:18:56
sh601116,三江购物,14.01,-0.04,-0.285,14.01,14.02,14.05,14.05,14.05,13.9,2280621.0,31848197.0,10:18:56
sh601117,中国化学,8.64,-0.04,-0.461,8.63,8.64,8.68,8.68,8.74,8.62,33965273.0,294282591.0,10:18:57
sh601118,海南橡胶,6.65,0.06,0.91,6.64,6.65,6.59,6.63,6.69,6.56,9563321.0,63279449.0,10:18:57
sh601121,宝地矿业,7.66,0.16,2.133,7.66,7.67,7.5,7.51,7.73,7.47,5742700.0,43662767.0,10:18:56
sh601126,四方股份,45.26,0.21,0.466,45.26,45.3,45.05,45.71,45.71,43.8,11003599.0,491019331.0,10:18:55
sh601127,赛力斯,89.68,1.36,1.54,89.66,89.68,88.32,88.58,90.1,88.58,8435784.0,755817883.0,10:18:57
sh601128,常熟银行,7.18,0.05,0.701,7.18,7.19,7.13,7.13,7.2,7.12,21104491.0,151541150.0,10:18:56
sh601133,柏诚股份,25.0,-0.87,-3.363,24.99,25.0,25.87,24.8,26.0,24.8,13929853.0,351468422.0,10:18:56
sh601136,首创证券,16.45,0.05,0.305,16.44,16.45,16.4,16.45,16.49,16.4,1568300.0,25782433.0,10:18:55
sh601137,博威合金,20.17,-0.07,-0.346,20.17,20.18,20.24,20.23,20.3,20.1,3441516.0,69493209.0,10:18:57
sh601138,工业富联,59.84,2.02,3.494,59.82,59.84,57.82,57.99,59.99,57.4,94179499.0,5522510881.0,10:18:56
sh601139,深圳燃气,6.82,-0.03,-0.438,6.82,6.83,6.85,6.84,6.85,6.79,8832396.0,60194212.0,10:18:57
sh601155,新城控股,14.18,-0.02,-0.141,14.18,14.19,14.2,14.19,14.56,14.15,7396473.0,105978171.0,10:18:55
sh601156,东航物流,17.22,-0.12,-0.692,17.22,17.23,17.34,17.34,17.46,17.2,1533600.0,26539971.0,10:18:57
sh601158,重庆水务,4.36,0.0,0.0,4.35,4.36,4.36,4.37,4.37,4.35,1768200.0,7709226.0,10:18:54
sh601162,天风证券,3.79,0.04,1.067,3.79,3.8,3.75,3.76,3.8,3.74,46005450.0,173646011.0,10:18:53
sh601163,三角轮胎,14.24,0.17,1.208,14.23,14.24,14.07,14.18,14.45,14.16,2140262.0,30640558.0,10:18:52
sh601166,兴业银行,18.67,-0.03,-0.16,18.67,18.68,18.7,18.69,18.79,18.63,20889657.0,390993363.0,10:18:53
sh601168,西部矿业,28.62,0.38,1.346,28.61,28.62,28.24,28.51,28.88,28.36,19688410.0,564248549.0,10:18:53
sh601169,北京银行,5.44,-0.03,-0.548,5.44,5.45,5.47,5.47,5.48,5.43,31470107.0,171637282.0,10:18:54
sh601177,杭齿前进,14.6,0.0,0.0,14.6,14.61,14.6,14.59,14.67,14.55,975700.0,14245152.0,10:18:55
sh601179,中国西电,17.17,-0.53,-2.994,17.17,17.18,17.7,17.69,17.69,16.99,163253889.0,2800921653.0,10:18:54
sh601186,中国铁建,6.96,0.0,0.0,6.96,6.97,6.96,6.97,6.98,6.95,11311216.0,78775434.0,10:18:54
sh601187,厦门银行,7.55,-0.1,-1.307,7.55,7.56,7.65,7.66,7.7,7.53,5011700.0,38133300.0,10:18:55
sh601188,龙江交通,3.28,0.01,0.306,3.27,3.28,3.27,3.27,3.28,3.25,3649400.0,11925065.0,10:18:55
sh601198,东兴证券,12.96,0.09,0.699,12.96,12.97,12.87,13.0,13.05,12.9,6218763.0,80589784.0,10:18:54
sh601199,江南水务,5.65,-0.01,-0.177,5.64,5.65,5.66,5.67,5.68,5.64,1345200.0,7609905.0,10:18:55
sh601200,上海环境,8.09,0.0,0.0,8.08,8.09,8.09,8.1,8.11,8.05,2560704.0,20697583.0,10:18:52
sh601208,东材科技,33.49,0.41,1.239,33.48,33.49,33.08,33.08,33.51,32.59,14151803.0,467684900.0,10:18:55
sh601211,国泰海通,17.24,0.19,1.114,17.23,17.24,17.05,17.12,17.34,17.11,38997950.0,671900521.0,10:18:52
sh601212,白银有色,7.88,-0.02,-0.253,7.88,7.89,7.9,7.95,8.0,7.85,38371216.0,303437959.0,10:18:53
sh601216,君正集团,5.41,0.0,0.0,5.41,5.42,5.41,5.42,5.44,5.39,14783100.0,80062967.0,10:18:53
sh601218,吉鑫科技,5.96,-0.01,-0.168,5.96,5.97,5.97,5.96,6.0,5.89,16181900.0,96358413.0,10:18:53
sh601222,林洋能源,6.16,-0.03,-0.485,6.15,6.16,6.19,6.18,6.21,6.12,5939533.0,36593971.0,10:18:55
sh601225,陕西煤业,25.28,0.12,0.477,25.26,25.28,25.16,25.16,25.32,24.92,8256988.0,208060265.0,10:18:53
sh601226,华电科工,9.34,0.05,0.538,9.33,9.34,9.29,9.27,9.37,9.12,9152100.0,84993222.0,10:18:55
sh601228,广州港,3.25,0.0,0.0,3.24,3.25,3.25,3.25,3.27,3.24,10103122.0,32876758.0,10:18:52
sh601229,上海银行,9.9,0.02,0.202,9.9,9.91,9.88,9.88,9.97,9.85,12913300.0,128159047.0,10:18:53
sh601231,环旭电子,37.7,1.08,2.949,37.69,37.7,36.62,36.7,37.9,36.21,17650687.0,650883718.0,10:18:54
sh601233,桐昆股份,20.16,-0.03,-0.149,20.16,20.18,20.19,19.61,20.48,19.61,12541910.0,252754275.0,10:18:54
sh601236,红塔证券,7.79,0.02,0.257,7.78,7.79,7.77,7.8,7.81,7.76,2825150.0,21992128.0,10:18:55
sh601238,广汽集团,7.3,0.04,0.551,7.29,7.3,7.26,7.28,7.32,7.27,4041400.0,29487269.0,10:18:53
sh601279,英利汽车,3.96,0.0,0.0,3.95,3.96,3.96,3.97,3.98,3.94,2683700.0,10619793.0,10:18:53
sh601288,农业银行,7.04,0.09,1.295,7.04,7.05,6.95,6.93,7.1,6.91,217409730.0,1527457168.0,10:18:55
sh601298,青岛港,8.77,-0.02,-0.228,8.76,8.77,8.79,8.81,8.81,8.73,2498800.0,21919235.0,10:18:53
sh601311,骆驼股份,10.24,0.17,1.688,10.23,10.24,10.07,10.05,10.35,10.05,23921341.0,245548676.0,10:18:55
sh601318,中国平安,58.68,-0.02,-0.034,58.66,58.67,58.7,58.71,59.03,58.53,14560470.0,855475305.0,10:18:55
sh601319,中国人保,7.46,-0.02,-0.267,7.45,7.46,7.48,7.47,7.52,7.45,15902401.0,118903905.0,10:18:54
sh601326,秦港股份,3.56,-0.06,-1.657,3.56,3.57,3.62,3.63,3.63,3.55,12242400.0,43833232.0,10:18:54
sh601328,交通银行,6.94,0.01,0.144,6.94,6.95,6.93,6.94,6.99,6.93,52157456.0,363023725.0,10:18:55
sh601330,绿色动力,7.95,-0.04,-0.501,7.95,7.96,7.99,7.99,7.99,7.91,5343706.0,42480312.0,10:18:54
sh601333,广深铁路,3.04,-0.01,-0.328,3.04,3.05,3.05,3.05,3.06,3.04,12835700.0,39146269.0,10:18:51
sh601336,新华保险,61.72,0.06,0.097,61.72,61.73,61.66,61.67,61.88,61.38,4549698.0,280348395.0,10:18:55
sh601339,百隆东方,7.98,0.24,3.101,7.98,7.99,7.74,7.77,8.17,7.67,10950110.0,87007642.0,10:18:54
sh601360,三六零,11.01,0.16,1.475,11.0,11.01,10.85,10.9,11.01,10.89,29672319.0,325297537.0,10:18:53
sh601366,利群股份,4.02,-0.02,-0.495,4.02,4.03,4.04,4.04,4.06,4.0,3971200.0,15976378.0,10:18:53
sh601368,绿城水务,4.79,0.0,0.0,4.78,4.79,4.79,4.78,4.8,4.77,1231800.0,5893602.0,10:18:54
sh601369,陕鼓动力,10.23,0.12,1.187,10.23,10.24,10.11,10.14,10.27,10.07,2935500.0,29942138.0,10:18:53
sh601375,中原证券,4.06,0.01,0.247,4.06,4.07,4.05,4.05,4.08,4.05,6491284.0,26368325.0,10:18:55
sh601377,兴业证券,6.04,0.02,0.332,6.03,6.04,6.02,6.04,6.06,6.02,23316697.0,140789578.0,10:18:55
sh601388,怡球资源,4.0,0.1,2.564,3.99,4.0,3.9,3.93,4.14,3.93,61592578.0,249234510.0,10:18:53
sh601390,中国中铁,5.28,-0.01,-0.189,5.28,5.29,5.29,5.29,5.31,5.27,41876572.0,221444435.0,10:18:55
sh601398,工商银行,7.49,-0.01,-0.133,7.48,7.49,7.5,7.5,7.54,7.46,80446725.0,603322692.0,10:18:55
sh601399,国机重装,4.25,-0.04,-0.932,4.24,4.25,4.29,4.29,4.33,4.2,59749000.0,253417617.0,10:18:55
sh601456,国联民生,9.32,0.01,0.107,9.32,9.33,9.31,9.34,9.35,9.3,4702600.0,43840505.0,10:18:53
sh601500,通用股份,4.26,0.08,1.914,4.26,4.27,4.18,4.18,4.37,4.18,12674680.0,54466077.0,10:18:55
sh601512,中新集团,8.84,-0.01,-0.113,8.84,8.85,8.85,8.87,8.89,8.82,918400.0,8128333.0,10:18:53
sh601515,衢州东峰,4.61,0.06,1.319,4.61,4.62,4.55,4.55,4.64,4.52,10589560.0,48395363.0,10:18:55
sh601518,吉林高速,2.81,0.02,0.717,2.8,2.81,2.79,2.79,2.81,2.79,4800336.0,13440126.0,10:18:55
sh601519,大智慧,10.71,0.14,1.325,10.71,10.72,10.57,10.6,10.73,10.57,7813762.0,83198472.0,10:18:53
sh601528,瑞丰银行,5.26,-0.02,-0.379,5.26,5.27,5.28,5.27,5.3,5.25,5050660.0,26624544.0,10:18:54
sh601555,东吴证券,8.4,0.05,0.599,8.39,8.4,8.35,8.36,8.4,8.35,9305665.0,77986720.0,10:18:53
sh601566,九牧王,10.71,0.0,0.0,10.71,10.72,10.71,10.71,10.73,10.66,1244700.0,13296593.0,10:18:51
sh601567,三星电气,25.73,0.23,0.902,25.71,25.73,25.5,25.6,25.73,25.23,7091216.0,180731810.0,10:18:54
sh601568,北元集团,4.11,0.01,0.244,4.11,4.12,4.1,4.09,4.12,4.09,5781718.0,23733383.0,10:18:54
sh601577,长沙银行,9.51,0.04,0.422,9.5,9.51,9.47,9.48,9.57,9.46,5865600.0,55868668.0,10:18:55
sh601579,会稽山,19.36,-0.04,-0.206,19.34,19.36,19.4,19.21,19.5,19.18,5018773.0,96849933.0,10:18:54
sh601588,北辰实业,1.93,-0.05,-2.525,1.93,1.94,1.98,1.91,2.0,1.89,145450710.0,281004319.0,10:18:55
sh601595,上海电影,24.82,0.26,1.059,24.82,24.83,24.56,24.62,24.9,24.62,1052400.0,26066499.0,10:18:55
sh601598,中国外运,6.08,-0.02,-0.328,6.07,6.08,6.1,6.12,6.18,6.06,6392734.0,39091026.0,10:18:55
sh601599,浙文影业,3.75,0.02,0.536,3.75,3.76,3.73,3.72,3.77,3.72,4731200.0,17743587.0,10:18:50
sh601600,中国铝业,12.63,0.33,2.683,12.63,12.64,12.3,12.54,12.79,12.54,149897847.0,1902111775.0,10:18:53
sh601601,中国太保,37.77,-0.22,-0.579,37.76,37.77,37.99,37.95,38.16,37.7,8572759.0,324920978.0,10:18:53
sh601606,长城军工,39.44,-0.29,-0.73,39.45,39.46,39.73,39.5,39.72,39.32,3894469.0,153771203.0,10:18:54
sh601607,上海医药,17.13,-0.12,-0.696,17.13,17.14,17.25,17.28,17.28,17.1,3808502.0,65418323.0,10:18:54
sh601608,中信重工,6.16,0.01,0.163,6.16,6.17,6.15,6.18,6.18,6.13,7637600.0,47029121.0,10:18:54
sh601609,金田股份,10.45,0.12,1.162,10.44,10.45,10.33,10.34,10.48,10.34,7481700.0,78053648.0,10:18:54
sh601611,中国核建,14.38,0.01,0.07,14.37,14.38,14.37,14.47,14.53,14.29,13322775.0,191633484.0,10:18:54
sh601615,明阳智能,16.58,0.09,0.546,16.57,16.58,16.49,16.54,16.7,16.3,21460630.0,355079883.0,10:18:53
sh601616,广电电气,4.75,-0.07,-1.452,4.75,4.76,4.82,4.82,4.83,4.69,12215037.0,57842303.0,10:18:55
sh601618,中国中冶,2.99,0.0,0.0,2.99,3.0,2.99,3.0,3.01,2.98,31548836.0,94387903.0,10:18:54
sh601619,嘉泽新能,5.59,0.06,1.085,5.59,5.6,5.53,5.5,5.6,5.38,38558200.0,212522385.0,10:18:55
sh601628,中国人寿,37.76,0.06,0.159,37.76,37.77,37.7,37.85,38.07,37.71,5279084.0,200018189.0,10:18:53
sh601633,长城汽车,20.92,-0.01,-0.048,20.92,20.93,20.93,21.04,21.2,20.92,5966422.0,125587766.0,10:18:54
sh601636,旗滨集团,5.85,0.06,1.036,5.84,5.85,5.79,5.81,5.87,5.77,12116300.0,70721259.0,10:18:59
sh601658,邮储银行,5.1,-0.01,-0.196,5.09,5.1,5.11,5.11,5.14,5.08,42097500.0,215045297.0,10:18:57
sh601665,齐鲁银行,6.15,0.09,1.485,6.14,6.15,6.06,6.06,6.18,6.05,33467333.0,205521229.0,10:18:59
sh601666,平煤股份,7.97,0.06,0.759,7.96,7.97,7.91,7.91,7.97,7.85,6245332.0,49567322.0,10:18:57
sh601668,中国建筑,4.98,0.0,0.0,4.97,4.98,4.98,4.98,5.0,4.96,43788940.0,218154007.0,10:18:57
sh601669,中国电建,5.69,0.01,0.176,5.69,5.7,5.68,5.7,5.75,5.68,88726049.0,507147853.0,10:18:59
sh601677,明泰铝业,17.6,0.46,2.684,17.6,17.61,17.14,17.25,17.96,17.25,23330259.0,413540705.0,10:18:57
sh601678,滨化股份,5.08,0.01,0.197,5.08,5.09,5.07,5.03,5.11,5.03,11049143.0,56093488.0,10:18:59
sh601686,友发集团,5.82,0.01,0.172,5.81,5.82,5.81,5.82,5.84,5.79,1342304.0,7809240.0,10:18:52
sh601688,华泰证券,19.11,0.24,1.272,19.1,19.11,18.87,19.0,19.2,18.93,31577141.0,602417817.0,10:18:57
sh601689,拓普集团,61.08,1.96,3.315,61.08,61.1,59.12,61.0,61.68,60.64,25252484.0,1546423913.0,10:18:59
sh601696,中银证券,12.57,0.08,0.641,12.56,12.57,12.49,12.52,12.57,12.48,8395263.0,105108154.0,10:18:59
sh601698,中国卫通,33.98,0.01,0.029,33.98,33.99,33.97,33.71,34.16,33.55,18003230.0,608256375.0,10:18:58
sh601699,潞安环能,13.47,0.1,0.748,13.46,13.47,13.37,13.3,13.5,13.3,6767320.0,90877677.0,10:18:58
sh601700,风范股份,5.19,-0.05,-0.954,5.19,5.2,5.24,5.25,5.25,5.12,6457350.0,33435193.0,10:18:58
sh601702,华峰铝业,20.2,0.38,1.917,20.19,20.2,19.82,19.86,20.68,19.86,4159397.0,84968794.0,10:18:59
sh601717,中创智领,20.15,-0.15,-0.739,20.15,20.16,20.3,20.31,20.36,20.13,4769200.0,96574244.0,10:18:57
sh601718,际华集团,2.97,0.01,0.338,2.96,2.97,2.96,2.96,2.98,2.96,8067402.0,23940161.0,10:18:57
sh601727,上海电气,8.07,0.03,0.373,8.07,8.08,8.04,8.05,8.13,7.99,35057720.0,282809473.0,10:18:59
sh601728,中国电信,5.84,0.01,0.172,5.83,5.84,5.83,5.83,5.86,5.8,40787026.0,237863830.0,10:18:59
sh601766,中国中车,6.18,-0.01,-0.162,6.17,6.18,6.19,6.19,6.21,6.16,34788701.0,215075062.0,10:18:58
sh601777,千里科技,10.03,-0.01,-0.1,10.03,10.04,10.04,10.03,10.11,10.01,5575514.0,56080991.0,10:18:54
sh601778,晶科科技,6.53,0.48,7.934,6.52,6.53,6.05,6.25,6.64,6.2,345888764.0,2229733133.0,10:18:59
sh601788,光大证券,15.63,0.06,0.385,15.63,15.64,15.57,15.65,15.67,15.58,4649415.0,72652000.0,10:18:58
sh601789,宁波建工,5.75,0.12,2.131,5.75,5.76,5.63,5.62,5.78,5.61,33243880.0,189909146.0,10:18:59
sh601798,蓝科高新,9.17,-0.02,-0.218,9.17,9.18,9.19,9.18,9.22,9.13,2012200.0,18455695.0,10:18:57
sh601799,星宇股份,131.04,1.89,1.463,130.92,131.04,129.15,133.34,136.39,130.2,2869100.0,383093031.0,10:18:58
sh601800,中国交建,7.61,0.0,0.0,7.6,7.61,7.61,7.63,7.63,7.59,4406300.0,33535874.0,10:18:59
sh601801,皖新传媒,6.11,0.0,0.0,6.1,6.11,6.11,6.1,6.12,6.09,2483600.0,15159889.0,10:18:58
sh601808,中海油服,15.15,-0.16,-1.045,15.14,15.15,15.31,15.18,15.27,15.11,7767000.0,117878891.0,10:18:59
sh601811,新华文轩,14.2,-0.25,-1.73,14.19,14.2,14.45,14.31,14.37,14.14,3645300.0,51821454.0,10:18:57
sh601816,京沪高铁,4.93,-0.01,-0.202,4.93,4.94,4.94,4.95,4.97,4.93,29653900.0,146783682.0,10:18:57
sh601818,光大银行,3.2,-0.01,-0.312,3.19,3.2,3.21,3.2,3.21,3.19,45928800.0,146968545.0,10:18:58
sh601825,沪农商行,9.27,-0.03,-0.323,9.27,9.28,9.3,9.25,9.36,9.24,6346100.0,59000110.0,10:18:59
sh601827,三峰环境,7.95,-0.01,-0.126,7.95,7.96,7.96,7.96,7.98,7.95,1373200.0,10932874.0,10:18:58
sh601828,美凯龙,2.43,-0.02,-0.816,2.43,2.44,2.45,2.44,2.45,2.42,5916200.0,14398518.0,10:18:56
sh601838,成都银行,17.32,-0.07,-0.403,17.32,17.33,17.39,17.42,17.52,17.31,6239700.0,108661737.0,10:18:59
sh601857,中国石油,11.61,-0.15,-1.276,11.6,11.61,11.76,11.68,11.77,11.58,55834087.0,649514764.0,10:18:57
sh601858,中国科传,21.09,-0.2,-0.939,21.09,21.1,21.29,21.28,21.55,20.92,3092182.0,65447828.0,10:18:59
sh601860,紫金银行,2.68,-0.01,-0.372,2.68,2.69,2.69,2.69,2.7,2.67,15796895.0,42397755.0,10:18:59
sh601865,福莱特,14.12,0.08,0.57,14.11,14.12,14.04,14.04,14.18,14.01,4423000.0,62376462.0,10:18:58
sh601866,中远海发,2.75,-0.02,-0.722,2.75,2.76,2.77,2.77,2.78,2.74,39011938.0,107538422.0,10:18:58
sh601868,中国能建,2.87,0.04,1.413,2.86,2.87,2.83,2.84,2.88,2.82,280305880.0,801127599.0,10:18:58
sh601869,长飞光纤,359.58,0.97,0.27,359.58,359.59,358.61,350.0,360.6,346.0,6733789.0,2382057577.0,10:18:59
sh601872,招商轮船,18.4,-0.04,-0.217,18.4,18.41,18.44,18.57,18.69,18.26,37798452.0,696945461.0,10:18:57
sh601877,正泰电器,33.43,-0.91,-2.65,33.43,33.44,34.34,34.0,34.0,32.9,18078269.0,604267623.0,10:18:58
sh601878,浙商证券,9.7,0.03,0.31,9.69,9.7,9.67,9.68,9.73,9.68,5241699.0,50852735.0,10:18:58
sh601880,辽港股份,1.64,0.0,0.0,1.63,1.64,1.64,1.64,1.65,1.63,29830234.0,48893175.0,10:18:58
sh601881,中国银河,13.03,0.04,0.308,13.02,13.03,12.99,13.05,13.08,12.99,9387351.0,122252345.0,10:18:59
sh601882,海天精工,18.99,-0.05,-0.263,18.98,18.99,19.04,19.05,19.16,18.92,681100.0,12921658.0,10:18:59
sh601886,江河集团,9.51,0.0,0.0,9.51,9.52,9.51,9.51,9.56,9.44,1565600.0,14856850.0,10:18:55
sh601888,中国中免,68.48,0.1,0.146,68.47,68.48,68.38,68.38,68.8,68.2,5615522.0,384285069.0,10:18:59
sh601890,亚星锚链,10.39,0.04,0.386,10.38,10.39,10.35,10.36,10.42,10.31,5286020.0,54776725.0,10:18:59
sh601898,中煤能源,16.83,-0.1,-0.591,16.83,16.84,16.93,16.97,16.97,16.7,10615352.0,178677577.0,10:18:58
sh601899,紫金矿业,35.13,0.22,0.63,35.13,35.14,34.91,35.0,35.35,35.0,70084778.0,2467136590.0,10:18:56
sh601900,南方传媒,12.9,-0.01,-0.077,12.9,12.91,12.91,12.9,12.95,12.86,2017500.0,26034013.0,10:18:57
sh601901,方正证券,7.14,0.0,0.0,7.14,7.15,7.14,7.16,7.18,7.13,12654079.0,90447949.0,10:18:58
sh601908,京运通,4.42,0.05,1.144,4.41,4.42,4.37,4.37,4.48,4.36,51095166.0,226219360.0,10:18:56
sh601916,浙商银行,3.0,-0.02,-0.662,3.0,3.01,3.02,3.02,3.03,3.0,32626500.0,98350009.0,10:18:58
sh601918,新集能源,7.53,0.15,2.033,7.53,7.54,7.38,7.37,7.54,7.37,20282737.0,151600653.0,10:18:59
sh601919,中远海控,14.96,-0.12,-0.796,14.95,14.96,15.08,15.08,15.12,14.95,25465837.0,382262120.0,10:18:59
sh601921,浙版传媒,7.97,-0.03,-0.375,7.97,7.98,8.0,8.0,8.03,7.96,2251000.0,18000902.0,10:18:57
sh601928,凤凰传媒,9.72,0.01,0.103,9.71,9.72,9.71,9.72,9.74,9.69,1569800.0,15256662.0,10:18:56
sh601929,吉视传媒,2.96,0.01,0.339,2.96,2.97,2.95,2.94,2.97,2.93,20315617.0,60049154.0,10:18:57
sh601933,永辉超市,3.95,0.04,1.023,3.94,3.95,3.91,3.92,3.96,3.91,42395804.0,167091523.0,10:18:56
sh601939,建设银行,9.48,0.02,0.211,9.48,9.49,9.46,9.45,9.56,9.42,34960721.0,332399782.0,10:18:57
sh601949,中国出版,6.27,-0.02,-0.318,6.26,6.27,6.29,6.28,6.32,6.25,2536700.0,15929938.0,10:18:55
sh601952,苏垦农发,9.82,-0.1,-1.008,9.82,9.83,9.92,9.89,9.9,9.79,5129600.0,50417590.0,10:18:59
sh601956,东贝集团,6.69,0.01,0.15,6.69,6.7,6.68,6.69,6.7,6.63,1355500.0,9054881.0,10:18:59
sh601958,金钼股份,19.22,0.15,0.787,19.22,19.23,19.07,19.08,19.37,19.06,8272886.0,158830538.0,10:18:59
sh601963,重庆银行,10.57,-0.02,-0.189,10.57,10.58,10.59,10.6,10.78,10.53,5423100.0,57720868.0,10:18:56
sh601965,中国汽研,17.48,0.38,2.222,17.47,17.49,17.1,17.15,17.5,17.12,2947094.0,51105854.0,10:18:57
sh601966,玲珑轮胎,14.31,0.1,0.704,14.3,14.31,14.21,14.29,14.44,14.26,5785000.0,83026782.0,10:18:57
sh601968,宝钢包装,5.12,-0.05,-0.967,5.11,5.12,5.17,5.16,5.18,5.11,3559700.0,18307201.0,10:18:57
sh601969,海南矿业,11.18,0.3,2.757,11.18,11.19,10.88,10.84,11.25,10.78,17704844.0,196854935.0,10:18:57
sh601975,招商南油,4.4,-0.12,-2.655,4.4,4.41,4.52,4.49,4.53,4.39,76639318.0,340423325.0,10:18:59
sh601985,中国核电,8.76,-0.01,-0.114,8.75,8.76,8.77,8.78,8.8,8.72,29678700.0,259997184.0,10:18:57
sh601988,中国银行,5.82,0.03,0.518,5.81,5.82,5.79,5.8,5.87,5.78,80179963.0,467088932.0,10:18:57
sh601990,南京证券,7.46,0.05,0.675,7.45,7.46,7.41,7.44,7.46,7.41,4659313.0,34674734.0,10:18:57
sh601991,大唐发电,3.86,-0.03,-0.771,3.86,3.87,3.89,3.88,3.89,3.84,36818300.0,142387746.0,10:18:58
sh601992,金隅集团,1.75,-0.01,-0.568,1.75,1.76,1.76,1.76,1.77,1.75,14540489.0,25524686.0,10:18:52
sh601995,中金公司,33.91,0.46,1.375,33.91,33.92,33.45,34.15,34.15,33.78,8509314.0,288851264.0,10:18:55
sh601996,丰林集团,2.53,0.0,0.0,2.52,2.53,2.53,2.53,2.55,2.49,8682700.0,21925718.0,10:18:56
sh601997,贵阳银行,5.8,0.0,0.0,5.79,5.8,5.8,5.8,5.83,5.78,7378329.0,42822823.0,10:18:52
sh601998,中信银行,8.38,-0.04,-0.475,8.37,8.38,8.42,8.39,8.46,8.35,10234788.0,85988093.0,10:18:56
sh601999,出版传媒,7.78,-0.25,-3.113,7.78,7.79,8.03,8.03,8.07,7.73,12042400.0,94414432.0,10:18:54
sh603000,人民网,19.76,0.29,1.489,19.76,19.77,19.47,19.5,19.78,19.47,6270908.0,123385979.0,10:18:54
sh603001,奥康国际,9.42,-0.06,-0.633,9.41,9.42,9.48,9.45,9.7,9.37,3854700.0,36642863.0,10:18:50
sh603002,宏昌电子,12.85,-0.03,-0.233,12.85,12.87,12.88,12.8,13.22,12.51,54882502.0,709346330.0,10:18:55
sh603004,鼎龙科技,22.93,0.04,0.175,22.93,22.95,22.89,22.83,23.12,22.83,577900.0,13269029.0,10:18:54
sh603005,晶方科技,29.73,0.07,0.236,29.72,29.73,29.66,29.75,30.0,29.44,9331812.0,277117310.0,10:18:56
sh603006,联明股份,12.97,0.12,0.934,12.96,12.97,12.85,12.86,13.02,12.86,596100.0,7722862.0,10:18:54
sh603007,*ST花王,6.83,0.09,1.335,6.82,6.83,6.74,6.79,6.84,6.72,5876073.0,39902926.0,10:18:56
sh603008,喜临门,12.25,0.24,1.998,12.25,12.26,12.01,12.01,12.26,12.01,8596157.0,104563816.0,10:18:54
sh603009,北特科技,51.37,1.56,3.132,51.37,51.38,49.81,50.88,52.08,50.5,5027400.0,258696803.0,10:18:54
sh603010,万盛股份,12.31,-0.16,-1.283,12.31,12.32,12.47,12.48,12.5,12.25,6435640.0,79406046.0,10:18:56
sh603011,合锻智能,21.46,0.14,0.657,21.46,21.48,21.32,21.32,21.54,21.05,5811500.0,123707714.0,10:18:54
sh603012,创力集团,8.6,0.1,1.176,8.59,8.6,8.5,8.49,8.64,8.4,4255600.0,36364799.0,10:18:53
sh603013,亚普股份,19.02,0.11,0.582,19.02,19.03,18.91,18.95,19.11,18.93,758245.0,14424729.0,10:18:54
sh603014,威高血净,37.37,-0.31,-0.823,37.37,37.38,37.68,37.65,37.65,37.3,268312.0,10035064.0,10:18:54
sh603015,弘讯科技,12.23,0.04,0.328,12.23,12.24,12.19,12.21,12.28,12.12,917633.0,11191872.0,10:18:56
sh603016,新宏泰,45.6,-0.56,-1.213,45.6,45.61,46.16,46.16,46.5,45.23,2606400.0,119288517.0,10:18:55
sh603017,中衡设计,12.82,-0.34,-2.584,12.81,12.82,13.16,13.07,13.1,12.69,7511000.0,96199031.0,10:18:55
sh603018,华设集团,7.55,-0.02,-0.264,7.55,7.56,7.57,7.54,7.61,7.54,1854000.0,14023073.0,10:18:54
sh603019,中科曙光,88.99,0.7,0.793,88.97,88.99,88.29,88.99,89.29,88.07,12652873.0,1122347313.0,10:18:54
sh603020,爱普股份,11.23,0.18,1.629,11.23,11.24,11.05,11.04,11.27,11.0,1665900.0,18568198.0,10:18:56
sh603021,ST华鹏,8.14,-0.43,-5.018,0.0,8.14,8.57,8.82,8.82,8.14,10466160.0,87058456.0,10:18:50
sh603022,新通联,10.37,0.07,0.68,10.36,10.37,10.3,10.35,10.55,10.25,2079800.0,21567515.0,10:18:54
sh603023,威帝股份,4.43,0.05,1.142,4.42,4.43,4.38,4.37,4.45,4.35,4992000.0,21934832.0,10:18:49
sh603025,大豪科技,14.8,0.23,1.579,14.8,14.81,14.57,14.66,14.81,14.58,4012060.0,59101992.0,10:18:55
sh603026,石大胜华,97.98,-0.67,-0.679,97.95,97.98,98.65,98.92,101.0,97.04,15536691.0,1534736276.0,10:18:56
sh603027,千禾味业,9.5,0.01,0.105,9.5,9.51,9.49,9.48,9.56,9.45,3083272.0,29375613.0,10:18:55
sh603028,赛福天,8.48,0.11,1.314,8.47,8.48,8.37,8.37,8.48,8.33,1424900.0,11983907.0,10:18:56
sh603029,天鹅股份,18.33,0.03,0.164,18.32,18.34,18.3,18.38,18.39,18.16,505300.0,9241889.0,10:18:48
sh603030,全筑股份,2.35,0.01,0.427,2.34,2.35,2.34,2.35,2.36,2.31,5500100.0,12823358.0,10:18:55
sh603031,安孚科技,52.15,0.4,0.773,52.13,52.15,51.75,51.85,52.58,50.89,2141656.0,111084472.0,10:18:55
sh603032,德新科技,21.25,1.11,5.511,21.24,21.25,20.14,20.0,21.29,20.0,10691828.0,220583256.0,10:18:54
sh603033,三维股份,11.5,-0.06,-0.519,11.5,11.51,11.56,11.59,11.63,11.48,2004565.0,23157165.0,10:18:56
sh603035,常熟汽饰,14.49,0.23,1.613,14.49,14.5,14.26,14.22,14.54,14.2,1930900.0,27792987.0,10:18:53
sh603036,如通股份,18.13,-0.06,-0.33,18.11,18.12,18.19,18.22,18.35,17.97,783000.0,14169533.0,10:18:47
sh603037,凯众股份,14.74,0.01,0.068,14.74,14.75,14.73,14.59,14.89,14.57,4386591.0,64607047.0,10:18:54
sh603038,华立股份,15.08,0.08,0.533,15.07,15.08,15.0,15.03,15.1,14.99,603800.0,9090783.0,10:18:55
sh603039,泛微网络,43.96,0.56,1.29,43.96,43.97,43.4,43.33,44.09,43.33,2278460.0,99754815.0,10:18:54
sh603040,新坐标,81.44,1.03,1.281,81.35,81.44,80.41,80.91,82.49,80.76,547275.0,44764727.0,10:18:55
sh603041,美思德,12.49,0.1,0.807,12.48,12.49,12.39,12.46,12.55,12.3,460600.0,5722423.0,10:18:45
sh603042,华脉科技,21.51,0.06,0.28,21.51,21.52,21.45,21.31,21.66,21.1,5254804.0,112676282.0,10:18:54
sh603043,广州酒家,15.32,-0.12,-0.777,15.32,15.33,15.44,15.46,15.46,15.28,817900.0,12557438.0,10:18:55
sh603045,福达合金,32.87,-0.27,-0.815,32.87,32.89,33.14,33.24,33.33,32.68,1670500.0,55051292.0,10:18:55
sh603048,浙江黎明,22.25,0.04,0.18,22.25,22.26,22.21,21.97,22.45,21.97,628000.0,13962719.0,10:18:54
sh603049,中策橡胶,50.59,-0.08,-0.158,50.57,50.6,50.67,51.02,51.65,50.52,1400700.0,71416517.0,10:18:55
sh603050,科林电气,19.78,0.11,0.559,19.78,19.79,19.67,19.67,19.88,19.43,1041974.0,20543153.0,10:18:49
sh603051,鹿山新材,22.23,0.37,1.693,22.22,22.23,21.86,21.85,22.46,21.67,2982360.0,66101926.0,10:18:55
sh603052,可川科技,75.77,6.89,10.003,75.77,0.0,68.88,68.8,75.77,68.2,6083702.0,447447145.0,10:18:55
sh603053,成都燃气,9.59,-0.05,-0.519,9.59,9.6,9.64,9.66,9.66,9.57,904900.0,8680905.0,10:18:54
sh603055,台华新材,9.52,0.05,0.528,9.51,9.52,9.47,9.47,9.59,9.44,1895800.0,18074044.0,10:18:54
sh603057,紫燕食品,25.23,0.29,1.163,25.23,25.26,24.94,24.89,25.67,24.75,1080510.0,27281493.0,10:18:56
sh603058,永吉股份,12.18,-0.02,-0.164,12.17,12.18,12.2,12.2,12.28,12.12,1827200.0,22289287.0,10:18:52
sh603059,倍加洁,34.3,0.81,2.419,34.28,34.3,33.49,33.45,34.62,33.13,1073800.0,36397244.0,10:18:56
sh603060,国检集团,6.36,-0.03,-0.469,6.35,6.36,6.39,6.41,6.41,6.32,949323.0,6030783.0,10:18:54
sh603061,DR金海通,239.56,9.71,4.224,239.67,239.99,229.85,231.64,245.98,220.1,2564475.0,598725009.0,10:18:55
sh603062,麦加芯彩,50.16,0.64,1.292,50.16,50.17,49.52,49.51,50.48,49.28,300800.0,15041021.0,10:18:55
sh603063,禾望电气,37.83,-0.2,-0.526,37.83,37.84,38.03,37.96,38.1,36.98,30091510.0,1128741274.0,10:18:56
sh603065,宿迁联盛,8.18,0.07,0.863,8.18,8.19,8.11,8.13,8.2,8.08,931900.0,7592022.0,10:18:47
sh603066,音飞储存,9.91,0.09,0.916,9.9,9.91,9.82,9.85,9.92,9.82,516500.0,5092774.0,10:18:54
sh603067,振华股份,37.03,1.33,3.725,37.02,37.03,35.7,36.5,37.56,36.31,18390451.0,680646580.0,10:18:56
sh603068,博通集成,32.79,0.24,0.737,32.78,32.79,32.55,32.67,32.85,32.42,631000.0,20608830.0,10:18:56
sh603069,海汽集团,17.44,0.02,0.115,17.43,17.44,17.42,17.52,17.52,17.32,1313800.0,22838138.0,10:18:54
sh603070,万控智造,15.05,-0.09,-0.594,15.04,15.05,15.14,15.16,15.17,14.94,805400.0,12102267.0,10:18:55
sh603071,物产环能,13.83,0.13,0.949,13.83,13.84,13.7,13.69,13.9,13.62,962350.0,13287747.0,10:18:54
sh603072,天和磁材,37.05,0.01,0.027,37.02,37.05,37.04,37.0,37.26,36.86,477900.0,17688539.0,10:18:56
sh603073,彩蝶实业,19.42,0.16,0.831,19.41,19.42,19.26,19.39,19.49,19.1,330100.0,6374798.0,10:18:55
sh603075,热威股份,22.69,-0.07,-0.308,22.68,22.7,22.76,22.75,22.85,22.48,627400.0,14211784.0,10:18:53
sh603076,乐惠国际,29.21,0.24,0.828,29.21,29.22,28.97,29.0,29.6,28.76,1876200.0,54895144.0,10:18:53
sh603077,和邦生物,2.98,0.03,1.017,2.98,2.99,2.95,2.96,3.02,2.94,112021900.0,335206545.0,10:18:55
sh603078,江化微,22.96,0.24,1.056,22.95,22.97,22.72,22.71,23.13,22.66,2547294.0,58416033.0,10:18:56
sh603079,圣达生物,16.54,0.0,0.0,16.53,16.54,16.54,16.5,16.59,16.32,677400.0,11123429.0,10:18:56
sh603080,新疆火炬,21.26,0.0,0.0,21.25,21.26,21.26,21.28,21.36,21.22,330900.0,7035676.0,10:18:56
sh603081,大丰实业,12.08,-0.02,-0.165,12.08,12.09,12.1,12.15,12.24,12.07,1574200.0,19089894.0,10:18:54
sh603082,北自科技,36.84,0.17,0.464,36.84,36.85,36.67,36.92,36.94,36.68,233600.0,8600684.0,10:18:55
sh603083,剑桥科技,128.82,3.02,2.401,128.68,128.82,125.8,125.18,129.8,122.5,22378118.0,2805939637.0,10:18:55
sh603085,天成自控,11.57,0.04,0.347,11.56,11.57,11.53,11.53,11.6,11.4,3159632.0,36379114.0,10:18:53
sh603086,先达股份,7.55,0.02,0.266,7.54,7.55,7.53,7.54,7.57,7.51,1284500.0,9689362.0,10:18:53
sh603087,甘李药业,65.8,-0.16,-0.243,65.8,65.81,65.96,66.44,66.44,65.31,2850200.0,187386113.0,10:18:55
sh603088,宁波精达,13.61,0.25,1.871,13.6,13.61,13.36,13.46,13.8,13.22,15257376.0,206336959.0,10:18:54
sh603089,正裕工业,12.72,0.09,0.713,12.71,12.72,12.63,12.66,12.77,12.61,384000.0,4866084.0,10:18:48
sh603090,宏盛股份,68.66,1.27,1.885,68.63,68.66,67.39,68.08,68.82,66.71,1420864.0,96516091.0,10:18:55
sh603091,众鑫股份,78.07,1.38,1.799,78.05,78.07,76.69,76.69,78.22,75.84,199466.0,15456421.0,10:18:55
sh603092,德力佳,69.1,-0.01,-0.014,69.1,69.12,69.11,69.15,69.37,68.33,524724.0,36148525.0,10:18:55
sh603093,南华期货,19.81,0.41,2.113,19.81,19.82,19.4,19.47,20.02,19.42,4979700.0,98517979.0,10:18:53
sh603095,越剑智能,18.1,0.42,2.376,18.08,18.1,17.68,17.67,18.27,17.57,1267700.0,22763265.0,10:18:47
sh603096,新经典,17.06,0.04,0.235,17.05,17.06,17.02,17.02,17.1,16.91,248000.0,4215071.0,10:18:53
sh603097,江苏华辰,32.92,-1.1,-3.233,32.91,32.92,34.02,33.68,33.76,32.5,3212700.0,105698184.0,10:18:55
sh603098,森特股份,14.08,0.0,0.0,14.08,14.09,14.08,14.0,14.17,14.0,2304462.0,32399656.0,10:18:53
sh603099,长白山,36.08,0.23,0.642,36.06,36.09,35.85,35.86,36.1,35.3,2428486.0,86959789.0,10:18:53
sh603100,川仪股份,19.97,0.04,0.201,19.96,19.97,19.93,20.01,20.03,19.86,1032300.0,20585199.0,10:18:53
sh603101,汇嘉时代,9.53,0.25,2.694,9.51,9.53,9.28,9.25,9.54,9.19,9227880.0,86248344.0,10:18:54
sh603102,百合股份,39.91,-1.23,-2.99,39.91,39.92,41.14,40.5,41.0,39.52,706500.0,28207599.0,10:18:51
sh603103,横店影视,22.88,0.39,1.734,22.87,22.88,22.49,22.64,23.13,22.55,4219600.0,96454940.0,10:18:53
sh603105,芯能科技,10.83,0.12,1.12,10.83,10.84,10.71,10.75,11.02,10.62,10747507.0,116713297.0,10:18:55
sh603106,恒银科技,9.1,0.08,0.887,9.09,9.1,9.02,9.09,9.1,9.04,1327800.0,12035264.0,10:18:55
sh603107,上海汽配,14.56,0.02,0.138,14.55,14.56,14.54,14.64,14.64,14.53,278500.0,4057671.0,10:18:42
sh603108,润达医疗,12.85,0.02,0.156,12.84,12.85,12.83,12.85,12.92,12.77,2587226.0,33156789.0,10:18:55
sh603109,神驰机电,23.09,-0.01,-0.043,23.08,23.09,23.1,23.32,23.32,22.83,1190580.0,27413604.0,10:18:48
sh603110,东方材料,16.97,0.38,2.291,16.97,16.98,16.59,16.59,17.09,16.59,4321200.0,72896239.0,10:18:55
sh603111,康尼机电,6.82,0.0,0.0,6.81,6.82,6.82,6.85,6.85,6.79,1067700.0,7282001.0,10:18:53
sh603112,华翔股份,20.5,0.12,0.589,20.49,20.51,20.38,20.23,21.0,20.17,6311400.0,130249420.0,10:18:54
sh603113,金能科技,7.19,-0.02,-0.277,7.19,7.2,7.21,7.24,7.28,7.14,6011731.0,43331023.0,10:18:55
sh603115,海星股份,45.21,0.71,1.596,45.2,45.24,44.5,44.88,46.6,44.0,3912400.0,177714108.0,10:18:55
sh603116,红蜻蜓,5.61,0.03,0.538,5.61,5.62,5.58,5.58,5.63,5.54,1391200.0,7763807.0,10:18:53
sh603117,万林物流,4.55,0.05,1.111,4.55,4.56,4.5,4.51,4.57,4.43,4794300.0,21542859.0,10:18:54
sh603118,共进股份,13.59,-0.07,-0.512,13.58,13.59,13.66,13.65,13.75,13.45,14195086.0,193209485.0,10:18:55
sh603119,浙江荣泰,80.51,2.45,3.139,80.51,80.52,78.06,82.0,83.56,79.51,12378666.0,1006826244.0,10:18:54
sh603120,肯特催化,38.09,0.21,0.554,38.08,38.09,37.88,37.87,38.14,37.54,267797.0,10111479.0,10:18:49
sh603121,华培动力,21.35,0.1,0.471,21.34,21.37,21.25,21.57,21.57,21.08,2311249.0,49306549.0,10:18:54
sh603122,合富中国,16.87,-1.04,-5.807,16.86,16.87,17.91,17.3,17.32,16.66,23641312.0,400204666.0,10:18:55
sh603123,翠微股份,12.62,0.02,0.159,12.61,12.62,12.6,12.7,12.86,12.55,13651000.0,173387510.0,10:18:53
sh603124,江南新材,122.12,1.61,1.336,121.95,122.13,120.51,122.8,123.0,119.66,502400.0,60868744.0,10:18:54
sh603125,常青科技,18.04,0.04,0.222,18.03,18.04,18.0,17.96,18.09,17.86,565551.0,10157664.0,10:18:47
sh603126,中材节能,8.1,0.04,0.496,8.09,8.1,8.06,8.06,8.17,8.0,3284000.0,26522473.0,10:18:54
sh603127,昭衍新药,38.5,-0.77,-1.961,38.48,38.5,39.27,38.88,39.12,37.5,16687186.0,638153443.0,10:18:55
sh603128,华贸物流,5.65,0.02,0.355,5.64,5.65,5.63,5.63,5.65,5.62,2859910.0,16126728.0,10:18:55
sh603129,春风动力,269.4,14.52,5.697,269.4,269.46,254.88,246.33,276.0,244.33,3244595.0,854617656.0,10:18:54
sh603130,云中马,37.3,0.17,0.458,37.27,37.3,37.13,37.64,37.64,37.1,403200.0,15034953.0,10:18:54
sh603131,上海沪工,21.06,0.1,0.477,21.05,21.06,20.96,21.17,21.18,20.91,1867142.0,39252781.0,10:18:53
sh603132,金徽股份,18.52,0.26,1.424,18.52,18.53,18.26,18.25,18.7,18.25,2967742.0,54842962.0,10:18:55
sh603135,中重科技,10.75,-0.05,-0.463,10.75,10.76,10.8,10.84,10.9,10.75,592600.0,6411118.0,10:18:52
sh603136,天目湖,11.36,0.05,0.442,11.35,11.36,11.31,11.29,11.36,11.25,1271900.0,14374727.0,10:18:55
sh603137,恒尚节能,13.32,-0.02,-0.15,13.31,13.32,13.34,13.3,13.38,13.2,431540.0,5731476.0,10:18:54
sh603138,海量数据,21.15,0.8,3.931,21.13,21.15,20.35,20.35,21.18,20.35,6827700.0,142643339.0,10:18:53
sh603139,康惠股份,30.61,1.03,3.482,30.61,30.62,29.58,29.44,31.44,28.66,4424402.0,134503981.0,10:18:55
sh603150,万朗磁塑,57.07,-0.46,-0.8,57.06,57.1,57.53,57.53,58.02,54.36,2412300.0,136284640.0,10:18:55
sh603151,邦基科技,16.8,-0.25,-1.466,16.8,16.81,17.05,17.04,17.04,16.73,750700.0,12646584.0,10:18:55
sh603153,上海建科,16.44,-0.09,-0.544,16.44,16.46,16.53,16.51,16.59,16.36,581200.0,9552808.0,10:18:52
sh603155,新亚强,16.05,0.16,1.007,16.04,16.05,15.89,16.07,16.1,15.91,760950.0,12186021.0,10:18:51
sh603156,养元饮品,31.85,0.49,1.563,31.85,31.86,31.36,31.35,32.09,31.35,2149286.0,68446075.0,10:18:53
sh603158,腾龙股份,13.15,-0.44,-3.238,13.15,13.16,13.59,13.59,13.59,13.04,21405925.0,282631713.0,10:18:55
sh603159,上海亚虹,26.92,0.41,1.547,26.92,26.94,26.51,26.49,27.35,26.49,766548.0,20712254.0,10:18:47
sh603160,汇顶科技,68.74,0.31,0.453,68.7,68.74,68.43,68.4,68.86,68.04,1471200.0,100685868.0,10:18:54
sh603161,科华控股,14.4,-0.07,-0.484,14.38,14.4,14.47,14.5,14.66,14.35,636642.0,9176945.0,10:18:51
sh603162,海通发展,13.9,-0.32,-2.25,13.9,13.91,14.22,14.03,14.18,13.7,6589785.0,91118050.0,10:18:53
sh603163,圣晖集成,108.95,-1.44,-1.304,108.91,108.95,110.39,109.02,110.5,108.69,985000.0,107707145.0,10:18:53
sh603165,荣晟环保,15.79,0.04,0.254,15.79,15.81,15.75,15.74,15.91,15.6,2448359.0,38630788.0,10:18:55
sh603166,福达股份,13.81,0.2,1.47,13.8,13.81,13.61,13.67,13.95,13.61,2619620.0,36189643.0,10:18:54
sh603167,渤海轮渡,9.22,0.01,0.109,9.22,9.23,9.21,9.22,9.26,9.2,1285800.0,11870165.0,10:18:52
sh603168,莎普爱思,6.6,-0.05,-0.752,6.6,6.61,6.65,6.65,6.68,6.56,3547464.0,23456901.0,10:18:52
sh603169,兰石重装,9.99,0.03,0.301,9.98,9.99,9.96,10.04,10.08,9.9,5943407.0,59239505.0,10:18:55
sh603170,宝立食品,13.13,-0.04,-0.304,13.13,13.14,13.17,13.16,13.22,13.08,787700.0,10350594.0,10:18:53
sh603171,税友股份,56.26,2.59,4.826,56.24,56.25,53.67,53.9,56.89,53.7,7577138.0,423512105.0,10:18:53
sh603172,万丰股份,20.96,0.18,0.866,20.96,20.97,20.78,20.8,21.02,20.6,553400.0,11537253.0,10:18:53
sh603173,福斯达,41.88,0.32,0.77,41.88,41.9,41.56,41.8,42.04,41.3,391300.0,16319917.0,10:18:55
sh603175,超颖电子,90.87,1.4,1.565,90.87,90.88,89.47,90.46,92.88,89.47,1662154.0,151167039.0,10:18:54
sh603176,汇通集团,5.36,0.01,0.187,5.36,5.37,5.35,5.35,5.38,5.32,848000.0,4530060.0,10:18:52
sh603177,德创环保,11.57,-0.06,-0.516,11.56,11.57,11.63,11.74,11.85,11.44,2033400.0,23528704.0,10:18:54
sh603178,圣龙股份,15.85,0.34,2.192,15.85,15.86,15.51,15.53,16.15,15.53,1772600.0,28089106.0,10:18:54
sh603179,新泉股份,68.23,2.84,4.343,68.25,68.26,65.39,67.72,69.21,67.17,10380019.0,709025316.0,10:18:53
sh603180,金牌家居,18.8,0.1,0.535,18.79,18.8,18.7,18.69,18.85,18.69,93400.0,1754206.0,10:18:54
sh603181,皇马科技,15.08,0.09,0.6,15.07,15.08,14.99,15.0,15.15,14.94,886806.0,13350454.0,10:18:51
sh603182,嘉华股份,14.32,-0.08,-0.556,14.31,14.32,14.4,14.38,14.45,14.2,1792900.0,25598643.0,10:18:55
sh603183,建研院,4.52,0.05,1.119,4.52,4.53,4.47,4.48,4.53,4.44,3087164.0,13840634.0,10:18:54
sh603185,弘元绿能,25.12,0.97,4.017,25.11,25.12,24.15,24.2,25.58,24.2,13472506.0,337168868.0,10:18:55
sh603186,华正新材,72.77,-0.08,-0.11,72.75,72.78,72.85,72.89,74.18,72.01,4147665.0,301362223.0,10:18:58
sh603187,海容冷链,14.89,-0.03,-0.201,14.89,14.9,14.92,14.82,14.98,14.76,1423063.0,21137907.0,10:18:57
sh603188,亚邦股份,4.92,0.06,1.235,4.92,4.93,4.86,4.87,4.94,4.85,3151600.0,15413766.0,10:18:57
sh603189,网达软件,16.64,-0.15,-0.893,16.63,16.64,16.79,16.76,16.78,16.51,3559200.0,59132254.0,10:18:59
sh603190,亚通精工,25.35,0.11,0.436,25.35,25.37,25.24,25.23,25.56,25.15,378400.0,9566447.0,10:18:58
sh603191,望变电气,20.89,-0.06,-0.286,20.89,20.9,20.95,20.82,21.06,20.1,5369386.0,111514354.0,10:18:57
sh603192,汇得科技,23.9,0.21,0.886,23.9,23.91,23.69,23.77,24.0,23.67,367000.0,8740873.0,10:18:57
sh603193,润本股份,24.21,-0.3,-1.224,24.21,24.23,24.51,24.49,24.5,24.06,1610853.0,39050757.0,10:18:59
sh603194,中力股份,33.88,0.19,0.564,33.88,33.89,33.69,33.77,34.1,33.6,378491.0,12842438.0,10:18:57
sh603195,公牛集团,41.12,-0.07,-0.17,41.12,41.13,41.19,41.18,41.4,41.09,430520.0,17747024.0,10:18:57
sh603196,璞源材料,31.03,-0.15,-0.481,31.01,31.03,31.18,31.1,31.19,30.61,1349000.0,41754916.0,10:18:58
sh603197,保隆科技,33.18,0.16,0.485,33.18,33.19,33.02,33.03,33.29,32.97,628400.0,20839430.0,10:18:54
sh603198,迎驾贡酒,36.05,0.23,0.642,36.04,36.05,35.82,35.82,36.38,35.7,976100.0,35149359.0,10:18:55
sh603199,九华旅游,37.86,-0.12,-0.316,37.85,37.86,37.98,37.85,37.96,37.55,958400.0,36150651.0,10:18:58
sh603200,上海洗霸,63.26,1.4,2.263,63.25,63.26,61.86,62.5,64.65,61.8,6806900.0,433064177.0,10:18:59
sh603201,常润股份,16.5,0.06,0.365,16.48,16.49,16.44,16.48,16.53,16.4,266720.0,4389043.0,10:18:44
sh603202,天有为,98.48,-0.52,-0.525,98.45,98.47,99.0,98.66,98.83,98.27,303500.0,29877651.0,10:18:59
sh603203,快克智能,43.25,0.16,0.371,43.23,43.26,43.09,43.08,43.49,42.66,1527700.0,65666598.0,10:18:58
sh603205,健尔康,25.88,-0.02,-0.077,25.85,25.89,25.9,25.89,25.92,25.73,111560.0,2882010.0,10:18:32
sh603206,嘉环科技,17.58,1.07,6.481,17.58,17.59,16.51,16.7,18.16,16.6,13223600.0,233028513.0,10:18:56
sh603207,小方制药,27.87,-0.13,-0.464,27.86,27.87,28.0,28.09,28.15,27.77,432900.0,12090220.0,10:18:47
sh603208,江山欧派,12.98,0.05,0.387,12.98,12.99,12.93,12.92,13.04,12.88,521137.0,6758102.0,10:18:59
sh603209,兴通股份,14.52,0.05,0.346,14.51,14.52,14.47,14.48,14.56,14.42,1152000.0,16685808.0,10:18:57
sh603210,泰鸿万立,16.81,0.0,0.0,16.81,16.82,16.81,16.85,16.89,16.71,817900.0,13718437.0,10:18:54
sh603211,晋拓股份,26.26,-0.65,-2.415,26.26,26.27,26.91,26.9,27.18,25.89,6730300.0,176926668.0,10:18:57
sh603212,赛伍技术,12.95,0.09,0.7,12.95,12.96,12.86,12.86,13.02,12.75,2383200.0,30737358.0,10:18:58
sh603213,镇洋发展,13.54,-0.15,-1.096,13.53,13.54,13.69,13.75,13.75,13.51,847600.0,11502110.0,10:18:59
sh603214,爱婴室,15.69,0.01,0.064,15.68,15.69,15.68,15.69,15.74,15.54,921900.0,14398393.0,10:18:57
sh603215,比依股份,19.23,0.05,0.261,19.22,19.24,19.18,19.2,19.25,19.1,279400.0,5357222.0,10:18:56
sh603216,梦天家居,30.92,-2.25,-6.783,30.92,30.93,33.17,32.5,32.5,30.5,4977200.0,155342086.0,10:18:56
sh603217,元利科技,26.19,0.57,2.225,26.18,26.2,25.62,25.6,26.46,25.45,2147300.0,55958423.0,10:18:57
sh603218,日月股份,14.11,0.01,0.071,14.11,14.12,14.1,14.05,14.19,14.04,2231000.0,31514383.0,10:18:58
sh603219,富佳股份,16.48,0.18,1.104,16.48,16.49,16.3,16.33,16.54,16.26,906600.0,14846752.0,10:18:54
sh603220,中贝通信,29.57,0.54,1.86,29.57,29.58,29.03,28.73,29.88,28.73,27254281.0,799411714.0,10:18:57
sh603221,爱丽家居,11.33,-0.04,-0.352,11.33,11.34,11.37,11.36,11.37,11.23,417500.0,4711476.0,10:18:52
sh603222,济民健康,10.51,0.08,0.767,10.51,10.53,10.43,10.22,10.63,10.12,21479274.0,223636752.0,10:18:59
sh603223,恒通股份,8.57,0.12,1.42,8.57,8.58,8.45,8.49,8.58,8.44,2651950.0,22604138.0,10:18:59
sh603225,新凤鸣,17.82,0.1,0.564,17.82,17.83,17.72,17.68,17.99,17.57,5543066.0,98952533.0,10:18:59
sh603226,菲林格尔,39.56,0.44,1.125,39.52,39.56,39.12,39.55,39.64,38.58,784300.0,30768322.0,10:18:57
sh603227,雪峰科技,9.78,-0.17,-1.709,9.77,9.78,9.95,9.94,9.95,9.71,11605062.0,113662833.0,10:18:59
sh603228,景旺电子,61.57,1.16,1.92,61.55,61.57,60.41,60.5,61.75,60.15,7495591.0,456910141.0,10:18:58
sh603229,奥翔药业,10.25,0.0,0.0,10.24,10.25,10.25,10.24,10.28,10.11,3866340.0,39399722.0,10:18:57
sh603230,内蒙新华,11.12,-0.04,-0.358,11.12,11.13,11.16,11.16,11.2,11.09,1669000.0,18568789.0,10:18:58
sh603231,索宝蛋白,17.76,0.05,0.282,17.75,17.76,17.71,17.81,17.81,17.66,457000.0,8103316.0,10:18:54
sh603232,格尔软件,20.93,0.33,1.602,20.91,20.93,20.6,21.01,21.21,20.58,7247158.0,151353459.0,10:18:58
sh603233,大参林,17.34,-0.11,-0.63,17.34,17.35,17.45,17.46,17.57,17.28,1833874.0,31910379.0,10:18:59
sh603235,天新药业,26.85,-0.2,-0.739,26.85,26.87,27.05,27.2,27.2,26.78,135672.0,3651046.0,10:18:54
sh603236,移远通信,77.83,1.09,1.42,77.78,77.83,76.74,76.81,77.9,76.3,1709990.0,131771166.0,10:18:59
sh603237,五芳斋,17.09,-0.11,-0.64,17.08,17.11,17.2,17.19,17.22,17.0,351060.0,5998320.0,10:18:48
sh603238,诺邦股份,15.78,-0.01,-0.063,15.76,15.77,15.79,15.71,15.87,15.6,884515.0,13904733.0,10:18:59
sh603239,浙江仙通,24.14,0.11,0.458,24.14,24.15,24.03,24.15,24.27,24.01,1175200.0,28378393.0,10:18:59
sh603248,锡华科技,26.44,-0.83,-3.044,26.43,26.45,27.27,27.2,27.22,26.02,4954456.0,130693818.0,10:18:58
sh603255,鼎际得,29.0,0.38,1.328,28.98,29.0,28.62,28.7,29.12,28.42,485000.0,13963586.0,10:18:48
sh603256,宏和科技,102.56,0.49,0.48,102.55,102.56,102.07,102.0,103.5,98.88,15475663.0,1569735539.0,10:18:57
sh603257,中国瑞林,56.29,0.11,0.196,56.24,56.29,56.18,56.22,56.76,55.65,199100.0,11158967.0,10:18:58
sh603258,电魂网络,18.06,0.05,0.278,18.06,18.07,18.01,17.95,18.2,17.95,442300.0,7977204.0,10:18:51
sh603259,药明康德,106.81,-0.02,-0.019,106.8,106.81,106.83,107.11,107.27,105.69,11202957.0,1192315493.0,10:18:57
sh603260,合盛硅业,43.87,0.13,0.297,43.85,43.86,43.74,43.79,44.08,43.38,2204600.0,96573130.0,10:18:56
sh603261,*ST立航,35.67,-0.08,-0.224,35.66,35.68,35.75,35.77,35.99,35.55,85500.0,3055608.0,10:18:44
sh603262,技源集团,25.54,0.04,0.157,25.52,25.55,25.5,25.51,26.05,25.35,348355.0,8912886.0,10:18:56
sh603266,天龙股份,19.8,0.21,1.072,19.79,19.8,19.59,19.58,19.88,19.58,642700.0,12722654.0,10:18:57
sh603267,鸿远电子,51.52,0.33,0.645,51.52,51.53,51.19,51.19,51.8,50.94,1550934.0,79534950.0,10:18:58
sh603268,*ST松发,121.22,5.77,4.998,121.22,0.0,115.45,117.75,121.22,117.5,3799759.0,455086512.0,10:18:55
sh603269,海鸥股份,15.57,-0.24,-1.518,15.57,15.58,15.81,15.75,15.85,15.5,14812860.0,231321226.0,10:18:57
sh603270,金帝股份,26.0,-0.01,-0.038,25.98,26.01,26.01,26.0,26.38,25.83,1147087.0,29865087.0,10:18:59
sh603271,永杰新材,49.63,0.88,1.805,49.61,49.63,48.75,48.93,51.33,48.29,3444578.0,171306701.0,10:18:58
sh603272,联翔股份,32.46,-0.62,-1.874,32.45,32.46,33.08,33.74,34.51,31.6,2851300.0,94462655.0,10:18:59
sh603273,天元智能,17.88,-0.06,-0.334,17.87,17.88,17.94,17.93,18.08,17.75,352100.0,6276584.0,10:18:51
sh603275,众辰科技,47.55,1.14,2.456,47.55,47.6,46.41,46.4,48.0,46.03,1134794.0,53571907.0,10:18:58
sh603276,恒兴新材,16.6,-0.1,-0.599,16.6,16.61,16.7,16.7,16.7,16.44,534050.0,8849076.0,10:18:57
sh603277,银都股份,14.28,0.14,0.99,14.27,14.28,14.14,14.19,14.3,14.15,371600.0,5297369.0,10:18:57
sh603278,大业股份,10.9,0.07,0.646,10.89,10.9,10.83,10.84,11.0,10.83,1586300.0,17268953.0,10:18:59
sh603279,景津装备,18.93,0.31,1.665,18.92,18.93,18.62,18.64,19.11,18.64,2242840.0,42481217.0,10:18:53
sh603280,南方路机,35.0,-0.24,-0.681,34.99,35.0,35.24,35.17,35.18,34.81,289900.0,10126070.0,10:18:59
sh603281,江瀚新材,36.14,0.47,1.318,36.11,36.14,35.67,35.66,36.76,35.36,1182640.0,42958321.0,10:18:59
sh603282,亚光股份,20.96,0.12,0.576,20.96,20.97,20.84,21.0,21.1,20.85,646200.0,13565153.0,10:18:58
sh603283,赛腾股份,49.87,0.58,1.177,49.85,49.87,49.29,49.36,50.26,49.24,3976340.0,197735435.0,10:18:59
sh603284,林平发展,56.18,-0.21,-0.372,56.12,56.2,56.39,56.33,56.85,56.08,638010.0,35958908.0,10:18:58
sh603285,键邦股份,35.46,0.81,2.338,35.46,35.47,34.65,35.0,35.79,34.36,4636873.0,163231431.0,10:18:59
sh603286,日盈电子,61.56,0.19,0.31,61.56,61.57,61.37,62.56,63.5,61.25,1183900.0,73722366.0,10:18:58
sh603288,海天味业,40.81,-0.11,-0.269,40.8,40.81,40.92,40.89,41.4,40.8,4874534.0,200262276.0,10:18:55
sh603289,泰瑞机器,12.19,0.3,2.523,12.18,12.19,11.89,11.94,12.41,11.82,4599600.0,55992207.0,10:18:56
sh603290,斯达半导,99.05,-1.36,-1.354,99.02,99.05,100.41,98.0,99.3,97.9,1951878.0,192370080.0,10:18:54
sh603291,联合水务,11.22,-0.41,-3.525,11.22,11.23,11.63,11.62,11.64,11.0,2739700.0,31148869.0,10:18:54
sh603293,N埃泰克,74.01,40.52,120.991,74.01,74.03,33.49,71.0,85.2,71.0,14392575.0,1079929872.0,10:18:54
sh603296,华勤技术,98.21,-0.67,-0.678,98.21,98.24,98.88,98.51,98.94,96.94,4231174.0,414956172.0,10:18:55
sh603297,永新光学,109.24,0.21,0.193,109.21,109.25,109.03,109.39,109.95,108.5,328600.0,35847674.0,10:18:54
sh603298,杭叉集团,25.66,0.12,0.47,25.67,25.69,25.54,25.48,25.91,25.47,1689837.0,43511218.0,10:18:55
sh603299,苏盐井神,11.16,0.09,0.813,11.16,11.17,11.07,11.08,11.22,10.99,2784599.0,31011816.0,10:18:56
sh603300,海南华铁,6.87,0.1,1.477,6.87,6.88,6.77,6.8,6.9,6.78,18123944.0,124224648.0,10:18:55
sh603301,振德医疗,87.54,1.98,2.314,87.48,87.5,85.56,86.99,88.47,86.65,1360466.0,119523627.0,10:18:56
sh603303,得邦照明,15.53,0.16,1.041,15.53,15.54,15.37,15.38,15.55,15.32,550100.0,8479068.0,10:18:54
sh603305,旭升集团,15.18,0.22,1.471,15.18,15.19,14.96,15.2,15.41,15.08,12178471.0,185440604.0,10:18:56
sh603306,华懋科技,103.09,0.57,0.556,103.09,103.15,102.52,102.16,103.23,100.5,4311088.0,438266539.0,10:18:54
sh603307,扬州金泉,39.49,-0.05,-0.126,39.47,39.5,39.54,39.53,39.71,39.26,66000.0,2604211.0,10:18:52
sh603308,应流股份,67.77,2.76,4.246,67.77,67.8,65.01,65.26,68.28,64.7,13651155.0,912145000.0,10:18:55
sh603309,维力医疗,13.94,-0.09,-0.641,13.94,13.95,14.03,14.08,14.1,13.81,1336600.0,18564065.0,10:18:55
sh603310,巍华新材,16.17,0.01,0.062,16.16,16.17,16.16,16.1,16.2,16.1,684300.0,11051721.0,10:18:47
sh603311,金海高科,18.87,-0.05,-0.264,18.87,18.88,18.92,19.0,19.07,18.46,4958900.0,92501466.0,10:18:54
sh603312,西典新能,41.48,0.23,0.558,41.48,41.52,41.25,41.2,41.71,40.95,448600.0,18551128.0,10:18:53
sh603313,梦百合,8.01,0.01,0.125,8.01,8.02,8.0,8.0,8.05,7.97,797000.0,6379995.0,10:18:53
sh603315,福鞍股份,16.42,1.11,7.25,16.41,16.42,15.31,15.18,16.49,15.18,13433402.0,214050102.0,10:18:56
sh603316,诚邦股份,15.07,0.37,2.517,15.05,15.07,14.7,14.7,15.11,14.0,7673430.0,112116358.0,10:18:55
sh603317,天味食品,13.2,0.05,0.38,13.2,13.21,13.15,13.11,13.25,13.05,2141920.0,28227698.0,10:18:54
sh603318,水发燃气,7.44,-0.12,-1.587,7.43,7.44,7.56,7.46,7.55,7.33,8744000.0,64844902.0,10:18:55
sh603319,美湖股份,35.09,0.34,0.978,35.06,35.08,34.75,35.0,35.31,34.46,4034700.0,141154259.0,10:18:54
sh603320,迪贝电气,22.99,0.25,1.099,22.99,23.02,22.74,22.64,23.13,22.42,2279519.0,51955199.0,10:18:56
sh603321,梅轮电梯,7.28,0.04,0.552,7.27,7.28,7.24,7.29,7.3,7.22,871300.0,6328700.0,10:18:51
sh603322,超讯通信,36.26,3.3,10.012,36.26,0.0,32.96,33.05,36.26,32.97,16947000.0,601135530.0,10:18:54
sh603323,苏农银行,4.84,-0.02,-0.412,4.84,4.85,4.86,4.85,4.87,4.83,5284050.0,25633500.0,10:18:56
sh603324,盛剑科技,26.04,0.12,0.463,26.03,26.04,25.92,26.2,26.3,25.92,640480.0,16700577.0,10:18:56
sh603325,博隆技术,75.25,0.72,0.966,75.23,75.26,74.53,74.74,75.35,74.7,163260.0,12257782.0,10:18:51
sh603326,我乐家居,8.63,0.08,0.936,8.62,8.63,8.55,8.6,8.64,8.55,1014800.0,8725099.0,10:18:56
sh603327,福蓉科技,10.53,-0.01,-0.095,10.52,10.54,10.54,10.54,10.56,10.22,41815028.0,433662505.0,10:18:54
sh603328,依顿电子,12.97,0.29,2.287,12.96,12.98,12.68,12.63,12.99,12.63,11794966.0,151253723.0,10:18:56
sh603329,上海雅仕,10.31,-0.01,-0.097,10.31,10.32,10.32,10.32,10.34,10.21,497030.0,5118925.0,10:18:56
sh603330,天洋新材,6.76,0.07,1.046,6.75,6.76,6.69,6.68,6.79,6.63,1139024.0,7636598.0,10:18:51
sh603331,百达精工,15.21,0.08,0.529,15.2,15.21,15.13,15.23,15.25,15.09,1391800.0,21117912.0,10:18:54
sh603332,苏州龙杰,12.91,0.04,0.311,12.9,12.91,12.87,12.84,12.98,12.76,842282.0,10834996.0,10:18:54
sh603333,尚纬股份,7.72,-0.04,-0.515,7.71,7.72,7.76,7.74,7.82,7.66,2288500.0,17614780.0,10:18:48
sh603334,丰倍生物,54.29,0.63,1.174,54.29,54.3,53.66,54.0,54.51,53.41,513500.0,27806998.0,10:18:54
sh603335,迪生力,6.03,0.14,2.377,6.03,6.04,5.89,5.97,6.1,5.87,7252800.0,43536328.0,10:18:55
sh603336,宏辉果蔬,9.23,-0.1,-1.072,9.23,9.24,9.33,9.33,9.38,9.2,2403500.0,22256169.0,10:18:47
sh603337,杰克科技,40.06,0.41,1.034,40.0,40.05,39.65,39.84,40.11,39.4,803205.0,31923823.0,10:18:54
sh603338,浙江鼎力,50.74,1.17,2.36,50.74,50.76,49.57,49.88,52.0,49.81,3608118.0,185025276.0,10:18:56
sh603339,四方科技,13.11,0.0,0.0,13.1,13.11,13.11,13.1,13.15,13.04,371582.0,4860662.0,10:18:51
sh603341,龙旗科技,39.07,0.32,0.826,39.06,39.07,38.75,38.91,39.28,38.71,2610755.0,101926118.0,10:18:55
sh603344,星德胜,27.93,0.18,0.649,27.92,27.95,27.75,27.93,28.05,27.7,449565.0,12549484.0,10:18:53
sh603345,安井食品,94.76,-0.04,-0.042,94.76,94.8,94.8,95.5,95.93,94.61,1125500.0,107223238.0,10:18:54
sh603348,文灿股份,20.28,0.02,0.099,20.27,20.28,20.26,20.2,20.44,20.14,1124922.0,22744145.0,10:18:56
sh603350,安乃达,37.0,0.27,0.735,36.99,37.0,36.73,36.76,37.72,36.67,705300.0,26081104.0,10:18:56
sh603351,威尔药业,26.6,0.81,3.141,26.55,26.6,25.79,25.87,26.78,25.64,762320.0,20125854.0,10:18:55
sh603352,至信股份,38.45,-0.18,-0.466,38.46,38.47,38.63,38.68,38.77,38.35,683600.0,26290085.0,10:18:56
sh603353,和顺石油,38.39,-0.26,-0.673,38.39,38.4,38.65,38.66,38.75,38.02,1452100.0,55677035.0,10:18:55
sh603355,莱克电气,27.36,-1.52,-5.263,27.36,27.37,28.88,28.75,28.75,27.34,2652800.0,73974874.0,10:18:56
sh603356,华菱精工,15.88,0.27,1.73,15.88,15.89,15.61,15.6,16.16,15.35,2439400.0,38573400.0,10:18:56
sh603357,设计总院,8.07,0.0,0.0,8.07,8.08,8.07,8.08,8.09,8.05,944040.0,7619403.0,10:18:56
sh603358,华达科技,34.79,2.18,6.685,34.79,34.8,32.61,33.27,35.32,33.27,10817545.0,371180439.0,10:18:56
sh603359,东珠生态,5.79,0.05,0.871,5.77,5.79,5.74,5.78,5.8,5.72,1717000.0,9883136.0,10:18:55
sh603360,百傲化学,26.16,-0.24,-0.909,26.16,26.17,26.4,26.37,26.46,26.1,2264200.0,59365702.0,10:18:55
sh603363,傲农生物,4.21,-0.08,-1.865,4.2,4.21,4.29,4.28,4.28,4.16,25699600.0,108077656.0,10:18:56
sh603365,水星家纺,20.96,0.13,0.624,20.96,20.97,20.83,20.83,21.27,20.81,983500.0,20739428.0,10:18:55
sh603366,日出东方,8.78,-0.09,-1.015,8.78,8.79,8.87,8.8,8.84,8.73,6809520.0,59706110.0,10:18:54
sh603367,辰欣药业,16.22,-0.19,-1.158,16.21,16.22,16.41,16.31,16.35,16.13,3236500.0,52480603.0,10:18:51
sh603368,柳药集团,17.04,-0.15,-0.873,17.03,17.04,17.19,17.13,17.19,16.95,2257732.0,38502220.0,10:18:52
sh603369,今世缘,26.34,-0.12,-0.454,26.33,26.34,26.46,26.44,26.6,26.22,2211300.0,58289339.0,10:18:53
sh603370,华新精科,44.24,-0.02,-0.045,44.25,44.27,44.26,44.1,44.39,44.1,121564.0,5376066.0,10:18:55
sh603373,安邦护卫,40.75,0.31,0.767,40.69,40.76,40.44,40.45,40.81,40.1,424266.0,17182907.0,10:18:55
sh603375,盛景微,39.43,0.18,0.459,39.43,39.44,39.25,39.24,39.63,38.9,532500.0,20876249.0,10:18:56
sh603376,大明电子,33.66,0.21,0.628,33.65,33.67,33.45,33.79,33.97,33.65,461100.0,15587456.0,10:18:54
sh603377,ST东时,3.77,0.06,1.617,3.76,3.77,3.71,3.71,3.8,3.71,3429138.0,12874652.0,10:18:50
sh603378,亚士创能,5.44,0.03,0.555,5.43,5.44,5.41,5.43,5.45,5.35,1941950.0,10498088.0,10:18:49
sh603379,三美股份,62.1,0.41,0.665,62.1,62.14,61.69,61.68,62.4,61.5,1385354.0,86127804.0,10:18:55
sh603380,易德龙,36.5,-0.18,-0.491,36.5,36.53,36.68,36.41,36.63,36.08,818800.0,29710597.0,10:18:53
sh603381,永臻股份,23.03,0.33,1.454,23.03,23.04,22.7,22.71,23.24,22.58,2174400.0,49745424.0,10:18:54
sh603382,海阳科技,27.07,0.05,0.185,27.06,27.07,27.02,27.14,27.14,26.97,131100.0,3545844.0,10:18:41
sh603383,顶点软件,32.99,1.36,4.3,32.95,32.99,31.63,31.94,33.7,31.94,7886270.0,259952390.0,10:18:54
sh603385,惠达卫浴,6.42,0.02,0.312,6.41,6.42,6.4,6.44,6.44,6.37,1156230.0,7406283.0,10:18:56
sh603386,骏亚科技,14.19,0.23,1.648,14.18,14.19,13.96,13.96,14.2,13.77,1972500.0,27663581.0,10:18:54
sh603387,基蛋生物,9.8,-0.36,-3.543,9.8,9.81,10.16,10.01,10.04,9.72,14212773.0,139534965.0,10:18:55
sh603389,*ST亚振,48.71,-0.04,-0.082,48.71,48.8,48.75,48.75,49.8,48.43,603660.0,29583818.0,10:18:53
sh603390,通达电气,11.9,0.03,0.253,11.89,11.9,11.87,11.94,11.96,11.82,1218292.0,14473966.0,10:18:50
sh603391,力聚热能,66.02,-1.59,-2.352,65.92,66.01,67.61,67.61,67.61,65.63,522431.0,34606304.0,10:18:50
sh603392,万泰生物,39.29,-0.11,-0.279,39.29,39.3,39.4,39.4,39.65,39.16,719300.0,28262237.0,10:18:52
sh603393,新天然气,33.43,0.72,2.201,33.4,33.43,32.71,32.71,33.58,32.32,3201858.0,104898818.0,10:18:52
sh603395,红四方,27.89,0.02,0.072,27.88,27.89,27.87,27.88,27.97,27.74,693830.0,19316527.0,10:18:52
sh603396,金辰股份,35.34,0.1,0.284,35.34,35.35,35.24,35.2,35.49,34.74,1099342.0,38645401.0,10:18:52
sh603398,*ST沐邦,12.71,-0.19,-1.473,12.71,12.72,12.9,12.9,12.9,12.52,3722416.0,47165735.0,10:18:47
sh603399,永杉锂业,12.88,0.83,6.888,12.87,12.88,12.05,12.05,13.26,12.05,53074456.0,682309385.0,10:18:51
sh603400,华之杰,69.27,0.67,0.977,69.26,69.37,68.6,68.65,70.15,68.2,382422.0,26464378.0,10:18:48
sh603402,陕西旅游,138.65,-0.21,-0.151,138.66,138.74,138.86,137.29,138.8,137.12,484500.0,66808448.0,10:18:52
sh603406,天富龙,34.5,0.0,0.0,34.49,34.5,34.5,34.41,34.68,34.39,188112.0,6491557.0,10:18:45
sh603408,建霖家居,12.1,0.12,1.002,12.08,12.1,11.98,12.02,12.11,11.99,359900.0,4332252.0,10:18:51
sh603409,汇通控股,41.83,-0.18,-0.428,41.83,41.86,42.01,42.0,42.3,41.58,870900.0,36411338.0,10:18:52
sh603416,信捷电气,49.97,0.69,1.4,49.96,49.97,49.28,49.9,50.68,49.58,975922.0,48907046.0,10:18:50
sh603418,友升股份,51.33,0.05,0.098,51.33,51.34,51.28,51.39,51.58,51.24,173846.0,8933062.0,10:18:50
sh603421,鼎信通讯,8.17,-0.15,-1.803,8.17,8.18,8.32,8.33,8.37,8.16,7960500.0,65381005.0,10:18:53
sh603429,*ST集友,9.55,-0.37,-3.73,9.54,9.58,9.92,9.92,10.01,9.55,2283700.0,22178116.0,10:18:50
sh603439,三力制药,11.08,-0.05,-0.449,11.07,11.08,11.13,11.13,11.19,11.03,841700.0,9332200.0,10:18:41
sh603444,吉比特,382.06,-11.28,-2.868,382.06,382.1,393.34,391.34,391.34,380.0,2295657.0,879076821.0,10:18:52
sh603456,九洲药业,17.38,-0.09,-0.515,17.38,17.39,17.47,17.46,17.57,17.26,4119312.0,71529085.0,10:18:52
sh603458,勘设股份,11.74,0.34,2.982,11.73,11.74,11.4,11.4,11.78,11.17,6988812.0,80172065.0,10:18:50
sh603459,红板科技,67.97,-0.43,-0.629,67.89,67.97,68.4,70.0,70.0,64.0,25866531.0,1718612919.0,10:18:52
sh603466,风语筑,9.41,0.05,0.534,9.4,9.41,9.36,9.41,9.45,9.36,4230544.0,39747894.0,10:18:50
sh603477,巨星农牧,18.68,-0.19,-1.007,18.67,18.68,18.87,18.86,19.0,18.37,10804490.0,201978341.0,10:18:50
sh603486,科沃斯,62.91,0.3,0.479,62.91,62.93,62.61,62.68,63.66,62.67,2141102.0,135239902.0,10:18:52
sh603488,展鹏科技,11.55,0.65,5.963,11.53,11.55,10.9,10.89,11.74,10.78,8661680.0,97688259.0,10:18:50
sh603489,八方股份,34.09,0.09,0.265,34.08,34.09,34.0,33.95,34.61,33.95,1009060.0,34518047.0,10:18:52
sh603496,恒为科技,29.49,0.63,2.183,29.48,29.49,28.86,28.97,29.5,28.97,4467191.0,130950340.0,10:18:52
sh603499,翔港科技,21.8,-0.06,-0.274,21.79,21.8,21.86,21.85,22.04,21.71,1075860.0,23499416.0,10:18:51
sh603500,祥和实业,11.22,0.03,0.268,11.21,11.22,11.19,11.19,11.26,11.16,1160140.0,12992859.0,10:18:49
sh603501,豪威集团,93.51,1.2,1.3,93.47,93.51,92.31,92.75,93.54,92.49,6364677.0,592057337.0,10:18:51
sh603505,金石资源,17.71,0.1,0.568,17.7,17.71,17.61,17.63,17.86,17.56,3244204.0,57663895.0,10:18:51
sh603506,南都物业,12.25,0.07,0.575,12.24,12.25,12.18,12.17,12.26,12.14,444740.0,5419941.0,10:18:49
sh603507,振江股份,44.71,-0.42,-0.931,44.7,44.71,45.13,45.2,46.34,44.67,4444978.0,201041421.0,10:18:50
sh603508,思维列控,24.22,-0.07,-0.288,24.22,24.23,24.29,24.28,24.36,24.22,1083028.0,26299827.0,10:18:50
sh603511,爱慕股份,14.23,0.0,0.0,14.22,14.23,14.23,14.28,14.28,14.15,217800.0,3092091.0,10:18:51
sh603515,欧普照明,20.12,0.35,1.77,20.12,20.13,19.77,19.9,20.17,19.78,962600.0,19272263.0,10:18:49
sh603516,淳中科技,143.8,0.47,0.328,143.77,143.8,143.33,143.82,144.86,141.38,1978194.0,283246302.0,10:18:52
sh603517,ST绝味,12.83,0.06,0.47,12.83,12.85,12.77,12.75,12.9,12.73,641800.0,8242588.0,10:18:50
sh603518,锦泓集团,8.99,0.08,0.898,8.98,8.99,8.91,8.96,9.02,8.88,1242800.0,11137387.0,10:18:52
sh603519,立霸股份,14.23,0.12,0.85,14.23,14.24,14.11,14.07,14.44,14.02,2428700.0,34589999.0,10:18:52
sh603520,司太立,11.03,-0.13,-1.165,11.02,11.03,11.16,11.16,11.16,10.88,10034488.0,109898606.0,10:18:51
sh603527,众源新材,11.8,0.18,1.549,11.8,11.81,11.62,11.79,12.06,11.7,12973757.0,154198859.0,10:18:51
sh603528,多伦科技,8.18,0.06,0.739,8.17,8.18,8.12,8.13,8.19,8.1,1603700.0,13064048.0,10:18:52
sh603529,爱玛科技,29.22,-0.04,-0.137,29.21,29.22,29.26,29.1,29.3,28.85,3246491.0,94670151.0,10:18:52
sh603530,神马电力,61.44,0.03,0.049,61.43,61.44,61.41,61.17,61.98,58.36,4525478.0,274131931.0,10:18:53
sh603533,掌阅科技,25.76,0.32,1.258,25.76,25.77,25.44,25.66,26.22,25.56,8166002.0,211211557.0,10:18:52
sh603535,嘉诚国际,8.33,0.02,0.241,8.32,8.33,8.31,8.31,8.34,8.29,612800.0,5094708.0,10:18:52
sh603536,惠发食品,9.82,-0.23,-2.289,9.82,9.83,10.05,9.99,10.03,9.66,3562440.0,34826539.0,10:18:52
sh603538,美诺华,54.68,-0.82,-1.477,54.67,54.68,55.5,55.5,56.88,54.21,35985132.0,1990839799.0,10:18:52
sh603551,奥普科技,11.92,-0.04,-0.334,11.91,11.92,11.96,11.9,12.03,11.87,558900.0,6678380.0,10:18:50
sh603556,海兴电力,35.67,-0.93,-2.541,35.67,35.71,36.6,36.59,36.59,35.63,1761803.0,63390468.0,10:18:50
sh603557,ST起步,4.1,0.03,0.737,4.1,4.12,4.07,4.06,4.16,4.04,2845771.0,11687168.0,10:18:51
sh603558,健盛集团,13.7,0.38,2.853,13.7,13.71,13.32,13.38,13.8,13.35,4565900.0,62333274.0,10:18:52
sh603559,ST通脉,7.13,0.02,0.281,7.13,7.14,7.11,7.11,7.13,7.05,597400.0,4228984.0,10:18:50
sh603565,中谷物流,11.7,0.1,0.862,11.69,11.7,11.6,11.65,11.83,11.62,6339206.0,74357444.0,10:18:51
sh603566,普莱柯,12.8,-0.05,-0.389,12.8,12.81,12.85,12.89,12.89,12.76,1114700.0,14281786.0,10:18:51
sh603567,珍宝岛,6.82,-0.08,-1.159,6.82,6.83,6.9,6.88,6.96,6.77,8889280.0,60842301.0,10:18:50
sh603568,伟明环保,24.59,0.02,0.081,24.58,24.59,24.57,24.58,24.75,24.44,858099.0,21140840.0,10:18:50
sh603569,长久物流,6.82,-0.02,-0.292,6.81,6.82,6.84,6.81,6.87,6.79,878300.0,5993720.0,10:18:53
sh603577,汇金通,11.0,-0.14,-1.257,10.99,11.0,11.14,11.06,11.24,10.9,2998800.0,33017014.0,10:18:50
sh603578,三星新材,12.44,-0.03,-0.241,12.43,12.44,12.47,12.45,12.47,12.36,815100.0,10115274.0,10:18:49
sh603579,荣泰健康,20.13,0.02,0.099,20.13,20.14,20.11,20.08,20.23,19.98,993600.0,19943286.0,10:18:49
sh603580,*ST艾艾,18.49,0.05,0.271,18.48,18.49,18.44,18.0,18.95,18.0,765500.0,14146279.0,10:18:51
sh603583,捷昌驱动,33.39,0.24,0.724,33.39,33.41,33.15,33.32,33.56,33.2,877800.0,29312416.0,10:18:46
sh603585,苏利股份,24.91,-0.06,-0.24,24.91,24.96,24.97,25.47,25.47,24.73,6396554.0,160515667.0,10:18:50
sh603586,金麒麟,18.21,-0.01,-0.055,18.19,18.22,18.22,18.21,18.38,18.11,538700.0,9794278.0,10:18:50
sh603587,地素时尚,12.38,0.05,0.406,12.37,12.38,12.33,12.33,12.43,12.3,435500.0,5386921.0,10:18:52
sh603588,高能环境,15.16,-0.04,-0.263,15.15,15.16,15.2,15.22,15.46,15.03,28189490.0,429197677.0,10:18:51
sh603589,口子窖,24.97,-0.02,-0.08,24.96,24.97,24.99,24.9,25.08,24.88,704226.0,17587198.0,10:18:51
sh603590,康辰药业,38.84,-0.27,-0.69,38.83,38.85,39.11,39.0,39.1,38.35,872400.0,33779607.0,10:18:52
sh603595,ST东尼,16.6,0.16,0.973,16.57,16.6,16.44,16.44,16.81,16.44,977760.0,16288512.0,10:18:50
sh603596,伯特利,46.68,0.88,1.921,46.68,46.69,45.8,46.76,47.1,46.28,5403007.0,252056186.0,10:18:50
sh603598,引力传媒,21.19,0.37,1.777,21.19,21.2,20.82,20.97,21.26,20.95,6026100.0,127292162.0,10:18:53
sh603599,广信股份,14.22,0.02,0.141,14.21,14.22,14.2,14.21,14.34,14.1,1998876.0,28499487.0,10:18:52
sh603600,永艺股份,11.24,0.1,0.898,11.23,11.24,11.14,11.15,11.32,11.15,1426200.0,16042476.0,10:18:52
sh603601,再升科技,14.68,0.36,2.514,14.68,14.69,14.32,14.31,14.85,14.18,97679709.0,1422583946.0,10:18:50
sh603602,纵横通信,13.19,0.17,1.306,13.19,13.2,13.02,13.07,13.2,13.01,835400.0,10952946.0,10:18:51
sh603605,珀莱雅,59.28,-0.49,-0.82,59.27,59.28,59.77,59.84,59.85,59.08,1380005.0,81799068.0,10:18:49
sh603606,东方电缆,59.67,0.47,0.794,59.66,59.67,59.2,59.49,59.7,58.86,2895978.0,172035106.0,10:18:59
sh603607,京华激光,22.47,0.13,0.582,22.47,22.48,22.34,22.3,22.57,22.3,563152.0,12635957.0,10:19:01
sh603608,天创时尚,11.53,0.02,0.174,11.52,11.53,11.51,11.5,11.74,11.4,6194020.0,71421110.0,10:19:01
sh603609,禾丰股份,7.02,-0.07,-0.987,7.01,7.02,7.09,7.06,7.1,6.99,1170250.0,8233343.0,10:18:59
sh603610,麒盛科技,15.43,-0.12,-0.772,15.43,15.45,15.55,15.69,15.69,15.12,3834400.0,58658368.0,10:19:01
sh603611,诺力股份,20.59,0.1,0.488,20.58,20.59,20.49,20.55,20.65,20.44,666800.0,13712220.0,10:18:59
sh603612,索通发展,27.2,0.72,2.719,27.18,27.2,26.48,26.47,27.46,26.47,8708709.0,237107800.0,10:19:02
sh603613,国联股份,27.25,0.08,0.294,27.25,27.26,27.17,27.2,27.33,26.9,4637475.0,125941738.0,10:18:59
sh603615,茶花股份,19.44,0.28,1.461,19.44,19.45,19.16,19.15,19.6,19.04,1546700.0,30019677.0,10:18:58
sh603616,韩建河山,6.35,0.02,0.316,6.34,6.35,6.33,6.36,6.37,6.28,3112900.0,19688347.0,10:19:01
sh603617,君禾股份,7.39,0.07,0.956,7.38,7.39,7.32,7.38,7.42,7.31,1257800.0,9252184.0,10:18:59
sh603618,杭电股份,22.18,0.56,2.59,22.16,22.18,21.62,21.77,22.57,21.4,36072394.0,799060009.0,10:19:01
sh603619,中曼石油,34.29,-0.55,-1.579,34.29,34.3,34.84,34.66,34.88,33.91,6996756.0,239316642.0,10:19:00
sh603626,科森科技,24.11,0.01,0.041,24.11,24.12,24.1,25.03,25.95,23.74,21318394.0,522123238.0,10:19:01
sh603628,清源股份,13.27,0.02,0.151,13.27,13.28,13.25,13.22,13.31,13.1,2129000.0,28167149.0,10:19:01
sh603629,利通电子,93.46,5.51,6.265,93.4,93.46,87.95,87.95,95.95,87.95,28370466.0,2615907013.0,10:19:00
sh603630,拉芳家化,16.17,0.05,0.31,16.17,16.18,16.12,16.11,16.2,15.98,693000.0,11137704.0,10:19:00
sh603633,徕木股份,7.94,-0.12,-1.489,7.94,7.95,8.06,8.04,8.16,7.9,7964735.0,63411708.0,10:18:59
sh603636,南威软件,9.28,0.08,0.87,9.27,9.28,9.2,9.2,9.28,9.2,1448100.0,13360561.0,10:19:01
sh603637,镇海股份,13.99,-0.19,-1.34,13.98,13.99,14.18,14.18,14.32,13.88,3810546.0,53404204.0,10:19:00
sh603638,艾迪精密,20.5,0.27,1.335,20.49,20.5,20.23,20.33,20.58,20.23,1822000.0,37305259.0,10:18:56
sh603639,海利尔,13.22,-0.03,-0.226,13.22,13.23,13.25,13.3,13.3,13.15,669796.0,8843865.0,10:19:02
sh603648,畅联股份,9.84,-0.01,-0.102,9.83,9.84,9.85,9.85,9.85,9.79,298600.0,2934249.0,10:18:55
sh603650,彤程新材,52.46,0.06,0.115,52.45,52.46,52.4,52.35,52.68,52.01,2139506.0,112102410.0,10:19:01
sh603655,朗博科技,39.47,0.03,0.076,39.47,39.48,39.44,39.66,39.85,39.19,370600.0,14626157.0,10:19:01
sh603656,泰禾智能,20.48,-0.07,-0.341,20.45,20.48,20.55,20.58,20.58,20.43,405500.0,8312562.0,10:18:54
sh603657,春光科技,25.7,0.04,0.156,25.7,25.71,25.66,25.65,26.13,25.41,736600.0,19032257.0,10:19:01
sh603658,安图生物,34.28,-0.14,-0.407,34.26,34.28,34.42,34.52,34.52,34.21,611300.0,20972842.0,10:19:01
sh603659,璞泰来,35.48,0.59,1.691,35.49,35.5,34.89,35.46,36.45,34.8,36491421.0,1302645056.0,10:19:01
sh603660,苏州科达,10.19,0.05,0.493,10.19,10.2,10.14,10.13,10.26,10.06,5470830.0,55648660.0,10:19:00
sh603661,恒林股份,31.23,0.32,1.035,31.22,31.23,30.91,30.97,31.28,30.9,195400.0,6078611.0,10:18:59
sh603662,柯力传感,56.85,0.36,0.637,56.83,56.85,56.49,57.29,57.31,56.6,953140.0,54294256.0,10:19:02
sh603663,三祥新材,43.91,0.63,1.456,43.91,43.93,43.28,43.5,44.2,43.12,2651175.0,115829760.0,10:18:59
sh603665,康隆达,28.03,-0.27,-0.954,28.03,28.05,28.3,28.4,28.4,27.97,564000.0,15850632.0,10:18:56
sh603666,亿嘉和,26.14,0.25,0.966,26.13,26.14,25.89,25.89,26.19,25.84,680440.0,17687242.0,10:19:01
sh603667,五洲新春,70.6,0.41,0.584,70.6,70.68,70.19,72.9,73.48,70.6,12879099.0,924683070.0,10:19:02
sh603668,天马科技,13.19,-0.08,-0.603,13.18,13.19,13.27,13.23,13.48,13.15,8198906.0,108608093.0,10:19:01
sh603669,灵康药业,4.62,-0.09,-1.911,4.61,4.62,4.71,4.64,4.72,4.58,8209476.0,37972134.0,10:18:57
sh603676,卫信康,10.44,-0.15,-1.416,10.43,10.44,10.59,10.59,10.59,10.4,854100.0,8931471.0,10:19:02
sh603677,奇精机械,15.69,0.02,0.128,15.68,15.69,15.67,15.73,15.77,15.52,231800.0,3627345.0,10:19:02
sh603678,火炬电子,33.09,-0.02,-0.06,33.07,33.08,33.11,33.11,33.29,32.9,2565970.0,84856656.0,10:19:00
sh603679,华体科技,13.8,0.09,0.656,13.8,13.81,13.71,13.7,13.9,13.56,1417542.0,19404530.0,10:18:59
sh603680,今创集团,13.36,0.35,2.69,13.36,13.37,13.01,13.07,13.65,13.05,3570000.0,47813546.0,10:19:01
sh603681,永冠新材,18.12,-0.02,-0.11,18.11,18.12,18.14,18.14,18.22,17.96,1547615.0,28038365.0,10:19:00
sh603682,锦和商管,7.15,0.15,2.143,7.14,7.15,7.0,7.01,7.16,6.95,9646300.0,68278875.0,10:19:02
sh603683,晶华新材,28.23,0.04,0.142,28.23,28.24,28.19,28.13,28.6,28.08,6539935.0,185438514.0,10:19:01
sh603685,晨丰科技,28.96,-0.33,-1.127,28.96,29.08,29.29,29.58,29.58,28.8,1030883.0,30006394.0,10:19:00
sh603686,福龙马,18.7,0.21,1.136,18.7,18.71,18.49,18.5,18.85,18.4,4189820.0,77986962.0,10:19:00
sh603687,大胜达,19.84,1.8,9.978,19.84,0.0,18.04,19.0,19.84,18.66,43021812.0,838356892.0,10:18:59
sh603688,石英股份,52.15,0.35,0.676,52.14,52.15,51.8,51.74,52.66,51.03,10717108.0,554057775.0,10:19:01
sh603689,皖天然气,8.11,-0.01,-0.123,8.1,8.11,8.12,8.12,8.12,8.1,850701.0,6899360.0,10:18:53
sh603690,至纯科技,25.3,-0.11,-0.433,25.28,25.3,25.41,25.48,25.5,25.13,2344881.0,59232251.0,10:19:01
sh603693,江苏新能,14.0,0.02,0.143,14.0,14.01,13.98,13.97,14.1,13.75,4781386.0,66824845.0,10:19:00
sh603696,安记食品,15.65,0.0,0.0,15.64,15.65,15.65,15.59,15.68,15.36,1761100.0,27357942.0,10:18:58
sh603697,有友食品,9.87,0.0,0.0,9.87,9.88,9.87,9.86,9.9,9.8,1110760.0,10933994.0,10:18:59
sh603698,航天工程,41.74,2.21,5.591,41.72,41.74,39.53,38.2,42.0,38.19,41340582.0,1684278093.0,10:19:01
sh603699,纽威股份,52.25,1.13,2.21,52.19,52.26,51.12,51.45,52.65,51.15,2095216.0,109216641.0,10:19:01
sh603700,宁水集团,13.44,0.09,0.674,13.44,13.45,13.35,13.45,13.48,13.33,689300.0,9233204.0,10:18:51
sh603701,德宏股份,24.33,0.27,1.122,24.29,24.33,24.06,24.05,24.67,24.05,1836800.0,44787441.0,10:18:59
sh603703,盛洋科技,13.29,0.2,1.528,13.28,13.29,13.09,13.23,13.85,13.18,4076910.0,54412463.0,10:18:59
sh603706,东方环宇,19.34,-0.11,-0.566,19.33,19.34,19.45,19.44,19.48,19.27,193700.0,3751414.0,10:19:00
sh603707,健友股份,9.72,-0.11,-1.119,9.71,9.72,9.83,9.83,9.85,9.69,5220500.0,50850087.0,10:19:02
sh603708,家家悦,11.39,-0.01,-0.088,11.38,11.39,11.4,11.44,11.44,11.34,754500.0,8587910.0,10:19:00
sh603709,中源家居,16.73,0.17,1.027,16.72,16.74,16.56,16.63,16.75,16.5,363500.0,6050378.0,10:19:01
sh603711,香飘飘,12.45,0.0,0.0,12.44,12.45,12.45,12.45,12.48,12.38,348200.0,4327612.0,10:19:02
sh603712,七一二,16.47,0.0,0.0,16.46,16.47,16.47,16.48,16.52,16.34,2177400.0,35715608.0,10:18:59
sh603713,密尔克卫,60.55,0.44,0.732,60.51,60.56,60.11,60.26,60.65,59.91,387100.0,23324348.0,10:19:01
sh603716,塞力医疗,23.15,-0.95,-3.942,23.13,23.15,24.1,23.72,23.72,23.0,11023284.0,255872256.0,10:19:02
sh603717,天域生物,6.76,-0.28,-3.977,6.76,6.77,7.04,7.03,7.03,6.75,5653000.0,38541368.0,10:19:00
sh603718,海利生物,4.53,0.04,0.891,4.52,4.53,4.49,4.52,4.57,4.5,5774500.0,26178242.0,10:18:59
sh603719,良品铺子,10.09,0.03,0.298,10.09,10.1,10.06,10.07,10.1,10.01,858200.0,8628830.0,10:19:02
sh603721,*ST天择,22.23,0.49,2.254,22.23,22.24,21.74,22.0,22.65,21.98,1506400.0,33556419.0,10:18:56
sh603722,阿科力,35.82,0.25,0.703,35.81,35.82,35.57,35.57,36.35,35.2,394800.0,14214241.0,10:19:00
sh603725,天安新材,8.91,-0.01,-0.112,8.91,8.92,8.92,8.96,9.02,8.86,2711300.0,24233513.0,10:19:01
sh603726,朗迪集团,23.69,0.14,0.594,23.69,23.71,23.55,23.55,23.75,23.42,593872.0,14001461.0,10:19:00
sh603727,博迈科,19.19,-0.53,-2.688,19.18,19.19,19.72,19.66,19.69,19.1,2767602.0,53228162.0,10:18:56
sh603728,鸣志电器,59.12,0.55,0.939,59.12,59.14,58.57,59.51,59.99,59.0,2100900.0,124756144.0,10:19:00
sh603729,龙韵股份,16.54,0.12,0.731,16.54,16.55,16.42,16.5,16.58,16.39,639200.0,10521430.0,10:18:55
sh603730,岱美股份,9.61,0.26,2.781,9.59,9.6,9.35,9.53,9.75,9.46,11682068.0,112063789.0,10:19:00
sh603733,仙鹤股份,21.65,-0.01,-0.046,21.65,21.67,21.66,21.43,21.82,21.43,645100.0,14018885.0,10:19:01
sh603737,三棵树,50.08,0.07,0.14,50.05,50.08,50.01,50.15,50.8,49.82,948094.0,47730537.0,10:19:01
sh603738,泰晶科技,27.76,0.61,2.247,27.75,27.76,27.15,27.16,28.19,26.8,17594468.0,482731783.0,10:18:59
sh603739,蔚蓝生物,15.24,-0.01,-0.066,15.24,15.25,15.25,15.22,15.39,15.12,1287900.0,19595849.0,10:18:58
sh603755,日辰股份,28.42,0.07,0.247,28.42,28.43,28.35,28.34,28.53,28.16,251400.0,7110470.0,10:18:58
sh603757,大元泵业,58.4,0.52,0.898,58.3,58.39,57.88,57.2,59.18,56.07,7380508.0,424193514.0,10:18:59
sh603758,秦安股份,12.8,0.1,0.787,12.78,12.8,12.7,12.71,12.83,12.71,615190.0,7848951.0,10:18:59
sh603759,海天股份,9.34,0.0,0.0,9.34,9.35,9.34,9.34,9.37,9.28,971950.0,9061865.0,10:19:01
sh603766,隆鑫通用,15.52,0.2,1.305,15.53,15.54,15.32,15.25,15.81,15.2,11021300.0,172422969.0,10:19:00
sh603767,中马传动,18.65,0.15,0.811,18.65,18.66,18.5,18.65,18.7,18.5,771600.0,14349943.0,10:18:58
sh603768,常青股份,11.01,0.14,1.288,11.0,11.01,10.87,10.88,11.04,10.86,606600.0,6638806.0,10:18:58
sh603773,沃格光电,47.71,-1.81,-3.655,47.69,47.7,49.52,49.0,49.0,46.06,15201230.0,717923301.0,10:19:01
sh603776,永安行,19.14,0.25,1.323,19.14,19.15,18.89,19.09,19.23,18.88,627800.0,11954740.0,10:19:01
sh603777,来伊份,16.18,-0.34,-2.058,16.17,16.18,16.52,16.37,16.75,16.05,14594342.0,238748986.0,10:18:58
sh603778,国晟科技,28.13,1.32,4.924,28.13,28.14,26.81,24.13,28.47,24.13,130177798.0,3380058981.0,10:18:59
sh603779,威龙股份,6.18,0.03,0.488,6.17,6.19,6.15,6.15,6.19,6.1,1289000.0,7917290.0,10:18:50
sh603786,科博达,56.89,0.7,1.246,56.85,56.89,56.19,56.45,57.29,56.19,1178200.0,67015850.0,10:19:00
sh603787,新日股份,12.53,-0.07,-0.556,12.5,12.52,12.6,12.58,12.58,12.35,2710500.0,33744332.0,10:18:56
sh603788,宁波高发,15.75,0.14,0.897,15.74,15.75,15.61,15.71,15.76,15.6,468880.0,7360011.0,10:19:01
sh603789,*ST星农,5.36,0.03,0.563,5.35,5.36,5.33,5.33,5.36,5.31,519520.0,2771711.0,10:18:58
sh603790,雅运股份,22.15,0.57,2.641,22.12,22.15,21.58,21.7,22.19,21.51,908500.0,19819587.0,10:19:00
sh603797,联泰环保,4.66,0.0,0.0,4.65,4.66,4.66,4.63,4.66,4.6,1081100.0,5008637.0,10:18:51
sh603798,康普顿,16.7,0.01,0.06,16.7,16.71,16.69,16.69,16.82,16.51,1811682.0,30227244.0,10:19:00
sh603799,华友钴业,64.33,1.57,2.502,64.32,64.33,62.76,63.32,64.88,63.15,39303741.0,2522000206.0,10:18:58
sh603800,洪田股份,46.23,-0.29,-0.623,46.23,46.24,46.52,46.64,46.88,45.92,2584900.0,119661428.0,10:19:00
sh603801,志邦家居,9.02,-0.01,-0.111,9.02,9.03,9.03,9.05,9.1,9.02,552300.0,4993892.0,10:18:59
sh603803,瑞斯康达,15.03,-0.49,-3.157,15.03,15.04,15.52,15.0,15.35,14.6,43568098.0,653449082.0,10:19:01
sh603806,福斯特,17.76,0.01,0.056,17.75,17.76,17.75,17.73,17.91,17.51,11116670.0,197139786.0,10:18:59
sh603808,歌力思,10.08,-0.2,-1.946,10.08,10.09,10.28,10.27,10.37,10.0,6407200.0,64996466.0,10:19:01
sh603809,豪能股份,11.2,-0.03,-0.267,11.19,11.2,11.23,11.25,11.46,11.16,7964070.0,89632420.0,10:18:59
sh603810,丰山集团,15.53,-0.11,-0.703,15.53,15.55,15.64,15.81,15.81,15.4,678500.0,10529628.0,10:18:59
sh603811,诚意药业,12.16,-0.12,-0.977,12.15,12.16,12.28,12.38,12.38,12.12,3373440.0,41182711.0,10:19:00
sh603813,*ST原尚,28.17,0.51,1.844,28.17,28.18,27.66,26.53,28.5,26.53,884000.0,24411044.0,10:18:54
sh603815,交建股份,6.53,0.17,2.673,6.52,6.53,6.36,6.51,6.73,6.5,48365100.0,318501729.0,10:19:00
sh603816,顾家家居,30.97,0.33,1.077,30.96,30.97,30.64,30.99,31.29,30.57,3337400.0,103529099.0,10:19:00
sh603817,海峡环保,7.11,-0.08,-1.113,7.1,7.11,7.19,7.14,7.18,7.06,4563800.0,32422627.0,10:19:00
sh603818,曲美家居,3.38,-0.01,-0.295,3.37,3.38,3.39,3.4,3.4,3.36,3564900.0,12056254.0,10:18:58
sh603819,神力股份,13.91,0.03,0.216,13.91,13.92,13.88,13.86,13.94,13.6,2436500.0,33621493.0,10:19:00
sh603822,ST嘉澳,85.32,-0.66,-0.768,85.32,85.37,85.98,86.05,86.46,85.08,213000.0,18232912.0,10:18:59
sh603823,百合花,15.45,0.31,2.048,15.46,15.48,15.14,15.15,15.68,15.11,3262330.0,50573827.0,10:19:01
sh603825,ST华扬,8.3,0.05,0.606,8.29,8.3,8.25,8.26,8.32,8.23,217400.0,1800518.0,10:18:39
sh603826,坤彩科技,34.16,3.11,10.016,34.16,0.0,31.05,31.56,34.16,31.06,17519390.0,589163998.0,10:18:59
sh603828,ST柯利达,6.01,0.09,1.52,6.0,6.01,5.92,5.92,6.02,5.92,573500.0,3426645.0,10:18:53
sh603829,洛凯股份,27.29,-0.42,-1.516,27.28,27.29,27.71,27.73,27.8,27.25,1520500.0,41642924.0,10:19:01
sh603833,欧派家居,50.98,0.54,1.071,50.97,50.98,50.44,50.44,51.1,50.43,800195.0,40703357.0,10:19:01
sh603836,海程邦达,12.76,0.0,0.0,12.76,12.77,12.76,12.87,13.05,12.71,978500.0,12516259.0,10:18:57
sh603838,*ST四通,8.68,-0.1,-1.139,8.66,8.68,8.78,8.84,8.84,8.55,742900.0,6415797.0,10:18:50
sh603839,安正时尚,7.41,0.03,0.407,7.4,7.41,7.38,7.32,7.43,7.32,614800.0,4543003.0,10:19:00
sh603843,*ST正平,7.71,-0.33,-4.104,7.71,7.72,8.04,7.64,7.8,7.64,21947480.0,167854298.0,10:18:59
sh603848,好太太,15.45,0.12,0.783,15.44,15.45,15.33,15.32,15.47,15.32,411300.0,6329738.0,10:18:53
sh603855,华荣股份,19.63,0.03,0.153,19.62,19.63,19.6,19.59,19.69,19.5,457100.0,8958339.0,10:19:00
sh603856,东宏股份,12.69,0.05,0.396,12.69,12.7,12.64,12.7,12.74,12.61,719400.0,9119257.0,10:18:59
sh603858,步长制药,16.78,-0.23,-1.352,16.78,16.79,17.01,16.98,17.02,16.71,3793092.0,63852749.0,10:19:01
sh603859,能科科技,39.17,0.82,2.138,39.16,39.17,38.35,38.75,39.25,38.5,2254200.0,87702535.0,10:18:59
sh603860,中公高科,31.08,-0.01,-0.032,31.08,31.11,31.09,31.08,31.14,30.8,277100.0,8582986.0,10:19:01
sh603861,白云电器,16.19,-0.5,-2.996,16.17,16.18,16.69,16.58,16.61,16.01,7041500.0,114200173.0,10:18:59
sh603863,松炀资源,18.72,-0.3,-1.577,18.72,18.73,19.02,19.0,19.07,18.71,1935300.0,36461421.0,10:19:01
sh603866,桃李面包,5.01,0.02,0.401,5.01,5.02,4.99,4.98,5.02,4.97,2588960.0,12941949.0,10:18:56
sh603867,新化股份,33.02,0.84,2.61,33.02,33.04,32.18,32.73,33.28,32.0,2334000.0,76646933.0,10:19:00
sh603868,飞科电器,31.75,-0.06,-0.189,31.74,31.76,31.81,31.84,31.89,31.64,237600.0,7546252.0,10:18:54
sh603869,ST智知,10.48,0.01,0.096,10.47,10.48,10.47,10.52,10.53,10.41,269400.0,2818407.0,10:18:50
sh603871,嘉友国际,13.7,-0.34,-2.422,13.7,13.71,14.04,13.9,14.0,13.66,5781198.0,79613895.0,10:19:00
sh603876,鼎胜新材,24.81,0.11,0.445,24.81,24.82,24.7,24.93,25.31,24.4,20151783.0,503501189.0,10:18:58
sh603877,太平鸟,14.22,-0.02,-0.14,14.21,14.22,14.24,14.14,14.38,14.12,710100.0,10104995.0,10:18:55
sh603878,武进不锈,7.68,0.16,2.128,7.68,7.69,7.52,7.51,7.7,7.51,4371140.0,33351088.0,10:18:58
sh603879,永悦科技,5.33,0.05,0.947,5.32,5.33,5.28,5.27,5.34,5.26,2107900.0,11163875.0,10:18:59
sh603880,南卫股份,6.34,0.02,0.316,6.32,6.34,6.32,6.34,6.36,6.25,2328100.0,14695863.0,10:18:56
sh603881,数据港,41.75,1.45,3.598,41.73,41.75,40.3,40.95,41.91,40.6,37528396.0,1551114455.0,10:19:00
sh603882,金域医学,27.2,-0.02,-0.073,27.19,27.2,27.22,27.21,27.45,27.04,937681.0,25446214.0,10:18:59
sh603883,老百姓,13.66,-0.15,-1.086,13.65,13.66,13.81,13.79,13.81,13.62,3630400.0,49636723.0,10:18:59
sh603885,吉祥航空,11.98,-0.09,-0.746,11.97,11.98,12.07,12.08,12.18,11.91,6568400.0,78833451.0,10:19:00
sh603886,元祖股份,13.28,0.04,0.302,13.27,13.28,13.24,13.26,13.35,13.18,1047800.0,13888515.0,10:19:00
sh603887,城地香江,16.71,0.31,1.89,16.7,16.71,16.4,16.48,16.85,16.41,6905885.0,115295346.0,10:19:00
sh603888,新华网,20.24,0.21,1.048,20.23,20.24,20.03,20.08,20.25,20.07,2218336.0,44744470.0,10:19:00
sh603889,新澳股份,8.98,0.21,2.395,8.98,8.99,8.77,8.71,9.06,8.7,10135588.0,90687168.0,10:19:00
sh603890,春秋电子,18.86,0.15,0.802,18.88,18.9,18.71,18.55,19.3,18.0,57248814.0,1073919654.0,10:18:59
sh603893,瑞芯微,171.54,1.06,0.622,171.54,171.55,170.48,171.0,171.85,168.4,2475502.0,421485582.0,10:19:01
sh603895,天永智能,28.78,0.12,0.419,28.78,28.79,28.66,28.66,29.59,28.6,1459300.0,42248005.0,10:19:01
sh603896,寿仙谷,18.59,-0.09,-0.482,18.59,18.61,18.68,18.62,18.67,18.47,482570.0,8960246.0,10:18:59
sh603897,长城科技,50.6,4.6,10.0,50.6,0.0,46.0,46.1,50.6,46.1,10856207.0,543801014.0,10:18:57
sh603898,好莱客,13.38,-0.11,-0.815,13.38,13.45,13.49,13.52,13.52,13.33,621600.0,8316390.0,10:19:00
sh603899,晨光股份,25.85,0.3,1.174,25.85,25.87,25.55,25.7,26.18,25.55,1302200.0,33790745.0,10:19:00
sh603900,莱绅通灵,7.49,0.03,0.402,7.49,7.5,7.46,7.48,7.52,7.4,1370400.0,10215598.0,10:19:03
sh603901,永创智能,12.19,0.08,0.661,12.18,12.19,12.11,12.12,12.24,12.03,4692737.0,57058503.0,10:19:02
sh603903,中持股份,11.85,-0.01,-0.084,11.84,11.85,11.86,11.88,11.93,11.72,1186500.0,14027109.0,10:19:00
sh603906,龙蟠科技,25.05,2.28,10.013,25.05,0.0,22.77,24.1,25.05,24.1,21237104.0,527587055.0,10:19:02
sh603908,牧高笛,22.4,0.13,0.584,22.38,22.4,22.27,22.35,22.43,22.11,294633.0,6572552.0,10:18:55
sh603909,建发合诚,13.35,0.08,0.603,13.35,13.36,13.27,13.46,13.8,13.24,7724962.0,104399060.0,10:19:03
sh603912,佳力图,10.37,0.23,2.268,10.36,10.37,10.14,10.22,10.39,10.09,10780600.0,110831505.0,10:19:01
sh603915,国茂股份,15.46,0.0,0.0,15.45,15.47,15.46,15.47,15.57,15.34,1998540.0,30874543.0,10:19:01
sh603916,苏博特,10.64,-0.04,-0.375,10.64,10.65,10.68,10.67,10.72,10.6,1997100.0,21281409.0,10:19:02
sh603917,合力科技,13.03,0.03,0.231,13.02,13.03,13.0,13.07,13.13,12.99,1130900.0,14767824.0,10:19:02
sh603918,金桥信息,13.78,0.15,1.101,13.78,13.79,13.63,13.65,13.79,13.65,1814200.0,24919255.0,10:19:01
sh603919,金徽酒,17.99,-0.09,-0.498,17.99,18.0,18.08,17.95,18.23,17.93,1592900.0,28701374.0,10:19:02
sh603920,世运电路,58.86,5.35,9.998,58.86,0.0,53.51,58.86,58.86,58.86,11924024.0,701848053.0,10:19:00
sh603922,金鸿顺,19.57,0.32,1.662,19.55,19.57,19.25,19.25,19.7,19.21,923400.0,17938907.0,10:19:01
sh603926,铁流股份,17.84,0.18,1.019,17.83,17.84,17.66,17.72,18.0,17.51,1826245.0,32494844.0,10:19:02
sh603927,中科软,17.04,0.15,0.888,17.03,17.04,16.89,16.9,17.07,16.9,2061535.0,35043257.0,10:19:01
sh603928,兴业股份,14.7,-0.01,-0.068,14.7,14.72,14.71,14.71,14.75,14.61,806000.0,11819914.0,10:18:51
sh603929,亚翔集成,181.65,-3.62,-1.954,181.65,181.66,185.27,188.06,188.6,178.74,2751500.0,500457744.0,10:19:01
sh603931,格林达,27.92,0.07,0.251,27.89,27.92,27.85,27.84,27.98,27.58,657660.0,18276976.0,10:19:02
sh603933,睿能科技,22.75,0.07,0.309,22.75,22.76,22.68,22.8,22.91,22.38,3537660.0,80366052.0,10:19:03
sh603936,博敏电子,14.31,0.07,0.492,14.3,14.31,14.24,14.2,14.4,14.01,10335468.0,146941858.0,10:19:02
sh603937,丽岛新材,13.87,-0.04,-0.288,13.87,13.88,13.91,13.98,14.09,13.8,2075300.0,28968461.0,10:19:01
sh603938,三孚股份,26.25,-1.03,-3.776,26.25,26.26,27.28,26.88,27.0,26.18,7416877.0,196075348.0,10:19:02
sh603939,益丰药房,22.92,-0.24,-1.036,22.91,22.92,23.16,23.16,23.24,22.8,2582024.0,59315528.0,10:19:01
sh603948,建业股份,26.88,-0.05,-0.186,26.87,26.88,26.93,27.06,27.06,26.67,373400.0,10018241.0,10:19:01
sh603949,雪龙集团,18.55,-0.28,-1.487,18.54,18.55,18.83,18.57,19.23,18.35,4317654.0,80145002.0,10:19:03
sh603950,长源东谷,60.99,1.15,1.922,60.99,61.0,59.84,61.12,62.5,58.3,11971820.0,729692130.0,10:19:03
sh603955,大千生态,26.51,0.78,3.031,26.51,26.53,25.73,25.97,26.81,25.73,880900.0,23201199.0,10:19:01
sh603956,威派格,5.66,0.02,0.355,5.66,5.67,5.64,5.62,5.67,5.6,1704938.0,9606183.0,10:18:59
sh603958,哈森股份,23.93,-0.8,-3.235,23.92,23.93,24.73,24.51,24.99,23.75,6168600.0,149634834.0,10:19:00
sh603959,百利科技,6.89,0.26,3.922,6.88,6.89,6.63,6.66,7.15,6.61,25329360.0,175900973.0,10:19:01
sh603960,克来机电,24.7,0.38,1.563,24.7,24.71,24.32,24.18,24.92,24.17,6124102.0,151106575.0,10:19:01
sh603966,法兰泰克,13.98,-0.02,-0.143,13.98,13.99,14.0,14.01,14.22,13.93,3691000.0,51769774.0,10:19:03
sh603967,中创物流,12.88,0.0,0.0,12.88,12.89,12.88,12.87,12.99,12.84,776700.0,10029207.0,10:19:02
sh603968,醋化股份,11.67,-0.07,-0.596,11.67,11.68,11.74,11.68,11.72,11.6,2197400.0,25584627.0,10:19:00
sh603969,银龙股份,9.12,0.03,0.33,9.12,9.13,9.09,9.08,9.2,9.05,3022751.0,27649539.0,10:19:01
sh603970,中农立华,12.61,-0.01,-0.079,12.61,12.62,12.62,12.61,12.65,12.56,405600.0,5113830.0,10:19:01
sh603976,正川股份,19.98,-0.24,-1.187,19.99,20.02,20.22,20.28,20.28,19.81,558500.0,11154750.0,10:19:00
sh603977,国泰集团,14.34,-0.01,-0.07,14.33,14.34,14.35,14.43,14.65,14.3,5999924.0,86593487.0,10:19:02
sh603978,深圳新星,25.35,0.15,0.595,25.34,25.36,25.2,25.54,25.74,25.21,3951800.0,100911640.0,10:19:03
sh603979,金诚信,63.5,0.75,1.195,63.49,63.5,62.75,63.37,64.1,62.87,3015731.0,191725697.0,10:19:00
sh603980,吉华集团,6.31,0.01,0.159,6.3,6.31,6.3,6.28,6.35,6.26,6874800.0,43352773.0,10:19:03
sh603982,泉峰汽车,7.78,0.1,1.302,7.77,7.78,7.68,7.73,7.84,7.73,2821700.0,21980279.0,10:18:59
sh603983,丸美生物,24.36,-0.34,-1.377,24.36,24.37,24.7,24.7,24.72,24.23,680400.0,16589607.0,10:19:01
sh603985,恒润股份,23.52,1.21,5.424,23.45,23.52,22.31,22.63,23.88,22.38,37507580.0,876769919.0,10:19:02
sh603986,兆易创新,273.99,-0.01,-0.004,273.98,273.99,274.0,270.1,276.6,268.59,10925873.0,2986333663.0,10:19:01
sh603987,康德莱,8.87,-0.03,-0.337,8.86,8.87,8.9,8.88,8.9,8.82,1789550.0,15845038.0,10:19:02
sh603988,中电电机,26.3,-0.43,-1.609,26.3,26.31,26.73,26.73,26.73,26.14,3351900.0,88164175.0,10:19:01
sh603989,艾华集团,19.65,0.09,0.46,19.65,19.66,19.56,19.55,19.76,19.36,2079600.0,40635275.0,10:19:02
sh603990,麦迪科技,15.12,-0.05,-0.33,15.12,15.13,15.17,15.16,15.21,15.03,1812400.0,27368054.0,10:19:00
sh603991,至正股份,109.12,-0.82,-0.746,109.1,109.25,109.94,109.93,110.0,107.73,730500.0,79396230.0,10:19:00
sh603992,松霖科技,34.0,0.6,1.796,33.98,34.0,33.4,33.4,34.23,32.9,2005010.0,67551898.0,10:19:03
sh603993,洛阳钼业,20.13,0.16,0.801,20.12,20.13,19.97,19.98,20.3,19.98,88740572.0,1788670932.0,10:19:01
sh603995,甬金股份,18.16,0.03,0.165,18.17,18.18,18.13,18.12,18.27,18.02,1381700.0,25091390.0,10:19:03
sh603997,继峰股份,12.82,0.07,0.549,12.81,12.82,12.75,12.85,12.86,12.67,2383703.0,30399337.0,10:19:01
sh603998,方盛制药,10.72,-0.19,-1.742,10.72,10.73,10.91,10.9,10.9,10.7,3290900.0,35392888.0,10:19:03
sh603999,读者传媒,6.86,-0.01,-0.146,6.86,6.87,6.87,6.88,6.92,6.83,2005000.0,13777335.0,10:19:02
sh605001,威奥股份,7.43,0.05,0.678,7.42,7.43,7.38,7.37,7.45,7.34,1043700.0,7712110.0,10:18:59
sh605003,众望布艺,28.7,0.1,0.35,28.69,28.71,28.6,28.94,28.94,28.64,271200.0,7809734.0,10:19:00
sh605005,合兴股份,20.81,-0.02,-0.096,20.81,20.82,20.83,20.88,21.21,20.63,1796200.0,37437504.0,10:19:01
sh605006,山东玻纤,10.16,0.02,0.197,10.15,10.16,10.14,10.18,10.41,9.89,20187078.0,205737942.0,10:19:03
sh605007,五洲特纸,14.07,0.07,0.5,14.07,14.08,14.0,13.99,14.17,13.92,1268500.0,17836118.0,10:19:02
sh605008,长鸿高科,12.04,0.04,0.333,12.04,12.05,12.0,12.04,12.1,11.96,366200.0,4399981.0,10:18:57
sh605009,豪悦护理,28.2,-0.12,-0.424,28.19,28.21,28.32,28.31,28.35,28.12,208926.0,5897260.0,10:19:01
sh605011,杭州热电,19.18,-0.1,-0.519,19.18,19.19,19.28,19.33,19.33,19.16,827400.0,15889571.0,10:19:00
sh605016,百龙创园,26.74,0.35,1.326,26.73,26.74,26.39,26.38,26.94,26.3,2081241.0,55555636.0,10:19:01
sh605018,长华集团,12.4,0.18,1.473,12.4,12.42,12.22,12.22,12.57,12.2,4331000.0,53571222.0,10:19:03
sh605020,永和股份,25.23,0.14,0.558,25.23,25.25,25.09,25.13,25.37,25.03,2776981.0,70049253.0,10:19:01
sh605028,世茂能源,27.93,-0.22,-0.782,27.92,27.93,28.15,28.14,28.31,27.8,490100.0,13703635.0,10:19:02
sh605033,美邦股份,22.54,-0.04,-0.177,22.53,22.54,22.58,22.59,22.63,22.4,587400.0,13208745.0,10:18:54
sh605050,福然德,12.78,0.03,0.235,12.77,12.78,12.75,12.71,12.84,12.63,2218400.0,28281582.0,10:18:54
sh605055,迎丰股份,11.35,0.4,3.653,11.35,11.36,10.95,11.12,11.48,10.74,9872800.0,110640231.0,10:19:01
sh605056,咸亨国际,28.05,-0.04,-0.142,28.04,28.09,28.09,28.09,28.6,27.7,2831000.0,79349383.0,10:19:01
sh605058,澳弘电子,36.12,0.26,0.725,36.11,36.12,35.86,35.86,36.86,35.65,2128400.0,76559673.0,10:19:00
sh605060,联德股份,58.95,5.36,10.002,58.95,0.0,53.59,53.56,58.95,53.56,7914500.0,452519582.0,10:19:02
sh605066,天正电气,8.17,-0.03,-0.366,8.17,8.18,8.2,8.22,8.22,8.09,3142650.0,25609715.0,10:19:03
sh605068,明新旭腾,27.02,0.86,3.287,27.01,27.02,26.16,26.17,27.19,25.96,1595900.0,42730501.0,10:18:55
sh605069,正和生态,12.42,0.0,0.0,12.42,12.43,12.42,12.48,12.62,12.32,1348100.0,16784249.0,10:19:01
sh605077,华康股份,14.66,-0.01,-0.068,14.65,14.66,14.67,14.66,14.75,14.56,786473.0,11539214.0,10:18:51
sh605080,浙江自然,23.86,-0.02,-0.084,23.85,23.86,23.88,23.9,23.99,23.75,230700.0,5503633.0,10:18:52
sh605081,*ST太和,7.23,0.34,4.935,7.23,0.0,6.89,7.23,7.23,7.23,974200.0,7043466.0,10:18:28
sh605086,龙高股份,33.99,0.36,1.07,33.93,33.98,33.63,33.87,34.08,33.65,395900.0,13394799.0,10:18:54
sh605088,冠盛股份,35.29,0.97,2.826,35.27,35.28,34.32,34.31,35.34,34.25,1944300.0,68088705.0,10:18:53
sh605089,味知香,24.93,-0.01,-0.04,24.91,24.93,24.94,24.93,25.06,24.72,360000.0,8942964.0,10:18:53
sh605090,九丰能源,40.72,0.92,2.312,40.72,40.73,39.8,40.32,41.33,39.91,9850075.0,398568146.0,10:18:54
sh605098,行动教育,63.19,3.04,5.054,63.13,63.19,60.15,61.88,64.37,61.36,2753000.0,173052547.0,10:18:52
sh605099,共创草坪,41.6,0.64,1.563,41.6,41.61,40.96,40.58,41.8,40.11,1439088.0,58990895.0,10:18:53
sh605100,华丰股份,44.6,-0.22,-0.491,44.55,44.61,44.82,44.82,45.04,44.3,553500.0,24674425.0,10:18:53
sh605108,同庆楼,16.75,0.02,0.12,16.75,16.76,16.73,16.73,16.82,16.65,751800.0,12578571.0,10:18:52
sh605111,新洁能,37.79,0.1,0.265,37.79,37.8,37.69,37.7,38.0,37.42,2359412.0,88912139.0,10:18:52
sh605116,奥锐特,28.11,-0.35,-1.23,28.1,28.11,28.46,28.47,28.8,27.85,6327100.0,179554715.0,10:18:54
sh605117,德业股份,138.14,1.84,1.35,138.13,138.14,136.3,137.5,140.7,135.18,7926267.0,1094864648.0,10:18:53
sh605118,力鼎光电,41.88,-0.92,-2.15,41.87,41.88,42.8,42.56,42.61,41.14,1026800.0,42968761.0,10:18:52
sh605122,四方新材,12.72,0.0,0.0,12.72,12.73,12.72,12.72,12.75,12.6,551300.0,6984544.0,10:18:48
sh605123,派克新材,100.64,0.64,0.64,100.62,100.64,100.0,100.44,101.36,99.16,1103734.0,110474702.0,10:18:54
sh605128,上海沿浦,35.22,0.01,0.028,35.22,35.23,35.21,35.45,35.55,35.12,608909.0,21476773.0,10:18:54
sh605133,嵘泰股份,29.45,0.05,0.17,29.44,29.45,29.4,29.8,30.09,29.2,4086800.0,120731139.0,10:18:54
sh605136,丽人丽妆,10.12,0.04,0.397,10.12,10.13,10.08,10.15,10.15,10.03,1614100.0,16291545.0,10:18:54
sh605138,盛泰集团,6.73,-0.01,-0.148,6.72,6.73,6.74,6.73,6.76,6.68,641800.0,4310882.0,10:18:50
sh605151,西上海,19.33,-0.45,-2.275,19.33,19.34,19.78,19.77,19.85,19.33,1200100.0,23414545.0,10:18:53
sh605155,西大门,15.4,0.02,0.13,15.39,15.4,15.38,15.4,15.55,15.28,989044.0,15220445.0,10:18:53
sh605158,华达新材,7.5,0.1,1.351,7.49,7.5,7.4,7.45,7.55,7.39,1106300.0,8229856.0,10:18:54
sh605162,新中港,12.43,-0.39,-3.042,12.42,12.43,12.82,12.3,12.71,11.81,19483779.0,237834319.0,10:18:54
sh605166,聚合顺,10.67,0.55,5.435,10.66,10.68,10.12,10.13,10.75,10.13,4357800.0,45706639.0,10:18:53
sh605167,利柏特,17.93,0.25,1.414,17.93,17.95,17.68,17.93,18.07,17.4,4699100.0,83440442.0,10:18:53
sh605168,三人行,37.32,1.09,3.009,37.31,37.32,36.23,36.37,37.56,36.24,2063800.0,76237550.0,10:18:55
sh605169,洪通燃气,12.09,0.0,0.0,12.08,12.09,12.09,12.04,12.12,11.99,647900.0,7815139.0,10:18:54
sh605177,东亚药业,20.19,0.1,0.498,20.18,20.19,20.09,20.0,20.23,19.87,442800.0,8873141.0,10:18:49
sh605178,时空科技,83.85,2.84,3.506,83.74,83.85,81.01,80.83,84.42,80.01,2062220.0,171040816.0,10:18:54
sh605179,一鸣食品,17.48,-0.02,-0.114,17.48,17.49,17.5,17.43,17.53,17.34,802800.0,13981932.0,10:18:49
sh605180,华生科技,14.56,0.02,0.138,14.55,14.56,14.54,14.55,14.59,14.41,345200.0,5006474.0,10:18:49
sh605183,确成股份,19.33,-0.04,-0.207,19.32,19.33,19.37,19.48,19.5,19.3,331300.0,6424377.0,10:18:52
sh605186,健麾信息,19.49,0.05,0.257,19.48,19.49,19.44,19.44,19.52,19.32,426679.0,8276146.0,10:18:54
sh605188,国光连锁,17.15,-0.08,-0.464,17.14,17.15,17.23,17.22,17.23,17.0,938900.0,16034048.0,10:18:54
sh605189,富春染织,17.08,0.53,3.202,17.05,17.06,16.55,16.63,17.65,16.56,9883730.0,169906325.0,10:18:52
sh605196,华通线缆,49.44,2.0,4.216,49.43,49.44,47.44,47.43,50.23,47.12,7163367.0,355310286.0,10:18:54
sh605198,安德利,45.91,1.73,3.916,45.87,45.9,44.18,43.98,46.16,43.9,1571900.0,71362880.0,10:18:52
sh605199,ST葫芦娃,6.91,-0.1,-1.427,6.9,6.92,7.01,7.0,7.0,6.88,943700.0,6524065.0,10:18:52
sh605208,永茂泰,14.35,0.35,2.5,14.35,14.36,14.0,13.99,14.47,13.99,4842120.0,69233012.0,10:18:54
sh605218,伟时电子,18.34,0.12,0.659,18.34,18.35,18.22,18.32,18.41,18.11,695300.0,12704391.0,10:18:52
sh605222,起帆电缆,26.69,0.89,3.45,26.69,26.73,25.8,25.11,26.99,25.11,15865643.0,412499391.0,10:18:54
sh605228,神通科技,14.84,-0.06,-0.403,14.83,14.84,14.9,14.99,15.43,14.8,5723606.0,85766801.0,10:18:53
sh605255,天普股份,113.66,0.61,0.54,113.66,113.7,113.05,111.0,114.4,108.15,1442711.0,160287414.0,10:18:53
sh605258,协和电子,37.24,0.79,2.167,37.23,37.24,36.45,36.56,37.26,36.33,1395300.0,51345318.0,10:18:55
sh605259,绿田机械,21.1,0.1,0.476,21.09,21.1,21.0,21.02,21.16,20.79,585700.0,12294422.0,10:18:53
sh605266,健之佳,18.92,-0.24,-1.253,18.92,18.95,19.16,19.1,19.23,18.87,474600.0,9015648.0,10:18:52
sh605268,王力安防,12.34,-0.12,-0.963,12.34,12.35,12.46,12.47,12.47,12.3,2237400.0,27623102.0,10:18:53
sh605277,新亚电子,24.21,0.08,0.332,24.2,24.21,24.13,24.01,24.22,23.91,1769500.0,42573813.0,10:18:51
sh605286,同力天启,44.0,-0.14,-0.317,43.94,44.0,44.14,44.0,44.38,42.9,1114200.0,48640831.0,10:18:52
sh605287,德才股份,46.98,4.27,9.998,46.98,0.0,42.71,43.56,46.98,43.18,4861640.0,222270314.0,10:18:54
sh605288,凯迪股份,85.77,2.82,3.4,85.61,85.77,82.95,82.95,86.75,82.95,518415.0,43995547.0,10:18:52
sh605289,罗曼股份,130.0,3.39,2.678,130.0,130.01,126.61,127.0,132.61,127.0,4760600.0,620502490.0,10:18:53
sh605296,神农集团,30.59,-0.37,-1.195,30.58,30.59,30.96,30.96,30.96,30.23,1514184.0,46261155.0,10:18:54
sh605298,必得科技,48.05,0.43,0.903,48.04,48.06,47.62,47.62,48.38,46.8,788728.0,37500977.0,10:18:52
sh605299,舒华体育,19.27,0.39,2.066,19.25,19.27,18.88,18.46,19.4,18.06,19041300.0,358489399.0,10:18:52
sh605300,佳禾食品,10.79,-0.01,-0.093,10.78,10.79,10.8,10.84,10.85,10.76,266698.0,2878060.0,10:18:50
sh605303,园林股份,22.82,0.6,2.7,22.79,22.8,22.22,22.14,23.0,21.67,4228502.0,93918787.0,10:18:52
sh605305,中际联合,42.98,0.43,1.011,42.97,42.98,42.55,42.75,43.48,42.42,2991894.0,128752805.0,10:18:54
sh605318,法狮龙,95.63,0.94,0.993,95.38,95.67,94.69,93.03,96.77,93.03,1422700.0,135588241.0,10:18:54
sh605319,无锡振华,28.69,-1.19,-3.983,28.69,28.7,29.88,29.57,29.74,27.02,7182320.0,205036597.0,10:18:52
sh605333,沪光股份,26.26,0.05,0.191,26.26,26.27,26.21,26.22,26.48,26.22,444300.0,11700570.0,10:18:52
sh605336,帅丰电器,14.26,0.03,0.211,14.25,14.26,14.23,14.19,14.3,13.94,1266700.0,17963793.0,10:18:43
sh605337,李子园,10.97,0.03,0.274,10.96,10.97,10.94,10.93,10.98,10.86,760710.0,8305065.0,10:18:54
sh605338,巴比食品,26.08,0.13,0.501,26.06,26.08,25.95,25.96,26.2,25.84,496289.0,12896518.0,10:18:48
sh605339,南侨食品,16.14,-0.11,-0.677,16.14,16.15,16.25,16.24,16.25,16.01,249000.0,4016574.0,10:18:54
sh605358,立昂微,35.87,0.41,1.156,35.87,35.88,35.46,35.63,36.0,35.41,4225367.0,150966670.0,10:18:54
sh605365,立达信,24.45,0.78,3.295,24.42,24.45,23.67,23.22,24.75,23.14,11225703.0,272261676.0,10:18:51
sh605366,宏柏新材,13.66,0.25,1.864,13.66,13.67,13.41,13.74,13.9,13.18,25987989.0,353351870.0,10:18:54
sh605368,蓝天燃气,8.22,-0.06,-0.725,8.22,8.23,8.28,8.28,8.29,8.21,1620900.0,13347734.0,10:18:48
sh605369,拱东医疗,17.8,-0.02,-0.112,17.8,17.81,17.82,18.03,18.03,17.7,329568.0,5876002.0,10:18:47
sh605376,博迁新材,108.7,1.91,1.789,108.7,108.8,106.79,107.1,109.58,105.0,2810571.0,302649475.0,10:18:53
sh605377,华旺科技,9.48,-0.13,-1.353,9.48,9.49,9.61,9.61,9.65,9.47,1067308.0,10156102.0,10:18:50
sh605378,野马电池,20.42,0.19,0.939,20.41,20.42,20.23,20.3,20.63,20.15,988100.0,20206099.0,10:18:53
sh605388,均瑶健康,8.06,0.73,9.959,8.06,0.0,7.33,7.33,8.06,7.09,52588395.0,405726076.0,10:18:54
sh605389,长龄液压,72.19,1.18,1.662,72.13,72.2,71.01,71.19,72.57,70.85,249100.0,17920717.0,10:18:53
sh605398,新炬网络,27.29,0.38,1.412,27.27,27.29,26.91,27.0,27.29,26.95,590600.0,16023876.0,10:18:52
sh605399,晨光新材,14.8,-0.35,-2.31,14.8,14.82,15.15,15.15,15.15,14.54,2148890.0,31904022.0,10:18:54
sh605488,福莱新材,34.25,0.34,1.003,34.25,34.29,33.91,34.21,34.78,33.9,2120198.0,72680164.0,10:18:53
sh605499,东鹏饮料,194.42,0.92,0.475,194.26,194.43,193.5,193.03,195.22,192.25,1509759.0,292886327.0,10:18:53
sh605500,森林包装,8.97,-0.03,-0.333,8.96,8.98,9.0,9.01,9.03,8.95,495400.0,4452925.0,10:18:57
sh605507,国邦医药,24.25,-1.61,-6.226,24.24,24.25,25.86,24.88,24.99,24.04,6005777.0,146355951.0,10:19:01
sh605555,德昌股份,16.25,-0.09,-0.551,16.26,16.28,16.34,16.33,16.47,16.23,2330034.0,38108253.0,10:19:01
sh605566,福莱蒽特,30.72,0.08,0.261,30.7,30.72,30.64,30.69,30.94,30.55,395400.0,12165661.0,10:18:58
sh605567,春雪食品,10.8,0.08,0.746,10.79,10.8,10.72,10.79,10.85,10.63,1069700.0,11488596.0,10:19:00
sh605577,龙版传媒,12.49,0.03,0.241,12.49,12.5,12.46,12.45,12.57,12.43,695000.0,8685579.0,10:19:02
sh605580,恒盛能源,22.81,0.53,2.379,22.8,22.81,22.28,23.39,23.87,22.29,4575897.0,105053978.0,10:19:01
sh605588,冠石科技,55.62,0.38,0.688,55.61,55.62,55.24,55.29,56.15,54.89,407300.0,22568356.0,10:19:01
sh605589,圣泉集团,36.91,0.36,0.985,36.91,36.96,36.55,36.89,37.08,35.9,10405171.0,380386920.0,10:19:01
sh605598,上海港湾,53.29,2.15,4.204,53.28,53.3,51.14,50.63,54.0,50.63,5316978.0,281089554.0,10:19:01
sh605599,菜百股份,22.51,-0.39,-1.703,22.5,22.51,22.9,22.89,23.2,22.29,2632800.0,59737666.0,10:19:03
sh688001,华兴源创,41.31,-0.31,-0.745,41.29,41.31,41.62,41.3,41.88,40.94,2923113.0,120606367.0,10:19:02
sh688002,睿创微纳,123.58,2.59,2.141,123.47,123.58,120.99,122.0,123.78,120.71,2410960.0,295029522.0,10:19:02
sh688003,天准科技,72.99,3.79,5.477,72.8,73.0,69.2,72.48,76.0,70.59,3623279.0,266013812.0,10:18:56
sh688004,博汇科技,22.34,0.14,0.631,22.34,22.35,22.2,22.36,22.45,22.19,485968.0,10828341.0,10:19:01
sh688005,容百科技,31.25,0.45,1.461,31.22,31.25,30.8,31.4,31.9,30.82,13880714.0,436618622.0,10:19:01
sh688006,杭可科技,30.2,0.85,2.896,30.2,30.21,29.35,29.7,30.94,29.5,10465579.0,318746662.0,10:19:01
sh688007,光峰科技,14.47,0.12,0.836,14.46,14.47,14.35,14.36,14.48,14.33,1194132.0,17174198.0,10:19:00
sh688008,澜起科技,149.8,2.62,1.78,149.8,149.82,147.18,147.48,150.81,144.34,16678204.0,2463500115.0,10:19:02
sh688009,中国通号,5.32,-0.06,-1.115,5.32,5.33,5.38,5.38,5.4,5.32,16786113.0,89860195.0,10:19:03
sh688010,福光股份,34.62,0.8,2.365,34.62,34.64,33.82,33.82,35.08,33.82,2223079.0,76849626.0,10:19:03
sh688011,新光光电,68.07,0.54,0.8,68.05,68.07,67.53,67.55,68.26,65.98,552215.0,37087868.0,10:18:57
sh688012,中微公司,321.08,0.72,0.225,321.01,321.08,320.36,323.1,324.5,317.2,3045566.0,976409147.0,10:19:01
sh688013,天臣医疗,37.94,-0.14,-0.368,37.94,38.01,38.08,38.07,38.3,37.53,353807.0,13398584.0,10:19:01
sh688015,交控科技,22.83,0.03,0.132,22.83,22.84,22.8,22.8,22.95,22.61,387763.0,8845588.0,10:18:47
sh688016,心脉医疗,100.49,-0.61,-0.603,100.37,100.49,101.1,101.09,101.2,99.97,499122.0,50137730.0,10:19:01
sh688017,绿的谐波,207.73,1.23,0.596,207.73,207.75,206.5,212.0,213.77,207.57,1949967.0,409369047.0,10:19:03
sh688018,乐鑫科技,152.58,1.48,0.979,152.58,152.7,151.1,151.58,152.8,150.08,864516.0,130909241.0,10:19:00
sh688019,安集科技,250.21,-1.64,-0.651,250.17,250.21,251.85,252.11,254.66,248.48,1242189.0,311749911.0,10:19:03
sh688020,方邦股份,92.07,1.17,1.287,91.98,92.06,90.9,90.89,92.5,89.84,637596.0,58107012.0,10:19:02
sh688021,奥福科技,24.14,0.03,0.124,24.14,24.16,24.11,24.08,24.33,23.82,715458.0,17186198.0,10:19:02
sh688022,瀚川智能,16.91,-0.02,-0.118,16.9,16.91,16.93,16.91,17.09,16.85,750377.0,12717027.0,10:19:01
sh688023,安恒信息,51.63,1.03,2.036,51.61,51.63,50.6,51.04,51.7,50.8,950052.0,48653642.0,10:19:00
sh688025,杰普特,275.54,3.96,1.458,275.2,275.55,271.58,266.15,278.0,262.62,1945323.0,528534430.0,10:19:03
sh688026,洁特生物,16.26,0.04,0.247,16.24,16.27,16.22,16.24,16.31,16.07,389310.0,6309966.0,10:19:00
sh688027,国盾量子,619.88,41.88,7.246,619.7,619.73,578.0,594.77,628.88,591.0,3037125.0,1845893734.0,10:19:02
sh688028,沃尔德,97.49,-0.35,-0.358,97.31,97.48,97.84,97.6,99.91,94.6,2824319.0,271572004.0,10:19:01
sh688029,南微医学,75.22,0.02,0.027,75.08,75.21,75.2,75.41,75.6,74.52,229190.0,17196764.0,10:19:01
sh688030,山石网科,15.56,0.31,2.033,15.55,15.56,15.25,15.25,15.6,15.25,825345.0,12766180.0,10:19:02
sh688031,星环科技,139.93,3.35,2.453,139.93,140.03,136.58,137.0,141.0,136.59,2017082.0,280139275.0,10:19:03
sh688032,禾迈股份,113.9,0.8,0.707,113.88,113.99,113.1,113.43,114.88,111.8,504034.0,57136859.0,10:19:01
sh688033,天宜新材,8.29,0.04,0.485,8.28,8.29,8.25,8.25,8.34,8.17,2766239.0,22801086.0,10:19:00
sh688035,德邦科技,63.3,0.68,1.086,63.28,63.3,62.62,62.64,64.15,62.52,1534548.0,97189570.0,10:19:03
sh688036,传音控股,52.69,0.53,1.016,52.66,52.69,52.16,52.21,52.79,52.16,2304181.0,120951464.0,10:19:03
sh688037,芯源微,189.58,7.59,4.171,189.5,189.59,181.99,182.9,189.96,180.3,2319233.0,429496570.0,10:19:01
sh688038,中科通达,22.89,0.26,1.149,22.88,22.89,22.63,22.98,23.49,22.56,973791.0,22415519.0,10:19:00
sh688039,当虹科技,43.71,1.06,2.485,43.7,43.71,42.65,42.75,43.78,42.75,743280.0,32283522.0,10:19:03
sh688041,海光信息,252.55,0.55,0.218,252.25,252.5,252.0,252.5,255.0,250.0,8218730.0,2073961725.0,10:19:03
sh688045,必易微,48.96,0.31,0.637,48.92,48.95,48.65,48.37,49.39,48.37,456649.0,22319468.0,10:19:02
sh688046,药康生物,18.52,-0.36,-1.907,18.52,18.53,18.88,18.84,18.84,18.37,3139397.0,58019523.0,10:19:00
sh688047,龙芯中科,141.99,0.29,0.205,141.9,141.98,141.7,141.96,142.68,140.5,1767128.0,250459125.0,10:19:03
sh688048,长光华芯,296.69,4.19,1.432,296.48,296.69,292.5,298.16,309.21,293.97,5984872.0,1803187189.0,10:19:03
sh688049,炬芯科技,46.88,0.23,0.493,46.88,46.92,46.65,46.71,47.03,46.59,1174091.0,54962583.0,10:19:02
sh688050,爱博医疗,51.3,0.22,0.431,51.26,51.31,51.08,50.91,51.31,50.91,316817.0,16206333.0,10:19:02
sh688051,佳华科技,31.68,0.23,0.731,31.68,31.7,31.45,31.44,31.68,31.14,195083.0,6149018.0,10:19:02
sh688052,纳芯微,160.0,3.79,2.426,159.97,160.0,156.21,156.21,161.2,155.03,980901.0,155630416.0,10:19:01
sh688053,ST思科瑞,39.03,0.45,1.166,39.03,39.05,38.58,38.8,39.37,38.42,286420.0,11148714.0,10:18:54
sh688055,龙腾光电,4.27,-0.03,-0.698,4.27,4.28,4.3,4.3,4.3,4.2,6405101.0,27206656.0,10:19:03
sh688056,莱伯泰科,35.17,0.18,0.514,35.17,35.2,34.99,35.05,35.22,34.62,179098.0,6265123.0,10:18:57
sh688057,金达莱,12.38,-0.01,-0.081,12.37,12.38,12.39,12.38,12.41,12.26,201660.0,2491694.0,10:18:58
sh688058,宝兰德,28.89,0.5,1.761,28.88,28.89,28.39,28.55,28.89,28.27,360105.0,10300681.0,10:19:03
sh688059,华锐精密,122.22,1.13,0.933,122.22,122.24,121.09,121.11,124.2,121.11,853638.0,104890520.0,10:19:03
sh688060,云涌科技,45.71,0.37,0.816,45.61,45.7,45.34,45.35,45.79,44.95,72066.0,3261361.0,10:19:02
sh688061,灿瑞科技,32.44,0.28,0.871,32.41,32.44,32.16,32.4,32.6,32.06,307417.0,9926775.0,10:18:57
sh688062,迈威生物,39.86,0.77,1.97,39.86,39.92,39.09,39.19,40.37,38.45,5776814.0,228478244.0,10:19:02
sh688063,派能科技,74.04,1.0,1.369,74.04,74.05,73.04,74.0,75.47,72.71,5723411.0,426119192.0,10:19:01
sh688065,凯赛生物,48.61,0.1,0.206,48.6,48.61,48.51,48.53,48.9,48.22,991841.0,48165178.0,10:19:01
sh688066,航天宏图,19.86,-0.12,-0.601,19.85,19.86,19.98,19.85,19.96,19.36,5631342.0,110657262.0,10:19:01
sh688067,爱威科技,26.52,0.12,0.455,26.52,26.55,26.4,26.25,26.63,26.06,390800.0,10272851.0,10:19:02
sh688068,热景生物,124.03,-2.22,-1.758,124.03,124.23,126.25,124.1,125.12,121.0,1143166.0,140682924.0,10:19:02
sh688069,德林海,34.82,0.11,0.317,34.8,34.84,34.71,34.8,35.37,34.59,656098.0,22879421.0,10:19:02
sh688070,纵横股份,48.42,-0.04,-0.083,48.42,48.47,48.46,48.4,48.65,47.9,372144.0,17969044.0,10:19:01
sh688071,华依科技,31.71,0.09,0.285,31.71,31.73,31.62,31.36,31.89,31.29,383980.0,12134547.0,10:18:55
sh688072,拓荆科技,403.95,1.95,0.485,403.95,404.0,402.0,403.0,407.55,395.24,1352445.0,542443287.0,10:19:01
sh688073,毕得医药,62.19,-0.51,-0.813,62.2,62.37,62.7,62.77,62.92,61.58,371591.0,23089705.0,10:19:01
sh688075,安旭生物,38.95,-0.06,-0.154,38.84,38.94,39.01,39.2,39.2,38.69,101462.0,3939541.0,10:19:02
sh688076,ST诺泰,30.83,-0.1,-0.323,30.83,30.93,30.93,30.88,31.1,30.72,616801.0,19015977.0,10:19:01
sh688077,大地熊,29.65,0.28,0.953,29.64,29.65,29.37,29.45,29.76,29.22,644195.0,18981905.0,10:19:01
sh688078,龙软科技,24.45,0.45,1.875,24.44,24.45,24.0,24.1,24.47,23.96,316602.0,7654115.0,10:19:01
sh688079,美迪凯,15.57,0.28,1.831,15.57,15.58,15.29,15.14,15.64,15.04,4499451.0,68828474.0,10:19:02
sh688080,映翰通,56.2,1.02,1.848,56.18,56.2,55.18,55.63,56.22,55.0,450498.0,25105515.0,10:19:00
sh688081,兴图新科,50.06,0.7,1.418,50.04,50.06,49.36,50.0,50.68,48.69,1012466.0,50342718.0,10:19:01
sh688082,盛美上海,155.58,-0.42,-0.269,155.5,155.59,156.0,155.06,156.5,154.02,1232714.0,191262011.0,10:18:59
sh688083,中望软件,56.68,0.04,0.071,56.66,56.74,56.64,57.26,57.64,56.0,1502409.0,85158454.0,10:18:59
sh688084,晶品特装,67.4,-0.89,-1.303,67.41,67.54,68.29,68.01,68.24,66.81,809379.0,54439684.0,10:19:00
sh688085,三友医疗,18.02,-0.08,-0.442,18.01,18.02,18.1,18.1,18.16,17.82,804682.0,14444934.0,10:18:58
sh688087,英科再生,37.45,-0.37,-0.978,37.42,37.45,37.82,37.82,38.07,37.45,526608.0,19833602.0,10:18:59
sh688088,虹软科技,41.88,0.81,1.972,41.88,41.89,41.07,41.43,41.93,41.27,1676899.0,69794610.0,10:19:00
sh688089,嘉必优,18.44,0.02,0.109,18.43,18.46,18.42,18.2,18.5,18.2,329947.0,6076218.0,10:19:00
sh688090,瑞松科技,68.0,-0.3,-0.439,67.99,68.09,68.3,69.11,69.16,67.16,1182045.0,80613348.0,10:19:00
sh688091,上海谊众,57.63,0.41,0.717,57.6,57.62,57.22,57.88,58.67,56.01,2290778.0,132346065.0,10:19:00
sh688092,爱科科技,28.92,0.22,0.767,28.9,28.92,28.7,28.88,28.98,28.65,285179.0,8226348.0,10:18:58
sh688093,世华科技,34.11,0.44,1.307,34.11,34.12,33.67,33.67,34.19,33.55,659715.0,22313739.0,10:18:57
sh688095,福昕软件,75.02,1.85,2.528,75.0,75.02,73.17,74.01,75.12,73.5,913907.0,68023813.0,10:18:57
sh688096,京源环保,8.3,-0.17,-2.007,8.3,8.31,8.47,8.46,8.47,8.23,2305520.0,19154857.0,10:18:58
sh688097,博众精工,63.28,-0.61,-0.955,63.28,63.29,63.89,63.88,64.7,63.18,3652189.0,233177325.0,10:18:58
sh688098,申联生物,8.94,-0.12,-1.325,8.93,8.94,9.06,9.12,9.15,8.91,2163246.0,19379781.0,10:19:00
sh688099,晶晨股份,82.0,0.83,1.023,81.93,82.0,81.17,81.53,82.28,81.0,2670819.0,218123122.0,10:19:00
sh688100,威胜信息,37.98,-0.22,-0.576,37.96,37.98,38.2,38.2,38.4,37.75,968345.0,36764546.0,10:18:59
sh688101,三达膜,16.67,0.1,0.604,16.66,16.69,16.57,16.77,16.77,16.55,363682.0,6060575.0,10:18:50
sh688102,斯瑞新材,36.5,0.24,0.662,36.45,36.5,36.26,35.98,36.6,35.81,5805133.0,209954749.0,10:18:58
sh688103,国力电子,58.04,1.76,3.127,58.01,58.04,56.28,56.27,58.13,56.09,612355.0,35018748.0,10:19:00
sh688105,诺唯赞,19.34,-0.23,-1.175,19.33,19.34,19.57,19.56,19.56,19.24,439862.0,8500381.0,10:19:01
sh688106,金宏气体,27.48,-0.22,-0.794,27.48,27.5,27.7,27.9,28.1,26.02,19357304.0,523127640.0,10:18:59
sh688107,安路科技,30.12,0.01,0.033,30.12,30.13,30.11,30.21,30.95,30.01,2460797.0,74460523.0,10:19:00
sh688108,赛诺医疗,21.85,-0.19,-0.862,21.84,21.85,22.04,21.89,21.91,21.56,3975151.0,86302469.0,10:18:58
sh688109,品茗科技,124.1,2.14,1.755,124.05,124.36,121.96,123.99,126.0,120.51,567071.0,70442831.0,10:18:55
sh688110,东芯股份,119.08,0.88,0.745,119.08,119.16,118.2,117.32,119.97,116.99,5099741.0,604502648.0,10:18:59
sh688111,金山办公,253.25,8.93,3.655,253.23,253.25,244.32,246.6,253.5,246.6,5664208.0,1417949789.0,10:18:59
sh688112,鼎阳科技,50.97,1.47,2.97,50.94,50.97,49.5,49.66,51.08,48.8,1977613.0,98903232.0,10:19:01
sh688113,联测科技,38.44,0.49,1.291,38.44,38.45,37.95,38.0,38.48,37.66,190999.0,7286444.0,10:18:53
sh688114,华大智造,51.2,0.12,0.235,51.1,51.16,51.08,51.07,51.48,50.68,774567.0,39486221.0,10:19:00
sh688115,思林杰,41.02,0.23,0.564,41.0,41.04,40.79,40.99,41.32,40.51,164303.0,6721868.0,10:18:40
sh688116,天奈科技,40.67,0.34,0.843,40.67,40.68,40.33,40.8,41.33,40.41,2623949.0,107216603.0,10:18:59
sh688117,圣诺生物,37.24,-0.09,-0.241,37.24,37.28,37.33,37.3,37.5,36.66,847202.0,31396984.0,10:18:59
sh688118,普元信息,29.19,0.64,2.242,29.16,29.18,28.55,28.88,29.2,28.57,901340.0,26061606.0,10:18:59
sh688119,中钢洛耐,5.09,0.0,0.0,5.09,5.1,5.09,5.09,5.12,5.07,3413550.0,17405459.0,10:18:55
sh688120,华海清科,183.67,0.18,0.098,183.67,183.84,183.49,185.4,185.87,182.5,1536564.0,283111897.0,10:18:58
sh688121,卓然股份,10.86,0.0,0.0,10.85,10.86,10.86,10.9,10.9,10.77,849267.0,9207253.0,10:18:59
sh688122,西部超导,73.21,-0.09,-0.123,73.2,73.21,73.3,73.23,73.75,72.19,4954320.0,360612874.0,10:19:00
sh688123,聚辰股份,123.2,0.04,0.032,123.2,123.23,123.16,122.22,125.0,119.6,4720808.0,576927285.0,10:19:00
sh688125,安达智能,251.5,3.88,1.567,251.2,251.5,247.62,251.0,257.98,246.9,322496.0,81877245.0,10:18:56
sh688126,沪硅产业,17.9,0.14,0.788,17.88,17.89,17.76,17.87,17.95,17.74,8036269.0,143395771.0,10:19:00
sh688127,蓝特光学,67.93,2.85,4.379,67.84,67.94,65.08,64.48,67.97,64.46,3448034.0,228732890.0,10:19:01
sh688128,中国电研,25.6,0.07,0.274,25.59,25.6,25.53,25.65,25.79,25.49,575265.0,14716094.0,10:18:56
sh688129,东来技术,23.66,0.46,1.983,23.66,23.73,23.2,23.06,23.8,23.06,350416.0,8203249.0,10:19:00
sh688130,晶华微,21.12,0.17,0.811,21.1,21.12,20.95,20.98,21.19,20.84,305746.0,6418914.0,10:19:00
sh688131,皓元医药,75.8,-0.55,-0.72,75.8,75.93,76.35,76.07,76.35,75.05,926445.0,70092849.0,10:19:00
sh688132,邦彦技术,16.97,0.07,0.414,16.96,16.97,16.9,17.05,17.05,16.8,388184.0,6557995.0,10:18:58
sh688133,泰坦科技,21.2,-0.36,-1.67,21.2,21.21,21.56,21.55,21.55,21.08,1008426.0,21415355.0,10:19:00
sh688135,利扬芯片,35.79,1.73,5.079,35.79,35.8,34.06,34.06,36.75,33.97,16083819.0,569547666.0,10:19:00
sh688136,科兴制药,32.21,-0.26,-0.801,32.21,32.22,32.47,32.18,32.6,31.61,2484857.0,79637585.0,10:19:00
sh688137,近岸蛋白,49.14,-0.62,-1.246,49.1,49.14,49.76,49.27,49.86,48.33,552307.0,27028658.0,10:19:00
sh688138,清溢光电,27.9,0.23,0.831,27.9,27.91,27.67,27.66,27.95,27.61,461325.0,12806355.0,10:19:00
sh688139,海尔生物,33.4,0.99,3.055,33.39,33.4,32.41,32.36,33.45,32.16,1889411.0,61718431.0,10:19:01
sh688141,杰华特,66.77,-0.78,-1.155,66.79,66.82,67.55,67.64,68.49,65.64,4895946.0,328678590.0,10:18:58
sh688143,长盈通,61.54,-0.21,-0.34,61.46,61.54,61.75,61.75,61.87,60.3,2594187.0,158657733.0,10:18:59
sh688146,中船特气,64.61,4.47,7.433,64.61,64.62,60.14,60.0,66.0,58.12,10473734.0,654713311.0,10:18:59
sh688147,微导纳米,70.1,0.65,0.936,70.01,70.1,69.45,69.4,70.5,68.51,2163340.0,150960438.0,10:19:00
sh688148,芳源股份,9.27,0.09,0.98,9.26,9.27,9.18,9.25,9.37,9.09,9512203.0,88200866.0,10:19:00
sh688150,莱特光电,47.87,0.95,2.025,47.86,47.87,46.92,46.95,48.67,46.68,3667570.0,175463963.0,10:18:58
sh688151,华强科技,20.67,0.05,0.242,20.67,20.68,20.62,20.44,20.8,20.35,422170.0,8701333.0,10:18:54
sh688152,麒麟信安,34.8,0.57,1.665,34.8,34.82,34.23,34.4,34.8,34.38,431195.0,14948686.0,10:18:50
sh688153,唯捷创芯,34.63,0.26,0.756,34.63,34.64,34.37,34.44,34.72,34.21,1197449.0,41252454.0,10:18:59
sh688155,先惠技术,82.27,2.03,2.53,82.26,82.27,80.24,81.41,83.92,80.66,2085165.0,172438982.0,10:19:01
sh688156,路德科技,25.65,1.02,4.141,25.58,25.65,24.63,24.76,25.86,24.6,3361891.0,84820911.0,10:19:00
sh688157,松井股份,41.1,0.6,1.481,41.08,41.1,40.5,41.11,42.28,40.2,1187390.0,49197721.0,10:18:59
sh688158,优刻得,48.06,2.28,4.98,48.05,48.06,45.78,46.5,48.88,46.26,28670342.0,1367750435.0,10:19:00
sh688159,有方科技,44.04,1.27,2.969,44.0,44.04,42.77,43.0,44.16,42.73,1384438.0,60468870.0,10:19:01
sh688160,步科股份,108.47,0.88,0.818,108.47,108.52,107.59,111.28,112.29,108.18,1188395.0,130694247.0,10:18:59
sh688161,威高骨科,30.8,-0.4,-1.282,30.77,30.79,31.2,31.19,31.19,30.62,559077.0,17203668.0,10:19:00
sh688162,巨一科技,33.85,0.38,1.135,33.81,33.83,33.47,33.42,34.08,33.13,802244.0,26940998.0,10:18:58
sh688163,赛伦生物,32.1,-0.9,-2.727,32.09,32.14,33.0,33.3,33.54,31.65,1599128.0,51522080.0,10:18:58
sh688165,埃夫特,17.26,0.06,0.349,17.26,17.27,17.2,17.27,17.5,17.22,1796574.0,31118247.0,10:18:58
sh688166,博瑞医药,58.28,0.62,1.075,58.28,58.32,57.66,58.72,59.5,56.96,15605091.0,904947656.0,10:18:58
sh688167,炬光科技,388.32,8.34,2.195,388.32,388.33,379.98,379.0,393.3,375.01,1685636.0,646664028.0,10:19:00
sh688168,安博通,81.31,2.44,3.094,81.21,81.31,78.87,78.83,81.79,78.83,525363.0,42316237.0,10:19:00
sh688169,石头科技,113.84,0.22,0.194,113.84,113.9,113.62,113.62,114.77,113.52,1050673.0,119821142.0,10:19:01
sh688170,德龙激光,56.9,-0.29,-0.507,56.9,56.91,57.19,56.51,57.62,55.9,2341894.0,133004393.0,10:18:59
sh688171,纬德信息,48.3,-0.37,-0.76,48.23,48.31,48.67,48.82,48.82,46.99,1140368.0,54528505.0,10:18:55
sh688172,燕东微,40.48,-0.01,-0.025,40.45,40.48,40.49,40.1,40.96,39.64,4156733.0,167633114.0,10:19:03
sh688173,希荻微,14.41,0.16,1.123,14.41,14.42,14.25,14.25,14.48,14.22,1383072.0,19805415.0,10:19:03
sh688175,高凌信息,35.16,-0.24,-0.678,35.16,35.19,35.4,35.33,35.49,34.83,435388.0,15342246.0,10:19:04
sh688176,亚虹医药,14.2,0.0,0.0,14.19,14.2,14.2,14.11,14.34,13.93,6032543.0,85224201.0,10:19:03
sh688177,百奥泰,23.05,-0.32,-1.369,23.05,23.06,23.37,23.16,23.3,22.74,1694479.0,38910844.0,10:19:05
sh688178,万德斯,33.06,1.62,5.153,32.96,33.03,31.44,32.04,33.5,30.8,1500209.0,48695472.0,10:19:03
sh688179,阿拉丁,18.12,-0.34,-1.842,18.12,18.13,18.46,18.43,18.46,18.01,4332731.0,78591678.0,10:19:03
sh688180,君实生物,43.96,0.46,1.057,43.96,44.04,43.5,43.04,44.38,42.81,12023443.0,524115968.0,10:19:02
sh688181,八亿时空,33.25,0.53,1.62,33.24,33.25,32.72,32.72,33.35,32.52,1008742.0,33266348.0,10:19:04
sh688182,灿勤科技,30.82,1.51,5.152,30.82,30.84,29.31,29.23,31.2,29.18,4129014.0,125948937.0,10:19:03
sh688183,生益电子,107.05,2.61,2.499,107.05,107.18,104.44,104.43,107.69,102.81,8487758.0,894558001.0,10:19:03
sh688184,ST帕瓦,10.37,-0.08,-0.766,10.38,10.43,10.45,10.45,10.48,10.34,295736.0,3070795.0,10:19:04
sh688185,康希诺,71.47,0.23,0.323,71.46,71.47,71.24,71.21,72.16,70.59,722588.0,51623184.0,10:19:02
sh688186,广大特材,24.06,0.23,0.965,24.06,24.07,23.83,23.82,24.3,23.64,2978191.0,71467930.0,10:19:04
sh688187,时代电气,51.31,0.13,0.254,51.31,51.32,51.18,51.3,51.58,51.1,1289425.0,66153937.0,10:19:03
sh688188,柏楚电子,144.8,1.62,1.131,144.68,144.8,143.18,143.58,144.88,143.25,361348.0,52166508.0,10:19:03
sh688189,南新制药,7.66,-0.08,-1.034,7.65,7.66,7.74,7.74,7.75,7.54,2005365.0,15280497.0,10:19:04
sh688190,云路股份,87.65,-0.45,-0.511,87.64,87.65,88.1,88.09,88.87,87.61,282191.0,24862780.0,10:18:55
sh688191,智洋创新,40.98,1.11,2.784,40.99,41.04,39.87,39.68,41.7,39.68,2146681.0,87612107.0,10:19:05
sh688192,迪哲医药,59.84,-0.36,-0.598,59.84,59.86,60.2,59.55,60.81,58.8,1580739.0,94349437.0,10:19:01
sh688193,仁度生物,49.88,0.01,0.02,49.88,49.96,49.87,49.86,50.1,49.3,121182.0,6012704.0,10:19:04
sh688195,腾景科技,340.0,-1.5,-0.439,339.35,340.0,341.5,338.09,348.66,326.0,3200491.0,1077670165.0,10:19:03
sh688196,卓越新能,59.83,-1.28,-2.095,59.82,59.93,61.11,61.5,61.5,59.03,849298.0,50754598.0,10:19:03
sh688197,首药控股,42.08,0.29,0.694,42.06,42.1,41.79,41.94,42.22,41.03,710245.0,29630687.0,10:19:05
sh688198,佰仁医疗,95.67,0.8,0.843,95.34,95.54,94.87,95.48,95.67,94.02,137931.0,13072227.0,10:19:03
sh688199,久日新材,26.96,0.09,0.335,26.96,26.97,26.87,26.66,27.09,26.6,1279245.0,34386875.0,10:18:56
sh688200,华峰测控,290.82,4.82,1.685,290.4,290.48,286.0,284.57,291.99,281.51,697536.0,200333399.0,10:19:04
sh688201,信安世纪,14.07,0.17,1.223,14.07,14.08,13.9,13.75,14.19,13.75,2056868.0,28737539.0,10:19:02
sh688202,美迪西,71.53,0.22,0.309,71.53,71.64,71.31,70.51,72.3,68.7,1595520.0,112920379.0,10:19:03
sh688203,海正生材,12.22,0.12,0.992,12.22,12.25,12.1,12.16,12.27,12.09,795114.0,9681146.0,10:19:03
sh688205,德科立,241.85,-0.17,-0.07,241.6,241.85,242.02,238.0,244.44,237.2,3448774.0,831263654.0,10:19:04
sh688206,概伦电子,32.84,0.05,0.152,32.82,32.84,32.79,33.18,33.19,32.64,1435103.0,47234542.0,10:19:05
sh688207,格灵深瞳,14.59,0.21,1.46,14.59,14.6,14.38,14.37,14.6,14.37,827821.0,12011805.0,10:19:03
sh688208,道通科技,35.71,0.43,1.219,35.71,35.72,35.28,35.5,35.84,35.35,2574323.0,91675098.0,10:19:04
sh688209,英集芯,21.34,0.35,1.667,21.34,21.35,20.99,21.0,21.38,20.94,1995045.0,42340471.0,10:19:04
sh688210,统联精密,48.39,0.05,0.103,48.32,48.39,48.34,49.09,49.3,47.66,1022688.0,49335677.0,10:19:02
sh688211,中科微至,32.69,-0.16,-0.487,32.69,32.7,32.85,32.96,32.96,32.5,87338.0,2852913.0,10:18:36
sh688212,澳华内镜,34.24,-0.41,-1.183,34.21,34.24,34.65,34.61,35.09,34.2,1065352.0,36652867.0,10:18:57
sh688213,思特威,92.85,0.85,0.924,92.85,92.86,92.0,92.01,93.49,91.59,2284571.0,211078001.0,10:19:04
sh688215,瑞晟智能,76.32,1.44,1.923,76.32,76.38,74.88,75.98,76.88,74.87,358462.0,27328633.0,10:18:54
sh688216,气派科技,29.21,0.52,1.812,29.2,29.21,28.69,28.99,29.38,28.64,788285.0,22858705.0,10:19:04
sh688217,睿昂基因,27.97,0.16,0.575,27.93,27.97,27.81,27.81,28.27,27.59,217158.0,6052005.0,10:19:02
sh688218,江苏北人,23.83,0.04,0.168,23.82,23.85,23.79,23.78,23.86,23.4,654623.0,15462952.0,10:19:04
sh688219,会通股份,10.88,0.07,0.648,10.88,10.89,10.81,10.82,10.93,10.79,1377027.0,14981724.0,10:19:02
sh688220,翱捷科技,77.89,1.79,2.352,77.88,77.89,76.1,76.1,78.19,76.09,2640306.0,204425917.0,10:19:04
sh688221,前沿生物,20.36,-0.27,-1.309,20.36,20.37,20.63,20.28,20.52,20.03,3637756.0,73855952.0,10:18:57
sh688222,成都先导,27.24,-0.51,-1.838,27.24,27.25,27.75,27.53,27.53,26.82,7763657.0,210586386.0,10:19:04
sh688223,晶科能源,6.69,-0.01,-0.149,6.69,6.7,6.7,6.7,6.75,6.66,43189513.0,289794799.0,10:19:03
sh688225,亚信安全,16.87,0.09,0.536,16.87,16.88,16.78,16.88,17.01,16.74,1920124.0,32325500.0,10:19:04
sh688226,威腾电气,51.44,0.86,1.7,51.44,51.5,50.58,50.75,52.18,50.0,3792975.0,194399826.0,10:19:02
sh688227,品高股份,75.3,4.91,6.975,75.19,75.26,70.39,69.42,77.4,69.42,3318104.0,247005024.0,10:19:03
sh688228,开普云,110.31,3.73,3.5,110.28,110.42,106.58,106.9,111.08,106.9,1041932.0,113902671.0,10:19:05
sh688229,博睿数据,92.78,3.58,4.013,92.6,92.79,89.2,90.53,92.8,89.5,1012713.0,92513238.0,10:19:04
sh688230,芯导科技,64.76,0.15,0.232,64.76,64.85,64.61,64.88,65.08,64.22,251307.0,16278156.0,10:18:56
sh688231,隆达股份,33.26,-0.18,-0.538,33.25,33.26,33.44,33.7,33.7,33.0,787209.0,26159956.0,10:19:03
sh688232,新点软件,22.31,0.17,0.768,22.31,22.33,22.14,22.29,22.35,22.15,479413.0,10655668.0,10:19:03
sh688233,神工股份,74.04,1.17,1.606,74.04,74.06,72.87,72.8,74.85,71.88,1959751.0,144014360.0,10:19:02
sh688234,天岳先进,89.54,-0.93,-1.028,89.54,89.55,90.47,88.66,90.48,88.48,3562292.0,319234034.0,10:19:03
sh688235,百济神州,252.78,-1.62,-0.637,252.8,252.92,254.4,255.0,255.56,249.6,1793931.0,453146833.0,10:19:02
sh688236,春立医疗,20.79,-0.03,-0.144,20.77,20.79,20.82,20.96,21.59,20.7,932969.0,19538481.0,10:19:02
sh688237,超卓航科,57.37,1.79,3.221,57.37,57.48,55.58,56.14,57.53,54.83,460527.0,25953559.0,10:19:04
sh688238,和元生物,7.17,-0.03,-0.417,7.17,7.18,7.2,7.22,7.24,7.11,2163708.0,15490455.0,10:19:04
sh688239,航宇科技,62.12,-0.21,-0.337,62.12,62.16,62.33,62.04,62.64,61.17,2003534.0,123725733.0,10:19:04
sh688244,永信至诚,18.94,0.09,0.477,18.93,18.94,18.85,18.95,19.02,18.75,402320.0,7599443.0,10:19:03
sh688246,嘉和美康,19.25,0.01,0.052,19.26,19.27,19.24,19.37,19.37,18.98,747680.0,14292592.0,10:19:04
sh688247,宣泰医药,9.42,-0.2,-2.079,9.41,9.42,9.62,9.6,9.61,9.38,1111948.0,10514164.0,10:18:58
sh688248,南网科技,57.9,-1.36,-2.295,57.9,57.91,59.26,61.5,61.5,57.66,4147500.0,242459331.0,10:19:05
sh688249,晶合集成,29.71,0.18,0.61,29.7,29.71,29.53,29.58,29.9,29.46,5796977.0,172118358.0,10:19:02
sh688251,井松智能,35.62,-1.04,-2.837,35.61,35.62,36.66,36.66,36.7,35.6,1050443.0,37757823.0,10:18:57
sh688252,天德钰,21.56,0.03,0.139,21.55,21.56,21.53,21.43,21.62,21.41,1137507.0,24443172.0,10:18:56
sh688253,英诺特,41.55,-1.55,-3.596,41.55,41.56,43.1,41.79,42.0,40.5,1935813.0,79726854.0,10:19:03
sh688255,凯尔达,29.29,0.15,0.515,29.28,29.29,29.14,29.3,29.99,29.23,1090603.0,32217974.0,10:19:03
sh688256,寒武纪,1295.68,21.68,1.702,1295.38,1295.68,1274.0,1280.0,1306.98,1272.02,3275876.0,4229322126.0,10:19:02
sh688257,新锐股份,77.29,2.66,3.564,77.28,77.29,74.63,76.0,77.97,75.11,4317381.0,332824623.0,10:19:05
sh688258,卓易信息,114.94,8.44,7.925,114.89,114.92,106.5,108.0,116.21,107.98,3498543.0,392980007.0,10:19:03
sh688259,创耀科技,37.63,0.54,1.456,37.61,37.63,37.09,37.08,37.8,36.75,587738.0,21995359.0,10:19:03
sh688260,昀冢科技,28.76,0.41,1.446,28.75,28.77,28.35,28.07,28.77,27.86,1850314.0,52205742.0,10:19:02
sh688261,东微半导,74.19,0.9,1.228,74.11,74.19,73.29,73.02,74.89,73.02,1099103.0,81278028.0,10:19:03
sh688262,国芯科技,36.54,1.58,4.519,36.52,36.54,34.96,35.65,37.0,35.59,8332669.0,302088788.0,10:19:03
sh688265,南模生物,43.7,-0.09,-0.206,43.7,43.74,43.79,44.36,44.36,43.12,160978.0,7017569.0,10:18:57
sh688266,泽璟制药,100.33,0.02,0.02,100.33,100.37,100.31,100.8,101.8,97.8,948410.0,94908589.0,10:18:58
sh688267,中触媒,31.07,-0.06,-0.193,31.05,31.07,31.13,31.31,31.31,30.9,511106.0,15880701.0,10:18:58
sh688268,华特气体,94.45,-2.55,-2.629,94.45,94.47,97.0,96.91,96.92,89.45,5045405.0,468675307.0,10:18:58
sh688269,凯立新材,38.27,0.47,1.243,38.25,38.27,37.8,37.98,38.36,37.0,332751.0,12674436.0,10:18:59
sh688270,臻镭科技,177.86,7.31,4.286,177.87,177.9,170.55,171.0,179.56,171.0,9752359.0,1720328699.0,10:18:57
sh688271,联影医疗,114.44,0.44,0.386,114.37,114.44,114.0,114.19,114.44,113.43,1139771.0,129677363.0,10:18:57
sh688272,富吉瑞,48.39,-1.51,-3.026,48.3,48.39,49.9,49.49,49.98,47.8,1237488.0,60173480.0,10:18:59
sh688273,麦澜德,46.55,0.16,0.345,46.54,46.63,46.39,45.68,46.99,44.36,1762897.0,80355867.0,10:18:56
sh688275,万润新能,127.26,-0.77,-0.601,127.11,127.26,128.03,129.0,130.55,126.75,3228723.0,415742023.0,10:18:59
sh688276,百克生物,17.9,-0.14,-0.776,17.9,17.91,18.04,18.1,18.1,17.83,485329.0,8696272.0,10:18:57
sh688277,天智航,21.96,0.36,1.667,21.96,21.97,21.6,21.65,21.98,21.59,2776624.0,60541437.0,10:18:56
sh688278,特宝生物,64.3,-0.69,-1.062,64.26,64.3,64.99,64.88,64.9,63.52,809786.0,51985101.0,10:18:59
sh688279,峰岹科技,178.0,6.61,3.857,177.56,177.99,171.39,177.66,182.66,175.49,1180000.0,211874171.0,10:18:53
sh688280,精进电动,10.75,-0.06,-0.555,10.75,10.76,10.81,10.76,10.89,10.65,8898697.0,95962575.0,10:18:57
sh688281,华秦科技,76.02,0.02,0.026,76.02,76.07,76.0,76.1,77.51,75.5,583303.0,44339021.0,10:18:56
sh688282,理工导航,89.02,6.59,7.995,89.01,89.43,82.43,82.8,90.8,82.5,1678309.0,146346766.0,10:18:57
sh688283,坤恒顺维,41.02,0.3,0.737,40.99,41.02,40.72,40.91,41.26,39.89,689558.0,27849193.0,10:18:57
sh688285,高铁电气,8.52,-0.03,-0.351,8.51,8.52,8.55,8.57,8.59,8.44,945859.0,8030834.0,10:18:59
sh688286,敏芯股份,70.53,0.68,0.974,70.47,70.53,69.85,69.98,70.79,69.64,411630.0,28893120.0,10:18:56
sh688287,*ST观典,2.12,0.16,8.163,2.12,2.14,1.96,2.2,2.35,2.05,43183223.0,96086428.0,10:18:59
sh688288,鸿泉技术,25.79,-0.07,-0.271,25.79,25.8,25.86,25.95,25.95,25.45,859121.0,22041975.0,10:18:57
sh688289,圣湘生物,18.19,-0.07,-0.383,18.18,18.19,18.26,18.25,18.33,18.15,1162552.0,21159598.0,10:18:58
sh688290,景业智能,53.26,1.04,1.992,53.26,53.34,52.22,52.19,53.63,52.01,255124.0,13515218.0,10:18:59
sh688291,金橙子,42.1,0.01,0.024,42.03,42.09,42.09,42.12,42.56,41.81,461854.0,19456108.0,10:18:59
sh688292,浩瀚深度,24.6,0.28,1.151,24.59,24.6,24.32,24.36,24.64,24.31,947842.0,23174414.0,10:18:58
sh688293,奥浦迈,52.72,-0.73,-1.366,52.71,52.73,53.45,54.6,54.6,52.62,377927.0,20069328.0,10:18:59
sh688295,中复神鹰,52.25,-0.23,-0.438,52.23,52.25,52.48,52.41,53.29,51.41,7170315.0,374556919.0,10:18:59
sh688296,和达科技,13.72,0.12,0.882,13.72,13.75,13.6,13.59,13.76,13.5,337683.0,4602456.0,10:18:57
sh688297,中无人机,49.38,0.09,0.183,49.39,49.43,49.29,49.36,49.49,48.86,2324712.0,114414035.0,10:18:58
sh688298,东方生物,22.81,-0.15,-0.653,22.81,22.83,22.96,23.05,23.05,22.79,299976.0,6855253.0,10:18:57
sh688299,长阳科技,18.15,0.21,1.171,18.15,18.17,17.94,17.93,18.29,17.93,1442176.0,26210267.0,10:18:59
sh688300,联瑞新材,92.82,-0.2,-0.215,92.8,93.07,93.02,92.25,94.63,91.66,1883593.0,175312452.0,10:18:55
sh688301,奕瑞科技,111.05,4.45,4.174,111.05,111.13,106.6,107.5,111.78,106.3,1275964.0,140542489.0,10:18:58
sh688302,海创药业,46.07,-0.4,-0.861,46.07,46.2,46.47,46.25,46.45,45.56,700221.0,32198442.0,10:18:57
sh688303,大全能源,22.51,0.61,2.785,22.5,22.52,21.9,22.16,22.62,22.01,7274044.0,162450453.0,10:18:58
sh688305,科德数控,57.69,0.5,0.874,57.67,57.74,57.19,57.48,57.85,57.36,443218.0,25522309.0,10:18:51
sh688306,均普智能,9.2,0.18,1.996,9.19,9.2,9.02,9.04,9.28,9.04,4777820.0,43852968.0,10:18:56
sh688307,中润光学,80.56,-0.72,-0.886,80.55,80.64,81.28,81.29,81.6,79.9,1356434.0,109324714.0,10:18:57
sh688308,欧科亿,98.25,0.73,0.749,98.24,98.25,97.52,95.55,102.0,95.55,3824828.0,377898830.0,10:18:58
sh688309,恒誉环保,73.51,1.16,1.603,73.26,73.51,72.35,72.93,74.69,70.87,923005.0,67327729.0,10:18:59
sh688310,迈得医疗,15.73,-0.01,-0.064,15.72,15.73,15.74,15.72,15.8,15.48,610559.0,9545671.0,10:18:58
sh688311,盟升电子,39.1,0.17,0.437,39.11,39.12,38.93,39.09,39.22,38.52,1107684.0,43012287.0,10:18:58
sh688312,燕麦科技,60.59,-0.07,-0.115,60.59,60.6,60.66,60.66,61.28,59.74,3009998.0,181672664.0,10:18:56
sh688313,仕佳光子,113.91,-0.68,-0.593,113.91,113.93,114.59,113.81,115.37,110.8,13059118.0,1475974782.0,10:18:57
sh688314,康拓医疗,48.38,-0.11,-0.227,48.37,48.39,48.49,48.49,48.94,47.68,823622.0,39846657.0,10:18:55
sh688315,诺禾致源,14.36,-0.17,-1.17,14.36,14.37,14.53,14.52,14.53,14.3,1236722.0,17762885.0,10:18:58
sh688316,青云科技,77.39,3.31,4.468,77.35,77.39,74.08,74.07,78.38,74.07,2620017.0,200938662.0,10:18:59
sh688317,之江生物,20.44,-0.33,-1.589,20.43,20.44,20.77,20.8,20.8,20.35,1263566.0,25856980.0,10:18:57
sh688318,财富趋势,115.4,2.21,1.952,115.3,115.39,113.19,113.6,115.5,112.65,1398090.0,159824107.0,10:18:58
sh688319,欧林生物,28.75,-0.19,-0.657,28.74,28.75,28.94,28.24,29.19,28.24,2699346.0,77587440.0,10:18:59
sh688320,禾川科技,31.23,0.03,0.096,31.23,31.26,31.2,31.5,31.83,31.12,565661.0,17737852.0,10:18:55
sh688321,微芯生物,31.59,0.47,1.51,31.58,31.59,31.12,31.11,31.76,30.91,4928241.0,154616128.0,10:18:57
sh688322,奥比中光,83.27,1.97,2.423,83.26,83.31,81.3,82.69,84.49,81.82,3606641.0,300359849.0,10:18:56
sh688323,瑞华泰,20.64,-0.01,-0.048,20.63,20.65,20.65,20.7,20.8,20.21,1573116.0,32249383.0,10:18:58
sh688325,赛微微电,118.38,-0.28,-0.236,118.3,118.78,118.66,119.01,119.51,116.06,336480.0,39733215.0,10:18:59
sh688326,经纬恒润,120.66,2.04,1.72,120.54,120.66,118.62,121.0,122.36,119.35,532076.0,64242044.0,10:18:57
sh688327,云从科技,13.14,0.2,1.546,13.13,13.14,12.94,13.0,13.18,12.98,5293486.0,69340036.0,10:18:56
sh688328,深科达,40.79,0.29,0.716,40.75,40.79,40.5,40.88,41.1,40.1,1590452.0,64354497.0,10:18:57
sh688329,艾隆科技,24.07,0.07,0.292,24.07,24.09,24.0,23.99,24.16,23.61,421479.0,10074527.0,10:18:58
sh688330,宏力达,50.59,-0.21,-0.413,50.55,50.59,50.8,50.8,50.95,50.11,770357.0,38821960.0,10:18:59
sh688331,荣昌生物,151.43,2.43,1.631,151.43,151.53,149.0,148.0,155.24,144.01,5138804.0,771922697.0,10:18:58
sh688332,中科蓝讯,127.48,1.17,0.926,127.36,127.48,126.31,126.0,127.68,125.77,629549.0,79838130.0,10:18:58
sh688333,铂力特,96.25,0.65,0.68,96.26,96.38,95.6,95.6,96.74,94.62,2496262.0,238367698.0,10:18:57
sh688334,西高院,22.14,-0.12,-0.539,22.13,22.14,22.26,22.27,22.27,21.98,1500641.0,33165537.0,10:18:56
sh688335,复洁科技,34.4,-0.11,-0.319,34.34,34.39,34.51,34.51,34.7,34.1,393136.0,13497071.0,10:18:57
sh688336,三生国健,85.96,-3.32,-3.719,85.89,85.96,89.28,86.65,88.18,83.53,6042055.0,519235701.0,10:18:56
sh688337,普源精电,57.09,2.35,4.293,57.0,57.09,54.74,54.7,57.88,54.1,3040312.0,170501900.0,10:18:58
sh688338,赛科希德,29.16,-0.02,-0.069,29.12,29.16,29.18,29.42,29.5,28.99,192549.0,5612993.0,10:18:54
sh688339,亿华通,25.18,0.3,1.206,25.18,25.19,24.88,25.06,25.7,25.0,1691337.0,42602295.0,10:18:57
sh688343,云天励飞,90.6,1.4,1.57,90.53,90.6,89.2,89.77,91.2,88.18,4509623.0,406450927.0,10:18:59
sh688345,博力威,52.38,-0.93,-1.745,52.38,52.4,53.31,53.34,53.89,52.3,1950441.0,103484300.0,10:18:57
sh688347,华虹公司,126.01,2.67,2.165,126.0,126.08,123.34,123.56,127.53,122.3,5510357.0,690536070.0,10:18:57
sh688348,昱能科技,53.24,0.58,1.101,53.22,53.24,52.66,52.65,53.55,52.34,771278.0,40944321.0,10:18:56
sh688349,三一重能,23.61,-0.11,-0.464,23.61,23.62,23.72,23.77,23.95,23.56,1479206.0,35132467.0,10:18:58
sh688350,富淼科技,28.45,0.41,1.462,28.45,28.52,28.04,28.04,28.75,27.98,977918.0,27670146.0,10:18:57
sh688351,微电生理,23.85,-0.34,-1.406,23.85,23.86,24.19,24.15,24.17,23.81,1188703.0,28418198.0,10:18:58
sh688352,颀中科技,12.82,0.04,0.313,12.82,12.83,12.78,12.76,12.86,12.71,2247088.0,28728887.0,10:18:57
sh688353,华盛锂电,125.67,2.67,2.171,125.66,125.67,123.0,123.0,128.21,122.3,3931116.0,493535859.0,10:18:56
sh688355,明志科技,22.59,0.14,0.624,22.59,22.62,22.45,22.44,22.75,22.3,836432.0,18818352.0,10:18:59
sh688356,键凯科技,106.04,2.19,2.109,105.83,106.04,103.85,104.54,106.72,102.72,444845.0,46828910.0,10:18:59
sh688357,建龙微纳,35.88,0.37,1.042,35.88,35.89,35.51,35.98,36.02,35.08,351102.0,12496491.0,10:19:03
sh688358,祥生医疗,29.61,-0.03,-0.101,29.6,29.61,29.64,29.68,29.68,29.39,277767.0,8195410.0,10:19:03
sh688359,三孚新科,93.27,1.47,1.601,93.28,93.38,91.8,92.97,93.38,90.3,1302293.0,119959258.0,10:19:01
sh688360,德马科技,18.99,0.21,1.118,18.98,18.99,18.78,18.78,19.02,18.77,568705.0,10762434.0,10:19:01
sh688361,中科飞测,175.98,2.15,1.237,175.98,176.1,173.83,173.8,177.0,171.05,1364949.0,238573150.0,10:19:03
sh688362,甬矽电子,49.0,1.47,3.093,48.98,49.05,47.53,48.34,49.68,47.82,5995785.0,292340510.0,10:19:03
sh688363,华熙生物,42.93,-0.34,-0.786,42.92,42.93,43.27,43.26,43.26,42.56,1032815.0,44169649.0,10:19:02
sh688365,光云科技,18.98,0.53,2.873,18.95,18.98,18.45,18.41,19.04,18.41,6175791.0,116400069.0,10:19:03
sh688366,昊海生科,38.92,-0.18,-0.46,38.92,38.93,39.1,39.08,39.08,38.75,129187.0,5024993.0,10:19:01
sh688367,工大高科,37.55,0.45,1.213,37.45,37.55,37.1,37.1,37.72,36.37,744754.0,27619148.0,10:19:03
sh688368,晶丰明源,145.62,2.8,1.961,145.62,145.95,142.82,141.28,146.82,140.0,882597.0,127562228.0,10:19:03
sh688369,致远互联,25.2,0.55,2.231,25.2,25.21,24.65,24.64,25.46,24.43,2382454.0,59876352.0,10:19:01
sh688370,丛麟科技,24.4,0.15,0.619,24.37,24.4,24.25,24.24,24.46,24.24,304815.0,7418745.0,10:18:39
sh688371,菲沃泰,21.06,0.11,0.525,21.06,21.08,20.95,21.03,21.39,20.81,382989.0,8035530.0,10:19:04
sh688372,伟测科技,155.55,0.93,0.601,155.42,155.55,154.62,153.74,156.49,152.5,2049621.0,317382925.0,10:19:04
sh688373,盟科药业,6.29,-0.07,-1.101,6.29,6.3,6.36,6.35,6.35,6.22,4463033.0,28013707.0,10:19:03
sh688375,国博电子,126.5,4.0,3.265,126.29,126.49,122.5,122.5,127.33,121.89,3087068.0,384021246.0,10:19:02
sh688376,美埃科技,73.66,0.36,0.491,73.66,73.78,73.3,73.14,74.43,72.58,1050968.0,77374371.0,10:19:03
sh688377,迪威尔,38.8,0.24,0.622,38.79,38.8,38.56,38.97,38.97,38.07,422806.0,16269379.0,10:19:01
sh688378,奥来德,36.92,0.02,0.054,36.92,36.93,36.9,36.89,37.18,36.61,1204240.0,44340068.0,10:19:01
sh688379,华光新材,51.56,2.03,4.099,51.4,51.48,49.53,49.75,51.77,49.69,1520926.0,77085649.0,10:19:03
sh688380,中微半导,46.84,0.78,1.693,46.82,46.84,46.06,46.46,47.01,45.88,2778554.0,129234125.0,10:19:02
sh688381,帝奥微,25.59,0.83,3.352,25.59,25.6,24.76,24.58,25.98,24.51,5533386.0,140523329.0,10:19:02
sh688382,益方生物,22.15,0.88,4.137,22.15,22.16,21.27,21.22,22.65,20.87,14913141.0,327046933.0,10:19:01
sh688383,新益昌,95.29,0.09,0.095,95.2,95.35,95.2,95.48,95.84,93.59,322712.0,30725591.0,10:19:02
sh688385,复旦微电,68.8,0.11,0.16,68.76,68.87,68.69,68.68,69.13,67.7,2981444.0,204066717.0,10:19:03
sh688386,泛亚微透,78.96,0.39,0.496,78.95,78.96,78.57,79.81,81.5,78.6,456325.0,36282217.0,10:18:55
sh688387,信科移动,17.34,0.45,2.664,17.3,17.34,16.89,16.72,17.43,16.7,40333395.0,690736818.0,10:19:01
sh688388,嘉元科技,48.29,-0.31,-0.638,48.27,48.29,48.6,49.17,49.5,47.36,9430394.0,453169224.0,10:19:02
sh688389,普门科技,12.62,-0.08,-0.63,12.62,12.63,12.7,12.69,12.7,12.58,603718.0,7623261.0,10:18:49
sh688390,固德威,86.98,0.43,0.497,86.96,86.98,86.55,87.34,88.1,85.6,2666582.0,231733277.0,10:19:03
sh688391,钜泉科技,30.79,0.25,0.819,30.77,30.8,30.54,30.69,30.89,30.06,245997.0,7510661.0,10:19:04
sh688392,骄成超声,130.77,3.49,2.742,130.79,130.95,127.28,128.3,132.0,126.55,760576.0,98666812.0,10:19:03
sh688393,安必平,23.47,-0.04,-0.17,23.46,23.48,23.51,23.65,23.65,23.17,480818.0,11248269.0,10:19:03
sh688395,正弦电气,26.18,0.09,0.345,26.14,26.18,26.09,26.08,26.24,25.8,218870.0,5687343.0,10:19:03
sh688396,华润微,48.72,0.42,0.87,48.68,48.71,48.3,48.36,48.88,48.21,4369139.0,212287573.0,10:19:01
sh688398,赛特新材,27.03,-0.93,-3.326,27.03,27.07,27.96,27.76,27.92,26.92,1540600.0,42151307.0,10:19:03
sh688399,硕世生物,52.38,1.46,2.867,52.32,52.35,50.92,51.3,52.79,50.05,736264.0,37874021.0,10:19:03
sh688400,凌云光,47.45,0.22,0.466,47.43,47.47,47.23,47.54,47.69,46.71,3384315.0,160076979.0,10:19:03
sh688401,路维光电,53.28,0.68,1.293,53.27,53.28,52.6,53.3,53.69,52.54,927475.0,49398885.0,10:19:02
sh688403,汇成股份,16.12,0.35,2.219,16.1,16.11,15.77,15.7,16.15,15.57,14151474.0,223802485.0,10:19:03
sh688408,中信博,39.96,0.13,0.326,39.96,40.0,39.83,40.2,40.2,39.5,1198527.0,47835985.0,10:19:03
sh688409,富创精密,99.01,-1.09,-1.089,98.87,98.99,100.1,101.8,101.8,98.51,1388428.0,138723856.0,10:19:02
sh688410,山外山,15.78,-0.14,-0.879,15.78,15.79,15.92,16.0,16.0,15.66,1231177.0,19395593.0,10:19:01
sh688411,海博思创,235.0,3.67,1.586,235.0,235.01,231.33,233.0,237.31,230.0,1300502.0,304823961.0,10:19:03
sh688416,恒烁股份,82.69,0.61,0.743,82.69,82.79,82.08,81.96,84.38,80.28,1656556.0,135822576.0,10:18:59
sh688418,震有科技,46.76,-0.44,-0.932,46.76,46.77,47.2,47.48,47.5,46.2,3173282.0,148377248.0,10:19:03
sh688419,耐科装备,48.56,0.06,0.124,48.51,48.56,48.5,48.48,48.89,47.48,855561.0,41030944.0,10:19:04
sh688420,美腾科技,24.32,0.23,0.955,24.32,24.33,24.09,24.0,24.4,23.87,158408.0,3822268.0,10:18:58
sh688425,铁建重工,4.86,0.0,0.0,4.85,4.86,4.86,4.86,4.88,4.85,4629593.0,22518533.0,10:19:02
sh688426,康为世纪,20.24,-0.13,-0.638,20.24,20.3,20.37,20.36,20.36,20.02,258782.0,5224445.0,10:19:03
sh688428,诺诚健华,30.91,-0.26,-0.834,30.91,30.92,31.17,30.86,31.91,30.35,8931739.0,277661293.0,10:19:02
sh688429,时创能源,14.74,-0.39,-2.578,14.74,14.75,15.13,15.36,15.36,14.51,2318978.0,34255768.0,10:18:56
sh688432,有研硅,14.52,0.07,0.484,14.52,14.53,14.45,14.5,14.59,14.28,3244197.0,46742358.0,10:19:04
sh688433,华曙高科,82.28,3.38,4.284,82.28,82.46,78.9,78.91,83.47,78.91,3563712.0,292204089.0,10:19:02
sh688435,英方软件,42.75,0.55,1.303,42.75,42.77,42.2,42.88,42.88,42.13,477092.0,20298734.0,10:19:01
sh688439,振华风光,51.1,-0.05,-0.098,51.1,51.11,51.15,51.16,51.3,50.85,590435.0,30146671.0,10:19:00
sh688443,智翔金泰,31.93,-0.07,-0.219,31.91,31.93,32.0,32.03,32.17,31.71,1755999.0,56050331.0,10:19:04
sh688448,磁谷科技,63.49,2.69,4.424,63.3,63.45,60.8,61.78,63.8,61.2,891596.0,55668491.0,10:19:03
sh688449,联芸科技,47.96,1.47,3.162,47.96,48.0,46.49,46.68,48.9,46.05,4716386.0,224867242.0,10:19:03
sh688450,光格科技,40.5,0.5,1.25,40.5,40.51,40.0,40.0,40.92,39.75,799562.0,32290042.0,10:19:03
sh688455,科捷智能,27.99,-0.17,-0.604,28.0,28.04,28.16,28.17,28.28,27.78,700630.0,19628226.0,10:19:03
sh688456,有研粉材,57.18,0.67,1.186,57.17,57.18,56.51,56.51,57.37,56.33,817860.0,46519024.0,10:19:01
sh688458,美芯晟,35.73,0.23,0.648,35.7,35.73,35.5,35.39,35.85,35.36,442140.0,15713841.0,10:18:52
sh688459,哈铁科技,9.32,0.12,1.304,9.31,9.32,9.2,9.2,9.32,9.16,534776.0,4964441.0,10:18:59
sh688466,金科环境,17.11,-0.09,-0.523,17.1,17.11,17.2,17.18,17.22,16.93,492806.0,8410591.0,10:18:59
sh688468,科美诊断,7.2,-0.01,-0.139,7.19,7.2,7.21,7.2,7.22,7.16,937144.0,6735495.0,10:18:47
sh688469,芯联集成,6.66,0.05,0.756,6.65,6.66,6.61,6.64,6.67,6.6,16658942.0,110615365.0,10:19:04
sh688472,阿特斯,13.35,0.15,1.136,13.35,13.36,13.2,13.24,13.42,13.09,16724176.0,221792925.0,10:19:02
sh688475,萤石网络,29.56,0.3,1.025,29.56,29.59,29.26,29.31,29.82,29.29,2891723.0,85654066.0,10:19:02
sh688478,晶升股份,37.56,1.11,3.045,37.47,37.51,36.45,36.5,37.7,35.89,1972421.0,72700514.0,10:19:02
sh688479,友车科技,36.02,3.5,10.763,36.0,36.02,32.52,32.54,36.02,32.54,2833169.0,98794691.0,10:19:02
sh688480,赛恩斯,85.8,0.53,0.622,85.7,85.75,85.27,85.67,88.96,84.6,1289893.0,111103856.0,10:19:04
sh688484,南芯科技,37.62,0.28,0.75,37.62,37.64,37.34,37.0,37.77,37.0,1101605.0,41353338.0,10:19:03
sh688485,九州一轨,41.04,-0.97,-2.309,41.03,41.04,42.01,42.13,43.4,40.64,4577971.0,191173872.0,10:19:03
sh688486,龙迅股份,67.62,3.18,4.935,67.62,67.63,64.44,66.15,68.48,66.15,2051882.0,138650448.0,10:19:03
sh688488,艾迪药业,19.8,-0.71,-3.462,19.8,19.81,20.51,20.0,20.08,19.71,6270939.0,124608084.0,10:19:03
sh688489,三未信安,39.62,0.16,0.405,39.62,39.68,39.46,39.51,39.89,39.51,154832.0,6139481.0,10:19:03
sh688496,清越科技,5.77,-0.11,-1.871,5.76,5.77,5.88,5.88,5.88,5.66,3473288.0,19898014.0,10:19:00
sh688498,源杰科技,1281.88,-4.12,-0.32,1280.36,1281.88,1286.0,1269.0,1300.0,1268.0,836666.0,1076689379.0,10:19:02
sh688499,利元亨,51.12,0.59,1.168,51.12,51.16,50.53,51.08,52.09,50.0,2589144.0,132434847.0,10:19:05
sh688500,慧辰股份,49.65,1.55,3.222,49.57,49.65,48.1,48.15,49.78,48.15,584453.0,28732052.0,10:19:01
sh688501,青达环保,26.19,-0.11,-0.418,26.14,26.16,26.3,26.55,26.56,25.79,887121.0,23080207.0,10:19:02
sh688502,茂莱光学,355.03,9.53,2.758,355.03,355.35,345.5,355.13,358.5,347.0,479882.0,169995582.0,10:19:04
sh688503,聚和材料,95.6,3.11,3.363,95.6,95.66,92.49,92.9,96.4,91.0,4867082.0,460714633.0,10:19:03
sh688505,复旦张江,8.02,-0.06,-0.743,8.02,8.03,8.08,8.03,8.07,7.96,1282366.0,10271610.0,10:18:56
sh688506,百利天恒,309.95,-3.9,-1.243,309.95,310.58,313.85,308.5,313.78,302.09,710398.0,219578872.0,10:19:04
sh688507,索辰科技,92.13,4.7,5.376,92.0,92.13,87.43,88.8,92.5,87.88,1192367.0,107837499.0,10:19:05
sh688508,芯朋微,65.38,1.63,2.557,65.32,65.38,63.75,63.77,66.17,63.39,1626144.0,105400433.0,10:19:04
sh688509,正元地信,4.54,0.02,0.442,4.53,4.54,4.52,4.52,4.55,4.5,1913634.0,8647153.0,10:19:00
sh688510,航亚科技,32.63,-0.57,-1.717,32.62,32.63,33.2,33.13,33.49,32.6,2545130.0,83855700.0,10:19:04
sh688511,*ST天微,22.49,0.26,1.17,22.46,22.49,22.23,22.4,22.77,22.39,683095.0,15392132.0,10:19:04
sh688512,慧智微,12.79,0.03,0.235,12.78,12.79,12.76,12.75,12.86,12.73,3129399.0,40007118.0,10:19:05
sh688513,苑东生物,67.03,0.17,0.254,67.03,67.04,66.86,66.82,67.2,65.5,1270495.0,84423800.0,10:19:00
sh688515,裕太微,127.72,1.12,0.885,127.56,127.76,126.6,127.1,128.45,126.38,428768.0,54630569.0,10:19:03
sh688516,奥特维,76.04,0.92,1.225,76.01,76.04,75.12,75.2,76.98,72.1,5461172.0,406618564.0,10:19:02
sh688517,金冠电气,21.27,0.0,0.0,21.26,21.28,21.27,21.4,21.4,20.7,2128311.0,44682050.0,10:19:02
sh688518,联赢激光,26.51,0.55,2.119,26.51,26.52,25.96,26.2,26.78,25.96,4249299.0,112406587.0,10:19:05
sh688519,南亚新材,155.09,-7.89,-4.841,154.97,155.03,162.98,159.0,160.8,150.95,4315645.0,664334323.0,10:19:02
sh688520,神州细胞,43.06,-0.22,-0.508,43.06,43.14,43.28,43.28,43.43,42.58,1380857.0,59347922.0,10:19:05
sh688521,芯原股份,245.8,-8.44,-3.32,245.8,246.0,254.24,252.0,254.0,242.18,10796823.0,2659400957.0,10:19:04
sh688522,纳睿雷达,35.29,1.04,3.036,35.27,35.29,34.25,34.24,35.58,34.05,2070333.0,72635223.0,10:19:03
sh688523,航天环宇,68.78,-0.13,-0.189,68.73,68.78,68.91,68.57,69.35,67.0,4192034.0,285880144.0,10:19:02
sh688525,佰维存储,284.45,-0.96,-0.336,284.26,284.45,285.41,273.0,291.8,271.99,24298348.0,6850084934.0,10:19:02
sh688526,科前生物,15.11,-0.06,-0.396,15.11,15.12,15.17,15.2,15.24,15.06,951550.0,14413700.0,10:18:57
sh688528,秦川物联,10.63,0.06,0.568,10.63,10.64,10.57,10.66,10.68,10.42,424863.0,4481688.0,10:18:57
sh688529,豪森智能,18.18,0.29,1.621,18.17,18.18,17.89,18.1,18.19,17.93,370205.0,6685994.0,10:18:58
sh688530,欧莱新材,31.41,-0.35,-1.102,31.41,31.45,31.76,31.58,31.71,30.61,2535709.0,79053052.0,10:19:03
sh688531,日联科技,83.75,0.0,0.0,0.0,0.0,83.75,0.0,0.0,0.0,0.0,0.0,10:18:50
sh688533,上声电子,26.76,0.08,0.3,26.76,26.79,26.68,26.65,26.93,26.65,348995.0,9343534.0,10:18:39
sh688535,华海诚科,125.71,1.61,1.297,125.61,125.88,124.1,124.48,126.44,123.0,888147.0,110998916.0,10:19:02
sh688536,思瑞浦,193.3,3.3,1.737,193.28,193.3,190.0,190.05,194.95,187.51,1697427.0,323733140.0,10:19:04
sh688538,和辉光电,2.27,0.0,0.0,2.27,2.28,2.27,2.27,2.29,2.27,10394680.0,23664494.0,10:19:05
sh688539,高华科技,37.65,-0.24,-0.633,37.65,37.69,37.89,37.88,38.05,37.4,1119921.0,42168723.0,10:19:04
sh688543,国科军工,72.06,1.36,1.924,72.06,72.09,70.7,71.2,72.27,70.13,2125611.0,151706156.0,10:19:03
sh688545,兴福电子,51.65,-0.43,-0.826,51.65,51.66,52.08,52.33,53.15,51.1,2134837.0,110581970.0,10:19:02
sh688548,广钢气体,24.75,0.89,3.73,24.75,24.77,23.86,24.15,25.08,23.82,13809530.0,339828362.0,10:19:03
sh688549,中巨芯,9.24,0.1,1.094,9.23,9.24,9.14,9.19,9.25,9.07,5669743.0,51926401.0,10:19:04
sh688550,瑞联新材,41.92,0.23,0.552,41.92,41.95,41.69,42.0,42.17,41.4,579487.0,24201650.0,10:19:02
sh688551,科威尔,46.13,0.29,0.633,46.13,46.16,45.84,46.07,46.37,44.41,1179820.0,53886572.0,10:19:02
sh688552,航天南湖,47.09,1.24,2.704,47.08,47.09,45.85,45.55,47.68,45.1,3663664.0,170826195.0,10:19:02
sh688553,汇宇制药,20.24,0.0,0.0,20.24,20.25,20.24,20.23,20.58,19.96,5370850.0,108915280.0,10:19:04
sh688556,高测股份,14.11,0.83,6.25,14.11,14.12,13.28,13.68,14.32,13.28,35967799.0,498499594.0,10:19:03
sh688557,兰剑智能,31.72,0.53,1.699,31.71,31.73,31.19,31.51,31.73,31.17,479935.0,15087263.0,10:19:02
sh688558,国盛智科,30.14,0.2,0.668,30.14,30.15,29.94,30.2,30.25,29.8,418305.0,12557421.0,10:19:02
sh688559,海目星,56.31,0.81,1.459,56.27,56.31,55.5,56.04,56.92,55.61,2254612.0,127071696.0,10:19:03
sh688560,明冠新材,14.63,0.15,1.036,14.62,14.63,14.48,14.54,14.69,14.41,999420.0,14551783.0,10:19:05
sh688561,奇安信,30.6,0.46,1.526,30.58,30.59,30.14,30.5,30.6,30.2,1380837.0,42080818.0,10:19:05
sh688562,航天软件,19.94,0.06,0.302,19.93,19.94,19.88,20.0,20.05,19.74,1396001.0,27765387.0,10:19:04
sh688563,航材股份,61.01,-0.38,-0.619,61.01,61.06,61.39,61.5,61.7,60.53,1235653.0,75358141.0,10:19:03
sh688565,力源科技,12.73,0.12,0.952,12.72,12.73,12.61,12.61,12.8,12.42,898815.0,11370639.0,10:19:04
sh688566,吉贝尔,31.86,-0.24,-0.748,31.81,31.86,32.1,31.8,31.92,31.38,1274349.0,40289130.0,10:19:05
sh688567,孚能科技,13.5,0.19,1.427,13.49,13.5,13.31,13.4,13.72,13.29,7253937.0,97964125.0,10:19:02
sh688568,中科星图,60.74,0.52,0.864,60.74,60.75,60.22,60.29,60.75,58.7,6077387.0,362136899.0,10:19:02
sh688569,铁科轨道,20.25,-0.11,-0.54,20.25,20.26,20.36,20.35,20.44,20.18,449763.0,9107297.0,10:19:04
sh688570,天玛智控,17.86,-0.03,-0.168,17.84,17.88,17.89,17.91,17.95,17.6,203000.0,3618362.0,10:18:55
sh688571,杭华股份,7.67,-0.03,-0.39,7.67,7.68,7.7,7.75,7.75,7.58,974773.0,7449728.0,10:18:52
sh688573,信宇人,21.37,0.36,1.713,21.37,21.38,21.01,21.07,21.56,20.88,2028085.0,43223295.0,10:19:04
sh688575,亚辉龙,14.83,-0.17,-1.133,14.83,14.84,15.0,15.0,15.0,14.83,999152.0,14859236.0,10:19:01
sh688576,西山科技,69.41,-0.37,-0.53,69.33,69.48,69.78,69.74,69.78,68.83,65110.0,4509562.0,10:19:03
sh688577,浙海德曼,66.72,0.25,0.376,66.72,66.77,66.47,68.0,68.13,65.9,192946.0,12861888.0,10:19:02
sh688578,艾力斯,98.72,-1.53,-1.526,98.71,98.72,100.25,99.5,100.0,98.28,1863294.0,184274169.0,10:19:03
sh688579,地纬智能,10.99,0.06,0.549,10.98,10.99,10.93,10.95,11.0,10.85,1222874.0,13358114.0,10:19:03
sh688580,伟思医疗,58.86,0.83,1.43,58.75,58.86,58.03,58.03,59.0,57.77,487160.0,28470658.0,10:19:03
sh688581,安杰思,55.8,-0.16,-0.286,55.89,55.99,55.96,55.96,56.08,55.6,46595.0,2600398.0,10:18:56
sh688582,芯动联科,61.39,0.12,0.196,61.35,61.39,61.27,61.26,61.6,60.91,1148281.0,70369896.0,10:19:03
sh688583,思看科技,127.67,2.67,2.136,127.57,127.97,125.0,124.99,128.95,124.14,461729.0,58561907.0,10:19:03
sh688584,上海合晶,20.12,0.18,0.903,20.12,20.13,19.94,20.0,20.3,19.89,1107076.0,22159430.0,10:19:04
sh688585,上纬新材,129.01,2.76,2.186,129.01,129.25,126.25,128.28,131.07,125.85,2073255.0,266813648.0,10:19:04
sh688586,江航装备,14.48,0.07,0.486,14.48,14.49,14.41,14.41,14.51,14.27,2211446.0,31838289.0,10:19:02
sh688588,凌志软件,12.09,0.12,1.003,12.08,12.09,11.97,12.0,12.1,11.99,786509.0,9476093.0,10:19:03
sh688589,力合微,22.64,0.39,1.753,22.64,22.65,22.25,22.24,22.72,22.16,1042096.0,23401410.0,10:19:05
sh688590,新致软件,14.93,0.88,6.263,14.93,14.94,14.05,14.1,14.95,14.04,7660527.0,111273579.0,10:19:03
sh688591,泰凌微,34.92,0.44,1.276,34.91,34.92,34.48,34.45,35.08,34.3,2409812.0,83508709.0,10:19:03
sh688592,司南导航,44.18,1.08,2.506,44.19,44.24,43.1,43.1,44.27,43.01,714491.0,31276975.0,10:19:03
sh688593,新相微,31.89,0.71,2.277,31.89,31.9,31.18,30.56,32.3,30.56,2932815.0,93099759.0,10:19:04
sh688595,芯海科技,34.4,1.55,4.718,34.4,34.45,32.85,32.84,34.73,32.61,2549084.0,85873859.0,10:19:02
sh688596,正帆科技,32.02,0.16,0.502,32.0,32.02,31.86,32.3,32.32,31.67,1794975.0,57509429.0,10:19:02
sh688597,煜邦电力,8.8,-0.15,-1.676,8.8,8.81,8.95,8.94,8.96,8.77,1582549.0,13940515.0,10:19:03
sh688598,金博股份,23.52,0.22,0.944,23.52,23.54,23.3,23.56,23.7,23.26,1251481.0,29364271.0,10:19:03
sh688599,天合光能,16.52,0.16,0.978,16.51,16.52,16.36,16.41,16.59,16.34,9909359.0,163409676.0,10:19:07
sh688600,皖仪科技,27.27,-0.06,-0.22,27.28,27.3,27.33,27.17,27.91,27.08,579550.0,15827710.0,10:19:06
sh688601,力芯微,52.88,0.38,0.724,52.88,52.9,52.5,52.79,53.59,51.88,1710787.0,90386932.0,10:19:06
sh688602,康鹏科技,8.26,0.0,0.0,8.25,8.26,8.26,8.26,8.32,8.11,6225176.0,51052298.0,10:19:06
sh688603,天承科技,95.65,-2.91,-2.953,95.44,95.64,98.56,98.5,98.5,93.86,2622485.0,250511304.0,10:19:04
sh688605,先锋精科,64.4,0.47,0.735,64.37,64.4,63.93,65.0,65.33,64.18,900825.0,58169174.0,10:19:05
sh688606,奥泰生物,61.1,0.2,0.328,61.1,61.21,60.9,60.95,61.25,60.63,66567.0,4053447.0,10:19:04
sh688607,康众医疗,61.82,-0.48,-0.77,61.6,61.81,62.3,62.29,63.1,61.0,937035.0,58314436.0,10:18:46
sh688608,恒玄科技,168.83,0.75,0.446,168.81,168.98,168.08,168.33,169.66,166.5,1471915.0,246930732.0,10:19:06
sh688609,九联科技,8.47,0.02,0.237,8.47,8.48,8.45,8.44,8.48,8.38,1673848.0,14103520.0,10:19:02
sh688610,埃科光电,109.26,-3.64,-3.224,109.26,109.31,112.9,111.77,111.78,108.56,731336.0,80254903.0,10:18:58
sh688611,杭州柯林,55.2,0.26,0.473,55.2,55.24,54.94,56.2,56.34,54.69,346039.0,19239406.0,10:18:56
sh688612,威迈斯,31.28,-0.35,-1.107,31.27,31.28,31.63,31.76,32.0,31.27,1861548.0,58694222.0,10:19:05
sh688613,奥精医疗,21.27,-0.07,-0.328,21.24,21.26,21.34,21.4,21.4,20.97,924668.0,19542980.0,10:19:05
sh688615,合合信息,187.32,8.62,4.824,187.33,187.4,178.7,181.3,187.5,180.02,2737560.0,503348149.0,10:19:04
sh688616,西力科技,13.37,0.01,0.075,13.36,13.37,13.36,13.38,13.46,13.22,623124.0,8288339.0,10:19:05
sh688617,惠泰医疗,259.64,1.14,0.441,259.09,259.55,258.5,258.49,260.8,256.12,192178.0,49633109.0,10:19:06
sh688618,三旺通信,38.34,-1.03,-2.616,38.32,38.34,39.37,38.56,38.61,37.4,3843490.0,146045299.0,10:19:05
sh688619,罗普特,15.4,0.1,0.654,15.4,15.41,15.3,15.45,15.8,15.34,1293676.0,19996221.0,10:19:01
sh688620,安凯微,11.42,0.18,1.601,11.42,11.43,11.24,11.29,11.45,11.25,1514285.0,17229704.0,10:19:05
sh688621,阳光诺和,67.11,-0.47,-0.695,67.01,67.1,67.58,67.57,67.57,66.2,699337.0,46655987.0,10:19:02
sh688622,禾信仪器,99.22,2.89,3.0,99.02,99.08,96.33,98.1,100.5,93.03,1283595.0,125416609.0,10:19:03
sh688623,双元科技,91.24,2.61,2.945,91.24,91.3,88.63,88.58,91.6,87.0,430051.0,38638782.0,10:19:04
sh688625,呈和科技,68.6,0.37,0.542,68.65,68.68,68.23,70.66,71.88,67.1,1496652.0,103141822.0,10:19:06
sh688626,翔宇医疗,59.22,0.24,0.407,59.22,59.27,58.98,58.7,59.28,58.5,476916.0,28067715.0,10:19:05
sh688627,精智达,280.75,5.31,1.928,280.76,281.39,275.44,275.62,284.9,267.85,1701358.0,470391257.0,10:19:05
sh688628,优利德,64.07,-0.44,-0.682,64.07,64.08,64.51,64.55,65.98,63.48,1004760.0,64904711.0,10:19:05
sh688629,华丰科技,134.34,2.36,1.788,134.34,134.38,131.98,134.13,138.58,129.4,14867361.0,1988739110.0,10:19:06
sh688630,芯碁微装,230.2,-4.8,-2.043,230.03,230.07,235.0,234.6,236.93,224.9,4212559.0,963307067.0,10:19:06
sh688631,莱斯信息,55.21,1.35,2.506,55.16,55.21,53.86,54.06,55.49,53.95,687097.0,37459328.0,10:19:04
sh688633,星球石墨,26.01,0.45,1.761,25.98,26.01,25.56,25.55,26.06,25.46,727679.0,18680430.0,10:19:05
sh688636,智明达,44.41,-0.04,-0.09,44.36,44.41,44.45,44.8,44.9,43.76,1398810.0,61757863.0,10:19:05
sh688638,誉辰智能,42.28,0.68,1.635,42.24,42.3,41.6,41.6,42.66,41.05,244934.0,10301737.0,10:19:06
sh688639,华恒生物,28.34,0.02,0.071,28.34,28.35,28.32,28.44,28.63,28.3,1032048.0,29373802.0,10:19:05
sh688646,ST逸飞,51.2,-0.09,-0.175,51.2,51.33,51.29,51.29,52.0,50.91,251946.0,12974606.0,10:18:53
sh688648,中邮科技,52.71,0.83,1.6,52.66,52.71,51.88,51.97,53.01,51.87,560617.0,29397099.0,10:19:04
sh688651,盛邦安全,39.84,1.05,2.707,39.82,39.84,38.79,38.79,39.9,38.62,598020.0,23486612.0,10:19:05
sh688652,京仪装备,106.51,0.0,0.0,106.51,106.61,106.51,106.64,107.3,105.23,997928.0,106175276.0,10:19:04
sh688653,康希通信,13.2,0.08,0.61,13.2,13.21,13.12,13.12,13.24,13.08,1225563.0,16138466.0,10:19:04
sh688655,迅捷兴,33.7,-1.15,-3.3,33.7,33.71,34.85,35.14,35.24,32.35,8025054.0,269999137.0,10:19:06
sh688656,浩欧博,137.0,0.37,0.271,136.71,136.99,136.63,137.19,138.0,135.2,146559.0,20031964.0,10:19:06
sh688657,浩辰软件,48.71,0.61,1.268,48.66,48.72,48.1,48.29,48.74,48.04,203269.0,9837970.0,10:18:58
sh688658,悦康药业,20.35,-0.26,-1.262,20.35,20.36,20.61,19.9,20.67,19.83,7215048.0,145549846.0,10:19:04
sh688659,元琛科技,9.82,0.17,1.762,9.82,9.83,9.65,9.78,9.85,9.6,876083.0,8522621.0,10:19:05
sh688660,电气风电,12.55,0.2,1.619,12.54,12.55,12.35,12.34,12.59,12.3,3714730.0,46172554.0,10:19:05
sh688661,和林微纳,85.93,-1.04,-1.196,85.93,85.94,86.97,86.6,88.19,83.83,1986546.0,169202591.0,10:19:05
sh688662,富信科技,65.04,-0.24,-0.368,65.04,65.1,65.28,65.33,65.59,64.4,1573213.0,102168850.0,10:19:05
sh688663,新风光,62.6,0.83,1.344,62.53,62.57,61.77,61.69,63.08,60.52,1365774.0,84888797.0,10:19:05
sh688665,四方光电,46.83,0.17,0.364,46.77,46.83,46.66,46.68,47.37,46.46,216548.0,10105309.0,10:18:57
sh688667,菱电电控,135.83,-1.38,-1.006,135.84,136.09,137.21,134.74,138.58,131.0,1236291.0,165687333.0,10:19:05
sh688668,鼎通科技,203.42,30.73,17.795,203.2,203.42,172.69,179.0,206.0,176.5,9845714.0,1902620548.0,10:19:04
sh688669,聚石化学,26.18,0.21,0.809,26.17,26.18,25.97,25.96,26.32,25.62,791292.0,20529567.0,10:18:59
sh688670,金迪克,17.54,-0.12,-0.68,17.53,17.54,17.66,17.67,17.72,17.3,394887.0,6897217.0,10:19:02
sh688671,碧兴物联,21.28,0.25,1.189,21.28,21.3,21.03,21.04,21.33,20.78,239457.0,5042358.0,10:18:54
sh688676,金盘科技,85.68,0.18,0.211,85.68,85.7,85.5,86.36,86.99,84.01,4405173.0,377366004.0,10:19:05
sh688677,海泰新光,72.89,3.29,4.727,72.75,72.88,69.6,69.26,73.28,69.26,4256912.0,307004852.0,10:19:06
sh688678,福立旺,27.8,1.46,5.543,27.79,27.83,26.34,26.69,28.08,26.56,12363072.0,338926291.0,10:19:06
sh688679,通源环境,54.8,-1.05,-1.88,54.8,54.88,55.85,56.7,56.72,54.01,1668443.0,91764162.0,10:19:06
sh688680,海优新材,50.78,1.09,2.194,50.75,50.78,49.69,49.99,51.14,49.29,938812.0,47441597.0,10:19:06
sh688681,科汇股份,18.81,-0.17,-0.896,18.82,18.83,18.98,18.84,18.89,18.32,1283186.0,23824501.0,10:19:04
sh688682,霍莱沃,49.06,0.68,1.406,49.06,49.08,48.38,48.38,49.5,47.6,1099967.0,53380428.0,10:19:01
sh688683,莱尔科技,38.5,0.44,1.156,38.51,38.59,38.06,38.66,39.58,38.1,1028648.0,40045692.0,10:19:06
sh688685,迈信林,41.24,0.4,0.979,41.24,41.29,40.84,40.12,41.6,40.06,1582109.0,64855190.0,10:19:05
sh688686,奥普特,103.68,0.46,0.446,103.69,103.94,103.22,103.3,104.8,102.58,451996.0,46861957.0,10:19:04
sh688687,凯因科技,21.35,-0.14,-0.651,21.34,21.35,21.49,21.31,21.48,21.1,1457857.0,30982234.0,10:19:05
sh688689,银河微电,36.04,0.08,0.222,36.03,36.04,35.96,35.9,36.33,35.69,673298.0,24193381.0,10:19:07
sh688690,纳微科技,30.57,-0.73,-2.332,30.56,30.57,31.3,30.8,30.93,29.5,10984356.0,331491706.0,10:19:06
sh688691,灿芯股份,107.19,1.74,1.65,107.19,107.27,105.45,106.59,108.0,104.9,1837431.0,195685423.0,10:19:05
sh688692,达梦数据,248.31,13.71,5.844,248.32,248.49,234.6,235.84,249.7,234.8,1031824.0,251983491.0,10:19:05
sh688693,锴威特,92.36,0.85,0.929,92.36,92.38,91.51,93.0,95.54,90.11,1927871.0,179308364.0,10:19:02
sh688695,中创股份,23.95,0.1,0.419,23.92,23.97,23.85,23.93,23.99,23.6,359492.0,8574481.0,10:18:54
sh688696,极米科技,91.55,0.58,0.638,91.5,91.57,90.97,91.0,91.81,90.01,135220.0,12363900.0,10:19:04
sh688697,纽威数控,15.05,0.25,1.689,15.05,15.09,14.8,14.88,15.18,14.79,1002966.0,15084475.0,10:19:01
sh688698,伟创电气,70.81,0.53,0.754,70.77,70.81,70.28,72.94,73.0,70.5,3492169.0,250280700.0,10:19:04
sh688699,明微电子,46.2,0.45,0.984,46.18,46.2,45.75,45.9,46.41,45.71,683953.0,31531369.0,10:19:04
sh688700,东威科技,58.78,0.65,1.118,58.78,58.79,58.13,58.27,58.96,56.77,4153438.0,240643053.0,10:19:05
sh688701,卓锦股份,9.33,0.12,1.303,9.32,9.33,9.21,9.16,9.35,9.09,603922.0,5566594.0,10:19:02
sh688702,盛科通信,227.2,5.69,2.569,227.2,227.33,221.51,221.5,231.9,215.05,2961168.0,669907025.0,10:19:05
sh688707,振华新材,14.04,0.11,0.79,14.03,14.04,13.93,14.05,14.25,13.92,3342342.0,47152241.0,10:19:04
sh688708,佳驰科技,53.0,0.19,0.36,53.0,53.05,52.81,52.5,53.25,52.5,217128.0,11478898.0,10:19:06
sh688709,成都华微,44.6,0.39,0.882,44.56,44.6,44.21,44.4,44.74,43.94,1916840.0,85041296.0,10:18:57
sh688710,益诺思,70.48,-1.14,-1.592,70.45,70.5,71.62,71.0,72.2,69.23,567451.0,40070766.0,10:18:50
sh688711,宏微科技,27.94,0.49,1.785,27.94,28.0,27.45,27.65,28.05,27.5,1538575.0,42845286.0,10:18:58
sh688712,北芯生命,41.7,-0.76,-1.79,41.69,41.7,42.46,42.63,42.73,41.46,2015484.0,84330389.0,10:18:58
sh688716,中研股份,33.11,0.05,0.151,33.06,33.1,33.06,33.05,33.33,32.83,357374.0,11808291.0,10:18:56
sh688717,艾罗能源,105.35,-0.66,-0.623,105.35,105.39,106.01,106.0,108.53,104.13,2629074.0,280532384.0,10:18:58
sh688718,唯赛勃,15.66,0.29,1.887,15.65,15.67,15.37,15.49,15.78,15.16,723310.0,11196211.0,10:18:58
sh688719,爱科赛博,52.4,2.4,4.8,52.26,52.4,50.0,50.93,52.74,50.2,2135771.0,109908945.0,10:18:59
sh688720,艾森股份,76.18,0.38,0.501,76.14,76.18,75.8,75.89,76.7,75.1,825948.0,62715217.0,10:18:58
sh688721,龙图光罩,39.72,0.27,0.684,39.72,39.74,39.45,39.88,39.88,39.36,298215.0,11823967.0,10:18:54
sh688722,同益中,17.23,0.04,0.233,17.22,17.23,17.19,17.18,17.29,17.15,678494.0,11680128.0,10:18:54
sh688726,拉普拉斯,65.8,0.75,1.153,65.77,65.8,65.05,64.02,66.46,60.21,17710023.0,1119568996.0,10:18:58
sh688727,恒坤新材,50.38,0.17,0.339,50.37,50.38,50.21,50.2,50.67,49.65,722765.0,36242363.0,10:18:55
sh688728,格科微,13.21,0.04,0.304,13.2,13.21,13.17,13.18,13.24,13.12,3248426.0,42800161.0,10:18:57
sh688729,屹唐股份,23.09,0.15,0.654,23.08,23.09,22.94,23.08,23.18,22.8,1721675.0,39573588.0,10:18:57
sh688733,壹石通,29.71,-0.02,-0.067,29.7,29.71,29.73,29.99,30.04,29.32,2043089.0,60581877.0,10:18:59
sh688737,中自科技,25.95,0.11,0.426,25.95,25.97,25.84,25.99,26.01,25.63,199019.0,5141657.0,10:18:55
sh688739,成大生物,24.73,-0.09,-0.363,24.73,24.75,24.82,24.81,24.85,24.69,375812.0,9300858.0,10:18:59
sh688750,金天钛业,18.36,0.12,0.658,18.36,18.37,18.24,18.35,18.49,18.19,947211.0,17335081.0,10:18:54
sh688755,汉邦科技,38.58,-0.14,-0.362,38.58,38.69,38.72,38.88,38.93,38.4,35906.0,1388239.0,10:18:40
sh688757,胜科纳米,25.8,-0.05,-0.193,25.8,25.81,25.85,26.2,26.25,25.61,1391438.0,36068508.0,10:18:58
sh688758,赛分科技,20.74,0.16,0.777,20.74,20.76,20.58,20.76,21.19,20.4,2801598.0,58476083.0,10:18:58
sh688759,必贝特,39.1,-1.2,-2.978,39.1,39.11,40.3,40.1,40.1,38.98,1605973.0,63197945.0,10:18:57
sh688765,禾元生物,65.67,-1.0,-1.5,65.65,65.67,66.67,66.4,66.4,65.51,349432.0,22987034.0,10:18:56
sh688766,普冉股份,268.0,2.55,0.961,268.08,268.5,265.45,264.97,271.86,258.37,2216088.0,589643440.0,10:18:58
sh688767,博拓生物,33.7,-0.77,-2.234,33.66,33.7,34.47,34.46,34.56,33.35,758066.0,25527439.0,10:18:59
sh688768,容知日新,46.91,0.84,1.823,46.88,46.91,46.07,46.3,47.0,45.82,361043.0,16815113.0,10:18:58
sh688772,珠海冠宇,16.41,0.27,1.673,16.41,16.42,16.14,16.27,16.6,16.13,15962875.0,261404317.0,10:18:58
sh688775,影石创新,196.08,1.18,0.605,196.11,196.19,194.9,194.08,198.48,194.08,215612.0,42302623.0,10:18:47
sh688776,国光电气,85.47,1.32,1.569,85.4,85.47,84.15,84.15,85.84,83.58,623825.0,52831957.0,10:18:57
sh688777,中控技术,67.2,1.2,1.818,67.18,67.19,66.0,66.4,67.8,66.26,4545813.0,305660026.0,10:18:58
sh688778,厦钨新能,75.71,-0.09,-0.119,75.7,75.71,75.8,77.05,77.35,75.63,3261042.0,249788895.0,10:18:58
sh688779,五矿新能,10.89,0.17,1.586,10.9,10.91,10.72,10.75,11.06,10.69,13830831.0,151200049.0,10:18:57
sh688781,视涯科技,37.93,-1.07,-2.744,37.91,37.93,39.0,38.51,38.93,37.9,2840454.0,108358365.0,10:18:57
sh688783,西安奕材,22.52,-0.05,-0.222,22.51,22.52,22.57,22.58,22.65,22.38,1402710.0,31581220.0,10:18:57
sh688785,恒运昌,302.47,-4.73,-1.54,302.5,302.8,307.2,308.98,309.1,300.9,192586.0,58606951.0,10:18:57
sh688786,悦安新材,32.71,0.19,0.584,32.72,32.74,32.52,32.42,33.1,32.03,882619.0,28746731.0,10:18:58
sh688787,海天瑞声,135.46,5.41,4.16,135.45,135.46,130.05,131.5,136.6,131.18,1314241.0,176337094.0,10:18:57
sh688788,科思科技,56.75,0.04,0.071,56.75,56.81,56.71,56.71,57.54,56.55,317637.0,18069641.0,10:18:55
sh688789,宏华数科,70.66,0.47,0.67,70.65,70.66,70.19,70.0,71.13,70.0,296199.0,20899433.0,10:18:59
sh688790,昂瑞微,139.59,-2.51,-1.766,139.59,139.6,142.1,140.71,141.47,137.51,520692.0,72399680.0,10:18:59
sh688793,倍轻松,21.24,-0.12,-0.562,21.22,21.24,21.36,21.36,21.51,21.09,554738.0,11767472.0,10:18:59
sh688795,摩尔线程,633.46,7.8,1.247,633.11,633.46,625.66,622.63,645.66,612.0,1729444.0,1093343924.0,10:18:59
sh688796,百奥赛图,101.99,-5.36,-4.993,101.99,102.0,107.35,108.08,108.08,101.12,1124556.0,116795916.0,10:18:59
sh688798,艾为电子,67.79,0.59,0.878,67.72,67.78,67.2,67.4,67.88,67.01,770830.0,51987997.0,10:18:54
sh688799,华纳药厂,57.86,-0.22,-0.379,57.88,57.9,58.08,57.82,59.76,57.37,2623425.0,152740695.0,10:18:57
sh688800,瑞可达,97.71,1.66,1.728,97.63,97.71,96.05,96.9,98.79,95.06,3608845.0,352109075.0,10:18:58
sh688802,沐曦股份,703.1,23.2,3.412,703.0,703.1,679.9,670.0,716.66,665.7,2086188.0,1452302095.0,10:18:59
sh688805,健信超导,53.33,-3.59,-6.307,53.33,53.34,56.92,54.23,55.7,53.01,4565790.0,245586047.0,10:18:58
sh688807,优迅股份,285.9,-2.93,-1.014,285.9,286.0,288.83,291.8,292.95,284.0,470005.0,135033238.0,10:18:57
sh688809,强一股份,363.0,-7.59,-2.048,362.8,363.0,370.59,371.0,373.96,360.01,880048.0,320503621.0,10:18:58
sh688811,C有研,18.77,-1.03,-5.202,18.77,18.79,19.8,19.3,19.8,18.63,19065277.0,363573674.0,10:18:58
sh688813,泰金新能,66.34,-3.37,-4.834,66.4,66.49,69.71,68.4,70.07,65.88,4299386.0,289072329.0,10:18:57
sh688816,易思维,66.47,-1.04,-1.541,66.47,66.48,67.51,67.51,67.54,65.7,673498.0,44707060.0,10:18:56
sh688818,电科蓝天,67.07,-0.01,-0.015,67.05,67.07,67.08,66.55,67.99,66.55,8309392.0,558149299.0,10:18:58
sh688819,天能股份,35.43,0.75,2.163,35.43,35.45,34.68,34.67,35.8,34.4,2411130.0,85101027.0,10:18:59
sh688981,中芯国际,104.12,0.21,0.202,104.11,104.12,103.91,103.5,105.0,103.0,15070660.0,1567234258.0,10:18:59
sz000001,平安银行,11.13,-0.08,-0.714,11.13,11.14,11.21,11.2,11.23,11.12,26023043.0,290797283.0,10:19:00
sz000002,万 科Ａ,3.96,-0.01,-0.252,3.95,3.96,3.97,3.97,4.0,3.94,28465898.0,112826972.0,10:19:00
sz000004,*ST国华,3.64,0.17,4.899,3.64,0.0,3.47,3.64,3.64,3.64,632600.0,2302664.0,10:19:00
sz000006,深振业Ａ,8.8,0.02,0.228,8.79,8.8,8.78,8.76,8.89,8.73,4615227.0,40715251.0,10:19:00
sz000007,全新好,13.62,0.23,1.718,13.61,13.62,13.39,13.39,13.67,13.28,1807100.0,24366423.0,10:19:00
sz000008,神州高铁,2.7,0.01,0.372,2.7,2.71,2.69,2.69,2.71,2.67,22647200.0,61011995.0,10:19:00
sz000009,中国宝安,8.94,0.08,0.903,8.93,8.94,8.86,8.9,9.02,8.86,9183868.0,82225213.0,10:19:00
sz000010,美丽生态,4.0,-0.03,-0.744,3.99,4.0,4.03,4.12,4.13,3.93,11137400.0,44530753.0,10:19:00
sz000011,深物业A,8.27,-0.04,-0.481,8.26,8.27,8.31,8.3,8.34,8.25,1147300.0,9505256.0,10:18:45
sz000012,南 玻Ａ,4.55,0.06,1.336,4.54,4.55,4.49,4.48,4.56,4.48,6430178.0,29126407.0,10:19:00
sz000014,沙河股份,13.12,0.01,0.076,13.12,13.13,13.11,13.12,13.24,13.08,2365820.0,31134580.0,10:19:00
sz000016,深康佳Ａ,3.27,0.09,2.83,3.26,3.27,3.18,3.2,3.28,3.16,16507800.0,53374895.0,10:19:00
sz000017,深中华A,6.8,0.02,0.295,6.8,6.81,6.78,6.82,6.84,6.75,1640316.0,11145735.0,10:19:00
sz000019,深粮控股,7.65,-0.2,-2.548,7.65,7.66,7.85,7.9,7.9,7.6,10034900.0,76817096.0,10:19:00
sz000020,深华发Ａ,15.73,0.0,0.0,15.73,15.74,15.73,15.8,15.81,15.6,1716300.0,26931882.0,10:19:00
sz000021,深科技,28.48,0.2,0.707,28.47,28.48,28.28,28.28,28.66,27.95,25319788.0,716228272.0,10:19:00
sz000025,特 力Ａ,16.14,-0.02,-0.124,16.12,16.14,16.16,16.16,16.24,16.06,918074.0,14804572.0,10:19:00
sz000026,飞亚达,17.21,-0.61,-3.423,17.2,17.21,17.82,17.5,17.89,17.09,18266890.0,318843146.0,10:19:00
sz000027,深圳能源,6.67,0.0,0.0,6.66,6.67,6.67,6.68,6.7,6.65,8018748.0,53569506.0,10:19:00
sz000028,国药一致,26.39,-0.06,-0.227,26.39,26.4,26.45,26.48,26.79,26.3,3070912.0,81393788.0,10:19:00
sz000029,深深房Ａ,19.82,0.09,0.456,19.81,19.84,19.73,19.81,20.02,19.71,868716.0,17251707.0,10:19:00
sz000030,富奥股份,5.19,0.04,0.777,5.19,5.2,5.15,5.18,5.23,5.17,4781977.0,24860245.0,10:18:57
sz000031,大悦城,2.87,-0.04,-1.375,2.86,2.87,2.91,2.91,2.93,2.85,11860100.0,34277938.0,10:19:00
sz000032,深桑达Ａ,18.88,0.28,1.505,18.86,18.88,18.6,18.61,18.98,18.61,6846300.0,129086373.0,10:19:06
sz000034,神州数码,35.43,0.53,1.519,35.43,35.44,34.9,34.92,35.61,34.9,4702313.0,166042208.0,10:19:06
sz000035,中国天楹,6.79,0.05,0.742,6.78,6.79,6.74,6.78,6.88,6.72,17725100.0,120101810.0,10:19:06
sz000036,华联控股,5.01,0.12,2.454,5.0,5.01,4.89,4.89,5.04,4.89,19315389.0,96261872.0,10:19:06
sz000037,深南电A,9.89,0.0,0.0,9.89,9.9,9.89,9.89,10.0,9.72,11107200.0,109810717.0,10:19:06
sz000039,中集集团,11.97,0.09,0.758,11.97,11.98,11.88,11.83,12.24,11.83,17245530.0,208385797.0,10:19:06
sz000042,中洲控股,8.78,-0.01,-0.114,8.78,8.79,8.79,8.78,8.83,8.74,675100.0,5926926.0,10:19:06
sz000045,深纺织Ａ,11.86,-0.17,-1.413,11.86,11.87,12.03,12.04,12.05,11.8,3616221.0,42848005.0,10:19:06
sz000048,京基智农,15.38,-0.17,-1.093,15.39,15.4,15.55,15.53,15.63,15.35,3826500.0,59024915.0,10:19:06
sz000049,德赛电池,27.41,0.24,0.883,27.41,27.42,27.17,27.24,27.67,27.04,3705808.0,101709305.0,10:19:06
sz000050,深天马Ａ,8.27,0.02,0.242,8.27,8.28,8.25,8.26,8.3,8.21,4913559.0,40540586.0,10:19:06
sz000055,方大集团,3.46,0.0,0.0,3.45,3.46,3.46,3.47,3.48,3.43,2479600.0,8569535.0,10:19:03
sz000056,皇庭国际,1.85,-0.03,-1.596,1.84,1.85,1.88,1.89,1.9,1.84,20845900.0,38913743.0,10:19:06
sz000058,深 赛 格,7.97,-0.01,-0.125,7.97,7.98,7.98,7.99,8.03,7.94,2021400.0,16103407.0,10:19:06
sz000059,华锦股份,5.28,0.01,0.19,5.28,5.29,5.27,5.26,5.31,5.23,6413518.0,33813286.0,10:19:06
sz000060,中金岭南,6.44,0.06,0.94,6.43,6.44,6.38,6.39,6.49,6.39,28578120.0,184265668.0,10:19:06
sz000061,农 产 品,7.3,0.0,0.0,7.3,7.31,7.3,7.31,7.33,7.25,2914100.0,21274811.0,10:19:06
sz000062,深圳华强,27.99,-0.01,-0.036,27.99,28.0,28.0,28.0,28.18,27.51,11145262.0,310855458.0,10:19:06
sz000063,中兴通讯,35.37,0.16,0.454,35.35,35.37,35.21,35.42,35.5,34.95,24632290.0,867348460.0,10:19:06
sz000065,北方国际,14.47,-0.3,-2.031,14.46,14.47,14.77,14.6,14.67,14.32,21485388.0,310538370.0,10:19:06
sz000066,中国长城,15.6,-0.05,-0.319,15.59,15.6,15.65,15.66,15.87,15.45,33314522.0,518428865.0,10:19:06
sz000068,华控赛格,3.27,0.01,0.307,3.26,3.27,3.26,3.27,3.29,3.23,2197000.0,7169063.0,10:19:06
sz000069,华侨城Ａ,2.23,-0.01,-0.446,2.22,2.23,2.24,2.24,2.25,2.22,10205200.0,22748255.0,10:19:06
sz000070,特发信息,19.77,0.89,4.714,19.75,19.77,18.88,18.61,20.1,18.41,70983057.0,1366576356.0,10:19:06
sz000078,海王生物,3.87,-0.15,-3.731,3.87,3.88,4.02,3.86,3.93,3.78,165382309.0,634856906.0,10:19:06
sz000088,盐 田 港,4.57,-0.03,-0.652,4.57,4.58,4.6,4.59,4.61,4.57,4074800.0,18696918.0,10:19:06
sz000089,深圳机场,6.84,0.03,0.441,6.84,6.85,6.81,6.81,6.87,6.8,2232600.0,15269460.0,10:19:03
sz000090,天健集团,3.64,0.0,0.0,3.63,3.64,3.64,3.64,3.65,3.62,4761800.0,17294947.0,10:19:06
sz000096,广聚能源,9.67,-0.1,-1.024,9.67,9.68,9.77,9.78,9.79,9.63,2196100.0,21251148.0,10:19:06
sz000099,中信海直,17.59,-0.05,-0.283,17.59,17.6,17.64,17.66,17.72,17.51,2356200.0,41427957.0,10:19:06
sz000100,TCL科技,4.33,-0.02,-0.46,4.32,4.33,4.35,4.36,4.36,4.26,136849750.0,589826854.0,10:19:06
sz000151,中成股份,11.92,0.12,1.017,11.92,11.93,11.8,11.87,11.92,11.8,1971001.0,23392849.0,10:19:06
sz000153,丰原药业,6.7,-0.28,-4.011,6.7,6.71,6.98,6.97,6.98,6.68,16720200.0,112939838.0,10:19:06
sz000155,川能动力,16.86,0.87,5.441,16.85,16.87,15.99,16.16,17.18,16.07,67162862.0,1126664833.0,10:19:06
sz000156,华数传媒,7.54,0.02,0.266,7.54,7.55,7.52,7.54,7.57,7.5,2391900.0,18043995.0,10:19:06
sz000157,中联重科,8.21,-0.47,-5.415,8.21,8.22,8.68,8.68,8.69,8.15,102165770.0,852492859.0,10:19:06
sz000158,常山北明,17.61,0.05,0.285,17.59,17.6,17.56,17.48,17.69,17.45,7443050.0,130640401.0,10:19:06
sz000159,国际实业,6.28,0.08,1.29,6.27,6.28,6.2,6.21,6.29,6.15,4219700.0,26255311.0,10:19:06
sz000166,申万宏源,4.77,0.02,0.421,4.76,4.77,4.75,4.77,4.78,4.76,23343299.0,111361539.0,10:19:06
sz000301,东方盛虹,11.52,0.06,0.524,11.51,11.52,11.46,11.43,11.6,11.37,5234700.0,60257446.0,10:19:06
sz000333,美的集团,77.6,0.11,0.142,77.6,77.61,77.49,77.77,78.44,77.4,9143526.0,713098742.0,10:19:06
sz000338,潍柴动力,26.66,0.06,0.226,26.64,26.66,26.6,26.78,26.86,26.4,30763623.0,819327205.0,10:19:06
sz000400,许继电气,25.91,-0.33,-1.258,25.9,25.93,26.24,26.0,26.1,25.66,13972251.0,361094255.0,10:19:06
sz000401,金隅冀东,4.73,0.0,0.0,4.73,4.74,4.73,4.73,4.78,4.72,4302300.0,20433794.0,10:19:06
sz000402,金 融 街,2.81,-0.07,-2.431,2.81,2.82,2.88,2.86,2.88,2.79,36340518.0,102685278.0,10:19:06
sz000403,派林生物,12.72,-0.07,-0.547,12.71,12.72,12.79,12.79,12.79,12.68,2000040.0,25428085.0,10:19:06
sz000404,长虹华意,7.11,0.06,0.851,7.11,7.12,7.05,7.07,7.14,7.05,2917323.0,20716366.0,10:19:06
sz000407,胜利股份,4.59,0.0,0.0,4.6,4.61,4.59,4.59,4.61,4.54,5637000.0,25733466.0,10:19:06
sz000408,藏格矿业,85.37,0.89,1.054,85.36,85.37,84.48,84.66,86.58,84.3,4952963.0,423210352.0,10:19:06
sz000409,云鼎科技,10.68,0.09,0.85,10.68,10.69,10.59,10.62,10.69,10.58,1450870.0,15438862.0,10:19:06
sz000410,沈阳机床,6.71,0.1,1.513,6.7,6.71,6.61,6.61,6.71,6.61,4809500.0,31969116.0,10:19:06
sz000411,英特集团,11.09,-0.19,-1.684,11.09,11.1,11.28,11.22,11.24,11.04,2841746.0,31521183.0,10:19:06
sz000415,渤海租赁,4.57,0.07,1.556,4.57,4.58,4.5,4.49,4.62,4.49,27223300.0,124499555.0,10:19:06
sz000417,合百集团,6.64,0.09,1.374,6.63,6.64,6.55,6.57,6.66,6.52,4207000.0,27705064.0,10:19:06
sz000419,通程控股,5.93,0.05,0.85,5.92,5.93,5.88,5.88,5.95,5.83,2299800.0,13529863.0,10:19:06
sz000420,吉林化纤,4.97,-0.01,-0.201,4.96,4.97,4.98,5.0,5.01,4.92,26676100.0,132459847.0,10:19:06
sz000421,南京公用,6.06,0.01,0.165,6.06,6.07,6.05,6.04,6.08,6.03,2809900.0,17007644.0,10:19:06
sz000422,湖北宜化,15.82,0.31,1.999,15.81,15.82,15.51,15.47,15.97,15.41,18063860.0,284213340.0,10:19:06
sz000423,东阿阿胶,55.12,-0.17,-0.307,55.11,55.12,55.29,55.28,55.34,54.84,1503900.0,82859182.0,10:19:06
sz000425,徐工机械,10.34,-0.19,-1.804,10.34,10.35,10.53,10.5,10.65,10.31,24206209.0,252331869.0,10:19:06
sz000426,兴业银锡,44.06,0.19,0.433,44.04,44.06,43.87,44.5,44.68,43.78,17903590.0,790398252.0,10:19:06
sz000428,华天酒店,3.96,0.07,1.799,3.95,3.96,3.89,3.9,3.96,3.89,6782900.0,26672406.0,10:19:06
sz000429,粤高速Ａ,12.91,0.09,0.702,12.9,12.91,12.82,12.8,12.92,12.78,1493439.0,19214606.0,10:19:03
sz000430,ST张家界,8.07,-0.01,-0.124,8.06,8.07,8.08,7.92,8.15,7.92,7408755.0,59581018.0,10:19:06
sz000488,ST晨鸣,2.7,0.01,0.372,2.7,2.71,2.69,2.69,2.71,2.67,3951300.0,10624683.0,10:19:06
sz000498,山东路桥,5.92,0.0,0.0,5.91,5.92,5.92,5.92,5.95,5.88,4453600.0,26348895.0,10:19:06
sz000501,武商集团,8.52,-0.05,-0.583,8.51,8.52,8.57,8.56,8.57,8.49,1814800.0,15455323.0,10:19:06
sz000503,国新健康,7.67,0.04,0.524,7.67,7.68,7.63,7.65,7.68,7.62,2578500.0,19714864.0,10:19:06
sz000504,*ST生物,9.99,-0.07,-0.696,9.98,9.99,10.06,10.06,10.1,9.96,498300.0,4982977.0,10:18:42
sz000505,京粮控股,6.62,-0.05,-0.75,6.61,6.62,6.67,6.68,6.69,6.56,3350900.0,22094632.0,10:19:06
sz000506,招金黄金,17.31,-0.18,-1.029,17.31,17.32,17.49,16.98,17.35,16.73,19151007.0,326551140.0,10:19:06
sz000507,珠海港,5.29,-0.04,-0.75,5.28,5.29,5.33,5.33,5.34,5.27,5638300.0,29883328.0,10:19:06
sz000509,华塑控股,3.68,0.05,1.377,3.68,3.69,3.63,3.64,3.7,3.6,9591400.0,34980638.0,10:19:06
sz000510,新金路,14.18,-0.2,-1.391,14.17,14.18,14.38,14.38,14.48,13.9,21506101.0,303263852.0,10:19:06
sz000513,丽珠集团,34.26,-0.2,-0.58,34.25,34.26,34.46,34.48,34.5,34.16,1755374.0,60187669.0,10:19:06
sz000514,渝 开 发,4.77,-0.05,-1.037,4.76,4.77,4.82,4.82,4.83,4.76,2953300.0,14122593.0,10:19:06
sz000516,国际医学,4.65,-0.04,-0.853,4.65,4.66,4.69,4.68,4.69,4.63,11825500.0,54977612.0,10:19:06
sz000517,荣安地产,1.93,0.02,1.047,1.92,1.93,1.91,1.91,1.94,1.89,11350900.0,21772568.0,10:19:00
sz000518,*ST四环,3.1,0.01,0.324,3.1,3.11,3.09,3.09,3.16,3.09,7079100.0,22124998.0,10:19:03
sz000519,中兵红箭,17.66,0.0,0.0,17.66,17.67,17.66,17.66,17.75,17.56,5682700.0,100252660.0,10:19:06
sz000520,凤凰航运,4.03,0.02,0.499,4.02,4.03,4.01,4.01,4.04,3.98,4370901.0,17507453.0,10:19:00
sz000521,长虹美菱,5.69,0.01,0.176,5.68,5.69,5.68,5.69,5.71,5.68,1963000.0,11171378.0,10:18:51
sz000523,红棉股份,3.2,-0.02,-0.621,3.19,3.2,3.22,3.22,3.24,3.19,12948480.0,41541015.0,10:19:03
sz000524,岭南控股,10.71,0.11,1.038,10.7,10.71,10.6,10.51,10.71,10.5,4035044.0,42809165.0,10:19:03
sz000525,红太阳,5.86,-0.01,-0.17,5.85,5.86,5.87,5.87,5.89,5.8,6473879.0,37821725.0,10:19:03
sz000526,学大教育,32.13,0.26,0.816,32.13,32.14,31.87,31.87,32.22,31.57,550700.0,17618018.0,10:19:00
sz000528,柳 工,9.67,0.0,0.0,9.67,9.68,9.67,9.7,9.79,9.65,7626375.0,74011545.0,10:19:03
sz000529,广弘控股,5.81,0.04,0.693,5.8,5.81,5.77,5.82,5.87,5.75,2498900.0,14508949.0,10:19:03
sz000530,冰山冷热,5.99,0.05,0.842,5.98,5.99,5.94,5.96,6.0,5.91,3441100.0,20523295.0,10:19:03
sz000531,穗恒运Ａ,6.61,-0.01,-0.151,6.6,6.61,6.62,6.61,6.65,6.56,4511840.0,29806269.0,10:19:03
sz000532,华金资本,13.59,-0.06,-0.44,13.59,13.6,13.65,13.68,13.68,13.56,1611900.0,21911236.0,10:19:03
sz000533,顺钠股份,15.35,-0.77,-4.777,15.35,15.37,16.12,15.29,15.55,14.8,70485307.0,1070670074.0,10:19:03
sz000534,万泽股份,43.5,1.77,4.242,43.43,43.5,41.73,41.5,45.0,41.5,13199831.0,573158991.0,10:19:03
sz000536,华映科技,4.25,0.0,0.0,4.24,4.25,4.25,4.24,4.25,4.22,8810699.0,37247477.0,10:19:03
sz000537,绿发电力,10.09,0.12,1.204,10.07,10.09,9.97,10.02,10.15,9.9,15493794.0,155730934.0,10:19:03
sz000538,云南白药,55.37,-0.35,-0.628,55.36,55.37,55.72,55.68,55.72,55.33,1791680.0,99349510.0,10:19:03
sz000539,粤电力Ａ,5.52,-0.01,-0.181,5.51,5.52,5.53,5.49,5.57,5.44,20636661.0,113901042.0,10:19:03
sz000541,佛山照明,5.68,0.0,0.0,5.67,5.68,5.68,5.67,5.7,5.65,1533352.0,8696511.0,10:19:00
sz000543,皖能电力,8.12,-0.02,-0.246,8.11,8.12,8.14,8.14,8.17,8.1,11136735.0,90605041.0,10:19:03
sz000544,中原环保,8.22,0.02,0.244,8.21,8.22,8.2,8.21,8.24,8.17,1310292.0,10765724.0,10:18:54
sz000545,金浦钛业,3.05,0.07,2.349,3.05,3.06,2.98,3.0,3.06,2.95,20526102.0,61871321.0,10:19:03
sz000546,金圆股份,7.08,0.64,9.938,7.08,0.0,6.44,6.45,7.08,6.45,51996600.0,355074292.0,10:19:03
sz000547,航天发展,27.06,-0.61,-2.205,27.05,27.06,27.67,27.3,27.5,26.75,70969494.0,1915389955.0,10:19:03
sz000548,湖南投资,5.18,0.0,0.0,5.18,5.19,5.18,5.2,5.21,5.15,2771500.0,14342436.0,10:19:03
sz000550,江铃汽车,18.98,0.47,2.539,18.97,18.98,18.51,18.5,19.36,18.46,4440006.0,84720805.0,10:19:03
sz000551,创元科技,14.2,0.02,0.141,14.19,14.2,14.18,14.12,14.29,14.02,2522401.0,35807624.0,10:19:03
sz000552,甘肃能化,0.0,0.0,0.0,0.0,0.0,2.75,0.0,0.0,0.0,0.0,0.0,10:18:21
sz000553,安道麦A,6.2,0.0,0.0,6.18,6.2,6.2,6.22,6.24,6.17,2896203.0,17973498.0,10:19:03
sz000554,泰山石油,7.88,-0.1,-1.253,7.88,7.89,7.98,7.95,7.98,7.81,8857500.0,69679163.0,10:19:03
sz000555,神州信息,16.61,0.61,3.813,16.61,16.62,16.0,16.49,16.78,16.0,48564254.0,793832789.0,10:19:03
sz000557,西部创业,4.67,0.0,0.0,4.66,4.67,4.67,4.67,4.68,4.65,1638008.0,7639353.0,10:19:03
sz000558,天府文旅,4.55,0.1,2.247,4.54,4.55,4.45,4.43,4.55,4.42,17096380.0,76947360.0,10:19:03
sz000559,万向钱潮,16.4,0.12,0.737,16.39,16.4,16.28,16.69,16.78,16.32,44380143.0,733565274.0,10:19:03
sz000560,我爱我家,2.96,-0.01,-0.337,2.95,2.96,2.97,2.96,2.98,2.94,28156257.0,83160288.0,10:19:03
sz000561,烽火电子,9.79,-0.02,-0.204,9.79,9.8,9.81,9.8,9.83,9.72,3335528.0,32556282.0,10:19:03
sz000563,陕国投Ａ,3.38,-0.01,-0.295,3.38,3.39,3.39,3.4,3.4,3.38,7682570.0,26024240.0,10:19:03
sz000564,供销大集,1.87,-0.01,-0.532,1.87,1.88,1.88,1.87,1.88,1.86,57853218.0,108227748.0,10:19:03
sz000565,渝三峡Ａ,7.17,0.04,0.561,7.16,7.17,7.13,7.13,7.18,7.08,1797800.0,12825750.0,10:19:03
sz000566,海南海药,5.45,-0.02,-0.366,5.44,5.45,5.47,5.46,5.51,5.4,13358700.0,72700939.0,10:19:03
sz000567,海德股份,5.32,0.0,0.0,5.32,5.33,5.32,5.32,5.34,5.29,3246079.0,17252377.0,10:19:03
sz000568,泸州老窖,102.69,-0.4,-0.388,102.69,102.7,103.09,102.77,103.4,102.45,2144387.0,220276705.0,10:19:03
sz000570,苏常柴Ａ,6.74,0.61,9.951,6.74,0.0,6.13,6.19,6.74,6.1,57721009.0,373060590.0,10:19:03
sz000571,新大洲A,5.69,0.52,10.058,5.69,0.0,5.17,5.2,5.69,5.15,23776002.0,129743821.0,10:19:03
sz000572,海马汽车,5.8,0.0,0.0,5.79,5.8,5.8,5.79,5.83,5.75,9078200.0,52503864.0,10:19:03
sz000573,粤宏远Ａ,4.82,0.11,2.335,4.81,4.82,4.71,4.71,4.83,4.64,9989535.0,47217854.0,10:19:03
sz000576,甘化科工,9.67,-0.02,-0.206,9.67,9.68,9.69,9.68,9.72,9.59,2610800.0,25203037.0,10:19:03
sz000581,威孚高科,20.76,-0.1,-0.479,20.76,20.77,20.86,20.91,21.02,20.7,4605735.0,95801064.0,10:19:03
sz000582,北部湾港,10.69,0.15,1.423,10.68,10.69,10.54,10.53,10.77,10.52,9205892.0,97835050.0,10:19:03
sz000586,汇源通信,20.4,-1.4,-6.422,20.4,20.41,21.8,21.33,21.79,19.84,22856100.0,467261828.0,10:19:03
sz000589,贵州轮胎,4.61,0.03,0.655,4.61,4.62,4.58,4.6,4.67,4.59,8778840.0,40647236.0,10:19:03
sz000590,古汉医药,11.48,0.19,1.683,11.48,11.49,11.29,11.36,11.5,11.29,1600300.0,18245980.0,10:19:03
sz000591,太阳能,5.31,0.01,0.189,5.3,5.31,5.3,5.29,5.35,5.25,22601996.0,120087771.0,10:19:03
sz000592,平潭发展,11.04,-0.29,-2.56,11.04,11.05,11.33,11.17,11.17,10.94,84087521.0,926935816.0,10:19:03
sz000593,德龙汇能,17.69,1.03,6.182,17.67,17.69,16.66,16.94,17.85,16.52,13989420.0,242629587.0,10:19:03
sz000595,*ST宝实,6.49,0.03,0.464,6.49,6.5,6.46,6.43,6.5,6.42,2875000.0,18614345.0,10:19:03
sz000596,古井贡酒,106.79,0.67,0.631,106.78,106.79,106.12,105.8,107.09,105.34,776314.0,82381978.0,10:19:03
sz000597,东北制药,5.45,-0.04,-0.729,5.44,5.45,5.49,5.44,5.54,5.41,12895200.0,70454639.0,10:19:03
sz000598,兴蓉环境,6.66,-0.02,-0.299,6.66,6.67,6.68,6.68,6.71,6.65,4527500.0,30233828.0,10:19:03
sz000599,青岛双星,5.41,0.05,0.933,5.4,5.41,5.36,5.38,5.42,5.35,4094800.0,22072473.0,10:19:00
sz000600,建投能源,9.32,0.08,0.866,9.31,9.32,9.24,9.24,9.38,9.15,7748111.0,72047960.0,10:19:03
sz000601,韶能股份,6.54,-0.03,-0.457,6.53,6.54,6.57,6.57,6.61,6.43,24467600.0,160019740.0,10:19:03
sz000603,盛达资源,40.4,0.26,0.648,40.39,40.4,40.14,40.6,40.93,40.12,5784205.0,234393218.0,10:19:03
sz000605,渤海股份,6.68,0.02,0.3,6.68,6.69,6.66,6.67,6.7,6.59,1301840.0,8646812.0,10:19:03
sz000607,华媒控股,4.02,0.05,1.259,4.01,4.02,3.97,4.0,4.04,3.97,5269891.0,21112655.0,10:19:00
sz000608,*ST阳光,4.05,-0.06,-1.46,4.04,4.05,4.11,4.09,4.13,4.0,5646290.0,22860143.0,10:19:00
sz000609,ST中迪,9.77,0.47,5.054,9.77,0.0,9.3,9.6,9.77,9.6,2943000.0,28556115.0,10:19:00
sz000610,西安旅游,9.0,0.01,0.111,8.97,9.0,8.99,8.85,9.18,8.72,11153442.0,99770076.0,10:19:03
sz000612,焦作万方,13.44,0.28,2.128,13.43,13.44,13.16,13.37,13.65,13.32,30896460.0,417378875.0,10:19:03
sz000615,*ST美谷,3.37,0.01,0.298,3.36,3.37,3.36,3.37,3.39,3.34,2049750.0,6886075.0,10:19:03
sz000617,中油资本,9.74,-0.13,-1.317,9.74,9.75,9.87,9.82,9.82,9.67,74180780.0,720833273.0,10:19:03
sz000619,海螺新材,5.75,0.04,0.701,5.75,5.76,5.71,5.76,5.78,5.68,2341100.0,13417588.0,10:19:03
sz000620,盈新发展,2.88,-0.04,-1.37,2.88,2.89,2.92,2.87,2.92,2.83,88827700.0,255325045.0,10:19:03
sz000623,吉林敖东,18.38,0.05,0.273,18.37,18.38,18.33,18.38,18.43,18.31,2859001.0,52527741.0,10:19:03
sz000625,长安汽车,10.25,0.21,2.092,10.24,10.25,10.04,10.03,10.33,10.03,64763901.0,661310804.0,10:19:03
sz000626,远大控股,8.37,0.1,1.209,8.36,8.37,8.27,8.32,8.54,8.25,9464400.0,79616240.0,10:19:03
sz000628,高新发展,58.42,0.59,1.02,58.42,58.44,57.83,58.5,58.8,57.51,2815500.0,163888935.0,10:19:03
sz000629,钒钛股份,3.4,0.04,1.19,3.39,3.4,3.36,3.38,3.42,3.36,36665898.0,124510304.0,10:19:03
sz000630,铜陵有色,6.25,-0.02,-0.319,6.25,6.26,6.27,6.25,6.31,6.24,76646300.0,480229546.0,10:19:03
sz000631,顺发恒能,3.25,-0.01,-0.307,3.25,3.26,3.26,3.23,3.27,3.22,6593300.0,21411708.0,10:19:03
sz000632,三木集团,4.47,-0.04,-0.887,4.47,4.48,4.51,4.51,4.53,4.45,5961246.0,26674137.0,10:19:03
sz000633,合金投资,6.71,0.01,0.149,6.7,6.71,6.7,6.69,6.75,6.65,1991800.0,13335175.0,10:19:06
sz000635,英 力 特,8.09,0.04,0.497,8.08,8.09,8.05,8.05,8.12,8.05,1391700.0,11249215.0,10:19:06
sz000636,风华高科,21.99,0.95,4.515,21.98,21.99,21.04,21.06,22.08,21.04,37726612.0,816476990.0,10:19:06
sz000637,茂化实华,4.33,-0.03,-0.688,4.32,4.33,4.36,4.36,4.36,4.28,2889400.0,12467774.0,10:19:06
sz000638,*ST万方,0.0,0.0,0.0,0.0,0.0,0.89,0.0,0.0,0.0,0.0,0.0,10:19:03
sz000639,西王食品,2.21,0.02,0.913,2.2,2.21,2.19,2.21,2.22,2.18,19143700.0,42115628.0,10:19:06
sz000650,仁和药业,5.89,-0.02,-0.338,5.88,5.89,5.91,5.92,5.92,5.86,5326007.0,31335036.0,10:19:06
sz000651,格力电器,37.3,-0.09,-0.241,37.29,37.3,37.39,37.4,37.52,37.23,8055434.0,300901332.0,10:19:06
sz000652,泰达股份,4.13,0.01,0.243,4.12,4.13,4.12,4.1,4.14,4.09,3327200.0,13693410.0,10:19:06
sz000655,金岭矿业,8.4,0.04,0.478,8.4,8.41,8.36,8.35,8.44,8.17,6952735.0,57780540.0,10:19:06
sz000656,*ST金科,1.44,0.01,0.699,1.44,1.45,1.43,1.43,1.45,1.41,44981654.0,64112228.0,10:19:06
sz000657,中钨高新,47.7,0.52,1.102,47.66,47.7,47.18,47.61,47.85,45.6,42943812.0,1998498635.0,10:19:06
sz000659,珠海中富,4.16,0.0,0.0,4.15,4.16,4.16,4.16,4.21,4.14,12745251.0,53133521.0,10:19:06
sz000661,长春高新,86.5,-0.27,-0.311,86.45,86.5,86.77,86.77,86.77,86.04,1321900.0,114205802.0,10:19:06
sz000663,永安林业,6.33,-0.01,-0.158,6.33,6.34,6.34,6.34,6.38,6.27,2059600.0,12994016.0,10:19:03
sz000665,湖北广电,4.73,0.02,0.425,4.72,4.73,4.71,4.73,4.74,4.69,3277900.0,15433706.0,10:19:06
sz000668,*ST荣控,14.93,0.03,0.201,14.9,14.95,14.9,14.9,14.96,14.56,856180.0,12612574.0,10:19:06
sz000669,ST金鸿,4.41,-0.22,-4.752,4.41,4.42,4.63,4.59,4.69,4.41,13478263.0,60409432.0,10:19:06
sz000670,盈方微,8.03,0.03,0.375,8.02,8.03,8.0,8.06,8.08,7.88,16729130.0,133296190.0,10:19:06
sz000672,上峰水泥,13.36,0.12,0.906,13.35,13.36,13.24,13.27,13.46,13.23,2602981.0,34778729.0,10:19:06
sz000676,智度股份,7.7,0.07,0.917,7.69,7.7,7.63,7.66,7.7,7.63,4192720.0,32143637.0,10:19:06
sz000677,恒天海龙,4.31,-0.06,-1.373,4.3,4.31,4.37,4.35,4.35,4.24,18549600.0,79543612.0,10:19:06
sz000678,襄阳轴承,12.64,0.04,0.317,12.64,12.65,12.6,12.74,12.79,12.53,4008600.0,50636690.0,10:19:06
sz000679,大连友谊,6.78,0.1,1.497,6.77,6.78,6.68,6.7,6.81,6.66,1495100.0,10073698.0,10:19:06
sz000680,山推股份,11.78,-0.02,-0.169,11.78,11.8,11.8,11.92,12.07,11.71,9427900.0,112022992.0,10:19:06
sz000681,视觉中国,20.78,0.31,1.514,20.78,20.79,20.47,20.59,20.84,20.59,8345763.0,172982773.0,10:19:06
sz000682,东方电子,12.97,-0.04,-0.307,12.96,12.97,13.01,12.9,13.04,12.8,11550255.0,149286078.0,10:19:06
sz000683,博源化工,8.62,0.04,0.466,8.61,8.62,8.58,8.59,8.75,8.55,14286140.0,123739876.0,10:19:03
sz000685,中山公用,11.1,0.04,0.362,11.09,11.1,11.06,11.09,11.14,11.06,2837300.0,31499901.0,10:19:06
sz000686,东北证券,8.35,0.02,0.24,8.35,8.36,8.33,8.35,8.38,8.32,4994000.0,41684168.0,10:19:06
sz000688,国城矿业,46.48,3.0,6.9,46.48,46.5,43.48,43.94,47.68,43.93,17985509.0,829688286.0,10:19:06
sz000690,宝新能源,4.69,0.0,0.0,4.68,4.69,4.69,4.69,4.72,4.67,18279903.0,85820741.0,10:19:06
sz000691,*ST亚太,8.06,0.07,0.876,8.06,8.08,7.99,8.01,8.1,8.0,1703100.0,13714670.0,10:19:06
sz000692,惠天热电,4.19,-0.04,-0.946,4.18,4.19,4.23,4.25,4.27,4.17,4170600.0,17530440.0,10:19:03
sz000695,滨海能源,14.77,-0.02,-0.135,14.76,14.77,14.79,14.8,14.95,14.41,7433290.0,109507297.0,10:19:06
sz000697,ST炼石,10.04,0.06,0.601,10.03,10.04,9.98,9.98,10.11,9.97,1938201.0,19431267.0,10:19:06
sz000698,ST沈化,3.87,0.0,0.0,3.87,3.88,3.87,3.87,3.89,3.86,2006260.0,7773050.0,10:19:03
sz000700,模塑科技,11.89,0.43,3.752,11.88,11.89,11.46,11.88,12.07,11.69,33043547.0,394607283.0,10:19:06
sz000701,厦门信达,5.83,0.0,0.0,5.82,5.83,5.83,5.85,5.88,5.8,3394600.0,19809746.0,10:19:06
sz000702,正虹科技,6.64,-0.31,-4.46,6.63,6.64,6.95,6.99,7.08,6.55,12933716.0,86997624.0,10:19:06
sz000703,恒逸石化,15.88,0.53,3.453,15.88,15.89,15.35,15.55,15.96,15.22,38857471.0,610637726.0,10:19:06
sz000705,浙江震元,8.88,-0.12,-1.333,8.87,8.88,9.0,8.98,8.99,8.84,2776800.0,24690609.0,10:19:06
sz000707,双环科技,5.86,0.02,0.342,5.85,5.86,5.84,5.85,5.91,5.84,3010610.0,17667179.0,10:19:06
sz000708,中信特钢,16.68,0.09,0.542,16.68,16.69,16.59,16.61,16.77,16.56,2360300.0,39346089.0,10:19:06
sz000709,河钢股份,2.33,0.01,0.431,2.32,2.33,2.32,2.32,2.34,2.32,25302255.0,58922472.0,10:19:06
sz000710,贝瑞基因,10.19,-0.08,-0.779,10.19,10.2,10.27,10.28,10.31,10.13,1839800.0,18765016.0,10:19:06
sz000711,ST京蓝,3.81,0.1,2.695,3.81,3.82,3.71,3.65,3.86,3.63,65087985.0,244073935.0,10:19:06
sz000712,锦龙股份,10.53,0.04,0.381,10.53,10.54,10.49,10.51,10.54,10.47,2314602.0,24332095.0,10:19:06
sz000713,国投丰乐,6.53,0.05,0.772,6.53,6.54,6.48,6.47,6.6,6.42,4686560.0,30593830.0,10:19:00
sz000715,中兴商业,5.66,0.03,0.533,5.65,5.67,5.63,5.64,5.67,5.61,1872998.0,10551223.0,10:19:06
sz000716,黑芝麻,5.11,-0.02,-0.39,5.11,5.12,5.13,5.12,5.13,5.08,3227594.0,16460306.0,10:19:06
sz000717,中南股份,2.43,-0.01,-0.41,2.43,2.44,2.44,2.44,2.45,2.43,4457300.0,10869400.0,10:19:06
sz000718,苏宁环球,2.13,0.0,0.0,2.12,2.13,2.13,2.13,2.15,2.11,8331724.0,17710892.0,10:19:06
sz000719,中原传媒,13.78,0.06,0.437,13.77,13.78,13.72,13.72,13.84,13.69,2141200.0,29475039.0,10:19:06
sz000720,新能泰山,5.0,0.03,0.604,4.99,5.0,4.97,4.9,5.05,4.81,58928700.0,291229070.0,10:19:06
sz000721,西安饮食,7.99,0.0,0.0,7.99,8.0,7.99,7.91,8.01,7.87,5914400.0,46979492.0,10:19:06
sz000722,湖南发展,13.14,-0.02,-0.152,13.14,13.15,13.16,13.16,13.2,13.01,5702100.0,74865982.0,10:19:06
sz000723,美锦能源,4.57,-0.04,-0.868,4.56,4.57,4.61,4.6,4.6,4.53,29587830.0,134848627.0,10:19:06
sz000725,京东方Ａ,4.01,0.01,0.25,4.0,4.01,4.0,4.01,4.02,3.98,156335527.0,624855487.0,10:19:06
sz000726,鲁 泰Ａ,6.9,0.02,0.291,6.9,6.91,6.88,6.9,6.94,6.87,2898769.0,20021478.0,10:19:06
sz000727,冠捷科技,2.73,0.03,1.111,2.72,2.73,2.7,2.71,2.73,2.69,29764900.0,80819134.0,10:19:06
sz000728,国元证券,7.87,0.05,0.639,7.86,7.87,7.82,7.85,7.89,7.84,5484890.0,43133311.0,10:19:06
sz000729,燕京啤酒,12.86,-0.13,-1.001,12.85,12.86,12.99,12.99,13.03,12.84,13902306.0,179611327.0,10:19:06
sz000731,四川美丰,7.01,0.05,0.718,7.0,7.01,6.96,6.95,7.08,6.86,8158401.0,56661861.0,10:19:06
sz000733,振华科技,47.04,0.28,0.599,47.0,47.04,46.76,46.9,47.05,46.5,3107800.0,145237598.0,10:19:06
sz000735,罗 牛 山,6.83,-0.1,-1.443,6.83,6.84,6.93,6.93,6.93,6.81,8807500.0,60298178.0,10:19:06
sz000736,*ST中地,5.27,0.04,0.765,5.26,5.27,5.23,5.25,5.27,5.18,1970400.0,10325035.0,10:19:03
sz000737,北方铜业,13.85,0.0,0.0,13.84,13.85,13.85,13.95,13.98,13.84,10933700.0,151971451.0,10:19:06
sz000738,航发控制,21.53,-0.3,-1.374,21.53,21.54,21.83,21.74,21.78,21.42,8071700.0,173828037.0,10:19:06
sz000739,普洛药业,18.03,0.18,1.008,18.02,18.03,17.85,17.96,18.18,17.72,3713500.0,66567956.0,10:19:06
sz000750,国海证券,3.89,0.03,0.777,3.88,3.89,3.86,3.88,3.89,3.87,8347635.0,32412072.0,10:19:06
sz000751,锌业股份,5.36,0.08,1.515,5.36,5.37,5.28,5.29,5.42,5.29,16924541.0,90808427.0,10:19:06
sz000752,ST西发,9.83,0.13,1.34,9.81,9.84,9.7,9.7,9.94,9.58,2197800.0,21577178.0,10:18:51
sz000753,漳州发展,6.59,-0.1,-1.495,6.59,6.6,6.69,6.65,6.66,6.55,6531700.0,42981097.0,10:19:06
sz000755,山西高速,5.12,0.01,0.196,5.11,5.12,5.11,5.12,5.14,5.1,1201982.0,6154667.0,10:18:51
sz000756,新华制药,14.69,-0.16,-1.077,14.69,14.7,14.85,14.85,14.85,14.68,2426500.0,35729924.0,10:19:06
sz000757,浩物股份,4.67,0.05,1.082,4.66,4.67,4.62,4.66,4.67,4.59,2623490.0,12151273.0,10:19:03
sz000758,中色股份,6.78,0.08,1.194,6.77,6.78,6.7,6.72,6.82,6.72,13652676.0,92504297.0,10:19:06
sz000759,中百集团,5.5,0.0,0.0,5.49,5.5,5.5,5.5,5.53,5.45,4960900.0,27142560.0,10:19:06
sz000761,本钢板材,3.03,0.03,1.0,3.02,3.03,3.0,2.99,3.04,2.99,4174128.0,12621672.0,10:19:06
sz000762,西藏矿业,35.36,1.62,4.801,35.36,35.37,33.74,34.06,36.8,33.85,39199941.0,1396783513.0,10:19:00
sz000766,通化金马,23.24,0.73,3.243,23.21,23.23,22.51,22.68,23.27,22.65,9936545.0,227850592.0,10:19:00
sz000767,晋控电力,3.73,-0.02,-0.533,3.73,3.74,3.75,3.75,3.8,3.68,45792600.0,171410743.0,10:19:00
sz000768,中航西飞,24.66,-0.01,-0.041,24.65,24.66,24.67,24.7,24.88,24.51,6889895.0,169741421.0,10:19:00
sz000776,广发证券,20.02,0.16,0.806,20.01,20.02,19.86,19.85,20.06,19.77,16352734.0,325598980.0,10:19:00
sz000777,中核科技,22.65,0.05,0.221,22.64,22.65,22.6,22.59,22.75,22.51,1922700.0,43536319.0,10:18:57
sz000778,新兴铸管,4.46,0.0,0.0,4.46,4.47,4.46,4.45,4.5,4.44,11640694.0,52071080.0,10:19:00
sz000779,甘咨询,8.75,0.03,0.344,8.74,8.75,8.72,8.72,8.76,8.65,1635600.0,14222981.0,10:18:45
sz000782,恒申新材,5.81,0.53,10.038,5.81,0.0,5.28,5.32,5.81,5.32,18597019.0,105484383.0,10:18:54
sz000783,长江证券,7.37,0.05,0.683,7.37,7.38,7.32,7.35,7.39,7.32,11721196.0,86280225.0,10:19:00
sz000785,居然智家,2.62,-0.08,-2.963,2.61,2.62,2.7,2.7,2.72,2.6,88400850.0,233752410.0,10:19:00
sz000786,北新建材,25.79,0.16,0.624,25.77,25.78,25.63,25.64,25.81,25.54,3069600.0,78784098.0,10:19:00
sz000788,北大医药,6.68,-0.09,-1.329,6.67,6.68,6.77,6.9,6.99,6.6,84753501.0,574157865.0,10:19:00
sz000789,万年青,5.08,-0.01,-0.196,5.08,5.09,5.09,5.09,5.12,5.07,1742460.0,8871953.0,10:19:00
sz000790,华神科技,4.15,-0.04,-0.955,4.15,4.16,4.19,4.21,4.22,4.09,12521367.0,51900488.0,10:18:57
sz000791,甘肃能源,8.08,0.06,0.748,8.08,8.09,8.02,8.0,8.29,7.88,35466327.0,288383652.0,10:19:00
sz000792,盐湖股份,38.27,1.26,3.404,38.27,38.28,37.01,37.23,38.93,37.22,61520002.0,2347778135.0,10:19:00
sz000793,*ST华闻,2.89,-0.11,-3.667,2.89,2.9,3.0,2.94,2.97,2.89,38470587.0,112509423.0,10:19:00
sz000795,英洛华,9.3,0.04,0.432,9.29,9.3,9.26,9.25,9.32,9.2,4282923.0,39680082.0,10:19:00
sz000796,凯撒旅业,5.48,0.06,1.107,5.48,5.49,5.42,5.42,5.48,5.35,14298800.0,77722906.0,10:19:00
sz000797,中国武夷,2.79,-0.01,-0.357,2.78,2.79,2.8,2.79,2.81,2.77,5859100.0,16300729.0,10:18:57
sz000798,中水渔业,10.26,-0.06,-0.581,10.26,10.27,10.32,10.31,10.32,10.2,2001300.0,20514451.0,10:19:00
sz000799,酒鬼酒,43.73,-0.03,-0.069,43.71,43.73,43.76,43.78,44.03,43.46,1919964.0,83926916.0,10:19:00
sz000800,一汽解放,7.04,-0.02,-0.283,7.03,7.04,7.06,7.06,7.13,7.0,6350300.0,44802161.0,10:19:00
sz000801,四川九洲,13.97,0.03,0.215,13.96,13.97,13.94,13.93,14.05,13.89,2938500.0,40940516.0,10:19:00
sz000802,北京文化,3.91,0.06,1.558,3.9,3.91,3.85,3.88,3.93,3.87,4073800.0,15916064.0,10:18:54
sz000803,山高环能,8.17,-0.03,-0.366,8.17,8.18,8.2,8.21,8.25,8.13,3001596.0,24597582.0,10:18:51
sz000807,云铝股份,35.45,0.99,2.873,35.44,35.45,34.46,35.1,35.98,35.08,23259834.0,829374243.0,10:19:00
sz000809,和展能源,3.5,0.01,0.287,3.49,3.5,3.49,3.51,3.51,3.44,4632900.0,16096850.0,10:19:00
sz000810,创维数字,11.77,-0.15,-1.258,11.77,11.78,11.92,11.91,11.93,11.76,6627400.0,78380406.0,10:19:00
sz000811,冰轮环境,19.07,0.42,2.252,19.06,19.07,18.65,18.68,19.09,18.42,10108867.0,189771188.0,10:19:00
sz000812,陕西金叶,3.95,0.01,0.254,3.94,3.95,3.94,3.96,3.96,3.91,3437800.0,13507108.0,10:19:00
sz000813,德展健康,3.44,-0.05,-1.433,3.43,3.44,3.49,3.49,3.49,3.42,9105195.0,31359472.0,10:19:00
sz000815,美利云,22.21,2.02,10.005,22.21,0.0,20.19,20.18,22.21,20.16,71064494.0,1546955142.0,10:19:00
sz000816,智慧农业,3.19,0.0,0.0,3.19,3.2,3.19,3.2,3.22,3.17,5806600.0,18561526.0,10:19:00
sz000818,航锦科技,14.59,0.17,1.179,14.58,14.59,14.42,14.41,14.67,14.31,12381163.0,180174935.0,10:19:00
sz000819,岳阳兴长,14.58,-0.04,-0.274,14.58,14.59,14.62,14.62,14.68,14.52,922600.0,13460342.0,10:19:00
sz000820,*ST节能,3.49,0.07,2.047,3.48,3.49,3.42,3.45,3.52,3.42,2581100.0,8995982.0,10:18:57
sz000821,ST京机,11.38,-0.01,-0.088,11.38,11.39,11.39,11.38,11.43,11.24,4857000.0,54905244.0,10:19:00
sz000822,山东海化,5.84,0.18,3.18,5.83,5.84,5.66,5.68,5.9,5.65,26570402.0,154099535.0,10:19:00
sz000823,超声电子,15.91,0.29,1.857,15.9,15.91,15.62,15.54,16.01,15.47,10069680.0,158180888.0,10:19:00
sz000825,太钢不锈,4.46,0.03,0.677,4.45,4.46,4.43,4.43,4.48,4.43,9944772.0,44373389.0,10:19:00
sz000826,启迪环境,1.94,-0.04,-2.02,1.93,1.94,1.98,1.95,1.98,1.91,28082963.0,54203469.0,10:19:00
sz000828,东莞控股,10.07,0.0,0.0,10.06,10.07,10.07,10.07,10.08,10.03,1504400.0,15131306.0,10:19:00
sz000829,天音控股,10.71,0.05,0.469,10.72,10.73,10.66,10.62,10.88,10.62,9311725.0,99716281.0,10:19:00
sz000830,鲁西化工,16.13,0.19,1.192,16.12,16.13,15.94,15.85,16.22,15.84,9402538.0,150762508.0,10:19:00
sz000831,中国稀土,50.95,0.31,0.612,50.93,50.95,50.64,50.99,51.15,50.33,6445591.0,327793585.0,10:19:00
sz000833,粤桂股份,24.14,0.06,0.249,24.14,24.15,24.08,24.12,24.49,23.7,11088600.0,267396339.0,10:19:00
sz000837,秦川机床,10.88,0.03,0.276,10.87,10.88,10.85,10.9,10.94,10.84,3126400.0,34050045.0,10:19:00
sz000838,财信发展,1.82,-0.06,-3.191,1.81,1.82,1.88,1.86,1.86,1.75,54314050.0,97970694.0,10:19:00
sz000839,国安股份,3.2,0.04,1.266,3.19,3.2,3.16,3.16,3.22,3.15,22384850.0,71301425.0,10:19:00
sz000848,承德露露,8.2,0.02,0.244,8.19,8.2,8.18,8.18,8.2,8.13,2428510.0,19811724.0,10:18:57
sz000850,华茂股份,4.92,0.03,0.613,4.92,4.93,4.89,4.88,4.94,4.87,2562587.0,12598533.0,10:18:48
sz000852,石化机械,6.83,-0.03,-0.437,6.82,6.83,6.86,6.86,6.86,6.78,4802600.0,32736391.0,10:19:00
sz000856,冀东装备,10.78,-0.13,-1.192,10.78,10.79,10.91,10.97,10.98,10.74,3834000.0,41462947.0,10:19:00
sz000858,五 粮 液,103.7,0.15,0.145,103.7,103.71,103.55,103.5,104.0,103.22,3240302.0,335656849.0,10:19:00
sz000859,国风新材,9.42,-0.06,-0.633,9.42,9.43,9.48,9.49,9.53,9.36,7757141.0,73017278.0,10:19:00
sz000860,顺鑫农业,12.97,-0.06,-0.46,12.97,12.98,13.03,13.02,13.07,12.96,1554328.0,20218865.0,10:19:00
sz000862,银星能源,6.26,0.01,0.16,6.26,6.27,6.25,6.23,6.31,6.18,11646744.0,72857245.0,10:19:00
sz000863,三湘印象,5.17,-0.06,-1.147,5.16,5.17,5.23,5.22,5.26,5.14,7285700.0,37773847.0,10:18:48
sz000868,安凯客车,4.37,0.02,0.46,4.37,4.38,4.35,4.35,4.49,4.33,5680300.0,25053199.0,10:18:54
sz000869,张 裕Ａ,19.27,-0.03,-0.155,19.27,19.28,19.3,19.3,19.3,19.18,140300.0,2702144.0,10:18:57
sz000875,电投绿能,6.58,0.09,1.387,6.57,6.58,6.49,6.48,6.62,6.45,18644036.0,122207878.0,10:19:00
sz000876,新 希 望,8.91,0.0,0.0,8.9,8.91,8.91,8.98,9.0,8.79,24806903.0,220443124.0,10:19:00
sz000877,天山股份,4.77,-0.01,-0.209,4.76,4.77,4.78,4.78,4.82,4.76,3469200.0,16575624.0,10:19:00
sz000878,云南铜业,19.33,0.03,0.155,19.32,19.33,19.3,19.4,19.47,19.23,15149631.0,293142331.0,10:19:00
sz000880,潍柴重机,27.97,0.25,0.902,27.96,27.97,27.72,27.8,27.98,27.71,3743970.0,104201261.0,10:19:00
sz000881,中广核技,7.51,0.02,0.267,7.51,7.52,7.49,7.5,7.55,7.47,2236800.0,16780380.0,10:19:00
sz000882,华联股份,1.65,0.01,0.61,1.65,1.66,1.64,1.66,1.66,1.63,17779800.0,29309703.0,10:19:00
sz000883,湖北能源,4.64,-0.02,-0.429,4.64,4.65,4.66,4.67,4.68,4.63,8496400.0,39546062.0,10:19:00
sz000885,城发环境,13.54,0.03,0.222,13.54,13.55,13.51,13.5,13.59,13.47,2178600.0,29455582.0,10:19:00
sz000886,海南高速,5.68,-0.01,-0.176,5.68,5.69,5.69,5.71,5.71,5.65,2293955.0,13017362.0,10:18:57
sz000887,中鼎股份,18.84,0.24,1.29,18.83,18.84,18.6,18.75,18.88,18.72,5370069.0,100996431.0,10:19:00
sz000888,峨眉山Ａ,12.51,0.03,0.24,12.51,12.52,12.48,12.44,12.52,12.37,4998502.0,62286500.0,10:19:00
sz000889,中嘉博创,4.55,-0.19,-4.008,4.55,4.56,4.74,4.57,4.67,4.38,129843579.0,588378001.0,10:19:00
sz000890,法尔胜,12.63,-0.13,-1.019,12.63,12.64,12.76,12.25,12.8,12.0,34318272.0,426620795.0,10:19:00
sz000892,欢瑞世纪,6.34,0.07,1.116,6.33,6.34,6.27,6.49,6.67,6.33,29303700.0,188986945.0,10:19:00
sz000893,亚钾国际,55.84,1.34,2.459,55.82,55.84,54.5,54.38,56.29,53.63,8512418.0,467628656.0,10:19:00
sz000895,双汇发展,28.71,-0.06,-0.209,28.7,28.71,28.77,28.78,28.99,28.55,3522700.0,101233416.0,10:19:00
sz000897,津滨发展,2.11,-0.01,-0.472,2.11,2.12,2.12,2.12,2.13,2.1,10043400.0,21231371.0,10:19:00
sz000898,鞍钢股份,2.34,0.01,0.429,2.33,2.34,2.33,2.33,2.34,2.32,10294092.0,24008439.0,10:19:06
sz000899,赣能股份,13.09,0.08,0.615,13.09,13.1,13.01,12.91,13.19,12.8,7439416.0,97070855.0,10:19:06
sz000900,现代投资,4.1,-0.01,-0.243,4.09,4.1,4.11,4.1,4.13,4.08,3097364.0,12721755.0,10:19:06
sz000901,航天科技,22.75,-0.33,-1.43,22.74,22.75,23.08,23.0,23.15,22.57,11074101.0,252116230.0,10:19:06
sz000902,新洋丰,15.44,0.19,1.246,15.43,15.44,15.25,15.24,15.48,15.21,4752529.0,72795580.0,10:19:06
sz000903,ST云动,2.53,0.01,0.397,2.52,2.53,2.52,2.52,2.54,2.51,4586700.0,11564372.0,10:19:06
sz000905,厦门港务,10.98,0.06,0.549,10.98,10.99,10.92,10.93,11.14,10.83,5864697.0,64017616.0,10:19:06
sz000906,浙商中拓,5.71,0.01,0.175,5.71,5.72,5.7,5.72,5.73,5.69,1090500.0,6229387.0,10:19:00
sz000908,ST景峰,7.0,-0.11,-1.547,7.0,7.01,7.11,7.09,7.09,6.93,6461010.0,45201362.0,10:19:03
sz000909,*ST数源,6.6,0.05,0.763,6.6,6.61,6.55,6.6,6.66,6.49,1072500.0,7041955.0,10:19:03
sz000910,大亚圣象,6.97,-0.01,-0.143,6.97,6.98,6.98,7.02,7.03,6.95,773500.0,5399696.0,10:18:51
sz000911,广农糖业,5.75,0.01,0.174,5.74,5.75,5.74,5.71,5.77,5.65,3882800.0,22108910.0,10:19:06
sz000912,泸天化,4.97,-0.06,-1.193,4.96,4.97,5.03,5.04,5.06,4.9,21946681.0,108572948.0,10:19:06
sz000913,钱江摩托,15.06,0.2,1.346,15.06,15.07,14.86,14.9,15.15,14.85,2481001.0,37314392.0,10:19:06
sz000915,华特达因,31.58,0.33,1.056,31.57,31.58,31.25,31.28,31.59,31.17,1151030.0,36182125.0,10:19:06
sz000917,电广传媒,9.87,0.13,1.335,9.87,9.88,9.74,9.76,9.91,9.76,11509217.0,113362724.0,10:19:06
sz000919,金陵药业,8.41,0.15,1.816,8.41,8.42,8.26,8.49,8.83,8.26,95858609.0,820857826.0,10:19:06
sz000920,沃顿科技,11.75,-0.02,-0.17,11.75,11.76,11.77,11.76,11.8,11.7,943600.0,11094098.0,10:19:06
sz000921,海信家电,22.6,0.05,0.222,22.59,22.6,22.55,22.56,22.62,22.42,2179801.0,49074770.0,10:19:06
sz000922,佳电股份,14.15,-0.09,-0.632,14.14,14.15,14.24,14.38,14.41,14.13,4235226.0,60270966.0,10:19:06
sz000923,河钢资源,19.08,0.13,0.686,19.08,19.09,18.95,18.96,19.19,18.96,2892500.0,55263802.0,10:19:06
sz000925,众合科技,7.21,0.06,0.839,7.21,7.22,7.15,7.18,7.22,7.13,3479400.0,24981966.0,10:19:06
sz000926,福星股份,2.03,-0.01,-0.49,2.03,2.04,2.04,2.04,2.05,2.01,10645980.0,21589901.0,10:19:03
sz000927,中国铁物,2.97,0.0,0.0,2.97,2.98,2.97,2.96,2.99,2.93,38455523.0,113842014.0,10:19:06
sz000928,中钢国际,6.98,-0.08,-1.133,6.97,6.98,7.06,7.06,7.13,6.95,20519000.0,143939462.0,10:19:06
sz000929,*ST兰黄,10.31,-0.18,-1.716,10.28,10.31,10.49,10.5,10.57,10.13,2094500.0,21595418.0,10:19:06
sz000930,中粮科技,6.51,-0.05,-0.762,6.5,6.51,6.56,6.51,6.53,6.46,7857300.0,50995064.0,10:19:06
sz000931,中 关 村,5.32,-0.08,-1.481,5.32,5.33,5.4,5.39,5.4,5.3,6751400.0,36018746.0,10:19:06
sz000932,华菱钢铁,5.09,0.06,1.193,5.08,5.09,5.03,5.04,5.14,5.03,36160245.0,184545139.0,10:19:06
sz000933,神火股份,34.85,1.09,3.229,34.84,34.85,33.76,34.61,35.4,34.61,25121016.0,880241144.0,10:19:06
sz000935,四川双马,26.8,0.31,1.17,26.79,26.8,26.49,26.49,26.93,26.48,1167134.0,31184524.0,10:19:06
sz000936,华西股份,7.56,0.1,1.34,7.56,7.57,7.46,7.46,7.66,7.46,7638700.0,57989181.0,10:19:06
sz000937,冀中能源,5.55,0.02,0.362,5.54,5.55,5.53,5.52,5.55,5.52,4229540.0,23426606.0,10:19:06
sz000938,紫光股份,28.22,0.74,2.693,28.2,28.21,27.48,27.56,28.68,27.5,83332057.0,2351626560.0,10:19:06
sz000948,南天信息,15.46,0.12,0.782,15.45,15.46,15.34,15.36,15.47,15.35,783200.0,12066748.0,10:19:03
sz000949,新乡化纤,7.28,-0.12,-1.622,7.28,7.29,7.4,7.4,7.42,7.26,14214600.0,104129662.0,10:19:06
sz000950,重药控股,6.06,-0.29,-4.567,6.06,6.07,6.35,6.16,6.21,5.95,54955959.0,334272138.0,10:19:06
sz000951,中国重汽,23.43,-0.03,-0.128,23.43,23.44,23.46,23.54,23.88,23.35,9196860.0,216652904.0,10:19:06
sz000952,广济药业,6.89,-0.04,-0.577,6.89,6.9,6.93,6.93,6.96,6.83,2247600.0,15472195.0,10:19:06
sz000953,河化股份,6.61,-0.02,-0.302,6.61,6.62,6.63,6.62,6.63,6.55,1569700.0,10342673.0,10:19:03
sz000955,欣龙控股,4.92,0.02,0.408,4.92,4.93,4.9,4.91,4.94,4.86,2450700.0,12032259.0,10:19:06
sz000957,中通客车,12.29,0.39,3.277,12.27,12.29,11.9,11.96,12.29,11.96,12031910.0,146531886.0,10:19:06
sz000958,电投产融,6.04,0.0,0.0,6.03,6.04,6.04,6.05,6.06,6.01,6824900.0,41141075.0,10:19:06
sz000959,首钢股份,4.68,0.02,0.429,4.67,4.68,4.66,4.67,4.73,4.63,18856182.0,88577665.0,10:19:06
sz000960,锡业股份,34.53,0.45,1.32,34.53,34.54,34.08,35.0,35.08,34.2,21052547.0,728328269.0,10:19:06
sz000962,东方钽业,44.5,0.02,0.045,44.48,44.5,44.48,44.5,45.23,43.25,8127813.0,358111421.0,10:19:06
sz000963,华东医药,35.26,-0.41,-1.149,35.26,35.27,35.67,35.46,35.46,35.05,3920751.0,138044701.0,10:19:03
sz000965,天保基建,3.64,0.01,0.275,3.63,3.64,3.63,3.63,3.64,3.61,5074490.0,18383562.0,10:19:06
sz000966,长源电力,4.32,-0.04,-0.917,4.31,4.32,4.36,4.34,4.36,4.31,21826689.0,94427030.0,10:19:06
sz000967,盈峰环境,13.07,1.19,10.017,13.07,0.0,11.88,12.34,13.07,12.15,148120237.0,1895116371.0,10:19:06
sz000968,蓝焰控股,9.25,-0.24,-2.529,9.24,9.25,9.49,9.4,9.45,9.12,23572128.0,217340644.0,10:19:06
sz000969,安泰科技,21.01,0.07,0.334,21.0,21.01,20.94,20.94,21.08,20.85,5039400.0,105716056.0,10:19:06
sz000970,中科三环,12.12,0.07,0.581,12.12,12.13,12.05,12.08,12.15,12.07,4318942.0,52314530.0,10:19:06
sz000972,*ST中基,3.93,0.03,0.769,3.92,3.93,3.9,3.87,3.93,3.81,4977000.0,19328693.0,10:19:06
sz000973,佛塑科技,17.57,-0.55,-3.035,17.55,17.57,18.12,17.55,18.01,16.87,59856798.0,1035567114.0,10:19:06
sz000975,山金国际,29.92,0.07,0.235,29.91,29.92,29.85,29.97,30.09,29.66,7109202.0,212599911.0,10:19:06
sz000977,浪潮信息,68.98,0.1,0.145,68.96,68.97,68.88,68.42,69.19,67.89,17839877.0,1222957960.0,10:19:06
sz000978,桂林旅游,8.21,0.08,0.984,8.2,8.21,8.13,8.04,8.3,7.97,26279000.0,214241087.0,10:19:06
sz000980,众泰汽车,2.09,0.01,0.481,2.08,2.09,2.08,2.09,2.1,2.06,36358700.0,75700483.0,10:19:06
sz000981,山子高科,4.04,-0.06,-1.463,4.04,4.05,4.1,4.1,4.11,4.03,121013653.0,490656039.0,10:19:06
sz000983,山西焦煤,6.43,-0.04,-0.618,6.43,6.44,6.47,6.45,6.47,6.43,16027177.0,103269309.0,10:19:06
sz000985,大庆华科,18.59,-0.02,-0.107,18.58,18.59,18.61,18.63,18.73,18.45,317900.0,5899260.0,10:18:39
sz000987,越秀资本,8.9,0.11,1.251,8.88,8.9,8.79,8.85,8.93,8.78,20043771.0,177839456.0,10:19:06
sz000988,华工科技,111.34,-0.96,-0.855,111.37,111.38,112.3,109.9,112.13,107.85,40638158.0,4459463381.0,10:19:06
sz000989,九芝堂,9.68,-0.2,-2.024,9.68,9.69,9.88,9.79,9.87,9.65,12942302.0,125814724.0,10:19:06
sz000990,诚志股份,10.55,-0.05,-0.472,10.54,10.55,10.6,10.66,10.7,10.3,26861600.0,281546933.0,10:19:06
sz000993,闽东电力,12.15,-0.23,-1.858,12.14,12.15,12.38,12.29,12.32,12.13,8411799.0,102425488.0,10:19:06
sz000995,皇台酒业,13.74,-0.22,-1.576,13.74,13.75,13.96,13.75,13.94,13.68,5264300.0,72393732.0,10:19:06
sz000997,新 大 陆,20.23,0.39,1.966,20.23,20.24,19.84,19.86,20.26,19.86,7175753.0,144061794.0,10:19:06
sz000998,隆平高科,9.86,0.0,0.0,9.85,9.86,9.86,9.85,9.86,9.78,4310800.0,42306913.0,10:19:06
sz000999,华润三九,27.79,-0.26,-0.927,27.78,27.79,28.05,28.01,28.08,27.74,6148068.0,171188830.0,10:19:03
sz001201,东瑞股份,13.43,-0.11,-0.812,13.42,13.43,13.54,13.66,13.7,13.35,2913200.0,39214131.0,10:19:06
sz001202,炬申股份,16.98,0.04,0.236,16.96,16.97,16.94,16.96,16.99,16.81,321590.0,5432130.0,10:19:03
sz001203,大中矿业,46.39,4.22,10.007,46.39,0.0,42.17,43.01,46.39,42.69,16813871.0,759970216.0,10:19:06
sz001205,盛航股份,14.34,0.03,0.21,14.33,14.34,14.31,14.34,14.37,14.28,683600.0,9790725.0,10:18:54
sz001206,依依股份,21.67,0.14,0.65,21.67,21.68,21.53,21.5,21.94,21.26,2095900.0,45201421.0,10:19:06
sz001207,联科科技,19.64,-0.09,-0.456,19.63,19.64,19.73,19.73,19.73,19.53,1348820.0,26465390.0,10:19:06
sz001208,华菱线缆,21.63,0.23,1.075,21.63,21.64,21.4,21.83,22.0,20.91,36150800.0,777185343.0,10:19:06
sz001209,洪兴股份,20.28,0.13,0.645,20.26,20.28,20.15,20.25,20.3,20.03,425900.0,8585834.0,10:19:00
sz001210,金房能源,21.32,0.24,1.139,21.31,21.32,21.08,21.23,21.39,20.96,938400.0,19885782.0,10:19:06
sz001211,双枪科技,30.57,-0.38,-1.228,30.57,30.58,30.95,30.95,31.0,30.2,1251400.0,38182958.0,10:19:00
sz001212,中旗新材,48.29,-0.09,-0.186,48.29,48.31,48.38,48.29,49.58,48.19,1798400.0,87832044.0,10:19:00
sz001213,中铁特货,4.03,-0.01,-0.248,4.03,4.04,4.04,4.03,4.04,4.02,3352933.0,13519639.0,10:19:00
sz001215,千味央厨,38.62,0.34,0.888,38.62,38.68,38.28,38.38,38.95,37.8,1391200.0,53480387.0,10:19:00
sz001216,华瓷股份,18.93,0.06,0.318,18.94,18.95,18.87,19.07,19.07,18.68,1039500.0,19609127.0,10:19:00
sz001217,华尔泰,11.42,0.08,0.705,11.42,11.43,11.34,11.37,11.44,11.29,1132400.0,12865013.0,10:19:00
sz001218,丽臣实业,25.13,-0.02,-0.08,25.12,25.13,25.15,25.17,25.28,25.04,588840.0,14807987.0,10:19:00
sz001219,青岛食品,14.65,-0.02,-0.136,14.64,14.66,14.67,14.66,14.71,14.52,1031000.0,15072484.0,10:19:00
sz001220,世盟股份,43.8,0.03,0.069,43.8,43.82,43.77,43.15,44.24,43.15,1418304.0,62043823.0,10:19:00
sz001221,悍高集团,62.6,-0.46,-0.729,62.58,62.59,63.06,62.9,63.48,62.28,336180.0,21101598.0,10:19:00
sz001222,源飞宠物,19.86,-0.17,-0.849,19.86,19.87,20.03,20.09,20.11,19.65,994800.0,19728480.0,10:19:00
sz001223,欧克科技,53.97,1.99,3.828,53.95,53.97,51.98,52.7,54.8,51.53,643100.0,34283064.0,10:19:00
sz001225,和泰机电,49.51,0.43,0.876,49.51,49.53,49.08,49.11,49.63,49.01,255300.0,12573841.0,10:18:57
sz001226,拓山重工,43.95,0.4,0.918,43.92,43.95,43.55,43.38,44.08,43.38,136200.0,5975124.0,10:19:00
sz001227,兰州银行,2.23,-0.01,-0.446,2.23,2.24,2.24,2.24,2.25,2.23,9423900.0,21114357.0,10:19:00
sz001228,永泰运,33.45,-0.06,-0.179,33.42,33.5,33.51,33.54,33.84,33.1,724000.0,24215202.0,10:19:00
sz001229,魅视科技,36.75,0.04,0.109,36.73,36.74,36.71,36.71,36.94,36.5,418368.0,15354017.0,10:19:00
sz001230,劲旅环境,27.72,2.52,10.0,27.72,0.0,25.2,25.19,27.72,25.02,4850857.0,130249573.0,10:18:57
sz001231,农心科技,23.97,-0.53,-2.163,23.97,23.98,24.5,24.33,24.38,23.71,1318600.0,31700988.0,10:19:00
sz001233,海安集团,70.51,0.18,0.256,70.51,70.52,70.33,70.65,71.79,70.34,602100.0,42739496.0,10:19:00
sz001234,泰慕士,28.31,1.43,5.32,28.3,28.31,26.88,27.27,28.69,27.27,2203400.0,61914261.0,10:18:54
sz001236,弘业期货,9.39,0.07,0.751,9.38,9.39,9.32,9.32,9.43,9.28,1944900.0,18200015.0,10:18:57
sz001238,浙江正特,47.36,-1.75,-3.563,47.16,47.34,49.11,49.1,49.54,47.05,288100.0,13887152.0,10:19:00
sz001239,永达股份,15.45,0.0,0.0,15.44,15.45,15.45,15.45,15.49,15.18,1011200.0,15562952.0,10:18:54
sz001255,博菲电气,36.91,0.11,0.299,36.89,36.91,36.8,36.81,36.97,36.4,316800.0,11631786.0,10:19:00
sz001256,炜冈科技,23.87,0.36,1.531,23.86,23.87,23.51,23.5,23.87,23.5,771000.0,18224095.0,10:19:00
sz001257,盛龙股份,23.09,-0.68,-2.861,23.08,23.09,23.77,23.61,23.76,22.88,14508295.0,336117838.0,10:19:00
sz001258,立新能源,8.86,0.11,1.257,8.86,8.87,8.75,8.78,8.92,8.61,14774900.0,130628691.0,10:19:00
sz001259,利仁科技,30.87,0.1,0.325,30.86,30.9,30.77,30.78,30.98,30.49,148000.0,4549206.0,10:18:57
sz001260,坤泰股份,20.9,0.14,0.674,20.89,20.9,20.76,20.76,21.07,20.7,392900.0,8185271.0,10:18:57
sz001266,宏英智能,33.18,0.16,0.485,33.18,33.21,33.02,33.01,33.5,32.93,327700.0,10850445.0,10:19:00
sz001267,汇绿生态,41.04,-0.41,-0.989,41.04,41.05,41.45,40.9,41.58,39.87,16018400.0,651595380.0,10:19:00
sz001268,联合精密,31.34,2.85,10.004,31.34,0.0,28.49,28.68,31.34,28.64,2558064.0,78632992.0,10:19:00
sz001269,欧晶科技,22.51,0.08,0.357,22.5,22.51,22.43,22.41,22.79,22.25,1101400.0,24827095.0,10:19:00
sz001270,*ST铖昌,145.86,3.49,2.451,145.86,145.87,142.37,144.92,148.9,140.0,6690238.0,970311858.0,10:19:00
sz001277,速达股份,35.23,0.1,0.285,35.23,35.24,35.13,35.22,35.35,34.91,278600.0,9771668.0,10:19:00
sz001278,一彬科技,21.3,-0.12,-0.56,21.29,21.3,21.42,21.43,21.82,21.12,576900.0,12309719.0,10:19:00
sz001279,强邦新材,31.23,0.23,0.742,31.22,31.24,31.0,31.0,31.24,30.95,180000.0,5607269.0,10:19:00
sz001280,中国铀业,82.94,2.54,3.159,82.94,82.95,80.4,80.92,82.97,80.5,5435430.0,444824454.0,10:19:00
sz001282,三联锻造,21.69,-0.19,-0.868,21.65,21.69,21.88,22.11,22.25,21.46,2507300.0,54483508.0,10:18:54
sz001283,豪鹏科技,69.75,0.49,0.707,69.75,69.79,69.26,69.59,70.62,69.31,2073187.0,145391700.0,10:19:00
sz001285,瑞立科密,53.47,0.59,1.116,53.45,53.47,52.88,53.36,53.72,53.13,432067.0,23095933.0,10:18:48
sz001286,陕西能源,11.27,0.07,0.625,11.26,11.27,11.2,11.17,11.36,11.13,5142729.0,57923830.0,10:19:00
sz001287,中电港,27.6,0.21,0.767,27.59,27.6,27.39,26.97,27.75,26.91,10203450.0,279819033.0,10:18:57
sz001288,运机集团,26.95,0.37,1.392,26.95,26.96,26.58,26.6,26.99,26.32,1336100.0,35798746.0,10:19:00
sz001289,龙源电力,15.36,-0.03,-0.195,15.36,15.37,15.39,15.41,15.44,15.31,2162839.0,33258556.0,10:19:00
sz001296,长江材料,25.34,-0.12,-0.471,25.33,25.35,25.46,25.51,25.63,25.25,707326.0,17949367.0,10:18:57
sz001298,好上好,30.0,0.19,0.637,30.0,30.01,29.81,29.82,30.09,29.5,1581724.0,47197471.0,10:19:00
sz001299,美能能源,15.16,-1.53,-9.167,15.16,15.17,16.69,15.98,16.2,15.02,20248290.0,310364412.0,10:19:00
sz001300,三柏硕,17.75,0.78,4.596,17.75,17.76,16.97,17.1,18.54,17.1,7657206.0,137635716.0,10:19:00
sz001301,尚太科技,74.52,0.27,0.364,74.5,74.54,74.25,74.79,76.1,73.81,1977400.0,149102061.0,10:19:00
sz001306,夏厦精密,66.9,0.78,1.18,66.87,66.9,66.12,66.78,67.58,66.15,180400.0,12042131.0,10:19:00
sz001308,康冠科技,20.79,0.13,0.629,20.79,20.8,20.66,20.74,20.84,20.58,584745.0,12130454.0,10:18:48
sz001309,德明利,518.3,17.1,3.412,518.22,518.3,501.2,490.0,529.98,486.0,9725486.0,4956693253.0,10:19:00
sz001311,多利科技,32.72,1.33,4.237,32.71,32.73,31.39,31.5,33.45,31.5,2792437.0,91287654.0,10:19:00
sz001313,粤海饲料,8.01,0.03,0.376,8.0,8.01,7.98,7.98,8.05,7.92,4008800.0,32024958.0,10:19:00
sz001314,亿道信息,43.19,0.26,0.606,43.18,43.19,42.93,42.94,43.2,42.85,303200.0,13045786.0,10:18:57
sz001316,润贝航科,48.42,-0.24,-0.493,48.4,48.43,48.66,48.69,48.95,48.08,637200.0,30818366.0,10:19:00
sz001317,三羊马,48.7,0.59,1.226,48.69,48.7,48.11,48.13,48.8,47.92,512800.0,24809137.0,10:19:00
sz001318,阳光乳业,13.61,0.03,0.221,13.61,13.62,13.58,13.65,13.65,13.43,772000.0,10434719.0,10:18:45
sz001319,铭科精技,25.48,0.22,0.871,25.46,25.48,25.26,25.4,25.69,25.28,682000.0,17326570.0,10:18:45
sz001322,箭牌家居,7.36,0.0,0.0,7.35,7.36,7.36,7.35,7.38,7.3,871600.0,6392939.0,10:18:51
sz001323,慕思股份,23.64,-0.18,-0.756,23.64,23.65,23.82,23.83,23.88,23.44,433020.0,10231032.0,10:18:57
sz001324,长青科技,19.79,0.02,0.101,19.76,19.79,19.77,19.78,19.96,19.61,757100.0,14961160.0,10:18:57
sz001325,元创股份,63.27,0.03,0.047,63.27,63.28,63.24,63.18,63.6,62.89,902400.0,57107522.0,10:19:00
sz001326,联域股份,55.87,0.08,0.143,55.87,55.9,55.79,56.19,57.34,54.9,878000.0,49303972.0,10:18:57
sz001328,登康口腔,32.45,-0.04,-0.123,32.45,32.46,32.49,32.48,32.5,32.14,172300.0,5564515.0,10:19:00
sz001330,博纳影业,7.4,0.15,2.069,7.39,7.4,7.25,7.41,7.46,7.32,39691200.0,293197222.0,10:19:00
sz001331,胜通能源,51.89,-0.64,-1.218,51.84,51.89,52.53,52.08,52.45,50.6,2325000.0,119126864.0,10:19:00
sz001332,锡装股份,53.33,-0.14,-0.262,53.33,53.36,53.47,53.52,53.92,52.88,404895.0,21535021.0,10:18:57
sz001333,光华股份,24.71,-0.14,-0.563,24.68,24.71,24.85,24.84,25.04,24.58,728300.0,18038156.0,10:18:51
sz001335,信凯科技,43.6,1.69,4.032,43.58,43.6,41.91,41.9,43.85,41.6,826300.0,35617412.0,10:19:00
sz001336,楚环科技,25.16,-0.04,-0.159,25.15,25.17,25.2,25.21,25.31,24.81,359200.0,9008653.0,10:19:00
sz001337,四川黄金,47.92,-0.26,-0.54,47.91,47.93,48.18,48.02,48.28,47.45,2935738.0,140451291.0,10:19:00
sz001338,永顺泰,13.41,0.0,0.0,13.41,13.42,13.41,13.41,13.59,13.37,2365100.0,31856125.0,10:19:00
sz001339,智微智能,70.36,2.94,4.361,70.35,70.38,67.42,67.59,71.83,67.49,5855439.0,411184518.0,10:19:00
sz001356,富岭股份,11.03,0.01,0.091,11.03,11.04,11.02,11.1,11.1,11.0,471600.0,5203958.0,10:18:45
sz001358,兴欣新材,27.32,1.48,5.728,27.26,27.3,25.84,25.9,27.55,25.75,1299418.0,34823453.0,10:19:00
sz001359,平安电工,79.79,0.78,0.987,79.78,79.79,79.01,79.01,79.87,78.6,755628.0,59808303.0,10:19:00
sz001360,南矿集团,20.98,0.03,0.143,20.98,20.99,20.95,21.07,21.14,20.75,397000.0,8301144.0,10:19:00
sz001366,播恩集团,13.93,-0.03,-0.215,13.93,13.95,13.96,13.95,14.05,13.83,805000.0,11208349.0,10:19:03
sz001367,海森药业,26.29,0.37,1.427,26.25,26.3,25.92,26.15,26.55,25.71,2353219.0,61382105.0,10:19:03
sz001368,通达创智,27.97,0.53,1.931,27.95,27.98,27.44,27.64,28.06,27.25,960400.0,26589529.0,10:19:00
sz001369,双欣材料,16.07,0.19,1.196,16.07,16.08,15.88,15.83,16.28,15.66,10730189.0,172427059.0,10:19:03
sz001373,翔腾新材,34.22,-0.17,-0.494,34.21,34.25,34.39,34.43,34.53,33.99,447000.0,15289662.0,10:19:03
sz001376,百通能源,15.65,-0.08,-0.509,15.65,15.66,15.73,15.68,15.76,15.5,2963200.0,46294187.0,10:19:03
sz001378,德冠新材,25.19,0.34,1.368,25.19,25.2,24.85,25.13,25.37,24.93,1368565.0,34385696.0,10:19:03
sz001379,腾达科技,21.61,0.17,0.793,21.59,21.61,21.44,21.43,21.65,21.35,591200.0,12727721.0,10:19:00
sz001380,华纬科技,20.11,0.07,0.349,20.1,20.11,20.04,20.04,20.35,20.04,369800.0,7448791.0,10:19:03
sz001382,新亚电缆,20.18,-0.17,-0.835,20.18,20.2,20.35,20.36,20.39,20.02,1650800.0,33263628.0,10:19:03
sz001386,马可波罗,19.58,-0.02,-0.102,19.57,19.58,19.6,19.58,19.67,19.52,670100.0,13120179.0,10:19:03
sz001387,雪祺电气,13.18,0.02,0.152,13.17,13.18,13.16,13.18,13.22,13.12,593100.0,7812354.0,10:19:03
sz001388,信通电子,39.37,-0.08,-0.203,39.32,39.37,39.45,39.45,39.5,39.03,397282.0,15577741.0,10:19:00
sz001389,广合科技,133.0,5.14,4.02,132.87,133.0,127.86,128.97,133.32,128.02,3885852.0,508859692.0,10:19:03
sz001390,古麒绒材,21.95,-0.08,-0.363,21.94,21.95,22.03,22.05,22.06,21.72,650090.0,14204028.0,10:18:42
sz001391,国货航,5.31,-0.02,-0.375,5.31,5.32,5.33,5.31,5.33,5.3,4490500.0,23856199.0,10:19:03
sz001395,亚联机械,39.11,0.18,0.462,39.11,39.12,38.93,38.94,39.13,38.81,108818.0,4241827.0,10:19:00
sz001396,誉帆科技,45.98,0.2,0.437,45.98,45.99,45.78,46.08,46.16,45.68,240300.0,11044237.0,10:18:57
sz001400,江顺科技,172.61,-1.1,-0.633,172.4,172.63,173.71,173.63,173.71,169.22,1060222.0,181080259.0,10:19:03
sz001696,宗申动力,19.17,0.05,0.262,19.16,19.17,19.12,19.21,19.21,19.02,5853210.0,111939993.0,10:19:03
sz001872,招商港口,21.38,-0.26,-1.201,21.38,21.39,21.64,21.64,21.69,21.35,618275.0,13292603.0,10:19:03
sz001896,豫能控股,17.01,0.44,2.655,17.01,17.02,16.57,16.41,17.68,15.75,126663003.0,2139631612.0,10:19:03
sz001914,招商积余,9.89,0.02,0.203,9.89,9.9,9.87,9.87,9.95,9.85,1817399.0,17989536.0,10:19:03
sz001965,招商公路,9.24,0.09,0.984,9.24,9.25,9.15,9.16,9.27,9.07,5643002.0,51715908.0,10:19:03
sz001979,招商蛇口,8.51,-0.03,-0.351,8.51,8.52,8.54,8.5,8.68,8.5,18011668.0,154499354.0,10:19:03
sz002001,新 和 成,37.89,1.3,3.553,37.88,37.89,36.59,36.6,37.94,36.24,20208783.0,750539449.0,10:19:03
sz002003,伟星股份,10.0,0.12,1.215,9.99,10.0,9.88,9.91,10.01,9.87,1560091.0,15530697.0,10:18:54
sz002004,华邦健康,5.24,0.01,0.191,5.24,5.25,5.23,5.24,5.28,5.21,6932339.0,36354508.0,10:19:03
sz002005,ST德豪,2.87,-0.01,-0.347,2.86,2.87,2.88,2.88,2.89,2.86,1534800.0,4403925.0,10:19:00
sz002006,精工科技,18.09,0.05,0.277,18.09,18.1,18.04,18.1,18.17,17.92,1805792.0,32585907.0,10:19:03
sz002007,华兰生物,14.99,-0.03,-0.2,14.98,14.99,15.02,15.02,15.05,14.91,2988360.0,44772640.0,10:19:03
sz002008,大族激光,85.01,6.22,7.894,85.01,85.03,78.79,77.81,85.85,77.81,22874196.0,1897522067.0,10:19:03
sz002009,天奇股份,24.16,0.07,0.291,24.16,24.17,24.09,24.5,24.59,23.97,7960616.0,192968613.0,10:19:03
sz002010,传化智联,5.88,0.07,1.205,5.88,5.89,5.81,5.81,5.97,5.81,11219462.0,66003058.0,10:19:00
sz002011,盾安环境,12.19,0.14,1.162,12.19,12.2,12.05,12.11,12.25,12.08,3015400.0,36602010.0,10:19:03
sz002012,凯恩股份,7.06,-0.02,-0.282,7.06,7.07,7.08,7.08,7.14,7.02,5383800.0,38071221.0,10:19:03
sz002014,永新股份,11.95,0.0,0.0,11.96,11.97,11.95,11.96,12.03,11.91,620900.0,7433523.0,10:18:57
sz002015,协鑫能科,18.48,0.68,3.82,18.47,18.48,17.8,17.9,18.82,17.51,113455867.0,2082912704.0,10:19:03
sz002016,世荣兆业,5.85,0.0,0.0,5.85,5.86,5.85,5.86,5.91,5.82,3361100.0,19675753.0,10:18:54
sz002017,东信和平,18.95,0.05,0.265,18.94,18.95,18.9,18.89,18.99,18.86,2702623.0,51110133.0,10:19:03
sz002019,亿帆医药,12.71,0.01,0.079,12.71,12.72,12.7,12.69,12.78,12.48,8749164.0,110285402.0,10:19:03
sz002020,京新药业,15.99,-0.27,-1.661,15.99,16.0,16.26,16.25,16.25,15.98,5098743.0,81919610.0,10:19:03
sz002021,中捷资源,3.01,0.01,0.333,3.01,3.02,3.0,2.99,3.03,2.97,12777316.0,38281320.0,10:19:03
sz002022,科华生物,5.8,-0.04,-0.685,5.79,5.8,5.84,5.85,5.85,5.77,2468600.0,14318419.0,10:19:03
sz002023,海特高新,12.26,-0.46,-3.616,12.25,12.26,12.72,12.29,12.32,12.02,26959709.0,328069042.0,10:19:03
sz002024,ST易购,1.32,-0.01,-0.752,1.32,1.33,1.33,1.33,1.33,1.32,7054100.0,9351394.0,10:19:03
sz002025,航天电器,77.35,-2.32,-2.912,77.32,77.35,79.67,78.33,78.67,75.52,17305912.0,1332062328.0,10:19:03
sz002026,山东威达,13.29,0.09,0.682,13.27,13.28,13.2,13.28,13.34,13.2,1321500.0,17525043.0,10:19:03
sz002027,分众传媒,6.35,0.05,0.794,6.34,6.35,6.3,6.3,6.36,6.25,36146176.0,228312138.0,10:19:03
sz002028,思源电气,210.1,0.52,0.248,210.1,210.16,209.58,209.58,212.0,207.65,2881072.0,605218374.0,10:19:03
sz002029,七 匹 狼,9.74,-0.06,-0.612,9.73,9.74,9.8,9.81,9.85,9.7,3775009.0,36774369.0,10:19:03
sz002030,达安基因,5.94,-0.04,-0.669,5.93,5.94,5.98,5.97,5.98,5.9,3870826.0,22952243.0,10:19:03
sz002031,巨轮智能,6.2,0.09,1.473,6.2,6.21,6.11,6.15,6.29,6.15,24888400.0,155364369.0,10:19:03
sz002032,苏 泊 尔,45.76,0.18,0.395,45.76,45.77,45.58,45.6,46.08,45.48,702600.0,32260953.0,10:19:03
sz002033,丽江股份,10.32,0.38,3.823,10.27,10.31,9.94,9.93,10.38,9.81,56825974.0,575320357.0,10:19:03
sz002034,旺能环境,18.88,0.15,0.801,18.88,18.89,18.73,18.7,19.05,18.6,2613666.0,49381904.0,10:19:03
sz002035,华帝股份,6.4,-0.02,-0.312,6.4,6.41,6.42,6.42,6.53,6.37,5282500.0,33936849.0,10:19:00
sz002036,联创电子,9.27,0.22,2.431,9.27,9.28,9.05,9.15,9.35,9.05,15355754.0,140915070.0,10:19:03
sz002037,保利联合,8.44,0.05,0.596,8.44,8.45,8.39,8.42,8.48,8.36,2154600.0,18150602.0,10:19:03
sz002038,双鹭药业,8.08,0.01,0.124,8.08,8.09,8.07,8.2,8.53,7.95,102676142.0,840107247.0,10:19:03
sz002039,黔源电力,20.73,0.19,0.925,20.72,20.73,20.54,20.6,21.09,20.36,5552993.0,115567091.0,10:19:03
sz002040,南 京 港,9.92,-0.09,-0.899,9.92,9.93,10.01,10.01,10.03,9.88,2577800.0,25604733.0,10:19:03
sz002041,登海种业,10.41,0.03,0.289,10.4,10.41,10.38,10.36,10.45,10.28,3072387.0,31868978.0,10:19:03
sz002042,华孚时尚,4.8,0.09,1.911,4.8,4.81,4.71,4.71,4.83,4.67,35194309.0,168091391.0,10:19:03
sz002043,兔 宝 宝,14.52,0.04,0.276,14.52,14.53,14.48,14.47,14.65,14.3,2045603.0,29692543.0,10:19:03
sz002044,美年健康,5.33,-0.08,-1.479,5.33,5.34,5.41,5.39,5.4,5.3,60654505.0,323637969.0,10:19:03
sz002045,国光电器,11.88,0.04,0.338,11.88,11.89,11.84,11.85,11.9,11.82,1645600.0,19505531.0,10:19:03
sz002046,国机精工,49.55,1.18,2.44,49.54,49.55,48.37,48.3,49.92,47.9,6121000.0,302485879.0,10:19:03
sz002047,*ST宝鹰,5.48,0.1,1.859,5.47,5.48,5.38,5.42,5.5,5.36,8648925.0,47120578.0,10:19:00
sz002048,宁波华翔,27.81,-0.2,-0.714,27.8,27.81,28.01,28.59,28.62,27.8,7103550.0,199675667.0,10:19:03
sz002049,紫光国微,71.05,0.87,1.24,71.06,71.1,70.18,70.47,71.35,70.1,5196191.0,368114709.0,10:19:03
sz002050,三花智控,45.72,0.61,1.352,45.72,45.73,45.11,46.5,46.66,45.68,48377780.0,2230007559.0,10:19:03
sz002051,中工国际,11.66,-0.24,-2.017,11.66,11.67,11.9,11.54,11.93,11.4,77348794.0,900454407.0,10:19:03
sz002052,同洲电子,10.32,0.12,1.176,10.3,10.32,10.2,10.25,10.44,10.23,3386300.0,34960216.0,10:19:03
sz002053,云南能投,11.18,0.03,0.269,11.18,11.19,11.15,11.16,11.2,11.1,1912471.0,21317913.0,10:19:00
sz002054,德美化工,8.57,0.09,1.061,8.57,8.58,8.48,8.6,8.66,8.43,10930143.0,93436273.0,10:19:03
sz002055,ST得润,6.18,0.08,1.311,6.18,6.19,6.1,6.13,6.21,6.1,7539500.0,46515465.0,10:19:03
sz002056,横店东磁,19.4,0.07,0.362,19.39,19.4,19.33,19.34,19.5,19.23,9222865.0,178661617.0,10:19:03
sz002057,中钢天源,9.63,0.07,0.732,9.63,9.64,9.56,9.6,9.66,9.5,2776550.0,26648339.0,10:19:03
sz002058,*ST威尔,21.82,-0.11,-0.502,21.82,21.86,21.93,21.92,21.99,21.6,407500.0,8912657.0,10:18:54
sz002059,云南旅游,5.19,0.07,1.367,5.18,5.19,5.12,5.13,5.2,5.09,8076200.0,41688388.0,10:19:00
sz002060,广东建工,3.96,-0.09,-2.222,3.95,3.96,4.05,4.04,4.04,3.93,53324593.0,212042790.0,10:19:00
sz002061,浙江交科,3.9,-0.02,-0.51,3.9,3.91,3.92,3.91,3.93,3.9,4740240.0,18550453.0,10:19:00
sz002062,宏润建设,8.05,0.73,9.973,8.05,0.0,7.32,7.31,8.05,7.27,21696731.0,168061994.0,10:19:00
sz002063,远光软件,6.44,0.02,0.312,6.43,6.44,6.42,6.44,6.45,6.39,14769529.0,94753048.0,10:19:00
sz002064,华峰化学,10.94,0.0,0.0,10.92,10.94,10.94,10.93,11.2,10.84,15703598.0,172792076.0,10:19:00
sz002065,东华软件,8.42,0.07,0.838,8.41,8.42,8.35,8.35,8.42,8.35,9738336.0,81703460.0,10:19:00
sz002066,瑞泰科技,22.56,0.17,0.759,22.57,22.58,22.39,22.45,22.65,21.94,2207500.0,49392062.0,10:19:00
sz002067,景兴纸业,4.78,0.03,0.632,4.77,4.78,4.75,4.75,4.79,4.74,6289402.0,29966206.0,10:19:00
sz002068,黑猫股份,8.6,-0.17,-1.938,8.6,8.61,8.77,8.78,8.8,8.58,8358700.0,72210961.0,10:19:00
sz002069,獐子岛,3.7,0.0,0.0,3.69,3.7,3.7,3.72,3.72,3.66,3581200.0,13173166.0,10:18:57
sz002072,凯瑞德,7.6,-0.08,-1.042,7.59,7.6,7.68,7.67,7.68,7.52,2394700.0,18166334.0,10:19:00
sz002073,软控股份,7.22,-0.01,-0.138,7.21,7.22,7.23,7.27,7.3,7.16,9346170.0,67474945.0,10:19:00
sz002074,国轩高科,39.34,0.62,1.601,39.34,39.35,38.72,39.14,39.96,38.61,40449351.0,1592629984.0,10:19:00
sz002075,沙钢股份,4.7,0.02,0.427,4.7,4.71,4.68,4.69,4.73,4.68,5395900.0,25395341.0,10:19:00
sz002076,*ST星光,2.16,-0.02,-0.917,2.16,2.17,2.18,2.18,2.2,2.15,12677400.0,27533252.0,10:19:00
sz002077,大港股份,16.04,0.14,0.881,16.03,16.04,15.9,15.89,16.13,15.77,5561294.0,88732108.0,10:19:00
sz002078,太阳纸业,14.66,0.1,0.687,14.65,14.66,14.56,14.6,14.75,14.58,5846014.0,85829449.0,10:18:57
sz002079,苏州固锝,10.2,0.31,3.134,10.2,10.21,9.89,9.96,10.38,9.92,23125506.0,235796329.0,10:19:00
sz002080,中材科技,49.34,0.83,1.711,49.33,49.34,48.51,48.76,50.16,48.03,26226764.0,1291924005.0,10:19:00
sz002081,金 螳 螂,3.34,-0.03,-0.89,3.34,3.35,3.37,3.36,3.38,3.34,5894800.0,19778014.0,10:19:00
sz002082,万邦德,27.5,-0.91,-3.203,27.48,27.51,28.41,28.22,28.64,27.31,23899311.0,665085782.0,10:19:00
sz002083,孚日股份,12.51,-0.57,-4.358,12.5,12.51,13.08,12.77,12.8,12.21,55675708.0,693356336.0,10:19:00
sz002084,海鸥住工,3.74,0.0,0.0,3.73,3.74,3.74,3.73,3.75,3.68,4517467.0,16805547.0,10:19:00
sz002085,万丰奥威,14.28,0.06,0.422,14.28,14.29,14.22,14.35,14.37,14.21,5002000.0,71397125.0,10:19:00
sz002086,东方海洋,2.04,0.01,0.493,2.03,2.04,2.03,2.04,2.04,2.02,11738800.0,23828566.0,10:19:00
sz002088,鲁阳节能,10.07,0.05,0.499,10.07,10.08,10.02,10.02,10.12,9.99,679540.0,6841651.0,10:19:00
sz002090,金智科技,11.04,-0.1,-0.898,11.03,11.04,11.14,11.14,11.16,11.02,1917800.0,21217879.0,10:19:00
sz002091,江苏国泰,9.41,0.08,0.857,9.4,9.41,9.33,9.32,9.52,9.3,12241538.0,115657896.0,10:19:00
sz002092,中泰化学,6.27,-0.06,-0.948,6.26,6.27,6.33,6.3,6.31,6.2,17832500.0,111554406.0,10:19:00
sz002093,国脉科技,9.73,0.07,0.725,9.72,9.73,9.66,9.67,9.73,9.67,2711571.0,26297971.0,10:19:00
sz002094,青岛金王,6.34,-0.01,-0.157,6.34,6.35,6.35,6.35,6.38,6.31,3732400.0,23639318.0,10:19:00
sz002095,生 意 宝,16.58,0.04,0.242,16.58,16.59,16.54,16.6,16.63,16.48,598700.0,9924993.0,10:19:00
sz002096,易普力,11.82,-0.06,-0.505,11.82,11.83,11.88,11.88,11.94,11.81,1956300.0,23232100.0,10:19:00
sz002097,山河智能,10.08,0.06,0.599,10.07,10.08,10.02,10.03,10.08,10.0,3354350.0,33656335.0,10:19:00
sz002098,浔兴股份,8.94,0.02,0.224,8.93,8.94,8.92,8.94,8.94,8.88,471700.0,4205696.0,10:19:00
sz002099,海翔药业,7.08,-0.03,-0.422,7.08,7.09,7.11,7.08,7.1,6.98,7087281.0,49930360.0,10:19:00
sz002100,天康生物,8.2,-0.15,-1.796,8.2,8.21,8.35,8.27,8.31,8.15,15561200.0,128053954.0,10:19:00
sz002101,广东鸿图,10.39,-0.09,-0.859,10.38,10.39,10.48,10.49,10.55,10.3,4795088.0,49774559.0,10:19:00
sz002102,能特科技,2.88,0.01,0.348,2.87,2.88,2.87,2.87,2.89,2.83,10502200.0,30056013.0,10:19:00
sz002103,广博股份,8.13,0.04,0.494,8.13,8.14,8.09,8.14,8.14,8.06,1272000.0,10310761.0,10:18:54
sz002104,恒宝股份,15.33,0.09,0.591,15.33,15.34,15.24,15.29,15.39,15.18,6208500.0,94898185.0,10:19:00
sz002105,信隆健康,6.25,0.06,0.969,6.23,6.24,6.19,6.18,6.26,6.15,1876888.0,11634535.0,10:18:57
sz002106,莱宝高科,10.61,0.02,0.189,10.6,10.61,10.59,10.56,10.65,10.51,2339500.0,24718608.0,10:19:00
sz002107,沃华医药,8.02,0.07,0.881,8.01,8.02,7.95,7.93,8.08,7.75,37408803.0,297679845.0,10:19:00
sz002108,沧州明珠,5.09,0.17,3.455,5.09,5.1,4.92,4.93,5.15,4.91,53193542.0,268702532.0,10:19:00
sz002109,兴化股份,3.99,-0.02,-0.499,3.98,3.99,4.01,4.0,4.0,3.93,13479400.0,53460118.0,10:19:00
sz002110,三钢闽光,3.78,0.02,0.532,3.77,3.78,3.76,3.75,3.79,3.74,6615619.0,24912455.0,10:19:00
sz002111,威海广泰,10.08,-0.04,-0.395,10.07,10.08,10.12,10.1,10.14,10.02,1586140.0,15969886.0,10:19:00
sz002112,三变科技,21.65,-0.73,-3.262,21.64,21.65,22.38,22.0,22.07,21.36,18294715.0,395572343.0,10:19:00
sz002114,罗平锌电,8.69,0.08,0.929,8.68,8.69,8.61,8.65,8.74,8.57,2466000.0,21388475.0,10:19:00
sz002115,三维通信,12.37,0.11,0.897,12.36,12.37,12.26,12.34,12.45,12.27,9443390.0,116416299.0,10:19:00
sz002116,中国海诚,10.43,0.04,0.385,10.42,10.43,10.39,10.45,10.45,10.3,1644700.0,17055077.0,10:19:00
sz002117,东港股份,10.18,0.14,1.394,10.17,10.18,10.04,10.03,10.34,10.0,5332350.0,54383640.0,10:19:00
sz002119,康强电子,21.99,0.28,1.29,21.99,22.0,21.71,21.81,22.22,21.5,13161598.0,288025159.0,10:19:00
sz002120,韵达股份,6.96,0.06,0.87,6.95,6.96,6.9,6.9,7.06,6.85,28057049.0,195979438.0,10:19:00
sz002121,科陆电子,7.54,-0.21,-2.71,7.53,7.54,7.75,7.77,7.78,7.53,19077319.0,144934471.0,10:19:00
sz002122,ST汇洲,3.01,0.03,1.007,3.01,3.02,2.98,2.97,3.03,2.97,7107610.0,21303722.0,10:19:00
sz002123,梦网科技,9.83,-0.06,-0.607,9.83,9.84,9.89,9.94,9.95,9.69,10101420.0,98986197.0,10:19:00
sz002124,天邦食品,2.87,-0.27,-8.599,2.87,2.88,3.14,3.06,3.13,2.83,263494097.0,771002146.0,10:19:00
sz002125,湘潭电化,13.94,0.46,3.412,13.94,13.95,13.48,13.6,14.36,13.5,17939588.0,252537459.0,10:19:00
sz002126,银轮股份,49.52,0.86,1.767,49.51,49.52,48.66,48.96,49.98,48.85,8240268.0,406814127.0,10:19:00
sz002127,南极电商,2.78,-0.01,-0.358,2.78,2.79,2.79,2.79,2.8,2.77,5418200.0,15089219.0,10:19:00
sz002128,电投能源,33.53,0.75,2.288,33.53,33.55,32.78,33.1,34.23,32.98,12369517.0,417462675.0,10:19:00
sz002129,TCL中环,8.74,0.06,0.691,8.73,8.74,8.68,8.71,8.76,8.64,18098678.0,157791668.0,10:19:00
sz002130,沃尔核材,25.49,0.29,1.151,25.48,25.49,25.2,25.22,25.56,25.22,11577900.0,294446022.0,10:19:00
sz002131,利欧股份,7.9,0.08,1.023,7.9,7.91,7.82,7.97,8.05,7.86,177401071.0,1408060024.0,10:19:00
sz002132,恒星科技,4.57,0.42,10.12,4.57,0.0,4.15,4.22,4.57,4.16,130210780.0,576135931.0,10:19:00
sz002133,广宇集团,3.26,-0.01,-0.306,3.26,3.27,3.27,3.28,3.29,3.22,6456600.0,21015676.0,10:18:57
sz002134,天津普林,22.32,0.09,0.405,22.31,22.32,22.23,22.45,22.59,22.15,4060800.0,90948679.0,10:19:00
sz002135,东南网架,7.66,0.01,0.131,7.66,7.67,7.65,7.64,7.69,7.55,9875900.0,75337365.0,10:19:00
sz002136,安 纳 达,12.74,0.29,2.329,12.74,12.75,12.45,12.48,12.82,12.4,2397100.0,30291411.0,10:19:00
sz002137,实益达,8.29,0.08,0.974,8.28,8.29,8.21,8.22,8.3,8.18,2177100.0,17937697.0,10:19:00
sz002138,顺络电子,35.76,0.05,0.14,35.75,35.76,35.71,35.68,35.96,35.42,5522259.0,196867481.0,10:19:00
sz002139,拓邦股份,12.4,0.02,0.162,12.39,12.4,12.38,12.42,12.47,12.38,2592250.0,32177372.0,10:18:57
sz002140,东华科技,12.46,0.05,0.403,12.45,12.46,12.41,12.4,12.49,12.36,2177691.0,27078740.0,10:18:57
sz002141,贤丰控股,3.74,0.02,0.538,3.74,3.75,3.72,3.73,3.75,3.7,5581200.0,20829893.0,10:18:57
sz002142,宁波银行,31.45,-0.07,-0.222,31.44,31.45,31.52,31.51,31.82,31.35,6127850.0,193602427.0,10:19:00
sz002144,宏达高科,15.17,0.15,0.999,15.17,15.19,15.02,15.01,15.23,14.9,1030800.0,15501849.0,10:19:00
sz002145,钛能化学,4.64,0.07,1.532,4.63,4.64,4.57,4.58,4.65,4.57,16084554.0,74337232.0,10:19:00
sz002146,荣盛发展,1.38,0.0,0.0,1.37,1.38,1.38,1.38,1.39,1.37,37787300.0,52111780.0,10:18:57
sz002148,北纬科技,7.71,0.06,0.784,7.71,7.72,7.65,7.64,7.71,7.64,3006600.0,23074876.0,10:18:57
sz002149,西部材料,52.98,-0.67,-1.249,52.98,53.0,53.65,53.04,53.59,52.24,38931220.0,2053746344.0,10:18:57
sz002150,正泰电源,31.1,-0.64,-2.016,31.09,31.1,31.74,32.1,32.1,31.0,7913064.0,250113686.0,10:18:57
sz002151,北斗星通,38.31,0.11,0.288,38.31,38.32,38.2,38.21,38.48,37.95,4202686.0,160359324.0,10:18:57
sz002152,广电运通,12.05,0.11,0.921,12.04,12.05,11.94,11.99,12.05,11.95,4936498.0,59255862.0,10:18:57
sz002153,石基信息,9.7,0.13,1.358,9.7,9.71,9.57,9.58,9.71,9.58,5423836.0,52407021.0,10:18:57
sz002154,报 喜 鸟,3.75,0.15,4.167,3.74,3.75,3.6,3.62,3.8,3.6,35247600.0,131625450.0,10:18:57
sz002155,湖南黄金,29.08,-0.1,-0.343,29.07,29.08,29.18,29.18,29.39,28.9,14498070.0,421444830.0,10:18:57
sz002156,通富微电,47.01,0.02,0.043,47.0,47.02,46.99,47.49,47.64,46.45,22031870.0,1034955552.0,10:18:57
sz002157,正邦科技,3.39,-0.11,-3.143,3.39,3.4,3.5,3.48,3.49,3.36,203820942.0,692498763.0,10:18:57
sz002158,汉钟精机,24.67,0.17,0.694,24.66,24.68,24.5,24.7,24.78,24.47,1060100.0,26117864.0,10:18:57
sz002159,三特索道,17.8,0.27,1.54,17.79,17.8,17.53,17.59,17.84,17.5,1426200.0,25226896.0,10:18:57
sz002160,常铝股份,5.09,0.05,0.992,5.08,5.09,5.04,5.06,5.19,5.06,10762224.0,55076055.0,10:18:57
sz002161,远 望 谷,7.26,0.02,0.276,7.25,7.26,7.24,7.26,7.27,7.15,4723700.0,34160287.0,10:18:57
sz002162,悦心健康,4.64,0.01,0.216,4.64,4.65,4.63,4.63,4.65,4.61,2708500.0,12543723.0,10:18:57
sz002163,海南发展,12.83,0.07,0.549,12.83,12.84,12.76,12.76,12.84,12.67,6931900.0,88571332.0,10:18:57
sz002164,宁波东力,12.87,0.02,0.156,12.87,12.88,12.85,12.86,12.99,12.81,2452200.0,31557805.0,10:18:57
sz002165,红 宝 丽,9.65,0.02,0.208,9.64,9.65,9.63,9.63,9.72,9.52,11481913.0,110379162.0,10:18:57
sz002166,莱茵生物,8.94,-0.09,-0.997,8.94,8.95,9.03,9.02,9.03,8.94,2635400.0,23660937.0,10:18:57
sz002167,东方锆业,12.82,0.17,1.344,12.81,12.82,12.65,12.66,12.91,12.62,8107400.0,103406534.0,10:18:57
sz002168,*ST惠程,4.23,0.03,0.714,4.23,4.24,4.2,4.2,4.27,4.19,3265900.0,13852138.0,10:18:51
sz002169,智光电气,14.63,-0.27,-1.812,14.62,14.63,14.9,15.06,15.24,14.6,13052828.0,194847080.0,10:18:57
sz002170,芭田股份,13.83,0.38,2.825,13.82,13.83,13.45,13.6,13.91,13.55,21665446.0,298199945.0,10:18:57
sz002171,楚江新材,11.45,0.01,0.087,11.45,11.46,11.44,11.47,11.53,11.41,7908819.0,90631252.0,10:18:57
sz002172,澳洋健康,3.82,0.0,0.0,3.81,3.82,3.82,3.82,3.83,3.78,4535100.0,17247897.0,10:18:51
sz002173,创新医疗,25.43,-0.09,-0.353,25.43,25.44,25.52,25.42,25.6,25.16,6499595.0,164573645.0,10:18:57
sz002174,游族网络,9.63,0.07,0.732,9.62,9.63,9.56,9.62,9.66,9.59,3397786.0,32687731.0,10:18:57
sz002175,东方智造,2.63,0.05,1.938,2.63,2.64,2.58,2.58,2.65,2.47,45596115.0,116243387.0,10:18:57
sz002176,江特电机,11.16,0.26,2.385,11.16,11.17,10.9,11.02,11.37,10.89,67825879.0,758461358.0,10:18:57
sz002177,御银股份,7.82,0.04,0.514,7.82,7.83,7.78,7.79,7.86,7.73,18459843.0,143999283.0,10:18:57
sz002178,延华智能,6.05,0.02,0.332,6.05,6.06,6.03,6.05,6.07,6.01,2704600.0,16345336.0,10:18:54
sz002179,中航光电,35.84,-0.03,-0.084,35.83,35.84,35.87,35.9,36.15,35.62,7221940.0,258411399.0,10:18:57
sz002180,纳思达,17.78,0.38,2.184,17.77,17.78,17.4,17.41,17.9,17.38,11387251.0,201520451.0,10:18:57
sz002181,粤 传 媒,13.32,0.28,2.147,13.31,13.32,13.04,13.13,13.65,12.9,53634618.0,717247635.0,10:18:57
sz002182,宝武镁业,16.62,0.35,2.151,16.61,16.62,16.27,16.33,16.66,16.33,8974940.0,148267920.0,10:18:57
sz002183,怡 亚 通,5.86,-0.16,-2.658,5.85,5.86,6.02,5.97,6.0,5.85,59995363.0,353854997.0,10:18:57
sz002184,海得控制,11.56,0.08,0.697,11.55,11.56,11.48,11.48,11.64,11.48,1469600.0,16978007.0,10:18:48
sz002185,华天科技,12.48,0.02,0.161,12.47,12.48,12.46,12.45,12.52,12.36,24232982.0,301603784.0,10:18:57
sz002186,全 聚 德,10.56,0.01,0.095,10.55,10.56,10.55,10.55,10.57,10.45,2512599.0,26363118.0,10:18:57
sz002187,广百股份,6.24,-0.02,-0.319,6.23,6.24,6.26,6.25,6.27,6.21,1786300.0,11124928.0,10:18:54
sz002188,中天服务,6.39,0.01,0.157,6.38,6.39,6.38,6.4,6.44,6.32,4464100.0,28460534.0,10:18:54
sz002189,中光学,19.78,-0.02,-0.101,19.76,19.78,19.8,19.79,19.93,19.63,657700.0,12973933.0,10:18:54
sz002190,成飞集成,31.57,-0.06,-0.19,31.57,31.58,31.63,31.53,31.75,31.44,1208869.0,38175741.0,10:18:54
sz002191,劲嘉股份,3.67,-0.02,-0.542,3.67,3.68,3.69,3.7,3.71,3.66,4509100.0,16553529.0,10:18:57
sz002192,融捷股份,79.36,4.08,5.42,79.36,79.39,75.28,76.29,81.8,75.0,21888027.0,1726796612.0,10:18:57
sz002193,如意集团,6.56,0.12,1.863,6.56,6.57,6.44,6.55,6.6,6.33,3959200.0,25674191.0,10:18:54
sz002194,武汉凡谷,10.53,0.08,0.766,10.53,10.54,10.45,10.46,10.55,10.39,2460560.0,25733584.0,10:18:54
sz002195,岩山科技,9.07,0.04,0.443,9.07,9.08,9.03,9.03,9.1,9.02,39013409.0,353497197.0,10:18:57
sz002196,方正电机,14.31,0.13,0.917,14.3,14.31,14.18,14.5,14.79,14.3,17842800.0,259139801.0,10:18:57
sz002197,证通电子,8.14,0.22,2.778,8.14,8.15,7.92,7.87,8.17,7.85,13888224.0,111722554.0,10:18:57
sz002198,嘉应制药,7.65,-0.01,-0.131,7.64,7.65,7.66,7.65,7.67,7.56,3843700.0,29218080.0,10:18:57
sz002199,*ST东晶,9.71,0.38,4.073,9.71,9.72,9.33,9.43,9.75,9.35,2778200.0,26700601.0,10:18:57
sz002200,*ST交投,7.71,0.13,1.715,7.71,7.72,7.58,7.63,7.75,7.59,1273480.0,9800421.0,10:18:57
sz002201,九鼎新材,12.19,0.4,3.393,12.19,12.2,11.79,11.79,12.52,11.65,35585801.0,433870960.0,10:18:57
sz002202,金风科技,24.95,-0.07,-0.28,24.94,24.95,25.02,25.1,25.2,24.8,53283935.0,1328762510.0,10:18:57
sz002203,海亮股份,15.54,0.11,0.713,15.53,15.54,15.43,15.49,15.57,15.33,7033200.0,108679244.0,10:18:57
sz002204,大连重工,6.71,-0.03,-0.445,6.71,6.72,6.74,6.74,6.75,6.7,5372100.0,36139874.0,10:18:57
sz002205,国统股份,12.78,0.03,0.235,12.78,12.8,12.75,12.82,12.85,12.51,845140.0,10741807.0,10:18:54
sz002206,海 利 得,6.35,0.06,0.954,6.34,6.35,6.29,6.32,6.39,6.28,4592732.0,29137982.0,10:18:57
sz002207,准油股份,7.37,-0.28,-3.66,7.37,7.38,7.65,7.6,7.6,7.23,12550004.0,92122848.0,10:18:57
sz002208,合肥城建,12.37,0.1,0.815,12.36,12.37,12.27,12.2,12.48,12.1,10612880.0,130097890.0,10:18:54
sz002209,达 意 隆,15.44,0.44,2.933,15.44,15.45,15.0,15.11,15.47,14.92,2014700.0,30607297.0,10:18:57
sz002210,飞马国际,2.52,-0.01,-0.395,2.52,2.53,2.53,2.53,2.54,2.51,11186868.0,28279471.0,10:18:57
sz002211,ST宏达,3.56,-0.05,-1.385,3.56,3.57,3.61,3.62,3.64,3.56,2738800.0,9856922.0,10:18:57
sz002212,天融信,7.55,0.09,1.206,7.55,7.56,7.46,7.52,7.56,7.46,7277600.0,54644052.0,10:18:57
sz002213,大为股份,38.34,3.49,10.014,38.34,0.0,34.85,34.89,38.34,33.87,39801199.0,1455339790.0,10:18:57
sz002214,*ST大立,18.7,-0.09,-0.479,18.69,18.7,18.79,18.6,18.78,18.4,1269220.0,23553368.0,10:18:57
sz002215,诺 普 信,10.37,0.07,0.68,10.36,10.37,10.3,10.45,10.47,10.32,2443100.0,25376432.0,10:18:57
sz002216,三全食品,12.87,0.12,0.941,12.86,12.87,12.75,12.74,12.93,12.67,2518540.0,32379191.0,10:18:57
sz002217,合力泰,2.41,0.0,0.0,2.4,2.41,2.41,2.41,2.42,2.36,95158119.0,226899947.0,10:18:57
sz002218,拓日新能,5.55,-0.04,-0.716,5.55,5.56,5.59,5.58,5.58,5.47,24063113.0,133091608.0,10:18:57
sz002219,新里程,2.32,-0.01,-0.429,2.32,2.33,2.33,2.44,2.5,2.31,117400590.0,278544373.0,10:18:57
sz002221,东华能源,7.97,-0.04,-0.499,7.97,7.98,8.01,8.0,8.01,7.93,5046933.0,40158676.0,10:18:57
sz002222,福晶科技,86.06,2.5,2.992,86.05,86.06,83.56,83.5,87.0,82.36,11380032.0,966313179.0,10:18:57
sz002223,鱼跃医疗,32.92,-0.14,-0.423,32.91,32.92,33.06,33.13,33.15,32.8,1907107.0,62802822.0,10:18:57
sz002224,三 力 士,4.34,0.01,0.231,4.34,4.35,4.33,4.34,4.35,4.32,2949900.0,12785635.0,10:18:54
sz002225,濮耐股份,5.64,0.03,0.535,5.63,5.64,5.61,5.62,5.66,5.61,4271401.0,24067842.0,10:18:57
sz002226,江南化工,5.6,-0.02,-0.356,5.6,5.61,5.62,5.62,5.64,5.59,4319500.0,24247891.0,10:18:57
sz002227,奥 特 迅,7.87,-0.15,-1.87,7.86,7.87,8.02,8.0,8.0,7.72,8720081.0,68556954.0,10:18:57
sz002228,合兴包装,3.89,0.0,0.0,3.89,3.9,3.89,3.9,3.9,3.86,5199700.0,20198655.0,10:19:09
sz002229,鸿博股份,19.59,0.47,2.458,19.58,19.59,19.12,19.12,20.18,19.12,58616957.0,1152749564.0,10:19:09
sz002230,科大讯飞,48.26,0.72,1.515,48.25,48.26,47.54,47.83,48.36,47.8,13010828.0,624724568.0,10:19:09
sz002232,启明信息,17.95,0.21,1.184,17.95,17.96,17.74,17.8,17.99,17.77,1403200.0,25119200.0,10:19:09
sz002233,塔牌集团,9.24,0.04,0.435,9.23,9.24,9.2,9.19,9.24,9.18,1711726.0,15768140.0,10:19:09
sz002234,民和股份,8.64,-0.02,-0.231,8.63,8.64,8.66,8.66,8.7,8.58,1522800.0,13142448.0,10:19:09
sz002235,安妮股份,9.68,0.39,4.198,9.67,9.68,9.29,9.29,10.05,9.27,42770374.0,415410308.0,10:19:09
sz002236,大华股份,19.19,0.33,1.75,19.18,19.19,18.86,18.72,19.31,18.7,31907105.0,611005237.0,10:19:09
sz002237,恒邦股份,15.14,0.13,0.866,15.13,15.14,15.01,15.25,15.33,15.12,8348961.0,126854009.0,10:19:09
sz002238,天威视讯,7.36,0.05,0.684,7.35,7.36,7.31,7.34,7.38,7.3,1342618.0,9845571.0,10:19:09
sz002239,奥特佳,3.08,0.09,3.01,3.08,3.09,2.99,3.02,3.1,3.02,58113825.0,178249615.0,10:19:09
sz002240,盛新锂能,50.9,4.63,10.006,50.9,0.0,46.27,47.74,50.9,47.13,49869394.0,2469711612.0,10:19:09
sz002241,歌尔股份,24.3,0.2,0.83,24.3,24.31,24.1,24.16,24.37,24.0,23217999.0,560722847.0,10:19:09
sz002242,九阳股份,10.0,0.22,2.249,10.0,10.01,9.78,9.79,10.45,9.78,7712002.0,77962995.0,10:19:06
sz002243,力合科创,8.8,0.11,1.266,8.79,8.8,8.69,8.68,8.81,8.68,2122375.0,18557194.0,10:19:09
sz002244,滨江集团,10.16,0.0,0.0,10.15,10.16,10.16,10.14,10.28,10.1,7494493.0,76187198.0,10:19:09
sz002245,蔚蓝锂芯,19.72,0.68,3.571,19.72,19.73,19.04,19.32,20.08,19.21,54347543.0,1076583919.0,10:19:09
sz002246,北化股份,25.78,0.25,0.979,25.78,25.79,25.53,25.53,25.98,25.4,5489781.0,141119224.0,10:19:09
sz002247,聚力文化,2.78,0.01,0.361,2.78,2.79,2.77,2.79,2.8,2.75,5061400.0,14038264.0,10:19:06
sz002248,华东数控,12.96,-0.03,-0.231,12.95,12.96,12.99,12.98,13.01,12.81,5258700.0,67900683.0,10:19:09
sz002249,大洋电机,9.39,0.03,0.321,9.38,9.39,9.36,9.4,9.44,9.37,7047240.0,66233342.0,10:19:09
sz002250,联化科技,16.39,-0.17,-1.027,16.39,16.4,16.56,16.55,16.76,16.38,4354500.0,71872738.0,10:19:09
sz002251,步步高,4.21,0.0,0.0,4.21,4.22,4.21,4.2,4.22,4.18,10667400.0,44810828.0,10:19:09
sz002252,上海莱士,5.69,0.0,0.0,5.68,5.69,5.69,5.69,5.7,5.66,6318900.0,35876989.0,10:19:09
sz002253,*ST智胜,11.55,-0.15,-1.282,11.55,11.56,11.7,11.72,11.77,11.48,2368400.0,27406070.0,10:19:06
sz002254,泰和新材,10.13,0.07,0.696,10.13,10.14,10.06,10.03,10.19,9.98,7490572.0,75598521.0,10:19:09
sz002255,海陆重工,10.9,0.03,0.276,10.9,10.91,10.87,10.86,10.93,10.8,4743900.0,51582252.0,10:19:09
sz002256,兆新股份,4.13,-0.01,-0.242,4.13,4.14,4.14,4.14,4.18,4.06,36914600.0,152460189.0,10:19:09
sz002258,利尔化学,14.7,0.15,1.031,14.68,14.69,14.55,14.56,14.78,14.5,3461238.0,50765706.0,10:19:09
sz002259,升达林业,5.1,-0.05,-0.971,5.1,5.11,5.15,5.14,5.2,5.05,9075300.0,46195299.0,10:19:09
sz002261,拓维信息,36.72,0.32,0.879,36.71,36.72,36.4,36.6,36.96,36.4,30392878.0,1113850648.0,10:19:09
sz002262,恩华药业,22.76,-0.13,-0.568,22.75,22.76,22.89,22.88,22.95,22.65,2332388.0,53105858.0,10:19:09
sz002263,大东南,5.17,0.47,10.0,5.17,0.0,4.7,4.7,5.17,4.7,240646613.0,1232686956.0,10:19:09
sz002264,新 华 都,8.3,0.05,0.606,8.29,8.3,8.25,8.25,8.3,8.2,3405700.0,28141646.0,10:19:09
sz002265,建设工业,22.25,0.01,0.045,22.25,22.26,22.24,22.19,22.35,22.07,2837787.0,62959756.0,10:19:09
sz002266,浙富控股,4.41,0.01,0.227,4.4,4.41,4.4,4.39,4.44,4.37,18552271.0,81672417.0,10:19:09
sz002267,陕天然气,7.61,-0.03,-0.393,7.6,7.61,7.64,7.63,7.63,7.6,1386400.0,10552735.0,10:19:09
sz002268,电科网安,17.35,0.05,0.289,17.35,17.36,17.3,17.33,17.44,17.29,2202249.0,38197888.0,10:19:09
sz002269,美邦服饰,1.65,0.01,0.61,1.65,1.66,1.64,1.65,1.66,1.64,12258250.0,20222115.0,10:19:09
sz002270,华明装备,27.58,-0.14,-0.505,27.58,27.59,27.72,27.86,27.86,27.03,4816200.0,132471104.0,10:19:09
sz002271,东方雨虹,16.45,0.18,1.106,16.45,16.46,16.27,16.3,16.54,16.2,10143575.0,166603495.0,10:19:09
sz002272,川润股份,19.62,0.49,2.561,19.61,19.64,19.13,19.21,19.89,19.06,30492033.0,593594733.0,10:19:09
sz002273,水晶光电,29.16,0.13,0.448,29.14,29.16,29.03,29.27,29.43,28.64,27619389.0,800762791.0,10:19:09
sz002274,华昌化工,6.12,0.11,1.83,6.12,6.13,6.01,6.02,6.17,5.99,9640899.0,58762576.0,10:19:09
sz002275,桂林三金,14.32,-0.14,-0.968,14.31,14.32,14.46,14.46,14.54,14.3,927700.0,13342134.0,10:19:09
sz002276,万马股份,14.29,0.01,0.07,14.29,14.3,14.28,14.38,14.39,14.22,5077529.0,72567370.0,10:19:09
sz002277,友阿股份,5.74,0.05,0.879,5.73,5.74,5.69,5.68,5.75,5.65,5327300.0,30414281.0,10:19:09
sz002278,神开股份,11.21,-0.09,-0.796,11.21,11.22,11.3,11.29,11.33,11.18,3352400.0,37626323.0,10:19:09
sz002279,久其软件,8.21,0.13,1.609,8.2,8.21,8.08,8.11,8.22,8.11,7667900.0,62581459.0,10:19:09
sz002281,光迅科技,107.24,0.54,0.506,107.23,107.25,106.7,107.2,108.35,106.18,17252083.0,1852784097.0,10:19:09
sz002282,博深股份,6.93,0.05,0.727,6.92,6.93,6.88,6.94,6.94,6.88,1665100.0,11505395.0,10:19:00
sz002283,天润工业,10.56,0.16,1.538,10.55,10.56,10.4,10.39,10.58,10.27,8564146.0,89535029.0,10:19:09
sz002284,亚太股份,14.36,0.18,1.269,14.36,14.37,14.18,14.26,14.65,14.12,6239137.0,89275972.0,10:19:09
sz002285,世联行,3.04,-0.03,-0.977,3.04,3.05,3.07,3.06,3.08,3.03,15765500.0,48053215.0,10:19:09
sz002286,保龄宝,10.0,-0.04,-0.398,9.99,10.0,10.04,10.03,10.04,9.93,1327800.0,13250007.0,10:19:09
sz002287,奇正藏药,23.34,-0.11,-0.469,23.34,23.35,23.45,23.52,23.55,23.24,793000.0,18528229.0,10:19:06
sz002289,*ST宇顺,25.91,-0.1,-0.384,25.88,25.92,26.01,26.0,26.09,25.78,323900.0,8388989.0,10:18:48
sz002290,禾盛新材,70.49,-1.64,-2.274,70.35,70.49,72.13,71.01,72.64,70.24,3710400.0,264485044.0,10:19:09
sz002291,遥望科技,6.41,0.03,0.47,6.41,6.42,6.38,6.4,6.44,6.39,5533000.0,35484986.0,10:19:06
sz002292,奥飞娱乐,7.88,0.08,1.026,7.88,7.89,7.8,7.88,7.93,7.85,5779200.0,45568044.0,10:19:09
sz002293,罗莱生活,10.33,0.05,0.486,10.34,10.35,10.28,10.27,10.37,10.23,1814948.0,18703627.0,10:19:09
sz002294,信立泰,60.65,-6.62,-9.841,60.63,60.65,67.27,66.4,66.5,60.54,13796666.0,860106089.0,10:19:09
sz002295,精艺股份,10.82,0.08,0.745,10.82,10.83,10.74,10.79,10.85,10.66,842500.0,9066715.0,10:19:09
sz002296,辉煌科技,11.44,0.09,0.793,11.43,11.44,11.35,11.38,11.45,11.33,2994802.0,34076978.0,10:19:09
sz002297,博云新材,16.08,1.46,9.986,16.08,0.0,14.62,16.08,16.08,15.93,125675512.0,2020312425.0,10:19:09
sz002298,中电鑫龙,10.32,-0.03,-0.29,10.32,10.33,10.35,10.34,10.38,10.17,10918572.0,112166075.0,10:19:09
sz002299,圣农发展,18.47,-0.27,-1.441,18.47,18.48,18.74,18.71,18.8,18.47,4022090.0,74738738.0,10:19:09
sz002300,太阳电缆,9.62,-0.31,-3.122,9.62,9.63,9.93,9.84,9.84,9.52,20213300.0,194609815.0,10:19:09
sz002301,齐心集团,6.79,0.02,0.295,6.79,6.8,6.77,6.8,6.83,6.76,2181300.0,14814804.0,10:19:06
sz002302,西部建设,5.62,0.01,0.178,5.61,5.62,5.61,5.6,5.64,5.58,2084400.0,11684706.0,10:19:09
sz002303,美盈森,3.35,0.01,0.299,3.35,3.36,3.34,3.35,3.36,3.32,4319400.0,14441973.0,10:19:09
sz002304,洋河股份,50.36,-0.16,-0.317,50.37,50.39,50.52,50.52,50.68,50.26,1349808.0,68090655.0,10:19:09
sz002305,*ST南置,2.31,0.03,1.316,2.3,2.31,2.28,2.28,2.31,2.28,7476700.0,17136980.0,10:19:06
sz002306,*ST云网,2.4,0.01,0.418,2.39,2.4,2.39,2.39,2.41,2.38,4891400.0,11716624.0,10:19:09
sz002307,北新路桥,4.56,-0.04,-0.87,4.56,4.57,4.6,4.63,4.63,4.53,8981980.0,41017790.0,10:19:09
sz002309,中利集团,4.13,0.1,2.481,4.13,4.14,4.03,4.08,4.15,3.96,175086205.0,715237709.0,10:19:09
sz002310,东方新能,3.0,-0.01,-0.332,3.0,3.01,3.01,3.03,3.04,2.93,63322100.0,189653052.0,10:19:09
sz002311,海大集团,49.19,-0.37,-0.747,49.18,49.19,49.56,49.38,49.78,48.96,2053700.0,101217311.0,10:19:09
sz002312,川发龙蟒,11.48,0.13,1.145,11.48,11.49,11.35,11.35,11.55,11.29,11182800.0,127978913.0,10:19:09
sz002313,日海智能,8.35,0.03,0.361,8.35,8.36,8.32,8.38,8.38,8.26,1754100.0,14591568.0,10:19:09
sz002314,南山控股,2.64,-0.05,-1.859,2.63,2.64,2.69,2.66,2.71,2.62,54594481.0,144821977.0,10:19:03
sz002315,焦点科技,41.99,1.03,2.515,41.98,41.99,40.96,41.47,42.05,41.3,4065089.0,169722701.0,10:19:03
sz002316,亚联发展,5.12,0.01,0.196,5.11,5.12,5.11,5.16,5.16,5.05,5148300.0,26280184.0,10:19:03
sz002317,众生药业,18.76,-0.33,-1.729,18.75,18.76,19.09,18.91,18.91,18.62,13888295.0,260480445.0,10:19:03
sz002318,久立特材,29.78,-0.19,-0.634,29.77,29.78,29.97,29.97,30.13,29.42,2364530.0,70195503.0,10:19:03
sz002319,乐通股份,11.21,0.06,0.538,11.21,11.22,11.15,11.15,11.29,11.09,1680500.0,18841164.0,10:18:57
sz002320,海峡股份,8.55,0.0,0.0,8.54,8.55,8.55,8.57,8.58,8.51,3031738.0,25881781.0,10:19:00
sz002321,华英农业,2.23,-0.14,-5.907,2.23,2.24,2.37,2.3,2.31,2.23,45048810.0,101303030.0,10:19:03
sz002322,理工能科,14.12,0.06,0.427,14.11,14.12,14.06,14.05,14.14,13.97,1269000.0,17832371.0,10:19:03
sz002323,雅博股份,2.06,-0.02,-0.962,2.06,2.07,2.08,2.07,2.08,2.03,46431981.0,95555444.0,10:19:03
sz002324,普利特,15.37,0.12,0.787,15.36,15.37,15.25,15.39,15.43,15.22,5572700.0,85452631.0,10:19:00
sz002326,永太科技,24.7,0.05,0.203,24.7,24.71,24.65,24.84,25.0,24.51,17206140.0,427170167.0,10:19:03
sz002327,富安娜,7.02,-0.03,-0.426,7.02,7.03,7.05,7.04,7.07,7.0,1494076.0,10509387.0,10:19:03
sz002328,新朋股份,13.38,0.88,7.04,13.38,13.39,12.5,12.5,13.58,12.5,115801108.0,1515081205.0,10:19:03
sz002329,皇氏集团,4.17,0.0,0.0,4.17,4.18,4.17,4.18,4.22,4.1,14455902.0,60369091.0,10:19:03
sz002330,得利斯,4.86,0.05,1.04,4.85,4.86,4.81,4.81,4.89,4.8,4830200.0,23441429.0,10:18:57
sz002331,皖通科技,8.26,0.04,0.487,8.26,8.27,8.22,8.22,8.28,8.19,1269000.0,10442603.0,10:19:03
sz002332,仙琚制药,9.02,-0.08,-0.879,9.02,9.03,9.1,9.09,9.1,9.01,4123500.0,37252735.0,10:19:00
sz002333,罗普斯金,5.83,0.02,0.344,5.82,5.83,5.81,5.8,5.85,5.71,7940900.0,46044330.0,10:19:03
sz002334,英威腾,8.68,0.11,1.284,8.68,8.69,8.57,8.58,8.72,8.52,10997800.0,94864578.0,10:19:03
sz002335,科华数据,61.19,0.74,1.224,61.18,61.22,60.45,60.43,61.48,60.33,7578620.0,462850241.0,10:19:03
sz002337,赛象科技,6.15,0.04,0.655,6.14,6.15,6.11,6.13,6.16,6.09,1410500.0,8651517.0,10:19:03
sz002338,奥普光电,52.46,-0.04,-0.076,52.45,52.46,52.5,52.5,52.76,52.06,912500.0,47778436.0,10:19:03
sz002339,积成电子,10.46,-0.07,-0.665,10.45,10.46,10.53,10.49,10.52,10.23,8062285.0,83769186.0,10:19:03
sz002340,格林美,8.26,0.08,0.978,8.26,8.27,8.18,8.21,8.35,8.2,67822898.0,561966921.0,10:19:03
sz002342,巨力索具,18.08,-0.21,-1.148,18.08,18.09,18.29,18.01,18.49,17.5,106170131.0,1911316161.0,10:19:03
sz002343,慈文传媒,6.32,0.05,0.797,6.31,6.32,6.27,6.3,6.38,6.28,4240000.0,26763550.0,10:19:03
sz002344,海宁皮城,4.41,-0.05,-1.121,4.4,4.41,4.46,4.45,4.45,4.36,5825118.0,25624431.0,10:19:00
sz002345,潮宏基,10.8,0.15,1.408,10.8,10.81,10.65,10.65,10.9,10.61,6784660.0,73024297.0,10:19:03
sz002346,柘中股份,18.91,-0.04,-0.211,18.91,18.92,18.95,18.94,18.97,18.8,641100.0,12102842.0,10:18:57
sz002347,泰尔股份,8.29,0.05,0.607,8.29,8.3,8.24,8.33,8.4,8.21,9978500.0,82861168.0,10:19:03
sz002348,高乐股份,9.39,0.01,0.107,9.39,9.4,9.38,9.37,9.52,9.3,6915600.0,65187043.0,10:19:00
sz002349,精华制药,7.69,-0.13,-1.662,7.68,7.69,7.82,7.77,7.85,7.67,12301756.0,95044962.0,10:19:03
sz002350,北京科锐,13.66,-0.09,-0.655,13.67,13.68,13.75,13.79,13.83,13.46,7277474.0,99287707.0,10:19:00
sz002351,漫步者,11.4,0.04,0.352,11.39,11.4,11.36,11.35,11.41,11.33,1349182.0,15332180.0,10:19:00
sz002352,顺丰控股,37.52,-0.14,-0.372,37.52,37.53,37.66,37.8,37.94,37.4,7267175.0,273574480.0,10:19:03
sz002353,杰瑞股份,113.49,4.01,3.663,113.44,113.52,109.48,109.5,115.4,109.11,10748611.0,1214924629.0,10:19:00
sz002354,天娱数科,5.69,0.07,1.246,5.68,5.69,5.62,5.63,5.7,5.63,15739922.0,89227887.0,10:19:00
sz002355,兴民智通,6.28,0.18,2.951,6.27,6.28,6.1,6.16,6.58,6.16,24195546.0,153095224.0,10:19:00
sz002356,赫美集团,3.44,0.02,0.585,3.43,3.44,3.42,3.43,3.44,3.39,7195800.0,24559674.0,10:18:57
sz002357,富临运业,11.08,-0.02,-0.18,11.08,11.09,11.1,11.1,11.18,11.03,3750300.0,41652507.0,10:19:00
sz002358,森源电气,7.33,-0.18,-2.397,7.32,7.33,7.51,7.46,7.49,7.25,18835100.0,138066748.0,10:19:03
sz002360,同德化工,6.3,-0.45,-6.667,6.28,6.3,6.75,6.68,6.7,6.15,17500900.0,111228373.0,10:18:57
sz002361,神剑股份,18.96,0.42,2.265,18.95,18.96,18.54,18.5,19.5,17.55,242134107.0,4504671229.0,10:19:03
sz002362,汉王科技,18.78,0.18,0.968,18.78,18.79,18.6,18.73,18.8,18.6,596100.0,11138850.0,10:19:03
sz002363,隆基机械,8.42,0.05,0.597,8.41,8.42,8.37,8.5,8.54,8.35,4243900.0,35710950.0,10:19:03
sz002364,中恒电气,42.83,-0.57,-1.313,42.78,42.83,43.4,44.0,44.0,41.46,61229577.0,2604183172.0,10:19:03
sz002365,永安药业,13.78,-0.24,-1.712,13.77,13.78,14.02,13.99,13.99,13.67,2852300.0,39243885.0,10:19:03
sz002366,融发核电,7.23,0.0,0.0,7.23,7.24,7.23,7.27,7.28,7.16,10434400.0,75332724.0,10:19:00
sz002367,康力电梯,6.42,0.01,0.156,6.41,6.42,6.41,6.42,6.43,6.38,2163700.0,13856216.0,10:18:57
sz002368,太极股份,20.32,0.58,2.938,20.31,20.32,19.74,19.76,20.36,19.76,4494627.0,90503745.0,10:19:00
sz002369,卓翼科技,7.31,0.16,2.238,7.31,7.32,7.15,7.19,7.33,7.12,5200959.0,37611564.0,10:19:03
sz002370,亚太药业,7.46,-0.06,-0.798,7.46,7.47,7.52,7.53,7.66,7.41,47603659.0,358991735.0,10:19:00
sz002371,北方华创,473.59,-1.41,-0.297,473.59,473.6,475.0,475.0,477.88,469.34,1789679.0,846304962.0,10:19:00
sz002372,伟星新材,10.82,0.05,0.464,10.81,10.82,10.77,10.76,10.82,10.72,1641200.0,17678346.0,10:19:03
sz002373,千方科技,9.73,0.17,1.778,9.72,9.73,9.56,9.65,9.74,9.59,7355756.0,71078665.0,10:19:03
sz002374,中锐股份,3.19,0.03,0.949,3.18,3.19,3.16,3.16,3.2,3.15,5622900.0,17872019.0,10:18:57
sz002375,亚厦股份,3.86,-0.01,-0.258,3.86,3.87,3.87,3.87,3.89,3.85,2481755.0,9605035.0,10:19:00
sz002376,新北洋,7.18,0.03,0.42,7.18,7.19,7.15,7.15,7.19,7.12,2411206.0,17265110.0,10:19:00
sz002377,国创高新,3.26,-0.02,-0.61,3.26,3.27,3.28,3.29,3.3,3.23,6084900.0,19839907.0,10:19:00
sz002378,章源钨业,30.41,0.27,0.896,30.4,30.41,30.14,30.38,30.61,29.73,18319076.0,552216342.0,10:19:03
sz002379,宏桥控股,28.72,0.45,1.592,28.72,28.73,28.27,28.56,29.24,28.4,6098200.0,176719531.0,10:19:00
sz002380,科远智慧,33.78,0.72,2.178,33.77,33.78,33.06,33.59,33.95,33.13,3546600.0,118813267.0,10:19:03
sz002381,双箭股份,6.36,0.0,0.0,6.36,6.37,6.36,6.37,6.38,6.3,1442500.0,9156197.0,10:18:54
sz002382,蓝帆医疗,7.58,0.06,0.798,7.58,7.59,7.52,7.44,7.6,7.3,14290832.0,106520941.0,10:19:03
sz002383,合众思壮,9.61,0.01,0.104,9.6,9.61,9.6,9.6,9.66,9.53,3655100.0,34973729.0,10:19:03
sz002384,东山精密,145.83,0.03,0.021,145.83,145.84,145.8,145.12,147.47,144.12,23148104.0,3378187103.0,10:19:00
sz002385,大北农,4.03,-0.02,-0.494,4.02,4.03,4.05,4.05,4.06,4.01,23183200.0,93412237.0,10:19:03
sz002386,天原股份,6.23,0.06,0.972,6.23,6.24,6.17,6.19,6.33,6.12,17866158.0,111690050.0,10:19:03
sz002387,维信诺,8.22,0.09,1.107,8.21,8.22,8.13,8.17,8.25,8.12,4907543.0,40124400.0,10:19:00
sz002388,新亚制程,5.01,0.06,1.212,5.01,5.02,4.95,4.96,5.03,4.92,4312600.0,21430219.0,10:19:03
sz002389,航天彩虹,22.15,-0.11,-0.494,22.14,22.15,22.26,22.18,22.2,21.97,7601618.0,167914912.0,10:19:00
sz002390,信邦制药,3.3,-0.03,-0.901,3.29,3.3,3.33,3.32,3.35,3.28,15690200.0,52009906.0,10:19:00
sz002391,长青股份,6.22,0.02,0.323,6.21,6.22,6.2,6.24,6.25,6.14,1628256.0,10072345.0,10:19:03
sz002392,北京利尔,7.14,-0.01,-0.14,7.13,7.14,7.15,7.15,7.19,7.1,3770400.0,26927444.0,10:19:03
sz002393,力生制药,23.43,-0.32,-1.347,23.43,23.44,23.75,23.62,23.78,23.4,2063806.0,48595284.0,10:19:03
sz002394,联发股份,13.28,-0.07,-0.524,13.28,13.29,13.35,13.34,13.37,13.2,1408600.0,18706964.0,10:19:00
sz002395,双象股份,18.11,0.28,1.57,18.1,18.11,17.83,17.8,18.3,17.54,2903530.0,52042361.0,10:19:03
sz002396,星网锐捷,28.46,0.33,1.173,28.45,28.46,28.13,28.14,28.49,28.01,3536600.0,100026311.0,10:19:00
sz002397,梦洁股份,4.1,0.02,0.49,4.1,4.11,4.08,4.09,4.12,4.07,4115300.0,16851807.0,10:19:03
sz002398,垒知集团,5.1,0.02,0.394,5.09,5.1,5.08,5.08,5.12,5.07,2442102.0,12436683.0,10:19:09
sz002399,海普瑞,11.38,-0.06,-0.524,11.37,11.38,11.44,11.45,11.46,11.29,1324629.0,15035078.0,10:19:09
sz002400,省广集团,8.74,0.14,1.628,8.74,8.75,8.6,8.65,8.75,8.65,33908886.0,295303202.0,10:19:09
sz002401,中远海科,14.97,0.11,0.74,14.97,14.99,14.86,14.87,14.99,14.82,1057195.0,15757338.0,10:19:09
sz002402,和而泰,31.81,0.49,1.564,31.81,31.82,31.32,31.32,31.86,31.3,8343617.0,263256355.0,10:19:09
sz002403,爱仕达,10.54,0.13,1.249,10.54,10.55,10.41,10.51,10.56,10.38,682700.0,7143352.0,10:19:09
sz002404,嘉欣丝绸,6.87,0.02,0.292,6.86,6.87,6.85,6.88,6.88,6.82,1205200.0,8250198.0,10:19:09
sz002405,四维图新,9.16,0.18,2.004,9.16,9.17,8.98,9.03,9.22,9.01,31202723.0,284684177.0,10:19:09
sz002406,远东传动,7.63,0.03,0.395,7.62,7.63,7.6,7.63,7.66,7.58,6158200.0,46863202.0,10:19:09
sz002407,多氟多,30.2,0.16,0.533,30.19,30.21,30.04,30.28,30.75,29.53,48479323.0,1464146349.0,10:19:09
sz002408,齐翔腾达,6.83,0.03,0.441,6.83,6.84,6.8,6.78,6.89,6.75,14038095.0,95956898.0,10:19:09
sz002409,雅克科技,86.05,-0.04,-0.046,86.04,86.05,86.09,85.99,86.76,84.8,2918413.0,250058517.0,10:19:09
sz002410,广联达,11.53,0.14,1.229,11.53,11.54,11.39,11.45,11.55,11.44,9254826.0,106471174.0,10:19:09
sz002412,汉森制药,6.7,-0.02,-0.298,6.7,6.71,6.72,6.72,6.79,6.66,3883000.0,26094779.0,10:19:09
sz002413,雷科防务,13.39,-0.09,-0.668,13.39,13.4,13.48,13.43,13.54,13.18,37125930.0,493924768.0,10:19:09
sz002414,高德红外,12.84,-0.24,-1.835,12.84,12.85,13.08,13.1,13.12,12.77,33461089.0,430047275.0,10:19:09
sz002415,海康威视,33.49,0.29,0.873,33.49,33.5,33.2,33.29,33.59,33.05,15890449.0,529522782.0,10:19:09
sz002416,爱施德,13.45,0.03,0.224,13.44,13.45,13.42,13.4,13.55,13.36,6821260.0,91747501.0,10:19:09
sz002418,康盛股份,5.55,0.05,0.909,5.55,5.56,5.5,5.5,5.76,5.47,154127904.0,864441859.0,10:19:09
sz002419,天虹股份,5.73,-0.02,-0.348,5.73,5.74,5.75,5.75,5.76,5.69,6000200.0,34273619.0,10:19:09
sz002420,毅昌科技,7.69,0.05,0.654,7.69,7.7,7.64,7.63,7.72,7.61,2680400.0,20556497.0,10:19:09
sz002421,达实智能,2.9,0.26,9.848,2.9,0.0,2.64,2.65,2.9,2.64,111197915.0,315416423.0,10:19:09
sz002422,科伦药业,35.51,-0.19,-0.532,35.51,35.55,35.7,35.35,35.98,34.86,9123947.0,322992397.0,10:19:09
sz002423,中粮资本,10.36,0.02,0.193,10.35,10.36,10.34,10.34,10.38,10.32,2844507.0,29459704.0,10:19:09
sz002424,ST百灵,4.99,-0.04,-0.795,4.99,5.0,5.03,5.03,5.03,4.98,2587100.0,12930763.0,10:19:09
sz002425,凯撒文化,3.25,0.02,0.619,3.24,3.25,3.23,3.24,3.27,3.23,5425700.0,17654799.0,10:19:09
sz002426,胜利精密,3.75,0.05,1.351,3.74,3.75,3.7,3.7,3.76,3.64,43405549.0,160348284.0,10:19:09
sz002427,尤夫股份,6.41,-0.03,-0.466,6.41,6.42,6.44,6.4,6.47,6.37,6734000.0,43279362.0,10:19:09
sz002428,云南锗业,56.74,-0.41,-0.717,56.7,56.75,57.15,56.27,57.4,55.51,25273607.0,1423043094.0,10:19:09
sz002429,兆驰股份,10.21,0.0,0.0,10.21,10.22,10.21,10.23,10.27,10.1,25993777.0,264797033.0,10:19:09
sz002430,杭氧股份,27.92,-0.19,-0.676,27.92,27.93,28.11,28.1,28.1,27.7,4880900.0,135794795.0,10:19:09
sz002431,棕榈股份,2.59,0.0,0.0,2.59,2.6,2.59,2.59,2.61,2.56,11243197.0,29085571.0,10:19:09
sz002432,九安医疗,73.85,-1.73,-2.289,73.82,73.85,75.58,75.01,75.01,71.75,15460612.0,1135630976.0,10:19:09
sz002434,万里扬,8.25,-0.03,-0.362,8.25,8.26,8.28,8.3,8.35,8.22,5643530.0,46605860.0,10:19:09
sz002436,兴森科技,25.29,0.59,2.389,25.28,25.29,24.7,24.71,25.46,24.6,38407818.0,960520258.0,10:19:09
sz002437,誉衡药业,3.88,-0.03,-0.767,3.88,3.89,3.91,3.87,3.99,3.84,126435566.0,492064867.0,10:19:09
sz002438,江苏神通,16.79,0.26,1.573,16.79,16.8,16.53,16.59,16.84,16.51,2379941.0,39739286.0,10:19:09
sz002439,启明星辰,14.84,-0.21,-1.395,14.82,14.83,15.05,14.77,14.86,14.65,22401987.0,329871908.0,10:19:09
sz002440,闰土股份,11.69,-0.02,-0.171,11.68,11.69,11.71,11.7,11.82,11.65,7577200.0,88831853.0,10:19:09
sz002441,众业达,9.99,-0.08,-0.794,9.99,10.0,10.07,10.16,10.18,9.94,2649950.0,26522174.0,10:19:09
sz002442,龙星科技,5.81,0.03,0.519,5.8,5.81,5.78,5.8,5.82,5.73,2889195.0,16695576.0,10:19:06
sz002443,金洲管道,9.28,0.19,2.09,9.27,9.28,9.09,9.2,9.32,9.06,8483200.0,78251992.0,10:19:09
sz002444,巨星科技,31.55,0.73,2.369,31.54,31.55,30.82,30.94,31.93,30.84,6569800.0,207075882.0,10:19:09
sz002445,中南文化,3.38,0.02,0.595,3.38,3.39,3.36,3.36,3.41,3.31,42352473.0,142723266.0,10:19:09
sz002446,盛路通信,10.13,0.17,1.707,10.13,10.14,9.96,9.96,10.15,9.87,10625491.0,106112830.0,10:19:09
sz002448,中原内配,15.12,0.04,0.265,15.12,15.13,15.08,15.2,15.24,15.02,4136300.0,62634288.0,10:19:09
sz002449,国星光电,8.09,0.03,0.372,8.08,8.09,8.06,8.08,8.12,8.03,3264230.0,26356544.0,10:19:09
sz002451,摩恩电气,9.7,-0.13,-1.322,9.7,9.71,9.83,9.81,9.81,9.58,5486900.0,53043218.0,10:19:09
sz002452,长高电新,10.82,-0.15,-1.367,10.82,10.83,10.97,10.97,10.98,10.65,7034000.0,75815186.0,10:19:09
sz002453,华软科技,4.84,0.02,0.415,4.83,4.84,4.82,4.82,4.85,4.81,3078000.0,14863185.0,10:19:09
sz002454,松芝股份,10.48,-0.09,-0.851,10.48,10.49,10.57,10.59,10.6,10.35,9869121.0,103352650.0,10:19:09
sz002455,百川股份,11.77,0.1,0.857,11.77,11.78,11.67,11.62,11.92,11.41,29627480.0,344696106.0,10:19:09
sz002456,欧菲光,9.41,0.06,0.642,9.41,9.42,9.35,9.34,9.43,9.31,22497492.0,210470205.0,10:19:09
sz002457,青龙管业,11.06,0.05,0.454,11.06,11.07,11.01,11.01,11.07,10.91,4669401.0,51328117.0,10:19:09
sz002458,益生股份,10.2,0.11,1.09,10.19,10.2,10.09,10.05,10.23,10.05,5573900.0,56545990.0,10:19:09
sz002459,晶澳科技,10.94,0.08,0.737,10.94,10.95,10.86,10.92,10.99,10.85,12877960.0,140846470.0,10:19:09
sz002460,赣锋锂业,84.63,2.46,2.994,84.63,84.7,82.17,83.33,86.7,82.36,49359472.0,4180985432.0,10:19:09
sz002461,珠江啤酒,9.65,0.06,0.626,9.65,9.66,9.59,9.58,9.69,9.56,3492100.0,33614468.0,10:19:09
sz002462,嘉事堂,14.39,-0.17,-1.168,14.38,14.39,14.56,14.49,14.55,14.33,1710900.0,24642006.0,10:19:09
sz002463,沪电股份,93.76,0.98,1.056,93.74,93.76,92.78,92.25,94.12,91.91,33694812.0,3137102616.0,10:19:09
sz002465,海格通信,15.52,0.02,0.129,15.51,15.52,15.5,15.51,15.59,15.31,20488832.0,316106272.0,10:19:09
sz002466,天齐锂业,65.14,3.34,5.405,65.11,65.15,61.8,62.55,66.66,62.0,53910291.0,3475844385.0,10:19:09
sz002467,二六三,7.92,0.29,3.801,7.91,7.92,7.63,7.81,8.09,7.69,165260372.0,1308902813.0,10:19:09
sz002468,申通快递,18.01,1.62,9.884,18.01,18.02,16.39,18.0,18.03,17.2,114334778.0,2053388733.0,10:19:09
sz002469,三维化学,8.89,0.54,6.467,8.89,8.9,8.35,8.4,8.9,8.36,15374550.0,133114407.0,10:19:09
sz002470,金正大,2.8,0.01,0.358,2.79,2.8,2.79,2.79,2.82,2.74,64653000.0,179728152.0,10:19:09
sz002471,中超控股,8.88,-0.21,-2.31,8.88,8.89,9.09,8.92,8.94,8.72,82949750.0,732265128.0,10:19:09
sz002472,双环传动,38.69,0.29,0.755,38.69,38.7,38.4,38.81,38.95,38.5,4599790.0,178170407.0,10:19:09
sz002474,榕基软件,7.57,0.07,0.933,7.57,7.58,7.5,7.5,7.58,7.49,3507900.0,26460759.0,10:19:09
sz002475,立讯精密,60.24,1.46,2.484,60.23,60.24,58.78,58.76,60.65,58.0,92946322.0,5481893188.0,10:19:09
sz002476,宝莫股份,5.93,-0.04,-0.67,5.93,5.94,5.97,6.02,6.02,5.9,3103680.0,18412227.0,10:19:06
sz002478,常宝股份,10.99,0.04,0.365,10.98,10.99,10.95,10.96,11.18,10.78,17193630.0,188521693.0,10:19:09
sz002479,富春环保,5.66,-0.12,-2.076,5.66,5.67,5.78,5.77,5.77,5.63,11683000.0,66392478.0,10:19:09
sz002480,新筑股份,6.09,0.02,0.329,6.08,6.09,6.07,6.08,6.12,6.03,2095600.0,12757658.0,10:19:06
sz002481,双塔食品,4.46,0.02,0.45,4.45,4.46,4.44,4.45,4.47,4.43,2853700.0,12695247.0,10:19:09
sz002482,广田集团,1.68,0.0,0.0,1.67,1.68,1.68,1.69,1.69,1.66,15785300.0,26431070.0,10:19:09
sz002483,润邦股份,6.96,0.06,0.87,6.95,6.96,6.9,6.89,6.98,6.89,1710100.0,11856378.0,10:19:09
sz002484,江海股份,34.51,0.52,1.53,34.5,34.53,33.99,35.0,35.8,33.45,31072787.0,1078598814.0,10:19:09
sz002485,ST雪发,4.83,-0.07,-1.429,4.82,4.83,4.9,4.9,4.91,4.82,1235200.0,6004535.0,10:19:03
sz002486,嘉麟杰,2.83,0.02,0.712,2.82,2.83,2.81,2.84,2.84,2.79,6366800.0,17955810.0,10:19:09
sz002487,大金重工,78.1,0.6,0.774,78.1,78.12,77.5,77.4,79.77,76.88,7222784.0,567473546.0,10:19:12
sz002488,金固股份,11.28,0.03,0.267,11.28,11.29,11.25,11.3,11.39,11.22,3277159.0,37017109.0,10:19:12
sz002489,浙江永强,3.46,0.02,0.581,3.45,3.46,3.44,3.44,3.46,3.43,5612563.0,19341402.0,10:19:09
sz002490,山东墨龙,8.69,-0.17,-1.919,8.68,8.69,8.86,8.69,8.74,8.55,16041600.0,138524964.0,10:19:09
sz002491,通鼎互联,14.6,0.4,2.817,14.59,14.6,14.2,13.95,14.78,13.73,87273908.0,1249005995.0,10:19:09
sz002492,恒基达鑫,7.48,-0.02,-0.267,7.47,7.48,7.5,7.6,7.61,7.39,2516300.0,18839812.0,10:19:12
sz002493,荣盛石化,12.19,0.0,0.0,12.18,12.19,12.19,12.12,12.35,12.07,13985115.0,170631542.0,10:19:12
sz002494,华斯股份,5.27,0.15,2.93,5.27,5.28,5.12,5.18,5.3,5.13,9755900.0,51082817.0,10:19:12
sz002495,佳隆股份,2.52,0.01,0.398,2.52,2.53,2.51,2.52,2.54,2.49,7839185.0,19682505.0,10:19:12
sz002496,*ST辉丰,2.03,-0.02,-0.976,2.02,2.03,2.05,2.06,2.08,2.02,13955620.0,28625874.0,10:19:06
sz002497,雅化集团,27.21,1.07,4.093,27.21,27.22,26.14,26.3,27.83,26.16,37639718.0,1022105735.0,10:19:09
sz002498,汉缆股份,8.57,0.07,0.824,8.57,8.58,8.5,8.5,8.6,8.13,177913240.0,1498582573.0,10:19:12
sz002500,山西证券,5.7,0.03,0.529,5.7,5.71,5.67,5.68,5.71,5.68,5316930.0,30286373.0,10:19:06
sz002501,利源股份,1.83,0.03,1.667,1.82,1.83,1.8,1.79,1.83,1.79,16268701.0,29554895.0,10:19:12
sz002506,协鑫集成,4.42,0.05,1.144,4.41,4.42,4.37,4.34,4.44,4.26,206293610.0,897605626.0,10:19:12
sz002507,涪陵榨菜,12.38,-0.03,-0.242,12.37,12.38,12.41,12.41,12.43,12.35,2264450.0,28030979.0,10:19:09
sz002508,老板电器,20.18,0.02,0.099,20.18,20.2,20.16,20.16,20.37,20.11,1377300.0,27890455.0,10:19:12
sz002510,天汽模,7.08,0.02,0.283,7.08,7.09,7.06,7.04,7.12,7.04,5405200.0,38244262.0,10:19:12
sz002511,中顺洁柔,8.72,0.42,5.06,8.72,8.73,8.3,8.35,8.73,8.32,19324986.0,165117648.0,10:19:09
sz002512,ST达华,4.11,-0.04,-0.964,4.11,4.12,4.15,4.16,4.22,4.06,26180500.0,108212944.0,10:19:09
sz002513,蓝丰生化,5.96,0.01,0.168,5.96,5.97,5.95,5.94,5.98,5.86,2205000.0,13068982.0,10:19:12
sz002514,宝馨科技,4.41,0.04,0.915,4.41,4.42,4.37,4.42,4.45,4.37,6574300.0,29008432.0,10:19:09
sz002515,金字火腿,6.03,0.13,2.203,6.02,6.03,5.9,5.93,6.05,5.83,20918760.0,124226172.0,10:19:12
sz002516,旷达科技,5.7,0.04,0.707,5.69,5.7,5.66,5.69,5.7,5.66,2259400.0,12833700.0,10:19:12
sz002517,恺英网络,18.04,-0.02,-0.111,18.04,18.05,18.06,18.06,18.12,17.83,17914373.0,322157520.0,10:19:09
sz002518,科士达,47.93,0.63,1.332,47.91,47.93,47.3,47.6,48.13,47.07,2454985.0,117134942.0,10:19:09
sz002519,银河电子,8.25,-0.2,-2.367,8.25,8.26,8.45,8.25,8.32,8.13,39775276.0,326524627.0,10:19:09
sz002520,日发精机,5.49,0.03,0.549,5.49,5.5,5.46,5.46,5.52,5.45,5965800.0,32688648.0,10:19:12
sz002521,齐峰新材,8.72,-0.04,-0.457,8.7,8.72,8.76,8.78,8.85,8.69,4326500.0,37863176.0,10:19:12
sz002522,浙江众成,6.17,0.1,1.647,6.16,6.17,6.07,6.09,6.19,5.98,15315463.0,93487206.0,10:19:12
sz002523,天桥起重,4.06,0.03,0.744,4.05,4.06,4.03,4.03,4.06,4.01,5077400.0,20485965.0,10:19:12
sz002524,光正眼科,4.1,-0.01,-0.243,4.09,4.1,4.11,4.14,4.14,4.08,2973700.0,12190105.0,10:19:03
sz002526,山东矿机,3.46,0.01,0.29,3.46,3.47,3.45,3.44,3.47,3.44,5307078.0,18341758.0,10:19:09
sz002527,新时达,13.44,0.1,0.75,13.44,13.45,13.34,13.37,13.54,13.34,2354740.0,31638966.0,10:19:12
sz002528,ST英飞拓,4.98,0.1,2.049,4.97,4.98,4.88,4.76,5.06,4.64,33418676.0,160819782.0,10:19:09
sz002529,*ST海源,7.13,0.03,0.423,7.12,7.13,7.1,7.1,7.18,7.07,838700.0,5983146.0,10:18:39
sz002530,金财互联,9.09,-0.09,-0.98,9.09,9.1,9.18,9.08,9.11,8.97,12358212.0,111741082.0,10:19:12
sz002531,天顺风能,11.91,0.05,0.422,11.9,11.91,11.86,11.88,12.05,11.8,12294670.0,146743488.0,10:19:09
sz002532,天山铝业,19.03,0.58,3.144,19.02,19.03,18.45,18.7,19.4,18.7,37557554.0,720625522.0,10:19:12
sz002533,金杯电工,13.62,-0.04,-0.293,13.61,13.62,13.66,13.7,13.72,13.41,7816899.0,105989453.0,10:19:12
sz002534,西子洁能,18.08,-0.02,-0.11,18.08,18.09,18.1,18.09,18.19,17.91,3124180.0,56500449.0,10:19:12
sz002535,林州重机,3.45,-0.01,-0.289,3.45,3.46,3.46,3.45,3.47,3.43,3176613.0,10952028.0,10:19:09
sz002536,飞龙股份,36.36,0.56,1.564,36.34,36.36,35.8,35.89,36.58,35.3,17912572.0,642679517.0,10:19:12
sz002537,海联金汇,7.77,-0.03,-0.385,7.77,7.78,7.8,7.81,7.84,7.76,8585043.0,66790924.0,10:19:12
sz002538,ST司特,6.92,0.09,1.318,6.92,6.93,6.83,6.84,6.96,6.81,6467654.0,44469671.0,10:19:12
sz002539,云图控股,14.77,0.23,1.582,14.77,14.78,14.54,14.54,14.87,14.45,10595000.0,156187646.0,10:19:09
sz002540,亚太科技,6.87,0.06,0.881,6.87,6.88,6.81,6.83,6.91,6.8,2781920.0,19126004.0,10:19:09
sz002541,鸿路钢构,21.31,0.18,0.852,21.3,21.31,21.13,21.18,21.61,21.07,1442740.0,30799953.0,10:19:09
sz002542,中化岩土,1.99,-0.1,-4.785,1.99,2.0,2.09,2.04,2.07,1.93,96806049.0,191198999.0,10:19:12
sz002543,万和电气,8.45,0.03,0.356,8.44,8.45,8.42,8.43,8.45,8.4,1036814.0,8735525.0,10:19:06
sz002544,普天科技,26.68,0.01,0.037,26.68,26.69,26.67,26.77,26.87,26.5,3072828.0,81847450.0,10:19:12
sz002545,东方铁塔,22.16,0.44,2.026,22.15,22.18,21.72,21.72,22.35,21.6,5244610.0,115255093.0,10:19:12
sz002546,新联电子,9.04,-0.25,-2.691,9.04,9.05,9.29,9.18,9.2,8.87,16800203.0,151168797.0,10:19:12
sz002547,春兴精工,3.07,0.08,2.676,3.06,3.07,2.99,2.97,3.1,2.93,23837772.0,71860811.0,10:19:09
sz002548,金新农,5.07,0.0,0.0,5.06,5.07,5.07,5.06,5.1,5.02,6241925.0,31598554.0,10:19:09
sz002549,凯美特气,18.96,-0.04,-0.211,18.95,18.96,19.0,19.0,19.13,18.74,7756249.0,146767315.0,10:19:09
sz002550,千红制药,7.89,-0.13,-1.621,7.89,7.9,8.02,7.93,7.96,7.85,11389400.0,89969731.0,10:19:09
sz002551,尚荣医疗,3.43,-0.02,-0.58,3.43,3.44,3.45,3.44,3.45,3.4,3658852.0,12518213.0,10:19:09
sz002552,宝鼎科技,21.25,0.89,4.371,21.23,21.25,20.36,20.16,21.33,19.9,16244006.0,334533679.0,10:19:09
sz002553,南方精工,25.4,0.04,0.158,25.39,25.4,25.36,25.58,25.72,25.35,3473200.0,88496931.0,10:19:09
sz002554,惠博普,3.56,-0.02,-0.559,3.55,3.56,3.58,3.56,3.57,3.54,6134100.0,21821535.0,10:19:12
sz002555,三七互娱,22.67,0.05,0.221,22.67,22.68,22.62,22.78,22.84,22.61,13395289.0,304355371.0,10:19:12
sz002556,辉隆股份,6.13,0.09,1.49,6.13,6.14,6.04,6.07,6.14,5.96,7270467.0,43762883.0,10:19:12
sz002557,洽洽食品,22.43,0.3,1.356,22.43,22.44,22.13,22.13,22.66,22.1,2048699.0,46030749.0,10:19:12
sz002558,巨人网络,32.46,0.41,1.279,32.45,32.46,32.05,32.23,32.8,32.2,21273826.0,691711855.0,10:19:12
sz002559,亚威股份,10.48,0.1,0.963,10.47,10.48,10.38,10.38,10.54,10.38,5448750.0,57045250.0,10:19:09
sz002560,通达股份,13.86,-0.18,-1.282,13.86,13.87,14.04,13.78,14.19,13.0,64625706.0,876769700.0,10:19:12
sz002561,徐家汇,8.04,0.0,0.0,8.03,8.04,8.04,8.03,8.04,7.98,1270800.0,10181607.0,10:19:12
sz002562,兄弟科技,5.94,0.05,0.849,5.93,5.94,5.89,5.89,5.94,5.86,7038600.0,41606646.0,10:19:12
sz002563,森马服饰,5.22,0.02,0.385,5.21,5.22,5.2,5.21,5.23,5.19,3274260.0,17052016.0,10:19:12
sz002564,天沃科技,6.11,0.1,1.664,6.1,6.11,6.01,6.0,6.15,5.97,5023737.0,30375215.0,10:19:12
sz002565,顺灏股份,17.44,-0.26,-1.469,17.44,17.45,17.7,17.67,17.8,17.3,74338760.0,1299415765.0,10:19:12
sz002566,益盛药业,7.84,-0.09,-1.135,7.83,7.84,7.93,7.97,7.97,7.74,2409900.0,18843064.0,10:19:12
sz002567,唐人神,4.29,-0.04,-0.924,4.28,4.29,4.33,4.33,4.35,4.26,16035096.0,68922010.0,10:19:09
sz002568,百润股份,17.3,0.03,0.174,17.29,17.3,17.27,17.28,17.41,17.25,2108314.0,36496811.0,10:19:09
sz002569,*ST步森,13.44,0.27,2.05,13.44,13.46,13.17,13.5,13.78,13.36,2055700.0,27879543.0,10:19:12
sz002570,贝因美,5.03,0.0,0.0,5.02,5.03,5.03,5.02,5.04,4.99,4458919.0,22346661.0,10:19:09
sz002571,德力股份,12.13,0.03,0.248,12.13,12.14,12.1,12.12,12.18,12.05,1248000.0,15118459.0,10:19:09
sz002572,索菲亚,13.04,0.46,3.657,13.03,13.04,12.58,12.66,13.09,12.58,8266155.0,106692767.0,10:19:09
sz002573,清新环境,3.55,-0.01,-0.281,3.55,3.56,3.56,3.56,3.57,3.53,3231600.0,11474408.0,10:18:54
sz002574,明牌珠宝,5.5,0.0,0.0,5.5,5.51,5.5,5.51,5.52,5.48,1203000.0,6612857.0,10:19:09
sz002575,群兴玩具,6.72,0.21,3.226,6.71,6.72,6.51,6.52,6.95,6.49,52027695.0,350371498.0,10:19:09
sz002576,通达动力,18.77,0.03,0.16,18.77,18.78,18.74,18.78,19.03,18.71,1022200.0,19223990.0,10:19:09
sz002577,雷柏科技,15.71,0.17,1.094,15.71,15.72,15.54,15.57,15.86,15.47,845800.0,13268525.0,10:19:03
sz002578,闽发铝业,4.0,0.04,1.01,4.0,4.01,3.96,3.97,4.09,3.96,21204100.0,85639888.0,10:19:09
sz002579,中京电子,12.77,0.06,0.472,12.76,12.77,12.71,12.79,12.85,12.51,12042733.0,152508506.0,10:19:09
sz002580,圣阳股份,27.8,2.53,10.012,27.8,0.0,25.27,26.57,27.8,26.26,64789358.0,1768238599.0,10:19:09
sz002581,ST未名,7.23,0.05,0.696,7.22,7.23,7.18,7.2,7.24,7.17,1725081.0,12429527.0,10:18:36
sz002582,好想你,12.15,-0.09,-0.735,12.14,12.15,12.24,12.2,12.33,12.1,10192800.0,124301274.0,10:19:09
sz002583,海能达,10.82,0.04,0.371,10.81,10.82,10.78,10.73,10.85,10.65,10309845.0,110831382.0,10:19:09
sz002584,西陇科学,7.57,0.0,0.0,7.56,7.57,7.57,7.59,7.61,7.51,3240800.0,24459170.0,10:19:09
sz002585,双星新材,7.07,-0.08,-1.119,7.07,7.09,7.15,7.18,7.21,7.03,17765600.0,126144746.0,10:19:09
sz002586,ST围海,4.89,0.02,0.411,4.87,4.89,4.87,4.88,4.91,4.83,1688300.0,8219966.0,10:19:03
sz002587,奥拓电子,6.47,0.02,0.31,6.46,6.47,6.45,6.45,6.48,6.37,4429300.0,28447868.0,10:19:09
sz002588,史丹利,10.43,0.15,1.459,10.43,10.44,10.28,10.26,10.53,10.25,6347000.0,66074130.0,10:19:09
sz002589,瑞康医药,3.71,0.12,3.343,3.7,3.71,3.59,3.87,3.95,3.68,288635632.0,1108928366.0,10:19:09
sz002590,万安科技,12.62,0.18,1.447,12.61,12.62,12.44,12.56,12.67,12.5,3073800.0,38697830.0,10:19:09
sz002591,恒大高新,6.77,0.09,1.347,6.77,6.78,6.68,6.72,6.8,6.6,2349600.0,15797101.0,10:19:09
sz002592,ST八菱,8.17,-0.01,-0.122,8.17,8.18,8.18,8.18,8.25,8.08,1224800.0,9988408.0,10:19:06
sz002593,日上集团,5.3,0.01,0.189,5.29,5.3,5.29,5.33,5.33,5.26,4199400.0,22220993.0,10:19:09
sz002594,比亚迪,104.9,1.87,1.815,104.89,104.9,103.03,103.28,105.52,103.28,29013209.0,3040510826.0,10:19:09
sz002595,豪迈科技,86.6,5.67,7.006,86.6,86.62,80.93,83.02,87.98,83.02,3840856.0,331394443.0,10:19:09
sz002596,海南瑞泽,3.54,-0.01,-0.282,3.54,3.55,3.55,3.57,3.57,3.52,7593100.0,26860275.0,10:19:09
sz002597,金禾实业,22.64,-0.02,-0.088,22.64,22.65,22.66,22.68,22.85,22.55,2615665.0,59327955.0,10:19:09
sz002598,ST章鼓,8.24,0.09,1.104,8.23,8.24,8.15,8.21,8.3,8.17,3297200.0,27082480.0,10:19:09
sz002599,盛通股份,7.05,0.05,0.714,7.04,7.05,7.0,7.02,7.06,6.99,2044800.0,14349024.0,10:19:06
sz002600,领益智造,13.78,0.2,1.473,13.77,13.78,13.58,13.72,13.8,13.46,40089717.0,546749544.0,10:19:09
sz002601,龙佰集团,17.86,0.23,1.305,17.85,17.86,17.63,17.66,17.98,17.63,9501398.0,169670050.0,10:19:09
sz002602,世纪华通,17.02,0.25,1.491,17.02,17.03,16.77,16.7,17.2,16.7,37013984.0,629659438.0,10:19:09
sz002603,以岭药业,17.18,0.29,1.717,17.18,17.19,16.89,17.0,17.58,17.0,13410921.0,231902051.0,10:19:09
sz002605,姚记科技,21.07,0.18,0.862,21.06,21.07,20.89,21.0,21.11,20.88,1694400.0,35565983.0,10:19:09
sz002606,大连电瓷,12.09,-0.23,-1.867,12.09,12.1,12.32,12.33,12.37,11.9,19867700.0,240195590.0,10:19:09
sz002607,中公教育,2.65,0.02,0.76,2.64,2.65,2.63,2.64,2.65,2.63,17902553.0,47276999.0,10:19:09
sz002608,江苏国信,8.06,0.02,0.249,8.05,8.06,8.04,8.03,8.11,8.01,5475000.0,44173069.0,10:19:09
sz002609,捷顺科技,8.38,0.09,1.086,8.38,8.39,8.29,8.32,8.39,8.29,2183900.0,18214618.0,10:19:09
sz002611,东方精工,17.35,0.1,0.58,17.35,17.36,17.25,17.27,17.42,17.24,5262774.0,91183021.0,10:19:09
sz002612,朗姿股份,17.01,0.01,0.059,17.01,17.02,17.0,16.92,17.05,16.89,1518200.0,25769629.0,10:19:09
sz002613,北玻股份,4.17,0.38,10.026,4.17,0.0,3.79,3.81,4.17,3.75,74166201.0,301906553.0,10:19:09
sz002614,奥佳华,6.19,0.02,0.324,6.18,6.19,6.17,6.19,6.2,6.15,1470700.0,9079526.0,10:19:09
sz002615,哈尔斯,8.42,0.05,0.597,8.42,8.43,8.37,8.5,8.69,8.41,5448600.0,46320820.0,10:19:09
sz002616,长青集团,5.77,0.06,1.051,5.77,5.78,5.71,5.72,5.85,5.7,6836500.0,39537493.0,10:19:09
sz002617,露笑科技,7.62,-0.02,-0.262,7.61,7.62,7.64,7.63,7.66,7.58,13132116.0,100028902.0,10:19:09
sz002620,ST瑞和,9.39,-0.13,-1.366,9.38,9.39,9.52,9.37,9.45,9.28,5110450.0,47798058.0,10:19:09
sz002622,皓宸医疗,2.46,-0.01,-0.405,2.46,2.47,2.47,2.51,2.51,2.45,9559600.0,23612655.0,10:19:09
sz002623,亚玛顿,21.97,0.2,0.919,21.96,21.97,21.77,21.77,22.06,21.58,1218237.0,26577976.0,10:19:09
sz002624,完美世界,19.4,0.09,0.466,19.4,19.41,19.31,19.25,19.58,19.07,19136487.0,369773871.0,10:19:09
sz002625,光启技术,39.6,-0.28,-0.702,39.59,39.6,39.88,39.78,40.06,39.38,8648370.0,342322190.0,10:19:09
sz002626,金达威,18.25,0.03,0.165,18.25,18.26,18.22,18.28,18.31,18.08,1286600.0,23404099.0,10:19:03
sz002627,三峡旅游,7.96,0.29,3.781,7.96,7.97,7.67,7.65,7.98,7.62,13373500.0,105313151.0,10:19:09
sz002628,成都路桥,4.98,0.06,1.22,4.98,4.99,4.92,4.96,5.02,4.89,10242600.0,50651743.0,10:19:09
sz002629,仁智股份,6.64,0.17,2.628,6.63,6.64,6.47,6.58,6.66,6.46,10538400.0,69284459.0,10:19:09
sz002630,ST华西,2.11,0.0,0.0,2.1,2.11,2.11,2.15,2.18,2.05,59746300.0,126600501.0,10:19:09
sz002631,德尔未来,7.18,-0.04,-0.554,7.18,7.19,7.22,7.27,7.27,7.06,6352200.0,45629343.0,10:19:09
sz002632,道明光学,11.97,-0.03,-0.25,11.97,11.98,12.0,12.09,12.12,11.88,2913584.0,34830804.0,10:19:09
sz002633,申科股份,17.84,0.08,0.45,17.84,17.85,17.76,17.96,17.96,17.71,600000.0,10694767.0,10:19:09
sz002634,棒杰股份,6.04,-0.67,-9.985,0.0,6.04,6.71,6.04,6.5,6.04,43107622.0,260978181.0,10:19:09
sz002635,安洁科技,15.88,0.03,0.189,15.88,15.89,15.85,15.77,15.96,15.66,12351581.0,194665994.0,10:19:09
sz002636,金安国纪,37.85,0.38,1.014,37.84,37.85,37.47,37.06,39.2,36.43,19730749.0,750829207.0,10:19:09
sz002637,赞宇科技,11.79,-0.18,-1.504,11.79,11.8,11.97,11.96,12.0,11.71,5197100.0,61250808.0,10:19:09
sz002638,勤上股份,4.61,-0.12,-2.537,4.6,4.61,4.73,4.75,4.78,4.6,20621900.0,96387996.0,10:19:09
sz002639,雪人集团,19.38,-0.25,-1.274,19.38,19.39,19.63,19.5,19.59,19.1,25028653.0,483063655.0,10:19:09
sz002640,跨境通,3.48,0.03,0.87,3.47,3.48,3.45,3.48,3.48,3.44,8844400.0,30621834.0,10:19:09
sz002641,公元股份,4.1,0.02,0.49,4.09,4.1,4.08,4.08,4.11,4.07,1577700.0,6449368.0,10:19:09
sz002642,荣联科技,7.98,0.1,1.269,7.97,7.98,7.88,7.93,7.99,7.91,3468700.0,27597304.0,10:19:09
sz002643,万润股份,16.54,0.07,0.425,16.53,16.54,16.47,16.48,16.6,16.34,3456875.0,57097853.0,10:19:06
sz002644,佛慈制药,8.61,-0.04,-0.462,8.61,8.62,8.65,8.65,8.67,8.56,1908900.0,16425734.0,10:19:06
sz002645,华宏科技,21.46,-0.17,-0.786,21.46,21.47,21.63,21.34,21.75,21.05,16855820.0,358998032.0,10:19:09
sz002646,天佑德酒,7.98,-0.03,-0.375,7.97,7.99,8.01,8.0,8.02,7.95,1144399.0,9130724.0,10:19:09
sz002647,仁东控股,10.18,-0.02,-0.196,10.18,10.2,10.2,10.18,10.34,9.8,23669978.0,238701487.0,10:19:09
sz002648,卫星化学,27.97,0.05,0.179,27.97,27.98,27.92,27.74,28.13,27.56,18719703.0,521042676.0,10:19:09
sz002649,博彦科技,11.94,0.15,1.272,11.94,11.95,11.79,11.83,11.95,11.82,3201277.0,38047796.0,10:19:09
sz002650,ST加加,7.42,-0.07,-0.935,7.42,7.43,7.49,7.53,7.64,7.4,3803650.0,28514547.0,10:19:09
sz002651,利君股份,9.55,-0.07,-0.728,9.54,9.55,9.62,9.6,9.62,9.52,1274900.0,12179661.0,10:19:09
sz002652,扬子新材,4.82,0.12,2.553,4.82,4.83,4.7,4.71,4.87,4.71,8010700.0,38450988.0,10:19:09
sz002653,海思科,56.45,-2.1,-3.587,56.45,56.46,58.55,58.2,58.48,56.33,3388114.0,193187482.0,10:19:09
sz002654,万润科技,14.93,0.24,1.634,14.93,14.94,14.69,14.66,15.14,14.4,22488100.0,331648964.0,10:19:09
sz002655,共达电声,22.06,0.23,1.054,22.06,22.07,21.83,22.0,22.33,21.75,11425000.0,252317185.0,10:19:09
sz002656,*ST摩登,3.1,0.0,0.0,3.09,3.1,3.1,3.08,3.11,3.06,3339196.0,10295673.0,10:19:09
sz002657,中科金财,22.46,0.24,1.08,22.45,22.46,22.22,22.28,22.46,22.2,1819300.0,40675313.0,10:19:09
sz002658,雪迪龙,8.42,0.02,0.238,8.42,8.43,8.4,8.4,8.44,8.34,2502600.0,20999186.0,10:19:09
sz002659,凯文教育,5.18,0.04,0.778,5.18,5.19,5.14,5.17,5.2,5.12,3246800.0,16739487.0,10:19:03
sz002660,茂硕电源,8.53,0.01,0.117,8.53,8.54,8.52,8.55,8.57,8.46,1063200.0,9046208.0,10:19:03
sz002661,克明食品,8.9,-0.05,-0.559,8.89,8.9,8.95,8.94,8.97,8.83,1222900.0,10860653.0,10:19:03
sz002662,峰璟股份,4.15,0.06,1.467,4.14,4.15,4.09,4.13,4.18,4.11,9364900.0,38857031.0,10:19:03
sz002663,普邦股份,2.22,0.06,2.778,2.22,2.23,2.16,2.2,2.38,2.18,85102186.0,193933427.0,10:19:03
sz002664,信质集团,21.4,0.21,0.991,21.39,21.41,21.19,21.42,21.75,21.28,2711000.0,58170306.0,10:19:03
sz002666,德联集团,5.39,0.02,0.372,5.38,5.39,5.37,5.42,5.43,5.33,2570500.0,13830069.0,10:19:03
sz002667,威领股份,29.0,0.07,0.242,29.01,29.05,28.93,28.94,30.06,28.01,13650983.0,399172853.0,10:19:03
sz002668,TCL智家,9.26,0.07,0.762,9.25,9.26,9.19,9.21,9.29,9.19,3101070.0,28690050.0,10:19:03
sz002669,康达新材,13.36,0.07,0.527,13.36,13.37,13.29,13.28,13.4,13.22,1768700.0,23571362.0,10:19:00
sz002670,国盛证券,14.58,0.08,0.552,14.57,14.58,14.5,14.55,14.6,14.5,2876600.0,41859263.0,10:19:03
sz002671,龙泉股份,4.75,0.01,0.211,4.75,4.76,4.74,4.74,4.77,4.71,2984800.0,14164187.0,10:19:03
sz002672,东江环保,4.26,0.02,0.472,4.25,4.26,4.24,4.3,4.3,4.21,2551400.0,10840699.0,10:18:54
sz002673,西部证券,7.38,0.04,0.545,7.37,7.38,7.34,7.36,7.39,7.34,7049141.0,51940772.0,10:19:03
sz002674,兴业科技,13.38,0.08,0.602,13.37,13.38,13.3,13.29,13.64,13.21,1948000.0,26306814.0,10:19:03
sz002675,东诚药业,14.19,-0.46,-3.14,14.19,14.2,14.65,14.33,14.39,14.15,12728381.0,181027870.0,10:19:03
sz002676,顺威股份,6.94,-0.01,-0.144,6.93,6.94,6.95,6.94,7.0,6.92,3950400.0,27423493.0,10:19:03
sz002677,浙江美大,7.77,0.11,1.436,7.77,7.78,7.66,7.68,7.8,7.66,1634900.0,12627887.0,10:19:03
sz002678,珠江钢琴,5.89,0.14,2.435,5.88,5.89,5.75,5.8,5.89,5.74,8363930.0,48680259.0,10:19:03
sz002679,福建金森,10.53,0.1,0.959,10.52,10.53,10.43,10.45,10.57,10.38,1063400.0,11111917.0,10:19:03
sz002681,奋达科技,5.22,0.04,0.772,5.22,5.23,5.18,5.18,5.23,5.17,6146518.0,31955252.0,10:19:03
sz002682,龙洲股份,6.02,0.03,0.501,6.01,6.02,5.99,5.98,6.02,5.96,4508300.0,27000811.0,10:19:03
sz002683,广东宏大,42.95,-0.56,-1.287,42.95,42.96,43.51,43.51,43.75,42.73,3570804.0,153969700.0,10:19:03
sz002685,华东重机,8.22,0.14,1.733,8.21,8.22,8.08,8.09,8.25,7.98,20750100.0,168179126.0,10:19:03
sz002686,亿利达,7.49,0.12,1.628,7.48,7.49,7.37,7.39,7.6,7.32,19004600.0,141840916.0,10:19:03
sz002687,乔治白,4.77,0.03,0.633,4.76,4.77,4.74,4.74,4.78,4.68,3107401.0,14709603.0,10:19:00
sz002688,金河生物,5.87,-0.01,-0.17,5.87,5.88,5.88,5.88,5.89,5.8,3847100.0,22529512.0,10:19:03
sz002689,ST远智,3.89,0.01,0.258,3.89,3.9,3.88,3.89,3.91,3.84,4487861.0,17399815.0,10:19:03
sz002690,美亚光电,18.27,0.14,0.772,18.27,18.28,18.13,18.22,18.3,18.16,1103600.0,20135610.0,10:19:00
sz002691,冀凯股份,7.31,0.03,0.412,7.3,7.32,7.28,7.3,7.35,7.26,862700.0,6290533.0,10:19:03
sz002692,远程股份,6.29,-0.32,-4.841,6.28,6.29,6.61,6.43,6.44,6.25,35676200.0,225675212.0,10:19:03
sz002693,*ST双成,8.2,-0.13,-1.561,8.2,8.21,8.33,8.26,8.29,8.09,4383105.0,35880528.0,10:18:54
sz002694,顾地科技,2.94,0.02,0.685,2.93,2.94,2.92,2.94,2.96,2.91,2115700.0,6204293.0,10:19:03
sz002695,煌上煌,11.05,-0.07,-0.629,11.04,11.05,11.12,11.12,11.14,10.96,1387900.0,15323963.0,10:18:57
sz002696,百洋股份,6.79,0.02,0.295,6.78,6.79,6.77,6.79,6.82,6.7,2156800.0,14565311.0,10:19:00
sz002697,红旗连锁,5.37,0.02,0.374,5.36,5.37,5.35,5.35,5.4,5.34,4114500.0,22090844.0,10:19:00
sz002698,博实股份,14.02,-0.01,-0.071,14.01,14.03,14.03,14.02,14.12,13.98,1565400.0,21974356.0,10:19:00
sz002700,万憬能源,6.57,0.0,0.0,6.56,6.57,6.57,6.58,6.59,6.54,989300.0,6488661.0,10:19:03
sz002701,奥瑞金,5.42,0.02,0.37,5.41,5.42,5.4,5.39,5.46,5.37,11372963.0,61577015.0,10:19:03
sz002702,海欣食品,5.58,0.0,0.0,5.57,5.58,5.58,5.57,5.64,5.52,2994500.0,16657685.0,10:19:00
sz002703,浙江世宝,20.42,1.09,5.639,20.42,20.43,19.33,20.01,21.05,19.52,44721438.0,905047001.0,10:19:03
sz002705,新宝股份,17.6,0.26,1.499,17.59,17.6,17.34,18.13,19.0,17.37,55554037.0,1016632179.0,10:19:03
sz002706,良信股份,10.08,-0.03,-0.297,10.07,10.08,10.11,10.1,10.11,9.94,9752731.0,97730859.0,10:19:03
sz002707,众信旅游,6.7,0.06,0.904,6.69,6.7,6.64,6.6,6.7,6.58,7247234.0,48171830.0,10:19:03
sz002708,光洋股份,13.69,0.57,4.345,13.69,13.7,13.12,13.22,14.16,13.22,22028785.0,306410629.0,10:19:03
sz002709,天赐材料,48.91,0.91,1.896,48.9,48.91,48.0,48.5,49.98,47.82,55217628.0,2712404996.0,10:19:03
sz002712,思美传媒,5.14,0.07,1.381,5.14,5.15,5.07,5.12,5.16,5.08,3233351.0,16561028.0,10:18:57
sz002713,*ST东易,15.26,0.31,2.074,15.23,15.26,14.95,14.7,15.27,14.3,16697007.0,246111347.0,10:19:03
sz002714,牧原股份,46.11,0.06,0.13,46.1,46.11,46.05,46.1,46.57,45.8,14802946.0,682869385.0,10:19:03
sz002715,登云股份,15.19,0.16,1.065,15.18,15.19,15.03,15.05,15.22,14.96,1241000.0,18710659.0,10:19:03
sz002716,湖南白银,11.82,-0.12,-1.005,11.82,11.83,11.94,12.13,12.18,11.74,64381493.0,767047997.0,10:19:03
sz002717,ST岭南,1.66,0.01,0.606,1.66,1.67,1.65,1.66,1.68,1.65,19566619.0,32505480.0,10:19:03
sz002718,友邦吊顶,72.59,-1.58,-2.13,72.34,72.55,74.17,74.0,74.0,71.2,793600.0,57143614.0,10:19:03
sz002719,麦趣尔,8.41,0.02,0.238,8.4,8.41,8.39,8.39,8.44,8.31,1541900.0,12908656.0,10:18:57
sz002721,金一文化,3.05,0.02,0.66,3.05,3.06,3.03,3.04,3.06,3.02,16909900.0,51456463.0,10:19:03
sz002722,物产金轮,14.71,0.15,1.03,14.71,14.73,14.56,14.62,14.76,14.57,653696.0,9595903.0,10:18:48
sz002723,小崧股份,10.01,0.09,0.907,10.01,10.02,9.92,9.97,10.12,9.93,3305200.0,33070188.0,10:19:03
sz002724,海洋王,7.02,0.01,0.143,7.01,7.02,7.01,7.05,7.07,6.96,1957500.0,13705288.0,10:19:03
sz002725,跃岭股份,16.0,-0.01,-0.062,15.98,16.0,16.01,16.06,16.16,15.8,3150500.0,50244955.0,10:19:03
sz002726,龙大美食,3.62,0.33,10.03,3.62,0.0,3.29,3.62,3.62,3.57,41779388.0,151218110.0,10:19:03
sz002727,一心堂,12.6,-0.1,-0.787,12.59,12.6,12.7,12.67,12.68,12.53,2430200.0,30561591.0,10:18:57
sz002728,特一药业,10.93,-0.16,-1.443,10.92,10.93,11.09,11.02,11.09,10.86,7347788.0,80364919.0,10:19:03
sz002729,好利科技,20.55,0.08,0.391,20.55,20.56,20.47,20.49,20.67,20.21,2844900.0,58145826.0,10:19:03
sz002730,电光科技,27.95,0.59,2.156,27.96,27.97,27.36,27.4,28.15,27.18,9664900.0,269222004.0,10:19:03
sz002731,ST萃华,7.2,-0.01,-0.139,7.2,7.21,7.21,7.14,7.24,7.09,6542100.0,46769919.0,10:18:57
sz002732,燕塘乳业,16.06,0.01,0.062,16.05,16.07,16.05,16.06,16.08,15.91,410200.0,6557763.0,10:19:03
sz002733,雄韬股份,30.82,0.66,2.188,30.81,30.82,30.16,30.62,31.52,30.12,15657561.0,484382466.0,10:19:03
sz002734,利民股份,17.79,0.62,3.611,17.78,17.79,17.17,17.11,17.89,16.94,18349834.0,322502825.0,10:19:03
sz002735,王子新材,15.02,0.08,0.535,15.01,15.02,14.94,14.93,15.04,14.83,2206700.0,32909936.0,10:19:03
sz002736,国信证券,12.29,0.19,1.57,12.29,12.3,12.1,12.12,12.32,12.1,13743731.0,168354000.0,10:19:03
sz002737,葵花药业,12.37,-0.14,-1.119,12.36,12.37,12.51,12.51,12.54,12.35,1426800.0,17705519.0,10:19:03
sz002738,中矿资源,85.87,5.3,6.578,85.86,85.88,80.57,81.8,86.73,81.59,21962165.0,1859814151.0,10:19:03
sz002739,万达电影,9.92,0.08,0.813,9.91,9.92,9.84,9.93,9.98,9.89,11453837.0,113657534.0,10:19:03
sz002741,光华科技,19.04,0.29,1.547,19.04,19.05,18.75,18.95,19.33,18.68,7460349.0,142354561.0,10:19:03
sz002742,*ST三圣,4.71,0.07,1.509,4.71,4.72,4.64,4.6,4.72,4.6,2911800.0,13651105.0,10:19:03
sz002743,富煌钢构,5.32,0.03,0.567,5.31,5.32,5.29,5.32,5.32,5.2,2549000.0,13405525.0,10:19:03
sz002745,木林森,8.32,-0.09,-1.07,8.32,8.33,8.41,8.41,8.43,8.31,7066400.0,58988347.0,10:19:03
sz002746,仙坛股份,6.14,-0.04,-0.647,6.14,6.15,6.18,6.17,6.21,6.13,2761900.0,16985620.0,10:19:03
sz002747,埃斯顿,20.94,0.22,1.062,20.94,20.95,20.72,20.81,20.99,20.81,3520331.0,73668313.0,10:19:03
sz002748,世龙实业,12.07,0.07,0.583,12.06,12.07,12.0,11.99,12.1,11.85,1123200.0,13468487.0,10:19:03
sz002749,国光股份,13.2,0.08,0.61,13.2,13.22,13.12,13.16,13.24,13.13,690200.0,9103897.0,10:19:06
sz002752,昇兴股份,6.24,-0.11,-1.732,6.23,6.24,6.35,6.34,6.36,6.22,7880670.0,49347353.0,10:19:09
sz002753,永东股份,7.22,0.0,0.0,7.22,7.23,7.22,7.28,7.28,7.19,1306600.0,9448584.0,10:19:06
sz002755,奥赛康,16.09,-0.07,-0.433,16.08,16.09,16.16,15.99,16.23,15.82,7425200.0,118834338.0,10:19:09
sz002756,永兴材料,77.88,2.21,2.921,77.87,77.88,75.67,77.0,80.1,75.9,9868330.0,775008510.0,10:19:09
sz002757,南兴股份,22.4,1.68,8.108,22.39,22.42,20.72,20.88,22.57,20.77,14036900.0,303498824.0,10:19:09
sz002758,浙农股份,9.9,0.18,1.852,9.89,9.9,9.72,9.71,9.94,9.64,3312150.0,32443759.0,10:19:09
sz002759,天际股份,36.24,0.03,0.083,36.24,36.25,36.21,36.6,37.09,35.9,26211839.0,959981621.0,10:19:09
sz002760,凤形股份,21.25,0.12,0.568,21.24,21.25,21.13,21.28,21.29,20.92,727300.0,15376173.0,10:19:09
sz002761,浙江建投,8.16,-0.03,-0.366,8.16,8.17,8.19,8.16,8.24,8.13,2857600.0,23331988.0,10:19:09
sz002762,*ST金比,7.85,0.35,4.667,7.84,7.85,7.5,7.8,7.88,7.64,6882500.0,53822158.0,10:19:09
sz002763,汇洁股份,7.98,0.0,0.0,7.96,7.98,7.98,7.98,8.01,7.93,1617400.0,12888553.0,10:19:09
sz002765,蓝黛科技,10.33,0.01,0.097,10.33,10.34,10.32,10.39,10.44,10.31,2139900.0,22153581.0,10:19:06
sz002766,索菱股份,4.94,0.18,3.782,4.93,4.94,4.76,4.78,5.09,4.77,24626250.0,121521882.0,10:19:09
sz002767,先锋电子,21.32,0.02,0.094,21.31,21.32,21.3,21.31,21.38,21.14,493300.0,10484393.0,10:18:54
sz002768,国恩股份,49.6,-0.04,-0.081,49.6,49.62,49.64,49.58,49.84,49.17,582870.0,28861479.0,10:19:09
sz002769,普路通,10.5,0.0,0.0,10.49,10.5,10.5,10.55,10.55,10.43,1469500.0,15419356.0,10:19:09
sz002771,真视通,18.37,1.67,10.0,18.37,0.0,16.7,16.9,18.37,16.9,20055133.0,363873722.0,10:19:09
sz002772,众兴菌业,18.08,0.15,0.837,18.05,18.08,17.93,17.85,18.29,17.74,4986859.0,89461607.0,10:19:09
sz002773,康弘药业,27.04,-0.64,-2.312,27.03,27.05,27.68,27.55,27.55,26.8,4348306.0,117660469.0,10:19:06
sz002774,快意电梯,10.72,0.0,0.0,10.72,10.73,10.72,10.71,10.75,10.63,786700.0,8402122.0,10:18:54
sz002775,文科股份,3.77,-0.01,-0.265,3.77,3.78,3.78,3.79,3.79,3.73,3282924.0,12337301.0,10:19:09
sz002777,久远银海,16.58,0.16,0.974,16.58,16.59,16.42,16.45,16.58,16.42,1317700.0,21728561.0,10:19:09
sz002778,中晟高科,20.53,-0.1,-0.485,20.52,20.53,20.63,20.6,20.74,20.28,667600.0,13682020.0,10:19:09
sz002779,中坚科技,98.4,2.32,2.415,98.4,98.43,96.08,96.98,98.57,96.85,872839.0,85277439.0,10:19:09
sz002780,三夫户外,14.72,-0.18,-1.208,14.71,14.72,14.9,14.98,14.99,14.62,2514300.0,36960528.0,10:19:09
sz002782,可立克,22.08,0.01,0.045,22.08,22.09,22.07,22.06,22.18,21.71,3250639.0,71285121.0,10:19:09
sz002783,凯龙股份,9.69,0.09,0.937,9.68,9.69,9.6,9.6,9.72,9.54,3436600.0,33187445.0,10:19:09
sz002785,万里石,43.72,1.55,3.676,43.67,43.72,42.17,42.6,44.8,42.5,4410700.0,192796038.0,10:19:09
sz002786,银宝山新,7.09,0.02,0.283,7.08,7.09,7.07,7.1,7.11,7.03,1725900.0,12205208.0,10:19:06
sz002787,华源控股,16.41,-0.27,-1.619,16.41,16.42,16.68,16.73,16.73,15.66,22708200.0,367773808.0,10:19:09
sz002788,鹭燕医药,16.01,0.06,0.376,16.0,16.01,15.95,16.4,16.9,15.81,59753073.0,979626799.0,10:19:09
sz002789,*ST建艺,12.99,-0.01,-0.077,12.99,13.01,13.0,12.92,13.15,12.86,692400.0,8992003.0,10:18:51
sz002790,瑞尔特,7.68,0.02,0.261,7.67,7.68,7.66,7.71,7.72,7.62,760000.0,5817102.0,10:18:57
sz002791,坚朗五金,19.32,-0.05,-0.258,19.31,19.32,19.37,19.41,19.42,19.27,1062500.0,20543365.0,10:19:09
sz002792,通宇通讯,47.46,0.32,0.679,47.44,47.46,47.14,47.49,47.87,46.56,17285019.0,815494624.0,10:19:09
sz002793,罗欣药业,5.17,-0.05,-0.958,5.17,5.18,5.22,5.22,5.23,5.16,8667200.0,44957281.0,10:19:09
sz002795,永和智控,7.91,-0.04,-0.503,7.91,7.92,7.95,7.98,8.04,7.9,5091888.0,40460482.0,10:19:09
sz002796,世嘉科技,48.4,-0.17,-0.35,48.39,48.4,48.57,48.09,48.81,47.78,3003363.0,145164532.0,10:19:09
sz002797,第一创业,8.02,0.26,3.351,8.02,8.03,7.76,7.81,8.08,7.73,133131170.0,1058245044.0,10:19:09
sz002798,帝欧水华,7.0,0.33,4.948,7.0,7.02,6.67,6.7,7.09,6.61,30875390.0,214033560.0,10:19:09
sz002799,环球印务,8.1,0.05,0.621,8.09,8.1,8.05,8.08,8.13,8.02,1216368.0,9801394.0,10:19:09
sz002800,天顺股份,16.48,-0.36,-2.138,16.47,16.48,16.84,16.85,17.0,16.46,2417200.0,40253280.0,10:19:06
sz002801,微光股份,32.04,0.27,0.85,32.02,32.04,31.77,31.93,32.3,31.82,387900.0,12398522.0,10:18:48
sz002802,洪汇新材,14.2,0.68,5.03,14.17,14.19,13.52,13.52,14.41,13.52,4699908.0,65581449.0,10:19:09
sz002803,吉宏股份,16.53,0.16,0.977,16.52,16.53,16.37,16.39,16.68,16.25,2191600.0,36117702.0,10:19:09
sz002805,丰元股份,18.67,1.06,6.019,18.66,18.68,17.61,17.9,19.37,17.61,35947331.0,676000760.0,10:19:09
sz002806,华锋股份,14.11,0.08,0.57,14.11,14.12,14.03,14.18,14.32,14.01,2666091.0,37683349.0,10:19:06
sz002807,江阴银行,4.59,0.0,0.0,4.59,4.6,4.59,4.58,4.61,4.56,10907600.0,50041885.0,10:19:09
sz002808,*ST恒久,4.75,-0.01,-0.21,4.76,4.77,4.76,4.65,4.8,4.63,1613800.0,7609446.0,10:19:09
sz002809,红墙股份,10.49,-0.03,-0.285,10.48,10.49,10.52,10.55,10.55,10.41,2231769.0,23396898.0,10:19:09
sz002810,山东赫达,23.76,0.41,1.756,23.75,23.76,23.35,23.35,24.25,23.01,4255213.0,101272018.0,10:19:00
sz002811,郑中设计,13.59,0.04,0.295,13.58,13.59,13.55,13.53,13.61,13.45,1136200.0,15342662.0,10:19:09
sz002812,恩捷股份,71.3,0.54,0.763,71.26,71.3,70.76,71.58,72.55,70.06,16999967.0,1218749444.0,10:19:09
sz002813,路畅科技,24.3,0.33,1.377,24.28,24.3,23.97,24.01,24.38,23.95,632600.0,15275311.0,10:19:09
sz002815,崇达技术,15.2,0.2,1.333,15.18,15.2,15.0,15.09,15.22,15.0,7875300.0,119064603.0,10:19:09
sz002816,*ST和科,25.05,0.72,2.959,25.08,25.12,24.33,24.6,25.35,24.41,1867500.0,46774574.0,10:19:09
sz002817,黄山胶囊,7.91,-0.02,-0.252,7.91,7.92,7.93,7.95,7.99,7.87,1847900.0,14642123.0,10:19:06
sz002818,富森美,10.73,-0.01,-0.093,10.72,10.73,10.74,10.75,10.76,10.7,552800.0,5928463.0,10:19:06
sz002819,东方中科,26.5,-0.03,-0.113,26.49,26.5,26.53,26.53,26.74,26.34,608560.0,16091171.0,10:19:09
sz002820,桂发祥,10.23,0.04,0.393,10.23,10.24,10.19,10.2,10.25,10.14,1445700.0,14733411.0,10:19:09
sz002821,凯莱英,117.82,-0.03,-0.025,117.82,117.84,117.85,117.24,118.54,115.5,3470992.0,406478958.0,10:19:09
sz002822,ST中装,3.43,-0.01,-0.291,3.42,3.43,3.44,3.43,3.49,3.41,3454900.0,11883850.0,10:19:03
sz002823,凯中精密,15.73,-0.14,-0.882,15.72,15.73,15.87,15.93,15.96,15.64,3379697.0,53133450.0,10:19:09
sz002824,和胜股份,28.66,-0.96,-3.241,28.63,28.66,29.62,30.83,31.83,28.54,28250891.0,843664396.0,10:19:09
sz002825,纳尔股份,11.23,0.0,0.0,11.22,11.23,11.23,11.22,11.27,11.15,1785409.0,20010470.0,10:19:09
sz002826,易明医药,20.01,-0.02,-0.1,20.01,20.02,20.03,19.94,20.11,19.85,1194700.0,23842612.0,10:19:06
sz002827,高争民爆,32.07,-0.11,-0.342,32.07,32.08,32.18,32.2,32.4,31.94,586700.0,18802796.0,10:19:06
sz002828,贝肯能源,11.83,-0.27,-2.231,11.83,11.84,12.1,12.0,12.06,11.7,8497944.0,100376890.0,10:19:09
sz002829,星网宇达,23.12,-0.08,-0.345,23.11,23.12,23.2,23.4,23.43,22.91,1809800.0,41660159.0,10:19:09
sz002830,名雕股份,21.28,0.0,0.0,21.27,21.29,21.28,21.28,21.4,21.05,449100.0,9515654.0,10:19:03
sz002831,裕同科技,36.58,0.24,0.66,36.57,36.59,36.34,36.25,36.87,36.01,2497012.0,91491627.0,10:19:09
sz002832,比音勒芬,17.66,0.13,0.742,17.66,17.67,17.53,17.46,17.68,17.37,2575600.0,45203697.0,10:19:09
sz002833,弘亚数控,17.99,0.17,0.954,17.99,18.0,17.82,17.82,18.07,17.79,837520.0,14997704.0,10:19:09
sz002835,同为股份,15.7,0.05,0.319,15.7,15.71,15.65,15.64,15.75,15.6,506500.0,7945159.0,10:18:57
sz002836,新宏泽,12.65,-0.06,-0.472,12.65,12.66,12.71,12.7,12.73,12.62,672900.0,8521284.0,10:19:09
sz002837,英维克,106.5,1.19,1.13,106.5,106.51,105.31,106.9,106.91,104.4,12946528.0,1368737047.0,10:19:09
sz002838,道恩股份,28.27,1.41,5.249,28.23,28.26,26.86,26.9,28.29,26.6,3659715.0,100686823.0,10:19:09
sz002839,张家港行,4.51,0.0,0.0,4.51,4.52,4.51,4.52,4.54,4.5,6050100.0,27334521.0,10:19:09
sz002840,华统股份,13.52,-0.16,-1.17,13.52,13.53,13.68,13.6,13.77,13.13,29636450.0,395491548.0,10:19:09
sz002841,视源股份,35.37,0.47,1.347,35.36,35.37,34.9,34.85,35.48,34.75,1968116.0,69309851.0,10:19:09
sz002842,翔鹭钨业,31.68,0.0,0.0,31.64,31.7,31.68,31.89,32.05,30.98,11525100.0,361915963.0,10:19:09
sz002843,泰嘉股份,25.06,0.6,2.453,25.06,25.07,24.46,24.43,25.07,24.27,10689629.0,263490537.0,10:19:09
sz002845,同兴达,13.88,0.1,0.726,13.87,13.88,13.78,13.77,13.91,13.73,1274400.0,17606742.0,10:19:09
sz002846,英联股份,14.63,0.06,0.412,14.62,14.64,14.57,14.56,14.73,14.5,1452060.0,21251252.0,10:19:09
sz002847,盐津铺子,54.63,-0.46,-0.835,54.62,54.64,55.09,55.0,55.15,54.37,737180.0,40243810.0,10:19:09
sz002848,*ST高斯,14.33,0.05,0.35,14.32,14.33,14.28,14.46,14.48,14.18,835000.0,12015923.0,10:19:09
sz002849,威星智能,18.21,0.0,0.0,18.21,18.22,18.21,18.21,18.45,18.13,1626900.0,29651077.0,10:19:09
sz002850,科达利,205.59,18.69,10.0,205.59,0.0,186.9,194.83,205.59,192.02,4518618.0,902759373.0,10:19:09
sz002851,麦格米特,106.06,0.47,0.445,106.01,106.03,105.59,105.59,106.8,104.04,5748882.0,604916789.0,10:19:09
sz002852,道道全,9.78,0.01,0.102,9.77,9.78,9.77,9.78,9.8,9.7,1062400.0,10359822.0,10:19:09
sz002853,皮阿诺,25.34,-0.4,-1.554,25.32,25.36,25.74,26.0,26.23,25.07,1251700.0,31767295.0,10:19:03
sz002855,捷荣技术,11.53,-0.03,-0.26,11.52,11.53,11.56,11.58,11.64,11.4,788617.0,9076070.0,10:19:06
sz002856,美芝股份,11.51,-0.03,-0.26,11.51,11.52,11.54,11.64,11.64,11.35,1560020.0,17965294.0,10:19:09
sz002857,三晖电气,21.07,0.04,0.19,21.07,21.08,21.03,21.08,21.13,20.86,674100.0,14145683.0,10:19:06
sz002858,力盛体育,16.24,0.61,3.903,16.23,16.25,15.63,15.63,16.34,15.55,3752700.0,60015060.0,10:19:09
sz002859,洁美科技,43.67,1.55,3.68,43.69,43.7,42.12,42.12,44.19,42.12,3632136.0,157122016.0,10:19:09
sz002860,星帅尔,12.78,-0.32,-2.443,12.78,12.79,13.1,12.97,13.03,12.73,4606893.0,59083586.0,10:19:09
sz002861,瀛通通讯,15.72,0.02,0.127,15.71,15.72,15.7,15.8,15.84,15.58,1156700.0,18139189.0,10:19:09
sz002862,实丰文化,17.04,-0.07,-0.409,17.03,17.04,17.11,17.1,17.17,16.85,1124280.0,19045430.0,10:19:09
sz002863,今飞凯达,5.57,0.09,1.642,5.57,5.58,5.48,5.52,5.62,5.49,4970150.0,27703924.0,10:19:06
sz002864,盘龙药业,31.96,-0.32,-0.991,31.98,32.01,32.28,32.26,32.26,31.75,956500.0,30537686.0,10:19:09
sz002865,钧达股份,74.5,1.54,2.111,74.47,74.5,72.96,73.82,75.3,72.5,7386121.0,545988216.0,10:19:09
sz002866,传艺科技,23.33,-0.29,-1.228,23.33,23.35,23.62,23.63,23.79,23.18,14558700.0,340983522.0,10:19:09
sz002867,周大生,12.58,-0.47,-3.602,12.57,12.58,13.05,12.99,13.09,12.57,13960285.0,179448967.0,10:19:09
sz002868,*ST绿康,39.49,-0.61,-1.521,39.48,39.49,40.1,40.1,40.48,39.02,369750.0,14670802.0,10:18:54
sz002869,金溢科技,22.11,0.01,0.045,22.11,22.12,22.1,22.07,22.19,22.03,1014900.0,22407061.0,10:19:09
sz002870,香山股份,36.3,0.52,1.453,36.3,36.32,35.78,36.0,36.4,35.78,647400.0,23467006.0,10:19:00
sz002871,伟隆股份,18.15,-0.19,-1.036,18.14,18.15,18.34,18.36,18.55,17.91,2528872.0,45753524.0,10:19:09
sz002872,ST天圣,5.07,-0.02,-0.393,5.06,5.07,5.09,5.1,5.11,5.05,735100.0,3726341.0,10:19:00
sz002873,新天药业,9.76,-0.24,-2.4,9.76,9.77,10.0,9.98,9.99,9.73,6643700.0,65112847.0,10:19:09
sz002875,安奈儿,19.45,0.37,1.939,19.45,19.47,19.08,18.98,19.7,18.98,3015590.0,58584852.0,10:19:09
sz002876,三利谱,28.56,-0.35,-1.211,28.55,28.56,28.91,28.89,29.0,28.45,3306478.0,94520557.0,10:19:09
sz002877,智能自控,8.92,0.08,0.905,8.91,8.92,8.84,8.93,8.95,8.82,2004560.0,17809870.0,10:19:09
sz002878,元隆雅图,17.66,-0.04,-0.226,17.66,17.67,17.7,17.68,17.7,17.42,3746398.0,65822577.0,10:19:09
sz002879,长缆科技,21.1,-0.24,-1.125,21.1,21.11,21.34,21.29,21.29,20.68,3135600.0,65586341.0,10:19:09
sz002880,卫光生物,27.06,0.03,0.111,27.06,27.07,27.03,27.02,27.12,26.81,451000.0,12161929.0,10:19:06
sz002881,美格智能,39.37,0.71,1.837,39.36,39.37,38.66,39.0,39.4,38.81,1551022.0,60676449.0,10:19:09
sz002882,金龙羽,27.93,-0.07,-0.25,27.93,27.95,28.0,27.71,28.32,27.5,3139923.0,87715772.0,10:19:09
sz002883,中设股份,9.53,0.0,0.0,9.51,9.54,9.53,9.57,9.57,9.42,1003400.0,9543579.0,10:19:09
sz002884,凌霄泵业,18.87,0.1,0.533,18.87,18.88,18.77,18.78,19.29,18.75,2975649.0,56432769.0,10:19:09
sz002885,京泉华,26.2,0.14,0.537,26.19,26.2,26.06,26.06,26.4,25.68,10133609.0,264917322.0,10:19:09
sz002886,沃特股份,22.13,0.29,1.328,22.12,22.13,21.84,21.86,22.15,21.73,1976700.0,43444191.0,10:19:09
sz002887,绿茵生态,11.23,-0.03,-0.266,11.21,11.23,11.26,11.27,11.28,11.1,1067600.0,11963748.0,10:18:54
sz002888,惠威科技,18.76,-0.09,-0.477,18.75,18.78,18.85,18.84,18.88,18.62,653700.0,12236101.0,10:19:09
sz002889,东方嘉盛,13.56,0.19,1.421,13.55,13.56,13.37,13.39,13.79,13.32,1381720.0,18759077.0,10:19:06
sz002890,弘宇股份,16.28,0.11,0.68,16.27,16.28,16.17,16.28,16.32,16.11,391300.0,6346361.0,10:18:51
sz002891,中宠股份,41.75,-0.09,-0.215,41.75,41.76,41.84,41.76,42.08,40.93,8473218.0,352613674.0,10:19:09
sz002892,科力尔,10.99,0.08,0.733,10.98,10.99,10.91,10.96,11.03,10.94,1380648.0,15166212.0,10:19:06
sz002893,京能热力,10.28,-0.07,-0.676,10.28,10.29,10.35,10.35,10.36,10.26,2967200.0,30561741.0,10:19:09
sz002895,川恒股份,37.99,0.33,0.876,37.97,37.99,37.66,37.57,38.26,37.25,2729891.0,103468238.0,10:19:09
sz002896,中大力德,73.48,-0.48,-0.649,73.46,73.5,73.96,74.0,74.9,73.01,2079306.0,153274777.0,10:19:09
sz002897,意华股份,66.7,0.4,0.603,66.69,66.7,66.3,66.29,67.4,65.58,4414063.0,292895445.0,10:19:09
sz002898,*ST赛隆,13.4,-0.04,-0.298,13.4,13.42,13.44,13.38,13.44,13.23,201010.0,2685604.0,10:18:42
sz002899,英派斯,32.83,1.69,5.427,32.83,32.85,31.14,31.15,33.1,31.15,3107900.0,100815980.0,10:19:09
sz002900,哈三联,11.5,-0.2,-1.709,11.49,11.5,11.7,11.64,11.69,11.48,2431700.0,28067549.0,10:19:09
sz002901,大博医疗,43.95,-0.19,-0.43,43.92,43.95,44.14,44.14,44.36,43.8,505500.0,22233314.0,10:19:09
sz002902,铭普光磁,29.92,0.12,0.403,29.91,29.92,29.8,29.82,30.7,28.94,22241262.0,661703738.0,10:19:09
sz002903,宇环数控,31.21,0.16,0.515,31.21,31.22,31.05,31.06,31.5,30.61,3093060.0,96029950.0,10:19:09
sz002905,金逸影视,9.8,0.22,2.296,9.8,9.81,9.58,9.61,9.87,9.61,3551520.0,34631052.0,10:19:09
sz002906,华阳集团,31.57,0.44,1.413,31.56,31.57,31.13,31.26,31.94,31.16,3445200.0,108562524.0,10:19:09
sz002907,华森制药,14.28,-0.14,-0.971,14.28,14.29,14.42,14.4,14.4,14.21,1619300.0,23123095.0,10:19:09
sz002908,德生科技,9.03,0.05,0.557,9.03,9.04,8.98,8.99,9.04,8.98,1167900.0,10513524.0,10:19:09
sz002909,集泰股份,6.3,0.07,1.124,6.29,6.3,6.23,6.24,6.3,6.2,2147500.0,13430771.0,10:19:09
sz002910,庄园牧场,10.6,0.08,0.76,10.6,10.61,10.52,10.55,10.63,10.41,1005100.0,10578563.0,10:19:09
sz002911,佛燃能源,13.6,-0.15,-1.091,13.59,13.6,13.75,13.72,13.72,13.48,4457769.0,60513216.0,10:19:09
sz002912,中新赛克,26.4,0.37,1.421,26.4,26.41,26.03,26.03,26.53,26.02,1760400.0,46334719.0,10:19:09
sz002913,奥士康,50.88,-0.04,-0.079,50.84,50.88,50.92,50.58,50.96,50.0,3046400.0,153838566.0,10:19:09
sz002915,中欣氟材,21.27,0.25,1.189,21.26,21.27,21.02,21.18,21.4,21.05,1677300.0,35672886.0,10:19:09
sz002916,深南电路,270.58,-0.35,-0.129,270.58,270.76,270.93,270.86,272.21,266.34,3586596.0,965985670.0,10:19:09
sz002917,金奥博,14.0,-0.02,-0.143,13.99,14.0,14.02,14.03,14.09,13.82,1853691.0,25802756.0,10:19:09
sz002918,蒙娜丽莎,11.73,0.2,1.735,11.72,11.73,11.53,11.53,11.82,11.5,2070465.0,24228631.0,10:19:09
sz002919,名臣健康,20.43,0.51,2.56,20.42,20.43,19.92,19.91,20.48,19.91,1596600.0,32212774.0,10:19:09
sz002920,德赛西威,107.51,3.06,2.93,107.5,107.51,104.45,105.97,108.48,105.81,6302712.0,676627996.0,10:19:09
sz002921,联诚精密,27.72,-0.28,-1.0,27.72,27.73,28.0,27.99,28.22,27.48,1321500.0,36651761.0,10:19:09
sz002922,伊戈尔,39.28,0.7,1.814,39.28,39.3,38.58,39.45,39.48,37.53,9145193.0,356038672.0,10:19:09
sz002923,润都股份,12.84,-0.26,-1.985,12.83,12.84,13.1,13.12,13.18,12.81,5743400.0,74170897.0,10:19:09
sz002925,盈趣科技,19.84,-0.04,-0.201,19.84,19.85,19.88,19.99,20.06,19.76,3978950.0,79128053.0,10:19:09
sz002926,华西证券,8.64,0.02,0.232,8.63,8.64,8.62,8.63,8.66,8.6,3968892.0,34259945.0,10:19:09
sz002927,泰永长征,16.85,-0.02,-0.119,16.85,16.86,16.87,16.85,16.91,16.56,2547374.0,42642541.0,10:19:09
sz002928,华夏航空,8.52,0.02,0.235,8.51,8.52,8.5,8.56,8.59,8.46,7335829.0,62471762.0,10:19:03
sz002929,润建股份,60.9,1.55,2.612,60.77,60.78,59.35,59.01,61.4,58.99,8871820.0,537526116.0,10:19:03
sz002930,宏川智慧,13.62,0.13,0.964,13.61,13.62,13.49,13.52,13.65,13.42,1354252.0,18383469.0,10:19:03
sz002931,锋龙股份,69.86,1.23,1.792,69.84,69.86,68.63,69.4,70.92,68.51,4596220.0,320510508.0,10:19:03
sz002932,明德生物,16.83,-0.06,-0.355,16.82,16.83,16.89,16.91,16.96,16.75,805700.0,13548221.0,10:18:42
sz002933,新兴装备,32.89,-0.01,-0.03,32.89,32.9,32.9,32.9,33.05,32.58,523600.0,17162333.0,10:19:00
sz002935,天奥电子,18.75,0.04,0.214,18.75,18.76,18.71,18.66,18.85,18.54,1593583.0,29737058.0,10:19:03
sz002936,郑州银行,1.82,0.0,0.0,1.81,1.82,1.82,1.82,1.83,1.81,21967065.0,39993588.0,10:19:03
sz002937,兴瑞科技,31.28,0.23,0.741,31.27,31.29,31.05,31.05,31.48,30.7,2297980.0,71525113.0,10:19:03
sz002938,鹏鼎控股,61.25,1.83,3.08,61.25,61.26,59.42,59.4,61.65,59.18,12189675.0,738250866.0,10:19:03
sz002939,长城证券,9.23,0.04,0.435,9.23,9.24,9.19,9.21,9.25,9.19,4568625.0,42140074.0,10:19:03
sz002940,昂利康,35.6,3.24,10.012,35.6,0.0,32.36,31.61,35.6,31.43,18052920.0,624043072.0,10:19:03
sz002941,新疆交建,15.73,-0.09,-0.569,15.73,15.74,15.82,15.77,15.86,15.67,2709120.0,42581597.0,10:19:00
sz002942,新农股份,19.29,0.04,0.208,19.29,19.32,19.25,19.24,19.68,19.05,1013280.0,19597035.0,10:18:48
sz002943,宇晶股份,56.65,3.11,5.809,56.64,56.65,53.54,53.8,57.09,53.56,15012883.0,835259174.0,10:19:03
sz002945,华林证券,15.77,0.09,0.574,15.76,15.77,15.68,15.78,15.78,15.66,3109600.0,48915868.0,10:19:03
sz002946,新乳业,18.1,-0.04,-0.221,18.1,18.12,18.14,18.15,18.16,17.8,1964774.0,35298894.0,10:19:03
sz002947,恒铭达,72.62,3.23,4.655,72.62,72.65,69.39,69.32,72.75,68.68,7604319.0,541507892.0,10:19:03
sz002948,青岛银行,5.23,0.02,0.384,5.22,5.23,5.21,5.24,5.26,5.2,13934707.0,72914274.0,10:19:03
sz002949,华阳国际,13.88,0.13,0.945,13.88,13.89,13.75,13.85,13.96,13.8,1520200.0,21099301.0,10:18:57
sz002950,奥美医疗,13.42,-0.44,-3.175,13.42,13.43,13.86,13.86,13.95,13.37,12710250.0,172263727.0,10:19:03
sz002951,金时科技,15.0,0.09,0.604,15.0,15.01,14.91,14.87,15.21,14.7,2728200.0,40930278.0,10:19:03
sz002952,亚世光电,25.78,-0.51,-1.94,25.77,25.78,26.29,26.0,26.16,25.64,2297500.0,59308416.0,10:19:03
sz002953,日丰股份,12.08,0.01,0.083,12.07,12.08,12.07,12.11,12.12,11.91,2079690.0,24993105.0,10:19:00
sz002955,鸿合科技,25.35,0.24,0.956,25.35,25.36,25.11,25.1,25.38,24.99,437200.0,11005031.0,10:19:03
sz002956,西麦食品,27.73,0.31,1.131,27.74,27.76,27.42,27.6,27.86,27.18,680400.0,18722325.0,10:19:00
sz002957,科瑞技术,41.01,-0.91,-2.171,41.0,41.01,41.92,41.82,42.0,40.14,17735402.0,722010802.0,10:19:03
sz002958,青农商行,2.99,0.0,0.0,2.98,2.99,2.99,2.99,3.01,2.98,22700600.0,67946676.0,10:19:03
sz002959,小熊电器,42.84,0.03,0.07,42.82,42.83,42.81,42.81,42.91,42.59,409705.0,17536925.0,10:19:03
sz002960,青鸟消防,12.25,0.0,0.0,12.24,12.25,12.25,12.21,12.32,12.18,3427780.0,42002974.0,10:19:03
sz002961,瑞达期货,24.23,1.13,4.892,24.19,24.25,23.1,23.1,24.76,23.1,8706035.0,209617365.0,10:19:03
sz002962,五方光电,16.4,-0.4,-2.381,16.4,16.41,16.8,16.36,16.64,16.2,16437844.0,269175059.0,10:19:03
sz002963,豪尔赛,14.64,0.4,2.809,14.62,14.65,14.24,14.23,14.89,14.12,2473900.0,36080472.0,10:19:03
sz002965,祥鑫科技,30.9,0.4,1.311,30.9,30.93,30.5,30.75,31.08,30.54,1723130.0,53133017.0,10:19:03
sz002966,苏州银行,8.64,0.02,0.232,8.63,8.64,8.62,8.64,8.74,8.61,15227256.0,132183730.0,10:19:03
sz002967,广电计量,21.26,0.08,0.378,21.25,21.26,21.18,21.3,21.4,21.12,2306432.0,49047539.0,10:19:03
sz002968,新大正,11.69,-0.06,-0.511,11.68,11.69,11.75,11.79,11.82,11.63,605700.0,7090802.0,10:19:03
sz002969,嘉美包装,22.98,-0.48,-2.046,22.97,22.98,23.46,22.99,23.38,22.61,22099798.0,507289759.0,10:19:03
sz002970,锐明技术,60.22,1.42,2.415,60.19,60.23,58.8,59.26,60.97,59.0,3279844.0,197022039.0,10:19:03
sz002971,和远气体,29.68,0.08,0.27,29.68,29.69,29.6,29.55,29.83,29.23,887830.0,26212098.0,10:19:03
sz002972,科安达,12.91,0.09,0.702,12.91,12.92,12.82,12.81,13.01,12.8,1096520.0,14109196.0,10:19:03
sz002973,侨银股份,12.97,0.27,2.126,12.96,12.97,12.7,12.72,12.98,12.68,1329000.0,17038338.0,10:19:03
sz002975,博杰股份,87.57,0.65,0.748,87.56,87.57,86.92,86.66,88.1,86.16,2776800.0,241845208.0,10:19:03
sz002976,瑞玛精密,28.58,0.47,1.672,28.57,28.6,28.11,28.3,29.32,28.18,1062900.0,30424002.0,10:19:03
sz002977,天箭科技,29.76,-0.05,-0.168,29.75,29.76,29.81,29.51,30.0,29.4,960092.0,28541614.0,10:19:00
sz002978,安宁股份,33.75,0.37,1.108,33.73,33.76,33.38,33.48,33.88,33.38,1128866.0,38033103.0,10:19:03
sz002979,雷赛智能,39.62,0.41,1.046,39.61,39.63,39.21,39.49,39.83,39.3,1138600.0,45087565.0,10:19:03
sz002980,华盛昌,64.75,-5.79,-8.208,64.73,64.75,70.54,70.91,72.5,64.18,15922530.0,1073607497.0,10:19:03
sz002981,朝阳科技,24.37,0.18,0.744,24.36,24.37,24.19,24.29,24.4,24.03,561840.0,13604780.0,10:18:48
sz002982,湘佳股份,14.19,-0.2,-1.39,14.18,14.19,14.39,14.39,14.4,14.1,1630412.0,23154604.0,10:19:03
sz002983,芯瑞达,23.98,0.21,0.883,23.98,23.99,23.77,23.79,24.06,23.52,784938.0,18689092.0,10:19:03
sz002984,森麒麟,17.92,0.2,1.129,17.91,17.92,17.72,17.94,18.2,17.87,5050104.0,90978818.0,10:19:03
sz002985,北摩高科,36.83,-0.36,-0.968,36.82,36.83,37.19,37.22,37.4,36.75,2706933.0,99898255.0,10:19:03
sz002986,宇新股份,14.84,0.12,0.815,14.83,14.84,14.72,14.75,14.88,14.65,1850324.0,27400703.0,10:19:03
sz002987,京北方,16.72,0.14,0.844,16.71,16.72,16.58,16.65,16.72,16.58,1753851.0,29189454.0,10:19:03
sz002988,豪美新材,34.15,-0.23,-0.669,34.14,34.2,34.38,34.24,34.8,33.7,1619426.0,55375355.0,10:19:03
sz002989,中天精装,26.32,-0.81,-2.986,26.31,26.32,27.13,27.33,27.33,26.25,2894800.0,76982476.0,10:19:03
sz002990,盛视科技,46.32,4.21,9.998,46.32,0.0,42.11,42.42,46.32,42.07,18541180.0,830604849.0,10:19:03
sz002991,甘源食品,50.29,0.13,0.259,50.24,50.29,50.16,50.1,50.38,49.9,130100.0,6517525.0,10:19:03
sz002992,宝明科技,50.3,-0.18,-0.357,50.29,50.33,50.48,50.57,50.59,49.64,528000.0,26407177.0,10:19:03
sz002993,奥海科技,52.12,0.04,0.077,52.1,52.12,52.08,52.19,52.84,51.9,1733600.0,90824312.0,10:19:03
sz002995,天地在线,24.02,0.7,3.002,24.02,24.03,23.32,23.73,24.39,23.29,8470000.0,202261655.0,10:19:03
sz002996,顺博合金,7.44,0.09,1.224,7.43,7.44,7.35,7.41,7.48,7.39,3430946.0,25537517.0,10:19:03
sz002997,瑞鹄模具,32.44,0.78,2.464,32.4,32.44,31.66,31.77,32.56,31.77,1779664.0,57523724.0,10:19:03
sz002998,优彩资源,8.93,0.15,1.708,8.92,8.93,8.78,8.84,8.96,8.75,3916000.0,34747751.0,10:19:00
sz002999,天禾股份,6.9,0.03,0.437,6.89,6.9,6.87,6.88,6.92,6.83,2403300.0,16526876.0,10:19:03
sz003000,劲仔食品,10.35,0.01,0.097,10.34,10.35,10.34,10.33,10.35,10.27,638000.0,6580311.0,10:18:45
sz003001,中岩大地,16.68,-0.13,-0.773,16.66,16.68,16.81,16.86,16.9,16.56,904300.0,15052737.0,10:18:57
sz003002,壶化股份,28.21,0.39,1.402,28.21,28.24,27.82,28.17,28.3,27.78,959700.0,26915702.0,10:19:03
sz003003,天元股份,12.97,0.05,0.387,12.96,12.97,12.92,12.95,13.03,12.83,1024000.0,13242370.0,10:19:03
sz003004,*ST声迅,31.46,0.46,1.484,31.4,31.46,31.0,30.8,31.67,30.8,231700.0,7267040.0,10:19:03
sz003005,竞业达,18.22,0.18,0.998,18.21,18.22,18.04,18.07,18.22,18.05,655900.0,11894368.0,10:19:03
sz003006,百亚股份,16.94,-0.05,-0.294,16.93,16.94,16.99,16.98,17.02,16.82,1027600.0,17374189.0,10:18:57
sz003007,直真科技,44.58,0.23,0.519,44.57,44.58,44.35,44.2,44.98,43.8,2309700.0,103162018.0,10:19:03
sz003008,开普检测,23.08,0.03,0.13,23.07,23.09,23.05,23.17,23.17,22.79,626700.0,14377527.0,10:19:03
sz003009,中天火箭,58.99,-0.42,-0.707,58.99,59.0,59.41,59.26,59.26,58.38,1681867.0,98680255.0,10:19:03
sz003010,若羽臣,31.28,0.49,1.591,31.26,31.28,30.79,30.81,31.5,30.55,3242516.0,100969405.0,10:19:03
sz003011,海象新材,23.93,0.38,1.614,23.93,23.94,23.55,23.57,23.98,23.42,991500.0,23465427.0,10:19:03
sz003012,东鹏控股,6.23,-0.01,-0.16,6.23,6.24,6.24,6.29,6.29,6.22,1581484.0,9902632.0,10:19:03
sz003013,地铁设计,13.24,0.03,0.227,13.24,13.25,13.21,13.2,13.25,13.2,269300.0,3561490.0,10:18:57
sz003015,日久光电,16.33,-0.03,-0.183,16.33,16.34,16.36,16.32,16.42,15.99,5025204.0,81006799.0,10:19:03
sz003016,欣贺股份,8.15,0.02,0.246,8.14,8.15,8.13,8.13,8.2,8.1,1518800.0,12387719.0,10:19:03
sz003017,大洋生物,30.72,0.14,0.458,30.71,30.72,30.58,30.6,30.81,30.32,526100.0,16091656.0,10:19:03
sz003018,金富科技,35.61,0.02,0.056,35.61,35.62,35.59,35.97,36.79,35.0,5358600.0,191752258.0,10:19:03
sz003019,宸展光电,33.74,-0.31,-0.91,33.73,33.75,34.05,34.04,34.2,33.55,1326105.0,44760837.0,10:18:57
sz003020,立方制药,24.27,-0.28,-1.141,24.25,24.27,24.55,24.55,24.55,24.1,500200.0,12118809.0,10:19:00
sz003021,兆威机电,100.42,0.51,0.51,100.37,100.42,99.91,101.65,102.22,100.18,1178672.0,119117900.0,10:19:03
sz003022,联泓新科,21.68,0.06,0.278,21.66,21.68,21.62,21.62,21.85,21.46,3302752.0,71795172.0,10:19:03
sz003023,彩虹集团,26.52,0.18,0.683,26.51,26.52,26.34,26.36,26.62,26.11,689800.0,18213055.0,10:19:03
sz003025,思进智能,13.82,-0.02,-0.145,13.81,13.82,13.84,13.82,13.92,13.7,1851095.0,25548969.0,10:18:51
sz003026,中晶科技,37.05,0.27,0.734,37.05,37.06,36.78,36.9,37.27,36.54,2220860.0,82118392.0,10:19:03
sz003027,同兴科技,21.91,-0.68,-3.01,21.9,21.91,22.59,22.52,22.52,21.36,2774600.0,60451893.0,10:19:03
sz003028,振邦智能,27.9,0.15,0.541,27.9,27.92,27.75,27.74,27.95,27.5,381150.0,10591914.0,10:18:51
sz003029,吉大正元,21.92,0.3,1.388,21.91,21.92,21.62,21.71,22.0,21.49,3177405.0,69074663.0,10:19:03
sz003030,祖名股份,20.06,-0.11,-0.545,20.06,20.09,20.17,20.18,20.45,20.03,471400.0,9503008.0,10:19:03
sz003031,中瓷电子,102.19,-1.1,-1.065,102.08,102.19,103.29,102.6,103.29,99.67,5707908.0,576225014.0,10:19:03
sz003032,*ST传智,6.39,0.03,0.472,6.39,6.4,6.36,6.36,6.41,6.35,1454000.0,9290399.0,10:19:03
sz003033,征和工业,60.18,0.67,1.126,60.17,60.18,59.51,59.48,60.7,59.13,776500.0,46713175.0,10:19:03
sz003035,南网能源,7.73,-0.05,-0.643,7.72,7.73,7.78,7.7,7.98,7.6,48323177.0,376808929.0,10:19:03
sz003036,泰坦股份,28.67,-1.03,-3.468,28.66,28.67,29.7,29.7,29.7,28.21,9512700.0,275504554.0,10:19:03
sz003037,三和管桩,7.14,0.01,0.14,7.14,7.15,7.13,7.13,7.18,7.1,895600.0,6394921.0,10:19:03
sz003038,鑫铂股份,16.62,0.93,5.927,16.61,16.62,15.69,15.72,16.75,15.72,7497979.0,122339960.0,10:19:03
sz003039,顺控发展,14.71,0.02,0.136,14.71,14.72,14.69,14.8,14.88,14.62,664600.0,9765326.0,10:19:03
sz003040,楚天龙,16.0,0.05,0.313,15.99,16.0,15.95,15.95,16.0,15.86,1524500.0,24284067.0,10:19:03
sz003041,真爱美家,57.97,5.27,10.0,57.97,0.0,52.7,54.0,57.97,53.75,4733435.0,266009383.0,10:19:00
sz003042,中农联合,17.27,0.04,0.232,17.26,17.27,17.23,17.25,17.35,16.98,1891700.0,32460788.0,10:19:03
sz003043,华亚智能,54.68,0.15,0.275,54.67,54.7,54.53,55.07,56.0,53.61,1405400.0,77044755.0,10:19:03
sz003816,中国广核,4.41,-0.04,-0.899,4.4,4.41,4.45,4.45,4.46,4.39,48750700.0,215172722.0,10:19:03
sz300001,特锐德,28.61,-0.03,-0.105,28.59,28.61,28.64,28.7,28.75,28.34,6590420.0,188166108.0,10:19:03
sz300002,神州泰岳,9.65,0.08,0.836,9.64,9.65,9.57,9.6,9.67,9.57,10220100.0,98260239.0,10:19:03
sz300003,乐普医疗,16.53,-0.06,-0.362,16.53,16.54,16.59,16.54,16.59,16.42,8123865.0,134098476.0,10:19:03
sz300004,南风股份,14.63,-0.24,-1.614,14.63,14.64,14.87,15.11,15.36,14.42,10224000.0,150336694.0,10:19:03
sz300005,探路者,14.26,-0.24,-1.655,14.25,14.26,14.5,14.53,14.55,14.25,6041276.0,86755790.0,10:19:03
sz300006,莱美药业,6.22,0.01,0.161,6.22,6.23,6.21,6.23,6.29,6.15,29805855.0,185559027.0,10:19:03
sz300007,汉威科技,43.97,0.5,1.15,43.97,43.99,43.47,44.02,44.55,43.67,3491365.0,153664308.0,10:19:03
sz300008,天海防务,7.57,0.03,0.398,7.56,7.57,7.54,7.56,7.59,7.5,14848300.0,112049536.0,10:19:03
sz300009,安科生物,9.86,-0.09,-0.905,9.86,9.87,9.95,9.93,9.95,9.83,7451533.0,73570691.0,10:19:03
sz300010,豆神教育,6.15,0.07,1.151,6.14,6.15,6.08,6.08,6.15,6.08,10736889.0,65642390.0,10:19:03
sz300011,鼎汉技术,7.45,0.04,0.54,7.44,7.45,7.41,7.42,7.47,7.37,1668700.0,12372414.0,10:19:03
sz300012,华测检测,15.5,0.12,0.78,15.5,15.51,15.38,15.38,15.57,15.3,5582975.0,86410176.0,10:19:03
sz300013,新宁物流,3.75,0.0,0.0,3.75,3.76,3.75,3.77,3.78,3.73,2463600.0,9234035.0,10:19:03
sz300014,亿纬锂能,71.39,1.07,1.522,71.37,71.39,70.32,71.0,72.97,70.85,39663799.0,2853310371.0,10:19:03
sz300015,爱尔眼科,9.58,-0.04,-0.416,9.57,9.58,9.62,9.61,9.64,9.55,19270391.0,184531220.0,10:19:03
sz300016,北陆药业,10.28,-0.18,-1.721,10.28,10.29,10.46,10.38,10.41,10.24,9479267.0,97580263.0,10:19:03
sz300017,网宿科技,19.14,0.88,4.819,19.14,19.15,18.26,18.49,19.25,18.4,149077405.0,2821465068.0,10:19:03
sz300018,中元股份,12.89,-0.02,-0.155,12.88,12.89,12.91,13.04,13.04,12.68,4851300.0,62470151.0,10:19:03
sz300019,硅宝科技,19.82,0.11,0.558,19.82,19.83,19.71,19.79,19.9,19.64,1990989.0,39433582.0,10:19:03
sz300020,ST银江,3.71,0.03,0.815,3.7,3.71,3.68,3.68,3.78,3.66,13885400.0,51562464.0,10:19:03
sz300021,大禹节水,4.32,0.0,0.0,4.31,4.32,4.32,4.33,4.33,4.3,2707018.0,11673721.0,10:19:03
sz300022,吉峰科技,9.71,0.0,0.0,9.7,9.71,9.71,9.79,9.82,9.64,7275800.0,70643832.0,10:19:03
sz300024,机器人,15.01,0.16,1.077,15.0,15.01,14.85,14.9,15.05,14.88,6173260.0,92456007.0,10:19:03
sz300025,华星创业,5.22,0.05,0.967,5.21,5.22,5.17,5.18,5.22,5.14,2598502.0,13457304.0,10:19:00
sz300026,红日药业,3.63,-0.04,-1.09,3.62,3.63,3.67,3.66,3.69,3.61,27464700.0,100049615.0,10:19:03
sz300027,华谊兄弟,2.09,0.35,20.115,2.09,0.0,1.74,2.09,2.09,2.0,317638081.0,661044275.0,10:19:03
sz300029,*ST天龙,4.6,0.07,1.545,4.6,4.61,4.53,4.53,4.69,4.46,2486500.0,11382061.0,10:19:03
sz300030,阳普医疗,7.68,-0.02,-0.26,7.68,7.69,7.7,7.72,7.75,7.61,2142600.0,16438463.0,10:19:03
sz300031,宝通科技,21.4,0.48,2.294,21.4,21.42,20.92,21.12,21.46,21.07,3106183.0,66071230.0,10:19:03
sz300032,金龙机电,5.86,-0.06,-1.014,5.85,5.86,5.92,5.93,5.93,5.77,14270700.0,83360522.0,10:19:03
sz300033,同花顺,240.55,6.56,2.804,240.45,240.55,233.99,236.0,240.8,234.63,5681104.0,1351719761.0,10:19:03
sz300034,钢研高纳,19.2,0.1,0.524,19.19,19.2,19.1,19.02,19.22,18.98,4232100.0,80914571.0,10:19:03
sz300035,中科电气,23.05,0.31,1.363,23.04,23.05,22.74,23.08,23.3,22.86,19052734.0,440630859.0,10:19:03
sz300036,超图软件,15.97,0.17,1.076,15.96,15.98,15.8,15.88,15.99,15.8,2568850.0,40827969.0,10:19:03
sz300037,新宙邦,63.51,0.49,0.778,63.51,63.53,63.02,63.75,64.88,62.4,11200766.0,715585355.0,10:19:03
sz300039,上海凯宝,5.96,-0.05,-0.832,5.96,5.97,6.01,6.0,6.01,5.94,6264430.0,37331627.0,10:19:03
sz300040,九洲集团,6.71,-0.06,-0.886,6.71,6.72,6.77,6.73,6.76,6.65,12779083.0,85511211.0,10:19:03
sz300041,回天新材,10.99,0.08,0.733,10.98,10.99,10.91,10.91,11.04,10.87,3278793.0,35974295.0,10:19:03
sz300042,朗科科技,49.0,0.23,0.472,48.97,48.99,48.77,48.0,49.82,47.06,10698198.0,520018423.0,10:19:03
sz300043,星辉娱乐,5.57,0.06,1.089,5.56,5.57,5.51,5.54,5.58,5.53,9043000.0,50240966.0,10:19:03
sz300044,ST赛为,6.82,-0.21,-2.987,6.82,6.83,7.03,6.91,6.96,6.72,15696902.0,107130674.0,10:19:03
sz300045,华力创通,23.01,0.18,0.788,23.01,23.03,22.83,22.84,23.05,22.59,9208562.0,209754915.0,10:19:03
sz300046,台基股份,31.48,0.21,0.672,31.47,31.48,31.27,31.58,31.58,31.13,1199049.0,37627488.0,10:19:03
sz300047,天源迪科,12.26,0.21,1.743,12.25,12.26,12.05,12.1,12.26,12.05,4220604.0,51356481.0,10:19:03
sz300048,合康新能,6.79,0.01,0.147,6.79,6.8,6.78,6.76,6.87,6.75,6790557.0,46179880.0,10:19:03
sz300049,福瑞医科,55.57,0.05,0.09,55.56,55.58,55.52,55.5,55.59,54.9,1416679.0,78229081.0,10:19:03
sz300050,世纪鼎利,7.43,-0.1,-1.328,7.42,7.43,7.53,7.5,7.51,7.36,13582700.0,100996443.0,10:19:03
sz300051,琏升科技,16.68,0.63,3.925,16.66,16.68,16.05,15.73,18.0,15.73,41173200.0,697492095.0,10:19:03
sz300052,中青宝,13.38,0.32,2.45,13.36,13.38,13.06,13.38,13.88,13.15,27127333.0,366807224.0,10:19:03
sz300053,航宇微,18.16,-0.03,-0.165,18.16,18.17,18.19,18.16,18.26,17.89,12746546.0,229726276.0,10:19:03
sz300054,鼎龙股份,51.81,-0.02,-0.039,51.79,51.81,51.83,52.11,52.35,51.33,7633744.0,395715034.0,10:19:03
sz300055,万邦达,12.09,-0.34,-2.735,12.08,12.09,12.43,12.48,12.56,12.03,13510100.0,163943664.0,10:19:03
sz300056,中创环保,9.06,-0.1,-1.092,9.05,9.06,9.16,9.2,9.2,9.01,3952600.0,35899560.0,10:19:06
sz300057,万顺新材,7.29,-0.21,-2.8,7.29,7.3,7.5,7.37,7.44,7.2,37174834.0,272461698.0,10:19:06
sz300058,蓝色光标,17.19,0.76,4.626,17.19,17.2,16.43,16.85,17.73,16.82,359510596.0,6220021995.0,10:19:06
sz300059,东方财富,20.13,0.28,1.411,20.12,20.13,19.85,19.94,20.14,19.86,78723243.0,1575096499.0,10:19:06
sz300061,旗天科技,8.1,0.1,1.25,8.09,8.1,8.0,8.01,8.1,7.99,2591400.0,20812853.0,10:19:06
sz300062,中能电气,7.66,-0.03,-0.39,7.65,7.66,7.69,7.77,7.77,7.55,7430800.0,56556913.0,10:19:06
sz300063,天龙集团,12.0,0.19,1.609,12.0,12.02,11.81,11.89,12.22,11.89,27769805.0,334529366.0,10:19:06
sz300065,海兰信,26.87,0.37,1.396,26.87,26.88,26.5,26.6,26.95,26.4,26064539.0,695350030.0,10:19:06
sz300066,三川智慧,6.44,0.01,0.156,6.44,6.45,6.43,6.44,6.49,6.4,4848400.0,31236616.0,10:19:06
sz300067,安诺其,0.0,0.0,0.0,0.0,0.0,4.21,0.0,0.0,0.0,0.0,0.0,10:18:54
sz300068,南都电源,12.8,0.31,2.482,12.8,12.81,12.49,12.57,13.01,12.46,27932692.0,357007732.0,10:19:06
sz300069,金利华电,24.09,1.88,8.465,24.05,24.11,22.21,22.21,24.17,21.82,9658099.0,222299269.0,10:19:06
sz300070,碧水源,4.05,-0.02,-0.491,4.05,4.06,4.07,4.05,4.07,4.03,13011774.0,52703286.0,10:19:06
sz300071,福石控股,4.99,0.12,2.464,4.98,4.99,4.87,4.87,4.99,4.87,14587600.0,72193304.0,10:19:06
sz300072,海新能科,4.63,-0.18,-3.742,4.63,4.64,4.81,4.8,4.81,4.62,32442922.0,151432992.0,10:19:06
sz300073,当升科技,56.83,0.63,1.121,56.8,56.84,56.2,56.8,57.74,56.16,8020627.0,458385578.0,10:19:06
sz300074,华平股份,4.09,0.03,0.739,4.09,4.1,4.06,4.06,4.1,4.04,3496201.0,14239338.0,10:19:06
sz300075,数字政通,12.64,0.16,1.282,12.63,12.64,12.48,12.54,12.66,12.49,2287238.0,28843316.0,10:19:00
sz300076,GQY视讯,5.84,0.0,0.0,5.83,5.84,5.84,5.84,5.86,5.78,3612800.0,21000060.0,10:19:06
sz300077,国民技术,21.98,0.05,0.228,21.98,21.99,21.93,21.93,22.1,21.65,8631581.0,188992544.0,10:19:06
sz300078,思创智联,4.02,0.0,0.0,4.02,4.03,4.02,4.02,4.05,4.0,7787800.0,31289752.0,10:19:03
sz300079,数码视讯,5.37,0.06,1.13,5.36,5.37,5.31,5.32,5.37,5.31,7116327.0,38019750.0,10:19:06
sz300080,易成新能,4.62,0.01,0.217,4.61,4.62,4.61,4.63,4.65,4.56,8303705.0,38211636.0,10:19:06
sz300081,ST恒信,3.49,0.02,0.576,3.48,3.49,3.47,3.47,3.5,3.43,11389200.0,39432780.0,10:19:06
sz300082,奥克股份,11.39,0.21,1.878,11.39,11.4,11.18,11.24,11.88,11.24,22032020.0,254978576.0,10:19:06
sz300083,创世纪,7.58,0.05,0.664,7.57,7.58,7.53,7.53,7.6,7.53,4419802.0,33429944.0,10:19:06
sz300084,海默科技,10.78,0.18,1.698,10.77,10.78,10.6,10.64,10.99,10.64,7200900.0,77854693.0,10:19:06
sz300085,银之杰,38.27,1.21,3.265,38.26,38.27,37.06,37.05,38.36,36.8,16094786.0,605593977.0,10:19:06
sz300086,康芝药业,7.62,-0.33,-4.151,7.62,7.63,7.95,7.77,7.77,7.6,16520000.0,126193328.0,10:19:06
sz300087,荃银高科,8.02,-0.02,-0.249,8.02,8.03,8.04,8.03,8.07,7.98,3783221.0,30318049.0,10:19:06
sz300088,长信科技,7.81,1.0,14.684,7.81,7.82,6.81,6.82,7.96,6.82,369516645.0,2751100830.0,10:19:06
sz300091,*ST金灵,3.12,0.04,1.299,3.12,3.13,3.08,3.09,3.15,3.07,10823800.0,33723758.0,10:19:00
sz300092,科新机电,16.42,0.13,0.798,16.41,16.42,16.29,16.48,16.5,16.15,1455500.0,23758143.0,10:19:00
sz300093,*ST金刚,19.39,0.3,1.572,19.35,19.39,19.09,19.11,19.47,18.92,1541900.0,29701507.0,10:19:06
sz300094,国联水产,3.14,0.01,0.319,3.13,3.14,3.13,3.14,3.14,3.11,6461100.0,20171625.0,10:19:06
sz300095,华伍股份,9.58,-0.09,-0.931,9.58,9.59,9.67,9.66,9.67,9.51,3002200.0,28712502.0,10:19:06
sz300096,ST易联众,9.13,-0.07,-0.761,9.12,9.13,9.2,9.26,9.26,9.09,2390400.0,21862408.0,10:19:06
sz300097,智云股份,9.45,-0.38,-3.866,9.44,9.45,9.83,9.69,9.9,9.35,18266740.0,174221860.0,10:19:06
sz300098,高新兴,5.43,0.14,2.647,5.42,5.43,5.29,5.35,5.43,5.35,19000367.0,102584988.0,10:19:06
sz300099,尤洛卡,9.3,0.32,3.563,9.29,9.3,8.98,9.0,9.34,8.96,10706211.0,98094004.0,10:19:06
sz300100,双林股份,30.75,0.23,0.754,30.76,30.78,30.52,31.08,31.19,30.67,2476968.0,76559998.0,10:19:06
sz300101,振芯科技,21.12,0.04,0.19,21.12,21.13,21.08,21.12,21.28,20.87,4491149.0,94403819.0,10:19:06
sz300102,乾照光电,32.66,-0.04,-0.122,32.66,32.67,32.7,32.8,33.0,32.13,20865200.0,677212150.0,10:19:06
sz300103,达刚控股,7.44,0.08,1.087,7.43,7.44,7.36,7.41,7.47,7.3,3186000.0,23617372.0,10:19:03
sz300105,龙源技术,6.63,-0.01,-0.151,6.62,6.63,6.64,6.63,6.65,6.58,1595500.0,10537222.0,10:19:06
sz300106,西部牧业,9.67,0.04,0.415,9.66,9.67,9.63,9.62,9.69,9.53,1863000.0,17901170.0,10:19:06
sz300107,建新股份,6.99,0.03,0.431,6.99,7.0,6.96,6.93,7.03,6.93,1948100.0,13616130.0,10:19:06
sz300109,新开源,18.7,0.1,0.538,18.69,18.7,18.6,18.5,18.74,18.47,2635600.0,49005716.0,10:19:00
sz300110,华仁药业,3.33,-0.05,-1.479,3.33,3.34,3.38,3.4,3.43,3.33,31660200.0,106792329.0,10:19:06
sz300111,向日葵,4.01,0.01,0.25,4.0,4.01,4.0,4.0,4.02,3.96,10505000.0,41889076.0,10:19:06
sz300112,万讯自控,7.86,0.07,0.899,7.85,7.86,7.79,7.83,7.87,7.73,2236300.0,17468908.0,10:19:06
sz300113,顺网科技,29.76,0.58,1.988,29.76,29.78,29.18,29.18,30.16,29.06,35277967.0,1044312106.0,10:19:06
sz300115,长盈精密,34.11,0.73,2.187,34.11,34.12,33.38,34.1,34.5,33.76,20159562.0,687985930.0,10:19:06
sz300118,东方日升,16.65,0.2,1.216,16.64,16.65,16.45,16.5,16.77,16.25,17511881.0,289093673.0,10:19:06
sz300119,瑞普生物,18.77,-0.26,-1.366,18.77,18.78,19.03,18.95,19.02,18.69,2311334.0,43436689.0,10:19:06
sz300120,经纬辉开,7.36,0.04,0.546,7.35,7.36,7.32,7.32,7.37,7.26,2648652.0,19357275.0,10:19:03
sz300121,阳谷华泰,12.53,0.07,0.562,12.52,12.53,12.46,12.46,12.6,12.32,2356700.0,29380455.0,10:19:06
sz300122,智飞生物,15.68,-0.08,-0.508,15.67,15.68,15.76,15.72,15.78,15.58,4752177.0,74395667.0,10:19:06
sz300123,亚光科技,6.32,0.02,0.317,6.32,6.33,6.3,6.32,6.34,6.24,6641282.0,41756968.0,10:19:00
sz300124,汇川技术,67.63,-0.27,-0.398,67.62,67.63,67.9,68.33,68.68,67.42,11773412.0,798233657.0,10:19:06
sz300125,*ST聆达,9.31,0.11,1.196,9.31,9.32,9.2,9.25,9.38,9.15,2806100.0,26054470.0,10:19:06
sz300126,锐奇股份,7.79,0.1,1.3,7.78,7.79,7.69,7.72,7.8,7.62,1574100.0,12139796.0,10:19:03
sz300127,银河磁体,30.25,0.13,0.432,30.25,30.26,30.12,30.07,30.33,29.96,1316015.0,39703090.0,10:19:06
sz300128,锦富技术,6.03,0.05,0.836,6.03,6.04,5.98,6.0,6.06,5.95,5812924.0,34912711.0,10:19:06
sz300129,泰胜风能,12.5,0.09,0.725,12.5,12.51,12.41,12.44,12.56,12.33,9084800.0,113207649.0,10:19:06
sz300130,新国都,23.31,0.24,1.04,23.31,23.32,23.07,23.1,23.34,23.09,2544500.0,59045852.0,10:19:06
sz300131,英唐智控,15.19,-0.27,-1.746,15.19,15.2,15.46,15.21,15.31,15.0,33698818.0,511303148.0,10:19:06
sz300132,青松股份,8.42,0.04,0.477,8.42,8.43,8.38,8.38,8.49,8.29,4231066.0,35644810.0,10:19:06
sz300133,华策影视,7.43,0.18,2.483,7.43,7.44,7.25,7.43,7.6,7.38,43739670.0,326926749.0,10:19:06
sz300134,大富科技,10.99,0.11,1.011,10.98,10.99,10.88,10.9,11.15,10.71,9057854.0,98482587.0,10:19:06
sz300135,宝利国际,3.71,-0.03,-0.802,3.71,3.72,3.74,3.76,3.77,3.7,6074300.0,22557831.0,10:19:06
sz300136,信维通信,69.0,0.5,0.73,69.0,69.01,68.5,68.01,69.6,68.01,26650903.0,1830561022.0,10:19:06
sz300137,先河环保,16.5,1.42,9.416,16.49,16.5,15.08,14.82,16.65,14.82,38834364.0,609586034.0,10:19:06
sz300138,晨光生物,11.99,-0.04,-0.333,11.98,11.99,12.03,12.0,12.03,11.93,1450008.0,17347808.0,10:19:06
sz300139,晓程科技,56.06,-0.55,-0.972,56.06,56.08,56.61,57.74,57.75,55.26,13094200.0,732859926.0,10:19:06
sz300140,节能环境,6.27,-0.02,-0.318,6.27,6.28,6.29,6.28,6.3,6.22,7227200.0,45243003.0,10:19:06
sz300141,和顺电气,13.27,0.05,0.378,13.26,13.27,13.22,13.29,13.3,13.02,2221400.0,29178356.0,10:19:03
sz300142,沃森生物,12.71,-0.08,-0.625,12.7,12.71,12.79,12.72,12.76,12.62,11421300.0,144884709.0,10:19:06
sz300143,盈康生命,12.27,0.12,0.988,12.26,12.27,12.15,12.19,12.29,12.06,4290578.0,52354686.0,10:19:06
sz300144,宋城演艺,7.87,0.02,0.255,7.86,7.87,7.85,7.87,7.89,7.82,10342240.0,81242909.0,10:19:06
sz300145,南方泵业,5.13,0.05,0.984,5.13,5.14,5.08,5.08,5.18,5.07,29738188.0,152156683.0,10:19:12
sz300146,汤臣倍健,11.12,-0.07,-0.626,11.12,11.13,11.19,11.16,11.21,11.11,4093834.0,45639334.0,10:19:12
sz300147,ST香雪,9.89,0.05,0.508,9.89,9.9,9.84,9.78,9.98,9.74,5625800.0,55632927.0,10:19:09
sz300148,天舟文化,4.33,0.02,0.464,4.33,4.34,4.31,4.33,4.34,4.31,7279199.0,31474578.0,10:19:12
sz300149,睿智医药,11.24,-0.35,-3.02,11.24,11.25,11.59,11.2,11.38,11.1,18330775.0,205337681.0,10:19:12
sz300150,世纪瑞尔,5.4,0.04,0.746,5.39,5.4,5.36,5.4,5.42,5.35,2287500.0,12296098.0,10:19:12
sz300151,昌红科技,16.96,0.07,0.414,16.95,16.96,16.89,16.93,17.07,16.81,2175100.0,36860957.0,10:19:12
sz300152,ST新动力,2.14,0.01,0.469,2.14,2.15,2.13,2.12,2.16,2.12,7349300.0,15691772.0,10:19:09
sz300153,科泰电源,27.84,0.98,3.649,27.84,27.87,26.86,27.2,27.92,27.09,6810306.0,187198733.0,10:19:12
sz300154,瑞凌股份,8.31,0.0,0.0,8.31,8.32,8.31,8.37,8.37,8.26,1496800.0,12429878.0,10:19:09
sz300155,安居宝,4.65,0.01,0.216,4.64,4.65,4.64,4.65,4.67,4.61,1701300.0,7879003.0,10:19:12
sz300157,新锦动力,6.34,-0.02,-0.314,6.34,6.35,6.36,6.39,6.39,6.23,12746915.0,80156093.0,10:19:12
sz300158,振东制药,6.16,-0.09,-1.44,6.15,6.16,6.25,6.2,6.26,6.14,9719900.0,60073646.0,10:19:12
sz300159,*ST新研,3.4,0.16,4.938,3.39,3.4,3.24,3.24,3.46,3.24,34396718.0,115471614.0,10:19:12
sz300160,秀强股份,5.43,0.03,0.556,5.43,5.44,5.4,5.39,5.47,5.38,1960500.0,10625289.0,10:19:06
sz300161,华中数控,28.44,0.17,0.601,28.44,28.45,28.27,28.35,28.55,28.15,556500.0,15781693.0,10:19:06
sz300162,雷曼光电,9.36,-0.1,-1.057,9.36,9.37,9.46,9.4,9.54,9.26,11457300.0,107005058.0,10:19:12
sz300163,先锋新材,4.57,-0.01,-0.218,4.57,4.58,4.58,4.57,4.59,4.52,4714700.0,21472870.0,10:19:06
sz300164,通源石油,13.5,-0.43,-3.087,13.5,13.51,13.93,13.78,13.79,13.34,36910400.0,497511544.0,10:19:12
sz300165,天瑞仪器,5.48,-0.16,-2.837,5.48,5.49,5.64,5.58,5.59,5.46,10036700.0,55218935.0,10:19:12
sz300166,东方国信,17.02,0.46,2.778,17.02,17.03,16.56,16.87,17.32,16.66,87047085.0,1478976180.0,10:19:12
sz300167,ST迪威迅,6.11,-0.05,-0.812,6.11,6.12,6.16,6.18,6.24,6.09,2070500.0,12695661.0,10:19:09
sz300168,万达信息,5.6,0.06,1.083,5.59,5.6,5.54,5.57,5.6,5.53,4633492.0,25767705.0,10:19:12
sz300169,天晟新材,5.89,0.07,1.203,5.88,5.89,5.82,5.85,5.92,5.78,2157200.0,12669821.0,10:19:06
sz300170,汉得信息,21.18,0.75,3.671,21.17,21.18,20.43,20.66,21.3,20.63,38013505.0,800785372.0,10:19:12
sz300171,东富龙,14.86,-0.02,-0.134,14.86,14.87,14.88,14.87,14.91,14.76,1481503.0,21989695.0,10:19:09
sz300172,中电环保,5.3,0.03,0.569,5.29,5.3,5.27,5.27,5.31,5.23,3611836.0,19046242.0,10:19:09
sz300173,ST福能,4.32,0.04,0.935,4.31,4.32,4.28,4.3,4.33,4.28,2284600.0,9840105.0,10:19:06
sz300174,元力股份,17.03,-0.08,-0.468,17.03,17.04,17.11,17.01,17.14,17.01,1748400.0,29844053.0,10:19:12
sz300175,ST朗源,6.49,0.02,0.309,6.48,6.49,6.47,6.46,6.54,6.43,1441700.0,9371397.0,10:19:09
sz300176,鸿特科技,7.2,0.05,0.699,7.2,7.21,7.15,7.19,7.23,7.11,3566100.0,25583478.0,10:19:12
sz300177,中海达,7.87,-0.07,-0.882,7.86,7.87,7.94,7.98,7.99,7.73,5654000.0,44229490.0,10:19:12
sz300179,四方达,23.74,0.42,1.801,23.73,23.74,23.32,23.04,23.97,23.04,13836664.0,326876866.0,10:19:12
sz300180,华峰超纤,6.01,0.01,0.167,6.0,6.01,6.0,6.01,6.03,5.98,5118300.0,30683466.0,10:19:12
sz300181,佐力药业,15.88,-0.18,-1.121,15.88,15.9,16.06,15.98,16.03,15.87,2942100.0,46837250.0,10:19:12
sz300182,捷成股份,5.8,0.14,2.473,5.79,5.8,5.66,5.7,5.85,5.7,55098501.0,318549020.0,10:19:12
sz300183,东软载波,14.66,0.05,0.342,14.65,14.66,14.61,14.64,14.71,14.51,1540000.0,22468768.0,10:19:12
sz300184,力源信息,11.73,0.28,2.445,11.72,11.73,11.45,11.5,11.81,11.45,32404826.0,378297590.0,10:19:12
sz300185,通裕重工,3.21,0.02,0.627,3.21,3.22,3.19,3.19,3.23,3.18,40776333.0,130700046.0,10:19:12
sz300187,永清环保,5.06,0.04,0.797,5.05,5.06,5.02,5.04,5.07,4.99,2597600.0,13079820.0,10:19:12
sz300188,国投智能,12.36,0.15,1.229,12.35,12.36,12.21,12.22,12.36,12.22,2440700.0,29947386.0,10:19:12
sz300189,神农种业,6.66,-0.06,-0.893,6.65,6.66,6.72,6.71,6.72,6.56,21067842.0,139525425.0,10:19:12
sz300190,维尔利,4.18,0.02,0.481,4.17,4.18,4.16,4.16,4.22,4.12,9353176.0,39069827.0,10:19:06
sz300191,潜能恒信,36.7,-0.72,-1.924,36.7,36.71,37.42,36.95,36.96,36.19,3445508.0,125958956.0,10:19:12
sz300192,科德教育,19.32,0.4,2.114,19.31,19.32,18.92,18.9,19.4,18.88,3260300.0,62595187.0,10:19:12
sz300193,佳士科技,8.67,0.08,0.931,8.66,8.67,8.59,8.61,8.69,8.6,1953004.0,16859607.0,10:19:12
sz300194,福安药业,4.25,-0.06,-1.392,4.24,4.25,4.31,4.28,4.3,4.23,9562500.0,40728279.0,10:19:12
sz300195,长荣股份,7.62,0.05,0.661,7.61,7.62,7.57,7.6,7.65,7.51,2311500.0,17498559.0,10:19:09
sz300196,长海股份,19.15,0.22,1.162,19.13,19.14,18.93,19.14,19.5,18.63,11976531.0,229244628.0,10:19:12
sz300197,节能铁汉,1.69,0.03,1.807,1.68,1.69,1.66,1.66,1.69,1.66,14162533.0,23765036.0,10:19:12
sz300198,ST纳川,2.62,0.0,0.0,2.61,2.62,2.62,2.61,2.64,2.59,4838900.0,12651316.0,10:19:12
sz300199,翰宇药业,21.13,0.19,0.907,21.12,21.13,20.94,20.78,21.25,20.66,17218700.0,360801009.0,10:19:12
sz300200,高盟新材,9.48,0.11,1.174,9.47,9.48,9.37,9.36,9.5,9.32,2204800.0,20743227.0,10:19:09
sz300201,海伦哲,12.09,-0.13,-1.064,12.08,12.09,12.22,12.12,12.27,12.03,16211300.0,196863629.0,10:19:12
sz300203,聚光科技,13.82,0.09,0.655,13.82,13.83,13.73,13.99,13.99,13.5,3151023.0,43020838.0,10:19:12
sz300204,舒泰神,31.31,-1.08,-3.334,31.31,31.32,32.39,31.81,31.89,30.0,30928553.0,957930552.0,10:19:12
sz300205,*ST天喻,5.78,0.02,0.347,5.75,5.77,5.76,5.79,5.8,5.62,1648400.0,9410282.0,10:19:06
sz300206,理邦仪器,14.77,-0.11,-0.739,14.76,14.77,14.88,14.87,14.98,14.73,2071300.0,30664298.0,10:19:12
sz300207,欣旺达,29.58,0.48,1.649,29.58,29.59,29.1,29.6,30.07,29.12,74077854.0,2200089291.0,10:19:12
sz300209,行云科技,13.09,0.44,3.478,13.09,13.1,12.65,12.36,13.3,12.36,83540165.0,1074933268.0,10:19:12
sz300210,森远股份,9.18,-0.12,-1.29,9.17,9.18,9.3,9.24,9.24,9.07,3688100.0,33705977.0,10:19:12
sz300211,*ST亿通,8.42,0.09,1.08,8.42,8.43,8.33,8.33,8.47,8.31,831800.0,6987166.0,10:19:00
sz300212,易华录,8.14,0.13,1.623,8.14,8.15,8.01,8.0,8.34,7.98,9814889.0,79983684.0,10:19:12
sz300213,佳讯飞鸿,7.84,0.08,1.031,7.83,7.84,7.76,7.8,7.84,7.75,2988979.0,23290483.0,10:19:12
sz300214,日科化学,7.62,0.23,3.112,7.61,7.62,7.39,7.49,7.68,7.42,8515900.0,64544235.0,10:19:12
sz300215,电科院,8.17,-0.43,-5.0,8.17,8.18,8.6,8.35,8.38,8.08,21442223.0,175229489.0,10:19:12
sz300217,东方电热,5.22,0.09,1.754,5.22,5.23,5.13,5.15,5.23,5.14,12861807.0,66797995.0,10:19:12
sz300218,安利股份,14.93,-0.46,-2.989,14.91,14.92,15.39,14.7,15.18,14.51,4709300.0,70225433.0,10:19:06
sz300219,鸿利智汇,7.65,-0.06,-0.778,7.65,7.66,7.71,7.7,7.72,7.57,6577600.0,50153336.0,10:19:12
sz300220,金运激光,13.9,0.17,1.238,13.89,13.9,13.73,13.83,13.92,13.7,642000.0,8871157.0,10:19:12
sz300221,银禧科技,10.5,0.18,1.744,10.49,10.5,10.32,10.32,10.51,10.26,4425081.0,45960842.0,10:19:12
sz300222,科大智能,11.06,0.0,0.0,11.05,11.06,11.06,11.1,11.15,10.99,4012300.0,44385084.0,10:19:12
sz300223,北京君正,115.53,3.09,2.748,115.5,115.55,112.44,111.66,117.22,111.12,11160082.0,1281527904.0,10:19:12
sz300224,正海磁材,14.78,0.09,0.613,14.78,14.79,14.69,14.75,14.83,14.67,4275282.0,63134550.0,10:19:12
sz300225,*ST金泰,5.78,-0.08,-1.365,5.78,5.79,5.86,5.81,5.81,5.63,7940500.0,45377509.0,10:19:06
sz300226,上海钢联,25.14,0.31,1.248,25.14,25.15,24.83,25.0,25.17,24.8,2592373.0,64748153.0,10:19:12
sz300227,光韵达,12.01,-0.04,-0.332,12.01,12.02,12.05,12.03,12.1,11.93,4635900.0,55666122.0,10:19:12
sz300228,富瑞特装,9.27,-0.08,-0.856,9.26,9.27,9.35,9.38,9.39,9.23,8005300.0,74269607.0,10:19:12
sz300229,拓尔思,18.73,0.34,1.849,18.72,18.73,18.39,18.58,18.75,18.53,6712039.0,125101541.0,10:19:12
sz300230,永利股份,4.81,0.05,1.05,4.8,4.81,4.76,4.76,4.81,4.74,3500740.0,16706468.0,10:19:09
sz300231,银信科技,11.16,0.44,4.104,11.15,11.16,10.72,10.72,11.2,10.72,13228953.0,145061421.0,10:19:09
sz300232,洲明科技,6.95,0.04,0.579,6.95,6.96,6.91,6.89,6.97,6.88,8022200.0,55543531.0,10:19:09
sz300233,金城医药,15.85,0.25,1.603,15.83,15.85,15.6,15.57,15.95,15.51,8238586.0,129848512.0,10:19:06
sz300234,开尔新材,5.73,-0.05,-0.865,5.72,5.73,5.78,5.79,5.82,5.7,3815562.0,21897947.0,10:19:09
sz300235,方直科技,13.23,0.2,1.535,13.23,13.24,13.03,13.04,13.25,13.02,1923300.0,25328599.0,10:19:09
sz300236,上海新阳,83.94,-0.16,-0.19,83.95,83.98,84.1,84.12,84.68,83.0,2119300.0,177662268.0,10:19:09
sz300237,ST美晨,2.34,-0.01,-0.426,2.34,2.35,2.35,2.34,2.35,2.32,9562880.0,22310787.0,10:19:09
sz300238,冠昊生物,15.26,-0.19,-1.23,15.25,15.26,15.45,15.41,15.42,15.16,1902800.0,29012315.0,10:19:09
sz300239,东宝生物,5.31,-0.03,-0.562,5.31,5.32,5.34,5.32,5.35,5.29,2390404.0,12692121.0,10:19:09
sz300240,飞力达,7.01,0.1,1.447,7.0,7.01,6.91,6.95,7.01,6.9,2490700.0,17350344.0,10:19:09
sz300241,瑞丰光电,6.74,-0.06,-0.882,6.73,6.74,6.8,6.82,6.84,6.69,10621940.0,71407937.0,10:19:09
sz300242,佳云科技,4.67,0.05,1.082,4.66,4.67,4.62,4.63,4.68,4.62,4851900.0,22572135.0,10:19:09
sz300243,瑞丰高材,16.1,0.79,5.16,16.09,16.1,15.31,15.04,16.37,14.92,26202157.0,413053378.0,10:19:09
sz300244,迪安诊断,19.06,0.17,0.9,19.05,19.06,18.89,19.13,19.14,18.83,5906169.0,112064361.0,10:19:09
sz300245,天玑科技,13.94,0.5,3.72,13.94,13.95,13.44,13.52,14.3,13.52,18523061.0,259664642.0,10:19:09
sz300246,宝莱特,16.03,-0.17,-1.049,16.02,16.03,16.2,16.16,16.37,15.78,8700650.0,139289557.0,10:19:09
sz300247,融捷健康,4.62,0.01,0.217,4.61,4.62,4.61,4.6,4.63,4.59,2307700.0,10639416.0,10:19:09
sz300248,新开普,10.46,0.16,1.553,10.46,10.47,10.3,10.33,10.48,10.3,2769844.0,28814101.0,10:19:09
sz300249,依米康,17.7,0.36,2.076,17.7,17.71,17.34,17.34,17.8,17.34,10677694.0,188675293.0,10:19:09
sz300250,初灵信息,21.73,0.36,1.685,21.72,21.73,21.37,21.5,21.75,21.42,1525800.0,32923458.0,10:19:09
sz300251,光线传媒,16.12,0.1,0.624,16.11,16.12,16.02,16.0,16.32,16.0,36272883.0,586460723.0,10:19:09
sz300252,金信诺,14.04,0.1,0.717,14.04,14.05,13.94,13.91,14.06,13.81,6280900.0,87609146.0,10:19:09
sz300253,卫宁健康,8.59,0.03,0.35,8.59,8.6,8.56,8.57,8.65,8.52,15650300.0,134075834.0,10:19:09
sz300254,仟源医药,11.75,-0.09,-0.76,11.74,11.75,11.84,11.8,11.83,11.63,4852212.0,56817680.0,10:19:06
sz300255,常山药业,45.83,0.96,2.14,45.82,45.83,44.87,44.8,46.5,44.4,13997607.0,642355293.0,10:19:09
sz300256,星星科技,3.5,-0.06,-1.685,3.5,3.51,3.56,3.52,3.57,3.48,18771600.0,65765182.0,10:19:09
sz300257,开山股份,31.26,1.06,3.51,31.25,31.27,30.2,30.3,31.73,30.05,6401080.0,199112142.0,10:19:09
sz300258,精锻科技,12.82,0.05,0.392,12.82,12.83,12.77,12.84,13.02,12.81,4290100.0,55265540.0,10:19:09
sz300259,新天科技,4.8,-0.01,-0.208,4.8,4.81,4.81,4.78,4.81,4.74,6687590.0,31943318.0,10:19:09
sz300260,新莱应材,48.84,0.39,0.805,48.83,48.84,48.45,48.6,48.99,48.1,2461149.0,119550700.0,10:19:09
sz300261,雅本化学,6.16,-0.02,-0.324,6.16,6.17,6.18,6.17,6.21,6.13,3400877.0,20944098.0,10:19:09
sz300263,隆华科技,10.14,-0.03,-0.295,10.14,10.15,10.17,10.15,10.2,10.04,8244255.0,83573406.0,10:19:09
sz300264,佳创视讯,8.54,0.25,3.016,8.54,8.55,8.29,8.34,8.62,8.26,7478000.0,63180042.0,10:19:09
sz300265,通光线缆,19.02,-0.7,-3.55,19.02,19.03,19.72,19.3,19.4,18.4,25909756.0,487550223.0,10:19:09
sz300266,兴源环境,2.44,0.0,0.0,2.43,2.44,2.44,2.44,2.45,2.42,3836600.0,9332923.0,10:19:09
sz300267,尔康制药,4.07,-0.07,-1.691,4.07,4.08,4.14,4.09,4.12,4.03,41811359.0,170028054.0,10:19:09
sz300268,*ST佳沃,14.26,0.03,0.211,14.26,14.27,14.23,14.17,14.3,14.13,368800.0,5241491.0,10:18:42
sz300269,联建光电,7.23,-0.04,-0.55,7.23,7.24,7.27,7.28,7.29,7.15,6819200.0,49100253.0,10:19:09
sz300270,中威电子,10.29,0.04,0.39,10.29,10.3,10.25,10.27,10.4,10.2,1538500.0,15800806.0,10:19:06
sz300271,华宇软件,6.67,0.05,0.755,6.67,6.68,6.62,6.67,6.69,6.61,2781800.0,18513314.0,10:19:09
sz300272,开能健康,8.38,0.05,0.6,8.37,8.38,8.33,8.35,8.43,8.25,8560803.0,71551075.0,10:19:09
sz300274,阳光电源,133.72,-0.17,-0.127,133.72,133.74,133.89,135.0,135.88,133.49,26047330.0,3510668783.0,10:19:09
sz300275,梅安森,11.06,0.06,0.545,11.06,11.07,11.0,11.01,11.07,10.92,851700.0,9377161.0,10:19:06
sz300276,三丰智能,7.4,0.51,7.402,7.4,7.41,6.89,6.95,7.48,6.95,45443668.0,331659033.0,10:19:09
sz300277,汽轮科技,19.89,1.26,6.763,19.86,19.89,18.63,18.68,20.1,18.68,30782794.0,600354061.0,10:19:09
sz300278,华昌达,4.55,0.04,0.887,4.55,4.56,4.51,4.53,4.56,4.49,5892000.0,26659586.0,10:19:09
sz300279,和晶科技,8.43,-0.07,-0.824,8.42,8.43,8.5,8.59,8.62,8.32,5469600.0,45947783.0,10:19:09
sz300281,金明精机,6.77,0.06,0.894,6.77,6.78,6.71,6.73,6.9,6.71,1866300.0,12628782.0,10:19:09
sz300283,温州宏丰,9.08,-0.04,-0.439,9.07,9.08,9.12,9.13,9.2,8.94,13163569.0,118937005.0,10:19:09
sz300284,苏交科,6.61,0.0,0.0,6.6,6.61,6.61,6.62,6.63,6.58,1327800.0,8758015.0,10:19:09
sz300285,国瓷材料,33.71,0.41,1.231,33.69,33.71,33.3,33.66,33.95,33.18,9136252.0,307344564.0,10:19:09
sz300286,安科瑞,26.15,0.22,0.848,26.14,26.15,25.93,26.09,26.25,25.8,1967500.0,51366370.0,10:19:09
sz300287,飞利信,4.27,0.04,0.946,4.26,4.27,4.23,4.23,4.27,4.23,4805100.0,20425057.0,10:19:09
sz300288,朗玛信息,12.73,0.12,0.952,12.72,12.73,12.61,12.7,12.74,12.63,884800.0,11214297.0,10:19:09
sz300289,利德曼,6.64,-0.08,-1.19,6.64,6.65,6.72,6.71,6.72,6.6,2190400.0,14525718.0,10:19:09
sz300290,荣科科技,14.4,0.15,1.053,14.39,14.4,14.25,14.25,14.4,14.24,3615600.0,51853632.0,10:19:09
sz300291,百纳千成,6.64,0.05,0.759,6.64,6.65,6.59,6.69,6.89,6.6,9578200.0,64130713.0,10:19:09
sz300292,吴通控股,4.97,0.01,0.202,4.96,4.97,4.96,4.99,5.01,4.92,10253900.0,50848275.0,10:19:09
sz300293,蓝英装备,17.92,-0.14,-0.775,17.91,17.92,18.06,18.05,18.2,17.86,2178300.0,39065726.0,10:19:09
sz300294,博雅生物,18.66,-0.1,-0.533,18.65,18.67,18.76,18.7,18.76,18.58,1297600.0,24178212.0,10:19:09
sz300295,三六五网,9.82,-0.28,-2.772,9.82,9.83,10.1,10.05,10.11,9.76,5705500.0,56309817.0,10:19:00
sz300296,利亚德,7.69,0.0,0.0,7.68,7.69,7.69,7.69,7.73,7.52,42030409.0,319881502.0,10:19:09
sz300298,三诺生物,15.88,-0.15,-0.936,15.87,15.89,16.03,16.03,16.03,15.82,1443400.0,22917003.0,10:19:06
sz300299,富春股份,5.88,0.04,0.685,5.87,5.88,5.84,5.86,5.89,5.83,4057583.0,23765709.0,10:19:09
sz300300,海峡创新,12.89,-0.23,-1.753,12.88,12.89,13.12,12.88,12.94,12.7,24764926.0,317053353.0,10:19:09
sz300301,ST长方,3.68,0.06,1.657,3.68,3.69,3.62,3.64,3.79,3.61,20626902.0,76363606.0,10:19:09
sz300302,同有科技,23.59,0.85,3.738,23.57,23.58,22.74,22.91,24.32,22.36,20070183.0,469782272.0,10:19:09
sz300303,聚飞光电,9.59,-0.11,-1.134,9.59,9.6,9.7,9.62,9.72,9.47,42541491.0,407906391.0,10:19:09
sz300304,云意电气,12.88,0.05,0.39,12.88,12.89,12.83,12.89,12.98,12.85,3358900.0,43366485.0,10:19:09
sz300305,裕兴股份,6.19,0.09,1.475,6.18,6.19,6.1,6.14,6.2,6.08,2921500.0,17956109.0,10:19:09
sz300306,远方信息,12.42,0.12,0.976,12.4,12.42,12.3,12.35,12.42,12.27,639800.0,7893897.0,10:19:09
sz300307,慈星股份,6.51,0.01,0.154,6.51,6.52,6.5,6.55,6.55,6.48,1309300.0,8505905.0,10:19:09
sz300308,中际旭创,789.51,9.53,1.222,789.51,789.82,779.98,772.37,795.0,762.35,9976254.0,7780864804.0,10:19:09
sz300310,宜通世纪,6.24,0.08,1.299,6.23,6.24,6.16,6.2,6.26,6.15,15452411.0,95954745.0,10:19:09
sz300311,ST任子行,5.31,0.02,0.378,5.31,5.32,5.29,5.29,5.33,5.28,2303479.0,12227153.0,10:19:06
sz300313,*ST天山,8.28,0.03,0.364,8.27,8.28,8.25,8.31,8.39,8.26,884700.0,7355241.0,10:19:03
sz300314,戴维医疗,12.74,-0.17,-1.317,12.73,12.74,12.91,12.9,12.91,12.71,1561000.0,19937590.0,10:19:06
sz300315,掌趣科技,4.95,0.02,0.406,4.94,4.95,4.93,4.93,4.97,4.92,15609200.0,77115199.0,10:19:09
sz300316,晶盛机电,43.53,0.1,0.23,43.5,43.53,43.43,43.15,43.63,41.95,14674854.0,627890581.0,10:19:09
sz300317,珈伟新能,4.81,0.02,0.418,4.8,4.81,4.79,4.8,4.83,4.71,18181000.0,86949008.0,10:19:09
sz300318,博晖创新,5.82,-0.14,-2.349,5.82,5.83,5.96,5.92,5.96,5.79,6440953.0,37517868.0,10:19:06
sz300319,麦捷科技,12.41,0.18,1.472,12.4,12.41,12.23,12.22,12.43,12.19,7621700.0,94033429.0,10:19:06
sz300320,海达股份,9.83,0.0,0.0,9.81,9.83,9.83,9.83,9.87,9.5,5623100.0,54670098.0,10:19:06
sz300321,同大股份,34.36,0.36,1.059,34.34,34.37,34.0,34.2,34.48,33.88,423400.0,14450367.0,10:19:06
sz300322,硕贝德,31.73,2.73,9.414,31.73,31.75,29.0,29.51,31.87,28.31,47220859.0,1414907434.0,10:19:06
sz300323,华灿光电,9.88,0.0,0.0,9.87,9.88,9.88,10.06,10.08,9.8,16166025.0,160145714.0,10:19:06
sz300324,旋极信息,4.83,0.07,1.471,4.82,4.83,4.76,4.77,4.83,4.75,7933476.0,38029554.0,10:19:06
sz300326,ST凯利,6.81,0.11,1.642,6.81,6.82,6.7,6.71,6.88,6.71,4547500.0,30992840.0,10:19:00
sz300327,中颖电子,25.35,0.13,0.515,25.34,25.35,25.22,25.27,25.4,25.12,2817000.0,71238216.0,10:19:03
sz300328,宜安科技,17.22,0.03,0.175,17.21,17.22,17.19,17.18,17.27,16.79,13735366.0,233237962.0,10:19:06
sz300329,海伦钢琴,14.62,-0.04,-0.273,14.61,14.62,14.66,14.74,14.83,14.42,2056300.0,29845498.0,10:19:06
sz300331,苏大维格,43.61,0.44,1.019,43.61,43.62,43.17,43.5,44.07,43.03,2546635.0,110837305.0,10:19:06
sz300332,天壕能源,5.69,-0.08,-1.386,5.69,5.7,5.77,5.77,5.77,5.66,13351539.0,76050910.0,10:19:06
sz300333,兆日科技,9.22,0.12,1.319,9.21,9.22,9.1,9.2,9.23,9.06,2360359.0,21569686.0,10:19:06
sz300334,津膜科技,7.14,-0.03,-0.418,7.13,7.14,7.17,7.17,7.2,7.08,1496200.0,10662334.0,10:19:06
sz300335,迪森股份,6.96,-0.19,-2.657,6.96,6.97,7.15,7.06,7.09,6.91,13667100.0,95312636.0,10:19:06
sz300337,银邦股份,13.55,0.25,1.88,13.54,13.55,13.3,13.31,13.6,13.27,10671157.0,143934274.0,10:19:06
sz300338,ST开元,3.83,0.08,2.133,3.83,3.84,3.75,3.85,3.96,3.77,9700000.0,37691458.0,10:18:54
sz300339,润和软件,40.82,0.56,1.391,40.81,40.82,40.26,40.53,40.85,40.35,5869349.0,238285095.0,10:19:06
sz300340,科恒股份,11.25,0.27,2.459,11.25,11.26,10.98,10.96,11.34,10.96,4039900.0,45207247.0,10:19:06
sz300341,麦克奥迪,14.83,-0.1,-0.67,14.83,14.84,14.93,14.98,15.09,14.78,1699952.0,25267112.0,10:19:06
sz300342,天银机电,55.7,1.49,2.749,55.69,55.7,54.21,54.65,55.98,54.0,21920621.0,1207551454.0,10:19:06
sz300343,ST联创,6.66,0.05,0.756,6.65,6.66,6.61,6.63,6.72,6.57,5044709.0,33571322.0,10:19:06
sz300344,立方退,0.26,-0.01,-3.704,0.26,0.27,0.27,0.27,0.28,0.26,9856312.0,2624462.0,10:19:03
sz300345,华民股份,6.74,0.05,0.747,6.74,6.75,6.69,6.67,6.76,6.63,7251300.0,48620617.0,10:19:03
sz300346,南大光电,47.92,0.59,1.247,47.9,47.92,47.33,47.4,48.07,47.0,8598951.0,408769838.0,10:19:06
sz300347,泰格医药,58.5,-0.55,-0.931,58.48,58.49,59.05,59.03,59.03,57.88,3701945.0,215973068.0,10:19:06
sz300348,长亮科技,13.83,0.21,1.542,13.82,13.83,13.62,13.69,13.83,13.61,6533800.0,89618407.0,10:19:06
sz300349,金卡智能,14.2,0.04,0.282,14.2,14.21,14.16,14.15,14.24,14.1,1499100.0,21249526.0,10:19:03
sz300350,华鹏飞,5.27,0.01,0.19,5.27,5.28,5.26,5.27,5.3,5.22,5071200.0,26661024.0,10:19:00
sz300351,永贵电器,17.14,1.14,7.125,17.14,17.15,16.0,16.1,17.27,16.05,15924966.0,267569745.0,10:19:06
sz300352,北信源,7.05,0.04,0.571,7.05,7.06,7.01,7.02,7.07,6.96,14130716.0,99088272.0,10:19:06
sz300353,东土科技,19.59,0.2,1.031,19.58,19.59,19.39,19.5,19.62,19.42,2328220.0,45475524.0,10:19:06
sz300354,东华测试,36.61,-0.04,-0.109,36.6,36.61,36.65,36.69,37.16,36.43,679400.0,24870788.0,10:19:06
sz300355,蒙草生态,3.79,-0.02,-0.525,3.78,3.79,3.81,3.8,3.8,3.76,9482076.0,35827161.0,10:19:03
sz300357,我武生物,27.02,0.64,2.426,27.01,27.02,26.38,26.45,27.2,26.28,7158534.0,192466752.0,10:19:06
sz300358,楚天科技,10.55,0.16,1.54,10.55,10.56,10.39,10.4,10.56,10.4,5738284.0,60256514.0,10:19:06
sz300359,全通教育,5.01,0.06,1.212,5.0,5.01,4.95,4.95,5.01,4.94,1819900.0,9056071.0,10:19:06
sz300360,炬华科技,16.41,0.01,0.061,16.4,16.41,16.4,16.4,16.41,16.21,1779000.0,29032286.0,10:19:06
sz300363,博腾股份,22.1,-0.08,-0.361,22.1,22.11,22.18,22.18,22.18,21.85,4680145.0,103003141.0,10:19:06
sz300364,中文在线,28.5,1.05,3.825,28.5,28.51,27.45,27.6,28.64,27.6,33892959.0,957509472.0,10:19:06
sz300365,恒华科技,5.9,0.01,0.17,5.9,5.91,5.89,5.91,5.95,5.87,5185700.0,30648917.0,10:19:03
sz300366,ST创意,5.63,0.03,0.536,5.62,5.63,5.6,5.59,5.65,5.59,2141800.0,12057008.0,10:19:06
sz300368,汇金股份,10.8,0.02,0.186,10.8,10.81,10.78,10.88,10.88,10.7,4030500.0,43347334.0,10:19:06
sz300369,绿盟科技,8.25,0.15,1.852,8.24,8.25,8.1,8.14,8.26,8.12,7552301.0,61844526.0,10:19:06
sz300370,安控科技,2.52,0.02,0.8,2.51,2.52,2.5,2.5,2.52,2.49,4562000.0,11438699.0,10:19:06
sz300371,汇中股份,12.43,0.03,0.242,12.43,12.44,12.4,12.45,12.45,12.25,546200.0,6747226.0,10:19:06
sz300373,扬杰科技,77.42,0.88,1.15,77.38,77.44,76.54,76.96,77.68,76.53,2583392.0,199381913.0,10:19:06
sz300374,中铁装配,14.08,-0.09,-0.635,14.07,14.08,14.17,14.16,14.19,14.01,1201400.0,16922439.0,10:19:00
sz300375,鹏翎股份,4.84,0.04,0.833,4.84,4.85,4.8,4.8,4.86,4.8,3492900.0,16872246.0,10:19:06
sz300376,易事特,6.14,-0.02,-0.325,6.14,6.15,6.16,6.17,6.2,6.09,6239884.0,38234808.0,10:19:06
sz300377,赢时胜,18.36,0.38,2.113,18.35,18.36,17.98,18.03,18.37,17.96,8450174.0,153703842.0,10:19:06
sz300378,鼎捷数智,40.97,1.11,2.785,40.97,41.0,39.86,40.3,41.1,40.21,5203180.0,211630233.0,10:19:06
sz300380,安硕信息,34.88,0.45,1.307,34.86,34.87,34.43,34.71,34.88,34.34,615600.0,21316384.0,10:19:06
sz300381,溢多利,6.31,-0.08,-1.252,6.3,6.32,6.39,6.38,6.4,6.27,2466900.0,15576420.0,10:19:06
sz300382,斯莱克,11.92,0.04,0.337,11.91,11.92,11.88,11.92,12.02,11.84,1986159.0,23649639.0,10:19:06
sz300383,光环新网,18.74,0.89,4.986,18.71,18.74,17.85,18.03,18.86,18.03,96550601.0,1785665917.0,10:19:06
sz300384,三联虹普,15.19,0.04,0.264,15.18,15.19,15.15,15.16,15.2,15.06,641000.0,9707684.0,10:19:00
sz300385,ST雪浪,14.3,0.58,4.227,14.3,14.31,13.72,13.73,14.47,13.73,13177368.0,186573060.0,10:19:06
sz300386,飞天诚信,14.3,0.09,0.633,14.3,14.31,14.21,14.33,14.33,14.18,1297000.0,18473249.0,10:19:06
sz300387,富邦科技,8.48,0.0,0.0,8.47,8.48,8.48,8.5,8.52,8.4,2060774.0,17441532.0,10:19:06
sz300388,节能国祯,7.93,0.04,0.507,7.93,7.94,7.89,7.9,7.95,7.81,1153260.0,9104439.0,10:19:06
sz300389,艾比森,19.94,-0.02,-0.1,19.93,19.94,19.96,19.96,20.08,19.8,2835300.0,56543306.0,10:19:06
sz300390,天华新能,85.76,8.83,11.478,85.76,85.77,76.93,78.69,88.88,77.36,73509765.0,6062276071.0,10:19:06
sz300393,中来股份,9.57,0.3,3.236,9.58,9.59,9.27,9.3,9.65,9.15,28310000.0,268686502.0,10:19:06
sz300394,天孚通信,341.05,10.39,3.142,341.05,341.17,330.66,328.0,344.99,325.65,17010006.0,5703639627.0,10:19:06
sz300395,菲利华,108.79,1.89,1.768,108.79,108.81,106.9,108.74,109.39,105.6,11554206.0,1247499531.0,10:19:06
sz300396,迪瑞医疗,11.56,-0.03,-0.259,11.56,11.57,11.59,11.6,11.63,11.46,761100.0,8771071.0,10:19:00
sz300397,天和防务,11.86,0.01,0.084,11.85,11.86,11.85,11.92,11.93,11.75,3186100.0,37614670.0,10:19:06
sz300398,飞凯材料,27.91,0.25,0.904,27.91,27.92,27.66,27.64,28.21,27.44,10096998.0,281057834.0,10:19:06
sz300399,天利科技,21.13,0.32,1.538,21.11,21.13,20.81,20.82,21.15,20.77,916000.0,19164466.0,10:19:06
sz300400,劲拓股份,27.76,0.12,0.434,27.76,27.77,27.64,27.8,28.17,27.2,5742000.0,159125588.0,10:19:06
sz300401,花园生物,14.14,-0.07,-0.493,14.13,14.14,14.21,14.21,14.21,14.02,3456420.0,48806324.0,10:19:06
sz300402,宝色股份,19.14,0.07,0.367,19.13,19.14,19.07,19.18,19.26,18.96,844400.0,16100018.0,10:19:06
sz300403,汉宇集团,11.96,0.16,1.356,11.96,11.97,11.8,11.83,12.0,11.83,3030858.0,36147995.0,10:19:06
sz300404,博济医药,10.35,-0.2,-1.896,10.35,10.36,10.55,10.48,10.51,10.29,5723522.0,59244451.0,10:19:06
sz300405,科隆股份,6.02,0.05,0.838,6.01,6.02,5.97,6.03,6.04,5.92,2469190.0,14783918.0,10:18:51
sz300406,九强生物,12.01,-0.09,-0.744,12.0,12.01,12.1,12.09,12.11,11.98,876000.0,10529578.0,10:19:06
sz300407,凯发电气,13.14,0.03,0.229,13.14,13.15,13.11,13.1,13.25,12.92,2257404.0,29525839.0,10:19:06
sz300408,三环集团,64.79,-0.53,-0.811,64.73,64.74,65.32,65.0,65.83,64.59,8382032.0,544992042.0,10:19:06
sz300409,道氏技术,26.95,0.43,1.621,26.94,26.95,26.52,26.53,27.15,26.53,14605043.0,393155726.0,10:19:06
sz300410,正业科技,9.45,0.47,5.234,9.45,9.46,8.98,8.97,9.48,8.97,21514000.0,199508606.0,10:19:06
sz300411,金盾股份,10.85,-0.14,-1.274,10.84,10.85,10.99,10.9,10.9,10.7,4058700.0,43688060.0,10:19:06
sz300412,迦南科技,5.24,0.03,0.576,5.24,5.25,5.21,5.21,5.25,5.17,3017310.0,15720453.0,10:19:06
sz300413,芒果超媒,21.1,0.14,0.668,21.09,21.1,20.96,20.97,21.13,20.97,3771078.0,79401719.0,10:19:06
sz300414,中光防雷,13.97,0.12,0.866,13.96,13.97,13.85,13.84,13.99,13.76,1836800.0,25511693.0,10:19:06
sz300415,伊之密,25.68,0.06,0.234,25.67,25.68,25.62,25.75,25.94,25.6,2151544.0,55330087.0,10:19:06
sz300416,苏试试验,18.24,-0.1,-0.545,18.24,18.25,18.34,18.32,18.4,18.14,4529204.0,82620628.0,10:19:03
sz300417,南华仪器,12.48,0.08,0.645,12.46,12.48,12.4,12.49,12.54,12.31,893000.0,11086910.0,10:19:03
sz300418,昆仑万维,52.41,2.62,5.262,52.41,52.44,49.79,50.3,53.31,50.25,43495972.0,2251363490.0,10:19:06
sz300419,ST浩丰,7.4,0.11,1.509,7.38,7.4,7.29,7.34,7.4,7.27,1524600.0,11151379.0,10:19:06
sz300420,五洋自控,3.66,0.04,1.105,3.66,3.67,3.62,3.62,3.67,3.61,7029000.0,25614939.0,10:19:03
sz300421,力星股份,25.14,0.09,0.359,25.14,25.15,25.05,25.6,25.8,25.1,5010600.0,126752168.0,10:19:06
sz300422,博世科,4.52,0.0,0.0,4.52,4.53,4.52,4.54,4.56,4.47,2802500.0,12664718.0,10:19:06
sz300423,昇辉科技,8.06,-0.03,-0.371,8.05,8.06,8.09,8.11,8.11,7.93,3887600.0,31119997.0,10:19:06
sz300424,航新科技,18.09,0.14,0.78,18.07,18.09,17.95,17.95,18.3,17.89,2658400.0,47981142.0,10:19:06
sz300425,中建环能,4.87,0.03,0.62,4.86,4.87,4.84,4.84,4.87,4.8,2239539.0,10819619.0,10:19:06
sz300426,华智数媒,7.47,0.13,1.771,7.46,7.47,7.34,7.42,7.59,7.39,3367200.0,25096427.0,10:19:06
sz300427,红相股份,12.43,-0.48,-3.718,12.42,12.43,12.91,12.5,12.59,12.2,23059000.0,285354302.0,10:19:06
sz300428,立中集团,21.44,0.19,0.894,21.43,21.44,21.25,21.37,21.58,21.28,2394737.0,51468771.0,10:19:06
sz300429,强力新材,13.72,0.02,0.146,13.71,13.72,13.7,13.7,13.77,13.61,3083808.0,42190978.0,10:19:06
sz300430,诚益通,18.03,0.05,0.278,18.03,18.04,17.98,18.04,18.1,17.9,1517910.0,27271382.0,10:18:57
sz300432,富临精工,25.85,0.51,2.013,25.85,25.86,25.34,25.8,26.49,25.3,35285680.0,919325690.0,10:19:06
sz300433,蓝思科技,25.83,-3.76,-12.707,25.82,25.83,29.59,26.99,27.18,24.94,144821486.0,3709657092.0,10:19:06
sz300434,金石亚药,10.31,-0.11,-1.056,10.31,10.32,10.42,10.39,10.45,10.23,3266296.0,33657520.0,10:19:06
sz300435,中泰股份,27.26,0.37,1.376,27.25,27.26,26.89,26.89,27.42,26.63,4108314.0,111001429.0,10:19:06
sz300436,广生堂,117.5,-7.5,-6.0,117.47,117.5,125.0,120.0,121.7,116.03,6178053.0,731441954.0,10:19:06
sz300437,清水源,15.69,0.16,1.03,15.69,15.7,15.53,15.56,15.78,15.35,3538200.0,55147128.0,10:19:06
sz300438,鹏辉能源,66.04,3.15,5.009,65.97,66.04,62.89,64.11,67.37,62.99,36700591.0,2405136957.0,10:19:06
sz300439,美康生物,9.86,-0.14,-1.4,9.86,9.87,10.0,10.02,10.03,9.81,2253000.0,22225840.0,10:19:00
sz300440,运达科技,16.71,0.41,2.515,16.7,16.71,16.3,16.41,16.79,16.38,6305800.0,105053534.0,10:19:06
sz300441,鲍斯股份,7.11,0.01,0.141,7.11,7.12,7.1,7.1,7.12,7.06,745600.0,5287368.0,10:18:54
sz300442,润泽科技,94.36,4.1,4.542,94.36,94.38,90.26,90.26,94.73,90.26,32710926.0,3055185529.0,10:19:06
sz300443,金雷股份,29.83,-0.02,-0.067,29.83,29.84,29.85,29.86,30.09,29.73,2742198.0,82049566.0,10:19:06
sz300444,双杰电气,15.13,-0.24,-1.561,15.12,15.13,15.37,15.0,15.14,14.63,43374125.0,645962541.0,10:19:06
sz300445,康斯特,21.42,0.13,0.611,21.42,21.44,21.29,21.45,21.69,21.36,1355340.0,29184427.0,10:19:06
sz300446,航天智造,20.41,-0.03,-0.147,20.4,20.41,20.44,20.44,20.55,20.26,4131000.0,84085648.0,10:19:06
sz300447,全信股份,20.01,0.05,0.251,20.01,20.02,19.96,19.92,20.06,19.76,2913700.0,58026209.0,10:19:06
sz300448,浩云科技,6.57,0.03,0.459,6.56,6.57,6.54,6.55,6.59,6.5,5162295.0,33797062.0,10:19:06
sz300449,汉邦高科,7.01,0.05,0.718,7.01,7.02,6.96,7.0,7.02,6.9,1741000.0,12132586.0,10:19:06
sz300450,先导智能,53.58,0.72,1.362,53.58,53.6,52.86,53.47,54.38,52.87,26158967.0,1407076062.0,10:19:06
sz300451,创业慧康,4.6,0.03,0.656,4.59,4.6,4.57,4.59,4.64,4.55,7685830.0,35224844.0,10:19:06
sz300452,山河药辅,14.81,-0.14,-0.936,14.8,14.81,14.95,14.95,14.98,14.73,1921700.0,28477046.0,10:19:06
sz300453,三鑫医疗,9.5,-0.29,-2.962,9.49,9.5,9.79,9.78,9.8,9.48,5837171.0,55898662.0,10:19:06
sz300454,深信服,111.15,4.36,4.083,111.17,111.36,106.79,108.92,112.08,108.28,7105935.0,784564120.0,10:19:06
sz300455,航天智装,25.18,0.27,1.084,25.18,25.19,24.91,24.91,25.23,24.75,4152500.0,104102082.0,10:19:06
sz300456,赛微电子,52.57,0.15,0.286,52.57,52.58,52.42,52.09,53.28,52.08,14936789.0,788470056.0,10:19:06
sz300457,赢合科技,27.83,0.22,0.797,27.83,27.84,27.61,27.82,28.19,27.62,6489000.0,181732552.0,10:19:06
sz300458,全志科技,37.98,0.32,0.85,37.97,37.98,37.66,37.66,37.98,37.5,6689848.0,252610987.0,10:19:06
sz300459,汤姆猫,4.13,0.02,0.487,4.13,4.14,4.11,4.12,4.15,4.11,17173681.0,70855030.0,10:19:06
sz300460,ST惠伦,8.6,-0.03,-0.348,8.6,8.61,8.63,8.65,8.69,8.58,1159200.0,9976980.0,10:18:57
sz300461,田中精机,61.36,0.21,0.343,61.35,61.36,61.15,63.0,66.18,61.21,5941700.0,375870832.0,10:19:06
sz300462,ST华铭,12.78,-0.04,-0.312,12.76,12.78,12.82,12.9,12.9,12.65,706700.0,8992476.0,10:19:06
sz300463,迈克生物,10.78,-0.04,-0.37,10.77,10.78,10.82,10.83,10.84,10.74,1555400.0,16750370.0,10:19:06
sz300464,星徽股份,7.48,0.16,2.186,7.47,7.48,7.32,7.33,7.52,7.23,6040000.0,44722723.0,10:19:06
sz300465,高伟达,15.13,0.23,1.544,15.12,15.13,14.9,15.01,15.15,14.91,3302700.0,49584760.0,10:19:06
sz300466,赛摩智能,8.69,0.07,0.812,8.68,8.69,8.62,8.69,8.72,8.64,1297800.0,11255904.0,10:19:06
sz300467,迅游科技,31.4,0.82,2.681,31.37,31.4,30.58,30.75,31.44,30.41,2091400.0,64766373.0,10:19:06
sz300468,四方精创,31.78,0.2,0.633,31.78,31.79,31.58,31.95,32.08,31.46,8572543.0,272095694.0,10:19:06
sz300469,信息发展,54.63,0.52,0.961,54.61,54.64,54.11,54.99,55.98,54.0,3288598.0,181589174.0,10:19:06
sz300470,中密控股,36.59,0.17,0.467,36.59,36.6,36.42,36.42,36.79,36.0,2003900.0,72821886.0,10:19:06
sz300471,厚普股份,12.93,-0.09,-0.691,12.93,12.94,13.02,13.02,13.15,12.88,3786584.0,49098007.0,10:19:06
sz300472,*ST新元,8.09,-0.11,-1.341,8.09,8.1,8.2,8.27,8.27,8.09,1281900.0,10436302.0,10:19:06
sz300473,德尔股份,32.23,0.03,0.093,32.23,32.24,32.2,32.39,32.52,31.9,909000.0,29282838.0,10:19:03
sz300474,景嘉微,61.06,0.22,0.362,61.06,61.07,60.84,60.71,61.17,60.57,2187185.0,133215201.0,10:19:06
sz300475,香农芯创,154.6,0.66,0.429,154.6,154.65,153.94,152.41,156.68,148.66,15664596.0,2395224500.0,10:19:06
sz300476,胜宏科技,304.28,8.84,2.992,304.1,304.28,295.44,298.7,305.55,293.0,16438936.0,4904267318.0,10:19:06
sz300477,ST合纵,2.49,-0.01,-0.4,2.49,2.5,2.5,2.47,2.51,2.36,25172140.0,61490488.0,10:19:06
sz300478,杭州高新,26.54,1.35,5.359,26.52,26.54,25.19,25.28,26.6,25.28,2882200.0,74953891.0,10:19:06
sz300479,神思电子,18.99,0.24,1.28,18.98,19.0,18.75,18.78,19.03,18.77,1263600.0,23871943.0,10:19:06
sz300480,光力科技,34.26,-0.09,-0.262,34.24,34.26,34.35,34.35,34.75,33.85,7269649.0,250094022.0,10:19:06
sz300481,濮阳惠成,14.93,0.06,0.403,14.92,14.93,14.87,14.92,14.96,14.81,2070300.0,30816880.0,10:19:06
sz300482,万孚生物,17.72,-0.06,-0.337,17.71,17.72,17.78,17.8,17.81,17.65,1407400.0,24906829.0,10:19:06
sz300483,首华燃气,19.23,-0.26,-1.334,19.22,19.23,19.49,19.18,19.27,18.72,10589156.0,200797079.0,10:19:06
sz300484,蓝海华腾,17.18,0.16,0.94,17.18,17.19,17.02,17.22,17.22,16.98,884398.0,15121463.0,10:19:06
sz300485,赛升药业,11.91,0.21,1.795,11.9,11.91,11.7,11.59,12.02,11.48,14141571.0,165778326.0,10:19:06
sz300486,东杰智能,23.91,-0.17,-0.706,23.91,23.92,24.08,24.2,24.25,23.84,4000200.0,95849521.0,10:19:06
sz300487,蓝晓科技,70.07,1.04,1.507,70.02,70.07,69.03,69.22,70.29,69.05,840313.0,58564161.0,10:19:06
sz300488,恒锋工具,28.65,0.39,1.38,28.64,28.65,28.26,28.21,28.77,28.21,753414.0,21454510.0,10:19:06
sz300489,光智科技,66.13,-1.02,-1.519,66.14,66.18,67.15,67.0,67.9,65.0,2956500.0,195258691.0,10:19:06
sz300490,华自科技,19.51,0.78,4.164,19.51,19.52,18.73,18.7,19.79,18.53,18603200.0,361044546.0,10:19:15
sz300491,通合科技,26.01,0.54,2.12,25.98,26.01,25.47,25.65,26.15,25.53,3265610.0,84926504.0,10:19:15
sz300492,华图山鼎,48.9,-1.48,-2.938,48.92,48.94,50.38,50.51,50.82,48.63,1923200.0,94672650.0,10:19:15
sz300493,润欣科技,16.0,0.27,1.716,15.99,16.0,15.73,15.76,16.04,15.73,2902600.0,46051212.0,10:19:15
sz300494,盛天网络,11.72,0.1,0.861,11.71,11.73,11.62,11.65,11.75,11.62,2373100.0,27758445.0,10:19:15
sz300496,中科创达,61.68,1.16,1.917,61.68,61.69,60.52,60.98,61.79,60.95,3898400.0,239222485.0,10:19:15
sz300497,富祥药业,18.71,-0.28,-1.474,18.71,18.72,18.99,18.82,19.33,18.42,26177966.0,497000664.0,10:19:15
sz300498,温氏股份,17.03,-0.16,-0.931,17.03,17.04,17.19,17.25,17.25,16.9,18885260.0,321919742.0,10:19:15
sz300499,高澜股份,42.2,1.12,2.726,42.2,42.22,41.08,40.73,42.46,40.68,13118120.0,549284917.0,10:19:15
sz300500,启迪设计,10.43,0.06,0.579,10.43,10.44,10.37,10.39,10.48,10.29,1096800.0,11387406.0,10:19:15
sz300501,海顺新材,19.46,-0.03,-0.154,19.46,19.48,19.49,19.45,19.77,19.04,2949200.0,56879301.0,10:19:15
sz300502,新易盛,518.03,21.05,4.236,518.02,518.51,496.98,497.0,520.88,496.0,17346933.0,8842581586.0,10:19:15
sz300503,昊志机电,55.72,0.62,1.125,55.61,55.72,55.1,55.92,56.5,54.7,6519900.0,362318998.0,10:19:15
sz300504,天邑股份,15.72,0.11,0.705,15.72,15.73,15.61,15.64,15.8,15.41,2985100.0,46569480.0,10:19:15
sz300505,川金诺,27.36,0.3,1.109,27.34,27.35,27.06,27.05,27.48,26.8,6249320.0,169880293.0,10:19:15
sz300506,ST名家汇,5.11,0.04,0.789,5.1,5.11,5.07,5.08,5.17,5.05,3716885.0,18980916.0,10:18:48
sz300507,苏奥传感,8.64,0.06,0.699,8.64,8.65,8.58,8.61,8.7,8.59,3586760.0,31056884.0,10:19:15
sz300508,维宏股份,38.86,0.24,0.621,38.86,38.89,38.62,38.71,39.1,38.57,447192.0,17356166.0,10:19:12
sz300509,新美星,12.02,0.23,1.951,12.02,12.03,11.79,11.87,12.09,11.81,2543500.0,30438820.0,10:19:15
sz300510,金冠股份,4.19,0.0,0.0,4.18,4.19,4.19,4.23,4.23,4.14,5863300.0,24467985.0,10:19:15
sz300511,雪榕生物,7.06,0.0,0.0,7.05,7.06,7.06,7.04,7.09,6.97,5180825.0,36396060.0,10:19:15
sz300512,中亚股份,9.04,0.06,0.668,9.03,9.05,8.98,9.06,9.07,8.94,923800.0,8326666.0,10:19:15
sz300513,恒实科技,8.79,0.1,1.151,8.78,8.79,8.69,8.73,8.79,8.65,2116500.0,18469027.0,10:19:03
sz300514,友讯达,13.02,0.05,0.386,13.01,13.02,12.97,12.99,13.05,12.88,683000.0,8855442.0,10:19:15
sz300515,三德科技,18.23,0.03,0.165,18.22,18.23,18.2,18.35,18.46,18.1,813400.0,14830871.0,10:19:09
sz300516,久之洋,60.81,-0.22,-0.36,60.83,60.84,61.03,61.04,62.0,59.84,1698800.0,102735999.0,10:19:15
sz300517,海波重科,11.7,0.19,1.651,11.69,11.7,11.51,11.51,11.7,11.46,953300.0,10999022.0,10:19:15
sz300518,新迅达,20.84,0.27,1.313,20.82,20.84,20.57,20.56,20.99,20.35,2454910.0,51030237.0,10:19:15
sz300519,新光药业,15.17,-0.06,-0.394,15.17,15.18,15.23,15.23,15.25,14.95,847600.0,12795175.0,10:19:12
sz300520,科大国创,38.85,1.83,4.943,38.84,38.85,37.02,38.78,39.24,37.99,17432748.0,672730658.0,10:19:15
sz300521,爱司凯,26.57,0.16,0.606,26.57,26.58,26.41,26.54,26.7,26.4,511300.0,13566396.0,10:19:15
sz300522,世名科技,13.53,0.45,3.44,13.52,13.53,13.08,13.07,14.0,12.8,15481056.0,209700436.0,10:19:15
sz300523,辰安科技,21.58,0.18,0.841,21.57,21.58,21.4,21.42,21.58,21.3,365800.0,7843988.0,10:19:15
sz300525,博思软件,10.41,0.08,0.774,10.4,10.41,10.33,10.38,10.41,10.32,2874200.0,29777821.0,10:19:12
sz300527,ST应急,8.13,0.02,0.247,8.12,8.13,8.11,8.09,8.15,8.09,1771200.0,14380682.0,10:19:06
sz300528,幸福蓝海,16.9,0.24,1.441,16.9,16.91,16.66,17.05,17.52,16.82,9035571.0,154182364.0,10:19:15
sz300529,健帆生物,17.59,-0.14,-0.79,17.58,17.59,17.73,17.72,17.75,17.55,1429600.0,25191248.0,10:19:12
sz300530,领湃科技,24.5,0.21,0.865,24.5,24.52,24.29,24.52,24.7,24.12,684000.0,16730198.0,10:19:15
sz300531,优博讯,19.92,0.76,3.967,19.92,19.93,19.16,19.35,20.26,19.27,12422950.0,246001703.0,10:19:15
sz300532,今天国际,11.83,0.13,1.111,11.82,11.83,11.7,11.71,11.85,11.71,2109735.0,24891411.0,10:19:12
sz300533,冰川网络,25.15,-0.23,-0.906,25.15,25.16,25.38,25.51,25.72,24.93,3477850.0,87529165.0,10:19:15
sz300534,陇神戎发,9.5,-0.1,-1.042,9.5,9.51,9.6,9.56,9.58,9.44,2358200.0,22380408.0,10:19:15
sz300535,达威股份,19.32,0.19,0.993,19.32,19.33,19.13,19.13,19.39,18.97,511100.0,9810731.0,10:19:15
sz300536,农尚环境,7.95,0.05,0.633,7.94,7.95,7.9,8.03,8.03,7.84,1259000.0,9969667.0,10:19:09
sz300537,广信材料,22.06,0.2,0.915,22.04,22.06,21.86,21.87,22.12,21.82,840700.0,18475471.0,10:19:12
sz300538,同益股份,15.9,0.32,2.054,15.9,15.91,15.58,15.8,16.08,15.69,2010000.0,31984851.0,10:19:06
sz300539,横河精密,28.56,0.19,0.67,28.55,28.57,28.37,28.36,28.87,28.25,1923800.0,54916822.0,10:19:15
sz300540,蜀道装备,20.13,0.1,0.499,20.13,20.14,20.03,20.2,20.23,20.03,1073980.0,21597347.0,10:19:15
sz300541,先进数通,14.7,0.27,1.871,14.69,14.7,14.43,14.5,14.74,14.47,5768727.0,84578018.0,10:19:15
sz300542,新晨科技,16.27,0.06,0.37,16.27,16.28,16.21,16.21,16.29,16.12,1308900.0,21234632.0,10:19:15
sz300543,朗科智能,9.7,0.04,0.414,9.69,9.7,9.66,9.68,9.73,9.65,945500.0,9158292.0,10:19:15
sz300545,联得装备,32.6,0.07,0.215,32.59,32.6,32.53,32.52,32.71,32.08,2330100.0,75319674.0,10:19:15
sz300546,雄帝科技,21.81,0.12,0.553,21.81,21.82,21.69,21.68,21.86,21.57,797800.0,17320623.0,10:19:15
sz300547,川环科技,38.82,-0.2,-0.513,38.8,38.82,39.02,39.0,39.26,38.44,5154600.0,199899288.0,10:19:15
sz300548,长芯博创,240.27,3.47,1.465,240.14,240.27,236.8,236.67,243.57,233.45,7677894.0,1836502133.0,10:19:15
sz300549,优德精密,17.22,0.11,0.643,17.22,17.23,17.11,17.11,17.36,17.05,445200.0,7636355.0,10:19:15
sz300550,和仁科技,11.35,-0.26,-2.239,11.35,11.36,11.61,11.62,11.67,11.18,4599169.0,52115553.0,10:19:15
sz300551,古鳌科技,13.81,0.05,0.363,13.81,13.82,13.76,13.8,13.87,13.58,2865039.0,39288091.0,10:19:15
sz300552,万集科技,26.67,0.61,2.341,26.66,26.67,26.06,26.35,27.0,26.26,2836510.0,75488923.0,10:19:15
sz300553,集智股份,41.9,0.04,0.096,41.89,41.91,41.86,42.01,42.21,41.51,497800.0,20854797.0,10:19:15
sz300554,三超新材,22.6,0.2,0.893,22.59,22.6,22.4,22.53,22.68,22.13,588900.0,13206376.0,10:19:15
sz300555,ST路通,13.57,-0.01,-0.074,13.55,13.57,13.58,13.48,13.68,13.48,605400.0,8222583.0,10:19:03
sz300556,丝路视觉,17.76,0.25,1.428,17.74,17.76,17.51,17.53,17.79,17.5,788500.0,13897721.0,10:19:15
sz300557,理工光科,33.97,-0.07,-0.206,33.97,33.98,34.04,34.03,34.3,33.73,750707.0,25449641.0,10:19:15
sz300558,贝达药业,44.96,-0.74,-1.619,44.96,44.98,45.7,45.5,45.55,44.51,3751690.0,168275929.0,10:19:15
sz300559,佳发教育,15.2,0.52,3.542,15.2,15.21,14.68,14.61,15.4,14.5,12734807.0,190115401.0,10:19:15
sz300560,中富通,16.11,0.13,0.814,16.1,16.11,15.98,16.05,16.13,15.92,1971320.0,31564283.0,10:19:15
sz300561,*ST汇科,16.79,-0.49,-2.836,16.79,16.8,17.28,17.0,17.13,16.5,10215700.0,171519852.0,10:19:15
sz300562,乐心医疗,13.33,-0.02,-0.15,13.33,13.34,13.35,13.36,13.37,13.23,1323400.0,17592539.0,10:19:15
sz300563,神宇股份,32.65,0.55,1.713,32.63,32.65,32.1,32.09,32.73,32.09,946300.0,30633220.0,10:19:15
sz300564,筑博设计,14.72,0.08,0.546,14.71,14.72,14.64,14.72,14.74,14.5,503300.0,7365615.0,10:19:12
sz300565,科信技术,14.22,-0.24,-1.66,14.22,14.23,14.46,14.45,14.46,14.04,8830710.0,125096350.0,10:19:15
sz300566,激智科技,18.5,0.15,0.817,18.5,18.51,18.35,18.43,18.54,18.3,1228192.0,22629074.0,10:19:15
sz300567,精测电子,128.93,-1.39,-1.067,128.92,128.93,130.32,130.84,131.45,128.66,1731600.0,225384618.0,10:19:15
sz300568,星源材质,15.81,0.17,1.087,15.8,15.81,15.64,15.89,16.05,15.58,29955063.0,475343768.0,10:19:15
sz300569,天能重工,6.58,-0.02,-0.303,6.57,6.58,6.6,6.6,6.61,6.51,7810569.0,51237707.0,10:19:15
sz300570,太辰光,131.79,1.76,1.354,131.78,131.79,130.03,130.78,133.9,130.53,7647308.0,1010410435.0,10:19:15
sz300571,平治信息,35.79,0.95,2.727,35.79,35.8,34.84,35.42,36.73,35.42,12311800.0,444170309.0,10:19:15
sz300572,安车检测,28.71,-0.7,-2.38,28.71,28.72,29.41,29.38,29.53,28.7,2148800.0,62086983.0,10:19:15
sz300573,兴齐眼药,67.9,-0.17,-0.25,67.87,67.9,68.07,68.07,68.17,67.52,1168375.0,79204544.0,10:19:15
sz300575,中旗股份,6.02,-0.05,-0.824,6.01,6.02,6.07,6.06,6.09,5.97,4333500.0,26037049.0,10:19:12
sz300576,容大感光,35.07,0.32,0.921,35.07,35.08,34.75,34.9,35.09,34.63,1255841.0,43800091.0,10:19:12
sz300577,开润股份,18.85,0.09,0.48,18.84,18.85,18.76,18.85,18.86,18.65,237400.0,4458935.0,10:19:12
sz300578,会畅科技,21.58,0.4,1.889,21.58,21.59,21.18,21.19,21.66,21.17,2510600.0,53746502.0,10:19:12
sz300579,数字认证,26.88,0.2,0.75,26.87,26.89,26.68,26.69,26.89,26.68,776917.0,20793034.0,10:19:12
sz300580,贝斯特,26.99,0.15,0.559,26.98,26.99,26.84,26.66,27.19,26.66,5993086.0,161402655.0,10:19:12
sz300581,晨曦航空,12.83,-0.08,-0.62,12.83,12.84,12.91,12.82,12.93,12.75,2487500.0,31847677.0,10:19:09
sz300582,英飞特,12.88,0.01,0.078,12.87,12.88,12.87,12.91,13.04,12.76,2259800.0,29070236.0,10:18:54
sz300583,赛托生物,14.15,-0.11,-0.771,14.15,14.19,14.26,14.26,14.29,14.1,772900.0,10949430.0,10:19:12
sz300584,海辰药业,43.37,-0.33,-0.755,43.37,43.38,43.7,43.41,43.99,42.93,1463900.0,63430404.0,10:19:12
sz300585,奥联电子,17.5,-0.18,-1.018,17.48,17.51,17.68,17.72,17.95,17.2,3346800.0,58294797.0,10:19:09
sz300586,美联新材,10.08,0.02,0.199,10.08,10.09,10.06,10.1,10.17,10.01,5548846.0,56084176.0,10:19:12
sz300587,天铁科技,5.33,0.13,2.5,5.33,5.34,5.2,5.23,5.37,5.18,12814500.0,68030234.0,10:19:09
sz300588,熙菱信息,25.21,0.35,1.408,25.2,25.21,24.86,25.12,25.29,24.94,750800.0,18875994.0,10:19:12
sz300589,江龙船艇,16.01,-0.04,-0.249,16.0,16.02,16.05,16.06,16.15,15.87,3863800.0,61648007.0,10:19:12
sz300590,移为通信,11.74,0.06,0.514,11.73,11.74,11.68,11.67,11.75,11.63,907700.0,10603373.0,10:19:12
sz300591,万里马,6.96,0.02,0.288,6.95,6.96,6.94,6.99,6.99,6.91,1681900.0,11678385.0,10:19:12
sz300592,华凯易佰,13.1,0.21,1.629,13.1,13.11,12.89,12.88,13.18,12.82,2325060.0,30259800.0,10:19:12
sz300593,新雷能,26.94,-0.14,-0.517,26.93,26.94,27.08,26.8,27.13,26.33,8652890.0,231008924.0,10:19:12
sz300594,朗进科技,29.62,-0.53,-1.758,29.61,29.66,30.15,29.86,30.23,29.45,1286800.0,38239961.0,10:19:12
sz300595,欧普康视,14.16,-0.04,-0.282,14.16,14.17,14.2,14.21,14.29,14.11,2167380.0,30677692.0,10:19:12
sz300596,利安隆,44.0,0.61,1.406,43.98,44.0,43.39,43.66,44.12,43.36,741300.0,32504479.0,10:19:09
sz300597,吉大通信,9.34,0.1,1.082,9.34,9.35,9.24,9.26,9.36,9.2,1296200.0,12049270.0,10:19:12
sz300598,诚迈科技,37.76,0.54,1.451,37.75,37.76,37.22,37.32,37.76,37.32,967280.0,36338749.0,10:19:12
sz300599,雄塑科技,10.85,0.18,1.687,10.85,10.86,10.67,10.68,10.88,10.56,5052300.0,54087841.0,10:19:12
sz300600,国瑞科技,12.59,-0.04,-0.317,12.59,12.6,12.63,12.63,12.72,12.42,1241500.0,15602168.0,10:19:12
sz300601,康泰生物,14.21,-0.07,-0.49,14.2,14.21,14.28,14.3,14.31,14.12,3080080.0,43748342.0,10:19:12
sz300602,飞荣达,34.85,0.64,1.871,34.85,34.88,34.21,34.3,35.14,34.29,6522668.0,226527174.0,10:19:12
sz300603,立昂技术,12.05,0.18,1.516,12.04,12.05,11.87,11.87,12.19,11.83,19519401.0,235657414.0,10:19:12
sz300604,长川科技,148.59,7.38,5.226,148.49,148.59,141.21,141.22,149.6,141.22,10613312.0,1557484074.0,10:19:12
sz300605,恒锋信息,14.21,0.17,1.211,14.2,14.21,14.04,14.16,14.23,14.0,1005500.0,14187456.0,10:19:09
sz300606,金太阳,37.7,0.18,0.48,37.7,37.72,37.52,37.54,38.14,36.83,4202900.0,156900623.0,10:19:12
sz300607,拓斯达,26.03,0.21,0.813,26.02,26.04,25.82,26.15,26.35,25.94,2246900.0,58643649.0,10:19:12
sz300608,思特奇,12.97,0.34,2.692,12.96,12.97,12.63,12.65,13.61,12.6,11845700.0,154976503.0,10:19:12
sz300609,汇纳科技,37.71,1.47,4.056,37.69,37.71,36.24,36.78,37.71,36.3,2459100.0,91084051.0,10:19:12
sz300610,晨化股份,11.79,0.0,0.0,11.78,11.79,11.79,11.87,11.87,11.64,1038500.0,12186550.0,10:19:12
sz300611,美力科技,26.79,0.29,1.094,26.79,26.8,26.5,26.66,27.05,26.63,1567300.0,42042902.0,10:19:12
sz300612,宣亚国际,15.1,0.17,1.139,15.09,15.1,14.93,14.99,15.15,14.93,1887100.0,28421772.0,10:19:12
sz300613,富瀚微,43.87,0.41,0.943,43.86,43.88,43.46,43.53,44.1,43.32,1105840.0,48292018.0,10:19:12
sz300614,百川畅银,12.96,0.03,0.232,12.94,12.96,12.93,12.95,13.01,12.75,970400.0,12501287.0,10:18:51
sz300615,欣天科技,13.42,0.0,0.0,13.42,13.43,13.42,13.41,13.5,13.27,2848040.0,38012856.0,10:19:12
sz300616,尚品宅配,12.14,0.08,0.663,12.13,12.14,12.06,12.14,12.15,12.02,487500.0,5892212.0,10:19:12
sz300617,安靠智电,57.75,-1.26,-2.135,57.75,57.76,59.01,58.0,58.87,56.9,4341335.0,250942697.0,10:19:12
sz300618,寒锐钴业,45.31,-0.57,-1.242,45.3,45.31,45.88,44.4,46.03,44.21,8440183.0,380607211.0,10:19:12
sz300619,金银河,42.43,0.31,0.736,42.42,42.43,42.12,42.3,43.08,42.01,2288371.0,97419929.0,10:19:12
sz300620,光库科技,230.8,3.35,1.473,230.6,230.86,227.45,224.9,236.8,224.9,7134297.0,1659444128.0,10:19:12
sz300621,维业股份,8.14,0.02,0.246,8.14,8.15,8.12,8.13,8.19,8.01,1447100.0,11735300.0,10:19:09
sz300622,博士眼镜,24.9,0.05,0.201,24.91,24.93,24.85,24.87,25.06,24.75,1439020.0,35777223.0,10:19:12
sz300623,捷捷微电,28.58,-0.02,-0.07,28.58,28.59,28.6,28.6,28.66,28.36,3911996.0,111535896.0,10:19:12
sz300624,万兴科技,71.25,1.92,2.769,71.24,71.25,69.33,70.86,71.6,70.12,4364013.0,309275888.0,10:19:12
sz300625,三雄极光,11.64,0.03,0.258,11.65,11.66,11.61,11.61,11.69,11.54,488900.0,5676025.0,10:19:12
sz300626,华瑞股份,25.8,-0.4,-1.527,25.79,25.8,26.2,26.26,26.31,25.67,3595500.0,92988823.0,10:19:12
sz300627,华测导航,34.24,0.22,0.647,34.23,34.24,34.02,34.0,34.29,33.86,2523360.0,85941288.0,10:19:12
sz300628,亿联网络,35.76,0.47,1.332,35.74,35.76,35.29,35.55,35.86,35.4,2389900.0,85308295.0,10:19:12
sz300629,新劲刚,24.09,0.11,0.459,24.09,24.1,23.98,23.88,24.15,23.76,2656700.0,63702629.0,10:19:12
sz300631,久吾高科,27.53,0.3,1.102,27.53,27.54,27.23,27.18,27.76,27.18,1151300.0,31701061.0,10:19:09
sz300632,光莆股份,17.83,-0.18,-0.999,17.83,17.84,18.01,18.01,18.02,17.51,7790390.0,138138283.0,10:19:12
sz300633,开立医疗,27.03,0.2,0.745,27.03,27.05,26.83,26.82,27.08,26.72,1265944.0,34067088.0,10:19:12
sz300634,彩讯股份,27.81,0.89,3.306,27.81,27.82,26.92,27.35,27.87,27.09,7251105.0,199274233.0,10:19:12
sz300635,中达安,14.3,-0.45,-3.051,14.3,14.31,14.75,14.86,14.88,14.26,2350900.0,34102191.0,10:19:12
sz300636,同和药业,8.14,-0.08,-0.973,8.14,8.15,8.22,8.2,8.22,8.1,2258100.0,18357725.0,10:19:12
sz300637,扬帆新材,11.77,0.08,0.684,11.77,11.78,11.69,11.72,11.9,11.57,1801500.0,21104285.0,10:19:12
sz300638,广和通,25.48,0.58,2.329,25.48,25.49,24.9,25.01,25.5,25.0,4988729.0,125888823.0,10:19:12
sz300639,凯普生物,6.72,-0.27,-3.863,6.71,6.72,6.99,6.88,6.97,6.71,20311348.0,137680576.0,10:19:12
sz300640,德艺文创,6.85,0.02,0.293,6.85,6.86,6.83,6.84,6.87,6.78,1642200.0,11209617.0,10:19:12
sz300641,正丹股份,18.6,-0.08,-0.428,18.59,18.6,18.68,18.66,18.71,18.31,3641618.0,67345279.0,10:19:09
sz300642,透景生命,16.99,-0.07,-0.41,16.97,16.98,17.06,17.06,17.09,16.78,797600.0,13472988.0,10:19:12
sz300643,万通智控,17.97,0.18,1.012,17.97,17.98,17.79,17.92,18.03,17.85,1743800.0,31287282.0,10:19:12
sz300644,南京聚隆,30.03,0.48,1.624,30.02,30.03,29.55,29.54,30.07,29.48,725200.0,21534548.0,10:19:12
sz300645,正元智慧,17.06,0.13,0.768,17.05,17.06,16.93,16.96,17.08,16.88,701500.0,11918772.0,10:19:12
sz300647,超频三,6.41,0.15,2.396,6.41,6.42,6.26,6.25,6.47,6.21,5878450.0,37260192.0,10:19:12
sz300648,星云股份,51.93,1.03,2.024,51.93,51.94,50.9,51.48,52.49,50.72,1362943.0,70379043.0,10:19:03
sz300649,杭州园林,14.95,0.08,0.538,14.94,14.95,14.87,14.91,14.98,14.7,536400.0,7973341.0,10:19:12
sz300650,太龙股份,15.93,0.1,0.632,15.93,15.94,15.83,15.92,16.06,15.6,3153670.0,49919039.0,10:19:12
sz300651,金陵体育,30.46,-0.02,-0.066,30.45,30.46,30.48,29.71,30.65,29.3,7000991.0,209962724.0,10:19:12
sz300652,雷迪克,43.35,0.15,0.347,43.35,43.37,43.2,43.4,43.8,43.2,497600.0,21630825.0,10:19:12
sz300653,正海生物,19.83,-0.28,-1.392,19.82,19.83,20.11,20.1,20.11,19.75,633100.0,12570297.0,10:19:09
sz300654,世纪天鸿,10.97,0.4,3.784,10.96,10.97,10.57,10.57,11.03,10.57,5054700.0,54560585.0,10:19:12
sz300655,晶瑞电材,14.94,0.18,1.22,14.93,14.94,14.76,14.78,15.02,14.74,7760595.0,115564433.0,10:19:12
sz300656,民德电子,23.14,0.39,1.714,23.13,23.14,22.75,22.84,23.18,22.41,2033100.0,46273123.0,10:19:12
sz300657,弘信电子,33.66,0.86,2.622,33.66,33.67,32.8,32.8,33.88,32.8,13783547.0,461826015.0,10:19:15
sz300658,延江股份,22.07,0.06,0.273,22.07,22.08,22.01,21.75,22.4,21.33,10468093.0,227428827.0,10:19:15
sz300659,中孚信息,13.06,0.14,1.084,13.05,13.06,12.92,12.94,13.06,12.91,1279400.0,16610472.0,10:19:12
sz300660,江苏雷利,43.61,0.41,0.949,43.6,43.61,43.2,43.77,44.08,43.5,1980228.0,86571404.0,10:19:15
sz300661,圣邦股份,77.04,1.16,1.529,77.0,77.04,75.88,76.1,77.71,75.2,7144719.0,546152228.0,10:19:15
sz300662,科锐国际,24.37,0.42,1.754,24.37,24.38,23.95,24.05,24.4,23.96,1778500.0,43021649.0,10:19:15
sz300663,科蓝软件,13.32,0.19,1.447,13.31,13.32,13.13,13.19,13.32,13.11,2029167.0,26788448.0,10:19:15
sz300664,鹏鹞环保,6.08,-0.05,-0.816,6.08,6.09,6.13,6.14,6.15,6.05,6596700.0,40148093.0,10:19:15
sz300665,飞鹿股份,7.6,-0.01,-0.131,7.59,7.6,7.61,7.7,7.7,7.51,1450700.0,11006755.0,10:19:09
sz300666,江丰电子,153.58,-0.77,-0.499,153.44,153.59,154.35,154.69,155.35,150.12,2932365.0,448362389.0,10:19:15
sz300667,必创科技,18.02,0.06,0.334,18.02,18.04,17.96,17.95,18.25,17.78,2005900.0,36125796.0,10:19:15
sz300668,杰恩设计,56.46,-0.07,-0.124,56.44,56.49,56.53,55.56,56.99,54.91,2448200.0,136185686.0,10:19:12
sz300669,沪宁股份,32.12,0.17,0.532,32.1,32.12,31.95,31.95,32.5,31.73,384575.0,12307376.0,10:18:48
sz300670,大烨智能,6.32,0.0,0.0,6.32,6.33,6.32,6.33,6.38,6.26,3237200.0,20474744.0,10:19:15
sz300671,富满微,44.6,0.08,0.18,44.6,44.61,44.52,44.51,45.1,43.81,4277380.0,190535119.0,10:19:15
sz300672,国科微,164.0,-0.6,-0.365,163.8,164.0,164.6,164.5,167.4,153.0,8402154.0,1346493631.0,10:19:15
sz300673,佩蒂股份,16.24,0.06,0.371,16.23,16.24,16.18,16.17,16.33,16.04,1351703.0,21923757.0,10:19:15
sz300674,宇信科技,20.42,0.16,0.79,20.41,20.42,20.26,20.33,20.45,20.28,3035328.0,61779643.0,10:19:15
sz300675,建科院,14.85,0.07,0.474,14.84,14.85,14.78,14.92,15.03,14.69,435100.0,6439085.0,10:19:15
sz300676,华大基因,40.3,0.07,0.174,40.28,40.29,40.23,40.22,40.38,40.04,1334747.0,53634851.0,10:19:15
sz300677,英科医疗,52.6,-0.14,-0.265,52.59,52.6,52.74,52.5,52.66,50.78,7494004.0,386146799.0,10:19:15
sz300678,中科信息,28.9,0.25,0.873,28.88,28.89,28.65,28.68,28.92,28.6,1305200.0,37515794.0,10:19:15
sz300679,电连技术,41.18,0.21,0.513,41.18,41.2,40.97,41.37,41.46,40.41,6817960.0,278808232.0,10:19:15
sz300680,隆盛科技,40.55,0.16,0.396,40.54,40.55,40.39,41.13,41.38,40.36,2633300.0,107093444.0,10:19:15
sz300681,英搏尔,27.09,0.14,0.519,27.08,27.09,26.95,26.97,27.9,26.78,9110671.0,246568866.0,10:19:15
sz300682,朗新科技,16.34,0.14,0.864,16.33,16.34,16.2,16.3,16.41,16.17,4766271.0,77603990.0,10:19:15
sz300683,海特生物,35.06,-0.5,-1.406,35.06,35.07,35.56,35.4,35.57,34.76,3481830.0,122172685.0,10:19:15
sz300684,中石科技,55.33,1.17,2.16,55.27,55.32,54.16,53.43,55.48,53.4,4474857.0,243486146.0,10:19:15
sz300685,艾德生物,23.23,0.18,0.781,23.22,23.23,23.05,23.18,23.7,23.04,7280880.0,170244765.0,10:19:15
sz300686,智动力,18.66,-0.15,-0.797,18.65,18.67,18.81,18.83,18.91,18.58,3296400.0,61667577.0,10:19:15
sz300687,赛意信息,19.68,0.7,3.688,19.68,19.69,18.98,19.15,19.82,19.0,4368995.0,84908692.0,10:19:15
sz300688,创业黑马,25.07,0.33,1.334,25.07,25.08,24.74,24.86,25.07,24.75,1032298.0,25728898.0,10:19:15
sz300689,澄天伟业,47.88,0.45,0.949,47.87,47.94,47.43,47.42,48.17,47.24,561700.0,26878874.0,10:19:15
sz300690,双一科技,30.81,0.19,0.621,30.81,30.82,30.62,30.64,30.96,30.4,2336300.0,71868757.0,10:19:15
sz300691,联合光电,16.47,-0.03,-0.182,16.46,16.47,16.5,16.51,16.61,16.25,1378400.0,22582014.0,10:19:12
sz300692,中赋科技,8.44,0.05,0.596,8.43,8.44,8.39,8.43,8.48,8.3,2790721.0,23356532.0,10:19:15
sz300693,盛弘股份,50.23,0.33,0.661,50.23,50.25,49.9,50.05,50.87,49.15,6361375.0,318142584.0,10:19:15
sz300694,蠡湖股份,12.1,0.08,0.666,12.09,12.1,12.02,12.1,12.16,11.96,1006000.0,12159547.0,10:19:15
sz300695,兆丰股份,72.46,0.82,1.145,72.33,72.41,71.64,71.93,73.19,71.41,350900.0,25331254.0,10:19:15
sz300696,爱乐达,33.95,2.39,7.573,33.95,33.96,31.56,31.86,34.46,31.55,8685725.0,292968171.0,10:19:15
sz300697,电工合金,15.95,0.07,0.441,15.95,15.96,15.88,15.87,16.23,15.84,2078757.0,33229130.0,10:19:12
sz300698,万马科技,36.28,0.8,2.255,36.26,36.28,35.48,35.56,36.3,35.48,1028340.0,37034816.0,10:19:15
sz300699,光威复材,34.83,-0.17,-0.486,34.83,34.85,35.0,34.81,34.97,34.4,7556130.0,261787085.0,10:19:15
sz300700,岱勒新材,15.45,0.13,0.849,15.45,15.46,15.32,15.28,15.66,15.28,3927214.0,61034471.0,10:19:15
sz300701,森霸传感,11.81,0.05,0.425,11.81,11.82,11.76,11.74,11.84,11.65,1312900.0,15395786.0,10:19:15
sz300702,天宇股份,22.94,-0.19,-0.821,22.94,22.95,23.13,23.07,23.07,22.78,969700.0,22208833.0,10:19:12
sz300703,创源股份,20.13,0.14,0.7,20.13,20.14,19.99,19.93,20.15,19.91,1154200.0,23110115.0,10:19:15
sz300705,九典制药,14.12,-0.15,-1.051,14.11,14.12,14.27,14.29,14.31,14.08,2174200.0,30763773.0,10:19:12
sz300706,阿石创,36.84,0.32,0.876,36.84,36.85,36.52,36.52,37.05,36.37,1894900.0,69592752.0,10:19:12
sz300707,威唐工业,16.15,0.09,0.56,16.15,16.16,16.06,16.2,16.35,16.06,1421500.0,22996290.0,10:19:15
sz300708,聚灿光电,9.45,0.0,0.0,9.45,9.46,9.45,9.43,9.47,9.35,8902962.0,83724327.0,10:19:15
sz300709,精研科技,42.76,0.05,0.117,42.74,42.76,42.71,42.7,42.99,42.22,2666160.0,113237737.0,10:19:15
sz300710,万隆光电,30.08,0.73,2.487,30.06,30.07,29.35,29.35,30.24,29.22,1188000.0,35348172.0,10:19:09
sz300711,广哈通信,25.14,0.15,0.6,25.14,25.15,24.99,24.98,25.19,24.76,1535900.0,38348723.0,10:19:09
sz300712,永福股份,28.51,0.15,0.529,28.5,28.51,28.36,28.35,28.59,28.02,664173.0,18817958.0,10:19:12
sz300713,英可瑞,16.61,0.36,2.215,16.61,16.62,16.25,16.4,16.73,16.09,1346100.0,22114727.0,10:19:15
sz300715,凯伦股份,13.34,0.04,0.301,13.33,13.34,13.3,13.43,13.44,13.22,947700.0,12619047.0,10:19:15
sz300716,ST泉为,14.07,-0.11,-0.776,14.06,14.07,14.18,14.18,14.29,13.91,1407900.0,19880144.0,10:19:06
sz300717,华信新材,20.23,-0.16,-0.785,20.23,20.25,20.39,20.4,20.4,19.94,994800.0,20011983.0,10:19:15
sz300718,长盛轴承,72.06,0.46,0.642,72.06,72.15,71.6,72.29,72.68,71.65,1333187.0,96258447.0,10:19:15
sz300719,安达维尔,16.05,0.06,0.375,16.04,16.05,15.99,15.98,16.07,15.88,1326400.0,21177386.0,10:19:15
sz300720,海川智能,57.3,0.05,0.087,57.3,57.34,57.25,57.21,59.9,56.18,4142300.0,241631983.0,10:19:15
sz300721,怡达股份,14.19,0.22,1.575,14.19,14.2,13.97,13.98,14.27,13.92,1534410.0,21622978.0,10:19:12
sz300722,新余国科,30.97,0.11,0.356,30.97,30.98,30.86,30.69,31.03,30.69,993018.0,30641071.0,10:19:15
sz300723,一品红,37.08,-0.02,-0.054,37.08,37.11,37.1,36.51,37.33,35.6,11714353.0,425592789.0,10:19:15
sz300724,捷佳伟创,111.02,0.83,0.753,111.02,111.11,110.19,111.0,111.8,108.11,4762588.0,524884901.0,10:19:15
sz300725,药石科技,38.56,-0.39,-1.001,38.56,38.59,38.95,39.01,39.15,38.4,2835247.0,109346821.0,10:19:15
sz300726,宏达电子,44.15,0.14,0.318,44.14,44.15,44.01,44.02,44.3,43.8,1288500.0,56731223.0,10:19:15
sz300727,润禾材料,33.89,0.44,1.315,33.9,33.92,33.45,33.6,34.0,33.33,1158400.0,39019056.0,10:19:15
sz300729,乐歌股份,12.95,0.37,2.941,12.95,12.96,12.58,12.65,13.2,12.62,4291158.0,55866578.0,10:19:15
sz300730,科创信息,15.12,0.0,0.0,15.11,15.12,15.12,15.05,15.28,14.84,3443700.0,51709960.0,10:19:15
sz300731,科创新源,75.38,1.56,2.113,75.33,75.38,73.82,73.96,75.65,73.51,2243500.0,168048613.0,10:19:15
sz300732,设研院,6.76,0.02,0.297,6.76,6.77,6.74,6.77,6.79,6.72,1754968.0,11861263.0,10:19:15
sz300733,西菱动力,18.04,0.0,0.0,18.03,18.04,18.04,18.04,18.19,17.93,1522700.0,27516076.0,10:19:15
sz300735,光弘科技,22.35,0.11,0.495,22.35,22.36,22.24,22.24,22.45,22.2,2125000.0,47449364.0,10:19:15
sz300736,百邦科技,19.65,-0.17,-0.858,19.64,19.65,19.82,19.7,19.89,19.24,3038300.0,59120883.0,10:19:09
sz300737,科顺股份,6.26,0.03,0.482,6.25,6.26,6.23,6.26,6.33,6.16,6135133.0,38322251.0,10:19:15
sz300738,奥飞数据,24.48,1.08,4.615,24.47,24.48,23.4,23.6,24.71,23.52,54007603.0,1310177564.0,10:19:15
sz300739,明阳电路,29.01,-0.58,-1.96,29.0,29.01,29.59,29.2,29.56,28.79,12787393.0,371170083.0,10:19:15
sz300740,水羊股份,21.51,0.25,1.176,21.51,21.52,21.26,21.25,21.53,21.25,2061310.0,44116977.0,10:19:15
sz300741,华宝股份,17.15,-0.6,-3.38,17.14,17.15,17.75,17.52,17.52,17.01,4459652.0,76790554.0,10:19:15
sz300743,天地数码,17.91,0.11,0.618,17.9,17.91,17.8,17.82,17.96,17.78,576100.0,10301628.0,10:19:15
sz300745,欣锐科技,26.02,0.18,0.697,26.01,26.02,25.84,25.84,26.25,25.72,967950.0,25181526.0,10:19:12
sz300746,汉嘉数智,13.35,-0.05,-0.373,13.34,13.35,13.4,13.4,13.5,13.22,789600.0,10534121.0,10:19:12
sz300747,锐科激光,32.71,0.36,1.113,32.71,32.72,32.35,32.34,32.95,32.05,6732497.0,218454248.0,10:19:15
sz300748,金力永磁,32.47,0.35,1.09,32.46,32.47,32.12,32.3,32.6,32.11,7836953.0,254007484.0,10:19:15
sz300749,顶固集创,24.88,-1.4,-5.327,24.87,24.88,26.28,26.27,26.62,24.86,6799500.0,175884374.0,10:19:15
sz300750,宁德时代,449.65,18.65,4.327,449.65,449.66,431.0,441.0,460.0,433.02,36045778.0,16123374168.0,10:19:15
sz300751,迈为股份,227.6,4.43,1.985,227.03,227.58,223.17,225.0,231.98,215.05,5710432.0,1281362685.0,10:19:12
sz300752,隆利科技,20.01,0.25,1.265,20.01,20.02,19.76,19.75,20.22,19.52,6466539.0,128707573.0,10:19:15
sz300753,爱朋医疗,28.15,0.01,0.036,28.15,28.18,28.14,28.16,28.29,27.8,1090399.0,30533700.0,10:19:15
sz300755,华致酒行,13.22,0.08,0.609,13.22,13.23,13.14,13.14,13.25,13.12,881600.0,11601885.0,10:19:12
sz300756,金马游乐,48.33,1.23,2.611,48.33,48.37,47.1,47.11,48.7,47.09,1305696.0,62587897.0,10:19:12
sz300757,罗博特科,489.4,-1.36,-0.277,489.4,489.46,490.76,488.0,493.99,477.0,2015829.0,982875840.0,10:19:15
sz300758,七彩化学,13.84,0.16,1.17,13.83,13.84,13.68,13.69,13.9,13.67,2947300.0,40781631.0,10:19:15
sz300759,康龙化成,31.37,0.07,0.224,31.37,31.38,31.3,31.15,31.4,30.88,12511686.0,389156427.0,10:19:15
sz300760,迈瑞医疗,160.34,0.04,0.025,160.31,160.33,160.3,160.32,160.86,159.56,1905661.0,304931206.0,10:19:15
sz300761,立华股份,21.65,-0.31,-1.412,21.65,21.66,21.96,21.98,22.05,21.49,4216260.0,91273115.0,10:19:12
sz300762,上海瀚讯,39.49,0.36,0.92,39.48,39.49,39.13,39.13,39.78,38.99,11057612.0,435044513.0,10:19:15
sz300763,锦浪科技,92.71,0.48,0.52,92.66,92.7,92.23,93.13,94.15,91.5,7026916.0,653311929.0,10:19:15
sz300765,新诺威,33.64,-0.33,-0.971,33.64,33.68,33.97,33.53,34.1,33.0,5282635.0,177110180.0,10:19:15
sz300766,每日互动,36.65,0.65,1.806,36.65,36.66,36.0,36.1,36.98,36.1,11335323.0,416128064.0,10:19:15
sz300767,震安科技,23.25,1.05,4.73,23.23,23.25,22.2,22.11,23.6,22.11,8997148.0,208433920.0,10:19:12
sz300768,迪普科技,17.13,0.18,1.062,17.12,17.13,16.95,17.17,17.24,17.06,2917078.0,49969594.0,10:19:15
sz300769,德方纳米,47.95,1.93,4.194,47.94,47.95,46.02,46.89,49.2,46.42,16465824.0,794378782.0,10:19:12
sz300770,新媒股份,40.49,0.33,0.822,40.48,40.49,40.16,40.18,40.54,40.17,984106.0,39772970.0,10:19:15
sz300771,智莱科技,13.89,0.02,0.144,13.89,13.9,13.87,13.88,13.92,13.76,1465890.0,20285177.0,10:19:12
sz300772,运达股份,16.2,0.23,1.44,16.2,16.21,15.97,15.92,16.38,15.73,11316302.0,182101157.0,10:19:15
sz300773,拉卡拉,25.15,0.08,0.319,25.15,25.16,25.07,25.19,25.3,24.78,13274360.0,332475036.0,10:19:15
sz300774,倍杰特,17.65,0.19,1.088,17.65,17.66,17.46,17.58,18.06,17.3,4917860.0,86688821.0,10:19:12
sz300775,三角防务,37.55,-0.23,-0.609,37.54,37.56,37.78,37.8,37.8,36.98,9834365.0,366811643.0,10:19:12
sz300776,帝尔激光,83.0,2.58,3.208,83.0,83.03,80.42,81.0,84.28,80.1,5030815.0,415953911.0,10:19:15
sz300777,中简科技,31.73,-4.63,-12.734,31.73,31.75,36.36,32.73,32.98,31.33,24951583.0,796080701.0,10:19:15
sz300778,新城市,12.58,0.09,0.721,12.56,12.58,12.49,12.54,12.59,12.42,1111272.0,13899031.0,10:19:12
sz300779,惠城环保,89.5,0.35,0.393,89.48,89.5,89.15,89.02,90.0,88.3,1308108.0,116784863.0,10:19:15
sz300780,德恩精工,24.02,-0.2,-0.826,24.01,24.02,24.22,24.01,24.39,23.76,3459485.0,83102819.0,10:19:12
sz300781,因赛集团,35.96,0.56,1.582,35.95,35.96,35.4,35.39,36.1,35.38,1579053.0,56668810.0,10:19:15
sz300782,卓胜微,102.77,1.34,1.321,102.77,102.79,101.43,101.43,103.66,99.81,8562537.0,869379113.0,10:19:15
sz300783,三只松鼠,18.59,0.1,0.541,18.58,18.59,18.49,18.48,18.59,18.38,1384500.0,25585621.0,10:19:15
sz300784,利安科技,49.89,0.05,0.1,49.89,49.91,49.84,49.83,50.38,49.55,227800.0,11330739.0,10:19:09
sz300785,值得买,51.14,1.15,2.3,51.14,51.15,49.99,50.48,51.62,50.3,5648250.0,288089242.0,10:19:15
sz300786,国林科技,14.74,0.06,0.409,14.74,14.75,14.68,14.77,14.78,14.61,920500.0,13528419.0,10:19:12
sz300787,海能实业,12.18,-0.02,-0.164,12.18,12.19,12.2,12.25,12.25,12.06,985400.0,11942488.0,10:19:12
sz300788,中信出版,32.51,-0.87,-2.606,32.48,32.52,33.38,32.99,33.46,32.42,2928600.0,96175077.0,10:19:15
sz300789,唐源电气,21.38,0.2,0.944,21.37,21.38,21.18,21.25,21.5,21.1,427401.0,9108908.0,10:19:06
sz300790,宇瞳光学,29.5,-0.12,-0.405,29.5,29.51,29.62,29.62,29.74,29.05,6337300.0,186723772.0,10:19:12
sz300791,仙乐健康,21.27,-0.31,-1.437,21.27,21.32,21.58,21.5,21.6,21.1,1796460.0,38298052.0,10:19:12
sz300792,壹网壹创,35.6,0.81,2.328,35.6,35.61,34.79,34.79,35.78,34.79,2975271.0,105456176.0,10:19:15
sz300793,佳禾智能,14.29,0.09,0.634,14.28,14.29,14.2,14.3,14.35,14.19,1047760.0,14931725.0,10:19:15
sz300795,米奥会展,11.72,0.06,0.515,11.71,11.72,11.66,11.75,11.75,11.56,1023860.0,11903064.0,10:19:15
sz300796,贝斯美,9.0,-0.03,-0.332,9.0,9.01,9.03,9.02,9.05,8.96,1229300.0,11061045.0,10:19:12
sz300797,钢研纳克,15.34,0.11,0.722,15.33,15.34,15.23,15.29,15.36,15.18,1409732.0,21539593.0,10:19:12
sz300798,锦鸡股份,11.89,0.71,6.351,11.87,11.89,11.18,11.29,11.95,11.08,41317436.0,478918223.0,10:19:15
sz300800,力合科技,11.8,0.06,0.511,11.79,11.81,11.74,11.73,11.83,11.64,820500.0,9623561.0,10:19:12
sz300801,泰和科技,26.6,0.22,0.834,26.6,26.63,26.38,26.48,26.78,26.18,1487400.0,39467840.0,10:19:15
sz300802,矩子科技,18.92,0.1,0.531,18.92,18.93,18.82,18.82,18.95,18.69,757380.0,14257007.0,10:19:15
sz300803,指南针,100.71,-0.61,-0.602,100.71,100.74,101.32,100.1,100.8,97.57,9410602.0,937973856.0,10:19:15
sz300804,广康生化,47.33,-0.25,-0.525,47.33,47.37,47.58,47.95,47.95,47.11,731475.0,34646898.0,10:19:15
sz300805,电声股份,10.38,0.11,1.071,10.37,10.38,10.27,10.3,10.4,10.26,2081600.0,21536383.0,10:19:12
sz300806,斯迪克,52.57,0.62,1.193,52.57,52.66,51.95,51.34,52.98,51.32,7759399.0,404283742.0,10:19:15
sz300807,天迈科技,54.4,0.8,1.493,54.35,54.39,53.6,53.39,54.66,52.88,740700.0,39886341.0,10:19:15
sz300808,久量股份,24.44,-0.46,-1.847,24.43,24.44,24.9,25.03,25.03,24.28,988800.0,24250197.0,10:19:15
sz300809,华辰装备,33.25,0.15,0.453,33.25,33.27,33.1,33.27,33.42,33.19,724700.0,24122743.0,10:19:09
sz300810,中科海讯,32.59,0.15,0.462,32.59,32.6,32.44,32.43,32.68,32.18,627100.0,20343357.0,10:19:15
sz300811,铂科新材,84.5,1.25,1.502,84.38,84.48,83.25,83.81,84.8,83.0,1908632.0,160524063.0,10:19:12
sz300812,易天股份,41.23,0.13,0.316,41.23,41.24,41.1,40.8,42.4,40.68,6997402.0,290355043.0,10:19:12
sz300813,泰林生物,27.76,-0.06,-0.216,27.75,27.76,27.82,27.8,28.05,27.51,1102000.0,30585323.0,10:19:12
sz300814,中富电路,99.61,1.55,1.581,99.6,99.61,98.06,97.74,100.88,97.5,3993791.0,397847550.0,10:19:12
sz300815,玉禾田,21.18,0.2,0.953,21.18,21.19,20.98,21.0,21.22,21.0,852800.0,18011259.0,10:19:15
sz300816,艾可蓝,66.16,0.16,0.242,66.17,66.34,66.0,66.0,66.58,64.98,575500.0,37879022.0,10:19:06
sz300817,双飞集团,20.25,-0.6,-2.878,20.25,20.26,20.85,20.87,20.99,20.23,3319271.0,67862203.0,10:19:12
sz300818,耐普矿机,34.69,0.13,0.376,34.69,34.7,34.56,34.81,34.9,33.85,2171465.0,74703317.0,10:19:12
sz300819,聚杰微纤,50.68,0.45,0.896,50.62,50.68,50.23,50.8,52.5,49.68,3047000.0,155490520.0,10:19:15
sz300820,英杰电气,46.99,0.26,0.556,46.99,47.02,46.73,46.88,47.15,46.45,783919.0,36670431.0,10:19:09
sz300821,东岳硅材,13.56,0.06,0.444,13.55,13.56,13.5,13.49,13.69,13.4,16099801.0,218459298.0,10:19:12
sz300822,贝仕达克,14.03,0.08,0.573,14.03,14.06,13.95,13.94,14.07,13.86,346300.0,4834695.0,10:19:12
sz300823,建科智能,16.05,0.09,0.564,16.04,16.05,15.96,16.06,16.13,15.81,531900.0,8483136.0,10:19:09
sz300824,北鼎股份,10.35,-0.01,-0.097,10.34,10.35,10.36,10.41,10.42,10.3,1126550.0,11645916.0,10:19:15
sz300825,阿尔特,8.94,0.14,1.591,8.94,8.95,8.8,8.88,8.99,8.84,2646600.0,23587365.0,10:19:12
sz300826,测绘股份,16.62,0.04,0.241,16.61,16.62,16.58,16.58,16.68,16.52,551263.0,9151786.0,10:19:09
sz300827,上能电气,38.03,0.61,1.63,38.03,38.05,37.42,37.75,38.4,37.25,9662126.0,366875778.0,10:19:15
sz300828,锐新科技,21.59,-0.28,-1.28,21.58,21.59,21.87,21.86,22.0,21.52,2864500.0,62133269.0,10:19:15
sz300829,金丹科技,18.04,-0.1,-0.551,18.04,18.05,18.14,18.17,18.23,17.85,1749400.0,31426446.0,10:19:15
sz300830,金现代,11.08,0.26,2.403,11.08,11.09,10.82,10.81,11.1,10.81,7863900.0,86349913.0,10:19:15
sz300831,派瑞股份,16.87,0.04,0.238,16.87,16.88,16.83,16.85,16.95,16.58,4686700.0,78542744.0,10:19:15
sz300832,新产业,46.14,0.18,0.392,46.14,46.18,45.96,46.25,47.0,45.96,2195631.0,101725523.0,10:19:15
sz300833,浩洋股份,33.74,0.49,1.474,33.74,33.75,33.25,33.33,33.75,33.11,263039.0,8798465.0,10:19:15
sz300834,星辉环材,41.58,0.14,0.338,41.57,41.58,41.44,41.6,42.49,40.78,4110337.0,170816488.0,10:19:15
sz300835,龙磁科技,93.75,2.06,2.247,93.75,93.76,91.69,91.53,94.38,91.06,1606600.0,149870972.0,10:19:15
sz300836,佰奥智能,61.96,-0.15,-0.242,61.96,61.97,62.11,62.39,63.06,61.68,527581.0,32890420.0,10:19:15
sz300837,浙矿股份,36.11,-0.11,-0.304,36.11,36.12,36.22,36.56,36.56,35.65,457200.0,16479674.0,10:19:15
sz300838,浙江力诺,14.9,0.01,0.067,14.88,14.9,14.89,15.0,15.0,14.65,676100.0,10011392.0,10:19:15
sz300839,博汇股份,14.86,-0.21,-1.393,14.86,14.87,15.07,15.1,15.15,14.75,4725163.0,70302162.0,10:19:15
sz300840,酷特智能,19.91,1.39,7.505,19.91,19.92,18.52,19.31,20.28,19.31,10880595.0,214666332.0,10:19:15
sz300841,康华生物,59.25,-0.62,-1.036,59.25,59.26,59.87,59.86,59.86,59.01,518275.0,30700656.0,10:19:12
sz300842,帝科股份,86.14,1.91,2.268,86.13,86.16,84.23,84.26,86.53,82.82,1995535.0,168673504.0,10:19:15
sz300843,胜蓝股份,67.56,3.0,4.647,67.55,67.59,64.56,65.5,68.0,65.0,4645900.0,311306042.0,10:19:15
sz300844,山水比德,33.7,-0.22,-0.649,33.7,33.71,33.92,34.04,34.12,33.4,220300.0,7415656.0,10:19:15
sz300845,捷安高科,12.83,-0.09,-0.697,12.83,12.84,12.92,13.01,13.09,12.75,1890793.0,24254430.0,10:19:15
sz300846,首都在线,30.89,0.98,3.276,30.85,30.88,29.91,30.01,31.22,30.0,23951479.0,735611250.0,10:19:15
sz300847,中船汉光,15.63,0.01,0.064,15.62,15.63,15.62,15.67,15.68,15.57,1181500.0,18468843.0,10:19:15
sz300848,美瑞新材,14.85,-0.01,-0.067,14.85,14.86,14.86,14.86,14.98,14.77,1165055.0,17296641.0,10:19:15
sz300849,锦盛新材,20.75,0.6,2.978,20.69,20.73,20.15,20.25,21.2,20.07,775200.0,15884105.0,10:19:15
sz300850,新强联,42.33,-0.41,-0.959,42.33,42.34,42.74,42.73,42.88,42.16,4796319.0,203634243.0,10:19:15
sz300851,交大思诺,28.57,0.08,0.281,28.56,28.58,28.49,28.68,28.68,28.23,204200.0,5806593.0,10:19:15
sz300852,四会富仕,42.82,0.49,1.158,42.82,42.88,42.33,42.41,43.44,42.01,1522740.0,64781052.0,10:19:15
sz300853,申昊科技,22.33,1.28,6.081,22.33,22.34,21.05,21.06,22.38,20.82,3068400.0,67107501.0,10:19:15
sz300854,中兰环保,28.03,-0.53,-1.856,28.03,28.04,28.56,28.41,28.64,27.57,3549298.0,99162229.0,10:19:09
sz300855,图南股份,44.19,1.05,2.434,44.16,44.19,43.14,43.0,44.44,42.84,2195346.0,96229100.0,10:19:15
sz300856,科思股份,12.5,0.02,0.16,12.49,12.5,12.48,12.5,12.57,12.45,592620.0,7398338.0,10:19:15
sz300857,协创数据,301.86,21.17,7.542,301.8,301.86,280.69,282.0,308.68,282.0,17295513.0,5140220747.0,10:19:15
sz300858,科拓生物,20.4,-0.93,-4.36,20.39,20.4,21.33,20.51,21.0,19.68,13174928.0,267062718.0,10:19:15
sz300859,西域旅游,34.63,0.17,0.493,34.63,34.64,34.46,34.3,34.77,34.19,1886800.0,64843465.0,10:19:15
sz300860,锋尚文化,23.69,0.09,0.381,23.68,23.69,23.6,23.6,23.75,23.51,295120.0,6971134.0,10:19:12
sz300861,美畅股份,16.62,0.16,0.972,16.62,16.63,16.46,16.46,16.72,16.4,2845379.0,47073927.0,10:19:12
sz300862,蓝盾光电,22.59,0.03,0.133,22.57,22.59,22.56,22.56,22.78,22.3,875040.0,19639495.0,10:19:15
sz300863,卡倍亿,58.69,-1.0,-1.675,58.71,58.84,59.69,59.93,60.5,58.0,1761396.0,103485554.0,10:19:15
sz300864,南大环境,20.31,-0.03,-0.147,20.3,20.32,20.34,20.33,20.4,20.19,254700.0,5162342.0,10:19:12
sz300865,大宏立,26.93,0.36,1.355,26.92,26.93,26.57,26.56,26.93,26.5,366500.0,9793324.0,10:19:15
sz300866,安克创新,115.08,3.23,2.888,115.04,115.08,111.85,113.0,118.1,112.0,4385857.0,508126935.0,10:19:15
sz300867,圣元环保,19.82,-0.02,-0.101,19.8,19.82,19.84,19.88,19.88,19.66,1574053.0,31067886.0,10:19:15
sz300868,杰美特,77.18,1.16,1.526,77.18,77.24,76.02,76.5,79.21,75.41,2039730.0,157887032.0,10:19:15
sz300869,康泰医学,13.19,-0.18,-1.346,13.19,13.2,13.37,13.35,13.41,13.17,1525654.0,20186561.0,10:19:15
sz300870,欧陆通,356.6,18.6,5.503,356.0,356.6,338.0,343.46,364.0,343.46,2704332.0,964411860.0,10:19:15
sz300871,回盛生物,27.8,0.34,1.238,27.8,27.81,27.46,27.25,28.27,27.01,11392415.0,315827533.0,10:19:15
sz300872,天阳科技,16.45,0.17,1.044,16.44,16.45,16.28,16.27,16.47,16.25,1989104.0,32524231.0,10:19:15
sz300873,海晨股份,22.4,0.24,1.083,22.39,22.4,22.16,22.25,22.43,22.2,700800.0,15631550.0,10:19:15
sz300875,捷强装备,40.35,-0.63,-1.537,40.35,40.36,40.98,40.91,40.98,39.8,2044861.0,82177490.0,10:19:09
sz300876,蒙泰高新,25.73,0.18,0.705,25.73,25.75,25.55,25.54,25.8,25.45,380943.0,9754717.0,10:19:15
sz300877,金春股份,27.84,-0.05,-0.179,27.84,27.86,27.89,28.0,28.02,27.5,613564.0,17059748.0,10:19:12
sz300878,维康药业,26.58,-0.87,-3.169,26.57,26.58,27.45,27.42,27.42,26.56,634500.0,16954803.0,10:19:15
sz300879,大叶股份,24.36,0.35,1.458,24.35,24.36,24.01,24.0,24.48,23.87,1045900.0,25255471.0,10:19:15
sz300880,迦南智能,22.79,-0.32,-1.385,22.79,22.8,23.11,22.89,23.01,22.3,5728417.0,130130443.0,10:19:15
sz300881,盛德鑫泰,46.03,0.56,1.232,45.99,46.03,45.47,45.46,46.18,44.6,1107072.0,50272889.0,10:19:15
sz300882,万胜智能,22.81,-0.1,-0.436,22.81,22.82,22.91,22.98,23.05,22.55,1296000.0,29494088.0,10:19:12
sz300883,龙利得,6.64,0.02,0.302,6.64,6.65,6.62,6.61,6.69,6.59,6291100.0,41826181.0,10:19:06
sz300884,狄耐克,13.52,0.08,0.595,13.52,13.53,13.44,13.46,13.58,13.38,1015700.0,13678563.0,10:19:15
sz300885,海昌新材,24.25,-0.01,-0.041,24.25,24.27,24.26,24.4,24.57,23.96,2243900.0,54198923.0,10:19:15
sz300886,华业香料,27.66,0.23,0.838,27.66,27.67,27.43,27.45,27.75,27.15,488600.0,13442789.0,10:19:00
sz300887,谱尼测试,9.99,0.03,0.301,9.98,9.99,9.96,9.99,10.04,9.88,2464090.0,24461211.0,10:19:15
sz300888,稳健医疗,33.82,-0.04,-0.118,33.82,33.85,33.86,33.9,34.25,33.65,1903835.0,64522077.0,10:19:15
sz300889,爱克股份,25.91,0.03,0.116,25.91,25.93,25.88,25.9,26.19,25.73,769465.0,19918935.0,10:19:15
sz300890,翔丰华,32.06,0.72,2.297,32.04,32.06,31.34,31.39,32.51,31.36,3995192.0,128066469.0,10:19:15
sz300891,惠云钛业,8.47,0.26,3.167,8.46,8.48,8.21,8.24,8.56,8.18,3709900.0,31091314.0,10:19:15
sz300892,品渥食品,28.17,0.37,1.331,28.16,28.17,27.8,27.8,28.28,27.41,627400.0,17457309.0,10:19:15
sz300893,松原安全,22.64,-0.09,-0.396,22.63,22.64,22.73,22.74,22.98,22.45,1017752.0,23001891.0,10:19:06
sz300894,火星人,10.0,0.02,0.2,9.99,10.0,9.98,10.02,10.04,9.94,651800.0,6508917.0,10:19:03
sz300895,铜牛信息,62.14,2.0,3.326,62.05,62.14,60.14,60.5,63.55,60.31,8227079.0,512327759.0,10:19:15
sz300896,爱美客,115.85,0.12,0.104,115.82,115.85,115.73,115.72,116.19,115.1,696737.0,80533223.0,10:19:15
sz300897,山科智能,24.93,0.24,0.972,24.93,24.94,24.69,24.7,25.15,24.6,531072.0,13238744.0,10:19:09
sz300898,熊猫乳品,23.96,0.31,1.311,23.93,23.96,23.65,23.65,24.12,23.22,3131600.0,73908460.0,10:19:15
sz300899,*ST凯鑫,38.83,-0.18,-0.461,38.83,38.9,39.01,39.0,39.3,38.38,159100.0,6171106.0,10:18:30
sz300900,广联航空,42.08,0.68,1.643,42.08,42.1,41.4,40.57,42.23,40.06,18377151.0,753865057.0,10:19:15
sz300901,中胤时尚,14.58,-0.49,-3.251,14.58,14.59,15.07,15.24,15.26,14.07,3473300.0,50696564.0,10:19:12
sz300902,国安达,17.72,0.11,0.625,17.72,17.73,17.61,17.68,17.78,17.5,652660.0,11500749.0,10:19:12
sz300903,科翔股份,39.77,0.01,0.025,39.77,39.78,39.76,39.21,40.49,39.1,15863468.0,628979735.0,10:19:15
sz300904,威力传动,58.81,-0.2,-0.339,58.8,58.87,59.01,59.42,59.96,58.66,161800.0,9551789.0,10:19:15
sz300905,宝丽迪,46.32,7.72,20.0,46.32,0.0,38.6,41.99,46.32,41.99,9140012.0,412905278.0,10:19:15
sz300906,日月明,32.71,0.26,0.801,32.72,32.75,32.45,32.65,33.43,32.4,691900.0,22797313.0,10:19:12
sz300907,康平科技,28.32,0.16,0.568,28.3,28.32,28.16,28.15,28.37,28.05,280000.0,7905295.0,10:18:00
sz300908,仲景食品,28.69,0.11,0.385,28.69,28.71,28.58,28.58,28.83,28.48,544425.0,15619507.0,10:19:06
sz300909,汇创达,40.7,-0.31,-0.756,40.7,40.71,41.01,40.77,41.24,40.53,811700.0,33081041.0,10:19:06
sz300910,瑞丰新材,48.25,-0.16,-0.331,48.23,48.25,48.41,48.55,48.55,47.81,1103299.0,53029890.0,10:19:06
sz300911,亿田智能,34.35,1.5,4.566,34.34,34.37,32.85,32.8,34.91,32.68,3862312.0,131748190.0,10:19:06
sz300912,凯龙高科,25.71,0.3,1.181,25.71,25.72,25.41,25.45,25.77,25.07,1684300.0,42655831.0,10:19:06
sz300913,兆龙互连,53.17,0.1,0.188,53.15,53.17,53.07,53.0,53.44,52.66,1682760.0,89174645.0,10:19:06
sz300915,海融科技,22.63,-0.02,-0.088,22.63,22.64,22.65,22.64,22.7,22.4,183100.0,4124527.0,10:19:06
sz300916,朗特智能,31.16,0.03,0.096,31.15,31.16,31.13,31.19,31.4,30.93,675747.0,21017180.0,10:19:06
sz300917,特发服务,33.0,-0.31,-0.931,33.0,33.01,33.31,33.31,33.5,32.91,1738177.0,57565544.0,10:19:06
sz300918,南山智尚,14.55,-0.33,-2.218,14.54,14.56,14.88,14.75,15.03,14.5,6402109.0,93850238.0,10:19:06
sz300919,中伟新材,56.67,0.8,1.432,56.68,56.69,55.87,56.32,57.44,55.43,8539494.0,483750583.0,10:19:06
sz300920,润阳科技,39.56,0.06,0.152,39.51,39.6,39.5,40.2,40.2,39.11,325100.0,12832151.0,10:19:06
sz300921,南凌科技,26.25,0.69,2.7,26.23,26.24,25.56,25.7,26.35,25.65,3894900.0,101384315.0,10:19:06
sz300922,天秦装备,19.85,-0.08,-0.401,19.84,19.85,19.93,19.77,19.89,19.54,1328980.0,26168577.0,10:19:03
sz300923,研奥股份,26.93,0.08,0.298,26.92,26.93,26.85,26.88,27.01,26.62,266700.0,7153138.0,10:19:03
sz300925,法本信息,18.38,0.31,1.716,18.38,18.41,18.07,18.15,18.43,18.15,2422600.0,44332535.0,10:19:06
sz300926,博俊科技,25.58,0.06,0.235,25.57,25.58,25.52,25.75,25.79,25.48,1083600.0,27726585.0,10:19:03
sz300927,江天化学,29.89,-0.21,-0.698,29.89,29.91,30.1,29.99,30.24,29.51,1421459.0,42444986.0,10:19:06
sz300928,华安鑫创,30.5,1.8,6.272,30.5,30.53,28.7,29.48,32.2,29.48,2221966.0,67394702.0,10:19:06
sz300929,华骐环保,12.56,0.05,0.4,12.54,12.56,12.51,12.5,12.58,12.31,955800.0,11893728.0,10:18:51
sz300930,屹通新材,30.25,0.52,1.749,30.22,30.29,29.73,29.94,30.28,29.73,315800.0,9470127.0,10:19:06
sz300931,通用电梯,12.92,0.21,1.652,12.92,12.93,12.71,12.71,13.01,12.62,1465500.0,18774149.0,10:18:57
sz300932,三友联众,13.87,-0.07,-0.502,13.87,13.88,13.94,14.1,14.18,13.8,4311800.0,60084817.0,10:19:06
sz300933,中辰股份,7.94,-0.01,-0.126,7.94,7.95,7.95,7.91,7.97,7.79,4914200.0,38647221.0,10:19:06
sz300935,盈建科,31.08,0.47,1.535,31.08,31.13,30.61,31.09,31.3,30.35,511760.0,15760243.0,10:19:06
sz300936,中英科技,69.68,3.48,5.257,69.61,69.86,66.2,66.4,70.59,65.2,2853645.0,193633790.0,10:19:06
sz300937,药易购,30.42,-0.89,-2.843,30.41,30.42,31.31,31.0,31.05,30.08,2115922.0,64318672.0,10:19:06
sz300938,信测标准,45.71,0.16,0.351,45.71,45.72,45.55,45.99,46.0,44.67,3608309.0,163504021.0,10:19:06
sz300939,秋田微,40.35,0.42,1.052,40.31,40.35,39.93,40.09,40.51,39.6,1649550.0,65968157.0,10:19:06
sz300940,南极光,23.64,0.4,1.721,23.63,23.65,23.24,23.23,23.7,23.08,1615889.0,38038304.0,10:19:06
sz300941,创识科技,20.16,0.16,0.8,20.16,20.17,20.0,20.12,20.21,20.0,538900.0,10826235.0,10:19:06
sz300942,易瑞生物,8.44,0.0,0.0,8.44,8.45,8.44,8.47,8.47,8.35,2070200.0,17382166.0,10:19:06
sz300943,春晖智控,30.76,-0.26,-0.838,30.77,30.78,31.02,31.19,31.51,30.56,4681403.0,145110156.0,10:19:06
sz300945,曼卡龙,15.69,0.04,0.256,15.68,15.69,15.65,15.65,15.75,15.5,2004800.0,31306884.0,10:19:06
sz300946,恒而达,46.22,0.29,0.631,46.22,46.24,45.93,45.92,46.47,45.92,184750.0,8532102.0,10:19:06
sz300947,德必集团,16.68,-0.03,-0.18,16.67,16.71,16.71,16.8,16.84,16.58,798180.0,13294826.0,10:19:06
sz300948,冠中生态,18.96,0.03,0.158,18.95,18.96,18.93,18.92,19.0,18.6,570000.0,10740566.0,10:19:06
sz300949,奥雅股份,37.62,0.41,1.102,37.59,37.64,37.21,37.76,37.76,36.94,204875.0,7644985.0,10:18:54
sz300950,德固特,21.4,0.03,0.14,21.4,21.41,21.37,21.55,21.55,21.21,375450.0,8021252.0,10:19:00
sz300951,博硕科技,37.9,0.47,1.256,37.87,37.92,37.43,37.38,38.1,37.23,774500.0,29179944.0,10:19:03
sz300952,恒辉安防,37.94,0.88,2.375,37.96,37.99,37.06,38.01,39.72,37.46,3202300.0,122259274.0,10:19:06
sz300953,震裕科技,202.53,13.69,7.25,202.5,202.53,188.84,196.01,207.8,193.67,7610456.0,1526138373.0,10:19:06
sz300955,嘉亨家化,38.2,0.38,1.005,38.17,38.2,37.82,37.82,38.27,37.37,643700.0,24445166.0,10:19:00
sz300956,英力股份,15.03,0.12,0.805,15.03,15.04,14.91,14.93,15.06,14.81,862920.0,12890062.0,10:19:00
sz300957,贝泰妮,36.67,-0.12,-0.326,36.66,36.67,36.79,36.8,36.9,36.47,1921762.0,70381735.0,10:19:06
sz300958,建工修复,13.02,-0.09,-0.686,13.01,13.03,13.11,13.11,13.11,12.86,1121800.0,14548356.0,10:19:03
sz300959,线上线下,82.02,-0.48,-0.582,82.01,82.04,82.5,82.45,83.39,81.02,914200.0,75077082.0,10:19:06
sz300960,通业科技,24.08,0.09,0.375,24.08,24.09,23.99,24.0,24.19,23.91,492300.0,11837082.0,10:19:06
sz300961,深水海纳,13.67,-0.08,-0.582,13.66,13.67,13.75,13.62,13.94,13.42,2502900.0,34193610.0,10:19:06
sz300962,中金辐照,16.22,-0.05,-0.307,16.2,16.22,16.27,16.32,16.32,16.13,611857.0,9910808.0,10:19:06
sz300963,中洲特材,17.2,0.1,0.585,17.19,17.21,17.1,17.2,17.23,17.02,1800200.0,30855332.0,10:19:06
sz300964,本川智能,74.11,1.94,2.688,74.11,74.21,72.17,72.19,74.65,71.51,2165811.0,157460424.0,10:19:06
sz300965,恒宇信通,55.35,0.06,0.109,55.35,55.36,55.29,55.28,55.59,54.81,135000.0,7448162.0,10:19:06
sz300966,共同药业,21.75,0.08,0.369,21.73,21.75,21.67,21.66,21.89,21.45,758000.0,16428282.0,10:19:06
sz300967,晓鸣股份,18.15,-1.65,-8.333,18.15,18.16,19.8,18.98,19.01,17.98,9514851.0,174964898.0,10:19:06
sz300968,格林精密,12.18,0.06,0.495,12.16,12.18,12.12,12.12,12.18,12.03,1070800.0,12951541.0,10:19:06
sz300969,恒帅股份,130.79,5.04,4.008,130.34,130.79,125.75,133.59,134.69,128.79,1538735.0,201951703.0,10:19:06
sz300970,华绿生物,30.74,0.14,0.458,30.7,30.75,30.6,30.4,31.37,30.06,2100417.0,64160495.0,10:19:00
sz300971,博亚精工,23.22,0.07,0.302,23.21,23.24,23.15,23.32,23.32,23.04,635780.0,14726375.0,10:19:06
sz300972,万辰集团,208.15,2.46,1.196,207.86,208.35,205.69,205.68,210.0,203.63,666800.0,138049331.0,10:19:06
sz300973,立高食品,33.11,0.12,0.364,33.11,33.12,32.99,33.19,33.2,32.77,525900.0,17344063.0,10:19:06
sz300975,商络电子,20.3,0.29,1.449,20.3,20.31,20.01,20.0,20.55,19.68,15305900.0,307475427.0,10:19:06
sz300976,达瑞电子,59.32,1.22,2.1,59.3,59.31,58.1,58.44,59.33,58.09,536411.0,31563480.0,10:19:06
sz300977,深圳瑞捷,19.74,-0.01,-0.051,19.74,19.75,19.75,19.88,19.89,19.56,650107.0,12809238.0,10:19:06
sz300978,东箭科技,11.17,0.02,0.179,11.16,11.17,11.15,11.21,11.21,11.07,633500.0,7051218.0,10:18:42
sz300979,华利集团,42.88,-0.12,-0.279,42.88,42.89,43.0,43.19,43.19,42.62,561700.0,24037361.0,10:19:06
sz300980,祥源新材,36.98,-0.17,-0.458,36.96,36.98,37.15,37.5,38.0,36.62,1372900.0,51110463.0,10:19:06
sz300981,中红医疗,13.67,-0.07,-0.509,13.66,13.67,13.74,13.79,13.8,13.6,3279200.0,44903622.0,10:19:03
sz300982,苏文电能,22.39,0.12,0.539,22.39,22.46,22.27,22.28,22.75,22.05,1891800.0,42504015.0,10:19:06
sz300983,尤安设计,29.49,0.41,1.41,29.47,29.49,29.08,29.44,29.88,28.9,521778.0,15376209.0,10:18:51
sz300984,金沃股份,58.9,-0.05,-0.085,58.9,58.95,58.95,59.6,62.94,58.9,1084548.0,65085150.0,10:19:03
sz300985,致远新能,22.08,0.35,1.611,22.07,22.08,21.73,21.93,22.22,21.68,776800.0,17096941.0,10:19:03
sz300986,志特新材,25.12,1.33,5.591,25.11,25.12,23.79,24.22,25.4,23.8,26691393.0,658495621.0,10:19:06
sz300987,川网传媒,17.36,0.14,0.813,17.35,17.36,17.22,17.22,17.37,17.22,794252.0,13757009.0,10:19:06
sz300988,津荣天宇,27.5,-0.4,-1.434,27.5,27.51,27.9,27.99,28.03,27.46,1195890.0,33040593.0,10:19:03
sz300989,蕾奥规划,14.55,0.05,0.345,14.54,14.55,14.5,14.53,14.58,14.34,876900.0,12700907.0,10:19:06
sz300990,同飞股份,86.6,2.25,2.667,86.55,86.6,84.35,84.73,87.0,84.11,2031994.0,173624592.0,10:19:06
sz300991,创益通,51.72,-0.23,-0.443,51.67,51.74,51.95,52.38,52.88,51.45,824199.0,42804296.0,10:19:06
sz300992,泰福泵业,32.87,-1.13,-3.324,32.83,32.87,34.0,33.95,33.95,31.82,3657800.0,120878946.0,10:19:06
sz300993,玉马科技,12.35,0.09,0.734,12.35,12.36,12.26,12.28,12.39,12.24,516800.0,6364996.0,10:19:06
sz300994,久祺股份,15.09,-0.04,-0.264,15.09,15.11,15.13,15.16,15.19,15.01,617040.0,9306227.0,10:19:09
sz300995,奇德新材,36.09,0.2,0.557,36.09,36.13,35.89,36.02,36.22,35.89,396700.0,14301655.0,10:19:15
sz300996,普联软件,17.54,-0.06,-0.341,17.54,17.55,17.6,17.39,17.73,17.26,4856300.0,84915344.0,10:19:15
sz300997,欢乐家,20.6,0.08,0.39,20.6,20.61,20.52,20.34,20.66,20.09,3179799.0,64733742.0,10:19:15
sz300998,宁波方正,25.43,0.5,2.006,25.43,25.44,24.93,25.31,25.5,24.75,1323500.0,33372842.0,10:19:15
sz300999,金龙鱼,28.27,0.02,0.071,28.27,28.28,28.25,28.23,28.35,28.19,2349204.0,66359953.0,10:19:12
sz301000,肇民科技,30.02,0.46,1.556,30.02,30.03,29.56,29.93,30.97,29.88,1531300.0,46215115.0,10:19:15
sz301001,凯淳股份,28.56,0.38,1.348,28.56,28.58,28.18,28.68,28.68,28.01,285000.0,8074894.0,10:19:09
sz301002,崧盛股份,38.91,1.4,3.732,38.89,38.9,37.51,37.89,40.29,37.6,2316230.0,91058838.0,10:19:15
sz301003,江苏博云,54.3,2.43,4.685,54.3,54.36,51.87,52.0,54.5,51.88,2575169.0,137526359.0,10:19:15
sz301004,嘉益股份,50.71,3.01,6.31,50.67,50.7,47.7,47.6,51.38,47.5,1313760.0,65726726.0,10:19:12
sz301005,超捷股份,169.01,1.83,1.095,168.8,169.0,167.18,167.18,172.04,166.26,4271301.0,717731300.0,10:19:15
sz301006,迈拓股份,17.19,0.05,0.292,17.18,17.22,17.14,17.23,17.26,17.05,454400.0,7795489.0,10:19:12
sz301007,德迈仕,34.95,-0.26,-0.738,34.95,34.97,35.21,35.38,35.74,34.83,951200.0,33386394.0,10:19:12
sz301008,宏昌科技,37.48,-0.57,-1.498,37.47,37.48,38.05,37.33,38.33,36.81,5620701.0,209831998.0,10:19:15
sz301009,可靠股份,11.8,0.04,0.34,11.79,11.8,11.76,11.75,11.82,11.63,441700.0,5182967.0,10:19:15
sz301010,晶雪节能,20.98,0.23,1.108,20.98,20.99,20.75,20.86,21.04,20.54,449300.0,9354978.0,10:19:06
sz301011,华立科技,21.83,0.37,1.724,21.81,21.84,21.46,21.59,21.94,21.46,975597.0,21149876.0,10:19:15
sz301012,扬电科技,32.1,1.92,6.362,32.09,32.1,30.18,30.18,32.45,29.9,11608236.0,365404203.0,10:19:15
sz301013,利和兴,24.35,-0.44,-1.775,24.35,24.36,24.79,24.34,24.66,23.98,4833000.0,117780360.0,10:19:15
sz301015,百洋医药,25.99,0.11,0.425,25.99,26.0,25.88,26.0,26.35,25.6,8145900.0,211779720.0,10:19:15
sz301016,雷尔伟,24.29,0.35,1.462,24.29,24.3,23.94,23.95,24.53,23.68,2295359.0,55630236.0,10:19:15
sz301017,漱玉平民,15.39,-0.89,-5.467,15.38,15.39,16.28,15.78,15.85,15.21,13100300.0,201680931.0,10:19:15
sz301018,申菱环境,123.99,0.7,0.568,123.9,124.0,123.29,123.15,125.8,122.71,5790500.0,718970994.0,10:19:15
sz301019,宁波色母,20.97,0.16,0.769,20.97,20.98,20.81,20.8,20.98,20.75,227700.0,4751866.0,10:19:15
sz301020,密封科技,21.47,0.11,0.515,21.46,21.48,21.36,21.44,21.56,21.3,261300.0,5590744.0,10:18:51
sz301021,英诺激光,58.34,-0.07,-0.12,58.32,58.34,58.41,58.11,58.66,57.89,1092500.0,63575695.0,10:19:15
sz301022,海泰科,0.0,0.0,0.0,0.0,0.0,27.83,0.0,0.0,0.0,0.0,0.0,10:18:27
sz301023,奕帆传动,40.49,0.3,0.746,40.49,40.52,40.19,40.58,40.69,40.18,377900.0,15271545.0,10:19:15
sz301024,霍普股份,39.27,-0.59,-1.48,39.25,39.28,39.86,39.87,40.01,38.5,611600.0,23812878.0,10:19:12
sz301025,读客文化,10.88,0.16,1.493,10.87,10.88,10.72,10.78,10.88,10.72,1928700.0,20783652.0,10:19:15
sz301026,浩通科技,29.23,0.18,0.62,29.23,29.26,29.05,29.05,29.4,28.98,700599.0,20442178.0,10:19:15
sz301027,华蓝集团,23.21,0.25,1.089,23.2,23.21,22.96,23.09,23.4,22.83,1823700.0,42071917.0,10:19:12
sz301028,鼎熔岩,14.63,0.03,0.205,14.63,14.64,14.6,14.59,14.69,14.53,548700.0,8019450.0,10:19:15
sz301029,怡合达,26.85,0.26,0.978,26.85,26.86,26.59,26.66,26.98,26.58,2518879.0,67600521.0,10:19:15
sz301030,仕净科技,10.37,0.2,1.967,10.36,10.37,10.17,10.2,10.47,10.15,3669000.0,37945152.0,10:19:15
sz301031,中熔电气,147.49,2.63,1.816,147.49,147.74,144.86,145.06,148.2,144.5,898872.0,132027500.0,10:19:15
sz301032,新柴股份,13.07,0.1,0.771,13.07,13.08,12.97,13.02,13.12,12.86,1385100.0,18009925.0,10:19:15
sz301033,迈普医学,58.95,0.45,0.769,58.93,58.95,58.5,58.78,58.97,58.02,250300.0,14663564.0,10:19:12
sz301035,润丰股份,78.75,0.87,1.117,78.71,78.75,77.88,77.96,78.95,77.25,362200.0,28350516.0,10:19:15
sz301036,双乐股份,28.33,0.22,0.783,28.34,28.36,28.11,28.1,28.53,28.02,269600.0,7612570.0,10:19:09
sz301037,保立佳,14.5,0.07,0.485,14.5,14.52,14.43,14.42,14.56,14.31,537300.0,7746876.0,10:19:15
sz301038,深水规院,20.67,0.03,0.145,20.67,20.68,20.64,20.58,20.89,20.42,566240.0,11649409.0,10:19:09
sz301039,中集车辆,9.2,0.01,0.109,9.19,9.2,9.19,9.2,9.28,9.17,2745911.0,25314163.0,10:19:15
sz301040,中环海陆,33.33,1.02,3.157,33.33,33.35,32.31,32.99,33.82,31.91,4361752.0,144038519.0,10:19:15
sz301041,金百泽,28.5,0.41,1.46,28.5,28.51,28.09,28.04,28.58,27.81,1646000.0,46333878.0,10:19:15
sz301042,安联锐视,96.26,1.45,1.529,96.25,96.26,94.81,94.8,96.29,94.01,871350.0,83353767.0,10:19:15
sz301043,绿岛风,53.5,1.92,3.722,53.48,53.57,51.58,51.66,54.38,51.5,582303.0,30932976.0,10:19:06
sz301045,天禄科技,39.17,0.07,0.179,39.13,39.17,39.1,39.4,39.4,38.55,536700.0,20885630.0,10:19:15
sz301046,能辉科技,26.0,-0.27,-1.028,26.01,26.02,26.27,26.42,26.52,25.86,1026100.0,26692293.0,10:19:09
sz301047,义翘神州,74.86,-0.47,-0.624,74.86,74.92,75.33,75.75,75.75,74.53,359660.0,26918350.0,10:19:15
sz301048,金鹰重工,10.82,-0.13,-1.187,10.82,10.83,10.95,10.91,10.95,10.8,3215000.0,34848750.0,10:19:12
sz301049,超越科技,22.1,0.08,0.363,22.1,22.13,22.02,22.01,22.22,21.89,257100.0,5671363.0,10:19:15
sz301050,雷电微力,49.07,0.21,0.43,49.07,49.09,48.86,48.88,49.2,48.49,1892261.0,92353726.0,10:19:15
sz301051,信濠光电,22.39,0.26,1.175,22.38,22.39,22.13,22.12,22.42,21.81,899456.0,19937044.0,10:19:15
sz301052,果麦文化,33.15,0.24,0.729,33.15,33.18,32.91,32.99,33.57,32.95,817175.0,27096724.0,10:19:15
sz301053,远信工业,59.38,2.59,4.561,59.22,59.38,56.79,56.99,59.96,56.36,3701722.0,215510944.0,10:19:12
sz301055,张小泉,33.48,0.48,1.455,33.47,33.55,33.0,32.7,33.78,31.75,4880917.0,160815967.0,10:19:15
sz301056,森赫股份,14.73,-0.02,-0.136,14.72,14.73,14.75,14.82,15.19,14.72,1134000.0,16933043.0,10:19:15
sz301057,汇隆新材,32.24,0.24,0.75,32.24,32.27,32.0,32.52,32.58,32.0,481800.0,15530305.0,10:19:15
sz301058,中粮科工,9.91,0.0,0.0,9.9,9.91,9.91,9.91,9.93,9.86,1462500.0,14461015.0,10:19:15
sz301059,金三江,13.92,0.07,0.505,13.92,13.93,13.85,13.9,13.95,13.79,556860.0,7729690.0,10:19:06
sz301060,兰卫医学,9.85,-0.09,-0.905,9.84,9.85,9.94,9.93,9.96,9.81,1557300.0,15362546.0,10:19:15
sz301061,匠心家居,74.2,3.58,5.069,74.05,74.2,70.62,70.94,74.98,70.62,919394.0,66706657.0,10:19:15
sz301062,上海艾录,8.33,0.19,2.334,8.32,8.33,8.14,8.15,8.42,8.14,3084748.0,25533318.0,10:19:15
sz301063,海锅股份,24.27,0.08,0.331,24.27,24.28,24.19,24.21,24.33,24.05,397600.0,9619787.0,10:19:15
sz301065,本立科技,22.87,-0.02,-0.087,22.87,22.88,22.89,22.88,22.88,22.55,521400.0,11847523.0,10:19:12
sz301066,万事利,14.24,0.2,1.425,14.24,14.25,14.04,14.14,14.25,14.01,1165700.0,16480932.0,10:19:12
sz301067,显盈科技,33.76,0.0,0.0,33.73,33.76,33.76,33.99,34.08,33.54,440500.0,14864245.0,10:19:09
sz301068,大地海洋,32.88,1.02,3.202,32.81,32.91,31.86,32.18,33.23,31.71,658398.0,21472439.0,10:19:15
sz301069,凯盛新材,21.61,0.1,0.465,21.61,21.62,21.51,21.51,21.73,21.49,1586000.0,34280069.0,10:19:12
sz301070,开勒股份,93.59,-2.78,-2.885,93.58,93.71,96.37,95.31,96.98,92.58,3133257.0,295911704.0,10:19:15
sz301071,力量钻石,44.1,0.93,2.154,44.1,44.11,43.17,43.13,44.66,43.05,5703238.0,250465073.0,10:19:15
sz301072,中捷精工,22.26,0.42,1.923,22.26,22.29,21.84,21.98,22.45,21.78,471000.0,10407908.0,10:19:06
sz301073,君亭酒店,28.09,0.23,0.826,28.04,28.07,27.86,27.64,28.09,27.33,2389050.0,66196038.0,10:19:15
sz301075,多瑞医药,67.75,-0.05,-0.074,67.68,67.75,67.8,68.14,69.85,66.1,1321800.0,90482836.0,10:19:15
sz301076,新瀚新材,38.44,0.48,1.264,38.42,38.44,37.96,38.11,38.62,37.94,933780.0,35831538.0,10:19:15
sz301077,星华新材,27.22,0.12,0.443,27.2,27.22,27.1,27.32,27.58,27.05,589146.0,16075715.0,10:19:15
sz301078,孩子王,8.77,-0.08,-0.904,8.76,8.77,8.85,8.81,8.85,8.73,12051974.0,105753328.0,10:19:15
sz301079,邵阳液压,46.87,-1.32,-2.739,46.85,46.87,48.19,46.88,47.99,45.7,7845835.0,365543511.0,10:19:15
sz301080,百普赛斯,49.27,-1.03,-2.048,49.27,49.28,50.3,49.79,50.25,48.89,2264240.0,111549079.0,10:19:18
sz301081,严牌股份,14.88,0.14,0.95,14.87,14.89,14.74,14.75,15.1,14.47,1889300.0,28000704.0,10:19:18
sz301082,久盛电气,17.79,0.07,0.395,17.78,17.79,17.72,17.86,17.86,17.54,1567902.0,27743258.0,10:19:15
sz301083,百胜智能,17.21,0.12,0.702,17.2,17.21,17.09,17.2,17.33,17.08,396000.0,6798072.0,10:19:15
sz301085,亚康股份,67.11,2.67,4.143,67.08,67.11,64.44,69.0,70.7,66.38,7027729.0,476647067.0,10:19:18
sz301086,鸿富瀚,153.97,7.4,5.049,153.87,153.97,146.57,146.59,154.97,145.48,1341424.0,201642200.0,10:19:18
sz301087,可孚医疗,57.27,-0.57,-0.985,57.26,57.27,57.84,57.3,57.99,56.74,1328750.0,76101685.0,10:19:18
sz301088,戎美股份,14.17,0.03,0.212,14.17,14.19,14.14,14.21,14.25,14.14,222700.0,3158693.0,10:19:18
sz301089,拓新药业,28.6,0.2,0.704,28.6,28.61,28.4,28.65,28.96,28.37,1415200.0,40644635.0,10:19:18
sz301090,华润材料,7.75,-0.02,-0.257,7.75,7.76,7.77,7.79,7.81,7.67,2291200.0,17728218.0,10:19:18
sz301091,深城交,21.62,0.1,0.465,21.62,21.63,21.52,21.54,21.75,21.36,2017179.0,43352477.0,10:19:18
sz301092,争光股份,34.04,0.2,0.591,34.04,34.06,33.84,34.0,34.22,33.6,313600.0,10650723.0,10:19:18
sz301093,华兰股份,76.14,1.4,1.873,76.12,76.14,74.74,74.83,76.9,74.4,1281275.0,97119435.0,10:19:18
sz301095,广立微,81.48,1.49,1.863,81.48,81.49,79.99,80.5,82.45,79.55,2331710.0,189742023.0,10:19:18
sz301096,百诚医药,58.49,2.0,3.54,58.48,58.5,56.49,56.38,58.5,55.3,2433300.0,139654584.0,10:19:18
sz301097,天益医疗,58.15,1.1,1.928,58.15,58.2,57.05,56.77,58.46,56.65,246800.0,14245808.0,10:19:15
sz301098,金埔园林,8.48,0.12,1.435,8.48,8.49,8.36,8.42,8.5,8.3,1667400.0,14044741.0,10:19:18
sz301099,雅创电子,53.18,0.79,1.508,53.18,53.2,52.39,52.32,53.84,51.86,2385929.0,126587041.0,10:19:18
sz301100,风光股份,18.44,0.19,1.041,18.43,18.45,18.25,18.34,18.45,18.06,297615.0,5432836.0,10:19:18
sz301101,明月镜片,34.89,0.06,0.172,34.88,34.89,34.83,34.82,35.06,34.8,384200.0,13414942.0,10:19:15
sz301102,兆讯传媒,10.88,0.08,0.741,10.87,10.88,10.8,10.85,10.9,10.76,630800.0,6832521.0,10:19:18
sz301103,何氏眼科,19.35,0.02,0.103,19.34,19.35,19.33,19.38,19.38,19.11,465700.0,8964771.0,10:19:15
sz301105,鸿铭股份,57.55,-1.09,-1.859,57.52,57.55,58.64,58.63,59.0,57.5,192000.0,11111750.0,10:19:18
sz301106,骏成科技,28.55,0.15,0.528,28.54,28.55,28.4,28.4,28.66,28.16,325700.0,9252451.0,10:19:18
sz301107,瑜欣电子,27.88,0.06,0.216,27.87,27.89,27.82,27.87,28.02,27.65,321020.0,8934509.0,10:18:42
sz301108,洁雅股份,27.44,0.01,0.036,27.44,27.45,27.43,27.4,27.59,27.22,433699.0,11870919.0,10:19:15
sz301109,军信股份,15.13,0.04,0.265,15.11,15.13,15.09,15.09,15.16,15.06,1187778.0,17956912.0,10:19:18
sz301110,青木科技,61.1,0.88,1.461,61.09,61.1,60.22,60.59,61.16,60.28,835976.0,50810673.0,10:19:18
sz301111,粤万年青,19.39,-0.28,-1.423,19.39,19.4,19.67,19.62,19.79,19.27,2805506.0,54437048.0,10:19:18
sz301112,信邦智能,33.21,0.11,0.332,33.2,33.25,33.1,33.38,33.38,32.87,220900.0,7313033.0,10:19:18
sz301113,雅艺科技,25.07,0.16,0.642,24.99,25.03,24.91,24.91,25.1,24.7,310930.0,7728939.0,10:19:18
sz301115,联检科技,20.46,-0.02,-0.098,20.44,20.46,20.48,20.5,20.68,20.3,534300.0,10892632.0,10:19:18
sz301116,益客食品,10.3,0.01,0.097,10.29,10.3,10.29,10.32,10.38,10.17,1227500.0,12563376.0,10:19:18
sz301117,佳缘科技,45.45,0.5,1.112,45.45,45.49,44.95,45.5,45.6,44.43,1859100.0,83518779.0,10:19:15
sz301118,恒光股份,24.05,0.24,1.008,24.04,24.05,23.81,23.82,24.09,23.7,603497.0,14426539.0,10:19:18
sz301119,正强股份,45.33,0.23,0.51,45.31,45.32,45.1,45.51,45.65,44.61,472192.0,21291002.0,10:19:18
sz301120,新特电气,23.39,-0.61,-2.542,23.39,23.4,24.0,23.57,23.59,23.1,9765568.0,227682866.0,10:19:18
sz301121,紫建电子,37.58,0.64,1.733,37.58,37.61,36.94,37.12,37.91,36.94,411700.0,15403140.0,10:19:12
sz301122,采纳股份,30.41,-0.65,-2.093,30.4,30.41,31.06,31.24,31.24,30.33,763400.0,23407518.0,10:19:18
sz301123,奕东电子,65.33,2.98,4.779,65.33,65.45,62.35,63.63,65.77,62.42,6519456.0,419752730.0,10:19:18
sz301125,腾亚精工,22.77,0.14,0.619,22.76,22.77,22.63,23.27,23.88,22.75,2492535.0,58012094.0,10:19:18
sz301126,达嘉维康,11.21,-0.13,-1.146,11.2,11.21,11.34,11.34,11.34,11.1,1359047.0,15196544.0,10:19:12
sz301127,武汉天源,16.47,0.0,0.0,16.46,16.47,16.47,16.52,16.54,16.33,2486200.0,40879710.0,10:19:18
sz301128,强瑞技术,194.58,16.72,9.401,194.44,194.5,177.86,183.6,198.4,181.12,5075548.0,971704060.0,10:19:18
sz301129,瑞纳智能,26.09,0.12,0.462,26.1,26.11,25.97,26.34,26.34,25.71,543600.0,14121129.0,10:19:18
sz301130,西点药业,31.14,-0.39,-1.237,31.12,31.14,31.53,31.84,31.97,31.08,742100.0,23223069.0,10:19:18
sz301131,聚赛龙,41.67,0.29,0.701,41.64,41.67,41.38,41.81,41.82,41.3,208676.0,8669130.0,10:19:18
sz301132,满坤科技,42.32,0.61,1.462,42.29,42.34,41.71,41.84,42.39,41.39,3068617.0,128415255.0,10:19:18
sz301133,金钟股份,43.81,0.31,0.713,43.81,43.82,43.5,43.49,44.06,42.99,792300.0,34478320.0,10:19:15
sz301135,瑞德智能,28.06,0.19,0.682,28.06,28.07,27.87,27.93,28.12,27.79,297400.0,8314121.0,10:19:15
sz301136,招标股份,15.75,-0.04,-0.253,15.75,15.77,15.79,15.8,15.94,15.55,1476000.0,23154119.0,10:19:09
sz301137,哈焊华通,44.77,0.71,1.611,44.76,44.77,44.06,44.35,45.38,44.07,2322759.0,104399215.0,10:19:18
sz301138,华研精机,37.84,0.17,0.451,37.84,37.88,37.67,37.66,37.96,37.6,263183.0,9948841.0,10:19:06
sz301139,元道通信,18.65,0.62,3.439,18.64,18.65,18.03,19.2,19.22,18.23,6107200.0,113503646.0,10:19:18
sz301141,中科磁业,52.76,0.46,0.88,52.71,52.76,52.3,52.1,52.8,52.02,682200.0,35705176.0,10:19:18
sz301148,嘉戎技术,56.78,6.59,13.13,56.62,56.78,50.19,50.19,58.2,50.19,2525600.0,137664371.0,10:19:18
sz301149,隆华新材,12.72,-0.29,-2.229,12.71,12.72,13.01,12.97,12.97,12.7,4881722.0,62493686.0,10:19:18
sz301150,中一科技,60.59,-1.23,-1.99,60.58,60.59,61.82,60.48,61.28,58.83,6361499.0,381357764.0,10:19:18
sz301151,冠龙节能,18.67,0.01,0.054,18.67,18.7,18.66,18.74,18.74,18.53,284600.0,5305367.0,10:19:09
sz301152,天力锂能,29.67,0.56,1.924,29.66,29.67,29.11,29.46,30.23,29.14,3457300.0,102809557.0,10:19:18
sz301153,中科江南,25.02,0.12,0.482,25.01,25.02,24.9,24.89,25.3,24.89,1972792.0,49481387.0,10:19:18
sz301155,海力风电,66.74,0.47,0.709,66.74,66.82,66.27,66.25,66.93,66.19,1107900.0,73807569.0,10:19:18
sz301156,美农生物,18.37,0.05,0.273,18.34,18.38,18.32,18.48,18.48,18.1,671895.0,12267873.0,10:19:18
sz301157,华塑科技,79.17,5.34,7.233,79.13,79.17,73.83,73.46,81.69,73.4,4513963.0,351987511.0,10:19:18
sz301158,德石股份,24.17,-0.34,-1.387,24.17,24.18,24.51,24.45,24.5,24.06,1667200.0,40315469.0,10:19:18
sz301159,三维天地,41.93,0.52,1.256,41.93,41.96,41.41,41.33,42.09,41.33,517500.0,21657440.0,10:19:18
sz301160,翔楼新材,58.6,1.63,2.861,58.59,58.6,56.97,57.91,59.5,57.45,1371085.0,80480136.0,10:19:18
sz301161,唯万密封,30.67,0.38,1.255,30.66,30.68,30.29,30.58,30.73,30.41,563400.0,17229056.0,10:19:06
sz301162,国能日新,67.49,0.98,1.473,67.48,67.49,66.51,66.9,68.39,66.55,903995.0,61136623.0,10:19:18
sz301163,宏德股份,29.47,0.47,1.621,29.47,29.5,29.0,29.0,29.5,28.71,751499.0,21800511.0,10:19:18
sz301165,锐捷网络,94.68,1.16,1.24,94.62,94.68,93.52,93.27,95.97,93.01,3317700.0,314580135.0,10:19:18
sz301166,优宁维,30.51,-0.19,-0.619,30.48,30.51,30.7,30.69,30.69,30.2,386756.0,11758405.0,10:19:12
sz301167,建研设计,16.31,0.01,0.061,16.32,16.34,16.3,16.45,16.45,16.1,580900.0,9420113.0,10:19:18
sz301168,通灵股份,43.59,-0.31,-0.706,43.57,43.59,43.9,44.0,44.25,43.0,807668.0,35216272.0,10:19:18
sz301169,零点有数,56.44,0.94,1.694,56.44,56.48,55.5,56.06,56.44,55.5,275500.0,15417643.0,10:19:15
sz301170,锡南科技,28.9,0.03,0.104,28.88,28.9,28.87,29.04,29.04,28.67,304400.0,8776280.0,10:19:06
sz301171,易点天下,47.43,1.33,2.885,47.43,47.44,46.1,46.81,48.48,46.81,20725321.0,986385343.0,10:19:18
sz301172,君逸数码,29.4,0.03,0.102,29.39,29.41,29.37,29.37,29.6,29.22,1727020.0,50796820.0,10:19:18
sz301173,毓恬冠佳,43.74,0.02,0.046,43.72,43.76,43.72,43.84,43.84,43.32,219000.0,9558578.0,10:19:00
sz301175,中科环保,6.26,0.02,0.321,6.26,6.27,6.24,6.24,6.29,6.2,5198509.0,32477840.0,10:19:18
sz301176,逸豪新材,30.06,0.67,2.28,30.06,30.08,29.39,29.39,30.3,29.02,3800300.0,112557934.0,10:19:12
sz301177,迪阿股份,28.76,0.0,0.0,28.72,28.76,28.76,28.74,28.8,28.61,317200.0,9107351.0,10:19:15
sz301178,天亿马,55.09,2.84,5.435,55.08,55.1,52.25,52.42,56.98,52.15,2759555.0,152681430.0,10:19:15
sz301179,泽宇智能,27.17,0.0,0.0,27.14,27.17,27.17,27.01,27.5,26.55,11310087.0,306341426.0,10:19:15
sz301180,万祥科技,20.65,-0.2,-0.959,20.65,20.71,20.85,20.85,21.0,20.4,2660363.0,54887128.0,10:19:12
sz301181,标榜股份,49.23,2.07,4.389,49.21,49.25,47.16,47.08,50.0,47.08,2950590.0,143819141.0,10:19:15
sz301182,凯旺科技,69.76,2.92,4.369,69.75,69.86,66.84,66.84,71.0,66.02,3248303.0,224875042.0,10:19:15
sz301183,东田微,186.6,0.0,0.0,186.6,186.88,186.6,185.24,189.48,183.71,1964682.0,367065776.0,10:19:15
sz301185,鸥玛软件,19.04,0.13,0.687,19.02,19.04,18.91,18.88,19.05,18.82,676000.0,12793806.0,10:19:15
sz301186,超达装备,66.3,0.77,1.175,66.22,66.31,65.53,64.88,68.0,62.58,2249352.0,148273418.0,10:19:15
sz301187,欧圣电气,19.59,0.27,1.398,19.58,19.59,19.32,19.5,19.98,19.35,925440.0,18161235.0,10:19:00
sz301188,力诺药包,23.25,-0.27,-1.148,23.25,23.26,23.52,24.11,24.2,22.7,9267242.0,216487939.0,10:19:15
sz301189,奥尼电子,82.1,-4.29,-4.966,82.1,82.12,86.39,86.3,89.85,82.05,10631529.0,918122537.0,10:19:15
sz301190,善水科技,22.08,-0.09,-0.406,22.08,22.09,22.17,22.27,22.27,21.91,536733.0,11840167.0,10:18:57
sz301191,菲菱科思,151.55,0.53,0.351,151.5,151.55,151.02,148.0,155.9,145.34,2784523.0,424746081.0,10:19:15
sz301192,泰祥股份,25.91,0.04,0.155,25.87,25.91,25.87,26.02,26.18,25.43,358900.0,9273842.0,10:19:15
sz301193,家联科技,20.75,-0.64,-2.992,20.74,20.75,21.39,21.4,21.49,20.7,1771467.0,37133732.0,10:19:15
sz301195,北路智控,32.18,0.26,0.815,32.14,32.18,31.92,31.93,32.21,31.93,199310.0,6387255.0,10:19:03
sz301196,唯科科技,117.1,-1.7,-1.431,116.85,117.1,118.8,118.8,119.39,115.5,2180297.0,255943682.0,10:19:15
sz301197,工大科雅,26.67,-2.08,-7.235,26.61,26.65,28.75,28.47,29.02,26.51,5163391.0,140497438.0,10:19:15
sz301198,喜悦智行,14.31,0.36,2.581,14.31,14.32,13.95,13.9,14.37,13.9,1198700.0,17028494.0,10:19:15
sz301199,迈赫股份,22.55,0.09,0.401,22.54,22.55,22.46,22.47,22.65,22.42,384300.0,8665121.0,10:18:45
sz301200,大族数控,193.84,5.07,2.686,193.69,193.84,188.77,188.09,194.97,186.12,1560983.0,299824049.0,10:19:15
sz301201,诚达药业,43.22,-1.53,-3.419,43.22,43.24,44.75,44.71,44.8,42.18,5926255.0,254860712.0,10:19:15
sz301202,朗威股份,41.11,0.75,1.858,41.1,41.12,40.36,40.6,41.28,40.49,547500.0,22398072.0,10:19:15
sz301203,国泰环保,40.88,-0.13,-0.317,40.84,40.9,41.01,41.0,41.13,40.21,234300.0,9555376.0,10:19:12
sz301205,联特科技,262.0,0.1,0.038,262.01,262.08,261.9,260.0,268.68,254.0,3241400.0,846415566.0,10:19:15
sz301206,三元生物,26.62,-0.04,-0.15,26.61,26.62,26.66,26.76,26.76,26.53,364338.0,9685388.0,10:19:06
sz301207,华兰疫苗,19.97,-0.3,-1.48,19.97,19.98,20.27,20.17,20.17,19.86,2359046.0,47098356.0,10:19:15
sz301208,中亦科技,34.75,0.55,1.608,34.69,34.75,34.2,34.32,34.76,34.16,350400.0,12082029.0,10:19:15
sz301209,联合化学,93.11,1.13,1.229,93.1,93.11,91.98,91.98,94.2,91.85,303100.0,28291919.0,10:19:06
sz301210,金杨精密,39.95,0.25,0.63,39.95,39.98,39.7,40.32,40.5,39.16,3535680.0,141377800.0,10:19:15
sz301211,亨迪药业,12.09,-0.15,-1.225,12.08,12.09,12.24,12.2,12.23,12.06,1265288.0,15332037.0,10:19:15
sz301212,联盛化学,27.15,0.35,1.306,27.12,27.15,26.8,26.96,27.19,26.31,399700.0,10728321.0,10:19:12
sz301213,观想科技,70.55,-0.32,-0.452,70.54,70.57,70.87,71.2,71.44,69.54,453900.0,31865885.0,10:19:09
sz301215,中汽股份,6.15,0.04,0.655,6.15,6.16,6.11,6.16,6.17,6.11,3204745.0,19660408.0,10:19:15
sz301216,万凯新材,29.09,-0.28,-0.953,29.09,29.1,29.37,29.08,29.42,28.81,3694161.0,107596035.0,10:19:15
sz301217,铜冠铜箔,45.27,0.11,0.244,45.26,45.27,45.16,45.28,45.8,44.16,16313124.0,730887043.0,10:19:15
sz301218,华是科技,35.75,0.67,1.91,35.72,35.74,35.08,35.3,36.42,35.3,1512768.0,54085979.0,10:19:15
sz301219,腾远钴业,79.16,-0.32,-0.403,79.15,79.16,79.48,79.67,80.47,78.0,8081187.0,641034591.0,10:19:15
sz301220,亚香股份,41.17,0.0,0.0,41.17,41.19,41.17,41.3,41.65,40.91,511840.0,21137754.0,10:19:15
sz301221,光庭信息,53.79,1.66,3.184,53.75,53.79,52.13,52.13,53.87,52.13,902827.0,48110144.0,10:19:12
sz301222,浙江恒威,37.95,1.42,3.887,37.91,37.95,36.53,36.52,38.82,36.12,3102700.0,118022966.0,10:19:15
sz301223,中荣股份,19.74,-0.1,-0.504,19.73,19.75,19.84,19.83,20.06,19.72,406700.0,8047679.0,10:19:15
sz301225,恒勃股份,118.5,3.9,3.403,118.39,118.5,114.6,120.0,123.9,115.32,1937552.0,231364578.0,10:19:15
sz301226,祥明智能,39.99,-0.33,-0.818,39.98,39.99,40.32,40.06,40.72,39.56,2614469.0,104459483.0,10:19:15
sz301227,森鹰窗业,32.5,-0.04,-0.123,32.46,32.5,32.54,32.58,32.8,32.25,406400.0,13205088.0,10:19:12
sz301228,实朴检测,54.09,0.79,1.482,54.08,54.09,53.3,53.13,55.66,52.5,2393806.0,129841378.0,10:19:15
sz301229,纽泰格,18.45,0.09,0.49,18.45,18.46,18.36,18.46,18.59,18.31,516466.0,9517205.0,10:19:15
sz301230,泓博医药,40.76,-0.31,-0.755,40.75,40.76,41.07,41.02,41.1,40.28,3491995.0,141987946.0,10:19:15
sz301231,荣信文化,31.35,0.63,2.051,31.34,31.35,30.72,30.91,31.38,30.86,1177054.0,36574951.0,10:19:15
sz301232,飞沃科技,215.13,-0.99,-0.458,215.05,215.13,216.12,213.55,216.55,207.02,3611668.0,765210471.0,10:19:15
sz301233,盛帮股份,53.11,0.45,0.855,53.11,53.17,52.66,52.73,53.29,52.6,147200.0,7799908.0,10:19:15
sz301234,五洲医疗,39.16,0.42,1.084,39.14,39.2,38.74,38.73,39.29,38.01,400700.0,15454756.0,10:19:09
sz301235,华康洁净,50.48,-0.82,-1.598,50.47,50.48,51.3,49.94,50.72,49.5,2198620.0,110116431.0,10:19:15
sz301236,软通动力,39.61,0.65,1.668,39.61,39.62,38.96,39.25,39.68,39.22,5304745.0,209149116.0,10:19:15
sz301237,和顺科技,58.77,0.19,0.324,58.75,58.79,58.58,59.98,59.98,58.28,344000.0,20236582.0,10:19:00
sz301238,瑞泰新材,21.15,0.56,2.72,21.14,21.16,20.59,20.75,21.75,20.57,8886615.0,189095319.0,10:19:15
sz301239,普瑞眼科,37.93,0.11,0.291,37.93,38.0,37.82,37.82,38.16,37.25,705800.0,26573378.0,10:19:15
sz301246,宏源药业,24.37,-0.16,-0.652,24.37,24.38,24.53,24.35,24.87,24.02,8938300.0,218227146.0,10:19:15
sz301248,杰创智能,59.83,2.08,3.602,59.82,59.88,57.75,57.42,63.5,56.01,12501157.0,761320789.0,10:19:15
sz301251,威尔高,70.88,3.35,4.961,70.88,70.89,67.53,67.53,71.5,67.53,3362736.0,236826420.0,10:19:15
sz301252,同星科技,38.9,0.86,2.261,38.9,38.92,38.04,38.04,39.38,38.04,1726654.0,67213470.0,10:19:15
sz301255,通力科技,29.62,0.71,2.456,29.62,29.63,28.91,28.83,29.87,28.74,2638881.0,77530171.0,10:19:15
sz301256,华融化学,13.2,0.15,1.149,13.19,13.2,13.05,13.09,13.26,12.99,2293800.0,30174668.0,10:19:15
sz301257,普蕊斯,58.1,0.4,0.693,58.11,58.14,57.7,57.95,59.27,57.01,1221181.0,71186858.0,10:19:12
sz301258,富士莱,32.26,0.0,0.0,32.26,32.28,32.26,32.3,32.44,31.95,290200.0,9336367.0,10:19:15
sz301259,艾布鲁,33.5,0.63,1.917,33.48,33.49,32.87,33.32,33.76,32.9,636400.0,21225270.0,10:19:06
sz301260,格力博,15.67,0.11,0.707,15.67,15.68,15.56,15.59,15.7,15.45,486276.0,7591533.0,10:19:15
sz301261,恒工精密,77.31,0.74,0.966,77.29,77.31,76.57,77.1,78.2,76.9,406800.0,31482424.0,10:19:15
sz301262,海看股份,23.3,0.25,1.085,23.29,23.3,23.05,23.21,23.36,23.15,1188000.0,27609729.0,10:19:15
sz301263,泰恩康,28.88,0.16,0.557,28.88,28.89,28.72,28.71,28.88,28.16,1410100.0,40208622.0,10:19:15
sz301265,华新科技,23.61,-0.09,-0.38,23.6,23.61,23.7,23.65,23.7,23.18,4069486.0,95430547.0,10:19:15
sz301266,宇邦新材,39.71,0.22,0.557,39.71,39.72,39.49,39.48,39.86,39.02,573000.0,22639478.0,10:19:06
sz301267,华厦眼科,17.16,-0.02,-0.116,17.16,17.17,17.18,17.19,17.26,17.08,1251300.0,21443759.0,10:19:09
sz301268,铭利达,22.66,0.02,0.088,22.66,22.67,22.64,22.71,22.93,22.37,910800.0,20639229.0,10:19:15
sz301269,华大九天,85.38,0.13,0.152,85.36,85.39,85.25,85.32,85.88,84.5,1341200.0,114261261.0,10:19:15
sz301270,汉仪股份,32.28,0.45,1.414,32.26,32.28,31.83,31.97,32.39,31.89,739700.0,23739828.0,10:19:15
sz301272,英华特,40.27,-0.11,-0.272,40.23,40.3,40.38,40.5,40.58,39.96,142700.0,5737512.0,10:19:03
sz301273,瑞晨环保,30.08,0.22,0.737,30.07,30.08,29.86,30.39,30.39,29.56,638700.0,19083933.0,10:19:12
sz301275,汉朔科技,41.24,0.14,0.341,41.24,41.25,41.1,41.0,41.65,40.9,1478964.0,61197088.0,10:19:12
sz301276,嘉曼服饰,24.55,0.15,0.615,24.53,24.55,24.4,24.39,24.73,24.05,428800.0,10465612.0,10:19:12
sz301277,新天地,12.04,-0.09,-0.742,12.04,12.05,12.13,12.12,12.17,11.9,1176000.0,14116670.0,10:19:12
sz301278,快可电子,38.25,0.26,0.684,38.24,38.25,37.99,38.16,38.38,37.65,703908.0,26780526.0,10:19:09
sz301279,金道科技,28.66,1.01,3.653,28.66,28.67,27.65,27.9,29.07,27.22,1318100.0,37492428.0,10:19:12
sz301280,珠城科技,62.97,1.2,1.943,62.93,62.99,61.77,62.0,63.4,61.72,1095150.0,68720630.0,10:19:12
sz301281,科源制药,38.47,-0.52,-1.334,38.44,38.47,38.99,38.95,38.95,37.55,1470130.0,55952498.0,10:19:12
sz301282,金禄电子,41.83,2.33,5.899,41.8,41.89,39.5,39.45,43.15,38.8,14440408.0,587169781.0,10:19:12
sz301283,聚胶股份,49.27,3.11,6.737,49.24,49.26,46.16,47.71,49.38,47.15,1573796.0,75866756.0,10:19:12
sz301285,鸿日达,98.61,6.19,6.698,98.64,98.65,92.42,93.34,101.54,92.99,3274913.0,320915938.0,10:19:12
sz301286,侨源股份,45.12,-1.36,-2.926,45.13,45.14,46.48,46.1,46.8,44.6,980800.0,44364939.0,10:19:12
sz301287,康力源,42.76,0.32,0.754,42.73,42.76,42.44,42.79,42.89,42.37,398100.0,16956333.0,10:19:09
sz301288,*ST清研,18.52,-0.15,-0.803,18.51,18.62,18.67,18.61,18.77,18.5,232100.0,4321764.0,10:19:12
sz301289,国缆检测,55.43,0.04,0.072,55.43,55.46,55.39,55.42,55.79,54.84,235300.0,12994193.0,10:19:12
sz301290,东星医疗,27.34,-0.28,-1.014,27.34,27.37,27.62,27.6,27.83,26.96,682700.0,18579646.0,10:19:12
sz301291,明阳电气,53.7,-0.37,-0.684,53.63,53.7,54.07,54.06,54.35,52.64,4765219.0,254499409.0,10:19:12
sz301292,海科新源,94.46,1.14,1.222,94.45,94.46,93.32,93.0,96.52,90.61,15531001.0,1457418830.0,10:19:12
sz301293,三博脑科,68.54,0.01,0.015,68.51,68.55,68.53,68.34,69.35,67.8,2614606.0,178437462.0,10:19:12
sz301295,美硕科技,39.65,1.35,3.525,39.64,39.67,38.3,38.51,40.5,38.01,2049020.0,80911555.0,10:19:12
sz301296,新巨丰,7.87,0.02,0.255,7.87,7.88,7.85,7.84,7.94,7.81,627300.0,4921444.0,10:18:39
sz301297,富乐德,34.67,-0.15,-0.431,34.69,34.72,34.82,34.93,34.95,34.5,1031300.0,35801185.0,10:19:12
sz301298,东利机械,16.26,0.0,0.0,16.25,16.26,16.26,16.32,16.32,16.13,440700.0,7142824.0,10:19:06
sz301299,卓创资讯,68.84,1.01,1.489,68.77,68.83,67.83,68.67,69.1,68.22,552500.0,37951698.0,10:19:12
sz301300,远翔新材,43.55,0.15,0.346,43.52,43.55,43.4,43.61,43.65,43.0,279600.0,12115422.0,10:19:06
sz301301,川宁生物,10.6,0.15,1.435,10.59,10.6,10.45,10.44,10.69,10.3,8138500.0,85394210.0,10:19:12
sz301302,华如科技,21.7,0.27,1.26,21.68,21.7,21.43,21.42,21.7,21.27,1596800.0,34323237.0,10:19:12
sz301303,真兰仪表,15.95,-0.2,-1.238,15.94,15.95,16.15,16.14,16.16,15.87,1451028.0,23186018.0,10:19:09
sz301305,朗坤科技,27.12,0.12,0.444,27.1,27.12,27.0,26.95,27.33,26.74,1737414.0,46835308.0,10:19:12
sz301306,西测测试,175.0,-0.01,-0.006,174.7,175.0,175.01,178.43,178.43,170.5,4373498.0,759545545.0,10:19:12
sz301307,美利信,41.78,0.25,0.602,41.78,41.8,41.53,42.51,43.32,41.3,3260144.0,137293715.0,10:19:12
sz301308,江波龙,368.3,-3.27,-0.88,368.11,368.3,371.57,356.0,375.18,356.0,7421598.0,2713996013.0,10:19:12
sz301309,万得凯,31.99,-0.28,-0.868,31.92,31.99,32.27,32.27,32.6,31.52,988746.0,31435695.0,10:19:12
sz301310,鑫宏业,54.73,-1.54,-2.737,54.73,54.78,56.27,56.0,56.58,54.26,2064860.0,114287379.0,10:19:12
sz301311,昆船智能,16.73,0.02,0.12,16.72,16.73,16.71,16.73,16.78,16.64,413400.0,6903813.0,10:19:09
sz301312,智立方,120.84,-0.24,-0.198,120.84,120.97,121.08,121.11,122.8,117.8,2756689.0,331342612.0,10:19:12
sz301313,凡拓数创,31.93,0.6,1.915,31.92,31.94,31.33,31.6,32.14,31.32,1208489.0,38261003.0,10:19:12
sz301314,科瑞思,48.48,-0.2,-0.411,48.5,48.57,48.68,48.77,48.98,48.03,290530.0,14057025.0,10:19:06
sz301315,威士顿,50.82,0.31,0.614,50.83,50.85,50.51,51.0,51.0,50.43,237100.0,12018873.0,10:19:12
sz301316,慧博云通,45.89,1.44,3.24,45.88,45.89,44.45,44.68,46.7,44.5,6593811.0,302742088.0,10:19:12
sz301317,鑫磊股份,64.27,0.47,0.737,64.27,64.28,63.8,64.06,66.4,63.02,2385231.0,153441361.0,10:19:12
sz301318,维海德,26.84,0.17,0.637,26.82,26.85,26.67,26.82,26.92,26.57,195391.0,5224938.0,10:19:00
sz301319,唯特偶,56.16,0.96,1.739,56.16,56.19,55.2,55.2,56.65,44.2,2320217.0,128225452.0,10:19:12
sz301320,豪江智能,17.2,0.11,0.644,17.19,17.21,17.09,17.17,17.22,17.0,388000.0,6637038.0,10:19:12
sz301321,翰博高新,23.62,1.52,6.878,23.61,23.62,22.1,22.29,23.8,21.67,4296240.0,99361660.0,10:19:12
sz301322,绿通科技,36.15,1.95,5.702,36.07,36.19,34.2,34.2,36.5,34.19,2371419.0,84385803.0,10:19:12
sz301323,新莱福,63.49,0.0,0.0,63.49,63.54,63.49,63.5,63.79,62.13,949041.0,59715527.0,10:19:12
sz301325,曼恩斯特,45.45,0.7,1.564,45.44,45.45,44.75,45.15,46.07,44.75,848800.0,38638320.0,10:19:09
sz301326,捷邦科技,161.3,2.11,1.325,161.25,161.69,159.19,160.0,162.23,157.0,499000.0,79876040.0,10:19:09
sz301327,华宝新能,64.56,0.83,1.302,64.56,64.57,63.73,64.35,65.32,64.0,2037202.0,132069692.0,10:19:12
sz301328,维峰电子,56.05,1.23,2.244,56.05,56.07,54.82,54.86,56.3,54.84,1000996.0,55634541.0,10:19:12
sz301329,信音电子,22.99,0.19,0.833,22.99,23.0,22.8,22.98,23.03,22.74,463100.0,10587453.0,10:19:12
sz301330,熵基科技,34.36,0.26,0.762,34.35,34.36,34.1,34.12,34.39,34.0,636100.0,21759526.0,10:19:12
sz301331,恩威医药,26.34,-0.21,-0.791,26.34,26.35,26.55,26.42,26.53,26.07,331300.0,8706610.0,10:19:06
sz301332,德尔玛,9.33,0.03,0.323,9.33,9.34,9.3,9.36,9.36,9.25,798900.0,7442563.0,10:19:12
sz301333,诺思格,69.21,-0.05,-0.072,69.25,69.3,69.26,68.64,70.07,67.77,822600.0,56697315.0,10:19:12
sz301335,天元宠物,26.09,-0.43,-1.621,26.07,26.09,26.52,26.25,26.34,25.66,1831182.0,47674413.0,10:19:12
sz301336,趣睡科技,50.68,0.5,0.996,50.65,50.68,50.18,50.49,50.68,50.17,302800.0,15259222.0,10:19:12
sz301337,亚华电子,28.39,0.65,2.343,28.35,28.38,27.74,27.83,28.45,27.82,681600.0,19211446.0,10:19:12
sz301338,凯格精机,161.75,2.6,1.634,161.72,161.85,159.15,158.0,162.88,157.01,1466900.0,235568857.0,10:19:12
sz301339,通行宝,13.19,0.06,0.457,13.18,13.19,13.13,13.19,13.2,13.12,775110.0,10197115.0,10:19:12
sz301345,涛涛车业,235.95,14.21,6.408,235.95,236.0,221.74,223.0,242.88,222.69,1789712.0,422917955.0,10:19:12
sz301348,蓝箭电子,24.64,0.29,1.191,24.64,24.65,24.35,24.34,24.74,24.15,2116717.0,51812728.0,10:19:12
sz301349,信德新材,61.35,0.0,0.0,61.35,61.37,61.35,61.92,61.95,60.37,1873823.0,114702203.0,10:19:12
sz301353,普莱得,27.75,-0.08,-0.287,27.75,27.77,27.83,27.91,28.01,27.62,286600.0,7970387.0,10:19:12
sz301355,南王科技,12.43,-0.02,-0.161,12.42,12.43,12.45,12.45,12.61,12.29,1181000.0,14633547.0,10:19:12
sz301356,天振股份,21.69,0.02,0.092,21.66,21.7,21.67,21.68,21.73,21.46,305400.0,6590654.0,10:18:54
sz301357,北方长龙,113.58,-1.51,-1.312,113.51,113.58,115.09,113.06,114.8,113.06,1031221.0,117244543.0,10:19:12
sz301358,湖南裕能,82.9,2.03,2.51,82.91,82.93,80.87,82.0,84.88,80.23,14419579.0,1201339494.0,10:19:12
sz301359,东南电子,21.29,0.19,0.9,21.29,21.31,21.1,21.09,21.37,20.86,355840.0,7502632.0,10:19:12
sz301360,荣旗科技,80.64,5.64,7.52,80.61,80.64,75.0,75.9,80.78,75.63,2006987.0,157998521.0,10:19:12
sz301361,众智科技,38.34,0.27,0.709,38.34,38.35,38.07,38.15,38.5,37.7,665600.0,25385866.0,10:19:06
sz301362,民爆光电,150.03,-1.84,-1.212,150.03,150.16,151.87,149.1,151.47,141.0,2342710.0,340735335.0,10:19:12
sz301363,美好医疗,26.13,0.08,0.307,26.12,26.13,26.05,26.06,26.19,25.82,1630168.0,42397058.0,10:19:12
sz301365,矩阵股份,30.38,-0.22,-0.719,30.37,30.38,30.6,30.64,30.82,30.13,1117900.0,33982596.0,10:19:12
sz301366,一博科技,34.27,0.69,2.055,34.24,34.27,33.58,34.58,34.68,33.8,1205280.0,41193649.0,10:19:12
sz301367,瑞迈特,69.33,-0.31,-0.445,69.32,69.42,69.64,69.65,69.89,68.83,204166.0,14121059.0,10:19:09
sz301368,丰立智能,53.98,0.84,1.581,53.98,53.99,53.14,55.0,55.88,53.7,1389600.0,75829398.0,10:19:12
sz301369,联动科技,169.78,13.47,8.617,169.78,169.83,156.31,156.0,174.99,156.0,1761574.0,298666669.0,10:19:12
sz301370,国科恒泰,10.45,-0.23,-2.154,10.45,10.46,10.68,10.6,10.63,10.42,2137600.0,22419501.0,10:19:12
sz301371,敷尔佳,24.1,0.15,0.626,24.09,24.1,23.95,24.12,24.18,23.77,471300.0,11314158.0,10:19:09
sz301372,科净源,33.39,0.81,2.486,33.26,33.38,32.58,32.58,33.43,31.34,2595552.0,84075586.0,10:19:15
sz301373,凌玮科技,88.8,1.8,2.069,88.77,88.85,87.0,85.96,91.0,83.0,4420869.0,382605372.0,10:19:15
sz301376,致欧科技,16.63,0.58,3.614,16.63,16.66,16.05,16.12,16.84,16.06,3872179.0,63975927.0,10:19:15
sz301377,鼎泰高科,222.96,5.66,2.605,222.88,223.6,217.3,220.0,223.89,207.02,3994714.0,855717856.0,10:19:15
sz301378,通达海,32.24,0.29,0.908,32.22,32.24,31.95,32.0,32.28,31.9,402100.0,12902671.0,10:19:12
sz301379,天山电子,25.64,0.33,1.304,25.61,25.63,25.31,25.3,25.74,25.2,857595.0,21852185.0,10:19:15
sz301380,挖金客,33.6,0.54,1.633,33.6,33.62,33.06,33.06,33.75,33.05,558800.0,18724196.0,10:19:09
sz301381,赛维时代,20.61,0.11,0.537,20.61,20.65,20.5,20.49,20.77,20.49,949137.0,19550440.0,10:19:12
sz301382,蜂助手,40.23,5.23,14.943,40.21,40.22,35.0,36.88,42.0,36.88,38564793.0,1541984024.0,10:19:15
sz301383,天键股份,28.76,0.07,0.244,28.75,28.79,28.69,28.7,28.82,28.32,496572.0,14192077.0,10:19:06
sz301386,未来电器,25.78,-0.19,-0.732,25.78,25.8,25.97,26.0,26.05,25.46,729989.0,18735792.0,10:19:09
sz301387,光大同创,61.43,0.2,0.327,61.46,61.52,61.23,61.7,62.29,60.64,859900.0,52987404.0,10:19:15
sz301388,欣灵电气,32.1,-0.1,-0.311,32.1,32.12,32.2,32.2,32.5,31.6,917297.0,29283245.0,10:19:15
sz301389,隆扬电子,58.15,0.53,0.92,58.15,58.16,57.62,57.74,58.88,56.7,4104832.0,236027984.0,10:19:15
sz301390,经纬股份,35.24,-0.21,-0.592,35.22,35.24,35.45,35.41,35.52,34.96,401200.0,14154785.0,10:19:15
sz301391,卡莱特,81.02,-1.33,-1.615,81.05,81.31,82.35,82.43,83.4,81.02,752900.0,62100288.0,10:19:15
sz301392,汇成真空,150.39,0.64,0.427,150.39,150.4,149.75,153.75,155.0,148.0,1368810.0,206469527.0,10:19:15
sz301393,昊帆生物,58.61,-0.99,-1.661,58.61,58.71,59.6,59.61,59.81,58.42,1293303.0,76148832.0,10:19:15
sz301395,仁信新材,12.54,0.15,1.211,12.52,12.54,12.39,12.38,12.76,12.18,5203330.0,65138160.0,10:19:15
sz301396,宏景科技,275.26,34.08,14.131,274.3,275.26,241.18,248.01,284.44,248.01,8397743.0,2261018811.0,10:19:15
sz301397,溯联股份,35.92,1.47,4.267,35.92,35.97,34.45,34.68,36.29,34.4,3037460.0,107681037.0,10:19:15
sz301398,星源卓镁,48.65,0.84,1.757,48.63,48.65,47.81,48.1,49.39,47.85,1178840.0,57384050.0,10:19:15
sz301399,英特科技,24.28,0.2,0.831,24.27,24.29,24.08,24.07,24.7,24.07,2769752.0,67553333.0,10:19:15
sz301408,华人健康,20.36,-0.42,-2.021,20.36,20.38,20.78,21.23,21.58,20.05,32117398.0,661220050.0,10:19:15
sz301413,安培龙,123.9,2.2,1.808,123.9,123.92,121.7,124.52,127.23,123.6,2560484.0,320532804.0,10:19:15
sz301418,协昌科技,39.39,0.21,0.536,39.38,39.41,39.18,39.38,39.59,39.17,193200.0,7602411.0,10:19:15
sz301419,阿莱德,45.77,1.27,2.854,45.74,45.76,44.5,43.99,45.8,43.68,2878729.0,128812614.0,10:19:15
sz301421,波长光电,94.52,0.89,0.951,94.51,94.55,93.63,94.06,95.35,93.15,1060500.0,99944602.0,10:19:15
sz301428,世纪恒通,34.64,0.91,2.698,34.64,34.69,33.73,33.93,34.87,33.77,3057810.0,105519913.0,10:19:15
sz301429,森泰股份,19.37,0.08,0.415,19.37,19.41,19.29,19.38,19.45,19.14,389900.0,7529583.0,10:19:12
sz301439,泓淋电力,16.01,0.03,0.188,16.01,16.02,15.98,16.08,16.11,15.8,1070700.0,17091821.0,10:19:03
sz301446,福事特,37.64,0.55,1.483,37.62,37.64,37.09,37.51,38.0,37.08,282100.0,10566338.0,10:19:15
sz301448,开创电气,38.65,0.4,1.046,38.66,38.67,38.25,38.24,38.79,38.08,498800.0,19156871.0,10:19:12
sz301449,天溯计量,79.49,-0.69,-0.861,79.48,79.49,80.18,80.07,80.57,79.46,606000.0,48386422.0,10:19:15
sz301456,盘古智能,29.22,-0.03,-0.103,29.22,29.23,29.25,29.43,29.43,28.89,367906.0,10718853.0,10:19:15
sz301458,钧崴电子,35.03,0.39,1.126,35.03,35.05,34.64,34.89,35.23,34.74,1457560.0,51056281.0,10:19:15
sz301459,丰茂股份,38.53,0.25,0.653,38.51,38.53,38.28,38.67,38.67,38.11,215300.0,8266769.0,10:19:15
sz301468,博盈特焊,53.68,0.04,0.075,53.68,53.69,53.64,53.1,54.55,52.8,2401002.0,129111549.0,10:19:15
sz301469,恒达新材,34.03,0.45,1.34,34.02,34.03,33.58,33.98,34.15,33.39,363300.0,12288415.0,10:19:15
sz301479,弘景光电,98.85,-1.0,-1.002,98.8,98.86,99.85,99.25,100.25,97.53,1314214.0,129879263.0,10:19:15
sz301486,致尚科技,169.3,0.94,0.558,169.21,169.3,168.36,165.99,171.5,165.88,2169175.0,365590678.0,10:19:15
sz301487,盟固利,22.28,0.48,2.202,22.27,22.28,21.8,22.0,22.63,21.85,6867315.0,153441197.0,10:19:15
sz301488,豪恩汽电,134.79,1.53,1.148,134.79,134.9,133.26,134.88,136.0,133.39,402100.0,54172937.0,10:19:15
sz301489,思泉新材,209.91,11.41,5.748,209.91,210.06,198.5,197.19,211.83,197.19,2272320.0,465004942.0,10:19:15
sz301491,汉桑科技,50.72,-0.01,-0.02,50.73,50.77,50.73,50.72,50.99,50.43,175033.0,8862375.0,10:19:15
sz301498,乖宝宠物,53.13,-0.29,-0.543,53.14,53.15,53.42,52.72,53.4,52.03,3415540.0,179948467.0,10:19:15
sz301499,维科精密,35.38,1.68,4.985,35.38,35.39,33.7,34.78,36.33,34.33,4779400.0,169815497.0,10:19:15
sz301500,飞南资源,23.88,0.24,1.015,23.86,23.87,23.64,23.64,24.3,23.41,5598794.0,134659344.0,10:19:15
sz301501,恒鑫生活,37.65,-0.02,-0.053,37.65,37.66,37.67,37.77,37.78,37.59,144100.0,5425419.0,10:19:09
sz301502,华阳智能,45.14,1.34,3.059,45.14,45.2,43.8,43.79,46.29,43.77,1387646.0,62260341.0,10:19:12
sz301503,智迪科技,35.79,0.27,0.76,35.74,35.77,35.52,35.81,35.81,35.47,120200.0,4285585.0,10:19:15
sz301505,苏州规划,22.0,0.02,0.091,21.99,22.0,21.98,21.99,22.1,21.77,436000.0,9551064.0,10:19:12
sz301507,民生健康,14.24,-0.14,-0.974,14.23,14.24,14.38,14.37,14.37,14.14,1386094.0,19707337.0,10:19:15
sz301508,中机认检,29.48,0.11,0.375,29.48,29.5,29.37,29.48,29.52,29.31,278100.0,8181379.0,10:19:15
sz301509,金凯生科,46.15,-0.49,-1.051,46.15,46.18,46.64,46.75,46.98,45.71,2494458.0,115049772.0,10:19:15
sz301510,固高科技,30.77,0.26,0.852,30.76,30.77,30.51,30.65,30.88,30.4,1578356.0,48362546.0,10:19:15
sz301511,德福科技,47.63,0.57,1.211,47.63,47.67,47.06,46.99,47.68,46.15,13113550.0,616845791.0,10:19:15
sz301512,智信精密,45.84,-0.07,-0.152,45.81,45.89,45.91,46.19,46.52,45.51,184600.0,8458428.0,10:19:15
sz301515,港通医疗,22.63,0.0,0.0,22.63,22.64,22.63,22.62,22.67,22.25,519100.0,11666115.0,10:19:12
sz301516,中远通,20.2,0.1,0.498,20.14,20.19,20.1,19.96,20.35,19.65,3677401.0,73611841.0,10:19:15
sz301517,陕西华达,69.35,0.5,0.726,69.35,69.36,68.85,68.19,69.57,67.66,4050470.0,277658988.0,10:19:15
sz301518,长华化学,41.32,0.75,1.849,41.31,41.32,40.57,40.41,41.82,40.01,904900.0,37024102.0,10:19:15
sz301519,舜禹股份,14.03,0.06,0.429,14.02,14.03,13.97,13.98,14.06,13.77,536200.0,7455157.0,10:19:15
sz301520,万邦医药,44.62,-1.28,-2.789,44.62,44.63,45.9,45.26,45.39,44.6,854900.0,38343722.0,10:19:15
sz301522,上大股份,32.23,0.17,0.53,32.22,32.24,32.06,32.1,32.36,31.91,1323838.0,42534792.0,10:19:15
sz301525,儒竞科技,72.43,1.02,1.428,72.37,72.43,71.41,71.42,72.66,71.42,280600.0,20211408.0,10:19:15
sz301526,国际复材,14.22,-0.04,-0.281,14.22,14.23,14.26,14.4,14.58,13.85,88112445.0,1251911510.0,10:19:15
sz301528,多浦乐,67.13,1.23,1.866,67.12,67.17,65.9,65.92,67.28,65.79,451573.0,30012522.0,10:19:15
sz301529,福赛科技,115.49,0.16,0.139,115.37,115.49,115.33,125.33,138.34,115.02,3409875.0,411581932.0,10:19:15
sz301533,威马农机,32.35,0.1,0.31,32.34,32.36,32.25,32.24,32.49,32.12,215371.0,6944825.0,10:19:12
sz301535,浙江华远,19.65,0.08,0.409,19.65,19.66,19.57,19.51,19.78,19.51,724300.0,14219720.0,10:19:12
sz301536,星宸科技,75.88,1.29,1.729,75.88,75.93,74.59,75.08,76.5,74.65,1759232.0,132751537.0,10:19:15
sz301538,骏鼎达,80.4,0.4,0.5,80.35,80.43,80.0,80.5,80.6,79.43,230630.0,18466489.0,10:19:12
sz301539,宏鑫科技,19.2,0.04,0.209,19.18,19.2,19.16,19.27,19.27,19.03,267200.0,5116479.0,10:19:12
sz301548,崇德科技,71.02,0.42,0.595,71.07,71.1,70.6,70.59,71.88,70.29,355701.0,25291264.0,10:19:15
sz301550,斯菱智驱,158.84,0.14,0.088,158.8,158.84,158.7,166.0,170.7,158.28,4734480.0,783604143.0,10:19:15
sz301551,无线传媒,29.7,0.17,0.576,29.69,29.7,29.53,29.55,29.92,29.53,932700.0,27724123.0,10:19:09
sz301552,科力装备,42.51,0.51,1.214,42.5,42.51,42.0,42.0,42.95,41.83,758175.0,32087859.0,10:19:06
sz301555,惠柏新材,35.9,0.24,0.673,35.88,35.9,35.66,35.64,36.06,35.2,697800.0,24898203.0,10:19:15
sz301556,托普云农,84.66,1.34,1.608,84.65,84.66,83.32,83.5,84.79,83.5,495000.0,41616283.0,10:19:15
sz301557,常友科技,116.23,2.12,1.858,116.22,116.23,114.11,112.99,117.5,112.99,939800.0,108534238.0,10:19:15
sz301558,三态股份,8.27,0.09,1.1,8.27,8.28,8.18,8.19,8.28,8.16,2089600.0,17200175.0,10:19:15
sz301559,中集环科,17.2,0.5,2.994,17.2,17.21,16.7,16.78,17.35,16.78,2051600.0,35104990.0,10:19:15
sz301560,众捷汽车,42.95,-0.21,-0.487,42.93,42.95,43.16,43.16,43.5,42.59,445000.0,19162278.0,10:19:15
sz301563,云汉芯城,161.58,1.59,0.994,161.52,161.6,159.99,162.0,162.98,159.17,570439.0,91907920.0,10:19:15
sz301565,中仑新材,21.8,0.09,0.415,21.8,21.81,21.71,21.89,21.92,21.57,617100.0,13442784.0,10:19:15
sz301566,达利凯普,21.12,0.33,1.587,21.12,21.13,20.79,20.78,21.17,20.68,2507500.0,52540635.0,10:19:15
sz301567,贝隆精密,42.74,0.2,0.47,42.7,42.74,42.54,42.55,43.16,42.26,244600.0,10404180.0,10:19:15
sz301568,思泰克,55.07,-0.13,-0.236,55.07,55.09,55.2,54.98,55.54,54.3,1391200.0,76242360.0,10:19:15
sz301571,国科天成,73.9,2.28,3.183,73.91,73.95,71.62,71.96,75.17,71.69,2564823.0,188949605.0,10:19:15
sz301575,艾芬达,45.4,0.18,0.398,45.37,45.4,45.22,45.46,45.46,45.1,106697.0,4834576.0,10:19:15
sz301577,美信科技,62.3,0.1,0.161,62.3,62.34,62.2,62.21,62.49,61.6,246100.0,15246789.0,10:19:15
sz301578,辰奕智能,33.53,-0.08,-0.238,33.53,33.54,33.61,33.72,33.72,33.26,158200.0,5285909.0,10:19:12
sz301580,爱迪特,68.66,-0.53,-0.766,68.66,68.72,69.19,69.0,70.5,68.11,2090885.0,143829978.0,10:19:15
sz301581,黄山谷捷,45.83,0.34,0.747,45.82,45.84,45.49,46.0,46.0,45.2,83100.0,3798040.0,10:19:15
sz301584,建发致新,28.15,-0.88,-3.031,28.12,28.13,29.03,28.45,28.5,28.02,3476751.0,97901231.0,10:19:15
sz301585,蓝宇股份,28.05,0.09,0.322,28.04,28.07,27.96,27.96,28.15,27.74,287900.0,8047524.0,10:19:15
sz301586,佳力奇,43.8,-0.15,-0.341,43.8,43.83,43.95,44.1,44.19,43.39,381551.0,16631124.0,10:19:15
sz301587,中瑞股份,26.93,-0.05,-0.185,26.92,26.93,26.98,27.11,27.38,26.89,2736650.0,74267275.0,10:19:15
sz301588,美新科技,22.28,0.23,1.043,22.26,22.29,22.05,22.41,22.78,21.83,2115300.0,46780599.0,10:19:15
sz301589,诺瓦星云,175.7,-0.16,-0.091,175.62,175.78,175.86,175.0,178.02,174.11,293862.0,51849654.0,10:19:09
sz301590,优优绿能,182.73,1.77,0.978,182.73,182.79,180.96,181.02,183.47,181.02,160009.0,29212574.0,10:19:12
sz301591,肯特股份,42.66,0.3,0.708,42.64,42.66,42.36,42.61,42.72,42.03,351279.0,14911281.0,10:19:12
sz301592,六九一二,124.93,-2.25,-1.769,124.92,124.95,127.18,127.21,128.0,122.81,1036600.0,129854995.0,10:19:15
sz301595,太力科技,48.65,-0.1,-0.205,48.64,48.69,48.75,48.51,49.75,48.38,710000.0,34654721.0,10:19:15
sz301596,瑞迪智驱,69.63,0.62,0.898,69.62,69.67,69.01,69.42,70.17,69.06,231640.0,16115996.0,10:19:09
sz301598,博科测试,61.23,0.79,1.307,61.2,61.22,60.44,60.9,61.45,60.6,182100.0,11122775.0,10:18:18
sz301600,慧翰股份,105.6,0.18,0.171,105.59,105.6,105.42,105.42,106.5,105.0,261500.0,27601055.0,10:19:12
sz301601,惠通科技,23.1,0.11,0.478,23.07,23.1,22.99,22.99,23.14,22.9,177000.0,4071094.0,10:19:00
sz301602,超研股份,19.22,-0.13,-0.672,19.21,19.23,19.35,19.34,19.38,19.1,807500.0,15490073.0,10:18:48
sz301603,乔锋智能,88.6,13.26,17.6,88.41,88.6,75.34,79.65,90.41,79.2,9242742.0,790042406.0,10:19:15
sz301606,绿联科技,75.18,0.46,0.616,75.16,75.17,74.72,75.1,75.55,74.58,783761.0,58917603.0,10:19:15
sz301607,富特科技,48.47,0.87,1.828,48.47,48.49,47.6,47.82,48.88,47.5,1364940.0,65957070.0,10:19:12
sz301608,博实结,86.38,0.61,0.711,86.32,86.38,85.77,85.99,86.74,85.75,235911.0,20342038.0,10:19:09
sz301609,山大电力,47.51,-0.67,-1.391,47.53,47.58,48.18,47.89,47.9,47.12,1422586.0,67383916.0,10:19:15
sz301611,珂玛科技,98.15,-0.85,-0.859,98.08,98.15,99.0,100.0,100.2,97.09,4709774.0,465978872.0,10:19:15
sz301613,新铝时代,47.49,0.66,1.409,47.49,47.5,46.83,46.98,47.79,46.98,455659.0,21582952.0,10:19:12
sz301616,浙江华业,51.27,0.67,1.324,51.27,51.28,50.6,50.65,51.36,50.52,293014.0,14928371.0,10:19:15
sz301617,博苑股份,57.13,0.31,0.546,57.09,57.11,56.82,56.99,57.5,56.7,503500.0,28770598.0,10:19:15
sz301618,长联科技,48.61,0.33,0.684,48.58,48.63,48.28,48.27,48.67,48.16,97520.0,4727435.0,10:19:12
sz301622,英思特,63.5,-0.5,-0.781,63.5,63.56,64.0,64.01,64.33,63.25,602889.0,38340166.0,10:19:15
sz301626,苏州天脉,273.29,-1.89,-0.687,273.0,273.47,275.18,276.04,276.72,272.0,510008.0,139594316.0,10:19:09
sz301628,强达电路,108.58,0.33,0.305,108.51,108.58,108.25,108.58,109.5,107.0,680500.0,73524455.0,10:19:15
sz301629,矽电股份,280.65,-1.58,-0.56,280.35,280.65,282.23,280.88,284.0,275.01,718321.0,200752881.0,10:19:15
sz301630,同宇新材,229.45,7.22,3.249,229.09,229.44,222.23,221.99,232.77,218.6,818807.0,183343332.0,10:19:12
sz301631,壹连科技,102.5,-0.49,-0.476,102.5,102.58,102.99,101.27,106.0,98.7,3018915.0,307803877.0,10:19:15
sz301632,广东建科,20.97,-0.07,-0.333,20.97,20.98,21.04,21.18,21.18,20.82,663252.0,13890624.0,10:19:15
sz301633,港迪技术,62.58,0.28,0.449,62.56,62.58,62.3,62.3,62.7,61.96,91100.0,5671792.0,10:19:15
sz301636,泽润新能,77.88,6.89,9.706,77.87,77.88,70.99,70.67,80.89,69.33,3945877.0,295576301.0,10:19:15
sz301638,南网数字,28.5,-0.97,-3.291,28.49,28.5,29.47,28.81,28.9,28.13,23687810.0,676394683.0,10:19:15
sz301656,联合动力,21.73,0.01,0.046,21.72,21.73,21.72,21.79,21.81,21.66,1745731.0,37941010.0,10:19:12
sz301658,首航新能,41.2,0.13,0.317,41.2,41.22,41.07,41.0,41.6,40.57,3837512.0,157809870.0,10:19:15
sz301662,宏工科技,144.71,4.74,3.386,144.67,144.71,139.97,140.0,146.88,139.99,1161498.0,168174930.0,10:19:12
sz301665,泰禾股份,26.9,0.01,0.037,26.89,26.91,26.89,26.88,27.01,26.79,839122.0,22561048.0,10:19:12
sz301666,N大普微,233.01,186.93,405.664,232.98,233.01,46.08,207.23,245.04,199.99,15281350.0,3299494322.0,10:19:15
sz301667,纳百川,102.26,-0.64,-0.622,102.26,102.37,102.9,103.51,106.8,102.19,3658615.0,382339056.0,10:19:15
sz301668,昊创瑞通,51.0,-0.23,-0.449,51.0,51.01,51.23,51.0,51.43,50.58,608869.0,31056133.0,10:19:12
sz301678,新恒汇,63.0,0.41,0.655,62.95,63.0,62.59,62.59,63.29,62.21,501792.0,31501625.0,10:19:15
sz301680,固德电材,106.07,-1.91,-1.769,106.07,106.1,107.98,107.17,108.43,105.3,1241801.0,132022525.0,10:19:15
sz301682,宏明电子,124.01,-1.7,-1.352,124.0,124.01,125.71,126.28,128.0,123.6,3098820.0,388026833.0,10:19:15
sz301683,慧谷新材,125.61,-5.06,-3.872,125.61,125.62,130.67,129.11,129.5,123.8,1932669.0,243809406.0,10:19:15
sz301687,新广益,57.05,0.43,0.759,57.05,57.06,56.62,56.5,57.77,56.11,1111105.0,63489667.0,10:19:15
sz301696,C三瑞,112.79,-1.2,-1.053,112.79,112.8,113.99,112.34,115.5,108.0,5237394.0,584430591.0,10:19:15
sz302132,中航成飞,68.9,-0.25,-0.362,68.88,68.9,69.15,69.16,69.72,68.41,2049415.0,141164948.0,10:19:15
