日期时间,代码,中文名称,英文名称,交易类型,最新价,涨跌额,涨跌幅,昨收,今开,最高,最低,成交量,成交额,买一,卖一
2026/04/16 13:06:23,00001,长和,CKH HOLDINGS,,64.0,0.05,0.07819,63.95,64.35,65.0,63.9,3292087,211687319,63.95,64.0
2026/04/16 13:01:24,00002,中电控股,CLP HOLDINGS,,74.3,-0.1,-0.13441,74.4,74.6,75.1,74.05,1365698,101614159,74.2,74.3
2026/04/16 13:07:00,00003,香港中华煤气,HK & CHINA GAS,,7.27,0.0,0.0,7.27,7.27,7.32,7.24,9537277,69381166,7.26,7.27
2026/04/16 13:06:51,00004,九龙仓集团,WHARF HOLDINGS,,21.84,0.06,0.27548,21.78,21.66,21.96,21.44,988691,21508245,21.84,21.86
2026/04/16 13:07:10,00005,汇丰控股,HSBC HOLDINGS,,141.7,0.3,0.21216,141.4,141.3,142.1,141.0,3517826,498716659,141.60001,141.7
2026/04/16 13:06:30,00006,电能实业,POWER ASSETS,,63.3,-0.4,-0.62794,63.7,63.7,64.15,63.3,748087,47531972,63.3,63.35
2026/04/16 08:55:00,00007,智富资源投资,WISDOM WEALTH,,0.032,0.0,0.0,0.032,0.0,0.0,0.0,0,0,0.0,0.0
2026/04/16 13:05:47,00008,电讯盈科,PCCW,,6.02,0.03,0.50084,5.99,5.97,6.04,5.97,1717477,10324478,6.01,6.02
2026/04/16 13:07:09,00010,恒隆集团,HANG LUNG GROUP,,16.58,-0.43,-2.52793,17.01,16.9,16.9,16.43,303000,5044575,16.6,16.61
2026/04/16 13:07:01,00012,恒基地产,HENDERSON LAND,,30.14,-0.5,-1.63185,30.64,30.58,30.78,30.12,2529042,76662856,30.12,30.16
2026/04/16 13:07:07,00013,和黄医药,HUTCHMED,,24.06,-0.24,-0.98765,24.3,24.08,24.36,23.88,1551993,37311987,24.02,24.06
2026/04/16 13:02:39,00014,希慎兴业,HYSAN DEV,,19.0,-0.32,-1.65632,19.32,19.32,19.33,18.95,873627,16643828,18.97,19.0
2026/04/16 13:06:33,00016,新鸿基地产,SHK PPT,,137.3,-0.2,-0.14546,137.5,136.9,138.2,136.0,2694274,369340989,137.3,137.39999
2026/04/16 13:07:00,00017,新世界发展,NEW WORLD DEV,,8.85,0.07,0.79727,8.78,8.81,8.87,8.74,972149,8568216,8.83,8.85
2026/04/16 11:36:55,00018,东方传媒集团,ORIENTAL M G,,0.28,-0.01,-3.44828,0.29,0.29,0.29,0.28,14000,4020,0.28,0.295
2026/04/16 13:06:29,00019,太古股份公司Ａ,SWIRE PACIFIC A,,85.5,-0.25,-0.29155,85.75,85.75,87.75,85.0,314701,27017202,85.4,85.5
2026/04/16 13:07:09,00020,商汤－Ｗ,SENSETIME-W,,2.08,0.03,1.46342,2.05,2.06,2.09,2.05,151367551,313555200,2.07,2.08
2026/04/16 13:00:00,00021,大中华控股,GREAT CHI HLDGS,,0.075,0.0,0.0,0.075,0.0,0.0,0.0,0,0,0.072,0.08
2026/04/16 13:07:08,00022,茂盛控股,MEXAN,,0.275,0.0,0.0,0.275,0.28,0.28,0.275,10020000,2764800,0.275,0.28
2026/04/16 13:01:07,00023,东亚银行,BANK OF E ASIA,,13.67,-0.13,-0.94203,13.8,13.63,13.72,13.61,432460,5906440,13.64,13.67
2026/04/16 13:00:17,00025,CHEVALIER INT'L,CHEVALIER INT'L,,4.05,0.0,0.0,4.05,0.0,0.0,0.0,0,0,4.05,4.29
2026/04/16 11:29:17,00026,中华汽车,CHINA MOTOR BUS,,57.05,0.0,0.0,57.05,0.0,0.0,0.0,0,0,56.8,58.0
2026/04/16 13:06:45,00027,银河娱乐,GALAXY ENT,,34.98,0.42,1.21528,34.56,34.74,35.14,34.62,3797819,132401581,34.94,34.98
2026/04/16 11:59:35,00028,天安,TIAN AN,,4.34,-0.07,-1.5873,4.41,4.34,4.34,4.34,3000,13020,4.35,4.45
2026/04/16 13:00:02,00029,达力集团,DYNAMIC HOLD,,11.1,0.0,0.0,11.1,11.1,11.1,11.1,8120,90110,11.04,11.33
2026/04/16 11:16:36,00030,云白国际,YNBY INTL,,0.255,0.0,0.0,0.255,0.255,0.255,0.25,104000,26270,0.25,0.255
2026/04/16 11:57:31,00031,航天控股,CHINA AEROSPACE,,0.49,0.0,0.0,0.49,0.49,0.49,0.48,2612000,1265340,0.485,0.49
2026/04/16 13:00:01,00032,港通控股,CROSS-HAR(HOLD),,8.5,0.03,0.35419,8.47,8.47,8.5,8.47,18200,154252,8.5,8.7
2026/04/16 08:55:00,00033,INTL GENIUS,INTL GENIUS,,0.4,0.0,0.0,0.4,0.0,0.0,0.0,0,0,0.0,0.0
2026/04/16 13:06:10,00034,九龙建业,KOWLOON DEV,,4.66,0.02,0.43103,4.64,4.64,4.7,4.64,99000,462500,4.67,4.7
2026/04/16 10:31:11,00035,远东发展,FE CONSORT INTL,,0.77,-0.01,-1.28205,0.78,0.78,0.78,0.77,107000,82960,0.77,0.78
2026/04/16 08:55:00,00036,远东控股国际,FE HLDGS INTL,,0.275,0.0,0.0,0.275,0.0,0.0,0.0,0,0,0.0,0.0
2026/04/16 13:00:05,00037,远东酒店实业,FE HOTELS,,0.53,0.0,0.0,0.53,0.53,0.53,0.53,30000,15900,0.52,0.53
2026/04/16 13:06:03,00038,第一拖拉机股份,FIRST TRACTOR,,8.18,-0.01,-0.1221,8.19,8.27,8.35,8.1,2370735,19355667,8.18,8.22
2026/04/16 08:55:00,00039,中国北大荒,CH BEIDAHUANG,,0.045,0.0,0.0,0.045,0.0,0.0,0.0,0,0,0.0,0.0
2026/04/16 09:30:19,00040,金山科技工业,GOLD PEAK,,0.69,0.0,0.0,0.69,0.0,0.0,0.0,0,0,0.69,0.7
2026/04/16 13:00:14,00041,鹰君,GREAT EAGLE H,,17.8,-0.08,-0.44743,17.88,17.64,17.83,17.64,100000,1775290,17.71,17.79
2026/04/16 13:02:01,00042,东北电气,NE ELECTRIC,,0.41,0.005,1.23457,0.405,0.41,0.42,0.405,676000,280290,0.405,0.41
2026/04/16 13:04:29,00045,大酒店,HK&S HOTELS,,5.98,0.01,0.1675,5.97,5.98,6.01,5.97,39000,233085,5.97,5.99
2026/04/16 11:54:55,00046,科联系统,COMPUTER & TECH,,1.21,-0.03,-2.41936,1.24,1.25,1.25,1.21,46000,56500,1.21,1.25
2026/04/16 13:00:17,00048,中国汽车内饰,C AUTO INT DECO,,0.249,0.0,0.0,0.249,0.0,0.0,0.0,0,0,0.24,0.249
2026/04/16 11:07:47,00050,香港小轮（集团）,HK FERRY (HOLD),,5.11,0.0,0.0,5.11,5.11,5.11,5.11,7000,35770,5.12,5.16
2026/04/16 13:00:44,00051,海港企业,HARBOUR CENTRE,,4.42,0.0,0.0,4.42,0.0,0.0,0.0,0,0,4.32,4.45
2026/04/16 11:51:13,00052,大快活集团,FAIRWOOD HOLD,,3.99,-0.03,-0.74627,4.02,4.01,4.01,3.98,52000,207615,3.98,3.99
2026/04/16 10:17:39,00053,国浩集团,GUOCO GROUP,,68.9,0.0,0.0,68.9,0.0,0.0,0.0,0,0,68.7,69.8
2026/04/16 11:41:03,00055,中星集团控股,NEWAY GROUP,,0.184,-0.005,-2.6455,0.189,0.195,0.195,0.13,870000,147960,0.178,0.182
2026/04/16 11:14:27,00057,震雄集团,CHEN HSONG HOLD,,1.62,0.02,1.25,1.6,1.61,1.62,1.61,104000,168260,1.61,1.62
2026/04/16 10:51:41,00058,新威国际,SUNWAY INT'L,,0.28,-0.03,-9.67742,0.31,0.295,0.295,0.28,100000,28300,0.28,0.305
2026/04/16 08:55:00,00059,天誉置业,SKYFAME REALTY,,0.01,0.0,0.0,0.01,0.0,0.0,0.0,0,0,0.0,0.0
2026/04/16 09:30:11,00060,香港食品投资,HK FOOD INV,,0.495,0.0,0.0,0.495,0.0,0.0,0.0,0,0,0.485,0.495
2026/04/16 12:57:56,00061,绿领控股,GREEN LEADER,,0.069,0.0,0.0,0.069,0.0,0.0,0.0,0,0,0.068,0.071
2026/04/16 13:06:52,00062,载通,TRANSPORT INT'L,,10.89,-0.03,-0.27473,10.92,10.93,10.93,10.82,28425,309234,10.88,10.92
2026/04/16 11:00:23,00063,中亚烯谷集团,CHI ASIA VALLEY,,0.047,0.0,0.0,0.047,0.0,0.0,0.0,0,0,0.044,0.048
2026/04/16 11:55:40,00064,结好控股,GET NICE,,3.1,0.01,0.32363,3.09,3.1,3.1,3.07,22150,68296,3.08,3.1
2026/04/16 09:40:53,00065,弘海高新资源,GRAND OCEAN AR,,0.3,0.0,0.0,0.3,0.0,0.0,0.0,0,0,0.29,0.31
2026/04/16 13:06:37,00066,港铁公司,MTR CORPORATION,,34.26,0.26,0.76471,34.0,33.82,34.5,33.72,3385371,115561870,34.22,34.26
2026/04/16 11:55:41,00069,香格里拉（亚洲）,SHANGRI-LA ASIA,,4.47,-0.02,-0.44543,4.49,4.49,4.49,4.45,224000,1002240,4.46,4.47
2026/04/16 09:45:12,00070,金粤控股,RICH GOLDMAN,,0.054,0.0,0.0,0.054,0.0,0.0,0.0,0,0,0.049,0.054
2026/04/16 11:34:43,00071,美丽华酒店,MIRAMAR HOTEL,,10.88,0.11,1.02136,10.77,10.8,10.88,10.8,2000,21680,10.81,10.88
2026/04/16 13:00:13,00072,超媒体控股,META MEDIA,,0.25,0.0,0.0,0.25,0.0,0.0,0.0,0,0,0.216,0.29
2026/04/16 13:00:10,00073,亚洲果业,ASIAN CITRUS,,1.8,0.0,0.0,1.8,0.0,0.0,0.0,0,0,1.87,2.0
2026/04/16 10:03:40,00075,渝太地产,Y.T. REALTY,,0.147,-0.003,-2.0,0.15,0.147,0.147,0.147,2000,294,0.147,0.147
2026/04/16 11:57:01,00076,谊砾控股,ELATE HOLDINGS,,0.168,0.002,1.20482,0.166,0.168,0.168,0.168,20811,3484,0.161,0.168
2026/04/16 09:04:28,00077,进智公共交通,AMS TRANSPORT,,0.43,0.0,0.0,0.43,0.0,0.0,0.0,0,0,0.42,0.43
2026/04/16 10:38:51,00078,REGAL INT'L,REGAL INT'L,,0.52,-0.01,-1.88679,0.53,0.51,0.52,0.51,9000,4610,0.51,0.53
2026/04/16 13:00:17,00079,世纪建业,CENTURY LEGEND,,0.083,0.0,0.0,0.083,0.0,0.0,0.0,0,0,0.078,0.085
2026/04/16 13:00:16,00080,ＣＡＩ控股,CAI CORP,,0.4,0.0,0.0,0.4,0.4,0.4,0.395,660000,261250,0.395,0.4
2026/04/16 13:06:54,00081,中国海外宏洋集团,CH OVS G OCEANS,,2.73,0.05,1.86567,2.68,2.68,2.75,2.68,2364000,6442210,2.72,2.73
2026/04/16 11:42:00,00082,疯狂体育,CRAZY SPORTS,,0.084,0.0,0.0,0.084,0.083,0.084,0.082,202000,16588,0.082,0.084
2026/04/16 13:00:08,00083,信和置业,SINO LAND,,11.87,0.05,0.42301,11.82,11.93,11.93,11.74,646315,7629453,11.81,11.84
2026/04/16 09:04:27,00084,宝光实业,STELUX HOLDINGS,,0.069,0.0,0.0,0.069,0.0,0.0,0.0,0,0,0.063,0.069
2026/04/16 13:00:09,00085,中电华大科技,CE HUADA TECH,,1.19,0.02,1.7094,1.17,1.19,1.21,1.17,1168000,1391940,1.18,1.19
2026/04/16 13:06:26,00086,新鸿基公司,SUN HUNG KAI CO,,4.29,-0.04,-0.92379,4.33,4.28,4.3,4.27,79000,338285,4.28,4.31
2026/04/16 13:00:04,00087,太古股份公司Ｂ,SWIRE PACIFIC B,,13.15,-0.15,-1.12782,13.3,13.3,13.32,13.12,198570,2618867,13.15,13.16
2026/04/16 13:04:16,00088,TAI CHEUNG HOLD,TAI CHEUNG HOLD,,4.02,0.0,0.0,4.02,0.0,0.0,0.0,0,0,3.98,4.03
2026/04/16 11:55:21,00089,大生地产,TAI SANG LAND,,2.32,0.11,4.97738,2.21,2.27,2.32,2.27,66000,150750,2.23,2.3
2026/04/16 10:54:15,00090,普星能量,PUXING ENERGY,,1.16,0.0,0.0,1.16,1.16,1.16,1.16,12000,13920,1.13,1.16
2026/04/16 13:01:33,00092,冠军科技集团,CHAMPION TECH,,0.189,0.0,0.0,0.189,0.0,0.0,0.0,4305,732,0.177,0.19
2026/04/16 13:00:08,00093,零在科技金融,ZERO FINTECH,,0.4,0.0,0.0,0.4,0.0,0.0,0.0,0,0,0.38,0.415
2026/04/16 13:00:24,00094,绿心集团,GREENHEART GP,,0.076,0.0,0.0,0.076,0.076,0.076,0.076,80000,6080,0.073,0.076
2026/04/16 13:00:01,00095,绿景中国地产,LVGEM CHINA,,0.232,0.0,0.0,0.232,0.233,0.237,0.232,468000,109154,0.232,0.241
2026/04/16 09:02:37,00096,YUSEI,YUSEI,,0.58,0.0,0.0,0.58,0.0,0.0,0.0,0,0,0.53,0.59
2026/04/16 11:56:09,00097,恒基发展,HENDERSON INV,,0.181,0.001,0.55556,0.18,0.175,0.181,0.175,53000,9343,0.176,0.181
2026/04/16 13:06:00,00098,兴发铝业,XINGFA ALUM,,7.45,-0.02,-0.26774,7.47,7.49,7.5,7.37,43000,320940,7.43,7.46
2026/04/16 13:00:11,00099,王氏国际,WONG'S INT'L,,1.23,0.0,0.0,1.23,0.0,0.0,0.0,0,0,1.18,1.34
2026/04/16 13:06:52,00100,MINIMAX-W,MINIMAX-W,,905.0,57.5,6.78466,847.5,815.5,918.0,815.5,1071843,937928184,904.5,905.0
2026/04/16 13:06:52,00101,恒隆地产,HANG LUNG PPT,,9.34,-0.08,-0.84926,9.42,9.42,9.44,9.33,3427741,32141035,9.34,9.35
2026/04/16 11:00:01,00103,首佳科技,SHOUGANG CENT,,2.64,0.04,1.53846,2.6,2.65,2.67,2.64,26000,68960,2.62,2.66
2026/04/16 13:00:01,00104,ASIA COMM HOLD,ASIA COMM HOLD,,0.218,0.0,0.0,0.218,0.218,0.218,0.218,202114,44043,0.21,0.222
2026/04/16 13:00:11,00105,凯联国际酒店,ASSO INT HOTELS,,5.15,0.0,0.0,5.15,0.0,0.0,0.0,0,0,5.05,5.64
2026/04/16 08:55:00,00106,朗诗绿色管理,LANDSEA MGMT,,0.019,0.0,0.0,0.019,0.0,0.0,0.0,0,0,0.0,0.0
2026/04/16 13:00:49,00107,四川成渝高速公路,SICHUAN EXPRESS,,5.81,0.02,0.34542,5.79,5.71,5.84,5.68,2422000,14033000,5.8,5.81
2026/04/16 13:06:30,00108,国锐生活,GR LIFE STYLE,,2.87,-0.11,-3.69128,2.98,2.89,3.04,2.84,2010000,5893520,2.86,2.88
2026/04/16 11:53:47,00110,中国长远,CHINA FORTUNE,,0.445,0.045,11.25,0.4,0.42,0.465,0.42,326887,140549,0.445,0.45
2026/04/16 13:00:03,00111,信达国际控股,CINDA INTL HLDG,,0.77,0.03,4.05405,0.74,0.74,0.79,0.74,778000,595980,0.76,0.77
2026/04/16 13:05:23,00113,迪生创建,DICKSON CONCEPT,,6.2,0.0,0.0,6.2,6.18,6.2,6.18,55000,340945,6.19,6.2
2026/04/16 09:09:24,00114,HERALD HOLD,HERALD HOLD,,0.58,0.0,0.0,0.58,0.0,0.0,0.0,0,0,0.56,0.61
2026/04/16 13:00:04,00115,钧濠集团,GRAND FIELD GP,,8.8,0.0,0.0,8.8,0.0,0.0,0.0,0,0,0.0,8.79
2026/04/16 13:04:58,00116,周生生,CHOW SANG SANG,,13.31,-0.09,-0.67164,13.4,13.4,13.47,13.25,456000,6068700,13.31,13.32
2026/04/16 09:41:27,00117,天利控股集团,TIANLI HOLDINGS,,0.395,0.0,0.0,0.395,0.0,0.0,0.0,0,0,0.38,0.41
2026/04/16 13:06:25,00118,大同机械,COSMOS MACH,,0.2,0.001,0.50251,0.199,0.199,0.21,0.196,1416000,279150,0.19,0.205
2026/04/16 13:06:08,00119,保利置业集团,POLY PROPERTY,,1.97,0.01,0.5102,1.96,1.97,1.98,1.95,4010000,7868720,1.95,1.97
2026/04/16 12:38:34,00120,COSMOPOL INT'L,COSMOPOL INT'L,,0.077,-0.001,-1.28205,0.078,0.083,0.083,0.077,106800,8350,0.077,0.079
2026/04/16 11:02:55,00122,鳄鱼恤,CROCODILE,,1.44,0.0,0.0,1.44,0.0,0.0,0.0,0,0,1.4,1.46
2026/04/16 13:06:38,00123,越秀地产,YUEXIU PROPERTY,,3.74,0.01,0.2681,3.73,3.71,3.77,3.7,3330523,12463428,3.74,3.75
2026/04/16 11:52:52,00124,粤海置地,GD LAND,,0.217,0.002,0.93023,0.215,0.213,0.217,0.212,211182,45447,0.215,0.218
2026/04/16 10:07:17,00125,新兴光学,SUN HING VISION,,0.315,0.0,0.0,0.315,0.0,0.0,0.0,0,0,0.315,0.33
2026/04/16 13:00:13,00126,佳宁娜,CARRIANNA,,0.114,0.0,0.0,0.114,0.0,0.0,0.0,0,0,0.114,0.122
2026/04/16 11:06:50,00127,华人置业,CHINESE EST H,,1.23,0.01,0.81967,1.22,1.2,1.23,1.2,67829,82823,1.21,1.23
2026/04/16 13:00:00,00128,安宁控股,ENM HOLDINGS,,0.41,0.0,0.0,0.41,0.0,0.0,0.0,0,0,0.41,0.415
2026/04/16 11:59:14,00129,泛海集团,ASIA STANDARD,,0.198,0.0,0.0,0.198,0.191,0.2,0.19,699123,139616,0.198,0.203
2026/04/16 11:56:13,00130,慕诗国际,MOISELLE INT'L,,0.18,0.0,0.0,0.18,0.0,0.0,0.0,0,0,0.165,0.18
2026/04/16 10:56:53,00131,卓能（集团）,CHEUK NANG HOLD,,1.26,0.0,0.0,1.26,1.26,1.26,1.26,66000,83160,1.26,1.29
2026/04/16 12:30:00,00132,兴业控股,HING YIP HLDGS,,0.198,0.0,0.0,0.198,0.0,0.0,0.0,0,0,0.188,0.199
2026/04/16 11:52:25,00133,招商局中国基金,CHINA MERCHANTS,,18.65,-0.05,-0.26738,18.7,18.7,18.7,18.44,82000,1521020,18.6,18.62
2026/04/16 13:06:45,00135,昆仑能源,KUNLUN ENERGY,,7.47,0.1,1.35685,7.37,7.4,7.5,7.37,6200000,46184464,7.46,7.47
2026/04/16 13:06:24,00136,中国儒意,CHINA RUYI,,1.56,0.03,1.96078,1.53,1.53,1.58,1.53,21444000,33486600,1.55,1.56
2026/04/16 12:46:38,00137,金辉集团,JINHUI HOLDINGS,,0.64,0.02,3.22581,0.62,0.64,0.64,0.64,5000,3200,0.61,0.64
2026/04/16 13:00:17,00138,中建富通,CCT FORTIS,,0.54,0.0,0.0,0.54,0.0,0.0,0.0,0,0,0.53,0.63
2026/04/16 11:19:12,00139,小鱼盈通,SMART FISH,,0.137,0.003,2.23881,0.134,0.134,0.137,0.134,472061,63946,0.135,0.137
2026/04/16 13:06:16,00142,第一太平,FIRST PACIFIC,,5.56,-0.03,-0.53667,5.59,5.61,5.63,5.55,1805656,10067612,5.56,5.58
2026/04/16 13:06:00,00144,招商局港口,CHINA MER PORT,,15.46,-0.04,-0.25807,15.5,15.68,15.68,15.3,1233181,19040065,15.44,15.48
2026/04/16 13:02:05,00145,信能低碳,CCIAM FUTURE EN,,0.194,-0.013,-6.28019,0.207,0.219,0.225,0.192,75832000,16554495,0.194,0.201
2026/04/16 13:00:08,00146,TAI PING CARPET,TAI PING CARPET,,1.66,0.0,0.0,1.66,0.0,0.0,0.0,0,0,1.66,1.87
2026/04/16 13:01:20,00147,国际商业结算,IB SETTLEMENT,,0.085,0.0,0.0,0.085,0.089,0.089,0.082,2145000,178585,0.084,0.085
2026/04/16 13:06:51,00148,建滔集团,KINGBOARD HLDG,,39.54,-0.44,-1.10055,39.98,40.2,40.2,39.32,4243500,168679706,39.54,39.56
2026/04/16 11:30:00,00149,中国农产品交易,CH AGRI-PROD EX,,0.062,-0.003,-4.61539,0.065,0.062,0.062,0.062,12177,744,0.061,0.065
2026/04/16 13:06:06,00150,HYPEBEAST,HYPEBEAST,,0.168,0.0,0.0,0.168,0.172,0.18,0.168,4043200,694484,0.167,0.168
2026/04/16 13:06:50,00151,中国旺旺,WANT WANT CHINA,,4.45,-0.02,-0.44743,4.47,4.42,4.47,4.42,951000,4224585,4.45,4.46
2026/04/16 13:06:53,00152,深圳国际,SHENZHEN INT'L,,7.38,0.03,0.40816,7.35,7.42,7.46,7.34,5106072,37779393,7.38,7.39
2026/04/16 11:46:52,00154,北京控股环境集团,BE ENVIRONMENT,,0.54,0.0,0.0,0.54,0.54,0.54,0.54,3000,1620,0.54,0.56
2026/04/16 13:00:23,00156,力宝华润,LIPPO CHINA RES,,1.03,0.0,0.0,1.03,0.0,0.0,0.0,0,0,1.0,1.05
2026/04/16 09:00:02,00157,自然美,NATURAL BEAUTY,,0.475,0.0,0.0,0.475,0.0,0.0,0.0,0,0,0.0,0.485
2026/04/16 11:50:46,00158,万邦投资,MELBOURNE ENT,,59.5,0.0,0.0,59.5,0.0,0.0,0.0,0,0,59.0,63.0
2026/04/16 11:47:56,00159,布莱克万矿业,BROCKMAN MINING,,0.074,-0.004,-5.12821,0.078,0.074,0.074,0.074,34000,2498,0.074,0.078
2026/04/16 09:04:30,00160,汉国置业,HON KWOK LAND,,0.96,0.0,0.0,0.96,0.0,0.0,0.0,0,0,0.95,0.97
2026/04/16 13:04:44,00162,世纪金花,CENTURY GINWA,,0.039,-0.004,-9.30233,0.043,0.043,0.043,0.036,952000,37038,0.039,0.044
2026/04/16 10:49:41,00163,英皇国际,EMPEROR INT'L,,0.187,0.0,0.0,0.187,0.0,0.0,0.0,0,0,0.187,0.192
2026/04/16 13:06:24,00164,中国宝力科技,CHINA BAOLI TEC,,0.53,0.1,23.25581,0.43,0.45,0.56,0.435,3041000,1465440,0.53,0.54
2026/04/16 13:05:45,00165,中国光大控股,CHINA EB LTD,,6.43,0.02,0.31201,6.41,6.48,6.5,6.43,1924000,12423240,6.43,6.45
2026/04/16 13:04:36,00166,新时代集团控股,NEW TIMES CORP,,0.04,-0.002,-4.76191,0.042,0.042,0.042,0.04,70500,2833,0.04,0.042
2026/04/16 11:46:07,00167,IDT INT'L,IDT INT'L,,5.3,0.0,0.0,5.3,0.0,0.0,0.0,0,0,0.0,5.34
2026/04/16 13:03:44,00168,青岛啤酒股份,TSINGTAO BREW,,50.7,-0.4,-0.78278,51.1,51.5,51.5,50.55,1088000,55240900,50.7,50.75
2026/04/16 11:37:02,00169,万达酒店发展,WANDA HOTEL DEV,,0.088,0.004,4.76191,0.084,0.083,0.089,0.081,1503000,127882,0.085,0.088
2026/04/16 13:01:41,00171,银建国际,SILVER GRANT,,0.06,-0.004,-6.25,0.064,0.061,0.061,0.06,68000,4108,0.06,0.067
2026/04/16 13:06:33,00173,嘉华国际,K. WAH INT'L,,2.29,-0.01,-0.43478,2.3,2.3,2.32,2.23,2203000,4989740,2.29,2.3
2026/04/16 09:38:55,00174,盛洋投资,GEMINI INV,,0.215,0.0,0.0,0.215,0.0,0.0,0.0,0,0,0.0,0.23
2026/04/16 13:06:54,00175,吉利汽车,GEELY AUTO,,24.6,0.56,2.32945,24.04,23.9,24.88,23.64,58574000,1431293943,24.6,24.62
2026/04/16 08:55:00,00176,先机企业集团,SUPERACTIVE GP,,0.013,0.0,0.0,0.013,0.0,0.0,0.0,0,0,0.0,0.0
2026/04/16 13:06:26,00177,江苏宁沪高速公路,JIANGSU EXPRESS,,10.42,-0.06,-0.57252,10.48,10.35,10.55,10.35,2668500,27905645,10.41,10.42
2026/04/16 13:06:31,00178,莎莎国际,SA SA INT'L,,0.75,-0.01,-1.31579,0.76,0.78,0.78,0.74,12978000,9687680,0.75,0.76
2026/04/16 13:06:13,00179,德昌电机控股,JOHNSON ELEC H,,25.68,-0.22,-0.84942,25.9,26.3,26.8,25.62,1838000,47794355,25.66,25.72
2026/04/16 13:00:26,00180,开达集团,KADER HOLDINGS,,0.19,0.0,0.0,0.19,0.0,0.0,0.0,0,0,0.178,0.202
2026/04/16 13:00:04,00181,闽港控股,FUJIAN HOLDINGS,,0.128,0.0,0.0,0.128,0.128,0.128,0.128,40000,5120,0.115,0.136
2026/04/16 11:58:52,00182,协合新能源,CONCORD NE,,0.236,-0.001,-0.42194,0.237,0.235,0.239,0.233,1290000,304740,0.235,0.236
2026/04/16 13:00:22,00183,宏辉集团,WINFULL GP,,0.139,0.0,0.0,0.139,0.0,0.0,0.0,0,0,0.135,0.154
2026/04/16 09:14:22,00184,激成投资,KECK SENG INV,,2.24,0.0,0.0,2.24,0.0,0.0,0.0,0,0,2.22,2.25
2026/04/16 13:00:22,00185,正商实业,ZENSUN ENT,,0.125,0.0,0.0,0.125,0.125,0.125,0.125,80000,10000,0.116,0.125
2026/04/16 08:55:00,00186,敏捷控股,NIMBLE HOLDINGS,,0.157,0.0,0.0,0.157,0.0,0.0,0.0,0,0,0.0,0.0
2026/04/16 13:06:27,00187,京城机电股份,JINGCHENG MAC,,4.6,-0.01,-0.21692,4.61,4.69,4.69,4.58,1994000,9214400,4.59,4.6
2026/04/16 13:00:10,00188,新华汇富金融,SUNWAH KINGSWAY,,0.239,-0.005,-2.04918,0.244,0.244,0.244,0.239,50000,12150,0.239,0.244
2026/04/16 13:06:11,00189,东岳集团,DONGYUE GROUP,,11.88,-0.02,-0.16807,11.9,11.88,11.99,11.79,4390000,52050934,11.88,11.9
2026/04/16 13:04:25,00191,丽新国际,LAI SUN INT'L,,0.77,-0.07,-8.33333,0.84,0.76,0.77,0.72,186400,136474,0.74,0.83
2026/04/16 13:01:27,00193,冠中地产,CAPITAL ESTATE,,0.214,-0.019,-8.15451,0.233,0.225,0.225,0.213,300000,65064,0.215,0.222
2026/04/16 13:05:08,00194,廖创兴企业,LIU CHONG HING,,4.6,-0.02,-0.4329,4.62,4.61,4.61,4.6,10000,46020,4.63,4.67
2026/04/16 08:55:00,00195,绿科科技国际,GREENTECH INTL,,0.28,0.0,0.0,0.28,0.0,0.0,0.0,0,0,0.0,0.0
2026/04/16 13:00:02,00196,宏华集团,HONGHUA GROUP,,0.19,0.0,0.0,0.19,0.19,0.19,0.183,353000,66758,0.187,0.19
2026/04/16 13:00:09,00197,亨泰,HENG TAI,,0.29,0.0,0.0,0.29,0.27,0.29,0.27,54180,15486,0.29,0.305
2026/04/16 11:50:38,00199,德祥地产,ITC PROPERTIES,,0.94,-0.01,-1.05263,0.95,0.95,0.96,0.93,694516,649004,0.93,0.94
2026/04/16 13:05:55,00200,新濠国际发展,MELCO INT'L DEV,,4.3,0.06,1.41509,4.24,4.24,4.33,4.24,1853000,7966040,4.29,4.3
2026/04/16 09:09:04,00201,华大酒店,MAGNIFICENT,,0.071,0.0,0.0,0.071,0.0,0.0,0.0,0,0,0.068,0.071
2026/04/16 11:53:58,00202,润中国际控股,EVERCHINA INT'L,,0.08,-0.004,-4.76191,0.084,0.076,0.08,0.076,25000,1920,0.082,0.088
2026/04/16 13:00:02,00204,资本界金控,CAPITAL REALM,,0.238,0.007,3.0303,0.231,0.238,0.238,0.238,160200,38125,0.23,0.238
2026/04/16 13:00:02,00205,BFB HEALTH,BFB HEALTH,,0.63,0.03,5.0,0.6,0.63,0.67,0.63,173950,111470,0.64,0.65
2026/04/16 13:03:35,00206,华商能源,CM-ENERGY,,0.45,0.0,0.0,0.45,0.45,0.455,0.45,746000,338145,0.45,0.455
2026/04/16 13:00:23,00209,瀛晟科学,WINSHINE SCI,,0.325,0.0,0.0,0.325,0.315,0.325,0.315,730000,237050,0.325,0.335
2026/04/16 10:14:08,00210,达芙妮国际,DAPHNE INT'L,,0.42,0.0,0.0,0.42,0.425,0.425,0.42,44000,18490,0.415,0.42
2026/04/16 13:00:07,00211,STYLAND HOLD,STYLAND HOLD,,0.244,0.0,0.0,0.244,0.0,0.0,0.0,0,0,0.232,0.245
2026/04/16 09:53:16,00212,NANYANG HOLD,NANYANG HOLD,,29.4,0.0,0.0,29.4,0.0,0.0,0.0,0,0,29.3,30.38
2026/04/16 09:07:26,00213,NATIONAL ELEC H,NATIONAL ELEC H,,0.39,0.0,0.0,0.39,0.0,0.0,0.0,0,0,0.39,0.415
2026/04/16 09:00:05,00214,汇汉控股,ASIA ORIENT,,0.25,0.0,0.0,0.25,0.0,0.0,0.0,0,0,0.0,0.255
2026/04/16 13:03:47,00215,和记电讯香港,HUTCHTEL HK,,1.17,0.0,0.0,1.17,1.17,1.18,1.17,234000,274850,1.17,1.18
2026/04/16 13:00:13,00216,建业实业,CHINNEY INV,,0.61,0.0,0.0,0.61,0.0,0.0,0.0,0,0,0.6,0.66
2026/04/16 13:00:19,00217,中国诚通发展集团,CHINA CHENGTONG,,0.153,0.004,2.68456,0.149,0.145,0.153,0.142,444000,63760,0.144,0.151
2026/04/16 13:00:00,00218,申万宏源香港,SWHYHK,,1.17,0.04,3.53982,1.13,1.16,1.17,1.15,275000,321200,1.16,1.17
2026/04/16 09:30:17,00219,顺豪物业,SHUNHO PROPERTY,,0.72,0.0,0.0,0.72,0.0,0.0,0.0,0,0,0.72,0.73
2026/04/16 13:07:13,00220,统一企业中国,U-PRESID CHINA,,7.84,-0.04,-0.50761,7.88,8.0,8.0,7.8,3447109,27036240,7.84,7.85
2026/04/16 13:00:30,00222,闽信集团,MIN XIN HOLD,,2.56,-0.05,-1.91571,2.61,2.56,2.56,2.56,10000,25600,2.48,2.58
2026/04/16 13:07:13,00223,易生活控股,ELIFE HLDGS,,0.145,0.007,5.07246,0.138,0.148,0.16,0.138,760000,109060,0.137,0.14
2026/04/16 13:00:17,00224,建生国际,PIONEER GLOBAL,,0.59,0.0,0.0,0.59,0.0,0.0,0.0,504658,282608,0.55,0.63
2026/04/16 11:51:07,00225,博富临置业,POKFULAM,,5.79,0.0,0.0,5.79,0.0,0.0,0.0,0,0,5.5,5.8
2026/04/16 11:53:45,00227,第一上海,FIRST SHANGHAI,,0.22,0.001,0.45662,0.219,0.204,0.22,0.204,64000,13616,0.211,0.22
2026/04/16 13:06:58,00228,中能控股,CHINA ENERGY,,1.6,-0.05,-3.0303,1.65,1.63,1.63,1.6,136000,218820,1.6,1.62
2026/04/16 10:30:27,00229,利民实业,RAYMOND IND,,0.88,0.0,0.0,0.88,0.0,0.0,0.0,0,0,0.86,0.91
2026/04/16 13:06:51,00232,大陆航空科技控股,CON AERO TECH,,0.152,0.0,0.0,0.152,0.152,0.155,0.151,5964000,908740,0.151,0.152
2026/04/16 09:44:44,00234,新世纪集团,NEW CENTURY GP,,0.035,0.0,0.0,0.035,0.0,0.0,0.0,0,0,0.032,0.036
2026/04/16 11:41:08,00235,中策资本控股,CSC HOLDINGS,,0.025,0.0,0.0,0.025,0.025,0.025,0.024,9925000,247025,0.024,0.025
2026/04/16 10:56:22,00236,香港生力啤,SAN MIGUEL HK,,1.24,0.0,0.0,1.24,0.0,0.0,0.0,0,0,1.22,1.32
2026/04/16 13:04:23,00237,安全货仓,SAFETY GODOWN,,2.23,0.0,0.0,2.23,2.23,2.23,2.23,28000,62440,2.2,2.23
2026/04/16 09:00:06,00239,白花油,PAK FAH YEOW,,2.45,0.0,0.0,2.45,0.0,0.0,0.0,0,0,2.42,2.5
2026/04/16 13:06:39,00240,利基控股,BUILD KING HOLD,,1.76,-0.06,-3.2967,1.82,1.82,1.82,1.76,680800,1213424,1.76,1.78
2026/04/16 13:06:26,00241,阿里健康,ALI HEALTH,,4.7,0.09,1.95228,4.61,4.63,4.74,4.62,50863939,238921492,4.7,4.71
2026/04/16 13:05:24,00242,信德集团,SHUN TAK HOLD,,0.57,-0.01,-1.72414,0.58,0.58,0.58,0.57,422000,244660,0.57,0.58
2026/04/16 13:01:03,00243,QPL INT'L,QPL INT'L,,0.385,0.0,0.0,0.385,0.0,0.0,0.0,0,0,0.375,0.395
2026/04/16 11:20:58,00244,先施,SINCERE,,0.31,0.0,0.0,0.31,0.31,0.31,0.31,87000,26970,0.31,0.315
2026/04/16 09:04:41,00245,中薇金融,CHINA VERED FIN,,1.03,0.0,0.0,1.03,0.0,0.0,0.0,0,0,1.01,1.02
2026/04/16 10:00:14,00247,TST PROPERTIES,TST PROPERTIES,,19.35,0.0,0.0,19.35,0.0,0.0,0.0,0,0,18.9,20.0
2026/04/16 10:44:03,00248,香港通讯国际控股,HKC INT'L HOLD,,0.28,0.0,0.0,0.28,0.0,0.0,0.0,0,0,0.265,0.28
2026/04/16 09:30:09,00251,爪哇控股,SEA HOLDINGS,,1.39,0.0,0.0,1.39,0.0,0.0,0.0,0,0,1.33,1.45
2026/04/16 08:55:00,00252,华信地产财务,SE ASIA PPT,,1.6,0.0,0.0,1.6,0.0,0.0,0.0,0,0,0.0,0.0
2026/04/16 13:00:07,00253,顺豪控股,SHUNHO HOLDINGS,,0.68,0.0,0.0,0.68,0.0,0.0,0.0,0,0,0.67,0.74
2026/04/16 11:28:26,00254,国家联合资源,NUR HOLDINGS,,0.63,0.0,0.0,0.63,0.0,0.0,0.0,0,0,0.61,0.63
2026/04/16 13:00:29,00255,龙记集团,LUNG KEE,,1.51,-0.01,-0.6579,1.52,1.5,1.51,1.5,16000,24060,1.51,1.54
2026/04/16 13:06:37,00256,冠城钟表珠宝,CITYCHAMP,,0.083,0.001,1.21951,0.082,0.082,0.091,0.082,11502000,961446,0.082,0.083
2026/04/16 13:07:09,00257,光大环境,EB ENVIRONMENT,,5.4,-0.09,-1.63934,5.49,5.43,5.49,5.38,2798292,15179880,5.39,5.41
2026/04/16 13:00:05,00258,汤臣集团,TOMSON GROUP,,2.3,-0.01,-0.4329,2.31,2.32,2.34,2.3,150000,348780,2.3,2.32
2026/04/16 13:04:38,00259,亿都（国际控股）,YEEBO (INT'L H),,3.15,0.07,2.27273,3.08,3.1,3.15,3.09,164000,511380,3.15,3.16
2026/04/16 13:02:31,00261,ＧＢＡ集团,GBA HOLDINGS,,0.27,-0.01,-3.57143,0.28,0.28,0.28,0.27,80200,21970,0.265,0.28
2026/04/16 11:45:44,00262,迪臣发展国际,DESON DEV INT'L,,0.083,0.0,0.0,0.083,0.0,0.0,0.0,0,0,0.081,0.088
2026/04/16 13:00:01,00264,中联发展控股,CN INT DEV CORP,,1.74,0.04,2.35294,1.7,1.69,1.74,1.69,500000,855640,1.72,1.74
2026/04/16 13:06:26,00265,港誉智慧城市服务,GANGYU SERVICES,,1.7,0.0,0.0,1.7,0.0,0.0,0.0,0,0,1.56,1.7
2026/04/16 11:38:56,00266,天德地产,TIAN TECK LAND,,1.95,0.0,0.0,1.95,0.0,0.0,0.0,0,0,1.94,1.95
2026/04/16 13:06:47,00267,中信股份,CITIC,,12.97,-0.1,-0.76511,13.07,13.07,13.14,12.92,7232875,94304125,12.97,12.98
2026/04/16 13:07:11,00268,金蝶国际,KINGDEE INT'L,,9.07,0.6,7.08383,8.47,8.71,9.17,8.66,41161734,370302090,9.07,9.08
2026/04/16 09:00:00,00269,中国资源交通,CRTG,,0.01,0.0,0.0,0.01,0.0,0.0,0.0,0,0,0.0,0.01
2026/04/16 13:06:46,00270,粤海投资,GUANGDONG INV,,8.09,-0.08,-0.97919,8.17,8.12,8.2,8.09,2170697,17657981,8.09,8.1
2026/04/16 11:09:31,00271,亚证地产,ASIASEC PPT,,0.173,0.0,0.0,0.173,0.0,0.0,0.0,260,41,0.168,0.173
2026/04/16 13:06:05,00272,瑞安房地产,SHUI ON LAND,,0.54,0.01,1.88679,0.53,0.53,0.54,0.53,1418500,755715,0.53,0.54
2026/04/16 08:55:00,00274,复兴亚洲,RA SILK ROAD,,0.49,0.0,0.0,0.49,0.0,0.0,0.0,0,0,0.0,0.0
2026/04/16 11:17:06,00276,蒙古能源,MONGOLIA ENERGY,,0.55,-0.04,-6.77966,0.59,0.56,0.56,0.55,21000,11520,0.57,0.61
2026/04/16 09:00:16,00277,太兴置业,TERN PROPERTIES,,1.55,0.0,0.0,1.55,0.0,0.0,0.0,0,0,0.0,1.55
2026/04/16 13:00:22,00279,裕承科金,ARTA TECHFIN,,0.56,0.01,1.81818,0.55,0.59,0.6,0.55,330600,195192,0.55,0.56
2026/04/16 11:41:06,00280,景福集团,KING FOOK HOLD,,0.5,0.0,0.0,0.5,0.5,0.5,0.5,6000,3020,0.5,0.51
2026/04/16 13:07:01,00285,比亚迪电子,BYD ELECTRONIC,,28.12,0.12,0.42857,28.0,28.32,28.36,27.9,6595813,185091913,28.1,28.12
2026/04/16 08:55:00,00286,爱帝宫,AIDIGONG,,1.31,0.0,0.0,1.31,0.0,0.0,0.0,0,0,0.0,0.0
2026/04/16 09:00:34,00287,永发置业,WINFAIR INV,,4.1,0.0,0.0,4.1,0.0,0.0,0.0,0,0,4.08,0.0
2026/04/16 13:06:55,00288,万洲国际,WH GROUP,,10.59,-0.05,-0.46993,10.64,10.64,10.73,10.56,10615132,112852811,10.59,10.6
2026/04/16 13:00:13,00289,WING ON CO,WING ON CO,,14.9,0.1,0.67568,14.8,14.9,14.9,14.9,18000,268200,14.23,15.2
2026/04/16 13:07:08,00290,国富量子,GOFINTECH QUANT,,6.39,-1.05,-14.1129,7.44,7.63,7.68,6.24,30924015,212596685,6.4,6.42
2026/04/16 13:07:05,00291,华润啤酒,CHINA RES BEER,,26.4,0.12,0.45662,26.28,26.42,26.6,26.28,2720477,71890440,26.38,26.4
2026/04/16 13:06:36,00293,国泰航空,CATHAY PAC AIR,,11.85,0.03,0.25381,11.82,11.82,11.91,11.8,3612767,42805970,11.84,11.86
2026/04/16 09:30:09,00294,长江制衣,YANGTZEKIANG,,0.82,0.0,0.0,0.82,0.0,0.0,0.0,0,0,0.75,0.83
2026/04/16 11:58:39,00295,江山控股,KONG SUN HOLD,,0.026,0.001,4.0,0.025,0.025,0.026,0.023,1025000,26050,0.023,0.026
2026/04/16 13:00:22,00296,英皇娱乐酒店,EMPEROR E HOTEL,,0.228,0.0,0.0,0.228,0.0,0.0,0.0,0,0,0.231,0.24
2026/04/16 13:06:54,00297,中化化肥,SINOFERT,,1.55,-0.01,-0.64103,1.56,1.57,1.58,1.54,18318000,28509220,1.55,1.56
2026/04/16 13:00:14,00298,庄士中国,CHUANG'S CHINA,,0.112,0.005,4.6729,0.107,0.111,0.112,0.111,830000,92810,0.108,0.112
2026/04/16 08:55:00,00299,宝新置地,GLORY SUN LAND,,0.106,0.0,0.0,0.106,0.0,0.0,0.0,0,0,0.0,0.0
2026/04/16 13:06:50,00300,美的集团,MIDEA GROUP,,87.1,0.75,0.86856,86.35,86.45,87.6,86.35,704720,61159781,87.05,87.1
2026/04/16 13:00:22,00301,三和精化,SANVO CHEMICALS,,1.95,0.08,4.27808,1.87,1.9,2.1,1.87,281480,561242,1.97,2.21
2026/04/16 13:04:58,00302,中手游,CMGE,,0.25,0.008,3.30579,0.242,0.248,0.25,0.24,1052000,260216,0.25,0.255
2026/04/16 13:06:19,00303,VTECH HOLDINGS,VTECH HOLDINGS,,61.7,0.55,0.89943,61.15,60.85,61.7,60.85,65800,4046111,61.65,61.7
2026/04/16 11:59:50,00305,五菱汽车,WULING MOTORS,,0.475,0.005,1.06383,0.47,0.46,0.475,0.46,780000,365850,0.465,0.47
2026/04/16 09:31:56,00306,冠忠巴士集团,KWOON CHUNG BUS,,2.41,0.0,0.0,2.41,0.0,0.0,0.0,0,0,2.41,2.47
2026/04/16 13:03:54,00308,香港中旅,CHINA TRAVEL HK,,1.16,-0.01,-0.8547,1.17,1.17,1.18,1.16,2764000,3233820,1.16,1.17
2026/04/16 13:02:03,00309,新华通讯频媒,XH NEWS MEDIA,,0.033,0.002,6.45161,0.031,0.031,0.033,0.031,470000,14732,0.03,0.033
2026/04/16 13:00:04,00310,嘉进投资国际,PROSP INV HOLD,,0.175,0.0,0.0,0.175,0.0,0.0,0.0,0,0,0.172,0.196
2026/04/16 09:00:10,00311,联泰控股,LUEN THAI,,0.249,0.0,0.0,0.249,0.0,0.0,0.0,0,0,0.215,0.249
2026/04/16 11:41:10,00312,岁宝百货,SHIRBLE STORE,,0.054,0.0,0.0,0.054,0.0,0.0,0.0,0,0,0.054,0.055
2026/04/16 09:31:07,00313,裕田中国,RICHLY FIELD,,0.072,0.0,0.0,0.072,0.0,0.0,0.0,0,0,0.071,0.075
2026/04/16 13:00:02,00314,思派健康,SIPAI HEALTH,,1.9,-0.05,-2.5641,1.95,1.93,2.0,1.86,610000,1172420,1.89,1.92
2026/04/16 13:06:08,00315,数码通电讯,SMARTONE TELE,,4.98,0.01,0.20121,4.97,4.97,4.99,4.95,196687,977253,4.96,4.98
2026/04/16 13:06:28,00316,东方海外国际,OOIL,,141.6,-2.7,-1.8711,144.3,145.2,145.9,140.9,525600,74656105,141.5,141.60001
2026/04/16 13:06:39,00317,中船防务,COMEC,,14.33,0.01,0.06983,14.32,14.59,14.59,14.2,1958000,28046820,14.29,14.34
2026/04/16 13:01:19,00318,黄河实业,VONGROUP,,0.64,0.0,0.0,0.64,0.0,0.0,0.0,250,147,0.63,0.7
2026/04/16 09:31:49,00320,金宝通,COMPUTIME,,0.45,0.0,0.0,0.45,0.0,0.0,0.0,0,0,0.455,0.48
2026/04/16 11:49:05,00321,德永佳集团,TEXWINCA HOLD,,1.27,-0.01,-0.78125,1.28,1.3,1.3,1.26,952000,1208360,1.26,1.27
2026/04/16 13:06:26,00322,康师傅控股,TINGYI,,12.98,-0.27,-2.03774,13.25,13.25,13.27,12.98,7285943,95320711,12.98,12.99
2026/04/16 13:00:07,00323,马鞍山钢铁股份,MAANSHAN IRON,,2.73,0.06,2.24719,2.67,2.69,2.73,2.69,2830000,7695420,2.73,2.74
2026/04/16 13:05:21,00325,布鲁可,BLOKS,,60.0,0.15,0.25063,59.85,60.0,60.8,58.5,264388,15716683,59.85,60.0
2026/04/16 13:06:00,00326,中国星集团,CHINA STAR ENT,,7.17,0.11,1.55807,7.06,7.08,7.32,7.05,36861817,260937367,7.17,7.2
2026/04/16 13:06:16,00327,百富环球,PAX GLOBAL,,4.0,-0.01,-0.24938,4.01,4.04,4.08,3.98,1348000,5429690,3.97,3.99
2026/04/16 10:45:34,00328,ALCO HOLDINGS,ALCO HOLDINGS,,0.69,0.02,2.98508,0.67,0.66,0.69,0.66,76000,51280,0.66,0.69
2026/04/16 13:01:46,00329,东建国际,OCI INTL,,0.265,0.0,0.0,0.265,0.265,0.265,0.265,224000,59360,0.265,0.285
2026/04/16 11:59:28,00331,丰盛生活服务,FSE LIFESTYLE,,5.69,0.05,0.88653,5.64,5.64,5.69,5.64,35000,198150,5.65,5.69
2026/04/16 11:55:30,00332,元亨燃气,YUANHENG GAS,,0.017,0.0,0.0,0.017,0.018,0.018,0.017,1004000,17112,0.016,0.017
2026/04/16 13:00:10,00333,黛丽斯国际,TOP FORM INT'L,,0.218,0.0,0.0,0.218,0.0,0.0,0.0,0,0,0.211,0.255
2026/04/16 10:21:22,00334,华显光电,CH DISPLAY OPT,,0.375,0.0,0.0,0.375,0.375,0.375,0.375,8000,3000,0.355,0.38
2026/04/16 11:20:24,00335,美建集团,UPBEST GROUP,,0.65,0.0,0.0,0.65,0.0,0.0,0.0,0,0,0.64,0.65
2026/04/16 13:06:23,00336,华宝国际,HUABAO INTL,,4.17,-0.08,-1.88235,4.25,4.28,4.38,4.15,10624000,44986410,4.16,4.19
2026/04/16 11:48:50,00337,绿地香港,GREENLAND HK,,0.201,0.003,1.51515,0.198,0.197,0.207,0.197,171000,33988,0.202,0.206
2026/04/16 13:06:20,00338,上海石油化工股份,SHANGHAI PECHEM,,1.29,0.02,1.5748,1.27,1.28,1.3,1.27,6224000,8010520,1.28,1.29
2026/04/16 10:51:24,00339,中国科创产业投资,CN SCI-TECH IND,,0.65,0.03,4.83871,0.62,0.62,0.65,0.62,30000,19200,0.6,0.64
2026/04/16 13:03:39,00340,潼关黄金,TONGGUAN GOLD,,3.19,-0.01,-0.3125,3.2,3.24,3.24,3.17,2284800,7295452,3.19,3.2
2026/04/16 13:02:16,00341,大家乐集团,CAFE DE CORAL H,,3.99,-0.04,-0.99256,4.03,4.02,4.03,3.98,1130704,4530430,3.99,4.0
2026/04/16 13:00:17,00343,文化传信,CULTURECOM HOLD,,0.129,0.0,0.0,0.129,0.0,0.0,0.0,0,0,0.129,0.138
2026/04/16 11:53:56,00345,VITASOY INT'L,VITASOY INT'L,,6.28,0.0,0.0,6.28,6.27,6.3,6.26,361000,2267190,6.27,6.28
2026/04/16 13:06:30,00346,延长石油国际,YANCHANG PETRO,,0.395,-0.015,-3.65854,0.41,0.395,0.395,0.395,10000,3950,0.395,0.4
2026/04/16 13:06:35,00347,鞍钢股份,ANGANG STEEL,,1.56,-0.01,-0.63694,1.57,1.57,1.59,1.55,3098000,4832640,1.55,1.56
2026/04/16 11:19:59,00348,中国智能健康,CHINAHEALTHWISE,,0.083,0.0,0.0,0.083,0.0,0.0,0.0,0,0,0.085,0.089
2026/04/16 11:59:14,00351,亚洲能源物流,ASIA ENERGY LOG,,0.255,0.0,0.0,0.255,0.0,0.0,0.0,0,0,0.25,0.275
2026/04/16 08:55:00,00352,富阳,FORTUNE SUN,,0.36,0.0,0.0,0.36,0.0,0.0,0.0,0,0,0.0,0.0
2026/04/16 11:40:55,00353,能源国际投资,ENERGY INTINV,,0.42,0.01,2.43902,0.41,0.425,0.425,0.42,378000,159620,0.42,0.43
2026/04/16 13:06:42,00354,中国软件国际,CHINASOFT INT'L,,3.67,0.09,2.51397,3.58,3.6,3.69,3.6,13528000,49477950,3.66,3.67
2026/04/16 11:51:18,00355,世纪城市国际,CENTURY C INT'L,,0.07,0.0,0.0,0.07,0.072,0.073,0.069,243553,17563,0.07,0.071
2026/04/16 09:54:56,00356,鼎立资本,DT CAPITAL,,0.061,-0.001,-1.6129,0.062,0.061,0.061,0.061,60000,3660,0.056,0.061
2026/04/16 13:05:44,00357,美兰空港,MEILAN AIRPORT,,6.28,-0.1,-1.5674,6.38,6.39,6.39,6.28,217000,1372320,6.27,6.29
2026/04/16 13:06:47,00358,江西铜业股份,JIANGXI COPPER,,40.12,0.94,2.39918,39.18,39.0,40.12,38.92,8134372,319944744,40.08,40.12
2026/04/16 10:41:56,00360,新焦点,NEW FOCUS AUTO,,0.043,0.0,0.0,0.043,0.043,0.043,0.043,276000,11868,0.042,0.043
2026/04/16 11:27:41,00361,汉成发展控股,HANFORT DEV H,,0.062,-0.001,-1.5873,0.063,0.062,0.062,0.061,3560000,219500,0.062,0.064
2026/04/16 08:55:00,00362,中国天化工,C ZENITH CHEM,,0.015,0.0,0.0,0.015,0.0,0.0,0.0,0,0,0.0,0.0
2026/04/16 13:06:34,00363,上海实业控股,SHANGHAI IND H,,14.12,-0.02,-0.14144,14.14,14.14,14.15,14.09,382000,5389515,14.11,14.12
2026/04/16 10:51:32,00365,芯成科技,SINO ICT,,0.27,0.0,0.0,0.27,0.27,0.27,0.27,12000,3240,0.26,0.27
2026/04/16 11:55:30,00366,陆氏集团（越南）,LUKS GROUP (VN),,0.89,-0.03,-3.26087,0.92,0.9,0.91,0.89,24000,21500,0.89,0.91
2026/04/16 13:04:57,00367,庄士机构国际,CHUANG'S INT'L,,0.295,0.0,0.0,0.295,0.295,0.295,0.295,52000,15340,0.29,0.3
2026/04/16 11:06:59,00368,德合集团,SUPERLAND GROUP,,0.77,0.0,0.0,0.77,0.77,0.77,0.76,36000,27560,0.76,0.77
2026/04/16 13:00:22,00369,永泰地产,WING TAI PPT,,2.11,0.0,0.0,2.11,0.0,0.0,0.0,0,0,2.04,2.22
2026/04/16 13:00:12,00370,港仔机器人,HK ROBOTICS,,0.7,0.0,0.0,0.7,0.71,0.71,0.69,534000,371940,0.69,0.7
2026/04/16 13:06:45,00371,北控水务集团,BJ ENT WATER,,2.71,-0.01,-0.36765,2.72,2.74,2.74,2.7,4888000,13266788,2.7,2.71
2026/04/16 13:00:00,00372,保德国际发展,PT INTL DEV,,0.26,0.0,0.0,0.26,0.0,0.0,0.0,0,0,0.214,0.265
2026/04/16 11:40:51,00373,联合集团,ALLIED GROUP,,2.72,-0.03,-1.09091,2.75,2.73,2.73,2.7,136000,369500,2.71,2.72
2026/04/16 09:04:27,00374,四洲集团,FOUR SEAS MER,,2.52,0.0,0.0,2.52,0.0,0.0,0.0,0,0,2.51,2.64
2026/04/16 13:05:27,00375,YGM TRADING,YGM TRADING,,0.99,0.0,0.0,0.99,0.99,0.99,0.98,22000,21770,0.98,0.99
2026/04/16 13:05:45,00376,云锋金融,YUNFENG FIN,,2.87,0.01,0.34965,2.86,2.86,2.91,2.84,2184000,6301360,2.86,2.88
2026/04/16 13:00:25,00377,中国华君,CHINA HUAJUN GP,,1.0,0.0,0.0,1.0,0.0,0.0,0.0,0,0,1.01,1.2
2026/04/16 10:59:01,00379,恒嘉融资租赁,EG LEASING,,0.064,0.0,0.0,0.064,0.0,0.0,0.0,0,0,0.065,0.07
2026/04/16 11:32:55,00380,中国管业,CHINA PIPE,,0.122,0.0,0.0,0.122,0.0,0.0,0.0,0,0,0.122,0.128
2026/04/16 13:05:56,00381,权识国际,AOM INT'L,,0.465,-0.035,-7.0,0.5,0.5,0.52,0.355,22845381,10620780,0.46,0.47
2026/04/16 13:04:56,00382,中汇集团,EDVANTAGE GROUP,,0.95,-0.02,-2.06186,0.97,0.97,0.99,0.95,1806315,1741580,0.95,0.96
2026/04/16 11:21:39,00383,天安卓健,TIANAN MEDICARE,,1.1,0.0,0.0,1.1,0.0,0.0,0.0,400,428,1.09,1.2
2026/04/16 13:07:01,00384,中国燃气,CHINA GAS HOLD,,7.33,-0.02,-0.27211,7.35,7.32,7.39,7.3,3086815,22682558,7.33,7.34
2026/04/16 13:04:41,00385,建联集团,CHINNEY ALLI,,0.33,0.005,1.53846,0.325,0.33,0.33,0.33,91200,30072,0.325,0.355
2026/04/16 13:07:00,00386,中国石油化工股份,SINOPEC CORP,,4.59,0.05,1.10132,4.54,4.55,4.6,4.53,42905400,196226203,4.58,4.59
2026/04/16 11:12:19,00387,力丰（集团）,LEEPORT(HOLD),,0.74,0.0,0.0,0.74,0.0,0.0,0.0,0,0,0.74,0.78
2026/04/16 13:06:58,00388,香港交易所,HKEX,,409.4,-4.6,-1.11111,414.0,415.2,416.2,408.4,2034588,835548214,409.60001,409.79999
2026/04/16 11:38:57,00389,通天酒业,TONTINE WINES,,0.275,-0.015,-5.17241,0.29,0.29,0.29,0.27,65200,17813,0.275,0.295
2026/04/16 13:06:47,00390,中国中铁,CHINA RAILWAY,,4.07,-0.01,-0.2451,4.08,4.09,4.1,4.05,9495661,38638780,4.07,4.08
2026/04/16 11:33:05,00391,美亚娱乐资讯,MEI AH ENTER,,0.1,0.0,0.0,0.1,0.0,0.0,0.0,0,0,0.097,0.1
2026/04/16 13:07:00,00392,北京控股,BEIJING ENT,,31.46,0.32,1.02762,31.14,31.0,31.48,31.0,290700,9124730,31.42,31.46
2026/04/16 09:00:00,00393,旭日企业,GLORIOUS SUN,,1.4,0.0,0.0,1.4,0.0,0.0,0.0,0,0,1.39,1.4
2026/04/16 13:05:08,00396,兴利（香港）控股,HING LEE (HK),,0.43,0.005,1.17647,0.425,0.425,0.455,0.41,960000,403600,0.415,0.435
2026/04/16 10:15:10,00397,嬴集团,MINERVA GROUP,,0.047,0.0,0.0,0.047,0.0,0.0,0.0,10,0,0.045,0.047
2026/04/16 13:00:03,00398,东方表行集团,ORIENTAL WATCH,,3.3,0.0,0.0,3.3,3.31,3.31,3.28,152000,500540,3.29,3.3
2026/04/16 13:05:53,00399,星太链集团,STARCOIN GROUP,,0.122,-0.001,-0.81301,0.123,0.123,0.124,0.121,1470000,180300,0.121,0.122
2026/04/16 11:57:46,00400,硬蛋创新,INGDAN,,2.3,0.07,3.13901,2.23,2.26,2.34,2.19,1158000,2615280,2.27,2.3
2026/04/16 13:00:10,00401,万嘉集团,WANJIA GROUP,,0.178,-0.012,-6.31579,0.19,0.176,0.178,0.173,220000,38660,0.175,0.181
2026/04/16 13:02:42,00403,星光集团,STARLITE HOLD,,0.151,-0.001,-0.6579,0.152,0.153,0.153,0.151,82000,12542,0.152,0.163
2026/04/16 13:00:11,00406,有利集团,YAU LEE HOLD,,0.72,0.0,0.0,0.72,0.0,0.0,0.0,0,0,0.7,0.8
2026/04/16 11:46:13,00408,叶氏化工集团,YIP'S CHEMICAL,,2.43,0.02,0.82988,2.41,2.43,2.45,2.41,130000,316640,2.43,2.44
2026/04/16 13:06:41,00410,ＳＯＨＯ中国,SOHO CHINA,,0.44,0.0,0.0,0.44,0.435,0.445,0.43,512500,224052,0.44,0.445
2026/04/16 11:21:56,00411,南顺（香港）,LAM SOON (HK),,12.7,0.0,0.0,12.7,0.0,0.0,0.0,0,0,12.6,12.7
2026/04/16 13:06:36,00412,山高控股,SDHG,,1.32,0.01,0.76336,1.31,1.33,1.34,1.31,2217000,2940339,1.31,1.32
2026/04/16 10:05:53,00413,南华集团控股,SC HOLDINGS,,0.026,0.0,0.0,0.026,0.0,0.0,0.0,0,0,0.025,0.026
2026/04/16 13:04:08,00417,谢瑞麟,TSE SUI LUEN,,0.8,0.0,0.0,0.8,0.78,0.8,0.78,12000,9400,0.77,0.8
2026/04/16 13:03:34,00418,方正控股,FOUNDER HOLD,,0.7,-0.01,-1.40845,0.71,0.74,0.74,0.7,4000,2880,0.71,0.74
2026/04/16 13:00:25,00419,弘毅文化集团,HONY MEDIA,,0.28,-0.03,-9.67742,0.31,0.335,0.335,0.28,34000,10130,0.29,0.305
2026/04/16 11:33:02,00420,福田实业,FOUNTAIN SET,,0.7,-0.01,-1.40845,0.71,0.71,0.71,0.7,110000,77200,0.7,0.71
2026/04/16 13:00:00,00422,越南制造加工出口,VMEP HOLDINGS,,0.295,-0.005,-1.66667,0.3,0.285,0.295,0.285,32000,9150,0.29,0.295
2026/04/16 11:16:58,00423,经济日报集团,HKET HOLDINGS,,0.79,0.0,0.0,0.79,0.0,0.0,0.0,0,0,0.78,0.79
2026/04/16 13:06:44,00425,敏实集团,MINTH GROUP,,35.84,-0.36,-0.99448,36.2,36.2,36.6,35.8,1328779,48047570,35.84,35.88
2026/04/16 13:06:58,00426,万华媒体,ONE MEDIA GROUP,,0.105,0.0,0.0,0.105,0.0,0.0,0.0,0,0,0.099,0.104
2026/04/16 10:37:14,00428,中国天弓控股,COCOON HOLDINGS,,0.22,0.0,0.0,0.22,0.0,0.0,0.0,0,0,0.218,0.237
2026/04/16 13:00:17,00430,东方兴业控股,ORIENTAL EXPL,,0.38,0.0,0.0,0.38,0.0,0.0,0.0,0,0,0.345,0.38
2026/04/16 08:55:00,00431,大中华金融,G CHINA FIN,,0.01,0.0,0.0,0.01,0.0,0.0,0.0,0,0,0.0,0.0
2026/04/16 11:49:25,00432,盈大地产,PCPD,,0.26,0.0,0.0,0.26,0.26,0.265,0.26,224338,59357,0.26,0.265
2026/04/16 13:01:53,00433,北方矿业,NORTH MINING,,0.071,-0.001,-1.38889,0.072,0.07,0.072,0.07,9200000,648190,0.07,0.072
2026/04/16 13:06:55,00434,博雅互动,BOYAA,,2.96,0.1,3.4965,2.86,2.85,2.98,2.85,2146000,6321010,2.95,2.96
2026/04/16 13:00:30,00436,新宇环保,NU ENVIRO,,0.063,0.0,0.0,0.063,0.0,0.0,0.0,0,0,0.057,0.076
2026/04/16 11:39:46,00438,彩虹新能源,IRICO NEWENERGY,,1.7,0.0,0.0,1.7,1.7,1.7,1.7,20600,35020,1.67,1.7
2026/04/16 13:00:03,00439,瀚源控股,GENESIS SCALE,,0.78,0.03,4.0,0.75,0.75,0.78,0.75,12000,9140,0.77,0.78
2026/04/16 13:01:32,00440,大新金融,DAH SING,,41.56,-0.4,-0.95329,41.96,42.26,42.26,41.36,105600,4389864,41.52,41.6
2026/04/16 11:39:23,00442,域能控股,DOMAINE POWER,,0.77,0.0,0.0,0.77,0.77,0.77,0.77,9000,6930,0.73,0.77
2026/04/16 08:55:00,00444,SINCEREWATCH HK,SINCEREWATCH HK,,0.01,0.0,0.0,0.01,0.0,0.0,0.0,0,0,0.0,0.0
2026/04/16 11:48:22,00450,鸿兴印刷集团,HUNG HING PRINT,,0.82,0.0,0.0,0.82,0.84,0.84,0.82,258000,213720,0.82,0.85
2026/04/16 13:07:00,00451,协鑫新能源,GCL NEWENERGY,,1.09,0.01,0.92593,1.08,1.08,1.12,1.08,1360160,1497809,1.08,1.09
2026/04/16 13:00:10,00455,天大药业,TIANDA PHARMA,,0.098,0.0,0.0,0.098,0.0,0.0,0.0,0,0,0.1,0.102
2026/04/16 09:02:59,00456,新城市建设发展,NEW CITY DEV,,0.495,0.0,0.0,0.495,0.0,0.0,0.0,0,0,0.44,0.52
2026/04/16 13:00:10,00458,联亚集团,TRISTATE HOLD,,2.05,0.0,0.0,2.05,0.0,0.0,0.0,0,0,1.91,2.05
2026/04/16 13:06:49,00460,四环医药,SIHUAN PHARM,,1.42,-0.03,-2.06897,1.45,1.45,1.45,1.42,8212000,11774240,1.41,1.42
2026/04/16 13:05:39,00464,中国智能科技,CHINA IN-TECH,,0.72,-0.06,-7.69231,0.78,0.88,0.88,0.69,4376000,3174400,0.71,0.72
2026/04/16 11:25:09,00465,富通科技,FUTONG TECH,,0.57,-0.03,-5.0,0.6,0.55,0.57,0.55,104000,57320,0.56,0.59
2026/04/16 13:07:12,00467,联合能源集团,UNITEDENERGY GP,,0.51,-0.02,-3.77359,0.53,0.52,0.53,0.5,75546000,38589290,0.51,0.52
2026/04/16 08:55:00,00468,纷美包装,GAPACK,,2.28,0.0,0.0,2.28,0.0,0.0,0.0,0,0,0.0,0.0
2026/04/16 13:07:16,00470,先导智能,WUXI LEAD,,51.25,2.41,4.93448,48.84,49.0,52.5,49.0,1426700,73302888,51.3,51.4
2026/04/16 13:04:45,00471,中播数据,SILKWAVE INC,,0.68,0.04,6.25,0.64,0.66,0.7,0.66,43093902,29585299,0.67,0.68
2026/04/16 11:51:22,00472,新丝路控股集团,NEW SILKROAD,,0.29,0.01,3.57143,0.28,0.28,0.29,0.28,150000,43100,0.27,0.295
2026/04/16 13:02:32,00474,信铭生命科技,ACESO LIFE SCI,,0.107,-0.013,-10.83333,0.12,0.109,0.112,0.107,576000,62076,0.107,0.111
2026/04/16 13:00:14,00475,中发展控股,CENTRAL DEV H,,0.355,0.0,0.0,0.355,0.0,0.0,0.0,0,0,0.31,0.395
2026/04/16 09:45:36,00476,科轩动力控股,EV DYNAMICS,,0.5,0.0,0.0,0.5,0.0,0.0,0.0,0,0,0.49,0.54
2026/04/16 10:43:29,00480,香港兴业国际,HKR INT'L,,1.17,0.0,0.0,1.17,1.2,1.2,1.17,1600,1896,1.16,1.17
2026/04/16 13:00:12,00482,圣马丁国际（新）,SANDMARTIN-NEW,,0.8,-0.05,-5.88235,0.85,0.81,0.81,0.8,750000,601500,0.81,0.88
2026/04/16 09:30:02,00483,包浩斯国际,BAUHAUS INT'L,,0.249,0.0,0.0,0.249,0.0,0.0,0.0,0,0,0.247,0.27
2026/04/16 10:38:00,00484,云游控股,FORGAME,,0.75,0.0,0.0,0.75,0.0,0.0,0.0,0,0,0.74,0.78
2026/04/16 11:25:03,00485,中国华星,CHINASINOSTAR,,0.42,0.0,0.0,0.42,0.0,0.0,0.0,0,0,0.243,0.49
2026/04/16 13:05:45,00486,俄铝,RUSAL,,4.38,0.16,3.79147,4.22,4.3,4.4,4.24,366000,1586530,4.38,4.39
2026/04/16 11:59:34,00487,实德环球,SUCCESSUNIVERSE,,0.045,0.0,0.0,0.045,0.0,0.0,0.0,0,0,0.045,0.049
2026/04/16 13:06:17,00488,丽新发展,LAI SUN DEV,,0.82,-0.11,-11.82796,0.93,0.92,0.93,0.81,793600,667482,0.82,0.84
2026/04/16 09:00:51,00491,英皇文化产业,EMPEROR CULTURE,,0.03,0.0,0.0,0.03,0.0,0.0,0.0,0,0,0.028,0.03
2026/04/16 13:02:19,00493,国美零售,GOME RETAIL,,0.014,0.0,0.0,0.014,0.014,0.014,0.013,13611000,186277,0.013,0.014
2026/04/16 08:55:00,00495,PALADIN,PALADIN,,0.012,0.0,0.0,0.012,0.0,0.0,0.0,0,0,0.0,0.0
2026/04/16 10:48:24,00496,卡森国际,KASEN,,0.33,0.0,0.0,0.33,0.0,0.0,0.0,0,0,0.33,0.36
2026/04/16 10:09:36,00497,资本策略地产,CSI PROPERTIES,,0.209,0.0,0.0,0.209,0.0,0.0,0.0,0,0,0.209,0.213
2026/04/16 10:40:44,00498,蓝河控股,BLUE RIVER HLDG,,0.126,0.0,0.0,0.126,0.0,0.0,0.0,0,0,0.128,0.0
2026/04/16 11:12:12,00499,青岛控股,QINGDAO HLDGS,,0.11,-0.004,-3.50877,0.114,0.117,0.117,0.11,35000,4050,0.11,0.117
2026/04/16 11:58:28,00500,先丰服务集团,FRONTIER SER,,0.074,0.006,8.82353,0.068,0.07,0.074,0.07,128000,9201,0.07,0.073
2026/04/16 13:07:09,00501,豪威集团,OMNIVISION,,80.5,1.85,2.35219,78.65,79.0,80.95,78.1,650000,51896705,80.4,80.55
2026/04/16 09:01:27,00505,兴业合金,XINGYE ALLOY,,1.0,0.0,0.0,1.0,0.0,0.0,0.0,0,0,0.96,1.0
2026/04/16 13:05:38,00506,中国食品,CHINA FOODS,,3.71,0.02,0.54201,3.69,3.71,3.72,3.67,1228000,4538280,3.7,3.71
2026/04/16 13:00:09,00508,鼎亿集团投资,DINGYI GP INV,,0.65,0.03,4.83871,0.62,0.62,0.65,0.62,170000,109850,0.62,0.64
2026/04/16 08:55:00,00509,世纪阳光,SUNSHINE,,0.17,0.0,0.0,0.17,0.0,0.0,0.0,0,0,0.0,0.0
2026/04/16 13:00:01,00510,时富金融服务集团,CASH FIN SER GP,,0.455,-0.055,-10.78431,0.51,0.51,0.51,0.45,1308027,623892,0.465,0.49
2026/04/16 11:59:29,00511,电视广播,TVB,,2.93,0.01,0.34247,2.92,2.93,2.96,2.9,246800,722070,2.93,2.94
2026/04/16 13:07:03,00512,远大医药,GRAND PHARMA,,6.74,-0.07,-1.0279,6.81,6.88,6.88,6.73,1650500,11226095,6.74,6.76
2026/04/16 13:00:03,00513,恒和集团,CONTINENTAL H,,0.141,0.0,0.0,0.141,0.0,0.0,0.0,0,0,0.12,0.141
2026/04/16 08:55:00,00515,中华银科技,CHINASILVER TEC,,0.173,0.0,0.0,0.173,0.0,0.0,0.0,0,0,0.0,0.0
2026/04/16 13:05:41,00517,中远海运国际,COSCO SHIP INTL,,6.22,-0.01,-0.16051,6.23,6.25,6.26,6.2,882000,5495720,6.21,6.22
2026/04/16 13:00:10,00518,同得仕（集团）,TUNGTEX (HOLD),,0.185,0.0,0.0,0.185,0.185,0.185,0.185,60000,11100,0.185,0.193
2026/04/16 13:00:10,00519,诺科达科技,NOVAUTEK,,0.176,0.006,3.52941,0.17,0.178,0.178,0.176,180000,31940,0.164,0.177
2026/04/16 13:04:28,00520,呷哺呷哺,XIABUXIABU,,0.465,0.02,4.49438,0.445,0.455,0.465,0.445,743000,338535,0.45,0.46
2026/04/16 13:02:00,00521,CWT INT'L,CWT INT'L,,0.27,0.0,0.0,0.27,0.27,0.275,0.265,2480000,671050,0.265,0.27
2026/04/16 13:07:17,00522,ASMPT,ASMPT,,130.8,4.0,3.15457,126.8,125.0,133.3,123.8,3350062,434338906,130.8,131.0
2026/04/16 13:00:04,00524,长城天下,GW TERROIR,,0.7,0.0,0.0,0.7,0.0,0.0,0.0,10000,6400,0.61,0.69
2026/04/16 13:07:18,00525,广深铁路股份,GUANGSHEN RAIL,,2.36,0.11,4.88889,2.25,2.27,2.37,2.25,8544000,19886344,2.35,2.36
2026/04/16 13:00:01,00526,利时集团控股,LISI GP HOLD,,0.103,0.0,0.0,0.103,0.112,0.112,0.103,74000,7990,0.103,0.108
2026/04/16 13:07:00,00527,瑞风新能源,RUIFENG RENEW,,0.67,0.0,0.0,0.67,0.67,0.67,0.67,804000,538680,0.66,0.67
2026/04/16 11:16:14,00528,金达控股,KINGDOM HOLDING,,1.24,0.0,0.0,1.24,0.0,0.0,0.0,0,0,1.24,1.3
2026/04/16 11:29:28,00529,SIS INT'L,SIS INT'L,,1.86,-0.04,-2.10526,1.9,1.83,1.86,1.83,64000,118440,1.84,1.89
2026/04/16 13:05:00,00532,WKK INTL (HOLD),WKK INTL (HOLD),,0.265,0.01,3.92157,0.255,0.255,0.265,0.255,110000,28150,0.255,0.27
2026/04/16 11:17:06,00533,金利来集团,GOLDLION HOLD,,1.0,0.0,0.0,1.0,1.01,1.01,1.0,1198000,1201910,1.0,1.01
2026/04/16 13:04:39,00535,金地商置,GEMDALE PPT,,0.121,0.001,0.83333,0.12,0.124,0.125,0.116,1560000,187898,0.119,0.122
2026/04/16 11:56:45,00536,贸易通,TRADELINK,,1.14,0.0,0.0,1.14,1.13,1.14,1.13,92000,103980,1.13,1.14
2026/04/16 13:04:02,00538,味千（中国）,AJISEN (CHINA),,0.99,0.0,0.0,0.99,0.99,0.99,0.98,234000,231650,0.99,1.0
2026/04/16 13:00:03,00540,迅捷环球控股,SPEEDY GLOBAL,,0.212,0.0,0.0,0.212,0.0,0.0,0.0,0,0,0.191,0.215
2026/04/16 11:04:00,00542,中国文旅农业,CN CULTURAL T&A,,1.0,0.0,0.0,1.0,1.12,1.12,1.0,48000,48480,0.9,1.07
2026/04/16 13:00:13,00543,太平洋网络,PACIFIC ONLINE,,0.325,0.0,0.0,0.325,0.325,0.325,0.325,30000,9750,0.32,0.345
2026/04/16 09:58:42,00544,大同集团,DAIDO GROUP,,1.66,0.0,0.0,1.66,0.0,0.0,0.0,0,0,1.66,1.72
2026/04/16 13:06:31,00546,阜丰集团,FUFENG GROUP,,7.02,-0.02,-0.28409,7.04,7.05,7.14,6.96,2500000,17564705,7.02,7.03
2026/04/16 11:29:12,00547,数字王国,DIGITAL DOMAIN,,0.27,0.01,3.84615,0.26,0.26,0.27,0.26,310000,82175,0.265,0.275
2026/04/16 13:03:18,00548,深圳高速公路股份,SHENZHENEXPRESS,,7.45,0.07,0.94851,7.38,7.42,7.57,7.33,664000,4937090,7.41,7.45
2026/04/16 13:06:57,00550,律齐文化,ALLEGRO CULTURE,,0.82,0.01,1.23457,0.81,0.83,0.85,0.78,1058000,858100,0.81,0.82
2026/04/16 13:06:01,00551,裕元集团,YUE YUEN IND,,15.94,0.04,0.25157,15.9,16.16,16.16,15.84,2587309,41268008,15.92,15.94
2026/04/16 13:05:20,00552,中国通信服务,CHINACOMSERVICE,,4.21,-0.01,-0.23697,4.22,4.25,4.26,4.19,1864000,7841330,4.2,4.21
2026/04/16 13:05:54,00553,南京熊猫电子股份,NANJING PANDA,,5.01,0.02,0.4008,4.99,4.96,5.03,4.96,1806000,9030420,5.0,5.01
2026/04/16 13:00:24,00554,汉思集团控股,HANS GP HLDGS,,0.199,0.0,0.0,0.199,0.0,0.0,0.0,0,0,0.19,0.198
2026/04/16 13:06:56,00556,泛亚环保,PAN ASIA ENVIRO,,0.56,-0.02,-3.44828,0.58,0.59,0.59,0.54,2172000,1222580,0.55,0.57
2026/04/16 13:00:22,00557,天元医疗,TIANYUAN HEALTH,,0.465,0.0,0.0,0.465,0.465,0.465,0.465,42000,19530,0.42,0.48
2026/04/16 13:05:49,00558,力劲科技,LK TECH,,2.95,0.05,1.72414,2.9,2.99,2.99,2.89,445000,1311050,2.94,2.96
2026/04/16 08:55:00,00559,德泰新能源集团,DETAI NEWENERGY,,0.126,0.0,0.0,0.126,0.0,0.0,0.0,0,0,0.0,0.0
2026/04/16 13:00:02,00560,珠江船务,CHU KONG SHIP,,0.7,-0.01,-1.40845,0.71,0.69,0.71,0.69,584000,412260,0.7,0.71
2026/04/16 13:00:06,00563,上实城市开发,SH IND URBAN,,0.275,-0.005,-1.78571,0.28,0.28,0.28,0.275,356000,99140,0.275,0.28
2026/04/16 13:07:12,00564,中创智领,ZCZL,,18.49,-0.22,-1.17584,18.71,18.65,18.97,18.4,665800,12329358,18.49,18.52
2026/04/16 13:06:24,00565,锦艺集团控股,ART GROUP HOLD,,2.79,0.07,2.57353,2.72,2.72,2.85,2.66,5305000,14598750,2.77,2.79
2026/04/16 11:57:37,00567,大昌微线集团,DAISHOMICROLINE,,0.295,0.015,5.35714,0.28,0.275,0.295,0.275,1220000,346500,0.28,0.295
2026/04/16 13:06:56,00568,山东墨龙,SHANDONG MOLONG,,8.23,-0.13,-1.55502,8.36,8.2,8.37,8.2,19708400,162645416,8.23,8.24
2026/04/16 13:05:40,00570,中国中药,TRAD CHI MED,,1.82,0.02,1.11111,1.8,1.81,1.82,1.8,4070000,7373540,1.81,1.82
2026/04/16 10:31:45,00571,丰德丽控股,ESUN HOLDINGS,,0.049,0.003,6.52174,0.046,0.047,0.049,0.047,58000,2762,0.049,0.051
2026/04/16 13:00:24,00572,未来世界控股,FW HOLDINGS,,0.43,0.0,0.0,0.43,0.0,0.0,0.0,2,0,0.4,0.49
2026/04/16 11:56:34,00573,稻香控股,TAO HEUNG HLDGS,,0.29,-0.01,-3.33333,0.3,0.3,0.3,0.29,8000,2380,0.29,0.3
2026/04/16 13:00:30,00574,百信国际,PASHUN INT'L,,0.045,0.0,0.0,0.045,0.045,0.045,0.042,668000,30018,0.04,0.049
2026/04/16 11:17:55,00575,励晶太平洋,REGENT PACIFIC,,0.7,0.0,0.0,0.7,0.0,0.0,0.0,0,0,0.7,0.8
2026/04/16 13:06:59,00576,浙江沪杭甬,ZHEJIANGEXPRESS,,7.65,-0.46,-5.67201,8.11,8.12,8.16,7.62,5881040,46190647,7.64,7.65
2026/04/16 13:04:57,00579,京能清洁能源,JNCEC,,2.27,0.0,0.0,2.27,2.28,2.28,2.25,3640000,8240010,2.26,2.27
2026/04/16 13:05:27,00580,赛晶科技,SUN.KING TECH,,1.63,0.07,4.48718,1.56,1.58,1.67,1.57,2460000,3974320,1.62,1.64
2026/04/16 13:05:11,00581,中国东方集团,CHINA ORIENTAL,,1.33,-0.01,-0.74627,1.34,1.34,1.34,1.32,354000,471120,1.33,1.34
2026/04/16 10:50:01,00582,神话世界,SHIN HWA WORLD,,0.118,-0.002,-1.66667,0.12,0.118,0.118,0.118,420000,49560,0.118,0.133
2026/04/16 13:03:59,00583,长城环亚控股,GWPA HOLDINGS,,0.23,0.008,3.6036,0.222,0.22,0.23,0.22,212000,48536,0.23,0.24
2026/04/16 13:05:29,00585,意力国际,IMAGI INT'L,,2.25,-0.1,-4.25532,2.35,2.26,2.4,1.61,635125,1358675,2.25,2.37
2026/04/16 13:07:14,00586,海螺创业,CONCH VENTURE,,11.75,-0.17,-1.42617,11.92,11.92,12.0,11.55,9703000,113603475,11.75,11.76
2026/04/16 09:30:12,00587,海螺环保,CONCH ENVIRO,,0.52,0.0,0.0,0.52,0.0,0.0,0.0,0,0,0.51,0.52
2026/04/16 13:06:26,00588,北京北辰实业股份,BEIJING N STAR,,0.81,0.0,0.0,0.81,0.82,0.83,0.81,14210000,11603480,0.81,0.82
2026/04/16 13:05:14,00590,六福集团,LUK FOOK HOLD,,23.2,-0.04,-0.17212,23.24,23.0,23.26,22.9,209000,4817580,23.2,23.22
2026/04/16 13:00:20,00591,中国高精密,C HIGHPRECISION,,0.206,-0.007,-3.28639,0.213,0.214,0.214,0.205,851000,177255,0.207,0.219
2026/04/16 11:30:42,00595,AV CONCEPT HOLD,AV CONCEPT HOLD,,0.56,-0.01,-1.75439,0.57,0.57,0.57,0.56,128000,72280,0.55,0.56
2026/04/16 13:06:41,00596,浪潮数字企业,INSPUR DIGI ENT,,2.42,-0.02,-0.81967,2.44,2.4,2.53,2.4,5172000,12835760,2.41,2.43
2026/04/16 13:06:46,00598,中国外运,SINOTRANS,,5.05,0.0,0.0,5.05,5.05,5.12,5.05,4051300,20640385,5.05,5.06
2026/04/16 13:00:22,00599,怡邦行控股,E. BON HOLDINGS,,0.15,0.0,0.0,0.15,0.0,0.0,0.0,0,0,0.151,0.164
2026/04/16 13:07:15,00600,爱芯元智,AXERA,,22.0,1.78,8.80317,20.22,20.9,23.1,20.3,1846500,40771776,21.94,22.1
2026/04/16 13:00:31,00601,稀镁科技,REMT,,0.074,0.0,0.0,0.074,0.074,0.074,0.074,1070000,79180,0.073,0.079
2026/04/16 09:02:38,00602,佳华百货控股,JIAHUA STORES H,,0.04,0.0,0.0,0.04,0.0,0.0,0.0,0,0,0.035,0.04
2026/04/16 11:56:41,00603,中油燃气,CHINA OIL & GAS,,0.176,0.0,0.0,0.176,0.176,0.18,0.174,927000,162812,0.175,0.18
2026/04/16 13:04:13,00604,深圳控股,SHENZHEN INVEST,,0.78,0.0,0.0,0.78,0.78,0.78,0.77,1522000,1180180,0.77,0.78
2026/04/16 13:00:19,00605,中国金融投资管理,C FIN SERVICES,,0.81,-0.06,-6.89655,0.87,0.81,0.81,0.81,12000,9720,0.81,0.85
2026/04/16 13:00:19,00606,中骏商管,SCE CM,,0.28,0.0,0.0,0.28,0.0,0.0,0.0,0,0,0.285,0.295
2026/04/16 08:55:00,00607,丰盛控股,FULLSHARE,,1.38,0.0,0.0,1.38,0.0,0.0,0.0,0,0,0.0,0.0
2026/04/16 13:00:07,00608,达利国际,HIGH FASHION,,1.15,-0.03,-2.54237,1.18,1.17,1.17,1.15,6000,6960,1.12,1.15
2026/04/16 13:00:10,00609,天德化工,TIANDE CHEMICAL,,1.31,0.0,0.0,1.31,0.0,0.0,0.0,0,0,1.25,1.44
2026/04/16 11:56:50,00610,WAI KEE HOLD,WAI KEE HOLD,,0.94,0.02,2.17391,0.92,0.89,0.94,0.88,32000,28860,0.89,0.92
2026/04/16 11:44:46,00611,中国核能科技,CNE TECH CORP,,0.5,0.0,0.0,0.5,0.5,0.5,0.495,264000,131500,0.495,0.51
2026/04/16 08:55:00,00612,嘉文世纪投资公司,CARMEN CENTURY,,0.335,0.0,0.0,0.335,0.0,0.0,0.0,0,0,0.0,0.0
2026/04/16 13:00:30,00613,梧桐国际,PLANETREE INT'L,,1.75,0.05,2.94118,1.7,1.62,1.82,1.6,130000,221480,1.75,1.81
2026/04/16 11:33:49,00616,财富链,ASSET CHAIN,,0.3,0.0,0.0,0.3,0.29,0.315,0.29,2025000,614625,0.295,0.3
2026/04/16 11:42:56,00617,百利保控股,PALIBURG HOLD,,0.181,-0.002,-1.0929,0.183,0.182,0.184,0.18,1437500,264335,0.181,0.184
2026/04/16 10:46:25,00618,北大资源,PKU RESOURCES,,0.315,0.0,0.0,0.315,0.315,0.315,0.315,136000,42840,0.3,0.315
2026/04/16 13:00:03,00619,南华金融,SOUTH CHINA FIN,,0.305,0.01,3.38983,0.295,0.305,0.305,0.3,54000,16370,0.295,0.305
2026/04/16 13:00:08,00620,大唐西市,DTXS SILK ROAD,,0.275,0.015,5.76923,0.26,0.26,0.275,0.25,2278000,587050,0.27,0.275
2026/04/16 11:25:39,00621,坛金矿业,TAUNG GOLD,,0.46,0.0,0.0,0.46,0.45,0.46,0.45,200000,91625,0.455,0.46
2026/04/16 13:01:02,00622,威华达控股,OSHIDORI,,1.85,-0.01,-0.53763,1.86,1.86,1.88,1.82,5313000,9779400,1.84,1.85
2026/04/16 11:46:06,00623,中视金桥,SINOMEDIA,,2.02,-0.01,-0.49261,2.03,2.02,2.02,2.0,24000,48460,2.02,2.04
2026/04/16 11:54:51,00626,大众金融控股,PUBLIC FIN HOLD,,1.47,-0.01,-0.67568,1.48,1.49,1.49,1.47,6000,8860,1.47,1.49
2026/04/16 13:06:05,00627,共生智筑,VISION SYNERGY,,0.45,0.0,0.0,0.45,0.45,0.45,0.45,40049,18021,0.445,0.54
2026/04/16 13:06:20,00628,通通ＡＩ社交,TONGTONG AI SOC,,0.365,-0.045,-10.97561,0.41,0.41,0.43,0.345,16144000,6201780,0.36,0.365
2026/04/16 13:00:02,00629,悦达国际控股,YUE DA INTL,,0.3,0.005,1.69492,0.295,0.295,0.3,0.295,272000,80845,0.29,0.3
2026/04/16 11:41:51,00630,隽泰控股,AMCO UNITED,,0.25,-0.01,-3.84615,0.26,0.25,0.25,0.25,20640,5142,0.25,0.27
2026/04/16 13:05:20,00631,三一国际,SANY INT'L,,11.57,-0.24,-2.03218,11.81,11.75,12.07,11.53,3642719,42480088,11.57,11.58
2026/04/16 13:00:02,00632,中港石油,CHK OIL,,0.3,-0.01,-3.22581,0.31,0.305,0.305,0.295,7306000,2215030,0.295,0.3
2026/04/16 10:37:03,00635,彩星集团,PLAYMATES,,0.51,0.0,0.0,0.51,0.51,0.51,0.51,76000,38760,0.51,0.52
2026/04/16 13:06:08,00636,KLN,KLN,,6.62,-0.09,-1.34128,6.71,6.68,6.69,6.61,266298,1769111,6.62,6.63
2026/04/16 13:00:26,00637,利记,LEE KEE,,0.196,0.001,0.51282,0.195,0.196,0.196,0.196,5000,974,0.197,0.216
2026/04/16 13:06:35,00638,广和通,FIBOCOM,,13.73,0.17,1.25369,13.56,13.38,13.86,13.38,534400,7333274,13.76,13.8
2026/04/16 13:05:27,00639,首钢资源,SHOUGANG RES,,2.7,0.02,0.74627,2.68,2.7,2.72,2.68,2264000,6105020,2.69,2.7
2026/04/16 11:34:44,00640,星谦发展,INFINITY DEV,,2.54,0.0,0.0,2.54,0.0,0.0,0.0,0,0,2.49,2.56
2026/04/16 11:38:44,00641,中国恒天立信国际,CHTC FONG'S INT,,0.365,0.03,8.95522,0.335,0.365,0.365,0.365,2000,730,0.32,0.35
2026/04/16 10:56:36,00643,恒富控股,CARRY WEALTH,,0.25,-0.01,-3.84615,0.26,0.25,0.25,0.25,10000,2500,0.25,0.255
2026/04/16 10:39:29,00645,安域亚洲,ARES ASIA,,0.191,-0.001,-0.52083,0.192,0.19,0.191,0.19,110000,20902,0.176,0.191
2026/04/16 11:16:50,00646,中国环保科技,CHINA ENV TEC,,0.123,-0.002,-1.6,0.125,0.123,0.123,0.123,160000,19680,0.126,0.125
2026/04/16 13:06:30,00648,京玖康疗,SOFTMEDX,,0.29,0.0,0.0,0.29,0.3,0.3,0.29,31020,9067,0.285,0.295
2026/04/16 13:06:55,00650,普达特科技,PRODUCTIVE TECH,,0.405,-0.025,-5.81395,0.43,0.455,0.46,0.375,27660000,11365300,0.405,0.41
2026/04/16 11:16:57,00653,卓悦控股,BONJOUR HOLD,,0.062,0.002,3.33333,0.06,0.06,0.062,0.06,528000,32124,0.061,0.062
2026/04/16 13:00:02,00655,香港华人有限公司,HK CHINESE LTD,,0.242,0.001,0.41494,0.241,0.242,0.242,0.242,2000,484,0.242,0.245
2026/04/16 13:06:53,00656,复星国际,FOSUN INTL,,4.19,0.12,2.9484,4.07,4.09,4.21,4.04,5408204,22495619,4.18,4.19
2026/04/16 09:18:28,00657,环科国际,G-VISION INT'L,,0.027,0.0,0.0,0.027,0.0,0.0,0.0,0,0,0.027,0.031
2026/04/16 08:55:00,00658,中国高速传动,C TRANSMISSION,,1.95,0.0,0.0,1.95,0.0,0.0,0.0,0,0,0.0,0.0
2026/04/16 13:02:06,00659,周大福创建,CTF SERVICES,,8.11,0.06,0.74534,8.05,8.07,8.14,8.05,273890,2213157,8.1,8.12
2026/04/16 13:03:43,00660,玮俊生物科技,WAI CHUN BIOTEC,,1.2,-0.06,-4.76191,1.26,1.2,1.26,1.08,3107800,3580542,1.17,1.2
2026/04/16 13:04:25,00661,中国大冶有色金属,CDAYENONFER,,0.143,0.004,2.8777,0.139,0.145,0.147,0.139,33862000,4848756,0.143,0.144
2026/04/16 11:56:24,00662,亚洲金融,ASIA FINANCIAL,,4.7,0.02,0.42735,4.68,4.7,4.7,4.7,24000,112800,4.63,4.7
2026/04/16 13:06:51,00664,铜师傅,TONGSHIFU,,27.2,-0.6,-2.15827,27.8,27.92,27.92,27.0,37400,1025976,27.04,27.22
2026/04/16 13:06:28,00666,瑞浦兰钧,REPT BATTERO,,16.84,0.49,2.99694,16.35,16.58,17.25,16.29,4944000,83677778,16.84,16.9
2026/04/16 13:06:56,00667,中国东方教育,CHINA EAST EDU,,5.03,0.01,0.1992,5.02,5.02,5.1,4.87,3601500,17839127,5.01,5.03
2026/04/16 13:06:34,00669,创科实业,TECHTRONIC IND,,109.5,-2.2,-1.96956,111.7,111.7,112.5,108.8,2177630,238763862,109.4,109.5
2026/04/16 13:04:36,00670,中国东方航空股份,CHINA EAST AIR,,3.97,0.03,0.76142,3.94,3.98,4.04,3.91,10674000,42417760,3.97,3.98
2026/04/16 13:00:15,00672,众安集团,ZHONGAN GROUP,,0.099,0.005,5.31915,0.094,0.094,0.099,0.094,4233800,401747,0.1,0.109
2026/04/16 13:00:30,00673,中国卫生集团,CHINA HEALTH,,0.56,0.0,0.0,0.56,0.0,0.0,0.0,0,0,0.51,0.55
2026/04/16 09:30:02,00674,中国唐商,CHINA TANGSHANG,,0.068,0.0,0.0,0.068,0.0,0.0,0.0,0,0,0.066,0.073
2026/04/16 11:43:05,00675,坚宝国际,K & P INT'L,,0.36,-0.03,-7.69231,0.39,0.36,0.36,0.36,10000,3600,0.365,0.38
2026/04/16 13:00:30,00676,创信国际,PEGASUS INT'L,,1.0,0.0,0.0,1.0,0.0,0.0,0.0,0,0,0.97,1.02
2026/04/16 10:20:03,00677,金源发展国际实业,GOLDEN RES DEV,,0.35,-0.005,-1.40845,0.355,0.355,0.355,0.35,106000,37600,0.35,0.355
2026/04/16 13:06:26,00679,亚洲联网科技,ASIA TELE-NET,,3.64,1.44,65.45455,2.2,2.26,3.7,2.25,13721166,39316033,3.32,3.64
2026/04/16 11:49:01,00681,中民控股,CHI PEOPLE HOLD,,0.027,0.0,0.0,0.027,0.026,0.027,0.026,506000,13660,0.026,0.027
2026/04/16 13:00:13,00682,超大现代,CHAODA MODERN,,0.23,0.0,0.0,0.23,0.0,0.0,0.0,700,153,0.22,0.239
2026/04/16 13:00:05,00683,嘉里建设,KERRY PPT,,22.46,-0.14,-0.61947,22.6,22.6,22.98,22.28,592000,13251455,22.4,22.46
2026/04/16 09:30:34,00684,亚伦国际,ALLAN INT'L,,0.51,0.0,0.0,0.51,0.0,0.0,0.0,0,0,0.5,0.53
2026/04/16 13:00:28,00685,世界华文媒体,MEDIA CHINESE,,0.205,-0.01,-4.65116,0.215,0.196,0.205,0.196,2000,401,0.205,0.228
2026/04/16 13:02:51,00686,北京能源国际,BJ ENERGY INTL,,1.07,0.01,0.9434,1.06,1.07,1.07,1.07,18000,19260,1.07,1.08
2026/04/16 11:54:50,00687,泰升集团,TYSAN HOLDINGS,,0.35,-0.005,-1.40845,0.355,0.355,0.36,0.35,248000,87800,0.345,0.36
2026/04/16 13:04:42,00688,中国海外发展,CHINA OVERSEAS,,12.52,0.18,1.45867,12.34,12.34,12.57,12.34,8028311,100308320,12.51,12.52
2026/04/16 13:03:03,00689,长盈集团（控股）,EPI (HOLDINGS),,0.219,-0.014,-6.00858,0.233,0.199,0.24,0.18,59447320,12728828,0.219,0.221
2026/04/16 13:05:17,00690,联康生物科技集团,UNI-BIO GROUP,,0.099,-0.003,-2.94118,0.102,0.106,0.107,0.099,2132000,214104,0.099,0.1
2026/04/16 11:39:38,00691,山水水泥,SHANSHUI CEMENT,,0.435,0.02,4.81928,0.415,0.41,0.435,0.41,219000,92185,0.425,0.435
2026/04/16 09:32:23,00693,陈唱国际,TAN CHONG INT'L,,1.53,0.0,0.0,1.53,0.0,0.0,0.0,0,0,1.52,1.6
2026/04/16 13:06:07,00694,北京首都机场股份,BEIJING AIRPORT,,1.91,-0.04,-2.05128,1.95,1.97,1.97,1.89,3642000,6972600,1.89,1.91
2026/04/16 13:04:02,00695,东吴水泥,DONGWU CEMENT,,7.5,-0.09,-1.18577,7.59,7.58,7.58,7.45,378000,2844060,7.48,7.5
2026/04/16 13:07:10,00696,中国民航信息网络,TRAVELSKY TECH,,10.11,0.11,1.1,10.0,10.0,10.19,10.0,4566000,46225160,10.11,10.12
2026/04/16 13:06:05,00697,首程控股,SHOUCHENG,,1.68,0.01,0.5988,1.67,1.68,1.69,1.66,18953200,31675550,1.68,1.69
2026/04/16 11:58:08,00698,通达集团,TONGDA GROUP,,2.71,0.0,0.0,2.71,2.71,2.71,2.65,73800,199526,2.64,2.71
2026/04/16 13:06:56,00699,均胜电子,JOYSON ELEC,,16.29,0.23,1.43213,16.06,16.4,16.49,16.07,1675500,27310030,16.29,16.34
2026/04/16 13:07:20,00700,腾讯控股,TENCENT,,511.0,12.0,2.40481,499.0,506.5,514.0,504.0,11889195,6052615469,511.0,511.5
2026/04/16 08:55:00,00701,CNT GROUP,CNT GROUP,,0.178,0.0,0.0,0.178,0.0,0.0,0.0,0,0,0.0,0.0
2026/04/16 08:55:00,00702,中国油气控股,SINO OIL & GAS,,0.034,0.0,0.0,0.034,0.0,0.0,0.0,0,0,0.0,0.0
2026/04/16 13:00:07,00703,FUTURE BRIGHT,FUTURE BRIGHT,,0.096,0.0,0.0,0.096,0.0,0.0,0.0,0,0,0.098,0.104
2026/04/16 08:55:00,00704,和嘉控股,HUSCOKE HLDGS,,0.133,0.0,0.0,0.133,0.0,0.0,0.0,0,0,0.0,0.0
2026/04/16 08:55:00,00707,亚洲电视控股,ATV HOLDINGS,,0.06,0.0,0.0,0.06,0.0,0.0,0.0,0,0,0.0,0.0
2026/04/16 08:55:00,00708,恒大汽车,EVERG VEHICLE,,0.17,0.0,0.0,0.17,0.0,0.0,0.0,0,0,0.0,0.0
2026/04/16 13:06:58,00709,佐丹奴国际,GIORDANO INT'L,,1.49,0.0,0.0,1.49,1.49,1.5,1.48,668129,995947,1.49,1.5
2026/04/16 13:04:21,00710,京东方精电,BOE VARITRONIX,,4.33,0.03,0.69767,4.3,4.29,4.37,4.27,253000,1093029,4.33,4.36
2026/04/16 09:00:00,00711,亚洲联合基建控股,ASIA ALLIED INF,,0.43,0.0,0.0,0.43,0.0,0.0,0.0,0,0,0.425,0.435
2026/04/16 11:30:17,00712,卡姆丹克太阳能,COMTEC SOLAR,,0.095,0.0,0.0,0.095,0.095,0.095,0.093,390000,36520,0.094,0.095
2026/04/16 13:00:13,00713,世界（集团）,WORLD HOUSEWARE,,0.385,0.0,0.0,0.385,0.0,0.0,0.0,0,0,0.36,0.38
2026/04/16 13:00:55,00716,胜狮货柜,SINGAMAS CONT,,0.64,0.0,0.0,0.64,0.65,0.65,0.64,274000,176920,0.64,0.65
2026/04/16 11:40:44,00717,英皇资本,EMPEROR CAPITAL,,0.088,0.001,1.14943,0.087,0.086,0.088,0.086,1410000,123360,0.087,0.088
2026/04/16 09:33:12,00718,太和控股,TAI UNITED HOLD,,0.032,0.0,0.0,0.032,0.0,0.0,0.0,0,0,0.03,0.032
2026/04/16 13:03:24,00719,山东新华制药股份,SHANDONG XINHUA,,6.41,0.01,0.15625,6.4,6.4,6.42,6.4,120000,768820,6.41,6.42
2026/04/16 11:56:32,00720,意达利控股,AUTO ITALIA,,0.38,0.005,1.33333,0.375,0.37,0.38,0.37,150000,56000,0.375,0.38
2026/04/16 13:01:05,00721,中国金融国际,C FIN INT INV,,0.07,0.005,7.69231,0.065,0.07,0.07,0.07,50000,3500,0.062,0.066
2026/04/16 11:29:33,00722,联合医务,UMP,,0.46,0.005,1.0989,0.455,0.46,0.46,0.46,104000,47840,0.46,0.465
2026/04/16 11:24:03,00723,信保环球控股,RELIANCE GLO HL,,0.23,0.0,0.0,0.23,0.0,0.0,0.0,0,0,0.237,0.25
2026/04/16 08:55:00,00724,瑞鑫国际集团,RUIXIN INT'L,,0.105,0.0,0.0,0.105,0.0,0.0,0.0,0,0,0.0,0.0
2026/04/16 11:37:03,00725,恒都集团,PERENNIAL INT'L,,0.8,0.0,0.0,0.8,0.8,0.8,0.8,22000,17720,0.8,0.82
2026/04/16 11:46:15,00726,筑友智造科技,DIT GROUP,,0.033,-0.001,-2.94118,0.034,0.034,0.034,0.03,1510000,47460,0.031,0.033
2026/04/16 13:00:14,00727,皇冠环球集团,CROWNICORP,,0.66,0.0,0.0,0.66,0.0,0.0,0.0,0,0,0.64,0.68
2026/04/16 13:07:17,00728,中国电信,CHINA TELECOM,,4.9,0.0,0.0,4.9,4.91,4.92,4.86,44958000,219513120,4.9,4.91
2026/04/16 11:59:15,00730,首惠产业金融,CAPITAL IND FIN,,0.118,-0.001,-0.84034,0.119,0.118,0.118,0.118,29000,3422,0.118,0.122
2026/04/16 11:20:50,00731,建发新胜,C&D NEWIN,,0.3,0.0,0.0,0.3,0.295,0.3,0.295,300000,89000,0.295,0.3
2026/04/16 13:05:22,00732,信利国际,TRULY INT'L,,1.0,0.01,1.0101,0.99,1.0,1.01,1.0,1592000,1592040,0.99,1.0
2026/04/16 13:04:44,00733,合富辉煌,HOPEFLUENT,,0.235,-0.002,-0.84388,0.237,0.235,0.235,0.235,20000,4700,0.235,0.26
2026/04/16 10:31:23,00736,中国置业投资,CHINA PPT INV,,0.46,-0.03,-6.12245,0.49,0.51,0.51,0.46,60000,28635,0.47,0.485
2026/04/16 11:33:02,00737,湾区发展,BAY AREA DEV,,1.93,-0.02,-1.02564,1.95,1.93,1.93,1.93,107000,206510,1.93,1.94
2026/04/16 11:36:20,00738,莱尔斯丹,LE SAUNDA,,0.34,0.01,3.0303,0.33,0.325,0.34,0.325,14000,4580,0.325,0.34
2026/04/16 11:46:39,00743,亚洲水泥（中国）,ASIA CEMENT CH,,2.16,-0.01,-0.46083,2.17,2.2,2.2,2.16,21000,45700,2.16,2.18
2026/04/16 13:00:16,00745,中国国家文化产业,CN CULTURE GP,,1.0,-0.06,-5.66038,1.06,1.0,1.0,1.0,140000,140000,0.9,0.99
2026/04/16 13:03:43,00746,理文化工,L & M CHEMICAL,,4.84,0.03,0.6237,4.81,4.84,4.84,4.84,4000,19360,4.85,4.9
2026/04/16 13:00:05,00747,渖阳公用发展股份,SHENYANG PUBLIC,,0.096,0.0,0.0,0.096,0.0,0.0,0.0,0,0,0.087,0.095
2026/04/16 11:48:26,00750,水发兴业能源,SFSY ENERGY,,0.24,0.01,4.34783,0.23,0.24,0.24,0.23,220000,52470,0.225,0.239
2026/04/16 13:05:42,00751,创维集团,SKYWORTH GROUP,,6.36,0.06,0.95238,6.3,6.23,6.41,6.23,330000,2098260,6.35,6.36
2026/04/16 13:00:46,00752,PICO FAR EAST,PICO FAR EAST,,2.5,0.0,0.0,2.5,2.5,2.51,2.5,104000,260080,2.49,2.51
2026/04/16 13:05:20,00753,中国国航,AIR CHINA,,5.08,0.1,2.00803,4.98,5.02,5.14,4.99,13466000,68380760,5.08,5.09
2026/04/16 08:55:00,00754,合生创展集团,HOPSON DEV HOLD,,2.64,0.0,0.0,2.64,0.0,0.0,0.0,0,0,0.0,0.0
2026/04/16 11:59:51,00755,大方广瑞德,DEVGREAT,,0.29,-0.035,-10.76923,0.325,0.29,0.29,0.29,16000,4610,0.285,0.315
2026/04/16 10:29:45,00756,森美控股,SUMMI,,0.66,0.0,0.0,0.66,0.0,0.0,0.0,0,0,0.66,0.0
2026/04/16 13:00:01,00757,阳光能源,SOLARGIGA,,0.07,0.0,0.0,0.07,0.07,0.07,0.07,799000,55930,0.07,0.071
2026/04/16 11:45:29,00759,CEC INT'L HOLD,CEC INT'L HOLD,,0.203,0.0,0.0,0.203,0.203,0.203,0.2,30000,6084,0.2,0.203
2026/04/16 13:06:43,00760,新天地产集团,TALENT PPT GP,,0.154,0.002,1.31579,0.152,0.154,0.154,0.154,92500,14210,0.152,0.166
2026/04/16 13:06:13,00762,中国联通,CHINA UNICOM,,7.33,0.03,0.41096,7.3,7.26,7.35,7.26,6294200,46043186,7.33,7.34
2026/04/16 13:07:16,00763,中兴通讯,ZTE,,23.24,-0.72,-3.00501,23.96,23.96,23.96,23.16,17855791,416634900,23.22,23.24
2026/04/16 11:58:16,00764,永恒策略,ETERNITY INV,,0.495,0.0,0.0,0.495,0.0,0.0,0.0,10112,4990,0.38,0.56
2026/04/16 11:17:38,00765,PERFECTECH INTL,PERFECTECH INTL,,0.204,0.0,0.0,0.204,0.204,0.204,0.204,26000,5304,0.2,0.204
2026/04/16 13:00:04,00767,中基长寿科学,ZHONG JI LS,,0.475,-0.005,-1.04167,0.48,0.48,0.48,0.47,220000,105050,0.475,0.48
2026/04/16 09:04:26,00768,开明投资,UBA INVESTMENTS,,0.04,0.0,0.0,0.04,0.0,0.0,0.0,0,0,0.039,0.043
2026/04/16 08:55:00,00769,中国稀土,CHINA RAREEARTH,,0.7,0.0,0.0,0.7,0.0,0.0,0.0,0,0,0.0,0.0
2026/04/16 11:45:04,00770,SHANGHAI GROWTH,SHANGHAI GROWTH,,0.198,0.0,0.0,0.198,0.198,0.198,0.198,50000,9900,0.0,0.2
2026/04/16 11:57:48,00771,自动系统,AUTOMATED SYS,,0.92,0.02,2.22222,0.9,0.9,0.92,0.9,80000,73180,0.9,0.92
2026/04/16 13:07:13,00772,阅文集团,CHINA LIT,,26.92,0.34,1.27916,26.58,26.6,27.16,26.6,1800209,48488073,26.9,26.92
2026/04/16 13:03:13,00775,长江生命科技,CKLIFE SCIENCES,,0.74,0.01,1.36986,0.73,0.73,0.74,0.73,1742000,1286800,0.73,0.74
2026/04/16 13:00:25,00776,帝国科技集团,IMPERIUM TEC GP,,0.89,0.0,0.0,0.89,0.98,0.99,0.89,49500,46245,0.91,0.94
2026/04/16 13:07:00,00777,网龙,NETDRAGON,,9.16,0.01,0.10929,9.15,9.2,9.2,9.11,1230000,11271527,9.12,9.16
2026/04/16 13:07:13,00780,同程旅行,TONGCHENGTRAVEL,,18.79,0.35,1.89805,18.44,18.44,18.86,18.44,1593300,29740670,18.78,18.79
2026/04/16 13:07:13,00784,凌锐控股,LING YUI,,0.76,-0.15,-16.48352,0.91,0.96,1.06,0.68,70643500,56708340,0.75,0.76
2026/04/16 13:06:39,00788,中国铁塔,CHINA TOWER,,10.9,-0.06,-0.54745,10.96,11.0,11.0,10.8,4889000,53256360,10.9,10.91
2026/04/16 11:36:49,00789,雅天妮集团,ARTINI HLDG,,0.305,-0.02,-6.15385,0.325,0.305,0.305,0.305,20000,6100,0.31,0.33
2026/04/16 09:39:09,00794,锦胜集团（控股）,COME SURE GROUP,,0.28,0.0,0.0,0.28,0.0,0.0,0.0,0,0,0.0,0.345
2026/04/16 13:00:04,00797,第七大道,7ROAD,,0.71,-0.01,-1.38889,0.72,0.72,0.72,0.71,66000,47360,0.71,0.75
2026/04/16 12:31:42,00798,中电光谷,CEOVU,,0.19,0.006,3.26087,0.184,0.189,0.19,0.189,28000,5300,0.185,0.193
2026/04/16 13:07:11,00799,IGG,IGG,,3.12,0.13,4.34783,2.99,2.99,3.15,2.99,1778100,5532009,3.1,3.12
2026/04/16 13:07:15,00800,文远知行－Ｗ,WERIDE-W,,21.34,0.58,2.79383,20.76,20.76,21.7,20.76,2416800,51952246,21.34,21.36
2026/04/16 13:00:04,00804,鼎石资本,PINESTONE,,3.65,0.0,0.0,3.65,3.65,3.65,3.65,5000,18250,3.56,4.09
2026/04/16 08:55:00,00805,新吉奥房车,NEW GONOW RV,,1.25,0.0,0.0,1.25,0.0,0.0,0.0,0,0,0.0,0.0
2026/04/16 13:04:42,00806,惠理集团,VALUE PARTNERS,,2.09,0.03,1.45631,2.06,2.07,2.1,2.07,421000,877955,2.08,2.09
2026/04/16 11:46:42,00807,上海实业环境,SIICENVIRONMENT,,1.08,0.0,0.0,1.08,1.08,1.08,1.07,415000,447170,1.07,1.08
2026/04/16 09:30:51,00809,大成生化科技,GLOBAL BIO-CHEM,,0.058,0.0,0.0,0.058,0.058,0.058,0.058,2000000,116000,0.058,0.06
2026/04/16 11:43:40,00810,中国铸晨８１,CH CASTSON 81,,0.121,-0.001,-0.81967,0.122,0.122,0.122,0.121,234000,28374,0.122,0.125
2026/04/16 11:53:34,00811,新华文轩,XINHUA WINSHARE,,10.36,-0.09,-0.86124,10.45,10.44,10.54,10.35,308000,3205780,10.37,10.39
2026/04/16 13:05:08,00813,世茂集团,SHIMAO GROUP,,0.173,0.0,0.0,0.173,0.174,0.176,0.172,3186000,553197,0.172,0.173
2026/04/16 13:00:10,00814,北京京客隆,JINGKELONG,,0.305,0.0,0.0,0.305,0.0,0.0,0.0,0,0,0.29,0.305
2026/04/16 13:06:33,00815,中国白银集团,CHI SILVER GP,,0.49,0.0,0.0,0.49,0.49,0.49,0.48,5632000,2736650,0.485,0.495
2026/04/16 10:49:15,00816,金茂服务,JINMAO SERVICES,,2.56,0.01,0.39216,2.55,2.56,2.57,2.56,182500,468635,2.56,2.57
2026/04/16 13:06:17,00817,中国金茂,CHINA JINMAO,,1.55,-0.02,-1.27389,1.57,1.56,1.58,1.54,16270000,25274448,1.53,1.55
2026/04/16 13:02:35,00818,高阳科技,HI SUN TECH,,0.41,0.0,0.0,0.41,0.42,0.42,0.41,603000,248280,0.405,0.41
2026/04/16 13:07:06,00819,天能动力,TIANNENG POWER,,7.92,0.02,0.25317,7.9,7.93,8.1,7.83,3292000,26265640,7.92,7.93
2026/04/16 13:00:13,00821,汇盈控股,VC HOLDINGS,,0.275,0.0,0.0,0.275,0.0,0.0,0.0,0,0,0.26,0.295
2026/04/16 10:02:42,00822,嘉瑞国际,KA SHUI INT'L,,0.305,0.005,1.66667,0.3,0.3,0.305,0.3,14000,4230,0.29,0.3
2026/04/16 13:00:01,00825,新世界百货中国,NWDS CHINA,,0.315,0.0,0.0,0.315,0.0,0.0,0.0,0,0,0.315,0.33
2026/04/16 13:07:01,00826,天工国际,TIANGONG INT'L,,3.4,0.07,2.1021,3.33,3.35,3.4,3.33,5388000,18152260,3.39,3.4
2026/04/16 11:58:09,00827,玖源集团,KO YO GROUP,,0.045,-0.001,-2.17391,0.046,0.043,0.045,0.042,1952000,83932,0.044,0.045
2026/04/16 13:00:22,00828,王朝酒业,DYNASTY WINES,,0.219,0.0,0.0,0.219,0.0,0.0,0.0,0,0,0.21,0.218
2026/04/16 11:42:31,00829,神冠控股,SHENGUAN HLDGS,,0.193,0.005,2.65957,0.188,0.189,0.193,0.189,1140000,217626,0.192,0.195
2026/04/16 11:18:46,00830,中国建筑兴业,CSC DEVELOPMENT,,0.86,0.0,0.0,0.86,0.85,0.86,0.85,24000,20520,0.84,0.86
2026/04/16 11:52:18,00831,利亚零售,CR ASIA,,0.385,0.0,0.0,0.385,0.39,0.39,0.385,512000,199260,0.385,0.39
2026/04/16 11:12:30,00832,建业地产,CENTRAL CHINA,,0.052,0.0,0.0,0.052,0.0,0.0,0.0,0,0,0.047,0.052
2026/04/16 13:03:57,00833,华讯,ALLTRONICS,,0.57,0.01,1.78571,0.56,0.56,0.58,0.56,404000,229640,0.56,0.57
2026/04/16 13:06:21,00834,康大食品,KANGDA FOOD,,0.27,0.005,1.88679,0.265,0.27,0.27,0.27,124000,33480,0.27,0.29
2026/04/16 13:07:11,00836,华润电力,CHINA RES POWER,,18.82,-0.06,-0.3178,18.88,18.88,19.02,18.74,5401765,101938900,18.82,18.83
2026/04/16 13:07:01,00837,谭木匠,CARPENTER TAN,,7.79,0.02,0.2574,7.77,7.77,7.8,7.76,10000,77805,7.79,7.9
2026/04/16 13:01:07,00838,亿和控股,EVA HOLDINGS,,0.8,0.03,3.8961,0.77,0.79,0.8,0.78,1962000,1549980,0.78,0.8
2026/04/16 13:03:28,00839,中教控股,CHINA EDU GROUP,,2.58,0.02,0.78125,2.56,2.55,2.59,2.55,1675000,4311850,2.57,2.58
2026/04/16 10:59:28,00840,天业节水,TIANYE WATER,,0.215,0.0,0.0,0.215,0.0,0.0,0.0,0,0,0.0,0.242
2026/04/16 10:46:44,00841,木薯资源,CASSAVA RES,,0.175,0.003,1.74419,0.172,0.173,0.175,0.173,34000,5942,0.175,0.193
2026/04/16 13:06:16,00842,理士国际,LEOCH INT'L,,1.05,0.07,7.14286,0.98,0.99,1.1,0.98,5762000,6101640,1.04,1.06
2026/04/16 13:05:48,00844,广泰国际控股,GREATIME INTL,,0.4,0.0,0.0,0.4,0.0,0.0,0.0,0,0,0.33,0.465
2026/04/16 08:55:00,00845,恒盛地产,GLORIOUS PPT H,,0.01,0.0,0.0,0.01,0.0,0.0,0.0,0,0,0.0,0.0
2026/04/16 08:55:00,00846,明发集团,MINGFA GROUP,,0.102,0.0,0.0,0.102,0.0,0.0,0.0,0,0,0.0,0.0
2026/04/16 13:00:28,00848,茂业国际,MAOYE INT'L,,0.121,0.002,1.68067,0.119,0.121,0.121,0.121,25000,3025,0.12,0.132
2026/04/16 11:25:54,00851,盛源控股,SHENG YUAN HLDG,,0.199,0.0,0.0,0.199,0.0,0.0,0.0,0,0,0.179,0.21
2026/04/16 08:55:00,00852,海峡石油化工,STRONG PETRO,,0.166,0.0,0.0,0.166,0.0,0.0,0.0,0,0,0.0,0.0
2026/04/16 13:07:15,00853,微创医疗,MICROPORT,,9.62,0.36,3.88769,9.26,9.33,9.73,9.19,13276238,126011923,9.62,9.63
2026/04/16 09:53:55,00854,威雅利,WILLAS-ARRAY,,5.31,0.0,0.0,5.31,0.0,0.0,0.0,0,0,5.31,5.6
2026/04/16 13:06:07,00855,中国水务,CHINA WATER,,4.9,-0.02,-0.4065,4.92,4.88,4.95,4.88,297654,1466264,4.9,4.93
2026/04/16 13:05:44,00856,伟仕佳杰,VSTECS,,9.03,-0.05,-0.55066,9.08,9.32,9.32,8.96,3076000,27821110,9.03,9.04
2026/04/16 13:07:15,00857,中国石油股份,PETROCHINA,,10.61,0.03,0.28355,10.58,10.48,10.65,10.44,38804074,409617988,10.6,10.61
2026/04/16 13:00:20,00858,精优药业,EXTRAWELL PHAR,,0.081,0.001,1.25,0.08,0.078,0.082,0.077,600000,48160,0.078,0.08
2026/04/16 10:24:46,00859,中昌国际控股,ZHONGCHANG INTL,,0.133,0.0,0.0,0.133,0.0,0.0,0.0,0,0,0.0,0.133
2026/04/16 13:04:39,00860,ＡＰＯＬＬＯ出行,APOLLO FMG,,0.425,0.015,3.65854,0.41,0.425,0.425,0.425,16000,6800,0.4,0.42
2026/04/16 13:01:52,00861,神州控股,DC HOLDINGS,,2.06,-0.05,-2.36967,2.11,2.03,2.08,2.03,278028,574377,2.05,2.07
2026/04/16 13:06:28,00862,远见控股,VISION VALUES,,0.059,0.02,51.28205,0.039,0.04,0.059,0.04,8309000,389363,0.052,0.057
2026/04/16 13:06:57,00863,ＯＳＬ集团,OSL GROUP,,13.85,-0.03,-0.21614,13.88,13.88,14.1,13.8,1062610,14810636,13.84,13.9
2026/04/16 09:00:12,00864,永利地产发展,WING LEE PPT,,0.218,0.0,0.0,0.218,0.0,0.0,0.0,0,0,0.0,0.218
2026/04/16 09:07:08,00865,建德国际控股,JIANDE INT'L,,0.04,0.0,0.0,0.04,0.0,0.0,0.0,0,0,0.038,0.04
2026/04/16 13:07:01,00866,中国秦发,CHINA QINFA,,2.97,-0.09,-2.94118,3.06,3.06,3.08,2.9,5966000,17742666,2.97,2.99
2026/04/16 13:06:16,00867,康哲药业,CMS,,13.85,-0.57,-3.95284,14.42,14.37,14.37,13.84,2455000,34374020,13.84,13.86
2026/04/16 13:05:57,00868,信义玻璃,XINYI GLASS,,9.66,-0.12,-1.22699,9.78,9.81,9.87,9.66,2901591,28216445,9.66,9.67
2026/04/16 13:00:12,00869,彩星玩具,PLAYMATES TOYS,,0.46,0.0,0.0,0.46,0.46,0.46,0.46,725400,333656,0.455,0.465
2026/04/16 13:00:19,00871,中国疏浚环保,CH DREDG ENV,,0.08,0.005,6.66667,0.075,0.08,0.08,0.08,20000,1600,0.076,0.084
2026/04/16 13:05:01,00873,世茂服务,SHIMAO SERVICES,,0.56,0.0,0.0,0.56,0.56,0.56,0.55,739000,413630,0.55,0.56
2026/04/16 13:07:13,00874,白云山,BAIYUNSHAN PH,,17.02,0.04,0.23557,16.98,17.08,17.08,16.9,514000,8723160,16.97,17.01
2026/04/16 13:03:44,00875,从玉智农,CONGYU INTE AGR,,0.78,-0.01,-1.26582,0.79,0.82,0.83,0.78,1007699,809788,0.78,0.8
2026/04/16 13:02:04,00876,佳兆业健康,KAISA HEALTH,,0.111,0.003,2.77778,0.108,0.112,0.112,0.111,120000,13380,0.111,0.112
2026/04/16 13:00:36,00878,金朝阳集团,SOUNDWILL HOLD,,7.11,0.07,0.99432,7.04,7.04,7.13,7.04,22500,159555,7.09,7.12
2026/04/16 13:06:53,00880,澳博控股,SJM HOLDINGS,,2.14,0.01,0.46948,2.13,2.12,2.15,2.12,2772744,5919972,2.14,2.15
2026/04/16 13:06:45,00881,中升控股,ZHONGSHENG HLDG,,7.63,-0.05,-0.65104,7.68,7.7,7.73,7.61,2071500,15873900,7.63,7.64
2026/04/16 13:01:00,00882,天津发展,TIANJIN DEV,,2.43,0.02,0.82988,2.41,2.43,2.46,2.43,92000,224000,2.43,2.45
2026/04/16 13:07:14,00883,中国海洋石油,CNOOC,,26.7,0.48,1.83066,26.22,26.34,26.98,26.14,41723141,1108917504,26.68,26.7
2026/04/16 13:05:22,00884,旭辉控股集团,CIFI HOLD GP,,0.072,0.003,4.34783,0.069,0.07,0.072,0.07,33825640,2400143,0.071,0.072
2026/04/16 10:50:09,00887,英皇钟表珠宝,EMPEROR WATCH&J,,0.32,0.005,1.5873,0.315,0.32,0.32,0.32,380000,121550,0.315,0.32
2026/04/16 13:00:16,00888,链信控股,BLOCKFIN HLDG,,0.053,-0.002,-3.63636,0.055,0.052,0.053,0.052,88000,4662,0.052,0.062
2026/04/16 09:04:27,00889,连达科技控股,DATRONIX HOLD,,0.31,0.0,0.0,0.31,0.0,0.0,0.0,0,0,0.29,0.32
2026/04/16 10:36:26,00893,中国铁钛,CHINAVTM MINING,,0.079,-0.001,-1.25,0.08,0.079,0.079,0.079,10000,790,0.08,0.084
2026/04/16 11:43:28,00894,万裕科技,MAN YUE TECH,,0.78,-0.01,-1.26582,0.79,0.78,0.78,0.78,56000,43680,0.78,0.79
2026/04/16 13:02:47,00895,东江环保,DONGJIANG ENV,,2.12,0.04,1.92308,2.08,2.11,2.12,2.07,266800,560306,2.1,2.11
2026/04/16 11:20:55,00896,兴胜创建,HANISON,,0.241,-0.006,-2.42915,0.247,0.241,0.241,0.241,128000,31352,0.241,0.248
2026/04/16 10:47:22,00897,位元堂,WAI YUEN TONG,,0.345,0.0,0.0,0.345,0.345,0.345,0.345,65000,22425,0.34,0.355
2026/04/16 13:00:17,00898,万事昌国际,MULTIFIELD INTL,,0.93,0.0,0.0,0.93,0.0,0.0,0.0,0,0,0.95,1.01
2026/04/16 11:36:57,00899,中加国信,ZHONG JIA GX,,0.214,0.0,0.0,0.214,0.0,0.0,0.0,0,0,0.193,0.212
2026/04/16 13:00:00,00900,AEON CREDIT,AEON CREDIT,,8.31,0.01,0.12048,8.3,8.31,8.31,8.3,12000,99640,8.27,8.32
2026/04/16 13:07:09,00902,华能国际电力股份,HUANENG POWER,,6.25,0.02,0.32103,6.23,6.2,6.28,6.19,14276000,89031840,6.24,6.25
2026/04/16 13:07:09,00905,胡桃资本,WALNUT CAP,,0.23,-0.001,-0.4329,0.231,0.231,0.237,0.225,2240000,513232,0.229,0.233
2026/04/16 11:47:09,00907,高雅光学,ELEGANCEOPTICAL,,0.056,-0.003,-5.08475,0.059,0.059,0.06,0.056,1160000,67660,0.057,0.061
2026/04/16 13:06:58,00909,明源云,MING YUAN CLOUD,,2.3,0.02,0.87719,2.28,2.28,2.34,2.28,2034000,4707680,2.31,2.32
2026/04/16 08:55:00,00910,中国三迪,CHINA SANDI,,0.014,0.0,0.0,0.014,0.0,0.0,0.0,0,0,0.0,0.0
2026/04/16 11:42:55,00911,前海健康,QIANHAI HEALTH,,0.305,0.03,10.90909,0.275,0.305,0.305,0.305,22800,6828,0.28,0.305
2026/04/16 13:06:33,00912,信佳国际,SUGA INT'L,,1.06,0.02,1.92308,1.04,1.06,1.06,1.06,28000,29680,1.06,1.07
2026/04/16 10:14:54,00913,港湾数字,HARBOUR DIGITAL,,0.194,-0.001,-0.51282,0.195,0.194,0.196,0.194,140000,27200,0.194,0.196
2026/04/16 13:07:11,00914,海螺水泥,CONCH CEMENT,,20.3,-0.6,-2.87081,20.9,20.9,21.0,20.28,7037000,144360394,20.3,20.32
2026/04/16 13:01:04,00915,道和环球,DAOHE GLOBAL,,0.06,0.0,0.0,0.06,0.0,0.0,0.0,0,0,0.053,0.058
2026/04/16 13:07:13,00916,龙源电力,CHINA LONGYUAN,,6.36,0.06,0.95238,6.3,6.35,6.38,6.29,24868295,157393505,6.36,6.37
2026/04/16 13:07:14,00917,趣致集团,QUNABOX GROUP,,17.82,-0.04,-0.22396,17.86,18.19,18.6,17.59,6461300,116750421,17.81,17.82
2026/04/16 11:51:35,00918,龙翼航空科技,MAJESTIC DRAGON,,0.8,0.02,2.5641,0.78,0.78,0.8,0.76,132000,101880,0.76,0.8
2026/04/16 09:42:32,00919,现代健康科技,MODERNHEALTHTEC,,0.087,0.0,0.0,0.087,0.0,0.0,0.0,0,0,0.082,0.087
2026/04/16 13:05:00,00921,海信家电,HISENSE HA,,21.24,0.1,0.47304,21.14,21.36,21.38,21.06,283100,6004052,21.22,21.28
2026/04/16 13:01:53,00922,安贤园中国,ANXIANYUAN CH,,0.129,0.001,0.78125,0.128,0.13,0.13,0.129,160000,20700,0.132,0.136
2026/04/16 09:00:02,00923,综合环保集团,IWS,,0.019,0.0,0.0,0.019,0.0,0.0,0.0,0,0,0.018,0.019
2026/04/16 09:04:38,00924,坤集团,KHOON GROUP,,0.123,0.0,0.0,0.123,0.0,0.0,0.0,0,0,0.123,0.0
2026/04/16 13:05:07,00926,碧生源,BESUNYEN,,2.5,0.0,0.0,2.5,0.0,0.0,0.0,0,0,2.44,2.66
2026/04/16 11:42:55,00927,富士高实业,FUJIKON IND,,0.51,0.0,0.0,0.51,0.51,0.51,0.51,8000,4080,0.51,0.52
2026/04/16 11:31:50,00928,帝王国际投资,KING INTL INV,,0.079,0.0,0.0,0.079,0.077,0.08,0.077,160012,12620,0.079,0.082
2026/04/16 11:25:44,00929,国际精密,IPE GROUP,,0.56,-0.04,-6.66667,0.6,0.57,0.59,0.56,145000,84400,0.57,0.58
2026/04/16 13:06:33,00931,中国港能,CHINA HK POWER,,0.35,0.01,2.94118,0.34,0.34,0.355,0.335,5397500,1866375,0.345,0.35
2026/04/16 10:50:43,00932,顺腾国际控股,SHUNTEN INTL,,0.029,0.0,0.0,0.029,0.029,0.029,0.029,2400000,69600,0.028,0.029
2026/04/16 13:07:02,00933,非凡领越,VIVA GOODS,,0.61,-0.02,-3.1746,0.63,0.63,0.63,0.6,1904000,1153760,0.6,0.61
2026/04/16 13:00:45,00934,中石化冠德,SINOPEC KANTONS,,4.08,0.0,0.0,4.08,4.11,4.11,4.06,780000,3174440,4.07,4.09
2026/04/16 13:00:22,00936,佳兆业资本,KAISA CAPITAL,,0.265,0.0,0.0,0.265,0.0,0.0,0.0,0,0,0.25,0.285
2026/04/16 12:31:42,00938,民生国际,MAN SANG INT'L,,0.49,0.015,3.1579,0.475,0.49,0.54,0.49,2020000,1009260,0.485,0.495
2026/04/16 13:07:13,00939,建设银行,CCB,,8.53,0.05,0.58962,8.48,8.48,8.54,8.48,60787187,517488611,8.52,8.53
2026/04/16 13:07:16,00941,中国移动,CHINA MOBILE,,81.7,0.35,0.43024,81.35,81.35,81.75,81.3,6488375,529460653,81.7,81.75
2026/04/16 11:46:17,00943,中证国际,ZHONGZHENG INTL,,0.18,0.0,0.0,0.18,0.0,0.0,0.0,70,11,0.18,0.192
2026/04/16 13:04:46,00945,宏利金融－Ｓ,MANULIFE-S,,300.0,7.4,2.52905,292.6,303.2,304.4,297.4,26777,8075637,299.20001,300.79999
2026/04/16 13:00:02,00947,摩比发展,MOBI DEV,,0.186,-0.004,-2.10526,0.19,0.186,0.188,0.185,1614000,300317,0.186,0.199
2026/04/16 11:26:27,00948,阿尔法企业,ALPHA PRO HLDGS,,0.335,-0.005,-1.47059,0.34,0.335,0.335,0.335,47000,15080,0.25,0.34
2026/04/16 11:38:01,00950,李氏大药厂,LEE'S PHARM,,1.24,-0.01,-0.8,1.25,1.26,1.28,1.23,172500,214575,1.23,1.25
2026/04/16 13:04:27,00951,超威动力,CHAOWEI POWER,,1.74,0.04,2.35294,1.7,1.7,1.79,1.7,1499000,2634200,1.74,1.75
2026/04/16 13:00:01,00952,华富建业金融,QUAM PLUS FIN,,0.14,0.0,0.0,0.14,0.0,0.0,0.0,10000,1390,0.139,0.144
2026/04/16 13:07:01,00953,邵氏兄弟控股,SHAW BROTHERS,,0.234,-0.002,-0.84746,0.236,0.229,0.238,0.229,536000,124968,0.23,0.234
2026/04/16 09:30:04,00954,常茂生物,CHANGMAO BIO,,0.33,0.0,0.0,0.33,0.0,0.0,0.0,0,0,0.33,0.35
2026/04/16 13:06:55,00956,新天绿色能源,CHINA SUNTIEN,,3.82,-0.01,-0.2611,3.83,3.79,3.83,3.79,1432000,5460829,3.82,3.83
2026/04/16 08:55:00,00959,世纪娱乐国际,CENTURY ENT INT,,0.72,0.0,0.0,0.72,0.0,0.0,0.0,0,0,0.0,0.0
2026/04/16 13:07:12,00960,龙湖集团,LONGFOR GROUP,,8.23,0.15,1.85644,8.08,8.18,8.27,8.05,8378460,68448287,8.22,8.23
2026/04/16 13:07:16,00966,中国太平,CHINA TAIPING,,22.22,0.24,1.0919,21.98,22.1,22.46,21.9,3666719,81198769,22.22,22.24
2026/04/16 13:07:14,00968,信义光能,XINYI SOLAR,,2.94,0.03,1.03093,2.91,2.92,2.96,2.92,21370763,62875648,2.94,2.95
2026/04/16 13:00:26,00969,华联国际,HUA LIEN INT'L,,0.095,0.0,0.0,0.095,0.0,0.0,0.0,0,0,0.09,0.097
2026/04/16 13:00:00,00970,新耀莱,NEW SPARKLEROLL,,0.45,0.01,2.27273,0.44,0.44,0.45,0.44,108000,48580,0.455,0.48
2026/04/16 13:00:21,00974,中国顺客隆,SKL,,0.8,0.0,0.0,0.8,0.0,0.0,0.0,0,0,0.8,0.85
2026/04/16 13:04:27,00975,MONGOL MINING,MONGOL MINING,,10.45,0.08,0.77146,10.37,10.46,10.48,10.31,1245700,12952071,10.43,10.45
2026/04/16 08:55:00,00976,齐合环保,CHIHO ENV,,0.43,0.0,0.0,0.43,0.0,0.0,0.0,0,0,0.0,0.0
2026/04/16 13:00:05,00978,招商局置地,CHI MER LAND,,0.25,0.001,0.40161,0.249,0.243,0.25,0.243,1626000,405008,0.241,0.255
2026/04/16 11:12:24,00979,绿色能源科技集团,GREEN ENERGY GP,,0.285,-0.01,-3.38983,0.295,0.29,0.29,0.285,398000,114430,0.285,0.29
2026/04/16 11:54:21,00980,联华超市,LIANHUA,,0.275,0.0,0.0,0.275,0.275,0.285,0.265,344000,94695,0.275,0.285
2026/04/16 13:07:14,00981,中芯国际,SMIC,,58.95,-0.35,-0.59022,59.3,59.3,60.15,58.75,24922987,1482004775,58.95,59.0
2026/04/16 10:31:54,00983,瑞安建业,SOCAM DEV,,0.335,-0.005,-1.47059,0.34,0.335,0.335,0.335,6000,2010,0.335,0.37
2026/04/16 13:00:04,00984,永旺,AEON STORES,,0.32,0.0,0.0,0.32,0.315,0.32,0.315,12500,3940,0.32,0.345
2026/04/16 13:06:15,00986,杜甫酒业集团,DUFU LIQUOR GP,,0.041,-0.004,-8.88889,0.045,0.042,0.045,0.041,1236000,52750,0.042,0.043
2026/04/16 11:57:46,00987,中国再生能源投资,CH RENEW EN INV,,0.186,0.003,1.63934,0.183,0.185,0.186,0.185,594093,109952,0.183,0.186
2026/04/16 13:00:16,00989,中国长白山国际,CHINA CBS INTL,,0.64,0.0,0.0,0.64,0.0,0.0,0.0,0,0,0.61,0.69
2026/04/16 11:56:50,00990,至源控股,DEEP SOURCE,,0.8,-0.01,-1.23457,0.81,0.82,0.82,0.79,5980000,4788500,0.8,0.81
2026/04/16 13:07:15,00991,大唐发电,DATANG POWER,,2.5,-0.01,-0.39841,2.51,2.51,2.53,2.49,5666000,14186150,2.5,2.51
2026/04/16 13:07:07,00992,联想集团,LENOVO GROUP,,10.72,0.14,1.32325,10.58,10.62,10.84,10.55,41393845,442914418,10.71,10.72
2026/04/16 11:31:20,00993,信控国际资本,XINKONG INT CAP,,0.118,0.0,0.0,0.118,0.0,0.0,0.0,0,0,0.112,0.115
2026/04/16 13:00:00,00994,中天宏信,CT VISION,,0.31,-0.01,-3.125,0.32,0.31,0.31,0.31,76000,23560,0.31,0.325
2026/04/16 13:05:57,00995,安徽皖通高速公路,ANHUIEXPRESSWAY,,15.44,0.06,0.39012,15.38,15.38,15.71,15.15,1198000,18383400,15.36,15.4
2026/04/16 09:00:15,00997,普汇中金国际,CHINLINK INTL,,0.023,0.0,0.0,0.023,0.0,0.0,0.0,0,0,0.021,0.023
2026/04/16 13:07:05,00998,中信银行,CITIC BANK,,8.04,-0.14,-1.71149,8.18,8.2,8.2,8.04,5975291,48371005,8.04,8.06
2026/04/16 13:06:29,00999,小菜园,XIAOCAIYUAN,,6.51,0.03,0.46296,6.48,6.52,6.58,6.47,624000,4064176,6.51,6.53
2026/04/16 13:00:16,01000,北青传媒,BEIJING MEDIA,,0.66,0.0,0.0,0.66,0.66,0.66,0.66,500,330,0.66,0.69
2026/04/16 09:00:10,01001,沪港联合,HK SH ALLIANCE,,0.38,0.0,0.0,0.38,0.0,0.0,0.0,0,0,0.365,0.38
2026/04/16 13:00:11,01002,威铖国际,V.S. INT'L,,0.052,0.0,0.0,0.052,0.0,0.0,0.0,0,0,0.049,0.055
2026/04/16 11:59:12,01003,欢喜传媒,HUANXI MEDIA,,0.235,-0.004,-1.67364,0.239,0.238,0.242,0.233,370000,87510,0.233,0.235
2026/04/16 13:01:16,01004,中国智慧能源,C SMARTERENERGY,,0.3,-0.025,-7.69231,0.325,0.3,0.3,0.3,10100,3028,0.295,0.325
2026/04/16 13:00:28,01005,MATRIX HOLDINGS,MATRIX HOLDINGS,,0.43,0.0,0.0,0.43,0.0,0.0,0.0,0,0,0.4,0.44
2026/04/16 08:55:00,01007,龙辉国际控股,LONGHUI INTL,,0.07,0.0,0.0,0.07,0.0,0.0,0.0,0,0,0.0,0.0
2026/04/16 10:06:20,01008,力图控股,LITU HOLDINGS,,0.2,0.0,0.0,0.2,0.0,0.0,0.0,0,0,0.194,0.2
2026/04/16 11:04:29,01009,国际娱乐,INT'L ENT,,1.12,0.0,0.0,1.12,1.16,1.16,1.12,70000,80800,1.11,1.16
2026/04/16 13:07:06,01010,天玺曜１１,SKY BLUE 11,,0.073,-0.001,-1.35135,0.074,0.074,0.074,0.073,1302000,95048,0.073,0.074
2026/04/16 13:06:55,01011,泰凌医药,NT PHARMA,,0.59,-0.08,-11.9403,0.67,0.66,0.66,0.55,1180000,695800,0.57,0.62
2026/04/16 13:02:43,01013,伟俊集团控股,WAI CHUN GROUP,,1.09,0.0,0.0,1.09,1.09,1.1,0.94,327625,356006,0.99,1.16
2026/04/16 11:33:43,01020,中细软科技,CIPRUN TECH,,0.3,0.0,0.0,0.3,0.295,0.305,0.285,3576000,1044520,0.29,0.3
2026/04/16 13:07:09,01021,华沿机器人,HUAYAN ROBOTICS,,20.5,0.26,1.28459,20.24,19.97,20.6,19.88,1889600,38040930,20.5,20.52
2026/04/16 13:00:04,01022,飞鱼科技,FEIYU,,0.53,0.0,0.0,0.53,0.53,0.53,0.51,612000,322605,0.51,0.53
2026/04/16 11:43:19,01023,时代集团控股,SITOY GROUP,,0.49,-0.01,-2.0,0.5,0.5,0.5,0.485,916000,451365,0.49,0.5
2026/04/16 13:07:12,01024,快手－Ｗ,KUAISHOU-W,,46.66,1.0,2.1901,45.66,46.2,46.78,46.16,20011076,930530914,46.64,46.66
2026/04/16 13:00:09,01025,嘉艺控股,KNT HOLDINGS,,0.275,-0.025,-8.33333,0.3,0.295,0.295,0.275,2000000,566520,0.27,0.275
2026/04/16 13:07:03,01026,环球实业科技,UNIVERSAL TECH,,0.067,-0.002,-2.89855,0.069,0.069,0.074,0.067,400000,27800,0.066,0.067
2026/04/16 11:36:48,01027,亚洲策略科技,ASIA STRAT TECH,,3.1,0.0,0.0,3.1,0.0,0.0,0.0,7750,22487,2.9,3.08
2026/04/16 13:03:49,01028,千百度,C.BANNER,,0.69,-0.02,-2.8169,0.71,0.7,0.7,0.69,91000,63400,0.68,0.7
2026/04/16 11:26:54,01029,铁货,IRC,,0.54,0.01,1.88679,0.53,0.53,0.54,0.53,33800,17852,0.54,0.55
2026/04/16 13:04:33,01030,新城发展,SEAZEN,,2.15,-0.01,-0.46296,2.16,2.14,2.17,2.14,4236000,9131600,2.15,2.16
2026/04/16 13:06:20,01033,中石化油服,SINOPEC SSC,,0.83,-0.01,-1.19048,0.84,0.84,0.84,0.83,19873000,16522720,0.83,0.84
2026/04/16 11:59:37,01036,万科海外,VANKE OVERSEAS,,1.86,-0.02,-1.06383,1.88,1.86,1.86,1.85,19945,37000,1.86,1.88
2026/04/16 13:03:38,01037,云智汇科技,MAXNERVA TECH,,0.5,0.02,4.16667,0.48,0.5,0.5,0.5,200000,100000,0.485,0.495
2026/04/16 13:04:51,01038,长江基建集团,CKI HOLDINGS,,65.0,0.1,0.15408,64.9,64.9,65.45,64.8,393882,25639177,65.0,65.05
2026/04/16 13:00:24,01039,畅由国际集团,CHANGYOU INT GP,,0.053,0.0,0.0,0.053,0.0,0.0,0.0,0,0,0.051,0.067
2026/04/16 13:06:31,01044,恒安国际,HENGAN INT'L,,27.04,-0.5,-1.81554,27.54,27.44,27.88,27.02,1292000,35122450,27.02,27.04
2026/04/16 13:05:28,01045,亚太卫星,APT SATELLITE,,3.5,-0.05,-1.40845,3.55,3.55,3.58,3.45,2054000,7217400,3.5,3.51
2026/04/16 09:58:05,01046,寰宇娱乐文化,UNIVERSE ENT,,0.3,-0.005,-1.63934,0.305,0.3,0.3,0.3,6000,1780,0.3,0.315
2026/04/16 13:00:05,01047,毅兴行,NGAI HING HONG,,0.325,0.0,0.0,0.325,0.0,0.0,0.0,0,0,0.315,0.34
2026/04/16 11:41:00,01049,时富投资,CELESTIAL ASIA,,1.3,-0.01,-0.76336,1.31,1.29,1.3,1.29,118000,153280,1.28,1.31
2026/04/16 13:03:42,01050,嘉利国际,KARRIE INT'L,,2.15,-0.07,-3.15315,2.22,2.22,2.22,2.14,1434000,3105160,2.15,2.16
2026/04/16 11:51:42,01051,国际资源,G-RESOURCES,,10.9,-0.05,-0.45662,10.95,10.99,10.99,10.9,20700,227313,10.9,10.98
2026/04/16 13:06:01,01052,越秀交通基建,YUEXIUTRANSPORT,,4.08,-0.06,-1.44928,4.14,4.14,4.14,4.08,778838,3188953,4.08,4.09
2026/04/16 13:03:29,01053,重庆钢铁股份,CHONGQING IRON,,1.16,0.02,1.75439,1.14,1.15,1.16,1.15,3012000,3470580,1.15,1.16
2026/04/16 13:05:25,01055,中国南方航空股份,CHINA SOUTH AIR,,4.29,0.08,1.90024,4.21,4.26,4.33,4.24,9644000,41385030,4.28,4.29
2026/04/16 13:07:02,01057,浙江世宝,ZHEJIANG SHIBAO,,5.76,0.24,4.34783,5.52,5.62,6.02,5.62,27514000,160341480,5.75,5.76
2026/04/16 10:33:15,01058,南粤控股,NAMYUE HOLDINGS,,0.39,0.02,5.40541,0.37,0.39,0.39,0.39,6000,2340,0.335,0.39
2026/04/16 11:52:02,01059,看通集团,KANTONE HOLDING,,0.4,-0.005,-1.23457,0.405,0.4,0.4,0.4,24000,9600,0.4,0.43
2026/04/16 13:06:19,01060,大麦娱乐,DAMAI ENT,,0.62,0.02,3.33333,0.6,0.61,0.62,0.6,48770002,29840301,0.61,0.62
2026/04/16 13:04:02,01061,亿胜生物科技,ESSEX BIO-TECH,,3.37,-0.01,-0.29586,3.38,3.38,3.45,3.37,86000,294810,3.36,3.4
2026/04/16 10:24:38,01062,国开国际投资,CDB INT'L INV,,0.103,0.0,0.0,0.103,0.0,0.0,0.0,0,0,0.097,0.101
2026/04/16 11:59:38,01063,新确科技,SUNCORP TECH,,0.104,0.0,0.0,0.104,0.104,0.104,0.104,50000,5200,0.1,0.104
2026/04/16 10:53:52,01064,中华国际,ZHONG HUA INT'L,,0.079,0.0,0.0,0.079,0.079,0.079,0.079,90000,7110,0.076,0.079
2026/04/16 11:52:51,01065,天津创业环保股份,TIANJIN CAPITAL,,4.29,0.03,0.70423,4.26,4.25,4.29,4.25,66000,281080,4.27,4.28
2026/04/16 13:07:02,01066,威高股份,WEIGAO GROUP,,3.64,-0.02,-0.54645,3.66,3.68,3.69,3.62,12488200,45530376,3.64,3.65
2026/04/16 10:48:09,01068,雨润食品,YURUN FOOD,,0.108,-0.003,-2.7027,0.111,0.108,0.108,0.108,30000,3240,0.108,0.111
2026/04/16 11:50:37,01069,中国健康科技集团,CN HEALTH TECH,,0.38,0.0,0.0,0.38,0.365,0.38,0.365,40200,14823,0.37,0.385
2026/04/16 13:06:09,01070,ＴＣＬ电子,TCL ELECTRONICS,,13.79,0.23,1.69617,13.56,13.7,14.1,13.54,4150000,57587630,13.78,13.8
2026/04/16 13:06:09,01071,华电国际电力股份,HUADIAN POWER,,4.02,0.0,0.0,4.02,4.04,4.04,3.99,3882000,15567400,4.01,4.02
2026/04/16 13:07:06,01072,东方电气,DONGFANG ELEC,,42.4,3.26,8.32908,39.14,39.86,42.86,39.2,14518523,603018723,42.38,42.4
2026/04/16 09:40:52,01073,大禹金融,DA YU FIN,,0.101,0.0,0.0,0.101,0.0,0.0,0.0,1000,95,0.1,0.109
2026/04/16 11:50:44,01075,首都信息,CAPINFO,,2.84,-0.03,-1.0453,2.87,2.73,2.85,2.71,41000,114110,2.79,2.86
2026/04/16 13:04:31,01079,松景科技,PINE TECH,,0.29,-0.01,-3.33333,0.3,0.3,0.3,0.29,1040000,304360,0.29,0.305
2026/04/16 11:46:24,01080,胜利管道,SHENGLI PIPE,,0.066,-0.001,-1.49254,0.067,0.066,0.067,0.066,618000,40791,0.066,0.071
2026/04/16 10:17:38,01082,源宇宙教育,BDV EDU INTL,,1.43,0.0,0.0,1.43,0.0,0.0,0.0,0,0,1.4,1.42
2026/04/16 13:07:03,01083,港华智慧能源,TG SMART ENERGY,,3.53,0.02,0.5698,3.51,3.51,3.53,3.47,1520000,5333620,3.52,3.53
2026/04/16 11:00:48,01084,绿新生物科技,GREEN FRESH BIO,,0.65,-0.02,-2.98508,0.67,0.65,0.65,0.65,2000,1300,0.65,0.67
2026/04/16 10:27:42,01085,亨鑫科技,HXTL,,1.3,0.02,1.5625,1.28,1.3,1.3,1.3,2000,2600,1.25,1.31
2026/04/16 11:58:56,01086,好孩子国际,GOODBABY INTL,,1.01,0.0,0.0,1.01,1.02,1.03,1.0,199000,200320,1.0,1.01
2026/04/16 10:37:13,01087,威讯控股,INVESTECH HLDGS,,0.48,-0.04,-7.69231,0.52,0.52,0.52,0.47,72000,34940,0.49,0.51
2026/04/16 13:07:01,01088,中国神华,CHINA SHENHUA,,46.0,0.4,0.87719,45.6,45.6,46.1,45.2,6519498,298699615,45.98,46.0
2026/04/16 10:31:30,01090,大明国际,DA MING INT'L,,0.78,0.0,0.0,0.78,0.78,0.78,0.78,52000,40560,0.73,0.78
2026/04/16 13:05:20,01091,南方锰业,SOUTH MANGANESE,,0.6,0.01,1.69492,0.59,0.6,0.61,0.59,2610000,1564130,0.6,0.61
2026/04/16 13:07:01,01093,石药集团,CSPC PHARMA,,9.34,-0.1,-1.05932,9.44,9.44,9.45,9.21,33889806,315821704,9.32,9.34
2026/04/16 10:50:08,01094,承辉国际,CHERISH SUN,,0.38,0.0,0.0,0.38,0.0,0.0,0.0,0,0,0.38,0.395
2026/04/16 11:04:42,01097,有线宽频,I-CABLE COMM,,0.055,0.002,3.77359,0.053,0.053,0.055,0.053,580000,31220,0.053,0.055
2026/04/16 10:05:54,01098,路劲,ROAD KING INFRA,,0.63,0.0,0.0,0.63,0.63,0.63,0.63,14000,8820,0.63,0.65
2026/04/16 13:05:43,01099,国药控股,SINOPHARM,,20.7,-0.14,-0.67179,20.84,20.84,21.02,20.66,920380,19118128,20.68,20.72
2026/04/16 11:06:36,01100,飞达控股,MAINLAND HOLD,,1.42,-0.01,-0.6993,1.43,1.42,1.42,1.42,18000,25560,1.42,1.44
2026/04/16 08:55:00,01101,华荣能源,HUARONG ENERGY,,0.02,0.0,0.0,0.02,0.0,0.0,0.0,0,0,0.0,0.0
2026/04/16 11:45:10,01102,环能国际,ENVIRO ENERGY,,0.053,-0.005,-8.62069,0.058,0.055,0.058,0.05,11412000,594140,0.052,0.053
2026/04/16 13:06:57,01104,亚太资源,APAC RESOURCES,,2.57,-0.04,-1.53257,2.61,2.7,2.7,2.57,780000,2021800,2.56,2.59
2026/04/16 09:06:36,01105,星岛,SING TAO,,0.191,0.0,0.0,0.191,0.0,0.0,0.0,0,0,0.186,0.199
2026/04/16 08:55:00,01107,当代置业,MODERN LAND,,0.013,0.0,0.0,0.013,0.0,0.0,0.0,0,0,0.0,0.0
2026/04/16 13:02:22,01108,凯盛新能,TRIUMPH NEW EN,,3.77,0.04,1.07239,3.73,3.75,3.78,3.73,740000,2783940,3.77,3.78
2026/04/16 13:07:03,01109,华润置地,CHINA RES LAND,,31.1,0.42,1.36897,30.68,30.68,31.16,30.66,6489500,200848197,31.1,31.12
2026/04/16 13:06:55,01110,金活医药集团,KINGWORLD,,0.475,-0.015,-3.06122,0.49,0.49,0.49,0.475,492000,237240,0.47,0.475
2026/04/16 13:00:12,01111,华视集团控股,HUASHI GROUP,,0.265,0.0,0.0,0.265,0.265,0.265,0.265,236000,62540,0.26,0.265
2026/04/16 13:06:58,01112,Ｈ＆Ｈ国际控股,H&H INTL HLDG,,12.85,0.33,2.63578,12.52,12.52,12.93,12.52,1094500,13987141,12.82,12.85
2026/04/16 13:07:04,01113,长实集团,CK ASSET,,48.18,-0.34,-0.70074,48.52,48.58,48.88,48.12,2247489,109014281,48.16,48.18
2026/04/16 13:07:16,01114,BRILLIANCE CHI,BRILLIANCE CHI,,3.05,0.05,1.66667,3.0,3.02,3.08,3.02,13522000,41269044,3.04,3.05
2026/04/16 13:04:40,01115,５１００藏冰川,5100 XIZANG,,0.475,0.0,0.0,0.475,0.48,0.48,0.47,7300000,3466350,0.47,0.475
2026/04/16 13:00:28,01116,慧源同创科技,HC TECH GP,,0.25,0.002,0.80645,0.248,0.25,0.25,0.246,50000,12380,0.246,0.265
2026/04/16 13:05:22,01117,现代牧业,CH MODERN D,,1.43,-0.01,-0.69444,1.44,1.44,1.47,1.42,7682000,11163290,1.43,1.44
2026/04/16 09:30:10,01118,高力集团,GOLIK HOLDINGS,,1.11,0.0,0.0,1.11,0.0,0.0,0.0,0,0,1.11,1.15
2026/04/16 11:49:54,01119,创梦天地,IDREAMSKY,,0.495,0.01,2.06186,0.485,0.485,0.5,0.475,5028800,2413442,0.495,0.5
2026/04/16 13:00:10,01120,雅视光学,ARTS OPTICAL,,0.88,-0.02,-2.22222,0.9,0.9,0.9,0.88,8000,7160,0.83,1.05
2026/04/16 11:12:46,01121,金阳新能源,GOLDENSOLAR,,1.23,-0.03,-2.38095,1.26,1.25,1.26,1.22,116000,142820,1.21,1.23
2026/04/16 13:06:26,01122,庆铃汽车股份,QINGLING MOTORS,,1.13,0.01,0.89286,1.12,1.13,1.14,1.1,2128000,2389580,1.12,1.13
2026/04/16 11:48:39,01123,中港照相,CHINA-HK PHOTO,,0.115,0.003,2.67857,0.112,0.112,0.115,0.112,846000,96732,0.115,0.122
2026/04/16 11:23:11,01124,沿海家园,COASTAL GL,,0.209,0.003,1.45631,0.206,0.208,0.214,0.207,81000,16946,0.209,0.215
2026/04/16 13:00:17,01125,丽丰控股,LAI FUNG HOLD,,0.9,0.0,0.0,0.9,0.0,0.0,0.0,0,0,0.86,1.06
2026/04/16 13:05:51,01126,德林国际,DREAM INT'L,,7.51,-0.01,-0.13298,7.52,7.53,7.56,7.45,422000,3170427,7.49,7.51
2026/04/16 11:14:34,01127,狮子山集团,LION ROCK GROUP,,1.28,-0.01,-0.77519,1.29,1.29,1.29,1.28,20000,25640,1.28,1.29
2026/04/16 13:06:37,01128,永利澳门,WYNN MACAU,,5.71,0.04,0.70547,5.67,5.65,5.73,5.6,1197335,6826601,5.71,5.73
2026/04/16 11:59:27,01129,中国水业集团,WATER INDUSTRY,,0.395,0.0,0.0,0.395,0.0,0.0,0.0,0,0,0.38,0.45
2026/04/16 11:36:20,01130,中国环境资源,CHINA ENV RES,,0.63,-0.02,-3.07692,0.65,0.63,0.63,0.63,160000,100800,0.63,0.64
2026/04/16 11:12:35,01132,橙天嘉禾,ORANGE SKY G H,,0.061,-0.002,-3.1746,0.063,0.06,0.061,0.059,590000,35380,0.058,0.062
2026/04/16 13:07:11,01133,哈尔滨电气,HARBIN ELECTRIC,,21.86,1.08,5.19731,20.78,20.98,22.16,20.48,7496500,161981928,21.86,21.92
2026/04/16 13:02:43,01134,恒发光学,KELFRED,,0.275,-0.015,-5.17241,0.29,0.27,0.275,0.27,360000,97440,0.275,0.285
2026/04/16 13:06:04,01137,香港科技探索,HK TECH VENTURE,,1.2,-0.02,-1.63934,1.22,1.22,1.23,1.2,363000,438570,1.2,1.21
2026/04/16 13:07:21,01138,中远海能,COSCO SHIP ENGY,,18.03,-0.6,-3.22061,18.63,18.63,18.94,18.02,16294138,296946260,18.02,18.03
2026/04/16 13:07:00,01140,华科智能投资,HK.AI CAPITAL,,0.22,0.004,1.85185,0.216,0.224,0.233,0.208,11300000,2506116,0.215,0.22
2026/04/16 13:05:44,01141,民银资本,CMBC CAPITAL,,1.96,0.09,4.81283,1.87,1.94,2.04,1.86,1408000,2759190,1.95,1.98
2026/04/16 13:07:06,01142,能源及能量环球,E&P GLOBAL,,0.111,-0.004,-3.47826,0.115,0.115,0.119,0.111,78840030,9181233,0.111,0.112
2026/04/16 13:04:33,01143,中国储能科技发展,CN ENGY STORAGE,,0.39,0.0,0.0,0.39,0.39,0.39,0.39,921000,359170,0.39,0.395
2026/04/16 13:04:34,01145,勇利投资,COURAGE INV,,0.156,0.0,0.0,0.156,0.0,0.0,0.0,0,0,0.154,0.163
2026/04/16 13:06:08,01146,汇成国际控股,HUICHENG INTL H,,0.047,0.001,2.17391,0.046,0.049,0.05,0.047,1018000,49014,0.049,0.05
2026/04/16 13:00:19,01147,伊登软件,EDENSOFT,,0.118,0.001,0.8547,0.117,0.118,0.118,0.118,210000,24780,0.114,0.119
2026/04/16 11:34:39,01148,新晨动力,POWER XINCHEN,,0.25,-0.005,-1.96078,0.255,0.25,0.255,0.25,172000,43005,0.25,0.255
2026/04/16 13:00:03,01150,米兰站,MILAN STATION,,0.129,0.0,0.0,0.129,0.0,0.0,0.0,0,0,0.112,0.129
2026/04/16 13:01:31,01152,正乾金融控股,MOMENTUM FIN,,0.275,0.01,3.77359,0.265,0.275,0.275,0.265,4040000,1105040,0.27,0.275
2026/04/16 13:06:43,01153,佳源服务,JIAYUAN SER,,0.325,0.06,22.64151,0.265,0.3,0.39,0.3,1989000,695310,0.315,0.325
2026/04/16 11:44:11,01156,CHINANEWENERGY,CHINANEWENERGY,,0.202,-0.002,-0.98039,0.204,0.202,0.202,0.202,205902,41584,0.2,0.212
2026/04/16 13:07:14,01157,中联重科,ZOOMLION,,8.44,-0.51,-5.69832,8.95,8.92,8.96,8.42,15030300,129017237,8.44,8.46
2026/04/16 13:07:03,01159,智数科技集团,SMART DIGI TECH,,2.32,-0.16,-6.45161,2.48,2.48,2.48,2.32,108000,264960,2.32,2.45
2026/04/16 09:35:05,01160,金石资本集团,GOLDSTONE CAP,,0.6,0.0,0.0,0.6,0.0,0.0,0.0,0,0,0.35,0.62
2026/04/16 11:46:26,01161,奥思集团,WATER OASIS GP,,1.04,0.0,0.0,1.04,1.04,1.04,1.04,54000,56160,1.02,1.05
2026/04/16 13:00:01,01162,莹岚集团,LUMINA GROUP,,0.18,-0.003,-1.63934,0.183,0.179,0.181,0.176,3960000,704048,0.174,0.179
2026/04/16 11:53:31,01163,虎视传媒,ADTIGER CORP,,0.16,-0.003,-1.84049,0.163,0.16,0.16,0.16,310000,49600,0.155,0.16
2026/04/16 13:07:04,01164,中广核矿业,CGN MINING,,4.47,0.25,5.92417,4.22,4.36,4.5,4.28,27227000,120332795,4.47,4.49
2026/04/16 08:55:00,01165,顺风清洁能源,SFCE,,0.024,0.0,0.0,0.024,0.0,0.0,0.0,0,0,0.0,0.0
2026/04/16 09:31:05,01166,星凯控股,SOLARTECH INT'L,,0.495,0.0,0.0,0.495,0.0,0.0,0.0,0,0,0.465,0.53
2026/04/16 13:06:03,01167,加科思－Ｂ,JACOBIO-B,,8.14,0.14,1.75,8.0,8.1,8.26,8.0,3140400,25483116,8.13,8.15
2026/04/16 13:06:53,01168,Z FIN,Z FIN,,4.1,0.03,0.7371,4.07,4.08,4.17,4.08,47000,194020,4.08,4.1
2026/04/16 09:34:41,01170,信星集团,KINGMAKER,,0.465,0.0,0.0,0.465,0.0,0.0,0.0,0,0,0.46,0.485
2026/04/16 13:07:21,01171,兖矿能源,YANKUANG ENERGY,,14.71,0.01,0.06803,14.7,14.92,14.92,14.56,9411730,138387384,14.71,14.72
2026/04/16 13:00:31,01172,融太集团,MAGNUSCONCORDIA,,0.021,0.0,0.0,0.021,0.0,0.0,0.0,0,0,0.02,0.021
2026/04/16 09:00:08,01173,威高国际,VEEKO INT'L,,0.031,0.0,0.0,0.031,0.0,0.0,0.0,0,0,0.028,0.031
2026/04/16 08:55:00,01176,珠光控股,ZHUGUANG HOLD,,0.027,0.0,0.0,0.027,0.0,0.0,0.0,0,0,0.0,0.0
2026/04/16 13:07:11,01177,中国生物制药,SBP GROUP,,6.01,-0.16,-2.59319,6.17,6.17,6.17,5.99,32974480,199593020,6.0,6.01
2026/04/16 13:07:04,01179,华住集团－Ｓ,HWORLD-S,,42.1,1.48,3.64353,40.62,41.62,42.1,41.5,919327,38102089,42.04,42.12
2026/04/16 11:59:35,01180,汇彩控股,PARADISE ENT,,0.5,0.0,0.0,0.5,0.5,0.5,0.5,52000,26000,0.5,0.51
2026/04/16 11:43:24,01181,唐宫中国,TANG PALACE,,0.155,0.0,0.0,0.155,0.155,0.155,0.154,436000,67578,0.154,0.155
2026/04/16 13:01:48,01182,胜龙国际,SUCCESS DRAGON,,0.85,0.0,0.0,0.85,0.0,0.0,0.0,1,0,0.82,0.88
2026/04/16 13:00:08,01183,澳能建设,MECOM POWER,,0.159,-0.003,-1.85185,0.162,0.161,0.165,0.159,313500,50935,0.16,0.164
2026/04/16 11:39:42,01184,S.A.S. DRAGON,S.A.S. DRAGON,,5.15,0.15,3.0,5.0,5.03,5.15,5.03,52000,264600,5.05,5.14
2026/04/16 13:04:05,01186,中国铁建,CHINA RAIL CONS,,5.48,-0.02,-0.36364,5.5,5.5,5.51,5.47,4405655,24190220,5.47,5.48
2026/04/16 08:55:00,01188,正道集团,HYBRID KINETIC,,0.012,0.0,0.0,0.012,0.0,0.0,0.0,0,0,0.0,0.0
2026/04/16 13:07:02,01193,华润燃气,CHINA RES GAS,,18.9,0.14,0.74627,18.76,18.76,18.92,18.7,1589300,29955487,18.9,18.91
2026/04/16 11:12:09,01195,京维集团,KINGWELL GROUP,,0.02,0.002,11.11111,0.018,0.018,0.02,0.018,144000,2872,0.018,0.019
2026/04/16 13:01:32,01196,伟禄集团,REALORD GROUP,,11.21,0.08,0.71878,11.13,11.15,11.31,11.01,286000,3190700,11.19,11.26
2026/04/16 09:41:15,01198,皇朝家居,ROYALE HOME,,0.104,0.0,0.0,0.104,0.0,0.0,0.0,0,0,0.095,0.104
2026/04/16 13:06:12,01199,中远海运港口,COSCO SHIP PORT,,5.17,0.04,0.77973,5.13,5.14,5.19,5.1,1650000,8473600,5.17,5.18
2026/04/16 13:04:03,01200,美联集团,MIDLAND HOLDING,,3.07,0.0,0.0,3.07,3.09,3.09,3.02,220000,669240,3.05,3.07
2026/04/16 13:01:21,01201,天臣控股,TESSON HOLDINGS,,2.22,0.0,0.0,2.22,2.22,2.22,2.22,6000,13320,2.17,2.22
2026/04/16 13:00:04,01202,四威科技,SIWI SCI & TECH,,1.2,-0.1,-7.69231,1.3,1.25,1.27,1.19,310000,377100,1.2,1.22
2026/04/16 11:13:27,01203,广南（集团）,GUANGNAN (HOLD),,0.65,0.0,0.0,0.65,0.65,0.65,0.65,100000,65000,0.63,0.65
2026/04/16 10:56:21,01204,博维智慧,BOARDWARE INTEL,,1.8,0.0,0.0,1.8,0.0,0.0,0.0,0,0,0.0,2.0
2026/04/16 11:57:08,01205,中信资源,CITIC RESOURCES,,0.55,-0.01,-1.78571,0.56,0.55,0.56,0.54,2072000,1139340,0.54,0.55
2026/04/16 10:57:29,01206,同方泰德,TECHNOVATOR,,0.249,0.0,0.0,0.249,0.0,0.0,0.0,0,0,0.222,0.241
2026/04/16 13:06:50,01208,五矿资源,MMG,,8.69,0.18,2.11516,8.51,8.51,8.7,8.49,9827998,84484226,8.68,8.7
2026/04/16 13:06:51,01209,华润万象生活,CHINA RES MIXC,,47.84,-0.38,-0.78806,48.22,48.28,48.52,47.68,953153,45723341,47.82,47.84
2026/04/16 13:07:21,01211,比亚迪股份,BYD COMPANY,,112.2,4.9,4.56664,107.3,108.5,112.6,108.2,17440030,1939742472,112.1,112.2
2026/04/16 13:00:01,01213,万保刚集团,MOBICON GROUP,,0.41,0.0,0.0,0.41,0.0,0.0,0.0,0,0,0.415,0.44
2026/04/16 11:43:11,01215,开源控股,KAI YUAN HLDGS,,0.022,0.0,0.0,0.022,0.021,0.022,0.021,80000,1700,0.021,0.022
2026/04/16 11:58:16,01216,中原银行,ZYBANK,,0.325,-0.005,-1.51515,0.33,0.33,0.33,0.325,676000,222820,0.325,0.33
2026/04/16 11:59:09,01217,中国创新投资,CH INNOVATION,,0.013,0.001,8.33333,0.012,0.012,0.013,0.012,3400000,41640,0.012,0.013
2026/04/16 13:00:02,01218,永义国际,EASYKNIT INT'L,,2.9,0.0,0.0,2.9,0.0,0.0,0.0,0,0,2.91,3.04
2026/04/16 08:55:00,01220,志道国际,ZHIDAO INT'L,,0.056,0.0,0.0,0.056,0.0,0.0,0.0,0,0,0.0,0.0
2026/04/16 13:00:03,01221,SINO HOTELS,SINO HOTELS,,1.64,0.0,0.0,1.64,0.0,0.0,0.0,0,0,1.62,1.67
2026/04/16 11:57:00,01222,WANG ON GROUP,WANG ON GROUP,,0.021,0.0,0.0,0.021,0.02,0.022,0.02,6532928,135113,0.02,0.021
2026/04/16 11:55:30,01223,新沣集团,SYMPHONY HOLD,,1.35,0.0,0.0,1.35,1.35,1.35,1.34,1970000,2649800,1.34,1.35
2026/04/16 09:00:00,01224,中渝置地,C C LAND,,1.2,0.0,0.0,1.2,0.0,0.0,0.0,0,0,1.2,0.0
2026/04/16 13:05:31,01225,隆成金融,LERADO FIN,,0.164,-0.007,-4.09357,0.171,0.164,0.164,0.164,15160,2388,0.165,0.188
2026/04/16 09:00:10,01226,中国投融资,CH INV FIN GP,,0.89,0.0,0.0,0.89,0.0,0.0,0.0,0,0,0.85,0.0
2026/04/16 13:01:39,01228,北海康成－Ｂ,CANBRIDGE-B,,2.65,0.02,0.76046,2.63,2.61,2.65,2.58,587000,1533520,2.62,2.65
2026/04/16 11:06:59,01229,南南资源,NAN NAN RES,,0.207,0.0,0.0,0.207,0.207,0.207,0.207,6000,1242,0.201,0.206
2026/04/16 13:00:30,01231,新矿资源,NEWTON RES,,0.3,0.0,0.0,0.3,0.0,0.0,0.0,0,0,0.295,0.325
2026/04/16 13:00:14,01232,金轮天地控股,GW TIANDI,,0.34,0.0,0.0,0.34,0.0,0.0,0.0,0,0,0.33,0.405
2026/04/16 13:05:40,01233,时代中国控股,TIMES CHINA,,0.058,0.002,3.57143,0.056,0.056,0.058,0.055,853000,48796,0.057,0.058
2026/04/16 13:00:54,01234,中国利郎,CHINA LILANG,,3.81,-0.02,-0.52219,3.83,3.84,3.84,3.81,24000,91990,3.81,3.82
2026/04/16 13:00:01,01235,专业旅运,TRAVEL EXPERT,,0.172,-0.004,-2.27273,0.176,0.173,0.173,0.172,50000,8640,0.176,0.181
2026/04/16 11:59:27,01237,中科生物,CH ENV TECH&BIO,,0.73,0.0,0.0,0.73,0.0,0.0,0.0,0,0,0.69,0.79
2026/04/16 13:00:01,01238,宝龙地产,POWERLONG,,0.247,0.003,1.22951,0.244,0.255,0.255,0.228,616000,149385,0.232,0.246
2026/04/16 13:00:08,01239,TEAMWAY INTL GP,TEAMWAY INTL GP,,0.295,0.0,0.0,0.295,0.0,0.0,0.0,0,0,0.27,0.3
2026/04/16 11:08:56,01240,青建国际,CNQC INT'L,,0.16,0.0,0.0,0.16,0.0,0.0,0.0,0,0,0.149,0.155
2026/04/16 13:00:31,01241,双桦控股,SHUANGHUA H,,0.179,0.0,0.0,0.179,0.0,0.0,0.0,0,0,0.172,0.181
2026/04/16 09:46:44,01243,宏安地产,WANG ON PPT,,0.034,0.0,0.0,0.034,0.0,0.0,0.0,0,0,0.032,0.033
2026/04/16 13:03:38,01244,思路迪医药股份,3D MEDICINES,,3.65,-0.02,-0.54496,3.67,3.69,3.69,3.65,11500,42150,3.63,3.65
2026/04/16 11:50:47,01245,NIRAKU,NIRAKU,,0.18,0.01,5.88235,0.17,0.175,0.18,0.175,1196000,214988,0.18,0.19
2026/04/16 08:55:00,01246,保集健康,BOILLHEALTHCARE,,0.021,0.0,0.0,0.021,0.0,0.0,0.0,0,0,0.0,0.0
2026/04/16 13:05:13,01247,米格国际控股,MIKO INTL,,1.68,0.02,1.20482,1.66,1.68,1.68,1.67,66800,112124,1.66,1.68
2026/04/16 13:00:30,01250,山高新能源,SDHS NEW ENERGY,,1.65,0.05,3.125,1.6,1.65,1.65,1.64,5600,9188,1.6,1.63
2026/04/16 13:02:06,01251,华油能源,SPT ENERGY,,0.247,0.005,2.06612,0.242,0.247,0.25,0.247,512000,127530,0.25,0.255
2026/04/16 08:55:00,01252,中国天瑞水泥,CHINA TIANRUI,,0.24,0.0,0.0,0.24,0.0,0.0,0.0,0,0,0.0,0.0
2026/04/16 09:30:02,01253,绿博生态,GREEN BROAD,,0.156,0.0,0.0,0.156,0.0,0.0,0.0,0,0,0.143,0.156
2026/04/16 13:02:55,01255,ＴＡＴＡ健康,TATA HEALTH,,1.9,0.09,4.97238,1.81,1.6,1.9,1.6,20000,36600,1.69,1.93
2026/04/16 13:00:38,01257,中国光大绿色环保,CEB GREENTECH,,0.86,-0.01,-1.14943,0.87,0.87,0.87,0.86,51000,44360,0.86,0.88
2026/04/16 13:06:55,01258,中国有色矿业,CHINFMINING,,13.87,0.16,1.16703,13.71,13.71,13.98,13.63,4973000,68475594,13.86,13.87
2026/04/16 09:04:04,01259,未来发展控股,PROSPER FUTURE,,0.032,0.0,0.0,0.032,0.0,0.0,0.0,0,0,0.032,0.034
2026/04/16 10:54:07,01260,皓天财经集团,WONDERFUL SKY,,0.445,-0.01,-2.1978,0.455,0.445,0.445,0.445,8000,3560,0.445,0.46
2026/04/16 12:31:42,01262,蜡笔小新食品,LABIXIAOXIN,,3.7,0.0,0.0,3.7,0.0,0.0,0.0,0,0,3.64,3.81
2026/04/16 13:05:27,01265,天津津燃公用,TIANJINJINRAN,,0.217,0.0,0.0,0.217,0.0,0.0,0.0,0,0,0.208,0.219
2026/04/16 13:00:14,01268,美东汽车,MEIDONG AUTO,,1.19,0.03,2.58621,1.16,1.17,1.2,1.16,210471,248865,1.19,1.2
2026/04/16 11:14:25,01269,首控集团,FIRST CAP GP,,0.032,-0.004,-11.11111,0.036,0.037,0.037,0.032,80000,2700,0.033,0.036
2026/04/16 13:00:03,01270,朗廷－ＳＳ,LANGHAM-SS,,0.56,0.0,0.0,0.56,0.56,0.56,0.55,68666,38352,0.56,0.57
2026/04/16 10:36:12,01271,佳明集团控股,GRAND MING,,0.54,0.02,3.84615,0.52,0.54,0.54,0.54,1000,540,0.5,0.52
2026/04/16 13:04:17,01272,大唐环境,DATANG ENVIRO,,1.3,0.03,2.36221,1.27,1.3,1.3,1.3,10000,13000,1.26,1.29
2026/04/16 11:12:57,01273,香港信贷,HK FINANCE GP,,0.59,0.0,0.0,0.59,0.0,0.0,0.0,0,0,0.58,0.6
2026/04/16 13:04:05,01274,知行科技,IMOTIONTECH,,3.64,0.09,2.53521,3.55,3.77,3.77,3.58,238500,866036,3.65,3.69
2026/04/16 13:07:06,01276,恒瑞医药,HENGRUI PHARMA,,67.3,-1.0,-1.46413,68.3,69.1,69.3,67.3,1650500,112486405,67.25,67.35
2026/04/16 13:05:25,01277,力量发展,KINETIC DEV,,1.95,-0.05,-2.5,2.0,2.0,2.01,1.94,6450000,12622820,1.95,1.96
2026/04/16 13:00:13,01278,中国新城镇,CHINANEWTOWN,,0.08,0.0,0.0,0.08,0.082,0.085,0.08,1090000,91160,0.079,0.083
2026/04/16 11:46:29,01280,奇点国峰,QIDIAN GUOFENG,,2.05,-0.01,-0.48544,2.06,2.0,2.05,2.0,816000,1645080,2.05,2.06
2026/04/16 09:34:22,01281,鑫达投资控股,XINDA INV HLDGS,,0.102,0.0,0.0,0.102,0.0,0.0,0.0,0,0,0.098,0.107
2026/04/16 13:00:16,01282,中泽丰,RENZE HARVEST,,0.096,-0.008,-7.69231,0.104,0.103,0.103,0.096,840000,86408,0.096,0.103
2026/04/16 11:04:12,01283,高陞集团控股,ACCEL GROUP,,1.53,0.04,2.68456,1.49,1.52,1.53,1.52,35000,53150,1.49,1.52
2026/04/16 11:53:40,01284,新传企划,NEW MEDIA LAB,,0.37,-0.005,-1.33333,0.375,0.375,0.375,0.37,55000,20500,0.37,0.375
2026/04/16 10:19:04,01285,嘉士利集团,JIASHILI GP,,1.13,-0.02,-1.73913,1.15,1.13,1.13,1.13,20000,22600,1.13,1.15
2026/04/16 13:07:00,01286,鹰普精密,IMPRO PRECISION,,9.56,-0.14,-1.4433,9.7,9.7,9.78,9.44,1676000,15949920,9.55,9.56
2026/04/16 13:06:44,01288,农业银行,ABC,,6.0,0.0,0.0,6.0,5.99,6.02,5.96,34699182,208006663,6.0,6.01
2026/04/16 13:00:11,01289,盛力达科技,SUNLIT SCI,,2.35,-0.06,-2.48963,2.41,2.31,2.35,2.31,4500,10765,2.36,2.52
2026/04/16 09:57:41,01290,中国汇融,CHINA HUIRONG,,0.54,0.0,0.0,0.54,0.0,0.0,0.0,0,0,0.51,0.54
2026/04/16 13:00:17,01292,长安民生物流,CMA LOGISTICS,,2.99,0.0,0.0,2.99,0.0,0.0,0.0,0,0,2.72,3.17
2026/04/16 08:55:00,01293,广汇宝信,GRAND BAOXIN,,0.086,0.0,0.0,0.086,0.0,0.0,0.0,0,0,0.0,0.0
2026/04/16 08:55:00,01298,云能国际,YUNNAN ENERGY,,0.95,0.0,0.0,0.95,0.0,0.0,0.0,0,0,0.0,0.0
2026/04/16 13:07:07,01299,友邦保险,AIA,,84.35,0.5,0.5963,83.85,85.1,85.45,83.85,14530644,1228016174,84.35,84.4
2026/04/16 13:05:17,01300,俊知集团,TRIGIANT,,0.95,-0.04,-4.0404,0.99,0.97,0.97,0.95,354000,339520,0.94,0.95
2026/04/16 13:00:17,01301,德基科技控股,D&G TECH,,0.315,0.0,0.0,0.315,0.0,0.0,0.0,0,0,0.32,0.37
2026/04/16 13:05:07,01302,先健科技,LIFETECH SCI,,1.85,-0.01,-0.53763,1.86,1.88,1.91,1.85,14020000,26307560,1.84,1.85
2026/04/16 09:30:09,01303,汇力资源,HUILI RES,,0.24,0.0,0.0,0.24,0.0,0.0,0.0,0,0,0.0,0.285
2026/04/16 13:06:07,01304,FORTIOR,FORTIOR,,118.7,2.8,2.41588,115.9,117.8,127.8,117.8,433200,53244625,118.7,119.2
2026/04/16 10:32:23,01305,伟志控股,WAI CHI HOLD,,0.61,0.0,0.0,0.61,0.0,0.0,0.0,0,0,0.61,0.64
2026/04/16 13:07:04,01308,海丰国际,SITC,,34.58,-0.54,-1.53759,35.12,35.2,35.88,34.5,1141957,39858239,34.54,34.58
2026/04/16 13:06:43,01310,香港宽频,HKBN,,8.15,-0.09,-1.09223,8.24,8.23,8.23,8.1,855000,6957955,8.13,8.16
2026/04/16 09:30:27,01312,华控康泰,KONTA CHINA,,0.03,0.0,0.0,0.03,0.0,0.0,0.0,0,0,0.028,0.03
2026/04/16 13:00:28,01313,华润建材科技,CR BLDG MAT TEC,,1.54,-0.02,-1.28205,1.56,1.57,1.57,1.54,1726000,2667480,1.53,1.54
2026/04/16 13:02:54,01314,翠华控股,TSUI WAH HLDG,,0.161,0.01,6.62252,0.151,0.151,0.161,0.151,12000,1832,0.153,0.157
2026/04/16 13:00:11,01315,绿色经济,GREEN ECONOMY,,0.1,0.0,0.0,0.1,0.0,0.0,0.0,0,0,0.094,0.106
2026/04/16 13:06:43,01316,耐世特,NEXTEER,,5.33,0.09,1.71756,5.24,5.36,5.42,5.24,18190726,96420335,5.33,5.34
2026/04/16 10:31:57,01317,枫叶教育,MAPLELEAF EDU,,0.255,0.005,2.0,0.25,0.255,0.255,0.25,488000,122610,0.25,0.255
2026/04/16 13:05:53,01318,毛戈平,MAO GEPING,,74.1,0.45,0.611,73.65,73.95,74.8,72.5,581800,42868125,74.05,74.1
2026/04/16 13:00:02,01319,霭华押业信贷,OIWAHPAWN,,0.28,0.0,0.0,0.28,0.0,0.0,0.0,0,0,0.275,0.285
2026/04/16 13:00:14,01321,中国新城市,CHINA NEWCITY,,0.77,0.0,0.0,0.77,0.0,0.0,0.0,0,0,0.7,0.76
2026/04/16 13:00:10,01323,华盛国际控股,HUASHENG INTL,,0.132,0.0,0.0,0.132,0.0,0.0,0.0,10000,1100,0.119,0.129
2026/04/16 08:55:00,01326,传递娱乐,TRANSMIT ENT,,0.027,0.0,0.0,0.027,0.0,0.0,0.0,0,0,0.0,0.0
2026/04/16 10:17:13,01327,励时集团,LUXXU GROUP,,0.76,0.0,0.0,0.76,0.0,0.0,0.0,0,0,0.66,0.76
2026/04/16 11:41:28,01328,金涌投资,GOLDSTREAM INV,,3.18,0.0,0.0,3.18,3.18,3.18,3.05,24800,77570,3.18,3.25
2026/04/16 13:06:35,01330,绿色动力环保,DYNAGREEN ENV,,5.82,-0.02,-0.34247,5.84,5.95,5.95,5.77,311000,1815710,5.81,5.85
2026/04/16 13:00:01,01332,透云生物,TOUYUN BIOTECH,,0.16,0.009,5.96027,0.151,0.16,0.162,0.155,1400000,224280,0.156,0.158
2026/04/16 13:04:40,01333,博雷顿,BRETON,,20.7,-0.5,-2.35849,21.2,21.1,21.1,20.5,299800,6191080,20.64,20.76
2026/04/16 13:06:24,01334,瑞昌国际控股,RUICHANG INTL,,1.88,-0.03,-1.57068,1.91,1.91,1.95,1.87,502500,959525,1.87,1.89
2026/04/16 11:36:24,01335,顺泰控股,SHEEN TAI,,0.111,-0.003,-2.63158,0.114,0.106,0.116,0.106,80000,8780,0.109,0.111
2026/04/16 13:07:04,01336,新华保险,NCI,,48.26,0.78,1.6428,47.48,47.46,48.8,47.46,3602724,173443746,48.22,48.28
2026/04/16 11:47:16,01338,霸王集团,BAWANG GROUP,,0.029,-0.001,-3.33333,0.03,0.03,0.03,0.029,6000,178,0.028,0.03
2026/04/16 13:07:06,01339,中国人民保险集团,PICC GROUP,,5.43,0.06,1.11732,5.37,5.38,5.46,5.35,21650000,116679356,5.42,5.43
2026/04/16 13:00:03,01340,惠生国际,HUISHENG INTL,,0.053,0.001,1.92308,0.052,0.054,0.055,0.051,404000,21564,0.053,0.054
2026/04/16 13:07:03,01341,昊天国际建投,HAO TIAN INTL,,0.028,0.0,0.0,0.028,0.028,0.028,0.027,38792000,1081280,0.028,0.029
2026/04/16 11:09:43,01343,伟源控股,WEI YUAN HLDG,,0.14,0.0,0.0,0.14,0.138,0.14,0.138,55000,7680,0.137,0.14
2026/04/16 09:30:16,01345,上海先锋控股,SH PIONEER HLDG,,2.22,0.0,0.0,2.22,0.0,0.0,0.0,0,0,2.2,2.26
2026/04/16 11:19:31,01346,利华控股集团,LEVER STYLE,,1.48,0.01,0.68027,1.47,1.49,1.49,1.48,168000,248800,1.47,1.48
2026/04/16 13:07:07,01347,华虹半导体,HUA HONG SEMI,,90.15,-0.25,-0.27655,90.4,91.05,92.55,89.95,7358133,670988114,90.25,90.3
2026/04/16 13:04:35,01348,滉达富控股,QUALI-SMART,,0.211,-0.037,-14.91936,0.248,0.248,0.244,0.209,15558000,3468202,0.211,0.215
2026/04/16 13:06:38,01349,复旦张江,FUDANZHANGJIANG,,2.89,0.04,1.40351,2.85,2.85,2.9,2.83,698000,1989580,2.87,2.88
2026/04/16 11:37:08,01351,辉煌明天,BRIGHT FUTURE,,0.33,-0.005,-1.49254,0.335,0.34,0.34,0.33,339200,113140,0.33,0.335
2026/04/16 13:00:00,01354,经发物业,KINGFARPROPERTY,,3.04,0.21,7.4205,2.83,2.83,3.1,2.83,37200,113532,2.9,3.04
2026/04/16 10:38:34,01355,朸浚国际,LEGEND STRAT,,0.13,0.0,0.0,0.13,0.138,0.14,0.13,400000,54800,0.131,0.14
2026/04/16 13:07:05,01357,美图公司,MEITU,,4.69,0.23,5.15695,4.46,4.54,4.82,4.52,69721510,326393894,4.68,4.69
2026/04/16 10:25:48,01358,普华和顺,PW MEDTECH,,1.16,0.01,0.86957,1.15,1.16,1.16,1.16,243000,281880,1.16,1.17
2026/04/16 13:06:05,01359,中国信达,CHINA CINDA,,1.13,0.01,0.89286,1.12,1.12,1.14,1.12,33352000,37553350,1.12,1.13
2026/04/16 13:06:58,01361,３６１度,361 DEGREES,,6.73,-0.04,-0.59084,6.77,6.7,6.88,6.68,2780000,18846082,6.72,6.75
2026/04/16 10:08:37,01362,新龙移动,SIS MOBILE,,0.79,0.0,0.0,0.79,0.0,0.0,0.0,0,0,0.72,0.79
2026/04/16 13:07:07,01364,古茗,GUMING,,26.3,-0.68,-2.52039,26.98,27.06,27.34,26.24,1967200,52188022,26.3,26.32
2026/04/16 13:07:03,01368,特步国际,XTEP INT'L,,4.57,0.02,0.43956,4.55,4.6,4.61,4.53,7233500,33028875,4.57,4.58
2026/04/16 13:01:21,01370,奥威控股,AOWEI HOLDING,,0.244,0.0,0.0,0.244,0.0,0.0,0.0,0,0,0.0,0.245
2026/04/16 11:31:12,01371,中国生态旅游,CHINA ECOTOUR,,0.169,-0.006,-3.42857,0.175,0.175,0.175,0.169,60000,10200,0.162,0.169
2026/04/16 13:06:45,01372,中国碳中和,C CARBONNEUTRAL,,1.12,0.0,0.0,1.12,1.11,1.13,1.1,429000,478810,1.11,1.12
2026/04/16 13:06:30,01373,国际家居零售,IH RETAIL,,0.79,-0.01,-1.25,0.8,0.8,0.81,0.79,151000,121250,0.79,0.8
2026/04/16 13:04:27,01375,中州证券,CC SECURITIES,,1.95,0.04,2.09424,1.91,1.94,1.97,1.93,5604000,10922780,1.94,1.96
2026/04/16 08:55:00,01376,RAFFLESINTERIOR,RAFFLESINTERIOR,,0.096,0.0,0.0,0.096,0.0,0.0,0.0,0,0,0.0,0.0
2026/04/16 13:07:03,01378,中国宏桥,CHINAHONGQIAO,,39.2,0.96,2.51046,38.24,38.82,39.32,38.8,9462791,369657808,39.2,39.22
2026/04/16 13:05:37,01379,温岭工量刃具,WENLING MCT,,2.78,0.0,0.0,2.78,2.78,2.78,2.78,3000,8340,2.78,0.0
2026/04/16 13:00:21,01380,中国金石,CHI KINGSTONE,,0.63,-0.01,-1.5625,0.64,0.63,0.63,0.62,690000,432400,0.63,0.65
2026/04/16 11:59:09,01382,互太纺织,PACIFICTEXTILES,,1.13,0.01,0.89286,1.12,1.12,1.13,1.12,146000,164240,1.12,1.13
2026/04/16 13:07:04,01384,滴普科技,DEEPEXI TECH,,76.6,13.3,21.01106,63.3,62.9,79.5,62.45,25761272,1838788828,76.3,76.7
2026/04/16 13:06:47,01385,上海复旦,SHANGHAI FUDAN,,40.44,0.6,1.50602,39.84,40.96,40.96,39.68,1404000,56882100,40.38,40.48
2026/04/16 09:34:39,01388,安莉芳控股,EMBRY HOLDINGS,,0.36,0.0,0.0,0.36,0.0,0.0,0.0,0,0,0.345,0.38
2026/04/16 10:33:57,01389,美捷汇控股,MAJOR HLDGS,,0.37,0.0,0.0,0.37,0.0,0.0,0.0,0,0,0.355,0.37
2026/04/16 11:44:37,01393,恒鼎实业,HIDILI INDUSTRY,,0.065,-0.002,-2.98508,0.067,0.065,0.065,0.065,2533000,164645,0.065,0.067
2026/04/16 13:00:08,01395,强泰环保,ELL ENV,,0.164,0.0,0.0,0.164,0.0,0.0,0.0,0,0,0.158,0.19
2026/04/16 13:06:58,01396,粤港湾控股,GD-HKGBA HLDGS,,7.42,0.62,9.11765,6.8,6.99,7.65,6.83,8746000,63104870,7.42,7.46
2026/04/16 13:00:04,01397,碧瑶绿色集团,BAGUIO GREEN,,1.09,0.02,1.86916,1.07,1.07,1.09,1.07,32000,34720,1.07,1.09
2026/04/16 13:07:08,01398,工商银行,ICBC,,6.97,-0.02,-0.28612,6.99,6.97,7.01,6.95,83134049,580780727,6.97,6.98
2026/04/16 13:00:24,01399,锐信控股,VESON HLDG,,0.199,-0.011,-5.2381,0.21,0.21,0.21,0.199,34000,6986,0.198,0.214
2026/04/16 13:06:26,01400,满地科技股份,MOODY TECH HLDG,,0.017,0.0,0.0,0.017,0.016,0.017,0.016,300000,4840,0.016,0.017
2026/04/16 13:02:45,01401,未来机器有限公司,FUTURE MACH LTD,,0.85,0.01,1.19048,0.84,0.85,0.85,0.84,388000,329180,0.85,0.86
2026/04/16 09:46:11,01402,超智能控股,I-CONTROL,,0.325,0.0,0.0,0.325,0.325,0.325,0.325,130000,42250,0.305,0.325
2026/04/16 13:01:55,01405,达势股份,DPC DASH,,49.88,-0.97,-1.90757,50.85,50.8,50.9,49.8,127000,6364841,49.9,49.94
2026/04/16 08:55:00,01406,清晰医疗,CLARITY MEDICAL,,0.355,0.0,0.0,0.355,0.0,0.0,0.0,0,0,0.0,0.0
2026/04/16 10:28:11,01407,交运燃气,JY GAS,,0.53,0.0,0.0,0.53,0.0,0.0,0.0,0,0,0.54,0.55
2026/04/16 11:35:25,01408,濠江机电,MACAU E&M,,0.435,0.005,1.16279,0.43,0.43,0.435,0.43,52000,22500,0.43,0.435
2026/04/16 11:53:26,01410,安领国际,EDVANCE INTL,,0.67,-0.02,-2.89855,0.69,0.7,0.72,0.67,640000,445100,0.67,0.71
2026/04/16 11:08:15,01412,隽思集团,Q P GROUP,,1.15,-0.01,-0.86207,1.16,1.15,1.15,1.15,8000,9200,1.15,1.18
2026/04/16 11:59:30,01413,铸帝控股,FEG HOLDINGS,,0.275,-0.005,-1.78571,0.28,0.275,0.275,0.275,63000,17465,0.265,0.275
2026/04/16 13:06:55,01415,高伟电子,COWELL,,27.58,0.28,1.02564,27.3,27.9,27.9,26.7,1758000,47806910,27.52,27.64
2026/04/16 13:00:07,01416,CTR HOLDINGS,CTR HOLDINGS,,0.177,-0.002,-1.11732,0.179,0.179,0.179,0.174,650000,113420,0.177,0.178
2026/04/16 11:25:32,01417,浦江中国,RIVERINE CHINA,,0.2,0.0,0.0,0.2,0.2,0.2,0.2,20000,4000,0.19,0.2
2026/04/16 13:00:28,01418,盛诺集团,SINOMAX GROUP,,0.168,0.0,0.0,0.168,0.168,0.169,0.168,38000,6416,0.168,0.184
2026/04/16 12:31:42,01419,盈健医疗,HUMAN HEALTH,,0.81,0.0,0.0,0.81,0.0,0.0,0.0,0,0,0.8,0.85
2026/04/16 09:53:58,01420,川控股,CHUAN HOLDING,,0.236,0.0,0.0,0.236,0.0,0.0,0.0,0,0,0.231,0.237
2026/04/16 13:00:26,01421,恒昌集团国际,PROSP GP INTL,,0.4,0.015,3.8961,0.385,0.4,0.41,0.4,75000,30550,0.385,0.4
2026/04/16 11:41:25,01425,捷隆控股,JUSTIN ALLEN H,,0.68,-0.01,-1.44928,0.69,0.68,0.68,0.68,1185000,805800,0.67,0.68
2026/04/16 11:20:23,01427,中国天保集团,CH TIANBAO GP,,0.169,0.009,5.625,0.16,0.156,0.169,0.156,45000,7098,0.155,0.169
2026/04/16 13:07:05,01428,耀才证券金融,BRIGHT SMART,,11.97,0.11,0.92749,11.86,11.99,12.13,11.74,12189300,145705246,11.97,11.98
2026/04/16 13:00:04,01429,天任集团,SKYMISSION GP,,0.3,0.01,3.44828,0.29,0.285,0.3,0.285,480000,139480,0.295,0.3
2026/04/16 13:05:20,01431,原生态牧业,YST DAIRY,,0.305,-0.01,-3.1746,0.315,0.315,0.315,0.305,144000,45280,0.31,0.315
2026/04/16 13:05:45,01432,中国圣牧,CHINA SHENGMU,,0.33,0.0,0.0,0.33,0.33,0.335,0.33,1099000,362680,0.33,0.335
2026/04/16 08:55:00,01433,常达控股,CIRTEK HLDGS,,0.081,0.0,0.0,0.081,0.0,0.0,0.0,0,0,0.0,0.0
2026/04/16 11:55:08,01440,应星控股,STAR SHINE HLDG,,12.29,-0.3,-2.38284,12.59,12.44,12.53,12.24,300000,3711350,12.23,12.41
2026/04/16 13:00:17,01442,鹰辉物流,INFINITY L&T,,0.305,0.0,0.0,0.305,0.0,0.0,0.0,0,0,0.25,0.37
2026/04/16 13:04:58,01443,富临集团控股,FULUM GP HLDG,,0.046,0.0,0.0,0.046,0.046,0.046,0.046,100000,4600,0.046,0.047
2026/04/16 09:52:19,01446,鸿福堂,HUNGFOOKTONG,,0.335,0.0,0.0,0.335,0.0,0.0,0.0,0,0,0.335,0.36
2026/04/16 09:46:48,01447,新福港,SFK,,0.56,0.0,0.0,0.56,0.0,0.0,0.0,0,0,0.54,0.57
2026/04/16 08:55:00,01448,福寿园,FU SHOU YUAN,,2.64,0.0,0.0,2.64,0.0,0.0,0.0,0,0,0.0,0.0
2026/04/16 09:30:03,01449,立德教育,LEADER EDU,,0.249,0.0,0.0,0.249,0.0,0.0,0.0,0,0,0.247,0.25
2026/04/16 11:44:16,01450,交个朋友控股,BE FRIENDS HLDG,,0.81,0.02,2.53165,0.79,0.79,0.81,0.78,78000,62440,0.79,0.81
2026/04/16 13:04:08,01451,万成集团股份,MS GROUP HLDGS,,1.15,-0.02,-1.7094,1.17,1.14,1.17,1.11,98000,112480,1.12,1.16
2026/04/16 13:00:08,01452,迪诺斯环保,DENOX ENV,,0.118,0.0,0.0,0.118,0.0,0.0,0.0,0,0,0.109,0.133
2026/04/16 11:48:07,01455,科利实业控股,FOURACE IND GP,,0.221,0.001,0.45455,0.22,0.222,0.222,0.22,215000,47565,0.221,0.223
2026/04/16 13:05:56,01456,国联民生,GLMS SEC,,4.72,0.09,1.94384,4.63,4.65,4.77,4.65,2314000,10937327,4.71,4.73
2026/04/16 13:03:33,01458,周黑鸭,ZHOU HEI YA,,1.57,0.0,0.0,1.57,1.61,1.61,1.56,564000,887962,1.57,1.59
2026/04/16 13:00:16,01459,巨匠建设,JUJIANG CONS,,0.22,0.0,0.0,0.22,0.0,0.0,0.0,0,0,0.206,0.234
2026/04/16 13:00:16,01460,扬科集团,ICO GROUP,,0.213,0.0,0.0,0.213,0.0,0.0,0.0,0,0,0.208,0.244
2026/04/16 11:04:19,01461,中泰期货,ZHONGTAIFUTURES,,0.61,-0.01,-1.6129,0.62,0.61,0.61,0.61,1000,610,0.61,0.62
2026/04/16 11:25:39,01463,C-LINK SQ,C-LINK SQ,,0.3,0.0,0.0,0.3,0.0,0.0,0.0,0,0,0.26,0.3
2026/04/16 09:09:18,01466,佰金生命科学,BAIJIN LIFE SCI,,0.6,0.0,0.0,0.6,0.0,0.0,0.0,0,0,0.58,0.6
2026/04/16 13:05:50,01468,嘉高达资本,JAKOTA CAPITAL,,0.066,-0.001,-1.49254,0.067,0.064,0.066,0.064,101000,6554,0.065,0.067
2026/04/16 13:06:54,01470,富一国际控股,PROSPER ONE,,0.156,-0.008,-4.87805,0.164,0.164,0.164,0.155,188000,30508,0.162,0.163
2026/04/16 13:05:45,01471,众淼控股,ZHONGMIAO,,14.34,0.25,1.77431,14.09,14.98,14.98,13.8,44400,633530,14.18,14.34
2026/04/16 11:48:40,01472,生兴控股,SANG HING HLDGS,,0.081,0.0,0.0,0.081,0.081,0.081,0.081,10000,810,0.08,0.084
2026/04/16 11:33:01,01473,环联连讯,PANGAEA CONNECT,,0.44,-0.01,-2.22222,0.45,0.44,0.44,0.44,20000,8800,0.44,0.45
2026/04/16 11:53:18,01475,日清食品,NISSIN FOODS,,7.28,-0.07,-0.95238,7.35,7.32,7.34,7.28,25000,182730,7.28,7.3
2026/04/16 13:00:07,01476,金融街证券,FIN STREET SEC,,1.55,-0.01,-0.64103,1.56,1.62,1.62,1.55,67000,106280,1.55,1.57
2026/04/16 13:05:01,01477,欧康维视生物－Ｂ,OCUMENSION-B,,8.15,0.09,1.11663,8.06,8.04,8.19,8.01,341500,2766365,8.14,8.17
2026/04/16 13:06:52,01478,丘钛科技,Q TECH,,8.31,0.01,0.12048,8.3,8.31,8.37,8.18,4600278,37969145,8.3,8.31
2026/04/16 11:56:40,01480,恩达集团控股,YAN TAT GROUP,,0.96,0.0,0.0,0.96,0.96,0.96,0.96,2000,1920,0.96,0.98
2026/04/16 13:00:08,01481,竣球控股,SMART GLOBE,,2.44,0.01,0.41152,2.43,2.44,2.44,2.44,20000,48700,2.44,2.55
2026/04/16 13:00:21,01483,网誉科技,NET-A-GO TECH,,1.42,0.16,12.69841,1.26,1.26,1.46,1.26,950000,1209100,1.28,1.38
2026/04/16 09:46:04,01486,思城控股,C CHENG HLDGS,,0.71,0.0,0.0,0.71,0.0,0.0,0.0,0,0,0.71,0.8
2026/04/16 11:31:45,01488,百福控股,BEST FOOD HLDG,,0.98,0.0,0.0,0.98,0.0,0.0,0.0,0,0,0.75,0.95
2026/04/16 11:59:02,01489,GC CONSTRUCTION,GC CONSTRUCTION,,0.39,-0.005,-1.26582,0.395,0.39,0.39,0.39,100000,39000,0.39,0.405
2026/04/16 13:00:04,01490,车市科技,AI X TECH,,0.255,0.005,2.0,0.25,0.255,0.255,0.255,24000,6100,0.255,0.26
2026/04/16 13:00:28,01496,亚积邦租赁,AP RENTALS,,0.181,0.0,0.0,0.181,0.0,0.0,0.0,0,0,0.182,0.192
2026/04/16 13:00:00,01497,燕之屋,YAN PALACE,,5.96,0.07,1.18846,5.89,5.89,5.96,5.89,10400,61284,5.96,5.8
2026/04/16 10:04:24,01498,培力农本方,PURAPHARM,,0.295,0.005,1.72414,0.29,0.295,0.295,0.295,100000,29500,0.29,0.295
2026/04/16 13:00:27,01499,欧科云链,OKG TECH,,0.166,0.001,0.60606,0.165,0.165,0.174,0.165,1520000,257590,0.167,0.169
2026/04/16 13:02:00,01500,现恒建筑,INCON,,0.241,-0.004,-1.63265,0.245,0.234,0.241,0.231,225000,52910,0.231,0.24
2026/04/16 13:04:49,01501,瑛泰医疗,INT MEDICAL,,39.4,0.02,0.05079,39.38,39.46,39.46,38.76,38400,1504528,39.14,39.38
2026/04/16 11:46:21,01502,金融街物业,FIN STREET PPT,,2.22,0.02,0.90909,2.2,2.22,2.22,2.21,28000,61970,2.21,2.22
2026/04/16 13:06:40,01508,中国再保险,CHINA RE,,1.4,-0.02,-1.40845,1.42,1.42,1.43,1.4,8170000,11518757,1.4,1.41
2026/04/16 13:04:41,01513,丽珠医药,LIVZON PHARMA,,29.22,-0.12,-0.409,29.34,29.34,29.52,29.04,347100,10186468,29.2,29.22
2026/04/16 13:06:34,01515,华润医疗,CR MEDICAL,,2.88,0.02,0.6993,2.86,2.88,2.88,2.85,988500,2829925,2.87,2.88
2026/04/16 13:05:56,01516,融创服务,SUNAC SERVICES,,0.96,0.02,2.12766,0.94,0.94,0.96,0.94,2536157,2403637,0.94,0.96
2026/04/16 11:26:35,01518,新世纪医疗,NC HEALTHCARE,,0.55,0.01,1.85185,0.54,0.54,0.6,0.52,164000,92735,0.56,0.6
2026/04/16 13:06:43,01519,极兔速递－Ｗ,J&T EXPRESS-W,,10.67,0.08,0.75543,10.59,10.65,10.83,10.57,14688804,157434603,10.67,10.68
2026/04/16 11:30:59,01520,天机控股,VIRTUAL MIND,,0.63,0.02,3.27869,0.61,0.61,0.63,0.61,174000,107220,0.62,0.63
2026/04/16 13:02:28,01521,方达控股,FRONTAGE,,1.03,0.0,0.0,1.03,0.0,0.0,0.0,0,0,1.04,1.08
2026/04/16 11:56:33,01522,京投交通科技,BII TRANS TECH,,0.305,-0.005,-1.6129,0.31,0.315,0.315,0.305,340000,105180,0.305,0.31
2026/04/16 13:06:02,01523,珩湾科技,PLOVER BAY TECH,,7.35,-0.38,-4.91591,7.73,7.73,7.79,7.29,901300,6686684,7.33,7.36
2026/04/16 13:00:05,01525,建桥教育,GENCH EDU,,2.09,-0.02,-0.94787,2.11,2.17,2.17,2.09,203000,427790,2.09,2.11
2026/04/16 11:34:59,01526,瑞慈医疗,RICI HEALTH,,0.9,-0.01,-1.0989,0.91,0.9,0.9,0.87,21000,18860,0.87,0.9
2026/04/16 13:00:30,01527,天洁环境,TENGY ENV,,1.96,0.0,0.0,1.96,0.0,0.0,0.0,0,0,1.93,2.07
2026/04/16 13:04:21,01528,红星美凯龙,RS MACALLINE,,1.3,0.01,0.77519,1.29,1.3,1.31,1.28,782200,1015218,1.3,1.31
2026/04/16 13:00:13,01529,乐氏国际控股,YUES INTL HLDG,,0.425,0.0,0.0,0.425,0.0,0.0,0.0,0,0,0.42,0.435
2026/04/16 13:07:00,01530,三生制药,3SBIO,,24.92,0.0,0.0,24.92,24.96,25.3,24.48,15250000,379496716,24.88,24.92
2026/04/16 13:00:07,01532,中国派对文化,CHINA PARTYTIME,,0.102,0.005,5.15464,0.097,0.097,0.102,0.097,41000,4113,0.097,0.104
2026/04/16 09:00:22,01536,煜荣集团,YUK WING GP,,0.218,0.0,0.0,0.218,0.0,0.0,0.0,0,0,0.202,0.0
2026/04/16 13:06:01,01538,中奥到家,ZHONG AO HOME,,0.69,-0.02,-2.8169,0.71,0.71,0.72,0.68,992000,698200,0.67,0.69
2026/04/16 10:05:07,01539,知行集团控股,UNITY GP HLDGS,,0.36,-0.005,-1.36986,0.365,0.365,0.365,0.355,28000,9980,0.355,0.36
2026/04/16 13:00:17,01540,澳狮环球,LEFTFIELD PRINT,,0.4,0.0,0.0,0.4,0.0,0.0,0.0,0,0,0.38,0.41
2026/04/16 13:05:59,01541,宜明昂科－Ｂ,IMMUNEONCO-B,,5.94,-0.1,-1.65563,6.04,6.1,6.21,5.9,1396200,8428038,5.94,5.95
2026/04/16 08:55:00,01542,台州水务,TAIZHOU WATER,,1.1,0.0,0.0,1.1,0.0,0.0,0.0,0,0,0.0,0.0
2026/04/16 13:00:11,01543,中盈盛达融资担保,JOIN-SHARE,,0.201,0.0,0.0,0.201,0.0,0.0,0.0,0,0,0.192,0.199
2026/04/16 13:00:01,01545,设计都会,DESIGN CAPITAL,,0.13,0.012,10.16949,0.118,0.125,0.13,0.122,330000,41460,0.126,0.135
2026/04/16 11:56:08,01546,德莱建业,THELLOY DEV,,0.2,0.005,2.5641,0.195,0.194,0.202,0.19,3408000,663104,0.2,0.204
2026/04/16 13:00:16,01547,IBI GROUP HLDGS,IBI GROUP HLDGS,,0.2,0.0,0.0,0.2,0.0,0.0,0.0,0,0,0.185,0.209
2026/04/16 13:06:53,01548,金斯瑞生物科技,GENSCRIPT BIO,,13.66,0.35,2.6296,13.31,13.55,13.98,13.55,6684700,92209734,13.66,13.67
2026/04/16 13:00:15,01549,永丰集团控股,EVER HARVEST GP,,0.095,0.0,0.0,0.095,0.0,0.0,0.0,0,0,0.089,0.095
2026/04/16 13:00:14,01551,广州农商银行,GRCB,,1.52,0.0,0.0,1.52,0.0,0.0,0.0,0,0,1.47,1.57
2026/04/16 10:55:37,01552,BHCC HOLDING,BHCC HOLDING,,0.26,0.0,0.0,0.26,0.26,0.26,0.26,10000,2600,0.242,0.265
2026/04/16 09:03:49,01553,迈科管业,MAIKE TUBE,,1.5,0.0,0.0,1.5,0.0,0.0,0.0,0,0,1.46,1.5
2026/04/16 11:56:08,01555,ＭＩ能源,MIE HOLDINGS,,0.034,-0.002,-5.55556,0.036,0.034,0.034,0.031,11510000,374280,0.034,0.035
2026/04/16 11:00:50,01556,建业建荣,CHINNEY KW,,0.32,-0.005,-1.53846,0.325,0.32,0.32,0.32,305000,97600,0.32,0.335
2026/04/16 13:00:16,01557,剑虹集团控股,K.H. GP HLDGS,,0.405,0.0,0.0,0.405,0.405,0.405,0.405,12000,4860,0.345,0.405
2026/04/16 10:32:47,01559,均安控股,KWAN ON HLDGS,,0.052,0.0,0.0,0.052,0.0,0.0,0.0,0,0,0.049,0.057
2026/04/16 13:00:31,01560,星星集团,STAR GROUP ASIA,,0.139,0.0,0.0,0.139,0.0,0.0,0.0,0,0,0.132,0.154
2026/04/16 09:57:22,01561,联洋智能控股,PAN ASIA DATA H,,0.051,0.0,0.0,0.051,0.0,0.0,0.0,0,0,0.046,0.052
2026/04/16 12:30:00,01563,友联国际教育租赁,ALLI INTL ED LE,,0.162,0.0,0.0,0.162,0.0,0.0,0.0,0,0,0.157,0.161
2026/04/16 13:00:28,01565,成实外教育,VIRSCEND EDU,,0.2,0.0,0.0,0.2,0.196,0.2,0.196,269000,53700,0.197,0.208
2026/04/16 08:55:00,01566,华夏文化科技,CA CULTURAL,,0.051,0.0,0.0,0.051,0.0,0.0,0.0,0,0,0.0,0.0
2026/04/16 13:00:01,01568,承达集团,SUNDART HLDGS,,0.75,0.0,0.0,0.75,0.0,0.0,0.0,0,0,0.74,0.76
2026/04/16 10:50:50,01569,民生教育,MINSHENG EDU,,0.148,0.013,9.62963,0.135,0.148,0.148,0.148,10000,1480,0.135,0.148
2026/04/16 11:59:12,01570,伟业控股,WEIYE HOLDINGS,,6.98,-0.12,-1.69014,7.1,7.1,7.1,6.98,29000,202680,6.76,7.0
2026/04/16 11:29:35,01571,信邦控股,XIN POINT HOLD,,4.4,-0.03,-0.6772,4.43,4.43,4.43,4.4,32000,141470,4.4,4.43
2026/04/16 09:54:51,01572,中国艺术金融,CHINA ART FIN,,0.085,0.0,0.0,0.085,0.0,0.0,0.0,0,0,0.081,0.084
2026/04/16 09:50:47,01575,皇庭智家,REGAL PARTNERS,,0.055,0.0,0.0,0.055,0.0,0.0,0.0,132000,7260,0.055,0.059
2026/04/16 11:58:02,01576,齐鲁高速,QILU EXPRESSWAY,,1.83,0.01,0.54945,1.82,1.82,1.83,1.82,280000,512340,1.83,1.84
2026/04/16 10:01:45,01577,汇鑫小贷,HUIXIN CREDIT,,1.0,0.0,0.0,1.0,1.0,1.0,1.0,2000,2000,0.95,1.0
2026/04/16 11:24:17,01578,天津银行,BANK OF TIANJIN,,2.41,0.0,0.0,2.41,2.41,2.41,2.41,13000,31330,2.4,2.42
2026/04/16 13:07:01,01579,颐海国际,YIHAI INTL,,16.01,0.05,0.31328,15.96,15.91,16.08,15.82,1086000,17309670,16.0,16.02
2026/04/16 13:00:08,01580,大森控股,DA SEN HLDGS,,0.345,0.0,0.0,0.345,0.0,0.0,0.0,0,0,0.315,0.445
2026/04/16 11:50:14,01581,进升集团控股,PROGRESSIVE P,,0.285,-0.005,-1.72414,0.29,0.285,0.325,0.275,1446000,423260,0.28,0.29
2026/04/16 13:06:57,01582,华营建筑,CR CONSTRUCTION,,0.355,-0.005,-1.38889,0.36,0.355,0.355,0.355,45000,15862,0.355,0.36
2026/04/16 13:00:22,01583,亲亲食品,QINQIN FOODS,,1.03,-0.04,-3.73832,1.07,1.03,1.03,1.03,1000,1030,1.01,1.04
2026/04/16 13:06:13,01585,雅迪控股,YADEA,,12.85,-0.1,-0.7722,12.95,12.95,13.02,12.8,2870000,36964796,12.83,12.85
2026/04/16 13:00:10,01586,力鸿检验,LEON INSPECTION,,1.57,0.0,0.0,1.57,0.0,0.0,0.0,0,0,1.5,1.71
2026/04/16 09:04:27,01587,欣融国际,SHINEROAD INTL,,0.59,0.0,0.0,0.59,0.0,0.0,0.0,0,0,0.55,0.59
2026/04/16 13:00:23,01588,畅捷通,CHANJET,,7.13,0.23,3.33333,6.9,6.9,7.13,6.9,16800,119170,7.0,7.08
2026/04/16 13:00:01,01591,汛和集团,SHUN WO GROUP,,0.138,0.001,0.72993,0.137,0.138,0.138,0.138,200000,27600,0.131,0.138
2026/04/16 11:48:48,01592,基石控股,ANCHORSTONE,,0.145,0.001,0.69444,0.144,0.138,0.146,0.138,130000,18090,0.137,0.145
2026/04/16 13:00:30,01593,辰林教育,CHEN LIN EDU,,1.25,0.0,0.0,1.25,0.0,0.0,0.0,0,0,1.2,1.28
2026/04/16 11:55:52,01596,翼辰实业,YICHEN IND,,0.65,0.0,0.0,0.65,0.65,0.65,0.64,504000,323950,0.64,0.65
2026/04/16 13:00:05,01597,纳泉能源科技,NATURE ENERGY T,,3.5,0.0,0.0,3.5,0.0,0.0,0.0,0,0,3.5,3.7
2026/04/16 08:55:00,01598,２１世纪教育,21CENTURY EDU,,0.111,0.0,0.0,0.111,0.0,0.0,0.0,0,0,0.0,0.0
2026/04/16 09:53:50,01599,城建设计,UCD,,1.28,0.0,0.0,1.28,1.28,1.28,1.28,3000,3840,1.28,1.29
2026/04/16 13:00:12,01600,天伦燃气,TIAN LUN GAS,,2.84,-0.01,-0.35088,2.85,2.82,2.87,2.73,409000,1157760,2.84,2.87
2026/04/16 10:14:43,01601,中关村科技租赁,ZGC TEC LEASING,,0.84,-0.02,-2.32558,0.86,0.84,0.84,0.84,6000,5040,0.84,0.85
2026/04/16 13:00:44,01606,国银金租,CDB LEASING,,1.52,0.0,0.0,1.52,1.51,1.53,1.5,2840000,4293140,1.52,1.53
2026/04/16 08:55:00,01608,伟能集团,VPOWER GROUP,,0.109,0.0,0.0,0.109,0.0,0.0,0.0,0,0,0.0,0.0
2026/04/16 13:05:25,01610,中粮家佳康,COFCO JOYCOME,,1.4,-0.02,-1.40845,1.42,1.42,1.45,1.4,20905000,29669120,1.4,1.41
2026/04/16 13:01:42,01611,新火集团,BITFIRE GROUP,,2.31,0.01,0.43478,2.3,2.3,2.36,2.3,109000,253055,2.32,2.35
2026/04/16 10:48:31,01612,永胜医疗,VINCENT MED,,0.92,-0.01,-1.07527,0.93,0.92,0.92,0.91,308000,280620,0.91,0.92
2026/04/16 11:53:47,01613,协同通信,SYNERTONE,,0.176,-0.002,-1.1236,0.178,0.178,0.178,0.176,224000,39475,0.172,0.175
2026/04/16 13:06:07,01615,奥邦建筑,AB BUILDERS,,0.395,0.03,8.21918,0.365,0.365,0.395,0.345,330000,125975,0.38,0.4
2026/04/16 08:55:00,01616,一元宇宙,A METAVERSE,,0.06,0.0,0.0,0.06,0.0,0.0,0.0,0,0,0.0,0.0
2026/04/16 13:03:34,01617,南方通信,NANFANG COMM,,0.465,0.015,3.33333,0.45,0.455,0.47,0.45,3256000,1514480,0.465,0.47
2026/04/16 13:06:24,01618,中国中冶,MCC,,1.61,0.01,0.625,1.6,1.61,1.62,1.6,8715000,14040400,1.61,1.62
2026/04/16 11:02:54,01620,富盈环球集团,CINESE INTL,,0.099,0.0,0.0,0.099,0.099,0.099,0.099,50000,4950,0.094,0.103
2026/04/16 13:00:28,01621,域高国际控股,VICO INTL HLDGS,,0.172,0.0,0.0,0.172,0.0,0.0,0.0,0,0,0.166,0.171
2026/04/16 13:03:16,01622,力高集团,REDCO GROUP,,0.152,-0.015,-8.98204,0.167,0.154,0.154,0.152,142000,21836,0.154,0.16
2026/04/16 13:03:10,01623,海隆控股,HILONG,,0.235,-0.003,-1.2605,0.238,0.238,0.238,0.228,451000,103836,0.23,0.235
2026/04/16 13:06:18,01626,嘉耀控股,JIA YAO HLDGS,,5.7,-0.3,-5.0,6.0,5.95,5.95,5.7,497000,2880350,5.7,5.7
2026/04/16 13:00:01,01627,安保工程控股,ABLE ENG HLDGS,,0.58,0.01,1.75439,0.57,0.58,0.58,0.58,172000,99760,0.58,0.59
2026/04/16 13:05:59,01628,禹洲集团,YUZHOU GROUP,,0.182,0.0,0.0,0.182,0.165,0.184,0.165,600574,105422,0.184,0.19
2026/04/16 10:53:42,01629,冠均国际控股,CHAMP ALLI INTL,,0.176,0.0,0.0,0.176,0.176,0.176,0.176,20000,3520,0.176,0.185
2026/04/16 13:06:18,01630,建成控股,KIN SHING HLDGS,,0.169,-0.015,-8.15217,0.184,0.184,0.195,0.165,9006000,1587474,0.168,0.172
2026/04/16 09:46:19,01631,REF HOLDINGS,REF HOLDINGS,,0.495,0.0,0.0,0.495,0.0,0.0,0.0,0,0,0.475,0.52
2026/04/16 13:00:20,01632,民商创科,MSCTECH,,0.051,0.0,0.0,0.051,0.0,0.0,0.0,0,0,0.051,0.054
2026/04/16 13:01:22,01633,上谕集团,SHEUNG YUE GP,,0.26,0.01,4.0,0.25,0.25,0.26,0.25,174000,44175,0.26,0.265
2026/04/16 13:06:18,01635,大众公用,DZUG,,3.14,0.02,0.64103,3.12,3.13,3.16,3.12,5057300,15865744,3.14,3.15
2026/04/16 08:55:00,01636,中国金属利用,CMRU,,0.31,0.0,0.0,0.31,0.0,0.0,0.0,0,0,0.0,0.0
2026/04/16 11:26:53,01637,顺兴集团控股,SH GROUP HLDG,,0.445,-0.005,-1.11111,0.45,0.45,0.45,0.445,114000,50840,0.425,0.455
2026/04/16 13:07:18,01638,佳兆业集团,KAISA GROUP,,0.084,0.003,3.7037,0.081,0.081,0.084,0.08,14025532,1164004,0.084,0.085
2026/04/16 13:06:09,01640,千循科技,QIAN XUN TECH,,1.39,0.19,15.83333,1.2,1.22,1.78,1.22,1092000,1530180,1.34,1.41
2026/04/16 13:04:04,01641,红星冷链,HX COLDCHAIN,,7.07,-0.11,-1.53203,7.18,7.36,7.36,7.03,13500,95490,7.02,7.14
2026/04/16 13:06:19,01643,现代中药集团,MODERN CHI MED,,2.65,0.06,2.3166,2.59,2.55,2.65,2.55,441000,1154670,2.63,2.65
2026/04/16 13:07:12,01645,海纳智能,HAINA INTEL,,1.22,-0.25,-17.0068,1.47,1.48,1.48,1.22,1608000,2186600,1.22,1.26
2026/04/16 13:06:24,01647,雄岸科技,GRANDSHORES,,0.069,-0.001,-1.42857,0.07,0.068,0.071,0.066,525000,35990,0.069,0.071
2026/04/16 13:00:13,01650,HYGIEIA GROUP,HYGIEIA GROUP,,0.123,-0.002,-1.6,0.125,0.123,0.123,0.123,40000,4920,0.124,0.128
2026/04/16 13:06:43,01651,津上机床中国,TSUGAMI CHINA,,44.9,0.08,0.17849,44.82,45.0,45.24,44.0,544365,24256465,44.9,45.06
2026/04/16 11:38:13,01652,福森药业,FUSEN PHARM,,1.21,0.01,0.83333,1.2,1.2,1.24,1.2,1771000,2187370,1.21,1.24
2026/04/16 13:04:16,01653,MOS HOUSE,MOS HOUSE,,2.84,0.09,3.27273,2.75,2.88,2.88,2.7,140000,387000,2.68,2.78
2026/04/16 11:58:51,01655,OKURA HOLDINGS,OKURA HOLDINGS,,0.232,-0.008,-3.33333,0.24,0.234,0.234,0.232,250000,58140,0.232,0.238
2026/04/16 09:07:56,01656,亿仕登控股,ISDN HOLDINGS,,2.31,0.0,0.0,2.31,0.0,0.0,0.0,0,0,0.0,2.49
2026/04/16 13:00:01,01657,桦欣控股,SG GROUP HLDGS,,23.5,0.4,1.7316,23.1,21.5,23.68,21.0,14500,315430,22.02,24.0
2026/04/16 13:07:11,01658,邮储银行,PSBC,,5.05,0.03,0.59761,5.02,5.01,5.07,5.0,20004000,100639825,5.04,5.05
2026/04/16 11:46:42,01660,七元投资,SEVEN ELEMENTS,,0.335,0.0,0.0,0.335,0.345,0.345,0.325,3824000,1262080,0.32,0.335
2026/04/16 13:07:16,01661,中国前沿科技集团,CH FRONTIER TEC,,2.53,-0.19,-6.98529,2.72,2.71,2.72,2.51,165100,431910,2.43,2.54
2026/04/16 13:03:34,01662,义合控股,YEE HOP HLDGS,,0.73,0.06,8.95522,0.67,0.72,0.77,0.7,272000,199660,0.71,0.73
2026/04/16 11:16:42,01663,汉港控股,S HARBOURHOLD,,0.084,-0.005,-5.61798,0.089,0.089,0.089,0.084,179513,15377,0.084,0.086
2026/04/16 13:00:26,01666,同仁堂科技,TONG REN TANG,,3.96,0.04,1.02041,3.92,3.92,3.97,3.91,353100,1391454,3.95,3.96
2026/04/16 11:40:34,01667,迪米生活控股,DIMMI LIFE HLDG,,0.37,0.0,0.0,0.37,0.0,0.0,0.0,0,0,0.315,0.38
2026/04/16 08:55:00,01668,华南城,CHINASOUTHCITY,,0.107,0.0,0.0,0.107,0.0,0.0,0.0,0,0,0.0,0.0
2026/04/16 09:00:10,01669,环球信贷集团,GIC GROUP,,1.02,0.0,0.0,1.02,0.0,0.0,0.0,0,0,0.98,1.02
2026/04/16 11:50:09,01671,天保能源,TIANBAO ENERGY,,0.71,0.0,0.0,0.71,0.71,0.71,0.71,212000,150520,0.69,0.71
2026/04/16 13:07:03,01672,歌礼制药－Ｂ,ASCLETIS-B,,17.82,-0.03,-0.16807,17.85,17.84,18.0,17.0,824782,14526701,17.82,17.95
2026/04/16 13:00:14,01673,华章科技,HUAZHANG TECH,,0.26,0.005,1.96078,0.255,0.255,0.26,0.255,256000,64340,0.255,0.29
2026/04/16 13:06:24,01675,亚信科技,ASIAINFO TECH,,5.93,0.07,1.19454,5.86,5.9,6.0,5.9,1174000,6968420,5.91,5.92
2026/04/16 11:37:28,01676,高地股份,GAODI HOLDINGS,,0.208,-0.005,-2.34742,0.213,0.213,0.215,0.202,5648000,1196792,0.208,0.215
2026/04/16 13:00:00,01679,瑞斯康集团,RISECOMM GP,,0.61,0.03,5.17241,0.58,0.61,0.63,0.61,300150,187259,0.6,0.61
2026/04/16 13:00:24,01680,澳门励骏,MACAU LEGEND,,0.201,0.001,0.5,0.2,0.201,0.201,0.201,88000,17688,0.201,0.215
2026/04/16 13:07:19,01681,康臣药业,CONSUN PHARMA,,16.29,-0.15,-0.91241,16.44,16.65,16.65,16.08,654000,10629050,16.29,16.3
2026/04/16 13:00:16,01682,杭品生活科技,HP LIVING TECH,,0.137,-0.003,-2.14286,0.14,0.14,0.14,0.135,596000,81152,0.136,0.14
2026/04/16 13:01:30,01683,旷逸国际,HOPE LIFE INT,,0.23,-0.007,-2.95359,0.237,0.237,0.241,0.226,1264000,294368,0.228,0.233
2026/04/16 13:00:16,01685,博耳电力,BOER POWER,,0.52,0.0,0.0,0.52,0.53,0.53,0.52,210000,110500,0.52,0.54
2026/04/16 13:06:40,01686,新意网集团,SUNEVISION,,6.46,0.31,5.04065,6.15,6.23,6.56,6.21,7098300,45559560,6.45,6.46
2026/04/16 11:59:46,01689,华禧控股,HUAXIHOLDINGS,,0.305,-0.02,-6.15385,0.325,0.34,0.34,0.29,222000,68980,0.295,0.31
2026/04/16 13:06:48,01690,立基工程控股,LAP KEI ENGRG,,0.177,-0.005,-2.74725,0.182,0.182,0.182,0.175,710000,125930,0.175,0.182
2026/04/16 13:04:35,01691,ＪＳ环球生活,JS GLOBAL LIFE,,1.79,0.0,0.0,1.79,1.78,1.8,1.75,1497000,2652110,1.78,1.8
2026/04/16 13:00:53,01692,登辉控股,TOWNRAY HLDGS,,1.47,-0.18,-10.90909,1.65,1.47,1.47,1.47,6000,8820,1.51,1.64
2026/04/16 13:01:48,01693,璋利国际,BGMC,,5.33,-0.17,-3.09091,5.5,5.5,5.79,5.25,107040,578631,5.33,5.78
2026/04/16 09:59:34,01695,椰丰集团,S&P INTL HLDG,,0.1,0.0,0.0,0.1,0.0,0.0,0.0,0,0,0.096,0.1
2026/04/16 13:05:25,01696,复锐医疗科技,SISRAM MED,,3.14,-0.01,-0.31746,3.15,3.23,3.25,3.1,424400,1330336,3.12,3.14
2026/04/16 10:40:55,01697,山东国信,SDITC,,0.35,0.0,0.0,0.35,0.34,0.35,0.335,10800,3699,0.34,0.35
2026/04/16 13:07:06,01698,腾讯音乐－ＳＷ,TME-SW,,39.6,1.04,2.6971,38.56,38.56,39.84,38.56,1765960,69507775,39.58,39.6
2026/04/16 13:00:05,01701,途屹控股,TU YI HLDG,,0.092,0.0,0.0,0.092,0.0,0.0,0.0,0,0,0.092,0.099
2026/04/16 11:19:46,01702,东光化工,DONGGUANG CHEM,,1.99,0.0,0.0,1.99,0.0,0.0,0.0,0,0,1.72,2.0
2026/04/16 11:21:26,01703,谊和股份,EASYHOLD GROUP,,0.08,-0.005,-5.88235,0.085,0.085,0.085,0.08,270000,21700,0.079,0.084
2026/04/16 11:42:33,01705,宾仕国际,B & S INTL HLDG,,0.54,-0.01,-1.81818,0.55,0.54,0.54,0.54,108000,58320,0.54,0.55
2026/04/16 08:55:00,01707,致浩达控股,GEOTECH HLDGS,,0.042,0.0,0.0,0.042,0.0,0.0,0.0,0,0,0.0,0.0
2026/04/16 10:42:32,01708,三宝科技,SAMPLE TECH,,0.3,0.0,0.0,0.3,0.0,0.0,0.0,0,0,0.31,0.405
2026/04/16 13:03:30,01709,德林控股,DL HOLDINGS GP,,1.14,-0.01,-0.86957,1.15,1.16,1.16,1.13,2076000,2379670,1.13,1.14
2026/04/16 13:03:50,01710,致丰工业电子,TRIO IND ELEC,,0.49,0.015,3.1579,0.475,0.475,0.51,0.47,2708000,1331840,0.485,0.495
2026/04/16 13:00:26,01711,欧化,ULFERTS,,0.152,0.0,0.0,0.152,0.0,0.0,0.0,0,0,0.141,0.16
2026/04/16 13:04:34,01712,龙资源,DRAGON MINING,,9.35,-0.08,-0.84836,9.43,9.23,9.45,9.23,343000,3194820,9.27,9.35
2026/04/16 11:16:37,01713,四川能投发展,SICHUAN EN INV,,2.19,-0.01,-0.45455,2.2,2.2,2.2,2.19,74000,162080,2.18,2.19
2026/04/16 13:00:21,01715,智慧健康科技,AI HEALTH TECH,,0.52,0.0,0.0,0.52,0.52,0.52,0.52,30000,15600,0.5,0.53
2026/04/16 13:07:03,01716,毛记葵涌,MOST KWAI CHUNG,,4.0,0.0,0.0,4.0,4.0,4.17,3.95,1380000,5616480,3.95,4.08
2026/04/16 11:08:24,01717,澳优,AUSNUTRIA,,1.75,0.03,1.74419,1.72,1.75,1.75,1.65,32000,55450,1.7,1.75
2026/04/16 13:00:05,01718,宏基集团控股,WAN KEI GROUP,,0.35,0.0,0.0,0.35,0.35,0.355,0.34,455000,157550,0.33,0.345
2026/04/16 09:00:10,01719,中国通商集团,CIL GROUP,,0.31,0.0,0.0,0.31,0.0,0.0,0.0,0,0,0.28,0.31
2026/04/16 11:58:34,01720,普天通信集团,PUTIAN COMM,,0.58,0.02,3.57143,0.56,0.55,0.58,0.54,1864000,1047280,0.57,0.58
2026/04/16 08:55:00,01721,FSM HOLDINGS,FSM HOLDINGS,,0.14,0.0,0.0,0.14,0.0,0.0,0.0,0,0,0.0,0.0
2026/04/16 13:01:51,01722,建鹏控股,KIN PANG HLDGS,,0.073,0.0,0.0,0.073,0.0,0.0,0.0,0,0,0.071,0.075
2026/04/16 11:34:43,01723,恒月控股,MOON INC,,1.0,-0.06,-5.66038,1.06,1.01,1.01,1.0,36000,36420,0.99,1.0
2026/04/16 13:00:18,01725,中国技术集团,C STRATEGIC TEC,,0.69,-0.01,-1.42857,0.7,0.7,0.71,0.68,2292000,1589896,0.7,0.71
2026/04/16 10:22:01,01726,HKE HOLDINGS,HKE HOLDINGS,,1.21,-0.01,-0.81967,1.22,1.21,1.21,1.21,300000,363000,1.16,1.21
2026/04/16 10:34:59,01727,河北建设,HEBEI CONS,,0.315,0.0,0.0,0.315,0.0,0.0,0.0,0,0,0.295,0.33
2026/04/16 08:55:00,01728,正通汽车,ZHENGTONGAUTO,,0.143,0.0,0.0,0.143,0.0,0.0,0.0,0,0,0.0,0.0
2026/04/16 13:07:16,01729,汇聚科技,TIME INTERCON,,19.02,1.04,5.78421,17.98,18.22,19.14,17.71,8486990,156901877,19.0,19.02
2026/04/16 13:00:05,01731,其利工业集团,PROSPEROUS IND,,0.83,-0.01,-1.19048,0.84,0.83,0.83,0.83,20000,16600,0.83,0.84
2026/04/16 13:00:06,01732,象兴国际,XIANGXING INT,,0.218,0.0,0.0,0.218,0.0,0.0,0.0,0,0,0.209,0.218
2026/04/16 11:49:30,01733,易大宗,E-COMMODITIES,,0.75,-0.01,-1.31579,0.76,0.76,0.76,0.75,78550,59251,0.75,0.76
2026/04/16 13:06:49,01735,中环新能源,CENTRAL NEW EGY,,9.15,-0.11,-1.18791,9.26,9.27,9.35,9.13,4571000,42148680,9.15,9.17
2026/04/16 13:03:48,01736,中国育儿网络,PARENTING NET,,0.51,0.01,2.0,0.5,0.51,0.51,0.51,65500,33355,0.43,0.52
2026/04/16 13:00:10,01737,亚洲实业集团,A & S GROUP,,0.1,0.0,0.0,0.1,0.1,0.1,0.1,20000,2000,0.1,0.105
2026/04/16 13:00:14,01738,飞尚无烟煤,FS ANTHRACITE,,0.104,0.0,0.0,0.104,0.0,0.0,0.0,0,0,0.1,0.103
2026/04/16 13:04:35,01739,齐屹科技,QEEKA HOME,,0.209,0.005,2.45098,0.204,0.205,0.215,0.196,199500,41219,0.201,0.22
2026/04/16 13:02:11,01740,新石文化,VALUES CULTURAL,,0.12,0.01,9.09091,0.11,0.112,0.123,0.112,490000,57960,0.112,0.12
2026/04/16 13:00:01,01741,成志控股,SHING CHI HLDGS,,0.17,0.0,0.0,0.17,0.0,0.0,0.0,0,0,0.169,0.17
2026/04/16 13:00:31,01742,HPC HOLDINGS,HPC HOLDINGS,,0.213,-0.004,-1.84332,0.217,0.217,0.22,0.213,320000,68850,0.216,0.22
2026/04/16 13:00:04,01745,驴迹科技,LVJI TECH,,0.114,-0.002,-1.72414,0.116,0.116,0.116,0.114,1404000,161278,0.114,0.116
2026/04/16 10:46:08,01746,万顺集团控股,MAN SHUN GP,,0.475,0.015,3.26087,0.46,0.46,0.475,0.46,52000,24520,0.455,0.475
2026/04/16 13:05:53,01747,HOME CONTROL,HOME CONTROL,,4.6,0.0,0.0,4.6,0.0,0.0,0.0,0,0,4.31,4.59
2026/04/16 08:55:00,01748,信源企业集团,XIN YUAN ENT,,1.76,0.0,0.0,1.76,0.0,0.0,0.0,0,0,0.0,0.0
2026/04/16 13:07:08,01749,杉杉品牌,SHANSHAN,,0.62,0.01,1.63934,0.61,0.61,0.62,0.57,256000,153330,0.58,0.63
2026/04/16 13:02:43,01750,全达电器集团控股,REM GROUP HLDGS,,0.111,-0.002,-1.76991,0.113,0.116,0.117,0.11,420000,47590,0.109,0.113
2026/04/16 11:22:26,01751,智算能建,AI ENERGY ENG,,1.37,0.02,1.48148,1.35,1.4,1.4,1.37,180000,249700,1.36,1.39
2026/04/16 13:00:26,01752,澳洲成峰高教,TOP EDUCATION,,0.084,0.0,0.0,0.084,0.0,0.0,0.0,0,0,0.084,0.09
2026/04/16 13:00:13,01753,兑吧,DUIBA,,0.113,-0.002,-1.73913,0.115,0.114,0.114,0.108,90800,9938,0.111,0.113
2026/04/16 08:55:00,01755,新城悦服务,S-ENJOY SERVICE,,2.8,0.0,0.0,2.8,0.0,0.0,0.0,0,0,0.0,0.0
2026/04/16 13:02:09,01756,中国科教产业,CHI SCI&EDU IND,,0.56,0.0,0.0,0.56,0.56,0.57,0.55,370000,205060,0.56,0.57
2026/04/16 13:06:15,01757,环球华商（一千）,GLOBAL CHI-1K,,17.89,-0.29,-1.59516,18.18,18.09,18.3,17.66,266000,4767660,17.72,17.99
2026/04/16 11:30:06,01758,博骏教育,BOJUN EDU,,0.112,0.0,0.0,0.112,0.0,0.0,0.0,0,0,0.105,0.12
2026/04/16 13:00:24,01759,中油洁能控股,SINO GAS HLDGS,,0.99,0.0,0.0,0.99,0.0,0.0,0.0,0,0,0.84,1.19
2026/04/16 11:37:53,01760,英恒科技,INTRON TECH,,1.81,0.0,0.0,1.81,1.82,1.82,1.79,49000,88240,1.81,1.82
2026/04/16 13:06:00,01762,万咖壹联,WANKA ONLINE,,1.66,0.0,0.0,1.66,1.66,1.71,1.66,1990000,3354790,1.66,1.67
2026/04/16 13:00:15,01763,中国同辐,CIRC,,18.59,-0.41,-2.1579,19.0,18.92,18.92,18.5,159000,2966958,18.56,18.59
2026/04/16 13:00:07,01765,希教国际控股,XJ INTL HLDGS,,0.158,0.002,1.28205,0.156,0.157,0.158,0.157,50000,7868,0.158,0.164
2026/04/16 13:07:02,01766,中国中车,CRRC,,5.12,0.01,0.1957,5.11,5.11,5.13,5.08,5236000,26704580,5.11,5.12
2026/04/16 13:05:38,01767,TS WONDERS,TS WONDERS,,0.365,0.01,2.8169,0.355,0.36,0.365,0.36,450000,163600,0.35,0.37
2026/04/16 13:06:40,01768,鸣鸣很忙,BUSYMING,,400.0,0.0,0.0,400.0,396.4,405.0,391.0,25000,9981050,400.0,400.79999
2026/04/16 13:00:00,01769,思考乐教育,SCHOLAR EDU,,1.62,0.0,0.0,1.62,1.62,1.66,1.58,105000,170150,1.6,1.62
2026/04/16 13:00:25,01771,新丰泰集团,SUNFONDA GP,,0.178,0.0,0.0,0.178,0.0,0.0,0.0,0,0,0.164,0.175
2026/04/16 13:07:17,01772,赣锋锂业,GANFENGLITHIUM,,84.3,5.85,7.45698,78.45,79.7,84.85,78.8,11716233,969440853,84.25,84.3
2026/04/16 13:05:15,01773,天立国际控股,TIANLI INT HLDG,,2.09,0.01,0.48077,2.08,2.1,2.1,2.07,3886000,8116470,2.09,2.1
2026/04/16 11:06:31,01775,精英汇集团,BEXCELLENT GP,,0.455,0.01,2.24719,0.445,0.44,0.455,0.44,176000,77860,0.435,0.455
2026/04/16 13:06:44,01776,广发证券,GF SEC,,16.87,0.42,2.55319,16.45,16.54,17.14,16.5,7060200,118997126,16.83,16.87
2026/04/16 11:53:28,01777,花样年控股,FANTASIA,,0.084,0.003,3.7037,0.081,0.078,0.092,0.078,606000,49894,0.078,0.084
2026/04/16 13:00:01,01778,彩生活,COLOUR LIFE,,0.21,0.0,0.0,0.21,0.0,0.0,0.0,0,0,0.201,0.21
2026/04/16 08:55:00,01780,荣尊国际控股,RONGZUN INT'L H,,1.0,0.0,0.0,1.0,0.0,0.0,0.0,0,0,0.0,0.0
2026/04/16 13:00:02,01782,国际商业数字技术,IB DIGITAL TECH,,3.35,0.15,4.6875,3.2,3.35,3.35,3.35,30000,100500,3.2,3.33
2026/04/16 13:01:49,01783,晋景新能,ENVISION GREEN,,3.17,-0.05,-1.5528,3.22,3.24,3.24,3.12,2781000,8775200,3.14,3.17
2026/04/16 09:41:43,01785,成都高速,CHENGDU EXPWAY,,2.09,0.0,0.0,2.09,2.09,2.09,2.09,40000,83600,2.05,2.09
2026/04/16 11:08:11,01786,铁建装备,CRCCE,,0.87,0.0,0.0,0.87,0.0,0.0,0.0,0,0,0.85,0.88
2026/04/16 13:07:10,01787,山东黄金,SD GOLD,,33.32,0.22,0.66465,33.1,33.3,33.36,32.52,7486539,246236324,33.32,33.34
2026/04/16 13:07:15,01788,国泰君安国际,GUOTAI JUNAN I,,2.64,0.01,0.38023,2.63,2.66,2.72,2.62,114955600,306646899,2.64,2.65
2026/04/16 13:06:11,01789,爱康医疗,AK MEDICAL,,6.98,-0.05,-0.71124,7.03,6.93,7.06,6.93,1246000,8730060,7.01,7.02
2026/04/16 09:38:02,01790,达力环保,TIL ENVIRO,,0.52,0.0,0.0,0.52,0.0,0.0,0.0,0,0,0.435,0.58
2026/04/16 13:00:07,01792,CMON,CMON,,1.19,0.0,0.0,1.19,0.0,0.0,0.0,0,0,1.08,1.17
2026/04/16 11:00:25,01793,伟工控股,WECON HOLDINGS,,0.265,-0.005,-1.85185,0.27,0.265,0.265,0.265,120000,31800,0.265,0.27
2026/04/16 11:53:33,01795,亚东集团,YADONG GROUP,,0.51,0.0,0.0,0.51,0.51,0.51,0.51,51000,26010,0.495,0.51
2026/04/16 08:55:00,01796,中国数智科技,METASPACEX,,0.66,0.0,0.0,0.66,0.0,0.0,0.0,0,0,0.0,0.0
2026/04/16 13:07:15,01797,东方甄选,EAST BUY,,28.68,0.2,0.70225,28.48,28.96,30.12,28.64,7554500,223233565,28.66,28.68
2026/04/16 13:06:52,01798,大唐新能源,DATANG RENEW,,1.5,0.02,1.35135,1.48,1.5,1.51,1.48,6547000,9802372,1.49,1.5
2026/04/16 13:06:35,01799,新特能源,XINTE ENERGY,,5.68,0.34,6.36704,5.34,5.48,5.78,5.45,1811600,10284292,5.66,5.68
2026/04/16 13:07:16,01800,中国交通建设,CHINA COMM CONS,,4.58,0.04,0.88106,4.54,4.55,4.6,4.53,4604151,21043459,4.58,4.59
2026/04/16 13:06:52,01801,信达生物,INNOVENT BIO,,91.7,0.3,0.32823,91.4,91.4,92.4,89.45,5509698,502433651,91.65,91.7
2026/04/16 08:55:00,01802,文业集团,WENYE GROUP,,0.045,0.0,0.0,0.045,0.0,0.0,0.0,0,0,0.0,0.0
2026/04/16 13:01:55,01803,北京体育文化,BJ SPORTS & ENT,,0.07,-0.005,-6.66667,0.075,0.078,0.078,0.07,180000,13927,0.075,0.078
2026/04/16 13:00:10,01808,企展控股,ENTERPRISE DEV,,2.29,0.0,0.0,2.29,2.29,2.29,2.29,42000,96180,2.11,2.28
2026/04/16 13:01:45,01809,浦林成山,PRINX CHENGSHAN,,7.99,-0.1,-1.23609,8.09,8.05,8.07,7.96,20500,163824,7.95,8.03
2026/04/16 13:07:16,01810,小米集团－Ｗ,XIAOMI-W,,31.46,0.56,1.8123,30.9,31.06,31.68,31.06,88774003,2786221914,31.46,31.48
2026/04/16 13:05:09,01811,中广核新能源,CGN NEW ENERGY,,2.62,-0.02,-0.75758,2.64,2.64,2.65,2.61,1794000,4714880,2.62,2.63
2026/04/16 11:43:41,01812,晨鸣纸业,CHENMING PAPER,,1.16,0.03,2.65487,1.13,1.13,1.16,1.13,187000,215065,1.15,1.16
2026/04/16 11:07:45,01813,合景泰富集团,KWG GROUP,,0.173,-0.006,-3.35196,0.179,0.175,0.175,0.171,121000,21006,0.172,0.173
2026/04/16 13:04:20,01815,珠峰黄金,EVEREST GOLD,,1.1,0.01,0.91743,1.09,1.07,1.1,1.07,3870000,4233590,1.09,1.11
2026/04/16 13:07:01,01816,中广核电力,CGN POWER,,3.29,-0.04,-1.2012,3.33,3.35,3.36,3.28,28332000,93728045,3.29,3.3
2026/04/16 11:45:02,01817,慕尚集团控股,MULSANNE GROUP,,0.295,0.0,0.0,0.295,0.0,0.0,0.0,0,0,0.27,0.28
2026/04/16 13:07:06,01818,招金矿业,ZHAOJIN MINING,,32.8,-0.16,-0.48544,32.96,33.04,33.04,32.4,3387000,110468222,32.78,32.8
2026/04/16 09:52:34,01820,济丰包装,PM PACKAGING,,2.54,0.0,0.0,2.54,0.0,0.0,0.0,0,0,2.54,0.0
2026/04/16 11:01:15,01822,中木国际,CHINA WOOD INT,,0.144,0.0,0.0,0.144,0.0,0.0,0.0,9000,1170,0.133,0.14
2026/04/16 13:04:36,01823,华昱高速,HUAYUEXPRESSWAY,,1.69,0.0,0.0,1.69,0.0,0.0,0.0,0,0,1.66,1.69
2026/04/16 13:00:00,01825,STERLING GP-NEW,STERLING GP-NEW,,0.88,-0.02,-2.22222,0.9,0.88,0.88,0.8,9250,7810,0.82,1.0
2026/04/16 13:00:25,01826,丰展控股,FDB HOLDINGS,,0.174,0.0,0.0,0.174,0.174,0.174,0.174,10000,1740,0.156,0.175
2026/04/16 13:00:21,01827,卓珈控股,MIRICOR,,0.94,0.0,0.0,0.94,0.0,0.0,0.0,0,0,0.73,0.93
2026/04/16 13:03:46,01828,富卫集团,FWD,,31.62,-0.38,-1.1875,32.0,32.0,32.02,31.5,80000,2528992,31.6,31.64
2026/04/16 13:02:10,01830,完美医疗,PERFECT MEDICAL,,1.25,0.07,5.9322,1.18,1.16,1.29,1.15,730722,889707,1.25,1.26
2026/04/16 13:00:04,01831,十方控股,SHIFANG HLDG,,0.43,-0.02,-4.44444,0.45,0.445,0.445,0.43,2410000,1049450,0.425,0.435
2026/04/16 11:30:28,01832,海天地悦旅,SAI LEISURE,,0.81,0.0,0.0,0.81,0.0,0.0,0.0,0,0,0.8,0.81
2026/04/16 13:07:17,01833,平安好医生,PA GOODDOCTOR,,12.2,0.31,2.60723,11.89,11.9,12.35,11.85,5484258,66461817,12.2,12.21
2026/04/16 13:00:04,01835,瑞威资管,REALWAY CAPITAL,,1.24,0.0,0.0,1.24,0.0,0.0,0.0,0,0,1.05,1.24
2026/04/16 13:06:07,01836,九兴控股,STELLA HOLDINGS,,14.9,-0.09,-0.6004,14.99,15.02,15.02,14.88,124500,1856550,14.9,14.94
2026/04/16 13:04:17,01837,五谷磨房,NATURAL FOOD IH,,1.72,0.01,0.5848,1.71,1.72,1.75,1.7,1222000,2120400,1.72,1.74
2026/04/16 09:15:48,01841,优越集团控股,A.PLUS GROUP,,0.235,0.0,0.0,0.235,0.0,0.0,0.0,0,0,0.228,0.235
2026/04/16 11:33:19,01842,植华集团,GROWN UP GROUP,,0.045,0.002,4.65116,0.043,0.045,0.045,0.045,24000,1080,0.042,0.045
2026/04/16 11:52:02,01843,快餐帝国,SNACK EMPIRE,,0.144,0.0,0.0,0.144,0.0,0.0,0.0,0,0,0.143,0.15
2026/04/16 09:30:26,01845,维港环保科技,WG ENV TECH,,0.238,0.0,0.0,0.238,0.0,0.0,0.0,0,0,0.0,0.238
2026/04/16 10:57:46,01846,德视佳,EUROEYES,,2.89,0.0,0.0,2.89,0.0,0.0,0.0,0,0,2.73,2.88
2026/04/16 13:00:13,01847,云南建投混凝土,GHPC,,0.44,0.0,0.0,0.44,0.0,0.0,0.0,0,0,0.435,0.5
2026/04/16 13:05:26,01848,中国飞机租赁,CALC,,3.99,-0.05,-1.23762,4.04,4.05,4.05,3.93,267000,1065905,3.99,4.0
2026/04/16 08:55:00,01849,秀商时代控股,AM GROUP,,0.05,0.0,0.0,0.05,0.0,0.0,0.0,0,0,0.0,0.0
2026/04/16 13:00:04,01850,鸿盛昌资源,HSC RESOURCES,,0.88,-0.12,-12.0,1.0,0.99,1.0,0.87,1550000,1431600,0.88,0.9
2026/04/16 13:06:16,01851,银杏教育,GINGKO EDU,,4.39,0.11,2.57009,4.28,4.34,4.45,4.25,894000,3885140,4.28,4.4
2026/04/16 08:55:00,01853,春城热力,CHUNCHENG HEAT,,1.74,0.0,0.0,1.74,0.0,0.0,0.0,0,0,0.0,0.0
2026/04/16 13:00:00,01854,中国万天控股,CHINA WANTIAN,,1.1,0.0,0.0,1.1,0.0,0.0,0.0,0,0,1.06,1.1
2026/04/16 11:34:07,01855,中庆股份,ZONQING LTD,,0.345,0.01,2.98508,0.335,0.345,0.385,0.345,286000,101060,0.345,0.355
2026/04/16 13:06:23,01856,依波路,ERNEST BOREL,,1.8,0.0,0.0,1.8,1.76,1.8,1.7,46000,80700,1.7,1.8
2026/04/16 13:00:00,01857,中国光大水务,CEB WATER,,1.45,-0.02,-1.36054,1.47,1.46,1.46,1.45,899000,1304710,1.45,1.46
2026/04/16 13:07:01,01858,春立医疗,CHUNLI MEDICAL,,13.31,-0.24,-1.77122,13.55,13.58,13.65,13.19,347500,4635271,13.31,13.34
2026/04/16 13:07:16,01860,汇量科技,MOBVISTA,,15.35,0.38,2.53841,14.97,15.56,15.88,15.27,6729663,104534806,15.34,15.35
2026/04/16 09:00:44,01861,保宝龙科技,PRECIOUS DRAGON,,1.78,0.0,0.0,1.78,0.0,0.0,0.0,0,0,1.7,2.0
2026/04/16 08:55:00,01862,景瑞控股,JINGRUI HLDGS,,0.016,0.0,0.0,0.016,0.0,0.0,0.0,0,0,0.0,0.0
2026/04/16 08:55:00,01863,中国龙天集团,CHI LONGEVITY,,1.37,0.0,0.0,1.37,0.0,0.0,0.0,0,0,0.0,0.0
2026/04/16 11:18:36,01865,鹏高控股集团,PENGO HLDG GP,,0.44,0.0,0.0,0.44,0.44,0.45,0.43,1608000,703800,0.43,0.44
2026/04/16 13:06:18,01866,中国心连心化肥,CHINA XLX FERT,,11.42,0.24,2.14669,11.18,11.64,11.64,10.9,1773000,19788082,11.42,11.44
2026/04/16 13:00:17,01867,标准发展集团,STD DEV GROUP,,0.232,0.0,0.0,0.232,0.0,0.0,0.0,0,0,0.222,0.227
2026/04/16 13:00:01,01868,同方友友,NEO-NEON,,0.33,0.0,0.0,0.33,0.0,0.0,0.0,0,0,0.32,0.325
2026/04/16 13:00:17,01869,猫屎咖啡控股,KAFELAKU COFFEE,,0.112,0.007,6.66667,0.105,0.112,0.112,0.112,30000,3360,0.103,0.111
2026/04/16 10:45:06,01870,益美国际控股,ACME INTL HLDGS,,0.485,-0.005,-1.02041,0.49,0.49,0.495,0.48,110000,53387,0.48,0.485
2026/04/16 11:56:46,01871,向中国际,CHINA ORIENTED,,0.385,0.035,10.0,0.35,0.35,0.39,0.35,152000,54800,0.345,0.385
2026/04/16 13:04:37,01872,冠轈控股,GUAN CHAO HLDGS,,7.31,-0.44,-5.67742,7.75,7.64,7.85,7.2,1030000,7628150,7.24,7.32
2026/04/16 13:01:28,01873,维亚生物,VIVA BIOTECH,,1.92,-0.04,-2.04082,1.96,1.97,1.98,1.92,1856000,3601770,1.91,1.92
2026/04/16 13:06:09,01875,东曜药业－Ｂ,BIODLINK-B,,4.91,-0.02,-0.40568,4.93,4.93,4.93,4.81,503600,2443000,4.88,4.89
2026/04/16 13:06:50,01876,百威亚太,BUD APAC,,7.46,-0.07,-0.92962,7.53,7.53,7.54,7.41,6295600,46989927,7.45,7.46
2026/04/16 13:06:50,01877,君实生物,JUNSHI BIO,,27.26,-0.24,-0.87273,27.5,27.6,27.98,27.02,2586800,71394729,27.24,27.34
2026/04/16 13:00:30,01878,南戈壁,SOUTHGOBI,,2.14,0.09,4.39024,2.05,2.05,2.14,2.05,262300,544477,2.09,2.13
2026/04/16 13:06:33,01880,中国中免,CTG DUTY-FREE,,66.35,0.65,0.98935,65.7,66.4,67.0,65.8,411600,27334815,66.35,66.4
2026/04/16 13:06:26,01882,海天国际,HAITIAN INT'L,,21.58,-0.12,-0.553,21.7,21.76,21.96,21.52,733000,15897530,21.58,21.6
2026/04/16 13:05:44,01883,中信国际电讯,CITIC TELECOM,,2.78,0.0,0.0,2.78,2.78,2.8,2.76,646000,1792433,2.77,2.78
2026/04/16 13:00:30,01884,ＥＰＲＩＮＴ集团,EPRINT GROUP,,0.109,0.0,0.0,0.109,0.0,0.0,0.0,0,0,0.097,0.108
2026/04/16 13:06:48,01888,建滔积层板,KB LAMINATES,,26.36,0.58,2.24981,25.78,25.84,26.88,25.04,17025675,443955394,26.34,26.36
2026/04/16 11:47:32,01889,三爱健康集团,SANAI HEALTH GP,,0.32,0.0,0.0,0.32,0.32,0.32,0.32,15000,4800,0.3,0.31
2026/04/16 11:41:47,01890,中国科培,CHINA KEPEI,,1.24,0.03,2.47934,1.21,1.22,1.24,1.22,900000,1101100,1.22,1.24
2026/04/16 11:54:04,01891,兴合控股,HENG HUP,,0.139,0.0,0.0,0.139,0.139,0.139,0.139,64000,8896,0.138,0.139
2026/04/16 11:59:26,01894,恒益控股,HANG YICK HLDGS,,0.28,-0.005,-1.75439,0.285,0.275,0.285,0.275,1302500,363625,0.28,0.285
2026/04/16 11:25:31,01895,鑫苑服务,XINYUAN PM,,0.455,0.0,0.0,0.455,0.45,0.455,0.45,114000,51810,0.45,0.46
2026/04/16 13:04:19,01896,猫眼娱乐,MAOYAN ENT,,5.9,0.04,0.68259,5.86,5.86,5.93,5.86,1710200,10105464,5.9,5.91
2026/04/16 13:00:20,01897,美亨实业,MILLIONHOPE IND,,0.48,0.0,0.0,0.48,0.0,0.0,0.0,0,0,0.46,0.53
2026/04/16 13:06:26,01898,中煤能源,CHINA COAL,,13.54,0.01,0.07391,13.53,13.54,13.66,13.39,6837200,92574664,13.53,13.54
2026/04/16 13:00:50,01899,兴达国际,XINGDA INT'L,,1.24,0.02,1.63934,1.22,1.21,1.24,1.21,52000,63820,1.22,1.25
2026/04/16 13:00:01,01900,中国智能交通,CHINA ITS,,0.23,-0.02,-8.0,0.25,0.241,0.241,0.222,389000,90310,0.235,0.246
2026/04/16 09:56:07,01901,飞扬集团,FEIYANG GROUP,,0.305,-0.005,-1.6129,0.31,0.3,0.31,0.3,130000,39170,0.3,0.31
2026/04/16 13:02:08,01903,JBB BUILDERS,JBB BUILDERS,,2.28,-0.02,-0.86957,2.3,2.3,2.3,2.28,18000,41080,2.26,2.3
2026/04/16 13:00:39,01905,海通恒信,HAITONG UT,,0.82,-0.01,-1.20482,0.83,0.83,0.83,0.82,806000,663320,0.82,0.83
2026/04/16 13:04:42,01906,博尼控股,BONNY HLDG,,0.55,0.02,3.77359,0.53,0.53,0.55,0.53,2315000,1241450,0.55,0.56
2026/04/16 13:06:39,01907,中国旭阳集团,CHINA RISUN GP,,3.09,-0.02,-0.64309,3.11,3.07,3.11,3.06,4838000,14937700,3.09,3.1
2026/04/16 13:05:44,01908,建发国际集团,C&D INTL GROUP,,14.21,0.01,0.07042,14.2,14.2,14.36,14.07,1573546,22336976,14.2,14.21
2026/04/16 13:00:01,01909,火岩控股,FIRE ROCK,,1.98,-0.01,-0.50251,1.99,1.98,1.98,1.98,12000,23760,1.93,1.99
2026/04/16 13:05:42,01910,新秀丽,SAMSONITE,,15.65,0.47,3.09618,15.18,15.18,15.68,15.12,8368500,129182744,15.6,15.63
2026/04/16 13:05:12,01911,华兴资本控股,CR HOLDINGS,,3.59,-0.04,-1.10193,3.63,3.6,3.68,3.51,241500,868735,3.59,3.62
2026/04/16 13:05:34,01912,康特隆,CONTEL,,0.4,0.04,11.11111,0.36,0.38,0.4,0.38,95000,36750,0.385,0.44
2026/04/16 13:06:44,01913,普拉达,PRADA,,37.52,0.54,1.46025,36.98,37.1,38.68,37.06,1066380,39782781,37.5,37.54
2026/04/16 08:55:00,01915,泰和小贷,TAIHE M-FIN,,0.265,0.0,0.0,0.265,0.0,0.0,0.0,0,0,0.0,0.0
2026/04/16 09:00:15,01916,江西银行,JIANGXI BANK,,0.68,0.0,0.0,0.68,0.0,0.0,0.0,0,0,0.68,0.7
2026/04/16 11:20:18,01917,豆盟科技,DOUMOB,,0.11,0.001,0.91743,0.109,0.11,0.11,0.11,40000,4400,0.102,0.109
2026/04/16 13:06:47,01918,融创中国,SUNAC,,1.05,-0.01,-0.9434,1.06,1.07,1.07,1.05,66168000,69729255,1.05,1.06
2026/04/16 13:06:44,01919,中远海控,COSCO SHIP HOLD,,14.95,-0.19,-1.25495,15.14,15.15,15.25,14.94,5908200,88985473,14.94,14.95
2026/04/16 13:00:00,01920,中国网成,CHINA WACAN,,1.07,0.01,0.9434,1.06,1.08,1.08,1.05,545000,577150,1.05,1.07
2026/04/16 13:04:27,01921,达力普控股,DALIPAL HLDG,,6.02,0.03,0.50084,5.99,6.25,6.25,5.92,3176000,19023240,6.0,6.07
2026/04/16 09:43:18,01925,旷世芳香,KWUNGS AROMA,,1.23,0.0,0.0,1.23,1.23,1.23,1.23,20000,24600,1.23,1.25
2026/04/16 11:03:43,01927,久久王,JIUJIUWANG,,0.145,0.0,0.0,0.145,0.144,0.145,0.144,25000,3620,0.145,0.147
2026/04/16 13:06:44,01928,金沙中国有限公司,SANDS CHINA LTD,,17.38,0.23,1.34111,17.15,17.2,17.5,17.2,3784144,65688785,17.38,17.4
2026/04/16 13:06:50,01929,周大福,CHOW TAI FOOK,,11.36,0.0,0.0,11.36,11.36,11.48,11.25,7350596,83621501,11.36,11.37
2026/04/16 11:32:25,01930,勋龙,SHINELONG,,0.395,0.0,0.0,0.395,0.38,0.395,0.375,68000,26160,0.38,0.395
2026/04/16 13:00:02,01931,华检医疗,ETHK LABS INC.,,1.06,0.01,0.95238,1.05,1.05,1.06,1.03,287000,300620,1.05,1.07
2026/04/16 08:55:00,01932,中漆集团,CPM GROUP,,0.249,0.0,0.0,0.249,0.0,0.0,0.0,0,0,0.0,0.0
2026/04/16 13:00:21,01933,元力控股,ONEFORCE HLDGS,,0.215,0.0,0.0,0.215,0.0,0.0,0.0,0,0,0.214,0.224
2026/04/16 13:00:16,01935,嘉宏教育,JH EDUCATION,,1.24,0.0,0.0,1.24,0.0,0.0,0.0,0,0,1.12,1.21
2026/04/16 10:31:37,01936,利特米,RITAMIX,,0.82,0.04,5.12821,0.78,0.82,0.82,0.82,6000,4920,0.77,0.82
2026/04/16 13:00:16,01937,佳辰控股,JIACHEN HOLDING,,0.147,0.0,0.0,0.147,0.147,0.147,0.147,5000,735,0.146,0.164
2026/04/16 11:30:06,01938,珠江钢管,CHU KONG PIPE,,0.325,0.01,3.1746,0.315,0.315,0.33,0.315,420000,136685,0.325,0.33
2026/04/16 13:06:48,01939,上善黄金,SHANGSHAN GOLD,,0.5,0.04,8.69565,0.46,0.46,0.5,0.45,1450000,701240,0.5,0.52
2026/04/16 13:00:09,01940,CGII HLDGS,CGII HLDGS,,1.3,0.0,0.0,1.3,1.28,1.3,1.26,204000,261180,1.28,1.3
2026/04/16 13:00:31,01941,烨星集团,YE XING GROUP,,0.3,0.005,1.69492,0.295,0.295,0.3,0.295,176000,51990,0.29,0.3
2026/04/16 13:06:42,01942,马可数字科技,MOG DIGITECH,,0.214,-0.004,-1.83486,0.218,0.218,0.219,0.212,1238000,266206,0.214,0.215
2026/04/16 11:11:29,01943,金石控股集团,KING'S STONE,,0.62,-0.01,-1.5873,0.63,0.62,0.63,0.62,1025000,643650,0.62,0.63
2026/04/16 13:00:14,01945,清科控股,ZERO2IPO,,1.58,0.01,0.63694,1.57,1.56,1.62,1.49,209600,319016,1.52,1.57
2026/04/16 13:00:04,01947,美皓集团,MEIHAO GROUP,,0.37,0.0,0.0,0.37,0.0,0.0,0.0,0,0,0.35,0.385
2026/04/16 13:00:11,01948,优矩控股,UJU HOLDING,,3.68,0.13,3.66197,3.55,4.5,4.7,3.55,28000,106290,3.79,4.43
2026/04/16 13:00:04,01949,佰达国际控股,PLATT NERA,,0.8,0.0,0.0,0.8,0.0,0.0,0.0,0,0,0.71,0.81
2026/04/16 13:03:42,01950,帝王实业控股,DIWANG IND H,,0.138,-0.009,-6.12245,0.147,0.136,0.141,0.133,1016000,136788,0.137,0.138
2026/04/16 13:03:56,01951,锦欣生殖,JXR,,2.41,0.01,0.41667,2.4,2.4,2.44,2.38,7742000,18646701,2.41,2.42
2026/04/16 13:06:41,01952,云顶新耀,EVEREST MED,,39.38,-1.0,-2.47647,40.38,40.4,40.4,39.32,1738000,68816060,39.34,39.38
2026/04/16 08:55:00,01953,RIMBACO,RIMBACO,,0.65,0.0,0.0,0.65,0.0,0.0,0.0,0,0,0.0,0.0
2026/04/16 13:00:06,01955,庄臣控股,JOHNSON HLDGS,,0.51,0.0,0.0,0.51,0.51,0.51,0.51,4000,2040,0.51,0.52
2026/04/16 13:00:03,01957,大人国际,MBV INTL,,0.222,-0.008,-3.47826,0.23,0.223,0.223,0.222,105000,23402,0.22,0.222
2026/04/16 13:02:34,01958,北京汽车,BAIC MOTOR,,1.54,0.0,0.0,1.54,1.54,1.55,1.53,804500,1237275,1.53,1.54
2026/04/16 13:04:41,01959,中聚投资,ZHONG JU INVEST,,4.35,0.05,1.16279,4.3,4.35,4.5,4.3,120000,531360,4.35,4.4
2026/04/16 11:55:53,01960,TBKS HLDGS,TBKS HLDGS,,0.405,0.0,0.0,0.405,0.0,0.0,0.0,0,0,0.4,0.42
2026/04/16 08:55:00,01961,多牛科技,INFINITIES TECH,,0.099,0.0,0.0,0.099,0.0,0.0,0.0,0,0,0.0,0.0
2026/04/16 11:47:07,01962,训修实业,EVERGREEN PG,,0.455,-0.015,-3.19149,0.47,0.455,0.455,0.455,22000,10010,0.455,0.465
2026/04/16 13:06:27,01963,重庆银行,BCQ,,8.16,-0.05,-0.60901,8.21,8.23,8.23,8.13,451000,3681605,8.14,8.16
2026/04/16 13:00:17,01965,朗诗绿色生活,LANDSEA LIFE,,0.137,0.0,0.0,0.137,0.0,0.0,0.0,0,0,0.126,0.135
2026/04/16 11:39:50,01966,中骏集团控股,CHINA SCE GROUP,,0.063,-0.001,-1.5625,0.064,0.062,0.063,0.062,1199000,75037,0.062,0.063
2026/04/16 13:00:00,01967,信恳智能,CONFIDENCE IN,,0.39,0.0,0.0,0.39,0.0,0.0,0.0,3200,1231,0.38,0.385
2026/04/16 09:30:06,01968,兴纺控股,HINGTEX HLDGS,,0.169,0.0,0.0,0.169,0.0,0.0,0.0,0,0,0.17,0.179
2026/04/16 13:05:21,01969,中国春来,CHINA CHUNLAI,,1.38,-0.01,-0.71942,1.39,1.43,1.43,1.38,531000,745820,1.38,1.4
2026/04/16 13:02:50,01970,IMAX CHINA,IMAX CHINA,,7.8,-0.05,-0.63694,7.85,7.9,8.2,7.8,28500,224339,7.52,7.74
2026/04/16 09:30:04,01971,弘阳服务,RSUN SER,,0.38,0.0,0.0,0.38,0.0,0.0,0.0,0,0,0.34,0.38
2026/04/16 13:06:56,01972,太古地产,SWIREPROPERTIES,,24.62,-0.12,-0.48504,24.74,24.38,24.88,24.38,488430,12059435,24.58,24.62
2026/04/16 13:00:28,01973,天图投资,TIAN TU CAPITAL,,2.6,0.0,0.0,2.6,0.0,0.0,0.0,0,0,2.31,2.6
2026/04/16 10:49:05,01975,新兴印刷,SUN HING PRINT,,0.39,0.005,1.2987,0.385,0.39,0.39,0.39,16000,6240,0.39,0.4
2026/04/16 11:09:26,01977,安乐工程,ANALOGUE HLDGS,,1.0,0.0,0.0,1.0,0.0,0.0,0.0,0,0,0.99,1.02
2026/04/16 09:04:36,01978,叙福楼集团,LH GROUP,,0.32,0.0,0.0,0.32,0.0,0.0,0.0,0,0,0.32,0.34
2026/04/16 10:00:54,01979,天宝集团,TEN PAO GROUP,,2.46,0.01,0.40816,2.45,2.48,2.48,2.46,48000,118360,2.44,2.47
2026/04/16 11:01:02,01980,天鸽互动,TIANGE,,0.71,0.0,0.0,0.71,0.0,0.0,0.0,14000,9800,0.7,0.71
2026/04/16 11:35:28,01981,华夏控股,CATHAY GP HLDGS,,0.82,-0.02,-2.38095,0.84,0.83,0.83,0.82,74000,61380,0.82,0.84
2026/04/16 11:42:55,01982,南旋控股,NAMESON HLDGS,,1.02,0.0,0.0,1.02,0.0,0.0,0.0,0,0,1.03,1.04
2026/04/16 13:00:19,01983,泸州银行,LUZHOU BANK,,2.32,0.0,0.0,2.32,0.0,0.0,0.0,0,0,2.25,2.45
2026/04/16 13:03:00,01985,美高域,MICROWARE,,1.32,0.02,1.53846,1.3,1.32,1.32,1.32,12000,15840,1.31,1.34
2026/04/16 13:00:06,01986,彩客新能源,TSAKER NE,,0.8,0.0,0.0,0.8,0.81,0.81,0.8,280000,226010,0.8,0.81
2026/04/16 11:59:34,01987,BENG SOON MACH,BENG SOON MACH,,0.21,0.0,0.0,0.21,0.21,0.21,0.21,40000,8580,0.21,0.215
2026/04/16 13:07:03,01988,民生银行,MINSHENG BANK,,3.65,-0.01,-0.27322,3.66,3.66,3.66,3.62,8399004,30530994,3.64,3.65
2026/04/16 13:07:05,01989,广合科技,DELTON,,135.6,7.3,5.68979,128.3,128.2,138.0,128.0,1096482,145255181,135.0,135.60001
2026/04/16 08:55:00,01991,大洋集团,TA YANG GROUP,,0.58,0.0,0.0,0.58,0.0,0.0,0.0,0,0,0.0,0.0
2026/04/16 09:48:59,01993,雅仕维,ASIARAY,,0.65,0.07,12.06897,0.58,0.65,0.65,0.65,500,325,0.55,0.65
2026/04/16 13:06:56,01995,永升服务,ES SERVICES,,1.92,-0.01,-0.51814,1.93,1.93,1.93,1.9,908000,1730020,1.9,1.91
2026/04/16 09:30:26,01996,弘阳地产,RSUN PPT,,0.024,0.0,0.0,0.024,0.0,0.0,0.0,0,0,0.023,0.027
2026/04/16 13:07:01,01997,九龙仓置业,WHARF REIC,,24.04,0.12,0.50167,23.92,23.74,24.12,23.66,2348677,56342662,24.02,24.04
2026/04/16 13:07:04,01999,敏华控股,MAN WAH HLDGS,,4.21,-0.03,-0.70755,4.24,4.28,4.3,4.2,5761200,24347320,4.21,4.22
2026/04/16 11:53:02,02000,晨讯科技,SIM TECH,,0.275,-0.015,-5.17241,0.29,0.28,0.28,0.27,82000,22600,0.275,0.285
2026/04/16 13:05:13,02001,新高教集团,NEW HIGHER EDU,,0.74,0.0,0.0,0.74,0.74,0.75,0.73,2079209,1534324,0.73,0.74
2026/04/16 13:05:05,02002,阳光纸业,SUNSHINE PAPER,,1.05,0.0,0.0,1.05,1.06,1.06,1.05,22000,23300,1.05,1.1
2026/04/16 13:00:05,02003,维信金科,VCREDIT,,1.27,0.05,4.09836,1.22,1.25,1.27,1.23,118000,146934,1.22,1.27
2026/04/16 13:06:26,02005,石四药集团,SSY GROUP,,2.51,0.0,0.0,2.51,2.5,2.51,2.48,1784000,4453210,2.49,2.51
2026/04/16 13:06:52,02007,碧桂园,COUNTRY GARDEN,,0.295,0.0,0.0,0.295,0.295,0.3,0.29,81206869,23900219,0.29,0.295
2026/04/16 10:53:50,02008,凤凰卫视,PHOENIX TV,,1.72,-0.07,-3.91062,1.79,1.73,1.73,1.71,61000,104940,1.72,1.77
2026/04/16 11:58:28,02009,金隅集团,BBMG,,0.78,-0.01,-1.26582,0.79,0.79,0.79,0.78,4416000,3447350,0.78,0.79
2026/04/16 13:06:34,02011,进腾集团,GILSTON GROUP,,1.2,0.0,0.0,1.2,0.0,0.0,0.0,0,0,1.12,1.36
2026/04/16 11:53:09,02012,阳光油砂,SUNSHINE OIL,,0.36,0.015,4.34783,0.345,0.35,0.36,0.35,2502400,889008,0.355,0.36
2026/04/16 13:07:06,02013,微盟集团,WEIMOB INC,,1.59,0.04,2.58065,1.55,1.57,1.6,1.55,28860500,45777947,1.59,1.6
2026/04/16 13:07:04,02015,理想汽车－Ｗ,LI AUTO-W,,71.3,0.4,0.56418,70.9,70.95,72.15,70.95,3801735,272217428,71.25,71.35
2026/04/16 13:05:00,02016,浙商银行,CZBANK,,2.43,0.0,0.0,2.43,2.43,2.44,2.42,2080000,5061232,2.43,2.44
2026/04/16 13:02:48,02017,沧海控股,CHANHIGH,,0.209,0.0,0.0,0.209,0.209,0.209,0.208,120000,25048,0.197,0.209
2026/04/16 13:06:26,02018,瑞声科技,AAC TECH,,36.3,0.26,0.72142,36.04,36.1,36.48,36.02,1050548,38066906,36.28,36.3
2026/04/16 13:07:01,02020,安踏体育,ANTA SPORTS,,84.25,0.5,0.59702,83.75,84.9,84.9,83.85,3152090,265583381,84.25,84.3
2026/04/16 10:05:46,02022,游莱互动,DIGIT HOLLYWOOD,,0.048,0.0,0.0,0.048,0.0,0.0,0.0,0,0,0.045,0.049
2026/04/16 11:23:41,02023,中国绿岛科技,CHINA LUDAO,,0.73,-0.01,-1.35135,0.74,0.72,0.74,0.69,156000,111120,0.7,0.73
2026/04/16 13:06:02,02025,瑞丰动力,RUIFENG POWER,,10.99,0.15,1.38376,10.84,11.09,11.09,10.92,206000,2272180,0.0,11.0
2026/04/16 13:05:24,02026,小马智行－Ｗ,PONY-W,,87.9,7.85,9.80637,80.05,85.05,88.65,85.05,449200,39091800,87.75,87.9
2026/04/16 13:05:06,02028,映美控股,JOLIMARK,,0.119,0.0,0.0,0.119,0.0,0.0,0.0,0,0,0.12,0.135
2026/04/16 13:00:30,02030,卡宾,CABBEEN,,1.31,0.0,0.0,1.31,1.32,1.32,1.31,24000,31660,1.31,1.32
2026/04/16 11:11:51,02031,澳至尊,AUSUPREME,,0.34,-0.015,-4.22535,0.355,0.345,0.345,0.335,290000,97550,0.335,0.345
2026/04/16 11:50:05,02033,时计宝,TIME WATCH,,0.29,0.0,0.0,0.29,0.0,0.0,0.0,0,0,0.285,0.3
2026/04/16 13:06:29,02038,富智康集团,FIH,,21.2,0.08,0.37879,21.12,21.36,21.5,20.88,219912,4659573,21.1,21.18
2026/04/16 13:07:20,02039,中集集团,CIMC,,10.81,-0.05,-0.46041,10.86,10.84,11.05,10.74,699000,7578848,10.81,10.82
2026/04/16 10:59:13,02048,易居企业控股,E-HOUSE ENT,,0.063,0.0,0.0,0.063,0.0,0.0,0.0,0,0,0.058,0.063
2026/04/16 13:07:20,02050,三花智控,SANHUA,,31.42,0.38,1.22423,31.04,31.72,32.74,31.4,8115744,258359256,31.4,31.42
2026/04/16 11:33:25,02051,VALA,VALA,,0.66,0.01,1.53846,0.65,0.66,0.66,0.65,1050000,685000,0.64,0.66
2026/04/16 13:07:23,02057,中通快递－Ｗ,ZTO EXPRESS-W,,198.4,-1.0,-0.50151,199.4,200.2,204.8,197.6,724281,144328514,198.3,198.39999
2026/04/16 13:07:24,02068,中铝国际,CHALIECO,,2.65,0.0,0.0,2.65,2.67,2.67,2.64,4963000,13178920,2.64,2.65
2026/04/16 13:07:19,02076,ＢＯＳＳ直聘－Ｗ,BOSS ZHIPIN-W,,55.8,3.4,6.48855,52.4,54.7,55.8,54.65,131336,7243086,55.55,55.8
2026/04/16 13:00:21,02078,荣阳实业,PANASIALUM,,0.129,-0.001,-0.76923,0.13,0.115,0.129,0.115,12000,1408,0.115,0.129
2026/04/16 11:21:30,02080,奥克斯国际,AUX INTL,,0.255,0.0,0.0,0.255,0.25,0.255,0.25,42000,10510,0.25,0.255
2026/04/16 13:00:14,02086,高维科技,LEADWAY TECH,,0.405,0.0,0.0,0.405,0.0,0.0,0.0,0,0,0.3,0.475
2026/04/16 08:55:00,02088,西王置业,XIWANG PROPERTY,,0.038,0.0,0.0,0.038,0.0,0.0,0.0,0,0,0.0,0.0
2026/04/16 13:07:24,02096,先声药业,SIMCERE PHARMA,,13.69,-0.28,-2.0043,13.97,13.98,13.98,13.64,2478000,34152036,13.68,13.74
2026/04/16 13:07:23,02097,蜜雪集团,MIXUE GROUP,,293.6,5.8,2.01529,287.8,292.0,293.6,286.4,215150,62360389,293.20001,293.79999
2026/04/16 11:36:35,02098,卓尔智联,ZALL SMARTCOM,,0.1,-0.001,-0.9901,0.101,0.1,0.1,0.1,299000,29900,0.1,0.102
2026/04/16 13:07:20,02099,中国黄金国际,CHINAGOLDINTL,,191.0,3.0,1.59575,188.0,188.0,191.7,186.6,516645,97678637,190.89999,191.0
2026/04/16 13:00:03,02100,百奥家庭互动,BAIOO,,0.51,0.0,0.0,0.51,0.51,0.52,0.5,4358000,2233540,0.51,0.52
2026/04/16 13:07:20,02101,福禄控股,FULU HOLDINGS,,1.15,-0.03,-2.54237,1.18,1.18,1.18,1.15,1500,1755,1.15,1.26
2026/04/16 11:50:36,02102,德利机械,TAK LEE MACH,,0.295,0.0,0.0,0.295,0.295,0.295,0.295,60000,17700,0.295,0.3
2026/04/16 13:07:11,02105,来凯医药－Ｂ,LAEKNA-B,,17.61,0.11,0.62857,17.5,17.85,18.26,17.22,1597000,28418617,17.55,17.65
2026/04/16 13:03:24,02107,第一服务控股,FIRST SERVICE,,0.177,-0.009,-4.83871,0.186,0.184,0.184,0.165,277500,47930,0.167,0.178
2026/04/16 11:51:17,02108,K2 F&B,K2 F&B,,0.42,-0.005,-1.17647,0.425,0.425,0.47,0.42,260000,116500,0.42,0.465
2026/04/16 13:07:12,02110,天成控股,TIAN CHENG HLDG,,0.149,0.044,41.90476,0.105,0.12,0.185,0.12,89849000,14436794,0.149,0.15
2026/04/16 13:03:40,02111,超盈国际控股,BEST PACIFIC,,2.88,0.0,0.0,2.88,2.89,2.89,2.85,98000,280260,2.86,2.87
2026/04/16 11:56:48,02112,恩典生命科技,GRACE LIFE-TECH,,0.078,-0.005,-6.0241,0.083,0.078,0.083,0.077,2108000,165062,0.079,0.082
2026/04/16 10:09:36,02113,世纪集团国际,CENTURY GP INTL,,0.063,0.0,0.0,0.063,0.0,0.0,0.0,0,0,0.058,0.069
2026/04/16 11:42:42,02116,江苏创新,JS INNOV,,0.66,-0.03,-4.34783,0.69,0.69,0.69,0.66,78000,52020,0.68,0.69
2026/04/16 09:00:38,02119,捷荣国际控股,TSIT WING INTL,,0.49,0.0,0.0,0.49,0.0,0.0,0.0,0,0,0.49,0.5
2026/04/16 13:00:26,02120,康宁医院,KN HOSPITAL,,9.0,0.0,0.0,9.0,9.0,9.0,9.0,100,900,9.0,9.29
2026/04/16 13:07:01,02121,创新奇智,AINNOVATION,,4.81,-0.06,-1.23203,4.87,5.05,5.05,4.78,1022000,4934257,4.82,4.83
2026/04/16 13:00:09,02122,凯知乐国际,KIDSLAND INTL,,0.14,-0.005,-3.44828,0.145,0.145,0.154,0.139,1022000,145904,0.14,0.146
2026/04/16 10:54:09,02125,稻草熊娱乐,STRAWBEAR ENT,,0.35,0.0,0.0,0.35,0.35,0.35,0.345,698000,244135,0.345,0.35
2026/04/16 13:03:44,02126,药明巨诺－Ｂ,JW THERAP-B,,2.45,0.08,3.37553,2.37,2.37,2.5,2.3,1657500,4044895,2.42,2.45
2026/04/16 08:55:00,02127,汇森股份,HUISEN SHARES,,0.02,0.0,0.0,0.02,0.0,0.0,0.0,0,0,0.0,0.0
2026/04/16 13:06:56,02128,中国联塑,CHINA LESSO,,4.77,-0.05,-1.03734,4.82,4.76,4.86,4.73,6644000,31685320,4.77,4.78
2026/04/16 11:59:25,02129,LEGION CONSO,LEGION CONSO,,0.152,-0.009,-5.59006,0.161,0.153,0.155,0.152,425000,65085,0.151,0.158
2026/04/16 13:06:41,02130,嘉泓物流,CN LOGISTICS,,3.27,0.04,1.23839,3.23,3.27,3.27,3.23,13000,42610,3.24,3.32
2026/04/16 08:55:00,02131,云想科技,NETJOY,,0.455,0.0,0.0,0.455,0.0,0.0,0.0,0,0,0.0,0.0
2026/04/16 10:22:12,02132,誉燊丰控股,LANDRICH HLDG,,0.137,0.0,0.0,0.137,0.0,0.0,0.0,0,0,0.137,0.149
2026/04/16 11:17:31,02135,瑞丽医美,RAILY AESMED,,0.145,-0.002,-1.36054,0.147,0.145,0.145,0.145,22000,3170,0.14,0.147
2026/04/16 13:00:05,02136,利福中国,LIFESTYLE CHI,,0.64,-0.01,-1.53846,0.65,0.65,0.65,0.64,85000,54405,0.64,0.65
2026/04/16 13:07:09,02137,腾盛博药－Ｂ,BRII-B,,1.42,0.0,0.0,1.42,1.42,1.44,1.42,365000,520470,1.42,1.43
2026/04/16 10:47:24,02138,医思健康,EC HEALTHCARE,,0.47,0.0,0.0,0.47,0.475,0.475,0.47,90000,42465,0.47,0.475
2026/04/16 13:03:06,02139,甘肃银行,BANK OF GANSU,,0.325,-0.015,-4.41177,0.34,0.34,0.34,0.325,6816000,2271795,0.325,0.33
2026/04/16 13:06:39,02142,和铂医药－Ｂ,HBM HOLDINGS-B,,14.34,-0.14,-0.96685,14.48,14.52,14.59,14.21,1591000,22892832,14.32,14.34
2026/04/16 13:05:39,02145,上美股份,CHICMAX,,47.58,0.64,1.36344,46.94,47.76,48.0,46.82,366000,17342508,47.44,47.56
2026/04/16 13:00:19,02146,荣万家,ROISERV,,1.18,0.0,0.0,1.18,0.0,0.0,0.0,0,0,1.06,1.27
2026/04/16 10:19:48,02147,正味集团,ZHENGWEI GROUP,,0.6,0.0,0.0,0.6,0.0,0.0,0.0,0,0,0.52,0.6
2026/04/16 13:01:25,02149,贝克微,BATELAB,,34.4,0.0,0.0,34.4,34.4,34.4,34.4,7300,251120,34.4,34.78
2026/04/16 13:06:59,02150,奈雪的茶,NAYUKI,,0.81,0.02,2.53165,0.79,0.79,0.82,0.79,416000,336295,0.81,0.82
2026/04/16 13:01:35,02152,苏新服务,SUXIN SERVICES,,4.72,0.02,0.42553,4.7,4.72,4.72,4.72,10000,47200,4.68,4.72
2026/04/16 13:00:10,02153,达丰设备,TAT HONG EQUIP,,0.94,0.05,5.61798,0.89,0.94,0.94,0.94,4000,3760,0.95,1.0
2026/04/16 13:07:22,02155,森松国际,MORIMATSU INTL,,6.88,-0.04,-0.57804,6.92,7.0,7.02,6.75,2169442,14884786,6.87,6.88
2026/04/16 11:51:46,02156,建发物业,C&D PROPERTY,,2.88,0.03,1.05263,2.85,2.86,2.91,2.81,384000,1109540,2.88,2.91
2026/04/16 13:06:50,02157,乐普生物－Ｂ,LEPU BIO-B,,6.38,0.18,2.90323,6.2,6.2,6.45,6.14,12088000,76121920,6.37,6.38
2026/04/16 13:06:33,02158,医渡科技,YIDU TECH,,5.69,0.07,1.24555,5.62,5.7,5.74,5.62,2934500,16689137,5.68,5.69
2026/04/16 13:00:09,02159,麦迪卫康,MEDIWELCOME,,1.49,-0.01,-0.66667,1.5,1.5,1.5,1.49,112000,166960,1.49,1.58
2026/04/16 13:05:00,02160,微创心通－Ｂ,MP CARDIOFLOW-B,,3.09,0.07,2.31788,3.02,3.02,3.1,2.97,581600,1761230,3.08,3.1
2026/04/16 13:00:17,02161,健倍苗苗,JBM HEALTHCARE,,2.64,0.0,0.0,2.64,2.65,2.65,2.64,27518,72811,2.64,2.65
2026/04/16 13:06:37,02162,康诺亚－Ｂ,KEYMED BIO-B,,79.8,0.5,0.63052,79.3,79.3,81.85,78.05,1407807,113045993,79.8,80.0
2026/04/16 08:55:00,02163,远大住工,BROAD HOMES,,0.6,0.0,0.0,0.6,0.0,0.0,0.0,0,0,0.0,0.0
2026/04/16 11:22:08,02165,领悦服务集团,LING YUE SER GP,,1.74,0.0,0.0,1.74,0.0,0.0,0.0,0,0,1.69,1.74
2026/04/16 11:41:50,02166,芯智控股,SMART-CORE,,2.81,0.0,0.0,2.81,2.77,2.82,2.77,68000,190460,2.78,2.82
2026/04/16 11:26:38,02167,天润云,TI CLOUD,,3.57,0.07,2.0,3.5,3.5,3.57,3.5,1200,4270,3.57,3.62
2026/04/16 11:59:24,02168,佳兆业美好,KAISA PROSPER,,1.07,-0.01,-0.92593,1.08,1.07,1.07,1.07,11250,12037,1.08,1.12
2026/04/16 11:26:25,02169,沧港铁路,CANGGANGRAILWAY,,0.57,-0.01,-1.72414,0.58,0.57,0.59,0.57,166000,96120,0.57,0.58
2026/04/16 13:00:00,02170,贝康医疗－Ｂ,BASECARE-B,,1.95,-0.03,-1.51515,1.98,1.95,1.95,1.95,500,975,1.95,1.98
2026/04/16 13:06:57,02171,科济药业－Ｂ,CARSGEN-B,,23.94,1.94,8.81818,22.0,22.18,24.98,22.0,7209100,171978206,23.92,23.94
2026/04/16 13:05:37,02172,微创脑科学,MICROPORT NEURO,,11.2,0.01,0.08937,11.19,11.16,11.21,11.04,1080000,12004100,11.16,11.19
2026/04/16 13:00:21,02175,中国通才教育,CH GENERAL EDU,,3.22,-0.08,-2.42424,3.3,3.47,3.47,3.02,220000,719700,3.11,3.21
2026/04/16 11:03:56,02176,赛迪顾问,CCID CONSULTING,,0.97,0.0,0.0,0.97,0.97,0.97,0.97,20000,19400,0.96,0.98
2026/04/16 11:43:07,02177,优趣汇控股,UNQ HOLDINGS,,2.68,0.13,5.09804,2.55,2.68,2.68,2.68,12800,34304,2.6,2.65
2026/04/16 13:04:24,02178,百勤油服,PETRO-KING,,0.231,-0.003,-1.28205,0.234,0.235,0.235,0.228,1519000,349527,0.23,0.231
2026/04/16 09:30:05,02179,瑞科生物－Ｂ,RECBIO-B,,5.11,0.0,0.0,5.11,0.0,0.0,0.0,0,0,0.0,5.18
2026/04/16 13:02:32,02180,万宝盛华,MANPOWER GRC,,5.6,0.05,0.9009,5.55,5.59,5.65,5.59,11500,64495,5.58,5.74
2026/04/16 09:45:16,02181,迈博药业－Ｂ,MABPHARM-B,,0.435,0.0,0.0,0.435,0.435,0.435,0.435,20000,8610,0.435,0.445
2026/04/16 13:00:26,02182,天长集团,TIAN CHANG GP,,0.32,0.0,0.0,0.32,0.0,0.0,0.0,0,0,0.325,0.365
2026/04/16 11:58:53,02185,百心安－Ｂ,BIOHEART-B,,4.57,0.36,8.55107,4.21,4.4,4.61,4.36,295600,1324186,4.57,4.59
2026/04/16 13:05:58,02186,绿叶制药,LUYE PHARMA,,2.95,-0.08,-2.64026,3.03,3.04,3.04,2.93,17627500,52214162,2.94,2.95
2026/04/16 11:25:42,02187,智欣集团控股,ZHIXIN GP HLDG,,0.85,0.01,1.19048,0.84,0.87,0.87,0.85,6000,5160,0.84,0.85
2026/04/16 11:22:29,02188,泰坦能源技术,TITANS ENERGY,,0.13,0.001,0.77519,0.129,0.13,0.13,0.13,32000,4160,0.126,0.13
2026/04/16 10:03:49,02189,嘉涛（香港）控股,KATO (HK) HLDGS,,0.48,0.0,0.0,0.48,0.48,0.48,0.465,102993,49316,0.465,0.48
2026/04/16 13:06:44,02190,归创通桥,ZYLOXTB,,23.6,-0.6,-2.47934,24.2,24.16,24.3,23.56,264000,6278810,23.58,23.72
2026/04/16 13:06:31,02192,医脉通,MEDLIVE,,9.15,0.13,1.44124,9.02,9.1,9.3,9.02,1546500,14255530,9.16,9.23
2026/04/16 11:48:49,02193,万景控股,MAN KING HOLD,,0.34,0.0,0.0,0.34,0.32,0.34,0.32,120000,39420,0.325,0.345
2026/04/16 11:10:18,02195,盈汇企业控股,UNITY ENT,,0.335,-0.025,-6.94444,0.36,0.35,0.35,0.315,411400,135560,0.315,0.335
2026/04/16 13:06:47,02196,复星医药,FOSUN PHARMA,,20.26,-0.44,-2.1256,20.7,20.7,20.76,20.22,1704538,34730974,20.26,20.28
2026/04/16 13:05:09,02197,三叶草生物－Ｂ,CLOVER BIO-B,,2.95,-0.15,-4.83871,3.1,3.1,3.1,2.95,3078000,9197675,2.95,2.96
2026/04/16 13:06:53,02198,中国三江化工,CHINA SANJIANG,,5.08,-0.1,-1.9305,5.18,5.18,5.2,5.02,4670000,23813810,5.05,5.08
2026/04/16 13:06:00,02199,维珍妮,REGINA MIRACLE,,1.98,-0.02,-1.0,2.0,2.0,2.0,1.98,114000,227490,1.97,2.0
2026/04/16 13:06:49,02202,万科企业,CHINA VANKE,,3.02,0.02,0.66667,3.0,3.01,3.05,3.0,4896700,14804123,3.02,3.03
2026/04/16 11:59:33,02203,脑洞科技,BRAINHOLE TECH,,0.167,0.004,2.45399,0.163,0.166,0.167,0.166,170000,28370,0.17,0.175
2026/04/16 13:03:32,02205,康桥悦生活,KANGQIAO SER,,1.17,0.0,0.0,1.17,0.0,0.0,0.0,0,0,1.01,1.17
2026/04/16 13:07:02,02208,金风科技,GOLDWIND,,15.01,0.04,0.2672,14.97,15.2,15.4,14.93,15379410,232425776,15.0,15.04
2026/04/16 13:05:15,02209,喆丽控股,YESASIA HLDGS,,3.42,-0.11,-3.11615,3.53,3.53,3.53,3.37,188000,649750,3.42,3.45
2026/04/16 10:36:07,02210,京城佳业,BEIJING JIAYE,,2.52,0.14,5.88235,2.38,2.49,2.52,2.49,268400,690016,2.39,2.52
2026/04/16 13:05:19,02211,大健康国际,UNI HEALTH,,0.56,0.02,3.7037,0.54,0.54,0.56,0.54,65000,36000,0.55,0.56
2026/04/16 13:00:13,02212,高鹏矿业,FB MINING,,0.16,0.0,0.0,0.16,0.0,0.0,0.0,0,0,0.148,0.175
2026/04/16 09:12:46,02215,德信服务集团,DEXIN SER GROUP,,0.28,0.0,0.0,0.28,0.0,0.0,0.0,0,0,0.26,0.285
2026/04/16 11:58:10,02216,堃博医疗－Ｂ,BRONCUS-B,,1.42,0.05,3.64964,1.37,1.36,1.42,1.36,1000,1390,1.36,1.4
2026/04/16 13:07:02,02218,安德利果汁,ANDRE JUICE,,16.36,0.63,4.00509,15.73,15.73,16.38,15.73,859500,13901225,16.32,16.36
2026/04/16 13:04:32,02219,朝聚眼科,CHAOJU EYE CARE,,2.83,-0.02,-0.70175,2.85,2.84,2.85,2.82,87500,247990,2.83,2.85
2026/04/16 11:48:32,02221,创业集团控股,NEW CONCEPTS,,0.95,0.0,0.0,0.95,0.95,0.95,0.95,13200,12492,0.94,0.95
2026/04/16 10:07:50,02222,雷士国际,NVC INTL,,0.65,0.0,0.0,0.65,0.0,0.0,0.0,0,0,0.64,0.67
2026/04/16 13:00:03,02223,卡撒天娇,CASABLANCA,,0.95,-0.03,-3.06122,0.98,0.97,0.97,0.95,28000,26800,0.95,0.97
2026/04/16 13:03:07,02225,今海医疗科技,JINHAI MED TECH,,3.22,0.39,13.78092,2.83,2.84,3.29,2.84,7750000,24440925,3.2,3.22
2026/04/16 09:30:10,02226,老恒和酿造,HONWORLD GP,,0.42,0.0,0.0,0.42,0.0,0.0,0.0,0,0,0.4,0.42
2026/04/16 13:00:03,02227,守益控股,SOLIS HOLDINGS,,0.31,0.0,0.0,0.31,0.0,0.0,0.0,0,0,0.29,0.305
2026/04/16 13:07:01,02228,晶泰控股,XTALPI,,10.27,0.14,1.38203,10.13,10.26,10.37,10.08,29036070,297159256,10.27,10.28
2026/04/16 11:58:45,02230,羚邦集团,MEDIALINK GROUP,,0.233,0.003,1.30435,0.23,0.23,0.235,0.23,430000,99940,0.233,0.235
2026/04/16 11:24:41,02231,景业名邦集团,JY GRANDMARK,,0.038,0.001,2.7027,0.037,0.037,0.038,0.037,532000,19966,0.037,0.038
2026/04/16 13:06:08,02232,晶苑国际,CRYSTAL INTL,,6.27,0.06,0.96618,6.21,6.21,6.33,6.2,317500,1991449,6.26,6.3
2026/04/16 13:07:01,02233,西部水泥,WESTCHINACEMENT,,2.46,-0.03,-1.20482,2.49,2.49,2.52,2.45,13498000,33399600,2.45,2.46
2026/04/16 13:01:27,02235,微泰医疗－Ｂ,MICROTECH MED-B,,7.48,0.05,0.67295,7.43,7.53,7.59,7.38,59700,446634,7.43,7.49
2026/04/16 11:53:06,02236,惠生工程,WISON ENGRG,,0.58,0.0,0.0,0.58,0.6,0.6,0.56,304200,174324,0.56,0.59
2026/04/16 11:51:41,02237,中国石墨,CHINA GRAPHITE,,0.305,0.0,0.0,0.305,0.305,0.31,0.305,450000,137400,0.305,0.31
2026/04/16 13:06:39,02238,广汽集团,GAC GROUP,,3.14,0.03,0.96463,3.11,3.12,3.16,3.12,4881200,15342048,3.13,3.14
2026/04/16 13:00:07,02239,国微控股,SMIT,,0.75,0.0,0.0,0.75,0.0,0.0,0.0,0,0,0.7,0.75
2026/04/16 13:07:03,02245,力勤资源,LYGEND RESOURCE,,14.67,-0.19,-1.2786,14.86,14.88,15.19,14.46,5574728,82303499,14.64,14.67
2026/04/16 13:05:38,02246,快狗打车,GOGOX,,1.9,-0.06,-3.06122,1.96,1.96,1.96,1.9,72000,138020,1.9,1.97
2026/04/16 11:11:48,02250,小黄鸭德盈,B.DUCK SEMK,,0.63,0.01,1.6129,0.62,0.63,0.64,0.63,75000,47260,0.61,0.64
2026/04/16 13:03:25,02251,鹰瞳科技－Ｂ,AIRDOC-B,,11.9,0.1,0.84746,11.8,12.1,12.3,11.9,7000,84894,11.41,11.86
2026/04/16 13:06:57,02252,微创机器人－Ｂ,MEDBOT-B,,34.34,1.88,5.79174,32.46,32.46,34.7,32.46,6388626,215042333,34.36,34.42
2026/04/16 13:00:09,02255,海昌海洋公园,HAICHANG HLDG,,0.48,0.0,0.0,0.48,0.485,0.485,0.475,4395000,2101210,0.475,0.48
2026/04/16 13:06:09,02256,和誉－Ｂ,ABBISKO-B,,13.57,0.03,0.22157,13.54,13.8,13.8,13.31,322000,4353990,13.51,13.56
2026/04/16 13:00:18,02257,圣诺医药－Ｂ,SIRNAOMICS-B,,7.63,-0.15,-1.92802,7.78,7.78,7.78,7.27,165750,1254019,7.52,7.64
2026/04/16 13:00:28,02258,华滋国际海洋,WATTS INT'L,,0.189,0.0,0.0,0.189,0.0,0.0,0.0,0,0,0.188,0.21
2026/04/16 13:07:02,02259,紫金黄金国际,ZIJIN GOLD INTL,,181.7,2.5,1.39509,179.2,182.5,182.5,176.1,1557243,278756963,181.60001,181.7
2026/04/16 13:00:13,02260,环龙控股,VANOV HOLDINGS,,1.21,0.0,0.0,1.21,0.0,0.0,0.0,0,0,1.21,1.37
2026/04/16 09:00:46,02262,梁志天设计集团,SLD GROUP,,0.76,0.0,0.0,0.76,0.0,0.0,0.0,0,0,0.76,0.8
2026/04/16 13:05:47,02263,富石金融,FU SHEK FIN,,0.4,0.09,29.03226,0.31,0.32,0.435,0.32,16200000,6291350,0.395,0.405
2026/04/16 13:05:42,02265,鸿承环保科技,HC ENV TECH,,1.47,-0.03,-2.0,1.5,1.5,1.5,1.42,205000,297350,1.41,1.47
2026/04/16 09:31:07,02266,黎氏企业,LAI SI ENT,,0.39,0.0,0.0,0.39,0.0,0.0,0.0,0,0,0.38,0.39
2026/04/16 13:06:57,02268,药明合联,WUXI XDC,,64.0,0.0,0.0,64.0,64.6,64.6,63.3,891012,56970603,63.85,64.0
2026/04/16 13:07:02,02269,药明生物,WUXI BIO,,37.22,0.22,0.5946,37.0,37.38,37.72,36.8,11067039,412403780,37.22,37.24
2026/04/16 13:06:51,02270,德商产投服务,DESUN SERVICES,,4.12,-0.04,-0.96154,4.16,4.1,4.12,4.1,4000,16440,4.01,4.12
2026/04/16 13:02:59,02271,众安智慧生活,ZHONGAN SERVICE,,2.87,0.0,0.0,2.87,2.85,2.87,2.85,32000,91400,2.85,2.9
2026/04/16 13:06:32,02273,固生堂,GUSHENGTANG,,27.86,-0.12,-0.42888,27.98,28.08,28.08,27.5,331000,9178442,27.74,27.86
2026/04/16 13:06:54,02276,康耐特光学,CONANT OPTICAL,,46.42,-0.66,-1.40187,47.08,47.08,47.98,45.8,642000,29759473,46.4,46.42
2026/04/16 13:02:33,02279,雍禾医疗,YONGHE MEDICAL,,2.07,-0.02,-0.95694,2.09,2.09,2.12,2.05,277500,576270,2.07,2.11
2026/04/16 08:55:00,02280,慧聪集团,HC GROUP,,0.206,0.0,0.0,0.206,0.0,0.0,0.0,0,0,0.0,0.0
2026/04/16 10:51:35,02281,兴泸水务,XINGLU WATER,,0.71,0.02,2.89855,0.69,0.69,0.71,0.69,16000,11080,0.68,0.71
2026/04/16 13:07:00,02282,美高梅中国,MGM CHINA,,11.29,0.23,2.07957,11.06,11.08,11.36,11.08,3308800,37220616,11.29,11.3
2026/04/16 11:36:56,02283,东江集团控股,TK GROUP HLDG,,2.37,0.01,0.42373,2.36,2.34,2.37,2.34,342000,802300,2.36,2.38
2026/04/16 13:07:00,02285,泉峰控股,CHERVON,,17.11,-0.16,-0.92646,17.27,17.26,17.36,16.91,462900,7941647,17.05,17.11
2026/04/16 13:06:11,02286,辰兴发展,CHEN XING,,0.172,0.002,1.17647,0.17,0.136,0.175,0.136,29000,4646,0.15,0.186
2026/04/16 11:16:02,02288,宏基资本,RYKADAN CAPITAL,,0.153,-0.003,-1.92308,0.156,0.152,0.153,0.146,421000,64386,0.156,0.157
2026/04/16 09:01:28,02289,创美药业,CHARMACY PHAR,,5.82,0.0,0.0,5.82,0.0,0.0,0.0,0,0,5.34,0.0
2026/04/16 13:06:38,02291,心泰医疗,SCIENTECH,,12.89,-0.06,-0.46332,12.95,12.83,13.07,12.83,199000,2573110,12.9,12.97
2026/04/16 13:00:31,02293,百本医护,BAMBOOSHEALTH,,0.4,0.0,0.0,0.4,0.0,0.0,0.0,0,0,0.4,0.445
2026/04/16 13:02:12,02295,丰城控股,MAXICITY,,2.2,0.0,0.0,2.2,2.2,2.2,2.2,10000,22000,2.03,2.2
2026/04/16 13:04:30,02297,润迈德－Ｂ,RAINMED-B,,0.275,0.005,1.85185,0.27,0.27,0.275,0.27,795000,218505,0.27,0.275
2026/04/16 13:00:04,02298,都市丽人,COSMO LADY,,0.39,0.02,5.40541,0.37,0.37,0.39,0.375,8231000,3140990,0.385,0.39
2026/04/16 11:32:30,02299,百宏实业,BILLION IND,,4.77,-0.03,-0.625,4.8,4.77,4.77,4.77,2000,9540,4.75,4.88
2026/04/16 13:06:45,02302,中核国际,CNNC INT'L,,6.28,0.27,4.49251,6.01,6.09,6.37,6.09,916000,5762700,6.28,6.31
2026/04/16 13:02:18,02306,乐华娱乐,YH ENT,,2.08,0.04,1.96078,2.04,2.08,2.12,2.05,1230000,2542710,2.06,2.08
2026/04/16 11:14:08,02307,锦兴国际控股,KAM HING INT'L,,0.239,0.0,0.0,0.239,0.0,0.0,0.0,0,0,0.236,0.239
2026/04/16 13:05:50,02309,大象未来集团,ZO FUTURE GROUP,,2.23,-0.02,-0.88889,2.25,2.26,2.29,2.21,1572000,3552100,2.2,2.23
2026/04/16 13:00:06,02310,时代环球集团,TIMES UNI GP,,0.085,0.001,1.19048,0.084,0.085,0.085,0.085,2000,170,0.076,0.085
2026/04/16 11:59:24,02312,ＬＯＮＧ投资集团,LONG INV CORP,,0.63,0.0,0.0,0.63,0.65,0.65,0.63,60000,38300,0.63,0.65
2026/04/16 13:06:45,02313,申洲国际,SHENZHOU INTL,,47.24,0.26,0.55343,46.98,47.22,47.52,47.1,3646200,172251495,47.22,47.24
2026/04/16 13:06:59,02314,理文造纸,LEE & MAN PAPER,,3.36,-0.06,-1.75439,3.42,3.45,3.45,3.35,1599000,5396160,3.36,3.37
2026/04/16 13:07:03,02315,百奥赛图－Ｂ,BIOCYTOGEN-B,,60.25,-0.85,-1.39116,61.1,62.35,62.35,59.15,611500,36818100,60.1,60.5
2026/04/16 13:00:01,02317,味丹国际,VEDAN INT'L,,0.8,0.0,0.0,0.8,0.0,0.0,0.0,0,0,0.79,0.81
2026/04/16 13:06:42,02318,中国平安,PING AN,,62.45,-0.1,-0.15987,62.55,62.55,63.05,62.3,11953030,749033984,62.4,62.45
2026/04/16 13:06:57,02319,蒙牛乳业,MENGNIU DAIRY,,16.75,-0.3,-1.75953,17.05,17.41,17.41,16.72,12626111,213185768,16.75,16.76
2026/04/16 13:00:14,02320,合丰集团,HOP FUNG GROUP,,0.082,0.0,0.0,0.082,0.0,0.0,0.0,0,0,0.07,0.096
2026/04/16 13:00:08,02321,双财庄,SWANGCHAICHUAN,,0.51,0.0,0.0,0.51,0.51,0.51,0.51,70000,35700,0.5,0.51
2026/04/16 09:30:45,02322,新质数字,MODERN INNO DT,,0.091,0.0,0.0,0.091,0.0,0.0,0.0,0,0,0.088,0.091
2026/04/16 08:55:00,02323,融科控股,RENCO HOLDINGS,,0.019,0.0,0.0,0.019,0.0,0.0,0.0,0,0,0.0,0.0
2026/04/16 13:00:04,02324,首都创投,CAPITAL VC,,0.12,-0.003,-2.43902,0.123,0.12,0.12,0.12,200000,24000,0.116,0.12
2026/04/16 13:00:25,02325,云康集团,YUNKANG GROUP,,0.81,0.01,1.25,0.8,0.8,0.81,0.8,11000,8800,0.8,0.85
2026/04/16 08:59:58,02326,新源万恒控股,NPE HOLDINGS,,0.01,0.0,0.0,0.01,0.0,0.0,0.0,0,0,0.0,0.01
2026/04/16 11:26:04,02327,美瑞健康国际,MEILLEUREHEALTH,,0.28,0.0,0.0,0.28,0.28,0.28,0.28,120000,33600,0.255,0.27
2026/04/16 13:07:11,02328,中国财险,PICC P&C,,14.7,-0.03,-0.20367,14.73,14.66,14.81,14.63,15542534,228266747,14.7,14.71
2026/04/16 11:57:13,02329,国瑞健康,GLORY HEALTH,,0.09,-0.005,-5.26316,0.095,0.09,0.09,0.089,303000,27267,0.088,0.094
2026/04/16 13:06:40,02330,中国上城,CHINA UPTOWN,,0.38,0.01,2.7027,0.37,0.38,0.38,0.38,16000,6080,0.375,0.385
2026/04/16 13:06:38,02331,李宁,LI NING,,21.02,0.0,0.0,21.02,21.02,21.18,20.92,8657000,182097295,21.0,21.02
2026/04/16 13:07:25,02333,长城汽车,GWMOTOR,,13.26,-0.05,-0.37566,13.31,13.3,13.64,13.2,8527826,113858683,13.24,13.26
2026/04/16 13:00:13,02336,硕奥国际,SHUOAO INTL,,0.232,0.0,0.0,0.232,0.0,0.0,0.0,0,0,0.211,0.239
2026/04/16 13:07:23,02337,众诚能源,UNITED STRENGTH,,1.18,-0.06,-4.83871,1.24,1.24,1.27,1.15,122000,146510,1.15,1.19
2026/04/16 13:07:25,02338,潍柴动力,WEICHAI POWER,,32.46,0.16,0.49536,32.3,33.14,33.14,31.66,7599230,243900501,32.46,32.5
2026/04/16 08:55:00,02339,京西国际,BWI INT'L,,4.48,0.0,0.0,4.48,0.0,0.0,0.0,0,0,0.0,0.0
2026/04/16 13:00:25,02340,昇柏控股,ISP HOLDINGS,,0.172,0.0,0.0,0.172,0.0,0.0,0.0,0,0,0.158,0.174
2026/04/16 13:02:51,02342,京信通信,COMBA,,1.51,0.01,0.66667,1.5,1.51,1.52,1.49,1920000,2882160,1.5,1.51
2026/04/16 13:06:46,02343,太平洋航运,PACIFIC BASIN,,2.92,0.0,0.0,2.92,2.94,2.95,2.89,1670000,4862899,2.91,2.93
2026/04/16 11:06:05,02347,友和集团,YOHO GROUP,,0.7,0.0,0.0,0.7,0.7,0.7,0.7,4000,2800,0.66,0.7
2026/04/16 13:00:00,02348,东瑞制药,DAWNRAYS PHARMA,,1.11,0.0,0.0,1.11,1.11,1.11,1.11,48000,53280,1.12,1.13
2026/04/16 11:20:19,02349,中国城市基础设施,CH CITY INFRA,,0.1,0.0,0.0,0.1,0.1,0.1,0.1,12000,1200,0.091,0.1
2026/04/16 11:51:02,02350,数科集团,MTT GROUP,,0.85,0.02,2.40964,0.83,0.83,0.85,0.83,485000,406250,0.85,0.86
2026/04/16 09:00:00,02352,东原仁知服务,DOWELL SERVICE,,4.1,0.0,0.0,4.1,0.0,0.0,0.0,0,0,0.0,4.59
2026/04/16 11:57:05,02355,宝业集团,BAOYE GROUP,,3.94,0.0,0.0,3.94,0.0,0.0,0.0,0,0,3.9,3.99
2026/04/16 13:06:40,02356,大新银行集团,DAHSING BANKING,,12.58,-0.04,-0.31696,12.62,12.69,12.69,12.51,365200,4585190,12.56,12.59
2026/04/16 13:07:04,02357,中航科工,AVICHINA,,3.55,0.0,0.0,3.55,3.57,3.58,3.53,7203000,25587290,3.55,3.56
2026/04/16 13:01:14,02358,久融控股,JIU RONG HOLD,,0.012,0.001,9.09091,0.011,0.012,0.013,0.011,22590000,275630,0.011,0.013
2026/04/16 13:07:19,02359,药明康德,WUXI APPTEC,,129.5,-0.9,-0.69018,130.4,131.5,132.0,129.3,1859434,243206077,129.5,129.60001
2026/04/16 13:01:19,02360,优品３６０,BEST MART 360,,1.77,-0.02,-1.11732,1.79,1.8,1.8,1.76,576000,1024080,1.77,1.78
2026/04/16 11:21:15,02361,中康科技控股,SINOHEALTH TECH,,5.08,0.0,0.0,5.08,0.0,0.0,0.0,0,0,4.9,5.08
2026/04/16 08:55:00,02362,金川国际,JINCHUAN INTL,,0.64,0.0,0.0,0.64,0.0,0.0,0.0,0,0,0.0,0.0
2026/04/16 13:00:26,02363,通达宏泰,TONGDA HONG TAI,,0.315,0.0,0.0,0.315,0.0,0.0,0.0,0,0,0.32,0.36
2026/04/16 13:07:25,02367,巨子生物,GIANT BIOGENE,,28.88,0.34,1.19131,28.54,28.86,29.2,28.6,2079600,60200648,28.86,28.88
2026/04/16 11:43:36,02368,鹰美,EAGLE NICE,,3.1,0.0,0.0,3.1,3.1,3.1,3.1,4000,12400,3.09,3.1
2026/04/16 13:06:19,02369,酷派集团,COOLPAD GROUP,,0.67,0.02,3.07692,0.65,0.68,0.68,0.67,681000,461228,0.67,0.68
2026/04/16 10:59:25,02370,力高健康生活,REDCO HEALTHY,,0.92,0.0,0.0,0.92,0.0,0.0,0.0,0,0,0.93,0.97
2026/04/16 11:38:06,02371,创联控股,CHUANGLIAN HOLD,,0.25,-0.005,-1.96078,0.255,0.27,0.275,0.24,512000,130376,0.25,0.265
2026/04/16 13:02:32,02372,伟立控股,WEILI HOLDINGS,,0.475,0.01,2.15054,0.465,0.465,0.475,0.445,52000,23840,0.445,0.475
2026/04/16 13:05:00,02373,美丽田园医疗健康,BEAUTYFARM MED,,21.5,1.0,4.87805,20.5,21.0,21.94,21.0,156000,3361050,21.4,21.52
2026/04/16 13:07:23,02376,鲁商服务,LUSHANGSERVICES,,1.7,-0.04,-2.29885,1.74,1.74,1.75,1.62,77000,129595,1.64,1.7
2026/04/16 11:32:26,02377,博奇环保,BOQI ENV,,0.96,0.0,0.0,0.96,0.0,0.0,0.0,0,0,0.97,0.98
2026/04/16 13:07:19,02378,保诚,PRU,,118.4,1.1,0.93777,117.3,118.4,118.9,117.3,34076,4035550,118.4,118.9
2026/04/16 13:07:20,02380,中国电力,CHINA POWER,,3.2,-0.01,-0.31153,3.21,3.21,3.23,3.18,16583000,53005120,3.19,3.2
2026/04/16 11:43:27,02381,蚬壳电业,SMC ELECTRIC,,0.15,0.004,2.73973,0.146,0.15,0.15,0.15,140000,21000,0.142,0.147
2026/04/16 13:06:26,02382,舜宇光学科技,SUNNY OPTICAL,,62.95,0.95,1.53226,62.0,62.5,63.1,62.2,3181901,199706664,62.95,63.0
2026/04/16 10:29:21,02383,ＴＯＭ集团,TOM GROUP,,0.39,0.0,0.0,0.39,0.39,0.39,0.39,24000,9360,0.39,0.395
2026/04/16 13:01:16,02385,读书郎,READBOY,,5.0,0.0,0.0,5.0,5.0,5.0,4.8,142000,709632,4.8,5.2
2026/04/16 13:06:52,02386,中石化炼化工程,SINOPEC SEG,,6.32,-0.03,-0.47244,6.35,6.33,6.35,6.2,3232000,20264140,6.31,6.32
2026/04/16 13:07:14,02388,中银香港,BOC HONG KONG,,43.7,-0.48,-1.08646,44.18,44.08,44.16,43.34,9322802,406589740,43.68,43.7
2026/04/16 13:04:26,02389,北京健康,BJ HEALTH,,0.063,-0.001,-1.5625,0.064,0.063,0.066,0.06,1680000,107394,0.064,0.065
2026/04/16 13:04:49,02390,知乎－Ｗ,ZHIHU-W,,9.22,0.48,5.49199,8.74,8.9,9.4,8.6,187800,1718167,9.18,9.27
2026/04/16 13:00:10,02391,涂鸦智能－Ｗ,TUYA-W,,18.6,0.34,1.86199,18.26,18.47,18.6,18.26,2600,47832,18.1,18.59
2026/04/16 13:00:03,02392,玄武云,XUANWU CLOUD,,1.44,0.0,0.0,1.44,1.44,1.44,1.44,115000,165600,1.43,1.45
2026/04/16 10:10:27,02393,巨星医疗控股,YESTAR HEALTH,,0.094,0.0,0.0,0.094,0.089,0.095,0.088,152500,14067,0.089,0.094
2026/04/16 13:00:39,02396,华芢生物－Ｂ,B&K CORP-B,,7.23,0.09,1.2605,7.14,7.33,7.49,7.1,73600,530590,7.12,7.28
2026/04/16 13:06:58,02399,中国安储能源,CN ANCHU ENERGY,,0.475,0.005,1.06383,0.47,0.48,0.495,0.46,4678000,2206620,0.47,0.475
2026/04/16 13:07:12,02400,心动公司,XD INC,,64.95,1.0,1.56372,63.95,64.2,65.8,64.15,1505741,98055349,64.95,65.0
2026/04/16 08:55:00,02402,亿华通,SINOHYTEC,,19.21,0.0,0.0,19.21,0.0,0.0,0.0,0,0,0.0,0.0
2026/04/16 13:00:30,02405,力盟科技,POWERWIN TECH,,0.67,0.0,0.0,0.67,0.67,0.67,0.67,84000,56280,0.67,0.72
2026/04/16 13:04:15,02407,高视医疗,GAUSH MEDITECH,,5.25,-0.05,-0.9434,5.3,5.4,5.43,5.23,28000,148762,5.35,5.4
2026/04/16 13:06:07,02408,遇见小面,XIAO NOODLES,,4.51,0.1,2.26757,4.41,4.41,4.52,4.41,93500,419060,4.5,4.53
2026/04/16 09:31:57,02409,洲际船务,SEACON,,4.14,0.0,0.0,4.14,0.0,0.0,0.0,0,0,4.03,4.13
2026/04/16 13:07:23,02410,同源康医药－Ｂ,TYK MEDICINES-B,,10.92,-0.11,-0.99728,11.03,11.11,11.11,10.82,1199000,13111495,10.87,10.92
2026/04/16 13:07:11,02411,百果园集团,PAGODA GP,,1.65,-0.03,-1.78571,1.68,1.64,1.66,1.61,442500,726115,1.64,1.66
2026/04/16 11:34:38,02415,梅斯健康,MEDSCI,,1.2,0.0,0.0,1.2,0.0,0.0,0.0,0,0,1.15,1.19
2026/04/16 13:04:53,02416,易点云,EDIANYUN,,3.6,0.45,14.28571,3.15,3.22,3.65,3.22,2353460,8264583,3.56,3.6
2026/04/16 13:06:09,02418,德银天下,DEEWIN,,2.82,-0.09,-3.09278,2.91,2.9,2.9,2.81,223500,632145,2.81,2.83
2026/04/16 13:06:58,02419,德康农牧,DEKON AGR,,72.05,-1.15,-1.57104,73.2,74.5,74.5,71.75,371700,26988470,72.05,72.1
2026/04/16 11:51:02,02420,子不语,ZIBUYU,,4.59,0.05,1.10132,4.54,4.46,4.6,4.46,149000,678020,4.58,4.6
2026/04/16 10:54:30,02421,嘉创地产,KRP DEVELOPMENT,,0.6,0.01,1.69492,0.59,0.6,0.6,0.6,2000,1200,0.55,0.59
2026/04/16 13:00:08,02422,润歌互动,REGO INTERACT,,1.64,-0.02,-1.20482,1.66,1.69,1.69,1.64,148000,245240,1.63,1.65
2026/04/16 13:06:54,02423,贝壳－Ｗ,BEKE-W,,41.9,-0.3,-0.7109,42.2,42.44,42.66,41.88,3558929,150070826,41.9,41.92
2026/04/16 13:04:27,02425,澳亚集团,AUSTASIA GROUP,,2.32,-0.01,-0.42919,2.33,2.32,2.32,2.32,1000,2320,2.21,2.3
2026/04/16 13:00:00,02427,GUANZE MEDICAL,GUANZE MEDICAL,,3.43,-0.05,-1.43678,3.48,3.47,3.47,3.41,55000,188850,3.42,3.47
2026/04/16 11:58:25,02429,友宝在线,UBOX ONLINE,,2.53,0.03,1.2,2.5,2.53,2.59,2.53,473000,1208230,2.53,2.55
2026/04/16 13:07:03,02431,佑驾创新,MINIEYE,,10.43,-0.03,-0.28681,10.46,10.7,10.7,10.27,2249544,23475678,10.42,10.43
2026/04/16 13:07:01,02432,越疆,DOBOT,,34.88,0.58,1.69096,34.3,34.46,35.4,34.46,1090200,38167996,34.88,34.96
2026/04/16 12:31:42,02433,中天湖南集团,ZT HN GROUP,,0.101,0.002,2.0202,0.099,0.099,0.104,0.097,8040000,795982,0.099,0.102
2026/04/16 13:02:42,02436,凌雄科技,LX TECHNOLOGY,,12.93,-0.14,-1.07116,13.07,13.02,13.03,12.9,19800,256791,13.0,13.1
2026/04/16 13:04:59,02438,出门问问,MOBVOI,,0.47,0.005,1.07527,0.465,0.465,0.475,0.46,685000,319800,0.47,0.475
2026/04/16 11:16:52,02439,中宝新材,CH TREASURES NM,,0.305,-0.015,-4.6875,0.32,0.3,0.31,0.3,108000,32620,0.305,0.31
2026/04/16 11:51:28,02440,迷策略,MEMESTRATEGY,,1.52,0.0,0.0,1.52,1.47,1.58,1.47,134000,205550,1.52,1.57
2026/04/16 13:06:29,02442,怡俊集团控股,EASY SMART GP,,39.44,-1.38,-3.3807,40.82,40.1,40.1,38.4,212000,8366900,36.56,39.4
2026/04/16 11:57:47,02443,汽车街,AUTOSTREETS,,1.89,-0.02,-1.04712,1.91,1.9,1.91,1.89,148200,280776,1.89,1.9
2026/04/16 11:51:11,02450,淮北绿金股份,HUAIBEI GD CO,,3.48,0.0,0.0,3.48,0.0,0.0,0.0,0,0,3.48,3.59
2026/04/16 13:02:01,02451,绿源集团控股,LUYUAN GP HLDG,,13.52,0.75,5.87314,12.77,12.89,13.52,12.8,72000,937372,13.37,13.54
2026/04/16 13:04:02,02453,美中嘉和,CONCORD HC GP,,1.56,0.08,5.40541,1.48,1.48,1.62,1.47,493400,781632,1.56,1.58
2026/04/16 13:00:04,02455,润华服务,RUNHUA SERVICE,,0.68,0.03,4.61539,0.65,0.66,0.68,0.65,350000,233980,0.67,0.7
2026/04/16 13:00:10,02457,步阳国际,BUYANG INTL,,0.315,0.0,0.0,0.315,0.0,0.0,0.0,0,0,0.3,0.315
2026/04/16 11:42:58,02458,望尘科技控股,GALA TECH HOLD,,5.79,-0.01,-0.17241,5.8,5.5,5.79,5.5,800,4516,5.5,5.55
2026/04/16 11:42:16,02459,升能集团,SANERGY GROUP,,0.087,0.0,0.0,0.087,0.088,0.088,0.087,220000,19240,0.087,0.088
2026/04/16 13:06:02,02460,华润饮料,CR BEVERAGE,,8.95,-0.07,-0.77605,9.02,9.02,9.08,8.9,711800,6372656,8.95,8.96
2026/04/16 13:07:03,02465,龙蟠科技,LOPAL TECH,,16.43,3.16,23.81311,13.27,15.24,16.81,14.07,42821100,677131500,16.4,16.43
2026/04/16 13:06:17,02469,粉笔,FENBI,,1.03,0.0,0.0,1.03,1.04,1.08,1.01,4565500,4802461,1.02,1.03
2026/04/16 13:06:42,02473,喜相逢集团,XXF,,0.99,-0.02,-1.9802,1.01,1.01,1.02,0.99,55890000,55880325,0.99,1.0
2026/04/16 13:07:03,02477,经纬天地,WELLCELL HOLD,,20.34,0.22,1.09344,20.12,20.12,21.16,19.94,1126400,23199352,20.3,20.42
2026/04/16 08:55:00,02479,天聚地合,TIANJUDIHE,,65.0,0.0,0.0,65.0,0.0,0.0,0.0,0,0,0.0,0.0
2026/04/16 13:00:57,02480,绿竹生物－Ｂ,LUZHU BIOTECH-B,,22.5,0.6,2.73973,21.9,22.5,22.5,22.5,11600,261000,22.0,22.48
2026/04/16 09:40:01,02481,慧居科技,WISE LIVING TEC,,2.65,0.0,0.0,2.65,0.0,0.0,0.0,0,0,2.62,2.73
2026/04/16 13:00:26,02482,维天运通,LOGORY,,0.56,0.0,0.0,0.56,0.0,0.0,0.0,0,0,0.52,0.58
2026/04/16 10:43:05,02483,Ｋ　ＣＡＳＨ集团,K CASH,,1.75,0.0,0.0,1.75,1.75,1.75,1.75,500000,875000,1.7,1.75
2026/04/16 13:01:03,02486,普乐师集团控股,PLUS GP HOLDING,,7.3,0.03,0.41266,7.27,7.3,7.3,7.28,9200,67052,0.0,7.33
2026/04/16 11:52:12,02487,科笛－Ｂ,CUTIA-B,,4.78,0.01,0.20964,4.77,4.65,4.78,4.65,43200,204330,4.68,4.78
2026/04/16 13:00:00,02488,元征科技,LAUNCH TECH,,8.57,-0.18,-2.05714,8.75,8.79,8.8,8.51,297500,2561950,8.56,8.59
2026/04/16 11:41:17,02489,集海黄金,PERSISTENCEGOLD,,1.01,0.0,0.0,1.01,1.02,1.02,1.0,165000,166050,1.0,1.01
2026/04/16 13:03:23,02490,乐舱物流,LC LOGISTICS,,4.94,0.28,6.00858,4.66,4.6,5.05,4.6,246600,1208166,4.95,5.07
2026/04/16 13:01:34,02495,声通科技,VOICECOMM,,54.8,0.75,1.3876,54.05,53.0,55.45,53.0,10860,594753,54.8,54.9
2026/04/16 10:49:14,02496,友芝友生物－Ｂ,YZYBIO-B,,4.82,0.0,0.0,4.82,0.0,0.0,0.0,3000,15478,4.82,5.22
2026/04/16 11:49:25,02497,富景中国控股,FUJING HOLDINGS,,0.62,0.0,0.0,0.62,0.62,0.62,0.59,106000,64340,0.59,0.62
2026/04/16 13:07:03,02498,速腾聚创,ROBOSENSE,,37.08,0.46,1.25614,36.62,37.0,37.1,36.5,2508752,92400114,37.06,37.08
2026/04/16 11:50:15,02499,佛朗斯股份,FOLANGSI,,6.19,-0.04,-0.64206,6.23,6.06,6.22,6.05,8000,48478,6.05,6.18
2026/04/16 13:03:28,02500,启明医疗－Ｂ,VENUS MEDTECH-B,,2.23,0.01,0.45045,2.22,2.22,2.29,2.22,428500,967390,2.23,2.24
2026/04/16 13:00:00,02501,迈越科技,MAIYUE TECH,,1.17,0.0,0.0,1.17,1.17,1.19,1.12,104000,118240,1.16,1.17
2026/04/16 10:45:55,02502,金源氢化,JINYUAN HCHEM,,0.47,0.0,0.0,0.47,0.47,0.47,0.47,30000,14100,0.47,0.48
2026/04/16 11:53:25,02503,中深建业,ZHONGSHENJIANYE,,0.34,0.0,0.0,0.34,0.34,0.345,0.33,320000,109020,0.335,0.34
2026/04/16 11:58:44,02505,ＥＤＡ集团控股,EDA GROUP HLDGS,,0.67,0.0,0.0,0.67,0.68,0.7,0.66,535000,364530,0.67,0.7
2026/04/16 13:06:04,02506,讯飞医疗科技,XUNFEIHEALTH,,70.4,1.35,1.95511,69.05,71.0,71.5,70.0,49600,3516142,70.2,70.55
2026/04/16 13:06:58,02507,西锐,CIRRUS,,42.9,2.56,6.34606,40.34,40.34,43.36,40.32,1679000,71052020,42.9,42.92
2026/04/16 13:00:26,02508,圣贝拉集团,SAINT BELLA GP,,4.48,-0.05,-1.10375,4.53,4.53,4.59,4.48,64500,291645,4.47,4.53
2026/04/16 13:03:18,02509,荃信生物－Ｂ,QYUNS-B,,20.76,-0.34,-1.61137,21.1,21.1,21.58,20.6,223600,4735668,20.7,20.84
2026/04/16 13:04:39,02510,德翔海运,TS LINES,,8.53,-0.01,-0.1171,8.54,8.55,8.57,8.5,487000,4150250,8.52,8.55
2026/04/16 13:01:34,02511,君圣泰医药－Ｂ,HIGHTIDE-B,,3.69,-0.01,-0.27027,3.7,3.7,3.73,3.61,124500,456590,3.69,3.72
2026/04/16 11:40:41,02512,云工场,CLOUD FACTORY,,3.2,0.01,0.31348,3.19,3.19,3.2,3.19,31000,99180,3.17,3.18
2026/04/16 13:06:54,02513,智谱,KNOWLEDGE ATLAS,,906.0,39.0,4.49827,867.0,853.0,919.0,839.0,829483,739069003,906.0,906.5
2026/04/16 13:03:59,02515,天津建发,TJCD,,1.07,0.0,0.0,1.07,1.07,1.08,1.05,228000,244000,1.07,1.08
2026/04/16 11:55:25,02516,泛远国际,FAR INTL,,1.33,-0.01,-0.74627,1.34,1.34,1.35,1.31,4132000,5514920,1.32,1.33
2026/04/16 13:07:18,02517,锅圈,GUOQUAN,,3.45,-0.86,-19.9536,4.31,4.2,4.2,3.39,99149600,371665432,3.45,3.46
2026/04/16 10:43:27,02518,汽车之家－Ｓ,AUTOHOME-S,,35.92,0.26,0.72911,35.66,35.66,35.92,35.62,4400,157096,35.7,35.92
2026/04/16 13:00:31,02519,傲基股份,AUGROUP,,4.6,0.0,0.0,4.6,0.0,0.0,0.0,0,0,4.47,4.57
2026/04/16 11:32:57,02520,山西安装,SHANXI INSTALL,,2.11,-0.02,-0.93897,2.13,2.11,2.11,2.11,32000,67520,2.0,2.19
2026/04/16 11:22:21,02521,升辉清洁,SHENGHUI CLEAN,,1.06,0.04,3.92157,1.02,1.06,1.06,1.02,727500,748725,1.05,1.06
2026/04/16 13:07:01,02522,一脉阳光,RIMAG GROUP,,6.76,0.2,3.04878,6.56,6.6,6.76,6.54,768500,5111775,6.74,6.77
2026/04/16 13:07:25,02525,禾赛－Ｗ,HESAI-W,,187.9,4.0,2.1751,183.9,199.9,200.0,185.7,1468238,279355663,187.89999,188.0
2026/04/16 13:06:44,02526,德适－Ｂ,DIAGENS-B,,283.2,13.8,5.12249,269.4,265.2,291.0,265.2,55452,15273537,280.20001,282.79999
2026/04/16 13:00:16,02528,尚晋国际控股,FW FASHION INT,,0.41,0.01,2.5,0.4,0.405,0.41,0.405,44000,17810,0.4,0.415
2026/04/16 13:00:03,02529,泓盈城市服务,HOLLWIN URBAN,,3.16,0.0,0.0,3.16,0.0,0.0,0.0,0,0,3.04,3.17
2026/04/16 08:55:00,02530,纽曼思,NUMANS,,0.59,0.0,0.0,0.59,0.0,0.0,0.0,0,0,0.0,0.0
2026/04/16 11:00:20,02531,广联科技控股,CARLINK TECH,,6.17,0.23,3.87205,5.94,6.0,6.17,6.0,3500,21085,5.83,6.0
2026/04/16 13:06:59,02533,黑芝麻智能,BLACK SESAME,,17.39,0.1,0.57837,17.29,17.6,17.64,17.22,1282500,22395858,17.38,17.39
2026/04/16 13:06:39,02535,泓基集团,WK GROUP,,0.395,-0.005,-1.25,0.4,0.395,0.42,0.385,65930000,23173810,0.39,0.395
2026/04/16 13:00:30,02536,百乐皇宫,PALASINO,,1.88,-0.02,-1.05263,1.9,1.88,1.88,1.88,26000,48880,1.81,1.87
2026/04/16 13:00:13,02539,乐摩科技,LEMO SERVICES,,15.61,-0.29,-1.8239,15.9,15.8,16.36,15.39,18400,290025,15.62,16.27
2026/04/16 11:11:28,02540,乐思集团,LESI GROUP,,1.05,0.02,1.94175,1.03,1.05,1.05,1.05,7500,7875,1.01,1.05
2026/04/16 13:00:41,02543,大行科工,DAHON TECH,,30.0,0.4,1.35135,29.6,29.6,30.6,29.58,8800,264146,29.96,30.14
2026/04/16 11:45:44,02545,中赣通信,ZHONGGAN COMM,,0.44,0.0,0.0,0.44,0.44,0.445,0.44,1130000,498220,0.43,0.44
2026/04/16 13:07:25,02546,智汇矿业,ZHIHUI MINING,,16.33,-0.28,-1.68573,16.61,16.8,17.37,16.2,162000,2722450,16.34,16.55
2026/04/16 13:07:23,02549,卡罗特,CAROTE LTD,,4.77,-0.12,-2.45399,4.89,4.8,4.81,4.7,305000,1452420,4.77,4.78
2026/04/16 13:07:22,02550,宜搜科技,EASOU TECH,,2.03,0.02,0.99503,2.01,2.01,2.03,1.98,408000,825715,2.01,2.03
2026/04/16 09:53:29,02551,晶科电子股份,APT ELECTRONICS,,2.38,0.02,0.84746,2.36,2.38,2.38,2.38,3000,7140,2.28,2.4
2026/04/16 13:05:31,02552,华领医药－Ｂ,HUA MEDICINE-B,,3.85,0.0,0.0,3.85,3.87,3.94,3.79,1616300,6243527,3.83,3.85
2026/04/16 13:05:58,02555,茶百道,CHABAIDAO,,5.67,0.03,0.53192,5.64,5.72,5.72,5.64,160400,910706,5.67,5.68
2026/04/16 13:07:23,02556,迈富时,MARKETINGFORCE,,41.48,4.72,12.84004,36.76,38.6,42.92,38.6,15139900,625742290,41.42,41.6
2026/04/16 09:01:08,02558,晋商银行,JINSHANG BANK,,1.38,0.0,0.0,1.38,0.0,0.0,0.0,0,0,1.31,1.38
2026/04/16 13:01:01,02559,嘀嗒出行,DIDA INC,,1.37,-0.07,-4.86111,1.44,1.36,1.44,1.36,293500,409030,1.37,1.41
2026/04/16 11:50:08,02560,海螺材料科技,CONCH MAT TECH,,1.77,-0.02,-1.11732,1.79,1.79,1.79,1.77,82000,146040,1.77,1.78
2026/04/16 13:00:01,02561,维昇药业－Ｂ,VISEN PHARMA-B,,26.8,-0.98,-3.52772,27.78,27.78,27.8,26.8,1600,43402,26.52,26.8
2026/04/16 13:07:17,02562,狮腾控股,SYNAGISTICS,,3.22,0.0,0.0,3.22,3.27,3.27,3.21,7907000,25574315,3.22,3.23
2026/04/16 11:59:57,02563,华昊中天医药－Ｂ,BIOSTAR PHARM-B,,3.84,0.0,0.0,3.84,0.0,0.0,0.0,0,0,3.52,3.84
2026/04/16 13:07:24,02565,派格－Ｂ（五十）,PEGBIO CO-B-50,,42.2,-1.7,-3.87244,43.9,44.42,44.42,41.28,406050,17074732,41.94,42.2
2026/04/16 13:06:11,02566,九源基因,JIUYUAN GENE,,7.06,0.02,0.28409,7.04,7.07,7.15,7.06,36200,256760,7.07,7.15
2026/04/16 13:06:58,02567,七牛智能,QINIU,,0.48,0.02,4.34783,0.46,0.46,0.49,0.46,2090000,997700,0.475,0.485
2026/04/16 09:03:45,02569,舒宝国际,SOFT INTL,,0.95,0.0,0.0,0.95,0.0,0.0,0.0,0,0,0.93,0.98
2026/04/16 13:07:23,02570,重塑能源,REFIRE,,43.66,-0.4,-0.90785,44.06,44.08,44.64,43.22,399380,17441807,43.66,43.8
2026/04/16 12:30:02,02571,赛目科技,SAIMO,,12.85,-0.15,-1.15385,13.0,13.01,13.01,12.85,16400,212356,12.74,13.2
2026/04/16 13:07:06,02573,新琪安,NEWTREND GROUP,,4.5,-0.1,-2.17391,4.6,4.52,4.55,4.5,26000,117402,4.37,4.5
2026/04/16 13:07:25,02575,轩竹生物－Ｂ,XUANZHUBIO-B,,33.08,-2.94,-8.16213,36.02,36.6,36.6,32.72,2336000,78949010,33.08,33.24
2026/04/16 13:06:55,02576,太美医疗科技,TAIMEI TECH,,4.52,-0.14,-3.00429,4.66,4.65,4.86,4.5,293600,1382782,4.48,4.53
2026/04/16 13:07:25,02577,英诺赛科,INNOSCIENCE,,57.95,2.75,4.98188,55.2,55.95,58.3,54.55,2966100,167349470,57.95,58.05
2026/04/16 13:06:42,02579,中伟新材,CNGR,,38.84,0.54,1.40992,38.3,39.36,39.5,38.02,720600,28056592,38.82,38.88
2026/04/16 13:07:05,02580,奥克斯电气,AUX ELECTRIC,,9.53,-0.1,-1.03842,9.63,9.66,9.75,9.53,670000,6411058,9.53,9.55
2026/04/16 13:06:13,02581,明基医院,BENQ HOLDING,,3.46,-0.01,-0.28818,3.47,3.46,3.47,3.46,83500,288940,3.46,3.47
2026/04/16 13:06:33,02582,国富氢能,GUOFUHEE,,28.3,-0.14,-0.49226,28.44,28.88,29.1,27.94,1897050,53886971,28.26,28.3
2026/04/16 13:00:02,02583,西普尼,HIPINE,,102.0,0.0,0.0,102.0,102.1,104.2,100.6,32700,3348880,101.2,102.4
2026/04/16 13:00:04,02585,梦金园,MOKINGRAN,,19.94,-0.06,-0.3,20.0,20.0,20.3,19.0,27400,545242,19.94,20.1
2026/04/16 13:05:39,02586,多点数智,DMALL,,7.28,0.03,0.41379,7.25,7.27,7.28,7.19,1139400,8241017,7.24,7.28
2026/04/16 13:05:45,02587,健康之路,HEALTHYWAY INC,,4.72,0.01,0.21231,4.71,4.76,4.78,4.66,3255000,15314585,4.71,4.72
2026/04/16 13:07:25,02588,中银航空租赁,BOC AVIATION,,83.8,-0.65,-0.76969,84.45,85.0,85.45,83.5,143296,12078428,83.75,83.8
2026/04/16 13:07:16,02589,沪上阿姨,AUNTEA JENNY,,83.55,5.1,6.50096,78.45,78.45,85.4,78.45,215790,17955360,83.5,83.55
2026/04/16 13:07:08,02590,极智嘉－Ｗ,GEEKPLUS-W,,18.86,0.38,2.05628,18.48,18.9,19.05,18.58,2939600,55313174,18.84,18.88
2026/04/16 13:06:21,02591,银诺医药－Ｂ,INNOGEN-B,,20.92,-0.46,-2.15154,21.38,21.5,21.8,20.8,330600,6943608,20.92,21.0
2026/04/16 11:57:20,02592,拨康视云－Ｂ,CLOUDBREAK-B,,1.28,-0.04,-3.0303,1.32,1.35,1.35,1.26,472000,607040,1.29,1.32
2026/04/16 11:45:37,02593,草姬集团,HERBS GROUP,,0.98,0.04,4.25532,0.94,0.94,0.98,0.94,148800,142664,0.93,0.97
2026/04/16 13:07:19,02595,劲方医药－Ｂ,GENFLEET-B,,48.68,-0.16,-0.3276,48.84,48.8,50.0,46.9,1430600,69482929,48.62,48.68
2026/04/16 13:00:28,02596,宜宾银行,YIBIN BANK,,2.64,0.0,0.0,2.64,0.0,0.0,0.0,0,0,2.62,2.69
2026/04/16 13:05:25,02597,讯众通信,XUNZHONG,,29.82,0.62,2.12329,29.2,29.7,29.82,29.7,2500,74430,29.82,31.48
2026/04/16 13:06:51,02598,连连数字,LIANLIAN,,6.18,0.18,3.0,6.0,6.0,6.2,6.0,895000,5474415,6.17,6.19
2026/04/16 13:07:03,02600,中国铝业,CHALCO,,13.23,0.65,5.16693,12.58,12.78,13.26,12.78,37191380,486169601,13.22,13.23
2026/04/16 13:07:03,02601,中国太保,CPIC,,34.2,0.34,1.00414,33.86,33.84,34.36,33.64,2274100,77346062,34.14,34.2
2026/04/16 13:07:01,02602,万物云,ONEWO,,17.36,0.09,0.52114,17.27,17.25,17.44,17.23,599259,10409968,17.36,17.37
2026/04/16 13:06:07,02603,吉宏股份,JIHONG CO,,13.49,0.61,4.73603,12.88,12.88,13.69,12.85,1192500,15766865,13.43,13.59
2026/04/16 13:00:28,02605,METALIGHT,METALIGHT,,1.56,-0.09,-5.45455,1.65,1.62,1.65,1.55,169200,270004,1.58,1.63
2026/04/16 13:06:50,02607,上海医药,SH PHARMA,,11.71,-0.07,-0.59423,11.78,11.79,11.82,11.64,1829400,21414682,11.71,11.74
2026/04/16 13:00:04,02608,阳光１００中国,SUNSHINE 100,,0.01,0.0,0.0,0.01,0.01,0.01,0.01,51000,510,0.0,0.01
2026/04/16 13:06:54,02609,佰泽医疗,BAYZED HEALTH,,5.34,0.09,1.71429,5.25,5.15,5.63,5.06,32006400,172012314,5.34,5.37
2026/04/16 13:06:43,02610,南山铝业国际,NANSHAN AL INTL,,47.24,1.04,2.25108,46.2,46.74,47.4,46.24,246700,11565042,47.24,47.32
2026/04/16 13:06:53,02611,国泰海通,GTHT,,14.76,0.54,3.79747,14.22,14.22,14.98,14.22,9540586,140306043,14.75,14.76
2026/04/16 13:00:08,02613,汇舸环保,CONTIOCEAN,,31.74,0.0,0.0,31.74,0.0,0.0,0.0,0,0,29.02,31.72
2026/04/16 13:07:02,02616,基石药业－Ｂ,CSTONE PHARMA-B,,10.16,0.26,2.62626,9.9,9.92,10.41,9.92,6872928,70087336,10.16,10.17
2026/04/16 13:06:32,02617,药捷安康－Ｂ,TRANSTHERA-B,,69.25,-1.05,-1.4936,70.3,70.35,71.6,68.95,543000,37742100,68.95,69.3
2026/04/16 13:07:03,02618,京东物流,JD LOGISTICS,,15.94,0.39,2.50804,15.55,15.7,15.95,15.55,8647986,136525801,15.93,15.94
2026/04/16 13:00:06,02619,香江电器,XJ ELECTRICS,,1.79,-0.01,-0.55556,1.8,1.79,1.79,1.78,5000,8930,1.78,1.79
2026/04/16 11:57:40,02621,手回集团,SHOUHUI GROUP,,3.02,-0.13,-4.12698,3.15,3.08,3.08,3.02,10400,31432,3.03,3.07
2026/04/16 13:04:02,02623,爱德新能源,ADD NEW ENERGY,,5.28,0.09,1.7341,5.19,5.25,5.44,5.25,2864593,15313407,5.27,5.28
2026/04/16 13:05:53,02625,江苏宏信,JIANGSU HORIZON,,4.23,0.04,0.95465,4.19,4.12,4.23,4.1,43000,179580,4.16,4.24
2026/04/16 08:55:00,02627,中慧生物－Ｂ,AB&B BIO-TECH-B,,29.32,0.0,0.0,29.32,0.0,0.0,0.0,0,0,0.0,0.0
2026/04/16 13:07:02,02628,中国人寿,CHINA LIFE,,28.0,0.58,2.11524,27.42,27.42,28.18,27.4,19152239,532876868,28.0,28.02
2026/04/16 08:55:00,02629,MIRXES-B,MIRXES-B,,12.41,0.0,0.0,12.41,0.0,0.0,0.0,0,0,0.0,0.0
2026/04/16 13:04:11,02630,旺山旺水－Ｂ,VIGONVITA-B,,86.0,-0.95,-1.09258,86.95,87.0,87.0,85.05,13000,1117790,85.5,86.3
2026/04/16 13:06:49,02631,天岳先进,SICC,,56.75,1.3,2.34445,55.45,55.5,58.2,55.1,855800,48519880,56.7,56.9
2026/04/16 13:06:51,02632,泽景股份,NEW VISION CO,,58.0,1.05,1.84372,56.95,56.95,71.0,50.0,185700,11196137,58.25,60.0
2026/04/16 11:50:37,02633,雅各臣科研制药,JACOBSON PHARMA,,1.19,-0.01,-0.83333,1.2,1.2,1.2,1.19,142000,170300,1.19,1.2
2026/04/16 13:06:50,02635,诺比侃（新）,NUOBIKAN-NEW,,61.85,0.9,1.47662,60.95,60.95,62.0,60.95,193400,11926220,61.5,61.9
2026/04/16 13:05:45,02637,海西新药,HAIXI PHARMA,,191.0,-0.3,-0.15682,191.3,191.7,193.0,185.8,109500,20877390,190.10001,191.0
2026/04/16 13:03:59,02638,港灯－ＳＳ,HKELECTRIC-SS,,6.42,-0.02,-0.31056,6.44,6.44,6.46,6.42,1088146,6991667,6.42,6.43
2026/04/16 13:06:14,02643,曹操出行,CAOCAO INC,,25.7,-0.08,-0.31032,25.78,25.6,26.22,25.58,706400,18239889,25.72,25.78
2026/04/16 13:07:01,02648,安井食品,ANJOY FOOD,,80.65,0.35,0.43587,80.3,80.35,81.55,80.3,118200,9559447,80.05,80.65
2026/04/16 08:55:00,02649,优乐赛共享,ALSCO POOLING,,3.9,0.0,0.0,3.9,0.0,0.0,0.0,0,0,0.0,0.0
2026/04/16 13:06:24,02650,挚达科技,ZHIDA TECH,,45.6,-0.42,-0.91265,46.02,46.98,48.88,44.88,889700,41723215,45.62,45.76
2026/04/16 10:21:34,02651,大众口腔,DAZHONG DENTAL,,12.2,0.0,0.0,12.2,11.8,12.2,11.8,1900,22540,11.7,12.2
2026/04/16 13:06:09,02652,长风药业,CF PHARMTECH,,23.6,0.02,0.08482,23.58,23.58,24.0,23.2,474500,11202570,23.58,23.76
2026/04/16 13:07:02,02655,果下科技,GUOXIA TECH,,55.8,-10.05,-15.26196,65.85,67.95,68.5,53.2,6605865,378322242,55.5,55.8
2026/04/16 13:05:40,02656,健康１６０,160 HEALTH,,34.04,-1.36,-3.84181,35.4,35.64,39.72,33.6,3446650,125512485,34.04,34.1
2026/04/16 13:02:47,02657,林清轩,FOREST CABIN,,58.2,1.1,1.92645,57.1,56.9,59.55,56.4,45150,2619743,58.2,58.6
2026/04/16 13:06:59,02658,天域半导体,TIANYU SEMI,,45.1,2.88,6.82141,42.22,43.1,45.88,42.78,296950,13011178,44.8,45.36
2026/04/16 13:06:22,02659,宝济药业－Ｂ,BAO PHARMA-B,,89.35,-0.65,-0.72222,90.0,91.0,91.0,88.6,59700,5329615,89.05,89.4
2026/04/16 13:00:39,02660,禅游科技,ZENGAME,,2.57,0.02,0.78431,2.55,2.55,2.58,2.52,178000,454840,2.52,2.56
2026/04/16 13:07:01,02661,轻松健康,QINGSONG HEALTH,,152.4,1.2,0.79365,151.2,151.5,152.6,147.2,96800,14635260,152.2,152.39999
2026/04/16 11:30:49,02663,应力控股,KPA-BM HLDGS,,0.28,-0.005,-1.75439,0.285,0.28,0.28,0.28,40000,11200,0.285,0.29
2026/04/16 13:07:02,02665,图达通,SEYOND,,9.44,-0.04,-0.42194,9.48,9.65,9.78,9.2,4735500,44815817,9.42,9.44
2026/04/16 13:07:01,02666,环球医疗,UNI MEDICAL,,5.86,-0.01,-0.17036,5.87,5.84,5.87,5.82,1202500,7028352,5.85,5.86
2026/04/16 11:56:35,02668,百德国际,PAK TAK INT'L,,0.28,0.0,0.0,0.28,0.28,0.28,0.275,4020000,1123100,0.275,0.28
2026/04/16 13:04:52,02669,中海物业,CHINA OVS PPT,,4.1,-0.01,-0.24331,4.11,4.14,4.14,4.05,2787666,11415623,4.09,4.1
2026/04/16 13:00:01,02670,云迹,YUNJI,,234.2,-6.4,-2.66002,240.6,236.0,237.0,230.8,5100,1191190,234.0,234.2
2026/04/16 13:00:11,02671,美联股份,USAS BUILDING,,4.14,0.0,0.0,4.14,0.0,0.0,0.0,0,0,4.0,4.12
2026/04/16 13:05:59,02675,精锋医疗－Ｂ,EDGE MEDICAL-B,,57.2,3.2,5.92593,54.0,54.35,58.0,53.55,316100,17842420,57.0,57.2
2026/04/16 13:06:54,02676,纳芯微,NOVOSENSE,,136.6,12.4,9.9839,124.2,127.6,137.9,124.3,321400,42328730,135.7,136.8
2026/04/16 13:04:35,02677,卓正医疗,DISTINCT HEALTH,,34.18,-1.42,-3.98876,35.6,35.6,36.02,34.14,13150,457902,34.18,34.5
2026/04/16 13:04:22,02678,天虹国际集团,TEXHONG INTL GP,,6.64,0.07,1.06545,6.57,6.45,6.64,6.45,203000,1333625,6.63,6.66
1970/01/01 13:05:40,02680,创陞控股,INNOVAX HLDGS,,11.09,0.18,1.64986,10.91,10.9,11.09,10.7,42100,455423,10.8,10.99
2026/04/16 09:04:25,02682,润利海事,YUN LEE MARINE,,0.151,0.0,0.0,0.151,0.0,0.0,0.0,0,0,0.146,0.151
2026/04/16 11:04:33,02683,华新手袋国际控股,WAHSUN HANDBAGS,,1.18,0.0,0.0,1.18,1.19,1.19,1.18,36000,42560,1.18,1.22
2026/04/16 13:07:03,02685,量化派,QUANTGROUP,,22.12,-0.16,-0.71813,22.28,22.34,22.6,21.5,1148200,25168730,22.02,22.16
2026/04/16 13:06:08,02687,卓越睿新,ABLE DIGITAL,,141.6,-4.5,-3.08008,146.1,146.5,148.9,140.2,121100,17538150,141.0,141.60001
2026/04/16 13:06:57,02688,新奥能源,ENN ENERGY,,63.0,-0.4,-0.63092,63.4,63.4,63.65,62.5,2119561,133406403,63.0,63.05
2026/04/16 13:06:45,02689,玖龙纸业,ND PAPER,,6.48,-0.01,-0.15408,6.49,6.45,6.5,6.37,7800000,50053054,6.47,6.48
2026/04/16 13:06:00,02691,南华期货股份,NANHUA FUTURES,,11.1,0.21,1.92838,10.89,10.94,11.15,10.92,633500,6987492,11.08,11.13
2026/04/16 13:07:00,02692,兆威机电,ZHAOWEI,,68.25,3.2,4.91929,65.05,65.95,70.45,65.5,551960,37333619,68.15,68.9
2026/04/16 13:00:30,02693,金岩高岭新材,JINYAN KAOLIN,,4.18,0.08,1.95122,4.1,4.1,4.18,4.0,8500,34835,4.02,4.15
2026/04/16 11:47:24,02695,印象大红袍,IMPRESSION DHP,,2.09,0.01,0.48077,2.08,2.09,2.09,2.08,46000,95700,2.06,2.09
2026/04/16 13:07:13,02696,复宏汉霖,HENLIUS,,83.1,0.45,0.54447,82.65,84.45,84.45,81.2,280000,23132380,82.85,83.1
2026/04/16 13:06:23,02698,乐舒适,SOFTCARE,,31.3,-0.48,-1.51038,31.78,31.74,31.96,31.18,295200,9287516,31.3,31.38
2026/04/16 13:00:05,02699,新明中国,XINMING CHINA,,0.28,0.0,0.0,0.28,0.28,0.28,0.28,4000,1120,0.28,0.285
2026/04/16 11:28:12,02700,格林国际控股,GREEN INTL HLDG,,0.58,0.0,0.0,0.58,0.0,0.0,0.0,0,0,0.55,0.59
2026/04/16 13:06:58,02701,国民技术,NSING TECH,,12.86,0.14,1.10063,12.72,12.77,12.97,12.6,1882200,24119348,12.82,12.86
2026/04/16 13:07:16,02706,海致科技集团,HAIZHI TECH GP,,65.3,3.6,5.83468,61.7,61.7,66.0,59.0,1004308,62689399,65.1,65.3
2026/04/16 13:07:13,02714,牧原股份,MUYUAN,,42.6,-0.4,-0.93023,43.0,43.28,43.48,42.0,721000,30749115,42.52,42.6
2026/04/16 13:07:09,02715,埃斯顿,ESTUN,,13.28,0.34,2.62751,12.94,12.94,13.33,12.94,683400,9020034,13.23,13.29
2026/04/16 13:07:11,02718,明略科技－Ｗ,MININGLAMP-W,,220.6,15.0,7.29572,205.6,205.8,222.6,205.8,87840,19204152,220.39999,221.39999
2026/04/16 13:07:19,02720,乐欣户外,RIDGE OUTDOOR,,25.64,0.02,0.07806,25.62,25.2,25.88,25.2,52500,1348120,25.66,26.36
2026/04/16 13:06:42,02722,重庆机电,CHONGQING M&E,,2.71,0.15,5.85938,2.56,2.62,2.72,2.55,14122388,37360713,2.7,2.71
2026/04/16 13:05:35,02726,瀚天天成,EPIWORLD,,108.7,2.1,1.96998,106.6,106.6,109.9,104.6,72700,7808780,107.8,108.6
2026/04/16 13:06:44,02727,上海电气,SH ELECTRIC,,4.0,0.09,2.30179,3.91,3.91,4.04,3.9,16918000,67265120,3.99,4.0
2026/04/16 08:55:00,02728,金泰能源控股,JINTAI ENERGY H,,0.024,0.0,0.0,0.024,0.0,0.0,0.0,0,0,0.0,0.0
2026/04/16 13:04:47,02729,凯乐士科技,GALAXIS TECH,,41.28,0.32,0.78125,40.96,41.1,41.32,39.54,419000,16907236,40.84,41.28
2026/04/16 09:32:51,02738,华津国际控股,HUAJIN INTL,,0.179,0.0,0.0,0.179,0.0,0.0,0.0,0,0,0.162,0.265
2026/04/16 13:06:59,02768,国恩科技,GON TECHNOLOGY,,48.0,0.4,0.84034,47.6,47.6,48.74,47.2,133000,6387652,47.98,48.22
2026/04/16 13:05:18,02772,中梁控股,ZHONGLIANG HLDG,,0.043,0.001,2.38095,0.042,0.044,0.044,0.04,989500,41617,0.042,0.043
2026/04/16 13:06:07,02777,富力地产,R&F PROPERTIES,,0.39,-0.01,-2.5,0.4,0.4,0.405,0.39,762800,303272,0.39,0.4
2026/04/16 11:00:22,02779,中国新华教育,CH XINHUA EDU,,0.495,0.0,0.0,0.495,0.485,0.495,0.48,408000,200110,0.49,0.495
2026/04/16 13:07:09,02788,创新实业,CHUANGXIN IND,,31.52,0.62,2.00647,30.9,31.34,32.3,30.9,2428500,76608365,31.42,31.52
2026/04/16 11:51:12,02789,远大中国,YUANDA CHINA,,0.189,-0.005,-2.57732,0.194,0.193,0.193,0.185,142000,26598,0.188,0.189
2026/04/16 13:00:31,02798,久泰邦达能源,PER ENERGY,,0.96,-0.02,-2.04082,0.98,0.94,0.97,0.94,55000,52600,0.95,0.98
2026/04/16 13:05:36,02799,中信金融资产,CITIC FAMC,,0.73,0.01,1.38889,0.72,0.72,0.73,0.71,29560000,21297790,0.72,0.73
2026/04/16 13:07:00,02858,易鑫集团,YIXIN,,2.15,-0.03,-1.37615,2.18,2.2,2.2,2.13,4507000,9689540,2.15,2.16
2026/04/16 13:01:18,02863,高丰集团控股,GOLDEN FAITH GP,,0.41,0.04,10.81081,0.37,0.41,0.41,0.41,237000,97170,0.395,0.41
2026/04/16 13:07:17,02865,钧达股份,DRINDA,,32.68,0.9,2.83197,31.78,31.8,33.44,31.52,5494900,179789320,32.68,32.74
2026/04/16 13:05:51,02866,中远海发,COSCO SHIP DEV,,1.18,-0.01,-0.84034,1.19,1.19,1.19,1.17,4154000,4881280,1.17,1.18
2026/04/16 13:06:23,02869,绿城服务,GREENTOWN SER,,4.42,-0.03,-0.67416,4.45,4.56,4.56,4.41,524000,2333706,4.42,4.43
2026/04/16 13:06:49,02877,神威药业,SHINEWAY PHARM,,9.8,-0.15,-1.50754,9.95,9.5,10.06,9.5,781000,7721700,9.8,9.81
2026/04/16 13:00:01,02878,晶门半导体,SOLOMON SYSTECH,,0.365,0.0,0.0,0.365,0.36,0.365,0.36,430000,156120,0.36,0.365
2026/04/16 13:02:24,02880,辽港股份,LIAONING PORT,,0.85,-0.01,-1.16279,0.86,0.87,0.87,0.85,970600,832420,0.85,0.86
2026/04/16 13:04:24,02881,武汉有机,WUHAN YOUJI,,6.85,-0.15,-2.14286,7.0,6.5,6.9,6.1,20500,136295,6.46,6.85
2026/04/16 13:04:01,02882,金至尊集团,3DG HOLDINGS,,0.5,0.0,0.0,0.5,0.0,0.0,0.0,82,37,0.51,0.53
2026/04/16 13:06:47,02883,中海油田服务,CHINA OILFIELD,,8.91,-0.17,-1.87225,9.08,9.08,9.08,8.83,4838000,43045254,8.91,8.92
2026/04/16 12:34:12,02885,彼岸控股,PEIPORT HOLD,,0.93,-0.01,-1.06383,0.94,0.93,0.94,0.92,60000,55640,0.91,0.95
2026/04/16 11:33:45,02886,滨海投资,BINHAI INV,,1.17,-0.02,-1.68067,1.19,1.17,1.19,1.17,654000,772620,1.17,1.18
2026/04/16 13:07:12,02888,渣打集团,STANCHART,,188.6,1.9,1.01768,186.7,188.4,189.2,187.3,307136,57922610,188.60001,188.8
2026/04/16 13:06:59,02889,博泰车联,PATEO,,120.5,-3.2,-2.5869,123.7,125.0,125.4,119.0,533240,64620674,121.0,121.6
2026/04/16 08:55:00,02892,万城控股,MILLION CITIES,,0.44,0.0,0.0,0.44,0.0,0.0,0.0,0,0,0.0,0.0
2026/04/16 08:55:00,02898,盛禾生物－Ｂ,SUNHO BIO-B,,6.39,0.0,0.0,6.39,0.0,0.0,0.0,0,0,0.0,0.0
2026/04/16 13:07:11,02899,紫金矿业,ZIJIN MINING,,37.9,-0.08,-0.21064,37.98,38.0,38.2,37.62,20471217,775159805,37.88,37.9
2026/04/16 08:55:00,02929,STERLING GP-OLD,STERLING GP-OLD,,1.0,0.0,0.0,1.0,0.0,0.0,0.0,0,0,0.0,0.0
2026/04/16 10:49:13,02931,诺比侃（旧）,NUOBIKAN-OLD,,60.0,0.0,0.0,60.0,0.0,0.0,0.0,0,0,60.0,63.0
2026/04/16 10:14:46,02934,圣马丁国际（旧）,SANDMARTIN-OLD,,0.8,0.0,0.0,0.8,0.0,0.0,0.0,0,0,0.77,0.0
2026/04/16 08:55:00,02935,环球华商（一万）,GLOBAL CHI-10K,,17.11,0.0,0.0,17.11,0.0,0.0,0.0,0,0,0.0,0.0
2026/04/16 08:55:00,02938,派格－Ｂ（五百）,PEGBIO CO-B-500,,55.7,0.0,0.0,55.7,0.0,0.0,0.0,0,0,0.0,0.0
2026/04/16 11:55:48,02939,圣马丁国际股权,SANDMARTIN RTS,,0.1,0.012,13.63636,0.088,0.088,0.15,0.088,7806467,902517,0.1,0.103
2026/04/16 13:07:19,03200,大族数控,HANS CNC,,139.6,9.6,7.38462,130.0,131.2,141.8,130.8,877614,121046548,139.2,139.7
2026/04/16 13:07:10,03268,美格智能,MEIG,,25.1,2.46,10.86572,22.64,23.18,26.06,23.02,3869100,94265560,25.1,25.14
2026/04/16 13:07:19,03288,海天味业,HAITIAN FLAV,,36.72,0.22,0.60274,36.5,36.66,36.88,36.44,227539,8338993,36.66,36.72
2026/04/16 13:00:04,03300,中国玻璃,CHINA GLASS,,0.5,0.0,0.0,0.5,0.5,0.5,0.495,648000,321560,0.495,0.5
2026/04/16 13:04:11,03301,融信中国,RONSHINECHINA,,0.103,-0.005,-4.62963,0.108,0.103,0.108,0.102,1454500,151188,0.103,0.105
2026/04/16 11:59:17,03302,精技集团,KINERGY,,0.375,0.0,0.0,0.375,0.375,0.38,0.375,1434000,540610,0.375,0.38
2026/04/16 11:26:35,03303,巨涛海洋石油服务,JUTAL OIL SER,,0.46,0.015,3.37079,0.445,0.45,0.46,0.45,30000,13760,0.44,0.46
2026/04/16 13:05:37,03306,江南布衣,JNBY,,21.82,0.0,0.0,21.82,22.1,22.1,21.4,469500,10176053,21.78,21.82
2026/04/16 11:05:05,03309,希玛医疗,C-MER MEDICAL,,1.26,0.0,0.0,1.26,1.25,1.27,1.25,16000,20180,1.26,1.27
2026/04/16 13:07:09,03311,中国建筑国际,CHINA STATE CON,,8.69,-0.17,-1.91874,8.86,8.86,8.88,8.67,5930001,51813178,8.69,8.7
2026/04/16 13:00:14,03313,雅高控股,ARTGO HOLDINGS,,0.121,0.001,0.83333,0.12,0.12,0.121,0.12,52000,6059,0.117,0.12
2026/04/16 10:57:01,03315,金邦达宝嘉,GOLDPAC GROUP,,0.81,0.0,0.0,0.81,0.0,0.0,0.0,0,0,0.81,0.82
2026/04/16 13:00:08,03316,滨江服务,BINJIANG SER,,24.32,-0.42,-1.69766,24.74,24.2,24.68,24.1,115000,2785790,24.22,24.26
2026/04/16 13:07:11,03317,迅策,XUNCE,,327.8,15.0,4.7954,312.8,314.0,344.8,306.0,3531566,1170619816,327.20001,328.0
2026/04/16 11:30:00,03318,中国波顿,CHINA BOTON,,1.6,0.0,0.0,1.6,0.0,0.0,0.0,0,0,1.52,1.64
2026/04/16 13:03:04,03319,雅生活服务,A-LIVING,,1.93,0.04,2.1164,1.89,1.9,1.94,1.9,282180,544965,1.92,1.93
2026/04/16 13:06:05,03320,华润医药,CHINARES PHARMA,,6.41,0.05,0.78616,6.36,6.35,6.43,6.31,7896823,50344061,6.4,6.41
2026/04/16 13:01:06,03321,中科集团控股,ZHONGKE GROUP,,0.049,0.004,8.88889,0.045,0.045,0.049,0.045,512500,23597,0.046,0.049
2026/04/16 09:43:10,03322,永嘉集团,WIN HANVERKY,,0.203,0.0,0.0,0.203,0.0,0.0,0.0,0,0,0.199,0.203
2026/04/16 13:07:14,03323,中国建材,CNBM,,5.45,-0.04,-0.7286,5.49,5.47,5.64,5.42,19652901,108265456,5.45,5.46
2026/04/16 13:07:08,03328,交通银行,BANKCOMM,,7.13,-0.01,-0.14006,7.14,7.13,7.18,7.12,6135299,43844215,7.12,7.13
2026/04/16 13:00:02,03329,交银国际,BOCOM INTL,,0.35,0.005,1.44928,0.345,0.35,0.355,0.35,281000,98660,0.35,0.355
2026/04/16 13:07:14,03330,灵宝黄金,LINGBAO GOLD,,26.84,0.26,0.97818,26.58,26.88,27.16,26.3,5255600,140343302,26.84,26.88
2026/04/16 13:00:20,03332,中生联合,SINOLIFE UTD,,0.365,0.0,0.0,0.365,0.0,0.0,0.0,0,0,0.36,0.4
2026/04/16 13:01:39,03336,巨腾国际,JU TENG INTL,,2.55,-0.06,-2.29885,2.61,2.65,2.71,2.55,5024000,13205660,2.55,2.56
2026/04/16 11:59:25,03337,安东油田服务,ANTON OILFIELD,,1.04,0.0,0.0,1.04,1.03,1.05,1.03,1114000,1159720,1.03,1.04
2026/04/16 13:05:56,03339,中国龙工,LONKING,,3.29,-0.01,-0.30303,3.3,3.32,3.33,3.26,3551000,11671915,3.28,3.3
2026/04/16 13:06:30,03347,泰格医药,TIGERMED,,43.92,-0.78,-1.74497,44.7,44.7,45.14,43.74,796400,35301933,43.92,43.94
2026/04/16 09:04:36,03348,中国鹏飞集团,CHINA PENGFEI,,1.29,0.0,0.0,1.29,0.0,0.0,0.0,0,0,1.25,1.3
2026/04/16 13:06:44,03355,飞速创新,FS.COM,,53.45,2.15,4.19103,51.3,50.3,53.85,49.62,384100,20062329,53.45,53.85
2026/04/16 13:06:42,03360,远东宏信,FE HORIZON,,7.32,-0.05,-0.67843,7.37,7.45,7.45,7.29,2130000,15612933,7.3,7.32
2026/04/16 13:00:30,03363,正业国际,ZHENGYE INT'L,,0.33,0.0,0.0,0.33,0.0,0.0,0.0,0,0,0.33,0.36
2026/04/16 13:05:27,03366,华侨城（亚洲）,OCT (ASIA),,0.255,0.0,0.0,0.255,0.255,0.255,0.255,104000,26520,0.255,0.27
2026/04/16 09:00:24,03368,百盛集团,PARKSON GROUP,,0.152,0.0,0.0,0.152,0.0,0.0,0.0,0,0,0.146,0.152
2026/04/16 13:06:01,03369,秦港股份,QHD PORT,,2.46,0.0,0.0,2.46,2.46,2.47,2.45,124500,306180,2.46,2.47
2026/04/16 13:07:05,03377,远洋集团,SINO-OCEAN GP,,0.068,-0.001,-1.44928,0.069,0.07,0.07,0.067,20421583,1384279,0.068,0.069
2026/04/16 13:06:49,03378,翰思艾泰－Ｂ,HANXBIO-B,,28.94,-0.26,-0.89041,29.2,29.5,29.98,28.14,32400,939506,28.34,28.66
2026/04/16 11:55:27,03380,龙光集团,LOGAN GROUP,,1.25,-0.02,-1.5748,1.27,1.28,1.28,1.25,772000,973600,1.25,1.26
2026/04/16 13:05:41,03382,天津港发展,TIANJINPORT DEV,,0.69,0.0,0.0,0.69,0.7,0.7,0.69,68504,47492,0.69,0.7
2026/04/16 11:53:15,03383,雅居乐集团,AGILE GROUP,,0.242,0.002,0.83333,0.24,0.244,0.244,0.24,72000,17336,0.241,0.242
2026/04/16 13:00:16,03389,亨得利,HENGDELI,,0.173,0.001,0.5814,0.172,0.173,0.173,0.173,400000,69200,0.173,0.179
2026/04/16 13:00:28,03390,满贯集团,TYCOON GROUP,,0.265,-0.02,-7.01754,0.285,0.29,0.29,0.232,12858000,3256636,0.255,0.265
2026/04/16 13:06:43,03393,威胜控股,WASION HOLDINGS,,31.08,0.42,1.36986,30.66,31.04,31.34,30.42,1858000,57320700,30.98,31.08
2026/04/16 11:16:28,03395,吉星新能源,JX ENERGY,,0.26,0.0,0.0,0.26,0.26,0.26,0.26,29000,7540,0.25,0.26
2026/04/16 13:07:07,03396,联想控股,LEGENDHOLDING,,9.26,0.17,1.87019,9.09,9.11,9.32,9.11,3120900,28702458,9.26,9.27
2026/04/16 11:39:03,03398,华鼎控股,CHINA TING,,0.055,-0.005,-8.33333,0.06,0.056,0.058,0.053,104000,5686,0.055,0.058
2026/04/16 13:03:28,03399,粤运交通,YUEYUN TRANS,,1.49,-0.01,-0.66667,1.5,1.49,1.5,1.48,101000,151080,1.49,1.5
2026/04/16 13:04:39,03600,现代牙科,MODERN DENTAL,,6.5,0.04,0.6192,6.46,6.46,6.55,6.46,308000,2004080,6.49,6.51
2026/04/16 10:43:15,03601,鲁大师,LUDASHI,,0.83,0.0,0.0,0.83,0.83,0.83,0.83,25000,20750,0.82,0.84
2026/04/16 13:04:47,03603,信基沙溪,XINJI SHAXI,,0.067,0.006,9.83607,0.061,0.063,0.08,0.057,2793000,189243,0.062,0.07
2026/04/16 13:05:08,03606,福耀玻璃,FUYAO GLASS,,62.6,0.7,1.13086,61.9,61.75,63.5,61.75,353600,22037180,62.4,62.6
2026/04/16 13:00:03,03613,同仁堂国药,TONGRENTANGCM,,7.66,0.0,0.0,7.66,7.68,7.74,7.65,580000,4458420,7.66,7.67
2026/04/16 13:00:30,03616,恒达集团控股,EVER REACH GP,,0.209,0.0,0.0,0.209,0.0,0.0,0.0,0,0,0.195,0.207
2026/04/16 13:07:01,03618,重庆农村商业银行,CQRC BANK,,6.98,-0.17,-2.37762,7.15,7.08,7.09,6.96,5673000,39802050,6.97,6.98
2026/04/16 11:15:35,03623,中国金融发展,C SUCCESS FIN,,0.74,0.0,0.0,0.74,0.0,0.0,0.0,0,0,0.71,0.74
2026/04/16 13:07:08,03625,傅里叶,FOURSEMI,,138.8,2.1,1.53621,136.7,136.7,149.0,135.0,231426,33107490,138.8,139.7
2026/04/16 09:36:01,03626,启明东方控股,EAST NOVA HLDGS,,2.18,0.0,0.0,2.18,2.2,2.2,2.18,6000,13160,2.16,2.2
2026/04/16 13:00:22,03628,仁恒实业控股,RENHENG ENT,,0.195,0.0,0.0,0.195,0.0,0.0,0.0,0,0,0.172,0.21
2026/04/16 11:58:48,03633,中裕能源,ZHONGYU ENERGY,,2.73,0.0,0.0,2.73,2.75,2.81,2.71,1836000,5022920,2.71,2.73
2026/04/16 13:06:45,03636,金浔资源,JINXUN RESOURCE,,26.64,0.56,2.14724,26.08,26.4,27.46,25.68,168400,4443268,26.64,26.84
2026/04/16 13:00:25,03638,亨利加集团,HUNLICAR GROUP,,8.65,-0.1,-1.14286,8.75,8.75,8.75,8.6,38000,329520,8.64,8.74
2026/04/16 11:43:52,03639,亿达中国,YIDA CHINA,,0.042,0.0,0.0,0.042,0.042,0.042,0.042,4000,168,0.042,0.045
2026/04/16 13:06:23,03650,KEEP,KEEP,,2.94,0.07,2.43902,2.87,2.86,3.02,2.83,669600,1970024,2.94,2.96
2026/04/16 11:38:51,03658,新希望服务,NEW HOPE SERV,,1.95,-0.04,-2.01005,1.99,1.98,1.98,1.95,274000,537140,1.96,2.0
2026/04/16 13:06:25,03660,奇富科技－Ｓ,QFIN-S,,56.0,0.65,1.17435,55.35,55.25,56.2,55.2,22250,1243615,56.1,56.2
2026/04/16 13:05:13,03662,星悦康旅,STARJOY W&T,,0.295,0.0,0.0,0.295,0.295,0.305,0.29,159000,46890,0.29,0.295
2026/04/16 08:55:00,03666,上海小南国,SHANGHAI XNG,,0.024,0.0,0.0,0.024,0.0,0.0,0.0,0,0,0.0,0.0
2026/04/16 13:06:42,03668,兖煤澳大利亚,YANCOAL AUS,,38.66,-0.62,-1.57841,39.28,39.28,39.28,38.54,950700,36931756,38.64,38.68
2026/04/16 13:06:40,03669,永达汽车,YONGDA AUTO,,1.14,-0.01,-0.86957,1.15,1.15,1.16,1.13,698500,799671,1.14,1.15
2026/04/16 13:07:09,03677,正力新能,ZENERGY,,8.01,0.39,5.11811,7.62,7.74,8.1,7.7,11543700,91654443,8.0,8.01
2026/04/16 13:07:05,03678,弘业期货,HOLLY FUTURES,,2.84,0.0,0.0,2.84,2.86,2.89,2.83,2607000,7458920,2.83,2.84
2026/04/16 13:05:26,03680,瑞和数智,RUIHE DATA,,2.46,-0.05,-1.99203,2.51,2.51,2.51,2.3,6094000,14798970,2.46,2.49
2026/04/16 13:00:50,03681,中国抗体－Ｂ,SINOMAB BIO-B,,1.63,-0.06,-3.5503,1.69,1.66,1.7,1.63,2473800,4092558,1.63,1.64
2026/04/16 10:56:33,03683,荣丰亿控股,GREAT HARVEST,,0.064,0.0,0.0,0.064,0.0,0.0,0.0,0,0,0.062,0.064
2026/04/16 11:57:13,03686,祈福生活服务,CLIFFORDML,,0.76,0.01,1.33333,0.75,0.77,0.77,0.76,50000,38100,0.75,0.76
2026/04/16 13:00:31,03688,莱蒙国际,TOP SPRING,,0.305,0.0,0.0,0.305,0.0,0.0,0.0,0,0,0.275,0.31
2026/04/16 11:41:29,03689,康华医疗,KANGHUA HEALTH,,2.06,0.0,0.0,2.06,0.0,0.0,0.0,0,0,2.04,2.15
2026/04/16 13:07:14,03690,美团－Ｗ,MEITUAN-W,,88.25,1.95,2.25956,86.3,86.85,89.15,86.0,22928980,2013236740,88.2,88.25
2026/04/16 13:07:05,03692,翰森制药,HANSOH PHARMA,,39.56,0.16,0.40609,39.4,39.58,40.18,39.42,4019021,159992566,39.54,39.56
2026/04/16 13:07:06,03696,英矽智能,INSILICO,,60.25,-0.1,-0.1657,60.35,60.85,62.95,60.0,2080400,128066540,60.3,60.45
2026/04/16 13:06:32,03698,徽商银行,HUISHANG BANK,,4.83,-0.09,-1.82927,4.92,4.92,4.92,4.8,4251000,20546840,4.82,4.83
2026/04/16 09:04:28,03699,光大永年,EB GRAND CHINA,,0.365,0.0,0.0,0.365,0.0,0.0,0.0,0,0,0.36,0.37
2026/04/16 13:05:06,03700,映宇宙,INKEVERSE,,0.71,-0.03,-4.05405,0.74,0.74,0.74,0.7,539000,384260,0.71,0.73
2026/04/16 11:14:14,03708,世界数字经济产业,WORLD DIGI ECON,,0.238,-0.009,-3.64373,0.247,0.234,0.26,0.233,3160000,765430,0.237,0.249
2026/04/16 13:07:03,03709,赢家时尚,EEKA FASHION,,6.51,0.11,1.71875,6.4,6.39,6.61,6.39,556000,3629462,6.51,6.53
2026/04/16 13:07:03,03718,北控城市资源,BJ ENT URBAN,,0.43,0.0,0.0,0.43,0.43,0.43,0.43,2684000,1154120,0.425,0.43
2026/04/16 09:41:10,03728,正利控股,CHING LEE,,0.062,0.0,0.0,0.062,0.0,0.0,0.0,0,0,0.061,0.065
2026/04/16 13:00:00,03737,中智药业,ZHONGZHIPHARM,,0.84,0.0,0.0,0.84,0.84,0.87,0.83,193000,163840,0.84,0.86
2026/04/16 13:07:01,03738,阜博集团,VOBILE GROUP,,3.83,0.17,4.64481,3.66,3.73,3.89,3.7,17578000,66869600,3.83,3.84
2026/04/16 13:07:14,03750,宁德时代,CATL,,728.5,73.0,11.13654,655.5,684.5,728.5,682.5,3904001,2770462207,728.0,728.5
2026/04/16 13:07:14,03759,康龙化成,PHARMARON,,21.72,0.14,0.64875,21.58,21.88,22.08,21.44,2865125,62551800,21.7,21.72
2026/04/16 09:10:28,03768,滇池水务,DCWT,,0.64,0.0,0.0,0.64,0.0,0.0,0.0,0,0,0.63,0.65
2026/04/16 12:31:42,03773,银盛数惠,YS DIGIFAVOR,,2.19,-0.01,-0.45455,2.2,2.2,2.2,2.1,16000,34640,2.13,2.18
2026/04/16 11:27:38,03778,中国织材控股,CHINA WEAVING,,3.0,0.0,0.0,3.0,3.0,3.0,3.0,40000,120000,2.55,3.0
2026/04/16 13:07:12,03788,罕王黄金,HANKING GOLD,,4.04,0.13,3.32481,3.91,3.91,4.05,3.86,1671000,6634670,4.01,4.04
2026/04/16 10:33:54,03789,御佳控股,ROYAL DELUXE,,0.104,0.0,0.0,0.104,0.0,0.0,0.0,0,0,0.105,0.0
2026/04/16 13:00:00,03798,家乡互动,HOMELAND ITL,,1.35,0.04,3.05344,1.31,1.34,1.35,1.29,104000,140240,1.3,1.31
2026/04/16 13:07:07,03800,协鑫科技,GCL TECH,,0.97,-0.01,-1.02041,0.98,0.99,1.0,0.97,65529000,64410474,0.97,0.98
2026/04/16 13:07:08,03808,中国重汽,SINOTRUK,,42.88,-0.38,-0.87841,43.26,43.62,43.7,42.2,4898020,209736150,42.86,42.9
2026/04/16 11:21:18,03813,宝胜国际,POU SHENG INT'L,,0.41,0.0,0.0,0.41,0.0,0.0,0.0,0,0,0.4,0.41
2026/04/16 13:05:39,03816,ＫＦＭ金德,KFM KINGDOM,,2.42,0.03,1.25523,2.39,2.4,2.42,2.4,56000,134640,2.42,2.48
2026/04/16 13:01:00,03818,中国动向,CHINA DONGXIANG,,0.415,0.0,0.0,0.415,0.415,0.42,0.41,1096000,456050,0.41,0.42
2026/04/16 13:00:24,03822,三和建筑集团,SAM WOO CONS,,1.06,0.0,0.0,1.06,0.0,0.0,0.0,0,0,1.04,1.1
2026/04/16 13:00:02,03828,明辉国际,MING FAI INT'L,,0.8,-0.01,-1.23457,0.81,0.81,0.81,0.8,103000,82850,0.79,0.8
2026/04/16 13:02:05,03830,童园国际,KIDDIELAND,,0.202,-0.016,-7.33945,0.218,0.218,0.218,0.202,2050000,425465,0.202,0.213
2026/04/16 13:04:42,03833,新疆新鑫矿业,XINXIN MINING,,2.3,-0.05,-2.12766,2.35,2.32,2.33,2.28,1664000,3820620,2.3,2.32
2026/04/16 11:59:11,03836,和谐汽车,HARMONY AUTO,,1.07,0.05,4.90196,1.02,1.04,1.09,1.04,1057500,1126475,1.05,1.07
2026/04/16 11:05:46,03838,中国淀粉,CHINA STARCH,,0.176,0.001,0.57143,0.175,0.179,0.179,0.176,255000,45480,0.176,0.177
2026/04/16 13:00:34,03839,正大企业国际,CT ENTERPRISE,,6.78,0.07,1.04322,6.71,6.58,6.78,6.58,1700,11342,6.67,6.76
2026/04/16 09:34:58,03848,浩森金融科技,HAOSEN FINTECH,,11.22,-0.01,-0.08905,11.23,11.22,11.22,11.22,102000,1144440,11.22,0.0
2026/04/16 13:07:14,03858,佳鑫国际资源,JIAXIN INTL RES,,124.3,12.4,11.08132,111.9,113.8,127.6,110.1,3837032,464922442,123.7,123.9
2026/04/16 13:00:07,03860,ＥＰＳ创健科技,EPS HEALTH TECH,,0.56,0.0,0.0,0.56,0.0,0.0,0.0,0,0,0.53,0.56
2026/04/16 13:04:56,03866,青岛银行,BQD,,4.36,-0.01,-0.22883,4.37,4.39,4.39,4.35,536000,2336860,4.34,4.36
2026/04/16 13:00:01,03868,信义能源,XINYI ENERGY,,1.19,0.01,0.84746,1.18,1.18,1.19,1.16,3034000,3555420,1.18,1.19
2026/04/16 09:00:10,03869,弘和仁爱医疗,HOSPITAL CORP,,3.5,0.0,0.0,3.5,0.0,0.0,0.0,0,0,0.0,3.99
2026/04/16 13:04:28,03877,中国船舶租赁,CSSC SHIPPING,,2.47,0.0,0.0,2.47,2.47,2.48,2.45,4095600,10102278,2.46,2.47
2026/04/16 13:04:26,03878,VICON HOLDINGS,VICON HOLDINGS,,0.21,0.0,0.0,0.21,0.0,0.0,0.0,0,0,0.21,0.22
2026/04/16 13:00:11,03880,泰德医药,MEDTIDE,,22.08,-0.02,-0.0905,22.1,22.0,22.2,21.76,55400,1222176,22.02,22.16
2026/04/16 13:07:00,03881,希迪智驾,CIDI,,30.94,-1.98,-6.01458,32.92,33.02,33.88,30.38,4589200,143002886,30.92,30.94
2026/04/16 13:00:25,03882,天彩控股,SKYLIGHT HLDG,,0.5,0.0,0.0,0.5,0.0,0.0,0.0,0,0,0.455,0.495
2026/04/16 11:50:39,03883,中国奥园,CHINA AOYUAN,,0.058,0.001,1.75439,0.057,0.058,0.059,0.057,817355,47598,0.058,0.059
2026/04/16 11:44:41,03886,康健国际医疗,TOWN HEALTH,,0.241,0.0,0.0,0.241,0.243,0.245,0.238,170000,41178,0.237,0.241
2026/04/16 13:06:52,03887,HASHKEY HLDGS,HASHKEY HLDGS,,4.81,0.06,1.26316,4.75,4.75,4.87,4.75,281200,1344720,4.79,4.81
2026/04/16 13:07:03,03888,金山软件,KINGSOFT,,24.38,0.8,3.39271,23.58,23.98,24.64,23.8,9416857,228984374,24.36,24.38
2026/04/16 09:30:36,03889,大成玉米集团,GLOBAL CORN GP,,0.086,0.0,0.0,0.086,0.0,0.0,0.0,0,0,0.085,0.091
2026/04/16 11:59:55,03893,易纬集团,CROSSTEC,,1.09,0.05,4.80769,1.04,1.11,1.11,1.08,242000,263060,1.07,1.11
2026/04/16 13:07:10,03896,金山云,KINGSOFT CLOUD,,8.97,0.26,2.98508,8.71,8.9,9.2,8.76,55768130,504362612,8.96,8.97
2026/04/16 13:06:47,03898,时代电气,TIMES ELECTRIC,,37.8,-0.4,-1.04712,38.2,38.62,38.62,37.48,1048800,39699726,37.8,37.82
2026/04/16 13:04:41,03899,中集安瑞科,CIMC ENRIC,,10.69,-0.08,-0.7428,10.77,10.57,10.87,10.57,1106742,11832418,10.66,10.69
2026/04/16 13:06:53,03900,绿城中国,GREENTOWN CHINA,,9.09,-0.11,-1.19565,9.2,9.2,9.24,9.02,5289000,48069375,9.08,9.09
2026/04/16 08:55:00,03903,瀚华金控,HANHUA FIN,,0.168,0.0,0.0,0.168,0.0,0.0,0.0,0,0,0.0,0.0
2026/04/16 13:07:00,03908,中金公司,CICC,,19.96,0.7,3.63448,19.26,20.02,20.12,19.66,18626980,371213700,19.95,19.96
2026/04/16 13:00:16,03913,合景悠活,KWG LIVING,,0.181,-0.003,-1.63044,0.184,0.184,0.189,0.181,437549,79398,0.181,0.186
2026/04/16 13:04:05,03918,金界控股,NAGACORP,,4.15,-0.05,-1.19048,4.2,4.24,4.24,4.14,2062000,8588590,4.14,4.15
2026/04/16 13:00:11,03919,金力集团,GOLDENPOWER,,1.38,0.0,0.0,1.38,0.0,0.0,0.0,0,0,1.31,1.48
2026/04/16 13:05:09,03928,中国新零售供应链,CHINA NEXT-GEN,,18.09,-0.01,-0.05525,18.1,18.1,18.3,17.9,156000,2824500,17.94,18.1
2026/04/16 13:07:00,03931,中创新航,CALB,,38.0,0.7,1.87668,37.3,37.36,39.3,37.12,6528500,249004726,38.0,38.02
2026/04/16 13:07:13,03933,联邦制药,UNITED LAB,,10.11,-0.2,-1.93986,10.31,10.3,10.31,10.11,2154000,21944534,10.11,10.12
2026/04/16 11:11:08,03938,ＬＦＧ投资控股,LFG INV HLDGS,,3.67,-0.04,-1.07817,3.71,3.79,3.79,3.67,18000,66640,3.66,3.7
2026/04/16 13:07:05,03939,万国黄金集团,WANGUO GOLD GP,,13.35,0.02,0.15004,13.33,13.46,13.46,13.19,7799000,103862004,13.35,13.36
2026/04/16 13:06:23,03958,东方证券,DFZQ,,6.09,0.12,2.01005,5.97,6.07,6.14,5.98,5682000,34555348,6.09,6.1
2026/04/16 09:00:52,03963,融众金融,RONGZHONG FIN,,0.138,0.0,0.0,0.138,0.0,0.0,0.0,0,0,0.132,0.0
2026/04/16 13:06:44,03968,招商银行,CM BANK,,51.35,0.55,1.08268,50.8,51.0,51.45,51.0,7228114,370248555,51.3,51.35
2026/04/16 13:06:53,03969,中国通号,CHINA CRSC,,3.61,-0.05,-1.36612,3.66,3.63,3.65,3.6,1739000,6292680,3.61,3.62
2026/04/16 13:00:00,03978,卓越教育集团,BESTSTUDY EDU,,3.41,-0.01,-0.2924,3.42,3.42,3.47,3.4,136000,466330,3.41,3.42
2026/04/16 13:03:30,03983,中海石油化学,CHINA BLUECHEM,,2.79,0.02,0.72202,2.77,2.78,2.82,2.74,2473313,6871796,2.78,2.79
2026/04/16 13:07:13,03986,兆易创新,GIGADEVICE,,440.0,32.4,7.94897,407.6,409.0,445.0,398.8,1257029,534614469,438.79999,440.0
2026/04/16 13:07:10,03988,中国银行,BANK OF CHINA,,5.1,-0.03,-0.5848,5.13,5.14,5.15,5.1,48800273,249831984,5.1,5.11
2026/04/16 13:04:48,03989,首创环境,CAPITAL ENV,,0.101,-0.002,-1.94175,0.103,0.103,0.105,0.1,306000,31342,0.1,0.101
2026/04/16 13:03:34,03990,美的置业,MIDEA REAL EST,,3.41,-0.11,-3.125,3.52,3.52,3.57,3.41,579600,2023852,3.41,3.42
2026/04/16 10:11:48,03991,长虹佳华,CHANGHONG JH,,1.13,0.0,0.0,1.13,1.13,1.13,1.13,380000,429400,1.13,1.14
2026/04/16 13:07:15,03993,洛阳钼业,CMOC,,19.48,0.16,0.82816,19.32,19.32,19.6,19.13,18118082,350528806,19.47,19.48
2026/04/16 13:07:13,03996,中国能源建设,CH ENERGY ENG,,1.26,0.01,0.8,1.25,1.25,1.27,1.25,29714000,37379650,1.26,1.27
2026/04/16 13:00:25,03997,电讯首科,TSO,,0.88,0.0,0.0,0.88,0.0,0.0,0.0,0,0,0.89,0.97
2026/04/16 13:07:01,03998,波司登,BOSIDENG,,4.11,0.07,1.73267,4.04,4.1,4.17,4.08,9770652,40191526,4.11,4.12
2026/04/16 09:31:32,03999,大成食品,DACHAN FOOD,,0.61,0.0,0.0,0.61,0.0,0.0,0.0,0,0,0.59,0.61
2026/04/16 09:05:34,04332,AMGEN-T,AMGEN-T,,0.0,0.0,0.0,0.0,0.0,0.0,0.0,0,0,0.185,0.0
2026/04/16 09:03:22,04333,思科－Ｔ,CISCO-T,,150.0,0.0,0.0,150.0,0.0,0.0,0.0,0,0,250.0,620.0
2026/04/16 09:02:40,04335,英特尔－Ｔ,INTEL-T,,0.0,0.0,0.0,0.0,0.0,0.0,0.0,0,0,100.0,0.0
2026/04/16 09:03:00,04336,应用材料－Ｔ,APPL MATERIAL-T,,0.0,0.0,0.0,0.0,0.0,0.0,0.0,0,0,700.0,0.0
2026/04/16 09:03:21,04337,星巴克－Ｔ,STARBUCKS-T,,0.0,0.0,0.0,0.0,0.0,0.0,0.0,0,0,500.0,0.0
2026/04/16 09:03:39,04338,微软－Ｔ,MICROSOFT-T,,0.0,0.0,0.0,0.0,0.0,0.0,0.0,0,0,2000.0,0.0
2026/04/16 13:07:03,06030,中信证券,CITIC SEC,,27.34,0.46,1.71131,26.88,27.2,27.7,27.1,8416397,230904229,27.26,27.32
2026/04/16 13:07:01,06031,三一重工,SANY HEAVY IND,,21.76,-0.44,-1.98198,22.2,22.02,22.5,21.72,1708600,37456972,21.76,21.78
2026/04/16 10:53:20,06033,电讯数码控股,TELECOM DIGIT,,0.57,0.0,0.0,0.57,0.57,0.57,0.57,7000,3990,0.57,0.6
2026/04/16 13:01:48,06036,光丽科技,APEX ACE HLDG,,0.49,0.005,1.03093,0.485,0.48,0.5,0.48,240000,117550,0.48,0.51
2026/04/16 11:29:15,06038,信越控股,G & M HLDGS,,0.395,0.02,5.33333,0.375,0.38,0.395,0.38,40000,15600,0.385,0.39
2026/04/16 13:06:35,06049,保利物业,POLY PPT SER,,31.58,-0.12,-0.37855,31.7,31.88,31.88,31.54,228400,7237882,31.56,31.58
2026/04/16 13:07:00,06055,中烟香港,CTIHK,,31.46,0.76,2.47557,30.7,30.98,31.56,30.7,1171000,36647280,31.44,31.48
2026/04/16 11:59:00,06058,兴证国际,CISI FIN,,0.54,0.02,3.84615,0.52,0.52,0.54,0.52,1358000,717200,0.53,0.54
2026/04/16 13:07:15,06060,众安在线,ZA ONLINE,,12.78,0.1,0.78864,12.68,12.78,12.81,12.63,4977500,63249356,12.78,12.79
2026/04/16 11:49:56,06063,智中国际,LOTUS HORIZON,,0.46,0.01,2.22222,0.45,0.45,0.46,0.435,8048000,3575200,0.44,0.46
2026/04/16 13:06:56,06066,中信建投证券,CSC,,11.2,0.25,2.28311,10.95,11.01,11.3,11.01,2095500,23425972,11.14,11.2
2026/04/16 09:51:59,06068,光正教育,WISDOM EDU INTL,,0.071,0.0,0.0,0.071,0.0,0.0,0.0,0,0,0.067,0.07
2026/04/16 13:05:22,06069,盛业,SY HOLDINGS,,9.5,-0.09,-0.93848,9.59,9.83,9.83,9.5,5710000,54960775,9.51,9.56
2026/04/16 13:02:16,06078,海吉亚医疗,HYGEIA HEALTH,,12.42,-0.06,-0.48077,12.48,12.48,12.55,12.36,885200,11012107,12.41,12.43
2026/04/16 13:00:05,06080,荣智控股,WING CHI HLDGS,,0.135,0.005,3.84615,0.13,0.13,0.135,0.124,534000,69918,0.128,0.135
2026/04/16 13:07:10,06082,壁仞科技,BIREN TECH,,46.62,8.04,20.83981,38.58,39.0,47.66,38.72,24051040,1053031572,46.48,46.62
2026/04/16 11:59:39,06083,环宇物流（亚洲）,WORLD-LINK LOG,,0.58,0.0,0.0,0.58,0.59,0.59,0.58,88000,51840,0.58,0.59
2026/04/16 13:03:35,06086,方舟健客,FANGZHOU JIANKE,,1.4,0.03,2.18978,1.37,1.37,1.41,1.33,730000,1014760,1.4,1.41
2026/04/16 13:07:15,06088,FIT HON TENG,FIT HON TENG,,7.82,0.32,4.26667,7.5,7.63,7.95,7.36,31861000,245007035,7.81,7.82
2026/04/16 13:07:13,06090,不同集团,BUTONG GROUP,,42.0,1.64,4.06343,40.36,41.0,46.16,40.7,8647630,373229035,42.0,42.1
2026/04/16 10:47:10,06093,和泓服务,HEVOL SERVICES,,0.67,0.0,0.0,0.67,0.0,0.0,0.0,0,0,0.64,0.75
2026/04/16 13:07:03,06098,碧桂园服务,CG SERVICES,,6.31,-0.04,-0.62992,6.35,6.31,6.34,6.29,1922414,12132276,6.29,6.31
2026/04/16 13:07:12,06099,招商证券,CMSC,,14.01,0.13,0.9366,13.88,14.0,14.15,13.88,1492200,20933096,14.01,14.03
2026/04/16 13:04:15,06100,同道猎聘,TONGDAO LIEPIN,,2.8,0.03,1.08303,2.77,2.8,2.87,2.74,435600,1220100,2.8,2.83
2026/04/16 11:56:19,06108,新锐医药,NEW RAY MEDIC,,0.213,-0.001,-0.46729,0.214,0.213,0.213,0.213,100800,21408,0.203,0.208
2026/04/16 13:06:02,06110,滔搏,TOPSPORTS,,2.87,0.05,1.77305,2.82,2.82,2.88,2.82,3807000,10836318,2.86,2.87
2026/04/16 13:00:30,06113,比特策略,BITSTRAT HLDGS,,1.29,0.18,16.21622,1.11,1.13,1.29,1.13,20000,24040,1.07,1.28
2026/04/16 09:00:22,06117,日照港裕廊,RIZHAO PORT JR,,0.66,0.0,0.0,0.66,0.0,0.0,0.0,0,0,0.65,0.68
2026/04/16 11:56:03,06118,奥星生命科技,AUSTAR,,0.8,-0.05,-5.88235,0.85,0.9,0.9,0.8,449000,368060,0.8,0.81
2026/04/16 08:55:00,06119,天源集团,TIAN YUAN GP,,0.44,0.0,0.0,0.44,0.0,0.0,0.0,0,0,0.0,0.0
2026/04/16 11:28:24,06123,圆通国际快递,YTO INTL EXP,,1.42,0.0,0.0,1.42,1.42,1.42,1.42,58000,82360,1.42,1.46
2026/04/16 13:07:14,06127,昭衍新药,JOINN,,22.7,-0.12,-0.52586,22.82,22.8,23.12,22.32,1897552,43163998,22.7,22.72
2026/04/16 13:06:54,06128,烯石电车新材料,GRAPHEX GROUP,,0.054,-0.002,-3.57143,0.056,0.056,0.059,0.053,4000000,217010,0.053,0.055
2026/04/16 08:55:00,06133,维太创科,VITAL INNO,,0.27,0.0,0.0,0.27,0.0,0.0,0.0,0,0,0.0,0.0
2026/04/16 11:43:29,06136,康达环保,KANGDA ENV,,0.74,0.02,2.77778,0.72,0.72,0.74,0.72,70000,51580,0.72,0.74
2026/04/16 13:03:01,06138,哈尔滨银行,HARBIN BANK,,0.335,-0.005,-1.47059,0.34,0.34,0.34,0.335,393000,133600,0.335,0.34
2026/04/16 13:00:11,06158,正荣地产,ZHENRO PPT,,0.019,0.001,5.55556,0.018,0.016,0.02,0.016,146000,2634,0.018,0.019
2026/04/16 13:07:08,06160,百济神州,BEONE MEDICINES,,194.4,3.9,2.04724,190.5,193.0,196.0,192.0,2476974,481423555,194.39999,194.5
2026/04/16 13:00:02,06162,天瑞汽车内饰,TR INTERIORS,,0.183,0.005,2.80899,0.178,0.184,0.184,0.171,464000,82936,0.179,0.183
2026/04/16 10:33:58,06163,彭顺国际,GEMILANG INTL,,0.275,0.005,1.85185,0.27,0.275,0.275,0.275,8000,2200,0.27,0.3
2026/04/16 13:07:14,06166,剑桥科技,CIG,,89.5,3.15,3.64794,86.35,85.95,90.2,84.55,3169925,277769032,89.45,89.5
2026/04/16 13:06:24,06168,周六福,ZHOU LIU FU,,18.42,0.22,1.20879,18.2,18.0,18.49,18.0,256500,4688600,18.38,18.41
2026/04/16 11:59:19,06169,宇华教育,YUHUA EDU,,0.465,0.0,0.0,0.465,0.485,0.485,0.46,654000,306970,0.465,0.47
2026/04/16 13:06:52,06178,光大证券,EB SECURITIES,,8.13,0.05,0.61881,8.08,8.08,8.2,8.08,1959000,15954504,8.12,8.13
2026/04/16 13:07:07,06181,老铺黄金,LAOPU GOLD,,659.0,-14.0,-2.08024,673.0,673.0,680.0,656.5,337000,223678795,658.5,659.0
2026/04/16 08:55:00,06182,乙德投资控股,TWINTEK,,0.74,0.0,0.0,0.74,0.0,0.0,0.0,0,0,0.0,0.0
2026/04/16 13:05:53,06185,康希诺生物,CANSINOBIO,,34.72,0.48,1.40187,34.24,34.34,34.96,33.98,433200,14956622,34.6,34.74
2026/04/16 13:07:13,06186,中国飞鹤,CHINA FEIHE,,3.4,0.0,0.0,3.4,3.42,3.42,3.33,11744000,39498840,3.39,3.4
2026/04/16 13:00:30,06188,迪信通,BJ DIGITAL,,0.42,0.0,0.0,0.42,0.0,0.0,0.0,0,0,0.355,0.415
2026/04/16 08:55:00,06189,爱得威建设集团,ADWAY,,0.072,0.0,0.0,0.072,0.0,0.0,0.0,0,0,0.0,0.0
2026/04/16 13:00:22,06190,九江银行,BANKOFJIUJIANG,,2.31,0.0,0.0,2.31,0.0,0.0,0.0,0,0,2.2,2.27
2026/04/16 13:00:25,06193,泰林科建,TAILAM TECHCON,,0.29,0.005,1.75439,0.285,0.3,0.325,0.29,178000,55230,0.29,0.32
2026/04/16 13:06:51,06196,郑州银行,BANKOFZHENGZHOU,,1.02,0.01,0.9901,1.01,1.02,1.02,1.01,879000,893310,1.01,1.02
2026/04/16 13:06:56,06198,青岛港,QINGDAO PORT,,7.61,0.22,2.977,7.39,7.4,7.61,7.4,2268000,17149445,7.6,7.61
2026/04/16 09:38:13,06199,贵州银行,BANK OF GUIZHOU,,0.99,0.0,0.0,0.99,0.0,0.0,0.0,0,0,0.99,1.0
2026/04/16 13:06:46,06600,卧安机器人,ONEROBOTICS,,116.7,-1.3,-1.1017,118.0,120.0,124.4,113.8,480207,56543496,116.3,116.8
2026/04/16 13:02:45,06601,朝云集团,CHEERWIN GP,,2.35,-0.03,-1.2605,2.38,2.38,2.39,2.34,597000,1411585,2.35,2.36
2026/04/16 13:06:35,06603,IFBH,IFBH,,11.33,-0.2,-1.73461,11.53,11.53,11.54,11.13,889200,10075188,11.33,11.35
2026/04/16 13:07:05,06608,百融云－Ｗ,BAIRONG-W,,7.07,-0.07,-0.98039,7.14,7.31,7.5,7.07,925000,6722855,7.06,7.07
2026/04/16 13:04:45,06609,心玮医疗－Ｂ,HEARTCARE-B,,54.15,-1.55,-2.78277,55.7,55.95,55.95,53.55,61650,3326050,54.15,54.55
2026/04/16 13:05:30,06610,飞天云动,FLOWING CLOUD,,1.59,-0.34,-17.61658,1.93,1.93,1.93,1.38,1975451,3324155,1.59,1.64
2026/04/16 08:55:00,06611,三巽集团,SANXUN GROUP,,0.046,0.0,0.0,0.046,0.0,0.0,0.0,0,0,0.0,0.0
2026/04/16 13:07:15,06613,蓝思科技,LENS,,16.77,-2.89,-14.6999,19.66,18.15,18.15,15.68,49134401,810176448,16.75,16.77
2026/04/16 13:07:12,06616,环球新材国际,GLOBAL NEW MAT,,7.29,-0.01,-0.13699,7.3,7.39,7.62,6.88,1978000,14431659,7.29,7.35
2026/04/16 13:06:59,06618,京东健康,JD HEALTH,,49.68,0.62,1.26376,49.06,48.96,50.0,48.74,2114100,104771662,49.66,49.68
2026/04/16 13:06:27,06622,兆科眼科－Ｂ,ZHAOKE OPHTH-B,,3.06,0.01,0.32787,3.05,3.07,3.07,3.02,445000,1356000,3.06,3.07
2026/04/16 08:55:00,06623,陆控,LUFAX,,10.9,0.0,0.0,10.9,0.0,0.0,0.0,0,0,0.0,0.0
2026/04/16 13:00:36,06626,越秀服务,YUEXIU SERVICES,,1.73,-0.01,-0.57471,1.74,1.75,1.75,1.73,330000,574795,1.73,1.75
2026/04/16 13:00:45,06628,创胜集团医药－Ｂ,TRANSCENTA-B,,2.76,-0.04,-1.42857,2.8,2.8,2.8,2.74,191000,525965,2.74,2.77
2026/04/16 09:01:14,06633,青瓷游戏,QINGCI GAMES,,2.77,0.0,0.0,2.77,0.0,0.0,0.0,0,0,2.71,0.0
2026/04/16 13:07:09,06636,极视角,EXTREME VISION,,99.4,5.2,5.52017,94.2,95.95,105.5,93.35,549900,55230292,99.4,100.1
2026/04/16 08:55:00,06639,瑞尔集团,ARRAIL GROUP,,1.83,0.0,0.0,1.83,0.0,0.0,0.0,0,0,0.0,0.0
2026/04/16 13:07:15,06651,五一视界,51WORLD,,58.0,1.5,2.65487,56.5,56.4,58.5,52.25,10954698,601314476,57.85,58.05
2026/04/16 13:07:12,06655,华新建材,HX BLDG MAT,,17.48,0.0,0.0,17.48,17.5,17.8,17.28,999008,17492071,17.48,17.53
2026/04/16 13:07:09,06656,思格新能,SIGENERGY,,593.0,268.79999,82.91178,324.20001,581.0,610.0,560.5,5715277,3334239685,592.5,594.5
2026/04/16 13:00:01,06657,百望股份,BAIWANG CO,,14.6,-0.4,-2.66667,15.0,15.01,15.01,14.6,1200,17601,14.2,14.98
2026/04/16 13:05:21,06660,艾美疫苗,AIM VACCINE,,3.0,-0.04,-1.31579,3.04,2.95,3.1,2.89,2233400,6654064,3.02,3.04
2026/04/16 08:55:00,06661,湖州燃气,HUZHOU GAS,,5.28,0.0,0.0,5.28,0.0,0.0,0.0,0,0,0.0,0.0
2026/04/16 11:29:24,06663,国际永胜集团,IWS GROUP,,0.255,-0.015,-5.55556,0.27,0.27,0.27,0.255,120000,32000,0.255,0.265
2026/04/16 13:06:41,06666,恒大物业,EVERG SERVICES,,1.23,0.04,3.36135,1.19,1.2,1.24,1.2,24875858,30422244,1.22,1.23
2026/04/16 13:00:40,06667,美因基因,MEGA GENOMICS,,7.31,0.0,0.0,7.31,0.0,0.0,0.0,10000,73100,7.31,7.5
2026/04/16 13:00:07,06668,星盛商业,E-STAR CM,,1.36,-0.01,-0.72993,1.37,1.36,1.36,1.35,171000,232440,1.36,1.37
2026/04/16 13:00:34,06669,先瑞达医疗－Ｂ,ACOTEC-B,,11.06,-0.39,-3.40611,11.45,11.4,11.47,11.02,111000,1241700,11.07,11.15
2026/04/16 13:05:48,06676,找钢网－Ｗ,ZG GROUP-W,,1.28,0.0,0.0,1.28,1.29,1.29,1.26,492000,627060,1.28,1.29
2026/04/16 09:30:11,06677,远洋服务,SINO-OCEAN SERV,,0.35,0.0,0.0,0.35,0.0,0.0,0.0,0,0,0.34,0.35
2026/04/16 13:07:09,06680,金力永磁,JLMAG,,21.26,0.68,3.30418,20.58,20.9,21.3,20.56,2859000,59965043,21.2,21.3
2026/04/16 13:07:01,06681,脑动极光－Ｂ,BRAINAURORA-B,,4.19,0.0,0.0,4.19,4.23,4.31,4.17,6160000,26043220,4.18,4.19
2026/04/16 13:07:06,06682,范式智能,PHANCY,,40.4,0.54,1.35474,39.86,40.58,40.78,39.88,1759100,70930597,40.42,40.48
2026/04/16 13:07:14,06683,巨星传奇,STARPLUS LEGEND,,6.22,0.11,1.80033,6.11,6.15,6.26,6.15,6116500,38026880,6.21,6.22
2026/04/16 10:47:45,06686,诺亚控股,NOAH HOLDINGS,,17.45,-0.25,-1.41243,17.7,17.5,17.5,17.37,2900,50719,17.46,17.5
2026/04/16 13:06:57,06687,聚水潭,JST GROUP,,19.98,0.96,5.04732,19.02,19.06,20.7,19.06,2017600,40435388,19.87,19.98
2026/04/16 13:07:03,06690,海尔智家,HAIER SMARTHOME,,21.16,0.24,1.14723,20.92,20.8,21.24,20.8,7585363,159568146,21.14,21.16
2026/04/16 13:07:06,06693,赤峰黄金,CHIFENG GOLD,,41.98,0.18,0.43062,41.8,42.5,42.5,41.52,2351800,98354568,41.92,41.98
2026/04/16 08:55:00,06696,多想云,MANY IDEA CLOUD,,2.94,0.0,0.0,2.94,0.0,0.0,0.0,0,0,0.0,0.0
2026/04/16 10:51:04,06698,星空华文,STAR CM,,1.07,0.07,7.0,1.0,1.0,1.08,1.0,23000,24461,1.02,1.06
2026/04/16 13:05:47,06699,时代天使,ANGELALIGN,,90.55,0.15,0.16593,90.4,90.4,91.5,89.35,305690,27780966,90.55,90.6
2026/04/16 11:57:46,06805,金茂源环保,KIMOU ENVIRON,,2.8,-0.08,-2.77778,2.88,2.88,2.9,2.8,16000,45640,2.8,2.88
2026/04/16 13:06:52,06806,申万宏源,SWHY,,2.9,0.04,1.3986,2.86,2.88,2.92,2.88,6678400,19360768,2.89,2.9
2026/04/16 13:05:43,06808,高鑫零售,SUNART RETAIL,,1.48,0.03,2.06897,1.45,1.46,1.48,1.4,7221500,10300457,1.47,1.48
2026/04/16 13:07:17,06809,澜起科技,MONTAGE TECH,,223.4,21.0,10.37549,202.4,202.4,224.0,199.4,1470163,317342578,223.0,223.60001
2026/04/16 11:55:24,06811,太兴集团,TAI HING GROUP,,1.09,0.0,0.0,1.09,1.09,1.09,1.09,44000,47960,1.09,1.1
2026/04/16 11:54:28,06812,永顺控股香港,WINSON HLDGS HK,,0.295,-0.005,-1.66667,0.3,0.295,0.295,0.295,5000,1475,0.3,0.325
2026/04/16 08:55:00,06816,瑞港建设,PROSPER CONS,,0.19,0.0,0.0,0.19,0.0,0.0,0.0,0,0,0.0,0.0
2026/04/16 13:04:56,06818,中国光大银行,CEB BANK,,3.16,0.03,0.95847,3.13,3.14,3.19,3.12,10740000,33934366,3.16,3.17
2026/04/16 11:54:06,06820,友谊时光,FRIENDTIMES,,0.49,0.005,1.03093,0.485,0.495,0.495,0.48,44000,21460,0.475,0.49
2026/04/16 13:07:02,06821,凯莱英,ASYMCHEM,,99.0,0.35,0.35479,98.65,100.4,101.8,98.65,174400,17538700,99.05,99.7
2026/04/16 09:10:54,06822,科劲国际,KING'S FLAIR,,0.4,0.0,0.0,0.4,0.0,0.0,0.0,0,0,0.375,0.42
2026/04/16 13:06:48,06823,香港电讯－ＳＳ,HKT-SS,,12.46,0.12,0.97245,12.34,12.33,12.52,12.3,8230565,102010131,12.46,12.47
2026/04/16 13:01:20,06826,昊海生物科技,HAOHAI BIOTEC,,21.82,-0.12,-0.54695,21.94,22.02,22.04,21.82,65200,1426904,21.8,21.88
2026/04/16 09:30:38,06828,北京燃气蓝天,BG BLUE SKY,,0.038,0.0,0.0,0.038,0.0,0.0,0.0,0,0,0.036,0.038
2026/04/16 13:01:37,06829,龙升集团控股,DRAGON RISE GP,,2.5,-0.05,-1.96078,2.55,2.51,2.51,2.5,50000,124300,2.41,2.49
2026/04/16 10:27:36,06830,华众车载,HUAZHONG IN-V,,0.238,-0.006,-2.45902,0.244,0.233,0.238,0.232,272000,63378,0.233,0.238
2026/04/16 13:07:13,06831,绿茶集团,GREEN TEA GROUP,,8.39,-0.01,-0.11905,8.4,8.57,8.6,8.38,1673200,14172928,8.39,8.4
2026/04/16 13:04:50,06833,兴科蓉医药,SINCO PHARMA,,0.171,0.001,0.58824,0.17,0.171,0.171,0.171,76000,12996,0.168,0.179
2026/04/16 13:00:30,06838,盈利时,WINOX,,0.221,0.0,0.0,0.221,0.0,0.0,0.0,0,0,0.22,0.234
2026/04/16 13:00:28,06839,云南水务,YUNNAN WATER,,0.117,0.0,0.0,0.117,0.0,0.0,0.0,0,0,0.115,0.119
2026/04/16 13:07:02,06855,亚盛医药－Ｂ,ASCENTAGE-B,,53.0,-0.1,-0.18832,53.1,53.7,54.0,52.55,1756540,93822902,52.9,53.0
2026/04/16 09:04:27,06858,本间高尔夫,HONMAGOLF,,3.0,0.0,0.0,3.0,0.0,0.0,0.0,0,0,2.8,3.02
2026/04/16 11:58:13,06860,指尖悦动,FINGERTANGO,,0.185,0.0,0.0,0.185,0.187,0.187,0.185,37000,6873,0.178,0.185
2026/04/16 13:07:16,06862,海底捞,HAIDILAO,,15.26,0.79,5.45957,14.47,14.6,15.43,14.6,19749237,300887105,15.26,15.27
2026/04/16 13:06:20,06865,福莱特玻璃,FLAT GLASS,,9.42,0.19,2.05851,9.23,9.35,9.46,9.26,954000,8937209,9.4,9.42
2026/04/16 13:02:11,06866,佐力小贷,ZUOLI M-FIN,,0.315,-0.01,-3.07692,0.325,0.315,0.32,0.315,100000,31830,0.315,0.335
2026/04/16 11:53:16,06868,天福,TENFU,,2.82,-0.04,-1.3986,2.86,2.87,2.87,2.82,3000,8560,2.78,2.86
2026/04/16 13:07:18,06869,长飞光纤光缆,YOFC,,220.2,14.6,7.10117,205.6,203.0,220.6,199.0,12109444,2535150350,220.2,220.39999
2026/04/16 13:00:16,06877,TE HEALTHCARE,TE HEALTHCARE,,0.138,0.003,2.22222,0.135,0.136,0.139,0.136,1005000,138470,0.141,0.148
2026/04/16 08:55:00,06878,鼎丰集团汽车,DIFFER GP AUTO,,0.037,0.0,0.0,0.037,0.0,0.0,0.0,0,0,0.0,0.0
2026/04/16 13:07:15,06881,中国银河,CGS,,8.73,0.07,0.80831,8.66,8.76,8.85,8.68,10721500,93828180,8.73,8.74
2026/04/16 11:56:05,06882,东瀛游,EGL HOLDINGS,,0.52,0.02,4.0,0.5,0.5,0.52,0.5,40000,20500,0.5,0.52
2026/04/16 08:55:00,06883,颖通控股,ETERNAL BEAUTY,,2.03,0.0,0.0,2.03,0.0,0.0,0.0,0,0,0.0,0.0
2026/04/16 11:35:05,06885,金马能源,JINMA ENERGY,,1.06,-0.01,-0.93458,1.07,1.06,1.06,1.05,241000,255440,1.05,1.06
2026/04/16 13:07:19,06886,HTSC,HTSC,,16.38,0.39,2.43902,15.99,15.99,16.46,15.99,7181000,116887084,16.38,16.39
2026/04/16 13:06:00,06887,东阳光药,SUNSHINE PHARMA,,44.7,0.52,1.177,44.18,43.6,44.98,43.56,121491,5428081,44.68,44.7
2026/04/16 13:00:10,06888,英达公路再生科技,FREETECH,,0.137,0.0,0.0,0.137,0.0,0.0,0.0,0,0,0.13,0.137
2026/04/16 13:00:13,06889,DYNAM JAPAN,DYNAM JAPAN,,3.28,-0.07,-2.08955,3.35,3.28,3.28,3.28,1200,3938,3.3,3.34
2026/04/16 09:00:53,06890,康利国际控股,KANGLI INT HLDG,,0.35,0.0,0.0,0.35,0.0,0.0,0.0,0,0,0.345,0.355
2026/04/16 13:00:02,06893,衍生集团,HINSANG GROUP,,0.233,-0.011,-4.5082,0.244,0.231,0.233,0.231,24000,5552,0.236,0.24
2026/04/16 13:05:43,06896,金嗓子,GOLDEN THROAT,,3.65,-0.06,-1.61725,3.71,3.69,3.69,3.65,204500,748160,3.64,3.65
2026/04/16 10:09:23,06898,中国铝罐,CHINA ALUMCAN,,0.74,0.0,0.0,0.74,0.0,0.0,0.0,0,0,0.69,0.71
2026/04/16 08:55:00,06899,联众,OURGAME,,0.23,0.0,0.0,0.23,0.0,0.0,0.0,0,0,0.0,0.0
2026/04/16 13:03:28,06908,宏光半导体,HG SEMI,,0.435,0.0,0.0,0.435,0.435,0.435,0.425,536000,230810,0.43,0.435
2026/04/16 11:18:43,06909,百得利控股,BETTERLIFE HLDG,,0.33,-0.01,-2.94118,0.34,0.34,0.34,0.33,296000,97880,0.325,0.33
2026/04/16 13:03:10,06911,澜沧古茶,LANCANG TEA,,2.99,0.0,0.0,2.99,0.0,0.0,0.0,0,0,2.26,3.4
2026/04/16 11:08:31,06913,华南职业教育,SCVE GROUP,,0.198,-0.01,-4.80769,0.208,0.199,0.202,0.198,404000,80406,0.198,0.209
2026/04/16 13:03:37,06918,奇士达,KIDZTECH,,0.16,0.002,1.26582,0.158,0.158,0.16,0.158,37654000,6024312,0.155,0.162
2026/04/16 11:50:54,06919,人瑞人才,RENRUI HR,,3.81,0.11,2.97297,3.7,3.8,3.81,3.8,139200,530216,3.8,3.81
2026/04/16 13:00:16,06922,康沣生物－Ｂ,CRYOFOCUS-B,,5.68,0.02,0.35336,5.66,5.78,5.81,5.66,8400,48078,5.69,5.7
2026/04/16 13:00:06,06928,万马控股,TOMO HOLDINGS,,0.235,-0.013,-5.24194,0.248,0.223,0.255,0.223,792000,182608,0.229,0.236
2026/04/16 13:02:42,06929,业聚医疗,ORBUSNEICH,,4.06,0.0,0.0,4.06,0.0,0.0,0.0,0,0,4.02,4.03
2026/04/16 13:00:02,06933,新娱科控股,SINO-ENTERTAIN,,0.76,0.02,2.7027,0.74,0.74,0.78,0.74,640000,486100,0.74,0.78
2026/04/16 13:07:07,06936,顺丰控股,SF HOLDING,,36.0,-0.14,-0.38738,36.14,36.4,36.4,35.66,773600,27777292,35.92,36.0
2026/04/16 13:07:16,06938,瑞博生物－Ｂ,RIBOLIFE-B,,67.0,-4.0,-5.6338,71.0,70.25,70.25,67.0,165400,11257200,67.0,67.25
2026/04/16 11:38:22,06939,美佳音控股,MEGAIN,,1.72,-0.01,-0.57804,1.73,1.73,1.75,1.69,276000,473740,1.72,1.74
2026/04/16 13:06:18,06955,博安生物,BOAN BIOTECH,,7.05,-0.23,-3.15934,7.28,7.3,7.3,7.0,2520200,17839108,7.05,7.07
2026/04/16 11:27:53,06958,正荣服务,ZHENRO SERVICES,,0.099,-0.002,-1.9802,0.101,0.106,0.106,0.099,557000,57355,0.099,0.107
2026/04/16 11:46:51,06959,长久股份,CHANGJIU HLDGS,,3.8,-0.08,-2.06186,3.88,3.91,4.0,3.8,36800,142344,3.8,4.0
2026/04/16 13:07:02,06960,双登股份,SHUANGDENG,,14.32,0.34,2.43205,13.98,14.16,14.46,14.09,435000,6210580,14.3,14.38
2026/04/16 13:07:13,06963,阳光保险,SUNSHINE INS,,3.65,-0.03,-0.81522,3.68,3.7,3.7,3.62,6279000,22920799,3.64,3.65
2026/04/16 13:00:08,06966,中国万桐园,C WAN TONG YUAN,,0.52,0.0,0.0,0.52,0.0,0.0,0.0,0,0,0.46,0.51
2026/04/16 13:00:02,06968,港龙中国地产,GANGLONG CHINA,,0.079,0.004,5.33333,0.075,0.075,0.08,0.075,2019000,158234,0.073,0.078
2026/04/16 13:06:27,06969,思摩尔国际,SMOORE INTL,,9.41,0.06,0.64171,9.35,9.53,9.7,9.35,6337000,60069391,9.41,9.42
2026/04/16 13:06:11,06978,永泰生物－Ｂ,IMMUNOTECH-B,,3.63,-0.04,-1.08992,3.67,3.6,3.63,3.55,316000,1130260,3.62,3.64
2026/04/16 13:04:38,06979,珍酒李渡,ZJLD,,8.87,0.1,1.14025,8.77,8.78,8.9,8.73,2494261,21998024,8.86,8.89
2026/04/16 13:00:10,06980,八马茶业,BAMA TEA,,27.52,1.06,4.00605,26.46,27.0,27.94,26.94,22700,629212,27.54,27.88
2026/04/16 13:05:13,06988,乐享集团,JOY SPREADER,,0.106,-0.024,-18.46154,0.13,0.13,0.13,0.1,31381000,3492122,0.105,0.106
2026/04/16 11:57:06,06989,卓越商企服务,EXCELLENCE CM,,0.64,0.0,0.0,0.64,0.64,0.65,0.63,226000,143190,0.63,0.64
2026/04/16 13:07:15,06990,科伦博泰生物,SKB BIO,,508.0,-11.0,-2.11946,519.0,516.0,523.5,504.0,219300,111931400,505.5,508.0
2026/04/16 13:02:00,06993,蓝月亮集团,BLUE MOON GROUP,,3.02,0.03,1.00334,2.99,2.98,3.02,2.98,609500,1829870,3.0,3.02
2026/04/16 13:07:06,06996,德琪医药－Ｂ,ANTENGENE-B,,6.1,-0.05,-0.81301,6.15,6.14,6.23,5.98,2073000,12600645,6.08,6.1
2026/04/16 13:00:54,06998,亿腾嘉和,EDDING GENOR,,3.25,0.05,1.5625,3.2,3.2,3.35,3.1,2837500,9236475,3.25,3.27
2026/04/16 08:55:00,06999,领地控股,LEADING HLDGS,,0.117,0.0,0.0,0.117,0.0,0.0,0.0,0,0,0.0,0.0
2026/04/16 13:06:57,07489,岚图汽车,VOYAH AUTO,,6.85,-0.06,-0.86831,6.91,7.06,7.06,6.81,5213628,36259190,6.84,6.85
2026/04/16 13:07:11,07618,京东工业,JD INDUSTRIALS,,15.02,0.02,0.13333,15.0,15.0,15.1,14.34,1936200,28450118,15.01,15.04
2026/04/16 11:59:07,08003,世大控股,GREAT WORLD,,0.118,0.004,3.50877,0.114,0.114,0.118,0.11,60000,6936,0.11,0.118
2026/04/16 13:00:00,08005,裕兴科技,YUXING INFOTECH,,0.07,0.0,0.0,0.07,0.07,0.07,0.07,40000,2800,0.069,0.082
2026/04/16 11:45:46,08006,华泰瑞银,SINO SPLENDID,,0.09,0.0,0.0,0.09,0.0,0.0,0.0,187,14,0.086,0.096
2026/04/16 11:58:55,08007,环球战略集团,GLOBALSTRAT,,0.58,0.01,1.75439,0.57,0.57,0.61,0.51,1402000,815740,0.57,0.59
2026/04/16 09:30:38,08013,ECI TECH,ECI TECH,,0.062,0.0,0.0,0.062,0.0,0.0,0.0,0,0,0.056,0.063
2026/04/16 11:58:12,08017,捷利交易宝,TRADEGO,,1.23,-0.02,-1.6,1.25,1.24,1.25,1.21,928000,1148000,1.23,1.24
2026/04/16 11:45:24,08018,汇财金融投资,FINSOFT FIN,,0.045,0.0,0.0,0.045,0.045,0.045,0.045,10000,450,0.045,0.049
2026/04/16 10:21:49,08019,皓文控股,HAO WEN HLDGS,,0.214,0.0,0.0,0.214,0.0,0.0,0.0,0,0,0.0,0.255
2026/04/16 13:05:10,08020,宏海控股集团,UNITAS HOLD,,0.022,-0.001,-4.34783,0.023,0.022,0.022,0.022,680000,14960,0.022,0.023
2026/04/16 13:00:17,08023,邝文记,KWONG MAN KEE,,0.305,0.0,0.0,0.305,0.0,0.0,0.0,0,0,0.28,0.355
2026/04/16 13:03:02,08026,朗华国际集团,CB GLOBAL,,0.355,0.07,24.5614,0.285,0.355,0.355,0.355,1000,355,0.265,0.335
2026/04/16 13:00:00,08027,吉辉控股,KPM HOLDING,,0.077,0.0,0.0,0.077,0.077,0.079,0.077,585000,45645,0.077,0.084
2026/04/16 13:00:26,08028,天时资源,TIMELESS,,0.235,0.0,0.0,0.235,0.0,0.0,0.0,0,0,0.234,0.249
2026/04/16 13:00:56,08029,帝国金融集团,IMPERIUM FIN GP,,1.01,-0.02,-1.94175,1.03,1.03,1.03,1.01,50000,51200,1.01,1.05
2026/04/16 13:04:42,08030,丰银禾控股,FENGYINHE,,3.49,-0.81,-18.83721,4.3,4.09,4.3,3.3,979000,3443750,3.44,3.53
2026/04/16 11:55:33,08031,易通讯集团,ETS GROUP,,0.345,-0.005,-1.42857,0.35,0.35,0.35,0.33,110000,37940,0.335,0.35
2026/04/16 13:00:00,08033,爱达利网络,VODATEL NETWORK,,0.127,0.0,0.0,0.127,0.0,0.0,0.0,0,0,0.122,0.134
2026/04/16 09:00:00,08035,骏高控股,JANCO HOLDINGS,,0.045,0.0,0.0,0.045,0.0,0.0,0.0,0,0,0.044,0.05
2026/04/16 11:38:08,08036,电子交易集团,EBROKER GROUP,,0.026,-0.001,-3.7037,0.027,0.026,0.026,0.026,470000,12220,0.026,0.028
2026/04/16 11:58:18,08037,中国生物科技服务,CH BIOTECH SER,,0.68,-0.01,-1.44928,0.69,0.7,0.7,0.68,200000,136600,0.68,0.69
2026/04/16 08:55:00,08039,中国来骑哦,CHINA COME RIDE,,0.151,0.0,0.0,0.151,0.0,0.0,0.0,0,0,0.0,0.0
2026/04/16 10:30:17,08040,快意智能,COOLPOINT INNO,,0.4,0.0,0.0,0.4,0.0,0.0,0.0,0,0,0.38,0.395
2026/04/16 11:57:18,08041,中微智码,INTELLIMARK AI,,0.6,-0.03,-4.76191,0.63,0.63,0.63,0.6,80000,48800,0.6,0.62
2026/04/16 10:50:30,08042,高奥士人才集团,KOS TALENT GP,,0.058,0.0,0.0,0.058,0.06,0.06,0.058,230000,13360,0.058,0.06
2026/04/16 10:37:31,08043,ATLINKS,ATLINKS,,0.192,-0.005,-2.53807,0.197,0.193,0.193,0.192,70000,13485,0.192,0.198
2026/04/16 08:55:00,08047,中国海洋发展,CHINA OCEAN GP,,0.025,0.0,0.0,0.025,0.0,0.0,0.0,0,0,0.0,0.0
2026/04/16 08:55:00,08048,御德国际控股,YU TAK INT'L,,0.018,0.0,0.0,0.018,0.0,0.0,0.0,0,0,0.0,0.0
2026/04/16 13:00:00,08049,吉林长龙药业,JILIN CHANGLONG,,2.39,0.0,0.0,2.39,2.39,2.39,2.35,40000,95440,2.37,2.4
2026/04/16 13:05:37,08050,城市酷选,CITY COOLXUAN,,1.02,0.06,6.25,0.96,0.97,1.19,0.95,198000,200300,0.83,1.01
2026/04/16 13:00:01,08051,讯智海,CIRCUTECH,,2.55,0.0,0.0,2.55,0.0,0.0,0.0,0,0,2.56,2.76
2026/04/16 08:55:00,08052,陆庆娱乐,LUK HING ENT,,0.041,0.0,0.0,0.041,0.0,0.0,0.0,0,0,0.0,0.0
2026/04/16 10:20:30,08056,生活概念,LIFE CONCEPTS,,0.135,0.0,0.0,0.135,0.0,0.0,0.0,8500,913,0.125,0.15
2026/04/16 11:48:48,08057,麦迪森控股,MADISON HLDG,,0.097,0.005,5.43478,0.092,0.097,0.097,0.097,104000,10088,0.096,0.097
2026/04/16 11:47:35,08059,朝威控股,GLORY FLAME,,0.037,0.003,8.82353,0.034,0.034,0.037,0.031,20000,665,0.032,0.037
2026/04/16 09:00:08,08060,国联通信,GLOBAL LINK,,0.092,0.0,0.0,0.092,0.0,0.0,0.0,0,0,0.086,0.092
2026/04/16 11:57:50,08062,俊盟国际,EFT SOLUTIONS,,0.224,-0.016,-6.66667,0.24,0.23,0.23,0.224,60000,13500,0.228,0.24
2026/04/16 09:00:08,08065,高萌科技,KML TECH,,0.121,0.0,0.0,0.121,0.0,0.0,0.0,0,0,0.117,0.121
2026/04/16 13:00:05,08066,品创控股,PHOENITRON HOLD,,0.465,0.015,3.33333,0.45,0.465,0.465,0.465,20000,9300,0.42,0.45
2026/04/16 09:00:02,08067,东方大学城控股,OUC HOLDINGS,,0.275,0.0,0.0,0.275,0.0,0.0,0.0,0,0,0.265,0.29
2026/04/16 11:38:46,08069,飞道旅游科技,FLYDOO TECH,,0.022,-0.001,-4.34783,0.023,0.022,0.022,0.022,420000,9240,0.021,0.022
2026/04/16 09:30:02,08070,侨洋国际控股,KEEN OCEAN,,0.98,0.0,0.0,0.98,0.0,0.0,0.0,0,0,0.92,0.98
2026/04/16 11:01:32,08071,中彩网通控股,CH NETCOMTECH,,0.019,0.0,0.0,0.019,0.019,0.019,0.019,525000,9975,0.018,0.019
2026/04/16 09:55:24,08072,兰谷股份,LANGU CO,,0.45,0.0,0.0,0.45,0.0,0.0,0.0,0,0,0.41,0.47
2026/04/16 11:38:19,08073,水发兴业新材料,SFSY NEW MAT,,0.265,0.025,10.41667,0.24,0.265,0.27,0.265,28000,7440,0.265,0.27
2026/04/16 09:30:10,08076,新利软件,SING LEE,,0.023,0.0,0.0,0.023,0.0,0.0,0.0,0,0,0.023,0.024
2026/04/16 11:43:37,08079,仍志集团控股,WISDOMCOME GP,,0.46,0.0,0.0,0.46,0.0,0.0,0.0,0,0,0.45,0.5
2026/04/16 11:59:47,08080,北亚策略,NAS HOLDINGS,,0.435,-0.045,-9.375,0.48,0.465,0.465,0.435,60000,27200,0.445,0.46
2026/04/16 11:16:11,08081,白居易控股,BAIJUYI HOLD,,0.02,0.001,5.26316,0.019,0.018,0.02,0.017,11760000,220470,0.018,0.02
2026/04/16 13:05:24,08082,擎华控股,QINGHUA HOLD,,0.061,-0.002,-3.1746,0.063,0.066,0.066,0.061,2570000,159500,0.061,0.063
2026/04/16 13:07:10,08083,有赞,YOUZAN,,0.169,0.008,4.96894,0.161,0.161,0.172,0.16,245332000,40686220,0.168,0.169
2026/04/16 10:52:04,08087,中国三三传媒,CHINA 33MEDIA,,8.88,0.0,0.0,8.88,0.0,0.0,0.0,0,0,0.0,8.88
2026/04/16 13:06:01,08091,奥传思维控股,OOH HOLDINGS,,0.035,-0.005,-12.5,0.04,0.036,0.044,0.035,200000,7380,0.035,0.043
2026/04/16 13:00:00,08092,ITE HOLDINGS,ITE HOLDINGS,,0.033,0.0,0.0,0.033,0.033,0.033,0.033,164000,5412,0.033,0.036
2026/04/16 11:27:27,08093,瓦普思瑞元宇宙,WEB3 META,,2.57,0.0,0.0,2.57,2.57,2.57,2.57,2000,5140,2.57,0.0
2026/04/16 11:58:41,08095,北大青鸟环宇,BEIDA JADE BIRD,,0.92,0.0,0.0,0.92,0.91,0.93,0.91,663000,609200,0.92,0.93
2026/04/16 09:30:01,08096,赏之味,TASTY CONCEPTS,,0.115,0.0,0.0,0.115,0.0,0.0,0.0,0,0,0.115,0.12
2026/04/16 09:04:26,08098,昌利控股,CL GROUP,,0.042,0.0,0.0,0.042,0.0,0.0,0.0,0,0,0.041,0.045
2026/04/16 08:55:00,08100,名科国际,FAMOUS TECH INT,,0.25,0.0,0.0,0.25,0.0,0.0,0.0,0,0,0.0,0.0
2026/04/16 13:00:18,08103,ＨＭＶＯＤ视频,HMVOD,,0.204,0.0,0.0,0.204,0.0,0.0,0.0,0,0,0.192,0.203
2026/04/16 09:30:45,08106,芯化兰德,XINHUA LANDE,,0.31,0.0,0.0,0.31,0.0,0.0,0.0,0,0,0.3,0.315
2026/04/16 13:00:26,08107,细叶榕科技,FICUS TECH,,0.165,0.0,0.0,0.165,0.165,0.165,0.165,40000,6600,0.142,0.165
2026/04/16 08:55:00,08111,中国科技产业集团,CT IND GROUP,,0.074,0.0,0.0,0.074,0.0,0.0,0.0,0,0,0.0,0.0
2026/04/16 13:00:06,08112,基石金融,CORNERSTONE FIN,,0.102,0.002,2.0,0.1,0.102,0.102,0.102,24000,2448,0.095,0.102
2026/04/16 13:00:14,08113,时腾科技,V&V TECH,,0.395,0.0,0.0,0.395,0.0,0.0,0.0,0,0,0.335,0.415
2026/04/16 10:05:24,08115,清大东方,QINGDA ORIENTAL,,11.0,-0.5,-4.34783,11.5,11.0,11.0,11.0,4000,44000,11.0,0.0
2026/04/16 10:14:44,08117,中国基础能源,CHI P ENERGY,,0.065,0.0,0.0,0.065,0.0,0.0,0.0,0,0,0.059,0.066
2026/04/16 13:00:04,08118,中资国际控股,ZHONGZI INTL H,,0.147,0.0,0.0,0.147,0.0,0.0,0.0,0,0,0.133,0.146
2026/04/16 11:55:27,08120,国农金融投资,CH DEMETER FIN,,0.63,-0.03,-4.54546,0.66,0.63,0.63,0.62,31000,19400,0.62,0.63
2026/04/16 13:00:01,08121,国恩控股,GUOEN HOLDINGS,,0.73,0.0,0.0,0.73,0.0,0.0,0.0,0,0,0.69,0.77
2026/04/16 08:59:58,08123,华亿金控,SINOFORTUNE FIN,,0.01,0.0,0.0,0.01,0.0,0.0,0.0,0,0,0.0,0.01
2026/04/16 13:00:22,08125,中新控股,CHINA NEW HLDGS,,0.54,0.04,8.0,0.5,0.54,0.54,0.54,32000,16320,0.51,0.54
2026/04/16 08:55:00,08126,Ｇ．Ａ．控股,G. A. HOLDINGS,,0.038,0.0,0.0,0.038,0.0,0.0,0.0,0,0,0.0,0.0
2026/04/16 11:25:46,08128,中国恒有源集团,CHYY GP,,0.036,0.002,5.88235,0.034,0.036,0.036,0.036,40000,1440,0.033,0.035
2026/04/16 08:55:00,08130,大地国际集团,DADI INTL GROUP,,0.01,0.0,0.0,0.01,0.0,0.0,0.0,0,0,0.0,0.0
2026/04/16 13:06:26,08131,辰罡科技,ABC MULTIACTIVE,,0.08,0.033,70.21277,0.047,0.048,0.082,0.048,19560000,1269670,0.08,0.081
2026/04/16 09:30:07,08132,百能国际能源,CENTURY EN INTL,,0.082,0.0,0.0,0.082,0.0,0.0,0.0,0,0,0.082,0.087
2026/04/16 13:00:01,08133,吉盛集团控股,JISHENG GP HLDG,,0.335,-0.005,-1.47059,0.34,0.335,0.335,0.335,8000,2680,0.33,0.335
2026/04/16 09:04:19,08136,英马斯集团,IMS GROUP,,0.045,0.0,0.0,0.045,0.0,0.0,0.0,0,0,0.043,0.046
2026/04/16 11:52:31,08137,洪桥集团,HONBRIDGE,,0.395,0.0,0.0,0.395,0.39,0.395,0.38,1428000,549670,0.385,0.395
2026/04/16 13:00:30,08139,长安仁恒,CHANGAN RH,,1.3,0.0,0.0,1.3,0.0,0.0,0.0,0,0,1.23,1.38
2026/04/16 10:51:17,08140,人和科技,BOSATECH,,0.129,0.0,0.0,0.129,0.0,0.0,0.0,0,0,0.124,0.129
2026/04/16 13:00:30,08143,金威医疗,GF HEALTHCARE,,0.122,0.002,1.66667,0.12,0.129,0.129,0.122,300000,37280,0.119,0.123
2026/04/16 10:08:49,08146,怡园酒业,GRACEWINE,,0.55,0.0,0.0,0.55,0.0,0.0,0.0,0,0,0.55,0.58
2026/04/16 10:39:17,08147,汇思太平洋,MILLENNIUM PG,,0.76,0.0,0.0,0.76,0.76,0.76,0.74,200000,151840,0.73,0.76
2026/04/16 11:26:21,08148,悟喜生活,WUXI LIFE,,4.05,0.0,0.0,4.05,4.05,4.05,4.05,20000,81000,0.0,4.05
2026/04/16 13:00:02,08149,浩德控股,ALTUS HLDGS,,0.116,0.004,3.57143,0.112,0.112,0.118,0.112,1360000,157050,0.112,0.132
2026/04/16 11:27:05,08152,明梁控股,M&L HOLDINGS,,0.08,0.0,0.0,0.08,0.08,0.08,0.08,80000,6400,0.077,0.09
2026/04/16 13:00:13,08153,嘉鼎国际集团,JIADING INTL GP,,0.85,0.01,1.19048,0.84,0.82,0.85,0.81,85225,69423,0.81,0.88
2026/04/16 13:00:09,08156,国药科技股份,SINOPHARM TECH,,0.25,-0.02,-7.40741,0.27,0.239,0.25,0.232,138000,33520,0.241,0.28
2026/04/16 10:14:03,08158,中国再生医学,CRMI,,0.31,-0.01,-3.125,0.32,0.305,0.31,0.305,50000,15275,0.31,0.33
2026/04/16 13:00:11,08159,新华联合投资,CU VENTURE INV,,0.062,0.0,0.0,0.062,0.0,0.0,0.0,0,0,0.062,0.068
2026/04/16 13:00:14,08160,GOLDWAY EDU,GOLDWAY EDU,,0.58,0.0,0.0,0.58,0.0,0.0,0.0,0,0,0.475,0.59
2026/04/16 13:00:00,08161,医汇集团,MEDINET GROUP,,0.68,0.0,0.0,0.68,0.0,0.0,0.0,0,0,0.62,0.79
2026/04/16 13:05:43,08162,港银控股,LOCO HK,,0.56,0.01,1.81818,0.55,0.52,0.57,0.52,1430000,767600,0.53,0.57
2026/04/16 11:27:20,08163,声扬集团,NOIZ GROUP,,0.031,0.001,3.33333,0.03,0.031,0.031,0.031,400000,12400,0.031,0.032
2026/04/16 11:50:23,08168,宝积资本,AMASSE CAPITAL,,0.114,-0.005,-4.20168,0.119,0.117,0.117,0.114,2100000,240500,0.114,0.116
2026/04/16 11:17:46,08169,环康集团,ECO-TEK HLDGS,,0.039,0.001,2.63158,0.038,0.039,0.039,0.039,30000,1170,0.038,0.042
2026/04/16 08:55:00,08172,拉近网娱,LAJIN ENT,,0.19,0.0,0.0,0.19,0.0,0.0,0.0,0,0,0.0,0.0
2026/04/16 10:03:16,08173,客思控股,HEPHAESTUS HLDG,,0.11,0.005,4.76191,0.105,0.11,0.11,0.11,20000,2200,0.105,0.118
2026/04/16 11:44:06,08176,超人智能,SUPERROBOTICS,,0.042,-0.002,-4.54546,0.044,0.042,0.042,0.042,95000,3990,0.042,0.044
2026/04/16 13:06:30,08178,中国信息科技,CHINA INFO TECH,,0.241,-0.002,-0.82305,0.243,0.235,0.255,0.235,585900,143011,0.241,0.25
2026/04/16 08:59:58,08179,百利达集团控股,PALINDA GROUP,,0.012,0.0,0.0,0.012,0.0,0.0,0.0,0,0,0.011,0.012
2026/04/16 09:04:28,08181,港深智能管理,KS SMART MGMT,,0.047,0.0,0.0,0.047,0.0,0.0,0.0,0,0,0.045,0.051
2026/04/16 13:00:14,08186,曼妠,ALMANA,,1.04,0.0,0.0,1.04,0.0,0.0,0.0,0,0,0.95,1.14
2026/04/16 12:48:24,08187,积木集团,JIMU GROUP,,0.5,0.0,0.0,0.5,0.0,0.0,0.0,0,0,0.48,0.53
2026/04/16 13:00:09,08188,骏杰集团控股,GME GROUP,,1.16,0.01,0.86957,1.15,1.15,1.17,1.15,452000,522920,1.15,1.17
2026/04/16 13:00:00,08189,泰达生物,TEDA BIOMEDICAL,,0.285,0.0,0.0,0.285,0.0,0.0,0.0,0,0,0.275,0.285
2026/04/16 09:54:33,08191,鸿伟亚洲,HONG WEI ASIA,,0.146,0.001,0.68966,0.145,0.146,0.146,0.146,6000,876,0.141,0.15
2026/04/16 13:00:02,08193,亚太金融投资,ASIAPAC FIN INV,,0.3,0.005,1.69492,0.295,0.3,0.3,0.3,10000,3000,0.28,0.295
2026/04/16 11:13:00,08195,传承教育集团,LEGENDARY EDU,,1.38,0.01,0.72993,1.37,1.38,1.38,1.38,2000,2760,1.35,1.38
2026/04/16 11:59:47,08196,福田股份,FUTIAN HOLDINGS,,0.71,0.04,5.97015,0.67,0.68,0.71,0.68,296000,207440,0.68,0.71
2026/04/16 11:22:15,08198,加幂科技,CRYPTO FLOW,,1.55,-0.01,-0.64103,1.56,1.61,1.61,1.55,47200,75064,1.58,1.6
2026/04/16 11:58:41,08200,修身堂,SAU SAN TONG,,0.65,0.03,4.83871,0.62,0.62,0.66,0.62,92000,57305,0.62,0.67
2026/04/16 13:00:21,08201,宝联控股,PPS INT'L,,0.114,0.0,0.0,0.114,0.0,0.0,0.0,0,0,0.11,0.128
2026/04/16 13:00:16,08203,凯顺控股,KAISUN HOLDINGS,,0.2,0.0,0.0,0.2,0.0,0.0,0.0,0,0,0.171,0.21
2026/04/16 13:05:41,08205,交大慧谷,JIAODA WITHUB,,0.305,0.0,0.0,0.305,0.0,0.0,0.0,0,0,0.285,0.305
2026/04/16 08:55:00,08206,神通机器人教育,S ROBOT EDU,,0.038,0.0,0.0,0.038,0.0,0.0,0.0,0,0,0.0,0.0
2026/04/16 13:00:06,08208,永通万国集团,RADIANCE GLO GP,,0.12,0.0,0.0,0.12,0.12,0.121,0.113,150000,17598,0.12,0.125
2026/04/16 10:34:16,08210,衍汇亚洲,DLC ASIA,,0.057,0.0,0.0,0.057,0.0,0.0,0.0,0,0,0.057,0.065
2026/04/16 11:24:36,08213,荣晖控股,STARGLORY HLDGS,,0.175,0.0,0.0,0.175,0.0,0.0,0.0,0,0,0.153,0.187
2026/04/16 13:05:59,08217,菊福堂生物,JU FU TANG BIOT,,0.31,-0.025,-7.46269,0.335,0.33,0.35,0.31,153125,51006,0.3,0.35
2026/04/16 13:03:43,08218,毅高国际控股,ECHO INT HOLD,,0.19,0.08,72.72727,0.11,0.13,0.199,0.13,192000,33936,0.135,0.189
2026/04/16 13:00:00,08219,恒伟集团控股,HANVEY GROUP,,0.18,0.0,0.0,0.18,0.18,0.18,0.18,100000,18000,0.176,0.18
2026/04/16 13:04:13,08220,比高集团,BINGO GROUP,,3.7,0.1,2.77778,3.6,3.78,3.78,3.52,83500,306760,3.59,3.7
2026/04/16 11:26:01,08221,高裕金融,GAOYU FINANCE,,1.11,-0.02,-1.76991,1.13,1.02,1.11,1.02,35000,37550,1.12,1.15
2026/04/16 10:55:12,08222,壹照明,E LIGHTING,,0.037,0.0,0.0,0.037,0.0,0.0,0.0,0,0,0.035,0.038
2026/04/16 11:29:05,08223,紫元元,ZYY,,0.5,0.0,0.0,0.5,0.0,0.0,0.0,8000,3920,0.48,0.49
2026/04/16 11:22:25,08225,中国医疗集团,C HEALTH GP,,0.134,0.0,0.0,0.134,0.0,0.0,0.0,0,0,0.132,0.134
2026/04/16 09:30:00,08226,树熊金融集团,KOALA FIN GP,,0.076,0.0,0.0,0.076,0.0,0.0,0.0,0,0,0.072,0.076
2026/04/16 13:00:28,08227,海天天线,HAITIAN ANTENNA,,0.129,0.0,0.0,0.129,0.0,0.0,0.0,0,0,0.117,0.127
2026/04/16 13:00:06,08229,未来数据集团,FUTURE DATA,,0.63,0.0,0.0,0.63,0.0,0.0,0.0,0,0,0.6,0.63
2026/04/16 13:00:07,08232,一木集团,THAC GROUP,,1.21,0.0,0.0,1.21,0.0,0.0,0.0,0,0,1.07,1.25
2026/04/16 13:06:03,08237,华星控股,LINK HOLDINGS,,0.48,0.005,1.05263,0.475,0.495,0.495,0.48,78000,38160,0.48,0.52
2026/04/16 10:36:39,08238,惠陶集团,WINTO GROUP,,0.137,0.0,0.0,0.137,0.136,0.137,0.135,848000,114792,0.137,0.138
2026/04/16 13:06:17,08239,首都金融控股,CAPITAL FIN,,13.6,0.0,0.0,13.6,0.0,0.0,0.0,1053,14594,0.0,13.69
2026/04/16 09:34:17,08241,英记茶庄集团,YING KEE TEA,,0.114,0.0,0.0,0.114,0.0,0.0,0.0,0,0,0.108,0.113
2026/04/16 10:07:39,08245,烽翼集团,CANOPY SKYFIRE,,0.093,0.0,0.0,0.093,0.0,0.0,0.0,2000,160,0.087,0.095
2026/04/16 11:42:54,08246,中华燃气,ZHONGHUA GAS,,0.8,0.0,0.0,0.8,0.8,0.8,0.8,20000,16000,0.77,0.8
2026/04/16 11:30:37,08247,中生北控生物科技,BIOSINO BIO-TEC,,3.49,0.03,0.86705,3.46,3.46,3.49,3.46,14000,48760,3.47,3.51
2026/04/16 09:00:04,08249,瑞远智控,RUIYUAN IC TECH,,0.154,0.0,0.0,0.154,0.0,0.0,0.0,0,0,0.0,0.154
2026/04/16 13:05:09,08250,都都控股,DU DU HLDGS,,0.148,0.0,0.0,0.148,0.0,0.0,0.0,100,13,0.138,0.145
2026/04/16 09:30:40,08262,宏强控股,SUPER STRONG,,0.051,0.0,0.0,0.051,0.0,0.0,0.0,0,0,0.048,0.052
2026/04/16 13:04:34,08267,蓝港互动,LINEKONG,,0.285,0.005,1.78571,0.28,0.28,0.3,0.28,123000,35947,0.285,0.295
2026/04/16 11:19:33,08268,智城发展控股,SMART CITY DEV,,0.35,-0.03,-7.89474,0.38,0.35,0.35,0.35,152000,53200,0.34,0.35
2026/04/16 11:08:59,08269,倍升教育科技,GO UP EDU TECH,,0.36,0.0,0.0,0.36,0.36,0.36,0.36,33333,11899,0.345,0.365
2026/04/16 11:49:30,08270,中国煤层气,CHINA CBM,,0.315,-0.07,-18.18182,0.385,0.29,0.335,0.255,410000,118500,0.28,0.305
2026/04/16 13:00:11,08271,环球数码创意,GDC,,0.122,0.001,0.82645,0.121,0.122,0.122,0.122,86000,10492,0.12,0.123
2026/04/16 09:49:20,08275,中国新消费集团,CHINA NEW CONS,,0.094,0.0,0.0,0.094,0.0,0.0,0.0,0,0,0.093,0.096
2026/04/16 10:54:50,08277,骏东控股,STEEDORIENTAL,,0.115,0.0,0.0,0.115,0.0,0.0,0.0,74000,8288,0.11,0.12
2026/04/16 13:00:10,08279,亚博科技控股,AGTECH HOLDINGS,,0.54,-0.01,-1.81818,0.55,0.57,0.57,0.54,3232000,1781840,0.54,0.55
2026/04/16 09:30:02,08280,中国数字视频,CDV HOLDINGS,,0.07,0.0,0.0,0.07,0.0,0.0,0.0,0,0,0.065,0.07
2026/04/16 09:49:20,08281,中国金典集团,CH GOLD CLASSIC,,0.14,-0.004,-2.77778,0.144,0.14,0.14,0.14,8000,1120,0.136,0.143
2026/04/16 09:04:27,08282,智傲控股,GAMEONE,,0.57,0.0,0.0,0.57,0.0,0.0,0.0,0,0,0.51,0.58
2026/04/16 11:02:51,08283,中食民安,ZHONGSHI MINAN,,0.55,0.0,0.0,0.55,0.55,0.55,0.55,50000,27500,0.53,0.58
2026/04/16 11:23:32,08285,森浩集团,SLING GROUP,,0.031,-0.001,-3.125,0.032,0.031,0.031,0.031,95000,2945,0.031,0.032
2026/04/16 13:00:24,08286,长城微光,CCOE,,0.168,-0.021,-11.11111,0.189,0.166,0.168,0.166,120000,20010,0.169,0.18
2026/04/16 11:31:23,08290,亚势备份,AHSAY BACKUP,,0.03,0.0,0.0,0.03,0.03,0.031,0.03,260000,7900,0.03,0.031
2026/04/16 13:00:28,08291,港娱国际,HK ENT INTL,,0.305,0.0,0.0,0.305,0.0,0.0,0.0,0,0,0.243,0.31
2026/04/16 13:00:00,08292,VSING,VSING,,0.191,0.0,0.0,0.191,0.0,0.0,0.0,0,0,0.188,0.194
2026/04/16 13:00:25,08293,星亚控股,SINGASIA HLDG,,0.305,-0.02,-6.15385,0.325,0.325,0.325,0.295,120000,36400,0.305,0.34
2026/04/16 10:21:46,08295,金慧科技,KINGWISOFT TECH,,0.024,0.001,4.34783,0.023,0.024,0.024,0.024,200000,4800,0.022,0.024
2026/04/16 13:06:36,08296,中国生命集团,SINO-LIFE GROUP,,0.385,0.085,28.33333,0.3,0.385,0.385,0.385,40000,15400,0.265,0.425
2026/04/16 08:55:00,08297,海纳星空科技,OCEAN STAR TECH,,0.039,0.0,0.0,0.039,0.0,0.0,0.0,0,0,0.0,0.0
2026/04/16 13:01:05,08299,大唐黄金,GT GOLD,,0.6,0.01,1.69492,0.59,0.59,0.6,0.57,11712000,6806640,0.59,0.6
2026/04/16 11:39:50,08300,今米房集团,JIN MI FANG GP,,0.026,0.001,4.0,0.025,0.025,0.026,0.025,440000,11020,0.024,0.026
2026/04/16 13:01:36,08305,圣唐控股,ST HLDGS,,0.211,0.005,2.42718,0.206,0.206,0.211,0.19,3350000,685510,0.206,0.211
2026/04/16 09:45:12,08307,密迪斯肌,MEDICSKIN,,0.143,0.0,0.0,0.143,0.0,0.0,0.0,0,0,0.0,0.144
2026/04/16 09:30:08,08308,古兜控股,GUDOU HLDGS,,0.059,0.0,0.0,0.059,0.0,0.0,0.0,0,0,0.053,0.06
2026/04/16 10:11:55,08309,万成环球控股,MANSHING GLOBAL,,0.065,0.0,0.0,0.065,0.0,0.0,0.0,0,0,0.065,0.07
2026/04/16 09:30:01,08310,盐城港,YANCHENG PORT,,0.28,0.0,0.0,0.28,0.0,0.0,0.0,0,0,0.0,0.285
2026/04/16 13:00:18,08311,圆美光电,PERFECT OPT,,0.103,0.0,0.0,0.103,0.103,0.103,0.103,80000,8240,0.086,0.117
2026/04/16 09:30:12,08313,杰地集团,ZACD,,0.023,0.0,0.0,0.023,0.0,0.0,0.0,0,0,0.023,0.029
2026/04/16 11:23:13,08315,新都酒店,CEN PLAZA HOTEL,,0.08,0.0,0.0,0.08,0.0,0.0,0.0,0,0,0.073,0.08
2026/04/16 11:46:39,08316,中国红包,CHINA HONGBAO,,0.148,0.001,0.68027,0.147,0.147,0.148,0.147,52000,7676,0.148,0.15
2026/04/16 13:00:10,08317,财华社集团,FINET GROUP,,0.108,0.0,0.0,0.108,0.0,0.0,0.0,0,0,0.1,0.114
2026/04/16 10:44:53,08319,思博系统,EXPERT SYS,,0.116,0.0,0.0,0.116,0.0,0.0,0.0,0,0,0.115,0.119
2026/04/16 13:00:02,08320,沛然环保,AEC GROUP,,0.097,-0.011,-10.18519,0.108,0.098,0.098,0.097,280000,27240,0.094,0.107
2026/04/16 13:00:00,08321,泰锦控股,TAI KAM HLDGS,,1.9,-0.01,-0.52356,1.91,1.9,1.9,1.9,10000,19000,1.9,1.95
2026/04/16 10:00:59,08326,同景新能源,TK NEW ENERGY,,0.16,0.0,0.0,0.16,0.0,0.0,0.0,0,0,0.157,0.161
2026/04/16 13:00:26,08328,信义储电,XY ELEC STORAGE,,0.57,-0.02,-3.38983,0.59,0.56,0.57,0.56,108750,61957,0.55,0.58
2026/04/16 13:00:20,08329,海王英特龙,NEP INTERLONG,,0.133,0.0,0.0,0.133,0.0,0.0,0.0,0,0,0.122,0.133
2026/04/16 09:30:08,08331,倍搏集团,P.B. GROUP,,0.365,0.0,0.0,0.365,0.0,0.0,0.0,0,0,0.29,0.38
2026/04/16 13:00:00,08333,阿仕特朗金融,ASTRUM FIN,,0.46,0.0,0.0,0.46,0.0,0.0,0.0,0,0,0.4,0.455
2026/04/16 13:00:10,08337,直通电讯,DIRECTEL,,0.094,0.0,0.0,0.094,0.0,0.0,0.0,0,0,0.093,0.106
2026/04/16 10:03:23,08340,紫荆国际金融,ZIJING INTL FIN,,0.68,0.03,4.61539,0.65,0.65,0.68,0.65,100000,66200,0.61,0.68
2026/04/16 09:58:14,08341,艾硕控股,AESO HOLDING,,0.161,0.0,0.0,0.161,0.0,0.0,0.0,0,0,0.154,0.161
2026/04/16 09:52:14,08347,Ｆ８企业,F8 ENT,,0.129,0.003,2.38095,0.126,0.129,0.129,0.129,56000,7224,0.126,0.144
2026/04/16 13:00:26,08348,滨海泰达物流,BINHAI TEDA,,0.4,0.0,0.0,0.4,0.0,0.0,0.0,0,0,0.375,0.395
2026/04/16 08:55:00,08349,硅鑫集团,GUIXIN GROUP,,1.29,0.0,0.0,1.29,0.0,0.0,0.0,0,0,0.0,0.0
2026/04/16 13:00:03,08350,立桥证券控股,WELL LINK SEC,,0.315,0.0,0.0,0.315,0.32,0.345,0.315,3408000,1126440,0.315,0.325
2026/04/16 13:00:05,08356,进业控股,TSUN YIP HLDGS,,0.4,0.0,0.0,0.4,0.0,0.0,0.0,2000,860,0.375,0.45
2026/04/16 13:00:00,08357,REPUBLIC HC,REPUBLIC HC,,0.151,0.01,7.0922,0.141,0.151,0.151,0.151,15000,2265,0.141,0.151
2026/04/16 08:55:00,08360,简朴新生活,BASIC H NEWLIFE,,0.64,0.0,0.0,0.64,0.0,0.0,0.0,0,0,0.0,0.0
2026/04/16 09:00:08,08362,运兴泰集团,WINNING TOWER,,0.055,0.0,0.0,0.055,0.0,0.0,0.0,0,0,0.051,0.055
2026/04/16 13:04:57,08365,亦辰集团,HATCHER GROUP,,2.88,0.0,0.0,2.88,2.94,2.94,2.84,1678000,4830080,2.85,2.87
2026/04/16 09:42:45,08366,浙江联合投资,ZJ UNITED INV,,0.036,0.0,0.0,0.036,0.0,0.0,0.0,0,0,0.033,0.036
2026/04/16 10:40:58,08367,倩碧控股,SIMPLICITY HLDG,,0.4,-0.01,-2.43902,0.41,0.4,0.4,0.4,20000,8000,0.4,0.43
2026/04/16 13:05:44,08368,中国创意控股,CREATIVE CHINA,,0.295,-0.005,-1.66667,0.3,0.3,0.3,0.295,30000,8950,0.265,0.295
2026/04/16 13:00:28,08370,智升集团控股,ZHI SHENG GP,,4.67,0.0,0.0,4.67,0.0,0.0,0.0,0,0,4.5,4.66
2026/04/16 13:00:01,08371,尝高美集团,TASTEGOURMET GP,,1.88,0.0,0.0,1.88,0.0,0.0,0.0,0,0,1.87,1.93
2026/04/16 13:05:46,08372,君百延集团,GBG HOLDINGS,,0.156,0.029,22.83465,0.127,0.133,0.18,0.133,2540000,404760,0.156,0.16
2026/04/16 08:55:00,08373,靛蓝星,INDIGO STAR,,0.65,0.0,0.0,0.65,0.0,0.0,0.0,0,0,0.0,0.0
2026/04/16 13:00:00,08375,数盟资本,DATA UNION CAP,,2.36,0.01,0.42553,2.35,2.36,2.36,2.36,50000,118000,2.24,2.34
2026/04/16 09:32:39,08377,维港育马,HARBOUR EQUINE,,0.11,0.0,0.0,0.11,0.0,0.0,0.0,0,0,0.103,0.11
2026/04/16 13:00:22,08379,盈证国际,PRIME INTEL,,0.183,0.0,0.0,0.183,0.0,0.0,0.0,0,0,0.173,0.182
2026/04/16 13:00:00,08385,万里印刷,PROSPEROUSPRINT,,0.11,0.0,0.0,0.11,0.0,0.0,0.0,0,0,0.105,0.113
2026/04/16 11:59:57,08391,基石科技控股,CORNERSTONE TEC,,0.475,-0.005,-1.04167,0.48,0.48,0.48,0.475,96000,45700,0.47,0.48
2026/04/16 09:30:14,08392,舍图控股,SATU HOLDINGS,,0.04,0.0,0.0,0.04,0.0,0.0,0.0,0,0,0.039,0.044
2026/04/16 13:00:06,08395,中显智能齐家控股,ZXZN QI-HOUSE,,0.52,0.06,13.04348,0.46,0.475,0.52,0.46,1850000,926200,0.51,0.52
2026/04/16 11:18:10,08400,亚洲先锋娱乐,ASIA PIONEER,,0.069,0.001,1.47059,0.068,0.066,0.07,0.066,300000,20770,0.064,0.07
2026/04/16 11:58:51,08401,源想集团,STREAM IDEAS,,0.042,0.0,0.0,0.042,0.042,0.042,0.042,72000,3024,0.042,0.044
2026/04/16 13:05:08,08402,高原之宝,PLATEAU TL,,0.1,0.0,0.0,0.1,0.1,0.1,0.1,5000,500,0.095,0.105
2026/04/16 13:00:00,08403,德丰宿来,DEFENG SOLIFE,,3.24,0.11,3.51438,3.13,3.13,3.3,3.13,235000,759780,3.24,3.25
2026/04/16 12:31:42,08406,中国口腔产业,CHINA ORAL IND,,0.065,0.003,4.83871,0.062,0.062,0.065,0.062,130000,8420,0.06,0.065
2026/04/16 13:00:16,08411,K W NELSON GP,K W NELSON GP,,0.147,0.005,3.52113,0.142,0.147,0.147,0.147,10000,1470,0.137,0.151
2026/04/16 13:02:02,08412,新爱德集团,NEW AMANTE,,0.35,0.04,12.90323,0.31,0.35,0.35,0.35,10000,3500,0.315,0.375
2026/04/16 13:00:01,08413,亚洲富思,ASIA GROCERY,,0.139,0.0,0.0,0.139,0.133,0.14,0.131,1420000,192030,0.133,0.138
2026/04/16 13:00:13,08416,HM INTL HLDGS,HM INTL HLDGS,,0.105,-0.001,-0.9434,0.106,0.105,0.105,0.105,320000,33600,0.106,0.118
2026/04/16 10:43:23,08417,大地教育,DADI EDU,,0.024,0.0,0.0,0.024,0.0,0.0,0.0,0,0,0.022,0.024
2026/04/16 10:46:12,08418,傲迪玛汽车,OPTIMA AUTO,,1.16,-0.03,-2.52101,1.19,1.11,1.2,1.11,28000,31640,1.08,1.16
2026/04/16 13:00:02,08419,ＡＶ策划推广,AV PROMOTIONS,,0.073,0.0,0.0,0.073,0.0,0.0,0.0,0,0,0.073,0.089
2026/04/16 13:00:21,08420,NEXION TECH,NEXION TECH,,0.036,0.0,0.0,0.036,0.0,0.0,0.0,0,0,0.032,0.04
2026/04/16 13:00:26,08422,ＷＴ集团,WT GROUP,,0.137,0.013,10.48387,0.124,0.124,0.137,0.124,556000,73360,0.128,0.137
2026/04/16 09:30:18,08423,CHI HO DEV,CHI HO DEV,,0.04,0.0,0.0,0.04,0.0,0.0,0.0,0,0,0.038,0.044
2026/04/16 13:00:14,08425,兴铭控股,HING MING HLDGS,,0.08,0.0,0.0,0.08,0.0,0.0,0.0,0,0,0.077,0.094
2026/04/16 13:00:31,08426,雅居投资控股,MODERN LIVING,,0.29,0.0,0.0,0.29,0.0,0.0,0.0,0,0,0.255,0.29
2026/04/16 13:00:05,08427,万顺瑞强集团,WS-SK TARGET,,10.15,-0.33,-3.14886,10.48,10.48,10.87,10.15,20400,213800,10.1,10.23
2026/04/16 08:55:00,08428,汉诺佳池,CBK HOLDINGS,,0.68,0.0,0.0,0.68,0.0,0.0,0.0,0,0,0.0,0.0
2026/04/16 13:00:00,08429,华美乐乐,SV VISION,,0.058,0.0,0.0,0.058,0.0,0.0,0.0,0,0,0.058,0.071
2026/04/16 10:49:47,08430,春能控股,C&N HOLDINGS,,0.074,0.0,0.0,0.074,0.074,0.074,0.074,10000,740,0.075,0.083
2026/04/16 13:02:19,08431,浩柏国际,HAO BAI INTL,,0.53,-0.01,-1.85185,0.54,0.54,0.55,0.51,1510000,810600,0.52,0.54
2026/04/16 13:00:08,08432,太平洋酒吧,BAR PACIFIC,,0.035,0.002,6.06061,0.033,0.033,0.035,0.033,330000,11500,0.033,0.036
2026/04/16 11:57:52,08436,德宝集团控股,TAKBO GROUP,,0.285,0.0,0.0,0.285,0.29,0.305,0.285,100000,29400,0.285,0.3
2026/04/16 08:55:00,08437,德斯控股,RMH HOLDINGS,,0.25,0.0,0.0,0.25,0.0,0.0,0.0,0,0,0.0,0.0
2026/04/16 13:06:49,08439,新百利融资,SOMERLEY CAP,,1.0,0.17,20.48193,0.83,0.78,1.08,0.75,747757,736869,1.0,1.04
2026/04/16 09:00:00,08445,怡康泰工程集团,NOBLE ENG GP,,0.15,0.0,0.0,0.15,0.0,0.0,0.0,0,0,0.13,0.0
2026/04/16 11:50:38,08446,耀星科技集团,BRIGHTSTAR TECH,,0.101,-0.003,-2.88462,0.104,0.105,0.105,0.101,120000,12584,0.102,0.105
2026/04/16 13:06:28,08447,MS CONCEPT,MS CONCEPT,,0.065,0.002,3.1746,0.063,0.062,0.065,0.062,920000,57970,0.064,0.065
2026/04/16 13:00:00,08448,环球印馆,UNI PRINTSHOP,,1.76,0.08,4.76191,1.68,1.68,1.76,1.68,40000,68800,1.68,1.75
2026/04/16 11:34:41,08450,钜京控股,EDICO HOLDINGS,,0.15,0.0,0.0,0.15,0.15,0.15,0.15,300000,45000,0.148,0.15
2026/04/16 11:59:30,08451,日光控股,SUNLIGHT HLDGS,,0.063,0.0,0.0,0.063,0.0,0.0,0.0,0,0,0.063,0.069
2026/04/16 11:59:25,08452,富银融资股份,FY FINANCIAL,,0.295,0.0,0.0,0.295,0.0,0.0,0.0,0,0,0.295,0.33
2026/04/16 13:00:00,08455,礼建德集团,LAI GROUP,,0.084,0.004,5.0,0.08,0.08,0.09,0.077,2910000,249190,0.084,0.088
2026/04/16 09:00:08,08456,民信国际控股,MANSION INTL,,0.405,0.0,0.0,0.405,0.0,0.0,0.0,0,0,0.37,0.44
2026/04/16 13:00:10,08460,基地锦标（五千）,BASETROPHY-5K,,1.96,0.03,1.5544,1.93,1.94,2.04,1.94,1105000,2195050,1.95,1.96
2026/04/16 13:01:55,08462,中安控股集团,OMNIBRIDGE HLDG,,0.071,0.0,0.0,0.071,0.071,0.071,0.071,175000,12425,0.071,0.076
2026/04/16 13:00:01,08471,新达控股,REACH NEW HLDGS,,0.043,0.003,7.5,0.04,0.042,0.043,0.042,90000,3800,0.042,0.044
2026/04/16 11:27:19,08472,立高控股,LAPCO HOLDINGS,,0.35,-0.02,-5.40541,0.37,0.35,0.35,0.35,580000,203000,0.365,0.375
2026/04/16 10:41:00,08473,弥明生活百货,MI MING MART,,0.112,0.0,0.0,0.112,0.112,0.112,0.112,40000,4480,0.11,0.113
2026/04/16 08:55:00,08475,易站绿色科技,E-STATION GTECH,,0.069,0.0,0.0,0.069,0.0,0.0,0.0,0,0,0.0,0.0
2026/04/16 13:05:22,08480,飞霓控股,FURNIWEB,,0.151,0.0,0.0,0.151,0.152,0.152,0.151,224000,33884,0.151,0.156
2026/04/16 13:07:11,08481,盛龙锦秀国际,SHENGLONG INTL,,0.4,0.0,0.0,0.4,0.0,0.0,0.0,0,0,0.365,0.0
2026/04/16 11:29:08,08482,万励达,WAN LEADER,,0.133,0.001,0.75758,0.132,0.133,0.133,0.133,40000,5320,0.133,0.145
2026/04/16 13:00:17,08483,名仕快相,MAX SIGHT GROUP,,0.111,0.0,0.0,0.111,0.0,0.0,0.0,0,0,0.097,0.118
2026/04/16 11:31:15,08487,ISP GLOBAL,ISP GLOBAL,,0.044,0.0,0.0,0.044,0.043,0.044,0.041,96000,4136,0.043,0.044
2026/04/16 13:06:11,08489,裕程物流,GP LOGISTICS,,0.305,0.02,7.01754,0.285,0.3,0.305,0.3,55000,16750,0.29,0.3
2026/04/16 11:51:32,08490,骏码半导体,NICHE-TECH SEMI,,0.091,-0.002,-2.15054,0.093,0.091,0.091,0.091,80000,7280,0.091,0.099
2026/04/16 13:02:52,08491,COOL LINK,COOL LINK,,0.46,0.015,3.37079,0.445,0.435,0.46,0.4,2475000,1060550,0.435,0.46
2026/04/16 08:55:00,08493,炙龙控股,S. DRAGON,,0.035,0.0,0.0,0.035,0.0,0.0,0.0,0,0,0.0,0.0
2026/04/16 13:00:04,08495,1957 & CO.,1957 & CO.,,0.29,0.0,0.0,0.29,0.0,0.0,0.0,0,0,0.265,0.315
2026/04/16 08:55:00,08496,环球友饮智能,GLOBAL UIN,,0.041,0.0,0.0,0.041,0.0,0.0,0.0,0,0,0.0,0.0
2026/04/16 08:55:00,08500,天泓文创,ICONCULTURE,,0.091,0.0,0.0,0.091,0.0,0.0,0.0,0,0,0.0,0.0
2026/04/16 13:00:24,08501,庄皇集团公司,SANBASE CORP,,0.69,0.01,1.47059,0.68,0.69,0.69,0.69,22000,15180,0.64,0.7
2026/04/16 09:30:13,08502,远航港口,OCEAN LINE PORT,,0.33,0.01,3.125,0.32,0.33,0.33,0.33,8000,2640,0.33,0.34
2026/04/16 13:01:55,08507,爱世纪集团,I.CENTURY HLDG,,0.3,0.005,1.69492,0.295,0.295,0.3,0.285,660000,192720,0.29,0.3
2026/04/16 09:38:01,08509,威扬酒业控股,WINE'S LINK,,0.71,0.0,0.0,0.71,0.0,0.0,0.0,0,0,0.63,0.71
2026/04/16 08:55:00,08510,TOPSTANDARDCORP,TOPSTANDARDCORP,,0.16,0.0,0.0,0.16,0.0,0.0,0.0,0,0,0.0,0.0
2026/04/16 13:00:30,08511,民富国际,MIN FU INTL,,0.89,0.01,1.13636,0.88,0.89,0.89,0.89,2000,1780,0.79,0.87
2026/04/16 11:00:37,08512,凯富善集团控股,HYFUSIN GROUP,,0.39,-0.01,-2.5,0.4,0.4,0.4,0.39,180000,71200,0.39,0.4
2026/04/16 10:58:22,08513,加和国际控股,MAXWIN INT HLDG,,0.52,-0.03,-5.45455,0.55,0.52,0.52,0.52,7000,3600,0.52,0.55
2026/04/16 10:48:36,08516,中盈国际,ZY INTL,,1.53,0.08,5.51724,1.45,1.54,1.54,1.45,75000,113800,1.45,1.5
2026/04/16 09:01:11,08519,新享时代,XINXIANG ERA,,0.255,0.0,0.0,0.255,0.0,0.0,0.0,0,0,0.242,0.0
2026/04/16 10:56:11,08521,智云国际控股,WEBX INTL HLDGS,,0.91,0.01,1.11111,0.9,0.91,0.91,0.91,10000,9100,0.85,0.9
2026/04/16 08:55:00,08525,百应控股,BAIYING HOLDING,,0.85,0.0,0.0,0.85,0.0,0.0,0.0,0,0,0.0,0.0
2026/04/16 11:38:55,08526,荣丰集团亚洲,WING FUNG GROUP,,0.103,-0.016,-13.44538,0.119,0.103,0.103,0.103,10000,1030,0.103,0.0
2026/04/16 08:55:00,08527,聚利宝控股,JLOGO HLDGS,,0.171,0.0,0.0,0.171,0.0,0.0,0.0,0,0,0.0,0.0
2026/04/16 11:53:42,08529,优博控股,UBOT HOLDING,,0.223,0.024,12.0603,0.199,0.2,0.227,0.2,2450000,536425,0.216,0.224
2026/04/16 13:04:58,08532,宝发控股,POLYFAIR HLDGS,,0.064,0.003,4.91803,0.061,0.059,0.065,0.059,3667200,228203,0.063,0.066
2026/04/16 13:00:26,08535,荧德控股,VISTAR HOLDINGS,,0.159,0.0,0.0,0.159,0.0,0.0,0.0,0,0,0.155,0.17
2026/04/16 13:00:05,08536,TL NATURAL GAS,TL NATURAL GAS,,0.285,0.005,1.78571,0.28,0.285,0.285,0.285,20000,5700,0.25,0.28
2026/04/16 10:39:29,08537,创辉珠宝,CHONG FAI JEWEL,,0.187,0.0,0.0,0.187,0.0,0.0,0.0,0,0,0.18,0.187
2026/04/16 13:06:19,08540,胜利证券,VICTORY SEC,,4.6,0.02,0.43668,4.58,4.62,4.62,4.59,222000,1023710,4.57,4.6
2026/04/16 09:00:18,08545,佰悦集团,AMUSE GROUP,,0.038,0.0,0.0,0.038,0.0,0.0,0.0,0,0,0.037,0.039
2026/04/16 11:14:01,08547,PACIFIC LEGEND,PACIFIC LEGEND,,0.1,0.0,0.0,0.1,0.1,0.1,0.1,250000,25000,0.1,0.101
2026/04/16 13:02:11,08549,金叶国际集团,GOLDEN LEAF INT,,0.227,0.0,0.0,0.227,0.23,0.231,0.225,275000,62530,0.227,0.23
2026/04/16 08:55:00,08551,基地锦标（二万）,BASETROPHY-20K,,1.93,0.0,0.0,1.93,0.0,0.0,0.0,0,0,0.0,0.0
2026/04/16 13:00:32,08600,汇隆控股,WLS HOLDINGS,,0.215,-0.185,-46.25,0.4,0.265,0.265,0.201,15723750,3492490,0.207,0.215
2026/04/16 13:00:04,08601,宝燵控股,BOLTEK,,0.223,0.0,0.0,0.223,0.0,0.0,0.0,20000,4440,0.2,0.222
2026/04/16 13:01:45,08603,亮晴控股,FAMEGLOW,,6.0,0.0,0.0,6.0,6.0,6.01,6.0,33000,198180,5.96,6.23
2026/04/16 13:06:05,08606,倢冠控股,KINETIX SYSTEMS,,0.072,0.006,9.09091,0.066,0.073,0.074,0.072,230000,16620,0.072,0.074
2026/04/16 11:29:39,08610,BBSB INTL,BBSB INTL,,0.53,-0.02,-3.63636,0.55,0.54,0.54,0.52,168000,89240,0.53,0.54
2026/04/16 11:45:19,08611,九福来,MINDTELL TECH,,0.88,0.01,1.14943,0.87,0.87,0.88,0.87,30000,26300,0.87,0.89
2026/04/16 13:04:09,08612,维亮控股,WORLD SUPER,,0.124,0.006,5.08475,0.118,0.119,0.135,0.118,2180000,265580,0.122,0.127
2026/04/16 09:04:29,08613,东方支付集团控股,ORIENTAL PAY,,0.03,0.0,0.0,0.03,0.0,0.0,0.0,0,0,0.029,0.032
2026/04/16 09:04:56,08616,新威工程集团,SUNRAY ENG GP,,0.061,0.0,0.0,0.061,0.0,0.0,0.0,0,0,0.062,0.07
2026/04/16 13:00:07,08619,NIU HOLDINGS,NIU HOLDINGS,,0.24,-0.007,-2.83401,0.247,0.249,0.25,0.22,650000,159470,0.222,0.244
2026/04/16 13:04:31,08620,亚洲速运,AE LOGISTICS,,0.155,0.012,8.39161,0.143,0.143,0.155,0.143,445000,66420,0.155,0.158
2026/04/16 09:30:31,08621,METROPOLIS CAP,METROPOLIS CAP,,0.031,0.0,0.0,0.031,0.0,0.0,0.0,0,0,0.031,0.035
2026/04/16 11:47:12,08622,愉悦集团,JOYZYME GROUP,,0.33,0.0,0.0,0.33,0.33,0.345,0.325,184000,60360,0.32,0.34
2026/04/16 09:49:17,08623,中国蜀塔,CHINA SAFTOWER,,0.134,0.0,0.0,0.134,0.0,0.0,0.0,0,0,0.126,0.141
2026/04/16 13:00:31,08627,旅橙文化,ORANGE TOUR,,0.077,0.002,2.66667,0.075,0.079,0.079,0.075,864000,67152,0.075,0.077
2026/04/16 13:06:14,08629,集信国控,SYNTRUST GK,,8.69,0.0,0.0,8.69,8.69,8.69,8.69,1000,8690,8.31,8.7
2026/04/16 11:08:03,08631,申港控股,SUN KONG HLDGS,,0.56,0.0,0.0,0.56,0.0,0.0,0.0,0,0,0.58,0.76
2026/04/16 11:43:28,08635,大象控股集团,ELEPHANT HLDGS,,0.365,0.005,1.38889,0.36,0.36,0.375,0.355,668000,242920,0.36,0.365
2026/04/16 11:55:01,08637,元续科技,METASURFACE,,3.26,0.01,0.30769,3.25,3.25,3.28,3.25,131000,426640,3.25,3.3
2026/04/16 11:11:26,08645,比特元宇宙,BYTE META,,0.42,0.0,0.0,0.42,0.42,0.42,0.42,60000,25200,0.42,0.435
2026/04/16 13:00:05,08646,中国宏光,CHINA HONGGUANG,,0.226,-0.001,-0.44053,0.227,0.232,0.232,0.225,72000,16254,0.221,0.234
2026/04/16 13:00:16,08657,TRUE PARTNER,TRUE PARTNER,,0.345,0.0,0.0,0.345,0.0,0.0,0.0,0,0,0.315,0.35
2026/04/16 12:31:42,08659,易和国际控股,YIK WO INTL,,0.138,-0.004,-2.8169,0.142,0.136,0.141,0.13,2950000,391605,0.134,0.138
2026/04/16 09:01:26,08668,瀛海集团,YING HAI GROUP,,0.095,0.0,0.0,0.095,0.0,0.0,0.0,0,0,0.091,0.0
2026/04/16 13:00:05,09600,新纽科技,NEWLINK TECH,,0.187,-0.003,-1.57895,0.19,0.19,0.19,0.187,920000,173943,0.187,0.19
2026/04/16 13:05:56,09606,映恩生物－Ｂ,DUALITYBIO-B,,316.4,-1.4,-0.44053,317.8,317.0,325.8,314.0,432150,137989600,316.39999,316.60001
2026/04/16 10:22:39,09608,宋都服务,SUNDY SERVICE,,0.048,-0.002,-4.0,0.05,0.05,0.05,0.048,1810000,89800,0.048,0.053
2026/04/16 13:04:56,09609,海伟股份,HAIWEI ELEC,,7.28,0.03,0.41379,7.25,7.28,7.29,7.26,24000,174566,7.27,7.28
2026/04/16 13:06:38,09611,龙旗科技,LONGCHEER,,25.04,0.52,2.12072,24.52,24.66,25.26,24.64,345300,8629524,25.04,25.1
2026/04/16 11:04:42,09616,东软睿新集团,NEUTECH GROUP,,2.35,0.01,0.42735,2.34,2.35,2.35,2.35,8800,20680,2.33,2.35
2026/04/16 13:06:54,09618,京东集团－ＳＷ,JD-SW,,124.0,3.3,2.73405,120.7,123.4,124.2,122.7,8213961,1014119444,123.9,124.0
2026/04/16 13:06:44,09626,哔哩哔哩－Ｗ,BILIBILI-W,,199.1,5.4,2.78782,193.7,195.0,200.0,194.7,1429890,282820391,199.10001,199.2
2026/04/16 13:06:46,09633,农夫山泉,NONGFU SPRING,,46.42,-0.66,-1.40187,47.08,47.08,47.48,46.16,1372600,63791772,46.42,46.46
2026/04/16 13:06:17,09636,九方智投控股,JF SMARTINVEST,,29.44,0.2,0.684,29.24,29.9,29.98,29.2,771400,22818044,29.44,29.46
2026/04/16 09:30:00,09638,法拉帝,FERRETTI,,39.8,0.0,0.0,39.8,0.0,0.0,0.0,0,0,36.66,39.8
2026/04/16 13:00:06,09639,荣利营造,WING LEE DEV,,1.12,0.0,0.0,1.12,1.12,1.12,1.12,15000,16800,1.12,1.15
2026/04/16 13:05:50,09658,特海国际,SUPER HI,,11.34,0.03,0.26525,11.31,11.31,11.4,11.28,223000,2529140,11.33,11.34
2026/04/16 13:06:54,09660,地平线机器人－Ｗ,HORIZONROBOT-W,,7.28,0.11,1.53417,7.17,7.28,7.41,7.25,53024103,388380473,7.27,7.28
2026/04/16 13:00:26,09663,国鸿氢能,SINOSYNERGY,,4.21,0.02,0.47733,4.19,4.19,4.27,3.91,4000,16670,3.97,4.21
2026/04/16 13:00:11,09668,渤海银行,CBHB,,0.83,0.0,0.0,0.83,0.83,0.84,0.83,1905000,1581165,0.83,0.84
2026/04/16 13:05:02,09669,北森控股,BEISEN HOLDING,,4.1,0.04,0.98522,4.06,4.0,4.2,4.0,336200,1391472,4.09,4.11
2026/04/16 13:06:25,09676,十月稻田,SHIYUE DAOTIAN,,6.3,-0.11,-1.71607,6.41,6.41,6.48,6.3,173400,1106388,6.3,6.33
2026/04/16 13:00:10,09677,威海银行,WEIHAI BANK,,2.66,0.0,0.0,2.66,0.0,0.0,0.0,0,0,2.51,2.71
2026/04/16 13:06:40,09678,云知声,UNISOUND,,339.8,7.6,2.28778,332.2,333.0,348.0,322.6,664756,221943971,339.0,340.0
2026/04/16 11:25:13,09680,如祺出行,CHENQI TECH,,8.51,0.0,0.0,8.51,0.0,0.0,0.0,0,0,8.31,8.52
2026/04/16 11:26:53,09686,熙康云医院,XIKANG CLOUD,,0.89,0.0,0.0,0.89,0.0,0.0,0.0,0,0,0.85,0.88
2026/04/16 13:06:54,09688,再鼎医药,ZAI LAB,,18.02,0.59,3.38497,17.43,17.8,18.22,17.72,9323500,168203193,18.02,18.04
2026/04/16 13:05:12,09689,金泰丰国际控股,JTF INTL,,0.72,-0.08,-10.0,0.8,0.8,0.8,0.71,20000,14640,0.67,0.72
2026/04/16 13:06:22,09690,途虎－Ｗ,TUHU-W,,13.69,0.17,1.2574,13.52,13.45,13.77,13.23,558075,7581440,13.68,13.69
2026/04/16 13:06:48,09696,天齐锂业,TIANQI LITHIUM,,56.3,2.45,4.54968,53.85,54.75,57.65,54.3,7425400,415601220,56.25,56.3
2026/04/16 13:06:36,09698,万国数据－ＳＷ,GDS-SW,,43.28,1.28,3.04762,42.0,42.08,43.5,42.08,1612600,69286907,43.26,43.28
2026/04/16 13:06:43,09699,顺丰同城,SF INTRA-CITY,,11.6,0.3,2.65487,11.3,11.3,11.67,11.24,1471000,16928570,11.59,11.6
2026/04/16 13:00:24,09857,柠萌影视,LINMON MEDIA,,2.95,-0.03,-1.00671,2.98,2.98,2.98,2.95,4800,14169,2.75,2.97
2026/04/16 13:06:46,09858,优然牧业,YOURAN DAIRY,,4.32,-0.04,-0.91743,4.36,4.32,4.44,4.25,4285000,18431890,4.31,4.32
2026/04/16 13:05:50,09860,艾迪康控股,ADICON HOLDINGS,,3.62,-0.38,-9.5,4.0,4.02,4.02,3.58,1969500,7366897,3.62,3.69
2026/04/16 13:06:48,09863,零跑汽车,LEAPMOTOR,,55.6,1.2,2.20588,54.4,54.95,57.15,54.75,6859920,385736844,55.55,55.6
2026/04/16 13:06:35,09866,蔚来－ＳＷ,NIO-SW,,52.35,0.8,1.55189,51.55,51.25,52.65,51.0,2898690,151309842,52.3,52.35
2026/04/16 13:06:48,09868,小鹏集团－Ｗ,XPENG-W,,68.95,1.3,1.92166,67.65,68.4,70.7,68.35,11301307,789208453,68.9,68.95
2026/04/16 11:51:40,09869,海伦司,HELENS,,1.05,0.02,1.94175,1.03,1.05,1.07,1.04,527000,557405,1.05,1.06
2026/04/16 13:00:22,09876,大洋环球控股,OCEAN ONE HLDG,,2.58,-0.1,-3.73134,2.68,2.65,2.65,2.58,84000,219380,2.51,2.84
2026/04/16 13:04:40,09877,健世科技－Ｂ,JENSCARE-B,,9.62,-0.13,-1.33333,9.75,9.75,9.75,9.5,173600,1662218,9.61,9.63
2026/04/16 13:06:12,09878,汇通达网络,HUITONGDA NET,,6.6,0.12,1.85185,6.48,6.48,6.69,6.48,86800,572520,6.54,6.6
2026/04/16 13:06:09,09879,米高集团,MIGAO GROUP,,8.05,-0.06,-0.73983,8.11,8.15,8.15,8.01,253000,2041270,8.03,8.1
2026/04/16 13:06:49,09880,优必选,UBTECH ROBOTICS,,109.9,0.4,0.3653,109.5,110.1,111.5,109.0,2171135,239268483,109.8,109.9
2026/04/16 08:55:00,09881,容大科技,RONGTA TECH,,17.7,0.0,0.0,17.7,0.0,0.0,0.0,0,0,0.0,0.0
2026/04/16 11:57:53,09882,永联丰控股,BEST LINKING,,1.0,0.0,0.0,1.0,1.0,1.0,1.0,2000,2000,0.95,1.0
2026/04/16 13:05:55,09885,药师帮,YSB,,5.09,-0.01,-0.19608,5.1,5.1,5.2,5.08,1263000,6492257,5.08,5.09
2026/04/16 13:06:00,09886,叮当健康,DINGDANG HEALTH,,1.05,0.01,0.96154,1.04,1.05,1.07,1.04,220500,232330,1.05,1.07
2026/04/16 13:06:40,09887,维立志博－Ｂ,LEADS BIOLABS-B,,93.95,0.0,0.0,93.95,95.0,97.5,92.4,620500,58953341,93.85,93.9
2026/04/16 13:06:48,09888,百度集团－ＳＷ,BIDU-SW,,123.1,8.6,7.51092,114.5,118.5,124.3,118.3,10686910,1297726485,123.0,123.1
2026/04/16 13:01:08,09889,东莞农商银行,DRCB,,3.35,0.0,0.0,3.35,3.35,3.36,3.35,161000,540200,3.35,3.36
2026/04/16 13:04:23,09890,贪玩,TANWAN,,15.07,0.38,2.58679,14.69,14.69,15.33,14.65,853600,12873260,15.06,15.17
2026/04/16 13:00:04,09893,比优集团,PIZU GROUP,,1.55,-0.02,-1.27389,1.57,1.57,1.57,1.55,180000,280000,1.55,1.58
2026/04/16 13:06:45,09896,名创优品,MNSO,,31.06,0.06,0.19355,31.0,31.2,31.5,31.04,1206063,37633287,31.04,31.06
2026/04/16 13:06:07,09898,微博－ＳＷ,WB-SW,,67.7,1.58,2.3896,66.12,66.9,67.95,66.5,133940,9020727,67.7,67.85
2026/04/16 13:06:33,09899,网易云音乐,NETEASE MUSIC,,126.3,1.3,1.04,125.0,125.5,128.5,125.5,536300,68272041,126.4,126.6
2026/04/16 13:04:44,09900,智云科技建设,ZCLOUD TECH CON,,4.57,0.04,0.883,4.53,4.58,4.58,4.45,72000,324520,4.49,4.58
2026/04/16 13:06:27,09901,新东方－Ｓ,NEW ORIENTAL-S,,44.54,2.42,5.74549,42.12,44.02,44.64,43.4,4132029,182593743,44.54,44.56
2026/04/16 13:06:44,09903,天数智芯,ILUVATAR COREX,,430.8,59.8,16.1186,371.0,371.0,432.8,371.0,1191972,485442691,430.60001,431.0
2026/04/16 08:55:00,09906,宏力医疗管理,HONLIV HEALTH,,1.56,0.0,0.0,1.56,0.0,0.0,0.0,0,0,0.0,0.0
2026/04/16 13:06:16,09908,嘉兴燃气,JIAXING GAS,,8.29,0.0,0.0,8.29,0.0,0.0,0.0,0,0,8.08,8.29
2026/04/16 11:58:10,09909,宝龙商业,POWERLONG CM,,2.46,0.01,0.40816,2.45,2.45,2.46,2.44,43000,105365,2.44,2.47
2026/04/16 13:06:43,09911,赤子城科技,NEWBORNTOWN,,9.59,0.12,1.26716,9.47,9.69,9.79,9.47,9810000,94217000,9.59,9.62
2026/04/16 11:32:19,09913,智勤控股,CHI KAN HLDGS,,2.31,0.0,0.0,2.31,2.32,2.32,2.3,156000,360600,2.3,2.31
2026/04/16 13:00:11,09916,兴业物联,XINGYE WULIAN,,0.325,-0.01,-2.98508,0.335,0.325,0.325,0.32,390000,125930,0.32,0.325
2026/04/16 10:19:44,09918,丽年国际,WISE ALLY INTL,,0.95,0.03,3.26087,0.92,0.95,0.95,0.95,26000,24700,0.86,0.95
2026/04/16 13:04:22,09919,艾德韦宣集团,ACTIVATION GP,,0.91,0.01,1.11111,0.9,0.9,0.91,0.88,71580,64442,0.88,0.91
2026/04/16 13:05:31,09922,九毛九,JIUMAOJIU,,1.94,-0.01,-0.51282,1.95,1.95,1.98,1.91,2104000,4114390,1.94,1.96
2026/04/16 13:02:56,09923,移卡,YEAHKA,,6.58,0.01,0.15221,6.57,6.57,6.64,6.44,271600,1771632,6.55,6.59
2026/04/16 13:06:47,09926,康方生物,AKESO,,148.5,1.1,0.74627,147.4,147.4,148.5,146.1,2204857,325137375,148.2,148.5
2026/04/16 13:06:49,09927,赛力斯,SERES,,80.3,1.2,1.51707,79.1,79.7,81.45,79.65,401000,32343805,80.3,80.45
2026/04/16 10:20:37,09928,时代邻里,TIMES NEIGHBOR,,0.58,0.0,0.0,0.58,0.58,0.59,0.58,147000,85840,0.58,0.59
2026/04/16 13:03:03,09929,澳达控股,SEM HLDGS,,0.89,-0.01,-1.11111,0.9,0.9,0.95,0.88,4240000,3896700,0.89,0.9
2026/04/16 13:03:16,09930,宏信建发,HORIZON CD,,0.89,-0.01,-1.11111,0.9,0.9,0.91,0.89,62000,55620,0.89,0.9
2026/04/16 09:30:04,09933,GHW INTL,GHW INTL,,1.67,0.0,0.0,1.67,0.0,0.0,0.0,0,0,1.62,1.67
2026/04/16 13:04:29,09936,稀美资源,XIMEI RESOURCES,,15.05,0.06,0.40027,14.99,14.54,15.05,14.54,235000,3456375,14.9,15.05
2026/04/16 13:00:59,09938,华和控股,WAH WO HOLDINGS,,0.178,0.033,22.75862,0.145,0.153,0.18,0.153,1495000,254135,0.17,0.18
2026/04/16 13:06:28,09939,开拓药业－Ｂ,KINTOR PHARMA-B,,2.77,-0.18,-6.1017,2.95,2.96,2.96,2.77,1994500,5672830,2.76,2.78
2026/04/16 11:49:41,09955,智云健康,CLOUDR,,0.7,0.0,0.0,0.7,0.7,0.7,0.69,65200,45350,0.69,0.7
2026/04/16 13:04:09,09958,力天影业,LITIAN PICTURES,,0.173,-0.001,-0.57471,0.174,0.171,0.175,0.168,9001000,1560078,0.17,0.173
2026/04/16 13:05:53,09959,联易融科技－Ｗ,LINKLOGIS-W,,2.23,0.01,0.45045,2.22,2.22,2.27,2.19,1216000,2713265,2.23,2.25
2026/04/16 13:06:17,09960,康圣环球,KINDSTAR GLOBAL,,1.15,0.02,1.76991,1.13,1.13,1.2,1.12,395000,452695,1.14,1.18
2026/04/16 13:06:38,09961,携程集团－Ｓ,TRIP.COM-S,,429.0,18.6,4.53216,410.4,422.8,429.8,420.4,1585240,675529150,428.79999,429.0
2026/04/16 13:06:14,09963,高科桥,TRANSTECH,,4.8,0.65,15.66265,4.15,4.48,4.8,3.78,4557700,19482196,4.7,4.8
2026/04/16 13:05:36,09966,康宁杰瑞制药－Ｂ,ALPHAMAB-B,,11.63,0.4,3.56189,11.23,11.26,11.98,11.15,1955932,23001629,11.63,11.64
2026/04/16 11:10:43,09968,汇景控股,HUIJING HLDGS,,0.032,0.001,3.22581,0.031,0.031,0.032,0.03,1296000,41148,0.03,0.032
2026/04/16 13:06:40,09969,诺诚健华,INNOCARE,,15.43,-0.13,-0.83548,15.56,15.62,15.74,15.24,2961000,46019030,15.43,15.47
2026/04/16 13:06:35,09973,奇瑞汽车,CHERY AUTO,,31.36,0.16,0.51282,31.2,31.6,32.12,31.2,1492100,47297474,31.32,31.36
2026/04/16 09:53:15,09978,方圆生活服务,FINELAND LIVING,,0.063,0.0,0.0,0.063,0.0,0.0,0.0,0,0,0.061,0.069
2026/04/16 13:05:18,09979,绿城管理控股,GREENTOWN MGMT,,2.31,-0.03,-1.28205,2.34,2.34,2.36,2.29,447000,1041780,2.3,2.31
2026/04/16 13:06:34,09980,东鹏饮料,EASTROC,,210.8,4.8,2.3301,206.0,206.0,213.0,204.0,55400,11476170,210.0,210.8
2026/04/16 13:07:09,09981,沃尔核材,WOER,,19.5,0.24,1.24611,19.26,19.6,19.66,19.31,1248000,24356876,19.49,19.5
2026/04/16 13:06:02,09982,中原建业,CENTRALCHINA MT,,0.057,0.0,0.0,0.057,0.056,0.058,0.056,2461000,138398,0.056,0.058
2026/04/16 11:57:27,09983,建业新生活,CC NEW LIFE,,0.36,-0.005,-1.36986,0.365,0.36,0.36,0.36,256000,92160,0.36,0.365
2026/04/16 13:05:39,09985,卫龙美味,WL DELICIOUS,,9.25,-0.07,-0.75107,9.32,9.41,9.41,9.17,2493400,23048756,9.25,9.27
2026/04/16 08:55:00,09986,大山教育,DASHAN EDU,,1.88,0.0,0.0,1.88,0.0,0.0,0.0,0,0,0.0,0.0
2026/04/16 13:07:11,09987,百胜中国,YUM CHINA,,389.2,4.8,1.2487,384.4,388.2,390.4,385.0,201478,78316831,389.20001,389.39999
2026/04/16 13:07:20,09988,阿里巴巴－Ｗ,BABA-W,,134.3,5.7,4.43235,128.6,131.7,135.0,131.2,63423491,8439771230,134.3,134.39999
2026/04/16 13:07:06,09989,海普瑞,HEPALINK,,4.96,-0.05,-0.998,5.01,5.01,5.01,4.94,79000,391650,4.95,4.97
2026/04/16 12:31:42,09990,祖龙娱乐,ARCHOSAUR GAMES,,1.52,0.0,0.0,1.52,0.0,0.0,0.0,0,0,1.52,1.58
2026/04/16 13:03:39,09991,宝尊电商－Ｗ,BAOZUN-W,,7.1,0.36,5.34125,6.74,7.23,7.23,7.02,5100,36035,7.03,7.1
2026/04/16 13:07:20,09992,泡泡玛特,POP MART,,166.6,3.3,2.02082,163.3,165.7,169.4,164.4,14458851,2425813326,166.5,166.60001
2026/04/16 11:57:35,09993,金辉控股,RADIANCE HLDGS,,1.29,-0.01,-0.76923,1.3,1.31,1.31,1.29,968000,1255910,1.28,1.29
2026/04/16 13:06:57,09995,荣昌生物,REMEGEN,,118.3,0.0,0.0,118.3,121.0,121.2,115.2,3261794,387559372,118.0,118.3
2026/04/16 13:02:15,09996,沛嘉医疗－Ｂ,PEIJIA-B,,7.01,-0.05,-0.70822,7.06,7.05,7.1,6.99,505000,3546893,7.0,7.02
2026/04/16 11:50:45,09998,光荣控股,KWAN YONG,,0.46,-0.01,-2.12766,0.47,0.455,0.46,0.45,130000,59575,0.45,0.46
2026/04/16 13:07:15,09999,网易－Ｓ,NTES-S,,185.0,7.3,4.10805,177.7,183.6,186.2,182.9,2457091,454515479,185.0,185.10001
2026/04/16 13:04:38,80016,新鸿基地产－Ｒ,SHK PPT-R,,118.6,-0.8,-0.67002,119.4,118.6,118.6,118.6,2500,296500,119.4,119.6
2026/04/16 13:06:53,80020,商汤－ＷＲ,SENSETIME-WR,,1.82,0.03,1.67598,1.79,1.81,1.82,1.8,251000,454500,1.8,1.81
2026/04/16 13:07:17,80175,吉利汽车－Ｒ,GEELY AUTO-R,,21.24,0.34,1.62679,20.9,21.62,21.62,21.24,4000,85900,21.38,21.42
2026/04/16 13:05:23,80291,华润啤酒－Ｒ,CHINARES BEER-R,,22.86,0.0,0.0,22.86,0.0,0.0,0.0,0,0,22.94,23.0
2026/04/16 13:07:02,80388,香港交易所－Ｒ,HKEX-R,,356.6,-2.4,-0.66852,359.0,357.8,357.8,356.0,7000,2496620,356.20001,356.79999
2026/04/16 13:07:15,80700,腾讯控股－Ｒ,TENCENT-R,,446.6,12.0,2.76116,434.6,445.0,446.8,440.2,13100,5806820,444.79999,445.20001
2026/04/16 09:30:20,80737,湾区发展－Ｒ,BAY AREA DEV-R,,1.66,0.0,0.0,1.66,0.0,0.0,0.0,0,0,1.66,0.0
2026/04/16 13:06:49,80883,中国海洋石油－Ｒ,CNOOC-R,,23.14,0.28,1.22485,22.86,22.86,23.14,22.84,345000,7884820,23.2,23.26
2026/04/16 13:06:47,80941,中国移动－Ｒ,CHINA MOBILE-R,,71.0,0.15,0.21172,70.85,70.85,71.05,70.85,7000,496975,71.05,71.2
2026/04/16 13:07:19,80992,联想集团－Ｒ,LENOVO GROUP-R,,9.4,0.2,2.17391,9.2,9.23,9.4,9.23,162000,1503980,9.31,9.34
2026/04/16 13:07:16,81024,快手－ＷＲ,KUAISHOU-WR,,40.64,0.92,2.31621,39.72,40.6,40.7,40.34,13500,548014,40.54,40.62
2026/04/16 13:07:00,81211,比亚迪股份－Ｒ,BYD COMPANY-R,,97.5,4.1,4.38972,93.4,95.6,97.9,95.6,17400,1697575,97.55,97.7
2026/04/16 13:06:55,81299,友邦保险－Ｒ,AIA-R,,73.45,0.15,0.20464,73.3,73.5,73.5,73.3,1200,88130,73.35,73.5
2026/04/16 13:06:54,81810,小米集团－ＷＲ,XIAOMI-WR,,27.54,0.64,2.37918,26.9,27.02,27.54,27.02,23400,639060,27.36,27.42
2026/04/16 13:05:29,82020,安踏体育－Ｒ,ANTA SPORTS-R,,72.9,0.0,0.0,72.9,0.0,0.0,0.0,0,0,73.25,73.4
2026/04/16 13:05:43,82318,中国平安－Ｒ,PING AN-R,,54.4,-0.1,-0.18349,54.5,54.7,54.7,54.4,38500,2099375,54.25,54.4
2026/04/16 13:07:16,82331,李宁－Ｒ,LI NING-R,,18.28,0.0,0.0,18.28,0.0,0.0,0.0,0,0,18.26,18.3
2026/04/16 13:07:15,82333,长城汽车－Ｒ,GWMOTOR-R,,11.53,-0.02,-0.17316,11.55,11.56,11.56,11.53,13500,155955,11.51,11.54
2026/04/16 13:07:16,82388,中银香港－Ｒ,BOC HONG KONG-R,,38.06,-0.42,-1.09148,38.48,38.0,38.06,37.8,12500,474540,37.98,38.06
2026/04/16 13:06:29,83690,美团－ＷＲ,MEITUAN-WR,,77.25,2.1,2.79441,75.15,75.3,77.25,75.3,11400,875000,76.7,76.85
2026/04/16 13:07:20,86618,京东健康－Ｒ,JD HEALTH-R,,42.7,0.0,0.0,42.7,42.7,42.7,42.7,50,2135,43.18,43.24
2026/04/16 13:06:28,89618,京东集团－ＳＷＲ,JD-SWR,,107.8,2.8,2.66667,105.0,107.2,107.8,107.0,17250,1852585,107.8,108.0
2026/04/16 13:06:53,89888,百度集团－ＳＷＲ,BIDU-SWR,,108.0,8.35,8.37933,99.65,100.0,108.0,100.0,16750,1763760,107.0,107.2
2026/04/16 13:06:59,89988,阿里巴巴－ＷＲ,BABA-WR,,117.0,5.0,4.46429,112.0,113.5,117.4,113.5,149900,17286490,116.8,117.0
