日期时间,代码,中文名称,英文名称,交易类型,最新价,涨跌额,涨跌幅,昨收,今开,最高,最低,成交量,成交额,买一,卖一
2026/04/16 11:35:31,00001,长和,CKH HOLDINGS,,63.95,0.0,0.0,63.95,64.35,65.0,63.95,2896223,186364094,63.95,64.0
2026/04/16 11:35:06,00002,中电控股,CLP HOLDINGS,,74.2,-0.2,-0.26882,74.4,74.6,75.1,74.05,1269547,94475343,74.15,74.2
2026/04/16 11:35:03,00003,香港中华煤气,HK & CHINA GAS,,7.27,0.0,0.0,7.27,7.27,7.32,7.24,8948315,65100473,7.26,7.27
2026/04/16 11:35:33,00004,九龙仓集团,WHARF HOLDINGS,,21.92,0.14,0.64279,21.78,21.66,21.96,21.44,771691,16758547,21.9,21.92
2026/04/16 11:35:23,00005,汇丰控股,HSBC HOLDINGS,,141.9,0.5,0.35361,141.4,141.3,142.1,141.0,3022283,428495292,141.8,141.89999
2026/04/16 11:35:35,00006,电能实业,POWER ASSETS,,63.3,-0.4,-0.62794,63.7,63.7,64.15,63.3,640697,40729055,63.3,63.35
2026/04/16 08:55:00,00007,智富资源投资,WISDOM WEALTH,,0.032,0.0,0.0,0.032,0.0,0.0,0.0,0,0,0.0,0.0
2026/04/16 11:34:58,00008,电讯盈科,PCCW,,6.02,0.03,0.50084,5.99,5.97,6.03,5.97,1282477,7701320,6.01,6.02
2026/04/16 11:29:39,00010,恒隆集团,HANG LUNG GROUP,,16.62,-0.39,-2.29277,17.01,16.9,16.9,16.43,277000,4613550,16.57,16.63
2026/04/16 11:34:42,00012,恒基地产,HENDERSON LAND,,30.3,-0.34,-1.10966,30.64,30.58,30.78,30.2,2123610,64423519,30.28,30.3
2026/04/16 11:31:59,00013,和黄医药,HUTCHMED,,24.02,-0.28,-1.15226,24.3,24.08,24.36,23.88,1328500,31950393,24.0,24.02
2026/04/16 11:33:40,00014,希慎兴业,HYSAN DEV,,18.95,-0.37,-1.91511,19.32,19.32,19.33,18.95,674627,12868563,18.95,18.96
2026/04/16 11:35:20,00016,新鸿基地产,SHK PPT,,137.2,-0.3,-0.21818,137.5,136.9,138.2,136.0,2321064,318146725,137.2,137.3
2026/04/16 11:34:34,00017,新世界发展,NEW WORLD DEV,,8.82,0.04,0.45558,8.78,8.81,8.87,8.74,799149,7042826,8.8,8.82
2026/04/16 10:21:49,00018,东方传媒集团,ORIENTAL M G,,0.29,0.0,0.0,0.29,0.0,0.0,0.0,0,0,0.29,0.295
2026/04/16 11:34:49,00019,太古股份公司Ａ,SWIRE PACIFIC A,,85.25,-0.5,-0.58309,85.75,85.75,87.75,85.0,290201,24926515,85.2,85.25
2026/04/16 11:35:25,00020,商汤－Ｗ,SENSETIME-W,,2.08,0.03,1.46342,2.05,2.06,2.09,2.05,132563458,274359840,2.08,2.09
2026/04/16 10:05:53,00021,大中华控股,GREAT CHI HLDGS,,0.075,0.0,0.0,0.075,0.0,0.0,0.0,0,0,0.072,0.08
2026/04/16 11:26:47,00022,茂盛控股,MEXAN,,0.275,0.0,0.0,0.275,0.28,0.28,0.275,9860000,2720600,0.275,0.28
2026/04/16 11:27:46,00023,东亚银行,BANK OF E ASIA,,13.63,-0.17,-1.23188,13.8,13.63,13.72,13.61,375460,5127607,13.63,13.64
2026/04/16 09:30:29,00025,CHEVALIER INT'L,CHEVALIER INT'L,,4.05,0.0,0.0,4.05,0.0,0.0,0.0,0,0,4.05,4.29
2026/04/16 11:29:17,00026,中华汽车,CHINA MOTOR BUS,,57.05,0.0,0.0,57.05,0.0,0.0,0.0,0,0,56.8,58.0
2026/04/16 11:35:19,00027,银河娱乐,GALAXY ENT,,35.04,0.48,1.38889,34.56,34.74,35.14,34.62,2954819,102873121,35.04,35.06
2026/04/16 11:05:59,00028,天安,TIAN AN,,4.34,-0.07,-1.5873,4.41,4.34,4.34,4.34,3000,13020,4.34,4.45
2026/04/16 11:15:53,00029,达力集团,DYNAMIC HOLD,,11.1,0.0,0.0,11.1,11.1,11.1,11.1,4120,45710,11.03,11.34
2026/04/16 11:16:36,00030,云白国际,YNBY INTL,,0.255,0.0,0.0,0.255,0.255,0.255,0.25,104000,26270,0.25,0.255
2026/04/16 11:32:01,00031,航天控股,CHINA AEROSPACE,,0.485,-0.005,-1.02041,0.49,0.49,0.49,0.48,2602000,1260480,0.48,0.49
2026/04/16 11:16:39,00032,港通控股,CROSS-HAR(HOLD),,8.48,0.01,0.11806,8.47,8.47,8.48,8.47,16200,137252,8.5,8.7
2026/04/16 08:55:00,00033,INTL GENIUS,INTL GENIUS,,0.4,0.0,0.0,0.4,0.0,0.0,0.0,0,0,0.0,0.0
2026/04/16 11:29:06,00034,九龙建业,KOWLOON DEV,,4.67,0.03,0.64655,4.64,4.64,4.67,4.64,51000,237710,4.66,4.7
2026/04/16 10:31:11,00035,远东发展,FE CONSORT INTL,,0.77,-0.01,-1.28205,0.78,0.78,0.78,0.77,107000,82960,0.77,0.78
2026/04/16 08:55:00,00036,远东控股国际,FE HLDGS INTL,,0.275,0.0,0.0,0.275,0.0,0.0,0.0,0,0,0.0,0.0
2026/04/16 10:36:31,00037,远东酒店实业,FE HOTELS,,0.53,0.0,0.0,0.53,0.53,0.53,0.53,20000,10600,0.52,0.53
2026/04/16 11:35:20,00038,第一拖拉机股份,FIRST TRACTOR,,8.16,-0.03,-0.3663,8.19,8.27,8.35,8.1,2220735,18128847,8.16,8.2
2026/04/16 08:55:00,00039,中国北大荒,CH BEIDAHUANG,,0.045,0.0,0.0,0.045,0.0,0.0,0.0,0,0,0.0,0.0
2026/04/16 09:30:19,00040,金山科技工业,GOLD PEAK,,0.69,0.0,0.0,0.69,0.0,0.0,0.0,0,0,0.69,0.7
2026/04/16 11:19:28,00041,鹰君,GREAT EAGLE H,,17.79,-0.09,-0.50336,17.88,17.64,17.83,17.64,99000,1757490,17.71,17.79
2026/04/16 10:59:49,00042,东北电气,NE ELECTRIC,,0.41,0.005,1.23457,0.405,0.41,0.42,0.405,646000,267990,0.405,0.415
2026/04/16 11:25:34,00045,大酒店,HK&S HOTELS,,6.01,0.04,0.67002,5.97,5.98,6.01,5.97,38500,230095,5.98,6.01
2026/04/16 10:38:03,00046,科联系统,COMPUTER & TECH,,1.23,-0.01,-0.80645,1.24,1.25,1.25,1.23,26000,32300,1.21,1.25
2026/04/16 09:30:20,00048,中国汽车内饰,C AUTO INT DECO,,0.249,0.0,0.0,0.249,0.0,0.0,0.0,0,0,0.24,0.249
2026/04/16 11:07:47,00050,香港小轮（集团）,HK FERRY (HOLD),,5.11,0.0,0.0,5.11,5.11,5.11,5.11,7000,35770,5.12,5.16
2026/04/16 09:59:28,00051,海港企业,HARBOUR CENTRE,,4.42,0.0,0.0,4.42,0.0,0.0,0.0,0,0,4.32,4.44
2026/04/16 11:27:54,00052,大快活集团,FAIRWOOD HOLD,,3.99,-0.03,-0.74627,4.02,4.01,4.01,3.98,49500,197640,3.98,3.99
2026/04/16 10:17:39,00053,国浩集团,GUOCO GROUP,,68.9,0.0,0.0,68.9,0.0,0.0,0.0,0,0,68.7,69.8
2026/04/16 11:21:19,00055,中星集团控股,NEWAY GROUP,,0.184,-0.005,-2.6455,0.189,0.195,0.195,0.13,870000,147960,0.178,0.184
2026/04/16 11:14:27,00057,震雄集团,CHEN HSONG HOLD,,1.62,0.02,1.25,1.6,1.61,1.62,1.61,104000,168260,1.61,1.62
2026/04/16 10:51:41,00058,新威国际,SUNWAY INT'L,,0.28,-0.03,-9.67742,0.31,0.295,0.295,0.28,100000,28300,0.28,0.305
2026/04/16 08:55:00,00059,天誉置业,SKYFAME REALTY,,0.01,0.0,0.0,0.01,0.0,0.0,0.0,0,0,0.0,0.0
2026/04/16 09:30:11,00060,香港食品投资,HK FOOD INV,,0.495,0.0,0.0,0.495,0.0,0.0,0.0,0,0,0.485,0.495
2026/04/16 10:50:13,00061,绿领控股,GREEN LEADER,,0.069,0.0,0.0,0.069,0.0,0.0,0.0,0,0,0.07,0.071
2026/04/16 11:23:11,00062,载通,TRANSPORT INT'L,,10.89,-0.03,-0.27473,10.92,10.93,10.93,10.82,26609,289477,10.86,10.89
2026/04/16 11:00:23,00063,中亚烯谷集团,CHI ASIA VALLEY,,0.047,0.0,0.0,0.047,0.0,0.0,0.0,0,0,0.044,0.048
2026/04/16 10:29:24,00064,结好控股,GET NICE,,3.1,0.01,0.32363,3.09,3.1,3.1,3.07,20500,63280,3.08,3.1
2026/04/16 09:40:53,00065,弘海高新资源,GRAND OCEAN AR,,0.3,0.0,0.0,0.3,0.0,0.0,0.0,0,0,0.29,0.31
2026/04/16 11:35:28,00066,港铁公司,MTR CORPORATION,,34.42,0.42,1.23529,34.0,33.82,34.44,33.72,2682928,91385813,34.4,34.42
2026/04/16 11:30:11,00069,香格里拉（亚洲）,SHANGRI-LA ASIA,,4.47,-0.02,-0.44543,4.49,4.49,4.49,4.45,214000,957540,4.46,4.47
2026/04/16 09:45:12,00070,金粤控股,RICH GOLDMAN,,0.054,0.0,0.0,0.054,0.0,0.0,0.0,0,0,0.049,0.054
2026/04/16 11:34:43,00071,美丽华酒店,MIRAMAR HOTEL,,10.88,0.11,1.02136,10.77,10.8,10.88,10.8,2000,21680,10.81,10.88
2026/04/16 10:10:22,00072,超媒体控股,META MEDIA,,0.25,0.0,0.0,0.25,0.0,0.0,0.0,0,0,0.216,0.29
2026/04/16 10:28:20,00073,亚洲果业,ASIAN CITRUS,,1.8,0.0,0.0,1.8,0.0,0.0,0.0,0,0,1.87,2.01
2026/04/16 10:03:40,00075,渝太地产,Y.T. REALTY,,0.147,-0.003,-2.0,0.15,0.147,0.147,0.147,2000,294,0.147,0.147
2026/04/16 11:11:51,00076,谊砾控股,ELATE HOLDINGS,,0.168,0.002,1.20482,0.166,0.168,0.168,0.168,20780,3479,0.16,0.168
2026/04/16 09:04:28,00077,进智公共交通,AMS TRANSPORT,,0.43,0.0,0.0,0.43,0.0,0.0,0.0,0,0,0.42,0.43
2026/04/16 10:38:51,00078,REGAL INT'L,REGAL INT'L,,0.52,-0.01,-1.88679,0.53,0.51,0.52,0.51,9000,4610,0.51,0.53
2026/04/16 10:23:58,00079,世纪建业,CENTURY LEGEND,,0.083,0.0,0.0,0.083,0.0,0.0,0.0,0,0,0.078,0.085
2026/04/16 11:07:25,00080,ＣＡＩ控股,CAI CORP,,0.395,-0.005,-1.25,0.4,0.4,0.4,0.395,560000,221250,0.39,0.4
2026/04/16 11:33:13,00081,中国海外宏洋集团,CH OVS G OCEANS,,2.74,0.06,2.23881,2.68,2.68,2.75,2.68,2233000,6083840,2.72,2.74
2026/04/16 09:40:29,00082,疯狂体育,CRAZY SPORTS,,0.084,0.0,0.0,0.084,0.0,0.0,0.0,0,0,0.083,0.084
2026/04/16 11:32:13,00083,信和置业,SINO LAND,,11.81,-0.01,-0.0846,11.82,11.93,11.93,11.74,560315,6612493,11.8,11.81
2026/04/16 09:04:27,00084,宝光实业,STELUX HOLDINGS,,0.069,0.0,0.0,0.069,0.0,0.0,0.0,0,0,0.063,0.069
2026/04/16 11:27:32,00085,中电华大科技,CE HUADA TECH,,1.18,0.01,0.8547,1.17,1.19,1.21,1.17,1114000,1328120,1.18,1.19
2026/04/16 11:25:11,00086,新鸿基公司,SUN HUNG KAI CO,,4.28,-0.05,-1.15473,4.33,4.28,4.28,4.27,59000,252435,4.27,4.3
2026/04/16 11:34:07,00087,太古股份公司Ｂ,SWIRE PACIFIC B,,13.15,-0.15,-1.12782,13.3,13.3,13.32,13.12,198570,2618867,13.13,13.16
2026/04/16 11:30:18,00088,TAI CHEUNG HOLD,TAI CHEUNG HOLD,,4.02,0.0,0.0,4.02,0.0,0.0,0.0,0,0,3.97,4.03
2026/04/16 11:26:58,00089,大生地产,TAI SANG LAND,,2.21,0.0,0.0,2.21,0.0,0.0,0.0,0,0,2.17,2.27
2026/04/16 10:54:15,00090,普星能量,PUXING ENERGY,,1.16,0.0,0.0,1.16,1.16,1.16,1.16,12000,13920,1.13,1.16
2026/04/16 11:20:20,00092,冠军科技集团,CHAMPION TECH,,0.189,0.0,0.0,0.189,0.0,0.0,0.0,4055,689,0.176,0.19
2026/04/16 10:41:19,00093,零在科技金融,ZERO FINTECH,,0.4,0.0,0.0,0.4,0.0,0.0,0.0,0,0,0.38,0.415
2026/04/16 10:46:20,00094,绿心集团,GREENHEART GP,,0.076,0.0,0.0,0.076,0.076,0.076,0.076,80000,6080,0.073,0.077
2026/04/16 11:10:43,00095,绿景中国地产,LVGEM CHINA,,0.233,0.001,0.43103,0.232,0.233,0.237,0.233,466000,108690,0.233,0.24
2026/04/16 09:02:37,00096,YUSEI,YUSEI,,0.58,0.0,0.0,0.58,0.0,0.0,0.0,0,0,0.53,0.59
2026/04/16 11:06:33,00097,恒基发展,HENDERSON INV,,0.181,0.001,0.55556,0.18,0.175,0.181,0.175,52000,9162,0.176,0.181
2026/04/16 10:39:12,00098,兴发铝业,XINGFA ALUM,,7.49,0.02,0.26774,7.47,7.49,7.5,7.37,25000,187220,7.44,7.48
2026/04/16 09:30:07,00099,王氏国际,WONG'S INT'L,,1.23,0.0,0.0,1.23,0.0,0.0,0.0,0,0,1.18,1.34
2026/04/16 11:35:25,00100,MINIMAX-W,MINIMAX-W,,893.5,46.0,5.42773,847.5,815.5,918.0,815.5,990789,865432146,893.0,893.5
2026/04/16 11:35:02,00101,恒隆地产,HANG LUNG PPT,,9.36,-0.06,-0.63694,9.42,9.42,9.44,9.33,3310741,31047030,9.36,9.37
2026/04/16 11:00:01,00103,首佳科技,SHOUGANG CENT,,2.64,0.04,1.53846,2.6,2.65,2.67,2.64,26000,68960,2.62,2.66
2026/04/16 11:21:04,00104,ASIA COMM HOLD,ASIA COMM HOLD,,0.218,0.0,0.0,0.218,0.0,0.0,0.0,2114,443,0.218,0.226
2026/04/16 09:30:10,00105,凯联国际酒店,ASSO INT HOTELS,,5.15,0.0,0.0,5.15,0.0,0.0,0.0,0,0,5.04,5.64
2026/04/16 08:55:00,00106,朗诗绿色管理,LANDSEA MGMT,,0.019,0.0,0.0,0.019,0.0,0.0,0.0,0,0,0.0,0.0
2026/04/16 11:35:08,00107,四川成渝高速公路,SICHUAN EXPRESS,,5.8,0.01,0.17271,5.79,5.71,5.84,5.68,2112000,12230100,5.79,5.81
2026/04/16 11:35:24,00108,国锐生活,GR LIFE STYLE,,2.88,-0.1,-3.35571,2.98,2.89,3.04,2.84,1830000,5375960,2.87,2.89
2026/04/16 11:14:01,00110,中国长远,CHINA FORTUNE,,0.425,0.025,6.25,0.4,0.42,0.465,0.42,286887,122749,0.4,0.445
2026/04/16 11:30:50,00111,信达国际控股,CINDA INTL HLDG,,0.78,0.04,5.40541,0.74,0.74,0.79,0.74,578000,441980,0.75,0.77
2026/04/16 11:34:28,00113,迪生创建,DICKSON CONCEPT,,6.2,0.0,0.0,6.2,6.18,6.2,6.18,47500,294445,6.19,6.2
2026/04/16 09:09:24,00114,HERALD HOLD,HERALD HOLD,,0.58,0.0,0.0,0.58,0.0,0.0,0.0,0,0,0.56,0.61
2026/04/16 11:31:03,00115,钧濠集团,GRAND FIELD GP,,8.8,0.0,0.0,8.8,0.0,0.0,0.0,0,0,0.0,8.8
2026/04/16 11:28:09,00116,周生生,CHOW SANG SANG,,13.27,-0.13,-0.97015,13.4,13.4,13.47,13.25,430000,5722930,13.26,13.27
2026/04/16 09:41:27,00117,天利控股集团,TIANLI HOLDINGS,,0.395,0.0,0.0,0.395,0.0,0.0,0.0,0,0,0.38,0.41
2026/04/16 11:27:18,00118,大同机械,COSMOS MACH,,0.196,-0.003,-1.50754,0.199,0.199,0.21,0.196,1214000,238752,0.188,0.208
2026/04/16 11:35:20,00119,保利置业集团,POLY PROPERTY,,1.95,-0.01,-0.5102,1.96,1.97,1.98,1.95,3777000,7410970,1.95,1.96
2026/04/16 11:28:57,00120,COSMOPOL INT'L,COSMOPOL INT'L,,0.077,-0.001,-1.28205,0.078,0.083,0.083,0.077,106800,8350,0.077,0.08
2026/04/16 11:02:55,00122,鳄鱼恤,CROCODILE,,1.44,0.0,0.0,1.44,0.0,0.0,0.0,0,0,1.4,1.46
2026/04/16 11:33:58,00123,越秀地产,YUEXIU PROPERTY,,3.75,0.02,0.53619,3.73,3.71,3.77,3.7,2973523,11122628,3.75,3.76
2026/04/16 11:19:07,00124,粤海置地,GD LAND,,0.216,0.001,0.46512,0.215,0.213,0.217,0.212,167182,35899,0.214,0.217
2026/04/16 10:07:17,00125,新兴光学,SUN HING VISION,,0.315,0.0,0.0,0.315,0.0,0.0,0.0,0,0,0.315,0.33
2026/04/16 09:58:56,00126,佳宁娜,CARRIANNA,,0.114,0.0,0.0,0.114,0.0,0.0,0.0,0,0,0.114,0.122
2026/04/16 11:06:50,00127,华人置业,CHINESE EST H,,1.23,0.01,0.81967,1.22,1.2,1.23,1.2,67829,82823,1.21,1.23
2026/04/16 09:04:32,00128,安宁控股,ENM HOLDINGS,,0.41,0.0,0.0,0.41,0.0,0.0,0.0,0,0,0.41,0.42
2026/04/16 11:21:40,00129,泛海集团,ASIA STANDARD,,0.198,0.0,0.0,0.198,0.191,0.2,0.19,699123,139616,0.198,0.202
2026/04/16 09:00:02,00130,慕诗国际,MOISELLE INT'L,,0.18,0.0,0.0,0.18,0.0,0.0,0.0,0,0,0.155,0.0
2026/04/16 10:56:53,00131,卓能（集团）,CHEUK NANG HOLD,,1.26,0.0,0.0,1.26,1.26,1.26,1.26,66000,83160,1.26,1.29
2026/04/16 10:08:04,00132,兴业控股,HING YIP HLDGS,,0.198,0.0,0.0,0.198,0.0,0.0,0.0,0,0,0.19,0.199
2026/04/16 11:24:11,00133,招商局中国基金,CHINA MERCHANTS,,18.58,-0.12,-0.64171,18.7,18.7,18.7,18.44,80000,1483720,18.58,18.65
2026/04/16 11:35:06,00135,昆仑能源,KUNLUN ENERGY,,7.43,0.06,0.81411,7.37,7.4,7.5,7.37,5676000,42280346,7.43,7.44
2026/04/16 11:32:52,00136,中国儒意,CHINA RUYI,,1.56,0.03,1.96078,1.53,1.53,1.58,1.53,17316000,27058000,1.56,1.57
2026/04/16 11:29:12,00137,金辉集团,JINHUI HOLDINGS,,0.62,0.0,0.0,0.62,0.0,0.0,0.0,0,0,0.61,0.64
2026/04/16 09:30:46,00138,中建富通,CCT FORTIS,,0.54,0.0,0.0,0.54,0.0,0.0,0.0,0,0,0.53,0.64
2026/04/16 11:19:12,00139,小鱼盈通,SMART FISH,,0.137,0.003,2.23881,0.134,0.134,0.137,0.134,472061,63946,0.135,0.137
2026/04/16 11:34:35,00142,第一太平,FIRST PACIFIC,,5.56,-0.03,-0.53667,5.59,5.61,5.63,5.55,1488225,8300502,5.56,5.57
2026/04/16 11:28:53,00144,招商局港口,CHINA MER PORT,,15.55,0.05,0.32258,15.5,15.68,15.68,15.3,913181,14084545,15.5,15.55
2026/04/16 11:34:03,00145,信能低碳,CCIAM FUTURE EN,,0.2,-0.007,-3.38164,0.207,0.219,0.225,0.192,75752000,16538879,0.195,0.205
2026/04/16 09:37:17,00146,TAI PING CARPET,TAI PING CARPET,,1.66,0.0,0.0,1.66,0.0,0.0,0.0,0,0,1.66,1.88
2026/04/16 11:19:27,00147,国际商业结算,IB SETTLEMENT,,0.084,-0.001,-1.17647,0.085,0.089,0.089,0.082,1380000,113860,0.083,0.084
2026/04/16 11:35:29,00148,建滔集团,KINGBOARD HLDG,,39.66,-0.32,-0.8004,39.98,40.2,40.2,39.32,3941900,156692853,39.64,39.68
2026/04/16 11:30:00,00149,中国农产品交易,CH AGRI-PROD EX,,0.062,-0.003,-4.61539,0.065,0.062,0.062,0.062,12177,744,0.061,0.065
2026/04/16 11:32:27,00150,HYPEBEAST,HYPEBEAST,,0.17,0.002,1.19048,0.168,0.172,0.18,0.17,3883600,667455,0.166,0.17
2026/04/16 11:34:04,00151,中国旺旺,WANT WANT CHINA,,4.46,-0.01,-0.22371,4.47,4.42,4.47,4.42,886000,3935155,4.45,4.46
2026/04/16 11:35:05,00152,深圳国际,SHENZHEN INT'L,,7.39,0.04,0.54422,7.35,7.42,7.46,7.34,4277572,31645630,7.39,7.4
2026/04/16 11:03:22,00154,北京控股环境集团,BE ENVIRONMENT,,0.54,0.0,0.0,0.54,0.54,0.54,0.54,2000,1080,0.54,0.56
2026/04/16 11:18:06,00156,力宝华润,LIPPO CHINA RES,,1.03,0.0,0.0,1.03,0.0,0.0,0.0,0,0,1.01,1.1
2026/04/16 09:00:02,00157,自然美,NATURAL BEAUTY,,0.475,0.0,0.0,0.475,0.0,0.0,0.0,0,0,0.0,0.485
2026/04/16 10:40:28,00158,万邦投资,MELBOURNE ENT,,59.5,0.0,0.0,59.5,0.0,0.0,0.0,0,0,58.8,63.0
2026/04/16 11:03:11,00159,布莱克万矿业,BROCKMAN MINING,,0.074,-0.004,-5.12821,0.078,0.074,0.074,0.074,34000,2498,0.074,0.08
2026/04/16 09:04:30,00160,汉国置业,HON KWOK LAND,,0.96,0.0,0.0,0.96,0.0,0.0,0.0,0,0,0.95,0.97
2026/04/16 11:08:33,00162,世纪金花,CENTURY GINWA,,0.039,-0.004,-9.30233,0.043,0.043,0.043,0.036,814000,31318,0.039,0.043
2026/04/16 10:49:41,00163,英皇国际,EMPEROR INT'L,,0.187,0.0,0.0,0.187,0.0,0.0,0.0,0,0,0.187,0.192
2026/04/16 11:34:31,00164,中国宝力科技,CHINA BAOLI TEC,,0.47,0.04,9.30233,0.43,0.45,0.47,0.435,1025000,459600,0.47,0.475
2026/04/16 11:35:11,00165,中国光大控股,CHINA EB LTD,,6.49,0.08,1.24805,6.41,6.48,6.5,6.43,1638000,10574460,6.48,6.5
2026/04/16 10:00:16,00166,新时代集团控股,NEW TIMES CORP,,0.04,-0.002,-4.76191,0.042,0.042,0.042,0.04,68000,2736,0.04,0.042
2026/04/16 10:34:07,00167,IDT INT'L,IDT INT'L,,5.3,0.0,0.0,5.3,0.0,0.0,0.0,0,0,0.0,5.55
2026/04/16 11:34:42,00168,青岛啤酒股份,TSINGTAO BREW,,50.7,-0.4,-0.78278,51.1,51.5,51.5,50.55,1014000,51481000,50.65,50.7
2026/04/16 11:14:00,00169,万达酒店发展,WANDA HOTEL DEV,,0.088,0.004,4.76191,0.084,0.083,0.089,0.081,1433000,121722,0.085,0.088
2026/04/16 11:03:17,00171,银建国际,SILVER GRANT,,0.061,-0.003,-4.6875,0.064,0.061,0.061,0.06,28000,1700,0.061,0.067
2026/04/16 11:30:18,00173,嘉华国际,K. WAH INT'L,,2.31,0.01,0.43478,2.3,2.3,2.31,2.23,2037000,4607560,2.3,2.32
2026/04/16 09:38:55,00174,盛洋投资,GEMINI INV,,0.215,0.0,0.0,0.215,0.0,0.0,0.0,0,0,0.0,0.23
2026/04/16 11:35:30,00175,吉利汽车,GEELY AUTO,,24.44,0.4,1.66389,24.04,23.9,24.88,23.64,52565831,1283974751,24.44,24.46
2026/04/16 08:55:00,00176,先机企业集团,SUPERACTIVE GP,,0.013,0.0,0.0,0.013,0.0,0.0,0.0,0,0,0.0,0.0
2026/04/16 11:34:14,00177,江苏宁沪高速公路,JIANGSU EXPRESS,,10.43,-0.05,-0.4771,10.48,10.35,10.55,10.35,2142500,22426875,10.42,10.43
2026/04/16 11:34:26,00178,莎莎国际,SA SA INT'L,,0.75,-0.01,-1.31579,0.76,0.78,0.78,0.74,11056000,8245100,0.74,0.75
2026/04/16 11:35:32,00179,德昌电机控股,JOHNSON ELEC H,,25.74,-0.16,-0.61776,25.9,26.3,26.8,25.62,1702500,44302920,25.76,25.82
2026/04/16 09:30:42,00180,开达集团,KADER HOLDINGS,,0.19,0.0,0.0,0.19,0.0,0.0,0.0,0,0,0.177,0.203
2026/04/16 11:17:43,00181,闽港控股,FUJIAN HOLDINGS,,0.128,0.0,0.0,0.128,0.128,0.128,0.128,40000,5120,0.114,0.136
2026/04/16 11:33:06,00182,协合新能源,CONCORD NE,,0.235,-0.002,-0.84388,0.237,0.235,0.239,0.233,1230000,290630,0.235,0.236
2026/04/16 11:28:45,00183,宏辉集团,WINFULL GP,,0.139,0.0,0.0,0.139,0.0,0.0,0.0,0,0,0.135,0.154
2026/04/16 09:14:22,00184,激成投资,KECK SENG INV,,2.24,0.0,0.0,2.24,0.0,0.0,0.0,0,0,2.22,2.25
2026/04/16 11:12:43,00185,正商实业,ZENSUN ENT,,0.125,0.0,0.0,0.125,0.125,0.125,0.125,80000,10000,0.116,0.125
2026/04/16 08:55:00,00186,敏捷控股,NIMBLE HOLDINGS,,0.157,0.0,0.0,0.157,0.0,0.0,0.0,0,0,0.0,0.0
2026/04/16 11:32:55,00187,京城机电股份,JINGCHENG MAC,,4.62,0.01,0.21692,4.61,4.69,4.69,4.58,1634000,7556260,4.62,4.63
2026/04/16 09:01:33,00188,新华汇富金融,SUNWAH KINGSWAY,,0.244,0.0,0.0,0.244,0.0,0.0,0.0,0,0,0.239,0.244
2026/04/16 11:34:26,00189,东岳集团,DONGYUE GROUP,,11.82,-0.08,-0.67227,11.9,11.88,11.99,11.79,3421000,40550811,11.82,11.85
2026/04/16 11:23:34,00191,丽新国际,LAI SUN INT'L,,0.72,-0.12,-14.28571,0.84,0.76,0.76,0.72,160400,116454,0.71,0.77
2026/04/16 10:57:21,00193,冠中地产,CAPITAL ESTATE,,0.214,-0.019,-8.15451,0.233,0.225,0.225,0.213,300000,65064,0.214,0.224
2026/04/16 11:22:15,00194,廖创兴企业,LIU CHONG HING,,4.6,-0.02,-0.4329,4.62,4.61,4.61,4.6,10000,46020,4.62,4.67
2026/04/16 08:55:00,00195,绿科科技国际,GREENTECH INTL,,0.28,0.0,0.0,0.28,0.0,0.0,0.0,0,0,0.0,0.0
2026/04/16 11:27:13,00196,宏华集团,HONGHUA GROUP,,0.183,-0.007,-3.68421,0.19,0.19,0.19,0.183,253000,47800,0.187,0.189
2026/04/16 11:03:19,00197,亨泰,HENG TAI,,0.27,-0.02,-6.89655,0.29,0.27,0.27,0.27,9180,2436,0.275,0.29
2026/04/16 11:33:36,00199,德祥地产,ITC PROPERTIES,,0.95,0.0,0.0,0.95,0.95,0.96,0.93,250516,236074,0.93,0.95
2026/04/16 11:34:43,00200,新濠国际发展,MELCO INT'L DEV,,4.31,0.07,1.65094,4.24,4.24,4.33,4.24,1639000,7043580,4.31,4.32
2026/04/16 09:09:04,00201,华大酒店,MAGNIFICENT,,0.071,0.0,0.0,0.071,0.0,0.0,0.0,0,0,0.068,0.071
2026/04/16 10:54:22,00202,润中国际控股,EVERCHINA INT'L,,0.076,-0.008,-9.52381,0.084,0.076,0.076,0.076,20000,1520,0.08,0.088
2026/04/16 11:01:55,00204,资本界金控,CAPITAL REALM,,0.238,0.007,3.0303,0.231,0.238,0.238,0.238,155200,36935,0.231,0.238
2026/04/16 11:32:42,00205,BFB HEALTH,BFB HEALTH,,0.6,0.0,0.0,0.6,0.0,0.0,0.0,0,0,0.61,0.63
2026/04/16 11:27:36,00206,华商能源,CM-ENERGY,,0.455,0.005,1.11111,0.45,0.45,0.455,0.45,526000,239075,0.455,0.46
2026/04/16 10:23:48,00209,瀛晟科学,WINSHINE SCI,,0.325,0.0,0.0,0.325,0.315,0.325,0.315,730000,237050,0.32,0.34
2026/04/16 10:14:08,00210,达芙妮国际,DAPHNE INT'L,,0.42,0.0,0.0,0.42,0.425,0.425,0.42,44000,18490,0.415,0.42
2026/04/16 09:30:26,00211,STYLAND HOLD,STYLAND HOLD,,0.244,0.0,0.0,0.244,0.0,0.0,0.0,0,0,0.232,0.245
2026/04/16 09:53:16,00212,NANYANG HOLD,NANYANG HOLD,,29.4,0.0,0.0,29.4,0.0,0.0,0.0,0,0,29.3,30.38
2026/04/16 09:07:26,00213,NATIONAL ELEC H,NATIONAL ELEC H,,0.39,0.0,0.0,0.39,0.0,0.0,0.0,0,0,0.39,0.415
2026/04/16 09:00:05,00214,汇汉控股,ASIA ORIENT,,0.25,0.0,0.0,0.25,0.0,0.0,0.0,0,0,0.0,0.255
2026/04/16 11:33:33,00215,和记电讯香港,HUTCHTEL HK,,1.17,0.0,0.0,1.17,1.17,1.18,1.17,204000,239610,1.17,1.18
2026/04/16 10:07:36,00216,建业实业,CHINNEY INV,,0.61,0.0,0.0,0.61,0.0,0.0,0.0,0,0,0.6,0.66
2026/04/16 11:19:17,00217,中国诚通发展集团,CHINA CHENGTONG,,0.153,0.004,2.68456,0.149,0.145,0.153,0.142,444000,63760,0.144,0.152
2026/04/16 11:34:46,00218,申万宏源香港,SWHYHK,,1.17,0.04,3.53982,1.13,1.16,1.17,1.15,210000,245150,1.16,1.17
2026/04/16 09:30:17,00219,顺豪物业,SHUNHO PROPERTY,,0.72,0.0,0.0,0.72,0.0,0.0,0.0,0,0,0.72,0.73
2026/04/16 11:35:34,00220,统一企业中国,U-PRESID CHINA,,7.85,-0.03,-0.38071,7.88,8.0,8.0,7.8,2892109,22683820,7.84,7.85
2026/04/16 10:19:51,00222,闽信集团,MIN XIN HOLD,,2.56,-0.05,-1.91571,2.61,2.56,2.56,2.56,10000,25600,2.49,2.58
2026/04/16 11:32:38,00223,易生活控股,ELIFE HLDGS,,0.146,0.008,5.7971,0.138,0.148,0.16,0.138,680000,97460,0.137,0.146
2026/04/16 09:30:27,00224,建生国际,PIONEER GLOBAL,,0.59,0.0,0.0,0.59,0.0,0.0,0.0,504658,282608,0.55,0.63
2026/04/16 10:39:51,00225,博富临置业,POKFULAM,,5.79,0.0,0.0,5.79,0.0,0.0,0.0,0,0,5.32,5.8
2026/04/16 11:24:42,00227,第一上海,FIRST SHANGHAI,,0.212,-0.007,-3.19635,0.219,0.204,0.212,0.204,40000,8368,0.21,0.218
2026/04/16 11:26:00,00228,中能控股,CHINA ENERGY,,1.62,-0.03,-1.81818,1.65,1.63,1.63,1.62,46000,74580,1.62,1.64
2026/04/16 10:30:27,00229,利民实业,RAYMOND IND,,0.88,0.0,0.0,0.88,0.0,0.0,0.0,0,0,0.86,0.91
2026/04/16 11:22:12,00232,大陆航空科技控股,CON AERO TECH,,0.153,0.001,0.6579,0.152,0.152,0.155,0.151,5766000,878744,0.151,0.153
2026/04/16 09:44:44,00234,新世纪集团,NEW CENTURY GP,,0.035,0.0,0.0,0.035,0.0,0.0,0.0,0,0,0.032,0.036
2026/04/16 10:57:14,00235,中策资本控股,CSC HOLDINGS,,0.025,0.0,0.0,0.025,0.025,0.025,0.024,9725000,242025,0.024,0.025
2026/04/16 10:56:22,00236,香港生力啤,SAN MIGUEL HK,,1.24,0.0,0.0,1.24,0.0,0.0,0.0,0,0,1.22,1.32
2026/04/16 11:33:29,00237,安全货仓,SAFETY GODOWN,,2.23,0.0,0.0,2.23,2.23,2.23,2.23,28000,62440,2.17,2.23
2026/04/16 09:00:06,00239,白花油,PAK FAH YEOW,,2.45,0.0,0.0,2.45,0.0,0.0,0.0,0,0,2.42,2.5
2026/04/16 11:29:36,00240,利基控股,BUILD KING HOLD,,1.79,-0.03,-1.64835,1.82,1.82,1.82,1.79,250000,449000,1.78,1.79
2026/04/16 11:35:41,00241,阿里健康,ALI HEALTH,,4.73,0.12,2.60304,4.61,4.63,4.74,4.62,44263939,207749232,4.73,4.74
2026/04/16 10:53:58,00242,信德集团,SHUN TAK HOLD,,0.58,0.0,0.0,0.58,0.58,0.58,0.57,286000,165860,0.57,0.58
2026/04/16 11:20:15,00243,QPL INT'L,QPL INT'L,,0.385,0.0,0.0,0.385,0.0,0.0,0.0,0,0,0.38,0.395
2026/04/16 11:20:58,00244,先施,SINCERE,,0.31,0.0,0.0,0.31,0.31,0.31,0.31,87000,26970,0.31,0.315
2026/04/16 09:04:41,00245,中薇金融,CHINA VERED FIN,,1.03,0.0,0.0,1.03,0.0,0.0,0.0,0,0,1.01,1.02
2026/04/16 10:00:14,00247,TST PROPERTIES,TST PROPERTIES,,19.35,0.0,0.0,19.35,0.0,0.0,0.0,0,0,18.9,20.0
2026/04/16 10:44:03,00248,香港通讯国际控股,HKC INT'L HOLD,,0.28,0.0,0.0,0.28,0.0,0.0,0.0,0,0,0.265,0.28
2026/04/16 09:30:09,00251,爪哇控股,SEA HOLDINGS,,1.39,0.0,0.0,1.39,0.0,0.0,0.0,0,0,1.33,1.45
2026/04/16 08:55:00,00252,华信地产财务,SE ASIA PPT,,1.6,0.0,0.0,1.6,0.0,0.0,0.0,0,0,0.0,0.0
2026/04/16 10:56:22,00253,顺豪控股,SHUNHO HOLDINGS,,0.68,0.0,0.0,0.68,0.0,0.0,0.0,0,0,0.67,0.74
2026/04/16 11:28:26,00254,国家联合资源,NUR HOLDINGS,,0.63,0.0,0.0,0.63,0.0,0.0,0.0,0,0,0.61,0.63
2026/04/16 10:15:03,00255,龙记集团,LUNG KEE,,1.52,0.0,0.0,1.52,0.0,0.0,0.0,0,0,1.5,1.56
2026/04/16 11:35:39,00256,冠城钟表珠宝,CITYCHAMP,,0.083,0.001,1.21951,0.082,0.082,0.091,0.082,8566000,717068,0.082,0.083
2026/04/16 11:34:25,00257,光大环境,EB ENVIRONMENT,,5.4,-0.09,-1.63934,5.49,5.43,5.49,5.38,2558292,13883820,5.4,5.42
2026/04/16 11:30:10,00258,汤臣集团,TOMSON GROUP,,2.32,0.01,0.4329,2.31,2.32,2.34,2.31,80000,186160,2.32,2.34
2026/04/16 11:34:52,00259,亿都（国际控股）,YEEBO (INT'L H),,3.15,0.07,2.27273,3.08,3.1,3.15,3.09,120000,372780,3.1,3.15
2026/04/16 11:30:01,00261,ＧＢＡ集团,GBA HOLDINGS,,0.28,0.0,0.0,0.28,0.28,0.28,0.27,48000,13280,0.265,0.28
2026/04/16 11:24:21,00262,迪臣发展国际,DESON DEV INT'L,,0.083,0.0,0.0,0.083,0.0,0.0,0.0,0,0,0.081,0.085
2026/04/16 11:31:53,00264,中联发展控股,CN INT DEV CORP,,1.74,0.04,2.35294,1.7,1.69,1.74,1.69,376000,641040,1.71,1.74
2026/04/16 09:37:21,00265,港誉智慧城市服务,GANGYU SERVICES,,1.7,0.0,0.0,1.7,0.0,0.0,0.0,0,0,1.55,1.75
2026/04/16 09:00:00,00266,天德地产,TIAN TECK LAND,,1.95,0.0,0.0,1.95,0.0,0.0,0.0,0,0,1.92,1.95
2026/04/16 11:35:31,00267,中信股份,CITIC,,12.98,-0.09,-0.6886,13.07,13.07,13.14,12.92,6387875,83328212,12.98,12.99
2026/04/16 11:35:24,00268,金蝶国际,KINGDEE INT'L,,9.13,0.66,7.79221,8.47,8.71,9.17,8.66,38076734,342292359,9.12,9.13
2026/04/16 09:00:00,00269,中国资源交通,CRTG,,0.01,0.0,0.0,0.01,0.0,0.0,0.0,0,0,0.0,0.01
2026/04/16 11:32:51,00270,粤海投资,GUANGDONG INV,,8.12,-0.05,-0.612,8.17,8.12,8.2,8.1,1882697,15321983,8.12,8.13
2026/04/16 11:09:31,00271,亚证地产,ASIASEC PPT,,0.173,0.0,0.0,0.173,0.0,0.0,0.0,260,41,0.168,0.173
2026/04/16 11:34:22,00272,瑞安房地产,SHUI ON LAND,,0.54,0.01,1.88679,0.53,0.53,0.54,0.53,1001000,533015,0.53,0.54
2026/04/16 08:55:00,00274,复兴亚洲,RA SILK ROAD,,0.49,0.0,0.0,0.49,0.0,0.0,0.0,0,0,0.0,0.0
2026/04/16 11:17:06,00276,蒙古能源,MONGOLIA ENERGY,,0.55,-0.04,-6.77966,0.59,0.56,0.56,0.55,21000,11520,0.57,0.61
2026/04/16 09:00:16,00277,太兴置业,TERN PROPERTIES,,1.55,0.0,0.0,1.55,0.0,0.0,0.0,0,0,0.0,1.55
2026/04/16 11:12:53,00279,裕承科金,ARTA TECHFIN,,0.56,0.01,1.81818,0.55,0.59,0.6,0.55,324600,191832,0.56,0.58
2026/04/16 09:00:18,00280,景福集团,KING FOOK HOLD,,0.5,0.0,0.0,0.5,0.0,0.0,0.0,0,0,0.5,0.51
2026/04/16 11:35:19,00285,比亚迪电子,BYD ELECTRONIC,,28.12,0.12,0.42857,28.0,28.32,28.36,27.9,6047813,169685233,28.1,28.12
2026/04/16 08:55:00,00286,爱帝宫,AIDIGONG,,1.31,0.0,0.0,1.31,0.0,0.0,0.0,0,0,0.0,0.0
2026/04/16 09:00:34,00287,永发置业,WINFAIR INV,,4.1,0.0,0.0,4.1,0.0,0.0,0.0,0,0,4.08,0.0
2026/04/16 11:35:23,00288,万洲国际,WH GROUP,,10.57,-0.07,-0.6579,10.64,10.64,10.73,10.56,9952540,105838029,10.56,10.57
2026/04/16 11:35:19,00289,WING ON CO,WING ON CO,,14.9,0.1,0.67568,14.8,14.9,14.9,14.9,18000,268200,14.23,15.2
2026/04/16 11:35:41,00290,国富量子,GOFINTECH QUANT,,6.54,-0.9,-12.09677,7.44,7.63,7.68,6.24,28876015,199294545,6.49,6.54
2026/04/16 11:35:31,00291,华润啤酒,CHINA RES BEER,,26.4,0.12,0.45662,26.28,26.42,26.6,26.28,2380477,62907820,26.4,26.42
2026/04/16 11:34:04,00293,国泰航空,CATHAY PAC AIR,,11.85,0.03,0.25381,11.82,11.82,11.91,11.8,2991567,35444291,11.85,11.86
2026/04/16 09:30:09,00294,长江制衣,YANGTZEKIANG,,0.82,0.0,0.0,0.82,0.0,0.0,0.0,0,0,0.75,0.83
2026/04/16 10:45:53,00295,江山控股,KONG SUN HOLD,,0.025,0.0,0.0,0.025,0.025,0.025,0.025,525000,13125,0.023,0.026
2026/04/16 10:50:16,00296,英皇娱乐酒店,EMPEROR E HOTEL,,0.228,0.0,0.0,0.228,0.0,0.0,0.0,0,0,0.231,0.24
2026/04/16 11:35:37,00297,中化化肥,SINOFERT,,1.55,-0.01,-0.64103,1.56,1.57,1.58,1.54,16954000,26394760,1.55,1.56
2026/04/16 11:34:30,00298,庄士中国,CHUANG'S CHINA,,0.112,0.005,4.6729,0.107,0.111,0.112,0.111,630000,70410,0.107,0.112
2026/04/16 08:55:00,00299,宝新置地,GLORY SUN LAND,,0.106,0.0,0.0,0.106,0.0,0.0,0.0,0,0,0.0,0.0
2026/04/16 11:35:39,00300,美的集团,MIDEA GROUP,,86.85,0.5,0.57904,86.35,86.45,87.6,86.35,606520,52615059,86.85,86.9
2026/04/16 11:25:45,00301,三和精化,SANVO CHEMICALS,,1.91,0.04,2.13904,1.87,1.9,2.05,1.9,245480,492102,1.91,2.1
2026/04/16 11:04:22,00302,中手游,CMGE,,0.249,0.007,2.89256,0.242,0.248,0.25,0.24,762000,187840,0.245,0.249
2026/04/16 11:34:44,00303,VTECH HOLDINGS,VTECH HOLDINGS,,61.65,0.5,0.81766,61.15,60.85,61.7,60.85,58000,3564995,61.65,61.7
2026/04/16 11:32:10,00305,五菱汽车,WULING MOTORS,,0.465,-0.005,-1.06383,0.47,0.46,0.475,0.46,370000,173250,0.465,0.475
2026/04/16 09:31:56,00306,冠忠巴士集团,KWOON CHUNG BUS,,2.41,0.0,0.0,2.41,0.0,0.0,0.0,0,0,2.41,2.47
2026/04/16 11:35:26,00308,香港中旅,CHINA TRAVEL HK,,1.17,0.0,0.0,1.17,1.17,1.18,1.16,2030000,2375000,1.17,1.18
2026/04/16 11:31:13,00309,新华通讯频媒,XH NEWS MEDIA,,0.031,0.0,0.0,0.031,0.031,0.031,0.031,334000,10379,0.031,0.032
2026/04/16 09:32:58,00310,嘉进投资国际,PROSP INV HOLD,,0.175,0.0,0.0,0.175,0.0,0.0,0.0,0,0,0.172,0.197
2026/04/16 09:00:10,00311,联泰控股,LUEN THAI,,0.249,0.0,0.0,0.249,0.0,0.0,0.0,0,0,0.215,0.249
2026/04/16 09:30:05,00312,岁宝百货,SHIRBLE STORE,,0.054,0.0,0.0,0.054,0.0,0.0,0.0,0,0,0.054,0.058
2026/04/16 09:31:07,00313,裕田中国,RICHLY FIELD,,0.072,0.0,0.0,0.072,0.0,0.0,0.0,0,0,0.071,0.075
2026/04/16 11:33:29,00314,思派健康,SIPAI HEALTH,,1.88,-0.07,-3.58974,1.95,1.93,2.0,1.86,534800,1031746,1.85,1.9
2026/04/16 11:35:39,00315,数码通电讯,SMARTONE TELE,,4.98,0.01,0.20121,4.97,4.97,4.99,4.95,148187,736208,4.96,4.98
2026/04/16 11:35:19,00316,东方海外国际,OOIL,,141.8,-2.5,-1.7325,144.3,145.2,145.9,140.9,464600,66009805,141.7,141.8
2026/04/16 11:35:39,00317,中船防务,COMEC,,14.27,-0.05,-0.34916,14.32,14.59,14.59,14.2,1698000,24327600,14.27,14.3
2026/04/16 09:12:52,00318,黄河实业,VONGROUP,,0.64,0.0,0.0,0.64,0.0,0.0,0.0,0,0,0.63,0.67
2026/04/16 09:31:49,00320,金宝通,COMPUTIME,,0.45,0.0,0.0,0.45,0.0,0.0,0.0,0,0,0.455,0.48
2026/04/16 11:32:10,00321,德永佳集团,TEXWINCA HOLD,,1.26,-0.02,-1.5625,1.28,1.3,1.3,1.26,858000,1089600,1.26,1.27
2026/04/16 11:35:23,00322,康师傅控股,TINGYI,,12.99,-0.26,-1.96226,13.25,13.25,13.27,12.98,6783943,88799221,12.99,13.0
2026/04/16 11:29:29,00323,马鞍山钢铁股份,MAANSHAN IRON,,2.73,0.06,2.24719,2.67,2.69,2.73,2.69,2326000,6319620,2.72,2.73
2026/04/16 11:33:57,00325,布鲁可,BLOKS,,60.0,0.15,0.25063,59.85,60.0,60.8,58.5,254100,15101625,59.6,60.0
2026/04/16 11:35:21,00326,中国星集团,CHINA STAR ENT,,7.07,0.01,0.14164,7.06,7.08,7.15,7.06,22470757,158989193,7.06,7.09
2026/04/16 11:35:18,00327,百富环球,PAX GLOBAL,,4.02,0.01,0.24938,4.01,4.04,4.08,3.99,1301000,5242380,3.98,4.02
2026/04/16 10:45:34,00328,ALCO HOLDINGS,ALCO HOLDINGS,,0.69,0.02,2.98508,0.67,0.66,0.69,0.66,76000,51280,0.66,0.69
2026/04/16 11:35:39,00329,东建国际,OCI INTL,,0.265,0.0,0.0,0.265,0.265,0.265,0.265,224000,59360,0.26,0.275
2026/04/16 11:34:06,00331,丰盛生活服务,FSE LIFESTYLE,,5.69,0.05,0.88653,5.64,5.64,5.69,5.64,35000,198150,5.65,5.7
2026/04/16 11:10:32,00332,元亨燃气,YUANHENG GAS,,0.017,0.0,0.0,0.017,0.018,0.018,0.017,244000,4192,0.017,0.018
2026/04/16 10:50:44,00333,黛丽斯国际,TOP FORM INT'L,,0.218,0.0,0.0,0.218,0.0,0.0,0.0,0,0,0.211,0.26
2026/04/16 10:21:22,00334,华显光电,CH DISPLAY OPT,,0.375,0.0,0.0,0.375,0.375,0.375,0.375,8000,3000,0.355,0.38
2026/04/16 11:20:24,00335,美建集团,UPBEST GROUP,,0.65,0.0,0.0,0.65,0.0,0.0,0.0,0,0,0.64,0.65
2026/04/16 11:35:21,00336,华宝国际,HUABAO INTL,,4.17,-0.08,-1.88235,4.25,4.28,4.38,4.17,9093000,38608230,4.17,4.18
2026/04/16 11:22:40,00337,绿地香港,GREENLAND HK,,0.201,0.003,1.51515,0.198,0.197,0.207,0.197,171000,33988,0.2,0.209
2026/04/16 11:35:24,00338,上海石油化工股份,SHANGHAI PECHEM,,1.29,0.02,1.5748,1.27,1.28,1.3,1.27,5912000,7609380,1.28,1.29
2026/04/16 10:51:24,00339,中国科创产业投资,CN SCI-TECH IND,,0.65,0.03,4.83871,0.62,0.62,0.65,0.62,30000,19200,0.6,0.64
2026/04/16 11:33:59,00340,潼关黄金,TONGGUAN GOLD,,3.19,-0.01,-0.3125,3.2,3.24,3.24,3.17,1840800,5873812,3.19,3.2
2026/04/16 11:34:50,00341,大家乐集团,CAFE DE CORAL H,,4.0,-0.03,-0.74442,4.03,4.02,4.03,3.98,1012704,4059120,3.99,4.0
2026/04/16 09:47:33,00343,文化传信,CULTURECOM HOLD,,0.129,0.0,0.0,0.129,0.0,0.0,0.0,0,0,0.129,0.139
2026/04/16 11:34:37,00345,VITASOY INT'L,VITASOY INT'L,,6.28,0.0,0.0,6.28,6.27,6.3,6.26,348000,2185680,6.27,6.29
2026/04/16 11:27:31,00346,延长石油国际,YANCHANG PETRO,,0.395,-0.015,-3.65854,0.41,0.395,0.395,0.395,5000,1975,0.39,0.4
2026/04/16 11:32:50,00347,鞍钢股份,ANGANG STEEL,,1.56,-0.01,-0.63694,1.57,1.57,1.59,1.55,2528000,3944280,1.55,1.56
2026/04/16 11:19:59,00348,中国智能健康,CHINAHEALTHWISE,,0.083,0.0,0.0,0.083,0.0,0.0,0.0,0,0,0.085,0.089
2026/04/16 09:30:04,00351,亚洲能源物流,ASIA ENERGY LOG,,0.255,0.0,0.0,0.255,0.0,0.0,0.0,0,0,0.255,0.275
2026/04/16 08:55:00,00352,富阳,FORTUNE SUN,,0.36,0.0,0.0,0.36,0.0,0.0,0.0,0,0,0.0,0.0
2026/04/16 11:23:03,00353,能源国际投资,ENERGY INTINV,,0.42,0.01,2.43902,0.41,0.425,0.425,0.42,316000,133340,0.42,0.425
2026/04/16 11:35:36,00354,中国软件国际,CHINASOFT INT'L,,3.68,0.1,2.7933,3.58,3.6,3.69,3.6,12032000,43992820,3.68,3.69
2026/04/16 11:19:22,00355,世纪城市国际,CENTURY C INT'L,,0.07,0.0,0.0,0.07,0.072,0.073,0.069,231553,16723,0.07,0.071
2026/04/16 09:54:56,00356,鼎立资本,DT CAPITAL,,0.061,-0.001,-1.6129,0.062,0.061,0.061,0.061,60000,3660,0.056,0.061
2026/04/16 11:32:33,00357,美兰空港,MEILAN AIRPORT,,6.33,-0.05,-0.7837,6.38,6.39,6.39,6.32,75000,477000,6.32,6.33
2026/04/16 11:35:31,00358,江西铜业股份,JIANGXI COPPER,,39.6,0.42,1.07198,39.18,39.0,39.66,38.92,6430372,251947325,39.56,39.62
2026/04/16 10:41:56,00360,新焦点,NEW FOCUS AUTO,,0.043,0.0,0.0,0.043,0.043,0.043,0.043,276000,11868,0.042,0.043
2026/04/16 11:27:41,00361,汉成发展控股,HANFORT DEV H,,0.062,-0.001,-1.5873,0.063,0.062,0.062,0.061,3560000,219500,0.062,0.064
2026/04/16 08:55:00,00362,中国天化工,C ZENITH CHEM,,0.015,0.0,0.0,0.015,0.0,0.0,0.0,0,0,0.0,0.0
2026/04/16 11:34:41,00363,上海实业控股,SHANGHAI IND H,,14.12,-0.02,-0.14144,14.14,14.14,14.15,14.09,363000,5121250,14.11,14.12
2026/04/16 10:51:32,00365,芯成科技,SINO ICT,,0.27,0.0,0.0,0.27,0.27,0.27,0.27,12000,3240,0.26,0.27
2026/04/16 10:20:54,00366,陆氏集团（越南）,LUKS GROUP (VN),,0.91,-0.01,-1.08696,0.92,0.9,0.91,0.89,22000,19720,0.89,0.91
2026/04/16 09:30:03,00367,庄士机构国际,CHUANG'S INT'L,,0.295,0.0,0.0,0.295,0.0,0.0,0.0,0,0,0.29,0.3
2026/04/16 11:06:59,00368,德合集团,SUPERLAND GROUP,,0.77,0.0,0.0,0.77,0.77,0.77,0.76,36000,27560,0.76,0.77
2026/04/16 10:09:45,00369,永泰地产,WING TAI PPT,,2.11,0.0,0.0,2.11,0.0,0.0,0.0,0,0,2.04,2.22
2026/04/16 11:32:06,00370,港仔机器人,HK ROBOTICS,,0.7,0.0,0.0,0.7,0.71,0.71,0.69,498000,346740,0.69,0.7
2026/04/16 11:35:01,00371,北控水务集团,BJ ENT WATER,,2.7,-0.02,-0.73529,2.72,2.74,2.74,2.7,4492000,12194384,2.7,2.71
2026/04/16 11:17:47,00372,保德国际发展,PT INTL DEV,,0.26,0.0,0.0,0.26,0.0,0.0,0.0,0,0,0.213,0.265
2026/04/16 11:23:58,00373,联合集团,ALLIED GROUP,,2.71,-0.04,-1.45455,2.75,2.73,2.73,2.7,108000,293340,2.71,2.72
2026/04/16 09:04:27,00374,四洲集团,FOUR SEAS MER,,2.52,0.0,0.0,2.52,0.0,0.0,0.0,0,0,2.51,2.64
2026/04/16 11:27:45,00375,YGM TRADING,YGM TRADING,,0.99,0.0,0.0,0.99,0.0,0.0,0.0,0,0,0.98,0.99
2026/04/16 11:35:19,00376,云锋金融,YUNFENG FIN,,2.9,0.04,1.3986,2.86,2.86,2.91,2.84,1874000,5406260,2.89,2.9
2026/04/16 11:21:17,00377,中国华君,CHINA HUAJUN GP,,1.0,0.0,0.0,1.0,0.0,0.0,0.0,0,0,1.01,1.2
2026/04/16 10:59:01,00379,恒嘉融资租赁,EG LEASING,,0.064,0.0,0.0,0.064,0.0,0.0,0.0,0,0,0.065,0.07
2026/04/16 11:32:55,00380,中国管业,CHINA PIPE,,0.122,0.0,0.0,0.122,0.0,0.0,0.0,0,0,0.122,0.128
2026/04/16 11:19:27,00381,权识国际,AOM INT'L,,0.485,-0.015,-3.0,0.5,0.5,0.52,0.48,9565381,4770980,0.48,0.485
2026/04/16 11:34:36,00382,中汇集团,EDVANTAGE GROUP,,0.96,-0.01,-1.03093,0.97,0.97,0.99,0.95,1187610,1152778,0.96,0.97
2026/04/16 11:21:39,00383,天安卓健,TIANAN MEDICARE,,1.1,0.0,0.0,1.1,0.0,0.0,0.0,400,428,1.09,1.2
2026/04/16 11:35:28,00384,中国燃气,CHINA GAS HOLD,,7.34,-0.01,-0.13605,7.35,7.32,7.39,7.3,2615015,19217197,7.34,7.35
2026/04/16 11:34:27,00385,建联集团,CHINNEY ALLI,,0.33,0.005,1.53846,0.325,0.33,0.33,0.33,91200,30072,0.325,0.36
2026/04/16 11:35:05,00386,中国石油化工股份,SINOPEC CORP,,4.58,0.04,0.88106,4.54,4.55,4.6,4.53,38569400,176346709,4.58,4.59
2026/04/16 11:12:19,00387,力丰（集团）,LEEPORT(HOLD),,0.74,0.0,0.0,0.74,0.0,0.0,0.0,0,0,0.74,0.78
2026/04/16 11:35:41,00388,香港交易所,HKEX,,410.2,-3.8,-0.91787,414.0,415.2,416.2,408.4,1716131,705026129,410.0,410.20001
2026/04/16 11:28:39,00389,通天酒业,TONTINE WINES,,0.27,-0.02,-6.89655,0.29,0.29,0.29,0.27,60200,16453,0.275,0.295
2026/04/16 11:35:22,00390,中国中铁,CHINA RAILWAY,,4.07,-0.01,-0.2451,4.08,4.09,4.1,4.05,8947000,36403896,4.07,4.08
2026/04/16 11:33:05,00391,美亚娱乐资讯,MEI AH ENTER,,0.1,0.0,0.0,0.1,0.0,0.0,0.0,0,0,0.097,0.1
2026/04/16 11:31:15,00392,北京控股,BEIJING ENT,,31.44,0.3,0.96339,31.14,31.0,31.48,31.0,264700,8307600,31.38,31.42
2026/04/16 09:00:00,00393,旭日企业,GLORIOUS SUN,,1.4,0.0,0.0,1.4,0.0,0.0,0.0,0,0,1.39,1.4
2026/04/16 11:28:37,00396,兴利（香港）控股,HING LEE (HK),,0.425,0.0,0.0,0.425,0.425,0.455,0.41,916000,384740,0.415,0.43
2026/04/16 10:15:10,00397,嬴集团,MINERVA GROUP,,0.047,0.0,0.0,0.047,0.0,0.0,0.0,10,0,0.045,0.047
2026/04/16 11:07:32,00398,东方表行集团,ORIENTAL WATCH,,3.3,0.0,0.0,3.3,3.31,3.31,3.28,142000,467560,3.29,3.3
2026/04/16 11:06:13,00399,星太链集团,STARCOIN GROUP,,0.122,-0.001,-0.81301,0.123,0.123,0.124,0.121,1210000,148585,0.122,0.124
2026/04/16 11:24:24,00400,硬蛋创新,INGDAN,,2.3,0.07,3.13901,2.23,2.26,2.34,2.19,1122000,2533190,2.27,2.3
2026/04/16 11:23:21,00401,万嘉集团,WANJIA GROUP,,0.177,-0.013,-6.84211,0.19,0.176,0.177,0.173,200000,35100,0.174,0.178
2026/04/16 11:18:57,00403,星光集团,STARLITE HOLD,,0.153,0.001,0.6579,0.152,0.153,0.153,0.153,4000,612,0.154,0.163
2026/04/16 09:30:23,00406,有利集团,YAU LEE HOLD,,0.72,0.0,0.0,0.72,0.0,0.0,0.0,0,0,0.7,0.8
2026/04/16 11:30:51,00408,叶氏化工集团,YIP'S CHEMICAL,,2.44,0.03,1.24481,2.41,2.43,2.45,2.41,86000,209700,2.44,2.45
2026/04/16 11:35:10,00410,ＳＯＨＯ中国,SOHO CHINA,,0.44,0.0,0.0,0.44,0.435,0.445,0.43,474500,207332,0.44,0.445
2026/04/16 11:21:56,00411,南顺（香港）,LAM SOON (HK),,12.7,0.0,0.0,12.7,0.0,0.0,0.0,0,0,12.6,12.7
2026/04/16 11:29:13,00412,山高控股,SDHG,,1.32,0.01,0.76336,1.31,1.33,1.34,1.31,2103000,2789879,1.32,1.33
2026/04/16 10:05:53,00413,南华集团控股,SC HOLDINGS,,0.026,0.0,0.0,0.026,0.0,0.0,0.0,0,0,0.025,0.026
2026/04/16 11:31:52,00417,谢瑞麟,TSE SUI LUEN,,0.8,0.0,0.0,0.8,0.78,0.8,0.78,12000,9400,0.76,0.8
2026/04/16 10:32:38,00418,方正控股,FOUNDER HOLD,,0.7,-0.01,-1.40845,0.71,0.74,0.74,0.7,4000,2880,0.71,0.81
2026/04/16 10:56:28,00419,弘毅文化集团,HONY MEDIA,,0.28,-0.03,-9.67742,0.31,0.335,0.335,0.28,34000,10130,0.29,0.31
2026/04/16 11:33:02,00420,福田实业,FOUNTAIN SET,,0.7,-0.01,-1.40845,0.71,0.71,0.71,0.7,110000,77200,0.7,0.71
2026/04/16 11:16:00,00422,越南制造加工出口,VMEP HOLDINGS,,0.285,-0.015,-5.0,0.3,0.285,0.285,0.285,29000,8265,0.28,0.295
2026/04/16 11:16:58,00423,经济日报集团,HKET HOLDINGS,,0.79,0.0,0.0,0.79,0.0,0.0,0.0,0,0,0.78,0.79
2026/04/16 11:35:37,00425,敏实集团,MINTH GROUP,,36.14,-0.06,-0.16575,36.2,36.2,36.6,35.8,1149779,41602920,36.14,36.16
2026/04/16 10:10:55,00426,万华媒体,ONE MEDIA GROUP,,0.105,0.0,0.0,0.105,0.0,0.0,0.0,0,0,0.1,0.108
2026/04/16 10:37:14,00428,中国天弓控股,COCOON HOLDINGS,,0.22,0.0,0.0,0.22,0.0,0.0,0.0,0,0,0.218,0.237
2026/04/16 09:30:28,00430,东方兴业控股,ORIENTAL EXPL,,0.38,0.0,0.0,0.38,0.0,0.0,0.0,0,0,0.345,0.38
2026/04/16 08:55:00,00431,大中华金融,G CHINA FIN,,0.01,0.0,0.0,0.01,0.0,0.0,0.0,0,0,0.0,0.0
2026/04/16 11:29:20,00432,盈大地产,PCPD,,0.26,0.0,0.0,0.26,0.26,0.265,0.26,223826,59235,0.26,0.265
2026/04/16 11:08:57,00433,北方矿业,NORTH MINING,,0.07,-0.002,-2.77778,0.072,0.07,0.072,0.07,5270000,370790,0.07,0.071
2026/04/16 11:29:50,00434,博雅互动,BOYAA,,2.97,0.11,3.84615,2.86,2.85,2.98,2.85,1953000,5750610,2.96,2.98
2026/04/16 10:08:03,00436,新宇环保,NU ENVIRO,,0.063,0.0,0.0,0.063,0.0,0.0,0.0,0,0,0.057,0.076
2026/04/16 10:28:08,00438,彩虹新能源,IRICO NEWENERGY,,1.7,0.0,0.0,1.7,1.7,1.7,1.7,1000,1700,1.67,1.7
2026/04/16 11:01:44,00439,瀚源控股,GENESIS SCALE,,0.75,0.0,0.0,0.75,0.75,0.75,0.75,6000,4500,0.75,0.77
2026/04/16 11:24:57,00440,大新金融,DAH SING,,41.52,-0.44,-1.04862,41.96,42.26,42.26,41.36,98400,4090360,41.52,41.6
2026/04/16 10:45:57,00442,域能控股,DOMAINE POWER,,0.77,0.0,0.0,0.77,0.77,0.77,0.77,7000,5390,0.73,0.77
2026/04/16 08:55:00,00444,SINCEREWATCH HK,SINCEREWATCH HK,,0.01,0.0,0.0,0.01,0.0,0.0,0.0,0,0,0.0,0.0
2026/04/16 11:03:42,00450,鸿兴印刷集团,HUNG HING PRINT,,0.84,0.02,2.43902,0.82,0.84,0.84,0.83,74000,62140,0.83,0.85
2026/04/16 11:35:18,00451,协鑫新能源,GCL NEWENERGY,,1.1,0.02,1.85185,1.08,1.08,1.12,1.08,896145,991774,1.09,1.11
2026/04/16 09:30:04,00455,天大药业,TIANDA PHARMA,,0.098,0.0,0.0,0.098,0.0,0.0,0.0,0,0,0.093,0.102
2026/04/16 09:02:59,00456,新城市建设发展,NEW CITY DEV,,0.495,0.0,0.0,0.495,0.0,0.0,0.0,0,0,0.44,0.52
2026/04/16 10:00:32,00458,联亚集团,TRISTATE HOLD,,2.05,0.0,0.0,2.05,0.0,0.0,0.0,0,0,1.91,2.05
2026/04/16 11:35:17,00460,四环医药,SIHUAN PHARM,,1.44,-0.01,-0.68966,1.45,1.45,1.45,1.43,6439000,9254560,1.42,1.43
2026/04/16 11:34:39,00464,中国智能科技,CHINA IN-TECH,,0.71,-0.07,-8.97436,0.78,0.88,0.88,0.69,3756000,2736040,0.7,0.71
2026/04/16 11:25:09,00465,富通科技,FUTONG TECH,,0.57,-0.03,-5.0,0.6,0.55,0.57,0.55,104000,57320,0.56,0.59
2026/04/16 11:35:42,00467,联合能源集团,UNITEDENERGY GP,,0.52,-0.01,-1.88679,0.53,0.52,0.53,0.5,71144000,36330980,0.51,0.52
2026/04/16 08:55:00,00468,纷美包装,GAPACK,,2.28,0.0,0.0,2.28,0.0,0.0,0.0,0,0,0.0,0.0
2026/04/16 11:35:34,00470,先导智能,WUXI LEAD,,51.2,2.36,4.83211,48.84,49.0,52.5,49.0,1381200,70977828,51.1,51.2
2026/04/16 11:30:03,00471,中播数据,SILKWAVE INC,,0.67,0.03,4.6875,0.64,0.66,0.7,0.66,42889902,29447699,0.67,0.68
2026/04/16 11:03:48,00472,新丝路控股集团,NEW SILKROAD,,0.28,0.0,0.0,0.28,0.28,0.28,0.28,30000,8400,0.27,0.285
2026/04/16 11:32:40,00474,信铭生命科技,ACESO LIFE SCI,,0.107,-0.013,-10.83333,0.12,0.109,0.112,0.107,390000,42150,0.107,0.112
2026/04/16 10:27:48,00475,中发展控股,CENTRAL DEV H,,0.355,0.0,0.0,0.355,0.0,0.0,0.0,0,0,0.31,0.395
2026/04/16 09:45:36,00476,科轩动力控股,EV DYNAMICS,,0.5,0.0,0.0,0.5,0.0,0.0,0.0,0,0,0.49,0.54
2026/04/16 10:43:29,00480,香港兴业国际,HKR INT'L,,1.17,0.0,0.0,1.17,1.2,1.2,1.17,1600,1896,1.16,1.17
2026/04/16 11:33:53,00482,圣马丁国际（新）,SANDMARTIN-NEW,,0.8,-0.05,-5.88235,0.85,0.81,0.81,0.8,680000,545500,0.8,0.89
2026/04/16 09:30:02,00483,包浩斯国际,BAUHAUS INT'L,,0.249,0.0,0.0,0.249,0.0,0.0,0.0,0,0,0.247,0.27
2026/04/16 10:38:00,00484,云游控股,FORGAME,,0.75,0.0,0.0,0.75,0.0,0.0,0.0,0,0,0.74,0.78
2026/04/16 11:25:03,00485,中国华星,CHINASINOSTAR,,0.42,0.0,0.0,0.42,0.0,0.0,0.0,0,0,0.243,0.49
2026/04/16 11:30:04,00486,俄铝,RUSAL,,4.35,0.13,3.08057,4.22,4.3,4.4,4.24,351000,1520970,4.35,4.39
2026/04/16 09:34:10,00487,实德环球,SUCCESSUNIVERSE,,0.045,0.0,0.0,0.045,0.0,0.0,0.0,0,0,0.045,0.048
2026/04/16 11:22:54,00488,丽新发展,LAI SUN DEV,,0.85,-0.08,-8.60215,0.93,0.92,0.93,0.81,792400,666498,0.82,0.85
2026/04/16 09:00:51,00491,英皇文化产业,EMPEROR CULTURE,,0.03,0.0,0.0,0.03,0.0,0.0,0.0,0,0,0.028,0.03
2026/04/16 11:26:11,00493,国美零售,GOME RETAIL,,0.013,-0.001,-7.14286,0.014,0.014,0.014,0.013,6969000,93997,0.013,0.014
2026/04/16 08:55:00,00495,PALADIN,PALADIN,,0.012,0.0,0.0,0.012,0.0,0.0,0.0,0,0,0.0,0.0
2026/04/16 10:48:24,00496,卡森国际,KASEN,,0.33,0.0,0.0,0.33,0.0,0.0,0.0,0,0,0.33,0.36
2026/04/16 10:09:36,00497,资本策略地产,CSI PROPERTIES,,0.209,0.0,0.0,0.209,0.0,0.0,0.0,0,0,0.209,0.213
2026/04/16 10:40:44,00498,蓝河控股,BLUE RIVER HLDG,,0.126,0.0,0.0,0.126,0.0,0.0,0.0,0,0,0.128,0.0
2026/04/16 11:12:12,00499,青岛控股,QINGDAO HLDGS,,0.11,-0.004,-3.50877,0.114,0.117,0.117,0.11,35000,4050,0.11,0.117
2026/04/16 11:33:45,00500,先丰服务集团,FRONTIER SER,,0.07,0.002,2.94118,0.068,0.07,0.072,0.07,67000,4803,0.07,0.073
2026/04/16 11:35:17,00501,豪威集团,OMNIVISION,,80.4,1.75,2.22505,78.65,79.0,80.95,78.1,589900,47058835,80.35,80.45
2026/04/16 09:01:27,00505,兴业合金,XINGYE ALLOY,,1.0,0.0,0.0,1.0,0.0,0.0,0.0,0,0,0.96,1.0
2026/04/16 11:32:19,00506,中国食品,CHINA FOODS,,3.7,0.01,0.271,3.69,3.71,3.72,3.67,1130000,4174820,3.7,3.71
2026/04/16 10:50:49,00508,鼎亿集团投资,DINGYI GP INV,,0.65,0.03,4.83871,0.62,0.62,0.65,0.62,170000,109850,0.61,0.64
2026/04/16 08:55:00,00509,世纪阳光,SUNSHINE,,0.17,0.0,0.0,0.17,0.0,0.0,0.0,0,0,0.0,0.0
2026/04/16 11:26:24,00510,时富金融服务集团,CASH FIN SER GP,,0.5,-0.01,-1.96078,0.51,0.51,0.51,0.495,474000,237120,0.495,0.5
2026/04/16 11:35:45,00511,电视广播,TVB,,2.92,0.0,0.0,2.92,2.93,2.96,2.9,229400,671126,2.91,2.92
2026/04/16 11:31:55,00512,远大医药,GRAND PHARMA,,6.8,-0.01,-0.14684,6.81,6.88,6.88,6.73,1456500,9912870,6.78,6.8
2026/04/16 09:05:33,00513,恒和集团,CONTINENTAL H,,0.141,0.0,0.0,0.141,0.0,0.0,0.0,0,0,0.12,0.16
2026/04/16 08:55:00,00515,中华银科技,CHINASILVER TEC,,0.173,0.0,0.0,0.173,0.0,0.0,0.0,0,0,0.0,0.0
2026/04/16 11:29:27,00517,中远海运国际,COSCO SHIP INTL,,6.25,0.02,0.32103,6.23,6.25,6.26,6.2,682000,4250140,6.24,6.25
2026/04/16 11:03:18,00518,同得仕（集团）,TUNGTEX (HOLD),,0.185,0.0,0.0,0.185,0.185,0.185,0.185,60000,11100,0.185,0.194
2026/04/16 11:24:54,00519,诺科达科技,NOVAUTEK,,0.178,0.008,4.70588,0.17,0.178,0.178,0.178,130000,23140,0.164,0.178
2026/04/16 11:32:21,00520,呷哺呷哺,XIABUXIABU,,0.455,0.01,2.24719,0.445,0.455,0.455,0.445,550000,249750,0.45,0.46
2026/04/16 11:34:46,00521,CWT INT'L,CWT INT'L,,0.275,0.005,1.85185,0.27,0.27,0.275,0.265,1940000,525250,0.27,0.275
2026/04/16 11:35:43,00522,ASMPT,ASMPT,,130.0,3.2,2.52366,126.8,125.0,131.0,123.8,2297662,296189145,129.89999,130.0
2026/04/16 10:35:11,00524,长城天下,GW TERROIR,,0.7,0.0,0.0,0.7,0.0,0.0,0.0,0,0,0.61,0.69
2026/04/16 11:35:14,00525,广深铁路股份,GUANGSHEN RAIL,,2.34,0.09,4.0,2.25,2.27,2.34,2.25,5998000,13885854,2.33,2.35
2026/04/16 10:59:20,00526,利时集团控股,LISI GP HOLD,,0.103,0.0,0.0,0.103,0.112,0.112,0.103,74000,7990,0.103,0.11
2026/04/16 10:51:28,00527,瑞风新能源,RUIFENG RENEW,,0.67,0.0,0.0,0.67,0.67,0.67,0.67,660000,442200,0.66,0.67
2026/04/16 11:16:14,00528,金达控股,KINGDOM HOLDING,,1.24,0.0,0.0,1.24,0.0,0.0,0.0,0,0,1.24,1.3
2026/04/16 11:29:28,00529,SIS INT'L,SIS INT'L,,1.86,-0.04,-2.10526,1.9,1.83,1.86,1.83,64000,118440,1.84,1.89
2026/04/16 11:04:37,00532,WKK INTL (HOLD),WKK INTL (HOLD),,0.265,0.01,3.92157,0.255,0.255,0.265,0.255,110000,28150,0.255,0.275
2026/04/16 11:17:06,00533,金利来集团,GOLDLION HOLD,,1.0,0.0,0.0,1.0,1.01,1.01,1.0,1198000,1201910,1.0,1.01
2026/04/16 11:14:05,00535,金地商置,GEMDALE PPT,,0.118,-0.002,-1.66667,0.12,0.124,0.125,0.116,996000,120004,0.118,0.121
2026/04/16 09:59:20,00536,贸易通,TRADELINK,,1.13,-0.01,-0.87719,1.14,1.13,1.13,1.13,80000,90400,1.13,1.14
2026/04/16 11:34:07,00538,味千（中国）,AJISEN (CHINA),,0.99,0.0,0.0,0.99,0.99,0.99,0.99,160000,158400,0.98,0.99
2026/04/16 11:13:42,00540,迅捷环球控股,SPEEDY GLOBAL,,0.212,0.0,0.0,0.212,0.0,0.0,0.0,0,0,0.191,0.215
2026/04/16 11:04:00,00542,中国文旅农业,CN CULTURAL T&A,,1.0,0.0,0.0,1.0,1.12,1.12,1.0,48000,48480,0.9,1.07
2026/04/16 09:30:19,00543,太平洋网络,PACIFIC ONLINE,,0.325,0.0,0.0,0.325,0.0,0.0,0.0,0,0,0.325,0.36
2026/04/16 09:58:42,00544,大同集团,DAIDO GROUP,,1.66,0.0,0.0,1.66,0.0,0.0,0.0,0,0,1.66,1.72
2026/04/16 11:35:14,00546,阜丰集团,FUFENG GROUP,,7.05,0.01,0.14205,7.04,7.05,7.14,6.96,2337000,16417480,7.04,7.05
2026/04/16 11:29:12,00547,数字王国,DIGITAL DOMAIN,,0.27,0.01,3.84615,0.26,0.26,0.27,0.26,310000,82175,0.265,0.275
2026/04/16 11:31:35,00548,深圳高速公路股份,SHENZHENEXPRESS,,7.39,0.01,0.1355,7.38,7.42,7.57,7.33,542000,4033970,7.37,7.39
2026/04/16 11:30:38,00550,律齐文化,ALLEGRO CULTURE,,0.83,0.02,2.46914,0.81,0.83,0.85,0.78,918000,745040,0.81,0.83
2026/04/16 11:34:29,00551,裕元集团,YUE YUEN IND,,15.94,0.04,0.25157,15.9,16.16,16.16,15.84,2179309,34761065,15.94,15.97
2026/04/16 11:33:41,00552,中国通信服务,CHINACOMSERVICE,,4.22,0.0,0.0,4.22,4.25,4.26,4.19,1042000,4385570,4.21,4.22
2026/04/16 11:31:25,00553,南京熊猫电子股份,NANJING PANDA,,5.01,0.02,0.4008,4.99,4.96,5.03,4.96,1588000,7937500,5.01,5.02
2026/04/16 11:24:56,00554,汉思集团控股,HANS GP HLDGS,,0.199,0.0,0.0,0.199,0.0,0.0,0.0,0,0,0.19,0.198
2026/04/16 11:33:05,00556,泛亚环保,PAN ASIA ENVIRO,,0.57,-0.01,-1.72414,0.58,0.59,0.59,0.54,1640000,928860,0.56,0.57
2026/04/16 09:56:14,00557,天元医疗,TIANYUAN HEALTH,,0.465,0.0,0.0,0.465,0.465,0.465,0.465,42000,19530,0.42,0.48
2026/04/16 11:33:49,00558,力劲科技,LK TECH,,2.96,0.06,2.06897,2.9,2.99,2.99,2.89,365000,1074050,2.95,2.96
2026/04/16 08:55:00,00559,德泰新能源集团,DETAI NEWENERGY,,0.126,0.0,0.0,0.126,0.0,0.0,0.0,0,0,0.0,0.0
2026/04/16 11:10:22,00560,珠江船务,CHU KONG SHIP,,0.71,0.0,0.0,0.71,0.69,0.71,0.69,502000,354160,0.7,0.71
2026/04/16 11:23:28,00563,上实城市开发,SH IND URBAN,,0.275,-0.005,-1.78571,0.28,0.28,0.28,0.275,18000,4990,0.275,0.28
2026/04/16 11:35:05,00564,中创智领,ZCZL,,18.46,-0.25,-1.33618,18.71,18.65,18.97,18.4,624600,11566601,18.44,18.46
2026/04/16 11:26:22,00565,锦艺集团控股,ART GROUP HOLD,,2.78,0.06,2.20588,2.72,2.72,2.85,2.66,5280000,14529100,2.77,2.79
2026/04/16 11:33:50,00567,大昌微线集团,DAISHOMICROLINE,,0.29,0.01,3.57143,0.28,0.275,0.29,0.275,1200000,340600,0.28,0.295
2026/04/16 11:34:59,00568,山东墨龙,SHANDONG MOLONG,,8.22,-0.14,-1.67464,8.36,8.2,8.37,8.2,18246800,150612352,8.21,8.22
2026/04/16 11:27:01,00570,中国中药,TRAD CHI MED,,1.82,0.02,1.11111,1.8,1.81,1.82,1.8,3804000,6889520,1.81,1.82
2026/04/16 10:31:45,00571,丰德丽控股,ESUN HOLDINGS,,0.049,0.003,6.52174,0.046,0.047,0.049,0.047,58000,2762,0.049,0.051
2026/04/16 10:31:33,00572,未来世界控股,FW HOLDINGS,,0.43,0.0,0.0,0.43,0.0,0.0,0.0,2,0,0.4,0.49
2026/04/16 11:09:22,00573,稻香控股,TAO HEUNG HLDGS,,0.3,0.0,0.0,0.3,0.0,0.0,0.0,0,0,0.3,0.31
2026/04/16 11:11:13,00574,百信国际,PASHUN INT'L,,0.042,-0.003,-6.66667,0.045,0.045,0.045,0.042,64000,2838,0.04,0.045
2026/04/16 11:17:55,00575,励晶太平洋,REGENT PACIFIC,,0.7,0.0,0.0,0.7,0.0,0.0,0.0,0,0,0.7,0.8
2026/04/16 11:32:55,00576,浙江沪杭甬,ZHEJIANGEXPRESS,,7.77,-0.34,-4.19236,8.11,8.12,8.16,7.67,4671040,36872587,7.76,7.77
2026/04/16 11:35:07,00579,京能清洁能源,JNCEC,,2.26,-0.01,-0.44053,2.27,2.28,2.28,2.25,3150000,7129450,2.26,2.27
2026/04/16 11:34:34,00580,赛晶科技,SUN.KING TECH,,1.6,0.04,2.5641,1.56,1.58,1.63,1.57,1548000,2477020,1.61,1.62
2026/04/16 11:21:41,00581,中国东方集团,CHINA ORIENTAL,,1.33,-0.01,-0.74627,1.34,1.34,1.34,1.32,300000,399180,1.33,1.34
2026/04/16 10:50:01,00582,神话世界,SHIN HWA WORLD,,0.118,-0.002,-1.66667,0.12,0.118,0.118,0.118,420000,49560,0.118,0.133
2026/04/16 11:34:51,00583,长城环亚控股,GWPA HOLDINGS,,0.222,0.0,0.0,0.222,0.0,0.0,0.0,0,0,0.22,0.23
2026/04/16 11:24:11,00585,意力国际,IMAGI INT'L,,2.24,-0.11,-4.68085,2.35,2.26,2.29,1.61,443125,912435,2.21,2.38
2026/04/16 11:35:10,00586,海螺创业,CONCH VENTURE,,11.71,-0.21,-1.76175,11.92,11.92,12.0,11.55,9304500,108926240,11.71,11.72
2026/04/16 09:30:12,00587,海螺环保,CONCH ENVIRO,,0.52,0.0,0.0,0.52,0.0,0.0,0.0,0,0,0.51,0.52
2026/04/16 11:30:57,00588,北京北辰实业股份,BEIJING N STAR,,0.82,0.01,1.23457,0.81,0.82,0.83,0.81,13442000,10981140,0.81,0.82
2026/04/16 11:31:25,00590,六福集团,LUK FOOK HOLD,,23.22,-0.02,-0.08606,23.24,23.0,23.26,22.9,193000,4446400,23.2,23.22
2026/04/16 11:32:14,00591,中国高精密,C HIGHPRECISION,,0.21,-0.003,-1.40845,0.213,0.214,0.214,0.21,353000,74587,0.21,0.224
2026/04/16 11:30:42,00595,AV CONCEPT HOLD,AV CONCEPT HOLD,,0.56,-0.01,-1.75439,0.57,0.57,0.57,0.56,128000,72280,0.55,0.56
2026/04/16 11:34:18,00596,浪潮数字企业,INSPUR DIGI ENT,,2.49,0.05,2.04918,2.44,2.4,2.53,2.4,4510000,11210780,2.48,2.49
2026/04/16 11:34:19,00598,中国外运,SINOTRANS,,5.1,0.05,0.9901,5.05,5.05,5.12,5.05,3612300,18414295,5.09,5.11
2026/04/16 11:28:32,00599,怡邦行控股,E. BON HOLDINGS,,0.15,0.0,0.0,0.15,0.0,0.0,0.0,0,0,0.15,0.164
2026/04/16 11:35:10,00600,爱芯元智,AXERA,,21.8,1.58,7.81405,20.22,20.9,22.6,20.3,1087700,23691854,21.8,21.88
2026/04/16 10:49:04,00601,稀镁科技,REMT,,0.074,0.0,0.0,0.074,0.074,0.074,0.074,1070000,79180,0.073,0.079
2026/04/16 09:02:38,00602,佳华百货控股,JIAHUA STORES H,,0.04,0.0,0.0,0.04,0.0,0.0,0.0,0,0,0.035,0.04
2026/04/16 11:06:23,00603,中油燃气,CHINA OIL & GAS,,0.176,0.0,0.0,0.176,0.176,0.18,0.174,787000,138172,0.176,0.18
2026/04/16 11:32:46,00604,深圳控股,SHENZHEN INVEST,,0.78,0.0,0.0,0.78,0.78,0.78,0.77,1052000,814200,0.77,0.78
2026/04/16 10:46:30,00605,中国金融投资管理,C FIN SERVICES,,0.81,-0.06,-6.89655,0.87,0.81,0.81,0.81,12000,9720,0.81,0.85
2026/04/16 09:02:07,00606,中骏商管,SCE CM,,0.28,0.0,0.0,0.28,0.0,0.0,0.0,0,0,0.28,0.295
2026/04/16 08:55:00,00607,丰盛控股,FULLSHARE,,1.38,0.0,0.0,1.38,0.0,0.0,0.0,0,0,0.0,0.0
2026/04/16 11:07:00,00608,达利国际,HIGH FASHION,,1.16,-0.02,-1.69492,1.18,1.17,1.17,1.16,4000,4660,1.15,1.16
2026/04/16 09:30:15,00609,天德化工,TIANDE CHEMICAL,,1.31,0.0,0.0,1.31,0.0,0.0,0.0,0,0,1.25,1.44
2026/04/16 09:00:26,00610,WAI KEE HOLD,WAI KEE HOLD,,0.92,0.0,0.0,0.92,0.0,0.0,0.0,0,0,0.89,0.94
2026/04/16 11:29:48,00611,中国核能科技,CNE TECH CORP,,0.5,0.0,0.0,0.5,0.5,0.5,0.495,248000,123500,0.495,0.51
2026/04/16 08:55:00,00612,嘉文世纪投资公司,CARMEN CENTURY,,0.335,0.0,0.0,0.335,0.0,0.0,0.0,0,0,0.0,0.0
2026/04/16 11:35:09,00613,梧桐国际,PLANETREE INT'L,,1.78,0.08,4.70588,1.7,1.62,1.82,1.6,110000,186360,1.78,1.83
2026/04/16 11:33:49,00616,财富链,ASSET CHAIN,,0.3,0.0,0.0,0.3,0.29,0.315,0.29,2025000,614625,0.295,0.3
2026/04/16 11:33:05,00617,百利保控股,PALIBURG HOLD,,0.181,-0.002,-1.0929,0.183,0.182,0.184,0.18,1437500,264335,0.182,0.184
2026/04/16 10:46:25,00618,北大资源,PKU RESOURCES,,0.315,0.0,0.0,0.315,0.315,0.315,0.315,136000,42840,0.3,0.315
2026/04/16 11:34:38,00619,南华金融,SOUTH CHINA FIN,,0.3,0.005,1.69492,0.295,0.305,0.305,0.3,44000,13320,0.295,0.3
2026/04/16 11:33:17,00620,大唐西市,DTXS SILK ROAD,,0.27,0.01,3.84615,0.26,0.26,0.27,0.25,1974000,503770,0.26,0.265
2026/04/16 11:25:39,00621,坛金矿业,TAUNG GOLD,,0.46,0.0,0.0,0.46,0.45,0.46,0.45,200000,91625,0.455,0.46
2026/04/16 11:29:32,00622,威华达控股,OSHIDORI,,1.85,-0.01,-0.53763,1.86,1.86,1.88,1.82,5274000,9707250,1.85,1.86
2026/04/16 11:13:52,00623,中视金桥,SINOMEDIA,,2.0,-0.03,-1.47783,2.03,2.02,2.02,2.0,11000,22200,2.0,2.04
2026/04/16 09:58:32,00626,大众金融控股,PUBLIC FIN HOLD,,1.48,0.0,0.0,1.48,0.0,0.0,0.0,0,0,1.47,1.49
2026/04/16 11:33:45,00627,共生智筑,VISION SYNERGY,,0.45,0.0,0.0,0.45,0.0,0.0,0.0,49,21,0.45,0.54
2026/04/16 11:35:37,00628,通通ＡＩ社交,TONGTONG AI SOC,,0.365,-0.045,-10.97561,0.41,0.41,0.43,0.345,11552000,4506400,0.355,0.365
2026/04/16 11:13:26,00629,悦达国际控股,YUE DA INTL,,0.295,0.0,0.0,0.295,0.295,0.295,0.295,151000,44545,0.28,0.3
2026/04/16 10:29:26,00630,隽泰控股,AMCO UNITED,,0.25,-0.01,-3.84615,0.26,0.25,0.25,0.25,20640,5142,0.23,0.27
2026/04/16 11:35:10,00631,三一国际,SANY INT'L,,11.68,-0.13,-1.10076,11.81,11.75,12.07,11.53,3090605,36054455,11.68,11.69
2026/04/16 11:32:39,00632,中港石油,CHK OIL,,0.3,-0.01,-3.22581,0.31,0.305,0.305,0.3,6784000,2058530,0.295,0.3
2026/04/16 10:37:03,00635,彩星集团,PLAYMATES,,0.51,0.0,0.0,0.51,0.51,0.51,0.51,76000,38760,0.51,0.52
2026/04/16 11:34:41,00636,KLN,KLN,,6.65,-0.06,-0.89419,6.71,6.68,6.69,6.61,232298,1543631,6.64,6.65
2026/04/16 10:17:21,00637,利记,LEE KEE,,0.195,0.0,0.0,0.195,0.0,0.0,0.0,1000,190,0.196,0.216
2026/04/16 11:35:15,00638,广和通,FIBOCOM,,13.82,0.26,1.9174,13.56,13.38,13.86,13.38,440400,6039338,13.79,13.82
2026/04/16 11:33:49,00639,首钢资源,SHOUGANG RES,,2.71,0.03,1.1194,2.68,2.7,2.72,2.68,2194000,5916140,2.7,2.71
2026/04/16 11:34:44,00640,星谦发展,INFINITY DEV,,2.54,0.0,0.0,2.54,0.0,0.0,0.0,0,0,2.49,2.56
2026/04/16 10:34:05,00641,中国恒天立信国际,CHTC FONG'S INT,,0.365,0.03,8.95522,0.335,0.365,0.365,0.365,2000,730,0.32,0.355
2026/04/16 10:56:36,00643,恒富控股,CARRY WEALTH,,0.25,-0.01,-3.84615,0.26,0.25,0.25,0.25,10000,2500,0.25,0.255
2026/04/16 10:39:29,00645,安域亚洲,ARES ASIA,,0.191,-0.001,-0.52083,0.192,0.19,0.191,0.19,110000,20902,0.176,0.191
2026/04/16 11:16:50,00646,中国环保科技,CHINA ENV TEC,,0.123,-0.002,-1.6,0.125,0.123,0.123,0.123,160000,19680,0.126,0.125
2026/04/16 11:28:56,00648,京玖康疗,SOFTMEDX,,0.295,0.005,1.72414,0.29,0.3,0.3,0.29,25020,7355,0.285,0.295
2026/04/16 11:33:27,00650,普达特科技,PRODUCTIVE TECH,,0.42,-0.01,-2.32558,0.43,0.455,0.46,0.375,27018000,11101040,0.41,0.42
2026/04/16 11:16:57,00653,卓悦控股,BONJOUR HOLD,,0.062,0.002,3.33333,0.06,0.06,0.062,0.06,528000,32124,0.061,0.062
2026/04/16 10:24:00,00655,香港华人有限公司,HK CHINESE LTD,,0.241,0.0,0.0,0.241,0.0,0.0,0.0,0,0,0.242,0.246
2026/04/16 11:35:13,00656,复星国际,FOSUN INTL,,4.2,0.13,3.1941,4.07,4.09,4.21,4.04,4552200,18905700,4.19,4.2
2026/04/16 09:18:28,00657,环科国际,G-VISION INT'L,,0.027,0.0,0.0,0.027,0.0,0.0,0.0,0,0,0.027,0.031
2026/04/16 08:55:00,00658,中国高速传动,C TRANSMISSION,,1.95,0.0,0.0,1.95,0.0,0.0,0.0,0,0,0.0,0.0
2026/04/16 11:32:01,00659,周大福创建,CTF SERVICES,,8.14,0.09,1.11801,8.05,8.07,8.14,8.05,261000,2108580,8.12,8.13
2026/04/16 11:32:07,00660,玮俊生物科技,WAI CHUN BIOTEC,,1.18,-0.08,-6.34921,1.26,1.2,1.26,1.08,2867800,3296742,1.16,1.21
2026/04/16 11:33:08,00661,中国大冶有色金属,CDAYENONFER,,0.143,0.004,2.8777,0.139,0.145,0.147,0.139,30660000,4389332,0.143,0.145
2026/04/16 11:33:45,00662,亚洲金融,ASIA FINANCIAL,,4.7,0.02,0.42735,4.68,4.7,4.7,4.7,24000,112800,4.62,4.7
2026/04/16 11:35:30,00664,铜师傅,TONGSHIFU,,27.02,-0.78,-2.80576,27.8,27.92,27.92,27.0,32200,884858,27.04,27.1
2026/04/16 11:35:09,00666,瑞浦兰钧,REPT BATTERO,,16.79,0.44,2.69113,16.35,16.58,17.25,16.29,4759600,80571524,16.73,16.79
2026/04/16 11:35:36,00667,中国东方教育,CHINA EAST EDU,,5.01,-0.01,-0.1992,5.02,5.02,5.1,4.87,3200000,15824372,5.01,5.02
2026/04/16 11:35:41,00669,创科实业,TECHTRONIC IND,,109.4,-2.3,-2.05909,111.7,111.7,112.5,108.8,1952130,214057987,109.4,109.5
2026/04/16 11:33:19,00670,中国东方航空股份,CHINA EAST AIR,,4.01,0.07,1.77665,3.94,3.98,4.04,3.91,9566000,37992680,4.0,4.01
2026/04/16 11:26:58,00672,众安集团,ZHONGAN GROUP,,0.094,0.0,0.0,0.094,0.094,0.095,0.094,3497800,328790,0.094,0.097
2026/04/16 10:50:33,00673,中国卫生集团,CHINA HEALTH,,0.56,0.0,0.0,0.56,0.0,0.0,0.0,0,0,0.51,0.56
2026/04/16 09:30:02,00674,中国唐商,CHINA TANGSHANG,,0.068,0.0,0.0,0.068,0.0,0.0,0.0,0,0,0.066,0.073
2026/04/16 09:07:20,00675,坚宝国际,K & P INT'L,,0.39,0.0,0.0,0.39,0.0,0.0,0.0,0,0,0.36,0.39
2026/04/16 10:18:22,00676,创信国际,PEGASUS INT'L,,1.0,0.0,0.0,1.0,0.0,0.0,0.0,0,0,0.97,1.03
2026/04/16 10:20:03,00677,金源发展国际实业,GOLDEN RES DEV,,0.35,-0.005,-1.40845,0.355,0.355,0.355,0.35,106000,37600,0.35,0.355
2026/04/16 11:35:37,00679,亚洲联网科技,ASIA TELE-NET,,2.92,0.72,32.72727,2.2,2.26,3.1,2.25,10241166,27792983,2.92,3.03
2026/04/16 10:39:31,00681,中民控股,CHI PEOPLE HOLD,,0.027,0.0,0.0,0.027,0.026,0.027,0.026,502000,13552,0.027,0.028
2026/04/16 11:13:31,00682,超大现代,CHAODA MODERN,,0.23,0.0,0.0,0.23,0.0,0.0,0.0,700,153,0.23,0.239
2026/04/16 11:34:47,00683,嘉里建设,KERRY PPT,,22.36,-0.24,-1.06195,22.6,22.6,22.98,22.28,552500,12366085,22.36,22.4
2026/04/16 09:30:34,00684,亚伦国际,ALLAN INT'L,,0.51,0.0,0.0,0.51,0.0,0.0,0.0,0,0,0.5,0.53
2026/04/16 10:46:50,00685,世界华文媒体,MEDIA CHINESE,,0.205,-0.01,-4.65116,0.215,0.196,0.205,0.196,2000,401,0.205,0.228
2026/04/16 11:34:35,00686,北京能源国际,BJ ENERGY INTL,,1.06,0.0,0.0,1.06,0.0,0.0,0.0,6000,6420,1.07,1.08
2026/04/16 11:05:17,00687,泰升集团,TYSAN HOLDINGS,,0.36,0.005,1.40845,0.355,0.355,0.36,0.355,164000,58230,0.355,0.36
2026/04/16 11:35:15,00688,中国海外发展,CHINA OVERSEAS,,12.49,0.15,1.21556,12.34,12.34,12.57,12.34,5355311,66779745,12.49,12.51
2026/04/16 11:29:02,00689,长盈集团（控股）,EPI (HOLDINGS),,0.217,-0.016,-6.86695,0.233,0.199,0.24,0.18,55087320,11768498,0.215,0.218
2026/04/16 11:29:48,00690,联康生物科技集团,UNI-BIO GROUP,,0.1,-0.002,-1.96078,0.102,0.106,0.107,0.099,2072000,208144,0.099,0.1
2026/04/16 11:28:59,00691,山水水泥,SHANSHUI CEMENT,,0.435,0.02,4.81928,0.415,0.41,0.435,0.41,219000,92185,0.425,0.44
2026/04/16 09:32:23,00693,陈唱国际,TAN CHONG INT'L,,1.53,0.0,0.0,1.53,0.0,0.0,0.0,0,0,1.52,1.6
2026/04/16 11:35:41,00694,北京首都机场股份,BEIJING AIRPORT,,1.91,-0.04,-2.05128,1.95,1.97,1.97,1.89,3212000,6155000,1.89,1.91
2026/04/16 11:32:16,00695,东吴水泥,DONGWU CEMENT,,7.52,-0.07,-0.92227,7.59,7.58,7.58,7.45,366000,2754060,7.5,7.57
2026/04/16 11:35:30,00696,中国民航信息网络,TRAVELSKY TECH,,10.17,0.17,1.7,10.0,10.0,10.18,10.0,3957000,40048210,10.14,10.17
2026/04/16 11:35:40,00697,首程控股,SHOUCHENG,,1.67,0.0,0.0,1.67,1.68,1.68,1.66,14901200,24870290,1.67,1.68
2026/04/16 11:34:07,00698,通达集团,TONGDA GROUP,,2.65,-0.06,-2.21402,2.71,2.71,2.71,2.65,63400,171430,2.61,2.7
2026/04/16 11:35:27,00699,均胜电子,JOYSON ELEC,,16.35,0.29,1.80573,16.06,16.4,16.49,16.07,1621500,26428036,16.33,16.35
2026/04/16 11:35:46,00700,腾讯控股,TENCENT,,513.5,14.5,2.90581,499.0,506.5,514.0,504.0,10250880,5212243322,513.0,513.5
2026/04/16 08:55:00,00701,CNT GROUP,CNT GROUP,,0.178,0.0,0.0,0.178,0.0,0.0,0.0,0,0,0.0,0.0
2026/04/16 08:55:00,00702,中国油气控股,SINO OIL & GAS,,0.034,0.0,0.0,0.034,0.0,0.0,0.0,0,0,0.0,0.0
2026/04/16 11:13:35,00703,FUTURE BRIGHT,FUTURE BRIGHT,,0.096,0.0,0.0,0.096,0.0,0.0,0.0,0,0,0.098,0.104
2026/04/16 08:55:00,00704,和嘉控股,HUSCOKE HLDGS,,0.133,0.0,0.0,0.133,0.0,0.0,0.0,0,0,0.0,0.0
2026/04/16 08:55:00,00707,亚洲电视控股,ATV HOLDINGS,,0.06,0.0,0.0,0.06,0.0,0.0,0.0,0,0,0.0,0.0
2026/04/16 08:55:00,00708,恒大汽车,EVERG VEHICLE,,0.17,0.0,0.0,0.17,0.0,0.0,0.0,0,0,0.0,0.0
2026/04/16 11:26:21,00709,佐丹奴国际,GIORDANO INT'L,,1.49,0.0,0.0,1.49,1.49,1.5,1.48,622129,927407,1.49,1.5
2026/04/16 11:34:53,00710,京东方精电,BOE VARITRONIX,,4.32,0.02,0.46512,4.3,4.29,4.33,4.27,118000,509060,4.31,4.32
2026/04/16 09:00:00,00711,亚洲联合基建控股,ASIA ALLIED INF,,0.43,0.0,0.0,0.43,0.0,0.0,0.0,0,0,0.425,0.435
2026/04/16 11:30:17,00712,卡姆丹克太阳能,COMTEC SOLAR,,0.095,0.0,0.0,0.095,0.095,0.095,0.093,390000,36520,0.094,0.095
2026/04/16 09:31:02,00713,世界（集团）,WORLD HOUSEWARE,,0.385,0.0,0.0,0.385,0.0,0.0,0.0,0,0,0.36,0.385
2026/04/16 11:33:35,00716,胜狮货柜,SINGAMAS CONT,,0.64,0.0,0.0,0.64,0.65,0.65,0.64,272000,175640,0.64,0.65
2026/04/16 11:33:49,00717,英皇资本,EMPEROR CAPITAL,,0.088,0.001,1.14943,0.087,0.086,0.088,0.086,1242000,108576,0.088,0.089
2026/04/16 09:33:12,00718,太和控股,TAI UNITED HOLD,,0.032,0.0,0.0,0.032,0.0,0.0,0.0,0,0,0.03,0.032
2026/04/16 11:33:00,00719,山东新华制药股份,SHANDONG XINHUA,,6.4,0.0,0.0,6.4,6.4,6.42,6.4,100000,640620,6.41,6.42
2026/04/16 10:59:51,00720,意达利控股,AUTO ITALIA,,0.37,-0.005,-1.33333,0.375,0.37,0.37,0.37,75000,27750,0.37,0.38
2026/04/16 10:59:41,00721,中国金融国际,C FIN INT INV,,0.07,0.005,7.69231,0.065,0.07,0.07,0.07,50000,3500,0.062,0.067
2026/04/16 11:29:33,00722,联合医务,UMP,,0.46,0.005,1.0989,0.455,0.46,0.46,0.46,104000,47840,0.46,0.465
2026/04/16 11:24:03,00723,信保环球控股,RELIANCE GLO HL,,0.23,0.0,0.0,0.23,0.0,0.0,0.0,0,0,0.237,0.25
2026/04/16 08:55:00,00724,瑞鑫国际集团,RUIXIN INT'L,,0.105,0.0,0.0,0.105,0.0,0.0,0.0,0,0,0.0,0.0
2026/04/16 10:03:56,00725,恒都集团,PERENNIAL INT'L,,0.8,0.0,0.0,0.8,0.8,0.8,0.8,16000,12800,0.8,0.82
2026/04/16 11:35:03,00726,筑友智造科技,DIT GROUP,,0.033,-0.001,-2.94118,0.034,0.034,0.034,0.03,1400000,43830,0.031,0.033
2026/04/16 10:10:34,00727,皇冠环球集团,CROWNICORP,,0.66,0.0,0.0,0.66,0.0,0.0,0.0,0,0,0.63,0.71
2026/04/16 11:35:20,00728,中国电信,CHINA TELECOM,,4.9,0.0,0.0,4.9,4.91,4.92,4.86,42288000,206396280,4.9,4.91
2026/04/16 11:26:22,00730,首惠产业金融,CAPITAL IND FIN,,0.118,-0.001,-0.84034,0.119,0.118,0.118,0.118,20000,2360,0.118,0.122
2026/04/16 11:20:50,00731,建发新胜,C&D NEWIN,,0.3,0.0,0.0,0.3,0.295,0.3,0.295,300000,89000,0.295,0.3
2026/04/16 11:20:20,00732,信利国际,TRULY INT'L,,1.01,0.02,2.0202,0.99,1.0,1.01,1.0,512000,512040,1.0,1.01
2026/04/16 10:55:35,00733,合富辉煌,HOPEFLUENT,,0.237,0.0,0.0,0.237,0.0,0.0,0.0,0,0,0.235,0.265
2026/04/16 10:31:23,00736,中国置业投资,CHINA PPT INV,,0.46,-0.03,-6.12245,0.49,0.51,0.51,0.46,60000,28635,0.47,0.485
2026/04/16 11:33:02,00737,湾区发展,BAY AREA DEV,,1.93,-0.02,-1.02564,1.95,1.93,1.93,1.93,107000,206510,1.93,1.94
2026/04/16 09:30:42,00738,莱尔斯丹,LE SAUNDA,,0.33,0.0,0.0,0.33,0.0,0.0,0.0,0,0,0.325,0.34
2026/04/16 11:23:16,00743,亚洲水泥（中国）,ASIA CEMENT CH,,2.16,-0.01,-0.46083,2.17,2.2,2.2,2.16,18000,39220,2.16,2.18
2026/04/16 11:35:40,00745,中国国家文化产业,CN CULTURE GP,,1.0,-0.06,-5.66038,1.06,1.0,1.0,1.0,140000,140000,0.89,0.99
2026/04/16 10:32:03,00746,理文化工,L & M CHEMICAL,,4.84,0.03,0.6237,4.81,4.84,4.84,4.84,4000,19360,4.83,4.95
2026/04/16 10:45:42,00747,渖阳公用发展股份,SHENYANG PUBLIC,,0.096,0.0,0.0,0.096,0.0,0.0,0.0,0,0,0.087,0.095
2026/04/16 11:27:52,00750,水发兴业能源,SFSY ENERGY,,0.24,0.01,4.34783,0.23,0.24,0.24,0.23,220000,52470,0.225,0.24
2026/04/16 11:29:28,00751,创维集团,SKYWORTH GROUP,,6.38,0.08,1.26984,6.3,6.23,6.41,6.23,254000,1613900,6.37,6.38
2026/04/16 11:27:12,00752,PICO FAR EAST,PICO FAR EAST,,2.51,0.01,0.4,2.5,2.5,2.51,2.5,62000,155040,2.49,2.51
2026/04/16 11:35:39,00753,中国国航,AIR CHINA,,5.14,0.16,3.21285,4.98,5.02,5.14,4.99,11498000,58318000,5.12,5.14
2026/04/16 08:55:00,00754,合生创展集团,HOPSON DEV HOLD,,2.64,0.0,0.0,2.64,0.0,0.0,0.0,0,0,0.0,0.0
2026/04/16 11:23:21,00755,大方广瑞德,DEVGREAT,,0.29,-0.035,-10.76923,0.325,0.29,0.29,0.29,15000,4350,0.285,0.32
2026/04/16 10:29:45,00756,森美控股,SUMMI,,0.66,0.0,0.0,0.66,0.0,0.0,0.0,0,0,0.66,0.0
2026/04/16 11:33:00,00757,阳光能源,SOLARGIGA,,0.07,0.0,0.0,0.07,0.07,0.07,0.07,772000,54040,0.07,0.071
2026/04/16 11:22:50,00759,CEC INT'L HOLD,CEC INT'L HOLD,,0.2,-0.003,-1.47783,0.203,0.203,0.203,0.2,20000,4054,0.2,0.203
2026/04/16 11:20:59,00760,新天地产集团,TALENT PPT GP,,0.154,0.002,1.31579,0.152,0.154,0.154,0.154,92500,14210,0.153,0.166
2026/04/16 11:34:47,00762,中国联通,CHINA UNICOM,,7.35,0.05,0.68493,7.3,7.26,7.35,7.26,4736200,34625366,7.33,7.35
2026/04/16 11:35:46,00763,中兴通讯,ZTE,,23.38,-0.58,-2.4207,23.96,23.96,23.96,23.16,16276440,379797287,23.36,23.38
2026/04/16 11:07:39,00764,永恒策略,ETERNITY INV,,0.495,0.0,0.0,0.495,0.0,0.0,0.0,10000,4950,0.38,0.56
2026/04/16 11:17:38,00765,PERFECTECH INTL,PERFECTECH INTL,,0.204,0.0,0.0,0.204,0.204,0.204,0.204,26000,5304,0.2,0.204
2026/04/16 11:22:02,00767,中基长寿科学,ZHONG JI LS,,0.47,-0.01,-2.08333,0.48,0.48,0.48,0.47,160000,76400,0.475,0.48
2026/04/16 09:04:26,00768,开明投资,UBA INVESTMENTS,,0.04,0.0,0.0,0.04,0.0,0.0,0.0,0,0,0.039,0.043
2026/04/16 08:55:00,00769,中国稀土,CHINA RAREEARTH,,0.7,0.0,0.0,0.7,0.0,0.0,0.0,0,0,0.0,0.0
2026/04/16 09:40:52,00770,SHANGHAI GROWTH,SHANGHAI GROWTH,,0.198,0.0,0.0,0.198,0.0,0.0,0.0,0,0,0.0,0.2
2026/04/16 11:16:39,00771,自动系统,AUTOMATED SYS,,0.92,0.02,2.22222,0.9,0.9,0.92,0.9,80000,73180,0.91,0.93
2026/04/16 11:35:34,00772,阅文集团,CHINA LIT,,26.94,0.36,1.3544,26.58,26.6,27.16,26.6,1586609,42729549,26.92,26.96
2026/04/16 11:33:09,00775,长江生命科技,CKLIFE SCIENCES,,0.74,0.01,1.36986,0.73,0.73,0.74,0.73,1500000,1108120,0.73,0.74
2026/04/16 10:54:09,00776,帝国科技集团,IMPERIUM TEC GP,,0.89,0.0,0.0,0.89,0.98,0.99,0.89,49500,46245,0.91,0.94
2026/04/16 11:32:11,00777,网龙,NETDRAGON,,9.14,-0.01,-0.10929,9.15,9.2,9.2,9.11,984500,9020920,9.14,9.16
2026/04/16 11:35:43,00780,同程旅行,TONGCHENGTRAVEL,,18.75,0.31,1.68113,18.44,18.44,18.77,18.44,1247200,23232678,18.74,18.75
2026/04/16 11:35:23,00784,凌锐控股,LING YUI,,0.75,-0.16,-17.58242,0.91,0.96,1.06,0.68,66993500,53941340,0.74,0.75
2026/04/16 11:35:46,00788,中国铁塔,CHINA TOWER,,10.91,-0.05,-0.4562,10.96,11.0,11.0,10.8,4660900,50768665,10.9,10.91
2026/04/16 11:02:15,00789,雅天妮集团,ARTINI HLDG,,0.305,-0.02,-6.15385,0.325,0.305,0.305,0.305,20000,6100,0.305,0.33
2026/04/16 09:39:09,00794,锦胜集团（控股）,COME SURE GROUP,,0.28,0.0,0.0,0.28,0.0,0.0,0.0,0,0,0.0,0.345
2026/04/16 10:24:11,00797,第七大道,7ROAD,,0.72,0.0,0.0,0.72,0.72,0.72,0.72,50000,36000,0.71,0.75
2026/04/16 10:44:47,00798,中电光谷,CEOVU,,0.19,0.006,3.26087,0.184,0.189,0.19,0.189,28000,5300,0.186,0.193
2026/04/16 11:33:44,00799,IGG,IGG,,3.11,0.12,4.01338,2.99,2.99,3.15,2.99,1708100,5314509,3.1,3.11
2026/04/16 11:34:08,00800,文远知行－Ｗ,WERIDE-W,,21.44,0.68,3.27553,20.76,20.76,21.7,20.76,1959000,42176268,21.4,21.44
2026/04/16 09:34:02,00804,鼎石资本,PINESTONE,,3.65,0.0,0.0,3.65,3.65,3.65,3.65,5000,18250,3.56,4.09
2026/04/16 08:55:00,00805,新吉奥房车,NEW GONOW RV,,1.25,0.0,0.0,1.25,0.0,0.0,0.0,0,0,0.0,0.0
2026/04/16 11:26:47,00806,惠理集团,VALUE PARTNERS,,2.09,0.03,1.45631,2.06,2.07,2.1,2.07,384000,800625,2.08,2.09
2026/04/16 10:09:05,00807,上海实业环境,SIICENVIRONMENT,,1.08,0.0,0.0,1.08,1.08,1.08,1.07,315000,339170,1.07,1.08
2026/04/16 09:30:51,00809,大成生化科技,GLOBAL BIO-CHEM,,0.058,0.0,0.0,0.058,0.058,0.058,0.058,2000000,116000,0.058,0.06
2026/04/16 10:48:38,00810,中国铸晨８１,CH CASTSON 81,,0.121,-0.001,-0.81967,0.122,0.122,0.122,0.121,234000,28374,0.121,0.125
2026/04/16 11:27:44,00811,新华文轩,XINHUA WINSHARE,,10.36,-0.09,-0.86124,10.45,10.44,10.54,10.35,283000,2946460,10.36,10.39
2026/04/16 11:35:15,00813,世茂集团,SHIMAO GROUP,,0.173,0.0,0.0,0.173,0.174,0.176,0.172,2485500,432008,0.173,0.174
2026/04/16 09:34:53,00814,北京京客隆,JINGKELONG,,0.305,0.0,0.0,0.305,0.0,0.0,0.0,0,0,0.29,0.305
2026/04/16 11:34:21,00815,中国白银集团,CHI SILVER GP,,0.485,-0.005,-1.02041,0.49,0.49,0.49,0.48,4122000,1997520,0.48,0.485
2026/04/16 10:49:15,00816,金茂服务,JINMAO SERVICES,,2.56,0.01,0.39216,2.55,2.56,2.57,2.56,182500,468635,2.56,2.57
2026/04/16 11:34:59,00817,中国金茂,CHINA JINMAO,,1.56,-0.01,-0.63694,1.57,1.56,1.58,1.54,13712000,21320432,1.55,1.56
2026/04/16 11:34:53,00818,高阳科技,HI SUN TECH,,0.415,0.005,1.21951,0.41,0.42,0.42,0.415,117000,49005,0.415,0.42
2026/04/16 11:33:44,00819,天能动力,TIANNENG POWER,,7.96,0.06,0.75949,7.9,7.93,8.1,7.83,2982000,23798760,7.95,7.97
2026/04/16 09:31:02,00821,汇盈控股,VC HOLDINGS,,0.275,0.0,0.0,0.275,0.0,0.0,0.0,0,0,0.26,0.295
2026/04/16 10:02:42,00822,嘉瑞国际,KA SHUI INT'L,,0.305,0.005,1.66667,0.3,0.3,0.305,0.3,14000,4230,0.29,0.3
2026/04/16 09:04:14,00825,新世界百货中国,NWDS CHINA,,0.315,0.0,0.0,0.315,0.0,0.0,0.0,0,0,0.315,0.335
2026/04/16 11:33:42,00826,天工国际,TIANGONG INT'L,,3.38,0.05,1.5015,3.33,3.35,3.4,3.33,3952000,13272450,3.38,3.39
2026/04/16 11:27:17,00827,玖源集团,KO YO GROUP,,0.044,-0.002,-4.34783,0.046,0.043,0.045,0.042,1948000,83752,0.043,0.045
2026/04/16 09:41:41,00828,王朝酒业,DYNASTY WINES,,0.219,0.0,0.0,0.219,0.0,0.0,0.0,0,0,0.209,0.218
2026/04/16 11:19:02,00829,神冠控股,SHENGUAN HLDGS,,0.192,0.004,2.12766,0.188,0.189,0.193,0.189,1078000,205672,0.192,0.193
2026/04/16 11:18:46,00830,中国建筑兴业,CSC DEVELOPMENT,,0.86,0.0,0.0,0.86,0.85,0.86,0.85,24000,20520,0.84,0.86
2026/04/16 11:22:45,00831,利亚零售,CR ASIA,,0.385,0.0,0.0,0.385,0.39,0.39,0.385,510000,198490,0.385,0.39
2026/04/16 11:12:30,00832,建业地产,CENTRAL CHINA,,0.052,0.0,0.0,0.052,0.0,0.0,0.0,0,0,0.047,0.052
2026/04/16 10:33:42,00833,华讯,ALLTRONICS,,0.57,0.01,1.78571,0.56,0.56,0.58,0.56,404000,229640,0.56,0.58
2026/04/16 10:41:37,00834,康大食品,KANGDA FOOD,,0.265,0.0,0.0,0.265,0.0,0.0,0.0,0,0,0.27,0.29
2026/04/16 11:35:35,00836,华润电力,CHINA RES POWER,,18.83,-0.05,-0.26483,18.88,18.88,19.02,18.74,4851765,91583240,18.82,18.83
2026/04/16 11:03:35,00837,谭木匠,CARPENTER TAN,,7.8,0.03,0.3861,7.77,7.77,7.8,7.76,9500,73910,7.79,7.92
2026/04/16 11:35:00,00838,亿和控股,EVA HOLDINGS,,0.79,0.02,2.5974,0.77,0.79,0.8,0.79,960000,758420,0.78,0.79
2026/04/16 11:35:16,00839,中教控股,CHINA EDU GROUP,,2.58,0.02,0.78125,2.56,2.55,2.59,2.55,1527000,3929870,2.57,2.58
2026/04/16 10:59:28,00840,天业节水,TIANYE WATER,,0.215,0.0,0.0,0.215,0.0,0.0,0.0,0,0,0.0,0.242
2026/04/16 10:46:44,00841,木薯资源,CASSAVA RES,,0.175,0.003,1.74419,0.172,0.173,0.175,0.173,34000,5942,0.175,0.193
2026/04/16 11:35:06,00842,理士国际,LEOCH INT'L,,1.05,0.07,7.14286,0.98,0.99,1.1,0.98,5555000,5885140,1.05,1.06
2026/04/16 09:45:45,00844,广泰国际控股,GREATIME INTL,,0.4,0.0,0.0,0.4,0.0,0.0,0.0,0,0,0.34,0.4
2026/04/16 08:55:00,00845,恒盛地产,GLORIOUS PPT H,,0.01,0.0,0.0,0.01,0.0,0.0,0.0,0,0,0.0,0.0
2026/04/16 08:55:00,00846,明发集团,MINGFA GROUP,,0.102,0.0,0.0,0.102,0.0,0.0,0.0,0,0,0.0,0.0
2026/04/16 11:15:07,00848,茂业国际,MAOYE INT'L,,0.119,0.0,0.0,0.119,0.0,0.0,0.0,0,0,0.121,0.132
2026/04/16 11:25:54,00851,盛源控股,SHENG YUAN HLDG,,0.199,0.0,0.0,0.199,0.0,0.0,0.0,0,0,0.179,0.21
2026/04/16 08:55:00,00852,海峡石油化工,STRONG PETRO,,0.166,0.0,0.0,0.166,0.0,0.0,0.0,0,0,0.0,0.0
2026/04/16 11:35:46,00853,微创医疗,MICROPORT,,9.61,0.35,3.7797,9.26,9.33,9.66,9.19,10752838,101611537,9.61,9.62
2026/04/16 09:53:55,00854,威雅利,WILLAS-ARRAY,,5.31,0.0,0.0,5.31,0.0,0.0,0.0,0,0,5.31,5.6
2026/04/16 11:31:56,00855,中国水务,CHINA WATER,,4.9,-0.02,-0.4065,4.92,4.88,4.95,4.88,243654,1200874,4.9,4.92
2026/04/16 11:35:37,00856,伟仕佳杰,VSTECS,,9.03,-0.05,-0.55066,9.08,9.32,9.32,8.96,2780000,25148970,9.02,9.03
2026/04/16 11:35:44,00857,中国石油股份,PETROCHINA,,10.6,0.02,0.18904,10.58,10.48,10.65,10.44,34135194,360063850,10.6,10.61
2026/04/16 10:20:29,00858,精优药业,EXTRAWELL PHAR,,0.081,0.001,1.25,0.08,0.078,0.082,0.077,600000,48160,0.078,0.081
2026/04/16 10:24:46,00859,中昌国际控股,ZHONGCHANG INTL,,0.133,0.0,0.0,0.133,0.0,0.0,0.0,0,0,0.0,0.133
2026/04/16 11:06:24,00860,ＡＰＯＬＬＯ出行,APOLLO FMG,,0.41,0.0,0.0,0.41,0.0,0.0,0.0,0,0,0.4,0.43
2026/04/16 11:32:16,00861,神州控股,DC HOLDINGS,,2.08,-0.03,-1.4218,2.11,2.03,2.08,2.03,193028,399207,2.06,2.08
2026/04/16 11:30:48,00862,远见控股,VISION VALUES,,0.047,0.008,20.51282,0.039,0.04,0.047,0.04,4574000,195243,0.046,0.047
2026/04/16 11:35:02,00863,ＯＳＬ集团,OSL GROUP,,13.96,0.08,0.57637,13.88,13.88,14.1,13.8,935610,13039596,13.92,13.98
2026/04/16 09:00:12,00864,永利地产发展,WING LEE PPT,,0.218,0.0,0.0,0.218,0.0,0.0,0.0,0,0,0.0,0.218
2026/04/16 09:07:08,00865,建德国际控股,JIANDE INT'L,,0.04,0.0,0.0,0.04,0.0,0.0,0.0,0,0,0.038,0.04
2026/04/16 11:34:00,00866,中国秦发,CHINA QINFA,,3.03,-0.03,-0.98039,3.06,3.06,3.08,2.9,5316000,15798396,3.01,3.03
2026/04/16 11:35:07,00867,康哲药业,CMS,,13.86,-0.56,-3.8835,14.42,14.37,14.37,13.84,2237000,31350010,13.85,13.87
2026/04/16 11:34:22,00868,信义玻璃,XINYI GLASS,,9.7,-0.08,-0.818,9.78,9.81,9.87,9.67,2556091,24863615,9.7,9.71
2026/04/16 11:22:24,00869,彩星玩具,PLAYMATES TOYS,,0.46,0.0,0.0,0.46,0.46,0.46,0.46,721400,331816,0.46,0.465
2026/04/16 11:19:35,00871,中国疏浚环保,CH DREDG ENV,,0.08,0.005,6.66667,0.075,0.08,0.08,0.08,20000,1600,0.075,0.084
2026/04/16 11:29:01,00873,世茂服务,SHIMAO SERVICES,,0.55,-0.01,-1.78571,0.56,0.56,0.56,0.55,660000,369450,0.55,0.56
2026/04/16 11:35:06,00874,白云山,BAIYUNSHAN PH,,17.01,0.03,0.17668,16.98,17.08,17.08,16.9,404000,6850940,16.97,17.02
2026/04/16 11:30:51,00875,从玉智农,CONGYU INTE AGR,,0.79,0.0,0.0,0.79,0.82,0.83,0.79,823699,665228,0.79,0.81
2026/04/16 11:29:39,00876,佳兆业健康,KAISA HEALTH,,0.112,0.004,3.7037,0.108,0.112,0.112,0.112,100000,11160,0.105,0.111
2026/04/16 11:28:55,00878,金朝阳集团,SOUNDWILL HOLD,,7.13,0.09,1.27841,7.04,7.04,7.13,7.04,20000,141770,7.09,7.18
2026/04/16 11:35:20,00880,澳博控股,SJM HOLDINGS,,2.15,0.02,0.93897,2.13,2.12,2.15,2.12,2237000,4772740,2.14,2.15
2026/04/16 11:34:52,00881,中升控股,ZHONGSHENG HLDG,,7.65,-0.03,-0.39063,7.68,7.7,7.73,7.61,1821000,13959862,7.64,7.65
2026/04/16 11:19:49,00882,天津发展,TIANJIN DEV,,2.44,0.03,1.24481,2.41,2.43,2.46,2.43,44000,107300,2.44,2.45
2026/04/16 11:35:24,00883,中国海洋石油,CNOOC,,26.86,0.64,2.44089,26.22,26.34,26.98,26.14,37934635,1007594263,26.84,26.86
2026/04/16 11:34:40,00884,旭辉控股集团,CIFI HOLD GP,,0.071,0.002,2.89855,0.069,0.07,0.072,0.07,24435640,1733433,0.071,0.072
2026/04/16 10:50:09,00887,英皇钟表珠宝,EMPEROR WATCH&J,,0.32,0.005,1.5873,0.315,0.32,0.32,0.32,380000,121550,0.315,0.32
2026/04/16 09:56:05,00888,链信控股,BLOCKFIN HLDG,,0.053,-0.002,-3.63636,0.055,0.052,0.053,0.052,6000,316,0.053,0.063
2026/04/16 09:04:27,00889,连达科技控股,DATRONIX HOLD,,0.31,0.0,0.0,0.31,0.0,0.0,0.0,0,0,0.29,0.32
2026/04/16 10:36:26,00893,中国铁钛,CHINAVTM MINING,,0.079,-0.001,-1.25,0.08,0.079,0.079,0.079,10000,790,0.08,0.084
2026/04/16 11:13:20,00894,万裕科技,MAN YUE TECH,,0.78,-0.01,-1.26582,0.79,0.78,0.78,0.78,52000,40560,0.76,0.78
2026/04/16 11:33:06,00895,东江环保,DONGJIANG ENV,,2.11,0.03,1.44231,2.08,2.11,2.11,2.07,245600,515548,2.1,2.11
2026/04/16 11:20:55,00896,兴胜创建,HANISON,,0.241,-0.006,-2.42915,0.247,0.241,0.241,0.241,128000,31352,0.241,0.248
2026/04/16 10:47:22,00897,位元堂,WAI YUEN TONG,,0.345,0.0,0.0,0.345,0.345,0.345,0.345,65000,22425,0.34,0.355
2026/04/16 09:30:05,00898,万事昌国际,MULTIFIELD INTL,,0.93,0.0,0.0,0.93,0.0,0.0,0.0,0,0,0.94,1.01
2026/04/16 09:42:00,00899,中加国信,ZHONG JIA GX,,0.214,0.0,0.0,0.214,0.0,0.0,0.0,0,0,0.193,0.213
2026/04/16 11:33:51,00900,AEON CREDIT,AEON CREDIT,,8.31,0.01,0.12048,8.3,8.31,8.31,8.31,2000,16620,8.26,8.3
2026/04/16 11:35:19,00902,华能国际电力股份,HUANENG POWER,,6.24,0.01,0.16051,6.23,6.2,6.28,6.19,12730000,79369800,6.23,6.24
2026/04/16 11:28:21,00905,胡桃资本,WALNUT CAP,,0.233,0.002,0.8658,0.231,0.231,0.237,0.225,2112000,483648,0.229,0.234
2026/04/16 11:35:15,00907,高雅光学,ELEGANCEOPTICAL,,0.059,0.0,0.0,0.059,0.059,0.06,0.059,400000,23800,0.058,0.063
2026/04/16 11:35:12,00909,明源云,MING YUAN CLOUD,,2.34,0.06,2.63158,2.28,2.28,2.34,2.28,1761000,4074320,2.32,2.34
2026/04/16 08:55:00,00910,中国三迪,CHINA SANDI,,0.014,0.0,0.0,0.014,0.0,0.0,0.0,0,0,0.0,0.0
2026/04/16 11:20:52,00911,前海健康,QIANHAI HEALTH,,0.305,0.03,10.90909,0.275,0.305,0.305,0.305,20300,6178,0.28,0.305
2026/04/16 10:43:57,00912,信佳国际,SUGA INT'L,,1.04,0.0,0.0,1.04,0.0,0.0,0.0,0,0,1.05,1.06
2026/04/16 10:14:54,00913,港湾数字,HARBOUR DIGITAL,,0.194,-0.001,-0.51282,0.195,0.194,0.196,0.194,140000,27200,0.194,0.196
2026/04/16 11:35:19,00914,海螺水泥,CONCH CEMENT,,20.46,-0.44,-2.10526,20.9,20.9,21.0,20.4,5531000,113676310,20.44,20.46
2026/04/16 09:30:51,00915,道和环球,DAOHE GLOBAL,,0.06,0.0,0.0,0.06,0.0,0.0,0.0,0,0,0.053,0.06
2026/04/16 11:35:24,00916,龙源电力,CHINA LONGYUAN,,6.34,0.04,0.63492,6.3,6.35,6.38,6.29,21490195,135961001,6.33,6.34
2026/04/16 11:35:10,00917,趣致集团,QUNABOX GROUP,,18.09,0.23,1.28779,17.86,18.19,18.6,17.59,5810200,105052956,18.09,18.11
2026/04/16 11:27:15,00918,龙翼航空科技,MAJESTIC DRAGON,,0.76,-0.02,-2.5641,0.78,0.78,0.78,0.76,90000,69720,0.75,0.8
2026/04/16 09:42:32,00919,现代健康科技,MODERNHEALTHTEC,,0.087,0.0,0.0,0.087,0.0,0.0,0.0,0,0,0.082,0.087
2026/04/16 11:31:18,00921,海信家电,HISENSE HA,,21.26,0.12,0.56764,21.14,21.36,21.38,21.06,252100,5345272,21.22,21.26
2026/04/16 10:07:11,00922,安贤园中国,ANXIANYUAN CH,,0.128,0.0,0.0,0.128,0.0,0.0,0.0,0,0,0.13,0.137
2026/04/16 09:00:02,00923,综合环保集团,IWS,,0.019,0.0,0.0,0.019,0.0,0.0,0.0,0,0,0.018,0.019
2026/04/16 09:04:38,00924,坤集团,KHOON GROUP,,0.123,0.0,0.0,0.123,0.0,0.0,0.0,0,0,0.123,0.0
2026/04/16 09:00:05,00926,碧生源,BESUNYEN,,2.5,0.0,0.0,2.5,0.0,0.0,0.0,0,0,2.43,0.0
2026/04/16 10:18:51,00927,富士高实业,FUJIKON IND,,0.51,0.0,0.0,0.51,0.0,0.0,0.0,0,0,0.51,0.52
2026/04/16 11:31:50,00928,帝王国际投资,KING INTL INV,,0.079,0.0,0.0,0.079,0.077,0.08,0.077,160012,12620,0.079,0.082
2026/04/16 11:25:44,00929,国际精密,IPE GROUP,,0.56,-0.04,-6.66667,0.6,0.57,0.59,0.56,145000,84400,0.57,0.58
2026/04/16 11:16:12,00931,中国港能,CHINA HK POWER,,0.345,0.005,1.47059,0.34,0.34,0.355,0.335,4863500,1680135,0.345,0.35
2026/04/16 10:50:43,00932,顺腾国际控股,SHUNTEN INTL,,0.029,0.0,0.0,0.029,0.029,0.029,0.029,2400000,69600,0.028,0.029
2026/04/16 11:34:01,00933,非凡领越,VIVA GOODS,,0.61,-0.02,-3.1746,0.63,0.63,0.63,0.6,1744000,1056400,0.6,0.61
2026/04/16 11:35:18,00934,中石化冠德,SINOPEC KANTONS,,4.08,0.0,0.0,4.08,4.11,4.11,4.06,726000,2954120,4.07,4.08
2026/04/16 09:43:34,00936,佳兆业资本,KAISA CAPITAL,,0.265,0.0,0.0,0.265,0.0,0.0,0.0,0,0,0.25,0.29
2026/04/16 11:00:37,00938,民生国际,MAN SANG INT'L,,0.495,0.02,4.21053,0.475,0.49,0.54,0.49,2018000,1008280,0.48,0.495
2026/04/16 11:35:23,00939,建设银行,CCB,,8.51,0.03,0.35377,8.48,8.48,8.54,8.48,49440155,420806364,8.51,8.52
2026/04/16 11:35:28,00941,中国移动,CHINA MOBILE,,81.65,0.3,0.36878,81.35,81.35,81.75,81.3,5113265,417175127,81.6,81.65
2026/04/16 10:35:04,00943,中证国际,ZHONGZHENG INTL,,0.18,0.0,0.0,0.18,0.0,0.0,0.0,70,11,0.172,0.192
2026/04/16 11:32:32,00945,宏利金融－Ｓ,MANULIFE-S,,300.0,7.4,2.52905,292.6,303.2,304.4,297.4,24030,7249412,299.79999,301.0
2026/04/16 11:28:24,00947,摩比发展,MOBI DEV,,0.186,-0.004,-2.10526,0.19,0.186,0.188,0.185,1412000,262745,0.186,0.199
2026/04/16 11:26:27,00948,阿尔法企业,ALPHA PRO HLDGS,,0.335,-0.005,-1.47059,0.34,0.335,0.335,0.335,47000,15080,0.25,0.34
2026/04/16 10:51:08,00950,李氏大药厂,LEE'S PHARM,,1.24,-0.01,-0.8,1.25,1.26,1.28,1.23,172500,214575,1.23,1.25
2026/04/16 11:31:56,00951,超威动力,CHAOWEI POWER,,1.74,0.04,2.35294,1.7,1.7,1.79,1.7,1411000,2481080,1.73,1.75
2026/04/16 09:36:08,00952,华富建业金融,QUAM PLUS FIN,,0.14,0.0,0.0,0.14,0.0,0.0,0.0,10000,1390,0.139,0.145
2026/04/16 11:17:12,00953,邵氏兄弟控股,SHAW BROTHERS,,0.232,-0.004,-1.69492,0.236,0.229,0.238,0.229,478000,111546,0.232,0.239
2026/04/16 09:30:04,00954,常茂生物,CHANGMAO BIO,,0.33,0.0,0.0,0.33,0.0,0.0,0.0,0,0,0.33,0.35
2026/04/16 11:34:31,00956,新天绿色能源,CHINA SUNTIEN,,3.83,0.0,0.0,3.83,3.79,3.83,3.79,1301000,4959709,3.81,3.83
2026/04/16 08:55:00,00959,世纪娱乐国际,CENTURY ENT INT,,0.72,0.0,0.0,0.72,0.0,0.0,0.0,0,0,0.0,0.0
2026/04/16 11:35:28,00960,龙湖集团,LONGFOR GROUP,,8.26,0.18,2.22772,8.08,8.18,8.27,8.05,7599460,62029911,8.25,8.26
2026/04/16 11:35:27,00966,中国太平,CHINA TAIPING,,22.32,0.34,1.54686,21.98,22.1,22.34,21.9,3017719,66680377,22.32,22.34
2026/04/16 11:34:03,00968,信义光能,XINYI SOLAR,,2.94,0.03,1.03093,2.91,2.92,2.96,2.92,18282763,53766818,2.94,2.95
2026/04/16 09:30:42,00969,华联国际,HUA LIEN INT'L,,0.095,0.0,0.0,0.095,0.0,0.0,0.0,0,0,0.09,0.097
2026/04/16 11:21:30,00970,新耀莱,NEW SPARKLEROLL,,0.45,0.01,2.27273,0.44,0.44,0.45,0.44,108000,48580,0.455,0.495
2026/04/16 09:30:03,00974,中国顺客隆,SKL,,0.8,0.0,0.0,0.8,0.0,0.0,0.0,0,0,0.8,0.86
2026/04/16 11:35:13,00975,MONGOL MINING,MONGOL MINING,,10.41,0.04,0.38573,10.37,10.46,10.48,10.31,1074700,11170761,10.39,10.43
2026/04/16 08:55:00,00976,齐合环保,CHIHO ENV,,0.43,0.0,0.0,0.43,0.0,0.0,0.0,0,0,0.0,0.0
2026/04/16 11:17:37,00978,招商局置地,CHI MER LAND,,0.25,0.001,0.40161,0.249,0.243,0.25,0.243,1626000,405008,0.241,0.255
2026/04/16 11:12:24,00979,绿色能源科技集团,GREEN ENERGY GP,,0.285,-0.01,-3.38983,0.295,0.29,0.29,0.285,398000,114430,0.285,0.29
2026/04/16 11:28:06,00980,联华超市,LIANHUA,,0.275,0.0,0.0,0.275,0.275,0.285,0.265,344000,94695,0.275,0.295
2026/04/16 11:35:38,00981,中芯国际,SMIC,,59.35,0.05,0.08432,59.3,59.3,60.15,58.75,21842902,1299503037,59.35,59.4
2026/04/16 10:31:54,00983,瑞安建业,SOCAM DEV,,0.335,-0.005,-1.47059,0.34,0.335,0.335,0.335,6000,2010,0.335,0.37
2026/04/16 11:17:33,00984,永旺,AEON STORES,,0.315,-0.005,-1.5625,0.32,0.315,0.315,0.315,12000,3780,0.315,0.32
2026/04/16 11:33:55,00986,杜甫酒业集团,DUFU LIQUOR GP,,0.044,-0.001,-2.22222,0.045,0.042,0.045,0.041,816000,35530,0.041,0.044
2026/04/16 11:35:19,00987,中国再生能源投资,CH RENEW EN INV,,0.185,0.002,1.0929,0.183,0.185,0.185,0.185,530671,98168,0.183,0.186
2026/04/16 10:07:28,00989,中国长白山国际,CHINA CBS INTL,,0.64,0.0,0.0,0.64,0.0,0.0,0.0,0,0,0.61,0.69
2026/04/16 11:28:43,00990,至源控股,DEEP SOURCE,,0.81,0.0,0.0,0.81,0.82,0.82,0.79,5770000,4620500,0.8,0.81
2026/04/16 11:32:20,00991,大唐发电,DATANG POWER,,2.5,-0.01,-0.39841,2.51,2.51,2.53,2.49,5434000,13605410,2.5,2.51
2026/04/16 11:35:27,00992,联想集团,LENOVO GROUP,,10.81,0.23,2.17391,10.58,10.62,10.84,10.55,33472140,357475911,10.8,10.81
2026/04/16 11:31:20,00993,信控国际资本,XINKONG INT CAP,,0.118,0.0,0.0,0.118,0.0,0.0,0.0,0,0,0.112,0.115
2026/04/16 10:08:54,00994,中天宏信,CT VISION,,0.32,0.0,0.0,0.32,0.0,0.0,0.0,0,0,0.31,0.325
2026/04/16 11:35:07,00995,安徽皖通高速公路,ANHUIEXPRESSWAY,,15.23,-0.15,-0.97529,15.38,15.38,15.71,15.15,868000,13323380,15.18,15.23
2026/04/16 09:00:15,00997,普汇中金国际,CHINLINK INTL,,0.023,0.0,0.0,0.023,0.0,0.0,0.0,0,0,0.021,0.023
2026/04/16 11:34:57,00998,中信银行,CITIC BANK,,8.07,-0.11,-1.34474,8.18,8.2,8.2,8.05,5228120,42352213,8.06,8.07
2026/04/16 11:33:53,00999,小菜园,XIAOCAIYUAN,,6.51,0.03,0.46296,6.48,6.52,6.58,6.47,591200,3850360,6.51,6.54
2026/04/16 11:12:03,01000,北青传媒,BEIJING MEDIA,,0.66,0.0,0.0,0.66,0.66,0.66,0.66,500,330,0.66,0.69
2026/04/16 09:00:10,01001,沪港联合,HK SH ALLIANCE,,0.38,0.0,0.0,0.38,0.0,0.0,0.0,0,0,0.365,0.38
2026/04/16 09:52:31,01002,威铖国际,V.S. INT'L,,0.052,0.0,0.0,0.052,0.0,0.0,0.0,0,0,0.049,0.055
2026/04/16 10:27:00,01003,欢喜传媒,HUANXI MEDIA,,0.233,-0.006,-2.51046,0.239,0.238,0.242,0.233,360000,85160,0.233,0.235
2026/04/16 09:33:56,01004,中国智慧能源,C SMARTERENERGY,,0.325,0.0,0.0,0.325,0.0,0.0,0.0,100,28,0.3,0.345
2026/04/16 11:28:43,01005,MATRIX HOLDINGS,MATRIX HOLDINGS,,0.43,0.0,0.0,0.43,0.0,0.0,0.0,0,0,0.4,0.44
2026/04/16 08:55:00,01007,龙辉国际控股,LONGHUI INTL,,0.07,0.0,0.0,0.07,0.0,0.0,0.0,0,0,0.0,0.0
2026/04/16 10:06:20,01008,力图控股,LITU HOLDINGS,,0.2,0.0,0.0,0.2,0.0,0.0,0.0,0,0,0.194,0.2
2026/04/16 11:04:29,01009,国际娱乐,INT'L ENT,,1.12,0.0,0.0,1.12,1.16,1.16,1.12,70000,80800,1.11,1.16
2026/04/16 11:14:35,01010,天玺曜１１,SKY BLUE 11,,0.073,-0.001,-1.35135,0.074,0.074,0.074,0.073,1302000,95048,0.069,0.074
2026/04/16 11:29:42,01011,泰凌医药,NT PHARMA,,0.58,-0.09,-13.43284,0.67,0.66,0.66,0.55,900000,532600,0.57,0.62
2026/04/16 11:19:26,01013,伟俊集团控股,WAI CHUN GROUP,,1.09,0.0,0.0,1.09,1.09,1.1,0.94,327625,356006,0.99,1.17
2026/04/16 11:33:43,01020,中细软科技,CIPRUN TECH,,0.3,0.0,0.0,0.3,0.295,0.305,0.285,3576000,1044520,0.29,0.3
2026/04/16 11:35:37,01021,华沿机器人,HUAYAN ROBOTICS,,20.2,-0.04,-0.19763,20.24,19.97,20.52,19.88,1577800,31680238,20.14,20.22
2026/04/16 11:14:00,01022,飞鱼科技,FEIYU,,0.51,-0.02,-3.77359,0.53,0.53,0.53,0.51,138000,72180,0.51,0.52
2026/04/16 11:26:09,01023,时代集团控股,SITOY GROUP,,0.49,-0.01,-2.0,0.5,0.5,0.5,0.485,908000,447435,0.49,0.495
2026/04/16 11:35:37,01024,快手－Ｗ,KUAISHOU-W,,46.74,1.08,2.36531,45.66,46.2,46.76,46.16,17332557,805404813,46.72,46.74
2026/04/16 11:20:10,01025,嘉艺控股,KNT HOLDINGS,,0.285,-0.015,-5.0,0.3,0.295,0.295,0.28,1272000,364360,0.28,0.285
2026/04/16 11:32:25,01026,环球实业科技,UNIVERSAL TECH,,0.072,0.003,4.34783,0.069,0.069,0.074,0.069,290000,20430,0.067,0.072
2026/04/16 10:52:49,01027,亚洲策略科技,ASIA STRAT TECH,,3.1,0.0,0.0,3.1,0.0,0.0,0.0,5250,14962,2.9,3.08
2026/04/16 11:28:30,01028,千百度,C.BANNER,,0.7,-0.01,-1.40845,0.71,0.7,0.7,0.7,71000,49700,0.68,0.7
2026/04/16 11:26:54,01029,铁货,IRC,,0.54,0.01,1.88679,0.53,0.53,0.54,0.53,33800,17852,0.54,0.55
2026/04/16 11:34:52,01030,新城发展,SEAZEN,,2.15,-0.01,-0.46296,2.16,2.14,2.17,2.14,3318000,7157880,2.15,2.16
2026/04/16 11:33:40,01033,中石化油服,SINOPEC SSC,,0.84,0.0,0.0,0.84,0.84,0.84,0.83,17495000,14548260,0.83,0.84
2026/04/16 10:16:33,01036,万科海外,VANKE OVERSEAS,,1.85,-0.03,-1.59575,1.88,1.86,1.86,1.85,8945,16540,1.86,1.88
2026/04/16 11:18:21,01037,云智汇科技,MAXNERVA TECH,,0.5,0.02,4.16667,0.48,0.5,0.5,0.5,200000,100000,0.485,0.51
2026/04/16 11:31:40,01038,长江基建集团,CKI HOLDINGS,,65.0,0.1,0.15408,64.9,64.9,65.45,64.8,386381,25151462,65.0,65.05
2026/04/16 09:30:13,01039,畅由国际集团,CHANGYOU INT GP,,0.053,0.0,0.0,0.053,0.0,0.0,0.0,0,0,0.051,0.067
2026/04/16 11:32:31,01044,恒安国际,HENGAN INT'L,,27.04,-0.5,-1.81554,27.54,27.44,27.88,27.02,1177000,32013810,27.02,27.04
2026/04/16 11:33:05,01045,亚太卫星,APT SATELLITE,,3.49,-0.06,-1.69014,3.55,3.55,3.58,3.45,1724000,6058960,3.49,3.5
2026/04/16 09:58:05,01046,寰宇娱乐文化,UNIVERSE ENT,,0.3,-0.005,-1.63934,0.305,0.3,0.3,0.3,6000,1780,0.3,0.315
2026/04/16 09:30:48,01047,毅兴行,NGAI HING HONG,,0.325,0.0,0.0,0.325,0.0,0.0,0.0,0,0,0.315,0.37
2026/04/16 11:32:25,01049,时富投资,CELESTIAL ASIA,,1.3,-0.01,-0.76336,1.31,1.29,1.3,1.29,68000,88280,1.28,1.3
2026/04/16 11:33:29,01050,嘉利国际,KARRIE INT'L,,2.15,-0.07,-3.15315,2.22,2.22,2.22,2.14,1240000,2686580,2.15,2.16
2026/04/16 11:28:15,01051,国际资源,G-RESOURCES,,10.98,0.03,0.27397,10.95,10.99,10.99,10.98,18700,205463,10.95,11.0
2026/04/16 11:24:46,01052,越秀交通基建,YUEXIUTRANSPORT,,4.1,-0.04,-0.96618,4.14,4.14,4.14,4.08,630838,2584053,4.09,4.11
2026/04/16 11:29:22,01053,重庆钢铁股份,CHONGQING IRON,,1.16,0.02,1.75439,1.14,1.15,1.16,1.15,2208000,2537940,1.15,1.16
2026/04/16 11:33:58,01055,中国南方航空股份,CHINA SOUTH AIR,,4.3,0.09,2.13777,4.21,4.26,4.33,4.24,9232000,39613330,4.3,4.31
2026/04/16 11:34:58,01057,浙江世宝,ZHEJIANG SHIBAO,,5.79,0.27,4.8913,5.52,5.62,6.02,5.62,26834000,156414320,5.77,5.79
2026/04/16 10:33:15,01058,南粤控股,NAMYUE HOLDINGS,,0.39,0.02,5.40541,0.37,0.39,0.39,0.39,6000,2340,0.335,0.39
2026/04/16 09:35:58,01059,看通集团,KANTONE HOLDING,,0.405,0.0,0.0,0.405,0.0,0.0,0.0,0,0,0.4,0.425
2026/04/16 11:31:30,01060,大麦娱乐,DAMAI ENT,,0.61,0.01,1.66667,0.6,0.61,0.62,0.6,40880002,24978101,0.61,0.62
2026/04/16 11:31:13,01061,亿胜生物科技,ESSEX BIO-TECH,,3.44,0.06,1.77515,3.38,3.38,3.45,3.38,37000,126820,3.42,3.47
2026/04/16 10:24:38,01062,国开国际投资,CDB INT'L INV,,0.103,0.0,0.0,0.103,0.0,0.0,0.0,0,0,0.097,0.101
2026/04/16 11:14:33,01063,新确科技,SUNCORP TECH,,0.104,0.0,0.0,0.104,0.104,0.104,0.104,50000,5200,0.101,0.104
2026/04/16 10:53:52,01064,中华国际,ZHONG HUA INT'L,,0.079,0.0,0.0,0.079,0.079,0.079,0.079,90000,7110,0.076,0.079
2026/04/16 11:33:06,01065,天津创业环保股份,TIANJIN CAPITAL,,4.29,0.03,0.70423,4.26,4.25,4.29,4.25,66000,281080,4.26,4.28
2026/04/16 11:35:14,01066,威高股份,WEIGAO GROUP,,3.66,0.0,0.0,3.66,3.68,3.69,3.62,11372600,41445146,3.65,3.66
2026/04/16 10:48:09,01068,雨润食品,YURUN FOOD,,0.108,-0.003,-2.7027,0.111,0.108,0.108,0.108,30000,3240,0.108,0.111
2026/04/16 10:23:38,01069,中国健康科技集团,CN HEALTH TECH,,0.38,0.0,0.0,0.38,0.365,0.38,0.365,40200,14823,0.37,0.385
2026/04/16 11:35:10,01070,ＴＣＬ电子,TCL ELECTRONICS,,13.79,0.23,1.69617,13.56,13.7,14.1,13.54,3933000,54597295,13.79,13.8
2026/04/16 11:31:57,01071,华电国际电力股份,HUADIAN POWER,,4.02,0.0,0.0,4.02,4.04,4.04,3.99,3594000,14410640,4.01,4.02
2026/04/16 11:35:07,01072,东方电气,DONGFANG ELEC,,41.74,2.6,6.64282,39.14,39.86,42.64,39.2,12302923,509105503,41.74,41.76
2026/04/16 09:40:52,01073,大禹金融,DA YU FIN,,0.101,0.0,0.0,0.101,0.0,0.0,0.0,1000,95,0.1,0.109
2026/04/16 11:01:04,01075,首都信息,CAPINFO,,2.71,-0.16,-5.57491,2.87,2.73,2.73,2.71,19000,51610,2.74,2.85
2026/04/16 11:00:54,01079,松景科技,PINE TECH,,0.3,0.0,0.0,0.3,0.3,0.3,0.3,226000,67800,0.29,0.315
2026/04/16 10:51:15,01080,胜利管道,SHENGLI PIPE,,0.067,0.0,0.0,0.067,0.066,0.067,0.066,606000,39999,0.066,0.071
2026/04/16 10:17:38,01082,源宇宙教育,BDV EDU INTL,,1.43,0.0,0.0,1.43,0.0,0.0,0.0,0,0,1.4,1.42
2026/04/16 11:29:00,01083,港华智慧能源,TG SMART ENERGY,,3.53,0.02,0.5698,3.51,3.51,3.53,3.47,880000,3080580,3.51,3.53
2026/04/16 11:00:48,01084,绿新生物科技,GREEN FRESH BIO,,0.65,-0.02,-2.98508,0.67,0.65,0.65,0.65,2000,1300,0.65,0.67
2026/04/16 10:27:42,01085,亨鑫科技,HXTL,,1.3,0.02,1.5625,1.28,1.3,1.3,1.3,2000,2600,1.25,1.31
2026/04/16 11:30:58,01086,好孩子国际,GOODBABY INTL,,1.0,-0.01,-0.9901,1.01,1.02,1.03,1.0,125000,125680,1.0,1.01
2026/04/16 10:37:13,01087,威讯控股,INVESTECH HLDGS,,0.48,-0.04,-7.69231,0.52,0.52,0.52,0.47,72000,34940,0.49,0.51
2026/04/16 11:34:50,01088,中国神华,CHINA SHENHUA,,46.02,0.42,0.92105,45.6,45.6,46.1,45.2,5678998,260004445,46.02,46.04
2026/04/16 10:31:30,01090,大明国际,DA MING INT'L,,0.78,0.0,0.0,0.78,0.78,0.78,0.78,52000,40560,0.73,0.78
2026/04/16 11:27:42,01091,南方锰业,SOUTH MANGANESE,,0.6,0.01,1.69492,0.59,0.6,0.61,0.59,1623000,972410,0.59,0.6
2026/04/16 11:35:05,01093,石药集团,CSPC PHARMA,,9.4,-0.04,-0.42373,9.44,9.44,9.45,9.21,26873806,250297204,9.39,9.4
2026/04/16 10:50:08,01094,承辉国际,CHERISH SUN,,0.38,0.0,0.0,0.38,0.0,0.0,0.0,0,0,0.38,0.395
2026/04/16 11:04:42,01097,有线宽频,I-CABLE COMM,,0.055,0.002,3.77359,0.053,0.053,0.055,0.053,580000,31220,0.053,0.055
2026/04/16 10:05:54,01098,路劲,ROAD KING INFRA,,0.63,0.0,0.0,0.63,0.63,0.63,0.63,14000,8820,0.63,0.65
2026/04/16 11:30:54,01099,国药控股,SINOPHARM,,20.76,-0.08,-0.38388,20.84,20.84,21.02,20.66,817980,16992472,20.74,20.76
2026/04/16 11:06:36,01100,飞达控股,MAINLAND HOLD,,1.42,-0.01,-0.6993,1.43,1.42,1.42,1.42,18000,25560,1.42,1.44
2026/04/16 08:55:00,01101,华荣能源,HUARONG ENERGY,,0.02,0.0,0.0,0.02,0.0,0.0,0.0,0,0,0.0,0.0
2026/04/16 11:20:25,01102,环能国际,ENVIRO ENERGY,,0.052,-0.006,-10.34483,0.058,0.055,0.058,0.05,10956000,570202,0.051,0.052
2026/04/16 11:34:22,01104,亚太资源,APAC RESOURCES,,2.58,-0.03,-1.14943,2.61,2.7,2.7,2.57,720000,1867000,2.57,2.59
2026/04/16 09:06:36,01105,星岛,SING TAO,,0.191,0.0,0.0,0.191,0.0,0.0,0.0,0,0,0.186,0.199
2026/04/16 08:55:00,01107,当代置业,MODERN LAND,,0.013,0.0,0.0,0.013,0.0,0.0,0.0,0,0,0.0,0.0
2026/04/16 11:29:57,01108,凯盛新能,TRIUMPH NEW EN,,3.76,0.03,0.80429,3.73,3.75,3.78,3.73,644000,2421100,3.76,3.77
2026/04/16 11:35:17,01109,华润置地,CHINA RES LAND,,31.1,0.42,1.36897,30.68,30.68,31.16,30.66,5847500,180873812,31.08,31.1
2026/04/16 11:19:53,01110,金活医药集团,KINGWORLD,,0.475,-0.015,-3.06122,0.49,0.49,0.49,0.475,412000,199240,0.47,0.475
2026/04/16 10:02:53,01111,华视集团控股,HUASHI GROUP,,0.265,0.0,0.0,0.265,0.265,0.265,0.265,200000,53000,0.255,0.265
2026/04/16 11:34:48,01112,Ｈ＆Ｈ国际控股,H&H INTL HLDG,,12.72,0.2,1.59744,12.52,12.52,12.93,12.52,991000,12666914,12.72,12.73
2026/04/16 11:35:11,01113,长实集团,CK ASSET,,48.22,-0.3,-0.6183,48.52,48.58,48.88,48.12,2148489,104242491,48.2,48.22
2026/04/16 11:35:07,01114,BRILLIANCE CHI,BRILLIANCE CHI,,3.06,0.06,2.0,3.0,3.02,3.08,3.02,12320000,37597852,3.04,3.06
2026/04/16 11:31:06,01115,５１００藏冰川,5100 XIZANG,,0.475,0.0,0.0,0.475,0.48,0.48,0.47,7240000,3437900,0.47,0.475
2026/04/16 11:21:04,01116,慧源同创科技,HC TECH GP,,0.25,0.002,0.80645,0.248,0.25,0.25,0.246,50000,12380,0.245,0.27
2026/04/16 11:35:16,01117,现代牧业,CH MODERN D,,1.45,0.01,0.69444,1.44,1.44,1.46,1.42,4327000,6270430,1.44,1.45
2026/04/16 09:30:10,01118,高力集团,GOLIK HOLDINGS,,1.11,0.0,0.0,1.11,0.0,0.0,0.0,0,0,1.11,1.15
2026/04/16 11:35:02,01119,创梦天地,IDREAMSKY,,0.495,0.01,2.06186,0.485,0.485,0.5,0.475,4978400,2388492,0.49,0.5
2026/04/16 09:31:11,01120,雅视光学,ARTS OPTICAL,,0.9,0.0,0.0,0.9,0.0,0.0,0.0,0,0,0.9,1.04
2026/04/16 11:12:46,01121,金阳新能源,GOLDENSOLAR,,1.23,-0.03,-2.38095,1.26,1.25,1.26,1.22,116000,142820,1.21,1.23
2026/04/16 11:34:53,01122,庆铃汽车股份,QINGLING MOTORS,,1.1,-0.02,-1.78571,1.12,1.13,1.14,1.1,1468000,1650120,1.1,1.12
2026/04/16 11:17:23,01123,中港照相,CHINA-HK PHOTO,,0.112,0.0,0.0,0.112,0.112,0.112,0.112,186000,20832,0.113,0.115
2026/04/16 11:23:11,01124,沿海家园,COASTAL GL,,0.209,0.003,1.45631,0.206,0.208,0.214,0.207,81000,16946,0.209,0.215
2026/04/16 09:50:33,01125,丽丰控股,LAI FUNG HOLD,,0.9,0.0,0.0,0.9,0.0,0.0,0.0,0,0,0.86,1.08
2026/04/16 11:32:33,01126,德林国际,DREAM INT'L,,7.5,-0.02,-0.26596,7.52,7.53,7.56,7.45,338500,2545070,7.49,7.51
2026/04/16 11:14:34,01127,狮子山集团,LION ROCK GROUP,,1.28,-0.01,-0.77519,1.29,1.29,1.29,1.28,20000,25640,1.28,1.29
2026/04/16 11:31:46,01128,永利澳门,WYNN MACAU,,5.72,0.05,0.88183,5.67,5.65,5.73,5.6,987200,5624985,5.71,5.72
2026/04/16 09:44:33,01129,中国水业集团,WATER INDUSTRY,,0.395,0.0,0.0,0.395,0.0,0.0,0.0,0,0,0.38,0.445
2026/04/16 11:08:11,01130,中国环境资源,CHINA ENV RES,,0.63,-0.02,-3.07692,0.65,0.63,0.63,0.63,60000,37800,0.63,0.64
2026/04/16 11:12:35,01132,橙天嘉禾,ORANGE SKY G H,,0.061,-0.002,-3.1746,0.063,0.06,0.061,0.059,590000,35380,0.058,0.062
2026/04/16 11:34:38,01133,哈尔滨电气,HARBIN ELECTRIC,,21.9,1.12,5.3898,20.78,20.98,22.16,20.48,7088500,153048628,21.86,21.94
2026/04/16 11:13:36,01134,恒发光学,KELFRED,,0.275,-0.015,-5.17241,0.29,0.27,0.275,0.27,344000,93040,0.26,0.28
2026/04/16 10:40:05,01137,香港科技探索,HK TECH VENTURE,,1.23,0.01,0.81967,1.22,1.22,1.23,1.22,100000,122810,1.2,1.23
2026/04/16 11:35:07,01138,中远海能,COSCO SHIP ENGY,,18.18,-0.45,-2.41546,18.63,18.63,18.94,18.02,14254138,259951420,18.18,18.19
2026/04/16 11:35:10,01140,华科智能投资,HK.AI CAPITAL,,0.209,-0.007,-3.24074,0.216,0.224,0.233,0.208,9876000,2199088,0.213,0.218
2026/04/16 11:35:00,01141,民银资本,CMBC CAPITAL,,1.97,0.1,5.34759,1.87,1.94,2.04,1.86,1243000,2435420,1.97,1.99
2026/04/16 11:35:07,01142,能源及能量环球,E&P GLOBAL,,0.117,0.002,1.73913,0.115,0.115,0.119,0.113,57482000,6709950,0.116,0.117
2026/04/16 10:39:06,01143,中国储能科技发展,CN ENGY STORAGE,,0.39,0.0,0.0,0.39,0.39,0.39,0.39,605000,235930,0.385,0.39
2026/04/16 09:41:51,01145,勇利投资,COURAGE INV,,0.156,0.0,0.0,0.156,0.0,0.0,0.0,0,0,0.154,0.164
2026/04/16 11:24:01,01146,汇成国际控股,HUICHENG INTL H,,0.05,0.004,8.69565,0.046,0.049,0.05,0.047,552000,26710,0.048,0.05
2026/04/16 10:45:25,01147,伊登软件,EDENSOFT,,0.118,0.001,0.8547,0.117,0.118,0.118,0.118,210000,24780,0.114,0.119
2026/04/16 11:34:39,01148,新晨动力,POWER XINCHEN,,0.25,-0.005,-1.96078,0.255,0.25,0.255,0.25,172000,43005,0.25,0.255
2026/04/16 09:30:46,01150,米兰站,MILAN STATION,,0.129,0.0,0.0,0.129,0.0,0.0,0.0,0,0,0.112,0.129
2026/04/16 11:20:41,01152,正乾金融控股,MOMENTUM FIN,,0.275,0.01,3.77359,0.265,0.275,0.275,0.265,2360000,647390,0.26,0.275
2026/04/16 11:34:27,01153,佳源服务,JIAYUAN SER,,0.335,0.07,26.41509,0.265,0.3,0.39,0.3,1837000,646180,0.33,0.335
2026/04/16 11:07:25,01156,CHINANEWENERGY,CHINANEWENERGY,,0.202,-0.002,-0.98039,0.204,0.202,0.202,0.202,113902,23000,0.2,0.202
2026/04/16 11:35:08,01157,中联重科,ZOOMLION,,8.53,-0.42,-4.69274,8.95,8.92,8.96,8.45,12160500,104521277,8.52,8.53
2026/04/16 11:22:20,01159,智数科技集团,SMART DIGI TECH,,2.45,-0.03,-1.20968,2.48,2.48,2.48,2.44,78000,192580,2.36,2.45
2026/04/16 09:35:05,01160,金石资本集团,GOLDSTONE CAP,,0.6,0.0,0.0,0.6,0.0,0.0,0.0,0,0,0.35,0.62
2026/04/16 09:46:55,01161,奥思集团,WATER OASIS GP,,1.04,0.0,0.0,1.04,1.04,1.04,1.04,22000,22880,1.04,1.05
2026/04/16 11:28:15,01162,莹岚集团,LUMINA GROUP,,0.18,-0.003,-1.63934,0.183,0.179,0.181,0.176,3960000,704048,0.174,0.18
2026/04/16 11:34:08,01163,虎视传媒,ADTIGER CORP,,0.16,-0.003,-1.84049,0.163,0.16,0.16,0.16,175000,28000,0.155,0.16
2026/04/16 11:34:56,01164,中广核矿业,CGN MINING,,4.44,0.22,5.21327,4.22,4.36,4.48,4.28,22812000,100591710,4.43,4.44
2026/04/16 08:55:00,01165,顺风清洁能源,SFCE,,0.024,0.0,0.0,0.024,0.0,0.0,0.0,0,0,0.0,0.0
2026/04/16 09:31:05,01166,星凯控股,SOLARTECH INT'L,,0.495,0.0,0.0,0.495,0.0,0.0,0.0,0,0,0.465,0.53
2026/04/16 11:34:35,01167,加科思－Ｂ,JACOBIO-B,,8.09,0.09,1.125,8.0,8.1,8.26,8.0,2778300,22542213,8.08,8.09
2026/04/16 11:18:36,01168,Z FIN,Z FIN,,4.13,0.06,1.4742,4.07,4.08,4.17,4.08,35000,144820,4.1,4.13
2026/04/16 09:34:41,01170,信星集团,KINGMAKER,,0.465,0.0,0.0,0.465,0.0,0.0,0.0,0,0,0.46,0.485
2026/04/16 11:34:50,01171,兖矿能源,YANKUANG ENERGY,,14.75,0.05,0.34014,14.7,14.92,14.92,14.56,8137130,119611952,14.74,14.75
2026/04/16 09:30:45,01172,融太集团,MAGNUSCONCORDIA,,0.021,0.0,0.0,0.021,0.0,0.0,0.0,0,0,0.02,0.021
2026/04/16 09:00:08,01173,威高国际,VEEKO INT'L,,0.031,0.0,0.0,0.031,0.0,0.0,0.0,0,0,0.028,0.031
2026/04/16 08:55:00,01176,珠光控股,ZHUGUANG HOLD,,0.027,0.0,0.0,0.027,0.0,0.0,0.0,0,0,0.0,0.0
2026/04/16 11:35:12,01177,中国生物制药,SBP GROUP,,6.03,-0.14,-2.26904,6.17,6.17,6.17,6.01,28287480,171392614,6.03,6.04
2026/04/16 11:34:48,01179,华住集团－Ｓ,HWORLD-S,,42.04,1.42,3.49582,40.62,41.62,42.08,41.5,812127,33596923,42.0,42.04
2026/04/16 11:08:19,01180,汇彩控股,PARADISE ENT,,0.5,0.0,0.0,0.5,0.5,0.5,0.5,16000,8000,0.5,0.51
2026/04/16 10:37:03,01181,唐宫中国,TANG PALACE,,0.155,0.0,0.0,0.155,0.155,0.155,0.154,346000,53628,0.155,0.164
2026/04/16 11:28:42,01182,胜龙国际,SUCCESS DRAGON,,0.85,0.0,0.0,0.85,0.0,0.0,0.0,0,0,0.81,0.88
2026/04/16 11:32:58,01183,澳能建设,MECOM POWER,,0.162,0.0,0.0,0.162,0.0,0.0,0.0,28000,4468,0.16,0.161
2026/04/16 11:33:28,01184,S.A.S. DRAGON,S.A.S. DRAGON,,5.15,0.15,3.0,5.0,5.03,5.15,5.03,52000,264600,5.05,5.15
2026/04/16 11:23:59,01186,中国铁建,CHINA RAIL CONS,,5.48,-0.02,-0.36364,5.5,5.5,5.51,5.47,4078155,22396060,5.48,5.49
2026/04/16 08:55:00,01188,正道集团,HYBRID KINETIC,,0.012,0.0,0.0,0.012,0.0,0.0,0.0,0,0,0.0,0.0
2026/04/16 11:34:51,01193,华润燃气,CHINA RES GAS,,18.86,0.1,0.53305,18.76,18.76,18.92,18.7,1340700,25257671,18.86,18.88
2026/04/16 11:12:09,01195,京维集团,KINGWELL GROUP,,0.02,0.002,11.11111,0.018,0.018,0.02,0.018,144000,2872,0.018,0.019
2026/04/16 11:32:31,01196,伟禄集团,REALORD GROUP,,11.28,0.15,1.34771,11.13,11.15,11.28,11.01,270000,3010540,11.19,11.28
2026/04/16 09:41:15,01198,皇朝家居,ROYALE HOME,,0.104,0.0,0.0,0.104,0.0,0.0,0.0,0,0,0.095,0.104
2026/04/16 11:29:07,01199,中远海运港口,COSCO SHIP PORT,,5.18,0.05,0.97466,5.13,5.14,5.18,5.1,1516000,7779480,5.18,5.19
2026/04/16 11:32:58,01200,美联集团,MIDLAND HOLDING,,3.06,-0.01,-0.32573,3.07,3.09,3.09,3.02,210000,638540,3.05,3.08
2026/04/16 11:15:43,01201,天臣控股,TESSON HOLDINGS,,2.22,0.0,0.0,2.22,0.0,0.0,0.0,3000,6660,2.14,2.22
2026/04/16 11:32:36,01202,四威科技,SIWI SCI & TECH,,1.24,-0.06,-4.61539,1.3,1.25,1.27,1.24,128000,159820,1.24,1.26
2026/04/16 11:13:27,01203,广南（集团）,GUANGNAN (HOLD),,0.65,0.0,0.0,0.65,0.65,0.65,0.65,100000,65000,0.63,0.65
2026/04/16 10:56:21,01204,博维智慧,BOARDWARE INTEL,,1.8,0.0,0.0,1.8,0.0,0.0,0.0,0,0,0.0,2.0
2026/04/16 11:31:08,01205,中信资源,CITIC RESOURCES,,0.55,-0.01,-1.78571,0.56,0.55,0.56,0.54,1894000,1042600,0.54,0.56
2026/04/16 10:57:29,01206,同方泰德,TECHNOVATOR,,0.249,0.0,0.0,0.249,0.0,0.0,0.0,0,0,0.222,0.241
2026/04/16 11:34:29,01208,五矿资源,MMG,,8.62,0.11,1.2926,8.51,8.51,8.65,8.49,7759998,66564686,8.61,8.62
2026/04/16 11:35:12,01209,华润万象生活,CHINA RES MIXC,,48.04,-0.18,-0.37329,48.22,48.28,48.52,47.68,865753,41531581,48.0,48.04
2026/04/16 11:35:16,01211,比亚迪股份,BYD COMPANY,,112.1,4.8,4.47344,107.3,108.5,112.6,108.2,15420969,1713216058,112.0,112.1
2026/04/16 09:01:39,01213,万保刚集团,MOBICON GROUP,,0.41,0.0,0.0,0.41,0.0,0.0,0.0,0,0,0.41,0.44
2026/04/16 09:33:48,01215,开源控股,KAI YUAN HLDGS,,0.022,0.0,0.0,0.022,0.0,0.0,0.0,0,0,0.021,0.022
2026/04/16 10:23:33,01216,中原银行,ZYBANK,,0.33,0.0,0.0,0.33,0.33,0.33,0.33,624000,205920,0.325,0.33
2026/04/16 11:09:36,01217,中国创新投资,CH INNOVATION,,0.012,0.0,0.0,0.012,0.012,0.012,0.012,2160000,25920,0.012,0.013
2026/04/16 09:30:00,01218,永义国际,EASYKNIT INT'L,,2.9,0.0,0.0,2.9,0.0,0.0,0.0,0,0,2.9,3.04
2026/04/16 08:55:00,01220,志道国际,ZHIDAO INT'L,,0.056,0.0,0.0,0.056,0.0,0.0,0.0,0,0,0.0,0.0
2026/04/16 09:30:09,01221,SINO HOTELS,SINO HOTELS,,1.64,0.0,0.0,1.64,0.0,0.0,0.0,0,0,1.62,1.7
2026/04/16 11:11:59,01222,WANG ON GROUP,WANG ON GROUP,,0.02,-0.001,-4.76191,0.021,0.02,0.022,0.02,4252928,87233,0.02,0.021
2026/04/16 11:03:36,01223,新沣集团,SYMPHONY HOLD,,1.35,0.0,0.0,1.35,1.35,1.35,1.34,1960000,2636300,1.34,1.35
2026/04/16 09:00:00,01224,中渝置地,C C LAND,,1.2,0.0,0.0,1.2,0.0,0.0,0.0,0,0,1.2,0.0
2026/04/16 10:09:23,01225,隆成金融,LERADO FIN,,0.171,0.0,0.0,0.171,0.0,0.0,0.0,5160,748,0.153,0.164
2026/04/16 09:00:10,01226,中国投融资,CH INV FIN GP,,0.89,0.0,0.0,0.89,0.0,0.0,0.0,0,0,0.85,0.0
2026/04/16 11:03:43,01228,北海康成－Ｂ,CANBRIDGE-B,,2.65,0.02,0.76046,2.63,2.61,2.65,2.58,586000,1530870,2.62,2.65
2026/04/16 11:06:59,01229,南南资源,NAN NAN RES,,0.207,0.0,0.0,0.207,0.207,0.207,0.207,6000,1242,0.201,0.206
2026/04/16 09:30:49,01231,新矿资源,NEWTON RES,,0.3,0.0,0.0,0.3,0.0,0.0,0.0,0,0,0.295,0.325
2026/04/16 10:58:09,01232,金轮天地控股,GW TIANDI,,0.34,0.0,0.0,0.34,0.0,0.0,0.0,0,0,0.33,0.415
2026/04/16 11:29:16,01233,时代中国控股,TIMES CHINA,,0.057,0.001,1.78571,0.056,0.056,0.058,0.055,704000,40302,0.056,0.057
2026/04/16 11:13:36,01234,中国利郎,CHINA LILANG,,3.84,0.01,0.2611,3.83,3.84,3.84,3.82,23000,88180,3.81,3.84
2026/04/16 11:00:01,01235,专业旅运,TRAVEL EXPERT,,0.172,-0.004,-2.27273,0.176,0.173,0.173,0.172,50000,8640,0.175,0.181
2026/04/16 09:32:20,01237,中科生物,CH ENV TECH&BIO,,0.73,0.0,0.0,0.73,0.0,0.0,0.0,0,0,0.7,0.79
2026/04/16 11:33:05,01238,宝龙地产,POWERLONG,,0.247,0.003,1.22951,0.244,0.255,0.255,0.228,616000,149385,0.232,0.247
2026/04/16 09:31:27,01239,TEAMWAY INTL GP,TEAMWAY INTL GP,,0.295,0.0,0.0,0.295,0.0,0.0,0.0,0,0,0.265,0.3
2026/04/16 11:08:56,01240,青建国际,CNQC INT'L,,0.16,0.0,0.0,0.16,0.0,0.0,0.0,0,0,0.149,0.155
2026/04/16 10:25:17,01241,双桦控股,SHUANGHUA H,,0.179,0.0,0.0,0.179,0.0,0.0,0.0,0,0,0.172,0.182
2026/04/16 09:46:44,01243,宏安地产,WANG ON PPT,,0.034,0.0,0.0,0.034,0.0,0.0,0.0,0,0,0.032,0.033
2026/04/16 10:57:06,01244,思路迪医药股份,3D MEDICINES,,3.67,0.0,0.0,3.67,0.0,0.0,0.0,0,0,3.69,3.79
2026/04/16 11:17:53,01245,NIRAKU,NIRAKU,,0.18,0.01,5.88235,0.17,0.175,0.18,0.175,1194000,214628,0.18,0.19
2026/04/16 08:55:00,01246,保集健康,BOILLHEALTHCARE,,0.021,0.0,0.0,0.021,0.0,0.0,0.0,0,0,0.0,0.0
2026/04/16 11:09:08,01247,米格国际控股,MIKO INTL,,1.68,0.02,1.20482,1.66,1.68,1.68,1.67,66000,110820,1.66,1.69
2026/04/16 11:25:57,01250,山高新能源,SDHS NEW ENERGY,,1.65,0.05,3.125,1.6,1.65,1.65,1.64,5600,9188,1.6,1.63
2026/04/16 10:49:32,01251,华油能源,SPT ENERGY,,0.247,0.005,2.06612,0.242,0.247,0.25,0.247,306000,76030,0.246,0.255
2026/04/16 08:55:00,01252,中国天瑞水泥,CHINA TIANRUI,,0.24,0.0,0.0,0.24,0.0,0.0,0.0,0,0,0.0,0.0
2026/04/16 09:30:02,01253,绿博生态,GREEN BROAD,,0.156,0.0,0.0,0.156,0.0,0.0,0.0,0,0,0.143,0.156
2026/04/16 11:20:12,01255,ＴＡＴＡ健康,TATA HEALTH,,1.9,0.09,4.97238,1.81,1.6,1.9,1.6,20000,36600,1.73,1.92
2026/04/16 11:09:20,01257,中国光大绿色环保,CEB GREENTECH,,0.87,0.0,0.0,0.87,0.87,0.87,0.87,50000,43500,0.86,0.88
2026/04/16 11:34:30,01258,中国有色矿业,CHINFMINING,,13.89,0.18,1.31291,13.71,13.71,13.98,13.63,4399000,60505468,13.86,13.89
2026/04/16 09:04:04,01259,未来发展控股,PROSPER FUTURE,,0.032,0.0,0.0,0.032,0.0,0.0,0.0,0,0,0.032,0.034
2026/04/16 10:54:07,01260,皓天财经集团,WONDERFUL SKY,,0.445,-0.01,-2.1978,0.455,0.445,0.445,0.445,8000,3560,0.445,0.46
2026/04/16 09:30:37,01262,蜡笔小新食品,LABIXIAOXIN,,3.7,0.0,0.0,3.7,0.0,0.0,0.0,0,0,3.64,3.8
2026/04/16 09:42:44,01265,天津津燃公用,TIANJINJINRAN,,0.217,0.0,0.0,0.217,0.0,0.0,0.0,0,0,0.208,0.22
2026/04/16 11:12:54,01268,美东汽车,MEIDONG AUTO,,1.2,0.04,3.44828,1.16,1.17,1.2,1.16,208471,246485,1.19,1.21
2026/04/16 11:14:25,01269,首控集团,FIRST CAP GP,,0.032,-0.004,-11.11111,0.036,0.037,0.037,0.032,80000,2700,0.033,0.036
2026/04/16 11:18:44,01270,朗廷－ＳＳ,LANGHAM-SS,,0.56,0.0,0.0,0.56,0.56,0.56,0.55,56666,31632,0.56,0.57
2026/04/16 10:36:12,01271,佳明集团控股,GRAND MING,,0.54,0.02,3.84615,0.52,0.54,0.54,0.54,1000,540,0.5,0.52
2026/04/16 10:14:39,01272,大唐环境,DATANG ENVIRO,,1.27,0.0,0.0,1.27,0.0,0.0,0.0,0,0,1.27,1.3
2026/04/16 11:12:57,01273,香港信贷,HK FINANCE GP,,0.59,0.0,0.0,0.59,0.0,0.0,0.0,0,0,0.58,0.6
2026/04/16 11:32:03,01274,知行科技,IMOTIONTECH,,3.65,0.1,2.8169,3.55,3.77,3.77,3.58,231800,841492,3.65,3.71
2026/04/16 11:34:49,01276,恒瑞医药,HENGRUI PHARMA,,68.05,-0.25,-0.36603,68.3,69.1,69.3,67.45,1450700,98971875,68.0,68.1
2026/04/16 11:25:55,01277,力量发展,KINETIC DEV,,1.96,-0.04,-2.0,2.0,2.0,2.01,1.94,6044000,11827880,1.96,1.97
2026/04/16 10:33:29,01278,中国新城镇,CHINANEWTOWN,,0.085,0.005,6.25,0.08,0.082,0.085,0.08,890000,75160,0.08,0.084
2026/04/16 11:31:48,01280,奇点国峰,QIDIAN GUOFENG,,2.05,-0.01,-0.48544,2.06,2.0,2.05,2.0,812000,1636880,2.03,2.06
2026/04/16 09:34:22,01281,鑫达投资控股,XINDA INV HLDGS,,0.102,0.0,0.0,0.102,0.0,0.0,0.0,0,0,0.098,0.107
2026/04/16 10:37:28,01282,中泽丰,RENZE HARVEST,,0.103,-0.001,-0.96154,0.104,0.103,0.103,0.103,800000,82400,0.096,0.104
2026/04/16 11:04:12,01283,高陞集团控股,ACCEL GROUP,,1.53,0.04,2.68456,1.49,1.52,1.53,1.52,35000,53150,1.49,1.52
2026/04/16 11:11:27,01284,新传企划,NEW MEDIA LAB,,0.375,0.0,0.0,0.375,0.375,0.375,0.375,30000,11250,0.365,0.375
2026/04/16 10:19:04,01285,嘉士利集团,JIASHILI GP,,1.13,-0.02,-1.73913,1.15,1.13,1.13,1.13,20000,22600,1.13,1.15
2026/04/16 11:34:02,01286,鹰普精密,IMPRO PRECISION,,9.53,-0.17,-1.75258,9.7,9.7,9.78,9.44,1318000,12532210,9.5,9.55
2026/04/16 11:35:11,01288,农业银行,ABC,,6.02,0.02,0.33333,6.0,5.99,6.02,5.96,32560182,195165444,6.01,6.02
2026/04/16 11:32:21,01289,盛力达科技,SUNLIT SCI,,2.35,-0.06,-2.48963,2.41,2.31,2.35,2.31,4500,10765,2.35,2.52
2026/04/16 09:57:41,01290,中国汇融,CHINA HUIRONG,,0.54,0.0,0.0,0.54,0.0,0.0,0.0,0,0,0.51,0.54
2026/04/16 09:30:28,01292,长安民生物流,CMA LOGISTICS,,2.99,0.0,0.0,2.99,0.0,0.0,0.0,0,0,2.7,3.17
2026/04/16 08:55:00,01293,广汇宝信,GRAND BAOXIN,,0.086,0.0,0.0,0.086,0.0,0.0,0.0,0,0,0.0,0.0
2026/04/16 08:55:00,01298,云能国际,YUNNAN ENERGY,,0.95,0.0,0.0,0.95,0.0,0.0,0.0,0,0,0.0,0.0
2026/04/16 11:35:13,01299,友邦保险,AIA,,84.3,0.45,0.53667,83.85,85.1,85.45,83.85,13523999,1142971346,84.3,84.35
2026/04/16 11:29:35,01300,俊知集团,TRIGIANT,,0.96,-0.03,-3.0303,0.99,0.97,0.97,0.96,166000,160460,0.96,0.98
2026/04/16 10:08:01,01301,德基科技控股,D&G TECH,,0.315,0.0,0.0,0.315,0.0,0.0,0.0,0,0,0.32,0.375
2026/04/16 11:33:44,01302,先健科技,LIFETECH SCI,,1.86,0.0,0.0,1.86,1.88,1.91,1.85,12634000,23737780,1.86,1.87
2026/04/16 09:30:09,01303,汇力资源,HUILI RES,,0.24,0.0,0.0,0.24,0.0,0.0,0.0,0,0,0.0,0.285
2026/04/16 11:33:51,01304,FORTIOR,FORTIOR,,120.3,4.4,3.79638,115.9,117.8,127.8,117.8,417800,51408865,120.0,120.6
2026/04/16 10:32:23,01305,伟志控股,WAI CHI HOLD,,0.61,0.0,0.0,0.61,0.0,0.0,0.0,0,0,0.61,0.64
2026/04/16 11:30:54,01308,海丰国际,SITC,,34.66,-0.46,-1.3098,35.12,35.2,35.88,34.64,941277,32919528,34.64,34.66
2026/04/16 11:34:32,01310,香港宽频,HKBN,,8.12,-0.12,-1.45631,8.24,8.23,8.23,8.1,815000,6632355,8.12,8.14
2026/04/16 09:30:27,01312,华控康泰,KONTA CHINA,,0.03,0.0,0.0,0.03,0.0,0.0,0.0,0,0,0.028,0.03
2026/04/16 11:34:36,01313,华润建材科技,CR BLDG MAT TEC,,1.54,-0.02,-1.28205,1.56,1.57,1.57,1.54,1286000,1989520,1.54,1.55
2026/04/16 11:26:46,01314,翠华控股,TSUI WAH HLDG,,0.161,0.01,6.62252,0.151,0.151,0.161,0.151,12000,1832,0.152,0.159
2026/04/16 09:43:14,01315,绿色经济,GREEN ECONOMY,,0.1,0.0,0.0,0.1,0.0,0.0,0.0,0,0,0.094,0.106
2026/04/16 11:35:03,01316,耐世特,NEXTEER,,5.32,0.08,1.52672,5.24,5.36,5.42,5.24,16610726,87993455,5.31,5.32
2026/04/16 10:31:57,01317,枫叶教育,MAPLELEAF EDU,,0.255,0.005,2.0,0.25,0.255,0.255,0.25,488000,122610,0.25,0.255
2026/04/16 11:33:29,01318,毛戈平,MAO GEPING,,74.1,0.45,0.611,73.65,73.95,74.8,72.5,549900,40507695,73.95,74.1
2026/04/16 09:41:53,01319,霭华押业信贷,OIWAHPAWN,,0.28,0.0,0.0,0.28,0.0,0.0,0.0,0,0,0.275,0.29
2026/04/16 09:58:02,01321,中国新城市,CHINA NEWCITY,,0.77,0.0,0.0,0.77,0.0,0.0,0.0,0,0,0.7,0.77
2026/04/16 10:50:45,01323,华盛国际控股,HUASHENG INTL,,0.132,0.0,0.0,0.132,0.0,0.0,0.0,10000,1100,0.12,0.131
2026/04/16 08:55:00,01326,传递娱乐,TRANSMIT ENT,,0.027,0.0,0.0,0.027,0.0,0.0,0.0,0,0,0.0,0.0
2026/04/16 10:17:13,01327,励时集团,LUXXU GROUP,,0.76,0.0,0.0,0.76,0.0,0.0,0.0,0,0,0.66,0.76
2026/04/16 11:05:37,01328,金涌投资,GOLDSTREAM INV,,3.18,0.0,0.0,3.18,3.18,3.18,3.05,24800,77570,3.1,3.25
2026/04/16 11:34:56,01330,绿色动力环保,DYNAGREEN ENV,,5.86,0.02,0.34247,5.84,5.95,5.95,5.77,269000,1570490,5.82,5.86
2026/04/16 11:07:24,01332,透云生物,TOUYUN BIOTECH,,0.16,0.009,5.96027,0.151,0.16,0.162,0.155,1400000,224280,0.156,0.159
2026/04/16 11:35:12,01333,博雷顿,BRETON,,20.7,-0.5,-2.35849,21.2,21.1,21.1,20.5,287000,5926456,20.68,20.72
2026/04/16 11:28:13,01334,瑞昌国际控股,RUICHANG INTL,,1.9,-0.01,-0.52356,1.91,1.91,1.95,1.87,460000,879775,1.88,1.9
2026/04/16 11:05:55,01335,顺泰控股,SHEEN TAI,,0.116,0.002,1.75439,0.114,0.106,0.116,0.106,60000,6560,0.111,0.115
2026/04/16 11:35:06,01336,新华保险,NCI,,48.6,1.12,2.35889,47.48,47.46,48.7,47.46,3152424,151564157,48.58,48.6
2026/04/16 11:30:19,01338,霸王集团,BAWANG GROUP,,0.03,0.0,0.0,0.03,0.03,0.03,0.03,4000,120,0.028,0.029
2026/04/16 11:35:16,01339,中国人民保险集团,PICC GROUP,,5.44,0.07,1.30354,5.37,5.38,5.45,5.35,19766000,106415641,5.44,5.45
2026/04/16 11:13:36,01340,惠生国际,HUISHENG INTL,,0.051,-0.001,-1.92308,0.052,0.054,0.055,0.051,396000,21140,0.051,0.053
2026/04/16 11:32:08,01341,昊天国际建投,HAO TIAN INTL,,0.028,0.0,0.0,0.028,0.028,0.028,0.027,36824000,1026176,0.027,0.028
2026/04/16 11:09:43,01343,伟源控股,WEI YUAN HLDG,,0.14,0.0,0.0,0.14,0.138,0.14,0.138,55000,7680,0.137,0.14
2026/04/16 09:30:16,01345,上海先锋控股,SH PIONEER HLDG,,2.22,0.0,0.0,2.22,0.0,0.0,0.0,0,0,2.2,2.26
2026/04/16 11:19:31,01346,利华控股集团,LEVER STYLE,,1.48,0.01,0.68027,1.47,1.49,1.49,1.48,168000,248800,1.47,1.48
2026/04/16 11:35:04,01347,华虹半导体,HUA HONG SEMI,,90.9,0.5,0.5531,90.4,91.05,92.55,89.95,6355133,580110314,90.85,90.9
2026/04/16 11:34:47,01348,滉达富控股,QUALI-SMART,,0.217,-0.031,-12.5,0.248,0.248,0.244,0.209,14188000,3176386,0.214,0.218
2026/04/16 11:34:36,01349,复旦张江,FUDANZHANGJIANG,,2.87,0.02,0.70175,2.85,2.85,2.89,2.83,611000,1738740,2.86,2.87
2026/04/16 11:15:49,01351,辉煌明天,BRIGHT FUTURE,,0.33,-0.005,-1.49254,0.335,0.34,0.34,0.33,339200,113140,0.33,0.34
2026/04/16 10:21:58,01354,经发物业,KINGFARPROPERTY,,3.1,0.27,9.54064,2.83,2.83,3.1,2.83,36900,112620,2.91,3.07
2026/04/16 10:38:34,01355,朸浚国际,LEGEND STRAT,,0.13,0.0,0.0,0.13,0.138,0.14,0.13,400000,54800,0.131,0.14
2026/04/16 11:35:12,01357,美图公司,MEITU,,4.73,0.27,6.05381,4.46,4.54,4.82,4.52,63217510,295815553,4.72,4.73
2026/04/16 10:25:48,01358,普华和顺,PW MEDTECH,,1.16,0.01,0.86957,1.15,1.16,1.16,1.16,243000,281880,1.16,1.17
2026/04/16 11:29:18,01359,中国信达,CHINA CINDA,,1.13,0.01,0.89286,1.12,1.12,1.14,1.12,26794000,30192900,1.13,1.14
2026/04/16 11:30:48,01361,３６１度,361 DEGREES,,6.69,-0.08,-1.18168,6.77,6.7,6.88,6.69,2225000,15117637,6.68,6.7
2026/04/16 10:08:37,01362,新龙移动,SIS MOBILE,,0.79,0.0,0.0,0.79,0.0,0.0,0.0,0,0,0.72,0.79
2026/04/16 11:35:39,01364,古茗,GUMING,,26.32,-0.66,-2.44626,26.98,27.06,27.34,26.24,1746400,46376562,26.3,26.32
2026/04/16 11:35:39,01368,特步国际,XTEP INT'L,,4.56,0.01,0.21978,4.55,4.6,4.61,4.53,6071000,27705945,4.56,4.57
2026/04/16 09:01:10,01370,奥威控股,AOWEI HOLDING,,0.244,0.0,0.0,0.244,0.0,0.0,0.0,0,0,0.0,0.265
2026/04/16 11:31:12,01371,中国生态旅游,CHINA ECOTOUR,,0.169,-0.006,-3.42857,0.175,0.175,0.175,0.169,60000,10200,0.162,0.169
2026/04/16 10:58:38,01372,中国碳中和,C CARBONNEUTRAL,,1.13,0.01,0.89286,1.12,1.11,1.13,1.1,274000,304790,1.12,1.13
2026/04/16 11:20:11,01373,国际家居零售,IH RETAIL,,0.79,-0.01,-1.25,0.8,0.8,0.81,0.79,148000,118880,0.79,0.8
2026/04/16 11:34:43,01375,中州证券,CC SECURITIES,,1.95,0.04,2.09424,1.91,1.94,1.97,1.93,5429000,10580280,1.95,1.96
2026/04/16 08:55:00,01376,RAFFLESINTERIOR,RAFFLESINTERIOR,,0.096,0.0,0.0,0.096,0.0,0.0,0.0,0,0,0.0,0.0
2026/04/16 11:35:26,01378,中国宏桥,CHINAHONGQIAO,,39.28,1.04,2.71967,38.24,38.82,39.32,38.8,8717693,340471106,39.26,39.28
2026/04/16 09:30:23,01379,温岭工量刃具,WENLING MCT,,2.78,0.0,0.0,2.78,0.0,0.0,0.0,0,0,2.78,0.0
2026/04/16 11:24:48,01380,中国金石,CHI KINGSTONE,,0.63,-0.01,-1.5625,0.64,0.63,0.63,0.62,540000,337900,0.63,0.64
2026/04/16 11:35:36,01382,互太纺织,PACIFICTEXTILES,,1.13,0.01,0.89286,1.12,1.12,1.13,1.12,145000,163110,1.12,1.13
2026/04/16 11:35:48,01384,滴普科技,DEEPEXI TECH,,77.45,14.15,22.35387,63.3,62.9,79.5,62.45,22885672,1617631468,77.45,77.9
2026/04/16 11:35:34,01385,上海复旦,SHANGHAI FUDAN,,40.48,0.64,1.60643,39.84,40.96,40.96,39.68,1283000,51980900,40.46,40.5
2026/04/16 09:34:39,01388,安莉芳控股,EMBRY HOLDINGS,,0.36,0.0,0.0,0.36,0.0,0.0,0.0,0,0,0.345,0.38
2026/04/16 10:33:57,01389,美捷汇控股,MAJOR HLDGS,,0.37,0.0,0.0,0.37,0.0,0.0,0.0,0,0,0.355,0.37
2026/04/16 11:15:03,01393,恒鼎实业,HIDILI INDUSTRY,,0.065,-0.002,-2.98508,0.067,0.065,0.065,0.065,2106000,136890,0.065,0.067
2026/04/16 10:58:07,01395,强泰环保,ELL ENV,,0.164,0.0,0.0,0.164,0.0,0.0,0.0,0,0,0.158,0.19
2026/04/16 11:35:19,01396,粤港湾控股,GD-HKGBA HLDGS,,7.2,0.4,5.88235,6.8,6.99,7.29,6.83,5206000,37062220,7.17,7.2
2026/04/16 11:34:19,01397,碧瑶绿色集团,BAGUIO GREEN,,1.09,0.02,1.86916,1.07,1.07,1.09,1.07,32000,34720,1.07,1.1
2026/04/16 11:35:44,01398,工商银行,ICBC,,6.99,0.0,0.0,6.99,6.97,7.01,6.95,73336898,512337907,6.98,6.99
2026/04/16 11:07:37,01399,锐信控股,VESON HLDG,,0.199,-0.011,-5.2381,0.21,0.21,0.21,0.199,34000,6986,0.199,0.214
2026/04/16 10:05:52,01400,满地科技股份,MOODY TECH HLDG,,0.017,0.0,0.0,0.017,0.016,0.017,0.016,130000,2100,0.016,0.017
2026/04/16 11:31:20,01401,未来机器有限公司,FUTURE MACH LTD,,0.85,0.01,1.19048,0.84,0.85,0.85,0.84,388000,329180,0.85,0.87
2026/04/16 09:46:11,01402,超智能控股,I-CONTROL,,0.325,0.0,0.0,0.325,0.325,0.325,0.325,130000,42250,0.305,0.325
2026/04/16 11:33:28,01405,达势股份,DPC DASH,,49.96,-0.89,-1.75025,50.85,50.8,50.9,49.8,121500,6090319,49.94,49.96
2026/04/16 08:55:00,01406,清晰医疗,CLARITY MEDICAL,,0.355,0.0,0.0,0.355,0.0,0.0,0.0,0,0,0.0,0.0
2026/04/16 10:28:11,01407,交运燃气,JY GAS,,0.53,0.0,0.0,0.53,0.0,0.0,0.0,0,0,0.54,0.55
2026/04/16 11:35:25,01408,濠江机电,MACAU E&M,,0.435,0.005,1.16279,0.43,0.43,0.435,0.43,52000,22500,0.43,0.435
2026/04/16 11:32:08,01410,安领国际,EDVANCE INTL,,0.71,0.02,2.89855,0.69,0.7,0.72,0.68,550000,384800,0.64,0.72
2026/04/16 11:08:15,01412,隽思集团,Q P GROUP,,1.15,-0.01,-0.86207,1.16,1.15,1.15,1.15,8000,9200,1.15,1.18
2026/04/16 11:30:50,01413,铸帝控股,FEG HOLDINGS,,0.28,0.0,0.0,0.28,0.0,0.0,0.0,7000,1995,0.26,0.28
2026/04/16 11:35:40,01415,高伟电子,COWELL,,27.5,0.2,0.7326,27.3,27.9,27.9,26.7,1560000,42354850,27.4,27.5
2026/04/16 11:29:13,01416,CTR HOLDINGS,CTR HOLDINGS,,0.174,-0.005,-2.7933,0.179,0.179,0.179,0.174,610000,106340,0.174,0.177
2026/04/16 11:25:32,01417,浦江中国,RIVERINE CHINA,,0.2,0.0,0.0,0.2,0.2,0.2,0.2,20000,4000,0.19,0.2
2026/04/16 11:35:04,01418,盛诺集团,SINOMAX GROUP,,0.168,0.0,0.0,0.168,0.168,0.169,0.168,38000,6416,0.168,0.184
2026/04/16 10:04:21,01419,盈健医疗,HUMAN HEALTH,,0.81,0.0,0.0,0.81,0.0,0.0,0.0,0,0,0.81,0.84
2026/04/16 09:53:58,01420,川控股,CHUAN HOLDING,,0.236,0.0,0.0,0.236,0.0,0.0,0.0,0,0,0.231,0.237
2026/04/16 11:14:16,01421,恒昌集团国际,PROSP GP INTL,,0.405,0.02,5.19481,0.385,0.4,0.41,0.4,65000,26550,0.4,0.41
2026/04/16 09:42:20,01425,捷隆控股,JUSTIN ALLEN H,,0.68,-0.01,-1.44928,0.69,0.68,0.68,0.68,1175000,799000,0.67,0.68
2026/04/16 11:20:23,01427,中国天保集团,CH TIANBAO GP,,0.169,0.009,5.625,0.16,0.156,0.169,0.156,45000,7098,0.155,0.169
2026/04/16 11:35:42,01428,耀才证券金融,BRIGHT SMART,,12.0,0.14,1.18044,11.86,11.99,12.13,11.74,10719300,128041386,11.99,12.0
2026/04/16 11:17:23,01429,天任集团,SKYMISSION GP,,0.3,0.01,3.44828,0.29,0.285,0.3,0.285,464000,134680,0.295,0.3
2026/04/16 11:26:09,01431,原生态牧业,YST DAIRY,,0.305,-0.01,-3.1746,0.315,0.315,0.315,0.305,140000,44040,0.305,0.31
2026/04/16 11:34:02,01432,中国圣牧,CHINA SHENGMU,,0.33,0.0,0.0,0.33,0.33,0.33,0.33,388000,128040,0.33,0.335
2026/04/16 08:55:00,01433,常达控股,CIRTEK HLDGS,,0.081,0.0,0.0,0.081,0.0,0.0,0.0,0,0,0.0,0.0
2026/04/16 11:28:52,01440,应星控股,STAR SHINE HLDG,,12.29,-0.3,-2.38284,12.59,12.44,12.53,12.25,265000,3282125,12.23,12.31
2026/04/16 09:30:11,01442,鹰辉物流,INFINITY L&T,,0.305,0.0,0.0,0.305,0.0,0.0,0.0,0,0,0.25,0.3
2026/04/16 10:05:20,01443,富临集团控股,FULUM GP HLDG,,0.046,0.0,0.0,0.046,0.0,0.0,0.0,0,0,0.046,0.047
2026/04/16 09:52:19,01446,鸿福堂,HUNGFOOKTONG,,0.335,0.0,0.0,0.335,0.0,0.0,0.0,0,0,0.335,0.36
2026/04/16 09:46:48,01447,新福港,SFK,,0.56,0.0,0.0,0.56,0.0,0.0,0.0,0,0,0.54,0.57
2026/04/16 08:55:00,01448,福寿园,FU SHOU YUAN,,2.64,0.0,0.0,2.64,0.0,0.0,0.0,0,0,0.0,0.0
2026/04/16 09:30:03,01449,立德教育,LEADER EDU,,0.249,0.0,0.0,0.249,0.0,0.0,0.0,0,0,0.247,0.25
2026/04/16 10:12:04,01450,交个朋友控股,BE FRIENDS HLDG,,0.78,-0.01,-1.26582,0.79,0.79,0.79,0.78,28000,22040,0.79,0.8
2026/04/16 11:21:34,01451,万成集团股份,MS GROUP HLDGS,,1.16,-0.01,-0.8547,1.17,1.14,1.16,1.14,56000,64840,1.17,1.19
2026/04/16 11:08:02,01452,迪诺斯环保,DENOX ENV,,0.118,0.0,0.0,0.118,0.0,0.0,0.0,0,0,0.109,0.133
2026/04/16 10:00:43,01455,科利实业控股,FOURACE IND GP,,0.22,0.0,0.0,0.22,0.222,0.222,0.22,190000,42040,0.218,0.223
2026/04/16 11:30:28,01456,国联民生,GLMS SEC,,4.75,0.12,2.59179,4.63,4.65,4.77,4.65,2164500,10229312,4.74,4.75
2026/04/16 11:34:25,01458,周黑鸭,ZHOU HEI YA,,1.58,0.01,0.63694,1.57,1.61,1.61,1.56,484500,762667,1.57,1.58
2026/04/16 09:30:27,01459,巨匠建设,JUJIANG CONS,,0.22,0.0,0.0,0.22,0.0,0.0,0.0,0,0,0.206,0.234
2026/04/16 10:30:35,01460,扬科集团,ICO GROUP,,0.213,0.0,0.0,0.213,0.0,0.0,0.0,0,0,0.207,0.244
2026/04/16 11:04:19,01461,中泰期货,ZHONGTAIFUTURES,,0.61,-0.01,-1.6129,0.62,0.61,0.61,0.61,1000,610,0.61,0.62
2026/04/16 11:25:39,01463,C-LINK SQ,C-LINK SQ,,0.3,0.0,0.0,0.3,0.0,0.0,0.0,0,0,0.26,0.3
2026/04/16 09:09:18,01466,佰金生命科学,BAIJIN LIFE SCI,,0.6,0.0,0.0,0.6,0.0,0.0,0.0,0,0,0.58,0.6
2026/04/16 11:29:22,01468,嘉高达资本,JAKOTA CAPITAL,,0.066,-0.001,-1.49254,0.067,0.064,0.066,0.064,50000,3220,0.064,0.066
2026/04/16 11:31:44,01470,富一国际控股,PROSPER ONE,,0.155,-0.009,-5.48781,0.164,0.164,0.164,0.155,152000,24892,0.156,0.164
2026/04/16 11:35:18,01471,众淼控股,ZHONGMIAO,,14.17,0.08,0.56778,14.09,14.98,14.98,13.8,44100,629226,14.12,14.35
2026/04/16 10:50:07,01472,生兴控股,SANG HING HLDGS,,0.081,0.0,0.0,0.081,0.0,0.0,0.0,0,0,0.081,0.084
2026/04/16 11:33:01,01473,环联连讯,PANGAEA CONNECT,,0.44,-0.01,-2.22222,0.45,0.44,0.44,0.44,20000,8800,0.44,0.45
2026/04/16 10:00:02,01475,日清食品,NISSIN FOODS,,7.28,-0.07,-0.95238,7.35,7.32,7.34,7.28,25000,182730,7.28,7.34
2026/04/16 11:28:10,01476,金融街证券,FIN STREET SEC,,1.55,-0.01,-0.64103,1.56,1.62,1.62,1.55,67000,106280,1.47,1.57
2026/04/16 11:31:44,01477,欧康维视生物－Ｂ,OCUMENSION-B,,8.17,0.11,1.36476,8.06,8.04,8.17,8.01,309500,2505105,8.13,8.17
2026/04/16 11:33:28,01478,丘钛科技,Q TECH,,8.29,-0.01,-0.12048,8.3,8.31,8.34,8.18,4162923,34326127,8.29,8.3
2026/04/16 10:09:56,01480,恩达集团控股,YAN TAT GROUP,,0.96,0.0,0.0,0.96,0.0,0.0,0.0,0,0,0.96,0.98
2026/04/16 10:33:07,01481,竣球控股,SMART GLOBE,,2.44,0.01,0.41152,2.43,2.44,2.44,2.44,20000,48700,2.44,2.59
2026/04/16 11:32:07,01483,网誉科技,NET-A-GO TECH,,1.27,0.01,0.79365,1.26,1.26,1.27,1.26,76000,95780,1.21,1.27
2026/04/16 09:46:04,01486,思城控股,C CHENG HLDGS,,0.71,0.0,0.0,0.71,0.0,0.0,0.0,0,0,0.71,0.8
2026/04/16 11:31:45,01488,百福控股,BEST FOOD HLDG,,0.98,0.0,0.0,0.98,0.0,0.0,0.0,0,0,0.75,0.95
2026/04/16 11:22:10,01489,GC CONSTRUCTION,GC CONSTRUCTION,,0.39,-0.005,-1.26582,0.395,0.39,0.39,0.39,95000,37050,0.39,0.405
2026/04/16 11:07:09,01490,车市科技,AI X TECH,,0.255,0.005,2.0,0.25,0.255,0.255,0.255,12000,3040,0.25,0.26
2026/04/16 11:21:47,01496,亚积邦租赁,AP RENTALS,,0.181,0.0,0.0,0.181,0.0,0.0,0.0,0,0,0.182,0.192
2026/04/16 09:51:29,01497,燕之屋,YAN PALACE,,5.96,0.07,1.18846,5.89,5.89,5.96,5.89,10400,61284,5.96,5.93
2026/04/16 10:04:24,01498,培力农本方,PURAPHARM,,0.295,0.005,1.72414,0.29,0.295,0.295,0.295,100000,29500,0.29,0.295
2026/04/16 11:29:20,01499,欧科云链,OKG TECH,,0.171,0.006,3.63636,0.165,0.165,0.174,0.165,970000,165660,0.169,0.171
2026/04/16 11:13:13,01500,现恒建筑,INCON,,0.231,-0.014,-5.71429,0.245,0.234,0.235,0.231,180000,42065,0.23,0.241
2026/04/16 11:35:25,01501,瑛泰医疗,INT MEDICAL,,39.38,0.0,0.0,39.38,39.46,39.46,38.76,28600,1118604,39.06,39.28
2026/04/16 10:51:27,01502,金融街物业,FIN STREET PPT,,2.21,0.01,0.45455,2.2,2.22,2.22,2.21,25000,55330,2.21,2.22
2026/04/16 11:35:14,01508,中国再保险,CHINA RE,,1.41,-0.01,-0.70423,1.42,1.42,1.43,1.4,6985000,9846117,1.41,1.42
2026/04/16 11:34:40,01513,丽珠医药,LIVZON PHARMA,,29.34,0.0,0.0,29.34,29.34,29.52,29.04,326800,9591404,29.3,29.36
2026/04/16 11:35:22,01515,华润医疗,CR MEDICAL,,2.88,0.02,0.6993,2.86,2.88,2.88,2.85,869000,2486585,2.87,2.88
2026/04/16 11:35:03,01516,融创服务,SUNAC SERVICES,,0.95,0.01,1.06383,0.94,0.94,0.96,0.94,2340125,2217128,0.94,0.95
2026/04/16 11:26:35,01518,新世纪医疗,NC HEALTHCARE,,0.55,0.01,1.85185,0.54,0.54,0.6,0.52,164000,92735,0.56,0.6
2026/04/16 11:34:52,01519,极兔速递－Ｗ,J&T EXPRESS-W,,10.73,0.14,1.322,10.59,10.65,10.83,10.57,12061604,129323145,10.73,10.74
2026/04/16 11:30:59,01520,天机控股,VIRTUAL MIND,,0.63,0.02,3.27869,0.61,0.61,0.63,0.61,174000,107220,0.62,0.63
2026/04/16 09:55:05,01521,方达控股,FRONTAGE,,1.03,0.0,0.0,1.03,0.0,0.0,0.0,0,0,1.03,1.09
2026/04/16 11:24:38,01522,京投交通科技,BII TRANS TECH,,0.31,0.0,0.0,0.31,0.315,0.315,0.305,256000,79360,0.305,0.315
2026/04/16 11:35:12,01523,珩湾科技,PLOVER BAY TECH,,7.32,-0.41,-5.30401,7.73,7.73,7.79,7.32,742300,5519794,7.31,7.35
2026/04/16 11:20:11,01525,建桥教育,GENCH EDU,,2.1,-0.01,-0.47393,2.11,2.17,2.17,2.1,120000,253100,2.1,2.11
2026/04/16 11:34:59,01526,瑞慈医疗,RICI HEALTH,,0.9,-0.01,-1.0989,0.91,0.9,0.9,0.87,21000,18860,0.87,0.9
2026/04/16 10:36:19,01527,天洁环境,TENGY ENV,,1.96,0.0,0.0,1.96,0.0,0.0,0.0,0,0,1.93,2.07
2026/04/16 11:29:26,01528,红星美凯龙,RS MACALLINE,,1.31,0.02,1.55039,1.29,1.3,1.31,1.28,633000,821118,1.3,1.31
2026/04/16 11:04:48,01529,乐氏国际控股,YUES INTL HLDG,,0.425,0.0,0.0,0.425,0.0,0.0,0.0,0,0,0.42,0.435
2026/04/16 11:35:24,01530,三生制药,3SBIO,,25.02,0.1,0.40128,24.92,24.96,25.3,24.48,13706500,341069411,25.0,25.02
2026/04/16 11:05:27,01532,中国派对文化,CHINA PARTYTIME,,0.102,0.005,5.15464,0.097,0.097,0.102,0.097,41000,4113,0.096,0.104
2026/04/16 09:00:22,01536,煜荣集团,YUK WING GP,,0.218,0.0,0.0,0.218,0.0,0.0,0.0,0,0,0.202,0.0
2026/04/16 11:30:47,01538,中奥到家,ZHONG AO HOME,,0.69,-0.02,-2.8169,0.71,0.71,0.72,0.69,858000,606700,0.68,0.69
2026/04/16 10:05:07,01539,知行集团控股,UNITY GP HLDGS,,0.36,-0.005,-1.36986,0.365,0.365,0.365,0.355,28000,9980,0.355,0.36
2026/04/16 11:11:36,01540,澳狮环球,LEFTFIELD PRINT,,0.4,0.0,0.0,0.4,0.0,0.0,0.0,0,0,0.38,0.41
2026/04/16 11:35:18,01541,宜明昂科－Ｂ,IMMUNEONCO-B,,5.93,-0.11,-1.82119,6.04,6.1,6.21,5.9,1227800,7426648,5.92,5.94
2026/04/16 08:55:00,01542,台州水务,TAIZHOU WATER,,1.1,0.0,0.0,1.1,0.0,0.0,0.0,0,0,0.0,0.0
2026/04/16 10:39:34,01543,中盈盛达融资担保,JOIN-SHARE,,0.201,0.0,0.0,0.201,0.0,0.0,0.0,0,0,0.193,0.2
2026/04/16 11:21:58,01545,设计都会,DESIGN CAPITAL,,0.125,0.007,5.9322,0.118,0.125,0.125,0.122,260000,32360,0.125,0.13
2026/04/16 11:24:21,01546,德莱建业,THELLOY DEV,,0.2,0.005,2.5641,0.195,0.194,0.202,0.19,3408000,663104,0.199,0.204
2026/04/16 11:26:53,01547,IBI GROUP HLDGS,IBI GROUP HLDGS,,0.2,0.0,0.0,0.2,0.0,0.0,0.0,0,0,0.185,0.209
2026/04/16 11:34:51,01548,金斯瑞生物科技,GENSCRIPT BIO,,13.75,0.44,3.30579,13.31,13.55,13.98,13.55,6424700,88645002,13.74,13.75
2026/04/16 09:33:06,01549,永丰集团控股,EVER HARVEST GP,,0.095,0.0,0.0,0.095,0.0,0.0,0.0,0,0,0.088,0.095
2026/04/16 10:50:10,01551,广州农商银行,GRCB,,1.52,0.0,0.0,1.52,0.0,0.0,0.0,0,0,1.46,1.57
2026/04/16 10:55:37,01552,BHCC HOLDING,BHCC HOLDING,,0.26,0.0,0.0,0.26,0.26,0.26,0.26,10000,2600,0.242,0.265
2026/04/16 09:03:49,01553,迈科管业,MAIKE TUBE,,1.5,0.0,0.0,1.5,0.0,0.0,0.0,0,0,1.46,1.5
2026/04/16 11:35:37,01555,ＭＩ能源,MIE HOLDINGS,,0.033,-0.003,-8.33333,0.036,0.034,0.034,0.031,11504000,374076,0.033,0.035
2026/04/16 11:00:50,01556,建业建荣,CHINNEY KW,,0.32,-0.005,-1.53846,0.325,0.32,0.32,0.32,305000,97600,0.32,0.335
2026/04/16 09:30:28,01557,剑虹集团控股,K.H. GP HLDGS,,0.405,0.0,0.0,0.405,0.405,0.405,0.405,12000,4860,0.345,0.405
2026/04/16 10:32:47,01559,均安控股,KWAN ON HLDGS,,0.052,0.0,0.0,0.052,0.0,0.0,0.0,0,0,0.049,0.057
2026/04/16 09:30:54,01560,星星集团,STAR GROUP ASIA,,0.139,0.0,0.0,0.139,0.0,0.0,0.0,0,0,0.132,0.154
2026/04/16 09:57:22,01561,联洋智能控股,PAN ASIA DATA H,,0.051,0.0,0.0,0.051,0.0,0.0,0.0,0,0,0.046,0.052
2026/04/16 11:02:20,01563,友联国际教育租赁,ALLI INTL ED LE,,0.162,0.0,0.0,0.162,0.0,0.0,0.0,0,0,0.157,0.16
2026/04/16 11:09:35,01565,成实外教育,VIRSCEND EDU,,0.196,-0.004,-2.0,0.2,0.196,0.196,0.196,25000,4900,0.196,0.2
2026/04/16 08:55:00,01566,华夏文化科技,CA CULTURAL,,0.051,0.0,0.0,0.051,0.0,0.0,0.0,0,0,0.0,0.0
2026/04/16 10:54:56,01568,承达集团,SUNDART HLDGS,,0.75,0.0,0.0,0.75,0.0,0.0,0.0,0,0,0.74,0.76
2026/04/16 10:50:50,01569,民生教育,MINSHENG EDU,,0.148,0.013,9.62963,0.135,0.148,0.148,0.148,10000,1480,0.135,0.148
2026/04/16 11:34:10,01570,伟业控股,WEIYE HOLDINGS,,6.98,-0.12,-1.69014,7.1,7.1,7.1,6.98,27000,188720,6.68,6.99
2026/04/16 11:29:35,01571,信邦控股,XIN POINT HOLD,,4.4,-0.03,-0.6772,4.43,4.43,4.43,4.4,32000,141470,4.4,4.43
2026/04/16 09:54:51,01572,中国艺术金融,CHINA ART FIN,,0.085,0.0,0.0,0.085,0.0,0.0,0.0,0,0,0.081,0.084
2026/04/16 09:50:47,01575,皇庭智家,REGAL PARTNERS,,0.055,0.0,0.0,0.055,0.0,0.0,0.0,132000,7260,0.055,0.059
2026/04/16 09:42:13,01576,齐鲁高速,QILU EXPRESSWAY,,1.82,0.0,0.0,1.82,1.82,1.82,1.82,2000,3640,1.8,1.82
2026/04/16 10:01:45,01577,汇鑫小贷,HUIXIN CREDIT,,1.0,0.0,0.0,1.0,1.0,1.0,1.0,2000,2000,0.95,1.0
2026/04/16 11:24:17,01578,天津银行,BANK OF TIANJIN,,2.41,0.0,0.0,2.41,2.41,2.41,2.41,13000,31330,2.4,2.42
2026/04/16 11:35:25,01579,颐海国际,YIHAI INTL,,16.04,0.08,0.50125,15.96,15.91,16.05,15.82,901000,14344160,16.03,16.05
2026/04/16 10:21:07,01580,大森控股,DA SEN HLDGS,,0.345,0.0,0.0,0.345,0.0,0.0,0.0,0,0,0.335,0.45
2026/04/16 11:30:33,01581,进升集团控股,PROGRESSIVE P,,0.28,-0.01,-3.44828,0.29,0.285,0.325,0.275,1406000,411910,0.275,0.29
2026/04/16 10:55:58,01582,华营建筑,CR CONSTRUCTION,,0.355,-0.005,-1.38889,0.36,0.355,0.355,0.355,32500,11425,0.35,0.355
2026/04/16 09:30:13,01583,亲亲食品,QINQIN FOODS,,1.07,0.0,0.0,1.07,0.0,0.0,0.0,0,0,1.01,1.08
2026/04/16 11:31:46,01585,雅迪控股,YADEA,,12.85,-0.1,-0.7722,12.95,12.95,13.02,12.8,2398000,30898846,12.83,12.85
2026/04/16 11:12:42,01586,力鸿检验,LEON INSPECTION,,1.57,0.0,0.0,1.57,0.0,0.0,0.0,0,0,1.5,1.71
2026/04/16 09:04:27,01587,欣融国际,SHINEROAD INTL,,0.59,0.0,0.0,0.59,0.0,0.0,0.0,0,0,0.55,0.59
2026/04/16 11:25:24,01588,畅捷通,CHANJET,,7.13,0.23,3.33333,6.9,6.9,7.13,6.9,16800,119170,6.91,7.12
2026/04/16 09:52:02,01591,汛和集团,SHUN WO GROUP,,0.138,0.001,0.72993,0.137,0.138,0.138,0.138,200000,27600,0.132,0.14
2026/04/16 11:09:00,01592,基石控股,ANCHORSTONE,,0.146,0.002,1.38889,0.144,0.138,0.146,0.138,120000,16640,0.137,0.145
2026/04/16 10:58:59,01593,辰林教育,CHEN LIN EDU,,1.25,0.0,0.0,1.25,0.0,0.0,0.0,0,0,1.2,1.28
2026/04/16 11:35:09,01596,翼辰实业,YICHEN IND,,0.65,0.0,0.0,0.65,0.65,0.65,0.64,502000,322650,0.64,0.66
2026/04/16 11:31:54,01597,纳泉能源科技,NATURE ENERGY T,,3.5,0.0,0.0,3.5,0.0,0.0,0.0,0,0,3.26,3.7
2026/04/16 08:55:00,01598,２１世纪教育,21CENTURY EDU,,0.111,0.0,0.0,0.111,0.0,0.0,0.0,0,0,0.0,0.0
2026/04/16 09:53:50,01599,城建设计,UCD,,1.28,0.0,0.0,1.28,1.28,1.28,1.28,3000,3840,1.28,1.29
2026/04/16 10:27:19,01600,天伦燃气,TIAN LUN GAS,,2.86,0.01,0.35088,2.85,2.82,2.86,2.73,383500,1085125,2.84,2.87
2026/04/16 10:14:43,01601,中关村科技租赁,ZGC TEC LEASING,,0.84,-0.02,-2.32558,0.86,0.84,0.84,0.84,6000,5040,0.84,0.85
2026/04/16 11:28:52,01606,国银金租,CDB LEASING,,1.53,0.01,0.6579,1.52,1.51,1.53,1.5,2782000,4204480,1.52,1.53
2026/04/16 08:55:00,01608,伟能集团,VPOWER GROUP,,0.109,0.0,0.0,0.109,0.0,0.0,0.0,0,0,0.0,0.0
2026/04/16 11:35:41,01610,中粮家佳康,COFCO JOYCOME,,1.42,0.0,0.0,1.42,1.42,1.45,1.4,20130000,28575190,1.42,1.43
2026/04/16 11:22:17,01611,新火集团,BITFIRE GROUP,,2.33,0.03,1.30435,2.3,2.3,2.36,2.3,97500,226270,2.33,2.36
2026/04/16 10:48:31,01612,永胜医疗,VINCENT MED,,0.92,-0.01,-1.07527,0.93,0.92,0.92,0.91,308000,280620,0.91,0.92
2026/04/16 10:56:53,01613,协同通信,SYNERTONE,,0.176,-0.002,-1.1236,0.178,0.178,0.178,0.176,224000,39475,0.172,0.176
2026/04/16 11:13:51,01615,奥邦建筑,AB BUILDERS,,0.375,0.01,2.73973,0.365,0.365,0.375,0.345,110000,39650,0.35,0.38
2026/04/16 08:55:00,01616,一元宇宙,A METAVERSE,,0.06,0.0,0.0,0.06,0.0,0.0,0.0,0,0,0.0,0.0
2026/04/16 11:23:46,01617,南方通信,NANFANG COMM,,0.465,0.015,3.33333,0.45,0.455,0.47,0.45,2792000,1298560,0.465,0.47
2026/04/16 11:33:29,01618,中国中冶,MCC,,1.61,0.01,0.625,1.6,1.61,1.62,1.6,8139000,13112680,1.61,1.62
2026/04/16 11:02:54,01620,富盈环球集团,CINESE INTL,,0.099,0.0,0.0,0.099,0.099,0.099,0.099,50000,4950,0.094,0.103
2026/04/16 10:14:29,01621,域高国际控股,VICO INTL HLDGS,,0.172,0.0,0.0,0.172,0.0,0.0,0.0,0,0,0.166,0.172
2026/04/16 11:07:39,01622,力高集团,REDCO GROUP,,0.152,-0.015,-8.98204,0.167,0.154,0.154,0.152,142000,21836,0.154,0.161
2026/04/16 11:30:05,01623,海隆控股,HILONG,,0.236,-0.002,-0.84034,0.238,0.238,0.238,0.228,425000,97751,0.229,0.234
2026/04/16 11:06:48,01626,嘉耀控股,JIA YAO HLDGS,,5.7,-0.3,-5.0,6.0,5.95,5.95,5.7,482000,2794850,5.7,5.7
2026/04/16 10:55:57,01627,安保工程控股,ABLE ENG HLDGS,,0.58,0.01,1.75439,0.57,0.58,0.58,0.58,4000,2320,0.58,0.6
2026/04/16 11:34:38,01628,禹洲集团,YUZHOU GROUP,,0.184,0.002,1.0989,0.182,0.165,0.184,0.165,560574,98142,0.182,0.192
2026/04/16 10:53:42,01629,冠均国际控股,CHAMP ALLI INTL,,0.176,0.0,0.0,0.176,0.176,0.176,0.176,20000,3520,0.176,0.185
2026/04/16 11:35:19,01630,建成控股,KIN SHING HLDGS,,0.173,-0.011,-5.97826,0.184,0.184,0.195,0.17,6198000,1112532,0.172,0.179
2026/04/16 09:46:19,01631,REF HOLDINGS,REF HOLDINGS,,0.495,0.0,0.0,0.495,0.0,0.0,0.0,0,0,0.475,0.52
2026/04/16 09:30:32,01632,民商创科,MSCTECH,,0.051,0.0,0.0,0.051,0.0,0.0,0.0,0,0,0.051,0.054
2026/04/16 09:36:00,01633,上谕集团,SHEUNG YUE GP,,0.25,0.0,0.0,0.25,0.0,0.0,0.0,0,0,0.244,0.255
2026/04/16 11:27:28,01635,大众公用,DZUG,,3.14,0.02,0.64103,3.12,3.13,3.16,3.12,4929300,15463714,3.14,3.15
2026/04/16 08:55:00,01636,中国金属利用,CMRU,,0.31,0.0,0.0,0.31,0.0,0.0,0.0,0,0,0.0,0.0
2026/04/16 11:26:53,01637,顺兴集团控股,SH GROUP HLDG,,0.445,-0.005,-1.11111,0.45,0.45,0.45,0.445,114000,50840,0.425,0.455
2026/04/16 11:22:45,01638,佳兆业集团,KAISA GROUP,,0.083,0.002,2.46914,0.081,0.081,0.084,0.08,9311230,769558,0.083,0.084
2026/04/16 11:32:47,01640,千循科技,QIAN XUN TECH,,1.42,0.22,18.33333,1.2,1.22,1.78,1.22,1008000,1414520,1.4,1.5
2026/04/16 11:18:49,01641,红星冷链,HX COLDCHAIN,,7.15,-0.03,-0.41783,7.18,7.36,7.36,7.03,12500,88420,7.03,7.15
2026/04/16 11:35:24,01643,现代中药集团,MODERN CHI MED,,2.63,0.04,1.5444,2.59,2.55,2.65,2.55,414000,1083240,2.63,2.65
2026/04/16 11:29:56,01645,海纳智能,HAINA INTEL,,1.34,-0.13,-8.84354,1.47,1.48,1.48,1.34,1180000,1634240,1.34,1.36
2026/04/16 11:30:02,01647,雄岸科技,GRANDSHORES,,0.071,0.001,1.42857,0.07,0.068,0.071,0.066,330000,22535,0.069,0.071
2026/04/16 11:22:23,01650,HYGIEIA GROUP,HYGIEIA GROUP,,0.123,-0.002,-1.6,0.125,0.123,0.123,0.123,40000,4920,0.122,0.129
2026/04/16 11:35:13,01651,津上机床中国,TSUGAMI CHINA,,44.5,-0.32,-0.71397,44.82,45.0,45.02,44.0,450365,20034075,44.52,44.7
2026/04/16 11:23:29,01652,福森药业,FUSEN PHARM,,1.24,0.04,3.33333,1.2,1.2,1.24,1.2,1770000,2186160,1.21,1.24
2026/04/16 10:45:55,01653,MOS HOUSE,MOS HOUSE,,2.84,0.09,3.27273,2.75,2.88,2.88,2.7,140000,387000,2.67,2.78
2026/04/16 10:35:11,01655,OKURA HOLDINGS,OKURA HOLDINGS,,0.232,-0.008,-3.33333,0.24,0.234,0.234,0.232,250000,58140,0.232,0.24
2026/04/16 09:07:56,01656,亿仕登控股,ISDN HOLDINGS,,2.31,0.0,0.0,2.31,0.0,0.0,0.0,0,0,0.0,2.49
2026/04/16 11:27:21,01657,桦欣控股,SG GROUP HLDGS,,23.5,0.4,1.7316,23.1,21.5,23.68,21.0,14500,315430,22.02,24.0
2026/04/16 11:35:02,01658,邮储银行,PSBC,,5.05,0.03,0.59761,5.02,5.01,5.07,5.0,19441000,97800610,5.04,5.05
2026/04/16 11:24:22,01660,七元投资,SEVEN ELEMENTS,,0.335,0.0,0.0,0.335,0.345,0.345,0.325,3824000,1262080,0.32,0.335
2026/04/16 11:27:28,01661,中国前沿科技集团,CH FRONTIER TEC,,2.72,0.0,0.0,2.72,2.71,2.72,2.71,78000,211980,2.57,2.74
2026/04/16 11:35:36,01662,义合控股,YEE HOP HLDGS,,0.72,0.05,7.46269,0.67,0.72,0.77,0.7,241000,177330,0.72,0.74
2026/04/16 11:16:42,01663,汉港控股,S HARBOURHOLD,,0.084,-0.005,-5.61798,0.089,0.089,0.089,0.084,179513,15377,0.084,0.086
2026/04/16 11:35:13,01666,同仁堂科技,TONG REN TANG,,3.96,0.04,1.02041,3.92,3.92,3.96,3.91,308100,1212913,3.95,3.96
2026/04/16 09:37:54,01667,迪米生活控股,DIMMI LIFE HLDG,,0.37,0.0,0.0,0.37,0.0,0.0,0.0,0,0,0.305,0.38
2026/04/16 08:55:00,01668,华南城,CHINASOUTHCITY,,0.107,0.0,0.0,0.107,0.0,0.0,0.0,0,0,0.0,0.0
2026/04/16 09:00:10,01669,环球信贷集团,GIC GROUP,,1.02,0.0,0.0,1.02,0.0,0.0,0.0,0,0,0.98,1.02
2026/04/16 11:29:11,01671,天保能源,TIANBAO ENERGY,,0.71,0.0,0.0,0.71,0.71,0.71,0.71,212000,150520,0.69,0.72
2026/04/16 11:34:29,01672,歌礼制药－Ｂ,ASCLETIS-B,,18.0,0.15,0.84034,17.85,17.84,18.0,17.0,719782,12643681,17.97,18.0
2026/04/16 10:59:38,01673,华章科技,HUAZHANG TECH,,0.26,0.005,1.96078,0.255,0.255,0.26,0.255,256000,64340,0.255,0.295
2026/04/16 11:35:44,01675,亚信科技,ASIAINFO TECH,,5.95,0.09,1.53584,5.86,5.9,6.0,5.9,647200,3854920,5.95,5.98
2026/04/16 11:20:06,01676,高地股份,GAODI HOLDINGS,,0.208,-0.005,-2.34742,0.213,0.213,0.215,0.202,5648000,1196792,0.208,0.214
2026/04/16 11:22:03,01679,瑞斯康集团,RISECOMM GP,,0.63,0.05,8.62069,0.58,0.61,0.63,0.61,290000,181100,0.61,0.63
2026/04/16 11:30:02,01680,澳门励骏,MACAU LEGEND,,0.2,0.0,0.0,0.2,0.0,0.0,0.0,0,0,0.185,0.215
2026/04/16 11:32:17,01681,康臣药业,CONSUN PHARMA,,16.27,-0.17,-1.03406,16.44,16.65,16.65,16.08,552000,8966330,16.25,16.28
2026/04/16 11:35:11,01682,杭品生活科技,HP LIVING TECH,,0.137,-0.003,-2.14286,0.14,0.14,0.14,0.135,548000,74576,0.135,0.137
2026/04/16 11:24:13,01683,旷逸国际,HOPE LIFE INT,,0.237,0.0,0.0,0.237,0.237,0.241,0.226,1136000,264656,0.232,0.236
2026/04/16 11:15:02,01685,博耳电力,BOER POWER,,0.52,0.0,0.0,0.52,0.53,0.53,0.52,170000,89700,0.52,0.54
2026/04/16 11:35:45,01686,新意网集团,SUNEVISION,,6.53,0.38,6.17886,6.15,6.23,6.56,6.21,6557300,42042890,6.51,6.53
2026/04/16 10:48:14,01689,华禧控股,HUAXIHOLDINGS,,0.305,-0.02,-6.15385,0.325,0.34,0.34,0.29,222000,68980,0.29,0.31
2026/04/16 11:32:29,01690,立基工程控股,LAP KEI ENGRG,,0.182,0.0,0.0,0.182,0.182,0.182,0.175,350000,62400,0.182,0.183
2026/04/16 11:35:31,01691,ＪＳ环球生活,JS GLOBAL LIFE,,1.79,0.0,0.0,1.79,1.78,1.79,1.75,1442000,2553450,1.78,1.79
2026/04/16 09:30:40,01692,登辉控股,TOWNRAY HLDGS,,1.65,0.0,0.0,1.65,0.0,0.0,0.0,0,0,1.47,1.69
2026/04/16 11:26:17,01693,璋利国际,BGMC,,5.25,-0.25,-4.54546,5.5,5.5,5.5,5.25,58000,313540,5.33,5.49
2026/04/16 09:59:34,01695,椰丰集团,S&P INTL HLDG,,0.1,0.0,0.0,0.1,0.0,0.0,0.0,0,0,0.096,0.1
2026/04/16 11:31:46,01696,复锐医疗科技,SISRAM MED,,3.14,-0.01,-0.31746,3.15,3.23,3.25,3.1,373600,1171416,3.12,3.14
2026/04/16 10:40:55,01697,山东国信,SDITC,,0.35,0.0,0.0,0.35,0.34,0.35,0.335,10800,3699,0.34,0.35
2026/04/16 11:35:46,01698,腾讯音乐－ＳＷ,TME-SW,,39.76,1.2,3.11203,38.56,38.56,39.84,38.56,1628260,64050542,39.72,39.76
2026/04/16 10:33:54,01701,途屹控股,TU YI HLDG,,0.092,0.0,0.0,0.092,0.0,0.0,0.0,0,0,0.092,0.1
2026/04/16 11:19:46,01702,东光化工,DONGGUANG CHEM,,1.99,0.0,0.0,1.99,0.0,0.0,0.0,0,0,1.72,2.0
2026/04/16 11:21:26,01703,谊和股份,EASYHOLD GROUP,,0.08,-0.005,-5.88235,0.085,0.085,0.085,0.08,270000,21700,0.079,0.084
2026/04/16 11:15:18,01705,宾仕国际,B & S INTL HLDG,,0.54,-0.01,-1.81818,0.55,0.54,0.54,0.54,100000,54000,0.54,0.55
2026/04/16 08:55:00,01707,致浩达控股,GEOTECH HLDGS,,0.042,0.0,0.0,0.042,0.0,0.0,0.0,0,0,0.0,0.0
2026/04/16 10:42:32,01708,三宝科技,SAMPLE TECH,,0.3,0.0,0.0,0.3,0.0,0.0,0.0,0,0,0.31,0.405
2026/04/16 11:28:24,01709,德林控股,DL HOLDINGS GP,,1.13,-0.02,-1.73913,1.15,1.16,1.16,1.13,2030000,2327330,1.13,1.14
2026/04/16 11:35:09,01710,致丰工业电子,TRIO IND ELEC,,0.495,0.02,4.21053,0.475,0.475,0.51,0.47,2044000,1006580,0.49,0.5
2026/04/16 09:30:42,01711,欧化,ULFERTS,,0.152,0.0,0.0,0.152,0.0,0.0,0.0,0,0,0.141,0.161
2026/04/16 11:32:19,01712,龙资源,DRAGON MINING,,9.33,-0.1,-1.06045,9.43,9.23,9.45,9.23,312000,2905300,9.26,9.33
2026/04/16 11:16:37,01713,四川能投发展,SICHUAN EN INV,,2.19,-0.01,-0.45455,2.2,2.2,2.2,2.19,74000,162080,2.18,2.19
2026/04/16 11:18:03,01715,智慧健康科技,AI HEALTH TECH,,0.52,0.0,0.0,0.52,0.52,0.52,0.52,30000,15600,0.5,0.54
2026/04/16 11:33:20,01716,毛记葵涌,MOST KWAI CHUNG,,4.1,0.1,2.5,4.0,4.0,4.17,3.99,1012000,4141680,4.08,4.1
2026/04/16 11:08:24,01717,澳优,AUSNUTRIA,,1.75,0.03,1.74419,1.72,1.75,1.75,1.65,32000,55450,1.7,1.75
2026/04/16 11:31:26,01718,宏基集团控股,WAN KEI GROUP,,0.35,0.0,0.0,0.35,0.35,0.355,0.34,455000,157550,0.33,0.355
2026/04/16 09:00:10,01719,中国通商集团,CIL GROUP,,0.31,0.0,0.0,0.31,0.0,0.0,0.0,0,0,0.28,0.31
2026/04/16 11:29:15,01720,普天通信集团,PUTIAN COMM,,0.56,0.0,0.0,0.56,0.55,0.58,0.54,1632000,914920,0.56,0.57
2026/04/16 08:55:00,01721,FSM HOLDINGS,FSM HOLDINGS,,0.14,0.0,0.0,0.14,0.0,0.0,0.0,0,0,0.0,0.0
2026/04/16 10:18:30,01722,建鹏控股,KIN PANG HLDGS,,0.073,0.0,0.0,0.073,0.0,0.0,0.0,0,0,0.071,0.077
2026/04/16 11:34:43,01723,恒月控股,MOON INC,,1.0,-0.06,-5.66038,1.06,1.01,1.01,1.0,36000,36420,0.99,1.0
2026/04/16 11:34:42,01725,中国技术集团,C STRATEGIC TEC,,0.7,0.0,0.0,0.7,0.7,0.71,0.68,1946400,1348076,0.69,0.7
2026/04/16 10:22:01,01726,HKE HOLDINGS,HKE HOLDINGS,,1.21,-0.01,-0.81967,1.22,1.21,1.21,1.21,300000,363000,1.16,1.21
2026/04/16 10:34:59,01727,河北建设,HEBEI CONS,,0.315,0.0,0.0,0.315,0.0,0.0,0.0,0,0,0.295,0.33
2026/04/16 08:55:00,01728,正通汽车,ZHENGTONGAUTO,,0.143,0.0,0.0,0.143,0.0,0.0,0.0,0,0,0.0,0.0
2026/04/16 11:35:04,01729,汇聚科技,TIME INTERCON,,19.05,1.07,5.95106,17.98,18.22,19.14,17.71,7766990,143174417,19.03,19.05
2026/04/16 11:02:14,01731,其利工业集团,PROSPEROUS IND,,0.83,-0.01,-1.19048,0.84,0.83,0.83,0.83,20000,16600,0.83,0.85
2026/04/16 10:46:27,01732,象兴国际,XIANGXING INT,,0.218,0.0,0.0,0.218,0.0,0.0,0.0,0,0,0.209,0.218
2026/04/16 11:31:07,01733,易大宗,E-COMMODITIES,,0.75,-0.01,-1.31579,0.76,0.76,0.76,0.75,56550,42751,0.75,0.76
2026/04/16 11:35:20,01735,中环新能源,CENTRAL NEW EGY,,9.17,-0.09,-0.97192,9.26,9.27,9.35,9.13,4144000,38231700,9.16,9.17
2026/04/16 11:16:28,01736,中国育儿网络,PARENTING NET,,0.51,0.01,2.0,0.5,0.51,0.51,0.51,15000,7650,0.43,0.52
2026/04/16 09:31:44,01737,亚洲实业集团,A & S GROUP,,0.1,0.0,0.0,0.1,0.0,0.0,0.0,0,0,0.1,0.105
2026/04/16 10:54:35,01738,飞尚无烟煤,FS ANTHRACITE,,0.104,0.0,0.0,0.104,0.0,0.0,0.0,0,0,0.1,0.104
2026/04/16 11:31:27,01739,齐屹科技,QEEKA HOME,,0.205,0.001,0.4902,0.204,0.205,0.206,0.205,127000,26112,0.203,0.205
2026/04/16 11:21:40,01740,新石文化,VALUES CULTURAL,,0.123,0.013,11.81818,0.11,0.112,0.123,0.112,325000,37860,0.123,0.125
2026/04/16 11:30:13,01741,成志控股,SHING CHI HLDGS,,0.17,0.0,0.0,0.17,0.0,0.0,0.0,0,0,0.169,0.179
2026/04/16 11:32:04,01742,HPC HOLDINGS,HPC HOLDINGS,,0.213,-0.004,-1.84332,0.217,0.217,0.22,0.213,320000,68850,0.214,0.221
2026/04/16 11:29:59,01745,驴迹科技,LVJI TECH,,0.115,-0.001,-0.86207,0.116,0.116,0.116,0.115,670000,77272,0.115,0.116
2026/04/16 10:46:08,01746,万顺集团控股,MAN SHUN GP,,0.475,0.015,3.26087,0.46,0.46,0.475,0.46,52000,24520,0.455,0.475
2026/04/16 10:11:22,01747,HOME CONTROL,HOME CONTROL,,4.6,0.0,0.0,4.6,0.0,0.0,0.0,0,0,4.31,4.67
2026/04/16 08:55:00,01748,信源企业集团,XIN YUAN ENT,,1.76,0.0,0.0,1.76,0.0,0.0,0.0,0,0,0.0,0.0
2026/04/16 11:17:50,01749,杉杉品牌,SHANSHAN,,0.57,-0.04,-6.55738,0.61,0.61,0.61,0.57,239000,143350,0.58,0.59
2026/04/16 11:14:36,01750,全达电器集团控股,REM GROUP HLDGS,,0.111,-0.002,-1.76991,0.113,0.116,0.117,0.11,420000,47590,0.108,0.112
2026/04/16 11:22:26,01751,智算能建,AI ENERGY ENG,,1.37,0.02,1.48148,1.35,1.4,1.4,1.37,180000,249700,1.36,1.39
2026/04/16 11:08:36,01752,澳洲成峰高教,TOP EDUCATION,,0.084,0.0,0.0,0.084,0.0,0.0,0.0,0,0,0.083,0.09
2026/04/16 11:34:55,01753,兑吧,DUIBA,,0.113,-0.002,-1.73913,0.115,0.114,0.114,0.108,90800,9938,0.11,0.113
2026/04/16 08:55:00,01755,新城悦服务,S-ENJOY SERVICE,,2.8,0.0,0.0,2.8,0.0,0.0,0.0,0,0,0.0,0.0
2026/04/16 11:30:05,01756,中国科教产业,CHI SCI&EDU IND,,0.55,-0.01,-1.78571,0.56,0.56,0.57,0.55,300000,166360,0.54,0.55
2026/04/16 11:27:10,01757,环球华商（一千）,GLOBAL CHI-1K,,17.85,-0.33,-1.81518,18.18,18.09,18.3,17.8,188000,3378290,17.73,17.84
2026/04/16 11:30:06,01758,博骏教育,BOJUN EDU,,0.112,0.0,0.0,0.112,0.0,0.0,0.0,0,0,0.105,0.12
2026/04/16 09:31:02,01759,中油洁能控股,SINO GAS HLDGS,,0.99,0.0,0.0,0.99,0.0,0.0,0.0,0,0,0.84,1.19
2026/04/16 11:31:33,01760,英恒科技,INTRON TECH,,1.81,0.0,0.0,1.81,1.82,1.82,1.79,36000,64710,1.8,1.81
2026/04/16 11:35:15,01762,万咖壹联,WANKA ONLINE,,1.68,0.02,1.20482,1.66,1.66,1.71,1.66,1477000,2498580,1.67,1.68
2026/04/16 11:33:49,01763,中国同辐,CIRC,,18.6,-0.4,-2.10526,19.0,18.92,18.92,18.5,156400,2918608,18.57,18.6
2026/04/16 10:38:42,01765,希教国际控股,XJ INTL HLDGS,,0.158,0.002,1.28205,0.156,0.157,0.158,0.157,50000,7868,0.158,0.164
2026/04/16 11:29:40,01766,中国中车,CRRC,,5.12,0.01,0.1957,5.11,5.11,5.13,5.08,5014000,25568590,5.11,5.12
2026/04/16 11:29:35,01767,TS WONDERS,TS WONDERS,,0.36,0.005,1.40845,0.355,0.36,0.36,0.36,110000,39600,0.345,0.36
2026/04/16 11:32:56,01768,鸣鸣很忙,BUSYMING,,403.4,3.4,0.85,400.0,396.4,405.0,391.0,21900,8732310,403.39999,403.79999
2026/04/16 11:32:21,01769,思考乐教育,SCHOLAR EDU,,1.62,0.0,0.0,1.62,1.62,1.66,1.58,101000,163690,1.6,1.62
2026/04/16 11:09:58,01771,新丰泰集团,SUNFONDA GP,,0.178,0.0,0.0,0.178,0.0,0.0,0.0,0,0,0.161,0.189
2026/04/16 11:35:18,01772,赣锋锂业,GANFENGLITHIUM,,83.7,5.25,6.69216,78.45,79.7,84.85,78.8,10522873,869147890,83.65,83.75
2026/04/16 11:34:28,01773,天立国际控股,TIANLI INT HLDG,,2.1,0.02,0.96154,2.08,2.1,2.1,2.07,3427000,7155450,2.09,2.1
2026/04/16 11:06:31,01775,精英汇集团,BEXCELLENT GP,,0.455,0.01,2.24719,0.445,0.44,0.455,0.44,176000,77860,0.435,0.455
2026/04/16 11:35:17,01776,广发证券,GF SEC,,16.96,0.51,3.1003,16.45,16.54,17.14,16.5,6668200,112353077,16.95,16.96
2026/04/16 10:44:03,01777,花样年控股,FANTASIA,,0.092,0.011,13.58025,0.081,0.078,0.092,0.078,604500,49768,0.08,0.084
2026/04/16 09:30:09,01778,彩生活,COLOUR LIFE,,0.21,0.0,0.0,0.21,0.0,0.0,0.0,0,0,0.202,0.216
2026/04/16 08:55:00,01780,荣尊国际控股,RONGZUN INT'L H,,1.0,0.0,0.0,1.0,0.0,0.0,0.0,0,0,0.0,0.0
2026/04/16 11:32:20,01782,国际商业数字技术,IB DIGITAL TECH,,3.35,0.15,4.6875,3.2,3.35,3.35,3.35,30000,100500,3.2,3.35
2026/04/16 11:35:16,01783,晋景新能,ENVISION GREEN,,3.16,-0.06,-1.86335,3.22,3.24,3.24,3.12,2087000,6582960,3.14,3.16
2026/04/16 09:41:43,01785,成都高速,CHENGDU EXPWAY,,2.09,0.0,0.0,2.09,2.09,2.09,2.09,40000,83600,2.05,2.09
2026/04/16 11:08:11,01786,铁建装备,CRCCE,,0.87,0.0,0.0,0.87,0.0,0.0,0.0,0,0,0.85,0.88
2026/04/16 11:35:13,01787,山东黄金,SD GOLD,,33.12,0.02,0.06042,33.1,33.3,33.36,32.52,6084639,199778160,33.12,33.14
2026/04/16 11:35:21,01788,国泰君安国际,GUOTAI JUNAN I,,2.67,0.04,1.52091,2.63,2.66,2.72,2.62,104848600,279814759,2.67,2.68
2026/04/16 11:34:09,01789,爱康医疗,AK MEDICAL,,7.04,0.01,0.14225,7.03,6.93,7.06,6.93,1082000,7580480,7.0,7.04
2026/04/16 09:38:02,01790,达力环保,TIL ENVIRO,,0.52,0.0,0.0,0.52,0.0,0.0,0.0,0,0,0.435,0.58
2026/04/16 10:59:08,01792,CMON,CMON,,1.19,0.0,0.0,1.19,0.0,0.0,0.0,0,0,1.08,1.18
2026/04/16 11:00:25,01793,伟工控股,WECON HOLDINGS,,0.265,-0.005,-1.85185,0.27,0.265,0.265,0.265,120000,31800,0.265,0.27
2026/04/16 10:29:36,01795,亚东集团,YADONG GROUP,,0.51,0.0,0.0,0.51,0.51,0.51,0.51,15000,7650,0.495,0.51
2026/04/16 08:55:00,01796,中国数智科技,METASPACEX,,0.66,0.0,0.0,0.66,0.0,0.0,0.0,0,0,0.0,0.0
2026/04/16 11:35:32,01797,东方甄选,EAST BUY,,29.04,0.56,1.96629,28.48,28.96,30.12,28.64,6883000,203880700,29.02,29.04
2026/04/16 11:35:28,01798,大唐新能源,DATANG RENEW,,1.5,0.02,1.35135,1.48,1.5,1.51,1.48,6232000,9330282,1.49,1.5
2026/04/16 11:35:15,01799,新特能源,XINTE ENERGY,,5.77,0.43,8.05243,5.34,5.48,5.78,5.45,1744400,9899836,5.76,5.77
2026/04/16 11:34:02,01800,中国交通建设,CHINA COMM CONS,,4.57,0.03,0.66079,4.54,4.55,4.6,4.53,2613151,11930229,4.56,4.57
2026/04/16 11:35:30,01801,信达生物,INNOVENT BIO,,91.95,0.55,0.60175,91.4,91.4,92.4,89.45,4957198,451699543,91.9,91.95
2026/04/16 08:55:00,01802,文业集团,WENYE GROUP,,0.045,0.0,0.0,0.045,0.0,0.0,0.0,0,0,0.0,0.0
2026/04/16 11:17:42,01803,北京体育文化,BJ SPORTS & ENT,,0.075,0.0,0.0,0.075,0.0,0.0,0.0,0,0,0.076,0.079
2026/04/16 11:17:15,01808,企展控股,ENTERPRISE DEV,,2.29,0.0,0.0,2.29,2.29,2.29,2.29,42000,96180,2.11,2.29
2026/04/16 11:21:12,01809,浦林成山,PRINX CHENGSHAN,,8.01,-0.08,-0.98888,8.09,8.05,8.07,7.96,11500,92031,7.96,8.03
2026/04/16 11:35:33,01810,小米集团－Ｗ,XIAOMI-W,,31.62,0.72,2.3301,30.9,31.06,31.68,31.06,80769781,2533545261,31.6,31.62
2026/04/16 11:34:20,01811,中广核新能源,CGN NEW ENERGY,,2.62,-0.02,-0.75758,2.64,2.64,2.65,2.61,1702000,4473820,2.62,2.63
2026/04/16 10:54:46,01812,晨鸣纸业,CHENMING PAPER,,1.15,0.02,1.76991,1.13,1.13,1.16,1.13,186000,213905,1.15,1.16
2026/04/16 11:07:45,01813,合景泰富集团,KWG GROUP,,0.173,-0.006,-3.35196,0.179,0.175,0.175,0.171,121000,21006,0.172,0.173
2026/04/16 11:31:08,01815,珠峰黄金,EVEREST GOLD,,1.09,0.0,0.0,1.09,1.07,1.1,1.07,2011000,2195360,1.08,1.09
2026/04/16 11:35:30,01816,中广核电力,CGN POWER,,3.29,-0.04,-1.2012,3.33,3.35,3.36,3.28,20791000,68895810,3.29,3.3
2026/04/16 09:30:17,01817,慕尚集团控股,MULSANNE GROUP,,0.295,0.0,0.0,0.295,0.0,0.0,0.0,0,0,0.27,0.295
2026/04/16 11:35:31,01818,招金矿业,ZHAOJIN MINING,,32.7,-0.26,-0.78884,32.96,33.04,33.04,32.4,3086000,100611119,32.68,32.74
2026/04/16 09:52:34,01820,济丰包装,PM PACKAGING,,2.54,0.0,0.0,2.54,0.0,0.0,0.0,0,0,2.54,0.0
2026/04/16 11:01:15,01822,中木国际,CHINA WOOD INT,,0.144,0.0,0.0,0.144,0.0,0.0,0.0,9000,1170,0.133,0.14
2026/04/16 09:36:33,01823,华昱高速,HUAYUEXPRESSWAY,,1.69,0.0,0.0,1.69,0.0,0.0,0.0,0,0,0.0,1.69
2026/04/16 11:33:03,01825,STERLING GP-NEW,STERLING GP-NEW,,0.8,-0.1,-11.11111,0.9,0.88,0.88,0.8,5250,4310,0.8,0.87
2026/04/16 09:30:13,01826,丰展控股,FDB HOLDINGS,,0.174,0.0,0.0,0.174,0.0,0.0,0.0,0,0,0.156,0.175
2026/04/16 09:34:20,01827,卓珈控股,MIRICOR,,0.94,0.0,0.0,0.94,0.0,0.0,0.0,0,0,0.73,0.93
2026/04/16 11:33:11,01828,富卫集团,FWD,,31.54,-0.46,-1.4375,32.0,32.0,32.02,31.5,68800,2175548,31.5,31.54
2026/04/16 11:34:11,01830,完美医疗,PERFECT MEDICAL,,1.26,0.08,6.77966,1.18,1.16,1.29,1.15,688722,836717,1.25,1.26
2026/04/16 11:29:31,01831,十方控股,SHIFANG HLDG,,0.435,-0.015,-3.33333,0.45,0.445,0.445,0.435,1590000,693250,0.435,0.45
2026/04/16 11:30:28,01832,海天地悦旅,SAI LEISURE,,0.81,0.0,0.0,0.81,0.0,0.0,0.0,0,0,0.8,0.81
2026/04/16 11:35:33,01833,平安好医生,PA GOODDOCTOR,,12.29,0.4,3.36417,11.89,11.9,12.32,11.85,4426100,53453177,12.28,12.29
2026/04/16 09:30:13,01835,瑞威资管,REALWAY CAPITAL,,1.24,0.0,0.0,1.24,0.0,0.0,0.0,0,0,1.04,0.0
2026/04/16 11:29:52,01836,九兴控股,STELLA HOLDINGS,,14.93,-0.06,-0.40027,14.99,15.02,15.02,14.88,97500,1453495,14.9,14.93
2026/04/16 11:32:37,01837,五谷磨房,NATURAL FOOD IH,,1.75,0.04,2.33918,1.71,1.72,1.75,1.7,916000,1590160,1.74,1.75
2026/04/16 09:15:48,01841,优越集团控股,A.PLUS GROUP,,0.235,0.0,0.0,0.235,0.0,0.0,0.0,0,0,0.228,0.235
2026/04/16 11:33:19,01842,植华集团,GROWN UP GROUP,,0.045,0.002,4.65116,0.043,0.045,0.045,0.045,24000,1080,0.042,0.045
2026/04/16 10:53:42,01843,快餐帝国,SNACK EMPIRE,,0.144,0.0,0.0,0.144,0.0,0.0,0.0,0,0,0.142,0.15
2026/04/16 09:30:26,01845,维港环保科技,WG ENV TECH,,0.238,0.0,0.0,0.238,0.0,0.0,0.0,0,0,0.0,0.238
2026/04/16 10:57:46,01846,德视佳,EUROEYES,,2.89,0.0,0.0,2.89,0.0,0.0,0.0,0,0,2.73,2.88
2026/04/16 09:41:59,01847,云南建投混凝土,GHPC,,0.44,0.0,0.0,0.44,0.0,0.0,0.0,0,0,0.435,0.5
2026/04/16 11:27:53,01848,中国飞机租赁,CALC,,3.99,-0.05,-1.23762,4.04,4.05,4.05,3.93,242000,966590,3.97,3.99
2026/04/16 08:55:00,01849,秀商时代控股,AM GROUP,,0.05,0.0,0.0,0.05,0.0,0.0,0.0,0,0,0.0,0.0
2026/04/16 11:35:31,01850,鸿盛昌资源,HSC RESOURCES,,0.87,-0.13,-13.0,1.0,0.99,1.0,0.87,1510000,1396400,0.88,0.91
2026/04/16 11:35:16,01851,银杏教育,GINGKO EDU,,4.25,-0.03,-0.70094,4.28,4.34,4.45,4.25,658000,2857320,4.25,4.31
2026/04/16 08:55:00,01853,春城热力,CHUNCHENG HEAT,,1.74,0.0,0.0,1.74,0.0,0.0,0.0,0,0,0.0,0.0
2026/04/16 11:17:03,01854,中国万天控股,CHINA WANTIAN,,1.1,0.0,0.0,1.1,0.0,0.0,0.0,0,0,1.06,1.11
2026/04/16 11:34:07,01855,中庆股份,ZONQING LTD,,0.345,0.01,2.98508,0.335,0.345,0.385,0.345,286000,101060,0.345,0.355
2026/04/16 10:50:57,01856,依波路,ERNEST BOREL,,1.76,-0.04,-2.22222,1.8,1.76,1.76,1.76,16000,28160,1.7,1.8
2026/04/16 11:31:38,01857,中国光大水务,CEB WATER,,1.45,-0.02,-1.36054,1.47,1.46,1.46,1.45,667000,968310,1.44,1.45
2026/04/16 11:34:53,01858,春立医疗,CHUNLI MEDICAL,,13.36,-0.19,-1.40221,13.55,13.58,13.65,13.19,332750,4438538,13.35,13.38
2026/04/16 11:35:33,01860,汇量科技,MOBVISTA,,15.56,0.59,3.94122,14.97,15.56,15.88,15.27,6345663,98601986,15.55,15.56
2026/04/16 09:00:44,01861,保宝龙科技,PRECIOUS DRAGON,,1.78,0.0,0.0,1.78,0.0,0.0,0.0,0,0,1.7,2.0
2026/04/16 08:55:00,01862,景瑞控股,JINGRUI HLDGS,,0.016,0.0,0.0,0.016,0.0,0.0,0.0,0,0,0.0,0.0
2026/04/16 08:55:00,01863,中国龙天集团,CHI LONGEVITY,,1.37,0.0,0.0,1.37,0.0,0.0,0.0,0,0,0.0,0.0
2026/04/16 11:18:36,01865,鹏高控股集团,PENGO HLDG GP,,0.44,0.0,0.0,0.44,0.44,0.45,0.43,1608000,703800,0.43,0.44
2026/04/16 11:34:15,01866,中国心连心化肥,CHINA XLX FERT,,11.41,0.23,2.05725,11.18,11.64,11.64,10.9,1702000,18976352,11.41,11.43
2026/04/16 11:18:01,01867,标准发展集团,STD DEV GROUP,,0.232,0.0,0.0,0.232,0.0,0.0,0.0,0,0,0.221,0.228
2026/04/16 10:13:15,01868,同方友友,NEO-NEON,,0.33,0.0,0.0,0.33,0.0,0.0,0.0,0,0,0.32,0.33
2026/04/16 11:28:39,01869,猫屎咖啡控股,KAFELAKU COFFEE,,0.112,0.007,6.66667,0.105,0.112,0.112,0.112,30000,3360,0.102,0.113
2026/04/16 10:45:06,01870,益美国际控股,ACME INTL HLDGS,,0.485,-0.005,-1.02041,0.49,0.49,0.495,0.48,110000,53387,0.48,0.485
2026/04/16 10:57:01,01871,向中国际,CHINA ORIENTED,,0.35,0.0,0.0,0.35,0.0,0.0,0.0,0,0,0.34,0.35
2026/04/16 11:34:17,01872,冠轈控股,GUAN CHAO HLDGS,,7.34,-0.41,-5.29032,7.75,7.64,7.85,7.2,1005000,7445450,7.28,7.33
2026/04/16 11:26:47,01873,维亚生物,VIVA BIOTECH,,1.94,-0.02,-1.02041,1.96,1.97,1.98,1.93,1436500,2794985,1.93,1.94
2026/04/16 11:31:57,01875,东曜药业－Ｂ,BIODLINK-B,,4.85,-0.08,-1.62272,4.93,4.93,4.93,4.81,354800,1716304,4.83,4.88
2026/04/16 11:35:09,01876,百威亚太,BUD APAC,,7.46,-0.07,-0.92962,7.53,7.53,7.54,7.41,6064700,45267431,7.45,7.46
2026/04/16 11:35:27,01877,君实生物,JUNSHI BIO,,27.66,0.16,0.58182,27.5,27.6,27.98,27.02,2415800,66698824,27.56,27.66
2026/04/16 11:17:30,01878,南戈壁,SOUTHGOBI,,2.08,0.03,1.46342,2.05,2.05,2.09,2.05,150650,310550,2.06,2.08
2026/04/16 11:34:44,01880,中国中免,CTG DUTY-FREE,,66.7,1.0,1.52207,65.7,66.4,67.0,65.8,374400,24855825,66.7,66.75
2026/04/16 11:34:31,01882,海天国际,HAITIAN INT'L,,21.58,-0.12,-0.553,21.7,21.76,21.96,21.52,644000,13977200,21.58,21.62
2026/04/16 11:35:12,01883,中信国际电讯,CITIC TELECOM,,2.78,0.0,0.0,2.78,2.78,2.8,2.76,609000,1689853,2.76,2.78
2026/04/16 09:30:49,01884,ＥＰＲＩＮＴ集团,EPRINT GROUP,,0.109,0.0,0.0,0.109,0.0,0.0,0.0,0,0,0.097,0.108
2026/04/16 11:35:23,01888,建滔积层板,KB LAMINATES,,26.36,0.58,2.24981,25.78,25.84,26.62,25.04,14232175,369774324,26.32,26.36
2026/04/16 11:25:17,01889,三爱健康集团,SANAI HEALTH GP,,0.32,0.0,0.0,0.32,0.32,0.32,0.32,15000,4800,0.3,0.315
2026/04/16 11:11:31,01890,中国科培,CHINA KEPEI,,1.24,0.03,2.47934,1.21,1.22,1.24,1.22,900000,1101100,1.21,1.24
2026/04/16 10:17:37,01891,兴合控股,HENG HUP,,0.139,0.0,0.0,0.139,0.0,0.0,0.0,0,0,0.139,0.148
2026/04/16 11:29:58,01894,恒益控股,HANG YICK HLDGS,,0.28,-0.005,-1.75439,0.285,0.275,0.285,0.275,1280000,357375,0.28,0.285
2026/04/16 11:25:31,01895,鑫苑服务,XINYUAN PM,,0.455,0.0,0.0,0.455,0.45,0.455,0.45,114000,51810,0.45,0.46
2026/04/16 11:34:24,01896,猫眼娱乐,MAOYAN ENT,,5.92,0.06,1.02389,5.86,5.86,5.93,5.86,1534600,9067332,5.92,5.93
2026/04/16 09:30:31,01897,美亨实业,MILLIONHOPE IND,,0.48,0.0,0.0,0.48,0.0,0.0,0.0,0,0,0.465,0.54
2026/04/16 11:35:31,01898,中煤能源,CHINA COAL,,13.59,0.06,0.44346,13.53,13.54,13.66,13.39,6144200,83168534,13.57,13.58
2026/04/16 09:48:46,01899,兴达国际,XINGDA INT'L,,1.22,0.0,0.0,1.22,0.0,0.0,0.0,0,0,1.21,1.25
2026/04/16 11:20:12,01900,中国智能交通,CHINA ITS,,0.23,-0.02,-8.0,0.25,0.241,0.241,0.222,389000,90310,0.232,0.247
2026/04/16 09:56:07,01901,飞扬集团,FEIYANG GROUP,,0.305,-0.005,-1.6129,0.31,0.3,0.31,0.3,130000,39170,0.3,0.31
2026/04/16 11:23:40,01903,JBB BUILDERS,JBB BUILDERS,,2.28,-0.02,-0.86957,2.3,2.3,2.3,2.28,4000,9160,2.26,2.29
2026/04/16 11:34:46,01905,海通恒信,HAITONG UT,,0.83,0.0,0.0,0.83,0.83,0.83,0.82,792000,651840,0.82,0.83
2026/04/16 11:30:34,01906,博尼控股,BONNY HLDG,,0.54,0.01,1.88679,0.53,0.53,0.55,0.53,1495000,796650,0.54,0.55
2026/04/16 11:31:48,01907,中国旭阳集团,CHINA RISUN GP,,3.09,-0.02,-0.64309,3.11,3.07,3.11,3.06,4618000,14258680,3.08,3.09
2026/04/16 11:34:00,01908,建发国际集团,C&D INTL GROUP,,14.26,0.06,0.42254,14.2,14.2,14.36,14.07,1288546,18283166,14.25,14.26
2026/04/16 11:30:30,01909,火岩控股,FIRE ROCK,,1.98,-0.01,-0.50251,1.99,1.98,1.98,1.98,12000,23760,1.92,1.99
2026/04/16 11:31:23,01910,新秀丽,SAMSONITE,,15.55,0.37,2.43742,15.18,15.18,15.64,15.12,4931700,75737644,15.51,15.54
2026/04/16 11:35:09,01911,华兴资本控股,CR HOLDINGS,,3.56,-0.07,-1.92838,3.63,3.6,3.68,3.51,169200,610760,3.55,3.6
2026/04/16 11:23:31,01912,康特隆,CONTEL,,0.38,0.02,5.55556,0.36,0.38,0.38,0.38,5000,1900,0.38,0.385
2026/04/16 11:35:27,01913,普拉达,PRADA,,37.54,0.56,1.51433,36.98,37.1,38.68,37.06,996680,37156489,37.52,37.54
2026/04/16 08:55:00,01915,泰和小贷,TAIHE M-FIN,,0.265,0.0,0.0,0.265,0.0,0.0,0.0,0,0,0.0,0.0
2026/04/16 09:00:15,01916,江西银行,JIANGXI BANK,,0.68,0.0,0.0,0.68,0.0,0.0,0.0,0,0,0.68,0.7
2026/04/16 11:20:18,01917,豆盟科技,DOUMOB,,0.11,0.001,0.91743,0.109,0.11,0.11,0.11,40000,4400,0.102,0.109
2026/04/16 11:35:15,01918,融创中国,SUNAC,,1.06,0.0,0.0,1.06,1.07,1.07,1.05,58616000,61776685,1.05,1.06
2026/04/16 11:35:33,01919,中远海控,COSCO SHIP HOLD,,15.01,-0.13,-0.85865,15.14,15.15,15.25,15.0,4665700,70357145,15.0,15.01
2026/04/16 11:33:17,01920,中国网成,CHINA WACAN,,1.05,-0.01,-0.9434,1.06,1.08,1.08,1.05,425000,448750,1.06,1.07
2026/04/16 11:34:47,01921,达力普控股,DALIPAL HLDG,,6.02,0.03,0.50084,5.99,6.25,6.25,5.92,3002000,17978820,5.99,6.02
2026/04/16 09:43:18,01925,旷世芳香,KWUNGS AROMA,,1.23,0.0,0.0,1.23,1.23,1.23,1.23,20000,24600,1.23,1.25
2026/04/16 11:03:43,01927,久久王,JIUJIUWANG,,0.145,0.0,0.0,0.145,0.144,0.145,0.144,25000,3620,0.145,0.147
2026/04/16 11:35:00,01928,金沙中国有限公司,SANDS CHINA LTD,,17.43,0.28,1.63265,17.15,17.2,17.5,17.2,3302144,57298567,17.42,17.43
2026/04/16 11:35:27,01929,周大福,CHOW TAI FOOK,,11.4,0.04,0.35211,11.36,11.36,11.48,11.25,5971196,67894258,11.4,11.41
2026/04/16 11:32:25,01930,勋龙,SHINELONG,,0.395,0.0,0.0,0.395,0.38,0.395,0.375,68000,26160,0.38,0.395
2026/04/16 11:19:13,01931,华检医疗,ETHK LABS INC.,,1.05,0.0,0.0,1.05,1.05,1.05,1.03,248000,259280,1.04,1.06
2026/04/16 08:55:00,01932,中漆集团,CPM GROUP,,0.249,0.0,0.0,0.249,0.0,0.0,0.0,0,0,0.0,0.0
2026/04/16 10:23:11,01933,元力控股,ONEFORCE HLDGS,,0.215,0.0,0.0,0.215,0.0,0.0,0.0,0,0,0.214,0.224
2026/04/16 11:16:51,01935,嘉宏教育,JH EDUCATION,,1.24,0.0,0.0,1.24,0.0,0.0,0.0,0,0,1.12,1.21
2026/04/16 10:31:37,01936,利特米,RITAMIX,,0.82,0.04,5.12821,0.78,0.82,0.82,0.82,6000,4920,0.77,0.82
2026/04/16 11:16:44,01937,佳辰控股,JIACHEN HOLDING,,0.147,0.0,0.0,0.147,0.147,0.147,0.147,5000,735,0.146,0.165
2026/04/16 11:30:06,01938,珠江钢管,CHU KONG PIPE,,0.325,0.01,3.1746,0.315,0.315,0.33,0.315,420000,136685,0.325,0.33
2026/04/16 11:35:11,01939,上善黄金,SHANGSHAN GOLD,,0.485,0.025,5.43478,0.46,0.46,0.495,0.45,1062000,508190,0.48,0.495
2026/04/16 11:22:31,01940,CGII HLDGS,CGII HLDGS,,1.28,-0.02,-1.53846,1.3,1.28,1.3,1.26,100000,127940,1.27,1.28
2026/04/16 11:33:39,01941,烨星集团,YE XING GROUP,,0.295,0.0,0.0,0.295,0.0,0.0,0.0,0,0,0.295,0.3
2026/04/16 11:35:24,01942,马可数字科技,MOG DIGITECH,,0.215,-0.003,-1.37615,0.218,0.218,0.219,0.212,952000,204644,0.215,0.216
2026/04/16 11:11:29,01943,金石控股集团,KING'S STONE,,0.62,-0.01,-1.5873,0.63,0.62,0.63,0.62,1025000,643650,0.62,0.63
2026/04/16 11:20:04,01945,清科控股,ZERO2IPO,,1.62,0.05,3.18471,1.57,1.56,1.62,1.49,207200,315244,1.53,1.59
2026/04/16 09:30:09,01947,美皓集团,MEIHAO GROUP,,0.37,0.0,0.0,0.37,0.0,0.0,0.0,0,0,0.345,0.38
2026/04/16 11:34:37,01948,优矩控股,UJU HOLDING,,3.68,0.13,3.66197,3.55,4.5,4.7,3.55,28000,106290,3.78,4.69
2026/04/16 09:32:43,01949,佰达国际控股,PLATT NERA,,0.8,0.0,0.0,0.8,0.0,0.0,0.0,0,0,0.71,0.82
2026/04/16 11:10:09,01950,帝王实业控股,DIWANG IND H,,0.141,-0.006,-4.08163,0.147,0.136,0.141,0.133,968000,130192,0.134,0.137
2026/04/16 11:34:39,01951,锦欣生殖,JXR,,2.43,0.03,1.25,2.4,2.4,2.44,2.38,7369500,17741340,2.42,2.43
2026/04/16 11:35:29,01952,云顶新耀,EVEREST MED,,39.46,-0.92,-2.27836,40.38,40.4,40.4,39.38,1589000,62944770,39.46,39.5
2026/04/16 08:55:00,01953,RIMBACO,RIMBACO,,0.65,0.0,0.0,0.65,0.0,0.0,0.0,0,0,0.0,0.0
2026/04/16 10:45:39,01955,庄臣控股,JOHNSON HLDGS,,0.51,0.0,0.0,0.51,0.51,0.51,0.51,4000,2040,0.51,0.53
2026/04/16 10:30:10,01957,大人国际,MBV INTL,,0.23,0.0,0.0,0.23,0.0,0.0,0.0,0,0,0.223,0.229
2026/04/16 11:33:11,01958,北京汽车,BAIC MOTOR,,1.53,-0.01,-0.64935,1.54,1.54,1.55,1.53,770500,1185025,1.53,1.54
2026/04/16 11:25:47,01959,中聚投资,ZHONG JU INVEST,,4.41,0.11,2.55814,4.3,4.35,4.5,4.34,94000,417100,4.42,4.5
2026/04/16 11:25:45,01960,TBKS HLDGS,TBKS HLDGS,,0.405,0.0,0.0,0.405,0.0,0.0,0.0,0,0,0.39,0.42
2026/04/16 08:55:00,01961,多牛科技,INFINITIES TECH,,0.099,0.0,0.0,0.099,0.0,0.0,0.0,0,0,0.0,0.0
2026/04/16 09:44:00,01962,训修实业,EVERGREEN PG,,0.47,0.0,0.0,0.47,0.0,0.0,0.0,0,0,0.455,0.47
2026/04/16 11:32:28,01963,重庆银行,BCQ,,8.15,-0.06,-0.73082,8.21,8.23,8.23,8.13,367500,2999930,8.14,8.15
2026/04/16 09:30:28,01965,朗诗绿色生活,LANDSEA LIFE,,0.137,0.0,0.0,0.137,0.0,0.0,0.0,0,0,0.126,0.136
2026/04/16 11:14:14,01966,中骏集团控股,CHINA SCE GROUP,,0.063,-0.001,-1.5625,0.064,0.062,0.063,0.062,1199000,75037,0.061,0.063
2026/04/16 09:48:32,01967,信恳智能,CONFIDENCE IN,,0.39,0.0,0.0,0.39,0.0,0.0,0.0,3000,1155,0.38,0.39
2026/04/16 09:30:06,01968,兴纺控股,HINGTEX HLDGS,,0.169,0.0,0.0,0.169,0.0,0.0,0.0,0,0,0.17,0.179
2026/04/16 11:27:44,01969,中国春来,CHINA CHUNLAI,,1.4,0.01,0.71942,1.39,1.43,1.43,1.38,384000,540470,1.4,1.42
2026/04/16 11:28:20,01970,IMAX CHINA,IMAX CHINA,,7.8,-0.05,-0.63694,7.85,7.9,8.2,7.8,28500,224339,7.5,7.78
2026/04/16 09:30:04,01971,弘阳服务,RSUN SER,,0.38,0.0,0.0,0.38,0.0,0.0,0.0,0,0,0.34,0.38
2026/04/16 11:35:33,01972,太古地产,SWIREPROPERTIES,,24.74,0.0,0.0,24.74,24.38,24.88,24.38,360230,8897597,24.72,24.74
2026/04/16 09:58:57,01973,天图投资,TIAN TU CAPITAL,,2.6,0.0,0.0,2.6,0.0,0.0,0.0,0,0,2.31,2.6
2026/04/16 10:49:05,01975,新兴印刷,SUN HING PRINT,,0.39,0.005,1.2987,0.385,0.39,0.39,0.39,16000,6240,0.39,0.4
2026/04/16 11:09:26,01977,安乐工程,ANALOGUE HLDGS,,1.0,0.0,0.0,1.0,0.0,0.0,0.0,0,0,0.99,1.02
2026/04/16 09:04:36,01978,叙福楼集团,LH GROUP,,0.32,0.0,0.0,0.32,0.0,0.0,0.0,0,0,0.32,0.34
2026/04/16 10:00:54,01979,天宝集团,TEN PAO GROUP,,2.46,0.01,0.40816,2.45,2.48,2.48,2.46,48000,118360,2.44,2.47
2026/04/16 11:01:02,01980,天鸽互动,TIANGE,,0.71,0.0,0.0,0.71,0.0,0.0,0.0,14000,9800,0.7,0.71
2026/04/16 11:35:28,01981,华夏控股,CATHAY GP HLDGS,,0.82,-0.02,-2.38095,0.84,0.83,0.83,0.82,74000,61380,0.82,0.84
2026/04/16 09:40:17,01982,南旋控股,NAMESON HLDGS,,1.02,0.0,0.0,1.02,0.0,0.0,0.0,0,0,1.02,1.04
2026/04/16 11:33:36,01983,泸州银行,LUZHOU BANK,,2.32,0.0,0.0,2.32,0.0,0.0,0.0,0,0,2.25,2.45
2026/04/16 11:06:52,01985,美高域,MICROWARE,,1.32,0.02,1.53846,1.3,1.32,1.32,1.32,6000,7920,1.31,1.32
2026/04/16 11:12:56,01986,彩客新能源,TSAKER NE,,0.8,0.0,0.0,0.8,0.81,0.81,0.8,214500,173590,0.8,0.81
2026/04/16 10:43:33,01987,BENG SOON MACH,BENG SOON MACH,,0.21,0.0,0.0,0.21,0.21,0.21,0.21,40000,8580,0.211,0.219
2026/04/16 11:34:49,01988,民生银行,MINSHENG BANK,,3.64,-0.02,-0.54645,3.66,3.66,3.66,3.62,7893504,28687179,3.64,3.65
2026/04/16 11:35:05,01989,广合科技,DELTON,,133.4,5.1,3.97506,128.3,128.2,134.4,128.0,908862,119782323,133.5,133.7
2026/04/16 08:55:00,01991,大洋集团,TA YANG GROUP,,0.58,0.0,0.0,0.58,0.0,0.0,0.0,0,0,0.0,0.0
2026/04/16 09:48:59,01993,雅仕维,ASIARAY,,0.65,0.07,12.06897,0.58,0.65,0.65,0.65,500,325,0.55,0.65
2026/04/16 11:32:16,01995,永升服务,ES SERVICES,,1.9,-0.03,-1.5544,1.93,1.93,1.93,1.9,810000,1543050,1.9,1.91
2026/04/16 09:30:26,01996,弘阳地产,RSUN PPT,,0.024,0.0,0.0,0.024,0.0,0.0,0.0,0,0,0.023,0.027
2026/04/16 11:35:25,01997,九龙仓置业,WHARF REIC,,24.02,0.1,0.41806,23.92,23.74,24.12,23.66,2120677,50865457,24.02,24.04
2026/04/16 11:35:32,01999,敏华控股,MAN WAH HLDGS,,4.2,-0.04,-0.9434,4.24,4.28,4.3,4.2,5210000,22026676,4.2,4.21
2026/04/16 11:18:19,02000,晨讯科技,SIM TECH,,0.27,-0.02,-6.89655,0.29,0.28,0.28,0.27,80000,22050,0.275,0.285
2026/04/16 11:35:18,02001,新高教集团,NEW HIGHER EDU,,0.74,0.0,0.0,0.74,0.74,0.74,0.73,1247074,916302,0.73,0.74
2026/04/16 09:52:10,02002,阳光纸业,SUNSHINE PAPER,,1.05,0.0,0.0,1.05,0.0,0.0,0.0,0,0,1.01,1.09
2026/04/16 11:13:58,02003,维信金科,VCREDIT,,1.25,0.03,2.45902,1.22,1.25,1.25,1.25,59200,74000,1.24,1.28
2026/04/16 11:29:26,02005,石四药集团,SSY GROUP,,2.51,0.0,0.0,2.51,2.5,2.51,2.48,850000,2120270,2.49,2.51
2026/04/16 11:35:27,02007,碧桂园,COUNTRY GARDEN,,0.295,0.0,0.0,0.295,0.295,0.3,0.29,75737332,22302779,0.29,0.295
2026/04/16 10:53:50,02008,凤凰卫视,PHOENIX TV,,1.72,-0.07,-3.91062,1.79,1.73,1.73,1.71,61000,104940,1.72,1.77
2026/04/16 11:28:54,02009,金隅集团,BBMG,,0.78,-0.01,-1.26582,0.79,0.79,0.79,0.78,4102000,3200720,0.78,0.79
2026/04/16 11:30:45,02011,进腾集团,GILSTON GROUP,,1.2,0.0,0.0,1.2,0.0,0.0,0.0,0,0,1.0,1.36
2026/04/16 11:29:22,02012,阳光油砂,SUNSHINE OIL,,0.35,0.005,1.44928,0.345,0.35,0.355,0.35,928000,326480,0.35,0.355
2026/04/16 11:34:46,02013,微盟集团,WEIMOB INC,,1.6,0.05,3.22581,1.55,1.57,1.6,1.55,26139500,41433137,1.59,1.6
2026/04/16 11:35:22,02015,理想汽车－Ｗ,LI AUTO-W,,71.6,0.7,0.98731,70.9,70.95,72.15,70.95,3547739,254059692,71.55,71.6
2026/04/16 11:35:27,02016,浙商银行,CZBANK,,2.43,0.0,0.0,2.43,2.43,2.44,2.42,2008000,4886024,2.43,2.44
2026/04/16 11:10:57,02017,沧海控股,CHANHIGH,,0.209,0.0,0.0,0.209,0.209,0.209,0.209,60000,12540,0.208,0.209
2026/04/16 11:35:25,02018,瑞声科技,AAC TECH,,36.4,0.36,0.99889,36.04,36.1,36.48,36.02,937548,33960546,36.4,36.42
2026/04/16 11:35:33,02020,安踏体育,ANTA SPORTS,,84.15,0.4,0.47761,83.75,84.9,84.9,83.85,2834090,238791477,84.05,84.1
2026/04/16 10:05:46,02022,游莱互动,DIGIT HOLLYWOOD,,0.048,0.0,0.0,0.048,0.0,0.0,0.0,0,0,0.045,0.049
2026/04/16 11:23:41,02023,中国绿岛科技,CHINA LUDAO,,0.73,-0.01,-1.35135,0.74,0.72,0.74,0.69,156000,111120,0.7,0.73
2026/04/16 11:17:53,02025,瑞丰动力,RUIFENG POWER,,10.98,0.14,1.29151,10.84,11.09,11.09,10.92,156000,1723120,0.0,11.0
2026/04/16 11:34:33,02026,小马智行－Ｗ,PONY-W,,88.25,8.2,10.2436,80.05,85.05,88.5,85.05,390600,33922295,88.1,88.25
2026/04/16 10:42:20,02028,映美控股,JOLIMARK,,0.119,0.0,0.0,0.119,0.0,0.0,0.0,0,0,0.119,0.137
2026/04/16 09:35:23,02030,卡宾,CABBEEN,,1.31,0.0,0.0,1.31,0.0,0.0,0.0,0,0,1.31,1.32
2026/04/16 11:11:51,02031,澳至尊,AUSUPREME,,0.34,-0.015,-4.22535,0.355,0.345,0.345,0.335,290000,97550,0.335,0.345
2026/04/16 09:30:27,02033,时计宝,TIME WATCH,,0.29,0.0,0.0,0.29,0.0,0.0,0.0,0,0,0.285,0.315
2026/04/16 11:31:30,02038,富智康集团,FIH,,21.12,0.0,0.0,21.12,21.36,21.5,20.88,208912,4426993,21.0,21.12
2026/04/16 11:35:23,02039,中集集团,CIMC,,10.86,0.0,0.0,10.86,10.84,11.05,10.74,644900,6992042,10.85,10.86
2026/04/16 10:59:13,02048,易居企业控股,E-HOUSE ENT,,0.063,0.0,0.0,0.063,0.0,0.0,0.0,0,0,0.058,0.063
2026/04/16 11:35:06,02050,三花智控,SANHUA,,31.48,0.44,1.41753,31.04,31.72,32.74,31.4,7663444,244117390,31.48,31.5
2026/04/16 11:33:25,02051,VALA,VALA,,0.66,0.01,1.53846,0.65,0.66,0.66,0.65,1050000,685000,0.64,0.66
2026/04/16 11:35:14,02057,中通快递－Ｗ,ZTO EXPRESS-W,,198.6,-0.8,-0.4012,199.4,200.2,204.8,198.2,664331,132452177,198.60001,198.7
2026/04/16 11:34:05,02068,中铝国际,CHALIECO,,2.65,0.0,0.0,2.65,2.67,2.67,2.64,4660000,12376410,2.64,2.65
2026/04/16 11:32:16,02076,ＢＯＳＳ直聘－Ｗ,BOSS ZHIPIN-W,,55.5,3.1,5.91603,52.4,54.7,55.7,54.65,97236,5347011,55.45,55.55
2026/04/16 10:50:14,02078,荣阳实业,PANASIALUM,,0.129,-0.001,-0.76923,0.13,0.115,0.129,0.115,12000,1408,0.115,0.129
2026/04/16 11:21:30,02080,奥克斯国际,AUX INTL,,0.255,0.0,0.0,0.255,0.25,0.255,0.25,42000,10510,0.25,0.255
2026/04/16 09:30:51,02086,高维科技,LEADWAY TECH,,0.405,0.0,0.0,0.405,0.0,0.0,0.0,0,0,0.3,0.475
2026/04/16 08:55:00,02088,西王置业,XIWANG PROPERTY,,0.038,0.0,0.0,0.038,0.0,0.0,0.0,0,0,0.0,0.0
2026/04/16 11:34:51,02096,先声药业,SIMCERE PHARMA,,13.74,-0.23,-1.64639,13.97,13.98,13.98,13.64,2162000,29815989,13.74,13.75
2026/04/16 11:35:08,02097,蜜雪集团,MIXUE GROUP,,290.2,2.4,0.83391,287.8,292.0,292.8,286.4,184200,53321289,290.0,291.0
2026/04/16 10:09:07,02098,卓尔智联,ZALL SMARTCOM,,0.1,-0.001,-0.9901,0.101,0.1,0.1,0.1,193000,19300,0.1,0.102
2026/04/16 11:35:14,02099,中国黄金国际,CHINAGOLDINTL,,190.7,2.7,1.43617,188.0,188.0,191.0,186.6,427545,80653432,190.60001,190.7
2026/04/16 11:35:11,02100,百奥家庭互动,BAIOO,,0.52,0.01,1.96078,0.51,0.51,0.52,0.5,4230000,2167360,0.51,0.52
2026/04/16 11:16:16,02101,福禄控股,FULU HOLDINGS,,1.18,0.0,0.0,1.18,0.0,0.0,0.0,0,0,1.18,1.28
2026/04/16 11:05:11,02102,德利机械,TAK LEE MACH,,0.295,0.0,0.0,0.295,0.295,0.295,0.295,60000,17700,0.29,0.3
2026/04/16 11:32:54,02105,来凯医药－Ｂ,LAEKNA-B,,17.69,0.19,1.08571,17.5,17.85,18.26,17.22,1487500,26489780,17.6,17.69
2026/04/16 10:41:17,02107,第一服务控股,FIRST SERVICE,,0.183,-0.003,-1.6129,0.186,0.184,0.184,0.174,80000,14100,0.171,0.183
2026/04/16 11:20:05,02108,K2 F&B,K2 F&B,,0.42,-0.005,-1.17647,0.425,0.425,0.47,0.42,252000,113140,0.42,0.465
2026/04/16 11:34:34,02110,天成控股,TIAN CHENG HLDG,,0.15,0.045,42.85714,0.105,0.12,0.185,0.12,87105000,14019660,0.15,0.153
2026/04/16 11:33:37,02111,超盈国际控股,BEST PACIFIC,,2.88,0.0,0.0,2.88,2.89,2.89,2.85,98000,280260,2.85,2.88
2026/04/16 11:24:06,02112,恩典生命科技,GRACE LIFE-TECH,,0.078,-0.005,-6.0241,0.083,0.078,0.083,0.077,2108000,165062,0.078,0.082
2026/04/16 10:09:36,02113,世纪集团国际,CENTURY GP INTL,,0.063,0.0,0.0,0.063,0.0,0.0,0.0,0,0,0.058,0.069
2026/04/16 11:35:19,02116,江苏创新,JS INNOV,,0.69,0.0,0.0,0.69,0.69,0.69,0.69,6000,4120,0.67,0.68
2026/04/16 09:00:38,02119,捷荣国际控股,TSIT WING INTL,,0.49,0.0,0.0,0.49,0.0,0.0,0.0,0,0,0.49,0.5
2026/04/16 10:22:21,02120,康宁医院,KN HOSPITAL,,9.0,0.0,0.0,9.0,9.0,9.0,9.0,100,900,9.0,9.29
2026/04/16 11:34:09,02121,创新奇智,AINNOVATION,,4.82,-0.05,-1.02669,4.87,5.05,5.05,4.78,835900,4036813,4.81,4.83
2026/04/16 11:30:04,02122,凯知乐国际,KIDSLAND INTL,,0.144,-0.001,-0.68966,0.145,0.145,0.154,0.139,188000,27610,0.141,0.153
2026/04/16 10:54:09,02125,稻草熊娱乐,STRAWBEAR ENT,,0.35,0.0,0.0,0.35,0.35,0.35,0.345,698000,244135,0.345,0.35
2026/04/16 11:32:42,02126,药明巨诺－Ｂ,JW THERAP-B,,2.45,0.08,3.37553,2.37,2.37,2.5,2.3,1339000,3259550,2.45,2.46
2026/04/16 08:55:00,02127,汇森股份,HUISEN SHARES,,0.02,0.0,0.0,0.02,0.0,0.0,0.0,0,0,0.0,0.0
2026/04/16 11:35:14,02128,中国联塑,CHINA LESSO,,4.77,-0.05,-1.03734,4.82,4.76,4.86,4.73,6081000,28989530,4.77,4.79
2026/04/16 11:04:19,02129,LEGION CONSO,LEGION CONSO,,0.154,-0.007,-4.34783,0.161,0.153,0.154,0.152,310000,47440,0.155,0.159
2026/04/16 10:46:42,02130,嘉泓物流,CN LOGISTICS,,3.27,0.04,1.23839,3.23,3.27,3.27,3.23,11000,36100,3.24,3.27
2026/04/16 08:55:00,02131,云想科技,NETJOY,,0.455,0.0,0.0,0.455,0.0,0.0,0.0,0,0,0.0,0.0
2026/04/16 10:22:12,02132,誉燊丰控股,LANDRICH HLDG,,0.137,0.0,0.0,0.137,0.0,0.0,0.0,0,0,0.137,0.149
2026/04/16 11:17:31,02135,瑞丽医美,RAILY AESMED,,0.145,-0.002,-1.36054,0.147,0.145,0.145,0.145,22000,3170,0.14,0.147
2026/04/16 11:24:37,02136,利福中国,LIFESTYLE CHI,,0.64,-0.01,-1.53846,0.65,0.65,0.65,0.64,50500,32325,0.64,0.66
2026/04/16 11:28:57,02137,腾盛博药－Ｂ,BRII-B,,1.44,0.02,1.40845,1.42,1.42,1.44,1.42,288500,411830,1.43,1.44
2026/04/16 10:47:24,02138,医思健康,EC HEALTHCARE,,0.47,0.0,0.0,0.47,0.475,0.475,0.47,90000,42465,0.47,0.475
2026/04/16 11:34:43,02139,甘肃银行,BANK OF GANSU,,0.34,0.0,0.0,0.34,0.34,0.34,0.33,3734000,1251175,0.335,0.34
2026/04/16 11:32:12,02142,和铂医药－Ｂ,HBM HOLDINGS-B,,14.29,-0.19,-1.31216,14.48,14.52,14.59,14.21,1248000,17968532,14.31,14.39
2026/04/16 11:35:23,02145,上美股份,CHICMAX,,47.38,0.44,0.93737,46.94,47.76,48.0,46.82,294900,13982886,47.38,47.44
2026/04/16 09:42:36,02146,荣万家,ROISERV,,1.18,0.0,0.0,1.18,0.0,0.0,0.0,0,0,1.06,1.27
2026/04/16 10:19:48,02147,正味集团,ZHENGWEI GROUP,,0.6,0.0,0.0,0.6,0.0,0.0,0.0,0,0,0.52,0.6
2026/04/16 10:54:11,02149,贝克微,BATELAB,,34.4,0.0,0.0,34.4,34.4,34.4,34.4,7300,251120,33.58,34.78
2026/04/16 11:31:17,02150,奈雪的茶,NAYUKI,,0.81,0.02,2.53165,0.79,0.79,0.82,0.79,412500,333445,0.81,0.82
2026/04/16 11:29:38,02152,苏新服务,SUXIN SERVICES,,4.72,0.02,0.42553,4.7,4.72,4.72,4.72,8000,37760,4.68,4.72
2026/04/16 10:33:12,02153,达丰设备,TAT HONG EQUIP,,0.89,0.0,0.0,0.89,0.0,0.0,0.0,0,0,0.89,0.94
2026/04/16 11:34:57,02155,森松国际,MORIMATSU INTL,,6.92,0.0,0.0,6.92,7.0,7.02,6.75,2052442,14077846,6.91,6.92
2026/04/16 11:32:16,02156,建发物业,C&D PROPERTY,,2.88,0.03,1.05263,2.85,2.86,2.91,2.81,379000,1095140,2.88,2.89
2026/04/16 11:35:32,02157,乐普生物－Ｂ,LEPU BIO-B,,6.38,0.18,2.90323,6.2,6.2,6.45,6.14,11235000,70686860,6.38,6.4
2026/04/16 11:33:53,02158,医渡科技,YIDU TECH,,5.72,0.1,1.77936,5.62,5.7,5.74,5.62,2539900,14437983,5.71,5.73
2026/04/16 11:25:35,02159,麦迪卫康,MEDIWELCOME,,1.49,-0.01,-0.66667,1.5,1.5,1.5,1.49,104000,155040,1.49,1.58
2026/04/16 11:35:25,02160,微创心通－Ｂ,MP CARDIOFLOW-B,,3.03,0.01,0.33113,3.02,3.02,3.04,2.97,400000,1201272,3.03,3.05
2026/04/16 11:24:03,02161,健倍苗苗,JBM HEALTHCARE,,2.64,0.0,0.0,2.64,2.65,2.65,2.64,27518,72811,2.63,2.65
2026/04/16 11:35:38,02162,康诺亚－Ｂ,KEYMED BIO-B,,80.7,1.4,1.76545,79.3,79.3,81.85,78.05,1323307,106287043,80.5,80.7
2026/04/16 08:55:00,02163,远大住工,BROAD HOMES,,0.6,0.0,0.0,0.6,0.0,0.0,0.0,0,0,0.0,0.0
2026/04/16 11:22:08,02165,领悦服务集团,LING YUE SER GP,,1.74,0.0,0.0,1.74,0.0,0.0,0.0,0,0,1.69,1.74
2026/04/16 10:48:38,02166,芯智控股,SMART-CORE,,2.82,0.01,0.35587,2.81,2.77,2.82,2.77,66000,184840,2.78,2.81
2026/04/16 11:26:38,02167,天润云,TI CLOUD,,3.57,0.07,2.0,3.5,3.5,3.57,3.5,1200,4270,3.57,3.62
2026/04/16 10:23:35,02168,佳兆业美好,KAISA PROSPER,,1.07,-0.01,-0.92593,1.08,1.07,1.07,1.07,11250,12037,1.08,1.11
2026/04/16 11:26:25,02169,沧港铁路,CANGGANGRAILWAY,,0.57,-0.01,-1.72414,0.58,0.57,0.59,0.57,166000,96120,0.57,0.58
2026/04/16 09:36:53,02170,贝康医疗－Ｂ,BASECARE-B,,1.98,0.0,0.0,1.98,0.0,0.0,0.0,0,0,1.95,2.06
2026/04/16 11:35:10,02171,科济药业－Ｂ,CARSGEN-B,,24.58,2.58,11.72727,22.0,22.18,24.98,22.0,6711600,159937656,24.56,24.58
2026/04/16 11:30:50,02172,微创脑科学,MICROPORT NEURO,,11.14,-0.05,-0.44683,11.19,11.16,11.2,11.04,937000,10406770,11.13,11.16
2026/04/16 11:33:46,02175,中国通才教育,CH GENERAL EDU,,3.22,-0.08,-2.42424,3.3,3.47,3.47,3.02,220000,719700,3.1,3.22
2026/04/16 11:03:56,02176,赛迪顾问,CCID CONSULTING,,0.97,0.0,0.0,0.97,0.97,0.97,0.97,20000,19400,0.96,0.98
2026/04/16 11:00:19,02177,优趣汇控股,UNQ HOLDINGS,,2.68,0.13,5.09804,2.55,2.68,2.68,2.68,12800,34304,2.6,2.68
2026/04/16 11:35:44,02178,百勤油服,PETRO-KING,,0.229,-0.005,-2.13675,0.234,0.235,0.235,0.228,1492000,343320,0.229,0.231
2026/04/16 09:30:05,02179,瑞科生物－Ｂ,RECBIO-B,,5.11,0.0,0.0,5.11,0.0,0.0,0.0,0,0,0.0,5.18
2026/04/16 10:02:06,02180,万宝盛华,MANPOWER GRC,,5.55,0.0,0.0,5.55,0.0,0.0,0.0,0,0,5.56,5.59
2026/04/16 09:45:16,02181,迈博药业－Ｂ,MABPHARM-B,,0.435,0.0,0.0,0.435,0.435,0.435,0.435,20000,8610,0.435,0.445
2026/04/16 09:30:17,02182,天长集团,TIAN CHANG GP,,0.32,0.0,0.0,0.32,0.0,0.0,0.0,0,0,0.325,0.365
2026/04/16 11:35:48,02185,百心安－Ｂ,BIOHEART-B,,4.58,0.37,8.7886,4.21,4.4,4.61,4.36,291400,1304969,4.57,4.6
2026/04/16 11:35:02,02186,绿叶制药,LUYE PHARMA,,2.94,-0.09,-2.9703,3.03,3.04,3.04,2.93,12660000,37519352,2.94,2.95
2026/04/16 11:25:42,02187,智欣集团控股,ZHIXIN GP HLDG,,0.85,0.01,1.19048,0.84,0.87,0.87,0.85,6000,5160,0.84,0.85
2026/04/16 11:22:29,02188,泰坦能源技术,TITANS ENERGY,,0.13,0.001,0.77519,0.129,0.13,0.13,0.13,32000,4160,0.126,0.13
2026/04/16 10:03:49,02189,嘉涛（香港）控股,KATO (HK) HLDGS,,0.48,0.0,0.0,0.48,0.48,0.48,0.465,102993,49316,0.465,0.48
2026/04/16 11:34:37,02190,归创通桥,ZYLOXTB,,23.78,-0.42,-1.73554,24.2,24.16,24.3,23.56,220000,5235540,23.82,23.9
2026/04/16 11:33:09,02192,医脉通,MEDLIVE,,9.25,0.23,2.54989,9.02,9.1,9.3,9.02,1289000,11875950,9.24,9.28
2026/04/16 11:34:35,02193,万景控股,MAN KING HOLD,,0.34,0.0,0.0,0.34,0.32,0.34,0.32,120000,39420,0.33,0.345
2026/04/16 11:10:18,02195,盈汇企业控股,UNITY ENT,,0.335,-0.025,-6.94444,0.36,0.35,0.35,0.315,411400,135560,0.315,0.335
2026/04/16 11:35:47,02196,复星医药,FOSUN PHARMA,,20.32,-0.38,-1.83575,20.7,20.7,20.76,20.22,1551500,31627454,20.3,20.32
2026/04/16 11:35:14,02197,三叶草生物－Ｂ,CLOVER BIO-B,,2.97,-0.13,-4.19355,3.1,3.1,3.1,2.95,2807000,8393830,2.96,2.97
2026/04/16 11:35:33,02198,中国三江化工,CHINA SANJIANG,,5.16,-0.02,-0.3861,5.18,5.18,5.2,5.02,3982000,20293150,5.15,5.16
2026/04/16 11:35:45,02199,维珍妮,REGINA MIRACLE,,1.98,-0.02,-1.0,2.0,2.0,2.0,1.98,84000,167770,2.0,2.01
2026/04/16 11:35:17,02202,万科企业,CHINA VANKE,,3.03,0.03,1.0,3.0,3.01,3.05,3.0,4102300,12397372,3.02,3.03
2026/04/16 11:31:10,02203,脑洞科技,BRAINHOLE TECH,,0.167,0.004,2.45399,0.163,0.166,0.167,0.166,60000,10000,0.166,0.167
2026/04/16 10:36:38,02205,康桥悦生活,KANGQIAO SER,,1.17,0.0,0.0,1.17,0.0,0.0,0.0,0,0,1.01,1.17
2026/04/16 11:35:50,02208,金风科技,GOLDWIND,,14.99,0.02,0.1336,14.97,15.2,15.4,14.97,13370210,202320423,14.99,15.0
2026/04/16 11:17:47,02209,喆丽控股,YESASIA HLDGS,,3.47,-0.06,-1.69972,3.53,3.53,3.53,3.45,80000,280070,3.47,3.49
2026/04/16 10:36:07,02210,京城佳业,BEIJING JIAYE,,2.52,0.14,5.88235,2.38,2.49,2.52,2.49,268400,690016,2.39,2.52
2026/04/16 09:40:31,02211,大健康国际,UNI HEALTH,,0.54,0.0,0.0,0.54,0.0,0.0,0.0,0,0,0.54,0.56
2026/04/16 09:30:25,02212,高鹏矿业,FB MINING,,0.16,0.0,0.0,0.16,0.0,0.0,0.0,0,0,0.148,0.175
2026/04/16 09:12:46,02215,德信服务集团,DEXIN SER GROUP,,0.28,0.0,0.0,0.28,0.0,0.0,0.0,0,0,0.26,0.285
2026/04/16 10:49:31,02216,堃博医疗－Ｂ,BRONCUS-B,,1.42,0.05,3.64964,1.37,1.36,1.42,1.36,1000,1390,1.36,1.42
2026/04/16 11:35:36,02218,安德利果汁,ANDRE JUICE,,16.28,0.55,3.4965,15.73,15.73,16.36,15.73,758500,12250605,16.25,16.34
2026/04/16 11:30:52,02219,朝聚眼科,CHAOJU EYE CARE,,2.84,-0.01,-0.35088,2.85,2.84,2.85,2.82,46500,131945,2.84,2.85
2026/04/16 10:23:40,02221,创业集团控股,NEW CONCEPTS,,0.95,0.0,0.0,0.95,0.0,0.0,0.0,1200,1092,0.94,0.95
2026/04/16 10:07:50,02222,雷士国际,NVC INTL,,0.65,0.0,0.0,0.65,0.0,0.0,0.0,0,0,0.64,0.67
2026/04/16 11:34:43,02223,卡撒天娇,CASABLANCA,,0.95,-0.03,-3.06122,0.98,0.97,0.97,0.95,18000,17300,0.95,0.97
2026/04/16 11:34:48,02225,今海医疗科技,JINHAI MED TECH,,3.23,0.4,14.13428,2.83,2.84,3.26,2.84,6950000,21837575,3.23,3.24
2026/04/16 09:30:10,02226,老恒和酿造,HONWORLD GP,,0.42,0.0,0.0,0.42,0.0,0.0,0.0,0,0,0.4,0.42
2026/04/16 10:17:08,02227,守益控股,SOLIS HOLDINGS,,0.31,0.0,0.0,0.31,0.0,0.0,0.0,0,0,0.29,0.325
2026/04/16 11:35:35,02228,晶泰控股,XTALPI,,10.3,0.17,1.67818,10.13,10.26,10.37,10.08,27236070,278657646,10.29,10.3
2026/04/16 11:33:08,02230,羚邦集团,MEDIALINK GROUP,,0.233,0.003,1.30435,0.23,0.23,0.233,0.23,320000,74130,0.231,0.234
2026/04/16 11:24:41,02231,景业名邦集团,JY GRANDMARK,,0.038,0.001,2.7027,0.037,0.037,0.038,0.037,532000,19966,0.037,0.038
2026/04/16 11:35:09,02232,晶苑国际,CRYSTAL INTL,,6.28,0.07,1.12721,6.21,6.21,6.33,6.2,269000,1687463,6.27,6.3
2026/04/16 11:35:23,02233,西部水泥,WESTCHINACEMENT,,2.46,-0.03,-1.20482,2.49,2.49,2.52,2.45,12464000,30855540,2.45,2.46
2026/04/16 11:19:49,02235,微泰医疗－Ｂ,MICROTECH MED-B,,7.41,-0.02,-0.26918,7.43,7.53,7.59,7.38,56000,418992,7.41,7.44
2026/04/16 11:21:13,02236,惠生工程,WISON ENGRG,,0.58,0.0,0.0,0.58,0.6,0.6,0.56,304200,174324,0.57,0.59
2026/04/16 09:51:51,02237,中国石墨,CHINA GRAPHITE,,0.305,0.0,0.0,0.305,0.305,0.31,0.305,400000,122150,0.305,0.31
2026/04/16 11:35:00,02238,广汽集团,GAC GROUP,,3.15,0.04,1.28617,3.11,3.12,3.16,3.12,4475200,14066328,3.14,3.15
2026/04/16 09:48:04,02239,国微控股,SMIT,,0.75,0.0,0.0,0.75,0.0,0.0,0.0,0,0,0.7,0.76
2026/04/16 11:35:21,02245,力勤资源,LYGEND RESOURCE,,14.76,-0.1,-0.67295,14.86,14.88,15.19,14.46,5021400,74170720,14.75,14.76
2026/04/16 11:34:21,02246,快狗打车,GOGOX,,1.94,-0.02,-1.02041,1.96,1.96,1.96,1.94,14000,27280,1.94,2.0
2026/04/16 11:11:48,02250,小黄鸭德盈,B.DUCK SEMK,,0.63,0.01,1.6129,0.62,0.63,0.64,0.63,75000,47260,0.61,0.64
2026/04/16 11:35:17,02251,鹰瞳科技－Ｂ,AIRDOC-B,,12.09,0.29,2.45763,11.8,12.1,12.3,11.96,4800,58504,11.9,12.0
2026/04/16 11:35:15,02252,微创机器人－Ｂ,MEDBOT-B,,34.56,2.1,6.4695,32.46,32.46,34.56,32.46,5724626,192093373,34.52,34.56
2026/04/16 11:25:17,02255,海昌海洋公园,HAICHANG HLDG,,0.48,0.0,0.0,0.48,0.485,0.485,0.475,4355000,2082010,0.475,0.48
2026/04/16 11:26:26,02256,和誉－Ｂ,ABBISKO-B,,13.57,0.03,0.22157,13.54,13.8,13.8,13.31,300000,4056750,13.52,13.61
2026/04/16 11:35:23,02257,圣诺医药－Ｂ,SIRNAOMICS-B,,7.63,-0.15,-1.92802,7.78,7.78,7.78,7.27,165450,1251730,7.45,7.77
2026/04/16 09:30:45,02258,华滋国际海洋,WATTS INT'L,,0.189,0.0,0.0,0.189,0.0,0.0,0.0,0,0,0.188,0.21
2026/04/16 11:34:38,02259,紫金黄金国际,ZIJIN GOLD INTL,,180.4,1.2,0.66964,179.2,182.5,182.5,176.1,1243743,221993468,180.3,180.39999
2026/04/16 10:26:13,02260,环龙控股,VANOV HOLDINGS,,1.21,0.0,0.0,1.21,0.0,0.0,0.0,0,0,1.21,1.38
2026/04/16 09:00:46,02262,梁志天设计集团,SLD GROUP,,0.76,0.0,0.0,0.76,0.0,0.0,0.0,0,0,0.76,0.8
2026/04/16 11:35:19,02263,富石金融,FU SHEK FIN,,0.41,0.1,32.25807,0.31,0.32,0.435,0.32,14780000,5713350,0.41,0.42
2026/04/16 11:23:57,02265,鸿承环保科技,HC ENV TECH,,1.42,-0.08,-5.33333,1.5,1.5,1.5,1.42,200000,290000,1.4,1.47
2026/04/16 09:31:07,02266,黎氏企业,LAI SI ENT,,0.39,0.0,0.0,0.39,0.0,0.0,0.0,0,0,0.38,0.39
2026/04/16 11:34:55,02268,药明合联,WUXI XDC,,64.0,0.0,0.0,64.0,64.6,64.6,63.3,753012,48124941,63.9,64.0
2026/04/16 11:35:03,02269,药明生物,WUXI BIO,,37.42,0.42,1.13514,37.0,37.38,37.72,36.8,9852824,367079025,37.42,37.44
2026/04/16 11:30:35,02270,德商产投服务,DESUN SERVICES,,4.12,-0.04,-0.96154,4.16,4.1,4.12,4.1,4000,16440,3.5,4.12
2026/04/16 10:24:33,02271,众安智慧生活,ZHONGAN SERVICE,,2.85,-0.02,-0.69686,2.87,2.85,2.85,2.85,26000,74180,2.85,2.87
2026/04/16 11:33:08,02273,固生堂,GUSHENGTANG,,27.84,-0.14,-0.50036,27.98,28.08,28.08,27.5,312000,8650686,27.72,27.84
2026/04/16 11:35:17,02276,康耐特光学,CONANT OPTICAL,,46.38,-0.7,-1.48683,47.08,47.08,47.98,45.8,510700,23649970,46.36,46.38
2026/04/16 11:32:11,02279,雍禾医疗,YONGHE MEDICAL,,2.1,0.01,0.47847,2.09,2.09,2.12,2.05,226500,470545,2.09,2.11
2026/04/16 08:55:00,02280,慧聪集团,HC GROUP,,0.206,0.0,0.0,0.206,0.0,0.0,0.0,0,0,0.0,0.0
2026/04/16 10:51:35,02281,兴泸水务,XINGLU WATER,,0.71,0.02,2.89855,0.69,0.69,0.71,0.69,16000,11080,0.68,0.71
2026/04/16 11:35:23,02282,美高梅中国,MGM CHINA,,11.34,0.28,2.53165,11.06,11.08,11.36,11.08,2649600,29752664,11.34,11.35
2026/04/16 10:21:04,02283,东江集团控股,TK GROUP HLDG,,2.37,0.01,0.42373,2.36,2.34,2.37,2.34,342000,802300,2.35,2.38
2026/04/16 11:34:43,02285,泉峰控股,CHERVON,,17.19,-0.08,-0.46323,17.27,17.26,17.36,16.91,385900,6619031,17.19,17.22
2026/04/16 10:58:46,02286,辰兴发展,CHEN XING,,0.174,0.004,2.35294,0.17,0.136,0.175,0.136,22000,3442,0.15,0.172
2026/04/16 11:16:02,02288,宏基资本,RYKADAN CAPITAL,,0.153,-0.003,-1.92308,0.156,0.152,0.153,0.146,421000,64386,0.156,0.157
2026/04/16 09:01:28,02289,创美药业,CHARMACY PHAR,,5.82,0.0,0.0,5.82,0.0,0.0,0.0,0,0,5.34,0.0
2026/04/16 11:32:43,02291,心泰医疗,SCIENTECH,,13.02,0.07,0.54054,12.95,12.83,13.03,12.83,164000,2119420,12.97,13.05
2026/04/16 09:30:54,02293,百本医护,BAMBOOSHEALTH,,0.4,0.0,0.0,0.4,0.0,0.0,0.0,0,0,0.4,0.445
2026/04/16 10:14:54,02295,丰城控股,MAXICITY,,2.2,0.0,0.0,2.2,0.0,0.0,0.0,0,0,2.03,2.2
2026/04/16 11:04:19,02297,润迈德－Ｂ,RAINMED-B,,0.275,0.005,1.85185,0.27,0.27,0.275,0.27,543000,149205,0.275,0.28
2026/04/16 11:34:28,02298,都市丽人,COSMO LADY,,0.385,0.015,4.05405,0.37,0.37,0.39,0.375,8092000,3086780,0.385,0.39
2026/04/16 11:32:30,02299,百宏实业,BILLION IND,,4.77,-0.03,-0.625,4.8,4.77,4.77,4.77,2000,9540,4.75,4.88
2026/04/16 11:30:39,02302,中核国际,CNNC INT'L,,6.34,0.33,5.49085,6.01,6.09,6.37,6.09,842000,5294770,6.31,6.34
2026/04/16 11:32:09,02306,乐华娱乐,YH ENT,,2.08,0.04,1.96078,2.04,2.08,2.12,2.05,1230000,2542710,2.04,2.08
2026/04/16 11:14:08,02307,锦兴国际控股,KAM HING INT'L,,0.239,0.0,0.0,0.239,0.0,0.0,0.0,0,0,0.236,0.239
2026/04/16 11:16:12,02309,大象未来集团,ZO FUTURE GROUP,,2.25,0.0,0.0,2.25,2.26,2.29,2.25,1128000,2556160,2.22,2.26
2026/04/16 09:44:49,02310,时代环球集团,TIMES UNI GP,,0.084,0.0,0.0,0.084,0.0,0.0,0.0,0,0,0.076,0.085
2026/04/16 11:01:12,02312,ＬＯＮＧ投资集团,LONG INV CORP,,0.63,0.0,0.0,0.63,0.65,0.65,0.63,60000,38300,0.63,0.64
2026/04/16 11:35:23,02313,申洲国际,SHENZHOU INTL,,47.2,0.22,0.46828,46.98,47.22,47.52,47.1,2972020,140415480,47.18,47.2
2026/04/16 11:34:40,02314,理文造纸,LEE & MAN PAPER,,3.36,-0.06,-1.75439,3.42,3.45,3.45,3.35,1416000,4779673,3.36,3.37
2026/04/16 11:33:50,02315,百奥赛图－Ｂ,BIOCYTOGEN-B,,60.65,-0.45,-0.7365,61.1,62.35,62.35,59.15,428000,25781950,60.45,60.65
2026/04/16 10:22:00,02317,味丹国际,VEDAN INT'L,,0.8,0.0,0.0,0.8,0.0,0.0,0.0,0,0,0.79,0.82
2026/04/16 11:34:56,02318,中国平安,PING AN,,62.75,0.2,0.31974,62.55,62.55,63.05,62.3,10592030,663792659,62.7,62.75
2026/04/16 11:35:22,02319,蒙牛乳业,MENGNIU DAIRY,,16.78,-0.27,-1.58358,17.05,17.41,17.41,16.72,11365111,192027118,16.77,16.78
2026/04/16 10:10:18,02320,合丰集团,HOP FUNG GROUP,,0.082,0.0,0.0,0.082,0.0,0.0,0.0,0,0,0.07,0.096
2026/04/16 09:04:31,02321,双财庄,SWANGCHAICHUAN,,0.51,0.0,0.0,0.51,0.0,0.0,0.0,0,0,0.51,0.52
2026/04/16 09:30:45,02322,新质数字,MODERN INNO DT,,0.091,0.0,0.0,0.091,0.0,0.0,0.0,0,0,0.088,0.091
2026/04/16 08:55:00,02323,融科控股,RENCO HOLDINGS,,0.019,0.0,0.0,0.019,0.0,0.0,0.0,0,0,0.0,0.0
2026/04/16 11:18:28,02324,首都创投,CAPITAL VC,,0.123,0.0,0.0,0.123,0.0,0.0,0.0,0,0,0.115,0.12
2026/04/16 10:53:13,02325,云康集团,YUNKANG GROUP,,0.8,0.0,0.0,0.8,0.8,0.8,0.8,5000,3940,0.81,0.88
2026/04/16 08:59:58,02326,新源万恒控股,NPE HOLDINGS,,0.01,0.0,0.0,0.01,0.0,0.0,0.0,0,0,0.0,0.01
2026/04/16 11:26:04,02327,美瑞健康国际,MEILLEUREHEALTH,,0.28,0.0,0.0,0.28,0.28,0.28,0.28,120000,33600,0.255,0.27
2026/04/16 11:35:44,02328,中国财险,PICC P&C,,14.73,0.0,0.0,14.73,14.66,14.81,14.63,14456534,212275087,14.72,14.73
2026/04/16 11:28:29,02329,国瑞健康,GLORY HEALTH,,0.09,-0.005,-5.26316,0.095,0.09,0.09,0.09,213000,19170,0.089,0.09
2026/04/16 09:55:45,02330,中国上城,CHINA UPTOWN,,0.37,0.0,0.0,0.37,0.0,0.0,0.0,0,0,0.37,0.38
2026/04/16 11:35:32,02331,李宁,LI NING,,21.08,0.06,0.28544,21.02,21.02,21.18,20.92,7615000,160148415,21.08,21.1
2026/04/16 11:35:48,02333,长城汽车,GWMOTOR,,13.2,-0.11,-0.82645,13.31,13.3,13.64,13.2,7719826,103164613,13.2,13.21
2026/04/16 09:30:06,02336,硕奥国际,SHUOAO INTL,,0.232,0.0,0.0,0.232,0.0,0.0,0.0,0,0,0.211,0.239
2026/04/16 11:20:10,02337,众诚能源,UNITED STRENGTH,,1.15,-0.09,-7.25807,1.24,1.24,1.27,1.15,76000,92520,1.15,1.2
2026/04/16 11:35:39,02338,潍柴动力,WEICHAI POWER,,32.06,-0.24,-0.74303,32.3,33.14,33.14,31.66,6531230,209426726,32.06,32.08
2026/04/16 08:55:00,02339,京西国际,BWI INT'L,,4.48,0.0,0.0,4.48,0.0,0.0,0.0,0,0,0.0,0.0
2026/04/16 09:39:30,02340,昇柏控股,ISP HOLDINGS,,0.172,0.0,0.0,0.172,0.0,0.0,0.0,0,0,0.158,0.174
2026/04/16 11:26:15,02342,京信通信,COMBA,,1.5,0.0,0.0,1.5,1.51,1.52,1.49,1772000,2659560,1.49,1.51
2026/04/16 11:31:30,02343,太平洋航运,PACIFIC BASIN,,2.92,0.0,0.0,2.92,2.94,2.95,2.89,1512000,4401646,2.91,2.92
2026/04/16 11:06:05,02347,友和集团,YOHO GROUP,,0.7,0.0,0.0,0.7,0.7,0.7,0.7,4000,2800,0.66,0.7
2026/04/16 11:15:08,02348,东瑞制药,DAWNRAYS PHARMA,,1.11,0.0,0.0,1.11,1.11,1.11,1.11,48000,53280,1.11,1.13
2026/04/16 11:20:19,02349,中国城市基础设施,CH CITY INFRA,,0.1,0.0,0.0,0.1,0.1,0.1,0.1,12000,1200,0.091,0.1
2026/04/16 11:15:31,02350,数科集团,MTT GROUP,,0.84,0.01,1.20482,0.83,0.83,0.85,0.83,385000,321250,0.84,0.85
2026/04/16 09:00:00,02352,东原仁知服务,DOWELL SERVICE,,4.1,0.0,0.0,4.1,0.0,0.0,0.0,0,0,0.0,4.59
2026/04/16 10:35:14,02355,宝业集团,BAOYE GROUP,,3.94,0.0,0.0,3.94,0.0,0.0,0.0,0,0,3.89,3.99
2026/04/16 11:33:13,02356,大新银行集团,DAHSING BANKING,,12.57,-0.05,-0.3962,12.62,12.69,12.69,12.52,306000,3843486,12.53,12.56
2026/04/16 11:35:22,02357,中航科工,AVICHINA,,3.56,0.01,0.28169,3.55,3.57,3.58,3.53,5590000,19848770,3.55,3.56
2026/04/16 11:27:54,02358,久融控股,JIU RONG HOLD,,0.012,0.001,9.09091,0.011,0.012,0.013,0.011,15750000,191690,0.011,0.012
2026/04/16 11:35:06,02359,药明康德,WUXI APPTEC,,130.6,0.2,0.15337,130.4,131.5,132.0,129.9,1564250,204756700,130.5,130.60001
2026/04/16 11:30:24,02360,优品３６０,BEST MART 360,,1.77,-0.02,-1.11732,1.79,1.8,1.8,1.76,538000,956820,1.77,1.78
2026/04/16 11:21:15,02361,中康科技控股,SINOHEALTH TECH,,5.08,0.0,0.0,5.08,0.0,0.0,0.0,0,0,4.9,5.08
2026/04/16 08:55:00,02362,金川国际,JINCHUAN INTL,,0.64,0.0,0.0,0.64,0.0,0.0,0.0,0,0,0.0,0.0
2026/04/16 09:30:11,02363,通达宏泰,TONGDA HONG TAI,,0.315,0.0,0.0,0.315,0.0,0.0,0.0,0,0,0.315,0.36
2026/04/16 11:35:45,02367,巨子生物,GIANT BIOGENE,,28.96,0.42,1.47162,28.54,28.86,29.2,28.6,1911400,55319188,28.96,28.98
2026/04/16 11:17:38,02368,鹰美,EAGLE NICE,,3.1,0.0,0.0,3.1,0.0,0.0,0.0,0,0,3.09,3.1
2026/04/16 11:30:48,02369,酷派集团,COOLPAD GROUP,,0.67,0.02,3.07692,0.65,0.68,0.68,0.67,621000,420588,0.67,0.68
2026/04/16 10:59:25,02370,力高健康生活,REDCO HEALTHY,,0.92,0.0,0.0,0.92,0.0,0.0,0.0,0,0,0.93,0.97
2026/04/16 11:10:15,02371,创联控股,CHUANGLIAN HOLD,,0.25,-0.005,-1.96078,0.255,0.27,0.275,0.24,512000,130376,0.247,0.265
2026/04/16 11:30:21,02372,伟立控股,WEILI HOLDINGS,,0.475,0.01,2.15054,0.465,0.465,0.475,0.445,52000,23840,0.445,0.475
2026/04/16 11:26:28,02373,美丽田园医疗健康,BEAUTYFARM MED,,21.74,1.24,6.04878,20.5,21.0,21.94,21.0,109500,2359860,21.62,21.72
2026/04/16 11:35:31,02376,鲁商服务,LUSHANGSERVICES,,1.68,-0.06,-3.44828,1.74,1.74,1.75,1.62,65000,109325,1.62,1.68
2026/04/16 11:32:26,02377,博奇环保,BOQI ENV,,0.96,0.0,0.0,0.96,0.0,0.0,0.0,0,0,0.97,0.98
2026/04/16 11:35:08,02378,保诚,PRU,,118.5,1.2,1.02302,117.3,118.4,118.9,117.3,27376,3242185,118.5,119.0
2026/04/16 11:35:03,02380,中国电力,CHINA POWER,,3.19,-0.02,-0.62305,3.21,3.21,3.23,3.18,13656000,43655820,3.18,3.19
2026/04/16 11:17:04,02381,蚬壳电业,SMC ELECTRIC,,0.15,0.004,2.73973,0.146,0.15,0.15,0.15,140000,21000,0.142,0.148
2026/04/16 11:35:46,02382,舜宇光学科技,SUNNY OPTICAL,,62.75,0.75,1.20968,62.0,62.5,63.1,62.2,2591691,162565615,62.75,62.8
2026/04/16 10:29:21,02383,ＴＯＭ集团,TOM GROUP,,0.39,0.0,0.0,0.39,0.39,0.39,0.39,24000,9360,0.39,0.395
2026/04/16 11:04:16,02385,读书郎,READBOY,,5.0,0.0,0.0,5.0,5.0,5.0,5.0,110000,550000,4.82,5.14
2026/04/16 11:34:55,02386,中石化炼化工程,SINOPEC SEG,,6.31,-0.04,-0.62992,6.35,6.33,6.35,6.2,2803500,17558794,6.31,6.33
2026/04/16 11:35:36,02388,中银香港,BOC HONG KONG,,43.78,-0.4,-0.90539,44.18,44.08,44.16,43.34,8803801,383893932,43.76,43.78
2026/04/16 11:28:08,02389,北京健康,BJ HEALTH,,0.063,-0.001,-1.5625,0.064,0.063,0.066,0.06,1680000,107394,0.064,0.066
2026/04/16 11:32:38,02390,知乎－Ｗ,ZHIHU-W,,9.28,0.54,6.17849,8.74,8.9,9.4,8.6,183700,1680371,9.21,9.29
2026/04/16 11:17:31,02391,涂鸦智能－Ｗ,TUYA-W,,18.26,0.0,0.0,18.26,18.47,18.56,18.26,1800,33156,18.26,18.59
2026/04/16 11:19:13,02392,玄武云,XUANWU CLOUD,,1.44,0.0,0.0,1.44,1.44,1.44,1.44,6500,9360,1.44,1.45
2026/04/16 10:10:27,02393,巨星医疗控股,YESTAR HEALTH,,0.094,0.0,0.0,0.094,0.089,0.095,0.088,152500,14067,0.089,0.094
2026/04/16 11:28:52,02396,华芢生物－Ｂ,B&K CORP-B,,7.1,-0.04,-0.56022,7.14,7.33,7.49,7.1,68400,493078,7.1,7.29
2026/04/16 11:34:55,02399,中国安储能源,CN ANCHU ENERGY,,0.475,0.005,1.06383,0.47,0.48,0.495,0.46,4176000,1967730,0.47,0.475
2026/04/16 11:35:46,02400,心动公司,XD INC,,65.45,1.5,2.34558,63.95,64.2,65.8,64.15,1331141,86673779,65.4,65.5
2026/04/16 08:55:00,02402,亿华通,SINOHYTEC,,19.21,0.0,0.0,19.21,0.0,0.0,0.0,0,0,0.0,0.0
2026/04/16 10:49:44,02405,力盟科技,POWERWIN TECH,,0.67,0.0,0.0,0.67,0.67,0.67,0.67,84000,56280,0.67,0.72
2026/04/16 11:35:30,02407,高视医疗,GAUSH MEDITECH,,5.32,0.02,0.37736,5.3,5.4,5.43,5.23,24500,130336,5.25,5.4
2026/04/16 11:31:48,02408,遇见小面,XIAO NOODLES,,4.5,0.09,2.04082,4.41,4.41,4.52,4.41,92000,412285,4.49,4.52
2026/04/16 09:31:57,02409,洲际船务,SEACON,,4.14,0.0,0.0,4.14,0.0,0.0,0.0,0,0,4.03,4.13
2026/04/16 11:35:21,02410,同源康医药－Ｂ,TYK MEDICINES-B,,10.86,-0.17,-1.54125,11.03,11.11,11.11,10.82,1061000,11612020,10.88,10.91
2026/04/16 11:35:28,02411,百果园集团,PAGODA GP,,1.63,-0.05,-2.97619,1.68,1.64,1.66,1.61,210500,344140,1.63,1.65
2026/04/16 11:34:38,02415,梅斯健康,MEDSCI,,1.2,0.0,0.0,1.2,0.0,0.0,0.0,0,0,1.15,1.19
2026/04/16 11:34:52,02416,易点云,EDIANYUN,,3.51,0.36,11.42857,3.15,3.22,3.65,3.22,2018960,7081063,3.51,3.55
2026/04/16 11:21:26,02418,德银天下,DEEWIN,,2.82,-0.09,-3.09278,2.91,2.9,2.9,2.82,180000,509490,2.8,2.84
2026/04/16 11:35:19,02419,德康农牧,DEKON AGR,,72.3,-0.9,-1.22951,73.2,74.5,74.5,71.75,335000,24339035,72.25,72.5
2026/04/16 11:25:07,02420,子不语,ZIBUYU,,4.55,0.01,0.22026,4.54,4.46,4.6,4.46,146000,664285,4.46,4.58
2026/04/16 10:54:30,02421,嘉创地产,KRP DEVELOPMENT,,0.6,0.01,1.69492,0.59,0.6,0.6,0.6,2000,1200,0.55,0.59
2026/04/16 11:11:47,02422,润歌互动,REGO INTERACT,,1.65,-0.01,-0.60241,1.66,1.69,1.69,1.65,128000,212280,1.65,1.68
2026/04/16 11:35:48,02423,贝壳－Ｗ,BEKE-W,,41.98,-0.22,-0.52133,42.2,42.44,42.66,41.9,3164329,133497426,41.98,42.0
2026/04/16 11:07:17,02425,澳亚集团,AUSTASIA GROUP,,2.32,-0.01,-0.42919,2.33,2.32,2.32,2.32,1000,2320,2.21,2.38
2026/04/16 11:34:59,02427,GUANZE MEDICAL,GUANZE MEDICAL,,3.43,-0.05,-1.43678,3.48,3.47,3.47,3.41,55000,188850,3.42,3.47
2026/04/16 11:11:06,02429,友宝在线,UBOX ONLINE,,2.55,0.05,2.0,2.5,2.53,2.59,2.53,426500,1090585,2.53,2.55
2026/04/16 11:35:34,02431,佑驾创新,MINIEYE,,10.49,0.03,0.28681,10.46,10.7,10.7,10.27,2129544,22219038,10.43,10.49
2026/04/16 11:35:46,02432,越疆,DOBOT,,35.08,0.78,2.27405,34.3,34.46,35.4,34.46,990200,34660728,35.06,35.08
2026/04/16 11:33:36,02433,中天湖南集团,ZT HN GROUP,,0.098,-0.001,-1.0101,0.099,0.099,0.104,0.097,4996000,494616,0.096,0.097
2026/04/16 11:31:56,02436,凌雄科技,LX TECHNOLOGY,,12.94,-0.13,-0.99464,13.07,13.02,13.03,12.9,19500,252912,12.93,13.09
2026/04/16 11:33:47,02438,出门问问,MOBVOI,,0.47,0.005,1.07527,0.465,0.465,0.475,0.46,539000,251180,0.47,0.475
2026/04/16 11:16:52,02439,中宝新材,CH TREASURES NM,,0.305,-0.015,-4.6875,0.32,0.3,0.31,0.3,108000,32620,0.305,0.31
2026/04/16 11:35:24,02440,迷策略,MEMESTRATEGY,,1.58,0.06,3.94737,1.52,1.47,1.58,1.47,124000,190190,1.54,1.59
2026/04/16 11:35:33,02442,怡俊集团控股,EASY SMART GP,,39.64,-1.18,-2.89074,40.82,40.1,40.1,38.5,174000,6887660,38.42,39.6
2026/04/16 11:22:49,02443,汽车街,AUTOSTREETS,,1.89,-0.02,-1.04712,1.91,1.9,1.91,1.89,139600,264470,1.89,1.9
2026/04/16 10:30:36,02450,淮北绿金股份,HUAIBEI GD CO,,3.48,0.0,0.0,3.48,0.0,0.0,0.0,0,0,3.43,3.59
2026/04/16 11:35:37,02451,绿源集团控股,LUYUAN GP HLDG,,13.41,0.64,5.01175,12.77,12.89,13.41,12.8,63500,822472,13.43,13.52
2026/04/16 11:32:53,02453,美中嘉和,CONCORD HC GP,,1.57,0.09,6.08108,1.48,1.48,1.62,1.47,463200,734220,1.56,1.57
2026/04/16 11:00:56,02455,润华服务,RUNHUA SERVICE,,0.67,0.02,3.07692,0.65,0.66,0.67,0.65,56000,36800,0.65,0.67
2026/04/16 11:34:59,02457,步阳国际,BUYANG INTL,,0.315,0.0,0.0,0.315,0.0,0.0,0.0,0,0,0.295,0.315
2026/04/16 10:29:05,02458,望尘科技控股,GALA TECH HOLD,,5.79,-0.01,-0.17241,5.8,5.5,5.79,5.5,800,4516,5.3,5.55
2026/04/16 11:33:20,02459,升能集团,SANERGY GROUP,,0.087,0.0,0.0,0.087,0.088,0.088,0.087,200000,17500,0.085,0.087
2026/04/16 11:35:36,02460,华润饮料,CR BEVERAGE,,8.94,-0.08,-0.88692,9.02,9.02,9.08,8.9,661600,5923560,8.93,8.95
2026/04/16 11:35:47,02465,龙蟠科技,LOPAL TECH,,16.03,2.76,20.79879,13.27,15.24,16.81,14.07,40555600,640255135,16.03,16.08
2026/04/16 11:34:01,02469,粉笔,FENBI,,1.02,-0.01,-0.97087,1.03,1.04,1.08,1.01,4371000,4603969,1.02,1.03
2026/04/16 11:35:23,02473,喜相逢集团,XXF,,1.0,-0.01,-0.9901,1.01,1.01,1.02,0.99,51785000,51779175,1.0,1.01
2026/04/16 11:35:46,02477,经纬天地,WELLCELL HOLD,,20.66,0.54,2.6839,20.12,20.12,21.16,19.94,1014400,20889080,20.64,20.8
2026/04/16 08:55:00,02479,天聚地合,TIANJUDIHE,,65.0,0.0,0.0,65.0,0.0,0.0,0.0,0,0,0.0,0.0
2026/04/16 11:34:45,02480,绿竹生物－Ｂ,LUZHU BIOTECH-B,,22.5,0.6,2.73973,21.9,22.5,22.5,22.5,9200,207000,22.0,22.48
2026/04/16 09:40:01,02481,慧居科技,WISE LIVING TEC,,2.65,0.0,0.0,2.65,0.0,0.0,0.0,0,0,2.62,2.73
2026/04/16 09:30:42,02482,维天运通,LOGORY,,0.56,0.0,0.0,0.56,0.0,0.0,0.0,0,0,0.52,0.58
2026/04/16 10:43:05,02483,Ｋ　ＣＡＳＨ集团,K CASH,,1.75,0.0,0.0,1.75,1.75,1.75,1.75,500000,875000,1.7,1.75
2026/04/16 11:32:52,02486,普乐师集团控股,PLUS GP HOLDING,,7.28,0.01,0.13755,7.27,7.3,7.3,7.28,7200,52458,0.0,7.33
2026/04/16 11:24:57,02487,科笛－Ｂ,CUTIA-B,,4.77,0.0,0.0,4.77,4.65,4.77,4.65,42800,202418,4.68,4.78
2026/04/16 11:34:07,02488,元征科技,LAUNCH TECH,,8.59,-0.16,-1.82857,8.75,8.79,8.8,8.51,293500,2527670,8.57,8.59
2026/04/16 11:10:05,02489,集海黄金,PERSISTENCEGOLD,,1.01,0.0,0.0,1.01,1.02,1.02,1.0,155000,156000,1.0,1.01
2026/04/16 11:35:14,02490,乐舱物流,LC LOGISTICS,,4.95,0.29,6.22318,4.66,4.6,5.05,4.6,228600,1119093,4.92,5.08
2026/04/16 11:35:45,02495,声通科技,VOICECOMM,,55.2,1.15,2.12766,54.05,53.0,55.45,53.0,8820,482450,55.0,55.25
2026/04/16 10:49:14,02496,友芝友生物－Ｂ,YZYBIO-B,,4.82,0.0,0.0,4.82,0.0,0.0,0.0,3000,15478,4.82,5.22
2026/04/16 11:21:23,02497,富景中国控股,FUJING HOLDINGS,,0.62,0.0,0.0,0.62,0.62,0.62,0.59,106000,64340,0.58,0.62
2026/04/16 11:35:34,02498,速腾聚创,ROBOSENSE,,36.78,0.16,0.43692,36.62,37.0,37.0,36.5,1991502,73282187,36.78,36.82
2026/04/16 09:53:32,02499,佛朗斯股份,FOLANGSI,,6.22,-0.01,-0.16051,6.23,6.06,6.22,6.05,7800,47240,6.05,6.19
2026/04/16 11:34:36,02500,启明医疗－Ｂ,VENUS MEDTECH-B,,2.26,0.04,1.8018,2.22,2.22,2.29,2.22,322500,729740,2.26,2.27
2026/04/16 10:59:19,02501,迈越科技,MAIYUE TECH,,1.17,0.0,0.0,1.17,1.17,1.19,1.12,104000,118240,1.12,1.17
2026/04/16 10:45:55,02502,金源氢化,JINYUAN HCHEM,,0.47,0.0,0.0,0.47,0.47,0.47,0.47,30000,14100,0.47,0.48
2026/04/16 10:11:29,02503,中深建业,ZHONGSHENJIANYE,,0.345,0.005,1.47059,0.34,0.34,0.345,0.33,284000,96620,0.335,0.345
2026/04/16 11:27:15,02505,ＥＤＡ集团控股,EDA GROUP HLDGS,,0.7,0.03,4.47761,0.67,0.68,0.7,0.67,213000,145500,0.7,0.71
2026/04/16 11:34:44,02506,讯飞医疗科技,XUNFEIHEALTH,,70.3,1.25,1.81028,69.05,71.0,71.5,70.0,48800,3459712,70.45,71.0
2026/04/16 11:35:38,02507,西锐,CIRRUS,,42.96,2.62,6.49479,40.34,40.34,43.26,40.32,1424200,60083008,42.96,42.98
2026/04/16 10:33:36,02508,圣贝拉集团,SAINT BELLA GP,,4.52,-0.01,-0.22075,4.53,4.53,4.59,4.48,59000,267005,4.48,4.54
2026/04/16 11:35:44,02509,荃信生物－Ｂ,QYUNS-B,,21.04,-0.06,-0.28436,21.1,21.1,21.58,20.86,197800,4196260,21.04,21.08
2026/04/16 11:28:26,02510,德翔海运,TS LINES,,8.55,0.01,0.1171,8.54,8.55,8.57,8.5,456000,3885650,8.51,8.55
2026/04/16 11:24:22,02511,君圣泰医药－Ｂ,HIGHTIDE-B,,3.69,-0.01,-0.27027,3.7,3.7,3.73,3.61,117500,430580,3.69,3.72
2026/04/16 11:32:51,02512,云工场,CLOUD FACTORY,,3.2,0.01,0.31348,3.19,3.19,3.2,3.19,31000,99180,3.17,3.2
2026/04/16 11:35:44,02513,智谱,KNOWLEDGE ATLAS,,893.0,26.0,2.99885,867.0,853.0,919.0,839.0,763523,679366246,891.5,894.0
2026/04/16 11:31:43,02515,天津建发,TJCD,,1.08,0.01,0.93458,1.07,1.07,1.08,1.05,176000,188160,1.06,1.09
2026/04/16 11:30:11,02516,泛远国际,FAR INTL,,1.33,-0.01,-0.74627,1.34,1.34,1.35,1.31,3880000,5179760,1.32,1.33
2026/04/16 11:35:39,02517,锅圈,GUOQUAN,,3.65,-0.66,-15.31323,4.31,4.2,4.2,3.62,82904400,313869120,3.64,3.65
2026/04/16 10:43:27,02518,汽车之家－Ｓ,AUTOHOME-S,,35.92,0.26,0.72911,35.66,35.66,35.92,35.62,4400,157096,35.7,35.92
2026/04/16 11:08:38,02519,傲基股份,AUGROUP,,4.6,0.0,0.0,4.6,0.0,0.0,0.0,0,0,4.47,4.57
2026/04/16 11:32:57,02520,山西安装,SHANXI INSTALL,,2.11,-0.02,-0.93897,2.13,2.11,2.11,2.11,32000,67520,2.0,2.19
2026/04/16 11:22:21,02521,升辉清洁,SHENGHUI CLEAN,,1.06,0.04,3.92157,1.02,1.06,1.06,1.02,727500,748725,1.05,1.06
2026/04/16 11:34:47,02522,一脉阳光,RIMAG GROUP,,6.64,0.08,1.21951,6.56,6.6,6.71,6.54,595500,3952450,6.63,6.68
2026/04/16 11:35:48,02525,禾赛－Ｗ,HESAI-W,,188.5,4.6,2.50136,183.9,199.9,200.0,185.7,1368578,260538969,188.5,188.60001
2026/04/16 11:34:03,02526,德适－Ｂ,DIAGENS-B,,278.6,9.2,3.415,269.4,265.2,282.0,265.2,45152,12334767,278.39999,280.0
2026/04/16 11:06:26,02528,尚晋国际控股,FW FASHION INT,,0.405,0.005,1.25,0.4,0.405,0.405,0.405,22000,8860,0.4,0.405
2026/04/16 09:02:53,02529,泓盈城市服务,HOLLWIN URBAN,,3.16,0.0,0.0,3.16,0.0,0.0,0.0,0,0,3.04,3.2
2026/04/16 08:55:00,02530,纽曼思,NUMANS,,0.59,0.0,0.0,0.59,0.0,0.0,0.0,0,0,0.0,0.0
2026/04/16 11:00:20,02531,广联科技控股,CARLINK TECH,,6.17,0.23,3.87205,5.94,6.0,6.17,6.0,3500,21085,5.83,6.0
2026/04/16 11:35:47,02533,黑芝麻智能,BLACK SESAME,,17.44,0.15,0.86755,17.29,17.6,17.64,17.22,1145800,20014700,17.44,17.45
2026/04/16 11:27:46,02535,泓基集团,WK GROUP,,0.395,-0.005,-1.25,0.4,0.395,0.42,0.385,65110000,22850990,0.39,0.395
2026/04/16 11:02:17,02536,百乐皇宫,PALASINO,,1.88,-0.02,-1.05263,1.9,1.88,1.88,1.88,25000,47000,1.88,1.95
2026/04/16 11:35:36,02539,乐摩科技,LEMO SERVICES,,15.58,-0.32,-2.01258,15.9,15.8,15.89,15.39,11700,183520,15.6,15.95
2026/04/16 11:11:28,02540,乐思集团,LESI GROUP,,1.05,0.02,1.94175,1.03,1.05,1.05,1.05,7500,7875,1.01,1.05
2026/04/16 11:31:28,02543,大行科工,DAHON TECH,,30.0,0.4,1.35135,29.6,29.6,30.6,29.58,8600,258146,29.9,30.14
2026/04/16 11:25:48,02545,中赣通信,ZHONGGAN COMM,,0.44,0.0,0.0,0.44,0.44,0.445,0.44,1130000,498220,0.43,0.445
2026/04/16 11:35:44,02546,智汇矿业,ZHIHUI MINING,,16.38,-0.23,-1.38471,16.61,16.8,17.37,16.2,154000,2591260,16.34,16.68
2026/04/16 11:34:58,02549,卡罗特,CAROTE LTD,,4.75,-0.14,-2.86299,4.89,4.8,4.81,4.7,258000,1228790,4.75,4.76
2026/04/16 11:33:46,02550,宜搜科技,EASOU TECH,,2.03,0.02,0.99503,2.01,2.01,2.03,1.98,276000,557755,2.01,2.03
2026/04/16 09:53:29,02551,晶科电子股份,APT ELECTRONICS,,2.38,0.02,0.84746,2.36,2.38,2.38,2.38,3000,7140,2.28,2.4
2026/04/16 11:31:37,02552,华领医药－Ｂ,HUA MEDICINE-B,,3.85,0.0,0.0,3.85,3.87,3.94,3.79,1488800,5751867,3.85,3.86
2026/04/16 11:35:24,02555,茶百道,CHABAIDAO,,5.69,0.05,0.88653,5.64,5.72,5.72,5.64,128400,729090,5.68,5.69
2026/04/16 11:35:51,02556,迈富时,MARKETINGFORCE,,42.1,5.34,14.52666,36.76,38.6,42.92,38.6,13878200,573177044,42.0,42.12
2026/04/16 09:01:08,02558,晋商银行,JINSHANG BANK,,1.38,0.0,0.0,1.38,0.0,0.0,0.0,0,0,1.31,1.38
2026/04/16 11:33:34,02559,嘀嗒出行,DIDA INC,,1.41,-0.03,-2.08333,1.44,1.36,1.44,1.36,193500,271055,1.39,1.41
2026/04/16 11:00:59,02560,海螺材料科技,CONCH MAT TECH,,1.78,-0.01,-0.55866,1.79,1.79,1.79,1.77,78000,138930,1.77,1.78
2026/04/16 11:28:22,02561,维昇药业－Ｂ,VISEN PHARMA-B,,27.02,-0.76,-2.73578,27.78,27.78,27.8,27.02,1300,35362,26.5,27.02
2026/04/16 11:35:50,02562,狮腾控股,SYNAGISTICS,,3.24,0.02,0.62112,3.22,3.27,3.27,3.21,7269500,23511510,3.23,3.24
2026/04/16 09:30:15,02563,华昊中天医药－Ｂ,BIOSTAR PHARM-B,,3.84,0.0,0.0,3.84,0.0,0.0,0.0,0,0,3.52,3.84
2026/04/16 11:35:42,02565,派格－Ｂ（五十）,PEGBIO CO-B-50,,42.06,-1.84,-4.19134,43.9,44.42,44.42,41.28,360300,15157770,41.9,42.1
2026/04/16 11:30:45,02566,九源基因,JIUYUAN GENE,,7.1,0.06,0.85227,7.04,7.07,7.15,7.07,28400,201542,7.08,7.15
2026/04/16 11:28:16,02567,七牛智能,QINIU,,0.48,0.02,4.34783,0.46,0.46,0.49,0.46,1989000,949200,0.475,0.48
2026/04/16 09:03:45,02569,舒宝国际,SOFT INTL,,0.95,0.0,0.0,0.95,0.0,0.0,0.0,0,0,0.93,0.98
2026/04/16 11:35:49,02570,重塑能源,REFIRE,,43.68,-0.38,-0.86246,44.06,44.08,44.64,43.22,386620,16882915,43.66,43.68
2026/04/16 11:13:51,02571,赛目科技,SAIMO,,12.85,-0.15,-1.15385,13.0,13.01,13.01,12.85,16400,212356,12.85,13.2
2026/04/16 11:28:58,02573,新琪安,NEWTREND GROUP,,4.52,-0.08,-1.73913,4.6,4.52,4.52,4.52,5600,25392,4.35,4.52
2026/04/16 11:35:49,02575,轩竹生物－Ｂ,XUANZHUBIO-B,,33.14,-2.88,-7.99556,36.02,36.6,36.6,32.72,2247000,75995610,33.1,33.2
2026/04/16 11:31:55,02576,太美医疗科技,TAIMEI TECH,,4.53,-0.13,-2.7897,4.66,4.65,4.86,4.5,264400,1250348,4.53,4.57
2026/04/16 11:35:45,02577,英诺赛科,INNOSCIENCE,,55.8,0.6,1.08696,55.2,55.95,55.95,54.55,1344500,74551705,55.7,55.8
2026/04/16 11:35:13,02579,中伟新材,CNGR,,38.62,0.32,0.83551,38.3,39.36,39.5,38.02,691000,26909200,38.6,38.7
2026/04/16 11:35:33,02580,奥克斯电气,AUX ELECTRIC,,9.54,-0.09,-0.93458,9.63,9.66,9.75,9.53,572000,5475534,9.53,9.58
2026/04/16 11:21:05,02581,明基医院,BENQ HOLDING,,3.46,-0.01,-0.28818,3.47,3.46,3.47,3.46,72000,249140,3.46,3.47
2026/04/16 11:35:49,02582,国富氢能,GUOFUHEE,,28.24,-0.2,-0.70324,28.44,28.88,29.1,27.94,1833200,52089496,28.14,28.22
2026/04/16 11:25:48,02583,西普尼,HIPINE,,102.0,0.0,0.0,102.0,102.1,104.2,100.6,31800,3257140,102.0,103.2
2026/04/16 11:14:23,02585,梦金园,MOKINGRAN,,20.22,0.22,1.1,20.0,20.0,20.3,19.0,27200,541254,19.94,20.1
2026/04/16 11:31:31,02586,多点数智,DMALL,,7.24,-0.01,-0.13793,7.25,7.27,7.28,7.19,913300,6598710,7.23,7.27
2026/04/16 11:35:49,02587,健康之路,HEALTHYWAY INC,,4.72,0.01,0.21231,4.71,4.76,4.78,4.66,3142500,14782175,4.71,4.73
2026/04/16 11:35:30,02588,中银航空租赁,BOC AVIATION,,83.85,-0.6,-0.71048,84.45,85.0,85.45,83.65,117696,9931993,83.9,84.0
2026/04/16 11:35:08,02589,沪上阿姨,AUNTEA JENNY,,83.75,5.3,6.7559,78.45,78.45,85.4,78.45,205770,17113993,83.6,83.75
2026/04/16 11:35:50,02590,极智嘉－Ｗ,GEEKPLUS-W,,18.78,0.3,1.62338,18.48,18.9,19.02,18.58,2388200,44870920,18.78,18.8
2026/04/16 11:35:40,02591,银诺医药－Ｂ,INNOGEN-B,,21.02,-0.36,-1.68382,21.38,21.5,21.8,20.8,289200,6074840,21.02,21.04
2026/04/16 11:11:15,02592,拨康视云－Ｂ,CLOUDBREAK-B,,1.28,-0.04,-3.0303,1.32,1.35,1.35,1.26,472000,607040,1.28,1.32
2026/04/16 11:26:04,02593,草姬集团,HERBS GROUP,,0.98,0.04,4.25532,0.94,0.94,0.98,0.94,148800,142664,0.92,0.97
2026/04/16 11:35:42,02595,劲方医药－Ｂ,GENFLEET-B,,49.86,1.02,2.08845,48.84,48.8,50.0,46.9,1325800,64304315,49.86,49.9
2026/04/16 09:30:43,02596,宜宾银行,YIBIN BANK,,2.64,0.0,0.0,2.64,0.0,0.0,0.0,0,0,2.62,2.69
2026/04/16 11:33:46,02597,讯众通信,XUNZHONG,,29.7,0.5,1.71233,29.2,29.7,29.7,29.7,1000,29700,29.7,31.48
2026/04/16 11:35:19,02598,连连数字,LIANLIAN,,6.15,0.15,2.5,6.0,6.0,6.15,6.0,568500,3469760,6.14,6.15
2026/04/16 11:35:34,02600,中国铝业,CHALCO,,13.22,0.64,5.08744,12.58,12.78,13.25,12.78,34229080,447006717,13.22,13.24
2026/04/16 11:35:24,02601,中国太保,CPIC,,34.24,0.38,1.12227,33.86,33.84,34.3,33.64,1697700,57612664,34.22,34.24
2026/04/16 11:35:23,02602,万物云,ONEWO,,17.42,0.15,0.86856,17.27,17.25,17.44,17.23,541059,9397859,17.42,17.43
2026/04/16 11:35:14,02603,吉宏股份,JIHONG CO,,13.68,0.8,6.21118,12.88,12.88,13.69,12.85,1161000,15339990,13.62,13.67
2026/04/16 11:29:06,02605,METALIGHT,METALIGHT,,1.56,-0.09,-5.45455,1.65,1.62,1.65,1.55,169200,270004,1.57,1.64
2026/04/16 11:35:43,02607,上海医药,SH PHARMA,,11.71,-0.07,-0.59423,11.78,11.79,11.82,11.64,1619000,18948146,11.71,11.74
2026/04/16 11:06:49,02608,阳光１００中国,SUNSHINE 100,,0.01,0.0,0.0,0.01,0.01,0.01,0.01,12000,120,0.0,0.01
2026/04/16 11:35:14,02609,佰泽医疗,BAYZED HEALTH,,5.39,0.14,2.66667,5.25,5.15,5.63,5.06,31706400,170398782,5.38,5.42
2026/04/16 11:34:32,02610,南山铝业国际,NANSHAN AL INTL,,47.16,0.96,2.07792,46.2,46.74,47.3,46.24,217000,10163031,47.16,47.22
2026/04/16 11:35:43,02611,国泰海通,GTHT,,14.81,0.59,4.14909,14.22,14.22,14.98,14.22,9004504,132358127,14.81,14.82
2026/04/16 10:40:34,02613,汇舸环保,CONTIOCEAN,,31.74,0.0,0.0,31.74,0.0,0.0,0.0,0,0,29.02,31.72
2026/04/16 11:35:33,02616,基石药业－Ｂ,CSTONE PHARMA-B,,10.17,0.27,2.72727,9.9,9.92,10.41,9.92,6524928,66546690,10.15,10.16
2026/04/16 11:35:42,02617,药捷安康－Ｂ,TRANSTHERA-B,,69.55,-0.75,-1.06686,70.3,70.35,71.6,69.05,464500,32316225,69.2,69.6
2026/04/16 11:35:42,02618,京东物流,JD LOGISTICS,,15.83,0.28,1.80064,15.55,15.7,15.84,15.55,6727718,106047821,15.82,15.83
2026/04/16 10:45:21,02619,香江电器,XJ ELECTRICS,,1.79,-0.01,-0.55556,1.8,1.79,1.79,1.78,5000,8930,1.78,1.82
2026/04/16 11:27:45,02621,手回集团,SHOUHUI GROUP,,3.08,-0.07,-2.22222,3.15,3.08,3.08,3.08,400,1232,3.02,3.08
2026/04/16 11:30:16,02623,爱德新能源,ADD NEW ENERGY,,5.29,0.1,1.92678,5.19,5.25,5.44,5.25,2720593,14552567,5.26,5.3
2026/04/16 11:25:25,02625,江苏宏信,JIANGSU HORIZON,,4.23,0.04,0.95465,4.19,4.12,4.23,4.1,35000,145740,4.16,4.25
2026/04/16 08:55:00,02627,中慧生物－Ｂ,AB&B BIO-TECH-B,,29.32,0.0,0.0,29.32,0.0,0.0,0.0,0,0,0.0,0.0
2026/04/16 11:35:38,02628,中国人寿,CHINA LIFE,,28.08,0.66,2.407,27.42,27.42,28.1,27.4,15947032,442786910,28.08,28.1
2026/04/16 08:55:00,02629,MIRXES-B,MIRXES-B,,12.41,0.0,0.0,12.41,0.0,0.0,0.0,0,0,0.0,0.0
2026/04/16 11:29:14,02630,旺山旺水－Ｂ,VIGONVITA-B,,86.25,-0.7,-0.80506,86.95,87.0,87.0,85.05,10000,859080,85.45,86.25
2026/04/16 11:35:31,02631,天岳先进,SICC,,56.65,1.2,2.16411,55.45,55.5,58.2,55.1,817300,46326325,56.65,56.85
2026/04/16 11:33:23,02632,泽景股份,NEW VISION CO,,59.8,2.85,5.00439,56.95,56.95,62.45,52.85,106550,6346567,58.5,59.8
2026/04/16 11:21:57,02633,雅各臣科研制药,JACOBSON PHARMA,,1.2,0.0,0.0,1.2,1.2,1.2,1.19,136000,163160,1.19,1.2
2026/04/16 11:31:49,02635,诺比侃（新）,NUOBIKAN-NEW,,61.7,0.75,1.23052,60.95,60.95,61.95,60.95,135300,8332710,61.5,61.75
2026/04/16 11:34:47,02637,海西新药,HAIXI PHARMA,,191.2,-0.1,-0.05227,191.3,191.7,193.0,185.8,98900,18851215,191.10001,191.60001
2026/04/16 11:34:37,02638,港灯－ＳＳ,HKELECTRIC-SS,,6.42,-0.02,-0.31056,6.44,6.44,6.46,6.42,1050644,6750634,6.42,6.43
2026/04/16 11:35:07,02643,曹操出行,CAOCAO INC,,25.66,-0.12,-0.46548,25.78,25.6,26.22,25.58,677900,17508065,25.58,25.66
2026/04/16 11:31:04,02648,安井食品,ANJOY FOOD,,81.2,0.9,1.1208,80.3,80.35,81.55,80.35,78700,6373547,80.9,81.15
2026/04/16 08:55:00,02649,优乐赛共享,ALSCO POOLING,,3.9,0.0,0.0,3.9,0.0,0.0,0.0,0,0,0.0,0.0
2026/04/16 11:35:41,02650,挚达科技,ZHIDA TECH,,45.7,-0.32,-0.69535,46.02,46.98,48.88,44.88,868600,40758859,45.52,45.7
2026/04/16 10:21:34,02651,大众口腔,DAZHONG DENTAL,,12.2,0.0,0.0,12.2,11.8,12.2,11.8,1900,22540,11.7,12.2
2026/04/16 11:34:02,02652,长风药业,CF PHARMTECH,,23.78,0.2,0.84818,23.58,23.58,24.0,23.2,463000,10930440,23.74,23.86
2026/04/16 11:35:23,02655,果下科技,GUOXIA TECH,,55.5,-10.35,-15.71754,65.85,67.95,68.5,53.2,5896965,338911784,55.5,55.6
2026/04/16 11:35:45,02656,健康１６０,160 HEALTH,,34.22,-1.18,-3.33333,35.4,35.64,39.72,33.6,3357400,122469735,34.2,34.28
2026/04/16 11:35:27,02657,林清轩,FOREST CABIN,,57.05,-0.05,-0.08757,57.1,56.9,59.55,56.4,38150,2214251,57.05,57.35
2026/04/16 11:35:44,02658,天域半导体,TIANYU SEMI,,45.6,3.38,8.00569,42.22,43.1,45.88,42.78,255250,11132393,45.1,45.58
2026/04/16 11:27:00,02659,宝济药业－Ｂ,BAO PHARMA-B,,88.95,-1.05,-1.16667,90.0,91.0,91.0,88.6,58700,5240235,88.9,89.45
2026/04/16 11:30:31,02660,禅游科技,ZENGAME,,2.54,-0.01,-0.39216,2.55,2.55,2.55,2.52,30000,75880,2.52,2.55
2026/04/16 11:34:28,02661,轻松健康,QINGSONG HEALTH,,152.5,1.3,0.85979,151.2,151.5,152.6,147.2,89000,13446380,152.10001,152.5
2026/04/16 11:30:49,02663,应力控股,KPA-BM HLDGS,,0.28,-0.005,-1.75439,0.285,0.28,0.28,0.28,40000,11200,0.285,0.29
2026/04/16 11:35:40,02665,图达通,SEYOND,,9.55,0.07,0.7384,9.48,9.65,9.78,9.2,4125500,38990377,9.52,9.56
2026/04/16 11:32:53,02666,环球医疗,UNI MEDICAL,,5.85,-0.02,-0.34072,5.87,5.84,5.87,5.82,882000,5151902,5.85,5.86
2026/04/16 10:47:20,02668,百德国际,PAK TAK INT'L,,0.275,-0.005,-1.78571,0.28,0.28,0.28,0.275,3820000,1067100,0.275,0.28
2026/04/16 11:34:06,02669,中海物业,CHINA OVS PPT,,4.08,-0.03,-0.72993,4.11,4.14,4.14,4.05,2422666,9920398,4.08,4.1
2026/04/16 11:32:56,02670,云迹,YUNJI,,235.8,-4.8,-1.99501,240.6,236.0,237.0,230.8,4900,1144200,235.0,236.60001
2026/04/16 09:43:40,02671,美联股份,USAS BUILDING,,4.14,0.0,0.0,4.14,0.0,0.0,0.0,0,0,4.0,4.13
2026/04/16 11:35:42,02675,精锋医疗－Ｂ,EDGE MEDICAL-B,,57.3,3.3,6.11111,54.0,54.35,58.0,53.55,222900,12500405,57.25,57.5
2026/04/16 11:35:32,02676,纳芯微,NOVOSENSE,,132.7,8.5,6.8438,124.2,127.6,134.9,124.3,250400,32731190,132.7,133.5
2026/04/16 11:34:54,02677,卓正医疗,DISTINCT HEALTH,,34.72,-0.88,-2.47191,35.6,35.6,36.02,34.72,7650,269803,34.26,34.62
2026/04/16 11:34:25,02678,天虹国际集团,TEXHONG INTL GP,,6.63,0.06,0.91324,6.57,6.45,6.63,6.45,200500,1317040,6.62,6.64
1970/01/01 11:23:03,02680,创陞控股,INNOVAX HLDGS,,11.09,0.18,1.64986,10.91,10.9,11.09,10.7,42100,455423,10.51,11.0
2026/04/16 09:04:25,02682,润利海事,YUN LEE MARINE,,0.151,0.0,0.0,0.151,0.0,0.0,0.0,0,0,0.146,0.151
2026/04/16 11:04:33,02683,华新手袋国际控股,WAHSUN HANDBAGS,,1.18,0.0,0.0,1.18,1.19,1.19,1.18,36000,42560,1.18,1.22
2026/04/16 11:35:37,02685,量化派,QUANTGROUP,,21.96,-0.32,-1.43627,22.28,22.34,22.6,21.5,987700,21610410,21.96,21.98
2026/04/16 11:35:39,02687,卓越睿新,ABLE DIGITAL,,141.4,-4.7,-3.21698,146.1,146.5,148.9,140.2,109600,15910660,141.0,141.5
2026/04/16 11:35:44,02688,新奥能源,ENN ENERGY,,62.85,-0.55,-0.86751,63.4,63.4,63.65,62.5,1815861,114270888,62.85,62.9
2026/04/16 11:35:28,02689,玖龙纸业,ND PAPER,,6.47,-0.02,-0.30817,6.49,6.45,6.49,6.37,7284300,46712243,6.47,6.48
2026/04/16 11:32:11,02691,南华期货股份,NANHUA FUTURES,,10.95,0.06,0.55096,10.89,10.94,11.05,10.92,163000,1787375,10.94,10.97
2026/04/16 11:35:42,02692,兆威机电,ZHAOWEI,,68.4,3.35,5.14989,65.05,65.95,68.4,65.5,400460,26884499,68.3,68.45
2026/04/16 11:27:57,02693,金岩高岭新材,JINYAN KAOLIN,,4.18,0.08,1.95122,4.1,4.1,4.18,4.0,8500,34835,4.02,4.17
2026/04/16 11:32:45,02695,印象大红袍,IMPRESSION DHP,,2.08,0.0,0.0,2.08,2.09,2.09,2.08,45000,93610,2.06,2.1
2026/04/16 11:34:48,02696,复宏汉霖,HENLIUS,,82.4,-0.25,-0.30248,82.65,84.45,84.45,81.2,155900,12841925,82.35,82.4
2026/04/16 11:34:28,02698,乐舒适,SOFTCARE,,31.28,-0.5,-1.57332,31.78,31.74,31.96,31.18,267800,8429444,31.28,31.4
2026/04/16 09:37:30,02699,新明中国,XINMING CHINA,,0.28,0.0,0.0,0.28,0.0,0.0,0.0,0,0,0.28,0.285
2026/04/16 11:28:12,02700,格林国际控股,GREEN INTL HLDG,,0.58,0.0,0.0,0.58,0.0,0.0,0.0,0,0,0.55,0.59
2026/04/16 11:35:31,02701,国民技术,NSING TECH,,12.8,0.08,0.62893,12.72,12.77,12.97,12.6,1537000,19673192,12.8,12.84
2026/04/16 11:35:26,02706,海致科技集团,HAIZHI TECH GP,,62.2,0.5,0.81037,61.7,61.7,62.95,59.0,642704,39264215,62.35,62.8
2026/04/16 11:35:00,02714,牧原股份,MUYUAN,,42.84,-0.16,-0.37209,43.0,43.28,43.48,42.0,660400,28163526,42.84,43.0
2026/04/16 11:35:05,02715,埃斯顿,ESTUN,,13.15,0.21,1.62288,12.94,12.94,13.33,12.94,642400,8476958,13.15,13.17
2026/04/16 11:35:45,02718,明略科技－Ｗ,MININGLAMP-W,,220.6,15.0,7.29572,205.6,205.8,222.6,205.8,69400,15132744,220.0,221.60001
2026/04/16 11:35:09,02720,乐欣户外,RIDGE OUTDOOR,,25.88,0.26,1.01483,25.62,25.2,25.88,25.2,29500,756760,25.84,26.36
2026/04/16 11:35:37,02722,重庆机电,CHONGQING M&E,,2.67,0.11,4.29688,2.56,2.62,2.69,2.55,9964388,26147563,2.66,2.67
2026/04/16 11:35:29,02726,瀚天天成,EPIWORLD,,108.7,2.1,1.96998,106.6,106.6,109.9,104.6,68050,7304680,107.5,108.7
2026/04/16 11:34:35,02727,上海电气,SH ELECTRIC,,3.98,0.07,1.79028,3.91,3.91,4.04,3.9,15392000,61166690,3.98,3.99
2026/04/16 08:55:00,02728,金泰能源控股,JINTAI ENERGY H,,0.024,0.0,0.0,0.024,0.0,0.0,0.0,0,0,0.0,0.0
2026/04/16 11:34:55,02729,凯乐士科技,GALAXIS TECH,,40.94,-0.02,-0.04883,40.96,41.1,41.32,39.54,404200,16301204,40.44,40.96
2026/04/16 09:32:51,02738,华津国际控股,HUAJIN INTL,,0.179,0.0,0.0,0.179,0.0,0.0,0.0,0,0,0.162,0.265
2026/04/16 11:30:55,02768,国恩科技,GON TECHNOLOGY,,47.9,0.3,0.63025,47.6,47.6,48.74,47.2,112600,5409064,47.9,48.14
2026/04/16 11:27:40,02772,中梁控股,ZHONGLIANG HLDG,,0.041,-0.001,-2.38095,0.042,0.044,0.044,0.04,564500,23484,0.041,0.042
2026/04/16 11:31:34,02777,富力地产,R&F PROPERTIES,,0.39,-0.01,-2.5,0.4,0.4,0.405,0.39,591200,235032,0.39,0.4
2026/04/16 11:00:22,02779,中国新华教育,CH XINHUA EDU,,0.495,0.0,0.0,0.495,0.485,0.495,0.48,408000,200110,0.49,0.495
2026/04/16 11:35:47,02788,创新实业,CHUANGXIN IND,,31.24,0.34,1.10032,30.9,31.34,32.3,30.9,2199500,69474570,31.22,31.24
2026/04/16 11:26:15,02789,远大中国,YUANDA CHINA,,0.185,-0.009,-4.63918,0.194,0.193,0.193,0.185,92000,17186,0.185,0.188
2026/04/16 10:55:22,02798,久泰邦达能源,PER ENERGY,,0.96,-0.02,-2.04082,0.98,0.94,0.97,0.94,55000,52600,0.95,0.98
2026/04/16 11:33:22,02799,中信金融资产,CITIC FAMC,,0.73,0.01,1.38889,0.72,0.72,0.73,0.71,27917000,20110430,0.72,0.73
2026/04/16 11:35:22,02858,易鑫集团,YIXIN,,2.15,-0.03,-1.37615,2.18,2.2,2.2,2.13,3764500,8092870,2.15,2.16
2026/04/16 11:35:03,02863,高丰集团控股,GOLDEN FAITH GP,,0.41,0.04,10.81081,0.37,0.41,0.41,0.41,237000,97170,0.375,0.44
2026/04/16 11:35:48,02865,钧达股份,DRINDA,,32.92,1.14,3.58716,31.78,31.8,33.44,31.52,5179600,169426378,32.9,32.92
2026/04/16 11:35:14,02866,中远海发,COSCO SHIP DEV,,1.18,-0.01,-0.84034,1.19,1.19,1.19,1.17,3812000,4479560,1.17,1.18
2026/04/16 11:32:36,02869,绿城服务,GREENTOWN SER,,4.43,-0.02,-0.44944,4.45,4.56,4.56,4.41,474000,2112206,4.43,4.44
2026/04/16 11:35:30,02877,神威药业,SHINEWAY PHARM,,9.84,-0.11,-1.10553,9.95,9.5,10.06,9.5,677000,6699520,9.84,9.85
2026/04/16 11:18:40,02878,晶门半导体,SOLOMON SYSTECH,,0.36,-0.005,-1.36986,0.365,0.36,0.365,0.36,416000,151010,0.36,0.365
2026/04/16 11:01:42,02880,辽港股份,LIAONING PORT,,0.86,0.0,0.0,0.86,0.87,0.87,0.85,838000,718480,0.85,0.86
2026/04/16 10:36:35,02881,武汉有机,WUHAN YOUJI,,6.1,-0.9,-12.85714,7.0,6.5,6.5,6.1,5500,34825,6.38,6.89
2026/04/16 09:50:15,02882,金至尊集团,3DG HOLDINGS,,0.5,0.0,0.0,0.5,0.0,0.0,0.0,0,0,0.51,0.53
2026/04/16 11:34:15,02883,中海油田服务,CHINA OILFIELD,,8.9,-0.18,-1.98238,9.08,9.08,9.08,8.83,3980000,35416876,8.9,8.92
2026/04/16 11:22:25,02885,彼岸控股,PEIPORT HOLD,,0.92,-0.02,-2.12766,0.94,0.93,0.94,0.92,58000,53780,0.93,0.95
2026/04/16 11:33:45,02886,滨海投资,BINHAI INV,,1.17,-0.02,-1.68067,1.19,1.17,1.19,1.17,654000,772620,1.17,1.18
2026/04/16 11:35:40,02888,渣打集团,STANCHART,,188.8,2.1,1.1248,186.7,188.4,189.2,187.3,266008,50152225,188.8,188.89999
2026/04/16 11:35:43,02889,博泰车联,PATEO,,120.0,-3.7,-2.99111,123.7,125.0,125.4,119.0,478680,58023156,120.5,121.0
2026/04/16 08:55:00,02892,万城控股,MILLION CITIES,,0.44,0.0,0.0,0.44,0.0,0.0,0.0,0,0,0.0,0.0
2026/04/16 08:55:00,02898,盛禾生物－Ｂ,SUNHO BIO-B,,6.39,0.0,0.0,6.39,0.0,0.0,0.0,0,0,0.0,0.0
2026/04/16 11:35:41,02899,紫金矿业,ZIJIN MINING,,37.92,-0.06,-0.15798,37.98,38.0,38.2,37.62,14740517,558319837,37.92,37.94
2026/04/16 08:55:00,02929,STERLING GP-OLD,STERLING GP-OLD,,1.0,0.0,0.0,1.0,0.0,0.0,0.0,0,0,0.0,0.0
2026/04/16 10:49:13,02931,诺比侃（旧）,NUOBIKAN-OLD,,60.0,0.0,0.0,60.0,0.0,0.0,0.0,0,0,60.0,63.0
2026/04/16 10:14:46,02934,圣马丁国际（旧）,SANDMARTIN-OLD,,0.8,0.0,0.0,0.8,0.0,0.0,0.0,0,0,0.77,0.0
2026/04/16 08:55:00,02935,环球华商（一万）,GLOBAL CHI-10K,,17.11,0.0,0.0,17.11,0.0,0.0,0.0,0,0,0.0,0.0
2026/04/16 08:55:00,02938,派格－Ｂ（五百）,PEGBIO CO-B-500,,55.7,0.0,0.0,55.7,0.0,0.0,0.0,0,0,0.0,0.0
2026/04/16 11:31:43,02939,圣马丁国际股权,SANDMARTIN RTS,,0.103,0.015,17.04546,0.088,0.088,0.15,0.088,7499327,871686,0.103,0.107
2026/04/16 11:34:38,03200,大族数控,HANS CNC,,138.8,8.8,6.76923,130.0,131.2,139.8,130.8,682394,93787058,138.8,138.89999
2026/04/16 11:34:48,03268,美格智能,MEIG,,24.6,1.96,8.65724,22.64,23.18,24.82,23.02,2770300,66359902,24.5,24.6
2026/04/16 11:34:15,03288,海天味业,HAITIAN FLAV,,36.78,0.28,0.76712,36.5,36.66,36.88,36.44,189039,6924999,36.68,36.78
2026/04/16 11:24:48,03300,中国玻璃,CHINA GLASS,,0.495,-0.005,-1.0,0.5,0.5,0.5,0.495,528000,261960,0.495,0.5
2026/04/16 11:35:33,03301,融信中国,RONSHINECHINA,,0.104,-0.004,-3.7037,0.108,0.103,0.108,0.102,825500,85707,0.104,0.106
2026/04/16 11:33:37,03302,精技集团,KINERGY,,0.375,0.0,0.0,0.375,0.375,0.38,0.375,1398000,527110,0.375,0.38
2026/04/16 11:26:35,03303,巨涛海洋石油服务,JUTAL OIL SER,,0.46,0.015,3.37079,0.445,0.45,0.46,0.45,30000,13760,0.44,0.46
2026/04/16 11:35:44,03306,江南布衣,JNBY,,21.8,-0.02,-0.09166,21.82,22.1,22.1,21.4,429500,9305263,21.72,21.8
2026/04/16 11:05:05,03309,希玛医疗,C-MER MEDICAL,,1.26,0.0,0.0,1.26,1.25,1.27,1.25,16000,20180,1.26,1.27
2026/04/16 11:35:49,03311,中国建筑国际,CHINA STATE CON,,8.71,-0.15,-1.693,8.86,8.86,8.88,8.67,4956001,43338048,8.71,8.72
2026/04/16 10:39:30,03313,雅高控股,ARTGO HOLDINGS,,0.121,0.001,0.83333,0.12,0.12,0.121,0.12,45000,5310,0.117,0.12
2026/04/16 10:57:01,03315,金邦达宝嘉,GOLDPAC GROUP,,0.81,0.0,0.0,0.81,0.0,0.0,0.0,0,0,0.81,0.82
2026/04/16 11:33:42,03316,滨江服务,BINJIANG SER,,24.26,-0.48,-1.94018,24.74,24.2,24.68,24.1,112000,2712970,24.24,24.32
2026/04/16 11:35:32,03317,迅策,XUNCE,,328.4,15.6,4.98721,312.8,314.0,344.8,306.0,3339166,1107703016,327.60001,328.39999
2026/04/16 11:30:00,03318,中国波顿,CHINA BOTON,,1.6,0.0,0.0,1.6,0.0,0.0,0.0,0,0,1.52,1.64
2026/04/16 11:35:42,03319,雅生活服务,A-LIVING,,1.93,0.04,2.1164,1.89,1.9,1.94,1.9,266430,514683,1.92,1.93
2026/04/16 11:35:49,03320,华润医药,CHINARES PHARMA,,6.38,0.02,0.31447,6.36,6.35,6.4,6.31,6656979,42398398,6.38,6.39
2026/04/16 11:20:28,03321,中科集团控股,ZHONGKE GROUP,,0.046,0.001,2.22222,0.045,0.045,0.046,0.045,262500,12072,0.045,0.046
2026/04/16 09:43:10,03322,永嘉集团,WIN HANVERKY,,0.203,0.0,0.0,0.203,0.0,0.0,0.0,0,0,0.199,0.203
2026/04/16 11:35:47,03323,中国建材,CNBM,,5.47,-0.02,-0.3643,5.49,5.47,5.64,5.42,16728901,92275106,5.47,5.48
2026/04/16 11:35:50,03328,交通银行,BANKCOMM,,7.14,0.0,0.0,7.14,7.13,7.18,7.12,4825269,34499849,7.13,7.14
2026/04/16 11:32:03,03329,交银国际,BOCOM INTL,,0.355,0.01,2.89855,0.345,0.35,0.355,0.35,256000,89895,0.35,0.355
2026/04/16 11:35:26,03330,灵宝黄金,LINGBAO GOLD,,26.88,0.3,1.12867,26.58,26.88,27.16,26.3,4260200,113566652,26.86,26.88
2026/04/16 11:09:56,03332,中生联合,SINOLIFE UTD,,0.365,0.0,0.0,0.365,0.0,0.0,0.0,0,0,0.36,0.405
2026/04/16 11:30:04,03336,巨腾国际,JU TENG INTL,,2.57,-0.04,-1.53257,2.61,2.65,2.71,2.57,4476000,11798620,2.56,2.57
2026/04/16 11:33:30,03337,安东油田服务,ANTON OILFIELD,,1.05,0.01,0.96154,1.04,1.03,1.05,1.03,830000,864360,1.04,1.05
2026/04/16 11:35:11,03339,中国龙工,LONKING,,3.31,0.01,0.30303,3.3,3.32,3.33,3.26,3162000,10390210,3.29,3.3
2026/04/16 11:35:40,03347,泰格医药,TIGERMED,,44.16,-0.54,-1.20805,44.7,44.7,45.14,43.74,676100,29994527,44.16,44.18
2026/04/16 09:04:36,03348,中国鹏飞集团,CHINA PENGFEI,,1.29,0.0,0.0,1.29,0.0,0.0,0.0,0,0,1.25,1.3
2026/04/16 11:35:34,03355,飞速创新,FS.COM,,53.0,1.7,3.31384,51.3,50.3,53.8,49.62,332100,17277096,52.65,53.0
2026/04/16 11:31:00,03360,远东宏信,FE HORIZON,,7.35,-0.02,-0.27137,7.37,7.45,7.45,7.29,1941000,14227685,7.34,7.35
2026/04/16 09:31:04,03363,正业国际,ZHENGYE INT'L,,0.33,0.0,0.0,0.33,0.0,0.0,0.0,0,0,0.33,0.36
2026/04/16 11:06:14,03366,华侨城（亚洲）,OCT (ASIA),,0.255,0.0,0.0,0.255,0.255,0.255,0.255,104000,26520,0.25,0.27
2026/04/16 09:00:24,03368,百盛集团,PARKSON GROUP,,0.152,0.0,0.0,0.152,0.0,0.0,0.0,0,0,0.146,0.152
2026/04/16 11:35:41,03369,秦港股份,QHD PORT,,2.45,-0.01,-0.4065,2.46,2.46,2.47,2.45,118000,290190,2.45,2.47
2026/04/16 11:34:52,03377,远洋集团,SINO-OCEAN GP,,0.068,-0.001,-1.44928,0.069,0.07,0.07,0.067,19393583,1313800,0.068,0.069
2026/04/16 11:35:49,03378,翰思艾泰－Ｂ,HANXBIO-B,,28.24,-0.96,-3.28767,29.2,29.5,29.98,28.14,29600,859308,28.22,28.86
2026/04/16 11:34:38,03380,龙光集团,LOGAN GROUP,,1.27,0.0,0.0,1.27,1.28,1.28,1.26,523000,661510,1.26,1.27
2026/04/16 11:15:32,03382,天津港发展,TIANJINPORT DEV,,0.7,0.01,1.44928,0.69,0.7,0.7,0.69,56000,38880,0.69,0.7
2026/04/16 10:57:11,03383,雅居乐集团,AGILE GROUP,,0.24,0.0,0.0,0.24,0.244,0.244,0.24,70000,16852,0.238,0.243
2026/04/16 10:22:32,03389,亨得利,HENGDELI,,0.173,0.001,0.5814,0.172,0.173,0.173,0.173,400000,69200,0.173,0.18
2026/04/16 11:28:03,03390,满贯集团,TYCOON GROUP,,0.27,-0.015,-5.26316,0.285,0.29,0.29,0.232,12104000,3062346,0.255,0.27
2026/04/16 11:35:15,03393,威胜控股,WASION HOLDINGS,,30.98,0.32,1.04371,30.66,31.04,31.34,30.42,1612000,49691820,30.94,30.98
2026/04/16 11:16:28,03395,吉星新能源,JX ENERGY,,0.26,0.0,0.0,0.26,0.26,0.26,0.26,29000,7540,0.25,0.26
2026/04/16 11:35:50,03396,联想控股,LEGENDHOLDING,,9.25,0.16,1.76018,9.09,9.11,9.26,9.11,2781200,25547748,9.23,9.25
2026/04/16 10:58:36,03398,华鼎控股,CHINA TING,,0.058,-0.002,-3.33333,0.06,0.056,0.058,0.053,100000,5466,0.055,0.058
2026/04/16 11:20:15,03399,粤运交通,YUEYUN TRANS,,1.5,0.0,0.0,1.5,1.49,1.5,1.48,99000,148100,1.49,1.5
2026/04/16 11:32:38,03600,现代牙科,MODERN DENTAL,,6.51,0.05,0.77399,6.46,6.46,6.55,6.46,258000,1678870,6.48,6.51
2026/04/16 10:43:15,03601,鲁大师,LUDASHI,,0.83,0.0,0.0,0.83,0.83,0.83,0.83,25000,20750,0.82,0.84
2026/04/16 11:15:46,03603,信基沙溪,XINJI SHAXI,,0.063,0.002,3.27869,0.061,0.063,0.063,0.057,1155000,72723,0.061,0.069
2026/04/16 11:35:28,03606,福耀玻璃,FUYAO GLASS,,62.5,0.6,0.96931,61.9,61.75,63.5,61.75,321600,20036840,62.5,62.6
2026/04/16 11:35:27,03613,同仁堂国药,TONGRENTANGCM,,7.68,0.02,0.2611,7.66,7.68,7.74,7.65,481000,3699360,7.67,7.7
2026/04/16 09:48:44,03616,恒达集团控股,EVER REACH GP,,0.209,0.0,0.0,0.209,0.0,0.0,0.0,0,0,0.195,0.208
2026/04/16 11:35:32,03618,重庆农村商业银行,CQRC BANK,,7.0,-0.15,-2.0979,7.15,7.08,7.09,6.96,5306000,37238235,6.99,7.0
2026/04/16 11:15:35,03623,中国金融发展,C SUCCESS FIN,,0.74,0.0,0.0,0.74,0.0,0.0,0.0,0,0,0.71,0.74
2026/04/16 11:35:22,03625,傅里叶,FOURSEMI,,140.5,3.8,2.77981,136.7,136.7,149.0,135.0,215626,30906160,139.0,140.3
2026/04/16 09:36:01,03626,启明东方控股,EAST NOVA HLDGS,,2.18,0.0,0.0,2.18,2.2,2.2,2.18,6000,13160,2.16,2.2
2026/04/16 09:31:02,03628,仁恒实业控股,RENHENG ENT,,0.195,0.0,0.0,0.195,0.0,0.0,0.0,0,0,0.172,0.21
2026/04/16 11:29:11,03633,中裕能源,ZHONGYU ENERGY,,2.73,0.0,0.0,2.73,2.75,2.81,2.71,1774000,4854120,2.72,2.73
2026/04/16 11:35:47,03636,金浔资源,JINXUN RESOURCE,,26.6,0.52,1.99387,26.08,26.4,26.76,25.68,96800,2521368,26.34,26.62
2026/04/16 11:09:03,03638,亨利加集团,HUNLICAR GROUP,,8.7,-0.05,-0.57143,8.75,8.75,8.75,8.61,20000,173210,8.61,8.71
2026/04/16 09:49:13,03639,亿达中国,YIDA CHINA,,0.042,0.0,0.0,0.042,0.0,0.0,0.0,0,0,0.042,0.045
2026/04/16 11:35:47,03650,KEEP,KEEP,,2.99,0.12,4.18119,2.87,2.86,3.02,2.83,610300,1794171,2.96,2.99
2026/04/16 11:00:50,03658,新希望服务,NEW HOPE SERV,,1.95,-0.04,-2.01005,1.99,1.98,1.98,1.95,274000,537140,1.95,2.0
2026/04/16 11:33:24,03660,奇富科技－Ｓ,QFIN-S,,56.1,0.75,1.35501,55.35,55.25,56.1,55.2,19250,1075325,56.0,56.1
2026/04/16 11:06:37,03662,星悦康旅,STARJOY W&T,,0.29,-0.005,-1.69492,0.295,0.295,0.305,0.29,151000,44530,0.29,0.295
2026/04/16 08:55:00,03666,上海小南国,SHANGHAI XNG,,0.024,0.0,0.0,0.024,0.0,0.0,0.0,0,0,0.0,0.0
2026/04/16 11:35:32,03668,兖煤澳大利亚,YANCOAL AUS,,38.72,-0.56,-1.42566,39.28,39.28,39.28,38.54,800500,31128934,38.64,38.72
2026/04/16 11:33:30,03669,永达汽车,YONGDA AUTO,,1.14,-0.01,-0.86957,1.15,1.15,1.16,1.13,639500,732225,1.14,1.15
2026/04/16 11:35:49,03677,正力新能,ZENERGY,,7.94,0.32,4.19948,7.62,7.74,8.1,7.7,10687200,84826620,7.94,7.95
2026/04/16 11:35:00,03678,弘业期货,HOLLY FUTURES,,2.85,0.01,0.35211,2.84,2.86,2.89,2.83,2210000,6324820,2.84,2.86
2026/04/16 11:35:05,03680,瑞和数智,RUIHE DATA,,2.43,-0.08,-3.18725,2.51,2.51,2.51,2.3,5764000,13991770,2.43,2.47
2026/04/16 11:26:29,03681,中国抗体－Ｂ,SINOMAB BIO-B,,1.65,-0.04,-2.36686,1.69,1.66,1.7,1.63,2253300,3731577,1.64,1.65
2026/04/16 10:56:33,03683,荣丰亿控股,GREAT HARVEST,,0.064,0.0,0.0,0.064,0.0,0.0,0.0,0,0,0.062,0.064
2026/04/16 11:21:00,03686,祈福生活服务,CLIFFORDML,,0.76,0.01,1.33333,0.75,0.77,0.77,0.76,30000,22900,0.75,0.76
2026/04/16 09:59:42,03688,莱蒙国际,TOP SPRING,,0.305,0.0,0.0,0.305,0.0,0.0,0.0,0,0,0.275,0.31
2026/04/16 11:07:55,03689,康华医疗,KANGHUA HEALTH,,2.06,0.0,0.0,2.06,0.0,0.0,0.0,0,0,2.04,2.17
2026/04/16 11:35:51,03690,美团－Ｗ,MEITUAN-W,,88.85,2.55,2.95481,86.3,86.85,89.15,86.0,21112151,1852508393,88.8,88.85
2026/04/16 11:35:37,03692,翰森制药,HANSOH PHARMA,,39.76,0.36,0.91371,39.4,39.58,40.18,39.54,3579021,142574166,39.74,39.76
2026/04/16 11:35:40,03696,英矽智能,INSILICO,,60.25,-0.1,-0.1657,60.35,60.85,62.95,60.2,1840900,113622065,60.25,60.4
2026/04/16 11:35:28,03698,徽商银行,HUISHANG BANK,,4.84,-0.08,-1.62602,4.92,4.92,4.92,4.8,3852000,18620830,4.83,4.84
2026/04/16 09:04:28,03699,光大永年,EB GRAND CHINA,,0.365,0.0,0.0,0.365,0.0,0.0,0.0,0,0,0.36,0.37
2026/04/16 11:35:16,03700,映宇宙,INKEVERSE,,0.71,-0.03,-4.05405,0.74,0.74,0.74,0.7,516000,367930,0.71,0.72
2026/04/16 11:14:14,03708,世界数字经济产业,WORLD DIGI ECON,,0.238,-0.009,-3.64373,0.247,0.234,0.26,0.233,3160000,765430,0.237,0.249
2026/04/16 11:35:16,03709,赢家时尚,EEKA FASHION,,6.56,0.16,2.5,6.4,6.39,6.61,6.39,462000,3015652,6.54,6.57
2026/04/16 11:35:32,03718,北控城市资源,BJ ENT URBAN,,0.43,0.0,0.0,0.43,0.43,0.43,0.43,2396000,1030280,0.425,0.43
2026/04/16 09:41:10,03728,正利控股,CHING LEE,,0.062,0.0,0.0,0.062,0.0,0.0,0.0,0,0,0.061,0.065
2026/04/16 11:35:48,03737,中智药业,ZHONGZHIPHARM,,0.85,0.01,1.19048,0.84,0.84,0.87,0.83,111000,93350,0.85,0.87
2026/04/16 11:35:51,03738,阜博集团,VOBILE GROUP,,3.83,0.17,4.64481,3.66,3.73,3.89,3.7,16600000,63125360,3.82,3.83
2026/04/16 11:35:47,03750,宁德时代,CATL,,724.5,69.0,10.52632,655.5,684.5,724.5,682.5,3562941,2523404292,724.0,724.5
2026/04/16 11:35:48,03759,康龙化成,PHARMARON,,21.9,0.32,1.48285,21.58,21.88,22.08,21.44,2675600,58415000,21.9,21.92
2026/04/16 09:10:28,03768,滇池水务,DCWT,,0.64,0.0,0.0,0.64,0.0,0.0,0.0,0,0,0.63,0.65
2026/04/16 11:12:39,03773,银盛数惠,YS DIGIFAVOR,,2.19,-0.01,-0.45455,2.2,2.2,2.2,2.1,16000,34640,2.14,2.18
2026/04/16 11:27:38,03778,中国织材控股,CHINA WEAVING,,3.0,0.0,0.0,3.0,3.0,3.0,3.0,40000,120000,2.55,3.0
2026/04/16 11:35:19,03788,罕王黄金,HANKING GOLD,,4.04,0.13,3.32481,3.91,3.91,4.04,3.86,1384000,5477940,4.03,4.04
2026/04/16 10:33:54,03789,御佳控股,ROYAL DELUXE,,0.104,0.0,0.0,0.104,0.0,0.0,0.0,0,0,0.105,0.0
2026/04/16 10:49:21,03798,家乡互动,HOMELAND ITL,,1.35,0.04,3.05344,1.31,1.34,1.35,1.29,104000,140240,1.3,1.35
2026/04/16 11:35:52,03800,协鑫科技,GCL TECH,,0.97,-0.01,-1.02041,0.98,0.99,1.0,0.97,59133000,58167894,0.97,0.98
2026/04/16 11:35:50,03808,中国重汽,SINOTRUK,,42.86,-0.4,-0.92464,43.26,43.62,43.7,42.2,4372020,187133826,42.86,42.9
2026/04/16 11:21:18,03813,宝胜国际,POU SHENG INT'L,,0.41,0.0,0.0,0.41,0.0,0.0,0.0,0,0,0.4,0.41
2026/04/16 11:32:07,03816,ＫＦＭ金德,KFM KINGDOM,,2.42,0.03,1.25523,2.39,2.4,2.42,2.4,52000,124960,2.39,2.42
2026/04/16 11:29:53,03818,中国动向,CHINA DONGXIANG,,0.415,0.0,0.0,0.415,0.415,0.415,0.41,746000,309560,0.41,0.415
2026/04/16 10:31:41,03822,三和建筑集团,SAM WOO CONS,,1.06,0.0,0.0,1.06,0.0,0.0,0.0,0,0,1.04,1.1
2026/04/16 11:19:31,03828,明辉国际,MING FAI INT'L,,0.81,0.0,0.0,0.81,0.81,0.81,0.8,47000,38050,0.8,0.81
2026/04/16 11:33:06,03830,童园国际,KIDDIELAND,,0.218,0.0,0.0,0.218,0.218,0.218,0.218,380000,82840,0.215,0.218
2026/04/16 11:34:50,03833,新疆新鑫矿业,XINXIN MINING,,2.29,-0.06,-2.55319,2.35,2.32,2.33,2.28,1530000,3512160,2.29,2.3
2026/04/16 11:33:43,03836,和谐汽车,HARMONY AUTO,,1.07,0.05,4.90196,1.02,1.04,1.09,1.04,801000,852020,1.05,1.07
2026/04/16 11:05:46,03838,中国淀粉,CHINA STARCH,,0.176,0.001,0.57143,0.175,0.179,0.179,0.176,255000,45480,0.176,0.177
2026/04/16 09:55:19,03839,正大企业国际,CT ENTERPRISE,,6.78,0.07,1.04322,6.71,6.58,6.78,6.58,1700,11342,6.66,6.76
2026/04/16 09:34:58,03848,浩森金融科技,HAOSEN FINTECH,,11.22,-0.01,-0.08905,11.23,11.22,11.22,11.22,102000,1144440,11.22,0.0
2026/04/16 11:35:40,03858,佳鑫国际资源,JIAXIN INTL RES,,124.8,12.9,11.52815,111.9,113.8,125.5,110.1,2574300,306499536,124.8,124.9
2026/04/16 09:30:22,03860,ＥＰＳ创健科技,EPS HEALTH TECH,,0.56,0.0,0.0,0.56,0.0,0.0,0.0,0,0,0.52,0.56
2026/04/16 11:35:05,03866,青岛银行,BQD,,4.36,-0.01,-0.22883,4.37,4.39,4.39,4.35,407000,1775620,4.35,4.36
2026/04/16 11:29:23,03868,信义能源,XINYI ENERGY,,1.19,0.01,0.84746,1.18,1.18,1.19,1.16,2746000,3214800,1.18,1.19
2026/04/16 09:00:10,03869,弘和仁爱医疗,HOSPITAL CORP,,3.5,0.0,0.0,3.5,0.0,0.0,0.0,0,0,0.0,3.99
2026/04/16 11:35:23,03877,中国船舶租赁,CSSC SHIPPING,,2.47,0.0,0.0,2.47,2.47,2.48,2.45,3765600,9288978,2.46,2.47
2026/04/16 11:22:15,03878,VICON HOLDINGS,VICON HOLDINGS,,0.21,0.0,0.0,0.21,0.0,0.0,0.0,0,0,0.199,0.22
2026/04/16 11:30:40,03880,泰德医药,MEDTIDE,,22.18,0.08,0.36199,22.1,22.0,22.2,21.76,54800,1208908,22.02,22.18
2026/04/16 11:35:51,03881,希迪智驾,CIDI,,30.68,-2.24,-6.80437,32.92,33.02,33.88,30.38,4221300,131706018,30.7,30.72
2026/04/16 09:56:15,03882,天彩控股,SKYLIGHT HLDG,,0.5,0.0,0.0,0.5,0.0,0.0,0.0,0,0,0.455,0.5
2026/04/16 11:35:35,03883,中国奥园,CHINA AOYUAN,,0.058,0.001,1.75439,0.057,0.058,0.059,0.057,776184,45210,0.058,0.059
2026/04/16 11:25:08,03886,康健国际医疗,TOWN HEALTH,,0.241,0.0,0.0,0.241,0.243,0.245,0.238,160000,38768,0.237,0.241
2026/04/16 11:33:11,03887,HASHKEY HLDGS,HASHKEY HLDGS,,4.82,0.07,1.47368,4.75,4.75,4.87,4.75,259600,1240904,4.8,4.82
2026/04/16 11:35:49,03888,金山软件,KINGSOFT,,24.46,0.88,3.73198,23.58,23.98,24.64,23.8,8907457,216537696,24.44,24.46
2026/04/16 09:30:36,03889,大成玉米集团,GLOBAL CORN GP,,0.086,0.0,0.0,0.086,0.0,0.0,0.0,0,0,0.085,0.091
2026/04/16 11:00:42,03893,易纬集团,CROSSTEC,,1.08,0.04,3.84615,1.04,1.11,1.11,1.08,62000,67460,1.08,1.15
2026/04/16 11:35:51,03896,金山云,KINGSOFT CLOUD,,9.09,0.38,4.3628,8.71,8.9,9.2,8.76,53054130,479867392,9.08,9.09
2026/04/16 11:35:47,03898,时代电气,TIMES ELECTRIC,,37.84,-0.36,-0.94241,38.2,38.62,38.62,37.48,989400,37449274,37.82,37.84
2026/04/16 11:34:28,03899,中集安瑞科,CIMC ENRIC,,10.67,-0.1,-0.92851,10.77,10.57,10.87,10.57,1042742,11147748,10.66,10.69
2026/04/16 11:35:43,03900,绿城中国,GREENTOWN CHINA,,9.1,-0.1,-1.08696,9.2,9.2,9.24,9.02,4683500,42576910,9.1,9.11
2026/04/16 08:55:00,03903,瀚华金控,HANHUA FIN,,0.168,0.0,0.0,0.168,0.0,0.0,0.0,0,0,0.0,0.0
2026/04/16 11:35:52,03908,中金公司,CICC,,20.02,0.76,3.946,19.26,20.02,20.12,19.66,15914180,316883140,20.0,20.02
2026/04/16 11:04:39,03913,合景悠活,KWG LIVING,,0.181,-0.003,-1.63044,0.184,0.184,0.189,0.181,415549,75416,0.181,0.186
2026/04/16 11:35:09,03918,金界控股,NAGACORP,,4.15,-0.05,-1.19048,4.2,4.24,4.24,4.14,1648000,6871020,4.14,4.15
2026/04/16 11:30:08,03919,金力集团,GOLDENPOWER,,1.38,0.0,0.0,1.38,0.0,0.0,0.0,0,0,1.31,1.48
2026/04/16 11:35:04,03928,中国新零售供应链,CHINA NEXT-GEN,,18.07,-0.03,-0.16575,18.1,18.1,18.3,17.9,140000,2535160,17.88,18.1
2026/04/16 11:34:34,03931,中创新航,CALB,,38.04,0.74,1.98391,37.3,37.36,39.3,37.12,5969800,227812990,38.02,38.04
2026/04/16 11:35:09,03933,联邦制药,UNITED LAB,,10.16,-0.15,-1.4549,10.31,10.3,10.31,10.14,1652000,16854168,10.16,10.17
2026/04/16 11:11:08,03938,ＬＦＧ投资控股,LFG INV HLDGS,,3.67,-0.04,-1.07817,3.71,3.79,3.79,3.67,18000,66640,3.66,3.7
2026/04/16 11:35:28,03939,万国黄金集团,WANGUO GOLD GP,,13.36,0.03,0.22506,13.33,13.46,13.46,13.19,6678500,88881033,13.36,13.39
2026/04/16 11:34:57,03958,东方证券,DFZQ,,6.1,0.13,2.17755,5.97,6.07,6.14,5.98,4997200,30382904,6.09,6.1
2026/04/16 09:00:52,03963,融众金融,RONGZHONG FIN,,0.138,0.0,0.0,0.138,0.0,0.0,0.0,0,0,0.132,0.0
2026/04/16 11:35:41,03968,招商银行,CM BANK,,51.35,0.55,1.08268,50.8,51.0,51.45,51.0,6419267,328723061,51.35,51.4
2026/04/16 11:35:41,03969,中国通号,CHINA CRSC,,3.62,-0.04,-1.0929,3.66,3.63,3.65,3.6,1333000,4826160,3.62,3.63
2026/04/16 11:19:06,03978,卓越教育集团,BESTSTUDY EDU,,3.42,0.0,0.0,3.42,3.42,3.47,3.4,132000,452650,3.41,3.43
2026/04/16 11:31:15,03983,中海石油化学,CHINA BLUECHEM,,2.78,0.01,0.36101,2.77,2.78,2.82,2.74,2431313,6754916,2.78,2.79
2026/04/16 11:35:48,03986,兆易创新,GIGADEVICE,,429.8,22.2,5.44652,407.6,409.0,431.8,398.8,890928,373767413,429.60001,430.39999
2026/04/16 11:35:43,03988,中国银行,BANK OF CHINA,,5.11,-0.02,-0.38986,5.13,5.14,5.15,5.11,40072874,205233168,5.11,5.12
2026/04/16 11:03:55,03989,首创环境,CAPITAL ENV,,0.1,-0.003,-2.91262,0.103,0.103,0.105,0.1,286000,29322,0.101,0.102
2026/04/16 11:34:32,03990,美的置业,MIDEA REAL EST,,3.46,-0.06,-1.70455,3.52,3.52,3.57,3.46,509600,1784096,3.45,3.47
2026/04/16 10:11:48,03991,长虹佳华,CHANGHONG JH,,1.13,0.0,0.0,1.13,1.13,1.13,1.13,380000,429400,1.13,1.14
2026/04/16 11:35:26,03993,洛阳钼业,CMOC,,19.48,0.16,0.82816,19.32,19.32,19.6,19.13,15639459,302232409,19.47,19.48
2026/04/16 11:35:15,03996,中国能源建设,CH ENERGY ENG,,1.26,0.01,0.8,1.25,1.25,1.27,1.25,27060000,34022750,1.26,1.27
2026/04/16 10:42:29,03997,电讯首科,TSO,,0.88,0.0,0.0,0.88,0.0,0.0,0.0,0,0,0.89,0.97
2026/04/16 11:34:06,03998,波司登,BOSIDENG,,4.1,0.06,1.48515,4.04,4.1,4.17,4.08,8884652,36552756,4.1,4.11
2026/04/16 09:31:32,03999,大成食品,DACHAN FOOD,,0.61,0.0,0.0,0.61,0.0,0.0,0.0,0,0,0.59,0.61
2026/04/16 09:05:34,04332,AMGEN-T,AMGEN-T,,0.0,0.0,0.0,0.0,0.0,0.0,0.0,0,0,0.185,0.0
2026/04/16 09:03:22,04333,思科－Ｔ,CISCO-T,,150.0,0.0,0.0,150.0,0.0,0.0,0.0,0,0,250.0,620.0
2026/04/16 09:02:40,04335,英特尔－Ｔ,INTEL-T,,0.0,0.0,0.0,0.0,0.0,0.0,0.0,0,0,100.0,0.0
2026/04/16 09:03:00,04336,应用材料－Ｔ,APPL MATERIAL-T,,0.0,0.0,0.0,0.0,0.0,0.0,0.0,0,0,700.0,0.0
2026/04/16 09:03:21,04337,星巴克－Ｔ,STARBUCKS-T,,0.0,0.0,0.0,0.0,0.0,0.0,0.0,0,0,500.0,0.0
2026/04/16 09:03:39,04338,微软－Ｔ,MICROSOFT-T,,0.0,0.0,0.0,0.0,0.0,0.0,0.0,0,0,2000.0,0.0
2026/04/16 11:35:41,06030,中信证券,CITIC SEC,,27.62,0.74,2.75298,26.88,27.2,27.7,27.1,7336649,201166974,27.62,27.64
2026/04/16 11:35:42,06031,三一重工,SANY HEAVY IND,,21.74,-0.46,-2.07207,22.2,22.02,22.5,21.72,1382600,30357796,21.72,21.74
2026/04/16 10:53:20,06033,电讯数码控股,TELECOM DIGIT,,0.57,0.0,0.0,0.57,0.57,0.57,0.57,7000,3990,0.57,0.6
2026/04/16 11:35:42,06036,光丽科技,APEX ACE HLDG,,0.485,0.0,0.0,0.485,0.48,0.5,0.48,130000,63775,0.485,0.51
2026/04/16 11:29:15,06038,信越控股,G & M HLDGS,,0.395,0.02,5.33333,0.375,0.38,0.395,0.38,40000,15600,0.385,0.39
2026/04/16 11:33:36,06049,保利物业,POLY PPT SER,,31.68,-0.02,-0.06309,31.7,31.88,31.88,31.64,162000,5139608,31.66,31.68
2026/04/16 11:34:31,06055,中烟香港,CTIHK,,31.48,0.78,2.54072,30.7,30.98,31.56,30.7,1045000,32687040,31.44,31.5
2026/04/16 11:28:06,06058,兴证国际,CISI FIN,,0.53,0.01,1.92308,0.52,0.52,0.54,0.52,1354000,715040,0.53,0.54
2026/04/16 11:35:22,06060,众安在线,ZA ONLINE,,12.79,0.11,0.86751,12.68,12.78,12.79,12.63,4396700,55825280,12.78,12.79
2026/04/16 11:20:14,06063,智中国际,LOTUS HORIZON,,0.445,-0.005,-1.11111,0.45,0.45,0.46,0.435,8040000,3571520,0.44,0.46
2026/04/16 11:35:24,06066,中信建投证券,CSC,,11.25,0.3,2.73973,10.95,11.01,11.3,11.01,1983500,22169687,11.23,11.25
2026/04/16 09:51:59,06068,光正教育,WISDOM EDU INTL,,0.071,0.0,0.0,0.071,0.0,0.0,0.0,0,0,0.067,0.07
2026/04/16 11:31:58,06069,盛业,SY HOLDINGS,,9.58,-0.01,-0.10428,9.59,9.83,9.83,9.5,5403000,52030200,9.56,9.6
2026/04/16 11:34:42,06078,海吉亚医疗,HYGEIA HEALTH,,12.5,0.02,0.16026,12.48,12.48,12.55,12.36,839800,10445405,12.49,12.5
2026/04/16 11:24:27,06080,荣智控股,WING CHI HLDGS,,0.126,-0.004,-3.07692,0.13,0.13,0.13,0.124,210000,26658,0.126,0.13
2026/04/16 11:35:48,06082,壁仞科技,BIREN TECH,,45.56,6.98,18.09228,38.58,39.0,46.5,38.72,21553562,936506642,45.48,45.6
2026/04/16 10:11:55,06083,环宇物流（亚洲）,WORLD-LINK LOG,,0.59,0.01,1.72414,0.58,0.59,0.59,0.59,64000,37760,0.58,0.59
2026/04/16 11:29:08,06086,方舟健客,FANGZHOU JIANKE,,1.38,0.01,0.72993,1.37,1.37,1.39,1.33,212000,288145,1.38,1.39
2026/04/16 11:35:48,06088,FIT HON TENG,FIT HON TENG,,7.87,0.37,4.93333,7.5,7.63,7.95,7.36,29980000,230233015,7.85,7.88
2026/04/16 11:35:52,06090,不同集团,BUTONG GROUP,,44.06,3.7,9.16749,40.36,41.0,46.16,40.7,6876230,297190693,44.06,44.22
2026/04/16 10:47:10,06093,和泓服务,HEVOL SERVICES,,0.67,0.0,0.0,0.67,0.0,0.0,0.0,0,0,0.64,0.75
2026/04/16 11:35:33,06098,碧桂园服务,CG SERVICES,,6.31,-0.04,-0.62992,6.35,6.31,6.34,6.29,1510474,9536762,6.3,6.31
2026/04/16 11:35:09,06099,招商证券,CMSC,,14.09,0.21,1.51297,13.88,14.0,14.15,13.88,1294000,18143920,14.09,14.1
2026/04/16 11:35:09,06100,同道猎聘,TONGDAO LIEPIN,,2.84,0.07,2.52708,2.77,2.8,2.87,2.74,420800,1178388,2.82,2.86
2026/04/16 11:28:19,06108,新锐医药,NEW RAY MEDIC,,0.214,0.0,0.0,0.214,0.0,0.0,0.0,0,0,0.203,0.213
2026/04/16 11:35:48,06110,滔搏,TOPSPORTS,,2.88,0.06,2.12766,2.82,2.82,2.88,2.82,3460000,9839268,2.87,2.88
2026/04/16 11:17:33,06113,比特策略,BITSTRAT HLDGS,,1.2,0.09,8.10811,1.11,1.13,1.2,1.13,4000,4660,1.06,1.2
2026/04/16 09:00:22,06117,日照港裕廊,RIZHAO PORT JR,,0.66,0.0,0.0,0.66,0.0,0.0,0.0,0,0,0.65,0.68
2026/04/16 11:34:44,06118,奥星生命科技,AUSTAR,,0.8,-0.05,-5.88235,0.85,0.9,0.9,0.8,447000,366460,0.8,0.81
2026/04/16 08:55:00,06119,天源集团,TIAN YUAN GP,,0.44,0.0,0.0,0.44,0.0,0.0,0.0,0,0,0.0,0.0
2026/04/16 11:28:24,06123,圆通国际快递,YTO INTL EXP,,1.42,0.0,0.0,1.42,1.42,1.42,1.42,58000,82360,1.42,1.46
2026/04/16 11:35:16,06127,昭衍新药,JOINN,,22.88,0.06,0.26293,22.82,22.8,23.12,22.32,1789752,40708781,22.86,22.88
2026/04/16 11:31:23,06128,烯石电车新材料,GRAPHEX GROUP,,0.054,-0.002,-3.57143,0.056,0.056,0.059,0.053,3280000,178140,0.053,0.055
2026/04/16 08:55:00,06133,维太创科,VITAL INNO,,0.27,0.0,0.0,0.27,0.0,0.0,0.0,0,0,0.0,0.0
2026/04/16 10:39:15,06136,康达环保,KANGDA ENV,,0.74,0.02,2.77778,0.72,0.72,0.74,0.72,67000,49380,0.72,0.74
2026/04/16 11:33:08,06138,哈尔滨银行,HARBIN BANK,,0.34,0.0,0.0,0.34,0.34,0.34,0.34,208000,70720,0.34,0.345
2026/04/16 11:26:39,06158,正荣地产,ZHENRO PPT,,0.016,-0.002,-11.11111,0.018,0.016,0.02,0.016,85000,1475,0.016,0.019
2026/04/16 11:35:07,06160,百济神州,BEONE MEDICINES,,194.4,3.9,2.04724,190.5,193.0,196.0,192.0,2254964,438281576,194.39999,194.5
2026/04/16 11:09:15,06162,天瑞汽车内饰,TR INTERIORS,,0.18,0.002,1.1236,0.178,0.184,0.184,0.171,328000,58632,0.178,0.183
2026/04/16 10:33:58,06163,彭顺国际,GEMILANG INTL,,0.275,0.005,1.85185,0.27,0.275,0.275,0.275,8000,2200,0.27,0.3
2026/04/16 11:35:16,06166,剑桥科技,CIG,,89.7,3.35,3.87956,86.35,85.95,89.95,84.55,2880975,251810527,89.65,89.7
2026/04/16 11:34:19,06168,周六福,ZHOU LIU FU,,18.38,0.18,0.98901,18.2,18.0,18.49,18.0,221900,4052949,18.38,18.4
2026/04/16 11:30:29,06169,宇华教育,YUHUA EDU,,0.47,0.005,1.07527,0.465,0.485,0.485,0.46,618000,290150,0.46,0.47
2026/04/16 11:33:19,06178,光大证券,EB SECURITIES,,8.17,0.09,1.11386,8.08,8.08,8.2,8.08,1752000,14266250,8.17,8.18
2026/04/16 11:35:02,06181,老铺黄金,LAOPU GOLD,,662.0,-11.0,-1.63447,673.0,673.0,680.0,656.5,290200,192831795,661.0,662.0
2026/04/16 08:55:00,06182,乙德投资控股,TWINTEK,,0.74,0.0,0.0,0.74,0.0,0.0,0.0,0,0,0.0,0.0
2026/04/16 11:35:05,06185,康希诺生物,CANSINOBIO,,34.78,0.54,1.5771,34.24,34.34,34.96,33.98,393400,13576702,34.7,34.78
2026/04/16 11:35:27,06186,中国飞鹤,CHINA FEIHE,,3.39,-0.01,-0.29412,3.4,3.42,3.42,3.33,10440000,35070700,3.38,3.39
2026/04/16 11:24:08,06188,迪信通,BJ DIGITAL,,0.42,0.0,0.0,0.42,0.0,0.0,0.0,0,0,0.355,0.415
2026/04/16 08:55:00,06189,爱得威建设集团,ADWAY,,0.072,0.0,0.0,0.072,0.0,0.0,0.0,0,0,0.0,0.0
2026/04/16 11:02:24,06190,九江银行,BANKOFJIUJIANG,,2.31,0.0,0.0,2.31,0.0,0.0,0.0,0,0,2.2,2.28
2026/04/16 10:43:14,06193,泰林科建,TAILAM TECHCON,,0.29,0.005,1.75439,0.285,0.3,0.325,0.29,178000,55230,0.29,0.32
2026/04/16 11:29:48,06196,郑州银行,BANKOFZHENGZHOU,,1.02,0.01,0.9901,1.01,1.02,1.02,1.01,835000,848830,1.01,1.02
2026/04/16 11:35:23,06198,青岛港,QINGDAO PORT,,7.59,0.2,2.70636,7.39,7.4,7.6,7.4,1906000,14397620,7.58,7.59
2026/04/16 09:38:13,06199,贵州银行,BANK OF GUIZHOU,,0.99,0.0,0.0,0.99,0.0,0.0,0.0,0,0,0.99,1.0
2026/04/16 11:34:38,06600,卧安机器人,ONEROBOTICS,,116.7,-1.3,-1.1017,118.0,120.0,124.4,113.8,464607,54729216,116.3,116.8
2026/04/16 11:34:23,06601,朝云集团,CHEERWIN GP,,2.36,-0.02,-0.84034,2.38,2.38,2.39,2.34,553000,1308040,2.35,2.36
2026/04/16 11:35:18,06603,IFBH,IFBH,,11.45,-0.08,-0.69384,11.53,11.53,11.54,11.13,806000,9121420,11.44,11.51
2026/04/16 11:27:47,06608,百融云－Ｗ,BAIRONG-W,,7.11,-0.03,-0.42017,7.14,7.31,7.5,7.1,854500,6222495,7.11,7.12
2026/04/16 11:33:18,06609,心玮医疗－Ｂ,HEARTCARE-B,,53.7,-2.0,-3.59066,55.7,55.95,55.95,53.65,26300,1422080,53.7,53.9
2026/04/16 11:30:09,06610,飞天云动,FLOWING CLOUD,,1.67,-0.26,-13.4715,1.93,1.93,1.93,1.61,1425451,2482495,1.64,1.72
2026/04/16 08:55:00,06611,三巽集团,SANXUN GROUP,,0.046,0.0,0.0,0.046,0.0,0.0,0.0,0,0,0.0,0.0
2026/04/16 11:35:27,06613,蓝思科技,LENS,,16.8,-2.86,-14.5473,19.66,18.15,18.15,15.68,46503796,765898920,16.79,16.8
2026/04/16 11:32:15,06616,环球新材国际,GLOBAL NEW MAT,,7.52,0.22,3.0137,7.3,7.39,7.62,6.88,1774000,12933233,7.44,7.52
2026/04/16 11:35:19,06618,京东健康,JD HEALTH,,49.98,0.92,1.87526,49.06,48.96,50.0,48.74,1803700,89287443,49.96,49.98
2026/04/16 11:25:16,06622,兆科眼科－Ｂ,ZHAOKE OPHTH-B,,3.03,-0.02,-0.65574,3.05,3.07,3.07,3.02,164500,500335,3.03,3.06
2026/04/16 08:55:00,06623,陆控,LUFAX,,10.9,0.0,0.0,10.9,0.0,0.0,0.0,0,0,0.0,0.0
2026/04/16 10:46:49,06626,越秀服务,YUEXIU SERVICES,,1.75,0.01,0.57471,1.74,1.75,1.75,1.73,198000,344750,1.74,1.75
2026/04/16 11:34:40,06628,创胜集团医药－Ｂ,TRANSCENTA-B,,2.74,-0.06,-2.14286,2.8,2.8,2.8,2.74,180000,495605,2.74,2.76
2026/04/16 09:01:14,06633,青瓷游戏,QINGCI GAMES,,2.77,0.0,0.0,2.77,0.0,0.0,0.0,0,0,2.71,0.0
2026/04/16 11:35:12,06636,极视角,EXTREME VISION,,101.0,6.8,7.21868,94.2,95.95,105.5,93.35,496100,49778135,100.9,101.9
2026/04/16 08:55:00,06639,瑞尔集团,ARRAIL GROUP,,1.83,0.0,0.0,1.83,0.0,0.0,0.0,0,0,0.0,0.0
2026/04/16 11:35:27,06651,五一视界,51WORLD,,55.4,-1.1,-1.9469,56.5,56.4,57.0,52.25,8959298,487914846,55.4,55.5
2026/04/16 11:35:14,06655,华新建材,HX BLDG MAT,,17.59,0.11,0.62929,17.48,17.5,17.8,17.28,920408,16111857,17.58,17.6
2026/04/16 11:35:26,06656,思格新能,SIGENERGY,,572.0,247.79999,76.43429,324.20001,581.0,599.0,560.5,5138698,2992687585,573.0,574.0
2026/04/16 11:11:09,06657,百望股份,BAIWANG CO,,14.6,-0.4,-2.66667,15.0,15.01,15.01,14.6,800,11761,14.6,14.99
2026/04/16 11:31:19,06660,艾美疫苗,AIM VACCINE,,3.07,0.03,0.98684,3.04,2.95,3.1,2.89,2225200,6628994,3.06,3.07
2026/04/16 08:55:00,06661,湖州燃气,HUZHOU GAS,,5.28,0.0,0.0,5.28,0.0,0.0,0.0,0,0,0.0,0.0
2026/04/16 11:29:24,06663,国际永胜集团,IWS GROUP,,0.255,-0.015,-5.55556,0.27,0.27,0.27,0.255,120000,32000,0.255,0.265
2026/04/16 11:35:12,06666,恒大物业,EVERG SERVICES,,1.23,0.04,3.36135,1.19,1.2,1.24,1.2,24018358,29368274,1.22,1.23
2026/04/16 10:40:10,06667,美因基因,MEGA GENOMICS,,7.31,0.0,0.0,7.31,0.0,0.0,0.0,10000,73100,7.32,7.5
2026/04/16 10:22:54,06668,星盛商业,E-STAR CM,,1.36,-0.01,-0.72993,1.37,1.36,1.36,1.35,162000,220200,1.36,1.37
2026/04/16 11:33:51,06669,先瑞达医疗－Ｂ,ACOTEC-B,,11.15,-0.3,-2.62009,11.45,11.4,11.47,11.02,95000,1063800,11.11,11.16
2026/04/16 11:31:25,06676,找钢网－Ｗ,ZG GROUP-W,,1.27,-0.01,-0.78125,1.28,1.29,1.29,1.26,257000,327280,1.27,1.29
2026/04/16 09:30:11,06677,远洋服务,SINO-OCEAN SERV,,0.35,0.0,0.0,0.35,0.0,0.0,0.0,0,0,0.34,0.35
2026/04/16 11:34:58,06680,金力永磁,JLMAG,,20.98,0.4,1.94364,20.58,20.9,21.16,20.56,2136600,44689597,20.96,20.98
2026/04/16 11:33:02,06681,脑动极光－Ｂ,BRAINAURORA-B,,4.21,0.02,0.47733,4.19,4.23,4.31,4.17,5649000,23900010,4.2,4.21
2026/04/16 11:35:35,06682,范式智能,PHANCY,,40.7,0.84,2.10738,39.86,40.58,40.78,39.88,1535500,61865762,40.68,40.7
2026/04/16 11:35:05,06683,巨星传奇,STARPLUS LEGEND,,6.24,0.13,2.12766,6.11,6.15,6.26,6.15,5029500,31246110,6.23,6.24
2026/04/16 10:47:45,06686,诺亚控股,NOAH HOLDINGS,,17.45,-0.25,-1.41243,17.7,17.5,17.5,17.37,2900,50719,17.46,17.5
2026/04/16 11:35:40,06687,聚水潭,JST GROUP,,19.77,0.75,3.94322,19.02,19.06,20.7,19.06,1871100,37551379,19.67,19.71
2026/04/16 11:35:44,06690,海尔智家,HAIER SMARTHOME,,21.12,0.2,0.95602,20.92,20.8,21.18,20.8,6400340,134472999,21.1,21.12
2026/04/16 11:35:39,06693,赤峰黄金,CHIFENG GOLD,,41.98,0.18,0.43062,41.8,42.5,42.5,41.52,1850400,77344372,41.96,41.98
2026/04/16 08:55:00,06696,多想云,MANY IDEA CLOUD,,2.94,0.0,0.0,2.94,0.0,0.0,0.0,0,0,0.0,0.0
2026/04/16 10:51:04,06698,星空华文,STAR CM,,1.07,0.07,7.0,1.0,1.0,1.08,1.0,23000,24461,1.02,1.06
2026/04/16 11:35:49,06699,时代天使,ANGELALIGN,,91.4,1.0,1.1062,90.4,90.4,91.5,89.35,240490,21846206,91.2,91.4
2026/04/16 11:31:21,06805,金茂源环保,KIMOU ENVIRON,,2.8,-0.08,-2.77778,2.88,2.88,2.9,2.8,16000,45640,2.8,2.88
2026/04/16 11:35:44,06806,申万宏源,SWHY,,2.91,0.05,1.74825,2.86,2.88,2.92,2.88,5800800,16813048,2.9,2.91
2026/04/16 11:23:28,06808,高鑫零售,SUNART RETAIL,,1.43,-0.02,-1.37931,1.45,1.46,1.46,1.4,5455500,7729725,1.43,1.44
2026/04/16 11:35:47,06809,澜起科技,MONTAGE TECH,,221.8,19.4,9.58498,202.4,202.4,223.8,199.4,1266271,271898948,221.0,221.8
2026/04/16 11:35:44,06811,太兴集团,TAI HING GROUP,,1.09,0.0,0.0,1.09,1.09,1.09,1.09,41000,44690,1.09,1.1
2026/04/16 11:20:02,06812,永顺控股香港,WINSON HLDGS HK,,0.295,-0.005,-1.66667,0.3,0.295,0.295,0.295,5000,1475,0.295,0.325
2026/04/16 08:55:00,06816,瑞港建设,PROSPER CONS,,0.19,0.0,0.0,0.19,0.0,0.0,0.0,0,0,0.0,0.0
2026/04/16 11:35:11,06818,中国光大银行,CEB BANK,,3.18,0.05,1.59744,3.13,3.14,3.19,3.12,10131000,32000481,3.17,3.18
2026/04/16 11:35:27,06820,友谊时光,FRIENDTIMES,,0.49,0.005,1.03093,0.485,0.495,0.495,0.48,40000,19510,0.475,0.49
2026/04/16 11:34:57,06821,凯莱英,ASYMCHEM,,99.6,0.95,0.963,98.65,100.4,101.8,98.65,165600,16663765,99.75,99.95
2026/04/16 09:10:54,06822,科劲国际,KING'S FLAIR,,0.4,0.0,0.0,0.4,0.0,0.0,0.0,0,0,0.375,0.42
2026/04/16 11:35:30,06823,香港电讯－ＳＳ,HKT-SS,,12.51,0.17,1.37763,12.34,12.33,12.52,12.3,6871791,85041785,12.5,12.52
2026/04/16 11:23:31,06826,昊海生物科技,HAOHAI BIOTEC,,21.84,-0.1,-0.45579,21.94,22.02,22.04,21.82,55800,1221364,21.86,21.9
2026/04/16 09:30:38,06828,北京燃气蓝天,BG BLUE SKY,,0.038,0.0,0.0,0.038,0.0,0.0,0.0,0,0,0.036,0.038
2026/04/16 10:56:49,06829,龙升集团控股,DRAGON RISE GP,,2.5,-0.05,-1.96078,2.55,2.51,2.51,2.5,50000,124300,2.41,2.5
2026/04/16 10:27:36,06830,华众车载,HUAZHONG IN-V,,0.238,-0.006,-2.45902,0.244,0.233,0.238,0.232,272000,63378,0.233,0.238
2026/04/16 11:35:22,06831,绿茶集团,GREEN TEA GROUP,,8.46,0.06,0.71429,8.4,8.57,8.6,8.38,1464400,12408416,8.43,8.46
2026/04/16 10:42:18,06833,兴科蓉医药,SINCO PHARMA,,0.17,0.0,0.0,0.17,0.0,0.0,0.0,0,0,0.167,0.171
2026/04/16 09:30:39,06838,盈利时,WINOX,,0.221,0.0,0.0,0.221,0.0,0.0,0.0,0,0,0.22,0.234
2026/04/16 09:30:29,06839,云南水务,YUNNAN WATER,,0.117,0.0,0.0,0.117,0.0,0.0,0.0,0,0,0.115,0.12
2026/04/16 11:34:33,06855,亚盛医药－Ｂ,ASCENTAGE-B,,53.45,0.35,0.65913,53.1,53.7,54.0,52.55,1618640,86484872,53.4,53.45
2026/04/16 09:04:27,06858,本间高尔夫,HONMAGOLF,,3.0,0.0,0.0,3.0,0.0,0.0,0.0,0,0,2.8,3.02
2026/04/16 11:16:08,06860,指尖悦动,FINGERTANGO,,0.187,0.002,1.08108,0.185,0.187,0.187,0.187,14000,2618,0.178,0.185
2026/04/16 11:35:48,06862,海底捞,HAIDILAO,,15.23,0.76,5.25225,14.47,14.6,15.43,14.6,18038382,274762528,15.23,15.25
2026/04/16 11:35:08,06865,福莱特玻璃,FLAT GLASS,,9.43,0.2,2.16685,9.23,9.35,9.43,9.26,864000,8087999,9.42,9.43
2026/04/16 11:16:11,06866,佐力小贷,ZUOLI M-FIN,,0.32,-0.005,-1.53846,0.325,0.315,0.32,0.315,90000,28680,0.315,0.335
2026/04/16 11:07:59,06868,天福,TENFU,,2.87,0.01,0.34965,2.86,2.87,2.87,2.87,2000,5740,2.82,2.87
2026/04/16 11:35:51,06869,长飞光纤光缆,YOFC,,216.8,11.2,5.44747,205.6,203.0,218.0,199.0,10544494,2193153257,216.2,216.8
2026/04/16 10:42:18,06877,TE HEALTHCARE,TE HEALTHCARE,,0.138,0.003,2.22222,0.135,0.136,0.139,0.136,1005000,138470,0.14,0.149
2026/04/16 08:55:00,06878,鼎丰集团汽车,DIFFER GP AUTO,,0.037,0.0,0.0,0.037,0.0,0.0,0.0,0,0,0.0,0.0
2026/04/16 11:33:58,06881,中国银河,CGS,,8.79,0.13,1.50116,8.66,8.76,8.85,8.68,9750500,85314255,8.78,8.79
2026/04/16 10:52:03,06882,东瀛游,EGL HOLDINGS,,0.52,0.02,4.0,0.5,0.5,0.52,0.5,40000,20500,0.495,0.52
2026/04/16 08:55:00,06883,颖通控股,ETERNAL BEAUTY,,2.03,0.0,0.0,2.03,0.0,0.0,0.0,0,0,0.0,0.0
2026/04/16 11:35:05,06885,金马能源,JINMA ENERGY,,1.06,-0.01,-0.93458,1.07,1.06,1.06,1.05,241000,255440,1.05,1.06
2026/04/16 11:35:46,06886,HTSC,HTSC,,16.39,0.4,2.50156,15.99,15.99,16.46,15.99,6326600,102867929,16.39,16.4
2026/04/16 11:35:08,06887,东阳光药,SUNSHINE PHARMA,,44.92,0.74,1.67497,44.18,43.6,44.98,43.56,81791,3649261,44.86,44.92
2026/04/16 11:20:52,06888,英达公路再生科技,FREETECH,,0.137,0.0,0.0,0.137,0.0,0.0,0.0,0,0,0.13,0.137
2026/04/16 10:00:06,06889,DYNAM JAPAN,DYNAM JAPAN,,3.28,-0.07,-2.08955,3.35,3.28,3.28,3.28,1200,3938,3.29,3.36
2026/04/16 09:00:53,06890,康利国际控股,KANGLI INT HLDG,,0.35,0.0,0.0,0.35,0.0,0.0,0.0,0,0,0.345,0.355
2026/04/16 11:19:03,06893,衍生集团,HINSANG GROUP,,0.233,-0.011,-4.5082,0.244,0.231,0.233,0.231,24000,5552,0.235,0.248
2026/04/16 11:22:09,06896,金嗓子,GOLDEN THROAT,,3.66,-0.05,-1.34771,3.71,3.69,3.69,3.65,197500,722585,3.66,3.69
2026/04/16 10:09:23,06898,中国铝罐,CHINA ALUMCAN,,0.74,0.0,0.0,0.74,0.0,0.0,0.0,0,0,0.69,0.71
2026/04/16 08:55:00,06899,联众,OURGAME,,0.23,0.0,0.0,0.23,0.0,0.0,0.0,0,0,0.0,0.0
2026/04/16 11:35:27,06908,宏光半导体,HG SEMI,,0.425,-0.01,-2.29885,0.435,0.435,0.435,0.425,335000,144125,0.42,0.43
2026/04/16 11:18:43,06909,百得利控股,BETTERLIFE HLDG,,0.33,-0.01,-2.94118,0.34,0.34,0.34,0.33,296000,97880,0.325,0.33
2026/04/16 11:26:54,06911,澜沧古茶,LANCANG TEA,,2.99,0.0,0.0,2.99,0.0,0.0,0.0,0,0,2.12,3.4
2026/04/16 11:08:31,06913,华南职业教育,SCVE GROUP,,0.198,-0.01,-4.80769,0.208,0.199,0.202,0.198,404000,80406,0.198,0.209
2026/04/16 09:32:38,06918,奇士达,KIDZTECH,,0.158,0.0,0.0,0.158,0.0,0.0,0.0,4000,620,0.155,0.158
2026/04/16 11:24:19,06919,人瑞人才,RENRUI HR,,3.8,0.1,2.7027,3.7,3.8,3.8,3.8,13600,51680,3.81,4.01
2026/04/16 11:33:36,06922,康沣生物－Ｂ,CRYOFOCUS-B,,5.68,0.02,0.35336,5.66,5.78,5.81,5.66,8400,48078,5.69,5.7
2026/04/16 11:31:29,06928,万马控股,TOMO HOLDINGS,,0.238,-0.01,-4.03226,0.248,0.223,0.255,0.223,756000,174136,0.228,0.236
2026/04/16 09:50:51,06929,业聚医疗,ORBUSNEICH,,4.06,0.0,0.0,4.06,0.0,0.0,0.0,0,0,4.02,4.05
2026/04/16 11:34:15,06933,新娱科控股,SINO-ENTERTAIN,,0.78,0.04,5.40541,0.74,0.74,0.78,0.74,330000,250500,0.72,0.76
2026/04/16 11:35:22,06936,顺丰控股,SF HOLDING,,35.92,-0.22,-0.60874,36.14,36.4,36.4,35.66,689800,24766188,35.92,35.96
2026/04/16 11:35:32,06938,瑞博生物－Ｂ,RIBOLIFE-B,,67.75,-3.25,-4.57747,71.0,70.25,70.25,67.1,122800,8374090,67.6,67.9
2026/04/16 11:03:38,06939,美佳音控股,MEGAIN,,1.72,-0.01,-0.57804,1.73,1.73,1.75,1.69,248000,425580,1.72,1.74
2026/04/16 11:34:54,06955,博安生物,BOAN BIOTECH,,7.07,-0.21,-2.88462,7.28,7.3,7.3,7.0,2101800,14884606,7.06,7.08
2026/04/16 11:27:53,06958,正荣服务,ZHENRO SERVICES,,0.099,-0.002,-1.9802,0.101,0.106,0.106,0.099,557000,57355,0.099,0.107
2026/04/16 11:33:56,06959,长久股份,CHANGJIU HLDGS,,3.8,-0.08,-2.06186,3.88,3.91,4.0,3.8,23800,92944,3.8,4.0
2026/04/16 11:33:33,06960,双登股份,SHUANGDENG,,14.42,0.44,3.14735,13.98,14.16,14.46,14.09,364500,5194400,14.37,14.42
2026/04/16 11:35:31,06963,阳光保险,SUNSHINE INS,,3.66,-0.02,-0.54348,3.68,3.7,3.7,3.62,4924500,17959726,3.65,3.66
2026/04/16 09:37:21,06966,中国万桐园,C WAN TONG YUAN,,0.52,0.0,0.0,0.52,0.0,0.0,0.0,0,0,0.46,0.51
2026/04/16 11:27:14,06968,港龙中国地产,GANGLONG CHINA,,0.08,0.005,6.66667,0.075,0.075,0.08,0.075,1019000,79234,0.072,0.079
2026/04/16 11:35:33,06969,思摩尔国际,SMOORE INTL,,9.37,0.02,0.2139,9.35,9.53,9.7,9.35,5260000,49951841,9.36,9.37
2026/04/16 11:21:33,06978,永泰生物－Ｂ,IMMUNOTECH-B,,3.61,-0.06,-1.63488,3.67,3.6,3.62,3.55,306000,1093960,3.57,3.63
2026/04/16 11:35:20,06979,珍酒李渡,ZJLD,,8.83,0.06,0.68415,8.77,8.78,8.85,8.73,1506861,13244578,8.81,8.83
2026/04/16 11:33:41,06980,八马茶业,BAMA TEA,,27.6,1.14,4.30839,26.46,27.0,27.94,26.94,17100,474306,27.38,27.6
2026/04/16 11:33:47,06988,乐享集团,JOY SPREADER,,0.116,-0.014,-10.76923,0.13,0.13,0.13,0.11,16441000,1909719,0.113,0.116
2026/04/16 11:29:15,06989,卓越商企服务,EXCELLENCE CM,,0.63,-0.01,-1.5625,0.64,0.64,0.65,0.63,225000,142550,0.63,0.64
2026/04/16 11:35:03,06990,科伦博泰生物,SKB BIO,,512.5,-6.5,-1.25241,519.0,516.0,523.5,504.0,181800,92822650,512.5,513.5
2026/04/16 11:30:00,06993,蓝月亮集团,BLUE MOON GROUP,,3.02,0.03,1.00334,2.99,2.98,3.02,2.98,575000,1726125,3.0,3.02
2026/04/16 11:35:31,06996,德琪医药－Ｂ,ANTENGENE-B,,6.11,-0.04,-0.65041,6.15,6.14,6.23,5.98,1847500,11229420,6.09,6.11
2026/04/16 11:34:09,06998,亿腾嘉和,EDDING GENOR,,3.28,0.08,2.5,3.2,3.2,3.35,3.1,2588000,8425170,3.26,3.28
2026/04/16 08:55:00,06999,领地控股,LEADING HLDGS,,0.117,0.0,0.0,0.117,0.0,0.0,0.0,0,0,0.0,0.0
2026/04/16 11:35:30,07489,岚图汽车,VOYAH AUTO,,7.03,0.12,1.73661,6.91,7.06,7.06,6.81,4388674,30535342,7.02,7.03
2026/04/16 11:34:30,07618,京东工业,JD INDUSTRIALS,,14.85,-0.15,-1.0,15.0,15.0,15.1,14.34,1733000,25407148,14.81,14.84
2026/04/16 11:33:32,08003,世大控股,GREAT WORLD,,0.114,0.0,0.0,0.114,0.114,0.114,0.114,24000,2736,0.107,0.119
2026/04/16 11:30:54,08005,裕兴科技,YUXING INFOTECH,,0.07,0.0,0.0,0.07,0.0,0.0,0.0,2000,140,0.069,0.07
2026/04/16 10:11:11,08006,华泰瑞银,SINO SPLENDID,,0.09,0.0,0.0,0.09,0.0,0.0,0.0,0,0,0.086,0.096
2026/04/16 11:29:33,08007,环球战略集团,GLOBALSTRAT,,0.58,0.01,1.75439,0.57,0.57,0.61,0.51,1382000,804040,0.55,0.59
2026/04/16 09:30:38,08013,ECI TECH,ECI TECH,,0.062,0.0,0.0,0.062,0.0,0.0,0.0,0,0,0.056,0.063
2026/04/16 11:29:00,08017,捷利交易宝,TRADEGO,,1.24,-0.01,-0.8,1.25,1.24,1.25,1.21,904000,1118400,1.23,1.24
2026/04/16 11:05:53,08018,汇财金融投资,FINSOFT FIN,,0.045,0.0,0.0,0.045,0.0,0.0,0.0,0,0,0.045,0.049
2026/04/16 10:21:49,08019,皓文控股,HAO WEN HLDGS,,0.214,0.0,0.0,0.214,0.0,0.0,0.0,0,0,0.0,0.255
2026/04/16 10:48:56,08020,宏海控股集团,UNITAS HOLD,,0.022,-0.001,-4.34783,0.023,0.022,0.022,0.022,670000,14740,0.022,0.023
2026/04/16 11:10:21,08023,邝文记,KWONG MAN KEE,,0.305,0.0,0.0,0.305,0.0,0.0,0.0,0,0,0.285,0.355
2026/04/16 11:24:42,08026,朗华国际集团,CB GLOBAL,,0.355,0.07,24.5614,0.285,0.355,0.355,0.355,1000,355,0.25,0.345
2026/04/16 11:32:44,08027,吉辉控股,KPM HOLDING,,0.077,0.0,0.0,0.077,0.077,0.079,0.077,555000,43335,0.077,0.084
2026/04/16 09:36:16,08028,天时资源,TIMELESS,,0.235,0.0,0.0,0.235,0.0,0.0,0.0,0,0,0.234,0.249
2026/04/16 11:34:02,08029,帝国金融集团,IMPERIUM FIN GP,,1.03,0.0,0.0,1.03,1.03,1.03,1.03,35000,36050,0.98,1.05
2026/04/16 11:32:48,08030,丰银禾控股,FENGYINHE,,3.48,-0.82,-19.06977,4.3,4.09,4.3,3.3,678000,2421280,3.42,3.48
2026/04/16 11:26:46,08031,易通讯集团,ETS GROUP,,0.35,0.0,0.0,0.35,0.0,0.0,0.0,0,0,0.345,0.35
2026/04/16 09:30:15,08033,爱达利网络,VODATEL NETWORK,,0.127,0.0,0.0,0.127,0.0,0.0,0.0,0,0,0.122,0.134
2026/04/16 09:00:00,08035,骏高控股,JANCO HOLDINGS,,0.045,0.0,0.0,0.045,0.0,0.0,0.0,0,0,0.044,0.05
2026/04/16 09:00:30,08036,电子交易集团,EBROKER GROUP,,0.027,0.0,0.0,0.027,0.0,0.0,0.0,0,0,0.025,0.028
2026/04/16 11:01:56,08037,中国生物科技服务,CH BIOTECH SER,,0.68,-0.01,-1.44928,0.69,0.7,0.7,0.68,185000,126400,0.68,0.69
2026/04/16 08:55:00,08039,中国来骑哦,CHINA COME RIDE,,0.151,0.0,0.0,0.151,0.0,0.0,0.0,0,0,0.0,0.0
2026/04/16 10:30:17,08040,快意智能,COOLPOINT INNO,,0.4,0.0,0.0,0.4,0.0,0.0,0.0,0,0,0.38,0.395
2026/04/16 11:29:09,08041,中微智码,INTELLIMARK AI,,0.61,-0.02,-3.1746,0.63,0.63,0.63,0.61,70000,42800,0.6,0.62
2026/04/16 10:50:30,08042,高奥士人才集团,KOS TALENT GP,,0.058,0.0,0.0,0.058,0.06,0.06,0.058,230000,13360,0.058,0.06
2026/04/16 10:37:31,08043,ATLINKS,ATLINKS,,0.192,-0.005,-2.53807,0.197,0.193,0.193,0.192,70000,13485,0.192,0.198
2026/04/16 08:55:00,08047,中国海洋发展,CHINA OCEAN GP,,0.025,0.0,0.0,0.025,0.0,0.0,0.0,0,0,0.0,0.0
2026/04/16 08:55:00,08048,御德国际控股,YU TAK INT'L,,0.018,0.0,0.0,0.018,0.0,0.0,0.0,0,0,0.0,0.0
2026/04/16 11:14:09,08049,吉林长龙药业,JILIN CHANGLONG,,2.39,0.0,0.0,2.39,2.39,2.39,2.35,40000,95440,2.33,2.4
2026/04/16 11:28:48,08050,城市酷选,CITY COOLXUAN,,1.02,0.06,6.25,0.96,0.97,1.19,0.95,192000,194180,0.82,1.02
2026/04/16 11:13:57,08051,讯智海,CIRCUTECH,,2.55,0.0,0.0,2.55,0.0,0.0,0.0,0,0,2.55,2.76
2026/04/16 08:55:00,08052,陆庆娱乐,LUK HING ENT,,0.041,0.0,0.0,0.041,0.0,0.0,0.0,0,0,0.0,0.0
2026/04/16 10:20:30,08056,生活概念,LIFE CONCEPTS,,0.135,0.0,0.0,0.135,0.0,0.0,0.0,8500,913,0.125,0.15
2026/04/16 11:24:41,08057,麦迪森控股,MADISON HLDG,,0.097,0.005,5.43478,0.092,0.097,0.097,0.097,80000,7760,0.096,0.097
2026/04/16 11:15:41,08059,朝威控股,GLORY FLAME,,0.034,0.0,0.0,0.034,0.0,0.0,0.0,0,0,0.031,0.034
2026/04/16 09:00:08,08060,国联通信,GLOBAL LINK,,0.092,0.0,0.0,0.092,0.0,0.0,0.0,0,0,0.086,0.092
2026/04/16 11:34:44,08062,俊盟国际,EFT SOLUTIONS,,0.224,-0.016,-6.66667,0.24,0.23,0.23,0.224,55000,12380,0.224,0.247
2026/04/16 09:00:08,08065,高萌科技,KML TECH,,0.121,0.0,0.0,0.121,0.0,0.0,0.0,0,0,0.117,0.121
2026/04/16 10:37:34,08066,品创控股,PHOENITRON HOLD,,0.465,0.015,3.33333,0.45,0.465,0.465,0.465,20000,9300,0.42,0.465
2026/04/16 09:00:02,08067,东方大学城控股,OUC HOLDINGS,,0.275,0.0,0.0,0.275,0.0,0.0,0.0,0,0,0.265,0.29
2026/04/16 11:08:47,08069,飞道旅游科技,FLYDOO TECH,,0.022,-0.001,-4.34783,0.023,0.022,0.022,0.022,420000,9240,0.021,0.023
2026/04/16 09:30:02,08070,侨洋国际控股,KEEN OCEAN,,0.98,0.0,0.0,0.98,0.0,0.0,0.0,0,0,0.92,0.98
2026/04/16 11:01:32,08071,中彩网通控股,CH NETCOMTECH,,0.019,0.0,0.0,0.019,0.019,0.019,0.019,525000,9975,0.018,0.019
2026/04/16 09:55:24,08072,兰谷股份,LANGU CO,,0.45,0.0,0.0,0.45,0.0,0.0,0.0,0,0,0.41,0.47
2026/04/16 11:29:18,08073,水发兴业新材料,SFSY NEW MAT,,0.27,0.03,12.5,0.24,0.265,0.27,0.265,20000,5320,0.265,0.27
2026/04/16 09:30:10,08076,新利软件,SING LEE,,0.023,0.0,0.0,0.023,0.0,0.0,0.0,0,0,0.023,0.024
2026/04/16 10:13:51,08079,仍志集团控股,WISDOMCOME GP,,0.46,0.0,0.0,0.46,0.0,0.0,0.0,0,0,0.45,0.51
2026/04/16 11:28:46,08080,北亚策略,NAS HOLDINGS,,0.435,-0.045,-9.375,0.48,0.465,0.465,0.435,60000,27200,0.445,0.465
2026/04/16 11:16:11,08081,白居易控股,BAIJUYI HOLD,,0.02,0.001,5.26316,0.019,0.018,0.02,0.017,11760000,220470,0.018,0.02
2026/04/16 11:32:00,08082,擎华控股,QINGHUA HOLD,,0.061,-0.002,-3.1746,0.063,0.066,0.066,0.061,2520000,156450,0.061,0.063
2026/04/16 11:35:50,08083,有赞,YOUZAN,,0.169,0.008,4.96894,0.161,0.161,0.17,0.16,184328000,30297712,0.168,0.17
2026/04/16 10:52:04,08087,中国三三传媒,CHINA 33MEDIA,,8.88,0.0,0.0,8.88,0.0,0.0,0.0,0,0,0.0,8.88
2026/04/16 11:05:37,08091,奥传思维控股,OOH HOLDINGS,,0.036,-0.004,-10.0,0.04,0.036,0.036,0.036,130000,4680,0.036,0.04
2026/04/16 11:18:00,08092,ITE HOLDINGS,ITE HOLDINGS,,0.033,0.0,0.0,0.033,0.033,0.033,0.033,160000,5280,0.033,0.035
2026/04/16 11:27:27,08093,瓦普思瑞元宇宙,WEB3 META,,2.57,0.0,0.0,2.57,2.57,2.57,2.57,2000,5140,2.57,0.0
2026/04/16 11:35:00,08095,北大青鸟环宇,BEIDA JADE BIRD,,0.92,0.0,0.0,0.92,0.91,0.92,0.91,610000,560260,0.92,0.93
2026/04/16 09:30:01,08096,赏之味,TASTY CONCEPTS,,0.115,0.0,0.0,0.115,0.0,0.0,0.0,0,0,0.115,0.12
2026/04/16 09:04:26,08098,昌利控股,CL GROUP,,0.042,0.0,0.0,0.042,0.0,0.0,0.0,0,0,0.041,0.045
2026/04/16 08:55:00,08100,名科国际,FAMOUS TECH INT,,0.25,0.0,0.0,0.25,0.0,0.0,0.0,0,0,0.0,0.0
2026/04/16 09:39:35,08103,ＨＭＶＯＤ视频,HMVOD,,0.204,0.0,0.0,0.204,0.0,0.0,0.0,0,0,0.192,0.204
2026/04/16 09:30:45,08106,芯化兰德,XINHUA LANDE,,0.31,0.0,0.0,0.31,0.0,0.0,0.0,0,0,0.3,0.315
2026/04/16 10:41:18,08107,细叶榕科技,FICUS TECH,,0.165,0.0,0.0,0.165,0.165,0.165,0.165,40000,6600,0.142,0.165
2026/04/16 08:55:00,08111,中国科技产业集团,CT IND GROUP,,0.074,0.0,0.0,0.074,0.0,0.0,0.0,0,0,0.0,0.0
2026/04/16 09:59:00,08112,基石金融,CORNERSTONE FIN,,0.1,0.0,0.0,0.1,0.0,0.0,0.0,0,0,0.095,0.103
2026/04/16 11:15:14,08113,时腾科技,V&V TECH,,0.395,0.0,0.0,0.395,0.0,0.0,0.0,0,0,0.33,0.415
2026/04/16 10:05:24,08115,清大东方,QINGDA ORIENTAL,,11.0,-0.5,-4.34783,11.5,11.0,11.0,11.0,4000,44000,11.0,0.0
2026/04/16 10:14:44,08117,中国基础能源,CHI P ENERGY,,0.065,0.0,0.0,0.065,0.0,0.0,0.0,0,0,0.059,0.066
2026/04/16 10:04:46,08118,中资国际控股,ZHONGZI INTL H,,0.147,0.0,0.0,0.147,0.0,0.0,0.0,0,0,0.133,0.146
2026/04/16 11:35:36,08120,国农金融投资,CH DEMETER FIN,,0.63,-0.03,-4.54546,0.66,0.63,0.63,0.63,10000,6300,0.58,0.62
2026/04/16 09:57:01,08121,国恩控股,GUOEN HOLDINGS,,0.73,0.0,0.0,0.73,0.0,0.0,0.0,0,0,0.68,0.77
2026/04/16 08:59:58,08123,华亿金控,SINOFORTUNE FIN,,0.01,0.0,0.0,0.01,0.0,0.0,0.0,0,0,0.0,0.01
2026/04/16 11:14:27,08125,中新控股,CHINA NEW HLDGS,,0.5,0.0,0.0,0.5,0.0,0.0,0.0,0,0,0.46,0.5
2026/04/16 08:55:00,08126,Ｇ．Ａ．控股,G. A. HOLDINGS,,0.038,0.0,0.0,0.038,0.0,0.0,0.0,0,0,0.0,0.0
2026/04/16 11:25:46,08128,中国恒有源集团,CHYY GP,,0.036,0.002,5.88235,0.034,0.036,0.036,0.036,40000,1440,0.033,0.035
2026/04/16 08:55:00,08130,大地国际集团,DADI INTL GROUP,,0.01,0.0,0.0,0.01,0.0,0.0,0.0,0,0,0.0,0.0
2026/04/16 11:35:29,08131,辰罡科技,ABC MULTIACTIVE,,0.068,0.021,44.68085,0.047,0.048,0.073,0.048,12230000,751170,0.067,0.07
2026/04/16 09:30:07,08132,百能国际能源,CENTURY EN INTL,,0.082,0.0,0.0,0.082,0.0,0.0,0.0,0,0,0.082,0.087
2026/04/16 10:22:13,08133,吉盛集团控股,JISHENG GP HLDG,,0.34,0.0,0.0,0.34,0.0,0.0,0.0,0,0,0.335,0.34
2026/04/16 09:04:19,08136,英马斯集团,IMS GROUP,,0.045,0.0,0.0,0.045,0.0,0.0,0.0,0,0,0.043,0.046
2026/04/16 11:28:15,08137,洪桥集团,HONBRIDGE,,0.385,-0.01,-2.53165,0.395,0.39,0.39,0.38,1154000,443390,0.38,0.385
2026/04/16 09:30:00,08139,长安仁恒,CHANGAN RH,,1.3,0.0,0.0,1.3,0.0,0.0,0.0,0,0,1.23,1.39
2026/04/16 10:51:17,08140,人和科技,BOSATECH,,0.129,0.0,0.0,0.129,0.0,0.0,0.0,0,0,0.124,0.129
2026/04/16 11:16:40,08143,金威医疗,GF HEALTHCARE,,0.123,0.003,2.5,0.12,0.129,0.129,0.123,260000,32400,0.119,0.123
2026/04/16 10:08:49,08146,怡园酒业,GRACEWINE,,0.55,0.0,0.0,0.55,0.0,0.0,0.0,0,0,0.55,0.58
2026/04/16 10:39:17,08147,汇思太平洋,MILLENNIUM PG,,0.76,0.0,0.0,0.76,0.76,0.76,0.74,200000,151840,0.73,0.76
2026/04/16 11:26:21,08148,悟喜生活,WUXI LIFE,,4.05,0.0,0.0,4.05,4.05,4.05,4.05,20000,81000,0.0,4.05
2026/04/16 11:30:28,08149,浩德控股,ALTUS HLDGS,,0.116,0.004,3.57143,0.112,0.112,0.118,0.112,1360000,157050,0.111,0.132
2026/04/16 11:27:05,08152,明梁控股,M&L HOLDINGS,,0.08,0.0,0.0,0.08,0.08,0.08,0.08,80000,6400,0.077,0.09
2026/04/16 11:19:26,08153,嘉鼎国际集团,JIADING INTL GP,,0.81,-0.03,-3.57143,0.84,0.82,0.82,0.81,80225,65173,0.81,0.85
2026/04/16 11:33:28,08156,国药科技股份,SINOPHARM TECH,,0.232,-0.038,-14.07407,0.27,0.239,0.245,0.232,98000,23520,0.23,0.25
2026/04/16 10:14:03,08158,中国再生医学,CRMI,,0.31,-0.01,-3.125,0.32,0.305,0.31,0.305,50000,15275,0.31,0.33
2026/04/16 09:30:00,08159,新华联合投资,CU VENTURE INV,,0.062,0.0,0.0,0.062,0.0,0.0,0.0,0,0,0.062,0.068
2026/04/16 09:30:27,08160,GOLDWAY EDU,GOLDWAY EDU,,0.58,0.0,0.0,0.58,0.0,0.0,0.0,0,0,0.47,0.59
2026/04/16 11:05:10,08161,医汇集团,MEDINET GROUP,,0.68,0.0,0.0,0.68,0.0,0.0,0.0,0,0,0.62,0.79
2026/04/16 11:26:26,08162,港银控股,LOCO HK,,0.54,-0.01,-1.81818,0.55,0.52,0.55,0.52,1100000,582600,0.53,0.55
2026/04/16 11:27:20,08163,声扬集团,NOIZ GROUP,,0.031,0.001,3.33333,0.03,0.031,0.031,0.031,400000,12400,0.031,0.032
2026/04/16 11:15:22,08168,宝积资本,AMASSE CAPITAL,,0.114,-0.005,-4.20168,0.119,0.117,0.117,0.114,1280000,147020,0.114,0.116
2026/04/16 11:17:46,08169,环康集团,ECO-TEK HLDGS,,0.039,0.001,2.63158,0.038,0.039,0.039,0.039,30000,1170,0.038,0.042
2026/04/16 08:55:00,08172,拉近网娱,LAJIN ENT,,0.19,0.0,0.0,0.19,0.0,0.0,0.0,0,0,0.0,0.0
2026/04/16 10:03:16,08173,客思控股,HEPHAESTUS HLDG,,0.11,0.005,4.76191,0.105,0.11,0.11,0.11,20000,2200,0.105,0.118
2026/04/16 11:13:55,08176,超人智能,SUPERROBOTICS,,0.044,0.0,0.0,0.044,0.0,0.0,0.0,0,0,0.042,0.044
2026/04/16 11:35:18,08178,中国信息科技,CHINA INFO TECH,,0.243,0.0,0.0,0.243,0.235,0.255,0.235,548000,133870,0.242,0.25
2026/04/16 08:59:58,08179,百利达集团控股,PALINDA GROUP,,0.012,0.0,0.0,0.012,0.0,0.0,0.0,0,0,0.011,0.012
2026/04/16 09:04:28,08181,港深智能管理,KS SMART MGMT,,0.047,0.0,0.0,0.047,0.0,0.0,0.0,0,0,0.045,0.051
2026/04/16 10:16:05,08186,曼妠,ALMANA,,1.04,0.0,0.0,1.04,0.0,0.0,0.0,0,0,0.95,1.14
2026/04/16 09:04:26,08187,积木集团,JIMU GROUP,,0.5,0.0,0.0,0.5,0.0,0.0,0.0,0,0,0.5,0.53
2026/04/16 10:52:54,08188,骏杰集团控股,GME GROUP,,1.15,0.0,0.0,1.15,1.15,1.17,1.15,432000,499680,1.16,1.17
2026/04/16 09:00:36,08189,泰达生物,TEDA BIOMEDICAL,,0.285,0.0,0.0,0.285,0.0,0.0,0.0,0,0,0.275,0.29
2026/04/16 09:54:33,08191,鸿伟亚洲,HONG WEI ASIA,,0.146,0.001,0.68966,0.145,0.146,0.146,0.146,6000,876,0.141,0.15
2026/04/16 10:24:35,08193,亚太金融投资,ASIAPAC FIN INV,,0.3,0.005,1.69492,0.295,0.3,0.3,0.3,10000,3000,0.28,0.3
2026/04/16 11:13:00,08195,传承教育集团,LEGENDARY EDU,,1.38,0.01,0.72993,1.37,1.38,1.38,1.38,2000,2760,1.35,1.38
2026/04/16 11:30:10,08196,福田股份,FUTIAN HOLDINGS,,0.71,0.04,5.97015,0.67,0.68,0.71,0.68,264000,184720,0.68,0.72
2026/04/16 11:22:15,08198,加幂科技,CRYPTO FLOW,,1.55,-0.01,-0.64103,1.56,1.61,1.61,1.55,47200,75064,1.58,1.6
2026/04/16 11:23:33,08200,修身堂,SAU SAN TONG,,0.62,0.0,0.0,0.62,0.62,0.62,0.62,80000,49425,0.65,0.67
2026/04/16 09:30:34,08201,宝联控股,PPS INT'L,,0.114,0.0,0.0,0.114,0.0,0.0,0.0,0,0,0.11,0.128
2026/04/16 09:30:15,08203,凯顺控股,KAISUN HOLDINGS,,0.2,0.0,0.0,0.2,0.0,0.0,0.0,0,0,0.171,0.21
2026/04/16 11:33:23,08205,交大慧谷,JIAODA WITHUB,,0.305,0.0,0.0,0.305,0.0,0.0,0.0,0,0,0.285,0.33
2026/04/16 08:55:00,08206,神通机器人教育,S ROBOT EDU,,0.038,0.0,0.0,0.038,0.0,0.0,0.0,0,0,0.0,0.0
2026/04/16 11:11:25,08208,永通万国集团,RADIANCE GLO GP,,0.12,0.0,0.0,0.12,0.12,0.121,0.12,78000,9378,0.113,0.126
2026/04/16 10:34:16,08210,衍汇亚洲,DLC ASIA,,0.057,0.0,0.0,0.057,0.0,0.0,0.0,0,0,0.057,0.065
2026/04/16 11:24:36,08213,荣晖控股,STARGLORY HLDGS,,0.175,0.0,0.0,0.175,0.0,0.0,0.0,0,0,0.153,0.187
2026/04/16 10:20:29,08217,菊福堂生物,JU FU TANG BIOT,,0.35,0.015,4.47761,0.335,0.33,0.35,0.33,140000,47000,0.31,0.35
2026/04/16 11:34:00,08218,毅高国际控股,ECHO INT HOLD,,0.19,0.08,72.72727,0.11,0.13,0.199,0.13,192000,33936,0.14,0.19
2026/04/16 09:44:05,08219,恒伟集团控股,HANVEY GROUP,,0.18,0.0,0.0,0.18,0.0,0.0,0.0,0,0,0.176,0.184
2026/04/16 11:32:43,08220,比高集团,BINGO GROUP,,3.7,0.1,2.77778,3.6,3.78,3.78,3.52,83500,306760,3.59,3.77
2026/04/16 11:26:01,08221,高裕金融,GAOYU FINANCE,,1.11,-0.02,-1.76991,1.13,1.02,1.11,1.02,35000,37550,1.12,1.15
2026/04/16 10:55:12,08222,壹照明,E LIGHTING,,0.037,0.0,0.0,0.037,0.0,0.0,0.0,0,0,0.035,0.038
2026/04/16 11:29:05,08223,紫元元,ZYY,,0.5,0.0,0.0,0.5,0.0,0.0,0.0,8000,3920,0.48,0.49
2026/04/16 11:22:25,08225,中国医疗集团,C HEALTH GP,,0.134,0.0,0.0,0.134,0.0,0.0,0.0,0,0,0.132,0.134
2026/04/16 09:30:00,08226,树熊金融集团,KOALA FIN GP,,0.076,0.0,0.0,0.076,0.0,0.0,0.0,0,0,0.072,0.076
2026/04/16 09:30:43,08227,海天天线,HAITIAN ANTENNA,,0.129,0.0,0.0,0.129,0.0,0.0,0.0,0,0,0.117,0.128
2026/04/16 09:52:53,08229,未来数据集团,FUTURE DATA,,0.63,0.0,0.0,0.63,0.0,0.0,0.0,0,0,0.59,0.63
2026/04/16 11:29:26,08232,一木集团,THAC GROUP,,1.21,0.0,0.0,1.21,0.0,0.0,0.0,0,0,1.07,1.25
2026/04/16 11:27:36,08237,华星控股,LINK HOLDINGS,,0.495,0.02,4.21053,0.475,0.495,0.495,0.495,42000,20790,0.48,0.52
2026/04/16 10:36:39,08238,惠陶集团,WINTO GROUP,,0.137,0.0,0.0,0.137,0.136,0.137,0.135,848000,114792,0.137,0.138
2026/04/16 11:13:07,08239,首都金融控股,CAPITAL FIN,,13.6,0.0,0.0,13.6,0.0,0.0,0.0,1053,14594,0.0,13.86
2026/04/16 09:34:17,08241,英记茶庄集团,YING KEE TEA,,0.114,0.0,0.0,0.114,0.0,0.0,0.0,0,0,0.108,0.113
2026/04/16 10:07:39,08245,烽翼集团,CANOPY SKYFIRE,,0.093,0.0,0.0,0.093,0.0,0.0,0.0,2000,160,0.087,0.095
2026/04/16 09:30:15,08246,中华燃气,ZHONGHUA GAS,,0.8,0.0,0.0,0.8,0.0,0.0,0.0,0,0,0.77,0.8
2026/04/16 11:30:37,08247,中生北控生物科技,BIOSINO BIO-TEC,,3.49,0.03,0.86705,3.46,3.46,3.49,3.46,14000,48760,3.47,3.51
2026/04/16 09:00:04,08249,瑞远智控,RUIYUAN IC TECH,,0.154,0.0,0.0,0.154,0.0,0.0,0.0,0,0,0.0,0.154
2026/04/16 09:38:45,08250,都都控股,DU DU HLDGS,,0.148,0.0,0.0,0.148,0.0,0.0,0.0,0,0,0.139,0.147
2026/04/16 09:30:40,08262,宏强控股,SUPER STRONG,,0.051,0.0,0.0,0.051,0.0,0.0,0.0,0,0,0.048,0.052
2026/04/16 11:11:42,08267,蓝港互动,LINEKONG,,0.295,0.015,5.35714,0.28,0.28,0.3,0.28,118000,34505,0.29,0.3
2026/04/16 11:19:33,08268,智城发展控股,SMART CITY DEV,,0.35,-0.03,-7.89474,0.38,0.35,0.35,0.35,152000,53200,0.34,0.35
2026/04/16 11:08:59,08269,倍升教育科技,GO UP EDU TECH,,0.36,0.0,0.0,0.36,0.36,0.36,0.36,33333,11899,0.345,0.365
2026/04/16 11:30:05,08270,中国煤层气,CHINA CBM,,0.315,-0.07,-18.18182,0.385,0.29,0.335,0.255,410000,118500,0.275,0.31
2026/04/16 09:43:31,08271,环球数码创意,GDC,,0.122,0.001,0.82645,0.121,0.122,0.122,0.122,86000,10492,0.12,0.123
2026/04/16 09:49:20,08275,中国新消费集团,CHINA NEW CONS,,0.094,0.0,0.0,0.094,0.0,0.0,0.0,0,0,0.093,0.096
2026/04/16 10:54:50,08277,骏东控股,STEEDORIENTAL,,0.115,0.0,0.0,0.115,0.0,0.0,0.0,74000,8288,0.11,0.12
2026/04/16 11:33:15,08279,亚博科技控股,AGTECH HOLDINGS,,0.54,-0.01,-1.81818,0.55,0.57,0.57,0.54,3004000,1658640,0.53,0.54
2026/04/16 09:30:02,08280,中国数字视频,CDV HOLDINGS,,0.07,0.0,0.0,0.07,0.0,0.0,0.0,0,0,0.065,0.07
2026/04/16 09:49:20,08281,中国金典集团,CH GOLD CLASSIC,,0.14,-0.004,-2.77778,0.144,0.14,0.14,0.14,8000,1120,0.136,0.143
2026/04/16 09:04:27,08282,智傲控股,GAMEONE,,0.57,0.0,0.0,0.57,0.0,0.0,0.0,0,0,0.51,0.58
2026/04/16 11:02:51,08283,中食民安,ZHONGSHI MINAN,,0.55,0.0,0.0,0.55,0.55,0.55,0.55,50000,27500,0.53,0.58
2026/04/16 11:23:32,08285,森浩集团,SLING GROUP,,0.031,-0.001,-3.125,0.032,0.031,0.031,0.031,95000,2945,0.031,0.032
2026/04/16 09:39:22,08286,长城微光,CCOE,,0.189,0.0,0.0,0.189,0.0,0.0,0.0,0,0,0.166,0.189
2026/04/16 11:31:23,08290,亚势备份,AHSAY BACKUP,,0.03,0.0,0.0,0.03,0.03,0.031,0.03,260000,7900,0.03,0.031
2026/04/16 10:58:41,08291,港娱国际,HK ENT INTL,,0.305,0.0,0.0,0.305,0.0,0.0,0.0,0,0,0.242,0.31
2026/04/16 09:30:46,08292,VSING,VSING,,0.191,0.0,0.0,0.191,0.0,0.0,0.0,0,0,0.188,0.194
2026/04/16 11:27:18,08293,星亚控股,SINGASIA HLDG,,0.305,-0.02,-6.15385,0.325,0.325,0.325,0.295,100000,30300,0.305,0.34
2026/04/16 10:21:46,08295,金慧科技,KINGWISOFT TECH,,0.024,0.001,4.34783,0.023,0.024,0.024,0.024,200000,4800,0.022,0.024
2026/04/16 10:10:36,08296,中国生命集团,SINO-LIFE GROUP,,0.3,0.0,0.0,0.3,0.0,0.0,0.0,0,0,0.265,0.385
2026/04/16 08:55:00,08297,海纳星空科技,OCEAN STAR TECH,,0.039,0.0,0.0,0.039,0.0,0.0,0.0,0,0,0.0,0.0
2026/04/16 11:24:05,08299,大唐黄金,GT GOLD,,0.59,0.0,0.0,0.59,0.59,0.59,0.57,7872000,4556880,0.58,0.59
2026/04/16 11:00:17,08300,今米房集团,JIN MI FANG GP,,0.025,0.0,0.0,0.025,0.025,0.025,0.025,420000,10500,0.024,0.026
2026/04/16 11:31:29,08305,圣唐控股,ST HLDGS,,0.205,-0.001,-0.48544,0.206,0.206,0.206,0.19,1720000,344060,0.2,0.205
2026/04/16 09:45:12,08307,密迪斯肌,MEDICSKIN,,0.143,0.0,0.0,0.143,0.0,0.0,0.0,0,0,0.0,0.144
2026/04/16 09:30:08,08308,古兜控股,GUDOU HLDGS,,0.059,0.0,0.0,0.059,0.0,0.0,0.0,0,0,0.053,0.06
2026/04/16 10:11:55,08309,万成环球控股,MANSHING GLOBAL,,0.065,0.0,0.0,0.065,0.0,0.0,0.0,0,0,0.065,0.07
2026/04/16 09:30:01,08310,盐城港,YANCHENG PORT,,0.28,0.0,0.0,0.28,0.0,0.0,0.0,0,0,0.0,0.285
2026/04/16 11:31:19,08311,圆美光电,PERFECT OPT,,0.103,0.0,0.0,0.103,0.103,0.103,0.103,30000,3090,0.103,0.117
2026/04/16 09:30:12,08313,杰地集团,ZACD,,0.023,0.0,0.0,0.023,0.0,0.0,0.0,0,0,0.023,0.029
2026/04/16 11:23:13,08315,新都酒店,CEN PLAZA HOTEL,,0.08,0.0,0.0,0.08,0.0,0.0,0.0,0,0,0.073,0.08
2026/04/16 10:01:59,08316,中国红包,CHINA HONGBAO,,0.148,0.001,0.68027,0.147,0.147,0.148,0.147,22000,3236,0.146,0.148
2026/04/16 10:49:02,08317,财华社集团,FINET GROUP,,0.108,0.0,0.0,0.108,0.0,0.0,0.0,0,0,0.1,0.114
2026/04/16 10:44:53,08319,思博系统,EXPERT SYS,,0.116,0.0,0.0,0.116,0.0,0.0,0.0,0,0,0.115,0.119
2026/04/16 11:03:43,08320,沛然环保,AEC GROUP,,0.108,0.0,0.0,0.108,0.0,0.0,0.0,0,0,0.098,0.108
2026/04/16 10:57:40,08321,泰锦控股,TAI KAM HLDGS,,1.9,-0.01,-0.52356,1.91,1.9,1.9,1.9,10000,19000,1.8,2.1
2026/04/16 10:00:59,08326,同景新能源,TK NEW ENERGY,,0.16,0.0,0.0,0.16,0.0,0.0,0.0,0,0,0.157,0.161
2026/04/16 11:34:33,08328,信义储电,XY ELEC STORAGE,,0.57,-0.02,-3.38983,0.59,0.56,0.57,0.56,104750,59637,0.58,0.59
2026/04/16 09:34:04,08329,海王英特龙,NEP INTERLONG,,0.133,0.0,0.0,0.133,0.0,0.0,0.0,0,0,0.122,0.133
2026/04/16 09:30:08,08331,倍搏集团,P.B. GROUP,,0.365,0.0,0.0,0.365,0.0,0.0,0.0,0,0,0.29,0.38
2026/04/16 09:30:04,08333,阿仕特朗金融,ASTRUM FIN,,0.46,0.0,0.0,0.46,0.0,0.0,0.0,0,0,0.4,0.455
2026/04/16 09:30:23,08337,直通电讯,DIRECTEL,,0.094,0.0,0.0,0.094,0.0,0.0,0.0,0,0,0.093,0.106
2026/04/16 10:03:23,08340,紫荆国际金融,ZIJING INTL FIN,,0.68,0.03,4.61539,0.65,0.65,0.68,0.65,100000,66200,0.61,0.68
2026/04/16 09:58:14,08341,艾硕控股,AESO HOLDING,,0.161,0.0,0.0,0.161,0.0,0.0,0.0,0,0,0.154,0.161
2026/04/16 09:52:14,08347,Ｆ８企业,F8 ENT,,0.129,0.003,2.38095,0.126,0.129,0.129,0.129,56000,7224,0.126,0.144
2026/04/16 10:09:45,08348,滨海泰达物流,BINHAI TEDA,,0.4,0.0,0.0,0.4,0.0,0.0,0.0,0,0,0.375,0.4
2026/04/16 08:55:00,08349,硅鑫集团,GUIXIN GROUP,,1.29,0.0,0.0,1.29,0.0,0.0,0.0,0,0,0.0,0.0
2026/04/16 11:26:47,08350,立桥证券控股,WELL LINK SEC,,0.32,0.005,1.5873,0.315,0.32,0.345,0.315,3064000,1016840,0.32,0.325
2026/04/16 10:36:06,08356,进业控股,TSUN YIP HLDGS,,0.4,0.0,0.0,0.4,0.0,0.0,0.0,2000,860,0.375,0.45
2026/04/16 09:43:54,08357,REPUBLIC HC,REPUBLIC HC,,0.141,0.0,0.0,0.141,0.0,0.0,0.0,0,0,0.132,0.151
2026/04/16 08:55:00,08360,简朴新生活,BASIC H NEWLIFE,,0.64,0.0,0.0,0.64,0.0,0.0,0.0,0,0,0.0,0.0
2026/04/16 09:00:08,08362,运兴泰集团,WINNING TOWER,,0.055,0.0,0.0,0.055,0.0,0.0,0.0,0,0,0.051,0.055
2026/04/16 11:35:05,08365,亦辰集团,HATCHER GROUP,,2.86,-0.02,-0.69444,2.88,2.94,2.94,2.84,1350000,3885800,2.85,2.87
2026/04/16 09:42:45,08366,浙江联合投资,ZJ UNITED INV,,0.036,0.0,0.0,0.036,0.0,0.0,0.0,0,0,0.033,0.036
2026/04/16 10:40:58,08367,倩碧控股,SIMPLICITY HLDG,,0.4,-0.01,-2.43902,0.41,0.4,0.4,0.4,20000,8000,0.4,0.43
2026/04/16 11:23:21,08368,中国创意控股,CREATIVE CHINA,,0.3,0.0,0.0,0.3,0.3,0.3,0.3,20000,6000,0.265,0.3
2026/04/16 09:54:07,08370,智升集团控股,ZHI SHENG GP,,4.67,0.0,0.0,4.67,0.0,0.0,0.0,0,0,4.5,4.67
2026/04/16 10:30:33,08371,尝高美集团,TASTEGOURMET GP,,1.88,0.0,0.0,1.88,0.0,0.0,0.0,0,0,1.87,1.94
2026/04/16 11:34:45,08372,君百延集团,GBG HOLDINGS,,0.163,0.036,28.34646,0.127,0.133,0.18,0.133,1690000,268270,0.163,0.166
2026/04/16 08:55:00,08373,靛蓝星,INDIGO STAR,,0.65,0.0,0.0,0.65,0.0,0.0,0.0,0,0,0.0,0.0
2026/04/16 10:36:42,08375,数盟资本,DATA UNION CAP,,2.36,0.01,0.42553,2.35,2.36,2.36,2.36,50000,118000,2.24,2.35
2026/04/16 09:32:39,08377,维港育马,HARBOUR EQUINE,,0.11,0.0,0.0,0.11,0.0,0.0,0.0,0,0,0.103,0.11
2026/04/16 10:23:53,08379,盈证国际,PRIME INTEL,,0.183,0.0,0.0,0.183,0.0,0.0,0.0,0,0,0.173,0.182
2026/04/16 09:30:37,08385,万里印刷,PROSPEROUSPRINT,,0.11,0.0,0.0,0.11,0.0,0.0,0.0,0,0,0.105,0.113
2026/04/16 11:25:03,08391,基石科技控股,CORNERSTONE TEC,,0.475,-0.005,-1.04167,0.48,0.48,0.48,0.475,92000,43800,0.47,0.475
2026/04/16 09:30:14,08392,舍图控股,SATU HOLDINGS,,0.04,0.0,0.0,0.04,0.0,0.0,0.0,0,0,0.039,0.044
2026/04/16 11:35:04,08395,中显智能齐家控股,ZXZN QI-HOUSE,,0.5,0.04,8.69565,0.46,0.475,0.52,0.46,1590000,791400,0.5,0.52
2026/04/16 11:18:10,08400,亚洲先锋娱乐,ASIA PIONEER,,0.069,0.001,1.47059,0.068,0.066,0.07,0.066,300000,20770,0.064,0.07
2026/04/16 11:18:39,08401,源想集团,STREAM IDEAS,,0.042,0.0,0.0,0.042,0.042,0.042,0.042,64000,2688,0.042,0.044
2026/04/16 09:46:39,08402,高原之宝,PLATEAU TL,,0.1,0.0,0.0,0.1,0.0,0.0,0.0,0,0,0.1,0.105
2026/04/16 11:16:09,08403,德丰宿来,DEFENG SOLIFE,,3.24,0.11,3.51438,3.13,3.13,3.3,3.13,231000,746820,3.17,3.24
2026/04/16 11:27:42,08406,中国口腔产业,CHINA ORAL IND,,0.065,0.003,4.83871,0.062,0.062,0.065,0.062,130000,8420,0.061,0.065
2026/04/16 11:20:58,08411,K W NELSON GP,K W NELSON GP,,0.147,0.005,3.52113,0.142,0.147,0.147,0.147,10000,1470,0.136,0.151
2026/04/16 11:18:56,08412,新爱德集团,NEW AMANTE,,0.31,0.0,0.0,0.31,0.0,0.0,0.0,0,0,0.3,0.35
2026/04/16 10:47:16,08413,亚洲富思,ASIA GROCERY,,0.139,0.0,0.0,0.139,0.133,0.14,0.131,1420000,192030,0.133,0.139
2026/04/16 11:02:29,08416,HM INTL HLDGS,HM INTL HLDGS,,0.105,-0.001,-0.9434,0.106,0.105,0.105,0.105,320000,33600,0.105,0.118
2026/04/16 10:43:23,08417,大地教育,DADI EDU,,0.024,0.0,0.0,0.024,0.0,0.0,0.0,0,0,0.022,0.024
2026/04/16 10:46:12,08418,傲迪玛汽车,OPTIMA AUTO,,1.16,-0.03,-2.52101,1.19,1.11,1.2,1.11,28000,31640,1.08,1.16
2026/04/16 10:20:27,08419,ＡＶ策划推广,AV PROMOTIONS,,0.073,0.0,0.0,0.073,0.0,0.0,0.0,0,0,0.073,0.089
2026/04/16 11:09:05,08420,NEXION TECH,NEXION TECH,,0.036,0.0,0.0,0.036,0.0,0.0,0.0,0,0,0.032,0.04
2026/04/16 11:35:32,08422,ＷＴ集团,WT GROUP,,0.137,0.013,10.48387,0.124,0.124,0.137,0.124,556000,73360,0.127,0.137
2026/04/16 09:30:18,08423,CHI HO DEV,CHI HO DEV,,0.04,0.0,0.0,0.04,0.0,0.0,0.0,0,0,0.038,0.044
2026/04/16 09:30:08,08425,兴铭控股,HING MING HLDGS,,0.08,0.0,0.0,0.08,0.0,0.0,0.0,0,0,0.077,0.094
2026/04/16 10:38:33,08426,雅居投资控股,MODERN LIVING,,0.29,0.0,0.0,0.29,0.0,0.0,0.0,0,0,0.255,0.29
2026/04/16 11:27:49,08427,万顺瑞强集团,WS-SK TARGET,,10.7,0.22,2.09924,10.48,10.48,10.87,10.4,13200,139780,10.62,10.7
2026/04/16 08:55:00,08428,汉诺佳池,CBK HOLDINGS,,0.68,0.0,0.0,0.68,0.0,0.0,0.0,0,0,0.0,0.0
2026/04/16 09:30:39,08429,华美乐乐,SV VISION,,0.058,0.0,0.0,0.058,0.0,0.0,0.0,0,0,0.058,0.071
2026/04/16 10:49:47,08430,春能控股,C&N HOLDINGS,,0.074,0.0,0.0,0.074,0.074,0.074,0.074,10000,740,0.075,0.083
2026/04/16 11:35:46,08431,浩柏国际,HAO BAI INTL,,0.54,0.0,0.0,0.54,0.54,0.55,0.53,1120000,604200,0.53,0.54
2026/04/16 10:20:55,08432,太平洋酒吧,BAR PACIFIC,,0.035,0.002,6.06061,0.033,0.033,0.035,0.033,50000,1700,0.032,0.035
2026/04/16 10:58:15,08436,德宝集团控股,TAKBO GROUP,,0.285,0.0,0.0,0.285,0.0,0.0,0.0,0,0,0.275,0.29
2026/04/16 08:55:00,08437,德斯控股,RMH HOLDINGS,,0.25,0.0,0.0,0.25,0.0,0.0,0.0,0,0,0.0,0.0
2026/04/16 11:35:11,08439,新百利融资,SOMERLEY CAP,,1.07,0.24,28.91566,0.83,0.78,1.08,0.75,506000,496240,0.99,1.05
2026/04/16 09:00:00,08445,怡康泰工程集团,NOBLE ENG GP,,0.15,0.0,0.0,0.15,0.0,0.0,0.0,0,0,0.13,0.0
2026/04/16 11:05:29,08446,耀星科技集团,BRIGHTSTAR TECH,,0.101,-0.003,-2.88462,0.104,0.105,0.105,0.101,120000,12584,0.101,0.106
2026/04/16 11:32:35,08447,MS CONCEPT,MS CONCEPT,,0.062,-0.001,-1.5873,0.063,0.062,0.062,0.062,530000,32860,0.062,0.063
2026/04/16 10:09:09,08448,环球印馆,UNI PRINTSHOP,,1.76,0.08,4.76191,1.68,1.68,1.76,1.68,40000,68800,1.68,1.76
2026/04/16 11:34:41,08450,钜京控股,EDICO HOLDINGS,,0.15,0.0,0.0,0.15,0.15,0.15,0.15,300000,45000,0.148,0.15
2026/04/16 09:30:42,08451,日光控股,SUNLIGHT HLDGS,,0.063,0.0,0.0,0.063,0.0,0.0,0.0,0,0,0.063,0.068
2026/04/16 09:30:05,08452,富银融资股份,FY FINANCIAL,,0.295,0.0,0.0,0.295,0.0,0.0,0.0,0,0,0.295,0.325
2026/04/16 10:44:24,08455,礼建德集团,LAI GROUP,,0.084,0.004,5.0,0.08,0.08,0.09,0.077,2860000,244990,0.084,0.088
2026/04/16 09:00:08,08456,民信国际控股,MANSION INTL,,0.405,0.0,0.0,0.405,0.0,0.0,0.0,0,0,0.37,0.44
2026/04/16 11:15:53,08460,基地锦标（五千）,BASETROPHY-5K,,1.94,0.01,0.51814,1.93,1.94,2.04,1.94,1045000,2077850,1.94,1.96
2026/04/16 10:39:42,08462,中安控股集团,OMNIBRIDGE HLDG,,0.071,0.0,0.0,0.071,0.071,0.071,0.071,175000,12425,0.072,0.076
2026/04/16 11:26:24,08471,新达控股,REACH NEW HLDGS,,0.042,0.002,5.0,0.04,0.042,0.042,0.042,70000,2940,0.042,0.043
2026/04/16 11:27:19,08472,立高控股,LAPCO HOLDINGS,,0.35,-0.02,-5.40541,0.37,0.35,0.35,0.35,580000,203000,0.365,0.375
2026/04/16 10:41:00,08473,弥明生活百货,MI MING MART,,0.112,0.0,0.0,0.112,0.112,0.112,0.112,40000,4480,0.11,0.113
2026/04/16 08:55:00,08475,易站绿色科技,E-STATION GTECH,,0.069,0.0,0.0,0.069,0.0,0.0,0.0,0,0,0.0,0.0
2026/04/16 09:54:59,08480,飞霓控股,FURNIWEB,,0.151,0.0,0.0,0.151,0.152,0.152,0.151,160000,24220,0.151,0.156
2026/04/16 11:35:46,08481,盛龙锦秀国际,SHENGLONG INTL,,0.4,0.0,0.0,0.4,0.0,0.0,0.0,0,0,0.36,0.0
2026/04/16 11:29:08,08482,万励达,WAN LEADER,,0.133,0.001,0.75758,0.132,0.133,0.133,0.133,40000,5320,0.133,0.145
2026/04/16 09:30:29,08483,名仕快相,MAX SIGHT GROUP,,0.111,0.0,0.0,0.111,0.0,0.0,0.0,0,0,0.097,0.118
2026/04/16 11:31:15,08487,ISP GLOBAL,ISP GLOBAL,,0.044,0.0,0.0,0.044,0.043,0.044,0.041,96000,4136,0.043,0.044
2026/04/16 10:45:38,08489,裕程物流,GP LOGISTICS,,0.305,0.02,7.01754,0.285,0.3,0.305,0.3,35000,10650,0.285,0.31
2026/04/16 09:30:10,08490,骏码半导体,NICHE-TECH SEMI,,0.093,0.0,0.0,0.093,0.0,0.0,0.0,0,0,0.091,0.099
2026/04/16 11:35:10,08491,COOL LINK,COOL LINK,,0.45,0.005,1.1236,0.445,0.435,0.455,0.4,2345000,1001050,0.435,0.45
2026/04/16 08:55:00,08493,炙龙控股,S. DRAGON,,0.035,0.0,0.0,0.035,0.0,0.0,0.0,0,0,0.0,0.0
2026/04/16 09:30:08,08495,1957 & CO.,1957 & CO.,,0.29,0.0,0.0,0.29,0.0,0.0,0.0,0,0,0.265,0.315
2026/04/16 08:55:00,08496,环球友饮智能,GLOBAL UIN,,0.041,0.0,0.0,0.041,0.0,0.0,0.0,0,0,0.0,0.0
2026/04/16 08:55:00,08500,天泓文创,ICONCULTURE,,0.091,0.0,0.0,0.091,0.0,0.0,0.0,0,0,0.0,0.0
2026/04/16 11:25:34,08501,庄皇集团公司,SANBASE CORP,,0.69,0.01,1.47059,0.68,0.69,0.69,0.69,22000,15180,0.64,0.7
2026/04/16 09:30:13,08502,远航港口,OCEAN LINE PORT,,0.33,0.01,3.125,0.32,0.33,0.33,0.33,8000,2640,0.33,0.34
2026/04/16 10:46:13,08507,爱世纪集团,I.CENTURY HLDG,,0.29,-0.005,-1.69492,0.295,0.295,0.3,0.285,628000,183260,0.29,0.295
2026/04/16 09:38:01,08509,威扬酒业控股,WINE'S LINK,,0.71,0.0,0.0,0.71,0.0,0.0,0.0,0,0,0.63,0.71
2026/04/16 08:55:00,08510,TOPSTANDARDCORP,TOPSTANDARDCORP,,0.16,0.0,0.0,0.16,0.0,0.0,0.0,0,0,0.0,0.0
2026/04/16 10:12:10,08511,民富国际,MIN FU INTL,,0.89,0.01,1.13636,0.88,0.89,0.89,0.89,2000,1780,0.79,0.87
2026/04/16 11:00:37,08512,凯富善集团控股,HYFUSIN GROUP,,0.39,-0.01,-2.5,0.4,0.4,0.4,0.39,180000,71200,0.39,0.4
2026/04/16 10:58:22,08513,加和国际控股,MAXWIN INT HLDG,,0.52,-0.03,-5.45455,0.55,0.52,0.52,0.52,7000,3600,0.52,0.55
2026/04/16 10:48:36,08516,中盈国际,ZY INTL,,1.53,0.08,5.51724,1.45,1.54,1.54,1.45,75000,113800,1.45,1.5
2026/04/16 09:01:11,08519,新享时代,XINXIANG ERA,,0.255,0.0,0.0,0.255,0.0,0.0,0.0,0,0,0.242,0.0
2026/04/16 10:56:11,08521,智云国际控股,WEBX INTL HLDGS,,0.91,0.01,1.11111,0.9,0.91,0.91,0.91,10000,9100,0.85,0.9
2026/04/16 08:55:00,08525,百应控股,BAIYING HOLDING,,0.85,0.0,0.0,0.85,0.0,0.0,0.0,0,0,0.0,0.0
2026/04/16 09:04:37,08526,荣丰集团亚洲,WING FUNG GROUP,,0.119,0.0,0.0,0.119,0.0,0.0,0.0,0,0,0.103,0.0
2026/04/16 08:55:00,08527,聚利宝控股,JLOGO HLDGS,,0.171,0.0,0.0,0.171,0.0,0.0,0.0,0,0,0.0,0.0
2026/04/16 11:30:03,08529,优博控股,UBOT HOLDING,,0.227,0.028,14.07035,0.199,0.2,0.227,0.2,2140000,468325,0.223,0.227
2026/04/16 11:35:11,08532,宝发控股,POLYFAIR HLDGS,,0.064,0.003,4.91803,0.061,0.059,0.064,0.059,1667200,102539,0.061,0.064
2026/04/16 10:39:04,08535,荧德控股,VISTAR HOLDINGS,,0.159,0.0,0.0,0.159,0.0,0.0,0.0,0,0,0.155,0.17
2026/04/16 11:32:26,08536,TL NATURAL GAS,TL NATURAL GAS,,0.28,0.0,0.0,0.28,0.0,0.0,0.0,0,0,0.25,0.285
2026/04/16 10:39:29,08537,创辉珠宝,CHONG FAI JEWEL,,0.187,0.0,0.0,0.187,0.0,0.0,0.0,0,0,0.18,0.187
2026/04/16 11:27:57,08540,胜利证券,VICTORY SEC,,4.62,0.04,0.87336,4.58,4.62,4.62,4.59,152000,701000,4.57,4.62
2026/04/16 09:00:18,08545,佰悦集团,AMUSE GROUP,,0.038,0.0,0.0,0.038,0.0,0.0,0.0,0,0,0.037,0.039
2026/04/16 11:14:01,08547,PACIFIC LEGEND,PACIFIC LEGEND,,0.1,0.0,0.0,0.1,0.1,0.1,0.1,250000,25000,0.1,0.101
2026/04/16 11:35:00,08549,金叶国际集团,GOLDEN LEAF INT,,0.227,0.0,0.0,0.227,0.23,0.231,0.225,275000,62530,0.227,0.232
2026/04/16 08:55:00,08551,基地锦标（二万）,BASETROPHY-20K,,1.93,0.0,0.0,1.93,0.0,0.0,0.0,0,0,0.0,0.0
2026/04/16 11:35:48,08600,汇隆控股,WLS HOLDINGS,,0.218,-0.182,-45.5,0.4,0.265,0.265,0.201,15304000,3404728,0.208,0.217
2026/04/16 10:14:16,08601,宝燵控股,BOLTEK,,0.223,0.0,0.0,0.223,0.0,0.0,0.0,20000,4440,0.2,0.222
2026/04/16 11:30:22,08603,亮晴控股,FAMEGLOW,,6.0,0.0,0.0,6.0,6.0,6.01,6.0,33000,198180,5.86,6.18
2026/04/16 11:34:38,08606,倢冠控股,KINETIX SYSTEMS,,0.074,0.008,12.12121,0.066,0.073,0.074,0.073,30000,2200,0.072,0.074
2026/04/16 11:29:39,08610,BBSB INTL,BBSB INTL,,0.53,-0.02,-3.63636,0.55,0.54,0.54,0.52,168000,89240,0.53,0.54
2026/04/16 11:28:46,08611,九福来,MINDTELL TECH,,0.88,0.01,1.14943,0.87,0.87,0.88,0.87,25000,21900,0.88,0.89
2026/04/16 11:23:36,08612,维亮控股,WORLD SUPER,,0.125,0.007,5.9322,0.118,0.119,0.135,0.119,760000,96260,0.122,0.128
2026/04/16 09:04:29,08613,东方支付集团控股,ORIENTAL PAY,,0.03,0.0,0.0,0.03,0.0,0.0,0.0,0,0,0.029,0.032
2026/04/16 09:04:56,08616,新威工程集团,SUNRAY ENG GP,,0.061,0.0,0.0,0.061,0.0,0.0,0.0,0,0,0.062,0.07
2026/04/16 11:27:25,08619,NIU HOLDINGS,NIU HOLDINGS,,0.248,0.001,0.40486,0.247,0.249,0.25,0.248,560000,139270,0.221,0.249
2026/04/16 11:17:01,08620,亚洲速运,AE LOGISTICS,,0.144,0.001,0.6993,0.143,0.143,0.145,0.143,245000,35440,0.146,0.152
2026/04/16 09:30:31,08621,METROPOLIS CAP,METROPOLIS CAP,,0.031,0.0,0.0,0.031,0.0,0.0,0.0,0,0,0.031,0.035
2026/04/16 11:33:55,08622,愉悦集团,JOYZYME GROUP,,0.325,-0.005,-1.51515,0.33,0.33,0.345,0.325,88000,29120,0.325,0.34
2026/04/16 09:49:17,08623,中国蜀塔,CHINA SAFTOWER,,0.134,0.0,0.0,0.134,0.0,0.0,0.0,0,0,0.126,0.141
2026/04/16 11:29:58,08627,旅橙文化,ORANGE TOUR,,0.077,0.002,2.66667,0.075,0.079,0.079,0.075,816000,63456,0.075,0.077
2026/04/16 10:53:51,08629,集信国控,SYNTRUST GK,,8.69,0.0,0.0,8.69,8.69,8.69,8.69,1000,8690,8.31,8.7
2026/04/16 11:08:03,08631,申港控股,SUN KONG HLDGS,,0.56,0.0,0.0,0.56,0.0,0.0,0.0,0,0,0.58,0.76
2026/04/16 11:29:47,08635,大象控股集团,ELEPHANT HLDGS,,0.36,0.0,0.0,0.36,0.36,0.375,0.355,648000,235620,0.36,0.365
2026/04/16 11:34:32,08637,元续科技,METASURFACE,,3.26,0.01,0.30769,3.25,3.25,3.28,3.25,128000,416860,3.26,3.3
2026/04/16 11:11:26,08645,比特元宇宙,BYTE META,,0.42,0.0,0.0,0.42,0.42,0.42,0.42,60000,25200,0.42,0.435
2026/04/16 11:25:26,08646,中国宏光,CHINA HONGGUANG,,0.225,-0.002,-0.88106,0.227,0.232,0.232,0.225,60000,13542,0.221,0.234
2026/04/16 09:30:39,08657,TRUE PARTNER,TRUE PARTNER,,0.345,0.0,0.0,0.345,0.0,0.0,0.0,0,0,0.315,0.35
2026/04/16 11:33:19,08659,易和国际控股,YIK WO INTL,,0.137,-0.005,-3.52113,0.142,0.136,0.141,0.13,2910000,386150,0.135,0.138
2026/04/16 09:01:26,08668,瀛海集团,YING HAI GROUP,,0.095,0.0,0.0,0.095,0.0,0.0,0.0,0,0,0.091,0.0
2026/04/16 11:32:30,09600,新纽科技,NEWLINK TECH,,0.187,-0.003,-1.57895,0.19,0.19,0.19,0.187,879200,166198,0.187,0.19
2026/04/16 11:35:43,09606,映恩生物－Ｂ,DUALITYBIO-B,,318.2,0.4,0.12587,317.8,317.0,325.8,314.0,413950,132211010,318.0,319.0
2026/04/16 10:22:39,09608,宋都服务,SUNDY SERVICE,,0.048,-0.002,-4.0,0.05,0.05,0.05,0.048,1810000,89800,0.048,0.053
2026/04/16 11:35:49,09609,海伟股份,HAIWEI ELEC,,7.27,0.02,0.27586,7.25,7.28,7.28,7.26,12600,91584,7.27,7.49
2026/04/16 11:34:12,09611,龙旗科技,LONGCHEER,,25.04,0.52,2.12072,24.52,24.66,25.26,24.64,322900,8068674,25.02,25.04
2026/04/16 11:04:42,09616,东软睿新集团,NEUTECH GROUP,,2.35,0.01,0.42735,2.34,2.35,2.35,2.35,8800,20680,2.33,2.35
2026/04/16 11:35:48,09618,京东集团－ＳＷ,JD-SW,,123.6,2.9,2.40265,120.7,123.4,123.8,122.7,6106745,752920016,123.6,123.7
2026/04/16 11:35:41,09626,哔哩哔哩－Ｗ,BILIBILI-W,,199.6,5.9,3.04595,193.7,195.0,199.8,194.7,1234950,243920868,199.60001,199.7
2026/04/16 11:35:03,09633,农夫山泉,NONGFU SPRING,,46.46,-0.62,-1.31691,47.08,47.08,47.48,46.16,1185600,55110312,46.42,46.46
2026/04/16 11:34:05,09636,九方智投控股,JF SMARTINVEST,,29.82,0.58,1.98358,29.24,29.9,29.98,29.2,653100,19313550,29.74,29.82
2026/04/16 09:30:00,09638,法拉帝,FERRETTI,,39.8,0.0,0.0,39.8,0.0,0.0,0.0,0,0,36.66,39.8
2026/04/16 11:28:02,09639,荣利营造,WING LEE DEV,,1.12,0.0,0.0,1.12,1.12,1.12,1.12,10000,11200,1.12,1.15
2026/04/16 11:08:39,09658,特海国际,SUPER HI,,11.32,0.01,0.08842,11.31,11.31,11.4,11.28,185000,2098550,11.32,11.35
2026/04/16 11:35:29,09660,地平线机器人－Ｗ,HORIZONROBOT-W,,7.32,0.15,2.09205,7.17,7.28,7.41,7.25,48721503,356946067,7.31,7.32
2026/04/16 11:15:26,09663,国鸿氢能,SINOSYNERGY,,4.21,0.02,0.47733,4.19,4.19,4.27,3.91,4000,16670,3.96,4.21
2026/04/16 11:33:10,09668,渤海银行,CBHB,,0.84,0.01,1.20482,0.83,0.83,0.84,0.83,1894000,1572030,0.83,0.84
2026/04/16 11:34:54,09669,北森控股,BEISEN HOLDING,,4.09,0.03,0.73892,4.06,4.0,4.2,4.0,287000,1188544,4.09,4.13
2026/04/16 11:33:51,09676,十月稻田,SHIYUE DAOTIAN,,6.38,-0.03,-0.46802,6.41,6.41,6.48,6.37,52800,338352,6.38,6.4
2026/04/16 11:31:19,09677,威海银行,WEIHAI BANK,,2.66,0.0,0.0,2.66,0.0,0.0,0.0,0,0,2.51,2.71
2026/04/16 11:35:40,09678,云知声,UNISOUND,,338.8,6.6,1.98676,332.2,333.0,348.0,322.6,620996,207162195,337.20001,339.0
2026/04/16 11:25:13,09680,如祺出行,CHENQI TECH,,8.51,0.0,0.0,8.51,0.0,0.0,0.0,0,0,8.31,8.52
2026/04/16 11:26:53,09686,熙康云医院,XIKANG CLOUD,,0.89,0.0,0.0,0.89,0.0,0.0,0.0,0,0,0.85,0.88
2026/04/16 11:35:34,09688,再鼎医药,ZAI LAB,,18.09,0.66,3.78658,17.43,17.8,18.22,17.72,8278300,149329071,18.09,18.1
2026/04/16 11:25:54,09689,金泰丰国际控股,JTF INTL,,0.72,-0.08,-10.0,0.8,0.8,0.8,0.71,20000,14640,0.71,0.72
2026/04/16 11:35:51,09690,途虎－Ｗ,TUHU-W,,13.63,0.11,0.81361,13.52,13.45,13.77,13.23,465380,6317066,13.62,13.63
2026/04/16 11:35:48,09696,天齐锂业,TIANQI LITHIUM,,55.75,1.9,3.52832,53.85,54.75,57.65,54.3,6849000,383319190,55.75,55.8
2026/04/16 11:35:48,09698,万国数据－ＳＷ,GDS-SW,,43.48,1.48,3.52381,42.0,42.08,43.48,42.08,1422900,61048249,43.46,43.48
2026/04/16 11:35:49,09699,顺丰同城,SF INTRA-CITY,,11.62,0.32,2.83186,11.3,11.3,11.64,11.24,1242200,14264942,11.61,11.63
2026/04/16 10:57:52,09857,柠萌影视,LINMON MEDIA,,2.95,-0.03,-1.00671,2.98,2.98,2.98,2.95,4800,14169,2.75,2.97
2026/04/16 11:35:46,09858,优然牧业,YOURAN DAIRY,,4.32,-0.04,-0.91743,4.36,4.32,4.44,4.25,3695000,15875155,4.32,4.33
2026/04/16 11:33:38,09860,艾迪康控股,ADICON HOLDINGS,,3.73,-0.27,-6.75,4.0,4.02,4.02,3.62,1315500,4968501,3.73,3.79
2026/04/16 11:35:35,09863,零跑汽车,LEAPMOTOR,,55.65,1.25,2.29779,54.4,54.95,57.15,54.75,6068020,341799133,55.6,55.65
2026/04/16 11:35:42,09866,蔚来－ＳＷ,NIO-SW,,52.3,0.75,1.4549,51.55,51.25,52.65,51.0,2642680,137920798,52.25,52.3
2026/04/16 11:35:42,09868,小鹏集团－Ｗ,XPENG-W,,69.7,2.05,3.0303,67.65,68.4,70.7,68.35,10536407,736156461,69.65,69.7
2026/04/16 11:35:10,09869,海伦司,HELENS,,1.05,0.02,1.94175,1.03,1.05,1.07,1.04,524000,554255,1.05,1.06
2026/04/16 11:16:25,09876,大洋环球控股,OCEAN ONE HLDG,,2.58,-0.1,-3.73134,2.68,2.65,2.65,2.58,84000,219380,2.51,2.84
2026/04/16 11:32:39,09877,健世科技－Ｂ,JENSCARE-B,,9.72,-0.03,-0.30769,9.75,9.75,9.75,9.5,159600,1527534,9.67,9.72
2026/04/16 11:34:53,09878,汇通达网络,HUITONGDA NET,,6.67,0.19,2.9321,6.48,6.48,6.69,6.48,46800,308071,6.6,6.68
2026/04/16 11:35:02,09879,米高集团,MIGAO GROUP,,8.07,-0.04,-0.49322,8.11,8.15,8.15,8.01,220000,1774890,8.03,8.08
2026/04/16 11:35:41,09880,优必选,UBTECH ROBOTICS,,110.9,1.4,1.27854,109.5,110.1,111.5,109.0,1896543,208927431,110.8,110.9
2026/04/16 08:55:00,09881,容大科技,RONGTA TECH,,17.7,0.0,0.0,17.7,0.0,0.0,0.0,0,0,0.0,0.0
2026/04/16 10:16:29,09882,永联丰控股,BEST LINKING,,1.0,0.0,0.0,1.0,0.0,0.0,0.0,0,0,0.95,1.0
2026/04/16 11:35:02,09885,药师帮,YSB,,5.11,0.01,0.19608,5.1,5.1,5.2,5.09,973200,5014506,5.09,5.1
2026/04/16 11:20:58,09886,叮当健康,DINGDANG HEALTH,,1.04,0.0,0.0,1.04,1.05,1.07,1.04,216500,228120,1.05,1.07
2026/04/16 11:34:21,09887,维立志博－Ｂ,LEADS BIOLABS-B,,94.25,0.3,0.31932,93.95,95.0,97.5,92.4,531000,50488260,94.2,94.55
2026/04/16 11:35:50,09888,百度集团－ＳＷ,BIDU-SW,,123.3,8.8,7.68559,114.5,118.5,123.4,118.3,8873802,1073428890,123.3,123.4
2026/04/16 11:32:32,09889,东莞农商银行,DRCB,,3.35,0.0,0.0,3.35,3.35,3.36,3.35,139000,466500,3.35,3.36
2026/04/16 11:35:03,09890,贪玩,TANWAN,,15.1,0.41,2.79101,14.69,14.69,15.33,14.65,691800,10425082,15.05,15.1
2026/04/16 11:17:35,09893,比优集团,PIZU GROUP,,1.57,0.0,0.0,1.57,0.0,0.0,0.0,0,0,1.57,1.58
2026/04/16 11:35:23,09896,名创优品,MNSO,,31.32,0.32,1.03226,31.0,31.2,31.5,31.08,1029263,32126675,31.28,31.32
2026/04/16 11:35:37,09898,微博－ＳＷ,WB-SW,,67.8,1.68,2.54084,66.12,66.9,67.95,66.5,128660,8662658,67.8,67.95
2026/04/16 11:35:43,09899,网易云音乐,NETEASE MUSIC,,127.3,2.3,1.84,125.0,125.5,128.5,125.5,455750,58053271,127.3,127.4
2026/04/16 10:44:55,09900,智云科技建设,ZCLOUD TECH CON,,4.5,-0.03,-0.66225,4.53,4.58,4.58,4.45,64000,287960,4.48,4.58
2026/04/16 11:35:36,09901,新东方－Ｓ,NEW ORIENTAL-S,,44.38,2.26,5.36562,42.12,44.02,44.64,43.4,3783129,167095599,44.36,44.38
2026/04/16 11:35:48,09903,天数智芯,ILUVATAR COREX,,417.2,46.2,12.45283,371.0,371.0,420.0,371.0,994164,401299622,416.79999,417.20001
2026/04/16 08:55:00,09906,宏力医疗管理,HONLIV HEALTH,,1.56,0.0,0.0,1.56,0.0,0.0,0.0,0,0,0.0,0.0
2026/04/16 11:35:42,09908,嘉兴燃气,JIAXING GAS,,8.29,0.0,0.0,8.29,0.0,0.0,0.0,0,0,8.03,8.29
2026/04/16 11:27:41,09909,宝龙商业,POWERLONG CM,,2.45,0.0,0.0,2.45,2.45,2.45,2.44,41000,100445,2.44,2.46
2026/04/16 11:35:48,09911,赤子城科技,NEWBORNTOWN,,9.75,0.28,2.95671,9.47,9.69,9.79,9.47,8966000,86044320,9.75,9.77
2026/04/16 11:32:19,09913,智勤控股,CHI KAN HLDGS,,2.31,0.0,0.0,2.31,2.32,2.32,2.3,156000,360600,2.3,2.31
2026/04/16 11:02:39,09916,兴业物联,XINGYE WULIAN,,0.325,-0.01,-2.98508,0.335,0.325,0.325,0.325,52000,16900,0.325,0.335
2026/04/16 10:19:44,09918,丽年国际,WISE ALLY INTL,,0.95,0.03,3.26087,0.92,0.95,0.95,0.95,26000,24700,0.86,0.95
2026/04/16 11:00:49,09919,艾德韦宣集团,ACTIVATION GP,,0.91,0.01,1.11111,0.9,0.9,0.91,0.88,69580,62622,0.88,0.91
2026/04/16 11:35:47,09922,九毛九,JIUMAOJIU,,1.96,0.01,0.51282,1.95,1.95,1.98,1.91,1992000,3895250,1.95,1.96
2026/04/16 11:35:50,09923,移卡,YEAHKA,,6.59,0.02,0.30441,6.57,6.57,6.64,6.44,258400,1684808,6.58,6.6
2026/04/16 11:33:15,09926,康方生物,AKESO,,147.5,0.1,0.06784,147.4,147.4,148.5,146.1,1888857,278423725,147.39999,147.60001
2026/04/16 11:35:37,09927,赛力斯,SERES,,80.7,1.6,2.02276,79.1,79.7,81.45,79.65,377300,30435590,80.6,80.7
2026/04/16 10:20:37,09928,时代邻里,TIMES NEIGHBOR,,0.58,0.0,0.0,0.58,0.58,0.59,0.58,147000,85840,0.58,0.59
2026/04/16 11:31:51,09929,澳达控股,SEM HLDGS,,0.92,0.02,2.22222,0.9,0.9,0.95,0.9,3310000,3060800,0.92,0.93
2026/04/16 10:28:48,09930,宏信建发,HORIZON CD,,0.91,0.01,1.11111,0.9,0.9,0.91,0.9,43000,38710,0.87,0.9
2026/04/16 09:30:04,09933,GHW INTL,GHW INTL,,1.67,0.0,0.0,1.67,0.0,0.0,0.0,0,0,1.62,1.67
2026/04/16 11:30:58,09936,稀美资源,XIMEI RESOURCES,,14.9,-0.09,-0.6004,14.99,14.54,14.94,14.54,190000,2782850,14.9,14.95
2026/04/16 11:26:53,09938,华和控股,WAH WO HOLDINGS,,0.176,0.031,21.37931,0.145,0.153,0.18,0.153,525000,83885,0.16,0.17
2026/04/16 11:35:35,09939,开拓药业－Ｂ,KINTOR PHARMA-B,,2.86,-0.09,-3.05085,2.95,2.96,2.96,2.85,759500,2195400,2.86,2.87
2026/04/16 10:37:53,09955,智云健康,CLOUDR,,0.7,0.0,0.0,0.7,0.7,0.7,0.69,59100,41110,0.69,0.7
2026/04/16 11:31:07,09958,力天影业,LITIAN PICTURES,,0.173,-0.001,-0.57471,0.174,0.171,0.175,0.168,7987000,1384656,0.169,0.173
2026/04/16 11:35:41,09959,联易融科技－Ｗ,LINKLOGIS-W,,2.24,0.02,0.9009,2.22,2.22,2.27,2.19,814000,1812530,2.22,2.24
2026/04/16 11:33:12,09960,康圣环球,KINDSTAR GLOBAL,,1.14,0.01,0.88496,1.13,1.13,1.15,1.12,345000,394190,1.14,1.17
2026/04/16 11:35:38,09961,携程集团－Ｓ,TRIP.COM-S,,429.4,19.0,4.62963,410.4,422.8,429.4,420.4,1376540,585927130,429.20001,429.39999
2026/04/16 11:32:56,09963,高科桥,TRANSTECH,,4.52,0.37,8.91566,4.15,4.48,4.6,3.78,3703700,15545956,4.48,4.52
2026/04/16 11:35:45,09966,康宁杰瑞制药－Ｂ,ALPHAMAB-B,,11.7,0.47,4.18522,11.23,11.26,11.98,11.15,1781635,20965760,11.64,11.69
2026/04/16 11:10:43,09968,汇景控股,HUIJING HLDGS,,0.032,0.001,3.22581,0.031,0.031,0.032,0.03,1296000,41148,0.03,0.032
2026/04/16 11:35:28,09969,诺诚健华,INNOCARE,,15.6,0.04,0.25707,15.56,15.62,15.74,15.24,2692000,41851300,15.6,15.63
2026/04/16 11:35:45,09973,奇瑞汽车,CHERY AUTO,,31.26,0.06,0.19231,31.2,31.6,32.12,31.26,1355900,43034087,31.26,31.28
2026/04/16 09:53:15,09978,方圆生活服务,FINELAND LIVING,,0.063,0.0,0.0,0.063,0.0,0.0,0.0,0,0,0.061,0.069
2026/04/16 11:32:07,09979,绿城管理控股,GREENTOWN MGMT,,2.33,-0.01,-0.42735,2.34,2.34,2.36,2.32,297000,694910,2.32,2.33
2026/04/16 11:35:13,09980,东鹏饮料,EASTROC,,210.4,4.4,2.13592,206.0,206.0,210.8,204.0,45200,9323920,209.60001,210.39999
2026/04/16 11:35:02,09981,沃尔核材,WOER,,19.49,0.23,1.19419,19.26,19.6,19.66,19.31,986800,19253386,19.49,19.5
2026/04/16 11:34:33,09982,中原建业,CENTRALCHINA MT,,0.056,-0.001,-1.75439,0.057,0.056,0.058,0.056,2031000,114080,0.056,0.057
2026/04/16 10:48:45,09983,建业新生活,CC NEW LIFE,,0.36,-0.005,-1.36986,0.365,0.36,0.36,0.36,210000,75600,0.36,0.365
2026/04/16 11:35:39,09985,卫龙美味,WL DELICIOUS,,9.27,-0.05,-0.53648,9.32,9.41,9.41,9.17,1620600,14949338,9.27,9.28
2026/04/16 08:55:00,09986,大山教育,DASHAN EDU,,1.88,0.0,0.0,1.88,0.0,0.0,0.0,0,0,0.0,0.0
2026/04/16 11:35:25,09987,百胜中国,YUM CHINA,,389.8,5.4,1.40479,384.4,388.2,390.4,385.0,178478,69359056,389.60001,389.79999
2026/04/16 11:35:45,09988,阿里巴巴－Ｗ,BABA-W,,134.6,6.0,4.66563,128.6,131.7,134.8,131.2,54141872,7190338426,134.5,134.60001
2026/04/16 11:35:18,09989,海普瑞,HEPALINK,,4.96,-0.05,-0.998,5.01,5.01,5.01,4.94,70000,347010,4.95,4.96
2026/04/16 10:15:45,09990,祖龙娱乐,ARCHOSAUR GAMES,,1.52,0.0,0.0,1.52,0.0,0.0,0.0,0,0,1.52,1.57
2026/04/16 11:28:49,09991,宝尊电商－Ｗ,BAOZUN-W,,7.1,0.36,5.34125,6.74,7.23,7.23,7.02,4900,34615,7.03,7.1
2026/04/16 11:35:39,09992,泡泡玛特,POP MART,,167.2,3.9,2.38824,163.3,165.7,169.4,164.4,13158418,2208853360,167.2,167.3
2026/04/16 11:33:18,09993,金辉控股,RADIANCE HLDGS,,1.3,0.0,0.0,1.3,1.31,1.31,1.29,867000,1125620,1.29,1.3
2026/04/16 11:35:11,09995,荣昌生物,REMEGEN,,120.1,1.8,1.52156,118.3,121.0,121.2,115.2,3033794,360458547,119.9,120.1
2026/04/16 11:34:33,09996,沛嘉医疗－Ｂ,PEIJIA-B,,7.02,-0.04,-0.56657,7.06,7.05,7.1,7.0,277000,1948260,7.02,7.06
2026/04/16 10:15:11,09998,光荣控股,KWAN YONG,,0.45,-0.02,-4.25532,0.47,0.455,0.455,0.45,30000,13575,0.46,0.47
2026/04/16 11:35:41,09999,网易－Ｓ,NTES-S,,185.7,8.0,4.50197,177.7,183.6,186.1,182.9,2215259,409627809,185.7,185.8
2026/04/16 11:25:33,80016,新鸿基地产－Ｒ,SHK PPT-R,,118.6,-0.8,-0.67002,119.4,118.6,118.6,118.6,2500,296500,119.3,119.5
2026/04/16 11:35:02,80020,商汤－ＷＲ,SENSETIME-WR,,1.82,0.03,1.67598,1.79,1.81,1.82,1.8,251000,454500,1.81,1.82
2026/04/16 11:32:31,80175,吉利汽车－Ｒ,GEELY AUTO-R,,21.24,0.34,1.62679,20.9,21.62,21.62,21.24,4000,85900,21.24,21.3
2026/04/16 11:34:46,80291,华润啤酒－Ｒ,CHINARES BEER-R,,22.86,0.0,0.0,22.86,0.0,0.0,0.0,0,0,22.94,23.02
2026/04/16 11:35:36,80388,香港交易所－Ｒ,HKEX-R,,356.6,-2.4,-0.66852,359.0,357.8,357.8,356.0,5200,1854620,356.60001,357.20001
2026/04/16 11:35:45,80700,腾讯控股－Ｒ,TENCENT-R,,446.8,12.2,2.80718,434.6,445.0,446.8,440.2,12900,5717540,446.20001,447.0
2026/04/16 09:30:20,80737,湾区发展－Ｒ,BAY AREA DEV-R,,1.66,0.0,0.0,1.66,0.0,0.0,0.0,0,0,1.66,0.0
2026/04/16 11:35:41,80883,中国海洋石油－Ｒ,CNOOC-R,,23.14,0.28,1.22485,22.86,22.86,23.14,22.84,345000,7884820,23.34,23.4
2026/04/16 11:32:49,80941,中国移动－Ｒ,CHINA MOBILE-R,,71.0,0.15,0.21172,70.85,70.85,71.05,70.85,7000,496975,70.95,71.1
2026/04/16 11:35:27,80992,联想集团－Ｒ,LENOVO GROUP-R,,9.4,0.2,2.17391,9.2,9.23,9.4,9.23,162000,1503980,9.39,9.41
2026/04/16 11:35:36,81024,快手－ＷＲ,KUAISHOU-WR,,40.6,0.88,2.21551,39.72,40.6,40.64,40.34,4400,178130,40.62,40.68
2026/04/16 11:35:04,81211,比亚迪股份－Ｒ,BYD COMPANY-R,,97.3,3.9,4.17559,93.4,95.6,97.9,95.6,15800,1541485,97.45,97.55
2026/04/16 11:31:38,81299,友邦保险－Ｒ,AIA-R,,73.45,0.15,0.20464,73.3,73.5,73.5,73.3,1200,88130,73.3,73.45
2026/04/16 11:35:36,81810,小米集团－ＷＲ,XIAOMI-WR,,27.36,0.46,1.71004,26.9,27.02,27.36,27.02,21800,595008,27.48,27.52
2026/04/16 11:35:36,82020,安踏体育－Ｒ,ANTA SPORTS-R,,72.9,0.0,0.0,72.9,0.0,0.0,0.0,0,0,73.05,73.25
2026/04/16 11:25:13,82318,中国平安－Ｒ,PING AN-R,,54.5,0.0,0.0,54.5,54.7,54.7,54.4,27000,1472725,54.5,54.6
2026/04/16 11:32:14,82331,李宁－Ｒ,LI NING-R,,18.28,0.0,0.0,18.28,0.0,0.0,0.0,0,0,18.33,18.37
2026/04/16 11:33:43,82333,长城汽车－Ｒ,GWMOTOR-R,,11.53,-0.02,-0.17316,11.55,11.56,11.56,11.53,13500,155955,11.48,11.51
2026/04/16 11:35:34,82388,中银香港－Ｒ,BOC HONG KONG-R,,37.96,-0.52,-1.35135,38.48,38.0,38.0,37.8,7000,265260,38.04,38.12
2026/04/16 11:35:39,83690,美团－ＷＲ,MEITUAN-WR,,77.25,2.1,2.79441,75.15,75.3,77.25,75.3,11400,875000,77.2,77.35
2026/04/16 11:35:05,86618,京东健康－Ｒ,JD HEALTH-R,,42.7,0.0,0.0,42.7,42.7,42.7,42.7,50,2135,43.46,43.52
2026/04/16 11:34:46,89618,京东集团－ＳＷＲ,JD-SWR,,107.4,2.4,2.28571,105.0,107.2,107.6,107.0,11400,1223015,107.5,107.7
2026/04/16 11:35:44,89888,百度集团－ＳＷＲ,BIDU-SWR,,106.5,6.85,6.87406,99.65,100.0,106.8,100.0,16150,1699330,107.2,107.4
2026/04/16 11:35:34,89988,阿里巴巴－ＷＲ,BABA-WR,,117.0,5.0,4.46429,112.0,113.5,117.0,113.5,141100,16255980,117.0,117.2
