代码,名称,最新价,涨跌额,涨跌幅(%),买入,卖出,昨收,今开,最高,最低,成交量(手),成交额,时间戳
bj920000,安徽凤凰,15.82,0.09,0.572,15.83,15.88,15.73,15.76,15.92,15.75,357866.0,5675427.0,13:52:32
bj920001,纬达光电,15.43,-0.07,-0.452,15.41,15.43,15.5,15.65,15.65,15.39,840581.0,12970395.0,13:52:32
bj920002,万达轴承,84.24,0.63,0.753,84.15,84.25,83.61,85.0,85.3,83.5,364598.0,30703588.0,13:52:32
bj920003,中诚咨询,27.58,-0.06,-0.217,27.58,27.63,27.64,27.47,27.67,27.46,46849.0,1290611.0,13:52:32
bj920005,鼎佳精密,36.12,-0.14,-0.386,36.12,36.13,36.26,36.53,36.53,36.06,249910.0,9060584.0,13:52:32
bj920006,晟楠科技,22.22,-0.11,-0.493,22.22,22.26,22.33,22.43,22.43,22.14,558361.0,12410369.0,13:52:32
bj920007,酉立智能,54.26,-1.75,-3.124,54.23,54.26,56.01,55.32,55.32,53.5,369291.0,20004682.0,13:52:32
bj920008,成电光信,25.4,-0.02,-0.079,25.4,25.42,25.42,25.35,25.55,25.24,491449.0,12454975.0,13:52:32
bj920009,丹娜生物,65.83,-0.17,-0.258,65.83,65.94,66.0,65.55,66.69,65.55,122344.0,8075494.0,13:52:32
bj920010,凯添燃气,11.87,0.42,3.668,11.86,11.87,11.45,11.46,11.98,11.2,12450124.0,144293490.0,13:52:32
bj920011,晨光电机,25.02,-0.33,-1.302,25.02,25.04,25.35,25.35,25.4,24.92,2645378.0,66226736.0,13:52:32
bj920012,创达新材,48.43,-3.45,-6.65,48.43,48.49,51.88,50.5,50.9,48.34,4677438.0,232155385.0,13:52:32
bj920014,特瑞斯,12.6,0.18,1.449,12.59,12.6,12.42,12.47,12.65,12.32,1613275.0,20082645.0,13:52:32
bj920015,锦华新材,40.17,0.38,0.955,39.99,40.11,39.79,40.4,40.4,39.69,812423.0,32441982.0,13:52:32
bj920016,中草香料,16.69,0.04,0.24,16.67,16.68,16.65,16.7,16.72,16.39,360010.0,5957127.0,13:52:32
bj920017,星昊医药,17.38,-0.22,-1.25,17.38,17.39,17.6,17.56,17.56,17.29,1155931.0,20088405.0,13:52:32
bj920018,宏远股份,28.2,-0.09,-0.318,28.16,28.2,28.29,28.28,28.29,27.71,1070922.0,29975251.0,13:52:32
bj920019,铜冠矿建,18.04,-0.04,-0.221,18.04,18.05,18.08,18.18,18.18,17.87,1007465.0,18138493.0,13:52:32
bj920020,泰凯英,15.36,-0.08,-0.518,15.36,15.39,15.44,15.5,15.51,15.3,363280.0,5586671.0,13:52:32
bj920021,流金科技,10.61,0.34,3.311,10.59,10.61,10.27,10.43,10.79,10.37,17736495.0,187255101.0,13:52:32
bj920022,世昌股份,26.52,-0.17,-0.637,26.53,26.6,26.69,26.85,26.85,26.35,249980.0,6634223.0,13:52:32
bj920023,田野股份,3.1,0.05,1.639,3.09,3.1,3.05,3.05,3.11,2.98,9137514.0,27783652.0,13:52:32
bj920026,卓兆点胶,35.97,-0.2,-0.553,35.95,35.98,36.17,36.68,36.88,35.83,760511.0,27587748.0,13:52:32
bj920027,交大铁发,18.03,0.09,0.502,18.01,18.03,17.94,17.98,18.08,17.9,591954.0,10645265.0,13:52:32
bj920028,新恒泰,15.48,-0.35,-2.211,15.48,15.49,15.83,15.84,15.89,15.35,3422551.0,52931176.0,13:52:32
bj920029,开发科技,85.56,0.24,0.281,85.4,85.55,85.32,86.11,86.11,85.07,183578.0,15667979.0,13:52:32
bj920030,德众汽车,5.49,0.02,0.366,5.48,5.49,5.47,5.47,5.55,5.43,880756.0,4836167.0,13:52:32
bj920033,康普化学,15.15,0.24,1.61,15.12,15.15,14.91,14.91,15.19,14.91,350108.0,5279786.0,13:52:32
bj920035,精创电气,33.18,-0.5,-1.485,33.18,33.19,33.68,33.88,33.88,32.95,348996.0,11599549.0,13:52:32
bj920036,觅睿科技,44.27,-1.74,-3.782,44.26,44.35,46.01,45.81,46.25,44.05,1606448.0,71824997.0,13:52:32
bj920037,广信科技,73.02,-0.75,-1.017,73.02,73.09,73.77,74.48,74.48,72.6,649026.0,47418800.0,13:52:32
bj920039,国义招标,9.57,0.05,0.525,9.57,9.58,9.52,9.55,9.58,9.49,297823.0,2841917.0,13:52:32
bj920045,蘅东光,441.3,0.1,0.023,441.4,442.96,441.2,440.0,443.99,427.51,599825.0,260724645.0,13:52:32
bj920046,亿能电力,25.39,-0.16,-0.626,25.35,25.39,25.55,26.2,26.39,24.68,4894827.0,123004765.0,13:52:32
bj920047,诺思兰德,34.85,-0.04,-0.115,34.83,34.85,34.89,34.7,34.9,33.85,4927344.0,169620286.0,13:52:32
bj920050,爱舍伦,31.7,0.06,0.19,31.62,31.7,31.64,31.88,31.88,31.53,222720.0,7042625.0,13:52:32
bj920055,隆源股份,33.03,-0.41,-1.226,33.03,33.09,33.44,33.77,33.77,32.84,1488422.0,49250570.0,13:52:32
bj920056,能之光,22.6,0.35,1.573,22.57,22.6,22.25,23.45,23.89,22.55,1146562.0,26550158.0,13:52:32
bj920057,百甲科技,6.13,0.03,0.492,6.12,6.13,6.1,6.12,6.17,6.09,394170.0,2417420.0,13:52:32
bj920058,华洋赛车,27.59,0.07,0.254,27.54,27.64,27.52,27.79,27.79,27.2,214061.0,5870293.0,13:52:32
bj920060,万源通,32.28,0.17,0.529,32.25,32.28,32.11,32.45,32.45,31.86,1536366.0,49345148.0,13:52:32
bj920061,西磁科技,23.3,0.15,0.648,23.28,23.3,23.15,23.18,23.5,23.1,209643.0,4873880.0,13:52:32
bj920062,科润智控,10.44,-0.06,-0.571,10.43,10.44,10.5,10.56,10.59,10.3,2767377.0,28759259.0,13:52:32
bj920066,科拜尔,21.33,0.08,0.376,21.33,21.39,21.25,21.27,21.42,21.19,219756.0,4691143.0,13:52:32
bj920068,天工股份,20.49,-0.31,-1.49,20.49,20.5,20.8,20.84,20.99,20.36,1281549.0,26287090.0,13:52:32
bj920069,普昂医疗,35.64,-1.25,-3.388,35.62,35.64,36.89,36.8,36.89,35.58,1298531.0,46687539.0,13:52:32
bj920075,柏星龙,20.66,-0.01,-0.048,20.6,20.66,20.67,20.75,20.75,20.44,214011.0,4409825.0,13:52:32
bj920076,国亮新材,20.4,-0.16,-0.778,20.41,20.45,20.56,20.56,20.58,20.33,263537.0,5370581.0,13:52:32
bj920077,吉林碳谷,17.42,0.16,0.927,17.41,17.42,17.26,17.37,17.46,17.17,4508376.0,78116551.0,13:52:32
bj920078,族兴新材,23.75,-0.61,-2.504,23.73,23.75,24.36,24.3,24.5,23.32,2879920.0,68070251.0,13:52:32
bj920080,奥美森,22.66,-0.16,-0.701,22.67,22.74,22.82,22.88,22.88,22.43,212624.0,4810146.0,13:52:32
bj920082,方正阀门,15.08,-0.01,-0.066,15.07,15.08,15.09,15.14,15.2,15.03,274110.0,4135544.0,13:52:32
bj920086,科马材料,28.34,-0.14,-0.492,28.33,28.34,28.48,28.59,28.74,28.07,851536.0,24085316.0,13:52:32
bj920087,秋乐种业,14.96,-0.11,-0.73,14.96,14.97,15.07,15.03,15.04,14.8,2412118.0,35918891.0,13:52:32
bj920088,科力股份,50.58,-0.96,-1.863,50.58,50.6,51.54,50.66,50.9,49.15,3741042.0,187414246.0,13:52:32
bj920089,禾昌聚合,18.36,-0.03,-0.163,18.35,18.39,18.39,18.35,18.51,18.35,964345.0,17754146.0,13:52:32
bj920090,同辉信息,5.73,0.06,1.058,5.72,5.73,5.67,5.7,5.77,5.67,2392355.0,13651229.0,13:52:32
bj920091,大鹏工业,58.14,-1.53,-2.564,58.09,58.14,59.67,60.13,60.3,57.91,681559.0,39733736.0,13:52:32
bj920092,汉鑫科技,31.41,1.16,3.835,31.41,31.42,30.25,30.38,31.87,30.38,1549560.0,48287936.0,13:52:32
bj920098,科隆新材,26.14,0.04,0.153,26.12,26.14,26.1,26.04,26.3,25.94,293837.0,7670535.0,13:52:32
bj920099,瑞华技术,31.02,0.27,0.878,30.85,30.98,30.75,30.73,31.08,30.3,462672.0,14197701.0,13:52:32
bj920100,三协电机,48.86,0.01,0.02,48.81,48.86,48.85,49.58,49.58,48.63,369334.0,18068099.0,13:52:32
bj920101,志高机械,34.78,-0.01,-0.029,34.74,34.79,34.79,34.91,35.1,34.53,169338.0,5885470.0,13:52:32
bj920106,林泰新材,63.28,-0.71,-1.11,63.27,63.45,63.99,64.24,64.24,63.25,282852.0,17994082.0,13:52:32
bj920108,宏海科技,10.91,0.06,0.553,10.86,10.91,10.85,10.94,10.96,10.78,188517.0,2048157.0,13:52:32
bj920110,雷特科技,33.94,-0.18,-0.528,33.91,34.1,34.12,34.2,34.2,33.69,66880.0,2270333.0,13:52:32
bj920111,聚星科技,24.32,0.11,0.454,24.32,24.34,24.21,24.45,24.48,23.9,1239612.0,30017331.0,13:52:32
bj920112,巴兰仕,33.08,0.76,2.351,33.0,33.09,32.32,32.26,33.17,32.2,217651.0,7135281.0,13:52:32
bj920116,星图测控,92.85,0.77,0.836,92.85,92.86,92.08,92.07,93.43,90.18,2066704.0,190132702.0,13:52:32
bj920118,太湖远大,20.49,-0.03,-0.146,20.49,20.63,20.52,20.56,20.68,20.49,196079.0,4031048.0,13:52:32
bj920119,美德乐,89.37,2.06,2.359,89.37,89.44,87.31,87.99,89.79,86.99,471911.0,41718554.0,13:52:32
bj920121,江天科技,36.34,0.0,0.0,36.29,36.4,36.34,36.66,36.68,36.19,97700.0,3548604.0,13:52:32
bj920122,中纺标,26.04,0.19,0.735,26.07,26.12,25.85,26.03,26.24,25.8,311660.0,8125628.0,13:52:32
bj920123,芭薇股份,12.69,-0.01,-0.079,12.69,12.7,12.7,12.67,12.72,12.58,600857.0,7609102.0,13:52:32
bj920124,南特科技,15.64,-0.02,-0.128,15.63,15.64,15.66,15.71,15.79,15.59,840597.0,13150485.0,13:52:32
bj920128,胜业电气,24.56,-0.07,-0.284,24.56,24.58,24.63,24.87,24.87,24.45,221924.0,5466489.0,13:52:32
bj920130,立方控股,19.9,0.26,1.324,19.9,19.91,19.64,19.77,19.98,19.65,538584.0,10678112.0,13:52:32
bj920132,泰鹏智能,13.34,0.06,0.452,13.34,13.37,13.28,13.28,13.39,13.25,350619.0,4673487.0,13:52:32
bj920139,华岭股份,17.73,-0.03,-0.169,17.72,17.73,17.76,17.85,17.99,17.59,2281546.0,40459033.0,13:52:32
bj920145,恒合股份,14.4,0.02,0.139,14.4,14.41,14.38,14.64,14.64,14.31,254777.0,3671112.0,13:52:32
bj920146,华阳变速,6.93,0.04,0.581,6.92,6.93,6.89,6.97,6.97,6.85,969180.0,6683504.0,13:52:35
bj920149,旭杰科技,10.19,-0.01,-0.098,10.19,10.24,10.2,10.21,10.26,10.06,277696.0,2824656.0,13:52:35
bj920152,昆工科技,15.34,0.11,0.722,15.33,15.34,15.23,15.39,15.4,15.15,619961.0,9458557.0,13:52:35
bj920158,长江能科,16.87,-0.23,-1.345,16.86,16.91,17.1,17.24,17.28,16.61,2508000.0,42120100.0,13:52:35
bj920159,农大科技,38.22,-0.55,-1.419,38.18,38.23,38.77,38.74,38.87,38.0,704578.0,26938809.0,13:52:35
bj920160,北矿检测,22.97,0.31,1.368,22.89,22.97,22.66,22.73,22.97,22.52,541966.0,12314451.0,13:52:35
bj920163,方大新材,12.49,-0.06,-0.478,12.49,12.52,12.55,12.55,12.57,12.31,267278.0,3336181.0,13:52:35
bj920166,海圣医疗,28.83,-0.02,-0.069,28.83,28.84,28.85,28.99,29.83,28.8,1016527.0,29726512.0,13:52:35
bj920167,同享科技,16.96,0.22,1.314,16.96,16.99,16.74,16.85,17.06,16.78,470213.0,7971260.0,13:52:35
bj920168,通宝光电,21.56,-0.12,-0.554,21.55,21.56,21.68,21.63,21.88,21.51,457638.0,9878114.0,13:52:35
bj920169,七丰精工,29.45,-0.05,-0.169,29.43,29.45,29.5,29.6,29.65,29.09,1056980.0,31021827.0,13:52:35
bj920171,志晟信息,20.5,-0.3,-1.442,20.48,20.5,20.8,20.99,21.35,20.37,3670210.0,76525259.0,13:52:35
bj920174,五新隧装,38.18,-0.17,-0.443,38.18,38.2,38.35,38.69,38.75,38.01,492035.0,18810598.0,13:52:35
bj920175,东方碳素,9.72,0.01,0.103,9.71,9.72,9.71,9.79,9.79,9.64,327976.0,3186327.0,13:52:35
bj920177,N恒道,37.14,15.34,70.367,37.14,37.15,21.8,40.0,41.01,37.0,8408035.0,326241274.0,13:52:35
bj920179,凯德石英,44.92,0.32,0.717,44.92,44.94,44.6,44.14,45.38,43.7,1449329.0,64783490.0,13:52:35
bj920180,爱得科技,16.51,-0.17,-1.019,16.49,16.51,16.68,16.8,16.8,16.4,1072205.0,17712613.0,13:52:35
bj920181,赛英电子,63.35,-3.63,-5.42,63.34,63.35,66.98,66.21,66.6,63.1,2950555.0,189178450.0,13:52:35
bj920183,海菲曼,38.81,-0.39,-0.995,38.81,38.82,39.2,39.38,39.38,38.4,662580.0,25596067.0,13:52:35
bj920184,国源科技,15.96,0.13,0.821,15.96,16.0,15.83,15.83,16.11,15.75,1362309.0,21737666.0,13:52:35
bj920185,贝特瑞,30.46,0.75,2.524,30.47,30.48,29.71,30.02,30.77,29.59,7955439.0,241019693.0,13:52:35
bj920187,通领科技,35.76,-0.21,-0.584,35.76,35.78,35.97,36.07,36.14,35.7,478041.0,17115633.0,13:52:35
bj920188,悦龙科技,24.15,-0.2,-0.821,24.15,24.16,24.35,24.29,24.29,23.91,1918526.0,46110060.0,13:52:35
bj920190,雷神科技,22.27,0.24,1.089,22.27,22.28,22.03,22.0,22.32,21.99,826248.0,18343484.0,13:52:35
bj920195,三祥科技,19.19,0.02,0.104,19.18,19.19,19.17,19.26,19.33,19.07,407423.0,7808865.0,13:52:35
bj920198,微创光电,8.65,0.03,0.348,8.65,8.66,8.62,8.62,8.71,8.62,681354.0,5902673.0,13:52:35
bj920199,倍益康,34.2,-0.52,-1.498,34.2,34.21,34.72,34.84,34.84,34.02,748966.0,25621654.0,13:52:35
bj920204,沪江材料,15.04,-0.03,-0.199,15.05,15.1,15.07,15.07,15.17,15.0,309907.0,4670430.0,13:52:35
bj920207,众诚科技,30.19,0.5,1.684,30.16,30.18,29.69,29.95,30.44,29.6,2479446.0,74526345.0,13:52:35
bj920208,青矩技术,22.87,-0.13,-0.565,22.86,22.88,23.0,23.08,23.15,22.8,404945.0,9272085.0,13:52:35
bj920212,智新电子,11.82,0.03,0.254,11.81,11.82,11.79,11.87,11.87,11.64,220385.0,2592767.0,13:52:35
bj920221,易实精密,14.62,-0.09,-0.612,14.62,14.63,14.71,14.77,14.85,14.55,252685.0,3698036.0,13:52:35
bj920223,荣亿精密,17.39,0.04,0.231,17.39,17.43,17.35,17.33,17.8,17.21,1888556.0,33064905.0,13:52:35
bj920225,利通科技,28.18,0.75,2.734,28.17,28.18,27.43,27.3,28.68,27.15,2810123.0,78213286.0,13:52:35
bj920227,美登科技,60.96,0.84,1.397,60.85,60.96,60.12,60.57,61.59,60.5,407610.0,24856221.0,13:52:35
bj920230,欧康医药,12.29,-0.84,-6.398,12.29,12.3,13.13,12.81,12.83,12.2,5352936.0,66357476.0,13:52:35
bj920237,力佳科技,21.3,0.36,1.719,21.3,21.31,20.94,20.8,21.99,20.8,3015728.0,65187123.0,13:52:35
bj920239,长虹能源,29.88,0.22,0.742,29.88,29.89,29.66,30.04,30.15,29.6,945625.0,28320924.0,13:52:35
bj920242,建邦科技,23.47,0.12,0.514,23.41,23.48,23.35,23.5,23.5,23.22,270812.0,6347200.0,13:52:35
bj920245,威博液压,24.7,0.13,0.529,24.62,24.7,24.57,24.57,24.87,24.49,190553.0,4707722.0,13:52:35
bj920247,华密新材,20.24,0.1,0.497,20.24,20.26,20.14,20.33,20.38,20.09,722542.0,14617094.0,13:52:35
bj920249,利尔达,9.9,2.01,25.475,9.89,9.9,7.89,8.03,10.25,8.03,32352388.0,304682044.0,13:52:35
bj920252,天宏锂电,27.62,0.3,1.098,27.62,27.63,27.32,27.79,28.01,27.38,2158847.0,59964168.0,13:52:35
bj920260,中寰股份,9.93,-0.05,-0.501,9.93,9.94,9.98,10.0,10.0,9.88,713177.0,7085292.0,13:52:35
bj920261,一诺威,14.15,0.03,0.212,14.15,14.16,14.12,14.25,14.25,14.05,576526.0,8137117.0,13:52:35
bj920262,太湖雪,20.29,0.16,0.795,20.24,20.29,20.13,20.15,20.32,20.02,201186.0,4061429.0,13:52:35
bj920263,中航泰达,11.82,0.15,1.285,11.82,11.83,11.67,11.64,11.84,11.44,568316.0,6659654.0,13:52:35
bj920266,生物谷,8.08,0.01,0.124,8.07,8.08,8.07,8.05,8.13,8.02,322986.0,2608243.0,13:52:35
bj920267,鑫汇科,19.23,0.23,1.211,19.14,19.22,19.0,19.89,19.89,18.83,253743.0,4849564.0,13:52:35
bj920270,天铭科技,15.68,-0.08,-0.508,15.68,15.69,15.76,15.88,15.94,15.59,388160.0,6099028.0,13:52:35
bj920271,邦德股份,13.94,0.02,0.144,13.92,13.94,13.92,13.99,13.99,13.81,110042.0,1531836.0,13:52:35
bj920273,一致魔芋,23.2,0.9,4.036,23.19,23.2,22.3,22.15,23.71,21.81,2982596.0,68007421.0,13:52:35
bj920274,宏裕包材,22.12,0.51,2.36,22.02,22.12,21.61,21.53,22.3,21.42,1191209.0,26058553.0,13:52:35
bj920275,驱动力,7.19,0.03,0.419,7.18,7.2,7.16,7.14,7.21,7.12,324592.0,2325825.0,13:52:35
bj920278,鹿得医疗,7.83,-0.05,-0.635,7.82,7.83,7.88,7.88,7.88,7.75,894345.0,6980892.0,13:52:35
bj920284,灵鸽科技,29.99,0.19,0.638,29.98,29.99,29.8,29.89,30.45,29.61,1681799.0,50629756.0,13:52:35
bj920299,灿能电力,23.84,-0.14,-0.584,23.83,23.85,23.98,23.9,24.09,23.46,1658514.0,39343966.0,13:52:35
bj920300,辰光医疗,12.03,-0.02,-0.166,11.98,12.02,12.05,12.27,12.31,11.85,1457524.0,17471299.0,13:52:35
bj920304,迪尔化工,12.13,-0.01,-0.082,12.15,12.16,12.14,12.23,12.23,12.09,691821.0,8404667.0,13:52:35
bj920305,*ST云创,6.61,0.23,3.605,6.6,6.61,6.38,6.05,6.72,6.02,5351413.0,34096718.0,13:52:35
bj920339,恒太照明,8.2,-0.04,-0.485,8.2,8.23,8.24,8.25,8.26,8.17,454882.0,3736999.0,13:52:35
bj920344,三元基因,22.22,0.17,0.771,22.19,22.23,22.05,22.16,22.44,21.57,943647.0,20825002.0,13:52:35
bj920346,威贸电子,20.25,0.1,0.496,20.25,20.27,20.15,20.12,20.39,20.11,160797.0,3254578.0,13:52:35
bj920351,华光源海,17.31,0.12,0.698,17.3,17.31,17.19,17.36,17.4,17.12,707244.0,12219974.0,13:52:35
bj920357,雅葆轩,24.28,0.61,2.577,24.28,24.29,23.67,24.7,25.5,23.96,1991384.0,48536782.0,13:52:35
bj920363,莱赛激光,16.58,0.04,0.242,16.57,16.58,16.54,16.61,16.76,16.4,523634.0,8652738.0,13:52:35
bj920367,新赣江,19.48,-0.9,-4.416,19.47,19.49,20.38,20.12,20.13,19.3,1867283.0,36398444.0,13:52:35
bj920368,连城数控,35.22,0.32,0.917,35.22,35.24,34.9,35.0,35.48,34.02,6473530.0,225376367.0,13:52:35
bj920370,新安洁,3.46,0.03,0.875,3.46,3.47,3.43,3.43,3.48,3.41,1026241.0,3530493.0,13:52:35
bj920371,欧福蛋业,9.65,0.14,1.472,9.64,9.65,9.51,9.5,9.68,9.46,1447333.0,13846565.0,13:52:35
bj920374,云里物里,20.23,0.33,1.658,20.24,20.3,19.9,20.19,20.5,19.97,617803.0,12540214.0,13:52:35
bj920375,派诺科技,14.07,-0.16,-1.124,14.06,14.07,14.23,14.21,14.21,13.89,3652025.0,51188579.0,13:52:35
bj920378,泰德股份,8.78,-0.03,-0.341,8.77,8.79,8.81,8.81,8.83,8.74,252061.0,2215775.0,13:52:35
bj920392,佳合科技,19.53,-0.09,-0.459,19.57,19.59,19.62,19.68,19.68,19.51,243577.0,4772459.0,13:52:35
bj920394,民士达,46.28,-0.61,-1.301,46.28,46.34,46.89,47.35,47.35,46.04,666333.0,30905807.0,13:52:35
bj920395,朗鸿科技,9.71,0.06,0.622,9.69,9.73,9.65,9.7,9.73,9.61,195195.0,1889155.0,13:52:35
bj920396,常辅股份,29.93,-0.09,-0.3,29.91,29.93,30.02,30.38,30.48,29.8,792937.0,23803100.0,13:52:35
bj920402,硅烷科技,8.95,0.07,0.788,8.93,8.95,8.88,9.0,9.0,8.85,1434741.0,12812290.0,13:52:35
bj920403,康农种业,21.74,-0.12,-0.549,21.73,21.76,21.86,21.79,21.87,21.6,486935.0,10561969.0,13:52:35
bj920405,海希通讯,20.68,0.0,0.0,20.67,20.68,20.68,20.8,21.02,20.61,725813.0,15064322.0,13:52:35
bj920407,驰诚股份,18.04,0.25,1.405,18.02,18.05,17.79,17.81,18.06,17.78,435855.0,7817942.0,13:52:41
bj920414,欧普泰,12.29,0.04,0.327,12.28,12.29,12.25,12.26,12.35,12.08,1166427.0,14304061.0,13:52:41
bj920415,恒拓开源,12.67,0.21,1.685,12.67,12.7,12.46,12.54,12.82,12.47,1278117.0,16167319.0,13:52:41
bj920418,苏轴股份,24.46,-0.03,-0.122,24.46,24.47,24.49,24.54,24.61,24.34,791486.0,19341439.0,13:52:41
bj920419,路斯股份,13.89,-0.12,-0.857,13.87,13.9,14.01,14.01,14.02,13.68,1409299.0,19476461.0,13:52:41
bj920422,润普食品,12.14,0.15,1.251,12.03,12.14,11.99,11.93,12.21,11.8,2500854.0,30094004.0,13:52:41
bj920425,乐创技术,19.2,0.02,0.104,19.18,19.2,19.18,19.3,19.3,19.02,549729.0,10521954.0,13:52:41
bj920427,华维设计,12.03,0.03,0.25,12.02,12.03,12.0,12.01,12.05,11.81,514997.0,6163368.0,13:52:41
bj920429,康比特,12.98,0.16,1.248,13.01,13.02,12.82,12.82,13.08,12.65,1332064.0,17155441.0,13:52:41
bj920433,大唐药业,5.16,-0.03,-0.578,5.16,5.17,5.19,5.23,5.23,5.14,890555.0,4598385.0,13:52:41
bj920436,大地电气,13.81,0.11,0.803,13.81,13.82,13.7,13.78,13.86,13.69,227945.0,3142621.0,13:52:41
bj920438,戈碧迦,42.82,0.42,0.991,42.8,42.82,42.4,41.98,43.16,40.6,3175105.0,133277835.0,13:52:41
bj920445,龙竹科技,9.95,-0.01,-0.1,9.94,9.95,9.96,9.97,10.05,9.92,455834.0,4542843.0,13:52:41
bj920454,同心传动,13.9,0.02,0.144,13.89,13.9,13.88,13.88,13.95,13.74,284127.0,3938377.0,13:52:41
bj920455,汇隆活塞,7.6,0.03,0.396,7.6,7.61,7.57,7.57,7.65,7.49,408845.0,3107704.0,13:52:41
bj920469,富恒新材,8.86,0.0,0.0,8.86,8.87,8.86,8.95,8.95,8.78,728484.0,6460965.0,13:52:41
bj920471,美邦科技,12.36,0.0,0.0,12.35,12.37,12.36,12.38,12.48,12.31,433386.0,5355174.0,13:52:41
bj920475,三友科技,13.12,0.08,0.613,13.11,13.12,13.04,13.17,13.18,13.0,368416.0,4832899.0,13:52:41
bj920476,海能技术,20.84,0.38,1.857,20.84,20.85,20.46,20.47,20.84,20.36,869882.0,17946264.0,13:52:41
bj920478,峆一药业,16.36,-0.38,-2.27,16.36,16.38,16.74,16.46,16.68,16.16,2396908.0,39070071.0,13:52:41
bj920489,佳先股份,14.06,0.17,1.224,14.04,14.06,13.89,13.9,14.1,13.88,915882.0,12790494.0,13:52:41
bj920491,奥迪威,25.2,0.02,0.079,25.2,25.21,25.18,25.44,25.56,24.88,2226997.0,56194609.0,13:52:41
bj920493,并行科技,158.04,9.45,6.36,158.04,158.2,148.59,150.0,160.96,148.68,2843830.0,441038191.0,13:52:41
bj920496,许昌智能,9.22,0.03,0.326,9.21,9.22,9.19,9.22,9.28,9.11,757508.0,6958625.0,13:52:41
bj920504,博迅生物,21.83,-0.05,-0.229,21.78,21.83,21.88,21.85,21.85,21.47,137919.0,2995485.0,13:52:41
bj920505,九菱科技,40.02,0.31,0.781,40.0,40.02,39.71,39.9,40.5,39.5,642695.0,25697434.0,13:52:41
bj920508,殷图网联,19.75,-0.06,-0.303,19.75,19.76,19.81,19.98,19.98,19.72,221499.0,4381798.0,13:52:41
bj920509,同惠电子,29.67,-0.15,-0.503,29.62,29.67,29.82,30.15,30.15,29.36,1201985.0,35557425.0,13:52:41
bj920510,丰光精密,14.56,0.06,0.414,14.55,14.56,14.5,14.67,14.75,14.5,848151.0,12377529.0,13:52:41
bj920519,万德股份,11.78,-0.08,-0.675,11.77,11.78,11.86,11.86,11.92,11.7,628318.0,7391345.0,13:52:41
bj920522,纳科诺尔,51.44,1.89,3.814,51.43,51.47,49.55,50.99,52.7,50.06,3961424.0,204326042.0,13:52:41
bj920523,德瑞锂电,23.99,0.15,0.629,23.99,24.0,23.84,23.89,24.36,23.71,1511581.0,36396595.0,13:52:41
bj920526,凯华材料,18.87,0.13,0.694,18.86,18.88,18.74,18.86,18.92,18.64,377661.0,7099237.0,13:52:41
bj920527,夜光明,16.83,-0.03,-0.178,16.83,16.88,16.86,16.98,16.98,16.72,250979.0,4229097.0,13:52:41
bj920533,骏创科技,23.44,0.88,3.901,23.42,23.43,22.56,23.55,24.36,23.06,2915669.0,68965214.0,13:52:41
bj920541,铁大科技,11.95,0.03,0.252,11.92,11.95,11.92,11.92,11.99,11.85,531645.0,6333246.0,13:52:41
bj920547,无锡晶海,22.34,0.04,0.179,22.27,22.34,22.3,22.38,22.5,22.01,112848.0,2505236.0,13:52:41
bj920553,凯腾精工,8.78,0.03,0.343,8.78,8.81,8.75,8.78,8.83,8.71,439095.0,3846229.0,13:52:41
bj920556,雅达股份,9.38,0.03,0.321,9.37,9.38,9.35,9.44,9.44,9.25,1012294.0,9450873.0,13:52:41
bj920564,天润科技,26.73,0.72,2.768,26.73,26.78,26.01,26.13,28.1,25.52,3555621.0,95593041.0,13:52:41
bj920566,梓橦宫,10.58,-0.05,-0.47,10.57,10.59,10.63,10.77,10.77,10.53,1003185.0,10632470.0,13:52:41
bj920570,坤博精工,28.89,-0.01,-0.035,28.88,28.93,28.9,29.13,29.13,28.61,210287.0,6066221.0,13:52:41
bj920571,国航远洋,10.12,0.02,0.198,10.12,10.13,10.1,10.13,10.15,9.96,11149549.0,111842731.0,13:52:41
bj920575,康乐卫士,7.88,0.1,1.285,7.87,7.88,7.78,7.85,7.92,7.7,2457628.0,19248226.0,13:52:41
bj920576,天力复合,76.98,0.08,0.104,76.98,77.0,76.9,76.3,78.43,74.16,3907060.0,297889251.0,13:52:41
bj920578,巨能股份,18.46,0.06,0.326,18.42,18.46,18.4,18.6,18.6,18.31,358278.0,6609557.0,13:52:41
bj920579,机科股份,17.59,0.06,0.342,17.59,17.61,17.53,17.53,17.66,17.51,505090.0,8880355.0,13:52:41
bj920580,科创新材,13.0,0.11,0.853,12.99,13.0,12.89,12.9,13.07,12.86,623506.0,8089448.0,13:52:41
bj920592,华信永道,31.87,0.23,0.727,31.84,31.89,31.64,32.0,32.43,31.6,983022.0,31417511.0,13:52:41
bj920593,鼎智科技,26.35,0.06,0.228,26.35,26.39,26.29,26.5,26.85,26.0,1435632.0,37967005.0,13:52:41
bj920599,同力股份,18.58,0.06,0.324,18.56,18.58,18.52,18.59,18.65,18.45,1294227.0,24021040.0,13:52:41
bj920608,丰安股份,16.34,0.02,0.123,16.29,16.34,16.32,16.27,16.37,16.12,631231.0,10238235.0,13:52:41
bj920627,力王股份,20.1,0.27,1.362,20.1,20.17,19.83,19.94,20.42,19.85,1303855.0,26393057.0,13:52:41
bj920634,新威凌,20.7,-0.07,-0.337,20.7,20.73,20.77,20.56,21.2,20.3,1396021.0,28821702.0,13:52:41
bj920639,晨光电缆,7.68,0.03,0.392,7.67,7.68,7.65,7.65,7.69,7.6,837871.0,6403850.0,13:52:41
bj920640,富士达,37.14,1.01,2.795,37.13,37.14,36.13,37.0,37.49,36.31,5127532.0,189254888.0,13:52:41
bj920641,格利尔,18.29,0.08,0.439,18.28,18.29,18.21,18.31,18.36,18.13,884556.0,16134662.0,13:52:41
bj920642,通易航天,12.12,0.02,0.165,12.12,12.13,12.1,12.05,12.22,12.05,1379698.0,16698416.0,13:52:41
bj920651,天罡股份,26.83,0.1,0.374,26.79,26.84,26.73,26.88,26.95,26.51,318890.0,8542195.0,13:52:41
bj920656,海昇药业,15.83,0.11,0.7,15.78,15.83,15.72,15.79,15.85,15.64,423261.0,6672557.0,13:52:41
bj920662,方盛股份,25.86,0.24,0.937,25.83,25.86,25.62,25.4,26.09,25.4,1090236.0,28149276.0,13:52:41
bj920663,明阳科技,16.17,0.13,0.81,16.17,16.18,16.04,16.21,16.31,16.0,457396.0,7380974.0,13:52:41
bj920665,科强股份,10.94,0.03,0.275,10.94,10.95,10.91,10.89,10.99,10.83,736030.0,8023394.0,13:52:41
bj920670,数字人,16.85,0.03,0.178,16.83,16.85,16.82,16.9,16.9,16.74,997850.0,16788629.0,13:52:41
bj920675,秉扬科技,9.63,0.0,0.0,9.63,9.64,9.63,9.68,9.7,9.58,1160773.0,11171957.0,13:52:41
bj920679,前进科技,17.61,-0.07,-0.396,17.61,17.64,17.68,17.65,17.67,17.38,145268.0,2544210.0,13:52:41
bj920682,球冠电缆,8.71,-0.05,-0.571,8.71,8.74,8.76,8.75,8.75,8.64,1480290.0,12883929.0,13:52:41
bj920685,新芝生物,12.27,0.07,0.574,12.27,12.28,12.2,12.2,12.36,12.18,288345.0,3538829.0,13:52:41
bj920689,克莱特,27.86,0.14,0.505,27.84,27.89,27.72,27.91,28.11,27.45,404462.0,11237872.0,13:52:41
bj920690,捷众科技,24.56,0.05,0.204,24.56,24.57,24.51,24.6,24.7,24.3,381775.0,9349415.0,13:52:41
bj920693,阿为特,26.69,0.25,0.946,26.69,26.7,26.44,26.94,26.94,26.44,245442.0,6540254.0,13:52:41
bj920694,中裕科技,17.66,0.01,0.057,17.66,17.67,17.65,17.62,17.75,17.55,242025.0,4263744.0,13:52:41
bj920699,海达尔,39.28,0.1,0.255,39.19,39.28,39.18,38.83,39.35,38.72,63500.0,2476275.0,13:52:41
bj920701,豪声电子,15.56,-0.01,-0.064,15.56,15.6,15.57,15.57,15.7,15.39,269168.0,4176348.0,13:52:41
bj920703,广厦环能,13.43,-0.15,-1.105,13.43,13.44,13.58,13.64,13.65,13.38,688293.0,9258215.0,13:52:41
bj920706,铁拓机械,24.39,-0.55,-2.205,24.38,24.39,24.94,24.66,24.75,24.19,1767371.0,43173770.0,13:52:41
bj920717,瑞星股份,8.87,-0.01,-0.113,8.86,8.87,8.88,8.89,8.9,8.8,441693.0,3909151.0,13:52:41
bj920718,合肥高科,12.99,0.14,1.089,12.97,13.0,12.85,12.93,13.05,12.8,129559.0,1675069.0,13:52:41
bj920719,宁新新材,10.52,0.08,0.766,10.5,10.52,10.44,10.45,10.65,10.39,951729.0,9988721.0,13:52:41
bj920720,吉冈精密,11.95,0.05,0.42,11.94,11.95,11.9,11.99,12.02,11.86,442275.0,5271746.0,13:52:41
bj920725,惠丰钻石,32.11,0.1,0.312,32.1,32.11,32.01,32.18,32.45,31.23,2604728.0,82768288.0,13:52:32
bj920726,朱老六,19.5,1.6,8.939,19.49,19.5,17.9,18.0,20.0,17.54,6036021.0,112634353.0,13:52:32
bj920729,永顺生物,8.15,0.01,0.123,8.14,8.15,8.14,8.18,8.18,8.09,545742.0,4431163.0,13:52:32
bj920735,德源药业,31.08,-0.18,-0.576,31.02,31.08,31.26,31.39,31.39,30.56,1210597.0,37414254.0,13:52:32
bj920748,路桥信息,37.24,0.42,1.141,37.18,37.24,36.82,37.16,37.28,36.65,412280.0,15249179.0,13:52:32
bj920751,惠同新材,20.77,0.07,0.338,20.77,20.8,20.7,20.87,21.16,20.67,291348.0,6058965.0,13:52:32
bj920753,天纺标,18.47,0.06,0.326,18.41,18.46,18.41,18.41,18.55,17.97,237027.0,4349803.0,13:52:32
bj920765,美之高,14.6,0.28,1.955,14.6,14.61,14.32,14.72,14.76,14.36,1186167.0,17292927.0,13:52:32
bj920768,拾比佰,12.05,0.79,7.016,12.05,12.06,11.26,12.01,12.6,11.75,4581975.0,54887865.0,13:52:32
bj920770,艾能聚,15.53,0.12,0.779,15.53,15.54,15.41,15.41,15.58,15.37,948779.0,14710434.0,13:52:32
bj920779,武汉蓝电,34.71,0.21,0.609,34.68,34.7,34.5,35.0,35.5,34.2,1281885.0,44798694.0,13:52:32
bj920781,瑞奇智造,7.42,0.02,0.27,7.41,7.42,7.4,7.4,7.44,7.36,656580.0,4860278.0,13:52:32
bj920786,骑士乳业,8.4,0.07,0.84,8.39,8.4,8.33,8.29,8.45,8.21,4976896.0,41395070.0,13:52:32
bj920790,联迪信息,26.85,0.32,1.206,26.85,26.86,26.53,26.8,27.08,26.55,518799.0,13930745.0,13:52:32
bj920792,东和新材,11.07,-0.03,-0.27,11.08,11.1,11.1,11.18,11.18,11.02,247288.0,2744671.0,13:52:32
bj920799,艾融软件,36.23,0.24,0.667,36.23,36.24,35.99,36.36,36.86,36.03,1657840.0,60290297.0,13:52:32
bj920802,保丽洁,13.95,0.04,0.288,13.93,13.95,13.91,13.89,13.99,13.72,142867.0,1984826.0,13:52:32
bj920806,云星宇,11.58,0.16,1.401,11.58,11.59,11.42,11.58,11.65,11.41,1214540.0,14015373.0,13:52:32
bj920807,奔朗新材,11.8,0.11,0.941,11.8,11.82,11.69,11.68,11.86,11.68,1300423.0,15320588.0,13:52:32
bj920808,曙光数创,78.59,2.09,2.732,78.58,78.59,76.5,76.83,78.8,75.45,2542704.0,197088646.0,13:52:32
bj920809,安达科技,8.12,0.58,7.692,8.12,8.13,7.54,7.76,8.26,7.63,33642180.0,268596136.0,13:52:32
bj920810,春光智能,11.15,0.03,0.27,11.14,11.16,11.12,11.12,11.23,11.07,236574.0,2633841.0,13:52:32
bj920819,颖泰生物,3.5,-0.02,-0.568,3.49,3.5,3.52,3.54,3.54,3.48,3638523.0,12730847.0,13:52:32
bj920821,则成电子,21.39,-0.11,-0.512,21.39,21.4,21.5,21.77,21.8,21.25,718620.0,15394742.0,13:52:32
bj920826,盖世食品,10.71,0.34,3.279,10.71,10.72,10.37,10.32,10.8,10.23,3689312.0,38867245.0,13:52:32
bj920832,齐鲁华信,6.6,-0.04,-0.602,6.59,6.61,6.64,6.64,6.64,6.51,471330.0,3102260.0,13:52:32
bj920833,美心翼申,15.22,-0.03,-0.197,15.22,15.27,15.25,15.66,15.67,15.15,1067422.0,16313673.0,13:52:32
bj920834,三维装备,11.71,0.01,0.085,11.7,11.71,11.7,11.74,11.76,11.61,366826.0,4284446.0,13:52:32
bj920837,华原股份,12.45,0.14,1.137,12.43,12.45,12.31,12.44,12.5,12.22,398397.0,4936682.0,13:52:32
bj920839,万通液压,32.99,0.02,0.061,32.99,33.09,32.97,33.43,33.43,32.71,189704.0,6261343.0,13:52:32
bj920855,浙江大农,15.63,0.12,0.774,15.6,15.63,15.51,15.52,15.65,15.5,82275.0,1282009.0,13:52:32
bj920856,浩淼科技,13.0,0.09,0.697,12.98,13.0,12.91,13.02,13.02,12.89,369314.0,4785901.0,13:52:32
bj920857,泓禧科技,25.19,-0.16,-0.631,25.19,25.3,25.35,25.27,25.34,24.81,141679.0,3562594.0,13:52:32
bj920866,绿亨科技,7.51,0.06,0.805,7.5,7.51,7.45,7.47,7.52,7.44,429116.0,3215248.0,13:52:32
bj920870,恒进感应,14.17,0.06,0.425,14.16,14.17,14.11,14.17,14.33,14.01,427090.0,6038330.0,13:52:32
bj920871,派特尔,13.14,0.0,0.0,13.14,13.17,13.14,13.28,13.28,13.1,289861.0,3816530.0,13:52:32
bj920873,中设咨询,7.96,0.06,0.759,7.97,7.98,7.9,7.79,8.07,7.77,1925632.0,15369428.0,13:52:32
bj920876,慧为智能,24.11,0.2,0.836,24.11,24.14,23.91,23.95,24.32,23.95,506976.0,12257163.0,13:52:32
bj920879,基康技术,19.65,0.1,0.512,19.62,19.65,19.55,19.85,19.85,19.51,417533.0,8206546.0,13:52:32
bj920885,星辰科技,19.91,-0.02,-0.1,19.91,19.93,19.93,20.06,20.15,19.74,1322294.0,26311036.0,13:52:32
bj920892,广咨国际,14.72,0.12,0.822,14.72,14.76,14.6,14.7,14.89,14.64,475402.0,7025161.0,13:52:32
bj920895,花溪科技,16.57,0.12,0.729,16.49,16.56,16.45,16.47,16.63,16.29,212998.0,3506054.0,13:52:32
bj920896,旺成科技,16.78,-0.1,-0.592,16.77,16.82,16.88,17.04,17.05,16.66,257989.0,4331311.0,13:52:32
bj920906,舜宇精工,23.53,0.05,0.213,23.54,23.59,23.48,23.49,23.65,23.33,198471.0,4679875.0,13:52:32
bj920914,远航精密,24.44,0.16,0.659,24.43,24.44,24.28,24.48,24.66,24.13,1000633.0,24509276.0,13:52:32
bj920924,广脉科技,21.45,0.79,3.824,21.44,21.45,20.66,20.64,21.8,20.45,4299126.0,91321667.0,13:52:32
bj920925,锦好医疗,16.93,-0.07,-0.412,16.94,16.97,17.0,17.07,17.07,16.8,557995.0,9430757.0,13:52:32
bj920926,鸿智科技,14.41,0.12,0.84,14.41,14.44,14.29,14.27,14.68,14.27,279848.0,4045115.0,13:52:32
bj920931,无锡鼎邦,12.01,0.06,0.502,12.01,12.02,11.95,11.97,12.04,11.84,358035.0,4265525.0,13:52:32
bj920932,科达自控,15.23,0.35,2.352,15.23,15.24,14.88,14.95,15.28,14.95,758436.0,11500297.0,13:52:32
bj920942,恒立钻具,25.11,0.13,0.52,25.11,25.19,24.98,25.08,25.4,24.74,641082.0,16046198.0,13:52:32
bj920943,优机股份,20.11,0.11,0.55,20.05,20.11,20.0,20.0,20.25,19.94,497368.0,9965902.0,13:52:32
bj920946,森萱医药,10.06,-0.15,-1.469,10.05,10.06,10.21,10.24,10.3,9.99,1777830.0,17885566.0,13:52:32
bj920950,迅安科技,15.6,0.01,0.064,15.56,15.61,15.59,15.59,15.77,15.44,117221.0,1829094.0,13:52:32
bj920953,国子软件,29.95,0.23,0.774,29.94,29.95,29.72,30.18,30.3,29.56,724691.0,21628401.0,13:52:32
bj920957,汉维科技,10.89,0.06,0.554,10.93,10.95,10.83,10.84,10.99,10.74,177022.0,1926196.0,13:52:32
bj920961,创远信科,22.4,0.02,0.089,22.4,22.43,22.38,22.28,22.61,22.24,1181108.0,26443749.0,13:52:32
bj920964,润农节水,5.83,0.03,0.517,5.83,5.84,5.8,5.79,5.86,5.77,988738.0,5751320.0,13:52:32
bj920970,大禹生物,7.7,-0.22,-2.778,7.66,7.7,7.92,7.91,7.91,7.5,6042399.0,45914074.0,13:52:32
bj920971,天马新材,25.67,-0.03,-0.117,25.67,25.7,25.7,25.9,25.9,25.27,978100.0,24981464.0,13:52:32
bj920974,凯大催化,7.53,0.05,0.668,7.52,7.53,7.48,7.49,7.56,7.44,1012432.0,7596288.0,13:52:32
bj920976,视声智能,30.07,-0.63,-2.052,30.1,30.22,30.7,30.8,30.96,30.06,984588.0,29857086.0,13:52:32
bj920978,开特股份,26.24,0.03,0.114,26.23,26.24,26.21,26.36,26.57,26.19,1278645.0,33705462.0,13:52:32
bj920981,晶赛科技,29.64,0.22,0.748,29.63,29.67,29.42,29.5,30.18,29.5,484018.0,14395219.0,13:52:32
bj920982,锦波生物,179.51,-1.69,-0.933,179.5,179.51,181.2,180.14,182.97,177.14,695470.0,124937592.0,13:52:32
bj920985,海泰新能,6.79,0.04,0.593,6.78,6.79,6.75,6.76,6.82,6.7,1727895.0,11697962.0,13:52:32
bj920992,中科美菱,14.89,0.02,0.134,14.83,14.88,14.87,15.0,15.07,14.63,638240.0,9444300.0,13:52:32
sh600000,浦发银行,10.0,-0.11,-1.088,9.99,10.0,10.11,10.12,10.17,9.98,34625882.0,348194584.0,13:52:33
sh600004,白云机场,8.92,-0.01,-0.112,8.91,8.92,8.93,8.95,8.96,8.9,4558396.0,40676542.0,13:52:35
sh600006,东风股份,6.38,0.02,0.314,6.38,6.39,6.36,6.37,6.4,6.36,5234049.0,33376821.0,13:52:36
sh600007,中国国贸,21.33,-0.1,-0.467,21.32,21.33,21.43,21.25,21.65,21.25,1717900.0,36960134.0,13:52:33
sh600008,首创环保,3.04,-0.01,-0.328,3.04,3.05,3.05,3.04,3.05,3.03,37381228.0,113683178.0,13:52:34
sh600009,上海机场,27.39,-0.01,-0.036,27.38,27.39,27.4,27.39,27.48,27.32,3532900.0,96784111.0,13:52:33
sh600010,包钢股份,2.85,0.03,1.064,2.85,2.86,2.82,2.82,2.87,2.82,687009563.0,1953976770.0,13:52:35
sh600011,华能国际,6.98,-0.02,-0.286,6.97,6.98,7.0,7.0,7.04,6.97,42259023.0,295569635.0,13:52:33
sh600012,皖通高速,15.85,0.15,0.955,15.83,15.85,15.7,15.7,15.95,15.63,4213800.0,66824994.0,13:52:33
sh600015,华夏银行,7.2,-0.07,-0.963,7.19,7.2,7.27,7.25,7.28,7.17,39503547.0,285060552.0,13:52:33
sh600016,民生银行,3.71,-0.02,-0.536,3.71,3.72,3.73,3.73,3.74,3.71,104642075.0,389343659.0,13:52:35
sh600017,日照港,2.98,-0.01,-0.334,2.97,2.98,2.99,2.98,2.99,2.97,15696427.0,46693420.0,13:52:33
sh600018,上港集团,4.98,-0.01,-0.2,4.97,4.98,4.99,5.0,5.01,4.97,25597800.0,127607356.0,13:52:34
sh600019,宝钢股份,6.35,-0.01,-0.157,6.35,6.36,6.36,6.36,6.4,6.34,51437407.0,327259216.0,13:52:33
sh600020,中原高速,3.82,-0.02,-0.521,3.82,3.83,3.84,3.84,3.85,3.79,7475000.0,28527583.0,13:52:34
sh600021,上海电力,17.88,-0.18,-0.997,17.87,17.88,18.06,18.08,18.13,17.81,33873397.0,605899382.0,13:52:35
sh600022,山东钢铁,1.52,0.02,1.333,1.51,1.52,1.5,1.5,1.52,1.5,65524866.0,98840766.0,13:52:34
sh600023,浙能电力,5.52,-0.02,-0.361,5.51,5.52,5.54,5.53,5.56,5.5,29379800.0,162354307.0,13:52:33
sh600025,华能水电,9.54,0.05,0.527,9.53,9.54,9.49,9.5,9.59,9.46,19735188.0,188203022.0,13:52:36
sh600026,中远海能,22.04,-0.38,-1.695,22.03,22.04,22.42,22.45,22.65,21.98,47940882.0,1062496823.0,13:52:34
sh600027,华电国际,4.65,-0.01,-0.215,4.65,4.66,4.66,4.66,4.67,4.64,48597200.0,226273561.0,13:52:33
sh600028,中国石化,5.66,-0.03,-0.527,5.65,5.66,5.69,5.67,5.68,5.64,106499683.0,602344156.0,13:52:34
sh600029,南方航空,5.76,0.0,0.0,5.75,5.76,5.76,5.76,5.81,5.73,82085812.0,472895129.0,13:52:33
sh600030,中信证券,26.23,0.22,0.846,26.23,26.24,26.01,26.12,26.48,26.04,115566916.0,3037138140.0,13:52:34
sh600031,三一重工,20.34,-0.32,-1.549,20.33,20.34,20.66,20.72,20.96,20.21,65144700.0,1334229844.0,13:52:33
sh600032,浙江新能,9.75,0.09,0.932,9.74,9.75,9.66,9.61,9.94,9.51,50133303.0,490796022.0,13:52:35
sh600033,福建高速,3.68,0.02,0.546,3.67,3.68,3.66,3.66,3.68,3.65,15019600.0,55045320.0,13:52:34
sh600035,楚天高速,3.81,0.0,0.0,3.8,3.81,3.81,3.82,3.82,3.79,3836324.0,14596129.0,13:52:30
sh600036,招商银行,39.94,0.04,0.1,39.94,39.95,39.9,39.9,40.15,39.75,43771409.0,1749444835.0,13:52:36
sh600037,歌华有线,7.75,0.21,2.785,7.75,7.76,7.54,7.58,7.78,7.57,11372438.0,87492924.0,13:52:34
sh600038,中直股份,34.11,0.0,0.0,34.1,34.11,34.11,34.08,34.35,33.95,3322202.0,113243169.0,13:52:35
sh600039,四川路桥,9.57,0.07,0.737,9.56,9.57,9.5,9.5,9.6,9.46,14559770.0,138664552.0,13:52:34
sh600048,保利发展,5.96,0.02,0.337,5.95,5.96,5.94,5.93,6.03,5.91,54034409.0,322732998.0,13:52:34
sh600050,中国联通,4.55,-0.02,-0.438,4.55,4.56,4.57,4.58,4.59,4.55,88978946.0,406085937.0,13:52:34
sh600051,宁波联合,7.38,0.16,2.216,7.37,7.38,7.22,7.24,7.38,7.16,7381100.0,53685904.0,13:52:36
sh600052,东望时代,3.85,0.07,1.852,3.85,3.86,3.78,3.79,3.85,3.75,7857600.0,29843594.0,13:52:35
sh600053,九鼎投资,15.18,0.16,1.065,15.18,15.19,15.02,15.0,15.19,14.89,2229798.0,33498551.0,13:52:35
sh600054,黄山旅游,12.59,0.23,1.861,12.58,12.59,12.36,12.27,12.66,12.19,16184248.0,200953555.0,13:52:34
sh600055,万东医疗,14.67,0.01,0.068,14.63,14.67,14.66,14.68,14.68,14.46,2385900.0,34680259.0,13:52:36
sh600056,中国医药,10.87,-0.28,-2.511,10.86,10.87,11.15,11.0,11.05,10.8,35142459.0,381787879.0,13:52:33
sh600057,厦门象屿,7.93,0.03,0.38,7.92,7.93,7.9,7.93,7.94,7.86,7689190.0,60700437.0,13:52:34
sh600058,五矿发展,11.09,0.17,1.557,11.08,11.09,10.92,10.9,11.2,10.9,8203452.0,90763962.0,13:52:35
sh600059,古越龙山,8.93,0.02,0.224,8.93,8.94,8.91,8.89,8.97,8.88,3532600.0,31504685.0,13:52:35
sh600060,海信视像,23.01,-0.06,-0.26,23.0,23.01,23.07,23.06,23.25,22.89,6351764.0,146688443.0,13:52:33
sh600061,国投资本,6.94,-0.03,-0.43,6.93,6.94,6.97,6.99,7.01,6.93,22107695.0,154091667.0,13:52:35
sh600062,华润双鹤,18.54,-0.13,-0.696,18.53,18.54,18.67,18.68,18.79,18.52,9189262.0,171212518.0,13:52:33
sh600063,皖维高新,7.1,-0.04,-0.56,7.09,7.1,7.14,7.22,7.29,7.08,32588199.0,233103277.0,13:52:35
sh600064,南京高科,8.45,0.03,0.356,8.44,8.45,8.42,8.42,8.47,8.41,5935699.0,50142483.0,13:52:34
sh600066,宇通客车,36.4,-0.05,-0.137,36.39,36.4,36.45,36.44,36.84,36.2,12287400.0,447651803.0,13:52:36
sh600067,冠城新材,4.11,0.04,0.983,4.1,4.11,4.07,4.07,4.11,4.04,13644442.0,55702092.0,13:52:34
sh600071,凤凰光学,20.4,0.34,1.695,20.4,20.41,20.06,20.06,20.5,20.06,3409900.0,69216619.0,13:52:36
sh600072,中船科技,12.02,-0.04,-0.332,12.01,12.02,12.06,12.05,12.09,11.93,9402158.0,112929635.0,13:52:30
sh600073,光明肉业,5.96,0.01,0.168,5.95,5.96,5.95,5.95,6.0,5.93,5790295.0,34457540.0,13:52:34
sh600075,新疆天业,5.95,-0.22,-3.566,5.95,5.96,6.17,6.16,6.17,5.91,34190395.0,204671282.0,13:52:35
sh600076,康欣新材,3.6,0.05,1.408,3.59,3.6,3.55,3.56,3.61,3.55,7773000.0,27843241.0,13:52:34
sh600078,澄星股份,13.24,0.26,2.003,13.23,13.24,12.98,12.94,13.55,12.7,25445500.0,336353265.0,13:52:34
sh600079,ST人福,18.9,0.11,0.585,18.9,18.91,18.79,18.82,19.02,18.77,10157310.0,192030287.0,13:52:29
sh600080,金花股份,8.3,-0.15,-1.775,8.3,8.31,8.45,8.44,8.44,8.25,7138700.0,59350717.0,13:52:34
sh600081,东风科技,11.11,-0.01,-0.09,11.1,11.11,11.12,11.11,11.16,11.0,1514520.0,16768455.0,13:52:35
sh600082,ST海泰,3.0,-0.16,-5.063,3.0,3.01,3.16,3.0,3.11,3.0,92529397.0,278527682.0,13:52:35
sh600084,中信尼雅,6.81,-0.01,-0.147,6.8,6.81,6.82,6.85,6.88,6.74,3483800.0,23720025.0,13:52:30
sh600085,同仁堂,27.9,-0.15,-0.535,27.89,27.9,28.05,28.05,28.08,27.82,3287210.0,91705555.0,13:52:34
sh600088,中视传媒,14.61,0.12,0.828,14.6,14.61,14.49,14.57,14.63,14.45,2232100.0,32477180.0,13:52:35
sh600089,特变电工,27.56,-0.66,-2.339,27.56,27.57,28.22,27.75,27.75,27.11,168264368.0,4615510979.0,13:52:35
sh600094,大名城,4.85,0.24,5.206,4.84,4.85,4.61,4.63,4.95,4.53,45068782.0,214497749.0,13:52:33
sh600095,湘财股份,9.43,0.05,0.533,9.42,9.43,9.38,9.4,9.49,9.37,9443800.0,89060891.0,13:52:35
sh600096,云天化,33.72,0.76,2.306,33.71,33.72,32.96,33.0,34.15,32.9,42860699.0,1440451144.0,13:52:33
sh600097,开创国际,10.88,0.11,1.021,10.87,10.88,10.77,10.76,10.88,10.64,2158000.0,23187466.0,13:52:33
sh600098,广州发展,7.08,-0.07,-0.979,7.07,7.08,7.15,7.17,7.17,7.06,15894700.0,112838359.0,13:52:34
sh600099,林海股份,11.43,0.21,1.872,11.42,11.43,11.22,11.21,11.43,11.15,2214000.0,24953364.0,13:52:35
sh600100,同方股份,8.26,0.13,1.599,8.25,8.26,8.13,8.14,8.31,8.13,37326249.0,308067190.0,13:52:34
sh600101,明星电力,9.25,0.01,0.108,9.25,9.26,9.24,9.2,9.28,9.16,9044308.0,83493731.0,13:52:35
sh600103,青山纸业,4.06,0.07,1.754,4.05,4.06,3.99,4.0,4.19,3.92,201980753.0,827466335.0,13:52:33
sh600104,上汽集团,14.04,0.0,0.0,14.04,14.05,14.04,14.04,14.12,14.02,30733859.0,431872152.0,13:52:35
sh600105,永鼎股份,39.47,1.93,5.141,39.45,39.47,37.54,37.5,40.5,36.41,176563169.0,6844939291.0,13:52:36
sh600106,重庆路桥,6.13,0.07,1.155,6.13,6.14,6.06,6.06,6.17,6.04,9177855.0,56013472.0,13:52:29
sh600107,ST尔雅,5.65,0.03,0.534,5.65,5.66,5.62,5.65,5.66,5.55,1898400.0,10673364.0,13:52:23
sh600108,亚盛集团,4.53,0.12,2.721,4.53,4.54,4.41,4.43,4.57,4.35,73895694.0,329856517.0,13:52:35
sh600109,国金证券,8.67,0.0,0.0,8.66,8.67,8.67,8.68,8.73,8.66,15536694.0,135013337.0,13:52:33
sh600110,诺德股份,10.01,-0.24,-2.341,10.0,10.01,10.25,10.32,10.39,9.93,156583382.0,1575025421.0,13:52:35
sh600111,北方稀土,49.31,-0.09,-0.182,49.31,49.32,49.4,49.59,49.98,49.12,80692395.0,4001278959.0,13:52:34
sh600113,浙江东日,46.23,0.65,1.426,46.2,46.25,45.58,45.46,46.99,45.0,3899365.0,179076366.0,13:52:34
sh600114,东睦股份,31.37,0.29,0.933,31.35,31.37,31.08,31.2,31.8,31.19,8838600.0,278452892.0,13:52:35
sh600115,中国东航,4.42,0.0,0.0,4.42,4.43,4.42,4.44,4.5,4.4,148046417.0,657318332.0,13:52:34
sh600116,三峡水利,6.56,0.0,0.0,6.56,6.57,6.56,6.58,6.61,6.54,7440787.0,48900266.0,13:52:34
sh600117,西宁特钢,2.56,0.01,0.392,2.56,2.57,2.55,2.54,2.57,2.54,5260300.0,13449809.0,13:52:31
sh600118,中国卫星,84.88,-1.4,-1.623,84.86,84.88,86.28,86.1,86.74,84.55,36500885.0,3116501703.0,13:52:33
sh600119,长江投资,6.07,0.19,3.231,6.07,6.08,5.88,5.89,6.08,5.85,2978600.0,17713608.0,13:52:29
sh600120,浙江东方,5.71,-0.01,-0.175,5.71,5.72,5.72,5.68,5.75,5.68,32615647.0,186357302.0,13:52:33
sh600121,郑州煤电,4.14,0.01,0.242,4.14,4.15,4.13,4.1,4.17,4.09,22554700.0,93193844.0,13:52:35
sh600123,兰花科创,6.21,0.0,0.0,6.2,6.21,6.21,6.2,6.23,6.18,10634345.0,66075900.0,13:52:35
sh600125,铁龙物流,6.21,-0.03,-0.481,6.2,6.21,6.24,6.25,6.25,6.19,12860893.0,79873037.0,13:52:36
sh600126,杭钢股份,10.15,0.62,6.506,10.15,10.16,9.53,9.69,10.3,9.55,220102443.0,2183966939.0,13:52:35
sh600127,金健米业,7.15,-0.15,-2.055,7.14,7.15,7.3,7.26,7.3,7.05,35479100.0,252316011.0,13:52:40
sh600128,苏豪弘业,10.61,0.11,1.048,10.6,10.61,10.5,10.52,10.61,10.41,2521600.0,26465851.0,13:52:38
sh600129,太极集团,16.52,-0.12,-0.721,16.52,16.53,16.64,16.63,16.65,16.45,4059915.0,67055687.0,13:52:37
sh600130,*ST波导,4.69,0.1,2.179,4.68,4.69,4.59,4.58,4.7,4.58,11822200.0,54973050.0,13:52:38
sh600131,国网信通,18.25,-0.03,-0.164,18.24,18.25,18.28,18.29,18.4,18.08,8609700.0,156559318.0,13:52:35
sh600132,重庆啤酒,54.02,-0.08,-0.148,54.01,54.02,54.1,54.06,54.29,53.8,2370203.0,128062222.0,13:52:39
sh600133,东湖高新,8.86,0.17,1.956,8.85,8.86,8.69,8.68,8.95,8.66,18385470.0,162461079.0,13:52:38
sh600135,乐凯胶片,10.93,-0.27,-2.411,10.92,10.93,11.2,11.09,11.09,10.76,33075335.0,361283476.0,13:52:38
sh600136,ST明诚,1.83,0.0,0.0,1.82,1.83,1.83,1.82,1.84,1.82,10937200.0,19957155.0,13:52:37
sh600137,浪莎股份,21.64,0.65,3.097,21.62,21.64,20.99,20.97,21.64,20.76,2365100.0,50108710.0,13:52:39
sh600138,中青旅,9.38,0.07,0.752,9.37,9.38,9.31,9.27,9.4,9.26,8398189.0,78467355.0,13:52:40
sh600141,兴发集团,32.38,0.65,2.049,32.37,32.38,31.73,31.75,32.86,31.6,17893319.0,579919355.0,13:52:39
sh600143,金发科技,16.97,0.07,0.414,16.97,16.98,16.9,16.96,17.1,16.9,21951581.0,373115952.0,13:52:39
sh600148,长春一东,18.26,0.27,1.501,18.25,18.26,17.99,17.98,18.26,17.84,868400.0,15667646.0,13:52:36
sh600149,廊坊发展,5.84,0.18,3.18,5.83,5.84,5.66,5.66,5.84,5.57,14739700.0,84075080.0,13:52:39
sh600150,中国船舶,32.73,0.02,0.061,32.72,32.73,32.71,32.76,33.18,32.68,37597948.0,1235598882.0,13:52:38
sh600151,航天机电,13.86,-0.05,-0.359,13.86,13.87,13.91,13.91,14.01,13.68,32460358.0,448092114.0,13:52:40
sh600152,维科技术,12.23,0.16,1.326,12.23,12.24,12.07,11.9,12.58,11.6,128044020.0,1550913615.0,13:52:39
sh600153,建发股份,8.95,-0.07,-0.776,8.95,8.96,9.02,9.06,9.12,8.94,10155718.0,91758265.0,13:52:40
sh600155,华创云信,6.32,0.0,0.0,6.32,6.33,6.32,6.35,6.38,6.31,17310500.0,109877062.0,13:52:39
sh600156,华升股份,8.42,0.77,10.065,8.42,0.0,7.65,7.65,8.42,7.59,19358032.0,158199770.0,13:52:40
sh600157,永泰能源,1.69,-0.01,-0.588,1.69,1.7,1.7,1.69,1.71,1.68,438034208.0,742156211.0,13:52:39
sh600158,中体产业,11.33,0.07,0.622,11.32,11.33,11.26,11.2,11.44,11.05,42383345.0,477764882.0,13:52:39
sh600159,大龙地产,3.08,-0.01,-0.324,3.08,3.09,3.09,3.12,3.14,3.01,17104750.0,52148129.0,13:52:38
sh600160,巨化股份,34.08,-0.33,-0.959,34.08,34.09,34.41,34.41,34.78,34.0,25486630.0,872922998.0,13:52:40
sh600161,天坛生物,15.4,0.42,2.804,15.4,15.41,14.98,14.97,15.67,14.87,17469716.0,267431021.0,13:52:35
sh600162,香江控股,1.82,0.01,0.552,1.81,1.82,1.81,1.81,1.83,1.79,28089100.0,50686408.0,13:52:38
sh600163,中闽能源,6.09,0.01,0.164,6.08,6.09,6.08,6.07,6.1,6.01,20271017.0,122955310.0,13:52:39
sh600165,ST宁科,3.6,-0.04,-1.099,3.6,3.61,3.64,3.64,3.67,3.56,4791300.0,17279292.0,13:52:29
sh600166,福田汽车,3.38,-0.01,-0.295,3.38,3.39,3.39,3.4,3.5,3.36,228059353.0,776591407.0,13:52:38
sh600167,联美控股,6.69,0.16,2.45,6.67,6.69,6.53,6.58,6.73,6.51,11340122.0,74919112.0,13:52:38
sh600168,武汉控股,4.9,0.01,0.204,4.9,4.91,4.89,4.9,4.91,4.86,2975020.0,14525955.0,13:52:38
sh600169,ST太重,2.4,0.0,0.0,2.39,2.4,2.4,2.4,2.41,2.39,8015752.0,19239916.0,13:52:38
sh600170,上海建工,2.74,-0.01,-0.364,2.73,2.74,2.75,2.75,2.76,2.73,84431369.0,231438961.0,13:52:39
sh600171,上海贝岭,27.53,0.12,0.438,27.52,27.54,27.41,27.49,27.62,27.35,4314500.0,118656474.0,13:52:39
sh600172,黄河旋风,8.84,0.09,1.029,8.83,8.84,8.75,8.61,8.85,8.44,83478961.0,723056965.0,13:52:39
sh600173,卧龙新能,7.25,-0.19,-2.554,7.24,7.25,7.44,7.44,7.47,7.18,20929402.0,152006402.0,13:52:40
sh600176,中国巨石,32.93,1.83,5.884,32.93,32.95,31.1,32.12,33.87,31.82,148399500.0,4893390451.0,13:52:38
sh600177,雅戈尔,7.27,0.0,0.0,7.26,7.27,7.27,7.28,7.42,7.25,16275851.0,119236143.0,13:52:39
sh600178,东安动力,11.38,0.02,0.176,11.38,11.39,11.36,11.46,11.46,11.32,2881700.0,32741381.0,13:52:40
sh600179,安通控股,4.45,0.01,0.225,4.44,4.45,4.44,4.45,4.49,4.42,20033144.0,89165541.0,13:52:38
sh600180,瑞茂通,3.29,0.07,2.174,3.28,3.29,3.22,3.23,3.29,3.21,10392640.0,33749748.0,13:52:40
sh600182,S佳通,14.54,-0.13,-0.886,14.53,14.54,14.67,14.7,14.78,14.48,1215401.0,17694787.0,13:52:40
sh600183,生益科技,67.06,0.16,0.239,67.06,67.07,66.9,67.32,68.14,66.01,41433482.0,2782239095.0,13:52:40
sh600184,光电股份,21.78,1.49,7.344,21.78,21.81,20.29,20.31,22.11,20.31,40537540.0,865691865.0,13:52:40
sh600185,珠免集团,5.83,0.11,1.923,5.82,5.83,5.72,5.72,5.89,5.71,21906261.0,127098348.0,13:52:40
sh600186,莲花控股,8.1,0.41,5.332,8.1,8.11,7.69,7.54,8.37,7.54,278780266.0,2217621740.0,13:52:40
sh600187,国中水务,1.87,0.02,1.081,1.86,1.87,1.85,1.84,1.87,1.83,15678000.0,29007524.0,13:52:38
sh600188,兖矿能源,19.27,0.08,0.417,19.26,19.27,19.19,19.3,19.49,19.02,34942022.0,675242932.0,13:52:38
sh600189,泉阳泉,7.68,0.11,1.453,7.68,7.69,7.57,7.57,7.69,7.54,6856300.0,52293716.0,13:52:39
sh600191,华资实业,12.37,0.37,3.083,12.37,12.38,12.0,11.99,12.47,11.95,4922000.0,60313145.0,13:52:39
sh600192,长城电工,8.44,-0.01,-0.118,8.43,8.44,8.45,8.44,8.45,8.28,4415178.0,36867774.0,13:52:39
sh600193,*ST创兴,3.08,-0.01,-0.324,3.07,3.08,3.09,3.0,3.22,3.0,14335906.0,44483049.0,13:52:39
sh600195,中牧股份,7.94,-0.16,-1.975,7.94,7.95,8.1,8.06,8.08,7.91,17256682.0,137376680.0,13:52:38
sh600196,复星医药,26.64,-0.16,-0.597,26.64,26.65,26.8,26.87,26.87,26.61,12018665.0,320907165.0,13:52:39
sh600197,伊力特,12.08,0.03,0.249,12.08,12.09,12.05,12.05,12.11,11.98,1578800.0,19035486.0,13:52:38
sh600198,大唐电信,8.44,0.16,1.932,8.44,8.45,8.28,8.26,8.47,8.26,9162930.0,76704430.0,13:52:40
sh600199,金种子酒,8.07,0.0,0.0,8.06,8.07,8.07,8.06,8.1,8.02,3803484.0,30677075.0,13:52:39
sh600201,生物股份,14.87,-0.09,-0.602,14.87,14.88,14.96,14.95,15.24,14.79,15435758.0,231082499.0,13:52:39
sh600202,哈空调,5.9,0.17,2.967,5.9,5.91,5.73,5.75,5.91,5.65,6236890.0,36238400.0,13:52:34
sh600203,福日电子,11.45,0.0,0.0,11.45,11.46,11.45,11.46,11.51,11.33,8889645.0,101511406.0,13:52:38
sh600206,有研新材,22.24,0.18,0.816,22.24,22.25,22.06,21.92,22.38,21.78,23140018.0,511529910.0,13:52:38
sh600207,安彩高科,5.42,0.09,1.689,5.42,5.43,5.33,5.3,5.43,5.23,21738000.0,116682593.0,13:52:38
sh600208,衢州发展,3.23,0.0,0.0,3.23,3.24,3.23,3.23,3.26,3.22,29207900.0,94550416.0,13:52:40
sh600210,紫江企业,6.98,0.0,0.0,6.98,6.99,6.98,6.97,7.01,6.95,9029188.0,63027399.0,13:52:38
sh600211,西藏药业,42.08,-0.24,-0.567,42.06,42.08,42.32,42.33,42.35,41.85,1495578.0,62841088.0,13:52:39
sh600212,绿能慧充,8.15,0.28,3.558,8.14,8.15,7.87,7.87,8.25,7.69,29256254.0,235517338.0,13:52:40
sh600215,派斯林,6.67,0.09,1.368,6.66,6.67,6.58,6.58,6.75,6.5,6011800.0,39695535.0,13:52:39
sh600216,浙江医药,15.32,0.04,0.262,15.3,15.31,15.28,15.28,15.45,15.03,20364224.0,309629429.0,13:52:38
sh600217,中再资环,3.83,0.02,0.525,3.83,3.84,3.81,3.81,3.87,3.8,7176900.0,27488275.0,13:52:39
sh600218,全柴动力,9.73,0.11,1.143,9.72,9.73,9.62,9.61,9.75,9.61,5582999.0,54119151.0,13:52:40
sh600219,南山铝业,6.37,0.17,2.742,6.37,6.38,6.2,6.26,6.39,6.25,189386360.0,1200963671.0,13:52:39
sh600221,海航控股,1.47,0.01,0.685,1.46,1.47,1.46,1.46,1.47,1.45,128592919.0,187919428.0,13:52:38
sh600222,太龙药业,7.3,-0.08,-1.084,7.29,7.3,7.38,7.38,7.39,7.23,15644690.0,114248238.0,13:52:39
sh600223,福瑞达,6.78,-0.02,-0.294,6.77,6.78,6.8,6.79,6.79,6.73,4333200.0,29281412.0,13:52:28
sh600226,亨通股份,5.34,0.02,0.376,5.34,5.35,5.32,5.31,5.35,5.24,39894110.0,211120445.0,13:52:39
sh600227,赤天化,3.57,0.04,1.133,3.56,3.57,3.53,3.59,3.62,3.47,65944600.0,234245665.0,13:52:39
sh600228,*ST返利,6.34,0.02,0.316,6.32,6.34,6.32,6.44,6.44,6.26,5074931.0,32283742.0,13:52:39
sh600229,城市传媒,6.04,0.09,1.513,6.03,6.04,5.95,5.97,6.04,5.9,2101300.0,12548119.0,13:52:28
sh600230,沧州大化,19.65,0.0,0.0,19.65,19.66,19.65,19.55,19.76,19.41,7772000.0,152265260.0,13:52:40
sh600231,凌钢股份,2.05,0.02,0.985,2.05,2.06,2.03,2.03,2.06,2.02,9482835.0,19406888.0,13:52:38
sh600232,金鹰股份,8.8,0.19,2.207,8.79,8.8,8.61,8.61,8.83,8.54,5248000.0,45509510.0,13:52:37
sh600233,圆通速递,21.37,-0.13,-0.605,21.36,21.38,21.5,21.52,21.85,21.16,19363865.0,415547429.0,13:52:38
sh600234,科新发展,17.63,-0.13,-0.732,17.64,17.65,17.76,17.99,17.99,17.26,3764940.0,66040781.0,13:52:36
sh600235,民丰特纸,6.77,0.12,1.805,6.77,6.78,6.65,6.67,6.78,6.62,4130200.0,27623962.0,13:52:38
sh600236,桂冠电力,9.7,0.02,0.207,9.7,9.71,9.68,9.66,9.86,9.63,8524562.0,82991655.0,13:52:31
sh600237,铜峰电子,9.36,-0.13,-1.37,9.35,9.36,9.49,9.4,9.48,9.24,27133900.0,253177959.0,13:52:37
sh600238,*ST椰岛,4.73,0.18,3.956,4.73,4.74,4.55,4.36,4.78,4.36,21553011.0,99992691.0,13:52:38
sh600239,云南城投,2.06,-0.01,-0.483,2.06,2.07,2.07,2.07,2.08,2.04,13450875.0,27676240.0,13:52:35
sh600241,时代万恒,9.94,0.09,0.914,9.94,9.95,9.85,9.85,10.0,9.79,5924154.0,58666201.0,13:52:38
sh600243,*ST海华,3.66,-0.03,-0.813,3.65,3.66,3.69,3.61,3.78,3.61,6965451.0,25521348.0,13:52:32
sh600246,万通发展,9.62,0.0,0.0,9.62,9.63,9.62,9.6,9.78,9.55,39634824.0,383611689.0,13:52:37
sh600248,陕建股份,3.42,-0.01,-0.292,3.42,3.43,3.43,3.43,3.44,3.41,5437200.0,18620498.0,13:52:38
sh600249,两面针,6.1,0.08,1.329,6.09,6.1,6.02,6.06,6.15,5.93,21452950.0,129448097.0,13:52:36
sh600250,南京商旅,11.67,0.25,2.189,11.66,11.67,11.42,11.22,11.88,11.04,26152900.0,299297074.0,13:52:37
sh600251,冠农股份,11.52,0.62,5.688,11.51,11.52,10.9,10.92,11.65,10.86,14383302.0,163422061.0,13:52:37
sh600252,中恒集团,2.57,-0.08,-3.019,2.57,2.58,2.65,2.62,2.65,2.55,69249986.0,178747170.0,13:52:38
sh600255,鑫科材料,3.61,0.03,0.838,3.6,3.61,3.58,3.57,3.61,3.56,25969150.0,93320701.0,13:52:37
sh600256,广汇能源,6.29,-0.08,-1.256,6.29,6.3,6.37,6.33,6.35,6.26,85095831.0,536218099.0,13:52:36
sh600257,大湖股份,6.4,0.07,1.106,6.39,6.4,6.33,6.32,6.41,6.18,15771300.0,99235707.0,13:52:36
sh600258,首旅酒店,15.46,0.09,0.586,15.45,15.46,15.37,15.3,15.63,15.2,14787300.0,227446991.0,13:52:38
sh600259,中稀有色,95.3,3.22,3.497,95.3,95.31,92.08,92.35,98.65,91.36,16194849.0,1538750487.0,13:52:38
sh600261,阳光照明,3.7,0.04,1.093,3.7,3.71,3.66,3.66,3.71,3.65,5907320.0,21725801.0,13:52:36
sh600262,北方股份,26.39,0.56,2.168,26.38,26.4,25.83,25.9,26.72,25.63,4570000.0,119243061.0,13:52:38
sh600265,ST景谷,20.62,0.2,0.979,20.57,20.62,20.42,20.49,20.68,20.45,303600.0,6241433.0,13:52:34
sh600266,城建发展,5.05,-0.03,-0.591,5.05,5.06,5.08,5.07,5.11,5.01,24630966.0,124385626.0,13:52:38
sh600267,海正药业,11.56,0.17,1.493,11.55,11.56,11.39,11.93,12.24,11.46,93638852.0,1100068159.0,13:52:37
sh600268,国电南自,15.4,-0.27,-1.723,15.39,15.4,15.67,15.52,15.52,15.13,29431956.0,451313748.0,13:52:37
sh600269,赣粤高速,4.5,-0.01,-0.222,4.49,4.5,4.51,4.51,4.54,4.48,7503373.0,33762107.0,13:52:38
sh600271,航天信息,8.63,-0.09,-1.032,8.63,8.64,8.72,8.72,8.76,8.58,15488636.0,133899281.0,13:52:37
sh600272,开开实业,12.41,-0.2,-1.586,12.41,12.42,12.61,12.55,12.56,12.31,2459500.0,30446544.0,13:52:38
sh600273,嘉化能源,9.12,0.12,1.333,9.11,9.12,9.0,9.05,9.14,9.01,8777700.0,79498935.0,13:52:37
sh600276,恒瑞医药,57.22,-0.51,-0.883,57.22,57.23,57.73,57.98,58.0,57.02,46343262.0,2661624902.0,13:52:38
sh600278,东方创业,7.3,0.08,1.108,7.29,7.3,7.22,7.23,7.3,7.21,4253200.0,30913879.0,13:52:36
sh600279,重庆港,4.94,0.03,0.611,4.94,4.95,4.91,4.9,4.94,4.89,3845242.0,18892632.0,13:52:37
sh600280,中央商场,3.12,0.01,0.322,3.12,3.13,3.11,3.11,3.12,3.05,13423100.0,41409814.0,13:52:36
sh600281,华阳新材,5.51,0.12,2.226,5.51,5.52,5.39,5.41,5.52,5.37,6465414.0,35271872.0,13:52:38
sh600282,南钢股份,5.67,0.02,0.354,5.66,5.67,5.65,5.62,5.7,5.61,18557760.0,104840322.0,13:52:36
sh600283,钱江水利,9.13,-0.1,-1.083,9.12,9.13,9.23,9.18,9.22,9.09,4000855.0,36496813.0,13:52:37
sh600284,浦东建设,7.22,0.4,5.865,7.22,7.23,6.82,6.81,7.27,6.79,27677523.0,194825308.0,13:52:36
sh600285,羚锐制药,21.21,-0.39,-1.806,21.18,21.21,21.6,21.65,21.68,21.1,9570632.0,203759036.0,13:52:36
sh600287,苏豪时尚,5.81,0.11,1.93,5.8,5.81,5.7,5.7,5.81,5.65,2679000.0,15311125.0,13:52:38
sh600288,大恒科技,15.05,0.09,0.602,15.05,15.06,14.96,14.98,15.1,14.92,3027295.0,45435818.0,13:52:36
sh600289,ST信通,7.41,-0.04,-0.537,7.41,7.42,7.45,7.45,7.53,7.4,2382100.0,17801946.0,13:52:17
sh600292,电投水电,15.63,0.23,1.494,15.63,15.64,15.4,15.42,15.66,15.32,12696812.0,197018239.0,13:52:37
sh600293,三峡新材,3.21,0.08,2.556,3.2,3.21,3.13,3.14,3.21,3.12,19763100.0,62778839.0,13:52:39
sh600295,鄂尔多斯,15.3,0.3,2.0,15.29,15.3,15.0,14.9,15.39,14.87,10036830.0,152988428.0,13:52:38
sh600298,安琪酵母,40.22,-0.33,-0.814,40.22,40.25,40.55,40.54,40.77,40.11,4253713.0,171574067.0,13:52:38
sh600299,安迪苏,14.24,0.26,1.86,14.24,14.25,13.98,13.89,14.54,13.58,18448894.0,260382862.0,13:52:38
sh600300,维维股份,3.66,0.19,5.476,3.65,3.66,3.47,3.47,3.72,3.45,71951753.0,259324125.0,13:52:38
sh600301,华锡有色,51.06,1.3,2.613,51.03,51.06,49.76,50.2,51.5,48.63,8991160.0,448779998.0,13:52:36
sh600302,标准股份,11.71,0.31,2.719,11.71,11.72,11.4,11.5,11.87,11.28,7090500.0,82308608.0,13:52:38
sh600303,曙光股份,3.07,0.05,1.656,3.07,3.08,3.02,3.02,3.08,2.99,12674200.0,38327400.0,13:52:36
sh600305,恒顺醋业,7.44,-0.01,-0.134,7.43,7.44,7.45,7.44,7.47,7.42,3426756.0,25502967.0,13:52:36
sh600307,酒钢宏兴,1.82,0.03,1.676,1.82,1.83,1.79,1.79,1.83,1.78,63186900.0,114491360.0,13:52:38
sh600308,华泰股份,3.86,0.02,0.521,3.85,3.86,3.84,3.84,3.89,3.83,6348196.0,24464664.0,13:52:37
sh600309,万华化学,89.85,0.77,0.864,89.83,89.85,89.08,89.0,91.36,88.89,20382901.0,1839936569.0,13:52:38
sh600310,广西能源,4.39,-0.04,-0.903,4.38,4.39,4.43,4.42,4.5,4.37,53256684.0,233980153.0,13:52:33
sh600312,平高电气,20.11,-0.04,-0.199,20.11,20.12,20.15,20.25,20.29,19.73,17176642.0,343660898.0,13:52:38
sh600313,农发种业,7.44,0.13,1.778,7.42,7.44,7.31,7.32,7.44,7.19,40077843.0,293770296.0,13:52:38
sh600315,上海家化,20.69,-0.07,-0.337,20.68,20.7,20.76,20.77,20.79,20.54,2277601.0,46993847.0,13:52:25
sh600316,洪都航空,38.62,-1.37,-3.426,38.61,38.62,39.99,39.6,39.93,38.35,11447601.0,447303664.0,13:52:37
sh600318,新力金融,7.96,0.29,3.781,7.95,7.96,7.67,7.75,7.96,7.75,14954418.0,118084781.0,13:52:38
sh600319,亚星化学,7.45,0.16,2.195,7.45,7.46,7.29,7.3,7.47,7.21,2334300.0,17159941.0,13:52:37
sh600320,振华重工,5.1,0.04,0.791,5.09,5.1,5.06,5.06,5.12,5.04,19834594.0,100806304.0,13:52:36
sh600322,津投城开,2.41,-0.01,-0.413,2.4,2.41,2.42,2.42,2.42,2.38,10864700.0,26010012.0,13:52:27
sh600323,瀚蓝环境,28.56,-0.42,-1.449,28.55,28.56,28.98,28.92,29.18,28.47,3251363.0,93404187.0,13:52:37
sh600325,华发股份,3.53,-0.01,-0.282,3.53,3.54,3.54,3.53,3.57,3.52,22665538.0,80194903.0,13:52:38
sh600326,西藏天路,9.38,0.19,2.067,9.38,9.39,9.19,9.14,9.4,9.13,20751589.0,193280959.0,13:52:37
sh600327,大东方,3.94,0.05,1.285,3.94,3.95,3.89,3.9,3.95,3.86,8575280.0,33469043.0,13:52:38
sh600328,中盐化工,8.54,0.14,1.667,8.54,8.55,8.4,8.4,8.56,8.37,21062084.0,178678835.0,13:52:39
sh600329,达仁堂,41.08,-0.46,-1.107,41.07,41.08,41.54,41.35,41.5,41.0,2262600.0,93096395.0,13:52:36
sh600330,天通股份,19.61,-0.19,-0.96,19.6,19.61,19.8,19.6,20.33,19.36,99283404.0,1965126066.0,13:52:38
sh600331,宏达股份,16.43,0.78,4.984,16.42,16.43,15.65,15.66,16.64,15.61,57335203.0,931084877.0,13:52:37
sh600332,白云山,22.89,-0.11,-0.478,22.89,22.9,23.0,23.0,23.0,22.87,5728850.0,131231794.0,13:52:36
sh600333,长春燃气,5.22,0.03,0.578,5.21,5.22,5.19,5.2,5.22,5.15,4282600.0,22234853.0,13:52:37
sh600335,国机汽车,6.09,0.05,0.828,6.08,6.09,6.04,6.05,6.09,6.03,6804273.0,41277584.0,13:52:37
sh600336,澳柯玛,7.1,0.06,0.852,7.1,7.11,7.04,7.06,7.3,7.06,5758602.0,41082712.0,13:52:36
sh600337,美克家居,3.47,0.17,5.152,3.46,3.47,3.3,3.3,3.49,3.25,89621357.0,302543782.0,13:52:37
sh600338,西藏珠峰,20.38,1.39,7.32,20.38,20.39,18.99,19.34,20.5,19.17,99421593.0,1990949263.0,13:52:38
sh600339,中油工程,3.98,-0.08,-1.97,3.98,3.99,4.06,4.05,4.06,3.98,73712227.0,294795045.0,13:52:41
sh600340,华夏幸福,1.36,-0.04,-2.857,1.35,1.36,1.4,1.38,1.39,1.33,114744780.0,155203613.0,13:52:40
sh600343,航天动力,35.18,0.25,0.716,35.18,35.2,34.93,35.0,35.8,34.5,41525285.0,1459513095.0,13:52:41
sh600345,长江通信,50.67,1.01,2.034,50.67,50.68,49.66,48.98,50.93,48.4,19346377.0,963017511.0,13:52:42
sh600346,恒力石化,24.2,0.52,2.196,24.18,24.2,23.68,23.9,24.5,23.57,34208276.0,826522098.0,13:52:41
sh600348,华阳股份,9.18,-0.05,-0.542,9.18,9.19,9.23,9.21,9.35,9.17,20513593.0,190055801.0,13:52:41
sh600350,山东高速,10.12,0.02,0.198,10.12,10.13,10.1,10.14,10.19,10.06,3429200.0,34708369.0,13:52:41
sh600351,亚宝药业,6.73,-0.1,-1.464,6.73,6.74,6.83,6.8,6.92,6.7,26259403.0,177785824.0,13:52:40
sh600352,浙江龙盛,13.02,0.26,2.038,13.01,13.02,12.76,12.77,13.14,12.77,35032022.0,454161957.0,13:52:40
sh600353,旭光电子,15.49,0.33,2.177,15.48,15.49,15.16,15.19,15.79,15.08,20465412.0,316327495.0,13:52:41
sh600354,敦煌种业,6.34,0.04,0.635,6.34,6.35,6.3,6.29,6.35,6.2,13879720.0,87153059.0,13:52:41
sh600355,*ST精伦,0.58,0.0,0.0,0.0,0.0,0.58,0.0,0.0,0.0,0.0,0.0,13:52:25
sh600356,恒丰纸业,9.6,0.44,4.803,9.59,9.6,9.16,9.31,9.8,9.31,20252015.0,194473719.0,13:52:42
sh600358,ST联合,6.46,0.01,0.155,6.45,6.46,6.45,6.44,6.54,6.36,7230900.0,46528849.0,13:52:39
sh600359,新农开发,7.09,0.12,1.722,7.08,7.09,6.97,6.94,7.09,6.87,5576680.0,38933759.0,13:52:42
sh600360,*ST华微,9.49,0.1,1.065,9.48,9.49,9.39,9.4,9.54,9.39,8623457.0,81798858.0,13:52:35
sh600361,创新新材,4.36,0.07,1.632,4.36,4.37,4.29,4.29,4.4,4.29,36857095.0,160452621.0,13:52:42
sh600362,江西铜业,47.2,0.33,0.704,47.19,47.2,46.87,47.01,47.55,46.64,34505393.0,1624453390.0,13:52:41
sh600363,联创光电,52.45,0.0,0.0,52.44,52.45,52.45,52.63,52.75,52.11,3931540.0,205877883.0,13:52:42
sh600365,ST通葡,3.12,0.02,0.645,3.12,3.13,3.1,3.11,3.13,3.06,3370600.0,10418905.0,13:52:37
sh600366,宁波韵升,12.56,0.09,0.722,12.55,12.56,12.47,12.7,12.71,12.44,11235992.0,140775531.0,13:52:41
sh600367,红星发展,21.21,0.98,4.844,21.2,21.21,20.23,20.23,21.24,20.2,26883097.0,560039810.0,13:52:40
sh600368,五洲交通,3.87,0.0,0.0,3.86,3.87,3.87,3.87,3.88,3.85,5126531.0,19806346.0,13:52:40
sh600369,西南证券,4.25,0.0,0.0,4.24,4.25,4.25,4.26,4.29,4.24,21464500.0,91639873.0,13:52:41
sh600370,三房巷,2.43,0.0,0.0,2.42,2.43,2.43,2.42,2.45,2.4,37116475.0,90125776.0,13:52:40
sh600371,万向德农,8.65,0.05,0.581,8.64,8.65,8.6,8.55,8.65,8.27,6765100.0,56832241.0,13:52:41
sh600372,中航机载,13.22,-0.04,-0.302,13.21,13.22,13.26,13.26,13.37,13.18,24072288.0,319022454.0,13:52:42
sh600373,中文传媒,8.5,0.03,0.354,8.49,8.5,8.47,8.49,8.51,8.46,4190300.0,35558738.0,13:52:42
sh600375,汉马科技,5.21,-0.01,-0.192,5.2,5.21,5.22,5.21,5.24,5.19,11254600.0,58576866.0,13:52:41
sh600376,首开股份,4.77,-0.01,-0.209,4.77,4.78,4.78,4.77,4.81,4.75,20370185.0,97215943.0,13:52:42
sh600377,宁沪高速,11.76,0.08,0.685,11.75,11.76,11.68,11.68,11.83,11.65,6191042.0,72791150.0,13:52:39
sh600378,昊华科技,32.9,0.69,2.142,32.9,32.91,32.21,32.32,33.26,32.0,10477526.0,341840383.0,13:52:39
sh600379,宝光股份,11.94,-0.09,-0.748,11.94,11.95,12.03,12.0,12.1,11.8,4898502.0,58287024.0,13:52:40
sh600380,健康元,11.23,-0.12,-1.057,11.22,11.23,11.35,11.35,11.37,11.22,9034505.0,101910892.0,13:52:42
sh600381,*ST春天,2.98,0.0,0.0,2.97,2.98,2.98,2.94,3.09,2.92,6537983.0,19597795.0,13:52:37
sh600382,广东明珠,10.05,0.72,7.717,10.06,10.07,9.33,9.26,10.2,9.2,35551625.0,347475547.0,13:52:42
sh600383,金地集团,2.82,-0.01,-0.353,2.81,2.82,2.83,2.82,2.85,2.8,44603044.0,125748323.0,13:52:41
sh600386,北巴传媒,4.11,0.08,1.985,4.11,4.12,4.03,4.03,4.16,4.0,7991300.0,32620589.0,13:52:40
sh600388,龙净环保,18.86,0.23,1.235,18.85,18.86,18.63,18.61,19.06,18.58,10994087.0,207127539.0,13:52:42
sh600389,江山股份,28.91,-0.24,-0.823,28.91,28.92,29.15,29.42,29.45,28.51,7642276.0,220484838.0,13:52:38
sh600390,五矿资本,5.32,0.0,0.0,5.32,5.33,5.32,5.33,5.35,5.31,13105168.0,69843020.0,13:52:40
sh600391,航发科技,39.54,-0.26,-0.653,39.53,39.54,39.8,39.81,39.98,39.25,5530500.0,218434931.0,13:52:37
sh600392,盛和资源,25.22,0.66,2.687,25.21,25.23,24.56,24.51,25.5,24.43,61760989.0,1548278694.0,13:52:42
sh600395,盘江股份,5.67,0.01,0.177,5.66,5.67,5.66,5.62,5.72,5.6,18064367.0,102245926.0,13:52:42
sh600396,华电辽能,7.32,-0.73,-9.068,7.31,7.32,8.05,7.68,7.75,7.25,210852186.0,1559730128.0,13:52:40
sh600397,江钨装备,14.93,0.8,5.662,14.92,14.93,14.13,14.09,15.3,14.01,54181146.0,797536094.0,13:52:41
sh600398,海澜之家,6.76,-0.02,-0.295,6.75,6.76,6.78,6.76,6.81,6.71,19316100.0,130682277.0,13:52:41
sh600399,抚顺特钢,5.88,0.03,0.513,5.88,5.89,5.85,5.84,5.91,5.84,26509964.0,155583998.0,13:52:40
sh600400,红豆股份,2.03,0.01,0.495,2.02,2.03,2.02,2.03,2.03,2.01,17706949.0,35779702.0,13:52:42
sh600403,大有能源,5.69,0.03,0.53,5.69,5.7,5.66,5.68,5.72,5.61,8808380.0,49936006.0,13:52:42
sh600405,动力源,5.32,0.09,1.721,5.32,5.33,5.23,5.23,5.34,5.2,7513667.0,39518667.0,13:52:41
sh600406,国电南瑞,26.73,-0.13,-0.484,26.73,26.74,26.86,27.0,27.06,26.41,62833175.0,1679665489.0,13:52:42
sh600408,安泰集团,3.18,0.03,0.952,3.17,3.18,3.15,3.15,3.18,3.13,20609200.0,65036287.0,13:52:42
sh600409,三友化工,6.85,0.01,0.146,6.85,6.86,6.84,6.84,6.91,6.8,18369550.0,125758464.0,13:52:41
sh600410,华胜天成,27.82,0.94,3.497,27.81,27.82,26.88,27.1,27.88,26.91,138670192.0,3799473502.0,13:52:42
sh600415,小商品城,12.3,0.08,0.655,12.29,12.3,12.22,12.25,12.45,12.25,51242393.0,631548053.0,13:52:41
sh600416,湘电股份,12.32,0.02,0.163,12.31,12.32,12.3,12.32,12.44,12.19,12956300.0,159301394.0,13:52:39
sh600418,江淮汽车,45.24,-0.25,-0.55,45.23,45.25,45.49,45.51,46.31,44.8,28860078.0,1311437449.0,13:52:40
sh600419,天润乳业,9.74,0.04,0.412,9.73,9.74,9.7,9.68,9.74,9.61,2823400.0,27339941.0,13:52:42
sh600420,国药现代,9.91,-0.09,-0.9,9.9,9.91,10.0,9.96,9.99,9.87,7534257.0,74658771.0,13:52:41
sh600421,*ST华嵘,5.65,-0.23,-3.912,5.65,5.66,5.88,5.59,5.85,5.59,3853201.0,21894067.0,13:52:38
sh600422,昆药集团,11.26,-0.08,-0.705,11.26,11.27,11.34,11.33,11.33,11.21,3502500.0,39403033.0,13:52:36
sh600423,柳化股份,2.83,0.06,2.166,2.82,2.83,2.77,2.75,2.83,2.67,46062502.0,126087428.0,13:52:40
sh600425,青松建化,4.03,0.0,0.0,4.02,4.03,4.03,4.04,4.04,4.0,10849261.0,43591969.0,13:52:38
sh600426,华鲁恒升,35.2,-0.35,-0.985,35.19,35.2,35.55,35.53,35.57,34.91,16421077.0,577775651.0,13:52:39
sh600428,中远海特,9.08,0.05,0.554,9.08,9.09,9.03,9.07,9.18,8.99,25770202.0,233724263.0,13:52:40
sh600429,三元股份,5.81,0.01,0.172,5.8,5.81,5.8,5.74,5.93,5.74,13167700.0,76990349.0,13:52:40
sh600433,冠豪高新,3.68,0.15,4.249,3.67,3.68,3.53,3.5,3.83,3.49,67301374.0,250569443.0,13:52:40
sh600435,北方导航,14.85,-0.05,-0.336,14.85,14.86,14.9,14.9,14.96,14.79,13249378.0,196822997.0,13:52:42
sh600436,片仔癀,147.93,-1.05,-0.705,147.92,147.93,148.98,148.98,149.18,147.78,1216977.0,180217316.0,13:52:40
sh600438,通威股份,17.57,0.23,1.326,17.56,17.57,17.34,17.49,17.98,17.42,56741462.0,1001884311.0,13:52:41
sh600439,瑞贝卡,2.58,0.09,3.614,2.58,2.59,2.49,2.49,2.65,2.49,32264581.0,83292535.0,13:52:40
sh600444,国机通用,17.78,0.28,1.6,17.78,17.79,17.5,17.49,17.79,17.42,2085120.0,36658105.0,13:52:42
sh600446,金证股份,12.8,0.18,1.426,12.8,12.81,12.62,12.63,12.85,12.59,8621492.0,109895644.0,13:52:41
sh600448,华纺股份,3.27,0.09,2.83,3.26,3.27,3.18,3.22,3.27,3.15,11860593.0,38077903.0,13:52:39
sh600449,宁夏建材,12.97,0.38,3.018,12.96,12.97,12.59,12.62,13.11,12.58,5411800.0,69667836.0,13:52:41
sh600452,涪陵电力,12.27,0.13,1.071,12.26,12.27,12.14,12.14,12.38,11.96,23616870.0,288166632.0,13:52:42
sh600455,博通股份,25.78,0.49,1.938,25.78,25.79,25.29,25.45,25.78,25.1,1037200.0,26365882.0,13:52:36
sh600456,宝钛股份,34.59,0.29,0.845,34.59,34.6,34.3,34.43,34.69,34.22,4321209.0,148852799.0,13:52:40
sh600458,时代新材,11.79,0.03,0.255,11.78,11.79,11.76,11.78,11.82,11.69,5745200.0,67514307.0,13:52:41
sh600459,贵研铂业,20.97,0.37,1.796,20.97,20.98,20.6,20.74,21.12,20.63,12106489.0,252754607.0,13:52:40
sh600460,士兰微,26.61,0.03,0.113,26.6,26.61,26.58,26.61,26.82,26.55,16926737.0,451623228.0,13:52:38
sh600461,洪城环境,9.85,-0.11,-1.104,9.84,9.85,9.96,9.93,9.95,9.66,14245814.0,139425302.0,13:52:36
sh600463,空港股份,10.16,0.23,2.316,10.16,10.17,9.93,9.98,10.18,9.88,1911200.0,19110104.0,13:52:39
sh600467,好当家,2.44,-0.01,-0.408,2.43,2.44,2.45,2.44,2.45,2.41,22441120.0,54348334.0,13:52:39
sh600468,百利电气,7.96,-0.11,-1.363,7.95,7.96,8.07,7.92,8.02,7.79,39741738.0,313888235.0,13:52:40
sh600469,风神股份,7.26,0.12,1.681,7.26,7.27,7.14,7.13,7.29,7.06,15860410.0,114042613.0,13:52:40
sh600470,六国化工,6.88,0.15,2.229,6.88,6.89,6.73,6.73,6.9,6.7,19461575.0,132584536.0,13:52:39
sh600475,华光环能,17.32,0.32,1.882,17.32,17.33,17.0,16.99,17.46,16.82,8724526.0,150280880.0,13:52:36
sh600476,湘邮科技,11.47,0.45,4.083,11.46,11.47,11.02,11.02,11.69,10.95,5372130.0,60964187.0,13:52:38
sh600477,杭萧钢构,3.14,0.0,0.0,3.14,3.15,3.14,3.13,3.16,3.12,25411716.0,79798301.0,13:52:39
sh600478,科力远,7.65,0.16,2.136,7.65,7.66,7.49,7.52,7.69,7.48,37279470.0,283746734.0,13:52:40
sh600479,千金药业,10.77,-0.07,-0.646,10.76,10.77,10.84,10.78,10.8,10.64,5619500.0,60153071.0,13:52:38
sh600480,凌云股份,11.41,-0.31,-2.645,11.4,11.41,11.72,11.55,11.68,11.34,45136550.0,519074026.0,13:52:38
sh600481,双良节能,6.43,0.15,2.389,6.43,6.44,6.28,6.3,6.53,6.24,54257962.0,347042644.0,13:52:38
sh600482,中国动力,38.75,1.83,4.957,38.75,38.76,36.92,36.73,39.5,36.51,45192754.0,1734310582.0,13:52:40
sh600483,福能股份,10.04,0.09,0.905,10.04,10.05,9.95,9.99,10.12,9.9,15740020.0,157550850.0,13:52:37
sh600486,扬农化工,77.84,-0.16,-0.205,77.81,77.85,78.0,77.83,78.65,76.6,4343646.0,336722326.0,13:52:38
sh600487,亨通光电,52.9,0.77,1.477,52.89,52.9,52.13,51.81,53.44,50.89,118110013.0,6192212409.0,13:52:40
sh600488,津药药业,6.39,-0.45,-6.579,6.39,6.4,6.84,6.54,6.69,6.16,154490573.0,984733044.0,13:52:39
sh600489,中金黄金,27.0,0.26,0.972,26.99,27.0,26.74,26.88,27.16,26.74,36702219.0,987835136.0,13:52:39
sh600490,鹏欣资源,8.39,0.37,4.613,8.38,8.39,8.02,8.02,8.4,8.02,42821494.0,350855646.0,13:52:38
sh600491,龙元建设,2.41,-0.01,-0.413,2.4,2.41,2.42,2.36,2.45,2.35,41435789.0,100030288.0,13:52:40
sh600493,凤竹纺织,7.48,0.27,3.745,7.47,7.48,7.21,7.21,7.48,7.18,5555000.0,40631382.0,13:52:38
sh600495,晋西车轴,4.42,0.03,0.683,4.41,4.42,4.39,4.39,4.43,4.38,12332068.0,54340691.0,13:52:40
sh600496,精工钢构,3.89,0.01,0.258,3.88,3.89,3.88,3.9,3.92,3.88,12717223.0,49519160.0,13:52:38
sh600497,驰宏锌锗,8.38,0.17,2.071,8.37,8.38,8.21,8.25,8.39,8.24,56182969.0,467698740.0,13:52:40
sh600498,烽火通信,48.19,-0.29,-0.598,48.17,48.19,48.48,48.0,49.0,47.32,58532082.0,2822220201.0,13:52:38
sh600499,科达制造,18.41,0.61,3.427,18.41,18.42,17.8,17.95,18.46,17.67,20401100.0,369899501.0,13:52:38
sh600500,中化国际,4.31,0.01,0.233,4.3,4.31,4.3,4.29,4.33,4.25,16445420.0,70764509.0,13:52:36
sh600501,航天晨光,23.43,0.09,0.386,23.42,23.43,23.34,23.6,23.71,23.24,6498952.0,152236081.0,13:52:39
sh600502,安徽建工,5.8,-0.06,-1.024,5.8,5.81,5.86,5.82,5.99,5.79,44748994.0,263456894.0,13:52:38
sh600503,华丽家族,2.39,0.02,0.844,2.38,2.39,2.37,2.37,2.39,2.35,13724801.0,32496251.0,13:52:40
sh600505,西昌电力,12.8,0.05,0.392,12.79,12.8,12.75,12.76,12.83,12.62,4630300.0,59111666.0,13:52:39
sh600506,统一股份,21.31,0.01,0.047,21.31,21.32,21.3,21.32,21.5,21.07,2028000.0,43086856.0,13:52:40
sh600507,方大特钢,6.05,0.55,10.0,6.05,0.0,5.5,5.54,6.05,5.54,91756348.0,542186545.0,13:52:39
sh600508,上海能源,12.73,-0.05,-0.391,12.73,12.74,12.78,12.79,12.85,12.7,3202301.0,40919450.0,13:52:38
sh600509,天富能源,7.92,-0.02,-0.252,7.92,7.93,7.94,7.94,8.0,7.87,18671533.0,147922921.0,13:52:35
sh600510,黑牡丹,8.87,0.15,1.72,8.87,8.88,8.72,8.7,8.9,8.59,6552124.0,57175158.0,13:52:37
sh600511,国药股份,28.87,-0.33,-1.13,28.86,28.87,29.2,29.22,29.29,28.82,4762500.0,138110072.0,13:52:39
sh600512,腾达建设,2.55,0.05,2.0,2.54,2.55,2.5,2.5,2.55,2.48,35664501.0,89801537.0,13:52:38
sh600513,联环药业,22.21,-1.54,-6.484,22.2,22.21,23.75,23.3,23.3,22.04,27019050.0,605753592.0,13:52:39
sh600515,海南机场,3.62,0.0,0.0,3.62,3.63,3.62,3.63,3.64,3.61,32923573.0,119223855.0,13:52:40
sh600516,方大炭素,5.58,0.02,0.36,5.58,5.59,5.56,5.6,5.6,5.54,29094849.0,162083326.0,13:52:39
sh600517,国网英大,6.45,-0.03,-0.463,6.44,6.45,6.48,6.5,6.5,6.42,17250500.0,111315022.0,13:52:39
sh600518,康美药业,1.76,-0.01,-0.565,1.75,1.76,1.77,1.76,1.77,1.75,92944028.0,163436398.0,13:52:40
sh600519,贵州茅台,1464.74,-2.76,-0.188,1464.77,1464.96,1467.5,1467.45,1477.41,1460.0,1794683.0,2636096788.0,13:52:39
sh600520,三佳科技,25.13,0.83,3.416,25.12,25.13,24.3,24.66,25.5,24.44,5762400.0,144664169.0,13:52:39
sh600521,华海药业,16.26,-0.25,-1.514,16.25,16.26,16.51,16.43,16.46,16.2,18274140.0,298019996.0,13:52:40
sh600522,中天科技,27.97,0.17,0.612,27.95,27.97,27.8,27.81,28.33,27.42,102698900.0,2868919235.0,13:52:39
sh600523,贵航股份,14.12,-0.08,-0.563,14.12,14.13,14.2,14.2,14.25,14.05,4526740.0,63914657.0,13:52:35
sh600525,ST长园,5.49,-0.03,-0.543,5.49,5.5,5.52,5.55,5.55,5.46,5056900.0,27796965.0,13:52:36
sh600526,菲达环保,5.41,0.07,1.311,5.4,5.41,5.34,5.35,5.41,5.31,5065830.0,27192422.0,13:52:39
sh600527,江南高纤,2.75,0.07,2.612,2.74,2.75,2.68,2.69,2.86,2.63,191666780.0,528461781.0,13:52:38
sh600528,中铁工业,7.93,-0.03,-0.377,7.92,7.93,7.96,7.97,7.99,7.91,17655886.0,140260756.0,13:52:40
sh600529,山东药玻,18.64,-0.06,-0.321,18.63,18.64,18.7,18.71,18.75,18.6,2962188.0,55210482.0,13:52:35
sh600530,交大昂立,5.24,0.07,1.354,5.23,5.24,5.17,5.16,5.24,5.1,4866100.0,25143532.0,13:52:40
sh600531,豫光金铅,14.02,0.53,3.929,14.02,14.03,13.49,13.56,14.19,13.55,54459016.0,755288197.0,13:52:38
sh600533,栖霞建设,2.48,0.02,0.813,2.47,2.48,2.46,2.47,2.48,2.4,18358200.0,44652795.0,13:52:39
sh600535,天士力,14.42,0.1,0.698,14.41,14.43,14.32,14.32,14.44,14.2,6857400.0,98201363.0,13:52:38
sh600536,中国软件,37.64,0.34,0.912,37.63,37.64,37.3,37.4,37.9,37.4,7613165.0,286856252.0,13:52:40
sh600537,亿晶光电,4.15,-0.08,-1.891,4.15,4.16,4.23,4.21,4.26,4.11,87582844.0,365888393.0,13:52:40
sh600538,国发股份,6.61,0.21,3.281,6.6,6.61,6.4,6.4,6.67,6.39,14333601.0,94293132.0,13:52:40
sh600539,狮头股份,16.15,0.19,1.19,16.14,16.15,15.96,15.96,16.37,15.31,18210540.0,287779225.0,13:52:40
sh600540,新赛股份,4.85,0.2,4.301,4.85,4.86,4.65,4.68,4.86,4.6,15272770.0,72558164.0,13:52:40
sh600543,莫高股份,4.8,0.08,1.695,4.79,4.8,4.72,4.73,4.82,4.68,3121000.0,14842811.0,13:52:39
sh600545,卓郎智能,4.17,0.0,0.0,4.16,4.17,4.17,4.15,4.3,4.09,81185900.0,338923540.0,13:52:40
sh600546,山煤国际,11.88,0.0,0.0,11.88,11.89,11.88,11.88,11.94,11.79,14071474.0,167119201.0,13:52:40
sh600547,山东黄金,39.09,0.31,0.799,39.09,39.11,38.78,38.88,39.43,38.4,30556149.0,1189722796.0,13:52:39
sh600548,深高速,9.16,-0.13,-1.399,9.16,9.17,9.29,9.29,9.3,9.14,3273783.0,30107514.0,13:52:38
sh600549,厦门钨业,61.88,5.63,10.009,61.88,0.0,56.25,56.3,61.88,55.8,93874878.0,5578745368.0,13:52:39
sh600550,保变电气,15.84,-0.19,-1.185,15.83,15.84,16.03,15.85,15.99,15.32,75249038.0,1177457454.0,13:52:39
sh600551,时代出版,8.17,0.16,1.998,8.16,8.17,8.01,8.0,8.21,8.0,3868573.0,31459494.0,13:52:29
sh600552,凯盛科技,13.58,0.11,0.817,13.57,13.58,13.47,13.42,13.72,13.32,32161804.0,436499093.0,13:52:39
sh600556,天下秀,6.22,0.1,1.634,6.22,6.23,6.12,6.13,6.26,6.13,32375292.0,201008106.0,13:52:40
sh600557,康缘药业,13.98,-0.05,-0.356,13.98,13.99,14.03,14.05,14.1,13.86,2633360.0,36754775.0,13:52:38
sh600558,大西洋,5.46,0.05,0.924,5.45,5.46,5.41,5.4,5.46,5.37,9879841.0,53573158.0,13:52:39
sh600559,老白干酒,13.6,0.03,0.221,13.6,13.61,13.57,13.56,13.65,13.51,4023189.0,54697045.0,13:52:33
sh600560,金自天正,14.64,0.08,0.549,14.63,14.64,14.56,14.56,14.65,14.33,1734900.0,25115650.0,13:52:30
sh600561,江西长运,6.54,0.22,3.481,6.52,6.54,6.32,6.39,6.55,6.23,3965201.0,25378243.0,13:52:38
sh600562,国睿科技,27.41,0.08,0.293,27.4,27.41,27.33,27.37,27.81,27.0,6168920.0,169189863.0,13:52:31
sh600563,法拉电子,123.4,0.18,0.146,123.4,123.42,123.22,122.57,124.82,122.57,4676111.0,578348936.0,13:52:35
sh600566,济川药业,25.17,-0.13,-0.514,25.17,25.18,25.3,25.32,25.4,25.11,1948372.0,49091387.0,13:52:33
sh600567,山鹰国际,1.54,-0.01,-0.645,1.53,1.54,1.55,1.54,1.55,1.53,36621900.0,56441386.0,13:52:33
sh600568,ST中珠,2.9,-0.04,-1.361,2.89,2.9,2.94,2.96,2.96,2.88,11351277.0,32947481.0,13:52:36
sh600569,安阳钢铁,2.16,0.02,0.935,2.16,2.17,2.14,2.15,2.17,2.13,14177494.0,30554746.0,13:52:34
sh600570,恒生电子,26.55,0.13,0.492,26.54,26.55,26.42,26.62,26.76,26.51,14530205.0,386990792.0,13:52:33
sh600571,信雅达,13.66,0.08,0.589,13.65,13.66,13.58,13.6,13.69,13.54,5595602.0,76201188.0,13:52:33
sh600572,康恩贝,4.93,0.13,2.708,4.92,4.93,4.8,5.08,5.17,4.79,343902769.0,1699342749.0,13:52:34
sh600573,惠泉啤酒,12.1,0.36,3.066,12.1,12.11,11.74,11.75,12.14,11.55,9725700.0,114694730.0,13:52:34
sh600575,淮河能源,3.65,-0.03,-0.815,3.64,3.65,3.68,3.68,3.69,3.63,34981400.0,127674549.0,13:52:34
sh600576,祥源文旅,6.15,0.2,3.361,6.14,6.15,5.95,5.9,6.17,5.9,16825320.0,102324043.0,13:52:35
sh600577,精达股份,12.44,0.1,0.81,12.43,12.44,12.34,12.35,12.52,12.21,28064246.0,347936767.0,13:52:34
sh600578,京能电力,5.28,0.06,1.149,5.28,5.29,5.22,5.21,5.3,5.2,18630515.0,98268214.0,13:52:35
sh600579,中化装备,8.0,0.14,1.781,8.0,8.01,7.86,7.86,8.01,7.85,2931100.0,23211784.0,13:52:33
sh600580,卧龙电驱,38.13,0.08,0.21,38.12,38.13,38.05,38.5,38.88,38.05,20418169.0,783066306.0,13:52:34
sh600581,*ST八钢,2.97,0.04,1.365,2.97,2.98,2.93,2.9,3.04,2.89,57162282.0,169465093.0,13:52:25
sh600582,天地科技,5.72,-0.01,-0.175,5.72,5.73,5.73,5.73,5.74,5.71,9098700.0,52098333.0,13:52:34
sh600583,海油工程,7.26,0.17,2.398,7.26,7.27,7.09,7.08,7.3,7.05,53595590.0,387386123.0,13:52:35
sh600584,长电科技,43.6,0.01,0.023,43.58,43.6,43.59,43.6,44.02,43.2,33641898.0,1467710335.0,13:52:33
sh600585,海螺水泥,22.1,-0.45,-1.996,22.09,22.1,22.55,22.5,22.55,22.07,41439600.0,922383082.0,13:52:34
sh600586,金晶科技,5.34,0.07,1.328,5.33,5.34,5.27,5.27,5.37,5.22,25609500.0,135820955.0,13:52:34
sh600587,新华医疗,14.42,-0.04,-0.277,14.42,14.43,14.46,14.42,14.48,14.37,3088848.0,44512571.0,13:52:36
sh600588,用友网络,12.3,0.14,1.151,12.3,12.31,12.16,12.28,12.42,12.22,24322676.0,299564465.0,13:52:35
sh600589,大位科技,11.47,0.33,2.962,11.46,11.47,11.14,11.14,11.6,11.13,173056754.0,1972688336.0,13:52:34
sh600590,泰豪科技,15.0,0.78,5.485,14.97,15.01,14.22,14.22,15.27,14.1,63408948.0,935288349.0,13:52:34
sh600592,龙溪股份,20.1,0.01,0.05,20.09,20.1,20.09,20.09,20.38,19.98,3768400.0,75695163.0,13:52:35
sh600593,大连圣亚,37.35,0.54,1.467,37.33,37.35,36.81,36.7,37.63,36.32,3620264.0,134415016.0,13:52:34
sh600594,益佰制药,4.68,-0.08,-1.681,4.67,4.68,4.76,4.7,4.93,4.6,130950608.0,619764102.0,13:52:33
sh600595,中孚实业,8.47,0.27,3.293,8.46,8.47,8.2,8.33,8.58,8.26,52754397.0,447626923.0,13:52:34
sh600596,新安股份,12.26,0.19,1.574,12.25,12.26,12.07,12.13,12.31,12.01,17027601.0,207356762.0,13:52:33
sh600597,光明乳业,7.46,-0.01,-0.134,7.46,7.47,7.47,7.47,7.49,7.44,3836710.0,28615953.0,13:52:23
sh600598,北大荒,16.18,0.07,0.435,16.18,16.19,16.11,16.01,16.25,15.85,23892517.0,383396710.0,13:52:35
sh600599,*ST熊猫,4.14,-0.19,-4.388,4.14,4.15,4.33,4.11,4.33,4.11,4503131.0,18761232.0,13:52:34
sh600600,青岛啤酒,61.88,-0.12,-0.194,61.87,61.88,62.0,62.01,62.25,61.87,3108985.0,192869451.0,13:52:34
sh600601,方正科技,10.4,0.04,0.386,10.39,10.4,10.36,10.4,10.47,10.28,64483254.0,667790096.0,13:52:34
sh600602,云赛智联,24.65,0.75,3.138,24.65,24.66,23.9,23.93,24.95,23.93,84410853.0,2075704104.0,13:52:34
sh600603,广汇物流,6.92,0.08,1.17,6.92,6.93,6.84,6.88,7.03,6.81,15264250.0,106016884.0,13:52:34
sh600604,市北高新,4.86,0.02,0.413,4.85,4.86,4.84,4.85,4.87,4.79,5780753.0,27877543.0,13:52:34
sh600605,汇通能源,30.81,-1.52,-4.702,30.81,30.82,32.33,32.0,32.33,30.16,9962160.0,306336562.0,13:52:35
sh600606,绿地控股,1.48,-0.02,-1.333,1.48,1.49,1.5,1.5,1.51,1.47,81068747.0,120576259.0,13:52:33
sh600608,*ST沪科,2.37,0.01,0.424,2.37,2.39,2.36,2.31,2.43,2.29,4272256.0,10041227.0,13:52:30
sh600609,金杯汽车,4.13,0.05,1.225,4.12,4.13,4.08,4.09,4.18,4.08,11222710.0,46333762.0,13:52:33
sh600610,中毅达,9.21,0.09,0.987,9.2,9.21,9.12,9.11,9.22,9.05,9997619.0,91559525.0,13:52:34
sh600611,大众交通,4.73,0.08,1.72,4.72,4.73,4.65,4.67,4.73,4.63,13973199.0,65601750.0,13:52:35
sh600612,老凤祥,41.66,-0.26,-0.62,41.64,41.66,41.92,41.91,42.27,41.41,970700.0,40589946.0,13:52:34
sh600613,神奇制药,6.26,-0.14,-2.188,6.25,6.26,6.4,6.36,6.38,6.22,12949800.0,81228924.0,13:52:34
sh600615,鑫源智造,11.57,0.24,2.118,11.56,11.57,11.33,11.33,11.57,11.26,1585212.0,18075373.0,13:52:34
sh600616,金枫酒业,5.05,0.05,1.0,5.05,5.06,5.0,5.0,5.06,4.98,3614200.0,18121215.0,13:52:35
sh600617,国新能源,3.23,-0.01,-0.309,3.22,3.23,3.24,3.24,3.24,3.17,27298290.0,87286073.0,13:52:33
sh600618,氯碱化工,12.76,0.11,0.87,12.75,12.76,12.65,12.7,12.8,12.63,4480635.0,57054097.0,13:52:34
sh600619,海立股份,17.31,0.11,0.64,17.31,17.32,17.2,17.21,17.34,17.08,13564300.0,233395833.0,13:52:33
sh600620,天宸股份,6.19,0.08,1.309,6.18,6.19,6.11,6.09,6.19,6.05,3682242.0,22537263.0,13:52:35
sh600621,华鑫股份,14.21,0.05,0.353,14.2,14.21,14.16,14.19,14.31,14.15,6694666.0,95173215.0,13:52:35
sh600622,光大嘉宝,2.6,-0.01,-0.383,2.6,2.61,2.61,2.62,2.63,2.59,10027251.0,26103387.0,13:52:34
sh600623,华谊集团,9.98,0.1,1.012,9.97,9.98,9.88,9.91,10.15,9.86,13697956.0,136977393.0,13:52:31
sh600624,ST复华,4.61,0.0,0.0,4.6,4.61,4.61,4.6,4.62,4.56,2531444.0,11602549.0,13:52:26
sh600626,申达股份,3.95,0.06,1.542,3.95,3.96,3.89,3.9,3.96,3.87,6737000.0,26376326.0,13:52:35
sh600628,新世界,7.22,0.05,0.697,7.21,7.22,7.17,7.17,7.22,7.12,4920399.0,35265772.0,13:52:33
sh600629,华建集团,20.95,0.05,0.239,20.95,20.96,20.9,20.76,21.08,20.5,15001194.0,311191417.0,13:52:35
sh600630,龙头股份,8.02,0.08,1.008,8.01,8.02,7.94,7.95,8.02,7.9,2609800.0,20778727.0,13:52:35
sh600633,浙数文化,13.13,0.44,3.467,13.13,13.14,12.69,12.71,13.26,12.7,29706943.0,386747608.0,13:52:36
sh600635,大众公用,5.38,0.02,0.373,5.37,5.38,5.36,5.35,5.38,5.33,17453050.0,93559882.0,13:52:34
sh600636,*ST国化,6.41,-0.34,-5.037,0.0,6.41,6.75,6.41,6.69,6.41,38556300.0,248484567.0,13:52:27
sh600637,东方明珠,9.93,0.27,2.795,9.92,9.93,9.66,9.7,10.05,9.65,49677454.0,489251462.0,13:52:34
sh600638,新黄浦,5.94,-0.04,-0.669,5.94,5.95,5.98,6.01,6.02,5.9,5281284.0,31397115.0,13:52:34
sh600639,浦东金桥,11.19,0.07,0.629,11.19,11.2,11.12,11.12,11.22,11.06,6530953.0,72923331.0,13:52:34
sh600640,国脉文化,12.11,0.18,1.509,12.1,12.11,11.93,11.96,12.13,11.95,3321000.0,40004251.0,13:52:34
sh600641,先导基电,21.6,-0.22,-1.008,21.6,21.61,21.82,21.75,21.88,21.43,29923020.0,647296178.0,13:52:35
sh600642,申能股份,9.17,0.03,0.328,9.16,9.17,9.14,9.12,9.29,9.07,19310316.0,177503982.0,13:52:34
sh600643,爱建集团,5.16,0.04,0.781,5.16,5.17,5.12,5.13,5.23,5.08,21371660.0,110100547.0,13:52:35
sh600644,乐山电力,11.29,0.12,1.074,11.29,11.3,11.17,11.16,11.31,11.06,16956848.0,190419310.0,13:52:33
sh600645,中源协和,28.55,-0.1,-0.349,28.53,28.55,28.65,28.58,28.87,28.35,6829600.0,195067186.0,13:52:36
sh600648,外高桥,10.59,-0.12,-1.12,10.58,10.59,10.71,10.78,10.78,10.57,3515201.0,37481034.0,13:52:33
sh600649,城投控股,4.39,0.05,1.152,4.38,4.39,4.34,4.34,4.41,4.34,20349556.0,89105094.0,13:52:33
sh600650,锦江在线,12.79,0.17,1.347,12.78,12.79,12.62,12.65,12.88,12.63,2825000.0,36029975.0,13:52:35
sh600651,飞乐音响,6.8,0.06,0.89,6.79,6.8,6.74,6.77,6.8,6.69,10355077.0,69758983.0,13:52:33
sh600653,申华控股,1.77,0.01,0.568,1.77,1.78,1.76,1.75,1.78,1.75,11484174.0,20264243.0,13:52:35
sh600654,中安科,4.61,0.2,4.535,4.6,4.61,4.41,4.39,4.76,4.32,383593078.0,1735405358.0,13:52:36
sh600655,豫园股份,4.99,0.14,2.887,4.99,5.0,4.85,4.85,5.04,4.83,28502826.0,140683890.0,13:52:35
sh600657,信达地产,3.1,0.0,0.0,3.09,3.1,3.1,3.1,3.14,3.07,10066100.0,31184162.0,13:52:44
sh600658,电子城,5.17,0.09,1.772,5.17,5.18,5.08,5.01,5.32,4.99,43385104.0,222029011.0,13:52:46
sh600660,福耀玻璃,59.23,0.2,0.339,59.22,59.23,59.03,58.97,59.68,58.81,7577353.0,449041624.0,13:52:44
sh600661,昂立教育,9.93,0.17,1.742,9.93,9.94,9.76,9.78,9.94,9.68,2572200.0,25254832.0,13:52:44
sh600662,外服控股,5.14,0.07,1.381,5.14,5.15,5.07,5.07,5.15,5.07,8054786.0,41188864.0,13:52:40
sh600663,陆家嘴,7.83,-0.01,-0.128,7.83,7.84,7.84,7.84,7.91,7.81,3622894.0,28420904.0,13:52:41
sh600664,哈药股份,4.47,0.03,0.676,4.46,4.47,4.44,4.7,4.88,4.43,528677899.0,2472924145.0,13:52:45
sh600665,天地源,3.23,0.07,2.215,3.22,3.23,3.16,3.18,3.23,3.13,7248600.0,23010242.0,13:52:45
sh600666,奥瑞德,6.85,0.62,9.952,6.85,0.0,6.23,6.25,6.85,6.24,561967686.0,3703337210.0,13:52:44
sh600667,太极实业,9.91,0.06,0.609,9.9,9.91,9.85,9.79,10.08,9.66,92199764.0,912070612.0,13:52:44
sh600668,尖峰集团,11.35,0.07,0.621,11.34,11.35,11.28,11.28,11.35,11.16,6076053.0,68410621.0,13:52:46
sh600671,天目药业,19.55,0.27,1.4,19.54,19.55,19.28,19.29,19.56,19.12,1734886.0,33598591.0,13:52:45
sh600673,东阳光,35.34,1.94,5.808,35.33,35.34,33.4,33.43,36.6,33.43,79372816.0,2795022048.0,13:52:45
sh600674,川投能源,14.59,-0.05,-0.342,14.58,14.59,14.64,14.62,14.8,14.55,13068175.0,191571085.0,13:52:45
sh600675,中华企业,2.65,-0.01,-0.376,2.65,2.66,2.66,2.65,2.68,2.63,15586893.0,41345358.0,13:52:46
sh600676,交运股份,8.23,0.67,8.862,8.21,8.22,7.56,7.59,8.3,7.51,25004510.0,199357897.0,13:52:45
sh600678,四川金顶,10.55,0.02,0.19,10.54,10.55,10.53,10.54,10.55,10.42,6426500.0,67382668.0,13:52:43
sh600679,上海凤凰,11.42,-0.03,-0.262,11.42,11.43,11.45,11.45,11.48,11.36,2417300.0,27557471.0,13:52:44
sh600681,百川能源,4.02,0.03,0.752,4.02,4.03,3.99,4.01,4.03,3.95,13621791.0,54412186.0,13:52:45
sh600682,南京新百,7.12,-0.08,-1.111,7.12,7.13,7.2,7.19,7.2,7.12,10277498.0,73365791.0,13:52:46
sh600683,京投发展,10.9,0.99,9.99,10.9,0.0,9.91,10.4,10.9,10.2,24081528.0,259397335.0,13:52:44
sh600684,珠江股份,4.64,0.05,1.089,4.64,4.65,4.59,4.58,4.65,4.57,9086104.0,41891050.0,13:52:44
sh600685,中船防务,29.27,0.03,0.103,29.26,29.27,29.24,29.31,29.59,29.04,11479357.0,336120412.0,13:52:45
sh600686,金龙汽车,15.87,-0.05,-0.314,15.86,15.87,15.92,15.95,16.01,15.8,12129100.0,192531925.0,13:52:44
sh600688,上海石化,2.85,-0.01,-0.35,2.84,2.85,2.86,2.86,2.87,2.84,21190475.0,60411092.0,13:52:44
sh600689,上海三毛,13.96,0.56,4.179,13.95,13.96,13.4,13.4,13.98,13.35,4840000.0,66403911.0,13:52:41
sh600690,海尔智家,21.06,0.01,0.048,21.05,21.06,21.05,21.06,21.28,21.04,31107066.0,657613834.0,13:52:45
sh600691,潞化科技,3.12,-0.01,-0.319,3.12,3.13,3.13,3.15,3.15,3.09,25192695.0,78596201.0,13:52:46
sh600692,亚通股份,7.53,0.23,3.151,7.52,7.53,7.3,7.32,7.61,7.27,10070456.0,74785555.0,13:52:44
sh600693,东百集团,11.59,0.12,1.046,11.58,11.59,11.47,11.34,11.62,11.2,38104965.0,435631163.0,13:52:45
sh600694,大商股份,17.06,0.02,0.117,17.05,17.06,17.04,17.03,17.08,16.93,927728.0,15777370.0,13:52:42
sh600696,*ST岩石,1.03,-0.05,-4.63,0.0,1.03,1.08,1.03,1.05,1.03,2775700.0,2860774.0,13:52:42
sh600697,欧亚集团,11.91,0.16,1.362,11.91,11.92,11.75,11.75,11.91,11.68,1853900.0,21858590.0,13:52:43
sh600698,湖南天雁,7.31,0.03,0.412,7.31,7.32,7.28,7.28,7.32,7.24,6252597.0,45530532.0,13:52:44
sh600699,均胜电子,25.85,0.3,1.174,25.84,25.85,25.55,26.1,26.44,25.73,24865484.0,645276477.0,13:52:43
sh600702,舍得酒业,46.98,0.74,1.6,46.97,46.98,46.24,46.0,48.15,46.0,7807698.0,367616811.0,13:52:45
sh600703,三安光电,12.07,-0.07,-0.577,12.06,12.07,12.14,12.09,12.14,11.9,111551521.0,1340805433.0,13:52:43
sh600704,物产中大,5.27,-0.02,-0.378,5.26,5.27,5.29,5.28,5.31,5.26,26280935.0,138754918.0,13:52:45
sh600706,曲江文旅,9.71,0.27,2.86,9.7,9.71,9.44,9.42,9.78,9.36,9517220.0,91269430.0,13:52:46
sh600707,彩虹股份,6.99,-0.2,-2.782,6.98,6.99,7.19,6.96,7.09,6.88,92878856.0,647481422.0,13:52:46
sh600708,光明地产,3.33,-0.01,-0.299,3.32,3.34,3.34,3.36,3.37,3.32,12326607.0,41128685.0,13:52:44
sh600710,苏美达,12.92,-0.13,-0.996,12.91,12.92,13.05,13.07,13.09,12.82,9324100.0,120521359.0,13:52:44
sh600711,盛屯矿业,14.24,-0.03,-0.21,14.24,14.25,14.27,14.25,14.35,14.11,74914969.0,1066229289.0,13:52:43
sh600712,南宁百货,6.0,0.07,1.18,5.99,6.0,5.93,5.91,6.0,5.88,3668402.0,21715940.0,13:52:44
sh600713,南京医药,6.19,-0.21,-3.281,6.18,6.19,6.4,6.16,6.27,6.01,81318868.0,496661048.0,13:52:43
sh600714,金瑞矿业,18.25,1.11,6.476,18.24,18.25,17.14,17.02,18.39,17.01,19623300.0,348512786.0,13:52:44
sh600715,文投控股,2.01,0.02,1.005,2.01,2.02,1.99,1.99,2.02,1.98,25711100.0,51486141.0,13:52:43
sh600716,凤凰股份,4.25,0.07,1.675,4.25,4.26,4.18,4.17,4.26,4.11,7190500.0,29956346.0,13:52:43
sh600717,天津港,4.47,-0.03,-0.667,4.46,4.47,4.5,4.5,4.5,4.45,12999533.0,58113056.0,13:52:45
sh600718,东软集团,9.09,0.01,0.11,9.09,9.1,9.08,9.1,9.14,9.04,10874600.0,98778571.0,13:52:44
sh600719,大连热电,7.18,0.52,7.808,7.18,7.19,6.66,6.66,7.24,6.57,22762665.0,159078574.0,13:52:45
sh600720,中交设计,7.01,0.05,0.718,7.0,7.01,6.96,6.98,7.03,6.95,4246864.0,29711174.0,13:52:46
sh600721,百花医药,9.07,-0.12,-1.306,9.06,9.07,9.19,9.16,9.16,9.02,16714408.0,151340521.0,13:52:44
sh600722,金牛化工,13.87,0.07,0.507,13.86,13.87,13.8,13.78,13.9,13.45,30683206.0,420923896.0,13:52:45
sh600724,宁波富达,6.68,-0.06,-0.89,6.68,6.69,6.74,6.74,6.8,6.65,6723704.0,45260587.0,13:52:40
sh600725,云维股份,4.18,0.04,0.966,4.17,4.18,4.14,4.15,4.2,4.09,12350890.0,51266257.0,13:52:43
sh600726,华电能源,4.62,-0.06,-1.282,4.61,4.62,4.68,4.71,4.71,4.5,128764762.0,593348040.0,13:52:45
sh600727,鲁北化工,6.96,0.06,0.87,6.95,6.96,6.9,6.9,6.98,6.9,6887380.0,47846578.0,13:52:45
sh600728,佳都科技,5.65,0.07,1.254,5.64,5.65,5.58,5.59,5.65,5.58,23139515.0,129721696.0,13:52:46
sh600729,重庆百货,22.41,0.12,0.538,22.4,22.41,22.29,22.2,22.44,22.15,1898500.0,42370680.0,13:52:44
sh600730,中国高科,8.81,0.08,0.916,8.8,8.81,8.73,8.74,9.05,8.67,11228578.0,99607781.0,13:52:44
sh600731,湖南海利,6.92,0.1,1.466,6.92,6.93,6.82,6.8,6.94,6.78,5977740.0,40975519.0,13:52:46
sh600732,爱旭股份,15.71,0.2,1.289,15.7,15.71,15.51,15.51,15.88,15.42,25049624.0,392740610.0,13:52:45
sh600733,北汽蓝谷,7.18,-0.01,-0.139,7.17,7.18,7.19,7.21,7.25,7.17,31648659.0,227841885.0,13:52:44
sh600734,实达集团,3.77,0.08,2.168,3.76,3.77,3.69,3.68,3.77,3.65,38876185.0,144696466.0,13:52:45
sh600735,ST新华锦,6.73,0.0,0.0,0.0,0.0,6.73,0.0,0.0,0.0,0.0,0.0,13:52:32
sh600736,苏州高新,6.19,0.08,1.309,6.18,6.19,6.11,6.12,6.19,6.06,8683733.0,53165807.0,13:52:44
sh600737,中粮糖业,14.43,0.39,2.778,14.42,14.43,14.04,14.06,14.76,13.86,23225809.0,332048966.0,13:52:44
sh600738,丽尚国潮,4.86,0.07,1.461,4.85,4.86,4.79,4.81,4.86,4.78,7133601.0,34366568.0,13:52:43
sh600739,辽宁成大,11.67,-0.01,-0.086,11.67,11.68,11.68,11.69,11.78,11.66,5551786.0,65032049.0,13:52:46
sh600740,山西焦化,4.22,0.02,0.476,4.21,4.22,4.2,4.19,4.25,4.17,18934621.0,79878235.0,13:52:45
sh600741,华域汽车,20.63,0.15,0.732,20.62,20.63,20.48,20.5,20.76,20.47,14981315.0,309537266.0,13:52:43
sh600742,富维股份,10.18,0.08,0.792,10.17,10.18,10.1,10.04,10.19,10.04,4932782.0,50046279.0,13:52:44
sh600743,华远控股,2.71,-0.18,-6.228,2.7,2.71,2.89,2.85,2.95,2.62,321036826.0,876454266.0,13:52:45
sh600744,华银电力,7.42,-0.13,-1.722,7.42,7.43,7.55,7.55,7.55,7.27,72731470.0,538852906.0,13:52:45
sh600745,闻泰科技,31.06,-0.06,-0.193,31.05,31.06,31.12,31.13,31.23,30.88,12744198.0,395803166.0,13:52:45
sh600746,江苏索普,9.72,0.09,0.935,9.72,9.73,9.63,9.66,9.78,9.54,11178518.0,107817263.0,13:52:43
sh600748,上实发展,5.35,-0.06,-1.109,5.35,5.36,5.41,5.5,5.54,5.35,19462192.0,105939485.0,13:52:45
sh600749,西藏旅游,19.93,1.81,9.989,19.93,0.0,18.12,17.95,19.93,17.9,38057964.0,727375311.0,13:52:43
sh600750,华润江中,27.23,0.43,1.604,27.22,27.23,26.8,26.9,27.65,26.62,4800954.0,129968592.0,13:52:43
sh600751,海航科技,3.76,0.0,0.0,3.75,3.76,3.76,3.76,3.77,3.7,19437541.0,72596395.0,13:52:42
sh600753,*ST海钦,12.01,-0.05,-0.415,12.01,12.02,12.06,12.06,12.12,12.0,1314301.0,15823095.0,13:52:41
sh600754,锦江酒店,27.93,0.75,2.759,27.93,27.94,27.18,27.05,28.14,26.66,14291411.0,391750474.0,13:52:42
sh600755,厦门国贸,6.35,0.0,0.0,6.35,6.36,6.35,6.35,6.37,6.33,6705046.0,42571089.0,13:52:39
sh600756,浪潮软件,16.8,0.2,1.205,16.79,16.8,16.6,16.64,16.95,16.56,7498200.0,125506415.0,13:52:43
sh600757,长江传媒,8.75,-0.33,-3.634,8.74,8.75,9.08,8.88,8.88,8.66,16341720.0,142888525.0,13:52:43
sh600758,辽宁能源,3.84,-0.04,-1.031,3.84,3.85,3.88,3.87,3.88,3.82,37255036.0,143395025.0,13:52:43
sh600759,洲际油气,5.24,-0.07,-1.318,5.23,5.24,5.31,5.25,5.26,5.16,177363975.0,925359550.0,13:52:44
sh600760,中航沈飞,50.22,-0.44,-0.869,50.22,50.23,50.66,50.66,50.94,50.1,12279663.0,618825191.0,13:52:43
sh600761,安徽合力,17.52,0.03,0.172,17.51,17.52,17.49,17.59,17.74,17.42,6941534.0,121996925.0,13:52:42
sh600763,通策医疗,41.53,0.16,0.387,41.53,41.54,41.37,41.35,41.71,41.09,4111699.0,170307961.0,13:52:43
sh600764,中国海防,24.16,-0.04,-0.165,24.15,24.17,24.2,24.23,24.32,24.11,2933092.0,70991666.0,13:52:41
sh600765,中航重机,16.63,-0.1,-0.598,16.62,16.63,16.73,16.69,16.8,16.61,11995554.0,200051898.0,13:52:42
sh600768,宁波富邦,17.52,1.59,9.981,17.52,0.0,15.93,16.7,17.52,16.7,10707239.0,185308592.0,13:52:44
sh600769,祥龙电业,14.85,-0.31,-2.045,14.84,14.85,15.16,14.96,15.01,14.63,12068000.0,178970205.0,13:52:44
sh600770,综艺股份,5.64,0.02,0.356,5.63,5.64,5.62,5.67,5.67,5.59,15066839.0,84791202.0,13:52:43
sh600771,广誉远,17.3,-0.02,-0.115,17.29,17.3,17.32,17.32,17.38,17.2,2474630.0,42728061.0,13:52:41
sh600773,西藏城投,21.07,0.71,3.487,21.05,21.07,20.36,20.65,21.49,20.52,37742437.0,794878831.0,13:52:42
sh600774,汉商集团,8.91,0.08,0.906,8.91,8.92,8.83,8.83,8.92,8.68,1990550.0,17488886.0,13:52:30
sh600775,南京熊猫,13.48,0.09,0.672,13.47,13.48,13.39,13.37,13.49,13.32,10113900.0,135695643.0,13:52:42
sh600776,东方通信,15.58,0.22,1.432,15.57,15.58,15.36,15.35,15.62,15.3,11236521.0,173825036.0,13:52:43
sh600777,*ST新潮,5.82,0.0,0.0,5.82,5.83,5.82,5.8,5.93,5.8,22621248.0,132464738.0,13:52:43
sh600778,友好集团,6.43,0.13,2.063,6.43,6.44,6.3,6.3,6.43,6.26,4011901.0,25470966.0,13:52:44
sh600779,水井坊,32.98,-0.01,-0.03,32.98,32.99,32.99,32.72,33.24,32.72,1522183.0,50218888.0,13:52:44
sh600780,通宝能源,6.47,0.05,0.779,6.46,6.47,6.42,6.41,6.49,6.38,12198600.0,78642847.0,13:52:43
sh600782,新钢股份,3.54,0.01,0.283,3.54,3.55,3.53,3.52,3.57,3.51,25172266.0,89195645.0,13:52:42
sh600783,鲁信创投,20.74,0.06,0.29,20.73,20.74,20.68,20.66,20.89,20.53,7759000.0,160426195.0,13:52:42
sh600784,鲁银投资,7.35,0.15,2.083,7.34,7.35,7.2,7.16,7.55,7.15,15761267.0,116088190.0,13:52:44
sh600785,新华百货,18.06,0.34,1.919,18.05,18.06,17.72,17.68,18.58,17.42,9557828.0,172307895.0,13:52:42
sh600787,中储股份,5.36,-0.03,-0.557,5.35,5.36,5.39,5.38,5.41,5.34,13540232.0,72692065.0,13:52:44
sh600789,鲁抗医药,8.37,-0.11,-1.297,8.36,8.37,8.48,8.42,8.45,8.34,12892405.0,107993423.0,13:52:42
sh600790,轻纺城,3.69,0.01,0.272,3.69,3.7,3.68,3.69,3.71,3.67,3908401.0,14434925.0,13:52:37
sh600791,京能置业,11.97,0.1,0.842,11.97,11.98,11.87,11.86,12.1,11.53,14803600.0,175346230.0,13:52:37
sh600792,云煤能源,4.0,-0.01,-0.249,4.0,4.01,4.01,4.0,4.01,3.95,13831968.0,55134520.0,13:52:39
sh600793,宜宾纸业,18.66,0.29,1.579,18.65,18.66,18.37,18.42,18.72,18.28,1756740.0,32618154.0,13:52:43
sh600794,保税科技,3.63,0.0,0.0,3.63,3.64,3.63,3.63,3.64,3.61,6776304.0,24533724.0,13:52:42
sh600795,国电电力,4.83,-0.05,-1.025,4.82,4.83,4.88,4.88,4.9,4.81,114934701.0,555814167.0,13:52:43
sh600796,钱江生化,6.45,0.16,2.544,6.44,6.45,6.29,6.25,6.45,6.25,5880401.0,37356249.0,13:52:43
sh600797,浙大网新,9.42,0.27,2.951,9.42,9.43,9.15,9.22,9.48,9.15,32140070.0,300140624.0,13:52:43
sh600798,宁波海运,3.65,0.02,0.551,3.64,3.65,3.63,3.63,3.65,3.6,10615063.0,38434339.0,13:52:43
sh600800,渤海化学,4.49,-0.04,-0.883,4.49,4.5,4.53,4.53,4.55,4.43,22529101.0,101111795.0,13:52:43
sh600801,华新建材,23.1,0.3,1.316,23.08,23.09,22.8,22.82,23.25,22.58,6348736.0,146357465.0,13:52:41
sh600802,福建水泥,5.67,0.05,0.89,5.66,5.67,5.62,5.6,5.67,5.55,5303920.0,29769249.0,13:52:43
sh600803,新奥股份,20.91,0.14,0.674,20.91,20.92,20.77,20.75,20.93,20.61,4833305.0,100366241.0,13:52:42
sh600805,悦达投资,5.27,0.02,0.381,5.26,5.27,5.25,5.27,5.27,5.22,6826848.0,35769752.0,13:52:43
sh600807,济高发展,2.97,0.03,1.02,2.97,2.98,2.94,2.94,2.98,2.9,14429100.0,42538879.0,13:52:44
sh600808,马钢股份,3.94,0.03,0.767,3.93,3.94,3.91,3.91,4.0,3.9,29630001.0,117139617.0,13:52:43
sh600809,山西汾酒,141.25,2.2,1.582,141.25,141.26,139.05,138.6,142.26,138.21,5174742.0,727412280.0,13:52:41
sh600810,神马股份,8.55,-0.09,-1.042,8.55,8.56,8.64,8.58,8.67,8.52,11267930.0,96761188.0,13:52:41
sh600812,华北制药,5.58,-0.08,-1.413,5.57,5.58,5.66,5.65,5.66,5.54,19360000.0,108054306.0,13:52:43
sh600814,杭州解百,7.67,0.08,1.054,7.66,7.67,7.59,7.59,7.68,7.57,5458001.0,41558491.0,13:52:44
sh600815,厦工股份,4.08,-0.02,-0.488,4.08,4.09,4.1,4.12,4.15,4.03,54882023.0,223539127.0,13:52:44
sh600816,建元信托,2.55,0.0,0.0,2.55,2.56,2.55,2.55,2.57,2.54,19069040.0,48711663.0,13:52:38
sh600817,宇通重工,12.46,0.04,0.322,12.45,12.46,12.42,12.44,12.65,12.42,3457600.0,43322352.0,13:52:31
sh600818,中路股份,8.58,0.18,2.143,8.58,8.59,8.4,8.39,8.58,8.38,2871200.0,24336481.0,13:52:42
sh600819,耀皮玻璃,7.06,0.08,1.146,7.06,7.07,6.98,6.98,7.08,6.87,4550703.0,31887068.0,13:52:44
sh600820,隧道股份,6.14,0.0,0.0,6.13,6.14,6.14,6.14,6.16,6.11,7132476.0,43730524.0,13:52:43
sh600821,金开新能,8.94,0.1,1.131,8.94,8.95,8.84,8.76,9.09,8.41,297359868.0,2626846468.0,13:52:41
sh600822,上海物贸,10.16,-0.13,-1.263,10.15,10.16,10.29,10.29,10.35,10.1,3998100.0,40839169.0,13:52:41
sh600824,益民集团,4.02,0.04,1.005,4.02,4.03,3.98,3.98,4.03,3.95,7099744.0,28326571.0,13:52:44
sh600825,新华传媒,5.93,0.0,0.0,5.92,5.93,5.93,5.97,5.97,5.88,6628600.0,39240910.0,13:52:43
sh600826,兰生股份,9.56,0.07,0.738,9.55,9.56,9.49,9.48,9.56,9.44,2541700.0,24158619.0,13:52:40
sh600827,百联股份,8.37,-0.14,-1.645,8.37,8.38,8.51,8.5,8.53,8.36,8475874.0,71368406.0,13:52:44
sh600828,茂业商业,5.24,0.08,1.55,5.23,5.24,5.16,5.15,5.24,5.13,8404202.0,43540252.0,13:52:44
sh600829,人民同泰,9.91,-0.39,-3.786,9.91,9.92,10.3,10.03,10.1,9.83,13702001.0,136028601.0,13:52:44
sh600830,香溢融通,8.87,0.13,1.487,8.86,8.87,8.74,8.79,8.87,8.75,3246875.0,28603698.0,13:52:39
sh600831,广电网络,3.57,0.01,0.281,3.56,3.57,3.56,3.55,3.58,3.52,9533100.0,33842944.0,13:52:38
sh600833,第一医药,11.65,0.04,0.345,11.65,11.66,11.61,11.59,11.65,11.39,2363500.0,27142634.0,13:52:43
sh600834,申通地铁,8.34,0.09,1.091,8.33,8.34,8.25,8.28,8.34,8.23,1420000.0,11773448.0,13:52:38
sh600835,上海机电,22.78,0.15,0.663,22.76,22.77,22.63,22.65,23.07,22.48,5764213.0,130938567.0,13:52:43
sh600838,上海九百,10.13,0.15,1.503,10.12,10.13,9.98,9.96,10.13,9.88,4744600.0,47553172.0,13:52:42
sh600839,四川长虹,9.16,-0.19,-2.032,9.15,9.16,9.35,9.2,9.26,9.05,166694711.0,1522764598.0,13:52:42
sh600841,动力新科,9.59,0.48,5.269,9.58,9.59,9.11,9.15,9.71,8.98,33952600.0,318104180.0,13:52:43
sh600843,上工申贝,9.58,0.17,1.807,9.57,9.58,9.41,9.4,9.63,9.38,5565093.0,52881284.0,13:52:40
sh600844,金煤科技,3.53,-0.08,-2.216,3.52,3.53,3.61,3.61,3.62,3.47,42259200.0,149075736.0,13:52:42
sh600845,宝信软件,23.43,0.98,4.365,23.42,23.43,22.45,22.58,23.5,22.5,25235557.0,581705771.0,13:52:43
sh600846,同济科技,12.22,0.07,0.576,12.22,12.23,12.15,12.11,12.25,12.05,906800.0,11011384.0,13:52:37
sh600847,万里股份,14.42,1.12,8.421,14.38,14.41,13.3,13.41,14.46,13.23,3357800.0,46457918.0,13:52:44
sh600848,上海临港,9.38,-0.06,-0.636,9.38,9.39,9.44,9.43,9.56,9.35,14177983.0,133643262.0,13:52:43
sh600850,电科数字,20.56,0.4,1.984,20.55,20.56,20.16,20.13,20.67,20.13,8388685.0,171386342.0,13:52:38
sh600851,海欣股份,8.39,-0.07,-0.827,8.39,8.4,8.46,8.38,8.42,8.27,10573900.0,88130323.0,13:52:41
sh600853,龙建股份,3.98,0.02,0.505,3.98,3.99,3.96,3.96,3.99,3.93,5661294.0,22440432.0,13:52:41
sh600854,春兰股份,5.11,0.07,1.389,5.1,5.11,5.04,5.05,5.11,5.03,6321100.0,31997163.0,13:52:37
sh600855,航天长峰,19.68,-0.26,-1.304,19.68,19.7,19.94,19.66,19.89,19.5,32684630.0,642794027.0,13:52:43
sh600857,宁波中百,12.07,0.23,1.943,12.06,12.07,11.84,11.83,12.08,11.76,1941300.0,23146448.0,13:52:40
sh600858,银座股份,5.72,0.1,1.779,5.71,5.72,5.62,5.65,5.72,5.59,3982700.0,22517033.0,13:52:42
sh600859,王府井,12.28,0.0,0.0,12.28,12.29,12.28,12.27,12.33,12.25,6943543.0,85306830.0,13:52:42
sh600860,京城股份,11.81,-0.04,-0.338,11.8,11.81,11.85,11.88,11.93,11.71,9660400.0,114342360.0,13:52:42
sh600861,北京人力,16.31,0.25,1.557,16.31,16.32,16.06,16.09,16.33,16.07,2412000.0,39126221.0,13:52:42
sh600862,中航高科,21.66,-0.3,-1.366,21.66,21.67,21.96,21.96,22.04,21.66,14097385.0,307139965.0,13:52:43
sh600863,华能蒙电,4.66,-0.07,-1.48,4.65,4.66,4.73,4.71,4.73,4.65,40701869.0,190488808.0,13:52:43
sh600864,哈投股份,7.21,0.0,0.0,7.2,7.21,7.21,7.25,7.34,7.17,82657931.0,599155905.0,13:52:42
sh600865,百大集团,11.43,0.09,0.794,11.42,11.43,11.34,11.32,11.44,11.15,3990400.0,45079759.0,13:52:43
sh600866,星湖科技,7.0,0.08,1.156,6.99,7.0,6.92,6.92,7.0,6.88,12464800.0,86470491.0,13:52:42
sh600867,通化东宝,10.2,-0.29,-2.765,10.19,10.2,10.49,10.3,10.46,10.12,77701584.0,793371409.0,13:52:40
sh600868,梅雁吉祥,3.44,-0.03,-0.865,3.44,3.45,3.47,3.45,3.46,3.41,41511184.0,142419224.0,13:52:42
sh600869,远东股份,14.31,-1.07,-6.957,14.3,14.31,15.38,14.7,14.7,13.94,95211982.0,1367109875.0,13:52:43
sh600871,石化油服,2.69,-0.02,-0.738,2.68,2.69,2.71,2.68,2.7,2.65,88978064.0,238136503.0,13:52:42
sh600872,中炬高新,19.8,0.23,1.175,19.79,19.8,19.57,19.57,19.82,19.57,6550161.0,129213357.0,13:52:41
sh600873,梅花生物,10.8,0.03,0.279,10.8,10.81,10.77,10.77,10.86,10.77,18003979.0,194643144.0,13:52:43
sh600874,创业环保,6.12,0.02,0.328,6.12,6.13,6.1,6.12,6.13,6.07,5312412.0,32402843.0,13:52:41
sh600875,东方电气,42.04,3.82,9.995,42.04,0.0,38.22,38.87,42.04,38.87,148397861.0,6106751769.0,13:52:40
sh600876,凯盛新能,9.6,0.04,0.418,9.6,9.61,9.56,9.57,9.71,9.44,5690822.0,54477210.0,13:52:43
sh600877,电科芯片,17.1,0.61,3.699,17.1,17.11,16.49,16.4,17.15,16.4,26289937.0,444690034.0,13:52:43
sh600879,航天电子,22.94,-0.26,-1.121,22.93,22.94,23.2,23.21,23.5,22.63,123810665.0,2847628443.0,13:52:41
sh600880,博瑞传播,5.06,-0.09,-1.748,5.06,5.07,5.15,5.15,5.18,5.03,39156680.0,199051557.0,13:52:42
sh600881,亚泰集团,1.59,0.0,0.0,1.58,1.59,1.59,1.58,1.6,1.58,13125200.0,20790071.0,13:52:42
sh600882,妙可蓝多,19.06,-0.17,-0.884,19.05,19.06,19.23,19.22,19.27,18.91,4154300.0,79149591.0,13:52:42
sh600883,博闻科技,8.08,0.29,3.723,8.08,8.09,7.79,7.82,8.1,7.76,2989300.0,23666289.0,13:52:43
sh600884,杉杉股份,14.66,-0.58,-3.806,14.66,14.67,15.24,15.09,15.18,14.14,148744596.0,2184687140.0,13:52:43
sh600885,宏发股份,27.39,0.06,0.22,27.39,27.42,27.33,27.48,27.71,27.27,11622537.0,319429652.0,13:52:43
sh600886,国投电力,13.31,-0.07,-0.523,13.3,13.31,13.38,13.39,13.52,13.28,15305840.0,204532254.0,13:52:41
sh600887,伊利股份,25.58,-0.11,-0.428,25.57,25.58,25.69,25.7,25.73,25.56,34431708.0,881683002.0,13:52:40
sh600888,新疆众和,8.61,0.21,2.5,8.6,8.61,8.4,8.43,8.64,8.43,22090452.0,189736139.0,13:52:42
sh600889,南京化纤,14.81,0.01,0.068,14.81,14.82,14.8,14.9,14.97,14.67,2162300.0,31919529.0,13:52:41
sh600892,*ST大晟,3.66,0.06,1.667,3.66,3.67,3.6,3.6,3.68,3.6,4378100.0,15974767.0,13:52:40
sh600893,航发动力,49.94,-1.21,-2.366,49.94,49.95,51.15,51.25,51.5,49.55,26491545.0,1326802502.0,13:52:43
sh600894,广日股份,9.89,0.02,0.203,9.89,9.9,9.87,9.89,10.03,9.8,6321310.0,62542445.0,13:52:40
sh600895,张江高科,36.53,0.17,0.468,36.53,36.54,36.36,36.36,36.58,36.21,10926853.0,397459907.0,13:52:41
sh600897,厦门空港,16.37,-0.07,-0.426,16.36,16.37,16.44,16.44,16.46,16.3,2062439.0,33739853.0,13:52:43
sh600900,长江电力,26.56,0.01,0.038,26.55,26.56,26.55,26.56,26.7,26.52,50013705.0,1329673144.0,13:52:41
sh600901,江苏金租,6.85,-0.06,-0.868,6.84,6.85,6.91,6.93,6.94,6.76,32568220.0,222923780.0,13:52:40
sh600903,贵州燃气,6.25,0.0,0.0,6.24,6.25,6.25,6.24,6.26,6.22,3226320.0,20115637.0,13:52:43
sh600905,三峡能源,4.1,-0.01,-0.243,4.1,4.11,4.11,4.11,4.12,4.09,76701300.0,314737355.0,13:52:42
sh600906,财达证券,6.46,0.02,0.311,6.45,6.46,6.44,6.45,6.49,6.4,9755221.0,63011064.0,13:52:39
sh600908,无锡银行,5.67,-0.02,-0.351,5.66,5.67,5.69,5.67,5.72,5.66,7487833.0,42551095.0,13:52:40
sh600909,华安证券,5.73,0.01,0.175,5.73,5.74,5.72,5.74,5.8,5.72,39385012.0,226598515.0,13:52:41
sh600916,中国黄金,9.15,0.06,0.66,9.15,9.16,9.09,9.09,9.16,9.06,15182900.0,138263359.0,13:52:42
sh600917,重庆燃气,5.37,-0.01,-0.186,5.37,5.38,5.38,5.37,5.39,5.35,2861016.0,15345450.0,13:52:42
sh600918,中泰证券,6.08,0.0,0.0,6.08,6.09,6.08,6.08,6.11,6.06,13097969.0,79724945.0,13:52:43
sh600919,江苏银行,10.86,-0.09,-0.822,10.86,10.87,10.95,10.93,11.01,10.84,54534774.0,596415796.0,13:52:42
sh600925,苏能股份,4.56,0.01,0.22,4.55,4.56,4.55,4.55,4.57,4.54,3470400.0,15816762.0,13:52:39
sh600926,杭州银行,17.06,-0.22,-1.273,17.06,17.07,17.28,17.28,17.35,17.03,19525484.0,335576562.0,13:52:42
sh600927,永安期货,14.43,0.14,0.98,14.43,14.44,14.29,14.29,14.55,14.25,4772100.0,68925411.0,13:52:40
sh600928,西安银行,3.61,-0.04,-1.096,3.61,3.62,3.65,3.65,3.67,3.61,10834983.0,39347908.0,13:52:43
sh600929,雪天盐业,6.76,-0.19,-2.734,6.75,6.76,6.95,6.94,6.95,6.7,39439653.0,268527269.0,13:52:41
sh600930,华电新能,6.01,-0.02,-0.332,6.01,6.02,6.03,6.04,6.05,6.01,62505799.0,376172754.0,13:52:42
sh600933,爱柯迪,17.35,0.06,0.347,17.34,17.35,17.29,17.46,17.54,17.23,8461882.0,146766737.0,13:52:40
sh600935,华塑股份,2.59,-0.06,-2.264,2.59,2.6,2.65,2.64,2.65,2.58,35509300.0,92494970.0,13:52:42
sh600936,北投科技,4.16,0.06,1.463,4.15,4.16,4.1,4.1,4.18,4.09,11731000.0,48501201.0,13:52:40
sh600938,中国海油,36.89,0.0,0.0,36.89,36.9,36.89,36.55,37.19,36.45,41235594.0,1515856980.0,13:52:41
sh600939,重庆建工,2.91,0.01,0.345,2.9,2.91,2.9,2.9,2.92,2.89,5518900.0,16026082.0,13:52:38
sh600941,中国移动,93.66,-0.05,-0.053,93.65,93.66,93.71,93.69,93.97,93.61,3973253.0,372687835.0,13:52:42
sh600955,维远股份,18.35,-0.36,-1.924,18.35,18.36,18.71,18.66,18.69,18.22,6446000.0,119049785.0,13:52:41
sh600956,新天绿能,8.09,-0.06,-0.736,8.09,8.1,8.15,8.13,8.16,8.06,8032300.0,65094831.0,13:52:41
sh600958,东方证券,9.28,0.0,0.0,9.27,9.28,9.28,9.32,9.37,9.27,34365196.0,320017507.0,13:52:41
sh600959,江苏有线,4.09,-0.01,-0.244,4.09,4.1,4.1,4.12,4.14,4.06,70081642.0,286942702.0,13:52:40
sh600960,渤海汽车,5.23,0.08,1.553,5.23,5.24,5.15,5.15,5.25,5.15,7559300.0,39394372.0,13:52:42
sh600961,株冶集团,20.08,1.83,10.027,20.08,0.0,18.25,18.55,20.08,18.55,26173064.0,517215097.0,13:52:41
sh600962,国投中鲁,18.82,0.21,1.128,18.82,18.83,18.61,18.61,18.84,18.43,1355900.0,25274988.0,13:52:43
sh600963,岳阳林纸,4.8,0.05,1.053,4.8,4.81,4.75,4.77,4.83,4.74,15611300.0,74741645.0,13:52:40
sh600965,福成股份,5.56,0.0,0.0,5.56,5.57,5.56,5.59,5.59,5.51,4040801.0,22390397.0,13:52:41
sh600966,博汇纸业,6.49,0.1,1.565,6.49,6.5,6.39,6.39,6.5,6.37,8700880.0,55986063.0,13:52:42
sh600967,内蒙一机,14.71,-0.05,-0.339,14.71,14.72,14.76,14.71,14.79,14.68,8918350.0,131207150.0,13:52:41
sh600968,海油发展,4.28,-0.03,-0.696,4.27,4.28,4.31,4.3,4.31,4.27,35521100.0,152203786.0,13:52:41
sh600969,郴电国际,9.84,-0.13,-1.304,9.84,9.85,9.97,9.97,10.02,9.79,5682960.0,56125565.0,13:52:41
sh600970,中材国际,10.5,-0.07,-0.662,10.5,10.51,10.57,10.51,10.65,10.44,15635718.0,164469186.0,13:52:37
sh600971,恒源煤电,7.25,-0.08,-1.091,7.25,7.26,7.33,7.33,7.37,7.22,5358035.0,39019381.0,13:52:42
sh600973,宝胜股份,7.26,-0.1,-1.359,7.25,7.26,7.36,7.38,7.39,7.21,30970822.0,225348093.0,13:52:40
sh600975,新五丰,5.73,-0.05,-0.865,5.73,5.74,5.78,5.78,5.81,5.7,10202349.0,58468371.0,13:52:42
sh600976,健民集团,33.61,-0.32,-0.943,33.58,33.61,33.93,33.8,34.06,33.31,1730500.0,57933690.0,13:52:31
sh600977,中国电影,14.21,0.17,1.211,14.2,14.21,14.04,14.14,14.33,14.04,31971190.0,453198088.0,13:52:33
sh600979,广安爱众,4.42,0.02,0.455,4.41,4.42,4.4,4.38,4.43,4.34,20180620.0,88643228.0,13:52:32
sh600980,北矿科技,22.65,0.33,1.478,22.64,22.65,22.32,22.39,22.69,22.24,1760500.0,39606226.0,13:52:33
sh600981,苏豪汇鸿,2.95,0.0,0.0,2.94,2.95,2.95,2.95,2.96,2.92,11804000.0,34704785.0,13:52:33
sh600982,宁波能源,5.68,0.03,0.531,5.67,5.68,5.65,5.69,5.79,5.54,49345101.0,279708650.0,13:52:33
sh600983,惠而浦,10.76,-0.02,-0.186,10.75,10.76,10.78,10.72,10.88,10.69,5971900.0,64368277.0,13:52:35
sh600984,建设机械,4.24,0.03,0.713,4.24,4.25,4.21,4.23,4.31,4.2,14697100.0,62485536.0,13:52:33
sh600985,淮北矿业,13.68,-0.05,-0.364,13.67,13.68,13.73,13.7,13.89,13.64,12074492.0,166303293.0,13:52:33
sh600986,浙文互联,10.96,0.74,7.241,10.95,10.96,10.22,10.33,11.24,10.33,251765957.0,2736937621.0,13:52:32
sh600987,航民股份,7.52,-0.07,-0.922,7.51,7.52,7.59,7.54,7.6,7.5,4470124.0,33676564.0,13:52:34
sh600988,赤峰黄金,43.71,0.41,0.947,43.7,43.71,43.3,43.8,44.11,42.6,27801276.0,1202721587.0,13:52:34
sh600989,宝丰能源,28.15,-0.28,-0.985,28.14,28.15,28.43,28.18,28.49,28.04,54442667.0,1536713150.0,13:52:34
sh600990,四创电子,24.03,0.28,1.179,24.02,24.04,23.75,23.86,24.23,23.51,3174606.0,75486017.0,13:52:33
sh600992,贵绳股份,12.08,0.15,1.257,12.08,12.09,11.93,11.93,12.09,11.88,2605900.0,31224380.0,13:52:33
sh600993,马应龙,25.12,-0.22,-0.868,25.11,25.12,25.34,25.34,25.35,25.04,3041359.0,76451980.0,13:52:29
sh600995,南网储能,14.14,-0.01,-0.071,14.13,14.14,14.15,14.25,14.3,14.03,18375461.0,260733786.0,13:52:34
sh600996,贵广网络,9.31,0.17,1.86,9.3,9.31,9.14,9.13,9.58,9.11,38724845.0,362340246.0,13:52:34
sh600997,开滦股份,5.71,0.0,0.0,5.7,5.71,5.71,5.72,5.75,5.7,4961418.0,28359902.0,13:52:34
sh600998,九州通,5.32,-0.08,-1.481,5.31,5.32,5.4,5.38,5.43,5.29,29546771.0,157704087.0,13:52:33
sh600999,招商证券,15.83,-0.02,-0.126,15.83,15.84,15.85,15.92,15.97,15.82,22986172.0,365347425.0,13:52:32
sh601000,唐山港,4.81,0.01,0.208,4.8,4.81,4.8,4.8,4.83,4.75,23475366.0,112560397.0,13:52:32
sh601001,晋控煤业,16.98,0.17,1.011,16.97,16.98,16.81,17.0,17.29,16.66,15043793.0,256813902.0,13:52:33
sh601002,晋亿实业,6.03,0.04,0.668,6.02,6.03,5.99,5.99,6.03,5.86,29852003.0,178039073.0,13:52:35
sh601003,柳钢股份,4.6,0.03,0.656,4.6,4.61,4.57,4.56,4.64,4.54,12742584.0,58667645.0,13:52:32
sh601005,重庆钢铁,1.41,0.01,0.714,1.41,1.42,1.4,1.4,1.42,1.4,38444900.0,54179329.0,13:52:32
sh601006,大秦铁路,5.28,0.05,0.956,5.28,5.29,5.23,5.22,5.31,5.21,118366531.0,624722133.0,13:52:33
sh601007,金陵饭店,8.3,0.21,2.596,8.29,8.3,8.09,8.09,8.34,8.05,15361400.0,125915282.0,13:52:33
sh601008,连云港,4.84,0.02,0.415,4.83,4.84,4.82,4.82,4.84,4.81,4079268.0,19677437.0,13:52:32
sh601009,南京银行,11.11,-0.08,-0.715,11.1,11.11,11.19,11.17,11.27,11.09,25119894.0,280784126.0,13:52:33
sh601010,文峰股份,2.36,0.01,0.426,2.35,2.36,2.35,2.35,2.36,2.31,25961849.0,60512426.0,13:52:34
sh601011,宝泰隆,3.21,0.0,0.0,3.2,3.21,3.21,3.2,3.23,3.19,17054437.0,54751336.0,13:52:34
sh601012,隆基绿能,17.47,0.09,0.518,17.46,17.47,17.38,17.45,17.54,17.35,67285609.0,1174693406.0,13:52:33
sh601015,陕西黑猫,4.0,-0.01,-0.249,3.99,4.0,4.01,3.98,4.0,3.95,29536890.0,117436961.0,13:52:33
sh601016,节能风电,4.05,0.04,0.998,4.04,4.05,4.01,4.01,4.08,3.97,181327648.0,733642288.0,13:52:32
sh601018,宁波港,3.88,-0.03,-0.767,3.87,3.88,3.91,3.9,3.91,3.84,26168800.0,101233940.0,13:52:34
sh601019,山东出版,7.69,-0.06,-0.774,7.69,7.7,7.75,7.74,7.76,7.69,14799198.0,114071977.0,13:52:34
sh601020,华钰矿业,29.29,0.45,1.56,29.28,29.29,28.84,28.79,29.57,28.34,24452086.0,707278775.0,13:52:34
sh601021,春秋航空,47.93,0.18,0.377,47.89,47.93,47.75,47.99,48.49,47.65,4406860.0,211382338.0,13:52:34
sh601022,宁波远洋,8.77,0.02,0.229,8.77,8.78,8.75,8.81,8.81,8.75,4548900.0,39924029.0,13:52:22
sh601026,道生天合,18.81,-0.09,-0.476,18.8,18.81,18.9,18.8,18.89,18.65,2144520.0,40233496.0,13:52:34
sh601033,永兴股份,14.89,-0.02,-0.134,14.9,14.91,14.91,14.92,14.94,14.79,1987000.0,29511674.0,13:52:27
sh601038,一拖股份,12.88,0.05,0.39,12.88,12.89,12.83,12.74,12.96,12.72,5378401.0,69079238.0,13:52:34
sh601058,赛轮轮胎,13.92,0.12,0.87,13.91,13.92,13.8,13.89,14.16,13.79,30758536.0,428899817.0,13:52:31
sh601059,信达证券,16.9,0.0,0.0,16.9,16.91,16.9,17.08,17.08,16.9,4487260.0,76180264.0,13:52:33
sh601061,中信金属,12.63,0.4,3.271,12.62,12.63,12.23,12.26,12.66,12.26,13580219.0,169272298.0,13:52:32
sh601065,江盐集团,8.39,0.03,0.359,8.39,8.4,8.36,8.36,8.43,8.36,2312301.0,19411165.0,13:52:31
sh601066,中信建投,21.87,0.03,0.137,21.86,21.87,21.84,21.89,22.05,21.86,6357971.0,139510045.0,13:52:30
sh601068,中铝国际,6.26,0.06,0.968,6.25,6.26,6.2,6.22,6.29,6.19,10316600.0,64464885.0,13:52:32
sh601069,西部黄金,33.88,0.27,0.803,33.88,33.89,33.61,33.55,34.39,33.24,17315597.0,584475976.0,13:52:34
sh601077,渝农商行,7.18,-0.04,-0.554,7.18,7.19,7.22,7.21,7.25,7.16,26321960.0,189418706.0,13:52:35
sh601083,锦江航运,12.68,-0.22,-1.705,12.68,12.69,12.9,12.9,12.91,12.66,7536100.0,95860476.0,13:52:30
sh601086,国芳集团,8.97,0.09,1.014,8.96,8.97,8.88,8.88,8.97,8.8,4277581.0,38008137.0,13:52:34
sh601088,中国神华,45.42,-0.41,-0.895,45.41,45.42,45.83,45.82,46.07,45.4,18580737.0,849358190.0,13:52:33
sh601089,福元医药,23.24,0.04,0.172,23.24,23.25,23.2,22.95,23.39,22.78,2089500.0,48429801.0,13:52:32
sh601096,宏盛华源,5.55,0.0,0.0,5.54,5.55,5.55,5.55,5.57,5.44,22095718.0,122018859.0,13:52:34
sh601098,中南传媒,11.05,-0.04,-0.361,11.04,11.05,11.09,11.09,11.15,11.02,3868900.0,42863291.0,13:52:34
sh601099,太平洋,3.83,0.02,0.525,3.82,3.83,3.81,3.83,3.85,3.81,61498375.0,235551476.0,13:52:33
sh601100,恒立液压,106.39,2.49,2.397,106.33,106.39,103.9,104.5,110.2,104.5,9775149.0,1058377973.0,13:52:33
sh601101,昊华能源,8.31,0.08,0.972,8.3,8.31,8.23,8.23,8.33,8.18,7750381.0,64193826.0,13:52:33
sh601106,中国一重,4.16,0.01,0.241,4.16,4.17,4.15,4.16,4.18,4.13,33060800.0,137526120.0,13:52:34
sh601107,四川成渝,6.04,0.13,2.2,6.03,6.04,5.91,5.93,6.06,5.89,13370782.0,80379764.0,13:52:30
sh601108,财通证券,8.33,-0.03,-0.359,8.33,8.34,8.36,8.4,8.43,8.32,23760235.0,199156024.0,13:52:33
sh601111,中国国航,6.99,0.01,0.143,6.98,6.99,6.98,7.0,7.06,6.97,52451495.0,367093783.0,13:52:33
sh601112,振石股份,19.97,0.05,0.251,19.96,19.97,19.92,20.09,20.27,19.93,8098125.0,162313037.0,13:52:33
sh601113,华鼎股份,4.54,0.18,4.128,4.54,4.55,4.36,4.36,4.68,4.36,34330200.0,157097283.0,13:52:32
sh601116,三江购物,14.18,0.13,0.925,14.17,14.18,14.05,14.05,14.22,13.9,6011421.0,84526006.0,13:52:32
sh601117,中国化学,8.59,-0.09,-1.037,8.59,8.6,8.68,8.68,8.74,8.59,72132380.0,623191887.0,13:52:33
sh601118,海南橡胶,6.69,0.1,1.517,6.68,6.69,6.59,6.63,6.69,6.56,18313502.0,121562592.0,13:52:33
sh601121,宝地矿业,7.76,0.26,3.467,7.75,7.76,7.5,7.51,7.8,7.47,10490800.0,80337310.0,13:52:35
sh601126,四方股份,45.86,0.81,1.798,45.86,45.87,45.05,45.71,45.96,43.8,22859899.0,1030021268.0,13:52:34
sh601127,赛力斯,89.44,1.12,1.268,89.43,89.44,88.32,88.58,90.1,88.58,12627382.0,1130246026.0,13:52:33
sh601128,常熟银行,7.14,0.01,0.14,7.14,7.15,7.13,7.13,7.2,7.12,32054888.0,230047838.0,13:52:34
sh601133,柏诚股份,25.0,-0.87,-3.363,24.99,25.0,25.87,24.8,26.0,24.8,20406253.0,513257457.0,13:52:32
sh601136,首创证券,16.4,0.0,0.0,16.39,16.4,16.4,16.45,16.53,16.38,4740300.0,77915595.0,13:52:34
sh601137,博威合金,20.04,-0.2,-0.988,20.04,20.05,20.24,20.23,20.3,20.02,9254884.0,186558281.0,13:52:33
sh601138,工业富联,59.21,1.39,2.404,59.21,59.22,57.82,57.99,59.99,57.4,150149593.0,8846925531.0,13:52:32
sh601139,深圳燃气,6.84,-0.01,-0.146,6.83,6.84,6.85,6.84,6.88,6.79,16855696.0,115072837.0,13:52:33
sh601155,新城控股,14.18,-0.02,-0.141,14.16,14.17,14.2,14.19,14.56,14.09,13432773.0,191418560.0,13:52:34
sh601156,东航物流,17.24,-0.1,-0.577,17.23,17.24,17.34,17.34,17.46,17.12,3668900.0,63251308.0,13:52:33
sh601158,重庆水务,4.36,0.0,0.0,4.36,4.37,4.36,4.37,4.37,4.35,3146930.0,13724115.0,13:52:33
sh601162,天风证券,3.79,0.04,1.067,3.79,3.8,3.75,3.76,3.82,3.74,108723209.0,411917788.0,13:52:38
sh601163,三角轮胎,14.26,0.19,1.35,14.25,14.26,14.07,14.18,14.45,14.16,3601962.0,51433175.0,13:52:37
sh601166,兴业银行,18.6,-0.1,-0.535,18.6,18.61,18.7,18.69,18.79,18.57,44095983.0,823303487.0,13:52:38
sh601168,西部矿业,28.87,0.63,2.231,28.87,28.88,28.24,28.51,29.14,28.36,38901185.0,1117093332.0,13:52:38
sh601169,北京银行,5.42,-0.05,-0.914,5.42,5.43,5.47,5.47,5.48,5.42,61170783.0,333169462.0,13:52:39
sh601177,杭齿前进,14.65,0.05,0.342,14.64,14.65,14.6,14.59,14.67,14.55,2067100.0,30199060.0,13:52:40
sh601179,中国西电,17.38,-0.32,-1.808,17.37,17.38,17.7,17.69,17.69,16.99,241903249.0,4164029918.0,13:52:39
sh601186,中国铁建,6.95,-0.01,-0.144,6.94,6.95,6.96,6.97,6.98,6.94,28682104.0,199601357.0,13:52:39
sh601187,厦门银行,7.54,-0.11,-1.438,7.54,7.55,7.65,7.66,7.7,7.5,11379900.0,86203192.0,13:52:40
sh601188,龙江交通,3.28,0.01,0.306,3.27,3.28,3.27,3.27,3.29,3.25,8944226.0,29274470.0,13:52:40
sh601198,东兴证券,12.95,0.08,0.622,12.95,12.96,12.87,13.0,13.05,12.9,11859563.0,153778373.0,13:52:39
sh601199,江南水务,5.66,0.0,0.0,5.65,5.67,5.66,5.67,5.68,5.64,2550000.0,14421652.0,13:52:40
sh601200,上海环境,8.12,0.03,0.371,8.11,8.12,8.09,8.1,8.12,8.05,5492000.0,44436065.0,13:52:40
sh601208,东材科技,34.05,0.97,2.932,34.05,34.06,33.08,33.08,34.69,32.59,38970912.0,1310850642.0,13:52:40
sh601211,国泰海通,17.12,0.07,0.411,17.12,17.13,17.05,17.12,17.42,17.1,89946603.0,1550849690.0,13:52:38
sh601212,白银有色,8.0,0.1,1.266,8.0,8.01,7.9,7.95,8.04,7.85,83644861.0,664085449.0,13:52:38
sh601216,君正集团,5.35,-0.06,-1.109,5.34,5.35,5.41,5.42,5.44,5.33,51017300.0,274778065.0,13:52:38
sh601218,吉鑫科技,5.98,0.01,0.168,5.97,5.98,5.97,5.96,6.0,5.89,30906750.0,184167789.0,13:52:38
sh601222,林洋能源,6.16,-0.03,-0.485,6.16,6.17,6.19,6.18,6.21,6.12,13264333.0,81664508.0,13:52:40
sh601225,陕西煤业,24.94,-0.22,-0.874,24.93,24.94,25.16,25.16,25.32,24.9,25301652.0,634823841.0,13:52:38
sh601226,华电科工,9.38,0.09,0.969,9.38,9.39,9.29,9.27,9.42,9.12,16409300.0,152918629.0,13:52:40
sh601228,广州港,3.26,0.01,0.308,3.25,3.26,3.25,3.25,3.27,3.24,15945819.0,51875095.0,13:52:40
sh601229,上海银行,9.83,-0.05,-0.506,9.82,9.83,9.88,9.88,9.97,9.79,27932879.0,276094875.0,13:52:38
sh601231,环旭电子,37.7,1.08,2.949,37.7,37.72,36.62,36.7,38.41,36.21,38248578.0,1427569325.0,13:52:39
sh601233,桐昆股份,20.46,0.27,1.337,20.46,20.47,20.19,19.61,20.7,19.61,28589612.0,578397514.0,13:52:39
sh601236,红塔证券,7.77,0.0,0.0,7.76,7.77,7.77,7.8,7.82,7.75,7496170.0,58343514.0,13:52:37
sh601238,广汽集团,7.28,0.02,0.275,7.27,7.28,7.26,7.28,7.32,7.26,7669604.0,55896867.0,13:52:38
sh601279,英利汽车,3.95,-0.01,-0.253,3.94,3.95,3.96,3.97,3.98,3.93,6334900.0,25018071.0,13:52:38
sh601288,农业银行,6.95,0.0,0.0,6.94,6.95,6.95,6.93,7.1,6.91,347339690.0,2437049308.0,13:52:40
sh601298,青岛港,8.79,0.0,0.0,8.79,8.8,8.79,8.81,8.81,8.73,4620700.0,40549238.0,13:52:38
sh601311,骆驼股份,10.22,0.15,1.49,10.21,10.22,10.07,10.05,10.35,10.05,34457341.0,353241122.0,13:52:40
sh601318,中国平安,58.32,-0.38,-0.647,58.32,58.33,58.7,58.71,59.03,58.25,38031900.0,2229324912.0,13:52:40
sh601319,中国人保,7.45,-0.03,-0.401,7.45,7.46,7.48,7.47,7.52,7.45,28504701.0,212980810.0,13:52:39
sh601326,秦港股份,3.56,-0.06,-1.657,3.56,3.57,3.62,3.63,3.63,3.55,24025300.0,85794353.0,13:52:39
sh601328,交通银行,6.92,-0.01,-0.144,6.92,6.93,6.93,6.94,6.99,6.92,87356487.0,607495889.0,13:52:40
sh601330,绿色动力,7.93,-0.06,-0.751,7.93,7.94,7.99,7.99,7.99,7.91,13136509.0,104293667.0,13:52:39
sh601333,广深铁路,3.07,0.02,0.656,3.06,3.07,3.05,3.05,3.09,3.04,35214700.0,107717120.0,13:52:39
sh601336,新华保险,62.1,0.44,0.714,62.1,62.11,61.66,61.67,62.49,61.38,12449158.0,771055412.0,13:52:40
sh601339,百隆东方,8.09,0.35,4.522,8.09,8.1,7.74,7.77,8.28,7.67,20744313.0,166667086.0,13:52:39
sh601360,三六零,10.98,0.13,1.198,10.97,10.98,10.85,10.9,11.03,10.89,56189968.0,616811576.0,13:52:38
sh601366,利群股份,4.02,-0.02,-0.495,4.02,4.03,4.04,4.04,4.06,4.0,7387300.0,29719655.0,13:52:38
sh601368,绿城水务,4.82,0.03,0.626,4.82,4.83,4.79,4.78,4.83,4.77,3928000.0,18850911.0,13:52:39
sh601369,陕鼓动力,10.19,0.08,0.791,10.19,10.2,10.11,10.14,10.28,10.07,5887900.0,60140386.0,13:52:38
sh601375,中原证券,4.06,0.01,0.247,4.05,4.06,4.05,4.05,4.08,4.05,16301191.0,66219671.0,13:52:40
sh601377,兴业证券,6.01,-0.01,-0.166,6.0,6.01,6.02,6.04,6.06,5.99,63013209.0,380016200.0,13:52:40
sh601388,怡球资源,4.03,0.13,3.333,4.02,4.03,3.9,3.93,4.14,3.93,81868678.0,330421088.0,13:52:38
sh601390,中国中铁,5.29,0.0,0.0,5.28,5.29,5.29,5.29,5.31,5.27,81740810.0,432188017.0,13:52:40
sh601398,工商银行,7.45,-0.05,-0.667,7.45,7.46,7.5,7.5,7.54,7.43,171344198.0,1281669598.0,13:52:40
sh601399,国机重装,4.27,-0.02,-0.466,4.26,4.27,4.29,4.29,4.33,4.2,83903699.0,356470901.0,13:52:40
sh601456,国联民生,9.32,0.01,0.107,9.31,9.32,9.31,9.34,9.36,9.3,12897370.0,120299892.0,13:52:38
sh601500,通用股份,4.27,0.09,2.153,4.26,4.27,4.18,4.18,4.37,4.18,16344779.0,70074211.0,13:52:40
sh601512,中新集团,8.85,0.0,0.0,8.85,8.86,8.85,8.87,8.89,8.82,2076900.0,18382891.0,13:52:38
sh601515,衢州东峰,4.59,0.04,0.879,4.58,4.59,4.55,4.55,4.64,4.52,24917660.0,114205042.0,13:52:37
sh601518,吉林高速,2.82,0.03,1.075,2.81,2.82,2.79,2.79,2.82,2.79,11168076.0,31306578.0,13:52:40
sh601519,大智慧,10.7,0.13,1.23,10.7,10.71,10.57,10.6,10.8,10.57,16623827.0,177714908.0,13:52:38
sh601528,瑞丰银行,5.27,-0.01,-0.189,5.26,5.27,5.28,5.27,5.3,5.25,7878380.0,41516359.0,13:52:36
sh601555,东吴证券,8.34,-0.01,-0.12,8.33,8.34,8.35,8.36,8.41,8.32,23294515.0,195016955.0,13:52:38
sh601566,九牧王,10.79,0.08,0.747,10.78,10.79,10.71,10.71,10.79,10.66,2786500.0,29840623.0,13:52:39
sh601567,三星电气,26.14,0.64,2.51,26.14,26.15,25.5,25.6,26.41,25.23,19923252.0,515595434.0,13:52:39
sh601568,北元集团,4.1,0.0,0.0,4.1,4.11,4.1,4.09,4.12,4.09,10022458.0,41142422.0,13:52:39
sh601577,长沙银行,9.46,-0.01,-0.106,9.45,9.46,9.47,9.48,9.57,9.45,10689200.0,101697421.0,13:52:40
sh601579,会稽山,19.18,-0.22,-1.134,19.17,19.18,19.4,19.21,19.6,19.08,10116673.0,195224710.0,13:52:39
sh601588,北辰实业,1.92,-0.06,-3.03,1.92,1.93,1.98,1.91,2.0,1.89,179836310.0,347306605.0,13:52:40
sh601595,上海电影,24.92,0.36,1.466,24.91,24.92,24.56,24.62,24.98,24.62,2677000.0,66524061.0,13:52:40
sh601598,中国外运,6.07,-0.03,-0.492,6.07,6.08,6.1,6.12,6.18,6.03,12417235.0,75595689.0,13:52:40
sh601599,浙文影业,3.8,0.07,1.877,3.8,3.81,3.73,3.72,3.81,3.72,16280900.0,61427158.0,13:52:38
sh601600,中国铝业,12.73,0.43,3.496,12.73,12.74,12.3,12.54,12.79,12.54,238501650.0,3026532449.0,13:52:38
sh601601,中国太保,37.7,-0.29,-0.763,37.7,37.71,37.99,37.95,38.16,37.64,20249199.0,766080759.0,13:52:38
sh601606,长城军工,39.54,-0.19,-0.478,39.54,39.55,39.73,39.5,39.72,39.32,6860969.0,271026047.0,13:52:39
sh601607,上海医药,17.15,-0.1,-0.58,17.14,17.15,17.25,17.28,17.28,17.1,6500302.0,111554742.0,13:52:39
sh601608,中信重工,6.28,0.13,2.114,6.28,6.29,6.15,6.18,6.32,6.13,28461850.0,176913415.0,13:52:39
sh601609,金田股份,10.49,0.16,1.549,10.49,10.5,10.33,10.34,10.54,10.34,18691900.0,195443435.0,13:52:39
sh601611,中国核建,14.32,-0.05,-0.348,14.31,14.32,14.37,14.47,14.53,14.29,25490775.0,366204186.0,13:52:39
sh601615,明阳智能,16.53,0.04,0.243,16.52,16.53,16.49,16.54,16.7,16.3,47077011.0,779517740.0,13:52:38
sh601616,广电电气,4.85,0.03,0.622,4.84,4.85,4.82,4.82,4.85,4.69,23601437.0,112537578.0,13:52:40
sh601618,中国中冶,2.98,-0.01,-0.334,2.98,2.99,2.99,3.0,3.01,2.98,50654297.0,151510701.0,13:52:39
sh601619,嘉泽新能,5.64,0.11,1.989,5.63,5.64,5.53,5.5,5.72,5.38,76988872.0,429732209.0,13:52:40
sh601628,中国人寿,37.65,-0.05,-0.133,37.64,37.65,37.7,37.85,38.07,37.59,11837242.0,447339519.0,13:52:38
sh601633,长城汽车,20.94,0.01,0.048,20.93,20.94,20.93,21.04,21.2,20.84,10772532.0,226023513.0,13:52:39
sh601636,旗滨集团,5.87,0.08,1.382,5.87,5.88,5.79,5.81,5.88,5.77,27212700.0,159184572.0,13:52:44
sh601658,邮储银行,5.06,-0.05,-0.978,5.06,5.07,5.11,5.11,5.14,5.06,82202400.0,419013683.0,13:52:45
sh601665,齐鲁银行,6.11,0.05,0.825,6.11,6.12,6.06,6.06,6.18,6.05,53860933.0,330685809.0,13:52:41
sh601666,平煤股份,7.92,0.01,0.126,7.91,7.92,7.91,7.91,7.97,7.85,10883132.0,86418198.0,13:52:45
sh601668,中国建筑,4.96,-0.02,-0.402,4.96,4.97,4.98,4.98,5.0,4.96,81634900.0,406329367.0,13:52:45
sh601669,中国电建,5.71,0.03,0.528,5.7,5.71,5.68,5.7,5.75,5.68,167464403.0,956644402.0,13:52:47
sh601677,明泰铝业,17.55,0.41,2.392,17.55,17.56,17.14,17.25,17.96,17.25,31745346.0,561385367.0,13:52:45
sh601678,滨化股份,5.08,0.01,0.197,5.08,5.09,5.07,5.03,5.14,5.03,24720690.0,125725327.0,13:52:47
sh601686,友发集团,5.84,0.03,0.516,5.83,5.84,5.81,5.82,5.84,5.79,2557904.0,14890528.0,13:52:46
sh601688,华泰证券,18.95,0.08,0.424,18.95,18.96,18.87,19.0,19.23,18.92,78719368.0,1501909508.0,13:52:45
sh601689,拓普集团,60.52,1.4,2.368,60.52,60.53,59.12,61.0,61.68,60.37,36272130.0,2214782240.0,13:52:47
sh601696,中银证券,12.5,0.01,0.08,12.49,12.5,12.49,12.52,12.63,12.48,20632172.0,258629314.0,13:52:47
sh601698,中国卫通,33.73,-0.24,-0.707,33.73,33.74,33.97,33.71,34.25,33.55,36203352.0,1225290487.0,13:52:46
sh601699,潞安环能,13.39,0.02,0.15,13.38,13.39,13.37,13.3,13.5,13.3,13914181.0,186582254.0,13:52:46
sh601700,风范股份,5.26,0.02,0.382,5.25,5.26,5.24,5.25,5.26,5.12,10927850.0,56801155.0,13:52:46
sh601702,华峰铝业,20.02,0.2,1.009,20.02,20.03,19.82,19.86,20.68,19.86,7141297.0,144905436.0,13:52:44
sh601717,中创智领,20.1,-0.2,-0.985,20.1,20.11,20.3,20.31,20.36,19.99,10539663.0,212517156.0,13:52:45
sh601718,际华集团,2.96,0.0,0.0,2.96,2.97,2.96,2.96,2.98,2.95,17095956.0,50715744.0,13:52:45
sh601727,上海电气,8.1,0.06,0.746,8.09,8.1,8.04,8.05,8.13,7.99,68934179.0,556549842.0,13:52:47
sh601728,中国电信,5.82,-0.01,-0.172,5.81,5.82,5.83,5.83,5.86,5.8,78043826.0,454769375.0,13:52:47
sh601766,中国中车,6.18,-0.01,-0.162,6.17,6.18,6.19,6.19,6.21,6.16,69961717.0,432196444.0,13:52:46
sh601777,千里科技,10.02,-0.02,-0.199,10.01,10.02,10.04,10.03,10.11,9.98,12918014.0,129601629.0,13:52:45
sh601778,晶科科技,6.56,0.51,8.43,6.55,6.56,6.05,6.25,6.66,6.2,645108162.0,4208195086.0,13:52:44
sh601788,光大证券,15.54,-0.03,-0.193,15.53,15.54,15.57,15.65,15.69,15.53,12562484.0,196076021.0,13:52:46
sh601789,宁波建工,5.82,0.19,3.375,5.81,5.82,5.63,5.62,5.85,5.61,78415605.0,451670389.0,13:52:47
sh601798,蓝科高新,9.22,0.03,0.326,9.22,9.23,9.19,9.18,9.25,9.13,4004800.0,36798808.0,13:52:39
sh601799,星宇股份,129.43,0.28,0.217,129.43,129.45,129.15,133.34,136.39,129.2,4197853.0,556805101.0,13:52:45
sh601800,中国交建,7.59,-0.02,-0.263,7.58,7.59,7.61,7.63,7.63,7.57,11250276.0,85463673.0,13:52:44
sh601801,皖新传媒,6.11,0.0,0.0,6.11,6.12,6.11,6.1,6.13,6.09,5292996.0,32336215.0,13:52:43
sh601808,中海油服,15.22,-0.09,-0.588,15.22,15.23,15.31,15.18,15.27,15.11,13076394.0,198516353.0,13:52:47
sh601811,新华文轩,14.25,-0.2,-1.384,14.24,14.25,14.45,14.31,14.37,14.14,5642992.0,80182897.0,13:52:42
sh601816,京沪高铁,4.91,-0.03,-0.607,4.91,4.92,4.94,4.95,4.97,4.91,72385447.0,357153738.0,13:52:45
sh601818,光大银行,3.2,-0.01,-0.312,3.19,3.2,3.21,3.2,3.21,3.19,98774800.0,316028607.0,13:52:46
sh601825,沪农商行,9.19,-0.11,-1.183,9.18,9.19,9.3,9.25,9.36,9.17,12860659.0,119072491.0,13:52:44
sh601827,三峰环境,7.95,-0.01,-0.126,7.94,7.95,7.96,7.96,7.98,7.94,3746300.0,29808190.0,13:52:46
sh601828,美凯龙,2.44,-0.01,-0.408,2.43,2.44,2.45,2.44,2.45,2.42,11019051.0,26842450.0,13:52:44
sh601838,成都银行,17.29,-0.1,-0.575,17.28,17.29,17.39,17.42,17.52,17.26,12785192.0,221978237.0,13:52:44
sh601857,中国石油,11.63,-0.13,-1.105,11.62,11.63,11.76,11.68,11.77,11.56,123264015.0,1431915601.0,13:52:45
sh601858,中国科传,21.37,0.08,0.376,21.36,21.38,21.29,21.28,21.55,20.92,5751782.0,122077164.0,13:52:47
sh601860,紫金银行,2.68,-0.01,-0.372,2.68,2.69,2.69,2.69,2.7,2.67,27019895.0,72473604.0,13:52:46
sh601865,福莱特,14.13,0.09,0.641,14.13,14.14,14.04,14.04,14.2,14.01,10068800.0,142265116.0,13:52:46
sh601866,中远海发,2.76,-0.01,-0.361,2.76,2.77,2.77,2.77,2.78,2.74,69992638.0,192990657.0,13:52:46
sh601868,中国能建,2.88,0.05,1.767,2.87,2.88,2.83,2.84,2.89,2.82,597089685.0,1712420421.0,13:52:46
sh601869,长飞光纤,367.53,8.92,2.487,367.52,367.53,358.61,350.0,373.05,346.0,15613159.0,5631023684.0,13:52:47
sh601872,招商轮船,18.04,-0.4,-2.169,18.03,18.04,18.44,18.57,18.69,18.0,84650208.0,1553865257.0,13:52:45
sh601877,正泰电器,33.35,-0.99,-2.883,33.35,33.36,34.34,34.0,34.0,32.9,33708690.0,1125538521.0,13:52:46
sh601878,浙商证券,9.68,0.01,0.103,9.67,9.68,9.67,9.68,9.73,9.66,13098848.0,127016232.0,13:52:45
sh601880,辽港股份,1.63,-0.01,-0.61,1.63,1.64,1.64,1.64,1.65,1.63,48981877.0,80167406.0,13:52:43
sh601881,中国银河,12.97,-0.02,-0.154,12.97,12.98,12.99,13.05,13.1,12.96,25743968.0,335147353.0,13:52:47
sh601882,海天精工,19.17,0.13,0.683,19.17,19.18,19.04,19.05,19.41,18.92,2455993.0,46959418.0,13:52:44
sh601886,江河集团,9.52,0.01,0.105,9.51,9.52,9.51,9.51,9.56,9.44,3279600.0,31126850.0,13:52:46
sh601888,中国中免,68.31,-0.07,-0.102,68.3,68.32,68.38,68.38,68.8,68.2,13284161.0,909161160.0,13:52:47
sh601890,亚星锚链,10.48,0.13,1.256,10.47,10.48,10.35,10.36,10.49,10.31,16802520.0,174718577.0,13:52:46
sh601898,中煤能源,16.64,-0.29,-1.713,16.64,16.65,16.93,16.97,16.97,16.62,23968448.0,402021220.0,13:52:46
sh601899,紫金矿业,35.23,0.32,0.917,35.22,35.23,34.91,35.0,35.39,35.0,147910203.0,5207104349.0,13:52:44
sh601900,南方传媒,13.01,0.1,0.775,13.0,13.01,12.91,12.9,13.07,12.86,5774500.0,74777932.0,13:52:45
sh601901,方正证券,7.1,-0.04,-0.56,7.09,7.1,7.14,7.16,7.18,7.09,39909714.0,284777721.0,13:52:46
sh601908,京运通,4.39,0.02,0.458,4.38,4.39,4.37,4.37,4.48,4.36,79653566.0,352131088.0,13:52:44
sh601916,浙商银行,3.01,-0.01,-0.331,3.0,3.01,3.02,3.02,3.03,3.0,61721530.0,185887549.0,13:52:46
sh601918,新集能源,7.52,0.14,1.897,7.52,7.53,7.38,7.37,7.55,7.37,40304408.0,302043426.0,13:52:47
sh601919,中远海控,14.89,-0.19,-1.26,14.89,14.9,15.08,15.08,15.12,14.87,65623057.0,981431265.0,13:52:47
sh601921,浙版传媒,7.99,-0.01,-0.125,7.98,7.99,8.0,8.0,8.03,7.96,4527730.0,36187463.0,13:52:42
sh601928,凤凰传媒,9.75,0.04,0.412,9.74,9.75,9.71,9.72,9.76,9.69,3948800.0,38421707.0,13:52:47
sh601929,吉视传媒,2.97,0.02,0.678,2.96,2.97,2.95,2.94,2.98,2.93,37385617.0,110734324.0,13:52:45
sh601933,永辉超市,3.97,0.06,1.535,3.96,3.97,3.91,3.92,3.98,3.91,107259304.0,424012652.0,13:52:44
sh601939,建设银行,9.44,-0.02,-0.211,9.43,9.44,9.46,9.45,9.58,9.4,80687686.0,765973981.0,13:52:45
sh601949,中国出版,6.3,0.01,0.159,6.3,6.31,6.29,6.28,6.32,6.25,4981000.0,31306248.0,13:52:46
sh601952,苏垦农发,9.92,0.0,0.0,9.92,9.93,9.92,9.89,9.97,9.79,11030330.0,108750258.0,13:52:47
sh601956,东贝集团,6.72,0.04,0.599,6.72,6.73,6.68,6.69,6.73,6.63,3474100.0,23252680.0,13:52:47
sh601958,金钼股份,19.65,0.58,3.041,19.65,19.66,19.07,19.08,19.74,19.06,24971686.0,483927744.0,13:52:47
sh601963,重庆银行,10.44,-0.15,-1.416,10.44,10.45,10.59,10.6,10.78,10.39,12718600.0,134180659.0,13:52:47
sh601965,中国汽研,17.34,0.24,1.404,17.33,17.34,17.1,17.15,17.5,17.12,4885744.0,84823944.0,13:52:46
sh601966,玲珑轮胎,14.25,0.04,0.281,14.25,14.26,14.21,14.29,14.44,14.22,8795800.0,126024928.0,13:52:42
sh601968,宝钢包装,5.17,0.0,0.0,5.17,5.18,5.17,5.16,5.18,5.07,10019700.0,51358253.0,13:52:42
sh601969,海南矿业,11.17,0.29,2.665,11.16,11.17,10.88,10.84,11.25,10.78,26920344.0,299485030.0,13:52:45
sh601975,招商南油,4.37,-0.15,-3.319,4.36,4.37,4.52,4.49,4.53,4.36,142836305.0,630638834.0,13:52:47
sh601985,中国核电,8.73,-0.04,-0.456,8.73,8.74,8.77,8.78,8.8,8.72,54976700.0,481296776.0,13:52:45
sh601988,中国银行,5.76,-0.03,-0.518,5.76,5.77,5.79,5.8,5.87,5.76,147637343.0,857510111.0,13:52:45
sh601990,南京证券,7.41,0.0,0.0,7.41,7.42,7.41,7.44,7.47,7.41,12283553.0,91404692.0,13:52:42
sh601991,大唐发电,3.85,-0.04,-1.028,3.85,3.86,3.89,3.88,3.89,3.84,65790700.0,254217125.0,13:52:46
sh601992,金隅集团,1.75,-0.01,-0.568,1.75,1.76,1.76,1.76,1.77,1.74,39245889.0,68779185.0,13:52:43
sh601995,中金公司,33.86,0.41,1.226,33.85,33.86,33.45,34.15,34.15,33.78,15506702.0,526383618.0,13:52:43
sh601996,丰林集团,2.6,0.07,2.767,2.59,2.6,2.53,2.53,2.6,2.49,21274200.0,54064590.0,13:52:41
sh601997,贵阳银行,5.78,-0.02,-0.345,5.77,5.78,5.8,5.8,5.83,5.77,14279348.0,82753395.0,13:52:42
sh601998,中信银行,8.25,-0.17,-2.019,8.24,8.25,8.42,8.39,8.46,8.22,24881731.0,207388475.0,13:52:41
sh601999,出版传媒,7.98,-0.05,-0.623,7.98,7.99,8.03,8.03,8.07,7.73,21207701.0,166753916.0,13:52:42
sh603000,人民网,19.81,0.34,1.746,19.8,19.81,19.47,19.5,19.9,19.47,14155053.0,279675667.0,13:52:42
sh603001,奥康国际,9.26,-0.22,-2.321,9.26,9.27,9.48,9.45,9.7,9.2,7351400.0,69164886.0,13:52:41
sh603002,宏昌电子,12.86,-0.02,-0.155,12.85,12.86,12.88,12.8,13.22,12.51,78530952.0,1014234837.0,13:52:43
sh603004,鼎龙科技,22.94,0.05,0.218,22.92,22.94,22.89,22.83,23.12,22.81,1255900.0,28787373.0,13:52:39
sh603005,晶方科技,29.63,-0.03,-0.101,29.62,29.63,29.66,29.75,30.0,29.44,18474880.0,548267579.0,13:52:41
sh603006,联明股份,13.11,0.26,2.023,13.1,13.12,12.85,12.86,13.12,12.86,1572000.0,20456154.0,13:52:42
sh603007,*ST花王,6.91,0.17,2.522,6.91,6.92,6.74,6.79,6.97,6.72,15306732.0,104813491.0,13:52:29
sh603008,喜临门,12.83,0.82,6.828,12.83,12.84,12.01,12.01,13.18,12.01,32509947.0,406711133.0,13:52:42
sh603009,北特科技,50.61,0.8,1.606,50.61,50.62,49.81,50.88,52.08,50.5,7487742.0,384207166.0,13:52:42
sh603010,万盛股份,12.4,-0.07,-0.561,12.39,12.4,12.47,12.48,12.5,12.25,10588787.0,130787378.0,13:52:41
sh603011,合锻智能,21.41,0.09,0.422,21.4,21.41,21.32,21.32,21.54,21.05,10479680.0,223599162.0,13:52:42
sh603012,创力集团,8.62,0.12,1.412,8.62,8.63,8.5,8.49,8.64,8.4,8921700.0,76447633.0,13:52:41
sh603013,亚普股份,19.29,0.38,2.01,19.29,19.3,18.91,18.95,19.31,18.92,2262845.0,43132347.0,13:52:42
sh603014,威高血净,37.49,-0.19,-0.504,37.49,37.5,37.68,37.65,37.65,37.3,590832.0,22100637.0,13:52:33
sh603015,弘讯科技,12.31,0.12,0.984,12.31,12.32,12.19,12.21,12.34,12.12,2600533.0,31857111.0,13:52:41
sh603016,新宏泰,46.2,0.04,0.087,46.2,46.21,46.16,46.16,46.5,45.23,4444085.0,203462880.0,13:52:43
sh603017,中衡设计,12.89,-0.27,-2.052,12.88,12.89,13.16,13.07,13.1,12.69,13561200.0,173905392.0,13:52:43
sh603018,华设集团,7.54,-0.03,-0.396,7.54,7.55,7.57,7.54,7.61,7.47,5209570.0,39270224.0,13:52:42
sh603019,中科曙光,88.68,0.39,0.442,88.68,88.69,88.29,88.99,89.69,88.07,28707151.0,2550219274.0,13:52:42
sh603020,爱普股份,11.29,0.24,2.172,11.28,11.29,11.05,11.04,11.3,11.0,3929100.0,44035680.0,13:52:35
sh603021,ST华鹏,8.14,-0.43,-5.018,0.0,8.14,8.57,8.82,8.82,8.14,14533780.0,120264424.0,13:52:41
sh603022,新通联,10.55,0.25,2.427,10.55,10.56,10.3,10.35,10.56,10.25,3808300.0,39640597.0,13:52:42
sh603023,威帝股份,4.47,0.09,2.055,4.46,4.47,4.38,4.37,4.47,4.35,8825400.0,38925780.0,13:52:43
sh603025,大豪科技,14.82,0.25,1.716,14.81,14.82,14.57,14.66,14.89,14.58,8243306.0,121781037.0,13:52:43
sh603026,石大胜华,97.17,-1.48,-1.5,97.15,97.18,98.65,98.92,101.0,97.04,21688280.0,2136417024.0,13:52:40
sh603027,千禾味业,9.51,0.02,0.211,9.51,9.52,9.49,9.48,9.56,9.45,5938895.0,56490964.0,13:52:43
sh603028,赛福天,8.55,0.18,2.151,8.54,8.55,8.37,8.37,8.55,8.33,3043600.0,25740375.0,13:52:41
sh603029,天鹅股份,18.7,0.4,2.186,18.7,18.72,18.3,18.38,18.72,18.16,1300300.0,23964290.0,13:52:42
sh603030,全筑股份,2.37,0.03,1.282,2.37,2.38,2.34,2.35,2.38,2.31,11156542.0,26130719.0,13:52:43
sh603031,安孚科技,51.8,0.05,0.097,51.78,51.8,51.75,51.85,52.58,50.89,4322194.0,224234749.0,13:52:43
sh603032,德新科技,21.54,1.4,6.951,21.54,21.55,20.14,20.0,22.15,20.0,25835106.0,550004271.0,13:52:42
sh603033,三维股份,11.57,0.01,0.087,11.57,11.58,11.56,11.59,11.63,11.45,3742159.0,43155497.0,13:52:41
sh603035,常熟汽饰,14.41,0.15,1.052,14.4,14.42,14.26,14.22,14.54,14.2,3445300.0,49660844.0,13:52:41
sh603036,如通股份,18.18,-0.01,-0.055,18.17,18.18,18.19,18.22,18.35,17.97,1618400.0,29313669.0,13:52:41
sh603037,凯众股份,14.73,0.0,0.0,14.72,14.73,14.73,14.59,14.9,14.57,8587787.0,126727563.0,13:52:42
sh603038,华立股份,15.41,0.41,2.733,15.4,15.41,15.0,15.03,15.5,14.99,2558600.0,38917805.0,13:52:43
sh603039,泛微网络,43.79,0.39,0.899,43.79,43.8,43.4,43.33,44.09,43.33,4741938.0,207761866.0,13:52:42
sh603040,新坐标,82.58,2.17,2.699,82.53,82.6,80.41,80.91,82.88,80.76,1271675.0,104154397.0,13:52:43
sh603041,美思德,12.72,0.33,2.663,12.71,12.72,12.39,12.46,12.73,12.3,1329200.0,16654679.0,13:52:39
sh603042,华脉科技,21.58,0.13,0.606,21.58,21.59,21.45,21.31,21.8,21.1,10948245.0,235867014.0,13:52:42
sh603043,广州酒家,15.47,0.03,0.194,15.46,15.48,15.44,15.46,15.48,15.28,1747140.0,26869531.0,13:52:43
sh603045,福达合金,33.77,0.63,1.901,33.75,33.76,33.14,33.24,34.1,32.68,4175980.0,139145200.0,13:52:43
sh603048,浙江黎明,22.41,0.2,0.9,22.4,22.41,22.21,21.97,22.45,21.97,1444600.0,32172617.0,13:52:42
sh603049,中策橡胶,50.7,0.03,0.059,50.7,50.71,50.67,51.02,51.65,50.33,2127435.0,108101702.0,13:52:40
sh603050,科林电气,19.86,0.19,0.966,19.82,19.86,19.67,19.67,19.97,19.43,2819763.0,55823011.0,13:52:40
sh603051,鹿山新材,22.18,0.32,1.464,22.18,22.19,21.86,21.85,22.46,21.67,4342463.0,96271463.0,13:52:40
sh603052,可川科技,75.77,6.89,10.003,75.77,0.0,68.88,68.8,75.77,68.2,6371127.0,469225337.0,13:52:16
sh603053,成都燃气,9.63,-0.01,-0.104,9.62,9.63,9.64,9.66,9.66,9.57,1689800.0,16210572.0,13:52:36
sh603055,台华新材,9.55,0.08,0.845,9.54,9.56,9.47,9.47,9.59,9.44,4352600.0,41486181.0,13:52:42
sh603057,紫燕食品,25.36,0.42,1.684,25.36,25.37,24.94,24.89,25.67,24.75,2087610.0,52824621.0,13:52:38
sh603058,永吉股份,12.14,-0.06,-0.492,12.14,12.15,12.2,12.2,12.28,11.96,6711382.0,81349028.0,13:52:43
sh603059,倍加洁,35.17,1.68,5.016,35.01,35.17,33.49,33.45,35.29,33.13,1720675.0,58650934.0,13:52:41
sh603060,国检集团,6.37,-0.02,-0.313,6.37,6.38,6.39,6.41,6.41,6.32,2203571.0,13996348.0,13:52:42
sh603061,DR金海通,244.85,15.0,6.526,244.8,244.85,229.85,231.64,245.98,220.1,3904180.0,918773056.0,13:52:43
sh603062,麦加芯彩,50.44,0.92,1.858,50.42,50.5,49.52,49.51,50.65,49.28,662800.0,33272439.0,13:52:43
sh603063,禾望电气,37.24,-0.79,-2.077,37.22,37.24,38.03,37.96,38.1,36.98,53256042.0,1996346022.0,13:52:41
sh603065,宿迁联盛,8.27,0.16,1.973,8.27,8.29,8.11,8.13,8.3,8.08,2983200.0,24465302.0,13:52:35
sh603066,音飞储存,10.07,0.25,2.546,10.06,10.07,9.82,9.85,10.08,9.82,1939200.0,19313104.0,13:52:42
sh603067,振华股份,37.27,1.57,4.398,37.24,37.27,35.7,36.5,38.0,36.31,32795106.0,1218619513.0,13:52:41
sh603068,博通集成,32.72,0.17,0.522,32.72,32.74,32.55,32.67,32.87,32.42,1188700.0,38862618.0,13:52:38
sh603069,海汽集团,17.63,0.21,1.206,17.62,17.63,17.42,17.52,17.63,17.32,2802119.0,48913124.0,13:52:42
sh603070,万控智造,15.16,0.02,0.132,15.16,15.17,15.14,15.16,15.17,14.94,1411712.0,21254468.0,13:52:37
sh603071,物产环能,13.93,0.23,1.679,13.92,13.93,13.7,13.69,14.17,13.62,3274350.0,45614620.0,13:52:42
sh603072,天和磁材,37.14,0.1,0.27,37.14,37.15,37.04,37.0,37.26,36.86,1168000.0,43297999.0,13:52:41
sh603073,彩蝶实业,19.89,0.63,3.271,19.88,19.91,19.26,19.39,19.91,19.1,879900.0,17171055.0,13:52:37
sh603075,热威股份,22.76,0.0,0.0,22.75,22.77,22.76,22.75,22.85,22.48,963142.0,21833297.0,13:52:41
sh603076,乐惠国际,29.29,0.32,1.105,29.28,29.29,28.97,29.0,29.6,28.76,3177578.0,92899328.0,13:52:41
sh603077,和邦生物,3.0,0.05,1.695,2.99,3.0,2.95,2.96,3.02,2.94,168864418.0,504925753.0,13:52:43
sh603078,江化微,23.05,0.33,1.452,23.04,23.05,22.72,22.71,23.15,22.66,5166099.0,118686246.0,13:52:41
sh603079,圣达生物,16.68,0.14,0.846,16.67,16.68,16.54,16.5,16.68,16.32,1319900.0,21777368.0,13:52:41
sh603080,新疆火炬,21.38,0.12,0.564,21.37,21.38,21.26,21.28,21.4,21.22,1152400.0,24552316.0,13:52:38
sh603081,大丰实业,12.24,0.14,1.157,12.24,12.25,12.1,12.15,12.26,12.05,3727500.0,45218801.0,13:52:42
sh603082,北自科技,36.88,0.21,0.573,36.87,36.88,36.67,36.92,36.94,36.68,497900.0,18318086.0,13:52:43
sh603083,剑桥科技,131.14,5.34,4.245,131.14,131.27,125.8,125.18,132.0,122.5,35990270.0,4577542621.0,13:52:43
sh603085,天成自控,11.58,0.05,0.434,11.58,11.59,11.53,11.53,11.66,11.4,5990432.0,69138623.0,13:52:38
sh603086,先达股份,7.6,0.07,0.93,7.59,7.6,7.53,7.54,7.6,7.51,3416000.0,25819745.0,13:52:38
sh603087,甘李药业,65.86,-0.1,-0.152,65.83,65.86,65.96,66.44,66.44,65.31,5095918.0,335331344.0,13:52:40
sh603088,宁波精达,13.5,0.14,1.048,13.49,13.5,13.36,13.46,13.8,13.22,24264876.0,328385500.0,13:52:39
sh603089,正裕工业,12.86,0.23,1.821,12.85,12.86,12.63,12.66,12.87,12.61,1139500.0,14500328.0,13:52:39
sh603090,宏盛股份,69.71,2.32,3.443,69.62,69.71,67.39,68.08,70.17,66.71,3652864.0,251498528.0,13:52:40
sh603091,众鑫股份,80.8,4.11,5.359,80.71,80.8,76.69,76.69,80.88,75.84,729466.0,57638051.0,13:52:40
sh603092,德力佳,68.9,-0.21,-0.304,68.89,68.9,69.11,69.15,69.37,68.33,1044054.0,71892960.0,13:52:40
sh603093,南华期货,19.74,0.34,1.753,19.73,19.74,19.4,19.47,20.02,19.42,8111800.0,160381383.0,13:52:38
sh603095,越剑智能,17.98,0.3,1.697,17.98,18.0,17.68,17.67,18.27,17.57,1959900.0,35193766.0,13:52:35
sh603096,新经典,17.34,0.32,1.88,17.33,17.34,17.02,17.02,17.34,16.91,780120.0,13353797.0,13:52:38
sh603097,江苏华辰,33.16,-0.86,-2.528,33.15,33.16,34.02,33.68,33.76,32.5,4903240.0,161693195.0,13:52:40
sh603098,森特股份,14.17,0.09,0.639,14.16,14.17,14.08,14.0,14.28,14.0,4336782.0,61180573.0,13:52:38
sh603099,长白山,36.63,0.78,2.176,36.63,36.64,35.85,35.86,36.9,35.3,7527548.0,273008558.0,13:52:39
sh603100,川仪股份,20.15,0.22,1.104,20.14,20.15,19.93,20.01,20.2,19.86,3103800.0,62170268.0,13:52:38
sh603101,汇嘉时代,9.81,0.53,5.711,9.81,9.82,9.28,9.25,9.89,9.19,28731237.0,275439502.0,13:52:39
sh603102,百合股份,40.59,-0.55,-1.337,40.57,40.59,41.14,40.5,41.0,39.52,1018400.0,40712112.0,13:52:36
sh603103,横店影视,23.2,0.71,3.157,23.19,23.2,22.49,22.64,23.27,22.55,7578242.0,174027406.0,13:52:38
sh603105,芯能科技,10.91,0.2,1.867,10.91,10.92,10.71,10.75,11.02,10.62,18422007.0,200533541.0,13:52:40
sh603106,恒银科技,9.16,0.14,1.552,9.16,9.17,9.02,9.09,9.18,9.04,4060500.0,36992522.0,13:52:40
sh603107,上海汽配,14.6,0.06,0.413,14.59,14.6,14.54,14.64,14.64,14.53,588600.0,8574523.0,13:52:36
sh603108,润达医疗,12.88,0.05,0.39,12.87,12.88,12.83,12.85,13.03,12.77,7308026.0,94203719.0,13:52:40
sh603109,神驰机电,23.24,0.14,0.606,23.23,23.24,23.1,23.32,23.32,22.83,2358952.0,54524422.0,13:52:39
sh603110,东方材料,17.65,1.06,6.389,17.65,17.66,16.59,16.59,17.9,16.59,14878401.0,257715353.0,13:52:37
sh603111,康尼机电,6.78,-0.04,-0.587,6.78,6.79,6.82,6.85,6.85,6.76,3344500.0,22730722.0,13:52:38
sh603112,华翔股份,20.37,-0.01,-0.049,20.36,20.37,20.38,20.23,21.0,20.17,10046173.0,206732454.0,13:52:39
sh603113,金能科技,7.09,-0.12,-1.664,7.09,7.1,7.21,7.24,7.28,7.07,16192931.0,116005714.0,13:52:40
sh603115,海星股份,47.25,2.75,6.18,47.24,47.26,44.5,44.88,47.95,44.0,8464500.0,390174264.0,13:52:40
sh603116,红蜻蜓,5.67,0.09,1.613,5.67,5.68,5.58,5.58,5.68,5.54,3445280.0,19365153.0,13:52:35
sh603117,万林物流,4.59,0.09,2.0,4.58,4.59,4.5,4.51,4.59,4.43,7464100.0,33703416.0,13:52:39
sh603118,共进股份,13.82,0.16,1.171,13.81,13.82,13.66,13.65,14.02,13.45,35214687.0,483425976.0,13:52:40
sh603119,浙江荣泰,79.48,1.42,1.819,79.47,79.48,78.06,82.0,83.56,79.09,18533805.0,1498283649.0,13:52:39
sh603120,肯特催化,38.49,0.61,1.61,38.48,38.5,37.88,37.87,38.5,37.54,611353.0,23251897.0,13:52:34
sh603121,华培动力,21.55,0.3,1.412,21.54,21.55,21.25,21.57,21.65,21.08,5474438.0,116977594.0,13:52:39
sh603122,合富中国,16.82,-1.09,-6.086,16.81,16.82,17.91,17.3,17.32,16.66,35291912.0,596377650.0,13:52:40
sh603123,翠微股份,12.65,0.05,0.397,12.64,12.65,12.6,12.7,12.86,12.53,23863363.0,302414375.0,13:52:38
sh603124,江南新材,124.44,3.93,3.261,124.44,124.58,120.51,122.8,125.82,119.66,1408791.0,173226948.0,13:52:39
sh603125,常青科技,18.07,0.07,0.389,18.06,18.07,18.0,17.96,18.09,17.86,1249596.0,22480854.0,13:52:38
sh603126,中材节能,8.03,-0.03,-0.372,8.02,8.03,8.06,8.06,8.17,7.98,7404400.0,59722472.0,13:52:39
sh603127,昭衍新药,38.69,-0.58,-1.477,38.68,38.7,39.27,38.88,39.12,37.5,27885985.0,1071411308.0,13:52:39
sh603128,华贸物流,5.65,0.02,0.355,5.64,5.65,5.63,5.63,5.65,5.62,4536753.0,25590574.0,13:52:37
sh603129,春风动力,276.51,21.63,8.486,276.5,276.51,254.88,246.33,278.0,244.33,4499282.0,1197391375.0,13:52:39
sh603130,云中马,37.82,0.69,1.858,37.82,37.83,37.13,37.64,37.94,37.1,1137658.0,42507407.0,13:52:39
sh603131,上海沪工,21.11,0.15,0.716,21.1,21.11,20.96,21.17,21.24,20.91,4554542.0,95861678.0,13:52:38
sh603132,金徽股份,18.63,0.37,2.026,18.63,18.64,18.26,18.25,18.76,18.25,6460842.0,119851359.0,13:52:39
sh603135,中重科技,10.81,0.01,0.093,10.8,10.81,10.8,10.84,10.9,10.73,1787960.0,19293619.0,13:52:31
sh603136,天目湖,11.51,0.2,1.768,11.5,11.51,11.31,11.29,11.58,11.25,3913070.0,44692005.0,13:52:40
sh603137,恒尚节能,13.45,0.11,0.825,13.44,13.46,13.34,13.3,13.46,13.2,1359440.0,18163773.0,13:52:39
sh603138,海量数据,21.54,1.19,5.848,21.5,21.55,20.35,20.35,21.56,20.35,14738080.0,310914755.0,13:52:38
sh603139,康惠股份,31.1,1.52,5.139,31.09,31.1,29.58,29.44,31.44,28.66,7166202.0,219359842.0,13:52:40
sh603150,万朗磁塑,59.0,1.47,2.555,58.99,59.0,57.53,57.53,59.18,54.36,4081393.0,233145889.0,13:52:34
sh603151,邦基科技,17.06,0.01,0.059,17.03,17.06,17.05,17.04,17.06,16.73,1822800.0,30780521.0,13:52:40
sh603153,上海建科,16.48,-0.05,-0.302,16.47,16.48,16.53,16.51,16.59,16.36,900400.0,14812105.0,13:52:37
sh603155,新亚强,16.08,0.19,1.196,16.07,16.08,15.89,16.07,16.1,15.91,1805865.0,28956080.0,13:52:39
sh603156,养元饮品,31.76,0.4,1.276,31.77,31.78,31.36,31.35,32.09,31.35,3403786.0,108293614.0,13:52:38
sh603158,腾龙股份,13.08,-0.51,-3.753,13.08,13.09,13.59,13.59,13.59,13.01,36349605.0,478330022.0,13:52:40
sh603159,上海亚虹,27.28,0.77,2.905,27.27,27.28,26.51,26.49,27.8,26.49,2329568.0,63451216.0,13:52:20
sh603160,汇顶科技,68.53,0.1,0.146,68.5,68.52,68.43,68.4,68.86,68.04,3097509.0,212252805.0,13:52:39
sh603161,科华控股,14.61,0.14,0.968,14.61,14.62,14.47,14.5,14.66,14.35,1292790.0,18687668.0,13:52:30
sh603162,海通发展,13.99,-0.23,-1.617,13.99,14.0,14.22,14.03,14.18,13.7,9547685.0,132286012.0,13:52:38
sh603163,圣晖集成,108.5,-1.89,-1.712,108.49,108.5,110.39,109.02,110.5,107.43,2003300.0,218005012.0,13:52:38
sh603165,荣晟环保,15.82,0.07,0.444,15.81,15.82,15.75,15.74,15.91,15.6,5515119.0,86934833.0,13:52:40
sh603166,福达股份,13.83,0.22,1.616,13.83,13.84,13.61,13.67,13.95,13.61,4282020.0,59143683.0,13:52:39
sh603167,渤海轮渡,9.31,0.1,1.086,9.3,9.31,9.21,9.22,9.31,9.2,3284200.0,30412137.0,13:52:40
sh603168,莎普爱思,6.76,0.11,1.654,6.75,6.76,6.65,6.65,6.76,6.56,8217146.0,54654057.0,13:52:38
sh603169,兰石重装,9.93,-0.03,-0.301,9.93,9.94,9.96,10.04,10.08,9.9,11437606.0,113900437.0,13:52:40
sh603170,宝立食品,13.26,0.09,0.683,13.25,13.26,13.17,13.16,13.33,13.08,1706324.0,22504316.0,13:52:36
sh603171,税友股份,56.28,2.61,4.863,56.27,56.28,53.67,53.9,56.89,53.7,11838391.0,663083246.0,13:52:38
sh603172,万丰股份,21.23,0.45,2.166,21.23,21.24,20.78,20.8,21.23,20.6,1230200.0,25797528.0,13:52:38
sh603173,福斯达,42.46,0.9,2.166,42.46,42.48,41.56,41.8,42.51,41.3,1084100.0,45476280.0,13:52:40
sh603175,超颖电子,90.94,1.47,1.643,90.9,90.94,89.47,90.46,92.88,89.47,3106354.0,282354649.0,13:52:39
sh603176,汇通集团,5.45,0.1,1.869,5.45,5.46,5.35,5.35,5.46,5.32,2972400.0,16023383.0,13:52:40
sh603177,德创环保,11.87,0.24,2.064,11.87,11.88,11.63,11.74,11.88,11.44,4390500.0,51116100.0,13:52:39
sh603178,圣龙股份,15.85,0.34,2.192,15.84,15.85,15.51,15.53,16.15,15.53,2471928.0,39168984.0,13:52:36
sh603179,新泉股份,66.96,1.57,2.401,66.96,66.97,65.39,67.72,69.21,66.83,16024319.0,1090319925.0,13:52:38
sh603180,金牌家居,19.01,0.31,1.658,19.0,19.04,18.7,18.69,19.05,18.69,421572.0,7970142.0,13:52:39
sh603181,皇马科技,15.0,0.01,0.067,15.0,15.01,14.99,15.0,15.15,14.94,2174151.0,32705437.0,13:52:36
sh603182,嘉华股份,14.84,0.44,3.056,14.83,14.84,14.4,14.38,14.89,14.2,7171398.0,104389142.0,13:52:40
sh603183,建研院,4.64,0.17,3.803,4.63,4.64,4.47,4.48,4.64,4.44,8833647.0,40097415.0,13:52:39
sh603185,弘元绿能,24.7,0.55,2.277,24.69,24.7,24.15,24.2,25.58,24.2,19183096.0,479738248.0,13:52:40
sh603186,华正新材,72.22,-0.63,-0.865,72.21,72.22,72.85,72.89,74.18,71.9,7535065.0,546348288.0,13:52:46
sh603187,海容冷链,15.1,0.18,1.206,15.09,15.1,14.92,14.82,15.23,14.76,2618963.0,39114751.0,13:52:45
sh603188,亚邦股份,4.96,0.1,2.058,4.96,4.97,4.86,4.87,4.97,4.85,7305900.0,35932884.0,13:52:45
sh603189,网达软件,16.8,0.01,0.06,16.79,16.8,16.79,16.76,16.82,16.51,6219500.0,103610236.0,13:52:44
sh603190,亚通精工,25.57,0.33,1.307,25.56,25.58,25.24,25.23,25.59,25.15,786697.0,19965399.0,13:52:43
sh603191,望变电气,20.91,-0.04,-0.191,20.9,20.91,20.95,20.82,21.25,20.1,10679901.0,223124379.0,13:52:45
sh603192,汇得科技,24.06,0.37,1.562,24.05,24.06,23.69,23.77,24.07,23.67,801300.0,19154386.0,13:52:43
sh603193,润本股份,24.46,-0.05,-0.204,24.46,24.48,24.51,24.49,24.91,24.06,3848253.0,93940282.0,13:52:44
sh603194,中力股份,33.87,0.18,0.534,33.86,33.87,33.69,33.77,34.1,33.6,794028.0,26893250.0,13:52:45
sh603195,公牛集团,41.08,-0.11,-0.267,41.08,41.09,41.19,41.18,41.4,41.0,1009458.0,41518894.0,13:52:39
sh603196,璞源材料,31.65,0.47,1.507,31.63,31.65,31.18,31.1,31.67,30.61,3115400.0,96915828.0,13:52:46
sh603197,保隆科技,33.16,0.14,0.424,33.15,33.17,33.02,33.03,33.29,32.97,1317900.0,43692927.0,13:52:45
sh603198,迎驾贡酒,35.96,0.14,0.391,35.96,35.97,35.82,35.82,36.38,35.7,1976952.0,71315379.0,13:52:43
sh603199,九华旅游,38.6,0.62,1.632,38.59,38.6,37.98,37.85,38.62,37.55,2701499.0,102787930.0,13:52:43
sh603200,上海洗霸,63.63,1.77,2.861,63.63,63.66,61.86,62.5,64.65,61.8,9771500.0,621335011.0,13:52:44
sh603201,常润股份,16.58,0.14,0.852,16.57,16.59,16.44,16.48,16.59,16.4,701600.0,11558846.0,13:52:44
sh603202,天有为,98.49,-0.51,-0.515,98.5,98.52,99.0,98.66,98.83,98.27,632585.0,62295826.0,13:52:40
sh603203,快克智能,43.7,0.61,1.416,43.69,43.71,43.09,43.08,44.03,42.66,3896436.0,168612898.0,13:52:46
sh603205,健尔康,26.04,0.14,0.541,26.01,26.04,25.9,25.89,26.05,25.73,389168.0,10089411.0,13:52:44
sh603206,嘉环科技,17.69,1.18,7.147,17.69,17.7,16.51,16.7,18.16,16.6,16351903.0,288111996.0,13:52:44
sh603207,小方制药,28.06,0.06,0.214,28.06,28.08,28.0,28.09,28.15,27.77,709200.0,19809825.0,13:52:44
sh603208,江山欧派,13.39,0.46,3.558,13.35,13.39,12.93,12.92,13.46,12.88,1827830.0,24010751.0,13:52:44
sh603209,兴通股份,14.54,0.07,0.484,14.54,14.55,14.47,14.48,14.59,14.42,2630100.0,38167897.0,13:52:45
sh603210,泰鸿万立,16.83,0.02,0.119,16.82,16.83,16.81,16.85,16.89,16.71,1526700.0,25630224.0,13:52:39
sh603211,晋拓股份,26.17,-0.74,-2.75,26.17,26.18,26.91,26.9,27.18,25.89,9987500.0,262186087.0,13:52:45
sh603212,赛伍技术,13.06,0.2,1.555,13.06,13.07,12.86,12.86,13.15,12.75,6874900.0,89369950.0,13:52:43
sh603213,镇洋发展,13.55,-0.14,-1.023,13.54,13.55,13.69,13.75,13.75,13.51,1411664.0,19138705.0,13:52:41
sh603214,爱婴室,15.9,0.22,1.403,15.89,15.9,15.68,15.69,15.9,15.54,2270100.0,35649941.0,13:52:45
sh603215,比依股份,19.25,0.07,0.365,19.25,19.26,19.18,19.2,19.31,19.1,810600.0,15568979.0,13:52:40
sh603216,梦天家居,30.74,-2.43,-7.326,30.74,30.75,33.17,32.5,32.5,30.42,8903100.0,275806579.0,13:52:44
sh603217,元利科技,26.04,0.42,1.639,26.04,26.05,25.62,25.6,26.46,25.45,3505512.0,91462936.0,13:52:45
sh603218,日月股份,14.09,-0.01,-0.071,14.08,14.09,14.1,14.05,14.19,14.04,5141200.0,72534743.0,13:52:46
sh603219,富佳股份,16.45,0.15,0.92,16.44,16.45,16.3,16.33,16.54,16.26,1925700.0,31622223.0,13:52:45
sh603220,中贝通信,31.93,2.9,9.99,31.93,0.0,29.03,28.73,31.93,28.73,86181629.0,2631582446.0,13:52:45
sh603221,爱丽家居,11.49,0.12,1.055,11.48,11.49,11.37,11.36,11.5,11.23,970400.0,11019567.0,13:52:40
sh603222,济民健康,10.67,0.24,2.301,10.67,10.68,10.43,10.22,10.76,10.12,42726229.0,448801586.0,13:52:43
sh603223,恒通股份,8.57,0.12,1.42,8.56,8.57,8.45,8.49,8.58,8.44,4917670.0,41907311.0,13:52:44
sh603225,新凤鸣,17.99,0.27,1.524,17.99,18.0,17.72,17.68,18.3,17.57,12387008.0,221775824.0,13:52:44
sh603226,菲林格尔,41.15,2.03,5.189,41.14,41.18,39.12,39.55,41.18,38.58,3610835.0,145247589.0,13:52:45
sh603227,雪峰科技,9.84,-0.11,-1.106,9.83,9.84,9.95,9.94,9.95,9.71,17814562.0,174574643.0,13:52:44
sh603228,景旺电子,62.74,2.33,3.857,62.73,62.74,60.41,60.5,63.66,60.15,25335679.0,1566779780.0,13:52:46
sh603229,奥翔药业,10.22,-0.03,-0.293,10.22,10.23,10.25,10.24,10.31,10.11,7397597.0,75609279.0,13:52:45
sh603230,内蒙新华,11.19,0.03,0.269,11.19,11.2,11.16,11.16,11.2,11.09,3182600.0,35484823.0,13:52:43
sh603231,索宝蛋白,17.81,0.1,0.565,17.8,17.81,17.71,17.81,17.82,17.66,1006800.0,17869824.0,13:52:42
sh603232,格尔软件,20.65,0.05,0.243,20.65,20.66,20.6,21.01,21.21,20.58,11138758.0,232055490.0,13:52:46
sh603233,大参林,17.49,0.04,0.229,17.48,17.49,17.45,17.46,17.57,17.28,3096334.0,53875011.0,13:52:44
sh603235,天新药业,26.78,-0.27,-0.998,26.79,26.8,27.05,27.2,27.2,26.75,406172.0,10897938.0,13:52:21
sh603236,移远通信,77.45,0.71,0.925,77.44,77.45,76.74,76.81,77.97,76.3,3445690.0,266357714.0,13:52:44
sh603237,五芳斋,17.27,0.07,0.407,17.26,17.27,17.2,17.19,17.27,17.0,725900.0,12442382.0,13:52:45
sh603238,诺邦股份,15.98,0.19,1.203,15.97,15.98,15.79,15.71,15.99,15.6,1699339.0,26830791.0,13:52:38
sh603239,浙江仙通,24.44,0.41,1.706,24.44,24.45,24.03,24.15,24.46,24.01,3200700.0,77592067.0,13:52:44
sh603248,锡华科技,26.65,-0.62,-2.274,26.65,26.66,27.27,27.2,27.22,26.02,7979647.0,211009356.0,13:52:46
sh603255,鼎际得,29.64,1.02,3.564,29.65,29.66,28.62,28.7,29.68,28.42,1432800.0,41720268.0,13:52:45
sh603256,宏和科技,102.42,0.35,0.343,102.42,102.43,102.07,102.0,104.99,98.88,26071463.0,2661112460.0,13:52:45
sh603257,中国瑞林,57.18,1.0,1.78,57.1,57.21,56.18,56.22,57.3,55.65,704036.0,39786577.0,13:52:43
sh603258,电魂网络,18.08,0.07,0.389,18.08,18.09,18.01,17.95,18.2,17.95,1052400.0,18998697.0,13:52:42
sh603259,药明康德,105.8,-1.03,-0.964,105.79,105.8,106.83,107.11,107.88,105.59,25003886.0,2662448454.0,13:52:45
sh603260,合盛硅业,43.88,0.14,0.32,43.88,43.89,43.74,43.79,44.08,43.38,4416200.0,193618657.0,13:52:41
sh603261,*ST立航,35.47,-0.28,-0.783,35.36,35.46,35.75,35.77,35.99,35.0,231800.0,8252691.0,13:52:38
sh603262,技源集团,25.49,-0.01,-0.039,25.48,25.5,25.5,25.51,26.05,25.35,601553.0,15384174.0,13:52:23
sh603266,天龙股份,19.78,0.19,0.97,19.77,19.78,19.59,19.58,19.88,19.58,1248800.0,24699519.0,13:52:45
sh603267,鸿远电子,51.27,0.08,0.156,51.26,51.27,51.19,51.19,51.8,50.94,3221890.0,165276089.0,13:52:43
sh603268,*ST松发,121.22,5.77,4.998,121.22,0.0,115.45,117.75,121.22,117.5,4133159.0,495501260.0,13:52:37
sh603269,海鸥股份,15.46,-0.35,-2.214,15.45,15.46,15.81,15.75,15.85,15.39,24872960.0,387292538.0,13:52:45
sh603270,金帝股份,26.04,0.03,0.115,26.03,26.05,26.01,26.0,26.38,25.83,2139487.0,55702287.0,13:52:44
sh603271,永杰新材,50.33,1.58,3.241,50.31,50.36,48.75,48.93,51.33,48.29,5154778.0,256005871.0,13:52:43
sh603272,联翔股份,31.59,-1.49,-4.504,31.59,31.6,33.08,33.74,34.51,31.21,5402500.0,175973057.0,13:52:44
sh603273,天元智能,17.97,0.03,0.167,17.96,17.98,17.94,17.93,18.08,17.75,787669.0,14081115.0,13:52:45
sh603275,众辰科技,47.2,0.79,1.702,47.19,47.2,46.41,46.4,48.0,46.03,2491793.0,117962824.0,13:52:40
sh603276,恒兴新材,16.76,0.06,0.359,16.75,16.76,16.7,16.7,16.8,16.44,1132740.0,18846806.0,13:52:45
sh603277,银都股份,14.3,0.16,1.132,14.29,14.3,14.14,14.19,14.32,14.15,693045.0,9889835.0,13:52:42
sh603278,大业股份,10.92,0.09,0.831,10.91,10.92,10.83,10.84,11.0,10.83,3290700.0,35837292.0,13:52:44
sh603279,景津装备,18.8,0.18,0.967,18.79,18.8,18.62,18.64,19.11,18.64,3627140.0,68518335.0,13:52:44
sh603280,南方路机,35.3,0.06,0.17,35.29,35.31,35.24,35.17,35.31,34.81,585400.0,20498801.0,13:52:44
sh603281,江瀚新材,35.99,0.32,0.897,35.99,36.03,35.67,35.66,36.76,35.36,2458620.0,89058017.0,13:52:44
sh603282,亚光股份,21.28,0.44,2.111,21.29,21.31,20.84,21.0,21.35,20.85,1451800.0,30584836.0,13:52:43
sh603283,赛腾股份,49.29,0.0,0.0,49.29,49.31,49.29,49.36,50.26,49.01,7610699.0,377527146.0,13:52:44
sh603284,林平发展,57.21,0.82,1.454,57.19,57.21,56.39,56.33,57.3,56.05,2028205.0,114672468.0,13:52:43
sh603285,键邦股份,35.81,1.16,3.348,35.8,35.81,34.65,35.0,36.5,34.36,8845804.0,313638630.0,13:52:44
sh603286,日盈电子,61.18,-0.19,-0.31,61.18,61.2,61.37,62.56,63.5,60.48,2241900.0,138172690.0,13:52:43
sh603288,海天味业,40.77,-0.15,-0.367,40.76,40.77,40.92,40.89,41.4,40.5,9136572.0,373854542.0,13:52:40
sh603289,泰瑞机器,12.12,0.23,1.934,12.11,12.12,11.89,11.94,12.41,11.82,6852912.0,83269871.0,13:52:35
sh603290,斯达半导,99.06,-1.35,-1.344,99.05,99.06,100.41,98.0,99.5,97.9,3385408.0,334409992.0,13:52:39
sh603291,联合水务,11.73,0.1,0.86,11.72,11.73,11.63,11.62,11.75,11.0,4787400.0,54784352.0,13:52:36
sh603293,N埃泰克,72.81,39.32,117.408,72.81,72.82,33.49,71.0,85.2,71.0,20151485.0,1501397053.0,13:52:39
sh603296,华勤技术,96.36,-2.52,-2.549,96.33,96.36,98.88,98.51,98.94,95.65,10416779.0,1013793457.0,13:52:40
sh603297,永新光学,110.21,1.18,1.082,110.21,110.24,109.03,109.39,110.36,108.32,1019300.0,111290876.0,13:52:39
sh603298,杭叉集团,25.33,-0.21,-0.822,25.33,25.34,25.54,25.48,25.91,25.22,4091437.0,104542487.0,13:52:40
sh603299,苏盐井神,11.2,0.13,1.174,11.2,11.21,11.07,11.08,11.27,10.99,4467199.0,49845768.0,13:52:38
sh603300,海南华铁,7.08,0.31,4.579,7.07,7.08,6.77,6.8,7.16,6.78,92489760.0,647764629.0,13:52:40
sh603301,振德医疗,89.64,4.08,4.769,89.63,89.64,85.56,86.99,90.27,86.65,3449882.0,305148713.0,13:52:38
sh603303,得邦照明,15.48,0.11,0.716,15.47,15.48,15.37,15.38,15.6,15.32,1317200.0,20396404.0,13:52:24
sh603305,旭升集团,15.08,0.12,0.802,15.08,15.09,14.96,15.2,15.41,15.07,19605575.0,297817085.0,13:52:38
sh603306,华懋科技,104.46,1.94,1.892,104.4,104.46,102.52,102.16,105.58,100.5,10339956.0,1067218857.0,13:52:39
sh603307,扬州金泉,39.94,0.4,1.012,39.87,39.93,39.54,39.53,39.94,39.26,136900.0,5415823.0,13:52:37
sh603308,应流股份,69.11,4.1,6.307,69.11,69.15,65.01,65.26,69.9,64.7,22390814.0,1512407466.0,13:52:40
sh603309,维力医疗,13.98,-0.05,-0.356,13.98,13.99,14.03,14.08,14.1,13.81,2281950.0,31778996.0,13:52:38
sh603310,巍华新材,16.15,-0.01,-0.062,16.15,16.16,16.16,16.1,16.25,16.1,1665500.0,26910026.0,13:52:35
sh603311,金海高科,19.18,0.26,1.374,19.17,19.18,18.92,19.0,19.65,18.46,9481700.0,179661585.0,13:52:39
sh603312,西典新能,41.32,0.07,0.17,41.3,41.32,41.25,41.2,41.71,40.95,790700.0,32704406.0,13:52:35
sh603313,梦百合,8.07,0.07,0.875,8.07,8.08,8.0,8.0,8.08,7.97,2305393.0,18503792.0,13:52:35
sh603315,福鞍股份,16.84,1.53,9.993,16.84,0.0,15.31,15.18,16.84,15.18,32005902.0,524504514.0,13:52:29
sh603316,诚邦股份,15.15,0.45,3.061,15.14,15.15,14.7,14.7,15.28,14.0,11926590.0,176216827.0,13:52:37
sh603317,天味食品,13.31,0.16,1.217,13.31,13.32,13.15,13.11,13.39,13.05,6884782.0,91018389.0,13:52:39
sh603318,水发燃气,7.64,0.08,1.058,7.63,7.64,7.56,7.46,7.64,7.33,15278600.0,114080926.0,13:52:40
sh603319,美湖股份,34.53,-0.22,-0.633,34.52,34.53,34.75,35.0,35.31,34.33,8186875.0,285003309.0,13:52:39
sh603320,迪贝电气,22.86,0.12,0.528,22.85,22.86,22.74,22.64,23.3,22.42,4193339.0,95971145.0,13:52:38
sh603321,梅轮电梯,7.46,0.22,3.039,7.45,7.46,7.24,7.29,7.46,7.22,2284798.0,16724360.0,13:52:39
sh603322,超讯通信,36.26,3.3,10.012,36.26,0.0,32.96,33.05,36.26,32.97,18475553.0,656560862.0,13:52:39
sh603323,苏农银行,4.85,-0.01,-0.206,4.84,4.85,4.86,4.85,4.87,4.83,12166380.0,59020342.0,13:52:38
sh603324,盛剑科技,26.1,0.18,0.694,26.09,26.1,25.92,26.2,26.33,25.92,1727780.0,45131350.0,13:52:40
sh603325,博隆技术,74.86,0.33,0.443,74.86,74.91,74.53,74.74,75.38,74.6,446680.0,33525815.0,13:52:39
sh603326,我乐家居,8.76,0.21,2.456,8.75,8.76,8.55,8.6,8.76,8.55,2556000.0,22100509.0,13:52:38
sh603327,福蓉科技,10.51,-0.03,-0.285,10.51,10.52,10.54,10.54,10.56,10.22,62969889.0,655307275.0,13:52:39
sh603328,依顿电子,12.86,0.18,1.42,12.85,12.86,12.68,12.63,12.99,12.63,20834194.0,267883273.0,13:52:38
sh603329,上海雅仕,10.48,0.16,1.55,10.48,10.49,10.32,10.32,10.49,10.21,1274530.0,13201429.0,13:52:38
sh603330,天洋新材,6.86,0.17,2.541,6.86,6.87,6.69,6.68,6.87,6.63,3717284.0,25205956.0,13:52:33
sh603331,百达精工,15.29,0.16,1.058,15.28,15.29,15.13,15.23,15.3,15.09,3376120.0,51320936.0,13:52:39
sh603332,苏州龙杰,13.14,0.27,2.098,13.13,13.14,12.87,12.84,13.14,12.76,2156282.0,27931001.0,13:52:39
sh603333,尚纬股份,7.8,0.04,0.515,7.8,7.81,7.76,7.74,7.82,7.66,4257550.0,32904916.0,13:52:39
sh603334,丰倍生物,54.69,1.03,1.919,54.67,54.7,53.66,54.0,54.99,53.41,1143500.0,62183965.0,13:52:36
sh603335,迪生力,6.3,0.41,6.961,6.3,6.31,5.89,5.97,6.31,5.87,17326754.0,105609998.0,13:52:40
sh603336,宏辉果蔬,9.34,0.01,0.107,9.33,9.34,9.33,9.33,9.38,9.2,4486937.0,41574617.0,13:52:37
sh603337,杰克科技,39.28,-0.37,-0.933,39.28,39.35,39.65,39.84,40.11,39.27,1668805.0,66276218.0,13:52:39
sh603338,浙江鼎力,51.25,1.68,3.389,51.23,51.25,49.57,49.88,52.0,49.81,5375130.0,274940452.0,13:52:38
sh603339,四方科技,13.18,0.07,0.534,13.17,13.18,13.11,13.1,13.18,13.04,1158578.0,15187309.0,13:52:39
sh603341,龙旗科技,38.98,0.23,0.594,38.96,38.98,38.75,38.91,39.28,38.71,4621356.0,180273065.0,13:52:40
sh603344,星德胜,27.97,0.22,0.793,27.96,27.97,27.75,27.93,28.05,27.7,769865.0,21497201.0,13:52:35
sh603345,安井食品,94.39,-0.41,-0.432,94.37,94.42,94.8,95.5,95.93,94.2,2428007.0,230546356.0,13:52:39
sh603348,文灿股份,20.25,-0.01,-0.049,20.24,20.25,20.26,20.2,20.44,20.14,2186825.0,44209343.0,13:52:38
sh603350,安乃达,36.88,0.15,0.408,36.84,36.88,36.73,36.76,37.72,36.67,1269700.0,46892535.0,13:52:40
sh603351,威尔药业,26.55,0.76,2.947,26.56,26.58,25.79,25.87,26.89,25.64,1337020.0,35459934.0,13:52:31
sh603352,至信股份,38.42,-0.21,-0.544,38.41,38.42,38.63,38.68,38.77,38.32,1301903.0,50029284.0,13:52:35
sh603353,和顺石油,38.3,-0.35,-0.906,38.29,38.3,38.65,38.66,38.75,38.02,2991400.0,114620714.0,13:52:40
sh603355,莱克电气,27.34,-1.54,-5.332,27.33,27.34,28.88,28.75,28.75,27.04,5007000.0,138180207.0,13:52:38
sh603356,华菱精工,16.4,0.79,5.061,16.4,16.41,15.61,15.6,16.86,15.35,6985200.0,112687944.0,13:52:32
sh603357,设计总院,8.14,0.07,0.867,8.13,8.14,8.07,8.08,8.14,8.05,2632920.0,21307838.0,13:52:38
sh603358,华达科技,34.34,1.73,5.305,34.34,34.36,32.61,33.27,35.32,33.27,15043495.0,517885650.0,13:52:38
sh603359,东珠生态,5.88,0.14,2.439,5.87,5.88,5.74,5.78,5.88,5.72,4859762.0,28166805.0,13:52:40
sh603360,百傲化学,26.4,0.0,0.0,26.38,26.4,26.4,26.37,26.64,26.1,5754140.0,151233727.0,13:52:40
sh603363,傲农生物,4.21,-0.08,-1.865,4.2,4.21,4.29,4.28,4.28,4.16,44642900.0,187502456.0,13:52:38
sh603365,水星家纺,20.85,0.02,0.096,20.84,20.85,20.83,20.83,21.27,20.8,1404132.0,29523389.0,13:52:37
sh603366,日出东方,8.89,0.02,0.225,8.88,8.89,8.87,8.8,8.95,8.73,14657083.0,129377851.0,13:52:39
sh603367,辰欣药业,16.29,-0.12,-0.731,16.28,16.29,16.41,16.31,16.37,16.13,5519000.0,89655359.0,13:52:39
sh603368,柳药集团,17.02,-0.17,-0.989,17.02,17.03,17.19,17.13,17.19,16.95,3253732.0,55456510.0,13:52:40
sh603369,今世缘,26.31,-0.15,-0.567,26.31,26.32,26.46,26.44,26.64,26.22,5222700.0,137869217.0,13:52:38
sh603370,华新精科,43.97,-0.29,-0.655,43.95,43.97,44.26,44.1,44.39,43.88,424591.0,18716798.0,13:52:25
sh603373,安邦护卫,40.95,0.51,1.261,40.94,40.95,40.44,40.45,41.11,40.1,756123.0,30748438.0,13:52:40
sh603375,盛景微,39.73,0.48,1.223,39.7,39.73,39.25,39.24,40.17,38.9,1284700.0,50821751.0,13:52:38
sh603376,大明电子,33.61,0.16,0.478,33.6,33.62,33.45,33.79,33.97,33.5,732900.0,24716560.0,13:52:39
sh603377,ST东时,3.81,0.1,2.695,3.8,3.81,3.71,3.71,3.83,3.71,7943746.0,29948909.0,13:52:35
sh603378,亚士创能,5.63,0.22,4.067,5.63,5.64,5.41,5.43,5.64,5.35,5951393.0,32715052.0,13:52:40
sh603379,三美股份,62.23,0.54,0.875,62.15,62.22,61.69,61.68,62.95,61.5,3701054.0,230575231.0,13:52:40
sh603380,易德龙,36.19,-0.49,-1.336,36.19,36.2,36.68,36.41,36.63,35.92,1997000.0,72245037.0,13:52:38
sh603381,永臻股份,23.23,0.53,2.335,23.23,23.24,22.7,22.71,23.46,22.58,4680800.0,107986345.0,13:52:39
sh603382,海阳科技,27.07,0.05,0.185,27.06,27.07,27.02,27.14,27.14,26.97,489200.0,13237143.0,13:52:32
sh603383,顶点软件,32.6,0.97,3.067,32.59,32.6,31.63,31.94,33.7,31.94,10093410.0,332029653.0,13:52:39
sh603385,惠达卫浴,6.48,0.08,1.25,6.47,6.48,6.4,6.44,6.48,6.37,2950430.0,18940008.0,13:52:38
sh603386,骏亚科技,14.19,0.23,1.648,14.18,14.19,13.96,13.96,14.25,13.77,3783900.0,53352172.0,13:52:39
sh603387,基蛋生物,9.92,-0.24,-2.362,9.92,9.93,10.16,10.01,10.04,9.72,21286965.0,209097087.0,13:52:38
sh603389,*ST亚振,48.91,0.16,0.328,48.84,48.9,48.75,48.75,49.8,48.43,1008780.0,49335067.0,13:52:47
sh603390,通达电气,11.99,0.12,1.011,11.99,12.0,11.87,11.94,12.0,11.82,2538292.0,30257974.0,13:52:47
sh603391,力聚热能,65.6,-2.01,-2.973,65.6,65.67,67.61,67.61,67.61,65.5,1177722.0,77853937.0,13:52:47
sh603392,万泰生物,39.15,-0.25,-0.635,39.14,39.15,39.4,39.4,39.65,39.0,1634519.0,64099946.0,13:52:46
sh603393,新天然气,33.33,0.62,1.895,33.32,33.33,32.71,32.71,33.58,32.32,6141334.0,202744868.0,13:52:46
sh603395,红四方,27.97,0.1,0.359,27.96,27.97,27.87,27.88,27.99,27.74,1310500.0,36538640.0,13:52:49
sh603396,金辰股份,35.55,0.31,0.88,35.53,35.55,35.24,35.2,35.67,34.74,2348542.0,82999958.0,13:52:46
sh603398,*ST沐邦,12.59,-0.31,-2.403,12.59,12.6,12.9,12.9,12.9,12.52,5962947.0,75605574.0,13:52:47
sh603399,永杉锂业,12.98,0.93,7.718,12.98,12.99,12.05,12.05,13.26,12.05,79935077.0,1025324375.0,13:52:48
sh603400,华之杰,70.02,1.42,2.07,70.01,70.02,68.6,68.65,70.15,68.2,798669.0,55483140.0,13:52:33
sh603402,陕西旅游,140.43,1.57,1.131,140.43,140.45,138.86,137.29,141.87,137.12,1570633.0,218766834.0,13:52:46
sh603406,天富龙,34.64,0.14,0.406,34.62,34.63,34.5,34.41,34.68,34.34,506112.0,17448585.0,13:52:48
sh603408,建霖家居,12.18,0.2,1.669,12.18,12.19,11.98,12.02,12.19,11.99,1167600.0,14126079.0,13:52:48
sh603409,汇通控股,42.15,0.14,0.333,42.14,42.15,42.01,42.0,42.37,41.58,1856108.0,77921671.0,13:52:43
sh603416,信捷电气,50.02,0.74,1.502,50.0,50.02,49.28,49.9,50.68,49.58,1431922.0,71686103.0,13:52:38
sh603418,友升股份,51.35,0.07,0.137,51.34,51.35,51.28,51.39,51.58,51.22,388828.0,19955916.0,13:52:47
sh603421,鼎信通讯,8.31,-0.01,-0.12,8.3,8.31,8.32,8.33,8.37,8.16,14963312.0,123273435.0,13:52:47
sh603429,*ST集友,9.45,-0.47,-4.738,9.45,9.46,9.92,9.92,10.01,9.42,7852980.0,74708451.0,13:52:41
sh603439,三力制药,11.1,-0.03,-0.27,11.09,11.1,11.13,11.13,11.19,11.03,1346700.0,14923033.0,13:52:47
sh603444,吉比特,386.54,-6.8,-1.729,386.54,386.56,393.34,391.34,391.34,380.0,3764576.0,1446318538.0,13:52:46
sh603456,九洲药业,17.36,-0.11,-0.63,17.36,17.37,17.47,17.46,17.57,17.26,7841412.0,136245536.0,13:52:49
sh603458,勘设股份,11.88,0.48,4.211,11.88,11.89,11.4,11.4,12.25,11.17,21950498.0,258921614.0,13:52:47
sh603459,红板科技,67.36,-1.04,-1.52,67.36,67.37,68.4,70.0,70.0,64.0,34590398.0,2301974987.0,13:52:48
sh603466,风语筑,9.59,0.23,2.457,9.58,9.59,9.36,9.41,9.69,9.36,18964699.0,180295679.0,13:52:44
sh603477,巨星农牧,18.84,-0.03,-0.159,18.84,18.85,18.87,18.86,19.05,18.37,18018281.0,338080803.0,13:52:47
sh603486,科沃斯,62.69,0.08,0.128,62.68,62.69,62.61,62.68,63.66,62.52,4099855.0,258155915.0,13:52:48
sh603488,展鹏科技,11.23,0.33,3.028,11.22,11.23,10.9,10.89,11.74,10.78,14728220.0,166714656.0,13:52:47
sh603489,八方股份,34.17,0.17,0.5,34.17,34.19,34.0,33.95,34.61,33.84,2121800.0,72389352.0,13:52:48
sh603496,恒为科技,30.06,1.2,4.158,30.05,30.06,28.86,28.97,30.3,28.97,15662045.0,466528708.0,13:52:48
sh603499,翔港科技,22.01,0.15,0.686,22.0,22.01,21.86,21.85,22.58,21.71,4277720.0,94588460.0,13:52:48
sh603500,祥和实业,11.25,0.06,0.536,11.24,11.25,11.19,11.19,11.26,11.16,2372400.0,26584323.0,13:52:49
sh603501,豪威集团,93.37,1.06,1.148,93.36,93.37,92.31,92.75,94.17,92.49,12850285.0,1198873363.0,13:52:48
sh603505,金石资源,17.74,0.13,0.738,17.73,17.74,17.61,17.63,17.86,17.56,6007569.0,106644426.0,13:52:48
sh603506,南都物业,12.43,0.25,2.053,12.43,12.46,12.18,12.17,12.48,12.14,1103540.0,13544109.0,13:52:46
sh603507,振江股份,46.23,1.1,2.437,46.23,46.25,45.13,45.2,46.34,44.65,9282234.0,422120485.0,13:52:47
sh603508,思维列控,24.2,-0.09,-0.371,24.2,24.21,24.29,24.28,24.36,24.16,2387544.0,57871183.0,13:52:47
sh603511,爱慕股份,14.33,0.1,0.703,14.33,14.34,14.23,14.28,14.39,14.15,723200.0,10314860.0,13:52:42
sh603515,欧普照明,19.97,0.2,1.012,19.96,19.97,19.77,19.9,20.2,19.78,1743450.0,34921710.0,13:52:49
sh603516,淳中科技,142.39,-0.94,-0.656,142.38,142.39,143.33,143.82,144.86,141.38,3995525.0,570574851.0,13:52:46
sh603517,ST绝味,12.77,0.0,0.0,12.77,12.79,12.77,12.75,12.9,12.73,1654800.0,21219557.0,13:52:47
sh603518,锦泓集团,9.05,0.14,1.571,9.04,9.05,8.91,8.96,9.05,8.88,2539900.0,22821902.0,13:52:49
sh603519,立霸股份,14.2,0.09,0.638,14.2,14.21,14.11,14.07,14.44,14.02,4083905.0,58155094.0,13:52:46
sh603520,司太立,11.09,-0.07,-0.627,11.09,11.1,11.16,11.16,11.16,10.88,16344638.0,179587272.0,13:52:47
sh603527,众源新材,11.85,0.23,1.979,11.85,11.86,11.62,11.79,12.06,11.7,20079581.0,238037049.0,13:52:48
sh603528,多伦科技,8.21,0.09,1.108,8.2,8.21,8.12,8.13,8.21,8.1,4094400.0,33440885.0,13:52:47
sh603529,爱玛科技,29.26,0.0,0.0,29.26,29.27,29.26,29.1,29.3,28.85,6153366.0,179534640.0,13:52:47
sh603530,神马电力,61.75,0.34,0.554,61.74,61.75,61.41,61.17,62.5,58.36,7067367.0,431506221.0,13:52:47
sh603533,掌阅科技,25.72,0.28,1.101,25.71,25.72,25.44,25.66,26.22,25.56,14347602.0,370379849.0,13:52:49
sh603535,嘉诚国际,8.39,0.08,0.963,8.38,8.39,8.31,8.31,8.39,8.29,2194249.0,18290399.0,13:52:49
sh603536,惠发食品,9.92,-0.13,-1.294,9.92,9.93,10.05,9.99,10.03,9.66,5648640.0,55346464.0,13:52:46
sh603538,美诺华,57.03,1.53,2.757,57.03,57.09,55.5,55.5,57.29,54.21,53985623.0,2997528987.0,13:52:46
sh603551,奥普科技,12.19,0.23,1.923,12.17,12.19,11.96,11.9,12.19,11.87,3301873.0,39862743.0,13:52:38
sh603556,海兴电力,35.58,-1.02,-2.787,35.57,35.58,36.6,36.59,36.59,35.36,3833653.0,137087693.0,13:52:47
sh603557,ST起步,4.08,0.01,0.246,4.08,4.09,4.07,4.06,4.16,4.04,6790600.0,27783048.0,13:52:21
sh603558,健盛集团,13.73,0.41,3.078,13.72,13.73,13.32,13.38,13.89,13.35,8667100.0,118714209.0,13:52:46
sh603559,ST通脉,7.1,-0.01,-0.141,7.1,7.11,7.11,7.11,7.14,7.05,1727600.0,12244547.0,13:52:47
sh603565,中谷物流,11.78,0.18,1.552,11.78,11.79,11.6,11.65,11.83,11.62,12245756.0,143724146.0,13:52:45
sh603566,普莱柯,12.87,0.02,0.156,12.86,12.87,12.85,12.89,12.89,12.76,2397000.0,30745498.0,13:52:36
sh603567,珍宝岛,6.85,-0.05,-0.725,6.85,6.86,6.9,6.88,6.96,6.77,13306080.0,91008437.0,13:52:47
sh603568,伟明环保,23.27,-1.3,-5.291,23.27,23.28,24.57,24.58,24.75,22.95,10468670.0,249345363.0,13:52:47
sh603569,长久物流,6.89,0.05,0.731,6.88,6.89,6.84,6.81,6.9,6.79,2367760.0,16194671.0,13:52:47
sh603577,汇金通,11.19,0.05,0.449,11.18,11.19,11.14,11.06,11.32,10.9,6408770.0,71195727.0,13:52:44
sh603578,三星新材,12.67,0.2,1.604,12.66,12.67,12.47,12.45,12.76,12.36,2343730.0,29351446.0,13:52:49
sh603579,荣泰健康,20.3,0.19,0.945,20.29,20.3,20.11,20.08,20.3,19.98,1999000.0,40235137.0,13:52:46
sh603580,*ST艾艾,18.93,0.49,2.657,18.93,18.94,18.44,18.0,18.95,18.0,1751900.0,32432586.0,13:52:48
sh603583,捷昌驱动,33.22,0.07,0.211,33.21,33.22,33.15,33.32,33.56,33.17,2135424.0,71191922.0,13:52:46
sh603585,苏利股份,24.97,0.0,0.0,24.97,24.99,24.97,25.47,25.47,24.66,10900498.0,272606183.0,13:52:47
sh603586,金麒麟,18.38,0.16,0.878,18.37,18.38,18.22,18.21,18.38,18.11,1123200.0,20474460.0,13:52:47
sh603587,地素时尚,12.36,0.03,0.243,12.36,12.37,12.33,12.33,12.43,12.29,914500.0,11296252.0,13:52:45
sh603588,高能环境,15.33,0.13,0.855,15.33,15.34,15.2,15.22,15.5,15.03,58933650.0,899483666.0,13:52:48
sh603589,口子窖,25.0,0.01,0.04,24.99,25.0,24.99,24.9,25.16,24.88,1647126.0,41210218.0,13:52:48
sh603590,康辰药业,38.96,-0.15,-0.384,38.96,38.97,39.11,39.0,39.24,38.35,1563800.0,60736912.0,13:52:49
sh603595,ST东尼,16.64,0.2,1.217,16.63,16.64,16.44,16.44,16.81,16.44,1572060.0,26165919.0,13:52:32
sh603596,伯特利,46.38,0.58,1.266,46.37,46.38,45.8,46.76,47.1,46.28,8770707.0,408785482.0,13:52:47
sh603598,引力传媒,21.26,0.44,2.113,21.25,21.26,20.82,20.97,21.44,20.95,13230442.0,280465403.0,13:52:47
sh603599,广信股份,14.2,0.0,0.0,14.19,14.2,14.2,14.21,14.34,14.1,5259085.0,74714130.0,13:52:46
sh603600,永艺股份,11.26,0.12,1.077,11.26,11.27,11.14,11.15,11.32,11.15,3079300.0,34649002.0,13:52:46
sh603601,再升科技,15.09,0.77,5.377,15.09,15.1,14.32,14.31,15.7,14.18,243565634.0,3635557581.0,13:52:47
sh603602,纵横通信,13.38,0.36,2.765,13.37,13.38,13.02,13.07,13.38,13.01,3374200.0,44660358.0,13:52:48
sh603605,珀莱雅,59.48,-0.29,-0.485,59.46,59.48,59.77,59.84,59.85,59.08,2176544.0,129076301.0,13:52:46
sh603606,东方电缆,59.31,0.11,0.186,59.31,59.32,59.2,59.49,59.77,58.86,6710661.0,398334435.0,13:52:48
sh603607,京华激光,22.57,0.23,1.03,22.56,22.57,22.34,22.3,22.61,22.3,1277552.0,28721120.0,13:52:46
sh603608,天创时尚,11.64,0.13,1.129,11.63,11.64,11.51,11.5,11.74,11.4,11036360.0,127243589.0,13:52:46
sh603609,禾丰股份,7.04,-0.05,-0.705,7.03,7.04,7.09,7.06,7.1,6.99,1939650.0,13640189.0,13:52:47
sh603610,麒盛科技,15.56,0.01,0.064,15.56,15.58,15.55,15.69,15.69,15.12,5941700.0,91017154.0,13:52:46
sh603611,诺力股份,20.69,0.2,0.976,20.68,20.69,20.49,20.55,20.7,20.44,1930780.0,39759307.0,13:52:47
sh603612,索通发展,27.37,0.89,3.361,27.37,27.38,26.48,26.47,27.59,26.47,15830729.0,431551903.0,13:52:47
sh603613,国联股份,27.5,0.33,1.215,27.5,27.51,27.17,27.2,27.89,26.9,11019738.0,301585281.0,13:52:47
sh603615,茶花股份,19.48,0.32,1.67,19.47,19.48,19.16,19.15,19.82,19.04,3752700.0,73177322.0,13:52:46
sh603616,韩建河山,6.41,0.08,1.264,6.41,6.42,6.33,6.36,6.42,6.28,7314600.0,46454552.0,13:52:46
sh603617,君禾股份,7.46,0.14,1.913,7.46,7.47,7.32,7.38,7.47,7.31,3603000.0,26660989.0,13:52:41
sh603618,杭电股份,22.63,1.01,4.672,22.61,22.62,21.62,21.77,23.19,21.4,74024773.0,1660328139.0,13:52:45
sh603619,中曼石油,34.46,-0.38,-1.091,34.45,34.46,34.84,34.66,34.99,33.91,12084630.0,415267344.0,13:52:48
sh603626,科森科技,23.8,-0.3,-1.245,23.8,23.82,24.1,25.03,25.95,23.73,32222000.0,783173613.0,13:52:47
sh603628,清源股份,13.28,0.03,0.226,13.28,13.29,13.25,13.22,13.34,13.1,4429541.0,58754035.0,13:52:43
sh603629,利通电子,95.68,7.73,8.789,95.7,95.79,87.95,87.95,96.75,87.95,45883514.0,4296891857.0,13:52:45
sh603630,拉芳家化,16.42,0.3,1.861,16.41,16.42,16.12,16.11,16.44,15.98,2225860.0,36125707.0,13:52:48
sh603633,徕木股份,8.11,0.05,0.62,8.11,8.12,8.06,8.04,8.17,7.9,17970724.0,144211712.0,13:52:44
sh603636,南威软件,9.35,0.15,1.63,9.34,9.35,9.2,9.2,9.36,9.2,5285800.0,49080462.0,13:52:46
sh603637,镇海股份,14.26,0.08,0.564,14.26,14.27,14.18,14.18,14.38,13.88,7733246.0,108750389.0,13:52:48
sh603638,艾迪精密,20.48,0.25,1.236,20.48,20.49,20.23,20.33,20.58,20.23,3968314.0,81156505.0,13:52:47
sh603639,海利尔,13.29,0.04,0.302,13.28,13.29,13.25,13.3,13.31,13.15,1475396.0,19508911.0,13:52:47
sh603648,畅联股份,9.93,0.08,0.812,9.93,9.95,9.85,9.85,9.95,9.79,910600.0,8986706.0,13:52:46
sh603650,彤程新材,52.57,0.17,0.324,52.57,52.58,52.4,52.35,52.75,52.01,5458929.0,286160748.0,13:52:46
sh603655,朗博科技,39.46,0.02,0.051,39.45,39.46,39.44,39.66,39.85,39.19,826700.0,32602115.0,13:52:40
sh603656,泰禾智能,20.48,-0.07,-0.341,20.47,20.49,20.55,20.58,20.58,20.37,1323300.0,27073873.0,13:52:48
sh603657,春光科技,26.15,0.49,1.91,26.14,26.15,25.66,25.65,26.16,25.41,1256400.0,32537606.0,13:52:46
sh603658,安图生物,34.28,-0.14,-0.407,34.27,34.28,34.42,34.52,34.52,34.21,1139600.0,39088825.0,13:52:46
sh603659,璞泰来,35.68,0.79,2.264,35.67,35.68,34.89,35.46,36.45,34.8,55576143.0,1983898024.0,13:52:46
sh603660,苏州科达,10.21,0.07,0.69,10.2,10.21,10.14,10.13,10.26,10.06,11412130.0,116209874.0,13:52:45
sh603661,恒林股份,31.52,0.61,1.973,31.51,31.53,30.91,30.97,31.55,30.9,501800.0,15690556.0,13:52:47
sh603662,柯力传感,56.51,0.02,0.035,56.51,56.52,56.49,57.29,57.31,56.4,1924480.0,109304324.0,13:52:47
sh603663,三祥新材,44.52,1.24,2.865,44.52,44.53,43.28,43.5,44.67,43.12,5655779.0,248819086.0,13:52:47
sh603665,康隆达,28.32,0.02,0.071,28.3,28.32,28.3,28.4,28.5,27.97,1583076.0,44638585.0,13:52:47
sh603666,亿嘉和,26.08,0.19,0.734,26.08,26.09,25.89,25.89,26.38,25.84,1855952.0,48447414.0,13:52:43
sh603667,五洲新春,70.32,0.13,0.185,70.32,70.33,70.19,72.9,73.48,70.01,20251936.0,1443683817.0,13:52:47
sh603668,天马科技,13.51,0.24,1.809,13.5,13.51,13.27,13.23,13.69,13.11,16812806.0,223321504.0,13:52:45
sh603669,灵康药业,4.63,-0.08,-1.699,4.62,4.63,4.71,4.64,4.72,4.58,13498376.0,62420959.0,13:52:48
sh603676,卫信康,10.52,-0.07,-0.661,10.51,10.53,10.59,10.59,10.59,10.4,1345300.0,14073003.0,13:52:47
sh603677,奇精机械,15.8,0.13,0.83,15.78,15.8,15.67,15.73,15.83,15.52,673700.0,10593810.0,13:52:41
sh603678,火炬电子,33.15,0.04,0.121,33.15,33.16,33.11,33.11,33.29,32.9,5397470.0,178578448.0,13:52:48
sh603679,华体科技,14.01,0.3,2.188,14.01,14.02,13.71,13.7,14.03,13.56,3575140.0,49483333.0,13:52:47
sh603680,今创集团,13.44,0.43,3.305,13.43,13.45,13.01,13.07,13.65,13.05,5584446.0,74769013.0,13:52:46
sh603681,永冠新材,18.24,0.1,0.551,18.23,18.24,18.14,18.14,18.26,17.96,4091040.0,74353361.0,13:52:45
sh603682,锦和商管,7.32,0.32,4.571,7.31,7.32,7.0,7.01,7.41,6.95,23837400.0,171823741.0,13:52:47
sh603683,晶华新材,28.35,0.16,0.568,28.34,28.36,28.19,28.13,28.6,28.08,10807435.0,306175825.0,13:52:40
sh603685,晨丰科技,30.94,1.65,5.633,30.95,30.98,29.29,29.58,31.26,28.8,4094252.0,123155845.0,13:52:48
sh603686,福龙马,18.82,0.33,1.785,18.81,18.82,18.49,18.5,18.85,18.4,8297320.0,154983471.0,13:52:45
sh603687,大胜达,19.84,1.8,9.978,19.84,0.0,18.04,19.0,19.84,18.66,137894254.0,2718893216.0,13:52:47
sh603688,石英股份,51.66,-0.14,-0.27,51.66,51.67,51.8,51.74,52.66,51.03,19056239.0,988575103.0,13:52:46
sh603689,皖天然气,8.12,0.0,0.0,8.12,8.13,8.12,8.12,8.13,8.09,2551001.0,20689456.0,13:52:47
sh603690,至纯科技,25.24,-0.17,-0.669,25.24,25.25,25.41,25.48,25.52,25.13,5691621.0,143963485.0,13:52:46
sh603693,江苏新能,13.95,-0.03,-0.215,13.94,13.95,13.98,13.97,14.1,13.75,9470052.0,132541149.0,13:52:48
sh603696,安记食品,15.89,0.24,1.534,15.89,15.9,15.65,15.59,15.9,15.36,4100037.0,64211610.0,13:52:46
sh603697,有友食品,9.94,0.07,0.709,9.94,9.95,9.87,9.86,9.95,9.8,2793340.0,27617664.0,13:52:47
sh603698,航天工程,42.84,3.31,8.373,42.83,42.84,39.53,38.2,43.3,38.19,60555013.0,2502011728.0,13:52:46
sh603699,纽威股份,52.4,1.28,2.504,52.4,52.41,51.12,51.45,52.98,51.15,4627316.0,241424603.0,13:52:46
sh603700,宁水集团,13.65,0.3,2.247,13.64,13.65,13.35,13.45,13.65,13.33,1655721.0,22271019.0,13:52:45
sh603701,德宏股份,24.58,0.52,2.161,24.57,24.58,24.06,24.05,24.73,24.05,4266484.0,104358037.0,13:52:47
sh603703,盛洋科技,13.52,0.43,3.285,13.52,13.53,13.09,13.23,13.85,13.18,10360110.0,139246369.0,13:52:47
sh603706,东方环宇,19.65,0.2,1.028,19.65,19.66,19.45,19.44,19.68,19.27,684500.0,13343191.0,13:52:36
sh603707,健友股份,9.7,-0.13,-1.322,9.69,9.7,9.83,9.83,9.85,9.67,9272600.0,90168183.0,13:52:47
sh603708,家家悦,11.41,0.01,0.088,11.41,11.42,11.4,11.44,11.44,11.33,1944142.0,22102334.0,13:52:45
sh603709,中源家居,17.09,0.53,3.2,17.08,17.09,16.56,16.63,17.09,16.5,980200.0,16449624.0,13:52:46
sh603711,香飘飘,12.59,0.14,1.124,12.58,12.59,12.45,12.45,12.59,12.38,1077800.0,13464430.0,13:52:47
sh603712,七一二,16.48,0.01,0.061,16.47,16.48,16.47,16.48,16.52,16.34,4552806.0,74779410.0,13:52:47
sh603713,密尔克卫,60.95,0.84,1.397,60.92,60.94,60.11,60.26,61.05,59.91,752300.0,45522819.0,13:52:42
sh603716,塞力医疗,23.2,-0.9,-3.734,23.19,23.2,24.1,23.72,23.72,23.0,15932427.0,369577038.0,13:52:47
sh603717,天域生物,6.95,-0.09,-1.278,6.95,6.96,7.04,7.03,7.03,6.75,9600600.0,65544712.0,13:52:45
sh603718,海利生物,4.54,0.05,1.114,4.53,4.54,4.49,4.52,4.57,4.5,8446300.0,38266979.0,13:52:47
sh603719,良品铺子,10.22,0.16,1.59,10.21,10.22,10.06,10.07,10.22,10.01,2346200.0,23759927.0,13:52:47
sh603721,*ST天择,22.15,0.41,1.886,22.12,22.15,21.74,22.0,22.65,21.98,2277500.0,50633105.0,13:52:41
sh603722,阿科力,36.2,0.63,1.771,36.2,36.21,35.57,35.57,36.35,35.2,916000.0,33014190.0,13:52:42
sh603725,天安新材,9.31,0.39,4.372,9.3,9.31,8.92,8.96,9.33,8.86,6951816.0,62915435.0,13:52:45
sh603726,朗迪集团,23.8,0.25,1.062,23.8,23.81,23.55,23.55,23.99,23.42,1304772.0,30906444.0,13:52:45
sh603727,博迈科,19.5,-0.22,-1.116,19.5,19.51,19.72,19.66,19.69,19.1,4682502.0,90398582.0,13:52:47
sh603728,鸣志电器,58.92,0.35,0.598,58.92,58.94,58.57,59.51,59.99,58.63,3413500.0,202088426.0,13:52:45
sh603729,龙韵股份,16.86,0.44,2.68,16.85,16.86,16.42,16.5,16.87,16.39,1580300.0,26216486.0,13:52:46
sh603730,岱美股份,9.96,0.61,6.524,9.94,9.96,9.35,9.53,10.13,9.46,30280667.0,295398042.0,13:52:45
sh603733,仙鹤股份,21.62,-0.04,-0.185,21.61,21.62,21.66,21.43,21.82,21.43,1461000.0,31681749.0,13:52:46
sh603737,三棵树,49.47,-0.54,-1.08,49.47,49.48,50.01,50.15,50.8,49.21,2464027.0,122908815.0,13:52:40
sh603738,泰晶科技,27.24,0.09,0.331,27.23,27.24,27.15,27.16,28.19,26.8,31030268.0,850729503.0,13:52:41
sh603739,蔚蓝生物,15.35,0.1,0.656,15.33,15.35,15.25,15.22,15.39,15.12,2443300.0,37242315.0,13:52:43
sh603755,日辰股份,28.74,0.39,1.376,28.73,28.74,28.35,28.34,28.74,28.16,566500.0,16112246.0,13:52:43
sh603757,大元泵业,56.44,-1.44,-2.488,56.42,56.44,57.88,57.2,59.18,56.07,13714308.0,785946476.0,13:52:44
sh603758,秦安股份,12.82,0.12,0.945,12.8,12.82,12.7,12.71,12.83,12.7,1331490.0,16982461.0,13:52:41
sh603759,海天股份,9.41,0.07,0.749,9.41,9.42,9.34,9.34,9.42,9.28,2366582.0,22133433.0,13:52:43
sh603766,隆鑫通用,15.8,0.48,3.133,15.8,15.81,15.32,15.25,15.94,15.2,23815570.0,372912126.0,13:52:42
sh603767,中马传动,18.69,0.19,1.027,18.68,18.69,18.5,18.65,18.7,18.5,1558700.0,28996241.0,13:52:43
sh603768,常青股份,11.15,0.28,2.576,11.15,11.16,10.87,10.88,11.16,10.86,1567700.0,17277569.0,13:52:43
sh603773,沃格光电,47.6,-1.92,-3.877,47.59,47.6,49.52,49.0,49.0,46.06,24292967.0,1149301505.0,13:52:43
sh603776,永安行,19.23,0.34,1.8,19.22,19.23,18.89,19.09,19.28,18.88,1232400.0,23547316.0,13:52:40
sh603777,来伊份,16.47,-0.05,-0.303,16.47,16.48,16.52,16.37,16.75,16.05,23844865.0,389494720.0,13:52:43
sh603778,国晟科技,27.12,0.31,1.156,27.1,27.11,26.81,24.13,28.47,24.13,152278718.0,3987242779.0,13:52:44
sh603779,威龙股份,6.33,0.18,2.927,6.32,6.33,6.15,6.15,6.34,6.1,4035390.0,25076933.0,13:52:44
sh603786,科博达,56.8,0.61,1.086,56.79,56.8,56.19,56.45,57.32,56.19,2244100.0,127711118.0,13:52:42
sh603787,新日股份,12.71,0.11,0.873,12.7,12.71,12.6,12.58,12.71,12.35,5048700.0,63171928.0,13:52:44
sh603788,宁波高发,15.77,0.16,1.025,15.75,15.77,15.61,15.71,15.78,15.6,1045680.0,16432612.0,13:52:43
sh603789,*ST星农,5.37,0.04,0.75,5.37,5.38,5.33,5.33,5.38,5.31,1401420.0,7480849.0,13:52:34
sh603790,雅运股份,22.22,0.64,2.966,22.22,22.23,21.58,21.7,22.33,21.51,1677900.0,36850361.0,13:52:42
sh603797,联泰环保,4.73,0.07,1.502,4.72,4.73,4.66,4.63,4.73,4.6,2900140.0,13533179.0,13:52:42
sh603798,康普顿,16.75,0.06,0.359,16.74,16.75,16.69,16.69,16.82,16.51,3424100.0,57135471.0,13:52:27
sh603799,华友钴业,64.83,2.07,3.298,64.81,64.83,62.76,63.32,64.88,63.15,66734273.0,4286766497.0,13:52:43
sh603800,洪田股份,46.21,-0.31,-0.666,46.2,46.21,46.52,46.64,47.09,45.92,4958664.0,230109180.0,13:52:42
sh603801,志邦家居,9.03,0.0,0.0,9.02,9.03,9.03,9.05,9.1,9.01,1448172.0,13078261.0,13:52:44
sh603803,瑞斯康达,15.23,-0.29,-1.869,15.22,15.23,15.52,15.0,15.35,14.6,66508104.0,1000928688.0,13:52:43
sh603806,福斯特,17.65,-0.1,-0.563,17.64,17.65,17.75,17.73,17.91,17.51,25381113.0,449055827.0,13:52:41
sh603808,歌力思,10.14,-0.14,-1.362,10.14,10.15,10.28,10.27,10.37,10.0,10112565.0,102433460.0,13:52:43
sh603809,豪能股份,11.22,-0.01,-0.089,11.21,11.22,11.23,11.25,11.46,11.16,11728642.0,131793205.0,13:52:44
sh603810,丰山集团,15.81,0.17,1.087,15.81,15.82,15.64,15.81,15.83,15.4,1284540.0,20003017.0,13:52:44
sh603811,诚意药业,12.21,-0.07,-0.57,12.21,12.22,12.28,12.38,12.38,12.12,5495240.0,67077126.0,13:52:42
sh603813,*ST原尚,28.75,1.09,3.941,28.75,28.8,27.66,26.53,28.96,26.53,1354000.0,37810844.0,13:52:39
sh603815,交建股份,6.56,0.2,3.145,6.56,6.57,6.36,6.51,6.73,6.4,70642763.0,463104090.0,13:52:42
sh603816,顾家家居,30.69,0.05,0.163,30.68,30.69,30.64,30.99,31.29,30.4,5529710.0,170862069.0,13:52:42
sh603817,海峡环保,7.13,-0.06,-0.834,7.12,7.13,7.19,7.14,7.18,7.06,7667800.0,54502972.0,13:52:42
sh603818,曲美家居,3.44,0.05,1.475,3.43,3.44,3.39,3.4,3.44,3.36,7259100.0,24648610.0,13:52:43
sh603819,神力股份,14.12,0.24,1.729,14.11,14.12,13.88,13.86,14.22,13.6,6292100.0,87686402.0,13:52:42
sh603822,ST嘉澳,85.3,-0.68,-0.791,85.3,85.45,85.98,86.05,86.46,85.07,454100.0,38815703.0,13:52:44
sh603823,百合花,15.5,0.36,2.378,15.49,15.5,15.14,15.15,15.68,15.11,4898530.0,75797152.0,13:52:43
sh603825,ST华扬,8.36,0.11,1.333,8.35,8.37,8.25,8.26,8.38,8.23,747500.0,6208895.0,13:52:42
sh603826,坤彩科技,34.16,3.11,10.016,34.16,0.0,31.05,31.56,34.16,31.06,18355307.0,617718922.0,13:52:44
sh603828,ST柯利达,5.99,0.07,1.182,5.98,6.0,5.92,5.92,6.05,5.92,1652020.0,9901851.0,13:52:41
sh603829,洛凯股份,27.08,-0.63,-2.274,27.08,27.09,27.71,27.73,27.8,27.0,3818778.0,104135536.0,13:52:43
sh603833,欧派家居,50.83,0.39,0.773,50.82,50.83,50.44,50.44,51.42,50.43,1502301.0,76510757.0,13:52:43
sh603836,海程邦达,12.96,0.2,1.567,12.95,12.96,12.76,12.87,13.05,12.71,1817200.0,23294509.0,13:52:33
sh603838,*ST四通,8.95,0.17,1.936,8.93,8.95,8.78,8.84,9.02,8.55,2354700.0,20765080.0,13:52:44
sh603839,安正时尚,7.58,0.2,2.71,7.58,7.59,7.38,7.32,7.58,7.32,1780000.0,13271250.0,13:52:42
sh603843,*ST正平,7.68,-0.36,-4.478,7.68,7.69,8.04,7.64,7.94,7.64,36233160.0,278233703.0,13:52:41
sh603848,好太太,15.56,0.23,1.5,15.56,15.57,15.33,15.32,15.57,15.32,1231600.0,19046204.0,13:52:44
sh603855,华荣股份,19.71,0.11,0.561,19.71,19.72,19.6,19.59,19.73,19.5,972500.0,19091020.0,13:52:42
sh603856,东宏股份,12.85,0.21,1.661,12.85,12.86,12.64,12.7,12.86,12.61,1584200.0,20163990.0,13:52:44
sh603858,步长制药,16.83,-0.18,-1.058,16.81,16.83,17.01,16.98,17.02,16.71,5458092.0,91844090.0,13:52:40
sh603859,能科科技,39.48,1.13,2.947,39.48,39.49,38.35,38.75,39.6,38.5,4942396.0,193333519.0,13:52:44
sh603860,中公高科,31.91,0.82,2.638,31.91,31.94,31.09,31.08,31.92,30.8,811800.0,25435202.0,13:52:43
sh603861,白云电器,16.29,-0.4,-2.397,16.28,16.29,16.69,16.58,16.61,16.01,12129342.0,196843912.0,13:52:44
sh603863,松炀资源,18.81,-0.21,-1.104,18.81,18.82,19.02,19.0,19.07,18.57,4588300.0,86133049.0,13:52:43
sh603866,桃李面包,5.06,0.07,1.403,5.06,5.07,4.99,4.98,5.07,4.97,9183160.0,46159165.0,13:52:41
sh603867,新化股份,32.77,0.59,1.833,32.77,32.78,32.18,32.73,33.28,32.0,3486600.0,114465277.0,13:52:42
sh603868,飞科电器,31.79,-0.02,-0.063,31.77,31.79,31.81,31.84,31.93,31.64,599600.0,19064434.0,13:52:39
sh603869,ST智知,10.51,0.04,0.382,10.5,10.51,10.47,10.52,10.53,10.41,668925.0,7006623.0,13:52:41
sh603871,嘉友国际,13.73,-0.31,-2.208,13.73,13.74,14.04,13.9,14.0,13.66,11490205.0,158247970.0,13:52:42
sh603876,鼎胜新材,25.03,0.33,1.336,25.02,25.03,24.7,24.93,25.74,24.4,38447660.0,967406149.0,13:52:43
sh603877,太平鸟,14.31,0.07,0.492,14.3,14.31,14.24,14.14,14.38,14.12,1356400.0,19292962.0,13:52:43
sh603878,武进不锈,7.97,0.45,5.984,7.96,7.97,7.52,7.51,8.18,7.51,16811924.0,131608404.0,13:52:43
sh603879,永悦科技,5.47,0.19,3.598,5.46,5.47,5.28,5.27,5.47,5.26,5143000.0,27515045.0,13:52:44
sh603880,南卫股份,6.48,0.16,2.532,6.47,6.48,6.32,6.34,6.48,6.25,4888906.0,31017761.0,13:52:38
sh603881,数据港,42.29,1.99,4.938,42.28,42.29,40.3,40.95,42.62,40.6,72026704.0,2995789994.0,13:52:42
sh603882,金域医学,27.47,0.25,0.918,27.47,27.48,27.22,27.21,27.93,27.04,4191891.0,115306179.0,13:52:44
sh603883,老百姓,13.68,-0.13,-0.941,13.68,13.69,13.81,13.79,13.81,13.62,5614937.0,76742581.0,13:52:41
sh603885,吉祥航空,11.95,-0.12,-0.994,11.95,11.96,12.07,12.08,12.18,11.91,11112000.0,133194928.0,13:52:41
sh603886,元祖股份,13.34,0.1,0.755,13.33,13.34,13.24,13.26,13.35,13.18,2725600.0,36188732.0,13:52:41
sh603887,城地香江,16.96,0.56,3.415,16.96,16.97,16.4,16.48,17.16,16.41,21091714.0,356216063.0,13:52:41
sh603888,新华网,20.28,0.25,1.248,20.28,20.29,20.03,20.08,20.36,20.07,5621314.0,113761098.0,13:52:42
sh603889,新澳股份,9.1,0.33,3.763,9.1,9.11,8.77,8.71,9.17,8.7,18982168.0,170971892.0,13:52:42
sh603890,春秋电子,18.85,0.14,0.748,18.85,18.86,18.71,18.55,19.38,18.0,88907249.0,1669306104.0,13:52:44
sh603893,瑞芯微,169.85,-0.63,-0.37,169.81,169.85,170.48,171.0,171.9,168.4,5651014.0,962667866.0,13:52:43
sh603895,天永智能,28.56,-0.1,-0.349,28.57,28.6,28.66,28.66,29.59,28.52,1994300.0,57588399.0,13:52:34
sh603896,寿仙谷,18.64,-0.04,-0.214,18.63,18.64,18.68,18.62,18.67,18.47,928170.0,17247527.0,13:52:44
sh603897,长城科技,50.6,4.6,10.0,50.6,0.0,46.0,46.1,50.6,46.1,11155707.0,558955714.0,13:52:42
sh603898,好莱客,13.49,0.0,0.0,13.48,13.49,13.49,13.52,13.58,13.33,1402200.0,18817947.0,13:52:42
sh603899,晨光股份,25.94,0.39,1.526,25.93,25.94,25.55,25.7,26.18,25.55,2101400.0,54520383.0,13:52:42
sh603900,莱绅通灵,7.65,0.19,2.547,7.64,7.65,7.46,7.48,7.65,7.4,4998700.0,37705959.0,13:52:42
sh603901,永创智能,12.35,0.24,1.982,12.34,12.36,12.11,12.12,12.37,12.03,13974795.0,170092902.0,13:52:41
sh603903,中持股份,11.84,-0.02,-0.169,11.84,11.85,11.86,11.88,11.93,11.72,1865600.0,22064618.0,13:52:39
sh603906,龙蟠科技,25.05,2.28,10.013,25.05,0.0,22.77,24.1,25.05,24.1,22618504.0,562191125.0,13:52:41
sh603908,牧高笛,22.95,0.68,3.053,22.93,22.94,22.27,22.35,22.95,22.11,701353.0,15786104.0,13:52:40
sh603909,建发合诚,13.52,0.25,1.884,13.52,13.53,13.27,13.46,13.8,13.17,14035300.0,188881232.0,13:52:42
sh603912,佳力图,10.4,0.26,2.564,10.39,10.4,10.14,10.22,10.48,10.09,23446180.0,242473996.0,13:52:40
sh603915,国茂股份,15.34,-0.12,-0.776,15.33,15.34,15.46,15.47,15.57,15.24,4267740.0,65686785.0,13:52:40
sh603916,苏博特,10.78,0.1,0.936,10.77,10.78,10.68,10.67,10.78,10.6,4220240.0,45063153.0,13:52:38
sh603917,合力科技,13.13,0.13,1.0,13.12,13.13,13.0,13.07,13.13,12.98,2259300.0,29488783.0,13:52:41
sh603918,金桥信息,13.86,0.23,1.687,13.85,13.86,13.63,13.65,13.9,13.65,5239814.0,72285378.0,13:52:40
sh603919,金徽酒,18.09,0.01,0.055,18.08,18.09,18.08,17.95,18.23,17.93,3767700.0,68045835.0,13:52:41
sh603920,世运电路,58.86,5.35,9.998,58.86,0.0,53.51,58.86,58.86,58.86,12805524.0,753733143.0,13:52:39
sh603922,金鸿顺,19.6,0.35,1.818,19.59,19.6,19.25,19.25,20.09,19.21,3617980.0,71390856.0,13:52:40
sh603926,铁流股份,18.14,0.48,2.718,18.13,18.14,17.66,17.72,18.48,17.51,6080030.0,109892717.0,13:52:41
sh603927,中科软,17.04,0.15,0.888,17.04,17.05,16.89,16.9,17.08,16.9,4673103.0,79516523.0,13:52:40
sh603928,兴业股份,14.86,0.15,1.02,14.85,14.86,14.71,14.71,14.86,14.61,1649800.0,24272714.0,13:52:39
sh603929,亚翔集成,183.93,-1.34,-0.723,183.92,183.93,185.27,188.06,188.6,178.74,4541100.0,827454984.0,13:52:40
sh603931,格林达,28.06,0.21,0.754,28.06,28.07,27.85,27.84,28.12,27.58,1363960.0,38027485.0,13:52:41
sh603933,睿能科技,24.95,2.27,10.009,24.95,0.0,22.68,22.8,24.95,22.38,21108255.0,503141553.0,13:52:42
sh603936,博敏电子,14.37,0.13,0.913,14.36,14.37,14.24,14.2,14.48,14.01,21306500.0,304192101.0,13:52:41
sh603937,丽岛新材,14.15,0.24,1.725,14.14,14.15,13.91,13.98,14.16,13.8,4543200.0,63653571.0,13:52:40
sh603938,三孚股份,26.33,-0.95,-3.482,26.33,26.35,27.28,26.88,27.0,26.13,12430028.0,327840707.0,13:52:41
sh603939,益丰药房,23.0,-0.16,-0.691,22.98,23.0,23.16,23.16,23.24,22.8,5086653.0,116747149.0,13:52:40
sh603948,建业股份,27.12,0.19,0.706,27.11,27.13,26.93,27.06,27.12,26.67,867000.0,23318180.0,13:52:37
sh603949,雪龙集团,18.63,-0.2,-1.062,18.62,18.63,18.83,18.57,19.23,18.35,6104254.0,113306278.0,13:52:42
sh603950,长源东谷,60.46,0.62,1.036,60.46,60.49,59.84,61.12,62.5,58.3,19506442.0,1185832013.0,13:52:42
sh603955,大千生态,26.33,0.6,2.332,26.33,26.35,25.73,25.97,26.81,25.73,1519500.0,40069922.0,13:52:37
sh603956,威派格,5.73,0.09,1.596,5.73,5.74,5.64,5.62,5.74,5.6,4523638.0,25654359.0,13:52:41
sh603958,哈森股份,25.85,1.12,4.529,25.83,25.85,24.73,24.51,26.02,23.75,15040700.0,373047260.0,13:52:42
sh603959,百利科技,6.91,0.28,4.223,6.9,6.91,6.63,6.66,7.15,6.61,37035588.0,256143599.0,13:52:40
sh603960,克来机电,24.58,0.26,1.069,24.57,24.58,24.32,24.18,24.92,24.17,9903014.0,244193650.0,13:52:40
sh603966,法兰泰克,14.12,0.12,0.857,14.11,14.12,14.0,14.01,14.22,13.93,9075500.0,127529721.0,13:52:42
sh603967,中创物流,12.98,0.1,0.776,12.97,12.98,12.88,12.87,12.99,12.84,1492490.0,19264366.0,13:52:41
sh603968,醋化股份,11.83,0.09,0.767,11.82,11.83,11.74,11.68,11.84,11.6,3787890.0,44272370.0,13:52:42
sh603969,银龙股份,9.37,0.28,3.08,9.35,9.37,9.09,9.08,9.46,9.05,12253261.0,113559201.0,13:52:37
sh603970,中农立华,12.78,0.16,1.268,12.77,12.78,12.62,12.61,12.9,12.56,1622560.0,20640702.0,13:52:34
sh603976,正川股份,20.05,-0.17,-0.841,20.04,20.07,20.22,20.28,20.28,19.81,915420.0,18283584.0,13:52:36
sh603977,国泰集团,14.39,0.04,0.279,14.38,14.39,14.35,14.43,14.65,14.3,11407408.0,164356875.0,13:52:38
sh603978,深圳新星,25.33,0.13,0.516,25.33,25.34,25.2,25.54,25.74,25.21,6478900.0,165104166.0,13:52:42
sh603979,金诚信,63.73,0.98,1.562,63.71,63.72,62.75,63.37,64.1,62.87,5836531.0,370903473.0,13:52:42
sh603980,吉华集团,6.4,0.1,1.587,6.39,6.4,6.3,6.28,6.44,6.26,15148900.0,96158295.0,13:52:42
sh603982,泉峰汽车,7.84,0.16,2.083,7.84,7.85,7.68,7.73,7.85,7.73,4995154.0,38931031.0,13:52:41
sh603983,丸美生物,24.66,-0.04,-0.162,24.63,24.66,24.7,24.7,24.72,24.23,1258598.0,30742350.0,13:52:40
sh603985,恒润股份,24.54,2.23,9.996,24.54,0.0,22.31,22.63,24.54,22.38,55321549.0,1309174460.0,13:52:41
sh603986,兆易创新,283.95,9.95,3.631,283.7,283.95,274.0,270.1,285.25,268.59,30074082.0,8329357715.0,13:52:40
sh603987,康德莱,8.92,0.02,0.225,8.91,8.92,8.9,8.88,8.92,8.82,3260350.0,28883369.0,13:52:41
sh603988,中电电机,26.39,-0.34,-1.272,26.39,26.4,26.73,26.73,26.73,26.14,5882500.0,154624332.0,13:52:40
sh603989,艾华集团,19.51,-0.05,-0.256,19.51,19.52,19.56,19.55,19.76,19.36,3895500.0,76085150.0,13:52:41
sh603990,麦迪科技,15.19,0.02,0.132,15.19,15.2,15.17,15.16,15.21,15.03,5023660.0,75874873.0,13:52:42
sh603991,至正股份,112.4,2.46,2.238,112.3,112.41,109.94,109.93,113.33,107.73,1774834.0,195039484.0,13:52:42
sh603992,松霖科技,34.45,1.05,3.144,34.44,34.47,33.4,33.4,34.75,32.9,4666621.0,158584522.0,13:52:42
sh603993,洛阳钼业,20.21,0.24,1.202,20.2,20.21,19.97,19.98,20.34,19.98,167437636.0,3377671517.0,13:52:40
sh603995,甬金股份,18.16,0.03,0.165,18.16,18.17,18.13,18.12,18.27,18.02,2771000.0,50269544.0,13:52:42
sh603997,继峰股份,13.08,0.33,2.588,13.07,13.08,12.75,12.85,13.15,12.67,8288903.0,107243655.0,13:52:40
sh603998,方盛制药,10.74,-0.17,-1.558,10.74,10.75,10.91,10.9,10.9,10.68,6463100.0,69400782.0,13:52:42
sh603999,读者传媒,6.96,0.09,1.31,6.96,6.97,6.87,6.88,6.97,6.83,4339800.0,29909854.0,13:52:41
sh605001,威奥股份,7.53,0.15,2.033,7.53,7.54,7.38,7.37,7.55,7.34,2968100.0,22098522.0,13:52:41
sh605003,众望布艺,28.94,0.34,1.189,28.92,28.96,28.6,28.94,29.28,28.5,781400.0,22516916.0,13:52:36
sh605005,合兴股份,20.91,0.08,0.384,20.91,20.92,20.83,20.88,21.21,20.63,3275400.0,68326131.0,13:52:40
sh605006,山东玻纤,10.22,0.08,0.789,10.21,10.22,10.14,10.18,10.41,9.89,33079078.0,337356850.0,13:52:42
sh605007,五洲特纸,14.1,0.1,0.714,14.09,14.1,14.0,13.99,14.17,13.92,2617200.0,36820541.0,13:52:41
sh605008,长鸿高科,12.12,0.12,1.0,12.11,12.12,12.0,12.04,12.12,11.96,961580.0,11591189.0,13:52:42
sh605009,豪悦护理,28.43,0.11,0.388,28.42,28.43,28.32,28.31,28.43,28.12,549395.0,15524396.0,13:52:40
sh605011,杭州热电,19.25,-0.03,-0.156,19.24,19.25,19.28,19.33,19.33,19.16,1627428.0,31258910.0,13:52:42
sh605016,百龙创园,26.84,0.45,1.705,26.8,26.84,26.39,26.38,26.94,26.3,4290641.0,114620426.0,13:52:40
sh605018,长华集团,12.65,0.43,3.519,12.64,12.65,12.22,12.22,12.86,12.2,11315600.0,141816376.0,13:52:42
sh605020,永和股份,25.25,0.16,0.638,25.24,25.25,25.09,25.13,25.37,25.03,4640226.0,117096259.0,13:52:40
sh605028,世茂能源,28.13,-0.02,-0.071,28.12,28.13,28.15,28.14,28.31,27.8,809800.0,22652488.0,13:52:41
sh605033,美邦股份,22.65,0.07,0.31,22.65,22.66,22.58,22.59,22.65,22.4,1375900.0,30990873.0,13:52:39
sh605050,福然德,13.04,0.29,2.275,13.04,13.05,12.75,12.71,13.19,12.63,7718322.0,99458142.0,13:52:42
sh605055,迎丰股份,11.16,0.21,1.918,11.15,11.16,10.95,11.12,11.48,10.74,15089500.0,169346119.0,13:52:40
sh605056,咸亨国际,28.18,0.09,0.32,28.17,28.19,28.09,28.09,28.6,27.7,5803900.0,163304273.0,13:52:34
sh605058,澳弘电子,35.99,0.13,0.363,35.99,36.0,35.86,35.86,36.86,35.65,4134450.0,148747162.0,13:52:39
sh605060,联德股份,58.95,5.36,10.002,58.95,0.0,53.59,53.56,58.95,53.56,8656200.0,496242797.0,13:52:41
sh605066,天正电气,8.26,0.06,0.732,8.26,8.27,8.2,8.22,8.27,8.09,7073150.0,57949404.0,13:52:42
sh605068,明新旭腾,27.15,0.99,3.784,27.13,27.15,26.16,26.17,27.39,25.96,2931050.0,78789777.0,13:52:40
sh605069,正和生态,13.06,0.64,5.153,13.05,13.07,12.42,12.48,13.17,12.32,4624300.0,58394140.0,13:52:40
sh605077,华康股份,14.74,0.07,0.477,14.73,14.74,14.67,14.66,14.75,14.56,1722221.0,25299195.0,13:52:42
sh605080,浙江自然,24.21,0.33,1.382,24.2,24.21,23.88,23.9,24.24,23.75,931600.0,22384313.0,13:52:49
sh605081,*ST太和,7.23,0.34,4.935,7.23,0.0,6.89,7.23,7.23,7.23,1001300.0,7239399.0,13:52:49
sh605086,龙高股份,33.93,0.3,0.892,33.93,33.96,33.63,33.87,34.08,33.48,937500.0,31636753.0,13:52:45
sh605088,冠盛股份,35.22,0.9,2.622,35.16,35.22,34.32,34.31,35.44,34.25,3514300.0,123339157.0,13:52:50
sh605089,味知香,24.98,0.04,0.16,24.97,24.98,24.94,24.93,25.06,24.72,919438.0,22891853.0,13:52:50
sh605090,九丰能源,43.27,3.47,8.719,43.25,43.27,39.8,40.32,43.32,39.91,29856619.0,1234877954.0,13:52:51
sh605098,行动教育,62.54,2.39,3.973,62.53,62.68,60.15,61.88,64.37,61.36,5251268.0,329002767.0,13:52:49
sh605099,共创草坪,41.25,0.29,0.708,41.21,41.25,40.96,40.58,41.8,40.11,2470388.0,101436717.0,13:52:48
sh605100,华丰股份,47.1,2.28,5.087,47.0,47.1,44.82,44.82,47.83,44.3,3091940.0,142699288.0,13:52:50
sh605108,同庆楼,16.86,0.13,0.777,16.86,16.88,16.73,16.73,16.95,16.65,1987100.0,33371396.0,13:52:51
sh605111,新洁能,37.47,-0.22,-0.584,37.47,37.48,37.69,37.7,38.0,37.39,6755675.0,254371627.0,13:52:49
sh605116,奥锐特,28.08,-0.38,-1.335,28.07,28.09,28.46,28.47,28.8,27.85,9136300.0,258557015.0,13:52:51
sh605117,德业股份,139.79,3.49,2.561,139.78,139.8,136.3,137.5,143.43,135.18,15955577.0,2222304904.0,13:52:50
sh605118,力鼎光电,43.01,0.21,0.491,43.01,43.05,42.8,42.56,43.11,41.14,2850700.0,120785221.0,13:52:49
sh605122,四方新材,12.96,0.24,1.887,12.96,12.97,12.72,12.72,13.0,12.6,1358200.0,17349562.0,13:52:48
sh605123,派克新材,100.05,0.05,0.05,100.0,100.06,100.0,100.44,101.36,99.16,2164634.0,216733720.0,13:52:48
sh605128,上海沿浦,35.12,-0.09,-0.256,35.1,35.12,35.21,35.45,35.55,35.02,1306109.0,45995979.0,13:52:51
sh605133,嵘泰股份,29.92,0.52,1.769,29.91,29.92,29.4,29.8,30.09,29.2,7696050.0,227596207.0,13:52:51
sh605136,丽人丽妆,10.22,0.14,1.389,10.22,10.23,10.08,10.15,10.23,10.03,3801800.0,38556376.0,13:52:51
sh605138,盛泰集团,6.86,0.12,1.78,6.86,6.87,6.74,6.73,6.88,6.68,2060400.0,13954010.0,13:52:50
sh605151,西上海,19.7,-0.08,-0.404,19.7,19.72,19.78,19.77,19.85,19.32,2279900.0,44543643.0,13:52:47
sh605155,西大门,15.64,0.26,1.691,15.63,15.64,15.38,15.4,15.65,15.28,1669340.0,25760544.0,13:52:50
sh605158,华达新材,7.49,0.09,1.216,7.48,7.49,7.4,7.45,7.56,7.39,2847600.0,21240223.0,13:52:51
sh605162,新中港,12.97,0.15,1.17,12.96,12.97,12.82,12.3,13.28,11.81,31940634.0,399711200.0,13:52:51
sh605166,聚合顺,11.13,1.01,9.98,11.13,0.0,10.12,10.13,11.13,10.13,12781739.0,138260309.0,13:52:41
sh605167,利柏特,17.74,0.06,0.339,17.73,17.74,17.68,17.93,18.07,17.4,7845000.0,139731562.0,13:52:50
sh605168,三人行,37.36,1.13,3.119,37.36,37.37,36.23,36.37,37.82,36.24,4178955.0,155270296.0,13:52:52
sh605169,洪通燃气,12.19,0.1,0.827,12.19,12.2,12.09,12.04,12.21,11.99,1653508.0,20022197.0,13:52:48
sh605177,东亚药业,20.61,0.52,2.588,20.6,20.61,20.09,20.0,20.65,19.87,1159000.0,23500859.0,13:52:46
sh605178,时空科技,86.82,5.81,7.172,86.82,86.83,81.01,80.83,88.0,80.01,4107661.0,347100776.0,13:52:51
sh605179,一鸣食品,17.66,0.16,0.914,17.66,17.67,17.5,17.43,17.69,17.34,1656500.0,29002635.0,13:52:49
sh605180,华生科技,14.91,0.37,2.545,14.89,14.91,14.54,14.55,14.91,14.41,913900.0,13385164.0,13:52:50
sh605183,确成股份,19.45,0.08,0.413,19.44,19.46,19.37,19.48,19.5,19.3,897600.0,17407502.0,13:52:46
sh605186,健麾信息,19.84,0.4,2.058,19.83,19.84,19.44,19.44,19.84,19.32,1156579.0,22612671.0,13:52:51
sh605188,国光连锁,17.33,0.1,0.58,17.32,17.33,17.23,17.22,17.33,17.0,2223600.0,38152046.0,13:52:51
sh605189,富春染织,17.49,0.94,5.68,17.48,17.49,16.55,16.63,17.65,16.56,14494941.0,249518109.0,13:52:49
sh605196,华通线缆,49.36,1.92,4.047,49.27,49.35,47.44,47.43,50.23,47.12,10030767.0,496964856.0,13:52:51
sh605198,安德利,46.77,2.59,5.862,46.75,46.77,44.18,43.98,48.1,43.9,4178600.0,193592712.0,13:52:52
sh605199,ST葫芦娃,6.92,-0.09,-1.284,6.92,6.93,7.01,7.0,7.0,6.88,1905600.0,13173111.0,13:52:31
sh605208,永茂泰,14.65,0.65,4.643,14.64,14.65,14.0,13.99,14.98,13.99,13149171.0,190629477.0,13:52:51
sh605218,伟时电子,18.43,0.21,1.153,18.42,18.43,18.22,18.32,18.68,18.11,1821300.0,33549449.0,13:52:46
sh605222,起帆电缆,27.12,1.32,5.116,27.12,27.13,25.8,25.11,27.9,25.11,26781227.0,704166912.0,13:52:51
sh605228,神通科技,14.79,-0.11,-0.738,14.78,14.8,14.9,14.99,15.43,14.51,14418850.0,213258785.0,13:52:50
sh605255,天普股份,113.01,-0.04,-0.035,113.01,113.05,113.05,111.0,114.4,108.15,2074711.0,231695546.0,13:52:47
sh605258,协和电子,37.09,0.64,1.756,37.09,37.1,36.45,36.56,37.44,36.33,3134221.0,115943561.0,13:52:51
sh605259,绿田机械,21.33,0.33,1.571,21.31,21.33,21.0,21.02,21.34,20.79,1478580.0,31232922.0,13:52:50
sh605266,健之佳,19.04,-0.12,-0.626,19.04,19.06,19.16,19.1,19.23,18.87,824700.0,15656650.0,13:52:49
sh605268,王力安防,12.5,0.04,0.321,12.49,12.5,12.46,12.47,12.51,12.3,4429173.0,54801439.0,13:52:50
sh605277,新亚电子,24.13,0.0,0.0,24.12,24.13,24.13,24.01,24.22,23.91,3595653.0,86635130.0,13:52:45
sh605286,同力天启,44.34,0.2,0.453,44.34,44.36,44.14,44.0,44.81,42.9,2509500.0,109970836.0,13:52:49
sh605287,德才股份,46.98,4.27,9.998,46.98,0.0,42.71,43.56,46.98,43.18,5143940.0,235532768.0,13:52:33
sh605288,凯迪股份,83.77,0.82,0.989,83.77,83.82,82.95,82.95,86.75,82.95,826935.0,70137038.0,13:52:49
sh605289,罗曼股份,131.24,4.63,3.657,131.12,131.25,126.61,127.0,133.63,127.0,7391000.0,967465032.0,13:52:50
sh605296,神农集团,30.64,-0.32,-1.034,30.63,30.64,30.96,30.96,30.96,30.23,2507784.0,76661228.0,13:52:51
sh605298,必得科技,49.67,2.05,4.305,49.66,49.74,47.62,47.62,49.8,46.8,2216115.0,107485679.0,13:52:52
sh605299,舒华体育,19.54,0.66,3.496,19.53,19.54,18.88,18.46,19.6,18.06,31927500.0,605218282.0,13:52:49
sh605300,佳禾食品,10.87,0.07,0.648,10.87,10.88,10.8,10.84,10.88,10.76,706997.0,7646787.0,13:52:50
sh605303,园林股份,23.66,1.44,6.481,23.63,23.66,22.22,22.14,23.71,21.67,8121402.0,184377171.0,13:52:49
sh605305,中际联合,43.1,0.55,1.293,43.07,43.11,42.55,42.75,43.48,42.42,5174994.0,222383614.0,13:52:51
sh605318,法狮龙,95.85,1.16,1.225,95.85,95.88,94.69,93.03,96.77,93.03,2173400.0,207365325.0,13:52:51
sh605319,无锡振华,28.95,-0.93,-3.112,28.94,28.95,29.88,29.57,29.74,27.02,11784120.0,337981686.0,13:52:50
sh605333,沪光股份,26.17,-0.04,-0.153,26.17,26.18,26.21,26.22,26.48,26.15,1165800.0,30602077.0,13:52:49
sh605336,帅丰电器,15.65,1.42,9.979,15.65,0.0,14.23,14.19,15.65,13.94,7462300.0,112431333.0,13:52:49
sh605337,李子园,11.07,0.13,1.188,11.07,11.08,10.94,10.93,11.09,10.86,2632954.0,28948335.0,13:52:51
sh605338,巴比食品,26.11,0.16,0.617,26.1,26.11,25.95,25.96,26.2,25.84,1023513.0,26646584.0,13:52:51
sh605339,南侨食品,16.27,0.02,0.123,16.27,16.28,16.25,16.24,16.27,16.01,543500.0,8793658.0,13:52:51
sh605358,立昂微,35.66,0.2,0.564,35.65,35.66,35.46,35.63,36.0,35.41,8998163.0,321446608.0,13:52:51
sh605365,立达信,24.59,0.92,3.887,24.57,24.59,23.67,23.22,24.75,23.14,19306028.0,467384943.0,13:52:51
sh605366,宏柏新材,13.73,0.32,2.386,13.72,13.73,13.41,13.74,13.93,13.18,40099502.0,547163140.0,13:52:51
sh605368,蓝天燃气,8.22,-0.06,-0.725,8.21,8.22,8.28,8.28,8.29,8.21,2857340.0,23512005.0,13:52:51
sh605369,拱东医疗,17.83,0.01,0.056,17.82,17.83,17.82,18.03,18.03,17.7,646588.0,11516750.0,13:52:50
sh605376,博迁新材,110.2,3.41,3.193,110.2,110.21,106.79,107.1,112.4,105.0,6495654.0,710234963.0,13:52:47
sh605377,华旺科技,9.7,0.09,0.937,9.68,9.7,9.61,9.61,9.7,9.47,3402308.0,32567613.0,13:52:50
sh605378,野马电池,20.44,0.21,1.038,20.43,20.45,20.23,20.3,20.63,20.15,1614180.0,32998395.0,13:52:47
sh605388,均瑶健康,8.06,0.73,9.959,8.06,0.0,7.33,7.33,8.06,7.09,58142285.0,450490430.0,13:52:48
sh605389,长龄液压,71.99,0.98,1.38,71.95,71.98,71.01,71.19,72.79,70.85,776160.0,55918196.0,13:52:44
sh605398,新炬网络,27.41,0.5,1.858,27.4,27.43,26.91,27.0,27.51,26.95,1795300.0,49013392.0,13:52:49
sh605399,晨光新材,14.95,-0.2,-1.32,14.94,14.95,15.15,15.15,15.15,14.54,3507030.0,52130628.0,13:52:48
sh605488,福莱新材,33.86,-0.05,-0.147,33.86,33.87,33.91,34.21,34.78,33.8,4167378.0,142396740.0,13:52:50
sh605499,东鹏饮料,194.07,0.57,0.295,194.06,194.16,193.5,193.03,195.22,192.25,3429409.0,665301015.0,13:52:50
sh605500,森林包装,8.94,-0.06,-0.667,8.93,8.94,9.0,9.01,9.03,8.9,1674907.0,14991465.0,13:52:45
sh605507,国邦医药,24.2,-1.66,-6.419,24.2,24.21,25.86,24.88,24.99,24.04,9306377.0,226481837.0,13:52:49
sh605555,德昌股份,16.13,-0.21,-1.285,16.13,16.14,16.34,16.33,16.47,16.11,4253054.0,69259883.0,13:52:49
sh605566,福莱蒽特,31.02,0.38,1.24,31.02,31.03,30.64,30.69,31.43,30.55,1210500.0,37437445.0,13:52:49
sh605567,春雪食品,11.02,0.3,2.799,11.01,11.03,10.72,10.79,11.03,10.63,2608100.0,28274252.0,13:52:48
sh605577,龙版传媒,12.68,0.22,1.766,12.68,12.69,12.46,12.45,12.68,12.43,1640300.0,20557142.0,13:52:47
sh605580,恒盛能源,23.12,0.84,3.77,23.12,23.13,22.28,23.39,23.87,22.29,6859037.0,157258451.0,13:52:49
sh605588,冠石科技,55.98,0.74,1.34,55.97,55.98,55.24,55.29,56.29,54.89,904900.0,50404292.0,13:52:49
sh605589,圣泉集团,36.62,0.07,0.192,36.62,36.63,36.55,36.89,37.36,35.9,21998471.0,808028389.0,13:52:49
sh605598,上海港湾,53.8,2.66,5.201,53.8,53.81,51.14,50.63,55.29,50.63,9718899.0,518858227.0,13:52:49
sh605599,菜百股份,22.85,-0.05,-0.218,22.85,22.86,22.9,22.89,23.2,22.29,4288654.0,97190608.0,13:52:48
sh688001,华兴源创,40.76,-0.86,-2.066,40.77,40.78,41.62,41.3,41.88,40.29,6126682.0,251227923.0,13:52:47
sh688002,睿创微纳,126.05,5.06,4.182,126.05,126.08,120.99,122.0,126.66,120.71,7577149.0,943765019.0,13:52:47
sh688003,天准科技,71.87,2.67,3.858,71.83,71.9,69.2,72.48,76.0,70.59,4765441.0,348888091.0,13:52:41
sh688004,博汇科技,22.78,0.58,2.613,22.78,22.79,22.2,22.36,22.8,22.19,1036414.0,23248806.0,13:52:40
sh688005,容百科技,31.1,0.3,0.974,31.09,31.1,30.8,31.4,31.9,30.82,20295041.0,636124385.0,13:52:49
sh688006,杭可科技,30.3,0.95,3.237,30.3,30.36,29.35,29.7,31.68,29.5,21417275.0,657328439.0,13:52:49
sh688007,光峰科技,14.42,0.07,0.488,14.41,14.42,14.35,14.36,14.49,14.33,2210598.0,31844879.0,13:52:48
sh688008,澜起科技,150.78,3.6,2.446,150.65,150.78,147.18,147.48,152.85,144.34,32931647.0,4917412615.0,13:52:47
sh688009,中国通号,5.35,-0.03,-0.558,5.34,5.35,5.38,5.38,5.4,5.31,36161446.0,193042545.0,13:52:48
sh688010,福光股份,34.32,0.5,1.478,34.31,34.32,33.82,33.82,35.08,33.82,3598877.0,124075028.0,13:52:48
sh688011,新光光电,67.7,0.17,0.252,67.67,67.69,67.53,67.55,68.5,65.98,1071510.0,72261815.0,13:52:45
sh688012,中微公司,316.91,-3.45,-1.077,316.91,316.97,320.36,323.1,324.5,316.0,7838178.0,2503506822.0,13:52:49
sh688013,天臣医疗,38.22,0.14,0.368,38.21,38.27,38.08,38.07,38.41,37.53,734083.0,27897881.0,13:52:43
sh688015,交控科技,23.04,0.24,1.053,23.01,23.02,22.8,22.8,23.09,22.61,1014064.0,23240775.0,13:52:47
sh688016,心脉医疗,100.28,-0.82,-0.811,100.22,100.28,101.1,101.09,101.2,99.97,1138034.0,114236608.0,13:52:43
sh688017,绿的谐波,204.88,-1.62,-0.785,204.84,204.91,206.5,212.0,213.77,204.0,3924050.0,816021098.0,13:52:48
sh688018,乐鑫科技,151.3,0.2,0.132,151.3,151.35,151.1,151.58,152.8,150.08,1704125.0,258060819.0,13:52:48
sh688019,安集科技,252.46,0.61,0.242,252.38,252.44,251.85,252.11,254.66,248.48,2895292.0,725539654.0,13:52:48
sh688020,方邦股份,90.89,-0.01,-0.011,90.81,90.89,90.9,90.89,92.5,89.84,1565653.0,142487353.0,13:52:47
sh688021,奥福科技,24.53,0.42,1.742,24.52,24.53,24.11,24.08,24.55,23.82,1315040.0,31763675.0,13:52:47
sh688022,瀚川智能,16.97,0.04,0.236,16.96,16.97,16.93,16.91,17.09,16.83,2317408.0,39184322.0,13:52:49
sh688023,安恒信息,51.36,0.76,1.502,51.3,51.36,50.6,51.04,51.75,50.8,1729062.0,88773889.0,13:52:45
sh688025,杰普特,282.67,11.09,4.084,282.0,282.65,271.58,266.15,292.32,262.62,4488656.0,1247093366.0,13:52:48
sh688026,洁特生物,16.43,0.21,1.295,16.43,16.44,16.22,16.24,16.45,16.07,1275275.0,20739631.0,13:52:36
sh688027,国盾量子,609.5,31.5,5.45,609.6,609.98,578.0,594.77,628.88,591.0,3983465.0,2426101518.0,13:52:47
sh688028,沃尔德,98.32,0.48,0.491,98.18,98.31,97.84,97.6,99.91,94.6,5527823.0,537265225.0,13:52:48
sh688029,南微医学,75.09,-0.11,-0.146,75.09,75.13,75.2,75.41,75.73,74.52,515130.0,38675901.0,13:52:46
sh688030,山石网科,15.76,0.51,3.344,15.75,15.76,15.25,15.25,15.79,15.25,1831561.0,28512634.0,13:52:35
sh688031,星环科技,138.98,2.4,1.757,138.95,138.98,136.58,137.0,142.88,136.59,5097384.0,711479396.0,13:52:48
sh688032,禾迈股份,113.88,0.78,0.69,113.8,113.88,113.1,113.43,114.88,111.8,976840.0,110968977.0,13:52:49
sh688033,天宜新材,8.29,0.04,0.485,8.29,8.3,8.25,8.25,8.34,8.17,5442124.0,44986816.0,13:52:45
sh688035,德邦科技,62.67,0.05,0.08,62.63,62.68,62.62,62.64,64.15,62.48,3069799.0,193951016.0,13:52:42
sh688036,传音控股,52.86,0.7,1.342,52.86,52.89,52.16,52.21,53.13,52.16,6145275.0,323377205.0,13:52:48
sh688037,芯源微,185.27,3.28,1.802,185.18,185.27,181.99,182.9,189.98,180.3,4507134.0,840329104.0,13:52:49
sh688038,中科通达,23.47,0.84,3.712,23.47,23.48,22.63,22.98,23.49,22.56,2421756.0,55864580.0,13:52:48
sh688039,当虹科技,43.71,1.06,2.485,43.7,43.73,42.65,42.75,43.79,42.75,1352774.0,58869901.0,13:52:48
sh688041,海光信息,250.7,-1.3,-0.516,250.63,250.66,252.0,252.5,255.0,248.0,18364175.0,4620399786.0,13:52:47
sh688045,必易微,48.98,0.33,0.678,48.96,48.98,48.65,48.37,49.39,48.37,850378.0,41571333.0,13:52:47
sh688046,药康生物,18.55,-0.33,-1.748,18.55,18.56,18.88,18.84,18.84,18.37,5430322.0,100353384.0,13:52:48
sh688047,龙芯中科,140.75,-0.95,-0.67,140.69,140.75,141.7,141.96,143.2,139.98,4278801.0,605718250.0,13:52:48
sh688048,长光华芯,294.8,2.3,0.786,294.89,295.13,292.5,298.16,309.21,288.0,11425672.0,3393016325.0,13:52:48
sh688049,炬芯科技,46.76,0.11,0.236,46.75,46.76,46.65,46.71,47.03,46.35,2868087.0,134043223.0,13:52:44
sh688050,爱博医疗,51.09,0.01,0.02,51.09,51.11,51.08,50.91,51.68,50.91,887256.0,45495746.0,13:52:41
sh688051,佳华科技,32.07,0.62,1.971,32.07,32.1,31.45,31.44,32.15,31.14,638967.0,20306719.0,13:52:47
sh688052,纳芯微,162.11,5.9,3.777,162.11,162.15,156.21,156.21,163.98,155.03,2709569.0,435870314.0,13:52:49
sh688053,ST思科瑞,39.02,0.44,1.14,39.02,39.06,38.58,38.8,39.37,38.42,618531.0,24103310.0,13:52:42
sh688055,龙腾光电,4.23,-0.07,-1.628,4.23,4.24,4.3,4.3,4.3,4.2,10851098.0,46062451.0,13:52:48
sh688056,莱伯泰科,35.75,0.76,2.172,35.68,35.75,34.99,35.05,35.75,34.62,466375.0,16411943.0,13:52:48
sh688057,金达莱,12.52,0.13,1.049,12.51,12.52,12.39,12.38,12.52,12.26,646030.0,8025261.0,13:52:49
sh688058,宝兰德,29.34,0.95,3.346,29.33,29.34,28.39,28.55,29.35,28.27,792473.0,22866655.0,13:52:48
sh688059,华锐精密,125.34,4.25,3.51,125.34,125.38,121.09,121.11,127.5,121.11,2466162.0,306080044.0,13:52:48
sh688060,云涌科技,46.36,1.02,2.25,46.31,46.39,45.34,45.35,46.39,44.95,198761.0,9083427.0,13:52:41
sh688061,灿瑞科技,32.54,0.38,1.182,32.53,32.54,32.16,32.4,32.6,32.06,522152.0,16892339.0,13:52:45
sh688062,迈威生物,40.02,0.93,2.379,40.01,40.02,39.09,39.19,41.0,38.45,10964290.0,436976738.0,13:52:47
sh688063,派能科技,75.01,1.97,2.697,75.01,75.02,73.04,74.0,76.06,72.71,9986916.0,745726862.0,13:52:49
sh688065,凯赛生物,48.63,0.12,0.247,48.62,48.64,48.51,48.53,48.96,48.22,2398438.0,116523856.0,13:52:49
sh688066,航天宏图,19.77,-0.21,-1.051,19.76,19.77,19.98,19.85,20.15,19.36,8902833.0,175756255.0,13:52:49
sh688067,爱威科技,27.0,0.6,2.273,27.01,27.08,26.4,26.25,27.0,26.06,699455.0,18502695.0,13:52:38
sh688068,热景生物,124.15,-2.1,-1.663,124.15,124.21,126.25,124.1,126.2,121.0,1883337.0,232849860.0,13:52:47
sh688069,德林海,35.02,0.31,0.893,35.02,35.08,34.71,34.8,35.37,34.59,1255473.0,43912657.0,13:52:49
sh688070,纵横股份,48.83,0.37,0.764,48.83,48.84,48.46,48.4,48.99,47.9,826402.0,40024876.0,13:52:40
sh688071,华依科技,31.79,0.17,0.538,31.77,31.8,31.62,31.36,31.96,31.29,922217.0,29198396.0,13:52:49
sh688072,拓荆科技,402.12,0.12,0.03,401.28,402.12,402.0,403.0,408.66,395.24,2914402.0,1173242560.0,13:52:49
sh688073,毕得医药,62.14,-0.56,-0.893,62.07,62.13,62.7,62.77,63.27,61.58,795248.0,49465930.0,13:52:43
sh688075,安旭生物,38.87,-0.14,-0.359,38.82,38.89,39.01,39.2,39.2,38.69,197673.0,7676334.0,13:52:32
sh688076,ST诺泰,30.71,-0.22,-0.711,30.71,30.72,30.93,30.88,31.1,30.66,1489656.0,45840345.0,13:52:49
sh688077,大地熊,29.77,0.4,1.362,29.75,29.77,29.37,29.45,29.98,29.22,1278337.0,37845035.0,13:52:49
sh688078,龙软科技,24.74,0.74,3.083,24.74,24.75,24.0,24.1,24.75,23.96,648975.0,15801185.0,13:52:49
sh688079,美迪凯,15.56,0.27,1.766,15.56,15.57,15.29,15.14,15.8,15.04,8682131.0,133897984.0,13:52:47
sh688080,映翰通,56.65,1.47,2.664,56.64,56.65,55.18,55.63,56.85,55.0,1106306.0,62141320.0,13:52:51
sh688081,兴图新科,49.81,0.45,0.912,49.81,49.85,49.36,50.0,50.79,48.69,1737037.0,86651844.0,13:52:49
sh688082,盛美上海,154.98,-1.02,-0.654,154.98,154.99,156.0,155.06,156.5,154.02,2802436.0,434622560.0,13:52:50
sh688083,中望软件,55.91,-0.73,-1.289,55.91,55.94,56.64,57.26,57.64,55.65,2970588.0,167692815.0,13:52:50
sh688084,晶品特装,67.09,-1.2,-1.757,67.09,67.23,68.29,68.01,68.24,66.81,1506974.0,101328142.0,13:52:51
sh688085,三友医疗,17.83,-0.27,-1.492,17.83,17.87,18.1,18.1,18.16,17.76,2464107.0,44126284.0,13:52:43
sh688087,英科再生,37.93,0.11,0.291,37.93,37.94,37.82,37.82,38.07,37.36,1108152.0,41693095.0,13:52:50
sh688088,虹软科技,41.76,0.69,1.68,41.75,41.76,41.07,41.43,42.08,41.27,3699658.0,154438832.0,13:52:51
sh688089,嘉必优,18.79,0.37,2.009,18.78,18.79,18.42,18.2,18.91,18.2,1756752.0,32744711.0,13:52:48
sh688090,瑞松科技,67.74,-0.56,-0.82,67.71,67.74,68.3,69.11,69.16,67.02,2720726.0,184715248.0,13:52:51
sh688091,上海谊众,57.17,-0.05,-0.087,57.17,57.2,57.22,57.88,58.67,56.01,3762144.0,217225914.0,13:52:51
sh688092,爱科科技,29.41,0.71,2.474,29.4,29.41,28.7,28.88,29.45,28.65,887970.0,25776868.0,13:52:49
sh688093,世华科技,33.86,0.19,0.564,33.86,33.89,33.67,33.67,34.19,33.55,1283267.0,43444607.0,13:52:48
sh688095,福昕软件,76.54,3.37,4.606,76.54,76.55,73.17,74.01,77.24,73.5,2837851.0,213842841.0,13:52:51
sh688096,京源环保,8.52,0.05,0.59,8.52,8.53,8.47,8.46,8.53,8.23,5066120.0,42311137.0,13:52:46
sh688097,博众精工,62.76,-1.13,-1.769,62.7,62.76,63.89,63.88,64.7,62.28,8495737.0,537434596.0,13:52:49
sh688098,申联生物,9.03,-0.03,-0.331,9.02,9.03,9.06,9.12,9.15,8.91,4294749.0,38521105.0,13:52:48
sh688099,晶晨股份,80.77,-0.4,-0.493,80.79,80.8,81.17,81.53,82.28,80.5,7701386.0,625835937.0,13:52:51
sh688100,威胜信息,38.27,0.07,0.183,38.22,38.27,38.2,38.2,38.4,37.75,2112372.0,80275396.0,13:52:50
sh688101,三达膜,16.86,0.29,1.75,16.85,16.86,16.57,16.77,16.87,16.55,882537.0,14744693.0,13:52:50
sh688102,斯瑞新材,36.82,0.56,1.544,36.8,36.82,36.26,35.98,37.1,35.81,13804472.0,503821004.0,13:52:49
sh688103,国力电子,57.3,1.02,1.812,57.22,57.3,56.28,56.27,58.13,56.09,1009402.0,57894863.0,13:52:42
sh688105,诺唯赞,19.29,-0.28,-1.431,19.28,19.29,19.57,19.56,19.56,19.23,886529.0,17124756.0,13:52:49
sh688106,金宏气体,28.05,0.35,1.264,28.05,28.07,27.7,27.9,28.25,26.02,35903926.0,976632695.0,13:52:50
sh688107,安路科技,30.06,-0.05,-0.166,30.06,30.08,30.11,30.21,30.95,29.9,4891722.0,147671529.0,13:52:51
sh688108,赛诺医疗,21.73,-0.31,-1.407,21.73,21.74,22.04,21.89,21.91,21.56,6499963.0,141293857.0,13:52:49
sh688109,品茗科技,122.51,0.55,0.451,122.52,122.86,121.96,123.99,126.0,120.51,909794.0,112632945.0,13:52:46
sh688110,东芯股份,119.7,1.5,1.269,119.7,119.72,118.2,117.32,120.8,116.99,9748024.0,1159804677.0,13:52:50
sh688111,金山办公,250.6,6.28,2.57,250.53,250.6,244.32,246.6,254.94,246.6,9601679.0,2410160682.0,13:52:50
sh688112,鼎阳科技,50.7,1.2,2.424,50.68,50.69,49.5,49.66,51.68,48.8,3468982.0,174609872.0,13:52:49
sh688113,联测科技,39.21,1.26,3.32,39.17,39.21,37.95,38.0,39.28,37.66,624608.0,24119260.0,13:52:44
sh688114,华大智造,51.0,-0.08,-0.157,50.99,51.0,51.08,51.07,51.48,50.68,1473605.0,75139897.0,13:52:51
sh688115,思林杰,41.99,1.2,2.942,41.98,41.99,40.79,40.99,42.22,40.51,619289.0,25702004.0,13:52:52
sh688116,天奈科技,40.12,-0.21,-0.521,40.11,40.12,40.33,40.8,41.33,40.1,5704544.0,231742068.0,13:52:50
sh688117,圣诺生物,37.07,-0.26,-0.696,37.06,37.08,37.33,37.3,37.72,36.66,2145021.0,79662142.0,13:52:35
sh688118,普元信息,29.4,0.85,2.977,29.39,29.4,28.55,28.88,29.44,28.57,2139532.0,62323789.0,13:52:47
sh688119,中钢洛耐,5.09,0.0,0.0,5.09,5.1,5.09,5.09,5.12,5.05,9009923.0,45794401.0,13:52:49
sh688120,华海清科,190.41,6.92,3.771,190.11,190.4,183.49,185.4,190.78,182.5,4603616.0,856817360.0,13:52:49
sh688121,卓然股份,10.94,0.08,0.737,10.94,10.95,10.86,10.9,10.94,10.77,1725035.0,18735883.0,13:52:47
sh688122,西部超导,73.56,0.26,0.355,73.54,73.56,73.3,73.23,73.75,72.19,8932496.0,651668253.0,13:52:51
sh688123,聚辰股份,122.88,-0.28,-0.227,122.86,122.88,123.16,122.22,125.0,119.6,8011793.0,982341419.0,13:52:51
sh688125,安达智能,253.0,5.38,2.173,251.63,253.0,247.62,251.0,257.98,246.9,721149.0,182566329.0,13:52:50
sh688126,沪硅产业,17.78,0.02,0.113,17.77,17.78,17.76,17.87,17.95,17.72,17596997.0,313727350.0,13:52:51
sh688127,蓝特光学,67.51,2.43,3.734,67.53,67.63,65.08,64.48,68.33,64.46,6475901.0,433403179.0,13:52:52
sh688128,中国电研,25.79,0.26,1.018,25.78,25.79,25.53,25.65,25.84,25.49,1383306.0,35497199.0,13:52:47
sh688129,东来技术,23.74,0.54,2.328,23.72,23.74,23.2,23.06,23.8,23.06,579668.0,13633151.0,13:52:51
sh688130,晶华微,21.28,0.33,1.575,21.28,21.29,20.95,20.98,21.32,20.84,787190.0,16600531.0,13:52:51
sh688131,皓元医药,75.95,-0.4,-0.524,75.85,75.95,76.35,76.07,77.2,75.05,2091688.0,159040891.0,13:52:48
sh688132,邦彦技术,17.31,0.41,2.426,17.31,17.32,16.9,17.05,17.33,16.8,922481.0,15700638.0,13:52:49
sh688133,泰坦科技,21.3,-0.26,-1.206,21.29,21.31,21.56,21.55,21.55,21.08,1777270.0,37775376.0,13:52:39
sh688135,利扬芯片,35.35,1.29,3.787,35.35,35.36,34.06,34.06,36.75,33.97,23526317.0,835186495.0,13:52:51
sh688136,科兴制药,32.03,-0.44,-1.355,32.03,32.06,32.47,32.18,32.64,31.61,4335355.0,139232525.0,13:52:45
sh688137,近岸蛋白,50.08,0.32,0.643,50.08,50.11,49.76,49.27,50.25,48.33,933623.0,45813795.0,13:52:42
sh688138,清溢光电,28.03,0.36,1.301,28.03,28.05,27.67,27.66,28.06,27.61,1384703.0,38584324.0,13:52:51
sh688139,海尔生物,33.52,1.11,3.425,33.51,33.52,32.41,32.36,33.77,32.16,4306127.0,142116553.0,13:52:51
sh688141,杰华特,67.08,-0.47,-0.696,67.08,67.11,67.55,67.64,68.49,65.64,8220760.0,551984684.0,13:52:49
sh688143,长盈通,65.11,3.36,5.441,65.11,65.23,61.75,61.75,65.8,60.3,8784130.0,547210589.0,13:52:50
sh688146,中船特气,63.99,3.85,6.402,63.98,63.99,60.14,60.0,66.0,58.12,17590725.0,1111352959.0,13:52:50
sh688147,微导纳米,69.43,-0.02,-0.029,69.43,69.44,69.45,69.4,70.99,68.51,5286436.0,369073458.0,13:52:51
sh688148,芳源股份,9.31,0.13,1.416,9.31,9.32,9.18,9.25,9.37,9.09,17656535.0,163816977.0,13:52:48
sh688150,莱特光电,49.46,2.54,5.413,49.47,49.51,46.92,46.95,49.94,46.68,9546610.0,462833772.0,13:52:49
sh688151,华强科技,20.79,0.17,0.824,20.78,20.79,20.62,20.44,20.8,20.35,1029057.0,21266239.0,13:52:51
sh688152,麒麟信安,34.9,0.67,1.957,34.89,34.9,34.23,34.4,34.9,34.38,761185.0,26428002.0,13:52:50
sh688153,唯捷创芯,34.31,-0.06,-0.175,34.3,34.31,34.37,34.44,34.72,34.21,2708161.0,93311058.0,13:52:50
sh688155,先惠技术,82.36,2.12,2.642,82.33,82.34,80.24,81.41,83.92,80.66,3536920.0,292549827.0,13:52:52
sh688156,路德科技,25.76,1.13,4.588,25.77,25.79,24.63,24.76,25.98,24.6,5950160.0,151366491.0,13:52:51
sh688157,松井股份,39.59,-0.91,-2.247,39.59,39.6,40.5,41.11,42.28,39.57,3087682.0,125913787.0,13:52:49
sh688158,优刻得,47.36,1.58,3.451,47.35,47.36,45.78,46.5,48.88,46.26,46154892.0,2208452890.0,13:52:51
sh688159,有方科技,47.87,5.1,11.924,47.87,47.89,42.77,43.0,50.0,42.73,8799050.0,412260141.0,13:52:49
sh688160,步科股份,107.94,0.35,0.325,107.94,107.95,107.59,111.28,112.29,107.36,1926721.0,210495623.0,13:52:50
sh688161,威高骨科,30.55,-0.65,-2.083,30.55,30.57,31.2,31.19,31.19,30.36,1691491.0,51798424.0,13:52:51
sh688162,巨一科技,35.79,2.32,6.932,35.79,35.82,33.47,33.42,35.83,33.13,3649607.0,126310246.0,13:52:49
sh688163,赛伦生物,32.98,-0.02,-0.061,32.98,32.99,33.0,33.3,33.54,31.65,2388770.0,77235806.0,13:52:40
sh688165,埃夫特,17.21,0.01,0.058,17.21,17.22,17.2,17.27,17.5,17.16,3523943.0,60912553.0,13:52:52
sh688166,博瑞医药,57.61,-0.05,-0.087,57.62,57.68,57.66,58.72,59.5,56.96,21195016.0,1227510386.0,13:52:49
sh688167,炬光科技,390.06,10.08,2.653,390.0,390.06,379.98,379.0,394.32,375.01,3481219.0,1342656023.0,13:52:51
sh688168,安博通,81.71,2.84,3.601,81.76,81.85,78.87,78.83,82.5,78.83,1102337.0,89470721.0,13:52:51
sh688169,石头科技,110.02,-3.6,-3.168,110.0,110.02,113.62,113.62,114.77,110.0,5618193.0,629858354.0,13:52:52
sh688170,德龙激光,57.41,0.22,0.385,57.41,57.43,57.19,56.51,57.93,55.9,4654937.0,265307243.0,13:52:50
sh688171,纬德信息,48.05,-0.62,-1.274,48.02,48.05,48.67,48.82,49.14,46.99,1792501.0,86159092.0,13:52:37
sh688172,燕东微,39.1,-1.39,-3.433,39.1,39.12,40.49,40.1,40.96,38.96,11759737.0,469778098.0,13:52:42
sh688173,希荻微,14.56,0.31,2.175,14.55,14.56,14.25,14.25,14.61,14.22,3847662.0,55545646.0,13:52:36
sh688175,高凌信息,35.65,0.25,0.706,35.62,35.67,35.4,35.33,35.8,34.83,1094253.0,38660211.0,13:52:43
sh688176,亚虹医药,14.31,0.11,0.775,14.31,14.32,14.2,14.11,14.49,13.93,12244391.0,174432658.0,13:52:45
sh688177,百奥泰,23.21,-0.16,-0.685,23.19,23.21,23.37,23.16,23.6,22.74,3529309.0,81639590.0,13:52:44
sh688178,万德斯,33.49,2.05,6.52,33.48,33.49,31.44,32.04,33.88,30.8,3110280.0,102222002.0,13:52:45
sh688179,阿拉丁,18.26,-0.2,-1.083,18.25,18.26,18.46,18.43,18.46,18.01,7435130.0,134981805.0,13:52:45
sh688180,君实生物,44.49,0.99,2.276,44.49,44.52,43.5,43.04,45.37,42.81,25101840.0,1109526374.0,13:52:44
sh688181,八亿时空,33.4,0.68,2.078,33.4,33.41,32.72,32.72,33.54,32.52,2052827.0,68107491.0,13:52:43
sh688182,灿勤科技,31.12,1.81,6.175,31.1,31.12,29.31,29.23,31.37,29.18,7023955.0,215319889.0,13:52:42
sh688183,生益电子,105.07,0.63,0.603,105.07,105.08,104.44,104.43,107.76,102.81,15359330.0,1621162806.0,13:52:45
sh688184,ST帕瓦,10.4,-0.05,-0.478,10.39,10.42,10.45,10.45,10.49,10.34,516159.0,5370327.0,13:52:34
sh688185,康希诺,71.79,0.55,0.772,71.73,71.79,71.24,71.21,72.49,70.59,1463722.0,104871934.0,13:52:38
sh688186,广大特材,24.02,0.19,0.797,24.02,24.04,23.83,23.82,24.3,23.64,6150064.0,147974449.0,13:52:43
sh688187,时代电气,51.94,0.76,1.485,51.92,51.94,51.18,51.3,51.99,51.1,3417434.0,176014624.0,13:52:42
sh688188,柏楚电子,144.21,1.03,0.719,144.2,144.27,143.18,143.58,144.88,143.25,840992.0,121252437.0,13:52:45
sh688189,南新制药,7.77,0.03,0.388,7.77,7.78,7.74,7.74,7.79,7.54,3939191.0,30242788.0,13:52:43
sh688190,云路股份,87.33,-0.77,-0.874,87.34,87.37,88.1,88.09,88.87,87.21,738243.0,64819588.0,13:52:40
sh688191,智洋创新,40.48,0.61,1.53,40.48,40.51,39.87,39.68,41.7,39.68,3438536.0,140385310.0,13:52:43
sh688192,迪哲医药,60.69,0.49,0.814,60.64,60.72,60.2,59.55,61.89,58.8,3808084.0,229807745.0,13:52:43
sh688193,仁度生物,50.97,1.1,2.206,50.82,50.97,49.87,49.86,50.97,49.3,232117.0,11602887.0,13:52:43
sh688195,腾景科技,336.8,-4.7,-1.376,336.79,336.8,341.5,338.09,348.66,326.0,5380594.0,1812858488.0,13:52:45
sh688196,卓越新能,59.97,-1.14,-1.865,59.94,59.97,61.11,61.5,61.5,59.03,1410375.0,84336166.0,13:52:45
sh688197,首药控股,41.74,-0.05,-0.12,41.74,41.79,41.79,41.94,42.8,41.03,1469607.0,61631927.0,13:52:43
sh688198,佰仁医疗,95.38,0.51,0.538,95.41,95.58,94.87,95.48,96.11,94.02,243383.0,23145487.0,13:52:42
sh688199,久日新材,26.85,-0.02,-0.074,26.85,26.86,26.87,26.66,27.09,26.6,2363102.0,63483999.0,13:52:44
sh688200,华峰测控,295.01,9.01,3.15,295.01,295.51,286.0,284.57,302.53,281.51,2034217.0,596574753.0,13:52:43
sh688201,信安世纪,14.03,0.13,0.935,14.03,14.04,13.9,13.75,14.19,13.75,4142225.0,58062670.0,13:52:44
sh688202,美迪西,71.09,-0.22,-0.309,71.08,71.09,71.31,70.51,73.18,68.7,3375946.0,241186018.0,13:52:45
sh688203,海正生材,12.34,0.24,1.983,12.34,12.35,12.1,12.16,12.35,12.09,1234223.0,15067199.0,13:52:45
sh688205,德科立,237.7,-4.32,-1.785,237.7,237.8,242.02,238.0,244.44,235.0,7870372.0,1885719462.0,13:52:43
sh688206,概伦电子,32.61,-0.18,-0.549,32.6,32.62,32.79,33.18,33.19,32.5,3377543.0,110946494.0,13:52:44
sh688207,格灵深瞳,14.69,0.31,2.156,14.69,14.7,14.38,14.37,14.72,14.37,2607274.0,38056415.0,13:52:45
sh688208,道通科技,36.26,0.98,2.778,36.26,36.27,35.28,35.5,36.82,35.35,8645226.0,312456645.0,13:52:43
sh688209,英集芯,21.37,0.38,1.81,21.36,21.37,20.99,21.0,21.45,20.94,3945091.0,84003188.0,13:52:40
sh688210,统联精密,48.33,-0.01,-0.021,48.33,48.34,48.34,49.09,49.3,47.66,2349108.0,113985381.0,13:52:44
sh688211,中科微至,32.7,-0.15,-0.457,32.7,32.75,32.85,32.96,32.96,32.5,183907.0,6002198.0,13:52:42
sh688212,澳华内镜,34.75,0.1,0.289,34.72,34.75,34.65,34.61,35.15,34.1,2450534.0,84626144.0,13:52:36
sh688213,思特威,95.01,3.01,3.272,95.01,95.02,92.0,92.01,96.76,91.59,7931423.0,747578703.0,13:52:43
sh688215,瑞晟智能,75.51,0.63,0.841,75.51,75.57,74.88,75.98,76.88,74.87,579957.0,44153948.0,13:52:45
sh688216,气派科技,29.33,0.64,2.231,29.32,29.33,28.69,28.99,29.58,28.64,1881555.0,54899371.0,13:52:43
sh688217,睿昂基因,28.64,0.83,2.985,28.63,28.64,27.81,27.81,28.69,27.59,447519.0,12576282.0,13:52:44
sh688218,江苏北人,24.19,0.4,1.681,24.18,24.19,23.79,23.78,24.2,23.4,1903162.0,45484855.0,13:52:43
sh688219,会通股份,10.92,0.11,1.018,10.92,10.93,10.81,10.82,10.93,10.79,2793638.0,30404758.0,13:52:44
sh688220,翱捷科技,82.7,6.6,8.673,82.66,82.7,76.1,76.1,86.7,76.09,16048243.0,1303123687.0,13:52:43
sh688221,前沿生物,20.36,-0.27,-1.309,20.36,20.37,20.63,20.28,20.74,20.03,7889311.0,160922097.0,13:52:45
sh688222,成都先导,27.47,-0.28,-1.009,27.46,27.47,27.75,27.53,27.65,26.82,12796339.0,348528354.0,13:52:43
sh688223,晶科能源,6.99,0.29,4.328,6.98,6.99,6.7,6.7,7.09,6.66,176538349.0,1207540328.0,13:52:45
sh688225,亚信安全,16.98,0.2,1.192,16.97,16.98,16.78,16.88,17.06,16.74,3375433.0,57026661.0,13:52:34
sh688226,威腾电气,53.26,2.68,5.299,53.21,53.23,50.58,50.75,53.53,50.0,9613771.0,500056421.0,13:52:44
sh688227,品高股份,84.47,14.08,20.003,84.47,0.0,70.39,69.42,84.47,69.42,7536280.0,586030314.0,13:52:42
sh688228,开普云,109.91,3.33,3.124,109.91,109.98,106.58,106.9,111.08,106.9,1831337.0,200492680.0,13:52:44
sh688229,博睿数据,91.52,2.32,2.601,91.49,91.52,89.2,90.53,94.33,89.5,2291640.0,211018478.0,13:52:43
sh688230,芯导科技,65.23,0.62,0.96,65.23,65.25,64.61,64.88,65.46,64.22,764357.0,49589685.0,13:52:41
sh688231,隆达股份,33.86,0.42,1.256,33.85,33.86,33.44,33.7,34.08,33.0,2103035.0,70529170.0,13:52:33
sh688232,新点软件,22.49,0.35,1.581,22.48,22.49,22.14,22.29,22.54,22.15,1372653.0,30638766.0,13:52:45
sh688233,神工股份,74.53,1.66,2.278,74.42,74.53,72.87,72.8,75.1,71.88,3895237.0,288033355.0,13:52:44
sh688234,天岳先进,90.33,-0.14,-0.155,90.33,90.34,90.47,88.66,91.19,88.48,8702333.0,780266497.0,13:52:42
sh688235,百济神州,254.98,0.58,0.228,254.97,254.98,254.4,255.0,256.86,249.6,3458607.0,877513041.0,13:52:44
sh688236,春立医疗,20.84,0.02,0.096,20.83,20.86,20.82,20.96,21.59,20.7,1919578.0,40138329.0,13:52:44
sh688237,超卓航科,57.22,1.64,2.951,57.22,57.29,55.58,56.14,58.25,54.83,1759649.0,101001822.0,13:52:43
sh688238,和元生物,7.15,-0.05,-0.694,7.14,7.15,7.2,7.22,7.24,7.11,4826294.0,34601899.0,13:52:43
sh688239,航宇科技,62.2,-0.13,-0.209,62.21,62.25,62.33,62.04,63.24,61.17,3726864.0,231256184.0,13:52:43
sh688244,永信至诚,19.3,0.45,2.387,19.3,19.31,18.85,18.95,19.34,18.75,1276804.0,24315669.0,13:52:45
sh688246,嘉和美康,19.46,0.22,1.143,19.45,19.47,19.24,19.37,19.46,18.98,1727969.0,33243515.0,13:52:40
sh688247,宣泰医药,9.51,-0.11,-1.143,9.5,9.51,9.62,9.6,9.61,9.38,1838597.0,17391036.0,13:52:37
sh688248,南网科技,59.22,-0.04,-0.067,59.21,59.22,59.26,61.5,61.5,57.66,7884714.0,462849730.0,13:52:41
sh688249,晶合集成,29.6,0.07,0.237,29.6,29.61,29.53,29.58,29.9,29.4,12819308.0,379794002.0,13:52:44
sh688251,井松智能,35.9,-0.76,-2.073,35.9,35.93,36.66,36.66,36.7,35.15,2891776.0,103299437.0,13:52:42
sh688252,天德钰,21.56,0.03,0.139,21.55,21.56,21.53,21.43,21.67,21.41,2329512.0,50139039.0,13:52:41
sh688253,英诺特,41.51,-1.59,-3.689,41.5,41.51,43.1,41.79,42.0,40.5,2946257.0,121630555.0,13:52:39
sh688255,凯尔达,29.72,0.58,1.99,29.72,29.73,29.14,29.3,30.14,29.23,2205174.0,65478418.0,13:52:42
sh688256,寒武纪,1293.77,19.77,1.552,1293.77,1294.86,1274.0,1280.0,1315.0,1272.02,6281251.0,8130630915.0,13:52:44
sh688257,新锐股份,78.44,3.81,5.105,78.41,78.44,74.63,76.0,80.53,75.11,10404701.0,812098564.0,13:52:44
sh688258,卓易信息,114.47,7.97,7.484,114.41,114.46,106.5,108.0,116.3,107.98,5448097.0,617280072.0,13:52:42
sh688259,创耀科技,37.54,0.45,1.213,37.53,37.54,37.09,37.08,37.8,36.75,1152392.0,43167348.0,13:52:45
sh688260,昀冢科技,29.06,0.71,2.504,29.05,29.06,28.35,28.07,29.3,27.86,3494122.0,99763177.0,13:52:44
sh688261,东微半导,73.94,0.65,0.887,73.94,74.04,73.29,73.02,74.89,73.02,2189342.0,162032764.0,13:52:45
sh688262,国芯科技,35.71,0.75,2.145,35.67,35.71,34.96,35.65,37.0,35.5,12233268.0,442386993.0,13:52:45
sh688265,南模生物,43.9,0.11,0.251,43.85,43.9,43.79,44.36,44.36,43.12,299096.0,13064106.0,13:52:39
sh688266,泽璟制药,101.27,0.96,0.957,101.27,101.32,100.31,100.8,102.87,97.8,2495442.0,252197321.0,13:52:40
sh688267,中触媒,31.05,-0.08,-0.257,31.04,31.05,31.13,31.31,31.31,30.73,1414331.0,43795297.0,13:52:43
sh688268,华特气体,96.69,-0.31,-0.32,96.68,96.69,97.0,96.91,98.8,89.45,8478734.0,793762999.0,13:52:43
sh688269,凯立新材,38.95,1.15,3.042,38.94,38.95,37.8,37.98,39.21,37.0,1186183.0,45770165.0,13:52:44
sh688270,臻镭科技,176.24,5.69,3.336,176.09,176.25,170.55,171.0,182.21,171.0,17110858.0,3033086357.0,13:52:43
sh688271,联影医疗,113.94,-0.06,-0.053,113.92,113.94,114.0,114.19,114.73,113.43,2586324.0,294769713.0,13:52:45
sh688272,富吉瑞,48.49,-1.41,-2.826,48.51,48.64,49.9,49.49,50.0,47.8,2157120.0,105166300.0,13:52:44
sh688273,麦澜德,47.49,1.1,2.371,47.44,47.49,46.39,45.68,47.59,44.36,3429492.0,157924987.0,13:52:44
sh688275,万润新能,129.7,1.67,1.304,129.5,129.69,128.03,129.0,130.8,126.75,4883402.0,629483594.0,13:52:44
sh688276,百克生物,17.89,-0.15,-0.831,17.89,17.9,18.04,18.1,18.1,17.83,1139815.0,20412432.0,13:52:45
sh688277,天智航,22.17,0.57,2.639,22.17,22.18,21.6,21.65,22.2,21.59,6019954.0,131894499.0,13:52:44
sh688278,特宝生物,64.79,-0.2,-0.308,64.77,64.79,64.99,64.88,65.03,63.52,1795862.0,115665998.0,13:52:44
sh688279,峰岹科技,178.01,6.62,3.863,177.98,178.18,171.39,177.66,183.3,175.49,2005010.0,360362413.0,13:52:45
sh688280,精进电动,10.87,0.06,0.555,10.86,10.87,10.81,10.76,11.0,10.65,18245867.0,197294484.0,13:52:45
sh688281,华秦科技,75.46,-0.54,-0.711,75.37,75.45,76.0,76.1,77.51,75.0,1488671.0,112825670.0,13:52:38
sh688282,理工导航,88.46,6.03,7.315,88.46,88.48,82.43,82.8,90.8,82.5,2425133.0,212334420.0,13:52:39
sh688283,坤恒顺维,41.39,0.67,1.645,41.39,41.4,40.72,40.91,41.91,39.89,1515094.0,61848666.0,13:52:42
sh688285,高铁电气,8.67,0.12,1.404,8.66,8.67,8.55,8.57,8.67,8.44,1900477.0,16232645.0,13:52:44
sh688286,敏芯股份,70.49,0.64,0.916,70.4,70.49,69.85,69.98,70.79,69.64,823635.0,57875581.0,13:52:44
sh688287,*ST观典,2.26,0.3,15.306,2.26,2.27,1.96,2.2,2.35,2.05,55889822.0,124616594.0,13:52:44
sh688288,鸿泉技术,26.09,0.23,0.889,26.08,26.09,25.86,25.95,26.13,25.45,2001351.0,51725678.0,13:52:39
sh688289,圣湘生物,18.21,-0.05,-0.274,18.2,18.21,18.26,18.25,18.33,18.15,2430700.0,44223613.0,13:52:37
sh688290,景业智能,53.81,1.59,3.045,53.73,53.81,52.22,52.19,54.3,52.01,864402.0,46263597.0,13:52:44
sh688291,金橙子,41.92,-0.17,-0.404,41.92,41.93,42.09,42.12,42.56,41.51,1350489.0,56653759.0,13:52:44
sh688292,浩瀚深度,24.73,0.41,1.686,24.72,24.73,24.32,24.36,24.94,24.31,2402468.0,59103974.0,13:52:37
sh688293,奥浦迈,55.85,2.4,4.49,55.85,55.9,53.45,54.6,56.72,52.53,1886515.0,103713351.0,13:52:44
sh688295,中复神鹰,51.94,-0.54,-1.029,51.94,51.95,52.48,52.41,53.29,51.41,11655597.0,608457301.0,13:52:44
sh688296,和达科技,14.15,0.55,4.044,14.14,14.15,13.6,13.59,14.16,13.5,887774.0,12248831.0,13:52:39
sh688297,中无人机,49.3,0.01,0.02,49.29,49.3,49.29,49.36,50.11,48.86,5886788.0,290458166.0,13:52:43
sh688298,东方生物,22.82,-0.14,-0.61,22.81,22.82,22.96,23.05,23.05,22.76,836881.0,19108480.0,13:52:39
sh688299,长阳科技,18.02,0.08,0.446,18.01,18.02,17.94,17.93,18.29,17.84,3451822.0,62360670.0,13:52:44
sh688300,联瑞新材,91.96,-1.06,-1.14,91.95,91.96,93.02,92.25,94.63,91.19,4012083.0,371193261.0,13:52:43
sh688301,奕瑞科技,111.09,4.49,4.212,111.03,111.09,106.6,107.5,111.99,106.3,2459494.0,272519910.0,13:52:43
sh688302,海创药业,47.79,1.32,2.841,47.79,47.96,46.47,46.25,48.2,45.56,2303778.0,108287477.0,13:52:33
sh688303,大全能源,22.54,0.64,2.922,22.54,22.56,21.9,22.16,22.77,22.01,13252098.0,297310086.0,13:52:43
sh688305,科德数控,57.58,0.39,0.682,57.58,57.6,57.19,57.48,57.85,57.28,826775.0,47608169.0,13:52:42
sh688306,均普智能,9.17,0.15,1.663,9.17,9.19,9.02,9.04,9.28,9.04,7180913.0,65914694.0,13:52:44
sh688307,中润光学,82.0,0.72,0.886,82.0,82.03,81.28,81.29,82.6,79.9,3506115.0,284761842.0,13:52:42
sh688308,欧科亿,101.91,4.39,4.502,101.9,101.91,97.52,95.55,104.53,95.55,9287240.0,932939992.0,13:52:43
sh688309,恒誉环保,72.89,0.54,0.746,72.74,72.89,72.35,72.93,74.98,70.87,2221010.0,163269406.0,13:52:44
sh688310,迈得医疗,15.98,0.24,1.525,15.97,15.98,15.74,15.72,15.98,15.48,1232424.0,19390073.0,13:52:43
sh688311,盟升电子,39.0,0.07,0.18,38.99,39.0,38.93,39.09,39.56,38.52,2638437.0,102904028.0,13:52:40
sh688312,燕麦科技,61.52,0.86,1.418,61.51,61.52,60.66,60.66,61.55,59.74,5266852.0,318841028.0,13:52:44
sh688313,仕佳光子,116.45,1.86,1.623,116.41,116.44,114.59,113.81,117.0,110.8,27213828.0,3090935150.0,13:52:45
sh688314,康拓医疗,48.54,0.05,0.103,48.54,48.55,48.49,48.49,48.94,47.68,1390332.0,67380745.0,13:52:37
sh688315,诺禾致源,14.31,-0.22,-1.514,14.31,14.32,14.53,14.52,14.53,14.29,2605428.0,37419921.0,13:52:40
sh688316,青云科技,78.36,4.28,5.778,78.3,78.37,74.08,74.07,79.88,74.07,4777822.0,370052961.0,13:52:41
sh688317,之江生物,20.47,-0.3,-1.444,20.47,20.48,20.77,20.8,20.8,20.32,2529324.0,51702657.0,13:52:39
sh688318,财富趋势,113.76,0.57,0.504,113.69,113.76,113.19,113.6,115.59,112.65,2451967.0,280306478.0,13:52:43
sh688319,欧林生物,28.89,-0.05,-0.173,28.88,28.9,28.94,28.24,29.25,28.24,5044650.0,145655423.0,13:52:44
sh688320,禾川科技,31.29,0.09,0.288,31.28,31.29,31.2,31.5,31.83,31.05,1360897.0,42553264.0,13:52:37
sh688321,微芯生物,31.68,0.56,1.799,31.66,31.68,31.12,31.11,31.97,30.91,9517423.0,300344665.0,13:52:45
sh688322,奥比中光,83.3,2.0,2.46,83.3,83.35,81.3,82.69,84.49,81.82,5719514.0,475999273.0,13:52:44
sh688323,瑞华泰,21.22,0.57,2.76,21.21,21.22,20.65,20.7,21.45,20.21,5501706.0,114814525.0,13:52:43
sh688325,赛微微电,117.72,-0.94,-0.792,117.54,117.68,118.66,119.01,119.51,116.06,804518.0,94979922.0,13:52:44
sh688326,经纬恒润,119.94,1.32,1.113,119.89,119.93,118.62,121.0,122.36,118.78,1044413.0,125715875.0,13:52:42
sh688327,云从科技,13.3,0.36,2.782,13.29,13.3,12.94,13.0,13.33,12.98,17765546.0,234257795.0,13:52:44
sh688328,深科达,40.53,0.03,0.074,40.5,40.53,40.5,40.88,41.1,40.1,3009189.0,122113093.0,13:52:45
sh688329,艾隆科技,24.4,0.4,1.667,24.38,24.41,24.0,23.99,24.4,23.61,983346.0,23671200.0,13:52:43
sh688330,宏力达,50.18,-0.62,-1.22,50.17,50.18,50.8,50.8,50.95,50.01,1749237.0,88049851.0,13:52:38
sh688331,荣昌生物,154.41,5.41,3.631,154.4,154.41,149.0,148.0,156.79,144.01,9292169.0,1414330754.0,13:52:43
sh688332,中科蓝讯,127.13,0.82,0.649,127.11,127.17,126.31,126.0,127.78,125.77,1290388.0,163979463.0,13:52:43
sh688333,铂力特,95.6,0.0,0.0,95.57,95.6,95.6,95.6,96.89,94.62,4936486.0,472366732.0,13:52:45
sh688334,西高院,22.2,-0.06,-0.27,22.18,22.2,22.26,22.27,22.27,21.98,3177703.0,70271382.0,13:52:44
sh688335,复洁科技,34.28,-0.23,-0.666,34.23,34.29,34.51,34.51,34.7,34.0,1194872.0,40946084.0,13:52:45
sh688336,三生国健,86.12,-3.16,-3.539,86.1,86.11,89.28,86.65,88.18,83.53,9744419.0,838185874.0,13:52:44
sh688337,普源精电,58.12,3.38,6.175,58.07,58.12,54.74,54.7,58.5,54.1,7218967.0,409670336.0,13:52:43
sh688338,赛科希德,29.37,0.19,0.651,29.37,29.39,29.18,29.42,29.6,28.99,607252.0,17776567.0,13:52:45
sh688339,亿华通,25.6,0.72,2.894,25.59,25.6,24.88,25.06,25.9,25.0,4264001.0,108523404.0,13:52:45
sh688343,云天励飞,90.73,1.53,1.715,90.61,90.72,89.2,89.77,92.29,88.18,12749132.0,1153827381.0,13:52:44
sh688345,博力威,52.08,-1.23,-2.307,52.08,52.12,53.31,53.34,53.89,51.83,3502166.0,184432211.0,13:52:45
sh688347,华虹公司,123.21,-0.13,-0.105,123.18,123.21,123.34,123.56,127.53,122.3,10733925.0,1339922943.0,13:52:45
sh688348,昱能科技,53.29,0.63,1.196,53.29,53.3,52.66,52.65,53.55,52.34,1347512.0,71620260.0,13:52:41
sh688349,三一重能,23.59,-0.13,-0.548,23.59,23.6,23.72,23.77,23.95,23.51,3871588.0,91690103.0,13:52:43
sh688350,富淼科技,28.89,0.85,3.031,28.88,28.89,28.04,28.04,29.16,27.98,2471563.0,70529051.0,13:52:36
sh688351,微电生理,24.32,0.13,0.537,24.32,24.33,24.19,24.15,24.4,23.78,3570662.0,85757317.0,13:52:43
sh688352,颀中科技,12.88,0.1,0.782,12.87,12.88,12.78,12.76,12.88,12.71,5702699.0,72985655.0,13:52:42
sh688353,华盛锂电,125.01,2.01,1.634,125.02,125.07,123.0,123.0,128.21,122.3,5556023.0,696916109.0,13:52:41
sh688355,明志科技,22.92,0.47,2.094,22.91,22.92,22.45,22.44,22.95,22.3,1592841.0,36034072.0,13:52:44
sh688356,键凯科技,108.74,4.89,4.709,108.72,108.75,103.85,104.54,110.0,102.72,1353647.0,145330084.0,13:52:44
sh688357,建龙微纳,35.89,0.38,1.07,35.87,35.89,35.51,35.98,36.35,35.08,667311.0,23867877.0,13:52:48
sh688358,祥生医疗,29.92,0.28,0.945,29.94,29.96,29.64,29.68,29.92,29.39,609942.0,18082068.0,13:52:33
sh688359,三孚新科,96.23,4.43,4.826,96.01,96.23,91.8,92.97,97.49,90.3,4550769.0,428127000.0,13:52:52
sh688360,德马科技,19.16,0.38,2.023,19.15,19.16,18.78,18.78,19.17,18.77,1547623.0,29446057.0,13:52:49
sh688361,中科飞测,175.24,1.41,0.811,175.29,175.53,173.83,173.8,180.06,171.05,3430471.0,604108643.0,13:52:51
sh688362,甬矽电子,48.74,1.21,2.546,48.73,48.74,47.53,48.34,49.68,47.82,9677775.0,472336800.0,13:52:51
sh688363,华熙生物,43.0,-0.27,-0.624,42.99,43.0,43.27,43.26,43.26,42.56,1668498.0,71461001.0,13:52:50
sh688365,光云科技,19.73,1.28,6.938,19.73,19.74,18.45,18.41,20.17,18.41,19241543.0,370252771.0,13:52:51
sh688366,昊海生科,38.94,-0.16,-0.409,38.92,38.94,39.1,39.08,39.08,38.75,258453.0,10052267.0,13:52:40
sh688367,工大高科,38.04,0.94,2.534,38.04,38.05,37.1,37.1,38.46,36.37,2650357.0,100179106.0,13:52:42
sh688368,晶丰明源,145.7,2.88,2.017,145.67,145.73,142.82,141.28,148.31,140.0,1576836.0,229128471.0,13:52:48
sh688369,致远互联,25.09,0.44,1.785,25.08,25.09,24.65,24.64,25.46,24.43,4173920.0,104965281.0,13:52:49
sh688370,丛麟科技,25.23,0.98,4.041,25.23,25.25,24.25,24.24,25.34,24.24,1075866.0,26583500.0,13:52:42
sh688371,菲沃泰,21.18,0.23,1.098,21.16,21.18,20.95,21.03,21.39,20.81,1117384.0,23499379.0,13:52:42
sh688372,伟测科技,154.51,-0.11,-0.071,154.51,154.6,154.62,153.74,157.85,152.21,4681875.0,725627757.0,13:52:52
sh688373,盟科药业,6.39,0.03,0.472,6.39,6.4,6.36,6.35,6.41,6.22,9685866.0,61270561.0,13:52:51
sh688375,国博电子,126.98,4.48,3.657,126.97,126.98,122.5,122.5,128.88,121.89,6693995.0,839707062.0,13:52:53
sh688376,美埃科技,72.96,-0.34,-0.464,72.98,73.12,73.3,73.14,74.43,72.39,1643105.0,120711945.0,13:52:51
sh688377,迪威尔,39.83,1.27,3.294,39.81,39.83,38.56,38.97,39.95,38.07,1311436.0,51359593.0,13:52:28
sh688378,奥来德,37.02,0.12,0.325,37.02,37.04,36.9,36.89,37.2,36.61,2404510.0,88776149.0,13:52:52
sh688379,华光新材,51.82,2.29,4.623,51.82,51.84,49.53,49.75,52.18,49.69,3007936.0,153825906.0,13:52:45
sh688380,中微半导,46.73,0.67,1.455,46.73,46.74,46.06,46.46,47.01,45.88,5262775.0,245078783.0,13:52:53
sh688381,帝奥微,25.07,0.31,1.252,25.07,25.08,24.76,24.58,25.98,24.51,7894130.0,200136316.0,13:52:52
sh688382,益方生物,22.56,1.29,6.065,22.55,22.56,21.27,21.22,23.08,20.87,28247925.0,628294691.0,13:52:52
sh688383,新益昌,94.7,-0.5,-0.525,94.51,94.7,95.2,95.48,95.84,93.0,937531.0,88708596.0,13:52:53
sh688385,复旦微电,69.3,0.61,0.888,69.3,69.35,68.69,68.68,69.58,67.7,6192535.0,426072940.0,13:52:51
sh688386,泛亚微透,78.93,0.36,0.458,78.93,79.05,78.57,79.81,81.5,78.6,816438.0,64784219.0,13:52:52
sh688387,信科移动,17.25,0.36,2.131,17.25,17.26,16.89,16.72,17.8,16.7,86487192.0,1495885165.0,13:52:52
sh688388,嘉元科技,49.14,0.54,1.111,49.12,49.14,48.6,49.17,49.5,47.36,18808024.0,909894243.0,13:52:53
sh688389,普门科技,12.65,-0.05,-0.394,12.65,12.66,12.7,12.69,12.7,12.58,1369070.0,17297591.0,13:52:52
sh688390,固德威,86.67,0.12,0.139,86.67,86.68,86.55,87.34,88.42,85.6,6118634.0,532763088.0,13:52:51
sh688391,钜泉科技,30.81,0.27,0.884,30.78,30.81,30.54,30.69,30.89,30.06,550150.0,16858501.0,13:52:48
sh688392,骄成超声,128.43,1.15,0.904,128.43,128.44,127.28,128.3,132.0,126.55,1334160.0,172841845.0,13:52:48
sh688393,安必平,23.67,0.16,0.681,23.66,23.67,23.51,23.65,23.72,23.17,835545.0,19627626.0,13:52:51
sh688395,正弦电气,26.72,0.63,2.415,26.69,26.72,26.09,26.08,26.74,25.8,552849.0,14517972.0,13:52:48
sh688396,华润微,48.68,0.38,0.787,48.67,48.68,48.3,48.36,48.92,48.21,9037429.0,439569918.0,13:52:52
sh688398,赛特新材,27.37,-0.59,-2.11,27.36,27.37,27.96,27.76,27.92,26.92,2338519.0,63874247.0,13:52:45
sh688399,硕世生物,52.71,1.79,3.515,52.66,52.72,50.92,51.3,52.79,50.05,1226139.0,63439136.0,13:52:51
sh688400,凌云光,47.55,0.32,0.678,47.53,47.55,47.23,47.54,47.69,46.71,7294646.0,345285250.0,13:52:51
sh688401,路维光电,54.71,2.11,4.011,54.7,54.73,52.6,53.3,54.79,52.54,3317411.0,178435010.0,13:52:53
sh688403,汇成股份,16.41,0.64,4.058,16.39,16.41,15.77,15.7,16.44,15.57,36015165.0,577339263.0,13:52:51
sh688408,中信博,40.84,1.01,2.536,40.83,40.85,39.83,40.2,41.29,39.5,4185209.0,169462448.0,13:52:45
sh688409,富创精密,98.24,-1.86,-1.858,98.12,98.24,100.1,101.8,101.8,97.7,3195755.0,317492901.0,13:52:53
sh688410,山外山,15.82,-0.1,-0.628,15.82,15.83,15.92,16.0,16.0,15.66,2890347.0,45536473.0,13:52:52
sh688411,海博思创,234.97,3.64,1.574,234.56,234.96,231.33,233.0,237.31,230.0,2354871.0,552362037.0,13:52:51
sh688416,恒烁股份,83.74,1.66,2.022,83.7,83.74,82.08,81.96,84.38,80.28,3302045.0,271981356.0,13:52:53
sh688418,震有科技,46.9,-0.3,-0.636,46.89,46.9,47.2,47.48,47.5,46.2,5864129.0,274466307.0,13:52:51
sh688419,耐科装备,48.36,-0.14,-0.289,48.36,48.37,48.5,48.48,48.89,47.48,1692080.0,81558749.0,13:52:52
sh688420,美腾科技,24.85,0.76,3.155,24.84,24.85,24.09,24.0,24.86,23.87,469122.0,11457386.0,13:52:52
sh688425,铁建重工,4.83,-0.03,-0.617,4.83,4.84,4.86,4.86,4.88,4.82,16357439.0,79301676.0,13:52:50
sh688426,康为世纪,20.57,0.2,0.982,20.56,20.57,20.37,20.36,20.58,20.02,668574.0,13578394.0,13:52:51
sh688428,诺诚健华,31.3,0.13,0.417,31.29,31.3,31.17,30.86,31.91,30.35,12820816.0,398780725.0,13:52:50
sh688429,时创能源,14.79,-0.34,-2.247,14.78,14.79,15.13,15.36,15.36,14.51,3826042.0,56544853.0,13:52:38
sh688432,有研硅,14.57,0.12,0.83,14.56,14.57,14.45,14.5,14.63,14.28,6599414.0,95516228.0,13:52:52
sh688433,华曙高科,82.58,3.68,4.664,82.5,82.58,78.9,78.91,83.47,78.91,6033996.0,493403616.0,13:52:50
sh688435,英方软件,42.99,0.79,1.872,42.97,42.99,42.2,42.88,43.19,42.13,1406751.0,60136511.0,13:52:49
sh688439,振华风光,51.0,-0.15,-0.293,51.0,51.01,51.15,51.16,51.34,50.85,1509634.0,77105983.0,13:52:51
sh688443,智翔金泰,32.27,0.27,0.844,32.27,32.29,32.0,32.03,32.36,31.71,3828120.0,122420422.0,13:52:52
sh688448,磁谷科技,61.46,0.66,1.086,61.44,61.53,60.8,61.78,63.8,61.09,1466775.0,91217161.0,13:52:48
sh688449,联芸科技,47.86,1.37,2.947,47.86,47.88,46.49,46.68,48.9,46.05,8073435.0,386365664.0,13:52:51
sh688450,光格科技,40.57,0.57,1.425,40.55,40.57,40.0,40.0,40.92,39.75,1278435.0,51622355.0,13:52:45
sh688455,科捷智能,28.74,0.58,2.06,28.73,28.74,28.16,28.17,28.75,27.78,1912576.0,54007948.0,13:52:51
sh688456,有研粉材,56.96,0.45,0.796,56.96,56.99,56.51,56.51,57.37,56.33,1480618.0,84212668.0,13:52:40
sh688458,美芯晟,35.64,0.14,0.394,35.64,35.68,35.5,35.39,35.85,35.36,835349.0,29722909.0,13:52:52
sh688459,哈铁科技,9.34,0.14,1.522,9.33,9.34,9.2,9.2,9.35,9.16,994294.0,9251011.0,13:52:44
sh688466,金科环境,17.5,0.3,1.744,17.49,17.5,17.2,17.18,17.52,16.93,1220067.0,21002871.0,13:52:53
sh688468,科美诊断,7.26,0.05,0.693,7.26,7.27,7.21,7.2,7.27,7.16,2216934.0,15985728.0,13:52:44
sh688469,芯联集成,6.61,0.0,0.0,6.61,6.62,6.61,6.64,6.67,6.59,39703184.0,263200059.0,13:52:52
sh688472,阿特斯,13.39,0.19,1.439,13.39,13.4,13.2,13.24,13.45,13.09,31130084.0,414486552.0,13:52:53
sh688475,萤石网络,29.29,0.03,0.103,29.27,29.29,29.26,29.31,29.82,29.2,5261301.0,155253040.0,13:52:50
sh688478,晶升股份,37.29,0.84,2.305,37.28,37.38,36.45,36.5,37.7,35.89,3495230.0,129152086.0,13:52:53
sh688479,友车科技,35.45,2.93,9.01,35.45,35.52,32.52,32.54,36.13,32.54,3859933.0,135182148.0,13:52:50
sh688480,赛恩斯,87.8,2.53,2.967,87.6,87.77,85.27,85.67,89.0,84.6,2641501.0,229179178.0,13:52:49
sh688484,南芯科技,37.45,0.11,0.295,37.43,37.45,37.34,37.0,37.9,37.0,2777615.0,104360709.0,13:52:51
sh688485,九州一轨,43.65,1.64,3.904,43.59,43.65,42.01,42.13,43.79,40.64,9902390.0,418079441.0,13:52:51
sh688486,龙迅股份,67.76,3.32,5.152,67.7,67.76,64.44,66.15,68.67,66.15,3480775.0,235669764.0,13:52:51
sh688488,艾迪药业,19.86,-0.65,-3.169,19.86,19.88,20.51,20.0,20.08,19.52,11067157.0,219393476.0,13:52:51
sh688489,三未信安,39.54,0.08,0.203,39.55,39.61,39.46,39.51,39.89,39.38,446235.0,17663465.0,13:52:48
sh688496,清越科技,5.77,-0.11,-1.871,5.77,5.78,5.88,5.88,5.88,5.66,5583716.0,32045096.0,13:52:51
sh688498,源杰科技,1288.27,2.27,0.177,1288.01,1288.27,1286.0,1269.0,1305.0,1268.0,1821560.0,2347938467.0,13:52:53
sh688499,利元亨,50.93,0.4,0.792,50.91,50.93,50.53,51.08,52.09,50.0,3928283.0,200896353.0,13:52:49
sh688500,慧辰股份,54.41,6.31,13.119,54.41,54.69,48.1,48.15,54.75,48.15,3584030.0,186708168.0,13:52:50
sh688501,青达环保,26.09,-0.21,-0.798,26.08,26.09,26.3,26.55,26.56,25.79,1496896.0,39006406.0,13:52:50
sh688502,茂莱光学,355.26,9.76,2.825,355.18,355.67,345.5,355.13,358.5,347.0,822394.0,291583108.0,13:52:46
sh688503,聚和材料,95.29,2.8,3.027,95.29,95.3,92.49,92.9,96.87,91.0,9578223.0,912147779.0,13:52:51
sh688505,复旦张江,8.01,-0.07,-0.866,8.01,8.02,8.08,8.03,8.08,7.96,3120961.0,25023312.0,13:52:50
sh688506,百利天恒,310.2,-3.65,-1.163,310.2,310.7,313.85,308.5,313.78,302.09,1382682.0,427936989.0,13:52:49
sh688507,索辰科技,92.41,4.98,5.696,92.4,92.41,87.43,88.8,93.29,87.88,2323524.0,212017714.0,13:52:50
sh688508,芯朋微,65.0,1.25,1.961,65.0,65.03,63.75,63.77,66.17,63.39,2965585.0,192512344.0,13:52:49
sh688509,正元地信,4.55,0.03,0.664,4.54,4.55,4.52,4.52,4.55,4.5,3749192.0,16961133.0,13:52:45
sh688510,航亚科技,32.83,-0.37,-1.114,32.83,32.84,33.2,33.13,33.49,32.5,6226067.0,204456325.0,13:52:49
sh688511,*ST天微,22.49,0.26,1.17,22.45,22.49,22.23,22.4,22.77,22.39,1302976.0,29393161.0,13:52:46
sh688512,慧智微,12.72,-0.04,-0.313,12.71,12.72,12.76,12.75,12.86,12.56,6896168.0,87859212.0,13:52:49
sh688513,苑东生物,66.12,-0.74,-1.107,66.12,66.13,66.86,66.82,67.41,65.5,2433152.0,161687207.0,13:52:51
sh688515,裕太微,128.81,2.21,1.746,128.81,128.86,126.6,127.1,129.52,126.38,1216664.0,155989502.0,13:52:51
sh688516,奥特维,77.14,2.02,2.689,77.12,77.14,75.12,75.2,79.4,72.1,13237791.0,1012376296.0,13:52:50
sh688517,金冠电气,21.34,0.07,0.329,21.34,21.35,21.27,21.4,21.52,20.7,3485723.0,73662275.0,13:52:35
sh688518,联赢激光,26.8,0.84,3.236,26.78,26.8,25.96,26.2,27.07,25.96,8338378.0,221798144.0,13:52:50
sh688519,南亚新材,152.58,-10.4,-6.381,152.5,152.65,162.98,159.0,160.8,150.95,7232777.0,1110307301.0,13:52:50
sh688520,神州细胞,44.62,1.34,3.096,44.62,44.63,43.28,43.28,46.17,42.58,5678163.0,252159741.0,13:52:49
sh688521,芯原股份,237.36,-16.88,-6.639,237.36,237.68,254.24,252.0,254.0,219.0,38648563.0,9136038626.0,13:52:52
sh688522,纳睿雷达,35.42,1.17,3.416,35.41,35.42,34.25,34.24,35.67,34.05,3851287.0,135430489.0,13:52:51
sh688523,航天环宇,69.35,0.44,0.639,69.32,69.34,68.91,68.57,70.33,67.0,7854768.0,540431494.0,13:52:50
sh688525,佰维存储,285.4,-0.01,-0.004,285.38,285.4,285.41,273.0,291.8,271.99,36097234.0,10200632629.0,13:52:50
sh688526,科前生物,15.2,0.03,0.198,15.19,15.2,15.17,15.2,15.24,15.06,1483932.0,22490576.0,13:52:36
sh688528,秦川物联,10.95,0.38,3.595,10.95,10.97,10.57,10.66,10.98,10.42,1125642.0,12035629.0,13:52:48
sh688529,豪森智能,18.27,0.38,2.124,18.26,18.27,17.89,18.1,18.3,17.93,922296.0,16752328.0,13:52:46
sh688530,欧莱新材,31.52,-0.24,-0.756,31.51,31.52,31.76,31.58,31.99,30.61,5042659.0,158062429.0,13:52:51
sh688531,日联科技,83.75,0.0,0.0,0.0,0.0,83.75,0.0,0.0,0.0,0.0,0.0,13:52:38
sh688533,上声电子,26.9,0.22,0.825,26.89,26.9,26.68,26.65,26.93,26.65,698435.0,18722065.0,13:52:51
sh688535,华海诚科,124.52,0.42,0.338,124.31,124.7,124.1,124.48,127.4,123.0,1963973.0,245985735.0,13:52:50
sh688536,思瑞浦,194.79,4.79,2.521,194.79,194.82,190.0,190.05,201.2,187.51,4719365.0,918969469.0,13:52:49
sh688538,和辉光电,2.27,0.0,0.0,2.27,2.28,2.27,2.27,2.29,2.27,25945499.0,59017340.0,13:52:47
sh688539,高华科技,37.89,0.0,0.0,37.87,37.89,37.89,37.88,38.28,37.4,2160120.0,81530438.0,13:52:46
sh688543,国科军工,71.24,0.54,0.764,71.22,71.24,70.7,71.2,72.27,70.13,3794202.0,270783035.0,13:52:51
sh688545,兴福电子,52.03,-0.05,-0.096,52.02,52.03,52.08,52.33,53.15,51.1,4220361.0,218634593.0,13:52:50
sh688548,广钢气体,26.15,2.29,9.598,26.12,26.15,23.86,24.15,26.16,23.82,30438278.0,762289412.0,13:52:51
sh688549,中巨芯,9.22,0.08,0.875,9.21,9.22,9.14,9.19,9.26,9.07,11738444.0,107852323.0,13:52:51
sh688550,瑞联新材,41.75,0.06,0.144,41.74,41.75,41.69,42.0,42.17,41.4,1475012.0,61548060.0,13:52:38
sh688551,科威尔,46.0,0.16,0.349,45.98,45.99,45.84,46.07,46.37,44.41,1879502.0,86073700.0,13:52:50
sh688552,航天南湖,46.41,0.56,1.221,46.41,46.42,45.85,45.55,47.68,45.1,5843968.0,272850082.0,13:52:50
sh688553,汇宇制药,19.96,-0.28,-1.383,19.95,19.96,20.24,20.23,20.58,19.81,8980226.0,181352263.0,13:52:49
sh688556,高测股份,14.38,1.1,8.283,14.37,14.38,13.28,13.68,14.57,13.28,64278751.0,905057119.0,13:52:51
sh688557,兰剑智能,32.0,0.81,2.597,32.0,32.01,31.19,31.51,32.06,31.17,1145763.0,36336437.0,13:52:50
sh688558,国盛智科,30.24,0.3,1.002,30.22,30.25,29.94,30.2,30.25,29.8,915451.0,27533417.0,13:52:50
sh688559,海目星,56.12,0.62,1.117,56.12,56.14,55.5,56.04,56.92,55.61,3740320.0,210756426.0,13:52:51
sh688560,明冠新材,14.82,0.34,2.348,14.82,14.83,14.48,14.54,14.82,14.41,2501069.0,36660636.0,13:52:49
sh688561,奇安信,30.55,0.41,1.36,30.53,30.55,30.14,30.5,30.7,30.2,2932765.0,89500350.0,13:52:50
sh688562,航天软件,19.83,-0.05,-0.252,19.83,19.84,19.88,20.0,20.06,19.7,3004159.0,59709171.0,13:52:49
sh688563,航材股份,60.89,-0.5,-0.814,60.89,60.9,61.39,61.5,61.7,60.53,2457161.0,149693203.0,13:52:51
sh688565,力源科技,13.01,0.4,3.172,13.0,13.01,12.61,12.61,13.01,12.42,2168397.0,27704464.0,13:52:46
sh688566,吉贝尔,32.08,-0.02,-0.062,32.09,32.14,32.1,31.8,32.34,31.38,2751203.0,87670272.0,13:52:50
sh688567,孚能科技,13.48,0.17,1.277,13.48,13.49,13.31,13.4,13.72,13.29,10922258.0,147513720.0,13:52:50
sh688568,中科星图,60.66,0.44,0.731,60.64,60.66,60.22,60.29,61.71,58.7,10589845.0,637210562.0,13:52:50
sh688569,铁科轨道,20.35,-0.01,-0.049,20.34,20.35,20.36,20.35,20.44,20.18,814308.0,16496121.0,13:52:49
sh688570,天玛智控,17.9,0.01,0.056,17.9,17.91,17.89,17.91,17.95,17.6,331123.0,5906169.0,13:52:49
sh688571,杭华股份,7.77,0.07,0.909,7.76,7.78,7.7,7.75,7.77,7.58,1839832.0,14106465.0,13:52:49
sh688573,信宇人,21.44,0.43,2.047,21.46,21.47,21.01,21.07,21.56,20.88,3455678.0,73825951.0,13:52:50
sh688575,亚辉龙,14.66,-0.34,-2.267,14.66,14.67,15.0,15.0,15.0,14.64,4189947.0,61864889.0,13:52:49
sh688576,西山科技,69.75,-0.03,-0.043,69.75,69.76,69.78,69.74,69.78,68.83,155625.0,10798272.0,13:52:48
sh688577,浙海德曼,66.66,0.19,0.286,66.66,66.69,66.47,68.0,68.13,65.9,458999.0,30586949.0,13:52:44
sh688578,艾力斯,98.77,-1.48,-1.476,98.77,98.78,100.25,99.5,100.4,98.28,3901537.0,386619799.0,13:52:51
sh688579,地纬智能,11.36,0.43,3.934,11.36,11.37,10.93,10.95,11.4,10.85,6291312.0,70077217.0,13:52:51
sh688580,伟思医疗,58.21,0.18,0.31,58.18,58.21,58.03,58.03,59.33,57.77,1042434.0,60977644.0,13:52:42
sh688581,安杰思,56.0,0.04,0.071,56.01,56.03,55.96,55.96,56.1,55.6,130947.0,7320377.0,13:52:44
sh688582,芯动联科,61.55,0.28,0.457,61.52,61.55,61.27,61.26,61.6,60.91,2911057.0,178402371.0,13:52:51
sh688583,思看科技,125.18,0.18,0.144,124.97,125.18,125.0,124.99,129.01,124.14,1115128.0,141086725.0,13:52:51
sh688584,上海合晶,20.12,0.18,0.903,20.12,20.14,19.94,20.0,20.3,19.89,1980336.0,39741453.0,13:52:52
sh688585,上纬新材,127.26,1.01,0.8,127.26,127.27,126.25,128.28,131.07,125.85,3145632.0,404704131.0,13:52:52
sh688586,江航装备,14.43,0.02,0.139,14.42,14.43,14.41,14.41,14.52,14.27,4748070.0,68401487.0,13:52:47
sh688588,凌志软件,12.17,0.2,1.671,12.16,12.17,11.97,12.0,12.18,11.99,2215176.0,26802487.0,13:52:48
sh688589,力合微,22.63,0.38,1.708,22.62,22.63,22.25,22.24,22.72,22.16,2151290.0,48476911.0,13:52:47
sh688590,新致软件,14.97,0.92,6.548,14.97,14.98,14.05,14.1,15.32,14.04,18353470.0,271887618.0,13:52:51
sh688591,泰凌微,35.12,0.64,1.856,35.11,35.12,34.48,34.45,35.19,34.3,4822889.0,167805337.0,13:52:51
sh688592,司南导航,44.39,1.29,2.993,44.35,44.39,43.1,43.1,44.55,43.01,1169162.0,51396239.0,13:52:51
sh688593,新相微,31.88,0.7,2.245,31.88,31.89,31.18,30.56,32.36,30.56,6141264.0,195640098.0,13:52:46
sh688595,芯海科技,34.25,1.4,4.262,34.24,34.25,32.85,32.84,34.73,32.61,4054385.0,137464960.0,13:52:41
sh688596,正帆科技,32.21,0.35,1.099,32.21,32.22,31.86,32.3,32.38,31.67,3978387.0,127770521.0,13:52:38
sh688597,煜邦电力,8.97,0.02,0.223,8.97,8.99,8.95,8.94,9.01,8.77,3340637.0,29611619.0,13:52:45
sh688598,金博股份,23.57,0.27,1.159,23.56,23.57,23.3,23.56,23.74,23.26,2410355.0,56697527.0,13:52:51
sh688599,天合光能,16.58,0.22,1.345,16.57,16.58,16.36,16.41,16.65,16.34,21836667.0,360842732.0,13:52:52
sh688600,皖仪科技,27.48,0.15,0.549,27.47,27.48,27.33,27.17,27.91,27.08,1685792.0,46137174.0,13:52:51
sh688601,力芯微,52.02,-0.48,-0.914,52.01,52.02,52.5,52.79,53.74,51.74,4837698.0,255487491.0,13:52:54
sh688602,康鹏科技,8.25,-0.01,-0.121,8.24,8.25,8.26,8.26,8.32,8.11,10025827.0,82313600.0,13:52:42
sh688603,天承科技,94.67,-3.89,-3.947,94.67,94.68,98.56,98.5,98.5,93.86,4840922.0,462211938.0,13:52:49
sh688605,先锋精科,64.3,0.37,0.579,64.3,64.31,63.93,65.0,65.33,64.0,1645942.0,106066370.0,13:52:53
sh688606,奥泰生物,61.08,0.18,0.296,60.99,61.08,60.9,60.95,61.25,60.63,146839.0,8956075.0,13:52:37
sh688607,康众医疗,65.47,3.17,5.088,65.19,65.43,62.3,62.29,66.0,59.8,4292820.0,270089051.0,13:52:52
sh688608,恒玄科技,167.53,-0.55,-0.327,167.53,167.7,168.08,168.33,169.98,166.5,3468683.0,583616376.0,13:52:51
sh688609,九联科技,8.52,0.07,0.828,8.51,8.52,8.45,8.44,8.52,8.38,4344943.0,36760976.0,13:52:53
sh688610,埃科光电,113.2,0.3,0.266,113.19,113.2,112.9,111.77,114.6,108.01,2107054.0,231636493.0,13:52:52
sh688611,杭州柯林,57.93,2.99,5.442,57.82,57.88,54.94,56.2,58.16,54.69,1423458.0,80547820.0,13:52:53
sh688612,威迈斯,31.88,0.25,0.79,31.88,31.89,31.63,31.76,32.17,31.12,4134913.0,130594841.0,13:52:50
sh688613,奥精医疗,21.36,0.02,0.094,21.35,21.36,21.34,21.4,21.4,20.97,1596302.0,33843018.0,13:52:35
sh688615,合合信息,187.41,8.71,4.874,187.28,187.48,178.7,181.3,187.96,180.02,5319871.0,982896609.0,13:52:52
sh688616,西力科技,13.58,0.22,1.647,13.58,13.59,13.36,13.38,13.59,13.22,1306358.0,17479690.0,13:52:53
sh688617,惠泰医疗,258.02,-0.48,-0.186,258.1,258.3,258.5,258.49,260.8,256.12,389153.0,100534097.0,13:52:54
sh688618,三旺通信,41.5,2.13,5.41,41.45,41.5,39.37,38.56,42.5,37.4,8599306.0,336072680.0,13:52:53
sh688619,罗普特,15.53,0.23,1.503,15.52,15.53,15.3,15.45,15.8,15.33,2001088.0,30906370.0,13:52:52
sh688620,安凯微,11.57,0.33,2.936,11.56,11.57,11.24,11.29,11.65,11.25,4154180.0,47658526.0,13:52:53
sh688621,阳光诺和,66.73,-0.85,-1.258,66.75,66.79,67.58,67.57,67.89,66.2,1611745.0,107912114.0,13:52:53
sh688622,禾信仪器,98.91,2.58,2.678,98.9,99.15,96.33,98.1,100.5,93.03,1750414.0,171436201.0,13:52:54
sh688623,双元科技,89.99,1.36,1.534,90.0,90.24,88.63,88.58,91.76,87.0,788901.0,71243685.0,13:52:52
sh688625,呈和科技,72.27,4.04,5.921,71.99,72.26,68.23,70.66,72.5,67.1,4313700.0,300861224.0,13:52:54
sh688626,翔宇医疗,59.28,0.3,0.509,59.28,59.3,58.98,58.7,59.43,58.5,1175184.0,69317576.0,13:52:53
sh688627,精智达,278.15,2.71,0.984,278.15,278.44,275.44,275.62,284.9,267.85,2546562.0,706767319.0,13:52:50
sh688628,优利德,64.01,-0.5,-0.775,64.01,64.13,64.51,64.55,65.98,63.38,2100872.0,135083069.0,13:52:53
sh688629,华丰科技,131.99,0.01,0.008,131.98,131.99,131.98,134.13,138.58,129.4,22100369.0,2953471369.0,13:52:54
sh688630,芯碁微装,234.69,-0.31,-0.132,234.74,234.89,235.0,234.6,236.93,224.9,6338015.0,1458728259.0,13:52:54
sh688631,莱斯信息,56.88,3.02,5.607,56.88,56.89,53.86,54.06,59.88,53.95,3518921.0,199987337.0,13:52:52
sh688633,星球石墨,26.26,0.7,2.739,26.26,26.27,25.56,25.55,26.29,25.46,1551140.0,40155451.0,13:52:47
sh688636,智明达,46.19,1.74,3.915,46.16,46.19,44.45,44.8,46.22,43.76,4607713.0,206632216.0,13:52:53
sh688638,誉辰智能,42.61,1.01,2.428,42.59,42.62,41.6,41.6,42.66,41.05,575578.0,24276532.0,13:52:54
sh688639,华恒生物,28.45,0.13,0.459,28.44,28.45,28.32,28.44,28.63,28.3,2008977.0,57133321.0,13:52:49
sh688646,ST逸飞,51.54,0.25,0.487,51.52,51.54,51.29,51.29,52.0,50.91,544447.0,28023434.0,13:52:53
sh688648,中邮科技,52.99,1.11,2.14,52.98,52.99,51.88,51.97,53.09,51.87,1109097.0,58382193.0,13:52:52
sh688651,盛邦安全,39.36,0.57,1.469,39.32,39.36,38.79,38.79,40.26,38.62,1511096.0,59658250.0,13:52:53
sh688652,京仪装备,106.78,0.27,0.253,106.78,106.87,106.51,106.64,107.9,105.23,2341539.0,249768488.0,13:52:52
sh688653,康希通信,13.24,0.12,0.915,13.24,13.25,13.12,13.12,13.27,13.08,2656257.0,35043533.0,13:52:49
sh688655,迅捷兴,34.19,-0.66,-1.894,34.18,34.19,34.85,35.14,35.24,32.35,11470139.0,387262946.0,13:52:42
sh688656,浩欧博,138.96,2.33,1.705,138.96,138.97,136.63,137.19,139.87,135.2,304063.0,41815406.0,13:52:54
sh688657,浩辰软件,48.65,0.55,1.143,48.65,48.73,48.1,48.29,48.78,48.04,497916.0,24157849.0,13:52:52
sh688658,悦康药业,20.6,-0.01,-0.049,20.59,20.6,20.61,19.9,20.81,19.83,11968711.0,243270579.0,13:52:52
sh688659,元琛科技,10.05,0.4,4.145,10.04,10.05,9.65,9.78,10.08,9.6,2233176.0,22005312.0,13:52:53
sh688660,电气风电,12.62,0.27,2.186,12.61,12.62,12.35,12.34,12.66,12.3,8943829.0,112013519.0,13:52:47
sh688661,和林微纳,85.01,-1.96,-2.254,84.98,85.06,86.97,86.6,88.19,83.83,3447055.0,294042542.0,13:52:53
sh688662,富信科技,64.52,-0.76,-1.164,64.5,64.55,65.28,65.33,65.67,63.93,3668996.0,237684484.0,13:52:53
sh688663,新风光,61.86,0.09,0.146,61.86,61.91,61.77,61.69,63.08,60.52,2368077.0,147010250.0,13:52:53
sh688665,四方光电,47.06,0.4,0.857,47.06,47.07,46.66,46.68,47.37,46.46,443960.0,20767065.0,13:52:51
sh688667,菱电电控,135.93,-1.28,-0.933,135.92,135.97,137.21,134.74,138.58,131.0,1869034.0,252058455.0,13:52:53
sh688668,鼎通科技,207.23,34.54,20.001,207.23,0.0,172.69,179.0,207.23,176.5,13046570.0,2562230440.0,13:52:52
sh688669,聚石化学,26.0,0.03,0.116,25.99,26.02,25.97,25.96,26.54,25.62,1668473.0,43521107.0,13:52:53
sh688670,金迪克,17.87,0.21,1.189,17.87,17.88,17.66,17.67,17.87,17.3,943786.0,16616965.0,13:52:53
sh688671,碧兴物联,21.59,0.56,2.663,21.58,21.59,21.03,21.04,21.63,20.78,789408.0,16833537.0,13:52:54
sh688676,金盘科技,86.35,0.85,0.994,86.35,86.36,85.5,86.36,87.28,84.01,8404940.0,722382207.0,13:52:53
sh688677,海泰新光,73.69,4.09,5.876,73.68,73.7,69.6,69.26,76.0,69.26,7539411.0,549547064.0,13:52:54
sh688678,福立旺,27.6,1.26,4.784,27.6,27.61,26.34,26.69,28.08,26.56,18625176.0,512278093.0,13:52:51
sh688679,通源环境,55.56,-0.29,-0.519,55.56,55.61,55.85,56.7,56.72,54.01,2599684.0,143509466.0,13:52:51
sh688680,海优新材,50.81,1.12,2.254,50.78,50.79,49.69,49.99,51.7,49.29,1859536.0,94460462.0,13:52:54
sh688681,科汇股份,19.18,0.2,1.054,19.17,19.18,18.98,18.84,19.18,18.32,2072508.0,38785738.0,13:52:49
sh688682,霍莱沃,48.38,0.0,0.0,48.35,48.38,48.38,48.38,49.5,47.6,1977644.0,96117584.0,13:52:52
sh688683,莱尔科技,38.98,0.92,2.417,38.96,38.98,38.06,38.66,39.58,38.1,1572350.0,61210811.0,13:52:51
sh688685,迈信林,44.74,3.9,9.549,44.74,44.79,40.84,40.12,45.19,40.06,6472269.0,278398899.0,13:52:50
sh688686,奥普特,104.31,1.09,1.056,104.27,104.39,103.22,103.3,106.68,102.58,1295413.0,134820572.0,13:52:52
sh688687,凯因科技,21.46,-0.03,-0.14,21.44,21.46,21.49,21.31,21.54,21.1,2433581.0,51891089.0,13:52:50
sh688689,银河微电,36.12,0.16,0.445,36.12,36.13,35.96,35.9,36.33,35.69,1516164.0,54621399.0,13:52:49
sh688690,纳微科技,30.74,-0.56,-1.789,30.74,30.75,31.3,30.8,30.98,29.5,16005088.0,485914709.0,13:52:54
sh688691,灿芯股份,106.13,0.68,0.645,106.05,106.13,105.45,106.59,108.0,104.25,4172538.0,443881806.0,13:52:53
sh688692,达梦数据,249.08,14.48,6.172,249.05,249.08,234.6,235.84,250.55,234.8,1878625.0,462601575.0,13:52:53
sh688693,锴威特,91.52,0.01,0.011,91.38,91.51,91.51,93.0,95.54,90.11,3270792.0,302559251.0,13:52:53
sh688695,中创股份,24.19,0.34,1.426,24.19,24.2,23.85,23.93,24.2,23.6,781101.0,18713214.0,13:52:54
sh688696,极米科技,93.78,2.81,3.089,93.78,93.8,90.97,91.0,94.29,90.01,656615.0,60825631.0,13:52:49
sh688697,纽威数控,15.15,0.35,2.365,15.15,15.16,14.8,14.88,15.23,14.79,2773902.0,41910319.0,13:52:49
sh688698,伟创电气,69.86,-0.42,-0.598,69.8,69.86,70.28,72.94,73.0,69.64,6288744.0,446735482.0,13:52:52
sh688699,明微电子,45.94,0.19,0.415,45.94,46.0,45.75,45.9,46.41,45.71,1298006.0,59821880.0,13:52:49
sh688700,东威科技,58.13,0.0,0.0,58.09,58.11,58.13,58.27,58.96,56.77,7476903.0,434445560.0,13:52:53
sh688701,卓锦股份,9.58,0.37,4.017,9.58,9.59,9.21,9.16,9.59,9.09,1693348.0,15862811.0,13:52:50
sh688702,盛科通信,224.91,3.4,1.535,224.91,225.25,221.51,221.5,232.96,215.05,5854185.0,1325138066.0,13:52:53
sh688707,振华新材,14.0,0.07,0.503,13.99,14.0,13.93,14.05,14.25,13.92,5920178.0,83323919.0,13:52:46
sh688708,佳驰科技,52.99,0.18,0.341,52.94,52.99,52.81,52.5,53.25,52.5,461469.0,24420177.0,13:52:51
sh688709,成都华微,43.96,-0.25,-0.565,43.96,43.97,44.21,44.4,44.74,43.76,4190285.0,185378531.0,13:52:42
sh688710,益诺思,70.91,-0.71,-0.991,70.9,70.91,71.62,71.0,72.2,69.23,863411.0,60957416.0,13:52:44
sh688711,宏微科技,27.96,0.51,1.858,27.96,27.97,27.45,27.65,28.05,27.5,2512994.0,70039575.0,13:52:46
sh688712,北芯生命,42.0,-0.46,-1.083,42.0,42.05,42.46,42.63,42.73,41.46,3185611.0,133214878.0,13:52:49
sh688716,中研股份,32.99,-0.07,-0.212,32.97,32.99,33.06,33.05,33.33,32.83,993976.0,32864070.0,13:52:50
sh688717,艾罗能源,104.98,-1.03,-0.972,104.98,105.01,106.01,106.0,108.53,104.13,5231135.0,555128805.0,13:52:49
sh688718,唯赛勃,15.96,0.59,3.839,15.95,15.96,15.37,15.49,15.97,15.16,1296048.0,20253933.0,13:52:43
sh688719,爱科赛博,53.15,3.15,6.3,53.06,53.15,50.0,50.93,53.98,50.2,4796794.0,251412747.0,13:52:47
sh688720,艾森股份,75.86,0.06,0.079,75.87,75.91,75.8,75.89,76.7,75.1,1616816.0,122832791.0,13:52:40
sh688721,龙图光罩,39.77,0.32,0.811,39.76,39.8,39.45,39.88,39.88,39.36,557754.0,22103438.0,13:52:48
sh688722,同益中,17.42,0.23,1.338,17.41,17.42,17.19,17.18,17.43,17.12,1707813.0,29439352.0,13:52:42
sh688726,拉普拉斯,66.3,1.25,1.922,66.26,66.3,65.05,64.02,67.99,60.21,29449933.0,1901845118.0,13:52:49
sh688727,恒坤新材,50.31,0.1,0.199,50.26,50.31,50.21,50.2,50.67,49.65,1477400.0,74147275.0,13:52:49
sh688728,格科微,13.21,0.04,0.304,13.21,13.22,13.17,13.18,13.24,13.12,6791873.0,89550951.0,13:52:48
sh688729,屹唐股份,23.0,0.06,0.262,23.0,23.01,22.94,23.08,23.18,22.8,3482241.0,80070659.0,13:52:48
sh688733,壹石通,29.56,-0.17,-0.572,29.56,29.57,29.73,29.99,30.04,29.32,3607502.0,107028013.0,13:52:47
sh688737,中自科技,26.46,0.62,2.399,26.44,26.46,25.84,25.99,26.57,25.63,939698.0,24638636.0,13:52:49
sh688739,成大生物,24.77,-0.05,-0.201,24.77,24.8,24.82,24.81,24.85,24.69,938373.0,23243279.0,13:52:47
sh688750,金天钛业,18.37,0.13,0.713,18.37,18.38,18.24,18.35,18.49,18.19,2053265.0,37668309.0,13:52:33
sh688755,汉邦科技,38.5,-0.22,-0.568,38.51,38.6,38.72,38.88,38.93,38.38,145667.0,5613060.0,13:52:37
sh688757,胜科纳米,25.87,0.02,0.077,25.85,25.87,25.85,26.2,26.25,25.5,2768325.0,71487358.0,13:52:46
sh688758,赛分科技,20.99,0.41,1.992,20.99,21.0,20.58,20.76,21.19,20.4,5565073.0,116094506.0,13:52:49
sh688759,必贝特,39.34,-0.96,-2.382,39.3,39.34,40.3,40.1,40.1,38.98,2820217.0,111003220.0,13:52:45
sh688765,禾元生物,66.3,-0.37,-0.555,66.25,66.3,66.67,66.4,66.5,65.51,731408.0,48250857.0,13:52:44
sh688766,普冉股份,264.6,-0.85,-0.32,264.6,265.35,265.45,264.97,271.86,258.37,4191682.0,1116571667.0,13:52:49
sh688767,博拓生物,34.0,-0.47,-1.364,33.99,34.0,34.47,34.46,34.56,33.35,1430250.0,48434851.0,13:52:47
sh688768,容知日新,46.91,0.84,1.823,46.9,46.91,46.07,46.3,47.1,45.82,785013.0,36691205.0,13:52:40
sh688772,珠海冠宇,16.43,0.29,1.797,16.42,16.43,16.14,16.27,16.6,16.13,26170675.0,428780622.0,13:52:49
sh688775,影石创新,194.82,-0.08,-0.041,194.83,194.93,194.9,194.08,198.48,193.66,546686.0,106993370.0,13:52:41
sh688776,国光电气,84.55,0.4,0.475,84.54,84.55,84.15,84.15,85.84,83.58,1069363.0,90607413.0,13:52:48
sh688777,中控技术,67.18,1.18,1.788,67.18,67.21,66.0,66.4,68.21,66.26,9456393.0,637472258.0,13:52:49
sh688778,厦钨新能,76.54,0.74,0.976,76.53,76.54,75.8,77.05,77.8,75.46,6886984.0,527586964.0,13:52:49
sh688779,五矿新能,10.88,0.16,1.493,10.88,10.89,10.72,10.75,11.06,10.69,22402014.0,244604116.0,13:52:47
sh688781,视涯科技,37.79,-1.21,-3.103,37.77,37.79,39.0,38.51,38.93,37.43,5732166.0,217428927.0,13:52:48
sh688783,西安奕材,22.46,-0.11,-0.487,22.45,22.46,22.57,22.58,22.65,22.38,2848219.0,64090109.0,13:52:42
sh688785,恒运昌,305.71,-1.49,-0.485,304.76,305.71,307.2,308.98,309.2,300.9,411836.0,125655045.0,13:52:42
sh688786,悦安新材,33.08,0.56,1.722,33.07,33.08,32.52,32.42,33.18,32.03,1675961.0,54760493.0,13:52:46
sh688787,海天瑞声,133.24,3.19,2.453,133.18,133.25,130.05,131.5,136.6,131.18,2166227.0,291102950.0,13:52:39
sh688788,科思科技,57.85,1.14,2.01,57.84,57.88,56.71,56.71,58.5,56.55,1496294.0,86191732.0,13:52:49
sh688789,宏华数科,70.73,0.54,0.769,70.73,70.77,70.19,70.0,71.14,70.0,645808.0,45642866.0,13:52:47
sh688790,昂瑞微,140.56,-1.54,-1.084,140.55,140.56,142.1,140.71,141.47,137.51,850392.0,118540250.0,13:52:41
sh688793,倍轻松,21.51,0.15,0.702,21.5,21.51,21.36,21.36,21.51,21.09,1147250.0,24405476.0,13:52:47
sh688795,摩尔线程,644.85,19.19,3.067,644.85,644.86,625.66,622.63,650.0,612.0,3581192.0,2281459591.0,13:52:47
sh688796,百奥赛图,99.39,-7.96,-7.415,99.28,99.36,107.35,108.08,108.08,99.0,2126141.0,217766766.0,13:52:47
sh688798,艾为电子,67.45,0.25,0.372,67.45,67.5,67.2,67.4,68.09,67.01,1787791.0,120813684.0,13:52:48
sh688799,华纳药厂,58.12,0.04,0.069,58.12,58.14,58.08,57.82,59.76,57.37,4658536.0,270693066.0,13:52:48
sh688800,瑞可达,97.13,1.08,1.124,97.11,97.15,96.05,96.9,99.3,95.06,6965760.0,681634808.0,13:52:49
sh688802,沐曦股份,727.7,47.8,7.03,726.98,727.77,679.9,670.0,729.89,665.7,3938409.0,2782527087.0,13:52:47
sh688805,健信超导,53.02,-3.9,-6.852,53.0,53.05,56.92,54.23,55.7,52.6,7673102.0,410672113.0,13:52:49
sh688807,优迅股份,300.33,11.5,3.982,300.3,300.69,288.83,291.8,302.31,284.0,1740008.0,509850935.0,13:52:48
sh688809,强一股份,372.18,1.59,0.429,372.0,372.18,370.59,371.0,373.96,360.01,1869050.0,682299778.0,13:52:49
sh688811,C有研,18.59,-1.21,-6.111,18.59,18.61,19.8,19.3,19.8,18.41,32618862.0,616580042.0,13:52:49
sh688813,泰金新能,65.77,-3.94,-5.652,65.69,65.77,69.71,68.4,70.07,65.0,7049999.0,469684961.0,13:52:48
sh688816,易思维,66.55,-0.96,-1.422,66.55,66.58,67.51,67.51,67.54,65.7,1081989.0,71899129.0,13:52:35
sh688818,电科蓝天,66.56,-0.52,-0.775,66.56,66.6,67.08,66.55,67.99,65.85,15205641.0,1019041667.0,13:52:49
sh688819,天能股份,35.27,0.59,1.701,35.26,35.27,34.68,34.67,35.8,34.4,4224283.0,149322409.0,13:52:50
sh688981,中芯国际,103.48,-0.43,-0.414,103.48,103.51,103.91,103.5,105.0,103.0,30527961.0,3172502722.0,13:52:50
sz000001,平安银行,11.1,-0.11,-0.981,11.09,11.1,11.21,11.2,11.23,11.07,53904659.0,600574509.0,13:52:48
sz000002,万 科Ａ,3.95,-0.02,-0.504,3.95,3.96,3.97,3.97,4.0,3.94,50498058.0,199964094.0,13:52:48
sz000004,*ST国华,3.64,0.17,4.899,3.64,0.0,3.47,3.64,3.64,3.64,685000.0,2493400.0,13:52:33
sz000006,深振业Ａ,8.97,0.19,2.164,8.97,8.98,8.78,8.76,9.0,8.73,14493112.0,128498827.0,13:52:48
sz000007,全新好,13.67,0.28,2.091,13.66,13.67,13.39,13.39,13.85,13.28,5698700.0,77481981.0,13:52:45
sz000008,神州高铁,2.7,0.01,0.372,2.69,2.7,2.69,2.69,2.71,2.67,41385768.0,111531614.0,13:52:48
sz000009,中国宝安,8.94,0.08,0.903,8.94,8.95,8.86,8.9,9.02,8.86,15537336.0,138982375.0,13:52:45
sz000010,美丽生态,4.06,0.03,0.744,4.05,4.06,4.03,4.12,4.13,3.93,20224800.0,81035642.0,13:52:48
sz000011,深物业A,8.34,0.03,0.361,8.33,8.34,8.31,8.3,8.34,8.25,2442000.0,20249291.0,13:52:24
sz000012,南 玻Ａ,4.55,0.06,1.336,4.54,4.55,4.49,4.48,4.56,4.48,10847027.0,49195658.0,13:52:48
sz000014,沙河股份,13.26,0.15,1.144,13.25,13.26,13.11,13.12,13.26,13.08,4194235.0,55244975.0,13:52:45
sz000016,深康佳Ａ,3.28,0.1,3.145,3.27,3.28,3.18,3.2,3.29,3.16,33816057.0,109992715.0,13:52:48
sz000017,深中华A,6.88,0.1,1.475,6.88,6.89,6.78,6.82,6.89,6.75,4893216.0,33407277.0,13:52:48
sz000019,深粮控股,7.7,-0.15,-1.911,7.69,7.7,7.85,7.9,7.9,7.6,15864810.0,121469097.0,13:52:48
sz000020,深华发Ａ,15.78,0.05,0.318,15.77,15.78,15.73,15.8,15.81,15.6,3846500.0,60491764.0,13:52:48
sz000021,深科技,28.65,0.37,1.308,28.65,28.66,28.28,28.28,28.85,27.95,48044822.0,1365872272.0,13:52:48
sz000025,特 力Ａ,16.21,0.05,0.309,16.2,16.21,16.16,16.16,16.24,16.06,2150111.0,34709342.0,13:52:48
sz000026,飞亚达,17.43,-0.39,-2.189,17.43,17.45,17.82,17.5,17.89,17.06,28259590.0,490678781.0,13:52:48
sz000027,深圳能源,6.69,0.02,0.3,6.69,6.7,6.67,6.68,6.7,6.65,15962921.0,106632383.0,13:52:48
sz000028,国药一致,26.35,-0.1,-0.378,26.35,26.36,26.45,26.48,26.79,26.3,5099512.0,134889550.0,13:52:48
sz000029,深深房Ａ,20.12,0.39,1.977,20.11,20.12,19.73,19.81,20.19,19.71,2385601.0,47596228.0,13:52:48
sz000030,富奥股份,5.2,0.05,0.971,5.19,5.2,5.15,5.18,5.23,5.17,9962117.0,51762135.0,13:52:48
sz000031,大悦城,2.9,-0.01,-0.344,2.9,2.91,2.91,2.91,2.93,2.85,20284154.0,58533601.0,13:52:48
sz000032,深桑达Ａ,18.83,0.23,1.237,18.83,18.84,18.6,18.61,19.2,18.61,18156668.0,343355727.0,13:52:51
sz000034,神州数码,35.86,0.96,2.751,35.86,35.88,34.9,34.92,36.1,34.9,16121890.0,573900372.0,13:52:51
sz000035,中国天楹,6.78,0.04,0.593,6.78,6.79,6.74,6.78,6.88,6.72,37170980.0,252462976.0,13:52:51
sz000036,华联控股,5.01,0.12,2.454,5.0,5.01,4.89,4.89,5.06,4.89,32892834.0,164165535.0,13:52:48
sz000037,深南电A,9.97,0.08,0.809,9.97,9.98,9.89,9.89,10.02,9.72,21936350.0,217620843.0,13:52:51
sz000039,中集集团,12.0,0.12,1.01,11.99,12.0,11.88,11.83,12.24,11.83,34648280.0,417599822.0,13:52:51
sz000042,中洲控股,8.85,0.06,0.683,8.84,8.85,8.79,8.78,8.88,8.74,3556401.0,31356805.0,13:52:51
sz000045,深纺织Ａ,12.02,-0.01,-0.083,12.01,12.02,12.03,12.04,12.05,11.8,6761061.0,80370999.0,13:52:51
sz000048,京基智农,15.39,-0.16,-1.029,15.38,15.39,15.55,15.53,15.63,15.31,8340900.0,128366600.0,13:52:51
sz000049,德赛电池,27.3,0.13,0.478,27.29,27.3,27.17,27.24,27.67,27.04,6187983.0,169620555.0,13:52:51
sz000050,深天马Ａ,8.25,0.0,0.0,8.24,8.25,8.25,8.26,8.31,8.21,12785359.0,105502117.0,13:52:51
sz000055,方大集团,3.51,0.05,1.445,3.51,3.52,3.46,3.47,3.52,3.43,5675550.0,19706252.0,13:52:48
sz000056,皇庭国际,1.87,-0.01,-0.532,1.87,1.88,1.88,1.89,1.9,1.84,33069700.0,61645839.0,13:52:51
sz000058,深 赛 格,8.04,0.06,0.752,8.03,8.04,7.98,7.99,8.04,7.94,3296801.0,26298269.0,13:52:48
sz000059,华锦股份,5.28,0.01,0.19,5.28,5.29,5.27,5.26,5.31,5.23,12149318.0,64067188.0,13:52:51
sz000060,中金岭南,6.52,0.14,2.194,6.52,6.53,6.38,6.39,6.53,6.39,71056055.0,459857018.0,13:52:51
sz000061,农 产 品,7.36,0.06,0.822,7.35,7.36,7.3,7.31,7.37,7.25,9714953.0,70940440.0,13:52:51
sz000062,深圳华强,28.46,0.46,1.643,28.46,28.47,28.0,28.0,29.0,27.51,35461970.0,1002714984.0,13:52:51
sz000063,中兴通讯,35.3,0.09,0.256,35.3,35.31,35.21,35.42,35.59,34.95,53156106.0,1873772820.0,13:52:51
sz000065,北方国际,14.29,-0.48,-3.25,14.29,14.3,14.77,14.6,14.67,14.21,39476351.0,568340118.0,13:52:51
sz000066,中国长城,15.56,-0.09,-0.575,15.55,15.56,15.65,15.66,15.87,15.45,58156979.0,905691915.0,13:52:51
sz000068,华控赛格,3.3,0.04,1.227,3.29,3.3,3.26,3.27,3.3,3.23,5234660.0,17143095.0,13:52:48
sz000069,华侨城Ａ,2.21,-0.03,-1.339,2.21,2.22,2.24,2.24,2.25,2.21,26511308.0,58953404.0,13:52:45
sz000070,特发信息,20.74,1.86,9.852,20.74,20.75,18.88,18.61,20.77,18.41,180136757.0,3598539959.0,13:52:51
sz000078,海王生物,3.89,-0.13,-3.234,3.88,3.89,4.02,3.86,3.93,3.78,242395971.0,932860012.0,13:52:51
sz000088,盐 田 港,4.56,-0.04,-0.87,4.55,4.56,4.6,4.59,4.61,4.55,14668516.0,67060504.0,13:52:51
sz000089,深圳机场,6.84,0.03,0.441,6.83,6.84,6.81,6.81,6.87,6.8,3708200.0,25365593.0,13:52:51
sz000090,天健集团,3.64,0.0,0.0,3.63,3.64,3.64,3.64,3.65,3.62,7293956.0,26494870.0,13:52:48
sz000096,广聚能源,9.69,-0.08,-0.819,9.69,9.7,9.77,9.78,9.79,9.63,3973500.0,38458452.0,13:52:51
sz000099,中信海直,18.21,0.57,3.231,18.2,18.21,17.64,17.66,18.6,17.51,14472790.0,261070189.0,13:52:51
sz000100,TCL科技,4.31,-0.04,-0.92,4.3,4.31,4.35,4.36,4.36,4.26,251852792.0,1085017025.0,13:52:51
sz000151,中成股份,11.9,0.1,0.847,11.9,11.91,11.8,11.87,11.95,11.8,3231901.0,38364216.0,13:52:51
sz000153,丰原药业,6.73,-0.25,-3.582,6.72,6.73,6.98,6.97,6.98,6.68,26419780.0,178013155.0,13:52:51
sz000155,川能动力,16.91,0.92,5.754,16.9,16.91,15.99,16.16,17.18,16.07,94165700.0,1580502318.0,13:52:51
sz000156,华数传媒,7.61,0.09,1.197,7.6,7.61,7.52,7.54,7.63,7.5,7692200.0,58236513.0,13:52:33
sz000157,中联重科,8.09,-0.59,-6.797,8.08,8.09,8.68,8.68,8.69,8.06,223382633.0,1838730176.0,13:52:51
sz000158,常山北明,17.75,0.19,1.082,17.74,17.75,17.56,17.48,17.85,17.45,21199361.0,374278076.0,13:52:51
sz000159,国际实业,6.31,0.11,1.774,6.3,6.31,6.2,6.21,6.33,6.15,8353400.0,52262273.0,13:52:51
sz000166,申万宏源,4.74,-0.01,-0.211,4.74,4.75,4.75,4.77,4.79,4.74,56618113.0,269803780.0,13:52:51
sz000301,东方盛虹,11.46,0.0,0.0,11.45,11.46,11.46,11.43,11.6,11.37,10019500.0,115138889.0,13:52:42
sz000333,美的集团,77.66,0.17,0.219,77.66,77.67,77.49,77.77,78.44,77.4,16528718.0,1286190576.0,13:52:51
sz000338,潍柴动力,27.4,0.8,3.008,27.39,27.4,26.6,26.78,27.47,26.38,91997226.0,2466361875.0,13:52:51
sz000400,许继电气,25.94,-0.3,-1.143,25.93,25.94,26.24,26.0,26.1,25.66,24317951.0,629423106.0,13:52:51
sz000401,金隅冀东,4.76,0.03,0.634,4.76,4.77,4.73,4.73,4.79,4.72,8693528.0,41297070.0,13:52:51
sz000402,金 融 街,2.8,-0.08,-2.778,2.8,2.81,2.88,2.86,2.88,2.79,62525158.0,176067021.0,13:52:51
sz000403,派林生物,13.0,0.21,1.642,13.0,13.01,12.79,12.79,13.13,12.68,10711922.0,138635541.0,13:52:51
sz000404,长虹华意,7.13,0.08,1.135,7.13,7.14,7.05,7.07,7.14,7.05,5232400.0,37203026.0,13:52:48
sz000407,胜利股份,4.63,0.04,0.871,4.63,4.64,4.59,4.59,4.64,4.54,11788900.0,54140097.0,13:52:51
sz000408,藏格矿业,87.76,3.28,3.883,87.74,87.76,84.48,84.66,88.17,84.3,15444921.0,1335173958.0,13:52:51
sz000409,云鼎科技,10.9,0.31,2.927,10.9,10.91,10.59,10.62,10.94,10.58,7280970.0,78268370.0,13:52:51
sz000410,沈阳机床,6.7,0.09,1.362,6.7,6.71,6.61,6.61,6.71,6.61,9504800.0,63378330.0,13:52:51
sz000411,英特集团,11.07,-0.21,-1.862,11.07,11.08,11.28,11.22,11.24,10.99,6408693.0,70895442.0,13:52:51
sz000415,渤海租赁,4.59,0.09,2.0,4.59,4.6,4.5,4.49,4.65,4.49,54245000.0,248413167.0,13:52:51
sz000417,合百集团,6.67,0.12,1.832,6.67,6.68,6.55,6.57,6.68,6.52,9756200.0,64564741.0,13:52:48
sz000419,通程控股,5.96,0.08,1.361,5.95,5.96,5.88,5.88,5.97,5.83,5292900.0,31296954.0,13:52:51
sz000420,吉林化纤,5.0,0.02,0.402,4.99,5.0,4.98,5.0,5.01,4.92,53690215.0,267063440.0,13:52:51
sz000421,南京公用,6.07,0.02,0.331,6.06,6.07,6.05,6.04,6.08,6.03,5825800.0,35259739.0,13:52:45
sz000422,湖北宜化,15.9,0.39,2.515,15.9,15.91,15.51,15.47,16.05,15.41,34517727.0,545996761.0,13:52:51
sz000423,东阿阿胶,55.48,0.19,0.344,55.47,55.48,55.29,55.28,55.68,54.84,3972000.0,219354300.0,13:52:48
sz000425,徐工机械,10.16,-0.37,-3.514,10.15,10.16,10.53,10.5,10.65,10.06,124227559.0,1267113330.0,13:52:51
sz000426,兴业银锡,44.79,0.92,2.097,44.78,44.8,43.87,44.5,45.19,43.78,41948892.0,1862729179.0,13:52:51
sz000428,华天酒店,3.97,0.08,2.057,3.96,3.97,3.89,3.9,3.99,3.89,14892480.0,58713504.0,13:52:51
sz000429,粤高速Ａ,12.85,0.03,0.234,12.84,12.85,12.82,12.8,12.93,12.78,2759839.0,35509119.0,13:52:39
sz000430,ST张家界,8.12,0.04,0.495,8.11,8.12,8.08,7.92,8.19,7.92,12403355.0,100046700.0,13:52:48
sz000488,ST晨鸣,2.7,0.01,0.372,2.69,2.7,2.69,2.69,2.71,2.67,8547350.0,23028965.0,13:52:51
sz000498,山东路桥,5.93,0.01,0.169,5.92,5.93,5.92,5.92,5.95,5.88,8318500.0,49215396.0,13:52:51
sz000501,武商集团,8.58,0.01,0.117,8.57,8.58,8.57,8.56,8.58,8.49,3781078.0,32258797.0,13:52:51
sz000503,国新健康,7.7,0.07,0.917,7.69,7.7,7.63,7.65,7.7,7.62,5699400.0,43673548.0,13:52:51
sz000504,*ST生物,9.9,-0.16,-1.59,9.9,9.93,10.06,10.06,10.1,9.9,1932000.0,19246655.0,13:52:51
sz000505,京粮控股,6.66,-0.01,-0.15,6.65,6.66,6.67,6.68,6.69,6.56,6268300.0,41430673.0,13:52:48
sz000506,招金黄金,17.36,-0.13,-0.743,17.35,17.36,17.49,16.98,17.58,16.73,33700507.0,579013117.0,13:52:51
sz000507,珠海港,5.29,-0.04,-0.75,5.29,5.3,5.33,5.33,5.34,5.27,11741100.0,62166334.0,13:52:51
sz000509,华塑控股,3.72,0.09,2.479,3.71,3.72,3.63,3.64,3.72,3.6,21681800.0,79669777.0,13:52:51
sz000510,新金路,15.01,0.63,4.381,15.0,15.02,14.38,14.38,15.14,13.9,47256101.0,683305597.0,13:52:51
sz000513,丽珠集团,34.23,-0.23,-0.667,34.22,34.23,34.46,34.48,34.5,34.16,3266174.0,111886782.0,13:52:51
sz000514,渝 开 发,4.78,-0.04,-0.83,4.77,4.78,4.82,4.82,4.83,4.74,6886400.0,32842372.0,13:52:48
sz000516,国际医学,4.67,-0.02,-0.426,4.66,4.67,4.69,4.68,4.69,4.63,21098944.0,98192641.0,13:52:51
sz000517,荣安地产,1.92,0.01,0.524,1.92,1.93,1.91,1.91,1.94,1.89,17422000.0,33443042.0,13:52:42
sz000518,*ST四环,3.1,0.01,0.324,3.09,3.1,3.09,3.09,3.16,3.07,12889800.0,40083553.0,13:52:36
sz000519,中兵红箭,17.81,0.15,0.849,17.8,17.81,17.66,17.66,17.84,17.56,13767500.0,243385783.0,13:52:51
sz000520,凤凰航运,4.11,0.1,2.494,4.1,4.11,4.01,4.01,4.12,3.98,13679256.0,55321094.0,13:52:48
sz000521,长虹美菱,5.71,0.03,0.528,5.69,5.71,5.68,5.69,5.71,5.68,4254154.0,24210382.0,13:52:45
sz000523,红棉股份,3.22,0.0,0.0,3.22,3.23,3.22,3.22,3.24,3.19,19711180.0,63248214.0,13:52:51
sz000524,岭南控股,10.86,0.26,2.453,10.85,10.86,10.6,10.51,10.95,10.5,11525661.0,123611046.0,13:52:51
sz000525,红太阳,5.89,0.02,0.341,5.89,5.9,5.87,5.87,5.91,5.8,12480347.0,73129054.0,13:52:51
sz000526,学大教育,32.35,0.48,1.506,32.35,32.36,31.87,31.87,32.37,31.57,1103600.0,35413850.0,13:52:48
sz000528,柳 工,9.63,-0.04,-0.414,9.62,9.63,9.67,9.7,9.79,9.6,16402365.0,158571895.0,13:52:48
sz000529,广弘控股,5.84,0.07,1.213,5.83,5.84,5.77,5.82,5.87,5.75,4247800.0,24672829.0,13:52:51
sz000530,冰山冷热,6.05,0.11,1.852,6.05,6.06,5.94,5.96,6.06,5.91,10754989.0,64541036.0,13:52:51
sz000531,穗恒运Ａ,6.66,0.04,0.604,6.65,6.66,6.62,6.61,6.66,6.56,9187303.0,60817968.0,13:52:48
sz000532,华金资本,13.72,0.07,0.513,13.72,13.73,13.65,13.68,13.73,13.56,3531100.0,48135502.0,13:52:51
sz000533,顺钠股份,15.72,-0.4,-2.481,15.71,15.72,16.12,15.29,15.79,14.8,110311368.0,1689133658.0,13:52:51
sz000534,万泽股份,45.9,4.17,9.993,45.9,0.0,41.73,41.5,45.9,41.5,24034866.0,1060965131.0,13:52:51
sz000536,华映科技,4.24,-0.01,-0.235,4.23,4.24,4.25,4.24,4.25,4.22,18762299.0,79376782.0,13:52:51
sz000537,绿发电力,10.02,0.05,0.502,10.01,10.02,9.97,10.02,10.15,9.9,26915221.0,270733063.0,13:52:51
sz000538,云南白药,55.5,-0.22,-0.395,55.49,55.5,55.72,55.68,55.72,55.33,3523200.0,195430776.0,13:52:51
sz000539,粤电力Ａ,5.54,0.01,0.181,5.54,5.55,5.53,5.49,5.57,5.44,39846662.0,220329954.0,13:52:51
sz000541,佛山照明,5.7,0.02,0.352,5.69,5.7,5.68,5.67,5.71,5.65,3946250.0,22424715.0,13:52:51
sz000543,皖能电力,8.08,-0.06,-0.737,8.08,8.09,8.14,8.14,8.17,8.07,24517353.0,198954306.0,13:52:51
sz000544,中原环保,8.25,0.05,0.61,8.24,8.25,8.2,8.21,8.25,8.17,2813597.0,23141569.0,13:52:42
sz000545,金浦钛业,3.05,0.07,2.349,3.04,3.05,2.98,3.0,3.06,2.95,36376002.0,110125625.0,13:52:51
sz000546,金圆股份,7.08,0.64,9.938,7.08,0.0,6.44,6.45,7.08,6.45,60618701.0,416118767.0,13:52:51
sz000547,航天发展,27.12,-0.55,-1.988,27.12,27.15,27.67,27.3,27.79,26.75,140107091.0,3798598248.0,13:52:51
sz000548,湖南投资,5.31,0.13,2.51,5.3,5.31,5.18,5.2,5.31,5.15,5977600.0,31136078.0,13:52:48
sz000550,江铃汽车,19.14,0.63,3.404,19.14,19.15,18.51,18.5,19.36,18.46,8041207.0,153632235.0,13:52:51
sz000551,创元科技,14.23,0.05,0.353,14.23,14.24,14.18,14.12,14.29,14.02,5798723.0,82284228.0,13:52:51
sz000552,甘肃能化,0.0,0.0,0.0,0.0,0.0,2.75,0.0,0.0,0.0,0.0,0.0,13:52:21
sz000553,安道麦A,6.26,0.06,0.968,6.26,6.27,6.2,6.22,6.27,6.16,6391323.0,39633964.0,13:52:51
sz000554,泰山石油,7.96,-0.02,-0.251,7.96,7.97,7.98,7.95,7.98,7.81,14746425.0,116221115.0,13:52:48
sz000555,神州信息,16.35,0.35,2.188,16.35,16.36,16.0,16.49,16.78,16.0,67142904.0,1098951921.0,13:52:51
sz000557,西部创业,4.68,0.01,0.214,4.68,4.69,4.67,4.67,4.69,4.65,3252308.0,15185033.0,13:52:48
sz000558,天府文旅,4.58,0.13,2.921,4.57,4.58,4.45,4.43,4.59,4.42,36831387.0,166903389.0,13:52:51
sz000559,万向钱潮,16.36,0.08,0.491,16.35,16.36,16.28,16.69,16.78,16.3,70316002.0,1157914765.0,13:52:51
sz000560,我爱我家,2.96,-0.01,-0.337,2.95,2.96,2.97,2.96,2.98,2.94,45356823.0,133943297.0,13:52:51
sz000561,烽火电子,9.9,0.09,0.917,9.9,9.91,9.81,9.8,9.91,9.72,8205329.0,80480646.0,13:52:51
sz000563,陕国投Ａ,3.39,0.0,0.0,3.38,3.39,3.39,3.4,3.4,3.37,22897821.0,77455120.0,13:52:51
sz000564,供销大集,1.88,0.0,0.0,1.88,1.89,1.88,1.87,1.89,1.86,115564555.0,216555647.0,13:52:51
sz000565,渝三峡Ａ,7.26,0.13,1.823,7.26,7.27,7.13,7.13,7.27,7.08,4783144.0,34368108.0,13:52:51
sz000566,海南海药,5.5,0.03,0.548,5.5,5.51,5.47,5.46,5.53,5.4,27253955.0,149074924.0,13:52:51
sz000567,海德股份,5.33,0.01,0.188,5.32,5.33,5.32,5.32,5.34,5.29,6619952.0,35201260.0,13:52:51
sz000568,泸州老窖,102.81,-0.28,-0.272,102.81,102.82,103.09,102.77,103.56,102.45,4815197.0,495469276.0,13:52:51
sz000570,苏常柴Ａ,6.74,0.61,9.951,6.74,0.0,6.13,6.19,6.74,6.1,59261923.0,383446350.0,13:52:39
sz000571,新大洲A,5.69,0.52,10.058,5.69,0.0,5.17,5.2,5.69,5.15,26494791.0,145213731.0,13:52:48
sz000572,海马汽车,5.83,0.03,0.517,5.83,5.84,5.8,5.79,5.84,5.75,23114170.0,134089701.0,13:52:51
sz000573,粤宏远Ａ,4.92,0.21,4.459,4.91,4.92,4.71,4.71,4.99,4.64,31261743.0,151424330.0,13:52:51
sz000576,甘化科工,9.67,-0.02,-0.206,9.66,9.67,9.69,9.68,9.72,9.59,4806800.0,46415631.0,13:52:51
sz000581,威孚高科,20.79,-0.07,-0.336,20.79,20.8,20.86,20.91,21.02,20.68,8961892.0,186260609.0,13:52:51
sz000582,北部湾港,10.68,0.14,1.328,10.67,10.68,10.54,10.53,10.77,10.52,19123617.0,204091229.0,13:52:51
sz000586,汇源通信,21.19,-0.61,-2.798,21.19,21.2,21.8,21.33,21.79,19.84,37040621.0,763264961.0,13:52:51
sz000589,贵州轮胎,4.62,0.04,0.873,4.61,4.62,4.58,4.6,4.67,4.59,12749160.0,58964740.0,13:52:51
sz000590,古汉医药,11.58,0.29,2.569,11.57,11.58,11.29,11.36,11.6,11.29,3599800.0,41254601.0,13:52:51
sz000591,太阳能,5.32,0.02,0.377,5.31,5.32,5.3,5.29,5.35,5.25,43754451.0,232700650.0,13:52:51
sz000592,平潭发展,11.08,-0.25,-2.207,11.07,11.08,11.33,11.17,11.17,10.94,130658894.0,1441586717.0,13:52:51
sz000593,德龙汇能,18.33,1.67,10.024,18.33,0.0,16.66,16.94,18.33,16.52,27132065.0,479698001.0,13:52:51
sz000595,*ST宝实,6.52,0.06,0.929,6.51,6.53,6.46,6.43,6.54,6.42,7485800.0,48645702.0,13:52:48
sz000596,古井贡酒,106.91,0.79,0.744,106.89,106.93,106.12,105.8,107.99,105.34,1953414.0,208630783.0,13:52:48
sz000597,东北制药,5.44,-0.05,-0.911,5.44,5.45,5.49,5.44,5.54,5.41,19329800.0,105521028.0,13:52:51
sz000598,兴蓉环境,6.65,-0.03,-0.449,6.65,6.66,6.68,6.68,6.71,6.65,10428000.0,69534073.0,13:52:51
sz000599,青岛双星,5.42,0.06,1.119,5.42,5.43,5.36,5.38,5.43,5.35,7711700.0,41598165.0,13:52:51
sz000600,建投能源,9.29,0.05,0.541,9.28,9.29,9.24,9.24,9.38,9.15,12084111.0,112303567.0,13:52:48
sz000601,韶能股份,6.57,0.0,0.0,6.57,6.58,6.57,6.57,6.61,6.43,43748689.0,286444933.0,13:52:51
sz000603,盛达资源,41.1,0.96,2.392,41.1,41.11,40.14,40.6,41.59,40.12,14705067.0,600599234.0,13:52:51
sz000605,渤海股份,6.81,0.15,2.252,6.8,6.81,6.66,6.67,6.81,6.59,3424980.0,22927692.0,13:52:51
sz000607,华媒控股,4.07,0.1,2.519,4.07,4.08,3.97,4.0,4.08,3.97,10120591.0,40693244.0,13:52:51
sz000608,*ST阳光,4.08,-0.03,-0.73,4.09,4.1,4.11,4.09,4.13,4.0,9705490.0,39342341.0,13:52:45
sz000609,ST中迪,9.77,0.47,5.054,9.77,0.0,9.3,9.6,9.77,9.6,3420600.0,33222267.0,13:52:45
sz000610,西安旅游,9.71,0.72,8.009,9.7,9.71,8.99,8.85,9.86,8.72,34669427.0,321958229.0,13:52:51
sz000612,焦作万方,13.59,0.43,3.267,13.59,13.6,13.16,13.37,13.65,13.32,49954126.0,675146454.0,13:52:51
sz000615,*ST美谷,3.42,0.06,1.786,3.42,3.43,3.36,3.37,3.49,3.34,8895533.0,30389024.0,13:52:45
sz000617,中油资本,9.69,-0.18,-1.824,9.69,9.7,9.87,9.82,9.82,9.67,119864196.0,1164507688.0,13:52:51
sz000619,海螺新材,5.86,0.15,2.627,5.85,5.86,5.71,5.76,5.86,5.68,5335200.0,30773539.0,13:52:51
sz000620,盈新发展,2.87,-0.05,-1.712,2.87,2.88,2.92,2.87,2.92,2.83,137839200.0,396579609.0,13:52:51
sz000623,吉林敖东,18.38,0.05,0.273,18.37,18.38,18.33,18.38,18.49,18.31,6670410.0,122693950.0,13:52:42
sz000625,长安汽车,10.13,0.09,0.896,10.13,10.14,10.04,10.03,10.33,10.03,99473710.0,1014981987.0,13:52:51
sz000626,远大控股,8.45,0.18,2.177,8.45,8.46,8.27,8.32,8.54,8.25,14994000.0,126015749.0,13:52:48
sz000628,高新发展,58.17,0.34,0.588,58.17,58.2,57.83,58.5,59.0,57.51,6181300.0,360863737.0,13:52:51
sz000629,钒钛股份,3.42,0.06,1.786,3.41,3.42,3.36,3.38,3.43,3.36,72883551.0,247870442.0,13:52:51
sz000630,铜陵有色,6.29,0.02,0.319,6.28,6.29,6.27,6.25,6.31,6.22,155283900.0,973360918.0,13:52:51
sz000631,顺发恒能,3.25,-0.01,-0.307,3.25,3.26,3.26,3.23,3.27,3.22,12700200.0,41262184.0,13:52:51
sz000632,三木集团,4.52,0.01,0.222,4.51,4.52,4.51,4.51,4.53,4.44,12288346.0,54977260.0,13:52:51
sz000633,合金投资,6.82,0.12,1.791,6.81,6.82,6.7,6.69,6.82,6.65,4746300.0,31937157.0,13:52:51
sz000635,英 力 特,8.19,0.14,1.739,8.18,8.19,8.05,8.05,8.22,8.05,4431200.0,35981266.0,13:52:54
sz000636,风华高科,22.05,1.01,4.8,22.04,22.05,21.04,21.06,22.4,21.04,78131963.0,1710636159.0,13:52:54
sz000637,茂化实华,4.41,0.05,1.147,4.41,4.42,4.36,4.36,4.42,4.28,5194266.0,22537983.0,13:52:54
sz000638,*ST万方,0.0,0.0,0.0,0.0,0.0,0.89,0.0,0.0,0.0,0.0,0.0,13:52:03
sz000639,西王食品,2.23,0.04,1.826,2.22,2.23,2.19,2.21,2.23,2.18,41494280.0,91608866.0,13:52:54
sz000650,仁和药业,5.89,-0.02,-0.338,5.88,5.89,5.91,5.92,5.92,5.86,8458707.0,49783537.0,13:52:54
sz000651,格力电器,37.27,-0.12,-0.321,37.27,37.28,37.39,37.4,37.52,37.23,15530034.0,579534258.0,13:52:54
sz000652,泰达股份,4.13,0.01,0.243,4.12,4.13,4.12,4.1,4.14,4.09,7236000.0,29784306.0,13:52:51
sz000655,金岭矿业,8.56,0.2,2.392,8.55,8.56,8.36,8.35,8.58,8.17,13751435.0,115444202.0,13:52:54
sz000656,*ST金科,1.42,-0.01,-0.699,1.42,1.43,1.43,1.43,1.45,1.41,72578296.0,103644351.0,13:52:48
sz000657,中钨高新,51.9,4.72,10.004,51.9,0.0,47.18,47.61,51.9,45.6,123047123.0,6044287310.0,13:52:54
sz000659,珠海中富,4.2,0.04,0.962,4.19,4.2,4.16,4.16,4.28,4.13,30369803.0,127019291.0,13:52:54
sz000661,长春高新,86.55,-0.22,-0.254,86.54,86.55,86.77,86.77,86.93,86.04,2669302.0,230859928.0,13:52:54
sz000663,永安林业,6.48,0.14,2.208,6.47,6.48,6.34,6.34,6.48,6.27,4664900.0,29644122.0,13:52:54
sz000665,湖北广电,4.8,0.09,1.911,4.79,4.8,4.71,4.73,4.88,4.69,14279344.0,68303959.0,13:52:54
sz000668,*ST荣控,14.97,0.07,0.47,14.94,14.97,14.9,14.9,15.09,14.56,2195680.0,32505283.0,13:52:54
sz000669,ST金鸿,4.42,-0.21,-4.536,4.41,4.42,4.63,4.59,4.69,4.4,26070633.0,115976216.0,13:52:54
sz000670,盈方微,8.02,0.02,0.25,8.01,8.02,8.0,8.06,8.08,7.88,29722530.0,237397854.0,13:52:54
sz000672,上峰水泥,13.42,0.18,1.36,13.41,13.42,13.24,13.27,13.46,13.23,5386121.0,72037881.0,13:52:45
sz000676,智度股份,7.71,0.08,1.048,7.7,7.71,7.63,7.66,7.73,7.63,10006365.0,76919420.0,13:52:54
sz000677,恒天海龙,4.43,0.06,1.373,4.42,4.43,4.37,4.35,4.45,4.24,31822312.0,137348148.0,13:52:54
sz000678,襄阳轴承,12.58,-0.02,-0.159,12.57,12.58,12.6,12.74,12.79,12.53,7786517.0,98309928.0,13:52:54
sz000679,大连友谊,6.9,0.22,3.293,6.9,6.91,6.68,6.7,6.94,6.66,4459072.0,30474369.0,13:52:42
sz000680,山推股份,11.71,-0.09,-0.763,11.71,11.72,11.8,11.92,12.07,11.57,23020300.0,270580172.0,13:52:54
sz000681,视觉中国,20.77,0.3,1.466,20.76,20.77,20.47,20.59,20.96,20.59,16814063.0,349341004.0,13:52:54
sz000682,东方电子,13.0,-0.01,-0.077,13.0,13.01,13.01,12.9,13.05,12.8,20602238.0,267037663.0,13:52:54
sz000683,博源化工,8.67,0.09,1.049,8.66,8.67,8.58,8.59,8.75,8.49,29733745.0,256291400.0,13:52:54
sz000685,中山公用,11.11,0.05,0.452,11.11,11.12,11.06,11.09,11.16,11.06,7390100.0,82101613.0,13:52:54
sz000686,东北证券,8.32,-0.01,-0.12,8.32,8.33,8.33,8.35,8.38,8.3,12861300.0,107275069.0,13:52:54
sz000688,国城矿业,46.78,3.3,7.59,46.78,46.8,43.48,43.94,47.68,43.93,24178715.0,1115817028.0,13:52:54
sz000690,宝新能源,4.69,0.0,0.0,4.68,4.69,4.69,4.69,4.72,4.67,31290603.0,146735350.0,13:52:54
sz000691,*ST亚太,8.14,0.15,1.877,8.14,8.15,7.99,8.01,8.15,8.0,4050600.0,32735425.0,13:52:54
sz000692,惠天热电,4.28,0.05,1.182,4.27,4.28,4.23,4.25,4.28,4.17,8783802.0,36974914.0,13:52:51
sz000695,滨海能源,14.82,0.03,0.203,14.81,14.82,14.79,14.8,14.99,14.41,13179290.0,194864396.0,13:52:54
sz000697,ST炼石,10.02,0.04,0.401,10.01,10.03,9.98,9.98,10.11,9.97,3242701.0,32479753.0,13:52:36
sz000698,ST沈化,3.88,0.01,0.258,3.87,3.88,3.87,3.87,3.89,3.86,3625460.0,14047427.0,13:52:48
sz000700,模塑科技,11.89,0.43,3.752,11.88,11.89,11.46,11.88,12.08,11.69,48842147.0,583534571.0,13:52:54
sz000701,厦门信达,5.87,0.04,0.686,5.85,5.87,5.83,5.85,5.88,5.8,6952000.0,40558743.0,13:52:51
sz000702,正虹科技,6.79,-0.16,-2.302,6.78,6.79,6.95,6.99,7.08,6.55,20823188.0,139842105.0,13:52:54
sz000703,恒逸石化,15.87,0.52,3.388,15.87,15.88,15.35,15.55,16.16,15.22,63385345.0,1002102514.0,13:52:54
sz000705,浙江震元,8.96,-0.04,-0.444,8.96,8.97,9.0,8.98,8.99,8.84,4364400.0,38836456.0,13:52:54
sz000707,双环科技,5.87,0.03,0.514,5.86,5.87,5.84,5.85,5.91,5.83,5357610.0,31394028.0,13:52:54
sz000708,中信特钢,16.76,0.17,1.025,16.76,16.77,16.59,16.61,16.81,16.54,5554500.0,92567408.0,13:52:54
sz000709,河钢股份,2.32,0.0,0.0,2.32,2.33,2.32,2.32,2.34,2.32,39779808.0,92617842.0,13:52:54
sz000710,贝瑞基因,10.27,0.0,0.0,10.26,10.27,10.27,10.28,10.31,10.13,3297800.0,33692781.0,13:52:54
sz000711,ST京蓝,3.87,0.16,4.313,3.87,3.88,3.71,3.65,3.88,3.63,102861845.0,389765416.0,13:52:54
sz000712,锦龙股份,10.53,0.04,0.381,10.53,10.54,10.49,10.51,10.6,10.47,6652802.0,70097013.0,13:52:54
sz000713,国投丰乐,6.62,0.14,2.16,6.62,6.63,6.48,6.47,6.63,6.42,9632411.0,63188032.0,13:52:45
sz000715,中兴商业,5.73,0.1,1.776,5.73,5.74,5.63,5.64,5.74,5.61,4811768.0,27280815.0,13:52:54
sz000716,黑芝麻,5.16,0.03,0.585,5.16,5.17,5.13,5.12,5.17,5.08,7515694.0,38508271.0,13:52:48
sz000717,中南股份,2.44,0.0,0.0,2.44,2.45,2.44,2.44,2.45,2.43,9072502.0,22131611.0,13:52:51
sz000718,苏宁环球,2.13,0.0,0.0,2.13,2.14,2.13,2.13,2.15,2.11,15749736.0,33468443.0,13:52:51
sz000719,中原传媒,13.88,0.16,1.166,13.88,13.89,13.72,13.72,13.97,13.67,5836215.0,80491601.0,13:52:54
sz000720,新能泰山,5.01,0.04,0.805,5.01,5.02,4.97,4.9,5.05,4.81,98138201.0,486586944.0,13:52:54
sz000721,西安饮食,8.28,0.29,3.63,8.28,8.29,7.99,7.91,8.38,7.87,23323500.0,189768512.0,13:52:54
sz000722,湖南发展,13.15,-0.01,-0.076,13.14,13.15,13.16,13.16,13.2,13.01,13049428.0,171372229.0,13:52:54
sz000723,美锦能源,4.56,-0.05,-1.085,4.55,4.56,4.61,4.6,4.6,4.53,49023590.0,223481274.0,13:52:54
sz000725,京东方Ａ,4.01,0.01,0.25,4.0,4.01,4.0,4.01,4.02,3.98,287400923.0,1148801549.0,13:52:54
sz000726,鲁 泰Ａ,6.95,0.07,1.017,6.94,6.95,6.88,6.9,6.95,6.87,5844623.0,40414643.0,13:52:54
sz000727,冠捷科技,2.73,0.03,1.111,2.72,2.73,2.7,2.71,2.75,2.69,64151400.0,174647834.0,13:52:54
sz000728,国元证券,7.85,0.03,0.384,7.84,7.85,7.82,7.85,7.9,7.83,12519681.0,98444255.0,13:52:51
sz000729,燕京啤酒,12.93,-0.06,-0.462,12.93,12.94,12.99,12.99,13.03,12.8,33715616.0,434520719.0,13:52:54
sz000731,四川美丰,7.06,0.1,1.437,7.06,7.07,6.96,6.95,7.09,6.86,14845520.0,103697565.0,13:52:54
sz000733,振华科技,46.79,0.03,0.064,46.78,46.79,46.76,46.9,47.13,46.5,6025653.0,282004176.0,13:52:54
sz000735,罗 牛 山,6.92,-0.01,-0.144,6.91,6.92,6.93,6.93,6.93,6.81,15111101.0,103526863.0,13:52:54
sz000736,*ST中地,5.29,0.06,1.147,5.28,5.29,5.23,5.25,5.33,5.18,4696300.0,24730175.0,13:52:51
sz000737,北方铜业,13.98,0.13,0.939,13.98,13.99,13.85,13.95,14.04,13.82,26581105.0,369953895.0,13:52:54
sz000738,航发控制,21.74,-0.09,-0.412,21.73,21.74,21.83,21.74,21.84,21.42,17597300.0,380683269.0,13:52:54
sz000739,普洛药业,18.1,0.25,1.401,18.09,18.1,17.85,17.96,18.18,17.72,6179938.0,110999771.0,13:52:54
sz000750,国海证券,3.89,0.03,0.777,3.88,3.89,3.86,3.88,3.9,3.87,23660674.0,91923084.0,13:52:54
sz000751,锌业股份,5.46,0.18,3.409,5.46,5.47,5.28,5.29,5.49,5.29,43186662.0,233564535.0,13:52:54
sz000752,ST西发,9.48,-0.22,-2.268,9.46,9.48,9.7,9.7,9.94,9.44,5788800.0,56181118.0,13:52:54
sz000753,漳州发展,6.6,-0.09,-1.345,6.59,6.6,6.69,6.65,6.66,6.55,12502800.0,82302226.0,13:52:54
sz000755,山西高速,5.14,0.03,0.587,5.13,5.14,5.11,5.12,5.14,5.09,2598782.0,13303794.0,13:52:54
sz000756,新华制药,14.72,-0.13,-0.875,14.71,14.72,14.85,14.85,14.85,14.65,4328911.0,63669879.0,13:52:48
sz000757,浩物股份,4.74,0.12,2.597,4.73,4.74,4.62,4.66,4.75,4.59,5652690.0,26358868.0,13:52:54
sz000758,中色股份,6.83,0.13,1.94,6.82,6.83,6.7,6.72,6.85,6.72,27369358.0,185999313.0,13:52:54
sz000759,中百集团,5.56,0.06,1.091,5.55,5.56,5.5,5.5,5.56,5.45,9911200.0,54472155.0,13:52:54
sz000761,本钢板材,3.05,0.05,1.667,3.04,3.05,3.0,2.99,3.05,2.99,8425628.0,25519186.0,13:52:54
sz000762,西藏矿业,37.11,3.37,9.988,37.11,0.0,33.74,34.06,37.11,33.85,73622984.0,2647515008.0,13:52:54
sz000766,通化金马,22.86,0.35,1.555,22.86,22.87,22.51,22.68,23.27,22.65,16204741.0,372312280.0,13:52:54
sz000767,晋控电力,3.78,0.03,0.8,3.77,3.78,3.75,3.75,3.8,3.68,76898393.0,288321142.0,13:52:54
sz000768,中航西飞,24.68,0.01,0.041,24.67,24.68,24.67,24.7,24.88,24.51,14572314.0,359246118.0,13:52:54
sz000776,广发证券,19.83,-0.03,-0.151,19.83,19.84,19.86,19.85,20.13,19.77,41441429.0,825799825.0,13:52:54
sz000777,中核科技,22.65,0.05,0.221,22.64,22.65,22.6,22.59,22.75,22.51,4346412.0,98361780.0,13:52:54
sz000778,新兴铸管,4.45,-0.01,-0.224,4.45,4.46,4.46,4.45,4.5,4.44,23386692.0,104416007.0,13:52:51
sz000779,甘咨询,8.95,0.23,2.638,8.95,8.96,8.72,8.72,9.05,8.65,7388749.0,65469488.0,13:52:54
sz000782,恒申新材,5.81,0.53,10.038,5.81,0.0,5.28,5.32,5.81,5.32,19801619.0,112483109.0,13:52:51
sz000783,长江证券,7.34,0.02,0.273,7.34,7.35,7.32,7.35,7.41,7.32,26530396.0,195404323.0,13:52:54
sz000785,居然智家,2.62,-0.08,-2.963,2.61,2.62,2.7,2.7,2.72,2.6,128118134.0,337651123.0,13:52:54
sz000786,北新建材,25.55,-0.08,-0.312,25.54,25.55,25.63,25.64,25.81,25.51,7796500.0,199985403.0,13:52:54
sz000788,北大医药,6.65,-0.12,-1.773,6.64,6.65,6.77,6.9,6.99,6.6,116363303.0,785166208.0,13:52:54
sz000789,万年青,5.1,0.01,0.196,5.1,5.11,5.09,5.09,5.12,5.07,3550760.0,18089202.0,13:52:54
sz000790,华神科技,4.19,0.0,0.0,4.18,4.19,4.19,4.21,4.22,4.09,19418013.0,80643851.0,13:52:54
sz000791,甘肃能源,8.12,0.1,1.247,8.12,8.13,8.02,8.0,8.29,7.88,53799197.0,437469857.0,13:52:54
sz000792,盐湖股份,38.42,1.41,3.81,38.42,38.43,37.01,37.23,38.93,37.22,89748421.0,3428822188.0,13:52:54
sz000793,*ST华闻,2.87,-0.13,-4.333,2.87,2.88,3.0,2.94,2.97,2.86,57375901.0,167354102.0,13:52:54
sz000795,英洛华,9.31,0.05,0.54,9.3,9.31,9.26,9.25,9.36,9.2,10713248.0,99576769.0,13:52:54
sz000796,凯撒旅业,5.52,0.1,1.845,5.51,5.52,5.42,5.42,5.55,5.35,43015899.0,235890512.0,13:52:54
sz000797,中国武夷,2.8,0.0,0.0,2.79,2.8,2.8,2.79,2.81,2.77,13338204.0,37123213.0,13:52:54
sz000798,中水渔业,10.39,0.07,0.678,10.38,10.39,10.32,10.31,10.39,10.2,5308300.0,54673344.0,13:52:54
sz000799,酒鬼酒,43.7,-0.06,-0.137,43.7,43.71,43.76,43.78,44.29,43.46,4019092.0,176111290.0,13:52:51
sz000800,一汽解放,7.07,0.01,0.142,7.06,7.07,7.06,7.06,7.13,7.0,13207115.0,93074583.0,13:52:54
sz000801,四川九洲,14.11,0.17,1.22,14.1,14.11,13.94,13.93,14.3,13.89,11088200.0,155923440.0,13:52:54
sz000802,北京文化,3.95,0.1,2.597,3.94,3.95,3.85,3.88,3.95,3.87,9062500.0,35534138.0,13:52:54
sz000803,山高环能,8.3,0.1,1.22,8.29,8.3,8.2,8.21,8.3,8.13,7283736.0,59685500.0,13:52:54
sz000807,云铝股份,35.81,1.35,3.918,35.79,35.8,34.46,35.1,35.98,35.08,39050030.0,1391528452.0,13:52:54
sz000809,和展能源,3.52,0.03,0.86,3.51,3.52,3.49,3.51,3.53,3.44,8426300.0,29392088.0,13:52:54
sz000810,创维数字,11.91,-0.01,-0.084,11.9,11.91,11.92,11.91,12.01,11.72,13272700.0,157347411.0,13:52:54
sz000811,冰轮环境,19.11,0.46,2.466,19.1,19.11,18.65,18.68,19.25,18.42,20690142.0,392122100.0,13:52:54
sz000812,陕西金叶,4.0,0.06,1.523,3.99,4.0,3.94,3.96,4.0,3.91,7322418.0,28913669.0,13:52:54
sz000813,德展健康,3.44,-0.05,-1.433,3.43,3.44,3.49,3.49,3.49,3.42,20177295.0,69387654.0,13:52:54
sz000815,美利云,22.21,2.02,10.005,22.21,0.0,20.19,20.18,22.21,20.16,75508166.0,1645649097.0,13:52:54
sz000816,智慧农业,3.23,0.04,1.254,3.23,3.24,3.19,3.2,3.24,3.17,17515511.0,56183257.0,13:52:54
sz000818,航锦科技,14.93,0.51,3.537,14.93,14.94,14.42,14.41,15.04,14.31,37917108.0,558299741.0,13:52:54
sz000819,岳阳兴长,14.75,0.13,0.889,14.75,14.76,14.62,14.62,14.82,14.52,2118065.0,31040674.0,13:52:54
sz000820,*ST节能,3.46,0.04,1.17,3.46,3.47,3.42,3.45,3.52,3.42,3827650.0,13316003.0,13:52:51
sz000821,ST京机,11.36,-0.03,-0.263,11.35,11.36,11.39,11.38,11.44,11.24,8677064.0,98324156.0,13:52:54
sz000822,山东海化,5.76,0.1,1.767,5.76,5.77,5.66,5.68,5.9,5.65,33963302.0,197039651.0,13:52:54
sz000823,超声电子,15.9,0.28,1.793,15.89,15.9,15.62,15.54,16.01,15.47,17261480.0,272395593.0,13:52:51
sz000825,太钢不锈,4.46,0.03,0.677,4.45,4.46,4.43,4.43,4.48,4.43,19695351.0,87764786.0,13:52:54
sz000826,启迪环境,1.94,-0.04,-2.02,1.94,1.95,1.98,1.95,1.98,1.91,43453491.0,83925005.0,13:52:54
sz000828,东莞控股,10.05,-0.02,-0.199,10.05,10.06,10.07,10.07,10.08,10.03,2605300.0,26207239.0,13:52:51
sz000829,天音控股,10.73,0.07,0.657,10.73,10.74,10.66,10.62,10.88,10.62,17436225.0,186960350.0,13:52:54
sz000830,鲁西化工,16.09,0.15,0.941,16.09,16.1,15.94,15.85,16.22,15.84,17325208.0,278330565.0,13:52:54
sz000831,中国稀土,51.48,0.84,1.659,51.47,51.48,50.64,50.99,51.98,50.33,19438616.0,996784156.0,13:52:54
sz000833,粤桂股份,24.29,0.21,0.872,24.29,24.3,24.08,24.12,24.55,23.7,24135920.0,584307609.0,13:52:54
sz000837,秦川机床,10.89,0.04,0.369,10.88,10.89,10.85,10.9,10.94,10.84,6662100.0,72488098.0,13:52:54
sz000838,财信发展,1.86,-0.02,-1.064,1.85,1.86,1.88,1.86,1.87,1.75,70305350.0,127226491.0,13:52:54
sz000839,国安股份,3.2,0.04,1.266,3.2,3.21,3.16,3.16,3.22,3.15,48359975.0,154531938.0,13:52:54
sz000848,承德露露,8.2,0.02,0.244,8.19,8.2,8.18,8.18,8.23,8.13,6141410.0,50264468.0,13:52:54
sz000850,华茂股份,4.96,0.07,1.431,4.95,4.96,4.89,4.88,4.97,4.87,6243187.0,30793838.0,13:52:51
sz000852,石化机械,6.85,-0.01,-0.146,6.85,6.86,6.86,6.86,6.86,6.78,8281714.0,56508706.0,13:52:54
sz000856,冀东装备,10.93,0.02,0.183,10.92,10.93,10.91,10.97,10.98,10.74,6764200.0,73149964.0,13:52:54
sz000858,五 粮 液,103.53,-0.02,-0.019,103.53,103.54,103.55,103.5,104.0,103.22,6815134.0,706288778.0,13:52:54
sz000859,国风新材,9.62,0.14,1.477,9.62,9.63,9.48,9.49,9.67,9.36,23086433.0,219417734.0,13:52:54
sz000860,顺鑫农业,12.98,-0.05,-0.384,12.98,12.99,13.03,13.02,13.07,12.96,3155128.0,41031497.0,13:52:54
sz000862,银星能源,6.27,0.02,0.32,6.27,6.28,6.25,6.23,6.31,6.18,19842445.0,124350661.0,13:52:54
sz000863,三湘印象,5.2,-0.03,-0.574,5.19,5.2,5.23,5.22,5.26,5.13,13946401.0,72185307.0,13:52:54
sz000868,安凯客车,4.41,0.06,1.379,4.41,4.42,4.35,4.35,4.49,4.33,8322202.0,36634323.0,13:52:54
sz000869,张 裕Ａ,19.16,-0.14,-0.725,19.16,19.17,19.3,19.3,19.3,19.12,697700.0,13395220.0,13:52:42
sz000875,电投绿能,6.67,0.18,2.773,6.66,6.67,6.49,6.48,6.73,6.45,52216533.0,345583330.0,13:52:54
sz000876,新 希 望,8.9,-0.01,-0.112,8.9,8.91,8.91,8.98,9.0,8.79,38317603.0,340880400.0,13:52:54
sz000877,天山股份,4.78,0.0,0.0,4.77,4.78,4.78,4.78,4.82,4.76,6861813.0,32749354.0,13:52:54
sz000878,云南铜业,19.55,0.25,1.295,19.55,19.56,19.3,19.4,19.62,19.23,34778775.0,674731395.0,13:52:54
sz000880,潍柴重机,28.15,0.43,1.551,28.14,28.15,27.72,27.8,28.2,27.71,9657466.0,269927050.0,13:52:54
sz000881,中广核技,7.54,0.05,0.668,7.54,7.55,7.49,7.5,7.55,7.47,4410200.0,33115581.0,13:52:54
sz000882,华联股份,1.66,0.02,1.22,1.65,1.66,1.64,1.66,1.66,1.63,32418800.0,53458795.0,13:52:54
sz000883,湖北能源,4.64,-0.02,-0.429,4.63,4.64,4.66,4.67,4.68,4.63,15435200.0,71745584.0,13:52:54
sz000885,城发环境,13.6,0.09,0.666,13.59,13.6,13.51,13.5,13.61,13.47,4314940.0,58437211.0,13:52:51
sz000886,海南高速,5.74,0.05,0.879,5.73,5.74,5.69,5.71,5.74,5.65,6370255.0,36292343.0,13:52:54
sz000887,中鼎股份,18.78,0.18,0.968,18.77,18.78,18.6,18.75,18.88,18.7,10903516.0,204742216.0,13:52:51
sz000888,峨眉山Ａ,12.68,0.2,1.603,12.67,12.68,12.48,12.44,12.75,12.37,13408091.0,168430624.0,13:52:51
sz000889,中嘉博创,4.87,0.13,2.743,4.86,4.87,4.74,4.57,4.97,4.38,245334778.0,1141570008.0,13:52:54
sz000890,法尔胜,12.55,-0.21,-1.646,12.55,12.56,12.76,12.25,12.8,12.0,52121018.0,650713075.0,13:52:54
sz000892,欢瑞世纪,6.39,0.12,1.914,6.39,6.4,6.27,6.49,6.67,6.33,41854400.0,268812291.0,13:52:54
sz000893,亚钾国际,56.32,1.82,3.339,56.32,56.33,54.5,54.38,56.78,53.63,14749842.0,817921739.0,13:52:54
sz000895,双汇发展,28.69,-0.08,-0.278,28.69,28.7,28.77,28.78,28.99,28.45,6837243.0,195980431.0,13:52:51
sz000897,津滨发展,2.13,0.01,0.472,2.12,2.13,2.12,2.12,2.13,2.1,17666400.0,37347742.0,13:52:54
sz000898,鞍钢股份,2.33,0.0,0.0,2.33,2.34,2.33,2.33,2.34,2.32,20896345.0,48753435.0,13:52:45
sz000899,赣能股份,13.17,0.16,1.23,13.16,13.17,13.01,12.91,13.19,12.8,13406912.0,175383677.0,13:52:45
sz000900,现代投资,4.09,-0.02,-0.487,4.09,4.1,4.11,4.1,4.13,4.08,6664870.0,27323972.0,13:52:42
sz000901,航天科技,22.87,-0.21,-0.91,22.87,22.88,23.08,23.0,23.15,22.57,18465051.0,420904390.0,13:52:45
sz000902,新洋丰,15.42,0.17,1.115,15.42,15.43,15.25,15.24,15.49,15.21,9868729.0,151710814.0,13:52:45
sz000903,ST云动,2.54,0.02,0.794,2.53,2.54,2.52,2.52,2.56,2.51,14572700.0,36911303.0,13:52:42
sz000905,厦门港务,11.02,0.1,0.916,11.01,11.02,10.92,10.93,11.14,10.83,9232116.0,101098816.0,13:52:45
sz000906,浙商中拓,5.71,0.01,0.175,5.7,5.71,5.7,5.72,5.73,5.69,3134252.0,17889813.0,13:52:45
sz000908,ST景峰,7.16,0.05,0.703,7.15,7.16,7.11,7.09,7.28,6.93,15912320.0,112821757.0,13:52:36
sz000909,*ST数源,6.64,0.09,1.374,6.62,6.64,6.55,6.6,6.73,6.49,3364000.0,22295256.0,13:52:45
sz000910,大亚圣象,7.0,0.02,0.287,6.99,7.0,6.98,7.02,7.03,6.95,2010600.0,14048775.0,13:52:42
sz000911,广农糖业,5.85,0.11,1.916,5.85,5.86,5.74,5.71,5.86,5.65,8774400.0,50548799.0,13:52:45
sz000912,泸天化,4.91,-0.12,-2.386,4.91,4.92,5.03,5.04,5.06,4.9,41127480.0,203461297.0,13:52:45
sz000913,钱江摩托,15.22,0.36,2.423,15.22,15.23,14.86,14.9,15.25,14.85,5104301.0,77073343.0,13:52:42
sz000915,华特达因,31.63,0.38,1.216,31.62,31.63,31.25,31.28,31.65,31.17,2442060.0,76965916.0,13:52:42
sz000917,电广传媒,9.88,0.14,1.437,9.87,9.88,9.74,9.76,9.92,9.76,22378986.0,220828362.0,13:52:45
sz000919,金陵药业,8.41,0.15,1.816,8.4,8.41,8.26,8.49,8.83,8.17,128798855.0,1094359737.0,13:52:45
sz000920,沃顿科技,11.78,0.01,0.085,11.77,11.78,11.77,11.76,11.8,11.7,2198700.0,25838889.0,13:52:42
sz000921,海信家电,22.85,0.3,1.33,22.84,22.85,22.55,22.56,22.87,22.42,5825601.0,131770972.0,13:52:42
sz000922,佳电股份,14.17,-0.07,-0.492,14.17,14.18,14.24,14.38,14.41,14.13,6941826.0,98679469.0,13:52:45
sz000923,河钢资源,19.18,0.23,1.214,19.17,19.18,18.95,18.96,19.25,18.96,5721528.0,109452608.0,13:52:45
sz000925,众合科技,7.35,0.2,2.797,7.34,7.35,7.15,7.18,7.37,7.13,12394962.0,89879511.0,13:52:45
sz000926,福星股份,2.05,0.01,0.49,2.04,2.05,2.04,2.04,2.05,2.01,17282167.0,35122668.0,13:52:42
sz000927,中国铁物,2.99,0.02,0.673,2.98,2.99,2.97,2.96,2.99,2.93,71446532.0,211968954.0,13:52:45
sz000928,中钢国际,6.96,-0.1,-1.416,6.96,6.97,7.06,7.06,7.13,6.9,34372160.0,240156158.0,13:52:45
sz000929,*ST兰黄,10.4,-0.09,-0.858,10.4,10.41,10.49,10.5,10.57,10.13,3342448.0,34466252.0,13:52:06
sz000930,中粮科技,6.51,-0.05,-0.762,6.51,6.52,6.56,6.51,6.53,6.46,14520092.0,94347882.0,13:52:45
sz000931,中 关 村,5.37,-0.03,-0.556,5.36,5.37,5.4,5.39,5.4,5.3,11881148.0,63386533.0,13:52:45
sz000932,华菱钢铁,5.07,0.04,0.795,5.06,5.07,5.03,5.04,5.14,5.03,51708805.0,263467022.0,13:52:45
sz000933,神火股份,35.15,1.39,4.117,35.13,35.15,33.76,34.61,35.4,34.61,40091295.0,1403713042.0,13:52:45
sz000935,四川双马,27.19,0.7,2.643,27.18,27.19,26.49,26.49,27.35,26.48,3780634.0,101764801.0,13:52:45
sz000936,华西股份,7.56,0.1,1.34,7.55,7.56,7.46,7.46,7.66,7.46,10333300.0,78367432.0,13:52:45
sz000937,冀中能源,5.54,0.01,0.181,5.53,5.54,5.53,5.52,5.56,5.52,10173650.0,56382170.0,13:52:45
sz000938,紫光股份,27.97,0.49,1.783,27.97,27.98,27.48,27.56,28.68,27.5,129295118.0,3647573686.0,13:52:45
sz000948,南天信息,15.59,0.25,1.63,15.59,15.6,15.34,15.36,15.65,15.35,2618742.0,40571629.0,13:52:42
sz000949,新乡化纤,7.43,0.03,0.405,7.42,7.43,7.4,7.4,7.49,7.26,36336700.0,267903365.0,13:52:45
sz000950,重药控股,6.08,-0.27,-4.252,6.08,6.09,6.35,6.16,6.21,5.95,79507634.0,482971639.0,13:52:45
sz000951,中国重汽,23.26,-0.2,-0.853,23.25,23.26,23.46,23.54,23.88,23.03,18931371.0,442307448.0,13:52:42
sz000952,广济药业,7.0,0.07,1.01,6.99,7.0,6.93,6.93,7.0,6.83,5315521.0,36765063.0,13:52:45
sz000953,河化股份,6.69,0.06,0.905,6.68,6.69,6.63,6.62,6.69,6.55,3418600.0,22608818.0,13:52:45
sz000955,欣龙控股,5.05,0.15,3.061,5.04,5.05,4.9,4.91,5.05,4.86,8270115.0,41093799.0,13:52:45
sz000957,中通客车,12.25,0.35,2.941,12.24,12.25,11.9,11.96,12.35,11.96,20965499.0,256116986.0,13:52:45
sz000958,电投产融,6.03,-0.01,-0.166,6.03,6.04,6.04,6.05,6.06,6.01,13549000.0,81720182.0,13:52:45
sz000959,首钢股份,4.72,0.06,1.288,4.71,4.72,4.66,4.67,4.73,4.61,57510806.0,269049834.0,13:52:45
sz000960,锡业股份,35.35,1.27,3.727,35.35,35.36,34.08,35.0,35.66,34.2,49525631.0,1727700613.0,13:52:45
sz000962,东方钽业,46.36,1.88,4.227,46.36,46.37,44.48,44.5,46.64,43.25,20994589.0,947706105.0,13:52:45
sz000963,华东医药,35.11,-0.56,-1.57,35.09,35.1,35.67,35.46,35.46,34.88,8744051.0,307499378.0,13:52:45
sz000965,天保基建,3.63,0.0,0.0,3.63,3.64,3.63,3.63,3.65,3.61,11351320.0,41170753.0,13:52:45
sz000966,长源电力,4.32,-0.04,-0.917,4.31,4.32,4.36,4.34,4.36,4.31,36695306.0,158645932.0,13:52:45
sz000967,盈峰环境,13.07,1.19,10.017,13.07,0.0,11.88,12.34,13.07,12.15,152903326.0,1957631344.0,13:52:45
sz000968,蓝焰控股,9.27,-0.22,-2.318,9.26,9.27,9.49,9.4,9.45,9.12,39884373.0,368599662.0,13:52:45
sz000969,安泰科技,21.08,0.14,0.669,21.08,21.09,20.94,20.94,21.13,20.85,11761268.0,247052640.0,13:52:45
sz000970,中科三环,12.15,0.1,0.83,12.15,12.16,12.05,12.08,12.2,12.07,10887837.0,132123132.0,13:52:45
sz000972,*ST中基,3.91,0.01,0.256,3.91,3.92,3.9,3.87,3.93,3.81,8651805.0,33684405.0,13:52:39
sz000973,佛塑科技,17.28,-0.84,-4.636,17.28,17.29,18.12,17.55,18.01,16.87,82512276.0,1431610677.0,13:52:45
sz000975,山金国际,29.99,0.14,0.469,29.99,30.0,29.85,29.97,30.46,29.66,19897967.0,597259176.0,13:52:45
sz000977,浪潮信息,67.52,-1.36,-1.974,67.52,67.53,68.88,68.42,69.19,67.22,47574198.0,3245895170.0,13:52:45
sz000978,桂林旅游,8.46,0.33,4.059,8.46,8.47,8.13,8.04,8.66,7.97,70245865.0,582547572.0,13:52:45
sz000980,众泰汽车,2.08,0.0,0.0,2.07,2.08,2.08,2.09,2.1,2.05,80480443.0,166957653.0,13:52:45
sz000981,山子高科,4.06,-0.04,-0.976,4.05,4.06,4.1,4.1,4.11,4.03,198455354.0,804304148.0,13:52:45
sz000983,山西焦煤,6.44,-0.03,-0.464,6.43,6.44,6.47,6.45,6.47,6.41,30867617.0,198686135.0,13:52:45
sz000985,大庆华科,18.8,0.19,1.021,18.8,18.81,18.61,18.63,18.8,18.45,772900.0,14400084.0,13:52:39
sz000987,越秀资本,8.88,0.09,1.024,8.88,8.89,8.79,8.85,8.96,8.78,38353151.0,340982981.0,13:52:45
sz000988,华工科技,111.88,-0.42,-0.374,111.87,111.88,112.3,109.9,113.8,107.85,67179672.0,7440410022.0,13:52:45
sz000989,九芝堂,9.68,-0.2,-2.024,9.68,9.69,9.88,9.79,9.87,9.64,22987802.0,223058017.0,13:52:42
sz000990,诚志股份,10.52,-0.08,-0.755,10.51,10.52,10.6,10.66,10.7,10.3,47832218.0,502472873.0,13:52:45
sz000993,闽东电力,12.13,-0.25,-2.019,12.13,12.14,12.38,12.29,12.32,12.11,16249492.0,197546704.0,13:52:45
sz000995,皇台酒业,13.9,-0.06,-0.43,13.9,13.91,13.96,13.75,13.96,13.68,10075790.0,139183063.0,13:52:45
sz000997,新 大 陆,20.13,0.29,1.462,20.14,20.15,19.84,19.86,20.29,19.86,15102085.0,304252304.0,13:52:45
sz000998,隆平高科,10.07,0.21,2.13,10.07,10.08,9.86,9.85,10.08,9.78,19933036.0,198006294.0,13:52:45
sz000999,华润三九,27.81,-0.24,-0.856,27.8,27.81,28.05,28.01,28.08,27.74,10583976.0,294508140.0,13:52:45
sz001201,东瑞股份,13.52,-0.02,-0.148,13.52,13.53,13.54,13.66,13.7,13.35,4712800.0,63469878.0,13:52:42
sz001202,炬申股份,17.12,0.18,1.063,17.12,17.13,16.94,16.96,17.13,16.81,793740.0,13462325.0,13:52:42
sz001203,大中矿业,46.39,4.22,10.007,46.39,0.0,42.17,43.01,46.39,42.69,18801007.0,852153455.0,13:52:42
sz001205,盛航股份,14.45,0.14,0.978,14.45,14.46,14.31,14.34,14.47,14.28,1501300.0,21533038.0,13:52:45
sz001206,依依股份,21.71,0.18,0.836,21.71,21.72,21.53,21.5,21.94,21.26,3662900.0,79178398.0,13:52:45
sz001207,联科科技,19.8,0.07,0.355,19.78,19.8,19.73,19.73,19.81,19.53,3218219.0,63226908.0,13:52:45
sz001208,华菱线缆,22.26,0.86,4.019,22.25,22.26,21.4,21.83,22.78,20.91,69501294.0,1512270842.0,13:52:45
sz001209,洪兴股份,20.68,0.53,2.63,20.66,20.68,20.15,20.25,20.68,20.03,1551240.0,31639792.0,13:52:45
sz001210,金房能源,21.5,0.42,1.992,21.5,21.51,21.08,21.23,21.52,20.96,2056040.0,43801251.0,13:52:42
sz001211,双枪科技,31.8,0.85,2.746,31.8,31.81,30.95,30.95,31.81,30.2,3212466.0,99267223.0,13:52:48
sz001212,中旗新材,48.64,0.26,0.537,48.57,48.6,48.38,48.29,49.58,48.04,3015400.0,146721167.0,13:52:48
sz001213,中铁特货,4.03,-0.01,-0.248,4.03,4.04,4.04,4.03,4.04,4.02,6319933.0,25486435.0,13:52:51
sz001215,千味央厨,38.76,0.48,1.254,38.76,38.77,38.28,38.38,38.95,37.8,2610700.0,100743335.0,13:52:45
sz001216,华瓷股份,19.07,0.2,1.06,19.06,19.07,18.87,19.07,19.11,18.68,2451000.0,46305117.0,13:52:51
sz001217,华尔泰,11.58,0.24,2.116,11.57,11.58,11.34,11.37,11.58,11.29,3693700.0,42307844.0,13:52:51
sz001218,丽臣实业,25.49,0.34,1.352,25.49,25.5,25.15,25.17,25.5,25.04,1214760.0,30601087.0,13:52:48
sz001219,青岛食品,14.83,0.16,1.091,14.83,14.84,14.67,14.66,14.84,14.52,2137701.0,31347974.0,13:52:48
sz001220,世盟股份,44.71,0.94,2.148,44.72,44.74,43.77,43.15,44.85,43.15,2939265.0,129210803.0,13:52:51
sz001221,悍高集团,63.72,0.66,1.047,63.71,63.72,63.06,62.9,63.78,62.18,1078087.0,67796669.0,13:52:48
sz001222,源飞宠物,20.03,0.0,0.0,20.03,20.04,20.03,20.09,20.11,19.65,1682300.0,33429363.0,13:52:48
sz001223,欧克科技,55.2,3.22,6.195,55.14,55.2,51.98,52.7,56.8,51.53,2029840.0,111085397.0,13:52:42
sz001225,和泰机电,49.98,0.9,1.834,49.96,49.98,49.08,49.11,49.98,49.01,637100.0,31538267.0,13:52:51
sz001226,拓山重工,44.58,1.03,2.365,44.55,44.58,43.55,43.38,44.78,43.38,459400.0,20238672.0,13:52:51
sz001227,兰州银行,2.24,0.0,0.0,2.23,2.24,2.24,2.24,2.25,2.23,23778800.0,53259829.0,13:52:51
sz001228,永泰运,33.25,-0.26,-0.776,33.25,33.26,33.51,33.54,33.84,33.03,1281800.0,42737657.0,13:52:48
sz001229,魅视科技,36.65,-0.06,-0.163,36.66,36.71,36.71,36.71,36.94,36.29,927368.0,33960606.0,13:52:45
sz001230,劲旅环境,27.72,2.52,10.0,27.72,0.0,25.2,25.19,27.72,25.02,5212917.0,140285876.0,13:52:27
sz001231,农心科技,24.88,0.38,1.551,24.87,24.88,24.5,24.33,24.92,23.71,2967500.0,72001663.0,13:52:51
sz001233,海安集团,69.61,-0.72,-1.024,69.6,69.61,70.33,70.65,71.79,69.48,1266149.0,89118059.0,13:52:48
sz001234,泰慕士,28.34,1.46,5.432,28.33,28.36,26.88,27.27,28.69,27.27,3031200.0,85217979.0,13:52:42
sz001236,弘业期货,9.35,0.03,0.322,9.35,9.36,9.32,9.32,9.43,9.28,4082100.0,38236858.0,13:52:51
sz001238,浙江正特,46.75,-2.36,-4.806,46.61,46.75,49.11,49.1,49.54,46.53,685500.0,32599714.0,13:52:48
sz001239,永达股份,15.45,0.0,0.0,15.44,15.45,15.45,15.45,15.51,15.18,1932900.0,29783706.0,13:52:51
sz001255,博菲电气,37.41,0.61,1.658,37.41,37.42,36.8,36.81,37.42,36.4,928000.0,34329553.0,13:52:51
sz001256,炜冈科技,24.15,0.64,2.722,24.14,24.15,23.51,23.5,24.44,23.5,2105102.0,50422238.0,13:52:48
sz001257,盛龙股份,23.26,-0.51,-2.146,23.26,23.27,23.77,23.61,23.76,22.88,21929933.0,508454048.0,13:52:51
sz001258,立新能源,8.86,0.11,1.257,8.86,8.87,8.75,8.78,8.92,8.61,22774600.0,201583060.0,13:52:51
sz001259,利仁科技,31.8,1.03,3.347,31.7,31.77,30.77,30.78,31.8,30.49,543700.0,16947369.0,13:52:51
sz001260,坤泰股份,21.2,0.44,2.119,21.21,21.22,20.76,20.76,21.2,20.7,820000.0,17174145.0,13:52:51
sz001266,宏英智能,33.33,0.31,0.939,33.31,33.33,33.02,33.01,33.5,32.93,693700.0,22997057.0,13:52:48
sz001267,汇绿生态,40.96,-0.49,-1.182,40.96,40.98,41.45,40.9,41.58,39.87,30999600.0,1266000132.0,13:52:51
sz001268,联合精密,31.34,2.85,10.004,31.34,0.0,28.49,28.68,31.34,28.64,2761464.0,85007548.0,13:52:51
sz001269,欧晶科技,22.57,0.14,0.624,22.57,22.58,22.43,22.41,22.79,22.25,1945381.0,43875409.0,13:52:51
sz001270,*ST铖昌,142.98,0.61,0.428,142.73,142.99,142.37,144.92,148.9,139.22,11595321.0,1673509487.0,13:52:51
sz001277,速达股份,35.47,0.34,0.968,35.46,35.47,35.13,35.22,35.47,34.91,683500.0,24060962.0,13:52:45
sz001278,一彬科技,21.54,0.12,0.56,21.51,21.53,21.42,21.43,21.82,21.12,1261500.0,26966150.0,13:52:33
sz001279,强邦新材,31.35,0.35,1.129,31.34,31.35,31.0,31.0,31.38,30.95,440000.0,13736937.0,13:52:51
sz001280,中国铀业,82.9,2.5,3.109,82.9,82.94,80.4,80.92,83.68,80.5,12990612.0,1072417839.0,13:52:51
sz001282,三联锻造,21.69,-0.19,-0.868,21.68,21.69,21.88,22.11,22.25,21.39,4370866.0,94672680.0,13:52:51
sz001283,豪鹏科技,69.78,0.52,0.751,69.77,69.79,69.26,69.59,70.62,69.31,3483484.0,243807878.0,13:52:51
sz001285,瑞立科密,53.23,0.35,0.662,53.22,53.23,52.88,53.36,53.72,53.11,837446.0,44734087.0,13:52:48
sz001286,陕西能源,11.28,0.08,0.714,11.28,11.29,11.2,11.17,11.36,11.13,10140309.0,114355950.0,13:52:51
sz001287,中电港,27.52,0.13,0.475,27.5,27.52,27.39,26.97,27.8,26.91,19735416.0,542078126.0,13:52:51
sz001288,运机集团,27.37,0.79,2.972,27.36,27.37,26.58,26.6,27.72,26.32,4508932.0,122197350.0,13:52:51
sz001289,龙源电力,15.39,0.0,0.0,15.39,15.4,15.39,15.41,15.44,15.31,3953414.0,60811132.0,13:52:51
sz001296,长江材料,25.32,-0.14,-0.55,25.32,25.33,25.46,25.51,25.63,25.25,1291166.0,32773885.0,13:52:51
sz001298,好上好,30.38,0.57,1.912,30.37,30.38,29.81,29.82,30.4,29.5,3665630.0,110004056.0,13:52:51
sz001299,美能能源,15.17,-1.52,-9.107,15.16,15.17,16.69,15.98,16.2,15.02,25445076.0,389344138.0,13:52:51
sz001300,三柏硕,17.72,0.75,4.42,17.72,17.73,16.97,17.1,18.54,17.1,12349706.0,221332418.0,13:52:33
sz001301,尚太科技,74.1,-0.15,-0.202,74.1,74.18,74.25,74.79,76.1,73.61,4483000.0,334841914.0,13:52:51
sz001306,夏厦精密,67.1,0.98,1.482,67.09,67.1,66.12,66.78,67.58,66.15,360000.0,24061310.0,13:52:48
sz001308,康冠科技,20.73,0.07,0.339,20.72,20.73,20.66,20.74,20.84,20.58,1175090.0,24378696.0,13:52:39
sz001309,德明利,514.6,13.4,2.674,514.51,514.6,501.2,490.0,529.98,486.0,14134286.0,7228126842.0,13:52:51
sz001311,多利科技,32.48,1.09,3.472,32.47,32.48,31.39,31.5,33.45,31.5,4034867.0,131691252.0,13:52:51
sz001313,粤海饲料,8.11,0.13,1.629,8.1,8.11,7.98,7.98,8.14,7.92,9572700.0,76922148.0,13:52:51
sz001314,亿道信息,43.49,0.56,1.304,43.47,43.49,42.93,42.94,43.74,42.85,903600.0,39120172.0,13:52:51
sz001316,润贝航科,48.64,-0.02,-0.041,48.6,48.64,48.66,48.69,48.96,48.08,1283020.0,62211205.0,13:52:36
sz001317,三羊马,48.55,0.44,0.915,48.55,48.56,48.11,48.13,48.8,47.92,970100.0,47012126.0,13:52:51
sz001318,阳光乳业,13.66,0.08,0.589,13.65,13.66,13.58,13.65,13.66,13.43,1764800.0,23961293.0,13:52:51
sz001319,铭科精技,25.62,0.36,1.425,25.62,25.63,25.26,25.4,25.69,25.28,1354800.0,34466941.0,13:52:51
sz001322,箭牌家居,7.42,0.06,0.815,7.41,7.42,7.36,7.35,7.42,7.3,2334000.0,17180926.0,13:52:51
sz001323,慕思股份,23.67,-0.15,-0.63,23.67,23.68,23.82,23.83,23.88,23.44,791920.0,18723839.0,13:52:33
sz001324,长青科技,19.95,0.18,0.91,19.94,19.95,19.77,19.78,19.96,19.61,1532271.0,30339513.0,13:52:45
sz001325,元创股份,63.71,0.47,0.743,63.71,63.73,63.24,63.18,64.22,62.89,2788320.0,176973486.0,13:52:51
sz001326,联域股份,55.07,-0.72,-1.291,55.06,55.07,55.79,56.19,57.34,54.66,1531700.0,85414403.0,13:52:48
sz001328,登康口腔,32.49,0.0,0.0,32.46,32.49,32.49,32.48,32.58,32.14,417900.0,13529311.0,13:52:51
sz001330,博纳影业,7.47,0.22,3.034,7.47,7.48,7.25,7.41,7.56,7.32,78786200.0,585540824.0,13:52:51
sz001331,胜通能源,51.29,-1.24,-2.361,51.28,51.29,52.53,52.08,52.45,50.6,4310985.0,220652408.0,13:52:51
sz001332,锡装股份,54.97,1.5,2.805,54.97,54.98,53.47,53.52,55.15,52.88,1118695.0,60258471.0,13:52:51
sz001333,光华股份,24.85,0.0,0.0,24.76,24.84,24.85,24.84,25.04,24.58,1791000.0,44331765.0,13:52:51
sz001335,信凯科技,43.09,1.18,2.816,43.09,43.1,41.91,41.9,43.85,41.6,1225280.0,52825003.0,13:52:45
sz001336,楚环科技,25.79,0.59,2.341,25.77,25.79,25.2,25.21,25.8,24.81,865900.0,21897598.0,13:52:51
sz001337,四川黄金,48.31,0.13,0.27,48.31,48.32,48.18,48.02,49.13,47.45,6711791.0,323435159.0,13:52:51
sz001338,永顺泰,13.46,0.05,0.373,13.45,13.46,13.41,13.41,13.59,13.35,4508000.0,60642520.0,13:52:51
sz001339,智微智能,71.62,4.2,6.23,71.6,71.62,67.42,67.59,72.43,67.49,10827239.0,765147571.0,13:52:51
sz001356,富岭股份,11.12,0.1,0.907,11.11,11.12,11.02,11.1,11.12,11.0,1375800.0,15200963.0,13:52:51
sz001358,兴欣新材,27.1,1.26,4.876,27.09,27.1,25.84,25.9,27.55,25.75,1714638.0,46110012.0,13:52:39
sz001359,平安电工,79.0,-0.01,-0.013,78.99,79.0,79.01,79.01,80.21,78.6,1505028.0,119382438.0,13:52:48
sz001360,南矿集团,21.69,0.74,3.532,21.68,21.69,20.95,21.07,21.82,20.75,2073100.0,44309330.0,13:52:51
sz001366,播恩集团,14.23,0.27,1.934,14.23,14.25,13.96,13.95,14.24,13.83,2305400.0,32348356.0,13:52:57
sz001367,海森药业,26.93,1.01,3.897,26.93,26.94,25.92,26.15,28.0,25.71,7843953.0,210953544.0,13:52:57
sz001368,通达创智,28.04,0.6,2.187,28.04,28.05,27.44,27.64,28.37,27.25,2103500.0,58690918.0,13:52:57
sz001369,双欣材料,16.06,0.18,1.134,16.06,16.07,15.88,15.83,16.28,15.66,16213612.0,260381536.0,13:52:54
sz001373,翔腾新材,34.52,0.13,0.378,34.53,34.58,34.39,34.43,34.59,33.99,996000.0,34123356.0,13:52:54
sz001376,百通能源,16.25,0.52,3.306,16.25,16.26,15.73,15.68,16.28,15.5,9225500.0,146410368.0,13:52:57
sz001378,德冠新材,25.42,0.57,2.294,25.41,25.42,24.85,25.13,25.49,24.93,2499765.0,63069016.0,13:52:57
sz001379,腾达科技,21.76,0.32,1.493,21.76,21.78,21.44,21.43,21.79,21.35,1187200.0,25632836.0,13:52:57
sz001380,华纬科技,20.17,0.13,0.649,20.16,20.17,20.04,20.04,20.35,20.03,811044.0,16323235.0,13:52:54
sz001382,新亚电缆,20.29,-0.06,-0.295,20.28,20.29,20.35,20.36,20.39,20.02,3132800.0,63225722.0,13:52:51
sz001386,马可波罗,19.63,0.03,0.153,19.62,19.63,19.6,19.58,19.67,19.52,1354800.0,26544089.0,13:52:54
sz001387,雪祺电气,13.42,0.26,1.976,13.41,13.42,13.16,13.18,13.42,13.12,1495290.0,19809398.0,13:52:57
sz001388,信通电子,39.7,0.25,0.634,39.68,39.7,39.45,39.45,39.76,39.03,842150.0,33183932.0,13:52:57
sz001389,广合科技,135.29,7.43,5.811,135.27,135.29,127.86,128.97,136.29,128.02,7865336.0,1040331366.0,13:52:57
sz001390,古麒绒材,21.94,-0.09,-0.409,21.93,21.94,22.03,22.05,22.06,21.72,1051790.0,22998167.0,13:52:54
sz001391,国货航,5.31,-0.02,-0.375,5.31,5.32,5.33,5.31,5.33,5.3,10611600.0,56354347.0,13:52:57
sz001395,亚联机械,39.32,0.39,1.002,39.3,39.33,38.93,38.94,39.44,38.81,291818.0,11427144.0,13:52:39
sz001396,誉帆科技,46.12,0.34,0.743,46.11,46.12,45.78,46.08,46.17,45.68,651619.0,29939368.0,13:52:48
sz001400,江顺科技,176.2,2.49,1.433,176.01,176.26,173.71,173.63,177.38,169.22,1935437.0,334454547.0,13:52:54
sz001696,宗申动力,19.59,0.47,2.458,19.58,19.59,19.12,19.21,19.76,19.02,26579337.0,514821293.0,13:52:57
sz001872,招商港口,21.46,-0.18,-0.832,21.45,21.46,21.64,21.64,21.69,21.3,1508225.0,32325074.0,13:52:57
sz001896,豫能控股,16.75,0.18,1.086,16.74,16.75,16.57,16.41,17.68,15.75,175966475.0,2973750016.0,13:52:57
sz001914,招商积余,9.88,0.01,0.101,9.87,9.88,9.87,9.87,9.95,9.83,3043099.0,30090568.0,13:52:42
sz001965,招商公路,9.25,0.1,1.093,9.24,9.25,9.15,9.16,9.28,9.07,10914198.0,100508219.0,13:52:57
sz001979,招商蛇口,8.54,0.0,0.0,8.53,8.54,8.54,8.5,8.68,8.48,29077049.0,248855888.0,13:52:57
sz002001,新 和 成,37.7,1.11,3.034,37.7,37.71,36.59,36.6,38.46,36.24,41083649.0,1543303272.0,13:52:57
sz002003,伟星股份,9.98,0.1,1.012,9.97,9.99,9.88,9.91,10.01,9.87,3644891.0,36332239.0,13:52:57
sz002004,华邦健康,5.24,0.01,0.191,5.23,5.24,5.23,5.24,5.28,5.2,13870489.0,72625390.0,13:52:57
sz002005,ST德豪,2.88,0.0,0.0,2.88,2.89,2.88,2.88,2.92,2.86,5261100.0,15182474.0,13:52:33
sz002006,精工科技,18.11,0.07,0.388,18.1,18.11,18.04,18.1,18.17,17.92,4378392.0,79171200.0,13:52:57
sz002007,华兰生物,15.07,0.05,0.333,15.06,15.07,15.02,15.02,15.12,14.91,7202931.0,108211052.0,13:52:57
sz002008,大族激光,86.67,7.88,10.001,86.67,0.0,78.79,77.81,86.67,77.81,47414274.0,4013103183.0,13:52:57
sz002009,天奇股份,24.2,0.11,0.457,24.2,24.21,24.09,24.5,24.59,23.97,12807880.0,310169873.0,13:52:57
sz002010,传化智联,5.91,0.1,1.721,5.9,5.91,5.81,5.81,5.97,5.81,20830662.0,122746890.0,13:52:57
sz002011,盾安环境,12.15,0.1,0.83,12.15,12.16,12.05,12.11,12.25,12.08,6145100.0,74614894.0,13:52:54
sz002012,凯恩股份,7.11,0.03,0.424,7.11,7.12,7.08,7.08,7.15,7.02,11399800.0,80849142.0,13:52:57
sz002014,永新股份,11.97,0.02,0.167,11.96,11.97,11.95,11.96,12.03,11.91,1064500.0,12741369.0,13:52:39
sz002015,协鑫能科,18.54,0.74,4.157,18.54,18.55,17.8,17.9,18.82,17.51,158614529.0,2920532633.0,13:52:57
sz002016,世荣兆业,5.81,-0.04,-0.684,5.8,5.81,5.85,5.86,5.91,5.78,9034800.0,52679851.0,13:52:57
sz002017,东信和平,18.96,0.06,0.317,18.95,18.96,18.9,18.89,19.05,18.86,5919278.0,112132947.0,13:52:57
sz002019,亿帆医药,12.64,-0.06,-0.472,12.63,12.64,12.7,12.69,12.87,12.48,15028564.0,190058574.0,13:52:57
sz002020,京新药业,15.82,-0.44,-2.706,15.81,15.82,16.26,16.25,16.25,15.8,10946349.0,175134650.0,13:52:57
sz002021,中捷资源,3.07,0.07,2.333,3.06,3.07,3.0,2.99,3.07,2.97,25184791.0,76018473.0,13:52:57
sz002022,科华生物,5.86,0.02,0.342,5.85,5.86,5.84,5.85,5.86,5.77,5287100.0,30742578.0,13:52:57
sz002023,海特高新,12.3,-0.42,-3.302,12.29,12.3,12.72,12.29,12.36,12.02,43236585.0,527527648.0,13:52:57
sz002024,ST易购,1.35,0.02,1.504,1.34,1.35,1.33,1.33,1.35,1.32,25135714.0,33460868.0,13:52:57
sz002025,航天电器,76.27,-3.4,-4.268,76.25,76.27,79.67,78.33,78.78,75.52,29076178.0,2238609710.0,13:52:57
sz002026,山东威达,13.26,0.06,0.455,13.26,13.27,13.2,13.28,13.34,13.2,2557200.0,33910868.0,13:52:57
sz002027,分众传媒,6.28,-0.02,-0.317,6.28,6.29,6.3,6.3,6.36,6.25,92116690.0,581597725.0,13:52:57
sz002028,思源电气,216.18,6.6,3.149,216.18,216.19,209.58,209.58,216.88,207.65,7990245.0,1698923548.0,13:52:57
sz002029,七 匹 狼,9.66,-0.14,-1.429,9.65,9.66,9.8,9.81,9.85,9.64,9426209.0,91487848.0,13:52:57
sz002030,达安基因,5.95,-0.03,-0.502,5.94,5.95,5.98,5.97,5.98,5.9,7361736.0,43679047.0,13:52:57
sz002031,巨轮智能,6.2,0.09,1.473,6.19,6.2,6.11,6.15,6.29,6.15,36215112.0,225512577.0,13:52:57
sz002032,苏 泊 尔,45.66,0.08,0.176,45.63,45.66,45.58,45.6,46.08,45.48,1151760.0,52782909.0,13:52:57
sz002033,丽江股份,10.93,0.99,9.96,10.93,0.0,9.94,9.93,10.93,9.81,102964036.0,1059315932.0,13:52:57
sz002034,旺能环境,19.61,0.88,4.698,19.6,19.61,18.73,18.7,19.77,18.6,12620947.0,242297216.0,13:52:57
sz002035,华帝股份,6.42,0.0,0.0,6.42,6.43,6.42,6.42,6.53,6.37,11231100.0,72096264.0,13:52:57
sz002036,联创电子,9.2,0.15,1.657,9.19,9.2,9.05,9.15,9.35,9.05,24389779.0,224274240.0,13:52:57
sz002037,保利联合,8.48,0.09,1.073,8.48,8.49,8.39,8.42,8.5,8.36,4350199.0,36730952.0,13:52:57
sz002038,双鹭药业,7.91,-0.16,-1.983,7.91,7.92,8.07,8.2,8.53,7.89,137926619.0,1121869863.0,13:52:57
sz002039,黔源电力,20.8,0.26,1.266,20.79,20.8,20.54,20.6,21.09,20.36,8612691.0,179155327.0,13:52:57
sz002040,南 京 港,9.98,-0.03,-0.3,9.97,9.98,10.01,10.01,10.03,9.88,4591320.0,45625002.0,13:52:57
sz002041,登海种业,10.54,0.16,1.541,10.54,10.55,10.38,10.36,10.55,10.28,7468984.0,77918584.0,13:52:57
sz002042,华孚时尚,4.89,0.18,3.822,4.89,4.9,4.71,4.71,5.08,4.67,106498995.0,520422407.0,13:52:57
sz002043,兔 宝 宝,14.47,-0.01,-0.069,14.46,14.47,14.48,14.47,14.65,14.3,4317803.0,62624516.0,13:52:57
sz002044,美年健康,5.35,-0.06,-1.109,5.34,5.35,5.41,5.39,5.41,5.3,111134532.0,594445630.0,13:52:57
sz002045,国光电器,11.86,0.02,0.169,11.85,11.86,11.84,11.85,11.9,11.82,4140000.0,49083968.0,13:52:57
sz002046,国机精工,49.39,1.02,2.109,49.38,49.39,48.37,48.3,50.14,47.9,12228763.0,606322631.0,13:52:57
sz002047,*ST宝鹰,5.56,0.18,3.346,5.55,5.56,5.38,5.42,5.6,5.36,20598625.0,113376863.0,13:52:57
sz002048,宁波华翔,27.75,-0.26,-0.928,27.74,27.76,28.01,28.59,28.62,27.66,12660769.0,353924450.0,13:52:57
sz002049,紫光国微,70.79,0.61,0.869,70.78,70.79,70.18,70.47,71.35,70.1,9714543.0,688438591.0,13:52:57
sz002050,三花智控,45.53,0.42,0.931,45.52,45.53,45.11,46.5,46.66,45.41,75571284.0,3470088129.0,13:52:57
sz002051,中工国际,11.59,-0.31,-2.605,11.59,11.6,11.9,11.54,11.93,11.4,129973596.0,1511045829.0,13:52:57
sz002052,同洲电子,10.4,0.2,1.961,10.39,10.4,10.2,10.25,10.5,10.23,8620700.0,89339130.0,13:52:57
sz002053,云南能投,11.23,0.08,0.717,11.22,11.23,11.15,11.16,11.25,11.1,4833371.0,54052751.0,13:52:57
sz002054,德美化工,8.55,0.07,0.825,8.54,8.55,8.48,8.6,8.66,8.43,16334944.0,139526402.0,13:52:57
sz002055,ST得润,6.19,0.09,1.475,6.18,6.19,6.1,6.13,6.27,6.1,14171300.0,87653775.0,13:52:54
sz002056,横店东磁,19.33,0.0,0.0,19.32,19.33,19.33,19.34,19.5,19.23,18336633.0,355159744.0,13:52:57
sz002057,中钢天源,9.65,0.09,0.941,9.64,9.65,9.56,9.6,9.66,9.5,5634208.0,54190749.0,13:52:57
sz002058,*ST威尔,22.16,0.23,1.049,22.13,22.17,21.93,21.92,22.69,21.6,2010500.0,44711673.0,13:52:48
sz002059,云南旅游,5.3,0.18,3.516,5.3,5.31,5.12,5.13,5.36,5.09,34451700.0,180458173.0,13:52:57
sz002060,广东建工,3.92,-0.13,-3.21,3.92,3.93,4.05,4.04,4.04,3.91,90967793.0,360175848.0,13:52:57
sz002061,浙江交科,3.89,-0.03,-0.765,3.89,3.9,3.92,3.91,3.93,3.88,11969700.0,46693230.0,13:52:57
sz002062,宏润建设,8.05,0.73,9.973,8.05,0.0,7.32,7.31,8.05,7.27,26710671.0,208424211.0,13:52:54
sz002063,远光软件,6.47,0.05,0.779,6.46,6.47,6.42,6.44,6.48,6.39,37427601.0,240841989.0,13:52:57
sz002064,华峰化学,11.05,0.11,1.005,11.04,11.05,10.94,10.93,11.2,10.83,39138162.0,431795951.0,13:52:57
sz002065,东华软件,8.45,0.1,1.198,8.45,8.46,8.35,8.35,8.46,8.35,23582098.0,198454229.0,13:52:57
sz002066,瑞泰科技,22.9,0.51,2.278,22.89,22.9,22.39,22.45,23.09,21.94,4807503.0,108881749.0,13:52:57
sz002067,景兴纸业,4.77,0.02,0.421,4.76,4.77,4.75,4.75,4.79,4.74,14268376.0,67976994.0,13:52:57
sz002068,黑猫股份,8.71,-0.06,-0.684,8.71,8.72,8.77,8.78,8.81,8.58,14346200.0,124021985.0,13:52:57
sz002069,獐子岛,3.74,0.04,1.081,3.74,3.75,3.7,3.72,3.75,3.66,6648000.0,24567268.0,13:52:57
sz002072,凯瑞德,7.63,-0.05,-0.651,7.62,7.63,7.68,7.67,7.68,7.52,4217900.0,32049040.0,13:52:54
sz002073,软控股份,7.23,0.0,0.0,7.23,7.24,7.23,7.27,7.3,7.16,15173370.0,109520488.0,13:52:57
sz002074,国轩高科,39.58,0.86,2.221,39.57,39.58,38.72,39.14,39.96,38.61,62692216.0,2472009388.0,13:52:57
sz002075,沙钢股份,4.72,0.04,0.855,4.71,4.72,4.68,4.69,4.73,4.68,13273100.0,62495827.0,13:52:57
sz002076,*ST星光,2.18,0.0,0.0,2.17,2.18,2.18,2.18,2.2,2.15,19671300.0,42763958.0,13:52:51
sz002077,大港股份,16.04,0.14,0.881,16.03,16.04,15.9,15.89,16.13,15.77,10753668.0,172077643.0,13:52:57
sz002078,太阳纸业,14.47,-0.09,-0.618,14.47,14.48,14.56,14.6,14.75,14.44,13603178.0,198394043.0,13:52:54
sz002079,苏州固锝,10.16,0.27,2.73,10.16,10.17,9.89,9.96,10.38,9.92,32078726.0,326831987.0,13:52:57
sz002080,中材科技,48.63,0.12,0.247,48.63,48.64,48.51,48.76,50.16,48.03,39796440.0,1956020906.0,13:52:57
sz002081,金 螳 螂,3.36,-0.01,-0.297,3.35,3.36,3.37,3.36,3.38,3.33,12810400.0,42916505.0,13:52:57
sz002082,万邦德,28.7,0.29,1.021,28.7,28.71,28.41,28.22,28.75,27.31,38432311.0,1073075264.0,13:52:57
sz002083,孚日股份,12.36,-0.72,-5.505,12.36,12.37,13.08,12.77,12.8,12.07,103632340.0,1281218761.0,13:52:57
sz002084,海鸥住工,3.81,0.07,1.872,3.8,3.81,3.74,3.73,3.81,3.68,10138803.0,37983878.0,13:52:57
sz002085,万丰奥威,14.54,0.32,2.25,14.53,14.54,14.22,14.35,14.78,14.21,32543483.0,470824803.0,13:52:57
sz002086,东方海洋,2.04,0.01,0.493,2.03,2.04,2.03,2.04,2.04,2.02,18917002.0,38427106.0,13:52:54
sz002088,鲁阳节能,10.11,0.09,0.898,10.11,10.12,10.02,10.02,10.12,9.99,1604680.0,16164157.0,13:52:48
sz002090,金智科技,11.13,-0.01,-0.09,11.13,11.15,11.14,11.14,11.16,11.02,3982300.0,44099945.0,13:52:57
sz002091,江苏国泰,9.43,0.1,1.072,9.42,9.43,9.33,9.32,9.52,9.3,18536961.0,174850904.0,13:52:57
sz002092,中泰化学,6.32,-0.01,-0.158,6.31,6.32,6.33,6.3,6.34,6.2,35722500.0,224096011.0,13:52:57
sz002093,国脉科技,9.79,0.13,1.346,9.79,9.8,9.66,9.67,9.8,9.67,6837971.0,66542554.0,13:52:57
sz002094,青岛金王,6.37,0.02,0.315,6.37,6.38,6.35,6.35,6.38,6.31,8244500.0,52353160.0,13:52:57
sz002095,生 意 宝,16.79,0.25,1.511,16.78,16.79,16.54,16.6,16.79,16.48,1698500.0,28287357.0,13:52:57
sz002096,易普力,11.78,-0.1,-0.842,11.77,11.78,11.88,11.88,11.94,11.76,5135600.0,60717040.0,13:52:54
sz002097,山河智能,10.12,0.1,0.998,10.11,10.12,10.02,10.03,10.15,10.0,9478350.0,95549719.0,13:52:57
sz002098,浔兴股份,8.99,0.07,0.785,8.98,8.99,8.92,8.94,8.99,8.88,1728350.0,15451171.0,13:52:57
sz002099,海翔药业,7.1,-0.01,-0.141,7.1,7.11,7.11,7.08,7.13,6.98,12640181.0,89356595.0,13:52:57
sz002100,天康生物,8.25,-0.1,-1.198,8.24,8.25,8.35,8.27,8.31,8.15,26924314.0,221571220.0,13:52:57
sz002101,广东鸿图,10.41,-0.07,-0.668,10.41,10.42,10.48,10.49,10.55,10.3,9035859.0,93785876.0,13:52:57
sz002102,能特科技,2.89,0.02,0.697,2.89,2.9,2.87,2.87,2.91,2.83,26052046.0,75112212.0,13:52:54
sz002103,广博股份,8.21,0.12,1.483,8.22,8.23,8.09,8.14,8.23,8.06,5362860.0,43792088.0,13:52:57
sz002104,恒宝股份,15.27,0.03,0.197,15.26,15.27,15.24,15.29,15.39,15.18,12250593.0,187247669.0,13:52:57
sz002105,信隆健康,6.33,0.14,2.262,6.32,6.33,6.19,6.18,6.33,6.15,4245876.0,26487154.0,13:52:54
sz002106,莱宝高科,10.58,-0.01,-0.094,10.58,10.59,10.59,10.56,10.65,10.51,5504300.0,58226045.0,13:52:57
sz002107,沃华医药,8.03,0.08,1.006,8.02,8.03,7.95,7.93,8.16,7.75,55956242.0,447068234.0,13:52:57
sz002108,沧州明珠,5.07,0.15,3.049,5.06,5.07,4.92,4.93,5.15,4.91,77408286.0,391640861.0,13:52:57
sz002109,兴化股份,3.97,-0.04,-0.998,3.96,3.97,4.01,4.0,4.0,3.93,22599068.0,89669576.0,13:52:57
sz002110,三钢闽光,3.76,0.0,0.0,3.76,3.77,3.76,3.75,3.79,3.74,12457069.0,46923453.0,13:52:51
sz002111,威海广泰,10.06,-0.06,-0.593,10.05,10.06,10.12,10.1,10.14,10.01,3441740.0,34601973.0,13:52:57
sz002112,三变科技,21.91,-0.47,-2.1,21.9,21.91,22.38,22.0,22.07,21.36,26324193.0,570627374.0,13:52:57
sz002114,罗平锌电,8.82,0.21,2.439,8.82,8.83,8.61,8.65,8.83,8.57,6810100.0,59458402.0,13:52:57
sz002115,三维通信,12.48,0.22,1.794,12.48,12.5,12.26,12.34,12.5,12.27,24727664.0,305922390.0,13:52:57
sz002116,中国海诚,10.68,0.29,2.791,10.68,10.69,10.39,10.45,10.7,10.3,5468600.0,57406820.0,13:52:57
sz002117,东港股份,10.15,0.11,1.096,10.14,10.16,10.04,10.03,10.34,10.0,8126450.0,82720846.0,13:52:57
sz002119,康强电子,22.14,0.43,1.981,22.13,22.14,21.71,21.81,22.22,21.5,25701998.0,564383794.0,13:52:57
sz002120,韵达股份,6.92,0.02,0.29,6.92,6.93,6.9,6.9,7.06,6.85,38786909.0,270444308.0,13:52:57
sz002121,科陆电子,7.6,-0.15,-1.935,7.6,7.61,7.75,7.77,7.78,7.48,37347519.0,282471157.0,13:52:57
sz002122,ST汇洲,3.0,0.02,0.671,3.0,3.01,2.98,2.97,3.03,2.97,13097810.0,39269839.0,13:52:57
sz002123,梦网科技,9.92,0.03,0.303,9.91,9.92,9.89,9.94,9.95,9.69,16303969.0,160235705.0,13:52:57
sz002124,天邦食品,2.92,-0.22,-7.006,2.92,2.93,3.14,3.06,3.13,2.83,415735377.0,1207622937.0,13:52:57
sz002125,湘潭电化,14.26,0.78,5.786,14.25,14.26,13.48,13.6,14.39,13.5,30335830.0,427804985.0,13:52:57
sz002126,银轮股份,48.81,0.15,0.308,48.81,48.85,48.66,48.96,49.98,48.8,16330083.0,805851500.0,13:52:57
sz002127,南极电商,2.79,0.0,0.0,2.79,2.8,2.79,2.79,2.8,2.77,11667046.0,32521476.0,13:52:57
sz002128,电投能源,33.76,0.98,2.99,33.76,33.77,32.78,33.1,34.23,32.98,20269769.0,682113211.0,13:52:57
sz002129,TCL中环,8.75,0.07,0.806,8.75,8.76,8.68,8.71,8.81,8.64,36866931.0,322139455.0,13:52:57
sz002130,沃尔核材,25.48,0.28,1.111,25.47,25.48,25.2,25.22,25.58,25.22,26843398.0,682581216.0,13:52:57
sz002131,利欧股份,7.98,0.16,2.046,7.98,7.99,7.82,7.97,8.05,7.86,340725179.0,2708817268.0,13:52:57
sz002132,恒星科技,4.48,0.33,7.952,4.47,4.48,4.15,4.22,4.57,4.16,209385442.0,930235359.0,13:52:57
sz002133,广宇集团,3.3,0.03,0.917,3.29,3.3,3.27,3.28,3.3,3.22,11997200.0,39141448.0,13:52:57
sz002134,天津普林,22.21,-0.02,-0.09,22.21,22.22,22.23,22.45,22.59,22.14,7783800.0,173839746.0,13:52:57
sz002135,东南网架,7.56,-0.09,-1.176,7.56,7.57,7.65,7.64,7.7,7.47,23919864.0,181691254.0,13:52:54
sz002136,安 纳 达,12.85,0.4,3.213,12.84,12.85,12.45,12.48,12.87,12.4,4625500.0,58779913.0,13:52:54
sz002137,实益达,8.32,0.11,1.34,8.31,8.32,8.21,8.22,8.32,8.18,5313900.0,43960049.0,13:52:57
sz002138,顺络电子,35.44,-0.27,-0.756,35.43,35.44,35.71,35.68,35.96,35.3,14962444.0,532432644.0,13:52:57
sz002139,拓邦股份,12.4,0.02,0.162,12.39,12.4,12.38,12.42,12.47,12.35,6387659.0,79204531.0,13:52:57
sz002140,东华科技,12.51,0.1,0.806,12.51,12.52,12.41,12.4,12.58,12.36,5544191.0,69119999.0,13:52:51
sz002141,贤丰控股,3.76,0.04,1.075,3.76,3.77,3.72,3.73,3.77,3.7,11390900.0,42594873.0,13:52:57
sz002142,宁波银行,31.29,-0.23,-0.73,31.28,31.29,31.52,31.51,31.82,31.23,12161500.0,383086834.0,13:52:57
sz002144,宏达高科,15.3,0.28,1.864,15.29,15.3,15.02,15.01,15.42,14.9,3196300.0,48669090.0,13:52:54
sz002145,钛能化学,4.61,0.04,0.875,4.61,4.62,4.57,4.58,4.65,4.57,28040979.0,129651350.0,13:52:57
sz002146,荣盛发展,1.38,0.0,0.0,1.38,1.39,1.38,1.38,1.39,1.37,54538556.0,75243076.0,13:52:51
sz002148,北纬科技,7.75,0.1,1.307,7.74,7.75,7.65,7.64,7.75,7.64,6546504.0,50422903.0,13:52:51
sz002149,西部材料,53.47,-0.18,-0.336,53.46,53.47,53.65,53.04,54.48,52.24,72212283.0,3842861589.0,13:52:51
sz002150,正泰电源,31.09,-0.65,-2.048,31.09,31.1,31.74,32.1,32.1,30.8,17558158.0,549296401.0,13:52:51
sz002151,北斗星通,38.36,0.16,0.419,38.36,38.37,38.2,38.21,38.48,37.95,9113655.0,348245870.0,13:52:51
sz002152,广电运通,12.09,0.15,1.256,12.08,12.09,11.94,11.99,12.1,11.95,11784691.0,141745363.0,13:52:51
sz002153,石基信息,9.68,0.11,1.149,9.67,9.68,9.57,9.58,9.74,9.58,10997740.0,106430825.0,13:52:51
sz002154,报 喜 鸟,3.73,0.13,3.611,3.72,3.73,3.6,3.62,3.8,3.6,46278136.0,172751005.0,13:52:51
sz002155,湖南黄金,29.58,0.4,1.371,29.58,29.59,29.18,29.18,29.98,28.9,41561843.0,1220042840.0,13:52:51
sz002156,通富微电,47.9,0.91,1.937,47.9,47.91,46.99,47.49,48.36,46.45,60362569.0,2868139215.0,13:52:51
sz002157,正邦科技,3.4,-0.1,-2.857,3.4,3.41,3.5,3.48,3.49,3.36,323296226.0,1097678065.0,13:52:51
sz002158,汉钟精机,24.72,0.22,0.898,24.71,24.72,24.5,24.7,24.93,24.45,3039300.0,74980478.0,13:52:51
sz002159,三特索道,17.77,0.24,1.369,17.77,17.81,17.53,17.59,17.93,17.5,3166500.0,56190860.0,13:52:51
sz002160,常铝股份,5.12,0.08,1.587,5.12,5.13,5.04,5.06,5.19,5.06,18360125.0,93874627.0,13:52:51
sz002161,远 望 谷,7.33,0.09,1.243,7.32,7.33,7.24,7.26,7.34,7.15,11332572.0,82444148.0,13:52:51
sz002162,悦心健康,4.68,0.05,1.08,4.68,4.69,4.63,4.63,4.69,4.61,7705400.0,35857200.0,13:52:45
sz002163,海南发展,12.94,0.18,1.411,12.94,12.95,12.76,12.76,13.0,12.67,15883458.0,203996467.0,13:52:51
sz002164,宁波东力,12.85,0.0,0.0,12.85,12.86,12.85,12.86,12.99,12.8,5461000.0,70192472.0,13:52:48
sz002165,红 宝 丽,9.69,0.06,0.623,9.69,9.7,9.63,9.63,9.72,9.52,22192013.0,214020970.0,13:52:51
sz002166,莱茵生物,8.99,-0.04,-0.443,8.98,8.99,9.03,9.02,9.03,8.91,6354330.0,56972992.0,13:52:48
sz002167,东方锆业,12.93,0.28,2.213,12.93,12.94,12.65,12.66,13.0,12.62,17282114.0,221735808.0,13:52:51
sz002168,*ST惠程,4.29,0.09,2.143,4.28,4.29,4.2,4.2,4.33,4.19,9216102.0,39282599.0,13:52:45
sz002169,智光电气,14.67,-0.23,-1.544,14.66,14.67,14.9,15.06,15.24,14.48,26536621.0,391814665.0,13:52:51
sz002170,芭田股份,13.87,0.42,3.123,13.87,13.88,13.45,13.6,13.96,13.55,34377596.0,474503365.0,13:52:51
sz002171,楚江新材,11.46,0.02,0.175,11.45,11.46,11.44,11.47,11.53,11.41,16278619.0,186489192.0,13:52:51
sz002172,澳洋健康,3.86,0.04,1.047,3.85,3.86,3.82,3.82,3.86,3.78,9684500.0,36978922.0,13:52:51
sz002173,创新医疗,25.58,0.06,0.235,25.57,25.58,25.52,25.42,25.63,25.16,13257598.0,337059850.0,13:52:51
sz002174,游族网络,9.7,0.14,1.464,9.7,9.71,9.56,9.62,9.75,9.59,11228686.0,108580096.0,13:52:51
sz002175,东方智造,2.67,0.09,3.488,2.66,2.67,2.58,2.58,2.67,2.47,69840231.0,180174649.0,13:52:51
sz002176,江特电机,11.26,0.36,3.303,11.25,11.26,10.9,11.02,11.37,10.89,103830919.0,1161721840.0,13:52:51
sz002177,御银股份,7.81,0.03,0.386,7.8,7.81,7.78,7.79,7.86,7.73,36679893.0,286282653.0,13:52:51
sz002178,延华智能,6.12,0.09,1.493,6.12,6.13,6.03,6.05,6.13,6.01,7308160.0,44381246.0,13:52:51
sz002179,中航光电,35.6,-0.27,-0.753,35.59,35.6,35.87,35.9,36.15,35.5,16576734.0,592117350.0,13:52:51
sz002180,纳思达,17.67,0.27,1.552,17.66,17.67,17.4,17.41,17.95,17.38,19168552.0,339799210.0,13:52:51
sz002181,粤 传 媒,13.51,0.47,3.604,13.5,13.51,13.04,13.13,13.65,12.9,85213055.0,1135487208.0,13:52:51
sz002182,宝武镁业,16.64,0.37,2.274,16.63,16.64,16.27,16.33,16.77,16.33,17770305.0,294695072.0,13:52:51
sz002183,怡 亚 通,5.87,-0.15,-2.492,5.86,5.87,6.02,5.97,6.0,5.83,105182223.0,618719449.0,13:52:51
sz002184,海得控制,11.64,0.16,1.394,11.64,11.65,11.48,11.48,11.65,11.48,3356229.0,38859979.0,13:52:48
sz002185,华天科技,12.47,0.01,0.08,12.46,12.47,12.46,12.45,12.55,12.36,51449296.0,641234885.0,13:52:51
sz002186,全 聚 德,10.69,0.14,1.327,10.68,10.69,10.55,10.55,10.75,10.45,5656999.0,59810894.0,13:52:48
sz002187,广百股份,6.31,0.05,0.799,6.3,6.31,6.26,6.25,6.31,6.21,4657800.0,29129070.0,13:52:51
sz002188,中天服务,6.53,0.15,2.351,6.52,6.53,6.38,6.4,6.55,6.32,9509800.0,61122193.0,13:52:48
sz002189,中光学,19.92,0.12,0.606,19.91,19.92,19.8,19.79,19.93,19.63,1529700.0,30277288.0,13:52:51
sz002190,成飞集成,31.61,-0.02,-0.063,31.6,31.61,31.63,31.53,31.75,31.44,2475008.0,78148365.0,13:52:48
sz002191,劲嘉股份,3.7,0.01,0.271,3.69,3.7,3.69,3.7,3.71,3.66,7753691.0,28499511.0,13:52:51
sz002192,融捷股份,79.46,4.18,5.553,79.46,79.48,75.28,76.29,81.8,75.0,31555501.0,2489991010.0,13:52:51
sz002193,如意集团,6.6,0.16,2.484,6.59,6.6,6.44,6.55,6.64,6.33,7619100.0,49745259.0,13:52:51
sz002194,武汉凡谷,10.6,0.15,1.435,10.6,10.61,10.45,10.46,10.64,10.39,7169939.0,75554098.0,13:52:51
sz002195,岩山科技,9.2,0.17,1.883,9.19,9.2,9.03,9.03,9.2,9.02,140253179.0,1279616357.0,13:52:51
sz002196,方正电机,14.4,0.22,1.551,14.39,14.4,14.18,14.5,14.79,14.27,24979700.0,361456464.0,13:52:51
sz002197,证通电子,8.22,0.3,3.788,8.21,8.22,7.92,7.87,8.28,7.85,27487724.0,223473519.0,13:52:48
sz002198,嘉应制药,7.68,0.02,0.261,7.67,7.68,7.66,7.65,7.72,7.56,7771300.0,59307702.0,13:52:51
sz002199,*ST东晶,9.3,-0.03,-0.322,9.29,9.3,9.33,9.43,9.75,9.2,4983600.0,47377682.0,13:52:30
sz002200,*ST交投,7.7,0.12,1.583,7.69,7.7,7.58,7.63,7.75,7.59,2299480.0,17707746.0,13:51:36
sz002201,九鼎新材,12.22,0.43,3.647,12.21,12.22,11.79,11.79,12.52,11.65,47216988.0,575401100.0,13:52:51
sz002202,金风科技,24.86,-0.16,-0.639,24.85,24.86,25.02,25.1,25.2,24.8,112387999.0,2800394530.0,13:52:51
sz002203,海亮股份,15.87,0.44,2.852,15.87,15.88,15.43,15.49,15.96,15.33,28863264.0,452236409.0,13:52:51
sz002204,大连重工,6.71,-0.03,-0.445,6.7,6.71,6.74,6.74,6.75,6.68,18433548.0,123748510.0,13:52:51
sz002205,国统股份,12.97,0.22,1.725,12.96,12.97,12.75,12.82,12.97,12.51,1582540.0,20228097.0,13:52:48
sz002206,海 利 得,6.41,0.12,1.908,6.4,6.41,6.29,6.32,6.42,6.28,10574586.0,67212018.0,13:52:45
sz002207,准油股份,7.47,-0.18,-2.353,7.46,7.47,7.65,7.6,7.6,7.23,18774302.0,138233729.0,13:52:51
sz002208,合肥城建,12.34,0.07,0.57,12.34,12.35,12.27,12.2,12.48,12.1,17595183.0,216150017.0,13:52:51
sz002209,达 意 隆,16.5,1.5,10.0,16.5,0.0,15.0,15.11,16.5,14.92,10377363.0,164165116.0,13:52:33
sz002210,飞马国际,2.57,0.04,1.581,2.57,2.58,2.53,2.53,2.58,2.51,33077217.0,84116564.0,13:52:51
sz002211,ST宏达,3.62,0.01,0.277,3.62,3.63,3.61,3.62,3.64,3.56,4541100.0,16327243.0,13:52:36
sz002212,天融信,7.53,0.07,0.938,7.52,7.53,7.46,7.52,7.56,7.46,14141016.0,106325509.0,13:52:51
sz002213,大为股份,38.34,3.49,10.014,38.34,0.0,34.85,34.89,38.34,33.87,42830599.0,1571486986.0,13:52:48
sz002214,*ST大立,18.92,0.13,0.692,18.92,18.95,18.79,18.6,18.97,18.4,2682811.0,50165629.0,13:52:51
sz002215,诺 普 信,10.4,0.1,0.971,10.39,10.4,10.3,10.45,10.47,10.31,4829000.0,50112875.0,13:52:48
sz002216,三全食品,12.98,0.23,1.804,12.98,12.99,12.75,12.74,13.08,12.67,6260950.0,80800201.0,13:52:45
sz002217,合力泰,2.42,0.01,0.415,2.42,2.43,2.41,2.41,2.46,2.36,164212783.0,394407688.0,13:52:51
sz002218,拓日新能,5.57,-0.02,-0.358,5.56,5.57,5.59,5.58,5.61,5.47,44240313.0,245547171.0,13:52:51
sz002219,新里程,2.37,0.04,1.717,2.36,2.37,2.33,2.44,2.5,2.3,205488890.0,482980342.0,13:52:51
sz002221,东华能源,8.05,0.04,0.499,8.05,8.06,8.01,8.0,8.1,7.93,11359756.0,90868164.0,13:52:51
sz002222,福晶科技,85.26,1.7,2.034,85.26,85.28,83.56,83.5,87.88,82.36,23263093.0,1996196092.0,13:52:51
sz002223,鱼跃医疗,32.79,-0.27,-0.817,32.79,32.8,33.06,33.13,33.15,32.75,4415501.0,145187069.0,13:52:51
sz002224,三 力 士,4.37,0.04,0.924,4.36,4.37,4.33,4.34,4.37,4.32,7589900.0,32958488.0,13:52:48
sz002225,濮耐股份,5.65,0.04,0.713,5.65,5.66,5.61,5.62,5.66,5.61,10108602.0,56968149.0,13:52:51
sz002226,江南化工,5.61,-0.01,-0.178,5.6,5.61,5.62,5.62,5.64,5.58,9118660.0,51129514.0,13:52:51
sz002227,奥 特 迅,7.94,-0.08,-0.998,7.94,7.95,8.02,8.0,8.0,7.72,15763381.0,123747994.0,13:52:51
sz002228,合兴包装,3.94,0.05,1.285,3.93,3.94,3.89,3.9,3.94,3.86,12293600.0,47913809.0,13:52:48
sz002229,鸿博股份,19.89,0.77,4.027,19.89,19.9,19.12,19.12,20.18,19.12,94037332.0,1855075020.0,13:52:48
sz002230,科大讯飞,48.0,0.46,0.968,47.99,48.0,47.54,47.83,48.46,47.8,26775593.0,1287385537.0,13:52:48
sz002232,启明信息,18.09,0.35,1.973,18.09,18.1,17.74,17.8,18.1,17.77,3955000.0,71047678.0,13:52:48
sz002233,塔牌集团,9.28,0.08,0.87,9.28,9.29,9.2,9.19,9.3,9.18,4267526.0,39459594.0,13:52:45
sz002234,民和股份,8.77,0.11,1.27,8.76,8.77,8.66,8.66,8.77,8.58,3428337.0,29714312.0,13:52:48
sz002235,安妮股份,9.7,0.41,4.413,9.69,9.7,9.29,9.29,10.05,9.27,57158630.0,554647221.0,13:52:48
sz002236,大华股份,19.05,0.19,1.007,19.05,19.06,18.86,18.72,19.38,18.7,64342816.0,1232874139.0,13:52:48
sz002237,恒邦股份,16.51,1.5,9.993,16.51,0.0,15.01,15.25,16.51,15.1,56210824.0,897670211.0,13:52:48
sz002238,天威视讯,7.43,0.12,1.642,7.42,7.43,7.31,7.34,7.43,7.3,3529764.0,25982289.0,13:52:48
sz002239,奥特佳,3.06,0.07,2.341,3.06,3.07,2.99,3.02,3.1,3.02,76600125.0,234941584.0,13:52:48
sz002240,盛新锂能,49.57,3.3,7.132,49.57,49.59,46.27,47.74,50.9,47.13,77731702.0,3859699717.0,13:52:48
sz002241,歌尔股份,24.13,0.03,0.124,24.12,24.13,24.1,24.16,24.37,24.0,45631905.0,1102464492.0,13:52:48
sz002242,九阳股份,9.98,0.2,2.045,9.98,9.99,9.78,9.79,10.45,9.78,10539994.0,106205625.0,13:52:48
sz002243,力合科创,8.83,0.14,1.611,8.83,8.84,8.69,8.68,8.85,8.68,5383730.0,47342731.0,13:52:48
sz002244,滨江集团,10.12,-0.04,-0.394,10.12,10.14,10.16,10.14,10.28,10.1,11760081.0,119496733.0,13:52:48
sz002245,蔚蓝锂芯,19.73,0.69,3.624,19.72,19.73,19.04,19.32,20.08,19.21,76947168.0,1521778231.0,13:52:48
sz002246,北化股份,25.99,0.46,1.802,25.99,26.0,25.53,25.53,26.09,25.4,13196573.0,340215570.0,13:52:48
sz002247,聚力文化,2.83,0.06,2.166,2.82,2.83,2.77,2.79,2.83,2.75,14226000.0,39709578.0,13:52:48
sz002248,华东数控,12.9,-0.09,-0.693,12.9,12.91,12.99,12.98,13.01,12.81,11230500.0,145016172.0,13:52:48
sz002249,大洋电机,9.39,0.03,0.321,9.38,9.39,9.36,9.4,9.44,9.35,15661820.0,147021138.0,13:52:48
sz002250,联化科技,16.55,-0.01,-0.06,16.54,16.55,16.56,16.55,16.76,16.32,10771400.0,177889141.0,13:52:45
sz002251,步步高,4.24,0.03,0.713,4.23,4.24,4.21,4.2,4.24,4.18,25216500.0,106271250.0,13:52:48
sz002252,上海莱士,5.75,0.06,1.054,5.74,5.75,5.69,5.69,5.79,5.66,26088228.0,149405160.0,13:52:48
sz002253,*ST智胜,11.81,0.11,0.94,11.81,11.82,11.7,11.72,11.94,11.48,5612150.0,65635207.0,13:52:48
sz002254,泰和新材,10.09,0.03,0.298,10.09,10.1,10.06,10.03,10.19,9.98,14712672.0,148447743.0,13:52:48
sz002255,海陆重工,10.86,-0.01,-0.092,10.86,10.87,10.87,10.86,10.93,10.8,11188261.0,121573818.0,13:52:45
sz002256,兆新股份,4.12,-0.02,-0.483,4.12,4.13,4.14,4.14,4.18,4.06,66417500.0,274012502.0,13:52:48
sz002258,利尔化学,14.7,0.15,1.031,14.7,14.71,14.55,14.56,14.8,14.5,8554314.0,125558664.0,13:52:48
sz002259,升达林业,5.06,-0.09,-1.748,5.05,5.06,5.15,5.14,5.2,5.02,20276700.0,102825924.0,13:52:48
sz002261,拓维信息,37.16,0.76,2.088,37.15,37.16,36.4,36.6,37.44,36.4,86685101.0,3197536028.0,13:52:48
sz002262,恩华药业,22.79,-0.1,-0.437,22.79,22.8,22.89,22.88,22.95,22.65,3794688.0,86470674.0,13:52:48
sz002263,大东南,5.17,0.47,10.0,5.17,0.0,4.7,4.7,5.17,4.7,269378093.0,1381228707.0,13:52:48
sz002264,新 华 都,8.37,0.12,1.455,8.36,8.37,8.25,8.25,8.38,8.2,10719300.0,89084411.0,13:52:48
sz002265,建设工业,22.3,0.06,0.27,22.29,22.3,22.24,22.19,22.35,22.07,5608875.0,124605606.0,13:52:48
sz002266,浙富控股,4.42,0.02,0.455,4.41,4.42,4.4,4.39,4.44,4.37,33816071.0,148954564.0,13:52:48
sz002267,陕天然气,7.62,-0.02,-0.262,7.61,7.62,7.64,7.63,7.63,7.59,3621800.0,27551410.0,13:52:42
sz002268,电科网安,17.33,0.03,0.173,17.32,17.33,17.3,17.33,17.44,17.29,5140332.0,89211791.0,13:52:48
sz002269,美邦服饰,1.66,0.02,1.22,1.65,1.66,1.64,1.65,1.66,1.64,19569350.0,32302803.0,13:52:45
sz002270,华明装备,27.48,-0.24,-0.866,27.48,27.5,27.72,27.86,27.95,27.03,9972700.0,275149439.0,13:52:48
sz002271,东方雨虹,16.54,0.27,1.659,16.53,16.54,16.27,16.3,16.68,16.2,22833903.0,377066108.0,13:52:48
sz002272,川润股份,19.51,0.38,1.986,19.5,19.51,19.13,19.21,19.89,19.06,56266208.0,1098344331.0,13:52:48
sz002273,水晶光电,28.84,-0.19,-0.654,28.84,28.85,29.03,29.27,29.43,28.26,57674789.0,1663064555.0,13:52:48
sz002274,华昌化工,6.14,0.13,2.163,6.14,6.15,6.01,6.02,6.17,5.99,15282049.0,93332471.0,13:52:48
sz002275,桂林三金,14.35,-0.11,-0.761,14.35,14.36,14.46,14.46,14.54,14.3,1573800.0,22611914.0,13:52:42
sz002276,万马股份,14.3,0.02,0.14,14.3,14.31,14.28,14.38,14.39,14.22,10727152.0,153333304.0,13:52:48
sz002277,友阿股份,5.75,0.06,1.054,5.74,5.75,5.69,5.68,5.75,5.65,10863817.0,62098990.0,13:52:48
sz002278,神开股份,11.37,0.07,0.619,11.36,11.37,11.3,11.29,11.37,11.18,7277600.0,81852103.0,13:52:48
sz002279,久其软件,8.22,0.14,1.733,8.22,8.23,8.08,8.11,8.24,8.11,16070500.0,131577780.0,13:52:48
sz002281,光迅科技,106.18,-0.52,-0.487,106.17,106.18,106.7,107.2,108.35,105.91,33301088.0,3566736265.0,13:52:48
sz002282,博深股份,6.99,0.11,1.599,6.99,7.0,6.88,6.94,7.0,6.88,4785800.0,33250682.0,13:52:48
sz002283,天润工业,10.92,0.52,5.0,10.92,10.93,10.4,10.39,10.97,10.27,31858628.0,339619181.0,13:52:48
sz002284,亚太股份,14.31,0.13,0.917,14.3,14.31,14.18,14.26,14.65,14.12,10255146.0,146762108.0,13:52:48
sz002285,世联行,3.09,0.02,0.651,3.08,3.09,3.07,3.06,3.09,3.03,28196400.0,86156209.0,13:52:48
sz002286,保龄宝,9.98,-0.06,-0.598,9.97,9.98,10.04,10.03,10.04,9.92,4225800.0,42085667.0,13:52:48
sz002287,奇正藏药,23.36,-0.09,-0.384,23.36,23.37,23.45,23.52,23.55,23.24,1182946.0,27633192.0,13:52:48
sz002289,*ST宇顺,26.5,0.49,1.884,26.5,26.55,26.01,26.0,26.57,25.78,1117402.0,29137917.0,13:52:42
sz002290,禾盛新材,69.96,-2.17,-3.008,69.96,69.99,72.13,71.01,72.64,69.83,7127020.0,504133300.0,13:52:48
sz002291,遥望科技,6.45,0.07,1.097,6.45,6.46,6.38,6.4,6.47,6.39,15809692.0,101676596.0,13:52:48
sz002292,奥飞娱乐,7.91,0.11,1.41,7.91,7.92,7.8,7.88,7.93,7.85,13130700.0,103671098.0,13:52:48
sz002293,罗莱生活,10.38,0.1,0.973,10.37,10.38,10.28,10.27,10.38,10.23,3560051.0,36746299.0,13:52:48
sz002294,信立泰,60.54,-6.73,-10.004,0.0,60.54,67.27,66.4,66.5,60.54,20872766.0,1290820536.0,13:52:48
sz002295,精艺股份,10.98,0.24,2.235,10.97,10.98,10.74,10.79,10.98,10.66,2433000.0,26345486.0,13:52:42
sz002296,辉煌科技,11.5,0.15,1.322,11.5,11.51,11.35,11.38,11.53,11.33,7296902.0,83423702.0,13:52:48
sz002297,博云新材,16.08,1.46,9.986,16.08,0.0,14.62,16.08,16.08,15.93,128371312.0,2063660889.0,13:52:48
sz002298,中电鑫龙,10.4,0.05,0.483,10.4,10.41,10.35,10.34,10.43,10.17,23244572.0,240253478.0,13:52:48
sz002299,圣农发展,18.75,0.01,0.053,18.75,18.76,18.74,18.71,18.82,18.4,8225390.0,152824475.0,13:52:48
sz002300,太阳电缆,9.68,-0.25,-2.518,9.67,9.68,9.93,9.84,9.84,9.52,32193157.0,310360983.0,13:52:48
sz002301,齐心集团,6.89,0.12,1.773,6.88,6.89,6.77,6.8,6.89,6.76,5378600.0,36697447.0,13:52:45
sz002302,西部建设,5.62,0.01,0.178,5.62,5.63,5.61,5.6,5.64,5.58,4326900.0,24290398.0,13:52:48
sz002303,美盈森,3.36,0.02,0.599,3.36,3.37,3.34,3.35,3.37,3.32,10769964.0,36076333.0,13:52:48
sz002304,洋河股份,50.43,-0.09,-0.178,50.42,50.43,50.52,50.52,50.68,50.26,2844202.0,143450333.0,13:52:48
sz002305,*ST南置,2.38,0.1,4.386,2.37,2.38,2.28,2.28,2.39,2.28,45135883.0,106466434.0,13:52:45
sz002306,*ST云网,2.41,0.02,0.837,2.4,2.41,2.39,2.39,2.42,2.38,13873000.0,33249140.0,13:52:48
sz002307,北新路桥,4.57,-0.03,-0.652,4.56,4.57,4.6,4.63,4.63,4.53,16258200.0,74205853.0,13:52:48
sz002309,中利集团,4.08,0.05,1.241,4.08,4.09,4.03,4.08,4.15,3.96,263733405.0,1079645929.0,13:52:48
sz002310,东方新能,2.97,-0.04,-1.329,2.97,2.98,3.01,3.03,3.04,2.93,121709500.0,363846549.0,13:52:48
sz002311,海大集团,49.06,-0.5,-1.009,49.06,49.08,49.56,49.38,49.78,48.96,4127650.0,203351174.0,13:52:48
sz002312,川发龙蟒,11.46,0.11,0.969,11.46,11.47,11.35,11.35,11.55,11.29,19458184.0,222956067.0,13:52:48
sz002313,日海智能,8.48,0.16,1.923,8.47,8.48,8.32,8.38,8.49,8.26,4611300.0,38596474.0,13:52:48
sz002314,南山控股,2.62,-0.07,-2.602,2.61,2.62,2.69,2.66,2.71,2.59,78832981.0,208110585.0,13:52:48
sz002315,焦点科技,42.03,1.07,2.612,42.02,42.03,40.96,41.47,42.38,41.3,7548189.0,316500425.0,13:52:48
sz002316,亚联发展,5.25,0.14,2.74,5.24,5.25,5.11,5.16,5.25,5.05,11291600.0,58104762.0,13:52:48
sz002317,众生药业,18.69,-0.4,-2.095,18.69,18.7,19.09,18.91,18.92,18.62,23765633.0,445773950.0,13:52:48
sz002318,久立特材,29.57,-0.4,-1.335,29.56,29.57,29.97,29.97,30.13,29.42,5373830.0,159623536.0,13:52:48
sz002319,乐通股份,11.3,0.15,1.345,11.29,11.3,11.15,11.15,11.38,11.09,3289200.0,36970442.0,13:52:45
sz002320,海峡股份,8.59,0.04,0.468,8.58,8.59,8.55,8.57,8.59,8.51,8195576.0,70107858.0,13:52:48
sz002321,华英农业,2.25,-0.12,-5.063,2.24,2.25,2.37,2.3,2.31,2.22,72137010.0,161882200.0,13:52:48
sz002322,理工能科,14.41,0.35,2.489,14.4,14.41,14.06,14.05,14.56,13.97,5583900.0,79715926.0,13:52:48
sz002323,雅博股份,2.06,-0.02,-0.962,2.06,2.07,2.08,2.07,2.08,2.03,84999220.0,174886150.0,13:52:48
sz002324,普利特,15.43,0.18,1.18,15.43,15.44,15.25,15.39,15.5,15.22,10993779.0,169016199.0,13:52:48
sz002326,永太科技,24.66,0.01,0.041,24.66,24.67,24.65,24.84,25.0,24.51,28599340.0,708631776.0,13:52:48
sz002327,富安娜,7.08,0.03,0.426,7.07,7.08,7.05,7.04,7.09,7.0,3490766.0,24606622.0,13:52:45
sz002328,新朋股份,13.21,0.71,5.68,13.21,13.22,12.5,12.5,13.58,12.5,158347951.0,2080858142.0,13:52:48
sz002329,皇氏集团,4.21,0.04,0.959,4.2,4.21,4.17,4.18,4.26,4.1,27539102.0,115398585.0,13:52:48
sz002330,得利斯,4.87,0.06,1.247,4.86,4.87,4.81,4.81,4.89,4.8,8888500.0,43156714.0,13:52:48
sz002331,皖通科技,8.34,0.12,1.46,8.33,8.34,8.22,8.22,8.34,8.19,3431700.0,28390493.0,13:52:48
sz002332,仙琚制药,9.03,-0.07,-0.769,9.03,9.04,9.1,9.09,9.1,9.01,6784200.0,61279920.0,13:52:48
sz002333,罗普斯金,6.21,0.4,6.885,6.21,6.22,5.81,5.8,6.28,5.71,37879900.0,227885596.0,13:52:48
sz002334,英威腾,9.0,0.43,5.018,8.99,9.0,8.57,8.58,9.16,8.52,55923576.0,497057772.0,13:52:48
sz002335,科华数据,61.93,1.48,2.448,61.9,61.93,60.45,60.43,62.93,60.33,20817410.0,1282491781.0,13:52:48
sz002337,赛象科技,6.24,0.13,2.128,6.23,6.24,6.11,6.13,6.24,6.09,5590600.0,34526652.0,13:52:48
sz002338,奥普光电,52.76,0.26,0.495,52.76,52.77,52.5,52.5,52.91,52.06,2474200.0,129642514.0,13:52:48
sz002339,积成电子,10.5,-0.03,-0.285,10.49,10.5,10.53,10.49,10.53,10.23,14816685.0,154470554.0,13:52:48
sz002340,格林美,8.28,0.1,1.222,8.28,8.29,8.18,8.21,8.35,8.2,103126890.0,854095744.0,13:52:48
sz002342,巨力索具,18.99,0.7,3.827,18.99,19.0,18.29,18.01,19.68,17.5,244487696.0,4470908609.0,13:52:48
sz002343,慈文传媒,6.42,0.15,2.392,6.42,6.43,6.27,6.3,6.43,6.28,9450020.0,59931538.0,13:52:48
sz002344,海宁皮城,4.43,-0.03,-0.673,4.42,4.43,4.46,4.45,4.45,4.36,9755118.0,42956000.0,13:52:48
sz002345,潮宏基,10.82,0.17,1.596,10.82,10.83,10.65,10.65,10.9,10.61,12542160.0,135253419.0,13:52:48
sz002346,柘中股份,19.03,0.08,0.422,19.03,19.04,18.95,18.94,19.03,18.8,1422700.0,26925989.0,13:52:45
sz002347,泰尔股份,8.2,-0.04,-0.485,8.2,8.21,8.24,8.33,8.4,8.18,18855700.0,155978011.0,13:52:48
sz002348,高乐股份,9.46,0.08,0.853,9.46,9.47,9.38,9.37,9.52,9.3,12958500.0,122142192.0,13:52:42
sz002349,精华制药,7.7,-0.12,-1.535,7.69,7.7,7.82,7.77,7.85,7.65,20685917.0,159385215.0,13:52:48
sz002350,北京科锐,13.97,0.22,1.6,13.96,13.97,13.75,13.79,13.98,13.46,15519229.0,213197281.0,13:52:48
sz002351,漫步者,11.38,0.02,0.176,11.38,11.39,11.36,11.35,11.43,11.33,2991182.0,34038780.0,13:52:45
sz002352,顺丰控股,37.61,-0.05,-0.133,37.61,37.62,37.66,37.8,37.94,37.4,11837241.0,445281611.0,13:52:48
sz002353,杰瑞股份,115.0,5.52,5.042,115.0,115.02,109.48,109.5,117.34,109.11,19453917.0,2215557868.0,13:52:48
sz002354,天娱数科,5.77,0.15,2.669,5.76,5.77,5.62,5.63,5.77,5.63,45394078.0,259187519.0,13:52:48
sz002355,兴民智通,6.29,0.19,3.115,6.29,6.3,6.1,6.16,6.58,6.16,31371956.0,198185465.0,13:52:45
sz002356,赫美集团,3.46,0.04,1.17,3.45,3.46,3.42,3.43,3.46,3.39,18756700.0,64224808.0,13:52:48
sz002357,富临运业,11.15,0.05,0.45,11.14,11.15,11.1,11.1,11.18,10.82,14585900.0,160406275.0,13:52:48
sz002358,森源电气,7.43,-0.08,-1.065,7.42,7.43,7.51,7.46,7.49,7.25,31014301.0,227841563.0,13:52:48
sz002360,同德化工,6.57,-0.18,-2.667,6.56,6.57,6.75,6.68,6.7,6.15,32771400.0,209897040.0,13:52:48
sz002361,神剑股份,19.88,1.34,7.228,19.87,19.88,18.54,18.5,20.39,17.55,389675009.0,7400713968.0,13:52:48
sz002362,汉王科技,18.87,0.27,1.452,18.86,18.87,18.6,18.73,18.9,18.6,1828082.0,34321281.0,13:52:48
sz002363,隆基机械,8.46,0.09,1.075,8.46,8.47,8.37,8.5,8.54,8.35,8227800.0,69281501.0,13:52:48
sz002364,中恒电气,42.05,-1.35,-3.111,42.05,42.07,43.4,44.0,44.0,41.46,94196396.0,3998525989.0,13:52:48
sz002365,永安药业,14.01,-0.01,-0.071,14.0,14.01,14.02,13.99,14.02,13.67,5116700.0,70704297.0,13:52:42
sz002366,融发核电,7.22,-0.01,-0.138,7.22,7.23,7.23,7.27,7.28,7.16,21715839.0,156894914.0,13:52:48
sz002367,康力电梯,6.43,0.02,0.312,6.43,6.44,6.41,6.42,6.44,6.38,4883261.0,31308990.0,13:52:48
sz002368,太极股份,20.59,0.85,4.306,20.58,20.59,19.74,19.76,20.59,19.76,10376327.0,210680685.0,13:52:48
sz002369,卓翼科技,7.26,0.11,1.538,7.25,7.26,7.15,7.19,7.33,7.12,7609059.0,55077467.0,13:52:48
sz002370,亚太药业,7.64,0.12,1.596,7.64,7.65,7.52,7.53,7.75,7.41,82568659.0,624436503.0,13:52:48
sz002371,北方华创,470.09,-4.91,-1.034,470.06,470.09,475.0,475.0,477.88,467.64,4617237.0,2176155466.0,13:52:48
sz002372,伟星新材,10.66,-0.11,-1.021,10.66,10.67,10.77,10.76,10.84,10.66,6583900.0,70805283.0,13:52:48
sz002373,千方科技,9.82,0.26,2.72,9.82,9.83,9.56,9.65,9.84,9.59,20241053.0,196929680.0,13:52:48
sz002374,中锐股份,3.21,0.05,1.582,3.2,3.21,3.16,3.16,3.21,3.15,13275000.0,42246156.0,13:52:48
sz002375,亚厦股份,3.88,0.01,0.258,3.88,3.89,3.87,3.87,3.89,3.85,6202655.0,24035223.0,13:52:42
sz002376,新北洋,7.24,0.09,1.259,7.24,7.25,7.15,7.15,7.25,7.12,5761306.0,41407015.0,13:52:48
sz002377,国创高新,3.33,0.05,1.524,3.33,3.34,3.28,3.29,3.34,3.23,12356500.0,40542727.0,13:52:45
sz002378,章源钨业,32.25,2.11,7.001,32.24,32.25,30.14,30.38,33.08,29.73,94435487.0,2986336724.0,13:52:48
sz002379,宏桥控股,29.0,0.73,2.582,28.99,29.0,28.27,28.56,29.24,28.4,11749800.0,339175200.0,13:52:48
sz002380,科远智慧,33.69,0.63,1.906,33.69,33.7,33.06,33.59,33.97,33.13,6520623.0,219182860.0,13:52:48
sz002381,双箭股份,6.47,0.11,1.73,6.46,6.47,6.36,6.37,6.48,6.3,3992900.0,25493097.0,13:52:48
sz002382,蓝帆医疗,7.52,0.0,0.0,7.52,7.53,7.52,7.44,7.61,7.3,19638326.0,146808243.0,13:52:48
sz002383,合众思壮,9.62,0.02,0.208,9.62,9.63,9.6,9.6,9.66,9.53,7034500.0,67452621.0,13:52:48
sz002384,东山精密,145.59,-0.21,-0.144,145.5,145.58,145.8,145.12,149.37,144.12,56821944.0,8326628918.0,13:52:48
sz002385,大北农,4.03,-0.02,-0.494,4.03,4.04,4.05,4.05,4.06,4.01,43714050.0,176103104.0,13:52:48
sz002386,天原股份,6.27,0.1,1.621,6.27,6.28,6.17,6.19,6.33,6.12,30124619.0,188232871.0,13:52:48
sz002387,维信诺,8.2,0.07,0.861,8.19,8.2,8.13,8.17,8.25,8.12,7981743.0,65352118.0,13:52:48
sz002388,新亚制程,5.06,0.11,2.222,5.06,5.07,4.95,4.96,5.07,4.92,10876300.0,54378786.0,13:52:48
sz002389,航天彩虹,22.31,0.05,0.225,22.3,22.32,22.26,22.18,22.41,21.97,16651757.0,369181538.0,13:52:48
sz002390,信邦制药,3.29,-0.04,-1.201,3.29,3.3,3.33,3.32,3.35,3.28,25436823.0,84135197.0,13:52:48
sz002391,长青股份,6.21,0.01,0.161,6.2,6.21,6.2,6.24,6.25,6.14,3275906.0,20283447.0,13:52:48
sz002392,北京利尔,7.18,0.03,0.42,7.17,7.18,7.15,7.15,7.22,7.1,8495900.0,60817883.0,13:52:48
sz002393,力生制药,23.57,-0.18,-0.758,23.56,23.57,23.75,23.62,23.78,23.4,3480148.0,81825321.0,13:52:48
sz002394,联发股份,13.26,-0.09,-0.674,13.26,13.27,13.35,13.34,13.47,13.2,4718200.0,62775549.0,13:52:48
sz002395,双象股份,17.91,0.08,0.449,17.92,17.93,17.83,17.8,18.3,17.54,4373530.0,78430774.0,13:52:42
sz002396,星网锐捷,28.78,0.65,2.311,28.76,28.78,28.13,28.14,29.17,28.01,12532203.0,358431745.0,13:52:48
sz002397,梦洁股份,4.17,0.09,2.206,4.17,4.18,4.08,4.09,4.19,4.07,10901700.0,45007953.0,13:52:48
sz002398,垒知集团,5.17,0.09,1.772,5.17,5.18,5.08,5.08,5.18,5.07,7367702.0,37725470.0,13:52:57
sz002399,海普瑞,11.38,-0.06,-0.524,11.37,11.38,11.44,11.45,11.46,11.29,2514029.0,28572355.0,13:52:57
sz002400,省广集团,8.86,0.26,3.023,8.85,8.86,8.6,8.65,8.96,8.65,104280553.0,918005800.0,13:52:57
sz002401,中远海科,15.06,0.2,1.346,15.05,15.07,14.86,14.87,15.08,14.82,2446675.0,36609696.0,13:52:54
sz002402,和而泰,31.81,0.49,1.564,31.81,31.82,31.32,31.32,32.08,31.3,20159199.0,639467016.0,13:52:57
sz002403,爱仕达,10.61,0.2,1.921,10.61,10.62,10.41,10.51,10.64,10.38,2183150.0,23015411.0,13:52:57
sz002404,嘉欣丝绸,6.94,0.09,1.314,6.93,6.94,6.85,6.88,6.94,6.82,3342452.0,22996796.0,13:52:57
sz002405,四维图新,9.12,0.14,1.559,9.11,9.12,8.98,9.03,9.22,9.01,49540673.0,452475394.0,13:52:57
sz002406,远东传动,7.7,0.1,1.316,7.7,7.71,7.6,7.63,7.74,7.58,13586400.0,103971996.0,13:52:57
sz002407,多氟多,29.87,-0.17,-0.566,29.86,29.87,30.04,30.28,30.75,29.53,80148888.0,2414220023.0,13:52:57
sz002408,齐翔腾达,6.79,-0.01,-0.147,6.78,6.79,6.8,6.78,6.89,6.75,26867295.0,183180350.0,13:52:57
sz002409,雅克科技,86.09,0.0,0.0,86.08,86.09,86.09,85.99,87.04,84.8,7029799.0,604570031.0,13:52:57
sz002410,广联达,11.55,0.16,1.405,11.55,11.56,11.39,11.45,11.61,11.44,20403882.0,235254845.0,13:52:57
sz002412,汉森制药,6.81,0.09,1.339,6.81,6.82,6.72,6.72,6.82,6.66,8986934.0,60596055.0,13:52:57
sz002413,雷科防务,13.51,0.03,0.223,13.51,13.52,13.48,13.43,13.69,13.18,74585344.0,999610712.0,13:52:57
sz002414,高德红外,12.93,-0.15,-1.147,12.93,12.94,13.08,13.1,13.12,12.77,54664554.0,703212252.0,13:52:57
sz002415,海康威视,33.38,0.18,0.542,33.38,33.39,33.2,33.29,33.59,33.05,31401580.0,1047538153.0,13:52:57
sz002416,爱施德,13.49,0.07,0.522,13.48,13.49,13.42,13.4,13.55,13.36,15011740.0,202030504.0,13:52:57
sz002418,康盛股份,5.55,0.05,0.909,5.54,5.55,5.5,5.5,5.76,5.47,213518604.0,1196723885.0,13:52:57
sz002419,天虹股份,5.74,-0.01,-0.174,5.73,5.74,5.75,5.75,5.77,5.69,13139100.0,75236862.0,13:52:57
sz002420,毅昌科技,7.78,0.14,1.832,7.77,7.78,7.64,7.63,7.78,7.61,5924900.0,45670760.0,13:52:54
sz002421,达实智能,2.9,0.26,9.848,2.9,0.0,2.64,2.65,2.9,2.64,121946815.0,346588233.0,13:52:57
sz002422,科伦药业,36.04,0.34,0.952,36.04,36.06,35.7,35.35,36.15,34.86,16178840.0,575898561.0,13:52:57
sz002423,中粮资本,10.34,0.0,0.0,10.34,10.35,10.34,10.34,10.38,10.32,6355078.0,65770798.0,13:52:57
sz002424,ST百灵,4.99,-0.04,-0.795,4.99,5.0,5.03,5.03,5.03,4.98,4825500.0,24110723.0,13:52:48
sz002425,凯撒文化,3.3,0.07,2.167,3.3,3.31,3.23,3.24,3.31,3.23,12901140.0,42166073.0,13:52:57
sz002426,胜利精密,3.74,0.04,1.081,3.73,3.74,3.7,3.7,3.76,3.64,87740465.0,326203704.0,13:52:57
sz002427,尤夫股份,6.44,0.0,0.0,6.44,6.45,6.44,6.4,6.47,6.37,12704498.0,81582817.0,13:52:57
sz002428,云南锗业,56.1,-1.05,-1.837,56.09,56.1,57.15,56.27,57.4,55.51,49803813.0,2807376274.0,13:52:57
sz002429,兆驰股份,10.14,-0.07,-0.686,10.13,10.14,10.21,10.23,10.27,10.1,58638476.0,596817417.0,13:52:57
sz002430,杭氧股份,28.32,0.21,0.747,28.31,28.32,28.11,28.1,28.37,27.7,11107000.0,310809844.0,13:52:57
sz002431,棕榈股份,2.59,0.0,0.0,2.59,2.6,2.59,2.59,2.62,2.56,29915797.0,77568191.0,13:52:57
sz002432,九安医疗,74.83,-0.75,-0.992,74.82,74.83,75.58,75.01,75.91,71.75,27600683.0,2046720351.0,13:52:57
sz002434,万里扬,8.27,-0.01,-0.121,8.26,8.27,8.28,8.3,8.35,8.22,9481630.0,78318263.0,13:52:57
sz002436,兴森科技,24.96,0.26,1.053,24.96,24.97,24.7,24.71,25.46,24.6,76116247.0,1904030912.0,13:52:57
sz002437,誉衡药业,3.86,-0.05,-1.279,3.86,3.87,3.91,3.87,3.99,3.83,196737262.0,764288909.0,13:52:57
sz002438,江苏神通,16.76,0.23,1.391,16.75,16.76,16.53,16.59,16.84,16.51,4262944.0,71234786.0,13:52:57
sz002439,启明星辰,14.81,-0.24,-1.595,14.81,14.82,15.05,14.77,14.92,14.65,37081687.0,547346299.0,13:52:57
sz002440,闰土股份,11.83,0.12,1.025,11.82,11.83,11.71,11.7,11.93,11.65,17724755.0,208858387.0,13:52:57
sz002441,众业达,10.1,0.03,0.298,10.1,10.11,10.07,10.16,10.18,9.94,5068437.0,50811244.0,13:52:54
sz002442,龙星科技,5.84,0.06,1.038,5.83,5.84,5.78,5.8,5.84,5.73,6632695.0,38462801.0,13:52:57
sz002443,金洲管道,9.39,0.3,3.3,9.38,9.39,9.09,9.2,9.56,9.06,22122191.0,206838749.0,13:52:57
sz002444,巨星科技,31.66,0.84,2.726,31.66,31.67,30.82,30.94,31.93,30.84,10914500.0,344131738.0,13:52:57
sz002445,中南文化,3.41,0.05,1.488,3.41,3.42,3.36,3.36,3.42,3.31,87534013.0,296430289.0,13:52:57
sz002446,盛路通信,10.41,0.45,4.518,10.4,10.41,9.96,9.96,10.51,9.87,46714619.0,477448214.0,13:52:57
sz002448,中原内配,15.33,0.25,1.658,15.32,15.33,15.08,15.2,15.35,15.02,9835800.0,149206286.0,13:52:57
sz002449,国星光电,8.06,0.0,0.0,8.05,8.06,8.06,8.08,8.12,8.03,7252404.0,58518954.0,13:52:51
sz002451,摩恩电气,9.79,-0.04,-0.407,9.79,9.8,9.83,9.81,9.81,9.58,9540976.0,92597642.0,13:52:57
sz002452,长高电新,10.77,-0.2,-1.823,10.76,10.77,10.97,10.97,10.98,10.65,14923900.0,160967126.0,13:52:57
sz002453,华软科技,4.88,0.06,1.245,4.88,4.89,4.82,4.82,4.9,4.81,6968700.0,33768514.0,13:52:57
sz002454,松芝股份,10.5,-0.07,-0.662,10.49,10.5,10.57,10.59,10.6,10.35,17962921.0,187915055.0,13:52:57
sz002455,百川股份,11.89,0.22,1.885,11.89,11.9,11.67,11.62,11.99,11.41,53484452.0,627663445.0,13:52:57
sz002456,欧菲光,9.38,0.03,0.321,9.37,9.38,9.35,9.34,9.45,9.31,40704870.0,381570554.0,13:52:57
sz002457,青龙管业,11.16,0.15,1.362,11.15,11.16,11.01,11.01,11.17,10.91,10767701.0,119112013.0,13:52:57
sz002458,益生股份,10.42,0.33,3.271,10.41,10.42,10.09,10.05,10.43,10.05,15719267.0,160852279.0,13:52:57
sz002459,晶澳科技,10.94,0.08,0.737,10.93,10.94,10.86,10.92,11.02,10.85,25470560.0,278785484.0,13:52:57
sz002460,赣锋锂业,85.5,3.33,4.053,85.5,85.52,82.17,83.33,86.7,82.36,70690031.0,5991249923.0,13:52:57
sz002461,珠江啤酒,9.69,0.1,1.043,9.69,9.7,9.59,9.58,9.73,9.56,7477000.0,72181121.0,13:52:57
sz002462,嘉事堂,14.43,-0.13,-0.893,14.42,14.43,14.56,14.49,14.55,14.33,2746000.0,39540726.0,13:52:54
sz002463,沪电股份,94.08,1.3,1.401,94.07,94.08,92.78,92.25,95.46,91.91,64265105.0,6016380380.0,13:52:57
sz002465,海格通信,15.46,-0.04,-0.258,15.46,15.47,15.5,15.51,15.63,15.31,41622643.0,643375872.0,13:52:57
sz002466,天齐锂业,65.17,3.37,5.453,65.17,65.18,61.8,62.55,66.66,62.0,78277167.0,5048379435.0,13:52:57
sz002467,二六三,7.89,0.26,3.408,7.88,7.89,7.63,7.81,8.09,7.69,234695460.0,1858693542.0,13:52:57
sz002468,申通快递,18.03,1.64,10.006,18.03,0.0,16.39,18.0,18.03,17.2,127426378.0,2289401211.0,13:52:57
sz002469,三维化学,8.93,0.58,6.946,8.92,8.93,8.35,8.4,8.96,8.36,26095230.0,228203008.0,13:52:57
sz002470,金正大,2.8,0.01,0.358,2.79,2.8,2.79,2.79,2.82,2.74,104613400.0,291545114.0,13:52:57
sz002471,中超控股,9.18,0.09,0.99,9.17,9.18,9.09,8.92,9.27,8.72,193370733.0,1737431121.0,13:52:57
sz002472,双环传动,38.73,0.33,0.859,38.72,38.73,38.4,38.81,38.95,38.5,9336604.0,361647781.0,13:52:57
sz002474,榕基软件,7.61,0.11,1.467,7.6,7.61,7.5,7.5,7.61,7.49,8023800.0,60719894.0,13:52:57
sz002475,立讯精密,60.12,1.34,2.28,60.11,60.12,58.78,58.76,60.65,58.0,155092773.0,9214879240.0,13:52:57
sz002476,宝莫股份,5.98,0.01,0.168,5.97,5.98,5.97,6.02,6.02,5.9,5313288.0,31572547.0,13:52:57
sz002478,常宝股份,11.05,0.1,0.913,11.05,11.06,10.95,10.96,11.18,10.78,30535928.0,334924363.0,13:52:57
sz002479,富春环保,5.68,-0.1,-1.73,5.68,5.69,5.78,5.77,5.77,5.63,20321500.0,115478707.0,13:52:57
sz002480,新筑股份,6.11,0.04,0.659,6.1,6.11,6.07,6.08,6.14,6.03,6334500.0,38597313.0,13:52:57
sz002481,双塔食品,4.5,0.06,1.351,4.5,4.51,4.44,4.45,4.51,4.43,7632100.0,34119228.0,13:52:57
sz002482,广田集团,1.67,-0.01,-0.595,1.67,1.68,1.68,1.69,1.69,1.66,23491582.0,39304183.0,13:52:57
sz002483,润邦股份,6.99,0.09,1.304,6.98,6.99,6.9,6.89,7.01,6.89,4055188.0,28201444.0,13:52:57
sz002484,江海股份,33.87,-0.12,-0.353,33.86,33.87,33.99,35.0,35.8,33.45,48309823.0,1668604265.0,13:52:57
sz002485,ST雪发,4.87,-0.03,-0.612,4.86,4.88,4.9,4.9,4.91,4.82,1882200.0,9140531.0,13:52:36
sz002486,嘉麟杰,2.87,0.06,2.135,2.86,2.87,2.81,2.84,2.87,2.79,14631700.0,41419391.0,13:52:57
sz002487,大金重工,77.41,-0.09,-0.116,77.41,77.59,77.5,77.4,79.77,75.92,15561820.0,1209772187.0,13:52:48
sz002488,金固股份,11.54,0.29,2.578,11.53,11.54,11.25,11.3,11.55,11.22,11461882.0,130816388.0,13:52:48
sz002489,浙江永强,3.46,0.02,0.581,3.46,3.47,3.44,3.44,3.47,3.43,12181927.0,42031864.0,13:52:48
sz002490,山东墨龙,8.74,-0.12,-1.354,8.73,8.74,8.86,8.69,8.74,8.55,27908000.0,241567603.0,13:52:48
sz002491,通鼎互联,15.44,1.24,8.732,15.42,15.44,14.2,13.95,15.6,13.73,203652816.0,3012070477.0,13:52:48
sz002492,恒基达鑫,7.54,0.04,0.533,7.53,7.54,7.5,7.6,7.61,7.39,5271250.0,39453728.0,13:52:48
sz002493,荣盛石化,12.14,-0.05,-0.41,12.13,12.14,12.19,12.12,12.35,12.05,32794649.0,398480920.0,13:52:48
sz002494,华斯股份,5.39,0.27,5.273,5.39,5.4,5.12,5.18,5.4,5.13,16838730.0,88738668.0,13:52:48
sz002495,佳隆股份,2.58,0.07,2.789,2.57,2.58,2.51,2.52,2.58,2.49,17058398.0,43177874.0,13:52:48
sz002496,*ST辉丰,1.97,-0.08,-3.902,1.97,1.98,2.05,2.06,2.08,1.95,38754620.0,77764817.0,13:52:48
sz002497,雅化集团,27.29,1.15,4.399,27.27,27.29,26.14,26.3,27.83,26.16,56723418.0,1539591487.0,13:52:48
sz002498,汉缆股份,8.88,0.38,4.471,8.88,8.89,8.5,8.5,8.96,8.13,342058001.0,2935922579.0,13:52:48
sz002500,山西证券,5.7,0.03,0.529,5.69,5.7,5.67,5.68,5.72,5.68,11418960.0,65072580.0,13:52:48
sz002501,利源股份,1.82,0.02,1.111,1.82,1.83,1.8,1.79,1.83,1.79,29491601.0,53657839.0,13:52:48
sz002506,协鑫集成,4.43,0.06,1.373,4.42,4.43,4.37,4.34,4.47,4.26,355216915.0,1556922277.0,13:52:48
sz002507,涪陵榨菜,12.37,-0.04,-0.322,12.37,12.38,12.41,12.41,12.43,12.35,4312270.0,53376736.0,13:52:48
sz002508,老板电器,20.03,-0.13,-0.645,20.03,20.04,20.16,20.16,20.37,19.95,3066900.0,61794702.0,13:52:48
sz002510,天汽模,7.08,0.02,0.283,7.08,7.09,7.06,7.04,7.12,7.04,11048400.0,78216980.0,13:52:48
sz002511,中顺洁柔,8.79,0.49,5.904,8.78,8.79,8.3,8.35,8.84,8.32,31421735.0,270687667.0,13:52:45
sz002512,ST达华,4.09,-0.06,-1.446,4.09,4.1,4.15,4.16,4.22,4.06,41553038.0,171223986.0,13:52:48
sz002513,蓝丰生化,6.03,0.08,1.345,6.02,6.03,5.95,5.94,6.03,5.86,4471000.0,26606649.0,13:52:45
sz002514,宝馨科技,4.44,0.07,1.602,4.44,4.45,4.37,4.42,4.45,4.37,10279100.0,45387694.0,13:52:45
sz002515,金字火腿,5.92,0.02,0.339,5.92,5.93,5.9,5.93,6.05,5.83,38172259.0,226409255.0,13:52:48
sz002516,旷达科技,5.72,0.06,1.06,5.72,5.73,5.66,5.69,5.74,5.66,6647700.0,37892625.0,13:52:48
sz002517,恺英网络,18.47,0.41,2.27,18.47,18.48,18.06,18.06,18.61,17.83,57711498.0,1052597628.0,13:52:48
sz002518,科士达,47.76,0.46,0.973,47.76,47.77,47.3,47.6,48.58,47.07,7349955.0,352374411.0,13:52:48
sz002519,银河电子,8.3,-0.15,-1.775,8.29,8.3,8.45,8.25,8.44,8.13,69785092.0,575825851.0,13:52:48
sz002520,日发精机,5.53,0.07,1.282,5.52,5.53,5.46,5.46,5.53,5.45,13244400.0,72796279.0,13:52:45
sz002521,齐峰新材,8.72,-0.04,-0.457,8.71,8.72,8.76,8.78,8.85,8.67,7283380.0,63667355.0,13:52:48
sz002522,浙江众成,6.14,0.07,1.153,6.13,6.14,6.07,6.09,6.19,5.98,24277640.0,148422171.0,13:52:48
sz002523,天桥起重,4.08,0.05,1.241,4.07,4.08,4.03,4.03,4.08,4.01,11898412.0,48190757.0,13:52:48
sz002524,光正眼科,4.16,0.05,1.217,4.15,4.16,4.11,4.14,4.16,4.08,8941900.0,36736569.0,13:52:42
sz002526,山东矿机,3.48,0.03,0.87,3.47,3.48,3.45,3.44,3.48,3.44,13320668.0,46099166.0,13:52:48
sz002527,新时达,13.37,0.03,0.225,13.37,13.38,13.34,13.37,13.54,13.34,5260850.0,70649331.0,13:52:48
sz002528,ST英飞拓,5.06,0.18,3.689,5.06,5.07,4.88,4.76,5.11,4.64,50476183.0,246356673.0,13:52:48
sz002529,*ST海源,7.16,0.06,0.845,7.16,7.17,7.1,7.1,7.18,7.07,2087117.0,14912596.0,13:52:48
sz002530,金财互联,9.08,-0.1,-1.089,9.08,9.09,9.18,9.08,9.13,8.97,21005112.0,190354007.0,13:52:48
sz002531,天顺风能,12.09,0.23,1.939,12.09,12.1,11.86,11.88,12.18,11.8,32211920.0,386816821.0,13:52:48
sz002532,天山铝业,19.18,0.73,3.957,19.17,19.18,18.45,18.7,19.4,18.7,54363135.0,1041125193.0,13:52:48
sz002533,金杯电工,13.68,0.02,0.146,13.67,13.68,13.66,13.7,13.72,13.41,12951399.0,176091679.0,13:52:48
sz002534,西子洁能,18.12,0.02,0.11,18.12,18.13,18.1,18.09,18.24,17.91,7026091.0,127275700.0,13:52:48
sz002535,林州重机,3.48,0.02,0.578,3.48,3.49,3.46,3.45,3.49,3.43,6722383.0,23252691.0,13:52:48
sz002536,飞龙股份,35.75,-0.05,-0.14,35.75,35.76,35.8,35.89,36.58,35.3,32465201.0,1166967242.0,13:52:48
sz002537,海联金汇,7.78,-0.02,-0.256,7.78,7.79,7.8,7.81,7.84,7.76,17360263.0,135119088.0,13:52:48
sz002538,ST司特,7.08,0.25,3.66,7.08,7.09,6.83,6.84,7.12,6.81,15578154.0,108182869.0,13:52:48
sz002539,云图控股,14.69,0.15,1.032,14.69,14.7,14.54,14.54,14.87,14.45,18316000.0,269718178.0,13:52:48
sz002540,亚太科技,6.87,0.06,0.881,6.87,6.88,6.81,6.83,6.91,6.8,4787520.0,32902734.0,13:52:48
sz002541,鸿路钢构,21.58,0.45,2.13,21.57,21.59,21.13,21.18,21.74,21.07,3330590.0,71254446.0,13:52:48
sz002542,中化岩土,2.03,-0.06,-2.871,2.02,2.03,2.09,2.04,2.07,1.93,134164063.0,266190588.0,13:52:48
sz002543,万和电气,8.56,0.14,1.663,8.54,8.56,8.42,8.43,8.56,8.4,3276157.0,27744435.0,13:52:48
sz002544,普天科技,26.76,0.09,0.337,26.75,26.76,26.67,26.77,26.87,26.5,7376690.0,196869521.0,13:52:48
sz002545,东方铁塔,22.61,0.89,4.098,22.6,22.61,21.72,21.72,22.8,21.6,13868905.0,308635347.0,13:52:48
sz002546,新联电子,9.1,-0.19,-2.045,9.1,9.11,9.29,9.18,9.2,8.87,25353803.0,228853827.0,13:52:48
sz002547,春兴精工,3.17,0.18,6.02,3.16,3.17,2.99,2.97,3.25,2.93,57761842.0,177731943.0,13:52:48
sz002548,金新农,5.14,0.07,1.381,5.13,5.14,5.07,5.06,5.14,5.02,15906975.0,80743651.0,13:52:48
sz002549,凯美特气,19.44,0.44,2.316,19.44,19.45,19.0,19.0,19.66,18.74,27249444.0,522584888.0,13:52:48
sz002550,千红制药,7.9,-0.12,-1.496,7.9,7.91,8.02,7.93,7.96,7.85,20575800.0,162483228.0,13:52:48
sz002551,尚荣医疗,3.48,0.03,0.87,3.47,3.48,3.45,3.44,3.48,3.4,8832005.0,30350643.0,13:52:48
sz002552,宝鼎科技,21.42,1.06,5.206,21.42,21.43,20.36,20.16,21.66,19.9,29339506.0,612575492.0,13:52:48
sz002553,南方精工,25.37,0.01,0.039,25.36,25.37,25.36,25.58,25.72,25.24,6278904.0,159633096.0,13:52:48
sz002554,惠博普,3.58,0.0,0.0,3.57,3.58,3.58,3.56,3.59,3.54,14527916.0,51772832.0,13:52:48
sz002555,三七互娱,23.25,0.63,2.785,23.24,23.25,22.62,22.78,23.38,22.61,44182450.0,1013164346.0,13:52:48
sz002556,辉隆股份,6.35,0.31,5.132,6.35,6.36,6.04,6.07,6.45,5.96,30219014.0,188249501.0,13:52:48
sz002557,洽洽食品,22.69,0.56,2.531,22.68,22.69,22.13,22.13,22.76,22.1,5222599.0,117594193.0,13:52:42
sz002558,巨人网络,32.87,0.82,2.559,32.86,32.87,32.05,32.23,33.2,32.2,49653611.0,1623406985.0,13:52:48
sz002559,亚威股份,10.44,0.06,0.578,10.44,10.45,10.38,10.38,10.54,10.38,11185450.0,117106074.0,13:52:48
sz002560,通达股份,13.88,-0.16,-1.14,13.88,13.89,14.04,13.78,14.19,13.0,100695777.0,1380030553.0,13:52:48
sz002561,徐家汇,8.11,0.07,0.871,8.1,8.11,8.04,8.03,8.11,7.98,3072202.0,24697533.0,13:52:48
sz002562,兄弟科技,5.96,0.07,1.188,5.95,5.96,5.89,5.89,5.96,5.86,14310200.0,84808957.0,13:52:48
sz002563,森马服饰,5.19,-0.01,-0.192,5.18,5.19,5.2,5.21,5.23,5.17,10222560.0,53142601.0,13:52:48
sz002564,天沃科技,6.08,0.07,1.165,6.07,6.08,6.01,6.0,6.15,5.97,9400437.0,56996937.0,13:52:48
sz002565,顺灏股份,17.48,-0.22,-1.243,17.47,17.48,17.7,17.67,17.8,17.3,142579360.0,2499072227.0,13:52:48
sz002566,益盛药业,7.92,-0.01,-0.126,7.92,7.93,7.93,7.97,7.97,7.74,4266100.0,33433176.0,13:52:48
sz002567,唐人神,4.31,-0.02,-0.462,4.3,4.31,4.33,4.33,4.35,4.26,24588896.0,105675144.0,13:52:42
sz002568,百润股份,17.29,0.02,0.116,17.28,17.29,17.27,17.28,17.41,17.25,3754546.0,64968376.0,13:52:48
sz002569,*ST步森,13.6,0.43,3.265,13.58,13.6,13.17,13.5,13.78,13.36,2940000.0,39892013.0,13:52:39
sz002570,贝因美,5.06,0.03,0.596,5.05,5.06,5.03,5.02,5.06,4.99,10907207.0,54883596.0,13:52:48
sz002571,德力股份,12.2,0.1,0.826,12.2,12.21,12.1,12.12,12.38,12.05,5845700.0,71397222.0,13:52:39
sz002572,索菲亚,13.06,0.48,3.816,13.05,13.06,12.58,12.66,13.1,12.58,13894455.0,180060107.0,13:52:48
sz002573,清新环境,3.56,0.0,0.0,3.56,3.57,3.56,3.56,3.57,3.53,6720900.0,23858913.0,13:52:48
sz002574,明牌珠宝,5.58,0.08,1.455,5.57,5.58,5.5,5.51,5.58,5.48,3847235.0,21276535.0,13:52:45
sz002575,群兴玩具,6.84,0.33,5.069,6.84,6.85,6.51,6.52,6.95,6.49,82243375.0,556751071.0,13:52:51
sz002576,通达动力,18.93,0.19,1.014,18.92,18.93,18.74,18.78,19.03,18.71,2974231.0,56133199.0,13:52:51
sz002577,雷柏科技,15.86,0.32,2.059,15.86,15.87,15.54,15.57,15.9,15.47,1819700.0,28648821.0,13:52:51
sz002578,闽发铝业,4.04,0.08,2.02,4.03,4.04,3.96,3.97,4.09,3.96,32669600.0,131647576.0,13:52:51
sz002579,中京电子,12.73,0.02,0.157,12.72,12.73,12.71,12.79,12.85,12.51,25951904.0,329789958.0,13:52:51
sz002580,圣阳股份,27.8,2.53,10.012,27.8,0.0,25.27,26.57,27.8,26.26,66123680.0,1805332750.0,13:52:51
sz002581,ST未名,7.54,0.36,5.014,7.54,0.0,7.18,7.2,7.54,7.17,7884860.0,58198469.0,13:52:51
sz002582,好想你,12.18,-0.06,-0.49,12.17,12.18,12.24,12.2,12.38,12.04,24212200.0,295061995.0,13:52:51
sz002583,海能达,10.81,0.03,0.278,10.81,10.82,10.78,10.73,10.85,10.65,18164043.0,195792241.0,13:52:51
sz002584,西陇科学,7.65,0.08,1.057,7.64,7.65,7.57,7.59,7.65,7.51,6907600.0,52290930.0,13:52:51
sz002585,双星新材,7.08,-0.07,-0.979,7.07,7.08,7.15,7.18,7.21,7.03,30295098.0,214733127.0,13:52:51
sz002586,ST围海,4.86,-0.01,-0.205,4.86,4.87,4.87,4.88,4.91,4.83,3949300.0,19220868.0,13:52:51
sz002587,奥拓电子,6.54,0.09,1.395,6.53,6.54,6.45,6.45,6.54,6.37,10547650.0,68208863.0,13:52:51
sz002588,史丹利,10.5,0.22,2.14,10.5,10.51,10.28,10.26,10.56,10.25,11224100.0,117291744.0,13:52:39
sz002589,瑞康医药,3.65,0.06,1.671,3.64,3.65,3.59,3.87,3.95,3.6,347622565.0,1326109650.0,13:52:51
sz002590,万安科技,12.63,0.19,1.527,12.63,12.64,12.44,12.56,12.67,12.5,5420400.0,68324515.0,13:52:45
sz002591,恒大高新,6.93,0.25,3.743,6.92,6.93,6.68,6.72,6.93,6.6,5149227.0,34926383.0,13:52:48
sz002592,ST八菱,8.3,0.12,1.467,8.3,8.31,8.18,8.18,8.38,8.08,2830432.0,23177037.0,13:52:51
sz002593,日上集团,5.31,0.02,0.378,5.3,5.31,5.29,5.33,5.33,5.26,10129523.0,53613136.0,13:52:51
sz002594,比亚迪,105.49,2.46,2.388,105.49,105.5,103.03,103.28,105.52,103.28,47240838.0,4954717583.0,13:52:51
sz002595,豪迈科技,89.02,8.09,9.996,89.02,0.0,80.93,83.02,89.02,83.02,5951016.0,516753012.0,13:52:51
sz002596,海南瑞泽,3.57,0.02,0.563,3.57,3.58,3.55,3.57,3.58,3.52,15377700.0,54569295.0,13:52:51
sz002597,金禾实业,22.77,0.11,0.485,22.77,22.78,22.66,22.68,22.88,22.51,6315196.0,143194446.0,13:52:48
sz002598,ST章鼓,8.2,0.05,0.613,8.2,8.21,8.15,8.21,8.3,8.17,7039301.0,57834307.0,13:52:51
sz002599,盛通股份,7.1,0.1,1.429,7.09,7.1,7.0,7.02,7.11,6.99,5596180.0,39501022.0,13:52:51
sz002600,领益智造,13.69,0.11,0.81,13.69,13.7,13.58,13.72,13.8,13.46,61457017.0,839735081.0,13:52:51
sz002601,龙佰集团,17.73,0.1,0.567,17.73,17.74,17.63,17.66,17.98,17.63,17724932.0,316021124.0,13:52:51
sz002602,世纪华通,17.27,0.5,2.982,17.26,17.27,16.77,16.7,17.32,16.7,80596888.0,1378526921.0,13:52:51
sz002603,以岭药业,17.15,0.26,1.539,17.14,17.15,16.89,17.0,17.58,17.0,19149461.0,330395325.0,13:52:51
sz002605,姚记科技,21.11,0.22,1.053,21.1,21.11,20.89,21.0,21.15,20.88,3906449.0,82232548.0,13:52:51
sz002606,大连电瓷,12.16,-0.16,-1.299,12.15,12.16,12.32,12.33,12.37,11.9,31758140.0,384413624.0,13:52:51
sz002607,中公教育,2.66,0.03,1.141,2.65,2.66,2.63,2.64,2.66,2.63,54836353.0,145029267.0,13:52:51
sz002608,江苏国信,8.06,0.02,0.249,8.05,8.06,8.04,8.03,8.11,8.01,8002800.0,64552764.0,13:52:51
sz002609,捷顺科技,8.46,0.17,2.051,8.46,8.47,8.29,8.32,8.47,8.29,5620700.0,47133834.0,13:52:51
sz002611,东方精工,17.52,0.27,1.565,17.51,17.52,17.25,17.27,17.57,17.24,16060602.0,279489387.0,13:52:51
sz002612,朗姿股份,17.16,0.16,0.941,17.16,17.17,17.0,16.92,17.17,16.89,3562536.0,60649055.0,13:52:51
sz002613,北玻股份,4.17,0.38,10.026,4.17,0.0,3.79,3.81,4.17,3.75,81172511.0,331122866.0,13:52:45
sz002614,奥佳华,6.22,0.05,0.81,6.21,6.22,6.17,6.19,6.22,6.15,3997501.0,24724051.0,13:52:51
sz002615,哈尔斯,8.33,-0.04,-0.478,8.33,8.34,8.37,8.5,8.69,8.26,11250500.0,94726214.0,13:52:42
sz002616,长青集团,5.78,0.07,1.226,5.78,5.79,5.71,5.72,5.85,5.7,9764200.0,56440760.0,13:52:51
sz002617,露笑科技,7.62,-0.02,-0.262,7.62,7.63,7.64,7.63,7.66,7.58,28810216.0,219657966.0,13:52:51
sz002620,ST瑞和,9.39,-0.13,-1.366,9.38,9.39,9.52,9.37,9.57,9.28,10328150.0,97143810.0,13:52:51
sz002622,皓宸医疗,2.53,0.06,2.429,2.52,2.53,2.47,2.51,2.53,2.45,20619720.0,51187725.0,13:52:51
sz002623,亚玛顿,22.32,0.55,2.526,22.31,22.33,21.77,21.77,22.35,21.58,3387737.0,74677120.0,13:52:51
sz002624,完美世界,20.83,1.52,7.872,20.82,20.83,19.31,19.25,21.24,19.07,104949326.0,2126592349.0,13:52:51
sz002625,光启技术,39.94,0.06,0.15,39.94,39.96,39.88,39.78,40.06,39.38,15766970.0,625008600.0,13:52:51
sz002626,金达威,18.36,0.14,0.768,18.35,18.36,18.22,18.28,18.39,18.08,2621400.0,47857927.0,13:52:48
sz002627,三峡旅游,7.97,0.3,3.911,7.96,7.97,7.67,7.65,8.0,7.62,25472625.0,200968414.0,13:52:51
sz002628,成都路桥,5.04,0.12,2.439,5.03,5.04,4.92,4.96,5.04,4.89,21005900.0,104548634.0,13:52:51
sz002629,仁智股份,6.57,0.1,1.546,6.57,6.58,6.47,6.58,6.66,6.46,16614700.0,109421824.0,13:52:51
sz002630,ST华西,2.16,0.05,2.37,2.16,2.17,2.11,2.15,2.22,2.05,94382980.0,201008989.0,13:52:51
sz002631,德尔未来,7.23,0.01,0.139,7.22,7.23,7.22,7.27,7.27,7.06,12160200.0,87518513.0,13:52:45
sz002632,道明光学,12.03,0.03,0.25,12.02,12.03,12.0,12.09,12.12,11.88,6498684.0,77886869.0,13:52:48
sz002633,申科股份,18.82,1.06,5.968,18.8,18.82,17.76,17.96,19.23,17.71,3845800.0,70739544.0,13:52:51
sz002634,棒杰股份,6.04,-0.67,-9.985,0.0,6.04,6.71,6.04,6.5,6.04,70838222.0,428751690.0,13:52:51
sz002635,安洁科技,15.91,0.06,0.379,15.91,15.92,15.85,15.77,15.98,15.66,21495552.0,339854300.0,13:52:51
sz002636,金安国纪,38.53,1.06,2.829,38.52,38.53,37.47,37.06,39.2,36.43,31788586.0,1212172659.0,13:52:51
sz002637,赞宇科技,11.9,-0.07,-0.585,11.9,11.91,11.97,11.96,12.0,11.71,8573000.0,101152245.0,13:52:51
sz002638,勤上股份,4.77,0.04,0.846,4.76,4.77,4.73,4.75,4.78,4.6,42318850.0,198188965.0,13:52:51
sz002639,雪人集团,19.28,-0.35,-1.783,19.27,19.28,19.63,19.5,19.59,19.1,42900012.0,827785017.0,13:52:51
sz002640,跨境通,3.51,0.06,1.739,3.5,3.51,3.45,3.48,3.51,3.44,23362500.0,81258689.0,13:52:51
sz002641,公元股份,4.11,0.03,0.735,4.11,4.12,4.08,4.08,4.12,4.07,4386290.0,17959372.0,13:52:51
sz002642,荣联科技,8.08,0.2,2.538,8.07,8.08,7.88,7.93,8.14,7.91,14421550.0,115844798.0,13:52:51
sz002643,万润股份,16.48,0.01,0.061,16.48,16.49,16.47,16.48,16.6,16.34,6913275.0,114063847.0,13:52:51
sz002644,佛慈制药,8.64,-0.01,-0.116,8.63,8.64,8.65,8.65,8.67,8.56,3293600.0,28371831.0,13:52:48
sz002645,华宏科技,22.16,0.53,2.45,22.15,22.16,21.63,21.34,22.46,21.05,42318746.0,919030170.0,13:52:51
sz002646,天佑德酒,8.03,0.02,0.25,8.02,8.03,8.01,8.0,8.03,7.95,2002496.0,16004757.0,13:52:48
sz002647,仁东控股,10.41,0.21,2.059,10.4,10.41,10.2,10.18,10.55,9.8,46189083.0,472878971.0,13:52:51
sz002648,卫星化学,28.03,0.11,0.394,28.03,28.04,27.92,27.74,28.15,27.56,31963925.0,892140388.0,13:52:51
sz002649,博彦科技,12.06,0.27,2.29,12.05,12.06,11.79,11.83,12.07,11.82,8255245.0,98679957.0,13:52:51
sz002650,ST加加,7.37,-0.12,-1.602,7.37,7.38,7.49,7.53,7.64,7.37,7639400.0,57065982.0,13:52:51
sz002651,利君股份,9.56,-0.06,-0.624,9.56,9.57,9.62,9.6,9.62,9.52,3105500.0,29679830.0,13:52:51
sz002652,扬子新材,4.88,0.18,3.83,4.87,4.88,4.7,4.71,4.88,4.71,14238506.0,68643640.0,13:52:51
sz002653,海思科,56.5,-2.05,-3.501,56.49,56.5,58.55,58.2,58.48,56.06,6307350.0,357830914.0,13:52:48
sz002654,万润科技,14.94,0.25,1.702,14.94,14.95,14.69,14.66,15.14,14.4,33846600.0,500976672.0,13:52:51
sz002655,共达电声,22.69,0.86,3.94,22.67,22.69,21.83,22.0,23.02,21.75,36228050.0,805852910.0,13:52:51
sz002656,*ST摩登,3.11,0.01,0.323,3.1,3.11,3.1,3.08,3.12,3.06,5320296.0,16449737.0,13:52:48
sz002657,中科金财,22.48,0.26,1.17,22.47,22.48,22.22,22.28,22.55,22.2,4829898.0,108265566.0,13:52:51
sz002658,雪迪龙,8.51,0.11,1.31,8.51,8.52,8.4,8.4,8.54,8.34,5477400.0,46234681.0,13:52:48
sz002659,凯文教育,5.22,0.08,1.556,5.22,5.23,5.14,5.17,5.23,5.12,7962200.0,41246191.0,13:52:54
sz002660,茂硕电源,8.61,0.09,1.056,8.61,8.62,8.52,8.55,8.62,8.46,2460100.0,21013232.0,13:52:48
sz002661,克明食品,9.0,0.05,0.559,9.0,9.02,8.95,8.94,9.02,8.83,2208200.0,19677969.0,13:52:54
sz002662,峰璟股份,4.14,0.05,1.222,4.14,4.15,4.09,4.13,4.18,4.11,16095490.0,66754640.0,13:52:54
sz002663,普邦股份,2.29,0.13,6.019,2.28,2.29,2.16,2.2,2.38,2.18,114755435.0,260864492.0,13:52:54
sz002664,信质集团,21.35,0.16,0.755,21.35,21.36,21.19,21.42,21.75,21.2,4688100.0,100363355.0,13:52:54
sz002666,德联集团,5.47,0.1,1.862,5.47,5.48,5.37,5.42,5.47,5.33,6267300.0,33861025.0,13:52:54
sz002667,威领股份,29.3,0.37,1.279,29.3,29.32,28.93,28.94,30.06,28.01,21909871.0,639424423.0,13:52:54
sz002668,TCL智家,9.35,0.16,1.741,9.34,9.35,9.19,9.21,9.39,9.19,8204244.0,76191874.0,13:52:54
sz002669,康达新材,13.39,0.1,0.752,13.38,13.39,13.29,13.28,13.4,13.22,3619400.0,48307896.0,13:52:54
sz002670,国盛证券,14.53,0.03,0.207,14.52,14.53,14.5,14.55,14.62,14.49,6931700.0,100880946.0,13:52:54
sz002671,龙泉股份,4.84,0.1,2.11,4.83,4.84,4.74,4.74,4.84,4.71,7784100.0,37144804.0,13:52:54
sz002672,东江环保,4.32,0.08,1.887,4.32,4.33,4.24,4.3,4.33,4.21,5509250.0,23500908.0,13:52:54
sz002673,西部证券,7.36,0.02,0.272,7.35,7.36,7.34,7.36,7.4,7.33,15444732.0,113754968.0,13:52:54
sz002674,兴业科技,13.42,0.12,0.902,13.42,13.43,13.3,13.29,13.64,13.21,2997200.0,40364921.0,13:52:54
sz002675,东诚药业,14.19,-0.46,-3.14,14.19,14.2,14.65,14.33,14.39,14.1,20628814.0,293011303.0,13:52:54
sz002676,顺威股份,6.92,-0.03,-0.432,6.91,6.92,6.95,6.94,7.0,6.88,9063300.0,62767835.0,13:52:54
sz002677,浙江美大,7.84,0.18,2.35,7.83,7.84,7.66,7.68,7.86,7.66,4167500.0,32393276.0,13:52:51
sz002678,珠江钢琴,5.92,0.17,2.957,5.91,5.92,5.75,5.8,5.94,5.74,15607390.0,91161092.0,13:52:51
sz002679,福建金森,10.68,0.25,2.397,10.67,10.68,10.43,10.45,10.68,10.38,2949700.0,31062428.0,13:52:54
sz002681,奋达科技,5.25,0.07,1.351,5.24,5.25,5.18,5.18,5.25,5.17,14217018.0,74080104.0,13:52:54
sz002682,龙洲股份,6.02,0.03,0.501,6.01,6.02,5.99,5.98,6.03,5.96,8955000.0,53715326.0,13:52:54
sz002683,广东宏大,42.06,-1.45,-3.333,42.07,42.08,43.51,43.51,43.75,41.91,10448601.0,446326597.0,13:52:54
sz002685,华东重机,8.43,0.35,4.332,8.43,8.44,8.08,8.09,8.49,7.98,66911395.0,553041594.0,13:52:54
sz002686,亿利达,7.56,0.19,2.578,7.56,7.57,7.37,7.39,7.6,7.32,33083300.0,247558313.0,13:52:54
sz002687,乔治白,4.9,0.16,3.376,4.89,4.9,4.74,4.74,4.9,4.68,7239944.0,34665812.0,13:52:54
sz002688,金河生物,5.91,0.03,0.51,5.9,5.91,5.88,5.88,5.93,5.8,8313550.0,48873898.0,13:52:54
sz002689,ST远智,3.89,0.01,0.258,3.89,3.9,3.88,3.89,3.91,3.84,7586363.0,29443381.0,13:52:54
sz002690,美亚光电,18.27,0.14,0.772,18.27,18.28,18.13,18.22,18.32,18.16,2316500.0,42296607.0,13:52:51
sz002691,冀凯股份,7.42,0.14,1.923,7.41,7.42,7.28,7.3,7.42,7.26,2111700.0,15470043.0,13:52:54
sz002692,远程股份,6.36,-0.25,-3.782,6.35,6.36,6.61,6.43,6.44,6.25,55407984.0,350849281.0,13:52:54
sz002693,*ST双成,8.35,0.02,0.24,8.35,8.36,8.33,8.26,8.4,8.09,10539405.0,86576108.0,13:52:54
sz002694,顾地科技,2.95,0.03,1.027,2.95,2.96,2.92,2.94,2.97,2.91,5036600.0,14807206.0,13:52:54
sz002695,煌上煌,11.13,0.01,0.09,11.13,11.14,11.12,11.12,11.14,10.96,2571900.0,28439947.0,13:52:54
sz002696,百洋股份,6.94,0.17,2.511,6.93,6.94,6.77,6.79,6.95,6.7,4825700.0,32846489.0,13:52:51
sz002697,红旗连锁,5.4,0.05,0.935,5.39,5.4,5.35,5.35,5.4,5.34,8744002.0,47006513.0,13:52:54
sz002698,博实股份,13.99,-0.04,-0.285,13.98,13.99,14.03,14.02,14.12,13.95,3760633.0,52673856.0,13:52:54
sz002700,万憬能源,6.63,0.06,0.913,6.62,6.63,6.57,6.58,6.63,6.54,2269900.0,14931100.0,13:52:54
sz002701,奥瑞金,5.38,-0.02,-0.37,5.38,5.39,5.4,5.39,5.46,5.37,34510202.0,186408469.0,13:52:54
sz002702,海欣食品,5.64,0.06,1.075,5.63,5.64,5.58,5.57,5.64,5.52,7444350.0,41607632.0,13:52:54
sz002703,浙江世宝,20.27,0.94,4.863,20.26,20.27,19.33,20.01,21.05,19.52,60156232.0,1219706599.0,13:52:54
sz002705,新宝股份,17.85,0.51,2.941,17.83,17.85,17.34,18.13,19.0,17.37,74090766.0,1344846542.0,13:52:54
sz002706,良信股份,10.1,-0.01,-0.099,10.1,10.11,10.11,10.1,10.17,9.94,20996544.0,211401724.0,13:52:54
sz002707,众信旅游,6.75,0.11,1.657,6.74,6.75,6.64,6.6,6.77,6.58,20396770.0,136595728.0,13:52:54
sz002708,光洋股份,13.74,0.62,4.726,13.73,13.74,13.12,13.22,14.16,13.22,27539885.0,381921640.0,13:52:54
sz002709,天赐材料,48.84,0.84,1.75,48.83,48.84,48.0,48.5,49.98,47.82,86763493.0,4257677467.0,13:52:54
sz002712,思美传媒,5.21,0.14,2.761,5.2,5.21,5.07,5.12,5.21,5.08,7319551.0,37710805.0,13:52:54
sz002713,*ST东易,15.34,0.39,2.609,15.33,15.35,14.95,14.7,15.52,14.3,27016183.0,404122747.0,13:52:51
sz002714,牧原股份,46.31,0.26,0.565,46.31,46.33,46.05,46.1,46.67,45.8,27482781.0,1271320003.0,13:52:54
sz002715,登云股份,15.46,0.43,2.861,15.45,15.46,15.03,15.05,15.46,14.96,2628700.0,39961981.0,13:52:54
sz002716,湖南白银,12.03,0.09,0.754,12.03,12.04,11.94,12.13,12.18,11.74,134405229.0,1607036849.0,13:52:54
sz002717,ST岭南,1.66,0.01,0.606,1.66,1.67,1.65,1.66,1.68,1.65,42341494.0,70319560.0,13:52:51
sz002718,友邦吊顶,74.3,0.13,0.175,74.27,74.37,74.17,74.0,74.87,71.2,1354700.0,98519152.0,13:52:42
sz002719,麦趣尔,8.53,0.14,1.669,8.53,8.54,8.39,8.39,8.54,8.31,3473260.0,29261458.0,13:52:51
sz002721,金一文化,3.1,0.07,2.31,3.09,3.1,3.03,3.04,3.11,3.02,39928100.0,122479412.0,13:52:54
sz002722,物产金轮,14.79,0.23,1.58,14.78,14.79,14.56,14.62,14.79,14.57,1491292.0,21935280.0,13:52:54
sz002723,小崧股份,10.08,0.16,1.613,10.07,10.08,9.92,9.97,10.12,9.93,6575500.0,65891395.0,13:52:54
sz002724,海洋王,7.05,0.04,0.571,7.04,7.05,7.01,7.05,7.07,6.96,3997300.0,28040875.0,13:52:54
sz002725,跃岭股份,16.1,0.09,0.562,16.09,16.1,16.01,16.06,16.16,15.8,5829300.0,93041370.0,13:52:54
sz002726,龙大美食,3.62,0.33,10.03,3.62,0.0,3.29,3.62,3.62,3.57,43498088.0,157439804.0,13:52:48
sz002727,一心堂,12.62,-0.08,-0.63,12.6,12.61,12.7,12.67,12.68,12.53,3984137.0,50124630.0,13:52:54
sz002728,特一药业,10.92,-0.17,-1.533,10.92,10.93,11.09,11.02,11.09,10.86,12193200.0,133336225.0,13:52:54
sz002729,好利科技,20.45,-0.02,-0.098,20.45,20.46,20.47,20.49,20.67,20.21,5555449.0,113654483.0,13:52:54
sz002730,电光科技,27.69,0.33,1.206,27.69,27.7,27.36,27.4,28.15,27.18,18674479.0,519805313.0,13:52:54
sz002731,ST萃华,7.21,0.0,0.0,7.21,7.22,7.21,7.14,7.26,7.09,10431500.0,74815030.0,13:52:45
sz002732,燕塘乳业,16.31,0.26,1.62,16.3,16.31,16.05,16.06,16.33,15.91,1058291.0,17030540.0,13:52:42
sz002733,雄韬股份,32.12,1.96,6.499,32.11,32.12,30.16,30.62,32.58,30.12,37741411.0,1191874642.0,13:52:54
sz002734,利民股份,17.71,0.54,3.145,17.7,17.71,17.17,17.11,17.89,16.94,24306425.0,427839532.0,13:52:54
sz002735,王子新材,15.09,0.15,1.004,15.08,15.09,14.94,14.93,15.1,14.83,5420200.0,81186595.0,13:52:54
sz002736,国信证券,12.23,0.13,1.074,12.23,12.24,12.1,12.12,12.35,12.1,25601231.0,313915703.0,13:52:54
sz002737,葵花药业,12.36,-0.15,-1.199,12.36,12.37,12.51,12.51,12.54,12.33,2413300.0,29910684.0,13:52:54
sz002738,中矿资源,84.98,4.41,5.474,84.98,84.99,80.57,81.8,86.73,81.59,30311882.0,2570467517.0,13:52:54
sz002739,万达电影,9.94,0.1,1.016,9.93,9.94,9.84,9.93,9.98,9.89,19275737.0,191344362.0,13:52:54
sz002741,光华科技,19.22,0.47,2.507,19.22,19.23,18.75,18.95,19.33,18.68,12864473.0,245905949.0,13:52:54
sz002742,*ST三圣,4.78,0.14,3.017,4.77,4.78,4.64,4.6,4.79,4.6,7038100.0,33239223.0,13:52:51
sz002743,富煌钢构,5.37,0.08,1.512,5.36,5.37,5.29,5.32,5.37,5.2,4535200.0,23995833.0,13:52:54
sz002745,木林森,8.34,-0.07,-0.832,8.34,8.35,8.41,8.41,8.43,8.29,16709678.0,139177026.0,13:52:54
sz002746,仙坛股份,6.18,0.0,0.0,6.17,6.18,6.18,6.17,6.21,6.13,5240850.0,32245586.0,13:52:54
sz002747,埃斯顿,20.93,0.21,1.014,20.92,20.93,20.72,20.81,21.0,20.81,7101431.0,148647706.0,13:52:54
sz002748,世龙实业,12.34,0.34,2.833,12.33,12.34,12.0,11.99,12.45,11.85,3617600.0,43956472.0,13:52:54
sz002749,国光股份,13.39,0.27,2.058,13.39,13.4,13.12,13.16,13.5,13.13,2100443.0,27958163.0,13:52:48
sz002752,昇兴股份,6.27,-0.08,-1.26,6.27,6.28,6.35,6.34,6.36,6.22,14118770.0,88312288.0,13:52:48
sz002753,永东股份,7.3,0.08,1.108,7.29,7.3,7.22,7.28,7.3,7.19,3513400.0,25419116.0,13:52:45
sz002755,奥赛康,16.22,0.06,0.371,16.21,16.22,16.16,15.99,16.25,15.82,14741546.0,236989703.0,13:52:48
sz002756,永兴材料,79.0,3.33,4.401,78.99,79.0,75.67,77.0,80.1,75.9,15080904.0,1181947656.0,13:52:48
sz002757,南兴股份,22.79,2.07,9.99,22.79,0.0,20.72,20.88,22.79,20.77,28219576.0,624338370.0,13:52:42
sz002758,浙农股份,9.87,0.15,1.543,9.86,9.87,9.72,9.71,9.94,9.64,6393050.0,62852623.0,13:52:48
sz002759,天际股份,35.91,-0.3,-0.829,35.9,35.91,36.21,36.6,37.09,35.85,44892294.0,1635601899.0,13:52:48
sz002760,凤形股份,21.53,0.4,1.893,21.52,21.53,21.13,21.28,21.53,20.92,1777100.0,37790154.0,13:52:45
sz002761,浙江建投,8.16,-0.03,-0.366,8.15,8.16,8.19,8.16,8.24,8.13,5709345.0,46576582.0,13:52:48
sz002762,*ST金比,7.73,0.23,3.067,7.73,7.75,7.5,7.8,7.88,7.64,12153600.0,95194724.0,13:52:48
sz002763,汇洁股份,8.04,0.06,0.752,8.03,8.04,7.98,7.98,8.04,7.93,3168200.0,25281287.0,13:52:48
sz002765,蓝黛科技,10.31,-0.01,-0.097,10.3,10.31,10.32,10.39,10.44,10.29,4875290.0,50394864.0,13:52:48
sz002766,索菱股份,4.87,0.11,2.311,4.87,4.88,4.76,4.78,5.09,4.77,33614175.0,165508382.0,13:52:48
sz002767,先锋电子,21.45,0.15,0.704,21.43,21.45,21.3,21.31,21.45,21.14,1068300.0,22770367.0,13:52:48
sz002768,国恩股份,50.28,0.64,1.289,50.27,50.28,49.64,49.58,50.4,49.17,1412171.0,70291291.0,13:52:45
sz002769,普路通,10.53,0.03,0.286,10.53,10.54,10.5,10.55,10.58,10.43,3289100.0,34568319.0,13:52:48
sz002771,真视通,18.37,1.67,10.0,18.37,0.0,16.7,16.9,18.37,16.9,21402703.0,388628583.0,13:52:45
sz002772,众兴菌业,18.17,0.24,1.339,18.15,18.17,17.93,17.85,18.42,17.74,10570359.0,190906829.0,13:52:48
sz002773,康弘药业,27.21,-0.47,-1.698,27.21,27.22,27.68,27.55,27.84,26.8,10062864.0,274183201.0,13:52:48
sz002774,快意电梯,10.9,0.18,1.679,10.89,10.9,10.72,10.71,10.9,10.63,2941500.0,31725182.0,13:52:42
sz002775,文科股份,3.84,0.06,1.587,3.84,3.85,3.78,3.79,3.85,3.73,8680684.0,32878768.0,13:52:48
sz002777,久远银海,16.65,0.23,1.401,16.64,16.65,16.42,16.45,16.67,16.42,3824600.0,63386198.0,13:52:42
sz002778,中晟高科,20.72,0.09,0.436,20.71,20.72,20.63,20.6,20.74,20.28,1589640.0,32646393.0,13:52:45
sz002779,中坚科技,97.23,1.15,1.197,97.22,97.23,96.08,96.98,98.69,96.85,1674802.0,163798222.0,13:52:48
sz002780,三夫户外,14.98,0.08,0.537,14.98,14.99,14.9,14.98,14.99,14.62,4229130.0,62332874.0,13:52:48
sz002782,可立克,22.02,-0.05,-0.227,22.01,22.02,22.07,22.06,22.18,21.71,5762091.0,126625610.0,13:52:45
sz002783,凯龙股份,9.72,0.12,1.25,9.71,9.72,9.6,9.6,9.78,9.54,8600800.0,83383771.0,13:52:45
sz002785,万里石,42.62,0.45,1.067,42.62,42.64,42.17,42.6,44.8,42.5,6790600.0,295289299.0,13:52:48
sz002786,银宝山新,7.17,0.1,1.414,7.17,7.18,7.07,7.1,7.18,7.03,4058500.0,28829247.0,13:52:48
sz002787,华源控股,16.4,-0.28,-1.679,16.39,16.4,16.68,16.73,16.73,15.66,34064384.0,553606569.0,13:52:48
sz002788,鹭燕医药,15.76,-0.19,-1.191,15.75,15.76,15.95,16.4,16.9,15.62,78256576.0,1272784006.0,13:52:48
sz002789,*ST建艺,13.35,0.35,2.692,13.34,13.35,13.0,12.92,13.43,12.86,1785600.0,23301987.0,13:52:42
sz002790,瑞尔特,7.75,0.09,1.175,7.74,7.75,7.66,7.71,7.76,7.62,1871564.0,14387693.0,13:52:48
sz002791,坚朗五金,19.4,0.03,0.155,19.39,19.4,19.37,19.41,19.42,19.27,2275100.0,44025283.0,13:52:39
sz002792,通宇通讯,48.77,1.63,3.458,48.77,48.78,47.14,47.49,49.32,46.56,45910125.0,2193856123.0,13:52:48
sz002793,罗欣药业,5.2,-0.02,-0.383,5.19,5.2,5.22,5.22,5.23,5.16,16099000.0,83485757.0,13:52:48
sz002795,永和智控,7.93,-0.02,-0.252,7.92,7.93,7.95,7.98,8.04,7.88,9421988.0,74721810.0,13:52:48
sz002796,世嘉科技,48.44,-0.13,-0.268,48.44,48.45,48.57,48.09,49.1,47.78,6229513.0,301972449.0,13:52:45
sz002797,第一创业,7.93,0.17,2.191,7.93,7.94,7.76,7.81,8.08,7.73,203603438.0,1619953543.0,13:52:48
sz002798,帝欧水华,7.12,0.45,6.747,7.11,7.12,6.67,6.7,7.18,6.61,49207582.0,343125559.0,13:52:48
sz002799,环球印务,8.21,0.16,1.988,8.2,8.21,8.05,8.08,8.21,8.02,3483268.0,28214701.0,13:52:48
sz002800,天顺股份,16.96,0.12,0.713,16.95,16.96,16.84,16.85,17.11,16.44,5181890.0,86889983.0,13:52:48
sz002801,微光股份,32.22,0.45,1.416,32.18,32.22,31.77,31.93,32.38,31.82,891300.0,28582455.0,13:52:48
sz002802,洪汇新材,14.87,1.35,9.985,14.87,0.0,13.52,13.52,14.87,13.52,11607672.0,167484813.0,13:52:42
sz002803,吉宏股份,17.3,0.93,5.681,17.3,17.31,16.37,16.39,17.48,16.25,13113712.0,222551093.0,13:52:48
sz002805,丰元股份,18.5,0.89,5.054,18.5,18.51,17.61,17.9,19.37,17.61,44647219.0,837501145.0,13:52:48
sz002806,华锋股份,14.2,0.17,1.212,14.2,14.21,14.03,14.18,14.38,14.01,5845761.0,82879883.0,13:52:45
sz002807,江阴银行,4.63,0.04,0.871,4.62,4.63,4.59,4.58,4.64,4.56,29545220.0,136204718.0,13:52:45
sz002808,*ST恒久,4.53,-0.23,-4.832,4.54,4.55,4.76,4.65,4.8,4.52,5649200.0,26366443.0,13:52:48
sz002809,红墙股份,10.62,0.1,0.951,10.61,10.62,10.52,10.55,10.62,10.41,4572910.0,48058724.0,13:52:48
sz002810,山东赫达,24.08,0.73,3.126,24.08,24.09,23.35,23.35,24.48,23.01,9144933.0,219106977.0,13:52:48
sz002811,郑中设计,13.77,0.22,1.624,13.76,13.77,13.55,13.53,13.77,13.45,2588500.0,35178701.0,13:52:48
sz002812,恩捷股份,70.94,0.18,0.254,70.93,70.94,70.76,71.58,72.55,70.06,26576369.0,1900936833.0,13:52:48
sz002813,路畅科技,24.45,0.48,2.003,24.44,24.45,23.97,24.01,24.45,23.95,1210900.0,29357582.0,13:52:48
sz002815,崇达技术,15.48,0.48,3.2,15.47,15.48,15.0,15.09,15.5,15.0,26242500.0,400954104.0,13:52:48
sz002816,*ST和科,25.4,1.07,4.398,25.38,25.4,24.33,24.6,25.46,24.41,3350600.0,84108711.0,13:52:48
sz002817,黄山胶囊,8.08,0.15,1.892,8.08,8.09,7.93,7.95,8.09,7.87,3874383.0,30833251.0,13:52:48
sz002818,富森美,10.77,0.03,0.279,10.76,10.77,10.74,10.75,10.78,10.7,1449470.0,15574400.0,13:52:42
sz002819,东方中科,26.7,0.17,0.641,26.7,26.71,26.53,26.53,27.09,26.34,2809260.0,75072905.0,13:52:48
sz002820,桂发祥,10.51,0.32,3.14,10.51,10.52,10.19,10.2,10.52,10.14,4503540.0,46388975.0,13:52:48
sz002821,凯莱英,117.12,-0.73,-0.619,117.1,117.13,117.85,117.24,119.4,115.5,6794752.0,798185320.0,13:52:48
sz002822,ST中装,3.4,-0.04,-1.163,3.4,3.41,3.44,3.43,3.49,3.4,8863500.0,30346835.0,13:52:36
sz002823,凯中精密,15.78,-0.09,-0.567,15.77,15.78,15.87,15.93,15.96,15.63,5880395.0,92367469.0,13:52:45
sz002824,和胜股份,28.82,-0.8,-2.701,28.8,28.82,29.62,30.83,31.83,28.43,39626736.0,1171603903.0,13:52:48
sz002825,纳尔股份,11.23,0.0,0.0,11.23,11.24,11.23,11.22,11.27,11.15,3647208.0,40883563.0,13:52:45
sz002826,易明医药,21.38,1.35,6.74,21.35,21.38,20.03,19.94,21.66,19.85,7529300.0,155925400.0,13:52:48
sz002827,高争民爆,32.7,0.52,1.616,32.69,32.7,32.18,32.2,32.8,31.94,1990591.0,64408216.0,13:52:48
sz002828,贝肯能源,11.93,-0.17,-1.405,11.92,11.93,12.1,12.0,12.06,11.7,12860154.0,152149408.0,13:52:48
sz002829,星网宇达,23.13,-0.07,-0.302,23.13,23.17,23.2,23.4,23.43,22.91,3373220.0,77827988.0,13:52:48
sz002830,名雕股份,21.62,0.34,1.598,21.61,21.62,21.28,21.28,21.63,21.05,1162500.0,24824532.0,13:52:48
sz002831,裕同科技,36.37,0.03,0.083,36.34,36.36,36.34,36.25,36.87,36.01,7110412.0,258759620.0,13:52:48
sz002832,比音勒芬,17.71,0.18,1.027,17.7,17.71,17.53,17.46,17.93,17.37,7574650.0,134168305.0,13:52:48
sz002833,弘亚数控,18.15,0.33,1.852,18.14,18.15,17.82,17.82,18.25,17.79,2288320.0,41217382.0,13:52:45
sz002835,同为股份,15.85,0.2,1.278,15.85,15.86,15.65,15.64,15.86,15.6,1426592.0,22466605.0,13:52:48
sz002836,新宏泽,12.94,0.23,1.81,12.94,12.95,12.71,12.7,13.0,12.62,1834108.0,23386024.0,13:52:48
sz002837,英维克,105.09,-0.22,-0.209,105.06,105.09,105.31,106.9,106.91,104.2,27167971.0,2863756702.0,13:52:48
sz002838,道恩股份,28.13,1.27,4.728,28.12,28.13,26.86,26.9,28.64,26.6,6770815.0,188691577.0,13:52:48
sz002839,张家港行,4.53,0.02,0.443,4.52,4.53,4.51,4.52,4.54,4.5,12953560.0,58544572.0,13:52:48
sz002840,华统股份,13.58,-0.1,-0.731,13.57,13.58,13.68,13.6,13.77,13.13,45687899.0,613466167.0,13:52:48
sz002841,视源股份,34.85,-0.05,-0.143,34.85,34.87,34.9,34.85,35.48,34.7,3648869.0,128187102.0,13:53:00
sz002842,翔鹭钨业,33.89,2.21,6.976,33.89,33.9,31.68,31.89,34.85,30.98,60364733.0,2012852539.0,13:53:00
sz002843,泰嘉股份,24.7,0.24,0.981,24.69,24.7,24.46,24.43,25.17,24.27,19397734.0,479328521.0,13:53:00
sz002845,同兴达,13.88,0.1,0.726,13.87,13.88,13.78,13.77,13.99,13.73,3837170.0,53197046.0,13:53:00
sz002846,英联股份,14.59,0.02,0.137,14.58,14.59,14.57,14.56,14.73,14.5,2777360.0,40605254.0,13:52:54
sz002847,盐津铺子,54.73,-0.36,-0.653,54.73,54.74,55.09,55.0,55.15,54.37,1688299.0,92241727.0,13:53:00
sz002848,*ST高斯,14.79,0.51,3.571,14.78,14.79,14.28,14.46,14.84,14.18,3264600.0,47513761.0,13:52:48
sz002849,威星智能,18.09,-0.12,-0.659,18.08,18.09,18.21,18.21,18.45,18.01,3691900.0,67025474.0,13:52:54
sz002850,科达利,205.59,18.69,10.0,205.59,0.0,186.9,194.83,205.59,192.02,5136802.0,1029851822.0,13:53:00
sz002851,麦格米特,104.82,-0.77,-0.729,104.8,104.82,105.59,105.59,106.8,104.04,12740829.0,1341573867.0,13:53:00
sz002852,道道全,9.94,0.17,1.74,9.93,9.94,9.77,9.78,9.94,9.7,3176600.0,31155515.0,13:52:57
sz002853,皮阿诺,25.49,-0.25,-0.971,25.49,25.51,25.74,26.0,26.23,25.07,1949000.0,49457836.0,13:52:36
sz002855,捷荣技术,11.74,0.18,1.557,11.73,11.74,11.56,11.58,11.75,11.4,2108817.0,24448225.0,13:53:00
sz002856,美芝股份,11.73,0.19,1.646,11.73,11.74,11.54,11.64,11.85,11.35,3533820.0,41000869.0,13:53:00
sz002857,三晖电气,21.31,0.28,1.331,21.31,21.32,21.03,21.08,21.33,20.86,1597500.0,33716079.0,13:53:00
sz002858,力盛体育,16.22,0.59,3.775,16.21,16.22,15.63,15.63,16.34,15.55,6332800.0,101657532.0,13:53:00
sz002859,洁美科技,46.33,4.21,9.995,46.32,46.33,42.12,42.12,46.33,42.12,14614093.0,657482599.0,13:53:00
sz002860,星帅尔,12.95,-0.15,-1.145,12.94,12.95,13.1,12.97,13.1,12.73,8120893.0,104513208.0,13:53:00
sz002861,瀛通通讯,15.9,0.2,1.274,15.88,15.9,15.7,15.8,15.9,15.58,2783000.0,43833980.0,13:52:57
sz002862,实丰文化,17.19,0.08,0.468,17.17,17.19,17.11,17.1,17.2,16.85,2230540.0,37909012.0,13:53:00
sz002863,今飞凯达,5.57,0.09,1.642,5.57,5.58,5.48,5.52,5.62,5.49,7613450.0,42428927.0,13:53:00
sz002864,盘龙药业,32.37,0.09,0.279,32.36,32.38,32.28,32.26,32.37,31.75,2000700.0,64098902.0,13:53:00
sz002865,钧达股份,74.56,1.6,2.193,74.56,74.57,72.96,73.82,76.3,72.5,16526074.0,1234528505.0,13:53:00
sz002866,传艺科技,23.37,-0.25,-1.058,23.36,23.37,23.62,23.63,23.86,23.18,25847275.0,606033343.0,13:53:00
sz002867,周大生,12.47,-0.58,-4.444,12.47,12.48,13.05,12.99,13.09,12.42,21497785.0,273650562.0,13:53:00
sz002868,*ST绿康,39.5,-0.6,-1.496,39.49,39.5,40.1,40.1,40.48,39.02,558400.0,22119458.0,13:52:48
sz002869,金溢科技,22.12,0.02,0.09,22.12,22.14,22.1,22.07,22.19,22.03,2118200.0,46801981.0,13:53:00
sz002870,香山股份,36.42,0.64,1.789,36.38,36.42,35.78,36.0,36.97,35.78,1560205.0,56887445.0,13:52:51
sz002871,伟隆股份,18.05,-0.29,-1.581,18.04,18.05,18.34,18.36,18.55,17.91,4565172.0,82460373.0,13:53:00
sz002872,ST天圣,5.08,-0.01,-0.196,5.08,5.09,5.09,5.1,5.11,5.05,1249050.0,6328286.0,13:53:00
sz002873,新天药业,9.87,-0.13,-1.3,9.87,9.88,10.0,9.98,9.99,9.73,10733300.0,105157031.0,13:53:00
sz002875,安奈儿,20.99,1.91,10.01,20.99,0.0,19.08,18.98,20.99,18.98,16100549.0,329293479.0,13:52:54
sz002876,三利谱,29.6,0.69,2.387,29.6,29.61,28.91,28.89,29.8,28.45,9658118.0,279451836.0,13:53:00
sz002877,智能自控,8.99,0.15,1.697,8.99,9.0,8.84,8.93,9.0,8.82,4311560.0,38459266.0,13:53:00
sz002878,元隆雅图,17.79,0.09,0.508,17.78,17.79,17.7,17.68,18.08,17.42,10471497.0,185230115.0,13:53:00
sz002879,长缆科技,21.47,0.13,0.609,21.46,21.47,21.34,21.29,21.48,20.68,5491700.0,115724599.0,13:53:00
sz002880,卫光生物,27.29,0.26,0.962,27.28,27.29,27.03,27.02,27.39,26.81,1558420.0,42344523.0,13:53:00
sz002881,美格智能,40.04,1.38,3.57,40.03,40.04,38.66,39.0,40.57,38.81,4506141.0,178180421.0,13:53:00
sz002882,金龙羽,28.98,0.98,3.5,28.95,28.96,28.0,27.71,29.3,27.5,10819963.0,307497018.0,13:53:00
sz002883,中设股份,9.72,0.19,1.994,9.72,9.73,9.53,9.57,9.73,9.42,2770684.0,26496271.0,13:53:00
sz002884,凌霄泵业,18.85,0.08,0.426,18.85,18.86,18.77,18.78,19.29,18.73,4284169.0,81028042.0,13:53:00
sz002885,京泉华,26.08,0.02,0.077,26.07,26.08,26.06,26.06,26.4,25.68,16605760.0,434087456.0,13:53:00
sz002886,沃特股份,22.13,0.29,1.328,22.13,22.14,21.84,21.86,22.22,21.73,3553900.0,78333521.0,13:53:00
sz002887,绿茵生态,11.37,0.11,0.977,11.35,11.37,11.26,11.27,11.37,11.1,1981000.0,22247060.0,13:52:57
sz002888,惠威科技,19.02,0.17,0.902,19.01,19.03,18.85,18.84,19.03,18.62,1382700.0,25992914.0,13:52:48
sz002889,东方嘉盛,13.59,0.22,1.645,13.58,13.59,13.37,13.39,13.79,13.32,1941100.0,26338296.0,13:52:48
sz002890,弘宇股份,16.68,0.51,3.154,16.67,16.68,16.17,16.28,16.74,16.11,1185300.0,19435116.0,13:52:54
sz002891,中宠股份,41.79,-0.05,-0.12,41.78,41.79,41.84,41.76,42.46,40.93,15987412.0,668284836.0,13:53:00
sz002892,科力尔,11.01,0.1,0.917,11.01,11.02,10.91,10.96,11.03,10.94,3107632.0,34158427.0,13:53:00
sz002893,京能热力,10.34,-0.01,-0.097,10.34,10.35,10.35,10.35,10.36,10.26,5770300.0,59455669.0,13:53:00
sz002895,川恒股份,38.42,0.76,2.018,38.41,38.42,37.66,37.57,38.88,37.25,6381046.0,243737421.0,13:53:00
sz002896,中大力德,73.31,-0.65,-0.879,73.31,73.33,73.96,74.0,74.9,73.01,3687146.0,271142499.0,13:53:00
sz002897,意华股份,66.55,0.25,0.377,66.54,66.56,66.3,66.29,67.4,65.58,8204431.0,545171343.0,13:53:00
sz002898,*ST赛隆,13.51,0.07,0.521,13.49,13.51,13.44,13.38,13.63,13.23,1124210.0,15103959.0,13:52:09
sz002899,英派斯,33.19,2.05,6.583,33.18,33.19,31.14,31.15,33.3,31.15,5376800.0,175518299.0,13:53:00
sz002900,哈三联,11.6,-0.1,-0.855,11.59,11.6,11.7,11.64,11.73,11.48,4492900.0,51908807.0,13:53:00
sz002901,大博医疗,43.96,-0.18,-0.408,43.95,43.97,44.14,44.14,44.36,43.73,961000.0,42218157.0,13:53:00
sz002902,铭普光磁,30.11,0.31,1.04,30.1,30.11,29.8,29.82,30.7,28.94,37086751.0,1106234162.0,13:53:00
sz002903,宇环数控,31.09,0.04,0.129,31.07,31.09,31.05,31.06,31.5,30.61,6281360.0,195059377.0,13:53:00
sz002905,金逸影视,9.91,0.33,3.445,9.91,9.92,9.58,9.61,9.93,9.61,7603920.0,74603684.0,13:53:00
sz002906,华阳集团,31.35,0.22,0.707,31.34,31.35,31.13,31.26,31.94,31.16,5968587.0,187763468.0,13:53:00
sz002907,华森制药,14.53,0.11,0.763,14.52,14.53,14.42,14.4,14.61,14.21,4446100.0,63913110.0,13:52:57
sz002908,德生科技,9.18,0.2,2.227,9.17,9.18,8.98,8.99,9.18,8.98,5448740.0,49546103.0,13:53:00
sz002909,集泰股份,6.44,0.21,3.371,6.44,6.45,6.23,6.24,6.45,6.2,6803980.0,43071756.0,13:53:00
sz002910,庄园牧场,10.77,0.25,2.376,10.77,10.78,10.52,10.55,10.78,10.41,2433100.0,25819516.0,13:52:57
sz002911,佛燃能源,13.65,-0.1,-0.727,13.64,13.65,13.75,13.72,13.72,13.48,8080199.0,109731713.0,13:52:57
sz002912,中新赛克,26.57,0.54,2.075,26.55,26.57,26.03,26.03,26.65,26.02,3029400.0,79965646.0,13:53:00
sz002913,奥士康,50.73,-0.19,-0.373,50.7,50.74,50.92,50.58,51.0,50.0,5811463.0,294113088.0,13:52:57
sz002915,中欣氟材,21.3,0.28,1.332,21.29,21.3,21.02,21.18,21.4,21.05,3104687.0,65983709.0,13:53:00
sz002916,深南电路,268.8,-2.13,-0.786,268.78,268.82,270.93,270.86,272.21,266.34,7637247.0,2056149943.0,13:53:00
sz002917,金奥博,14.16,0.14,0.999,14.15,14.16,14.02,14.03,14.17,13.82,4322491.0,60494525.0,13:53:00
sz002918,蒙娜丽莎,11.91,0.38,3.296,11.9,11.91,11.53,11.53,12.12,11.5,5711920.0,67377668.0,13:53:00
sz002919,名臣健康,20.36,0.44,2.209,20.35,20.36,19.92,19.91,20.48,19.91,3124100.0,63335367.0,13:53:00
sz002920,德赛西威,107.98,3.53,3.38,107.97,107.99,104.45,105.97,108.48,105.81,8770328.0,942295692.0,13:53:00
sz002921,联诚精密,27.66,-0.34,-1.214,27.65,27.67,28.0,27.99,28.22,27.48,3166200.0,87790213.0,13:53:00
sz002922,伊戈尔,39.73,1.15,2.981,39.72,39.73,38.58,39.45,40.2,37.53,16631059.0,651929275.0,13:53:00
sz002923,润都股份,12.86,-0.24,-1.832,12.85,12.86,13.1,13.12,13.18,12.76,10581840.0,136194124.0,13:53:00
sz002925,盈趣科技,20.13,0.25,1.258,20.12,20.13,19.88,19.99,20.31,19.76,11715999.0,234192207.0,13:53:00
sz002926,华西证券,8.6,-0.02,-0.232,8.6,8.61,8.62,8.63,8.66,8.58,10368389.0,89388371.0,13:53:00
sz002927,泰永长征,17.1,0.23,1.363,17.1,17.11,16.87,16.85,17.15,16.56,5384574.0,90945846.0,13:53:00
sz002928,华夏航空,8.55,0.05,0.588,8.55,8.56,8.5,8.56,8.59,8.46,15559228.0,132662740.0,13:52:51
sz002929,润建股份,63.1,3.75,6.318,63.1,63.11,59.35,59.01,65.25,58.99,23139213.0,1430777061.0,13:52:51
sz002930,宏川智慧,13.81,0.32,2.372,13.81,13.82,13.49,13.52,13.99,13.42,6842634.0,94088905.0,13:52:48
sz002931,锋龙股份,69.45,0.82,1.195,69.45,69.47,68.63,69.4,70.92,68.51,7362480.0,513719318.0,13:52:48
sz002932,明德生物,16.97,0.08,0.474,16.96,16.97,16.89,16.91,17.04,16.75,1761116.0,29718059.0,13:52:51
sz002933,新兴装备,32.88,-0.02,-0.061,32.88,32.9,32.9,32.9,33.05,32.58,1094900.0,35937806.0,13:52:42
sz002935,天奥电子,18.76,0.05,0.267,18.75,18.76,18.71,18.66,18.91,18.54,4114783.0,77028595.0,13:52:48
sz002936,郑州银行,1.82,0.0,0.0,1.81,1.82,1.82,1.82,1.83,1.81,48025705.0,87406918.0,13:52:51
sz002937,兴瑞科技,30.89,-0.16,-0.515,30.86,30.88,31.05,31.05,31.48,30.7,4821600.0,149747518.0,13:52:48
sz002938,鹏鼎控股,60.69,1.27,2.137,60.68,60.7,59.42,59.4,62.53,59.18,32552976.0,1987017397.0,13:52:51
sz002939,长城证券,9.19,0.0,0.0,9.18,9.19,9.19,9.21,9.26,9.18,10964625.0,101075526.0,13:52:51
sz002940,昂利康,35.6,3.24,10.012,35.6,0.0,32.36,31.61,35.6,31.43,19047636.0,659454962.0,13:52:48
sz002941,新疆交建,15.8,-0.02,-0.126,15.79,15.8,15.82,15.77,15.86,15.67,5607920.0,88298132.0,13:52:48
sz002942,新农股份,19.51,0.26,1.351,19.51,19.52,19.25,19.24,19.68,19.05,1465280.0,28377041.0,13:52:51
sz002943,宇晶股份,57.38,3.84,7.172,57.38,57.4,53.54,53.8,58.18,53.56,25642842.0,1442704692.0,13:52:51
sz002945,华林证券,15.7,0.02,0.128,15.7,15.71,15.68,15.78,15.8,15.66,7004000.0,110147784.0,13:52:51
sz002946,新乳业,18.28,0.14,0.772,18.28,18.29,18.14,18.15,18.3,17.8,3711474.0,66967600.0,13:52:48
sz002947,恒铭达,72.17,2.78,4.006,72.15,72.17,69.39,69.32,73.5,68.68,12783022.0,916537027.0,13:52:51
sz002948,青岛银行,5.25,0.04,0.768,5.24,5.25,5.21,5.24,5.27,5.2,30331907.0,159053388.0,13:52:51
sz002949,华阳国际,14.18,0.43,3.127,14.17,14.18,13.75,13.85,14.18,13.8,3246600.0,45405713.0,13:52:48
sz002950,奥美医疗,13.38,-0.48,-3.463,13.38,13.39,13.86,13.86,13.95,13.34,20800750.0,281173948.0,13:52:51
sz002951,金时科技,14.9,-0.01,-0.067,14.9,14.91,14.91,14.87,15.21,14.7,4389321.0,65698523.0,13:52:42
sz002952,亚世光电,25.85,-0.44,-1.674,25.84,25.85,26.29,26.0,26.16,25.61,4097200.0,105619650.0,13:52:51
sz002953,日丰股份,12.27,0.2,1.657,12.26,12.27,12.07,12.11,12.47,11.91,6517514.0,79410309.0,13:52:51
sz002955,鸿合科技,25.25,0.14,0.558,25.24,25.27,25.11,25.1,25.52,24.99,1074070.0,27148345.0,13:52:45
sz002956,西麦食品,27.86,0.44,1.605,27.86,27.87,27.42,27.6,27.9,27.18,1342982.0,37139442.0,13:52:51
sz002957,科瑞技术,41.88,-0.04,-0.095,41.81,41.88,41.92,41.82,42.11,40.14,28189265.0,1155554481.0,13:52:51
sz002958,青农商行,2.98,-0.01,-0.334,2.98,2.99,2.99,2.99,3.01,2.98,32889800.0,98382222.0,13:52:51
sz002959,小熊电器,42.95,0.14,0.327,42.95,42.96,42.81,42.81,42.96,42.59,840232.0,35982811.0,13:52:48
sz002960,青鸟消防,12.2,-0.05,-0.408,12.19,12.2,12.25,12.21,12.32,12.17,7569780.0,92558016.0,13:52:51
sz002961,瑞达期货,23.82,0.72,3.117,23.81,23.82,23.1,23.1,24.76,23.1,11722881.0,281949439.0,13:52:51
sz002962,五方光电,16.52,-0.28,-1.667,16.51,16.52,16.8,16.36,16.68,16.2,24238729.0,397918857.0,13:52:51
sz002963,豪尔赛,14.82,0.58,4.073,14.82,14.83,14.24,14.23,14.89,14.12,3684800.0,53922202.0,13:52:51
sz002965,祥鑫科技,30.96,0.46,1.508,30.96,30.98,30.5,30.75,31.23,30.54,3399960.0,105101701.0,13:52:51
sz002966,苏州银行,8.59,-0.03,-0.348,8.58,8.59,8.62,8.64,8.74,8.55,22503116.0,194743269.0,13:52:51
sz002967,广电计量,21.3,0.12,0.567,21.29,21.3,21.18,21.3,21.4,21.1,4483032.0,95216063.0,13:52:51
sz002968,新大正,11.96,0.21,1.787,11.95,11.96,11.75,11.79,11.96,11.63,1527400.0,17960231.0,13:52:42
sz002969,嘉美包装,22.9,-0.56,-2.387,22.9,22.91,23.46,22.99,23.38,22.61,39086027.0,896097947.0,13:52:51
sz002970,锐明技术,60.22,1.42,2.415,60.21,60.24,58.8,59.26,61.09,59.0,6598444.0,397074819.0,13:52:51
sz002971,和远气体,30.18,0.58,1.959,30.16,30.18,29.6,29.55,30.23,29.23,2044430.0,60798411.0,13:52:51
sz002972,科安达,13.02,0.2,1.56,13.02,13.03,12.82,12.81,13.02,12.8,2484020.0,32062363.0,13:52:45
sz002973,侨银股份,13.2,0.5,3.937,13.2,13.21,12.7,12.72,13.25,12.68,3679800.0,47765243.0,13:52:51
sz002975,博杰股份,90.7,3.78,4.349,90.69,90.7,86.92,86.66,91.66,86.16,8638847.0,768830997.0,13:52:51
sz002976,瑞玛精密,28.62,0.51,1.814,28.61,28.62,28.11,28.3,29.32,28.18,1685500.0,48205193.0,13:52:51
sz002977,天箭科技,29.79,-0.02,-0.067,29.8,29.83,29.81,29.51,30.0,29.4,1901992.0,56544624.0,13:52:51
sz002978,安宁股份,33.91,0.53,1.588,33.9,33.91,33.38,33.48,33.99,33.38,2607966.0,88159657.0,13:52:51
sz002979,雷赛智能,39.47,0.26,0.663,39.47,39.49,39.21,39.49,39.83,39.3,2439800.0,96381638.0,13:52:51
sz002980,华盛昌,65.16,-5.38,-7.627,65.12,65.16,70.54,70.91,72.5,63.72,25938072.0,1720654190.0,13:52:51
sz002981,朝阳科技,24.43,0.24,0.992,24.42,24.45,24.19,24.29,24.49,24.03,1185440.0,28819748.0,13:52:51
sz002982,湘佳股份,14.41,0.02,0.139,14.4,14.41,14.39,14.39,14.41,14.1,2828912.0,40232841.0,13:52:51
sz002983,芯瑞达,23.87,0.1,0.421,23.86,23.87,23.77,23.79,24.06,23.52,1453738.0,34692069.0,13:52:42
sz002984,森麒麟,17.85,0.13,0.734,17.84,17.85,17.72,17.94,18.2,17.82,10314260.0,185082585.0,13:52:51
sz002985,北摩高科,36.75,-0.44,-1.183,36.73,36.76,37.19,37.22,37.4,36.62,5695301.0,209719061.0,13:52:51
sz002986,宇新股份,14.92,0.2,1.359,14.92,14.93,14.72,14.75,14.99,14.65,4049888.0,60056415.0,13:52:51
sz002987,京北方,16.68,0.1,0.603,16.67,16.68,16.58,16.65,16.73,16.58,4481951.0,74709840.0,13:52:51
sz002988,豪美新材,34.18,-0.2,-0.582,34.15,34.16,34.38,34.24,34.8,33.7,3560026.0,121363952.0,13:52:51
sz002989,中天精装,26.76,-0.37,-1.364,26.74,26.75,27.13,27.33,27.33,26.25,5145494.0,136846183.0,13:52:51
sz002990,盛视科技,46.32,4.21,9.998,46.32,0.0,42.11,42.42,46.32,42.07,23698180.0,1069231991.0,13:52:51
sz002991,甘源食品,50.28,0.12,0.239,50.28,50.31,50.16,50.1,50.4,49.9,319300.0,16031136.0,13:52:48
sz002992,宝明科技,50.17,-0.31,-0.614,50.15,50.16,50.48,50.57,50.59,49.64,954600.0,47820236.0,13:52:39
sz002993,奥海科技,52.14,0.06,0.115,52.13,52.16,52.08,52.19,52.84,51.79,3943700.0,206083523.0,13:52:51
sz002995,天地在线,24.06,0.74,3.173,24.05,24.06,23.32,23.73,24.39,23.29,13266400.0,317997728.0,13:52:51
sz002996,顺博合金,7.48,0.13,1.769,7.47,7.48,7.35,7.41,7.48,7.39,6622726.0,49314858.0,13:52:48
sz002997,瑞鹄模具,32.42,0.76,2.401,32.39,32.42,31.66,31.77,32.56,31.77,2693692.0,87010704.0,13:52:51
sz002998,优彩资源,9.22,0.44,5.011,9.22,9.24,8.78,8.84,9.25,8.75,11177096.0,100700103.0,13:52:51
sz002999,天禾股份,7.01,0.14,2.038,7.0,7.01,6.87,6.88,7.01,6.83,5161000.0,35680897.0,13:52:51
sz003000,劲仔食品,10.39,0.05,0.484,10.38,10.39,10.34,10.33,10.42,10.27,1744300.0,18052622.0,13:52:36
sz003001,中岩大地,16.91,0.1,0.595,16.9,16.91,16.81,16.86,16.93,16.56,1984613.0,33171909.0,13:52:51
sz003002,壶化股份,28.48,0.66,2.372,28.47,28.5,27.82,28.17,28.65,27.78,3320200.0,93995983.0,13:52:51
sz003003,天元股份,13.24,0.32,2.477,13.23,13.24,12.92,12.95,13.24,12.83,2205900.0,28710948.0,13:52:51
sz003004,*ST声迅,31.54,0.54,1.742,31.52,31.55,31.0,30.8,31.67,30.8,381100.0,11946758.0,13:52:42
sz003005,竞业达,18.28,0.24,1.33,18.27,18.28,18.04,18.07,18.3,18.05,1497020.0,27209704.0,13:52:48
sz003006,百亚股份,16.87,-0.12,-0.706,16.86,16.87,16.99,16.98,17.02,16.78,2655200.0,44817820.0,13:52:51
sz003007,直真科技,45.2,0.85,1.917,45.19,45.2,44.35,44.2,45.65,43.8,5952457.0,267469413.0,13:52:51
sz003008,开普检测,23.56,0.51,2.213,23.54,23.56,23.05,23.17,23.56,22.79,1423800.0,32917823.0,13:52:48
sz003009,中天火箭,58.47,-0.94,-1.582,58.48,58.5,59.41,59.26,59.39,58.38,3012314.0,176826979.0,13:52:51
sz003010,若羽臣,31.32,0.53,1.721,31.31,31.33,30.79,30.81,31.8,30.55,6804382.0,213068855.0,13:52:51
sz003011,海象新材,24.22,0.67,2.845,24.21,24.22,23.55,23.57,24.22,23.42,1900200.0,45269637.0,13:52:48
sz003012,东鹏控股,6.29,0.05,0.801,6.28,6.29,6.24,6.29,6.3,6.22,4974184.0,31125967.0,13:52:51
sz003013,地铁设计,13.28,0.07,0.53,13.28,13.29,13.21,13.2,13.32,13.2,929400.0,12322027.0,13:52:51
sz003015,日久光电,16.11,-0.25,-1.528,16.11,16.12,16.36,16.32,16.42,15.99,8475204.0,136807169.0,13:52:54
sz003016,欣贺股份,8.25,0.12,1.476,8.24,8.25,8.13,8.13,8.25,8.1,3142600.0,25705914.0,13:52:54
sz003017,大洋生物,30.9,0.32,1.046,30.89,30.91,30.58,30.6,30.92,30.32,1033400.0,31720161.0,13:52:48
sz003018,金富科技,35.12,-0.47,-1.321,35.12,35.13,35.59,35.97,36.79,34.85,9482700.0,337831890.0,13:52:54
sz003019,宸展光电,33.6,-0.45,-1.322,33.59,33.6,34.05,34.04,34.2,33.51,2864087.0,96562504.0,13:52:51
sz003020,立方制药,24.33,-0.22,-0.896,24.33,24.34,24.55,24.55,24.55,24.1,1013000.0,24565743.0,13:52:54
sz003021,兆威机电,100.12,0.21,0.21,100.12,100.13,99.91,101.65,102.22,99.96,2144658.0,216071194.0,13:52:51
sz003022,联泓新科,21.62,0.0,0.0,21.62,21.63,21.62,21.62,21.85,21.46,6324952.0,137202023.0,13:52:54
sz003023,彩虹集团,28.01,1.67,6.34,28.02,28.04,26.34,26.36,28.18,26.11,5252660.0,144079701.0,13:52:54
sz003025,思进智能,13.98,0.14,1.012,13.98,13.99,13.84,13.82,13.99,13.7,3198959.0,44229627.0,13:52:54
sz003026,中晶科技,37.06,0.28,0.761,37.04,37.06,36.78,36.9,37.48,36.54,5164750.0,191670557.0,13:52:54
sz003027,同兴科技,22.08,-0.51,-2.258,22.07,22.08,22.59,22.52,22.52,21.36,4708800.0,102986134.0,13:52:51
sz003028,振邦智能,27.94,0.19,0.685,27.94,27.96,27.75,27.74,28.1,27.5,1048060.0,29227358.0,13:52:39
sz003029,吉大正元,21.72,0.1,0.463,21.71,21.73,21.62,21.71,22.0,21.49,4818205.0,104859653.0,13:52:54
sz003030,祖名股份,20.39,0.22,1.091,20.39,20.4,20.17,20.18,20.45,20.03,904300.0,18249076.0,13:52:48
sz003031,中瓷电子,102.37,-0.92,-0.891,102.36,102.37,103.29,102.6,103.29,99.67,9543724.0,967061449.0,13:52:54
sz003032,*ST传智,6.45,0.09,1.415,6.44,6.45,6.36,6.36,6.45,6.35,2904600.0,18576436.0,13:52:54
sz003033,征和工业,60.37,0.86,1.445,60.32,60.37,59.51,59.48,60.7,59.13,1198600.0,72138170.0,13:52:48
sz003035,南网能源,7.8,0.02,0.257,7.8,7.81,7.78,7.7,7.98,7.6,67713582.0,527935235.0,13:52:54
sz003036,泰坦股份,28.76,-0.94,-3.165,28.76,28.77,29.7,29.7,29.7,28.21,15112300.0,436030154.0,13:52:54
sz003037,三和管桩,7.18,0.05,0.701,7.16,7.18,7.13,7.13,7.18,7.1,1912400.0,13663019.0,13:52:51
sz003038,鑫铂股份,16.17,0.48,3.059,16.16,16.17,15.69,15.72,17.26,15.72,27727632.0,461962088.0,13:52:54
sz003039,顺控发展,14.72,0.03,0.204,14.7,14.72,14.69,14.8,14.88,14.62,1477945.0,21726379.0,13:52:48
sz003040,楚天龙,16.1,0.15,0.94,16.09,16.1,15.95,15.95,16.11,15.86,3725095.0,59609301.0,13:52:54
sz003041,真爱美家,57.97,5.27,10.0,57.97,0.0,52.7,54.0,57.97,53.75,5152815.0,290320841.0,13:52:30
sz003042,中农联合,17.47,0.24,1.393,17.46,17.47,17.23,17.25,17.48,16.98,3739350.0,64565089.0,13:52:54
sz003043,华亚智能,54.57,0.04,0.073,54.56,54.58,54.53,55.07,56.0,53.61,2527160.0,138324600.0,13:52:54
sz003816,中国广核,4.4,-0.05,-1.124,4.4,4.41,4.45,4.45,4.46,4.39,82799900.0,365140743.0,13:52:54
sz300001,特锐德,28.83,0.19,0.663,28.82,28.83,28.64,28.7,29.2,28.34,16163383.0,463830456.0,13:52:54
sz300002,神州泰岳,9.67,0.1,1.045,9.66,9.67,9.57,9.6,9.7,9.57,25774642.0,248673554.0,13:52:54
sz300003,乐普医疗,16.55,-0.04,-0.241,16.54,16.55,16.59,16.54,16.62,16.42,15641803.0,258467568.0,13:52:54
sz300004,南风股份,14.59,-0.28,-1.883,14.58,14.59,14.87,15.11,15.36,14.42,17289500.0,253172499.0,13:52:51
sz300005,探路者,14.43,-0.07,-0.483,14.43,14.44,14.5,14.53,14.64,14.16,16654265.0,239614474.0,13:52:54
sz300006,莱美药业,6.42,0.21,3.382,6.41,6.42,6.21,6.23,6.44,6.15,65219471.0,409487764.0,13:52:54
sz300007,汉威科技,44.13,0.66,1.518,44.12,44.13,43.47,44.02,44.55,43.67,6624672.0,291581147.0,13:52:54
sz300008,天海防务,7.58,0.04,0.531,7.57,7.58,7.54,7.56,7.59,7.5,32397600.0,244852334.0,13:52:54
sz300009,安科生物,9.89,-0.06,-0.603,9.88,9.89,9.95,9.93,9.95,9.83,12855455.0,126961609.0,13:52:51
sz300010,豆神教育,6.14,0.06,0.987,6.13,6.14,6.08,6.08,6.17,6.08,23316189.0,142995915.0,13:52:54
sz300011,鼎汉技术,7.54,0.13,1.754,7.53,7.54,7.41,7.42,7.54,7.37,4206100.0,31371065.0,13:52:54
sz300012,华测检测,15.56,0.18,1.17,15.56,15.57,15.38,15.38,15.63,15.3,13463721.0,208664665.0,13:52:54
sz300013,新宁物流,3.8,0.05,1.333,3.8,3.81,3.75,3.77,3.81,3.73,7548300.0,28428901.0,13:52:54
sz300014,亿纬锂能,70.79,0.47,0.668,70.78,70.79,70.32,71.0,72.97,70.59,64481875.0,4616288033.0,13:52:54
sz300015,爱尔眼科,9.56,-0.06,-0.624,9.55,9.56,9.62,9.61,9.64,9.53,40923493.0,391520576.0,13:52:54
sz300016,北陆药业,10.34,-0.12,-1.147,10.33,10.34,10.46,10.38,10.41,10.24,15341303.0,158091168.0,13:52:54
sz300017,网宿科技,19.11,0.85,4.655,19.11,19.12,18.26,18.49,19.39,18.4,262188935.0,4989323657.0,13:52:54
sz300018,中元股份,13.04,0.13,1.007,13.03,13.04,12.91,13.04,13.06,12.68,8429699.0,108914827.0,13:52:54
sz300019,硅宝科技,19.88,0.17,0.863,19.87,19.88,19.71,19.79,19.93,19.64,4798923.0,95124392.0,13:52:54
sz300020,ST银江,3.72,0.04,1.087,3.71,3.72,3.68,3.68,3.78,3.66,17917100.0,66438410.0,13:52:51
sz300021,大禹节水,4.35,0.03,0.694,4.34,4.35,4.32,4.33,4.35,4.3,5892632.0,25457634.0,13:52:54
sz300022,吉峰科技,9.75,0.04,0.412,9.74,9.75,9.71,9.79,9.82,9.64,19603800.0,190416121.0,13:52:48
sz300024,机器人,14.96,0.11,0.741,14.96,14.97,14.85,14.9,15.05,14.88,10762769.0,161132936.0,13:52:54
sz300025,华星创业,5.32,0.15,2.901,5.32,5.33,5.17,5.18,5.34,5.14,8322365.0,43591036.0,13:52:54
sz300026,红日药业,3.61,-0.06,-1.635,3.6,3.61,3.67,3.66,3.69,3.59,49129298.0,178298649.0,13:52:54
sz300027,华谊兄弟,2.09,0.35,20.115,2.09,0.0,1.74,2.09,2.09,2.0,382040454.0,795418643.0,13:52:54
sz300029,*ST天龙,4.64,0.11,2.428,4.63,4.64,4.53,4.53,4.69,4.46,3292100.0,15099338.0,13:52:30
sz300030,阳普医疗,7.76,0.06,0.779,7.76,7.77,7.7,7.72,7.77,7.61,4114700.0,31650152.0,13:52:54
sz300031,宝通科技,21.37,0.45,2.151,21.36,21.37,20.92,21.12,21.48,21.07,6088383.0,129877700.0,13:52:54
sz300032,金龙机电,5.95,0.03,0.507,5.95,5.96,5.92,5.93,6.01,5.77,29698800.0,174991867.0,13:52:54
sz300033,同花顺,237.91,3.92,1.675,237.91,237.93,233.99,236.0,241.0,234.63,10876885.0,2592524747.0,13:52:54
sz300034,钢研高纳,19.19,0.09,0.471,19.19,19.2,19.1,19.02,19.29,18.98,7913203.0,151553082.0,13:52:54
sz300035,中科电气,22.9,0.16,0.704,22.89,22.9,22.74,23.08,23.3,22.86,31657731.0,730214085.0,13:52:54
sz300036,超图软件,16.04,0.24,1.519,16.03,16.04,15.8,15.88,16.06,15.8,5747650.0,91704025.0,13:52:54
sz300037,新宙邦,63.4,0.38,0.603,63.39,63.4,63.02,63.75,64.88,62.4,18796455.0,1198731068.0,13:52:54
sz300039,上海凯宝,5.98,-0.03,-0.499,5.98,5.99,6.01,6.0,6.01,5.94,10584500.0,63128531.0,13:52:54
sz300040,九洲集团,6.72,-0.05,-0.739,6.72,6.73,6.77,6.73,6.76,6.65,24205183.0,162278329.0,13:52:54
sz300041,回天新材,11.07,0.16,1.467,11.07,11.08,10.91,10.91,11.11,10.87,8047483.0,88623257.0,13:52:54
sz300042,朗科科技,48.84,0.07,0.144,48.85,48.88,48.77,48.0,49.82,47.06,18525964.0,902987247.0,13:52:54
sz300043,星辉娱乐,5.67,0.16,2.904,5.66,5.67,5.51,5.54,5.68,5.53,28348300.0,158687054.0,13:52:54
sz300044,ST赛为,6.61,-0.42,-5.974,6.6,6.61,7.03,6.91,6.96,6.52,34867902.0,235397630.0,13:52:54
sz300045,华力创通,23.02,0.19,0.832,23.01,23.02,22.83,22.84,23.12,22.59,16142215.0,369082421.0,13:52:54
sz300046,台基股份,31.53,0.26,0.831,31.52,31.53,31.27,31.58,31.58,31.13,2860011.0,89888815.0,13:52:54
sz300047,天源迪科,12.35,0.3,2.49,12.34,12.35,12.05,12.1,12.35,12.05,13803606.0,169324475.0,13:52:54
sz300048,合康新能,6.76,-0.02,-0.295,6.76,6.77,6.78,6.76,6.87,6.75,14064509.0,95463177.0,13:52:54
sz300049,福瑞医科,55.75,0.23,0.414,55.71,55.75,55.52,55.5,56.3,54.9,2973298.0,165211566.0,13:52:54
sz300050,世纪鼎利,7.34,-0.19,-2.523,7.33,7.34,7.53,7.5,7.51,7.31,32778600.0,242322285.0,13:52:54
sz300051,琏升科技,16.31,0.26,1.62,16.3,16.31,16.05,15.73,18.0,15.73,57183100.0,959644689.0,13:52:51
sz300052,中青宝,13.62,0.56,4.288,13.6,13.62,13.06,13.38,14.33,13.15,49407015.0,674558572.0,13:52:54
sz300053,航宇微,18.09,-0.1,-0.55,18.08,18.09,18.19,18.16,18.28,17.89,23358821.0,422131369.0,13:52:54
sz300054,鼎龙股份,51.45,-0.38,-0.733,51.45,51.47,51.83,52.11,52.35,51.27,18596744.0,961422135.0,13:52:54
sz300055,万邦达,12.09,-0.34,-2.735,12.08,12.09,12.43,12.48,12.56,12.03,23422200.0,283764783.0,13:52:54
sz300056,中创环保,9.34,0.18,1.965,9.34,9.35,9.16,9.2,9.38,9.01,10906700.0,100321209.0,13:52:54
sz300057,万顺新材,7.27,-0.23,-3.067,7.26,7.27,7.5,7.37,7.44,7.2,60087010.0,439840164.0,13:52:57
sz300058,蓝色光标,17.12,0.69,4.2,17.11,17.12,16.43,16.85,17.73,16.82,506777077.0,8758283126.0,13:52:57
sz300059,东方财富,20.0,0.15,0.756,20.0,20.01,19.85,19.94,20.25,19.86,179917279.0,3607644423.0,13:52:57
sz300061,旗天科技,8.18,0.18,2.25,8.17,8.18,8.0,8.01,8.18,7.99,7879800.0,63826681.0,13:52:57
sz300062,中能电气,7.74,0.05,0.65,7.73,7.74,7.69,7.77,7.77,7.55,13016620.0,99502130.0,13:52:57
sz300063,天龙集团,12.06,0.25,2.117,12.05,12.06,11.81,11.89,12.22,11.89,47038905.0,566582768.0,13:52:57
sz300065,海兰信,27.22,0.72,2.717,27.21,27.23,26.5,26.6,27.47,26.4,66192446.0,1780828136.0,13:52:57
sz300066,三川智慧,6.53,0.1,1.555,6.53,6.54,6.43,6.44,6.56,6.4,13781200.0,89274388.0,13:52:57
sz300067,安诺其,0.0,0.0,0.0,0.0,0.0,4.21,0.0,0.0,0.0,0.0,0.0,13:52:54
sz300068,南都电源,12.75,0.26,2.082,12.74,12.75,12.49,12.57,13.01,12.46,40416392.0,517126353.0,13:52:57
sz300069,金利华电,23.59,1.38,6.213,23.59,23.6,22.21,22.21,24.17,21.82,14519199.0,338108668.0,13:52:57
sz300070,碧水源,4.05,-0.02,-0.491,4.05,4.06,4.07,4.05,4.07,4.03,25524446.0,103334803.0,13:52:57
sz300071,福石控股,5.04,0.17,3.491,5.03,5.04,4.87,4.87,5.04,4.87,34462940.0,171576001.0,13:52:57
sz300072,海新能科,4.66,-0.15,-3.119,4.66,4.67,4.81,4.8,4.81,4.62,49742200.0,231740072.0,13:52:57
sz300073,当升科技,56.69,0.49,0.872,56.67,56.69,56.2,56.8,57.74,56.16,13084033.0,746123585.0,13:52:57
sz300074,华平股份,4.16,0.1,2.463,4.15,4.16,4.06,4.06,4.16,4.04,10528201.0,43196275.0,13:52:57
sz300075,数字政通,12.78,0.3,2.404,12.77,12.78,12.48,12.54,12.78,12.49,6617918.0,83812967.0,13:52:57
sz300076,GQY视讯,5.94,0.1,1.712,5.93,5.94,5.84,5.84,5.94,5.78,7460278.0,43586444.0,13:52:57
sz300077,国民技术,21.81,-0.12,-0.547,21.81,21.82,21.93,21.93,22.1,21.65,18033277.0,395028866.0,13:52:57
sz300078,思创智联,4.07,0.05,1.244,4.06,4.07,4.02,4.02,4.07,4.0,16223400.0,65401399.0,13:52:57
sz300079,数码视讯,5.4,0.09,1.695,5.39,5.4,5.31,5.32,5.4,5.31,18967987.0,101812206.0,13:52:57
sz300080,易成新能,4.62,0.01,0.217,4.61,4.62,4.61,4.63,4.65,4.56,18315281.0,84525658.0,13:52:57
sz300081,ST恒信,3.51,0.04,1.153,3.51,3.52,3.47,3.47,3.53,3.43,26449250.0,92174563.0,13:52:51
sz300082,奥克股份,11.4,0.22,1.968,11.38,11.39,11.18,11.24,11.88,11.24,30368911.0,350025640.0,13:52:57
sz300083,创世纪,7.59,0.06,0.797,7.58,7.59,7.53,7.53,7.62,7.53,11842129.0,89750166.0,13:52:57
sz300084,海默科技,10.79,0.19,1.792,10.79,10.8,10.6,10.64,10.99,10.64,12935000.0,139756461.0,13:52:57
sz300085,银之杰,37.43,0.37,0.998,37.43,37.45,37.06,37.05,38.36,36.8,25286486.0,953136892.0,13:52:57
sz300086,康芝药业,7.67,-0.28,-3.522,7.66,7.67,7.95,7.77,7.77,7.6,24267800.0,185298217.0,13:52:57
sz300087,荃银高科,8.08,0.04,0.498,8.08,8.09,8.04,8.03,8.09,7.98,7860042.0,63142224.0,13:52:57
sz300088,长信科技,7.77,0.96,14.097,7.76,7.77,6.81,6.82,8.17,6.82,684321849.0,5267569525.0,13:52:57
sz300091,*ST金灵,3.08,0.0,0.0,3.08,3.09,3.08,3.09,3.15,3.07,17811500.0,55416113.0,13:52:57
sz300092,科新机电,16.45,0.16,0.982,16.44,16.45,16.29,16.48,16.5,16.15,2726500.0,44624751.0,13:52:54
sz300093,*ST金刚,19.9,0.81,4.243,19.9,19.91,19.09,19.11,20.1,18.92,5282208.0,103231981.0,13:52:57
sz300094,国联水产,3.16,0.03,0.958,3.15,3.16,3.13,3.14,3.16,3.11,16899111.0,52976313.0,13:52:57
sz300095,华伍股份,9.65,-0.02,-0.207,9.65,9.66,9.67,9.66,9.67,9.51,5432600.0,52071098.0,13:52:57
sz300096,ST易联众,9.3,0.1,1.087,9.3,9.31,9.2,9.26,9.37,9.09,4638900.0,42637948.0,13:52:51
sz300097,智云股份,10.12,0.29,2.95,10.11,10.12,9.83,9.69,10.27,9.35,33277364.0,322120069.0,13:52:57
sz300098,高新兴,5.43,0.14,2.647,5.42,5.43,5.29,5.35,5.45,5.35,34786426.0,188081153.0,13:52:57
sz300099,尤洛卡,9.26,0.28,3.118,9.26,9.27,8.98,9.0,9.37,8.96,23115228.0,213354091.0,13:52:54
sz300100,双林股份,30.66,0.14,0.459,30.66,30.67,30.52,31.08,31.19,30.58,4230768.0,130404682.0,13:52:57
sz300101,振芯科技,21.21,0.13,0.617,21.21,21.22,21.08,21.12,21.29,20.87,9152649.0,193213618.0,13:52:57
sz300102,乾照光电,32.44,-0.26,-0.795,32.43,32.44,32.7,32.8,33.0,32.13,38927500.0,1265156153.0,13:52:57
sz300103,达刚控股,7.52,0.16,2.174,7.52,7.53,7.36,7.41,7.55,7.3,6217850.0,46341485.0,13:52:57
sz300105,龙源技术,6.7,0.06,0.904,6.69,6.7,6.64,6.63,6.7,6.58,4207200.0,27941291.0,13:52:57
sz300106,西部牧业,9.88,0.25,2.596,9.87,9.88,9.63,9.62,9.88,9.53,4551200.0,44102789.0,13:52:57
sz300107,建新股份,7.07,0.11,1.58,7.07,7.08,6.96,6.93,7.08,6.93,5613300.0,39413409.0,13:52:57
sz300109,新开源,18.75,0.15,0.806,18.74,18.75,18.6,18.5,18.89,18.47,6465500.0,120838888.0,13:52:51
sz300110,华仁药业,3.35,-0.03,-0.888,3.34,3.35,3.38,3.4,3.43,3.32,46000423.0,154620636.0,13:52:54
sz300111,向日葵,4.04,0.04,1.0,4.03,4.04,4.0,4.0,4.04,3.96,25390000.0,101690945.0,13:52:57
sz300112,万讯自控,8.02,0.23,2.953,8.01,8.02,7.79,7.83,8.03,7.73,6255400.0,49452780.0,13:52:57
sz300113,顺网科技,29.99,0.81,2.776,29.99,30.0,29.18,29.18,30.44,29.06,72912900.0,2175330971.0,13:52:57
sz300115,长盈精密,33.49,0.11,0.33,33.48,33.49,33.38,34.1,34.5,33.33,38235133.0,1297316497.0,13:52:57
sz300118,东方日升,16.67,0.22,1.337,16.67,16.68,16.45,16.5,16.85,16.25,38516950.0,640422966.0,13:52:57
sz300119,瑞普生物,18.94,-0.09,-0.473,18.94,18.95,19.03,18.95,19.02,18.69,3804934.0,71566407.0,13:52:54
sz300120,经纬辉开,7.49,0.17,2.322,7.49,7.5,7.32,7.32,7.49,7.26,6585281.0,48558261.0,13:52:57
sz300121,阳谷华泰,12.6,0.14,1.124,12.59,12.6,12.46,12.46,12.67,12.32,5086600.0,63701401.0,13:52:57
sz300122,智飞生物,15.64,-0.12,-0.761,15.63,15.64,15.76,15.72,15.78,15.58,9696347.0,151799355.0,13:52:57
sz300123,亚光科技,6.35,0.05,0.794,6.35,6.36,6.3,6.32,6.37,6.24,13767722.0,86974585.0,13:52:57
sz300124,汇川技术,66.89,-1.01,-1.487,66.88,66.89,67.9,68.33,68.68,66.7,28561362.0,1925891407.0,13:52:57
sz300125,*ST聆达,9.35,0.15,1.63,9.35,9.37,9.2,9.25,9.43,9.15,6510900.0,60770755.0,13:52:57
sz300126,锐奇股份,7.87,0.18,2.341,7.86,7.87,7.69,7.72,7.92,7.62,3074600.0,23906888.0,13:52:57
sz300127,银河磁体,30.54,0.42,1.394,30.53,30.54,30.12,30.07,30.63,29.96,3629715.0,110173133.0,13:52:54
sz300128,锦富技术,6.1,0.12,2.007,6.09,6.1,5.98,6.0,6.12,5.95,15907024.0,96101291.0,13:52:57
sz300129,泰胜风能,12.51,0.1,0.806,12.5,12.51,12.41,12.44,12.6,12.33,19549266.0,244032619.0,13:52:57
sz300130,新国都,23.44,0.37,1.604,23.44,23.45,23.07,23.1,23.46,23.09,6017418.0,140109319.0,13:52:57
sz300131,英唐智控,15.1,-0.36,-2.329,15.09,15.1,15.46,15.21,15.31,14.98,70601086.0,1068741173.0,13:52:57
sz300132,青松股份,8.46,0.08,0.955,8.45,8.46,8.38,8.38,8.49,8.29,8527066.0,71919730.0,13:52:57
sz300133,华策影视,7.51,0.26,3.586,7.51,7.52,7.25,7.43,7.6,7.38,69027133.0,516238888.0,13:52:57
sz300134,大富科技,11.07,0.19,1.746,11.07,11.08,10.88,10.9,11.15,10.71,15678514.0,171321181.0,13:52:54
sz300135,宝利国际,3.78,0.04,1.07,3.77,3.78,3.74,3.76,3.78,3.7,12337800.0,46046690.0,13:52:57
sz300136,信维通信,69.39,0.89,1.299,69.39,69.4,68.5,68.01,70.7,68.01,59855659.0,4140818133.0,13:52:57
sz300137,先河环保,16.1,1.02,6.764,16.09,16.1,15.08,14.82,17.0,14.82,70123054.0,1123618894.0,13:52:57
sz300138,晨光生物,12.03,0.0,0.0,12.03,12.04,12.03,12.0,12.04,11.93,3120077.0,37389298.0,13:52:57
sz300139,晓程科技,57.03,0.42,0.742,57.03,57.04,56.61,57.74,57.98,55.26,25262232.0,1427124267.0,13:52:57
sz300140,节能环境,6.29,0.0,0.0,6.28,6.29,6.29,6.28,6.3,6.22,12802300.0,80235238.0,13:52:57
sz300141,和顺电气,13.3,0.08,0.605,13.3,13.31,13.22,13.29,13.33,13.02,4002700.0,52812478.0,13:52:54
sz300142,沃森生物,12.69,-0.1,-0.782,12.68,12.69,12.79,12.72,12.78,12.62,22376100.0,284090105.0,13:52:57
sz300143,盈康生命,12.2,0.05,0.412,12.19,12.2,12.15,12.19,12.39,12.06,9625473.0,117720718.0,13:52:57
sz300144,宋城演艺,7.95,0.1,1.274,7.94,7.95,7.85,7.87,7.98,7.82,33635340.0,265675422.0,13:52:54
sz300145,南方泵业,5.15,0.07,1.378,5.14,5.15,5.08,5.08,5.19,5.07,63999913.0,328763654.0,13:53:00
sz300146,汤臣倍健,11.09,-0.1,-0.894,11.09,11.1,11.19,11.16,11.21,11.08,11138604.0,123924016.0,13:53:00
sz300147,ST香雪,9.8,-0.04,-0.407,9.79,9.8,9.84,9.78,9.98,9.74,9921101.0,97883001.0,13:53:00
sz300148,天舟文化,4.38,0.07,1.624,4.38,4.39,4.31,4.33,4.39,4.31,23608899.0,102616224.0,13:53:00
sz300149,睿智医药,11.38,-0.21,-1.812,11.37,11.38,11.59,11.2,11.41,11.1,31088744.0,349494663.0,13:52:57
sz300150,世纪瑞尔,5.48,0.12,2.239,5.47,5.48,5.36,5.4,5.48,5.35,6752600.0,36545923.0,13:52:57
sz300151,昌红科技,16.87,-0.02,-0.118,16.86,16.87,16.89,16.93,17.07,16.77,5176600.0,87420193.0,13:52:57
sz300152,ST新动力,2.15,0.02,0.939,2.15,2.16,2.13,2.12,2.16,2.12,13222030.0,28322033.0,13:52:57
sz300153,科泰电源,28.82,1.96,7.297,28.8,28.82,26.86,27.2,28.89,27.09,19892186.0,556704297.0,13:53:00
sz300154,瑞凌股份,8.41,0.1,1.203,8.41,8.42,8.31,8.37,8.47,8.26,3764700.0,31441228.0,13:53:00
sz300155,安居宝,4.7,0.06,1.293,4.69,4.7,4.64,4.65,4.71,4.61,5108600.0,23803063.0,13:52:54
sz300157,新锦动力,6.37,0.01,0.157,6.36,6.37,6.36,6.39,6.39,6.23,22075329.0,139359843.0,13:52:57
sz300158,振东制药,6.27,0.02,0.32,6.26,6.27,6.25,6.2,6.46,6.14,42683900.0,268781392.0,13:53:00
sz300159,*ST新研,3.4,0.16,4.938,3.4,3.41,3.24,3.24,3.46,3.24,50991078.0,171810461.0,13:52:57
sz300160,秀强股份,5.49,0.09,1.667,5.48,5.49,5.4,5.39,5.49,5.38,5860500.0,31942152.0,13:53:00
sz300161,华中数控,28.64,0.37,1.309,28.63,28.64,28.27,28.35,28.74,28.15,1489800.0,42396156.0,13:53:00
sz300162,雷曼光电,9.37,-0.09,-0.951,9.36,9.37,9.46,9.4,9.54,9.26,19033800.0,177986445.0,13:52:57
sz300163,先锋新材,5.04,0.46,10.044,5.04,5.05,4.58,4.57,5.07,4.52,47818453.0,230830317.0,13:53:00
sz300164,通源石油,13.59,-0.34,-2.441,13.58,13.59,13.93,13.78,13.79,13.34,62023400.0,838274259.0,13:52:57
sz300165,天瑞仪器,5.54,-0.1,-1.773,5.54,5.55,5.64,5.58,5.59,5.46,17582000.0,96746888.0,13:52:54
sz300166,东方国信,16.91,0.35,2.114,16.92,16.95,16.56,16.87,17.74,16.66,172414395.0,2950679178.0,13:53:00
sz300167,ST迪威迅,6.1,-0.06,-0.974,6.09,6.1,6.16,6.18,6.24,6.07,4750700.0,29028006.0,13:52:39
sz300168,万达信息,5.6,0.06,1.083,5.6,5.61,5.54,5.57,5.62,5.53,11460192.0,64007229.0,13:53:00
sz300169,天晟新材,5.99,0.17,2.921,5.98,5.99,5.82,5.85,5.99,5.78,6022100.0,35636230.0,13:53:00
sz300170,汉得信息,21.2,0.77,3.769,21.19,21.2,20.43,20.66,21.36,20.63,62627614.0,1323055422.0,13:53:00
sz300171,东富龙,14.94,0.06,0.403,14.93,14.94,14.88,14.87,14.97,14.76,3219303.0,47899886.0,13:52:57
sz300172,中电环保,5.34,0.07,1.328,5.33,5.34,5.27,5.27,5.34,5.23,10376721.0,54984856.0,13:52:54
sz300173,ST福能,4.31,0.03,0.701,4.31,4.32,4.28,4.3,4.33,4.28,4849100.0,20907226.0,13:53:00
sz300174,元力股份,17.01,-0.1,-0.584,17.01,17.04,17.11,17.01,17.14,16.91,4952579.0,84334606.0,13:53:00
sz300175,ST朗源,6.54,0.07,1.082,6.53,6.54,6.47,6.46,6.54,6.43,3556400.0,23154980.0,13:53:00
sz300176,鸿特科技,7.36,0.21,2.937,7.36,7.37,7.15,7.19,7.37,7.11,9442200.0,68294239.0,13:52:57
sz300177,中海达,7.99,0.05,0.63,7.98,7.99,7.94,7.98,7.99,7.73,9513333.0,74738605.0,13:52:57
sz300179,四方达,24.6,1.28,5.489,24.58,24.6,23.32,23.04,24.65,23.04,37463188.0,898875648.0,13:53:00
sz300180,华峰超纤,6.0,0.0,0.0,5.99,6.0,6.0,6.01,6.03,5.98,10862822.0,65147014.0,13:53:00
sz300181,佐力药业,15.91,-0.15,-0.934,15.9,15.91,16.06,15.98,16.05,15.87,5844580.0,93064866.0,13:53:00
sz300182,捷成股份,5.78,0.12,2.12,5.78,5.79,5.66,5.7,5.85,5.7,93988109.0,544176441.0,13:53:00
sz300183,东软载波,15.12,0.51,3.491,15.11,15.12,14.61,14.64,15.16,14.51,6721423.0,99813874.0,13:53:00
sz300184,力源信息,11.82,0.37,3.231,11.81,11.82,11.45,11.5,11.85,11.45,65660883.0,769942621.0,13:53:00
sz300185,通裕重工,3.21,0.02,0.627,3.2,3.21,3.19,3.19,3.23,3.18,74730041.0,239363660.0,13:52:57
sz300187,永清环保,5.15,0.13,2.59,5.14,5.15,5.02,5.04,5.15,4.99,6628000.0,33648928.0,13:53:00
sz300188,国投智能,12.43,0.22,1.802,12.42,12.43,12.21,12.22,12.43,12.22,6872238.0,84788343.0,13:52:57
sz300189,神农种业,6.76,0.04,0.595,6.76,6.77,6.72,6.71,6.77,6.56,40737742.0,271567097.0,13:52:57
sz300190,维尔利,4.27,0.11,2.644,4.27,4.28,4.16,4.16,4.28,4.12,25839341.0,108470052.0,13:53:00
sz300191,潜能恒信,36.85,-0.57,-1.523,36.84,36.85,37.42,36.95,37.0,36.19,6730108.0,246800289.0,13:53:00
sz300192,科德教育,19.65,0.73,3.858,19.64,19.65,18.92,18.9,19.9,18.88,10350600.0,201593060.0,13:52:57
sz300193,佳士科技,8.7,0.11,1.281,8.69,8.7,8.59,8.61,8.7,8.6,3930804.0,34002108.0,13:52:54
sz300194,福安药业,4.25,-0.06,-1.392,4.25,4.26,4.31,4.28,4.3,4.22,17755325.0,75448027.0,13:53:00
sz300195,长荣股份,7.71,0.14,1.849,7.7,7.71,7.57,7.6,7.73,7.51,6234926.0,47605536.0,13:53:00
sz300196,长海股份,19.41,0.48,2.536,19.4,19.41,18.93,19.14,19.75,18.63,22550531.0,433677543.0,13:53:00
sz300197,节能铁汉,1.68,0.02,1.205,1.68,1.69,1.66,1.66,1.69,1.66,26904333.0,45182644.0,13:53:00
sz300198,ST纳川,2.61,-0.01,-0.382,2.6,2.61,2.62,2.61,2.64,2.59,8218000.0,21465599.0,13:52:54
sz300199,翰宇药业,20.96,0.02,0.096,20.95,20.96,20.94,20.78,21.48,20.66,35906567.0,756208012.0,13:52:57
sz300200,高盟新材,9.59,0.22,2.348,9.58,9.59,9.37,9.36,9.59,9.32,6381900.0,60515508.0,13:53:00
sz300201,海伦哲,12.13,-0.09,-0.736,12.13,12.14,12.22,12.12,12.27,12.03,25852187.0,314114291.0,13:52:57
sz300203,聚光科技,13.77,0.04,0.291,13.76,13.77,13.73,13.99,13.99,13.5,5031923.0,68864020.0,13:52:57
sz300204,舒泰神,31.21,-1.18,-3.643,31.2,31.21,32.39,31.81,31.89,30.0,45488603.0,1412545950.0,13:53:00
sz300205,*ST天喻,5.72,-0.04,-0.694,5.72,5.73,5.76,5.79,5.85,5.62,3475100.0,19921286.0,13:52:57
sz300206,理邦仪器,14.75,-0.13,-0.874,14.75,14.76,14.88,14.87,14.98,14.66,4742384.0,70044650.0,13:53:00
sz300207,欣旺达,29.21,0.11,0.378,29.21,29.22,29.1,29.6,30.07,29.12,114896479.0,3398307465.0,13:53:00
sz300209,行云科技,13.64,0.99,7.826,13.64,13.65,12.65,12.36,14.4,12.36,161917265.0,2158471868.0,13:53:00
sz300210,森远股份,9.7,0.4,4.301,9.69,9.7,9.3,9.24,9.85,9.07,19484478.0,185712068.0,13:52:57
sz300211,*ST亿通,8.36,0.03,0.36,8.35,8.36,8.33,8.33,8.47,8.31,1772700.0,14867052.0,13:52:51
sz300212,易华录,8.14,0.13,1.623,8.14,8.15,8.01,8.0,8.34,7.98,16780544.0,136752704.0,13:53:00
sz300213,佳讯飞鸿,7.93,0.17,2.191,7.92,7.93,7.76,7.8,7.95,7.75,7832979.0,61526709.0,13:52:57
sz300214,日科化学,7.86,0.47,6.36,7.85,7.86,7.39,7.49,7.93,7.42,20065130.0,154481035.0,13:53:00
sz300215,电科院,8.27,-0.33,-3.837,8.26,8.27,8.6,8.35,8.38,8.08,31362990.0,256747081.0,13:53:00
sz300217,东方电热,5.29,0.16,3.119,5.28,5.29,5.13,5.15,5.3,5.14,32664007.0,170898077.0,13:52:57
sz300218,安利股份,14.86,-0.53,-3.444,14.86,14.87,15.39,14.7,15.18,14.51,7254789.0,107991992.0,13:53:00
sz300219,鸿利智汇,7.66,-0.05,-0.649,7.66,7.67,7.71,7.7,7.72,7.57,11344800.0,86631384.0,13:53:00
sz300220,金运激光,14.11,0.38,2.768,14.11,14.12,13.73,13.83,14.12,13.7,1698300.0,23656714.0,13:52:57
sz300221,银禧科技,10.99,0.67,6.492,10.98,10.99,10.32,10.32,11.05,10.26,21893381.0,233334212.0,13:53:00
sz300222,科大智能,11.13,0.07,0.633,11.12,11.13,11.06,11.1,11.15,10.99,8156899.0,90364712.0,13:52:57
sz300223,北京君正,115.3,2.86,2.544,115.3,115.31,112.44,111.66,117.22,111.12,17374560.0,2000697951.0,13:52:57
sz300224,正海磁材,14.89,0.2,1.361,14.89,14.9,14.69,14.75,14.95,14.67,10776163.0,159742300.0,13:52:57
sz300225,*ST金泰,5.76,-0.1,-1.706,5.76,5.8,5.86,5.81,5.92,5.63,19613120.0,112952654.0,13:52:54
sz300226,上海钢联,25.25,0.42,1.692,25.24,25.25,24.83,25.0,25.28,24.8,5118276.0,128389549.0,13:52:57
sz300227,光韵达,11.86,-0.19,-1.577,11.86,11.87,12.05,12.03,12.18,11.78,15281620.0,182842814.0,13:52:57
sz300228,富瑞特装,9.29,-0.06,-0.642,9.29,9.3,9.35,9.38,9.39,9.23,14999812.0,139208938.0,13:52:57
sz300229,拓尔思,18.69,0.3,1.631,18.68,18.69,18.39,18.58,18.78,18.53,16160038.0,301600816.0,13:52:57
sz300230,永利股份,4.83,0.07,1.471,4.83,4.84,4.76,4.76,4.84,4.74,8904900.0,42725294.0,13:52:57
sz300231,银信科技,11.63,0.91,8.489,11.63,11.64,10.72,10.72,11.76,10.72,40079640.0,452402617.0,13:53:00
sz300232,洲明科技,6.99,0.08,1.158,6.99,7.0,6.91,6.89,7.02,6.88,19008900.0,132297324.0,13:52:57
sz300233,金城医药,15.81,0.21,1.346,15.8,15.81,15.6,15.57,15.95,15.51,12701386.0,200561894.0,13:53:00
sz300234,开尔新材,5.89,0.11,1.903,5.88,5.89,5.78,5.79,5.89,5.7,9153175.0,52839738.0,13:53:00
sz300235,方直科技,13.33,0.3,2.302,13.33,13.34,13.03,13.04,13.39,13.02,5085300.0,67374365.0,13:53:00
sz300236,上海新阳,83.77,-0.33,-0.392,83.74,83.77,84.1,84.12,84.68,83.0,5268369.0,441804432.0,13:53:00
sz300237,ST美晨,2.36,0.01,0.426,2.35,2.36,2.35,2.34,2.37,2.32,16435972.0,38447418.0,13:52:54
sz300238,冠昊生物,15.25,-0.2,-1.294,15.25,15.27,15.45,15.41,15.42,15.16,3387400.0,51653116.0,13:53:00
sz300239,东宝生物,5.39,0.05,0.936,5.39,5.4,5.34,5.32,5.39,5.29,7482104.0,39958245.0,13:52:57
sz300240,飞力达,7.12,0.21,3.039,7.12,7.13,6.91,6.95,7.13,6.9,6097100.0,42799234.0,13:53:00
sz300241,瑞丰光电,6.78,-0.02,-0.294,6.77,6.78,6.8,6.82,6.84,6.69,21378740.0,144106380.0,13:53:00
sz300242,佳云科技,4.73,0.11,2.381,4.72,4.73,4.62,4.63,4.73,4.62,12299200.0,57575552.0,13:52:54
sz300243,瑞丰高材,15.9,0.59,3.854,15.9,15.91,15.31,15.04,16.37,14.92,36222402.0,571497067.0,13:53:00
sz300244,迪安诊断,19.12,0.23,1.218,19.11,19.12,18.89,19.13,19.45,18.83,16477670.0,315141431.0,13:53:00
sz300245,天玑科技,14.28,0.84,6.25,14.27,14.28,13.44,13.52,14.39,13.52,32249701.0,454006870.0,13:53:00
sz300246,宝莱特,16.27,0.07,0.432,16.27,16.28,16.2,16.16,16.49,15.78,15020375.0,241960396.0,13:53:00
sz300247,融捷健康,4.64,0.03,0.651,4.63,4.64,4.61,4.6,4.64,4.59,6084200.0,28085202.0,13:53:00
sz300248,新开普,10.54,0.24,2.33,10.54,10.55,10.3,10.33,10.58,10.3,6679544.0,69873504.0,13:52:57
sz300249,依米康,17.89,0.55,3.172,17.89,17.9,17.34,17.34,18.12,17.34,24679294.0,439420014.0,13:53:00
sz300250,初灵信息,21.88,0.51,2.387,21.88,21.89,21.37,21.5,21.89,21.42,4247000.0,92141492.0,13:53:00
sz300251,光线传媒,16.17,0.15,0.936,16.16,16.17,16.02,16.0,16.32,16.0,60733969.0,981845152.0,13:53:00
sz300252,金信诺,14.03,0.09,0.646,14.02,14.03,13.94,13.91,14.07,13.81,12270173.0,171601524.0,13:53:00
sz300253,卫宁健康,8.58,0.02,0.234,8.57,8.58,8.56,8.57,8.65,8.52,35259838.0,302525665.0,13:53:00
sz300254,仟源医药,12.04,0.2,1.689,12.03,12.04,11.84,11.8,12.12,11.63,14291312.0,169791447.0,13:53:00
sz300255,常山药业,44.58,-0.29,-0.646,44.57,44.58,44.87,44.8,46.66,44.4,26929964.0,1231086812.0,13:53:00
sz300256,星星科技,3.5,-0.06,-1.685,3.49,3.5,3.56,3.52,3.57,3.48,30246300.0,105998976.0,13:53:00
sz300257,开山股份,30.53,0.33,1.093,30.52,30.53,30.2,30.3,31.73,30.05,10910280.0,338284279.0,13:53:00
sz300258,精锻科技,12.85,0.08,0.626,12.85,12.86,12.77,12.84,13.02,12.8,8527955.0,109675247.0,13:53:00
sz300259,新天科技,4.82,0.01,0.208,4.82,4.83,4.81,4.78,4.84,4.74,15273890.0,73283133.0,13:53:00
sz300260,新莱应材,48.8,0.35,0.722,48.79,48.8,48.45,48.6,48.99,48.01,5298271.0,257691508.0,13:53:00
sz300261,雅本化学,6.17,-0.01,-0.162,6.17,6.18,6.18,6.17,6.21,6.13,6836177.0,42125792.0,13:53:00
sz300263,隆华科技,10.19,0.02,0.197,10.18,10.19,10.17,10.15,10.22,10.04,18042427.0,183136908.0,13:53:00
sz300264,佳创视讯,8.74,0.45,5.428,8.74,8.75,8.29,8.34,8.78,8.26,16624600.0,142455759.0,13:53:00
sz300265,通光线缆,19.32,-0.4,-2.028,19.31,19.32,19.72,19.3,19.5,18.4,41191306.0,780724624.0,13:53:00
sz300266,兴源环境,2.45,0.01,0.41,2.45,2.46,2.44,2.44,2.47,2.42,10766700.0,26321139.0,13:53:00
sz300267,尔康制药,4.07,-0.07,-1.691,4.07,4.08,4.14,4.09,4.12,4.03,70889991.0,288091305.0,13:53:00
sz300268,*ST佳沃,14.27,0.04,0.281,14.26,14.28,14.23,14.17,14.31,14.13,1152300.0,16413964.0,13:52:57
sz300269,联建光电,7.39,0.12,1.651,7.38,7.39,7.27,7.28,7.4,7.15,18826400.0,136952362.0,13:53:00
sz300270,中威电子,10.94,0.69,6.732,10.94,10.95,10.25,10.27,10.99,10.2,8721100.0,92417365.0,13:53:00
sz300271,华宇软件,6.7,0.08,1.208,6.69,6.7,6.62,6.67,6.7,6.61,6972100.0,46484061.0,13:53:00
sz300272,开能健康,8.45,0.12,1.441,8.44,8.45,8.33,8.35,8.47,8.25,18489103.0,155235125.0,13:53:00
sz300274,阳光电源,133.17,-0.72,-0.538,133.17,133.19,133.89,135.0,135.88,132.92,51830385.0,6952933022.0,13:53:00
sz300275,梅安森,11.21,0.21,1.909,11.2,11.21,11.0,11.01,11.21,10.92,2247300.0,24894530.0,13:53:00
sz300276,三丰智能,7.34,0.45,6.531,7.34,7.35,6.89,6.95,7.48,6.95,58605925.0,428475026.0,13:53:00
sz300277,汽轮科技,20.06,1.43,7.676,20.06,20.07,18.63,18.68,20.33,18.68,50966856.0,1004366007.0,13:53:00
sz300278,华昌达,4.59,0.08,1.774,4.59,4.6,4.51,4.53,4.6,4.49,13999000.0,63725536.0,13:53:00
sz300279,和晶科技,8.66,0.16,1.882,8.65,8.66,8.5,8.59,8.7,8.32,13372100.0,113721296.0,13:53:00
sz300281,金明精机,6.87,0.16,2.385,6.86,6.87,6.71,6.73,6.9,6.71,4189600.0,28420470.0,13:53:00
sz300283,温州宏丰,9.2,0.08,0.877,9.19,9.2,9.12,9.13,9.29,8.94,24464162.0,222674828.0,13:52:57
sz300284,苏交科,6.84,0.23,3.48,6.83,6.84,6.61,6.62,6.91,6.58,16344598.0,110529708.0,13:53:00
sz300285,国瓷材料,35.4,2.1,6.306,35.4,35.41,33.3,33.66,35.87,33.18,42552849.0,1474670261.0,13:53:00
sz300286,安科瑞,26.24,0.31,1.196,26.23,26.24,25.93,26.09,26.44,25.8,4042200.0,105930871.0,13:53:00
sz300287,飞利信,4.31,0.08,1.891,4.3,4.31,4.23,4.23,4.33,4.23,15922300.0,68196910.0,13:53:00
sz300288,朗玛信息,12.88,0.27,2.141,12.87,12.88,12.61,12.7,12.93,12.63,3985700.0,51010486.0,13:53:00
sz300289,利德曼,6.66,-0.06,-0.893,6.65,6.66,6.72,6.71,6.72,6.6,3822050.0,25362519.0,13:52:54
sz300290,荣科科技,16.72,2.47,17.333,16.71,16.72,14.25,14.25,17.1,14.24,77306608.0,1243524010.0,13:53:00
sz300291,百纳千成,6.74,0.15,2.276,6.74,6.75,6.59,6.69,6.89,6.6,16089100.0,107837129.0,13:53:00
sz300292,吴通控股,4.99,0.03,0.605,4.98,4.99,4.96,4.99,5.03,4.92,26266300.0,130786778.0,13:53:00
sz300293,蓝英装备,18.1,0.04,0.221,18.09,18.1,18.06,18.05,18.2,17.86,4249500.0,76372287.0,13:53:00
sz300294,博雅生物,19.08,0.32,1.706,19.07,19.08,18.76,18.7,19.33,18.58,6250542.0,118620769.0,13:52:57
sz300295,三六五网,10.1,0.0,0.0,10.1,10.11,10.1,10.05,10.11,9.76,8557000.0,84605793.0,13:53:00
sz300296,利亚德,7.65,-0.04,-0.52,7.65,7.66,7.69,7.69,7.75,7.52,85261235.0,651972157.0,13:53:00
sz300298,三诺生物,15.9,-0.13,-0.811,15.9,15.91,16.03,16.03,16.03,15.82,2809481.0,44623831.0,13:52:42
sz300299,富春股份,5.95,0.11,1.884,5.95,5.96,5.84,5.86,5.96,5.83,11301802.0,66721834.0,13:53:00
sz300300,海峡创新,12.93,-0.19,-1.448,12.93,12.94,13.12,12.88,12.98,12.7,41855796.0,537583427.0,13:53:00
sz300301,ST长方,3.8,0.18,4.972,3.8,3.81,3.62,3.64,3.9,3.61,35807102.0,133681758.0,13:53:00
sz300302,同有科技,23.3,0.56,2.463,23.3,23.31,22.74,22.91,24.32,22.36,29603159.0,692870206.0,13:53:00
sz300303,聚飞光电,9.63,-0.07,-0.722,9.63,9.64,9.7,9.62,9.72,9.47,74729343.0,717711344.0,13:53:00
sz300304,云意电气,12.9,0.07,0.546,12.89,12.9,12.83,12.89,12.98,12.82,8601700.0,111079489.0,13:53:00
sz300305,裕兴股份,6.32,0.22,3.607,6.32,6.33,6.1,6.14,6.33,6.08,7101800.0,44119709.0,13:53:00
sz300306,远方信息,12.51,0.21,1.707,12.5,12.51,12.3,12.35,12.51,12.27,1530376.0,18968074.0,13:52:57
sz300307,慈星股份,6.55,0.05,0.769,6.55,6.56,6.5,6.55,6.55,6.48,4173727.0,27208158.0,13:53:00
sz300308,中际旭创,805.91,25.93,3.324,805.84,805.91,779.98,772.37,808.0,762.35,21638943.0,17089004714.0,13:53:00
sz300310,宜通世纪,6.31,0.15,2.435,6.3,6.31,6.16,6.2,6.34,6.15,31489111.0,196754032.0,13:53:00
sz300311,ST任子行,5.36,0.07,1.323,5.36,5.37,5.29,5.29,5.38,5.28,6406479.0,34155833.0,13:52:42
sz300313,*ST天山,8.29,0.04,0.485,8.29,8.3,8.25,8.31,8.39,8.22,1653200.0,13715277.0,13:53:00
sz300314,戴维医疗,12.88,-0.03,-0.232,12.87,12.89,12.91,12.9,12.91,12.68,2644231.0,33763940.0,13:52:57
sz300315,掌趣科技,4.97,0.04,0.811,4.96,4.97,4.93,4.93,4.99,4.92,42957972.0,212979669.0,13:53:00
sz300316,晶盛机电,44.92,1.49,3.431,44.92,44.93,43.43,43.15,46.5,41.95,45314734.0,2006944739.0,13:53:00
sz300317,珈伟新能,4.85,0.06,1.253,4.85,4.86,4.79,4.8,4.86,4.71,38135869.0,183468452.0,13:53:00
sz300318,博晖创新,5.84,-0.12,-2.013,5.84,5.85,5.96,5.92,5.96,5.79,9436553.0,54997638.0,13:52:54
sz300319,麦捷科技,12.4,0.17,1.39,12.39,12.4,12.23,12.22,12.45,12.19,14884500.0,184018932.0,13:53:00
sz300320,海达股份,9.83,0.0,0.0,9.83,9.84,9.83,9.83,9.87,9.5,12435710.0,121318871.0,13:52:57
sz300321,同大股份,34.56,0.56,1.647,34.56,34.57,34.0,34.2,34.56,33.88,823600.0,28171434.0,13:52:57
sz300322,硕贝德,31.52,2.52,8.69,31.51,31.52,29.0,29.51,32.28,28.31,86881444.0,2661911751.0,13:53:00
sz300323,华灿光电,9.86,-0.02,-0.202,9.86,9.87,9.88,10.06,10.08,9.8,29522172.0,292130898.0,13:53:00
sz300324,旋极信息,4.85,0.09,1.891,4.84,4.85,4.76,4.77,4.85,4.75,19590208.0,94290371.0,13:53:00
sz300326,ST凯利,6.84,0.14,2.09,6.84,6.85,6.7,6.71,6.88,6.71,6702500.0,45739037.0,13:53:00
sz300327,中颖电子,25.33,0.11,0.436,25.32,25.33,25.22,25.27,25.52,25.12,6109362.0,154731407.0,13:53:00
sz300328,宜安科技,16.81,-0.38,-2.211,16.81,16.83,17.19,17.18,17.29,16.78,32522274.0,551906190.0,13:53:00
sz300329,海伦钢琴,14.77,0.11,0.75,14.77,14.78,14.66,14.74,14.83,14.42,3451501.0,50268090.0,13:52:57
sz300331,苏大维格,43.86,0.69,1.598,43.87,43.88,43.17,43.5,44.28,43.03,5366735.0,234504580.0,13:53:00
sz300332,天壕能源,5.73,-0.04,-0.693,5.73,5.74,5.77,5.77,5.77,5.66,23592539.0,134462658.0,13:53:00
sz300333,兆日科技,9.3,0.2,2.198,9.29,9.3,9.1,9.2,9.31,9.06,5328059.0,49055537.0,13:53:00
sz300334,津膜科技,7.31,0.14,1.953,7.31,7.32,7.17,7.17,7.32,7.08,3479800.0,24968693.0,13:53:00
sz300335,迪森股份,6.98,-0.17,-2.378,6.97,6.98,7.15,7.06,7.09,6.91,20999701.0,146475171.0,13:53:00
sz300337,银邦股份,13.55,0.25,1.88,13.55,13.56,13.3,13.31,13.67,13.27,22190810.0,300050849.0,13:53:00
sz300338,ST开元,3.85,0.1,2.667,3.84,3.85,3.75,3.85,3.96,3.77,14122100.0,54774588.0,13:52:54
sz300339,润和软件,40.68,0.42,1.043,40.69,40.7,40.26,40.53,40.94,40.35,12247258.0,498200057.0,13:53:00
sz300340,科恒股份,11.32,0.34,3.097,11.31,11.32,10.98,10.96,11.34,10.96,6697800.0,75162089.0,13:53:00
sz300341,麦克奥迪,14.97,0.04,0.268,14.97,14.98,14.93,14.98,15.09,14.78,2976652.0,44309254.0,13:53:00
sz300342,天银机电,55.73,1.52,2.804,55.73,55.74,54.21,54.65,56.66,54.0,43646036.0,2421774673.0,13:53:00
sz300343,ST联创,6.63,0.02,0.303,6.63,6.64,6.61,6.63,6.72,6.57,10110003.0,67119505.0,13:53:00
sz300344,立方退,0.27,0.0,0.0,0.26,0.27,0.27,0.27,0.28,0.26,19704960.0,5207538.0,13:52:45
sz300345,华民股份,6.7,0.01,0.149,6.7,6.71,6.69,6.67,6.76,6.63,14901600.0,100057525.0,13:53:00
sz300346,南大光电,47.98,0.65,1.373,47.98,47.99,47.33,47.4,48.24,47.0,18384192.0,877857797.0,13:53:00
sz300347,泰格医药,58.54,-0.51,-0.864,58.53,58.54,59.05,59.03,59.15,57.88,6664269.0,389785858.0,13:53:00
sz300348,长亮科技,13.77,0.15,1.101,13.76,13.77,13.62,13.69,13.85,13.61,13221400.0,181695988.0,13:53:00
sz300349,金卡智能,14.2,0.04,0.282,14.19,14.2,14.16,14.15,14.24,14.1,4160500.0,59019481.0,13:52:54
sz300350,华鹏飞,5.32,0.06,1.141,5.31,5.32,5.26,5.27,5.32,5.22,11361400.0,59845990.0,13:52:57
sz300351,永贵电器,17.87,1.87,11.688,17.87,17.88,16.0,16.1,18.15,16.05,36531480.0,631374168.0,13:53:00
sz300352,北信源,7.26,0.25,3.566,7.26,7.27,7.01,7.02,7.28,6.96,48242004.0,343480857.0,13:53:00
sz300353,东土科技,19.67,0.28,1.444,19.66,19.67,19.39,19.5,19.74,19.42,6365120.0,124811143.0,13:53:00
sz300354,东华测试,36.87,0.22,0.6,36.87,36.88,36.65,36.69,37.16,36.43,1303600.0,47820460.0,13:52:39
sz300355,蒙草生态,3.79,-0.02,-0.525,3.78,3.79,3.81,3.8,3.81,3.76,21585276.0,81709346.0,13:53:00
sz300357,我武生物,27.08,0.7,2.654,27.08,27.09,26.38,26.45,27.22,26.28,12175642.0,328099842.0,13:53:00
sz300358,楚天科技,10.61,0.22,2.117,10.6,10.61,10.39,10.4,10.8,10.4,14607691.0,154882946.0,13:53:00
sz300359,全通教育,5.05,0.1,2.02,5.04,5.05,4.95,4.95,5.05,4.94,4684650.0,23422623.0,13:53:00
sz300360,炬华科技,16.49,0.09,0.549,16.48,16.49,16.4,16.4,16.49,16.21,4326900.0,70915350.0,13:53:00
sz300363,博腾股份,22.47,0.29,1.307,22.46,22.47,22.18,22.18,22.68,21.85,12331145.0,274684757.0,13:53:00
sz300364,中文在线,28.28,0.83,3.024,28.27,28.28,27.45,27.6,28.76,27.6,52994061.0,1500442934.0,13:53:00
sz300365,恒华科技,6.0,0.11,1.868,5.99,6.0,5.89,5.91,6.04,5.87,13824200.0,82161452.0,13:53:00
sz300366,ST创意,5.63,0.03,0.536,5.63,5.64,5.6,5.59,5.65,5.59,4330400.0,24371900.0,13:53:00
sz300368,汇金股份,10.87,0.09,0.835,10.86,10.87,10.78,10.88,10.98,10.7,9827300.0,106334301.0,13:53:00
sz300369,绿盟科技,8.29,0.19,2.346,8.28,8.29,8.1,8.14,8.34,8.12,18837598.0,155331457.0,13:53:00
sz300370,安控科技,2.55,0.05,2.0,2.54,2.55,2.5,2.5,2.55,2.49,12671760.0,31947220.0,13:53:00
sz300371,汇中股份,12.67,0.27,2.177,12.66,12.67,12.4,12.45,12.67,12.25,1353000.0,16860174.0,13:53:00
sz300373,扬杰科技,77.23,0.69,0.901,77.22,77.23,76.54,76.96,77.68,76.53,6444409.0,496856067.0,13:53:00
sz300374,中铁装配,14.17,0.0,0.0,14.16,14.17,14.17,14.16,14.19,14.01,2122180.0,29923891.0,13:53:00
sz300375,鹏翎股份,4.87,0.07,1.458,4.87,4.88,4.8,4.8,4.88,4.8,8790000.0,42558033.0,13:53:00
sz300376,易事特,6.24,0.08,1.299,6.23,6.24,6.16,6.17,6.27,6.09,17564484.0,108678554.0,13:52:57
sz300377,赢时胜,18.26,0.28,1.557,18.25,18.26,17.98,18.03,18.42,17.96,15279574.0,278603698.0,13:53:00
sz300378,鼎捷数智,41.0,1.14,2.86,40.99,41.0,39.86,40.3,41.39,40.21,9927655.0,405454446.0,13:53:00
sz300380,安硕信息,34.95,0.52,1.51,34.94,34.95,34.43,34.71,34.98,34.34,1479400.0,51436877.0,13:53:00
sz300381,溢多利,6.36,-0.03,-0.469,6.36,6.37,6.39,6.38,6.4,6.27,4818500.0,30470584.0,13:53:00
sz300382,斯莱克,12.07,0.19,1.599,12.06,12.07,11.88,11.92,12.24,11.84,7578899.0,91352509.0,13:52:45
sz300383,光环新网,18.76,0.91,5.098,18.76,18.77,17.85,18.03,19.13,18.03,174896153.0,3263185220.0,13:53:00
sz300384,三联虹普,16.05,0.9,5.941,16.03,16.05,15.15,15.16,16.25,15.06,6958916.0,108753765.0,13:53:00
sz300385,ST雪浪,14.46,0.74,5.394,14.45,14.46,13.72,13.73,14.95,13.73,26483691.0,381068393.0,13:53:00
sz300386,飞天诚信,14.34,0.13,0.915,14.33,14.34,14.21,14.33,14.35,14.18,2824700.0,40317301.0,13:53:00
sz300387,富邦科技,8.62,0.14,1.651,8.62,8.63,8.48,8.5,8.63,8.4,5160874.0,43930114.0,13:53:00
sz300388,节能国祯,7.98,0.09,1.141,7.97,7.98,7.89,7.9,7.98,7.81,2762838.0,21877438.0,13:53:00
sz300389,艾比森,19.85,-0.11,-0.551,19.85,19.86,19.96,19.96,20.08,19.78,6404000.0,127510515.0,13:53:00
sz300390,天华新能,85.89,8.96,11.647,85.88,85.89,76.93,78.69,88.88,77.36,94105945.0,7833404490.0,13:53:00
sz300393,中来股份,9.54,0.27,2.913,9.53,9.54,9.27,9.3,9.65,9.15,40627975.0,386421981.0,13:53:00
sz300394,天孚通信,354.28,23.62,7.143,354.28,354.29,330.66,328.0,359.77,325.65,40413114.0,13903727278.0,13:53:00
sz300395,菲利华,108.6,1.7,1.59,108.57,108.6,106.9,108.74,110.44,105.6,22978965.0,2496340845.0,13:53:00
sz300396,迪瑞医疗,11.61,0.02,0.173,11.6,11.61,11.59,11.6,11.63,11.46,1724100.0,19901845.0,13:53:00
sz300397,天和防务,11.96,0.11,0.928,11.96,11.97,11.85,11.92,12.07,11.75,7462616.0,88659577.0,13:53:00
sz300398,飞凯材料,29.19,1.53,5.531,29.19,29.2,27.66,27.64,29.67,27.44,46837636.0,1342318562.0,13:53:00
sz300399,天利科技,21.24,0.43,2.066,21.23,21.24,20.81,20.82,21.25,20.77,2381430.0,50159772.0,13:53:00
sz300400,劲拓股份,27.85,0.21,0.76,27.84,27.85,27.64,27.8,28.19,27.2,12611200.0,350806115.0,13:53:00
sz300401,花园生物,14.18,-0.03,-0.211,14.17,14.18,14.21,14.21,14.22,14.02,6568385.0,92844682.0,13:53:00
sz300402,宝色股份,19.27,0.2,1.049,19.25,19.26,19.07,19.18,19.27,18.96,1846100.0,35278507.0,13:53:00
sz300403,汉宇集团,11.94,0.14,1.186,11.94,11.95,11.8,11.83,12.0,11.83,5243958.0,62546900.0,13:53:00
sz300404,博济医药,10.37,-0.18,-1.706,10.37,10.38,10.55,10.48,10.51,10.29,9617162.0,99581111.0,13:53:00
sz300405,科隆股份,6.13,0.16,2.68,6.13,6.14,5.97,6.03,6.14,5.92,5497260.0,33137893.0,13:53:00
sz300406,九强生物,12.08,-0.02,-0.165,12.08,12.09,12.1,12.09,12.11,11.98,1781700.0,21437331.0,13:53:00
sz300407,凯发电气,13.2,0.09,0.686,13.2,13.21,13.11,13.1,13.25,12.92,4320304.0,56570243.0,13:53:00
sz300408,三环集团,64.39,-0.93,-1.424,64.39,64.43,65.32,65.0,65.83,64.3,18162966.0,1178071347.0,13:53:00
sz300409,道氏技术,26.65,0.13,0.49,26.64,26.65,26.52,26.53,27.15,26.53,24821481.0,667123860.0,13:52:54
sz300410,正业科技,9.65,0.67,7.461,9.64,9.65,8.98,8.97,9.82,8.97,51069757.0,483864727.0,13:52:54
sz300411,金盾股份,10.83,-0.16,-1.456,10.83,10.84,10.99,10.9,10.99,10.7,6855540.0,74051473.0,13:52:54
sz300412,迦南科技,5.29,0.08,1.536,5.29,5.3,5.21,5.21,5.3,5.17,8459820.0,44377205.0,13:52:54
sz300413,芒果超媒,21.15,0.19,0.906,21.15,21.16,20.96,20.97,21.22,20.97,9147593.0,193121121.0,13:52:54
sz300414,中光防雷,14.13,0.28,2.022,14.13,14.14,13.85,13.84,14.15,13.76,4959824.0,69416193.0,13:52:51
sz300415,伊之密,25.62,0.0,0.0,25.62,25.63,25.62,25.75,25.94,25.48,4390826.0,112656124.0,13:52:54
sz300416,苏试试验,18.2,-0.14,-0.763,18.19,18.2,18.34,18.32,18.4,18.12,10340576.0,188541541.0,13:52:54
sz300417,南华仪器,12.83,0.43,3.468,12.84,12.85,12.4,12.49,12.86,12.31,2250950.0,28249373.0,13:52:54
sz300418,昆仑万维,52.0,2.21,4.439,51.99,52.0,49.79,50.3,53.31,50.25,66132552.0,3435742747.0,13:52:54
sz300419,ST浩丰,7.33,0.04,0.549,7.33,7.34,7.29,7.34,7.41,7.27,3642000.0,26725965.0,13:52:36
sz300420,五洋自控,3.68,0.06,1.657,3.68,3.69,3.62,3.62,3.69,3.61,18810700.0,68848185.0,13:52:54
sz300421,力星股份,25.0,-0.05,-0.2,25.0,25.01,25.05,25.6,25.8,24.9,9134300.0,230186034.0,13:52:54
sz300422,博世科,4.64,0.12,2.655,4.63,4.64,4.52,4.54,4.64,4.47,6160180.0,28035383.0,13:52:54
sz300423,昇辉科技,8.1,0.01,0.124,8.1,8.11,8.09,8.11,8.11,7.93,7326953.0,58899623.0,13:52:54
sz300424,航新科技,17.9,-0.05,-0.279,17.9,17.91,17.95,17.95,18.3,17.85,6441040.0,116042678.0,13:52:54
sz300425,中建环能,4.93,0.09,1.86,4.92,4.93,4.84,4.84,4.93,4.8,5132739.0,24949510.0,13:52:54
sz300426,华智数媒,7.67,0.33,4.496,7.68,7.69,7.34,7.42,7.7,7.39,8533204.0,64347324.0,13:52:54
sz300427,红相股份,12.63,-0.28,-2.169,12.63,12.64,12.91,12.5,12.66,12.2,35941630.0,446823903.0,13:52:54
sz300428,立中集团,21.46,0.21,0.988,21.46,21.47,21.25,21.37,21.58,21.28,4193137.0,90020880.0,13:52:54
sz300429,强力新材,13.76,0.06,0.438,13.75,13.76,13.7,13.7,13.83,13.61,7045508.0,96616538.0,13:52:54
sz300430,诚益通,18.17,0.19,1.057,18.16,18.18,17.98,18.04,18.24,17.9,3368210.0,60815313.0,13:52:48
sz300432,富临精工,25.94,0.6,2.368,25.92,25.94,25.34,25.8,26.49,25.3,60709717.0,1579535286.0,13:52:54
sz300433,蓝思科技,25.49,-4.1,-13.856,25.49,25.5,29.59,26.99,27.18,24.94,206962412.0,5309640468.0,13:52:54
sz300434,金石亚药,10.47,0.05,0.48,10.46,10.47,10.42,10.39,10.49,10.23,6966356.0,72009345.0,13:52:48
sz300435,中泰股份,27.51,0.62,2.306,27.51,27.52,26.89,26.89,27.57,26.63,8390714.0,228032130.0,13:52:54
sz300436,广生堂,117.16,-7.84,-6.272,117.15,117.16,125.0,120.0,121.7,116.03,9649976.0,1139041897.0,13:52:54
sz300437,清水源,15.85,0.32,2.061,15.84,15.85,15.53,15.56,15.87,15.35,7511117.0,117790859.0,13:52:45
sz300438,鹏辉能源,68.12,5.23,8.316,68.11,68.13,62.89,64.11,69.96,62.99,57864575.0,3848651741.0,13:52:54
sz300439,美康生物,9.95,-0.05,-0.5,9.94,9.95,10.0,10.02,10.03,9.81,3493700.0,34482412.0,13:52:54
sz300440,运达科技,16.74,0.44,2.699,16.73,16.74,16.3,16.41,16.96,16.38,11357000.0,189719855.0,13:52:54
sz300441,鲍斯股份,7.14,0.04,0.563,7.14,7.15,7.1,7.1,7.15,7.06,2038404.0,14499016.0,13:52:54
sz300442,润泽科技,95.67,5.41,5.994,95.66,95.67,90.26,90.26,97.98,90.26,66288843.0,6267151979.0,13:52:54
sz300443,金雷股份,29.87,0.02,0.067,29.86,29.87,29.85,29.86,30.09,29.62,5732091.0,171149387.0,13:52:54
sz300444,双杰电气,15.39,0.02,0.13,15.39,15.4,15.37,15.0,15.4,14.63,74658682.0,1122178013.0,13:52:54
sz300445,康斯特,21.49,0.2,0.939,21.48,21.49,21.29,21.45,21.69,21.32,2350540.0,50492331.0,13:52:51
sz300446,航天智造,20.45,0.01,0.049,20.45,20.46,20.44,20.44,20.55,20.26,7642135.0,155803910.0,13:52:48
sz300447,全信股份,19.89,-0.07,-0.351,19.88,19.89,19.96,19.92,20.08,19.76,5864000.0,116828935.0,13:52:54
sz300448,浩云科技,6.72,0.18,2.752,6.71,6.72,6.54,6.55,6.74,6.5,17400895.0,115502513.0,13:52:54
sz300449,汉邦高科,7.15,0.19,2.73,7.15,7.16,6.96,7.0,7.16,6.9,4874700.0,34306041.0,13:52:54
sz300450,先导智能,53.42,0.56,1.059,53.41,53.42,52.86,53.47,54.38,52.87,41832491.0,2246203645.0,13:52:54
sz300451,创业慧康,4.6,0.03,0.656,4.6,4.61,4.57,4.59,4.64,4.55,16139170.0,74046210.0,13:52:51
sz300452,山河药辅,14.97,0.02,0.134,14.97,14.99,14.95,14.95,14.99,14.73,3501800.0,51940715.0,13:52:54
sz300453,三鑫医疗,9.45,-0.34,-3.473,9.44,9.45,9.79,9.78,9.8,9.37,11224785.0,106680489.0,13:52:45
sz300454,深信服,112.86,6.07,5.684,112.82,112.86,106.79,108.92,112.95,108.28,13792985.0,1532791266.0,13:52:54
sz300455,航天智装,25.25,0.34,1.365,25.24,25.25,24.91,24.91,25.33,24.75,10611600.0,266830571.0,13:52:54
sz300456,赛微电子,52.31,-0.11,-0.21,52.31,52.32,52.42,52.09,53.28,51.88,31057990.0,1631282070.0,13:52:54
sz300457,赢合科技,28.09,0.48,1.739,28.08,28.09,27.61,27.82,28.42,27.62,12222100.0,342468415.0,13:52:54
sz300458,全志科技,37.86,0.2,0.531,37.86,37.87,37.66,37.66,38.04,37.5,13284218.0,502468056.0,13:52:54
sz300459,汤姆猫,4.16,0.05,1.217,4.15,4.16,4.11,4.12,4.17,4.11,47327097.0,195891346.0,13:52:54
sz300460,ST惠伦,8.62,-0.01,-0.116,8.62,8.63,8.63,8.65,8.69,8.58,2554400.0,22028888.0,13:52:54
sz300461,田中精机,61.26,0.11,0.18,61.23,61.26,61.15,63.0,66.18,61.12,8952460.0,562409583.0,13:52:54
sz300462,ST华铭,12.77,-0.05,-0.39,12.75,12.77,12.82,12.9,12.9,12.65,1496400.0,19060012.0,13:52:51
sz300463,迈克生物,10.81,-0.01,-0.092,10.8,10.81,10.82,10.83,10.84,10.74,2886400.0,31105506.0,13:52:54
sz300464,星徽股份,7.82,0.5,6.831,7.81,7.82,7.32,7.33,7.85,7.23,18495300.0,140130458.0,13:52:51
sz300465,高伟达,15.19,0.29,1.946,15.19,15.2,14.9,15.01,15.24,14.91,8184500.0,123682036.0,13:52:54
sz300466,赛摩智能,8.76,0.14,1.624,8.76,8.77,8.62,8.69,8.77,8.64,3294100.0,28651913.0,13:52:54
sz300467,迅游科技,32.54,1.96,6.409,32.53,32.54,30.58,30.75,32.77,30.41,6498800.0,205949025.0,13:52:54
sz300468,四方精创,31.44,-0.14,-0.443,31.44,31.45,31.58,31.95,32.08,31.34,17478682.0,553147437.0,13:52:54
sz300469,信息发展,54.51,0.4,0.739,54.46,54.51,54.11,54.99,55.98,53.86,5692647.0,311900760.0,13:52:54
sz300470,中密控股,37.23,0.81,2.224,37.22,37.23,36.42,36.42,37.45,36.0,5162080.0,189723244.0,13:52:54
sz300471,厚普股份,13.03,0.01,0.077,13.03,13.04,13.02,13.02,13.15,12.88,6700084.0,86944857.0,13:52:54
sz300472,*ST新元,8.07,-0.13,-1.585,8.06,8.07,8.2,8.27,8.27,8.06,3386600.0,27466273.0,13:52:42
sz300473,德尔股份,32.17,-0.03,-0.093,32.17,32.18,32.2,32.39,32.52,31.9,2042900.0,65783249.0,13:52:48
sz300474,景嘉微,60.65,-0.19,-0.312,60.65,60.66,60.84,60.71,61.26,60.57,5216585.0,317582799.0,13:52:54
sz300475,香农芯创,155.76,1.82,1.182,155.75,155.76,153.94,152.41,157.0,148.66,26353811.0,4054006254.0,13:52:54
sz300476,胜宏科技,302.8,7.36,2.491,302.82,302.85,295.44,298.7,306.5,293.0,33642769.0,10112177945.0,13:52:54
sz300477,ST合纵,2.55,0.05,2.0,2.54,2.55,2.5,2.47,2.56,2.36,43786850.0,108693415.0,13:52:54
sz300478,杭州高新,26.7,1.51,5.994,26.67,26.7,25.19,25.28,26.89,25.28,5625261.0,148058546.0,13:52:54
sz300479,神思电子,19.21,0.46,2.453,19.2,19.21,18.75,18.78,19.24,18.77,3266402.0,62212603.0,13:52:48
sz300480,光力科技,34.26,-0.09,-0.262,34.26,34.28,34.35,34.35,34.75,33.6,16827222.0,575029677.0,13:52:54
sz300481,濮阳惠成,15.1,0.23,1.547,15.1,15.11,14.87,14.92,15.15,14.8,6291871.0,93996463.0,13:52:54
sz300482,万孚生物,17.79,0.01,0.056,17.78,17.79,17.78,17.8,17.82,17.65,2393528.0,42416028.0,13:52:54
sz300483,首华燃气,19.5,0.01,0.051,19.49,19.5,19.49,19.18,19.62,18.72,20638356.0,395318742.0,13:52:54
sz300484,蓝海华腾,17.27,0.25,1.469,17.27,17.28,17.02,17.22,17.29,16.98,2628198.0,45169003.0,13:52:54
sz300485,赛升药业,12.05,0.35,2.991,12.03,12.04,11.7,11.59,12.25,11.48,25972471.0,308416720.0,13:52:54
sz300486,东杰智能,23.96,-0.12,-0.498,23.96,23.97,24.08,24.2,24.25,23.75,10117900.0,241942911.0,13:52:54
sz300487,蓝晓科技,71.44,2.41,3.491,71.41,71.46,69.03,69.22,71.69,69.05,1885213.0,132576694.0,13:52:54
sz300488,恒锋工具,28.73,0.47,1.663,28.73,28.74,28.26,28.21,28.89,28.21,1926830.0,55106778.0,13:52:54
sz300489,光智科技,67.14,-0.01,-0.015,67.09,67.13,67.15,67.0,67.9,65.0,7072200.0,468896025.0,13:52:51
sz300490,华自科技,19.33,0.6,3.203,19.33,19.34,18.73,18.7,19.92,18.53,31528700.0,613205432.0,13:52:57
sz300491,通合科技,27.87,2.4,9.423,27.86,27.87,25.47,25.65,28.05,25.53,14279537.0,383542256.0,13:52:57
sz300492,华图山鼎,51.42,1.04,2.064,51.42,51.46,50.38,50.51,51.76,48.35,4558737.0,225242743.0,13:52:57
sz300493,润欣科技,16.02,0.29,1.844,16.01,16.02,15.73,15.76,16.07,15.73,7019000.0,111946317.0,13:52:57
sz300494,盛天网络,11.98,0.36,3.098,11.97,11.98,11.62,11.65,12.08,11.62,10615240.0,125903242.0,13:52:57
sz300496,中科创达,61.23,0.71,1.173,61.22,61.24,60.52,60.98,61.83,60.95,7630448.0,468523419.0,13:52:57
sz300497,富祥药业,18.99,0.0,0.0,18.99,19.0,18.99,18.82,19.33,18.42,43976319.0,832821161.0,13:52:57
sz300498,温氏股份,17.15,-0.04,-0.233,17.14,17.15,17.19,17.25,17.25,16.9,35936560.0,614143313.0,13:52:57
sz300499,高澜股份,42.0,0.92,2.24,41.99,42.01,41.08,40.73,42.69,40.68,24463397.0,1027408220.0,13:52:57
sz300500,启迪设计,10.76,0.39,3.761,10.76,10.77,10.37,10.39,10.78,10.29,3075247.0,32365799.0,13:52:57
sz300501,海顺新材,19.47,-0.02,-0.103,19.46,19.47,19.49,19.45,19.77,19.04,4889651.0,94671995.0,13:52:54
sz300502,新易盛,534.11,37.13,7.471,534.03,534.2,496.98,497.0,535.99,496.0,34102927.0,17695160979.0,13:52:57
sz300503,昊志机电,56.23,1.13,2.051,56.23,56.24,55.1,55.92,57.0,54.7,15848557.0,887874379.0,13:52:57
sz300504,天邑股份,15.88,0.27,1.73,15.87,15.88,15.61,15.64,15.89,15.41,5251810.0,82313851.0,13:52:57
sz300505,川金诺,27.4,0.34,1.256,27.39,27.4,27.06,27.05,27.56,26.8,12278961.0,335262112.0,13:52:57
sz300506,ST名家汇,5.04,-0.03,-0.592,5.03,5.04,5.07,5.08,5.17,5.01,8317885.0,42359920.0,13:52:57
sz300507,苏奥传感,8.63,0.05,0.583,8.62,8.63,8.58,8.61,8.7,8.59,6554327.0,56628884.0,13:52:48
sz300508,维宏股份,39.15,0.53,1.372,39.14,39.16,38.62,38.71,39.36,38.57,1047736.0,40844681.0,13:52:54
sz300509,新美星,12.07,0.28,2.375,12.06,12.07,11.79,11.87,12.09,11.81,4730800.0,56662904.0,13:52:57
sz300510,金冠股份,4.24,0.05,1.193,4.23,4.24,4.19,4.23,4.24,4.14,12299400.0,51557763.0,13:52:57
sz300511,雪榕生物,7.07,0.01,0.142,7.07,7.08,7.06,7.04,7.18,6.97,16089355.0,113841421.0,13:52:51
sz300512,中亚股份,9.14,0.16,1.782,9.14,9.15,8.98,9.06,9.15,8.94,2382700.0,21604468.0,13:52:57
sz300513,恒实科技,8.97,0.28,3.222,8.96,8.97,8.69,8.73,8.97,8.65,4881746.0,42978341.0,13:52:51
sz300514,友讯达,13.22,0.25,1.928,13.22,13.24,12.97,12.99,13.22,12.88,2054100.0,26793817.0,13:52:57
sz300515,三德科技,18.46,0.26,1.429,18.45,18.46,18.2,18.35,18.47,18.1,1613100.0,29494244.0,13:52:57
sz300516,久之洋,60.62,-0.41,-0.672,60.61,60.62,61.03,61.04,62.0,59.84,3017225.0,182649573.0,13:52:57
sz300517,海波重科,11.98,0.47,4.083,11.97,11.98,11.51,11.51,12.1,11.46,5300162.0,62752423.0,13:52:57
sz300518,新迅达,20.94,0.37,1.799,20.94,20.95,20.57,20.56,20.99,20.35,5896215.0,122663223.0,13:52:57
sz300519,新光药业,15.38,0.15,0.985,15.38,15.39,15.23,15.23,15.39,14.95,1514016.0,22956623.0,13:52:48
sz300520,科大国创,38.16,1.14,3.079,38.14,38.16,37.02,38.78,39.24,37.98,23637053.0,910151353.0,13:52:57
sz300521,爱司凯,26.56,0.15,0.568,26.52,26.56,26.41,26.54,26.7,26.31,1058500.0,28049397.0,13:52:45
sz300522,世名科技,13.34,0.26,1.988,13.33,13.34,13.08,13.07,14.0,12.8,19879856.0,268577049.0,13:52:57
sz300523,辰安科技,22.25,0.85,3.972,22.22,22.25,21.4,21.42,22.25,21.3,1554000.0,33791599.0,13:52:57
sz300525,博思软件,10.47,0.14,1.355,10.46,10.48,10.33,10.38,10.53,10.32,9186808.0,95778668.0,13:52:57
sz300527,ST应急,8.15,0.04,0.493,8.14,8.15,8.11,8.09,8.17,8.09,4260910.0,34651641.0,13:52:45
sz300528,幸福蓝海,16.97,0.31,1.861,16.96,16.97,16.66,17.05,17.52,16.82,13360442.0,227676838.0,13:52:57
sz300529,健帆生物,17.64,-0.09,-0.508,17.62,17.64,17.73,17.72,17.75,17.55,2647300.0,46619858.0,13:52:48
sz300530,领湃科技,24.72,0.43,1.77,24.71,24.72,24.29,24.52,24.72,24.12,1309000.0,32080452.0,13:52:57
sz300531,优博讯,20.14,0.98,5.115,20.14,20.15,19.16,19.35,20.26,19.27,21596350.0,429857747.0,13:52:57
sz300532,今天国际,11.92,0.22,1.88,11.91,11.92,11.7,11.71,11.94,11.71,5250255.0,62137552.0,13:52:54
sz300533,冰川网络,25.77,0.39,1.537,25.77,25.78,25.38,25.51,25.79,24.93,7560350.0,191666206.0,13:52:57
sz300534,陇神戎发,9.56,-0.04,-0.417,9.55,9.56,9.6,9.56,9.58,9.44,3715900.0,35296730.0,13:52:54
sz300535,达威股份,19.91,0.78,4.077,19.91,19.92,19.13,19.13,19.97,18.97,1343808.0,26149864.0,13:52:57
sz300536,农尚环境,8.1,0.2,2.532,8.09,8.1,7.9,8.03,8.24,7.84,6159125.0,49763472.0,13:52:51
sz300537,广信材料,22.12,0.26,1.189,22.12,22.14,21.86,21.87,22.27,21.82,2073500.0,45716334.0,13:52:54
sz300538,同益股份,16.03,0.45,2.888,16.03,16.04,15.58,15.8,16.08,15.69,4022000.0,64132055.0,13:52:57
sz300539,横河精密,28.73,0.36,1.269,28.73,28.74,28.37,28.36,29.29,28.25,5227437.0,150036825.0,13:52:57
sz300540,蜀道装备,20.58,0.55,2.746,20.56,20.58,20.03,20.2,20.65,20.03,3752950.0,76007201.0,13:52:57
sz300541,先进数通,14.78,0.35,2.426,14.77,14.78,14.43,14.5,14.84,14.47,10662507.0,156761818.0,13:52:57
sz300542,新晨科技,16.27,0.06,0.37,16.27,16.28,16.21,16.21,16.33,16.12,2761607.0,44884018.0,13:52:54
sz300543,朗科智能,9.82,0.16,1.656,9.82,9.83,9.66,9.68,9.83,9.65,2544568.0,24730971.0,13:52:57
sz300545,联得装备,32.4,-0.13,-0.4,32.39,32.4,32.53,32.52,32.71,32.08,4687500.0,151838569.0,13:52:57
sz300546,雄帝科技,21.89,0.2,0.922,21.88,21.89,21.69,21.68,21.9,21.57,2026280.0,44095230.0,13:52:57
sz300547,川环科技,38.16,-0.86,-2.204,38.16,38.17,39.02,39.0,39.26,38.05,12289700.0,474139322.0,13:52:57
sz300548,长芯博创,240.99,4.19,1.769,241.0,241.11,236.8,236.67,246.78,233.45,14605869.0,3513341285.0,13:52:57
sz300549,优德精密,17.48,0.37,2.162,17.47,17.48,17.11,17.11,17.48,17.05,1491400.0,25777744.0,13:52:48
sz300550,和仁科技,11.72,0.11,0.947,11.72,11.73,11.61,11.62,11.82,11.18,9493777.0,109011229.0,13:52:57
sz300551,古鳌科技,14.02,0.26,1.89,14.02,14.03,13.76,13.8,14.16,13.58,7529033.0,104230340.0,13:52:57
sz300552,万集科技,26.66,0.6,2.302,26.64,26.65,26.06,26.35,27.0,26.26,4680310.0,124508740.0,13:52:57
sz300553,集智股份,42.22,0.36,0.86,42.21,42.22,41.86,42.01,42.33,41.51,1324200.0,55638474.0,13:52:51
sz300554,三超新材,22.88,0.48,2.143,22.86,22.88,22.4,22.53,22.88,22.13,1439600.0,32500543.0,13:52:57
sz300555,ST路通,13.68,0.1,0.736,13.62,13.68,13.58,13.48,13.72,13.48,1218500.0,16587082.0,13:52:54
sz300556,丝路视觉,18.56,1.05,5.997,18.55,18.56,17.51,17.53,19.17,17.5,6243100.0,114219070.0,13:52:48
sz300557,理工光科,34.29,0.25,0.734,34.27,34.29,34.04,34.03,34.37,33.73,1904207.0,64819057.0,13:52:54
sz300558,贝达药业,44.99,-0.71,-1.554,44.98,44.99,45.7,45.5,45.55,44.51,6475290.0,291005356.0,13:52:57
sz300559,佳发教育,15.23,0.55,3.747,15.23,15.24,14.68,14.61,15.4,14.5,21946417.0,330645287.0,13:52:57
sz300560,中富通,16.39,0.41,2.566,16.38,16.39,15.98,16.05,16.46,15.92,5607360.0,90713645.0,13:52:57
sz300561,*ST汇科,16.76,-0.52,-3.009,16.76,16.77,17.28,17.0,17.13,16.5,15683800.0,263854230.0,13:52:57
sz300562,乐心医疗,13.45,0.1,0.749,13.44,13.45,13.35,13.36,13.45,13.23,3104900.0,41442724.0,13:52:57
sz300563,神宇股份,32.77,0.67,2.087,32.76,32.77,32.1,32.09,32.97,32.09,2348200.0,76466731.0,13:52:57
sz300564,筑博设计,15.14,0.5,3.415,15.14,15.15,14.64,14.72,15.14,14.5,1235200.0,18276789.0,13:52:57
sz300565,科信技术,14.32,-0.14,-0.968,14.31,14.32,14.46,14.45,14.46,14.04,14464592.0,205633691.0,13:52:57
sz300566,激智科技,18.75,0.4,2.18,18.74,18.75,18.35,18.43,18.8,18.3,3873269.0,71843387.0,13:52:51
sz300567,精测电子,129.96,-0.36,-0.276,129.96,130.0,130.32,130.84,131.6,128.45,5461514.0,709497632.0,13:52:54
sz300568,星源材质,15.77,0.13,0.831,15.76,15.77,15.64,15.89,16.05,15.58,50481625.0,799082600.0,13:52:57
sz300569,天能重工,6.6,0.0,0.0,6.59,6.6,6.6,6.6,6.61,6.51,15657430.0,102884884.0,13:52:57
sz300570,太辰光,134.78,4.75,3.653,134.78,134.79,130.03,130.78,135.34,130.53,18444816.0,2447207915.0,13:52:57
sz300571,平治信息,36.19,1.35,3.875,36.19,36.2,34.84,35.42,36.8,35.42,18434916.0,666432617.0,13:52:57
sz300572,安车检测,29.01,-0.4,-1.36,28.99,29.01,29.41,29.38,29.53,28.68,4893300.0,141460595.0,13:52:57
sz300573,兴齐眼药,67.56,-0.51,-0.749,67.57,67.59,68.07,68.07,68.17,67.5,2851335.0,193204635.0,13:52:57
sz300575,中旗股份,6.11,0.04,0.659,6.11,6.12,6.07,6.06,6.12,5.97,6827200.0,41141363.0,13:53:03
sz300576,容大感光,35.18,0.43,1.237,35.18,35.19,34.75,34.9,35.49,34.63,3578246.0,125494803.0,13:53:03
sz300577,开润股份,19.12,0.36,1.919,19.11,19.12,18.76,18.85,19.13,18.65,881799.0,16673506.0,13:52:48
sz300578,会畅科技,21.75,0.57,2.691,21.74,21.75,21.18,21.19,21.82,21.17,5572200.0,119986931.0,13:53:03
sz300579,数字认证,27.34,0.66,2.474,27.32,27.35,26.68,26.69,27.5,26.68,3285076.0,88983791.0,13:53:03
sz300580,贝斯特,27.17,0.33,1.23,27.17,27.18,26.84,26.66,27.24,26.66,11487186.0,310266442.0,13:53:03
sz300581,晨曦航空,12.92,0.01,0.077,12.91,12.92,12.91,12.82,12.95,12.75,5337870.0,68543440.0,13:53:03
sz300582,英飞特,12.96,0.09,0.699,12.96,12.97,12.87,12.91,13.04,12.76,4916012.0,63301003.0,13:53:03
sz300583,赛托生物,14.29,0.03,0.21,14.28,14.29,14.26,14.26,14.29,14.1,1379300.0,19568740.0,13:53:03
sz300584,海辰药业,43.79,0.09,0.206,43.79,43.8,43.7,43.41,44.36,42.93,3964100.0,173294700.0,13:53:00
sz300585,奥联电子,17.6,-0.08,-0.452,17.6,17.61,17.68,17.72,17.95,17.2,6463400.0,112841110.0,13:53:03
sz300586,美联新材,10.1,0.04,0.398,10.1,10.11,10.06,10.1,10.17,10.01,11639232.0,117516153.0,13:53:03
sz300587,天铁科技,5.79,0.59,11.346,5.79,5.8,5.2,5.23,5.88,5.18,46602187.0,256633878.0,13:53:03
sz300588,熙菱信息,25.25,0.39,1.569,25.23,25.25,24.86,25.12,25.29,24.94,1724900.0,43366581.0,13:53:03
sz300589,江龙船艇,16.14,0.09,0.561,16.13,16.14,16.05,16.06,16.15,15.87,7835310.0,125503851.0,13:53:03
sz300590,移为通信,11.84,0.16,1.37,11.84,11.85,11.68,11.67,11.85,11.63,2366760.0,27805487.0,13:53:03
sz300591,万里马,7.05,0.11,1.585,7.04,7.05,6.94,6.99,7.05,6.91,5944400.0,41530083.0,13:53:00
sz300592,华凯易佰,13.17,0.28,2.172,13.17,13.18,12.89,12.88,13.25,12.82,5396260.0,70686947.0,13:53:03
sz300593,新雷能,27.72,0.64,2.363,27.71,27.73,27.08,26.8,28.76,26.33,25038283.0,687819267.0,13:53:03
sz300594,朗进科技,29.84,-0.31,-1.028,29.86,29.88,30.15,29.86,30.23,29.45,2830100.0,83993697.0,13:53:03
sz300595,欧普康视,14.15,-0.05,-0.352,14.14,14.15,14.2,14.21,14.29,14.11,5037154.0,71312861.0,13:53:03
sz300596,利安隆,43.79,0.4,0.922,43.79,43.8,43.39,43.66,44.12,43.36,1776100.0,77789641.0,13:53:03
sz300597,吉大通信,9.51,0.27,2.922,9.5,9.51,9.24,9.26,9.51,9.2,3873900.0,36318756.0,13:53:00
sz300598,诚迈科技,37.98,0.76,2.042,37.98,37.99,37.22,37.32,38.19,37.32,2619650.0,98941046.0,13:53:03
sz300599,雄塑科技,10.89,0.22,2.062,10.88,10.89,10.67,10.68,11.0,10.56,11181800.0,120748952.0,13:53:00
sz300600,国瑞科技,12.71,0.08,0.633,12.7,12.71,12.63,12.63,12.72,12.42,2446200.0,30834807.0,13:53:00
sz300601,康泰生物,14.17,-0.11,-0.77,14.16,14.17,14.28,14.3,14.31,14.12,6283045.0,89206446.0,13:53:03
sz300602,飞荣达,34.96,0.75,2.192,34.95,34.96,34.21,34.3,35.14,34.29,13900440.0,484134983.0,13:53:03
sz300603,立昂技术,12.3,0.43,3.623,12.29,12.3,11.87,11.87,12.38,11.83,42888909.0,522039070.0,13:53:03
sz300604,长川科技,153.09,11.88,8.413,153.08,153.09,141.21,141.22,154.3,141.22,25444932.0,3802889184.0,13:53:03
sz300605,恒锋信息,14.77,0.73,5.199,14.77,14.78,14.04,14.16,14.79,14.0,4378525.0,62815524.0,13:53:03
sz300606,金太阳,37.98,0.46,1.226,37.97,37.98,37.52,37.54,38.42,36.83,7591900.0,285665189.0,13:53:03
sz300607,拓斯达,26.13,0.31,1.201,26.13,26.14,25.82,26.15,26.35,25.93,4326320.0,112777522.0,13:53:03
sz300608,思特奇,13.32,0.69,5.463,13.31,13.32,12.63,12.65,13.61,12.6,22508980.0,296002366.0,13:53:03
sz300609,汇纳科技,37.65,1.41,3.891,37.64,37.65,36.24,36.78,38.1,36.3,5620700.0,210323148.0,13:53:03
sz300610,晨化股份,11.92,0.13,1.103,11.91,11.92,11.79,11.87,11.92,11.64,2284300.0,26942488.0,13:53:03
sz300611,美力科技,26.99,0.49,1.849,26.98,26.99,26.5,26.66,27.27,26.63,4326300.0,116704054.0,13:52:57
sz300612,宣亚国际,15.26,0.33,2.21,15.25,15.26,14.93,14.99,15.26,14.93,4646096.0,70277098.0,13:53:03
sz300613,富瀚微,44.2,0.74,1.703,44.2,44.21,43.46,43.53,44.35,43.32,2636837.0,115553759.0,13:53:03
sz300614,百川畅银,13.29,0.36,2.784,13.28,13.29,12.93,12.95,13.29,12.75,2192000.0,28552209.0,13:53:03
sz300615,欣天科技,13.81,0.39,2.906,13.81,13.82,13.42,13.41,13.83,13.27,5296240.0,71301932.0,13:53:03
sz300616,尚品宅配,12.28,0.22,1.824,12.28,12.29,12.06,12.14,12.3,12.02,1418600.0,17257243.0,13:53:03
sz300617,安靠智电,59.12,0.11,0.186,59.12,59.13,59.01,58.0,59.8,56.9,7154135.0,415595805.0,13:53:03
sz300618,寒锐钴业,45.66,-0.22,-0.48,45.65,45.66,45.88,44.4,46.03,44.21,12529562.0,566604561.0,13:53:00
sz300619,金银河,42.61,0.49,1.163,42.61,42.62,42.12,42.3,43.08,42.01,3964988.0,168721493.0,13:53:03
sz300620,光库科技,230.99,3.54,1.556,230.99,231.0,227.45,224.9,236.8,224.9,11625298.0,2696776237.0,13:53:03
sz300621,维业股份,8.37,0.25,3.079,8.37,8.38,8.12,8.13,8.38,8.01,3673237.0,30075382.0,13:52:57
sz300622,博士眼镜,24.97,0.12,0.483,24.97,24.98,24.85,24.87,25.06,24.75,2805979.0,69844693.0,13:53:03
sz300623,捷捷微电,28.54,-0.06,-0.21,28.53,28.54,28.6,28.6,28.75,28.36,8783846.0,250802698.0,13:53:03
sz300624,万兴科技,70.68,1.35,1.947,70.67,70.68,69.33,70.86,71.6,70.12,7041449.0,499003948.0,13:53:03
sz300625,三雄极光,11.78,0.17,1.464,11.78,11.79,11.61,11.61,11.8,11.54,1208100.0,14107913.0,13:53:03
sz300626,华瑞股份,26.16,-0.04,-0.153,26.16,26.17,26.2,26.26,26.31,25.59,7234800.0,187373725.0,13:53:03
sz300627,华测导航,34.13,0.11,0.323,34.12,34.13,34.02,34.0,34.37,33.86,6102525.0,208272224.0,13:53:03
sz300628,亿联网络,35.62,0.33,0.935,35.62,35.64,35.29,35.55,35.86,35.4,4417940.0,157635778.0,13:53:03
sz300629,新劲刚,24.02,0.04,0.167,24.02,24.03,23.98,23.88,24.15,23.76,6075783.0,145731910.0,13:53:03
sz300631,久吾高科,27.64,0.41,1.506,27.63,27.64,27.23,27.18,27.76,27.18,2029900.0,55901247.0,13:53:00
sz300632,光莆股份,17.51,-0.5,-2.776,17.5,17.51,18.01,18.01,18.02,17.34,17360714.0,306728727.0,13:53:03
sz300633,开立医疗,27.18,0.35,1.305,27.17,27.18,26.83,26.82,27.39,26.72,3854344.0,104398464.0,13:53:03
sz300634,彩讯股份,27.72,0.8,2.972,27.72,27.73,26.92,27.35,28.1,27.09,15303982.0,423426227.0,13:53:03
sz300635,中达安,14.39,-0.36,-2.441,14.39,14.4,14.75,14.86,14.88,14.07,6997900.0,100250410.0,13:53:03
sz300636,同和药业,8.17,-0.05,-0.608,8.16,8.17,8.22,8.2,8.22,8.1,4645400.0,37837529.0,13:53:03
sz300637,扬帆新材,11.84,0.15,1.283,11.83,11.84,11.69,11.72,11.9,11.57,3297500.0,38730535.0,13:52:45
sz300638,广和通,25.44,0.54,2.169,25.43,25.44,24.9,25.01,25.56,25.0,11778481.0,298723143.0,13:53:03
sz300639,凯普生物,6.78,-0.21,-3.004,6.77,6.78,6.99,6.88,6.97,6.71,33406908.0,225946181.0,13:53:03
sz300640,德艺文创,7.03,0.2,2.928,7.02,7.03,6.83,6.84,7.05,6.78,5988600.0,41356668.0,13:53:03
sz300641,正丹股份,18.79,0.11,0.589,18.78,18.79,18.68,18.66,18.79,18.31,6893511.0,128182402.0,13:53:00
sz300642,透景生命,17.06,0.0,0.0,17.06,17.08,17.06,17.06,17.09,16.78,1664900.0,28229066.0,13:52:54
sz300643,万通智控,17.88,0.09,0.506,17.87,17.88,17.79,17.92,18.03,17.79,3129343.0,56073207.0,13:52:39
sz300644,南京聚隆,30.54,0.99,3.35,30.53,30.54,29.55,29.54,30.58,29.48,2849650.0,85957035.0,13:53:03
sz300645,正元智慧,17.3,0.37,2.185,17.3,17.32,16.93,16.96,17.34,16.88,1988300.0,34027669.0,13:53:03
sz300647,超频三,6.4,0.14,2.236,6.4,6.41,6.26,6.25,6.47,6.21,9908950.0,62939223.0,13:53:03
sz300648,星云股份,52.15,1.25,2.456,52.1,52.15,50.9,51.48,52.49,50.72,2638443.0,136534492.0,13:53:03
sz300649,杭州园林,15.33,0.46,3.093,15.31,15.33,14.87,14.91,15.34,14.7,1622600.0,24425601.0,13:53:03
sz300650,太龙股份,16.05,0.22,1.39,16.05,16.06,15.83,15.92,16.06,15.6,5496970.0,87351983.0,13:53:03
sz300651,金陵体育,30.59,0.11,0.361,30.59,30.6,30.48,29.71,30.76,29.3,12749131.0,383682916.0,13:53:03
sz300652,雷迪克,43.26,0.06,0.139,43.26,43.28,43.2,43.4,43.8,43.12,936842.0,40642017.0,13:52:54
sz300653,正海生物,19.91,-0.2,-0.995,19.9,19.91,20.11,20.1,20.11,19.75,1352650.0,26823042.0,13:53:00
sz300654,世纪天鸿,10.92,0.35,3.311,10.92,10.93,10.57,10.57,11.04,10.57,7871600.0,85310471.0,13:53:03
sz300655,晶瑞电材,15.06,0.3,2.033,15.05,15.06,14.76,14.78,15.11,14.74,19012756.0,284605884.0,13:53:03
sz300656,民德电子,24.42,1.67,7.341,24.42,24.43,22.75,22.84,24.52,22.41,6647363.0,156626032.0,13:53:03
sz300657,弘信电子,35.3,2.5,7.622,35.3,35.34,32.8,32.8,36.27,32.8,53391560.0,1849574768.0,13:52:54
sz300658,延江股份,21.92,-0.09,-0.409,21.91,21.92,22.01,21.75,22.4,21.33,17221033.0,375321049.0,13:52:54
sz300659,中孚信息,13.12,0.2,1.548,13.11,13.12,12.92,12.94,13.13,12.91,2972000.0,38752956.0,13:52:54
sz300660,江苏雷利,43.63,0.43,0.995,43.62,43.63,43.2,43.77,44.08,43.5,3443394.0,150423355.0,13:52:51
sz300661,圣邦股份,76.6,0.72,0.949,76.62,76.69,75.88,76.1,77.71,75.2,13697072.0,1049981773.0,13:52:54
sz300662,科锐国际,24.48,0.53,2.213,24.48,24.49,23.95,24.05,24.55,23.96,3675200.0,89413851.0,13:52:54
sz300663,科蓝软件,13.36,0.23,1.752,13.35,13.36,13.13,13.19,13.37,13.11,5473517.0,72684728.0,13:52:54
sz300664,鹏鹞环保,6.26,0.13,2.121,6.25,6.26,6.13,6.14,6.28,6.04,20364750.0,125149937.0,13:52:54
sz300665,飞鹿股份,7.78,0.17,2.234,7.77,7.78,7.61,7.7,7.81,7.51,3917500.0,30037899.0,13:52:54
sz300666,江丰电子,153.25,-1.1,-0.713,153.25,153.26,154.35,154.69,155.35,150.12,5708271.0,875445530.0,13:52:54
sz300667,必创科技,17.91,-0.05,-0.278,17.9,17.91,17.96,17.95,18.25,17.78,4107900.0,73878828.0,13:52:42
sz300668,杰恩设计,56.17,-0.36,-0.637,56.15,56.18,56.53,55.56,58.3,54.91,5321572.0,300257676.0,13:52:54
sz300669,沪宁股份,32.0,0.05,0.156,31.98,32.09,31.95,31.95,32.5,31.73,703175.0,22498664.0,13:52:45
sz300670,大烨智能,6.42,0.1,1.582,6.41,6.42,6.32,6.33,6.45,6.26,7023370.0,44631805.0,13:52:51
sz300671,富满微,44.3,-0.22,-0.494,44.3,44.31,44.52,44.51,45.1,43.81,7287880.0,324134820.0,13:52:54
sz300672,国科微,163.46,-1.14,-0.693,163.45,163.65,164.6,164.5,167.4,153.0,11180762.0,1802561477.0,13:52:54
sz300673,佩蒂股份,16.32,0.14,0.865,16.32,16.33,16.18,16.17,16.33,16.04,2512103.0,40808355.0,13:52:54
sz300674,宇信科技,20.43,0.17,0.839,20.42,20.43,20.26,20.33,20.48,20.28,6565627.0,133873141.0,13:52:54
sz300675,建科院,15.09,0.31,2.097,15.08,15.09,14.78,14.92,15.09,14.69,1269800.0,18944805.0,13:52:54
sz300676,华大基因,40.23,0.0,0.0,40.22,40.23,40.23,40.22,40.46,40.04,2721296.0,109500047.0,13:52:54
sz300677,英科医疗,52.81,0.07,0.133,52.81,52.83,52.74,52.5,52.98,50.78,11655939.0,605054828.0,13:52:54
sz300678,中科信息,29.02,0.37,1.291,29.02,29.03,28.65,28.68,29.03,28.6,3305050.0,95349173.0,13:52:54
sz300679,电连技术,43.01,2.04,4.979,43.01,43.02,40.97,41.37,43.89,40.41,23823917.0,1006617001.0,13:52:54
sz300680,隆盛科技,40.36,-0.03,-0.074,40.36,40.37,40.39,41.13,41.38,40.13,4992100.0,202307694.0,13:52:54
sz300681,英搏尔,27.53,0.58,2.152,27.53,27.54,26.95,26.97,27.9,26.78,22667623.0,620350439.0,13:52:54
sz300682,朗新科技,16.14,-0.06,-0.37,16.13,16.14,16.2,16.3,16.41,16.05,12199371.0,197996788.0,13:52:54
sz300683,海特生物,35.05,-0.51,-1.434,35.04,35.05,35.56,35.4,35.57,34.76,6226400.0,218344947.0,13:52:54
sz300684,中石科技,59.18,5.02,9.269,59.16,59.18,54.16,53.43,60.22,53.4,22154632.0,1268527181.0,13:52:54
sz300685,艾德生物,23.17,0.12,0.521,23.16,23.17,23.05,23.18,23.7,23.04,11356965.0,264926644.0,13:52:54
sz300686,智动力,18.08,-0.73,-3.881,18.08,18.09,18.81,18.83,18.91,18.01,11396300.0,210243474.0,13:52:54
sz300687,赛意信息,20.77,1.79,9.431,20.77,20.78,18.98,19.15,21.29,19.0,19487982.0,392721917.0,13:52:54
sz300688,创业黑马,25.24,0.5,2.021,25.23,25.24,24.74,24.86,25.25,24.75,2463498.0,61715891.0,13:52:54
sz300689,澄天伟业,51.77,4.34,9.15,51.77,51.78,47.43,47.42,54.5,47.24,5652846.0,289831125.0,13:52:54
sz300690,双一科技,30.83,0.21,0.686,30.82,30.84,30.62,30.64,30.96,30.4,4633159.0,142600271.0,13:52:51
sz300691,联合光电,16.49,-0.01,-0.061,16.49,16.5,16.5,16.51,16.61,16.25,2331500.0,38250728.0,13:52:51
sz300692,中赋科技,8.53,0.14,1.669,8.52,8.53,8.39,8.43,8.53,8.3,8030966.0,67834627.0,13:52:54
sz300693,盛弘股份,50.98,1.08,2.164,50.98,50.99,49.9,50.05,52.68,49.15,18698005.0,954038782.0,13:52:54
sz300694,蠡湖股份,12.29,0.27,2.246,12.28,12.29,12.02,12.1,12.29,11.96,2673700.0,32519507.0,13:52:54
sz300695,兆丰股份,72.04,0.4,0.558,72.04,72.05,71.64,71.93,73.19,71.41,657825.0,47427847.0,13:52:54
sz300696,爱乐达,34.17,2.61,8.27,34.16,34.17,31.56,31.86,35.0,31.55,14484287.0,491844262.0,13:52:54
sz300697,电工合金,15.99,0.11,0.693,15.98,15.99,15.88,15.87,16.23,15.84,3637287.0,58138660.0,13:52:54
sz300698,万马科技,36.74,1.26,3.551,36.71,36.74,35.48,35.56,36.89,35.48,2635740.0,95712404.0,13:52:54
sz300699,光威复材,34.72,-0.28,-0.8,34.72,34.73,35.0,34.81,35.13,34.4,15698830.0,545153219.0,13:52:54
sz300700,岱勒新材,15.47,0.15,0.979,15.46,15.47,15.32,15.28,15.66,15.28,6408170.0,99443431.0,13:52:54
sz300701,森霸传感,11.92,0.16,1.361,11.92,11.93,11.76,11.74,11.93,11.65,2751950.0,32463735.0,13:52:51
sz300702,天宇股份,22.84,-0.29,-1.254,22.84,22.86,23.13,23.07,23.07,22.78,1950100.0,44642579.0,13:52:54
sz300703,创源股份,20.34,0.35,1.751,20.33,20.34,19.99,19.93,20.34,19.91,3174000.0,63948314.0,13:52:54
sz300705,九典制药,14.15,-0.12,-0.841,14.14,14.15,14.27,14.29,14.31,14.08,4210000.0,59536727.0,13:52:51
sz300706,阿石创,36.59,0.07,0.192,36.58,36.59,36.52,36.52,37.05,36.37,3735300.0,137149620.0,13:52:54
sz300707,威唐工业,16.33,0.27,1.681,16.32,16.33,16.06,16.2,16.35,16.06,3495600.0,56616339.0,13:52:54
sz300708,聚灿光电,9.45,0.0,0.0,9.45,9.46,9.45,9.43,9.49,9.35,16803529.0,158359019.0,13:52:54
sz300709,精研科技,42.41,-0.3,-0.702,42.4,42.41,42.71,42.7,42.99,42.22,5009660.0,212774685.0,13:52:54
sz300710,万隆光电,30.23,0.88,2.998,30.22,30.23,29.35,29.35,30.44,29.22,2353445.0,70515342.0,13:52:54
sz300711,广哈通信,25.27,0.28,1.12,25.26,25.28,24.99,24.98,25.3,24.76,3582320.0,89941306.0,13:52:48
sz300712,永福股份,28.63,0.27,0.952,28.62,28.63,28.36,28.35,28.75,28.02,1785573.0,50923230.0,13:52:51
sz300713,英可瑞,17.04,0.79,4.862,17.03,17.04,16.25,16.4,17.13,16.09,4297310.0,72037908.0,13:52:54
sz300715,凯伦股份,13.5,0.2,1.504,13.5,13.51,13.3,13.43,13.6,13.22,3281006.0,44173337.0,13:52:51
sz300716,ST泉为,14.01,-0.17,-1.199,13.95,14.0,14.18,14.18,14.29,13.9,3455600.0,48504988.0,13:52:51
sz300717,华信新材,20.9,0.51,2.501,20.9,20.93,20.39,20.4,20.93,19.94,2229173.0,45385363.0,13:52:54
sz300718,长盛轴承,71.67,0.07,0.098,71.67,71.68,71.6,72.29,72.68,71.5,2533087.0,182373624.0,13:52:54
sz300719,安达维尔,16.15,0.16,1.001,16.16,16.17,15.99,15.98,16.18,15.88,3223700.0,51690976.0,13:52:54
sz300720,海川智能,58.14,0.89,1.555,58.1,58.14,57.25,57.21,59.9,56.18,7594510.0,443744061.0,13:52:54
sz300721,怡达股份,14.3,0.33,2.362,14.29,14.3,13.97,13.98,14.32,13.92,2753810.0,38966238.0,13:52:48
sz300722,新余国科,31.04,0.18,0.583,31.03,31.04,30.86,30.69,31.15,30.69,2375818.0,73545064.0,13:52:54
sz300723,一品红,36.92,-0.18,-0.485,36.92,36.93,37.1,36.51,37.56,35.6,18014594.0,658712784.0,13:52:54
sz300724,捷佳伟创,109.96,-0.23,-0.209,109.94,109.96,110.19,111.0,112.33,108.11,10528153.0,1165257757.0,13:52:54
sz300725,药石科技,38.51,-0.44,-1.13,38.5,38.51,38.95,39.01,39.15,38.35,5422338.0,209189097.0,13:52:54
sz300726,宏达电子,44.24,0.23,0.523,44.23,44.24,44.01,44.02,44.39,43.8,2760346.0,121734160.0,13:52:54
sz300727,润禾材料,33.9,0.45,1.345,33.89,33.9,33.45,33.6,34.0,33.33,2012830.0,67914327.0,13:52:54
sz300729,乐歌股份,12.95,0.37,2.941,12.95,12.96,12.58,12.65,13.2,12.62,5363858.0,69761238.0,13:52:48
sz300730,科创信息,14.85,-0.27,-1.786,14.85,14.86,15.12,15.05,15.28,14.75,9193800.0,137254170.0,13:52:54
sz300731,科创新源,74.98,1.16,1.571,74.98,75.01,73.82,73.96,75.66,73.51,5120000.0,383686639.0,13:52:54
sz300732,设研院,6.84,0.1,1.484,6.83,6.84,6.74,6.77,6.84,6.72,5182645.0,35119176.0,13:52:54
sz300733,西菱动力,18.07,0.03,0.166,18.06,18.08,18.04,18.04,18.19,17.93,3221000.0,58196802.0,13:52:54
sz300735,光弘科技,22.21,-0.03,-0.135,22.21,22.22,22.24,22.24,22.45,22.16,5436290.0,121140336.0,13:52:51
sz300736,百邦科技,23.78,3.96,19.98,23.78,0.0,19.82,19.7,23.78,19.24,22193820.0,492217714.0,13:52:51
sz300737,科顺股份,6.36,0.13,2.087,6.36,6.37,6.23,6.26,6.49,6.16,17998533.0,113898048.0,13:52:54
sz300738,奥飞数据,25.77,2.37,10.128,25.77,25.79,23.4,23.6,25.88,23.52,126121733.0,3126829362.0,13:52:54
sz300739,明阳电路,29.21,-0.38,-1.284,29.2,29.21,29.59,29.2,29.56,28.69,25907680.0,750545410.0,13:52:54
sz300740,水羊股份,21.5,0.24,1.129,21.49,21.5,21.26,21.25,21.55,21.25,3668410.0,78641086.0,13:52:54
sz300741,华宝股份,17.07,-0.68,-3.831,17.06,17.07,17.75,17.52,17.52,16.95,7720577.0,132391451.0,13:52:54
sz300743,天地数码,18.39,0.59,3.315,18.39,18.4,17.8,17.82,18.41,17.78,1867600.0,33701663.0,13:52:57
sz300745,欣锐科技,26.64,0.8,3.096,26.63,26.64,25.84,25.84,27.08,25.72,3909376.0,103320068.0,13:52:57
sz300746,汉嘉数智,13.53,0.13,0.97,13.52,13.53,13.4,13.4,13.56,13.22,2017900.0,27090200.0,13:52:45
sz300747,锐科激光,32.51,0.16,0.495,32.49,32.51,32.35,32.34,32.95,32.05,12116056.0,394214015.0,13:52:57
sz300748,金力永磁,32.64,0.52,1.619,32.64,32.65,32.12,32.3,32.85,32.11,19466297.0,633825996.0,13:52:57
sz300749,顶固集创,25.18,-1.1,-4.186,25.18,25.19,26.28,26.27,26.62,23.86,13891940.0,350557297.0,13:52:57
sz300750,宁德时代,450.27,19.27,4.471,450.18,450.27,431.0,441.0,460.0,433.02,53398658.0,23927438394.0,13:52:57
sz300751,迈为股份,230.28,7.11,3.186,230.27,230.28,223.17,225.0,237.72,215.05,12285666.0,2810774727.0,13:52:57
sz300752,隆利科技,19.51,-0.25,-1.265,19.51,19.52,19.76,19.75,20.22,19.49,11713139.0,232365088.0,13:52:57
sz300753,爱朋医疗,28.29,0.15,0.533,28.28,28.29,28.14,28.16,28.29,27.8,2272899.0,63854574.0,13:52:57
sz300755,华致酒行,13.39,0.25,1.903,13.39,13.4,13.14,13.14,13.4,13.12,2367806.0,31383319.0,13:52:57
sz300756,金马游乐,48.65,1.55,3.291,48.65,48.66,47.1,47.11,49.49,47.09,3187396.0,154446115.0,13:52:57
sz300757,罗博特科,491.3,0.54,0.11,491.29,491.3,490.76,488.0,499.75,477.0,3884897.0,1903632411.0,13:52:57
sz300758,七彩化学,13.89,0.21,1.535,13.89,13.9,13.68,13.69,13.93,13.67,5942200.0,82367980.0,13:52:57
sz300759,康龙化成,31.3,0.0,0.0,31.29,31.3,31.3,31.15,31.65,30.88,24660437.0,770487489.0,13:52:57
sz300760,迈瑞医疗,159.87,-0.43,-0.268,159.87,159.88,160.3,160.32,160.86,159.46,4068150.0,650938645.0,13:52:57
sz300761,立华股份,22.13,0.17,0.774,22.12,22.13,21.96,21.98,22.28,21.49,8571810.0,187239166.0,13:52:57
sz300762,上海瀚讯,39.16,0.03,0.077,39.16,39.17,39.13,39.13,39.97,38.99,24375564.0,959814871.0,13:52:57
sz300763,锦浪科技,92.92,0.69,0.748,92.93,92.94,92.23,93.13,94.48,91.5,12838775.0,1195599730.0,13:52:57
sz300765,新诺威,33.65,-0.32,-0.942,33.65,33.66,33.97,33.53,34.42,33.0,10599077.0,357271155.0,13:52:57
sz300766,每日互动,37.15,1.15,3.194,37.16,37.17,36.0,36.1,37.38,36.1,25335077.0,933840371.0,13:52:57
sz300767,震安科技,22.95,0.75,3.378,22.94,22.95,22.2,22.11,23.6,22.11,14536305.0,336799083.0,13:52:57
sz300768,迪普科技,17.11,0.16,0.944,17.1,17.11,16.95,17.17,17.24,16.99,5175264.0,88507771.0,13:52:57
sz300769,德方纳米,47.82,1.8,3.911,47.82,47.83,46.02,46.89,49.2,46.42,22348890.0,1076148395.0,13:52:57
sz300770,新媒股份,40.67,0.51,1.27,40.66,40.67,40.16,40.18,40.77,40.17,2056509.0,83287031.0,13:52:57
sz300771,智莱科技,14.03,0.16,1.154,14.02,14.03,13.87,13.88,14.04,13.76,3728720.0,51815578.0,13:52:57
sz300772,运达股份,15.99,0.02,0.125,15.99,16.0,15.97,15.92,16.38,15.73,19745385.0,317489665.0,13:52:57
sz300773,拉卡拉,25.18,0.11,0.439,25.18,25.19,25.07,25.19,25.3,24.78,25953522.0,651443263.0,13:52:57
sz300774,倍杰特,18.32,0.86,4.926,18.32,18.34,17.46,17.58,18.35,17.3,10510003.0,187321815.0,13:52:57
sz300775,三角防务,37.47,-0.31,-0.821,37.47,37.48,37.78,37.8,37.9,36.98,17525064.0,655975814.0,13:52:57
sz300776,帝尔激光,82.74,2.32,2.885,82.73,82.74,80.42,81.0,84.28,80.1,8886195.0,737616288.0,13:52:57
sz300777,中简科技,31.45,-4.91,-13.504,31.45,31.46,36.36,32.73,32.98,31.33,41631453.0,1322698952.0,13:52:57
sz300778,新城市,12.82,0.33,2.642,12.81,12.82,12.49,12.54,12.87,12.42,2639786.0,33405992.0,13:52:57
sz300779,惠城环保,90.27,1.12,1.256,90.26,90.3,89.15,89.02,91.35,88.3,3850556.0,346013507.0,13:52:57
sz300780,德恩精工,24.21,-0.01,-0.041,24.21,24.22,24.22,24.01,24.39,23.76,7000685.0,168573915.0,13:52:54
sz300781,因赛集团,36.05,0.65,1.836,36.04,36.05,35.4,35.39,36.3,35.38,3584655.0,129086021.0,13:52:57
sz300782,卓胜微,103.08,1.65,1.627,103.06,103.08,101.43,101.43,105.66,99.81,15727930.0,1611164342.0,13:52:57
sz300783,三只松鼠,18.63,0.14,0.757,18.62,18.63,18.49,18.48,18.64,18.38,3005929.0,55748430.0,13:52:54
sz300784,利安科技,50.31,0.47,0.943,50.32,50.35,49.84,49.83,50.38,49.55,467100.0,23296517.0,13:52:57
sz300785,值得买,51.11,1.12,2.24,51.11,51.12,49.99,50.48,51.74,50.3,10274700.0,524681553.0,13:52:57
sz300786,国林科技,14.9,0.22,1.499,14.88,14.9,14.68,14.77,14.9,14.61,2283800.0,33682776.0,13:52:57
sz300787,海能实业,12.25,0.05,0.41,12.24,12.25,12.2,12.25,12.25,12.06,1925907.0,23408423.0,13:52:57
sz300788,中信出版,33.39,0.01,0.03,33.39,33.42,33.38,32.99,33.52,32.42,5857600.0,192372244.0,13:52:57
sz300789,唐源电气,21.37,0.19,0.897,21.36,21.37,21.18,21.25,21.5,21.1,803701.0,17131668.0,13:52:57
sz300790,宇瞳光学,30.1,0.48,1.621,30.1,30.11,29.62,29.62,30.59,29.05,16575600.0,494155166.0,13:52:57
sz300791,仙乐健康,21.42,-0.16,-0.741,21.41,21.42,21.58,21.5,21.6,21.1,3121740.0,66533846.0,13:52:57
sz300792,壹网壹创,35.72,0.93,2.673,35.7,35.72,34.79,34.79,36.0,34.79,5790777.0,206086272.0,13:52:57
sz300793,佳禾智能,14.37,0.17,1.197,14.37,14.38,14.2,14.3,14.38,14.19,2916780.0,41704954.0,13:52:57
sz300795,米奥会展,11.85,0.19,1.63,11.85,11.86,11.66,11.75,11.86,11.56,2305460.0,26987688.0,13:52:57
sz300796,贝斯美,9.13,0.1,1.107,9.13,9.14,9.03,9.02,9.14,8.96,3198300.0,28947160.0,13:52:57
sz300797,钢研纳克,15.5,0.27,1.773,15.5,15.51,15.23,15.29,15.59,15.18,2766532.0,42423118.0,13:52:54
sz300798,锦鸡股份,13.42,2.24,20.036,13.42,0.0,11.18,11.29,13.42,11.08,80201581.0,979586638.0,13:52:57
sz300800,力合科技,12.05,0.31,2.641,12.04,12.05,11.74,11.73,12.05,11.64,1945000.0,23010175.0,13:52:57
sz300801,泰和科技,26.53,0.15,0.569,26.53,26.54,26.38,26.48,26.78,26.18,2691700.0,71436604.0,13:52:51
sz300802,矩子科技,19.01,0.19,1.01,19.01,19.02,18.82,18.82,19.03,18.69,1723780.0,32572598.0,13:52:54
sz300803,指南针,99.2,-2.12,-2.092,99.19,99.2,101.32,100.1,101.14,97.57,16182118.0,1613914467.0,13:52:57
sz300804,广康生化,47.85,0.27,0.567,47.85,47.86,47.58,47.95,48.65,47.11,1877875.0,89572382.0,13:52:54
sz300805,电声股份,10.51,0.24,2.337,10.5,10.51,10.27,10.3,10.51,10.26,5060800.0,52634964.0,13:52:57
sz300806,斯迪克,54.15,2.2,4.235,54.13,54.16,51.95,51.34,55.8,51.32,20736524.0,1107218153.0,13:52:54
sz300807,天迈科技,54.61,1.01,1.884,54.6,54.61,53.6,53.39,54.88,52.88,1486300.0,80332099.0,13:52:57
sz300808,久量股份,24.75,-0.15,-0.602,24.74,24.77,24.9,25.03,25.03,24.28,2040900.0,50035906.0,13:52:57
sz300809,华辰装备,33.37,0.27,0.816,33.36,33.37,33.1,33.27,33.42,33.16,1469500.0,48914937.0,13:52:54
sz300810,中科海讯,32.5,0.06,0.185,32.49,32.5,32.44,32.43,32.68,32.18,1255100.0,40721579.0,13:52:42
sz300811,铂科新材,83.9,0.65,0.781,83.89,83.9,83.25,83.81,84.86,83.0,4066038.0,342516610.0,13:52:57
sz300812,易天股份,41.3,0.2,0.487,41.29,41.3,41.1,40.8,42.4,40.68,11079862.0,458696421.0,13:52:57
sz300813,泰林生物,27.85,0.03,0.108,27.85,27.86,27.82,27.8,28.05,27.51,2218140.0,61654563.0,13:52:54
sz300814,中富电路,97.53,-0.53,-0.54,97.43,97.53,98.06,97.74,100.88,97.06,7737099.0,767292121.0,13:52:57
sz300815,玉禾田,21.27,0.29,1.382,21.26,21.27,20.98,21.0,21.35,21.0,2507200.0,53136601.0,13:52:51
sz300816,艾可蓝,67.74,1.74,2.636,67.66,67.74,66.0,66.0,69.15,64.98,2007100.0,135439984.0,13:52:57
sz300817,双飞集团,20.26,-0.59,-2.83,20.25,20.26,20.85,20.87,20.99,20.17,6493371.0,132196997.0,13:52:57
sz300818,耐普矿机,34.98,0.42,1.215,34.96,34.98,34.56,34.81,35.39,33.85,3602577.0,124516100.0,13:52:51
sz300819,聚杰微纤,50.76,0.53,1.055,50.74,50.76,50.23,50.8,52.5,49.68,4766791.0,243117408.0,13:52:54
sz300820,英杰电气,47.0,0.27,0.578,47.0,47.04,46.73,46.88,47.18,46.45,1522319.0,71332821.0,13:52:57
sz300821,东岳硅材,13.8,0.3,2.222,13.79,13.8,13.5,13.49,13.94,13.4,41555977.0,568220954.0,13:52:57
sz300822,贝仕达克,14.16,0.21,1.505,14.15,14.16,13.95,13.94,14.16,13.86,937400.0,13160894.0,13:52:57
sz300823,建科智能,16.43,0.47,2.945,16.43,16.44,15.96,16.06,16.45,15.81,1382140.0,22259880.0,13:52:57
sz300824,北鼎股份,10.4,0.04,0.386,10.39,10.4,10.36,10.41,10.42,10.3,2328450.0,24091773.0,13:52:51
sz300825,阿尔特,9.02,0.22,2.5,9.02,9.03,8.8,8.88,9.06,8.84,6757652.0,60578637.0,13:52:57
sz300826,测绘股份,16.62,0.04,0.241,16.61,16.62,16.58,16.58,16.68,16.52,1506620.0,24998798.0,13:52:48
sz300827,上能电气,37.92,0.5,1.336,37.92,37.93,37.42,37.75,38.4,37.25,17142158.0,651142650.0,13:52:57
sz300828,锐新科技,21.65,-0.22,-1.006,21.64,21.65,21.87,21.86,22.0,21.52,4602700.0,99692489.0,13:52:57
sz300829,金丹科技,18.35,0.21,1.158,18.34,18.35,18.14,18.17,18.35,17.85,3565927.0,64454974.0,13:52:54
sz300830,金现代,11.01,0.19,1.756,11.01,11.02,10.82,10.81,11.1,10.81,14120700.0,155531759.0,13:52:57
sz300831,派瑞股份,17.03,0.2,1.188,17.02,17.03,16.83,16.85,17.15,16.58,7945800.0,133756160.0,13:52:57
sz300832,新产业,46.22,0.26,0.566,46.23,46.25,45.96,46.25,47.0,45.83,3595931.0,166140346.0,13:52:57
sz300833,浩洋股份,33.85,0.6,1.805,33.82,33.84,33.25,33.33,33.89,33.11,688439.0,23156699.0,13:52:45
sz300834,星辉环材,41.48,0.04,0.097,41.46,41.48,41.44,41.6,42.49,40.78,7213030.0,298927933.0,13:52:57
sz300835,龙磁科技,94.37,2.68,2.923,94.37,94.45,91.69,91.53,94.94,91.06,3057950.0,286559539.0,13:52:57
sz300836,佰奥智能,62.12,0.01,0.016,62.07,62.1,62.11,62.39,63.06,61.0,1290043.0,79939140.0,13:52:57
sz300837,浙矿股份,36.88,0.66,1.822,36.88,36.89,36.22,36.56,36.94,35.65,976600.0,35467553.0,13:52:57
sz300838,浙江力诺,15.27,0.38,2.552,15.26,15.27,14.89,15.0,15.28,14.65,1534900.0,22944424.0,13:52:51
sz300839,博汇股份,14.92,-0.15,-0.995,14.91,14.92,15.07,15.1,15.15,14.75,8447063.0,125704862.0,13:52:54
sz300840,酷特智能,19.73,1.21,6.533,19.72,19.73,18.52,19.31,20.28,19.31,16500995.0,326894911.0,13:52:54
sz300841,康华生物,59.23,-0.64,-1.069,59.22,59.26,59.87,59.86,59.86,59.01,1028000.0,60914698.0,13:52:57
sz300842,帝科股份,85.56,1.33,1.579,85.56,85.57,84.23,84.26,86.66,82.82,3974384.0,338605803.0,13:52:57
sz300843,胜蓝股份,67.86,3.3,5.112,67.86,67.87,64.56,65.5,69.2,65.0,8893498.0,599292845.0,13:52:57
sz300844,山水比德,34.48,0.56,1.651,34.47,34.48,33.92,34.04,34.5,33.4,650100.0,22011924.0,13:52:57
sz300845,捷安高科,12.99,0.07,0.542,12.98,12.99,12.92,13.01,13.09,12.75,4636147.0,59725581.0,13:52:51
sz300846,首都在线,31.08,1.17,3.912,31.08,31.09,29.91,30.01,31.62,30.0,45313265.0,1403472965.0,13:52:57
sz300847,中船汉光,15.74,0.12,0.768,15.74,15.75,15.62,15.67,15.76,15.57,2363300.0,37017733.0,13:52:54
sz300848,美瑞新材,14.93,0.07,0.471,14.92,14.94,14.86,14.86,14.98,14.77,2277621.0,33827402.0,13:52:57
sz300849,锦盛新材,20.57,0.42,2.084,20.57,20.58,20.15,20.25,21.2,20.07,1386550.0,28419023.0,13:52:54
sz300850,新强联,42.02,-0.72,-1.685,42.01,42.02,42.74,42.73,42.88,41.84,13072446.0,551471338.0,13:52:57
sz300851,交大思诺,29.32,0.83,2.913,29.3,29.32,28.49,28.68,29.33,28.23,686800.0,19782509.0,13:52:57
sz300852,四会富仕,43.02,0.69,1.63,43.01,43.04,42.33,42.41,43.56,42.01,3623740.0,155111412.0,13:52:57
sz300853,申昊科技,23.43,2.38,11.306,23.43,23.44,21.05,21.06,23.49,20.82,9017301.0,203688639.0,13:52:57
sz300854,中兰环保,28.99,0.43,1.506,28.88,28.93,28.56,28.41,30.19,27.57,8906342.0,253848361.0,13:52:57
sz300855,图南股份,43.87,0.73,1.692,43.87,43.89,43.14,43.0,44.79,42.84,4280475.0,187957720.0,13:52:57
sz300856,科思股份,12.56,0.08,0.641,12.55,12.56,12.48,12.5,12.57,12.45,1281500.0,16017461.0,13:52:57
sz300857,协创数据,312.15,31.46,11.208,312.1,312.15,280.69,282.0,316.99,282.0,27254556.0,8208970383.0,13:52:57
sz300858,科拓生物,23.83,2.5,11.721,23.83,23.85,21.33,20.51,24.16,19.68,33176436.0,711602744.0,13:52:57
sz300859,西域旅游,35.14,0.68,1.973,35.13,35.14,34.46,34.3,35.93,34.19,8671319.0,303527246.0,13:52:57
sz300860,锋尚文化,23.89,0.29,1.229,23.87,23.89,23.6,23.6,23.89,23.51,854480.0,20273562.0,13:52:57
sz300861,美畅股份,16.86,0.4,2.43,16.85,16.86,16.46,16.46,16.99,16.4,6891379.0,115192137.0,13:52:57
sz300862,蓝盾光电,22.71,0.15,0.665,22.68,22.71,22.56,22.56,22.78,22.3,2345384.0,52850160.0,13:52:45
sz300863,卡倍亿,59.07,-0.62,-1.039,59.06,59.08,59.69,59.93,60.5,58.0,3155572.0,185784373.0,13:52:57
sz300864,南大环境,20.59,0.25,1.229,20.59,20.6,20.34,20.33,20.6,20.19,568030.0,11568799.0,13:52:54
sz300865,大宏立,27.22,0.65,2.446,27.21,27.22,26.57,26.56,27.22,26.5,777600.0,20911510.0,13:52:48
sz300866,安克创新,118.67,6.82,6.097,118.66,118.67,111.85,113.0,119.6,112.0,9125472.0,1066494919.0,13:52:57
sz300867,圣元环保,20.07,0.23,1.159,20.07,20.08,19.84,19.88,20.26,19.66,4673018.0,93373953.0,13:52:57
sz300868,杰美特,76.57,0.55,0.723,76.52,76.58,76.02,76.5,79.21,75.0,4618434.0,354755698.0,13:52:57
sz300869,康泰医学,13.28,-0.09,-0.673,13.28,13.29,13.37,13.35,13.41,13.17,2558154.0,33858733.0,13:52:54
sz300870,欧陆通,352.0,14.0,4.142,351.55,352.0,338.0,343.46,364.0,343.46,4084551.0,1454025383.0,13:52:57
sz300871,回盛生物,27.8,0.34,1.238,27.79,27.8,27.46,27.25,28.27,27.01,17307249.0,480579869.0,13:52:57
sz300872,天阳科技,16.45,0.17,1.044,16.45,16.46,16.28,16.27,16.5,16.25,4425004.0,72580602.0,13:52:54
sz300873,海晨股份,22.91,0.75,3.384,22.9,22.91,22.16,22.25,22.98,22.2,2297900.0,51761372.0,13:52:57
sz300875,捷强装备,40.82,-0.16,-0.39,40.81,40.82,40.98,40.91,40.98,39.8,3415084.0,137818986.0,13:52:57
sz300876,蒙泰高新,26.2,0.65,2.544,26.17,26.19,25.55,25.54,26.2,25.45,1089643.0,28208110.0,13:52:45
sz300877,金春股份,28.3,0.41,1.47,28.29,28.31,27.89,28.0,28.47,27.5,1512764.0,42333221.0,13:52:48
sz300878,维康药业,27.18,-0.27,-0.984,27.17,27.18,27.45,27.42,27.42,26.56,1329580.0,35699158.0,13:52:57
sz300879,大叶股份,24.64,0.63,2.624,24.63,24.64,24.01,24.0,24.84,23.87,3518948.0,85987070.0,13:52:57
sz300880,迦南智能,23.0,-0.11,-0.476,22.99,23.0,23.11,22.89,23.08,22.3,9598283.0,218891787.0,13:52:57
sz300881,盛德鑫泰,46.16,0.69,1.517,46.14,46.16,45.47,45.46,46.88,44.6,3061072.0,140263473.0,13:52:54
sz300882,万胜智能,22.91,0.0,0.0,22.92,22.96,22.91,22.98,23.05,22.55,2534834.0,57850180.0,13:52:57
sz300883,龙利得,6.67,0.05,0.755,6.67,6.68,6.62,6.61,6.69,6.59,11133100.0,74043888.0,13:52:54
sz300884,狄耐克,13.68,0.24,1.786,13.67,13.68,13.44,13.46,13.68,13.38,2952513.0,39983113.0,13:52:57
sz300885,海昌新材,24.07,-0.19,-0.783,24.06,24.07,24.26,24.4,24.57,23.96,4332300.0,104697586.0,13:52:57
sz300886,华业香料,28.11,0.68,2.479,28.11,28.12,27.43,27.45,28.13,27.15,1068700.0,29555995.0,13:52:57
sz300887,谱尼测试,9.99,0.03,0.301,9.98,9.99,9.96,9.99,10.04,9.88,5088450.0,50661429.0,13:52:54
sz300888,稳健医疗,33.8,-0.06,-0.177,33.79,33.8,33.86,33.9,34.25,33.65,3280975.0,110994493.0,13:52:57
sz300889,爱克股份,25.84,-0.04,-0.155,25.85,25.86,25.88,25.9,26.19,25.73,2357304.0,61089696.0,13:52:51
sz300890,翔丰华,31.95,0.61,1.946,31.93,31.95,31.34,31.39,32.51,31.36,5800765.0,185843315.0,13:52:57
sz300891,惠云钛业,8.47,0.26,3.167,8.47,8.48,8.21,8.24,8.56,8.18,5805200.0,48791677.0,13:52:54
sz300892,品渥食品,28.46,0.66,2.374,28.46,28.47,27.8,27.8,28.61,27.41,1523700.0,42801095.0,13:52:54
sz300893,松原安全,22.82,0.09,0.396,22.82,22.84,22.73,22.74,22.98,22.45,2368700.0,53764474.0,13:52:57
sz300894,火星人,10.2,0.22,2.204,10.2,10.21,9.98,10.02,10.23,9.94,2948336.0,29757177.0,13:52:51
sz300895,铜牛信息,63.29,3.15,5.238,63.31,63.35,60.14,60.5,64.55,60.31,15617465.0,981304099.0,13:52:57
sz300896,爱美客,115.31,-0.42,-0.363,115.29,115.38,115.73,115.72,116.19,115.1,1390009.0,160649304.0,13:52:54
sz300897,山科智能,24.87,0.18,0.729,24.85,24.87,24.69,24.7,25.15,24.6,953672.0,23710947.0,13:52:39
sz300898,熊猫乳品,23.97,0.32,1.353,23.96,23.97,23.65,23.65,24.18,23.22,5307784.0,126096515.0,13:52:57
sz300899,*ST凯鑫,39.48,0.47,1.205,39.22,39.48,39.01,39.0,39.48,38.38,667900.0,26022198.0,13:52:57
sz300900,广联航空,42.62,1.22,2.947,42.63,42.65,41.4,40.57,44.08,40.06,36173148.0,1519534659.0,13:52:57
sz300901,中胤时尚,14.05,-1.02,-6.768,14.05,14.06,15.07,15.24,15.26,13.91,10229884.0,147176475.0,13:52:54
sz300902,国安达,17.88,0.27,1.533,17.87,17.88,17.61,17.68,17.88,17.5,1762160.0,31240031.0,13:52:57
sz300903,科翔股份,38.94,-0.82,-2.062,38.94,38.96,39.76,39.21,40.49,38.81,27287734.0,1077966350.0,13:52:57
sz300904,威力传动,59.6,0.59,1.0,59.58,59.66,59.01,59.42,59.96,58.6,541915.0,32007355.0,13:52:57
sz300905,宝丽迪,46.32,7.72,20.0,46.32,0.0,38.6,41.99,46.32,41.99,9539108.0,431391405.0,13:52:57
sz300906,日月明,32.8,0.35,1.079,32.8,32.81,32.45,32.65,33.43,32.4,1010800.0,33198908.0,13:52:51
sz300907,康平科技,28.57,0.41,1.456,28.56,28.57,28.16,28.15,28.57,28.05,673500.0,19072520.0,13:52:48
sz300908,仲景食品,29.09,0.51,1.784,29.08,29.09,28.58,28.58,29.26,28.48,1809292.0,52227891.0,13:52:51
sz300909,汇创达,41.2,0.19,0.463,41.19,41.2,41.01,40.77,41.26,40.5,2211100.0,90145669.0,13:52:57
sz300910,瑞丰新材,48.79,0.38,0.785,48.78,48.79,48.41,48.55,49.1,47.81,2204199.0,106733267.0,13:52:57
sz300911,亿田智能,36.34,3.49,10.624,36.34,36.35,32.85,32.8,37.37,32.68,11083785.0,392212255.0,13:52:57
sz300912,凯龙高科,26.71,1.3,5.116,26.69,26.71,25.41,25.45,27.29,25.07,9215500.0,242874202.0,13:52:57
sz300913,兆龙互连,54.26,1.19,2.242,54.26,54.32,53.07,53.0,54.68,52.66,5433072.0,291177026.0,13:52:57
sz300915,海融科技,23.0,0.35,1.545,22.99,23.0,22.65,22.64,23.05,22.4,451100.0,10229413.0,13:52:51
sz300916,朗特智能,31.07,-0.06,-0.193,31.07,31.08,31.13,31.19,31.4,30.93,1177447.0,36618780.0,13:52:54
sz300917,特发服务,33.22,-0.09,-0.27,33.21,33.22,33.31,33.31,33.5,32.89,2984677.0,98792325.0,13:52:57
sz300918,南山智尚,14.5,-0.38,-2.554,14.5,14.51,14.88,14.75,15.03,14.41,11089506.0,161709697.0,13:52:57
sz300919,中伟新材,56.26,0.39,0.698,56.25,56.26,55.87,56.32,57.44,55.43,14825754.0,837935988.0,13:52:57
sz300920,润阳科技,39.75,0.25,0.633,39.72,39.76,39.5,40.2,40.2,39.11,665300.0,26300645.0,13:52:54
sz300921,南凌科技,26.79,1.23,4.812,26.78,26.79,25.56,25.7,26.93,25.65,10423983.0,275049444.0,13:52:57
sz300922,天秦装备,19.91,-0.02,-0.1,19.91,19.92,19.93,19.77,19.93,19.54,2308620.0,45609822.0,13:52:57
sz300923,研奥股份,27.45,0.6,2.235,27.45,27.46,26.85,26.88,27.47,26.62,697600.0,18869851.0,13:52:57
sz300925,法本信息,18.48,0.41,2.269,18.47,18.48,18.07,18.15,18.5,18.15,5970200.0,109761656.0,13:52:57
sz300926,博俊科技,25.6,0.08,0.313,25.59,25.6,25.52,25.75,25.79,25.43,2923800.0,74738069.0,13:52:57
sz300927,江天化学,29.96,-0.14,-0.465,29.95,29.96,30.1,29.99,30.24,29.51,3110692.0,92997697.0,13:52:57
sz300928,华安鑫创,30.68,1.98,6.899,30.66,30.68,28.7,29.48,32.2,29.48,2955040.0,89959113.0,13:52:21
sz300929,华骐环保,12.84,0.33,2.638,12.83,12.84,12.51,12.5,12.85,12.31,2159600.0,27187548.0,13:52:57
sz300930,屹通新材,30.37,0.64,2.153,30.37,30.38,29.73,29.94,30.39,29.73,678248.0,20437119.0,13:52:51
sz300931,通用电梯,13.06,0.35,2.754,13.06,13.07,12.71,12.71,13.13,12.62,3241500.0,41807454.0,13:52:42
sz300932,三友联众,14.31,0.37,2.654,14.3,14.31,13.94,14.1,14.33,13.8,11425640.0,160741079.0,13:52:57
sz300933,中辰股份,8.13,0.18,2.264,8.12,8.13,7.95,7.91,8.13,7.79,11333023.0,90204531.0,13:52:57
sz300935,盈建科,32.16,1.55,5.064,32.15,32.16,30.61,31.09,32.43,30.35,2055140.0,64846068.0,13:52:57
sz300936,中英科技,73.39,7.19,10.861,73.39,73.4,66.2,66.4,75.47,65.2,7307921.0,516506559.0,13:52:57
sz300937,药易购,30.66,-0.65,-2.076,30.66,30.68,31.31,31.0,31.05,30.08,3266422.0,99416742.0,13:52:57
sz300938,信测标准,53.4,7.85,17.234,53.37,53.4,45.55,45.99,54.66,44.67,20067517.0,978404170.0,13:52:57
sz300939,秋田微,40.6,0.67,1.678,40.59,40.6,39.93,40.09,40.68,39.6,3392900.0,136498254.0,13:52:48
sz300940,南极光,23.73,0.49,2.108,23.73,23.74,23.24,23.23,23.88,23.08,3549114.0,83827948.0,13:52:57
sz300941,创识科技,20.24,0.24,1.2,20.23,20.25,20.0,20.12,20.3,20.0,1559000.0,31400896.0,13:52:54
sz300942,易瑞生物,8.49,0.05,0.592,8.49,8.5,8.44,8.47,8.52,8.35,4667995.0,39374629.0,13:52:57
sz300943,春晖智控,31.13,0.11,0.355,31.12,31.13,31.02,31.19,31.51,30.39,10567401.0,325963717.0,13:52:57
sz300945,曼卡龙,15.85,0.2,1.278,15.84,15.85,15.65,15.65,15.88,15.5,5317297.0,83577462.0,13:52:54
sz300946,恒而达,46.05,0.12,0.261,46.04,46.05,45.93,45.92,46.47,45.89,428441.0,19753366.0,13:52:48
sz300947,德必集团,16.98,0.27,1.616,16.97,16.98,16.71,16.8,16.98,16.58,2123869.0,35547198.0,13:52:54
sz300948,冠中生态,18.89,-0.04,-0.211,18.88,18.9,18.93,18.92,19.0,18.6,1387300.0,26187949.0,13:52:57
sz300949,奥雅股份,39.28,2.07,5.563,39.28,39.3,37.21,37.76,39.88,36.94,1088575.0,42029749.0,13:52:33
sz300950,德固特,21.8,0.43,2.012,21.79,21.8,21.37,21.55,21.8,21.21,1145292.0,24597861.0,13:52:57
sz300951,博硕科技,37.83,0.4,1.069,37.8,37.83,37.43,37.38,38.1,37.23,1416500.0,53441792.0,13:52:54
sz300952,恒辉安防,38.47,1.41,3.805,38.47,38.48,37.06,38.01,39.72,37.46,5944615.0,227646552.0,13:52:57
sz300953,震裕科技,205.58,16.74,8.865,205.58,205.62,188.84,196.01,212.77,193.67,11601132.0,2348760874.0,13:52:57
sz300955,嘉亨家化,38.02,0.2,0.529,38.01,38.02,37.82,37.82,38.28,37.37,1188153.0,45131672.0,13:52:54
sz300956,英力股份,15.12,0.21,1.408,15.11,15.12,14.91,14.93,15.12,14.81,2072204.0,31113159.0,13:52:54
sz300957,贝泰妮,36.78,-0.01,-0.027,36.78,36.8,36.79,36.8,36.9,36.47,3228816.0,118464242.0,13:52:57
sz300958,建工修复,13.37,0.26,1.983,13.36,13.37,13.11,13.11,13.37,12.86,2647700.0,34664503.0,13:52:54
sz300959,线上线下,84.8,2.3,2.788,84.8,84.83,82.5,82.45,86.43,81.02,2981464.0,249170279.0,13:52:57
sz300960,通业科技,24.3,0.31,1.292,24.29,24.3,23.99,24.0,24.33,23.91,1137381.0,27422873.0,13:52:57
sz300961,深水海纳,13.74,-0.01,-0.073,13.73,13.74,13.75,13.62,13.94,13.42,4803545.0,65607980.0,13:52:48
sz300962,中金辐照,16.29,0.02,0.123,16.29,16.3,16.27,16.32,16.32,16.13,1447657.0,23482145.0,13:52:57
sz300963,中洲特材,17.16,0.06,0.351,17.16,17.17,17.1,17.2,17.23,17.02,3614460.0,61984455.0,13:52:57
sz300964,本川智能,74.26,2.09,2.896,74.28,74.29,72.17,72.19,74.65,71.51,4534952.0,332156255.0,13:52:57
sz300965,恒宇信通,55.5,0.21,0.38,55.47,55.54,55.29,55.28,55.59,54.81,392200.0,21670367.0,13:52:42
sz300966,共同药业,21.93,0.26,1.2,21.93,21.95,21.67,21.66,21.94,21.45,1507500.0,32775694.0,13:52:57
sz300967,晓鸣股份,18.61,-1.19,-6.01,18.61,18.62,19.8,18.98,19.01,17.98,12282351.0,226044123.0,13:52:57
sz300968,格林精密,12.15,0.03,0.248,12.14,12.16,12.12,12.12,12.2,12.03,2440800.0,29589685.0,13:52:39
sz300969,恒帅股份,128.91,3.16,2.513,128.91,128.95,125.75,133.59,134.69,128.01,2241017.0,293338150.0,13:52:51
sz300970,华绿生物,30.69,0.09,0.294,30.68,30.69,30.6,30.4,31.37,30.06,4158517.0,127548581.0,13:52:57
sz300971,博亚精工,23.59,0.44,1.901,23.58,23.59,23.15,23.32,23.61,23.04,1625640.0,37887634.0,13:52:57
sz300972,万辰集团,211.48,5.79,2.815,210.82,211.49,205.69,205.68,213.3,203.63,1679584.0,351665507.0,13:52:57
sz300973,立高食品,33.41,0.42,1.273,33.42,33.43,32.99,33.19,33.45,32.77,1475837.0,48976957.0,13:52:57
sz300975,商络电子,20.46,0.45,2.249,20.45,20.46,20.01,20.0,20.97,19.68,34076896.0,692348059.0,13:52:57
sz300976,达瑞电子,59.66,1.56,2.685,59.66,59.7,58.1,58.44,59.95,58.09,1220110.0,72273571.0,13:52:54
sz300977,深圳瑞捷,19.96,0.21,1.063,19.95,19.96,19.75,19.88,19.96,19.56,1214365.0,23970503.0,13:52:54
sz300978,东箭科技,11.3,0.15,1.345,11.29,11.3,11.15,11.21,11.32,11.07,1867148.0,20912721.0,13:52:48
sz300979,华利集团,43.24,0.24,0.558,43.24,43.28,43.0,43.19,43.38,42.62,1334540.0,57336341.0,13:52:54
sz300980,祥源新材,37.03,-0.12,-0.323,37.01,37.03,37.15,37.5,38.0,36.62,2802452.0,103851836.0,13:52:51
sz300981,中红医疗,13.79,0.05,0.364,13.78,13.8,13.74,13.79,13.83,13.6,6282691.0,86168484.0,13:52:54
sz300982,苏文电能,22.69,0.42,1.886,22.69,22.7,22.27,22.28,22.85,22.05,3875160.0,87373198.0,13:52:51
sz300983,尤安设计,29.89,0.81,2.785,29.87,29.89,29.08,29.44,29.9,28.9,865779.0,25602298.0,13:52:54
sz300984,金沃股份,57.88,-1.07,-1.815,57.88,57.89,58.95,59.6,62.94,57.01,2599248.0,152960917.0,13:52:57
sz300985,致远新能,22.09,0.36,1.657,22.08,22.09,21.73,21.93,22.22,21.68,1492100.0,32854431.0,13:52:54
sz300986,志特新材,25.08,1.29,5.422,25.08,25.09,23.79,24.22,25.7,23.8,43272842.0,1076561947.0,13:52:57
sz300987,川网传媒,17.6,0.38,2.207,17.59,17.6,17.22,17.22,17.6,17.22,2304112.0,40131111.0,13:52:57
sz300988,津荣天宇,27.71,-0.19,-0.681,27.7,27.71,27.9,27.99,28.03,27.46,3032077.0,83687860.0,13:52:57
sz300989,蕾奥规划,14.85,0.35,2.414,14.84,14.86,14.5,14.53,14.92,14.34,3254895.0,47670639.0,13:52:57
sz300990,同飞股份,85.3,0.95,1.126,85.3,85.31,84.35,84.73,87.0,84.11,3665094.0,314008116.0,13:52:54
sz300991,创益通,54.19,2.24,4.312,54.19,54.25,51.95,52.38,56.55,51.45,4212219.0,225793113.0,13:52:57
sz300992,泰福泵业,32.72,-1.28,-3.765,32.72,32.74,34.0,33.95,33.95,31.82,6398643.0,210031759.0,13:52:54
sz300993,玉马科技,12.49,0.23,1.876,12.48,12.49,12.26,12.28,12.49,12.24,1768170.0,21914075.0,13:52:57
sz300994,久祺股份,15.36,0.23,1.52,15.35,15.36,15.13,15.16,15.39,15.01,2238690.0,33957682.0,13:52:57
sz300995,奇德新材,36.26,0.37,1.031,36.26,36.27,35.89,36.02,36.4,35.89,843200.0,30461722.0,13:52:57
sz300996,普联软件,17.54,-0.06,-0.341,17.54,17.56,17.6,17.39,17.75,17.26,9633900.0,168892885.0,13:52:57
sz300997,欢乐家,20.8,0.28,1.365,20.8,20.81,20.52,20.34,20.95,20.09,7466199.0,153568023.0,13:52:57
sz300998,宁波方正,25.27,0.34,1.364,25.26,25.27,24.93,25.31,25.56,24.75,2655298.0,67186087.0,13:52:57
sz300999,金龙鱼,28.42,0.17,0.602,28.42,28.43,28.25,28.23,28.42,28.19,5301635.0,149973522.0,13:52:57
sz301000,肇民科技,29.97,0.41,1.387,29.97,29.98,29.56,29.93,30.97,29.87,2351900.0,70799945.0,13:52:57
sz301001,凯淳股份,28.88,0.7,2.484,28.87,28.88,28.18,28.68,28.89,28.01,684300.0,19528181.0,13:52:57
sz301002,崧盛股份,40.44,2.93,7.811,40.41,40.44,37.51,37.89,40.53,37.6,5129691.0,202362443.0,13:52:57
sz301003,江苏博云,53.46,1.59,3.065,53.45,53.46,51.87,52.0,54.87,51.88,4172569.0,223618207.0,13:52:57
sz301004,嘉益股份,50.6,2.9,6.08,50.6,50.63,47.7,47.6,51.99,47.5,1939840.0,97843267.0,13:52:54
sz301005,超捷股份,168.69,1.51,0.903,168.51,168.68,167.18,167.18,172.04,166.26,8539933.0,1440439246.0,13:52:57
sz301006,迈拓股份,17.62,0.48,2.8,17.61,17.64,17.14,17.23,17.64,17.05,1098100.0,18997654.0,13:52:57
sz301007,德迈仕,35.09,-0.12,-0.341,35.09,35.14,35.21,35.38,35.74,34.83,2191900.0,76847848.0,13:52:57
sz301008,宏昌科技,38.15,0.1,0.263,38.13,38.15,38.05,37.33,39.15,36.81,11585287.0,439124850.0,13:52:57
sz301009,可靠股份,11.88,0.12,1.02,11.87,11.88,11.76,11.75,11.88,11.63,1093800.0,12892033.0,13:52:45
sz301010,晶雪节能,21.48,0.73,3.518,21.48,21.49,20.75,20.86,21.49,20.54,1468931.0,31007705.0,13:52:57
sz301011,华立科技,22.16,0.7,3.262,22.15,22.16,21.46,21.59,22.28,21.46,2468905.0,54115115.0,13:52:57
sz301012,扬电科技,32.82,2.64,8.748,32.81,32.83,30.18,30.18,33.55,29.9,21740198.0,697385882.0,13:52:57
sz301013,利和兴,24.67,-0.12,-0.484,24.67,24.68,24.79,24.34,24.96,23.98,11336522.0,277284948.0,13:52:57
sz301015,百洋医药,26.06,0.18,0.696,26.06,26.07,25.88,26.0,26.42,25.6,12977427.0,337820660.0,13:52:54
sz301016,雷尔伟,24.16,0.22,0.919,24.15,24.16,23.94,23.95,24.53,23.68,3934859.0,95258595.0,13:52:57
sz301017,漱玉平民,15.5,-0.78,-4.791,15.49,15.5,16.28,15.78,15.85,15.21,20414844.0,314385105.0,13:52:57
sz301018,申菱环境,122.17,-1.12,-0.908,122.21,122.22,123.29,123.15,125.8,120.7,12341848.0,1519561042.0,13:52:57
sz301019,宁波色母,21.25,0.44,2.114,21.23,21.25,20.81,20.8,21.25,20.75,766347.0,16102521.0,13:52:57
sz301020,密封科技,21.84,0.48,2.247,21.83,21.85,21.36,21.44,21.88,21.3,897600.0,19396879.0,13:52:48
sz301021,英诺激光,58.48,0.07,0.12,58.47,58.48,58.41,58.11,58.99,57.89,2343800.0,136652699.0,13:52:57
sz301022,海泰科,0.0,0.0,0.0,0.0,0.0,27.83,0.0,0.0,0.0,0.0,0.0,13:52:27
sz301023,奕帆传动,40.83,0.64,1.592,40.82,40.83,40.19,40.58,40.86,40.18,902970.0,36598171.0,13:52:57
sz301024,霍普股份,39.25,-0.61,-1.53,39.25,39.28,39.86,39.87,40.01,38.5,1191400.0,46548601.0,13:52:54
sz301025,读客文化,10.96,0.24,2.239,10.95,10.96,10.72,10.78,10.99,10.72,4224400.0,45830015.0,13:52:51
sz301026,浩通科技,29.76,0.71,2.444,29.75,29.76,29.05,29.05,29.79,28.98,2274299.0,66880588.0,13:52:57
sz301027,华蓝集团,22.99,0.03,0.131,22.98,23.01,22.96,23.09,23.57,22.83,4672100.0,108157397.0,13:52:57
sz301028,鼎熔岩,14.59,-0.01,-0.068,14.58,14.59,14.6,14.59,14.69,14.52,1650500.0,24079750.0,13:52:51
sz301029,怡合达,27.32,0.73,2.745,27.31,27.32,26.59,26.66,27.55,26.58,9287791.0,252151623.0,13:52:57
sz301030,仕净科技,11.68,1.51,14.848,11.67,11.68,10.17,10.2,11.88,10.15,18844627.0,207079209.0,13:52:57
sz301031,中熔电气,148.0,3.14,2.168,147.9,148.0,144.86,145.06,151.65,144.5,2185606.0,323453169.0,13:52:57
sz301032,新柴股份,13.15,0.18,1.388,13.14,13.15,12.97,13.02,13.15,12.86,2415300.0,31479356.0,13:52:57
sz301033,迈普医学,59.54,1.04,1.778,59.53,59.58,58.5,58.78,59.58,58.02,559300.0,32967738.0,13:52:51
sz301035,润丰股份,77.91,0.03,0.039,77.9,77.91,77.88,77.96,78.95,77.25,671400.0,52543602.0,13:52:57
sz301036,双乐股份,28.6,0.49,1.743,28.55,28.6,28.11,28.1,28.6,28.02,688243.0,19523912.0,13:52:57
sz301037,保立佳,14.97,0.54,3.742,14.96,14.97,14.43,14.42,14.99,14.31,1159700.0,16936315.0,13:52:57
sz301038,深水规院,20.94,0.3,1.453,20.94,20.95,20.64,20.58,20.97,20.42,1415147.0,29340993.0,13:52:57
sz301039,中集车辆,9.23,0.04,0.435,9.22,9.23,9.19,9.2,9.28,9.16,5630111.0,51854705.0,13:52:54
sz301040,中环海陆,34.75,2.44,7.552,34.75,34.76,32.31,32.99,35.19,31.91,9805973.0,330923144.0,13:52:57
sz301041,金百泽,28.55,0.46,1.638,28.55,28.56,28.09,28.04,28.73,27.81,3045100.0,86294284.0,13:52:57
sz301042,安联锐视,95.17,0.36,0.38,95.17,95.2,94.81,94.8,96.8,93.35,2054950.0,195819729.0,13:52:57
sz301043,绿岛风,53.85,2.27,4.401,53.84,53.85,51.58,51.66,54.38,51.5,886303.0,47177180.0,13:52:15
sz301045,天禄科技,39.46,0.36,0.921,39.45,39.48,39.1,39.4,39.6,38.55,1185724.0,46414926.0,13:52:54
sz301046,能辉科技,26.41,0.14,0.533,26.4,26.41,26.27,26.42,26.56,25.86,2062785.0,53919354.0,13:52:57
sz301047,义翘神州,75.01,-0.32,-0.425,75.0,75.02,75.33,75.75,75.75,74.53,823060.0,61731237.0,13:52:54
sz301048,金鹰重工,10.86,-0.09,-0.822,10.85,10.86,10.95,10.91,10.95,10.77,7462026.0,80770075.0,13:52:57
sz301049,超越科技,22.93,0.91,4.133,22.92,22.93,22.02,22.01,22.93,21.89,910400.0,20385536.0,13:52:57
sz301050,雷电微力,49.07,0.21,0.43,49.06,49.07,48.86,48.88,49.46,48.49,3674086.0,179765565.0,13:52:57
sz301051,信濠光电,22.47,0.34,1.536,22.48,22.52,22.13,22.12,22.74,21.81,2419468.0,54053745.0,13:52:48
sz301052,果麦文化,33.71,0.8,2.431,33.7,33.71,32.91,32.99,33.71,32.95,2222375.0,74039739.0,13:52:57
sz301053,远信工业,61.47,4.68,8.241,61.47,61.49,56.79,56.99,61.47,56.36,8395167.0,495866975.0,13:52:57
sz301055,张小泉,33.65,0.65,1.97,33.62,33.65,33.0,32.7,34.3,31.75,8202804.0,273242447.0,13:52:57
sz301056,森赫股份,15.11,0.36,2.441,15.1,15.11,14.75,14.82,15.19,14.62,2927100.0,43628928.0,13:52:48
sz301057,汇隆新材,31.99,-0.01,-0.031,31.99,32.04,32.0,32.52,32.72,31.99,1296100.0,41840711.0,13:52:51
sz301058,中粮科工,9.97,0.06,0.605,9.96,9.97,9.91,9.91,9.97,9.86,3168100.0,31372552.0,13:52:57
sz301059,金三江,14.11,0.26,1.877,14.1,14.11,13.85,13.9,14.12,13.79,1664988.0,23248790.0,13:52:48
sz301060,兰卫医学,9.91,-0.03,-0.302,9.9,9.91,9.94,9.93,9.96,9.81,3010700.0,29679800.0,13:52:57
sz301061,匠心家居,74.43,3.81,5.395,74.37,74.43,70.62,70.94,74.98,70.62,1449294.0,106028477.0,13:52:54
sz301062,上海艾录,8.31,0.17,2.088,8.3,8.31,8.14,8.15,8.42,8.14,4663648.0,38614256.0,13:52:54
sz301063,海锅股份,24.65,0.46,1.902,24.64,24.65,24.19,24.21,24.65,24.05,1439999.0,35115480.0,13:52:57
sz301065,本立科技,23.19,0.3,1.311,23.18,23.19,22.89,22.88,23.2,22.55,942300.0,21533546.0,13:52:57
sz301066,万事利,14.39,0.35,2.493,14.38,14.39,14.04,14.14,14.4,14.01,3410055.0,48592232.0,13:52:57
sz301067,显盈科技,34.13,0.37,1.096,34.12,34.13,33.76,33.99,34.18,33.54,911580.0,30861127.0,13:52:57
sz301068,大地海洋,33.85,1.99,6.246,33.83,33.88,31.86,32.18,33.99,31.71,1696298.0,56191819.0,13:52:54
sz301069,凯盛新材,21.6,0.09,0.418,21.59,21.6,21.51,21.51,21.73,21.49,3384600.0,73118135.0,13:52:57
sz301070,开勒股份,91.51,-4.86,-5.043,91.55,91.58,96.37,95.31,96.98,91.38,5939940.0,557349595.0,13:52:57
sz301071,力量钻石,45.12,1.95,4.517,45.1,45.12,43.17,43.13,45.15,43.05,10811593.0,478193664.0,13:52:57
sz301072,中捷精工,22.66,0.82,3.755,22.65,22.66,21.84,21.98,22.66,21.78,928700.0,20674420.0,13:52:51
sz301073,君亭酒店,28.2,0.34,1.22,28.2,28.21,27.86,27.64,28.77,27.33,6073850.0,170353429.0,13:52:57
sz301075,多瑞医药,70.94,3.14,4.631,70.94,70.99,67.8,68.14,70.94,66.1,2668500.0,183100807.0,13:52:57
sz301076,新瀚新材,38.41,0.45,1.185,38.4,38.41,37.96,38.11,38.62,37.94,1543217.0,59237277.0,13:52:57
sz301077,星华新材,27.41,0.31,1.144,27.4,27.41,27.1,27.32,27.58,27.05,1404106.0,38390785.0,13:52:57
sz301078,孩子王,8.85,0.0,0.0,8.84,8.85,8.85,8.81,8.86,8.73,21385104.0,188026802.0,13:52:57
sz301079,邵阳液压,47.85,-0.34,-0.706,47.82,47.85,48.19,46.88,47.99,45.7,11998265.0,562309847.0,13:52:57
sz301080,百普赛斯,49.17,-1.13,-2.247,49.17,49.18,50.3,49.79,50.25,48.89,3957673.0,195138940.0,13:53:03
sz301081,严牌股份,15.11,0.37,2.51,15.11,15.12,14.74,14.75,15.11,14.47,3397240.0,50492856.0,13:53:03
sz301082,久盛电气,17.88,0.16,0.903,17.87,17.88,17.72,17.86,17.9,17.54,3979044.0,70759212.0,13:53:00
sz301083,百胜智能,17.41,0.32,1.872,17.4,17.41,17.09,17.2,17.41,17.08,1138600.0,19591912.0,13:53:03
sz301085,亚康股份,67.45,3.01,4.671,67.45,67.46,64.44,69.0,70.7,66.38,9819383.0,666340879.0,13:53:03
sz301086,鸿富瀚,160.92,14.35,9.791,160.82,160.91,146.57,146.59,164.0,145.48,3127324.0,484300782.0,13:53:03
sz301087,可孚医疗,57.16,-0.68,-1.176,57.16,57.18,57.84,57.3,57.99,56.74,2506770.0,143427497.0,13:53:03
sz301088,戎美股份,14.34,0.2,1.414,14.34,14.35,14.14,14.21,14.35,14.14,650116.0,9250067.0,13:53:03
sz301089,拓新药业,28.47,0.07,0.246,28.46,28.47,28.4,28.65,28.96,28.34,2050027.0,58744232.0,13:52:48
sz301090,华润材料,7.7,-0.07,-0.901,7.69,7.7,7.77,7.79,7.81,7.67,5003275.0,38664463.0,13:53:00
sz301091,深城交,24.07,2.55,11.849,24.06,24.07,21.52,21.54,24.61,21.36,17142793.0,398662952.0,13:53:03
sz301092,争光股份,34.29,0.45,1.33,34.29,34.31,33.84,34.0,34.38,33.6,762100.0,25966369.0,13:53:00
sz301093,华兰股份,75.63,0.89,1.191,75.64,75.76,74.74,74.83,76.9,74.4,1904335.0,144487462.0,13:53:03
sz301095,广立微,80.25,0.26,0.325,80.22,80.25,79.99,80.5,82.45,79.55,4711258.0,383152566.0,13:53:03
sz301096,百诚医药,58.03,1.54,2.726,58.04,58.05,56.49,56.38,58.5,55.3,4130900.0,238049084.0,13:53:03
sz301097,天益医疗,60.57,3.52,6.17,60.57,60.75,57.05,56.77,60.82,56.65,764450.0,44740939.0,13:53:03
sz301098,金埔园林,8.66,0.3,3.589,8.66,8.67,8.36,8.42,8.66,8.3,3533400.0,29992503.0,13:53:03
sz301099,雅创电子,53.6,1.21,2.31,53.6,53.62,52.39,52.32,54.32,51.86,4589968.0,244639157.0,13:53:03
sz301100,风光股份,18.63,0.38,2.082,18.63,18.64,18.25,18.34,18.64,18.06,989015.0,18240430.0,13:53:03
sz301101,明月镜片,35.06,0.23,0.66,35.06,35.07,34.83,34.82,35.07,34.8,1026900.0,35879550.0,13:53:03
sz301102,兆讯传媒,10.95,0.15,1.389,10.94,10.95,10.8,10.85,10.95,10.76,1975815.0,21492567.0,13:53:03
sz301103,何氏眼科,19.48,0.15,0.776,19.48,19.49,19.33,19.38,19.49,19.11,976430.0,18869684.0,13:53:03
sz301105,鸿铭股份,58.61,-0.03,-0.051,58.58,58.64,58.64,58.63,59.0,57.5,474984.0,27617934.0,13:53:00
sz301106,骏成科技,30.06,1.66,5.845,30.06,30.08,28.4,28.4,30.4,28.16,2870371.0,84593017.0,13:52:24
sz301107,瑜欣电子,28.11,0.29,1.042,28.11,28.12,27.82,27.87,28.13,27.65,868220.0,24210647.0,13:53:03
sz301108,洁雅股份,27.56,0.13,0.474,27.56,27.58,27.43,27.4,27.59,27.22,766319.0,21014998.0,13:53:00
sz301109,军信股份,15.26,0.17,1.127,15.26,15.27,15.09,15.09,15.28,15.06,4121048.0,62461173.0,13:53:03
sz301110,青木科技,61.07,0.85,1.411,61.01,61.07,60.22,60.59,61.36,60.28,1691521.0,102993874.0,13:53:03
sz301111,粤万年青,19.34,-0.33,-1.678,19.34,19.35,19.67,19.62,19.79,19.27,4562106.0,88483991.0,13:53:03
sz301112,信邦智能,33.53,0.43,1.299,33.51,33.53,33.1,33.38,33.62,32.87,616900.0,20542421.0,13:52:57
sz301113,雅艺科技,25.59,0.68,2.73,25.56,25.59,24.91,24.91,25.59,24.7,797036.0,19983766.0,13:53:00
sz301115,联检科技,20.69,0.21,1.025,20.68,20.7,20.48,20.5,20.7,20.3,1534400.0,31465583.0,13:53:03
sz301116,益客食品,10.39,0.1,0.972,10.38,10.39,10.29,10.32,10.4,10.17,2486400.0,25609159.0,13:53:03
sz301117,佳缘科技,45.86,0.91,2.024,45.83,45.86,44.95,45.5,46.5,44.43,4719120.0,214918233.0,13:52:54
sz301118,恒光股份,24.41,0.6,2.52,24.4,24.41,23.81,23.82,24.44,23.7,1247297.0,29994314.0,13:53:03
sz301119,正强股份,44.98,-0.12,-0.266,44.96,44.98,45.1,45.51,45.65,44.61,802592.0,36184406.0,13:52:48
sz301120,新特电气,23.58,-0.42,-1.75,23.57,23.58,24.0,23.57,23.66,23.1,16166602.0,378085050.0,13:53:03
sz301121,紫建电子,37.51,0.57,1.543,37.49,37.52,36.94,37.12,37.91,36.94,745600.0,27928404.0,13:52:57
sz301122,采纳股份,30.93,-0.13,-0.419,30.93,30.95,31.06,31.24,31.24,30.33,1372800.0,42116289.0,13:53:03
sz301123,奕东电子,68.79,6.44,10.329,68.79,68.82,62.35,63.63,69.5,62.42,17790374.0,1177364827.0,13:53:03
sz301125,腾亚精工,22.61,-0.02,-0.088,22.6,22.61,22.63,23.27,23.88,22.45,3994415.0,92034646.0,13:52:42
sz301126,达嘉维康,11.34,0.0,0.0,11.34,11.35,11.34,11.34,11.35,11.1,2411047.0,27044228.0,13:53:00
sz301127,武汉天源,16.43,-0.04,-0.243,16.42,16.44,16.47,16.52,16.62,16.33,4943600.0,81455635.0,13:53:03
sz301128,强瑞技术,189.56,11.7,6.578,189.54,189.56,177.86,183.6,198.4,181.12,7256247.0,1388020152.0,13:53:03
sz301129,瑞纳智能,26.48,0.51,1.964,26.48,26.49,25.97,26.34,26.5,25.71,1308251.0,34217600.0,13:53:03
sz301130,西点药业,31.55,0.02,0.063,31.55,31.56,31.53,31.84,31.97,30.98,1435600.0,44892407.0,13:53:03
sz301131,聚赛龙,42.3,0.92,2.223,42.3,42.35,41.38,41.81,42.4,41.3,671543.0,28076557.0,13:53:03
sz301132,满坤科技,42.85,1.14,2.733,42.83,42.85,41.71,41.84,43.19,41.39,6234834.0,263458329.0,13:53:03
sz301133,金钟股份,44.09,0.59,1.356,44.08,44.09,43.5,43.49,44.3,42.99,1496166.0,65399826.0,13:53:03
sz301135,瑞德智能,28.41,0.54,1.938,28.4,28.41,27.87,27.93,28.41,27.79,747700.0,21033414.0,13:53:03
sz301136,招标股份,15.98,0.19,1.203,15.98,15.99,15.79,15.8,15.98,15.55,3508400.0,55370526.0,13:53:03
sz301137,哈焊华通,44.75,0.69,1.566,44.76,44.77,44.06,44.35,45.38,44.07,3742869.0,168109703.0,13:52:57
sz301138,华研精机,38.04,0.37,0.982,38.05,38.07,37.67,37.66,38.07,37.6,640739.0,24252204.0,13:53:03
sz301139,元道通信,18.82,0.79,4.382,18.81,18.83,18.03,19.2,19.22,18.23,9614400.0,179544055.0,13:53:03
sz301141,中科磁业,52.6,0.3,0.574,52.59,52.6,52.3,52.1,53.13,52.02,1814477.0,95479170.0,13:53:03
sz301148,嘉戎技术,60.23,10.04,20.004,60.23,0.0,50.19,50.19,60.23,50.19,8463138.0,490892165.0,13:53:03
sz301149,隆华新材,12.88,-0.13,-0.999,12.87,12.88,13.01,12.97,12.97,12.64,10311822.0,131745303.0,13:53:03
sz301150,中一科技,60.84,-0.98,-1.585,60.83,60.84,61.82,60.48,63.78,58.83,13265233.0,810788997.0,13:53:03
sz301151,冠龙节能,18.89,0.23,1.233,18.88,18.9,18.66,18.74,18.9,18.53,738300.0,13823400.0,13:53:03
sz301152,天力锂能,29.84,0.73,2.508,29.83,29.84,29.11,29.46,30.23,29.14,4744201.0,141030401.0,13:53:03
sz301153,中科江南,24.91,0.01,0.04,24.9,24.91,24.9,24.89,25.3,24.85,4092528.0,102449324.0,13:53:03
sz301155,海力风电,65.74,-0.53,-0.8,65.74,65.77,66.27,66.25,66.93,65.68,3197525.0,212197140.0,13:53:03
sz301156,美农生物,18.6,0.28,1.528,18.61,18.62,18.32,18.48,18.65,18.1,1304795.0,23953119.0,13:53:03
sz301157,华塑科技,77.31,3.48,4.714,77.28,77.31,73.83,73.46,81.69,73.4,6465263.0,505666270.0,13:53:03
sz301158,德石股份,24.31,-0.2,-0.816,24.31,24.32,24.51,24.45,24.5,24.06,3139700.0,75977359.0,13:53:03
sz301159,三维天地,41.99,0.58,1.401,42.02,42.05,41.41,41.33,42.17,41.33,1072800.0,44972031.0,13:53:03
sz301160,翔楼新材,58.65,1.68,2.949,58.64,58.65,56.97,57.91,59.53,57.45,2513185.0,147664246.0,13:52:57
sz301161,唯万密封,30.48,0.19,0.627,30.48,30.51,30.29,30.58,30.73,30.41,1199900.0,36676729.0,13:53:03
sz301162,国能日新,68.29,1.78,2.676,68.21,68.29,66.51,66.9,68.78,66.55,1788167.0,121251600.0,13:53:03
sz301163,宏德股份,30.05,1.05,3.621,30.03,30.04,29.0,29.0,30.08,28.71,1666199.0,48904804.0,13:53:03
sz301165,锐捷网络,95.4,1.88,2.01,95.4,95.5,93.52,93.27,97.5,93.01,9043320.0,864334290.0,13:53:03
sz301166,优宁维,30.82,0.12,0.391,30.82,30.83,30.7,30.69,30.84,30.2,730856.0,22291919.0,13:53:03
sz301167,建研设计,16.66,0.36,2.209,16.65,16.66,16.3,16.45,16.69,16.1,1833400.0,30083757.0,13:53:03
sz301168,通灵股份,44.13,0.23,0.524,44.12,44.16,43.9,44.0,44.47,43.0,1359268.0,59509762.0,13:52:42
sz301169,零点有数,57.79,2.29,4.126,57.79,57.8,55.5,56.06,57.85,55.5,763800.0,43211494.0,13:53:03
sz301170,锡南科技,29.11,0.24,0.831,29.08,29.11,28.87,29.04,29.17,28.67,913400.0,26401324.0,13:53:00
sz301171,易点天下,47.38,1.28,2.777,47.37,47.38,46.1,46.81,48.48,46.81,33240577.0,1581804553.0,13:53:03
sz301172,君逸数码,29.39,0.02,0.068,29.38,29.39,29.37,29.37,29.6,29.15,3808671.0,111854269.0,13:53:03
sz301173,毓恬冠佳,43.73,0.01,0.023,43.73,43.78,43.72,43.84,43.84,43.32,393826.0,17198578.0,13:53:00
sz301175,中科环保,6.27,0.03,0.481,6.26,6.27,6.24,6.24,6.29,6.2,11408636.0,71368303.0,13:53:03
sz301176,逸豪新材,29.6,0.21,0.715,29.58,29.59,29.39,29.39,30.3,29.02,5695994.0,169152559.0,13:53:03
sz301177,迪阿股份,29.03,0.27,0.939,29.04,29.06,28.76,28.74,29.07,28.61,801800.0,23132356.0,13:53:03
sz301178,天亿马,55.99,3.74,7.158,55.99,56.0,52.25,52.42,56.98,52.15,3739405.0,207093048.0,13:53:03
sz301179,泽宇智能,27.49,0.32,1.178,27.48,27.49,27.17,27.01,27.78,26.55,19390214.0,528369323.0,13:53:03
sz301180,万祥科技,20.82,-0.03,-0.144,20.81,20.83,20.85,20.85,21.0,20.4,4932863.0,102159141.0,13:53:03
sz301181,标榜股份,48.05,0.89,1.887,48.04,48.05,47.16,47.08,50.0,47.08,4779195.0,232413015.0,13:53:03
sz301182,凯旺科技,68.99,2.15,3.217,68.93,69.02,66.84,66.84,71.0,66.02,5074903.0,351493227.0,13:53:03
sz301183,东田微,185.68,-0.92,-0.493,185.65,185.68,186.6,185.24,189.69,183.71,4343152.0,810705643.0,13:53:03
sz301185,鸥玛软件,19.15,0.24,1.269,19.15,19.16,18.91,18.88,19.16,18.82,1455500.0,27657683.0,13:53:03
sz301186,超达装备,66.4,0.87,1.328,66.4,66.41,65.53,64.88,68.0,62.58,3442224.0,227614709.0,13:53:03
sz301187,欧圣电气,19.89,0.57,2.95,19.88,19.89,19.32,19.5,19.98,19.35,2249953.0,44359947.0,13:53:03
sz301188,力诺药包,23.13,-0.39,-1.658,23.13,23.14,23.52,24.11,24.2,22.7,15189042.0,353479360.0,13:53:03
sz301189,奥尼电子,79.68,-6.71,-7.767,79.58,79.66,86.39,86.3,89.85,77.75,17070334.0,1433861852.0,13:53:03
sz301190,善水科技,22.26,0.09,0.406,22.24,22.26,22.17,22.27,22.27,21.91,1083574.0,23943299.0,13:53:00
sz301191,菲菱科思,149.75,-1.27,-0.841,149.75,149.92,151.02,148.0,155.9,145.34,4138969.0,628446605.0,13:53:03
sz301192,泰祥股份,26.46,0.59,2.281,26.46,26.49,25.87,26.02,26.5,25.43,995954.0,25926671.0,13:53:03
sz301193,家联科技,20.74,-0.65,-3.039,20.74,20.75,21.39,21.4,21.49,20.51,4600062.0,95623213.0,13:53:03
sz301195,北路智控,32.2,0.28,0.877,32.18,32.2,31.92,31.93,32.21,31.93,492310.0,15805227.0,13:52:33
sz301196,唯科科技,119.77,0.97,0.816,119.69,119.78,118.8,118.8,122.22,115.5,4933823.0,584994764.0,13:53:03
sz301197,工大科雅,27.15,-1.6,-5.565,27.15,27.16,28.75,28.47,29.02,26.51,7662591.0,207641554.0,13:53:03
sz301198,喜悦智行,14.41,0.46,3.297,14.4,14.41,13.95,13.9,14.45,13.9,2143900.0,30582855.0,13:53:00
sz301199,迈赫股份,22.79,0.33,1.469,22.79,22.8,22.46,22.47,22.8,22.42,1064660.0,24083798.0,13:53:03
sz301200,大族数控,194.11,5.34,2.829,194.0,194.11,188.77,188.09,196.79,186.12,3099206.0,598397479.0,13:53:03
sz301201,诚达药业,42.82,-1.93,-4.313,42.8,42.82,44.75,44.71,44.8,42.18,9615361.0,413628691.0,13:53:03
sz301202,朗威股份,41.48,1.12,2.775,41.48,41.5,40.36,40.6,41.55,40.49,1183300.0,48613936.0,13:53:03
sz301203,国泰环保,41.57,0.56,1.366,41.55,41.57,41.01,41.0,41.6,40.21,504700.0,20728799.0,13:53:03
sz301205,联特科技,263.03,1.13,0.431,263.01,263.03,261.9,260.0,268.68,254.0,5979582.0,1567769950.0,13:53:03
sz301206,三元生物,26.7,0.04,0.15,26.69,26.7,26.66,26.76,26.79,26.53,606438.0,16141162.0,13:53:00
sz301207,华兰疫苗,20.03,-0.24,-1.184,20.03,20.04,20.27,20.17,20.17,19.86,3963452.0,79232184.0,13:53:03
sz301208,中亦科技,35.07,0.87,2.544,35.06,35.07,34.2,34.32,35.07,34.16,1043489.0,36259491.0,13:53:03
sz301209,联合化学,93.34,1.36,1.479,93.34,93.41,91.98,91.98,94.2,91.85,451162.0,42095301.0,13:53:03
sz301210,金杨精密,39.72,0.02,0.05,39.71,39.72,39.7,40.32,40.5,39.16,5763126.0,230143107.0,13:53:03
sz301211,亨迪药业,12.18,-0.06,-0.49,12.17,12.18,12.24,12.2,12.23,12.06,2513053.0,30454609.0,13:53:03
sz301212,联盛化学,27.65,0.85,3.172,27.6,27.65,26.8,26.96,27.75,26.31,1020200.0,27725101.0,13:53:00
sz301213,观想科技,70.0,-0.87,-1.228,70.0,70.01,70.87,71.2,71.44,69.54,1005894.0,70525201.0,13:53:00
sz301215,中汽股份,6.17,0.06,0.982,6.16,6.17,6.11,6.16,6.17,6.11,5772145.0,35466009.0,13:53:03
sz301216,万凯新材,29.2,-0.17,-0.579,29.17,29.21,29.37,29.08,29.42,28.81,7758848.0,225865702.0,13:53:03
sz301217,铜冠铜箔,45.71,0.55,1.218,45.71,45.74,45.16,45.28,46.49,44.16,31857418.0,1442865845.0,13:53:03
sz301218,华是科技,35.67,0.59,1.682,35.66,35.67,35.08,35.3,36.42,35.3,2691368.0,96278321.0,13:53:00
sz301219,腾远钴业,79.4,-0.08,-0.101,79.39,79.4,79.48,79.67,80.47,78.0,14733178.0,1166528466.0,13:53:03
sz301220,亚香股份,41.16,-0.01,-0.024,41.16,41.18,41.17,41.3,41.65,40.91,1437680.0,59235828.0,13:52:54
sz301221,光庭信息,53.88,1.75,3.357,53.85,53.88,52.13,52.13,54.25,52.13,1684215.0,90121332.0,13:52:54
sz301222,浙江恒威,38.94,2.41,6.597,38.94,38.95,36.53,36.52,39.99,36.12,6078459.0,233377750.0,13:53:03
sz301223,中荣股份,19.92,0.08,0.403,19.92,19.93,19.84,19.83,20.06,19.72,925400.0,18324506.0,13:53:03
sz301225,恒勃股份,115.25,0.65,0.567,115.25,115.47,114.6,120.0,123.9,114.58,2817859.0,333590075.0,13:53:03
sz301226,祥明智能,40.43,0.11,0.273,40.42,40.43,40.32,40.06,40.72,39.56,4651199.0,186514468.0,13:53:03
sz301227,森鹰窗业,33.13,0.59,1.813,33.13,33.17,32.54,32.58,33.2,32.25,800200.0,26140969.0,13:52:54
sz301228,实朴检测,53.3,0.0,0.0,53.29,53.3,53.3,53.13,55.66,52.5,4151770.0,223845798.0,13:53:03
sz301229,纽泰格,18.6,0.24,1.307,18.59,18.6,18.36,18.46,18.63,18.31,1242766.0,22961086.0,13:53:03
sz301230,泓博医药,40.8,-0.27,-0.657,40.79,40.8,41.07,41.02,41.33,40.28,6429587.0,262043603.0,13:53:03
sz301231,荣信文化,31.53,0.81,2.637,31.52,31.53,30.72,30.91,31.58,30.86,2437929.0,76210050.0,13:53:03
sz301232,飞沃科技,216.8,0.68,0.315,216.6,216.8,216.12,213.55,221.58,207.02,6542286.0,1402619191.0,13:53:03
sz301233,盛帮股份,53.79,1.13,2.146,53.79,53.8,52.66,52.73,53.85,52.6,565100.0,30068266.0,13:53:03
sz301234,五洲医疗,39.27,0.53,1.368,39.26,39.28,38.74,38.73,39.3,38.01,905800.0,35194508.0,13:53:03
sz301235,华康洁净,50.49,-0.81,-1.579,50.48,50.49,51.3,49.94,51.19,49.5,3555131.0,178940559.0,13:53:03
sz301236,软通动力,39.71,0.75,1.925,39.71,39.73,38.96,39.25,39.88,39.22,11665359.0,461411906.0,13:53:03
sz301237,和顺科技,59.8,1.22,2.083,59.76,59.88,58.58,59.98,59.98,58.28,633900.0,37385064.0,13:53:00
sz301238,瑞泰新材,21.33,0.74,3.594,21.32,21.33,20.59,20.75,21.75,20.57,13770715.0,292941444.0,13:53:03
sz301239,普瑞眼科,37.96,0.14,0.37,37.96,37.97,37.82,37.82,38.3,37.25,1326800.0,50163706.0,13:52:57
sz301246,宏源药业,24.4,-0.13,-0.53,24.39,24.4,24.53,24.35,24.87,24.02,18077601.0,441448961.0,13:53:03
sz301248,杰创智能,61.62,3.87,6.701,61.62,61.63,57.75,57.42,63.5,56.01,17790718.0,1083644372.0,13:53:03
sz301251,威尔高,68.7,1.17,1.733,68.7,68.75,67.53,67.53,71.5,67.53,5243236.0,367463151.0,13:52:57
sz301252,同星科技,38.76,0.72,1.893,38.74,38.76,38.04,38.04,39.38,38.04,3366899.0,130822652.0,13:53:03
sz301255,通力科技,29.17,0.26,0.899,29.16,29.17,28.91,28.83,29.87,28.74,4486921.0,131803929.0,13:52:57
sz301256,华融化学,13.33,0.28,2.146,13.32,13.33,13.05,13.09,13.35,12.99,5326600.0,70341830.0,13:53:03
sz301257,普蕊斯,59.41,1.71,2.964,59.38,59.43,57.7,57.95,60.26,57.01,2208541.0,129723459.0,13:53:03
sz301258,富士莱,32.38,0.12,0.372,32.42,32.47,32.26,32.3,32.6,31.95,564300.0,18209991.0,13:53:03
sz301259,艾布鲁,34.28,1.41,4.29,34.28,34.29,32.87,33.32,34.44,32.9,2579102.0,87241560.0,13:53:03
sz301260,格力博,15.75,0.19,1.221,15.74,15.75,15.56,15.59,15.75,15.45,1313569.0,20577039.0,13:53:03
sz301261,恒工精密,77.29,0.72,0.94,77.28,77.29,76.57,77.1,78.2,76.9,834250.0,64528444.0,13:53:03
sz301262,海看股份,23.48,0.43,1.866,23.46,23.48,23.05,23.21,23.49,23.15,3260400.0,76049393.0,13:53:00
sz301263,泰恩康,29.02,0.3,1.045,29.02,29.04,28.72,28.71,29.45,28.16,3509500.0,101364748.0,13:53:00
sz301265,华新科技,24.31,0.61,2.574,24.3,24.31,23.7,23.65,24.44,23.18,8749586.0,206764604.0,13:53:03
sz301266,宇邦新材,41.26,1.77,4.482,41.25,41.26,39.49,39.48,41.49,39.02,2675589.0,108395721.0,13:53:00
sz301267,华厦眼科,17.17,-0.01,-0.058,17.15,17.17,17.18,17.19,17.26,17.08,2220600.0,38083386.0,13:53:03
sz301268,铭利达,22.78,0.14,0.618,22.77,22.79,22.64,22.71,22.93,22.37,1910300.0,43322559.0,13:53:03
sz301269,华大九天,84.91,-0.34,-0.399,84.91,84.92,85.25,85.32,85.88,84.5,2920873.0,248645333.0,13:53:00
sz301270,汉仪股份,32.87,1.04,3.267,32.86,32.87,31.83,31.97,32.88,31.89,2380820.0,77100798.0,13:53:03
sz301272,英华特,41.1,0.72,1.783,41.09,41.1,40.38,40.5,41.1,39.96,403600.0,16348317.0,13:52:57
sz301273,瑞晨环保,30.62,0.76,2.545,30.62,30.63,29.86,30.39,30.66,29.56,1066100.0,32032069.0,13:53:00
sz301275,汉朔科技,41.84,0.74,1.8,41.84,41.85,41.1,41.0,42.47,40.9,3987158.0,165932030.0,13:53:00
sz301276,嘉曼服饰,25.3,0.9,3.689,25.27,25.28,24.4,24.39,25.35,24.05,1306380.0,32333964.0,13:53:00
sz301277,新天地,12.13,0.0,0.0,12.12,12.13,12.13,12.12,12.17,11.9,1909100.0,22971890.0,13:53:00
sz301278,快可电子,38.73,0.74,1.948,38.75,38.77,37.99,38.16,38.79,37.65,1637368.0,62753336.0,13:53:00
sz301279,金道科技,28.67,1.02,3.689,28.67,28.68,27.65,27.9,29.07,27.22,2039009.0,58158740.0,13:53:00
sz301280,珠城科技,62.75,0.98,1.587,62.74,62.75,61.77,62.0,63.4,61.72,1708550.0,107232786.0,13:53:00
sz301281,科源制药,38.37,-0.62,-1.59,38.36,38.37,38.99,38.95,38.95,37.55,2552330.0,97591315.0,13:52:57
sz301282,金禄电子,44.9,5.4,13.671,44.9,44.92,39.5,39.45,45.43,38.8,24257841.0,1016683606.0,13:53:00
sz301283,聚胶股份,50.09,3.93,8.514,50.08,50.09,46.16,47.71,50.69,47.15,2875287.0,140462191.0,13:53:00
sz301285,鸿日达,96.11,3.69,3.993,96.06,96.11,92.42,93.34,101.54,92.99,4530639.0,443342408.0,13:52:45
sz301286,侨源股份,46.99,0.51,1.097,46.99,47.0,46.48,46.1,46.99,44.6,1944600.0,88498066.0,13:53:00
sz301287,康力源,42.92,0.48,1.131,42.91,42.92,42.44,42.79,42.92,42.37,703100.0,29971075.0,13:52:57
sz301288,*ST清研,18.72,0.05,0.268,18.68,18.73,18.67,18.61,18.8,18.5,407100.0,7590035.0,13:51:36
sz301289,国缆检测,55.71,0.32,0.578,55.71,55.76,55.39,55.42,55.79,54.84,411829.0,22789442.0,13:52:57
sz301290,东星医疗,27.63,0.01,0.036,27.62,27.63,27.62,27.6,27.83,26.96,1131600.0,30895520.0,13:53:00
sz301291,明阳电气,55.67,1.6,2.959,55.62,55.67,54.07,54.06,56.95,52.64,17478239.0,959875236.0,13:53:00
sz301292,海科新源,93.2,-0.12,-0.129,93.2,93.21,93.32,93.0,96.52,90.61,21172958.0,1984448338.0,13:53:00
sz301293,三博脑科,68.88,0.35,0.511,68.87,68.88,68.53,68.34,69.35,67.8,4737225.0,324112708.0,13:53:00
sz301295,美硕科技,40.25,1.95,5.091,40.25,40.29,38.3,38.51,40.59,38.01,3032060.0,120246819.0,13:53:00
sz301296,新巨丰,7.92,0.07,0.892,7.92,7.93,7.85,7.84,7.94,7.81,1512723.0,11907658.0,13:52:57
sz301297,富乐德,34.62,-0.2,-0.574,34.62,34.64,34.82,34.93,34.95,34.48,2450323.0,84945493.0,13:53:00
sz301298,东利机械,16.45,0.19,1.169,16.44,16.45,16.26,16.32,16.48,16.13,1185100.0,19292495.0,13:53:00
sz301299,卓创资讯,68.78,0.95,1.401,68.74,68.78,67.83,68.67,69.13,68.18,1516379.0,104209068.0,13:52:57
sz301300,远翔新材,44.18,0.78,1.797,44.18,44.2,43.4,43.61,44.28,43.0,588000.0,25640770.0,13:52:51
sz301301,川宁生物,10.46,0.01,0.096,10.46,10.47,10.45,10.44,10.69,10.3,12780500.0,134133483.0,13:53:00
sz301302,华如科技,21.91,0.48,2.24,21.9,21.91,21.43,21.42,21.92,21.27,4487400.0,97376084.0,13:53:00
sz301303,真兰仪表,16.03,-0.12,-0.743,16.03,16.04,16.15,16.14,16.16,15.85,3212708.0,51263817.0,13:53:00
sz301305,朗坤科技,26.89,-0.11,-0.407,26.89,26.9,27.0,26.95,27.33,26.74,3716146.0,100179553.0,13:53:00
sz301306,西测测试,172.98,-2.03,-1.16,172.98,173.0,175.01,178.43,180.0,170.5,7322194.0,1276211971.0,13:53:00
sz301307,美利信,41.67,0.14,0.337,41.67,41.68,41.53,42.51,43.32,41.3,5844544.0,244876226.0,13:53:00
sz301308,江波龙,369.0,-2.57,-0.692,368.89,369.0,371.57,356.0,375.18,356.0,12314423.0,4513723283.0,13:53:00
sz301309,万得凯,35.47,3.2,9.916,35.47,35.49,32.27,32.27,35.5,31.52,6198602.0,208431342.0,13:53:00
sz301310,鑫宏业,55.06,-1.21,-2.15,55.07,55.12,56.27,56.0,56.95,54.26,6291677.0,349293741.0,13:52:57
sz301311,昆船智能,16.9,0.19,1.137,16.88,16.9,16.71,16.73,16.93,16.64,1173000.0,19681631.0,13:52:54
sz301312,智立方,120.99,-0.09,-0.074,120.98,120.99,121.08,121.11,122.8,117.8,4585601.0,552117227.0,13:53:00
sz301313,凡拓数创,33.26,1.93,6.16,33.26,33.28,31.33,31.6,34.1,31.32,4171881.0,135784518.0,13:53:00
sz301314,科瑞思,49.07,0.39,0.801,49.06,49.08,48.68,48.77,49.18,48.03,709380.0,34437686.0,13:53:00
sz301315,威士顿,51.18,0.67,1.326,51.17,51.18,50.51,51.0,51.2,50.43,825600.0,42065772.0,13:53:00
sz301316,慧博云通,45.86,1.41,3.172,45.85,45.86,44.45,44.68,46.7,44.5,10659211.0,489006902.0,13:53:00
sz301317,鑫磊股份,62.35,-1.45,-2.273,62.37,62.38,63.8,64.06,66.4,61.83,5214931.0,331230238.0,13:53:00
sz301318,维海德,27.27,0.6,2.25,27.26,27.27,26.67,26.82,27.27,26.57,782591.0,21107027.0,13:53:00
sz301319,唯特偶,57.0,1.8,3.261,57.0,57.01,55.2,55.2,57.4,44.2,4710448.0,263706540.0,13:53:00
sz301320,豪江智能,17.36,0.27,1.58,17.34,17.36,17.09,17.17,17.36,17.0,1039600.0,17882071.0,13:53:00
sz301321,翰博高新,23.53,1.43,6.471,23.52,23.53,22.1,22.29,23.8,21.67,6603140.0,153465917.0,13:53:00
sz301322,绿通科技,35.57,1.37,4.006,35.55,35.57,34.2,34.2,36.5,34.19,3729749.0,132863307.0,13:52:51
sz301323,新莱福,63.95,0.46,0.725,63.93,63.94,63.49,63.5,64.1,62.13,1708941.0,108151323.0,13:53:00
sz301325,曼恩斯特,45.32,0.57,1.274,45.32,45.33,44.75,45.15,46.07,44.75,1305120.0,59328144.0,13:53:00
sz301326,捷邦科技,161.3,2.11,1.325,161.27,161.5,159.19,160.0,163.11,157.0,1275800.0,204568355.0,13:53:00
sz301327,华宝新能,64.81,1.08,1.695,64.8,64.82,63.73,64.35,65.32,64.0,3252567.0,210638626.0,13:53:00
sz301328,维峰电子,58.91,4.09,7.461,58.9,58.92,54.82,54.86,58.98,54.84,2580295.0,145934249.0,13:53:00
sz301329,信音电子,23.2,0.4,1.754,23.2,23.22,22.8,22.98,23.23,22.74,1196000.0,27480248.0,13:53:00
sz301330,熵基科技,34.23,0.13,0.381,34.2,34.22,34.1,34.12,34.4,34.0,1342352.0,45928460.0,13:52:51
sz301331,恩威医药,26.76,0.21,0.791,26.76,26.77,26.55,26.42,26.76,26.07,712340.0,18825534.0,13:52:45
sz301332,德尔玛,9.37,0.07,0.753,9.36,9.37,9.3,9.36,9.37,9.25,1485300.0,13851806.0,13:52:57
sz301333,诺思格,69.3,0.04,0.058,69.28,69.3,69.26,68.64,70.07,67.77,1439700.0,99532589.0,13:53:00
sz301335,天元宠物,26.1,-0.42,-1.584,26.1,26.13,26.52,26.25,26.34,25.66,3250682.0,84680054.0,13:52:57
sz301336,趣睡科技,51.49,1.31,2.611,51.48,51.49,50.18,50.49,51.49,50.17,766372.0,38860927.0,13:53:00
sz301337,亚华电子,28.25,0.51,1.839,28.25,28.28,27.74,27.83,28.45,27.82,1068000.0,30130754.0,13:53:00
sz301338,凯格精机,162.1,2.95,1.854,162.02,162.1,159.15,158.0,164.98,157.01,2929699.0,473222184.0,13:53:00
sz301339,通行宝,13.47,0.34,2.589,13.46,13.47,13.13,13.19,13.47,13.12,3275670.0,43479172.0,13:53:00
sz301345,涛涛车业,241.37,19.63,8.853,241.42,241.88,221.74,223.0,242.88,222.69,2559113.0,606835026.0,13:53:00
sz301348,蓝箭电子,24.58,0.23,0.945,24.54,24.58,24.35,24.34,24.74,24.15,4147137.0,101744417.0,13:53:00
sz301349,信德新材,60.63,-0.72,-1.174,60.62,60.63,61.35,61.92,61.95,60.37,3463491.0,211524225.0,13:53:00
sz301353,普莱得,28.14,0.31,1.114,28.14,28.15,27.83,27.91,28.14,27.62,580400.0,16153563.0,13:52:57
sz301355,南王科技,12.5,0.05,0.402,12.5,12.51,12.45,12.45,12.61,12.29,2821142.0,35027967.0,13:53:00
sz301356,天振股份,21.88,0.21,0.969,21.84,21.88,21.67,21.68,21.89,21.46,581960.0,12604327.0,13:52:57
sz301357,北方长龙,114.1,-0.99,-0.86,114.1,114.15,115.09,113.06,114.8,113.06,1778321.0,202288722.0,13:52:57
sz301358,湖南裕能,84.42,3.55,4.39,84.41,84.42,80.87,82.0,85.15,80.23,26565273.0,2217615547.0,13:53:00
sz301359,东南电子,21.64,0.54,2.559,21.62,21.64,21.1,21.09,21.64,20.86,882920.0,18784655.0,13:52:54
sz301360,荣旗科技,80.18,5.18,6.907,80.17,80.18,75.0,75.9,80.78,75.63,2764187.0,218687241.0,13:52:48
sz301361,众智科技,38.68,0.61,1.602,38.64,38.67,38.07,38.15,38.79,37.7,1664892.0,63903707.0,13:53:00
sz301362,民爆光电,153.56,1.69,1.113,153.56,153.86,151.87,149.1,154.0,141.0,3455910.0,509771009.0,13:53:00
sz301363,美好医疗,26.1,0.05,0.192,26.09,26.1,26.05,26.06,26.32,25.82,3548468.0,92589769.0,13:52:54
sz301365,矩阵股份,30.38,-0.22,-0.719,30.37,30.38,30.6,30.64,31.0,30.13,3004493.0,91809027.0,13:53:00
sz301366,一博科技,34.57,0.99,2.948,34.55,34.56,33.58,34.58,34.8,33.8,2357160.0,80923480.0,13:52:57
sz301367,瑞迈特,69.1,-0.54,-0.775,69.07,69.11,69.64,69.65,69.89,68.83,451266.0,31211205.0,13:53:00
sz301368,丰立智能,53.59,0.45,0.847,53.59,53.6,53.14,55.0,55.88,53.41,1920363.0,104342507.0,13:53:00
sz301369,联动科技,173.53,17.22,11.017,173.33,173.7,156.31,156.0,176.9,156.0,2658924.0,453953515.0,13:53:00
sz301370,国科恒泰,10.5,-0.18,-1.685,10.5,10.51,10.68,10.6,10.63,10.42,3594700.0,37681013.0,13:53:00
sz301371,敷尔佳,24.07,0.12,0.501,24.06,24.07,23.95,24.12,24.18,23.77,1001320.0,24071973.0,13:52:54
sz301372,科净源,32.65,0.07,0.215,32.64,32.67,32.58,32.58,33.8,31.34,4785613.0,156587367.0,13:53:03
sz301373,凌玮科技,91.31,4.31,4.954,91.31,91.39,87.0,85.96,92.6,83.0,7769141.0,684250919.0,13:53:03
sz301376,致欧科技,16.37,0.32,1.994,16.37,16.38,16.05,16.12,16.84,16.06,5168913.0,85341136.0,13:53:00
sz301377,鼎泰高科,215.6,-1.7,-0.782,215.6,215.65,217.3,220.0,224.0,207.02,6925377.0,1496314269.0,13:53:03
sz301378,通达海,32.43,0.48,1.502,32.42,32.43,31.95,32.0,32.48,31.9,1049406.0,33826198.0,13:53:00
sz301379,天山电子,25.82,0.51,2.015,25.81,25.83,25.31,25.3,25.91,25.2,2290987.0,58626535.0,13:53:03
sz301380,挖金客,34.0,0.94,2.843,33.99,34.0,33.06,33.06,34.1,33.05,1503455.0,50713036.0,13:53:03
sz301381,赛维时代,20.54,0.04,0.195,20.53,20.54,20.5,20.49,20.77,20.43,2325637.0,47791306.0,13:53:00
sz301382,蜂助手,39.82,4.82,13.771,39.82,39.83,35.0,36.88,42.0,36.88,47641793.0,1906955501.0,13:53:03
sz301383,天键股份,29.06,0.37,1.29,29.05,29.06,28.69,28.7,29.22,28.32,1069628.0,30737182.0,13:52:42
sz301386,未来电器,26.09,0.12,0.462,26.06,26.08,25.97,26.0,26.1,25.46,1402082.0,36134109.0,13:52:57
sz301387,光大同创,61.33,0.1,0.163,61.32,61.33,61.23,61.7,62.29,60.64,1424400.0,87678808.0,13:53:03
sz301388,欣灵电气,32.55,0.35,1.087,32.55,32.56,32.2,32.2,32.58,31.6,1742684.0,55963320.0,13:53:03
sz301389,隆扬电子,57.45,-0.17,-0.295,57.45,57.46,57.62,57.74,58.88,56.7,6364979.0,367122575.0,13:53:03
sz301390,经纬股份,35.81,0.36,1.016,35.8,35.81,35.45,35.41,35.83,34.96,1179100.0,41740324.0,13:53:03
sz301391,卡莱特,80.93,-1.42,-1.724,80.9,80.96,82.35,82.43,83.4,80.17,1607300.0,131289674.0,13:53:03
sz301392,汇成真空,153.24,3.49,2.331,153.24,153.26,149.75,153.75,157.21,148.0,4038741.0,616056698.0,13:53:03
sz301393,昊帆生物,58.51,-1.09,-1.829,58.5,58.51,59.6,59.61,59.81,58.42,2238603.0,131706727.0,13:53:03
sz301395,仁信新材,12.99,0.6,4.843,12.99,13.0,12.39,12.38,13.18,12.18,12623047.0,161069996.0,13:53:03
sz301396,宏景科技,285.88,44.7,18.534,285.83,285.95,241.18,248.01,289.42,248.01,13724998.0,3777988215.0,13:53:03
sz301397,溯联股份,37.05,2.6,7.547,37.01,37.05,34.45,34.68,37.2,34.4,6148730.0,220366467.0,13:53:03
sz301398,星源卓镁,48.15,0.34,0.711,48.11,48.16,47.81,48.1,49.39,47.85,1658708.0,80540550.0,13:53:03
sz301399,英特科技,24.5,0.42,1.744,24.47,24.49,24.08,24.07,24.7,24.07,5507144.0,134250560.0,13:53:03
sz301408,华人健康,20.46,-0.32,-1.54,20.45,20.46,20.78,21.23,21.58,20.05,44205071.0,906925093.0,13:53:03
sz301413,安培龙,124.27,2.57,2.112,124.25,124.28,121.7,124.52,127.23,122.56,4038485.0,503472239.0,13:53:03
sz301418,协昌科技,39.57,0.39,0.995,39.56,39.57,39.18,39.38,39.59,39.17,543600.0,21401924.0,13:53:03
sz301419,阿莱德,45.84,1.34,3.011,45.84,45.86,44.5,43.99,47.8,43.68,7113862.0,325485777.0,13:53:00
sz301421,波长光电,94.48,0.85,0.908,94.49,94.53,93.63,94.06,95.35,93.15,2141100.0,201954415.0,13:53:03
sz301428,世纪恒通,35.65,1.92,5.692,35.65,35.66,33.73,33.93,35.8,33.77,6837750.0,238719564.0,13:53:03
sz301429,森泰股份,19.82,0.53,2.748,19.81,19.82,19.29,19.38,19.82,19.14,807326.0,15698142.0,13:52:54
sz301439,泓淋电力,16.24,0.26,1.627,16.24,16.25,15.98,16.08,16.29,15.8,2824400.0,45443459.0,13:53:03
sz301446,福事特,38.42,1.33,3.586,38.39,38.42,37.09,37.51,38.7,37.08,691856.0,26200741.0,13:52:54
sz301448,开创电气,38.86,0.61,1.595,38.83,38.86,38.25,38.24,38.86,38.08,895700.0,34531824.0,13:52:54
sz301449,天溯计量,79.94,-0.24,-0.299,79.88,79.93,80.18,80.07,80.57,79.21,1175006.0,93660012.0,13:53:03
sz301456,盘古智能,29.57,0.32,1.094,29.55,29.58,29.25,29.43,29.6,28.89,989606.0,28965593.0,13:53:03
sz301458,钧崴电子,34.85,0.21,0.606,34.84,34.85,34.64,34.89,35.23,34.74,2757960.0,96451984.0,13:53:00
sz301459,丰茂股份,38.67,0.39,1.019,38.67,38.68,38.28,38.67,38.74,38.11,504500.0,19436763.0,13:53:03
sz301468,博盈特焊,53.92,0.28,0.522,53.91,53.92,53.64,53.1,54.55,52.8,4444870.0,238844796.0,13:53:03
sz301469,恒达新材,34.19,0.61,1.817,34.19,34.2,33.58,33.98,34.2,33.39,743000.0,25238819.0,13:53:03
sz301479,弘景光电,101.72,1.87,1.873,101.72,101.76,99.85,99.25,104.74,97.53,3734437.0,376734853.0,13:53:03
sz301486,致尚科技,168.6,0.24,0.143,168.59,168.6,168.36,165.99,171.5,165.88,4213975.0,710137521.0,13:53:03
sz301487,盟固利,22.32,0.52,2.385,22.32,22.33,21.8,22.0,22.63,21.85,10050615.0,224321594.0,13:53:03
sz301488,豪恩汽电,134.67,1.41,1.058,134.65,134.67,133.26,134.88,136.0,133.0,760600.0,102441173.0,13:53:03
sz301489,思泉新材,209.86,11.36,5.723,209.86,209.99,198.5,197.19,212.0,197.19,3902228.0,806229032.0,13:53:03
sz301491,汉桑科技,50.86,0.13,0.256,50.83,50.88,50.73,50.72,50.99,50.43,376644.0,19097093.0,13:53:03
sz301498,乖宝宠物,53.02,-0.4,-0.749,53.01,53.02,53.42,52.72,53.4,52.03,6107140.0,322722578.0,13:53:03
sz301499,维科精密,34.73,1.03,3.056,34.73,34.76,33.7,34.78,36.33,34.33,6038746.0,213842552.0,13:53:03
sz301500,飞南资源,24.0,0.36,1.523,24.0,24.01,23.64,23.64,24.3,23.41,9472034.0,227237734.0,13:53:03
sz301501,恒鑫生活,37.76,0.09,0.239,37.75,37.77,37.67,37.77,37.78,37.59,359649.0,13552934.0,13:53:03
sz301502,华阳智能,45.56,1.76,4.018,45.53,45.56,43.8,43.79,46.29,43.77,2020046.0,90830095.0,13:53:03
sz301503,智迪科技,36.18,0.66,1.858,36.15,36.18,35.52,35.81,36.18,35.47,376300.0,13482825.0,13:53:03
sz301505,苏州规划,22.7,0.72,3.276,22.69,22.7,21.98,21.99,22.7,21.77,1750930.0,38956329.0,13:53:03
sz301507,民生健康,14.38,0.0,0.0,14.37,14.38,14.38,14.37,14.38,14.14,2399794.0,34161770.0,13:53:03
sz301508,中机认检,29.76,0.39,1.328,29.76,29.77,29.37,29.48,29.77,29.31,784000.0,23138643.0,13:53:03
sz301509,金凯生科,46.29,-0.35,-0.75,46.29,46.3,46.64,46.75,46.98,45.71,5257558.0,243260648.0,13:53:03
sz301510,固高科技,30.87,0.36,1.18,30.86,30.87,30.51,30.65,30.88,30.4,3347956.0,102783336.0,13:53:03
sz301511,德福科技,47.44,0.38,0.807,47.44,47.45,47.06,46.99,48.18,46.15,22634205.0,1071037151.0,13:53:03
sz301512,智信精密,46.76,0.85,1.851,46.76,46.8,45.91,46.19,46.76,45.51,386704.0,17821041.0,13:52:57
sz301515,港通医疗,22.95,0.32,1.414,22.94,22.95,22.63,22.62,22.95,22.25,1255300.0,28410255.0,13:53:03
sz301516,中远通,20.2,0.1,0.498,20.2,20.21,20.1,19.96,20.63,19.65,8448913.0,170589251.0,13:53:03
sz301517,陕西华达,69.21,0.36,0.523,69.21,69.31,68.85,68.19,69.93,67.66,8253485.0,566976735.0,13:53:03
sz301518,长华化学,42.72,2.15,5.299,42.69,42.73,40.57,40.41,43.17,40.01,3161211.0,132516996.0,13:53:03
sz301519,舜禹股份,14.37,0.4,2.863,14.37,14.38,13.97,13.98,14.38,13.77,1453800.0,20490047.0,13:53:00
sz301520,万邦医药,44.71,-1.19,-2.593,44.65,44.7,45.9,45.26,45.39,44.46,1451900.0,65026791.0,13:53:03
sz301522,上大股份,32.18,0.12,0.374,32.18,32.19,32.06,32.1,32.36,31.91,2679342.0,86141129.0,13:53:03
sz301525,儒竞科技,73.4,1.99,2.787,73.39,73.4,71.41,71.42,73.5,71.42,1010086.0,73481683.0,13:53:03
sz301526,国际复材,14.15,-0.11,-0.771,14.15,14.16,14.26,14.4,14.58,13.85,136610163.0,1940443527.0,13:53:03
sz301528,多浦乐,68.42,2.52,3.824,68.41,68.5,65.9,65.92,68.75,65.79,1058273.0,71123315.0,13:53:03
sz301529,福赛科技,114.51,-0.82,-0.711,114.51,114.52,115.33,125.33,138.34,113.79,4894975.0,583734550.0,13:53:03
sz301533,威马农机,32.6,0.35,1.085,32.57,32.6,32.25,32.24,32.6,32.12,577271.0,18682403.0,13:52:57
sz301535,浙江华远,19.67,0.1,0.511,19.66,19.67,19.57,19.51,19.78,19.5,1582500.0,31060653.0,13:52:48
sz301536,星宸科技,75.54,0.95,1.274,75.53,75.56,74.59,75.08,76.5,74.65,3330932.0,251461500.0,13:53:00
sz301538,骏鼎达,80.79,0.79,0.988,80.78,80.79,80.0,80.5,80.96,79.43,511446.0,41107266.0,13:53:03
sz301539,宏鑫科技,19.36,0.2,1.044,19.36,19.37,19.16,19.27,19.37,19.03,778100.0,14954699.0,13:53:03
sz301548,崇德科技,74.96,4.36,6.176,74.96,74.97,70.6,70.59,75.12,70.29,1688601.0,122855122.0,13:53:03
sz301550,斯菱智驱,158.01,-0.69,-0.435,158.0,158.01,158.7,166.0,170.7,157.5,6809503.0,1113039750.0,13:53:03
sz301551,无线传媒,29.79,0.26,0.88,29.78,29.79,29.53,29.55,29.92,29.53,1808500.0,53765897.0,13:53:03
sz301552,科力装备,42.26,0.26,0.619,42.26,42.27,42.0,42.0,42.95,41.83,1251815.0,52941999.0,13:53:00
sz301555,惠柏新材,36.01,0.35,0.981,36.0,36.02,35.66,35.64,36.06,35.2,1401661.0,50109436.0,13:53:03
sz301556,托普云农,84.53,1.21,1.452,84.53,84.54,83.32,83.5,84.79,83.5,994700.0,83792336.0,13:53:03
sz301557,常友科技,113.88,-0.23,-0.202,113.73,113.94,114.11,112.99,117.5,112.5,1629323.0,187273957.0,13:52:57
sz301558,三态股份,8.31,0.13,1.589,8.3,8.31,8.18,8.19,8.31,8.16,4385800.0,36209639.0,13:52:57
sz301559,中集环科,17.12,0.42,2.515,17.12,17.13,16.7,16.78,17.35,16.78,3768800.0,64402444.0,13:52:57
sz301560,众捷汽车,41.35,-1.81,-4.194,41.28,41.35,43.16,43.16,43.5,40.8,1751100.0,73875629.0,13:52:57
sz301563,云汉芯城,163.95,3.96,2.475,163.95,163.96,159.99,162.0,163.95,159.17,1253421.0,202764575.0,13:52:57
sz301565,中仑新材,21.75,0.04,0.184,21.74,21.75,21.71,21.89,21.92,21.57,1353400.0,29483038.0,13:52:54
sz301566,达利凯普,21.28,0.49,2.357,21.27,21.28,20.79,20.78,21.35,20.68,6090400.0,128410358.0,13:52:57
sz301567,贝隆精密,43.29,0.75,1.763,43.27,43.29,42.54,42.55,43.3,42.26,531800.0,22750855.0,13:52:51
sz301568,思泰克,54.96,-0.24,-0.435,54.96,54.97,55.2,54.98,55.54,54.3,2801951.0,153785811.0,13:52:57
sz301571,国科天成,72.4,0.78,1.089,72.36,72.4,71.62,71.96,75.17,71.69,4219227.0,309741137.0,13:52:57
sz301575,艾芬达,45.58,0.36,0.796,45.58,45.59,45.22,45.46,45.69,45.1,484009.0,22003080.0,13:52:54
sz301577,美信科技,62.72,0.52,0.836,62.71,62.72,62.2,62.21,62.77,61.6,547300.0,34011851.0,13:52:57
sz301578,辰奕智能,33.84,0.23,0.684,33.82,33.85,33.61,33.72,33.84,33.26,388610.0,13029106.0,13:52:48
sz301580,爱迪特,76.93,7.74,11.187,76.88,76.92,69.19,69.0,79.6,68.11,7803635.0,567994587.0,13:52:57
sz301581,黄山谷捷,46.05,0.56,1.231,46.03,46.06,45.49,46.0,46.12,45.2,260452.0,11941359.0,13:52:57
sz301584,建发致新,28.2,-0.83,-2.859,28.19,28.2,29.03,28.45,28.5,27.76,6547023.0,183902076.0,13:52:57
sz301585,蓝宇股份,28.42,0.46,1.645,28.42,28.45,27.96,27.96,28.42,27.74,701670.0,19726790.0,13:52:45
sz301586,佳力奇,44.06,0.11,0.25,44.06,44.08,43.95,44.1,44.19,43.39,680200.0,29754470.0,13:52:45
sz301587,中瑞股份,27.53,0.55,2.039,27.53,27.54,26.98,27.11,27.94,26.82,7067650.0,192963853.0,13:52:57
sz301588,美新科技,21.66,-0.39,-1.769,21.65,21.67,22.05,22.41,22.78,21.48,5052100.0,110859009.0,13:52:57
sz301589,诺瓦星云,174.42,-1.44,-0.819,174.26,174.41,175.86,175.0,178.02,173.56,566282.0,99427782.0,13:52:57
sz301590,优优绿能,184.0,3.04,1.68,184.0,184.07,180.96,181.02,185.58,181.02,533356.0,97553419.0,13:52:54
sz301591,肯特股份,42.75,0.39,0.921,42.75,42.76,42.36,42.61,42.76,42.03,715579.0,30425154.0,13:52:51
sz301592,六九一二,124.96,-2.22,-1.746,124.95,125.0,127.18,127.21,128.0,122.81,1527600.0,191224158.0,13:52:54
sz301595,太力科技,48.84,0.09,0.185,48.84,48.88,48.75,48.51,49.75,48.38,1197200.0,58465654.0,13:52:54
sz301596,瑞迪智驱,69.77,0.76,1.101,69.77,69.84,69.01,69.42,70.17,69.06,474140.0,32986029.0,13:52:51
sz301598,博科测试,61.33,0.89,1.473,61.31,61.33,60.44,60.9,61.45,60.6,386400.0,23605403.0,13:52:54
sz301600,慧翰股份,105.25,-0.17,-0.161,105.25,105.3,105.42,105.42,106.5,105.0,494200.0,52161981.0,13:52:57
sz301601,惠通科技,23.16,0.17,0.739,23.14,23.16,22.99,22.99,23.24,22.9,541542.0,12510671.0,13:52:42
sz301602,超研股份,19.32,-0.03,-0.155,19.32,19.33,19.35,19.34,19.38,19.1,1376947.0,26443332.0,13:52:48
sz301603,乔锋智能,90.41,15.07,20.003,90.41,0.0,75.34,79.65,90.41,79.2,11944009.0,1032695676.0,13:52:48
sz301606,绿联科技,74.98,0.26,0.348,74.97,74.98,74.72,75.1,75.55,74.58,1811505.0,136109233.0,13:52:54
sz301607,富特科技,48.6,1.0,2.101,48.57,48.6,47.6,47.82,48.88,47.5,2304694.0,111634500.0,13:52:57
sz301608,博实结,85.77,0.0,0.0,85.76,85.77,85.77,85.99,86.74,85.1,778911.0,66865563.0,13:52:51
sz301609,山大电力,47.72,-0.46,-0.955,47.72,47.75,48.18,47.89,47.9,47.12,2207417.0,104791645.0,13:52:54
sz301611,珂玛科技,99.18,0.18,0.182,99.18,99.22,99.0,100.0,100.2,97.09,10715040.0,1059542895.0,13:52:57
sz301613,新铝时代,47.1,0.27,0.577,47.11,47.12,46.83,46.98,47.79,46.98,806259.0,38189637.0,13:52:57
sz301616,浙江华业,51.61,1.01,1.996,51.6,51.66,50.6,50.65,51.91,50.52,778814.0,39985050.0,13:52:42
sz301617,博苑股份,57.57,0.75,1.32,57.56,57.57,56.82,56.99,57.7,56.7,1095595.0,62695232.0,13:52:57
sz301618,长联科技,48.94,0.66,1.367,48.92,48.94,48.28,48.27,49.18,48.16,329226.0,16052625.0,13:52:54
sz301622,英思特,62.98,-1.02,-1.594,62.97,62.98,64.0,64.01,64.33,62.9,1457589.0,92359691.0,13:52:51
sz301626,苏州天脉,274.28,-0.9,-0.327,274.15,274.29,275.18,276.04,276.72,271.17,1130408.0,308955295.0,13:52:57
sz301628,强达电路,108.4,0.15,0.139,108.41,108.44,108.25,108.58,109.55,107.0,1600800.0,173366295.0,13:52:54
sz301629,矽电股份,278.7,-3.53,-1.251,278.62,278.7,282.23,280.88,284.0,275.01,1292897.0,361098685.0,13:52:51
sz301630,同宇新材,222.38,0.15,0.067,222.48,222.59,222.23,221.99,232.77,218.6,1231987.0,276255870.0,13:52:51
sz301631,壹连科技,103.44,0.45,0.437,103.27,103.45,102.99,101.27,106.0,98.7,4642924.0,474053060.0,13:52:57
sz301632,广东建科,21.02,-0.02,-0.095,21.02,21.03,21.04,21.18,21.18,20.82,1186417.0,24855481.0,13:52:54
sz301633,港迪技术,62.61,0.31,0.498,62.6,62.66,62.3,62.3,62.78,61.96,200500.0,12521251.0,13:52:57
sz301636,泽润新能,77.77,6.78,9.551,77.77,77.79,70.99,70.67,80.89,69.33,5367629.0,405592752.0,13:52:57
sz301638,南网数字,29.2,-0.27,-0.916,29.2,29.21,29.47,28.81,29.53,28.13,40523050.0,1165502233.0,13:52:57
sz301656,联合动力,21.75,0.03,0.138,21.75,21.76,21.72,21.79,21.81,21.66,3818214.0,82980008.0,13:52:54
sz301658,首航新能,41.21,0.14,0.341,41.21,41.22,41.07,41.0,41.6,40.57,6389614.0,263141008.0,13:52:57
sz301662,宏工科技,142.37,2.4,1.715,142.26,142.37,139.97,140.0,146.88,139.99,1688898.0,243923049.0,13:52:57
sz301665,泰禾股份,26.95,0.06,0.223,26.95,26.96,26.89,26.88,27.03,26.79,1757022.0,47253939.0,13:52:57
sz301666,N大普微,230.11,184.03,399.371,230.11,230.82,46.08,207.23,245.04,199.99,19364062.0,4238318188.0,13:52:57
sz301667,纳百川,102.03,-0.87,-0.845,102.03,102.11,102.9,103.51,106.8,101.51,5355965.0,555579637.0,13:52:57
sz301668,昊创瑞通,51.45,0.22,0.429,51.44,51.46,51.23,51.0,51.47,50.58,1363783.0,69687962.0,13:52:57
sz301678,新恒汇,62.96,0.37,0.591,62.95,62.96,62.59,62.59,63.29,62.21,988201.0,62096487.0,13:52:57
sz301680,固德电材,106.0,-1.98,-1.834,105.97,106.0,107.98,107.17,108.43,105.3,1930639.0,204939700.0,13:52:57
sz301682,宏明电子,124.52,-1.19,-0.947,124.55,124.59,125.71,126.28,128.0,123.6,5047061.0,629972865.0,13:52:57
sz301683,慧谷新材,124.83,-5.84,-4.469,124.75,124.85,130.67,129.11,129.5,123.8,3324818.0,418105323.0,13:52:57
sz301687,新广益,57.25,0.63,1.113,57.22,57.25,56.62,56.5,57.77,56.11,1997552.0,113908243.0,13:52:57
sz301696,C三瑞,109.69,-4.3,-3.772,109.69,109.7,113.99,112.34,115.96,108.0,10186990.0,1135784158.0,13:52:57
sz302132,中航成飞,68.7,-0.45,-0.651,68.69,68.7,69.15,69.16,69.72,68.41,3880703.0,267000265.0,13:52:54
