日期时间,代码,中文名称,英文名称,交易类型,最新价,涨跌额,涨跌幅,昨收,今开,最高,最低,成交量,成交额,买一,卖一
2026/04/16 09:10:50,00001,长和,CKH HOLDINGS,,63.95,0.0,0.0,63.95,0.0,0.0,0.0,0,0,65.35,65.35
2026/04/16 09:09:44,00002,中电控股,CLP HOLDINGS,,74.4,0.0,0.0,74.4,0.0,0.0,0.0,0,0,74.55,74.55
2026/04/16 09:02:55,00003,香港中华煤气,HK & CHINA GAS,,7.27,0.0,0.0,7.27,0.0,0.0,0.0,0,0,7.27,7.27
2026/04/16 09:00:16,00004,九龙仓集团,WHARF HOLDINGS,,21.78,0.0,0.0,21.78,0.0,0.0,0.0,0,0,21.78,21.9
2026/04/16 09:10:40,00005,汇丰控股,HSBC HOLDINGS,,141.4,0.0,0.0,141.4,0.0,0.0,0.0,400,56957,138.10001,138.10001
2026/04/16 09:06:36,00006,电能实业,POWER ASSETS,,63.7,0.0,0.0,63.7,0.0,0.0,0.0,0,0,63.7,64.2
2026/04/16 08:55:00,00007,智富资源投资,WISDOM WEALTH,,0.032,0.0,0.0,0.032,0.0,0.0,0.0,0,0,0.0,0.0
2026/04/16 09:04:58,00008,电讯盈科,PCCW,,5.99,0.0,0.0,5.99,0.0,0.0,0.0,0,0,5.97,6.03
2026/04/16 09:07:46,00010,恒隆集团,HANG LUNG GROUP,,17.01,0.0,0.0,17.01,0.0,0.0,0.0,0,0,16.24,17.1
2026/04/16 09:00:58,00012,恒基地产,HENDERSON LAND,,30.64,0.0,0.0,30.64,0.0,0.0,0.0,0,0,30.58,30.58
2026/04/16 09:09:16,00013,和黄医药,HUTCHMED,,24.3,0.0,0.0,24.3,0.0,0.0,0.0,128000,3095258,24.3,24.3
2026/04/16 09:06:08,00014,希慎兴业,HYSAN DEV,,19.32,0.0,0.0,19.32,0.0,0.0,0.0,0,0,19.22,19.4
2026/04/16 09:08:16,00016,新鸿基地产,SHK PPT,,137.5,0.0,0.0,137.5,0.0,0.0,0.0,235298,32547346,134.8,134.8
2026/04/16 09:00:08,00017,新世界发展,NEW WORLD DEV,,8.78,0.0,0.0,8.78,0.0,0.0,0.0,0,0,8.8,8.88
2026/04/16 09:02:44,00018,东方传媒集团,ORIENTAL M G,,0.29,0.0,0.0,0.29,0.0,0.0,0.0,0,0,0.275,0.295
2026/04/16 09:00:32,00019,太古股份公司Ａ,SWIRE PACIFIC A,,85.75,0.0,0.0,85.75,0.0,0.0,0.0,0,0,85.75,88.0
2026/04/16 09:10:20,00020,商汤－Ｗ,SENSETIME-W,,2.05,0.0,0.0,2.05,0.0,0.0,0.0,11769000,24119388,2.06,2.06
2026/04/16 09:03:53,00021,大中华控股,GREAT CHI HLDGS,,0.075,0.0,0.0,0.075,0.0,0.0,0.0,0,0,0.07,0.082
2026/04/16 09:10:16,00022,茂盛控股,MEXAN,,0.275,0.0,0.0,0.275,0.0,0.0,0.0,0,0,0.28,0.28
2026/04/16 09:08:06,00023,东亚银行,BANK OF E ASIA,,13.8,0.0,0.0,13.8,0.0,0.0,0.0,0,0,13.81,13.98
2026/04/16 09:00:16,00025,CHEVALIER INT'L,CHEVALIER INT'L,,4.05,0.0,0.0,4.05,0.0,0.0,0.0,0,0,4.05,4.3
2026/04/16 09:04:06,00026,中华汽车,CHINA MOTOR BUS,,57.05,0.0,0.0,57.05,0.0,0.0,0.0,0,0,56.8,58.0
2026/04/16 09:07:50,00027,银河娱乐,GALAXY ENT,,34.56,0.0,0.0,34.56,0.0,0.0,0.0,0,0,34.1,34.1
2026/04/16 09:03:10,00028,天安,TIAN AN,,4.41,0.0,0.0,4.41,0.0,0.0,0.0,0,0,4.23,4.45
2026/04/16 09:04:26,00029,达力集团,DYNAMIC HOLD,,11.1,0.0,0.0,11.1,0.0,0.0,0.0,0,0,10.88,11.6
2026/04/16 09:00:52,00030,云白国际,YNBY INTL,,0.255,0.0,0.0,0.255,0.0,0.0,0.0,0,0,0.25,0.285
2026/04/16 09:00:00,00031,航天控股,CHINA AEROSPACE,,0.49,0.0,0.0,0.49,0.0,0.0,0.0,0,0,0.49,0.495
2026/04/16 09:00:58,00032,港通控股,CROSS-HAR(HOLD),,8.47,0.0,0.0,8.47,0.0,0.0,0.0,0,0,8.1,8.47
2026/04/16 08:55:00,00033,INTL GENIUS,INTL GENIUS,,0.4,0.0,0.0,0.4,0.0,0.0,0.0,0,0,0.0,0.0
2026/04/16 09:04:23,00034,九龙建业,KOWLOON DEV,,4.64,0.0,0.0,4.64,0.0,0.0,0.0,0,0,4.5,4.64
2026/04/16 09:00:22,00035,远东发展,FE CONSORT INTL,,0.78,0.0,0.0,0.78,0.0,0.0,0.0,0,0,0.76,0.78
2026/04/16 08:55:00,00036,远东控股国际,FE HLDGS INTL,,0.275,0.0,0.0,0.275,0.0,0.0,0.0,0,0,0.0,0.0
2026/04/16 09:00:12,00037,远东酒店实业,FE HOTELS,,0.53,0.0,0.0,0.53,0.0,0.0,0.0,0,0,0.52,0.54
2026/04/16 09:09:36,00038,第一拖拉机股份,FIRST TRACTOR,,8.19,0.0,0.0,8.19,0.0,0.0,0.0,0,0,8.18,8.35
2026/04/16 08:55:00,00039,中国北大荒,CH BEIDAHUANG,,0.045,0.0,0.0,0.045,0.0,0.0,0.0,0,0,0.0,0.0
2026/04/16 09:04:28,00040,金山科技工业,GOLD PEAK,,0.69,0.0,0.0,0.69,0.0,0.0,0.0,0,0,0.65,0.7
2026/04/16 09:06:56,00041,鹰君,GREAT EAGLE H,,17.88,0.0,0.0,17.88,0.0,0.0,0.0,0,0,17.46,17.88
2026/04/16 09:00:38,00042,东北电气,NE ELECTRIC,,0.405,0.0,0.0,0.405,0.0,0.0,0.0,0,0,0.39,0.41
2026/04/16 09:09:06,00045,大酒店,HK&S HOTELS,,5.97,0.0,0.0,5.97,0.0,0.0,0.0,0,0,5.95,5.98
2026/04/16 09:02:54,00046,科联系统,COMPUTER & TECH,,1.24,0.0,0.0,1.24,0.0,0.0,0.0,0,0,1.23,1.3
2026/04/16 09:00:15,00048,中国汽车内饰,C AUTO INT DECO,,0.249,0.0,0.0,0.249,0.0,0.0,0.0,0,0,0.24,0.25
2026/04/16 09:00:05,00050,香港小轮（集团）,HK FERRY (HOLD),,5.11,0.0,0.0,5.11,0.0,0.0,0.0,0,0,5.05,5.19
2026/04/16 09:00:08,00051,海港企业,HARBOUR CENTRE,,4.42,0.0,0.0,4.42,0.0,0.0,0.0,0,0,4.32,4.5
2026/04/16 09:00:16,00052,大快活集团,FAIRWOOD HOLD,,4.02,0.0,0.0,4.02,0.0,0.0,0.0,0,0,4.0,4.09
2026/04/16 09:04:48,00053,国浩集团,GUOCO GROUP,,68.9,0.0,0.0,68.9,0.0,0.0,0.0,0,0,68.0,69.8
2026/04/16 09:02:37,00055,中星集团控股,NEWAY GROUP,,0.189,0.0,0.0,0.189,0.0,0.0,0.0,0,0,0.165,0.198
2026/04/16 09:04:28,00057,震雄集团,CHEN HSONG HOLD,,1.6,0.0,0.0,1.6,0.0,0.0,0.0,0,0,1.6,1.63
2026/04/16 09:03:35,00058,新威国际,SUNWAY INT'L,,0.31,0.0,0.0,0.31,0.0,0.0,0.0,0,0,0.295,0.32
2026/04/16 08:55:00,00059,天誉置业,SKYFAME REALTY,,0.01,0.0,0.0,0.01,0.0,0.0,0.0,0,0,0.0,0.0
2026/04/16 09:00:06,00060,香港食品投资,HK FOOD INV,,0.495,0.0,0.0,0.495,0.0,0.0,0.0,0,0,0.48,0.495
2026/04/16 09:04:28,00061,绿领控股,GREEN LEADER,,0.069,0.0,0.0,0.069,0.0,0.0,0.0,0,0,0.068,0.071
2026/04/16 09:04:44,00062,载通,TRANSPORT INT'L,,10.92,0.0,0.0,10.92,0.0,0.0,0.0,0,0,10.88,11.08
2026/04/16 09:00:06,00063,中亚烯谷集团,CHI ASIA VALLEY,,0.047,0.0,0.0,0.047,0.0,0.0,0.0,0,0,0.042,0.048
2026/04/16 09:00:08,00064,结好控股,GET NICE,,3.09,0.0,0.0,3.09,0.0,0.0,0.0,0,0,3.07,3.13
2026/04/16 09:02:33,00065,弘海高新资源,GRAND OCEAN AR,,0.3,0.0,0.0,0.3,0.0,0.0,0.0,0,0,0.255,0.31
2026/04/16 09:04:39,00066,港铁公司,MTR CORPORATION,,34.0,0.0,0.0,34.0,0.0,0.0,0.0,0,0,33.5,33.5
2026/04/16 09:01:40,00069,香格里拉（亚洲）,SHANGRI-LA ASIA,,4.49,0.0,0.0,4.49,0.0,0.0,0.0,0,0,4.44,4.56
2026/04/16 09:03:36,00070,金粤控股,RICH GOLDMAN,,0.054,0.0,0.0,0.054,0.0,0.0,0.0,0,0,0.049,0.055
2026/04/16 09:00:10,00071,美丽华酒店,MIRAMAR HOTEL,,10.77,0.0,0.0,10.77,0.0,0.0,0.0,0,0,10.57,11.0
2026/04/16 09:00:00,00072,超媒体控股,META MEDIA,,0.25,0.0,0.0,0.25,0.0,0.0,0.0,0,0,0.22,0.0
2026/04/16 09:01:42,00073,亚洲果业,ASIAN CITRUS,,1.8,0.0,0.0,1.8,0.0,0.0,0.0,0,0,1.87,2.05
2026/04/16 09:00:34,00075,渝太地产,Y.T. REALTY,,0.15,0.0,0.0,0.15,0.0,0.0,0.0,0,0,0.131,0.0
2026/04/16 09:00:22,00076,谊砾控股,ELATE HOLDINGS,,0.166,0.0,0.0,0.166,0.0,0.0,0.0,0,0,0.16,0.174
2026/04/16 09:04:28,00077,进智公共交通,AMS TRANSPORT,,0.43,0.0,0.0,0.43,0.0,0.0,0.0,0,0,0.42,0.43
2026/04/16 09:00:00,00078,REGAL INT'L,REGAL INT'L,,0.53,0.0,0.0,0.53,0.0,0.0,0.0,0,0,0.51,0.53
2026/04/16 09:04:28,00079,世纪建业,CENTURY LEGEND,,0.083,0.0,0.0,0.083,0.0,0.0,0.0,0,0,0.078,0.088
2026/04/16 09:00:02,00080,ＣＡＩ控股,CAI CORP,,0.4,0.0,0.0,0.4,0.0,0.0,0.0,0,0,0.39,0.405
2026/04/16 09:00:00,00081,中国海外宏洋集团,CH OVS G OCEANS,,2.68,0.0,0.0,2.68,0.0,0.0,0.0,0,0,2.67,2.68
2026/04/16 09:00:12,00082,疯狂体育,CRAZY SPORTS,,0.084,0.0,0.0,0.084,0.0,0.0,0.0,0,0,0.081,0.084
2026/04/16 09:10:34,00083,信和置业,SINO LAND,,11.82,0.0,0.0,11.82,0.0,0.0,0.0,0,0,11.98,11.98
2026/04/16 09:04:27,00084,宝光实业,STELUX HOLDINGS,,0.069,0.0,0.0,0.069,0.0,0.0,0.0,0,0,0.063,0.069
2026/04/16 09:10:34,00085,中电华大科技,CE HUADA TECH,,1.17,0.0,0.0,1.17,0.0,0.0,0.0,0,0,1.17,1.19
2026/04/16 09:07:45,00086,新鸿基公司,SUN HUNG KAI CO,,4.33,0.0,0.0,4.33,0.0,0.0,0.0,0,0,4.28,4.33
2026/04/16 09:01:41,00087,太古股份公司Ｂ,SWIRE PACIFIC B,,13.3,0.0,0.0,13.3,0.0,0.0,0.0,0,0,13.23,13.4
2026/04/16 09:02:40,00088,TAI CHEUNG HOLD,TAI CHEUNG HOLD,,4.02,0.0,0.0,4.02,0.0,0.0,0.0,0,0,3.91,4.05
2026/04/16 09:04:27,00089,大生地产,TAI SANG LAND,,2.21,0.0,0.0,2.21,0.0,0.0,0.0,0,0,2.16,2.32
2026/04/16 09:06:36,00090,普星能量,PUXING ENERGY,,1.16,0.0,0.0,1.16,0.0,0.0,0.0,0,0,1.12,1.2
2026/04/16 09:00:29,00092,冠军科技集团,CHAMPION TECH,,0.189,0.0,0.0,0.189,0.0,0.0,0.0,0,0,0.172,0.19
2026/04/16 09:10:36,00093,零在科技金融,ZERO FINTECH,,0.4,0.0,0.0,0.4,0.0,0.0,0.0,0,0,0.37,0.42
2026/04/16 09:00:20,00094,绿心集团,GREENHEART GP,,0.076,0.0,0.0,0.076,0.0,0.0,0.0,0,0,0.072,0.081
2026/04/16 09:00:16,00095,绿景中国地产,LVGEM CHINA,,0.232,0.0,0.0,0.232,0.0,0.0,0.0,0,0,0.231,0.249
2026/04/16 09:02:37,00096,YUSEI,YUSEI,,0.58,0.0,0.0,0.58,0.0,0.0,0.0,0,0,0.53,0.59
2026/04/16 09:00:02,00097,恒基发展,HENDERSON INV,,0.18,0.0,0.0,0.18,0.0,0.0,0.0,0,0,0.173,0.19
2026/04/16 09:00:56,00098,兴发铝业,XINGFA ALUM,,7.47,0.0,0.0,7.47,0.0,0.0,0.0,0,0,7.36,7.54
2026/04/16 09:01:01,00099,王氏国际,WONG'S INT'L,,1.23,0.0,0.0,1.23,0.0,0.0,0.0,0,0,1.18,1.35
2026/04/16 09:10:42,00100,MINIMAX-W,MINIMAX-W,,847.5,0.0,0.0,847.5,0.0,0.0,0.0,0,0,815.0,815.0
2026/04/16 09:10:00,00101,恒隆地产,HANG LUNG PPT,,9.42,0.0,0.0,9.42,0.0,0.0,0.0,0,0,9.42,9.42
2026/04/16 09:00:12,00103,首佳科技,SHOUGANG CENT,,2.6,0.0,0.0,2.6,0.0,0.0,0.0,0,0,2.6,2.75
2026/04/16 09:09:20,00104,ASIA COMM HOLD,ASIA COMM HOLD,,0.218,0.0,0.0,0.218,0.0,0.0,0.0,0,0,0.21,0.229
2026/04/16 09:00:20,00105,凯联国际酒店,ASSO INT HOTELS,,5.15,0.0,0.0,5.15,0.0,0.0,0.0,0,0,5.01,5.64
2026/04/16 08:55:00,00106,朗诗绿色管理,LANDSEA MGMT,,0.019,0.0,0.0,0.019,0.0,0.0,0.0,0,0,0.0,0.0
2026/04/16 09:05:20,00107,四川成渝高速公路,SICHUAN EXPRESS,,5.79,0.0,0.0,5.79,0.0,0.0,0.0,0,0,5.71,5.79
2026/04/16 09:00:00,00108,国锐生活,GR LIFE STYLE,,2.98,0.0,0.0,2.98,0.0,0.0,0.0,0,0,2.8,3.0
2026/04/16 09:03:45,00110,中国长远,CHINA FORTUNE,,0.4,0.0,0.0,0.4,0.0,0.0,0.0,0,0,0.37,0.0
2026/04/16 09:02:14,00111,信达国际控股,CINDA INTL HLDG,,0.74,0.0,0.0,0.74,0.0,0.0,0.0,0,0,0.73,0.74
2026/04/16 09:00:38,00113,迪生创建,DICKSON CONCEPT,,6.2,0.0,0.0,6.2,0.0,0.0,0.0,0,0,6.18,6.2
2026/04/16 09:09:24,00114,HERALD HOLD,HERALD HOLD,,0.58,0.0,0.0,0.58,0.0,0.0,0.0,0,0,0.56,0.61
2026/04/16 08:55:00,00115,钧濠集团,GRAND FIELD GP,,8.8,0.0,0.0,8.8,0.0,0.0,0.0,0,0,0.0,0.0
2026/04/16 09:04:22,00116,周生生,CHOW SANG SANG,,13.4,0.0,0.0,13.4,0.0,0.0,0.0,0,0,13.1,13.5
2026/04/16 09:00:02,00117,天利控股集团,TIANLI HOLDINGS,,0.395,0.0,0.0,0.395,0.0,0.0,0.0,0,0,0.38,0.0
2026/04/16 09:00:38,00118,大同机械,COSMOS MACH,,0.199,0.0,0.0,0.199,0.0,0.0,0.0,0,0,0.175,0.199
2026/04/16 09:10:24,00119,保利置业集团,POLY PROPERTY,,1.96,0.0,0.0,1.96,0.0,0.0,0.0,0,0,1.97,1.99
2026/04/16 09:02:37,00120,COSMOPOL INT'L,COSMOPOL INT'L,,0.078,0.0,0.0,0.078,0.0,0.0,0.0,0,0,0.077,0.079
2026/04/16 09:04:07,00122,鳄鱼恤,CROCODILE,,1.44,0.0,0.0,1.44,0.0,0.0,0.0,0,0,1.36,1.46
2026/04/16 09:04:20,00123,越秀地产,YUEXIU PROPERTY,,3.73,0.0,0.0,3.73,0.0,0.0,0.0,0,0,3.7,3.75
2026/04/16 09:07:18,00124,粤海置地,GD LAND,,0.215,0.0,0.0,0.215,0.0,0.0,0.0,0,0,0.214,0.224
2026/04/16 09:04:29,00125,新兴光学,SUN HING VISION,,0.315,0.0,0.0,0.315,0.0,0.0,0.0,0,0,0.315,0.335
2026/04/16 09:03:10,00126,佳宁娜,CARRIANNA,,0.114,0.0,0.0,0.114,0.0,0.0,0.0,0,0,0.112,0.123
2026/04/16 09:07:30,00127,华人置业,CHINESE EST H,,1.22,0.0,0.0,1.22,0.0,0.0,0.0,0,0,1.2,1.22
2026/04/16 09:04:32,00128,安宁控股,ENM HOLDINGS,,0.41,0.0,0.0,0.41,0.0,0.0,0.0,0,0,0.41,0.42
2026/04/16 09:09:30,00129,泛海集团,ASIA STANDARD,,0.198,0.0,0.0,0.198,0.0,0.0,0.0,0,0,0.183,0.21
2026/04/16 09:00:02,00130,慕诗国际,MOISELLE INT'L,,0.18,0.0,0.0,0.18,0.0,0.0,0.0,0,0,0.155,0.0
2026/04/16 09:04:29,00131,卓能（集团）,CHEUK NANG HOLD,,1.26,0.0,0.0,1.26,0.0,0.0,0.0,0,0,1.25,1.29
2026/04/16 09:00:12,00132,兴业控股,HING YIP HLDGS,,0.198,0.0,0.0,0.198,0.0,0.0,0.0,0,0,0.188,0.205
2026/04/16 09:07:30,00133,招商局中国基金,CHINA MERCHANTS,,18.7,0.0,0.0,18.7,0.0,0.0,0.0,0,0,18.3,18.3
2026/04/16 09:01:54,00135,昆仑能源,KUNLUN ENERGY,,7.37,0.0,0.0,7.37,0.0,0.0,0.0,0,0,7.34,7.34
2026/04/16 09:06:10,00136,中国儒意,CHINA RUYI,,1.53,0.0,0.0,1.53,0.0,0.0,0.0,0,0,1.53,1.53
2026/04/16 09:01:42,00137,金辉集团,JINHUI HOLDINGS,,0.62,0.0,0.0,0.62,0.0,0.0,0.0,0,0,0.59,0.64
2026/04/16 09:04:27,00138,中建富通,CCT FORTIS,,0.54,0.0,0.0,0.54,0.0,0.0,0.0,0,0,0.53,0.0
2026/04/16 09:00:06,00139,小鱼盈通,SMART FISH,,0.134,0.0,0.0,0.134,0.0,0.0,0.0,0,0,0.13,0.136
2026/04/16 09:00:10,00142,第一太平,FIRST PACIFIC,,5.59,0.0,0.0,5.59,0.0,0.0,0.0,0,0,5.6,5.6
2026/04/16 09:08:46,00144,招商局港口,CHINA MER PORT,,15.5,0.0,0.0,15.5,0.0,0.0,0.0,0,0,15.73,15.73
2026/04/16 09:10:16,00145,信能低碳,CCIAM FUTURE EN,,0.207,0.0,0.0,0.207,0.0,0.0,0.0,0,0,0.218,0.218
2026/04/16 09:00:56,00146,TAI PING CARPET,TAI PING CARPET,,1.66,0.0,0.0,1.66,0.0,0.0,0.0,0,0,1.66,1.89
2026/04/16 09:07:54,00147,国际商业结算,IB SETTLEMENT,,0.085,0.0,0.0,0.085,0.0,0.0,0.0,0,0,0.076,0.089
2026/04/16 09:10:16,00148,建滔集团,KINGBOARD HLDG,,39.98,0.0,0.0,39.98,0.0,0.0,0.0,0,0,40.02,40.02
2026/04/16 09:00:10,00149,中国农产品交易,CH AGRI-PROD EX,,0.065,0.0,0.0,0.065,0.0,0.0,0.0,0,0,0.061,0.066
2026/04/16 09:09:38,00150,HYPEBEAST,HYPEBEAST,,0.168,0.0,0.0,0.168,0.0,0.0,0.0,0,0,0.172,0.175
2026/04/16 09:01:26,00151,中国旺旺,WANT WANT CHINA,,4.47,0.0,0.0,4.47,0.0,0.0,0.0,0,0,4.41,4.53
2026/04/16 09:00:14,00152,深圳国际,SHENZHEN INT'L,,7.35,0.0,0.0,7.35,0.0,0.0,0.0,0,0,7.34,7.46
2026/04/16 09:07:54,00154,北京控股环境集团,BE ENVIRONMENT,,0.54,0.0,0.0,0.54,0.0,0.0,0.0,0,0,0.54,0.57
2026/04/16 09:04:03,00156,力宝华润,LIPPO CHINA RES,,1.03,0.0,0.0,1.03,0.0,0.0,0.0,0,0,1.0,1.13
2026/04/16 09:00:02,00157,自然美,NATURAL BEAUTY,,0.475,0.0,0.0,0.475,0.0,0.0,0.0,0,0,0.0,0.485
2026/04/16 09:00:30,00158,万邦投资,MELBOURNE ENT,,59.5,0.0,0.0,59.5,0.0,0.0,0.0,0,0,58.5,63.0
2026/04/16 09:00:55,00159,布莱克万矿业,BROCKMAN MINING,,0.078,0.0,0.0,0.078,0.0,0.0,0.0,0,0,0.074,0.085
2026/04/16 09:04:30,00160,汉国置业,HON KWOK LAND,,0.96,0.0,0.0,0.96,0.0,0.0,0.0,0,0,0.95,0.97
2026/04/16 09:00:29,00162,世纪金花,CENTURY GINWA,,0.043,0.0,0.0,0.043,0.0,0.0,0.0,0,0,0.043,0.0
2026/04/16 09:00:30,00163,英皇国际,EMPEROR INT'L,,0.187,0.0,0.0,0.187,0.0,0.0,0.0,0,0,0.181,0.198
2026/04/16 09:04:19,00164,中国宝力科技,CHINA BAOLI TEC,,0.43,0.0,0.0,0.43,0.0,0.0,0.0,0,0,0.42,0.47
2026/04/16 09:03:45,00165,中国光大控股,CHINA EB LTD,,6.41,0.0,0.0,6.41,0.0,0.0,0.0,0,0,6.36,6.54
2026/04/16 09:00:12,00166,新时代集团控股,NEW TIMES CORP,,0.042,0.0,0.0,0.042,0.0,0.0,0.0,0,0,0.04,0.042
2026/04/16 08:55:00,00167,IDT INT'L,IDT INT'L,,5.3,0.0,0.0,5.3,0.0,0.0,0.0,0,0,0.0,0.0
2026/04/16 09:04:58,00168,青岛啤酒股份,TSINGTAO BREW,,51.1,0.0,0.0,51.1,0.0,0.0,0.0,34000,1737400,50.8,51.5
2026/04/16 09:09:54,00169,万达酒店发展,WANDA HOTEL DEV,,0.084,0.0,0.0,0.084,0.0,0.0,0.0,0,0,0.084,0.084
2026/04/16 09:00:02,00171,银建国际,SILVER GRANT,,0.064,0.0,0.0,0.064,0.0,0.0,0.0,0,0,0.061,0.069
2026/04/16 09:00:06,00173,嘉华国际,K. WAH INT'L,,2.3,0.0,0.0,2.3,0.0,0.0,0.0,0,0,2.28,2.31
2026/04/16 08:55:00,00174,盛洋投资,GEMINI INV,,0.215,0.0,0.0,0.215,0.0,0.0,0.0,0,0,0.0,0.0
2026/04/16 09:10:48,00175,吉利汽车,GEELY AUTO,,24.04,0.0,0.0,24.04,0.0,0.0,0.0,164000,3965995,23.98,23.98
2026/04/16 08:55:00,00176,先机企业集团,SUPERACTIVE GP,,0.013,0.0,0.0,0.013,0.0,0.0,0.0,0,0,0.0,0.0
2026/04/16 09:10:54,00177,江苏宁沪高速公路,JIANGSU EXPRESS,,10.48,0.0,0.0,10.48,0.0,0.0,0.0,0,0,10.45,10.45
2026/04/16 09:09:52,00178,莎莎国际,SA SA INT'L,,0.76,0.0,0.0,0.76,0.0,0.0,0.0,0,0,0.78,0.78
2026/04/16 09:00:12,00179,德昌电机控股,JOHNSON ELEC H,,25.9,0.0,0.0,25.9,0.0,0.0,0.0,0,0,25.66,26.3
2026/04/16 09:01:04,00180,开达集团,KADER HOLDINGS,,0.19,0.0,0.0,0.19,0.0,0.0,0.0,0,0,0.175,0.0
2026/04/16 09:00:12,00181,闽港控股,FUJIAN HOLDINGS,,0.128,0.0,0.0,0.128,0.0,0.0,0.0,0,0,0.11,0.139
2026/04/16 09:00:10,00182,协合新能源,CONCORD NE,,0.237,0.0,0.0,0.237,0.0,0.0,0.0,0,0,0.236,0.239
2026/04/16 09:10:00,00183,宏辉集团,WINFULL GP,,0.139,0.0,0.0,0.139,0.0,0.0,0.0,0,0,0.133,0.155
2026/04/16 09:10:00,00184,激成投资,KECK SENG INV,,2.24,0.0,0.0,2.24,0.0,0.0,0.0,0,0,2.21,2.25
2026/04/16 09:01:46,00185,正商实业,ZENSUN ENT,,0.125,0.0,0.0,0.125,0.0,0.0,0.0,0,0,0.0,0.143
2026/04/16 08:55:00,00186,敏捷控股,NIMBLE HOLDINGS,,0.157,0.0,0.0,0.157,0.0,0.0,0.0,0,0,0.0,0.0
2026/04/16 09:10:38,00187,京城机电股份,JINGCHENG MAC,,4.61,0.0,0.0,4.61,0.0,0.0,0.0,0,0,4.7,4.7
2026/04/16 09:01:33,00188,新华汇富金融,SUNWAH KINGSWAY,,0.244,0.0,0.0,0.244,0.0,0.0,0.0,0,0,0.239,0.244
2026/04/16 09:10:34,00189,东岳集团,DONGYUE GROUP,,11.9,0.0,0.0,11.9,0.0,0.0,0.0,0,0,11.86,11.86
2026/04/16 09:00:22,00191,丽新国际,LAI SUN INT'L,,0.84,0.0,0.0,0.84,0.0,0.0,0.0,0,0,0.78,0.89
2026/04/16 09:04:29,00193,冠中地产,CAPITAL ESTATE,,0.233,0.0,0.0,0.233,0.0,0.0,0.0,0,0,0.225,0.228
2026/04/16 09:06:50,00194,廖创兴企业,LIU CHONG HING,,4.62,0.0,0.0,4.62,0.0,0.0,0.0,0,0,4.53,4.69
2026/04/16 08:55:00,00195,绿科科技国际,GREENTECH INTL,,0.28,0.0,0.0,0.28,0.0,0.0,0.0,0,0,0.0,0.0
2026/04/16 09:04:55,00196,宏华集团,HONGHUA GROUP,,0.19,0.0,0.0,0.19,0.0,0.0,0.0,0,0,0.188,0.191
2026/04/16 09:04:27,00197,亨泰,HENG TAI,,0.29,0.0,0.0,0.29,0.0,0.0,0.0,0,0,0.26,0.0
2026/04/16 09:03:23,00199,德祥地产,ITC PROPERTIES,,0.95,0.0,0.0,0.95,0.0,0.0,0.0,0,0,0.93,0.96
2026/04/16 09:10:30,00200,新濠国际发展,MELCO INT'L DEV,,4.24,0.0,0.0,4.24,0.0,0.0,0.0,0,0,4.11,4.26
2026/04/16 09:09:04,00201,华大酒店,MAGNIFICENT,,0.071,0.0,0.0,0.071,0.0,0.0,0.0,0,0,0.068,0.071
2026/04/16 09:04:28,00202,润中国际控股,EVERCHINA INT'L,,0.084,0.0,0.0,0.084,0.0,0.0,0.0,0,0,0.076,0.088
2026/04/16 09:00:20,00204,资本界金控,CAPITAL REALM,,0.231,0.0,0.0,0.231,0.0,0.0,0.0,0,0,0.222,0.238
2026/04/16 08:55:00,00205,BFB HEALTH,BFB HEALTH,,0.6,0.0,0.0,0.6,0.0,0.0,0.0,0,0,0.0,0.0
2026/04/16 09:04:41,00206,华商能源,CM-ENERGY,,0.45,0.0,0.0,0.45,0.0,0.0,0.0,0,0,0.44,0.48
2026/04/16 09:08:32,00209,瀛晟科学,WINSHINE SCI,,0.325,0.0,0.0,0.325,0.0,0.0,0.0,0,0,0.31,0.35
2026/04/16 09:04:31,00210,达芙妮国际,DAPHNE INT'L,,0.42,0.0,0.0,0.42,0.0,0.0,0.0,0,0,0.415,0.43
2026/04/16 09:00:08,00211,STYLAND HOLD,STYLAND HOLD,,0.244,0.0,0.0,0.244,0.0,0.0,0.0,0,0,0.231,0.245
2026/04/16 09:01:47,00212,NANYANG HOLD,NANYANG HOLD,,29.4,0.0,0.0,29.4,0.0,0.0,0.0,0,0,29.2,30.38
2026/04/16 09:07:26,00213,NATIONAL ELEC H,NATIONAL ELEC H,,0.39,0.0,0.0,0.39,0.0,0.0,0.0,0,0,0.39,0.415
2026/04/16 09:00:05,00214,汇汉控股,ASIA ORIENT,,0.25,0.0,0.0,0.25,0.0,0.0,0.0,0,0,0.0,0.255
2026/04/16 09:02:15,00215,和记电讯香港,HUTCHTEL HK,,1.17,0.0,0.0,1.17,0.0,0.0,0.0,0,0,1.17,1.18
2026/04/16 09:00:06,00216,建业实业,CHINNEY INV,,0.61,0.0,0.0,0.61,0.0,0.0,0.0,0,0,0.6,0.68
2026/04/16 09:04:28,00217,中国诚通发展集团,CHINA CHENGTONG,,0.149,0.0,0.0,0.149,0.0,0.0,0.0,0,0,0.143,0.156
2026/04/16 09:00:04,00218,申万宏源香港,SWHYHK,,1.13,0.0,0.0,1.13,0.0,0.0,0.0,0,0,1.13,1.2
2026/04/16 09:00:38,00219,顺豪物业,SHUNHO PROPERTY,,0.72,0.0,0.0,0.72,0.0,0.0,0.0,0,0,0.68,0.73
2026/04/16 09:04:37,00220,统一企业中国,U-PRESID CHINA,,7.88,0.0,0.0,7.88,0.0,0.0,0.0,0,0,8.01,8.01
2026/04/16 09:00:36,00222,闽信集团,MIN XIN HOLD,,2.61,0.0,0.0,2.61,0.0,0.0,0.0,0,0,2.56,2.72
2026/04/16 09:04:12,00223,易生活控股,ELIFE HLDGS,,0.138,0.0,0.0,0.138,0.0,0.0,0.0,0,0,0.133,0.142
2026/04/16 09:05:39,00224,建生国际,PIONEER GLOBAL,,0.59,0.0,0.0,0.59,0.0,0.0,0.0,504658,282608,0.54,0.63
2026/04/16 09:01:03,00225,博富临置业,POKFULAM,,5.79,0.0,0.0,5.79,0.0,0.0,0.0,0,0,5.22,5.8
2026/04/16 09:00:00,00227,第一上海,FIRST SHANGHAI,,0.219,0.0,0.0,0.219,0.0,0.0,0.0,0,0,0.202,0.23
2026/04/16 09:07:12,00228,中能控股,CHINA ENERGY,,1.65,0.0,0.0,1.65,0.0,0.0,0.0,0,0,1.63,1.65
2026/04/16 09:04:24,00229,利民实业,RAYMOND IND,,0.88,0.0,0.0,0.88,0.0,0.0,0.0,0,0,0.85,0.92
2026/04/16 09:02:55,00232,大陆航空科技控股,CON AERO TECH,,0.152,0.0,0.0,0.152,0.0,0.0,0.0,0,0,0.15,0.156
2026/04/16 09:00:08,00234,新世纪集团,NEW CENTURY GP,,0.035,0.0,0.0,0.035,0.0,0.0,0.0,0,0,0.031,0.04
2026/04/16 09:00:32,00235,中策资本控股,CSC HOLDINGS,,0.025,0.0,0.0,0.025,0.0,0.0,0.0,0,0,0.025,0.025
2026/04/16 09:04:27,00236,香港生力啤,SAN MIGUEL HK,,1.24,0.0,0.0,1.24,0.0,0.0,0.0,0,0,1.22,1.35
2026/04/16 09:00:08,00237,安全货仓,SAFETY GODOWN,,2.23,0.0,0.0,2.23,0.0,0.0,0.0,0,0,2.17,2.23
2026/04/16 09:00:06,00239,白花油,PAK FAH YEOW,,2.45,0.0,0.0,2.45,0.0,0.0,0.0,0,0,2.42,2.5
2026/04/16 09:04:17,00240,利基控股,BUILD KING HOLD,,1.82,0.0,0.0,1.82,0.0,0.0,0.0,0,0,1.8,1.82
2026/04/16 09:10:00,00241,阿里健康,ALI HEALTH,,4.61,0.0,0.0,4.61,0.0,0.0,0.0,0,0,4.61,4.61
2026/04/16 09:00:00,00242,信德集团,SHUN TAK HOLD,,0.58,0.0,0.0,0.58,0.0,0.0,0.0,0,0,0.57,0.58
2026/04/16 09:04:27,00243,QPL INT'L,QPL INT'L,,0.385,0.0,0.0,0.385,0.0,0.0,0.0,0,0,0.355,0.43
2026/04/16 09:00:04,00244,先施,SINCERE,,0.31,0.0,0.0,0.31,0.0,0.0,0.0,0,0,0.305,0.315
2026/04/16 09:04:41,00245,中薇金融,CHINA VERED FIN,,1.03,0.0,0.0,1.03,0.0,0.0,0.0,0,0,1.01,1.02
2026/04/16 09:10:28,00247,TST PROPERTIES,TST PROPERTIES,,19.35,0.0,0.0,19.35,0.0,0.0,0.0,0,0,18.9,20.3
2026/04/16 09:00:02,00248,香港通讯国际控股,HKC INT'L HOLD,,0.28,0.0,0.0,0.28,0.0,0.0,0.0,0,0,0.265,0.285
2026/04/16 09:01:06,00251,爪哇控股,SEA HOLDINGS,,1.39,0.0,0.0,1.39,0.0,0.0,0.0,0,0,1.33,1.46
2026/04/16 08:55:00,00252,华信地产财务,SE ASIA PPT,,1.6,0.0,0.0,1.6,0.0,0.0,0.0,0,0,0.0,0.0
2026/04/16 09:00:20,00253,顺豪控股,SHUNHO HOLDINGS,,0.68,0.0,0.0,0.68,0.0,0.0,0.0,0,0,0.66,0.74
2026/04/16 09:04:53,00254,国家联合资源,NUR HOLDINGS,,0.63,0.0,0.0,0.63,0.0,0.0,0.0,0,0,0.0,0.71
2026/04/16 09:04:00,00255,龙记集团,LUNG KEE,,1.52,0.0,0.0,1.52,0.0,0.0,0.0,0,0,1.5,1.58
2026/04/16 09:00:16,00256,冠城钟表珠宝,CITYCHAMP,,0.082,0.0,0.0,0.082,0.0,0.0,0.0,0,0,0.081,0.082
2026/04/16 09:00:48,00257,光大环境,EB ENVIRONMENT,,5.49,0.0,0.0,5.49,0.0,0.0,0.0,222,1209,5.42,5.42
2026/04/16 09:00:40,00258,汤臣集团,TOMSON GROUP,,2.31,0.0,0.0,2.31,0.0,0.0,0.0,0,0,2.31,2.4
2026/04/16 09:07:30,00259,亿都（国际控股）,YEEBO (INT'L H),,3.08,0.0,0.0,3.08,0.0,0.0,0.0,0,0,3.01,3.29
2026/04/16 09:00:30,00261,ＧＢＡ集团,GBA HOLDINGS,,0.28,0.0,0.0,0.28,0.0,0.0,0.0,0,0,0.255,0.28
2026/04/16 09:00:04,00262,迪臣发展国际,DESON DEV INT'L,,0.083,0.0,0.0,0.083,0.0,0.0,0.0,0,0,0.078,0.092
2026/04/16 09:04:37,00264,中联发展控股,CN INT DEV CORP,,1.7,0.0,0.0,1.7,0.0,0.0,0.0,0,0,1.53,1.75
2026/04/16 09:01:06,00265,港誉智慧城市服务,GANGYU SERVICES,,1.7,0.0,0.0,1.7,0.0,0.0,0.0,0,0,1.55,1.75
2026/04/16 09:00:00,00266,天德地产,TIAN TECK LAND,,1.95,0.0,0.0,1.95,0.0,0.0,0.0,0,0,1.92,1.95
2026/04/16 09:10:20,00267,中信股份,CITIC,,13.07,0.0,0.0,13.07,0.0,0.0,0.0,0,0,12.8,12.8
2026/04/16 09:10:20,00268,金蝶国际,KINGDEE INT'L,,8.47,0.0,0.0,8.47,0.0,0.0,0.0,1409600,11909146,8.76,8.76
2026/04/16 09:00:00,00269,中国资源交通,CRTG,,0.01,0.0,0.0,0.01,0.0,0.0,0.0,0,0,0.0,0.01
2026/04/16 09:03:55,00270,粤海投资,GUANGDONG INV,,8.17,0.0,0.0,8.17,0.0,0.0,0.0,0,0,8.11,8.26
2026/04/16 09:02:44,00271,亚证地产,ASIASEC PPT,,0.173,0.0,0.0,0.173,0.0,0.0,0.0,0,0,0.154,0.173
2026/04/16 08:59:58,00272,瑞安房地产,SHUI ON LAND,,0.53,0.0,0.0,0.53,0.0,0.0,0.0,0,0,0.53,0.54
2026/04/16 08:55:00,00274,复兴亚洲,RA SILK ROAD,,0.49,0.0,0.0,0.49,0.0,0.0,0.0,0,0,0.0,0.0
2026/04/16 09:03:35,00276,蒙古能源,MONGOLIA ENERGY,,0.59,0.0,0.0,0.59,0.0,0.0,0.0,0,0,0.54,0.64
2026/04/16 09:00:16,00277,太兴置业,TERN PROPERTIES,,1.55,0.0,0.0,1.55,0.0,0.0,0.0,0,0,0.0,1.55
2026/04/16 09:08:16,00279,裕承科金,ARTA TECHFIN,,0.55,0.0,0.0,0.55,0.0,0.0,0.0,0,0,0.55,0.59
2026/04/16 09:00:18,00280,景福集团,KING FOOK HOLD,,0.5,0.0,0.0,0.5,0.0,0.0,0.0,0,0,0.5,0.51
2026/04/16 09:10:00,00285,比亚迪电子,BYD ELECTRONIC,,28.0,0.0,0.0,28.0,0.0,0.0,0.0,0,0,28.44,28.44
2026/04/16 08:55:00,00286,爱帝宫,AIDIGONG,,1.31,0.0,0.0,1.31,0.0,0.0,0.0,0,0,0.0,0.0
2026/04/16 09:00:34,00287,永发置业,WINFAIR INV,,4.1,0.0,0.0,4.1,0.0,0.0,0.0,0,0,4.08,0.0
2026/04/16 09:10:00,00288,万洲国际,WH GROUP,,10.64,0.0,0.0,10.64,0.0,0.0,0.0,4339500,46166679,10.58,10.58
2026/04/16 09:00:00,00289,WING ON CO,WING ON CO,,14.8,0.0,0.0,14.8,0.0,0.0,0.0,0,0,14.1,15.8
2026/04/16 09:09:00,00290,国富量子,GOFINTECH QUANT,,7.44,0.0,0.0,7.44,0.0,0.0,0.0,0,0,7.6,7.6
2026/04/16 09:04:28,00291,华润啤酒,CHINA RES BEER,,26.28,0.0,0.0,26.28,0.0,0.0,0.0,44,1156,26.28,26.28
2026/04/16 09:04:57,00293,国泰航空,CATHAY PAC AIR,,11.82,0.0,0.0,11.82,0.0,0.0,0.0,0,0,11.82,11.89
2026/04/16 09:01:06,00294,长江制衣,YANGTZEKIANG,,0.82,0.0,0.0,0.82,0.0,0.0,0.0,0,0,0.73,0.83
2026/04/16 09:00:00,00295,江山控股,KONG SUN HOLD,,0.025,0.0,0.0,0.025,0.0,0.0,0.0,0,0,0.023,0.026
2026/04/16 09:07:22,00296,英皇娱乐酒店,EMPEROR E HOTEL,,0.228,0.0,0.0,0.228,0.0,0.0,0.0,0,0,0.228,0.245
2026/04/16 09:00:00,00297,中化化肥,SINOFERT,,1.56,0.0,0.0,1.56,0.0,0.0,0.0,0,0,1.57,1.57
2026/04/16 09:00:20,00298,庄士中国,CHUANG'S CHINA,,0.107,0.0,0.0,0.107,0.0,0.0,0.0,0,0,0.106,0.112
2026/04/16 08:55:00,00299,宝新置地,GLORY SUN LAND,,0.106,0.0,0.0,0.106,0.0,0.0,0.0,0,0,0.0,0.0
2026/04/16 09:11:06,00300,美的集团,MIDEA GROUP,,86.35,0.0,0.0,86.35,0.0,0.0,0.0,200,17270,85.35,85.35
2026/04/16 09:04:12,00301,三和精化,SANVO CHEMICALS,,1.87,0.0,0.0,1.87,0.0,0.0,0.0,0,0,1.67,0.0
2026/04/16 09:00:30,00302,中手游,CMGE,,0.242,0.0,0.0,0.242,0.0,0.0,0.0,0,0,0.239,0.248
2026/04/16 09:09:24,00303,VTECH HOLDINGS,VTECH HOLDINGS,,61.15,0.0,0.0,61.15,0.0,0.0,0.0,0,0,60.8,61.6
2026/04/16 09:10:15,00305,五菱汽车,WULING MOTORS,,0.47,0.0,0.0,0.47,0.0,0.0,0.0,0,0,0.46,0.475
2026/04/16 09:09:15,00306,冠忠巴士集团,KWOON CHUNG BUS,,2.41,0.0,0.0,2.41,0.0,0.0,0.0,0,0,2.36,2.47
2026/04/16 09:03:08,00308,香港中旅,CHINA TRAVEL HK,,1.17,0.0,0.0,1.17,0.0,0.0,0.0,0,0,1.16,1.17
2026/04/16 09:06:46,00309,新华通讯频媒,XH NEWS MEDIA,,0.031,0.0,0.0,0.031,0.0,0.0,0.0,0,0,0.03,0.033
2026/04/16 09:04:04,00310,嘉进投资国际,PROSP INV HOLD,,0.175,0.0,0.0,0.175,0.0,0.0,0.0,0,0,0.17,0.198
2026/04/16 09:00:10,00311,联泰控股,LUEN THAI,,0.249,0.0,0.0,0.249,0.0,0.0,0.0,0,0,0.215,0.249
2026/04/16 09:04:14,00312,岁宝百货,SHIRBLE STORE,,0.054,0.0,0.0,0.054,0.0,0.0,0.0,0,0,0.054,0.0
2026/04/16 09:03:58,00313,裕田中国,RICHLY FIELD,,0.072,0.0,0.0,0.072,0.0,0.0,0.0,0,0,0.071,0.078
2026/04/16 09:01:29,00314,思派健康,SIPAI HEALTH,,1.95,0.0,0.0,1.95,0.0,0.0,0.0,0,0,1.94,2.07
2026/04/16 09:04:31,00315,数码通电讯,SMARTONE TELE,,4.97,0.0,0.0,4.97,0.0,0.0,0.0,0,0,4.94,4.97
2026/04/16 09:04:32,00316,东方海外国际,OOIL,,144.3,0.0,0.0,144.3,0.0,0.0,0.0,0,0,143.0,146.0
2026/04/16 09:06:32,00317,中船防务,COMEC,,14.32,0.0,0.0,14.32,0.0,0.0,0.0,0,0,14.32,14.6
2026/04/16 09:00:10,00318,黄河实业,VONGROUP,,0.64,0.0,0.0,0.64,0.0,0.0,0.0,0,0,0.61,0.67
2026/04/16 09:10:06,00320,金宝通,COMPUTIME,,0.45,0.0,0.0,0.45,0.0,0.0,0.0,0,0,0.445,0.495
2026/04/16 09:07:30,00321,德永佳集团,TEXWINCA HOLD,,1.28,0.0,0.0,1.28,0.0,0.0,0.0,0,0,1.3,1.3
2026/04/16 09:08:40,00322,康师傅控股,TINGYI,,13.25,0.0,0.0,13.25,0.0,0.0,0.0,0,0,13.25,13.25
2026/04/16 09:00:00,00323,马鞍山钢铁股份,MAANSHAN IRON,,2.67,0.0,0.0,2.67,0.0,0.0,0.0,0,0,2.66,2.69
2026/04/16 09:00:30,00325,布鲁可,BLOKS,,59.85,0.0,0.0,59.85,0.0,0.0,0.0,0,0,60.0,60.0
2026/04/16 09:07:34,00326,中国星集团,CHINA STAR ENT,,7.06,0.0,0.0,7.06,0.0,0.0,0.0,0,0,7.08,7.08
2026/04/16 09:03:32,00327,百富环球,PAX GLOBAL,,4.01,0.0,0.0,4.01,0.0,0.0,0.0,0,0,3.95,4.17
2026/04/16 09:01:07,00328,ALCO HOLDINGS,ALCO HOLDINGS,,0.67,0.0,0.0,0.67,0.0,0.0,0.0,0,0,0.66,0.67
2026/04/16 09:04:26,00329,东建国际,OCI INTL,,0.265,0.0,0.0,0.265,0.0,0.0,0.0,0,0,0.26,0.275
2026/04/16 09:02:56,00331,丰盛生活服务,FSE LIFESTYLE,,5.64,0.0,0.0,5.64,0.0,0.0,0.0,0,0,5.6,5.69
2026/04/16 09:00:42,00332,元亨燃气,YUANHENG GAS,,0.017,0.0,0.0,0.017,0.0,0.0,0.0,0,0,0.017,0.018
2026/04/16 09:00:12,00333,黛丽斯国际,TOP FORM INT'L,,0.218,0.0,0.0,0.218,0.0,0.0,0.0,0,0,0.21,0.0
2026/04/16 09:04:51,00334,华显光电,CH DISPLAY OPT,,0.375,0.0,0.0,0.375,0.0,0.0,0.0,0,0,0.35,0.38
2026/04/16 09:04:26,00335,美建集团,UPBEST GROUP,,0.65,0.0,0.0,0.65,0.0,0.0,0.0,0,0,0.64,0.71
2026/04/16 09:10:34,00336,华宝国际,HUABAO INTL,,4.25,0.0,0.0,4.25,0.0,0.0,0.0,0,0,4.33,4.33
2026/04/16 09:00:12,00337,绿地香港,GREENLAND HK,,0.198,0.0,0.0,0.198,0.0,0.0,0.0,0,0,0.193,0.215
2026/04/16 09:00:00,00338,上海石油化工股份,SHANGHAI PECHEM,,1.27,0.0,0.0,1.27,0.0,0.0,0.0,0,0,1.27,1.28
2026/04/16 08:55:00,00339,中国科创产业投资,CN SCI-TECH IND,,0.62,0.0,0.0,0.62,0.0,0.0,0.0,0,0,0.0,0.0
2026/04/16 09:00:04,00340,潼关黄金,TONGGUAN GOLD,,3.2,0.0,0.0,3.2,0.0,0.0,0.0,0,0,3.18,3.21
2026/04/16 09:04:59,00341,大家乐集团,CAFE DE CORAL H,,4.03,0.0,0.0,4.03,0.0,0.0,0.0,0,0,4.02,4.02
2026/04/16 09:06:10,00343,文化传信,CULTURECOM HOLD,,0.129,0.0,0.0,0.129,0.0,0.0,0.0,0,0,0.122,0.144
2026/04/16 09:10:45,00345,VITASOY INT'L,VITASOY INT'L,,6.28,0.0,0.0,6.28,0.0,0.0,0.0,0,0,6.25,6.42
2026/04/16 09:04:35,00346,延长石油国际,YANCHANG PETRO,,0.41,0.0,0.0,0.41,0.0,0.0,0.0,0,0,0.39,0.42
2026/04/16 09:07:08,00347,鞍钢股份,ANGANG STEEL,,1.57,0.0,0.0,1.57,0.0,0.0,0.0,0,0,1.56,1.57
2026/04/16 09:04:29,00348,中国智能健康,CHINAHEALTHWISE,,0.083,0.0,0.0,0.083,0.0,0.0,0.0,0,0,0.077,0.089
2026/04/16 09:04:28,00351,亚洲能源物流,ASIA ENERGY LOG,,0.255,0.0,0.0,0.255,0.0,0.0,0.0,0,0,0.25,0.275
2026/04/16 08:55:00,00352,富阳,FORTUNE SUN,,0.36,0.0,0.0,0.36,0.0,0.0,0.0,0,0,0.0,0.0
2026/04/16 09:04:43,00353,能源国际投资,ENERGY INTINV,,0.41,0.0,0.0,0.41,0.0,0.0,0.0,0,0,0.385,0.43
2026/04/16 09:09:04,00354,中国软件国际,CHINASOFT INT'L,,3.58,0.0,0.0,3.58,0.0,0.0,0.0,0,0,3.58,3.6
2026/04/16 09:01:26,00355,世纪城市国际,CENTURY C INT'L,,0.07,0.0,0.0,0.07,0.0,0.0,0.0,0,0,0.07,0.071
2026/04/16 09:06:56,00356,鼎立资本,DT CAPITAL,,0.062,0.0,0.0,0.062,0.0,0.0,0.0,0,0,0.061,0.063
2026/04/16 09:00:04,00357,美兰空港,MEILAN AIRPORT,,6.38,0.0,0.0,6.38,0.0,0.0,0.0,0,0,6.36,6.48
2026/04/16 09:05:04,00358,江西铜业股份,JIANGXI COPPER,,39.18,0.0,0.0,39.18,0.0,0.0,0.0,0,0,39.0,39.0
2026/04/16 09:00:20,00360,新焦点,NEW FOCUS AUTO,,0.043,0.0,0.0,0.043,0.0,0.0,0.0,0,0,0.042,0.045
2026/04/16 09:08:34,00361,汉成发展控股,HANFORT DEV H,,0.063,0.0,0.0,0.063,0.0,0.0,0.0,0,0,0.061,0.063
2026/04/16 08:55:00,00362,中国天化工,C ZENITH CHEM,,0.015,0.0,0.0,0.015,0.0,0.0,0.0,0,0,0.0,0.0
2026/04/16 09:01:00,00363,上海实业控股,SHANGHAI IND H,,14.14,0.0,0.0,14.14,0.0,0.0,0.0,0,0,14.08,14.22
2026/04/16 09:04:27,00365,芯成科技,SINO ICT,,0.27,0.0,0.0,0.27,0.0,0.0,0.0,0,0,0.26,0.295
2026/04/16 09:00:10,00366,陆氏集团（越南）,LUKS GROUP (VN),,0.92,0.0,0.0,0.92,0.0,0.0,0.0,0,0,0.9,0.92
2026/04/16 09:09:56,00367,庄士机构国际,CHUANG'S INT'L,,0.295,0.0,0.0,0.295,0.0,0.0,0.0,0,0,0.285,0.0
2026/04/16 09:04:19,00368,德合集团,SUPERLAND GROUP,,0.77,0.0,0.0,0.77,0.0,0.0,0.0,0,0,0.74,0.77
2026/04/16 09:00:22,00369,永泰地产,WING TAI PPT,,2.11,0.0,0.0,2.11,0.0,0.0,0.0,0,0,2.1,2.25
2026/04/16 09:09:38,00370,港仔机器人,HK ROBOTICS,,0.7,0.0,0.0,0.7,0.0,0.0,0.0,0,0,0.72,0.72
2026/04/16 09:00:00,00371,北控水务集团,BJ ENT WATER,,2.72,0.0,0.0,2.72,0.0,0.0,0.0,0,0,2.7,2.73
2026/04/16 09:00:06,00372,保德国际发展,PT INTL DEV,,0.26,0.0,0.0,0.26,0.0,0.0,0.0,0,0,0.0,0.265
2026/04/16 09:07:56,00373,联合集团,ALLIED GROUP,,2.75,0.0,0.0,2.75,0.0,0.0,0.0,0,0,2.74,2.76
2026/04/16 09:04:27,00374,四洲集团,FOUR SEAS MER,,2.52,0.0,0.0,2.52,0.0,0.0,0.0,0,0,2.51,2.64
2026/04/16 09:04:25,00375,YGM TRADING,YGM TRADING,,0.99,0.0,0.0,0.99,0.0,0.0,0.0,0,0,0.97,1.05
2026/04/16 09:04:36,00376,云锋金融,YUNFENG FIN,,2.86,0.0,0.0,2.86,0.0,0.0,0.0,0,0,2.86,2.87
2026/04/16 08:55:00,00377,中国华君,CHINA HUAJUN GP,,1.0,0.0,0.0,1.0,0.0,0.0,0.0,0,0,0.0,0.0
2026/04/16 09:04:37,00379,恒嘉融资租赁,EG LEASING,,0.064,0.0,0.0,0.064,0.0,0.0,0.0,0,0,0.062,0.07
2026/04/16 09:03:44,00380,中国管业,CHINA PIPE,,0.122,0.0,0.0,0.122,0.0,0.0,0.0,0,0,0.121,0.0
2026/04/16 09:01:01,00381,权识国际,AOM INT'L,,0.5,0.0,0.0,0.5,0.0,0.0,0.0,0,0,0.5,0.5
2026/04/16 09:05:00,00382,中汇集团,EDVANTAGE GROUP,,0.97,0.0,0.0,0.97,0.0,0.0,0.0,0,0,0.97,0.97
2026/04/16 09:02:56,00383,天安卓健,TIANAN MEDICARE,,1.1,0.0,0.0,1.1,0.0,0.0,0.0,0,0,1.09,1.2
2026/04/16 09:08:54,00384,中国燃气,CHINA GAS HOLD,,7.35,0.0,0.0,7.35,0.0,0.0,0.0,0,0,7.3,7.38
2026/04/16 09:04:27,00385,建联集团,CHINNEY ALLI,,0.325,0.0,0.0,0.325,0.0,0.0,0.0,0,0,0.325,0.36
2026/04/16 09:09:58,00386,中国石油化工股份,SINOPEC CORP,,4.54,0.0,0.0,4.54,0.0,0.0,0.0,6294000,28766727,4.55,4.55
2026/04/16 09:01:08,00387,力丰（集团）,LEEPORT(HOLD),,0.74,0.0,0.0,0.74,0.0,0.0,0.0,0,0,0.7,0.8
2026/04/16 09:08:16,00388,香港交易所,HKEX,,414.0,0.0,0.0,414.0,0.0,0.0,0.0,26000,10813096,416.79999,416.79999
2026/04/16 09:04:31,00389,通天酒业,TONTINE WINES,,0.29,0.0,0.0,0.29,0.0,0.0,0.0,0,0,0.27,0.0
2026/04/16 09:01:10,00390,中国中铁,CHINA RAILWAY,,4.08,0.0,0.0,4.08,0.0,0.0,0.0,0,0,4.13,4.13
2026/04/16 09:00:10,00391,美亚娱乐资讯,MEI AH ENTER,,0.1,0.0,0.0,0.1,0.0,0.0,0.0,0,0,0.096,0.1
2026/04/16 09:10:10,00392,北京控股,BEIJING ENT,,31.14,0.0,0.0,31.14,0.0,0.0,0.0,0,0,31.28,31.28
2026/04/16 09:00:00,00393,旭日企业,GLORIOUS SUN,,1.4,0.0,0.0,1.4,0.0,0.0,0.0,0,0,1.39,1.4
2026/04/16 09:06:16,00396,兴利（香港）控股,HING LEE (HK),,0.425,0.0,0.0,0.425,0.0,0.0,0.0,0,0,0.4,0.485
2026/04/16 09:00:00,00397,嬴集团,MINERVA GROUP,,0.047,0.0,0.0,0.047,0.0,0.0,0.0,0,0,0.045,0.047
2026/04/16 09:04:46,00398,东方表行集团,ORIENTAL WATCH,,3.3,0.0,0.0,3.3,0.0,0.0,0.0,0,0,3.31,3.33
2026/04/16 09:04:13,00399,星太链集团,STARCOIN GROUP,,0.123,0.0,0.0,0.123,0.0,0.0,0.0,0,0,0.12,0.127
2026/04/16 09:00:08,00400,硬蛋创新,INGDAN,,2.23,0.0,0.0,2.23,0.0,0.0,0.0,0,0,2.22,2.26
2026/04/16 09:03:37,00401,万嘉集团,WANJIA GROUP,,0.19,0.0,0.0,0.19,0.0,0.0,0.0,0,0,0.165,0.195
2026/04/16 09:00:15,00403,星光集团,STARLITE HOLD,,0.152,0.0,0.0,0.152,0.0,0.0,0.0,0,0,0.151,0.163
2026/04/16 09:01:09,00406,有利集团,YAU LEE HOLD,,0.72,0.0,0.0,0.72,0.0,0.0,0.0,0,0,0.69,0.8
2026/04/16 09:00:26,00408,叶氏化工集团,YIP'S CHEMICAL,,2.41,0.0,0.0,2.41,0.0,0.0,0.0,0,0,2.43,2.45
2026/04/16 09:00:32,00410,ＳＯＨＯ中国,SOHO CHINA,,0.44,0.0,0.0,0.44,0.0,0.0,0.0,0,0,0.435,0.435
2026/04/16 09:01:09,00411,南顺（香港）,LAM SOON (HK),,12.7,0.0,0.0,12.7,0.0,0.0,0.0,0,0,12.2,12.7
2026/04/16 09:07:54,00412,山高控股,SDHG,,1.31,0.0,0.0,1.31,0.0,0.0,0.0,0,0,1.32,1.32
2026/04/16 09:03:28,00413,南华集团控股,SC HOLDINGS,,0.026,0.0,0.0,0.026,0.0,0.0,0.0,0,0,0.024,0.026
2026/04/16 09:07:58,00417,谢瑞麟,TSE SUI LUEN,,0.8,0.0,0.0,0.8,0.0,0.0,0.0,0,0,0.76,0.81
2026/04/16 09:06:30,00418,方正控股,FOUNDER HOLD,,0.71,0.0,0.0,0.71,0.0,0.0,0.0,0,0,0.7,0.0
2026/04/16 09:00:36,00419,弘毅文化集团,HONY MEDIA,,0.31,0.0,0.0,0.31,0.0,0.0,0.0,0,0,0.28,0.35
2026/04/16 09:00:08,00420,福田实业,FOUNTAIN SET,,0.71,0.0,0.0,0.71,0.0,0.0,0.0,0,0,0.71,0.71
2026/04/16 09:00:14,00422,越南制造加工出口,VMEP HOLDINGS,,0.3,0.0,0.0,0.3,0.0,0.0,0.0,0,0,0.28,0.305
2026/04/16 09:00:12,00423,经济日报集团,HKET HOLDINGS,,0.79,0.0,0.0,0.79,0.0,0.0,0.0,0,0,0.76,0.79
2026/04/16 09:09:38,00425,敏实集团,MINTH GROUP,,36.2,0.0,0.0,36.2,0.0,0.0,0.0,0,0,36.86,36.86
2026/04/16 09:10:32,00426,万华媒体,ONE MEDIA GROUP,,0.105,0.0,0.0,0.105,0.0,0.0,0.0,0,0,0.095,0.113
2026/04/16 09:04:07,00428,中国天弓控股,COCOON HOLDINGS,,0.22,0.0,0.0,0.22,0.0,0.0,0.0,0,0,0.216,0.24
2026/04/16 09:05:01,00430,东方兴业控股,ORIENTAL EXPL,,0.38,0.0,0.0,0.38,0.0,0.0,0.0,0,0,0.34,0.385
2026/04/16 08:55:00,00431,大中华金融,G CHINA FIN,,0.01,0.0,0.0,0.01,0.0,0.0,0.0,0,0,0.0,0.0
2026/04/16 09:03:38,00432,盈大地产,PCPD,,0.26,0.0,0.0,0.26,0.0,0.0,0.0,0,0,0.255,0.265
2026/04/16 09:00:08,00433,北方矿业,NORTH MINING,,0.072,0.0,0.0,0.072,0.0,0.0,0.0,0,0,0.07,0.072
2026/04/16 09:00:51,00434,博雅互动,BOYAA,,2.86,0.0,0.0,2.86,0.0,0.0,0.0,0,0,2.82,2.86
2026/04/16 09:04:14,00436,新宇环保,NU ENVIRO,,0.063,0.0,0.0,0.063,0.0,0.0,0.0,0,0,0.056,0.0
2026/04/16 09:00:02,00438,彩虹新能源,IRICO NEWENERGY,,1.7,0.0,0.0,1.7,0.0,0.0,0.0,0,0,1.66,1.74
2026/04/16 09:04:44,00439,瀚源控股,GENESIS SCALE,,0.75,0.0,0.0,0.75,0.0,0.0,0.0,0,0,0.73,0.8
2026/04/16 09:05:16,00440,大新金融,DAH SING,,41.96,0.0,0.0,41.96,0.0,0.0,0.0,0,0,41.28,42.28
2026/04/16 09:03:54,00442,域能控股,DOMAINE POWER,,0.77,0.0,0.0,0.77,0.0,0.0,0.0,0,0,0.77,0.82
2026/04/16 08:55:00,00444,SINCEREWATCH HK,SINCEREWATCH HK,,0.01,0.0,0.0,0.01,0.0,0.0,0.0,0,0,0.0,0.0
2026/04/16 09:04:00,00450,鸿兴印刷集团,HUNG HING PRINT,,0.82,0.0,0.0,0.82,0.0,0.0,0.0,0,0,0.82,0.84
2026/04/16 09:00:04,00451,协鑫新能源,GCL NEWENERGY,,1.08,0.0,0.0,1.08,0.0,0.0,0.0,0,0,1.07,1.13
2026/04/16 09:00:26,00455,天大药业,TIANDA PHARMA,,0.098,0.0,0.0,0.098,0.0,0.0,0.0,0,0,0.0,0.105
2026/04/16 09:02:59,00456,新城市建设发展,NEW CITY DEV,,0.495,0.0,0.0,0.495,0.0,0.0,0.0,0,0,0.44,0.52
2026/04/16 09:00:34,00458,联亚集团,TRISTATE HOLD,,2.05,0.0,0.0,2.05,0.0,0.0,0.0,0,0,1.82,2.12
2026/04/16 09:10:00,00460,四环医药,SIHUAN PHARM,,1.45,0.0,0.0,1.45,0.0,0.0,0.0,0,0,1.45,1.46
2026/04/16 09:02:08,00464,中国智能科技,CHINA IN-TECH,,0.78,0.0,0.0,0.78,0.0,0.0,0.0,0,0,0.76,0.88
2026/04/16 09:04:27,00465,富通科技,FUTONG TECH,,0.6,0.0,0.0,0.6,0.0,0.0,0.0,0,0,0.57,0.63
2026/04/16 09:10:28,00467,联合能源集团,UNITEDENERGY GP,,0.53,0.0,0.0,0.53,0.0,0.0,0.0,0,0,0.52,0.52
2026/04/16 08:55:00,00468,纷美包装,GAPACK,,2.28,0.0,0.0,2.28,0.0,0.0,0.0,0,0,0.0,0.0
2026/04/16 09:04:26,00470,先导智能,WUXI LEAD,,48.84,0.0,0.0,48.84,0.0,0.0,0.0,12000,628341,48.84,48.84
2026/04/16 09:07:42,00471,中播数据,SILKWAVE INC,,0.64,0.0,0.0,0.64,0.0,0.0,0.0,0,0,0.65,0.65
2026/04/16 09:04:27,00472,新丝路控股集团,NEW SILKROAD,,0.28,0.0,0.0,0.28,0.0,0.0,0.0,0,0,0.27,0.3
2026/04/16 09:07:22,00474,信铭生命科技,ACESO LIFE SCI,,0.12,0.0,0.0,0.12,0.0,0.0,0.0,0,0,0.109,0.12
2026/04/16 09:00:00,00475,中发展控股,CENTRAL DEV H,,0.355,0.0,0.0,0.355,0.0,0.0,0.0,0,0,0.305,0.355
2026/04/16 09:00:10,00476,科轩动力控股,EV DYNAMICS,,0.5,0.0,0.0,0.5,0.0,0.0,0.0,0,0,0.48,0.54
2026/04/16 09:00:00,00480,香港兴业国际,HKR INT'L,,1.17,0.0,0.0,1.17,0.0,0.0,0.0,0,0,1.14,1.2
2026/04/16 09:10:24,00482,圣马丁国际（新）,SANDMARTIN-NEW,,0.85,0.0,0.0,0.85,0.0,0.0,0.0,0,0,0.78,0.9
2026/04/16 09:01:43,00483,包浩斯国际,BAUHAUS INT'L,,0.249,0.0,0.0,0.249,0.0,0.0,0.0,0,0,0.246,0.28
2026/04/16 09:00:14,00484,云游控股,FORGAME,,0.75,0.0,0.0,0.75,0.0,0.0,0.0,0,0,0.75,0.78
2026/04/16 08:55:00,00485,中国华星,CHINASINOSTAR,,0.42,0.0,0.0,0.42,0.0,0.0,0.0,0,0,0.0,0.0
2026/04/16 09:00:16,00486,俄铝,RUSAL,,4.22,0.0,0.0,4.22,0.0,0.0,0.0,0,0,4.25,4.3
2026/04/16 09:03:26,00487,实德环球,SUCCESSUNIVERSE,,0.045,0.0,0.0,0.045,0.0,0.0,0.0,0,0,0.043,0.049
2026/04/16 09:04:27,00488,丽新发展,LAI SUN DEV,,0.93,0.0,0.0,0.93,0.0,0.0,0.0,0,0,0.93,0.93
2026/04/16 09:00:51,00491,英皇文化产业,EMPEROR CULTURE,,0.03,0.0,0.0,0.03,0.0,0.0,0.0,0,0,0.028,0.03
2026/04/16 09:00:06,00493,国美零售,GOME RETAIL,,0.014,0.0,0.0,0.014,0.0,0.0,0.0,0,0,0.014,0.014
2026/04/16 08:55:00,00495,PALADIN,PALADIN,,0.012,0.0,0.0,0.012,0.0,0.0,0.0,0,0,0.0,0.0
2026/04/16 09:04:20,00496,卡森国际,KASEN,,0.33,0.0,0.0,0.33,0.0,0.0,0.0,0,0,0.33,0.0
2026/04/16 09:07:54,00497,资本策略地产,CSI PROPERTIES,,0.209,0.0,0.0,0.209,0.0,0.0,0.0,0,0,0.203,0.214
2026/04/16 09:00:22,00498,蓝河控股,BLUE RIVER HLDG,,0.126,0.0,0.0,0.126,0.0,0.0,0.0,0,0,0.116,0.0
2026/04/16 09:04:25,00499,青岛控股,QINGDAO HLDGS,,0.114,0.0,0.0,0.114,0.0,0.0,0.0,0,0,0.104,0.117
2026/04/16 09:10:45,00500,先丰服务集团,FRONTIER SER,,0.068,0.0,0.0,0.068,0.0,0.0,0.0,0,0,0.07,0.077
2026/04/16 09:08:34,00501,豪威集团,OMNIVISION,,78.65,0.0,0.0,78.65,0.0,0.0,0.0,0,0,79.0,79.8
2026/04/16 09:01:27,00505,兴业合金,XINGYE ALLOY,,1.0,0.0,0.0,1.0,0.0,0.0,0.0,0,0,0.96,1.0
2026/04/16 09:01:33,00506,中国食品,CHINA FOODS,,3.69,0.0,0.0,3.69,0.0,0.0,0.0,0,0,3.69,3.73
2026/04/16 09:04:24,00508,鼎亿集团投资,DINGYI GP INV,,0.62,0.0,0.0,0.62,0.0,0.0,0.0,0,0,0.6,0.62
2026/04/16 08:55:00,00509,世纪阳光,SUNSHINE,,0.17,0.0,0.0,0.17,0.0,0.0,0.0,0,0,0.0,0.0
2026/04/16 09:01:10,00510,时富金融服务集团,CASH FIN SER GP,,0.51,0.0,0.0,0.51,0.0,0.0,0.0,0,0,0.5,0.52
2026/04/16 09:00:20,00511,电视广播,TVB,,2.92,0.0,0.0,2.92,0.0,0.0,0.0,0,0,2.89,2.93
2026/04/16 09:04:02,00512,远大医药,GRAND PHARMA,,6.81,0.0,0.0,6.81,0.0,0.0,0.0,0,0,6.88,6.88
2026/04/16 09:05:33,00513,恒和集团,CONTINENTAL H,,0.141,0.0,0.0,0.141,0.0,0.0,0.0,0,0,0.12,0.16
2026/04/16 08:55:00,00515,中华银科技,CHINASILVER TEC,,0.173,0.0,0.0,0.173,0.0,0.0,0.0,0,0,0.0,0.0
2026/04/16 09:00:30,00517,中远海运国际,COSCO SHIP INTL,,6.23,0.0,0.0,6.23,0.0,0.0,0.0,0,0,6.25,6.3
2026/04/16 09:04:02,00518,同得仕（集团）,TUNGTEX (HOLD),,0.185,0.0,0.0,0.185,0.0,0.0,0.0,0,0,0.185,0.195
2026/04/16 09:00:58,00519,诺科达科技,NOVAUTEK,,0.17,0.0,0.0,0.17,0.0,0.0,0.0,0,0,0.163,0.18
2026/04/16 09:00:05,00520,呷哺呷哺,XIABUXIABU,,0.445,0.0,0.0,0.445,0.0,0.0,0.0,0,0,0.435,0.465
2026/04/16 09:00:08,00521,CWT INT'L,CWT INT'L,,0.27,0.0,0.0,0.27,0.0,0.0,0.0,0,0,0.265,0.275
2026/04/16 09:01:59,00522,ASMPT,ASMPT,,126.8,0.0,0.0,126.8,0.0,0.0,0.0,0,0,125.0,125.0
2026/04/16 09:00:15,00524,长城天下,GW TERROIR,,0.7,0.0,0.0,0.7,0.0,0.0,0.0,0,0,0.6,0.7
2026/04/16 09:00:06,00525,广深铁路股份,GUANGSHEN RAIL,,2.25,0.0,0.0,2.25,0.0,0.0,0.0,0,0,2.24,2.27
2026/04/16 09:00:12,00526,利时集团控股,LISI GP HOLD,,0.103,0.0,0.0,0.103,0.0,0.0,0.0,0,0,0.102,0.109
2026/04/16 09:00:00,00527,瑞风新能源,RUIFENG RENEW,,0.67,0.0,0.0,0.67,0.0,0.0,0.0,0,0,0.66,0.67
2026/04/16 09:00:06,00528,金达控股,KINGDOM HOLDING,,1.24,0.0,0.0,1.24,0.0,0.0,0.0,0,0,1.23,1.3
2026/04/16 09:00:28,00529,SIS INT'L,SIS INT'L,,1.9,0.0,0.0,1.9,0.0,0.0,0.0,0,0,1.75,2.05
2026/04/16 09:00:28,00532,WKK INTL (HOLD),WKK INTL (HOLD),,0.255,0.0,0.0,0.255,0.0,0.0,0.0,0,0,0.25,0.28
2026/04/16 09:04:33,00533,金利来集团,GOLDLION HOLD,,1.0,0.0,0.0,1.0,0.0,0.0,0.0,0,0,1.05,1.05
2026/04/16 09:03:53,00535,金地商置,GEMDALE PPT,,0.12,0.0,0.0,0.12,0.0,0.0,0.0,0,0,0.115,0.131
2026/04/16 09:00:00,00536,贸易通,TRADELINK,,1.14,0.0,0.0,1.14,0.0,0.0,0.0,0,0,1.13,1.14
2026/04/16 09:01:11,00538,味千（中国）,AJISEN (CHINA),,0.99,0.0,0.0,0.99,0.0,0.0,0.0,0,0,0.98,1.0
2026/04/16 09:02:56,00540,迅捷环球控股,SPEEDY GLOBAL,,0.212,0.0,0.0,0.212,0.0,0.0,0.0,0,0,0.19,0.215
2026/04/16 09:04:27,00542,中国文旅农业,CN CULTURAL T&A,,1.0,0.0,0.0,1.0,0.0,0.0,0.0,0,0,0.0,1.12
2026/04/16 09:00:42,00543,太平洋网络,PACIFIC ONLINE,,0.325,0.0,0.0,0.325,0.0,0.0,0.0,0,0,0.325,0.37
2026/04/16 09:05:33,00544,大同集团,DAIDO GROUP,,1.66,0.0,0.0,1.66,0.0,0.0,0.0,0,0,1.55,1.72
2026/04/16 09:00:05,00546,阜丰集团,FUFENG GROUP,,7.04,0.0,0.0,7.04,0.0,0.0,0.0,0,0,7.04,7.05
2026/04/16 09:00:02,00547,数字王国,DIGITAL DOMAIN,,0.26,0.0,0.0,0.26,0.0,0.0,0.0,0,0,0.26,0.265
2026/04/16 09:10:20,00548,深圳高速公路股份,SHENZHENEXPRESS,,7.38,0.0,0.0,7.38,0.0,0.0,0.0,0,0,7.31,7.48
2026/04/16 09:04:42,00550,律齐文化,ALLEGRO CULTURE,,0.81,0.0,0.0,0.81,0.0,0.0,0.0,0,0,0.81,0.83
2026/04/16 09:05:12,00551,裕元集团,YUE YUEN IND,,15.9,0.0,0.0,15.9,0.0,0.0,0.0,0,0,15.82,16.18
2026/04/16 09:03:48,00552,中国通信服务,CHINACOMSERVICE,,4.22,0.0,0.0,4.22,0.0,0.0,0.0,0,0,4.2,4.26
2026/04/16 09:09:46,00553,南京熊猫电子股份,NANJING PANDA,,4.99,0.0,0.0,4.99,0.0,0.0,0.0,0,0,4.92,4.92
2026/04/16 09:00:05,00554,汉思集团控股,HANS GP HLDGS,,0.199,0.0,0.0,0.199,0.0,0.0,0.0,0,0,0.188,0.199
2026/04/16 09:00:02,00556,泛亚环保,PAN ASIA ENVIRO,,0.58,0.0,0.0,0.58,0.0,0.0,0.0,0,0,0.58,0.59
2026/04/16 09:07:26,00557,天元医疗,TIANYUAN HEALTH,,0.465,0.0,0.0,0.465,0.0,0.0,0.0,0,0,0.415,0.49
2026/04/16 09:00:32,00558,力劲科技,LK TECH,,2.9,0.0,0.0,2.9,0.0,0.0,0.0,0,0,2.99,2.99
2026/04/16 08:55:00,00559,德泰新能源集团,DETAI NEWENERGY,,0.126,0.0,0.0,0.126,0.0,0.0,0.0,0,0,0.0,0.0
2026/04/16 09:04:19,00560,珠江船务,CHU KONG SHIP,,0.71,0.0,0.0,0.71,0.0,0.0,0.0,0,0,0.69,0.71
2026/04/16 08:59:58,00563,上实城市开发,SH IND URBAN,,0.28,0.0,0.0,0.28,0.0,0.0,0.0,0,0,0.27,0.28
2026/04/16 09:00:02,00564,中创智领,ZCZL,,18.71,0.0,0.0,18.71,0.0,0.0,0.0,0,0,18.5,18.5
2026/04/16 09:01:22,00565,锦艺集团控股,ART GROUP HOLD,,2.72,0.0,0.0,2.72,0.0,0.0,0.0,0,0,2.72,2.8
2026/04/16 09:08:56,00567,大昌微线集团,DAISHOMICROLINE,,0.28,0.0,0.0,0.28,0.0,0.0,0.0,0,0,0.27,0.285
2026/04/16 09:10:26,00568,山东墨龙,SHANDONG MOLONG,,8.36,0.0,0.0,8.36,0.0,0.0,0.0,0,0,8.16,8.16
2026/04/16 09:10:00,00570,中国中药,TRAD CHI MED,,1.8,0.0,0.0,1.8,0.0,0.0,0.0,0,0,1.81,1.81
2026/04/16 09:06:56,00571,丰德丽控股,ESUN HOLDINGS,,0.046,0.0,0.0,0.046,0.0,0.0,0.0,0,0,0.042,0.049
2026/04/16 09:00:00,00572,未来世界控股,FW HOLDINGS,,0.43,0.0,0.0,0.43,0.0,0.0,0.0,0,0,0.385,0.0
2026/04/16 09:06:12,00573,稻香控股,TAO HEUNG HLDGS,,0.3,0.0,0.0,0.3,0.0,0.0,0.0,0,0,0.29,0.325
2026/04/16 09:03:53,00574,百信国际,PASHUN INT'L,,0.045,0.0,0.0,0.045,0.0,0.0,0.0,0,0,0.042,0.05
2026/04/16 09:04:26,00575,励晶太平洋,REGENT PACIFIC,,0.7,0.0,0.0,0.7,0.0,0.0,0.0,0,0,0.63,0.0
2026/04/16 09:09:48,00576,浙江沪杭甬,ZHEJIANGEXPRESS,,8.11,0.0,0.0,8.11,0.0,0.0,0.0,0,0,8.16,8.16
2026/04/16 09:00:12,00579,京能清洁能源,JNCEC,,2.27,0.0,0.0,2.27,0.0,0.0,0.0,0,0,2.27,2.28
2026/04/16 09:00:02,00580,赛晶科技,SUN.KING TECH,,1.56,0.0,0.0,1.56,0.0,0.0,0.0,0,0,1.54,1.57
2026/04/16 09:00:02,00581,中国东方集团,CHINA ORIENTAL,,1.34,0.0,0.0,1.34,0.0,0.0,0.0,0,0,1.34,1.36
2026/04/16 09:00:10,00582,神话世界,SHIN HWA WORLD,,0.12,0.0,0.0,0.12,0.0,0.0,0.0,0,0,0.112,0.137
2026/04/16 09:04:28,00583,长城环亚控股,GWPA HOLDINGS,,0.222,0.0,0.0,0.222,0.0,0.0,0.0,0,0,0.22,0.232
2026/04/16 09:02:30,00585,意力国际,IMAGI INT'L,,2.35,0.0,0.0,2.35,0.0,0.0,0.0,0,0,2.25,2.59
2026/04/16 09:10:02,00586,海螺创业,CONCH VENTURE,,11.92,0.0,0.0,11.92,0.0,0.0,0.0,950500,11316748,11.69,11.92
2026/04/16 09:00:00,00587,海螺环保,CONCH ENVIRO,,0.52,0.0,0.0,0.52,0.0,0.0,0.0,0,0,0.5,0.52
2026/04/16 09:05:12,00588,北京北辰实业股份,BEIJING N STAR,,0.81,0.0,0.0,0.81,0.0,0.0,0.0,0,0,0.82,0.82
2026/04/16 09:10:06,00590,六福集团,LUK FOOK HOLD,,23.24,0.0,0.0,23.24,0.0,0.0,0.0,0,0,23.0,23.38
2026/04/16 09:01:40,00591,中国高精密,C HIGHPRECISION,,0.213,0.0,0.0,0.213,0.0,0.0,0.0,0,0,0.212,0.23
2026/04/16 09:01:26,00595,AV CONCEPT HOLD,AV CONCEPT HOLD,,0.57,0.0,0.0,0.57,0.0,0.0,0.0,0,0,0.56,0.57
2026/04/16 09:04:08,00596,浪潮数字企业,INSPUR DIGI ENT,,2.44,0.0,0.0,2.44,0.0,0.0,0.0,0,0,2.4,2.4
2026/04/16 09:07:10,00598,中国外运,SINOTRANS,,5.05,0.0,0.0,5.05,0.0,0.0,0.0,0,0,5.0,5.12
2026/04/16 09:04:28,00599,怡邦行控股,E. BON HOLDINGS,,0.15,0.0,0.0,0.15,0.0,0.0,0.0,0,0,0.131,0.168
2026/04/16 09:06:30,00600,爱芯元智,AXERA,,20.22,0.0,0.0,20.22,0.0,0.0,0.0,0,0,20.92,20.92
2026/04/16 09:10:45,00601,稀镁科技,REMT,,0.074,0.0,0.0,0.074,0.0,0.0,0.0,0,0,0.073,0.082
2026/04/16 09:02:38,00602,佳华百货控股,JIAHUA STORES H,,0.04,0.0,0.0,0.04,0.0,0.0,0.0,0,0,0.035,0.04
2026/04/16 09:05:41,00603,中油燃气,CHINA OIL & GAS,,0.176,0.0,0.0,0.176,0.0,0.0,0.0,0,0,0.176,0.176
2026/04/16 09:10:00,00604,深圳控股,SHENZHEN INVEST,,0.78,0.0,0.0,0.78,0.0,0.0,0.0,0,0,0.78,0.78
2026/04/16 09:04:14,00605,中国金融投资管理,C FIN SERVICES,,0.87,0.0,0.0,0.87,0.0,0.0,0.0,0,0,0.8,0.87
2026/04/16 09:02:07,00606,中骏商管,SCE CM,,0.28,0.0,0.0,0.28,0.0,0.0,0.0,0,0,0.28,0.295
2026/04/16 08:55:00,00607,丰盛控股,FULLSHARE,,1.38,0.0,0.0,1.38,0.0,0.0,0.0,0,0,0.0,0.0
2026/04/16 09:09:10,00608,达利国际,HIGH FASHION,,1.18,0.0,0.0,1.18,0.0,0.0,0.0,0,0,1.12,1.29
2026/04/16 09:00:34,00609,天德化工,TIANDE CHEMICAL,,1.31,0.0,0.0,1.31,0.0,0.0,0.0,0,0,1.21,1.45
2026/04/16 09:00:26,00610,WAI KEE HOLD,WAI KEE HOLD,,0.92,0.0,0.0,0.92,0.0,0.0,0.0,0,0,0.89,0.94
2026/04/16 09:05:10,00611,中国核能科技,CNE TECH CORP,,0.5,0.0,0.0,0.5,0.0,0.0,0.0,0,0,0.5,0.5
2026/04/16 08:55:00,00612,嘉文世纪投资公司,CARMEN CENTURY,,0.335,0.0,0.0,0.335,0.0,0.0,0.0,0,0,0.0,0.0
2026/04/16 09:04:25,00613,梧桐国际,PLANETREE INT'L,,1.7,0.0,0.0,1.7,0.0,0.0,0.0,0,0,1.61,1.76
2026/04/16 09:00:08,00616,财富链,ASSET CHAIN,,0.3,0.0,0.0,0.3,0.0,0.0,0.0,0,0,0.29,0.295
2026/04/16 09:00:12,00617,百利保控股,PALIBURG HOLD,,0.183,0.0,0.0,0.183,0.0,0.0,0.0,0,0,0.178,0.183
2026/04/16 09:02:34,00618,北大资源,PKU RESOURCES,,0.315,0.0,0.0,0.315,0.0,0.0,0.0,0,0,0.295,0.35
2026/04/16 09:00:12,00619,南华金融,SOUTH CHINA FIN,,0.295,0.0,0.0,0.295,0.0,0.0,0.0,0,0,0.285,0.0
2026/04/16 09:00:08,00620,大唐西市,DTXS SILK ROAD,,0.26,0.0,0.0,0.26,0.0,0.0,0.0,0,0,0.25,0.265
2026/04/16 09:00:38,00621,坛金矿业,TAUNG GOLD,,0.46,0.0,0.0,0.46,0.0,0.0,0.0,0,0,0.45,0.46
2026/04/16 09:00:00,00622,威华达控股,OSHIDORI,,1.86,0.0,0.0,1.86,0.0,0.0,0.0,0,0,1.86,1.86
2026/04/16 09:08:30,00623,中视金桥,SINOMEDIA,,2.03,0.0,0.0,2.03,0.0,0.0,0.0,0,0,1.97,2.07
2026/04/16 09:00:28,00626,大众金融控股,PUBLIC FIN HOLD,,1.48,0.0,0.0,1.48,0.0,0.0,0.0,0,0,1.46,1.5
2026/04/16 09:04:00,00627,共生智筑,VISION SYNERGY,,0.45,0.0,0.0,0.45,0.0,0.0,0.0,0,0,0.0,0.495
2026/04/16 09:06:02,00628,通通ＡＩ社交,TONGTONG AI SOC,,0.41,0.0,0.0,0.41,0.0,0.0,0.0,0,0,0.41,0.43
2026/04/16 09:00:38,00629,悦达国际控股,YUE DA INTL,,0.295,0.0,0.0,0.295,0.0,0.0,0.0,0,0,0.28,0.0
2026/04/16 09:00:18,00630,隽泰控股,AMCO UNITED,,0.26,0.0,0.0,0.26,0.0,0.0,0.0,0,0,0.0,0.27
2026/04/16 09:07:48,00631,三一国际,SANY INT'L,,11.81,0.0,0.0,11.81,0.0,0.0,0.0,0,0,11.8,11.8
2026/04/16 09:00:10,00632,中港石油,CHK OIL,,0.31,0.0,0.0,0.31,0.0,0.0,0.0,0,0,0.3,0.31
2026/04/16 09:00:00,00635,彩星集团,PLAYMATES,,0.51,0.0,0.0,0.51,0.0,0.0,0.0,0,0,0.51,0.53
2026/04/16 09:00:26,00636,KLN,KLN,,6.71,0.0,0.0,6.71,0.0,0.0,0.0,0,0,6.6,6.7
2026/04/16 09:08:04,00637,利记,LEE KEE,,0.195,0.0,0.0,0.195,0.0,0.0,0.0,0,0,0.192,0.217
2026/04/16 09:10:12,00638,广和通,FIBOCOM,,13.56,0.0,0.0,13.56,0.0,0.0,0.0,0,0,13.36,13.36
2026/04/16 09:10:00,00639,首钢资源,SHOUGANG RES,,2.68,0.0,0.0,2.68,0.0,0.0,0.0,0,0,2.68,2.68
2026/04/16 09:00:30,00640,星谦发展,INFINITY DEV,,2.54,0.0,0.0,2.54,0.0,0.0,0.0,0,0,2.48,2.57
2026/04/16 09:07:20,00641,中国恒天立信国际,CHTC FONG'S INT,,0.335,0.0,0.0,0.335,0.0,0.0,0.0,0,0,0.37,0.37
2026/04/16 09:00:34,00643,恒富控股,CARRY WEALTH,,0.26,0.0,0.0,0.26,0.0,0.0,0.0,0,0,0.25,0.26
2026/04/16 09:03:50,00645,安域亚洲,ARES ASIA,,0.192,0.0,0.0,0.192,0.0,0.0,0.0,0,0,0.171,0.205
2026/04/16 09:04:28,00646,中国环保科技,CHINA ENV TEC,,0.125,0.0,0.0,0.125,0.0,0.0,0.0,0,0,0.123,0.141
2026/04/16 09:00:25,00648,京玖康疗,SOFTMEDX,,0.29,0.0,0.0,0.29,0.0,0.0,0.0,0,0,0.265,0.3
2026/04/16 09:10:16,00650,普达特科技,PRODUCTIVE TECH,,0.43,0.0,0.0,0.43,0.0,0.0,0.0,0,0,0.46,0.46
2026/04/16 09:00:59,00653,卓悦控股,BONJOUR HOLD,,0.06,0.0,0.0,0.06,0.0,0.0,0.0,0,0,0.06,0.065
2026/04/16 09:00:00,00655,香港华人有限公司,HK CHINESE LTD,,0.241,0.0,0.0,0.241,0.0,0.0,0.0,0,0,0.241,0.246
2026/04/16 09:00:48,00656,复星国际,FOSUN INTL,,4.07,0.0,0.0,4.07,0.0,0.0,0.0,0,0,4.01,4.1
2026/04/16 09:04:08,00657,环科国际,G-VISION INT'L,,0.027,0.0,0.0,0.027,0.0,0.0,0.0,0,0,0.026,0.031
2026/04/16 08:55:00,00658,中国高速传动,C TRANSMISSION,,1.95,0.0,0.0,1.95,0.0,0.0,0.0,0,0,0.0,0.0
2026/04/16 09:04:28,00659,周大福创建,CTF SERVICES,,8.05,0.0,0.0,8.05,0.0,0.0,0.0,0,0,8.07,8.1
2026/04/16 09:04:36,00660,玮俊生物科技,WAI CHUN BIOTEC,,1.26,0.0,0.0,1.26,0.0,0.0,0.0,0,0,1.2,1.38
2026/04/16 09:10:20,00661,中国大冶有色金属,CDAYENONFER,,0.139,0.0,0.0,0.139,0.0,0.0,0.0,0,0,0.143,0.143
2026/04/16 09:00:05,00662,亚洲金融,ASIA FINANCIAL,,4.68,0.0,0.0,4.68,0.0,0.0,0.0,0,0,4.56,4.7
2026/04/16 09:10:00,00664,铜师傅,TONGSHIFU,,27.8,0.0,0.0,27.8,0.0,0.0,0.0,0,0,27.92,28.5
2026/04/16 09:07:32,00666,瑞浦兰钧,REPT BATTERO,,16.35,0.0,0.0,16.35,0.0,0.0,0.0,0,0,16.35,16.58
2026/04/16 09:05:00,00667,中国东方教育,CHINA EAST EDU,,5.02,0.0,0.0,5.02,0.0,0.0,0.0,0,0,5.01,5.14
2026/04/16 09:10:26,00669,创科实业,TECHTRONIC IND,,111.7,0.0,0.0,111.7,0.0,0.0,0.0,0,0,113.9,113.9
2026/04/16 09:05:44,00670,中国东方航空股份,CHINA EAST AIR,,3.94,0.0,0.0,3.94,0.0,0.0,0.0,0,0,3.94,3.94
2026/04/16 09:00:10,00672,众安集团,ZHONGAN GROUP,,0.094,0.0,0.0,0.094,0.0,0.0,0.0,0,0,0.092,0.094
2026/04/16 09:04:27,00673,中国卫生集团,CHINA HEALTH,,0.56,0.0,0.0,0.56,0.0,0.0,0.0,0,0,0.51,0.6
2026/04/16 09:00:53,00674,中国唐商,CHINA TANGSHANG,,0.068,0.0,0.0,0.068,0.0,0.0,0.0,0,0,0.064,0.073
2026/04/16 09:07:20,00675,坚宝国际,K & P INT'L,,0.39,0.0,0.0,0.39,0.0,0.0,0.0,0,0,0.36,0.39
2026/04/16 09:09:04,00676,创信国际,PEGASUS INT'L,,1.0,0.0,0.0,1.0,0.0,0.0,0.0,0,0,0.94,1.15
2026/04/16 09:00:00,00677,金源发展国际实业,GOLDEN RES DEV,,0.355,0.0,0.0,0.355,0.0,0.0,0.0,0,0,0.345,0.355
2026/04/16 09:08:44,00679,亚洲联网科技,ASIA TELE-NET,,2.2,0.0,0.0,2.2,0.0,0.0,0.0,0,0,2.27,2.27
2026/04/16 09:00:00,00681,中民控股,CHI PEOPLE HOLD,,0.027,0.0,0.0,0.027,0.0,0.0,0.0,0,0,0.026,0.027
2026/04/16 09:04:26,00682,超大现代,CHAODA MODERN,,0.23,0.0,0.0,0.23,0.0,0.0,0.0,0,0,0.22,0.24
2026/04/16 09:00:06,00683,嘉里建设,KERRY PPT,,22.6,0.0,0.0,22.6,0.0,0.0,0.0,0,0,22.6,23.0
2026/04/16 09:01:13,00684,亚伦国际,ALLAN INT'L,,0.51,0.0,0.0,0.51,0.0,0.0,0.0,0,0,0.495,0.53
2026/04/16 09:03:39,00685,世界华文媒体,MEDIA CHINESE,,0.215,0.0,0.0,0.215,0.0,0.0,0.0,0,0,0.196,0.229
2026/04/16 09:04:28,00686,北京能源国际,BJ ENERGY INTL,,1.06,0.0,0.0,1.06,0.0,0.0,0.0,0,0,1.06,1.09
2026/04/16 09:05:00,00687,泰升集团,TYSAN HOLDINGS,,0.355,0.0,0.0,0.355,0.0,0.0,0.0,0,0,0.35,0.36
2026/04/16 09:04:38,00688,中国海外发展,CHINA OVERSEAS,,12.34,0.0,0.0,12.34,0.0,0.0,0.0,0,0,12.34,12.34
2026/04/16 09:04:13,00689,长盈集团（控股）,EPI (HOLDINGS),,0.233,0.0,0.0,0.233,0.0,0.0,0.0,0,0,0.199,0.199
2026/04/16 09:08:30,00690,联康生物科技集团,UNI-BIO GROUP,,0.102,0.0,0.0,0.102,0.0,0.0,0.0,0,0,0.1,0.106
2026/04/16 09:00:32,00691,山水水泥,SHANSHUI CEMENT,,0.415,0.0,0.0,0.415,0.0,0.0,0.0,0,0,0.405,0.42
2026/04/16 08:55:00,00693,陈唱国际,TAN CHONG INT'L,,1.53,0.0,0.0,1.53,0.0,0.0,0.0,0,0,0.0,0.0
2026/04/16 09:10:14,00694,北京首都机场股份,BEIJING AIRPORT,,1.95,0.0,0.0,1.95,0.0,0.0,0.0,0,0,1.96,1.96
2026/04/16 09:07:48,00695,东吴水泥,DONGWU CEMENT,,7.59,0.0,0.0,7.59,0.0,0.0,0.0,0,0,6.51,8.5
2026/04/16 09:05:00,00696,中国民航信息网络,TRAVELSKY TECH,,10.0,0.0,0.0,10.0,0.0,0.0,0.0,0,0,10.0,10.02
2026/04/16 09:10:46,00697,首程控股,SHOUCHENG,,1.67,0.0,0.0,1.67,0.0,0.0,0.0,0,0,1.7,1.7
2026/04/16 09:00:02,00698,通达集团,TONGDA GROUP,,2.71,0.0,0.0,2.71,0.0,0.0,0.0,0,0,2.61,2.71
2026/04/16 09:08:42,00699,均胜电子,JOYSON ELEC,,16.06,0.0,0.0,16.06,0.0,0.0,0.0,0,0,16.4,16.4
2026/04/16 09:10:32,00700,腾讯控股,TENCENT,,499.0,0.0,0.0,499.0,0.0,0.0,0.0,191800,95946509,501.0,501.0
2026/04/16 08:55:00,00701,CNT GROUP,CNT GROUP,,0.178,0.0,0.0,0.178,0.0,0.0,0.0,0,0,0.0,0.0
2026/04/16 08:55:00,00702,中国油气控股,SINO OIL & GAS,,0.034,0.0,0.0,0.034,0.0,0.0,0.0,0,0,0.0,0.0
2026/04/16 09:03:05,00703,FUTURE BRIGHT,FUTURE BRIGHT,,0.096,0.0,0.0,0.096,0.0,0.0,0.0,0,0,0.096,0.103
2026/04/16 08:55:00,00704,和嘉控股,HUSCOKE HLDGS,,0.133,0.0,0.0,0.133,0.0,0.0,0.0,0,0,0.0,0.0
2026/04/16 08:55:00,00707,亚洲电视控股,ATV HOLDINGS,,0.06,0.0,0.0,0.06,0.0,0.0,0.0,0,0,0.0,0.0
2026/04/16 08:55:00,00708,恒大汽车,EVERG VEHICLE,,0.17,0.0,0.0,0.17,0.0,0.0,0.0,0,0,0.0,0.0
2026/04/16 09:04:26,00709,佐丹奴国际,GIORDANO INT'L,,1.49,0.0,0.0,1.49,0.0,0.0,0.0,0,0,1.47,1.49
2026/04/16 09:06:30,00710,京东方精电,BOE VARITRONIX,,4.3,0.0,0.0,4.3,0.0,0.0,0.0,0,0,4.17,4.29
2026/04/16 09:00:00,00711,亚洲联合基建控股,ASIA ALLIED INF,,0.43,0.0,0.0,0.43,0.0,0.0,0.0,0,0,0.425,0.435
2026/04/16 09:04:43,00712,卡姆丹克太阳能,COMTEC SOLAR,,0.095,0.0,0.0,0.095,0.0,0.0,0.0,0,0,0.092,0.0
2026/04/16 09:04:10,00713,世界（集团）,WORLD HOUSEWARE,,0.385,0.0,0.0,0.385,0.0,0.0,0.0,0,0,0.36,0.4
2026/04/16 08:59:58,00716,胜狮货柜,SINGAMAS CONT,,0.64,0.0,0.0,0.64,0.0,0.0,0.0,0,0,0.64,0.65
2026/04/16 09:00:12,00717,英皇资本,EMPEROR CAPITAL,,0.087,0.0,0.0,0.087,0.0,0.0,0.0,0,0,0.086,0.09
2026/04/16 09:07:58,00718,太和控股,TAI UNITED HOLD,,0.032,0.0,0.0,0.032,0.0,0.0,0.0,0,0,0.03,0.033
2026/04/16 09:05:07,00719,山东新华制药股份,SHANDONG XINHUA,,6.4,0.0,0.0,6.4,0.0,0.0,0.0,0,0,6.32,6.45
2026/04/16 09:03:53,00720,意达利控股,AUTO ITALIA,,0.375,0.0,0.0,0.375,0.0,0.0,0.0,0,0,0.365,0.42
2026/04/16 09:01:16,00721,中国金融国际,C FIN INT INV,,0.065,0.0,0.0,0.065,0.0,0.0,0.0,0,0,0.056,0.07
2026/04/16 09:00:26,00722,联合医务,UMP,,0.455,0.0,0.0,0.455,0.0,0.0,0.0,0,0,0.45,0.485
2026/04/16 09:04:04,00723,信保环球控股,RELIANCE GLO HL,,0.23,0.0,0.0,0.23,0.0,0.0,0.0,0,0,0.23,0.255
2026/04/16 08:55:00,00724,瑞鑫国际集团,RUIXIN INT'L,,0.105,0.0,0.0,0.105,0.0,0.0,0.0,0,0,0.0,0.0
2026/04/16 09:03:58,00725,恒都集团,PERENNIAL INT'L,,0.8,0.0,0.0,0.8,0.0,0.0,0.0,0,0,0.8,0.82
2026/04/16 09:02:34,00726,筑友智造科技,DIT GROUP,,0.034,0.0,0.0,0.034,0.0,0.0,0.0,0,0,0.03,0.037
2026/04/16 09:01:10,00727,皇冠环球集团,CROWNICORP,,0.66,0.0,0.0,0.66,0.0,0.0,0.0,0,0,0.61,0.75
2026/04/16 09:00:00,00728,中国电信,CHINA TELECOM,,4.9,0.0,0.0,4.9,0.0,0.0,0.0,0,0,4.91,4.91
2026/04/16 09:04:28,00730,首惠产业金融,CAPITAL IND FIN,,0.119,0.0,0.0,0.119,0.0,0.0,0.0,0,0,0.116,0.126
2026/04/16 09:04:01,00731,建发新胜,C&D NEWIN,,0.3,0.0,0.0,0.3,0.0,0.0,0.0,0,0,0.295,0.315
2026/04/16 09:00:00,00732,信利国际,TRULY INT'L,,0.99,0.0,0.0,0.99,0.0,0.0,0.0,0,0,0.99,1.0
2026/04/16 09:04:02,00733,合富辉煌,HOPEFLUENT,,0.237,0.0,0.0,0.237,0.0,0.0,0.0,0,0,0.234,0.27
2026/04/16 09:04:52,00736,中国置业投资,CHINA PPT INV,,0.49,0.0,0.0,0.49,0.0,0.0,0.0,0,0,0.51,0.51
2026/04/16 09:00:00,00737,湾区发展,BAY AREA DEV,,1.95,0.0,0.0,1.95,0.0,0.0,0.0,0,0,1.93,1.95
2026/04/16 09:01:04,00738,莱尔斯丹,LE SAUNDA,,0.33,0.0,0.0,0.33,0.0,0.0,0.0,0,0,0.325,0.35
2026/04/16 09:00:34,00743,亚洲水泥（中国）,ASIA CEMENT CH,,2.17,0.0,0.0,2.17,0.0,0.0,0.0,0,0,2.2,2.2
2026/04/16 08:55:00,00745,中国国家文化产业,CN CULTURE GP,,1.06,0.0,0.0,1.06,0.0,0.0,0.0,0,0,0.0,0.0
2026/04/16 09:00:12,00746,理文化工,L & M CHEMICAL,,4.81,0.0,0.0,4.81,0.0,0.0,0.0,0,0,4.81,5.15
2026/04/16 09:00:00,00747,渖阳公用发展股份,SHENYANG PUBLIC,,0.096,0.0,0.0,0.096,0.0,0.0,0.0,0,0,0.085,0.0
2026/04/16 09:09:48,00750,水发兴业能源,SFSY ENERGY,,0.23,0.0,0.0,0.23,0.0,0.0,0.0,0,0,0.219,0.24
2026/04/16 09:06:52,00751,创维集团,SKYWORTH GROUP,,6.3,0.0,0.0,6.3,0.0,0.0,0.0,0,0,6.3,6.3
2026/04/16 09:00:08,00752,PICO FAR EAST,PICO FAR EAST,,2.5,0.0,0.0,2.5,0.0,0.0,0.0,0,0,2.49,2.51
2026/04/16 09:08:26,00753,中国国航,AIR CHINA,,4.98,0.0,0.0,4.98,0.0,0.0,0.0,0,0,5.06,5.06
2026/04/16 08:55:00,00754,合生创展集团,HOPSON DEV HOLD,,2.64,0.0,0.0,2.64,0.0,0.0,0.0,0,0,0.0,0.0
2026/04/16 09:02:53,00755,大方广瑞德,DEVGREAT,,0.325,0.0,0.0,0.325,0.0,0.0,0.0,0,0,0.285,0.325
2026/04/16 08:55:00,00756,森美控股,SUMMI,,0.66,0.0,0.0,0.66,0.0,0.0,0.0,0,0,0.0,0.0
2026/04/16 09:00:10,00757,阳光能源,SOLARGIGA,,0.07,0.0,0.0,0.07,0.0,0.0,0.0,0,0,0.07,0.073
2026/04/16 09:04:28,00759,CEC INT'L HOLD,CEC INT'L HOLD,,0.203,0.0,0.0,0.203,0.0,0.0,0.0,0,0,0.2,0.209
2026/04/16 09:09:36,00760,新天地产集团,TALENT PPT GP,,0.152,0.0,0.0,0.152,0.0,0.0,0.0,0,0,0.141,0.166
2026/04/16 09:04:17,00762,中国联通,CHINA UNICOM,,7.3,0.0,0.0,7.3,0.0,0.0,0.0,0,0,7.25,7.25
2026/04/16 09:05:41,00763,中兴通讯,ZTE,,23.96,0.0,0.0,23.96,0.0,0.0,0.0,200,4792,23.86,23.86
2026/04/16 09:00:15,00764,永恒策略,ETERNITY INV,,0.495,0.0,0.0,0.495,0.0,0.0,0.0,0,0,0.435,0.0
2026/04/16 09:04:13,00765,PERFECTECH INTL,PERFECTECH INTL,,0.204,0.0,0.0,0.204,0.0,0.0,0.0,0,0,0.2,0.221
2026/04/16 09:00:08,00767,中基长寿科学,ZHONG JI LS,,0.48,0.0,0.0,0.48,0.0,0.0,0.0,0,0,0.465,0.485
2026/04/16 09:04:26,00768,开明投资,UBA INVESTMENTS,,0.04,0.0,0.0,0.04,0.0,0.0,0.0,0,0,0.039,0.043
2026/04/16 08:55:00,00769,中国稀土,CHINA RAREEARTH,,0.7,0.0,0.0,0.7,0.0,0.0,0.0,0,0,0.0,0.0
2026/04/16 09:01:14,00770,SHANGHAI GROWTH,SHANGHAI GROWTH,,0.198,0.0,0.0,0.198,0.0,0.0,0.0,0,0,0.0,0.208
2026/04/16 09:00:00,00771,自动系统,AUTOMATED SYS,,0.9,0.0,0.0,0.9,0.0,0.0,0.0,0,0,0.9,0.97
2026/04/16 09:04:49,00772,阅文集团,CHINA LIT,,26.58,0.0,0.0,26.58,0.0,0.0,0.0,0,0,26.6,26.6
2026/04/16 09:00:02,00775,长江生命科技,CKLIFE SCIENCES,,0.73,0.0,0.0,0.73,0.0,0.0,0.0,0,0,0.73,0.73
2026/04/16 09:02:50,00776,帝国科技集团,IMPERIUM TEC GP,,0.89,0.0,0.0,0.89,0.0,0.0,0.0,0,0,0.79,0.0
2026/04/16 09:00:50,00777,网龙,NETDRAGON,,9.15,0.0,0.0,9.15,0.0,0.0,0.0,0,0,9.18,9.3
2026/04/16 09:02:30,00780,同程旅行,TONGCHENGTRAVEL,,18.44,0.0,0.0,18.44,0.0,0.0,0.0,0,0,18.4,18.4
2026/04/16 09:00:16,00784,凌锐控股,LING YUI,,0.91,0.0,0.0,0.91,0.0,0.0,0.0,0,0,1.04,1.04
2026/04/16 09:04:49,00788,中国铁塔,CHINA TOWER,,10.96,0.0,0.0,10.96,0.0,0.0,0.0,1274500,13957049,10.96,10.96
2026/04/16 09:07:52,00789,雅天妮集团,ARTINI HLDG,,0.325,0.0,0.0,0.325,0.0,0.0,0.0,0,0,0.305,0.355
2026/04/16 08:55:00,00794,锦胜集团（控股）,COME SURE GROUP,,0.28,0.0,0.0,0.28,0.0,0.0,0.0,0,0,0.0,0.0
2026/04/16 09:06:00,00797,第七大道,7ROAD,,0.72,0.0,0.0,0.72,0.0,0.0,0.0,0,0,0.62,0.79
2026/04/16 09:04:28,00798,中电光谷,CEOVU,,0.184,0.0,0.0,0.184,0.0,0.0,0.0,0,0,0.184,0.19
2026/04/16 09:00:06,00799,IGG,IGG,,2.99,0.0,0.0,2.99,0.0,0.0,0.0,0,0,2.99,3.01
2026/04/16 09:00:36,00800,文远知行－Ｗ,WERIDE-W,,20.76,0.0,0.0,20.76,0.0,0.0,0.0,0,0,20.76,20.76
2026/04/16 09:04:24,00804,鼎石资本,PINESTONE,,3.65,0.0,0.0,3.65,0.0,0.0,0.0,0,0,3.54,4.09
2026/04/16 08:55:00,00805,新吉奥房车,NEW GONOW RV,,1.25,0.0,0.0,1.25,0.0,0.0,0.0,0,0,0.0,0.0
2026/04/16 09:00:04,00806,惠理集团,VALUE PARTNERS,,2.06,0.0,0.0,2.06,0.0,0.0,0.0,0,0,2.06,2.09
2026/04/16 09:00:00,00807,上海实业环境,SIICENVIRONMENT,,1.08,0.0,0.0,1.08,0.0,0.0,0.0,0,0,1.07,1.09
2026/04/16 09:00:36,00809,大成生化科技,GLOBAL BIO-CHEM,,0.058,0.0,0.0,0.058,0.0,0.0,0.0,0,0,0.057,0.06
2026/04/16 09:00:15,00810,中国铸晨８１,CH CASTSON 81,,0.122,0.0,0.0,0.122,0.0,0.0,0.0,0,0,0.12,0.14
2026/04/16 09:10:08,00811,新华文轩,XINHUA WINSHARE,,10.45,0.0,0.0,10.45,0.0,0.0,0.0,0,0,10.32,10.59
2026/04/16 09:00:15,00813,世茂集团,SHIMAO GROUP,,0.173,0.0,0.0,0.173,0.0,0.0,0.0,0,0,0.172,0.173
2026/04/16 09:00:30,00814,北京京客隆,JINGKELONG,,0.305,0.0,0.0,0.305,0.0,0.0,0.0,0,0,0.29,0.32
2026/04/16 09:00:08,00815,中国白银集团,CHI SILVER GP,,0.49,0.0,0.0,0.49,0.0,0.0,0.0,0,0,0.49,0.49
2026/04/16 09:00:06,00816,金茂服务,JINMAO SERVICES,,2.55,0.0,0.0,2.55,0.0,0.0,0.0,0,0,2.54,2.58
2026/04/16 09:00:02,00817,中国金茂,CHINA JINMAO,,1.57,0.0,0.0,1.57,0.0,0.0,0.0,0,0,1.56,1.56
2026/04/16 09:00:02,00818,高阳科技,HI SUN TECH,,0.41,0.0,0.0,0.41,0.0,0.0,0.0,0,0,0.41,0.42
2026/04/16 09:04:28,00819,天能动力,TIANNENG POWER,,7.9,0.0,0.0,7.9,0.0,0.0,0.0,0,0,7.9,7.99
2026/04/16 09:04:26,00821,汇盈控股,VC HOLDINGS,,0.275,0.0,0.0,0.275,0.0,0.0,0.0,0,0,0.26,0.3
2026/04/16 09:00:00,00822,嘉瑞国际,KA SHUI INT'L,,0.3,0.0,0.0,0.3,0.0,0.0,0.0,0,0,0.29,0.31
2026/04/16 09:04:14,00825,新世界百货中国,NWDS CHINA,,0.315,0.0,0.0,0.315,0.0,0.0,0.0,0,0,0.315,0.335
2026/04/16 09:00:16,00826,天工国际,TIANGONG INT'L,,3.33,0.0,0.0,3.33,0.0,0.0,0.0,0,0,3.33,3.34
2026/04/16 09:09:12,00827,玖源集团,KO YO GROUP,,0.046,0.0,0.0,0.046,0.0,0.0,0.0,0,0,0.042,0.046
2026/04/16 09:00:30,00828,王朝酒业,DYNASTY WINES,,0.219,0.0,0.0,0.219,0.0,0.0,0.0,0,0,0.206,0.219
2026/04/16 09:00:12,00829,神冠控股,SHENGUAN HLDGS,,0.188,0.0,0.0,0.188,0.0,0.0,0.0,0,0,0.185,0.189
2026/04/16 09:00:32,00830,中国建筑兴业,CSC DEVELOPMENT,,0.86,0.0,0.0,0.86,0.0,0.0,0.0,0,0,0.84,0.95
2026/04/16 09:00:00,00831,利亚零售,CR ASIA,,0.385,0.0,0.0,0.385,0.0,0.0,0.0,0,0,0.385,0.39
2026/04/16 09:00:06,00832,建业地产,CENTRAL CHINA,,0.052,0.0,0.0,0.052,0.0,0.0,0.0,0,0,0.046,0.053
2026/04/16 09:04:46,00833,华讯,ALLTRONICS,,0.56,0.0,0.0,0.56,0.0,0.0,0.0,0,0,0.56,0.57
2026/04/16 09:04:39,00834,康大食品,KANGDA FOOD,,0.265,0.0,0.0,0.265,0.0,0.0,0.0,0,0,0.265,0.29
2026/04/16 09:00:32,00836,华润电力,CHINA RES POWER,,18.88,0.0,0.0,18.88,0.0,0.0,0.0,0,0,18.82,18.88
2026/04/16 09:00:18,00837,谭木匠,CARPENTER TAN,,7.77,0.0,0.0,7.77,0.0,0.0,0.0,0,0,7.5,8.0
2026/04/16 09:00:00,00838,亿和控股,EVA HOLDINGS,,0.77,0.0,0.0,0.77,0.0,0.0,0.0,0,0,0.77,0.78
2026/04/16 09:00:42,00839,中教控股,CHINA EDU GROUP,,2.56,0.0,0.0,2.56,0.0,0.0,0.0,0,0,2.54,2.54
2026/04/16 09:00:30,00840,天业节水,TIANYE WATER,,0.215,0.0,0.0,0.215,0.0,0.0,0.0,0,0,0.0,0.245
2026/04/16 09:04:55,00841,木薯资源,CASSAVA RES,,0.172,0.0,0.0,0.172,0.0,0.0,0.0,0,0,0.168,0.173
2026/04/16 09:10:38,00842,理士国际,LEOCH INT'L,,0.98,0.0,0.0,0.98,0.0,0.0,0.0,0,0,1.04,1.04
2026/04/16 08:55:00,00844,广泰国际控股,GREATIME INTL,,0.4,0.0,0.0,0.4,0.0,0.0,0.0,0,0,0.0,0.0
2026/04/16 08:55:00,00845,恒盛地产,GLORIOUS PPT H,,0.01,0.0,0.0,0.01,0.0,0.0,0.0,0,0,0.0,0.0
2026/04/16 08:55:00,00846,明发集团,MINGFA GROUP,,0.102,0.0,0.0,0.102,0.0,0.0,0.0,0,0,0.0,0.0
2026/04/16 09:08:20,00848,茂业国际,MAOYE INT'L,,0.119,0.0,0.0,0.119,0.0,0.0,0.0,0,0,0.116,0.133
2026/04/16 09:01:25,00851,盛源控股,SHENG YUAN HLDG,,0.199,0.0,0.0,0.199,0.0,0.0,0.0,0,0,0.0,0.22
2026/04/16 08:55:00,00852,海峡石油化工,STRONG PETRO,,0.166,0.0,0.0,0.166,0.0,0.0,0.0,0,0,0.0,0.0
2026/04/16 09:03:59,00853,微创医疗,MICROPORT,,9.26,0.0,0.0,9.26,0.0,0.0,0.0,0,0,9.26,9.26
2026/04/16 09:00:04,00854,威雅利,WILLAS-ARRAY,,5.31,0.0,0.0,5.31,0.0,0.0,0.0,0,0,4.88,5.6
2026/04/16 09:00:08,00855,中国水务,CHINA WATER,,4.92,0.0,0.0,4.92,0.0,0.0,0.0,0,0,4.88,4.88
2026/04/16 09:06:06,00856,伟仕佳杰,VSTECS,,9.08,0.0,0.0,9.08,0.0,0.0,0.0,0,0,9.35,9.35
2026/04/16 09:10:22,00857,中国石油股份,PETROCHINA,,10.58,0.0,0.0,10.58,0.0,0.0,0.0,0,0,10.06,10.06
2026/04/16 09:05:01,00858,精优药业,EXTRAWELL PHAR,,0.08,0.0,0.0,0.08,0.0,0.0,0.0,0,0,0.078,0.082
2026/04/16 09:00:14,00859,中昌国际控股,ZHONGCHANG INTL,,0.133,0.0,0.0,0.133,0.0,0.0,0.0,0,0,0.0,0.14
2026/04/16 09:01:18,00860,ＡＰＯＬＬＯ出行,APOLLO FMG,,0.41,0.0,0.0,0.41,0.0,0.0,0.0,0,0,0.38,0.44
2026/04/16 09:07:04,00861,神州控股,DC HOLDINGS,,2.11,0.0,0.0,2.11,0.0,0.0,0.0,0,0,2.01,2.17
2026/04/16 09:05:48,00862,远见控股,VISION VALUES,,0.039,0.0,0.0,0.039,0.0,0.0,0.0,0,0,0.036,0.04
2026/04/16 09:07:12,00863,ＯＳＬ集团,OSL GROUP,,13.88,0.0,0.0,13.88,0.0,0.0,0.0,0,0,13.88,13.9
2026/04/16 09:00:12,00864,永利地产发展,WING LEE PPT,,0.218,0.0,0.0,0.218,0.0,0.0,0.0,0,0,0.0,0.218
2026/04/16 09:07:08,00865,建德国际控股,JIANDE INT'L,,0.04,0.0,0.0,0.04,0.0,0.0,0.0,0,0,0.038,0.04
2026/04/16 09:00:08,00866,中国秦发,CHINA QINFA,,3.06,0.0,0.0,3.06,0.0,0.0,0.0,0,0,3.06,3.07
2026/04/16 09:00:12,00867,康哲药业,CMS,,14.42,0.0,0.0,14.42,0.0,0.0,0.0,0,0,14.23,14.88
2026/04/16 09:04:48,00868,信义玻璃,XINYI GLASS,,9.78,0.0,0.0,9.78,0.0,0.0,0.0,0,0,9.78,9.81
2026/04/16 09:00:06,00869,彩星玩具,PLAYMATES TOYS,,0.46,0.0,0.0,0.46,0.0,0.0,0.0,0,0,0.46,0.48
2026/04/16 09:03:39,00871,中国疏浚环保,CH DREDG ENV,,0.075,0.0,0.0,0.075,0.0,0.0,0.0,0,0,0.073,0.086
2026/04/16 09:00:05,00873,世茂服务,SHIMAO SERVICES,,0.56,0.0,0.0,0.56,0.0,0.0,0.0,0,0,0.56,0.57
2026/04/16 09:09:00,00874,白云山,BAIYUNSHAN PH,,16.98,0.0,0.0,16.98,0.0,0.0,0.0,0,0,16.91,17.15
2026/04/16 09:01:40,00875,从玉智农,CONGYU INTE AGR,,0.79,0.0,0.0,0.79,0.0,0.0,0.0,0,0,0.9,0.9
2026/04/16 09:00:12,00876,佳兆业健康,KAISA HEALTH,,0.108,0.0,0.0,0.108,0.0,0.0,0.0,0,0,0.107,0.0
2026/04/16 09:08:18,00878,金朝阳集团,SOUNDWILL HOLD,,7.04,0.0,0.0,7.04,0.0,0.0,0.0,0,0,6.91,7.04
2026/04/16 09:00:00,00880,澳博控股,SJM HOLDINGS,,2.13,0.0,0.0,2.13,0.0,0.0,0.0,0,0,2.11,2.14
2026/04/16 09:10:50,00881,中升控股,ZHONGSHENG HLDG,,7.68,0.0,0.0,7.68,0.0,0.0,0.0,0,0,7.3,7.3
2026/04/16 09:00:02,00882,天津发展,TIANJIN DEV,,2.41,0.0,0.0,2.41,0.0,0.0,0.0,0,0,2.42,2.47
2026/04/16 09:06:02,00883,中国海洋石油,CNOOC,,26.22,0.0,0.0,26.22,0.0,0.0,0.0,0,0,26.36,26.36
2026/04/16 09:10:12,00884,旭辉控股集团,CIFI HOLD GP,,0.069,0.0,0.0,0.069,0.0,0.0,0.0,0,0,0.069,0.069
2026/04/16 09:00:42,00887,英皇钟表珠宝,EMPEROR WATCH&J,,0.315,0.0,0.0,0.315,0.0,0.0,0.0,0,0,0.315,0.325
2026/04/16 09:00:25,00888,链信控股,BLOCKFIN HLDG,,0.055,0.0,0.0,0.055,0.0,0.0,0.0,0,0,0.052,0.0
2026/04/16 09:04:27,00889,连达科技控股,DATRONIX HOLD,,0.31,0.0,0.0,0.31,0.0,0.0,0.0,0,0,0.29,0.32
2026/04/16 09:10:22,00893,中国铁钛,CHINAVTM MINING,,0.08,0.0,0.0,0.08,0.0,0.0,0.0,0,0,0.074,0.084
2026/04/16 09:07:04,00894,万裕科技,MAN YUE TECH,,0.79,0.0,0.0,0.79,0.0,0.0,0.0,0,0,0.76,0.8
2026/04/16 09:10:48,00895,东江环保,DONGJIANG ENV,,2.08,0.0,0.0,2.08,0.0,0.0,0.0,0,0,2.13,2.13
2026/04/16 09:00:12,00896,兴胜创建,HANISON,,0.247,0.0,0.0,0.247,0.0,0.0,0.0,0,0,0.243,0.249
2026/04/16 09:01:13,00897,位元堂,WAI YUEN TONG,,0.345,0.0,0.0,0.345,0.0,0.0,0.0,0,0,0.34,0.38
2026/04/16 09:05:10,00898,万事昌国际,MULTIFIELD INTL,,0.93,0.0,0.0,0.93,0.0,0.0,0.0,0,0,0.93,1.01
2026/04/16 09:11:06,00899,中加国信,ZHONG JIA GX,,0.214,0.0,0.0,0.214,0.0,0.0,0.0,0,0,0.191,0.218
2026/04/16 09:04:45,00900,AEON CREDIT,AEON CREDIT,,8.3,0.0,0.0,8.3,0.0,0.0,0.0,0,0,8.2,8.4
2026/04/16 09:11:02,00902,华能国际电力股份,HUANENG POWER,,6.23,0.0,0.0,6.23,0.0,0.0,0.0,0,0,6.13,6.2
2026/04/16 09:04:51,00905,胡桃资本,WALNUT CAP,,0.231,0.0,0.0,0.231,0.0,0.0,0.0,0,0,0.221,0.238
2026/04/16 09:04:00,00907,高雅光学,ELEGANCEOPTICAL,,0.059,0.0,0.0,0.059,0.0,0.0,0.0,0,0,0.058,0.066
2026/04/16 09:10:50,00909,明源云,MING YUAN CLOUD,,2.28,0.0,0.0,2.28,0.0,0.0,0.0,0,0,2.27,2.28
2026/04/16 08:55:00,00910,中国三迪,CHINA SANDI,,0.014,0.0,0.0,0.014,0.0,0.0,0.0,0,0,0.0,0.0
2026/04/16 09:10:34,00911,前海健康,QIANHAI HEALTH,,0.275,0.0,0.0,0.275,0.0,0.0,0.0,0,0,0.27,0.315
2026/04/16 09:00:20,00912,信佳国际,SUGA INT'L,,1.04,0.0,0.0,1.04,0.0,0.0,0.0,0,0,1.03,1.06
2026/04/16 09:04:36,00913,港湾数字,HARBOUR DIGITAL,,0.195,0.0,0.0,0.195,0.0,0.0,0.0,0,0,0.195,0.195
2026/04/16 09:11:04,00914,海螺水泥,CONCH CEMENT,,20.9,0.0,0.0,20.9,0.0,0.0,0.0,0,0,20.9,20.9
2026/04/16 09:00:08,00915,道和环球,DAOHE GLOBAL,,0.06,0.0,0.0,0.06,0.0,0.0,0.0,0,0,0.052,0.06
2026/04/16 09:10:00,00916,龙源电力,CHINA LONGYUAN,,6.3,0.0,0.0,6.3,0.0,0.0,0.0,1902000,11980588,6.32,6.32
2026/04/16 09:07:28,00917,趣致集团,QUNABOX GROUP,,17.86,0.0,0.0,17.86,0.0,0.0,0.0,0,0,18.0,18.0
2026/04/16 09:08:02,00918,龙翼航空科技,MAJESTIC DRAGON,,0.78,0.0,0.0,0.78,0.0,0.0,0.0,0,0,0.71,0.8
2026/04/16 09:00:05,00919,现代健康科技,MODERNHEALTHTEC,,0.087,0.0,0.0,0.087,0.0,0.0,0.0,0,0,0.082,0.088
2026/04/16 09:09:58,00921,海信家电,HISENSE HA,,21.14,0.0,0.0,21.14,0.0,0.0,0.0,0,0,21.36,21.36
2026/04/16 09:08:46,00922,安贤园中国,ANXIANYUAN CH,,0.128,0.0,0.0,0.128,0.0,0.0,0.0,0,0,0.128,0.139
2026/04/16 09:00:02,00923,综合环保集团,IWS,,0.019,0.0,0.0,0.019,0.0,0.0,0.0,0,0,0.018,0.019
2026/04/16 09:04:38,00924,坤集团,KHOON GROUP,,0.123,0.0,0.0,0.123,0.0,0.0,0.0,0,0,0.123,0.0
2026/04/16 09:00:05,00926,碧生源,BESUNYEN,,2.5,0.0,0.0,2.5,0.0,0.0,0.0,0,0,2.43,0.0
2026/04/16 09:01:22,00927,富士高实业,FUJIKON IND,,0.51,0.0,0.0,0.51,0.0,0.0,0.0,0,0,0.5,0.55
2026/04/16 09:04:14,00928,帝王国际投资,KING INTL INV,,0.079,0.0,0.0,0.079,0.0,0.0,0.0,0,0,0.077,0.089
2026/04/16 09:00:08,00929,国际精密,IPE GROUP,,0.6,0.0,0.0,0.6,0.0,0.0,0.0,0,0,0.56,0.64
2026/04/16 09:09:34,00931,中国港能,CHINA HK POWER,,0.34,0.0,0.0,0.34,0.0,0.0,0.0,0,0,0.34,0.345
2026/04/16 09:00:08,00932,顺腾国际控股,SHUNTEN INTL,,0.029,0.0,0.0,0.029,0.0,0.0,0.0,0,0,0.028,0.03
2026/04/16 09:00:00,00933,非凡领越,VIVA GOODS,,0.63,0.0,0.0,0.63,0.0,0.0,0.0,0,0,0.6,0.63
2026/04/16 09:06:26,00934,中石化冠德,SINOPEC KANTONS,,4.08,0.0,0.0,4.08,0.0,0.0,0.0,0,0,4.07,4.11
2026/04/16 09:04:22,00936,佳兆业资本,KAISA CAPITAL,,0.265,0.0,0.0,0.265,0.0,0.0,0.0,0,0,0.25,0.29
2026/04/16 09:00:08,00938,民生国际,MAN SANG INT'L,,0.475,0.0,0.0,0.475,0.0,0.0,0.0,0,0,0.47,0.485
2026/04/16 09:05:00,00939,建设银行,CCB,,8.48,0.0,0.0,8.48,0.0,0.0,0.0,49000,416112,8.44,8.44
2026/04/16 09:04:27,00941,中国移动,CHINA MOBILE,,81.35,0.0,0.0,81.35,0.0,0.0,0.0,0,0,81.3,81.3
2026/04/16 09:03:11,00943,中证国际,ZHONGZHENG INTL,,0.18,0.0,0.0,0.18,0.0,0.0,0.0,0,0,0.171,0.192
2026/04/16 09:05:50,00945,宏利金融－Ｓ,MANULIFE-S,,292.6,0.0,0.0,292.6,0.0,0.0,0.0,0,0,296.0,296.0
2026/04/16 09:04:38,00947,摩比发展,MOBI DEV,,0.19,0.0,0.0,0.19,0.0,0.0,0.0,0,0,0.185,0.204
2026/04/16 08:55:00,00948,阿尔法企业,ALPHA PRO HLDGS,,0.34,0.0,0.0,0.34,0.0,0.0,0.0,0,0,0.0,0.0
2026/04/16 09:06:24,00950,李氏大药厂,LEE'S PHARM,,1.25,0.0,0.0,1.25,0.0,0.0,0.0,0,0,1.34,1.34
2026/04/16 09:04:41,00951,超威动力,CHAOWEI POWER,,1.7,0.0,0.0,1.7,0.0,0.0,0.0,0,0,1.7,1.7
2026/04/16 09:05:36,00952,华富建业金融,QUAM PLUS FIN,,0.14,0.0,0.0,0.14,0.0,0.0,0.0,0,0,0.139,0.14
2026/04/16 09:04:49,00953,邵氏兄弟控股,SHAW BROTHERS,,0.236,0.0,0.0,0.236,0.0,0.0,0.0,0,0,0.228,0.239
2026/04/16 09:10:38,00954,常茂生物,CHANGMAO BIO,,0.33,0.0,0.0,0.33,0.0,0.0,0.0,0,0,0.315,0.355
2026/04/16 09:08:16,00956,新天绿色能源,CHINA SUNTIEN,,3.83,0.0,0.0,3.83,0.0,0.0,0.0,0,0,3.8,3.8
2026/04/16 08:55:00,00959,世纪娱乐国际,CENTURY ENT INT,,0.72,0.0,0.0,0.72,0.0,0.0,0.0,0,0,0.0,0.0
2026/04/16 09:10:14,00960,龙湖集团,LONGFOR GROUP,,8.08,0.0,0.0,8.08,0.0,0.0,0.0,0,0,8.1,8.1
2026/04/16 09:10:34,00966,中国太平,CHINA TAIPING,,21.98,0.0,0.0,21.98,0.0,0.0,0.0,0,0,21.9,21.9
2026/04/16 09:00:58,00968,信义光能,XINYI SOLAR,,2.91,0.0,0.0,2.91,0.0,0.0,0.0,0,0,2.92,2.92
2026/04/16 09:03:58,00969,华联国际,HUA LIEN INT'L,,0.095,0.0,0.0,0.095,0.0,0.0,0.0,0,0,0.085,0.107
2026/04/16 09:01:44,00970,新耀莱,NEW SPARKLEROLL,,0.44,0.0,0.0,0.44,0.0,0.0,0.0,0,0,0.44,0.5
2026/04/16 09:00:08,00974,中国顺客隆,SKL,,0.8,0.0,0.0,0.8,0.0,0.0,0.0,0,0,0.8,0.92
2026/04/16 09:07:22,00975,MONGOL MINING,MONGOL MINING,,10.37,0.0,0.0,10.37,0.0,0.0,0.0,0,0,10.33,10.65
2026/04/16 08:55:00,00976,齐合环保,CHIHO ENV,,0.43,0.0,0.0,0.43,0.0,0.0,0.0,0,0,0.0,0.0
2026/04/16 09:00:34,00978,招商局置地,CHI MER LAND,,0.249,0.0,0.0,0.249,0.0,0.0,0.0,0,0,0.233,0.25
2026/04/16 09:01:57,00979,绿色能源科技集团,GREEN ENERGY GP,,0.295,0.0,0.0,0.295,0.0,0.0,0.0,0,0,0.26,0.295
2026/04/16 09:00:25,00980,联华超市,LIANHUA,,0.275,0.0,0.0,0.275,0.0,0.0,0.0,0,0,0.265,0.28
2026/04/16 09:03:23,00981,中芯国际,SMIC,,59.3,0.0,0.0,59.3,0.0,0.0,0.0,0,0,59.0,59.0
2026/04/16 09:10:00,00983,瑞安建业,SOCAM DEV,,0.34,0.0,0.0,0.34,0.0,0.0,0.0,0,0,0.33,0.37
2026/04/16 09:00:02,00984,永旺,AEON STORES,,0.32,0.0,0.0,0.32,0.0,0.0,0.0,0,0,0.31,0.36
2026/04/16 09:04:38,00986,杜甫酒业集团,DUFU LIQUOR GP,,0.045,0.0,0.0,0.045,0.0,0.0,0.0,0,0,0.04,0.042
2026/04/16 09:00:18,00987,中国再生能源投资,CH RENEW EN INV,,0.183,0.0,0.0,0.183,0.0,0.0,0.0,0,0,0.183,0.187
2026/04/16 09:04:29,00989,中国长白山国际,CHINA CBS INTL,,0.64,0.0,0.0,0.64,0.0,0.0,0.0,0,0,0.0,0.69
2026/04/16 09:00:00,00990,至源控股,DEEP SOURCE,,0.81,0.0,0.0,0.81,0.0,0.0,0.0,0,0,0.8,0.81
2026/04/16 09:00:12,00991,大唐发电,DATANG POWER,,2.51,0.0,0.0,2.51,0.0,0.0,0.0,0,0,2.51,2.51
2026/04/16 09:10:16,00992,联想集团,LENOVO GROUP,,10.58,0.0,0.0,10.58,0.0,0.0,0.0,356,3766,10.6,10.6
2026/04/16 09:04:07,00993,信控国际资本,XINKONG INT CAP,,0.118,0.0,0.0,0.118,0.0,0.0,0.0,0,0,0.112,0.12
2026/04/16 09:00:20,00994,中天宏信,CT VISION,,0.32,0.0,0.0,0.32,0.0,0.0,0.0,0,0,0.305,0.33
2026/04/16 09:01:39,00995,安徽皖通高速公路,ANHUIEXPRESSWAY,,15.38,0.0,0.0,15.38,0.0,0.0,0.0,0,0,15.0,15.5
2026/04/16 09:00:15,00997,普汇中金国际,CHINLINK INTL,,0.023,0.0,0.0,0.023,0.0,0.0,0.0,0,0,0.021,0.023
2026/04/16 09:00:18,00998,中信银行,CITIC BANK,,8.18,0.0,0.0,8.18,0.0,0.0,0.0,0,0,8.2,8.2
2026/04/16 09:10:32,00999,小菜园,XIAOCAIYUAN,,6.48,0.0,0.0,6.48,0.0,0.0,0.0,0,0,6.48,6.57
2026/04/16 09:00:10,01000,北青传媒,BEIJING MEDIA,,0.66,0.0,0.0,0.66,0.0,0.0,0.0,0,0,0.63,0.0
2026/04/16 09:00:10,01001,沪港联合,HK SH ALLIANCE,,0.38,0.0,0.0,0.38,0.0,0.0,0.0,0,0,0.365,0.38
2026/04/16 09:00:10,01002,威铖国际,V.S. INT'L,,0.052,0.0,0.0,0.052,0.0,0.0,0.0,0,0,0.048,0.056
2026/04/16 09:04:55,01003,欢喜传媒,HUANXI MEDIA,,0.239,0.0,0.0,0.239,0.0,0.0,0.0,0,0,0.235,0.238
2026/04/16 09:04:20,01004,中国智慧能源,C SMARTERENERGY,,0.325,0.0,0.0,0.325,0.0,0.0,0.0,0,0,0.3,0.35
2026/04/16 09:01:17,01005,MATRIX HOLDINGS,MATRIX HOLDINGS,,0.43,0.0,0.0,0.43,0.0,0.0,0.0,0,0,0.39,0.445
2026/04/16 08:55:00,01007,龙辉国际控股,LONGHUI INTL,,0.07,0.0,0.0,0.07,0.0,0.0,0.0,0,0,0.0,0.0
2026/04/16 09:00:40,01008,力图控股,LITU HOLDINGS,,0.2,0.0,0.0,0.2,0.0,0.0,0.0,0,0,0.194,0.209
2026/04/16 09:01:11,01009,国际娱乐,INT'L ENT,,1.12,0.0,0.0,1.12,0.0,0.0,0.0,0,0,1.0,1.16
2026/04/16 09:03:02,01010,天玺曜１１,SKY BLUE 11,,0.074,0.0,0.0,0.074,0.0,0.0,0.0,0,0,0.068,0.078
2026/04/16 09:00:26,01011,泰凌医药,NT PHARMA,,0.67,0.0,0.0,0.67,0.0,0.0,0.0,0,0,0.66,0.7
2026/04/16 09:03:33,01013,伟俊集团控股,WAI CHUN GROUP,,1.09,0.0,0.0,1.09,0.0,0.0,0.0,0,0,0.0,1.2
2026/04/16 09:00:30,01020,中细软科技,CIPRUN TECH,,0.3,0.0,0.0,0.3,0.0,0.0,0.0,0,0,0.3,0.3
2026/04/16 09:04:20,01021,华沿机器人,HUAYAN ROBOTICS,,20.24,0.0,0.0,20.24,0.0,0.0,0.0,0,0,20.0,20.0
2026/04/16 09:02:30,01022,飞鱼科技,FEIYU,,0.53,0.0,0.0,0.53,0.0,0.0,0.0,0,0,0.51,0.53
2026/04/16 09:00:00,01023,时代集团控股,SITOY GROUP,,0.5,0.0,0.0,0.5,0.0,0.0,0.0,0,0,0.495,0.5
2026/04/16 09:10:00,01024,快手－Ｗ,KUAISHOU-W,,45.66,0.0,0.0,45.66,0.0,0.0,0.0,1204950,55226874,45.88,45.88
2026/04/16 09:09:22,01025,嘉艺控股,KNT HOLDINGS,,0.3,0.0,0.0,0.3,0.0,0.0,0.0,0,0,0.28,0.335
2026/04/16 09:10:40,01026,环球实业科技,UNIVERSAL TECH,,0.069,0.0,0.0,0.069,0.0,0.0,0.0,0,0,0.077,0.077
2026/04/16 09:05:42,01027,亚洲策略科技,ASIA STRAT TECH,,3.1,0.0,0.0,3.1,0.0,0.0,0.0,0,0,2.9,3.55
2026/04/16 09:00:16,01028,千百度,C.BANNER,,0.71,0.0,0.0,0.71,0.0,0.0,0.0,0,0,0.67,0.74
2026/04/16 09:00:16,01029,铁货,IRC,,0.53,0.0,0.0,0.53,0.0,0.0,0.0,0,0,0.53,0.55
2026/04/16 09:00:02,01030,新城发展,SEAZEN,,2.16,0.0,0.0,2.16,0.0,0.0,0.0,0,0,2.14,2.14
2026/04/16 09:10:30,01033,中石化油服,SINOPEC SSC,,0.84,0.0,0.0,0.84,0.0,0.0,0.0,0,0,0.84,0.84
2026/04/16 09:00:22,01036,万科海外,VANKE OVERSEAS,,1.88,0.0,0.0,1.88,0.0,0.0,0.0,0,0,1.86,1.9
2026/04/16 09:10:08,01037,云智汇科技,MAXNERVA TECH,,0.48,0.0,0.0,0.48,0.0,0.0,0.0,0,0,0.46,0.51
2026/04/16 09:10:15,01038,长江基建集团,CKI HOLDINGS,,64.9,0.0,0.0,64.9,0.0,0.0,0.0,0,0,66.2,66.2
2026/04/16 09:02:42,01039,畅由国际集团,CHANGYOU INT GP,,0.053,0.0,0.0,0.053,0.0,0.0,0.0,0,0,0.051,0.0
2026/04/16 09:09:58,01044,恒安国际,HENGAN INT'L,,27.54,0.0,0.0,27.54,0.0,0.0,0.0,0,0,27.44,27.44
2026/04/16 09:04:30,01045,亚太卫星,APT SATELLITE,,3.55,0.0,0.0,3.55,0.0,0.0,0.0,0,0,3.53,3.55
2026/04/16 09:07:48,01046,寰宇娱乐文化,UNIVERSE ENT,,0.305,0.0,0.0,0.305,0.0,0.0,0.0,0,0,0.275,0.315
2026/04/16 09:00:02,01047,毅兴行,NGAI HING HONG,,0.325,0.0,0.0,0.325,0.0,0.0,0.0,0,0,0.315,0.0
2026/04/16 09:00:34,01049,时富投资,CELESTIAL ASIA,,1.31,0.0,0.0,1.31,0.0,0.0,0.0,0,0,1.28,1.34
2026/04/16 09:00:08,01050,嘉利国际,KARRIE INT'L,,2.22,0.0,0.0,2.22,0.0,0.0,0.0,0,0,2.22,2.26
2026/04/16 09:00:32,01051,国际资源,G-RESOURCES,,10.95,0.0,0.0,10.95,0.0,0.0,0.0,0,0,10.8,11.39
2026/04/16 09:00:36,01052,越秀交通基建,YUEXIUTRANSPORT,,4.14,0.0,0.0,4.14,0.0,0.0,0.0,0,0,4.14,4.2
2026/04/16 09:02:42,01053,重庆钢铁股份,CHONGQING IRON,,1.14,0.0,0.0,1.14,0.0,0.0,0.0,0,0,1.14,1.15
2026/04/16 09:08:45,01055,中国南方航空股份,CHINA SOUTH AIR,,4.21,0.0,0.0,4.21,0.0,0.0,0.0,0,0,4.22,4.24
2026/04/16 09:03:54,01057,浙江世宝,ZHEJIANG SHIBAO,,5.52,0.0,0.0,5.52,0.0,0.0,0.0,0,0,5.57,5.57
2026/04/16 09:00:10,01058,南粤控股,NAMYUE HOLDINGS,,0.37,0.0,0.0,0.37,0.0,0.0,0.0,0,0,0.34,0.37
2026/04/16 09:00:14,01059,看通集团,KANTONE HOLDING,,0.405,0.0,0.0,0.405,0.0,0.0,0.0,0,0,0.4,0.44
2026/04/16 09:10:00,01060,大麦娱乐,DAMAI ENT,,0.6,0.0,0.0,0.6,0.0,0.0,0.0,0,0,0.6,0.6
2026/04/16 09:00:34,01061,亿胜生物科技,ESSEX BIO-TECH,,3.38,0.0,0.0,3.38,0.0,0.0,0.0,0,0,3.31,3.6
2026/04/16 09:00:46,01062,国开国际投资,CDB INT'L INV,,0.103,0.0,0.0,0.103,0.0,0.0,0.0,0,0,0.095,0.108
2026/04/16 09:03:52,01063,新确科技,SUNCORP TECH,,0.104,0.0,0.0,0.104,0.0,0.0,0.0,0,0,0.099,0.106
2026/04/16 09:04:43,01064,中华国际,ZHONG HUA INT'L,,0.079,0.0,0.0,0.079,0.0,0.0,0.0,0,0,0.076,0.079
2026/04/16 09:08:54,01065,天津创业环保股份,TIANJIN CAPITAL,,4.26,0.0,0.0,4.26,0.0,0.0,0.0,0,0,4.22,4.3
2026/04/16 09:10:50,01066,威高股份,WEIGAO GROUP,,3.66,0.0,0.0,3.66,0.0,0.0,0.0,0,0,3.67,3.67
2026/04/16 09:04:11,01068,雨润食品,YURUN FOOD,,0.111,0.0,0.0,0.111,0.0,0.0,0.0,0,0,0.108,0.116
2026/04/16 09:03:40,01069,中国健康科技集团,CN HEALTH TECH,,0.38,0.0,0.0,0.38,0.0,0.0,0.0,0,0,0.345,0.365
2026/04/16 09:10:38,01070,ＴＣＬ电子,TCL ELECTRONICS,,13.56,0.0,0.0,13.56,0.0,0.0,0.0,0,0,13.8,13.8
2026/04/16 09:00:08,01071,华电国际电力股份,HUADIAN POWER,,4.02,0.0,0.0,4.02,0.0,0.0,0.0,0,0,4.0,4.04
2026/04/16 09:00:00,01072,东方电气,DONGFANG ELEC,,39.14,0.0,0.0,39.14,0.0,0.0,0.0,0,0,40.2,40.2
2026/04/16 09:02:44,01073,大禹金融,DA YU FIN,,0.101,0.0,0.0,0.101,0.0,0.0,0.0,0,0,0.1,0.109
2026/04/16 09:00:08,01075,首都信息,CAPINFO,,2.87,0.0,0.0,2.87,0.0,0.0,0.0,0,0,2.71,2.9
2026/04/16 09:04:37,01079,松景科技,PINE TECH,,0.3,0.0,0.0,0.3,0.0,0.0,0.0,0,0,0.29,0.325
2026/04/16 09:00:10,01080,胜利管道,SHENGLI PIPE,,0.067,0.0,0.0,0.067,0.0,0.0,0.0,0,0,0.066,0.072
2026/04/16 09:01:29,01082,源宇宙教育,BDV EDU INTL,,1.43,0.0,0.0,1.43,0.0,0.0,0.0,0,0,1.4,1.43
2026/04/16 09:00:08,01083,港华智慧能源,TG SMART ENERGY,,3.51,0.0,0.0,3.51,0.0,0.0,0.0,0,0,3.5,3.52
2026/04/16 09:00:00,01084,绿新生物科技,GREEN FRESH BIO,,0.67,0.0,0.0,0.67,0.0,0.0,0.0,0,0,0.65,0.67
2026/04/16 09:05:10,01085,亨鑫科技,HXTL,,1.28,0.0,0.0,1.28,0.0,0.0,0.0,0,0,1.23,1.31
2026/04/16 09:00:02,01086,好孩子国际,GOODBABY INTL,,1.01,0.0,0.0,1.01,0.0,0.0,0.0,0,0,1.01,1.02
2026/04/16 09:03:52,01087,威讯控股,INVESTECH HLDGS,,0.52,0.0,0.0,0.52,0.0,0.0,0.0,0,0,0.5,0.59
2026/04/16 09:00:00,01088,中国神华,CHINA SHENHUA,,45.6,0.0,0.0,45.6,0.0,0.0,0.0,0,0,45.6,45.6
2026/04/16 09:04:29,01090,大明国际,DA MING INT'L,,0.78,0.0,0.0,0.78,0.0,0.0,0.0,0,0,0.73,0.78
2026/04/16 09:00:52,01091,南方锰业,SOUTH MANGANESE,,0.59,0.0,0.0,0.59,0.0,0.0,0.0,0,0,0.6,0.6
2026/04/16 09:10:00,01093,石药集团,CSPC PHARMA,,9.44,0.0,0.0,9.44,0.0,0.0,0.0,0,0,9.4,9.4
2026/04/16 09:00:18,01094,承辉国际,CHERISH SUN,,0.38,0.0,0.0,0.38,0.0,0.0,0.0,0,0,0.36,0.415
2026/04/16 09:00:38,01097,有线宽频,I-CABLE COMM,,0.053,0.0,0.0,0.053,0.0,0.0,0.0,0,0,0.052,0.053
2026/04/16 09:00:08,01098,路劲,ROAD KING INFRA,,0.63,0.0,0.0,0.63,0.0,0.0,0.0,0,0,0.63,0.65
2026/04/16 09:09:12,01099,国药控股,SINOPHARM,,20.84,0.0,0.0,20.84,0.0,0.0,0.0,0,0,20.62,20.62
2026/04/16 09:04:25,01100,飞达控股,MAINLAND HOLD,,1.43,0.0,0.0,1.43,0.0,0.0,0.0,0,0,1.42,1.52
2026/04/16 08:55:00,01101,华荣能源,HUARONG ENERGY,,0.02,0.0,0.0,0.02,0.0,0.0,0.0,0,0,0.0,0.0
2026/04/16 09:00:12,01102,环能国际,ENVIRO ENERGY,,0.058,0.0,0.0,0.058,0.0,0.0,0.0,0,0,0.055,0.058
2026/04/16 09:02:25,01104,亚太资源,APAC RESOURCES,,2.61,0.0,0.0,2.61,0.0,0.0,0.0,0,0,2.7,2.73
2026/04/16 09:06:36,01105,星岛,SING TAO,,0.191,0.0,0.0,0.191,0.0,0.0,0.0,0,0,0.186,0.199
2026/04/16 08:55:00,01107,当代置业,MODERN LAND,,0.013,0.0,0.0,0.013,0.0,0.0,0.0,0,0,0.0,0.0
2026/04/16 09:06:32,01108,凯盛新能,TRIUMPH NEW EN,,3.73,0.0,0.0,3.73,0.0,0.0,0.0,0,0,3.73,3.76
2026/04/16 09:10:00,01109,华润置地,CHINA RES LAND,,30.68,0.0,0.0,30.68,0.0,0.0,0.0,14500,449179,30.68,30.68
2026/04/16 09:00:10,01110,金活医药集团,KINGWORLD,,0.49,0.0,0.0,0.49,0.0,0.0,0.0,0,0,0.49,0.495
2026/04/16 09:04:39,01111,华视集团控股,HUASHI GROUP,,0.265,0.0,0.0,0.265,0.0,0.0,0.0,0,0,0.255,0.28
2026/04/16 09:04:41,01112,Ｈ＆Ｈ国际控股,H&H INTL HLDG,,12.52,0.0,0.0,12.52,0.0,0.0,0.0,0,0,12.38,12.52
2026/04/16 09:10:00,01113,长实集团,CK ASSET,,48.52,0.0,0.0,48.52,0.0,0.0,0.0,868500,42172288,48.36,48.36
2026/04/16 09:00:08,01114,BRILLIANCE CHI,BRILLIANCE CHI,,3.0,0.0,0.0,3.0,0.0,0.0,0.0,0,0,3.0,3.01
2026/04/16 09:00:02,01115,５１００藏冰川,5100 XIZANG,,0.475,0.0,0.0,0.475,0.0,0.0,0.0,0,0,0.47,0.475
2026/04/16 09:07:56,01116,慧源同创科技,HC TECH GP,,0.248,0.0,0.0,0.248,0.0,0.0,0.0,0,0,0.235,0.25
2026/04/16 09:05:58,01117,现代牧业,CH MODERN D,,1.44,0.0,0.0,1.44,0.0,0.0,0.0,0,0,1.44,1.44
2026/04/16 09:03:41,01118,高力集团,GOLIK HOLDINGS,,1.11,0.0,0.0,1.11,0.0,0.0,0.0,0,0,1.1,1.15
2026/04/16 09:00:16,01119,创梦天地,IDREAMSKY,,0.485,0.0,0.0,0.485,0.0,0.0,0.0,0,0,0.485,0.485
2026/04/16 09:00:12,01120,雅视光学,ARTS OPTICAL,,0.9,0.0,0.0,0.9,0.0,0.0,0.0,0,0,0.83,0.0
2026/04/16 09:03:11,01121,金阳新能源,GOLDENSOLAR,,1.26,0.0,0.0,1.26,0.0,0.0,0.0,0,0,1.17,1.26
2026/04/16 09:04:55,01122,庆铃汽车股份,QINGLING MOTORS,,1.12,0.0,0.0,1.12,0.0,0.0,0.0,0,0,1.13,1.13
2026/04/16 09:04:27,01123,中港照相,CHINA-HK PHOTO,,0.112,0.0,0.0,0.112,0.0,0.0,0.0,0,0,0.11,0.115
2026/04/16 09:04:25,01124,沿海家园,COASTAL GL,,0.206,0.0,0.0,0.206,0.0,0.0,0.0,0,0,0.193,0.215
2026/04/16 09:00:16,01125,丽丰控股,LAI FUNG HOLD,,0.9,0.0,0.0,0.9,0.0,0.0,0.0,0,0,0.86,0.0
2026/04/16 09:04:09,01126,德林国际,DREAM INT'L,,7.52,0.0,0.0,7.52,0.0,0.0,0.0,0,0,7.52,7.78
2026/04/16 09:04:25,01127,狮子山集团,LION ROCK GROUP,,1.29,0.0,0.0,1.29,0.0,0.0,0.0,0,0,1.28,1.29
2026/04/16 09:06:08,01128,永利澳门,WYNN MACAU,,5.67,0.0,0.0,5.67,0.0,0.0,0.0,0,0,5.65,5.65
2026/04/16 09:00:06,01129,中国水业集团,WATER INDUSTRY,,0.395,0.0,0.0,0.395,0.0,0.0,0.0,0,0,0.38,0.0
2026/04/16 09:09:04,01130,中国环境资源,CHINA ENV RES,,0.65,0.0,0.0,0.65,0.0,0.0,0.0,0,0,0.63,0.66
2026/04/16 09:00:02,01132,橙天嘉禾,ORANGE SKY G H,,0.063,0.0,0.0,0.063,0.0,0.0,0.0,0,0,0.06,0.063
2026/04/16 09:10:32,01133,哈尔滨电气,HARBIN ELECTRIC,,20.78,0.0,0.0,20.78,0.0,0.0,0.0,0,0,20.98,20.98
2026/04/16 09:00:00,01134,恒发光学,KELFRED,,0.29,0.0,0.0,0.29,0.0,0.0,0.0,0,0,0.27,0.0
2026/04/16 09:04:42,01137,香港科技探索,HK TECH VENTURE,,1.22,0.0,0.0,1.22,0.0,0.0,0.0,0,0,1.19,1.23
2026/04/16 09:00:05,01138,中远海能,COSCO SHIP ENGY,,18.63,0.0,0.0,18.63,0.0,0.0,0.0,0,0,18.6,18.6
2026/04/16 09:00:53,01140,华科智能投资,HK.AI CAPITAL,,0.216,0.0,0.0,0.216,0.0,0.0,0.0,0,0,0.248,0.248
2026/04/16 09:05:52,01141,民银资本,CMBC CAPITAL,,1.87,0.0,0.0,1.87,0.0,0.0,0.0,0,0,1.95,1.95
2026/04/16 09:01:18,01142,能源及能量环球,E&P GLOBAL,,0.115,0.0,0.0,0.115,0.0,0.0,0.0,0,0,0.115,0.116
2026/04/16 09:00:00,01143,中国储能科技发展,CN ENGY STORAGE,,0.39,0.0,0.0,0.39,0.0,0.0,0.0,0,0,0.385,0.395
2026/04/16 09:04:21,01145,勇利投资,COURAGE INV,,0.156,0.0,0.0,0.156,0.0,0.0,0.0,0,0,0.151,0.162
2026/04/16 09:00:04,01146,汇成国际控股,HUICHENG INTL H,,0.046,0.0,0.0,0.046,0.0,0.0,0.0,0,0,0.046,0.05
2026/04/16 09:04:25,01147,伊登软件,EDENSOFT,,0.117,0.0,0.0,0.117,0.0,0.0,0.0,0,0,0.113,0.118
2026/04/16 09:00:25,01148,新晨动力,POWER XINCHEN,,0.255,0.0,0.0,0.255,0.0,0.0,0.0,0,0,0.25,0.26
2026/04/16 09:03:41,01150,米兰站,MILAN STATION,,0.129,0.0,0.0,0.129,0.0,0.0,0.0,0,0,0.112,0.13
2026/04/16 09:00:08,01152,正乾金融控股,MOMENTUM FIN,,0.265,0.0,0.0,0.265,0.0,0.0,0.0,0,0,0.26,0.285
2026/04/16 09:04:57,01153,佳源服务,JIAYUAN SER,,0.265,0.0,0.0,0.265,0.0,0.0,0.0,0,0,0.3,0.0
2026/04/16 09:04:28,01156,CHINANEWENERGY,CHINANEWENERGY,,0.204,0.0,0.0,0.204,0.0,0.0,0.0,0,0,0.202,0.22
2026/04/16 09:07:24,01157,中联重科,ZOOMLION,,8.95,0.0,0.0,8.95,0.0,0.0,0.0,0,0,8.92,8.92
2026/04/16 09:04:38,01159,智数科技集团,SMART DIGI TECH,,2.48,0.0,0.0,2.48,0.0,0.0,0.0,0,0,0.0,2.58
2026/04/16 08:55:00,01160,金石资本集团,GOLDSTONE CAP,,0.6,0.0,0.0,0.6,0.0,0.0,0.0,0,0,0.0,0.0
2026/04/16 09:00:02,01161,奥思集团,WATER OASIS GP,,1.04,0.0,0.0,1.04,0.0,0.0,0.0,0,0,1.01,1.04
2026/04/16 09:00:12,01162,莹岚集团,LUMINA GROUP,,0.183,0.0,0.0,0.183,0.0,0.0,0.0,0,0,0.173,0.19
2026/04/16 09:04:32,01163,虎视传媒,ADTIGER CORP,,0.163,0.0,0.0,0.163,0.0,0.0,0.0,0,0,0.16,0.164
2026/04/16 09:09:24,01164,中广核矿业,CGN MINING,,4.22,0.0,0.0,4.22,0.0,0.0,0.0,0,0,4.36,4.36
2026/04/16 08:55:00,01165,顺风清洁能源,SFCE,,0.024,0.0,0.0,0.024,0.0,0.0,0.0,0,0,0.0,0.0
2026/04/16 09:06:54,01166,星凯控股,SOLARTECH INT'L,,0.495,0.0,0.0,0.495,0.0,0.0,0.0,0,0,0.465,0.55
2026/04/16 09:09:48,01167,加科思－Ｂ,JACOBIO-B,,8.0,0.0,0.0,8.0,0.0,0.0,0.0,0,0,8.1,8.1
2026/04/16 09:04:43,01168,Z FIN,Z FIN,,4.07,0.0,0.0,4.07,0.0,0.0,0.0,0,0,4.08,4.38
2026/04/16 09:08:45,01170,信星集团,KINGMAKER,,0.465,0.0,0.0,0.465,0.0,0.0,0.0,0,0,0.46,0.49
2026/04/16 09:05:33,01171,兖矿能源,YANKUANG ENERGY,,14.7,0.0,0.0,14.7,0.0,0.0,0.0,0,0,14.41,14.94
2026/04/16 09:00:04,01172,融太集团,MAGNUSCONCORDIA,,0.021,0.0,0.0,0.021,0.0,0.0,0.0,0,0,0.02,0.022
2026/04/16 09:00:08,01173,威高国际,VEEKO INT'L,,0.031,0.0,0.0,0.031,0.0,0.0,0.0,0,0,0.028,0.031
2026/04/16 08:55:00,01176,珠光控股,ZHUGUANG HOLD,,0.027,0.0,0.0,0.027,0.0,0.0,0.0,0,0,0.0,0.0
2026/04/16 09:10:00,01177,中国生物制药,SBP GROUP,,6.17,0.0,0.0,6.17,0.0,0.0,0.0,0,0,6.17,6.17
2026/04/16 09:10:38,01179,华住集团－Ｓ,HWORLD-S,,40.62,0.0,0.0,40.62,0.0,0.0,0.0,288300,11709594,40.32,41.6
2026/04/16 09:02:21,01180,汇彩控股,PARADISE ENT,,0.5,0.0,0.0,0.5,0.0,0.0,0.0,0,0,0.5,0.53
2026/04/16 09:00:10,01181,唐宫中国,TANG PALACE,,0.155,0.0,0.0,0.155,0.0,0.0,0.0,0,0,0.154,0.165
2026/04/16 09:03:45,01182,胜龙国际,SUCCESS DRAGON,,0.85,0.0,0.0,0.85,0.0,0.0,0.0,0,0,0.8,0.93
2026/04/16 09:05:34,01183,澳能建设,MECOM POWER,,0.162,0.0,0.0,0.162,0.0,0.0,0.0,0,0,0.155,0.167
2026/04/16 09:00:08,01184,S.A.S. DRAGON,S.A.S. DRAGON,,5.0,0.0,0.0,5.0,0.0,0.0,0.0,0,0,4.9,5.1
2026/04/16 09:08:18,01186,中国铁建,CHINA RAIL CONS,,5.5,0.0,0.0,5.5,0.0,0.0,0.0,0,0,5.45,5.5
2026/04/16 08:55:00,01188,正道集团,HYBRID KINETIC,,0.012,0.0,0.0,0.012,0.0,0.0,0.0,0,0,0.0,0.0
2026/04/16 09:10:20,01193,华润燃气,CHINA RES GAS,,18.76,0.0,0.0,18.76,0.0,0.0,0.0,0,0,18.76,18.76
2026/04/16 09:05:34,01195,京维集团,KINGWELL GROUP,,0.018,0.0,0.0,0.018,0.0,0.0,0.0,0,0,0.017,0.02
2026/04/16 09:00:06,01196,伟禄集团,REALORD GROUP,,11.13,0.0,0.0,11.13,0.0,0.0,0.0,0,0,11.13,11.15
2026/04/16 09:02:22,01198,皇朝家居,ROYALE HOME,,0.104,0.0,0.0,0.104,0.0,0.0,0.0,0,0,0.0,0.114
2026/04/16 09:03:52,01199,中远海运港口,COSCO SHIP PORT,,5.13,0.0,0.0,5.13,0.0,0.0,0.0,0,0,5.06,5.16
2026/04/16 09:08:28,01200,美联集团,MIDLAND HOLDING,,3.07,0.0,0.0,3.07,0.0,0.0,0.0,0,0,3.11,3.11
2026/04/16 09:00:02,01201,天臣控股,TESSON HOLDINGS,,2.22,0.0,0.0,2.22,0.0,0.0,0.0,0,0,2.0,0.0
2026/04/16 09:01:55,01202,四威科技,SIWI SCI & TECH,,1.3,0.0,0.0,1.3,0.0,0.0,0.0,0,0,1.25,1.42
2026/04/16 09:00:02,01203,广南（集团）,GUANGNAN (HOLD),,0.65,0.0,0.0,0.65,0.0,0.0,0.0,0,0,0.63,0.65
2026/04/16 08:55:00,01204,博维智慧,BOARDWARE INTEL,,1.8,0.0,0.0,1.8,0.0,0.0,0.0,0,0,0.0,0.0
2026/04/16 09:10:00,01205,中信资源,CITIC RESOURCES,,0.56,0.0,0.0,0.56,0.0,0.0,0.0,0,0,0.56,0.56
2026/04/16 09:03:18,01206,同方泰德,TECHNOVATOR,,0.249,0.0,0.0,0.249,0.0,0.0,0.0,0,0,0.222,0.255
2026/04/16 09:00:00,01208,五矿资源,MMG,,8.51,0.0,0.0,8.51,0.0,0.0,0.0,0,0,8.51,8.51
2026/04/16 09:07:42,01209,华润万象生活,CHINA RES MIXC,,48.22,0.0,0.0,48.22,0.0,0.0,0.0,0,0,47.9,48.6
2026/04/16 09:08:24,01211,比亚迪股份,BYD COMPANY,,107.3,0.0,0.0,107.3,0.0,0.0,0.0,0,0,111.0,111.0
2026/04/16 09:01:39,01213,万保刚集团,MOBICON GROUP,,0.41,0.0,0.0,0.41,0.0,0.0,0.0,0,0,0.41,0.44
2026/04/16 09:00:00,01215,开源控股,KAI YUAN HLDGS,,0.022,0.0,0.0,0.022,0.0,0.0,0.0,0,0,0.02,0.022
2026/04/16 09:04:20,01216,中原银行,ZYBANK,,0.33,0.0,0.0,0.33,0.0,0.0,0.0,0,0,0.325,0.33
2026/04/16 08:59:58,01217,中国创新投资,CH INNOVATION,,0.012,0.0,0.0,0.012,0.0,0.0,0.0,0,0,0.012,0.013
2026/04/16 09:01:17,01218,永义国际,EASYKNIT INT'L,,2.9,0.0,0.0,2.9,0.0,0.0,0.0,0,0,2.68,3.04
2026/04/16 08:55:00,01220,志道国际,ZHIDAO INT'L,,0.056,0.0,0.0,0.056,0.0,0.0,0.0,0,0,0.0,0.0
2026/04/16 09:01:00,01221,SINO HOTELS,SINO HOTELS,,1.64,0.0,0.0,1.64,0.0,0.0,0.0,0,0,1.62,1.7
2026/04/16 09:00:00,01222,WANG ON GROUP,WANG ON GROUP,,0.021,0.0,0.0,0.021,0.0,0.0,0.0,0,0,0.02,0.022
2026/04/16 09:00:14,01223,新沣集团,SYMPHONY HOLD,,1.35,0.0,0.0,1.35,0.0,0.0,0.0,0,0,1.35,1.38
2026/04/16 09:00:00,01224,中渝置地,C C LAND,,1.2,0.0,0.0,1.2,0.0,0.0,0.0,0,0,1.2,0.0
2026/04/16 09:00:59,01225,隆成金融,LERADO FIN,,0.171,0.0,0.0,0.171,0.0,0.0,0.0,0,0,0.152,0.189
2026/04/16 09:00:10,01226,中国投融资,CH INV FIN GP,,0.89,0.0,0.0,0.89,0.0,0.0,0.0,0,0,0.85,0.0
2026/04/16 09:00:20,01228,北海康成－Ｂ,CANBRIDGE-B,,2.63,0.0,0.0,2.63,0.0,0.0,0.0,0,0,2.61,2.79
2026/04/16 09:08:32,01229,南南资源,NAN NAN RES,,0.207,0.0,0.0,0.207,0.0,0.0,0.0,0,0,0.202,0.21
2026/04/16 09:00:00,01231,新矿资源,NEWTON RES,,0.3,0.0,0.0,0.3,0.0,0.0,0.0,0,0,0.295,0.33
2026/04/16 09:02:11,01232,金轮天地控股,GW TIANDI,,0.34,0.0,0.0,0.34,0.0,0.0,0.0,0,0,0.33,0.0
2026/04/16 09:04:38,01233,时代中国控股,TIMES CHINA,,0.056,0.0,0.0,0.056,0.0,0.0,0.0,0,0,0.055,0.063
2026/04/16 09:10:08,01234,中国利郎,CHINA LILANG,,3.83,0.0,0.0,3.83,0.0,0.0,0.0,0,0,3.75,3.97
2026/04/16 09:00:36,01235,专业旅运,TRAVEL EXPERT,,0.176,0.0,0.0,0.176,0.0,0.0,0.0,0,0,0.172,0.181
2026/04/16 09:03:17,01237,中科生物,CH ENV TECH&BIO,,0.73,0.0,0.0,0.73,0.0,0.0,0.0,0,0,0.0,0.79
2026/04/16 09:02:10,01238,宝龙地产,POWERLONG,,0.244,0.0,0.0,0.244,0.0,0.0,0.0,0,0,0.26,0.26
2026/04/16 09:02:54,01239,TEAMWAY INTL GP,TEAMWAY INTL GP,,0.295,0.0,0.0,0.295,0.0,0.0,0.0,0,0,0.265,0.33
2026/04/16 09:00:10,01240,青建国际,CNQC INT'L,,0.16,0.0,0.0,0.16,0.0,0.0,0.0,0,0,0.152,0.174
2026/04/16 09:00:05,01241,双桦控股,SHUANGHUA H,,0.179,0.0,0.0,0.179,0.0,0.0,0.0,0,0,0.172,0.18
2026/04/16 09:00:02,01243,宏安地产,WANG ON PPT,,0.034,0.0,0.0,0.034,0.0,0.0,0.0,0,0,0.031,0.034
2026/04/16 09:06:38,01244,思路迪医药股份,3D MEDICINES,,3.67,0.0,0.0,3.67,0.0,0.0,0.0,0,0,3.65,3.99
2026/04/16 09:05:01,01245,NIRAKU,NIRAKU,,0.17,0.0,0.0,0.17,0.0,0.0,0.0,0,0,0.161,0.175
2026/04/16 08:55:00,01246,保集健康,BOILLHEALTHCARE,,0.021,0.0,0.0,0.021,0.0,0.0,0.0,0,0,0.0,0.0
2026/04/16 09:05:18,01247,米格国际控股,MIKO INTL,,1.66,0.0,0.0,1.66,0.0,0.0,0.0,0,0,1.65,1.69
2026/04/16 09:00:02,01250,山高新能源,SDHS NEW ENERGY,,1.6,0.0,0.0,1.6,0.0,0.0,0.0,0,0,1.56,1.65
2026/04/16 09:00:05,01251,华油能源,SPT ENERGY,,0.242,0.0,0.0,0.242,0.0,0.0,0.0,0,0,0.24,0.248
2026/04/16 08:55:00,01252,中国天瑞水泥,CHINA TIANRUI,,0.24,0.0,0.0,0.24,0.0,0.0,0.0,0,0,0.0,0.0
2026/04/16 09:01:33,01253,绿博生态,GREEN BROAD,,0.156,0.0,0.0,0.156,0.0,0.0,0.0,0,0,0.143,0.0
2026/04/16 09:05:06,01255,ＴＡＴＡ健康,TATA HEALTH,,1.81,0.0,0.0,1.81,0.0,0.0,0.0,0,0,1.56,2.0
2026/04/16 09:02:45,01257,中国光大绿色环保,CEB GREENTECH,,0.87,0.0,0.0,0.87,0.0,0.0,0.0,0,0,0.86,0.88
2026/04/16 09:09:50,01258,中国有色矿业,CHINFMINING,,13.71,0.0,0.0,13.71,0.0,0.0,0.0,0,0,13.5,13.5
2026/04/16 09:04:04,01259,未来发展控股,PROSPER FUTURE,,0.032,0.0,0.0,0.032,0.0,0.0,0.0,0,0,0.032,0.034
2026/04/16 09:03:47,01260,皓天财经集团,WONDERFUL SKY,,0.455,0.0,0.0,0.455,0.0,0.0,0.0,0,0,0.445,0.47
2026/04/16 09:07:15,01262,蜡笔小新食品,LABIXIAOXIN,,3.7,0.0,0.0,3.7,0.0,0.0,0.0,0,0,3.64,3.81
2026/04/16 09:01:01,01265,天津津燃公用,TIANJINJINRAN,,0.217,0.0,0.0,0.217,0.0,0.0,0.0,0,0,0.205,0.225
2026/04/16 09:00:40,01268,美东汽车,MEIDONG AUTO,,1.16,0.0,0.0,1.16,0.0,0.0,0.0,0,0,1.15,1.3
2026/04/16 09:03:33,01269,首控集团,FIRST CAP GP,,0.036,0.0,0.0,0.036,0.0,0.0,0.0,0,0,0.0,0.038
2026/04/16 09:00:02,01270,朗廷－ＳＳ,LANGHAM-SS,,0.56,0.0,0.0,0.56,0.0,0.0,0.0,0,0,0.55,0.56
2026/04/16 09:04:27,01271,佳明集团控股,GRAND MING,,0.52,0.0,0.0,0.52,0.0,0.0,0.0,0,0,0.5,0.54
2026/04/16 09:09:56,01272,大唐环境,DATANG ENVIRO,,1.27,0.0,0.0,1.27,0.0,0.0,0.0,0,0,1.27,1.3
2026/04/16 09:00:36,01273,香港信贷,HK FINANCE GP,,0.59,0.0,0.0,0.59,0.0,0.0,0.0,0,0,0.58,0.62
2026/04/16 09:02:15,01274,知行科技,IMOTIONTECH,,3.55,0.0,0.0,3.55,0.0,0.0,0.0,0,0,3.42,3.99
2026/04/16 09:02:00,01276,恒瑞医药,HENGRUI PHARMA,,68.3,0.0,0.0,68.3,0.0,0.0,0.0,0,0,69.1,69.1
2026/04/16 09:00:50,01277,力量发展,KINETIC DEV,,2.0,0.0,0.0,2.0,0.0,0.0,0.0,0,0,2.0,2.0
2026/04/16 09:02:26,01278,中国新城镇,CHINANEWTOWN,,0.08,0.0,0.0,0.08,0.0,0.0,0.0,0,0,0.078,0.082
2026/04/16 09:08:38,01280,奇点国峰,QIDIAN GUOFENG,,2.06,0.0,0.0,2.06,0.0,0.0,0.0,0,0,2.0,2.06
2026/04/16 09:00:48,01281,鑫达投资控股,XINDA INV HLDGS,,0.102,0.0,0.0,0.102,0.0,0.0,0.0,0,0,0.096,0.107
2026/04/16 09:04:04,01282,中泽丰,RENZE HARVEST,,0.104,0.0,0.0,0.104,0.0,0.0,0.0,0,0,0.095,0.108
2026/04/16 09:04:26,01283,高陞集团控股,ACCEL GROUP,,1.49,0.0,0.0,1.49,0.0,0.0,0.0,0,0,1.45,1.5
2026/04/16 09:00:57,01284,新传企划,NEW MEDIA LAB,,0.375,0.0,0.0,0.375,0.0,0.0,0.0,0,0,0.365,0.385
2026/04/16 09:00:46,01285,嘉士利集团,JIASHILI GP,,1.15,0.0,0.0,1.15,0.0,0.0,0.0,0,0,1.12,1.2
2026/04/16 09:00:10,01286,鹰普精密,IMPRO PRECISION,,9.7,0.0,0.0,9.7,0.0,0.0,0.0,0,0,9.7,9.7
2026/04/16 09:05:41,01288,农业银行,ABC,,6.0,0.0,0.0,6.0,0.0,0.0,0.0,8000,48000,6.0,6.0
2026/04/16 09:04:39,01289,盛力达科技,SUNLIT SCI,,2.41,0.0,0.0,2.41,0.0,0.0,0.0,0,0,2.3,2.5
2026/04/16 09:00:59,01290,中国汇融,CHINA HUIRONG,,0.54,0.0,0.0,0.54,0.0,0.0,0.0,0,0,0.51,0.54
2026/04/16 09:00:00,01292,长安民生物流,CMA LOGISTICS,,2.99,0.0,0.0,2.99,0.0,0.0,0.0,0,0,0.0,3.2
2026/04/16 08:55:00,01293,广汇宝信,GRAND BAOXIN,,0.086,0.0,0.0,0.086,0.0,0.0,0.0,0,0,0.0,0.0
2026/04/16 08:55:00,01298,云能国际,YUNNAN ENERGY,,0.95,0.0,0.0,0.95,0.0,0.0,0.0,0,0,0.0,0.0
2026/04/16 09:10:50,01299,友邦保险,AIA,,83.85,0.0,0.0,83.85,0.0,0.0,0.0,869652,73080468,86.15,86.15
2026/04/16 09:00:08,01300,俊知集团,TRIGIANT,,0.99,0.0,0.0,0.99,0.0,0.0,0.0,0,0,0.97,1.02
2026/04/16 09:00:02,01301,德基科技控股,D&G TECH,,0.315,0.0,0.0,0.315,0.0,0.0,0.0,0,0,0.315,0.0
2026/04/16 09:10:00,01302,先健科技,LIFETECH SCI,,1.86,0.0,0.0,1.86,0.0,0.0,0.0,0,0,1.87,1.87
2026/04/16 08:55:00,01303,汇力资源,HUILI RES,,0.24,0.0,0.0,0.24,0.0,0.0,0.0,0,0,0.0,0.0
2026/04/16 09:08:22,01304,FORTIOR,FORTIOR,,115.9,0.0,0.0,115.9,0.0,0.0,0.0,0,0,115.0,116.1
2026/04/16 09:04:28,01305,伟志控股,WAI CHI HOLD,,0.61,0.0,0.0,0.61,0.0,0.0,0.0,0,0,0.6,0.64
2026/04/16 09:00:32,01308,海丰国际,SITC,,35.12,0.0,0.0,35.12,0.0,0.0,0.0,0,0,35.2,35.2
2026/04/16 09:09:20,01310,香港宽频,HKBN,,8.24,0.0,0.0,8.24,0.0,0.0,0.0,0,0,8.18,8.18
2026/04/16 09:04:23,01312,华控康泰,KONTA CHINA,,0.03,0.0,0.0,0.03,0.0,0.0,0.0,0,0,0.028,0.031
2026/04/16 09:10:08,01313,华润建材科技,CR BLDG MAT TEC,,1.56,0.0,0.0,1.56,0.0,0.0,0.0,0,0,1.54,1.57
2026/04/16 09:03:50,01314,翠华控股,TSUI WAH HLDG,,0.151,0.0,0.0,0.151,0.0,0.0,0.0,0,0,0.151,0.151
2026/04/16 09:04:29,01315,绿色经济,GREEN ECONOMY,,0.1,0.0,0.0,0.1,0.0,0.0,0.0,0,0,0.093,0.108
2026/04/16 09:10:50,01316,耐世特,NEXTEER,,5.24,0.0,0.0,5.24,0.0,0.0,0.0,0,0,5.28,5.28
2026/04/16 09:00:04,01317,枫叶教育,MAPLELEAF EDU,,0.25,0.0,0.0,0.25,0.0,0.0,0.0,0,0,0.25,0.255
2026/04/16 09:10:46,01318,毛戈平,MAO GEPING,,73.65,0.0,0.0,73.65,0.0,0.0,0.0,0,0,73.65,74.5
2026/04/16 09:03:50,01319,霭华押业信贷,OIWAHPAWN,,0.28,0.0,0.0,0.28,0.0,0.0,0.0,0,0,0.275,0.29
2026/04/16 09:04:44,01321,中国新城市,CHINA NEWCITY,,0.77,0.0,0.0,0.77,0.0,0.0,0.0,0,0,0.68,0.8
2026/04/16 09:04:14,01323,华盛国际控股,HUASHENG INTL,,0.132,0.0,0.0,0.132,0.0,0.0,0.0,0,0,0.118,0.146
2026/04/16 08:55:00,01326,传递娱乐,TRANSMIT ENT,,0.027,0.0,0.0,0.027,0.0,0.0,0.0,0,0,0.0,0.0
2026/04/16 09:00:10,01327,励时集团,LUXXU GROUP,,0.76,0.0,0.0,0.76,0.0,0.0,0.0,0,0,0.65,0.0
2026/04/16 09:00:16,01328,金涌投资,GOLDSTREAM INV,,3.18,0.0,0.0,3.18,0.0,0.0,0.0,0,0,3.05,3.26
2026/04/16 09:08:24,01330,绿色动力环保,DYNAGREEN ENV,,5.84,0.0,0.0,5.84,0.0,0.0,0.0,0,0,5.84,5.98
2026/04/16 09:10:18,01332,透云生物,TOUYUN BIOTECH,,0.151,0.0,0.0,0.151,0.0,0.0,0.0,0,0,0.151,0.161
2026/04/16 09:09:24,01333,博雷顿,BRETON,,21.2,0.0,0.0,21.2,0.0,0.0,0.0,0,0,21.18,21.18
2026/04/16 09:00:10,01334,瑞昌国际控股,RUICHANG INTL,,1.91,0.0,0.0,1.91,0.0,0.0,0.0,0,0,1.8,1.95
2026/04/16 09:04:42,01335,顺泰控股,SHEEN TAI,,0.114,0.0,0.0,0.114,0.0,0.0,0.0,0,0,0.105,0.116
2026/04/16 09:01:19,01336,新华保险,NCI,,47.48,0.0,0.0,47.48,0.0,0.0,0.0,0,0,47.5,47.5
2026/04/16 09:00:02,01338,霸王集团,BAWANG GROUP,,0.03,0.0,0.0,0.03,0.0,0.0,0.0,0,0,0.028,0.03
2026/04/16 09:10:24,01339,中国人民保险集团,PICC GROUP,,5.37,0.0,0.0,5.37,0.0,0.0,0.0,0,0,5.37,5.37
2026/04/16 09:09:16,01340,惠生国际,HUISHENG INTL,,0.052,0.0,0.0,0.052,0.0,0.0,0.0,0,0,0.05,0.054
2026/04/16 09:01:29,01341,昊天国际建投,HAO TIAN INTL,,0.028,0.0,0.0,0.028,0.0,0.0,0.0,0,0,0.028,0.028
2026/04/16 09:00:06,01343,伟源控股,WEI YUAN HLDG,,0.14,0.0,0.0,0.14,0.0,0.0,0.0,0,0,0.138,0.149
2026/04/16 09:01:21,01345,上海先锋控股,SH PIONEER HLDG,,2.22,0.0,0.0,2.22,0.0,0.0,0.0,0,0,2.06,2.26
2026/04/16 09:03:19,01346,利华控股集团,LEVER STYLE,,1.47,0.0,0.0,1.47,0.0,0.0,0.0,0,0,1.48,1.55
2026/04/16 09:10:32,01347,华虹半导体,HUA HONG SEMI,,90.4,0.0,0.0,90.4,0.0,0.0,0.0,0,0,91.8,91.8
2026/04/16 09:04:38,01348,滉达富控股,QUALI-SMART,,0.248,0.0,0.0,0.248,0.0,0.0,0.0,0,0,0.248,0.25
2026/04/16 09:04:31,01349,复旦张江,FUDANZHANGJIANG,,2.85,0.0,0.0,2.85,0.0,0.0,0.0,0,0,2.85,2.9
2026/04/16 09:04:30,01351,辉煌明天,BRIGHT FUTURE,,0.335,0.0,0.0,0.335,0.0,0.0,0.0,0,0,0.335,0.35
2026/04/16 09:03:13,01354,经发物业,KINGFARPROPERTY,,2.83,0.0,0.0,2.83,0.0,0.0,0.0,0,0,2.7,2.83
2026/04/16 09:00:32,01355,朸浚国际,LEGEND STRAT,,0.13,0.0,0.0,0.13,0.0,0.0,0.0,0,0,0.122,0.139
2026/04/16 09:10:45,01357,美图公司,MEITU,,4.46,0.0,0.0,4.46,0.0,0.0,0.0,0,0,4.54,4.54
2026/04/16 09:09:24,01358,普华和顺,PW MEDTECH,,1.15,0.0,0.0,1.15,0.0,0.0,0.0,0,0,1.14,1.16
2026/04/16 09:00:05,01359,中国信达,CHINA CINDA,,1.12,0.0,0.0,1.12,0.0,0.0,0.0,0,0,1.12,1.12
2026/04/16 09:00:04,01361,３６１度,361 DEGREES,,6.77,0.0,0.0,6.77,0.0,0.0,0.0,0,0,6.7,6.7
2026/04/16 09:04:54,01362,新龙移动,SIS MOBILE,,0.79,0.0,0.0,0.79,0.0,0.0,0.0,0,0,0.69,0.79
2026/04/16 09:10:46,01364,古茗,GUMING,,26.98,0.0,0.0,26.98,0.0,0.0,0.0,0,0,26.52,27.42
2026/04/16 09:06:22,01368,特步国际,XTEP INT'L,,4.55,0.0,0.0,4.55,0.0,0.0,0.0,1177500,5397660,4.6,4.6
2026/04/16 09:01:10,01370,奥威控股,AOWEI HOLDING,,0.244,0.0,0.0,0.244,0.0,0.0,0.0,0,0,0.0,0.265
2026/04/16 09:08:10,01371,中国生态旅游,CHINA ECOTOUR,,0.175,0.0,0.0,0.175,0.0,0.0,0.0,0,0,0.161,0.183
2026/04/16 09:03:59,01372,中国碳中和,C CARBONNEUTRAL,,1.12,0.0,0.0,1.12,0.0,0.0,0.0,0,0,1.1,1.16
2026/04/16 09:04:26,01373,国际家居零售,IH RETAIL,,0.8,0.0,0.0,0.8,0.0,0.0,0.0,0,0,0.79,0.8
2026/04/16 09:05:48,01375,中州证券,CC SECURITIES,,1.91,0.0,0.0,1.91,0.0,0.0,0.0,0,0,1.93,1.93
2026/04/16 08:55:00,01376,RAFFLESINTERIOR,RAFFLESINTERIOR,,0.096,0.0,0.0,0.096,0.0,0.0,0.0,0,0,0.0,0.0
2026/04/16 09:10:00,01378,中国宏桥,CHINAHONGQIAO,,38.24,0.0,0.0,38.24,0.0,0.0,0.0,0,0,39.6,39.6
2026/04/16 08:55:00,01379,温岭工量刃具,WENLING MCT,,2.78,0.0,0.0,2.78,0.0,0.0,0.0,0,0,0.0,0.0
2026/04/16 09:04:24,01380,中国金石,CHI KINGSTONE,,0.64,0.0,0.0,0.64,0.0,0.0,0.0,0,0,0.62,0.64
2026/04/16 09:10:08,01382,互太纺织,PACIFICTEXTILES,,1.12,0.0,0.0,1.12,0.0,0.0,0.0,0,0,1.12,1.13
2026/04/16 09:10:22,01384,滴普科技,DEEPEXI TECH,,63.3,0.0,0.0,63.3,0.0,0.0,0.0,0,0,60.0,60.0
2026/04/16 09:09:08,01385,上海复旦,SHANGHAI FUDAN,,39.84,0.0,0.0,39.84,0.0,0.0,0.0,0,0,39.2,41.0
2026/04/16 09:00:55,01388,安莉芳控股,EMBRY HOLDINGS,,0.36,0.0,0.0,0.36,0.0,0.0,0.0,0,0,0.34,0.0
2026/04/16 09:04:35,01389,美捷汇控股,MAJOR HLDGS,,0.37,0.0,0.0,0.37,0.0,0.0,0.0,0,0,0.33,0.375
2026/04/16 09:00:12,01393,恒鼎实业,HIDILI INDUSTRY,,0.067,0.0,0.0,0.067,0.0,0.0,0.0,0,0,0.066,0.068
2026/04/16 09:04:27,01395,强泰环保,ELL ENV,,0.164,0.0,0.0,0.164,0.0,0.0,0.0,0,0,0.158,0.0
2026/04/16 09:08:28,01396,粤港湾控股,GD-HKGBA HLDGS,,6.8,0.0,0.0,6.8,0.0,0.0,0.0,0,0,6.67,7.0
2026/04/16 09:02:53,01397,碧瑶绿色集团,BAGUIO GREEN,,1.07,0.0,0.0,1.07,0.0,0.0,0.0,0,0,1.06,1.09
2026/04/16 09:05:41,01398,工商银行,ICBC,,6.99,0.0,0.0,6.99,0.0,0.0,0.0,2763000,19470730,6.9,6.9
2026/04/16 09:00:10,01399,锐信控股,VESON HLDG,,0.21,0.0,0.0,0.21,0.0,0.0,0.0,0,0,0.198,0.215
2026/04/16 09:00:00,01400,满地科技股份,MOODY TECH HLDG,,0.017,0.0,0.0,0.017,0.0,0.0,0.0,0,0,0.016,0.017
2026/04/16 09:07:54,01401,未来机器有限公司,FUTURE MACH LTD,,0.84,0.0,0.0,0.84,0.0,0.0,0.0,0,0,0.83,0.85
2026/04/16 09:04:34,01402,超智能控股,I-CONTROL,,0.325,0.0,0.0,0.325,0.0,0.0,0.0,0,0,0.325,0.33
2026/04/16 09:03:29,01405,达势股份,DPC DASH,,50.85,0.0,0.0,50.85,0.0,0.0,0.0,0,0,50.85,50.85
2026/04/16 08:55:00,01406,清晰医疗,CLARITY MEDICAL,,0.355,0.0,0.0,0.355,0.0,0.0,0.0,0,0,0.0,0.0
2026/04/16 09:04:13,01407,交运燃气,JY GAS,,0.53,0.0,0.0,0.53,0.0,0.0,0.0,0,0,0.53,0.55
2026/04/16 09:03:07,01408,濠江机电,MACAU E&M,,0.43,0.0,0.0,0.43,0.0,0.0,0.0,0,0,0.415,0.44
2026/04/16 09:00:32,01410,安领国际,EDVANCE INTL,,0.69,0.0,0.0,0.69,0.0,0.0,0.0,0,0,0.62,0.0
2026/04/16 09:02:57,01412,隽思集团,Q P GROUP,,1.16,0.0,0.0,1.16,0.0,0.0,0.0,0,0,1.15,1.19
2026/04/16 09:04:07,01413,铸帝控股,FEG HOLDINGS,,0.28,0.0,0.0,0.28,0.0,0.0,0.0,0,0,0.26,0.285
2026/04/16 09:07:22,01415,高伟电子,COWELL,,27.3,0.0,0.0,27.3,0.0,0.0,0.0,0,0,27.3,27.9
2026/04/16 09:04:35,01416,CTR HOLDINGS,CTR HOLDINGS,,0.179,0.0,0.0,0.179,0.0,0.0,0.0,0,0,0.173,0.184
2026/04/16 09:00:06,01417,浦江中国,RIVERINE CHINA,,0.2,0.0,0.0,0.2,0.0,0.0,0.0,0,0,0.2,0.0
2026/04/16 09:04:59,01418,盛诺集团,SINOMAX GROUP,,0.168,0.0,0.0,0.168,0.0,0.0,0.0,0,0,0.168,0.168
2026/04/16 09:04:08,01419,盈健医疗,HUMAN HEALTH,,0.81,0.0,0.0,0.81,0.0,0.0,0.0,0,0,0.8,0.88
2026/04/16 09:00:04,01420,川控股,CHUAN HOLDING,,0.236,0.0,0.0,0.236,0.0,0.0,0.0,0,0,0.23,0.237
2026/04/16 09:05:18,01421,恒昌集团国际,PROSP GP INTL,,0.385,0.0,0.0,0.385,0.0,0.0,0.0,0,0,0.365,0.0
2026/04/16 09:02:40,01425,捷隆控股,JUSTIN ALLEN H,,0.69,0.0,0.0,0.69,0.0,0.0,0.0,0,0,0.67,0.69
2026/04/16 09:03:25,01427,中国天保集团,CH TIANBAO GP,,0.16,0.0,0.0,0.16,0.0,0.0,0.0,0,0,0.156,0.0
2026/04/16 09:03:25,01428,耀才证券金融,BRIGHT SMART,,11.86,0.0,0.0,11.86,0.0,0.0,0.0,0,0,12.0,12.0
2026/04/16 09:04:20,01429,天任集团,SKYMISSION GP,,0.29,0.0,0.0,0.29,0.0,0.0,0.0,0,0,0.28,0.3
2026/04/16 09:03:04,01431,原生态牧业,YST DAIRY,,0.315,0.0,0.0,0.315,0.0,0.0,0.0,0,0,0.31,0.32
2026/04/16 09:00:00,01432,中国圣牧,CHINA SHENGMU,,0.33,0.0,0.0,0.33,0.0,0.0,0.0,0,0,0.33,0.34
2026/04/16 08:55:00,01433,常达控股,CIRTEK HLDGS,,0.081,0.0,0.0,0.081,0.0,0.0,0.0,0,0,0.0,0.0
2026/04/16 09:00:38,01440,应星控股,STAR SHINE HLDG,,12.59,0.0,0.0,12.59,0.0,0.0,0.0,0,0,12.39,13.7
2026/04/16 09:04:07,01442,鹰辉物流,INFINITY L&T,,0.305,0.0,0.0,0.305,0.0,0.0,0.0,0,0,0.0,0.305
2026/04/16 09:00:10,01443,富临集团控股,FULUM GP HLDG,,0.046,0.0,0.0,0.046,0.0,0.0,0.0,0,0,0.045,0.049
2026/04/16 09:04:26,01446,鸿福堂,HUNGFOOKTONG,,0.335,0.0,0.0,0.335,0.0,0.0,0.0,0,0,0.325,0.0
2026/04/16 09:04:28,01447,新福港,SFK,,0.56,0.0,0.0,0.56,0.0,0.0,0.0,0,0,0.51,0.57
2026/04/16 08:55:00,01448,福寿园,FU SHOU YUAN,,2.64,0.0,0.0,2.64,0.0,0.0,0.0,0,0,0.0,0.0
2026/04/16 09:04:17,01449,立德教育,LEADER EDU,,0.249,0.0,0.0,0.249,0.0,0.0,0.0,0,0,0.247,0.255
2026/04/16 09:04:42,01450,交个朋友控股,BE FRIENDS HLDG,,0.79,0.0,0.0,0.79,0.0,0.0,0.0,0,0,0.78,0.81
2026/04/16 09:10:08,01451,万成集团股份,MS GROUP HLDGS,,1.17,0.0,0.0,1.17,0.0,0.0,0.0,0,0,1.11,1.2
2026/04/16 09:03:16,01452,迪诺斯环保,DENOX ENV,,0.118,0.0,0.0,0.118,0.0,0.0,0.0,0,0,0.102,0.134
2026/04/16 09:00:42,01455,科利实业控股,FOURACE IND GP,,0.22,0.0,0.0,0.22,0.0,0.0,0.0,0,0,0.22,0.234
2026/04/16 09:06:06,01456,国联民生,GLMS SEC,,4.63,0.0,0.0,4.63,0.0,0.0,0.0,0,0,4.62,4.65
2026/04/16 09:00:00,01458,周黑鸭,ZHOU HEI YA,,1.57,0.0,0.0,1.57,0.0,0.0,0.0,0,0,1.56,1.57
2026/04/16 09:00:30,01459,巨匠建设,JUJIANG CONS,,0.22,0.0,0.0,0.22,0.0,0.0,0.0,0,0,0.206,0.243
2026/04/16 09:00:34,01460,扬科集团,ICO GROUP,,0.213,0.0,0.0,0.213,0.0,0.0,0.0,0,0,0.201,0.0
2026/04/16 09:00:04,01461,中泰期货,ZHONGTAIFUTURES,,0.62,0.0,0.0,0.62,0.0,0.0,0.0,0,0,0.6,0.63
2026/04/16 09:02:52,01463,C-LINK SQ,C-LINK SQ,,0.3,0.0,0.0,0.3,0.0,0.0,0.0,0,0,0.255,0.315
2026/04/16 09:09:18,01466,佰金生命科学,BAIJIN LIFE SCI,,0.6,0.0,0.0,0.6,0.0,0.0,0.0,0,0,0.58,0.6
2026/04/16 09:04:50,01468,嘉高达资本,JAKOTA CAPITAL,,0.067,0.0,0.0,0.067,0.0,0.0,0.0,0,0,0.064,0.068
2026/04/16 09:00:08,01470,富一国际控股,PROSPER ONE,,0.164,0.0,0.0,0.164,0.0,0.0,0.0,0,0,0.155,0.0
2026/04/16 09:02:20,01471,众淼控股,ZHONGMIAO,,14.09,0.0,0.0,14.09,0.0,0.0,0.0,0,0,13.0,14.99
2026/04/16 09:00:25,01472,生兴控股,SANG HING HLDGS,,0.081,0.0,0.0,0.081,0.0,0.0,0.0,0,0,0.081,0.084
2026/04/16 09:04:14,01473,环联连讯,PANGAEA CONNECT,,0.45,0.0,0.0,0.45,0.0,0.0,0.0,0,0,0.44,0.455
2026/04/16 09:06:02,01475,日清食品,NISSIN FOODS,,7.35,0.0,0.0,7.35,0.0,0.0,0.0,0,0,7.31,7.38
2026/04/16 09:00:10,01476,金融街证券,FIN STREET SEC,,1.56,0.0,0.0,1.56,0.0,0.0,0.0,0,0,1.45,0.0
2026/04/16 09:02:37,01477,欧康维视生物－Ｂ,OCUMENSION-B,,8.06,0.0,0.0,8.06,0.0,0.0,0.0,0,0,7.8,8.06
2026/04/16 09:09:52,01478,丘钛科技,Q TECH,,8.3,0.0,0.0,8.3,0.0,0.0,0.0,0,0,8.28,8.5
2026/04/16 09:00:34,01480,恩达集团控股,YAN TAT GROUP,,0.96,0.0,0.0,0.96,0.0,0.0,0.0,0,0,0.95,0.98
2026/04/16 09:03:04,01481,竣球控股,SMART GLOBE,,2.43,0.0,0.0,2.43,0.0,0.0,0.0,0,0,2.2,0.0
2026/04/16 09:05:10,01483,网誉科技,NET-A-GO TECH,,1.26,0.0,0.0,1.26,0.0,0.0,0.0,0,0,1.21,1.4
2026/04/16 09:10:48,01486,思城控股,C CHENG HLDGS,,0.71,0.0,0.0,0.71,0.0,0.0,0.0,0,0,0.67,0.8
2026/04/16 09:00:08,01488,百福控股,BEST FOOD HLDG,,0.98,0.0,0.0,0.98,0.0,0.0,0.0,0,0,0.0,1.0
2026/04/16 09:04:16,01489,GC CONSTRUCTION,GC CONSTRUCTION,,0.395,0.0,0.0,0.395,0.0,0.0,0.0,0,0,0.385,0.41
2026/04/16 09:04:52,01490,车市科技,AI X TECH,,0.25,0.0,0.0,0.25,0.0,0.0,0.0,0,0,0.25,0.27
2026/04/16 09:00:10,01496,亚积邦租赁,AP RENTALS,,0.181,0.0,0.0,0.181,0.0,0.0,0.0,0,0,0.175,0.0
2026/04/16 08:55:00,01497,燕之屋,YAN PALACE,,5.89,0.0,0.0,5.89,0.0,0.0,0.0,0,0,0.0,0.0
2026/04/16 09:04:11,01498,培力农本方,PURAPHARM,,0.29,0.0,0.0,0.29,0.0,0.0,0.0,0,0,0.29,0.33
2026/04/16 09:00:20,01499,欧科云链,OKG TECH,,0.165,0.0,0.0,0.165,0.0,0.0,0.0,0,0,0.165,0.165
2026/04/16 09:00:05,01500,现恒建筑,INCON,,0.245,0.0,0.0,0.245,0.0,0.0,0.0,0,0,0.234,0.245
2026/04/16 09:03:04,01501,瑛泰医疗,INT MEDICAL,,39.38,0.0,0.0,39.38,0.0,0.0,0.0,0,0,39.0,39.46
2026/04/16 09:04:19,01502,金融街物业,FIN STREET PPT,,2.2,0.0,0.0,2.2,0.0,0.0,0.0,0,0,2.19,2.22
2026/04/16 09:00:00,01508,中国再保险,CHINA RE,,1.42,0.0,0.0,1.42,0.0,0.0,0.0,0,0,1.42,1.42
2026/04/16 09:10:56,01513,丽珠医药,LIVZON PHARMA,,29.34,0.0,0.0,29.34,0.0,0.0,0.0,0,0,29.72,29.72
2026/04/16 09:00:00,01515,华润医疗,CR MEDICAL,,2.86,0.0,0.0,2.86,0.0,0.0,0.0,0,0,2.84,2.87
2026/04/16 09:00:00,01516,融创服务,SUNAC SERVICES,,0.94,0.0,0.0,0.94,0.0,0.0,0.0,0,0,0.93,0.94
2026/04/16 09:00:24,01518,新世纪医疗,NC HEALTHCARE,,0.54,0.0,0.0,0.54,0.0,0.0,0.0,0,0,0.51,0.58
2026/04/16 09:00:36,01519,极兔速递－Ｗ,J&T EXPRESS-W,,10.59,0.0,0.0,10.59,0.0,0.0,0.0,0,0,10.65,10.77
2026/04/16 09:07:20,01520,天机控股,VIRTUAL MIND,,0.61,0.0,0.0,0.61,0.0,0.0,0.0,0,0,0.55,0.65
2026/04/16 09:08:46,01521,方达控股,FRONTAGE,,1.03,0.0,0.0,1.03,0.0,0.0,0.0,0,0,1.02,1.16
2026/04/16 09:00:04,01522,京投交通科技,BII TRANS TECH,,0.31,0.0,0.0,0.31,0.0,0.0,0.0,0,0,0.305,0.32
2026/04/16 09:08:38,01523,珩湾科技,PLOVER BAY TECH,,7.73,0.0,0.0,7.73,0.0,0.0,0.0,0,0,7.73,7.74
2026/04/16 09:00:08,01525,建桥教育,GENCH EDU,,2.11,0.0,0.0,2.11,0.0,0.0,0.0,0,0,2.11,2.4
2026/04/16 09:03:57,01526,瑞慈医疗,RICI HEALTH,,0.91,0.0,0.0,0.91,0.0,0.0,0.0,0,0,0.85,0.92
2026/04/16 09:07:38,01527,天洁环境,TENGY ENV,,1.96,0.0,0.0,1.96,0.0,0.0,0.0,0,0,1.92,2.19
2026/04/16 09:03:46,01528,红星美凯龙,RS MACALLINE,,1.29,0.0,0.0,1.29,0.0,0.0,0.0,0,0,1.31,1.31
2026/04/16 09:00:20,01529,乐氏国际控股,YUES INTL HLDG,,0.425,0.0,0.0,0.425,0.0,0.0,0.0,0,0,0.41,0.45
2026/04/16 09:05:03,01530,三生制药,3SBIO,,24.92,0.0,0.0,24.92,0.0,0.0,0.0,0,0,24.96,24.96
2026/04/16 09:01:40,01532,中国派对文化,CHINA PARTYTIME,,0.097,0.0,0.0,0.097,0.0,0.0,0.0,0,0,0.095,0.102
2026/04/16 09:00:22,01536,煜荣集团,YUK WING GP,,0.218,0.0,0.0,0.218,0.0,0.0,0.0,0,0,0.202,0.0
2026/04/16 09:04:39,01538,中奥到家,ZHONG AO HOME,,0.71,0.0,0.0,0.71,0.0,0.0,0.0,0,0,0.71,0.72
2026/04/16 09:10:58,01539,知行集团控股,UNITY GP HLDGS,,0.365,0.0,0.0,0.365,0.0,0.0,0.0,0,0,0.365,0.37
2026/04/16 09:09:10,01540,澳狮环球,LEFTFIELD PRINT,,0.4,0.0,0.0,0.4,0.0,0.0,0.0,0,0,0.365,0.415
2026/04/16 09:02:46,01541,宜明昂科－Ｂ,IMMUNEONCO-B,,6.04,0.0,0.0,6.04,0.0,0.0,0.0,0,0,6.05,6.1
2026/04/16 08:55:00,01542,台州水务,TAIZHOU WATER,,1.1,0.0,0.0,1.1,0.0,0.0,0.0,0,0,0.0,0.0
2026/04/16 09:00:10,01543,中盈盛达融资担保,JOIN-SHARE,,0.201,0.0,0.0,0.201,0.0,0.0,0.0,0,0,0.191,0.225
2026/04/16 09:04:35,01545,设计都会,DESIGN CAPITAL,,0.118,0.0,0.0,0.118,0.0,0.0,0.0,0,0,0.115,0.118
2026/04/16 09:04:35,01546,德莱建业,THELLOY DEV,,0.195,0.0,0.0,0.195,0.0,0.0,0.0,0,0,0.193,0.194
2026/04/16 09:00:08,01547,IBI GROUP HLDGS,IBI GROUP HLDGS,,0.2,0.0,0.0,0.2,0.0,0.0,0.0,0,0,0.185,0.212
2026/04/16 09:09:54,01548,金斯瑞生物科技,GENSCRIPT BIO,,13.31,0.0,0.0,13.31,0.0,0.0,0.0,0,0,13.42,13.42
2026/04/16 09:10:48,01549,永丰集团控股,EVER HARVEST GP,,0.095,0.0,0.0,0.095,0.0,0.0,0.0,0,0,0.087,0.095
2026/04/16 09:04:27,01551,广州农商银行,GRCB,,1.52,0.0,0.0,1.52,0.0,0.0,0.0,0,0,1.43,1.63
2026/04/16 09:02:49,01552,BHCC HOLDING,BHCC HOLDING,,0.26,0.0,0.0,0.26,0.0,0.0,0.0,0,0,0.24,0.26
2026/04/16 09:03:49,01553,迈科管业,MAIKE TUBE,,1.5,0.0,0.0,1.5,0.0,0.0,0.0,0,0,1.46,1.5
2026/04/16 09:00:55,01555,ＭＩ能源,MIE HOLDINGS,,0.036,0.0,0.0,0.036,0.0,0.0,0.0,0,0,0.034,0.037
2026/04/16 09:04:20,01556,建业建荣,CHINNEY KW,,0.325,0.0,0.0,0.325,0.0,0.0,0.0,0,0,0.32,0.335
2026/04/16 09:02:12,01557,剑虹集团控股,K.H. GP HLDGS,,0.405,0.0,0.0,0.405,0.0,0.0,0.0,0,0,0.405,0.46
2026/04/16 09:06:20,01559,均安控股,KWAN ON HLDGS,,0.052,0.0,0.0,0.052,0.0,0.0,0.0,0,0,0.049,0.058
2026/04/16 09:01:23,01560,星星集团,STAR GROUP ASIA,,0.139,0.0,0.0,0.139,0.0,0.0,0.0,0,0,0.132,0.155
2026/04/16 09:00:06,01561,联洋智能控股,PAN ASIA DATA H,,0.051,0.0,0.0,0.051,0.0,0.0,0.0,0,0,0.044,0.0
2026/04/16 09:00:26,01563,友联国际教育租赁,ALLI INTL ED LE,,0.162,0.0,0.0,0.162,0.0,0.0,0.0,0,0,0.152,0.164
2026/04/16 09:05:01,01565,成实外教育,VIRSCEND EDU,,0.2,0.0,0.0,0.2,0.0,0.0,0.0,0,0,0.193,0.2
2026/04/16 08:55:00,01566,华夏文化科技,CA CULTURAL,,0.051,0.0,0.0,0.051,0.0,0.0,0.0,0,0,0.0,0.0
2026/04/16 09:01:23,01568,承达集团,SUNDART HLDGS,,0.75,0.0,0.0,0.75,0.0,0.0,0.0,0,0,0.72,0.77
2026/04/16 09:04:47,01569,民生教育,MINSHENG EDU,,0.135,0.0,0.0,0.135,0.0,0.0,0.0,0,0,0.131,0.148
2026/04/16 09:09:38,01570,伟业控股,WEIYE HOLDINGS,,7.1,0.0,0.0,7.1,0.0,0.0,0.0,0,0,0.0,7.79
2026/04/16 09:02:24,01571,信邦控股,XIN POINT HOLD,,4.43,0.0,0.0,4.43,0.0,0.0,0.0,0,0,4.4,4.48
2026/04/16 09:04:28,01572,中国艺术金融,CHINA ART FIN,,0.085,0.0,0.0,0.085,0.0,0.0,0.0,0,0,0.081,0.085
2026/04/16 09:04:27,01575,皇庭智家,REGAL PARTNERS,,0.055,0.0,0.0,0.055,0.0,0.0,0.0,0,0,0.051,0.059
2026/04/16 09:09:36,01576,齐鲁高速,QILU EXPRESSWAY,,1.82,0.0,0.0,1.82,0.0,0.0,0.0,0,0,1.8,1.82
2026/04/16 09:00:45,01577,汇鑫小贷,HUIXIN CREDIT,,1.0,0.0,0.0,1.0,0.0,0.0,0.0,0,0,0.95,1.0
2026/04/16 09:00:30,01578,天津银行,BANK OF TIANJIN,,2.41,0.0,0.0,2.41,0.0,0.0,0.0,0,0,2.38,2.43
2026/04/16 09:07:54,01579,颐海国际,YIHAI INTL,,15.96,0.0,0.0,15.96,0.0,0.0,0.0,0,0,15.82,16.2
2026/04/16 09:02:38,01580,大森控股,DA SEN HLDGS,,0.345,0.0,0.0,0.345,0.0,0.0,0.0,0,0,0.0,0.395
2026/04/16 09:04:40,01581,进升集团控股,PROGRESSIVE P,,0.29,0.0,0.0,0.29,0.0,0.0,0.0,0,0,0.285,0.285
2026/04/16 09:04:36,01582,华营建筑,CR CONSTRUCTION,,0.36,0.0,0.0,0.36,0.0,0.0,0.0,0,0,0.36,0.36
2026/04/16 09:00:29,01583,亲亲食品,QINQIN FOODS,,1.07,0.0,0.0,1.07,0.0,0.0,0.0,0,0,1.01,1.09
2026/04/16 09:04:45,01585,雅迪控股,YADEA,,12.95,0.0,0.0,12.95,0.0,0.0,0.0,0,0,12.95,13.05
2026/04/16 09:03:06,01586,力鸿检验,LEON INSPECTION,,1.57,0.0,0.0,1.57,0.0,0.0,0.0,0,0,1.55,1.72
2026/04/16 09:04:27,01587,欣融国际,SHINEROAD INTL,,0.59,0.0,0.0,0.59,0.0,0.0,0.0,0,0,0.55,0.59
2026/04/16 09:03:25,01588,畅捷通,CHANJET,,6.9,0.0,0.0,6.9,0.0,0.0,0.0,0,0,6.8,7.35
2026/04/16 09:00:36,01591,汛和集团,SHUN WO GROUP,,0.137,0.0,0.0,0.137,0.0,0.0,0.0,0,0,0.13,0.138
2026/04/16 09:06:48,01592,基石控股,ANCHORSTONE,,0.144,0.0,0.0,0.144,0.0,0.0,0.0,0,0,0.134,0.147
2026/04/16 09:00:29,01593,辰林教育,CHEN LIN EDU,,1.25,0.0,0.0,1.25,0.0,0.0,0.0,0,0,1.2,1.3
2026/04/16 09:00:00,01596,翼辰实业,YICHEN IND,,0.65,0.0,0.0,0.65,0.0,0.0,0.0,0,0,0.65,0.66
2026/04/16 09:04:39,01597,纳泉能源科技,NATURE ENERGY T,,3.5,0.0,0.0,3.5,0.0,0.0,0.0,0,0,3.2,0.0
2026/04/16 08:55:00,01598,２１世纪教育,21CENTURY EDU,,0.111,0.0,0.0,0.111,0.0,0.0,0.0,0,0,0.0,0.0
2026/04/16 09:02:23,01599,城建设计,UCD,,1.28,0.0,0.0,1.28,0.0,0.0,0.0,0,0,1.27,1.28
2026/04/16 09:00:20,01600,天伦燃气,TIAN LUN GAS,,2.85,0.0,0.0,2.85,0.0,0.0,0.0,0,0,2.75,2.85
2026/04/16 09:00:40,01601,中关村科技租赁,ZGC TEC LEASING,,0.86,0.0,0.0,0.86,0.0,0.0,0.0,0,0,0.84,0.86
2026/04/16 09:00:02,01606,国银金租,CDB LEASING,,1.52,0.0,0.0,1.52,0.0,0.0,0.0,0,0,1.51,1.52
2026/04/16 08:55:00,01608,伟能集团,VPOWER GROUP,,0.109,0.0,0.0,0.109,0.0,0.0,0.0,0,0,0.0,0.0
2026/04/16 09:07:48,01610,中粮家佳康,COFCO JOYCOME,,1.42,0.0,0.0,1.42,0.0,0.0,0.0,0,0,1.42,1.42
2026/04/16 09:10:42,01611,新火集团,BITFIRE GROUP,,2.3,0.0,0.0,2.3,0.0,0.0,0.0,0,0,2.3,2.3
2026/04/16 09:00:06,01612,永胜医疗,VINCENT MED,,0.93,0.0,0.0,0.93,0.0,0.0,0.0,0,0,0.91,0.93
2026/04/16 09:00:38,01613,协同通信,SYNERTONE,,0.178,0.0,0.0,0.178,0.0,0.0,0.0,0,0,0.17,0.19
2026/04/16 09:04:56,01615,奥邦建筑,AB BUILDERS,,0.365,0.0,0.0,0.365,0.0,0.0,0.0,0,0,0.365,0.365
2026/04/16 08:55:00,01616,一元宇宙,A METAVERSE,,0.06,0.0,0.0,0.06,0.0,0.0,0.0,0,0,0.0,0.0
2026/04/16 09:00:08,01617,南方通信,NANFANG COMM,,0.45,0.0,0.0,0.45,0.0,0.0,0.0,0,0,0.445,0.455
2026/04/16 09:05:50,01618,中国中冶,MCC,,1.6,0.0,0.0,1.6,0.0,0.0,0.0,0,0,1.6,1.6
2026/04/16 09:04:24,01620,富盈环球集团,CINESE INTL,,0.099,0.0,0.0,0.099,0.0,0.0,0.0,0,0,0.099,0.103
2026/04/16 09:00:08,01621,域高国际控股,VICO INTL HLDGS,,0.172,0.0,0.0,0.172,0.0,0.0,0.0,0,0,0.166,0.179
2026/04/16 09:02:06,01622,力高集团,REDCO GROUP,,0.167,0.0,0.0,0.167,0.0,0.0,0.0,0,0,0.152,0.169
2026/04/16 09:00:30,01623,海隆控股,HILONG,,0.238,0.0,0.0,0.238,0.0,0.0,0.0,0,0,0.23,0.239
2026/04/16 09:04:00,01626,嘉耀控股,JIA YAO HLDGS,,6.0,0.0,0.0,6.0,0.0,0.0,0.0,0,0,0.0,6.9
2026/04/16 09:00:15,01627,安保工程控股,ABLE ENG HLDGS,,0.57,0.0,0.0,0.57,0.0,0.0,0.0,0,0,0.57,0.6
2026/04/16 09:04:20,01628,禹洲集团,YUZHOU GROUP,,0.182,0.0,0.0,0.182,0.0,0.0,0.0,0,0,0.163,0.196
2026/04/16 09:00:08,01629,冠均国际控股,CHAMP ALLI INTL,,0.176,0.0,0.0,0.176,0.0,0.0,0.0,0,0,0.176,0.185
2026/04/16 09:07:52,01630,建成控股,KIN SHING HLDGS,,0.184,0.0,0.0,0.184,0.0,0.0,0.0,0,0,0.184,0.185
2026/04/16 09:00:50,01631,REF HOLDINGS,REF HOLDINGS,,0.495,0.0,0.0,0.495,0.0,0.0,0.0,0,0,0.475,0.0
2026/04/16 09:00:10,01632,民商创科,MSCTECH,,0.051,0.0,0.0,0.051,0.0,0.0,0.0,0,0,0.05,0.055
2026/04/16 09:00:12,01633,上谕集团,SHEUNG YUE GP,,0.25,0.0,0.0,0.25,0.0,0.0,0.0,0,0,0.244,0.255
2026/04/16 09:10:46,01635,大众公用,DZUG,,3.12,0.0,0.0,3.12,0.0,0.0,0.0,0,0,3.1,3.1
2026/04/16 08:55:00,01636,中国金属利用,CMRU,,0.31,0.0,0.0,0.31,0.0,0.0,0.0,0,0,0.0,0.0
2026/04/16 09:00:06,01637,顺兴集团控股,SH GROUP HLDG,,0.45,0.0,0.0,0.45,0.0,0.0,0.0,0,0,0.45,0.465
2026/04/16 09:00:02,01638,佳兆业集团,KAISA GROUP,,0.081,0.0,0.0,0.081,0.0,0.0,0.0,0,0,0.08,0.082
2026/04/16 09:08:16,01640,千循科技,QIAN XUN TECH,,1.2,0.0,0.0,1.2,0.0,0.0,0.0,0,0,1.16,0.0
2026/04/16 09:06:12,01641,红星冷链,HX COLDCHAIN,,7.18,0.0,0.0,7.18,0.0,0.0,0.0,0,0,6.71,7.45
2026/04/16 09:05:58,01643,现代中药集团,MODERN CHI MED,,2.59,0.0,0.0,2.59,0.0,0.0,0.0,0,0,2.5,2.55
2026/04/16 09:08:46,01645,海纳智能,HAINA INTEL,,1.47,0.0,0.0,1.47,0.0,0.0,0.0,0,0,1.47,1.65
2026/04/16 09:04:40,01647,雄岸科技,GRANDSHORES,,0.07,0.0,0.0,0.07,0.0,0.0,0.0,0,0,0.068,0.08
2026/04/16 09:04:04,01650,HYGIEIA GROUP,HYGIEIA GROUP,,0.125,0.0,0.0,0.125,0.0,0.0,0.0,0,0,0.122,0.13
2026/04/16 09:07:16,01651,津上机床中国,TSUGAMI CHINA,,44.82,0.0,0.0,44.82,0.0,0.0,0.0,0,0,44.98,45.0
2026/04/16 09:08:24,01652,福森药业,FUSEN PHARM,,1.2,0.0,0.0,1.2,0.0,0.0,0.0,0,0,1.1,1.2
2026/04/16 09:04:36,01653,MOS HOUSE,MOS HOUSE,,2.75,0.0,0.0,2.75,0.0,0.0,0.0,0,0,2.47,2.9
2026/04/16 09:08:18,01655,OKURA HOLDINGS,OKURA HOLDINGS,,0.24,0.0,0.0,0.24,0.0,0.0,0.0,0,0,0.231,0.245
2026/04/16 09:07:56,01656,亿仕登控股,ISDN HOLDINGS,,2.31,0.0,0.0,2.31,0.0,0.0,0.0,0,0,0.0,2.49
2026/04/16 09:00:05,01657,桦欣控股,SG GROUP HLDGS,,23.1,0.0,0.0,23.1,0.0,0.0,0.0,0,0,21.0,24.0
2026/04/16 09:07:46,01658,邮储银行,PSBC,,5.02,0.0,0.0,5.02,0.0,0.0,0.0,0,0,5.02,5.02
2026/04/16 09:08:18,01660,七元投资,SEVEN ELEMENTS,,0.335,0.0,0.0,0.335,0.0,0.0,0.0,0,0,0.345,0.345
2026/04/16 09:07:58,01661,中国前沿科技集团,CH FRONTIER TEC,,2.72,0.0,0.0,2.72,0.0,0.0,0.0,0,0,2.4,2.72
2026/04/16 09:00:04,01662,义合控股,YEE HOP HLDGS,,0.67,0.0,0.0,0.67,0.0,0.0,0.0,0,0,0.67,0.73
2026/04/16 09:00:26,01663,汉港控股,S HARBOURHOLD,,0.089,0.0,0.0,0.089,0.0,0.0,0.0,0,0,0.086,0.094
2026/04/16 09:04:38,01666,同仁堂科技,TONG REN TANG,,3.92,0.0,0.0,3.92,0.0,0.0,0.0,0,0,3.86,4.01
2026/04/16 09:03:13,01667,迪米生活控股,DIMMI LIFE HLDG,,0.37,0.0,0.0,0.37,0.0,0.0,0.0,0,0,0.0,0.38
2026/04/16 08:55:00,01668,华南城,CHINASOUTHCITY,,0.107,0.0,0.0,0.107,0.0,0.0,0.0,0,0,0.0,0.0
2026/04/16 09:00:10,01669,环球信贷集团,GIC GROUP,,1.02,0.0,0.0,1.02,0.0,0.0,0.0,0,0,0.98,1.02
2026/04/16 09:06:12,01671,天保能源,TIANBAO ENERGY,,0.71,0.0,0.0,0.71,0.0,0.0,0.0,0,0,0.69,0.75
2026/04/16 09:03:00,01672,歌礼制药－Ｂ,ASCLETIS-B,,17.85,0.0,0.0,17.85,0.0,0.0,0.0,0,0,16.9,18.0
2026/04/16 08:55:00,01673,华章科技,HUAZHANG TECH,,0.255,0.0,0.0,0.255,0.0,0.0,0.0,0,0,0.0,0.0
2026/04/16 09:06:20,01675,亚信科技,ASIAINFO TECH,,5.86,0.0,0.0,5.86,0.0,0.0,0.0,0,0,5.81,5.96
2026/04/16 09:04:22,01676,高地股份,GAODI HOLDINGS,,0.213,0.0,0.0,0.213,0.0,0.0,0.0,0,0,0.208,0.215
2026/04/16 09:04:19,01679,瑞斯康集团,RISECOMM GP,,0.58,0.0,0.0,0.58,0.0,0.0,0.0,0,0,0.57,0.62
2026/04/16 09:01:33,01680,澳门励骏,MACAU LEGEND,,0.2,0.0,0.0,0.2,0.0,0.0,0.0,0,0,0.185,0.224
2026/04/16 09:00:20,01681,康臣药业,CONSUN PHARMA,,16.44,0.0,0.0,16.44,0.0,0.0,0.0,0,0,16.4,16.94
2026/04/16 09:04:19,01682,杭品生活科技,HP LIVING TECH,,0.14,0.0,0.0,0.14,0.0,0.0,0.0,0,0,0.135,0.145
2026/04/16 09:00:02,01683,旷逸国际,HOPE LIFE INT,,0.237,0.0,0.0,0.237,0.0,0.0,0.0,0,0,0.237,0.245
2026/04/16 09:00:22,01685,博耳电力,BOER POWER,,0.52,0.0,0.0,0.52,0.0,0.0,0.0,0,0,0.51,0.56
2026/04/16 09:02:20,01686,新意网集团,SUNEVISION,,6.15,0.0,0.0,6.15,0.0,0.0,0.0,0,0,6.15,6.15
2026/04/16 09:01:56,01689,华禧控股,HUAXIHOLDINGS,,0.325,0.0,0.0,0.325,0.0,0.0,0.0,0,0,0.3,0.36
2026/04/16 09:00:10,01690,立基工程控股,LAP KEI ENGRG,,0.182,0.0,0.0,0.182,0.0,0.0,0.0,0,0,0.168,0.182
2026/04/16 09:09:24,01691,ＪＳ环球生活,JS GLOBAL LIFE,,1.79,0.0,0.0,1.79,0.0,0.0,0.0,0,0,1.78,1.79
2026/04/16 09:00:15,01692,登辉控股,TOWNRAY HLDGS,,1.65,0.0,0.0,1.65,0.0,0.0,0.0,0,0,1.46,1.7
2026/04/16 09:02:51,01693,璋利国际,BGMC,,5.5,0.0,0.0,5.5,0.0,0.0,0.0,0,0,5.42,5.8
2026/04/16 09:00:06,01695,椰丰集团,S&P INTL HLDG,,0.1,0.0,0.0,0.1,0.0,0.0,0.0,0,0,0.096,0.101
2026/04/16 09:04:29,01696,复锐医疗科技,SISRAM MED,,3.15,0.0,0.0,3.15,0.0,0.0,0.0,0,0,3.13,3.23
2026/04/16 09:00:02,01697,山东国信,SDITC,,0.35,0.0,0.0,0.35,0.0,0.0,0.0,0,0,0.34,0.35
2026/04/16 09:01:23,01698,腾讯音乐－ＳＷ,TME-SW,,38.56,0.0,0.0,38.56,0.0,0.0,0.0,308900,11982756,38.56,38.56
2026/04/16 09:03:48,01701,途屹控股,TU YI HLDG,,0.092,0.0,0.0,0.092,0.0,0.0,0.0,0,0,0.091,0.0
2026/04/16 09:01:24,01702,东光化工,DONGGUANG CHEM,,1.99,0.0,0.0,1.99,0.0,0.0,0.0,0,0,1.72,0.0
2026/04/16 09:04:19,01703,谊和股份,EASYHOLD GROUP,,0.085,0.0,0.0,0.085,0.0,0.0,0.0,0,0,0.078,0.088
2026/04/16 09:00:04,01705,宾仕国际,B & S INTL HLDG,,0.55,0.0,0.0,0.55,0.0,0.0,0.0,0,0,0.53,0.55
2026/04/16 08:55:00,01707,致浩达控股,GEOTECH HLDGS,,0.042,0.0,0.0,0.042,0.0,0.0,0.0,0,0,0.0,0.0
2026/04/16 09:01:14,01708,三宝科技,SAMPLE TECH,,0.3,0.0,0.0,0.3,0.0,0.0,0.0,0,0,0.3,0.0
2026/04/16 09:04:26,01709,德林控股,DL HOLDINGS GP,,1.15,0.0,0.0,1.15,0.0,0.0,0.0,0,0,1.16,1.16
2026/04/16 09:04:30,01710,致丰工业电子,TRIO IND ELEC,,0.475,0.0,0.0,0.475,0.0,0.0,0.0,0,0,0.47,0.485
2026/04/16 09:00:06,01711,欧化,ULFERTS,,0.152,0.0,0.0,0.152,0.0,0.0,0.0,0,0,0.132,0.162
2026/04/16 09:10:44,01712,龙资源,DRAGON MINING,,9.43,0.0,0.0,9.43,0.0,0.0,0.0,0,0,9.23,9.68
2026/04/16 09:00:20,01713,四川能投发展,SICHUAN EN INV,,2.2,0.0,0.0,2.2,0.0,0.0,0.0,0,0,2.19,2.29
2026/04/16 09:05:52,01715,智慧健康科技,AI HEALTH TECH,,0.52,0.0,0.0,0.52,0.0,0.0,0.0,0,0,0.485,0.52
2026/04/16 09:00:04,01716,毛记葵涌,MOST KWAI CHUNG,,4.0,0.0,0.0,4.0,0.0,0.0,0.0,0,0,4.0,4.0
2026/04/16 09:04:29,01717,澳优,AUSNUTRIA,,1.72,0.0,0.0,1.72,0.0,0.0,0.0,0,0,1.72,1.9
2026/04/16 09:00:18,01718,宏基集团控股,WAN KEI GROUP,,0.35,0.0,0.0,0.35,0.0,0.0,0.0,0,0,0.345,0.37
2026/04/16 09:00:10,01719,中国通商集团,CIL GROUP,,0.31,0.0,0.0,0.31,0.0,0.0,0.0,0,0,0.28,0.31
2026/04/16 09:00:48,01720,普天通信集团,PUTIAN COMM,,0.56,0.0,0.0,0.56,0.0,0.0,0.0,0,0,0.54,0.6
2026/04/16 08:55:00,01721,FSM HOLDINGS,FSM HOLDINGS,,0.14,0.0,0.0,0.14,0.0,0.0,0.0,0,0,0.0,0.0
2026/04/16 09:00:12,01722,建鹏控股,KIN PANG HLDGS,,0.073,0.0,0.0,0.073,0.0,0.0,0.0,0,0,0.065,0.078
2026/04/16 09:00:00,01723,恒月控股,MOON INC,,1.06,0.0,0.0,1.06,0.0,0.0,0.0,0,0,0.99,1.08
2026/04/16 09:04:39,01725,中国技术集团,C STRATEGIC TEC,,0.7,0.0,0.0,0.7,0.0,0.0,0.0,0,0,0.7,0.72
2026/04/16 09:04:25,01726,HKE HOLDINGS,HKE HOLDINGS,,1.22,0.0,0.0,1.22,0.0,0.0,0.0,0,0,1.16,1.22
2026/04/16 09:03:45,01727,河北建设,HEBEI CONS,,0.315,0.0,0.0,0.315,0.0,0.0,0.0,0,0,0.295,0.33
2026/04/16 08:55:00,01728,正通汽车,ZHENGTONGAUTO,,0.143,0.0,0.0,0.143,0.0,0.0,0.0,0,0,0.0,0.0
2026/04/16 09:03:10,01729,汇聚科技,TIME INTERCON,,17.98,0.0,0.0,17.98,0.0,0.0,0.0,0,0,18.01,18.38
2026/04/16 09:04:19,01731,其利工业集团,PROSPEROUS IND,,0.84,0.0,0.0,0.84,0.0,0.0,0.0,0,0,0.82,0.86
2026/04/16 09:00:30,01732,象兴国际,XIANGXING INT,,0.218,0.0,0.0,0.218,0.0,0.0,0.0,0,0,0.204,0.229
2026/04/16 09:04:37,01733,易大宗,E-COMMODITIES,,0.76,0.0,0.0,0.76,0.0,0.0,0.0,6000,4500,0.76,0.76
2026/04/16 09:00:04,01735,中环新能源,CENTRAL NEW EGY,,9.26,0.0,0.0,9.26,0.0,0.0,0.0,0,0,9.27,9.27
2026/04/16 09:01:55,01736,中国育儿网络,PARENTING NET,,0.5,0.0,0.0,0.5,0.0,0.0,0.0,0,0,0.425,0.57
2026/04/16 09:02:27,01737,亚洲实业集团,A & S GROUP,,0.1,0.0,0.0,0.1,0.0,0.0,0.0,0,0,0.097,0.106
2026/04/16 09:00:12,01738,飞尚无烟煤,FS ANTHRACITE,,0.104,0.0,0.0,0.104,0.0,0.0,0.0,0,0,0.095,0.105
2026/04/16 09:04:25,01739,齐屹科技,QEEKA HOME,,0.204,0.0,0.0,0.204,0.0,0.0,0.0,0,0,0.203,0.22
2026/04/16 09:00:25,01740,新石文化,VALUES CULTURAL,,0.11,0.0,0.0,0.11,0.0,0.0,0.0,0,0,0.1,0.115
2026/04/16 09:00:00,01741,成志控股,SHING CHI HLDGS,,0.17,0.0,0.0,0.17,0.0,0.0,0.0,0,0,0.168,0.0
2026/04/16 09:01:46,01742,HPC HOLDINGS,HPC HOLDINGS,,0.217,0.0,0.0,0.217,0.0,0.0,0.0,0,0,0.201,0.227
2026/04/16 09:00:26,01745,驴迹科技,LVJI TECH,,0.116,0.0,0.0,0.116,0.0,0.0,0.0,0,0,0.114,0.116
2026/04/16 09:10:50,01746,万顺集团控股,MAN SHUN GP,,0.46,0.0,0.0,0.46,0.0,0.0,0.0,0,0,0.455,0.46
2026/04/16 09:07:46,01747,HOME CONTROL,HOME CONTROL,,4.6,0.0,0.0,4.6,0.0,0.0,0.0,0,0,4.24,4.9
2026/04/16 08:55:00,01748,信源企业集团,XIN YUAN ENT,,1.76,0.0,0.0,1.76,0.0,0.0,0.0,0,0,0.0,0.0
2026/04/16 09:01:40,01749,杉杉品牌,SHANSHAN,,0.61,0.0,0.0,0.61,0.0,0.0,0.0,0,0,0.62,0.66
2026/04/16 09:08:06,01750,全达电器集团控股,REM GROUP HLDGS,,0.113,0.0,0.0,0.113,0.0,0.0,0.0,0,0,0.107,0.116
2026/04/16 09:03:54,01751,智算能建,AI ENERGY ENG,,1.35,0.0,0.0,1.35,0.0,0.0,0.0,0,0,1.35,1.38
2026/04/16 09:04:03,01752,澳洲成峰高教,TOP EDUCATION,,0.084,0.0,0.0,0.084,0.0,0.0,0.0,0,0,0.084,0.091
2026/04/16 09:00:10,01753,兑吧,DUIBA,,0.115,0.0,0.0,0.115,0.0,0.0,0.0,0,0,0.11,0.127
2026/04/16 08:55:00,01755,新城悦服务,S-ENJOY SERVICE,,2.8,0.0,0.0,2.8,0.0,0.0,0.0,0,0,0.0,0.0
2026/04/16 09:04:30,01756,中国科教产业,CHI SCI&EDU IND,,0.56,0.0,0.0,0.56,0.0,0.0,0.0,0,0,0.54,0.56
2026/04/16 09:00:10,01757,环球华商（一千）,GLOBAL CHI-1K,,18.18,0.0,0.0,18.18,0.0,0.0,0.0,0,0,17.68,18.09
2026/04/16 09:04:08,01758,博骏教育,BOJUN EDU,,0.112,0.0,0.0,0.112,0.0,0.0,0.0,0,0,0.105,0.12
2026/04/16 08:55:00,01759,中油洁能控股,SINO GAS HLDGS,,0.99,0.0,0.0,0.99,0.0,0.0,0.0,0,0,0.0,0.0
2026/04/16 09:01:59,01760,英恒科技,INTRON TECH,,1.81,0.0,0.0,1.81,0.0,0.0,0.0,0,0,1.8,1.85
2026/04/16 09:00:02,01762,万咖壹联,WANKA ONLINE,,1.66,0.0,0.0,1.66,0.0,0.0,0.0,0,0,1.65,1.67
2026/04/16 09:04:17,01763,中国同辐,CIRC,,19.0,0.0,0.0,19.0,0.0,0.0,0.0,0,0,18.08,19.57
2026/04/16 09:02:26,01765,希教国际控股,XJ INTL HLDGS,,0.156,0.0,0.0,0.156,0.0,0.0,0.0,0,0,0.155,0.166
2026/04/16 09:05:41,01766,中国中车,CRRC,,5.11,0.0,0.0,5.11,0.0,0.0,0.0,1000,5110,5.1,5.16
2026/04/16 09:00:18,01767,TS WONDERS,TS WONDERS,,0.355,0.0,0.0,0.355,0.0,0.0,0.0,0,0,0.345,0.36
2026/04/16 09:03:51,01768,鸣鸣很忙,BUSYMING,,400.0,0.0,0.0,400.0,0.0,0.0,0.0,0,0,390.0,400.0
2026/04/16 09:02:53,01769,思考乐教育,SCHOLAR EDU,,1.62,0.0,0.0,1.62,0.0,0.0,0.0,0,0,1.55,1.64
2026/04/16 09:10:45,01771,新丰泰集团,SUNFONDA GP,,0.178,0.0,0.0,0.178,0.0,0.0,0.0,0,0,0.162,0.189
2026/04/16 09:10:00,01772,赣锋锂业,GANFENGLITHIUM,,78.45,0.0,0.0,78.45,0.0,0.0,0.0,200,15690,79.6,79.6
2026/04/16 09:00:06,01773,天立国际控股,TIANLI INT HLDG,,2.08,0.0,0.0,2.08,0.0,0.0,0.0,0,0,2.09,2.09
2026/04/16 09:00:08,01775,精英汇集团,BEXCELLENT GP,,0.445,0.0,0.0,0.445,0.0,0.0,0.0,0,0,0.44,0.465
2026/04/16 09:10:16,01776,广发证券,GF SEC,,16.45,0.0,0.0,16.45,0.0,0.0,0.0,0,0,16.41,16.68
2026/04/16 09:00:02,01777,花样年控股,FANTASIA,,0.081,0.0,0.0,0.081,0.0,0.0,0.0,0,0,0.076,0.081
2026/04/16 09:00:57,01778,彩生活,COLOUR LIFE,,0.21,0.0,0.0,0.21,0.0,0.0,0.0,0,0,0.201,0.216
2026/04/16 08:55:00,01780,荣尊国际控股,RONGZUN INT'L H,,1.0,0.0,0.0,1.0,0.0,0.0,0.0,0,0,0.0,0.0
2026/04/16 09:00:04,01782,国际商业数字技术,IB DIGITAL TECH,,3.2,0.0,0.0,3.2,0.0,0.0,0.0,0,0,3.0,3.4
2026/04/16 09:04:39,01783,晋景新能,ENVISION GREEN,,3.22,0.0,0.0,3.22,0.0,0.0,0.0,0,0,3.22,3.23
2026/04/16 09:00:00,01785,成都高速,CHENGDU EXPWAY,,2.09,0.0,0.0,2.09,0.0,0.0,0.0,0,0,2.09,2.09
2026/04/16 09:00:04,01786,铁建装备,CRCCE,,0.87,0.0,0.0,0.87,0.0,0.0,0.0,0,0,0.85,0.88
2026/04/16 09:10:50,01787,山东黄金,SD GOLD,,33.1,0.0,0.0,33.1,0.0,0.0,0.0,0,0,33.38,33.38
2026/04/16 09:10:12,01788,国泰君安国际,GUOTAI JUNAN I,,2.63,0.0,0.0,2.63,0.0,0.0,0.0,0,0,2.64,2.64
2026/04/16 09:00:38,01789,爱康医疗,AK MEDICAL,,7.03,0.0,0.0,7.03,0.0,0.0,0.0,0,0,6.91,7.12
2026/04/16 08:55:00,01790,达力环保,TIL ENVIRO,,0.52,0.0,0.0,0.52,0.0,0.0,0.0,0,0,0.0,0.0
2026/04/16 09:01:25,01792,CMON,CMON,,1.19,0.0,0.0,1.19,0.0,0.0,0.0,0,0,1.08,1.2
2026/04/16 09:04:15,01793,伟工控股,WECON HOLDINGS,,0.27,0.0,0.0,0.27,0.0,0.0,0.0,0,0,0.265,0.27
2026/04/16 09:04:36,01795,亚东集团,YADONG GROUP,,0.51,0.0,0.0,0.51,0.0,0.0,0.0,0,0,0.495,0.51
2026/04/16 08:55:00,01796,中国数智科技,METASPACEX,,0.66,0.0,0.0,0.66,0.0,0.0,0.0,0,0,0.0,0.0
2026/04/16 09:09:04,01797,东方甄选,EAST BUY,,28.48,0.0,0.0,28.48,0.0,0.0,0.0,0,0,29.0,29.0
2026/04/16 09:00:00,01798,大唐新能源,DATANG RENEW,,1.48,0.0,0.0,1.48,0.0,0.0,0.0,0,0,1.47,1.48
2026/04/16 09:09:56,01799,新特能源,XINTE ENERGY,,5.34,0.0,0.0,5.34,0.0,0.0,0.0,0,0,5.32,5.49
2026/04/16 09:02:07,01800,中国交通建设,CHINA COMM CONS,,4.54,0.0,0.0,4.54,0.0,0.0,0.0,0,0,4.52,4.55
2026/04/16 09:00:00,01801,信达生物,INNOVENT BIO,,91.4,0.0,0.0,91.4,0.0,0.0,0.0,0,0,91.4,91.4
2026/04/16 08:55:00,01802,文业集团,WENYE GROUP,,0.045,0.0,0.0,0.045,0.0,0.0,0.0,0,0,0.0,0.0
2026/04/16 09:04:28,01803,北京体育文化,BJ SPORTS & ENT,,0.075,0.0,0.0,0.075,0.0,0.0,0.0,0,0,0.07,0.079
2026/04/16 09:04:17,01808,企展控股,ENTERPRISE DEV,,2.29,0.0,0.0,2.29,0.0,0.0,0.0,0,0,2.29,2.4
2026/04/16 09:00:10,01809,浦林成山,PRINX CHENGSHAN,,8.09,0.0,0.0,8.09,0.0,0.0,0.0,0,0,8.01,8.09
2026/04/16 09:10:52,01810,小米集团－Ｗ,XIAOMI-W,,30.9,0.0,0.0,30.9,0.0,0.0,0.0,0,0,30.9,30.9
2026/04/16 09:00:02,01811,中广核新能源,CGN NEW ENERGY,,2.64,0.0,0.0,2.64,0.0,0.0,0.0,0,0,2.63,2.67
2026/04/16 09:00:36,01812,晨鸣纸业,CHENMING PAPER,,1.13,0.0,0.0,1.13,0.0,0.0,0.0,0,0,1.13,1.13
2026/04/16 09:03:58,01813,合景泰富集团,KWG GROUP,,0.179,0.0,0.0,0.179,0.0,0.0,0.0,0,0,0.171,0.182
2026/04/16 09:08:42,01815,珠峰黄金,EVEREST GOLD,,1.09,0.0,0.0,1.09,0.0,0.0,0.0,0,0,1.06,1.1
2026/04/16 09:10:42,01816,中广核电力,CGN POWER,,3.33,0.0,0.0,3.33,0.0,0.0,0.0,0,0,3.33,3.33
2026/04/16 09:01:03,01817,慕尚集团控股,MULSANNE GROUP,,0.295,0.0,0.0,0.295,0.0,0.0,0.0,0,0,0.27,0.3
2026/04/16 09:01:44,01818,招金矿业,ZHAOJIN MINING,,32.96,0.0,0.0,32.96,0.0,0.0,0.0,0,0,32.96,32.96
2026/04/16 08:55:00,01820,济丰包装,PM PACKAGING,,2.54,0.0,0.0,2.54,0.0,0.0,0.0,0,0,0.0,0.0
2026/04/16 09:03:26,01822,中木国际,CHINA WOOD INT,,0.144,0.0,0.0,0.144,0.0,0.0,0.0,0,0,0.132,0.155
2026/04/16 09:04:34,01823,华昱高速,HUAYUEXPRESSWAY,,1.69,0.0,0.0,1.69,0.0,0.0,0.0,0,0,0.0,1.85
2026/04/16 09:04:24,01825,STERLING GP-NEW,STERLING GP-NEW,,0.9,0.0,0.0,0.9,0.0,0.0,0.0,0,0,0.0,0.97
2026/04/16 09:04:26,01826,丰展控股,FDB HOLDINGS,,0.174,0.0,0.0,0.174,0.0,0.0,0.0,0,0,0.155,0.175
2026/04/16 09:00:02,01827,卓珈控股,MIRICOR,,0.94,0.0,0.0,0.94,0.0,0.0,0.0,0,0,0.0,0.96
2026/04/16 09:00:06,01828,富卫集团,FWD,,32.0,0.0,0.0,32.0,0.0,0.0,0.0,0,0,32.0,32.0
2026/04/16 09:00:08,01830,完美医疗,PERFECT MEDICAL,,1.18,0.0,0.0,1.18,0.0,0.0,0.0,0,0,1.17,1.25
2026/04/16 09:00:15,01831,十方控股,SHIFANG HLDG,,0.45,0.0,0.0,0.45,0.0,0.0,0.0,0,0,0.4,0.47
2026/04/16 09:03:30,01832,海天地悦旅,SAI LEISURE,,0.81,0.0,0.0,0.81,0.0,0.0,0.0,0,0,0.8,0.85
2026/04/16 09:07:54,01833,平安好医生,PA GOODDOCTOR,,11.89,0.0,0.0,11.89,0.0,0.0,0.0,0,0,11.9,11.9
2026/04/16 08:55:00,01835,瑞威资管,REALWAY CAPITAL,,1.24,0.0,0.0,1.24,0.0,0.0,0.0,0,0,0.0,0.0
2026/04/16 09:04:31,01836,九兴控股,STELLA HOLDINGS,,14.99,0.0,0.0,14.99,0.0,0.0,0.0,0,0,14.89,15.11
2026/04/16 09:00:59,01837,五谷磨房,NATURAL FOOD IH,,1.71,0.0,0.0,1.71,0.0,0.0,0.0,2000,3400,1.71,1.72
2026/04/16 09:01:08,01841,优越集团控股,A.PLUS GROUP,,0.235,0.0,0.0,0.235,0.0,0.0,0.0,0,0,0.225,0.235
2026/04/16 09:04:16,01842,植华集团,GROWN UP GROUP,,0.043,0.0,0.0,0.043,0.0,0.0,0.0,0,0,0.042,0.046
2026/04/16 09:02:41,01843,快餐帝国,SNACK EMPIRE,,0.144,0.0,0.0,0.144,0.0,0.0,0.0,0,0,0.14,0.15
2026/04/16 08:55:00,01845,维港环保科技,WG ENV TECH,,0.238,0.0,0.0,0.238,0.0,0.0,0.0,0,0,0.0,0.0
2026/04/16 09:04:18,01846,德视佳,EUROEYES,,2.89,0.0,0.0,2.89,0.0,0.0,0.0,0,0,2.67,2.88
2026/04/16 09:03:24,01847,云南建投混凝土,GHPC,,0.44,0.0,0.0,0.44,0.0,0.0,0.0,0,0,0.42,0.5
2026/04/16 09:07:06,01848,中国飞机租赁,CALC,,4.04,0.0,0.0,4.04,0.0,0.0,0.0,0,0,4.0,4.18
2026/04/16 08:55:00,01849,秀商时代控股,AM GROUP,,0.05,0.0,0.0,0.05,0.0,0.0,0.0,0,0,0.0,0.0
2026/04/16 09:01:44,01850,鸿盛昌资源,HSC RESOURCES,,1.0,0.0,0.0,1.0,0.0,0.0,0.0,0,0,0.92,0.99
2026/04/16 09:09:36,01851,银杏教育,GINGKO EDU,,4.28,0.0,0.0,4.28,0.0,0.0,0.0,0,0,4.25,4.46
2026/04/16 08:55:00,01853,春城热力,CHUNCHENG HEAT,,1.74,0.0,0.0,1.74,0.0,0.0,0.0,0,0,0.0,0.0
2026/04/16 09:02:00,01854,中国万天控股,CHINA WANTIAN,,1.1,0.0,0.0,1.1,0.0,0.0,0.0,0,0,1.1,1.12
2026/04/16 09:00:34,01855,中庆股份,ZONQING LTD,,0.335,0.0,0.0,0.335,0.0,0.0,0.0,0,0,0.33,0.345
2026/04/16 09:10:42,01856,依波路,ERNEST BOREL,,1.8,0.0,0.0,1.8,0.0,0.0,0.0,0,0,0.0,1.8
2026/04/16 09:04:48,01857,中国光大水务,CEB WATER,,1.47,0.0,0.0,1.47,0.0,0.0,0.0,0,0,1.46,1.47
2026/04/16 09:06:24,01858,春立医疗,CHUNLI MEDICAL,,13.55,0.0,0.0,13.55,0.0,0.0,0.0,0,0,13.58,13.78
2026/04/16 09:08:00,01860,汇量科技,MOBVISTA,,14.97,0.0,0.0,14.97,0.0,0.0,0.0,0,0,15.6,15.6
2026/04/16 09:00:44,01861,保宝龙科技,PRECIOUS DRAGON,,1.78,0.0,0.0,1.78,0.0,0.0,0.0,0,0,1.7,2.0
2026/04/16 08:55:00,01862,景瑞控股,JINGRUI HLDGS,,0.016,0.0,0.0,0.016,0.0,0.0,0.0,0,0,0.0,0.0
2026/04/16 08:55:00,01863,中国龙天集团,CHI LONGEVITY,,1.37,0.0,0.0,1.37,0.0,0.0,0.0,0,0,0.0,0.0
2026/04/16 09:00:38,01865,鹏高控股集团,PENGO HLDG GP,,0.44,0.0,0.0,0.44,0.0,0.0,0.0,0,0,0.43,0.45
2026/04/16 09:05:42,01866,中国心连心化肥,CHINA XLX FERT,,11.18,0.0,0.0,11.18,0.0,0.0,0.0,0,0,11.66,11.66
2026/04/16 09:01:39,01867,标准发展集团,STD DEV GROUP,,0.232,0.0,0.0,0.232,0.0,0.0,0.0,0,0,0.212,0.25
2026/04/16 09:00:04,01868,同方友友,NEO-NEON,,0.33,0.0,0.0,0.33,0.0,0.0,0.0,0,0,0.32,0.37
2026/04/16 09:00:18,01869,猫屎咖啡控股,KAFELAKU COFFEE,,0.105,0.0,0.0,0.105,0.0,0.0,0.0,0,0,0.097,0.115
2026/04/16 09:04:05,01870,益美国际控股,ACME INTL HLDGS,,0.49,0.0,0.0,0.49,0.0,0.0,0.0,0,0,0.45,0.495
2026/04/16 09:01:34,01871,向中国际,CHINA ORIENTED,,0.35,0.0,0.0,0.35,0.0,0.0,0.0,0,0,0.33,0.35
2026/04/16 09:04:58,01872,冠轈控股,GUAN CHAO HLDGS,,7.75,0.0,0.0,7.75,0.0,0.0,0.0,0,0,7.3,7.9
2026/04/16 09:00:00,01873,维亚生物,VIVA BIOTECH,,1.96,0.0,0.0,1.96,0.0,0.0,0.0,0,0,1.96,1.97
2026/04/16 09:01:41,01875,东曜药业－Ｂ,BIODLINK-B,,4.93,0.0,0.0,4.93,0.0,0.0,0.0,0,0,4.93,4.93
2026/04/16 09:04:17,01876,百威亚太,BUD APAC,,7.53,0.0,0.0,7.53,0.0,0.0,0.0,0,0,7.5,7.5
2026/04/16 09:05:20,01877,君实生物,JUNSHI BIO,,27.5,0.0,0.0,27.5,0.0,0.0,0.0,0,0,27.6,27.6
2026/04/16 09:00:06,01878,南戈壁,SOUTHGOBI,,2.05,0.0,0.0,2.05,0.0,0.0,0.0,0,0,2.02,2.05
2026/04/16 09:07:32,01880,中国中免,CTG DUTY-FREE,,65.7,0.0,0.0,65.7,0.0,0.0,0.0,0,0,67.0,67.0
2026/04/16 09:00:32,01882,海天国际,HAITIAN INT'L,,21.7,0.0,0.0,21.7,0.0,0.0,0.0,0,0,21.72,21.82
2026/04/16 09:00:00,01883,中信国际电讯,CITIC TELECOM,,2.78,0.0,0.0,2.78,0.0,0.0,0.0,0,0,2.77,2.8
2026/04/16 09:02:08,01884,ＥＰＲＩＮＴ集团,EPRINT GROUP,,0.109,0.0,0.0,0.109,0.0,0.0,0.0,0,0,0.096,0.109
2026/04/16 09:05:54,01888,建滔积层板,KB LAMINATES,,25.78,0.0,0.0,25.78,0.0,0.0,0.0,0,0,26.0,26.0
2026/04/16 09:10:36,01889,三爱健康集团,SANAI HEALTH GP,,0.32,0.0,0.0,0.32,0.0,0.0,0.0,0,0,0.3,0.345
2026/04/16 09:04:00,01890,中国科培,CHINA KEPEI,,1.21,0.0,0.0,1.21,0.0,0.0,0.0,0,0,1.18,1.22
2026/04/16 09:00:04,01891,兴合控股,HENG HUP,,0.139,0.0,0.0,0.139,0.0,0.0,0.0,0,0,0.139,0.147
2026/04/16 09:00:26,01894,恒益控股,HANG YICK HLDGS,,0.285,0.0,0.0,0.285,0.0,0.0,0.0,0,0,0.275,0.29
2026/04/16 09:00:04,01895,鑫苑服务,XINYUAN PM,,0.455,0.0,0.0,0.455,0.0,0.0,0.0,0,0,0.45,0.45
2026/04/16 09:05:02,01896,猫眼娱乐,MAOYAN ENT,,5.86,0.0,0.0,5.86,0.0,0.0,0.0,0,0,5.86,5.86
2026/04/16 09:01:41,01897,美亨实业,MILLIONHOPE IND,,0.48,0.0,0.0,0.48,0.0,0.0,0.0,0,0,0.46,0.55
2026/04/16 09:10:00,01898,中煤能源,CHINA COAL,,13.53,0.0,0.0,13.53,0.0,0.0,0.0,0,0,13.3,13.3
2026/04/16 09:00:06,01899,兴达国际,XINGDA INT'L,,1.22,0.0,0.0,1.22,0.0,0.0,0.0,0,0,1.21,1.27
2026/04/16 09:00:46,01900,中国智能交通,CHINA ITS,,0.25,0.0,0.0,0.25,0.0,0.0,0.0,0,0,0.222,0.26
2026/04/16 09:00:22,01901,飞扬集团,FEIYANG GROUP,,0.31,0.0,0.0,0.31,0.0,0.0,0.0,0,0,0.3,0.33
2026/04/16 09:01:55,01903,JBB BUILDERS,JBB BUILDERS,,2.3,0.0,0.0,2.3,0.0,0.0,0.0,0,0,2.23,2.45
2026/04/16 09:00:10,01905,海通恒信,HAITONG UT,,0.83,0.0,0.0,0.83,0.0,0.0,0.0,0,0,0.82,0.83
2026/04/16 09:00:00,01906,博尼控股,BONNY HLDG,,0.53,0.0,0.0,0.53,0.0,0.0,0.0,0,0,0.5,0.56
2026/04/16 09:10:00,01907,中国旭阳集团,CHINA RISUN GP,,3.11,0.0,0.0,3.11,0.0,0.0,0.0,0,0,3.09,3.09
2026/04/16 09:05:30,01908,建发国际集团,C&D INTL GROUP,,14.2,0.0,0.0,14.2,0.0,0.0,0.0,0,0,13.8,14.5
2026/04/16 09:04:30,01909,火岩控股,FIRE ROCK,,1.99,0.0,0.0,1.99,0.0,0.0,0.0,0,0,1.71,2.11
2026/04/16 09:05:00,01910,新秀丽,SAMSONITE,,15.18,0.0,0.0,15.18,0.0,0.0,0.0,1063800,16147207,15.4,15.4
2026/04/16 09:10:32,01911,华兴资本控股,CR HOLDINGS,,3.63,0.0,0.0,3.63,0.0,0.0,0.0,0,0,3.45,3.6
2026/04/16 09:04:29,01912,康特隆,CONTEL,,0.36,0.0,0.0,0.36,0.0,0.0,0.0,0,0,0.35,0.38
2026/04/16 09:05:00,01913,普拉达,PRADA,,36.98,0.0,0.0,36.98,0.0,0.0,0.0,591380,21988569,37.6,37.6
2026/04/16 08:55:00,01915,泰和小贷,TAIHE M-FIN,,0.265,0.0,0.0,0.265,0.0,0.0,0.0,0,0,0.0,0.0
2026/04/16 09:00:15,01916,江西银行,JIANGXI BANK,,0.68,0.0,0.0,0.68,0.0,0.0,0.0,0,0,0.68,0.7
2026/04/16 09:04:27,01917,豆盟科技,DOUMOB,,0.109,0.0,0.0,0.109,0.0,0.0,0.0,0,0,0.102,0.115
2026/04/16 09:07:44,01918,融创中国,SUNAC,,1.06,0.0,0.0,1.06,0.0,0.0,0.0,0,0,1.06,1.06
2026/04/16 09:05:41,01919,中远海控,COSCO SHIP HOLD,,15.14,0.0,0.0,15.14,0.0,0.0,0.0,500,7570,15.15,15.15
2026/04/16 09:00:10,01920,中国网成,CHINA WACAN,,1.06,0.0,0.0,1.06,0.0,0.0,0.0,0,0,1.06,1.1
2026/04/16 09:10:18,01921,达力普控股,DALIPAL HLDG,,5.99,0.0,0.0,5.99,0.0,0.0,0.0,0,0,6.3,6.3
2026/04/16 09:07:56,01925,旷世芳香,KWUNGS AROMA,,1.23,0.0,0.0,1.23,0.0,0.0,0.0,0,0,1.19,1.25
2026/04/16 09:03:41,01927,久久王,JIUJIUWANG,,0.145,0.0,0.0,0.145,0.0,0.0,0.0,0,0,0.144,0.153
2026/04/16 09:10:18,01928,金沙中国有限公司,SANDS CHINA LTD,,17.15,0.0,0.0,17.15,0.0,0.0,0.0,104,1783,16.91,16.91
2026/04/16 09:10:00,01929,周大福,CHOW TAI FOOK,,11.36,0.0,0.0,11.36,0.0,0.0,0.0,0,0,11.36,11.36
2026/04/16 09:04:25,01930,勋龙,SHINELONG,,0.395,0.0,0.0,0.395,0.0,0.0,0.0,0,0,0.38,0.395
2026/04/16 09:00:36,01931,华检医疗,ETHK LABS INC.,,1.05,0.0,0.0,1.05,0.0,0.0,0.0,0,0,1.04,1.09
2026/04/16 08:55:00,01932,中漆集团,CPM GROUP,,0.249,0.0,0.0,0.249,0.0,0.0,0.0,0,0,0.0,0.0
2026/04/16 09:01:19,01933,元力控股,ONEFORCE HLDGS,,0.215,0.0,0.0,0.215,0.0,0.0,0.0,0,0,0.21,0.0
2026/04/16 09:00:12,01935,嘉宏教育,JH EDUCATION,,1.24,0.0,0.0,1.24,0.0,0.0,0.0,0,0,1.12,1.25
2026/04/16 09:00:20,01936,利特米,RITAMIX,,0.78,0.0,0.0,0.78,0.0,0.0,0.0,0,0,0.82,0.83
2026/04/16 09:00:16,01937,佳辰控股,JIACHEN HOLDING,,0.147,0.0,0.0,0.147,0.0,0.0,0.0,0,0,0.133,0.0
2026/04/16 09:08:08,01938,珠江钢管,CHU KONG PIPE,,0.315,0.0,0.0,0.315,0.0,0.0,0.0,0,0,0.325,0.33
2026/04/16 09:08:30,01939,上善黄金,SHANGSHAN GOLD,,0.46,0.0,0.0,0.46,0.0,0.0,0.0,0,0,0.46,0.47
2026/04/16 09:07:30,01940,CGII HLDGS,CGII HLDGS,,1.3,0.0,0.0,1.3,0.0,0.0,0.0,0,0,1.28,1.4
2026/04/16 09:00:08,01941,烨星集团,YE XING GROUP,,0.295,0.0,0.0,0.295,0.0,0.0,0.0,0,0,0.28,0.3
2026/04/16 09:00:08,01942,马可数字科技,MOG DIGITECH,,0.218,0.0,0.0,0.218,0.0,0.0,0.0,0,0,0.215,0.219
2026/04/16 09:00:18,01943,金石控股集团,KING'S STONE,,0.63,0.0,0.0,0.63,0.0,0.0,0.0,0,0,0.62,0.64
2026/04/16 09:10:28,01945,清科控股,ZERO2IPO,,1.57,0.0,0.0,1.57,0.0,0.0,0.0,0,0,1.6,1.6
2026/04/16 09:00:22,01947,美皓集团,MEIHAO GROUP,,0.37,0.0,0.0,0.37,0.0,0.0,0.0,0,0,0.345,0.385
2026/04/16 09:11:14,01948,优矩控股,UJU HOLDING,,3.55,0.0,0.0,3.55,0.0,0.0,0.0,0,0,3.33,0.0
2026/04/16 09:04:26,01949,佰达国际控股,PLATT NERA,,0.8,0.0,0.0,0.8,0.0,0.0,0.0,0,0,0.68,0.83
2026/04/16 09:00:08,01950,帝王实业控股,DIWANG IND H,,0.147,0.0,0.0,0.147,0.0,0.0,0.0,0,0,0.136,0.146
2026/04/16 09:09:10,01951,锦欣生殖,JXR,,2.4,0.0,0.0,2.4,0.0,0.0,0.0,0,0,2.4,2.4
2026/04/16 09:05:40,01952,云顶新耀,EVEREST MED,,40.38,0.0,0.0,40.38,0.0,0.0,0.0,0,0,40.3,40.5
2026/04/16 08:55:00,01953,RIMBACO,RIMBACO,,0.65,0.0,0.0,0.65,0.0,0.0,0.0,0,0,0.0,0.0
2026/04/16 09:04:39,01955,庄臣控股,JOHNSON HLDGS,,0.51,0.0,0.0,0.51,0.0,0.0,0.0,0,0,0.51,0.53
2026/04/16 09:04:39,01957,大人国际,MBV INTL,,0.23,0.0,0.0,0.23,0.0,0.0,0.0,0,0,0.223,0.23
2026/04/16 09:04:43,01958,北京汽车,BAIC MOTOR,,1.54,0.0,0.0,1.54,0.0,0.0,0.0,0,0,1.54,1.54
2026/04/16 09:08:06,01959,中聚投资,ZHONG JU INVEST,,4.3,0.0,0.0,4.3,0.0,0.0,0.0,0,0,3.81,4.35
2026/04/16 09:00:05,01960,TBKS HLDGS,TBKS HLDGS,,0.405,0.0,0.0,0.405,0.0,0.0,0.0,0,0,0.39,0.415
2026/04/16 08:55:00,01961,多牛科技,INFINITIES TECH,,0.099,0.0,0.0,0.099,0.0,0.0,0.0,0,0,0.0,0.0
2026/04/16 09:00:46,01962,训修实业,EVERGREEN PG,,0.47,0.0,0.0,0.47,0.0,0.0,0.0,0,0,0.46,0.475
2026/04/16 09:11:00,01963,重庆银行,BCQ,,8.21,0.0,0.0,8.21,0.0,0.0,0.0,0,0,8.24,8.24
2026/04/16 09:04:17,01965,朗诗绿色生活,LANDSEA LIFE,,0.137,0.0,0.0,0.137,0.0,0.0,0.0,0,0,0.126,0.137
2026/04/16 09:03:50,01966,中骏集团控股,CHINA SCE GROUP,,0.064,0.0,0.0,0.064,0.0,0.0,0.0,0,0,0.062,0.066
2026/04/16 09:04:11,01967,信恳智能,CONFIDENCE IN,,0.39,0.0,0.0,0.39,0.0,0.0,0.0,0,0,0.38,0.39
2026/04/16 09:04:17,01968,兴纺控股,HINGTEX HLDGS,,0.169,0.0,0.0,0.169,0.0,0.0,0.0,0,0,0.169,0.179
2026/04/16 09:01:46,01969,中国春来,CHINA CHUNLAI,,1.39,0.0,0.0,1.39,0.0,0.0,0.0,0,0,1.38,1.53
2026/04/16 09:00:45,01970,IMAX CHINA,IMAX CHINA,,7.85,0.0,0.0,7.85,0.0,0.0,0.0,0,0,7.89,8.25
2026/04/16 09:00:53,01971,弘阳服务,RSUN SER,,0.38,0.0,0.0,0.38,0.0,0.0,0.0,0,0,0.0,0.42
2026/04/16 09:10:20,01972,太古地产,SWIREPROPERTIES,,24.74,0.0,0.0,24.74,0.0,0.0,0.0,0,0,24.32,24.92
2026/04/16 09:03:00,01973,天图投资,TIAN TU CAPITAL,,2.6,0.0,0.0,2.6,0.0,0.0,0.0,0,0,2.3,2.99
2026/04/16 09:04:47,01975,新兴印刷,SUN HING PRINT,,0.385,0.0,0.0,0.385,0.0,0.0,0.0,0,0,0.38,0.41
2026/04/16 09:00:10,01977,安乐工程,ANALOGUE HLDGS,,1.0,0.0,0.0,1.0,0.0,0.0,0.0,0,0,0.98,1.03
2026/04/16 09:04:36,01978,叙福楼集团,LH GROUP,,0.32,0.0,0.0,0.32,0.0,0.0,0.0,0,0,0.32,0.34
2026/04/16 09:02:57,01979,天宝集团,TEN PAO GROUP,,2.45,0.0,0.0,2.45,0.0,0.0,0.0,0,0,2.43,2.5
2026/04/16 09:04:51,01980,天鸽互动,TIANGE,,0.71,0.0,0.0,0.71,0.0,0.0,0.0,0,0,0.7,0.71
2026/04/16 09:00:32,01981,华夏控股,CATHAY GP HLDGS,,0.84,0.0,0.0,0.84,0.0,0.0,0.0,0,0,0.83,0.86
2026/04/16 09:06:10,01982,南旋控股,NAMESON HLDGS,,1.02,0.0,0.0,1.02,0.0,0.0,0.0,0,0,1.02,1.04
2026/04/16 09:03:47,01983,泸州银行,LUZHOU BANK,,2.32,0.0,0.0,2.32,0.0,0.0,0.0,0,0,2.25,2.5
2026/04/16 09:04:47,01985,美高域,MICROWARE,,1.3,0.0,0.0,1.3,0.0,0.0,0.0,0,0,1.23,1.32
2026/04/16 09:00:02,01986,彩客新能源,TSAKER NE,,0.8,0.0,0.0,0.8,0.0,0.0,0.0,0,0,0.81,0.81
2026/04/16 09:04:46,01987,BENG SOON MACH,BENG SOON MACH,,0.21,0.0,0.0,0.21,0.0,0.0,0.0,0,0,0.205,0.215
2026/04/16 09:10:18,01988,民生银行,MINSHENG BANK,,3.66,0.0,0.0,3.66,0.0,0.0,0.0,0,0,3.66,3.66
2026/04/16 09:10:26,01989,广合科技,DELTON,,128.3,0.0,0.0,128.3,0.0,0.0,0.0,0,0,130.0,130.0
2026/04/16 08:55:00,01991,大洋集团,TA YANG GROUP,,0.58,0.0,0.0,0.58,0.0,0.0,0.0,0,0,0.0,0.0
2026/04/16 09:04:27,01993,雅仕维,ASIARAY,,0.58,0.0,0.0,0.58,0.0,0.0,0.0,0,0,0.53,0.0
2026/04/16 09:00:02,01995,永升服务,ES SERVICES,,1.93,0.0,0.0,1.93,0.0,0.0,0.0,0,0,1.93,1.93
2026/04/16 09:03:57,01996,弘阳地产,RSUN PPT,,0.024,0.0,0.0,0.024,0.0,0.0,0.0,0,0,0.023,0.027
2026/04/16 09:11:10,01997,九龙仓置业,WHARF REIC,,23.92,0.0,0.0,23.92,0.0,0.0,0.0,0,0,24.04,24.04
2026/04/16 09:07:30,01999,敏华控股,MAN WAH HLDGS,,4.24,0.0,0.0,4.24,0.0,0.0,0.0,0,0,4.2,4.28
2026/04/16 09:03:56,02000,晨讯科技,SIM TECH,,0.29,0.0,0.0,0.29,0.0,0.0,0.0,0,0,0.275,0.325
2026/04/16 09:00:25,02001,新高教集团,NEW HIGHER EDU,,0.74,0.0,0.0,0.74,0.0,0.0,0.0,0,0,0.74,0.74
2026/04/16 09:00:52,02002,阳光纸业,SUNSHINE PAPER,,1.05,0.0,0.0,1.05,0.0,0.0,0.0,0,0,0.99,1.1
2026/04/16 09:00:52,02003,维信金科,VCREDIT,,1.22,0.0,0.0,1.22,0.0,0.0,0.0,0,0,1.23,1.33
2026/04/16 09:00:02,02005,石四药集团,SSY GROUP,,2.51,0.0,0.0,2.51,0.0,0.0,0.0,0,0,2.49,2.52
2026/04/16 09:00:00,02007,碧桂园,COUNTRY GARDEN,,0.295,0.0,0.0,0.295,0.0,0.0,0.0,0,0,0.295,0.295
2026/04/16 09:04:24,02008,凤凰卫视,PHOENIX TV,,1.79,0.0,0.0,1.79,0.0,0.0,0.0,0,0,1.73,1.83
2026/04/16 09:10:50,02009,金隅集团,BBMG,,0.79,0.0,0.0,0.79,0.0,0.0,0.0,0,0,0.78,0.78
2026/04/16 09:09:18,02011,进腾集团,GILSTON GROUP,,1.2,0.0,0.0,1.2,0.0,0.0,0.0,0,0,1.02,1.36
2026/04/16 09:00:00,02012,阳光油砂,SUNSHINE OIL,,0.345,0.0,0.0,0.345,0.0,0.0,0.0,0,0,0.345,0.35
2026/04/16 09:05:56,02013,微盟集团,WEIMOB INC,,1.55,0.0,0.0,1.55,0.0,0.0,0.0,0,0,1.56,1.56
2026/04/16 09:11:15,02015,理想汽车－Ｗ,LI AUTO-W,,70.9,0.0,0.0,70.9,0.0,0.0,0.0,0,0,70.7,70.7
2026/04/16 09:00:02,02016,浙商银行,CZBANK,,2.43,0.0,0.0,2.43,0.0,0.0,0.0,0,0,2.43,2.44
2026/04/16 09:06:40,02017,沧海控股,CHANHIGH,,0.209,0.0,0.0,0.209,0.0,0.0,0.0,0,0,0.196,0.215
2026/04/16 09:05:00,02018,瑞声科技,AAC TECH,,36.04,0.0,0.0,36.04,0.0,0.0,0.0,0,0,36.1,36.1
2026/04/16 09:11:02,02020,安踏体育,ANTA SPORTS,,83.75,0.0,0.0,83.75,0.0,0.0,0.0,0,0,85.0,85.0
2026/04/16 09:04:04,02022,游莱互动,DIGIT HOLLYWOOD,,0.048,0.0,0.0,0.048,0.0,0.0,0.0,0,0,0.045,0.05
2026/04/16 09:00:06,02023,中国绿岛科技,CHINA LUDAO,,0.74,0.0,0.0,0.74,0.0,0.0,0.0,0,0,0.72,0.75
2026/04/16 09:00:12,02025,瑞丰动力,RUIFENG POWER,,10.84,0.0,0.0,10.84,0.0,0.0,0.0,0,0,0.0,11.1
2026/04/16 09:04:16,02026,小马智行－Ｗ,PONY-W,,80.05,0.0,0.0,80.05,0.0,0.0,0.0,0,0,82.0,82.0
2026/04/16 09:00:22,02028,映美控股,JOLIMARK,,0.119,0.0,0.0,0.119,0.0,0.0,0.0,0,0,0.106,0.0
2026/04/16 09:04:27,02030,卡宾,CABBEEN,,1.31,0.0,0.0,1.31,0.0,0.0,0.0,0,0,1.29,1.33
2026/04/16 09:00:56,02031,澳至尊,AUSUPREME,,0.355,0.0,0.0,0.355,0.0,0.0,0.0,0,0,0.325,0.36
2026/04/16 09:03:36,02033,时计宝,TIME WATCH,,0.29,0.0,0.0,0.29,0.0,0.0,0.0,0,0,0.285,0.32
2026/04/16 09:00:10,02038,富智康集团,FIH,,21.12,0.0,0.0,21.12,0.0,0.0,0.0,0,0,21.12,22.3
2026/04/16 09:09:42,02039,中集集团,CIMC,,10.86,0.0,0.0,10.86,0.0,0.0,0.0,0,0,10.7,11.18
2026/04/16 09:00:12,02048,易居企业控股,E-HOUSE ENT,,0.063,0.0,0.0,0.063,0.0,0.0,0.0,0,0,0.06,0.065
2026/04/16 09:10:14,02050,三花智控,SANHUA,,31.04,0.0,0.0,31.04,0.0,0.0,0.0,448700,14019182,31.8,31.8
2026/04/16 09:00:06,02051,VALA,VALA,,0.65,0.0,0.0,0.65,0.0,0.0,0.0,0,0,0.64,0.67
2026/04/16 09:08:00,02057,中通快递－Ｗ,ZTO EXPRESS-W,,199.4,0.0,0.0,199.4,0.0,0.0,0.0,0,0,197.0,198.0
2026/04/16 09:06:30,02068,中铝国际,CHALIECO,,2.65,0.0,0.0,2.65,0.0,0.0,0.0,0,0,2.64,2.66
2026/04/16 09:03:52,02076,ＢＯＳＳ直聘－Ｗ,BOSS ZHIPIN-W,,52.4,0.0,0.0,52.4,0.0,0.0,0.0,0,0,52.5,55.8
2026/04/16 09:02:26,02078,荣阳实业,PANASIALUM,,0.13,0.0,0.0,0.13,0.0,0.0,0.0,0,0,0.112,0.131
2026/04/16 09:00:05,02080,奥克斯国际,AUX INTL,,0.255,0.0,0.0,0.255,0.0,0.0,0.0,0,0,0.0,0.26
2026/04/16 08:55:00,02086,高维科技,LEADWAY TECH,,0.405,0.0,0.0,0.405,0.0,0.0,0.0,0,0,0.0,0.0
2026/04/16 08:55:00,02088,西王置业,XIWANG PROPERTY,,0.038,0.0,0.0,0.038,0.0,0.0,0.0,0,0,0.0,0.0
2026/04/16 09:09:12,02096,先声药业,SIMCERE PHARMA,,13.97,0.0,0.0,13.97,0.0,0.0,0.0,0,0,13.98,14.17
2026/04/16 09:08:02,02097,蜜雪集团,MIXUE GROUP,,287.8,0.0,0.0,287.8,0.0,0.0,0.0,0,0,288.20001,290.0
2026/04/16 09:06:48,02098,卓尔智联,ZALL SMARTCOM,,0.101,0.0,0.0,0.101,0.0,0.0,0.0,0,0,0.099,0.107
2026/04/16 09:04:49,02099,中国黄金国际,CHINAGOLDINTL,,188.0,0.0,0.0,188.0,0.0,0.0,0.0,0,0,187.39999,188.0
2026/04/16 09:00:08,02100,百奥家庭互动,BAIOO,,0.51,0.0,0.0,0.51,0.0,0.0,0.0,0,0,0.51,0.51
2026/04/16 09:01:00,02101,福禄控股,FULU HOLDINGS,,1.18,0.0,0.0,1.18,0.0,0.0,0.0,0,0,1.18,1.28
2026/04/16 09:04:28,02102,德利机械,TAK LEE MACH,,0.295,0.0,0.0,0.295,0.0,0.0,0.0,0,0,0.29,0.3
2026/04/16 09:04:57,02105,来凯医药－Ｂ,LAEKNA-B,,17.5,0.0,0.0,17.5,0.0,0.0,0.0,0,0,17.82,17.82
2026/04/16 09:00:06,02107,第一服务控股,FIRST SERVICE,,0.186,0.0,0.0,0.186,0.0,0.0,0.0,0,0,0.17,0.184
2026/04/16 09:06:42,02108,K2 F&B,K2 F&B,,0.425,0.0,0.0,0.425,0.0,0.0,0.0,0,0,0.42,0.43
2026/04/16 09:07:08,02110,天成控股,TIAN CHENG HLDG,,0.105,0.0,0.0,0.105,0.0,0.0,0.0,0,0,0.12,0.12
2026/04/16 09:01:10,02111,超盈国际控股,BEST PACIFIC,,2.88,0.0,0.0,2.88,0.0,0.0,0.0,0,0,2.89,2.9
2026/04/16 09:05:12,02112,恩典生命科技,GRACE LIFE-TECH,,0.083,0.0,0.0,0.083,0.0,0.0,0.0,0,0,0.08,0.088
2026/04/16 09:02:48,02113,世纪集团国际,CENTURY GP INTL,,0.063,0.0,0.0,0.063,0.0,0.0,0.0,0,0,0.058,0.072
2026/04/16 09:04:28,02116,江苏创新,JS INNOV,,0.69,0.0,0.0,0.69,0.0,0.0,0.0,0,0,0.69,0.71
2026/04/16 09:00:38,02119,捷荣国际控股,TSIT WING INTL,,0.49,0.0,0.0,0.49,0.0,0.0,0.0,0,0,0.49,0.5
2026/04/16 09:01:37,02120,康宁医院,KN HOSPITAL,,9.0,0.0,0.0,9.0,0.0,0.0,0.0,0,0,8.1,9.3
2026/04/16 09:06:06,02121,创新奇智,AINNOVATION,,4.87,0.0,0.0,4.87,0.0,0.0,0.0,0,0,4.8,5.05
2026/04/16 09:00:02,02122,凯知乐国际,KIDSLAND INTL,,0.145,0.0,0.0,0.145,0.0,0.0,0.0,0,0,0.131,0.0
2026/04/16 09:00:58,02125,稻草熊娱乐,STRAWBEAR ENT,,0.35,0.0,0.0,0.35,0.0,0.0,0.0,0,0,0.345,0.0
2026/04/16 09:04:37,02126,药明巨诺－Ｂ,JW THERAP-B,,2.37,0.0,0.0,2.37,0.0,0.0,0.0,0,0,2.37,2.37
2026/04/16 08:55:00,02127,汇森股份,HUISEN SHARES,,0.02,0.0,0.0,0.02,0.0,0.0,0.0,0,0,0.0,0.0
2026/04/16 09:00:52,02128,中国联塑,CHINA LESSO,,4.82,0.0,0.0,4.82,0.0,0.0,0.0,0,0,4.75,4.86
2026/04/16 09:04:35,02129,LEGION CONSO,LEGION CONSO,,0.161,0.0,0.0,0.161,0.0,0.0,0.0,0,0,0.153,0.161
2026/04/16 09:04:29,02130,嘉泓物流,CN LOGISTICS,,3.23,0.0,0.0,3.23,0.0,0.0,0.0,0,0,3.23,3.27
2026/04/16 08:55:00,02131,云想科技,NETJOY,,0.455,0.0,0.0,0.455,0.0,0.0,0.0,0,0,0.0,0.0
2026/04/16 09:00:46,02132,誉燊丰控股,LANDRICH HLDG,,0.137,0.0,0.0,0.137,0.0,0.0,0.0,0,0,0.137,0.149
2026/04/16 09:00:10,02135,瑞丽医美,RAILY AESMED,,0.147,0.0,0.0,0.147,0.0,0.0,0.0,0,0,0.14,0.147
2026/04/16 09:00:04,02136,利福中国,LIFESTYLE CHI,,0.65,0.0,0.0,0.65,0.0,0.0,0.0,0,0,0.64,0.67
2026/04/16 09:07:28,02137,腾盛博药－Ｂ,BRII-B,,1.42,0.0,0.0,1.42,0.0,0.0,0.0,0,0,1.42,1.45
2026/04/16 09:00:12,02138,医思健康,EC HEALTHCARE,,0.47,0.0,0.0,0.47,0.0,0.0,0.0,0,0,0.46,0.48
2026/04/16 09:00:02,02139,甘肃银行,BANK OF GANSU,,0.34,0.0,0.0,0.34,0.0,0.0,0.0,0,0,0.34,0.34
2026/04/16 09:04:39,02142,和铂医药－Ｂ,HBM HOLDINGS-B,,14.48,0.0,0.0,14.48,0.0,0.0,0.0,0,0,14.48,14.88
2026/04/16 09:07:42,02145,上美股份,CHICMAX,,46.94,0.0,0.0,46.94,0.0,0.0,0.0,0,0,47.04,48.0
2026/04/16 09:06:04,02146,荣万家,ROISERV,,1.18,0.0,0.0,1.18,0.0,0.0,0.0,0,0,1.07,1.35
2026/04/16 09:03:18,02147,正味集团,ZHENGWEI GROUP,,0.6,0.0,0.0,0.6,0.0,0.0,0.0,0,0,0.57,0.63
2026/04/16 09:08:14,02149,贝克微,BATELAB,,34.4,0.0,0.0,34.4,0.0,0.0,0.0,0,0,32.14,34.3
2026/04/16 09:07:40,02150,奈雪的茶,NAYUKI,,0.79,0.0,0.0,0.79,0.0,0.0,0.0,0,0,0.78,0.78
2026/04/16 09:00:25,02152,苏新服务,SUXIN SERVICES,,4.7,0.0,0.0,4.7,0.0,0.0,0.0,0,0,4.68,0.0
2026/04/16 09:04:29,02153,达丰设备,TAT HONG EQUIP,,0.89,0.0,0.0,0.89,0.0,0.0,0.0,0,0,0.85,0.94
2026/04/16 09:04:24,02155,森松国际,MORIMATSU INTL,,6.92,0.0,0.0,6.92,0.0,0.0,0.0,0,0,6.8,7.03
2026/04/16 09:00:18,02156,建发物业,C&D PROPERTY,,2.85,0.0,0.0,2.85,0.0,0.0,0.0,0,0,2.8,2.94
2026/04/16 09:10:32,02157,乐普生物－Ｂ,LEPU BIO-B,,6.2,0.0,0.0,6.2,0.0,0.0,0.0,0,0,5.9,5.9
2026/04/16 09:10:20,02158,医渡科技,YIDU TECH,,5.62,0.0,0.0,5.62,0.0,0.0,0.0,0,0,5.53,5.62
2026/04/16 09:00:40,02159,麦迪卫康,MEDIWELCOME,,1.5,0.0,0.0,1.5,0.0,0.0,0.0,0,0,1.42,1.58
2026/04/16 09:03:00,02160,微创心通－Ｂ,MP CARDIOFLOW-B,,3.02,0.0,0.0,3.02,0.0,0.0,0.0,0,0,2.95,3.08
2026/04/16 09:00:48,02161,健倍苗苗,JBM HEALTHCARE,,2.64,0.0,0.0,2.64,0.0,0.0,0.0,0,0,2.62,2.65
2026/04/16 09:05:58,02162,康诺亚－Ｂ,KEYMED BIO-B,,79.3,0.0,0.0,79.3,0.0,0.0,0.0,0,0,79.3,79.3
2026/04/16 08:55:00,02163,远大住工,BROAD HOMES,,0.6,0.0,0.0,0.6,0.0,0.0,0.0,0,0,0.0,0.0
2026/04/16 09:00:06,02165,领悦服务集团,LING YUE SER GP,,1.74,0.0,0.0,1.74,0.0,0.0,0.0,0,0,1.68,1.8
2026/04/16 09:10:48,02166,芯智控股,SMART-CORE,,2.81,0.0,0.0,2.81,0.0,0.0,0.0,0,0,2.77,2.82
2026/04/16 09:04:13,02167,天润云,TI CLOUD,,3.5,0.0,0.0,3.5,0.0,0.0,0.0,0,0,3.32,0.0
2026/04/16 09:00:00,02168,佳兆业美好,KAISA PROSPER,,1.08,0.0,0.0,1.08,0.0,0.0,0.0,0,0,1.07,1.07
2026/04/16 09:01:56,02169,沧港铁路,CANGGANGRAILWAY,,0.58,0.0,0.0,0.58,0.0,0.0,0.0,0,0,0.57,0.62
2026/04/16 09:06:16,02170,贝康医疗－Ｂ,BASECARE-B,,1.98,0.0,0.0,1.98,0.0,0.0,0.0,0,0,1.95,2.08
2026/04/16 09:00:05,02171,科济药业－Ｂ,CARSGEN-B,,22.0,0.0,0.0,22.0,0.0,0.0,0.0,0,0,22.18,22.18
2026/04/16 09:06:26,02172,微创脑科学,MICROPORT NEURO,,11.19,0.0,0.0,11.19,0.0,0.0,0.0,0,0,11.01,11.4
2026/04/16 09:10:16,02175,中国通才教育,CH GENERAL EDU,,3.3,0.0,0.0,3.3,0.0,0.0,0.0,0,0,2.86,3.48
2026/04/16 09:03:51,02176,赛迪顾问,CCID CONSULTING,,0.97,0.0,0.0,0.97,0.0,0.0,0.0,0,0,0.94,0.0
2026/04/16 09:03:52,02177,优趣汇控股,UNQ HOLDINGS,,2.55,0.0,0.0,2.55,0.0,0.0,0.0,0,0,2.45,2.68
2026/04/16 09:10:00,02178,百勤油服,PETRO-KING,,0.234,0.0,0.0,0.234,0.0,0.0,0.0,0,0,0.234,0.25
2026/04/16 09:00:40,02179,瑞科生物－Ｂ,RECBIO-B,,5.11,0.0,0.0,5.11,0.0,0.0,0.0,0,0,0.0,5.2
2026/04/16 09:00:02,02180,万宝盛华,MANPOWER GRC,,5.55,0.0,0.0,5.55,0.0,0.0,0.0,0,0,5.56,5.75
2026/04/16 09:04:30,02181,迈博药业－Ｂ,MABPHARM-B,,0.435,0.0,0.0,0.435,0.0,0.0,0.0,0,0,0.425,0.445
2026/04/16 09:01:48,02182,天长集团,TIAN CHANG GP,,0.32,0.0,0.0,0.32,0.0,0.0,0.0,0,0,0.32,0.0
2026/04/16 08:55:00,02185,百心安－Ｂ,BIOHEART-B,,4.21,0.0,0.0,4.21,0.0,0.0,0.0,0,0,0.0,0.0
2026/04/16 09:10:00,02186,绿叶制药,LUYE PHARMA,,3.03,0.0,0.0,3.03,0.0,0.0,0.0,0,0,3.05,3.05
2026/04/16 09:00:29,02187,智欣集团控股,ZHIXIN GP HLDG,,0.84,0.0,0.0,0.84,0.0,0.0,0.0,0,0,0.83,0.89
2026/04/16 09:04:35,02188,泰坦能源技术,TITANS ENERGY,,0.129,0.0,0.0,0.129,0.0,0.0,0.0,0,0,0.123,0.138
2026/04/16 09:01:34,02189,嘉涛（香港）控股,KATO (HK) HLDGS,,0.48,0.0,0.0,0.48,0.0,0.0,0.0,0,0,0.465,0.48
2026/04/16 09:04:13,02190,归创通桥,ZYLOXTB,,24.2,0.0,0.0,24.2,0.0,0.0,0.0,0,0,23.7,24.5
2026/04/16 09:10:24,02192,医脉通,MEDLIVE,,9.02,0.0,0.0,9.02,0.0,0.0,0.0,0,0,9.1,9.16
2026/04/16 09:02:31,02193,万景控股,MAN KING HOLD,,0.34,0.0,0.0,0.34,0.0,0.0,0.0,0,0,0.32,0.34
2026/04/16 09:10:38,02195,盈汇企业控股,UNITY ENT,,0.36,0.0,0.0,0.36,0.0,0.0,0.0,0,0,0.35,0.0
2026/04/16 09:10:28,02196,复星医药,FOSUN PHARMA,,20.7,0.0,0.0,20.7,0.0,0.0,0.0,0,0,20.4,20.8
2026/04/16 09:03:51,02197,三叶草生物－Ｂ,CLOVER BIO-B,,3.1,0.0,0.0,3.1,0.0,0.0,0.0,0,0,3.1,3.1
2026/04/16 09:04:10,02198,中国三江化工,CHINA SANJIANG,,5.18,0.0,0.0,5.18,0.0,0.0,0.0,0,0,5.18,5.18
2026/04/16 09:04:28,02199,维珍妮,REGINA MIRACLE,,2.0,0.0,0.0,2.0,0.0,0.0,0.0,0,0,1.96,2.04
2026/04/16 09:06:52,02202,万科企业,CHINA VANKE,,3.0,0.0,0.0,3.0,0.0,0.0,0.0,0,0,3.01,3.01
2026/04/16 09:00:02,02203,脑洞科技,BRAINHOLE TECH,,0.163,0.0,0.0,0.163,0.0,0.0,0.0,0,0,0.163,0.182
2026/04/16 09:04:37,02205,康桥悦生活,KANGQIAO SER,,1.17,0.0,0.0,1.17,0.0,0.0,0.0,0,0,1.0,1.2
2026/04/16 09:08:45,02208,金风科技,GOLDWIND,,14.97,0.0,0.0,14.97,0.0,0.0,0.0,0,0,15.42,15.42
2026/04/16 09:00:12,02209,喆丽控股,YESASIA HLDGS,,3.53,0.0,0.0,3.53,0.0,0.0,0.0,0,0,3.45,3.53
2026/04/16 09:00:30,02210,京城佳业,BEIJING JIAYE,,2.38,0.0,0.0,2.38,0.0,0.0,0.0,0,0,2.3,2.5
2026/04/16 09:02:41,02211,大健康国际,UNI HEALTH,,0.54,0.0,0.0,0.54,0.0,0.0,0.0,0,0,0.53,0.58
2026/04/16 09:03:07,02212,高鹏矿业,FB MINING,,0.16,0.0,0.0,0.16,0.0,0.0,0.0,0,0,0.147,0.175
2026/04/16 09:01:09,02215,德信服务集团,DEXIN SER GROUP,,0.28,0.0,0.0,0.28,0.0,0.0,0.0,0,0,0.26,0.0
2026/04/16 09:10:48,02216,堃博医疗－Ｂ,BRONCUS-B,,1.37,0.0,0.0,1.37,0.0,0.0,0.0,0,0,1.36,1.46
2026/04/16 09:10:00,02218,安德利果汁,ANDRE JUICE,,15.73,0.0,0.0,15.73,0.0,0.0,0.0,0,0,15.47,15.85
2026/04/16 09:04:32,02219,朝聚眼科,CHAOJU EYE CARE,,2.85,0.0,0.0,2.85,0.0,0.0,0.0,0,0,2.84,2.85
2026/04/16 09:04:49,02221,创业集团控股,NEW CONCEPTS,,0.95,0.0,0.0,0.95,0.0,0.0,0.0,0,0,0.94,0.95
2026/04/16 09:00:40,02222,雷士国际,NVC INTL,,0.65,0.0,0.0,0.65,0.0,0.0,0.0,0,0,0.64,0.68
2026/04/16 09:00:32,02223,卡撒天娇,CASABLANCA,,0.98,0.0,0.0,0.98,0.0,0.0,0.0,0,0,0.92,0.98
2026/04/16 09:07:24,02225,今海医疗科技,JINHAI MED TECH,,2.83,0.0,0.0,2.83,0.0,0.0,0.0,0,0,2.83,2.98
2026/04/16 09:01:43,02226,老恒和酿造,HONWORLD GP,,0.42,0.0,0.0,0.42,0.0,0.0,0.0,0,0,0.37,0.42
2026/04/16 09:00:16,02227,守益控股,SOLIS HOLDINGS,,0.31,0.0,0.0,0.31,0.0,0.0,0.0,0,0,0.0,0.33
2026/04/16 09:10:42,02228,晶泰控股,XTALPI,,10.13,0.0,0.0,10.13,0.0,0.0,0.0,0,0,10.25,10.25
2026/04/16 09:07:30,02230,羚邦集团,MEDIALINK GROUP,,0.23,0.0,0.0,0.23,0.0,0.0,0.0,0,0,0.23,0.234
2026/04/16 09:00:00,02231,景业名邦集团,JY GRANDMARK,,0.037,0.0,0.0,0.037,0.0,0.0,0.0,0,0,0.037,0.0
2026/04/16 09:10:04,02232,晶苑国际,CRYSTAL INTL,,6.21,0.0,0.0,6.21,0.0,0.0,0.0,0,0,6.12,6.12
2026/04/16 09:03:34,02233,西部水泥,WESTCHINACEMENT,,2.49,0.0,0.0,2.49,0.0,0.0,0.0,0,0,2.47,2.49
2026/04/16 09:04:00,02235,微泰医疗－Ｂ,MICROTECH MED-B,,7.43,0.0,0.0,7.43,0.0,0.0,0.0,0,0,7.38,7.6
2026/04/16 09:03:26,02236,惠生工程,WISON ENGRG,,0.58,0.0,0.0,0.58,0.0,0.0,0.0,0,0,0.57,0.61
2026/04/16 09:04:38,02237,中国石墨,CHINA GRAPHITE,,0.305,0.0,0.0,0.305,0.0,0.0,0.0,0,0,0.3,0.315
2026/04/16 09:06:52,02238,广汽集团,GAC GROUP,,3.11,0.0,0.0,3.11,0.0,0.0,0.0,0,0,3.12,3.12
2026/04/16 09:04:28,02239,国微控股,SMIT,,0.75,0.0,0.0,0.75,0.0,0.0,0.0,0,0,0.7,0.75
2026/04/16 09:00:04,02245,力勤资源,LYGEND RESOURCE,,14.86,0.0,0.0,14.86,0.0,0.0,0.0,0,0,14.86,14.86
2026/04/16 09:01:33,02246,快狗打车,GOGOX,,1.96,0.0,0.0,1.96,0.0,0.0,0.0,0,0,1.94,2.05
2026/04/16 09:00:20,02250,小黄鸭德盈,B.DUCK SEMK,,0.62,0.0,0.0,0.62,0.0,0.0,0.0,0,0,0.59,0.64
2026/04/16 09:02:54,02251,鹰瞳科技－Ｂ,AIRDOC-B,,11.8,0.0,0.0,11.8,0.0,0.0,0.0,0,0,11.3,12.37
2026/04/16 09:04:48,02252,微创机器人－Ｂ,MEDBOT-B,,32.46,0.0,0.0,32.46,0.0,0.0,0.0,0,0,32.46,32.46
2026/04/16 09:02:40,02255,海昌海洋公园,HAICHANG HLDG,,0.48,0.0,0.0,0.48,0.0,0.0,0.0,0,0,0.485,0.485
2026/04/16 09:08:08,02256,和誉－Ｂ,ABBISKO-B,,13.54,0.0,0.0,13.54,0.0,0.0,0.0,0,0,13.65,13.88
2026/04/16 09:04:30,02257,圣诺医药－Ｂ,SIRNAOMICS-B,,7.78,0.0,0.0,7.78,0.0,0.0,0.0,0,0,7.5,7.8
2026/04/16 09:04:28,02258,华滋国际海洋,WATTS INT'L,,0.189,0.0,0.0,0.189,0.0,0.0,0.0,0,0,0.187,0.21
2026/04/16 09:10:15,02259,紫金黄金国际,ZIJIN GOLD INTL,,179.2,0.0,0.0,179.2,0.0,0.0,0.0,0,0,185.0,185.0
2026/04/16 09:00:06,02260,环龙控股,VANOV HOLDINGS,,1.21,0.0,0.0,1.21,0.0,0.0,0.0,0,0,1.21,1.39
2026/04/16 09:00:46,02262,梁志天设计集团,SLD GROUP,,0.76,0.0,0.0,0.76,0.0,0.0,0.0,0,0,0.76,0.8
2026/04/16 09:04:27,02263,富石金融,FU SHEK FIN,,0.31,0.0,0.0,0.31,0.0,0.0,0.0,0,0,0.295,0.33
2026/04/16 09:05:08,02265,鸿承环保科技,HC ENV TECH,,1.5,0.0,0.0,1.5,0.0,0.0,0.0,0,0,1.5,1.5
2026/04/16 09:00:08,02266,黎氏企业,LAI SI ENT,,0.39,0.0,0.0,0.39,0.0,0.0,0.0,0,0,0.375,0.415
2026/04/16 09:03:10,02268,药明合联,WUXI XDC,,64.0,0.0,0.0,64.0,0.0,0.0,0.0,0,0,64.0,65.0
2026/04/16 09:08:45,02269,药明生物,WUXI BIO,,37.0,0.0,0.0,37.0,0.0,0.0,0.0,0,0,37.0,37.0
2026/04/16 08:55:00,02270,德商产投服务,DESUN SERVICES,,4.16,0.0,0.0,4.16,0.0,0.0,0.0,0,0,0.0,0.0
2026/04/16 09:04:23,02271,众安智慧生活,ZHONGAN SERVICE,,2.87,0.0,0.0,2.87,0.0,0.0,0.0,0,0,2.85,3.03
2026/04/16 09:06:16,02273,固生堂,GUSHENGTANG,,27.98,0.0,0.0,27.98,0.0,0.0,0.0,0,0,28.18,28.18
2026/04/16 09:03:01,02276,康耐特光学,CONANT OPTICAL,,47.08,0.0,0.0,47.08,0.0,0.0,0.0,0,0,46.98,47.08
2026/04/16 09:04:28,02279,雍禾医疗,YONGHE MEDICAL,,2.09,0.0,0.0,2.09,0.0,0.0,0.0,0,0,2.09,2.09
2026/04/16 08:55:00,02280,慧聪集团,HC GROUP,,0.206,0.0,0.0,0.206,0.0,0.0,0.0,0,0,0.0,0.0
2026/04/16 09:00:20,02281,兴泸水务,XINGLU WATER,,0.69,0.0,0.0,0.69,0.0,0.0,0.0,0,0,0.67,0.69
2026/04/16 09:05:36,02282,美高梅中国,MGM CHINA,,11.06,0.0,0.0,11.06,0.0,0.0,0.0,524000,5803772,10.93,11.08
2026/04/16 09:00:59,02283,东江集团控股,TK GROUP HLDG,,2.36,0.0,0.0,2.36,0.0,0.0,0.0,16000,37440,2.34,2.34
2026/04/16 09:10:00,02285,泉峰控股,CHERVON,,17.27,0.0,0.0,17.27,0.0,0.0,0.0,0,0,17.28,17.28
2026/04/16 09:03:29,02286,辰兴发展,CHEN XING,,0.17,0.0,0.0,0.17,0.0,0.0,0.0,0,0,0.0,0.189
2026/04/16 09:04:29,02288,宏基资本,RYKADAN CAPITAL,,0.156,0.0,0.0,0.156,0.0,0.0,0.0,0,0,0.141,0.161
2026/04/16 09:01:28,02289,创美药业,CHARMACY PHAR,,5.82,0.0,0.0,5.82,0.0,0.0,0.0,0,0,5.34,0.0
2026/04/16 09:06:48,02291,心泰医疗,SCIENTECH,,12.95,0.0,0.0,12.95,0.0,0.0,0.0,0,0,12.75,13.79
2026/04/16 09:00:50,02293,百本医护,BAMBOOSHEALTH,,0.4,0.0,0.0,0.4,0.0,0.0,0.0,0,0,0.4,0.45
2026/04/16 09:01:04,02295,丰城控股,MAXICITY,,2.2,0.0,0.0,2.2,0.0,0.0,0.0,0,0,2.03,0.0
2026/04/16 09:00:08,02297,润迈德－Ｂ,RAINMED-B,,0.27,0.0,0.0,0.27,0.0,0.0,0.0,0,0,0.26,0.27
2026/04/16 09:00:18,02298,都市丽人,COSMO LADY,,0.37,0.0,0.0,0.37,0.0,0.0,0.0,0,0,0.37,0.37
2026/04/16 09:01:48,02299,百宏实业,BILLION IND,,4.8,0.0,0.0,4.8,0.0,0.0,0.0,0,0,0.0,5.52
2026/04/16 09:09:15,02302,中核国际,CNNC INT'L,,6.01,0.0,0.0,6.01,0.0,0.0,0.0,0,0,6.09,6.09
2026/04/16 09:00:20,02306,乐华娱乐,YH ENT,,2.04,0.0,0.0,2.04,0.0,0.0,0.0,0,0,2.04,2.15
2026/04/16 09:00:00,02307,锦兴国际控股,KAM HING INT'L,,0.239,0.0,0.0,0.239,0.0,0.0,0.0,0,0,0.0,0.239
2026/04/16 09:07:10,02309,大象未来集团,ZO FUTURE GROUP,,2.25,0.0,0.0,2.25,0.0,0.0,0.0,0,0,2.26,2.26
2026/04/16 09:03:36,02310,时代环球集团,TIMES UNI GP,,0.084,0.0,0.0,0.084,0.0,0.0,0.0,0,0,0.074,0.085
2026/04/16 09:02:54,02312,ＬＯＮＧ投资集团,LONG INV CORP,,0.63,0.0,0.0,0.63,0.0,0.0,0.0,0,0,0.6,0.66
2026/04/16 09:11:18,02313,申洲国际,SHENZHOU INTL,,46.98,0.0,0.0,46.98,0.0,0.0,0.0,0,0,48.3,48.3
2026/04/16 09:02:39,02314,理文造纸,LEE & MAN PAPER,,3.42,0.0,0.0,3.42,0.0,0.0,0.0,0,0,3.4,3.5
2026/04/16 09:10:32,02315,百奥赛图－Ｂ,BIOCYTOGEN-B,,61.1,0.0,0.0,61.1,0.0,0.0,0.0,0,0,62.15,62.15
2026/04/16 09:04:35,02317,味丹国际,VEDAN INT'L,,0.8,0.0,0.0,0.8,0.0,0.0,0.0,0,0,0.79,0.83
2026/04/16 09:10:00,02318,中国平安,PING AN,,62.55,0.0,0.0,62.55,0.0,0.0,0.0,983500,61744854,62.55,62.55
2026/04/16 09:10:00,02319,蒙牛乳业,MENGNIU DAIRY,,17.05,0.0,0.0,17.05,0.0,0.0,0.0,0,0,17.68,17.68
2026/04/16 08:55:00,02320,合丰集团,HOP FUNG GROUP,,0.082,0.0,0.0,0.082,0.0,0.0,0.0,0,0,0.0,0.0
2026/04/16 09:04:31,02321,双财庄,SWANGCHAICHUAN,,0.51,0.0,0.0,0.51,0.0,0.0,0.0,0,0,0.51,0.52
2026/04/16 09:04:39,02322,新质数字,MODERN INNO DT,,0.091,0.0,0.0,0.091,0.0,0.0,0.0,0,0,0.082,0.091
2026/04/16 08:55:00,02323,融科控股,RENCO HOLDINGS,,0.019,0.0,0.0,0.019,0.0,0.0,0.0,0,0,0.0,0.0
2026/04/16 09:00:10,02324,首都创投,CAPITAL VC,,0.123,0.0,0.0,0.123,0.0,0.0,0.0,0,0,0.114,0.0
2026/04/16 09:04:07,02325,云康集团,YUNKANG GROUP,,0.8,0.0,0.0,0.8,0.0,0.0,0.0,0,0,0.71,0.89
2026/04/16 08:59:58,02326,新源万恒控股,NPE HOLDINGS,,0.01,0.0,0.0,0.01,0.0,0.0,0.0,0,0,0.0,0.01
2026/04/16 09:00:00,02327,美瑞健康国际,MEILLEUREHEALTH,,0.28,0.0,0.0,0.28,0.0,0.0,0.0,0,0,0.255,0.28
2026/04/16 09:10:02,02328,中国财险,PICC P&C,,14.73,0.0,0.0,14.73,0.0,0.0,0.0,0,0,14.61,14.61
2026/04/16 09:09:48,02329,国瑞健康,GLORY HEALTH,,0.095,0.0,0.0,0.095,0.0,0.0,0.0,0,0,0.089,0.094
2026/04/16 09:04:43,02330,中国上城,CHINA UPTOWN,,0.37,0.0,0.0,0.37,0.0,0.0,0.0,0,0,0.345,0.39
2026/04/16 09:10:40,02331,李宁,LI NING,,21.02,0.0,0.0,21.02,0.0,0.0,0.0,0,0,20.96,20.96
2026/04/16 09:08:40,02333,长城汽车,GWMOTOR,,13.31,0.0,0.0,13.31,0.0,0.0,0.0,0,0,13.3,13.3
2026/04/16 09:03:40,02336,硕奥国际,SHUOAO INTL,,0.232,0.0,0.0,0.232,0.0,0.0,0.0,0,0,0.211,0.24
2026/04/16 09:00:10,02337,众诚能源,UNITED STRENGTH,,1.24,0.0,0.0,1.24,0.0,0.0,0.0,0,0,0.0,1.24
2026/04/16 09:10:08,02338,潍柴动力,WEICHAI POWER,,32.3,0.0,0.0,32.3,0.0,0.0,0.0,0,0,33.1,33.1
2026/04/16 08:55:00,02339,京西国际,BWI INT'L,,4.48,0.0,0.0,4.48,0.0,0.0,0.0,0,0,0.0,0.0
2026/04/16 09:00:40,02340,昇柏控股,ISP HOLDINGS,,0.172,0.0,0.0,0.172,0.0,0.0,0.0,0,0,0.156,0.175
2026/04/16 09:00:06,02342,京信通信,COMBA,,1.5,0.0,0.0,1.5,0.0,0.0,0.0,0,0,1.51,1.51
2026/04/16 09:00:48,02343,太平洋航运,PACIFIC BASIN,,2.92,0.0,0.0,2.92,0.0,0.0,0.0,0,0,2.94,2.94
2026/04/16 09:04:04,02347,友和集团,YOHO GROUP,,0.7,0.0,0.0,0.7,0.0,0.0,0.0,0,0,0.66,0.7
2026/04/16 09:00:10,02348,东瑞制药,DAWNRAYS PHARMA,,1.11,0.0,0.0,1.11,0.0,0.0,0.0,0,0,1.11,1.15
2026/04/16 09:00:15,02349,中国城市基础设施,CH CITY INFRA,,0.1,0.0,0.0,0.1,0.0,0.0,0.0,0,0,0.097,0.0
2026/04/16 09:09:34,02350,数科集团,MTT GROUP,,0.83,0.0,0.0,0.83,0.0,0.0,0.0,0,0,0.82,0.85
2026/04/16 09:00:00,02352,东原仁知服务,DOWELL SERVICE,,4.1,0.0,0.0,4.1,0.0,0.0,0.0,0,0,0.0,4.59
2026/04/16 09:00:20,02355,宝业集团,BAOYE GROUP,,3.94,0.0,0.0,3.94,0.0,0.0,0.0,0,0,3.87,3.99
2026/04/16 09:00:12,02356,大新银行集团,DAHSING BANKING,,12.62,0.0,0.0,12.62,0.0,0.0,0.0,0,0,12.69,12.7
2026/04/16 09:09:24,02357,中航科工,AVICHINA,,3.55,0.0,0.0,3.55,0.0,0.0,0.0,0,0,3.55,3.55
2026/04/16 09:00:00,02358,久融控股,JIU RONG HOLD,,0.011,0.0,0.0,0.011,0.0,0.0,0.0,0,0,0.011,0.012
2026/04/16 09:10:40,02359,药明康德,WUXI APPTEC,,130.4,0.0,0.0,130.4,0.0,0.0,0.0,300,39120,148.8,148.8
2026/04/16 09:09:46,02360,优品３６０,BEST MART 360,,1.79,0.0,0.0,1.79,0.0,0.0,0.0,0,0,1.79,1.81
2026/04/16 09:08:42,02361,中康科技控股,SINOHEALTH TECH,,5.08,0.0,0.0,5.08,0.0,0.0,0.0,0,0,4.81,5.09
2026/04/16 08:55:00,02362,金川国际,JINCHUAN INTL,,0.64,0.0,0.0,0.64,0.0,0.0,0.0,0,0,0.0,0.0
2026/04/16 09:04:25,02363,通达宏泰,TONGDA HONG TAI,,0.315,0.0,0.0,0.315,0.0,0.0,0.0,0,0,0.285,0.36
2026/04/16 09:10:00,02367,巨子生物,GIANT BIOGENE,,28.54,0.0,0.0,28.54,0.0,0.0,0.0,0,0,29.02,29.02
2026/04/16 09:00:15,02368,鹰美,EAGLE NICE,,3.1,0.0,0.0,3.1,0.0,0.0,0.0,0,0,3.05,3.12
2026/04/16 09:00:46,02369,酷派集团,COOLPAD GROUP,,0.65,0.0,0.0,0.65,0.0,0.0,0.0,0,0,0.61,0.7
2026/04/16 08:55:00,02370,力高健康生活,REDCO HEALTHY,,0.92,0.0,0.0,0.92,0.0,0.0,0.0,0,0,0.0,0.0
2026/04/16 09:05:50,02371,创联控股,CHUANGLIAN HOLD,,0.255,0.0,0.0,0.255,0.0,0.0,0.0,0,0,0.237,0.27
2026/04/16 09:05:45,02372,伟立控股,WEILI HOLDINGS,,0.465,0.0,0.0,0.465,0.0,0.0,0.0,0,0,0.43,0.47
2026/04/16 09:06:48,02373,美丽田园医疗健康,BEAUTYFARM MED,,20.5,0.0,0.0,20.5,0.0,0.0,0.0,0,0,20.5,21.0
2026/04/16 09:00:02,02376,鲁商服务,LUSHANGSERVICES,,1.74,0.0,0.0,1.74,0.0,0.0,0.0,0,0,1.74,0.0
2026/04/16 09:01:49,02377,博奇环保,BOQI ENV,,0.96,0.0,0.0,0.96,0.0,0.0,0.0,0,0,0.94,1.09
2026/04/16 09:04:26,02378,保诚,PRU,,117.3,0.0,0.0,117.3,0.0,0.0,0.0,0,0,111.0,118.8
2026/04/16 09:04:24,02380,中国电力,CHINA POWER,,3.21,0.0,0.0,3.21,0.0,0.0,0.0,0,0,3.21,3.21
2026/04/16 09:00:46,02381,蚬壳电业,SMC ELECTRIC,,0.146,0.0,0.0,0.146,0.0,0.0,0.0,0,0,0.146,0.15
2026/04/16 09:06:42,02382,舜宇光学科技,SUNNY OPTICAL,,62.0,0.0,0.0,62.0,0.0,0.0,0.0,0,0,62.05,62.05
2026/04/16 09:00:00,02383,ＴＯＭ集团,TOM GROUP,,0.39,0.0,0.0,0.39,0.0,0.0,0.0,0,0,0.39,0.4
2026/04/16 09:03:52,02385,读书郎,READBOY,,5.0,0.0,0.0,5.0,0.0,0.0,0.0,0,0,0.0,5.2
2026/04/16 09:02:47,02386,中石化炼化工程,SINOPEC SEG,,6.35,0.0,0.0,6.35,0.0,0.0,0.0,0,0,6.28,6.48
2026/04/16 09:10:00,02388,中银香港,BOC HONG KONG,,44.18,0.0,0.0,44.18,0.0,0.0,0.0,0,0,43.9,43.9
2026/04/16 09:00:45,02389,北京健康,BJ HEALTH,,0.064,0.0,0.0,0.064,0.0,0.0,0.0,0,0,0.06,0.0
2026/04/16 09:03:31,02390,知乎－Ｗ,ZHIHU-W,,8.74,0.0,0.0,8.74,0.0,0.0,0.0,0,0,8.6,8.9
2026/04/16 09:03:34,02391,涂鸦智能－Ｗ,TUYA-W,,18.26,0.0,0.0,18.26,0.0,0.0,0.0,0,0,17.56,19.3
2026/04/16 09:09:30,02392,玄武云,XUANWU CLOUD,,1.44,0.0,0.0,1.44,0.0,0.0,0.0,0,0,1.36,1.49
2026/04/16 09:04:35,02393,巨星医疗控股,YESTAR HEALTH,,0.094,0.0,0.0,0.094,0.0,0.0,0.0,0,0,0.088,0.096
2026/04/16 09:00:04,02396,华芢生物－Ｂ,B&K CORP-B,,7.14,0.0,0.0,7.14,0.0,0.0,0.0,0,0,7.18,7.33
2026/04/16 09:03:06,02399,中国安储能源,CN ANCHU ENERGY,,0.47,0.0,0.0,0.47,0.0,0.0,0.0,0,0,0.465,0.48
2026/04/16 09:10:00,02400,心动公司,XD INC,,63.95,0.0,0.0,63.95,0.0,0.0,0.0,0,0,64.6,64.6
2026/04/16 08:55:00,02402,亿华通,SINOHYTEC,,19.21,0.0,0.0,19.21,0.0,0.0,0.0,0,0,0.0,0.0
2026/04/16 09:01:16,02405,力盟科技,POWERWIN TECH,,0.67,0.0,0.0,0.67,0.0,0.0,0.0,0,0,0.63,0.73
2026/04/16 09:04:24,02407,高视医疗,GAUSH MEDITECH,,5.3,0.0,0.0,5.3,0.0,0.0,0.0,0,0,5.02,5.5
2026/04/16 09:04:58,02408,遇见小面,XIAO NOODLES,,4.41,0.0,0.0,4.41,0.0,0.0,0.0,0,0,4.06,4.52
2026/04/16 09:09:30,02409,洲际船务,SEACON,,4.14,0.0,0.0,4.14,0.0,0.0,0.0,0,0,4.03,4.19
2026/04/16 09:10:32,02410,同源康医药－Ｂ,TYK MEDICINES-B,,11.03,0.0,0.0,11.03,0.0,0.0,0.0,0,0,12.4,12.4
2026/04/16 09:00:00,02411,百果园集团,PAGODA GP,,1.68,0.0,0.0,1.68,0.0,0.0,0.0,0,0,1.65,1.68
2026/04/16 09:00:30,02415,梅斯健康,MEDSCI,,1.2,0.0,0.0,1.2,0.0,0.0,0.0,0,0,1.14,1.2
2026/04/16 09:10:36,02416,易点云,EDIANYUN,,3.15,0.0,0.0,3.15,0.0,0.0,0.0,0,0,3.05,3.29
2026/04/16 09:00:08,02418,德银天下,DEEWIN,,2.91,0.0,0.0,2.91,0.0,0.0,0.0,0,0,2.89,2.92
2026/04/16 09:10:36,02419,德康农牧,DEKON AGR,,73.2,0.0,0.0,73.2,0.0,0.0,0.0,0,0,73.2,74.5
2026/04/16 09:04:41,02420,子不语,ZIBUYU,,4.54,0.0,0.0,4.54,0.0,0.0,0.0,0,0,4.43,4.54
2026/04/16 09:00:02,02421,嘉创地产,KRP DEVELOPMENT,,0.59,0.0,0.0,0.59,0.0,0.0,0.0,0,0,0.55,0.6
2026/04/16 09:03:19,02422,润歌互动,REGO INTERACT,,1.66,0.0,0.0,1.66,0.0,0.0,0.0,0,0,1.6,1.69
2026/04/16 09:10:54,02423,贝壳－Ｗ,BEKE-W,,42.2,0.0,0.0,42.2,0.0,0.0,0.0,356800,15193971,42.5,42.5
2026/04/16 09:00:10,02425,澳亚集团,AUSTASIA GROUP,,2.33,0.0,0.0,2.33,0.0,0.0,0.0,0,0,0.0,2.45
2026/04/16 09:06:54,02427,GUANZE MEDICAL,GUANZE MEDICAL,,3.48,0.0,0.0,3.48,0.0,0.0,0.0,0,0,3.41,3.61
2026/04/16 09:00:12,02429,友宝在线,UBOX ONLINE,,2.5,0.0,0.0,2.5,0.0,0.0,0.0,0,0,0.0,2.63
2026/04/16 09:09:44,02431,佑驾创新,MINIEYE,,10.46,0.0,0.0,10.46,0.0,0.0,0.0,0,0,10.97,10.97
2026/04/16 09:08:28,02432,越疆,DOBOT,,34.3,0.0,0.0,34.3,0.0,0.0,0.0,0,0,34.32,34.32
2026/04/16 09:00:18,02433,中天湖南集团,ZT HN GROUP,,0.099,0.0,0.0,0.099,0.0,0.0,0.0,0,0,0.092,0.106
2026/04/16 09:02:53,02436,凌雄科技,LX TECHNOLOGY,,13.07,0.0,0.0,13.07,0.0,0.0,0.0,0,0,13.0,13.2
2026/04/16 09:00:14,02438,出门问问,MOBVOI,,0.465,0.0,0.0,0.465,0.0,0.0,0.0,0,0,0.46,0.475
2026/04/16 09:00:10,02439,中宝新材,CH TREASURES NM,,0.32,0.0,0.0,0.32,0.0,0.0,0.0,0,0,0.32,0.32
2026/04/16 09:04:17,02440,迷策略,MEMESTRATEGY,,1.52,0.0,0.0,1.52,0.0,0.0,0.0,0,0,1.47,1.55
2026/04/16 09:04:03,02442,怡俊集团控股,EASY SMART GP,,40.82,0.0,0.0,40.82,0.0,0.0,0.0,0,0,36.4,41.5
2026/04/16 09:00:00,02443,汽车街,AUTOSTREETS,,1.91,0.0,0.0,1.91,0.0,0.0,0.0,0,0,1.9,1.9
2026/04/16 09:02:51,02450,淮北绿金股份,HUAIBEI GD CO,,3.48,0.0,0.0,3.48,0.0,0.0,0.0,0,0,3.44,3.59
2026/04/16 09:04:48,02451,绿源集团控股,LUYUAN GP HLDG,,12.77,0.0,0.0,12.77,0.0,0.0,0.0,0,0,12.77,0.0
2026/04/16 09:04:24,02453,美中嘉和,CONCORD HC GP,,1.48,0.0,0.0,1.48,0.0,0.0,0.0,0,0,1.45,1.48
2026/04/16 09:04:08,02455,润华服务,RUNHUA SERVICE,,0.65,0.0,0.0,0.65,0.0,0.0,0.0,0,0,0.64,0.68
2026/04/16 09:04:23,02457,步阳国际,BUYANG INTL,,0.315,0.0,0.0,0.315,0.0,0.0,0.0,0,0,0.285,0.325
2026/04/16 09:00:22,02458,望尘科技控股,GALA TECH HOLD,,5.8,0.0,0.0,5.8,0.0,0.0,0.0,0,0,5.06,5.79
2026/04/16 09:04:20,02459,升能集团,SANERGY GROUP,,0.087,0.0,0.0,0.087,0.0,0.0,0.0,0,0,0.088,0.089
2026/04/16 09:05:46,02460,华润饮料,CR BEVERAGE,,9.02,0.0,0.0,9.02,0.0,0.0,0.0,0,0,9.0,9.02
2026/04/16 09:00:00,02465,龙蟠科技,LOPAL TECH,,13.27,0.0,0.0,13.27,0.0,0.0,0.0,0,0,15.26,15.26
2026/04/16 09:10:12,02469,粉笔,FENBI,,1.03,0.0,0.0,1.03,0.0,0.0,0.0,0,0,1.04,1.08
2026/04/16 09:09:12,02473,喜相逢集团,XXF,,1.01,0.0,0.0,1.01,0.0,0.0,0.0,0,0,1.0,1.0
2026/04/16 09:04:27,02477,经纬天地,WELLCELL HOLD,,20.12,0.0,0.0,20.12,0.0,0.0,0.0,0,0,19.94,20.12
2026/04/16 08:55:00,02479,天聚地合,TIANJUDIHE,,65.0,0.0,0.0,65.0,0.0,0.0,0.0,0,0,0.0,0.0
2026/04/16 09:04:26,02480,绿竹生物－Ｂ,LUZHU BIOTECH-B,,21.9,0.0,0.0,21.9,0.0,0.0,0.0,0,0,20.66,0.0
2026/04/16 09:04:27,02481,慧居科技,WISE LIVING TEC,,2.65,0.0,0.0,2.65,0.0,0.0,0.0,0,0,2.61,2.9
2026/04/16 09:01:01,02482,维天运通,LOGORY,,0.56,0.0,0.0,0.56,0.0,0.0,0.0,0,0,0.52,0.59
2026/04/16 09:04:25,02483,Ｋ　ＣＡＳＨ集团,K CASH,,1.75,0.0,0.0,1.75,0.0,0.0,0.0,0,0,1.65,1.76
2026/04/16 09:02:02,02486,普乐师集团控股,PLUS GP HOLDING,,7.27,0.0,0.0,7.27,0.0,0.0,0.0,0,0,0.0,7.72
2026/04/16 09:03:03,02487,科笛－Ｂ,CUTIA-B,,4.77,0.0,0.0,4.77,0.0,0.0,0.0,0,0,4.6,4.92
2026/04/16 09:00:12,02488,元征科技,LAUNCH TECH,,8.75,0.0,0.0,8.75,0.0,0.0,0.0,0,0,8.69,8.79
2026/04/16 09:09:45,02489,集海黄金,PERSISTENCEGOLD,,1.01,0.0,0.0,1.01,0.0,0.0,0.0,0,0,1.02,1.02
2026/04/16 09:01:54,02490,乐舱物流,LC LOGISTICS,,4.66,0.0,0.0,4.66,0.0,0.0,0.0,0,0,4.5,5.32
2026/04/16 09:06:06,02495,声通科技,VOICECOMM,,54.05,0.0,0.0,54.05,0.0,0.0,0.0,0,0,52.0,55.5
2026/04/16 08:55:00,02496,友芝友生物－Ｂ,YZYBIO-B,,4.82,0.0,0.0,4.82,0.0,0.0,0.0,0,0,0.0,0.0
2026/04/16 09:00:22,02497,富景中国控股,FUJING HOLDINGS,,0.62,0.0,0.0,0.62,0.0,0.0,0.0,0,0,0.58,0.65
2026/04/16 09:10:22,02498,速腾聚创,ROBOSENSE,,36.62,0.0,0.0,36.62,0.0,0.0,0.0,0,0,37.14,37.14
2026/04/16 09:09:30,02499,佛朗斯股份,FOLANGSI,,6.23,0.0,0.0,6.23,0.0,0.0,0.0,0,0,6.06,6.22
2026/04/16 09:01:15,02500,启明医疗－Ｂ,VENUS MEDTECH-B,,2.22,0.0,0.0,2.22,0.0,0.0,0.0,0,0,2.18,2.25
2026/04/16 09:04:17,02501,迈越科技,MAIYUE TECH,,1.17,0.0,0.0,1.17,0.0,0.0,0.0,0,0,1.11,1.17
2026/04/16 09:00:26,02502,金源氢化,JINYUAN HCHEM,,0.47,0.0,0.0,0.47,0.0,0.0,0.0,0,0,0.465,0.53
2026/04/16 09:00:08,02503,中深建业,ZHONGSHENJIANYE,,0.34,0.0,0.0,0.34,0.0,0.0,0.0,0,0,0.34,0.36
2026/04/16 09:02:20,02505,ＥＤＡ集团控股,EDA GROUP HLDGS,,0.67,0.0,0.0,0.67,0.0,0.0,0.0,0,0,0.65,0.77
2026/04/16 09:08:02,02506,讯飞医疗科技,XUNFEIHEALTH,,69.05,0.0,0.0,69.05,0.0,0.0,0.0,0,0,68.0,71.0
2026/04/16 09:10:22,02507,西锐,CIRRUS,,40.34,0.0,0.0,40.34,0.0,0.0,0.0,0,0,40.34,40.34
2026/04/16 09:04:37,02508,圣贝拉集团,SAINT BELLA GP,,4.53,0.0,0.0,4.53,0.0,0.0,0.0,0,0,4.44,4.53
2026/04/16 09:04:45,02509,荃信生物－Ｂ,QYUNS-B,,21.1,0.0,0.0,21.1,0.0,0.0,0.0,0,0,21.1,21.98
2026/04/16 09:01:13,02510,德翔海运,TS LINES,,8.54,0.0,0.0,8.54,0.0,0.0,0.0,0,0,8.52,8.68
2026/04/16 09:03:12,02511,君圣泰医药－Ｂ,HIGHTIDE-B,,3.7,0.0,0.0,3.7,0.0,0.0,0.0,0,0,3.3,3.75
2026/04/16 09:04:27,02512,云工场,CLOUD FACTORY,,3.19,0.0,0.0,3.19,0.0,0.0,0.0,0,0,3.17,3.19
2026/04/16 09:10:02,02513,智谱,KNOWLEDGE ATLAS,,867.0,0.0,0.0,867.0,0.0,0.0,0.0,200,155719,870.0,870.0
2026/04/16 09:01:35,02515,天津建发,TJCD,,1.07,0.0,0.0,1.07,0.0,0.0,0.0,0,0,1.04,1.09
2026/04/16 09:00:02,02516,泛远国际,FAR INTL,,1.34,0.0,0.0,1.34,0.0,0.0,0.0,0,0,1.31,1.34
2026/04/16 09:10:20,02517,锅圈,GUOQUAN,,4.31,0.0,0.0,4.31,0.0,0.0,0.0,0,0,4.25,4.25
2026/04/16 09:09:20,02518,汽车之家－Ｓ,AUTOHOME-S,,35.66,0.0,0.0,35.66,0.0,0.0,0.0,0,0,34.52,35.92
2026/04/16 09:01:43,02519,傲基股份,AUGROUP,,4.6,0.0,0.0,4.6,0.0,0.0,0.0,0,0,4.22,4.9
2026/04/16 09:04:27,02520,山西安装,SHANXI INSTALL,,2.13,0.0,0.0,2.13,0.0,0.0,0.0,0,0,1.83,2.13
2026/04/16 09:00:12,02521,升辉清洁,SHENGHUI CLEAN,,1.02,0.0,0.0,1.02,0.0,0.0,0.0,0,0,1.01,1.06
2026/04/16 09:04:32,02522,一脉阳光,RIMAG GROUP,,6.56,0.0,0.0,6.56,0.0,0.0,0.0,0,0,6.56,6.6
2026/04/16 09:10:48,02525,禾赛－Ｗ,HESAI-W,,183.9,0.0,0.0,183.9,0.0,0.0,0.0,0,0,195.0,195.0
2026/04/16 09:10:48,02526,德适－Ｂ,DIAGENS-B,,269.4,0.0,0.0,269.4,0.0,0.0,0.0,0,0,265.0,265.0
2026/04/16 09:00:22,02528,尚晋国际控股,FW FASHION INT,,0.4,0.0,0.0,0.4,0.0,0.0,0.0,0,0,0.39,0.405
2026/04/16 09:02:53,02529,泓盈城市服务,HOLLWIN URBAN,,3.16,0.0,0.0,3.16,0.0,0.0,0.0,0,0,3.04,3.2
2026/04/16 08:55:00,02530,纽曼思,NUMANS,,0.59,0.0,0.0,0.59,0.0,0.0,0.0,0,0,0.0,0.0
2026/04/16 09:06:48,02531,广联科技控股,CARLINK TECH,,5.94,0.0,0.0,5.94,0.0,0.0,0.0,0,0,5.52,6.83
2026/04/16 09:10:22,02533,黑芝麻智能,BLACK SESAME,,17.29,0.0,0.0,17.29,0.0,0.0,0.0,0,0,17.82,17.82
2026/04/16 09:06:36,02535,泓基集团,WK GROUP,,0.4,0.0,0.0,0.4,0.0,0.0,0.0,45000000,14850000,0.395,0.395
2026/04/16 09:04:27,02536,百乐皇宫,PALASINO,,1.9,0.0,0.0,1.9,0.0,0.0,0.0,0,0,1.81,1.98
2026/04/16 09:00:32,02539,乐摩科技,LEMO SERVICES,,15.9,0.0,0.0,15.9,0.0,0.0,0.0,0,0,15.26,16.4
2026/04/16 09:04:36,02540,乐思集团,LESI GROUP,,1.03,0.0,0.0,1.03,0.0,0.0,0.0,0,0,1.01,1.12
2026/04/16 09:04:23,02543,大行科工,DAHON TECH,,29.6,0.0,0.0,29.6,0.0,0.0,0.0,0,0,29.58,30.2
2026/04/16 09:00:02,02545,中赣通信,ZHONGGAN COMM,,0.44,0.0,0.0,0.44,0.0,0.0,0.0,0,0,0.425,0.44
2026/04/16 09:08:56,02546,智汇矿业,ZHIHUI MINING,,16.61,0.0,0.0,16.61,0.0,0.0,0.0,0,0,16.1,16.9
2026/04/16 09:06:52,02549,卡罗特,CAROTE LTD,,4.89,0.0,0.0,4.89,0.0,0.0,0.0,0,0,4.7,5.0
2026/04/16 09:08:48,02550,宜搜科技,EASOU TECH,,2.01,0.0,0.0,2.01,0.0,0.0,0.0,0,0,2.0,2.08
2026/04/16 09:00:12,02551,晶科电子股份,APT ELECTRONICS,,2.36,0.0,0.0,2.36,0.0,0.0,0.0,0,0,2.2,2.5
2026/04/16 09:08:48,02552,华领医药－Ｂ,HUA MEDICINE-B,,3.85,0.0,0.0,3.85,0.0,0.0,0.0,0,0,3.85,3.89
2026/04/16 09:07:58,02555,茶百道,CHABAIDAO,,5.64,0.0,0.0,5.64,0.0,0.0,0.0,0,0,5.57,5.74
2026/04/16 09:08:48,02556,迈富时,MARKETINGFORCE,,36.76,0.0,0.0,36.76,0.0,0.0,0.0,0,0,38.2,38.2
2026/04/16 09:01:08,02558,晋商银行,JINSHANG BANK,,1.38,0.0,0.0,1.38,0.0,0.0,0.0,0,0,1.31,1.38
2026/04/16 09:03:50,02559,嘀嗒出行,DIDA INC,,1.44,0.0,0.0,1.44,0.0,0.0,0.0,0,0,1.4,1.49
2026/04/16 09:00:10,02560,海螺材料科技,CONCH MAT TECH,,1.79,0.0,0.0,1.79,0.0,0.0,0.0,0,0,1.78,1.79
2026/04/16 09:04:41,02561,维昇药业－Ｂ,VISEN PHARMA-B,,27.78,0.0,0.0,27.78,0.0,0.0,0.0,0,0,27.02,27.9
2026/04/16 09:10:40,02562,狮腾控股,SYNAGISTICS,,3.22,0.0,0.0,3.22,0.0,0.0,0.0,0,0,3.34,3.34
2026/04/16 09:00:18,02563,华昊中天医药－Ｂ,BIOSTAR PHARM-B,,3.84,0.0,0.0,3.84,0.0,0.0,0.0,0,0,3.52,0.0
2026/04/16 09:10:34,02565,派格－Ｂ（五十）,PEGBIO CO-B-50,,43.9,0.0,0.0,43.9,0.0,0.0,0.0,0,0,49.88,49.88
2026/04/16 09:08:22,02566,九源基因,JIUYUAN GENE,,7.04,0.0,0.0,7.04,0.0,0.0,0.0,0,0,7.02,7.5
2026/04/16 09:00:30,02567,七牛智能,QINIU,,0.46,0.0,0.0,0.46,0.0,0.0,0.0,0,0,0.45,0.465
2026/04/16 09:03:45,02569,舒宝国际,SOFT INTL,,0.95,0.0,0.0,0.95,0.0,0.0,0.0,0,0,0.93,0.98
2026/04/16 09:10:32,02570,重塑能源,REFIRE,,44.06,0.0,0.0,44.06,0.0,0.0,0.0,0,0,44.06,44.5
2026/04/16 09:06:42,02571,赛目科技,SAIMO,,13.0,0.0,0.0,13.0,0.0,0.0,0.0,0,0,12.73,13.6
2026/04/16 09:03:28,02573,新琪安,NEWTREND GROUP,,4.6,0.0,0.0,4.6,0.0,0.0,0.0,0,0,4.1,4.6
2026/04/16 09:09:56,02575,轩竹生物－Ｂ,XUANZHUBIO-B,,36.02,0.0,0.0,36.02,0.0,0.0,0.0,0,0,36.7,36.7
2026/04/16 09:08:54,02576,太美医疗科技,TAIMEI TECH,,4.66,0.0,0.0,4.66,0.0,0.0,0.0,0,0,4.5,4.85
2026/04/16 09:10:10,02577,英诺赛科,INNOSCIENCE,,55.2,0.0,0.0,55.2,0.0,0.0,0.0,0,0,55.2,55.9
2026/04/16 09:04:04,02579,中伟新材,CNGR,,38.3,0.0,0.0,38.3,0.0,0.0,0.0,0,0,38.0,39.8
2026/04/16 09:07:16,02580,奥克斯电气,AUX ELECTRIC,,9.63,0.0,0.0,9.63,0.0,0.0,0.0,0,0,9.6,9.6
2026/04/16 09:00:02,02581,明基医院,BENQ HOLDING,,3.47,0.0,0.0,3.47,0.0,0.0,0.0,0,0,3.46,3.47
2026/04/16 09:09:50,02582,国富氢能,GUOFUHEE,,28.44,0.0,0.0,28.44,0.0,0.0,0.0,0,0,28.88,28.88
2026/04/16 09:04:32,02583,西普尼,HIPINE,,102.0,0.0,0.0,102.0,0.0,0.0,0.0,0,0,102.1,102.1
2026/04/16 09:04:35,02585,梦金园,MOKINGRAN,,20.0,0.0,0.0,20.0,0.0,0.0,0.0,0,0,19.52,21.0
2026/04/16 09:06:52,02586,多点数智,DMALL,,7.25,0.0,0.0,7.25,0.0,0.0,0.0,0,0,7.28,7.28
2026/04/16 09:02:38,02587,健康之路,HEALTHYWAY INC,,4.71,0.0,0.0,4.71,0.0,0.0,0.0,0,0,4.82,4.82
2026/04/16 09:10:20,02588,中银航空租赁,BOC AVIATION,,84.45,0.0,0.0,84.45,0.0,0.0,0.0,9000,762111,83.2,83.2
2026/04/16 09:09:12,02589,沪上阿姨,AUNTEA JENNY,,78.45,0.0,0.0,78.45,0.0,0.0,0.0,0,0,81.0,81.0
2026/04/16 09:10:45,02590,极智嘉－Ｗ,GEEKPLUS-W,,18.48,0.0,0.0,18.48,0.0,0.0,0.0,0,0,19.12,19.12
2026/04/16 09:09:10,02591,银诺医药－Ｂ,INNOGEN-B,,21.38,0.0,0.0,21.38,0.0,0.0,0.0,0,0,21.38,21.38
2026/04/16 09:05:50,02592,拨康视云－Ｂ,CLOUDBREAK-B,,1.32,0.0,0.0,1.32,0.0,0.0,0.0,0,0,1.35,1.35
2026/04/16 09:04:26,02593,草姬集团,HERBS GROUP,,0.94,0.0,0.0,0.94,0.0,0.0,0.0,0,0,0.91,0.95
2026/04/16 09:04:31,02595,劲方医药－Ｂ,GENFLEET-B,,48.84,0.0,0.0,48.84,0.0,0.0,0.0,0,0,48.8,48.8
2026/04/16 09:00:05,02596,宜宾银行,YIBIN BANK,,2.64,0.0,0.0,2.64,0.0,0.0,0.0,0,0,2.59,0.0
2026/04/16 09:04:13,02597,讯众通信,XUNZHONG,,29.2,0.0,0.0,29.2,0.0,0.0,0.0,0,0,28.24,32.7
2026/04/16 09:09:54,02598,连连数字,LIANLIAN,,6.0,0.0,0.0,6.0,0.0,0.0,0.0,0,0,5.95,6.12
2026/04/16 09:06:20,02600,中国铝业,CHALCO,,12.58,0.0,0.0,12.58,0.0,0.0,0.0,0,0,12.63,12.78
2026/04/16 09:10:00,02601,中国太保,CPIC,,33.86,0.0,0.0,33.86,0.0,0.0,0.0,0,0,33.74,33.74
2026/04/16 09:06:10,02602,万物云,ONEWO,,17.27,0.0,0.0,17.27,0.0,0.0,0.0,0,0,17.0,17.25
2026/04/16 09:06:20,02603,吉宏股份,JIHONG CO,,12.88,0.0,0.0,12.88,0.0,0.0,0.0,0,0,12.88,12.88
2026/04/16 09:08:18,02605,METALIGHT,METALIGHT,,1.65,0.0,0.0,1.65,0.0,0.0,0.0,0,0,1.62,1.62
2026/04/16 09:01:12,02607,上海医药,SH PHARMA,,11.78,0.0,0.0,11.78,0.0,0.0,0.0,0,0,11.78,11.85
2026/04/16 09:00:00,02608,阳光１００中国,SUNSHINE 100,,0.01,0.0,0.0,0.01,0.0,0.0,0.0,0,0,0.0,0.01
2026/04/16 09:10:30,02609,佰泽医疗,BAYZED HEALTH,,5.25,0.0,0.0,5.25,0.0,0.0,0.0,0,0,5.15,5.15
2026/04/16 09:09:45,02610,南山铝业国际,NANSHAN AL INTL,,46.2,0.0,0.0,46.2,0.0,0.0,0.0,0,0,45.7,46.78
2026/04/16 09:06:18,02611,国泰海通,GTHT,,14.22,0.0,0.0,14.22,0.0,0.0,0.0,0,0,14.18,14.18
2026/04/16 09:04:26,02613,汇舸环保,CONTIOCEAN,,31.74,0.0,0.0,31.74,0.0,0.0,0.0,0,0,28.0,32.0
2026/04/16 09:00:08,02616,基石药业－Ｂ,CSTONE PHARMA-B,,9.9,0.0,0.0,9.9,0.0,0.0,0.0,0,0,9.9,9.9
2026/04/16 09:09:46,02617,药捷安康－Ｂ,TRANSTHERA-B,,70.3,0.0,0.0,70.3,0.0,0.0,0.0,0,0,70.3,70.3
2026/04/16 09:10:20,02618,京东物流,JD LOGISTICS,,15.55,0.0,0.0,15.55,0.0,0.0,0.0,0,0,16.2,16.2
2026/04/16 09:04:43,02619,香江电器,XJ ELECTRICS,,1.8,0.0,0.0,1.8,0.0,0.0,0.0,0,0,1.79,1.82
2026/04/16 09:04:03,02621,手回集团,SHOUHUI GROUP,,3.15,0.0,0.0,3.15,0.0,0.0,0.0,0,0,3.08,3.2
2026/04/16 09:00:15,02623,爱德新能源,ADD NEW ENERGY,,5.19,0.0,0.0,5.19,0.0,0.0,0.0,0,0,5.1,5.3
2026/04/16 09:00:32,02625,江苏宏信,JIANGSU HORIZON,,4.19,0.0,0.0,4.19,0.0,0.0,0.0,0,0,4.11,4.4
2026/04/16 08:55:00,02627,中慧生物－Ｂ,AB&B BIO-TECH-B,,29.32,0.0,0.0,29.32,0.0,0.0,0.0,0,0,0.0,0.0
2026/04/16 09:09:58,02628,中国人寿,CHINA LIFE,,27.42,0.0,0.0,27.42,0.0,0.0,0.0,0,0,27.42,27.42
2026/04/16 08:55:00,02629,MIRXES-B,MIRXES-B,,12.41,0.0,0.0,12.41,0.0,0.0,0.0,0,0,0.0,0.0
2026/04/16 09:00:42,02630,旺山旺水－Ｂ,VIGONVITA-B,,86.95,0.0,0.0,86.95,0.0,0.0,0.0,0,0,83.9,88.0
2026/04/16 09:05:39,02631,天岳先进,SICC,,55.45,0.0,0.0,55.45,0.0,0.0,0.0,0,0,55.45,55.45
2026/04/16 09:00:00,02632,泽景股份,NEW VISION CO,,56.95,0.0,0.0,56.95,0.0,0.0,0.0,0,0,56.95,56.95
2026/04/16 09:00:30,02633,雅各臣科研制药,JACOBSON PHARMA,,1.2,0.0,0.0,1.2,0.0,0.0,0.0,0,0,1.18,1.2
2026/04/16 09:06:34,02635,诺比侃（新）,NUOBIKAN-NEW,,60.95,0.0,0.0,60.95,0.0,0.0,0.0,0,0,60.95,62.0
2026/04/16 09:09:38,02637,海西新药,HAIXI PHARMA,,191.3,0.0,0.0,191.3,0.0,0.0,0.0,0,0,191.7,191.7
2026/04/16 09:04:42,02638,港灯－ＳＳ,HKELECTRIC-SS,,6.44,0.0,0.0,6.44,0.0,0.0,0.0,0,0,6.44,6.44
2026/04/16 09:09:56,02643,曹操出行,CAOCAO INC,,25.78,0.0,0.0,25.78,0.0,0.0,0.0,0,0,25.52,26.32
2026/04/16 09:04:44,02648,安井食品,ANJOY FOOD,,80.3,0.0,0.0,80.3,0.0,0.0,0.0,0,0,80.35,80.35
2026/04/16 08:55:00,02649,优乐赛共享,ALSCO POOLING,,3.9,0.0,0.0,3.9,0.0,0.0,0.0,0,0,0.0,0.0
2026/04/16 09:09:22,02650,挚达科技,ZHIDA TECH,,46.02,0.0,0.0,46.02,0.0,0.0,0.0,0,0,46.98,46.98
2026/04/16 09:00:24,02651,大众口腔,DAZHONG DENTAL,,12.2,0.0,0.0,12.2,0.0,0.0,0.0,0,0,11.8,13.5
2026/04/16 09:09:42,02652,长风药业,CF PHARMTECH,,23.58,0.0,0.0,23.58,0.0,0.0,0.0,0,0,23.58,24.8
2026/04/16 09:01:10,02655,果下科技,GUOXIA TECH,,65.85,0.0,0.0,65.85,0.0,0.0,0.0,0,0,75.7,75.7
2026/04/16 09:10:54,02656,健康１６０,160 HEALTH,,35.4,0.0,0.0,35.4,0.0,0.0,0.0,0,0,30.2,30.2
2026/04/16 09:04:40,02657,林清轩,FOREST CABIN,,57.1,0.0,0.0,57.1,0.0,0.0,0.0,0,0,56.9,58.3
2026/04/16 09:04:55,02658,天域半导体,TIANYU SEMI,,42.22,0.0,0.0,42.22,0.0,0.0,0.0,0,0,42.1,44.0
2026/04/16 09:01:48,02659,宝济药业－Ｂ,BAO PHARMA-B,,90.0,0.0,0.0,90.0,0.0,0.0,0.0,0,0,91.0,91.0
2026/04/16 09:00:12,02660,禅游科技,ZENGAME,,2.55,0.0,0.0,2.55,0.0,0.0,0.0,0,0,2.55,2.55
2026/04/16 09:05:42,02661,轻松健康,QINGSONG HEALTH,,151.2,0.0,0.0,151.2,0.0,0.0,0.0,0,0,151.5,151.5
2026/04/16 09:00:45,02663,应力控股,KPA-BM HLDGS,,0.285,0.0,0.0,0.285,0.0,0.0,0.0,0,0,0.28,0.29
2026/04/16 09:10:26,02665,图达通,SEYOND,,9.48,0.0,0.0,9.48,0.0,0.0,0.0,0,0,9.89,9.89
2026/04/16 09:08:50,02666,环球医疗,UNI MEDICAL,,5.87,0.0,0.0,5.87,0.0,0.0,0.0,0,0,5.84,5.88
2026/04/16 09:00:02,02668,百德国际,PAK TAK INT'L,,0.28,0.0,0.0,0.28,0.0,0.0,0.0,0,0,0.275,0.285
2026/04/16 09:01:24,02669,中海物业,CHINA OVS PPT,,4.11,0.0,0.0,4.11,0.0,0.0,0.0,0,0,4.14,4.14
2026/04/16 09:00:36,02670,云迹,YUNJI,,240.6,0.0,0.0,240.6,0.0,0.0,0.0,0,0,236.0,241.0
2026/04/16 09:00:14,02671,美联股份,USAS BUILDING,,4.14,0.0,0.0,4.14,0.0,0.0,0.0,0,0,3.98,4.2
2026/04/16 09:04:42,02675,精锋医疗－Ｂ,EDGE MEDICAL-B,,54.0,0.0,0.0,54.0,0.0,0.0,0.0,0,0,54.0,56.0
2026/04/16 09:10:04,02676,纳芯微,NOVOSENSE,,124.2,0.0,0.0,124.2,0.0,0.0,0.0,0,0,124.0,129.3
2026/04/16 09:08:52,02677,卓正医疗,DISTINCT HEALTH,,35.6,0.0,0.0,35.6,0.0,0.0,0.0,0,0,35.6,35.6
2026/04/16 09:00:51,02678,天虹国际集团,TEXHONG INTL GP,,6.57,0.0,0.0,6.57,0.0,0.0,0.0,0,0,6.45,6.45
2026/04/16 09:04:48,02680,创陞控股,INNOVAX HLDGS,,10.91,0.0,0.0,10.91,0.0,0.0,0.0,0,0,10.9,11.1
2026/04/16 09:04:25,02682,润利海事,YUN LEE MARINE,,0.151,0.0,0.0,0.151,0.0,0.0,0.0,0,0,0.146,0.151
2026/04/16 09:00:48,02683,华新手袋国际控股,WAHSUN HANDBAGS,,1.18,0.0,0.0,1.18,0.0,0.0,0.0,0,0,1.18,1.26
2026/04/16 09:10:40,02685,量化派,QUANTGROUP,,22.28,0.0,0.0,22.28,0.0,0.0,0.0,0,0,22.32,22.32
2026/04/16 09:07:16,02687,卓越睿新,ABLE DIGITAL,,146.1,0.0,0.0,146.1,0.0,0.0,0.0,0,0,145.5,146.5
2026/04/16 09:04:12,02688,新奥能源,ENN ENERGY,,63.4,0.0,0.0,63.4,0.0,0.0,0.0,0,0,63.1,63.35
2026/04/16 09:06:10,02689,玖龙纸业,ND PAPER,,6.49,0.0,0.0,6.49,0.0,0.0,0.0,0,0,6.45,6.45
2026/04/16 09:08:16,02691,南华期货股份,NANHUA FUTURES,,10.89,0.0,0.0,10.89,0.0,0.0,0.0,0,0,10.8,11.0
2026/04/16 09:10:42,02692,兆威机电,ZHAOWEI,,65.05,0.0,0.0,65.05,0.0,0.0,0.0,0,0,65.1,65.1
2026/04/16 09:04:34,02693,金岩高岭新材,JINYAN KAOLIN,,4.1,0.0,0.0,4.1,0.0,0.0,0.0,0,0,4.0,4.48
2026/04/16 09:00:12,02695,印象大红袍,IMPRESSION DHP,,2.08,0.0,0.0,2.08,0.0,0.0,0.0,0,0,2.05,2.1
2026/04/16 09:08:48,02696,复宏汉霖,HENLIUS,,82.65,0.0,0.0,82.65,0.0,0.0,0.0,0,0,84.8,84.8
2026/04/16 09:07:38,02698,乐舒适,SOFTCARE,,31.78,0.0,0.0,31.78,0.0,0.0,0.0,0,0,30.74,32.0
2026/04/16 09:02:43,02699,新明中国,XINMING CHINA,,0.28,0.0,0.0,0.28,0.0,0.0,0.0,0,0,0.265,0.29
2026/04/16 09:04:26,02700,格林国际控股,GREEN INTL HLDG,,0.58,0.0,0.0,0.58,0.0,0.0,0.0,0,0,0.53,0.59
2026/04/16 09:05:56,02701,国民技术,NSING TECH,,12.72,0.0,0.0,12.72,0.0,0.0,0.0,0,0,12.73,12.73
2026/04/16 09:04:45,02706,海致科技集团,HAIZHI TECH GP,,61.7,0.0,0.0,61.7,0.0,0.0,0.0,0,0,61.7,61.7
2026/04/16 09:06:26,02714,牧原股份,MUYUAN,,43.0,0.0,0.0,43.0,0.0,0.0,0.0,0,0,43.5,43.5
2026/04/16 09:00:15,02715,埃斯顿,ESTUN,,12.94,0.0,0.0,12.94,0.0,0.0,0.0,0,0,12.94,12.94
2026/04/16 09:04:23,02718,明略科技－Ｗ,MININGLAMP-W,,205.6,0.0,0.0,205.6,0.0,0.0,0.0,0,0,205.0,218.0
2026/04/16 09:03:23,02720,乐欣户外,RIDGE OUTDOOR,,25.62,0.0,0.0,25.62,0.0,0.0,0.0,0,0,24.5,26.88
2026/04/16 09:07:46,02722,重庆机电,CHONGQING M&E,,2.56,0.0,0.0,2.56,0.0,0.0,0.0,0,0,2.59,2.59
2026/04/16 09:07:28,02726,瀚天天成,EPIWORLD,,106.6,0.0,0.0,106.6,0.0,0.0,0.0,0,0,106.6,106.6
2026/04/16 09:09:52,02727,上海电气,SH ELECTRIC,,3.91,0.0,0.0,3.91,0.0,0.0,0.0,0,0,3.91,3.91
2026/04/16 08:55:00,02728,金泰能源控股,JINTAI ENERGY H,,0.024,0.0,0.0,0.024,0.0,0.0,0.0,0,0,0.0,0.0
2026/04/16 09:07:56,02729,凯乐士科技,GALAXIS TECH,,40.96,0.0,0.0,40.96,0.0,0.0,0.0,0,0,40.98,42.0
2026/04/16 09:00:05,02738,华津国际控股,HUAJIN INTL,,0.179,0.0,0.0,0.179,0.0,0.0,0.0,0,0,0.162,0.0
2026/04/16 09:10:16,02768,国恩科技,GON TECHNOLOGY,,47.6,0.0,0.0,47.6,0.0,0.0,0.0,0,0,47.6,49.3
2026/04/16 09:03:36,02772,中梁控股,ZHONGLIANG HLDG,,0.042,0.0,0.0,0.042,0.0,0.0,0.0,0,0,0.036,0.036
2026/04/16 09:00:20,02777,富力地产,R&F PROPERTIES,,0.4,0.0,0.0,0.4,0.0,0.0,0.0,0,0,0.395,0.42
2026/04/16 09:00:05,02779,中国新华教育,CH XINHUA EDU,,0.495,0.0,0.0,0.495,0.0,0.0,0.0,0,0,0.485,0.495
2026/04/16 09:00:26,02788,创新实业,CHUANGXIN IND,,30.9,0.0,0.0,30.9,0.0,0.0,0.0,0,0,30.62,31.34
2026/04/16 09:08:20,02789,远大中国,YUANDA CHINA,,0.194,0.0,0.0,0.194,0.0,0.0,0.0,0,0,0.191,0.193
2026/04/16 09:04:24,02798,久泰邦达能源,PER ENERGY,,0.98,0.0,0.0,0.98,0.0,0.0,0.0,0,0,0.93,1.04
2026/04/16 09:00:00,02799,中信金融资产,CITIC FAMC,,0.72,0.0,0.0,0.72,0.0,0.0,0.0,0,0,0.72,0.72
2026/04/16 09:08:34,02858,易鑫集团,YIXIN,,2.18,0.0,0.0,2.18,0.0,0.0,0.0,0,0,2.19,2.19
2026/04/16 09:04:27,02863,高丰集团控股,GOLDEN FAITH GP,,0.37,0.0,0.0,0.37,0.0,0.0,0.0,0,0,0.365,0.41
2026/04/16 09:07:45,02865,钧达股份,DRINDA,,31.78,0.0,0.0,31.78,0.0,0.0,0.0,0,0,32.4,32.4
2026/04/16 09:00:36,02866,中远海发,COSCO SHIP DEV,,1.19,0.0,0.0,1.19,0.0,0.0,0.0,0,0,1.19,1.19
2026/04/16 09:00:52,02869,绿城服务,GREENTOWN SER,,4.45,0.0,0.0,4.45,0.0,0.0,0.0,0,0,4.56,4.56
2026/04/16 09:00:32,02877,神威药业,SHINEWAY PHARM,,9.95,0.0,0.0,9.95,0.0,0.0,0.0,0,0,9.95,9.95
2026/04/16 09:00:00,02878,晶门半导体,SOLOMON SYSTECH,,0.365,0.0,0.0,0.365,0.0,0.0,0.0,0,0,0.36,0.37
2026/04/16 09:04:33,02880,辽港股份,LIAONING PORT,,0.86,0.0,0.0,0.86,0.0,0.0,0.0,0,0,0.86,0.87
2026/04/16 09:01:31,02881,武汉有机,WUHAN YOUJI,,7.0,0.0,0.0,7.0,0.0,0.0,0.0,0,0,6.38,7.38
2026/04/16 09:04:46,02882,金至尊集团,3DG HOLDINGS,,0.5,0.0,0.0,0.5,0.0,0.0,0.0,0,0,0.495,0.53
2026/04/16 09:04:16,02883,中海油田服务,CHINA OILFIELD,,9.08,0.0,0.0,9.08,0.0,0.0,0.0,0,0,9.0,9.15
2026/04/16 09:04:47,02885,彼岸控股,PEIPORT HOLD,,0.94,0.0,0.0,0.94,0.0,0.0,0.0,0,0,0.92,0.93
2026/04/16 09:07:42,02886,滨海投资,BINHAI INV,,1.19,0.0,0.0,1.19,0.0,0.0,0.0,0,0,1.17,1.19
2026/04/16 09:00:00,02888,渣打集团,STANCHART,,186.7,0.0,0.0,186.7,0.0,0.0,0.0,0,0,188.0,188.0
2026/04/16 09:09:26,02889,博泰车联,PATEO,,123.7,0.0,0.0,123.7,0.0,0.0,0.0,0,0,136.2,136.2
2026/04/16 08:55:00,02892,万城控股,MILLION CITIES,,0.44,0.0,0.0,0.44,0.0,0.0,0.0,0,0,0.0,0.0
2026/04/16 08:55:00,02898,盛禾生物－Ｂ,SUNHO BIO-B,,6.39,0.0,0.0,6.39,0.0,0.0,0.0,0,0,0.0,0.0
2026/04/16 09:09:58,02899,紫金矿业,ZIJIN MINING,,37.98,0.0,0.0,37.98,0.0,0.0,0.0,46000,1758373,37.98,37.98
2026/04/16 08:55:00,02929,STERLING GP-OLD,STERLING GP-OLD,,1.0,0.0,0.0,1.0,0.0,0.0,0.0,0,0,0.0,0.0
2026/04/16 08:55:00,02931,诺比侃（旧）,NUOBIKAN-OLD,,60.0,0.0,0.0,60.0,0.0,0.0,0.0,0,0,0.0,0.0
2026/04/16 09:10:38,02934,圣马丁国际（旧）,SANDMARTIN-OLD,,0.8,0.0,0.0,0.8,0.0,0.0,0.0,0,0,0.7,0.0
2026/04/16 08:55:00,02935,环球华商（一万）,GLOBAL CHI-10K,,17.11,0.0,0.0,17.11,0.0,0.0,0.0,0,0,0.0,0.0
2026/04/16 08:55:00,02938,派格－Ｂ（五百）,PEGBIO CO-B-500,,55.7,0.0,0.0,55.7,0.0,0.0,0.0,0,0,0.0,0.0
2026/04/16 08:55:00,02939,圣马丁国际股权,SANDMARTIN RTS,,0.088,0.0,0.0,0.088,0.0,0.0,0.0,0,0,0.0,0.0
2026/04/16 09:00:30,03200,大族数控,HANS CNC,,130.0,0.0,0.0,130.0,0.0,0.0,0.0,0,0,131.0,131.0
2026/04/16 09:08:46,03268,美格智能,MEIG,,22.64,0.0,0.0,22.64,0.0,0.0,0.0,0,0,26.0,26.0
2026/04/16 09:06:52,03288,海天味业,HAITIAN FLAV,,36.5,0.0,0.0,36.5,0.0,0.0,0.0,0,0,36.5,36.5
2026/04/16 09:04:43,03300,中国玻璃,CHINA GLASS,,0.5,0.0,0.0,0.5,0.0,0.0,0.0,0,0,0.495,0.5
2026/04/16 09:04:20,03301,融信中国,RONSHINECHINA,,0.108,0.0,0.0,0.108,0.0,0.0,0.0,0,0,0.106,0.109
2026/04/16 09:02:25,03302,精技集团,KINERGY,,0.375,0.0,0.0,0.375,0.0,0.0,0.0,0,0,0.34,0.38
2026/04/16 09:00:52,03303,巨涛海洋石油服务,JUTAL OIL SER,,0.445,0.0,0.0,0.445,0.0,0.0,0.0,0,0,0.45,0.46
2026/04/16 09:06:15,03306,江南布衣,JNBY,,21.82,0.0,0.0,21.82,0.0,0.0,0.0,0,0,22.1,22.1
2026/04/16 09:00:26,03309,希玛医疗,C-MER MEDICAL,,1.26,0.0,0.0,1.26,0.0,0.0,0.0,0,0,1.25,1.29
2026/04/16 09:04:33,03311,中国建筑国际,CHINA STATE CON,,8.86,0.0,0.0,8.86,0.0,0.0,0.0,0,0,8.86,8.9
2026/04/16 09:00:25,03313,雅高控股,ARTGO HOLDINGS,,0.12,0.0,0.0,0.12,0.0,0.0,0.0,0,0,0.117,0.12
2026/04/16 09:00:48,03315,金邦达宝嘉,GOLDPAC GROUP,,0.81,0.0,0.0,0.81,0.0,0.0,0.0,0,0,0.78,0.82
2026/04/16 09:00:08,03316,滨江服务,BINJIANG SER,,24.74,0.0,0.0,24.74,0.0,0.0,0.0,0,0,24.12,24.8
2026/04/16 09:08:06,03317,迅策,XUNCE,,312.8,0.0,0.0,312.8,0.0,0.0,0.0,0,0,315.0,315.0
2026/04/16 09:07:56,03318,中国波顿,CHINA BOTON,,1.6,0.0,0.0,1.6,0.0,0.0,0.0,0,0,1.52,1.64
2026/04/16 09:00:00,03319,雅生活服务,A-LIVING,,1.89,0.0,0.0,1.89,0.0,0.0,0.0,0,0,1.89,1.9
2026/04/16 09:07:58,03320,华润医药,CHINARES PHARMA,,6.36,0.0,0.0,6.36,0.0,0.0,0.0,0,0,6.3,6.34
2026/04/16 09:00:16,03321,中科集团控股,ZHONGKE GROUP,,0.045,0.0,0.0,0.045,0.0,0.0,0.0,0,0,0.045,0.046
2026/04/16 09:03:41,03322,永嘉集团,WIN HANVERKY,,0.203,0.0,0.0,0.203,0.0,0.0,0.0,0,0,0.191,0.206
2026/04/16 09:00:38,03323,中国建材,CNBM,,5.49,0.0,0.0,5.49,0.0,0.0,0.0,0,0,5.46,5.46
2026/04/16 09:04:14,03328,交通银行,BANKCOMM,,7.14,0.0,0.0,7.14,0.0,0.0,0.0,0,0,7.13,7.17
2026/04/16 09:04:28,03329,交银国际,BOCOM INTL,,0.345,0.0,0.0,0.345,0.0,0.0,0.0,0,0,0.35,0.35
2026/04/16 09:07:08,03330,灵宝黄金,LINGBAO GOLD,,26.58,0.0,0.0,26.58,0.0,0.0,0.0,0,0,27.0,27.0
2026/04/16 09:10:00,03332,中生联合,SINOLIFE UTD,,0.365,0.0,0.0,0.365,0.0,0.0,0.0,0,0,0.355,0.405
2026/04/16 09:00:53,03336,巨腾国际,JU TENG INTL,,2.61,0.0,0.0,2.61,0.0,0.0,0.0,0,0,2.61,2.62
2026/04/16 09:00:02,03337,安东油田服务,ANTON OILFIELD,,1.04,0.0,0.0,1.04,0.0,0.0,0.0,0,0,1.04,1.05
2026/04/16 09:05:01,03339,中国龙工,LONKING,,3.3,0.0,0.0,3.3,0.0,0.0,0.0,0,0,3.32,3.32
2026/04/16 09:00:00,03347,泰格医药,TIGERMED,,44.7,0.0,0.0,44.7,0.0,0.0,0.0,0,0,44.7,44.7
2026/04/16 09:04:36,03348,中国鹏飞集团,CHINA PENGFEI,,1.29,0.0,0.0,1.29,0.0,0.0,0.0,0,0,1.25,1.3
2026/04/16 09:04:27,03355,飞速创新,FS.COM,,51.3,0.0,0.0,51.3,0.0,0.0,0.0,0,0,50.3,51.3
2026/04/16 09:06:30,03360,远东宏信,FE HORIZON,,7.37,0.0,0.0,7.37,0.0,0.0,0.0,0,0,7.48,7.48
2026/04/16 09:01:13,03363,正业国际,ZHENGYE INT'L,,0.33,0.0,0.0,0.33,0.0,0.0,0.0,0,0,0.33,0.365
2026/04/16 09:00:28,03366,华侨城（亚洲）,OCT (ASIA),,0.255,0.0,0.0,0.255,0.0,0.0,0.0,0,0,0.25,0.255
2026/04/16 09:00:24,03368,百盛集团,PARKSON GROUP,,0.152,0.0,0.0,0.152,0.0,0.0,0.0,0,0,0.146,0.152
2026/04/16 09:00:36,03369,秦港股份,QHD PORT,,2.46,0.0,0.0,2.46,0.0,0.0,0.0,0,0,2.45,2.46
2026/04/16 09:04:36,03377,远洋集团,SINO-OCEAN GP,,0.069,0.0,0.0,0.069,0.0,0.0,0.0,0,0,0.069,0.07
2026/04/16 09:07:16,03378,翰思艾泰－Ｂ,HANXBIO-B,,29.2,0.0,0.0,29.2,0.0,0.0,0.0,0,0,29.5,29.5
2026/04/16 09:10:00,03380,龙光集团,LOGAN GROUP,,1.27,0.0,0.0,1.27,0.0,0.0,0.0,0,0,1.28,1.28
2026/04/16 09:00:02,03382,天津港发展,TIANJINPORT DEV,,0.69,0.0,0.0,0.69,0.0,0.0,0.0,0,0,0.69,0.7
2026/04/16 09:00:10,03383,雅居乐集团,AGILE GROUP,,0.24,0.0,0.0,0.24,0.0,0.0,0.0,0,0,0.239,0.25
2026/04/16 09:04:25,03389,亨得利,HENGDELI,,0.172,0.0,0.0,0.172,0.0,0.0,0.0,0,0,0.171,0.18
2026/04/16 09:00:10,03390,满贯集团,TYCOON GROUP,,0.285,0.0,0.0,0.285,0.0,0.0,0.0,0,0,0.28,0.295
2026/04/16 09:04:45,03393,威胜控股,WASION HOLDINGS,,30.66,0.0,0.0,30.66,0.0,0.0,0.0,0,0,30.66,31.2
2026/04/16 09:00:16,03395,吉星新能源,JX ENERGY,,0.26,0.0,0.0,0.26,0.0,0.0,0.0,0,0,0.25,0.27
2026/04/16 09:10:00,03396,联想控股,LEGENDHOLDING,,9.09,0.0,0.0,9.09,0.0,0.0,0.0,0,0,9.11,9.11
2026/04/16 09:04:24,03398,华鼎控股,CHINA TING,,0.06,0.0,0.0,0.06,0.0,0.0,0.0,0,0,0.055,0.065
2026/04/16 09:03:46,03399,粤运交通,YUEYUN TRANS,,1.5,0.0,0.0,1.5,0.0,0.0,0.0,0,0,1.48,1.55
2026/04/16 09:00:02,03600,现代牙科,MODERN DENTAL,,6.46,0.0,0.0,6.46,0.0,0.0,0.0,0,0,6.46,6.46
2026/04/16 09:00:05,03601,鲁大师,LUDASHI,,0.83,0.0,0.0,0.83,0.0,0.0,0.0,0,0,0.81,0.86
2026/04/16 09:03:59,03603,信基沙溪,XINJI SHAXI,,0.061,0.0,0.0,0.061,0.0,0.0,0.0,0,0,0.056,0.063
2026/04/16 09:00:15,03606,福耀玻璃,FUYAO GLASS,,61.9,0.0,0.0,61.9,0.0,0.0,0.0,0,0,61.75,61.75
2026/04/16 09:10:20,03613,同仁堂国药,TONGRENTANGCM,,7.66,0.0,0.0,7.66,0.0,0.0,0.0,0,0,7.66,7.71
2026/04/16 09:10:00,03616,恒达集团控股,EVER REACH GP,,0.209,0.0,0.0,0.209,0.0,0.0,0.0,0,0,0.18,0.21
2026/04/16 09:06:48,03618,重庆农村商业银行,CQRC BANK,,7.15,0.0,0.0,7.15,0.0,0.0,0.0,0,0,7.08,7.17
2026/04/16 09:00:48,03623,中国金融发展,C SUCCESS FIN,,0.74,0.0,0.0,0.74,0.0,0.0,0.0,0,0,0.71,0.8
2026/04/16 09:04:39,03625,傅里叶,FOURSEMI,,136.7,0.0,0.0,136.7,0.0,0.0,0.0,0,0,136.7,136.7
2026/04/16 09:04:15,03626,启明东方控股,EAST NOVA HLDGS,,2.18,0.0,0.0,2.18,0.0,0.0,0.0,0,0,0.0,2.2
2026/04/16 09:00:48,03628,仁恒实业控股,RENHENG ENT,,0.195,0.0,0.0,0.195,0.0,0.0,0.0,0,0,0.171,0.21
2026/04/16 09:10:00,03633,中裕能源,ZHONGYU ENERGY,,2.73,0.0,0.0,2.73,0.0,0.0,0.0,0,0,2.76,2.76
2026/04/16 09:00:18,03636,金浔资源,JINXUN RESOURCE,,26.08,0.0,0.0,26.08,0.0,0.0,0.0,0,0,25.62,26.58
2026/04/16 09:04:22,03638,亨利加集团,HUNLICAR GROUP,,8.75,0.0,0.0,8.75,0.0,0.0,0.0,0,0,8.65,8.75
2026/04/16 09:00:08,03639,亿达中国,YIDA CHINA,,0.042,0.0,0.0,0.042,0.0,0.0,0.0,0,0,0.04,0.047
2026/04/16 09:02:15,03650,KEEP,KEEP,,2.87,0.0,0.0,2.87,0.0,0.0,0.0,0,0,2.86,2.98
2026/04/16 09:00:40,03658,新希望服务,NEW HOPE SERV,,1.99,0.0,0.0,1.99,0.0,0.0,0.0,0,0,1.95,2.08
2026/04/16 09:09:18,03660,奇富科技－Ｓ,QFIN-S,,55.35,0.0,0.0,55.35,0.0,0.0,0.0,0,0,55.2,55.35
2026/04/16 09:04:56,03662,星悦康旅,STARJOY W&T,,0.295,0.0,0.0,0.295,0.0,0.0,0.0,0,0,0.29,0.305
2026/04/16 08:55:00,03666,上海小南国,SHANGHAI XNG,,0.024,0.0,0.0,0.024,0.0,0.0,0.0,0,0,0.0,0.0
2026/04/16 09:04:34,03668,兖煤澳大利亚,YANCOAL AUS,,39.28,0.0,0.0,39.28,0.0,0.0,0.0,0,0,39.28,39.8
2026/04/16 09:01:59,03669,永达汽车,YONGDA AUTO,,1.15,0.0,0.0,1.15,0.0,0.0,0.0,0,0,1.15,1.15
2026/04/16 09:09:46,03677,正力新能,ZENERGY,,7.62,0.0,0.0,7.62,0.0,0.0,0.0,0,0,7.89,7.89
2026/04/16 09:08:36,03678,弘业期货,HOLLY FUTURES,,2.84,0.0,0.0,2.84,0.0,0.0,0.0,0,0,2.86,2.86
2026/04/16 09:00:00,03680,瑞和数智,RUIHE DATA,,2.51,0.0,0.0,2.51,0.0,0.0,0.0,0,0,2.51,2.51
2026/04/16 09:00:16,03681,中国抗体－Ｂ,SINOMAB BIO-B,,1.69,0.0,0.0,1.69,0.0,0.0,0.0,0,0,1.68,1.73
2026/04/16 09:00:54,03683,荣丰亿控股,GREAT HARVEST,,0.064,0.0,0.0,0.064,0.0,0.0,0.0,0,0,0.0,0.064
2026/04/16 09:04:16,03686,祈福生活服务,CLIFFORDML,,0.75,0.0,0.0,0.75,0.0,0.0,0.0,0,0,0.74,0.79
2026/04/16 09:04:30,03688,莱蒙国际,TOP SPRING,,0.305,0.0,0.0,0.305,0.0,0.0,0.0,0,0,0.26,0.31
2026/04/16 09:01:51,03689,康华医疗,KANGHUA HEALTH,,2.06,0.0,0.0,2.06,0.0,0.0,0.0,0,0,0.0,2.29
2026/04/16 09:10:04,03690,美团－Ｗ,MEITUAN-W,,86.3,0.0,0.0,86.3,0.0,0.0,0.0,824300,71137090,88.0,88.0
2026/04/16 09:10:04,03692,翰森制药,HANSOH PHARMA,,39.4,0.0,0.0,39.4,0.0,0.0,0.0,0,0,39.4,39.4
2026/04/16 09:00:08,03696,英矽智能,INSILICO,,60.35,0.0,0.0,60.35,0.0,0.0,0.0,0,0,60.95,60.95
2026/04/16 09:07:12,03698,徽商银行,HUISHANG BANK,,4.92,0.0,0.0,4.92,0.0,0.0,0.0,0,0,4.83,4.94
2026/04/16 09:04:28,03699,光大永年,EB GRAND CHINA,,0.365,0.0,0.0,0.365,0.0,0.0,0.0,0,0,0.36,0.37
2026/04/16 09:05:52,03700,映宇宙,INKEVERSE,,0.74,0.0,0.0,0.74,0.0,0.0,0.0,0,0,0.73,0.77
2026/04/16 09:00:14,03708,世界数字经济产业,WORLD DIGI ECON,,0.247,0.0,0.0,0.247,0.0,0.0,0.0,0,0,0.23,0.255
2026/04/16 09:04:08,03709,赢家时尚,EEKA FASHION,,6.4,0.0,0.0,6.4,0.0,0.0,0.0,0,0,6.35,6.66
2026/04/16 09:00:05,03718,北控城市资源,BJ ENT URBAN,,0.43,0.0,0.0,0.43,0.0,0.0,0.0,0,0,0.425,0.43
2026/04/16 09:00:04,03728,正利控股,CHING LEE,,0.062,0.0,0.0,0.062,0.0,0.0,0.0,0,0,0.06,0.065
2026/04/16 09:08:22,03737,中智药业,ZHONGZHIPHARM,,0.84,0.0,0.0,0.84,0.0,0.0,0.0,0,0,0.84,0.87
2026/04/16 09:09:48,03738,阜博集团,VOBILE GROUP,,3.66,0.0,0.0,3.66,0.0,0.0,0.0,0,0,3.69,3.69
2026/04/16 09:10:00,03750,宁德时代,CATL,,655.5,0.0,0.0,655.5,0.0,0.0,0.0,0,0,698.0,698.0
2026/04/16 09:10:50,03759,康龙化成,PHARMARON,,21.58,0.0,0.0,21.58,0.0,0.0,0.0,0,0,21.88,21.88
2026/04/16 09:10:28,03768,滇池水务,DCWT,,0.64,0.0,0.0,0.64,0.0,0.0,0.0,0,0,0.63,0.65
2026/04/16 09:00:36,03773,银盛数惠,YS DIGIFAVOR,,2.2,0.0,0.0,2.2,0.0,0.0,0.0,0,0,2.03,2.28
2026/04/16 09:00:05,03778,中国织材控股,CHINA WEAVING,,3.0,0.0,0.0,3.0,0.0,0.0,0.0,0,0,0.0,3.2
2026/04/16 09:08:40,03788,罕王黄金,HANKING GOLD,,3.91,0.0,0.0,3.91,0.0,0.0,0.0,0,0,3.85,3.91
2026/04/16 09:00:10,03789,御佳控股,ROYAL DELUXE,,0.104,0.0,0.0,0.104,0.0,0.0,0.0,0,0,0.102,0.0
2026/04/16 09:04:03,03798,家乡互动,HOMELAND ITL,,1.31,0.0,0.0,1.31,0.0,0.0,0.0,0,0,1.28,1.35
2026/04/16 09:07:36,03800,协鑫科技,GCL TECH,,0.98,0.0,0.0,0.98,0.0,0.0,0.0,0,0,0.99,0.99
2026/04/16 09:10:56,03808,中国重汽,SINOTRUK,,43.26,0.0,0.0,43.26,0.0,0.0,0.0,0,0,43.56,43.56
2026/04/16 09:00:14,03813,宝胜国际,POU SHENG INT'L,,0.41,0.0,0.0,0.41,0.0,0.0,0.0,0,0,0.4,0.415
2026/04/16 09:05:33,03816,ＫＦＭ金德,KFM KINGDOM,,2.39,0.0,0.0,2.39,0.0,0.0,0.0,0,0,2.22,2.5
2026/04/16 09:05:48,03818,中国动向,CHINA DONGXIANG,,0.415,0.0,0.0,0.415,0.0,0.0,0.0,0,0,0.415,0.42
2026/04/16 09:08:32,03822,三和建筑集团,SAM WOO CONS,,1.06,0.0,0.0,1.06,0.0,0.0,0.0,0,0,1.0,1.1
2026/04/16 09:00:04,03828,明辉国际,MING FAI INT'L,,0.81,0.0,0.0,0.81,0.0,0.0,0.0,0,0,0.8,0.82
2026/04/16 09:07:56,03830,童园国际,KIDDIELAND,,0.218,0.0,0.0,0.218,0.0,0.0,0.0,0,0,0.2,0.23
2026/04/16 09:00:05,03833,新疆新鑫矿业,XINXIN MINING,,2.35,0.0,0.0,2.35,0.0,0.0,0.0,0,0,2.33,2.36
2026/04/16 09:07:22,03836,和谐汽车,HARMONY AUTO,,1.02,0.0,0.0,1.02,0.0,0.0,0.0,0,0,1.03,1.07
2026/04/16 09:04:51,03838,中国淀粉,CHINA STARCH,,0.175,0.0,0.0,0.175,0.0,0.0,0.0,0,0,0.175,0.182
2026/04/16 09:05:46,03839,正大企业国际,CT ENTERPRISE,,6.71,0.0,0.0,6.71,0.0,0.0,0.0,0,0,0.0,6.98
2026/04/16 09:04:28,03848,浩森金融科技,HAOSEN FINTECH,,11.23,0.0,0.0,11.23,0.0,0.0,0.0,0,0,11.13,0.0
2026/04/16 09:06:32,03858,佳鑫国际资源,JIAXIN INTL RES,,111.9,0.0,0.0,111.9,0.0,0.0,0.0,0,0,110.0,114.9
2026/04/16 09:04:26,03860,ＥＰＳ创健科技,EPS HEALTH TECH,,0.56,0.0,0.0,0.56,0.0,0.0,0.0,0,0,0.52,0.6
2026/04/16 09:01:15,03866,青岛银行,BQD,,4.37,0.0,0.0,4.37,0.0,0.0,0.0,0,0,4.36,4.43
2026/04/16 09:03:57,03868,信义能源,XINYI ENERGY,,1.18,0.0,0.0,1.18,0.0,0.0,0.0,0,0,1.18,1.18
2026/04/16 09:00:10,03869,弘和仁爱医疗,HOSPITAL CORP,,3.5,0.0,0.0,3.5,0.0,0.0,0.0,0,0,0.0,3.99
2026/04/16 09:04:10,03877,中国船舶租赁,CSSC SHIPPING,,2.47,0.0,0.0,2.47,0.0,0.0,0.0,0,0,2.44,2.47
2026/04/16 09:04:29,03878,VICON HOLDINGS,VICON HOLDINGS,,0.21,0.0,0.0,0.21,0.0,0.0,0.0,0,0,0.198,0.22
2026/04/16 09:03:58,03880,泰德医药,MEDTIDE,,22.1,0.0,0.0,22.1,0.0,0.0,0.0,0,0,22.0,22.5
2026/04/16 09:10:10,03881,希迪智驾,CIDI,,32.92,0.0,0.0,32.92,0.0,0.0,0.0,0,0,33.02,33.02
2026/04/16 09:00:08,03882,天彩控股,SKYLIGHT HLDG,,0.5,0.0,0.0,0.5,0.0,0.0,0.0,0,0,0.48,0.0
2026/04/16 09:05:02,03883,中国奥园,CHINA AOYUAN,,0.057,0.0,0.0,0.057,0.0,0.0,0.0,0,0,0.058,0.059
2026/04/16 09:09:30,03886,康健国际医疗,TOWN HEALTH,,0.241,0.0,0.0,0.241,0.0,0.0,0.0,0,0,0.248,0.248
2026/04/16 09:04:49,03887,HASHKEY HLDGS,HASHKEY HLDGS,,4.75,0.0,0.0,4.75,0.0,0.0,0.0,0,0,4.75,4.88
2026/04/16 09:10:54,03888,金山软件,KINGSOFT,,23.58,0.0,0.0,23.58,0.0,0.0,0.0,482800,11316832,23.88,23.88
2026/04/16 09:04:28,03889,大成玉米集团,GLOBAL CORN GP,,0.086,0.0,0.0,0.086,0.0,0.0,0.0,0,0,0.085,0.096
2026/04/16 09:00:34,03893,易纬集团,CROSSTEC,,1.04,0.0,0.0,1.04,0.0,0.0,0.0,0,0,1.03,0.0
2026/04/16 09:10:24,03896,金山云,KINGSOFT CLOUD,,8.71,0.0,0.0,8.71,0.0,0.0,0.0,0,0,8.87,8.87
2026/04/16 09:03:40,03898,时代电气,TIMES ELECTRIC,,38.2,0.0,0.0,38.2,0.0,0.0,0.0,0,0,38.62,38.62
2026/04/16 09:00:20,03899,中集安瑞科,CIMC ENRIC,,10.77,0.0,0.0,10.77,0.0,0.0,0.0,0,0,10.5,10.99
2026/04/16 09:04:52,03900,绿城中国,GREENTOWN CHINA,,9.2,0.0,0.0,9.2,0.0,0.0,0.0,0,0,9.12,9.2
2026/04/16 08:55:00,03903,瀚华金控,HANHUA FIN,,0.168,0.0,0.0,0.168,0.0,0.0,0.0,0,0,0.0,0.0
2026/04/16 09:10:00,03908,中金公司,CICC,,19.26,0.0,0.0,19.26,0.0,0.0,0.0,0,0,19.9,19.9
2026/04/16 09:06:56,03913,合景悠活,KWG LIVING,,0.184,0.0,0.0,0.184,0.0,0.0,0.0,0,0,0.181,0.189
2026/04/16 09:05:46,03918,金界控股,NAGACORP,,4.2,0.0,0.0,4.2,0.0,0.0,0.0,0,0,4.21,4.21
2026/04/16 09:03:07,03919,金力集团,GOLDENPOWER,,1.38,0.0,0.0,1.38,0.0,0.0,0.0,0,0,1.22,1.49
2026/04/16 09:08:40,03928,中国新零售供应链,CHINA NEXT-GEN,,18.1,0.0,0.0,18.1,0.0,0.0,0.0,0,0,18.98,18.98
2026/04/16 09:04:22,03931,中创新航,CALB,,37.3,0.0,0.0,37.3,0.0,0.0,0.0,0,0,38.68,38.68
2026/04/16 09:09:18,03933,联邦制药,UNITED LAB,,10.31,0.0,0.0,10.31,0.0,0.0,0.0,0,0,10.23,10.3
2026/04/16 09:02:45,03938,ＬＦＧ投资控股,LFG INV HLDGS,,3.71,0.0,0.0,3.71,0.0,0.0,0.0,0,0,3.65,3.71
2026/04/16 09:04:35,03939,万国黄金集团,WANGUO GOLD GP,,13.33,0.0,0.0,13.33,0.0,0.0,0.0,0,0,13.6,13.6
2026/04/16 09:10:08,03958,东方证券,DFZQ,,5.97,0.0,0.0,5.97,0.0,0.0,0.0,0,0,6.09,6.09
2026/04/16 09:00:52,03963,融众金融,RONGZHONG FIN,,0.138,0.0,0.0,0.138,0.0,0.0,0.0,0,0,0.132,0.0
2026/04/16 09:10:15,03968,招商银行,CM BANK,,50.8,0.0,0.0,50.8,0.0,0.0,0.0,0,0,50.35,50.35
2026/04/16 09:05:34,03969,中国通号,CHINA CRSC,,3.66,0.0,0.0,3.66,0.0,0.0,0.0,0,0,3.62,3.66
2026/04/16 09:04:55,03978,卓越教育集团,BESTSTUDY EDU,,3.42,0.0,0.0,3.42,0.0,0.0,0.0,0,0,3.42,3.42
2026/04/16 09:00:59,03983,中海石油化学,CHINA BLUECHEM,,2.77,0.0,0.0,2.77,0.0,0.0,0.0,1465,4058,2.78,2.78
2026/04/16 09:08:46,03986,兆易创新,GIGADEVICE,,407.6,0.0,0.0,407.6,0.0,0.0,0.0,0,0,409.0,409.0
2026/04/16 09:10:00,03988,中国银行,BANK OF CHINA,,5.13,0.0,0.0,5.13,0.0,0.0,0.0,0,0,5.13,5.13
2026/04/16 09:00:06,03989,首创环境,CAPITAL ENV,,0.103,0.0,0.0,0.103,0.0,0.0,0.0,0,0,0.098,0.0
2026/04/16 09:00:46,03990,美的置业,MIDEA REAL EST,,3.52,0.0,0.0,3.52,0.0,0.0,0.0,0,0,3.31,3.54
2026/04/16 09:00:02,03991,长虹佳华,CHANGHONG JH,,1.13,0.0,0.0,1.13,0.0,0.0,0.0,0,0,1.13,1.14
2026/04/16 09:10:04,03993,洛阳钼业,CMOC,,19.32,0.0,0.0,19.32,0.0,0.0,0.0,24000,468816,19.32,19.32
2026/04/16 09:09:58,03996,中国能源建设,CH ENERGY ENG,,1.25,0.0,0.0,1.25,0.0,0.0,0.0,0,0,1.26,1.26
2026/04/16 09:00:08,03997,电讯首科,TSO,,0.88,0.0,0.0,0.88,0.0,0.0,0.0,0,0,0.88,0.98
2026/04/16 09:10:24,03998,波司登,BOSIDENG,,4.04,0.0,0.0,4.04,0.0,0.0,0.0,480000,1955299,4.16,4.16
2026/04/16 09:09:34,03999,大成食品,DACHAN FOOD,,0.61,0.0,0.0,0.61,0.0,0.0,0.0,0,0,0.59,0.66
2026/04/16 09:05:34,04332,AMGEN-T,AMGEN-T,,0.0,0.0,0.0,0.0,0.0,0.0,0.0,0,0,0.185,0.0
2026/04/16 09:03:22,04333,思科－Ｔ,CISCO-T,,150.0,0.0,0.0,150.0,0.0,0.0,0.0,0,0,250.0,620.0
2026/04/16 09:02:40,04335,英特尔－Ｔ,INTEL-T,,0.0,0.0,0.0,0.0,0.0,0.0,0.0,0,0,100.0,0.0
2026/04/16 09:03:00,04336,应用材料－Ｔ,APPL MATERIAL-T,,0.0,0.0,0.0,0.0,0.0,0.0,0.0,0,0,700.0,0.0
2026/04/16 09:03:21,04337,星巴克－Ｔ,STARBUCKS-T,,0.0,0.0,0.0,0.0,0.0,0.0,0.0,0,0,500.0,0.0
2026/04/16 09:03:39,04338,微软－Ｔ,MICROSOFT-T,,0.0,0.0,0.0,0.0,0.0,0.0,0.0,0,0,2000.0,0.0
2026/04/16 09:10:24,06030,中信证券,CITIC SEC,,26.88,0.0,0.0,26.88,0.0,0.0,0.0,0,0,26.92,26.92
2026/04/16 09:05:50,06031,三一重工,SANY HEAVY IND,,22.2,0.0,0.0,22.2,0.0,0.0,0.0,0,0,22.02,22.02
2026/04/16 09:00:18,06033,电讯数码控股,TELECOM DIGIT,,0.57,0.0,0.0,0.57,0.0,0.0,0.0,0,0,0.57,0.6
2026/04/16 09:04:48,06036,光丽科技,APEX ACE HLDG,,0.485,0.0,0.0,0.485,0.0,0.0,0.0,0,0,0.465,0.5
2026/04/16 09:04:28,06038,信越控股,G & M HLDGS,,0.375,0.0,0.0,0.375,0.0,0.0,0.0,0,0,0.365,0.38
2026/04/16 09:03:56,06049,保利物业,POLY PPT SER,,31.7,0.0,0.0,31.7,0.0,0.0,0.0,0,0,31.92,31.92
2026/04/16 09:04:48,06055,中烟香港,CTIHK,,30.7,0.0,0.0,30.7,0.0,0.0,0.0,0,0,30.2,31.0
2026/04/16 09:00:06,06058,兴证国际,CISI FIN,,0.52,0.0,0.0,0.52,0.0,0.0,0.0,0,0,0.51,0.52
2026/04/16 09:06:45,06060,众安在线,ZA ONLINE,,12.68,0.0,0.0,12.68,0.0,0.0,0.0,0,0,12.94,12.94
2026/04/16 09:01:12,06063,智中国际,LOTUS HORIZON,,0.45,0.0,0.0,0.45,0.0,0.0,0.0,0,0,0.43,0.46
2026/04/16 09:09:04,06066,中信建投证券,CSC,,10.95,0.0,0.0,10.95,0.0,0.0,0.0,0,0,10.99,10.99
2026/04/16 09:03:58,06068,光正教育,WISDOM EDU INTL,,0.071,0.0,0.0,0.071,0.0,0.0,0.0,0,0,0.066,0.073
2026/04/16 09:00:26,06069,盛业,SY HOLDINGS,,9.59,0.0,0.0,9.59,0.0,0.0,0.0,0,0,9.55,9.56
2026/04/16 09:06:04,06078,海吉亚医疗,HYGEIA HEALTH,,12.48,0.0,0.0,12.48,0.0,0.0,0.0,0,0,12.33,12.48
2026/04/16 09:04:39,06080,荣智控股,WING CHI HLDGS,,0.13,0.0,0.0,0.13,0.0,0.0,0.0,0,0,0.13,0.135
2026/04/16 09:10:28,06082,壁仞科技,BIREN TECH,,38.58,0.0,0.0,38.58,0.0,0.0,0.0,0,0,38.7,38.7
2026/04/16 09:01:10,06083,环宇物流（亚洲）,WORLD-LINK LOG,,0.58,0.0,0.0,0.58,0.0,0.0,0.0,0,0,0.58,0.6
2026/04/16 09:00:08,06086,方舟健客,FANGZHOU JIANKE,,1.37,0.0,0.0,1.37,0.0,0.0,0.0,0,0,1.35,1.4
2026/04/16 09:04:40,06088,FIT HON TENG,FIT HON TENG,,7.5,0.0,0.0,7.5,0.0,0.0,0.0,0,0,7.53,7.53
2026/04/16 09:04:22,06090,不同集团,BUTONG GROUP,,40.36,0.0,0.0,40.36,0.0,0.0,0.0,0,0,42.0,42.0
2026/04/16 09:04:26,06093,和泓服务,HEVOL SERVICES,,0.67,0.0,0.0,0.67,0.0,0.0,0.0,0,0,0.64,0.0
2026/04/16 09:02:18,06098,碧桂园服务,CG SERVICES,,6.35,0.0,0.0,6.35,0.0,0.0,0.0,189000,1192968,6.3,6.41
2026/04/16 09:10:40,06099,招商证券,CMSC,,13.88,0.0,0.0,13.88,0.0,0.0,0.0,0,0,13.9,14.0
2026/04/16 09:00:02,06100,同道猎聘,TONGDAO LIEPIN,,2.77,0.0,0.0,2.77,0.0,0.0,0.0,0,0,2.76,2.79
2026/04/16 09:04:26,06108,新锐医药,NEW RAY MEDIC,,0.214,0.0,0.0,0.214,0.0,0.0,0.0,0,0,0.2,0.22
2026/04/16 09:10:00,06110,滔搏,TOPSPORTS,,2.82,0.0,0.0,2.82,0.0,0.0,0.0,1343000,3775978,2.81,2.82
2026/04/16 09:00:12,06113,比特策略,BITSTRAT HLDGS,,1.11,0.0,0.0,1.11,0.0,0.0,0.0,0,0,1.05,1.2
2026/04/16 09:00:22,06117,日照港裕廊,RIZHAO PORT JR,,0.66,0.0,0.0,0.66,0.0,0.0,0.0,0,0,0.65,0.68
2026/04/16 09:10:56,06118,奥星生命科技,AUSTAR,,0.85,0.0,0.0,0.85,0.0,0.0,0.0,0,0,0.8,0.9
2026/04/16 08:55:00,06119,天源集团,TIAN YUAN GP,,0.44,0.0,0.0,0.44,0.0,0.0,0.0,0,0,0.0,0.0
2026/04/16 09:04:25,06123,圆通国际快递,YTO INTL EXP,,1.42,0.0,0.0,1.42,0.0,0.0,0.0,0,0,1.42,1.5
2026/04/16 09:04:21,06127,昭衍新药,JOINN,,22.82,0.0,0.0,22.82,0.0,0.0,0.0,0,0,22.84,22.84
2026/04/16 09:05:02,06128,烯石电车新材料,GRAPHEX GROUP,,0.056,0.0,0.0,0.056,0.0,0.0,0.0,0,0,0.056,0.056
2026/04/16 08:55:00,06133,维太创科,VITAL INNO,,0.27,0.0,0.0,0.27,0.0,0.0,0.0,0,0,0.0,0.0
2026/04/16 09:00:06,06136,康达环保,KANGDA ENV,,0.72,0.0,0.0,0.72,0.0,0.0,0.0,0,0,0.71,0.75
2026/04/16 09:04:23,06138,哈尔滨银行,HARBIN BANK,,0.34,0.0,0.0,0.34,0.0,0.0,0.0,0,0,0.34,0.345
2026/04/16 09:01:13,06158,正荣地产,ZHENRO PPT,,0.018,0.0,0.0,0.018,0.0,0.0,0.0,0,0,0.016,0.02
2026/04/16 09:08:08,06160,百济神州,BEONE MEDICINES,,190.5,0.0,0.0,190.5,0.0,0.0,0.0,48200,9182100,195.0,195.0
2026/04/16 09:00:15,06162,天瑞汽车内饰,TR INTERIORS,,0.178,0.0,0.0,0.178,0.0,0.0,0.0,0,0,0.17,0.19
2026/04/16 09:00:50,06163,彭顺国际,GEMILANG INTL,,0.27,0.0,0.0,0.27,0.0,0.0,0.0,0,0,0.27,0.3
2026/04/16 09:06:42,06166,剑桥科技,CIG,,86.35,0.0,0.0,86.35,0.0,0.0,0.0,0,0,86.0,86.0
2026/04/16 09:00:12,06168,周六福,ZHOU LIU FU,,18.2,0.0,0.0,18.2,0.0,0.0,0.0,0,0,18.0,18.0
2026/04/16 09:05:30,06169,宇华教育,YUHUA EDU,,0.465,0.0,0.0,0.465,0.0,0.0,0.0,0,0,0.47,0.485
2026/04/16 09:10:36,06178,光大证券,EB SECURITIES,,8.08,0.0,0.0,8.08,0.0,0.0,0.0,0,0,8.24,8.24
2026/04/16 09:04:24,06181,老铺黄金,LAOPU GOLD,,673.0,0.0,0.0,673.0,0.0,0.0,0.0,0,0,673.0,673.0
2026/04/16 08:55:00,06182,乙德投资控股,TWINTEK,,0.74,0.0,0.0,0.74,0.0,0.0,0.0,0,0,0.0,0.0
2026/04/16 09:06:00,06185,康希诺生物,CANSINOBIO,,34.24,0.0,0.0,34.24,0.0,0.0,0.0,0,0,33.9,34.6
2026/04/16 09:07:48,06186,中国飞鹤,CHINA FEIHE,,3.4,0.0,0.0,3.4,0.0,0.0,0.0,0,0,3.4,3.41
2026/04/16 09:01:18,06188,迪信通,BJ DIGITAL,,0.42,0.0,0.0,0.42,0.0,0.0,0.0,0,0,0.36,0.435
2026/04/16 08:55:00,06189,爱得威建设集团,ADWAY,,0.072,0.0,0.0,0.072,0.0,0.0,0.0,0,0,0.0,0.0
2026/04/16 09:02:01,06190,九江银行,BANKOFJIUJIANG,,2.31,0.0,0.0,2.31,0.0,0.0,0.0,0,0,2.01,2.39
2026/04/16 09:01:03,06193,泰林科建,TAILAM TECHCON,,0.285,0.0,0.0,0.285,0.0,0.0,0.0,0,0,0.29,0.295
2026/04/16 08:59:58,06196,郑州银行,BANKOFZHENGZHOU,,1.01,0.0,0.0,1.01,0.0,0.0,0.0,0,0,1.01,1.02
2026/04/16 09:08:42,06198,青岛港,QINGDAO PORT,,7.39,0.0,0.0,7.39,0.0,0.0,0.0,0,0,7.39,7.48
2026/04/16 09:00:06,06199,贵州银行,BANK OF GUIZHOU,,0.99,0.0,0.0,0.99,0.0,0.0,0.0,0,0,0.98,1.0
2026/04/16 09:07:20,06600,卧安机器人,ONEROBOTICS,,118.0,0.0,0.0,118.0,0.0,0.0,0.0,0,0,119.0,120.5
2026/04/16 09:00:10,06601,朝云集团,CHEERWIN GP,,2.38,0.0,0.0,2.38,0.0,0.0,0.0,0,0,2.35,2.41
2026/04/16 09:10:22,06603,IFBH,IFBH,,11.53,0.0,0.0,11.53,0.0,0.0,0.0,0,0,10.4,10.4
2026/04/16 09:04:23,06608,百融云－Ｗ,BAIRONG-W,,7.14,0.0,0.0,7.14,0.0,0.0,0.0,0,0,6.98,7.32
2026/04/16 09:04:52,06609,心玮医疗－Ｂ,HEARTCARE-B,,55.7,0.0,0.0,55.7,0.0,0.0,0.0,0,0,54.0,60.0
2026/04/16 09:04:45,06610,飞天云动,FLOWING CLOUD,,1.93,0.0,0.0,1.93,0.0,0.0,0.0,0,0,1.93,1.99
2026/04/16 08:55:00,06611,三巽集团,SANXUN GROUP,,0.046,0.0,0.0,0.046,0.0,0.0,0.0,0,0,0.0,0.0
2026/04/16 09:10:02,06613,蓝思科技,LENS,,19.66,0.0,0.0,19.66,0.0,0.0,0.0,0,0,18.88,18.88
2026/04/16 09:05:20,06616,环球新材国际,GLOBAL NEW MAT,,7.3,0.0,0.0,7.3,0.0,0.0,0.0,0,0,7.27,7.39
2026/04/16 09:10:32,06618,京东健康,JD HEALTH,,49.06,0.0,0.0,49.06,0.0,0.0,0.0,0,0,49.02,49.02
2026/04/16 09:09:46,06622,兆科眼科－Ｂ,ZHAOKE OPHTH-B,,3.05,0.0,0.0,3.05,0.0,0.0,0.0,0,0,3.05,3.14
2026/04/16 08:55:00,06623,陆控,LUFAX,,10.9,0.0,0.0,10.9,0.0,0.0,0.0,0,0,0.0,0.0
2026/04/16 09:00:12,06626,越秀服务,YUEXIU SERVICES,,1.74,0.0,0.0,1.74,0.0,0.0,0.0,0,0,1.74,1.76
2026/04/16 09:00:05,06628,创胜集团医药－Ｂ,TRANSCENTA-B,,2.8,0.0,0.0,2.8,0.0,0.0,0.0,0,0,2.77,2.8
2026/04/16 09:01:14,06633,青瓷游戏,QINGCI GAMES,,2.77,0.0,0.0,2.77,0.0,0.0,0.0,0,0,2.71,0.0
2026/04/16 09:06:15,06636,极视角,EXTREME VISION,,94.2,0.0,0.0,94.2,0.0,0.0,0.0,0,0,94.3,94.3
2026/04/16 08:55:00,06639,瑞尔集团,ARRAIL GROUP,,1.83,0.0,0.0,1.83,0.0,0.0,0.0,0,0,0.0,0.0
2026/04/16 09:10:42,06651,五一视界,51WORLD,,56.5,0.0,0.0,56.5,0.0,0.0,0.0,0,0,60.0,60.0
2026/04/16 09:03:38,06655,华新建材,HX BLDG MAT,,17.48,0.0,0.0,17.48,0.0,0.0,0.0,0,0,17.5,17.6
2026/04/16 09:10:54,06656,思格新能,SIGENERGY,,324.20001,0.0,0.0,324.20001,0.0,0.0,0.0,1995300,1170604250,580.0,580.0
2026/04/16 09:03:33,06657,百望股份,BAIWANG CO,,15.0,0.0,0.0,15.0,0.0,0.0,0.0,0,0,15.0,17.0
2026/04/16 09:08:58,06660,艾美疫苗,AIM VACCINE,,3.04,0.0,0.0,3.04,0.0,0.0,0.0,0,0,2.88,3.15
2026/04/16 08:55:00,06661,湖州燃气,HUZHOU GAS,,5.28,0.0,0.0,5.28,0.0,0.0,0.0,0,0,0.0,0.0
2026/04/16 09:04:10,06663,国际永胜集团,IWS GROUP,,0.27,0.0,0.0,0.27,0.0,0.0,0.0,0,0,0.255,0.285
2026/04/16 09:10:46,06666,恒大物业,EVERG SERVICES,,1.19,0.0,0.0,1.19,0.0,0.0,0.0,0,0,1.18,1.18
2026/04/16 09:00:10,06667,美因基因,MEGA GENOMICS,,7.31,0.0,0.0,7.31,0.0,0.0,0.0,0,0,0.0,7.7
2026/04/16 09:00:05,06668,星盛商业,E-STAR CM,,1.37,0.0,0.0,1.37,0.0,0.0,0.0,0,0,1.35,1.37
2026/04/16 09:04:48,06669,先瑞达医疗－Ｂ,ACOTEC-B,,11.45,0.0,0.0,11.45,0.0,0.0,0.0,0,0,11.32,11.67
2026/04/16 09:00:06,06676,找钢网－Ｗ,ZG GROUP-W,,1.28,0.0,0.0,1.28,0.0,0.0,0.0,0,0,1.28,1.4
2026/04/16 09:00:14,06677,远洋服务,SINO-OCEAN SERV,,0.35,0.0,0.0,0.35,0.0,0.0,0.0,0,0,0.32,0.35
2026/04/16 09:09:20,06680,金力永磁,JLMAG,,20.58,0.0,0.0,20.58,0.0,0.0,0.0,0,0,20.9,20.9
2026/04/16 09:07:18,06681,脑动极光－Ｂ,BRAINAURORA-B,,4.19,0.0,0.0,4.19,0.0,0.0,0.0,0,0,4.38,4.38
2026/04/16 09:09:56,06682,范式智能,PHANCY,,39.86,0.0,0.0,39.86,0.0,0.0,0.0,0,0,40.4,40.4
2026/04/16 09:00:08,06683,巨星传奇,STARPLUS LEGEND,,6.11,0.0,0.0,6.11,0.0,0.0,0.0,0,0,7.02,7.02
2026/04/16 09:08:00,06686,诺亚控股,NOAH HOLDINGS,,17.7,0.0,0.0,17.7,0.0,0.0,0.0,0,0,17.37,17.5
2026/04/16 09:01:53,06687,聚水潭,JST GROUP,,19.02,0.0,0.0,19.02,0.0,0.0,0.0,0,0,19.06,19.06
2026/04/16 09:09:02,06690,海尔智家,HAIER SMARTHOME,,20.92,0.0,0.0,20.92,0.0,0.0,0.0,0,0,20.6,20.6
2026/04/16 09:10:48,06693,赤峰黄金,CHIFENG GOLD,,41.8,0.0,0.0,41.8,0.0,0.0,0.0,0,0,43.1,43.1
2026/04/16 08:55:00,06696,多想云,MANY IDEA CLOUD,,2.94,0.0,0.0,2.94,0.0,0.0,0.0,0,0,0.0,0.0
2026/04/16 09:02:58,06698,星空华文,STAR CM,,1.0,0.0,0.0,1.0,0.0,0.0,0.0,0,0,0.99,1.05
2026/04/16 09:05:33,06699,时代天使,ANGELALIGN,,90.4,0.0,0.0,90.4,0.0,0.0,0.0,170,15368,85.8,92.0
2026/04/16 09:03:18,06805,金茂源环保,KIMOU ENVIRON,,2.88,0.0,0.0,2.88,0.0,0.0,0.0,0,0,0.0,2.9
2026/04/16 09:00:00,06806,申万宏源,SWHY,,2.86,0.0,0.0,2.86,0.0,0.0,0.0,0,0,2.86,2.88
2026/04/16 09:10:24,06808,高鑫零售,SUNART RETAIL,,1.45,0.0,0.0,1.45,0.0,0.0,0.0,0,0,1.45,1.45
2026/04/16 09:10:22,06809,澜起科技,MONTAGE TECH,,202.4,0.0,0.0,202.4,0.0,0.0,0.0,0,0,200.0,200.0
2026/04/16 09:00:02,06811,太兴集团,TAI HING GROUP,,1.09,0.0,0.0,1.09,0.0,0.0,0.0,0,0,1.08,1.1
2026/04/16 09:00:22,06812,永顺控股香港,WINSON HLDGS HK,,0.3,0.0,0.0,0.3,0.0,0.0,0.0,0,0,0.295,0.34
2026/04/16 08:55:00,06816,瑞港建设,PROSPER CONS,,0.19,0.0,0.0,0.19,0.0,0.0,0.0,0,0,0.0,0.0
2026/04/16 09:01:07,06818,中国光大银行,CEB BANK,,3.13,0.0,0.0,3.13,0.0,0.0,0.0,0,0,3.14,3.14
2026/04/16 09:04:48,06820,友谊时光,FRIENDTIMES,,0.485,0.0,0.0,0.485,0.0,0.0,0.0,0,0,0.475,0.5
2026/04/16 09:05:30,06821,凯莱英,ASYMCHEM,,98.65,0.0,0.0,98.65,0.0,0.0,0.0,0,0,99.5,100.4
2026/04/16 09:00:15,06822,科劲国际,KING'S FLAIR,,0.4,0.0,0.0,0.4,0.0,0.0,0.0,0,0,0.37,0.42
2026/04/16 09:04:34,06823,香港电讯－ＳＳ,HKT-SS,,12.34,0.0,0.0,12.34,0.0,0.0,0.0,3763000,46463265,12.34,12.34
2026/04/16 09:09:34,06826,昊海生物科技,HAOHAI BIOTEC,,21.94,0.0,0.0,21.94,0.0,0.0,0.0,0,0,21.92,22.78
2026/04/16 09:03:38,06828,北京燃气蓝天,BG BLUE SKY,,0.038,0.0,0.0,0.038,0.0,0.0,0.0,0,0,0.037,0.039
2026/04/16 09:06:06,06829,龙升集团控股,DRAGON RISE GP,,2.55,0.0,0.0,2.55,0.0,0.0,0.0,0,0,2.41,2.85
2026/04/16 09:03:51,06830,华众车载,HUAZHONG IN-V,,0.244,0.0,0.0,0.244,0.0,0.0,0.0,0,0,0.232,0.25
2026/04/16 09:06:30,06831,绿茶集团,GREEN TEA GROUP,,8.4,0.0,0.0,8.4,0.0,0.0,0.0,0,0,8.4,8.7
2026/04/16 09:02:17,06833,兴科蓉医药,SINCO PHARMA,,0.17,0.0,0.0,0.17,0.0,0.0,0.0,0,0,0.165,0.18
2026/04/16 09:00:32,06838,盈利时,WINOX,,0.221,0.0,0.0,0.221,0.0,0.0,0.0,0,0,0.219,0.235
2026/04/16 09:03:52,06839,云南水务,YUNNAN WATER,,0.117,0.0,0.0,0.117,0.0,0.0,0.0,0,0,0.115,0.127
2026/04/16 09:00:08,06855,亚盛医药－Ｂ,ASCENTAGE-B,,53.1,0.0,0.0,53.1,0.0,0.0,0.0,0,0,53.3,53.7
2026/04/16 09:04:27,06858,本间高尔夫,HONMAGOLF,,3.0,0.0,0.0,3.0,0.0,0.0,0.0,0,0,2.8,3.02
2026/04/16 09:00:34,06860,指尖悦动,FINGERTANGO,,0.185,0.0,0.0,0.185,0.0,0.0,0.0,0,0,0.179,0.187
2026/04/16 09:10:46,06862,海底捞,HAIDILAO,,14.47,0.0,0.0,14.47,0.0,0.0,0.0,0,0,14.58,14.58
2026/04/16 09:05:00,06865,福莱特玻璃,FLAT GLASS,,9.23,0.0,0.0,9.23,0.0,0.0,0.0,0,0,9.23,9.46
2026/04/16 09:03:50,06866,佐力小贷,ZUOLI M-FIN,,0.325,0.0,0.0,0.325,0.0,0.0,0.0,0,0,0.31,0.335
2026/04/16 09:08:12,06868,天福,TENFU,,2.86,0.0,0.0,2.86,0.0,0.0,0.0,0,0,2.76,3.0
2026/04/16 09:09:02,06869,长飞光纤光缆,YOFC,,205.6,0.0,0.0,205.6,0.0,0.0,0.0,0,0,205.60001,205.60001
2026/04/16 09:04:24,06877,TE HEALTHCARE,TE HEALTHCARE,,0.135,0.0,0.0,0.135,0.0,0.0,0.0,0,0,0.135,0.15
2026/04/16 08:55:00,06878,鼎丰集团汽车,DIFFER GP AUTO,,0.037,0.0,0.0,0.037,0.0,0.0,0.0,0,0,0.0,0.0
2026/04/16 09:04:43,06881,中国银河,CGS,,8.66,0.0,0.0,8.66,0.0,0.0,0.0,0,0,8.78,8.78
2026/04/16 09:04:25,06882,东瀛游,EGL HOLDINGS,,0.5,0.0,0.0,0.5,0.0,0.0,0.0,0,0,0.49,0.51
2026/04/16 08:55:00,06883,颖通控股,ETERNAL BEAUTY,,2.03,0.0,0.0,2.03,0.0,0.0,0.0,0,0,0.0,0.0
2026/04/16 09:00:00,06885,金马能源,JINMA ENERGY,,1.07,0.0,0.0,1.07,0.0,0.0,0.0,0,0,1.05,0.0
2026/04/16 09:10:36,06886,HTSC,HTSC,,15.99,0.0,0.0,15.99,0.0,0.0,0.0,1000000,16020800,15.85,15.85
2026/04/16 09:06:08,06887,东阳光药,SUNSHINE PHARMA,,44.18,0.0,0.0,44.18,0.0,0.0,0.0,0,0,43.5,44.8
2026/04/16 09:01:41,06888,英达公路再生科技,FREETECH,,0.137,0.0,0.0,0.137,0.0,0.0,0.0,0,0,0.128,0.155
2026/04/16 09:00:02,06889,DYNAM JAPAN,DYNAM JAPAN,,3.35,0.0,0.0,3.35,0.0,0.0,0.0,0,0,3.2,3.38
2026/04/16 09:00:53,06890,康利国际控股,KANGLI INT HLDG,,0.35,0.0,0.0,0.35,0.0,0.0,0.0,0,0,0.345,0.355
2026/04/16 09:00:53,06893,衍生集团,HINSANG GROUP,,0.244,0.0,0.0,0.244,0.0,0.0,0.0,0,0,0.231,0.255
2026/04/16 09:04:35,06896,金嗓子,GOLDEN THROAT,,3.71,0.0,0.0,3.71,0.0,0.0,0.0,0,0,3.64,3.71
2026/04/16 09:02:18,06898,中国铝罐,CHINA ALUMCAN,,0.74,0.0,0.0,0.74,0.0,0.0,0.0,0,0,0.69,0.74
2026/04/16 08:55:00,06899,联众,OURGAME,,0.23,0.0,0.0,0.23,0.0,0.0,0.0,0,0,0.0,0.0
2026/04/16 09:06:00,06908,宏光半导体,HG SEMI,,0.435,0.0,0.0,0.435,0.0,0.0,0.0,0,0,0.42,0.455
2026/04/16 09:04:12,06909,百得利控股,BETTERLIFE HLDG,,0.34,0.0,0.0,0.34,0.0,0.0,0.0,0,0,0.33,0.36
2026/04/16 09:00:22,06911,澜沧古茶,LANCANG TEA,,2.99,0.0,0.0,2.99,0.0,0.0,0.0,0,0,0.0,3.4
2026/04/16 09:03:50,06913,华南职业教育,SCVE GROUP,,0.208,0.0,0.0,0.208,0.0,0.0,0.0,0,0,0.197,0.222
2026/04/16 09:00:12,06918,奇士达,KIDZTECH,,0.158,0.0,0.0,0.158,0.0,0.0,0.0,0,0,0.157,0.158
2026/04/16 09:00:53,06919,人瑞人才,RENRUI HR,,3.7,0.0,0.0,3.7,0.0,0.0,0.0,0,0,3.22,4.1
2026/04/16 09:09:04,06922,康沣生物－Ｂ,CRYOFOCUS-B,,5.66,0.0,0.0,5.66,0.0,0.0,0.0,0,0,5.51,5.98
2026/04/16 09:10:22,06928,万马控股,TOMO HOLDINGS,,0.248,0.0,0.0,0.248,0.0,0.0,0.0,0,0,0.222,0.265
2026/04/16 09:01:56,06929,业聚医疗,ORBUSNEICH,,4.06,0.0,0.0,4.06,0.0,0.0,0.0,0,0,4.0,4.1
2026/04/16 09:04:25,06933,新娱科控股,SINO-ENTERTAIN,,0.74,0.0,0.0,0.74,0.0,0.0,0.0,0,0,0.68,0.79
2026/04/16 09:08:04,06936,顺丰控股,SF HOLDING,,36.14,0.0,0.0,36.14,0.0,0.0,0.0,0,0,36.4,36.4
2026/04/16 09:09:32,06938,瑞博生物－Ｂ,RIBOLIFE-B,,71.0,0.0,0.0,71.0,0.0,0.0,0.0,0,0,70.25,72.0
2026/04/16 09:04:27,06939,美佳音控股,MEGAIN,,1.73,0.0,0.0,1.73,0.0,0.0,0.0,0,0,1.63,1.73
2026/04/16 09:04:50,06955,博安生物,BOAN BIOTECH,,7.28,0.0,0.0,7.28,0.0,0.0,0.0,0,0,7.4,7.4
2026/04/16 09:04:30,06958,正荣服务,ZHENRO SERVICES,,0.101,0.0,0.0,0.101,0.0,0.0,0.0,0,0,0.1,0.109
2026/04/16 09:02:58,06959,长久股份,CHANGJIU HLDGS,,3.88,0.0,0.0,3.88,0.0,0.0,0.0,0,0,3.9,4.4
2026/04/16 09:04:29,06960,双登股份,SHUANGDENG,,13.98,0.0,0.0,13.98,0.0,0.0,0.0,0,0,13.98,14.3
2026/04/16 09:05:16,06963,阳光保险,SUNSHINE INS,,3.68,0.0,0.0,3.68,0.0,0.0,0.0,0,0,3.7,3.7
2026/04/16 09:00:04,06966,中国万桐园,C WAN TONG YUAN,,0.52,0.0,0.0,0.52,0.0,0.0,0.0,0,0,0.0,0.52
2026/04/16 09:00:38,06968,港龙中国地产,GANGLONG CHINA,,0.075,0.0,0.0,0.075,0.0,0.0,0.0,0,0,0.07,0.075
2026/04/16 09:09:56,06969,思摩尔国际,SMOORE INTL,,9.35,0.0,0.0,9.35,0.0,0.0,0.0,0,0,9.54,9.54
2026/04/16 09:06:52,06978,永泰生物－Ｂ,IMMUNOTECH-B,,3.67,0.0,0.0,3.67,0.0,0.0,0.0,0,0,3.56,3.67
2026/04/16 09:09:40,06979,珍酒李渡,ZJLD,,8.77,0.0,0.0,8.77,0.0,0.0,0.0,0,0,8.78,8.86
2026/04/16 09:04:38,06980,八马茶业,BAMA TEA,,26.46,0.0,0.0,26.46,0.0,0.0,0.0,0,0,26.0,27.0
2026/04/16 09:04:38,06988,乐享集团,JOY SPREADER,,0.13,0.0,0.0,0.13,0.0,0.0,0.0,0,0,0.128,0.138
2026/04/16 09:03:38,06989,卓越商企服务,EXCELLENCE CM,,0.64,0.0,0.0,0.64,0.0,0.0,0.0,0,0,0.63,0.64
2026/04/16 09:09:12,06990,科伦博泰生物,SKB BIO,,519.0,0.0,0.0,519.0,0.0,0.0,0.0,0,0,516.0,516.0
2026/04/16 09:00:02,06993,蓝月亮集团,BLUE MOON GROUP,,2.99,0.0,0.0,2.99,0.0,0.0,0.0,0,0,2.98,2.99
2026/04/16 09:04:57,06996,德琪医药－Ｂ,ANTENGENE-B,,6.15,0.0,0.0,6.15,0.0,0.0,0.0,0,0,6.15,6.3
2026/04/16 09:04:32,06998,亿腾嘉和,EDDING GENOR,,3.2,0.0,0.0,3.2,0.0,0.0,0.0,0,0,3.2,3.22
2026/04/16 08:55:00,06999,领地控股,LEADING HLDGS,,0.117,0.0,0.0,0.117,0.0,0.0,0.0,0,0,0.0,0.0
2026/04/16 09:10:50,07489,岚图汽车,VOYAH AUTO,,6.91,0.0,0.0,6.91,0.0,0.0,0.0,0,0,6.91,6.91
2026/04/16 09:00:55,07618,京东工业,JD INDUSTRIALS,,15.0,0.0,0.0,15.0,0.0,0.0,0.0,0,0,15.0,15.0
2026/04/16 09:04:06,08003,世大控股,GREAT WORLD,,0.114,0.0,0.0,0.114,0.0,0.0,0.0,0,0,0.114,0.123
2026/04/16 09:00:00,08005,裕兴科技,YUXING INFOTECH,,0.07,0.0,0.0,0.07,0.0,0.0,0.0,0,0,0.063,0.0
2026/04/16 09:04:28,08006,华泰瑞银,SINO SPLENDID,,0.09,0.0,0.0,0.09,0.0,0.0,0.0,0,0,0.086,0.096
2026/04/16 09:00:26,08007,环球战略集团,GLOBALSTRAT,,0.57,0.0,0.0,0.57,0.0,0.0,0.0,0,0,0.0,0.62
2026/04/16 09:03:09,08013,ECI TECH,ECI TECH,,0.062,0.0,0.0,0.062,0.0,0.0,0.0,0,0,0.056,0.065
2026/04/16 09:04:22,08017,捷利交易宝,TRADEGO,,1.25,0.0,0.0,1.25,0.0,0.0,0.0,0,0,1.24,1.26
2026/04/16 09:02:17,08018,汇财金融投资,FINSOFT FIN,,0.045,0.0,0.0,0.045,0.0,0.0,0.0,0,0,0.043,0.051
2026/04/16 08:55:00,08019,皓文控股,HAO WEN HLDGS,,0.214,0.0,0.0,0.214,0.0,0.0,0.0,0,0,0.0,0.0
2026/04/16 09:04:24,08020,宏海控股集团,UNITAS HOLD,,0.023,0.0,0.0,0.023,0.0,0.0,0.0,0,0,0.022,0.024
2026/04/16 09:00:12,08023,邝文记,KWONG MAN KEE,,0.305,0.0,0.0,0.305,0.0,0.0,0.0,0,0,0.26,0.0
2026/04/16 08:55:00,08026,朗华国际集团,CB GLOBAL,,0.285,0.0,0.0,0.285,0.0,0.0,0.0,0,0,0.0,0.0
2026/04/16 09:04:42,08027,吉辉控股,KPM HOLDING,,0.077,0.0,0.0,0.077,0.0,0.0,0.0,0,0,0.075,0.0
2026/04/16 09:00:04,08028,天时资源,TIMELESS,,0.235,0.0,0.0,0.235,0.0,0.0,0.0,0,0,0.222,0.25
2026/04/16 09:00:40,08029,帝国金融集团,IMPERIUM FIN GP,,1.03,0.0,0.0,1.03,0.0,0.0,0.0,0,0,0.0,1.1
2026/04/16 09:07:54,08030,丰银禾控股,FENGYINHE,,4.3,0.0,0.0,4.3,0.0,0.0,0.0,0,0,4.08,4.6
2026/04/16 09:00:02,08031,易通讯集团,ETS GROUP,,0.35,0.0,0.0,0.35,0.0,0.0,0.0,0,0,0.33,0.37
2026/04/16 09:00:10,08033,爱达利网络,VODATEL NETWORK,,0.127,0.0,0.0,0.127,0.0,0.0,0.0,0,0,0.122,0.135
2026/04/16 09:00:00,08035,骏高控股,JANCO HOLDINGS,,0.045,0.0,0.0,0.045,0.0,0.0,0.0,0,0,0.044,0.05
2026/04/16 09:00:30,08036,电子交易集团,EBROKER GROUP,,0.027,0.0,0.0,0.027,0.0,0.0,0.0,0,0,0.025,0.028
2026/04/16 09:00:02,08037,中国生物科技服务,CH BIOTECH SER,,0.69,0.0,0.0,0.69,0.0,0.0,0.0,0,0,0.68,0.71
2026/04/16 08:55:00,08039,中国来骑哦,CHINA COME RIDE,,0.151,0.0,0.0,0.151,0.0,0.0,0.0,0,0,0.0,0.0
2026/04/16 09:04:27,08040,快意智能,COOLPOINT INNO,,0.4,0.0,0.0,0.4,0.0,0.0,0.0,0,0,0.38,0.4
2026/04/16 09:00:40,08041,中微智码,INTELLIMARK AI,,0.63,0.0,0.0,0.63,0.0,0.0,0.0,0,0,0.6,0.63
2026/04/16 09:00:08,08042,高奥士人才集团,KOS TALENT GP,,0.058,0.0,0.0,0.058,0.0,0.0,0.0,0,0,0.058,0.06
2026/04/16 09:02:33,08043,ATLINKS,ATLINKS,,0.197,0.0,0.0,0.197,0.0,0.0,0.0,0,0,0.192,0.198
2026/04/16 08:55:00,08047,中国海洋发展,CHINA OCEAN GP,,0.025,0.0,0.0,0.025,0.0,0.0,0.0,0,0,0.0,0.0
2026/04/16 08:55:00,08048,御德国际控股,YU TAK INT'L,,0.018,0.0,0.0,0.018,0.0,0.0,0.0,0,0,0.0,0.0
2026/04/16 09:00:15,08049,吉林长龙药业,JILIN CHANGLONG,,2.39,0.0,0.0,2.39,0.0,0.0,0.0,0,0,2.39,2.41
2026/04/16 08:55:00,08050,城市酷选,CITY COOLXUAN,,0.96,0.0,0.0,0.96,0.0,0.0,0.0,0,0,0.0,0.0
2026/04/16 09:04:28,08051,讯智海,CIRCUTECH,,2.55,0.0,0.0,2.55,0.0,0.0,0.0,0,0,2.4,2.76
2026/04/16 08:55:00,08052,陆庆娱乐,LUK HING ENT,,0.041,0.0,0.0,0.041,0.0,0.0,0.0,0,0,0.0,0.0
2026/04/16 09:00:25,08056,生活概念,LIFE CONCEPTS,,0.135,0.0,0.0,0.135,0.0,0.0,0.0,0,0,0.125,0.15
2026/04/16 09:03:53,08057,麦迪森控股,MADISON HLDG,,0.092,0.0,0.0,0.092,0.0,0.0,0.0,0,0,0.09,0.097
2026/04/16 09:00:22,08059,朝威控股,GLORY FLAME,,0.034,0.0,0.0,0.034,0.0,0.0,0.0,0,0,0.031,0.037
2026/04/16 09:00:08,08060,国联通信,GLOBAL LINK,,0.092,0.0,0.0,0.092,0.0,0.0,0.0,0,0,0.086,0.092
2026/04/16 09:03:45,08062,俊盟国际,EFT SOLUTIONS,,0.24,0.0,0.0,0.24,0.0,0.0,0.0,0,0,0.23,0.248
2026/04/16 09:00:08,08065,高萌科技,KML TECH,,0.121,0.0,0.0,0.121,0.0,0.0,0.0,0,0,0.117,0.121
2026/04/16 09:05:18,08066,品创控股,PHOENITRON HOLD,,0.45,0.0,0.0,0.45,0.0,0.0,0.0,0,0,0.41,0.5
2026/04/16 09:00:02,08067,东方大学城控股,OUC HOLDINGS,,0.275,0.0,0.0,0.275,0.0,0.0,0.0,0,0,0.265,0.29
2026/04/16 09:00:25,08069,飞道旅游科技,FLYDOO TECH,,0.023,0.0,0.0,0.023,0.0,0.0,0.0,0,0,0.021,0.022
2026/04/16 09:04:07,08070,侨洋国际控股,KEEN OCEAN,,0.98,0.0,0.0,0.98,0.0,0.0,0.0,0,0,0.91,0.98
2026/04/16 09:01:20,08071,中彩网通控股,CH NETCOMTECH,,0.019,0.0,0.0,0.019,0.0,0.0,0.0,0,0,0.017,0.019
2026/04/16 09:03:20,08072,兰谷股份,LANGU CO,,0.45,0.0,0.0,0.45,0.0,0.0,0.0,0,0,0.405,0.465
2026/04/16 09:03:21,08073,水发兴业新材料,SFSY NEW MAT,,0.24,0.0,0.0,0.24,0.0,0.0,0.0,0,0,0.21,0.27
2026/04/16 09:00:15,08076,新利软件,SING LEE,,0.023,0.0,0.0,0.023,0.0,0.0,0.0,0,0,0.022,0.025
2026/04/16 09:08:40,08079,仍志集团控股,WISDOMCOME GP,,0.46,0.0,0.0,0.46,0.0,0.0,0.0,0,0,0.45,0.52
2026/04/16 09:04:22,08080,北亚策略,NAS HOLDINGS,,0.48,0.0,0.0,0.48,0.0,0.0,0.0,0,0,0.465,0.49
2026/04/16 09:00:00,08081,白居易控股,BAIJUYI HOLD,,0.019,0.0,0.0,0.019,0.0,0.0,0.0,0,0,0.018,0.019
2026/04/16 09:00:26,08082,擎华控股,QINGHUA HOLD,,0.063,0.0,0.0,0.063,0.0,0.0,0.0,0,0,0.062,0.066
2026/04/16 09:00:18,08083,有赞,YOUZAN,,0.161,0.0,0.0,0.161,0.0,0.0,0.0,0,0,0.16,0.16
2026/04/16 08:55:00,08087,中国三三传媒,CHINA 33MEDIA,,8.88,0.0,0.0,8.88,0.0,0.0,0.0,0,0,0.0,0.0
2026/04/16 09:00:38,08091,奥传思维控股,OOH HOLDINGS,,0.04,0.0,0.0,0.04,0.0,0.0,0.0,0,0,0.035,0.044
2026/04/16 09:00:10,08092,ITE HOLDINGS,ITE HOLDINGS,,0.033,0.0,0.0,0.033,0.0,0.0,0.0,0,0,0.033,0.036
2026/04/16 08:55:00,08093,瓦普思瑞元宇宙,WEB3 META,,2.57,0.0,0.0,2.57,0.0,0.0,0.0,0,0,0.0,0.0
2026/04/16 09:00:12,08095,北大青鸟环宇,BEIDA JADE BIRD,,0.92,0.0,0.0,0.92,0.0,0.0,0.0,0,0,0.91,0.91
2026/04/16 09:04:28,08096,赏之味,TASTY CONCEPTS,,0.115,0.0,0.0,0.115,0.0,0.0,0.0,0,0,0.115,0.0
2026/04/16 09:04:26,08098,昌利控股,CL GROUP,,0.042,0.0,0.0,0.042,0.0,0.0,0.0,0,0,0.041,0.045
2026/04/16 08:55:00,08100,名科国际,FAMOUS TECH INT,,0.25,0.0,0.0,0.25,0.0,0.0,0.0,0,0,0.0,0.0
2026/04/16 09:04:17,08103,ＨＭＶＯＤ视频,HMVOD,,0.204,0.0,0.0,0.204,0.0,0.0,0.0,0,0,0.192,0.205
2026/04/16 09:00:06,08106,芯化兰德,XINHUA LANDE,,0.31,0.0,0.0,0.31,0.0,0.0,0.0,0,0,0.28,0.32
2026/04/16 09:01:18,08107,细叶榕科技,FICUS TECH,,0.165,0.0,0.0,0.165,0.0,0.0,0.0,0,0,0.0,0.165
2026/04/16 08:55:00,08111,中国科技产业集团,CT IND GROUP,,0.074,0.0,0.0,0.074,0.0,0.0,0.0,0,0,0.0,0.0
2026/04/16 09:09:18,08112,基石金融,CORNERSTONE FIN,,0.1,0.0,0.0,0.1,0.0,0.0,0.0,0,0,0.093,0.107
2026/04/16 09:00:53,08113,时腾科技,V&V TECH,,0.395,0.0,0.0,0.395,0.0,0.0,0.0,0,0,0.0,0.42
2026/04/16 08:55:00,08115,清大东方,QINGDA ORIENTAL,,11.5,0.0,0.0,11.5,0.0,0.0,0.0,0,0,0.0,0.0
2026/04/16 09:00:15,08117,中国基础能源,CHI P ENERGY,,0.065,0.0,0.0,0.065,0.0,0.0,0.0,0,0,0.059,0.07
2026/04/16 09:00:04,08118,中资国际控股,ZHONGZI INTL H,,0.147,0.0,0.0,0.147,0.0,0.0,0.0,0,0,0.132,0.0
2026/04/16 09:08:02,08120,国农金融投资,CH DEMETER FIN,,0.66,0.0,0.0,0.66,0.0,0.0,0.0,0,0,0.57,0.68
2026/04/16 09:03:34,08121,国恩控股,GUOEN HOLDINGS,,0.73,0.0,0.0,0.73,0.0,0.0,0.0,0,0,0.63,0.74
2026/04/16 08:59:58,08123,华亿金控,SINOFORTUNE FIN,,0.01,0.0,0.0,0.01,0.0,0.0,0.0,0,0,0.0,0.01
2026/04/16 09:10:34,08125,中新控股,CHINA NEW HLDGS,,0.5,0.0,0.0,0.5,0.0,0.0,0.0,0,0,0.455,0.54
2026/04/16 08:55:00,08126,Ｇ．Ａ．控股,G. A. HOLDINGS,,0.038,0.0,0.0,0.038,0.0,0.0,0.0,0,0,0.0,0.0
2026/04/16 09:00:10,08128,中国恒有源集团,CHYY GP,,0.034,0.0,0.0,0.034,0.0,0.0,0.0,0,0,0.032,0.036
2026/04/16 08:55:00,08130,大地国际集团,DADI INTL GROUP,,0.01,0.0,0.0,0.01,0.0,0.0,0.0,0,0,0.0,0.0
2026/04/16 09:07:42,08131,辰罡科技,ABC MULTIACTIVE,,0.047,0.0,0.0,0.047,0.0,0.0,0.0,0,0,0.046,0.052
2026/04/16 09:04:28,08132,百能国际能源,CENTURY EN INTL,,0.082,0.0,0.0,0.082,0.0,0.0,0.0,0,0,0.077,0.087
2026/04/16 09:04:30,08133,吉盛集团控股,JISHENG GP HLDG,,0.34,0.0,0.0,0.34,0.0,0.0,0.0,0,0,0.335,0.345
2026/04/16 09:04:19,08136,英马斯集团,IMS GROUP,,0.045,0.0,0.0,0.045,0.0,0.0,0.0,0,0,0.043,0.046
2026/04/16 09:06:16,08137,洪桥集团,HONBRIDGE,,0.395,0.0,0.0,0.395,0.0,0.0,0.0,0,0,0.385,0.395
2026/04/16 09:04:25,08139,长安仁恒,CHANGAN RH,,1.3,0.0,0.0,1.3,0.0,0.0,0.0,0,0,1.22,1.4
2026/04/16 09:04:20,08140,人和科技,BOSATECH,,0.129,0.0,0.0,0.129,0.0,0.0,0.0,0,0,0.124,0.129
2026/04/16 09:03:05,08143,金威医疗,GF HEALTHCARE,,0.12,0.0,0.0,0.12,0.0,0.0,0.0,0,0,0.111,0.13
2026/04/16 09:04:16,08146,怡园酒业,GRACEWINE,,0.55,0.0,0.0,0.55,0.0,0.0,0.0,0,0,0.5,0.6
2026/04/16 09:01:16,08147,汇思太平洋,MILLENNIUM PG,,0.76,0.0,0.0,0.76,0.0,0.0,0.0,0,0,0.67,0.0
2026/04/16 09:00:36,08148,悟喜生活,WUXI LIFE,,4.05,0.0,0.0,4.05,0.0,0.0,0.0,0,0,0.0,4.08
2026/04/16 09:00:16,08149,浩德控股,ALTUS HLDGS,,0.112,0.0,0.0,0.112,0.0,0.0,0.0,0,0,0.107,0.113
2026/04/16 09:00:53,08152,明梁控股,M&L HOLDINGS,,0.08,0.0,0.0,0.08,0.0,0.0,0.0,0,0,0.075,0.09
2026/04/16 09:02:46,08153,嘉鼎国际集团,JIADING INTL GP,,0.84,0.0,0.0,0.84,0.0,0.0,0.0,0,0,0.79,0.89
2026/04/16 09:04:27,08156,国药科技股份,SINOPHARM TECH,,0.27,0.0,0.0,0.27,0.0,0.0,0.0,0,0,0.25,0.0
2026/04/16 09:03:57,08158,中国再生医学,CRMI,,0.32,0.0,0.0,0.32,0.0,0.0,0.0,0,0,0.305,0.0
2026/04/16 09:04:02,08159,新华联合投资,CU VENTURE INV,,0.062,0.0,0.0,0.062,0.0,0.0,0.0,0,0,0.062,0.069
2026/04/16 09:02:21,08160,GOLDWAY EDU,GOLDWAY EDU,,0.58,0.0,0.0,0.58,0.0,0.0,0.0,0,0,0.0,0.59
2026/04/16 09:01:36,08161,医汇集团,MEDINET GROUP,,0.68,0.0,0.0,0.68,0.0,0.0,0.0,0,0,0.62,0.0
2026/04/16 09:00:36,08162,港银控股,LOCO HK,,0.55,0.0,0.0,0.55,0.0,0.0,0.0,0,0,0.5,0.53
2026/04/16 09:01:55,08163,声扬集团,NOIZ GROUP,,0.03,0.0,0.0,0.03,0.0,0.0,0.0,0,0,0.029,0.031
2026/04/16 09:05:10,08168,宝积资本,AMASSE CAPITAL,,0.119,0.0,0.0,0.119,0.0,0.0,0.0,0,0,0.116,0.13
2026/04/16 09:10:48,08169,环康集团,ECO-TEK HLDGS,,0.038,0.0,0.0,0.038,0.0,0.0,0.0,0,0,0.037,0.039
2026/04/16 08:55:00,08172,拉近网娱,LAJIN ENT,,0.19,0.0,0.0,0.19,0.0,0.0,0.0,0,0,0.0,0.0
2026/04/16 09:04:00,08173,客思控股,HEPHAESTUS HLDG,,0.105,0.0,0.0,0.105,0.0,0.0,0.0,0,0,0.105,0.12
2026/04/16 09:00:05,08176,超人智能,SUPERROBOTICS,,0.044,0.0,0.0,0.044,0.0,0.0,0.0,0,0,0.042,0.045
2026/04/16 09:00:30,08178,中国信息科技,CHINA INFO TECH,,0.243,0.0,0.0,0.243,0.0,0.0,0.0,0,0,0.23,0.25
2026/04/16 08:59:58,08179,百利达集团控股,PALINDA GROUP,,0.012,0.0,0.0,0.012,0.0,0.0,0.0,0,0,0.011,0.012
2026/04/16 09:04:28,08181,港深智能管理,KS SMART MGMT,,0.047,0.0,0.0,0.047,0.0,0.0,0.0,0,0,0.045,0.051
2026/04/16 09:00:00,08186,曼妠,ALMANA,,1.04,0.0,0.0,1.04,0.0,0.0,0.0,0,0,0.95,0.0
2026/04/16 09:04:26,08187,积木集团,JIMU GROUP,,0.5,0.0,0.0,0.5,0.0,0.0,0.0,0,0,0.5,0.53
2026/04/16 09:00:26,08188,骏杰集团控股,GME GROUP,,1.15,0.0,0.0,1.15,0.0,0.0,0.0,0,0,1.12,1.15
2026/04/16 09:00:36,08189,泰达生物,TEDA BIOMEDICAL,,0.285,0.0,0.0,0.285,0.0,0.0,0.0,0,0,0.275,0.29
2026/04/16 09:07:02,08191,鸿伟亚洲,HONG WEI ASIA,,0.145,0.0,0.0,0.145,0.0,0.0,0.0,0,0,0.141,0.15
2026/04/16 09:00:06,08193,亚太金融投资,ASIAPAC FIN INV,,0.295,0.0,0.0,0.295,0.0,0.0,0.0,0,0,0.28,0.0
2026/04/16 09:00:16,08195,传承教育集团,LEGENDARY EDU,,1.37,0.0,0.0,1.37,0.0,0.0,0.0,0,0,1.35,1.38
2026/04/16 09:04:02,08196,福田股份,FUTIAN HOLDINGS,,0.67,0.0,0.0,0.67,0.0,0.0,0.0,0,0,0.6,0.72
2026/04/16 09:04:38,08198,加幂科技,CRYPTO FLOW,,1.56,0.0,0.0,1.56,0.0,0.0,0.0,0,0,0.0,1.62
2026/04/16 09:07:34,08200,修身堂,SAU SAN TONG,,0.62,0.0,0.0,0.62,0.0,0.0,0.0,0,0,0.6,0.67
2026/04/16 09:00:18,08201,宝联控股,PPS INT'L,,0.114,0.0,0.0,0.114,0.0,0.0,0.0,0,0,0.11,0.129
2026/04/16 09:01:21,08203,凯顺控股,KAISUN HOLDINGS,,0.2,0.0,0.0,0.2,0.0,0.0,0.0,0,0,0.17,0.21
2026/04/16 09:08:42,08205,交大慧谷,JIAODA WITHUB,,0.305,0.0,0.0,0.305,0.0,0.0,0.0,0,0,0.0,0.345
2026/04/16 08:55:00,08206,神通机器人教育,S ROBOT EDU,,0.038,0.0,0.0,0.038,0.0,0.0,0.0,0,0,0.0,0.0
2026/04/16 09:03:18,08208,永通万国集团,RADIANCE GLO GP,,0.12,0.0,0.0,0.12,0.0,0.0,0.0,0,0,0.111,0.127
2026/04/16 09:00:02,08210,衍汇亚洲,DLC ASIA,,0.057,0.0,0.0,0.057,0.0,0.0,0.0,0,0,0.056,0.065
2026/04/16 09:04:13,08213,荣晖控股,STARGLORY HLDGS,,0.175,0.0,0.0,0.175,0.0,0.0,0.0,0,0,0.156,0.187
2026/04/16 09:04:24,08217,菊福堂生物,JU FU TANG BIOT,,0.335,0.0,0.0,0.335,0.0,0.0,0.0,0,0,0.32,0.365
2026/04/16 09:00:00,08218,毅高国际控股,ECHO INT HOLD,,0.11,0.0,0.0,0.11,0.0,0.0,0.0,0,0,0.105,0.0
2026/04/16 09:02:40,08219,恒伟集团控股,HANVEY GROUP,,0.18,0.0,0.0,0.18,0.0,0.0,0.0,0,0,0.173,0.184
2026/04/16 09:06:56,08220,比高集团,BINGO GROUP,,3.6,0.0,0.0,3.6,0.0,0.0,0.0,0,0,3.44,0.0
2026/04/16 09:02:07,08221,高裕金融,GAOYU FINANCE,,1.13,0.0,0.0,1.13,0.0,0.0,0.0,0,0,1.03,1.28
2026/04/16 09:09:48,08222,壹照明,E LIGHTING,,0.037,0.0,0.0,0.037,0.0,0.0,0.0,0,0,0.034,0.038
2026/04/16 09:07:30,08223,紫元元,ZYY,,0.5,0.0,0.0,0.5,0.0,0.0,0.0,0,0,0.47,0.5
2026/04/16 09:04:50,08225,中国医疗集团,C HEALTH GP,,0.134,0.0,0.0,0.134,0.0,0.0,0.0,0,0,0.134,0.149
2026/04/16 09:04:26,08226,树熊金融集团,KOALA FIN GP,,0.076,0.0,0.0,0.076,0.0,0.0,0.0,0,0,0.072,0.085
2026/04/16 09:01:28,08227,海天天线,HAITIAN ANTENNA,,0.129,0.0,0.0,0.129,0.0,0.0,0.0,0,0,0.117,0.129
2026/04/16 09:00:06,08229,未来数据集团,FUTURE DATA,,0.63,0.0,0.0,0.63,0.0,0.0,0.0,0,0,0.57,0.65
2026/04/16 09:04:12,08232,一木集团,THAC GROUP,,1.21,0.0,0.0,1.21,0.0,0.0,0.0,0,0,1.05,1.3
2026/04/16 09:00:10,08237,华星控股,LINK HOLDINGS,,0.475,0.0,0.0,0.475,0.0,0.0,0.0,0,0,0.0,0.5
2026/04/16 09:02:21,08238,惠陶集团,WINTO GROUP,,0.137,0.0,0.0,0.137,0.0,0.0,0.0,0,0,0.135,0.147
2026/04/16 09:01:33,08239,首都金融控股,CAPITAL FIN,,13.6,0.0,0.0,13.6,0.0,0.0,0.0,0,0,0.0,14.0
2026/04/16 09:00:10,08241,英记茶庄集团,YING KEE TEA,,0.114,0.0,0.0,0.114,0.0,0.0,0.0,0,0,0.108,0.114
2026/04/16 09:09:38,08245,烽翼集团,CANOPY SKYFIRE,,0.093,0.0,0.0,0.093,0.0,0.0,0.0,0,0,0.087,0.095
2026/04/16 09:01:12,08246,中华燃气,ZHONGHUA GAS,,0.8,0.0,0.0,0.8,0.0,0.0,0.0,0,0,0.77,0.81
2026/04/16 09:00:26,08247,中生北控生物科技,BIOSINO BIO-TEC,,3.46,0.0,0.0,3.46,0.0,0.0,0.0,0,0,3.34,0.0
2026/04/16 09:00:04,08249,瑞远智控,RUIYUAN IC TECH,,0.154,0.0,0.0,0.154,0.0,0.0,0.0,0,0,0.0,0.154
2026/04/16 09:00:08,08250,都都控股,DU DU HLDGS,,0.148,0.0,0.0,0.148,0.0,0.0,0.0,0,0,0.138,0.148
2026/04/16 09:03:00,08262,宏强控股,SUPER STRONG,,0.051,0.0,0.0,0.051,0.0,0.0,0.0,0,0,0.048,0.052
2026/04/16 09:01:13,08267,蓝港互动,LINEKONG,,0.28,0.0,0.0,0.28,0.0,0.0,0.0,0,0,0.265,0.29
2026/04/16 09:02:46,08268,智城发展控股,SMART CITY DEV,,0.38,0.0,0.0,0.38,0.0,0.0,0.0,0,0,0.34,0.405
2026/04/16 09:04:08,08269,倍升教育科技,GO UP EDU TECH,,0.36,0.0,0.0,0.36,0.0,0.0,0.0,0,0,0.345,0.365
2026/04/16 09:00:02,08270,中国煤层气,CHINA CBM,,0.385,0.0,0.0,0.385,0.0,0.0,0.0,0,0,0.0,0.385
2026/04/16 09:00:25,08271,环球数码创意,GDC,,0.121,0.0,0.0,0.121,0.0,0.0,0.0,0,0,0.103,0.0
2026/04/16 09:01:12,08275,中国新消费集团,CHINA NEW CONS,,0.094,0.0,0.0,0.094,0.0,0.0,0.0,0,0,0.09,0.099
2026/04/16 09:00:05,08277,骏东控股,STEEDORIENTAL,,0.115,0.0,0.0,0.115,0.0,0.0,0.0,0,0,0.11,0.12
2026/04/16 09:10:12,08279,亚博科技控股,AGTECH HOLDINGS,,0.55,0.0,0.0,0.55,0.0,0.0,0.0,0,0,0.59,0.59
2026/04/16 09:01:36,08280,中国数字视频,CDV HOLDINGS,,0.07,0.0,0.0,0.07,0.0,0.0,0.0,0,0,0.065,0.075
2026/04/16 09:04:38,08281,中国金典集团,CH GOLD CLASSIC,,0.144,0.0,0.0,0.144,0.0,0.0,0.0,0,0,0.135,0.15
2026/04/16 09:04:27,08282,智傲控股,GAMEONE,,0.57,0.0,0.0,0.57,0.0,0.0,0.0,0,0,0.51,0.58
2026/04/16 09:04:17,08283,中食民安,ZHONGSHI MINAN,,0.55,0.0,0.0,0.55,0.0,0.0,0.0,0,0,0.53,0.58
2026/04/16 09:01:41,08285,森浩集团,SLING GROUP,,0.032,0.0,0.0,0.032,0.0,0.0,0.0,0,0,0.031,0.033
2026/04/16 09:01:26,08286,长城微光,CCOE,,0.189,0.0,0.0,0.189,0.0,0.0,0.0,0,0,0.166,0.0
2026/04/16 09:02:46,08290,亚势备份,AHSAY BACKUP,,0.03,0.0,0.0,0.03,0.0,0.0,0.0,0,0,0.028,0.031
2026/04/16 08:55:00,08291,港娱国际,HK ENT INTL,,0.305,0.0,0.0,0.305,0.0,0.0,0.0,0,0,0.0,0.0
2026/04/16 09:03:49,08292,VSING,VSING,,0.191,0.0,0.0,0.191,0.0,0.0,0.0,0,0,0.18,0.195
2026/04/16 09:03:34,08293,星亚控股,SINGASIA HLDG,,0.325,0.0,0.0,0.325,0.0,0.0,0.0,0,0,0.0,0.37
2026/04/16 09:00:00,08295,金慧科技,KINGWISOFT TECH,,0.023,0.0,0.0,0.023,0.0,0.0,0.0,0,0,0.021,0.024
2026/04/16 09:00:12,08296,中国生命集团,SINO-LIFE GROUP,,0.3,0.0,0.0,0.3,0.0,0.0,0.0,0,0,0.265,0.0
2026/04/16 08:55:00,08297,海纳星空科技,OCEAN STAR TECH,,0.039,0.0,0.0,0.039,0.0,0.0,0.0,0,0,0.0,0.0
2026/04/16 09:03:59,08299,大唐黄金,GT GOLD,,0.59,0.0,0.0,0.59,0.0,0.0,0.0,0,0,0.59,0.59
2026/04/16 09:00:10,08300,今米房集团,JIN MI FANG GP,,0.025,0.0,0.0,0.025,0.0,0.0,0.0,0,0,0.024,0.025
2026/04/16 09:06:54,08305,圣唐控股,ST HLDGS,,0.206,0.0,0.0,0.206,0.0,0.0,0.0,0,0,0.206,0.23
2026/04/16 09:02:24,08307,密迪斯肌,MEDICSKIN,,0.143,0.0,0.0,0.143,0.0,0.0,0.0,0,0,0.0,0.162
2026/04/16 09:07:08,08308,古兜控股,GUDOU HLDGS,,0.059,0.0,0.0,0.059,0.0,0.0,0.0,0,0,0.053,0.061
2026/04/16 09:00:08,08309,万成环球控股,MANSHING GLOBAL,,0.065,0.0,0.0,0.065,0.0,0.0,0.0,0,0,0.064,0.07
2026/04/16 09:00:15,08310,盐城港,YANCHENG PORT,,0.28,0.0,0.0,0.28,0.0,0.0,0.0,0,0,0.0,0.29
2026/04/16 09:00:36,08311,圆美光电,PERFECT OPT,,0.103,0.0,0.0,0.103,0.0,0.0,0.0,0,0,0.0,0.117
2026/04/16 09:00:10,08313,杰地集团,ZACD,,0.023,0.0,0.0,0.023,0.0,0.0,0.0,0,0,0.023,0.0
2026/04/16 09:06:52,08315,新都酒店,CEN PLAZA HOTEL,,0.08,0.0,0.0,0.08,0.0,0.0,0.0,0,0,0.073,0.0
2026/04/16 09:03:57,08316,中国红包,CHINA HONGBAO,,0.147,0.0,0.0,0.147,0.0,0.0,0.0,0,0,0.147,0.154
2026/04/16 09:03:55,08317,财华社集团,FINET GROUP,,0.108,0.0,0.0,0.108,0.0,0.0,0.0,0,0,0.101,0.114
2026/04/16 09:04:05,08319,思博系统,EXPERT SYS,,0.116,0.0,0.0,0.116,0.0,0.0,0.0,0,0,0.113,0.119
2026/04/16 09:06:40,08320,沛然环保,AEC GROUP,,0.108,0.0,0.0,0.108,0.0,0.0,0.0,0,0,0.093,0.108
2026/04/16 09:00:10,08321,泰锦控股,TAI KAM HLDGS,,1.91,0.0,0.0,1.91,0.0,0.0,0.0,0,0,1.9,0.0
2026/04/16 09:04:27,08326,同景新能源,TK NEW ENERGY,,0.16,0.0,0.0,0.16,0.0,0.0,0.0,0,0,0.155,0.161
2026/04/16 09:04:29,08328,信义储电,XY ELEC STORAGE,,0.59,0.0,0.0,0.59,0.0,0.0,0.0,0,0,0.56,0.6
2026/04/16 09:00:54,08329,海王英特龙,NEP INTERLONG,,0.133,0.0,0.0,0.133,0.0,0.0,0.0,0,0,0.122,0.135
2026/04/16 09:00:54,08331,倍搏集团,P.B. GROUP,,0.365,0.0,0.0,0.365,0.0,0.0,0.0,0,0,0.0,0.38
2026/04/16 09:04:05,08333,阿仕特朗金融,ASTRUM FIN,,0.46,0.0,0.0,0.46,0.0,0.0,0.0,0,0,0.4,0.46
2026/04/16 09:10:20,08337,直通电讯,DIRECTEL,,0.094,0.0,0.0,0.094,0.0,0.0,0.0,0,0,0.092,0.106
2026/04/16 09:11:15,08340,紫荆国际金融,ZIJING INTL FIN,,0.65,0.0,0.0,0.65,0.0,0.0,0.0,0,0,0.59,0.7
2026/04/16 09:02:16,08341,艾硕控股,AESO HOLDING,,0.161,0.0,0.0,0.161,0.0,0.0,0.0,0,0,0.152,0.163
2026/04/16 09:10:58,08347,Ｆ８企业,F8 ENT,,0.126,0.0,0.0,0.126,0.0,0.0,0.0,0,0,0.123,0.144
2026/04/16 09:04:26,08348,滨海泰达物流,BINHAI TEDA,,0.4,0.0,0.0,0.4,0.0,0.0,0.0,0,0,0.375,0.415
2026/04/16 08:55:00,08349,硅鑫集团,GUIXIN GROUP,,1.29,0.0,0.0,1.29,0.0,0.0,0.0,0,0,0.0,0.0
2026/04/16 09:08:06,08350,立桥证券控股,WELL LINK SEC,,0.315,0.0,0.0,0.315,0.0,0.0,0.0,0,0,0.32,0.32
2026/04/16 09:03:24,08356,进业控股,TSUN YIP HLDGS,,0.4,0.0,0.0,0.4,0.0,0.0,0.0,0,0,0.35,0.43
2026/04/16 09:00:04,08357,REPUBLIC HC,REPUBLIC HC,,0.141,0.0,0.0,0.141,0.0,0.0,0.0,0,0,0.131,0.16
2026/04/16 08:55:00,08360,简朴新生活,BASIC H NEWLIFE,,0.64,0.0,0.0,0.64,0.0,0.0,0.0,0,0,0.0,0.0
2026/04/16 09:00:08,08362,运兴泰集团,WINNING TOWER,,0.055,0.0,0.0,0.055,0.0,0.0,0.0,0,0,0.051,0.055
2026/04/16 09:10:10,08365,亦辰集团,HATCHER GROUP,,2.88,0.0,0.0,2.88,0.0,0.0,0.0,0,0,2.94,2.94
2026/04/16 09:02:45,08366,浙江联合投资,ZJ UNITED INV,,0.036,0.0,0.0,0.036,0.0,0.0,0.0,0,0,0.032,0.038
2026/04/16 09:04:29,08367,倩碧控股,SIMPLICITY HLDG,,0.41,0.0,0.0,0.41,0.0,0.0,0.0,0,0,0.4,0.44
2026/04/16 09:04:23,08368,中国创意控股,CREATIVE CHINA,,0.3,0.0,0.0,0.3,0.0,0.0,0.0,0,0,0.26,0.32
2026/04/16 08:55:00,08370,智升集团控股,ZHI SHENG GP,,4.67,0.0,0.0,4.67,0.0,0.0,0.0,0,0,0.0,0.0
2026/04/16 09:07:10,08371,尝高美集团,TASTEGOURMET GP,,1.88,0.0,0.0,1.88,0.0,0.0,0.0,0,0,1.87,2.03
2026/04/16 09:04:47,08372,君百延集团,GBG HOLDINGS,,0.127,0.0,0.0,0.127,0.0,0.0,0.0,0,0,0.125,0.135
2026/04/16 08:55:00,08373,靛蓝星,INDIGO STAR,,0.65,0.0,0.0,0.65,0.0,0.0,0.0,0,0,0.0,0.0
2026/04/16 09:08:38,08375,数盟资本,DATA UNION CAP,,2.35,0.0,0.0,2.35,0.0,0.0,0.0,0,0,2.23,2.58
2026/04/16 09:02:50,08377,维港育马,HARBOUR EQUINE,,0.11,0.0,0.0,0.11,0.0,0.0,0.0,0,0,0.0,0.12
2026/04/16 09:02:07,08379,盈证国际,PRIME INTEL,,0.183,0.0,0.0,0.183,0.0,0.0,0.0,0,0,0.172,0.188
2026/04/16 09:08:14,08385,万里印刷,PROSPEROUSPRINT,,0.11,0.0,0.0,0.11,0.0,0.0,0.0,0,0,0.102,0.114
2026/04/16 09:00:06,08391,基石科技控股,CORNERSTONE TEC,,0.48,0.0,0.0,0.48,0.0,0.0,0.0,0,0,0.47,0.485
2026/04/16 09:02:50,08392,舍图控股,SATU HOLDINGS,,0.04,0.0,0.0,0.04,0.0,0.0,0.0,0,0,0.039,0.044
2026/04/16 09:08:34,08395,中显智能齐家控股,ZXZN QI-HOUSE,,0.46,0.0,0.0,0.46,0.0,0.0,0.0,0,0,0.475,0.52
2026/04/16 09:09:32,08400,亚洲先锋娱乐,ASIA PIONEER,,0.068,0.0,0.0,0.068,0.0,0.0,0.0,0,0,0.07,0.07
2026/04/16 09:04:20,08401,源想集团,STREAM IDEAS,,0.042,0.0,0.0,0.042,0.0,0.0,0.0,0,0,0.042,0.045
2026/04/16 09:04:28,08402,高原之宝,PLATEAU TL,,0.1,0.0,0.0,0.1,0.0,0.0,0.0,0,0,0.093,0.105
2026/04/16 09:00:02,08403,德丰宿来,DEFENG SOLIFE,,3.13,0.0,0.0,3.13,0.0,0.0,0.0,0,0,3.0,3.25
2026/04/16 09:05:52,08406,中国口腔产业,CHINA ORAL IND,,0.062,0.0,0.0,0.062,0.0,0.0,0.0,0,0,0.057,0.069
2026/04/16 09:00:08,08411,K W NELSON GP,K W NELSON GP,,0.142,0.0,0.0,0.142,0.0,0.0,0.0,0,0,0.136,0.155
2026/04/16 09:04:27,08412,新爱德集团,NEW AMANTE,,0.31,0.0,0.0,0.31,0.0,0.0,0.0,0,0,0.29,0.35
2026/04/16 09:05:28,08413,亚洲富思,ASIA GROCERY,,0.139,0.0,0.0,0.139,0.0,0.0,0.0,0,0,0.132,0.14
2026/04/16 09:02:26,08416,HM INTL HLDGS,HM INTL HLDGS,,0.106,0.0,0.0,0.106,0.0,0.0,0.0,0,0,0.104,0.105
2026/04/16 09:00:08,08417,大地教育,DADI EDU,,0.024,0.0,0.0,0.024,0.0,0.0,0.0,0,0,0.022,0.025
2026/04/16 09:00:28,08418,傲迪玛汽车,OPTIMA AUTO,,1.19,0.0,0.0,1.19,0.0,0.0,0.0,0,0,1.03,0.0
2026/04/16 09:04:35,08419,ＡＶ策划推广,AV PROMOTIONS,,0.073,0.0,0.0,0.073,0.0,0.0,0.0,0,0,0.073,0.0
2026/04/16 09:05:22,08420,NEXION TECH,NEXION TECH,,0.036,0.0,0.0,0.036,0.0,0.0,0.0,0,0,0.032,0.0
2026/04/16 09:04:17,08422,ＷＴ集团,WT GROUP,,0.124,0.0,0.0,0.124,0.0,0.0,0.0,0,0,0.123,0.13
2026/04/16 09:03:55,08423,CHI HO DEV,CHI HO DEV,,0.04,0.0,0.0,0.04,0.0,0.0,0.0,0,0,0.038,0.045
2026/04/16 09:02:07,08425,兴铭控股,HING MING HLDGS,,0.08,0.0,0.0,0.08,0.0,0.0,0.0,0,0,0.077,0.0
2026/04/16 09:00:05,08426,雅居投资控股,MODERN LIVING,,0.29,0.0,0.0,0.29,0.0,0.0,0.0,0,0,0.25,0.3
2026/04/16 09:05:36,08427,万顺瑞强集团,WS-SK TARGET,,10.48,0.0,0.0,10.48,0.0,0.0,0.0,0,0,10.1,11.0
2026/04/16 08:55:00,08428,汉诺佳池,CBK HOLDINGS,,0.68,0.0,0.0,0.68,0.0,0.0,0.0,0,0,0.0,0.0
2026/04/16 09:00:22,08429,华美乐乐,SV VISION,,0.058,0.0,0.0,0.058,0.0,0.0,0.0,0,0,0.058,0.0
2026/04/16 09:03:26,08430,春能控股,C&N HOLDINGS,,0.074,0.0,0.0,0.074,0.0,0.0,0.0,0,0,0.074,0.083
2026/04/16 09:00:00,08431,浩柏国际,HAO BAI INTL,,0.54,0.0,0.0,0.54,0.0,0.0,0.0,0,0,0.0,0.6
2026/04/16 09:09:34,08432,太平洋酒吧,BAR PACIFIC,,0.033,0.0,0.0,0.033,0.0,0.0,0.0,0,0,0.031,0.034
2026/04/16 09:00:55,08436,德宝集团控股,TAKBO GROUP,,0.285,0.0,0.0,0.285,0.0,0.0,0.0,0,0,0.275,0.31
2026/04/16 08:55:00,08437,德斯控股,RMH HOLDINGS,,0.25,0.0,0.0,0.25,0.0,0.0,0.0,0,0,0.0,0.0
2026/04/16 09:00:06,08439,新百利融资,SOMERLEY CAP,,0.83,0.0,0.0,0.83,0.0,0.0,0.0,0,0,0.78,0.86
2026/04/16 09:00:00,08445,怡康泰工程集团,NOBLE ENG GP,,0.15,0.0,0.0,0.15,0.0,0.0,0.0,0,0,0.13,0.0
2026/04/16 09:01:02,08446,耀星科技集团,BRIGHTSTAR TECH,,0.104,0.0,0.0,0.104,0.0,0.0,0.0,0,0,0.101,0.106
2026/04/16 09:03:49,08447,MS CONCEPT,MS CONCEPT,,0.063,0.0,0.0,0.063,0.0,0.0,0.0,0,0,0.058,0.065
2026/04/16 09:03:24,08448,环球印馆,UNI PRINTSHOP,,1.68,0.0,0.0,1.68,0.0,0.0,0.0,0,0,0.0,1.79
2026/04/16 09:03:56,08450,钜京控股,EDICO HOLDINGS,,0.15,0.0,0.0,0.15,0.0,0.0,0.0,0,0,0.145,0.159
2026/04/16 09:00:52,08451,日光控股,SUNLIGHT HLDGS,,0.063,0.0,0.0,0.063,0.0,0.0,0.0,0,0,0.063,0.07
2026/04/16 09:00:10,08452,富银融资股份,FY FINANCIAL,,0.295,0.0,0.0,0.295,0.0,0.0,0.0,0,0,0.295,0.33
2026/04/16 09:00:10,08455,礼建德集团,LAI GROUP,,0.08,0.0,0.0,0.08,0.0,0.0,0.0,0,0,0.076,0.09
2026/04/16 09:00:08,08456,民信国际控股,MANSION INTL,,0.405,0.0,0.0,0.405,0.0,0.0,0.0,0,0,0.37,0.44
2026/04/16 09:10:42,08460,基地锦标（五千）,BASETROPHY-5K,,1.93,0.0,0.0,1.93,0.0,0.0,0.0,0,0,1.89,1.95
2026/04/16 09:00:00,08462,中安控股集团,OMNIBRIDGE HLDG,,0.071,0.0,0.0,0.071,0.0,0.0,0.0,0,0,0.07,0.0
2026/04/16 09:01:00,08471,新达控股,REACH NEW HLDGS,,0.04,0.0,0.0,0.04,0.0,0.0,0.0,0,0,0.04,0.042
2026/04/16 09:01:03,08472,立高控股,LAPCO HOLDINGS,,0.37,0.0,0.0,0.37,0.0,0.0,0.0,0,0,0.35,0.38
2026/04/16 09:07:30,08473,弥明生活百货,MI MING MART,,0.112,0.0,0.0,0.112,0.0,0.0,0.0,0,0,0.108,0.112
2026/04/16 08:55:00,08475,易站绿色科技,E-STATION GTECH,,0.069,0.0,0.0,0.069,0.0,0.0,0.0,0,0,0.0,0.0
2026/04/16 09:00:55,08480,飞霓控股,FURNIWEB,,0.151,0.0,0.0,0.151,0.0,0.0,0.0,0,0,0.151,0.163
2026/04/16 08:55:00,08481,盛龙锦秀国际,SHENGLONG INTL,,0.4,0.0,0.0,0.4,0.0,0.0,0.0,0,0,0.0,0.0
2026/04/16 09:00:52,08482,万励达,WAN LEADER,,0.132,0.0,0.0,0.132,0.0,0.0,0.0,0,0,0.132,0.145
2026/04/16 09:03:25,08483,名仕快相,MAX SIGHT GROUP,,0.111,0.0,0.0,0.111,0.0,0.0,0.0,0,0,0.096,0.118
2026/04/16 09:03:51,08487,ISP GLOBAL,ISP GLOBAL,,0.044,0.0,0.0,0.044,0.0,0.0,0.0,0,0,0.04,0.043
2026/04/16 09:00:00,08489,裕程物流,GP LOGISTICS,,0.285,0.0,0.0,0.285,0.0,0.0,0.0,0,0,0.27,0.3
2026/04/16 09:10:40,08490,骏码半导体,NICHE-TECH SEMI,,0.093,0.0,0.0,0.093,0.0,0.0,0.0,0,0,0.09,0.099
2026/04/16 09:04:00,08491,COOL LINK,COOL LINK,,0.445,0.0,0.0,0.445,0.0,0.0,0.0,0,0,0.435,0.475
2026/04/16 08:55:00,08493,炙龙控股,S. DRAGON,,0.035,0.0,0.0,0.035,0.0,0.0,0.0,0,0,0.0,0.0
2026/04/16 09:00:30,08495,1957 & CO.,1957 & CO.,,0.29,0.0,0.0,0.29,0.0,0.0,0.0,0,0,0.265,0.32
2026/04/16 08:55:00,08496,环球友饮智能,GLOBAL UIN,,0.041,0.0,0.0,0.041,0.0,0.0,0.0,0,0,0.0,0.0
2026/04/16 08:55:00,08500,天泓文创,ICONCULTURE,,0.091,0.0,0.0,0.091,0.0,0.0,0.0,0,0,0.0,0.0
2026/04/16 09:00:04,08501,庄皇集团公司,SANBASE CORP,,0.68,0.0,0.0,0.68,0.0,0.0,0.0,0,0,0.63,0.7
2026/04/16 09:00:02,08502,远航港口,OCEAN LINE PORT,,0.32,0.0,0.0,0.32,0.0,0.0,0.0,0,0,0.33,0.34
2026/04/16 09:00:22,08507,爱世纪集团,I.CENTURY HLDG,,0.295,0.0,0.0,0.295,0.0,0.0,0.0,0,0,0.275,0.3
2026/04/16 09:04:27,08509,威扬酒业控股,WINE'S LINK,,0.71,0.0,0.0,0.71,0.0,0.0,0.0,0,0,0.62,0.77
2026/04/16 08:55:00,08510,TOPSTANDARDCORP,TOPSTANDARDCORP,,0.16,0.0,0.0,0.16,0.0,0.0,0.0,0,0,0.0,0.0
2026/04/16 09:04:00,08511,民富国际,MIN FU INTL,,0.88,0.0,0.0,0.88,0.0,0.0,0.0,0,0,0.78,0.9
2026/04/16 09:04:34,08512,凯富善集团控股,HYFUSIN GROUP,,0.4,0.0,0.0,0.4,0.0,0.0,0.0,0,0,0.39,0.4
2026/04/16 09:04:49,08513,加和国际控股,MAXWIN INT HLDG,,0.55,0.0,0.0,0.55,0.0,0.0,0.0,0,0,0.55,0.0
2026/04/16 09:08:04,08516,中盈国际,ZY INTL,,1.45,0.0,0.0,1.45,0.0,0.0,0.0,0,0,1.42,1.55
2026/04/16 09:01:11,08519,新享时代,XINXIANG ERA,,0.255,0.0,0.0,0.255,0.0,0.0,0.0,0,0,0.242,0.0
2026/04/16 09:00:44,08521,智云国际控股,WEBX INTL HLDGS,,0.9,0.0,0.0,0.9,0.0,0.0,0.0,0,0,0.0,0.91
2026/04/16 08:55:00,08525,百应控股,BAIYING HOLDING,,0.85,0.0,0.0,0.85,0.0,0.0,0.0,0,0,0.0,0.0
2026/04/16 09:04:37,08526,荣丰集团亚洲,WING FUNG GROUP,,0.119,0.0,0.0,0.119,0.0,0.0,0.0,0,0,0.103,0.0
2026/04/16 08:55:00,08527,聚利宝控股,JLOGO HLDGS,,0.171,0.0,0.0,0.171,0.0,0.0,0.0,0,0,0.0,0.0
2026/04/16 09:06:00,08529,优博控股,UBOT HOLDING,,0.199,0.0,0.0,0.199,0.0,0.0,0.0,0,0,0.195,0.209
2026/04/16 09:06:22,08532,宝发控股,POLYFAIR HLDGS,,0.061,0.0,0.0,0.061,0.0,0.0,0.0,0,0,0.059,0.061
2026/04/16 09:08:58,08535,荧德控股,VISTAR HOLDINGS,,0.159,0.0,0.0,0.159,0.0,0.0,0.0,0,0,0.155,0.173
2026/04/16 09:00:02,08536,TL NATURAL GAS,TL NATURAL GAS,,0.28,0.0,0.0,0.28,0.0,0.0,0.0,0,0,0.0,0.295
2026/04/16 09:00:55,08537,创辉珠宝,CHONG FAI JEWEL,,0.187,0.0,0.0,0.187,0.0,0.0,0.0,0,0,0.18,0.195
2026/04/16 09:00:55,08540,胜利证券,VICTORY SEC,,4.58,0.0,0.0,4.58,0.0,0.0,0.0,0,0,4.52,4.64
2026/04/16 09:00:18,08545,佰悦集团,AMUSE GROUP,,0.038,0.0,0.0,0.038,0.0,0.0,0.0,0,0,0.037,0.039
2026/04/16 09:05:03,08547,PACIFIC LEGEND,PACIFIC LEGEND,,0.1,0.0,0.0,0.1,0.0,0.0,0.0,0,0,0.097,0.103
2026/04/16 09:04:57,08549,金叶国际集团,GOLDEN LEAF INT,,0.227,0.0,0.0,0.227,0.0,0.0,0.0,0,0,0.223,0.238
2026/04/16 08:55:00,08551,基地锦标（二万）,BASETROPHY-20K,,1.93,0.0,0.0,1.93,0.0,0.0,0.0,0,0,0.0,0.0
2026/04/16 09:04:12,08600,汇隆控股,WLS HOLDINGS,,0.4,0.0,0.0,0.4,0.0,0.0,0.0,0,0,0.0,0.34
2026/04/16 09:04:23,08601,宝燵控股,BOLTEK,,0.223,0.0,0.0,0.223,0.0,0.0,0.0,0,0,0.222,0.224
2026/04/16 09:04:27,08603,亮晴控股,FAMEGLOW,,6.0,0.0,0.0,6.0,0.0,0.0,0.0,0,0,5.85,0.0
2026/04/16 09:04:48,08606,倢冠控股,KINETIX SYSTEMS,,0.066,0.0,0.0,0.066,0.0,0.0,0.0,0,0,0.062,0.075
2026/04/16 09:00:05,08610,BBSB INTL,BBSB INTL,,0.55,0.0,0.0,0.55,0.0,0.0,0.0,0,0,0.53,0.55
2026/04/16 09:04:56,08611,九福来,MINDTELL TECH,,0.87,0.0,0.0,0.87,0.0,0.0,0.0,0,0,0.84,0.93
2026/04/16 09:05:46,08612,维亮控股,WORLD SUPER,,0.118,0.0,0.0,0.118,0.0,0.0,0.0,0,0,0.118,0.129
2026/04/16 09:04:29,08613,东方支付集团控股,ORIENTAL PAY,,0.03,0.0,0.0,0.03,0.0,0.0,0.0,0,0,0.029,0.032
2026/04/16 09:04:56,08616,新威工程集团,SUNRAY ENG GP,,0.061,0.0,0.0,0.061,0.0,0.0,0.0,0,0,0.062,0.07
2026/04/16 09:01:42,08619,NIU HOLDINGS,NIU HOLDINGS,,0.247,0.0,0.0,0.247,0.0,0.0,0.0,0,0,0.248,0.27
2026/04/16 09:04:12,08620,亚洲速运,AE LOGISTICS,,0.143,0.0,0.0,0.143,0.0,0.0,0.0,0,0,0.138,0.155
2026/04/16 09:04:12,08621,METROPOLIS CAP,METROPOLIS CAP,,0.031,0.0,0.0,0.031,0.0,0.0,0.0,0,0,0.031,0.035
2026/04/16 09:00:26,08622,愉悦集团,JOYZYME GROUP,,0.33,0.0,0.0,0.33,0.0,0.0,0.0,0,0,0.315,0.35
2026/04/16 09:03:34,08623,中国蜀塔,CHINA SAFTOWER,,0.134,0.0,0.0,0.134,0.0,0.0,0.0,0,0,0.125,0.141
2026/04/16 09:04:28,08627,旅橙文化,ORANGE TOUR,,0.075,0.0,0.0,0.075,0.0,0.0,0.0,0,0,0.079,0.079
2026/04/16 09:00:08,08629,集信国控,SYNTRUST GK,,8.69,0.0,0.0,8.69,0.0,0.0,0.0,0,0,8.3,0.0
2026/04/16 09:04:14,08631,申港控股,SUN KONG HLDGS,,0.56,0.0,0.0,0.56,0.0,0.0,0.0,0,0,0.54,0.0
2026/04/16 09:00:25,08635,大象控股集团,ELEPHANT HLDGS,,0.36,0.0,0.0,0.36,0.0,0.0,0.0,0,0,0.36,0.38
2026/04/16 09:00:06,08637,元续科技,METASURFACE,,3.25,0.0,0.0,3.25,0.0,0.0,0.0,0,0,3.25,3.35
2026/04/16 09:04:27,08645,比特元宇宙,BYTE META,,0.42,0.0,0.0,0.42,0.0,0.0,0.0,0,0,0.38,0.42
2026/04/16 09:05:04,08646,中国宏光,CHINA HONGGUANG,,0.227,0.0,0.0,0.227,0.0,0.0,0.0,0,0,0.213,0.227
2026/04/16 09:02:30,08657,TRUE PARTNER,TRUE PARTNER,,0.345,0.0,0.0,0.345,0.0,0.0,0.0,0,0,0.31,0.0
2026/04/16 09:05:12,08659,易和国际控股,YIK WO INTL,,0.142,0.0,0.0,0.142,0.0,0.0,0.0,0,0,0.135,0.142
2026/04/16 09:01:26,08668,瀛海集团,YING HAI GROUP,,0.095,0.0,0.0,0.095,0.0,0.0,0.0,0,0,0.091,0.0
2026/04/16 09:00:04,09600,新纽科技,NEWLINK TECH,,0.19,0.0,0.0,0.19,0.0,0.0,0.0,0,0,0.186,0.19
2026/04/16 09:07:02,09606,映恩生物－Ｂ,DUALITYBIO-B,,317.8,0.0,0.0,317.8,0.0,0.0,0.0,0,0,312.79999,317.0
2026/04/16 09:02:56,09608,宋都服务,SUNDY SERVICE,,0.05,0.0,0.0,0.05,0.0,0.0,0.0,0,0,0.049,0.053
2026/04/16 09:03:46,09609,海伟股份,HAIWEI ELEC,,7.25,0.0,0.0,7.25,0.0,0.0,0.0,0,0,7.14,7.28
2026/04/16 09:06:34,09611,龙旗科技,LONGCHEER,,24.52,0.0,0.0,24.52,0.0,0.0,0.0,0,0,24.6,24.6
2026/04/16 09:00:22,09616,东软睿新集团,NEUTECH GROUP,,2.34,0.0,0.0,2.34,0.0,0.0,0.0,0,0,2.33,2.48
2026/04/16 09:02:32,09618,京东集团－ＳＷ,JD-SW,,120.7,0.0,0.0,120.7,0.0,0.0,0.0,0,0,124.0,124.0
2026/04/16 09:10:00,09626,哔哩哔哩－Ｗ,BILIBILI-W,,193.7,0.0,0.0,193.7,0.0,0.0,0.0,0,0,194.10001,194.10001
2026/04/16 09:10:48,09633,农夫山泉,NONGFU SPRING,,47.08,0.0,0.0,47.08,0.0,0.0,0.0,0,0,47.08,47.08
2026/04/16 09:09:08,09636,九方智投控股,JF SMARTINVEST,,29.24,0.0,0.0,29.24,0.0,0.0,0.0,0,0,29.28,30.8
2026/04/16 09:00:00,09638,法拉帝,FERRETTI,,39.8,0.0,0.0,39.8,0.0,0.0,0.0,0,0,0.0,39.8
2026/04/16 09:04:09,09639,荣利营造,WING LEE DEV,,1.12,0.0,0.0,1.12,0.0,0.0,0.0,0,0,1.07,1.15
2026/04/16 09:10:32,09658,特海国际,SUPER HI,,11.31,0.0,0.0,11.31,0.0,0.0,0.0,0,0,11.2,11.49
2026/04/16 09:01:23,09660,地平线机器人－Ｗ,HORIZONROBOT-W,,7.17,0.0,0.0,7.17,0.0,0.0,0.0,2828100,20242125,7.38,7.38
2026/04/16 09:03:15,09663,国鸿氢能,SINOSYNERGY,,4.19,0.0,0.0,4.19,0.0,0.0,0.0,0,0,3.9,4.28
2026/04/16 08:59:58,09668,渤海银行,CBHB,,0.83,0.0,0.0,0.83,0.0,0.0,0.0,0,0,0.83,0.84
2026/04/16 09:00:26,09669,北森控股,BEISEN HOLDING,,4.06,0.0,0.0,4.06,0.0,0.0,0.0,0,0,3.91,4.31
2026/04/16 09:02:55,09676,十月稻田,SHIYUE DAOTIAN,,6.41,0.0,0.0,6.41,0.0,0.0,0.0,0,0,6.41,6.56
2026/04/16 09:00:55,09677,威海银行,WEIHAI BANK,,2.66,0.0,0.0,2.66,0.0,0.0,0.0,0,0,2.36,2.78
2026/04/16 09:07:22,09678,云知声,UNISOUND,,332.2,0.0,0.0,332.2,0.0,0.0,0.0,0,0,338.0,338.0
2026/04/16 09:04:11,09680,如祺出行,CHENQI TECH,,8.51,0.0,0.0,8.51,0.0,0.0,0.0,0,0,7.66,9.09
2026/04/16 09:00:04,09686,熙康云医院,XIKANG CLOUD,,0.89,0.0,0.0,0.89,0.0,0.0,0.0,0,0,0.85,0.9
2026/04/16 09:10:28,09688,再鼎医药,ZAI LAB,,17.43,0.0,0.0,17.43,0.0,0.0,0.0,0,0,17.6,17.6
2026/04/16 09:05:28,09689,金泰丰国际控股,JTF INTL,,0.8,0.0,0.0,0.8,0.0,0.0,0.0,0,0,0.8,0.83
2026/04/16 09:06:50,09690,途虎－Ｗ,TUHU-W,,13.52,0.0,0.0,13.52,0.0,0.0,0.0,0,0,13.22,15.53
2026/04/16 09:08:06,09696,天齐锂业,TIANQI LITHIUM,,53.85,0.0,0.0,53.85,0.0,0.0,0.0,0,0,55.1,55.1
2026/04/16 09:04:38,09698,万国数据－ＳＷ,GDS-SW,,42.0,0.0,0.0,42.0,0.0,0.0,0.0,0,0,42.0,42.0
2026/04/16 09:03:01,09699,顺丰同城,SF INTRA-CITY,,11.3,0.0,0.0,11.3,0.0,0.0,0.0,0,0,11.3,11.3
2026/04/16 09:04:27,09857,柠萌影视,LINMON MEDIA,,2.98,0.0,0.0,2.98,0.0,0.0,0.0,0,0,2.7,3.0
2026/04/16 09:04:12,09858,优然牧业,YOURAN DAIRY,,4.36,0.0,0.0,4.36,0.0,0.0,0.0,0,0,4.32,4.32
2026/04/16 09:04:24,09860,艾迪康控股,ADICON HOLDINGS,,4.0,0.0,0.0,4.0,0.0,0.0,0.0,0,0,3.72,4.16
2026/04/16 09:01:17,09863,零跑汽车,LEAPMOTOR,,54.4,0.0,0.0,54.4,0.0,0.0,0.0,0,0,56.0,56.0
2026/04/16 09:10:50,09866,蔚来－ＳＷ,NIO-SW,,51.55,0.0,0.0,51.55,0.0,0.0,0.0,0,0,52.0,52.0
2026/04/16 09:11:08,09868,小鹏集团－Ｗ,XPENG-W,,67.65,0.0,0.0,67.65,0.0,0.0,0.0,0,0,68.5,68.5
2026/04/16 09:03:58,09869,海伦司,HELENS,,1.03,0.0,0.0,1.03,0.0,0.0,0.0,0,0,1.03,1.08
2026/04/16 09:08:50,09876,大洋环球控股,OCEAN ONE HLDG,,2.68,0.0,0.0,2.68,0.0,0.0,0.0,0,0,2.5,3.08
2026/04/16 09:08:38,09877,健世科技－Ｂ,JENSCARE-B,,9.75,0.0,0.0,9.75,0.0,0.0,0.0,0,0,9.75,9.98
2026/04/16 09:03:28,09878,汇通达网络,HUITONGDA NET,,6.48,0.0,0.0,6.48,0.0,0.0,0.0,0,0,6.41,0.0
2026/04/16 09:03:08,09879,米高集团,MIGAO GROUP,,8.11,0.0,0.0,8.11,0.0,0.0,0.0,0,0,8.01,8.15
2026/04/16 09:10:48,09880,优必选,UBTECH ROBOTICS,,109.5,0.0,0.0,109.5,0.0,0.0,0.0,0,0,109.5,109.5
2026/04/16 08:55:00,09881,容大科技,RONGTA TECH,,17.7,0.0,0.0,17.7,0.0,0.0,0.0,0,0,0.0,0.0
2026/04/16 09:00:18,09882,永联丰控股,BEST LINKING,,1.0,0.0,0.0,1.0,0.0,0.0,0.0,0,0,0.0,1.0
2026/04/16 09:01:40,09885,药师帮,YSB,,5.1,0.0,0.0,5.1,0.0,0.0,0.0,0,0,5.05,5.21
2026/04/16 09:01:01,09886,叮当健康,DINGDANG HEALTH,,1.04,0.0,0.0,1.04,0.0,0.0,0.0,0,0,1.03,1.07
2026/04/16 09:07:24,09887,维立志博－Ｂ,LEADS BIOLABS-B,,93.95,0.0,0.0,93.95,0.0,0.0,0.0,0,0,95.0,95.0
2026/04/16 09:10:04,09888,百度集团－ＳＷ,BIDU-SW,,114.5,0.0,0.0,114.5,0.0,0.0,0.0,0,0,119.5,119.5
2026/04/16 09:00:06,09889,东莞农商银行,DRCB,,3.35,0.0,0.0,3.35,0.0,0.0,0.0,0,0,3.34,3.4
2026/04/16 09:07:24,09890,贪玩,TANWAN,,14.69,0.0,0.0,14.69,0.0,0.0,0.0,0,0,14.99,14.99
2026/04/16 09:05:56,09893,比优集团,PIZU GROUP,,1.57,0.0,0.0,1.57,0.0,0.0,0.0,0,0,1.57,1.64
2026/04/16 09:05:00,09896,名创优品,MNSO,,31.0,0.0,0.0,31.0,0.0,0.0,0.0,76800,2380800,31.2,31.2
2026/04/16 09:04:14,09898,微博－ＳＷ,WB-SW,,66.12,0.0,0.0,66.12,0.0,0.0,0.0,0,0,67.7,67.7
2026/04/16 09:05:00,09899,网易云音乐,NETEASE MUSIC,,125.0,0.0,0.0,125.0,0.0,0.0,0.0,0,0,125.0,127.0
2026/04/16 09:00:14,09900,智云科技建设,ZCLOUD TECH CON,,4.53,0.0,0.0,4.53,0.0,0.0,0.0,0,0,4.45,4.58
2026/04/16 09:10:50,09901,新东方－Ｓ,NEW ORIENTAL-S,,42.12,0.0,0.0,42.12,0.0,0.0,0.0,90,3754,44.7,44.7
2026/04/16 09:00:06,09903,天数智芯,ILUVATAR COREX,,371.0,0.0,0.0,371.0,0.0,0.0,0.0,0,0,371.0,371.0
2026/04/16 08:55:00,09906,宏力医疗管理,HONLIV HEALTH,,1.56,0.0,0.0,1.56,0.0,0.0,0.0,0,0,0.0,0.0
2026/04/16 09:09:06,09908,嘉兴燃气,JIAXING GAS,,8.29,0.0,0.0,8.29,0.0,0.0,0.0,0,0,0.0,8.48
2026/04/16 09:00:05,09909,宝龙商业,POWERLONG CM,,2.45,0.0,0.0,2.45,0.0,0.0,0.0,0,0,2.41,2.47
2026/04/16 09:07:30,09911,赤子城科技,NEWBORNTOWN,,9.47,0.0,0.0,9.47,0.0,0.0,0.0,0,0,9.75,9.75
2026/04/16 09:00:26,09913,智勤控股,CHI KAN HLDGS,,2.31,0.0,0.0,2.31,0.0,0.0,0.0,0,0,2.31,2.34
2026/04/16 09:04:16,09916,兴业物联,XINGYE WULIAN,,0.335,0.0,0.0,0.335,0.0,0.0,0.0,0,0,0.325,0.335
2026/04/16 09:00:12,09918,丽年国际,WISE ALLY INTL,,0.92,0.0,0.0,0.92,0.0,0.0,0.0,0,0,0.96,0.96
2026/04/16 09:00:02,09919,艾德韦宣集团,ACTIVATION GP,,0.9,0.0,0.0,0.9,0.0,0.0,0.0,0,0,0.88,0.9
2026/04/16 09:10:08,09922,九毛九,JIUMAOJIU,,1.95,0.0,0.0,1.95,0.0,0.0,0.0,0,0,1.94,1.97
2026/04/16 09:11:00,09923,移卡,YEAHKA,,6.57,0.0,0.0,6.57,0.0,0.0,0.0,0,0,6.53,6.6
2026/04/16 09:00:10,09926,康方生物,AKESO,,147.4,0.0,0.0,147.4,0.0,0.0,0.0,0,0,147.39999,147.39999
2026/04/16 09:10:46,09927,赛力斯,SERES,,79.1,0.0,0.0,79.1,0.0,0.0,0.0,0,0,79.95,79.95
2026/04/16 09:00:00,09928,时代邻里,TIMES NEIGHBOR,,0.58,0.0,0.0,0.58,0.0,0.0,0.0,0,0,0.57,0.58
2026/04/16 09:04:38,09929,澳达控股,SEM HLDGS,,0.9,0.0,0.0,0.9,0.0,0.0,0.0,0,0,0.84,0.9
2026/04/16 09:00:02,09930,宏信建发,HORIZON CD,,0.9,0.0,0.0,0.9,0.0,0.0,0.0,0,0,0.86,0.9
2026/04/16 09:04:52,09933,GHW INTL,GHW INTL,,1.67,0.0,0.0,1.67,0.0,0.0,0.0,0,0,1.61,1.67
2026/04/16 08:55:00,09936,稀美资源,XIMEI RESOURCES,,14.99,0.0,0.0,14.99,0.0,0.0,0.0,0,0,0.0,0.0
2026/04/16 09:04:20,09938,华和控股,WAH WO HOLDINGS,,0.145,0.0,0.0,0.145,0.0,0.0,0.0,0,0,0.14,0.155
2026/04/16 09:04:36,09939,开拓药业－Ｂ,KINTOR PHARMA-B,,2.95,0.0,0.0,2.95,0.0,0.0,0.0,0,0,2.95,2.96
2026/04/16 09:04:24,09955,智云健康,CLOUDR,,0.7,0.0,0.0,0.7,0.0,0.0,0.0,0,0,0.69,0.72
2026/04/16 09:03:24,09958,力天影业,LITIAN PICTURES,,0.174,0.0,0.0,0.174,0.0,0.0,0.0,0,0,0.171,0.175
2026/04/16 09:04:44,09959,联易融科技－Ｗ,LINKLOGIS-W,,2.22,0.0,0.0,2.22,0.0,0.0,0.0,0,0,2.22,2.23
2026/04/16 09:04:45,09960,康圣环球,KINDSTAR GLOBAL,,1.13,0.0,0.0,1.13,0.0,0.0,0.0,0,0,1.12,1.13
2026/04/16 09:11:04,09961,携程集团－Ｓ,TRIP.COM-S,,410.4,0.0,0.0,410.4,0.0,0.0,0.0,0,0,411.79999,411.79999
2026/04/16 09:08:20,09963,高科桥,TRANSTECH,,4.15,0.0,0.0,4.15,0.0,0.0,0.0,0,0,4.4,4.4
2026/04/16 09:09:14,09966,康宁杰瑞制药－Ｂ,ALPHAMAB-B,,11.23,0.0,0.0,11.23,0.0,0.0,0.0,0,0,11.23,11.56
2026/04/16 09:10:45,09968,汇景控股,HUIJING HLDGS,,0.031,0.0,0.0,0.031,0.0,0.0,0.0,0,0,0.029,0.031
2026/04/16 09:00:02,09969,诺诚健华,INNOCARE,,15.56,0.0,0.0,15.56,0.0,0.0,0.0,0,0,15.6,15.6
2026/04/16 09:06:20,09973,奇瑞汽车,CHERY AUTO,,31.2,0.0,0.0,31.2,0.0,0.0,0.0,0,0,31.8,31.8
2026/04/16 09:04:24,09978,方圆生活服务,FINELAND LIVING,,0.063,0.0,0.0,0.063,0.0,0.0,0.0,0,0,0.06,0.067
2026/04/16 09:09:40,09979,绿城管理控股,GREENTOWN MGMT,,2.34,0.0,0.0,2.34,0.0,0.0,0.0,0,0,2.33,2.34
2026/04/16 09:09:10,09980,东鹏饮料,EASTROC,,206.0,0.0,0.0,206.0,0.0,0.0,0.0,0,0,206.0,206.0
2026/04/16 09:04:42,09981,沃尔核材,WOER,,19.26,0.0,0.0,19.26,0.0,0.0,0.0,0,0,19.6,19.6
2026/04/16 09:00:06,09982,中原建业,CENTRALCHINA MT,,0.057,0.0,0.0,0.057,0.0,0.0,0.0,0,0,0.056,0.059
2026/04/16 09:00:10,09983,建业新生活,CC NEW LIFE,,0.365,0.0,0.0,0.365,0.0,0.0,0.0,0,0,0.35,0.37
2026/04/16 09:00:02,09985,卫龙美味,WL DELICIOUS,,9.32,0.0,0.0,9.32,0.0,0.0,0.0,0,0,9.21,9.49
2026/04/16 08:55:00,09986,大山教育,DASHAN EDU,,1.88,0.0,0.0,1.88,0.0,0.0,0.0,0,0,0.0,0.0
2026/04/16 09:10:50,09987,百胜中国,YUM CHINA,,384.4,0.0,0.0,384.4,0.0,0.0,0.0,0,0,415.0,415.0
2026/04/16 09:06:42,09988,阿里巴巴－Ｗ,BABA-W,,128.6,0.0,0.0,128.6,0.0,0.0,0.0,9700,1255111,134.0,134.0
2026/04/16 09:08:18,09989,海普瑞,HEPALINK,,5.01,0.0,0.0,5.01,0.0,0.0,0.0,0,0,4.93,5.06
2026/04/16 09:00:32,09990,祖龙娱乐,ARCHOSAUR GAMES,,1.52,0.0,0.0,1.52,0.0,0.0,0.0,0,0,1.48,1.6
2026/04/16 09:00:06,09991,宝尊电商－Ｗ,BAOZUN-W,,6.74,0.0,0.0,6.74,0.0,0.0,0.0,0,0,7.75,0.0
2026/04/16 09:09:58,09992,泡泡玛特,POP MART,,163.3,0.0,0.0,163.3,0.0,0.0,0.0,186200,30406460,166.2,166.2
2026/04/16 09:10:30,09993,金辉控股,RADIANCE HLDGS,,1.3,0.0,0.0,1.3,0.0,0.0,0.0,0,0,1.29,1.31
2026/04/16 09:05:54,09995,荣昌生物,REMEGEN,,118.3,0.0,0.0,118.3,0.0,0.0,0.0,0,0,121.0,121.0
2026/04/16 09:04:27,09996,沛嘉医疗－Ｂ,PEIJIA-B,,7.06,0.0,0.0,7.06,0.0,0.0,0.0,0,0,6.66,7.1
2026/04/16 09:03:28,09998,光荣控股,KWAN YONG,,0.47,0.0,0.0,0.47,0.0,0.0,0.0,0,0,0.455,0.475
2026/04/16 09:10:00,09999,网易－Ｓ,NTES-S,,177.7,0.0,0.0,177.7,0.0,0.0,0.0,0,0,185.5,185.5
2026/04/16 09:00:02,80016,新鸿基地产－Ｒ,SHK PPT-R,,119.4,0.0,0.0,119.4,0.0,0.0,0.0,0,0,0.0,125.0
2026/04/16 09:06:45,80020,商汤－ＷＲ,SENSETIME-WR,,1.79,0.0,0.0,1.79,0.0,0.0,0.0,0,0,1.62,1.99
2026/04/16 08:55:00,80175,吉利汽车－Ｒ,GEELY AUTO-R,,20.9,0.0,0.0,20.9,0.0,0.0,0.0,0,0,0.0,0.0
2026/04/16 09:00:20,80291,华润啤酒－Ｒ,CHINARES BEER-R,,22.86,0.0,0.0,22.86,0.0,0.0,0.0,0,0,20.6,0.0
2026/04/16 09:00:22,80388,香港交易所－Ｒ,HKEX-R,,359.0,0.0,0.0,359.0,0.0,0.0,0.0,0,0,330.0,363.0
2026/04/16 09:00:20,80700,腾讯控股－Ｒ,TENCENT-R,,434.6,0.0,0.0,434.6,0.0,0.0,0.0,0,0,434.60001,450.0
2026/04/16 09:00:48,80737,湾区发展－Ｒ,BAY AREA DEV-R,,1.66,0.0,0.0,1.66,0.0,0.0,0.0,0,0,1.65,0.0
2026/04/16 09:00:20,80883,中国海洋石油－Ｒ,CNOOC-R,,22.86,0.0,0.0,22.86,0.0,0.0,0.0,0,0,22.84,24.2
2026/04/16 09:00:25,80941,中国移动－Ｒ,CHINA MOBILE-R,,70.85,0.0,0.0,70.85,0.0,0.0,0.0,0,0,70.85,71.0
2026/04/16 09:05:58,80992,联想集团－Ｒ,LENOVO GROUP-R,,9.2,0.0,0.0,9.2,0.0,0.0,0.0,0,0,0.0,9.42
2026/04/16 09:00:04,81024,快手－ＷＲ,KUAISHOU-WR,,39.72,0.0,0.0,39.72,0.0,0.0,0.0,0,0,37.38,0.0
2026/04/16 09:00:34,81211,比亚迪股份－Ｒ,BYD COMPANY-R,,93.4,0.0,0.0,93.4,0.0,0.0,0.0,0,0,93.35,101.9
2026/04/16 09:00:36,81299,友邦保险－Ｒ,AIA-R,,73.3,0.0,0.0,73.3,0.0,0.0,0.0,0,0,0.0,81.6
2026/04/16 09:01:10,81810,小米集团－ＷＲ,XIAOMI-WR,,26.9,0.0,0.0,26.9,0.0,0.0,0.0,0,0,26.94,27.86
2026/04/16 08:55:00,82020,安踏体育－Ｒ,ANTA SPORTS-R,,72.9,0.0,0.0,72.9,0.0,0.0,0.0,0,0,0.0,0.0
2026/04/16 09:00:10,82318,中国平安－Ｒ,PING AN-R,,54.5,0.0,0.0,54.5,0.0,0.0,0.0,0,0,52.8,55.5
2026/04/16 08:55:00,82331,李宁－Ｒ,LI NING-R,,18.28,0.0,0.0,18.28,0.0,0.0,0.0,0,0,0.0,0.0
2026/04/16 08:55:00,82333,长城汽车－Ｒ,GWMOTOR-R,,11.55,0.0,0.0,11.55,0.0,0.0,0.0,0,0,0.0,0.0
2026/04/16 09:00:48,82388,中银香港－Ｒ,BOC HONG KONG-R,,38.48,0.0,0.0,38.48,0.0,0.0,0.0,0,0,36.4,39.3
2026/04/16 09:00:38,83690,美团－ＷＲ,MEITUAN-WR,,75.15,0.0,0.0,75.15,0.0,0.0,0.0,0,0,73.0,78.0
2026/04/16 08:55:00,86618,京东健康－Ｒ,JD HEALTH-R,,42.7,0.0,0.0,42.7,0.0,0.0,0.0,0,0,0.0,0.0
2026/04/16 09:00:38,89618,京东集团－ＳＷＲ,JD-SWR,,105.0,0.0,0.0,105.0,0.0,0.0,0.0,0,0,95.0,109.0
2026/04/16 09:04:58,89888,百度集团－ＳＷＲ,BIDU-SWR,,99.65,0.0,0.0,99.65,0.0,0.0,0.0,0,0,91.65,100.0
2026/04/16 09:03:13,89988,阿里巴巴－ＷＲ,BABA-WR,,112.0,0.0,0.0,112.0,0.0,0.0,0.0,0,0,113.5,113.5
