日期时间,代码,中文名称,英文名称,交易类型,最新价,涨跌额,涨跌幅,昨收,今开,最高,最低,成交量,成交额,买一,卖一
2026/04/16 15:08:42,00001,长和,CKH HOLDINGS,,64.0,0.05,0.07819,63.95,64.35,65.0,63.85,4428757,284460869,64.0,64.05
2026/04/16 15:07:45,00002,中电控股,CLP HOLDINGS,,74.4,0.0,0.0,74.4,74.6,75.1,74.05,2622930,194961010,74.35,74.4
2026/04/16 15:08:42,00003,香港中华煤气,HK & CHINA GAS,,7.26,-0.01,-0.13755,7.27,7.27,7.32,7.24,11371979,82712212,7.26,7.27
2026/04/16 15:07:53,00004,九龙仓集团,WHARF HOLDINGS,,21.96,0.18,0.82645,21.78,21.66,21.96,21.44,1779691,38839502,21.94,21.96
2026/04/16 15:08:46,00005,汇丰控股,HSBC HOLDINGS,,142.2,0.8,0.56577,141.4,141.3,142.3,141.0,6865618,974244621,142.2,142.3
2026/04/16 15:08:42,00006,电能实业,POWER ASSETS,,63.4,-0.3,-0.47096,63.7,63.7,64.15,63.3,1204726,76480920,63.4,63.45
2026/04/16 08:55:00,00007,智富资源投资,WISDOM WEALTH,,0.032,0.0,0.0,0.032,0.0,0.0,0.0,0,0,0.0,0.0
2026/04/16 15:06:56,00008,电讯盈科,PCCW,,6.03,0.04,0.66778,5.99,5.97,6.04,5.97,2358508,14183007,6.02,6.03
2026/04/16 15:08:41,00010,恒隆集团,HANG LUNG GROUP,,16.52,-0.49,-2.88066,17.01,16.9,16.9,16.43,481000,7991445,16.51,16.53
2026/04/16 15:07:56,00012,恒基地产,HENDERSON LAND,,30.28,-0.36,-1.17494,30.64,30.58,30.78,30.1,4035876,122251444,30.26,30.28
2026/04/16 15:08:46,00013,和黄医药,HUTCHMED,,24.44,0.14,0.57613,24.3,24.08,24.48,23.88,2872493,69416406,24.4,24.46
2026/04/16 15:07:10,00014,希慎兴业,HYSAN DEV,,19.06,-0.26,-1.34576,19.32,19.32,19.33,18.95,1366627,26036948,19.06,19.08
2026/04/16 15:08:40,00016,新鸿基地产,SHK PPT,,138.0,0.5,0.36364,137.5,136.9,138.5,136.0,3299593,452865259,138.0,138.10001
2026/04/16 15:07:34,00017,新世界发展,NEW WORLD DEV,,8.84,0.06,0.68337,8.78,8.81,8.91,8.74,1811149,15993056,8.84,8.85
2026/04/16 14:27:37,00018,东方传媒集团,ORIENTAL M G,,0.28,-0.01,-3.44828,0.29,0.29,0.29,0.28,18000,5140,0.28,0.295
2026/04/16 15:08:17,00019,太古股份公司Ａ,SWIRE PACIFIC A,,85.65,-0.1,-0.11662,85.75,85.75,87.75,85.0,679701,58372765,85.75,86.15
2026/04/16 15:08:45,00020,商汤－Ｗ,SENSETIME-W,,2.08,0.03,1.46342,2.05,2.06,2.1,2.05,231143596,479903561,2.08,2.09
2026/04/16 14:58:17,00021,大中华控股,GREAT CHI HLDGS,,0.075,0.0,0.0,0.075,0.0,0.0,0.0,0,0,0.071,0.08
2026/04/16 15:04:44,00022,茂盛控股,MEXAN,,0.275,0.0,0.0,0.275,0.28,0.28,0.27,14700000,4047600,0.27,0.275
2026/04/16 15:08:32,00023,东亚银行,BANK OF E ASIA,,13.68,-0.12,-0.86957,13.8,13.63,13.73,13.61,520860,7114821,13.68,13.7
2026/04/16 13:22:36,00025,CHEVALIER INT'L,CHEVALIER INT'L,,4.05,0.0,0.0,4.05,0.0,0.0,0.0,0,0,4.05,4.3
2026/04/16 14:57:25,00026,中华汽车,CHINA MOTOR BUS,,57.5,0.45,0.78878,57.05,57.5,57.5,57.5,1000,57500,57.5,58.0
2026/04/16 15:07:05,00027,银河娱乐,GALAXY ENT,,35.08,0.52,1.50463,34.56,34.74,35.18,34.62,5608779,195914232,35.06,35.1
2026/04/16 14:03:37,00028,天安,TIAN AN,,4.45,0.04,0.90703,4.41,4.34,4.45,4.34,12000,53070,4.36,4.45
2026/04/16 14:30:00,00029,达力集团,DYNAMIC HOLD,,11.1,0.0,0.0,11.1,11.1,11.1,11.1,8120,90110,11.16,11.34
2026/04/16 14:50:42,00030,云白国际,YNBY INTL,,0.255,0.0,0.0,0.255,0.255,0.255,0.25,206000,52280,0.25,0.255
2026/04/16 14:57:39,00031,航天控股,CHINA AEROSPACE,,0.495,0.005,1.02041,0.49,0.49,0.495,0.48,4168000,2029080,0.49,0.495
2026/04/16 13:00:01,00032,港通控股,CROSS-HAR(HOLD),,8.5,0.03,0.35419,8.47,8.47,8.5,8.47,18200,154252,8.5,8.7
2026/04/16 08:55:00,00033,INTL GENIUS,INTL GENIUS,,0.4,0.0,0.0,0.4,0.0,0.0,0.0,0,0,0.0,0.0
2026/04/16 14:58:27,00034,九龙建业,KOWLOON DEV,,4.7,0.06,1.2931,4.64,4.64,4.7,4.64,193000,903870,4.68,4.7
2026/04/16 14:59:54,00035,远东发展,FE CONSORT INTL,,0.77,-0.01,-1.28205,0.78,0.78,0.78,0.77,192000,148410,0.76,0.77
2026/04/16 08:55:00,00036,远东控股国际,FE HLDGS INTL,,0.275,0.0,0.0,0.275,0.0,0.0,0.0,0,0,0.0,0.0
2026/04/16 14:51:02,00037,远东酒店实业,FE HOTELS,,0.53,0.0,0.0,0.53,0.53,0.53,0.53,46000,24380,0.52,0.54
2026/04/16 15:08:14,00038,第一拖拉机股份,FIRST TRACTOR,,8.18,-0.01,-0.1221,8.19,8.27,8.35,8.1,4114735,33609007,8.18,8.19
2026/04/16 08:55:00,00039,中国北大荒,CH BEIDAHUANG,,0.045,0.0,0.0,0.045,0.0,0.0,0.0,0,0,0.0,0.0
2026/04/16 14:59:14,00040,金山科技工业,GOLD PEAK,,0.69,0.0,0.0,0.69,0.69,0.69,0.67,146000,100720,0.67,0.69
2026/04/16 15:03:00,00041,鹰君,GREAT EAGLE H,,17.84,-0.04,-0.22371,17.88,17.64,17.84,17.64,130000,2308790,17.78,17.86
2026/04/16 15:08:44,00042,东北电气,NE ELECTRIC,,0.41,0.005,1.23457,0.405,0.41,0.42,0.4,1014000,418830,0.41,0.415
2026/04/16 15:01:58,00045,大酒店,HK&S HOTELS,,5.98,0.01,0.1675,5.97,5.98,6.01,5.97,59500,355855,5.97,5.98
2026/04/16 14:52:45,00046,科联系统,COMPUTER & TECH,,1.25,0.01,0.80645,1.24,1.25,1.25,1.21,56000,69000,1.24,1.25
2026/04/16 13:00:17,00048,中国汽车内饰,C AUTO INT DECO,,0.249,0.0,0.0,0.249,0.0,0.0,0.0,0,0,0.24,0.249
2026/04/16 14:34:53,00050,香港小轮（集团）,HK FERRY (HOLD),,5.12,0.01,0.1957,5.11,5.11,5.12,5.11,10000,51130,5.12,5.16
2026/04/16 14:37:06,00051,海港企业,HARBOUR CENTRE,,4.46,0.04,0.90498,4.42,4.45,4.46,4.45,21000,93550,4.46,4.5
2026/04/16 14:59:34,00052,大快活集团,FAIRWOOD HOLD,,4.0,-0.02,-0.49751,4.02,4.01,4.01,3.97,115000,458610,4.0,4.02
2026/04/16 15:02:21,00053,国浩集团,GUOCO GROUP,,68.7,-0.2,-0.29028,68.9,68.7,68.7,68.65,3000,206050,68.7,69.65
2026/04/16 14:21:17,00055,中星集团控股,NEWAY GROUP,,0.181,-0.008,-4.2328,0.189,0.195,0.195,0.13,920000,156890,0.176,0.181
2026/04/16 14:49:31,00057,震雄集团,CHEN HSONG HOLD,,1.62,0.02,1.25,1.6,1.61,1.62,1.61,110000,177980,1.61,1.62
2026/04/16 14:23:59,00058,新威国际,SUNWAY INT'L,,0.28,-0.03,-9.67742,0.31,0.295,0.295,0.28,100000,28300,0.285,0.305
2026/04/16 08:55:00,00059,天誉置业,SKYFAME REALTY,,0.01,0.0,0.0,0.01,0.0,0.0,0.0,0,0,0.0,0.0
2026/04/16 09:30:11,00060,香港食品投资,HK FOOD INV,,0.495,0.0,0.0,0.495,0.0,0.0,0.0,0,0,0.485,0.495
2026/04/16 13:56:25,00061,绿领控股,GREEN LEADER,,0.068,-0.001,-1.44928,0.069,0.068,0.068,0.068,300000,20400,0.068,0.07
2026/04/16 14:56:54,00062,载通,TRANSPORT INT'L,,10.92,0.0,0.0,10.92,10.93,10.93,10.82,38825,422758,10.9,10.92
2026/04/16 13:48:30,00063,中亚烯谷集团,CHI ASIA VALLEY,,0.048,0.001,2.12766,0.047,0.048,0.048,0.048,10000,480,0.044,0.048
2026/04/16 14:52:51,00064,结好控股,GET NICE,,3.08,-0.01,-0.32363,3.09,3.1,3.12,3.07,130150,402496,3.07,3.12
2026/04/16 09:40:53,00065,弘海高新资源,GRAND OCEAN AR,,0.3,0.0,0.0,0.3,0.0,0.0,0.0,0,0,0.29,0.31
2026/04/16 15:08:28,00066,港铁公司,MTR CORPORATION,,34.02,0.02,0.05882,34.0,33.82,34.5,33.72,4174356,142473404,34.0,34.02
2026/04/16 15:06:36,00069,香格里拉（亚洲）,SHANGRI-LA ASIA,,4.44,-0.05,-1.11359,4.49,4.49,4.49,4.43,492000,2193640,4.44,4.45
2026/04/16 09:45:12,00070,金粤控股,RICH GOLDMAN,,0.054,0.0,0.0,0.054,0.0,0.0,0.0,0,0,0.049,0.054
2026/04/16 15:00:28,00071,美丽华酒店,MIRAMAR HOTEL,,10.81,0.04,0.3714,10.77,10.8,10.88,10.8,13000,140590,10.8,10.83
2026/04/16 13:00:13,00072,超媒体控股,META MEDIA,,0.25,0.0,0.0,0.25,0.0,0.0,0.0,0,0,0.216,0.29
2026/04/16 13:22:29,00073,亚洲果业,ASIAN CITRUS,,1.8,0.0,0.0,1.8,0.0,0.0,0.0,0,0,1.87,2.01
2026/04/16 10:03:40,00075,渝太地产,Y.T. REALTY,,0.147,-0.003,-2.0,0.15,0.147,0.147,0.147,2000,294,0.147,0.147
2026/04/16 15:05:36,00076,谊砾控股,ELATE HOLDINGS,,0.162,-0.004,-2.40964,0.166,0.168,0.168,0.162,27911,4616,0.162,0.168
2026/04/16 09:04:28,00077,进智公共交通,AMS TRANSPORT,,0.43,0.0,0.0,0.43,0.0,0.0,0.0,0,0,0.42,0.43
2026/04/16 14:50:24,00078,REGAL INT'L,REGAL INT'L,,0.51,-0.02,-3.77359,0.53,0.51,0.52,0.51,69000,35210,0.51,0.52
2026/04/16 14:16:04,00079,世纪建业,CENTURY LEGEND,,0.085,0.002,2.40964,0.083,0.085,0.085,0.085,12000,1020,0.078,0.085
2026/04/16 14:55:37,00080,ＣＡＩ控股,CAI CORP,,0.4,0.0,0.0,0.4,0.4,0.405,0.395,850000,337750,0.395,0.405
2026/04/16 15:08:13,00081,中国海外宏洋集团,CH OVS G OCEANS,,2.71,0.03,1.1194,2.68,2.68,2.75,2.68,3991000,10855700,2.71,2.72
2026/04/16 14:56:18,00082,疯狂体育,CRAZY SPORTS,,0.084,0.0,0.0,0.084,0.083,0.084,0.082,517800,42515,0.082,0.084
2026/04/16 15:09:10,00083,信和置业,SINO LAND,,11.87,0.05,0.42301,11.82,11.93,11.93,11.74,1228515,14537757,11.87,11.88
2026/04/16 14:44:56,00084,宝光实业,STELUX HOLDINGS,,0.069,0.0,0.0,0.069,0.0,0.0,0.0,0,0,0.064,0.069
2026/04/16 15:04:52,00085,中电华大科技,CE HUADA TECH,,1.17,0.0,0.0,1.17,1.19,1.21,1.17,1346000,1600700,1.17,1.18
2026/04/16 15:06:31,00086,新鸿基公司,SUN HUNG KAI CO,,4.32,-0.01,-0.23095,4.33,4.28,4.32,4.27,359000,1541710,4.31,4.33
2026/04/16 15:08:49,00087,太古股份公司Ｂ,SWIRE PACIFIC B,,13.15,-0.15,-1.12782,13.3,13.3,13.32,13.12,321070,4234192,13.15,13.21
2026/04/16 14:33:48,00088,TAI CHEUNG HOLD,TAI CHEUNG HOLD,,4.0,-0.02,-0.49751,4.02,4.02,4.03,3.98,86000,344820,3.99,4.05
2026/04/16 11:55:21,00089,大生地产,TAI SANG LAND,,2.32,0.11,4.97738,2.21,2.27,2.32,2.27,66000,150750,2.23,2.3
2026/04/16 15:00:02,00090,普星能量,PUXING ENERGY,,1.13,-0.03,-2.58621,1.16,1.16,1.16,1.13,22000,25280,1.13,1.14
2026/04/16 14:50:49,00092,冠军科技集团,CHAMPION TECH,,0.189,0.0,0.0,0.189,0.189,0.189,0.189,52305,9804,0.177,0.189
2026/04/16 13:00:08,00093,零在科技金融,ZERO FINTECH,,0.4,0.0,0.0,0.4,0.0,0.0,0.0,0,0,0.38,0.415
2026/04/16 14:56:30,00094,绿心集团,GREENHEART GP,,0.076,0.0,0.0,0.076,0.076,0.076,0.076,240000,18240,0.073,0.076
2026/04/16 15:07:59,00095,绿景中国地产,LVGEM CHINA,,0.233,0.001,0.43103,0.232,0.233,0.237,0.232,1160000,270298,0.231,0.235
2026/04/16 09:02:37,00096,YUSEI,YUSEI,,0.58,0.0,0.0,0.58,0.0,0.0,0.0,0,0,0.53,0.59
2026/04/16 14:58:19,00097,恒基发展,HENDERSON INV,,0.177,-0.003,-1.66667,0.18,0.175,0.189,0.175,208000,37434,0.177,0.188
2026/04/16 14:54:39,00098,兴发铝业,XINGFA ALUM,,7.45,-0.02,-0.26774,7.47,7.49,7.5,7.37,68000,507160,7.41,7.46
2026/04/16 13:00:11,00099,王氏国际,WONG'S INT'L,,1.23,0.0,0.0,1.23,0.0,0.0,0.0,0,0,1.18,1.34
2026/04/16 15:09:11,00100,MINIMAX-W,MINIMAX-W,,900.0,52.5,6.19469,847.5,815.5,918.0,815.5,1387208,1222071655,900.0,900.5
2026/04/16 15:09:11,00101,恒隆地产,HANG LUNG PPT,,9.38,-0.04,-0.42463,9.42,9.42,9.44,9.33,4131892,38740269,9.37,9.38
2026/04/16 14:35:10,00103,首佳科技,SHOUGANG CENT,,2.64,0.04,1.53846,2.6,2.65,2.67,2.61,54000,142420,2.61,2.65
2026/04/16 13:59:58,00104,ASIA COMM HOLD,ASIA COMM HOLD,,0.218,0.0,0.0,0.218,0.218,0.218,0.218,202114,44043,0.215,0.222
2026/04/16 13:00:11,00105,凯联国际酒店,ASSO INT HOTELS,,5.15,0.0,0.0,5.15,0.0,0.0,0.0,0,0,5.05,5.64
2026/04/16 08:55:00,00106,朗诗绿色管理,LANDSEA MGMT,,0.019,0.0,0.0,0.019,0.0,0.0,0.0,0,0,0.0,0.0
2026/04/16 15:02:31,00107,四川成渝高速公路,SICHUAN EXPRESS,,5.78,-0.01,-0.17271,5.79,5.71,5.84,5.68,3338000,19341414,5.77,5.79
2026/04/16 15:09:07,00108,国锐生活,GR LIFE STYLE,,2.86,-0.12,-4.02685,2.98,2.89,3.04,2.84,2950000,8609980,2.85,2.88
2026/04/16 15:04:42,00110,中国长远,CHINA FORTUNE,,0.5,0.1,25.0,0.4,0.42,0.52,0.42,1955887,930149,0.485,0.51
2026/04/16 14:27:24,00111,信达国际控股,CINDA INTL HLDG,,0.77,0.03,4.05405,0.74,0.74,0.79,0.74,970000,743340,0.76,0.77
2026/04/16 15:00:05,00113,迪生创建,DICKSON CONCEPT,,6.25,0.05,0.80645,6.2,6.18,6.25,6.18,92500,573985,6.22,6.26
2026/04/16 14:57:10,00114,HERALD HOLD,HERALD HOLD,,0.58,0.0,0.0,0.58,0.0,0.0,0.0,0,0,0.57,0.61
2026/04/16 14:52:25,00115,钧濠集团,GRAND FIELD GP,,8.79,-0.01,-0.11364,8.8,8.79,8.79,8.79,2000,17580,0.0,8.78
2026/04/16 15:08:43,00116,周生生,CHOW SANG SANG,,13.21,-0.19,-1.41791,13.4,13.4,13.47,13.15,1034000,13727089,13.21,13.22
2026/04/16 13:52:07,00117,天利控股集团,TIANLI HOLDINGS,,0.395,0.0,0.0,0.395,0.0,0.0,0.0,0,0,0.38,0.405
2026/04/16 13:54:32,00118,大同机械,COSMOS MACH,,0.2,0.001,0.50251,0.199,0.199,0.21,0.196,1416000,279150,0.191,0.205
2026/04/16 15:09:07,00119,保利置业集团,POLY PROPERTY,,1.96,0.0,0.0,1.96,1.97,1.98,1.94,7692000,15055740,1.95,1.96
2026/04/16 14:26:32,00120,COSMOPOL INT'L,COSMOPOL INT'L,,0.078,0.0,0.0,0.078,0.083,0.083,0.077,111600,8724,0.077,0.078
2026/04/16 11:02:55,00122,鳄鱼恤,CROCODILE,,1.44,0.0,0.0,1.44,0.0,0.0,0.0,0,0,1.4,1.46
2026/04/16 15:06:21,00123,越秀地产,YUEXIU PROPERTY,,3.74,0.01,0.2681,3.73,3.71,3.77,3.7,4719523,17662758,3.74,3.75
2026/04/16 14:57:03,00124,粤海置地,GD LAND,,0.216,0.001,0.46512,0.215,0.213,0.224,0.212,341512,73722,0.216,0.218
2026/04/16 10:07:17,00125,新兴光学,SUN HING VISION,,0.315,0.0,0.0,0.315,0.0,0.0,0.0,0,0,0.315,0.33
2026/04/16 13:00:13,00126,佳宁娜,CARRIANNA,,0.114,0.0,0.0,0.114,0.0,0.0,0.0,0,0,0.114,0.122
2026/04/16 14:55:07,00127,华人置业,CHINESE EST H,,1.23,0.01,0.81967,1.22,1.2,1.23,1.2,70829,86493,1.21,1.23
2026/04/16 15:08:46,00128,安宁控股,ENM HOLDINGS,,0.405,-0.005,-1.21951,0.41,0.41,0.41,0.405,240000,97780,0.4,0.405
2026/04/16 11:59:14,00129,泛海集团,ASIA STANDARD,,0.198,0.0,0.0,0.198,0.191,0.2,0.19,699123,139616,0.198,0.203
2026/04/16 11:56:13,00130,慕诗国际,MOISELLE INT'L,,0.18,0.0,0.0,0.18,0.0,0.0,0.0,0,0,0.165,0.18
2026/04/16 10:56:53,00131,卓能（集团）,CHEUK NANG HOLD,,1.26,0.0,0.0,1.26,1.26,1.26,1.26,66000,83160,1.26,1.29
2026/04/16 13:42:35,00132,兴业控股,HING YIP HLDGS,,0.198,0.0,0.0,0.198,0.0,0.0,0.0,0,0,0.19,0.199
2026/04/16 15:03:54,00133,招商局中国基金,CHINA MERCHANTS,,18.58,-0.12,-0.64171,18.7,18.7,18.7,18.44,142000,2639480,18.49,18.64
2026/04/16 15:09:03,00135,昆仑能源,KUNLUN ENERGY,,7.5,0.13,1.76391,7.37,7.4,7.51,7.37,11524647,86019875,7.49,7.5
2026/04/16 15:09:07,00136,中国儒意,CHINA RUYI,,1.56,0.03,1.96078,1.53,1.53,1.58,1.53,24900000,38858800,1.55,1.56
2026/04/16 14:57:32,00137,金辉集团,JINHUI HOLDINGS,,0.6,-0.02,-3.22581,0.62,0.64,0.64,0.6,37000,22400,0.62,0.64
2026/04/16 14:15:31,00138,中建富通,CCT FORTIS,,0.54,0.0,0.0,0.54,0.0,0.0,0.0,1200,636,0.53,0.63
2026/04/16 14:57:43,00139,小鱼盈通,SMART FISH,,0.135,0.001,0.74627,0.134,0.134,0.137,0.134,927693,125856,0.134,0.135
2026/04/16 15:08:48,00142,第一太平,FIRST PACIFIC,,5.57,-0.02,-0.35778,5.59,5.61,5.63,5.54,4231656,23555572,5.56,5.57
2026/04/16 15:06:51,00144,招商局港口,CHINA MER PORT,,15.38,-0.12,-0.77419,15.5,15.68,15.68,15.3,1863181,28758771,15.38,15.39
2026/04/16 14:47:41,00145,信能低碳,CCIAM FUTURE EN,,0.199,-0.008,-3.86473,0.207,0.219,0.225,0.192,76392000,16666551,0.199,0.202
2026/04/16 13:00:08,00146,TAI PING CARPET,TAI PING CARPET,,1.66,0.0,0.0,1.66,0.0,0.0,0.0,0,0,1.66,1.87
2026/04/16 14:55:14,00147,国际商业结算,IB SETTLEMENT,,0.08,-0.005,-5.88235,0.085,0.089,0.089,0.079,6695000,547505,0.08,0.083
2026/04/16 15:09:08,00148,建滔集团,KINGBOARD HLDG,,39.62,-0.36,-0.90045,39.98,40.2,40.2,39.3,7297000,289503573,39.58,39.6
2026/04/16 14:55:41,00149,中国农产品交易,CH AGRI-PROD EX,,0.069,0.004,6.15385,0.065,0.062,0.069,0.062,515798,34420,0.063,0.069
2026/04/16 15:07:02,00150,HYPEBEAST,HYPEBEAST,,0.171,0.003,1.78571,0.168,0.172,0.18,0.168,5502000,942852,0.17,0.171
2026/04/16 15:09:11,00151,中国旺旺,WANT WANT CHINA,,4.48,0.01,0.22371,4.47,4.42,4.5,4.42,1990680,8874481,4.47,4.48
2026/04/16 15:08:57,00152,深圳国际,SHENZHEN INT'L,,7.35,0.0,0.0,7.35,7.42,7.46,7.34,6659764,49230675,7.35,7.36
2026/04/16 15:08:13,00154,北京控股环境集团,BE ENVIRONMENT,,0.54,0.0,0.0,0.54,0.54,0.55,0.53,58000,31350,0.54,0.56
2026/04/16 14:57:59,00156,力宝华润,LIPPO CHINA RES,,1.07,0.04,3.8835,1.03,1.05,1.13,1.05,105800,117172,1.07,1.09
2026/04/16 14:59:24,00157,自然美,NATURAL BEAUTY,,0.475,0.0,0.0,0.475,0.475,0.475,0.475,70000,33250,0.395,0.485
2026/04/16 11:50:46,00158,万邦投资,MELBOURNE ENT,,59.5,0.0,0.0,59.5,0.0,0.0,0.0,0,0,59.0,63.0
2026/04/16 13:15:53,00159,布莱克万矿业,BROCKMAN MINING,,0.074,-0.004,-5.12821,0.078,0.074,0.074,0.074,34000,2498,0.075,0.078
2026/04/16 09:04:30,00160,汉国置业,HON KWOK LAND,,0.96,0.0,0.0,0.96,0.0,0.0,0.0,0,0,0.95,0.97
2026/04/16 13:04:44,00162,世纪金花,CENTURY GINWA,,0.039,-0.004,-9.30233,0.043,0.043,0.043,0.036,952000,37038,0.039,0.044
2026/04/16 14:37:35,00163,英皇国际,EMPEROR INT'L,,0.187,0.0,0.0,0.187,0.187,0.187,0.187,30000,5610,0.187,0.192
2026/04/16 15:08:27,00164,中国宝力科技,CHINA BAOLI TEC,,0.53,0.1,23.25581,0.43,0.45,0.57,0.435,4721520,2355844,0.53,0.54
2026/04/16 15:06:57,00165,中国光大控股,CHINA EB LTD,,6.46,0.05,0.78003,6.41,6.48,6.5,6.42,2550000,16462800,6.45,6.46
2026/04/16 14:12:57,00166,新时代集团控股,NEW TIMES CORP,,0.04,-0.002,-4.76191,0.042,0.042,0.042,0.04,77500,3101,0.041,0.042
2026/04/16 11:46:07,00167,IDT INT'L,IDT INT'L,,5.3,0.0,0.0,5.3,0.0,0.0,0.0,0,0,0.0,5.34
2026/04/16 15:09:04,00168,青岛啤酒股份,TSINGTAO BREW,,50.65,-0.45,-0.88063,51.1,51.5,51.5,50.5,2262058,114696940,50.5,50.65
2026/04/16 15:08:42,00169,万达酒店发展,WANDA HOTEL DEV,,0.084,0.0,0.0,0.084,0.083,0.089,0.081,2214000,188090,0.083,0.084
2026/04/16 13:47:24,00171,银建国际,SILVER GRANT,,0.067,0.003,4.6875,0.064,0.061,0.067,0.06,198000,12818,0.065,0.068
2026/04/16 14:58:49,00173,嘉华国际,K. WAH INT'L,,2.28,-0.02,-0.86957,2.3,2.3,2.32,2.23,2485000,5634360,2.27,2.29
2026/04/16 14:21:10,00174,盛洋投资,GEMINI INV,,0.215,0.0,0.0,0.215,0.0,0.0,0.0,0,0,0.0,0.229
2026/04/16 15:09:07,00175,吉利汽车,GEELY AUTO,,24.54,0.5,2.07987,24.04,23.9,24.88,23.64,80555628,1972383850,24.54,24.56
2026/04/16 08:55:00,00176,先机企业集团,SUPERACTIVE GP,,0.013,0.0,0.0,0.013,0.0,0.0,0.0,0,0,0.0,0.0
2026/04/16 15:08:57,00177,江苏宁沪高速公路,JIANGSU EXPRESS,,10.41,-0.07,-0.66794,10.48,10.35,10.55,10.35,4006500,41833395,10.4,10.41
2026/04/16 15:03:29,00178,莎莎国际,SA SA INT'L,,0.77,0.01,1.31579,0.76,0.78,0.78,0.74,17020000,12764000,0.76,0.77
2026/04/16 15:09:04,00179,德昌电机控股,JOHNSON ELEC H,,25.72,-0.18,-0.69498,25.9,26.3,26.8,25.52,3006000,77755410,25.7,25.74
2026/04/16 13:00:26,00180,开达集团,KADER HOLDINGS,,0.19,0.0,0.0,0.19,0.0,0.0,0.0,0,0,0.178,0.202
2026/04/16 14:38:18,00181,闽港控股,FUJIAN HOLDINGS,,0.116,-0.012,-9.375,0.128,0.128,0.128,0.116,140000,16720,0.115,0.121
2026/04/16 15:08:20,00182,协合新能源,CONCORD NE,,0.237,0.0,0.0,0.237,0.235,0.239,0.233,2140000,505600,0.236,0.238
2026/04/16 14:54:37,00183,宏辉集团,WINFULL GP,,0.139,0.0,0.0,0.139,0.0,0.0,0.0,1600,208,0.139,0.154
2026/04/16 09:14:22,00184,激成投资,KECK SENG INV,,2.24,0.0,0.0,2.24,0.0,0.0,0.0,0,0,2.22,2.25
2026/04/16 15:02:25,00185,正商实业,ZENSUN ENT,,0.116,-0.009,-7.2,0.125,0.125,0.125,0.116,200000,24793,0.104,0.139
2026/04/16 08:55:00,00186,敏捷控股,NIMBLE HOLDINGS,,0.157,0.0,0.0,0.157,0.0,0.0,0.0,0,0,0.0,0.0
2026/04/16 15:09:03,00187,京城机电股份,JINGCHENG MAC,,4.62,0.01,0.21692,4.61,4.69,4.69,4.56,3144000,14498860,4.61,4.62
2026/04/16 13:16:22,00188,新华汇富金融,SUNWAH KINGSWAY,,0.239,-0.005,-2.04918,0.244,0.244,0.244,0.239,50000,12150,0.24,0.244
2026/04/16 15:09:11,00189,东岳集团,DONGYUE GROUP,,11.84,-0.06,-0.5042,11.9,11.88,11.99,11.78,7889010,93427165,11.83,11.84
2026/04/16 14:16:01,00191,丽新国际,LAI SUN INT'L,,0.8,-0.04,-4.76191,0.84,0.76,0.8,0.72,206400,152474,0.75,0.81
2026/04/16 14:35:50,00193,冠中地产,CAPITAL ESTATE,,0.218,-0.015,-6.43777,0.233,0.225,0.225,0.213,348000,75528,0.218,0.222
2026/04/16 14:56:47,00194,廖创兴企业,LIU CHONG HING,,4.61,-0.01,-0.21645,4.62,4.61,4.63,4.6,46000,212080,4.6,4.66
2026/04/16 08:55:00,00195,绿科科技国际,GREENTECH INTL,,0.28,0.0,0.0,0.28,0.0,0.0,0.0,0,0,0.0,0.0
2026/04/16 15:08:15,00196,宏华集团,HONGHUA GROUP,,0.189,-0.001,-0.52632,0.19,0.19,0.19,0.183,373000,70554,0.189,0.19
2026/04/16 14:47:10,00197,亨泰,HENG TAI,,0.29,0.0,0.0,0.29,0.27,0.29,0.27,84262,24208,0.29,0.3
2026/04/16 15:09:00,00199,德祥地产,ITC PROPERTIES,,0.93,-0.02,-2.10526,0.95,0.95,0.96,0.92,2543516,2364494,0.92,0.93
2026/04/16 15:06:14,00200,新濠国际发展,MELCO INT'L DEV,,4.3,0.06,1.41509,4.24,4.24,4.33,4.24,2787000,11984660,4.29,4.31
2026/04/16 13:47:23,00201,华大酒店,MAGNIFICENT,,0.071,0.0,0.0,0.071,0.0,0.0,0.0,1000,60,0.069,0.072
2026/04/16 14:04:03,00202,润中国际控股,EVERCHINA INT'L,,0.084,0.0,0.0,0.084,0.076,0.086,0.076,45000,3630,0.084,0.088
2026/04/16 14:21:07,00204,资本界金控,CAPITAL REALM,,0.23,-0.001,-0.4329,0.231,0.238,0.238,0.23,381200,88990,0.23,0.238
2026/04/16 14:39:32,00205,BFB HEALTH,BFB HEALTH,,0.63,0.03,5.0,0.6,0.63,0.67,0.63,513950,328070,0.63,0.64
2026/04/16 15:06:05,00206,华商能源,CM-ENERGY,,0.45,0.0,0.0,0.45,0.45,0.455,0.45,863000,391155,0.45,0.455
2026/04/16 15:07:41,00209,瀛晟科学,WINSHINE SCI,,0.33,0.005,1.53846,0.325,0.315,0.33,0.315,1400000,455150,0.325,0.33
2026/04/16 14:07:17,00210,达芙妮国际,DAPHNE INT'L,,0.415,-0.005,-1.19048,0.42,0.425,0.425,0.415,50000,20980,0.415,0.42
2026/04/16 14:00:01,00211,STYLAND HOLD,STYLAND HOLD,,0.245,0.001,0.40984,0.244,0.245,0.245,0.245,30000,7350,0.242,0.265
2026/04/16 14:06:19,00212,NANYANG HOLD,NANYANG HOLD,,29.4,0.0,0.0,29.4,0.0,0.0,0.0,0,0,29.3,30.2
2026/04/16 09:07:26,00213,NATIONAL ELEC H,NATIONAL ELEC H,,0.39,0.0,0.0,0.39,0.0,0.0,0.0,0,0,0.39,0.415
2026/04/16 09:00:05,00214,汇汉控股,ASIA ORIENT,,0.25,0.0,0.0,0.25,0.0,0.0,0.0,0,0,0.0,0.255
2026/04/16 15:07:37,00215,和记电讯香港,HUTCHTEL HK,,1.17,0.0,0.0,1.17,1.17,1.18,1.17,858000,1007830,1.17,1.18
2026/04/16 13:18:20,00216,建业实业,CHINNEY INV,,0.61,0.0,0.0,0.61,0.0,0.0,0.0,0,0,0.61,0.66
2026/04/16 15:01:49,00217,中国诚通发展集团,CHINA CHENGTONG,,0.153,0.004,2.68456,0.149,0.145,0.153,0.142,850000,125220,0.146,0.153
2026/04/16 15:07:47,00218,申万宏源香港,SWHYHK,,1.18,0.05,4.42478,1.13,1.16,1.19,1.15,750000,878000,1.18,1.2
2026/04/16 13:20:21,00219,顺豪物业,SHUNHO PROPERTY,,0.72,0.0,0.0,0.72,0.72,0.72,0.72,5066,3604,0.72,0.73
2026/04/16 15:08:54,00220,统一企业中国,U-PRESID CHINA,,7.86,-0.02,-0.25381,7.88,8.0,8.0,7.8,5762109,45252330,7.86,7.87
2026/04/16 13:26:39,00222,闽信集团,MIN XIN HOLD,,2.56,-0.05,-1.91571,2.61,2.56,2.56,2.56,10000,25600,2.49,2.58
2026/04/16 14:49:10,00223,易生活控股,ELIFE HLDGS,,0.139,0.001,0.72464,0.138,0.148,0.16,0.125,2940000,396080,0.13,0.139
2026/04/16 14:59:35,00224,建生国际,PIONEER GLOBAL,,0.59,0.0,0.0,0.59,0.0,0.0,0.0,504658,282608,0.57,0.63
2026/04/16 11:51:07,00225,博富临置业,POKFULAM,,5.79,0.0,0.0,5.79,0.0,0.0,0.0,0,0,5.5,5.8
2026/04/16 14:05:31,00227,第一上海,FIRST SHANGHAI,,0.22,0.001,0.45662,0.219,0.204,0.22,0.204,144000,31216,0.211,0.224
2026/04/16 14:59:00,00228,中能控股,CHINA ENERGY,,1.56,-0.09,-5.45455,1.65,1.63,1.63,1.56,306000,487020,1.57,1.6
2026/04/16 10:30:27,00229,利民实业,RAYMOND IND,,0.88,0.0,0.0,0.88,0.0,0.0,0.0,0,0,0.86,0.91
2026/04/16 15:04:25,00232,大陆航空科技控股,CON AERO TECH,,0.151,-0.001,-0.6579,0.152,0.152,0.155,0.151,7244000,1102208,0.151,0.153
2026/04/16 14:51:16,00234,新世纪集团,NEW CENTURY GP,,0.031,-0.004,-11.42857,0.035,0.032,0.032,0.031,168000,5232,0.031,0.032
2026/04/16 13:49:17,00235,中策资本控股,CSC HOLDINGS,,0.025,0.0,0.0,0.025,0.025,0.025,0.024,9990000,248590,0.024,0.025
2026/04/16 10:56:22,00236,香港生力啤,SAN MIGUEL HK,,1.24,0.0,0.0,1.24,0.0,0.0,0.0,0,0,1.22,1.32
2026/04/16 15:03:14,00237,安全货仓,SAFETY GODOWN,,2.23,0.0,0.0,2.23,2.23,2.23,2.2,72000,160500,2.23,2.26
2026/04/16 09:00:06,00239,白花油,PAK FAH YEOW,,2.45,0.0,0.0,2.45,0.0,0.0,0.0,0,0,2.42,2.5
2026/04/16 14:33:04,00240,利基控股,BUILD KING HOLD,,1.78,-0.04,-2.1978,1.82,1.82,1.82,1.76,704133,1254756,1.78,1.8
2026/04/16 15:08:49,00241,阿里健康,ALI HEALTH,,4.71,0.1,2.1692,4.61,4.63,4.76,4.62,82350105,387728516,4.71,4.72
2026/04/16 15:04:35,00242,信德集团,SHUN TAK HOLD,,0.58,0.0,0.0,0.58,0.58,0.58,0.57,482000,279380,0.58,0.59
2026/04/16 15:06:33,00243,QPL INT'L,QPL INT'L,,0.38,-0.005,-1.2987,0.385,0.375,0.38,0.375,40875,15275,0.375,0.395
2026/04/16 14:48:23,00244,先施,SINCERE,,0.31,0.0,0.0,0.31,0.31,0.31,0.31,88000,27280,0.31,0.315
2026/04/16 09:04:41,00245,中薇金融,CHINA VERED FIN,,1.03,0.0,0.0,1.03,0.0,0.0,0.0,0,0,1.01,1.02
2026/04/16 10:00:14,00247,TST PROPERTIES,TST PROPERTIES,,19.35,0.0,0.0,19.35,0.0,0.0,0.0,0,0,18.9,20.0
2026/04/16 13:28:27,00248,香港通讯国际控股,HKC INT'L HOLD,,0.265,-0.015,-5.35714,0.28,0.265,0.265,0.265,32238,8498,0.265,0.28
2026/04/16 14:51:15,00251,爪哇控股,SEA HOLDINGS,,1.39,0.0,0.0,1.39,0.0,0.0,0.0,0,0,1.33,1.43
2026/04/16 08:55:00,00252,华信地产财务,SE ASIA PPT,,1.6,0.0,0.0,1.6,0.0,0.0,0.0,0,0,0.0,0.0
2026/04/16 13:26:59,00253,顺豪控股,SHUNHO HOLDINGS,,0.68,0.0,0.0,0.68,0.0,0.0,0.0,1000,640,0.65,0.7
2026/04/16 14:54:29,00254,国家联合资源,NUR HOLDINGS,,0.63,0.0,0.0,0.63,0.62,0.63,0.62,62500,39075,0.61,0.63
2026/04/16 13:58:34,00255,龙记集团,LUNG KEE,,1.51,-0.01,-0.6579,1.52,1.5,1.51,1.5,16000,24060,1.52,1.56
2026/04/16 15:05:53,00256,冠城钟表珠宝,CITYCHAMP,,0.083,0.001,1.21951,0.082,0.082,0.091,0.082,12790000,1068846,0.083,0.084
2026/04/16 15:08:57,00257,光大环境,EB ENVIRONMENT,,5.38,-0.11,-2.00364,5.49,5.43,5.49,5.37,4298292,23259320,5.37,5.38
2026/04/16 14:52:25,00258,汤臣集团,TOMSON GROUP,,2.33,0.02,0.8658,2.31,2.32,2.36,2.3,280000,652860,2.32,2.35
2026/04/16 15:06:29,00259,亿都（国际控股）,YEEBO (INT'L H),,3.23,0.15,4.87013,3.08,3.1,3.23,3.09,284000,892980,3.21,3.25
2026/04/16 14:07:26,00261,ＧＢＡ集团,GBA HOLDINGS,,0.27,-0.01,-3.57143,0.28,0.28,0.28,0.27,112200,30610,0.26,0.275
2026/04/16 14:45:59,00262,迪臣发展国际,DESON DEV INT'L,,0.083,0.0,0.0,0.083,0.0,0.0,0.0,0,0,0.081,0.085
2026/04/16 15:08:50,00264,中联发展控股,CN INT DEV CORP,,1.71,0.01,0.58824,1.7,1.69,1.74,1.69,1580000,2698200,1.69,1.72
2026/04/16 14:53:35,00265,港誉智慧城市服务,GANGYU SERVICES,,1.68,-0.02,-1.17647,1.7,1.68,1.68,1.68,40000,67200,1.61,1.7
2026/04/16 14:25:18,00266,天德地产,TIAN TECK LAND,,1.94,-0.01,-0.51282,1.95,1.94,1.94,1.94,30000,58200,1.94,1.95
2026/04/16 15:08:53,00267,中信股份,CITIC,,12.94,-0.13,-0.99464,13.07,13.07,13.14,12.92,10952875,142497438,12.94,12.95
2026/04/16 15:08:55,00268,金蝶国际,KINGDEE INT'L,,9.26,0.79,9.32704,8.47,8.71,9.31,8.66,63926956,580150539,9.25,9.26
2026/04/16 09:00:00,00269,中国资源交通,CRTG,,0.01,0.0,0.0,0.01,0.0,0.0,0.0,0,0,0.0,0.01
2026/04/16 15:08:33,00270,粤海投资,GUANGDONG INV,,8.08,-0.09,-1.10159,8.17,8.12,8.2,8.04,5342848,43292181,8.07,8.1
2026/04/16 13:42:11,00271,亚证地产,ASIASEC PPT,,0.173,0.0,0.0,0.173,0.0,0.0,0.0,260,41,0.168,0.173
2026/04/16 15:06:43,00272,瑞安房地产,SHUI ON LAND,,0.53,0.0,0.0,0.53,0.53,0.54,0.53,1938500,1036325,0.53,0.54
2026/04/16 08:55:00,00274,复兴亚洲,RA SILK ROAD,,0.49,0.0,0.0,0.49,0.0,0.0,0.0,0,0,0.0,0.0
2026/04/16 11:17:06,00276,蒙古能源,MONGOLIA ENERGY,,0.55,-0.04,-6.77966,0.59,0.56,0.56,0.55,21000,11520,0.57,0.61
2026/04/16 09:00:16,00277,太兴置业,TERN PROPERTIES,,1.55,0.0,0.0,1.55,0.0,0.0,0.0,0,0,0.0,1.55
2026/04/16 14:10:10,00279,裕承科金,ARTA TECHFIN,,0.55,0.0,0.0,0.55,0.59,0.6,0.55,365100,214137,0.55,0.56
2026/04/16 14:10:58,00280,景福集团,KING FOOK HOLD,,0.51,0.01,2.0,0.5,0.5,0.51,0.5,40000,20340,0.5,0.52
2026/04/16 15:08:56,00285,比亚迪电子,BYD ELECTRONIC,,28.5,0.5,1.78571,28.0,28.32,28.64,27.9,11201139,315945072,28.48,28.5
2026/04/16 08:55:00,00286,爱帝宫,AIDIGONG,,1.31,0.0,0.0,1.31,0.0,0.0,0.0,0,0,0.0,0.0
2026/04/16 09:00:34,00287,永发置业,WINFAIR INV,,4.1,0.0,0.0,4.1,0.0,0.0,0.0,0,0,4.08,0.0
2026/04/16 15:08:45,00288,万洲国际,WH GROUP,,10.63,-0.01,-0.09399,10.64,10.64,10.73,10.56,13797132,146707009,10.62,10.63
2026/04/16 13:54:04,00289,WING ON CO,WING ON CO,,14.9,0.1,0.67568,14.8,14.9,14.9,14.9,18000,268200,14.8,15.18
2026/04/16 15:08:51,00290,国富量子,GOFINTECH QUANT,,6.44,-1.0,-13.44086,7.44,7.63,7.68,6.24,38392015,261208689,6.44,6.45
2026/04/16 15:08:57,00291,华润啤酒,CHINA RES BEER,,26.38,0.1,0.38052,26.28,26.42,26.6,26.28,4185477,110614390,26.38,26.4
2026/04/16 15:07:18,00293,国泰航空,CATHAY PAC AIR,,11.87,0.05,0.42301,11.82,11.82,11.92,11.8,6138393,72799399,11.86,11.87
2026/04/16 14:19:31,00294,长江制衣,YANGTZEKIANG,,0.82,0.0,0.0,0.82,0.0,0.0,0.0,0,0,0.77,0.83
2026/04/16 14:58:03,00295,江山控股,KONG SUN HOLD,,0.024,-0.001,-4.0,0.025,0.025,0.026,0.023,1875000,46225,0.024,0.025
2026/04/16 14:07:05,00296,英皇娱乐酒店,EMPEROR E HOTEL,,0.231,0.003,1.31579,0.228,0.231,0.231,0.231,9630,2187,0.231,0.24
2026/04/16 15:08:39,00297,中化化肥,SINOFERT,,1.55,-0.01,-0.64103,1.56,1.57,1.58,1.54,29838000,46372120,1.55,1.56
2026/04/16 13:00:14,00298,庄士中国,CHUANG'S CHINA,,0.112,0.005,4.6729,0.107,0.111,0.112,0.111,830000,92810,0.108,0.112
2026/04/16 08:55:00,00299,宝新置地,GLORY SUN LAND,,0.106,0.0,0.0,0.106,0.0,0.0,0.0,0,0,0.0,0.0
2026/04/16 15:08:44,00300,美的集团,MIDEA GROUP,,87.7,1.35,1.56341,86.35,86.45,87.8,86.35,1577330,137454716,87.7,87.75
2026/04/16 15:04:14,00301,三和精化,SANVO CHEMICALS,,2.08,0.21,11.22995,1.87,1.9,2.18,1.87,318480,639222,2.02,2.17
2026/04/16 15:00:18,00302,中手游,CMGE,,0.25,0.008,3.30579,0.242,0.248,0.255,0.24,1912000,474518,0.248,0.25
2026/04/16 15:08:22,00303,VTECH HOLDINGS,VTECH HOLDINGS,,61.75,0.6,0.98119,61.15,60.85,61.8,60.85,124800,7682971,61.7,61.75
2026/04/16 14:36:02,00305,五菱汽车,WULING MOTORS,,0.465,-0.005,-1.06383,0.47,0.46,0.475,0.46,1300000,610200,0.47,0.475
2026/04/16 09:31:56,00306,冠忠巴士集团,KWOON CHUNG BUS,,2.41,0.0,0.0,2.41,0.0,0.0,0.0,0,0,2.41,2.47
2026/04/16 15:08:15,00308,香港中旅,CHINA TRAVEL HK,,1.18,0.01,0.8547,1.17,1.17,1.18,1.16,6450000,7565002,1.17,1.18
2026/04/16 13:13:27,00309,新华通讯频媒,XH NEWS MEDIA,,0.033,0.002,6.45161,0.031,0.031,0.033,0.03,576000,17945,0.03,0.032
2026/04/16 15:08:38,00310,嘉进投资国际,PROSP INV HOLD,,0.171,-0.004,-2.28571,0.175,0.17,0.171,0.17,50000,8490,0.175,0.196
2026/04/16 14:39:36,00311,联泰控股,LUEN THAI,,0.249,0.0,0.0,0.249,0.0,0.0,0.0,0,0,0.215,0.249
2026/04/16 11:41:10,00312,岁宝百货,SHIRBLE STORE,,0.054,0.0,0.0,0.054,0.0,0.0,0.0,0,0,0.054,0.055
2026/04/16 14:02:32,00313,裕田中国,RICHLY FIELD,,0.072,0.0,0.0,0.072,0.0,0.0,0.0,0,0,0.071,0.073
2026/04/16 15:08:14,00314,思派健康,SIPAI HEALTH,,1.81,-0.14,-7.17949,1.95,1.93,2.0,1.8,1439800,2688860,1.8,1.82
2026/04/16 14:42:16,00315,数码通电讯,SMARTONE TELE,,4.99,0.02,0.40241,4.97,4.97,4.99,4.95,361187,1795263,4.98,4.99
2026/04/16 15:08:27,00316,东方海外国际,OOIL,,141.1,-3.2,-2.2176,144.3,145.2,145.9,140.9,818600,116145155,141.0,141.2
2026/04/16 15:08:47,00317,中船防务,COMEC,,14.35,0.03,0.2095,14.32,14.59,14.59,14.2,3130000,44821560,14.34,14.37
2026/04/16 13:01:19,00318,黄河实业,VONGROUP,,0.64,0.0,0.0,0.64,0.0,0.0,0.0,250,147,0.63,0.7
2026/04/16 15:03:32,00320,金宝通,COMPUTIME,,0.455,0.005,1.11111,0.45,0.48,0.48,0.455,30000,14350,0.455,0.495
2026/04/16 15:08:27,00321,德永佳集团,TEXWINCA HOLD,,1.28,0.0,0.0,1.28,1.3,1.3,1.26,1364000,1734510,1.27,1.28
2026/04/16 15:08:40,00322,康师傅控股,TINGYI,,12.84,-0.41,-3.09434,13.25,13.25,13.27,12.84,10603943,138245701,12.84,12.85
2026/04/16 15:08:45,00323,马鞍山钢铁股份,MAANSHAN IRON,,2.71,0.04,1.49813,2.67,2.69,2.74,2.69,4392300,11951080,2.71,2.72
2026/04/16 15:07:52,00325,布鲁可,BLOKS,,59.95,0.1,0.16708,59.85,60.0,60.95,58.5,395188,23583763,59.95,60.0
2026/04/16 15:06:21,00326,中国星集团,CHINA STAR ENT,,7.12,0.06,0.84986,7.06,7.08,7.32,7.05,42654736,302174658,7.11,7.12
2026/04/16 15:08:01,00327,百富环球,PAX GLOBAL,,4.01,0.0,0.0,4.01,4.04,4.08,3.97,1791000,7200950,4.01,4.03
2026/04/16 15:05:29,00328,ALCO HOLDINGS,ALCO HOLDINGS,,0.69,0.02,2.98508,0.67,0.66,0.69,0.66,76000,51280,0.66,0.68
2026/04/16 14:15:17,00329,东建国际,OCI INTL,,0.27,0.005,1.88679,0.265,0.265,0.27,0.265,244090,64781,0.27,0.28
2026/04/16 14:53:58,00331,丰盛生活服务,FSE LIFESTYLE,,5.64,0.0,0.0,5.64,5.64,5.69,5.64,148000,835470,5.64,5.68
2026/04/16 14:48:34,00332,元亨燃气,YUANHENG GAS,,0.017,0.0,0.0,0.017,0.018,0.018,0.016,1708000,29052,0.016,0.017
2026/04/16 13:00:10,00333,黛丽斯国际,TOP FORM INT'L,,0.218,0.0,0.0,0.218,0.0,0.0,0.0,0,0,0.211,0.255
2026/04/16 15:01:29,00334,华显光电,CH DISPLAY OPT,,0.37,-0.005,-1.33333,0.375,0.375,0.375,0.355,32000,11640,0.36,0.37
2026/04/16 11:20:24,00335,美建集团,UPBEST GROUP,,0.65,0.0,0.0,0.65,0.0,0.0,0.0,0,0,0.64,0.65
2026/04/16 15:08:04,00336,华宝国际,HUABAO INTL,,4.48,0.23,5.41177,4.25,4.28,4.53,4.15,23333000,100506909,4.47,4.49
2026/04/16 15:08:24,00337,绿地香港,GREENLAND HK,,0.198,0.0,0.0,0.198,0.197,0.207,0.197,397000,78984,0.195,0.2
2026/04/16 15:08:36,00338,上海石油化工股份,SHANGHAI PECHEM,,1.28,0.01,0.7874,1.27,1.28,1.3,1.27,9686000,12465460,1.28,1.29
2026/04/16 14:34:51,00339,中国科创产业投资,CN SCI-TECH IND,,0.64,0.02,3.22581,0.62,0.62,0.65,0.62,100000,64000,0.62,0.64
2026/04/16 15:06:22,00340,潼关黄金,TONGGUAN GOLD,,3.18,-0.02,-0.625,3.2,3.24,3.24,3.17,3260211,10408438,3.17,3.18
2026/04/16 15:07:43,00341,大家乐集团,CAFE DE CORAL H,,4.04,0.01,0.24814,4.03,4.02,4.05,3.98,1984704,7952450,4.04,4.05
2026/04/16 14:04:08,00343,文化传信,CULTURECOM HOLD,,0.129,0.0,0.0,0.129,0.0,0.0,0.0,0,0,0.129,0.137
2026/04/16 15:05:53,00345,VITASOY INT'L,VITASOY INT'L,,6.29,0.01,0.15924,6.28,6.27,6.3,6.26,509000,3197490,6.28,6.29
2026/04/16 15:07:17,00346,延长石油国际,YANCHANG PETRO,,0.4,-0.01,-2.43902,0.41,0.395,0.4,0.395,15000,5950,0.395,0.41
2026/04/16 15:08:38,00347,鞍钢股份,ANGANG STEEL,,1.56,-0.01,-0.63694,1.57,1.57,1.59,1.55,5312000,8280920,1.55,1.56
2026/04/16 15:05:37,00348,中国智能健康,CHINAHEALTHWISE,,0.083,0.0,0.0,0.083,0.0,0.0,0.0,0,0,0.085,0.092
2026/04/16 11:59:14,00351,亚洲能源物流,ASIA ENERGY LOG,,0.255,0.0,0.0,0.255,0.0,0.0,0.0,0,0,0.25,0.275
2026/04/16 08:55:00,00352,富阳,FORTUNE SUN,,0.36,0.0,0.0,0.36,0.0,0.0,0.0,0,0,0.0,0.0
2026/04/16 14:22:18,00353,能源国际投资,ENERGY INTINV,,0.42,0.01,2.43902,0.41,0.425,0.425,0.42,386010,162983,0.415,0.43
2026/04/16 15:08:31,00354,中国软件国际,CHINASOFT INT'L,,3.7,0.12,3.35196,3.58,3.6,3.72,3.6,20328000,74569550,3.7,3.71
2026/04/16 15:06:07,00355,世纪城市国际,CENTURY C INT'L,,0.071,0.001,1.42857,0.07,0.072,0.073,0.069,292473,21022,0.071,0.072
2026/04/16 15:07:29,00356,鼎立资本,DT CAPITAL,,0.057,-0.005,-8.06452,0.062,0.061,0.061,0.057,90000,5370,0.058,0.061
2026/04/16 15:03:20,00357,美兰空港,MEILAN AIRPORT,,6.27,-0.11,-1.72414,6.38,6.39,6.39,6.26,335000,2113510,6.27,6.28
2026/04/16 15:08:27,00358,江西铜业股份,JIANGXI COPPER,,40.0,0.82,2.09291,39.18,39.0,40.3,38.92,11988109,474317905,40.0,40.02
2026/04/16 10:41:56,00360,新焦点,NEW FOCUS AUTO,,0.043,0.0,0.0,0.043,0.043,0.043,0.043,276000,11868,0.042,0.043
2026/04/16 15:02:34,00361,汉成发展控股,HANFORT DEV H,,0.062,-0.001,-1.5873,0.063,0.062,0.062,0.061,3760000,231840,0.061,0.063
2026/04/16 08:55:00,00362,中国天化工,C ZENITH CHEM,,0.015,0.0,0.0,0.015,0.0,0.0,0.0,0,0,0.0,0.0
2026/04/16 15:09:07,00363,上海实业控股,SHANGHAI IND H,,14.12,-0.02,-0.14144,14.14,14.14,14.15,14.09,826000,11659180,14.12,14.13
2026/04/16 14:10:33,00365,芯成科技,SINO ICT,,0.27,0.0,0.0,0.27,0.27,0.27,0.26,60000,16160,0.26,0.275
2026/04/16 15:04:25,00366,陆氏集团（越南）,LUKS GROUP (VN),,0.89,-0.03,-3.26087,0.92,0.9,0.91,0.89,30000,26900,0.89,0.91
2026/04/16 13:44:27,00367,庄士机构国际,CHUANG'S INT'L,,0.29,-0.005,-1.69492,0.295,0.295,0.295,0.29,156000,46000,0.29,0.3
2026/04/16 14:35:44,00368,德合集团,SUPERLAND GROUP,,0.77,0.0,0.0,0.77,0.77,0.77,0.76,116000,89160,0.76,0.77
2026/04/16 13:00:22,00369,永泰地产,WING TAI PPT,,2.11,0.0,0.0,2.11,0.0,0.0,0.0,0,0,2.04,2.22
2026/04/16 14:06:41,00370,港仔机器人,HK ROBOTICS,,0.7,0.0,0.0,0.7,0.71,0.71,0.69,882000,612360,0.69,0.7
2026/04/16 15:08:15,00371,北控水务集团,BJ ENT WATER,,2.7,-0.02,-0.73529,2.72,2.74,2.74,2.7,7096000,19243546,2.7,2.71
2026/04/16 13:54:30,00372,保德国际发展,PT INTL DEV,,0.26,0.0,0.0,0.26,0.0,0.0,0.0,0,0,0.222,0.265
2026/04/16 15:00:53,00373,联合集团,ALLIED GROUP,,2.77,0.02,0.72727,2.75,2.73,2.77,2.7,348000,950280,2.76,2.77
2026/04/16 09:04:27,00374,四洲集团,FOUR SEAS MER,,2.52,0.0,0.0,2.52,0.0,0.0,0.0,0,0,2.51,2.64
2026/04/16 14:39:19,00375,YGM TRADING,YGM TRADING,,0.99,0.0,0.0,0.99,0.99,0.99,0.98,131000,129680,0.98,1.05
2026/04/16 15:08:30,00376,云锋金融,YUNFENG FIN,,2.85,-0.01,-0.34965,2.86,2.86,2.91,2.84,3448000,9909180,2.84,2.85
2026/04/16 14:58:15,00377,中国华君,CHINA HUAJUN GP,,1.29,0.29,29.0,1.0,1.2,1.29,1.2,20000,25728,1.01,1.1
2026/04/16 14:04:40,00379,恒嘉融资租赁,EG LEASING,,0.064,0.0,0.0,0.064,0.0,0.0,0.0,0,0,0.066,0.07
2026/04/16 11:32:55,00380,中国管业,CHINA PIPE,,0.122,0.0,0.0,0.122,0.0,0.0,0.0,0,0,0.122,0.128
2026/04/16 15:06:58,00381,权识国际,AOM INT'L,,0.44,-0.06,-12.0,0.5,0.5,0.52,0.355,31526361,14528772,0.435,0.44
2026/04/16 14:52:37,00382,中汇集团,EDVANTAGE GROUP,,0.98,0.01,1.03093,0.97,0.97,0.99,0.95,2358460,2272293,0.97,0.98
2026/04/16 11:21:39,00383,天安卓健,TIANAN MEDICARE,,1.1,0.0,0.0,1.1,0.0,0.0,0.0,400,428,1.09,1.2
2026/04/16 15:09:10,00384,中国燃气,CHINA GAS HOLD,,7.3,-0.05,-0.68027,7.35,7.32,7.39,7.26,7704705,56375652,7.3,7.31
2026/04/16 14:18:28,00385,建联集团,CHINNEY ALLI,,0.33,0.005,1.53846,0.325,0.33,0.33,0.33,93200,30732,0.325,0.355
2026/04/16 15:09:05,00386,中国石油化工股份,SINOPEC CORP,,4.6,0.06,1.32159,4.54,4.55,4.61,4.53,70577527,323404562,4.59,4.6
2026/04/16 11:12:19,00387,力丰（集团）,LEEPORT(HOLD),,0.74,0.0,0.0,0.74,0.0,0.0,0.0,0,0,0.74,0.78
2026/04/16 15:08:59,00388,香港交易所,HKEX,,410.6,-3.4,-0.82126,414.0,415.2,416.2,408.4,2994838,1229302530,410.60001,410.79999
2026/04/16 14:55:40,00389,通天酒业,TONTINE WINES,,0.29,0.0,0.0,0.29,0.29,0.29,0.27,69200,18973,0.29,0.3
2026/04/16 15:08:50,00390,中国中铁,CHINA RAILWAY,,4.09,0.01,0.2451,4.08,4.09,4.11,4.05,21392741,87259724,4.09,4.1
2026/04/16 14:46:23,00391,美亚娱乐资讯,MEI AH ENTER,,0.1,0.0,0.0,0.1,0.1,0.1,0.1,900000,90000,0.097,0.1
2026/04/16 15:09:05,00392,北京控股,BEIJING ENT,,31.46,0.32,1.02762,31.14,31.0,31.56,31.0,611700,19222065,31.46,31.52
2026/04/16 09:00:00,00393,旭日企业,GLORIOUS SUN,,1.4,0.0,0.0,1.4,0.0,0.0,0.0,0,0,1.39,1.4
2026/04/16 15:03:50,00396,兴利（香港）控股,HING LEE (HK),,0.44,0.015,3.52941,0.425,0.425,0.465,0.405,2534000,1095940,0.43,0.44
2026/04/16 15:00:20,00397,嬴集团,MINERVA GROUP,,0.046,-0.001,-2.12766,0.047,0.046,0.046,0.046,2006010,92210,0.045,0.046
2026/04/16 15:08:29,00398,东方表行集团,ORIENTAL WATCH,,3.29,-0.01,-0.30303,3.3,3.31,3.31,3.27,698000,2290580,3.28,3.3
2026/04/16 15:06:24,00399,星太链集团,STARCOIN GROUP,,0.121,-0.002,-1.62602,0.123,0.123,0.124,0.121,2845000,348185,0.12,0.122
2026/04/16 15:03:09,00400,硬蛋创新,INGDAN,,2.27,0.04,1.79372,2.23,2.26,2.34,2.19,1491000,3370000,2.26,2.28
2026/04/16 14:39:45,00401,万嘉集团,WANJIA GROUP,,0.181,-0.009,-4.73684,0.19,0.176,0.181,0.164,700320,121133,0.175,0.182
2026/04/16 13:02:42,00403,星光集团,STARLITE HOLD,,0.151,-0.001,-0.6579,0.152,0.153,0.153,0.151,82000,12542,0.152,0.163
2026/04/16 13:26:47,00406,有利集团,YAU LEE HOLD,,0.72,0.0,0.0,0.72,0.0,0.0,0.0,0,0,0.72,0.8
2026/04/16 14:55:33,00408,叶氏化工集团,YIP'S CHEMICAL,,2.44,0.03,1.24481,2.41,2.43,2.45,2.41,194000,472540,2.42,2.44
2026/04/16 15:09:10,00410,ＳＯＨＯ中国,SOHO CHINA,,0.44,0.0,0.0,0.44,0.435,0.45,0.43,1250000,551060,0.44,0.45
2026/04/16 11:21:56,00411,南顺（香港）,LAM SOON (HK),,12.7,0.0,0.0,12.7,0.0,0.0,0.0,0,0,12.6,12.7
2026/04/16 15:06:38,00412,山高控股,SDHG,,1.31,0.0,0.0,1.31,1.33,1.34,1.3,3543000,4680777,1.3,1.31
2026/04/16 13:59:50,00413,南华集团控股,SC HOLDINGS,,0.026,0.0,0.0,0.026,0.026,0.026,0.026,240000,6240,0.025,0.026
2026/04/16 14:59:22,00417,谢瑞麟,TSE SUI LUEN,,0.8,0.0,0.0,0.8,0.78,0.8,0.78,12000,9400,0.78,0.8
2026/04/16 14:38:00,00418,方正控股,FOUNDER HOLD,,0.74,0.03,4.22535,0.71,0.74,0.74,0.7,10000,7260,0.7,0.74
2026/04/16 14:23:40,00419,弘毅文化集团,HONY MEDIA,,0.295,-0.015,-4.83871,0.31,0.335,0.335,0.28,105500,31537,0.295,0.31
2026/04/16 14:58:00,00420,福田实业,FOUNTAIN SET,,0.71,0.0,0.0,0.71,0.71,0.71,0.7,146000,102460,0.7,0.71
2026/04/16 14:57:39,00422,越南制造加工出口,VMEP HOLDINGS,,0.29,-0.01,-3.33333,0.3,0.285,0.295,0.285,33000,9440,0.29,0.295
2026/04/16 15:07:44,00423,经济日报集团,HKET HOLDINGS,,0.78,-0.01,-1.26582,0.79,0.79,0.79,0.78,42000,33080,0.78,0.8
2026/04/16 15:09:11,00425,敏实集团,MINTH GROUP,,36.38,0.18,0.49724,36.2,36.2,36.62,35.8,2174979,78846335,36.36,36.38
2026/04/16 14:04:20,00426,万华媒体,ONE MEDIA GROUP,,0.098,-0.007,-6.66667,0.105,0.099,0.099,0.098,108000,10600,0.098,0.103
2026/04/16 10:37:14,00428,中国天弓控股,COCOON HOLDINGS,,0.22,0.0,0.0,0.22,0.0,0.0,0.0,0,0,0.218,0.237
2026/04/16 13:00:17,00430,东方兴业控股,ORIENTAL EXPL,,0.38,0.0,0.0,0.38,0.0,0.0,0.0,0,0,0.345,0.38
2026/04/16 08:55:00,00431,大中华金融,G CHINA FIN,,0.01,0.0,0.0,0.01,0.0,0.0,0.0,0,0,0.0,0.0
2026/04/16 15:08:56,00432,盈大地产,PCPD,,0.265,0.005,1.92308,0.26,0.26,0.265,0.26,281102,74205,0.265,0.27
2026/04/16 15:04:04,00433,北方矿业,NORTH MINING,,0.071,-0.001,-1.38889,0.072,0.07,0.072,0.07,16380000,1157170,0.071,0.072
2026/04/16 15:05:58,00434,博雅互动,BOYAA,,2.96,0.1,3.4965,2.86,2.85,2.98,2.85,2501000,7366380,2.95,2.96
2026/04/16 13:00:30,00436,新宇环保,NU ENVIRO,,0.063,0.0,0.0,0.063,0.0,0.0,0.0,0,0,0.057,0.076
2026/04/16 15:06:03,00438,彩虹新能源,IRICO NEWENERGY,,1.68,-0.02,-1.17647,1.7,1.7,1.7,1.67,51100,86712,1.68,1.7
2026/04/16 14:54:21,00439,瀚源控股,GENESIS SCALE,,0.76,0.01,1.33333,0.75,0.75,0.78,0.75,26000,19840,0.75,0.76
2026/04/16 15:08:16,00440,大新金融,DAH SING,,41.76,-0.2,-0.47664,41.96,42.26,42.26,41.36,132400,5505424,41.74,41.76
2026/04/16 14:30:46,00442,域能控股,DOMAINE POWER,,0.77,0.0,0.0,0.77,0.77,0.77,0.7,197000,141470,0.74,0.76
2026/04/16 08:55:00,00444,SINCEREWATCH HK,SINCEREWATCH HK,,0.01,0.0,0.0,0.01,0.0,0.0,0.0,0,0,0.0,0.0
2026/04/16 14:08:14,00450,鸿兴印刷集团,HUNG HING PRINT,,0.82,0.0,0.0,0.82,0.84,0.84,0.82,262000,217000,0.82,0.85
2026/04/16 15:08:19,00451,协鑫新能源,GCL NEWENERGY,,1.09,0.01,0.92593,1.08,1.08,1.12,1.08,2071397,2267857,1.08,1.09
2026/04/16 14:34:27,00455,天大药业,TIANDA PHARMA,,0.099,0.001,1.02041,0.098,0.1,0.1,0.099,6000,596,0.093,0.095
2026/04/16 09:02:59,00456,新城市建设发展,NEW CITY DEV,,0.495,0.0,0.0,0.495,0.0,0.0,0.0,0,0,0.44,0.52
2026/04/16 13:00:10,00458,联亚集团,TRISTATE HOLD,,2.05,0.0,0.0,2.05,0.0,0.0,0.0,0,0,1.91,2.05
2026/04/16 15:09:11,00460,四环医药,SIHUAN PHARM,,1.41,-0.04,-2.75862,1.45,1.45,1.45,1.39,20601744,29166001,1.4,1.41
2026/04/16 15:00:57,00464,中国智能科技,CHINA IN-TECH,,0.72,-0.06,-7.69231,0.78,0.88,0.88,0.69,4736000,3429520,0.71,0.72
2026/04/16 14:29:15,00465,富通科技,FUTONG TECH,,0.55,-0.05,-8.33333,0.6,0.55,0.57,0.55,452000,249100,0.54,0.58
2026/04/16 15:09:10,00467,联合能源集团,UNITEDENERGY GP,,0.52,-0.01,-1.88679,0.53,0.52,0.53,0.5,94158000,48098160,0.51,0.52
2026/04/16 08:55:00,00468,纷美包装,GAPACK,,2.28,0.0,0.0,2.28,0.0,0.0,0.0,0,0,0.0,0.0
2026/04/16 15:09:10,00470,先导智能,WUXI LEAD,,50.8,1.96,4.0131,48.84,49.0,52.5,49.0,1864300,95749913,50.75,50.85
2026/04/16 15:08:21,00471,中播数据,SILKWAVE INC,,0.67,0.03,4.6875,0.64,0.66,0.7,0.66,78793277,54355911,0.67,0.68
2026/04/16 14:21:54,00472,新丝路控股集团,NEW SILKROAD,,0.29,0.01,3.57143,0.28,0.28,0.29,0.28,250000,72100,0.27,0.295
2026/04/16 14:01:32,00474,信铭生命科技,ACESO LIFE SCI,,0.11,-0.01,-8.33333,0.12,0.109,0.112,0.103,1104000,119604,0.108,0.115
2026/04/16 14:40:21,00475,中发展控股,CENTRAL DEV H,,0.36,0.005,1.40845,0.355,0.36,0.36,0.36,6000,2160,0.305,0.36
2026/04/16 14:56:15,00476,科轩动力控股,EV DYNAMICS,,0.5,0.0,0.0,0.5,0.0,0.0,0.0,0,0,0.495,0.5
2026/04/16 10:43:29,00480,香港兴业国际,HKR INT'L,,1.17,0.0,0.0,1.17,1.2,1.2,1.17,1600,1896,1.16,1.17
2026/04/16 13:54:08,00482,圣马丁国际（新）,SANDMARTIN-NEW,,0.81,-0.04,-4.70588,0.85,0.81,0.81,0.8,802000,643540,0.81,0.88
2026/04/16 09:30:02,00483,包浩斯国际,BAUHAUS INT'L,,0.249,0.0,0.0,0.249,0.0,0.0,0.0,0,0,0.247,0.27
2026/04/16 10:38:00,00484,云游控股,FORGAME,,0.75,0.0,0.0,0.75,0.0,0.0,0.0,0,0,0.74,0.78
2026/04/16 15:08:38,00485,中国华星,CHINASINOSTAR,,0.42,0.0,0.0,0.42,0.0,0.0,0.0,14000,3290,0.355,0.4
2026/04/16 15:05:18,00486,俄铝,RUSAL,,4.33,0.11,2.60664,4.22,4.3,4.4,4.24,550000,2389340,4.33,4.35
2026/04/16 11:59:34,00487,实德环球,SUCCESSUNIVERSE,,0.045,0.0,0.0,0.045,0.0,0.0,0.0,0,0,0.045,0.049
2026/04/16 14:48:47,00488,丽新发展,LAI SUN DEV,,0.81,-0.12,-12.90323,0.93,0.92,0.93,0.81,808600,679692,0.8,0.82
2026/04/16 14:33:20,00491,英皇文化产业,EMPEROR CULTURE,,0.03,0.0,0.0,0.03,0.0,0.0,0.0,0,0,0.029,0.03
2026/04/16 15:00:51,00493,国美零售,GOME RETAIL,,0.013,-0.001,-7.14286,0.014,0.014,0.014,0.013,20979005,284369,0.013,0.014
2026/04/16 08:55:00,00495,PALADIN,PALADIN,,0.012,0.0,0.0,0.012,0.0,0.0,0.0,0,0,0.0,0.0
2026/04/16 10:48:24,00496,卡森国际,KASEN,,0.33,0.0,0.0,0.33,0.0,0.0,0.0,0,0,0.33,0.36
2026/04/16 10:09:36,00497,资本策略地产,CSI PROPERTIES,,0.209,0.0,0.0,0.209,0.0,0.0,0.0,0,0,0.209,0.213
2026/04/16 10:40:44,00498,蓝河控股,BLUE RIVER HLDG,,0.126,0.0,0.0,0.126,0.0,0.0,0.0,0,0,0.128,0.0
2026/04/16 11:12:12,00499,青岛控股,QINGDAO HLDGS,,0.11,-0.004,-3.50877,0.114,0.117,0.117,0.11,35000,4050,0.11,0.117
2026/04/16 14:49:53,00500,先丰服务集团,FRONTIER SER,,0.073,0.005,7.35294,0.068,0.07,0.074,0.07,140000,10044,0.069,0.072
2026/04/16 15:08:38,00501,豪威集团,OMNIVISION,,80.2,1.55,1.97076,78.65,79.0,80.95,78.1,827121,66107357,80.1,80.25
2026/04/16 09:01:27,00505,兴业合金,XINGYE ALLOY,,1.0,0.0,0.0,1.0,0.0,0.0,0.0,0,0,0.96,1.0
2026/04/16 15:09:08,00506,中国食品,CHINA FOODS,,3.73,0.04,1.08401,3.69,3.71,3.73,3.67,1627450,6024321,3.72,3.73
2026/04/16 14:17:21,00508,鼎亿集团投资,DINGYI GP INV,,0.64,0.02,3.22581,0.62,0.62,0.65,0.62,280000,178300,0.62,0.64
2026/04/16 08:55:00,00509,世纪阳光,SUNSHINE,,0.17,0.0,0.0,0.17,0.0,0.0,0.0,0,0,0.0,0.0
2026/04/16 14:28:04,00510,时富金融服务集团,CASH FIN SER GP,,0.495,-0.015,-2.94118,0.51,0.51,0.51,0.45,1314027,626862,0.48,0.5
2026/04/16 15:08:23,00511,电视广播,TVB,,2.91,-0.01,-0.34247,2.92,2.93,2.96,2.9,518900,1512490,2.91,2.93
2026/04/16 15:09:06,00512,远大医药,GRAND PHARMA,,6.83,0.02,0.29369,6.81,6.88,6.88,6.73,2981500,20250697,6.8,6.83
2026/04/16 14:00:01,00513,恒和集团,CONTINENTAL H,,0.141,0.0,0.0,0.141,0.0,0.0,0.0,0,0,0.12,0.14
2026/04/16 08:55:00,00515,中华银科技,CHINASILVER TEC,,0.173,0.0,0.0,0.173,0.0,0.0,0.0,0,0,0.0,0.0
2026/04/16 15:08:42,00517,中远海运国际,COSCO SHIP INTL,,6.24,0.01,0.16051,6.23,6.25,6.26,6.2,1432000,8920280,6.24,6.25
2026/04/16 13:00:10,00518,同得仕（集团）,TUNGTEX (HOLD),,0.185,0.0,0.0,0.185,0.185,0.185,0.185,60000,11100,0.185,0.193
2026/04/16 14:47:29,00519,诺科达科技,NOVAUTEK,,0.17,0.0,0.0,0.17,0.178,0.178,0.17,380000,65940,0.164,0.17
2026/04/16 15:05:23,00520,呷哺呷哺,XIABUXIABU,,0.46,0.015,3.37079,0.445,0.455,0.465,0.445,935500,426160,0.45,0.46
2026/04/16 14:33:50,00521,CWT INT'L,CWT INT'L,,0.27,0.0,0.0,0.27,0.27,0.275,0.265,3270000,884350,0.27,0.275
2026/04/16 15:08:56,00522,ASMPT,ASMPT,,135.1,8.3,6.54574,126.8,125.0,137.1,123.8,6017762,789656072,135.10001,135.2
2026/04/16 13:00:04,00524,长城天下,GW TERROIR,,0.7,0.0,0.0,0.7,0.0,0.0,0.0,10000,6400,0.61,0.69
2026/04/16 15:09:05,00525,广深铁路股份,GUANGSHEN RAIL,,2.31,0.06,2.66667,2.25,2.27,2.37,2.25,11920000,27788224,2.31,2.32
2026/04/16 14:30:52,00526,利时集团控股,LISI GP HOLD,,0.103,0.0,0.0,0.103,0.112,0.112,0.103,196000,20556,0.103,0.108
2026/04/16 15:00:21,00527,瑞风新能源,RUIFENG RENEW,,0.65,-0.02,-2.98508,0.67,0.67,0.67,0.65,2256000,1497000,0.65,0.66
2026/04/16 13:44:49,00528,金达控股,KINGDOM HOLDING,,1.24,0.0,0.0,1.24,0.0,0.0,0.0,0,0,1.26,1.28
2026/04/16 11:29:28,00529,SIS INT'L,SIS INT'L,,1.86,-0.04,-2.10526,1.9,1.83,1.86,1.83,64000,118440,1.84,1.89
2026/04/16 14:47:47,00532,WKK INTL (HOLD),WKK INTL (HOLD),,0.255,0.0,0.0,0.255,0.255,0.265,0.255,112000,28660,0.255,0.26
2026/04/16 14:46:49,00533,金利来集团,GOLDLION HOLD,,1.01,0.01,1.0,1.0,1.01,1.01,1.0,1260500,1265005,1.0,1.01
2026/04/16 15:08:38,00535,金地商置,GEMDALE PPT,,0.121,0.001,0.83333,0.12,0.124,0.125,0.116,2970000,357156,0.12,0.123
2026/04/16 14:13:49,00536,贸易通,TRADELINK,,1.13,-0.01,-0.87719,1.14,1.13,1.14,1.13,94000,106240,1.13,1.14
2026/04/16 14:47:56,00538,味千（中国）,AJISEN (CHINA),,0.99,0.0,0.0,0.99,0.99,0.99,0.98,265000,262340,0.99,1.0
2026/04/16 13:00:03,00540,迅捷环球控股,SPEEDY GLOBAL,,0.212,0.0,0.0,0.212,0.0,0.0,0.0,0,0,0.191,0.215
2026/04/16 11:04:00,00542,中国文旅农业,CN CULTURAL T&A,,1.0,0.0,0.0,1.0,1.12,1.12,1.0,48000,48480,0.9,1.07
2026/04/16 15:04:20,00543,太平洋网络,PACIFIC ONLINE,,0.32,-0.005,-1.53846,0.325,0.325,0.325,0.32,49000,15830,0.32,0.345
2026/04/16 14:10:50,00544,大同集团,DAIDO GROUP,,1.66,0.0,0.0,1.66,1.66,1.66,1.66,5000,8300,1.63,1.7
2026/04/16 15:08:12,00546,阜丰集团,FUFENG GROUP,,7.1,0.06,0.85227,7.04,7.05,7.14,6.96,4115000,28957125,7.09,7.1
2026/04/16 15:00:45,00547,数字王国,DIGITAL DOMAIN,,0.265,0.005,1.92308,0.26,0.26,0.27,0.26,400000,106325,0.265,0.275
2026/04/16 15:03:12,00548,深圳高速公路股份,SHENZHENEXPRESS,,7.45,0.07,0.94851,7.38,7.42,7.57,7.33,1024000,7606730,7.42,7.45
2026/04/16 15:06:28,00550,律齐文化,ALLEGRO CULTURE,,0.83,0.02,2.46914,0.81,0.83,0.88,0.78,2696000,2239800,0.83,0.84
2026/04/16 15:09:12,00551,裕元集团,YUE YUEN IND,,15.99,0.09,0.56604,15.9,16.16,16.16,15.84,3832809,61166650,15.96,15.99
2026/04/16 15:09:02,00552,中国通信服务,CHINACOMSERVICE,,4.24,0.02,0.47393,4.22,4.25,4.26,4.19,3254000,13698650,4.23,4.24
2026/04/16 15:09:09,00553,南京熊猫电子股份,NANJING PANDA,,5.01,0.02,0.4008,4.99,4.96,5.03,4.96,3087000,15440750,5.0,5.01
2026/04/16 14:39:52,00554,汉思集团控股,HANS GP HLDGS,,0.199,0.0,0.0,0.199,0.0,0.0,0.0,0,0,0.191,0.198
2026/04/16 15:04:38,00556,泛亚环保,PAN ASIA ENVIRO,,0.57,-0.01,-1.72414,0.58,0.59,0.59,0.54,2708000,1523000,0.56,0.58
2026/04/16 13:00:22,00557,天元医疗,TIANYUAN HEALTH,,0.465,0.0,0.0,0.465,0.465,0.465,0.465,42000,19530,0.42,0.48
2026/04/16 15:00:20,00558,力劲科技,LK TECH,,2.96,0.06,2.06897,2.9,2.99,2.99,2.89,722750,2132520,2.95,2.96
2026/04/16 08:55:00,00559,德泰新能源集团,DETAI NEWENERGY,,0.126,0.0,0.0,0.126,0.0,0.0,0.0,0,0,0.0,0.0
2026/04/16 14:02:55,00560,珠江船务,CHU KONG SHIP,,0.7,-0.01,-1.40845,0.71,0.69,0.71,0.69,586000,413660,0.7,0.71
2026/04/16 14:47:44,00563,上实城市开发,SH IND URBAN,,0.275,-0.005,-1.78571,0.28,0.28,0.28,0.275,532000,148170,0.275,0.28
2026/04/16 15:09:13,00564,中创智领,ZCZL,,18.64,-0.07,-0.37413,18.71,18.65,18.97,18.4,968400,17942570,18.63,18.67
2026/04/16 15:01:00,00565,锦艺集团控股,ART GROUP HOLD,,2.8,0.08,2.94118,2.72,2.72,2.85,2.66,5940000,16383800,2.79,2.81
2026/04/16 14:53:58,00567,大昌微线集团,DAISHOMICROLINE,,0.295,0.015,5.35714,0.28,0.275,0.295,0.275,1780000,511700,0.29,0.3
2026/04/16 15:09:14,00568,山东墨龙,SHANDONG MOLONG,,8.36,0.0,0.0,8.36,8.2,8.38,8.2,31467200,259946280,8.35,8.36
2026/04/16 15:09:12,00570,中国中药,TRAD CHI MED,,1.82,0.02,1.11111,1.8,1.81,1.82,1.8,6630000,12011520,1.81,1.82
2026/04/16 10:31:45,00571,丰德丽控股,ESUN HOLDINGS,,0.049,0.003,6.52174,0.046,0.047,0.049,0.047,58000,2762,0.049,0.051
2026/04/16 13:18:11,00572,未来世界控股,FW HOLDINGS,,0.43,0.0,0.0,0.43,0.0,0.0,0.0,27,10,0.4,0.49
2026/04/16 13:31:29,00573,稻香控股,TAO HEUNG HLDGS,,0.3,0.0,0.0,0.3,0.3,0.3,0.29,12000,3580,0.3,0.31
2026/04/16 14:52:15,00574,百信国际,PASHUN INT'L,,0.051,0.006,13.33333,0.045,0.045,0.055,0.042,1518000,73504,0.046,0.051
2026/04/16 15:01:54,00575,励晶太平洋,REGENT PACIFIC,,0.7,0.0,0.0,0.7,0.0,0.0,0.0,1850,1260,0.7,0.8
2026/04/16 15:08:59,00576,浙江沪杭甬,ZHEJIANGEXPRESS,,7.64,-0.47,-5.79531,8.11,8.12,8.16,7.58,9015040,70115565,7.61,7.64
2026/04/16 15:07:56,00579,京能清洁能源,JNCEC,,2.27,0.0,0.0,2.27,2.28,2.28,2.25,6040000,13690830,2.27,2.28
2026/04/16 15:01:39,00580,赛晶科技,SUN.KING TECH,,1.64,0.08,5.12821,1.56,1.58,1.67,1.57,3296000,5346280,1.64,1.65
2026/04/16 15:07:09,00581,中国东方集团,CHINA ORIENTAL,,1.33,-0.01,-0.74627,1.34,1.34,1.34,1.32,562000,748120,1.33,1.34
2026/04/16 13:15:28,00582,神话世界,SHIN HWA WORLD,,0.118,-0.002,-1.66667,0.12,0.118,0.118,0.118,420130,49573,0.118,0.133
2026/04/16 13:59:20,00583,长城环亚控股,GWPA HOLDINGS,,0.22,-0.002,-0.9009,0.222,0.22,0.23,0.22,222000,50816,0.218,0.23
2026/04/16 15:04:04,00585,意力国际,IMAGI INT'L,,2.25,-0.1,-4.25532,2.35,2.26,2.4,1.61,738125,1587225,2.19,2.25
2026/04/16 15:09:12,00586,海螺创业,CONCH VENTURE,,11.88,-0.04,-0.33557,11.92,11.92,12.0,11.55,13249500,155548270,11.86,11.88
2026/04/16 15:08:42,00587,海螺环保,CONCH ENVIRO,,0.5,-0.02,-3.84615,0.52,0.51,0.51,0.475,1143000,566732,0.495,0.5
2026/04/16 15:05:41,00588,北京北辰实业股份,BEIJING N STAR,,0.82,0.01,1.23457,0.81,0.82,0.83,0.8,21580000,17592300,0.81,0.82
2026/04/16 15:09:05,00590,六福集团,LUK FOOK HOLD,,23.32,0.08,0.34423,23.24,23.0,23.44,22.9,500000,11602155,23.3,23.32
2026/04/16 15:07:58,00591,中国高精密,C HIGHPRECISION,,0.205,-0.008,-3.75587,0.213,0.214,0.215,0.198,5211000,1060479,0.203,0.213
2026/04/16 15:08:29,00595,AV CONCEPT HOLD,AV CONCEPT HOLD,,0.56,-0.01,-1.75439,0.57,0.57,0.57,0.53,2028000,1112100,0.55,0.57
2026/04/16 15:09:13,00596,浪潮数字企业,INSPUR DIGI ENT,,2.39,-0.05,-2.04918,2.44,2.4,2.53,2.38,7778000,19082020,2.39,2.4
2026/04/16 15:07:19,00598,中国外运,SINOTRANS,,5.07,0.02,0.39604,5.05,5.05,5.12,5.04,4487300,22848395,5.06,5.07
2026/04/16 14:27:11,00599,怡邦行控股,E. BON HOLDINGS,,0.158,0.008,5.33333,0.15,0.158,0.158,0.158,66000,10416,0.158,0.162
2026/04/16 15:08:48,00600,爱芯元智,AXERA,,22.18,1.96,9.69337,20.22,20.9,23.1,20.3,2463400,54424092,22.12,22.18
2026/04/16 13:00:31,00601,稀镁科技,REMT,,0.074,0.0,0.0,0.074,0.074,0.074,0.074,1070000,79180,0.073,0.079
2026/04/16 09:02:38,00602,佳华百货控股,JIAHUA STORES H,,0.04,0.0,0.0,0.04,0.0,0.0,0.0,0,0,0.035,0.04
2026/04/16 15:08:23,00603,中油燃气,CHINA OIL & GAS,,0.176,0.0,0.0,0.176,0.176,0.18,0.173,2752000,482412,0.173,0.175
2026/04/16 15:02:08,00604,深圳控股,SHENZHEN INVEST,,0.78,0.0,0.0,0.78,0.78,0.78,0.77,3305521,2566730,0.77,0.78
2026/04/16 14:57:30,00605,中国金融投资管理,C FIN SERVICES,,0.86,-0.01,-1.14943,0.87,0.81,0.86,0.81,26000,21640,0.85,0.86
2026/04/16 13:00:19,00606,中骏商管,SCE CM,,0.28,0.0,0.0,0.28,0.0,0.0,0.0,0,0,0.285,0.295
2026/04/16 08:55:00,00607,丰盛控股,FULLSHARE,,1.38,0.0,0.0,1.38,0.0,0.0,0.0,0,0,0.0,0.0
2026/04/16 13:00:07,00608,达利国际,HIGH FASHION,,1.15,-0.03,-2.54237,1.18,1.17,1.17,1.15,6000,6960,1.12,1.15
2026/04/16 14:18:11,00609,天德化工,TIANDE CHEMICAL,,1.31,0.0,0.0,1.31,0.0,0.0,0.0,0,0,1.21,1.42
2026/04/16 14:24:14,00610,WAI KEE HOLD,WAI KEE HOLD,,0.92,0.0,0.0,0.92,0.89,0.94,0.88,72000,64640,0.89,0.91
2026/04/16 15:03:07,00611,中国核能科技,CNE TECH CORP,,0.5,0.0,0.0,0.5,0.5,0.5,0.495,634000,316500,0.495,0.51
2026/04/16 08:55:00,00612,嘉文世纪投资公司,CARMEN CENTURY,,0.335,0.0,0.0,0.335,0.0,0.0,0.0,0,0,0.0,0.0
2026/04/16 14:43:00,00613,梧桐国际,PLANETREE INT'L,,1.82,0.12,7.05882,1.7,1.62,1.83,1.6,166000,287060,1.78,1.82
2026/04/16 14:54:17,00616,财富链,ASSET CHAIN,,0.3,0.0,0.0,0.3,0.29,0.315,0.29,2220500,673260,0.295,0.3
2026/04/16 15:08:19,00617,百利保控股,PALIBURG HOLD,,0.179,-0.004,-2.18579,0.183,0.182,0.184,0.179,1673500,306811,0.178,0.183
2026/04/16 10:46:25,00618,北大资源,PKU RESOURCES,,0.315,0.0,0.0,0.315,0.315,0.315,0.315,136000,42840,0.3,0.315
2026/04/16 15:07:50,00619,南华金融,SOUTH CHINA FIN,,0.305,0.01,3.38983,0.295,0.305,0.305,0.3,144000,43820,0.3,0.31
2026/04/16 14:38:25,00620,大唐西市,DTXS SILK ROAD,,0.26,0.0,0.0,0.26,0.26,0.275,0.25,2838000,734240,0.26,0.265
2026/04/16 15:06:08,00621,坛金矿业,TAUNG GOLD,,0.455,-0.005,-1.08696,0.46,0.45,0.46,0.45,390000,178075,0.455,0.46
2026/04/16 15:08:49,00622,威华达控股,OSHIDORI,,1.85,-0.01,-0.53763,1.86,1.86,1.88,1.82,6498000,11960640,1.83,1.85
2026/04/16 11:46:06,00623,中视金桥,SINOMEDIA,,2.02,-0.01,-0.49261,2.03,2.02,2.02,2.0,24000,48460,2.02,2.04
2026/04/16 15:06:11,00626,大众金融控股,PUBLIC FIN HOLD,,1.49,0.01,0.67568,1.48,1.49,1.49,1.47,8000,11840,1.47,1.49
2026/04/16 14:59:40,00627,共生智筑,VISION SYNERGY,,0.45,0.0,0.0,0.45,0.45,0.45,0.45,40049,18021,0.445,0.49
2026/04/16 15:07:11,00628,通通ＡＩ社交,TONGTONG AI SOC,,0.38,-0.03,-7.31707,0.41,0.41,0.43,0.345,26128000,9893540,0.375,0.38
2026/04/16 15:03:49,00629,悦达国际控股,YUE DA INTL,,0.29,-0.005,-1.69492,0.295,0.295,0.3,0.29,285000,84615,0.28,0.29
2026/04/16 11:41:51,00630,隽泰控股,AMCO UNITED,,0.25,-0.01,-3.84615,0.26,0.25,0.25,0.25,20640,5142,0.25,0.27
2026/04/16 15:09:07,00631,三一国际,SANY INT'L,,11.72,-0.09,-0.76207,11.81,11.75,12.07,11.53,5800797,67654831,11.72,11.73
2026/04/16 15:06:33,00632,中港石油,CHK OIL,,0.295,-0.015,-4.83871,0.31,0.305,0.305,0.295,11005000,3324160,0.295,0.3
2026/04/16 10:37:03,00635,彩星集团,PLAYMATES,,0.51,0.0,0.0,0.51,0.51,0.51,0.51,76000,38760,0.51,0.52
2026/04/16 15:09:04,00636,KLN,KLN,,6.65,-0.06,-0.89419,6.71,6.68,6.69,6.61,412600,2741061,6.64,6.66
2026/04/16 14:47:59,00637,利记,LEE KEE,,0.196,0.001,0.51282,0.195,0.196,0.196,0.196,15000,2934,0.195,0.205
2026/04/16 15:08:51,00638,广和通,FIBOCOM,,13.83,0.27,1.99115,13.56,13.38,13.94,13.38,1079200,14838126,13.83,13.89
2026/04/16 15:08:22,00639,首钢资源,SHOUGANG RES,,2.68,0.0,0.0,2.68,2.7,2.72,2.66,6455119,17312509,2.67,2.68
2026/04/16 14:30:00,00640,星谦发展,INFINITY DEV,,2.54,0.0,0.0,2.54,0.0,0.0,0.0,0,0,2.49,2.55
2026/04/16 14:54:34,00641,中国恒天立信国际,CHTC FONG'S INT,,0.345,0.01,2.98508,0.335,0.365,0.365,0.32,8000,2740,0.325,0.345
2026/04/16 14:31:17,00643,恒富控股,CARRY WEALTH,,0.25,-0.01,-3.84615,0.26,0.25,0.25,0.25,320000,80000,0.246,0.249
2026/04/16 14:14:46,00645,安域亚洲,ARES ASIA,,0.191,-0.001,-0.52083,0.192,0.19,0.191,0.19,170000,32362,0.176,0.192
2026/04/16 11:16:50,00646,中国环保科技,CHINA ENV TEC,,0.123,-0.002,-1.6,0.125,0.123,0.123,0.123,160000,19680,0.126,0.125
2026/04/16 14:22:56,00648,京玖康疗,SOFTMEDX,,0.285,-0.005,-1.72414,0.29,0.3,0.3,0.285,78770,22597,0.285,0.295
2026/04/16 15:09:06,00650,普达特科技,PRODUCTIVE TECH,,0.4,-0.03,-6.97674,0.43,0.455,0.46,0.375,41982000,17333170,0.4,0.415
2026/04/16 14:52:08,00653,卓悦控股,BONJOUR HOLD,,0.06,0.0,0.0,0.06,0.06,0.062,0.06,3888000,235908,0.059,0.06
2026/04/16 14:57:57,00655,香港华人有限公司,HK CHINESE LTD,,0.243,0.002,0.82988,0.241,0.242,0.243,0.241,328000,79360,0.242,0.243
2026/04/16 15:09:11,00656,复星国际,FOSUN INTL,,4.2,0.13,3.1941,4.07,4.09,4.22,4.04,9566867,39974822,4.19,4.2
2026/04/16 09:18:28,00657,环科国际,G-VISION INT'L,,0.027,0.0,0.0,0.027,0.0,0.0,0.0,0,0,0.027,0.031
2026/04/16 08:55:00,00658,中国高速传动,C TRANSMISSION,,1.95,0.0,0.0,1.95,0.0,0.0,0.0,0,0,0.0,0.0
2026/04/16 15:08:13,00659,周大福创建,CTF SERVICES,,8.11,0.06,0.74534,8.05,8.07,8.14,8.05,456781,3693924,8.1,8.11
2026/04/16 15:07:13,00660,玮俊生物科技,WAI CHUN BIOTEC,,1.26,0.0,0.0,1.26,1.2,1.46,1.08,8336600,10591952,1.25,1.3
2026/04/16 15:08:30,00661,中国大冶有色金属,CDAYENONFER,,0.143,0.004,2.8777,0.139,0.145,0.15,0.139,61119500,8832397,0.143,0.144
2026/04/16 14:06:00,00662,亚洲金融,ASIA FINANCIAL,,4.7,0.02,0.42735,4.68,4.7,4.7,4.7,40000,188000,4.7,4.72
2026/04/16 14:59:50,00664,铜师傅,TONGSHIFU,,27.3,-0.5,-1.79856,27.8,27.92,27.92,27.0,52300,1434032,27.32,27.4
2026/04/16 15:08:07,00666,瑞浦兰钧,REPT BATTERO,,16.78,0.43,2.62997,16.35,16.58,17.25,16.29,6158800,104183696,16.75,16.78
2026/04/16 15:08:55,00667,中国东方教育,CHINA EAST EDU,,5.22,0.2,3.98406,5.02,5.02,5.31,4.87,12947647,66597481,5.22,5.23
2026/04/16 15:08:54,00669,创科实业,TECHTRONIC IND,,109.8,-1.9,-1.70099,111.7,111.7,112.5,108.8,2909725,319236683,109.8,109.9
2026/04/16 15:09:02,00670,中国东方航空股份,CHINA EAST AIR,,3.97,0.03,0.76142,3.94,3.98,4.04,3.91,17010000,67597340,3.96,3.97
2026/04/16 14:55:12,00672,众安集团,ZHONGAN GROUP,,0.1,0.006,6.38298,0.094,0.094,0.103,0.094,5196200,498186,0.1,0.102
2026/04/16 13:00:30,00673,中国卫生集团,CHINA HEALTH,,0.56,0.0,0.0,0.56,0.0,0.0,0.0,0,0,0.51,0.55
2026/04/16 09:30:02,00674,中国唐商,CHINA TANGSHANG,,0.068,0.0,0.0,0.068,0.0,0.0,0.0,0,0,0.066,0.073
2026/04/16 14:43:36,00675,坚宝国际,K & P INT'L,,0.39,0.0,0.0,0.39,0.36,0.39,0.36,68000,25270,0.365,0.39
2026/04/16 13:00:30,00676,创信国际,PEGASUS INT'L,,1.0,0.0,0.0,1.0,0.0,0.0,0.0,0,0,0.97,1.02
2026/04/16 10:20:03,00677,金源发展国际实业,GOLDEN RES DEV,,0.35,-0.005,-1.40845,0.355,0.355,0.355,0.35,106000,37600,0.35,0.355
2026/04/16 15:09:13,00679,亚洲联网科技,ASIA TELE-NET,,3.73,1.53,69.54546,2.2,2.26,3.75,2.25,19294166,59496853,3.63,3.69
2026/04/16 15:07:33,00681,中民控股,CHI PEOPLE HOLD,,0.026,-0.001,-3.7037,0.027,0.026,0.027,0.026,530000,14296,0.026,0.027
2026/04/16 13:00:13,00682,超大现代,CHAODA MODERN,,0.23,0.0,0.0,0.23,0.0,0.0,0.0,700,153,0.22,0.239
2026/04/16 15:08:01,00683,嘉里建设,KERRY PPT,,22.48,-0.12,-0.53097,22.6,22.6,22.98,22.28,941044,21102380,22.46,22.48
2026/04/16 14:09:51,00684,亚伦国际,ALLAN INT'L,,0.51,0.0,0.0,0.51,0.53,0.53,0.51,42000,22220,0.51,0.53
2026/04/16 13:00:28,00685,世界华文媒体,MEDIA CHINESE,,0.205,-0.01,-4.65116,0.215,0.196,0.205,0.196,2000,401,0.205,0.228
2026/04/16 15:09:00,00686,北京能源国际,BJ ENERGY INTL,,1.07,0.01,0.9434,1.06,1.07,1.07,1.07,30100,32204,1.07,1.08
2026/04/16 15:07:45,00687,泰升集团,TYSAN HOLDINGS,,0.355,0.0,0.0,0.355,0.355,0.36,0.35,302000,107020,0.345,0.36
2026/04/16 15:08:05,00688,中国海外发展,CHINA OVERSEAS,,12.49,0.15,1.21556,12.34,12.34,12.57,12.34,10761311,134458383,12.48,12.49
2026/04/16 15:07:02,00689,长盈集团（控股）,EPI (HOLDINGS),,0.219,-0.014,-6.00858,0.233,0.199,0.24,0.18,65340320,14024285,0.219,0.222
2026/04/16 14:49:25,00690,联康生物科技集团,UNI-BIO GROUP,,0.099,-0.003,-2.94118,0.102,0.106,0.107,0.099,3212000,322004,0.099,0.1
2026/04/16 14:38:45,00691,山水水泥,SHANSHUI CEMENT,,0.41,-0.005,-1.20482,0.415,0.41,0.435,0.41,261000,109795,0.41,0.435
2026/04/16 14:50:03,00693,陈唱国际,TAN CHONG INT'L,,1.52,-0.01,-0.6536,1.53,1.52,1.52,1.52,6000,9120,1.52,1.55
2026/04/16 15:05:57,00694,北京首都机场股份,BEIJING AIRPORT,,1.9,-0.05,-2.5641,1.95,1.97,1.97,1.89,5138000,9812670,1.89,1.9
2026/04/16 15:02:57,00695,东吴水泥,DONGWU CEMENT,,7.42,-0.17,-2.23979,7.59,7.58,7.58,7.37,596000,4473180,7.31,7.43
2026/04/16 15:08:21,00696,中国民航信息网络,TRAVELSKY TECH,,10.11,0.11,1.1,10.0,10.0,10.19,10.0,6476057,65531828,10.11,10.14
2026/04/16 15:09:07,00697,首程控股,SHOUCHENG,,1.68,0.01,0.5988,1.67,1.68,1.69,1.66,29731164,49792312,1.68,1.69
2026/04/16 14:15:55,00698,通达集团,TONGDA GROUP,,2.7,-0.01,-0.369,2.71,2.71,2.71,2.65,76000,205446,2.64,2.7
2026/04/16 15:07:33,00699,均胜电子,JOYSON ELEC,,16.28,0.22,1.36986,16.06,16.4,16.49,16.07,2082500,33921142,16.27,16.28
2026/04/16 15:09:15,00700,腾讯控股,TENCENT,,514.0,15.0,3.00601,499.0,506.5,515.0,504.0,17019571,8684716270,513.5,514.0
2026/04/16 08:55:00,00701,CNT GROUP,CNT GROUP,,0.178,0.0,0.0,0.178,0.0,0.0,0.0,0,0,0.0,0.0
2026/04/16 08:55:00,00702,中国油气控股,SINO OIL & GAS,,0.034,0.0,0.0,0.034,0.0,0.0,0.0,0,0,0.0,0.0
2026/04/16 14:24:34,00703,FUTURE BRIGHT,FUTURE BRIGHT,,0.115,0.019,19.79167,0.096,0.104,0.116,0.104,384000,43470,0.111,0.115
2026/04/16 08:55:00,00704,和嘉控股,HUSCOKE HLDGS,,0.133,0.0,0.0,0.133,0.0,0.0,0.0,0,0,0.0,0.0
2026/04/16 08:55:00,00707,亚洲电视控股,ATV HOLDINGS,,0.06,0.0,0.0,0.06,0.0,0.0,0.0,0,0,0.0,0.0
2026/04/16 08:55:00,00708,恒大汽车,EVERG VEHICLE,,0.17,0.0,0.0,0.17,0.0,0.0,0.0,0,0,0.0,0.0
2026/04/16 14:51:44,00709,佐丹奴国际,GIORDANO INT'L,,1.5,0.01,0.67114,1.49,1.49,1.5,1.48,786129,1172747,1.49,1.5
2026/04/16 15:08:33,00710,京东方精电,BOE VARITRONIX,,4.39,0.09,2.09302,4.3,4.29,4.39,4.27,1266000,5502119,4.37,4.39
2026/04/16 09:00:00,00711,亚洲联合基建控股,ASIA ALLIED INF,,0.43,0.0,0.0,0.43,0.0,0.0,0.0,0,0,0.425,0.435
2026/04/16 14:43:01,00712,卡姆丹克太阳能,COMTEC SOLAR,,0.095,0.0,0.0,0.095,0.095,0.095,0.093,490000,46020,0.094,0.095
2026/04/16 14:19:10,00713,世界（集团）,WORLD HOUSEWARE,,0.385,0.0,0.0,0.385,0.0,0.0,0.0,0,0,0.37,0.38
2026/04/16 15:03:26,00716,胜狮货柜,SINGAMAS CONT,,0.64,0.0,0.0,0.64,0.65,0.65,0.64,492000,318240,0.64,0.65
2026/04/16 15:04:58,00717,英皇资本,EMPEROR CAPITAL,,0.088,0.001,1.14943,0.087,0.086,0.089,0.086,2094000,183762,0.087,0.089
2026/04/16 09:33:12,00718,太和控股,TAI UNITED HOLD,,0.032,0.0,0.0,0.032,0.0,0.0,0.0,0,0,0.03,0.032
2026/04/16 14:59:04,00719,山东新华制药股份,SHANDONG XINHUA,,6.43,0.03,0.46875,6.4,6.4,6.43,6.4,332000,2129960,6.42,6.43
2026/04/16 14:59:05,00720,意达利控股,AUTO ITALIA,,0.365,-0.01,-2.66667,0.375,0.37,0.38,0.33,900000,326875,0.36,0.375
2026/04/16 14:54:00,00721,中国金融国际,C FIN INT INV,,0.066,0.001,1.53846,0.065,0.07,0.07,0.066,190000,12740,0.063,0.066
2026/04/16 14:58:49,00722,联合医务,UMP,,0.465,0.01,2.1978,0.455,0.46,0.465,0.46,140000,64470,0.46,0.465
2026/04/16 15:09:09,00723,信保环球控股,RELIANCE GLO HL,,0.238,0.008,3.47826,0.23,0.237,0.238,0.234,870000,205860,0.235,0.242
2026/04/16 08:55:00,00724,瑞鑫国际集团,RUIXIN INT'L,,0.105,0.0,0.0,0.105,0.0,0.0,0.0,0,0,0.0,0.0
2026/04/16 14:58:48,00725,恒都集团,PERENNIAL INT'L,,0.8,0.0,0.0,0.8,0.8,0.8,0.8,22000,17720,0.8,0.82
2026/04/16 14:19:24,00726,筑友智造科技,DIT GROUP,,0.033,-0.001,-2.94118,0.034,0.034,0.034,0.03,1510000,47460,0.031,0.033
2026/04/16 14:08:31,00727,皇冠环球集团,CROWNICORP,,0.66,0.0,0.0,0.66,0.0,0.0,0.0,0,0,0.63,0.69
2026/04/16 15:09:15,00728,中国电信,CHINA TELECOM,,4.9,0.0,0.0,4.9,4.91,4.94,4.86,67472418,330133968,4.89,4.9
2026/04/16 14:12:16,00730,首惠产业金融,CAPITAL IND FIN,,0.118,-0.001,-0.84034,0.119,0.118,0.118,0.118,209000,24662,0.119,0.122
2026/04/16 14:55:52,00731,建发新胜,C&D NEWIN,,0.3,0.0,0.0,0.3,0.295,0.3,0.295,1106000,328780,0.295,0.3
2026/04/16 14:55:26,00732,信利国际,TRULY INT'L,,1.01,0.02,2.0202,0.99,1.0,1.02,1.0,4000000,4023880,1.0,1.01
2026/04/16 14:06:14,00733,合富辉煌,HOPEFLUENT,,0.235,-0.002,-0.84388,0.237,0.235,0.235,0.235,30000,7050,0.235,0.26
2026/04/16 13:51:07,00736,中国置业投资,CHINA PPT INV,,0.46,-0.03,-6.12245,0.49,0.51,0.51,0.46,61875,29478,0.47,0.485
2026/04/16 14:51:20,00737,湾区发展,BAY AREA DEV,,1.94,-0.01,-0.51282,1.95,1.93,1.94,1.93,250000,482630,1.93,1.94
2026/04/16 14:02:37,00738,莱尔斯丹,LE SAUNDA,,0.34,0.01,3.0303,0.33,0.325,0.34,0.325,16000,5260,0.325,0.335
2026/04/16 15:08:55,00743,亚洲水泥（中国）,ASIA CEMENT CH,,2.1,-0.07,-3.22581,2.17,2.2,2.2,2.1,325000,693735,2.1,2.11
2026/04/16 13:44:37,00745,中国国家文化产业,CN CULTURE GP,,0.89,-0.17,-16.03774,1.06,1.0,1.0,0.89,180000,175800,0.89,0.98
2026/04/16 14:57:11,00746,理文化工,L & M CHEMICAL,,4.9,0.09,1.8711,4.81,4.84,4.9,4.84,44000,214320,4.88,4.93
2026/04/16 14:49:07,00747,渖阳公用发展股份,SHENYANG PUBLIC,,0.093,-0.003,-3.125,0.096,0.087,0.093,0.085,90000,8020,0.085,0.095
2026/04/16 13:37:33,00750,水发兴业能源,SFSY ENERGY,,0.238,0.008,3.47826,0.23,0.24,0.24,0.23,223000,53184,0.225,0.238
2026/04/16 15:08:13,00751,创维集团,SKYWORTH GROUP,,6.32,0.02,0.31746,6.3,6.23,6.41,6.23,616000,3913200,6.32,6.33
2026/04/16 15:03:41,00752,PICO FAR EAST,PICO FAR EAST,,2.51,0.01,0.4,2.5,2.5,2.51,2.5,162000,405460,2.5,2.51
2026/04/16 15:09:09,00753,中国国航,AIR CHINA,,5.1,0.12,2.40964,4.98,5.02,5.14,4.99,23229400,118204686,5.09,5.1
2026/04/16 08:55:00,00754,合生创展集团,HOPSON DEV HOLD,,2.64,0.0,0.0,2.64,0.0,0.0,0.0,0,0,0.0,0.0
2026/04/16 15:08:33,00755,大方广瑞德,DEVGREAT,,0.315,-0.01,-3.07692,0.325,0.29,0.315,0.29,69000,20605,0.305,0.39
2026/04/16 14:30:58,00756,森美控股,SUMMI,,0.66,0.0,0.0,0.66,0.0,0.0,0.0,0,0,0.66,0.75
2026/04/16 15:08:21,00757,阳光能源,SOLARGIGA,,0.071,0.001,1.42857,0.07,0.07,0.071,0.069,1625000,114415,0.069,0.071
2026/04/16 11:45:29,00759,CEC INT'L HOLD,CEC INT'L HOLD,,0.203,0.0,0.0,0.203,0.203,0.203,0.2,30000,6084,0.2,0.203
2026/04/16 15:00:37,00760,新天地产集团,TALENT PPT GP,,0.163,0.011,7.23684,0.152,0.154,0.163,0.154,332500,53090,0.154,0.174
2026/04/16 15:09:05,00762,中国联通,CHINA UNICOM,,7.35,0.05,0.68493,7.3,7.26,7.35,7.26,12818400,93949818,7.34,7.35
2026/04/16 15:09:14,00763,中兴通讯,ZTE,,23.42,-0.54,-2.25376,23.96,23.96,23.96,23.16,26106191,609041436,23.4,23.42
2026/04/16 13:59:00,00764,永恒策略,ETERNITY INV,,0.495,0.0,0.0,0.495,0.0,0.0,0.0,10237,5048,0.38,0.56
2026/04/16 11:17:38,00765,PERFECTECH INTL,PERFECTECH INTL,,0.204,0.0,0.0,0.204,0.204,0.204,0.204,26000,5304,0.2,0.204
2026/04/16 15:07:17,00767,中基长寿科学,ZHONG JI LS,,0.48,0.0,0.0,0.48,0.48,0.48,0.47,340000,162600,0.48,0.49
2026/04/16 09:04:26,00768,开明投资,UBA INVESTMENTS,,0.04,0.0,0.0,0.04,0.0,0.0,0.0,0,0,0.039,0.043
2026/04/16 08:55:00,00769,中国稀土,CHINA RAREEARTH,,0.7,0.0,0.0,0.7,0.0,0.0,0.0,0,0,0.0,0.0
2026/04/16 11:45:04,00770,SHANGHAI GROWTH,SHANGHAI GROWTH,,0.198,0.0,0.0,0.198,0.198,0.198,0.198,50000,9900,0.0,0.2
2026/04/16 14:26:46,00771,自动系统,AUTOMATED SYS,,0.92,0.02,2.22222,0.9,0.9,0.92,0.9,80000,73180,0.9,0.91
2026/04/16 15:09:05,00772,阅文集团,CHINA LIT,,27.12,0.54,2.0316,26.58,26.6,27.26,26.6,3305006,89284272,27.12,27.14
2026/04/16 15:07:01,00775,长江生命科技,CKLIFE SCIENCES,,0.75,0.02,2.73973,0.73,0.73,0.75,0.73,2662000,1968680,0.74,0.75
2026/04/16 14:17:34,00776,帝国科技集团,IMPERIUM TEC GP,,0.94,0.05,5.61798,0.89,0.98,0.99,0.89,55500,51735,0.91,0.94
2026/04/16 15:08:34,00777,网龙,NETDRAGON,,9.26,0.11,1.20219,9.15,9.2,9.31,9.11,2292500,21067467,9.24,9.26
2026/04/16 15:09:04,00780,同程旅行,TONGCHENGTRAVEL,,18.97,0.53,2.87419,18.44,18.44,19.08,18.44,3812864,71794825,18.96,18.97
2026/04/16 15:08:42,00784,凌锐控股,LING YUI,,0.82,-0.09,-9.89011,0.91,0.96,1.06,0.68,79808500,63959090,0.81,0.82
2026/04/16 15:08:00,00788,中国铁塔,CHINA TOWER,,10.95,-0.01,-0.09124,10.96,11.0,11.0,10.8,6674500,72760550,10.95,10.96
2026/04/16 15:08:30,00789,雅天妮集团,ARTINI HLDG,,0.435,0.11,33.84615,0.325,0.305,0.465,0.305,2868500,1060602,0.385,0.4
2026/04/16 09:39:09,00794,锦胜集团（控股）,COME SURE GROUP,,0.28,0.0,0.0,0.28,0.0,0.0,0.0,0,0,0.0,0.345
2026/04/16 13:00:04,00797,第七大道,7ROAD,,0.71,-0.01,-1.38889,0.72,0.72,0.72,0.71,66000,47360,0.71,0.75
2026/04/16 14:59:21,00798,中电光谷,CEOVU,,0.185,0.001,0.54348,0.184,0.189,0.19,0.185,36000,6780,0.185,0.192
2026/04/16 15:01:18,00799,IGG,IGG,,3.1,0.11,3.67893,2.99,2.99,3.15,2.99,2355100,7330489,3.1,3.11
2026/04/16 15:09:00,00800,文远知行－Ｗ,WERIDE-W,,21.44,0.68,3.27553,20.76,20.76,21.7,20.76,3845300,82527374,21.4,21.46
2026/04/16 15:03:16,00804,鼎石资本,PINESTONE,,3.65,0.0,0.0,3.65,3.65,4.08,3.57,325000,1213950,3.65,3.89
2026/04/16 08:55:00,00805,新吉奥房车,NEW GONOW RV,,1.25,0.0,0.0,1.25,0.0,0.0,0.0,0,0,0.0,0.0
2026/04/16 15:05:24,00806,惠理集团,VALUE PARTNERS,,2.1,0.04,1.94175,2.06,2.07,2.1,2.07,866000,1811175,2.1,2.11
2026/04/16 14:32:52,00807,上海实业环境,SIICENVIRONMENT,,1.08,0.0,0.0,1.08,1.08,1.08,1.07,1726000,1850000,1.07,1.08
2026/04/16 14:46:16,00809,大成生化科技,GLOBAL BIO-CHEM,,0.058,0.0,0.0,0.058,0.058,0.06,0.058,8416000,494282,0.058,0.059
2026/04/16 15:03:11,00810,中国铸晨８１,CH CASTSON 81,,0.122,0.0,0.0,0.122,0.122,0.122,0.121,336000,40818,0.121,0.125
2026/04/16 15:00:41,00811,新华文轩,XINHUA WINSHARE,,10.43,-0.02,-0.19139,10.45,10.44,10.54,10.35,380000,3954380,10.39,10.43
2026/04/16 15:07:51,00813,世茂集团,SHIMAO GROUP,,0.173,0.0,0.0,0.173,0.174,0.176,0.171,6914000,1194969,0.172,0.173
2026/04/16 14:37:04,00814,北京京客隆,JINGKELONG,,0.305,0.0,0.0,0.305,0.0,0.0,0.0,0,0,0.29,0.3
2026/04/16 15:08:07,00815,中国白银集团,CHI SILVER GP,,0.485,-0.005,-1.02041,0.49,0.49,0.495,0.48,8440000,4099980,0.48,0.485
2026/04/16 14:45:20,00816,金茂服务,JINMAO SERVICES,,2.55,0.0,0.0,2.55,2.56,2.57,2.55,300000,769140,2.55,2.56
2026/04/16 15:08:44,00817,中国金茂,CHINA JINMAO,,1.56,-0.01,-0.63694,1.57,1.56,1.58,1.53,27638417,42868921,1.55,1.56
2026/04/16 14:26:08,00818,高阳科技,HI SUN TECH,,0.41,0.0,0.0,0.41,0.42,0.42,0.41,705000,290100,0.41,0.415
2026/04/16 15:09:03,00819,天能动力,TIANNENG POWER,,7.96,0.06,0.75949,7.9,7.93,8.1,7.83,4816000,38373802,7.95,7.96
2026/04/16 13:00:13,00821,汇盈控股,VC HOLDINGS,,0.275,0.0,0.0,0.275,0.0,0.0,0.0,0,0,0.26,0.295
2026/04/16 13:53:35,00822,嘉瑞国际,KA SHUI INT'L,,0.295,-0.005,-1.66667,0.3,0.3,0.305,0.295,18000,5410,0.295,0.3
2026/04/16 14:59:00,00825,新世界百货中国,NWDS CHINA,,0.315,0.0,0.0,0.315,0.315,0.315,0.315,1000,315,0.315,0.33
2026/04/16 15:07:40,00826,天工国际,TIANGONG INT'L,,3.5,0.17,5.10511,3.33,3.35,3.52,3.33,14292000,49068760,3.49,3.51
2026/04/16 15:06:21,00827,玖源集团,KO YO GROUP,,0.043,-0.003,-6.52174,0.046,0.043,0.045,0.042,6792000,292732,0.043,0.044
2026/04/16 13:00:22,00828,王朝酒业,DYNASTY WINES,,0.219,0.0,0.0,0.219,0.0,0.0,0.0,0,0,0.21,0.218
2026/04/16 14:33:04,00829,神冠控股,SHENGUAN HLDGS,,0.192,0.004,2.12766,0.188,0.189,0.193,0.189,1148000,219162,0.192,0.195
2026/04/16 11:18:46,00830,中国建筑兴业,CSC DEVELOPMENT,,0.86,0.0,0.0,0.86,0.85,0.86,0.85,24000,20520,0.84,0.86
2026/04/16 15:08:45,00831,利亚零售,CR ASIA,,0.39,0.005,1.2987,0.385,0.39,0.39,0.385,1856000,723060,0.385,0.39
2026/04/16 11:12:30,00832,建业地产,CENTRAL CHINA,,0.052,0.0,0.0,0.052,0.0,0.0,0.0,0,0,0.047,0.052
2026/04/16 14:59:04,00833,华讯,ALLTRONICS,,0.58,0.02,3.57143,0.56,0.56,0.58,0.56,580000,330240,0.57,0.58
2026/04/16 14:19:54,00834,康大食品,KANGDA FOOD,,0.27,0.005,1.88679,0.265,0.27,0.27,0.27,124000,33480,0.27,0.29
2026/04/16 15:09:05,00836,华润电力,CHINA RES POWER,,18.8,-0.08,-0.42373,18.88,18.88,19.02,18.74,7347800,138575179,18.8,18.81
2026/04/16 14:23:02,00837,谭木匠,CARPENTER TAN,,7.79,0.02,0.2574,7.77,7.77,7.8,7.76,11500,89490,7.79,7.84
2026/04/16 15:00:08,00838,亿和控股,EVA HOLDINGS,,0.8,0.03,3.8961,0.77,0.79,0.8,0.78,9926000,7826880,0.79,0.81
2026/04/16 15:08:30,00839,中教控股,CHINA EDU GROUP,,2.57,0.01,0.39063,2.56,2.55,2.59,2.55,3025000,7786900,2.57,2.58
2026/04/16 10:59:28,00840,天业节水,TIANYE WATER,,0.215,0.0,0.0,0.215,0.0,0.0,0.0,0,0,0.0,0.242
2026/04/16 14:23:56,00841,木薯资源,CASSAVA RES,,0.175,0.003,1.74419,0.172,0.173,0.175,0.173,94000,16442,0.168,0.175
2026/04/16 15:05:21,00842,理士国际,LEOCH INT'L,,1.07,0.09,9.18367,0.98,0.99,1.1,0.98,6830000,7233700,1.06,1.08
2026/04/16 15:07:17,00844,广泰国际控股,GREATIME INTL,,0.4,0.0,0.0,0.4,0.0,0.0,0.0,0,0,0.335,0.465
2026/04/16 08:55:00,00845,恒盛地产,GLORIOUS PPT H,,0.01,0.0,0.0,0.01,0.0,0.0,0.0,0,0,0.0,0.0
2026/04/16 08:55:00,00846,明发集团,MINGFA GROUP,,0.102,0.0,0.0,0.102,0.0,0.0,0.0,0,0,0.0,0.0
2026/04/16 13:00:28,00848,茂业国际,MAOYE INT'L,,0.121,0.002,1.68067,0.119,0.121,0.121,0.121,25000,3025,0.12,0.132
2026/04/16 14:58:45,00851,盛源控股,SHENG YUAN HLDG,,0.199,0.0,0.0,0.199,0.0,0.0,0.0,0,0,0.181,0.21
2026/04/16 08:55:00,00852,海峡石油化工,STRONG PETRO,,0.166,0.0,0.0,0.166,0.0,0.0,0.0,0,0,0.0,0.0
2026/04/16 15:09:05,00853,微创医疗,MICROPORT,,9.6,0.34,3.67171,9.26,9.33,9.73,9.19,17560838,167226786,9.6,9.61
2026/04/16 13:45:06,00854,威雅利,WILLAS-ARRAY,,5.31,0.0,0.0,5.31,5.31,5.31,5.31,4000,21240,5.32,5.58
2026/04/16 14:59:42,00855,中国水务,CHINA WATER,,4.93,0.01,0.20325,4.92,4.88,4.95,4.88,621814,3058624,4.92,4.94
2026/04/16 15:08:50,00856,伟仕佳杰,VSTECS,,9.07,-0.01,-0.11013,9.08,9.32,9.32,8.96,4710000,42626290,9.07,9.08
2026/04/16 15:08:53,00857,中国石油股份,PETROCHINA,,10.58,0.0,0.0,10.58,10.48,10.65,10.44,65395816,691457346,10.58,10.59
2026/04/16 13:34:18,00858,精优药业,EXTRAWELL PHAR,,0.08,0.0,0.0,0.08,0.078,0.082,0.077,620000,49760,0.078,0.08
2026/04/16 10:24:46,00859,中昌国际控股,ZHONGCHANG INTL,,0.133,0.0,0.0,0.133,0.0,0.0,0.0,0,0,0.0,0.133
2026/04/16 15:06:30,00860,ＡＰＯＬＬＯ出行,APOLLO FMG,,0.42,0.01,2.43902,0.41,0.425,0.425,0.42,24000,10160,0.4,0.425
2026/04/16 15:09:15,00861,神州控股,DC HOLDINGS,,2.07,-0.04,-1.89574,2.11,2.03,2.08,2.03,405028,835997,2.07,2.08
2026/04/16 15:08:25,00862,远见控股,VISION VALUES,,0.056,0.017,43.58974,0.039,0.04,0.069,0.04,16754000,876168,0.053,0.056
2026/04/16 15:07:54,00863,ＯＳＬ集团,OSL GROUP,,13.77,-0.11,-0.79251,13.88,13.88,14.1,13.7,2094170,28993764,13.73,13.77
2026/04/16 09:00:12,00864,永利地产发展,WING LEE PPT,,0.218,0.0,0.0,0.218,0.0,0.0,0.0,0,0,0.0,0.218
2026/04/16 13:26:14,00865,建德国际控股,JIANDE INT'L,,0.04,0.0,0.0,0.04,0.0,0.0,0.0,2000,56,0.038,0.04
2026/04/16 15:02:01,00866,中国秦发,CHINA QINFA,,2.98,-0.08,-2.61438,3.06,3.06,3.08,2.9,7658000,22805186,2.98,3.0
2026/04/16 15:09:09,00867,康哲药业,CMS,,14.16,-0.26,-1.80305,14.42,14.37,14.37,13.79,3748000,52431055,14.11,14.16
2026/04/16 15:09:12,00868,信义玻璃,XINYI GLASS,,9.85,0.07,0.71575,9.78,9.81,9.9,9.63,5334713,52011796,9.84,9.85
2026/04/16 14:50:07,00869,彩星玩具,PLAYMATES TOYS,,0.46,0.0,0.0,0.46,0.46,0.46,0.46,845400,388856,0.46,0.465
2026/04/16 13:00:19,00871,中国疏浚环保,CH DREDG ENV,,0.08,0.005,6.66667,0.075,0.08,0.08,0.08,20000,1600,0.076,0.084
2026/04/16 14:58:11,00873,世茂服务,SHIMAO SERVICES,,0.57,0.01,1.78571,0.56,0.56,0.57,0.55,1045000,584940,0.56,0.57
2026/04/16 15:07:22,00874,白云山,BAIYUNSHAN PH,,17.04,0.06,0.35336,16.98,17.08,17.08,16.9,1216000,20656790,17.02,17.04
2026/04/16 15:06:29,00875,从玉智农,CONGYU INTE AGR,,0.79,0.0,0.0,0.79,0.82,0.83,0.77,1319699,1053828,0.79,0.8
2026/04/16 14:43:35,00876,佳兆业健康,KAISA HEALTH,,0.11,0.002,1.85185,0.108,0.112,0.112,0.11,760000,83830,0.106,0.11
2026/04/16 14:47:13,00878,金朝阳集团,SOUNDWILL HOLD,,7.12,0.08,1.13636,7.04,7.04,7.13,7.04,33000,233880,7.09,7.12
2026/04/16 15:08:55,00880,澳博控股,SJM HOLDINGS,,2.14,0.01,0.46948,2.13,2.12,2.16,2.12,5170244,11062757,2.14,2.15
2026/04/16 15:08:35,00881,中升控股,ZHONGSHENG HLDG,,7.7,0.02,0.26042,7.68,7.7,7.78,7.61,3690000,28325250,7.7,7.71
2026/04/16 14:53:44,00882,天津发展,TIANJIN DEV,,2.44,0.03,1.24481,2.41,2.43,2.46,2.43,128000,311840,2.44,2.45
2026/04/16 15:09:13,00883,中国海洋石油,CNOOC,,26.66,0.44,1.67811,26.22,26.34,26.98,26.14,63830521,1701695232,26.66,26.68
2026/04/16 15:07:20,00884,旭辉控股集团,CIFI HOLD GP,,0.072,0.003,4.34783,0.069,0.07,0.072,0.07,84585640,6018369,0.071,0.072
2026/04/16 15:04:08,00887,英皇钟表珠宝,EMPEROR WATCH&J,,0.315,0.0,0.0,0.315,0.32,0.32,0.315,770000,246200,0.315,0.325
2026/04/16 14:35:26,00888,链信控股,BLOCKFIN HLDG,,0.053,-0.002,-3.63636,0.055,0.052,0.053,0.052,88000,4662,0.054,0.063
2026/04/16 09:04:27,00889,连达科技控股,DATRONIX HOLD,,0.31,0.0,0.0,0.31,0.0,0.0,0.0,0,0,0.29,0.32
2026/04/16 14:46:34,00893,中国铁钛,CHINAVTM MINING,,0.079,-0.001,-1.25,0.08,0.079,0.08,0.079,120000,9490,0.079,0.084
2026/04/16 13:57:59,00894,万裕科技,MAN YUE TECH,,0.78,-0.01,-1.26582,0.79,0.78,0.78,0.78,58000,45240,0.78,0.79
2026/04/16 15:06:13,00895,东江环保,DONGJIANG ENV,,2.12,0.04,1.92308,2.08,2.11,2.15,2.07,732800,1549059,2.12,2.13
2026/04/16 14:26:03,00896,兴胜创建,HANISON,,0.248,0.001,0.40486,0.247,0.241,0.248,0.241,130000,31848,0.242,0.249
2026/04/16 14:07:39,00897,位元堂,WAI YUEN TONG,,0.345,0.0,0.0,0.345,0.345,0.345,0.345,65000,22425,0.34,0.35
2026/04/16 13:18:33,00898,万事昌国际,MULTIFIELD INTL,,0.93,0.0,0.0,0.93,0.0,0.0,0.0,0,0,0.96,1.01
2026/04/16 14:32:18,00899,中加国信,ZHONG JIA GX,,0.214,0.0,0.0,0.214,0.0,0.0,0.0,0,0,0.193,0.206
2026/04/16 14:39:47,00900,AEON CREDIT,AEON CREDIT,,8.27,-0.03,-0.36145,8.3,8.31,8.31,8.27,18000,149260,8.29,8.31
2026/04/16 15:09:00,00902,华能国际电力股份,HUANENG POWER,,6.21,-0.02,-0.32103,6.23,6.2,6.28,6.19,23654040,147323440,6.2,6.21
2026/04/16 14:58:09,00905,胡桃资本,WALNUT CAP,,0.226,-0.005,-2.1645,0.231,0.231,0.237,0.222,4368000,999728,0.225,0.229
2026/04/16 13:14:32,00907,高雅光学,ELEGANCEOPTICAL,,0.057,-0.002,-3.38983,0.059,0.059,0.06,0.056,1220000,71080,0.057,0.061
2026/04/16 15:07:21,00909,明源云,MING YUAN CLOUD,,2.32,0.04,1.75439,2.28,2.28,2.34,2.28,3366000,7789890,2.31,2.32
2026/04/16 08:55:00,00910,中国三迪,CHINA SANDI,,0.014,0.0,0.0,0.014,0.0,0.0,0.0,0,0,0.0,0.0
2026/04/16 14:12:53,00911,前海健康,QIANHAI HEALTH,,0.305,0.03,10.90909,0.275,0.305,0.305,0.305,22925,6862,0.28,0.3
2026/04/16 14:38:07,00912,信佳国际,SUGA INT'L,,1.06,0.02,1.92308,1.04,1.06,1.06,1.03,38000,40220,1.04,1.07
2026/04/16 14:47:09,00913,港湾数字,HARBOUR DIGITAL,,0.196,0.001,0.51282,0.195,0.194,0.196,0.194,270000,52650,0.195,0.203
2026/04/16 15:09:10,00914,海螺水泥,CONCH CEMENT,,20.46,-0.44,-2.10526,20.9,20.9,21.0,20.22,11649500,238554513,20.46,20.5
2026/04/16 13:01:04,00915,道和环球,DAOHE GLOBAL,,0.06,0.0,0.0,0.06,0.0,0.0,0.0,0,0,0.053,0.058
2026/04/16 15:09:11,00916,龙源电力,CHINA LONGYUAN,,6.41,0.11,1.74603,6.3,6.35,6.44,6.29,36572295,232413616,6.41,6.42
2026/04/16 15:09:04,00917,趣致集团,QUNABOX GROUP,,17.66,-0.2,-1.11982,17.86,18.19,18.6,17.59,8042400,144916679,17.66,17.67
2026/04/16 14:59:31,00918,龙翼航空科技,MAJESTIC DRAGON,,0.76,-0.02,-2.5641,0.78,0.78,0.8,0.76,162000,125160,0.75,0.79
2026/04/16 15:04:52,00919,现代健康科技,MODERNHEALTHTEC,,0.087,0.0,0.0,0.087,0.0,0.0,0.0,0,0,0.082,0.087
2026/04/16 15:08:56,00921,海信家电,HISENSE HA,,21.42,0.28,1.3245,21.14,21.36,21.48,21.06,422700,8977790,21.38,21.42
2026/04/16 13:40:16,00922,安贤园中国,ANXIANYUAN CH,,0.132,0.004,3.125,0.128,0.13,0.132,0.129,290000,37860,0.132,0.136
2026/04/16 09:00:02,00923,综合环保集团,IWS,,0.019,0.0,0.0,0.019,0.0,0.0,0.0,0,0,0.018,0.019
2026/04/16 09:04:38,00924,坤集团,KHOON GROUP,,0.123,0.0,0.0,0.123,0.0,0.0,0.0,0,0,0.123,0.0
2026/04/16 13:05:07,00926,碧生源,BESUNYEN,,2.5,0.0,0.0,2.5,0.0,0.0,0.0,0,0,2.44,2.66
2026/04/16 14:16:14,00927,富士高实业,FUJIKON IND,,0.52,0.01,1.96078,0.51,0.51,0.52,0.51,110000,57100,0.51,0.53
2026/04/16 14:49:00,00928,帝王国际投资,KING INTL INV,,0.079,0.0,0.0,0.079,0.077,0.08,0.077,440012,34740,0.079,0.082
2026/04/16 13:58:35,00929,国际精密,IPE GROUP,,0.57,-0.03,-5.0,0.6,0.57,0.59,0.56,250000,144250,0.56,0.58
2026/04/16 15:02:36,00931,中国港能,CHINA HK POWER,,0.345,0.005,1.47059,0.34,0.34,0.355,0.335,6561500,2270245,0.345,0.35
2026/04/16 10:50:43,00932,顺腾国际控股,SHUNTEN INTL,,0.029,0.0,0.0,0.029,0.029,0.029,0.029,2400000,69600,0.028,0.029
2026/04/16 15:09:13,00933,非凡领越,VIVA GOODS,,0.59,-0.04,-6.34921,0.63,0.63,0.63,0.57,7794000,4617200,0.58,0.59
2026/04/16 15:08:28,00934,中石化冠德,SINOPEC KANTONS,,4.07,-0.01,-0.2451,4.08,4.11,4.11,4.06,958000,3900620,4.07,4.08
2026/04/16 14:23:48,00936,佳兆业资本,KAISA CAPITAL,,0.26,-0.005,-1.88679,0.265,0.25,0.26,0.25,100000,25300,0.26,0.29
2026/04/16 14:58:46,00938,民生国际,MAN SANG INT'L,,0.47,-0.005,-1.05263,0.475,0.49,0.54,0.47,2078000,1037460,0.47,0.475
2026/04/16 15:09:14,00939,建设银行,CCB,,8.54,0.06,0.70755,8.48,8.48,8.55,8.48,120627433,1028454707,8.53,8.54
2026/04/16 15:09:13,00941,中国移动,CHINA MOBILE,,81.5,0.15,0.18439,81.35,81.35,82.0,81.3,14409797,1177889782,81.5,81.55
2026/04/16 14:41:06,00943,中证国际,ZHONGZHENG INTL,,0.18,0.0,0.0,0.18,0.18,0.18,0.18,48070,8651,0.171,0.18
2026/04/16 15:02:56,00945,宏利金融－Ｓ,MANULIFE-S,,299.2,6.6,2.25564,292.6,303.2,304.4,297.2,41498,12473736,297.20001,299.20001
2026/04/16 13:50:37,00947,摩比发展,MOBI DEV,,0.181,-0.009,-4.73684,0.19,0.186,0.188,0.18,2526000,467024,0.181,0.19
2026/04/16 14:49:37,00948,阿尔法企业,ALPHA PRO HLDGS,,0.335,-0.005,-1.47059,0.34,0.335,0.335,0.335,47000,15080,0.255,0.34
2026/04/16 15:06:53,00950,李氏大药厂,LEE'S PHARM,,1.25,0.0,0.0,1.25,1.26,1.28,1.23,178000,221360,1.24,1.25
2026/04/16 15:01:19,00951,超威动力,CHAOWEI POWER,,1.76,0.06,3.52941,1.7,1.7,1.79,1.7,2881000,5030240,1.73,1.76
2026/04/16 13:00:01,00952,华富建业金融,QUAM PLUS FIN,,0.14,0.0,0.0,0.14,0.0,0.0,0.0,10000,1390,0.139,0.144
2026/04/16 15:02:59,00953,邵氏兄弟控股,SHAW BROTHERS,,0.234,-0.002,-0.84746,0.236,0.229,0.238,0.227,954000,221594,0.226,0.238
2026/04/16 09:30:04,00954,常茂生物,CHANGMAO BIO,,0.33,0.0,0.0,0.33,0.0,0.0,0.0,0,0,0.33,0.35
2026/04/16 15:09:01,00956,新天绿色能源,CHINA SUNTIEN,,3.85,0.02,0.52219,3.83,3.79,3.85,3.79,3025000,11568809,3.84,3.85
2026/04/16 08:55:00,00959,世纪娱乐国际,CENTURY ENT INT,,0.72,0.0,0.0,0.72,0.0,0.0,0.0,0,0,0.0,0.0
2026/04/16 15:09:12,00960,龙湖集团,LONGFOR GROUP,,8.24,0.16,1.9802,8.08,8.18,8.27,8.05,11911460,97523099,8.23,8.24
2026/04/16 15:09:13,00966,中国太平,CHINA TAIPING,,22.18,0.2,0.90992,21.98,22.1,22.46,21.9,6710791,148943056,22.16,22.18
2026/04/16 15:08:58,00968,信义光能,XINYI SOLAR,,2.95,0.04,1.37457,2.91,2.92,2.98,2.92,33772187,99513386,2.95,2.96
2026/04/16 13:00:26,00969,华联国际,HUA LIEN INT'L,,0.095,0.0,0.0,0.095,0.0,0.0,0.0,0,0,0.09,0.097
2026/04/16 14:14:21,00970,新耀莱,NEW SPARKLEROLL,,0.455,0.015,3.40909,0.44,0.44,0.455,0.44,110000,49490,0.455,0.475
2026/04/16 13:00:21,00974,中国顺客隆,SKL,,0.8,0.0,0.0,0.8,0.0,0.0,0.0,0,0,0.8,0.85
2026/04/16 15:08:03,00975,MONGOL MINING,MONGOL MINING,,10.48,0.11,1.06075,10.37,10.46,10.49,10.31,1530700,15932481,10.45,10.49
2026/04/16 08:55:00,00976,齐合环保,CHIHO ENV,,0.43,0.0,0.0,0.43,0.0,0.0,0.0,0,0,0.0,0.0
2026/04/16 14:42:16,00978,招商局置地,CHI MER LAND,,0.25,0.001,0.40161,0.249,0.243,0.25,0.243,1796000,447508,0.241,0.25
2026/04/16 14:59:52,00979,绿色能源科技集团,GREEN ENERGY GP,,0.285,-0.01,-3.38983,0.295,0.29,0.29,0.285,402000,115580,0.28,0.29
2026/04/16 13:42:31,00980,联华超市,LIANHUA,,0.285,0.01,3.63636,0.275,0.275,0.285,0.265,426000,118065,0.285,0.3
2026/04/16 15:09:13,00981,中芯国际,SMIC,,59.85,0.55,0.92749,59.3,59.3,60.15,58.75,39188662,2331894677,59.8,59.85
2026/04/16 14:49:25,00983,瑞安建业,SOCAM DEV,,0.335,-0.005,-1.47059,0.34,0.335,0.335,0.335,8000,2680,0.33,0.37
2026/04/16 13:00:04,00984,永旺,AEON STORES,,0.32,0.0,0.0,0.32,0.315,0.32,0.315,12500,3940,0.32,0.345
2026/04/16 15:08:54,00986,杜甫酒业集团,DUFU LIQUOR GP,,0.038,-0.007,-15.55556,0.045,0.042,0.045,0.038,3740000,153628,0.038,0.042
2026/04/16 14:51:57,00987,中国再生能源投资,CH RENEW EN INV,,0.183,0.0,0.0,0.183,0.185,0.186,0.183,855083,157953,0.183,0.185
2026/04/16 15:08:01,00989,中国长白山国际,CHINA CBS INTL,,0.64,0.0,0.0,0.64,0.0,0.0,0.0,0,0,0.61,0.64
2026/04/16 14:56:58,00990,至源控股,DEEP SOURCE,,0.81,0.0,0.0,0.81,0.82,0.82,0.79,6530000,5230600,0.8,0.81
2026/04/16 15:08:53,00991,大唐发电,DATANG POWER,,2.5,-0.01,-0.39841,2.51,2.51,2.53,2.49,10019000,25072450,2.5,2.51
2026/04/16 15:09:15,00992,联想集团,LENOVO GROUP,,11.11,0.53,5.00945,10.58,10.62,11.15,10.55,104103601,1131586405,11.11,11.12
2026/04/16 14:49:49,00993,信控国际资本,XINKONG INT CAP,,0.114,-0.004,-3.38983,0.118,0.112,0.114,0.112,30000,3379,0.107,0.114
2026/04/16 15:09:08,00994,中天宏信,CT VISION,,0.32,0.0,0.0,0.32,0.31,0.32,0.3,420000,130760,0.31,0.325
2026/04/16 15:07:44,00995,安徽皖通高速公路,ANHUIEXPRESSWAY,,15.41,0.03,0.19506,15.38,15.38,15.71,15.15,1556000,23902440,15.34,15.41
2026/04/16 14:31:02,00997,普汇中金国际,CHINLINK INTL,,0.021,-0.002,-8.69565,0.023,0.023,0.023,0.021,24000,536,0.021,0.023
2026/04/16 15:09:00,00998,中信银行,CITIC BANK,,8.06,-0.12,-1.46699,8.18,8.2,8.2,8.04,9608151,77687311,8.06,8.08
2026/04/16 15:06:16,00999,小菜园,XIAOCAIYUAN,,6.61,0.13,2.00617,6.48,6.52,6.65,6.47,1280000,8377648,6.6,6.61
2026/04/16 13:00:16,01000,北青传媒,BEIJING MEDIA,,0.66,0.0,0.0,0.66,0.66,0.66,0.66,500,330,0.66,0.69
2026/04/16 09:00:10,01001,沪港联合,HK SH ALLIANCE,,0.38,0.0,0.0,0.38,0.0,0.0,0.0,0,0,0.365,0.38
2026/04/16 13:00:11,01002,威铖国际,V.S. INT'L,,0.052,0.0,0.0,0.052,0.0,0.0,0.0,0,0,0.049,0.055
2026/04/16 14:45:03,01003,欢喜传媒,HUANXI MEDIA,,0.232,-0.007,-2.92887,0.239,0.238,0.242,0.232,790000,185040,0.232,0.234
2026/04/16 14:35:11,01004,中国智慧能源,C SMARTERENERGY,,0.3,-0.025,-7.69231,0.325,0.3,0.3,0.3,10100,3028,0.3,0.325
2026/04/16 13:00:28,01005,MATRIX HOLDINGS,MATRIX HOLDINGS,,0.43,0.0,0.0,0.43,0.0,0.0,0.0,0,0,0.4,0.44
2026/04/16 08:55:00,01007,龙辉国际控股,LONGHUI INTL,,0.07,0.0,0.0,0.07,0.0,0.0,0.0,0,0,0.0,0.0
2026/04/16 10:06:20,01008,力图控股,LITU HOLDINGS,,0.2,0.0,0.0,0.2,0.0,0.0,0.0,0,0,0.194,0.2
2026/04/16 11:04:29,01009,国际娱乐,INT'L ENT,,1.12,0.0,0.0,1.12,1.16,1.16,1.12,70000,80800,1.11,1.16
2026/04/16 13:54:28,01010,天玺曜１１,SKY BLUE 11,,0.073,-0.001,-1.35135,0.074,0.074,0.074,0.073,1332000,97238,0.07,0.074
2026/04/16 15:07:25,01011,泰凌医药,NT PHARMA,,0.59,-0.08,-11.9403,0.67,0.66,0.66,0.55,1331656,782335,0.58,0.6
2026/04/16 15:00:13,01013,伟俊集团控股,WAI CHUN GROUP,,1.09,0.0,0.0,1.09,1.09,1.1,0.94,337625,366906,1.04,1.1
2026/04/16 15:08:04,01020,中细软科技,CIPRUN TECH,,0.29,-0.01,-3.33333,0.3,0.295,0.305,0.28,9764000,2800740,0.285,0.29
2026/04/16 15:08:40,01021,华沿机器人,HUAYAN ROBOTICS,,20.54,0.3,1.48221,20.24,19.97,20.7,19.88,3146200,63821042,20.54,20.6
2026/04/16 14:27:56,01022,飞鱼科技,FEIYU,,0.53,0.0,0.0,0.53,0.53,0.53,0.51,619500,326580,0.52,0.53
2026/04/16 15:09:15,01023,时代集团控股,SITOY GROUP,,0.5,0.0,0.0,0.5,0.5,0.5,0.485,1212000,598405,0.495,0.5
2026/04/16 15:09:16,01024,快手－Ｗ,KUAISHOU-W,,46.8,1.14,2.49672,45.66,46.2,47.02,46.16,33194379,1547329374,46.78,46.8
2026/04/16 15:05:16,01025,嘉艺控股,KNT HOLDINGS,,0.275,-0.025,-8.33333,0.3,0.295,0.295,0.27,2808000,786240,0.275,0.28
2026/04/16 13:07:44,01026,环球实业科技,UNIVERSAL TECH,,0.067,-0.002,-2.89855,0.069,0.069,0.074,0.067,410000,28470,0.067,0.07
2026/04/16 14:30:13,01027,亚洲策略科技,ASIA STRAT TECH,,2.9,-0.2,-6.45161,3.1,2.9,2.9,2.9,17750,51487,2.9,3.08
2026/04/16 14:23:10,01028,千百度,C.BANNER,,0.71,0.0,0.0,0.71,0.7,0.71,0.69,122000,85210,0.68,0.7
2026/04/16 11:26:54,01029,铁货,IRC,,0.54,0.01,1.88679,0.53,0.53,0.54,0.53,33800,17852,0.54,0.55
2026/04/16 15:08:08,01030,新城发展,SEAZEN,,2.15,-0.01,-0.46296,2.16,2.14,2.17,2.14,6650000,14333590,2.15,2.16
2026/04/16 15:08:59,01033,中石化油服,SINOPEC SSC,,0.83,-0.01,-1.19048,0.84,0.84,0.84,0.83,26417000,21976740,0.83,0.84
2026/04/16 14:06:11,01036,万科海外,VANKE OVERSEAS,,1.85,-0.03,-1.59575,1.88,1.86,1.86,1.85,79945,148500,1.85,1.88
2026/04/16 14:55:23,01037,云智汇科技,MAXNERVA TECH,,0.495,0.015,3.125,0.48,0.5,0.5,0.495,214000,106930,0.485,0.5
2026/04/16 15:06:37,01038,长江基建集团,CKI HOLDINGS,,65.3,0.4,0.61633,64.9,64.9,65.45,64.8,640443,41721088,65.25,65.3
2026/04/16 14:47:30,01039,畅由国际集团,CHANGYOU INT GP,,0.053,0.0,0.0,0.053,0.053,0.053,0.053,2000,106,0.052,0.067
2026/04/16 15:07:52,01044,恒安国际,HENGAN INT'L,,26.96,-0.58,-2.10603,27.54,27.44,27.88,26.9,2685000,72744694,26.96,26.98
2026/04/16 15:07:22,01045,亚太卫星,APT SATELLITE,,3.53,-0.02,-0.56338,3.55,3.55,3.58,3.45,2824000,9922560,3.53,3.55
2026/04/16 14:24:34,01046,寰宇娱乐文化,UNIVERSE ENT,,0.3,-0.005,-1.63934,0.305,0.3,0.3,0.3,9000,2590,0.3,0.315
2026/04/16 14:25:22,01047,毅兴行,NGAI HING HONG,,0.325,0.0,0.0,0.325,0.0,0.0,0.0,0,0,0.32,0.34
2026/04/16 13:32:52,01049,时富投资,CELESTIAL ASIA,,1.3,-0.01,-0.76336,1.31,1.29,1.3,1.29,136000,176680,1.28,1.31
2026/04/16 15:04:41,01050,嘉利国际,KARRIE INT'L,,2.15,-0.07,-3.15315,2.22,2.22,2.22,2.14,2330000,5027020,2.14,2.15
2026/04/16 15:02:37,01051,国际资源,G-RESOURCES,,10.94,-0.01,-0.09132,10.95,10.99,11.06,10.9,39700,435833,10.9,10.96
2026/04/16 15:06:28,01052,越秀交通基建,YUEXIUTRANSPORT,,4.12,-0.02,-0.48309,4.14,4.14,4.14,4.07,1008838,4131273,4.11,4.12
2026/04/16 15:08:33,01053,重庆钢铁股份,CHONGQING IRON,,1.15,0.01,0.87719,1.14,1.15,1.16,1.14,4714000,5429160,1.14,1.15
2026/04/16 15:08:49,01055,中国南方航空股份,CHINA SOUTH AIR,,4.25,0.04,0.95012,4.21,4.26,4.33,4.24,15377900,65839369,4.25,4.26
2026/04/16 15:08:59,01057,浙江世宝,ZHEJIANG SHIBAO,,5.76,0.24,4.34783,5.52,5.62,6.02,5.62,30665000,178478420,5.76,5.78
2026/04/16 10:33:15,01058,南粤控股,NAMYUE HOLDINGS,,0.39,0.02,5.40541,0.37,0.39,0.39,0.39,6000,2340,0.335,0.39
2026/04/16 14:42:19,01059,看通集团,KANTONE HOLDING,,0.4,-0.005,-1.23457,0.405,0.4,0.4,0.4,24000,9600,0.35,0.425
2026/04/16 15:08:10,01060,大麦娱乐,DAMAI ENT,,0.62,0.02,3.33333,0.6,0.61,0.63,0.6,89711002,55296111,0.62,0.63
2026/04/16 15:01:33,01061,亿胜生物科技,ESSEX BIO-TECH,,3.42,0.04,1.18343,3.38,3.38,3.45,3.33,437000,1481740,3.38,3.4
2026/04/16 14:24:20,01062,国开国际投资,CDB INT'L INV,,0.103,0.0,0.0,0.103,0.0,0.0,0.0,0,0,0.097,0.101
2026/04/16 14:46:53,01063,新确科技,SUNCORP TECH,,0.104,0.0,0.0,0.104,0.104,0.104,0.104,56500,5830,0.103,0.104
2026/04/16 13:50:12,01064,中华国际,ZHONG HUA INT'L,,0.079,0.0,0.0,0.079,0.079,0.079,0.079,100000,7900,0.079,0.085
2026/04/16 15:00:33,01065,天津创业环保股份,TIANJIN CAPITAL,,4.28,0.02,0.46948,4.26,4.25,4.29,4.25,232000,990700,4.26,4.28
2026/04/16 15:09:01,01066,威高股份,WEIGAO GROUP,,3.65,-0.01,-0.27322,3.66,3.68,3.69,3.62,20299400,74043090,3.65,3.67
2026/04/16 14:49:24,01068,雨润食品,YURUN FOOD,,0.108,-0.003,-2.7027,0.111,0.108,0.114,0.108,55000,6000,0.109,0.114
2026/04/16 14:30:01,01069,中国健康科技集团,CN HEALTH TECH,,0.38,0.0,0.0,0.38,0.365,0.385,0.365,90200,34023,0.37,0.38
2026/04/16 15:08:55,01070,ＴＣＬ电子,TCL ELECTRONICS,,13.8,0.24,1.76991,13.56,13.7,14.1,13.54,5507000,76326045,13.79,13.82
2026/04/16 15:08:49,01071,华电国际电力股份,HUADIAN POWER,,4.02,0.0,0.0,4.02,4.04,4.04,3.99,7278000,29216820,4.02,4.03
2026/04/16 15:09:01,01072,东方电气,DONGFANG ELEC,,42.7,3.56,9.09555,39.14,39.86,42.86,39.2,19741923,824142591,42.7,42.72
2026/04/16 14:00:25,01073,大禹金融,DA YU FIN,,0.1,-0.001,-0.9901,0.101,0.1,0.1,0.1,66000,6595,0.099,0.108
2026/04/16 15:04:22,01075,首都信息,CAPINFO,,2.79,-0.08,-2.78746,2.87,2.73,2.86,2.71,70400,196680,2.78,2.79
2026/04/16 14:27:18,01079,松景科技,PINE TECH,,0.295,-0.005,-1.66667,0.3,0.3,0.3,0.29,1042000,304950,0.295,0.305
2026/04/16 14:02:56,01080,胜利管道,SHENGLI PIPE,,0.066,-0.001,-1.49254,0.067,0.066,0.067,0.066,618000,40791,0.067,0.072
2026/04/16 10:17:38,01082,源宇宙教育,BDV EDU INTL,,1.43,0.0,0.0,1.43,0.0,0.0,0.0,0,0,1.4,1.42
2026/04/16 15:05:10,01083,港华智慧能源,TG SMART ENERGY,,3.53,0.02,0.5698,3.51,3.51,3.53,3.47,1595000,5598290,3.52,3.53
2026/04/16 13:32:42,01084,绿新生物科技,GREEN FRESH BIO,,0.65,-0.02,-2.98508,0.67,0.65,0.65,0.65,2000,1300,0.66,0.67
2026/04/16 15:03:33,01085,亨鑫科技,HXTL,,1.3,0.02,1.5625,1.28,1.3,1.3,1.3,2000,2600,1.25,1.3
2026/04/16 15:03:36,01086,好孩子国际,GOODBABY INTL,,1.01,0.0,0.0,1.01,1.02,1.03,1.0,274000,275720,1.0,1.02
2026/04/16 14:31:50,01087,威讯控股,INVESTECH HLDGS,,0.52,0.0,0.0,0.52,0.52,0.52,0.47,160000,79900,0.5,0.52
2026/04/16 15:09:00,01088,中国神华,CHINA SHENHUA,,46.04,0.44,0.96491,45.6,45.6,46.16,45.2,10015198,459732067,46.04,46.06
2026/04/16 10:31:30,01090,大明国际,DA MING INT'L,,0.78,0.0,0.0,0.78,0.78,0.78,0.78,52000,40560,0.73,0.78
2026/04/16 14:59:00,01091,南方锰业,SOUTH MANGANESE,,0.62,0.03,5.08475,0.59,0.6,0.62,0.59,5921000,3594740,0.61,0.62
2026/04/16 15:08:45,01093,石药集团,CSPC PHARMA,,9.4,-0.04,-0.42373,9.44,9.44,9.45,9.21,53525564,499403443,9.39,9.4
2026/04/16 10:50:08,01094,承辉国际,CHERISH SUN,,0.38,0.0,0.0,0.38,0.0,0.0,0.0,0,0,0.38,0.395
2026/04/16 14:44:25,01097,有线宽频,I-CABLE COMM,,0.053,0.0,0.0,0.053,0.053,0.055,0.051,3580000,187180,0.052,0.054
2026/04/16 15:07:25,01098,路劲,ROAD KING INFRA,,0.63,0.0,0.0,0.63,0.63,0.63,0.63,17000,10710,0.64,0.65
2026/04/16 15:08:57,01099,国药控股,SINOPHARM,,20.74,-0.1,-0.47985,20.84,20.84,21.02,20.66,2071980,42987714,20.74,20.76
2026/04/16 11:06:36,01100,飞达控股,MAINLAND HOLD,,1.42,-0.01,-0.6993,1.43,1.42,1.42,1.42,18000,25560,1.42,1.44
2026/04/16 08:55:00,01101,华荣能源,HUARONG ENERGY,,0.02,0.0,0.0,0.02,0.0,0.0,0.0,0,0,0.0,0.0
2026/04/16 14:51:08,01102,环能国际,ENVIRO ENERGY,,0.053,-0.005,-8.62069,0.058,0.055,0.058,0.05,16190000,841968,0.052,0.053
2026/04/16 15:08:18,01104,亚太资源,APAC RESOURCES,,2.6,-0.01,-0.38314,2.61,2.7,2.7,2.57,1580000,4102200,2.58,2.61
2026/04/16 13:45:59,01105,星岛,SING TAO,,0.191,0.0,0.0,0.191,0.0,0.0,0.0,0,0,0.188,0.199
2026/04/16 08:55:00,01107,当代置业,MODERN LAND,,0.013,0.0,0.0,0.013,0.0,0.0,0.0,0,0,0.0,0.0
2026/04/16 15:07:00,01108,凯盛新能,TRIUMPH NEW EN,,3.79,0.06,1.60858,3.73,3.75,3.8,3.73,1092000,4115180,3.79,3.8
2026/04/16 15:08:58,01109,华润置地,CHINA RES LAND,,31.2,0.52,1.69492,30.68,30.68,31.28,30.66,11004000,341369891,31.2,31.22
2026/04/16 14:51:22,01110,金活医药集团,KINGWORLD,,0.475,-0.015,-3.06122,0.49,0.49,0.49,0.475,752000,360740,0.47,0.475
2026/04/16 14:38:38,01111,华视集团控股,HUASHI GROUP,,0.26,-0.005,-1.88679,0.265,0.265,0.265,0.26,260000,68780,0.255,0.26
2026/04/16 15:08:30,01112,Ｈ＆Ｈ国际控股,H&H INTL HLDG,,13.06,0.54,4.3131,12.52,12.52,13.1,12.52,2601500,33589742,13.06,13.07
2026/04/16 15:09:15,01113,长实集团,CK ASSET,,48.2,-0.32,-0.65952,48.52,48.58,48.88,48.12,2677115,129716582,48.2,48.22
2026/04/16 15:09:14,01114,BRILLIANCE CHI,BRILLIANCE CHI,,3.06,0.06,2.0,3.0,3.02,3.08,3.02,24130000,73733830,3.06,3.07
2026/04/16 15:06:40,01115,５１００藏冰川,5100 XIZANG,,0.475,0.0,0.0,0.475,0.48,0.48,0.46,21460000,10125000,0.47,0.475
2026/04/16 14:54:24,01116,慧源同创科技,HC TECH GP,,0.26,0.012,4.83871,0.248,0.25,0.26,0.246,290000,72880,0.255,0.265
2026/04/16 15:08:46,01117,现代牧业,CH MODERN D,,1.44,0.0,0.0,1.44,1.44,1.47,1.42,9379000,13611970,1.43,1.44
2026/04/16 09:30:10,01118,高力集团,GOLIK HOLDINGS,,1.11,0.0,0.0,1.11,0.0,0.0,0.0,0,0,1.11,1.15
2026/04/16 14:58:38,01119,创梦天地,IDREAMSKY,,0.5,0.015,3.09278,0.485,0.485,0.5,0.475,5284000,2539870,0.495,0.5
2026/04/16 15:01:57,01120,雅视光学,ARTS OPTICAL,,0.88,-0.02,-2.22222,0.9,0.9,0.9,0.88,8000,7160,0.85,1.04
2026/04/16 14:58:43,01121,金阳新能源,GOLDENSOLAR,,1.22,-0.04,-3.1746,1.26,1.25,1.26,1.22,152000,186740,1.22,1.23
2026/04/16 14:59:10,01122,庆铃汽车股份,QINGLING MOTORS,,1.13,0.01,0.89286,1.12,1.13,1.14,1.1,2772000,3112620,1.11,1.13
2026/04/16 13:34:42,01123,中港照相,CHINA-HK PHOTO,,0.115,0.003,2.67857,0.112,0.112,0.115,0.112,846000,96732,0.115,0.121
2026/04/16 14:01:11,01124,沿海家园,COASTAL GL,,0.209,0.003,1.45631,0.206,0.208,0.214,0.207,221000,46146,0.206,0.215
2026/04/16 13:00:17,01125,丽丰控股,LAI FUNG HOLD,,0.9,0.0,0.0,0.9,0.0,0.0,0.0,0,0,0.86,1.06
2026/04/16 15:07:39,01126,德林国际,DREAM INT'L,,7.5,-0.02,-0.26596,7.52,7.53,7.56,7.45,678500,5098242,7.5,7.52
2026/04/16 14:25:45,01127,狮子山集团,LION ROCK GROUP,,1.29,0.0,0.0,1.29,1.29,1.29,1.28,56000,71840,1.28,1.29
2026/04/16 15:08:41,01128,永利澳门,WYNN MACAU,,5.73,0.06,1.0582,5.67,5.65,5.74,5.6,2023322,11556120,5.72,5.73
2026/04/16 14:10:33,01129,中国水业集团,WATER INDUSTRY,,0.395,0.0,0.0,0.395,0.0,0.0,0.0,0,0,0.395,0.445
2026/04/16 14:37:38,01130,中国环境资源,CHINA ENV RES,,0.64,-0.01,-1.53846,0.65,0.63,0.64,0.63,280000,177600,0.63,0.64
2026/04/16 14:45:29,01132,橙天嘉禾,ORANGE SKY G H,,0.058,-0.005,-7.93651,0.063,0.06,0.061,0.057,2520000,146730,0.058,0.059
2026/04/16 15:09:02,01133,哈尔滨电气,HARBIN ELECTRIC,,22.42,1.64,7.8922,20.78,20.98,22.5,20.48,12436730,271702897,22.4,22.46
2026/04/16 15:08:48,01134,恒发光学,KELFRED,,0.285,-0.005,-1.72414,0.29,0.27,0.285,0.27,440000,119480,0.275,0.29
2026/04/16 15:00:04,01137,香港科技探索,HK TECH VENTURE,,1.21,-0.01,-0.81967,1.22,1.22,1.23,1.19,522000,628610,1.2,1.21
2026/04/16 15:09:11,01138,中远海能,COSCO SHIP ENGY,,17.74,-0.89,-4.77724,18.63,18.63,18.94,17.6,32822138,591226340,17.73,17.74
2026/04/16 14:45:57,01140,华科智能投资,HK.AI CAPITAL,,0.215,-0.001,-0.46296,0.216,0.224,0.233,0.208,14492000,3204368,0.215,0.221
2026/04/16 15:05:32,01141,民银资本,CMBC CAPITAL,,1.97,0.1,5.34759,1.87,1.94,2.06,1.86,3087500,6131657,1.97,1.99
2026/04/16 15:06:33,01142,能源及能量环球,E&P GLOBAL,,0.113,-0.002,-1.73913,0.115,0.115,0.119,0.111,109350070,12630165,0.112,0.113
2026/04/16 13:04:33,01143,中国储能科技发展,CN ENGY STORAGE,,0.39,0.0,0.0,0.39,0.39,0.39,0.39,921000,359170,0.39,0.395
2026/04/16 14:37:32,01145,勇利投资,COURAGE INV,,0.156,0.0,0.0,0.156,0.0,0.0,0.0,9600,1392,0.154,0.161
2026/04/16 14:39:18,01146,汇成国际控股,HUICHENG INTL H,,0.05,0.004,8.69565,0.046,0.049,0.052,0.047,2676000,133918,0.049,0.051
2026/04/16 14:36:54,01147,伊登软件,EDENSOFT,,0.113,-0.004,-3.4188,0.117,0.118,0.118,0.113,1410000,160530,0.115,0.118
2026/04/16 14:08:44,01148,新晨动力,POWER XINCHEN,,0.255,0.0,0.0,0.255,0.25,0.255,0.25,176000,44025,0.25,0.255
2026/04/16 13:33:33,01150,米兰站,MILAN STATION,,0.129,0.0,0.0,0.129,0.0,0.0,0.0,0,0,0.114,0.129
2026/04/16 15:01:35,01152,正乾金融控股,MOMENTUM FIN,,0.255,-0.01,-3.77359,0.265,0.275,0.275,0.25,6522000,1738200,0.25,0.255
2026/04/16 15:08:21,01153,佳源服务,JIAYUAN SER,,0.32,0.055,20.75472,0.265,0.3,0.39,0.3,2422000,832490,0.31,0.325
2026/04/16 15:07:44,01156,CHINANEWENERGY,CHINANEWENERGY,,0.226,0.022,10.78431,0.204,0.202,0.226,0.202,517902,108500,0.22,0.225
2026/04/16 15:09:16,01157,中联重科,ZOOMLION,,8.5,-0.45,-5.02793,8.95,8.92,8.96,8.37,22032620,188206046,8.5,8.51
2026/04/16 14:54:41,01159,智数科技集团,SMART DIGI TECH,,2.36,-0.12,-4.83871,2.48,2.48,2.48,2.32,162000,394580,2.33,2.5
2026/04/16 14:10:18,01160,金石资本集团,GOLDSTONE CAP,,0.6,0.0,0.0,0.6,0.0,0.0,0.0,0,0,0.305,0.6
2026/04/16 14:13:04,01161,奥思集团,WATER OASIS GP,,1.04,0.0,0.0,1.04,1.04,1.04,1.04,104000,108160,1.02,1.05
2026/04/16 15:00:54,01162,莹岚集团,LUMINA GROUP,,0.175,-0.008,-4.37159,0.183,0.179,0.181,0.173,4008000,712400,0.175,0.178
2026/04/16 14:53:34,01163,虎视传媒,ADTIGER CORP,,0.16,-0.003,-1.84049,0.163,0.16,0.16,0.16,432500,69200,0.161,0.17
2026/04/16 15:09:07,01164,中广核矿业,CGN MINING,,4.44,0.22,5.21327,4.22,4.36,4.52,4.28,42345000,188096665,4.44,4.46
2026/04/16 08:55:00,01165,顺风清洁能源,SFCE,,0.024,0.0,0.0,0.024,0.0,0.0,0.0,0,0,0.0,0.0
2026/04/16 13:52:46,01166,星凯控股,SOLARTECH INT'L,,0.5,0.005,1.0101,0.495,0.495,0.5,0.495,970000,484700,0.5,0.53
2026/04/16 15:09:13,01167,加科思－Ｂ,JACOBIO-B,,8.2,0.2,2.5,8.0,8.1,8.26,8.0,4371600,35562456,8.19,8.2
2026/04/16 14:52:13,01168,Z FIN,Z FIN,,4.09,0.02,0.4914,4.07,4.08,4.17,4.08,70000,287930,4.08,4.09
2026/04/16 09:34:41,01170,信星集团,KINGMAKER,,0.465,0.0,0.0,0.465,0.0,0.0,0.0,0,0,0.46,0.485
2026/04/16 15:09:16,01171,兖矿能源,YANKUANG ENERGY,,14.69,-0.01,-0.06803,14.7,14.92,14.92,14.56,19662424,289044537,14.69,14.7
2026/04/16 13:00:31,01172,融太集团,MAGNUSCONCORDIA,,0.021,0.0,0.0,0.021,0.0,0.0,0.0,0,0,0.02,0.021
2026/04/16 09:00:08,01173,威高国际,VEEKO INT'L,,0.031,0.0,0.0,0.031,0.0,0.0,0.0,0,0,0.028,0.031
2026/04/16 08:55:00,01176,珠光控股,ZHUGUANG HOLD,,0.027,0.0,0.0,0.027,0.0,0.0,0.0,0,0,0.0,0.0
2026/04/16 15:09:14,01177,中国生物制药,SBP GROUP,,6.14,-0.03,-0.48622,6.17,6.17,6.17,5.99,56508269,341962697,6.13,6.14
2026/04/16 15:08:43,01179,华住集团－Ｓ,HWORLD-S,,42.38,1.76,4.33284,40.62,41.62,42.46,41.5,1406127,58708388,42.36,42.38
2026/04/16 15:05:22,01180,汇彩控股,PARADISE ENT,,0.5,0.0,0.0,0.5,0.5,0.5,0.5,96000,48000,0.5,0.52
2026/04/16 14:06:44,01181,唐宫中国,TANG PALACE,,0.155,0.0,0.0,0.155,0.155,0.155,0.154,506000,78428,0.155,0.164
2026/04/16 14:51:47,01182,胜龙国际,SUCCESS DRAGON,,0.87,0.02,2.35294,0.85,0.87,0.87,0.87,30251,26298,0.82,0.89
2026/04/16 14:55:25,01183,澳能建设,MECOM POWER,,0.16,-0.002,-1.23457,0.162,0.161,0.165,0.159,343000,55640,0.16,0.164
2026/04/16 14:51:49,01184,S.A.S. DRAGON,S.A.S. DRAGON,,5.05,0.05,1.0,5.0,5.03,5.15,5.0,154000,775060,5.0,5.07
2026/04/16 15:08:17,01186,中国铁建,CHINA RAIL CONS,,5.46,-0.04,-0.72727,5.5,5.5,5.51,5.45,5569155,30543080,5.45,5.46
2026/04/16 08:55:00,01188,正道集团,HYBRID KINETIC,,0.012,0.0,0.0,0.012,0.0,0.0,0.0,0,0,0.0,0.0
2026/04/16 15:08:59,01193,华润燃气,CHINA RES GAS,,18.91,0.15,0.79957,18.76,18.76,18.93,18.7,2585000,48783449,18.91,18.92
2026/04/16 14:43:01,01195,京维集团,KINGWELL GROUP,,0.018,0.0,0.0,0.018,0.018,0.02,0.018,156000,3096,0.018,0.02
2026/04/16 15:07:09,01196,伟禄集团,REALORD GROUP,,11.38,0.25,2.24618,11.13,11.15,11.38,11.01,536000,6012280,11.3,11.36
2026/04/16 09:41:15,01198,皇朝家居,ROYALE HOME,,0.104,0.0,0.0,0.104,0.0,0.0,0.0,0,0,0.095,0.104
2026/04/16 15:02:04,01199,中远海运港口,COSCO SHIP PORT,,5.19,0.06,1.16959,5.13,5.14,5.21,5.1,2758000,14215790,5.19,5.2
2026/04/16 15:01:55,01200,美联集团,MIDLAND HOLDING,,3.06,-0.01,-0.32573,3.07,3.09,3.09,3.02,324000,987480,3.05,3.08
2026/04/16 15:08:44,01201,天臣控股,TESSON HOLDINGS,,2.1,-0.12,-5.40541,2.22,2.22,2.22,2.1,87000,184650,2.08,2.21
2026/04/16 15:05:42,01202,四威科技,SIWI SCI & TECH,,1.22,-0.08,-6.15385,1.3,1.25,1.27,1.19,390000,474780,1.22,1.24
2026/04/16 14:59:55,01203,广南（集团）,GUANGNAN (HOLD),,0.65,0.0,0.0,0.65,0.65,0.66,0.63,142000,92320,0.64,0.65
2026/04/16 10:56:21,01204,博维智慧,BOARDWARE INTEL,,1.8,0.0,0.0,1.8,0.0,0.0,0.0,0,0,0.0,2.0
2026/04/16 15:07:44,01205,中信资源,CITIC RESOURCES,,0.55,-0.01,-1.78571,0.56,0.55,0.56,0.54,4114000,2260180,0.54,0.55
2026/04/16 13:09:47,01206,同方泰德,TECHNOVATOR,,0.249,0.0,0.0,0.249,0.0,0.0,0.0,0,0,0.222,0.241
2026/04/16 15:08:49,01208,五矿资源,MMG,,8.67,0.16,1.88014,8.51,8.51,8.72,8.49,18928563,163574956,8.67,8.68
2026/04/16 15:09:02,01209,华润万象生活,CHINA RES MIXC,,48.24,0.02,0.04148,48.22,48.28,48.52,47.68,1332908,63955601,48.2,48.24
2026/04/16 15:09:16,01211,比亚迪股份,BYD COMPANY,,112.7,5.4,5.03262,107.3,108.5,113.3,108.2,27435308,3067642530,112.7,112.8
2026/04/16 14:46:26,01213,万保刚集团,MOBICON GROUP,,0.41,0.0,0.0,0.41,0.0,0.0,0.0,0,0,0.42,0.44
2026/04/16 13:56:34,01215,开源控股,KAI YUAN HLDGS,,0.022,0.0,0.0,0.022,0.021,0.022,0.021,260000,5500,0.021,0.022
2026/04/16 11:58:16,01216,中原银行,ZYBANK,,0.325,-0.005,-1.51515,0.33,0.33,0.33,0.325,676000,222820,0.325,0.33
2026/04/16 14:20:49,01217,中国创新投资,CH INNOVATION,,0.013,0.001,8.33333,0.012,0.012,0.013,0.012,6320000,77200,0.012,0.013
2026/04/16 13:00:02,01218,永义国际,EASYKNIT INT'L,,2.9,0.0,0.0,2.9,0.0,0.0,0.0,0,0,2.91,3.04
2026/04/16 08:55:00,01220,志道国际,ZHIDAO INT'L,,0.056,0.0,0.0,0.056,0.0,0.0,0.0,0,0,0.0,0.0
2026/04/16 14:30:00,01221,SINO HOTELS,SINO HOTELS,,1.64,0.0,0.0,1.64,0.0,0.0,0.0,0,0,1.62,1.65
2026/04/16 15:07:49,01222,WANG ON GROUP,WANG ON GROUP,,0.021,0.0,0.0,0.021,0.02,0.022,0.02,7032928,145493,0.021,0.022
2026/04/16 15:03:04,01223,新沣集团,SYMPHONY HOLD,,1.35,0.0,0.0,1.35,1.35,1.35,1.34,2010000,2703800,1.34,1.35
2026/04/16 14:14:41,01224,中渝置地,C C LAND,,1.2,0.0,0.0,1.2,1.2,1.2,1.2,11000,13200,1.2,1.4
2026/04/16 13:33:07,01225,隆成金融,LERADO FIN,,0.164,-0.007,-4.09357,0.171,0.164,0.164,0.164,15440,2431,0.168,0.188
2026/04/16 13:41:57,01226,中国投融资,CH INV FIN GP,,0.89,0.0,0.0,0.89,0.0,0.0,0.0,0,0,0.89,0.0
2026/04/16 14:46:41,01228,北海康成－Ｂ,CANBRIDGE-B,,2.62,-0.01,-0.38023,2.63,2.61,2.65,2.58,597000,1559900,2.62,2.65
2026/04/16 14:47:04,01229,南南资源,NAN NAN RES,,0.201,-0.006,-2.89855,0.207,0.207,0.207,0.201,12000,2448,0.201,0.206
2026/04/16 13:00:30,01231,新矿资源,NEWTON RES,,0.3,0.0,0.0,0.3,0.0,0.0,0.0,0,0,0.295,0.325
2026/04/16 14:06:24,01232,金轮天地控股,GW TIANDI,,0.34,0.0,0.0,0.34,0.0,0.0,0.0,0,0,0.33,0.395
2026/04/16 15:07:56,01233,时代中国控股,TIMES CHINA,,0.057,0.001,1.78571,0.056,0.056,0.059,0.055,1142000,65454,0.057,0.058
2026/04/16 14:59:16,01234,中国利郎,CHINA LILANG,,3.84,0.01,0.2611,3.83,3.84,3.85,3.78,307000,1171205,3.82,3.85
2026/04/16 13:31:13,01235,专业旅运,TRAVEL EXPERT,,0.172,-0.004,-2.27273,0.176,0.173,0.173,0.172,50000,8640,0.177,0.181
2026/04/16 11:59:27,01237,中科生物,CH ENV TECH&BIO,,0.73,0.0,0.0,0.73,0.0,0.0,0.0,0,0,0.69,0.79
2026/04/16 14:55:10,01238,宝龙地产,POWERLONG,,0.236,-0.008,-3.27869,0.244,0.255,0.255,0.228,999000,237868,0.229,0.234
2026/04/16 13:00:08,01239,TEAMWAY INTL GP,TEAMWAY INTL GP,,0.295,0.0,0.0,0.295,0.0,0.0,0.0,0,0,0.27,0.3
2026/04/16 13:41:42,01240,青建国际,CNQC INT'L,,0.16,0.0,0.0,0.16,0.0,0.0,0.0,0,0,0.153,0.155
2026/04/16 14:59:54,01241,双桦控股,SHUANGHUA H,,0.16,-0.019,-10.61453,0.179,0.172,0.172,0.16,22000,3760,0.163,0.172
2026/04/16 14:40:13,01243,宏安地产,WANG ON PPT,,0.031,-0.003,-8.82353,0.034,0.032,0.032,0.031,2700000,84332,0.031,0.032
2026/04/16 14:37:34,01244,思路迪医药股份,3D MEDICINES,,3.65,-0.02,-0.54496,3.67,3.69,3.69,3.65,12500,45795,3.65,3.68
2026/04/16 15:07:46,01245,NIRAKU,NIRAKU,,0.199,0.029,17.05882,0.17,0.175,0.199,0.175,1690000,311832,0.182,0.19
2026/04/16 08:55:00,01246,保集健康,BOILLHEALTHCARE,,0.021,0.0,0.0,0.021,0.0,0.0,0.0,0,0,0.0,0.0
2026/04/16 14:40:24,01247,米格国际控股,MIKO INTL,,1.64,-0.02,-1.20482,1.66,1.68,1.68,1.64,90800,152024,1.63,1.67
2026/04/16 14:21:45,01250,山高新能源,SDHS NEW ENERGY,,1.63,0.03,1.875,1.6,1.65,1.65,1.63,10600,17338,1.6,1.63
2026/04/16 14:33:30,01251,华油能源,SPT ENERGY,,0.248,0.006,2.47934,0.242,0.247,0.25,0.247,546000,135970,0.249,0.255
2026/04/16 08:55:00,01252,中国天瑞水泥,CHINA TIANRUI,,0.24,0.0,0.0,0.24,0.0,0.0,0.0,0,0,0.0,0.0
2026/04/16 09:30:02,01253,绿博生态,GREEN BROAD,,0.156,0.0,0.0,0.156,0.0,0.0,0.0,0,0,0.143,0.156
2026/04/16 15:07:05,01255,ＴＡＴＡ健康,TATA HEALTH,,1.9,0.09,4.97238,1.81,1.6,1.9,1.6,36000,67000,1.72,1.9
2026/04/16 13:00:38,01257,中国光大绿色环保,CEB GREENTECH,,0.86,-0.01,-1.14943,0.87,0.87,0.87,0.86,51000,44360,0.86,0.88
2026/04/16 15:09:14,01258,中国有色矿业,CHINFMINING,,13.78,0.07,0.51058,13.71,13.71,13.98,13.63,9444000,130183059,13.78,13.79
2026/04/16 14:34:20,01259,未来发展控股,PROSPER FUTURE,,0.031,-0.001,-3.125,0.032,0.032,0.032,0.031,28000,892,0.031,0.032
2026/04/16 15:07:56,01260,皓天财经集团,WONDERFUL SKY,,0.445,-0.01,-2.1978,0.455,0.445,0.445,0.445,12000,5340,0.45,0.46
2026/04/16 13:44:25,01262,蜡笔小新食品,LABIXIAOXIN,,3.7,0.0,0.0,3.7,0.0,0.0,0.0,1000,3630,3.64,3.81
2026/04/16 14:28:26,01265,天津津燃公用,TIANJINJINRAN,,0.217,0.0,0.0,0.217,0.0,0.0,0.0,0,0,0.208,0.217
2026/04/16 14:49:43,01268,美东汽车,MEIDONG AUTO,,1.18,0.02,1.72414,1.16,1.17,1.2,1.16,336471,399705,1.18,1.2
2026/04/16 15:07:38,01269,首控集团,FIRST CAP GP,,0.031,-0.005,-13.88889,0.036,0.037,0.037,0.03,1200000,38180,0.03,0.032
2026/04/16 14:51:40,01270,朗廷－ＳＳ,LANGHAM-SS,,0.57,0.01,1.78571,0.56,0.56,0.57,0.55,163532,92163,0.57,0.58
2026/04/16 15:02:15,01271,佳明集团控股,GRAND MING,,0.5,-0.02,-3.84615,0.52,0.54,0.54,0.5,7000,3550,0.465,0.495
2026/04/16 14:58:13,01272,大唐环境,DATANG ENVIRO,,1.28,0.01,0.7874,1.27,1.3,1.3,1.26,53300,68353,1.27,1.29
2026/04/16 11:12:57,01273,香港信贷,HK FINANCE GP,,0.59,0.0,0.0,0.59,0.0,0.0,0.0,0,0,0.58,0.6
2026/04/16 15:07:44,01274,知行科技,IMOTIONTECH,,3.7,0.15,4.22535,3.55,3.77,3.78,3.58,474800,1748405,3.7,3.75
2026/04/16 15:09:08,01276,恒瑞医药,HENGRUI PHARMA,,68.65,0.35,0.51245,68.3,69.1,69.3,67.15,2777519,189101854,68.6,68.65
2026/04/16 15:08:35,01277,力量发展,KINETIC DEV,,1.94,-0.06,-3.0,2.0,2.0,2.01,1.94,8764000,17126870,1.94,1.95
2026/04/16 15:07:48,01278,中国新城镇,CHINANEWTOWN,,0.083,0.003,3.75,0.08,0.082,0.085,0.08,1250000,104290,0.08,0.083
2026/04/16 15:09:13,01280,奇点国峰,QIDIAN GUOFENG,,2.0,-0.06,-2.91262,2.06,2.0,2.08,1.99,1526500,3087715,2.0,2.02
2026/04/16 14:35:09,01281,鑫达投资控股,XINDA INV HLDGS,,0.102,0.0,0.0,0.102,0.0,0.0,0.0,0,0,0.1,0.107
2026/04/16 14:48:52,01282,中泽丰,RENZE HARVEST,,0.096,-0.008,-7.69231,0.104,0.103,0.103,0.096,844400,86815,0.098,0.1
2026/04/16 11:04:12,01283,高陞集团控股,ACCEL GROUP,,1.53,0.04,2.68456,1.49,1.52,1.53,1.52,35000,53150,1.49,1.52
2026/04/16 14:55:32,01284,新传企划,NEW MEDIA LAB,,0.375,0.0,0.0,0.375,0.375,0.375,0.37,185000,69250,0.37,0.375
2026/04/16 14:48:44,01285,嘉士利集团,JIASHILI GP,,1.13,-0.02,-1.73913,1.15,1.13,1.13,1.13,24000,27120,1.13,1.15
2026/04/16 15:08:35,01286,鹰普精密,IMPRO PRECISION,,9.54,-0.16,-1.64949,9.7,9.7,9.78,9.44,3066000,29245275,9.53,9.54
2026/04/16 15:08:43,01288,农业银行,ABC,,5.98,-0.02,-0.33333,6.0,5.99,6.02,5.96,60140655,360843800,5.98,5.99
2026/04/16 15:04:01,01289,盛力达科技,SUNLIT SCI,,2.35,-0.06,-2.48963,2.41,2.31,2.35,2.31,4500,10765,2.43,2.5
2026/04/16 09:57:41,01290,中国汇融,CHINA HUIRONG,,0.54,0.0,0.0,0.54,0.0,0.0,0.0,0,0,0.51,0.54
2026/04/16 14:52:38,01292,长安民生物流,CMA LOGISTICS,,2.7,-0.29,-9.699,2.99,2.72,2.72,2.7,20000,54230,2.71,2.96
2026/04/16 08:55:00,01293,广汇宝信,GRAND BAOXIN,,0.086,0.0,0.0,0.086,0.0,0.0,0.0,0,0,0.0,0.0
2026/04/16 08:55:00,01298,云能国际,YUNNAN ENERGY,,0.95,0.0,0.0,0.95,0.0,0.0,0.0,0,0,0.0,0.0
2026/04/16 15:09:02,01299,友邦保险,AIA,,84.55,0.7,0.83482,83.85,85.1,85.45,83.85,18830926,1592186178,84.55,84.6
2026/04/16 14:52:55,01300,俊知集团,TRIGIANT,,0.92,-0.07,-7.07071,0.99,0.97,0.97,0.9,1004000,936160,0.92,0.94
2026/04/16 15:02:34,01301,德基科技控股,D&G TECH,,0.315,0.0,0.0,0.315,0.32,0.32,0.315,4000,1270,0.315,0.35
2026/04/16 15:09:05,01302,先健科技,LIFETECH SCI,,1.86,0.0,0.0,1.86,1.88,1.91,1.84,21338000,39868780,1.85,1.86
2026/04/16 09:30:09,01303,汇力资源,HUILI RES,,0.24,0.0,0.0,0.24,0.0,0.0,0.0,0,0,0.0,0.285
2026/04/16 15:09:08,01304,FORTIOR,FORTIOR,,122.1,6.2,5.34944,115.9,117.8,127.8,117.8,545500,66788745,122.1,122.3
2026/04/16 14:04:40,01305,伟志控股,WAI CHI HOLD,,0.62,0.01,1.63934,0.61,0.62,0.62,0.62,10000,6200,0.61,0.62
2026/04/16 15:08:34,01308,海丰国际,SITC,,34.98,-0.14,-0.39863,35.12,35.2,35.88,34.5,1817819,63372762,34.94,34.98
2026/04/16 15:07:45,01310,香港宽频,HKBN,,8.11,-0.13,-1.57767,8.24,8.23,8.23,8.1,2179500,17696095,8.1,8.12
2026/04/16 15:02:55,01312,华控康泰,KONTA CHINA,,0.03,0.0,0.0,0.03,0.03,0.03,0.028,1854000,55584,0.03,0.031
2026/04/16 15:09:16,01313,华润建材科技,CR BLDG MAT TEC,,1.54,-0.02,-1.28205,1.56,1.57,1.57,1.53,6168300,9524353,1.54,1.55
2026/04/16 15:02:43,01314,翠华控股,TSUI WAH HLDG,,0.149,-0.002,-1.3245,0.151,0.151,0.161,0.148,578000,87954,0.149,0.152
2026/04/16 13:00:11,01315,绿色经济,GREEN ECONOMY,,0.1,0.0,0.0,0.1,0.0,0.0,0.0,0,0,0.094,0.106
2026/04/16 15:07:43,01316,耐世特,NEXTEER,,5.32,0.08,1.52672,5.24,5.36,5.42,5.24,37280726,197325825,5.32,5.33
2026/04/16 14:58:58,01317,枫叶教育,MAPLELEAF EDU,,0.255,0.005,2.0,0.25,0.255,0.255,0.25,494000,124140,0.25,0.255
2026/04/16 15:09:02,01318,毛戈平,MAO GEPING,,73.75,0.1,0.13578,73.65,73.95,74.8,72.5,997600,73602240,73.65,73.75
2026/04/16 13:00:02,01319,霭华押业信贷,OIWAHPAWN,,0.28,0.0,0.0,0.28,0.0,0.0,0.0,0,0,0.275,0.285
2026/04/16 14:34:31,01321,中国新城市,CHINA NEWCITY,,0.77,0.0,0.0,0.77,0.76,0.77,0.76,14000,10660,0.72,0.77
2026/04/16 14:35:16,01323,华盛国际控股,HUASHENG INTL,,0.12,-0.012,-9.09091,0.132,0.119,0.12,0.119,146000,17160,0.121,0.125
2026/04/16 08:55:00,01326,传递娱乐,TRANSMIT ENT,,0.027,0.0,0.0,0.027,0.0,0.0,0.0,0,0,0.0,0.0
2026/04/16 10:17:13,01327,励时集团,LUXXU GROUP,,0.76,0.0,0.0,0.76,0.0,0.0,0.0,0,0,0.66,0.76
2026/04/16 15:06:57,01328,金涌投资,GOLDSTREAM INV,,3.18,0.0,0.0,3.18,3.18,3.18,3.05,38800,122090,3.18,3.19
2026/04/16 15:07:14,01330,绿色动力环保,DYNAGREEN ENV,,5.84,0.0,0.0,5.84,5.95,5.95,5.77,587000,3422050,5.8,5.84
2026/04/16 14:59:16,01332,透云生物,TOUYUN BIOTECH,,0.153,0.002,1.3245,0.151,0.16,0.162,0.153,2100000,331930,0.153,0.158
2026/04/16 15:07:34,01333,博雷顿,BRETON,,20.76,-0.44,-2.07547,21.2,21.1,21.1,20.5,346600,7163264,20.74,20.76
2026/04/16 15:08:19,01334,瑞昌国际控股,RUICHANG INTL,,1.87,-0.04,-2.09424,1.91,1.91,1.95,1.87,812500,1543950,1.86,1.9
2026/04/16 13:49:57,01335,顺泰控股,SHEEN TAI,,0.115,0.001,0.87719,0.114,0.106,0.116,0.106,86000,9454,0.111,0.115
2026/04/16 15:09:17,01336,新华保险,NCI,,49.72,2.24,4.71778,47.48,47.46,49.8,47.46,7486424,364171702,49.72,49.76
2026/04/16 14:07:21,01338,霸王集团,BAWANG GROUP,,0.029,-0.001,-3.33333,0.03,0.03,0.03,0.029,296000,8588,0.029,0.03
2026/04/16 15:09:01,01339,中国人民保险集团,PICC GROUP,,5.43,0.06,1.11732,5.37,5.38,5.46,5.35,30068000,162375627,5.43,5.44
2026/04/16 15:04:34,01340,惠生国际,HUISHENG INTL,,0.052,0.0,0.0,0.052,0.054,0.055,0.051,506000,26948,0.052,0.053
2026/04/16 15:08:21,01341,昊天国际建投,HAO TIAN INTL,,0.028,0.0,0.0,0.028,0.028,0.028,0.027,49080000,1368064,0.027,0.028
2026/04/16 15:00:12,01343,伟源控股,WEI YUAN HLDG,,0.139,-0.001,-0.71429,0.14,0.138,0.14,0.137,90000,12510,0.136,0.139
2026/04/16 09:30:16,01345,上海先锋控股,SH PIONEER HLDG,,2.22,0.0,0.0,2.22,0.0,0.0,0.0,0,0,2.2,2.26
2026/04/16 15:05:38,01346,利华控股集团,LEVER STYLE,,1.47,0.0,0.0,1.47,1.49,1.49,1.47,276000,408600,1.47,1.49
2026/04/16 15:09:16,01347,华虹半导体,HUA HONG SEMI,,91.45,1.05,1.1615,90.4,91.05,92.55,89.45,12633178,1150499992,91.4,91.5
2026/04/16 15:05:33,01348,滉达富控股,QUALI-SMART,,0.215,-0.033,-13.30645,0.248,0.248,0.244,0.209,19014000,4219052,0.214,0.218
2026/04/16 15:09:07,01349,复旦张江,FUDANZHANGJIANG,,2.9,0.05,1.75439,2.85,2.85,2.9,2.83,954000,2727300,2.9,2.91
2026/04/16 14:26:30,01351,辉煌明天,BRIGHT FUTURE,,0.335,0.0,0.0,0.335,0.34,0.34,0.33,341200,113810,0.33,0.34
2026/04/16 15:03:49,01354,经发物业,KINGFARPROPERTY,,3.04,0.21,7.4205,2.83,2.83,3.1,2.83,61500,187035,2.9,3.04
2026/04/16 14:40:57,01355,朸浚国际,LEGEND STRAT,,0.13,0.0,0.0,0.13,0.138,0.14,0.13,500000,67880,0.129,0.139
2026/04/16 15:09:17,01357,美图公司,MEITU,,4.66,0.2,4.48431,4.46,4.54,4.82,4.52,89010102,417035914,4.66,4.67
2026/04/16 15:07:09,01358,普华和顺,PW MEDTECH,,1.16,0.01,0.86957,1.15,1.16,1.16,1.16,347000,402520,1.16,1.17
2026/04/16 15:08:37,01359,中国信达,CHINA CINDA,,1.13,0.01,0.89286,1.12,1.12,1.14,1.12,36783000,41416310,1.12,1.13
2026/04/16 15:08:50,01361,３６１度,361 DEGREES,,6.71,-0.06,-0.88626,6.77,6.7,6.88,6.68,3917000,26511636,6.71,6.72
2026/04/16 13:32:47,01362,新龙移动,SIS MOBILE,,0.79,0.0,0.0,0.79,0.0,0.0,0.0,0,0,0.72,0.78
2026/04/16 15:08:52,01364,古茗,GUMING,,26.28,-0.7,-2.59451,26.98,27.06,27.34,26.1,3672400,97007366,26.24,26.28
2026/04/16 15:08:33,01368,特步国际,XTEP INT'L,,4.55,0.0,0.0,4.55,4.6,4.61,4.53,12810540,58474945,4.55,4.56
2026/04/16 13:01:21,01370,奥威控股,AOWEI HOLDING,,0.244,0.0,0.0,0.244,0.0,0.0,0.0,0,0,0.0,0.245
2026/04/16 13:38:21,01371,中国生态旅游,CHINA ECOTOUR,,0.169,-0.006,-3.42857,0.175,0.175,0.175,0.169,80000,13580,0.162,0.169
2026/04/16 14:39:25,01372,中国碳中和,C CARBONNEUTRAL,,1.12,0.0,0.0,1.12,1.11,1.13,1.09,912000,1010640,1.1,1.12
2026/04/16 15:00:03,01373,国际家居零售,IH RETAIL,,0.79,-0.01,-1.25,0.8,0.8,0.81,0.79,351000,279250,0.79,0.8
2026/04/16 15:05:30,01375,中州证券,CC SECURITIES,,1.94,0.03,1.57068,1.91,1.94,1.97,1.93,8629000,16787000,1.94,1.95
2026/04/16 08:55:00,01376,RAFFLESINTERIOR,RAFFLESINTERIOR,,0.096,0.0,0.0,0.096,0.0,0.0,0.0,0,0,0.0,0.0
2026/04/16 15:08:27,01378,中国宏桥,CHINAHONGQIAO,,39.08,0.84,2.19665,38.24,38.82,39.32,38.8,15461391,604417358,39.08,39.12
2026/04/16 13:05:37,01379,温岭工量刃具,WENLING MCT,,2.78,0.0,0.0,2.78,2.78,2.78,2.78,3000,8340,2.78,0.0
2026/04/16 15:04:37,01380,中国金石,CHI KINGSTONE,,0.62,-0.02,-3.125,0.64,0.63,0.63,0.62,1260000,787800,0.62,0.63
2026/04/16 14:52:53,01382,互太纺织,PACIFICTEXTILES,,1.13,0.01,0.89286,1.12,1.12,1.13,1.12,670000,751910,1.12,1.13
2026/04/16 15:08:57,01384,滴普科技,DEEPEXI TECH,,78.3,15.0,23.69668,63.3,62.9,82.15,62.45,36320178,2673729938,78.3,78.35
2026/04/16 15:07:50,01385,上海复旦,SHANGHAI FUDAN,,40.5,0.66,1.65663,39.84,40.96,40.96,39.68,2074000,84101640,40.5,40.54
2026/04/16 14:55:20,01388,安莉芳控股,EMBRY HOLDINGS,,0.345,-0.015,-4.16667,0.36,0.35,0.35,0.345,57000,19765,0.34,0.345
2026/04/16 15:00:49,01389,美捷汇控股,MAJOR HLDGS,,0.385,0.015,4.05405,0.37,0.37,0.385,0.37,276000,102660,0.38,0.4
2026/04/16 15:05:09,01393,恒鼎实业,HIDILI INDUSTRY,,0.065,-0.002,-2.98508,0.067,0.065,0.067,0.065,3705000,242993,0.065,0.067
2026/04/16 14:58:12,01395,强泰环保,ELL ENV,,0.164,0.0,0.0,0.164,0.0,0.0,0.0,0,0,0.158,0.164
2026/04/16 15:08:52,01396,粤港湾控股,GD-HKGBA HLDGS,,7.6,0.8,11.76471,6.8,6.99,7.68,6.83,12072200,88313250,7.58,7.6
2026/04/16 14:45:18,01397,碧瑶绿色集团,BAGUIO GREEN,,1.08,0.01,0.93458,1.07,1.07,1.09,1.07,96000,103840,1.07,1.09
2026/04/16 15:08:53,01398,工商银行,ICBC,,6.97,-0.02,-0.28612,6.99,6.97,7.01,6.95,116554664,813810140,6.96,6.97
2026/04/16 15:08:11,01399,锐信控股,VESON HLDG,,0.215,0.005,2.38095,0.21,0.21,0.215,0.199,234000,49972,0.208,0.215
2026/04/16 15:06:15,01400,满地科技股份,MOODY TECH HLDG,,0.017,0.0,0.0,0.017,0.016,0.017,0.016,860000,13840,0.016,0.017
2026/04/16 15:07:09,01401,未来机器有限公司,FUTURE MACH LTD,,0.85,0.01,1.19048,0.84,0.85,0.85,0.84,484000,410540,0.84,0.85
2026/04/16 09:46:11,01402,超智能控股,I-CONTROL,,0.325,0.0,0.0,0.325,0.325,0.325,0.325,130000,42250,0.305,0.325
2026/04/16 15:06:21,01405,达势股份,DPC DASH,,50.35,-0.5,-0.98328,50.85,50.8,50.9,49.46,343600,17214636,50.25,50.35
2026/04/16 08:55:00,01406,清晰医疗,CLARITY MEDICAL,,0.355,0.0,0.0,0.355,0.0,0.0,0.0,0,0,0.0,0.0
2026/04/16 14:59:11,01407,交运燃气,JY GAS,,0.55,0.02,3.77359,0.53,0.54,0.55,0.53,96000,52040,0.54,0.55
2026/04/16 15:01:10,01408,濠江机电,MACAU E&M,,0.43,0.0,0.0,0.43,0.43,0.435,0.43,106000,45720,0.415,0.435
2026/04/16 14:57:01,01410,安领国际,EDVANCE INTL,,0.7,0.01,1.44928,0.69,0.7,0.72,0.67,1330000,922700,0.67,0.71
2026/04/16 11:08:15,01412,隽思集团,Q P GROUP,,1.15,-0.01,-0.86207,1.16,1.15,1.15,1.15,8000,9200,1.15,1.18
2026/04/16 14:29:39,01413,铸帝控股,FEG HOLDINGS,,0.28,0.0,0.0,0.28,0.275,0.285,0.265,378000,105630,0.265,0.28
2026/04/16 15:08:56,01415,高伟电子,COWELL,,27.92,0.62,2.27106,27.3,27.9,28.08,26.7,3124000,85731710,27.9,27.96
2026/04/16 14:41:56,01416,CTR HOLDINGS,CTR HOLDINGS,,0.177,-0.002,-1.11732,0.179,0.179,0.179,0.174,830000,145340,0.177,0.178
2026/04/16 13:38:29,01417,浦江中国,RIVERINE CHINA,,0.2,0.0,0.0,0.2,0.2,0.2,0.2,20000,4000,0.2,0.2
2026/04/16 13:00:28,01418,盛诺集团,SINOMAX GROUP,,0.168,0.0,0.0,0.168,0.168,0.169,0.168,38000,6416,0.168,0.184
2026/04/16 12:31:42,01419,盈健医疗,HUMAN HEALTH,,0.81,0.0,0.0,0.81,0.0,0.0,0.0,0,0,0.8,0.85
2026/04/16 09:53:58,01420,川控股,CHUAN HOLDING,,0.236,0.0,0.0,0.236,0.0,0.0,0.0,0,0,0.231,0.237
2026/04/16 13:00:26,01421,恒昌集团国际,PROSP GP INTL,,0.4,0.015,3.8961,0.385,0.4,0.41,0.4,75000,30550,0.385,0.4
2026/04/16 15:03:35,01425,捷隆控股,JUSTIN ALLEN H,,0.68,-0.01,-1.44928,0.69,0.68,0.68,0.68,3115000,2118200,0.67,0.68
2026/04/16 13:38:31,01427,中国天保集团,CH TIANBAO GP,,0.155,-0.005,-3.125,0.16,0.156,0.169,0.155,47000,7408,0.155,0.169
2026/04/16 15:08:49,01428,耀才证券金融,BRIGHT SMART,,11.99,0.13,1.09612,11.86,11.99,12.13,11.74,15947300,190784166,11.99,12.0
2026/04/16 15:08:23,01429,天任集团,SKYMISSION GP,,0.3,0.01,3.44828,0.29,0.285,0.305,0.285,912000,270200,0.3,0.305
2026/04/16 14:52:19,01431,原生态牧业,YST DAIRY,,0.31,-0.005,-1.5873,0.315,0.315,0.315,0.305,444000,138280,0.31,0.315
2026/04/16 15:08:37,01432,中国圣牧,CHINA SHENGMU,,0.33,0.0,0.0,0.33,0.33,0.335,0.33,6597000,2179575,0.33,0.335
2026/04/16 08:55:00,01433,常达控股,CIRTEK HLDGS,,0.081,0.0,0.0,0.081,0.0,0.0,0.0,0,0,0.0,0.0
2026/04/16 14:59:00,01440,应星控股,STAR SHINE HLDG,,12.36,-0.23,-1.82685,12.59,12.44,12.55,12.24,460000,5700800,12.3,12.5
2026/04/16 14:59:34,01442,鹰辉物流,INFINITY L&T,,0.305,0.0,0.0,0.305,0.0,0.0,0.0,0,0,0.25,0.37
2026/04/16 13:04:58,01443,富临集团控股,FULUM GP HLDG,,0.046,0.0,0.0,0.046,0.046,0.046,0.046,100000,4600,0.046,0.047
2026/04/16 09:52:19,01446,鸿福堂,HUNGFOOKTONG,,0.335,0.0,0.0,0.335,0.0,0.0,0.0,0,0,0.335,0.36
2026/04/16 14:27:58,01447,新福港,SFK,,0.56,0.0,0.0,0.56,0.0,0.0,0.0,0,0,0.54,0.57
2026/04/16 08:55:00,01448,福寿园,FU SHOU YUAN,,2.64,0.0,0.0,2.64,0.0,0.0,0.0,0,0,0.0,0.0
2026/04/16 14:59:10,01449,立德教育,LEADER EDU,,0.26,0.011,4.41767,0.249,0.25,0.26,0.25,100000,25300,0.248,0.26
2026/04/16 14:37:54,01450,交个朋友控股,BE FRIENDS HLDG,,0.79,0.0,0.0,0.79,0.79,0.81,0.78,127760,102058,0.79,0.8
2026/04/16 13:04:08,01451,万成集团股份,MS GROUP HLDGS,,1.15,-0.02,-1.7094,1.17,1.14,1.17,1.11,98000,112480,1.12,1.16
2026/04/16 15:07:44,01452,迪诺斯环保,DENOX ENV,,0.109,-0.009,-7.62712,0.118,0.11,0.11,0.109,300000,32819,0.109,0.118
2026/04/16 14:51:18,01455,科利实业控股,FOURACE IND GP,,0.218,-0.002,-0.90909,0.22,0.222,0.223,0.218,635000,139985,0.218,0.222
2026/04/16 15:09:04,01456,国联民生,GLMS SEC,,4.72,0.09,1.94384,4.63,4.65,4.77,4.65,2721000,12858697,4.72,4.73
2026/04/16 15:07:12,01458,周黑鸭,ZHOU HEI YA,,1.58,0.01,0.63694,1.57,1.61,1.61,1.56,1076000,1697580,1.58,1.59
2026/04/16 14:49:17,01459,巨匠建设,JUJIANG CONS,,0.206,-0.014,-6.36364,0.22,0.22,0.22,0.206,12000,2612,0.206,0.234
2026/04/16 13:55:42,01460,扬科集团,ICO GROUP,,0.213,0.0,0.0,0.213,0.0,0.0,0.0,0,0,0.208,0.244
2026/04/16 14:52:29,01461,中泰期货,ZHONGTAIFUTURES,,0.61,-0.01,-1.6129,0.62,0.61,0.63,0.61,47000,29370,0.61,0.63
2026/04/16 11:25:39,01463,C-LINK SQ,C-LINK SQ,,0.3,0.0,0.0,0.3,0.0,0.0,0.0,0,0,0.26,0.3
2026/04/16 09:09:18,01466,佰金生命科学,BAIJIN LIFE SCI,,0.6,0.0,0.0,0.6,0.0,0.0,0.0,0,0,0.58,0.6
2026/04/16 15:03:25,01468,嘉高达资本,JAKOTA CAPITAL,,0.066,-0.001,-1.49254,0.067,0.064,0.066,0.063,1842000,118168,0.064,0.066
2026/04/16 14:54:54,01470,富一国际控股,PROSPER ONE,,0.16,-0.004,-2.43902,0.164,0.164,0.164,0.155,260000,42144,0.16,0.163
2026/04/16 15:08:10,01471,众淼控股,ZHONGMIAO,,12.3,-1.79,-12.70405,14.09,14.98,14.98,12.3,133600,1789903,12.11,12.49
2026/04/16 14:42:51,01472,生兴控股,SANG HING HLDGS,,0.081,0.0,0.0,0.081,0.081,0.081,0.081,30000,2430,0.08,0.084
2026/04/16 14:47:41,01473,环联连讯,PANGAEA CONNECT,,0.44,-0.01,-2.22222,0.45,0.44,0.44,0.44,40000,17600,0.445,0.45
2026/04/16 15:09:00,01475,日清食品,NISSIN FOODS,,7.28,-0.07,-0.95238,7.35,7.32,7.34,7.28,34000,248390,7.28,7.3
2026/04/16 15:08:59,01476,金融街证券,FIN STREET SEC,,1.45,-0.11,-7.05128,1.56,1.62,1.62,1.45,433000,644660,1.45,1.49
2026/04/16 15:03:40,01477,欧康维视生物－Ｂ,OCUMENSION-B,,8.13,0.07,0.86849,8.06,8.04,8.2,8.01,498500,4047905,8.12,8.16
2026/04/16 15:08:39,01478,丘钛科技,Q TECH,,8.34,0.04,0.48193,8.3,8.31,8.37,8.18,5748201,47526551,8.34,8.35
2026/04/16 15:07:49,01480,恩达集团控股,YAN TAT GROUP,,0.94,-0.02,-2.08333,0.96,0.96,0.96,0.94,40000,37900,0.95,0.98
2026/04/16 13:55:53,01481,竣球控股,SMART GLOBE,,2.45,0.02,0.82305,2.43,2.44,2.45,2.44,70000,171200,2.45,2.55
2026/04/16 15:00:01,01483,网誉科技,NET-A-GO TECH,,1.32,0.06,4.76191,1.26,1.26,1.46,1.26,984000,1252940,1.26,1.31
2026/04/16 14:13:06,01486,思城控股,C CHENG HLDGS,,0.71,0.0,0.0,0.71,0.71,0.71,0.71,40000,28400,0.69,0.74
2026/04/16 13:54:59,01488,百福控股,BEST FOOD HLDG,,0.98,0.0,0.0,0.98,0.0,0.0,0.0,0,0,0.78,0.95
2026/04/16 14:15:10,01489,GC CONSTRUCTION,GC CONSTRUCTION,,0.39,-0.005,-1.26582,0.395,0.39,0.39,0.39,115000,44850,0.39,0.4
2026/04/16 15:06:19,01490,车市科技,AI X TECH,,0.255,0.005,2.0,0.25,0.255,0.255,0.255,52000,13240,0.25,0.255
2026/04/16 13:00:28,01496,亚积邦租赁,AP RENTALS,,0.181,0.0,0.0,0.181,0.0,0.0,0.0,0,0,0.182,0.192
2026/04/16 14:47:23,01497,燕之屋,YAN PALACE,,5.79,-0.1,-1.69779,5.89,5.89,5.96,5.16,26000,143684,5.16,5.5
2026/04/16 14:21:45,01498,培力农本方,PURAPHARM,,0.29,0.0,0.0,0.29,0.295,0.295,0.29,160000,47155,0.29,0.295
2026/04/16 15:02:55,01499,欧科云链,OKG TECH,,0.166,0.001,0.60606,0.165,0.165,0.174,0.165,2120000,357230,0.165,0.167
2026/04/16 14:48:03,01500,现恒建筑,INCON,,0.24,-0.005,-2.04082,0.245,0.234,0.241,0.227,640000,150275,0.238,0.245
2026/04/16 15:08:08,01501,瑛泰医疗,INT MEDICAL,,39.98,0.6,1.52362,39.38,39.46,40.0,38.76,99000,3900084,39.66,39.98
2026/04/16 15:05:20,01502,金融街物业,FIN STREET PPT,,2.21,0.01,0.45455,2.2,2.22,2.22,2.21,68000,150490,2.21,2.22
2026/04/16 15:09:07,01508,中国再保险,CHINA RE,,1.41,-0.01,-0.70423,1.42,1.42,1.43,1.39,16722000,23528774,1.41,1.42
2026/04/16 15:09:06,01513,丽珠医药,LIVZON PHARMA,,29.38,0.04,0.13633,29.34,29.34,29.52,29.04,485916,14245059,29.28,29.4
2026/04/16 15:08:02,01515,华润医疗,CR MEDICAL,,2.88,0.02,0.6993,2.86,2.88,2.88,2.85,2036500,5830590,2.87,2.88
2026/04/16 15:08:33,01516,融创服务,SUNAC SERVICES,,0.95,0.01,1.06383,0.94,0.94,0.96,0.94,3796157,3593547,0.94,0.95
2026/04/16 11:26:35,01518,新世纪医疗,NC HEALTHCARE,,0.55,0.01,1.85185,0.54,0.54,0.6,0.52,164000,92735,0.56,0.6
2026/04/16 15:09:12,01519,极兔速递－Ｗ,J&T EXPRESS-W,,10.54,-0.05,-0.47214,10.59,10.65,10.83,10.52,23732944,253201194,10.54,10.56
2026/04/16 15:05:34,01520,天机控股,VIRTUAL MIND,,0.63,0.02,3.27869,0.61,0.61,0.63,0.61,432000,269520,0.61,0.63
2026/04/16 13:54:04,01521,方达控股,FRONTAGE,,1.03,0.0,0.0,1.03,1.04,1.04,1.03,14000,14440,1.03,1.08
2026/04/16 15:09:06,01522,京投交通科技,BII TRANS TECH,,0.305,-0.005,-1.6129,0.31,0.315,0.315,0.305,614000,188760,0.305,0.31
2026/04/16 15:08:34,01523,珩湾科技,PLOVER BAY TECH,,7.35,-0.38,-4.91591,7.73,7.73,7.79,7.29,1108300,8207734,7.34,7.35
2026/04/16 15:01:21,01525,建桥教育,GENCH EDU,,2.07,-0.04,-1.89574,2.11,2.17,2.17,2.06,372500,780070,2.07,2.08
2026/04/16 14:36:14,01526,瑞慈医疗,RICI HEALTH,,0.9,-0.01,-1.0989,0.91,0.9,0.9,0.86,63000,55790,0.87,0.9
2026/04/16 14:17:02,01527,天洁环境,TENGY ENV,,1.96,0.0,0.0,1.96,0.0,0.0,0.0,0,0,1.98,2.07
2026/04/16 15:06:35,01528,红星美凯龙,RS MACALLINE,,1.31,0.02,1.55039,1.29,1.3,1.31,1.28,3026600,3914338,1.29,1.31
2026/04/16 15:04:12,01529,乐氏国际控股,YUES INTL HLDG,,0.425,0.0,0.0,0.425,0.42,0.425,0.42,4000,1690,0.42,0.44
2026/04/16 15:09:09,01530,三生制药,3SBIO,,25.16,0.24,0.96308,24.92,24.96,25.3,24.48,21208286,528517833,25.16,25.18
2026/04/16 15:05:24,01532,中国派对文化,CHINA PARTYTIME,,0.102,0.005,5.15464,0.097,0.097,0.102,0.097,56000,5643,0.097,0.101
2026/04/16 13:51:45,01536,煜荣集团,YUK WING GP,,0.218,0.0,0.0,0.218,0.0,0.0,0.0,0,0,0.218,0.0
2026/04/16 15:07:44,01538,中奥到家,ZHONG AO HOME,,0.71,0.0,0.0,0.71,0.71,0.72,0.68,1368000,954740,0.69,0.71
2026/04/16 10:05:07,01539,知行集团控股,UNITY GP HLDGS,,0.36,-0.005,-1.36986,0.365,0.365,0.365,0.355,28000,9980,0.355,0.36
2026/04/16 13:32:42,01540,澳狮环球,LEFTFIELD PRINT,,0.4,0.0,0.0,0.4,0.0,0.0,0.0,0,0,0.39,0.41
2026/04/16 15:07:51,01541,宜明昂科－Ｂ,IMMUNEONCO-B,,6.12,0.08,1.3245,6.04,6.1,6.21,5.9,2226400,13468082,6.09,6.13
2026/04/16 08:55:00,01542,台州水务,TAIZHOU WATER,,1.1,0.0,0.0,1.1,0.0,0.0,0.0,0,0,0.0,0.0
2026/04/16 14:42:42,01543,中盈盛达融资担保,JOIN-SHARE,,0.199,-0.002,-0.99503,0.201,0.199,0.199,0.199,30000,5970,0.193,0.199
2026/04/16 14:51:57,01545,设计都会,DESIGN CAPITAL,,0.131,0.013,11.01695,0.118,0.125,0.138,0.122,1050000,139760,0.131,0.138
2026/04/16 15:04:05,01546,德莱建业,THELLOY DEV,,0.207,0.012,6.15385,0.195,0.194,0.207,0.19,4176000,820592,0.205,0.208
2026/04/16 13:00:16,01547,IBI GROUP HLDGS,IBI GROUP HLDGS,,0.2,0.0,0.0,0.2,0.0,0.0,0.0,0,0,0.185,0.209
2026/04/16 15:09:07,01548,金斯瑞生物科技,GENSCRIPT BIO,,13.76,0.45,3.38092,13.31,13.55,13.98,13.55,9358700,129051890,13.76,13.8
2026/04/16 14:17:20,01549,永丰集团控股,EVER HARVEST GP,,0.095,0.0,0.0,0.095,0.0,0.0,0.0,0,0,0.089,0.095
2026/04/16 13:00:14,01551,广州农商银行,GRCB,,1.52,0.0,0.0,1.52,0.0,0.0,0.0,0,0,1.47,1.57
2026/04/16 10:55:37,01552,BHCC HOLDING,BHCC HOLDING,,0.26,0.0,0.0,0.26,0.26,0.26,0.26,10000,2600,0.242,0.265
2026/04/16 09:03:49,01553,迈科管业,MAIKE TUBE,,1.5,0.0,0.0,1.5,0.0,0.0,0.0,0,0,1.46,1.5
2026/04/16 14:49:25,01555,ＭＩ能源,MIE HOLDINGS,,0.034,-0.002,-5.55556,0.036,0.034,0.035,0.031,11895116,387361,0.034,0.035
2026/04/16 14:18:03,01556,建业建荣,CHINNEY KW,,0.32,-0.005,-1.53846,0.325,0.32,0.32,0.32,305000,97600,0.32,0.33
2026/04/16 13:00:16,01557,剑虹集团控股,K.H. GP HLDGS,,0.405,0.0,0.0,0.405,0.405,0.405,0.405,12000,4860,0.345,0.405
2026/04/16 10:32:47,01559,均安控股,KWAN ON HLDGS,,0.052,0.0,0.0,0.052,0.0,0.0,0.0,0,0,0.049,0.057
2026/04/16 13:00:31,01560,星星集团,STAR GROUP ASIA,,0.139,0.0,0.0,0.139,0.0,0.0,0.0,0,0,0.132,0.154
2026/04/16 14:49:06,01561,联洋智能控股,PAN ASIA DATA H,,0.052,0.001,1.96078,0.051,0.052,0.052,0.052,100000,5200,0.052,0.055
2026/04/16 14:48:08,01563,友联国际教育租赁,ALLI INTL ED LE,,0.161,-0.001,-0.61728,0.162,0.161,0.161,0.157,19000,3019,0.157,0.161
2026/04/16 14:32:25,01565,成实外教育,VIRSCEND EDU,,0.197,-0.003,-1.5,0.2,0.196,0.2,0.196,371000,73797,0.197,0.2
2026/04/16 08:55:00,01566,华夏文化科技,CA CULTURAL,,0.051,0.0,0.0,0.051,0.0,0.0,0.0,0,0,0.0,0.0
2026/04/16 13:00:01,01568,承达集团,SUNDART HLDGS,,0.75,0.0,0.0,0.75,0.0,0.0,0.0,0,0,0.74,0.76
2026/04/16 14:42:39,01569,民生教育,MINSHENG EDU,,0.145,0.01,7.40741,0.135,0.148,0.148,0.133,710000,96344,0.138,0.146
2026/04/16 15:05:31,01570,伟业控股,WEIYE HOLDINGS,,6.65,-0.45,-6.33803,7.1,7.1,7.1,6.65,40000,276640,6.65,6.67
2026/04/16 15:08:08,01571,信邦控股,XIN POINT HOLD,,4.44,0.01,0.22573,4.43,4.43,4.46,4.4,260000,1151090,4.42,4.45
2026/04/16 15:01:56,01572,中国艺术金融,CHINA ART FIN,,0.082,-0.003,-3.52941,0.085,0.081,0.082,0.08,2476000,198668,0.08,0.082
2026/04/16 14:43:02,01575,皇庭智家,REGAL PARTNERS,,0.05,-0.005,-9.09091,0.055,0.053,0.053,0.046,2434000,121100,0.05,0.052
2026/04/16 13:56:14,01576,齐鲁高速,QILU EXPRESSWAY,,1.84,0.02,1.0989,1.82,1.82,1.84,1.82,329000,602500,1.84,1.85
2026/04/16 10:01:45,01577,汇鑫小贷,HUIXIN CREDIT,,1.0,0.0,0.0,1.0,1.0,1.0,1.0,2000,2000,0.95,1.0
2026/04/16 14:51:39,01578,天津银行,BANK OF TIANJIN,,2.41,0.0,0.0,2.41,2.41,2.41,2.41,23000,55430,2.4,2.41
2026/04/16 15:08:46,01579,颐海国际,YIHAI INTL,,16.02,0.06,0.37594,15.96,15.91,16.12,15.82,1926000,30804320,16.01,16.02
2026/04/16 14:06:43,01580,大森控股,DA SEN HLDGS,,0.345,0.0,0.0,0.345,0.0,0.0,0.0,0,0,0.315,0.395
2026/04/16 14:46:01,01581,进升集团控股,PROGRESSIVE P,,0.29,0.0,0.0,0.29,0.285,0.325,0.275,1509000,441040,0.28,0.29
2026/04/16 15:01:37,01582,华营建筑,CR CONSTRUCTION,,0.375,0.015,4.16667,0.36,0.355,0.385,0.355,297500,109650,0.375,0.385
2026/04/16 13:22:34,01583,亲亲食品,QINQIN FOODS,,1.03,-0.04,-3.73832,1.07,1.03,1.03,1.03,1000,1030,1.01,1.05
2026/04/16 15:07:13,01585,雅迪控股,YADEA,,12.87,-0.08,-0.61776,12.95,12.95,13.02,12.79,6358309,81734929,12.86,12.87
2026/04/16 13:00:10,01586,力鸿检验,LEON INSPECTION,,1.57,0.0,0.0,1.57,0.0,0.0,0.0,0,0,1.5,1.71
2026/04/16 09:04:27,01587,欣融国际,SHINEROAD INTL,,0.59,0.0,0.0,0.59,0.0,0.0,0.0,0,0,0.55,0.59
2026/04/16 14:08:57,01588,畅捷通,CHANJET,,7.12,0.22,3.18841,6.9,6.9,7.13,6.9,51200,363896,7.12,7.13
2026/04/16 14:50:20,01591,汛和集团,SHUN WO GROUP,,0.138,0.001,0.72993,0.137,0.138,0.138,0.138,325184,44823,0.132,0.139
2026/04/16 15:01:59,01592,基石控股,ANCHORSTONE,,0.147,0.003,2.08333,0.144,0.138,0.147,0.138,670000,96730,0.138,0.148
2026/04/16 13:00:30,01593,辰林教育,CHEN LIN EDU,,1.25,0.0,0.0,1.25,0.0,0.0,0.0,0,0,1.2,1.28
2026/04/16 15:04:40,01596,翼辰实业,YICHEN IND,,0.65,0.0,0.0,0.65,0.65,0.65,0.64,569000,366120,0.64,0.66
2026/04/16 14:35:07,01597,纳泉能源科技,NATURE ENERGY T,,3.5,0.0,0.0,3.5,0.0,0.0,0.0,8000,28000,3.5,3.7
2026/04/16 08:55:00,01598,２１世纪教育,21CENTURY EDU,,0.111,0.0,0.0,0.111,0.0,0.0,0.0,0,0,0.0,0.0
2026/04/16 15:08:35,01599,城建设计,UCD,,1.3,0.02,1.5625,1.28,1.28,1.3,1.28,141000,182250,1.3,1.31
2026/04/16 14:47:22,01600,天伦燃气,TIAN LUN GAS,,2.84,-0.01,-0.35088,2.85,2.82,2.87,2.73,427500,1210325,2.84,2.86
2026/04/16 13:40:26,01601,中关村科技租赁,ZGC TEC LEASING,,0.86,0.0,0.0,0.86,0.84,0.86,0.84,12000,10160,0.84,0.86
2026/04/16 15:07:32,01606,国银金租,CDB LEASING,,1.54,0.02,1.31579,1.52,1.51,1.54,1.5,3536000,5361640,1.53,1.54
2026/04/16 08:55:00,01608,伟能集团,VPOWER GROUP,,0.109,0.0,0.0,0.109,0.0,0.0,0.0,0,0,0.0,0.0
2026/04/16 15:08:13,01610,中粮家佳康,COFCO JOYCOME,,1.42,0.0,0.0,1.42,1.42,1.45,1.4,29980000,42521179,1.41,1.42
2026/04/16 14:47:05,01611,新火集团,BITFIRE GROUP,,2.35,0.05,2.17391,2.3,2.3,2.36,2.3,208000,483785,2.32,2.34
2026/04/16 14:09:36,01612,永胜医疗,VINCENT MED,,0.92,-0.01,-1.07527,0.93,0.92,0.92,0.91,318000,289760,0.91,0.92
2026/04/16 14:46:23,01613,协同通信,SYNERTONE,,0.172,-0.006,-3.37079,0.178,0.178,0.178,0.172,492800,85708,0.172,0.174
2026/04/16 15:00:28,01615,奥邦建筑,AB BUILDERS,,0.38,0.015,4.10959,0.365,0.365,0.395,0.345,470000,180975,0.36,0.39
2026/04/16 08:55:00,01616,一元宇宙,A METAVERSE,,0.06,0.0,0.0,0.06,0.0,0.0,0.0,0,0,0.0,0.0
2026/04/16 15:09:00,01617,南方通信,NANFANG COMM,,0.435,-0.015,-3.33333,0.45,0.455,0.47,0.435,13116000,5943140,0.43,0.435
2026/04/16 15:08:39,01618,中国中冶,MCC,,1.61,0.01,0.625,1.6,1.61,1.62,1.6,12649000,20372550,1.61,1.62
2026/04/16 11:02:54,01620,富盈环球集团,CINESE INTL,,0.099,0.0,0.0,0.099,0.099,0.099,0.099,50000,4950,0.094,0.103
2026/04/16 13:00:28,01621,域高国际控股,VICO INTL HLDGS,,0.172,0.0,0.0,0.172,0.0,0.0,0.0,0,0,0.166,0.171
2026/04/16 15:05:03,01622,力高集团,REDCO GROUP,,0.155,-0.012,-7.18563,0.167,0.154,0.158,0.152,296000,45956,0.155,0.16
2026/04/16 15:01:20,01623,海隆控股,HILONG,,0.23,-0.008,-3.36135,0.238,0.238,0.238,0.228,476000,109586,0.229,0.23
2026/04/16 15:06:07,01626,嘉耀控股,JIA YAO HLDGS,,5.78,-0.22,-3.66667,6.0,5.95,5.95,5.67,861000,4969530,5.67,5.78
2026/04/16 13:10:31,01627,安保工程控股,ABLE ENG HLDGS,,0.59,0.02,3.50877,0.57,0.58,0.59,0.58,176000,102120,0.58,0.59
2026/04/16 15:07:20,01628,禹洲集团,YUZHOU GROUP,,0.191,0.009,4.94506,0.182,0.165,0.2,0.165,2275574,427257,0.191,0.197
2026/04/16 10:53:42,01629,冠均国际控股,CHAMP ALLI INTL,,0.176,0.0,0.0,0.176,0.176,0.176,0.176,20000,3520,0.176,0.185
2026/04/16 14:25:42,01630,建成控股,KIN SHING HLDGS,,0.176,-0.008,-4.34783,0.184,0.184,0.195,0.165,10134000,1784082,0.171,0.175
2026/04/16 09:46:19,01631,REF HOLDINGS,REF HOLDINGS,,0.495,0.0,0.0,0.495,0.0,0.0,0.0,0,0,0.475,0.52
2026/04/16 14:16:32,01632,民商创科,MSCTECH,,0.05,-0.001,-1.96078,0.051,0.051,0.051,0.05,110000,5504,0.05,0.053
2026/04/16 14:39:49,01633,上谕集团,SHEUNG YUE GP,,0.265,0.015,6.0,0.25,0.25,0.265,0.25,1218000,312240,0.265,0.27
2026/04/16 15:08:56,01635,大众公用,DZUG,,3.16,0.04,1.28205,3.12,3.13,3.16,3.12,7307300,22942494,3.15,3.16
2026/04/16 08:55:00,01636,中国金属利用,CMRU,,0.31,0.0,0.0,0.31,0.0,0.0,0.0,0,0,0.0,0.0
2026/04/16 15:01:30,01637,顺兴集团控股,SH GROUP HLDG,,0.44,-0.01,-2.22222,0.45,0.45,0.45,0.44,214000,95140,0.44,0.445
2026/04/16 15:09:16,01638,佳兆业集团,KAISA GROUP,,0.086,0.005,6.17284,0.081,0.081,0.087,0.08,19607091,1640519,0.085,0.086
2026/04/16 15:08:52,01640,千循科技,QIAN XUN TECH,,1.24,0.04,3.33333,1.2,1.22,1.78,1.2,2192000,2905120,1.24,1.26
2026/04/16 15:08:19,01641,红星冷链,HX COLDCHAIN,,7.1,-0.08,-1.11421,7.18,7.36,7.36,7.01,22000,155215,7.02,7.07
2026/04/16 15:08:46,01643,现代中药集团,MODERN CHI MED,,2.6,0.01,0.3861,2.59,2.55,2.65,2.55,693000,1813110,2.6,2.62
2026/04/16 14:49:07,01645,海纳智能,HAINA INTEL,,1.28,-0.19,-12.92517,1.47,1.48,1.48,1.22,2448000,3274880,1.27,1.3
2026/04/16 14:54:10,01647,雄岸科技,GRANDSHORES,,0.069,-0.001,-1.42857,0.07,0.068,0.071,0.066,595000,40820,0.069,0.071
2026/04/16 14:22:18,01650,HYGIEIA GROUP,HYGIEIA GROUP,,0.124,-0.001,-0.8,0.125,0.123,0.124,0.123,200000,24744,0.124,0.128
2026/04/16 15:07:49,01651,津上机床中国,TSUGAMI CHINA,,45.3,0.48,1.07095,44.82,45.0,45.48,44.0,836365,37440635,45.3,45.4
2026/04/16 14:38:09,01652,福森药业,FUSEN PHARM,,1.21,0.01,0.83333,1.2,1.2,1.24,1.2,1781000,2199470,1.21,1.24
2026/04/16 15:09:08,01653,MOS HOUSE,MOS HOUSE,,2.66,-0.09,-3.27273,2.75,2.88,2.88,2.66,1240000,3343400,2.67,2.75
2026/04/16 14:15:25,01655,OKURA HOLDINGS,OKURA HOLDINGS,,0.238,-0.002,-0.83333,0.24,0.234,0.238,0.232,290000,67655,0.238,0.241
2026/04/16 09:07:56,01656,亿仕登控股,ISDN HOLDINGS,,2.31,0.0,0.0,2.31,0.0,0.0,0.0,0,0,0.0,2.49
2026/04/16 14:32:03,01657,桦欣控股,SG GROUP HLDGS,,23.5,0.4,1.7316,23.1,21.5,23.68,21.0,15500,338430,22.56,24.0
2026/04/16 15:09:17,01658,邮储银行,PSBC,,5.04,0.02,0.39841,5.02,5.01,5.07,5.0,25645000,129086645,5.03,5.04
2026/04/16 14:28:44,01660,七元投资,SEVEN ELEMENTS,,0.33,-0.005,-1.49254,0.335,0.345,0.345,0.325,3912000,1290920,0.32,0.33
2026/04/16 15:09:03,01661,中国前沿科技集团,CH FRONTIER TEC,,2.51,-0.21,-7.72059,2.72,2.71,2.72,2.5,353600,909520,2.43,2.55
2026/04/16 14:51:23,01662,义合控股,YEE HOP HLDGS,,0.72,0.05,7.46269,0.67,0.72,0.79,0.7,707000,525450,0.72,0.75
2026/04/16 14:39:40,01663,汉港控股,S HARBOURHOLD,,0.086,-0.003,-3.37079,0.089,0.089,0.089,0.084,183513,15721,0.084,0.086
2026/04/16 15:08:47,01666,同仁堂科技,TONG REN TANG,,3.96,0.04,1.02041,3.92,3.92,3.97,3.91,843100,3320244,3.95,3.96
2026/04/16 14:25:19,01667,迪米生活控股,DIMMI LIFE HLDG,,0.37,0.0,0.0,0.37,0.0,0.0,0.0,0,0,0.315,0.375
2026/04/16 08:55:00,01668,华南城,CHINASOUTHCITY,,0.107,0.0,0.0,0.107,0.0,0.0,0.0,0,0,0.0,0.0
2026/04/16 13:58:48,01669,环球信贷集团,GIC GROUP,,0.98,-0.04,-3.92157,1.02,1.02,1.02,0.98,26000,26440,0.98,1.02
2026/04/16 15:02:51,01671,天保能源,TIANBAO ENERGY,,0.69,-0.02,-2.8169,0.71,0.71,0.71,0.69,216000,153280,0.69,0.71
2026/04/16 15:08:56,01672,歌礼制药－Ｂ,ASCLETIS-B,,17.91,0.06,0.33613,17.85,17.84,18.26,17.0,1696782,30252211,17.91,17.95
2026/04/16 14:55:50,01673,华章科技,HUAZHANG TECH,,0.26,0.005,1.96078,0.255,0.255,0.26,0.255,256000,64340,0.26,0.29
2026/04/16 15:07:06,01675,亚信科技,ASIAINFO TECH,,5.95,0.09,1.53584,5.86,5.9,6.0,5.9,1798400,10678828,5.95,5.96
2026/04/16 15:07:03,01676,高地股份,GAODI HOLDINGS,,0.202,-0.011,-5.16432,0.213,0.213,0.218,0.202,6140000,1297744,0.203,0.207
2026/04/16 15:01:45,01679,瑞斯康集团,RISECOMM GP,,0.63,0.05,8.62069,0.58,0.61,0.63,0.6,510300,316746,0.61,0.63
2026/04/16 14:05:12,01680,澳门励骏,MACAU LEGEND,,0.2,0.0,0.0,0.2,0.201,0.201,0.2,189000,37885,0.185,0.215
2026/04/16 15:03:48,01681,康臣药业,CONSUN PHARMA,,16.28,-0.16,-0.97324,16.44,16.65,16.65,16.08,1019000,16583670,16.28,16.3
2026/04/16 15:03:52,01682,杭品生活科技,HP LIVING TECH,,0.142,0.002,1.42857,0.14,0.14,0.142,0.135,1120000,153404,0.136,0.139
2026/04/16 14:52:31,01683,旷逸国际,HOPE LIFE INT,,0.232,-0.005,-2.10971,0.237,0.237,0.241,0.226,1606000,372080,0.225,0.231
2026/04/16 15:08:36,01685,博耳电力,BOER POWER,,0.52,0.0,0.0,0.52,0.53,0.53,0.52,360000,188500,0.51,0.52
2026/04/16 15:08:51,01686,新意网集团,SUNEVISION,,6.46,0.31,5.04065,6.15,6.23,6.56,6.21,9734300,62685283,6.46,6.48
2026/04/16 13:29:05,01689,华禧控股,HUAXIHOLDINGS,,0.3,-0.025,-7.69231,0.325,0.34,0.34,0.29,476000,145180,0.295,0.3
2026/04/16 15:08:15,01690,立基工程控股,LAP KEI ENGRG,,0.175,-0.007,-3.84615,0.182,0.182,0.182,0.175,1090000,192970,0.172,0.175
2026/04/16 15:05:49,01691,ＪＳ环球生活,JS GLOBAL LIFE,,1.8,0.01,0.55866,1.79,1.78,1.81,1.75,2004000,3563400,1.79,1.8
2026/04/16 13:42:44,01692,登辉控股,TOWNRAY HLDGS,,1.66,0.01,0.60606,1.65,1.47,1.66,1.47,36000,58200,1.52,1.64
2026/04/16 15:03:24,01693,璋利国际,BGMC,,5.79,0.29,5.27273,5.5,5.5,5.79,5.25,127040,691531,5.39,5.79
2026/04/16 09:59:34,01695,椰丰集团,S&P INTL HLDG,,0.1,0.0,0.0,0.1,0.0,0.0,0.0,0,0,0.096,0.1
2026/04/16 15:07:46,01696,复锐医疗科技,SISRAM MED,,3.13,-0.02,-0.63492,3.15,3.23,3.25,3.1,796000,2491348,3.11,3.12
2026/04/16 14:50:11,01697,山东国信,SDITC,,0.335,-0.015,-4.28571,0.35,0.34,0.35,0.335,55800,18810,0.33,0.345
2026/04/16 15:08:48,01698,腾讯音乐－ＳＷ,TME-SW,,39.6,1.04,2.6971,38.56,38.56,39.84,38.56,2472280,97508123,39.58,39.6
2026/04/16 13:35:55,01701,途屹控股,TU YI HLDG,,0.092,0.0,0.0,0.092,0.0,0.0,0.0,0,0,0.092,0.099
2026/04/16 11:19:46,01702,东光化工,DONGGUANG CHEM,,1.99,0.0,0.0,1.99,0.0,0.0,0.0,0,0,1.72,2.0
2026/04/16 14:53:52,01703,谊和股份,EASYHOLD GROUP,,0.08,-0.005,-5.88235,0.085,0.085,0.085,0.08,355000,28500,0.081,0.085
2026/04/16 14:49:49,01705,宾仕国际,B & S INTL HLDG,,0.52,-0.03,-5.45455,0.55,0.54,0.54,0.52,228000,122240,0.52,0.53
2026/04/16 08:55:00,01707,致浩达控股,GEOTECH HLDGS,,0.042,0.0,0.0,0.042,0.0,0.0,0.0,0,0,0.0,0.0
2026/04/16 14:28:21,01708,三宝科技,SAMPLE TECH,,0.3,0.0,0.0,0.3,0.31,0.31,0.3,38000,11550,0.3,0.36
2026/04/16 15:07:47,01709,德林控股,DL HOLDINGS GP,,1.12,-0.03,-2.6087,1.15,1.16,1.16,1.12,4055000,4619380,1.11,1.12
2026/04/16 15:07:37,01710,致丰工业电子,TRIO IND ELEC,,0.54,0.065,13.68421,0.475,0.475,0.56,0.47,6396000,3270960,0.53,0.55
2026/04/16 15:00:01,01711,欧化,ULFERTS,,0.152,0.0,0.0,0.152,0.0,0.0,0.0,0,0,0.141,0.149
2026/04/16 15:03:01,01712,龙资源,DRAGON MINING,,9.32,-0.11,-1.16649,9.43,9.23,9.52,9.23,478000,4459020,9.32,9.35
2026/04/16 14:00:12,01713,四川能投发展,SICHUAN EN INV,,2.19,-0.01,-0.45455,2.2,2.2,2.2,2.19,82000,179600,2.18,2.19
2026/04/16 14:05:47,01715,智慧健康科技,AI HEALTH TECH,,0.52,0.0,0.0,0.52,0.52,0.53,0.495,130000,66300,0.495,0.52
2026/04/16 15:01:52,01716,毛记葵涌,MOST KWAI CHUNG,,3.98,-0.02,-0.5,4.0,4.0,4.17,3.95,1606000,6520800,3.97,3.99
2026/04/16 11:08:24,01717,澳优,AUSNUTRIA,,1.75,0.03,1.74419,1.72,1.75,1.75,1.65,32000,55450,1.7,1.75
2026/04/16 15:07:18,01718,宏基集团控股,WAN KEI GROUP,,0.33,-0.02,-5.71429,0.35,0.35,0.355,0.33,600000,206550,0.33,0.35
2026/04/16 09:00:10,01719,中国通商集团,CIL GROUP,,0.31,0.0,0.0,0.31,0.0,0.0,0.0,0,0,0.28,0.31
2026/04/16 15:07:21,01720,普天通信集团,PUTIAN COMM,,0.56,0.0,0.0,0.56,0.55,0.58,0.54,3704000,2099360,0.55,0.57
2026/04/16 08:55:00,01721,FSM HOLDINGS,FSM HOLDINGS,,0.14,0.0,0.0,0.14,0.0,0.0,0.0,0,0,0.0,0.0
2026/04/16 15:02:08,01722,建鹏控股,KIN PANG HLDGS,,0.071,-0.002,-2.73973,0.073,0.071,0.071,0.071,20000,1420,0.072,0.075
2026/04/16 14:31:04,01723,恒月控股,MOON INC,,1.0,-0.06,-5.66038,1.06,1.01,1.01,1.0,58000,58420,1.0,1.03
2026/04/16 15:06:46,01725,中国技术集团,C STRATEGIC TEC,,0.69,-0.01,-1.42857,0.7,0.7,0.71,0.68,4086400,2832682,0.68,0.7
2026/04/16 10:22:01,01726,HKE HOLDINGS,HKE HOLDINGS,,1.21,-0.01,-0.81967,1.22,1.21,1.21,1.21,300000,363000,1.16,1.21
2026/04/16 14:58:23,01727,河北建设,HEBEI CONS,,0.305,-0.01,-3.1746,0.315,0.33,0.33,0.28,122000,35715,0.28,0.305
2026/04/16 08:55:00,01728,正通汽车,ZHENGTONGAUTO,,0.143,0.0,0.0,0.143,0.0,0.0,0.0,0,0,0.0,0.0
2026/04/16 15:08:49,01729,汇聚科技,TIME INTERCON,,19.42,1.44,8.0089,17.98,18.22,19.5,17.71,12814990,240291787,19.4,19.42
2026/04/16 13:48:59,01731,其利工业集团,PROSPEROUS IND,,0.84,0.0,0.0,0.84,0.83,0.84,0.83,80000,67000,0.83,0.84
2026/04/16 13:38:55,01732,象兴国际,XIANGXING INT,,0.217,-0.001,-0.45872,0.218,0.211,0.217,0.211,60000,12780,0.211,0.216
2026/04/16 15:02:50,01733,易大宗,E-COMMODITIES,,0.75,-0.01,-1.31579,0.76,0.76,0.76,0.75,307050,230611,0.75,0.76
2026/04/16 15:08:31,01735,中环新能源,CENTRAL NEW EGY,,9.18,-0.08,-0.86393,9.26,9.27,9.35,9.13,7370000,67925410,9.18,9.19
2026/04/16 14:24:35,01736,中国育儿网络,PARENTING NET,,0.51,0.01,2.0,0.5,0.51,0.51,0.51,70500,35905,0.43,0.52
2026/04/16 13:00:10,01737,亚洲实业集团,A & S GROUP,,0.1,0.0,0.0,0.1,0.1,0.1,0.1,20000,2000,0.1,0.105
2026/04/16 15:08:16,01738,飞尚无烟煤,FS ANTHRACITE,,0.1,-0.004,-3.84615,0.104,0.1,0.1,0.1,92500,9250,0.1,0.103
2026/04/16 14:52:20,01739,齐屹科技,QEEKA HOME,,0.209,0.005,2.45098,0.204,0.205,0.219,0.196,200500,41433,0.201,0.219
2026/04/16 14:34:17,01740,新石文化,VALUES CULTURAL,,0.112,0.002,1.81818,0.11,0.112,0.123,0.112,530000,62440,0.103,0.112
2026/04/16 14:35:47,01741,成志控股,SHING CHI HLDGS,,0.17,0.0,0.0,0.17,0.17,0.17,0.17,68000,11560,0.169,0.179
2026/04/16 15:07:15,01742,HPC HOLDINGS,HPC HOLDINGS,,0.21,-0.007,-3.22581,0.217,0.217,0.22,0.205,1445000,306075,0.204,0.21
2026/04/16 15:07:41,01745,驴迹科技,LVJI TECH,,0.117,0.001,0.86207,0.116,0.116,0.118,0.114,2854000,329712,0.116,0.117
2026/04/16 14:34:55,01746,万顺集团控股,MAN SHUN GP,,0.455,-0.005,-1.08696,0.46,0.46,0.475,0.455,56000,26340,0.455,0.475
2026/04/16 14:57:18,01747,HOME CONTROL,HOME CONTROL,,4.48,-0.12,-2.6087,4.6,4.35,4.48,4.35,14000,62180,4.46,4.53
2026/04/16 08:55:00,01748,信源企业集团,XIN YUAN ENT,,1.76,0.0,0.0,1.76,0.0,0.0,0.0,0,0,0.0,0.0
2026/04/16 15:04:28,01749,杉杉品牌,SHANSHAN,,0.59,-0.02,-3.27869,0.61,0.61,0.62,0.57,288000,172400,0.62,0.63
2026/04/16 14:43:09,01750,全达电器集团控股,REM GROUP HLDGS,,0.112,-0.001,-0.88496,0.113,0.116,0.117,0.11,570000,64290,0.11,0.112
2026/04/16 11:22:26,01751,智算能建,AI ENERGY ENG,,1.37,0.02,1.48148,1.35,1.4,1.4,1.37,180000,249700,1.36,1.39
2026/04/16 13:00:26,01752,澳洲成峰高教,TOP EDUCATION,,0.084,0.0,0.0,0.084,0.0,0.0,0.0,0,0,0.084,0.09
2026/04/16 13:55:09,01753,兑吧,DUIBA,,0.113,-0.002,-1.73913,0.115,0.114,0.114,0.108,90800,9938,0.111,0.113
2026/04/16 08:55:00,01755,新城悦服务,S-ENJOY SERVICE,,2.8,0.0,0.0,2.8,0.0,0.0,0.0,0,0,0.0,0.0
2026/04/16 14:50:32,01756,中国科教产业,CHI SCI&EDU IND,,0.54,-0.02,-3.57143,0.56,0.56,0.57,0.54,469000,259600,0.53,0.54
2026/04/16 15:08:05,01757,环球华商（一千）,GLOBAL CHI-1K,,18.07,-0.11,-0.60506,18.18,18.09,18.5,17.66,710000,12838050,18.07,18.18
2026/04/16 11:30:06,01758,博骏教育,BOJUN EDU,,0.112,0.0,0.0,0.112,0.0,0.0,0.0,0,0,0.105,0.12
2026/04/16 13:00:24,01759,中油洁能控股,SINO GAS HLDGS,,0.99,0.0,0.0,0.99,0.0,0.0,0.0,0,0,0.84,1.19
2026/04/16 14:50:14,01760,英恒科技,INTRON TECH,,1.81,0.0,0.0,1.81,1.82,1.82,1.79,218000,394130,1.81,1.82
2026/04/16 15:08:49,01762,万咖壹联,WANKA ONLINE,,1.72,0.06,3.61446,1.66,1.66,1.72,1.65,5223000,8817440,1.72,1.73
2026/04/16 15:02:44,01763,中国同辐,CIRC,,18.6,-0.4,-2.10526,19.0,18.92,18.92,18.39,229400,4267396,18.51,18.59
2026/04/16 14:53:50,01765,希教国际控股,XJ INTL HLDGS,,0.161,0.005,3.20513,0.156,0.157,0.161,0.157,252000,40390,0.161,0.162
2026/04/16 15:08:40,01766,中国中车,CRRC,,5.16,0.05,0.97847,5.11,5.11,5.16,5.08,15167660,77706468,5.14,5.16
2026/04/16 13:57:45,01767,TS WONDERS,TS WONDERS,,0.365,0.01,2.8169,0.355,0.36,0.365,0.36,650000,236600,0.345,0.365
2026/04/16 15:08:06,01768,鸣鸣很忙,BUSYMING,,405.0,5.0,1.25,400.0,396.4,406.0,391.0,48400,19399960,404.79999,406.0
2026/04/16 15:08:02,01769,思考乐教育,SCHOLAR EDU,,1.61,-0.01,-0.61728,1.62,1.62,1.66,1.58,289000,464340,1.6,1.61
2026/04/16 13:50:20,01771,新丰泰集团,SUNFONDA GP,,0.162,-0.016,-8.98876,0.178,0.162,0.162,0.162,1000,162,0.158,0.175
2026/04/16 15:08:45,01772,赣锋锂业,GANFENGLITHIUM,,83.25,4.8,6.11855,78.45,79.7,84.85,78.8,14703863,1220094229,83.2,83.25
2026/04/16 15:06:41,01773,天立国际控股,TIANLI INT HLDG,,2.1,0.02,0.96154,2.08,2.1,2.12,2.07,7605000,15918900,2.1,2.11
2026/04/16 14:06:48,01775,精英汇集团,BEXCELLENT GP,,0.455,0.01,2.24719,0.445,0.44,0.455,0.44,176000,77860,0.435,0.45
2026/04/16 15:08:41,01776,广发证券,GF SEC,,16.87,0.42,2.55319,16.45,16.54,17.14,16.5,9140600,154009447,16.83,16.87
2026/04/16 14:22:29,01777,花样年控股,FANTASIA,,0.084,0.003,3.7037,0.081,0.078,0.092,0.078,711000,58614,0.079,0.083
2026/04/16 14:41:16,01778,彩生活,COLOUR LIFE,,0.21,0.0,0.0,0.21,0.201,0.21,0.201,201000,40410,0.202,0.21
2026/04/16 08:55:00,01780,荣尊国际控股,RONGZUN INT'L H,,1.0,0.0,0.0,1.0,0.0,0.0,0.0,0,0,0.0,0.0
2026/04/16 15:01:08,01782,国际商业数字技术,IB DIGITAL TECH,,3.2,0.0,0.0,3.2,3.35,3.35,3.2,120000,390450,3.06,3.33
2026/04/16 15:07:40,01783,晋景新能,ENVISION GREEN,,3.16,-0.06,-1.86335,3.22,3.24,3.24,3.12,5117000,16175340,3.15,3.16
2026/04/16 13:56:51,01785,成都高速,CHENGDU EXPWAY,,2.09,0.0,0.0,2.09,2.09,2.09,2.09,40200,83983,2.06,2.09
2026/04/16 15:08:12,01786,铁建装备,CRCCE,,0.84,-0.03,-3.44828,0.87,0.85,0.86,0.84,242000,205280,0.84,0.86
2026/04/16 15:08:14,01787,山东黄金,SD GOLD,,33.1,0.0,0.0,33.1,33.3,33.48,32.52,9667136,318628771,33.08,33.1
2026/04/16 15:08:27,01788,国泰君安国际,GUOTAI JUNAN I,,2.66,0.03,1.14068,2.63,2.66,2.72,2.62,135970000,362563237,2.66,2.67
2026/04/16 15:08:43,01789,爱康医疗,AK MEDICAL,,6.95,-0.08,-1.13798,7.03,6.93,7.06,6.93,2428000,16997260,6.95,6.99
2026/04/16 09:38:02,01790,达力环保,TIL ENVIRO,,0.52,0.0,0.0,0.52,0.0,0.0,0.0,0,0,0.435,0.58
2026/04/16 13:00:07,01792,CMON,CMON,,1.19,0.0,0.0,1.19,0.0,0.0,0.0,0,0,1.08,1.17
2026/04/16 14:58:09,01793,伟工控股,WECON HOLDINGS,,0.27,0.0,0.0,0.27,0.265,0.27,0.265,364000,97460,0.265,0.27
2026/04/16 14:50:51,01795,亚东集团,YADONG GROUP,,0.51,0.0,0.0,0.51,0.51,0.51,0.495,126000,64005,0.5,0.51
2026/04/16 08:55:00,01796,中国数智科技,METASPACEX,,0.66,0.0,0.0,0.66,0.0,0.0,0.0,0,0,0.0,0.0
2026/04/16 15:08:55,01797,东方甄选,EAST BUY,,28.3,-0.18,-0.63202,28.48,28.96,30.12,28.3,10510000,307651838,28.3,28.32
2026/04/16 15:08:38,01798,大唐新能源,DATANG RENEW,,1.52,0.04,2.7027,1.48,1.5,1.52,1.48,9958000,14939903,1.51,1.52
2026/04/16 15:08:28,01799,新特能源,XINTE ENERGY,,5.67,0.33,6.17978,5.34,5.48,5.78,5.45,2461600,13962676,5.65,5.67
2026/04/16 15:08:41,01800,中国交通建设,CHINA COMM CONS,,4.59,0.05,1.10132,4.54,4.55,4.6,4.53,6287251,28752758,4.58,4.59
2026/04/16 15:09:06,01801,信达生物,INNOVENT BIO,,92.35,0.95,1.03939,91.4,91.4,92.4,89.45,7966035,727938637,92.3,92.35
2026/04/16 08:55:00,01802,文业集团,WENYE GROUP,,0.045,0.0,0.0,0.045,0.0,0.0,0.0,0,0,0.0,0.0
2026/04/16 14:33:30,01803,北京体育文化,BJ SPORTS & ENT,,0.077,0.002,2.66667,0.075,0.078,0.078,0.07,187500,14505,0.071,0.079
2026/04/16 15:05:43,01808,企展控股,ENTERPRISE DEV,,2.25,-0.04,-1.74673,2.29,2.29,2.29,2.1,210000,453480,2.1,2.21
2026/04/16 14:58:52,01809,浦林成山,PRINX CHENGSHAN,,8.03,-0.06,-0.74166,8.09,8.05,8.07,7.96,36500,292184,8.02,8.04
2026/04/16 15:09:06,01810,小米集团－Ｗ,XIAOMI-W,,31.96,1.06,3.43042,30.9,31.06,32.22,31.06,153611423,4854753618,31.94,31.96
2026/04/16 15:08:19,01811,中广核新能源,CGN NEW ENERGY,,2.63,-0.01,-0.37879,2.64,2.64,2.65,2.61,2516000,6616620,2.63,2.65
2026/04/16 15:05:51,01812,晨鸣纸业,CHENMING PAPER,,1.16,0.03,2.65487,1.13,1.13,1.18,1.13,555500,641720,1.16,1.17
2026/04/16 14:58:24,01813,合景泰富集团,KWG GROUP,,0.173,-0.006,-3.35196,0.179,0.175,0.175,0.171,180000,31213,0.172,0.173
2026/04/16 15:03:17,01815,珠峰黄金,EVEREST GOLD,,1.11,0.02,1.83486,1.09,1.07,1.13,1.07,7058133,7787242,1.11,1.12
2026/04/16 15:09:05,01816,中广核电力,CGN POWER,,3.3,-0.03,-0.9009,3.33,3.35,3.36,3.28,42234226,139654094,3.3,3.31
2026/04/16 11:45:02,01817,慕尚集团控股,MULSANNE GROUP,,0.295,0.0,0.0,0.295,0.0,0.0,0.0,0,0,0.27,0.28
2026/04/16 15:08:46,01818,招金矿业,ZHAOJIN MINING,,32.7,-0.26,-0.78884,32.96,33.04,33.04,32.4,5583498,182388191,32.7,32.72
2026/04/16 13:15:07,01820,济丰包装,PM PACKAGING,,2.54,0.0,0.0,2.54,2.54,2.54,2.54,2000,5080,2.54,2.78
2026/04/16 14:27:33,01822,中木国际,CHINA WOOD INT,,0.144,0.0,0.0,0.144,0.0,0.0,0.0,9000,1170,0.133,0.138
2026/04/16 13:04:36,01823,华昱高速,HUAYUEXPRESSWAY,,1.69,0.0,0.0,1.69,0.0,0.0,0.0,0,0,1.66,1.69
2026/04/16 13:25:13,01825,STERLING GP-NEW,STERLING GP-NEW,,0.88,-0.02,-2.22222,0.9,0.88,0.88,0.8,9250,7810,0.82,0.99
2026/04/16 14:48:42,01826,丰展控股,FDB HOLDINGS,,0.175,0.001,0.57471,0.174,0.174,0.175,0.174,30000,5230,0.156,0.175
2026/04/16 13:00:21,01827,卓珈控股,MIRICOR,,0.94,0.0,0.0,0.94,0.0,0.0,0.0,0,0,0.73,0.93
2026/04/16 15:05:37,01828,富卫集团,FWD,,31.76,-0.24,-0.75,32.0,32.0,32.02,31.5,118000,3732664,31.76,31.86
2026/04/16 15:06:06,01830,完美医疗,PERFECT MEDICAL,,1.27,0.09,7.62712,1.18,1.16,1.29,1.15,1446722,1789117,1.26,1.27
2026/04/16 14:42:27,01831,十方控股,SHIFANG HLDG,,0.45,0.0,0.0,0.45,0.445,0.45,0.43,2730000,1189800,0.435,0.445
2026/04/16 14:51:41,01832,海天地悦旅,SAI LEISURE,,0.81,0.0,0.0,0.81,0.81,0.81,0.81,20000,16200,0.8,0.85
2026/04/16 15:09:05,01833,平安好医生,PA GOODDOCTOR,,12.2,0.31,2.60723,11.89,11.9,12.35,11.85,7235552,87875744,12.2,12.22
2026/04/16 13:00:04,01835,瑞威资管,REALWAY CAPITAL,,1.24,0.0,0.0,1.24,0.0,0.0,0.0,0,0,1.05,1.24
2026/04/16 15:08:38,01836,九兴控股,STELLA HOLDINGS,,14.92,-0.07,-0.46698,14.99,15.02,15.02,14.88,180500,2692010,14.91,14.92
2026/04/16 15:00:31,01837,五谷磨房,NATURAL FOOD IH,,1.73,0.02,1.16959,1.71,1.72,1.75,1.7,1300000,2255360,1.72,1.73
2026/04/16 09:15:48,01841,优越集团控股,A.PLUS GROUP,,0.235,0.0,0.0,0.235,0.0,0.0,0.0,0,0,0.228,0.235
2026/04/16 14:42:21,01842,植华集团,GROWN UP GROUP,,0.045,0.002,4.65116,0.043,0.045,0.045,0.045,88000,3960,0.043,0.045
2026/04/16 15:07:41,01843,快餐帝国,SNACK EMPIRE,,0.148,0.004,2.77778,0.144,0.15,0.15,0.144,388000,57992,0.15,0.159
2026/04/16 09:30:26,01845,维港环保科技,WG ENV TECH,,0.238,0.0,0.0,0.238,0.0,0.0,0.0,0,0,0.0,0.238
2026/04/16 13:19:52,01846,德视佳,EUROEYES,,2.89,0.0,0.0,2.89,0.0,0.0,0.0,0,0,2.76,2.88
2026/04/16 13:00:13,01847,云南建投混凝土,GHPC,,0.44,0.0,0.0,0.44,0.0,0.0,0.0,0,0,0.435,0.5
2026/04/16 15:08:42,01848,中国飞机租赁,CALC,,3.98,-0.06,-1.48515,4.04,4.05,4.05,3.93,419000,1670730,3.97,3.98
2026/04/16 08:55:00,01849,秀商时代控股,AM GROUP,,0.05,0.0,0.0,0.05,0.0,0.0,0.0,0,0,0.0,0.0
2026/04/16 14:20:39,01850,鸿盛昌资源,HSC RESOURCES,,0.9,-0.1,-10.0,1.0,0.99,1.0,0.87,1860000,1707800,0.89,0.92
2026/04/16 15:09:01,01851,银杏教育,GINGKO EDU,,4.35,0.07,1.63551,4.28,4.34,4.45,4.25,1248000,5419120,4.31,4.39
2026/04/16 08:55:00,01853,春城热力,CHUNCHENG HEAT,,1.74,0.0,0.0,1.74,0.0,0.0,0.0,0,0,0.0,0.0
2026/04/16 13:00:00,01854,中国万天控股,CHINA WANTIAN,,1.1,0.0,0.0,1.1,0.0,0.0,0.0,0,0,1.06,1.1
2026/04/16 14:40:58,01855,中庆股份,ZONQING LTD,,0.355,0.02,5.97015,0.335,0.345,0.385,0.33,540000,187340,0.335,0.355
2026/04/16 14:49:46,01856,依波路,ERNEST BOREL,,1.8,0.0,0.0,1.8,1.76,1.8,1.7,46000,80700,1.7,1.76
2026/04/16 14:47:24,01857,中国光大水务,CEB WATER,,1.46,-0.01,-0.68027,1.47,1.46,1.46,1.44,1312000,1902880,1.45,1.47
2026/04/16 15:09:05,01858,春立医疗,CHUNLI MEDICAL,,13.39,-0.16,-1.18081,13.55,13.58,13.66,13.19,735250,9862973,13.38,13.44
2026/04/16 15:08:29,01860,汇量科技,MOBVISTA,,15.51,0.54,3.60721,14.97,15.56,15.88,15.27,9005663,139712616,15.5,15.51
2026/04/16 09:00:44,01861,保宝龙科技,PRECIOUS DRAGON,,1.78,0.0,0.0,1.78,0.0,0.0,0.0,0,0,1.7,2.0
2026/04/16 08:55:00,01862,景瑞控股,JINGRUI HLDGS,,0.016,0.0,0.0,0.016,0.0,0.0,0.0,0,0,0.0,0.0
2026/04/16 08:55:00,01863,中国龙天集团,CHI LONGEVITY,,1.37,0.0,0.0,1.37,0.0,0.0,0.0,0,0,0.0,0.0
2026/04/16 14:47:29,01865,鹏高控股集团,PENGO HLDG GP,,0.435,-0.005,-1.13636,0.44,0.44,0.45,0.43,1944000,849120,0.43,0.435
2026/04/16 15:08:53,01866,中国心连心化肥,CHINA XLX FERT,,11.54,0.36,3.22004,11.18,11.64,11.64,10.9,2621000,29528358,11.53,11.55
2026/04/16 15:00:01,01867,标准发展集团,STD DEV GROUP,,0.215,-0.017,-7.32759,0.232,0.222,0.222,0.215,100000,21870,0.215,0.227
2026/04/16 14:49:45,01868,同方友友,NEO-NEON,,0.32,-0.01,-3.0303,0.33,0.32,0.32,0.315,50000,15990,0.32,0.345
2026/04/16 14:30:00,01869,猫屎咖啡控股,KAFELAKU COFFEE,,0.105,0.0,0.0,0.105,0.112,0.112,0.105,350000,36960,0.102,0.111
2026/04/16 15:07:48,01870,益美国际控股,ACME INTL HLDGS,,0.49,0.0,0.0,0.49,0.49,0.495,0.475,307500,147875,0.475,0.49
2026/04/16 14:49:40,01871,向中国际,CHINA ORIENTED,,0.38,0.03,8.57143,0.35,0.35,0.39,0.35,328000,121740,0.37,0.38
2026/04/16 15:04:33,01872,冠轈控股,GUAN CHAO HLDGS,,7.25,-0.5,-6.45161,7.75,7.64,7.85,7.2,1105000,8174500,7.23,7.3
2026/04/16 15:08:51,01873,维亚生物,VIVA BIOTECH,,1.94,-0.02,-1.02041,1.96,1.97,1.98,1.91,2570000,4971650,1.93,1.94
2026/04/16 14:54:26,01875,东曜药业－Ｂ,BIODLINK-B,,4.89,-0.04,-0.81136,4.93,4.93,4.93,4.81,804800,3917748,4.85,4.89
2026/04/16 15:09:02,01876,百威亚太,BUD APAC,,7.48,-0.05,-0.66401,7.53,7.53,7.54,7.41,8491100,63388322,7.47,7.48
2026/04/16 15:09:13,01877,君实生物,JUNSHI BIO,,27.68,0.18,0.65455,27.5,27.6,27.98,27.02,3362800,92721336,27.56,27.68
2026/04/16 15:03:07,01878,南戈壁,SOUTHGOBI,,2.14,0.09,4.39024,2.05,2.05,2.15,2.05,413250,867154,2.14,2.15
2026/04/16 15:09:18,01880,中国中免,CTG DUTY-FREE,,66.2,0.5,0.76104,65.7,66.4,67.0,65.8,664400,44139437,66.2,66.25
2026/04/16 15:08:59,01882,海天国际,HAITIAN INT'L,,21.68,-0.02,-0.09217,21.7,21.76,21.96,21.5,1454000,31507563,21.68,21.72
2026/04/16 15:05:20,01883,中信国际电讯,CITIC TELECOM,,2.79,0.01,0.35971,2.78,2.78,2.8,2.76,1042000,2893327,2.77,2.79
2026/04/16 13:00:30,01884,ＥＰＲＩＮＴ集团,EPRINT GROUP,,0.109,0.0,0.0,0.109,0.0,0.0,0.0,0,0,0.097,0.108
2026/04/16 15:09:14,01888,建滔积层板,KB LAMINATES,,26.9,1.12,4.34445,25.78,25.84,26.98,25.04,26873175,705884459,26.84,26.88
2026/04/16 13:44:45,01889,三爱健康集团,SANAI HEALTH GP,,0.32,0.0,0.0,0.32,0.32,0.32,0.32,70000,22325,0.305,0.34
2026/04/16 15:09:01,01890,中国科培,CHINA KEPEI,,1.25,0.04,3.30579,1.21,1.22,1.26,1.22,1594000,1971780,1.25,1.26
2026/04/16 11:54:04,01891,兴合控股,HENG HUP,,0.139,0.0,0.0,0.139,0.139,0.139,0.139,64000,8896,0.138,0.139
2026/04/16 15:08:09,01894,恒益控股,HANG YICK HLDGS,,0.305,0.02,7.01754,0.285,0.275,0.33,0.275,4327500,1280200,0.305,0.31
2026/04/16 13:30:47,01895,鑫苑服务,XINYUAN PM,,0.455,0.0,0.0,0.455,0.45,0.455,0.45,114000,51810,0.455,0.46
2026/04/16 15:09:15,01896,猫眼娱乐,MAOYAN ENT,,5.99,0.13,2.21843,5.86,5.86,6.01,5.86,4259600,25302600,5.98,5.99
2026/04/16 13:27:54,01897,美亨实业,MILLIONHOPE IND,,0.48,0.0,0.0,0.48,0.0,0.0,0.0,0,0,0.46,0.51
2026/04/16 15:09:13,01898,中煤能源,CHINA COAL,,13.5,-0.03,-0.22173,13.53,13.54,13.66,13.39,11977300,162022149,13.49,13.51
2026/04/16 14:57:31,01899,兴达国际,XINGDA INT'L,,1.23,0.01,0.81967,1.22,1.21,1.24,1.2,183000,222480,1.21,1.23
2026/04/16 15:00:37,01900,中国智能交通,CHINA ITS,,0.24,-0.01,-4.0,0.25,0.241,0.243,0.222,415000,96580,0.235,0.244
2026/04/16 14:20:26,01901,飞扬集团,FEIYANG GROUP,,0.3,-0.01,-3.22581,0.31,0.3,0.31,0.295,352000,104980,0.3,0.305
2026/04/16 15:06:02,01903,JBB BUILDERS,JBB BUILDERS,,2.28,-0.02,-0.86957,2.3,2.3,2.3,2.28,38000,86680,2.26,2.28
2026/04/16 15:00:09,01905,海通恒信,HAITONG UT,,0.83,0.0,0.0,0.83,0.83,0.83,0.82,1068000,880780,0.83,0.84
2026/04/16 14:56:51,01906,博尼控股,BONNY HLDG,,0.55,0.02,3.77359,0.53,0.53,0.56,0.53,2775000,1494650,0.54,0.55
2026/04/16 15:09:00,01907,中国旭阳集团,CHINA RISUN GP,,3.03,-0.08,-2.57235,3.11,3.07,3.11,3.01,23321000,71135120,3.03,3.04
2026/04/16 15:09:04,01908,建发国际集团,C&D INTL GROUP,,14.2,0.0,0.0,14.2,14.2,14.36,14.07,2859546,40546326,14.19,14.2
2026/04/16 15:00:01,01909,火岩控股,FIRE ROCK,,2.15,0.16,8.0402,1.99,1.98,2.16,1.98,18000,36360,1.99,2.14
2026/04/16 15:09:02,01910,新秀丽,SAMSONITE,,15.64,0.46,3.0303,15.18,15.18,15.7,15.12,9578760,148104059,15.63,15.64
2026/04/16 15:00:04,01911,华兴资本控股,CR HOLDINGS,,3.64,0.01,0.27548,3.63,3.6,3.68,3.51,375800,1356338,3.63,3.64
2026/04/16 15:05:50,01912,康特隆,CONTEL,,0.4,0.04,11.11111,0.36,0.38,0.4,0.38,105000,40750,0.39,0.44
2026/04/16 15:07:28,01913,普拉达,PRADA,,37.4,0.42,1.13575,36.98,37.1,38.68,37.06,1396480,52170319,37.32,37.42
2026/04/16 08:55:00,01915,泰和小贷,TAIHE M-FIN,,0.265,0.0,0.0,0.265,0.0,0.0,0.0,0,0,0.0,0.0
2026/04/16 14:37:00,01916,江西银行,JIANGXI BANK,,0.68,0.0,0.0,0.68,0.68,0.68,0.68,102500,69700,0.68,0.69
2026/04/16 11:20:18,01917,豆盟科技,DOUMOB,,0.11,0.001,0.91743,0.109,0.11,0.11,0.11,40000,4400,0.102,0.109
2026/04/16 15:09:00,01918,融创中国,SUNAC,,1.06,0.0,0.0,1.06,1.07,1.07,1.05,91610000,96640625,1.06,1.07
2026/04/16 15:09:18,01919,中远海控,COSCO SHIP HOLD,,14.93,-0.21,-1.38705,15.14,15.15,15.25,14.92,10284952,154416771,14.93,14.94
2026/04/16 15:04:13,01920,中国网成,CHINA WACAN,,1.06,0.0,0.0,1.06,1.08,1.08,1.05,888000,941030,1.05,1.07
2026/04/16 14:59:23,01921,达力普控股,DALIPAL HLDG,,6.1,0.11,1.83639,5.99,6.25,6.25,5.92,4450000,26739580,6.09,6.1
2026/04/16 13:09:32,01925,旷世芳香,KWUNGS AROMA,,1.23,0.0,0.0,1.23,1.23,1.23,1.23,42000,51660,1.23,1.25
2026/04/16 15:02:16,01927,久久王,JIUJIUWANG,,0.147,0.002,1.37931,0.145,0.144,0.153,0.144,1370000,203505,0.147,0.15
2026/04/16 15:09:12,01928,金沙中国有限公司,SANDS CHINA LTD,,17.45,0.3,1.74927,17.15,17.2,17.5,17.2,5759110,100119143,17.45,17.46
2026/04/16 15:09:05,01929,周大福,CHOW TAI FOOK,,11.42,0.06,0.52817,11.36,11.36,11.48,11.25,10992596,125206793,11.42,11.43
2026/04/16 13:35:01,01930,勋龙,SHINELONG,,0.395,0.0,0.0,0.395,0.38,0.395,0.375,84000,32420,0.38,0.395
2026/04/16 14:46:17,01931,华检医疗,ETHK LABS INC.,,1.07,0.02,1.90476,1.05,1.05,1.07,1.03,323000,338810,1.06,1.07
2026/04/16 08:55:00,01932,中漆集团,CPM GROUP,,0.249,0.0,0.0,0.249,0.0,0.0,0.0,0,0,0.0,0.0
2026/04/16 13:54:08,01933,元力控股,ONEFORCE HLDGS,,0.215,0.0,0.0,0.215,0.0,0.0,0.0,0,0,0.21,0.225
2026/04/16 13:00:16,01935,嘉宏教育,JH EDUCATION,,1.24,0.0,0.0,1.24,0.0,0.0,0.0,0,0,1.12,1.21
2026/04/16 10:31:37,01936,利特米,RITAMIX,,0.82,0.04,5.12821,0.78,0.82,0.82,0.82,6000,4920,0.77,0.82
2026/04/16 14:00:16,01937,佳辰控股,JIACHEN HOLDING,,0.147,0.0,0.0,0.147,0.147,0.147,0.147,5000,735,0.146,0.164
2026/04/16 14:29:08,01938,珠江钢管,CHU KONG PIPE,,0.33,0.015,4.76191,0.315,0.315,0.33,0.315,598000,194545,0.325,0.33
2026/04/16 14:52:40,01939,上善黄金,SHANGSHAN GOLD,,0.495,0.035,7.6087,0.46,0.46,0.5,0.45,1878000,914870,0.49,0.5
2026/04/16 15:09:11,01940,CGII HLDGS,CGII HLDGS,,1.27,-0.03,-2.30769,1.3,1.28,1.3,1.26,274000,350860,1.27,1.28
2026/04/16 13:48:10,01941,烨星集团,YE XING GROUP,,0.3,0.005,1.69492,0.295,0.295,0.3,0.295,182000,53790,0.3,0.305
2026/04/16 15:08:11,01942,马可数字科技,MOG DIGITECH,,0.215,-0.003,-1.37615,0.218,0.218,0.219,0.212,1894000,407122,0.214,0.215
2026/04/16 15:06:39,01943,金石控股集团,KING'S STONE,,0.63,0.0,0.0,0.63,0.62,0.63,0.62,2450000,1538750,0.62,0.64
2026/04/16 14:39:27,01945,清科控股,ZERO2IPO,,1.57,0.0,0.0,1.57,1.56,1.62,1.49,228400,348532,1.52,1.57
2026/04/16 15:00:01,01947,美皓集团,MEIHAO GROUP,,0.39,0.02,5.40541,0.37,0.385,0.39,0.385,120000,46425,0.37,0.45
2026/04/16 15:09:18,01948,优矩控股,UJU HOLDING,,3.99,0.44,12.39437,3.55,4.5,4.7,3.55,42000,162650,3.99,4.08
2026/04/16 13:00:04,01949,佰达国际控股,PLATT NERA,,0.8,0.0,0.0,0.8,0.0,0.0,0.0,0,0,0.71,0.81
2026/04/16 15:04:57,01950,帝王实业控股,DIWANG IND H,,0.137,-0.01,-6.80272,0.147,0.136,0.141,0.133,3640000,495484,0.134,0.137
2026/04/16 15:09:05,01951,锦欣生殖,JXR,,2.42,0.02,0.83333,2.4,2.4,2.44,2.38,10757500,25917998,2.41,2.42
2026/04/16 15:09:12,01952,云顶新耀,EVEREST MED,,40.24,-0.14,-0.34671,40.38,40.4,40.4,39.22,2422500,96088025,40.1,40.24
2026/04/16 08:55:00,01953,RIMBACO,RIMBACO,,0.65,0.0,0.0,0.65,0.0,0.0,0.0,0,0,0.0,0.0
2026/04/16 15:06:08,01955,庄臣控股,JOHNSON HLDGS,,0.52,0.01,1.96078,0.51,0.51,0.52,0.51,40000,20760,0.51,0.52
2026/04/16 13:59:45,01957,大人国际,MBV INTL,,0.222,-0.008,-3.47826,0.23,0.223,0.223,0.222,105000,23402,0.22,0.223
2026/04/16 15:04:46,01958,北京汽车,BAIC MOTOR,,1.53,-0.01,-0.64935,1.54,1.54,1.55,1.52,3637000,5574072,1.53,1.54
2026/04/16 15:07:20,01959,中聚投资,ZHONG JU INVEST,,4.32,0.02,0.46512,4.3,4.35,4.5,4.28,5706000,24725580,4.32,4.38
2026/04/16 14:11:46,01960,TBKS HLDGS,TBKS HLDGS,,0.405,0.0,0.0,0.405,0.405,0.405,0.405,15000,6075,0.405,0.42
2026/04/16 08:55:00,01961,多牛科技,INFINITIES TECH,,0.099,0.0,0.0,0.099,0.0,0.0,0.0,0,0,0.0,0.0
2026/04/16 14:43:32,01962,训修实业,EVERGREEN PG,,0.455,-0.015,-3.19149,0.47,0.455,0.455,0.455,70000,31850,0.455,0.465
2026/04/16 15:07:35,01963,重庆银行,BCQ,,8.17,-0.04,-0.48721,8.21,8.23,8.23,8.13,563500,4599598,8.16,8.17
2026/04/16 13:00:17,01965,朗诗绿色生活,LANDSEA LIFE,,0.137,0.0,0.0,0.137,0.0,0.0,0.0,0,0,0.126,0.135
2026/04/16 14:51:24,01966,中骏集团控股,CHINA SCE GROUP,,0.064,0.0,0.0,0.064,0.062,0.064,0.062,2584000,162122,0.062,0.064
2026/04/16 15:00:07,01967,信恳智能,CONFIDENCE IN,,0.385,-0.005,-1.28205,0.39,0.38,0.385,0.38,51800,19701,0.38,0.385
2026/04/16 15:04:38,01968,兴纺控股,HINGTEX HLDGS,,0.188,0.019,11.2426,0.169,0.175,0.188,0.175,196000,35708,0.192,0.199
2026/04/16 15:06:58,01969,中国春来,CHINA CHUNLAI,,1.37,-0.02,-1.43885,1.39,1.43,1.43,1.35,869000,1209560,1.37,1.38
2026/04/16 15:03:17,01970,IMAX CHINA,IMAX CHINA,,7.8,-0.05,-0.63694,7.85,7.9,8.2,7.8,28500,224339,7.52,7.74
2026/04/16 14:48:20,01971,弘阳服务,RSUN SER,,0.38,0.0,0.0,0.38,0.0,0.0,0.0,0,0,0.34,0.375
2026/04/16 15:09:10,01972,太古地产,SWIREPROPERTIES,,24.86,0.12,0.48504,24.74,24.38,24.98,24.38,1283330,31819772,24.84,24.86
2026/04/16 13:00:28,01973,天图投资,TIAN TU CAPITAL,,2.6,0.0,0.0,2.6,0.0,0.0,0.0,0,0,2.31,2.6
2026/04/16 10:49:05,01975,新兴印刷,SUN HING PRINT,,0.39,0.005,1.2987,0.385,0.39,0.39,0.39,16000,6240,0.39,0.4
2026/04/16 13:50:53,01977,安乐工程,ANALOGUE HLDGS,,1.02,0.02,2.0,1.0,1.02,1.02,1.02,10000,10200,0.99,1.02
2026/04/16 14:41:35,01978,叙福楼集团,LH GROUP,,0.33,0.01,3.125,0.32,0.32,0.33,0.31,50000,16020,0.315,0.34
2026/04/16 15:06:07,01979,天宝集团,TEN PAO GROUP,,2.46,0.01,0.40816,2.45,2.48,2.48,2.46,56000,138040,2.44,2.46
2026/04/16 14:09:31,01980,天鸽互动,TIANGE,,0.71,0.0,0.0,0.71,0.71,0.71,0.71,17000,11930,0.7,0.71
2026/04/16 15:01:51,01981,华夏控股,CATHAY GP HLDGS,,0.82,-0.02,-2.38095,0.84,0.83,0.85,0.82,454000,375640,0.82,0.83
2026/04/16 15:05:05,01982,南旋控股,NAMESON HLDGS,,1.04,0.02,1.96078,1.02,1.03,1.04,1.03,36000,37320,1.02,1.04
2026/04/16 14:52:18,01983,泸州银行,LUZHOU BANK,,2.25,-0.07,-3.01724,2.32,2.25,2.25,2.25,13000,29250,2.28,2.45
2026/04/16 15:02:45,01985,美高域,MICROWARE,,1.45,0.15,11.53846,1.3,1.32,1.45,1.32,30000,40660,1.33,1.42
2026/04/16 14:25:16,01986,彩客新能源,TSAKER NE,,0.8,0.0,0.0,0.8,0.81,0.81,0.79,833500,668780,0.79,0.8
2026/04/16 14:05:51,01987,BENG SOON MACH,BENG SOON MACH,,0.21,0.0,0.0,0.21,0.21,0.215,0.21,580000,122744,0.21,0.217
2026/04/16 15:09:19,01988,民生银行,MINSHENG BANK,,3.63,-0.03,-0.81967,3.66,3.66,3.66,3.62,13715627,49925804,3.63,3.64
2026/04/16 15:08:57,01989,广合科技,DELTON,,139.8,11.5,8.96337,128.3,128.2,141.2,128.0,1972182,267338500,139.7,139.8
2026/04/16 08:55:00,01991,大洋集团,TA YANG GROUP,,0.58,0.0,0.0,0.58,0.0,0.0,0.0,0,0,0.0,0.0
2026/04/16 14:58:48,01993,雅仕维,ASIARAY,,0.65,0.07,12.06897,0.58,0.65,0.65,0.55,2000,1245,0.57,0.65
2026/04/16 15:07:49,01995,永升服务,ES SERVICES,,1.91,-0.02,-1.03627,1.93,1.93,1.93,1.9,1034000,1970350,1.9,1.91
2026/04/16 09:30:26,01996,弘阳地产,RSUN PPT,,0.024,0.0,0.0,0.024,0.0,0.0,0.0,0,0,0.023,0.027
2026/04/16 15:09:13,01997,九龙仓置业,WHARF REIC,,24.26,0.34,1.42141,23.92,23.74,24.34,23.66,3758680,90442214,24.26,24.28
2026/04/16 15:09:11,01999,敏华控股,MAN WAH HLDGS,,4.26,0.02,0.4717,4.24,4.28,4.3,4.18,11986772,50540089,4.24,4.26
2026/04/16 13:53:32,02000,晨讯科技,SIM TECH,,0.275,-0.015,-5.17241,0.29,0.28,0.28,0.27,92000,25350,0.275,0.285
2026/04/16 15:08:11,02001,新高教集团,NEW HIGHER EDU,,0.75,0.01,1.35135,0.74,0.74,0.75,0.73,2727209,2015364,0.74,0.75
2026/04/16 14:57:05,02002,阳光纸业,SUNSHINE PAPER,,1.05,0.0,0.0,1.05,1.06,1.06,1.05,22000,23300,1.06,1.1
2026/04/16 15:06:31,02003,维信金科,VCREDIT,,1.24,0.02,1.63934,1.22,1.25,1.29,1.23,310400,391038,1.23,1.24
2026/04/16 14:55:49,02005,石四药集团,SSY GROUP,,2.52,0.01,0.39841,2.51,2.5,2.53,2.48,3248000,8130400,2.51,2.52
2026/04/16 15:09:04,02007,碧桂园,COUNTRY GARDEN,,0.295,0.0,0.0,0.295,0.295,0.3,0.29,124535367,36589421,0.29,0.295
2026/04/16 13:46:38,02008,凤凰卫视,PHOENIX TV,,1.79,0.0,0.0,1.79,1.73,1.79,1.71,70000,120600,1.73,1.79
2026/04/16 14:58:52,02009,金隅集团,BBMG,,0.78,-0.01,-1.26582,0.79,0.79,0.79,0.78,7118000,5557370,0.78,0.79
2026/04/16 15:09:19,02011,进腾集团,GILSTON GROUP,,1.2,0.0,0.0,1.2,0.0,0.0,0.0,0,0,1.06,1.36
2026/04/16 11:53:09,02012,阳光油砂,SUNSHINE OIL,,0.36,0.015,4.34783,0.345,0.35,0.36,0.35,2502400,889008,0.355,0.36
2026/04/16 15:09:00,02013,微盟集团,WEIMOB INC,,1.59,0.04,2.58065,1.55,1.57,1.6,1.55,42362500,67273757,1.58,1.59
2026/04/16 15:09:17,02015,理想汽车－Ｗ,LI AUTO-W,,71.35,0.45,0.6347,70.9,70.95,72.15,70.95,5786849,414249772,71.35,71.4
2026/04/16 15:07:21,02016,浙商银行,CZBANK,,2.44,0.01,0.41152,2.43,2.43,2.44,2.42,2321700,5650035,2.43,2.44
2026/04/16 13:20:18,02017,沧海控股,CHANHIGH,,0.209,0.0,0.0,0.209,0.209,0.209,0.208,120000,25048,0.197,0.209
2026/04/16 15:09:12,02018,瑞声科技,AAC TECH,,36.98,0.94,2.60821,36.04,36.1,37.0,36.02,2280653,83262603,36.96,36.98
2026/04/16 15:09:19,02020,安踏体育,ANTA SPORTS,,83.95,0.2,0.23881,83.75,84.9,84.9,83.85,5113302,430674454,83.95,84.0
2026/04/16 10:05:46,02022,游莱互动,DIGIT HOLLYWOOD,,0.048,0.0,0.0,0.048,0.0,0.0,0.0,0,0,0.045,0.049
2026/04/16 15:07:30,02023,中国绿岛科技,CHINA LUDAO,,0.71,-0.03,-4.05405,0.74,0.72,0.74,0.69,224000,158160,0.67,0.7
2026/04/16 15:04:32,02025,瑞丰动力,RUIFENG POWER,,10.97,0.13,1.19926,10.84,11.09,11.09,10.92,300725,3312053,0.0,10.98
2026/04/16 15:08:33,02026,小马智行－Ｗ,PONY-W,,88.25,8.2,10.2436,80.05,85.05,88.8,85.05,556600,48574022,88.15,88.25
2026/04/16 13:05:06,02028,映美控股,JOLIMARK,,0.119,0.0,0.0,0.119,0.0,0.0,0.0,0,0,0.12,0.135
2026/04/16 13:00:30,02030,卡宾,CABBEEN,,1.31,0.0,0.0,1.31,1.32,1.32,1.31,24000,31660,1.31,1.32
2026/04/16 14:32:50,02031,澳至尊,AUSUPREME,,0.34,-0.015,-4.22535,0.355,0.345,0.345,0.335,295000,99250,0.335,0.34
2026/04/16 11:50:05,02033,时计宝,TIME WATCH,,0.29,0.0,0.0,0.29,0.0,0.0,0.0,0,0,0.285,0.3
2026/04/16 15:07:10,02038,富智康集团,FIH,,21.68,0.56,2.65152,21.12,21.36,21.68,20.88,362212,7697593,21.6,21.72
2026/04/16 15:08:42,02039,中集集团,CIMC,,11.01,0.15,1.38122,10.86,10.84,11.05,10.74,1339400,14568346,11.0,11.01
2026/04/16 14:54:08,02048,易居企业控股,E-HOUSE ENT,,0.063,0.0,0.0,0.063,0.0,0.0,0.0,300,17,0.058,0.061
2026/04/16 15:08:45,02050,三花智控,SANHUA,,31.6,0.56,1.80412,31.04,31.72,32.74,31.3,10451663,332001850,31.6,31.62
2026/04/16 14:52:52,02051,VALA,VALA,,0.65,0.0,0.0,0.65,0.66,0.66,0.64,1890000,1227700,0.64,0.66
2026/04/16 15:08:45,02057,中通快递－Ｗ,ZTO EXPRESS-W,,198.5,-0.9,-0.45135,199.4,200.2,204.8,197.6,912783,181754968,198.39999,198.5
2026/04/16 15:08:01,02068,中铝国际,CHALIECO,,2.65,0.0,0.0,2.65,2.67,2.67,2.63,8663000,22950370,2.64,2.65
2026/04/16 15:08:23,02076,ＢＯＳＳ直聘－Ｗ,BOSS ZHIPIN-W,,55.65,3.25,6.20229,52.4,54.7,55.85,54.65,228836,12681901,55.65,55.7
2026/04/16 14:08:45,02078,荣阳实业,PANASIALUM,,0.129,-0.001,-0.76923,0.13,0.115,0.129,0.115,14000,1653,0.116,0.128
2026/04/16 11:21:30,02080,奥克斯国际,AUX INTL,,0.255,0.0,0.0,0.255,0.25,0.255,0.25,42000,10510,0.25,0.255
2026/04/16 13:00:14,02086,高维科技,LEADWAY TECH,,0.405,0.0,0.0,0.405,0.0,0.0,0.0,0,0,0.3,0.475
2026/04/16 08:55:00,02088,西王置业,XIWANG PROPERTY,,0.038,0.0,0.0,0.038,0.0,0.0,0.0,0,0,0.0,0.0
2026/04/16 15:08:46,02096,先声药业,SIMCERE PHARMA,,13.83,-0.14,-1.00215,13.97,13.98,13.98,13.64,3993000,54979265,13.78,13.83
2026/04/16 15:08:37,02097,蜜雪集团,MIXUE GROUP,,291.6,3.8,1.32036,287.8,292.0,294.0,286.4,326852,95052965,291.60001,291.79999
2026/04/16 14:51:48,02098,卓尔智联,ZALL SMARTCOM,,0.104,0.003,2.9703,0.101,0.1,0.104,0.1,4262000,432224,0.103,0.104
2026/04/16 15:08:19,02099,中国黄金国际,CHINAGOLDINTL,,191.9,3.9,2.07447,188.0,188.0,194.6,186.6,1090745,208210712,191.8,191.89999
2026/04/16 14:46:23,02100,百奥家庭互动,BAIOO,,0.52,0.01,1.96078,0.51,0.51,0.52,0.5,4758000,2441540,0.52,0.53
2026/04/16 14:45:31,02101,福禄控股,FULU HOLDINGS,,1.15,-0.03,-2.54237,1.18,1.18,1.18,1.15,1500,1755,1.15,1.27
2026/04/16 14:51:48,02102,德利机械,TAK LEE MACH,,0.3,0.005,1.69492,0.295,0.295,0.3,0.295,70000,20700,0.3,0.325
2026/04/16 15:08:48,02105,来凯医药－Ｂ,LAEKNA-B,,17.48,-0.02,-0.11429,17.5,17.85,18.26,17.22,2140000,37988690,17.41,17.49
2026/04/16 13:58:51,02107,第一服务控股,FIRST SERVICE,,0.182,-0.004,-2.15054,0.186,0.184,0.184,0.165,442500,77802,0.182,0.184
2026/04/16 15:06:00,02108,K2 F&B,K2 F&B,,0.47,0.045,10.58824,0.425,0.425,0.47,0.42,360000,163240,0.44,0.445
2026/04/16 15:08:04,02110,天成控股,TIAN CHENG HLDG,,0.13,0.025,23.80952,0.105,0.12,0.185,0.12,112279000,17375844,0.13,0.131
2026/04/16 15:01:02,02111,超盈国际控股,BEST PACIFIC,,2.91,0.03,1.04167,2.88,2.89,2.91,2.85,160000,459200,2.91,2.94
2026/04/16 14:49:26,02112,恩典生命科技,GRACE LIFE-TECH,,0.08,-0.003,-3.61446,0.083,0.078,0.083,0.077,2218000,173970,0.081,0.082
2026/04/16 15:04:34,02113,世纪集团国际,CENTURY GP INTL,,0.063,0.0,0.0,0.063,0.0,0.0,0.0,0,0,0.058,0.068
2026/04/16 14:11:46,02116,江苏创新,JS INNOV,,0.68,-0.01,-1.44928,0.69,0.69,0.71,0.66,110000,73960,0.68,0.7
2026/04/16 13:12:32,02119,捷荣国际控股,TSIT WING INTL,,0.49,0.0,0.0,0.49,0.0,0.0,0.0,0,0,0.495,0.5
2026/04/16 13:22:30,02120,康宁医院,KN HOSPITAL,,9.0,0.0,0.0,9.0,9.0,9.0,9.0,100,900,9.0,9.3
2026/04/16 15:07:52,02121,创新奇智,AINNOVATION,,4.85,-0.02,-0.41068,4.87,5.05,5.05,4.78,1607100,7758960,4.84,4.85
2026/04/16 14:33:06,02122,凯知乐国际,KIDSLAND INTL,,0.14,-0.005,-3.44828,0.145,0.145,0.154,0.131,1500000,210904,0.135,0.14
2026/04/16 14:20:45,02125,稻草熊娱乐,STRAWBEAR ENT,,0.35,0.0,0.0,0.35,0.35,0.37,0.345,2850000,997995,0.35,0.37
2026/04/16 15:01:06,02126,药明巨诺－Ｂ,JW THERAP-B,,2.46,0.09,3.79747,2.37,2.37,2.5,2.3,1923000,4697905,2.46,2.48
2026/04/16 08:55:00,02127,汇森股份,HUISEN SHARES,,0.02,0.0,0.0,0.02,0.0,0.0,0.0,0,0,0.0,0.0
2026/04/16 15:02:47,02128,中国联塑,CHINA LESSO,,4.82,0.0,0.0,4.82,4.76,4.86,4.73,8750100,41828060,4.8,4.82
2026/04/16 15:05:05,02129,LEGION CONSO,LEGION CONSO,,0.155,-0.006,-3.72671,0.161,0.153,0.16,0.152,685000,106360,0.155,0.159
2026/04/16 14:47:19,02130,嘉泓物流,CN LOGISTICS,,3.32,0.09,2.78638,3.23,3.27,3.32,3.23,14000,45930,3.24,3.32
2026/04/16 08:55:00,02131,云想科技,NETJOY,,0.455,0.0,0.0,0.455,0.0,0.0,0.0,0,0,0.0,0.0
2026/04/16 10:22:12,02132,誉燊丰控股,LANDRICH HLDG,,0.137,0.0,0.0,0.137,0.0,0.0,0.0,0,0,0.137,0.149
2026/04/16 14:26:28,02135,瑞丽医美,RAILY AESMED,,0.145,-0.002,-1.36054,0.147,0.145,0.145,0.145,22000,3170,0.141,0.145
2026/04/16 14:39:19,02136,利福中国,LIFESTYLE CHI,,0.65,0.0,0.0,0.65,0.65,0.65,0.64,98500,63180,0.64,0.65
2026/04/16 15:01:13,02137,腾盛博药－Ｂ,BRII-B,,1.4,-0.02,-1.40845,1.42,1.42,1.44,1.39,667500,946425,1.4,1.41
2026/04/16 14:48:30,02138,医思健康,EC HEALTHCARE,,0.475,0.005,1.06383,0.47,0.475,0.475,0.47,197000,93285,0.47,0.475
2026/04/16 15:07:09,02139,甘肃银行,BANK OF GANSU,,0.33,-0.01,-2.94118,0.34,0.34,0.34,0.325,8799000,2926330,0.325,0.33
2026/04/16 15:08:21,02142,和铂医药－Ｂ,HBM HOLDINGS-B,,14.75,0.27,1.86464,14.48,14.52,14.82,14.21,3755280,54644081,14.74,14.77
2026/04/16 15:08:26,02145,上美股份,CHICMAX,,46.8,-0.14,-0.29825,46.94,47.76,48.0,46.8,650900,30817347,46.8,46.82
2026/04/16 13:00:19,02146,荣万家,ROISERV,,1.18,0.0,0.0,1.18,0.0,0.0,0.0,0,0,1.06,1.27
2026/04/16 10:19:48,02147,正味集团,ZHENGWEI GROUP,,0.6,0.0,0.0,0.6,0.0,0.0,0.0,0,0,0.52,0.6
2026/04/16 14:54:51,02149,贝克微,BATELAB,,34.04,-0.36,-1.04651,34.4,34.4,34.4,34.02,10300,353310,34.0,34.1
2026/04/16 15:04:23,02150,奈雪的茶,NAYUKI,,0.83,0.04,5.06329,0.79,0.79,0.83,0.79,1593000,1301850,0.82,0.83
2026/04/16 13:01:35,02152,苏新服务,SUXIN SERVICES,,4.72,0.02,0.42553,4.7,4.72,4.72,4.72,10000,47200,4.68,4.72
2026/04/16 14:03:49,02153,达丰设备,TAT HONG EQUIP,,0.94,0.05,5.61798,0.89,0.94,0.94,0.94,4000,3760,0.94,0.98
2026/04/16 15:08:06,02155,森松国际,MORIMATSU INTL,,6.93,0.01,0.14451,6.92,7.0,7.02,6.75,3501442,24052046,6.91,6.93
2026/04/16 15:02:38,02156,建发物业,C&D PROPERTY,,2.89,0.04,1.40351,2.85,2.86,2.91,2.81,434000,1253740,2.88,2.9
2026/04/16 15:08:55,02157,乐普生物－Ｂ,LEPU BIO-B,,6.47,0.27,4.35484,6.2,6.2,6.48,6.14,17204000,108917444,6.46,6.47
2026/04/16 15:08:49,02158,医渡科技,YIDU TECH,,5.71,0.09,1.60142,5.62,5.7,5.74,5.62,3760800,21406445,5.71,5.72
2026/04/16 14:02:24,02159,麦迪卫康,MEDIWELCOME,,1.49,-0.01,-0.66667,1.5,1.5,1.5,1.49,136000,202720,1.48,1.58
2026/04/16 15:08:28,02160,微创心通－Ｂ,MP CARDIOFLOW-B,,3.22,0.2,6.62252,3.02,3.02,3.28,2.97,1222607,3821082,3.21,3.22
2026/04/16 14:37:27,02161,健倍苗苗,JBM HEALTHCARE,,2.64,0.0,0.0,2.64,2.65,2.65,2.64,95518,252611,2.64,2.65
2026/04/16 15:09:02,02162,康诺亚－Ｂ,KEYMED BIO-B,,80.5,1.2,1.51324,79.3,79.3,81.85,78.05,2171007,174179193,80.2,80.55
2026/04/16 08:55:00,02163,远大住工,BROAD HOMES,,0.6,0.0,0.0,0.6,0.0,0.0,0.0,0,0,0.0,0.0
2026/04/16 14:59:52,02165,领悦服务集团,LING YUE SER GP,,1.74,0.0,0.0,1.74,1.74,1.74,1.74,5000,8740,1.7,1.75
2026/04/16 14:37:56,02166,芯智控股,SMART-CORE,,2.78,-0.03,-1.06762,2.81,2.77,2.82,2.77,94000,262800,2.78,2.81
2026/04/16 14:35:09,02167,天润云,TI CLOUD,,3.61,0.11,3.14286,3.5,3.5,3.61,3.5,10800,38868,3.6,3.68
2026/04/16 15:04:55,02168,佳兆业美好,KAISA PROSPER,,1.07,-0.01,-0.92593,1.08,1.07,1.08,1.07,24500,26342,1.07,1.11
2026/04/16 15:08:06,02169,沧港铁路,CANGGANGRAILWAY,,0.57,-0.01,-1.72414,0.58,0.57,0.59,0.56,954000,546380,0.57,0.58
2026/04/16 14:53:30,02170,贝康医疗－Ｂ,BASECARE-B,,1.98,0.0,0.0,1.98,1.95,1.98,1.95,3500,6900,1.98,2.06
2026/04/16 15:08:55,02171,科济药业－Ｂ,CARSGEN-B,,24.0,2.0,9.09091,22.0,22.18,24.98,22.0,9808600,234018116,23.94,23.98
2026/04/16 15:08:14,02172,微创脑科学,MICROPORT NEURO,,11.24,0.05,0.44683,11.19,11.16,11.27,11.04,1402000,15615271,11.24,11.26
2026/04/16 15:08:08,02175,中国通才教育,CH GENERAL EDU,,3.37,0.07,2.12121,3.3,3.47,3.47,3.02,728000,2386400,3.21,3.38
2026/04/16 15:06:14,02176,赛迪顾问,CCID CONSULTING,,0.97,0.0,0.0,0.97,0.97,0.97,0.97,20000,19400,0.96,1.0
2026/04/16 13:33:48,02177,优趣汇控股,UNQ HOLDINGS,,2.65,0.1,3.92157,2.55,2.68,2.68,2.65,13200,35364,2.6,2.65
2026/04/16 15:02:53,02178,百勤油服,PETRO-KING,,0.23,-0.004,-1.7094,0.234,0.235,0.235,0.228,2707000,622732,0.229,0.23
2026/04/16 09:30:05,02179,瑞科生物－Ｂ,RECBIO-B,,5.11,0.0,0.0,5.11,0.0,0.0,0.0,0,0,0.0,5.18
2026/04/16 14:37:04,02180,万宝盛华,MANPOWER GRC,,5.58,0.03,0.54054,5.55,5.59,5.65,5.58,13250,74260,5.58,5.72
2026/04/16 09:45:16,02181,迈博药业－Ｂ,MABPHARM-B,,0.435,0.0,0.0,0.435,0.435,0.435,0.435,20000,8610,0.435,0.445
2026/04/16 13:10:11,02182,天长集团,TIAN CHANG GP,,0.32,0.0,0.0,0.32,0.0,0.0,0.0,0,0,0.33,0.365
2026/04/16 15:04:27,02185,百心安－Ｂ,BIOHEART-B,,4.49,0.28,6.65083,4.21,4.4,4.61,4.36,414800,1864227,4.46,4.49
2026/04/16 15:08:48,02186,绿叶制药,LUYE PHARMA,,2.98,-0.05,-1.65017,3.03,3.04,3.04,2.93,25080200,74386667,2.97,2.98
2026/04/16 14:26:31,02187,智欣集团控股,ZHIXIN GP HLDG,,0.87,0.03,3.57143,0.84,0.87,0.87,0.85,238000,205240,0.85,0.87
2026/04/16 13:23:59,02188,泰坦能源技术,TITANS ENERGY,,0.13,0.001,0.77519,0.129,0.13,0.13,0.13,34000,4420,0.126,0.13
2026/04/16 15:04:33,02189,嘉涛（香港）控股,KATO (HK) HLDGS,,0.465,-0.015,-3.125,0.48,0.48,0.48,0.455,346993,161496,0.475,0.48
2026/04/16 15:04:36,02190,归创通桥,ZYLOXTB,,23.84,-0.36,-1.4876,24.2,24.16,24.3,23.56,581000,13819600,23.8,23.88
2026/04/16 15:08:35,02192,医脉通,MEDLIVE,,9.23,0.21,2.32816,9.02,9.1,9.38,9.02,2488500,23003995,9.23,9.3
2026/04/16 14:41:28,02193,万景控股,MAN KING HOLD,,0.335,-0.005,-1.47059,0.34,0.32,0.34,0.32,160000,52400,0.32,0.335
2026/04/16 11:10:18,02195,盈汇企业控股,UNITY ENT,,0.335,-0.025,-6.94444,0.36,0.35,0.35,0.315,411400,135560,0.315,0.335
2026/04/16 15:08:38,02196,复星医药,FOSUN PHARMA,,20.48,-0.22,-1.0628,20.7,20.7,20.76,20.22,2637038,53689903,20.46,20.48
2026/04/16 15:07:16,02197,三叶草生物－Ｂ,CLOVER BIO-B,,2.92,-0.18,-5.80645,3.1,3.1,3.1,2.92,5972000,17712514,2.91,2.92
2026/04/16 15:09:03,02198,中国三江化工,CHINA SANJIANG,,5.09,-0.09,-1.73745,5.18,5.18,5.2,5.02,7423000,37729300,5.09,5.1
2026/04/16 15:06:00,02199,维珍妮,REGINA MIRACLE,,2.0,0.0,0.0,2.0,2.0,2.04,1.97,181000,360720,2.0,2.04
2026/04/16 15:08:57,02202,万科企业,CHINA VANKE,,3.02,0.02,0.66667,3.0,3.01,3.05,3.0,7518400,22741441,3.02,3.03
2026/04/16 14:53:31,02203,脑洞科技,BRAINHOLE TECH,,0.176,0.013,7.97546,0.163,0.166,0.176,0.166,300000,51150,0.171,0.176
2026/04/16 13:03:32,02205,康桥悦生活,KANGQIAO SER,,1.17,0.0,0.0,1.17,0.0,0.0,0.0,0,0,1.01,1.17
2026/04/16 15:09:00,02208,金风科技,GOLDWIND,,15.25,0.28,1.87041,14.97,15.2,15.4,14.93,24282070,367704106,15.25,15.26
2026/04/16 15:01:04,02209,喆丽控股,YESASIA HLDGS,,3.5,-0.03,-0.84986,3.53,3.53,3.55,3.37,316000,1097070,3.5,3.56
2026/04/16 13:52:32,02210,京城佳业,BEIJING JIAYE,,2.52,0.14,5.88235,2.38,2.49,2.52,2.49,272400,699976,2.32,2.52
2026/04/16 14:08:10,02211,大健康国际,UNI HEALTH,,0.56,0.02,3.7037,0.54,0.54,0.56,0.54,105000,58400,0.55,0.57
2026/04/16 13:00:13,02212,高鹏矿业,FB MINING,,0.16,0.0,0.0,0.16,0.0,0.0,0.0,0,0,0.148,0.175
2026/04/16 09:12:46,02215,德信服务集团,DEXIN SER GROUP,,0.28,0.0,0.0,0.28,0.0,0.0,0.0,0,0,0.26,0.285
2026/04/16 14:48:45,02216,堃博医疗－Ｂ,BRONCUS-B,,1.38,0.01,0.72993,1.37,1.36,1.42,1.36,34500,47360,1.36,1.39
2026/04/16 15:08:07,02218,安德利果汁,ANDRE JUICE,,16.24,0.51,3.24221,15.73,15.73,16.38,15.73,1230000,19927235,16.13,16.26
2026/04/16 15:06:59,02219,朝聚眼科,CHAOJU EYE CARE,,2.85,0.0,0.0,2.85,2.84,2.85,2.8,425500,1205815,2.82,2.87
2026/04/16 14:44:23,02221,创业集团控股,NEW CONCEPTS,,0.95,0.0,0.0,0.95,0.95,0.95,0.95,33200,31492,0.94,0.95
2026/04/16 14:31:49,02222,雷士国际,NVC INTL,,0.65,0.0,0.0,0.65,0.0,0.0,0.0,1000,600,0.64,0.67
2026/04/16 15:02:40,02223,卡撒天娇,CASABLANCA,,0.97,-0.01,-1.02041,0.98,0.97,0.97,0.95,30000,28740,0.95,0.97
2026/04/16 15:07:13,02225,今海医疗科技,JINHAI MED TECH,,3.23,0.4,14.13428,2.83,2.84,3.29,2.84,9332000,29541365,3.22,3.24
2026/04/16 09:30:10,02226,老恒和酿造,HONWORLD GP,,0.42,0.0,0.0,0.42,0.0,0.0,0.0,0,0,0.4,0.42
2026/04/16 14:25:15,02227,守益控股,SOLIS HOLDINGS,,0.29,-0.02,-6.45161,0.31,0.29,0.29,0.29,72000,20880,0.29,0.305
2026/04/16 15:08:56,02228,晶泰控股,XTALPI,,10.28,0.15,1.48075,10.13,10.26,10.37,10.08,43675070,447286301,10.28,10.29
2026/04/16 13:57:31,02230,羚邦集团,MEDIALINK GROUP,,0.235,0.005,2.17391,0.23,0.23,0.235,0.23,585000,136365,0.235,0.236
2026/04/16 11:24:41,02231,景业名邦集团,JY GRANDMARK,,0.038,0.001,2.7027,0.037,0.037,0.038,0.037,532000,19966,0.037,0.038
2026/04/16 15:07:36,02232,晶苑国际,CRYSTAL INTL,,6.36,0.15,2.41546,6.21,6.21,6.36,6.2,590500,3722926,6.34,6.36
2026/04/16 15:08:43,02233,西部水泥,WESTCHINACEMENT,,2.47,-0.02,-0.80321,2.49,2.49,2.52,2.45,19206000,47453080,2.46,2.47
2026/04/16 14:59:50,02235,微泰医疗－Ｂ,MICROTECH MED-B,,7.48,0.05,0.67295,7.43,7.53,7.59,7.38,81400,608398,7.39,7.49
2026/04/16 15:01:56,02236,惠生工程,WISON ENGRG,,0.58,0.0,0.0,0.58,0.6,0.6,0.56,429200,246494,0.57,0.58
2026/04/16 14:58:42,02237,中国石墨,CHINA GRAPHITE,,0.31,0.005,1.63934,0.305,0.305,0.31,0.305,750000,230200,0.305,0.325
2026/04/16 15:05:34,02238,广汽集团,GAC GROUP,,3.14,0.03,0.96463,3.11,3.12,3.16,3.12,7319327,22999993,3.14,3.15
2026/04/16 14:07:42,02239,国微控股,SMIT,,0.72,-0.03,-4.0,0.75,0.7,0.72,0.7,5000,3540,0.72,0.73
2026/04/16 15:08:50,02245,力勤资源,LYGEND RESOURCE,,14.5,-0.36,-2.42261,14.86,14.88,15.19,14.46,7540328,111014849,14.5,14.52
2026/04/16 14:55:34,02246,快狗打车,GOGOX,,1.86,-0.1,-5.10204,1.96,1.96,1.96,1.83,710160,1323189,1.86,1.88
2026/04/16 13:47:13,02250,小黄鸭德盈,B.DUCK SEMK,,0.63,0.01,1.6129,0.62,0.63,0.64,0.63,75000,47260,0.61,0.63
2026/04/16 15:05:57,02251,鹰瞳科技－Ｂ,AIRDOC-B,,11.95,0.15,1.27119,11.8,12.1,12.3,11.41,28200,338008,11.95,12.07
2026/04/16 15:08:50,02252,微创机器人－Ｂ,MEDBOT-B,,34.56,2.1,6.4695,32.46,32.46,34.78,32.46,9330675,316266704,34.56,34.58
2026/04/16 15:04:09,02255,海昌海洋公园,HAICHANG HLDG,,0.475,-0.005,-1.04167,0.48,0.485,0.485,0.47,12762000,6076155,0.47,0.48
2026/04/16 15:04:40,02256,和誉－Ｂ,ABBISKO-B,,13.62,0.08,0.59084,13.54,13.8,13.8,13.31,626000,8512760,13.61,13.67
2026/04/16 15:08:07,02257,圣诺医药－Ｂ,SIRNAOMICS-B,,7.52,-0.26,-3.3419,7.78,7.78,7.78,7.27,199550,1508210,7.5,7.55
2026/04/16 13:00:28,02258,华滋国际海洋,WATTS INT'L,,0.189,0.0,0.0,0.189,0.0,0.0,0.0,0,0,0.188,0.21
2026/04/16 15:08:49,02259,紫金黄金国际,ZIJIN GOLD INTL,,180.7,1.5,0.83705,179.2,182.5,182.8,176.1,2678265,482071390,180.7,180.8
2026/04/16 15:07:45,02260,环龙控股,VANOV HOLDINGS,,1.21,0.0,0.0,1.21,1.21,1.21,1.21,4000,4840,1.21,1.34
2026/04/16 09:00:46,02262,梁志天设计集团,SLD GROUP,,0.76,0.0,0.0,0.76,0.0,0.0,0.0,0,0,0.76,0.8
2026/04/16 15:08:23,02263,富石金融,FU SHEK FIN,,0.395,0.085,27.41936,0.31,0.32,0.435,0.32,19480000,7569450,0.39,0.395
2026/04/16 14:29:25,02265,鸿承环保科技,HC ENV TECH,,1.41,-0.09,-6.0,1.5,1.5,1.5,1.4,650000,932950,1.41,1.43
2026/04/16 15:01:50,02266,黎氏企业,LAI SI ENT,,0.395,0.005,1.28205,0.39,0.39,0.395,0.375,46000,17910,0.38,0.395
2026/04/16 15:08:46,02268,药明合联,WUXI XDC,,64.25,0.25,0.39063,64.0,64.6,64.6,63.3,1776524,113854837,64.2,64.25
2026/04/16 15:08:41,02269,药明生物,WUXI BIO,,37.1,0.1,0.27027,37.0,37.38,37.72,36.8,16445640,612631714,37.1,37.12
2026/04/16 15:08:38,02270,德商产投服务,DESUN SERVICES,,4.12,-0.04,-0.96154,4.16,4.1,4.12,4.1,4000,16440,3.89,4.12
2026/04/16 13:55:09,02271,众安智慧生活,ZHONGAN SERVICE,,2.93,0.06,2.09059,2.87,2.85,3.0,2.85,154000,452500,2.9,2.99
2026/04/16 15:08:44,02273,固生堂,GUSHENGTANG,,27.8,-0.18,-0.64332,27.98,28.08,28.08,27.5,664300,18460992,27.8,27.92
2026/04/16 15:08:37,02276,康耐特光学,CONANT OPTICAL,,46.5,-0.58,-1.23195,47.08,47.08,47.98,45.8,1007600,46794357,46.5,46.52
2026/04/16 15:06:01,02279,雍禾医疗,YONGHE MEDICAL,,2.1,0.01,0.47847,2.09,2.09,2.12,2.05,394000,819735,2.07,2.1
2026/04/16 08:55:00,02280,慧聪集团,HC GROUP,,0.206,0.0,0.0,0.206,0.0,0.0,0.0,0,0,0.0,0.0
2026/04/16 14:02:28,02281,兴泸水务,XINGLU WATER,,0.71,0.02,2.89855,0.69,0.69,0.71,0.69,16000,11080,0.69,0.71
2026/04/16 15:08:41,02282,美高梅中国,MGM CHINA,,11.35,0.29,2.62206,11.06,11.08,11.36,11.08,4918791,55467468,11.34,11.35
2026/04/16 15:01:16,02283,东江集团控股,TK GROUP HLDG,,2.36,0.0,0.0,2.36,2.34,2.38,2.34,360000,844940,2.36,2.37
2026/04/16 15:08:30,02285,泉峰控股,CHERVON,,17.07,-0.2,-1.15808,17.27,17.26,17.36,16.9,735000,12584586,17.07,17.11
2026/04/16 14:51:29,02286,辰兴发展,CHEN XING,,0.172,0.002,1.17647,0.17,0.136,0.175,0.136,29000,4646,0.172,0.182
2026/04/16 11:16:02,02288,宏基资本,RYKADAN CAPITAL,,0.153,-0.003,-1.92308,0.156,0.152,0.153,0.146,421000,64386,0.156,0.157
2026/04/16 09:01:28,02289,创美药业,CHARMACY PHAR,,5.82,0.0,0.0,5.82,0.0,0.0,0.0,0,0,5.34,0.0
2026/04/16 15:08:43,02291,心泰医疗,SCIENTECH,,13.05,0.1,0.7722,12.95,12.83,13.15,12.83,347000,4501870,13.0,13.08
2026/04/16 13:00:31,02293,百本医护,BAMBOOSHEALTH,,0.4,0.0,0.0,0.4,0.0,0.0,0.0,0,0,0.4,0.445
2026/04/16 13:02:12,02295,丰城控股,MAXICITY,,2.2,0.0,0.0,2.2,2.2,2.2,2.2,10000,22000,2.03,2.2
2026/04/16 14:26:00,02297,润迈德－Ｂ,RAINMED-B,,0.27,0.0,0.0,0.27,0.27,0.275,0.27,2461000,668325,0.265,0.27
2026/04/16 15:08:01,02298,都市丽人,COSMO LADY,,0.39,0.02,5.40541,0.37,0.37,0.39,0.375,9217000,3522885,0.385,0.39
2026/04/16 11:32:30,02299,百宏实业,BILLION IND,,4.77,-0.03,-0.625,4.8,4.77,4.77,4.77,2000,9540,4.75,4.88
2026/04/16 15:07:25,02302,中核国际,CNNC INT'L,,6.32,0.31,5.15807,6.01,6.09,6.38,6.09,1300000,8191600,6.32,6.34
2026/04/16 14:36:23,02306,乐华娱乐,YH ENT,,2.03,-0.01,-0.4902,2.04,2.08,2.12,2.03,1311000,2708340,2.04,2.08
2026/04/16 11:14:08,02307,锦兴国际控股,KAM HING INT'L,,0.239,0.0,0.0,0.239,0.0,0.0,0.0,0,0,0.236,0.239
2026/04/16 14:59:13,02309,大象未来集团,ZO FUTURE GROUP,,2.23,-0.02,-0.88889,2.25,2.26,2.29,2.2,2318000,5212720,2.22,2.24
2026/04/16 13:00:06,02310,时代环球集团,TIMES UNI GP,,0.085,0.001,1.19048,0.084,0.085,0.085,0.085,2000,170,0.076,0.085
2026/04/16 15:06:14,02312,ＬＯＮＧ投资集团,LONG INV CORP,,0.65,0.02,3.1746,0.63,0.65,0.65,0.63,70000,44800,0.63,0.65
2026/04/16 15:08:48,02313,申洲国际,SHENZHOU INTL,,47.66,0.68,1.44742,46.98,47.22,47.82,47.1,6328200,299536179,47.64,47.66
2026/04/16 15:08:13,02314,理文造纸,LEE & MAN PAPER,,3.35,-0.07,-2.04678,3.42,3.45,3.45,3.34,4040000,13584149,3.35,3.36
2026/04/16 15:08:51,02315,百奥赛图－Ｂ,BIOCYTOGEN-B,,59.45,-1.65,-2.70049,61.1,62.35,62.35,57.55,1502000,89273650,59.05,59.45
2026/04/16 15:01:19,02317,味丹国际,VEDAN INT'L,,0.79,-0.01,-1.25,0.8,0.8,0.8,0.79,28000,22360,0.79,0.8
2026/04/16 15:08:41,02318,中国平安,PING AN,,62.55,0.0,0.0,62.55,62.55,63.05,62.3,18798940,1176582784,62.5,62.55
2026/04/16 15:08:43,02319,蒙牛乳业,MENGNIU DAIRY,,16.65,-0.4,-2.34604,17.05,17.41,17.41,16.65,20801840,350064871,16.65,16.66
2026/04/16 13:00:14,02320,合丰集团,HOP FUNG GROUP,,0.082,0.0,0.0,0.082,0.0,0.0,0.0,0,0,0.07,0.096
2026/04/16 13:34:09,02321,双财庄,SWANGCHAICHUAN,,0.51,0.0,0.0,0.51,0.51,0.51,0.51,165000,84150,0.5,0.52
2026/04/16 14:20:00,02322,新质数字,MODERN INNO DT,,0.091,0.0,0.0,0.091,0.0,0.0,0.0,0,0,0.088,0.09
2026/04/16 08:55:00,02323,融科控股,RENCO HOLDINGS,,0.019,0.0,0.0,0.019,0.0,0.0,0.0,0,0,0.0,0.0
2026/04/16 15:07:29,02324,首都创投,CAPITAL VC,,0.12,-0.003,-2.43902,0.123,0.12,0.12,0.116,630000,74190,0.116,0.12
2026/04/16 15:06:57,02325,云康集团,YUNKANG GROUP,,0.78,-0.02,-2.5,0.8,0.8,0.81,0.76,143000,111340,0.76,0.79
2026/04/16 08:59:58,02326,新源万恒控股,NPE HOLDINGS,,0.01,0.0,0.0,0.01,0.0,0.0,0.0,0,0,0.0,0.01
2026/04/16 14:29:29,02327,美瑞健康国际,MEILLEUREHEALTH,,0.28,0.0,0.0,0.28,0.28,0.28,0.28,120000,33600,0.255,0.27
2026/04/16 15:09:14,02328,中国财险,PICC P&C,,14.72,-0.01,-0.06789,14.73,14.66,14.81,14.63,20816111,306020090,14.72,14.73
2026/04/16 14:53:25,02329,国瑞健康,GLORY HEALTH,,0.091,-0.004,-4.21053,0.095,0.09,0.094,0.088,335000,30152,0.088,0.09
2026/04/16 15:00:19,02330,中国上城,CHINA UPTOWN,,0.385,0.015,4.05405,0.37,0.38,0.385,0.38,448000,172400,0.375,0.385
2026/04/16 15:09:05,02331,李宁,LI NING,,21.0,-0.02,-0.09515,21.02,21.02,21.18,20.88,13368523,280921418,20.98,21.0
2026/04/16 15:09:07,02333,长城汽车,GWMOTOR,,13.36,0.05,0.37566,13.31,13.3,13.64,13.2,11813826,157766580,13.36,13.38
2026/04/16 14:55:13,02336,硕奥国际,SHUOAO INTL,,0.232,0.0,0.0,0.232,0.0,0.0,0.0,0,0,0.212,0.239
2026/04/16 15:03:06,02337,众诚能源,UNITED STRENGTH,,1.23,-0.01,-0.80645,1.24,1.24,1.28,1.13,294000,356230,1.18,1.23
2026/04/16 15:09:07,02338,潍柴动力,WEICHAI POWER,,32.62,0.32,0.99071,32.3,33.14,33.14,31.66,11670598,377190267,32.62,32.64
2026/04/16 08:55:00,02339,京西国际,BWI INT'L,,4.48,0.0,0.0,4.48,0.0,0.0,0.0,0,0,0.0,0.0
2026/04/16 14:17:12,02340,昇柏控股,ISP HOLDINGS,,0.172,0.0,0.0,0.172,0.0,0.0,0.0,0,0,0.159,0.17
2026/04/16 15:04:31,02342,京信通信,COMBA,,1.49,-0.01,-0.66667,1.5,1.51,1.52,1.47,4828000,7190770,1.48,1.49
2026/04/16 15:08:58,02343,太平洋航运,PACIFIC BASIN,,2.93,0.01,0.34247,2.92,2.94,2.95,2.89,4812000,14064698,2.92,2.93
2026/04/16 14:57:36,02347,友和集团,YOHO GROUP,,0.68,-0.02,-2.85714,0.7,0.7,0.7,0.67,138000,95240,0.66,0.72
2026/04/16 13:00:00,02348,东瑞制药,DAWNRAYS PHARMA,,1.11,0.0,0.0,1.11,1.11,1.11,1.11,48000,53280,1.12,1.13
2026/04/16 14:52:53,02349,中国城市基础设施,CH CITY INFRA,,0.098,-0.002,-2.0,0.1,0.1,0.106,0.098,312000,31528,0.098,0.105
2026/04/16 14:57:40,02350,数科集团,MTT GROUP,,0.84,0.01,1.20482,0.83,0.83,0.86,0.83,675000,567600,0.85,0.87
2026/04/16 09:00:00,02352,东原仁知服务,DOWELL SERVICE,,4.1,0.0,0.0,4.1,0.0,0.0,0.0,0,0,0.0,4.59
2026/04/16 14:45:33,02355,宝业集团,BAOYE GROUP,,3.94,0.0,0.0,3.94,0.0,0.0,0.0,0,0,3.91,3.99
2026/04/16 15:08:00,02356,大新银行集团,DAHSING BANKING,,12.67,0.05,0.3962,12.62,12.69,12.7,12.51,722800,9103602,12.66,12.68
2026/04/16 15:09:18,02357,中航科工,AVICHINA,,3.57,0.02,0.56338,3.55,3.57,3.58,3.53,14320000,50864390,3.56,3.57
2026/04/16 15:01:19,02358,久融控股,JIU RONG HOLD,,0.012,0.001,9.09091,0.011,0.012,0.013,0.011,24390000,297230,0.012,0.013
2026/04/16 15:09:16,02359,药明康德,WUXI APPTEC,,130.3,-0.1,-0.07669,130.4,131.5,132.0,129.3,3176582,414635532,130.3,130.39999
2026/04/16 15:08:37,02360,优品３６０,BEST MART 360,,1.77,-0.02,-1.11732,1.79,1.8,1.8,1.76,784000,1392400,1.77,1.78
2026/04/16 11:21:15,02361,中康科技控股,SINOHEALTH TECH,,5.08,0.0,0.0,5.08,0.0,0.0,0.0,0,0,4.9,5.08
2026/04/16 08:55:00,02362,金川国际,JINCHUAN INTL,,0.64,0.0,0.0,0.64,0.0,0.0,0.0,0,0,0.0,0.0
2026/04/16 14:11:47,02363,通达宏泰,TONGDA HONG TAI,,0.32,0.005,1.5873,0.315,0.32,0.32,0.32,5850,1851,0.315,0.32
2026/04/16 15:08:32,02367,巨子生物,GIANT BIOGENE,,29.12,0.58,2.03224,28.54,28.86,29.2,28.6,3249772,94194952,29.1,29.12
2026/04/16 13:34:35,02368,鹰美,EAGLE NICE,,3.09,-0.01,-0.32258,3.1,3.1,3.1,3.09,6000,18580,3.09,3.1
2026/04/16 14:48:15,02369,酷派集团,COOLPAD GROUP,,0.67,0.02,3.07692,0.65,0.68,0.68,0.67,1004850,680297,0.67,0.68
2026/04/16 10:59:25,02370,力高健康生活,REDCO HEALTHY,,0.92,0.0,0.0,0.92,0.0,0.0,0.0,0,0,0.93,0.97
2026/04/16 14:16:11,02371,创联控股,CHUANGLIAN HOLD,,0.265,0.01,3.92157,0.255,0.27,0.275,0.24,1589800,403326,0.25,0.265
2026/04/16 15:03:04,02372,伟立控股,WEILI HOLDINGS,,0.445,-0.02,-4.30108,0.465,0.465,0.475,0.445,104000,47100,0.44,0.465
2026/04/16 14:59:43,02373,美丽田园医疗健康,BEAUTYFARM MED,,21.1,0.6,2.92683,20.5,21.0,21.94,21.0,219000,4702385,21.08,21.22
2026/04/16 14:58:15,02376,鲁商服务,LUSHANGSERVICES,,1.7,-0.04,-2.29885,1.74,1.74,1.75,1.62,169500,285755,1.67,1.7
2026/04/16 11:32:26,02377,博奇环保,BOQI ENV,,0.96,0.0,0.0,0.96,0.0,0.0,0.0,0,0,0.97,0.98
2026/04/16 15:09:04,02378,保诚,PRU,,119.0,1.7,1.44928,117.3,118.4,119.2,117.3,47076,5580790,118.9,119.3
2026/04/16 15:09:13,02380,中国电力,CHINA POWER,,3.19,-0.02,-0.62305,3.21,3.21,3.23,3.18,22587000,72153295,3.18,3.19
2026/04/16 15:01:27,02381,蚬壳电业,SMC ELECTRIC,,0.15,0.004,2.73973,0.146,0.15,0.15,0.146,1050000,155530,0.148,0.15
2026/04/16 15:09:15,02382,舜宇光学科技,SUNNY OPTICAL,,63.3,1.3,2.09677,62.0,62.5,63.5,62.2,5300052,333806801,63.3,63.35
2026/04/16 14:11:06,02383,ＴＯＭ集团,TOM GROUP,,0.39,0.0,0.0,0.39,0.39,0.39,0.39,28000,10920,0.39,0.395
2026/04/16 14:41:45,02385,读书郎,READBOY,,5.0,0.0,0.0,5.0,5.0,5.0,4.8,172000,859632,4.82,5.05
2026/04/16 15:09:18,02386,中石化炼化工程,SINOPEC SEG,,6.3,-0.05,-0.7874,6.35,6.33,6.35,6.2,5036500,31657708,6.3,6.31
2026/04/16 15:07:43,02388,中银香港,BOC HONG KONG,,43.78,-0.4,-0.90539,44.18,44.08,44.16,43.34,11107033,484740224,43.78,43.8
2026/04/16 13:50:16,02389,北京健康,BJ HEALTH,,0.064,0.0,0.0,0.064,0.063,0.066,0.06,1692000,108162,0.064,0.065
2026/04/16 15:02:45,02390,知乎－Ｗ,ZHIHU-W,,9.16,0.42,4.80549,8.74,8.9,9.4,8.6,207900,1903270,9.17,9.26
2026/04/16 15:00:06,02391,涂鸦智能－Ｗ,TUYA-W,,18.6,0.34,1.86199,18.26,18.47,18.6,18.26,7000,129428,18.53,18.6
2026/04/16 14:09:02,02392,玄武云,XUANWU CLOUD,,1.43,-0.01,-0.69444,1.44,1.44,1.44,1.43,185000,265700,1.43,1.45
2026/04/16 14:10:23,02393,巨星医疗控股,YESTAR HEALTH,,0.094,0.0,0.0,0.094,0.089,0.095,0.088,570000,51317,0.089,0.094
2026/04/16 14:25:21,02396,华芢生物－Ｂ,B&K CORP-B,,7.23,0.09,1.2605,7.14,7.33,7.49,7.1,73600,530590,7.12,7.2
2026/04/16 15:00:37,02399,中国安储能源,CN ANCHU ENERGY,,0.48,0.01,2.12766,0.47,0.48,0.495,0.46,8128000,3831860,0.475,0.48
2026/04/16 15:09:20,02400,心动公司,XD INC,,65.05,1.1,1.72009,63.95,64.2,65.8,64.15,2361927,153846904,65.05,65.1
2026/04/16 08:55:00,02402,亿华通,SINOHYTEC,,19.21,0.0,0.0,19.21,0.0,0.0,0.0,0,0,0.0,0.0
2026/04/16 14:11:47,02405,力盟科技,POWERWIN TECH,,0.7,0.03,4.47761,0.67,0.67,0.7,0.64,232000,155560,0.67,0.73
2026/04/16 15:05:12,02407,高视医疗,GAUSH MEDITECH,,5.49,0.19,3.58491,5.3,5.4,5.49,5.23,54700,292801,5.35,5.49
2026/04/16 15:01:22,02408,遇见小面,XIAO NOODLES,,4.5,0.09,2.04082,4.41,4.41,4.52,4.41,116000,520285,4.49,4.5
2026/04/16 15:01:17,02409,洲际船务,SEACON,,4.49,0.35,8.45411,4.14,4.13,4.49,4.13,87000,360970,4.19,4.49
2026/04/16 15:09:06,02410,同源康医药－Ｂ,TYK MEDICINES-B,,10.99,-0.04,-0.36265,11.03,11.11,11.11,10.8,1847000,20149085,10.99,11.0
2026/04/16 15:04:52,02411,百果园集团,PAGODA GP,,1.67,-0.01,-0.59524,1.68,1.64,1.67,1.61,971800,1599313,1.67,1.68
2026/04/16 14:35:18,02415,梅斯健康,MEDSCI,,1.19,-0.01,-0.83333,1.2,1.19,1.19,1.19,5250,6247,1.15,1.2
2026/04/16 15:08:52,02416,易点云,EDIANYUN,,3.41,0.26,8.25397,3.15,3.22,3.65,3.22,3163460,11081993,3.41,3.43
2026/04/16 15:07:17,02418,德银天下,DEEWIN,,2.82,-0.09,-3.09278,2.91,2.9,2.9,2.8,393000,1109925,2.81,2.83
2026/04/16 15:08:58,02419,德康农牧,DEKON AGR,,72.25,-0.95,-1.29781,73.2,74.5,74.5,71.75,747600,54308385,72.25,72.35
2026/04/16 14:54:40,02420,子不语,ZIBUYU,,4.53,-0.01,-0.22026,4.54,4.46,4.6,4.46,174500,794270,4.5,4.6
2026/04/16 14:21:17,02421,嘉创地产,KRP DEVELOPMENT,,0.56,-0.03,-5.08475,0.59,0.6,0.6,0.55,44000,24600,0.54,0.56
2026/04/16 14:55:58,02422,润歌互动,REGO INTERACT,,1.63,-0.03,-1.80723,1.66,1.69,1.69,1.63,212000,350440,1.63,1.68
2026/04/16 15:08:52,02423,贝壳－Ｗ,BEKE-W,,43.08,0.88,2.08531,42.2,42.44,43.22,41.76,8657353,366289381,43.08,43.1
2026/04/16 13:16:54,02425,澳亚集团,AUSTASIA GROUP,,2.31,-0.02,-0.85837,2.33,2.32,2.32,2.3,104000,240120,2.21,2.39
2026/04/16 14:49:01,02427,GUANZE MEDICAL,GUANZE MEDICAL,,3.42,-0.06,-1.72414,3.48,3.47,3.47,3.41,85000,291450,3.42,3.45
2026/04/16 15:04:15,02429,友宝在线,UBOX ONLINE,,2.56,0.06,2.4,2.5,2.53,2.59,2.49,662000,1688275,2.55,2.56
2026/04/16 15:09:00,02431,佑驾创新,MINIEYE,,10.43,-0.03,-0.28681,10.46,10.7,10.7,10.27,2954144,30817975,10.42,10.43
2026/04/16 15:08:34,02432,越疆,DOBOT,,34.98,0.68,1.98251,34.3,34.46,35.4,34.46,1587200,55559872,34.98,35.0
2026/04/16 15:07:49,02433,中天湖南集团,ZT HN GROUP,,0.1,0.001,1.0101,0.099,0.099,0.104,0.097,10678000,1059560,0.098,0.1
2026/04/16 14:47:31,02436,凌雄科技,LX TECHNOLOGY,,13.1,0.03,0.22953,13.07,13.02,13.1,12.9,34800,452688,13.06,13.15
2026/04/16 15:03:11,02438,出门问问,MOBVOI,,0.465,0.0,0.0,0.465,0.465,0.475,0.46,883000,411915,0.46,0.465
2026/04/16 14:18:50,02439,中宝新材,CH TREASURES NM,,0.315,-0.005,-1.5625,0.32,0.3,0.315,0.3,242000,74400,0.31,0.315
2026/04/16 14:49:07,02440,迷策略,MEMESTRATEGY,,1.53,0.01,0.6579,1.52,1.47,1.58,1.47,194000,297770,1.53,1.55
2026/04/16 15:08:47,02442,怡俊集团控股,EASY SMART GP,,38.78,-2.04,-4.99755,40.82,40.1,40.1,38.0,410000,16056620,37.2,38.78
2026/04/16 15:08:05,02443,汽车街,AUTOSTREETS,,1.89,-0.02,-1.04712,1.91,1.9,1.91,1.89,192400,364580,1.89,1.9
2026/04/16 14:56:10,02450,淮北绿金股份,HUAIBEI GD CO,,3.48,0.0,0.0,3.48,0.0,0.0,0.0,0,0,3.48,3.59
2026/04/16 15:08:01,02451,绿源集团控股,LUYUAN GP HLDG,,13.45,0.68,5.32498,12.77,12.89,13.64,12.8,208000,2777397,13.38,13.44
2026/04/16 15:06:54,02453,美中嘉和,CONCORD HC GP,,1.59,0.11,7.43243,1.48,1.48,1.62,1.47,718400,1131618,1.58,1.6
2026/04/16 14:58:23,02455,润华服务,RUNHUA SERVICE,,0.7,0.05,7.69231,0.65,0.66,0.7,0.65,496000,334580,0.68,0.7
2026/04/16 14:27:52,02457,步阳国际,BUYANG INTL,,0.315,0.0,0.0,0.315,0.315,0.315,0.315,200000,63000,0.3,0.325
2026/04/16 11:42:58,02458,望尘科技控股,GALA TECH HOLD,,5.79,-0.01,-0.17241,5.8,5.5,5.79,5.5,800,4516,5.5,5.55
2026/04/16 15:00:03,02459,升能集团,SANERGY GROUP,,0.087,0.0,0.0,0.087,0.088,0.088,0.087,1290000,112838,0.085,0.088
2026/04/16 15:05:08,02460,华润饮料,CR BEVERAGE,,8.99,-0.03,-0.33259,9.02,9.02,9.08,8.9,947400,8484832,8.99,9.0
2026/04/16 15:09:00,02465,龙蟠科技,LOPAL TECH,,16.26,2.99,22.53203,13.27,15.24,16.88,14.07,54260100,865906215,16.25,16.26
2026/04/16 15:07:05,02469,粉笔,FENBI,,1.01,-0.02,-1.94175,1.03,1.04,1.08,1.01,7231500,7535199,1.01,1.02
2026/04/16 15:08:54,02473,喜相逢集团,XXF,,0.99,-0.02,-1.9802,1.01,1.01,1.02,0.98,89097500,88803600,0.99,1.0
2026/04/16 15:07:12,02477,经纬天地,WELLCELL HOLD,,21.26,1.14,5.666,20.12,20.12,21.44,19.83,4097600,84485928,21.2,21.26
2026/04/16 08:55:00,02479,天聚地合,TIANJUDIHE,,65.0,0.0,0.0,65.0,0.0,0.0,0.0,0,0,0.0,0.0
2026/04/16 14:07:43,02480,绿竹生物－Ｂ,LUZHU BIOTECH-B,,22.5,0.6,2.73973,21.9,22.5,22.5,22.5,14200,319500,22.46,24.96
2026/04/16 14:42:34,02481,慧居科技,WISE LIVING TEC,,2.65,0.0,0.0,2.65,2.65,2.65,2.65,1000,2650,2.69,2.73
2026/04/16 13:00:26,02482,维天运通,LOGORY,,0.56,0.0,0.0,0.56,0.0,0.0,0.0,0,0,0.52,0.58
2026/04/16 10:43:05,02483,Ｋ　ＣＡＳＨ集团,K CASH,,1.75,0.0,0.0,1.75,1.75,1.75,1.75,500000,875000,1.7,1.75
2026/04/16 14:51:41,02486,普乐师集团控股,PLUS GP HOLDING,,7.29,0.02,0.2751,7.27,7.3,7.3,7.27,14200,103498,0.0,7.33
2026/04/16 15:04:25,02487,科笛－Ｂ,CUTIA-B,,4.88,0.11,2.30608,4.77,4.65,4.88,4.65,109000,519074,4.79,4.84
2026/04/16 15:08:59,02488,元征科技,LAUNCH TECH,,8.56,-0.19,-2.17143,8.75,8.79,8.8,8.46,815000,6962765,8.56,8.57
2026/04/16 14:56:27,02489,集海黄金,PERSISTENCEGOLD,,1.01,0.0,0.0,1.01,1.02,1.02,1.0,220000,221200,1.0,1.01
2026/04/16 14:57:08,02490,乐舱物流,LC LOGISTICS,,4.96,0.3,6.43777,4.66,4.6,5.31,4.6,404400,1998753,4.94,5.08
2026/04/16 15:08:36,02495,声通科技,VOICECOMM,,55.0,0.95,1.75763,54.05,53.0,55.45,53.0,18440,1012096,55.0,55.2
2026/04/16 10:49:14,02496,友芝友生物－Ｂ,YZYBIO-B,,4.82,0.0,0.0,4.82,0.0,0.0,0.0,3000,15478,4.82,5.22
2026/04/16 11:49:25,02497,富景中国控股,FUJING HOLDINGS,,0.62,0.0,0.0,0.62,0.62,0.62,0.59,106000,64340,0.59,0.62
2026/04/16 15:08:57,02498,速腾聚创,ROBOSENSE,,37.24,0.62,1.69306,36.62,37.0,37.42,36.5,4637052,171576368,37.22,37.26
2026/04/16 14:58:24,02499,佛朗斯股份,FOLANGSI,,6.19,-0.04,-0.64206,6.23,6.06,6.22,6.05,11200,68218,6.03,6.18
2026/04/16 15:06:20,02500,启明医疗－Ｂ,VENUS MEDTECH-B,,2.25,0.03,1.35135,2.22,2.22,2.29,2.21,846000,1898520,2.22,2.25
2026/04/16 15:06:26,02501,迈越科技,MAIYUE TECH,,1.16,-0.01,-0.8547,1.17,1.17,1.19,1.12,110000,125200,1.15,1.16
2026/04/16 14:37:32,02502,金源氢化,JINYUAN HCHEM,,0.47,0.0,0.0,0.47,0.47,0.47,0.47,40000,18800,0.445,0.48
2026/04/16 15:08:25,02503,中深建业,ZHONGSHENJIANYE,,0.34,0.0,0.0,0.34,0.34,0.345,0.325,952000,320880,0.34,0.345
2026/04/16 15:06:04,02505,ＥＤＡ集团控股,EDA GROUP HLDGS,,0.66,-0.01,-1.49254,0.67,0.68,0.7,0.66,1171000,791900,0.66,0.67
2026/04/16 15:07:03,02506,讯飞医疗科技,XUNFEIHEALTH,,70.5,1.45,2.09993,69.05,71.0,71.5,69.85,77700,5491235,70.4,70.5
2026/04/16 15:09:01,02507,西锐,CIRRUS,,42.66,2.32,5.75112,40.34,40.34,43.36,40.32,2551500,108433966,42.64,42.66
2026/04/16 15:00:04,02508,圣贝拉集团,SAINT BELLA GP,,4.45,-0.08,-1.766,4.53,4.53,4.59,4.45,377000,1696630,4.44,4.45
2026/04/16 15:08:29,02509,荃信生物－Ｂ,QYUNS-B,,20.84,-0.26,-1.23223,21.1,21.1,21.58,20.6,336400,7075172,20.76,20.88
2026/04/16 15:06:01,02510,德翔海运,TS LINES,,8.55,0.01,0.1171,8.54,8.55,8.57,8.5,875000,7453740,8.54,8.55
2026/04/16 15:06:46,02511,君圣泰医药－Ｂ,HIGHTIDE-B,,3.7,0.0,0.0,3.7,3.7,3.73,3.61,318500,1170730,3.66,3.7
2026/04/16 14:03:10,02512,云工场,CLOUD FACTORY,,3.16,-0.03,-0.94044,3.19,3.19,3.2,3.16,38000,121310,3.15,3.18
2026/04/16 15:09:01,02513,智谱,KNOWLEDGE ATLAS,,894.0,27.0,3.11419,867.0,853.0,919.0,839.0,1077431,961152469,893.5,894.0
2026/04/16 15:04:09,02515,天津建发,TJCD,,1.07,0.0,0.0,1.07,1.07,1.08,1.05,380000,407920,1.06,1.09
2026/04/16 15:01:59,02516,泛远国际,FAR INTL,,1.34,0.0,0.0,1.34,1.34,1.35,1.31,4936000,6586720,1.33,1.34
2026/04/16 15:09:11,02517,锅圈,GUOQUAN,,3.52,-0.79,-18.32947,4.31,4.2,4.2,3.39,138969200,510735600,3.51,3.52
2026/04/16 10:43:27,02518,汽车之家－Ｓ,AUTOHOME-S,,35.92,0.26,0.72911,35.66,35.66,35.92,35.62,4400,157096,35.7,35.92
2026/04/16 15:03:41,02519,傲基股份,AUGROUP,,4.3,-0.3,-6.52174,4.6,4.47,4.47,4.22,4500,19380,4.0,4.29
2026/04/16 13:39:18,02520,山西安装,SHANXI INSTALL,,2.1,-0.03,-1.40845,2.13,2.11,2.11,2.1,48000,101120,2.0,2.19
2026/04/16 15:08:53,02521,升辉清洁,SHENGHUI CLEAN,,1.13,0.11,10.78431,1.02,1.06,1.14,1.02,3202500,3498450,1.13,1.14
2026/04/16 15:09:15,02522,一脉阳光,RIMAG GROUP,,6.85,0.29,4.42073,6.56,6.6,7.02,6.54,2115050,14453324,6.84,6.88
2026/04/16 15:09:19,02525,禾赛－Ｗ,HESAI-W,,190.2,6.3,3.42578,183.9,199.9,200.0,185.7,2025618,384938070,190.10001,190.2
2026/04/16 15:09:07,02526,德适－Ｂ,DIAGENS-B,,284.0,14.6,5.41945,269.4,265.2,291.0,265.2,329452,92140827,282.0,283.79999
2026/04/16 14:50:11,02528,尚晋国际控股,FW FASHION INT,,0.44,0.04,10.0,0.4,0.405,0.44,0.405,240000,101450,0.41,0.44
2026/04/16 13:00:03,02529,泓盈城市服务,HOLLWIN URBAN,,3.16,0.0,0.0,3.16,0.0,0.0,0.0,0,0,3.04,3.17
2026/04/16 08:55:00,02530,纽曼思,NUMANS,,0.59,0.0,0.0,0.59,0.0,0.0,0.0,0,0,0.0,0.0
2026/04/16 13:23:09,02531,广联科技控股,CARLINK TECH,,5.99,0.05,0.84175,5.94,6.0,6.17,5.99,4000,24080,5.83,5.99
2026/04/16 15:09:02,02533,黑芝麻智能,BLACK SESAME,,17.41,0.12,0.69404,17.29,17.6,17.64,17.22,2294300,40058383,17.4,17.41
2026/04/16 15:06:41,02535,泓基集团,WK GROUP,,0.395,-0.005,-1.25,0.4,0.395,0.42,0.385,68710000,24282690,0.39,0.395
2026/04/16 13:00:30,02536,百乐皇宫,PALASINO,,1.88,-0.02,-1.05263,1.9,1.88,1.88,1.88,26000,48880,1.81,1.87
2026/04/16 15:05:33,02539,乐摩科技,LEMO SERVICES,,15.5,-0.4,-2.51572,15.9,15.8,16.36,15.39,24700,388323,15.5,15.59
2026/04/16 14:39:38,02540,乐思集团,LESI GROUP,,1.05,0.02,1.94175,1.03,1.05,1.05,1.05,17500,18375,1.01,1.05
2026/04/16 15:06:49,02543,大行科工,DAHON TECH,,30.08,0.48,1.62162,29.6,29.6,30.6,29.58,12500,375322,29.94,30.16
2026/04/16 13:50:18,02545,中赣通信,ZHONGGAN COMM,,0.44,0.0,0.0,0.44,0.44,0.445,0.44,1130000,498220,0.43,0.44
2026/04/16 15:08:08,02546,智汇矿业,ZHIHUI MINING,,16.59,-0.02,-0.12041,16.61,16.8,17.37,16.2,360000,6041270,16.61,16.84
2026/04/16 15:08:57,02549,卡罗特,CAROTE LTD,,4.77,-0.12,-2.45399,4.89,4.8,4.81,4.7,469000,2234735,4.77,4.78
2026/04/16 15:02:03,02550,宜搜科技,EASOU TECH,,2.06,0.05,2.48756,2.01,2.01,2.07,1.98,946500,1923865,2.06,2.07
2026/04/16 15:09:19,02551,晶科电子股份,APT ELECTRONICS,,1.85,-0.51,-21.61017,2.36,2.38,2.38,1.85,1321000,2727750,1.88,1.98
2026/04/16 15:06:21,02552,华领医药－Ｂ,HUA MEDICINE-B,,3.81,-0.04,-1.03896,3.85,3.87,3.94,3.79,2339300,9016002,3.81,3.83
2026/04/16 15:08:02,02555,茶百道,CHABAIDAO,,5.75,0.11,1.95036,5.64,5.72,5.8,5.64,1070000,6141362,5.75,5.76
2026/04/16 15:09:18,02556,迈富时,MARKETINGFORCE,,40.72,3.96,10.77258,36.76,38.6,42.92,38.6,18080900,746374310,40.66,40.74
2026/04/16 09:01:08,02558,晋商银行,JINSHANG BANK,,1.38,0.0,0.0,1.38,0.0,0.0,0.0,0,0,1.31,1.38
2026/04/16 15:04:59,02559,嘀嗒出行,DIDA INC,,1.4,-0.04,-2.77778,1.44,1.36,1.44,1.36,302000,420975,1.37,1.4
2026/04/16 14:59:35,02560,海螺材料科技,CONCH MAT TECH,,1.78,-0.01,-0.55866,1.79,1.79,1.79,1.77,116000,206250,1.78,1.79
2026/04/16 14:52:29,02561,维昇药业－Ｂ,VISEN PHARMA-B,,26.98,-0.8,-2.87977,27.78,27.78,27.8,26.7,6300,169470,26.58,27.0
2026/04/16 15:09:20,02562,狮腾控股,SYNAGISTICS,,3.21,-0.01,-0.31056,3.22,3.27,3.27,3.2,12906500,41681525,3.2,3.21
2026/04/16 14:39:17,02563,华昊中天医药－Ｂ,BIOSTAR PHARM-B,,3.88,0.04,1.04167,3.84,3.84,3.88,3.84,20000,77428,3.52,3.88
2026/04/16 15:07:25,02565,派格－Ｂ（五十）,PEGBIO CO-B-50,,42.26,-1.64,-3.73576,43.9,44.42,44.42,41.28,1490900,62798202,42.14,42.26
2026/04/16 14:33:25,02566,九源基因,JIUYUAN GENE,,7.11,0.07,0.99432,7.04,7.07,7.15,7.06,43000,305108,7.1,7.15
2026/04/16 15:01:10,02567,七牛智能,QINIU,,0.49,0.03,6.52174,0.46,0.46,0.5,0.46,3912000,1889185,0.485,0.49
2026/04/16 15:05:12,02569,舒宝国际,SOFT INTL,,0.96,0.01,1.05263,0.95,0.94,0.96,0.91,115000,107650,0.96,0.98
2026/04/16 15:08:47,02570,重塑能源,REFIRE,,44.16,0.1,0.22696,44.06,44.08,44.64,43.22,511580,22382337,44.02,44.18
2026/04/16 12:30:02,02571,赛目科技,SAIMO,,12.85,-0.15,-1.15385,13.0,13.01,13.01,12.85,16400,212356,12.74,13.2
2026/04/16 15:08:06,02573,新琪安,NEWTREND GROUP,,4.71,0.11,2.3913,4.6,4.52,4.71,4.5,53000,242612,4.7,4.71
2026/04/16 15:09:12,02575,轩竹生物－Ｂ,XUANZHUBIO-B,,33.06,-2.96,-8.21766,36.02,36.6,36.6,32.72,2710500,91376200,33.04,33.16
2026/04/16 15:08:14,02576,太美医疗科技,TAIMEI TECH,,4.49,-0.17,-3.64807,4.66,4.65,4.86,4.47,368200,1718918,4.46,4.5
2026/04/16 15:09:15,02577,英诺赛科,INNOSCIENCE,,58.0,2.8,5.07246,55.2,55.95,58.45,54.55,5165800,294782180,58.0,58.05
2026/04/16 15:07:05,02579,中伟新材,CNGR,,38.54,0.24,0.62663,38.3,39.36,39.5,38.02,1090000,42313312,38.44,38.54
2026/04/16 15:09:15,02580,奥克斯电气,AUX ELECTRIC,,9.45,-0.18,-1.86916,9.63,9.66,9.75,9.4,2836000,26870338,9.45,9.46
2026/04/16 14:12:59,02581,明基医院,BENQ HOLDING,,3.46,-0.01,-0.28818,3.47,3.46,3.47,3.46,95000,328730,3.46,3.47
2026/04/16 15:08:56,02582,国富氢能,GUOFUHEE,,28.82,0.38,1.33615,28.44,28.88,29.18,27.94,2747600,78290422,28.8,28.84
2026/04/16 15:07:28,02583,西普尼,HIPINE,,100.9,-1.1,-1.07843,102.0,102.1,104.2,100.6,40300,4118740,101.0,101.7
2026/04/16 13:38:39,02585,梦金园,MOKINGRAN,,20.3,0.3,1.5,20.0,20.0,20.3,19.0,30800,613622,19.94,20.26
2026/04/16 15:08:09,02586,多点数智,DMALL,,7.22,-0.03,-0.41379,7.25,7.27,7.3,7.18,1914734,13843968,7.19,7.23
2026/04/16 15:08:40,02587,健康之路,HEALTHYWAY INC,,4.71,0.0,0.0,4.71,4.76,4.78,4.66,4157000,19562775,4.7,4.71
2026/04/16 15:08:22,02588,中银航空租赁,BOC AVIATION,,83.2,-1.25,-1.48017,84.45,85.0,85.45,83.05,386696,32457470,83.2,83.25
2026/04/16 15:09:04,02589,沪上阿姨,AUNTEA JENNY,,89.2,10.75,13.703,78.45,78.45,90.0,78.45,517300,44355540,88.9,89.2
2026/04/16 15:08:58,02590,极智嘉－Ｗ,GEEKPLUS-W,,18.78,0.3,1.62338,18.48,18.9,19.05,18.58,3743131,70460287,18.78,18.79
2026/04/16 15:07:39,02591,银诺医药－Ｂ,INNOGEN-B,,20.78,-0.6,-2.80636,21.38,21.5,21.8,20.7,598800,12525374,20.78,20.86
2026/04/16 14:44:49,02592,拨康视云－Ｂ,CLOUDBREAK-B,,1.29,-0.03,-2.27273,1.32,1.35,1.35,1.26,737500,953840,1.29,1.32
2026/04/16 15:08:57,02593,草姬集团,HERBS GROUP,,0.96,0.02,2.12766,0.94,0.94,0.98,0.94,156800,150344,0.95,0.97
2026/04/16 15:08:47,02595,劲方医药－Ｂ,GENFLEET-B,,48.78,-0.06,-0.12285,48.84,48.8,50.0,46.9,1867924,90938392,48.72,48.78
2026/04/16 15:01:58,02596,宜宾银行,YIBIN BANK,,2.64,0.0,0.0,2.64,0.0,0.0,0.0,300,742,2.62,2.66
2026/04/16 15:08:30,02597,讯众通信,XUNZHONG,,31.66,2.46,8.42466,29.2,29.7,31.66,29.7,6000,184700,30.94,31.48
2026/04/16 15:05:30,02598,连连数字,LIANLIAN,,6.17,0.17,2.83333,6.0,6.0,6.2,6.0,1177500,7216030,6.16,6.17
2026/04/16 15:09:19,02600,中国铝业,CHALCO,,13.18,0.6,4.76948,12.58,12.78,13.28,12.78,47714810,625333413,13.18,13.2
2026/04/16 15:08:58,02601,中国太保,CPIC,,33.96,0.1,0.29533,33.86,33.84,34.36,33.64,4435500,150722738,33.96,33.98
2026/04/16 15:09:01,02602,万物云,ONEWO,,17.38,0.11,0.63694,17.27,17.25,17.44,17.23,962285,16724460,17.38,17.39
2026/04/16 15:09:13,02603,吉宏股份,JIHONG CO,,13.29,0.41,3.18323,12.88,12.88,13.69,12.85,1491000,19737945,13.22,13.29
2026/04/16 15:05:24,02605,METALIGHT,METALIGHT,,1.58,-0.07,-4.24242,1.65,1.62,1.65,1.55,220000,350768,1.58,1.63
2026/04/16 15:09:10,02607,上海医药,SH PHARMA,,11.73,-0.05,-0.42445,11.78,11.79,11.82,11.64,2983400,34943263,11.73,11.75
2026/04/16 13:28:52,02608,阳光１００中国,SUNSHINE 100,,0.01,0.0,0.0,0.01,0.01,0.01,0.01,53000,530,0.0,0.01
2026/04/16 15:09:18,02609,佰泽医疗,BAYZED HEALTH,,5.43,0.18,3.42857,5.25,5.15,5.63,5.06,37772400,202822116,5.42,5.45
2026/04/16 15:09:18,02610,南山铝业国际,NANSHAN AL INTL,,46.6,0.4,0.8658,46.2,46.74,47.44,46.24,527900,24776200,46.6,46.62
2026/04/16 15:09:20,02611,国泰海通,GTHT,,14.71,0.49,3.44585,14.22,14.22,14.98,14.22,11267244,165703920,14.66,14.71
2026/04/16 15:04:13,02613,汇舸环保,CONTIOCEAN,,31.74,0.0,0.0,31.74,0.0,0.0,0.0,0,0,29.02,31.64
2026/04/16 15:09:13,02616,基石药业－Ｂ,CSTONE PHARMA-B,,10.32,0.42,4.24242,9.9,9.92,10.41,9.92,10017428,102403941,10.31,10.32
2026/04/16 15:07:36,02617,药捷安康－Ｂ,TRANSTHERA-B,,69.7,-0.6,-0.85349,70.3,70.35,71.6,68.8,731000,50780825,69.65,69.7
2026/04/16 15:09:12,02618,京东物流,JD LOGISTICS,,15.85,0.3,1.92926,15.55,15.7,15.95,15.55,12590278,199172777,15.84,15.85
2026/04/16 14:46:10,02619,香江电器,XJ ELECTRICS,,1.77,-0.03,-1.66667,1.8,1.79,1.79,1.77,69000,122800,1.77,1.81
2026/04/16 15:04:36,02621,手回集团,SHOUHUI GROUP,,3.15,0.0,0.0,3.15,3.08,3.15,3.02,25600,78540,3.08,3.15
2026/04/16 15:08:56,02623,爱德新能源,ADD NEW ENERGY,,5.32,0.13,2.50482,5.19,5.25,5.44,5.25,4121247,22010301,5.3,5.35
2026/04/16 13:32:54,02625,江苏宏信,JIANGSU HORIZON,,4.23,0.04,0.95465,4.19,4.12,4.23,4.1,43200,180372,4.16,4.24
2026/04/16 08:55:00,02627,中慧生物－Ｂ,AB&B BIO-TECH-B,,29.32,0.0,0.0,29.32,0.0,0.0,0.0,0,0,0.0,0.0
2026/04/16 15:09:13,02628,中国人寿,CHINA LIFE,,28.02,0.6,2.18818,27.42,27.42,28.18,27.4,33093060,924362797,28.0,28.02
2026/04/16 08:55:00,02629,MIRXES-B,MIRXES-B,,12.41,0.0,0.0,12.41,0.0,0.0,0.0,0,0,0.0,0.0
2026/04/16 15:06:34,02630,旺山旺水－Ｂ,VIGONVITA-B,,86.0,-0.95,-1.09258,86.95,87.0,87.0,85.05,19400,1668790,85.55,86.35
2026/04/16 15:09:13,02631,天岳先进,SICC,,57.85,2.4,4.32822,55.45,55.5,58.4,55.1,1371800,78308445,57.85,57.95
2026/04/16 15:08:02,02632,泽景股份,NEW VISION CO,,60.65,3.7,6.49693,56.95,56.95,71.0,50.0,212050,12760935,59.05,60.65
2026/04/16 14:49:33,02633,雅各臣科研制药,JACOBSON PHARMA,,1.19,-0.01,-0.83333,1.2,1.2,1.2,1.19,178000,213360,1.19,1.2
2026/04/16 15:08:15,02635,诺比侃（新）,NUOBIKAN-NEW,,61.5,0.55,0.90238,60.95,60.95,62.0,60.05,409950,25193937,61.2,61.5
2026/04/16 15:09:05,02637,海西新药,HAIXI PHARMA,,191.3,0.0,0.0,191.3,191.7,193.0,185.8,145400,27725290,190.39999,191.3
2026/04/16 15:08:51,02638,港灯－ＳＳ,HKELECTRIC-SS,,6.42,-0.02,-0.31056,6.44,6.44,6.46,6.42,1549752,9957374,6.42,6.43
2026/04/16 15:09:07,02643,曹操出行,CAOCAO INC,,25.78,0.0,0.0,25.78,25.6,26.22,25.58,955900,24653149,25.78,25.82
2026/04/16 15:08:25,02648,安井食品,ANJOY FOOD,,79.3,-1.0,-1.24533,80.3,80.35,81.55,78.1,539700,42886929,79.25,79.3
2026/04/16 08:55:00,02649,优乐赛共享,ALSCO POOLING,,3.9,0.0,0.0,3.9,0.0,0.0,0.0,0,0,0.0,0.0
2026/04/16 15:09:02,02650,挚达科技,ZHIDA TECH,,46.06,0.04,0.08692,46.02,46.98,48.88,44.88,1215050,56787711,46.02,46.04
2026/04/16 15:05:21,02651,大众口腔,DAZHONG DENTAL,,11.7,-0.5,-4.09836,12.2,11.8,12.2,11.7,4000,47171,11.66,11.9
2026/04/16 15:07:18,02652,长风药业,CF PHARMTECH,,23.52,-0.06,-0.25445,23.58,23.58,24.0,23.2,579500,13687490,23.54,23.58
2026/04/16 15:09:09,02655,果下科技,GUOXIA TECH,,55.45,-10.4,-15.79347,65.85,67.95,68.5,53.2,9545665,542315808,55.45,55.5
2026/04/16 15:09:15,02656,健康１６０,160 HEALTH,,34.18,-1.22,-3.44633,35.4,35.64,39.72,33.6,4256150,153370385,34.12,34.18
2026/04/16 15:08:23,02657,林清轩,FOREST CABIN,,59.05,1.95,3.41506,57.1,56.9,59.55,56.4,62750,3651708,58.45,58.95
2026/04/16 15:09:05,02658,天域半导体,TIANYU SEMI,,44.96,2.74,6.48982,42.22,43.1,45.88,42.78,870500,38679097,44.76,44.96
2026/04/16 15:08:10,02659,宝济药业－Ｂ,BAO PHARMA-B,,88.8,-1.2,-1.33333,90.0,91.0,91.0,88.6,77600,6923755,88.8,89.05
2026/04/16 15:06:46,02660,禅游科技,ZENGAME,,2.55,0.0,0.0,2.55,2.55,2.58,2.52,300000,764020,2.51,2.55
2026/04/16 15:09:03,02661,轻松健康,QINGSONG HEALTH,,152.9,1.7,1.12434,151.2,151.5,153.1,147.2,165400,25113560,152.10001,152.89999
2026/04/16 11:30:49,02663,应力控股,KPA-BM HLDGS,,0.28,-0.005,-1.75439,0.285,0.28,0.28,0.28,40000,11200,0.285,0.29
2026/04/16 15:08:42,02665,图达通,SEYOND,,9.46,-0.02,-0.21097,9.48,9.65,9.78,9.2,5805000,54889777,9.47,9.5
2026/04/16 15:09:05,02666,环球医疗,UNI MEDICAL,,5.85,-0.02,-0.34072,5.87,5.84,5.87,5.82,1721000,10064155,5.85,5.86
2026/04/16 14:15:42,02668,百德国际,PAK TAK INT'L,,0.28,0.0,0.0,0.28,0.28,0.28,0.275,5170000,1445100,0.275,0.28
2026/04/16 15:06:45,02669,中海物业,CHINA OVS PPT,,4.11,0.0,0.0,4.11,4.14,4.14,4.05,4405332,18044017,4.1,4.11
2026/04/16 15:08:06,02670,云迹,YUNJI,,238.2,-2.4,-0.99751,240.6,236.0,238.2,230.8,15300,3579420,236.0,238.2
2026/04/16 14:35:21,02671,美联股份,USAS BUILDING,,3.99,-0.15,-3.62319,4.14,4.1,4.11,3.99,4200,17139,4.0,4.14
2026/04/16 15:09:20,02675,精锋医疗－Ｂ,EDGE MEDICAL-B,,56.0,2.0,3.7037,54.0,54.35,58.0,53.55,571900,32350665,56.0,56.05
2026/04/16 15:09:10,02676,纳芯微,NOVOSENSE,,136.0,11.8,9.50081,124.2,127.6,137.9,124.3,452000,60084350,135.2,136.3
2026/04/16 15:00:47,02677,卓正医疗,DISTINCT HEALTH,,35.14,-0.46,-1.29214,35.6,35.6,36.02,33.8,24750,854766,35.14,35.26
2026/04/16 14:59:34,02678,天虹国际集团,TEXHONG INTL GP,,6.81,0.24,3.65297,6.57,6.45,6.82,6.45,660500,4409432,6.81,6.83
2026/04/16 13:59:21,02680,创陞控股,INNOVAX HLDGS,,11.0,0.09,0.82493,10.91,10.9,11.09,10.7,58100,630883,10.81,11.1
2026/04/16 09:04:25,02682,润利海事,YUN LEE MARINE,,0.151,0.0,0.0,0.151,0.0,0.0,0.0,0,0,0.146,0.151
2026/04/16 14:10:09,02683,华新手袋国际控股,WAHSUN HANDBAGS,,1.18,0.0,0.0,1.18,1.19,1.19,1.18,60000,70880,1.18,1.22
2026/04/16 15:08:22,02685,量化派,QUANTGROUP,,21.68,-0.6,-2.693,22.28,22.34,22.6,21.5,1682200,36790270,21.54,21.68
2026/04/16 15:09:13,02687,卓越睿新,ABLE DIGITAL,,141.0,-5.1,-3.49076,146.1,146.5,148.9,140.2,174600,25092590,140.60001,141.10001
2026/04/16 15:08:48,02688,新奥能源,ENN ENERGY,,62.8,-0.6,-0.94637,63.4,63.4,63.65,62.5,3639761,228862360,62.75,62.8
2026/04/16 15:09:16,02689,玖龙纸业,ND PAPER,,6.48,-0.01,-0.15408,6.49,6.45,6.53,6.37,10705000,68897062,6.48,6.49
2026/04/16 15:06:29,02691,南华期货股份,NANHUA FUTURES,,11.06,0.17,1.56107,10.89,10.94,11.15,10.92,1089000,12013895,11.06,11.07
2026/04/16 15:08:07,02692,兆威机电,ZHAOWEI,,68.2,3.15,4.84243,65.05,65.95,70.45,65.5,794500,53928096,68.2,68.3
2026/04/16 14:58:30,02693,金岩高岭新材,JINYAN KAOLIN,,4.15,0.05,1.21951,4.1,4.1,4.18,4.0,22500,92860,4.05,4.18
2026/04/16 15:07:19,02695,印象大红袍,IMPRESSION DHP,,2.09,0.01,0.48077,2.08,2.09,2.09,2.06,101000,209870,2.07,2.09
2026/04/16 15:09:02,02696,复宏汉霖,HENLIUS,,83.05,0.4,0.48397,82.65,84.45,84.45,81.2,612600,50848550,83.0,83.25
2026/04/16 15:09:21,02698,乐舒适,SOFTCARE,,31.32,-0.46,-1.44745,31.78,31.74,31.96,31.0,537000,16843404,31.3,31.32
2026/04/16 13:00:05,02699,新明中国,XINMING CHINA,,0.28,0.0,0.0,0.28,0.28,0.28,0.28,4000,1120,0.28,0.285
2026/04/16 15:00:58,02700,格林国际控股,GREEN INTL HLDG,,0.58,0.0,0.0,0.58,0.58,0.58,0.58,20000,11600,0.55,0.59
2026/04/16 15:08:08,02701,国民技术,NSING TECH,,12.72,0.0,0.0,12.72,12.77,12.97,12.6,2939400,37623924,12.71,12.72
2026/04/16 15:09:16,02706,海致科技集团,HAIZHI TECH GP,,62.4,0.7,1.13452,61.7,61.7,66.0,59.0,1488008,93374614,62.4,62.5
2026/04/16 15:09:19,02714,牧原股份,MUYUAN,,42.76,-0.24,-0.55814,43.0,43.28,43.48,42.0,1383500,59158708,42.76,42.9
2026/04/16 15:09:12,02715,埃斯顿,ESTUN,,13.22,0.28,2.16383,12.94,12.94,13.33,12.94,1019000,13459134,13.22,13.23
2026/04/16 15:09:06,02718,明略科技－Ｗ,MININGLAMP-W,,225.6,20.0,9.72763,205.6,205.8,226.6,205.8,193480,42864808,225.0,225.60001
2026/04/16 15:02:32,02720,乐欣户外,RIDGE OUTDOOR,,25.7,0.08,0.31226,25.62,25.2,25.98,25.2,64500,1656530,25.46,26.36
2026/04/16 15:07:35,02722,重庆机电,CHONGQING M&E,,2.72,0.16,6.25,2.56,2.62,2.76,2.55,21040782,56204933,2.72,2.73
2026/04/16 15:09:04,02726,瀚天天成,EPIWORLD,,107.5,0.9,0.84428,106.6,106.6,109.9,104.6,143900,15494610,107.0,107.6
2026/04/16 15:09:15,02727,上海电气,SH ELECTRIC,,4.02,0.11,2.8133,3.91,3.91,4.04,3.9,23802000,94824280,4.01,4.02
2026/04/16 08:55:00,02728,金泰能源控股,JINTAI ENERGY H,,0.024,0.0,0.0,0.024,0.0,0.0,0.0,0,0,0.0,0.0
2026/04/16 15:08:27,02729,凯乐士科技,GALAXIS TECH,,40.5,-0.46,-1.12305,40.96,41.1,42.48,39.54,717400,29186932,40.42,40.86
2026/04/16 15:03:19,02738,华津国际控股,HUAJIN INTL,,0.179,0.0,0.0,0.179,0.0,0.0,0.0,0,0,0.163,0.23
2026/04/16 15:08:33,02768,国恩科技,GON TECHNOLOGY,,47.82,0.22,0.46219,47.6,47.6,48.74,47.2,204800,9827800,47.74,47.86
2026/04/16 15:00:42,02772,中梁控股,ZHONGLIANG HLDG,,0.042,0.0,0.0,0.042,0.044,0.044,0.04,1338500,56393,0.042,0.043
2026/04/16 14:53:25,02777,富力地产,R&F PROPERTIES,,0.4,0.0,0.0,0.4,0.4,0.41,0.39,2355200,947490,0.4,0.41
2026/04/16 14:53:31,02779,中国新华教育,CH XINHUA EDU,,0.485,-0.01,-2.0202,0.495,0.485,0.495,0.48,645000,315555,0.485,0.495
2026/04/16 15:09:18,02788,创新实业,CHUANGXIN IND,,31.18,0.28,0.90615,30.9,31.34,32.3,30.9,4539000,142533440,31.16,31.18
2026/04/16 15:06:55,02789,远大中国,YUANDA CHINA,,0.191,-0.003,-1.54639,0.194,0.193,0.193,0.185,1370000,262328,0.191,0.193
2026/04/16 14:53:09,02798,久泰邦达能源,PER ENERGY,,0.96,-0.02,-2.04082,0.98,0.94,0.97,0.94,55000,52600,0.94,0.98
2026/04/16 15:08:38,02799,中信金融资产,CITIC FAMC,,0.72,0.0,0.0,0.72,0.72,0.73,0.71,48020520,34615032,0.72,0.73
2026/04/16 15:09:17,02858,易鑫集团,YIXIN,,2.14,-0.04,-1.83486,2.18,2.2,2.2,2.13,9269000,19923815,2.14,2.15
2026/04/16 14:31:05,02863,高丰集团控股,GOLDEN FAITH GP,,0.41,0.04,10.81081,0.37,0.41,0.41,0.395,249000,102015,0.39,0.41
2026/04/16 15:09:01,02865,钧达股份,DRINDA,,33.0,1.22,3.83889,31.78,31.8,33.44,31.52,7108700,232859034,32.98,33.0
2026/04/16 15:06:16,02866,中远海发,COSCO SHIP DEV,,1.18,-0.01,-0.84034,1.19,1.19,1.19,1.17,6168000,7245660,1.17,1.18
2026/04/16 15:03:39,02869,绿城服务,GREENTOWN SER,,4.43,-0.02,-0.44944,4.45,4.56,4.56,4.41,680000,3024206,4.42,4.44
2026/04/16 15:08:49,02877,神威药业,SHINEWAY PHARM,,9.96,0.01,0.1005,9.95,9.5,10.06,9.5,1388000,13739260,9.96,9.98
2026/04/16 15:02:04,02878,晶门半导体,SOLOMON SYSTECH,,0.36,-0.005,-1.36986,0.365,0.36,0.365,0.355,1688000,608920,0.355,0.36
2026/04/16 15:08:00,02880,辽港股份,LIAONING PORT,,0.85,-0.01,-1.16279,0.86,0.87,0.87,0.85,1351100,1156280,0.85,0.86
2026/04/16 14:32:10,02881,武汉有机,WUHAN YOUJI,,6.74,-0.26,-3.71429,7.0,6.5,6.9,6.1,23000,152625,6.72,6.84
2026/04/16 14:33:23,02882,金至尊集团,3DG HOLDINGS,,0.51,0.01,2.0,0.5,0.51,0.51,0.51,24100,12086,0.5,0.53
2026/04/16 15:09:07,02883,中海油田服务,CHINA OILFIELD,,8.91,-0.17,-1.87225,9.08,9.08,9.08,8.83,7496000,66864534,8.91,8.93
2026/04/16 15:06:24,02885,彼岸控股,PEIPORT HOLD,,0.93,-0.01,-1.06383,0.94,0.93,0.95,0.92,94000,87720,0.92,0.94
2026/04/16 14:15:28,02886,滨海投资,BINHAI INV,,1.17,-0.02,-1.68067,1.19,1.17,1.19,1.17,692000,817080,1.16,1.17
2026/04/16 15:09:00,02888,渣打集团,STANCHART,,189.1,2.4,1.28549,186.7,188.4,190.0,187.3,594189,112264776,189.0,189.10001
2026/04/16 15:09:15,02889,博泰车联,PATEO,,122.6,-1.1,-0.88925,123.7,125.0,125.4,119.0,710100,86173386,122.8,123.0
2026/04/16 08:55:00,02892,万城控股,MILLION CITIES,,0.44,0.0,0.0,0.44,0.0,0.0,0.0,0,0,0.0,0.0
2026/04/16 08:55:00,02898,盛禾生物－Ｂ,SUNHO BIO-B,,6.39,0.0,0.0,6.39,0.0,0.0,0.0,0,0,0.0,0.0
2026/04/16 15:08:58,02899,紫金矿业,ZIJIN MINING,,37.84,-0.14,-0.36862,37.98,38.0,38.2,37.62,32368880,1225515631,37.84,37.86
2026/04/16 08:55:00,02929,STERLING GP-OLD,STERLING GP-OLD,,1.0,0.0,0.0,1.0,0.0,0.0,0.0,0,0,0.0,0.0
2026/04/16 14:05:37,02931,诺比侃（旧）,NUOBIKAN-OLD,,60.0,0.0,0.0,60.0,60.0,60.0,60.0,1000,60000,60.5,63.0
2026/04/16 10:14:46,02934,圣马丁国际（旧）,SANDMARTIN-OLD,,0.8,0.0,0.0,0.8,0.0,0.0,0.0,0,0,0.77,0.0
2026/04/16 08:55:00,02935,环球华商（一万）,GLOBAL CHI-10K,,17.11,0.0,0.0,17.11,0.0,0.0,0.0,0,0,0.0,0.0
2026/04/16 08:55:00,02938,派格－Ｂ（五百）,PEGBIO CO-B-500,,55.7,0.0,0.0,55.7,0.0,0.0,0.0,0,0,0.0,0.0
2026/04/16 15:07:29,02939,圣马丁国际股权,SANDMARTIN RTS,,0.066,-0.022,-25.0,0.088,0.088,0.15,0.066,11366467,1151707,0.066,0.071
2026/04/16 15:09:12,03200,大族数控,HANS CNC,,143.9,13.9,10.69231,130.0,131.2,146.7,130.8,1305977,182785153,143.39999,143.89999
2026/04/16 15:09:11,03268,美格智能,MEIG,,25.74,3.1,13.69258,22.64,23.18,26.3,23.02,6026760,149328344,25.74,25.84
2026/04/16 15:09:19,03288,海天味业,HAITIAN FLAV,,36.46,-0.04,-0.10959,36.5,36.66,36.9,36.28,547539,20067769,36.4,36.48
2026/04/16 14:38:47,03300,中国玻璃,CHINA GLASS,,0.5,0.0,0.0,0.5,0.5,0.5,0.495,666000,330560,0.495,0.5
2026/04/16 15:05:57,03301,融信中国,RONSHINECHINA,,0.104,-0.004,-3.7037,0.108,0.103,0.108,0.102,1615500,167830,0.104,0.105
2026/04/16 14:30:41,03302,精技集团,KINERGY,,0.375,0.0,0.0,0.375,0.375,0.38,0.375,1978000,746360,0.37,0.38
2026/04/16 14:22:50,03303,巨涛海洋石油服务,JUTAL OIL SER,,0.445,0.0,0.0,0.445,0.45,0.46,0.44,134000,59540,0.44,0.445
2026/04/16 15:08:15,03306,江南布衣,JNBY,,21.86,0.04,0.18332,21.82,22.1,22.1,21.4,765000,16617700,21.84,21.86
2026/04/16 15:02:44,03309,希玛医疗,C-MER MEDICAL,,1.28,0.02,1.5873,1.26,1.25,1.28,1.25,70000,88880,1.27,1.28
2026/04/16 15:08:42,03311,中国建筑国际,CHINA STATE CON,,8.75,-0.11,-1.24154,8.86,8.86,8.88,8.62,16724591,145390794,8.73,8.75
2026/04/16 14:56:38,03313,雅高控股,ARTGO HOLDINGS,,0.12,0.0,0.0,0.12,0.12,0.121,0.12,63000,7369,0.117,0.12
2026/04/16 14:33:41,03315,金邦达宝嘉,GOLDPAC GROUP,,0.81,0.0,0.0,0.81,0.81,0.81,0.81,37000,29970,0.81,0.82
2026/04/16 15:09:17,03316,滨江服务,BINJIANG SER,,24.22,-0.52,-2.10186,24.74,24.2,24.68,24.1,150500,3646350,24.2,24.22
2026/04/16 15:09:20,03317,迅策,XUNCE,,340.4,27.6,8.82353,312.8,314.0,353.8,306.0,5844688,1957077714,340.20001,340.39999
2026/04/16 14:31:51,03318,中国波顿,CHINA BOTON,,1.6,0.0,0.0,1.6,0.0,0.0,0.0,0,0,1.52,1.57
2026/04/16 15:08:04,03319,雅生活服务,A-LIVING,,1.94,0.05,2.6455,1.89,1.9,1.94,1.9,510180,985179,1.93,1.94
2026/04/16 15:08:59,03320,华润医药,CHINARES PHARMA,,6.45,0.09,1.41509,6.36,6.35,6.47,6.31,15168099,97120632,6.44,6.45
2026/04/16 15:08:21,03321,中科集团控股,ZHONGKE GROUP,,0.047,0.002,4.44444,0.045,0.045,0.049,0.045,865000,40165,0.046,0.047
2026/04/16 14:42:50,03322,永嘉集团,WIN HANVERKY,,0.2,-0.003,-1.47783,0.203,0.199,0.206,0.199,230000,46398,0.2,0.205
2026/04/16 15:09:05,03323,中国建材,CNBM,,5.41,-0.08,-1.4572,5.49,5.47,5.64,5.4,32010852,175311823,5.41,5.42
2026/04/16 15:09:07,03328,交通银行,BANKCOMM,,7.13,-0.01,-0.14006,7.14,7.13,7.18,7.12,7518752,53704536,7.12,7.13
2026/04/16 14:59:21,03329,交银国际,BOCOM INTL,,0.35,0.005,1.44928,0.345,0.35,0.36,0.35,440164,155279,0.35,0.36
2026/04/16 15:09:17,03330,灵宝黄金,LINGBAO GOLD,,26.48,-0.1,-0.37622,26.58,26.88,27.16,26.3,8931219,238232616,26.46,26.48
2026/04/16 13:18:45,03332,中生联合,SINOLIFE UTD,,0.365,0.0,0.0,0.365,0.0,0.0,0.0,0,0,0.36,0.4
2026/04/16 15:07:23,03336,巨腾国际,JU TENG INTL,,2.56,-0.05,-1.91571,2.61,2.65,2.71,2.49,7716000,20030380,2.55,2.57
2026/04/16 15:09:10,03337,安东油田服务,ANTON OILFIELD,,1.04,0.0,0.0,1.04,1.03,1.05,1.03,2406000,2502830,1.03,1.04
2026/04/16 15:08:06,03339,中国龙工,LONKING,,3.3,0.0,0.0,3.3,3.32,3.33,3.26,4740000,15590580,3.28,3.3
2026/04/16 15:09:15,03347,泰格医药,TIGERMED,,43.86,-0.84,-1.8792,44.7,44.7,45.14,43.58,1502699,66264651,43.86,43.88
2026/04/16 09:04:36,03348,中国鹏飞集团,CHINA PENGFEI,,1.29,0.0,0.0,1.29,0.0,0.0,0.0,0,0,1.25,1.3
2026/04/16 15:08:58,03355,飞速创新,FS.COM,,54.8,3.5,6.82261,51.3,50.3,55.8,49.62,764790,40801028,54.8,54.85
2026/04/16 15:09:09,03360,远东宏信,FE HORIZON,,7.3,-0.07,-0.9498,7.37,7.45,7.45,7.27,3830000,28008399,7.29,7.3
2026/04/16 14:13:23,03363,正业国际,ZHENGYE INT'L,,0.33,0.0,0.0,0.33,0.33,0.33,0.33,6000,1980,0.32,0.33
2026/04/16 13:05:27,03366,华侨城（亚洲）,OCT (ASIA),,0.255,0.0,0.0,0.255,0.255,0.255,0.255,104000,26520,0.255,0.27
2026/04/16 09:00:24,03368,百盛集团,PARKSON GROUP,,0.152,0.0,0.0,0.152,0.0,0.0,0.0,0,0,0.146,0.152
2026/04/16 15:07:21,03369,秦港股份,QHD PORT,,2.46,0.0,0.0,2.46,2.46,2.47,2.45,275000,677525,2.46,2.47
2026/04/16 15:06:35,03377,远洋集团,SINO-OCEAN GP,,0.069,0.0,0.0,0.069,0.07,0.07,0.067,33863083,2312516,0.069,0.07
2026/04/16 15:07:06,03378,翰思艾泰－Ｂ,HANXBIO-B,,28.72,-0.48,-1.64384,29.2,29.5,29.98,28.14,45300,1309122,28.6,28.84
2026/04/16 15:04:31,03380,龙光集团,LOGAN GROUP,,1.27,0.0,0.0,1.27,1.28,1.28,1.25,1157000,1458110,1.26,1.27
2026/04/16 13:05:41,03382,天津港发展,TIANJINPORT DEV,,0.69,0.0,0.0,0.69,0.7,0.7,0.69,68504,47492,0.69,0.7
2026/04/16 14:59:47,03383,雅居乐集团,AGILE GROUP,,0.244,0.004,1.66667,0.24,0.244,0.244,0.239,225250,54538,0.24,0.244
2026/04/16 14:55:07,03389,亨得利,HENGDELI,,0.172,0.0,0.0,0.172,0.173,0.173,0.172,444000,76780,0.171,0.175
2026/04/16 15:07:40,03390,满贯集团,TYCOON GROUP,,0.26,-0.025,-8.77193,0.285,0.29,0.29,0.232,14004000,3552096,0.255,0.26
2026/04/16 15:08:58,03393,威胜控股,WASION HOLDINGS,,31.84,1.18,3.84866,30.66,31.04,31.84,30.42,3679000,114358720,31.78,31.82
2026/04/16 11:16:28,03395,吉星新能源,JX ENERGY,,0.26,0.0,0.0,0.26,0.26,0.26,0.26,29000,7540,0.25,0.26
2026/04/16 15:09:17,03396,联想控股,LEGENDHOLDING,,9.41,0.32,3.52035,9.09,9.11,9.5,9.11,5353000,49679424,9.41,9.43
2026/04/16 14:51:31,03398,华鼎控股,CHINA TING,,0.054,-0.006,-10.0,0.06,0.056,0.058,0.053,134000,7332,0.056,0.058
2026/04/16 15:07:36,03399,粤运交通,YUEYUN TRANS,,1.5,0.0,0.0,1.5,1.49,1.5,1.48,225000,336140,1.49,1.5
2026/04/16 15:08:55,03600,现代牙科,MODERN DENTAL,,6.43,-0.03,-0.4644,6.46,6.46,6.55,6.4,530000,3434640,6.42,6.44
2026/04/16 13:19:42,03601,鲁大师,LUDASHI,,0.83,0.0,0.0,0.83,0.83,0.83,0.83,50000,41500,0.82,0.84
2026/04/16 15:09:16,03603,信基沙溪,XINJI SHAXI,,0.084,0.023,37.70492,0.061,0.063,0.084,0.057,5883000,424890,0.08,0.084
2026/04/16 15:06:01,03606,福耀玻璃,FUYAO GLASS,,62.9,1.0,1.61551,61.9,61.75,63.5,61.75,613820,38376016,62.85,62.9
2026/04/16 15:07:51,03613,同仁堂国药,TONGRENTANGCM,,7.7,0.04,0.52219,7.66,7.68,7.74,7.65,785000,6032180,7.7,7.72
2026/04/16 13:00:30,03616,恒达集团控股,EVER REACH GP,,0.209,0.0,0.0,0.209,0.0,0.0,0.0,0,0,0.195,0.207
2026/04/16 15:08:58,03618,重庆农村商业银行,CQRC BANK,,6.95,-0.2,-2.7972,7.15,7.08,7.09,6.95,8353000,58471910,6.95,6.96
2026/04/16 11:15:35,03623,中国金融发展,C SUCCESS FIN,,0.74,0.0,0.0,0.74,0.0,0.0,0.0,0,0,0.71,0.74
2026/04/16 15:09:18,03625,傅里叶,FOURSEMI,,133.6,-3.1,-2.26774,136.7,136.7,149.0,131.5,468526,64945466,133.60001,134.0
2026/04/16 14:19:58,03626,启明东方控股,EAST NOVA HLDGS,,2.18,0.0,0.0,2.18,2.2,2.2,2.18,8000,17560,2.16,2.2
2026/04/16 13:00:22,03628,仁恒实业控股,RENHENG ENT,,0.195,0.0,0.0,0.195,0.0,0.0,0.0,0,0,0.172,0.21
2026/04/16 15:09:13,03633,中裕能源,ZHONGYU ENERGY,,2.74,0.01,0.3663,2.73,2.75,2.81,2.71,2408000,6583090,2.73,2.74
2026/04/16 15:08:48,03636,金浔资源,JINXUN RESOURCE,,26.22,0.14,0.53681,26.08,26.4,27.46,25.68,252200,6677964,26.34,26.5
2026/04/16 14:07:13,03638,亨利加集团,HUNLICAR GROUP,,8.71,-0.04,-0.45714,8.75,8.75,8.75,8.6,43000,372990,8.66,8.72
2026/04/16 14:44:48,03639,亿达中国,YIDA CHINA,,0.043,0.001,2.38095,0.042,0.042,0.043,0.042,120000,5156,0.04,0.044
2026/04/16 15:08:41,03650,KEEP,KEEP,,2.98,0.11,3.83275,2.87,2.86,3.02,2.83,914500,2691256,2.94,2.97
2026/04/16 14:58:22,03658,新希望服务,NEW HOPE SERV,,1.95,-0.04,-2.01005,1.99,1.98,1.98,1.95,274000,537140,1.98,2.0
2026/04/16 14:47:13,03660,奇富科技－Ｓ,QFIN-S,,55.9,0.55,0.99368,55.35,55.25,56.3,55.2,36600,2048515,55.85,55.95
2026/04/16 15:05:35,03662,星悦康旅,STARJOY W&T,,0.29,-0.005,-1.69492,0.295,0.295,0.305,0.29,231000,68090,0.29,0.295
2026/04/16 08:55:00,03666,上海小南国,SHANGHAI XNG,,0.024,0.0,0.0,0.024,0.0,0.0,0.0,0,0,0.0,0.0
2026/04/16 15:09:12,03668,兖煤澳大利亚,YANCOAL AUS,,38.66,-0.62,-1.57841,39.28,39.28,39.28,38.44,1519100,58915786,38.66,38.68
2026/04/16 15:09:14,03669,永达汽车,YONGDA AUTO,,1.15,0.0,0.0,1.15,1.15,1.16,1.13,1334500,1529181,1.15,1.16
2026/04/16 15:08:46,03677,正力新能,ZENERGY,,7.99,0.37,4.85564,7.62,7.74,8.1,7.7,13465500,107013786,7.98,7.99
2026/04/16 15:06:36,03678,弘业期货,HOLLY FUTURES,,2.84,0.0,0.0,2.84,2.86,2.89,2.83,3376000,9646480,2.84,2.85
2026/04/16 15:05:00,03680,瑞和数智,RUIHE DATA,,2.43,-0.08,-3.18725,2.51,2.51,2.51,2.3,8024000,19543750,2.41,2.44
2026/04/16 15:05:55,03681,中国抗体－Ｂ,SINOMAB BIO-B,,1.6,-0.09,-5.32544,1.69,1.66,1.7,1.6,4531500,7409106,1.6,1.61
2026/04/16 10:56:33,03683,荣丰亿控股,GREAT HARVEST,,0.064,0.0,0.0,0.064,0.0,0.0,0.0,0,0,0.062,0.064
2026/04/16 15:06:26,03686,祈福生活服务,CLIFFORDML,,0.75,0.0,0.0,0.75,0.77,0.77,0.75,90000,68100,0.75,0.76
2026/04/16 13:00:31,03688,莱蒙国际,TOP SPRING,,0.305,0.0,0.0,0.305,0.0,0.0,0.0,0,0,0.275,0.31
2026/04/16 11:41:29,03689,康华医疗,KANGHUA HEALTH,,2.06,0.0,0.0,2.06,0.0,0.0,0.0,0,0,2.04,2.15
2026/04/16 15:09:19,03690,美团－Ｗ,MEITUAN-W,,88.8,2.5,2.89687,86.3,86.85,89.45,86.0,34180310,3011283164,88.8,88.85
2026/04/16 15:09:20,03692,翰森制药,HANSOH PHARMA,,40.14,0.74,1.87817,39.4,39.58,40.18,39.42,6362665,253454146,40.14,40.16
2026/04/16 15:08:17,03696,英矽智能,INSILICO,,61.95,1.6,2.6512,60.35,60.85,62.95,60.0,2966900,182547827,61.9,61.95
2026/04/16 15:08:37,03698,徽商银行,HUISHANG BANK,,4.88,-0.04,-0.81301,4.92,4.92,4.92,4.8,6743000,32675530,4.87,4.88
2026/04/16 14:12:22,03699,光大永年,EB GRAND CHINA,,0.38,0.015,4.10959,0.365,0.37,0.38,0.37,6000,2240,0.36,0.38
2026/04/16 15:08:51,03700,映宇宙,INKEVERSE,,0.71,-0.03,-4.05405,0.74,0.74,0.74,0.69,1296000,915710,0.71,0.72
2026/04/16 13:16:15,03708,世界数字经济产业,WORLD DIGI ECON,,0.237,-0.01,-4.04858,0.247,0.234,0.26,0.233,3270000,791520,0.237,0.247
2026/04/16 15:06:38,03709,赢家时尚,EEKA FASHION,,6.48,0.08,1.25,6.4,6.39,6.61,6.39,859000,5594380,6.48,6.51
2026/04/16 15:08:57,03718,北控城市资源,BJ ENT URBAN,,0.43,0.0,0.0,0.43,0.43,0.435,0.43,3112000,1338220,0.425,0.43
2026/04/16 09:41:10,03728,正利控股,CHING LEE,,0.062,0.0,0.0,0.062,0.0,0.0,0.0,0,0,0.061,0.065
2026/04/16 15:03:47,03737,中智药业,ZHONGZHIPHARM,,0.85,0.01,1.19048,0.84,0.84,0.87,0.83,330000,280590,0.84,0.85
2026/04/16 15:08:56,03738,阜博集团,VOBILE GROUP,,3.83,0.17,4.64481,3.66,3.73,3.89,3.7,22356000,85136360,3.81,3.83
2026/04/16 15:09:18,03750,宁德时代,CATL,,709.5,54.0,8.23799,655.5,684.5,729.0,682.5,5106561,3635334954,709.5,710.0
2026/04/16 15:09:11,03759,康龙化成,PHARMARON,,21.94,0.36,1.66821,21.58,21.88,22.08,21.44,4035525,88122817,21.92,21.94
2026/04/16 14:38:02,03768,滇池水务,DCWT,,0.63,-0.01,-1.5625,0.64,0.63,0.63,0.63,96000,61430,0.63,0.64
2026/04/16 15:00:26,03773,银盛数惠,YS DIGIFAVOR,,2.18,-0.02,-0.90909,2.2,2.2,2.2,2.1,18000,39000,2.15,2.19
2026/04/16 11:27:38,03778,中国织材控股,CHINA WEAVING,,3.0,0.0,0.0,3.0,3.0,3.0,3.0,40000,120000,2.55,3.0
2026/04/16 15:08:24,03788,罕王黄金,HANKING GOLD,,4.01,0.1,2.55755,3.91,3.91,4.07,3.86,2747000,10978730,4.0,4.01
2026/04/16 10:33:54,03789,御佳控股,ROYAL DELUXE,,0.104,0.0,0.0,0.104,0.0,0.0,0.0,0,0,0.105,0.0
2026/04/16 13:56:15,03798,家乡互动,HOMELAND ITL,,1.33,0.02,1.52672,1.31,1.34,1.35,1.29,120000,161300,1.3,1.34
2026/04/16 15:09:00,03800,协鑫科技,GCL TECH,,0.99,0.01,1.02041,0.98,0.99,1.0,0.96,186461000,181997684,0.98,0.99
2026/04/16 15:09:06,03808,中国重汽,SINOTRUK,,42.78,-0.48,-1.10957,43.26,43.62,43.86,42.2,8180030,351518978,42.74,42.84
2026/04/16 13:23:28,03813,宝胜国际,POU SHENG INT'L,,0.4,-0.01,-2.43902,0.41,0.4,0.4,0.4,43000,17200,0.4,0.405
2026/04/16 15:07:24,03816,ＫＦＭ金德,KFM KINGDOM,,2.53,0.14,5.85774,2.39,2.4,2.57,2.4,408000,1013040,2.53,2.56
2026/04/16 15:07:45,03818,中国动向,CHINA DONGXIANG,,0.41,-0.005,-1.20482,0.415,0.415,0.42,0.405,3833000,1579905,0.405,0.41
2026/04/16 13:00:24,03822,三和建筑集团,SAM WOO CONS,,1.06,0.0,0.0,1.06,0.0,0.0,0.0,0,0,1.04,1.1
2026/04/16 14:24:40,03828,明辉国际,MING FAI INT'L,,0.79,-0.02,-2.46914,0.81,0.81,0.81,0.79,332000,264370,0.79,0.8
2026/04/16 13:59:38,03830,童园国际,KIDDIELAND,,0.205,-0.013,-5.9633,0.218,0.218,0.218,0.202,2295000,476085,0.205,0.215
2026/04/16 15:06:10,03833,新疆新鑫矿业,XINXIN MINING,,2.31,-0.04,-1.70213,2.35,2.32,2.33,2.28,3065200,7053606,2.31,2.33
2026/04/16 15:05:42,03836,和谐汽车,HARMONY AUTO,,1.07,0.05,4.90196,1.02,1.04,1.09,1.04,2716398,2862514,1.06,1.07
2026/04/16 15:06:24,03838,中国淀粉,CHINA STARCH,,0.176,0.001,0.57143,0.175,0.179,0.179,0.176,435000,77265,0.176,0.177
2026/04/16 15:08:37,03839,正大企业国际,CT ENTERPRISE,,6.67,-0.04,-0.59613,6.71,6.58,6.78,6.58,2400,15999,6.67,6.72
2026/04/16 09:34:58,03848,浩森金融科技,HAOSEN FINTECH,,11.22,-0.01,-0.08905,11.23,11.22,11.22,11.22,102000,1144440,11.22,0.0
2026/04/16 15:09:16,03858,佳鑫国际资源,JIAXIN INTL RES,,117.8,5.9,5.27257,111.9,113.8,127.6,110.1,7081585,858425808,117.6,117.8
2026/04/16 13:00:07,03860,ＥＰＳ创健科技,EPS HEALTH TECH,,0.56,0.0,0.0,0.56,0.0,0.0,0.0,0,0,0.53,0.56
2026/04/16 15:08:43,03866,青岛银行,BQD,,4.34,-0.03,-0.6865,4.37,4.39,4.39,4.31,2462500,10683405,4.33,4.34
2026/04/16 15:07:47,03868,信义能源,XINYI ENERGY,,1.19,0.01,0.84746,1.18,1.18,1.19,1.16,3306000,3878920,1.18,1.19
2026/04/16 09:00:10,03869,弘和仁爱医疗,HOSPITAL CORP,,3.5,0.0,0.0,3.5,0.0,0.0,0.0,0,0,0.0,3.99
2026/04/16 15:09:18,03877,中国船舶租赁,CSSC SHIPPING,,2.46,-0.01,-0.40486,2.47,2.47,2.48,2.45,8504600,20954658,2.46,2.47
2026/04/16 15:05:19,03878,VICON HOLDINGS,VICON HOLDINGS,,0.218,0.008,3.80952,0.21,0.216,0.218,0.216,170000,37040,0.218,0.238
2026/04/16 15:06:42,03880,泰德医药,MEDTIDE,,22.2,0.1,0.45249,22.1,22.0,22.28,21.76,92100,2036280,22.2,22.28
2026/04/16 15:09:20,03881,希迪智驾,CIDI,,32.62,-0.3,-0.9113,32.92,33.02,33.88,30.38,8293300,261505848,32.6,32.74
2026/04/16 13:36:17,03882,天彩控股,SKYLIGHT HLDG,,0.495,-0.005,-1.0,0.5,0.495,0.495,0.495,17000,8415,0.495,0.5
2026/04/16 14:30:54,03883,中国奥园,CHINA AOYUAN,,0.058,0.001,1.75439,0.057,0.058,0.059,0.057,1638355,95216,0.058,0.059
2026/04/16 15:08:16,03886,康健国际医疗,TOWN HEALTH,,0.238,-0.003,-1.24481,0.241,0.243,0.245,0.238,1196000,288374,0.238,0.242
2026/04/16 15:06:01,03887,HASHKEY HLDGS,HASHKEY HLDGS,,4.77,0.02,0.42105,4.75,4.75,4.87,4.75,486000,2324872,4.76,4.79
2026/04/16 15:09:17,03888,金山软件,KINGSOFT,,24.56,0.98,4.15606,23.58,23.98,24.74,23.8,14509676,354095867,24.56,24.58
2026/04/16 09:30:36,03889,大成玉米集团,GLOBAL CORN GP,,0.086,0.0,0.0,0.086,0.0,0.0,0.0,0,0,0.085,0.091
2026/04/16 14:51:53,03893,易纬集团,CROSSTEC,,1.07,0.03,2.88462,1.04,1.11,1.11,1.07,386000,418340,1.09,1.14
2026/04/16 15:09:14,03896,金山云,KINGSOFT CLOUD,,9.26,0.55,6.31458,8.71,8.9,9.35,8.76,101250329,923005376,9.25,9.26
2026/04/16 15:09:06,03898,时代电气,TIMES ELECTRIC,,37.98,-0.22,-0.57592,38.2,38.62,38.62,37.48,1872600,70983928,37.96,38.0
2026/04/16 15:09:06,03899,中集安瑞科,CIMC ENRIC,,10.8,0.03,0.27855,10.77,10.57,10.87,10.57,2070742,22213556,10.8,10.81
2026/04/16 15:09:04,03900,绿城中国,GREENTOWN CHINA,,9.09,-0.11,-1.19565,9.2,9.2,9.24,9.01,8295000,75292047,9.07,9.09
2026/04/16 08:55:00,03903,瀚华金控,HANHUA FIN,,0.168,0.0,0.0,0.168,0.0,0.0,0.0,0,0,0.0,0.0
2026/04/16 15:09:13,03908,中金公司,CICC,,19.95,0.69,3.58256,19.26,20.02,20.12,19.66,23126580,461001200,19.94,19.95
2026/04/16 15:02:17,03913,合景悠活,KWG LIVING,,0.186,0.002,1.08696,0.184,0.184,0.189,0.181,569049,103846,0.182,0.186
2026/04/16 15:08:33,03918,金界控股,NAGACORP,,4.14,-0.06,-1.42857,4.2,4.24,4.24,4.13,4354000,18096130,4.14,4.15
2026/04/16 13:00:11,03919,金力集团,GOLDENPOWER,,1.38,0.0,0.0,1.38,0.0,0.0,0.0,0,0,1.31,1.48
2026/04/16 15:02:43,03928,中国新零售供应链,CHINA NEXT-GEN,,18.05,-0.05,-0.27624,18.1,18.1,18.3,17.9,246000,4444620,17.89,18.1
2026/04/16 15:09:20,03931,中创新航,CALB,,37.64,0.34,0.91153,37.3,37.36,39.3,37.12,8398700,319822852,37.62,37.64
2026/04/16 15:09:06,03933,联邦制药,UNITED LAB,,10.23,-0.08,-0.77595,10.31,10.3,10.31,10.1,3500000,35620518,10.23,10.24
2026/04/16 14:54:22,03938,ＬＦＧ投资控股,LFG INV HLDGS,,3.7,-0.01,-0.26954,3.71,3.79,3.79,3.67,36000,133240,3.66,3.7
2026/04/16 15:09:04,03939,万国黄金集团,WANGUO GOLD GP,,13.34,0.01,0.07502,13.33,13.46,13.47,13.19,12828588,170979888,13.32,13.34
2026/04/16 15:09:19,03958,东方证券,DFZQ,,6.09,0.12,2.01005,5.97,6.07,6.14,5.98,8861200,53895968,6.09,6.1
2026/04/16 09:00:52,03963,融众金融,RONGZHONG FIN,,0.138,0.0,0.0,0.138,0.0,0.0,0.0,0,0,0.132,0.0
2026/04/16 15:09:14,03968,招商银行,CM BANK,,51.15,0.35,0.68898,50.8,51.0,51.45,51.0,10578620,541941384,51.1,51.15
2026/04/16 15:08:16,03969,中国通号,CHINA CRSC,,3.64,-0.02,-0.54645,3.66,3.63,3.65,3.6,2375000,8596015,3.63,3.64
2026/04/16 14:59:25,03978,卓越教育集团,BESTSTUDY EDU,,3.43,0.01,0.2924,3.42,3.42,3.47,3.4,173000,592960,3.42,3.44
2026/04/16 15:06:52,03983,中海石油化学,CHINA BLUECHEM,,2.76,-0.01,-0.36101,2.77,2.78,2.82,2.73,5715313,15783436,2.75,2.76
2026/04/16 15:09:19,03986,兆易创新,GIGADEVICE,,444.6,37.0,9.07753,407.6,409.0,452.0,398.8,1884991,815074686,444.39999,444.60001
2026/04/16 15:09:20,03988,中国银行,BANK OF CHINA,,5.12,-0.01,-0.19493,5.13,5.14,5.15,5.1,104814659,536688325,5.12,5.13
2026/04/16 15:01:24,03989,首创环境,CAPITAL ENV,,0.099,-0.004,-3.8835,0.103,0.103,0.105,0.098,2600000,256936,0.099,0.101
2026/04/16 15:03:42,03990,美的置业,MIDEA REAL EST,,3.44,-0.08,-2.27273,3.52,3.52,3.57,3.41,773000,2687646,3.43,3.44
2026/04/16 14:31:52,03991,长虹佳华,CHANGHONG JH,,1.13,0.0,0.0,1.13,1.13,1.13,1.13,400000,452000,1.13,1.14
2026/04/16 15:09:07,03993,洛阳钼业,CMOC,,19.58,0.26,1.34576,19.32,19.32,19.66,19.13,30906203,600828341,19.57,19.58
2026/04/16 15:09:13,03996,中国能源建设,CH ENERGY ENG,,1.26,0.01,0.8,1.25,1.25,1.27,1.25,46730000,58791794,1.26,1.27
2026/04/16 13:00:25,03997,电讯首科,TSO,,0.88,0.0,0.0,0.88,0.0,0.0,0.0,0,0,0.89,0.97
2026/04/16 15:09:19,03998,波司登,BOSIDENG,,4.14,0.1,2.47525,4.04,4.1,4.17,4.08,14688652,60485696,4.13,4.14
2026/04/16 09:31:32,03999,大成食品,DACHAN FOOD,,0.61,0.0,0.0,0.61,0.0,0.0,0.0,0,0,0.59,0.61
2026/04/16 09:05:34,04332,AMGEN-T,AMGEN-T,,0.0,0.0,0.0,0.0,0.0,0.0,0.0,0,0,0.185,0.0
2026/04/16 09:03:22,04333,思科－Ｔ,CISCO-T,,150.0,0.0,0.0,150.0,0.0,0.0,0.0,0,0,250.0,620.0
2026/04/16 09:02:40,04335,英特尔－Ｔ,INTEL-T,,0.0,0.0,0.0,0.0,0.0,0.0,0.0,0,0,100.0,0.0
2026/04/16 09:03:00,04336,应用材料－Ｔ,APPL MATERIAL-T,,0.0,0.0,0.0,0.0,0.0,0.0,0.0,0,0,700.0,0.0
2026/04/16 09:03:21,04337,星巴克－Ｔ,STARBUCKS-T,,0.0,0.0,0.0,0.0,0.0,0.0,0.0,0,0,500.0,0.0
2026/04/16 09:03:39,04338,微软－Ｔ,MICROSOFT-T,,0.0,0.0,0.0,0.0,0.0,0.0,0.0,0,0,2000.0,0.0
2026/04/16 15:09:17,06030,中信证券,CITIC SEC,,27.18,0.3,1.11607,26.88,27.2,27.7,27.1,11182500,306337298,27.18,27.24
2026/04/16 15:09:03,06031,三一重工,SANY HEAVY IND,,21.94,-0.26,-1.17117,22.2,22.02,22.5,21.62,3103600,67823612,21.92,21.94
2026/04/16 14:17:22,06033,电讯数码控股,TELECOM DIGIT,,0.57,0.0,0.0,0.57,0.57,0.57,0.57,13000,7410,0.57,0.6
2026/04/16 15:03:08,06036,光丽科技,APEX ACE HLDG,,0.485,0.0,0.0,0.485,0.48,0.5,0.48,430000,209800,0.485,0.5
2026/04/16 15:05:53,06038,信越控股,G & M HLDGS,,0.395,0.02,5.33333,0.375,0.38,0.395,0.38,90000,34700,0.375,0.39
2026/04/16 15:09:05,06049,保利物业,POLY PPT SER,,31.68,-0.02,-0.06309,31.7,31.88,31.88,31.54,412800,13074316,31.66,31.68
2026/04/16 15:09:10,06055,中烟香港,CTIHK,,31.74,1.04,3.38762,30.7,30.98,31.94,30.7,2175000,68514210,31.68,31.74
2026/04/16 15:05:51,06058,兴证国际,CISI FIN,,0.54,0.02,3.84615,0.52,0.52,0.55,0.52,5536000,2998320,0.54,0.55
2026/04/16 15:09:18,06060,众安在线,ZA ONLINE,,12.76,0.08,0.63092,12.68,12.78,12.81,12.63,6899000,87763891,12.76,12.77
2026/04/16 14:43:17,06063,智中国际,LOTUS HORIZON,,0.44,-0.01,-2.22222,0.45,0.45,0.46,0.435,8328000,3698560,0.435,0.445
2026/04/16 15:09:03,06066,中信建投证券,CSC,,11.14,0.19,1.73516,10.95,11.01,11.3,11.01,2785500,31121690,11.14,11.17
2026/04/16 15:05:11,06068,光正教育,WISDOM EDU INTL,,0.067,-0.004,-5.6338,0.071,0.068,0.068,0.067,30000,2036,0.067,0.071
2026/04/16 15:08:00,06069,盛业,SY HOLDINGS,,9.61,0.02,0.20855,9.59,9.83,9.83,9.5,6821500,65629650,9.61,9.66
2026/04/16 15:09:12,06078,海吉亚医疗,HYGEIA HEALTH,,12.46,-0.02,-0.16026,12.48,12.48,12.55,12.31,2331600,28909657,12.42,12.46
2026/04/16 13:21:15,06080,荣智控股,WING CHI HLDGS,,0.126,-0.004,-3.07692,0.13,0.13,0.135,0.124,702000,91410,0.126,0.133
2026/04/16 15:09:11,06082,壁仞科技,BIREN TECH,,48.62,10.04,26.02385,38.58,39.0,49.26,38.72,31408768,1405868343,48.58,48.66
2026/04/16 14:55:53,06083,环宇物流（亚洲）,WORLD-LINK LOG,,0.59,0.01,1.72414,0.58,0.59,0.59,0.58,208000,121480,0.55,0.59
2026/04/16 15:03:59,06086,方舟健客,FANGZHOU JIANKE,,1.39,0.02,1.45985,1.37,1.37,1.42,1.33,1113000,1552875,1.39,1.4
2026/04/16 15:09:17,06088,FIT HON TENG,FIT HON TENG,,7.87,0.37,4.93333,7.5,7.63,7.95,7.36,48503015,374932805,7.85,7.87
2026/04/16 15:09:19,06090,不同集团,BUTONG GROUP,,41.88,1.52,3.76611,40.36,41.0,46.16,40.7,11300130,484521297,41.86,41.92
2026/04/16 15:06:23,06093,和泓服务,HEVOL SERVICES,,0.67,0.0,0.0,0.67,0.0,0.0,0.0,0,0,0.68,0.73
2026/04/16 15:09:14,06098,碧桂园服务,CG SERVICES,,6.31,-0.04,-0.62992,6.35,6.31,6.34,6.29,4018414,25350286,6.31,6.32
2026/04/16 15:08:17,06099,招商证券,CMSC,,14.01,0.13,0.9366,13.88,14.0,14.15,13.88,2031200,28477788,14.01,14.03
2026/04/16 15:04:09,06100,同道猎聘,TONGDAO LIEPIN,,2.8,0.03,1.08303,2.77,2.8,2.87,2.74,607800,1702140,2.8,2.81
2026/04/16 15:05:34,06108,新锐医药,NEW RAY MEDIC,,0.204,-0.01,-4.6729,0.214,0.213,0.213,0.204,112800,23812,0.204,0.208
2026/04/16 15:09:14,06110,滔搏,TOPSPORTS,,2.89,0.07,2.48227,2.82,2.82,2.89,2.82,5817000,16624948,2.88,2.89
2026/04/16 15:00:01,06113,比特策略,BITSTRAT HLDGS,,1.09,-0.02,-1.8018,1.11,1.13,1.29,1.09,26000,30620,1.08,1.16
2026/04/16 14:40:04,06117,日照港裕廊,RIZHAO PORT JR,,0.66,0.0,0.0,0.66,0.0,0.0,0.0,0,0,0.66,0.68
2026/04/16 14:55:36,06118,奥星生命科技,AUSTAR,,0.8,-0.05,-5.88235,0.85,0.9,0.9,0.8,546000,446600,0.8,0.82
2026/04/16 08:55:00,06119,天源集团,TIAN YUAN GP,,0.44,0.0,0.0,0.44,0.0,0.0,0.0,0,0,0.0,0.0
2026/04/16 13:42:04,06123,圆通国际快递,YTO INTL EXP,,1.42,0.0,0.0,1.42,1.42,1.42,1.42,58000,82360,1.43,1.46
2026/04/16 15:08:40,06127,昭衍新药,JOINN,,22.96,0.14,0.6135,22.82,22.8,23.12,22.32,2532392,57678268,22.96,22.98
2026/04/16 15:01:25,06128,烯石电车新材料,GRAPHEX GROUP,,0.055,-0.001,-1.78571,0.056,0.056,0.059,0.053,6010000,325140,0.054,0.055
2026/04/16 08:55:00,06133,维太创科,VITAL INNO,,0.27,0.0,0.0,0.27,0.0,0.0,0.0,0,0,0.0,0.0
2026/04/16 14:49:41,06136,康达环保,KANGDA ENV,,0.74,0.02,2.77778,0.72,0.72,0.74,0.72,300000,220480,0.73,0.74
2026/04/16 15:05:08,06138,哈尔滨银行,HARBIN BANK,,0.34,0.0,0.0,0.34,0.34,0.345,0.335,937000,320290,0.34,0.345
2026/04/16 14:55:07,06158,正荣地产,ZHENRO PPT,,0.018,0.0,0.0,0.018,0.016,0.02,0.016,446000,8134,0.018,0.019
2026/04/16 15:08:53,06160,百济神州,BEONE MEDICINES,,196.1,5.6,2.93963,190.5,193.0,196.8,192.0,3601590,701389276,196.0,196.10001
2026/04/16 14:40:39,06162,天瑞汽车内饰,TR INTERIORS,,0.177,-0.001,-0.5618,0.178,0.184,0.184,0.171,1096000,195408,0.177,0.179
2026/04/16 10:33:58,06163,彭顺国际,GEMILANG INTL,,0.275,0.005,1.85185,0.27,0.275,0.275,0.275,8000,2200,0.27,0.3
2026/04/16 15:08:53,06166,剑桥科技,CIG,,90.8,4.45,5.15345,86.35,85.95,91.4,84.55,4865995,430617897,90.8,90.85
2026/04/16 15:08:53,06168,周六福,ZHOU LIU FU,,18.55,0.35,1.92308,18.2,18.0,18.55,18.0,526900,9682299,18.51,18.55
2026/04/16 15:00:01,06169,宇华教育,YUHUA EDU,,0.47,0.005,1.07527,0.465,0.485,0.485,0.46,1122000,524750,0.46,0.47
2026/04/16 15:07:12,06178,光大证券,EB SECURITIES,,8.14,0.06,0.74257,8.08,8.08,8.2,8.08,2722600,22155476,8.12,8.14
2026/04/16 15:08:36,06181,老铺黄金,LAOPU GOLD,,651.5,-21.5,-3.19465,673.0,673.0,680.0,648.0,652916,429875336,651.0,651.5
2026/04/16 08:55:00,06182,乙德投资控股,TWINTEK,,0.74,0.0,0.0,0.74,0.0,0.0,0.0,0,0,0.0,0.0
2026/04/16 15:08:51,06185,康希诺生物,CANSINOBIO,,35.36,1.12,3.27103,34.24,34.34,35.4,33.98,899200,31289254,35.36,35.4
2026/04/16 15:08:40,06186,中国飞鹤,CHINA FEIHE,,3.41,0.01,0.29412,3.4,3.42,3.42,3.33,18701000,63242339,3.4,3.41
2026/04/16 13:00:30,06188,迪信通,BJ DIGITAL,,0.42,0.0,0.0,0.42,0.0,0.0,0.0,0,0,0.355,0.415
2026/04/16 08:55:00,06189,爱得威建设集团,ADWAY,,0.072,0.0,0.0,0.072,0.0,0.0,0.0,0,0,0.0,0.0
2026/04/16 13:00:22,06190,九江银行,BANKOFJIUJIANG,,2.31,0.0,0.0,2.31,0.0,0.0,0.0,0,0,2.2,2.27
2026/04/16 14:27:48,06193,泰林科建,TAILAM TECHCON,,0.29,0.005,1.75439,0.285,0.3,0.325,0.29,178000,55230,0.29,0.32
2026/04/16 15:07:41,06196,郑州银行,BANKOFZHENGZHOU,,1.02,0.01,0.9901,1.01,1.02,1.02,1.01,2186000,2223190,1.01,1.02
2026/04/16 15:08:53,06198,青岛港,QINGDAO PORT,,7.66,0.27,3.65359,7.39,7.4,7.66,7.4,3913000,29701925,7.65,7.66
2026/04/16 15:08:02,06199,贵州银行,BANK OF GUIZHOU,,0.99,0.0,0.0,0.99,0.99,0.99,0.99,60000,59400,0.98,0.99
2026/04/16 15:08:28,06600,卧安机器人,ONEROBOTICS,,116.8,-1.2,-1.01695,118.0,120.0,124.4,113.8,593707,69779406,116.7,116.9
2026/04/16 15:06:10,06601,朝云集团,CHEERWIN GP,,2.36,-0.02,-0.84034,2.38,2.38,2.39,2.34,707000,1671019,2.35,2.36
2026/04/16 15:08:29,06603,IFBH,IFBH,,11.21,-0.32,-2.77537,11.53,11.53,11.54,11.03,1950800,21919428,11.21,11.23
2026/04/16 15:08:27,06608,百融云－Ｗ,BAIRONG-W,,7.26,0.12,1.68067,7.14,7.31,7.5,7.05,1359500,9836445,7.25,7.26
2026/04/16 15:06:53,06609,心玮医疗－Ｂ,HEARTCARE-B,,54.2,-1.5,-2.693,55.7,55.95,55.95,53.3,102950,5555245,54.05,54.25
2026/04/16 15:07:52,06610,飞天云动,FLOWING CLOUD,,1.55,-0.38,-19.68912,1.93,1.93,1.93,1.38,3042451,4971635,1.55,1.56
2026/04/16 08:55:00,06611,三巽集团,SANXUN GROUP,,0.046,0.0,0.0,0.046,0.0,0.0,0.0,0,0,0.0,0.0
2026/04/16 15:08:51,06613,蓝思科技,LENS,,16.97,-2.69,-13.6826,19.66,18.15,18.15,15.68,57892086,957462148,16.96,16.97
2026/04/16 15:07:45,06616,环球新材国际,GLOBAL NEW MAT,,7.15,-0.15,-2.0548,7.3,7.39,7.62,6.88,2799000,20324956,7.15,7.16
2026/04/16 15:08:48,06618,京东健康,JD HEALTH,,49.84,0.78,1.58989,49.06,48.96,50.3,48.74,3851230,191633362,49.84,49.86
2026/04/16 15:08:52,06622,兆科眼科－Ｂ,ZHAOKE OPHTH-B,,3.16,0.11,3.60656,3.05,3.07,3.16,3.02,833000,2562920,3.13,3.16
2026/04/16 08:55:00,06623,陆控,LUFAX,,10.9,0.0,0.0,10.9,0.0,0.0,0.0,0,0,0.0,0.0
2026/04/16 14:35:31,06626,越秀服务,YUEXIU SERVICES,,1.73,-0.01,-0.57471,1.74,1.75,1.75,1.72,802500,1393860,1.73,1.74
2026/04/16 15:08:51,06628,创胜集团医药－Ｂ,TRANSCENTA-B,,2.69,-0.11,-3.92857,2.8,2.8,2.8,2.69,739500,2017160,2.69,2.71
2026/04/16 09:01:14,06633,青瓷游戏,QINGCI GAMES,,2.77,0.0,0.0,2.77,0.0,0.0,0.0,0,0,2.71,0.0
2026/04/16 15:07:54,06636,极视角,EXTREME VISION,,97.65,3.45,3.66242,94.2,95.95,105.5,93.35,642600,64316312,97.65,97.85
2026/04/16 08:55:00,06639,瑞尔集团,ARRAIL GROUP,,1.83,0.0,0.0,1.83,0.0,0.0,0.0,0,0,0.0,0.0
2026/04/16 15:08:36,06651,五一视界,51WORLD,,56.2,-0.3,-0.53097,56.5,56.4,59.8,52.25,16477314,919837309,56.15,56.2
2026/04/16 15:07:51,06655,华新建材,HX BLDG MAT,,17.62,0.14,0.80092,17.48,17.5,17.8,17.28,1979608,34709307,17.57,17.62
2026/04/16 15:08:52,06656,思格新能,SIGENERGY,,650.0,325.79999,100.49352,324.20001,581.0,650.0,560.5,7039616,4161142533,649.5,650.0
2026/04/16 14:53:12,06657,百望股份,BAIWANG CO,,14.6,-0.4,-2.66667,15.0,15.01,15.01,14.6,1200,17601,14.6,14.98
2026/04/16 15:08:08,06660,艾美疫苗,AIM VACCINE,,2.93,-0.11,-3.61842,3.04,2.95,3.1,2.89,4146400,12315198,2.92,2.94
2026/04/16 08:55:00,06661,湖州燃气,HUZHOU GAS,,5.28,0.0,0.0,5.28,0.0,0.0,0.0,0,0,0.0,0.0
2026/04/16 14:35:38,06663,国际永胜集团,IWS GROUP,,0.26,-0.01,-3.7037,0.27,0.27,0.27,0.255,140000,37250,0.26,0.275
2026/04/16 15:08:51,06666,恒大物业,EVERG SERVICES,,1.36,0.17,14.28571,1.19,1.2,1.39,1.2,165074908,213175336,1.35,1.36
2026/04/16 13:42:06,06667,美因基因,MEGA GENOMICS,,7.31,0.0,0.0,7.31,7.31,7.31,7.31,10200,74562,7.31,7.5
2026/04/16 14:56:22,06668,星盛商业,E-STAR CM,,1.36,-0.01,-0.72993,1.37,1.36,1.36,1.35,217000,295000,1.36,1.37
2026/04/16 15:08:48,06669,先瑞达医疗－Ｂ,ACOTEC-B,,11.16,-0.29,-2.53275,11.45,11.4,11.47,11.02,187000,2088400,11.12,11.17
2026/04/16 15:03:25,06676,找钢网－Ｗ,ZG GROUP-W,,1.3,0.02,1.5625,1.28,1.29,1.32,1.26,1182000,1524240,1.3,1.33
2026/04/16 14:23:27,06677,远洋服务,SINO-OCEAN SERV,,0.35,0.0,0.0,0.35,0.35,0.35,0.35,232500,81375,0.34,0.35
2026/04/16 15:08:30,06680,金力永磁,JLMAG,,21.06,0.48,2.33236,20.58,20.9,21.3,20.56,3890800,81746417,21.04,21.06
2026/04/16 15:08:35,06681,脑动极光－Ｂ,BRAINAURORA-B,,4.2,0.01,0.23866,4.19,4.23,4.31,4.17,8087000,34117960,4.2,4.21
2026/04/16 15:09:18,06682,范式智能,PHANCY,,40.64,0.78,1.95685,39.86,40.58,40.92,39.88,2943100,119058549,40.62,40.64
2026/04/16 15:09:20,06683,巨星传奇,STARPLUS LEGEND,,6.2,0.09,1.473,6.11,6.15,6.26,6.15,8157000,50684560,6.19,6.2
2026/04/16 15:08:19,06686,诺亚控股,NOAH HOLDINGS,,17.46,-0.24,-1.35593,17.7,17.5,17.5,17.37,4500,78711,17.47,17.5
2026/04/16 15:09:20,06687,聚水潭,JST GROUP,,20.26,1.24,6.51945,19.02,19.06,20.7,19.06,2792400,56007860,20.16,20.28
2026/04/16 15:09:16,06690,海尔智家,HAIER SMARTHOME,,21.2,0.28,1.33843,20.92,20.8,21.28,20.8,10641363,224403416,21.18,21.2
2026/04/16 15:09:07,06693,赤峰黄金,CHIFENG GOLD,,42.08,0.28,0.66986,41.8,42.5,42.5,41.52,3791779,158842347,42.08,42.1
2026/04/16 08:55:00,06696,多想云,MANY IDEA CLOUD,,2.94,0.0,0.0,2.94,0.0,0.0,0.0,0,0,0.0,0.0
2026/04/16 15:06:16,06698,星空华文,STAR CM,,1.05,0.05,5.0,1.0,1.0,1.08,1.0,84200,88163,1.05,1.06
2026/04/16 15:09:20,06699,时代天使,ANGELALIGN,,90.3,-0.1,-0.11062,90.4,90.4,91.5,89.35,794990,71823981,90.15,90.3
2026/04/16 14:42:41,06805,金茂源环保,KIMOU ENVIRON,,2.88,0.0,0.0,2.88,2.88,2.9,2.79,104000,294460,2.81,2.89
2026/04/16 15:09:09,06806,申万宏源,SWHY,,2.89,0.03,1.04895,2.86,2.88,2.92,2.87,9292000,26906544,2.89,2.9
2026/04/16 15:06:10,06808,高鑫零售,SUNART RETAIL,,1.49,0.04,2.75862,1.45,1.46,1.49,1.4,8767000,12592857,1.48,1.49
2026/04/16 15:09:15,06809,澜起科技,MONTAGE TECH,,216.0,13.6,6.71937,202.4,202.4,224.0,199.4,2020813,437989758,215.39999,216.0
2026/04/16 14:47:19,06811,太兴集团,TAI HING GROUP,,1.09,0.0,0.0,1.09,1.09,1.09,1.09,169000,184210,1.09,1.1
2026/04/16 11:54:28,06812,永顺控股香港,WINSON HLDGS HK,,0.295,-0.005,-1.66667,0.3,0.295,0.295,0.295,5000,1475,0.3,0.325
2026/04/16 08:55:00,06816,瑞港建设,PROSPER CONS,,0.19,0.0,0.0,0.19,0.0,0.0,0.0,0,0,0.0,0.0
2026/04/16 15:09:21,06818,中国光大银行,CEB BANK,,3.18,0.05,1.59744,3.13,3.14,3.19,3.12,15616153,49427561,3.17,3.18
2026/04/16 14:44:31,06820,友谊时光,FRIENDTIMES,,0.475,-0.01,-2.06186,0.485,0.495,0.495,0.475,108000,51900,0.475,0.48
2026/04/16 15:08:35,06821,凯莱英,ASYMCHEM,,99.85,1.2,1.21642,98.65,100.4,101.8,98.65,252300,25309175,99.85,100.0
2026/04/16 09:10:54,06822,科劲国际,KING'S FLAIR,,0.4,0.0,0.0,0.4,0.0,0.0,0.0,0,0,0.375,0.42
2026/04/16 15:09:10,06823,香港电讯－ＳＳ,HKT-SS,,12.47,0.13,1.05349,12.34,12.33,12.55,12.3,11368735,141242851,12.47,12.48
2026/04/16 15:06:35,06826,昊海生物科技,HAOHAI BIOTEC,,21.86,-0.08,-0.36463,21.94,22.02,22.04,21.78,109420,2393560,21.86,21.9
2026/04/16 14:38:18,06828,北京燃气蓝天,BG BLUE SKY,,0.036,-0.002,-5.26316,0.038,0.036,0.036,0.036,136000,4896,0.036,0.038
2026/04/16 15:01:32,06829,龙升集团控股,DRAGON RISE GP,,2.44,-0.11,-4.31373,2.55,2.51,2.51,2.44,60000,148700,2.44,2.52
2026/04/16 10:27:36,06830,华众车载,HUAZHONG IN-V,,0.238,-0.006,-2.45902,0.244,0.233,0.238,0.232,272000,63378,0.233,0.238
2026/04/16 15:09:00,06831,绿茶集团,GREEN TEA GROUP,,8.57,0.17,2.02381,8.4,8.57,8.6,8.38,2794800,23686452,8.55,8.58
2026/04/16 14:11:57,06833,兴科蓉医药,SINCO PHARMA,,0.171,0.001,0.58824,0.17,0.171,0.171,0.171,80000,13680,0.171,0.179
2026/04/16 13:00:30,06838,盈利时,WINOX,,0.221,0.0,0.0,0.221,0.0,0.0,0.0,0,0,0.22,0.234
2026/04/16 14:27:34,06839,云南水务,YUNNAN WATER,,0.117,0.0,0.0,0.117,0.0,0.0,0.0,0,0,0.116,0.12
2026/04/16 15:09:21,06855,亚盛医药－Ｂ,ASCENTAGE-B,,53.5,0.4,0.7533,53.1,53.7,54.0,52.55,2419240,129117441,53.4,53.5
2026/04/16 13:22:30,06858,本间高尔夫,HONMAGOLF,,3.0,0.0,0.0,3.0,0.0,0.0,0.0,0,0,2.8,3.01
2026/04/16 11:58:13,06860,指尖悦动,FINGERTANGO,,0.185,0.0,0.0,0.185,0.187,0.187,0.185,37000,6873,0.178,0.185
2026/04/16 15:09:15,06862,海底捞,HAIDILAO,,15.39,0.92,6.35798,14.47,14.6,15.47,14.6,27775589,424402440,15.38,15.39
2026/04/16 15:07:53,06865,福莱特玻璃,FLAT GLASS,,9.55,0.32,3.46696,9.23,9.35,9.64,9.26,3214401,30387323,9.51,9.55
2026/04/16 13:34:11,06866,佐力小贷,ZUOLI M-FIN,,0.315,-0.01,-3.07692,0.325,0.315,0.32,0.315,100000,31830,0.32,0.335
2026/04/16 11:53:16,06868,天福,TENFU,,2.82,-0.04,-1.3986,2.86,2.87,2.87,2.82,3000,8560,2.78,2.86
2026/04/16 15:09:20,06869,长飞光纤光缆,YOFC,,217.4,11.8,5.7393,205.6,203.0,221.2,199.0,16482076,3491882245,217.39999,217.8
2026/04/16 15:07:17,06877,TE HEALTHCARE,TE HEALTHCARE,,0.136,0.001,0.74074,0.135,0.136,0.142,0.136,1770000,244765,0.135,0.14
2026/04/16 08:55:00,06878,鼎丰集团汽车,DIFFER GP AUTO,,0.037,0.0,0.0,0.037,0.0,0.0,0.0,0,0,0.0,0.0
2026/04/16 15:09:04,06881,中国银河,CGS,,8.73,0.07,0.80831,8.66,8.76,8.85,8.68,14339000,125458707,8.73,8.75
2026/04/16 14:39:15,06882,东瀛游,EGL HOLDINGS,,0.5,0.0,0.0,0.5,0.5,0.52,0.5,102000,51500,0.5,0.51
2026/04/16 08:55:00,06883,颖通控股,ETERNAL BEAUTY,,2.03,0.0,0.0,2.03,0.0,0.0,0.0,0,0,0.0,0.0
2026/04/16 15:06:21,06885,金马能源,JINMA ENERGY,,1.05,-0.02,-1.86916,1.07,1.06,1.06,1.05,271000,287050,1.05,1.06
2026/04/16 15:09:21,06886,HTSC,HTSC,,16.36,0.37,2.31395,15.99,15.99,16.46,15.99,9731000,158444895,16.36,16.37
2026/04/16 15:09:02,06887,东阳光药,SUNSHINE PHARMA,,44.8,0.62,1.40335,44.18,43.6,44.98,43.56,258790,11577877,44.6,44.8
2026/04/16 13:00:10,06888,英达公路再生科技,FREETECH,,0.137,0.0,0.0,0.137,0.0,0.0,0.0,0,0,0.13,0.137
2026/04/16 14:27:18,06889,DYNAM JAPAN,DYNAM JAPAN,,3.3,-0.05,-1.49254,3.35,3.28,3.3,3.28,4400,14498,3.3,3.34
2026/04/16 09:00:53,06890,康利国际控股,KANGLI INT HLDG,,0.35,0.0,0.0,0.35,0.0,0.0,0.0,0,0,0.345,0.355
2026/04/16 14:51:28,06893,衍生集团,HINSANG GROUP,,0.25,0.006,2.45902,0.244,0.231,0.25,0.231,214000,51966,0.236,0.25
2026/04/16 14:40:52,06896,金嗓子,GOLDEN THROAT,,3.68,-0.03,-0.80863,3.71,3.69,3.69,3.64,428000,1567285,3.65,3.69
2026/04/16 15:08:39,06898,中国铝罐,CHINA ALUMCAN,,0.66,-0.08,-10.81081,0.74,0.69,0.69,0.66,62000,41820,0.67,0.68
2026/04/16 08:55:00,06899,联众,OURGAME,,0.23,0.0,0.0,0.23,0.0,0.0,0.0,0,0,0.0,0.0
2026/04/16 14:43:10,06908,宏光半导体,HG SEMI,,0.44,0.005,1.14943,0.435,0.435,0.445,0.425,721000,311885,0.435,0.44
2026/04/16 14:53:07,06909,百得利控股,BETTERLIFE HLDG,,0.33,-0.01,-2.94118,0.34,0.34,0.34,0.33,346000,114380,0.325,0.33
2026/04/16 13:54:32,06911,澜沧古茶,LANCANG TEA,,2.99,0.0,0.0,2.99,0.0,0.0,0.0,0,0,2.38,3.4
2026/04/16 15:02:18,06913,华南职业教育,SCVE GROUP,,0.192,-0.016,-7.69231,0.208,0.199,0.202,0.192,1346000,263226,0.191,0.195
2026/04/16 15:08:10,06918,奇士达,KIDZTECH,,0.158,0.0,0.0,0.158,0.158,0.16,0.155,37836000,6053076,0.156,0.159
2026/04/16 15:07:08,06919,人瑞人才,RENRUI HR,,3.79,0.09,2.43243,3.7,3.8,3.81,3.7,228200,867755,3.7,3.81
2026/04/16 15:02:15,06922,康沣生物－Ｂ,CRYOFOCUS-B,,5.79,0.13,2.29682,5.66,5.78,5.91,5.66,104000,602434,5.72,5.81
2026/04/16 15:04:58,06928,万马控股,TOMO HOLDINGS,,0.238,-0.01,-4.03226,0.248,0.223,0.255,0.223,1088000,252052,0.232,0.238
2026/04/16 14:57:44,06929,业聚医疗,ORBUSNEICH,,4.0,-0.06,-1.47783,4.06,4.02,4.02,4.0,34500,138330,3.91,4.02
2026/04/16 14:50:30,06933,新娱科控股,SINO-ENTERTAIN,,0.76,0.02,2.7027,0.74,0.74,0.78,0.74,1178000,897180,0.73,0.78
2026/04/16 15:08:16,06936,顺丰控股,SF HOLDING,,35.9,-0.24,-0.66408,36.14,36.4,36.4,35.66,1379600,49541816,35.9,35.96
2026/04/16 15:07:35,06938,瑞博生物－Ｂ,RIBOLIFE-B,,66.1,-4.9,-6.90141,71.0,70.25,70.25,66.0,308600,20769620,66.0,66.1
2026/04/16 14:42:03,06939,美佳音控股,MEGAIN,,1.72,-0.01,-0.57804,1.73,1.73,1.75,1.69,606000,1037440,1.7,1.73
2026/04/16 15:08:38,06955,博安生物,BOAN BIOTECH,,7.15,-0.13,-1.78571,7.28,7.3,7.3,7.0,3409800,24135684,7.14,7.15
2026/04/16 11:27:53,06958,正荣服务,ZHENRO SERVICES,,0.099,-0.002,-1.9802,0.101,0.106,0.106,0.099,557000,57355,0.099,0.107
2026/04/16 14:23:17,06959,长久股份,CHANGJIU HLDGS,,3.8,-0.08,-2.06186,3.88,3.91,4.0,3.8,38800,149944,3.81,4.0
2026/04/16 15:05:08,06960,双登股份,SHUANGDENG,,14.39,0.41,2.93276,13.98,14.16,14.48,14.09,539000,7709095,14.37,14.41
2026/04/16 15:06:58,06963,阳光保险,SUNSHINE INS,,3.66,-0.02,-0.54348,3.68,3.7,3.7,3.62,15585000,56902588,3.65,3.66
2026/04/16 15:02:13,06966,中国万桐园,C WAN TONG YUAN,,0.51,-0.01,-1.92308,0.52,0.51,0.51,0.51,20000,10200,0.47,0.54
2026/04/16 15:07:10,06968,港龙中国地产,GANGLONG CHINA,,0.075,0.0,0.0,0.075,0.075,0.08,0.073,2038000,159657,0.075,0.077
2026/04/16 15:08:35,06969,思摩尔国际,SMOORE INTL,,9.45,0.1,1.06952,9.35,9.53,9.7,9.35,10176000,96288496,9.44,9.45
2026/04/16 15:08:30,06978,永泰生物－Ｂ,IMMUNOTECH-B,,3.59,-0.08,-2.17984,3.67,3.6,3.68,3.55,660200,2370232,3.59,3.62
2026/04/16 15:08:23,06979,珍酒李渡,ZJLD,,8.88,0.11,1.25428,8.77,8.78,8.93,8.73,3700061,32696356,8.85,8.88
2026/04/16 15:05:25,06980,八马茶业,BAMA TEA,,28.28,1.82,6.87831,26.46,27.0,28.28,26.94,52400,1456196,27.88,28.28
2026/04/16 15:04:03,06988,乐享集团,JOY SPREADER,,0.108,-0.022,-16.92308,0.13,0.13,0.13,0.1,38896000,4278605,0.108,0.109
2026/04/16 15:06:21,06989,卓越商企服务,EXCELLENCE CM,,0.64,0.0,0.0,0.64,0.64,0.65,0.63,444000,282710,0.64,0.65
2026/04/16 15:08:40,06990,科伦博泰生物,SKB BIO,,519.5,0.5,0.09634,519.0,516.0,523.5,504.0,406818,208620012,520.0,520.5
2026/04/16 15:01:42,06993,蓝月亮集团,BLUE MOON GROUP,,3.01,0.02,0.6689,2.99,2.98,3.02,2.98,2119000,6370830,3.0,3.01
2026/04/16 15:08:50,06996,德琪医药－Ｂ,ANTENGENE-B,,6.05,-0.1,-1.62602,6.15,6.14,6.23,5.98,3436050,20865529,6.05,6.06
2026/04/16 15:08:02,06998,亿腾嘉和,EDDING GENOR,,3.21,0.01,0.3125,3.2,3.2,3.35,3.1,4234000,13733350,3.21,3.23
2026/04/16 08:55:00,06999,领地控股,LEADING HLDGS,,0.117,0.0,0.0,0.117,0.0,0.0,0.0,0,0,0.0,0.0
2026/04/16 15:08:30,07489,岚图汽车,VOYAH AUTO,,6.77,-0.14,-2.02605,6.91,7.06,7.06,6.68,8833279,60894626,6.76,6.78
2026/04/16 15:08:42,07618,京东工业,JD INDUSTRIALS,,14.9,-0.1,-0.66667,15.0,15.0,15.1,14.34,2436400,35927098,14.89,14.9
2026/04/16 14:52:44,08003,世大控股,GREAT WORLD,,0.114,0.0,0.0,0.114,0.114,0.118,0.11,72000,8328,0.115,0.118
2026/04/16 14:56:56,08005,裕兴科技,YUXING INFOTECH,,0.069,-0.001,-1.42857,0.07,0.07,0.07,0.069,72000,5008,0.069,0.08
2026/04/16 14:31:17,08006,华泰瑞银,SINO SPLENDID,,0.086,-0.004,-4.44444,0.09,0.086,0.086,0.086,101437,8711,0.087,0.096
2026/04/16 15:03:50,08007,环球战略集团,GLOBALSTRAT,,0.54,-0.03,-5.26316,0.57,0.57,0.61,0.5,1912000,1079240,0.52,0.54
2026/04/16 09:30:38,08013,ECI TECH,ECI TECH,,0.062,0.0,0.0,0.062,0.0,0.0,0.0,0,0,0.056,0.063
2026/04/16 15:01:57,08017,捷利交易宝,TRADEGO,,1.22,-0.03,-2.4,1.25,1.24,1.25,1.21,1228000,1514400,1.22,1.23
2026/04/16 14:41:49,08018,汇财金融投资,FINSOFT FIN,,0.045,0.0,0.0,0.045,0.045,0.045,0.045,10000,450,0.045,0.048
2026/04/16 10:21:49,08019,皓文控股,HAO WEN HLDGS,,0.214,0.0,0.0,0.214,0.0,0.0,0.0,0,0,0.0,0.255
2026/04/16 13:57:27,08020,宏海控股集团,UNITAS HOLD,,0.022,-0.001,-4.34783,0.023,0.022,0.022,0.022,750000,16500,0.022,0.023
2026/04/16 13:00:17,08023,邝文记,KWONG MAN KEE,,0.305,0.0,0.0,0.305,0.0,0.0,0.0,0,0,0.28,0.355
2026/04/16 15:01:02,08026,朗华国际集团,CB GLOBAL,,0.3,0.015,5.26316,0.285,0.355,0.355,0.3,48000,15330,0.3,0.335
2026/04/16 15:02:44,08027,吉辉控股,KPM HOLDING,,0.079,0.002,2.5974,0.077,0.077,0.079,0.077,605000,47225,0.079,0.085
2026/04/16 14:44:56,08028,天时资源,TIMELESS,,0.234,-0.001,-0.42553,0.235,0.234,0.234,0.234,20050,4690,0.226,0.249
2026/04/16 14:59:07,08029,帝国金融集团,IMPERIUM FIN GP,,1.02,-0.01,-0.97087,1.03,1.03,1.03,1.01,95000,96850,1.02,1.05
2026/04/16 15:08:48,08030,丰银禾控股,FENGYINHE,,3.58,-0.72,-16.74419,4.3,4.09,4.3,3.3,1403000,4923760,3.51,3.59
2026/04/16 15:05:31,08031,易通讯集团,ETS GROUP,,0.33,-0.02,-5.71429,0.35,0.35,0.36,0.33,466000,160760,0.33,0.35
2026/04/16 13:00:00,08033,爱达利网络,VODATEL NETWORK,,0.127,0.0,0.0,0.127,0.0,0.0,0.0,0,0,0.122,0.134
2026/04/16 09:00:00,08035,骏高控股,JANCO HOLDINGS,,0.045,0.0,0.0,0.045,0.0,0.0,0.0,0,0,0.044,0.05
2026/04/16 11:38:08,08036,电子交易集团,EBROKER GROUP,,0.026,-0.001,-3.7037,0.027,0.026,0.026,0.026,470000,12220,0.026,0.028
2026/04/16 14:41:47,08037,中国生物科技服务,CH BIOTECH SER,,0.68,-0.01,-1.44928,0.69,0.7,0.7,0.68,365000,249500,0.68,0.69
2026/04/16 08:55:00,08039,中国来骑哦,CHINA COME RIDE,,0.151,0.0,0.0,0.151,0.0,0.0,0.0,0,0,0.0,0.0
2026/04/16 10:30:17,08040,快意智能,COOLPOINT INNO,,0.4,0.0,0.0,0.4,0.0,0.0,0.0,0,0,0.38,0.395
2026/04/16 14:56:54,08041,中微智码,INTELLIMARK AI,,0.63,0.0,0.0,0.63,0.63,0.63,0.6,400000,246400,0.61,0.63
2026/04/16 13:43:54,08042,高奥士人才集团,KOS TALENT GP,,0.058,0.0,0.0,0.058,0.06,0.06,0.058,1240000,71940,0.058,0.06
2026/04/16 13:07:20,08043,ATLINKS,ATLINKS,,0.192,-0.005,-2.53807,0.197,0.193,0.193,0.192,75000,14445,0.192,0.198
2026/04/16 08:55:00,08047,中国海洋发展,CHINA OCEAN GP,,0.025,0.0,0.0,0.025,0.0,0.0,0.0,0,0,0.0,0.0
2026/04/16 08:55:00,08048,御德国际控股,YU TAK INT'L,,0.018,0.0,0.0,0.018,0.0,0.0,0.0,0,0,0.0,0.0
2026/04/16 15:05:21,08049,吉林长龙药业,JILIN CHANGLONG,,2.4,0.01,0.41841,2.39,2.39,2.4,2.35,184000,439760,2.38,2.41
2026/04/16 14:54:20,08050,城市酷选,CITY COOLXUAN,,1.0,0.04,4.16667,0.96,0.97,1.19,0.95,214000,216360,0.85,1.0
2026/04/16 13:00:01,08051,讯智海,CIRCUTECH,,2.55,0.0,0.0,2.55,0.0,0.0,0.0,0,0,2.56,2.76
2026/04/16 08:55:00,08052,陆庆娱乐,LUK HING ENT,,0.041,0.0,0.0,0.041,0.0,0.0,0.0,0,0,0.0,0.0
2026/04/16 10:20:30,08056,生活概念,LIFE CONCEPTS,,0.135,0.0,0.0,0.135,0.0,0.0,0.0,8500,913,0.125,0.15
2026/04/16 11:48:48,08057,麦迪森控股,MADISON HLDG,,0.097,0.005,5.43478,0.092,0.097,0.097,0.097,104000,10088,0.096,0.097
2026/04/16 14:38:56,08059,朝威控股,GLORY FLAME,,0.037,0.003,8.82353,0.034,0.034,0.037,0.031,310000,11305,0.036,0.038
2026/04/16 13:27:24,08060,国联通信,GLOBAL LINK,,0.092,0.0,0.0,0.092,0.0,0.0,0.0,0,0,0.087,0.092
2026/04/16 14:26:33,08062,俊盟国际,EFT SOLUTIONS,,0.224,-0.016,-6.66667,0.24,0.23,0.23,0.224,65000,14700,0.232,0.247
2026/04/16 14:40:11,08065,高萌科技,KML TECH,,0.121,0.0,0.0,0.121,0.0,0.0,0.0,0,0,0.119,0.121
2026/04/16 15:04:46,08066,品创控股,PHOENITRON HOLD,,0.45,0.0,0.0,0.45,0.465,0.465,0.45,65000,29550,0.42,0.455
2026/04/16 09:00:02,08067,东方大学城控股,OUC HOLDINGS,,0.275,0.0,0.0,0.275,0.0,0.0,0.0,0,0,0.265,0.29
2026/04/16 14:33:57,08069,飞道旅游科技,FLYDOO TECH,,0.022,-0.001,-4.34783,0.023,0.022,0.022,0.021,1575000,34250,0.021,0.022
2026/04/16 09:30:02,08070,侨洋国际控股,KEEN OCEAN,,0.98,0.0,0.0,0.98,0.0,0.0,0.0,0,0,0.92,0.98
2026/04/16 11:01:32,08071,中彩网通控股,CH NETCOMTECH,,0.019,0.0,0.0,0.019,0.019,0.019,0.019,525000,9975,0.018,0.019
2026/04/16 14:14:46,08072,兰谷股份,LANGU CO,,0.45,0.0,0.0,0.45,0.0,0.0,0.0,0,0,0.41,0.45
2026/04/16 11:38:19,08073,水发兴业新材料,SFSY NEW MAT,,0.265,0.025,10.41667,0.24,0.265,0.27,0.265,28000,7440,0.265,0.27
2026/04/16 09:30:10,08076,新利软件,SING LEE,,0.023,0.0,0.0,0.023,0.0,0.0,0.0,0,0,0.023,0.024
2026/04/16 11:43:37,08079,仍志集团控股,WISDOMCOME GP,,0.46,0.0,0.0,0.46,0.0,0.0,0.0,0,0,0.45,0.5
2026/04/16 14:41:24,08080,北亚策略,NAS HOLDINGS,,0.435,-0.045,-9.375,0.48,0.465,0.465,0.435,60000,27200,0.44,0.46
2026/04/16 14:52:56,08081,白居易控股,BAIJUYI HOLD,,0.02,0.001,5.26316,0.019,0.018,0.02,0.017,16780000,313360,0.018,0.02
2026/04/16 15:03:20,08082,擎华控股,QINGHUA HOLD,,0.062,-0.001,-1.5873,0.063,0.066,0.066,0.061,4210000,260600,0.061,0.063
2026/04/16 15:08:27,08083,有赞,YOUZAN,,0.166,0.005,3.10559,0.161,0.161,0.172,0.16,329084000,54625648,0.165,0.166
2026/04/16 10:52:04,08087,中国三三传媒,CHINA 33MEDIA,,8.88,0.0,0.0,8.88,0.0,0.0,0.0,0,0,0.0,8.88
2026/04/16 14:08:16,08091,奥传思维控股,OOH HOLDINGS,,0.036,-0.004,-10.0,0.04,0.036,0.044,0.035,210000,7740,0.035,0.042
2026/04/16 14:29:25,08092,ITE HOLDINGS,ITE HOLDINGS,,0.033,0.0,0.0,0.033,0.033,0.033,0.033,364000,12012,0.032,0.035
2026/04/16 11:27:27,08093,瓦普思瑞元宇宙,WEB3 META,,2.57,0.0,0.0,2.57,2.57,2.57,2.57,2000,5140,2.57,0.0
2026/04/16 14:49:49,08095,北大青鸟环宇,BEIDA JADE BIRD,,0.92,0.0,0.0,0.92,0.91,0.93,0.91,691000,634960,0.92,0.93
2026/04/16 09:30:01,08096,赏之味,TASTY CONCEPTS,,0.115,0.0,0.0,0.115,0.0,0.0,0.0,0,0,0.115,0.12
2026/04/16 09:04:26,08098,昌利控股,CL GROUP,,0.042,0.0,0.0,0.042,0.0,0.0,0.0,0,0,0.041,0.045
2026/04/16 08:55:00,08100,名科国际,FAMOUS TECH INT,,0.25,0.0,0.0,0.25,0.0,0.0,0.0,0,0,0.0,0.0
2026/04/16 14:42:59,08103,ＨＭＶＯＤ视频,HMVOD,,0.204,0.0,0.0,0.204,0.0,0.0,0.0,0,0,0.192,0.203
2026/04/16 14:24:20,08106,芯化兰德,XINHUA LANDE,,0.315,0.005,1.6129,0.31,0.315,0.315,0.315,120000,37800,0.315,0.32
2026/04/16 13:00:26,08107,细叶榕科技,FICUS TECH,,0.165,0.0,0.0,0.165,0.165,0.165,0.165,40000,6600,0.142,0.165
2026/04/16 08:55:00,08111,中国科技产业集团,CT IND GROUP,,0.074,0.0,0.0,0.074,0.0,0.0,0.0,0,0,0.0,0.0
2026/04/16 13:53:38,08112,基石金融,CORNERSTONE FIN,,0.102,0.002,2.0,0.1,0.102,0.102,0.102,24000,2448,0.098,0.101
2026/04/16 13:00:14,08113,时腾科技,V&V TECH,,0.395,0.0,0.0,0.395,0.0,0.0,0.0,0,0,0.335,0.415
2026/04/16 14:26:46,08115,清大东方,QINGDA ORIENTAL,,11.3,-0.2,-1.73913,11.5,11.0,11.3,11.0,8000,89200,10.51,11.5
2026/04/16 14:22:15,08117,中国基础能源,CHI P ENERGY,,0.06,-0.005,-7.69231,0.065,0.06,0.06,0.06,100000,6000,0.06,0.065
2026/04/16 15:04:08,08118,中资国际控股,ZHONGZI INTL H,,0.147,0.0,0.0,0.147,0.0,0.0,0.0,0,0,0.132,0.146
2026/04/16 15:00:00,08120,国农金融投资,CH DEMETER FIN,,0.62,-0.04,-6.06061,0.66,0.63,0.63,0.62,39750,24675,0.58,0.63
2026/04/16 13:00:01,08121,国恩控股,GUOEN HOLDINGS,,0.73,0.0,0.0,0.73,0.0,0.0,0.0,0,0,0.69,0.77
2026/04/16 08:59:58,08123,华亿金控,SINOFORTUNE FIN,,0.01,0.0,0.0,0.01,0.0,0.0,0.0,0,0,0.0,0.01
2026/04/16 14:26:32,08125,中新控股,CHINA NEW HLDGS,,0.54,0.04,8.0,0.5,0.54,0.54,0.54,32000,16320,0.51,0.53
2026/04/16 08:55:00,08126,Ｇ．Ａ．控股,G. A. HOLDINGS,,0.038,0.0,0.0,0.038,0.0,0.0,0.0,0,0,0.0,0.0
2026/04/16 14:31:09,08128,中国恒有源集团,CHYY GP,,0.036,0.002,5.88235,0.034,0.036,0.036,0.036,40000,1440,0.032,0.034
2026/04/16 08:55:00,08130,大地国际集团,DADI INTL GROUP,,0.01,0.0,0.0,0.01,0.0,0.0,0.0,0,0,0.0,0.0
2026/04/16 15:09:12,08131,辰罡科技,ABC MULTIACTIVE,,0.083,0.036,76.59575,0.047,0.048,0.094,0.048,41528930,3074464,0.081,0.083
2026/04/16 14:08:34,08132,百能国际能源,CENTURY EN INTL,,0.082,0.0,0.0,0.082,0.082,0.082,0.082,135000,11050,0.082,0.087
2026/04/16 14:50:10,08133,吉盛集团控股,JISHENG GP HLDG,,0.325,-0.015,-4.41177,0.34,0.335,0.335,0.325,40000,13120,0.32,0.335
2026/04/16 14:19:33,08136,英马斯集团,IMS GROUP,,0.045,0.0,0.0,0.045,0.0,0.0,0.0,0,0,0.043,0.046
2026/04/16 15:01:01,08137,洪桥集团,HONBRIDGE,,0.385,-0.01,-2.53165,0.395,0.39,0.395,0.38,2792000,1080200,0.385,0.39
2026/04/16 14:25:56,08139,长安仁恒,CHANGAN RH,,1.23,-0.07,-5.38462,1.3,1.38,1.38,1.23,1000,1305,1.23,1.36
2026/04/16 10:51:17,08140,人和科技,BOSATECH,,0.129,0.0,0.0,0.129,0.0,0.0,0.0,0,0,0.124,0.129
2026/04/16 14:09:28,08143,金威医疗,GF HEALTHCARE,,0.122,0.002,1.66667,0.12,0.129,0.129,0.119,460000,56610,0.119,0.123
2026/04/16 10:08:49,08146,怡园酒业,GRACEWINE,,0.55,0.0,0.0,0.55,0.0,0.0,0.0,0,0,0.55,0.58
2026/04/16 10:39:17,08147,汇思太平洋,MILLENNIUM PG,,0.76,0.0,0.0,0.76,0.76,0.76,0.74,200000,151840,0.73,0.76
2026/04/16 11:26:21,08148,悟喜生活,WUXI LIFE,,4.05,0.0,0.0,4.05,4.05,4.05,4.05,20000,81000,0.0,4.05
2026/04/16 14:54:19,08149,浩德控股,ALTUS HLDGS,,0.116,0.004,3.57143,0.112,0.112,0.118,0.112,1360000,157050,0.112,0.119
2026/04/16 14:13:42,08152,明梁控股,M&L HOLDINGS,,0.08,0.0,0.0,0.08,0.08,0.08,0.08,80000,6400,0.08,0.088
2026/04/16 14:52:07,08153,嘉鼎国际集团,JIADING INTL GP,,0.85,0.01,1.19048,0.84,0.82,0.85,0.81,85225,69423,0.81,0.88
2026/04/16 13:18:12,08156,国药科技股份,SINOPHARM TECH,,0.245,-0.025,-9.25926,0.27,0.239,0.25,0.232,166000,40220,0.24,0.245
2026/04/16 10:14:03,08158,中国再生医学,CRMI,,0.31,-0.01,-3.125,0.32,0.305,0.31,0.305,50000,15275,0.31,0.33
2026/04/16 13:00:11,08159,新华联合投资,CU VENTURE INV,,0.062,0.0,0.0,0.062,0.0,0.0,0.0,0,0,0.062,0.068
2026/04/16 13:00:14,08160,GOLDWAY EDU,GOLDWAY EDU,,0.58,0.0,0.0,0.58,0.0,0.0,0.0,0,0,0.475,0.59
2026/04/16 13:00:00,08161,医汇集团,MEDINET GROUP,,0.68,0.0,0.0,0.68,0.0,0.0,0.0,0,0,0.62,0.79
2026/04/16 15:07:45,08162,港银控股,LOCO HK,,0.52,-0.03,-5.45455,0.55,0.52,0.57,0.51,7030000,3808800,0.52,0.55
2026/04/16 15:08:06,08163,声扬集团,NOIZ GROUP,,0.035,0.005,16.66667,0.03,0.031,0.035,0.031,1180000,38480,0.032,0.035
2026/04/16 15:01:41,08168,宝积资本,AMASSE CAPITAL,,0.114,-0.005,-4.20168,0.119,0.117,0.117,0.114,3710000,426690,0.113,0.116
2026/04/16 13:57:15,08169,环康集团,ECO-TEK HLDGS,,0.039,0.001,2.63158,0.038,0.039,0.039,0.039,30000,1170,0.037,0.04
2026/04/16 08:55:00,08172,拉近网娱,LAJIN ENT,,0.19,0.0,0.0,0.19,0.0,0.0,0.0,0,0,0.0,0.0
2026/04/16 14:16:05,08173,客思控股,HEPHAESTUS HLDG,,0.11,0.005,4.76191,0.105,0.11,0.11,0.11,20001,2200,0.105,0.118
2026/04/16 15:07:42,08176,超人智能,SUPERROBOTICS,,0.044,0.0,0.0,0.044,0.042,0.044,0.042,545000,22990,0.043,0.044
2026/04/16 14:55:28,08178,中国信息科技,CHINA INFO TECH,,0.241,-0.002,-0.82305,0.243,0.235,0.255,0.235,593900,144939,0.241,0.25
2026/04/16 08:59:58,08179,百利达集团控股,PALINDA GROUP,,0.012,0.0,0.0,0.012,0.0,0.0,0.0,0,0,0.011,0.012
2026/04/16 14:00:01,08181,港深智能管理,KS SMART MGMT,,0.047,0.0,0.0,0.047,0.0,0.0,0.0,0,0,0.048,0.051
2026/04/16 14:54:55,08186,曼妠,ALMANA,,0.98,-0.06,-5.76923,1.04,0.99,0.99,0.98,115000,113400,0.98,1.02
2026/04/16 15:05:51,08187,积木集团,JIMU GROUP,,0.5,0.0,0.0,0.5,0.5,0.5,0.5,5000,2500,0.48,0.53
2026/04/16 14:55:35,08188,骏杰集团控股,GME GROUP,,1.16,0.01,0.86957,1.15,1.15,1.17,1.15,620000,717800,1.15,1.17
2026/04/16 13:00:00,08189,泰达生物,TEDA BIOMEDICAL,,0.285,0.0,0.0,0.285,0.0,0.0,0.0,0,0,0.275,0.285
2026/04/16 09:54:33,08191,鸿伟亚洲,HONG WEI ASIA,,0.146,0.001,0.68966,0.145,0.146,0.146,0.146,6000,876,0.141,0.15
2026/04/16 15:00:51,08193,亚太金融投资,ASIAPAC FIN INV,,0.28,-0.015,-5.08475,0.295,0.3,0.3,0.28,130000,37850,0.265,0.285
2026/04/16 14:25:58,08195,传承教育集团,LEGENDARY EDU,,1.36,-0.01,-0.72993,1.37,1.38,1.38,1.36,22000,30200,1.35,1.36
2026/04/16 14:44:48,08196,福田股份,FUTIAN HOLDINGS,,0.7,0.03,4.47761,0.67,0.68,0.71,0.68,504000,352480,0.68,0.7
2026/04/16 15:00:11,08198,加幂科技,CRYPTO FLOW,,1.52,-0.04,-2.5641,1.56,1.61,1.61,1.52,223200,346904,1.52,1.57
2026/04/16 13:38:43,08200,修身堂,SAU SAN TONG,,0.65,0.03,4.83871,0.62,0.62,0.66,0.62,92000,57305,0.62,0.65
2026/04/16 14:49:37,08201,宝联控股,PPS INT'L,,0.114,0.0,0.0,0.114,0.0,0.0,0.0,0,0,0.114,0.128
2026/04/16 13:00:16,08203,凯顺控股,KAISUN HOLDINGS,,0.2,0.0,0.0,0.2,0.0,0.0,0.0,0,0,0.171,0.21
2026/04/16 15:08:23,08205,交大慧谷,JIAODA WITHUB,,0.305,0.0,0.0,0.305,0.305,0.31,0.3,80000,24180,0.3,0.35
2026/04/16 08:55:00,08206,神通机器人教育,S ROBOT EDU,,0.038,0.0,0.0,0.038,0.0,0.0,0.0,0,0,0.0,0.0
2026/04/16 14:49:36,08208,永通万国集团,RADIANCE GLO GP,,0.12,0.0,0.0,0.12,0.12,0.121,0.113,354000,42078,0.119,0.124
2026/04/16 10:34:16,08210,衍汇亚洲,DLC ASIA,,0.057,0.0,0.0,0.057,0.0,0.0,0.0,0,0,0.057,0.065
2026/04/16 11:24:36,08213,荣晖控股,STARGLORY HLDGS,,0.175,0.0,0.0,0.175,0.0,0.0,0.0,0,0,0.153,0.187
2026/04/16 14:46:38,08217,菊福堂生物,JU FU TANG BIOT,,0.3,-0.035,-10.44776,0.335,0.33,0.35,0.3,783125,250206,0.295,0.305
2026/04/16 15:07:43,08218,毅高国际控股,ECHO INT HOLD,,0.196,0.086,78.18182,0.11,0.13,0.199,0.13,480000,88428,0.142,0.192
2026/04/16 13:00:00,08219,恒伟集团控股,HANVEY GROUP,,0.18,0.0,0.0,0.18,0.18,0.18,0.18,100000,18000,0.176,0.18
2026/04/16 14:24:21,08220,比高集团,BINGO GROUP,,3.73,0.13,3.61111,3.6,3.78,3.78,3.52,177500,650270,3.64,3.76
2026/04/16 13:56:29,08221,高裕金融,GAOYU FINANCE,,1.15,0.02,1.76991,1.13,1.02,1.15,1.02,42800,46352,1.13,1.32
2026/04/16 14:01:09,08222,壹照明,E LIGHTING,,0.037,0.0,0.0,0.037,0.0,0.0,0.0,0,0,0.036,0.037
2026/04/16 14:41:34,08223,紫元元,ZYY,,0.49,-0.01,-2.0,0.5,0.49,0.49,0.49,48000,23520,0.485,0.495
2026/04/16 13:35:09,08225,中国医疗集团,C HEALTH GP,,0.134,0.0,0.0,0.134,0.134,0.134,0.134,20000,2680,0.132,0.136
2026/04/16 09:30:00,08226,树熊金融集团,KOALA FIN GP,,0.076,0.0,0.0,0.076,0.0,0.0,0.0,0,0,0.072,0.076
2026/04/16 13:00:28,08227,海天天线,HAITIAN ANTENNA,,0.129,0.0,0.0,0.129,0.0,0.0,0.0,0,0,0.117,0.127
2026/04/16 15:01:06,08229,未来数据集团,FUTURE DATA,,0.64,0.01,1.5873,0.63,0.6,0.64,0.6,80000,48800,0.61,0.65
2026/04/16 13:56:03,08232,一木集团,THAC GROUP,,1.21,0.0,0.0,1.21,0.0,0.0,0.0,0,0,1.07,1.18
2026/04/16 14:57:00,08237,华星控股,LINK HOLDINGS,,0.49,0.015,3.1579,0.475,0.495,0.495,0.48,175520,85006,0.49,0.55
2026/04/16 14:58:21,08238,惠陶集团,WINTO GROUP,,0.141,0.004,2.91971,0.137,0.136,0.141,0.135,1120000,152776,0.137,0.141
2026/04/16 13:06:17,08239,首都金融控股,CAPITAL FIN,,13.6,0.0,0.0,13.6,0.0,0.0,0.0,1053,14594,0.0,13.69
2026/04/16 14:10:22,08241,英记茶庄集团,YING KEE TEA,,0.114,0.0,0.0,0.114,0.0,0.0,0.0,0,0,0.11,0.113
2026/04/16 14:20:21,08245,烽翼集团,CANOPY SKYFIRE,,0.093,0.0,0.0,0.093,0.0,0.0,0.0,2000,160,0.087,0.095
2026/04/16 11:42:54,08246,中华燃气,ZHONGHUA GAS,,0.8,0.0,0.0,0.8,0.8,0.8,0.8,20000,16000,0.77,0.8
2026/04/16 15:06:16,08247,中生北控生物科技,BIOSINO BIO-TEC,,3.49,0.03,0.86705,3.46,3.46,3.49,3.46,16000,55740,3.47,3.5
2026/04/16 09:00:04,08249,瑞远智控,RUIYUAN IC TECH,,0.154,0.0,0.0,0.154,0.0,0.0,0.0,0,0,0.0,0.154
2026/04/16 15:04:41,08250,都都控股,DU DU HLDGS,,0.149,0.001,0.67568,0.148,0.138,0.149,0.138,106200,15284,0.139,0.15
2026/04/16 09:30:40,08262,宏强控股,SUPER STRONG,,0.051,0.0,0.0,0.051,0.0,0.0,0.0,0,0,0.048,0.052
2026/04/16 14:30:09,08267,蓝港互动,LINEKONG,,0.285,0.005,1.78571,0.28,0.28,0.3,0.28,126000,36802,0.28,0.295
2026/04/16 14:18:03,08268,智城发展控股,SMART CITY DEV,,0.35,-0.03,-7.89474,0.38,0.35,0.35,0.35,152000,53200,0.34,0.345
2026/04/16 13:45:47,08269,倍升教育科技,GO UP EDU TECH,,0.36,0.0,0.0,0.36,0.36,0.36,0.36,33333,11899,0.35,0.365
2026/04/16 15:00:01,08270,中国煤层气,CHINA CBM,,0.31,-0.075,-19.48052,0.385,0.29,0.335,0.255,560000,164800,0.305,0.36
2026/04/16 15:06:29,08271,环球数码创意,GDC,,0.12,-0.001,-0.82645,0.121,0.122,0.123,0.12,94000,11460,0.11,0.119
2026/04/16 14:08:13,08275,中国新消费集团,CHINA NEW CONS,,0.094,0.0,0.0,0.094,0.0,0.0,0.0,0,0,0.094,0.096
2026/04/16 10:54:50,08277,骏东控股,STEEDORIENTAL,,0.115,0.0,0.0,0.115,0.0,0.0,0.0,74000,8288,0.11,0.12
2026/04/16 15:08:21,08279,亚博科技控股,AGTECH HOLDINGS,,0.53,-0.02,-3.63636,0.55,0.57,0.57,0.52,10324000,5537560,0.52,0.53
2026/04/16 13:59:17,08280,中国数字视频,CDV HOLDINGS,,0.07,0.0,0.0,0.07,0.0,0.0,0.0,0,0,0.068,0.07
2026/04/16 09:49:20,08281,中国金典集团,CH GOLD CLASSIC,,0.14,-0.004,-2.77778,0.144,0.14,0.14,0.14,8000,1120,0.136,0.143
2026/04/16 09:04:27,08282,智傲控股,GAMEONE,,0.57,0.0,0.0,0.57,0.0,0.0,0.0,0,0,0.51,0.58
2026/04/16 14:05:50,08283,中食民安,ZHONGSHI MINAN,,0.56,0.01,1.81818,0.55,0.55,0.56,0.55,80000,44300,0.53,0.55
2026/04/16 11:23:32,08285,森浩集团,SLING GROUP,,0.031,-0.001,-3.125,0.032,0.031,0.031,0.031,95000,2945,0.031,0.032
2026/04/16 14:44:51,08286,长城微光,CCOE,,0.187,-0.002,-1.0582,0.189,0.166,0.187,0.166,400000,68615,0.18,0.188
2026/04/16 15:07:38,08290,亚势备份,AHSAY BACKUP,,0.031,0.001,3.33333,0.03,0.03,0.031,0.03,270000,8210,0.03,0.031
2026/04/16 13:48:27,08291,港娱国际,HK ENT INTL,,0.305,0.0,0.0,0.305,0.0,0.0,0.0,0,0,0.243,0.31
2026/04/16 14:52:49,08292,VSING,VSING,,0.191,0.0,0.0,0.191,0.0,0.0,0.0,0,0,0.19,0.195
2026/04/16 15:05:31,08293,星亚控股,SINGASIA HLDG,,0.305,-0.02,-6.15385,0.325,0.325,0.325,0.295,120000,36400,0.305,0.32
2026/04/16 14:52:41,08295,金慧科技,KINGWISOFT TECH,,0.024,0.001,4.34783,0.023,0.024,0.024,0.023,280000,6700,0.024,0.025
2026/04/16 14:28:17,08296,中国生命集团,SINO-LIFE GROUP,,0.385,0.085,28.33333,0.3,0.385,0.385,0.385,44000,16940,0.285,0.37
2026/04/16 08:55:00,08297,海纳星空科技,OCEAN STAR TECH,,0.039,0.0,0.0,0.039,0.0,0.0,0.0,0,0,0.0,0.0
2026/04/16 15:08:53,08299,大唐黄金,GT GOLD,,0.59,0.0,0.0,0.59,0.59,0.6,0.57,16264000,9490800,0.59,0.6
2026/04/16 14:46:38,08300,今米房集团,JIN MI FANG GP,,0.025,0.0,0.0,0.025,0.025,0.032,0.025,12860000,337880,0.025,0.026
2026/04/16 15:04:14,08305,圣唐控股,ST HLDGS,,0.205,-0.001,-0.48544,0.206,0.206,0.211,0.19,4140000,847630,0.203,0.211
2026/04/16 09:45:12,08307,密迪斯肌,MEDICSKIN,,0.143,0.0,0.0,0.143,0.0,0.0,0.0,0,0,0.0,0.144
2026/04/16 14:35:28,08308,古兜控股,GUDOU HLDGS,,0.061,0.002,3.38983,0.059,0.059,0.061,0.059,1500000,89236,0.053,0.061
2026/04/16 14:34:15,08309,万成环球控股,MANSHING GLOBAL,,0.07,0.005,7.69231,0.065,0.07,0.07,0.07,100000,7000,0.065,0.07
2026/04/16 09:30:01,08310,盐城港,YANCHENG PORT,,0.28,0.0,0.0,0.28,0.0,0.0,0.0,0,0,0.0,0.285
2026/04/16 14:10:12,08311,圆美光电,PERFECT OPT,,0.103,0.0,0.0,0.103,0.103,0.103,0.103,140000,14420,0.086,0.101
2026/04/16 09:30:12,08313,杰地集团,ZACD,,0.023,0.0,0.0,0.023,0.0,0.0,0.0,0,0,0.023,0.029
2026/04/16 15:03:09,08315,新都酒店,CEN PLAZA HOTEL,,0.08,0.0,0.0,0.08,0.0,0.0,0.0,0,0,0.073,0.079
2026/04/16 13:43:14,08316,中国红包,CHINA HONGBAO,,0.15,0.003,2.04082,0.147,0.147,0.15,0.147,100000,14876,0.148,0.151
2026/04/16 13:00:10,08317,财华社集团,FINET GROUP,,0.108,0.0,0.0,0.108,0.0,0.0,0.0,0,0,0.1,0.114
2026/04/16 10:44:53,08319,思博系统,EXPERT SYS,,0.116,0.0,0.0,0.116,0.0,0.0,0.0,0,0,0.115,0.119
2026/04/16 14:34:47,08320,沛然环保,AEC GROUP,,0.097,-0.011,-10.18519,0.108,0.098,0.098,0.097,300000,29180,0.098,0.107
2026/04/16 15:00:38,08321,泰锦控股,TAI KAM HLDGS,,1.88,-0.03,-1.57068,1.91,1.9,1.9,1.88,30000,56800,1.85,1.91
2026/04/16 14:58:36,08326,同景新能源,TK NEW ENERGY,,0.16,0.0,0.0,0.16,0.0,0.0,0.0,0,0,0.157,0.16
2026/04/16 13:47:00,08328,信义储电,XY ELEC STORAGE,,0.57,-0.02,-3.38983,0.59,0.56,0.57,0.56,108750,61957,0.57,0.58
2026/04/16 13:00:20,08329,海王英特龙,NEP INTERLONG,,0.133,0.0,0.0,0.133,0.0,0.0,0.0,0,0,0.122,0.133
2026/04/16 09:30:08,08331,倍搏集团,P.B. GROUP,,0.365,0.0,0.0,0.365,0.0,0.0,0.0,0,0,0.29,0.38
2026/04/16 13:00:00,08333,阿仕特朗金融,ASTRUM FIN,,0.46,0.0,0.0,0.46,0.0,0.0,0.0,0,0,0.4,0.455
2026/04/16 14:52:50,08337,直通电讯,DIRECTEL,,0.094,0.0,0.0,0.094,0.0,0.0,0.0,0,0,0.093,0.108
2026/04/16 10:03:23,08340,紫荆国际金融,ZIJING INTL FIN,,0.68,0.03,4.61539,0.65,0.65,0.68,0.65,100000,66200,0.61,0.68
2026/04/16 14:24:55,08341,艾硕控股,AESO HOLDING,,0.164,0.003,1.86335,0.161,0.16,0.164,0.16,95000,15300,0.161,0.169
2026/04/16 14:54:55,08347,Ｆ８企业,F8 ENT,,0.126,0.0,0.0,0.126,0.129,0.129,0.126,64000,8232,0.126,0.143
2026/04/16 13:00:26,08348,滨海泰达物流,BINHAI TEDA,,0.4,0.0,0.0,0.4,0.0,0.0,0.0,0,0,0.375,0.395
2026/04/16 08:55:00,08349,硅鑫集团,GUIXIN GROUP,,1.29,0.0,0.0,1.29,0.0,0.0,0.0,0,0,0.0,0.0
2026/04/16 14:30:06,08350,立桥证券控股,WELL LINK SEC,,0.325,0.01,3.1746,0.315,0.32,0.345,0.315,3496000,1155040,0.315,0.33
2026/04/16 14:26:41,08356,进业控股,TSUN YIP HLDGS,,0.45,0.05,12.5,0.4,0.45,0.45,0.45,144200,64832,0.38,0.43
2026/04/16 14:19:11,08357,REPUBLIC HC,REPUBLIC HC,,0.141,0.0,0.0,0.141,0.151,0.151,0.141,20000,2970,0.141,0.151
2026/04/16 08:55:00,08360,简朴新生活,BASIC H NEWLIFE,,0.64,0.0,0.0,0.64,0.0,0.0,0.0,0,0,0.0,0.0
2026/04/16 09:00:08,08362,运兴泰集团,WINNING TOWER,,0.055,0.0,0.0,0.055,0.0,0.0,0.0,0,0,0.051,0.055
2026/04/16 15:09:06,08365,亦辰集团,HATCHER GROUP,,2.87,-0.01,-0.34722,2.88,2.94,2.94,2.84,3358800,9631712,2.84,2.88
2026/04/16 14:41:26,08366,浙江联合投资,ZJ UNITED INV,,0.033,-0.003,-8.33333,0.036,0.033,0.033,0.033,10000,330,0.033,0.036
2026/04/16 13:46:40,08367,倩碧控股,SIMPLICITY HLDG,,0.4,-0.01,-2.43902,0.41,0.4,0.4,0.4,20000,8000,0.4,0.415
2026/04/16 15:02:05,08368,中国创意控股,CREATIVE CHINA,,0.295,-0.005,-1.66667,0.3,0.3,0.3,0.295,30000,8950,0.26,0.295
2026/04/16 13:00:28,08370,智升集团控股,ZHI SHENG GP,,4.67,0.0,0.0,4.67,0.0,0.0,0.0,0,0,4.5,4.66
2026/04/16 14:24:19,08371,尝高美集团,TASTEGOURMET GP,,1.88,0.0,0.0,1.88,1.88,1.88,1.88,36000,67680,1.88,1.92
2026/04/16 15:01:43,08372,君百延集团,GBG HOLDINGS,,0.159,0.032,25.19685,0.127,0.133,0.18,0.133,3980000,641040,0.16,0.163
2026/04/16 08:55:00,08373,靛蓝星,INDIGO STAR,,0.65,0.0,0.0,0.65,0.0,0.0,0.0,0,0,0.0,0.0
2026/04/16 13:00:00,08375,数盟资本,DATA UNION CAP,,2.36,0.01,0.42553,2.35,2.36,2.36,2.36,50000,118000,2.24,2.34
2026/04/16 14:24:09,08377,维港育马,HARBOUR EQUINE,,0.11,0.0,0.0,0.11,0.0,0.0,0.0,0,0,0.105,0.11
2026/04/16 13:41:01,08379,盈证国际,PRIME INTEL,,0.182,-0.001,-0.54645,0.183,0.182,0.182,0.173,250000,45290,0.174,0.182
2026/04/16 14:29:18,08385,万里印刷,PROSPEROUSPRINT,,0.102,-0.008,-7.27273,0.11,0.105,0.105,0.1,150000,15510,0.104,0.11
2026/04/16 14:27:15,08391,基石科技控股,CORNERSTONE TEC,,0.475,-0.005,-1.04167,0.48,0.48,0.48,0.475,104000,49500,0.47,0.475
2026/04/16 09:30:14,08392,舍图控股,SATU HOLDINGS,,0.04,0.0,0.0,0.04,0.0,0.0,0.0,0,0,0.039,0.044
2026/04/16 15:06:26,08395,中显智能齐家控股,ZXZN QI-HOUSE,,0.54,0.08,17.3913,0.46,0.475,0.54,0.46,3090000,1575800,0.52,0.54
2026/04/16 15:07:37,08400,亚洲先锋娱乐,ASIA PIONEER,,0.073,0.005,7.35294,0.068,0.066,0.073,0.066,1360000,96030,0.069,0.073
2026/04/16 15:09:22,08401,源想集团,STREAM IDEAS,,0.042,0.0,0.0,0.042,0.042,0.043,0.042,186000,7912,0.042,0.043
2026/04/16 14:24:20,08402,高原之宝,PLATEAU TL,,0.1,0.0,0.0,0.1,0.1,0.1,0.1,5000,500,0.1,0.105
2026/04/16 15:04:56,08403,德丰宿来,DEFENG SOLIFE,,3.33,0.2,6.38978,3.13,3.13,3.37,3.13,485000,1586630,3.31,3.33
2026/04/16 13:40:04,08406,中国口腔产业,CHINA ORAL IND,,0.065,0.003,4.83871,0.062,0.062,0.065,0.062,130000,8420,0.06,0.063
2026/04/16 13:35:00,08411,K W NELSON GP,K W NELSON GP,,0.147,0.005,3.52113,0.142,0.147,0.147,0.147,10000,1470,0.137,0.146
2026/04/16 13:02:02,08412,新爱德集团,NEW AMANTE,,0.35,0.04,12.90323,0.31,0.35,0.35,0.35,10000,3500,0.315,0.375
2026/04/16 14:39:37,08413,亚洲富思,ASIA GROCERY,,0.139,0.0,0.0,0.139,0.133,0.14,0.131,1780000,241760,0.133,0.139
2026/04/16 15:06:19,08416,HM INTL HLDGS,HM INTL HLDGS,,0.105,-0.001,-0.9434,0.106,0.105,0.105,0.105,340000,35700,0.105,0.117
2026/04/16 10:43:23,08417,大地教育,DADI EDU,,0.024,0.0,0.0,0.024,0.0,0.0,0.0,0,0,0.022,0.024
2026/04/16 15:06:09,08418,傲迪玛汽车,OPTIMA AUTO,,1.16,-0.03,-2.52101,1.19,1.11,1.2,1.08,42000,47620,1.15,1.17
2026/04/16 15:04:17,08419,ＡＶ策划推广,AV PROMOTIONS,,0.073,0.0,0.0,0.073,0.0,0.0,0.0,0,0,0.073,0.081
2026/04/16 13:57:01,08420,NEXION TECH,NEXION TECH,,0.04,0.004,11.11111,0.036,0.04,0.04,0.04,50000,2000,0.033,0.039
2026/04/16 14:31:52,08422,ＷＴ集团,WT GROUP,,0.135,0.011,8.87097,0.124,0.124,0.137,0.124,576000,75990,0.128,0.135
2026/04/16 14:38:49,08423,CHI HO DEV,CHI HO DEV,,0.04,0.0,0.0,0.04,0.0,0.0,0.0,0,0,0.04,0.044
2026/04/16 13:00:14,08425,兴铭控股,HING MING HLDGS,,0.08,0.0,0.0,0.08,0.0,0.0,0.0,0,0,0.077,0.094
2026/04/16 15:07:03,08426,雅居投资控股,MODERN LIVING,,0.29,0.0,0.0,0.29,0.0,0.0,0.0,0,0,0.255,0.29
2026/04/16 14:58:34,08427,万顺瑞强集团,WS-SK TARGET,,10.24,-0.24,-2.29008,10.48,10.48,10.87,10.15,24000,250652,10.24,10.58
2026/04/16 08:55:00,08428,汉诺佳池,CBK HOLDINGS,,0.68,0.0,0.0,0.68,0.0,0.0,0.0,0,0,0.0,0.0
2026/04/16 15:07:14,08429,华美乐乐,SV VISION,,0.058,0.0,0.0,0.058,0.058,0.058,0.058,25000,1450,0.058,0.071
2026/04/16 10:49:47,08430,春能控股,C&N HOLDINGS,,0.074,0.0,0.0,0.074,0.074,0.074,0.074,10000,740,0.075,0.083
2026/04/16 14:59:51,08431,浩柏国际,HAO BAI INTL,,0.5,-0.04,-7.40741,0.54,0.54,0.55,0.5,2660000,1396500,0.5,0.51
2026/04/16 14:54:13,08432,太平洋酒吧,BAR PACIFIC,,0.034,0.001,3.0303,0.033,0.033,0.035,0.033,360000,12500,0.033,0.036
2026/04/16 14:52:25,08436,德宝集团控股,TAKBO GROUP,,0.3,0.015,5.26316,0.285,0.29,0.305,0.285,130000,38275,0.28,0.3
2026/04/16 08:55:00,08437,德斯控股,RMH HOLDINGS,,0.25,0.0,0.0,0.25,0.0,0.0,0.0,0,0,0.0,0.0
2026/04/16 15:05:11,08439,新百利融资,SOMERLEY CAP,,1.0,0.17,20.48193,0.83,0.78,1.08,0.75,861757,850189,0.92,1.05
2026/04/16 09:00:00,08445,怡康泰工程集团,NOBLE ENG GP,,0.15,0.0,0.0,0.15,0.0,0.0,0.0,0,0,0.13,0.0
2026/04/16 14:28:47,08446,耀星科技集团,BRIGHTSTAR TECH,,0.102,-0.002,-1.92308,0.104,0.105,0.105,0.101,130000,13604,0.101,0.102
2026/04/16 15:01:50,08447,MS CONCEPT,MS CONCEPT,,0.073,0.01,15.87302,0.063,0.062,0.078,0.062,1160000,74260,0.07,0.075
2026/04/16 14:59:37,08448,环球印馆,UNI PRINTSHOP,,1.79,0.11,6.54762,1.68,1.68,1.79,1.68,156178,273013,1.72,1.79
2026/04/16 15:00:52,08450,钜京控股,EDICO HOLDINGS,,0.148,-0.002,-1.33333,0.15,0.15,0.15,0.148,400000,59880,0.148,0.15
2026/04/16 14:16:29,08451,日光控股,SUNLIGHT HLDGS,,0.063,0.0,0.0,0.063,0.0,0.0,0.0,0,0,0.063,0.068
2026/04/16 14:02:06,08452,富银融资股份,FY FINANCIAL,,0.295,0.0,0.0,0.295,0.295,0.295,0.295,4000,1180,0.295,0.325
2026/04/16 13:00:00,08455,礼建德集团,LAI GROUP,,0.084,0.004,5.0,0.08,0.08,0.09,0.077,2910000,249190,0.084,0.088
2026/04/16 14:50:32,08456,民信国际控股,MANSION INTL,,0.405,0.0,0.0,0.405,0.0,0.0,0.0,0,0,0.37,0.405
2026/04/16 15:01:10,08460,基地锦标（五千）,BASETROPHY-5K,,1.93,0.0,0.0,1.93,1.94,2.04,1.92,1315000,2602050,1.92,1.95
2026/04/16 14:30:55,08462,中安控股集团,OMNIBRIDGE HLDG,,0.071,0.0,0.0,0.071,0.071,0.071,0.071,275000,19525,0.07,0.076
2026/04/16 13:49:01,08471,新达控股,REACH NEW HLDGS,,0.043,0.003,7.5,0.04,0.042,0.043,0.04,950000,39010,0.042,0.043
2026/04/16 14:54:47,08472,立高控股,LAPCO HOLDINGS,,0.375,0.005,1.35135,0.37,0.35,0.375,0.35,598000,209730,0.375,0.38
2026/04/16 10:41:00,08473,弥明生活百货,MI MING MART,,0.112,0.0,0.0,0.112,0.112,0.112,0.112,40000,4480,0.11,0.113
2026/04/16 08:55:00,08475,易站绿色科技,E-STATION GTECH,,0.069,0.0,0.0,0.069,0.0,0.0,0.0,0,0,0.0,0.0
2026/04/16 13:26:04,08480,飞霓控股,FURNIWEB,,0.151,0.0,0.0,0.151,0.152,0.152,0.151,264000,39924,0.151,0.156
2026/04/16 14:52:16,08481,盛龙锦秀国际,SHENGLONG INTL,,0.4,0.0,0.0,0.4,0.0,0.0,0.0,0,0,0.385,0.0
2026/04/16 11:29:08,08482,万励达,WAN LEADER,,0.133,0.001,0.75758,0.132,0.133,0.133,0.133,40000,5320,0.133,0.145
2026/04/16 14:58:19,08483,名仕快相,MAX SIGHT GROUP,,0.111,0.0,0.0,0.111,0.0,0.0,0.0,0,0,0.103,0.118
2026/04/16 15:07:23,08487,ISP GLOBAL,ISP GLOBAL,,0.044,0.0,0.0,0.044,0.043,0.044,0.041,146000,6262,0.041,0.044
2026/04/16 14:54:32,08489,裕程物流,GP LOGISTICS,,0.3,0.015,5.26316,0.285,0.3,0.305,0.3,160000,48250,0.285,0.305
2026/04/16 13:23:32,08490,骏码半导体,NICHE-TECH SEMI,,0.091,-0.002,-2.15054,0.093,0.091,0.091,0.091,95000,8645,0.091,0.099
2026/04/16 14:40:59,08491,COOL LINK,COOL LINK,,0.455,0.01,2.24719,0.445,0.435,0.46,0.4,2515000,1078800,0.435,0.455
2026/04/16 08:55:00,08493,炙龙控股,S. DRAGON,,0.035,0.0,0.0,0.035,0.0,0.0,0.0,0,0,0.0,0.0
2026/04/16 13:00:04,08495,1957 & CO.,1957 & CO.,,0.29,0.0,0.0,0.29,0.0,0.0,0.0,0,0,0.265,0.315
2026/04/16 08:55:00,08496,环球友饮智能,GLOBAL UIN,,0.041,0.0,0.0,0.041,0.0,0.0,0.0,0,0,0.0,0.0
2026/04/16 08:55:00,08500,天泓文创,ICONCULTURE,,0.091,0.0,0.0,0.091,0.0,0.0,0.0,0,0,0.0,0.0
2026/04/16 15:08:58,08501,庄皇集团公司,SANBASE CORP,,0.7,0.02,2.94118,0.68,0.69,0.7,0.69,28000,19380,0.64,0.75
2026/04/16 14:56:40,08502,远航港口,OCEAN LINE PORT,,0.33,0.01,3.125,0.32,0.33,0.33,0.33,16000,5280,0.33,0.34
2026/04/16 14:56:12,08507,爱世纪集团,I.CENTURY HLDG,,0.3,0.005,1.69492,0.295,0.295,0.3,0.285,868000,254280,0.29,0.3
2026/04/16 09:38:01,08509,威扬酒业控股,WINE'S LINK,,0.71,0.0,0.0,0.71,0.0,0.0,0.0,0,0,0.63,0.71
2026/04/16 08:55:00,08510,TOPSTANDARDCORP,TOPSTANDARDCORP,,0.16,0.0,0.0,0.16,0.0,0.0,0.0,0,0,0.0,0.0
2026/04/16 15:02:21,08511,民富国际,MIN FU INTL,,0.8,-0.08,-9.09091,0.88,0.89,0.89,0.8,12000,9780,0.79,0.85
2026/04/16 14:43:16,08512,凯富善集团控股,HYFUSIN GROUP,,0.385,-0.015,-3.75,0.4,0.4,0.4,0.385,710000,277850,0.385,0.4
2026/04/16 14:54:57,08513,加和国际控股,MAXWIN INT HLDG,,0.52,-0.03,-5.45455,0.55,0.52,0.52,0.52,17000,8800,0.5,0.55
2026/04/16 14:50:10,08516,中盈国际,ZY INTL,,1.53,0.08,5.51724,1.45,1.54,1.54,1.45,75000,113800,1.43,1.47
2026/04/16 14:56:15,08519,新享时代,XINXIANG ERA,,0.255,0.0,0.0,0.255,0.0,0.0,0.0,0,0,0.241,0.0
2026/04/16 10:56:11,08521,智云国际控股,WEBX INTL HLDGS,,0.91,0.01,1.11111,0.9,0.91,0.91,0.91,10000,9100,0.85,0.9
2026/04/16 08:55:00,08525,百应控股,BAIYING HOLDING,,0.85,0.0,0.0,0.85,0.0,0.0,0.0,0,0,0.0,0.0
2026/04/16 11:38:55,08526,荣丰集团亚洲,WING FUNG GROUP,,0.103,-0.016,-13.44538,0.119,0.103,0.103,0.103,10000,1030,0.103,0.0
2026/04/16 08:55:00,08527,聚利宝控股,JLOGO HLDGS,,0.171,0.0,0.0,0.171,0.0,0.0,0.0,0,0,0.0,0.0
2026/04/16 15:08:58,08529,优博控股,UBOT HOLDING,,0.216,0.017,8.54271,0.199,0.2,0.227,0.2,2775000,606015,0.216,0.218
2026/04/16 14:51:24,08532,宝发控股,POLYFAIR HLDGS,,0.068,0.007,11.47541,0.061,0.059,0.072,0.059,9539200,615035,0.066,0.068
2026/04/16 14:03:20,08535,荧德控股,VISTAR HOLDINGS,,0.159,0.0,0.0,0.159,0.0,0.0,0.0,0,0,0.155,0.17
2026/04/16 13:00:05,08536,TL NATURAL GAS,TL NATURAL GAS,,0.285,0.005,1.78571,0.28,0.285,0.285,0.285,20000,5700,0.25,0.28
2026/04/16 10:39:29,08537,创辉珠宝,CHONG FAI JEWEL,,0.187,0.0,0.0,0.187,0.0,0.0,0.0,0,0,0.18,0.187
2026/04/16 14:45:05,08540,胜利证券,VICTORY SEC,,4.57,-0.01,-0.21834,4.58,4.62,4.62,4.56,297000,1366580,4.56,4.59
2026/04/16 09:00:18,08545,佰悦集团,AMUSE GROUP,,0.038,0.0,0.0,0.038,0.0,0.0,0.0,0,0,0.037,0.039
2026/04/16 15:06:40,08547,PACIFIC LEGEND,PACIFIC LEGEND,,0.099,-0.001,-1.0,0.1,0.1,0.101,0.099,840000,84160,0.097,0.099
2026/04/16 14:37:16,08549,金叶国际集团,GOLDEN LEAF INT,,0.225,-0.002,-0.88106,0.227,0.23,0.231,0.225,355000,80570,0.226,0.228
2026/04/16 08:55:00,08551,基地锦标（二万）,BASETROPHY-20K,,1.93,0.0,0.0,1.93,0.0,0.0,0.0,0,0,0.0,0.0
2026/04/16 15:07:32,08600,汇隆控股,WLS HOLDINGS,,0.225,-0.175,-43.75,0.4,0.265,0.265,0.201,17309500,3824087,0.215,0.224
2026/04/16 13:00:04,08601,宝燵控股,BOLTEK,,0.223,0.0,0.0,0.223,0.0,0.0,0.0,20000,4440,0.2,0.222
2026/04/16 15:02:21,08603,亮晴控股,FAMEGLOW,,6.1,0.1,1.66667,6.0,6.0,6.1,6.0,34000,204280,6.01,6.17
2026/04/16 14:59:21,08606,倢冠控股,KINETIX SYSTEMS,,0.068,0.002,3.0303,0.066,0.073,0.074,0.068,250000,18020,0.068,0.072
2026/04/16 15:03:19,08610,BBSB INTL,BBSB INTL,,0.54,-0.01,-1.81818,0.55,0.54,0.55,0.52,408000,218800,0.54,0.55
2026/04/16 15:03:35,08611,九福来,MINDTELL TECH,,0.88,0.01,1.14943,0.87,0.87,0.88,0.87,180000,158300,0.88,0.89
2026/04/16 15:09:08,08612,维亮控股,WORLD SUPER,,0.123,0.005,4.23729,0.118,0.119,0.135,0.118,2920000,356380,0.122,0.125
2026/04/16 09:04:29,08613,东方支付集团控股,ORIENTAL PAY,,0.03,0.0,0.0,0.03,0.0,0.0,0.0,0,0,0.029,0.032
2026/04/16 14:56:16,08616,新威工程集团,SUNRAY ENG GP,,0.061,0.0,0.0,0.061,0.0,0.0,0.0,0,0,0.062,0.07
2026/04/16 14:41:00,08619,NIU HOLDINGS,NIU HOLDINGS,,0.245,-0.002,-0.80972,0.247,0.249,0.25,0.22,770000,188520,0.24,0.25
2026/04/16 14:40:13,08620,亚洲速运,AE LOGISTICS,,0.153,0.01,6.99301,0.143,0.143,0.16,0.143,1310000,201150,0.153,0.158
2026/04/16 09:30:31,08621,METROPOLIS CAP,METROPOLIS CAP,,0.031,0.0,0.0,0.031,0.0,0.0,0.0,0,0,0.031,0.035
2026/04/16 13:50:34,08622,愉悦集团,JOYZYME GROUP,,0.325,-0.005,-1.51515,0.33,0.33,0.345,0.325,264000,86360,0.325,0.335
2026/04/16 14:42:48,08623,中国蜀塔,CHINA SAFTOWER,,0.139,0.005,3.73134,0.134,0.139,0.139,0.139,40000,5560,0.131,0.149
2026/04/16 15:08:00,08627,旅橙文化,ORANGE TOUR,,0.074,-0.001,-1.33333,0.075,0.079,0.079,0.07,1768000,132816,0.07,0.073
2026/04/16 13:06:14,08629,集信国控,SYNTRUST GK,,8.69,0.0,0.0,8.69,8.69,8.69,8.69,1000,8690,8.31,8.7
2026/04/16 14:04:04,08631,申港控股,SUN KONG HLDGS,,0.58,0.02,3.57143,0.56,0.58,0.58,0.58,14000,8000,0.58,0.76
2026/04/16 15:08:01,08635,大象控股集团,ELEPHANT HLDGS,,0.355,-0.005,-1.38889,0.36,0.36,0.375,0.355,824000,298800,0.355,0.36
2026/04/16 14:23:01,08637,元续科技,METASURFACE,,3.3,0.05,1.53846,3.25,3.25,3.3,3.25,203000,663450,3.26,3.3
2026/04/16 14:32:16,08645,比特元宇宙,BYTE META,,0.425,0.005,1.19048,0.42,0.42,0.425,0.42,78000,32910,0.425,0.45
2026/04/16 14:01:43,08646,中国宏光,CHINA HONGGUANG,,0.221,-0.006,-2.64317,0.227,0.232,0.234,0.221,105000,23589,0.221,0.232
2026/04/16 13:00:16,08657,TRUE PARTNER,TRUE PARTNER,,0.345,0.0,0.0,0.345,0.0,0.0,0.0,0,0,0.315,0.35
2026/04/16 15:07:24,08659,易和国际控股,YIK WO INTL,,0.14,-0.002,-1.40845,0.142,0.136,0.141,0.13,3155000,419970,0.137,0.14
2026/04/16 09:01:26,08668,瀛海集团,YING HAI GROUP,,0.095,0.0,0.0,0.095,0.0,0.0,0.0,0,0,0.091,0.0
2026/04/16 14:27:38,09600,新纽科技,NEWLINK TECH,,0.187,-0.003,-1.57895,0.19,0.19,0.19,0.187,1045600,197705,0.187,0.189
2026/04/16 15:09:16,09606,映恩生物－Ｂ,DUALITYBIO-B,,319.4,1.6,0.50346,317.8,317.0,325.8,314.0,548730,175090640,318.60001,319.20001
2026/04/16 10:22:39,09608,宋都服务,SUNDY SERVICE,,0.048,-0.002,-4.0,0.05,0.05,0.05,0.048,1810000,89800,0.048,0.053
2026/04/16 15:06:56,09609,海伟股份,HAIWEI ELEC,,7.28,0.03,0.41379,7.25,7.28,7.29,7.26,32400,235688,7.28,7.3
2026/04/16 15:08:26,09611,龙旗科技,LONGCHEER,,24.96,0.44,1.79445,24.52,24.66,25.26,24.64,533500,13330616,24.9,24.96
2026/04/16 15:00:51,09616,东软睿新集团,NEUTECH GROUP,,2.35,0.01,0.42735,2.34,2.35,2.35,2.31,145600,338112,2.31,2.37
2026/04/16 15:09:20,09618,京东集团－ＳＷ,JD-SW,,123.4,2.7,2.23695,120.7,123.4,124.2,122.7,11140926,1376013805,123.3,123.4
2026/04/16 15:09:23,09626,哔哩哔哩－Ｗ,BILIBILI-W,,198.9,5.2,2.68456,193.7,195.0,200.0,194.7,2319010,460016754,198.8,198.89999
2026/04/16 15:09:12,09633,农夫山泉,NONGFU SPRING,,46.6,-0.48,-1.01954,47.08,47.08,47.48,46.16,2258002,105034567,46.58,46.6
2026/04/16 15:08:13,09636,九方智投控股,JF SMARTINVEST,,29.76,0.52,1.77839,29.24,29.9,30.1,29.2,1475390,43681549,29.76,29.78
2026/04/16 09:30:00,09638,法拉帝,FERRETTI,,39.8,0.0,0.0,39.8,0.0,0.0,0.0,0,0,36.66,39.8
2026/04/16 13:00:06,09639,荣利营造,WING LEE DEV,,1.12,0.0,0.0,1.12,1.12,1.12,1.12,15000,16800,1.12,1.15
2026/04/16 15:07:56,09658,特海国际,SUPER HI,,11.39,0.08,0.70734,11.31,11.31,11.4,11.28,264000,2995128,11.37,11.39
2026/04/16 15:09:23,09660,地平线机器人－Ｗ,HORIZONROBOT-W,,7.32,0.15,2.09205,7.17,7.28,7.41,7.24,81403303,595844487,7.32,7.33
2026/04/16 15:07:52,09663,国鸿氢能,SINOSYNERGY,,4.21,0.02,0.47733,4.19,4.19,4.27,3.91,4000,16670,3.99,4.19
2026/04/16 14:51:49,09668,渤海银行,CBHB,,0.83,0.0,0.0,0.83,0.83,0.84,0.83,3275000,2719320,0.83,0.84
2026/04/16 15:07:50,09669,北森控股,BEISEN HOLDING,,4.06,0.0,0.0,4.06,4.0,4.2,4.0,484200,1993816,4.05,4.07
2026/04/16 15:02:05,09676,十月稻田,SHIYUE DAOTIAN,,6.31,-0.1,-1.56006,6.41,6.41,6.48,6.3,306600,1949049,6.31,6.33
2026/04/16 13:00:10,09677,威海银行,WEIHAI BANK,,2.66,0.0,0.0,2.66,0.0,0.0,0.0,0,0,2.51,2.71
2026/04/16 15:09:20,09678,云知声,UNISOUND,,335.8,3.6,1.08369,332.2,333.0,348.0,322.6,835316,279666031,336.20001,336.39999
2026/04/16 15:03:43,09680,如祺出行,CHENQI TECH,,7.69,-0.82,-9.63572,8.51,8.1,8.51,7.69,27800,223172,8.2,8.49
2026/04/16 15:08:12,09686,熙康云医院,XIKANG CLOUD,,0.88,-0.01,-1.1236,0.89,0.88,0.88,0.88,500,440,0.85,0.88
2026/04/16 15:09:23,09688,再鼎医药,ZAI LAB,,18.23,0.8,4.58979,17.43,17.8,18.29,17.72,13674500,247244272,18.22,18.23
2026/04/16 14:17:07,09689,金泰丰国际控股,JTF INTL,,0.67,-0.13,-16.25,0.8,0.8,0.8,0.67,24000,17320,0.67,0.72
2026/04/16 15:08:59,09690,途虎－Ｗ,TUHU-W,,13.8,0.28,2.07101,13.52,13.45,13.93,13.23,868368,11863733,13.8,13.82
2026/04/16 15:09:23,09696,天齐锂业,TIANQI LITHIUM,,56.4,2.55,4.73538,53.85,54.75,57.65,54.3,11347200,637524058,56.35,56.4
2026/04/16 15:09:10,09698,万国数据－ＳＷ,GDS-SW,,43.62,1.62,3.85714,42.0,42.08,43.84,42.08,2660468,114846823,43.6,43.62
2026/04/16 15:09:17,09699,顺丰同城,SF INTRA-CITY,,11.43,0.13,1.15044,11.3,11.3,11.69,11.24,2419800,27893741,11.43,11.44
2026/04/16 14:37:16,09857,柠萌影视,LINMON MEDIA,,2.89,-0.09,-3.02013,2.98,2.98,2.98,2.89,10500,30642,2.77,2.97
2026/04/16 15:08:53,09858,优然牧业,YOURAN DAIRY,,4.36,0.0,0.0,4.36,4.32,4.44,4.25,8427000,36416335,4.35,4.36
2026/04/16 15:09:22,09860,艾迪康控股,ADICON HOLDINGS,,3.72,-0.28,-7.0,4.0,4.02,4.02,3.53,2242500,8346465,3.69,3.73
2026/04/16 15:09:17,09863,零跑汽车,LEAPMOTOR,,56.35,1.95,3.58456,54.4,54.95,57.15,54.75,10140980,569981793,56.3,56.35
2026/04/16 15:09:16,09866,蔚来－ＳＷ,NIO-SW,,52.65,1.1,2.13385,51.55,51.25,52.8,51.0,4486958,234771513,52.6,52.65
2026/04/16 15:09:08,09868,小鹏集团－Ｗ,XPENG-W,,69.4,1.75,2.58684,67.65,68.4,70.7,68.35,16168256,1125266744,69.4,69.45
2026/04/16 15:00:16,09869,海伦司,HELENS,,1.06,0.03,2.91262,1.03,1.05,1.07,1.04,670500,709395,1.06,1.07
2026/04/16 13:45:55,09876,大洋环球控股,OCEAN ONE HLDG,,2.57,-0.11,-4.10448,2.68,2.65,2.65,2.57,104000,270780,2.51,2.78
2026/04/16 15:05:25,09877,健世科技－Ｂ,JENSCARE-B,,9.58,-0.17,-1.74359,9.75,9.75,9.75,9.5,201000,1925346,9.52,9.58
2026/04/16 15:09:18,09878,汇通达网络,HUITONGDA NET,,6.6,0.12,1.85185,6.48,6.48,6.69,6.48,217400,1439665,6.63,6.67
2026/04/16 15:04:37,09879,米高集团,MIGAO GROUP,,8.15,0.04,0.49322,8.11,8.15,8.19,8.01,430000,3480730,8.1,8.17
2026/04/16 15:09:10,09880,优必选,UBTECH ROBOTICS,,110.2,0.7,0.63927,109.5,110.1,111.5,109.0,3481946,383721915,110.1,110.2
2026/04/16 08:55:00,09881,容大科技,RONGTA TECH,,17.7,0.0,0.0,17.7,0.0,0.0,0.0,0,0,0.0,0.0
2026/04/16 13:57:07,09882,永联丰控股,BEST LINKING,,0.95,-0.05,-5.0,1.0,1.0,1.0,0.95,108000,102700,0.95,0.98
2026/04/16 15:08:47,09885,药师帮,YSB,,5.06,-0.04,-0.78431,5.1,5.1,5.2,5.04,2145400,10964651,5.04,5.08
2026/04/16 14:49:26,09886,叮当健康,DINGDANG HEALTH,,1.05,0.01,0.96154,1.04,1.05,1.07,1.04,304000,320615,1.05,1.06
2026/04/16 15:09:14,09887,维立志博－Ｂ,LEADS BIOLABS-B,,94.0,0.05,0.05322,93.95,95.0,97.5,92.4,982600,92972627,94.0,94.15
2026/04/16 15:09:14,09888,百度集团－ＳＷ,BIDU-SW,,122.6,8.1,7.07424,114.5,118.5,124.3,118.3,14034964,1709670058,122.5,122.6
2026/04/16 15:08:50,09889,东莞农商银行,DRCB,,3.34,-0.01,-0.29851,3.35,3.35,3.36,3.34,178000,597190,3.34,3.35
2026/04/16 15:06:30,09890,贪玩,TANWAN,,15.2,0.51,3.47175,14.69,14.69,15.33,14.65,1129800,17065164,15.2,15.23
2026/04/16 14:54:18,09893,比优集团,PIZU GROUP,,1.56,-0.01,-0.63694,1.57,1.57,1.58,1.55,420000,658000,1.56,1.6
2026/04/16 15:09:12,09896,名创优品,MNSO,,31.06,0.06,0.19355,31.0,31.2,31.5,31.0,2163473,67418257,31.06,31.08
2026/04/16 15:09:10,09898,微博－ＳＷ,WB-SW,,67.95,1.83,2.7677,66.12,66.9,68.2,66.5,215000,14527700,67.95,68.05
2026/04/16 15:09:23,09899,网易云音乐,NETEASE MUSIC,,126.9,1.9,1.52,125.0,125.5,128.5,125.5,925550,117711286,126.8,127.1
2026/04/16 15:00:15,09900,智云科技建设,ZCLOUD TECH CON,,4.19,-0.34,-7.50552,4.53,4.58,4.58,4.19,880000,3802200,4.19,4.24
2026/04/16 15:09:19,09901,新东方－Ｓ,NEW ORIENTAL-S,,44.32,2.2,5.22317,42.12,44.02,44.64,43.4,6370903,282061800,44.3,44.32
2026/04/16 15:09:21,09903,天数智芯,ILUVATAR COREX,,433.0,62.0,16.71159,371.0,371.0,437.0,371.0,1764792,732522313,432.39999,433.0
2026/04/16 08:55:00,09906,宏力医疗管理,HONLIV HEALTH,,1.56,0.0,0.0,1.56,0.0,0.0,0.0,0,0,0.0,0.0
2026/04/16 15:06:19,09908,嘉兴燃气,JIAXING GAS,,8.29,0.0,0.0,8.29,0.0,0.0,0.0,0,0,8.11,8.29
2026/04/16 14:29:16,09909,宝龙商业,POWERLONG CM,,2.46,0.01,0.40816,2.45,2.45,2.47,2.44,73500,180455,2.46,2.47
2026/04/16 15:09:12,09911,赤子城科技,NEWBORNTOWN,,9.56,0.09,0.95037,9.47,9.69,9.79,9.47,15982000,153181000,9.55,9.56
2026/04/16 14:53:03,09913,智勤控股,CHI KAN HLDGS,,2.28,-0.03,-1.2987,2.31,2.32,2.32,2.28,312000,719480,2.27,2.3
2026/04/16 15:08:14,09916,兴业物联,XINGYE WULIAN,,0.32,-0.015,-4.47761,0.335,0.325,0.325,0.32,438000,141470,0.315,0.32
2026/04/16 10:19:44,09918,丽年国际,WISE ALLY INTL,,0.95,0.03,3.26087,0.92,0.95,0.95,0.95,26000,24700,0.86,0.95
2026/04/16 14:01:56,09919,艾德韦宣集团,ACTIVATION GP,,0.91,0.01,1.11111,0.9,0.9,0.91,0.88,99580,89922,0.88,0.9
2026/04/16 15:09:09,09922,九毛九,JIUMAOJIU,,1.97,0.02,1.02564,1.95,1.95,1.98,1.91,3393000,6638161,1.96,1.97
2026/04/16 15:00:35,09923,移卡,YEAHKA,,6.57,0.0,0.0,6.57,6.57,6.64,6.44,406000,2654828,6.57,6.59
2026/04/16 15:09:09,09926,康方生物,AKESO,,148.9,1.5,1.01764,147.4,147.4,149.4,146.1,4005927,592696975,148.8,148.89999
2026/04/16 15:09:10,09927,赛力斯,SERES,,80.95,1.85,2.33881,79.1,79.7,81.6,79.65,719846,58211938,80.95,81.15
2026/04/16 14:39:42,09928,时代邻里,TIMES NEIGHBOR,,0.57,-0.01,-1.72414,0.58,0.58,0.59,0.57,310000,180460,0.57,0.58
2026/04/16 15:06:15,09929,澳达控股,SEM HLDGS,,0.89,-0.01,-1.11111,0.9,0.9,0.95,0.87,5030000,4596700,0.88,0.9
2026/04/16 14:16:47,09930,宏信建发,HORIZON CD,,0.89,-0.01,-1.11111,0.9,0.9,0.91,0.88,98000,87570,0.87,0.9
2026/04/16 15:06:22,09933,GHW INTL,GHW INTL,,1.67,0.0,0.0,1.67,0.0,0.0,0.0,0,0,1.63,1.66
2026/04/16 15:08:03,09936,稀美资源,XIMEI RESOURCES,,14.9,-0.09,-0.6004,14.99,14.54,15.54,14.54,335000,4977325,14.84,15.04
2026/04/16 14:23:54,09938,华和控股,WAH WO HOLDINGS,,0.178,0.033,22.75862,0.145,0.153,0.185,0.153,2195000,378315,0.171,0.178
2026/04/16 15:08:14,09939,开拓药业－Ｂ,KINTOR PHARMA-B,,2.73,-0.22,-7.45763,2.95,2.96,2.96,2.67,5535500,15288720,2.71,2.73
2026/04/16 15:01:47,09955,智云健康,CLOUDR,,0.7,0.0,0.0,0.7,0.7,0.7,0.69,87500,60960,0.69,0.7
2026/04/16 15:07:38,09958,力天影业,LITIAN PICTURES,,0.173,-0.001,-0.57471,0.174,0.171,0.175,0.168,11018000,1908007,0.169,0.173
2026/04/16 15:08:54,09959,联易融科技－Ｗ,LINKLOGIS-W,,2.22,0.0,0.0,2.22,2.22,2.27,2.19,2296000,5125190,2.22,2.23
2026/04/16 15:07:36,09960,康圣环球,KINDSTAR GLOBAL,,1.21,0.08,7.07965,1.13,1.13,1.21,1.12,719000,834115,1.17,1.19
2026/04/16 15:09:13,09961,携程集团－Ｓ,TRIP.COM-S,,430.2,19.8,4.82456,410.4,422.8,433.2,420.4,2589259,1107941112,430.0,430.20001
2026/04/16 15:08:45,09963,高科桥,TRANSTECH,,4.65,0.5,12.04819,4.15,4.48,4.8,3.78,5415700,23394116,4.55,4.64
2026/04/16 15:08:22,09966,康宁杰瑞制药－Ｂ,ALPHAMAB-B,,12.01,0.78,6.94568,11.23,11.26,12.08,11.15,3954932,46794729,12.01,12.05
2026/04/16 14:36:56,09968,汇景控股,HUIJING HLDGS,,0.031,0.0,0.0,0.031,0.031,0.032,0.03,1628000,51440,0.031,0.033
2026/04/16 15:09:21,09969,诺诚健华,INNOCARE,,15.97,0.41,2.63496,15.56,15.62,15.98,15.24,5854000,91615665,15.97,15.98
2026/04/16 15:09:20,09973,奇瑞汽车,CHERY AUTO,,31.48,0.28,0.89744,31.2,31.6,32.12,31.14,3032300,95554724,31.48,31.5
2026/04/16 13:44:32,09978,方圆生活服务,FINELAND LIVING,,0.063,0.0,0.0,0.063,0.0,0.0,0.0,0,0,0.061,0.063
2026/04/16 15:09:05,09979,绿城管理控股,GREENTOWN MGMT,,2.35,0.01,0.42735,2.34,2.34,2.36,2.28,1975000,4588237,2.34,2.35
2026/04/16 15:05:33,09980,东鹏饮料,EASTROC,,206.8,0.8,0.38835,206.0,206.0,213.0,204.0,82000,17022210,206.60001,206.8
2026/04/16 15:09:00,09981,沃尔核材,WOER,,19.42,0.16,0.83074,19.26,19.6,19.66,19.31,2372800,46180636,19.41,19.44
2026/04/16 15:07:43,09982,中原建业,CENTRALCHINA MT,,0.056,-0.001,-1.75439,0.057,0.056,0.058,0.055,10861000,609382,0.056,0.057
2026/04/16 11:57:27,09983,建业新生活,CC NEW LIFE,,0.36,-0.005,-1.36986,0.365,0.36,0.36,0.36,256000,92160,0.36,0.365
2026/04/16 15:09:09,09985,卫龙美味,WL DELICIOUS,,9.26,-0.06,-0.64378,9.32,9.41,9.41,9.17,3192200,29511119,9.26,9.27
2026/04/16 08:55:00,09986,大山教育,DASHAN EDU,,1.88,0.0,0.0,1.88,0.0,0.0,0.0,0,0,0.0,0.0
2026/04/16 15:09:00,09987,百胜中国,YUM CHINA,,390.2,5.8,1.50885,384.4,388.2,391.4,385.0,309628,120542856,390.20001,390.39999
2026/04/16 15:09:10,09988,阿里巴巴－Ｗ,BABA-W,,135.3,6.7,5.20995,128.6,131.7,136.1,131.2,103857419,13909307702,135.2,135.3
2026/04/16 15:07:51,09989,海普瑞,HEPALINK,,4.98,-0.03,-0.5988,5.01,5.01,5.01,4.94,184500,915680,4.99,5.0
2026/04/16 15:06:21,09990,祖龙娱乐,ARCHOSAUR GAMES,,1.53,0.01,0.6579,1.52,1.58,1.58,1.47,321000,479680,1.48,1.51
2026/04/16 15:03:05,09991,宝尊电商－Ｗ,BAOZUN-W,,7.1,0.36,5.34125,6.74,7.23,7.23,7.02,6800,48063,7.05,7.08
2026/04/16 15:09:08,09992,泡泡玛特,POP MART,,165.7,2.4,1.46969,163.3,165.7,169.4,164.4,20074016,3357631143,165.60001,165.7
2026/04/16 15:03:51,09993,金辉控股,RADIANCE HLDGS,,1.28,-0.02,-1.53846,1.3,1.31,1.31,1.27,2071000,2664160,1.27,1.28
2026/04/16 15:09:06,09995,荣昌生物,REMEGEN,,118.2,-0.1,-0.08453,118.3,121.0,121.2,115.2,4119794,489082747,117.8,118.2
2026/04/16 15:06:11,09996,沛嘉医疗－Ｂ,PEIJIA-B,,6.98,-0.08,-1.13314,7.06,7.05,7.1,6.94,908000,6361483,6.98,7.0
2026/04/16 11:50:45,09998,光荣控股,KWAN YONG,,0.46,-0.01,-2.12766,0.47,0.455,0.46,0.45,130000,59575,0.45,0.46
2026/04/16 15:09:00,09999,网易－Ｓ,NTES-S,,185.4,7.7,4.33315,177.7,183.6,186.2,182.9,3899365,722404223,185.3,185.39999
2026/04/16 15:08:40,80016,新鸿基地产－Ｒ,SHK PPT-R,,118.6,-0.8,-0.67002,119.4,118.6,118.6,118.6,2500,296500,120.0,120.3
2026/04/16 14:08:51,80020,商汤－ＷＲ,SENSETIME-WR,,1.81,0.02,1.11732,1.79,1.81,1.82,1.8,281000,509000,1.81,1.82
2026/04/16 15:08:30,80175,吉利汽车－Ｒ,GEELY AUTO-R,,21.38,0.48,2.29665,20.9,21.62,21.62,21.24,24000,513600,21.34,21.4
2026/04/16 15:08:32,80291,华润啤酒－Ｒ,CHINARES BEER-R,,22.86,0.0,0.0,22.86,0.0,0.0,0.0,0,0,22.94,23.0
2026/04/16 15:07:51,80388,香港交易所－Ｒ,HKEX-R,,357.0,-2.0,-0.5571,359.0,357.8,357.8,356.0,8000,2853620,357.20001,357.79999
2026/04/16 15:08:04,80700,腾讯控股－Ｒ,TENCENT-R,,447.6,13.0,2.99126,434.6,445.0,447.8,440.2,15700,6966820,447.0,447.60001
2026/04/16 09:30:20,80737,湾区发展－Ｒ,BAY AREA DEV-R,,1.66,0.0,0.0,1.66,0.0,0.0,0.0,0,0,1.66,0.0
2026/04/16 15:07:32,80883,中国海洋石油－Ｒ,CNOOC-R,,23.38,0.52,2.27472,22.86,22.86,23.4,22.84,350000,8001780,23.18,23.24
2026/04/16 15:09:09,80941,中国移动－Ｒ,CHINA MOBILE-R,,71.05,0.2,0.28229,70.85,70.85,71.4,70.85,32000,2276600,70.95,71.05
2026/04/16 15:09:05,80992,联想集团－Ｒ,LENOVO GROUP-R,,9.65,0.45,4.8913,9.2,9.23,9.7,9.23,426000,4027100,9.66,9.68
2026/04/16 15:09:08,81024,快手－ＷＲ,KUAISHOU-WR,,40.72,1.0,2.51762,39.72,40.6,40.82,40.34,16500,670024,40.7,40.76
2026/04/16 15:09:00,81211,比亚迪股份－Ｒ,BYD COMPANY-R,,98.5,5.1,5.46039,93.4,95.6,98.5,95.6,34500,3378630,98.05,98.2
2026/04/16 15:06:38,81299,友邦保险－Ｒ,AIA-R,,73.45,0.15,0.20464,73.3,73.5,73.5,73.3,1200,88130,73.55,73.7
2026/04/16 15:09:06,81810,小米集团－ＷＲ,XIAOMI-WR,,27.9,1.0,3.71747,26.9,27.02,28.0,27.02,68200,1880068,27.78,27.84
2026/04/16 15:07:48,82020,安踏体育－Ｒ,ANTA SPORTS-R,,72.9,0.0,0.0,72.9,0.0,0.0,0.0,0,0,73.0,73.15
2026/04/16 15:08:38,82318,中国平安－Ｒ,PING AN-R,,54.4,-0.1,-0.18349,54.5,54.7,54.7,54.3,53500,2914750,54.35,54.5
2026/04/16 15:09:04,82331,李宁－Ｒ,LI NING-R,,18.28,0.0,0.0,18.28,0.0,0.0,0.0,0,0,18.25,18.29
2026/04/16 15:09:07,82333,长城汽车－Ｒ,GWMOTOR-R,,11.62,0.07,0.60606,11.55,11.56,11.62,11.5,19500,225065,11.61,11.66
2026/04/16 15:09:06,82388,中银香港－Ｒ,BOC HONG KONG-R,,38.14,-0.34,-0.88358,38.48,38.0,38.14,37.8,18500,703380,38.1,38.16
2026/04/16 15:09:06,83690,美团－ＷＲ,MEITUAN-WR,,77.5,2.35,3.12708,75.15,75.3,77.5,75.3,14100,1083245,77.2,77.35
2026/04/16 15:08:26,86618,京东健康－Ｒ,JD HEALTH-R,,43.48,0.78,1.8267,42.7,42.7,43.48,42.7,1050,45615,43.36,43.42
2026/04/16 15:07:52,89618,京东集团－ＳＷＲ,JD-SWR,,107.8,2.8,2.66667,105.0,107.2,107.8,107.0,17250,1852585,107.3,107.5
2026/04/16 15:09:09,89888,百度集团－ＳＷＲ,BIDU-SWR,,106.8,7.15,7.17511,99.65,100.0,108.0,100.0,18700,1973075,106.5,106.7
2026/04/16 15:09:07,89988,阿里巴巴－ＷＲ,BABA-WR,,117.6,5.6,5.0,112.0,113.5,118.3,113.5,167200,19323850,117.6,117.8
