日期时间,代码,中文名称,英文名称,交易类型,最新价,涨跌额,涨跌幅,昨收,今开,最高,最低,成交量,成交额,买一,卖一
2026/04/16 11:59:15,00001,长和,CKH HOLDINGS,,64.1,0.15,0.23456,63.95,64.35,65.0,63.9,3148269,202486888,64.0,64.1
2026/04/16 11:59:33,00002,中电控股,CLP HOLDINGS,,74.3,-0.1,-0.13441,74.4,74.6,75.1,74.05,1336698,99460484,74.25,74.3
2026/04/16 11:59:53,00003,香港中华煤气,HK & CHINA GAS,,7.27,0.0,0.0,7.27,7.27,7.32,7.24,9187997,66842584,7.26,7.27
2026/04/16 11:59:11,00004,九龙仓集团,WHARF HOLDINGS,,21.92,0.14,0.64279,21.78,21.66,21.96,21.44,825691,17942145,21.9,21.92
2026/04/16 11:59:55,00005,汇丰控股,HSBC HOLDINGS,,141.8,0.4,0.28289,141.4,141.3,142.1,141.0,3339169,473413194,141.7,141.8
2026/04/16 11:58:26,00006,电能实业,POWER ASSETS,,63.4,-0.3,-0.47096,63.7,63.7,64.15,63.3,719697,45733330,63.35,63.45
2026/04/16 08:55:00,00007,智富资源投资,WISDOM WEALTH,,0.032,0.0,0.0,0.032,0.0,0.0,0.0,0,0,0.0,0.0
2026/04/16 11:59:17,00008,电讯盈科,PCCW,,6.04,0.05,0.83473,5.99,5.97,6.04,5.97,1688477,10149918,6.02,6.04
2026/04/16 11:59:38,00010,恒隆集团,HANG LUNG GROUP,,16.56,-0.45,-2.6455,17.01,16.9,16.9,16.43,290000,4828920,16.58,16.61
2026/04/16 11:59:49,00012,恒基地产,HENDERSON LAND,,30.2,-0.44,-1.43603,30.64,30.58,30.78,30.2,2258610,68507379,30.2,30.22
2026/04/16 11:58:55,00013,和黄医药,HUTCHMED,,24.06,-0.24,-0.98765,24.3,24.08,24.36,23.88,1488993,35799957,24.02,24.06
2026/04/16 11:59:46,00014,希慎兴业,HYSAN DEV,,18.96,-0.36,-1.86335,19.32,19.32,19.33,18.95,727627,13873348,18.95,18.96
2026/04/16 11:59:08,00016,新鸿基地产,SHK PPT,,137.2,-0.3,-0.21818,137.5,136.9,138.2,136.0,2658264,364396365,137.2,137.3
2026/04/16 11:57:58,00017,新世界发展,NEW WORLD DEV,,8.82,0.04,0.45558,8.78,8.81,8.87,8.74,890149,7844776,8.78,8.82
2026/04/16 11:36:55,00018,东方传媒集团,ORIENTAL M G,,0.28,-0.01,-3.44828,0.29,0.29,0.29,0.28,14000,4020,0.28,0.295
2026/04/16 11:59:34,00019,太古股份公司Ａ,SWIRE PACIFIC A,,85.5,-0.25,-0.29155,85.75,85.75,87.75,85.0,307201,26375952,85.2,85.5
2026/04/16 12:00:00,00020,商汤－Ｗ,SENSETIME-W,,2.09,0.04,1.95122,2.05,2.06,2.09,2.05,140894551,291755500,2.08,2.09
2026/04/16 11:59:33,00021,大中华控股,GREAT CHI HLDGS,,0.075,0.0,0.0,0.075,0.0,0.0,0.0,0,0,0.072,0.081
2026/04/16 11:59:44,00022,茂盛控股,MEXAN,,0.275,0.0,0.0,0.275,0.28,0.28,0.275,9940000,2742600,0.275,0.28
2026/04/16 11:56:24,00023,东亚银行,BANK OF E ASIA,,13.64,-0.16,-1.15942,13.8,13.63,13.72,13.61,382660,5225798,13.63,13.64
2026/04/16 11:59:27,00025,CHEVALIER INT'L,CHEVALIER INT'L,,4.05,0.0,0.0,4.05,0.0,0.0,0.0,0,0,4.05,4.3
2026/04/16 11:29:17,00026,中华汽车,CHINA MOTOR BUS,,57.05,0.0,0.0,57.05,0.0,0.0,0.0,0,0,56.8,58.0
2026/04/16 12:31:00,00027,银河娱乐,GALAXY ENT,,35.12,0.56,1.62037,34.56,34.74,35.14,34.62,3506819,122218401,35.08,35.14
2026/04/16 11:59:35,00028,天安,TIAN AN,,4.34,-0.07,-1.5873,4.41,4.34,4.34,4.34,3000,13020,4.35,4.45
2026/04/16 11:36:16,00029,达力集团,DYNAMIC HOLD,,11.1,0.0,0.0,11.1,11.1,11.1,11.1,8120,90110,11.03,11.34
2026/04/16 11:16:36,00030,云白国际,YNBY INTL,,0.255,0.0,0.0,0.255,0.255,0.255,0.25,104000,26270,0.25,0.255
2026/04/16 11:57:31,00031,航天控股,CHINA AEROSPACE,,0.49,0.0,0.0,0.49,0.49,0.49,0.48,2612000,1265340,0.485,0.49
2026/04/16 11:16:39,00032,港通控股,CROSS-HAR(HOLD),,8.48,0.01,0.11806,8.47,8.47,8.48,8.47,16200,137252,8.5,8.7
2026/04/16 08:55:00,00033,INTL GENIUS,INTL GENIUS,,0.4,0.0,0.0,0.4,0.0,0.0,0.0,0,0,0.0,0.0
2026/04/16 11:57:00,00034,九龙建业,KOWLOON DEV,,4.7,0.06,1.2931,4.64,4.64,4.7,4.64,89000,415810,4.67,4.7
2026/04/16 10:31:11,00035,远东发展,FE CONSORT INTL,,0.77,-0.01,-1.28205,0.78,0.78,0.78,0.77,107000,82960,0.77,0.78
2026/04/16 08:55:00,00036,远东控股国际,FE HLDGS INTL,,0.275,0.0,0.0,0.275,0.0,0.0,0.0,0,0,0.0,0.0
2026/04/16 10:36:31,00037,远东酒店实业,FE HOTELS,,0.53,0.0,0.0,0.53,0.53,0.53,0.53,20000,10600,0.52,0.53
2026/04/16 11:58:45,00038,第一拖拉机股份,FIRST TRACTOR,,8.18,-0.01,-0.1221,8.19,8.27,8.35,8.1,2328735,19011167,8.18,8.21
2026/04/16 08:55:00,00039,中国北大荒,CH BEIDAHUANG,,0.045,0.0,0.0,0.045,0.0,0.0,0.0,0,0,0.0,0.0
2026/04/16 09:30:19,00040,金山科技工业,GOLD PEAK,,0.69,0.0,0.0,0.69,0.0,0.0,0.0,0,0,0.69,0.7
2026/04/16 11:59:58,00041,鹰君,GREAT EAGLE H,,17.79,-0.09,-0.50336,17.88,17.64,17.83,17.64,99000,1757490,17.71,17.8
2026/04/16 10:59:49,00042,东北电气,NE ELECTRIC,,0.41,0.005,1.23457,0.405,0.41,0.42,0.405,646000,267990,0.405,0.415
2026/04/16 11:44:21,00045,大酒店,HK&S HOTELS,,6.01,0.04,0.67002,5.97,5.98,6.01,5.97,38500,230095,5.98,6.0
2026/04/16 11:54:55,00046,科联系统,COMPUTER & TECH,,1.21,-0.03,-2.41936,1.24,1.25,1.25,1.21,46000,56500,1.21,1.25
2026/04/16 11:59:27,00048,中国汽车内饰,C AUTO INT DECO,,0.249,0.0,0.0,0.249,0.0,0.0,0.0,0,0,0.24,0.25
2026/04/16 11:07:47,00050,香港小轮（集团）,HK FERRY (HOLD),,5.11,0.0,0.0,5.11,5.11,5.11,5.11,7000,35770,5.12,5.16
2026/04/16 11:59:30,00051,海港企业,HARBOUR CENTRE,,4.42,0.0,0.0,4.42,0.0,0.0,0.0,0,0,4.32,4.45
2026/04/16 11:51:13,00052,大快活集团,FAIRWOOD HOLD,,3.99,-0.03,-0.74627,4.02,4.01,4.01,3.98,52000,207615,3.98,3.99
2026/04/16 10:17:39,00053,国浩集团,GUOCO GROUP,,68.9,0.0,0.0,68.9,0.0,0.0,0.0,0,0,68.7,69.8
2026/04/16 11:41:03,00055,中星集团控股,NEWAY GROUP,,0.184,-0.005,-2.6455,0.189,0.195,0.195,0.13,870000,147960,0.178,0.182
2026/04/16 11:14:27,00057,震雄集团,CHEN HSONG HOLD,,1.62,0.02,1.25,1.6,1.61,1.62,1.61,104000,168260,1.61,1.62
2026/04/16 10:51:41,00058,新威国际,SUNWAY INT'L,,0.28,-0.03,-9.67742,0.31,0.295,0.295,0.28,100000,28300,0.28,0.305
2026/04/16 08:55:00,00059,天誉置业,SKYFAME REALTY,,0.01,0.0,0.0,0.01,0.0,0.0,0.0,0,0,0.0,0.0
2026/04/16 09:30:11,00060,香港食品投资,HK FOOD INV,,0.495,0.0,0.0,0.495,0.0,0.0,0.0,0,0,0.485,0.495
2026/04/16 10:50:13,00061,绿领控股,GREEN LEADER,,0.069,0.0,0.0,0.069,0.0,0.0,0.0,0,0,0.07,0.071
2026/04/16 11:23:11,00062,载通,TRANSPORT INT'L,,10.89,-0.03,-0.27473,10.92,10.93,10.93,10.82,26609,289477,10.86,10.89
2026/04/16 11:00:23,00063,中亚烯谷集团,CHI ASIA VALLEY,,0.047,0.0,0.0,0.047,0.0,0.0,0.0,0,0,0.044,0.048
2026/04/16 11:55:40,00064,结好控股,GET NICE,,3.1,0.01,0.32363,3.09,3.1,3.1,3.07,22150,68296,3.08,3.1
2026/04/16 09:40:53,00065,弘海高新资源,GRAND OCEAN AR,,0.3,0.0,0.0,0.3,0.0,0.0,0.0,0,0,0.29,0.31
2026/04/16 11:59:21,00066,港铁公司,MTR CORPORATION,,34.46,0.46,1.35294,34.0,33.82,34.46,33.72,2864222,97626430,34.44,34.46
2026/04/16 11:55:41,00069,香格里拉（亚洲）,SHANGRI-LA ASIA,,4.47,-0.02,-0.44543,4.49,4.49,4.49,4.45,224000,1002240,4.46,4.47
2026/04/16 09:45:12,00070,金粤控股,RICH GOLDMAN,,0.054,0.0,0.0,0.054,0.0,0.0,0.0,0,0,0.049,0.054
2026/04/16 11:34:43,00071,美丽华酒店,MIRAMAR HOTEL,,10.88,0.11,1.02136,10.77,10.8,10.88,10.8,2000,21680,10.81,10.88
2026/04/16 11:59:18,00072,超媒体控股,META MEDIA,,0.25,0.0,0.0,0.25,0.0,0.0,0.0,0,0,0.216,0.295
2026/04/16 10:28:20,00073,亚洲果业,ASIAN CITRUS,,1.8,0.0,0.0,1.8,0.0,0.0,0.0,0,0,1.87,2.01
2026/04/16 10:03:40,00075,渝太地产,Y.T. REALTY,,0.147,-0.003,-2.0,0.15,0.147,0.147,0.147,2000,294,0.147,0.147
2026/04/16 11:57:01,00076,谊砾控股,ELATE HOLDINGS,,0.168,0.002,1.20482,0.166,0.168,0.168,0.168,20811,3484,0.161,0.168
2026/04/16 09:04:28,00077,进智公共交通,AMS TRANSPORT,,0.43,0.0,0.0,0.43,0.0,0.0,0.0,0,0,0.42,0.43
2026/04/16 10:38:51,00078,REGAL INT'L,REGAL INT'L,,0.52,-0.01,-1.88679,0.53,0.51,0.52,0.51,9000,4610,0.51,0.53
2026/04/16 11:59:27,00079,世纪建业,CENTURY LEGEND,,0.083,0.0,0.0,0.083,0.0,0.0,0.0,0,0,0.078,0.086
2026/04/16 11:53:05,00080,ＣＡＩ控股,CAI CORP,,0.4,0.0,0.0,0.4,0.4,0.4,0.395,660000,261250,0.395,0.405
2026/04/16 11:59:06,00081,中国海外宏洋集团,CH OVS G OCEANS,,2.74,0.06,2.23881,2.68,2.68,2.75,2.68,2288000,6234050,2.72,2.74
2026/04/16 11:42:00,00082,疯狂体育,CRAZY SPORTS,,0.084,0.0,0.0,0.084,0.083,0.084,0.082,202000,16588,0.082,0.084
2026/04/16 11:59:15,00083,信和置业,SINO LAND,,11.82,0.0,0.0,11.82,11.93,11.93,11.74,608315,7179633,11.8,11.82
2026/04/16 09:04:27,00084,宝光实业,STELUX HOLDINGS,,0.069,0.0,0.0,0.069,0.0,0.0,0.0,0,0,0.063,0.069
2026/04/16 11:53:07,00085,中电华大科技,CE HUADA TECH,,1.18,0.01,0.8547,1.17,1.19,1.21,1.17,1140000,1358800,1.18,1.19
2026/04/16 11:59:46,00086,新鸿基公司,SUN HUNG KAI CO,,4.3,-0.03,-0.69284,4.33,4.28,4.3,4.27,74000,316785,4.3,4.32
2026/04/16 11:59:30,00087,太古股份公司Ｂ,SWIRE PACIFIC B,,13.15,-0.15,-1.12782,13.3,13.3,13.32,13.12,198570,2618867,13.13,13.17
2026/04/16 11:30:18,00088,TAI CHEUNG HOLD,TAI CHEUNG HOLD,,4.02,0.0,0.0,4.02,0.0,0.0,0.0,0,0,3.97,4.03
2026/04/16 11:55:21,00089,大生地产,TAI SANG LAND,,2.32,0.11,4.97738,2.21,2.27,2.32,2.27,66000,150750,2.23,2.3
2026/04/16 10:54:15,00090,普星能量,PUXING ENERGY,,1.16,0.0,0.0,1.16,1.16,1.16,1.16,12000,13920,1.13,1.16
2026/04/16 11:20:20,00092,冠军科技集团,CHAMPION TECH,,0.189,0.0,0.0,0.189,0.0,0.0,0.0,4055,689,0.176,0.19
2026/04/16 11:59:31,00093,零在科技金融,ZERO FINTECH,,0.4,0.0,0.0,0.4,0.0,0.0,0.0,0,0,0.38,0.42
2026/04/16 11:59:31,00094,绿心集团,GREENHEART GP,,0.076,0.0,0.0,0.076,0.076,0.076,0.076,80000,6080,0.072,0.076
2026/04/16 12:31:42,00095,绿景中国地产,LVGEM CHINA,,0.233,0.001,0.43103,0.232,0.233,0.237,0.233,466000,108690,0.232,0.242
2026/04/16 09:02:37,00096,YUSEI,YUSEI,,0.58,0.0,0.0,0.58,0.0,0.0,0.0,0,0,0.53,0.59
2026/04/16 11:56:09,00097,恒基发展,HENDERSON INV,,0.181,0.001,0.55556,0.18,0.175,0.181,0.175,53000,9343,0.176,0.181
2026/04/16 11:56:07,00098,兴发铝业,XINGFA ALUM,,7.4,-0.07,-0.93708,7.47,7.49,7.5,7.37,32000,239190,7.4,7.43
2026/04/16 11:59:34,00099,王氏国际,WONG'S INT'L,,1.23,0.0,0.0,1.23,0.0,0.0,0.0,0,0,1.18,1.35
2026/04/16 11:59:58,00100,MINIMAX-W,MINIMAX-W,,894.5,47.0,5.54572,847.5,815.5,918.0,815.5,1030915,901201248,894.5,895.0
2026/04/16 11:59:28,00101,恒隆地产,HANG LUNG PPT,,9.34,-0.08,-0.84926,9.42,9.42,9.44,9.33,3412741,32000890,9.34,9.35
2026/04/16 11:00:01,00103,首佳科技,SHOUGANG CENT,,2.64,0.04,1.53846,2.6,2.65,2.67,2.64,26000,68960,2.62,2.66
2026/04/16 11:58:26,00104,ASIA COMM HOLD,ASIA COMM HOLD,,0.218,0.0,0.0,0.218,0.218,0.218,0.218,202114,44043,0.21,0.223
2026/04/16 09:30:10,00105,凯联国际酒店,ASSO INT HOTELS,,5.15,0.0,0.0,5.15,0.0,0.0,0.0,0,0,5.04,5.64
2026/04/16 08:55:00,00106,朗诗绿色管理,LANDSEA MGMT,,0.019,0.0,0.0,0.019,0.0,0.0,0.0,0,0,0.0,0.0
2026/04/16 11:59:21,00107,四川成渝高速公路,SICHUAN EXPRESS,,5.81,0.02,0.34542,5.79,5.71,5.84,5.68,2240000,12973900,5.81,5.82
2026/04/16 11:59:15,00108,国锐生活,GR LIFE STYLE,,2.87,-0.11,-3.69128,2.98,2.89,3.04,2.84,1978000,5801480,2.86,2.88
2026/04/16 11:53:47,00110,中国长远,CHINA FORTUNE,,0.445,0.045,11.25,0.4,0.42,0.465,0.42,326887,140549,0.445,0.45
2026/04/16 11:47:43,00111,信达国际控股,CINDA INTL HLDG,,0.77,0.03,4.05405,0.74,0.74,0.79,0.74,778000,595980,0.75,0.77
2026/04/16 11:56:31,00113,迪生创建,DICKSON CONCEPT,,6.2,0.0,0.0,6.2,6.18,6.2,6.18,52000,322345,6.19,6.2
2026/04/16 09:09:24,00114,HERALD HOLD,HERALD HOLD,,0.58,0.0,0.0,0.58,0.0,0.0,0.0,0,0,0.56,0.61
2026/04/16 11:31:03,00115,钧濠集团,GRAND FIELD GP,,8.8,0.0,0.0,8.8,0.0,0.0,0.0,0,0,0.0,8.8
2026/04/16 11:57:14,00116,周生生,CHOW SANG SANG,,13.31,-0.09,-0.67164,13.4,13.4,13.47,13.25,449000,5975480,13.31,13.32
2026/04/16 09:41:27,00117,天利控股集团,TIANLI HOLDINGS,,0.395,0.0,0.0,0.395,0.0,0.0,0.0,0,0,0.38,0.41
2026/04/16 12:31:42,00118,大同机械,COSMOS MACH,,0.199,0.0,0.0,0.199,0.199,0.21,0.196,1216000,239150,0.187,0.205
2026/04/16 11:59:49,00119,保利置业集团,POLY PROPERTY,,1.97,0.01,0.5102,1.96,1.97,1.98,1.95,3957000,7764460,1.95,1.97
2026/04/16 11:55:25,00120,COSMOPOL INT'L,COSMOPOL INT'L,,0.077,-0.001,-1.28205,0.078,0.083,0.083,0.077,106800,8350,0.078,0.079
2026/04/16 11:02:55,00122,鳄鱼恤,CROCODILE,,1.44,0.0,0.0,1.44,0.0,0.0,0.0,0,0,1.4,1.46
2026/04/16 11:56:31,00123,越秀地产,YUEXIU PROPERTY,,3.75,0.02,0.53619,3.73,3.71,3.77,3.7,3262523,12208698,3.75,3.76
2026/04/16 11:52:52,00124,粤海置地,GD LAND,,0.217,0.002,0.93023,0.215,0.213,0.217,0.212,211182,45447,0.215,0.218
2026/04/16 10:07:17,00125,新兴光学,SUN HING VISION,,0.315,0.0,0.0,0.315,0.0,0.0,0.0,0,0,0.315,0.33
2026/04/16 11:59:15,00126,佳宁娜,CARRIANNA,,0.114,0.0,0.0,0.114,0.0,0.0,0.0,0,0,0.114,0.123
2026/04/16 11:06:50,00127,华人置业,CHINESE EST H,,1.23,0.01,0.81967,1.22,1.2,1.23,1.2,67829,82823,1.21,1.23
2026/04/16 09:04:32,00128,安宁控股,ENM HOLDINGS,,0.41,0.0,0.0,0.41,0.0,0.0,0.0,0,0,0.41,0.42
2026/04/16 11:59:14,00129,泛海集团,ASIA STANDARD,,0.198,0.0,0.0,0.198,0.191,0.2,0.19,699123,139616,0.198,0.203
2026/04/16 11:56:13,00130,慕诗国际,MOISELLE INT'L,,0.18,0.0,0.0,0.18,0.0,0.0,0.0,0,0,0.165,0.18
2026/04/16 10:56:53,00131,卓能（集团）,CHEUK NANG HOLD,,1.26,0.0,0.0,1.26,1.26,1.26,1.26,66000,83160,1.26,1.29
2026/04/16 12:30:00,00132,兴业控股,HING YIP HLDGS,,0.198,0.0,0.0,0.198,0.0,0.0,0.0,0,0,0.188,0.199
2026/04/16 11:52:25,00133,招商局中国基金,CHINA MERCHANTS,,18.65,-0.05,-0.26738,18.7,18.7,18.7,18.44,82000,1521020,18.6,18.62
2026/04/16 11:59:35,00135,昆仑能源,KUNLUN ENERGY,,7.45,0.08,1.08548,7.37,7.4,7.5,7.37,5874000,43753776,7.44,7.45
2026/04/16 11:55:56,00136,中国儒意,CHINA RUYI,,1.57,0.04,2.61438,1.53,1.53,1.58,1.53,17516000,27371960,1.56,1.57
2026/04/16 11:44:20,00137,金辉集团,JINHUI HOLDINGS,,0.64,0.02,3.22581,0.62,0.64,0.64,0.64,5000,3200,0.63,0.64
2026/04/16 09:30:46,00138,中建富通,CCT FORTIS,,0.54,0.0,0.0,0.54,0.0,0.0,0.0,0,0,0.53,0.64
2026/04/16 11:19:12,00139,小鱼盈通,SMART FISH,,0.137,0.003,2.23881,0.134,0.134,0.137,0.134,472061,63946,0.135,0.137
2026/04/16 11:57:13,00142,第一太平,FIRST PACIFIC,,5.56,-0.03,-0.53667,5.59,5.61,5.63,5.55,1736225,9681202,5.56,5.58
2026/04/16 11:56:10,00144,招商局港口,CHINA MER PORT,,15.49,-0.01,-0.06452,15.5,15.68,15.68,15.3,1095181,16903905,15.47,15.49
2026/04/16 11:50:05,00145,信能低碳,CCIAM FUTURE EN,,0.2,-0.007,-3.38164,0.207,0.219,0.225,0.192,75752000,16538879,0.195,0.204
2026/04/16 09:37:17,00146,TAI PING CARPET,TAI PING CARPET,,1.66,0.0,0.0,1.66,0.0,0.0,0.0,0,0,1.66,1.88
2026/04/16 11:47:45,00147,国际商业结算,IB SETTLEMENT,,0.085,0.0,0.0,0.085,0.089,0.089,0.082,1595000,131925,0.083,0.085
2026/04/16 11:59:49,00148,建滔集团,KINGBOARD HLDG,,39.82,-0.16,-0.4002,39.98,40.2,40.2,39.32,4119500,163757356,39.82,39.84
2026/04/16 11:30:00,00149,中国农产品交易,CH AGRI-PROD EX,,0.062,-0.003,-4.61539,0.065,0.062,0.062,0.062,12177,744,0.061,0.065
2026/04/16 11:59:31,00150,HYPEBEAST,HYPEBEAST,,0.17,0.002,1.19048,0.168,0.172,0.18,0.169,4012400,689309,0.167,0.17
2026/04/16 11:59:46,00151,中国旺旺,WANT WANT CHINA,,4.45,-0.02,-0.44743,4.47,4.42,4.47,4.42,925000,4108820,4.45,4.46
2026/04/16 11:59:57,00152,深圳国际,SHENZHEN INT'L,,7.4,0.05,0.68027,7.35,7.42,7.46,7.34,4734572,35029963,7.38,7.4
2026/04/16 11:46:52,00154,北京控股环境集团,BE ENVIRONMENT,,0.54,0.0,0.0,0.54,0.54,0.54,0.54,3000,1620,0.54,0.56
2026/04/16 11:59:21,00156,力宝华润,LIPPO CHINA RES,,1.03,0.0,0.0,1.03,0.0,0.0,0.0,0,0,1.0,1.1
2026/04/16 09:00:02,00157,自然美,NATURAL BEAUTY,,0.475,0.0,0.0,0.475,0.0,0.0,0.0,0,0,0.0,0.485
2026/04/16 11:50:46,00158,万邦投资,MELBOURNE ENT,,59.5,0.0,0.0,59.5,0.0,0.0,0.0,0,0,59.0,63.0
2026/04/16 11:47:56,00159,布莱克万矿业,BROCKMAN MINING,,0.074,-0.004,-5.12821,0.078,0.074,0.074,0.074,34000,2498,0.074,0.078
2026/04/16 09:04:30,00160,汉国置业,HON KWOK LAND,,0.96,0.0,0.0,0.96,0.0,0.0,0.0,0,0,0.95,0.97
2026/04/16 11:59:45,00162,世纪金花,CENTURY GINWA,,0.043,0.0,0.0,0.043,0.043,0.043,0.036,882000,34242,0.04,0.048
2026/04/16 10:49:41,00163,英皇国际,EMPEROR INT'L,,0.187,0.0,0.0,0.187,0.0,0.0,0.0,0,0,0.187,0.192
2026/04/16 11:58:28,00164,中国宝力科技,CHINA BAOLI TEC,,0.52,0.09,20.93023,0.43,0.45,0.56,0.435,2641000,1258290,0.5,0.53
2026/04/16 11:59:30,00165,中国光大控股,CHINA EB LTD,,6.47,0.06,0.93604,6.41,6.48,6.5,6.43,1820000,11752760,6.47,6.48
2026/04/16 11:59:20,00166,新时代集团控股,NEW TIMES CORP,,0.04,-0.002,-4.76191,0.042,0.042,0.042,0.04,70000,2816,0.04,0.042
2026/04/16 11:46:07,00167,IDT INT'L,IDT INT'L,,5.3,0.0,0.0,5.3,0.0,0.0,0.0,0,0,0.0,5.34
2026/04/16 11:58:27,00168,青岛啤酒股份,TSINGTAO BREW,,50.75,-0.35,-0.68493,51.1,51.5,51.5,50.55,1036000,52599000,50.7,50.75
2026/04/16 11:37:02,00169,万达酒店发展,WANDA HOTEL DEV,,0.088,0.004,4.76191,0.084,0.083,0.089,0.081,1503000,127882,0.085,0.088
2026/04/16 11:03:17,00171,银建国际,SILVER GRANT,,0.061,-0.003,-4.6875,0.064,0.061,0.061,0.06,28000,1700,0.061,0.067
2026/04/16 11:59:54,00173,嘉华国际,K. WAH INT'L,,2.3,0.0,0.0,2.3,2.3,2.32,2.23,2082000,4711380,2.3,2.32
2026/04/16 09:38:55,00174,盛洋投资,GEMINI INV,,0.215,0.0,0.0,0.215,0.0,0.0,0.0,0,0,0.0,0.23
2026/04/16 11:59:50,00175,吉利汽车,GEELY AUTO,,24.52,0.48,1.99667,24.04,23.9,24.88,23.64,55352487,1352190678,24.5,24.52
2026/04/16 08:55:00,00176,先机企业集团,SUPERACTIVE GP,,0.013,0.0,0.0,0.013,0.0,0.0,0.0,0,0,0.0,0.0
2026/04/16 11:59:31,00177,江苏宁沪高速公路,JIANGSU EXPRESS,,10.41,-0.07,-0.66794,10.48,10.35,10.55,10.35,2266500,23718515,10.4,10.41
2026/04/16 11:58:42,00178,莎莎国际,SA SA INT'L,,0.75,-0.01,-1.31579,0.76,0.78,0.78,0.74,11276000,8409300,0.74,0.75
2026/04/16 11:59:43,00179,德昌电机控股,JOHNSON ELEC H,,25.8,-0.1,-0.3861,25.9,26.3,26.8,25.62,1780000,46302430,25.8,25.88
2026/04/16 09:30:42,00180,开达集团,KADER HOLDINGS,,0.19,0.0,0.0,0.19,0.0,0.0,0.0,0,0,0.177,0.203
2026/04/16 11:59:30,00181,闽港控股,FUJIAN HOLDINGS,,0.128,0.0,0.0,0.128,0.128,0.128,0.128,40000,5120,0.114,0.136
2026/04/16 11:58:52,00182,协合新能源,CONCORD NE,,0.236,-0.001,-0.42194,0.237,0.235,0.239,0.233,1290000,304740,0.235,0.236
2026/04/16 11:59:35,00183,宏辉集团,WINFULL GP,,0.139,0.0,0.0,0.139,0.0,0.0,0.0,0,0,0.135,0.155
2026/04/16 09:14:22,00184,激成投资,KECK SENG INV,,2.24,0.0,0.0,2.24,0.0,0.0,0.0,0,0,2.22,2.25
2026/04/16 11:59:35,00185,正商实业,ZENSUN ENT,,0.125,0.0,0.0,0.125,0.125,0.125,0.125,80000,10000,0.115,0.125
2026/04/16 08:55:00,00186,敏捷控股,NIMBLE HOLDINGS,,0.157,0.0,0.0,0.157,0.0,0.0,0.0,0,0,0.0,0.0
2026/04/16 11:59:32,00187,京城机电股份,JINGCHENG MAC,,4.61,0.0,0.0,4.61,4.69,4.69,4.58,1816000,8395600,4.6,4.62
2026/04/16 09:01:33,00188,新华汇富金融,SUNWAH KINGSWAY,,0.244,0.0,0.0,0.244,0.0,0.0,0.0,0,0,0.239,0.244
2026/04/16 12:00:00,00189,东岳集团,DONGYUE GROUP,,11.87,-0.03,-0.2521,11.9,11.88,11.99,11.79,3803000,45071479,11.84,11.87
2026/04/16 11:55:45,00191,丽新国际,LAI SUN INT'L,,0.77,-0.07,-8.33333,0.84,0.76,0.77,0.72,170400,124154,0.73,0.77
2026/04/16 11:47:27,00193,冠中地产,CAPITAL ESTATE,,0.214,-0.019,-8.15451,0.233,0.225,0.225,0.213,300000,65064,0.215,0.224
2026/04/16 11:22:15,00194,廖创兴企业,LIU CHONG HING,,4.6,-0.02,-0.4329,4.62,4.61,4.61,4.6,10000,46020,4.62,4.67
2026/04/16 08:55:00,00195,绿科科技国际,GREENTECH INTL,,0.28,0.0,0.0,0.28,0.0,0.0,0.0,0,0,0.0,0.0
2026/04/16 11:49:10,00196,宏华集团,HONGHUA GROUP,,0.19,0.0,0.0,0.19,0.19,0.19,0.183,303000,57258,0.187,0.19
2026/04/16 11:03:19,00197,亨泰,HENG TAI,,0.27,-0.02,-6.89655,0.29,0.27,0.27,0.27,9180,2436,0.275,0.29
2026/04/16 11:50:38,00199,德祥地产,ITC PROPERTIES,,0.94,-0.01,-1.05263,0.95,0.95,0.96,0.93,694516,649004,0.93,0.94
2026/04/16 11:59:51,00200,新濠国际发展,MELCO INT'L DEV,,4.31,0.07,1.65094,4.24,4.24,4.33,4.24,1805000,7759840,4.3,4.32
2026/04/16 09:09:04,00201,华大酒店,MAGNIFICENT,,0.071,0.0,0.0,0.071,0.0,0.0,0.0,0,0,0.068,0.071
2026/04/16 11:53:58,00202,润中国际控股,EVERCHINA INT'L,,0.08,-0.004,-4.76191,0.084,0.076,0.08,0.076,25000,1920,0.082,0.088
2026/04/16 11:59:17,00204,资本界金控,CAPITAL REALM,,0.238,0.007,3.0303,0.231,0.238,0.238,0.238,155200,36935,0.23,0.238
2026/04/16 11:54:48,00205,BFB HEALTH,BFB HEALTH,,0.63,0.03,5.0,0.6,0.63,0.67,0.63,173950,111470,0.63,0.65
2026/04/16 11:51:00,00206,华商能源,CM-ENERGY,,0.455,0.005,1.11111,0.45,0.45,0.455,0.45,536000,243625,0.455,0.46
2026/04/16 10:23:48,00209,瀛晟科学,WINSHINE SCI,,0.325,0.0,0.0,0.325,0.315,0.325,0.315,730000,237050,0.32,0.34
2026/04/16 10:14:08,00210,达芙妮国际,DAPHNE INT'L,,0.42,0.0,0.0,0.42,0.425,0.425,0.42,44000,18490,0.415,0.42
2026/04/16 11:59:31,00211,STYLAND HOLD,STYLAND HOLD,,0.244,0.0,0.0,0.244,0.0,0.0,0.0,0,0,0.231,0.245
2026/04/16 09:53:16,00212,NANYANG HOLD,NANYANG HOLD,,29.4,0.0,0.0,29.4,0.0,0.0,0.0,0,0,29.3,30.38
2026/04/16 09:07:26,00213,NATIONAL ELEC H,NATIONAL ELEC H,,0.39,0.0,0.0,0.39,0.0,0.0,0.0,0,0,0.39,0.415
2026/04/16 09:00:05,00214,汇汉控股,ASIA ORIENT,,0.25,0.0,0.0,0.25,0.0,0.0,0.0,0,0,0.0,0.255
2026/04/16 11:50:57,00215,和记电讯香港,HUTCHTEL HK,,1.18,0.01,0.8547,1.17,1.17,1.18,1.17,208000,244330,1.17,1.18
2026/04/16 11:59:34,00216,建业实业,CHINNEY INV,,0.61,0.0,0.0,0.61,0.0,0.0,0.0,0,0,0.6,0.67
2026/04/16 11:19:17,00217,中国诚通发展集团,CHINA CHENGTONG,,0.153,0.004,2.68456,0.149,0.145,0.153,0.142,444000,63760,0.144,0.152
2026/04/16 11:57:24,00218,申万宏源香港,SWHYHK,,1.17,0.04,3.53982,1.13,1.16,1.17,1.15,265000,309500,1.16,1.17
2026/04/16 09:30:17,00219,顺豪物业,SHUNHO PROPERTY,,0.72,0.0,0.0,0.72,0.0,0.0,0.0,0,0,0.72,0.73
2026/04/16 11:59:36,00220,统一企业中国,U-PRESID CHINA,,7.83,-0.05,-0.63452,7.88,8.0,8.0,7.8,3097109,24290820,7.83,7.84
2026/04/16 11:59:22,00222,闽信集团,MIN XIN HOLD,,2.56,-0.05,-1.91571,2.61,2.56,2.56,2.56,10000,25600,2.48,2.58
2026/04/16 11:42:17,00223,易生活控股,ELIFE HLDGS,,0.145,0.007,5.07246,0.138,0.148,0.16,0.138,760000,109060,0.137,0.145
2026/04/16 11:59:35,00224,建生国际,PIONEER GLOBAL,,0.59,0.0,0.0,0.59,0.0,0.0,0.0,504658,282608,0.54,0.63
2026/04/16 11:51:07,00225,博富临置业,POKFULAM,,5.79,0.0,0.0,5.79,0.0,0.0,0.0,0,0,5.5,5.8
2026/04/16 11:53:45,00227,第一上海,FIRST SHANGHAI,,0.22,0.001,0.45662,0.219,0.204,0.22,0.204,64000,13616,0.211,0.22
2026/04/16 11:59:00,00228,中能控股,CHINA ENERGY,,1.6,-0.05,-3.0303,1.65,1.63,1.63,1.6,136000,218820,1.59,1.63
2026/04/16 10:30:27,00229,利民实业,RAYMOND IND,,0.88,0.0,0.0,0.88,0.0,0.0,0.0,0,0,0.86,0.91
2026/04/16 11:58:50,00232,大陆航空科技控股,CON AERO TECH,,0.153,0.001,0.6579,0.152,0.152,0.155,0.151,5926000,902964,0.152,0.153
2026/04/16 09:44:44,00234,新世纪集团,NEW CENTURY GP,,0.035,0.0,0.0,0.035,0.0,0.0,0.0,0,0,0.032,0.036
2026/04/16 11:41:08,00235,中策资本控股,CSC HOLDINGS,,0.025,0.0,0.0,0.025,0.025,0.025,0.024,9925000,247025,0.024,0.025
2026/04/16 10:56:22,00236,香港生力啤,SAN MIGUEL HK,,1.24,0.0,0.0,1.24,0.0,0.0,0.0,0,0,1.22,1.32
2026/04/16 11:33:29,00237,安全货仓,SAFETY GODOWN,,2.23,0.0,0.0,2.23,2.23,2.23,2.23,28000,62440,2.17,2.23
2026/04/16 09:00:06,00239,白花油,PAK FAH YEOW,,2.45,0.0,0.0,2.45,0.0,0.0,0.0,0,0,2.42,2.5
2026/04/16 11:53:48,00240,利基控股,BUILD KING HOLD,,1.79,-0.03,-1.64835,1.82,1.82,1.82,1.79,280000,502700,1.78,1.79
2026/04/16 11:59:45,00241,阿里健康,ALI HEALTH,,4.73,0.12,2.60304,4.61,4.63,4.74,4.62,49023939,230245772,4.72,4.73
2026/04/16 10:53:58,00242,信德集团,SHUN TAK HOLD,,0.58,0.0,0.0,0.58,0.58,0.58,0.57,286000,165860,0.57,0.58
2026/04/16 11:20:15,00243,QPL INT'L,QPL INT'L,,0.385,0.0,0.0,0.385,0.0,0.0,0.0,0,0,0.38,0.395
2026/04/16 11:20:58,00244,先施,SINCERE,,0.31,0.0,0.0,0.31,0.31,0.31,0.31,87000,26970,0.31,0.315
2026/04/16 09:04:41,00245,中薇金融,CHINA VERED FIN,,1.03,0.0,0.0,1.03,0.0,0.0,0.0,0,0,1.01,1.02
2026/04/16 10:00:14,00247,TST PROPERTIES,TST PROPERTIES,,19.35,0.0,0.0,19.35,0.0,0.0,0.0,0,0,18.9,20.0
2026/04/16 10:44:03,00248,香港通讯国际控股,HKC INT'L HOLD,,0.28,0.0,0.0,0.28,0.0,0.0,0.0,0,0,0.265,0.28
2026/04/16 09:30:09,00251,爪哇控股,SEA HOLDINGS,,1.39,0.0,0.0,1.39,0.0,0.0,0.0,0,0,1.33,1.45
2026/04/16 08:55:00,00252,华信地产财务,SE ASIA PPT,,1.6,0.0,0.0,1.6,0.0,0.0,0.0,0,0,0.0,0.0
2026/04/16 11:59:32,00253,顺豪控股,SHUNHO HOLDINGS,,0.68,0.0,0.0,0.68,0.0,0.0,0.0,0,0,0.66,0.74
2026/04/16 11:28:26,00254,国家联合资源,NUR HOLDINGS,,0.63,0.0,0.0,0.63,0.0,0.0,0.0,0,0,0.61,0.63
2026/04/16 12:31:42,00255,龙记集团,LUNG KEE,,1.5,-0.02,-1.31579,1.52,1.5,1.5,1.5,10000,15000,1.51,1.57
2026/04/16 11:59:44,00256,冠城钟表珠宝,CITYCHAMP,,0.082,0.0,0.0,0.082,0.082,0.091,0.082,11496000,960948,0.082,0.084
2026/04/16 11:57:25,00257,光大环境,EB ENVIRONMENT,,5.41,-0.08,-1.4572,5.49,5.43,5.49,5.38,2697292,14634270,5.39,5.41
2026/04/16 11:36:52,00258,汤臣集团,TOMSON GROUP,,2.31,0.0,0.0,2.31,2.32,2.34,2.31,148000,344180,2.3,2.32
2026/04/16 11:58:49,00259,亿都（国际控股）,YEEBO (INT'L H),,3.15,0.07,2.27273,3.08,3.1,3.15,3.09,156000,486180,3.13,3.16
2026/04/16 11:58:42,00261,ＧＢＡ集团,GBA HOLDINGS,,0.28,0.0,0.0,0.28,0.28,0.28,0.27,48200,13330,0.27,0.28
2026/04/16 11:45:44,00262,迪臣发展国际,DESON DEV INT'L,,0.083,0.0,0.0,0.083,0.0,0.0,0.0,0,0,0.081,0.088
2026/04/16 11:54:37,00264,中联发展控股,CN INT DEV CORP,,1.74,0.04,2.35294,1.7,1.69,1.74,1.69,500000,855640,1.72,1.75
2026/04/16 09:37:21,00265,港誉智慧城市服务,GANGYU SERVICES,,1.7,0.0,0.0,1.7,0.0,0.0,0.0,0,0,1.55,1.75
2026/04/16 11:38:56,00266,天德地产,TIAN TECK LAND,,1.95,0.0,0.0,1.95,0.0,0.0,0.0,0,0,1.94,1.95
2026/04/16 11:59:12,00267,中信股份,CITIC,,12.99,-0.08,-0.61209,13.07,13.07,13.14,12.92,6767875,88260245,12.98,12.99
2026/04/16 11:59:58,00268,金蝶国际,KINGDEE INT'L,,9.04,0.57,6.72963,8.47,8.71,9.17,8.66,39081734,351423985,9.04,9.05
2026/04/16 09:00:00,00269,中国资源交通,CRTG,,0.01,0.0,0.0,0.01,0.0,0.0,0.0,0,0,0.0,0.01
2026/04/16 11:58:30,00270,粤海投资,GUANGDONG INV,,8.12,-0.05,-0.612,8.17,8.12,8.2,8.1,1984697,16150821,8.12,8.13
2026/04/16 11:09:31,00271,亚证地产,ASIASEC PPT,,0.173,0.0,0.0,0.173,0.0,0.0,0.0,260,41,0.168,0.173
2026/04/16 11:56:46,00272,瑞安房地产,SHUI ON LAND,,0.54,0.01,1.88679,0.53,0.53,0.54,0.53,1323500,704415,0.53,0.54
2026/04/16 08:55:00,00274,复兴亚洲,RA SILK ROAD,,0.49,0.0,0.0,0.49,0.0,0.0,0.0,0,0,0.0,0.0
2026/04/16 11:17:06,00276,蒙古能源,MONGOLIA ENERGY,,0.55,-0.04,-6.77966,0.59,0.56,0.56,0.55,21000,11520,0.57,0.61
2026/04/16 09:00:16,00277,太兴置业,TERN PROPERTIES,,1.55,0.0,0.0,1.55,0.0,0.0,0.0,0,0,0.0,1.55
2026/04/16 11:59:29,00279,裕承科金,ARTA TECHFIN,,0.56,0.01,1.81818,0.55,0.59,0.6,0.55,330600,195192,0.54,0.56
2026/04/16 11:41:06,00280,景福集团,KING FOOK HOLD,,0.5,0.0,0.0,0.5,0.5,0.5,0.5,6000,3020,0.5,0.51
2026/04/16 11:59:58,00285,比亚迪电子,BYD ELECTRONIC,,28.1,0.1,0.35714,28.0,28.32,28.36,27.9,6355313,178326463,28.08,28.1
2026/04/16 08:55:00,00286,爱帝宫,AIDIGONG,,1.31,0.0,0.0,1.31,0.0,0.0,0.0,0,0,0.0,0.0
2026/04/16 09:00:34,00287,永发置业,WINFAIR INV,,4.1,0.0,0.0,4.1,0.0,0.0,0.0,0,0,4.08,0.0
2026/04/16 11:59:54,00288,万洲国际,WH GROUP,,10.61,-0.03,-0.28196,10.64,10.64,10.73,10.56,10277632,109276186,10.6,10.61
2026/04/16 11:59:25,00289,WING ON CO,WING ON CO,,14.9,0.1,0.67568,14.8,14.9,14.9,14.9,18000,268200,14.22,15.2
2026/04/16 11:59:54,00290,国富量子,GOFINTECH QUANT,,6.58,-0.86,-11.55914,7.44,7.63,7.68,6.24,30132015,207498025,6.53,6.58
2026/04/16 11:59:50,00291,华润啤酒,CHINA RES BEER,,26.44,0.16,0.60883,26.28,26.42,26.6,26.28,2578477,68137600,26.44,26.46
2026/04/16 11:59:45,00293,国泰航空,CATHAY PAC AIR,,11.84,0.02,0.16921,11.82,11.82,11.91,11.8,3433767,40685060,11.83,11.84
2026/04/16 09:30:09,00294,长江制衣,YANGTZEKIANG,,0.82,0.0,0.0,0.82,0.0,0.0,0.0,0,0,0.75,0.83
2026/04/16 11:58:39,00295,江山控股,KONG SUN HOLD,,0.026,0.001,4.0,0.025,0.025,0.026,0.023,1025000,26050,0.023,0.026
2026/04/16 11:59:17,00296,英皇娱乐酒店,EMPEROR E HOTEL,,0.228,0.0,0.0,0.228,0.0,0.0,0.0,0,0,0.23,0.24
2026/04/16 11:59:51,00297,中化化肥,SINOFERT,,1.55,-0.01,-0.64103,1.56,1.57,1.58,1.54,17964000,27960480,1.55,1.56
2026/04/16 11:59:35,00298,庄士中国,CHUANG'S CHINA,,0.112,0.005,4.6729,0.107,0.111,0.112,0.111,830000,92810,0.107,0.113
2026/04/16 08:55:00,00299,宝新置地,GLORY SUN LAND,,0.106,0.0,0.0,0.106,0.0,0.0,0.0,0,0,0.0,0.0
2026/04/16 11:59:14,00300,美的集团,MIDEA GROUP,,87.1,0.75,0.86856,86.35,86.45,87.6,86.35,656520,56965806,87.1,87.15
2026/04/16 12:31:42,00301,三和精化,SANVO CHEMICALS,,1.95,0.08,4.27808,1.87,1.9,2.1,1.87,281480,561242,1.97,2.22
2026/04/16 11:53:53,00302,中手游,CMGE,,0.249,0.007,2.89256,0.242,0.248,0.25,0.24,1040000,257216,0.249,0.255
2026/04/16 11:59:40,00303,VTECH HOLDINGS,VTECH HOLDINGS,,61.7,0.55,0.89943,61.15,60.85,61.7,60.85,63800,3922749,61.65,61.7
2026/04/16 11:59:50,00305,五菱汽车,WULING MOTORS,,0.475,0.005,1.06383,0.47,0.46,0.475,0.46,780000,365850,0.465,0.47
2026/04/16 09:31:56,00306,冠忠巴士集团,KWOON CHUNG BUS,,2.41,0.0,0.0,2.41,0.0,0.0,0.0,0,0,2.41,2.47
2026/04/16 11:47:09,00308,香港中旅,CHINA TRAVEL HK,,1.18,0.01,0.8547,1.17,1.17,1.18,1.16,2172000,2542020,1.17,1.18
2026/04/16 11:57:00,00309,新华通讯频媒,XH NEWS MEDIA,,0.032,0.001,3.22581,0.031,0.031,0.032,0.031,439000,13739,0.03,0.032
2026/04/16 09:32:58,00310,嘉进投资国际,PROSP INV HOLD,,0.175,0.0,0.0,0.175,0.0,0.0,0.0,0,0,0.172,0.197
2026/04/16 09:00:10,00311,联泰控股,LUEN THAI,,0.249,0.0,0.0,0.249,0.0,0.0,0.0,0,0,0.215,0.249
2026/04/16 11:41:10,00312,岁宝百货,SHIRBLE STORE,,0.054,0.0,0.0,0.054,0.0,0.0,0.0,0,0,0.054,0.055
2026/04/16 09:31:07,00313,裕田中国,RICHLY FIELD,,0.072,0.0,0.0,0.072,0.0,0.0,0.0,0,0,0.071,0.075
2026/04/16 11:56:58,00314,思派健康,SIPAI HEALTH,,1.9,-0.05,-2.5641,1.95,1.93,2.0,1.86,605800,1164440,1.87,1.9
2026/04/16 11:58:15,00315,数码通电讯,SMARTONE TELE,,4.98,0.01,0.20121,4.97,4.97,4.99,4.95,196187,974763,4.96,4.98
2026/04/16 11:59:30,00316,东方海外国际,OOIL,,142.0,-2.3,-1.5939,144.3,145.2,145.9,140.9,503100,71469505,141.89999,142.0
2026/04/16 11:59:58,00317,中船防务,COMEC,,14.29,-0.03,-0.2095,14.32,14.59,14.59,14.2,1750000,25070700,14.27,14.29
2026/04/16 11:59:07,00318,黄河实业,VONGROUP,,0.64,0.0,0.0,0.64,0.0,0.0,0.0,0,0,0.63,0.7
2026/04/16 09:31:49,00320,金宝通,COMPUTIME,,0.45,0.0,0.0,0.45,0.0,0.0,0.0,0,0,0.455,0.48
2026/04/16 11:49:05,00321,德永佳集团,TEXWINCA HOLD,,1.27,-0.01,-0.78125,1.28,1.3,1.3,1.26,952000,1208360,1.26,1.27
2026/04/16 11:58:36,00322,康师傅控股,TINGYI,,12.99,-0.26,-1.96226,13.25,13.25,13.27,12.98,7077943,92618691,12.99,13.0
2026/04/16 11:57:29,00323,马鞍山钢铁股份,MAANSHAN IRON,,2.73,0.06,2.24719,2.67,2.69,2.73,2.69,2390000,6494220,2.72,2.73
2026/04/16 11:59:36,00325,布鲁可,BLOKS,,60.0,0.15,0.25063,59.85,60.0,60.8,58.5,264388,15716683,59.9,60.0
2026/04/16 12:30:00,00326,中国星集团,CHINA STAR ENT,,7.27,0.21,2.9745,7.06,7.08,7.32,7.05,36041817,255002397,7.24,7.28
2026/04/16 11:58:05,00327,百富环球,PAX GLOBAL,,4.02,0.01,0.24938,4.01,4.04,4.08,3.99,1304000,5254440,3.98,4.02
2026/04/16 10:45:34,00328,ALCO HOLDINGS,ALCO HOLDINGS,,0.69,0.02,2.98508,0.67,0.66,0.69,0.66,76000,51280,0.66,0.69
2026/04/16 11:35:39,00329,东建国际,OCI INTL,,0.265,0.0,0.0,0.265,0.265,0.265,0.265,224000,59360,0.26,0.275
2026/04/16 11:59:28,00331,丰盛生活服务,FSE LIFESTYLE,,5.69,0.05,0.88653,5.64,5.64,5.69,5.64,35000,198150,5.65,5.69
2026/04/16 11:55:30,00332,元亨燃气,YUANHENG GAS,,0.017,0.0,0.0,0.017,0.018,0.018,0.017,1004000,17112,0.016,0.017
2026/04/16 11:59:34,00333,黛丽斯国际,TOP FORM INT'L,,0.218,0.0,0.0,0.218,0.0,0.0,0.0,0,0,0.21,0.26
2026/04/16 10:21:22,00334,华显光电,CH DISPLAY OPT,,0.375,0.0,0.0,0.375,0.375,0.375,0.375,8000,3000,0.355,0.38
2026/04/16 11:20:24,00335,美建集团,UPBEST GROUP,,0.65,0.0,0.0,0.65,0.0,0.0,0.0,0,0,0.64,0.65
2026/04/16 11:59:54,00336,华宝国际,HUABAO INTL,,4.18,-0.07,-1.64706,4.25,4.28,4.38,4.15,9628000,40838090,4.17,4.18
2026/04/16 11:48:50,00337,绿地香港,GREENLAND HK,,0.201,0.003,1.51515,0.198,0.197,0.207,0.197,171000,33988,0.202,0.206
2026/04/16 11:59:12,00338,上海石油化工股份,SHANGHAI PECHEM,,1.28,0.01,0.7874,1.27,1.28,1.3,1.27,6112000,7866550,1.28,1.29
2026/04/16 10:51:24,00339,中国科创产业投资,CN SCI-TECH IND,,0.65,0.03,4.83871,0.62,0.62,0.65,0.62,30000,19200,0.6,0.64
2026/04/16 11:58:47,00340,潼关黄金,TONGGUAN GOLD,,3.2,0.0,0.0,3.2,3.24,3.24,3.17,1884800,6014532,3.19,3.2
2026/04/16 11:59:14,00341,大家乐集团,CAFE DE CORAL H,,3.99,-0.04,-0.99256,4.03,4.02,4.03,3.98,1072704,4298910,3.99,4.0
2026/04/16 09:47:33,00343,文化传信,CULTURECOM HOLD,,0.129,0.0,0.0,0.129,0.0,0.0,0.0,0,0,0.129,0.139
2026/04/16 11:53:56,00345,VITASOY INT'L,VITASOY INT'L,,6.28,0.0,0.0,6.28,6.27,6.3,6.26,361000,2267190,6.27,6.28
2026/04/16 11:59:54,00346,延长石油国际,YANCHANG PETRO,,0.395,-0.015,-3.65854,0.41,0.395,0.395,0.395,5000,1975,0.39,0.43
2026/04/16 11:59:48,00347,鞍钢股份,ANGANG STEEL,,1.56,-0.01,-0.63694,1.57,1.57,1.59,1.55,2920000,4554960,1.55,1.56
2026/04/16 11:19:59,00348,中国智能健康,CHINAHEALTHWISE,,0.083,0.0,0.0,0.083,0.0,0.0,0.0,0,0,0.085,0.089
2026/04/16 11:59:14,00351,亚洲能源物流,ASIA ENERGY LOG,,0.255,0.0,0.0,0.255,0.0,0.0,0.0,0,0,0.25,0.275
2026/04/16 08:55:00,00352,富阳,FORTUNE SUN,,0.36,0.0,0.0,0.36,0.0,0.0,0.0,0,0,0.0,0.0
2026/04/16 11:40:55,00353,能源国际投资,ENERGY INTINV,,0.42,0.01,2.43902,0.41,0.425,0.425,0.42,378000,159620,0.42,0.43
2026/04/16 11:54:29,00354,中国软件国际,CHINASOFT INT'L,,3.67,0.09,2.51397,3.58,3.6,3.69,3.6,12370000,45235650,3.67,3.68
2026/04/16 11:51:18,00355,世纪城市国际,CENTURY C INT'L,,0.07,0.0,0.0,0.07,0.072,0.073,0.069,243553,17563,0.07,0.071
2026/04/16 09:54:56,00356,鼎立资本,DT CAPITAL,,0.061,-0.001,-1.6129,0.062,0.061,0.061,0.061,60000,3660,0.056,0.061
2026/04/16 11:59:39,00357,美兰空港,MEILAN AIRPORT,,6.31,-0.07,-1.09718,6.38,6.39,6.39,6.3,133000,843180,6.3,6.34
2026/04/16 11:59:52,00358,江西铜业股份,JIANGXI COPPER,,39.98,0.8,2.04186,39.18,39.0,40.0,38.92,7393372,290297584,39.94,39.98
2026/04/16 10:41:56,00360,新焦点,NEW FOCUS AUTO,,0.043,0.0,0.0,0.043,0.043,0.043,0.043,276000,11868,0.042,0.043
2026/04/16 11:27:41,00361,汉成发展控股,HANFORT DEV H,,0.062,-0.001,-1.5873,0.063,0.062,0.062,0.061,3560000,219500,0.062,0.064
2026/04/16 08:55:00,00362,中国天化工,C ZENITH CHEM,,0.015,0.0,0.0,0.015,0.0,0.0,0.0,0,0,0.0,0.0
2026/04/16 11:55:22,00363,上海实业控股,SHANGHAI IND H,,14.12,-0.02,-0.14144,14.14,14.14,14.15,14.09,370000,5220080,14.11,14.12
2026/04/16 10:51:32,00365,芯成科技,SINO ICT,,0.27,0.0,0.0,0.27,0.27,0.27,0.27,12000,3240,0.26,0.27
2026/04/16 11:55:30,00366,陆氏集团（越南）,LUKS GROUP (VN),,0.89,-0.03,-3.26087,0.92,0.9,0.91,0.89,24000,21500,0.89,0.91
2026/04/16 09:30:03,00367,庄士机构国际,CHUANG'S INT'L,,0.295,0.0,0.0,0.295,0.0,0.0,0.0,0,0,0.29,0.3
2026/04/16 11:06:59,00368,德合集团,SUPERLAND GROUP,,0.77,0.0,0.0,0.77,0.77,0.77,0.76,36000,27560,0.76,0.77
2026/04/16 11:59:35,00369,永泰地产,WING TAI PPT,,2.11,0.0,0.0,2.11,0.0,0.0,0.0,0,0,2.03,2.23
2026/04/16 11:56:09,00370,港仔机器人,HK ROBOTICS,,0.7,0.0,0.0,0.7,0.71,0.71,0.69,528000,367740,0.69,0.7
2026/04/16 11:59:27,00371,北控水务集团,BJ ENT WATER,,2.71,-0.01,-0.36765,2.72,2.74,2.74,2.7,4836000,13125908,2.7,2.71
2026/04/16 11:17:47,00372,保德国际发展,PT INTL DEV,,0.26,0.0,0.0,0.26,0.0,0.0,0.0,0,0,0.213,0.265
2026/04/16 11:40:51,00373,联合集团,ALLIED GROUP,,2.72,-0.03,-1.09091,2.75,2.73,2.73,2.7,136000,369500,2.71,2.72
2026/04/16 09:04:27,00374,四洲集团,FOUR SEAS MER,,2.52,0.0,0.0,2.52,0.0,0.0,0.0,0,0,2.51,2.64
2026/04/16 11:27:45,00375,YGM TRADING,YGM TRADING,,0.99,0.0,0.0,0.99,0.0,0.0,0.0,0,0,0.98,0.99
2026/04/16 11:57:11,00376,云锋金融,YUNFENG FIN,,2.88,0.02,0.6993,2.86,2.86,2.91,2.84,2074000,5985000,2.88,2.89
2026/04/16 11:59:31,00377,中国华君,CHINA HUAJUN GP,,1.0,0.0,0.0,1.0,0.0,0.0,0.0,0,0,1.0,1.2
2026/04/16 10:59:01,00379,恒嘉融资租赁,EG LEASING,,0.064,0.0,0.0,0.064,0.0,0.0,0.0,0,0,0.065,0.07
2026/04/16 11:32:55,00380,中国管业,CHINA PIPE,,0.122,0.0,0.0,0.122,0.0,0.0,0.0,0,0,0.122,0.128
2026/04/16 11:59:59,00381,权识国际,AOM INT'L,,0.455,-0.045,-9.0,0.5,0.5,0.52,0.355,20925381,9730180,0.45,0.46
2026/04/16 11:55:09,00382,中汇集团,EDVANTAGE GROUP,,0.96,-0.01,-1.03093,0.97,0.97,0.99,0.95,1422315,1376340,0.95,0.96
2026/04/16 11:21:39,00383,天安卓健,TIANAN MEDICARE,,1.1,0.0,0.0,1.1,0.0,0.0,0.0,400,428,1.09,1.2
2026/04/16 11:59:32,00384,中国燃气,CHINA GAS HOLD,,7.36,0.01,0.13605,7.35,7.32,7.39,7.3,2770415,20359421,7.35,7.36
2026/04/16 11:34:27,00385,建联集团,CHINNEY ALLI,,0.33,0.005,1.53846,0.325,0.33,0.33,0.33,91200,30072,0.325,0.36
2026/04/16 11:59:57,00386,中国石油化工股份,SINOPEC CORP,,4.58,0.04,0.88106,4.54,4.55,4.6,4.53,40125400,183486871,4.58,4.59
2026/04/16 11:12:19,00387,力丰（集团）,LEEPORT(HOLD),,0.74,0.0,0.0,0.74,0.0,0.0,0.0,0,0,0.74,0.78
2026/04/16 11:59:55,00388,香港交易所,HKEX,,410.2,-3.8,-0.91787,414.0,415.2,416.2,408.4,1927681,791731789,410.20001,410.39999
2026/04/16 11:38:57,00389,通天酒业,TONTINE WINES,,0.275,-0.015,-5.17241,0.29,0.29,0.29,0.27,65200,17813,0.275,0.295
2026/04/16 11:58:43,00390,中国中铁,CHINA RAILWAY,,4.07,-0.01,-0.2451,4.08,4.09,4.1,4.05,9204000,37450946,4.07,4.08
2026/04/16 11:33:05,00391,美亚娱乐资讯,MEI AH ENTER,,0.1,0.0,0.0,0.1,0.0,0.0,0.0,0,0,0.097,0.1
2026/04/16 11:59:38,00392,北京控股,BEIJING ENT,,31.48,0.34,1.09184,31.14,31.0,31.48,31.0,282200,8857460,31.4,31.48
2026/04/16 09:00:00,00393,旭日企业,GLORIOUS SUN,,1.4,0.0,0.0,1.4,0.0,0.0,0.0,0,0,1.39,1.4
2026/04/16 11:59:40,00396,兴利（香港）控股,HING LEE (HK),,0.43,0.005,1.17647,0.425,0.425,0.455,0.41,960000,403600,0.415,0.435
2026/04/16 10:15:10,00397,嬴集团,MINERVA GROUP,,0.047,0.0,0.0,0.047,0.0,0.0,0.0,10,0,0.045,0.047
2026/04/16 11:53:54,00398,东方表行集团,ORIENTAL WATCH,,3.3,0.0,0.0,3.3,3.31,3.31,3.28,150000,493940,3.29,3.3
2026/04/16 11:57:25,00399,星太链集团,STARCOIN GROUP,,0.122,-0.001,-0.81301,0.123,0.123,0.124,0.121,1465000,179690,0.121,0.122
2026/04/16 11:57:46,00400,硬蛋创新,INGDAN,,2.3,0.07,3.13901,2.23,2.26,2.34,2.19,1158000,2615280,2.27,2.3
2026/04/16 11:45:29,00401,万嘉集团,WANJIA GROUP,,0.178,-0.012,-6.31579,0.19,0.176,0.178,0.173,220000,38660,0.174,0.182
2026/04/16 11:18:57,00403,星光集团,STARLITE HOLD,,0.153,0.001,0.6579,0.152,0.153,0.153,0.153,4000,612,0.154,0.163
2026/04/16 11:59:35,00406,有利集团,YAU LEE HOLD,,0.72,0.0,0.0,0.72,0.0,0.0,0.0,0,0,0.69,0.8
2026/04/16 11:46:13,00408,叶氏化工集团,YIP'S CHEMICAL,,2.43,0.02,0.82988,2.41,2.43,2.45,2.41,130000,316640,2.43,2.44
2026/04/16 11:59:47,00410,ＳＯＨＯ中国,SOHO CHINA,,0.44,0.0,0.0,0.44,0.435,0.445,0.43,497500,217452,0.44,0.445
2026/04/16 11:21:56,00411,南顺（香港）,LAM SOON (HK),,12.7,0.0,0.0,12.7,0.0,0.0,0.0,0,0,12.6,12.7
2026/04/16 11:55:37,00412,山高控股,SDHG,,1.32,0.01,0.76336,1.31,1.33,1.34,1.31,2213000,2935059,1.31,1.32
2026/04/16 10:05:53,00413,南华集团控股,SC HOLDINGS,,0.026,0.0,0.0,0.026,0.0,0.0,0.0,0,0,0.025,0.026
2026/04/16 11:31:52,00417,谢瑞麟,TSE SUI LUEN,,0.8,0.0,0.0,0.8,0.78,0.8,0.78,12000,9400,0.76,0.8
2026/04/16 11:59:17,00418,方正控股,FOUNDER HOLD,,0.7,-0.01,-1.40845,0.71,0.74,0.74,0.7,4000,2880,0.71,0.82
2026/04/16 10:56:28,00419,弘毅文化集团,HONY MEDIA,,0.28,-0.03,-9.67742,0.31,0.335,0.335,0.28,34000,10130,0.29,0.31
2026/04/16 11:33:02,00420,福田实业,FOUNTAIN SET,,0.7,-0.01,-1.40845,0.71,0.71,0.71,0.7,110000,77200,0.7,0.71
2026/04/16 11:59:13,00422,越南制造加工出口,VMEP HOLDINGS,,0.295,-0.005,-1.66667,0.3,0.285,0.295,0.285,31000,8855,0.29,0.295
2026/04/16 11:16:58,00423,经济日报集团,HKET HOLDINGS,,0.79,0.0,0.0,0.79,0.0,0.0,0.0,0,0,0.78,0.79
2026/04/16 11:59:52,00425,敏实集团,MINTH GROUP,,36.08,-0.12,-0.33149,36.2,36.2,36.6,35.8,1223379,44255897,36.06,36.1
2026/04/16 11:59:43,00426,万华媒体,ONE MEDIA GROUP,,0.105,0.0,0.0,0.105,0.0,0.0,0.0,0,0,0.099,0.108
2026/04/16 10:37:14,00428,中国天弓控股,COCOON HOLDINGS,,0.22,0.0,0.0,0.22,0.0,0.0,0.0,0,0,0.218,0.237
2026/04/16 11:59:35,00430,东方兴业控股,ORIENTAL EXPL,,0.38,0.0,0.0,0.38,0.0,0.0,0.0,0,0,0.34,0.385
2026/04/16 08:55:00,00431,大中华金融,G CHINA FIN,,0.01,0.0,0.0,0.01,0.0,0.0,0.0,0,0,0.0,0.0
2026/04/16 11:49:25,00432,盈大地产,PCPD,,0.26,0.0,0.0,0.26,0.26,0.265,0.26,224338,59357,0.26,0.265
2026/04/16 11:49:40,00433,北方矿业,NORTH MINING,,0.07,-0.002,-2.77778,0.072,0.07,0.072,0.07,6900000,484890,0.07,0.071
2026/04/16 11:57:46,00434,博雅互动,BOYAA,,2.97,0.11,3.84615,2.86,2.85,2.98,2.85,1956000,5759520,2.96,2.97
2026/04/16 11:59:31,00436,新宇环保,NU ENVIRO,,0.063,0.0,0.0,0.063,0.0,0.0,0.0,0,0,0.057,0.077
2026/04/16 11:39:46,00438,彩虹新能源,IRICO NEWENERGY,,1.7,0.0,0.0,1.7,1.7,1.7,1.7,20600,35020,1.67,1.7
2026/04/16 11:47:12,00439,瀚源控股,GENESIS SCALE,,0.78,0.03,4.0,0.75,0.75,0.78,0.75,12000,9140,0.77,0.79
2026/04/16 11:59:31,00440,大新金融,DAH SING,,41.62,-0.34,-0.8103,41.96,42.26,42.26,41.36,103600,4306680,41.6,41.62
2026/04/16 11:39:23,00442,域能控股,DOMAINE POWER,,0.77,0.0,0.0,0.77,0.77,0.77,0.77,9000,6930,0.73,0.77
2026/04/16 08:55:00,00444,SINCEREWATCH HK,SINCEREWATCH HK,,0.01,0.0,0.0,0.01,0.0,0.0,0.0,0,0,0.0,0.0
2026/04/16 11:48:22,00450,鸿兴印刷集团,HUNG HING PRINT,,0.82,0.0,0.0,0.82,0.84,0.84,0.82,258000,213720,0.82,0.85
2026/04/16 11:59:24,00451,协鑫新能源,GCL NEWENERGY,,1.09,0.01,0.92593,1.08,1.08,1.12,1.08,1342145,1478174,1.08,1.09
2026/04/16 11:59:25,00455,天大药业,TIANDA PHARMA,,0.098,0.0,0.0,0.098,0.0,0.0,0.0,0,0,0.093,0.103
2026/04/16 09:02:59,00456,新城市建设发展,NEW CITY DEV,,0.495,0.0,0.0,0.495,0.0,0.0,0.0,0,0,0.44,0.52
2026/04/16 11:59:32,00458,联亚集团,TRISTATE HOLD,,2.05,0.0,0.0,2.05,0.0,0.0,0.0,0,0,1.9,2.05
2026/04/16 11:53:25,00460,四环医药,SIHUAN PHARM,,1.43,-0.02,-1.37931,1.45,1.45,1.45,1.42,6520000,9370170,1.42,1.43
2026/04/16 11:54:57,00464,中国智能科技,CHINA IN-TECH,,0.72,-0.06,-7.69231,0.78,0.88,0.88,0.69,4180000,3034640,0.71,0.72
2026/04/16 11:25:09,00465,富通科技,FUTONG TECH,,0.57,-0.03,-5.0,0.6,0.55,0.57,0.55,104000,57320,0.56,0.59
2026/04/16 11:59:37,00467,联合能源集团,UNITEDENERGY GP,,0.51,-0.02,-3.77359,0.53,0.52,0.53,0.5,74614000,38113460,0.51,0.52
2026/04/16 08:55:00,00468,纷美包装,GAPACK,,2.28,0.0,0.0,2.28,0.0,0.0,0.0,0,0,0.0,0.0
2026/04/16 11:59:56,00470,先导智能,WUXI LEAD,,51.4,2.56,5.24161,48.84,49.0,52.5,49.0,1417500,72831173,51.1,51.4
2026/04/16 11:57:38,00471,中播数据,SILKWAVE INC,,0.67,0.03,4.6875,0.64,0.66,0.7,0.66,43001902,29522739,0.67,0.68
2026/04/16 11:51:22,00472,新丝路控股集团,NEW SILKROAD,,0.29,0.01,3.57143,0.28,0.28,0.29,0.28,150000,43100,0.27,0.295
2026/04/16 11:57:56,00474,信铭生命科技,ACESO LIFE SCI,,0.107,-0.013,-10.83333,0.12,0.109,0.112,0.107,576000,62076,0.105,0.112
2026/04/16 11:59:27,00475,中发展控股,CENTRAL DEV H,,0.355,0.0,0.0,0.355,0.0,0.0,0.0,0,0,0.305,0.395
2026/04/16 09:45:36,00476,科轩动力控股,EV DYNAMICS,,0.5,0.0,0.0,0.5,0.0,0.0,0.0,0,0,0.49,0.54
2026/04/16 10:43:29,00480,香港兴业国际,HKR INT'L,,1.17,0.0,0.0,1.17,1.2,1.2,1.17,1600,1896,1.16,1.17
2026/04/16 11:56:11,00482,圣马丁国际（新）,SANDMARTIN-NEW,,0.8,-0.05,-5.88235,0.85,0.81,0.81,0.8,750000,601500,0.81,0.89
2026/04/16 09:30:02,00483,包浩斯国际,BAUHAUS INT'L,,0.249,0.0,0.0,0.249,0.0,0.0,0.0,0,0,0.247,0.27
2026/04/16 10:38:00,00484,云游控股,FORGAME,,0.75,0.0,0.0,0.75,0.0,0.0,0.0,0,0,0.74,0.78
2026/04/16 11:25:03,00485,中国华星,CHINASINOSTAR,,0.42,0.0,0.0,0.42,0.0,0.0,0.0,0,0,0.243,0.49
2026/04/16 11:44:06,00486,俄铝,RUSAL,,4.35,0.13,3.08057,4.22,4.3,4.4,4.24,358000,1551420,4.35,4.39
2026/04/16 11:59:34,00487,实德环球,SUCCESSUNIVERSE,,0.045,0.0,0.0,0.045,0.0,0.0,0.0,0,0,0.045,0.049
2026/04/16 11:58:35,00488,丽新发展,LAI SUN DEV,,0.85,-0.08,-8.60215,0.93,0.92,0.93,0.81,792400,666498,0.82,0.84
2026/04/16 09:00:51,00491,英皇文化产业,EMPEROR CULTURE,,0.03,0.0,0.0,0.03,0.0,0.0,0.0,0,0,0.028,0.03
2026/04/16 11:57:00,00493,国美零售,GOME RETAIL,,0.014,0.0,0.0,0.014,0.014,0.014,0.013,12913000,177007,0.013,0.014
2026/04/16 08:55:00,00495,PALADIN,PALADIN,,0.012,0.0,0.0,0.012,0.0,0.0,0.0,0,0,0.0,0.0
2026/04/16 10:48:24,00496,卡森国际,KASEN,,0.33,0.0,0.0,0.33,0.0,0.0,0.0,0,0,0.33,0.36
2026/04/16 10:09:36,00497,资本策略地产,CSI PROPERTIES,,0.209,0.0,0.0,0.209,0.0,0.0,0.0,0,0,0.209,0.213
2026/04/16 10:40:44,00498,蓝河控股,BLUE RIVER HLDG,,0.126,0.0,0.0,0.126,0.0,0.0,0.0,0,0,0.128,0.0
2026/04/16 11:12:12,00499,青岛控股,QINGDAO HLDGS,,0.11,-0.004,-3.50877,0.114,0.117,0.117,0.11,35000,4050,0.11,0.117
2026/04/16 11:58:28,00500,先丰服务集团,FRONTIER SER,,0.074,0.006,8.82353,0.068,0.07,0.074,0.07,128000,9201,0.07,0.073
2026/04/16 11:59:30,00501,豪威集团,OMNIVISION,,80.65,2.0,2.54291,78.65,79.0,80.95,78.1,627500,50084105,80.45,80.7
2026/04/16 09:01:27,00505,兴业合金,XINGYE ALLOY,,1.0,0.0,0.0,1.0,0.0,0.0,0.0,0,0,0.96,1.0
2026/04/16 11:59:10,00506,中国食品,CHINA FOODS,,3.7,0.01,0.271,3.69,3.71,3.72,3.67,1162000,4293420,3.7,3.71
2026/04/16 10:50:49,00508,鼎亿集团投资,DINGYI GP INV,,0.65,0.03,4.83871,0.62,0.62,0.65,0.62,170000,109850,0.61,0.64
2026/04/16 08:55:00,00509,世纪阳光,SUNSHINE,,0.17,0.0,0.0,0.17,0.0,0.0,0.0,0,0,0.0,0.0
2026/04/16 11:54:36,00510,时富金融服务集团,CASH FIN SER GP,,0.455,-0.055,-10.78431,0.51,0.51,0.51,0.45,1308027,623892,0.46,0.49
2026/04/16 11:59:29,00511,电视广播,TVB,,2.93,0.01,0.34247,2.92,2.93,2.96,2.9,246800,722070,2.93,2.94
2026/04/16 11:57:27,00512,远大医药,GRAND PHARMA,,6.77,-0.04,-0.58737,6.81,6.88,6.88,6.73,1539500,10475675,6.77,6.79
2026/04/16 09:05:33,00513,恒和集团,CONTINENTAL H,,0.141,0.0,0.0,0.141,0.0,0.0,0.0,0,0,0.12,0.16
2026/04/16 08:55:00,00515,中华银科技,CHINASILVER TEC,,0.173,0.0,0.0,0.173,0.0,0.0,0.0,0,0,0.0,0.0
2026/04/16 11:59:25,00517,中远海运国际,COSCO SHIP INTL,,6.23,0.0,0.0,6.23,6.25,6.26,6.2,732000,4562140,6.23,6.24
2026/04/16 11:03:18,00518,同得仕（集团）,TUNGTEX (HOLD),,0.185,0.0,0.0,0.185,0.185,0.185,0.185,60000,11100,0.185,0.194
2026/04/16 11:54:28,00519,诺科达科技,NOVAUTEK,,0.178,0.008,4.70588,0.17,0.178,0.178,0.178,130000,23140,0.164,0.176
2026/04/16 11:57:24,00520,呷哺呷哺,XIABUXIABU,,0.465,0.02,4.49438,0.445,0.455,0.465,0.445,743000,338535,0.45,0.465
2026/04/16 11:59:44,00521,CWT INT'L,CWT INT'L,,0.275,0.005,1.85185,0.27,0.27,0.275,0.265,1940000,525250,0.265,0.275
2026/04/16 11:59:57,00522,ASMPT,ASMPT,,130.3,3.5,2.76025,126.8,125.0,131.0,123.8,2546462,328526591,130.2,130.3
2026/04/16 11:59:18,00524,长城天下,GW TERROIR,,0.7,0.0,0.0,0.7,0.0,0.0,0.0,10000,6400,0.6,0.69
2026/04/16 11:59:37,00525,广深铁路股份,GUANGSHEN RAIL,,2.35,0.1,4.44444,2.25,2.27,2.37,2.25,8326000,19371964,2.35,2.36
2026/04/16 11:55:15,00526,利时集团控股,LISI GP HOLD,,0.103,0.0,0.0,0.103,0.112,0.112,0.103,74000,7990,0.103,0.109
2026/04/16 11:49:01,00527,瑞风新能源,RUIFENG RENEW,,0.67,0.0,0.0,0.67,0.67,0.67,0.67,696000,466320,0.66,0.67
2026/04/16 11:16:14,00528,金达控股,KINGDOM HOLDING,,1.24,0.0,0.0,1.24,0.0,0.0,0.0,0,0,1.24,1.3
2026/04/16 11:29:28,00529,SIS INT'L,SIS INT'L,,1.86,-0.04,-2.10526,1.9,1.83,1.86,1.83,64000,118440,1.84,1.89
2026/04/16 11:04:37,00532,WKK INTL (HOLD),WKK INTL (HOLD),,0.265,0.01,3.92157,0.255,0.255,0.265,0.255,110000,28150,0.255,0.275
2026/04/16 11:17:06,00533,金利来集团,GOLDLION HOLD,,1.0,0.0,0.0,1.0,1.01,1.01,1.0,1198000,1201910,1.0,1.01
2026/04/16 11:59:23,00535,金地商置,GEMDALE PPT,,0.121,0.001,0.83333,0.12,0.124,0.125,0.116,1220000,146842,0.119,0.122
2026/04/16 11:56:45,00536,贸易通,TRADELINK,,1.14,0.0,0.0,1.14,1.13,1.14,1.13,92000,103980,1.13,1.14
2026/04/16 11:58:12,00538,味千（中国）,AJISEN (CHINA),,0.99,0.0,0.0,0.99,0.99,0.99,0.98,177000,175220,0.98,0.99
2026/04/16 11:59:32,00540,迅捷环球控股,SPEEDY GLOBAL,,0.212,0.0,0.0,0.212,0.0,0.0,0.0,0,0,0.19,0.215
2026/04/16 11:04:00,00542,中国文旅农业,CN CULTURAL T&A,,1.0,0.0,0.0,1.0,1.12,1.12,1.0,48000,48480,0.9,1.07
2026/04/16 11:59:22,00543,太平洋网络,PACIFIC ONLINE,,0.325,0.0,0.0,0.325,0.325,0.325,0.325,30000,9750,0.32,0.365
2026/04/16 09:58:42,00544,大同集团,DAIDO GROUP,,1.66,0.0,0.0,1.66,0.0,0.0,0.0,0,0,1.66,1.72
2026/04/16 11:59:35,00546,阜丰集团,FUFENG GROUP,,7.04,0.0,0.0,7.04,7.05,7.14,6.96,2412000,16945680,7.04,7.05
2026/04/16 11:29:12,00547,数字王国,DIGITAL DOMAIN,,0.27,0.01,3.84615,0.26,0.26,0.27,0.26,310000,82175,0.265,0.275
2026/04/16 11:58:12,00548,深圳高速公路股份,SHENZHENEXPRESS,,7.45,0.07,0.94851,7.38,7.42,7.57,7.33,644000,4788390,7.41,7.45
2026/04/16 11:58:53,00550,律齐文化,ALLEGRO CULTURE,,0.81,0.0,0.0,0.81,0.83,0.85,0.78,1030000,835160,0.8,0.81
2026/04/16 11:58:37,00551,裕元集团,YUE YUEN IND,,15.93,0.03,0.18868,15.9,16.16,16.16,15.84,2515809,40128370,15.93,15.94
2026/04/16 11:53:21,00552,中国通信服务,CHINACOMSERVICE,,4.23,0.01,0.23697,4.22,4.25,4.26,4.19,1160000,4883270,4.21,4.23
2026/04/16 11:54:40,00553,南京熊猫电子股份,NANJING PANDA,,5.02,0.03,0.6012,4.99,4.96,5.03,4.96,1656000,8278900,5.01,5.03
2026/04/16 11:59:20,00554,汉思集团控股,HANS GP HLDGS,,0.199,0.0,0.0,0.199,0.0,0.0,0.0,0,0,0.19,0.199
2026/04/16 11:40:14,00556,泛亚环保,PAN ASIA ENVIRO,,0.57,-0.01,-1.72414,0.58,0.59,0.59,0.54,1650000,934560,0.56,0.57
2026/04/16 11:59:29,00557,天元医疗,TIANYUAN HEALTH,,0.465,0.0,0.0,0.465,0.465,0.465,0.465,42000,19530,0.415,0.48
2026/04/16 11:59:39,00558,力劲科技,LK TECH,,2.97,0.07,2.41379,2.9,2.99,2.99,2.89,420000,1237200,2.96,2.97
2026/04/16 08:55:00,00559,德泰新能源集团,DETAI NEWENERGY,,0.126,0.0,0.0,0.126,0.0,0.0,0.0,0,0,0.0,0.0
2026/04/16 11:10:22,00560,珠江船务,CHU KONG SHIP,,0.71,0.0,0.0,0.71,0.69,0.71,0.69,502000,354160,0.7,0.71
2026/04/16 11:55:01,00563,上实城市开发,SH IND URBAN,,0.275,-0.005,-1.78571,0.28,0.28,0.28,0.275,188000,52340,0.275,0.28
2026/04/16 11:59:40,00564,中创智领,ZCZL,,18.5,-0.21,-1.12239,18.71,18.65,18.97,18.4,643600,11918222,18.5,18.53
2026/04/16 11:45:07,00565,锦艺集团控股,ART GROUP HOLD,,2.78,0.06,2.20588,2.72,2.72,2.85,2.66,5290000,14556900,2.77,2.79
2026/04/16 11:57:37,00567,大昌微线集团,DAISHOMICROLINE,,0.295,0.015,5.35714,0.28,0.275,0.295,0.275,1220000,346500,0.28,0.295
2026/04/16 11:59:51,00568,山东墨龙,SHANDONG MOLONG,,8.25,-0.11,-1.31579,8.36,8.2,8.37,8.2,19205200,158497136,8.24,8.25
2026/04/16 11:53:46,00570,中国中药,TRAD CHI MED,,1.82,0.02,1.11111,1.8,1.81,1.82,1.8,3992000,7231640,1.81,1.82
2026/04/16 10:31:45,00571,丰德丽控股,ESUN HOLDINGS,,0.049,0.003,6.52174,0.046,0.047,0.049,0.047,58000,2762,0.049,0.051
2026/04/16 11:59:30,00572,未来世界控股,FW HOLDINGS,,0.43,0.0,0.0,0.43,0.0,0.0,0.0,2,0,0.4,0.495
2026/04/16 11:56:34,00573,稻香控股,TAO HEUNG HLDGS,,0.29,-0.01,-3.33333,0.3,0.3,0.3,0.29,8000,2380,0.29,0.3
2026/04/16 11:57:00,00574,百信国际,PASHUN INT'L,,0.045,0.0,0.0,0.045,0.045,0.045,0.042,228000,10218,0.04,0.045
2026/04/16 11:17:55,00575,励晶太平洋,REGENT PACIFIC,,0.7,0.0,0.0,0.7,0.0,0.0,0.0,0,0,0.7,0.8
2026/04/16 11:59:40,00576,浙江沪杭甬,ZHEJIANGEXPRESS,,7.75,-0.36,-4.43896,8.11,8.12,8.16,7.67,5113040,40301807,7.74,7.75
2026/04/16 11:58:53,00579,京能清洁能源,JNCEC,,2.27,0.0,0.0,2.27,2.28,2.28,2.25,3530000,7990330,2.26,2.27
2026/04/16 11:58:32,00580,赛晶科技,SUN.KING TECH,,1.61,0.05,3.20513,1.56,1.58,1.63,1.57,1770000,2837820,1.61,1.63
2026/04/16 11:59:02,00581,中国东方集团,CHINA ORIENTAL,,1.33,-0.01,-0.74627,1.34,1.34,1.34,1.32,332000,441860,1.33,1.34
2026/04/16 10:50:01,00582,神话世界,SHIN HWA WORLD,,0.118,-0.002,-1.66667,0.12,0.118,0.118,0.118,420000,49560,0.118,0.133
2026/04/16 11:40:01,00583,长城环亚控股,GWPA HOLDINGS,,0.22,-0.002,-0.9009,0.222,0.22,0.22,0.22,20000,4400,0.216,0.229
2026/04/16 11:59:17,00585,意力国际,IMAGI INT'L,,2.39,0.04,1.70213,2.35,2.26,2.4,1.61,619125,1321475,2.23,2.4
2026/04/16 11:59:11,00586,海螺创业,CONCH VENTURE,,11.72,-0.2,-1.67785,11.92,11.92,12.0,11.55,9536000,111639675,11.7,11.73
2026/04/16 09:30:12,00587,海螺环保,CONCH ENVIRO,,0.52,0.0,0.0,0.52,0.0,0.0,0.0,0,0,0.51,0.52
2026/04/16 11:56:18,00588,北京北辰实业股份,BEIJING N STAR,,0.82,0.01,1.23457,0.81,0.82,0.83,0.81,13716000,11203300,0.81,0.82
2026/04/16 11:56:45,00590,六福集团,LUK FOOK HOLD,,23.22,-0.02,-0.08606,23.24,23.0,23.26,22.9,205000,4724700,23.2,23.22
2026/04/16 11:55:10,00591,中国高精密,C HIGHPRECISION,,0.206,-0.007,-3.28639,0.213,0.214,0.214,0.205,851000,177255,0.206,0.219
2026/04/16 11:30:42,00595,AV CONCEPT HOLD,AV CONCEPT HOLD,,0.56,-0.01,-1.75439,0.57,0.57,0.57,0.56,128000,72280,0.55,0.56
2026/04/16 11:59:46,00596,浪潮数字企业,INSPUR DIGI ENT,,2.45,0.01,0.40984,2.44,2.4,2.53,2.4,5062000,12568100,2.44,2.45
2026/04/16 11:55:58,00598,中国外运,SINOTRANS,,5.09,0.04,0.79208,5.05,5.05,5.12,5.05,3915300,19951335,5.07,5.09
2026/04/16 11:28:32,00599,怡邦行控股,E. BON HOLDINGS,,0.15,0.0,0.0,0.15,0.0,0.0,0.0,0,0,0.15,0.164
2026/04/16 11:59:57,00600,爱芯元智,AXERA,,22.9,2.68,13.2542,20.22,20.9,22.9,20.3,1602700,35293114,22.8,22.92
2026/04/16 11:59:32,00601,稀镁科技,REMT,,0.074,0.0,0.0,0.074,0.074,0.074,0.074,1070000,79180,0.073,0.08
2026/04/16 09:02:38,00602,佳华百货控股,JIAHUA STORES H,,0.04,0.0,0.0,0.04,0.0,0.0,0.0,0,0,0.035,0.04
2026/04/16 11:56:41,00603,中油燃气,CHINA OIL & GAS,,0.176,0.0,0.0,0.176,0.176,0.18,0.174,927000,162812,0.175,0.18
2026/04/16 11:58:22,00604,深圳控股,SHENZHEN INVEST,,0.78,0.0,0.0,0.78,0.78,0.78,0.77,1518000,1177060,0.77,0.78
2026/04/16 11:59:27,00605,中国金融投资管理,C FIN SERVICES,,0.81,-0.06,-6.89655,0.87,0.81,0.81,0.81,12000,9720,0.81,0.86
2026/04/16 09:02:07,00606,中骏商管,SCE CM,,0.28,0.0,0.0,0.28,0.0,0.0,0.0,0,0,0.28,0.295
2026/04/16 08:55:00,00607,丰盛控股,FULLSHARE,,1.38,0.0,0.0,1.38,0.0,0.0,0.0,0,0,0.0,0.0
2026/04/16 11:07:00,00608,达利国际,HIGH FASHION,,1.16,-0.02,-1.69492,1.18,1.17,1.17,1.16,4000,4660,1.15,1.16
2026/04/16 11:59:24,00609,天德化工,TIANDE CHEMICAL,,1.31,0.0,0.0,1.31,0.0,0.0,0.0,0,0,1.25,1.45
2026/04/16 11:56:50,00610,WAI KEE HOLD,WAI KEE HOLD,,0.94,0.02,2.17391,0.92,0.89,0.94,0.88,32000,28860,0.89,0.92
2026/04/16 11:44:46,00611,中国核能科技,CNE TECH CORP,,0.5,0.0,0.0,0.5,0.5,0.5,0.495,264000,131500,0.495,0.51
2026/04/16 08:55:00,00612,嘉文世纪投资公司,CARMEN CENTURY,,0.335,0.0,0.0,0.335,0.0,0.0,0.0,0,0,0.0,0.0
2026/04/16 11:59:31,00613,梧桐国际,PLANETREE INT'L,,1.75,0.05,2.94118,1.7,1.62,1.82,1.6,130000,221480,1.75,1.82
2026/04/16 11:33:49,00616,财富链,ASSET CHAIN,,0.3,0.0,0.0,0.3,0.29,0.315,0.29,2025000,614625,0.295,0.3
2026/04/16 11:42:56,00617,百利保控股,PALIBURG HOLD,,0.181,-0.002,-1.0929,0.183,0.182,0.184,0.18,1437500,264335,0.181,0.184
2026/04/16 10:46:25,00618,北大资源,PKU RESOURCES,,0.315,0.0,0.0,0.315,0.315,0.315,0.315,136000,42840,0.3,0.315
2026/04/16 12:30:00,00619,南华金融,SOUTH CHINA FIN,,0.3,0.005,1.69492,0.295,0.305,0.305,0.3,44000,13320,0.295,0.305
2026/04/16 11:58:44,00620,大唐西市,DTXS SILK ROAD,,0.275,0.015,5.76923,0.26,0.26,0.275,0.25,2260000,582100,0.27,0.275
2026/04/16 11:25:39,00621,坛金矿业,TAUNG GOLD,,0.46,0.0,0.0,0.46,0.45,0.46,0.45,200000,91625,0.455,0.46
2026/04/16 11:52:56,00622,威华达控股,OSHIDORI,,1.85,-0.01,-0.53763,1.86,1.86,1.88,1.82,5310000,9773850,1.84,1.85
2026/04/16 11:46:06,00623,中视金桥,SINOMEDIA,,2.02,-0.01,-0.49261,2.03,2.02,2.02,2.0,24000,48460,2.02,2.04
2026/04/16 11:54:51,00626,大众金融控股,PUBLIC FIN HOLD,,1.47,-0.01,-0.67568,1.48,1.49,1.49,1.47,6000,8860,1.47,1.49
2026/04/16 11:33:45,00627,共生智筑,VISION SYNERGY,,0.45,0.0,0.0,0.45,0.0,0.0,0.0,49,21,0.45,0.54
2026/04/16 11:59:56,00628,通通ＡＩ社交,TONGTONG AI SOC,,0.365,-0.045,-10.97561,0.41,0.41,0.43,0.345,16050000,6167470,0.36,0.365
2026/04/16 11:40:26,00629,悦达国际控股,YUE DA INTL,,0.3,0.005,1.69492,0.295,0.295,0.3,0.295,272000,80845,0.28,0.3
2026/04/16 11:41:51,00630,隽泰控股,AMCO UNITED,,0.25,-0.01,-3.84615,0.26,0.25,0.25,0.25,20640,5142,0.25,0.27
2026/04/16 11:59:31,00631,三一国际,SANY INT'L,,11.7,-0.11,-0.93141,11.81,11.75,12.07,11.53,3377133,39398929,11.69,11.7
2026/04/16 11:59:14,00632,中港石油,CHK OIL,,0.3,-0.01,-3.22581,0.31,0.305,0.305,0.295,7206000,2185030,0.295,0.3
2026/04/16 10:37:03,00635,彩星集团,PLAYMATES,,0.51,0.0,0.0,0.51,0.51,0.51,0.51,76000,38760,0.51,0.52
2026/04/16 11:59:06,00636,KLN,KLN,,6.63,-0.08,-1.19225,6.71,6.68,6.69,6.61,242298,1610031,6.63,6.65
2026/04/16 11:59:30,00637,利记,LEE KEE,,0.196,0.001,0.51282,0.195,0.196,0.196,0.196,5000,974,0.196,0.217
2026/04/16 11:57:46,00638,广和通,FIBOCOM,,13.83,0.27,1.99115,13.56,13.38,13.86,13.38,493000,6764468,13.76,13.84
2026/04/16 11:55:51,00639,首钢资源,SHOUGANG RES,,2.69,0.01,0.37313,2.68,2.7,2.72,2.68,2258000,6088820,2.69,2.7
2026/04/16 11:34:44,00640,星谦发展,INFINITY DEV,,2.54,0.0,0.0,2.54,0.0,0.0,0.0,0,0,2.49,2.56
2026/04/16 11:38:44,00641,中国恒天立信国际,CHTC FONG'S INT,,0.365,0.03,8.95522,0.335,0.365,0.365,0.365,2000,730,0.32,0.35
2026/04/16 10:56:36,00643,恒富控股,CARRY WEALTH,,0.25,-0.01,-3.84615,0.26,0.25,0.25,0.25,10000,2500,0.25,0.255
2026/04/16 10:39:29,00645,安域亚洲,ARES ASIA,,0.191,-0.001,-0.52083,0.192,0.19,0.191,0.19,110000,20902,0.176,0.191
2026/04/16 11:16:50,00646,中国环保科技,CHINA ENV TEC,,0.123,-0.002,-1.6,0.125,0.123,0.123,0.123,160000,19680,0.126,0.125
2026/04/16 11:40:56,00648,京玖康疗,SOFTMEDX,,0.29,0.0,0.0,0.29,0.3,0.3,0.29,30020,8805,0.285,0.295
2026/04/16 11:59:53,00650,普达特科技,PRODUCTIVE TECH,,0.41,-0.02,-4.65116,0.43,0.455,0.46,0.375,27518000,11307020,0.41,0.415
2026/04/16 11:16:57,00653,卓悦控股,BONJOUR HOLD,,0.062,0.002,3.33333,0.06,0.06,0.062,0.06,528000,32124,0.061,0.062
2026/04/16 11:58:16,00655,香港华人有限公司,HK CHINESE LTD,,0.241,0.0,0.0,0.241,0.0,0.0,0.0,0,0,0.242,0.245
2026/04/16 11:59:35,00656,复星国际,FOSUN INTL,,4.2,0.13,3.1941,4.07,4.09,4.21,4.04,4963700,20633693,4.19,4.21
2026/04/16 09:18:28,00657,环科国际,G-VISION INT'L,,0.027,0.0,0.0,0.027,0.0,0.0,0.0,0,0,0.027,0.031
2026/04/16 08:55:00,00658,中国高速传动,C TRANSMISSION,,1.95,0.0,0.0,1.95,0.0,0.0,0.0,0,0,0.0,0.0
2026/04/16 11:59:18,00659,周大福创建,CTF SERVICES,,8.11,0.06,0.74534,8.05,8.07,8.14,8.05,272890,2205047,8.1,8.12
2026/04/16 12:30:00,00660,玮俊生物科技,WAI CHUN BIOTEC,,1.18,-0.08,-6.34921,1.26,1.2,1.26,1.08,3067800,3532942,1.16,1.2
2026/04/16 11:59:56,00661,中国大冶有色金属,CDAYENONFER,,0.142,0.003,2.15827,0.139,0.145,0.147,0.139,32040000,4587226,0.142,0.145
2026/04/16 11:56:24,00662,亚洲金融,ASIA FINANCIAL,,4.7,0.02,0.42735,4.68,4.7,4.7,4.7,24000,112800,4.63,4.7
2026/04/16 11:59:41,00664,铜师傅,TONGSHIFU,,27.22,-0.58,-2.08633,27.8,27.92,27.92,27.0,35300,968844,27.04,27.48
2026/04/16 11:59:57,00666,瑞浦兰钧,REPT BATTERO,,16.85,0.5,3.0581,16.35,16.58,17.25,16.29,4914600,83182767,16.87,16.92
2026/04/16 11:59:39,00667,中国东方教育,CHINA EAST EDU,,5.01,-0.01,-0.1992,5.02,5.02,5.1,4.87,3380000,16726817,5.01,5.02
2026/04/16 11:59:16,00669,创科实业,TECHTRONIC IND,,109.6,-2.1,-1.88004,111.7,111.7,112.5,108.8,2086130,228744987,109.5,109.6
2026/04/16 11:59:48,00670,中国东方航空股份,CHINA EAST AIR,,4.0,0.06,1.52284,3.94,3.98,4.04,3.91,10052000,39935620,3.99,4.0
2026/04/16 11:48:15,00672,众安集团,ZHONGAN GROUP,,0.099,0.005,5.31915,0.094,0.094,0.099,0.094,3547800,333718,0.094,0.099
2026/04/16 10:50:33,00673,中国卫生集团,CHINA HEALTH,,0.56,0.0,0.0,0.56,0.0,0.0,0.0,0,0,0.51,0.56
2026/04/16 09:30:02,00674,中国唐商,CHINA TANGSHANG,,0.068,0.0,0.0,0.068,0.0,0.0,0.0,0,0,0.066,0.073
2026/04/16 11:43:05,00675,坚宝国际,K & P INT'L,,0.36,-0.03,-7.69231,0.39,0.36,0.36,0.36,10000,3600,0.365,0.38
2026/04/16 10:18:22,00676,创信国际,PEGASUS INT'L,,1.0,0.0,0.0,1.0,0.0,0.0,0.0,0,0,0.97,1.03
2026/04/16 10:20:03,00677,金源发展国际实业,GOLDEN RES DEV,,0.35,-0.005,-1.40845,0.355,0.355,0.355,0.35,106000,37600,0.35,0.355
2026/04/16 12:31:00,00679,亚洲联网科技,ASIA TELE-NET,,3.2,1.0,45.45455,2.2,2.26,3.29,2.25,12011166,33337333,3.2,3.3
2026/04/16 11:49:01,00681,中民控股,CHI PEOPLE HOLD,,0.027,0.0,0.0,0.027,0.026,0.027,0.026,506000,13660,0.026,0.027
2026/04/16 12:30:00,00682,超大现代,CHAODA MODERN,,0.23,0.0,0.0,0.23,0.0,0.0,0.0,700,153,0.22,0.24
2026/04/16 11:57:32,00683,嘉里建设,KERRY PPT,,22.46,-0.14,-0.61947,22.6,22.6,22.98,22.28,581500,13015625,22.38,22.46
2026/04/16 09:30:34,00684,亚伦国际,ALLAN INT'L,,0.51,0.0,0.0,0.51,0.0,0.0,0.0,0,0,0.5,0.53
2026/04/16 11:59:31,00685,世界华文媒体,MEDIA CHINESE,,0.205,-0.01,-4.65116,0.215,0.196,0.205,0.196,2000,401,0.205,0.229
2026/04/16 11:59:19,00686,北京能源国际,BJ ENERGY INTL,,1.07,0.01,0.9434,1.06,1.07,1.07,1.07,16000,17120,1.07,1.08
2026/04/16 11:54:50,00687,泰升集团,TYSAN HOLDINGS,,0.35,-0.005,-1.40845,0.355,0.355,0.36,0.35,248000,87800,0.345,0.36
2026/04/16 11:58:49,00688,中国海外发展,CHINA OVERSEAS,,12.54,0.2,1.62075,12.34,12.34,12.57,12.34,7677811,95914150,12.53,12.54
2026/04/16 12:00:00,00689,长盈集团（控股）,EPI (HOLDINGS),,0.217,-0.016,-6.86695,0.233,0.199,0.24,0.18,58307320,12482018,0.217,0.219
2026/04/16 11:44:39,00690,联康生物科技集团,UNI-BIO GROUP,,0.1,-0.002,-1.96078,0.102,0.106,0.107,0.099,2112000,212124,0.099,0.1
2026/04/16 11:39:38,00691,山水水泥,SHANSHUI CEMENT,,0.435,0.02,4.81928,0.415,0.41,0.435,0.41,219000,92185,0.425,0.435
2026/04/16 09:32:23,00693,陈唱国际,TAN CHONG INT'L,,1.53,0.0,0.0,1.53,0.0,0.0,0.0,0,0,1.52,1.6
2026/04/16 11:58:41,00694,北京首都机场股份,BEIJING AIRPORT,,1.9,-0.05,-2.5641,1.95,1.97,1.97,1.89,3344000,6406280,1.9,1.91
2026/04/16 11:56:20,00695,东吴水泥,DONGWU CEMENT,,7.5,-0.09,-1.18577,7.59,7.58,7.58,7.45,378000,2844060,7.45,7.5
2026/04/16 11:58:25,00696,中国民航信息网络,TRAVELSKY TECH,,10.19,0.19,1.9,10.0,10.0,10.19,10.0,4184000,42358590,10.15,10.19
2026/04/16 11:59:21,00697,首程控股,SHOUCHENG,,1.67,0.0,0.0,1.67,1.68,1.68,1.66,15939200,26604390,1.67,1.68
2026/04/16 11:58:08,00698,通达集团,TONGDA GROUP,,2.71,0.0,0.0,2.71,2.71,2.71,2.65,73800,199526,2.64,2.71
2026/04/16 12:35:54,00699,均胜电子,JOYSON ELEC,,16.38,0.32,1.99253,16.06,16.4,16.49,16.07,1659500,27048835,16.29,16.39
2026/04/16 11:59:52,00700,腾讯控股,TENCENT,,513.0,14.0,2.80561,499.0,506.5,514.0,504.0,11255956,5727794770,513.0,513.5
2026/04/16 08:55:00,00701,CNT GROUP,CNT GROUP,,0.178,0.0,0.0,0.178,0.0,0.0,0.0,0,0,0.0,0.0
2026/04/16 08:55:00,00702,中国油气控股,SINO OIL & GAS,,0.034,0.0,0.0,0.034,0.0,0.0,0.0,0,0,0.0,0.0
2026/04/16 11:59:29,00703,FUTURE BRIGHT,FUTURE BRIGHT,,0.096,0.0,0.0,0.096,0.0,0.0,0.0,0,0,0.097,0.104
2026/04/16 08:55:00,00704,和嘉控股,HUSCOKE HLDGS,,0.133,0.0,0.0,0.133,0.0,0.0,0.0,0,0,0.0,0.0
2026/04/16 08:55:00,00707,亚洲电视控股,ATV HOLDINGS,,0.06,0.0,0.0,0.06,0.0,0.0,0.0,0,0,0.0,0.0
2026/04/16 08:55:00,00708,恒大汽车,EVERG VEHICLE,,0.17,0.0,0.0,0.17,0.0,0.0,0.0,0,0,0.0,0.0
2026/04/16 11:57:17,00709,佐丹奴国际,GIORDANO INT'L,,1.49,0.0,0.0,1.49,1.49,1.5,1.48,662129,987007,1.49,1.5
2026/04/16 11:59:17,00710,京东方精电,BOE VARITRONIX,,4.37,0.07,1.62791,4.3,4.29,4.37,4.27,247000,1066949,4.35,4.37
2026/04/16 09:00:00,00711,亚洲联合基建控股,ASIA ALLIED INF,,0.43,0.0,0.0,0.43,0.0,0.0,0.0,0,0,0.425,0.435
2026/04/16 11:30:17,00712,卡姆丹克太阳能,COMTEC SOLAR,,0.095,0.0,0.0,0.095,0.095,0.095,0.093,390000,36520,0.094,0.095
2026/04/16 09:31:02,00713,世界（集团）,WORLD HOUSEWARE,,0.385,0.0,0.0,0.385,0.0,0.0,0.0,0,0,0.36,0.385
2026/04/16 11:33:35,00716,胜狮货柜,SINGAMAS CONT,,0.64,0.0,0.0,0.64,0.65,0.65,0.64,272000,175640,0.64,0.65
2026/04/16 11:40:44,00717,英皇资本,EMPEROR CAPITAL,,0.088,0.001,1.14943,0.087,0.086,0.088,0.086,1410000,123360,0.087,0.088
2026/04/16 09:33:12,00718,太和控股,TAI UNITED HOLD,,0.032,0.0,0.0,0.032,0.0,0.0,0.0,0,0,0.03,0.032
2026/04/16 11:33:00,00719,山东新华制药股份,SHANDONG XINHUA,,6.4,0.0,0.0,6.4,6.4,6.42,6.4,100000,640620,6.41,6.42
2026/04/16 11:56:32,00720,意达利控股,AUTO ITALIA,,0.38,0.005,1.33333,0.375,0.37,0.38,0.37,150000,56000,0.375,0.38
2026/04/16 10:59:41,00721,中国金融国际,C FIN INT INV,,0.07,0.005,7.69231,0.065,0.07,0.07,0.07,50000,3500,0.062,0.067
2026/04/16 11:29:33,00722,联合医务,UMP,,0.46,0.005,1.0989,0.455,0.46,0.46,0.46,104000,47840,0.46,0.465
2026/04/16 11:24:03,00723,信保环球控股,RELIANCE GLO HL,,0.23,0.0,0.0,0.23,0.0,0.0,0.0,0,0,0.237,0.25
2026/04/16 08:55:00,00724,瑞鑫国际集团,RUIXIN INT'L,,0.105,0.0,0.0,0.105,0.0,0.0,0.0,0,0,0.0,0.0
2026/04/16 11:37:03,00725,恒都集团,PERENNIAL INT'L,,0.8,0.0,0.0,0.8,0.8,0.8,0.8,22000,17720,0.8,0.82
2026/04/16 11:46:15,00726,筑友智造科技,DIT GROUP,,0.033,-0.001,-2.94118,0.034,0.034,0.034,0.03,1510000,47460,0.031,0.033
2026/04/16 11:59:47,00727,皇冠环球集团,CROWNICORP,,0.66,0.0,0.0,0.66,0.0,0.0,0.0,0,0,0.63,0.68
2026/04/16 11:59:53,00728,中国电信,CHINA TELECOM,,4.92,0.02,0.40816,4.9,4.91,4.92,4.86,44044000,215023080,4.91,4.92
2026/04/16 11:59:15,00730,首惠产业金融,CAPITAL IND FIN,,0.118,-0.001,-0.84034,0.119,0.118,0.118,0.118,29000,3422,0.118,0.122
2026/04/16 11:20:50,00731,建发新胜,C&D NEWIN,,0.3,0.0,0.0,0.3,0.295,0.3,0.295,300000,89000,0.295,0.3
2026/04/16 11:20:20,00732,信利国际,TRULY INT'L,,1.01,0.02,2.0202,0.99,1.0,1.01,1.0,512000,512040,1.0,1.01
2026/04/16 10:55:35,00733,合富辉煌,HOPEFLUENT,,0.237,0.0,0.0,0.237,0.0,0.0,0.0,0,0,0.235,0.265
2026/04/16 10:31:23,00736,中国置业投资,CHINA PPT INV,,0.46,-0.03,-6.12245,0.49,0.51,0.51,0.46,60000,28635,0.47,0.485
2026/04/16 11:33:02,00737,湾区发展,BAY AREA DEV,,1.93,-0.02,-1.02564,1.95,1.93,1.93,1.93,107000,206510,1.93,1.94
2026/04/16 11:36:20,00738,莱尔斯丹,LE SAUNDA,,0.34,0.01,3.0303,0.33,0.325,0.34,0.325,14000,4580,0.325,0.34
2026/04/16 11:46:39,00743,亚洲水泥（中国）,ASIA CEMENT CH,,2.16,-0.01,-0.46083,2.17,2.2,2.2,2.16,21000,45700,2.16,2.18
2026/04/16 11:59:17,00745,中国国家文化产业,CN CULTURE GP,,1.0,-0.06,-5.66038,1.06,1.0,1.0,1.0,140000,140000,0.9,1.0
2026/04/16 10:32:03,00746,理文化工,L & M CHEMICAL,,4.84,0.03,0.6237,4.81,4.84,4.84,4.84,4000,19360,4.83,4.95
2026/04/16 11:59:32,00747,渖阳公用发展股份,SHENYANG PUBLIC,,0.096,0.0,0.0,0.096,0.0,0.0,0.0,0,0,0.086,0.095
2026/04/16 11:48:26,00750,水发兴业能源,SFSY ENERGY,,0.24,0.01,4.34783,0.23,0.24,0.24,0.23,220000,52470,0.225,0.239
2026/04/16 11:44:13,00751,创维集团,SKYWORTH GROUP,,6.38,0.08,1.26984,6.3,6.23,6.41,6.23,284000,1805380,6.37,6.38
2026/04/16 11:59:41,00752,PICO FAR EAST,PICO FAR EAST,,2.51,0.01,0.4,2.5,2.5,2.51,2.5,88000,220080,2.5,2.51
2026/04/16 11:59:14,00753,中国国航,AIR CHINA,,5.09,0.11,2.20884,4.98,5.02,5.14,4.99,13128000,66661140,5.09,5.1
2026/04/16 08:55:00,00754,合生创展集团,HOPSON DEV HOLD,,2.64,0.0,0.0,2.64,0.0,0.0,0.0,0,0,0.0,0.0
2026/04/16 11:59:51,00755,大方广瑞德,DEVGREAT,,0.29,-0.035,-10.76923,0.325,0.29,0.29,0.29,16000,4610,0.285,0.315
2026/04/16 10:29:45,00756,森美控股,SUMMI,,0.66,0.0,0.0,0.66,0.0,0.0,0.0,0,0,0.66,0.0
2026/04/16 11:56:13,00757,阳光能源,SOLARGIGA,,0.07,0.0,0.0,0.07,0.07,0.07,0.07,795000,55650,0.07,0.071
2026/04/16 11:45:29,00759,CEC INT'L HOLD,CEC INT'L HOLD,,0.203,0.0,0.0,0.203,0.203,0.203,0.2,30000,6084,0.2,0.203
2026/04/16 11:20:59,00760,新天地产集团,TALENT PPT GP,,0.154,0.002,1.31579,0.152,0.154,0.154,0.154,92500,14210,0.153,0.166
2026/04/16 11:59:56,00762,中国联通,CHINA UNICOM,,7.33,0.03,0.41096,7.3,7.26,7.35,7.26,5920200,43300186,7.33,7.34
2026/04/16 11:59:52,00763,中兴通讯,ZTE,,23.36,-0.6,-2.50417,23.96,23.96,23.96,23.16,16956391,395688828,23.36,23.38
2026/04/16 11:58:16,00764,永恒策略,ETERNITY INV,,0.495,0.0,0.0,0.495,0.0,0.0,0.0,10112,4990,0.38,0.56
2026/04/16 11:17:38,00765,PERFECTECH INTL,PERFECTECH INTL,,0.204,0.0,0.0,0.204,0.204,0.204,0.204,26000,5304,0.2,0.204
2026/04/16 11:59:37,00767,中基长寿科学,ZHONG JI LS,,0.48,0.0,0.0,0.48,0.48,0.48,0.47,190000,90800,0.475,0.48
2026/04/16 09:04:26,00768,开明投资,UBA INVESTMENTS,,0.04,0.0,0.0,0.04,0.0,0.0,0.0,0,0,0.039,0.043
2026/04/16 08:55:00,00769,中国稀土,CHINA RAREEARTH,,0.7,0.0,0.0,0.7,0.0,0.0,0.0,0,0,0.0,0.0
2026/04/16 11:45:04,00770,SHANGHAI GROWTH,SHANGHAI GROWTH,,0.198,0.0,0.0,0.198,0.198,0.198,0.198,50000,9900,0.0,0.2
2026/04/16 11:57:48,00771,自动系统,AUTOMATED SYS,,0.92,0.02,2.22222,0.9,0.9,0.92,0.9,80000,73180,0.9,0.92
2026/04/16 11:59:50,00772,阅文集团,CHINA LIT,,27.0,0.42,1.58014,26.58,26.6,27.16,26.6,1654009,44547857,26.98,27.0
2026/04/16 11:57:11,00775,长江生命科技,CKLIFE SCIENCES,,0.74,0.01,1.36986,0.73,0.73,0.74,0.73,1612000,1190900,0.73,0.74
2026/04/16 11:59:19,00776,帝国科技集团,IMPERIUM TEC GP,,0.89,0.0,0.0,0.89,0.98,0.99,0.89,49500,46245,0.9,0.94
2026/04/16 11:59:58,00777,网龙,NETDRAGON,,9.2,0.05,0.54645,9.15,9.2,9.2,9.11,1067000,9777505,9.17,9.2
2026/04/16 11:58:58,00780,同程旅行,TONGCHENGTRAVEL,,18.82,0.38,2.06074,18.44,18.44,18.83,18.44,1396900,26043872,18.81,18.82
2026/04/16 11:59:27,00784,凌锐控股,LING YUI,,0.77,-0.14,-15.38462,0.91,0.96,1.06,0.68,69863500,56114340,0.76,0.77
2026/04/16 11:59:33,00788,中国铁塔,CHINA TOWER,,10.9,-0.06,-0.54745,10.96,11.0,11.0,10.8,4811500,52411305,10.9,10.91
2026/04/16 11:36:49,00789,雅天妮集团,ARTINI HLDG,,0.305,-0.02,-6.15385,0.325,0.305,0.305,0.305,20000,6100,0.31,0.33
2026/04/16 09:39:09,00794,锦胜集团（控股）,COME SURE GROUP,,0.28,0.0,0.0,0.28,0.0,0.0,0.0,0,0,0.0,0.345
2026/04/16 11:59:22,00797,第七大道,7ROAD,,0.71,-0.01,-1.38889,0.72,0.72,0.72,0.71,66000,47360,0.71,0.76
2026/04/16 12:31:42,00798,中电光谷,CEOVU,,0.19,0.006,3.26087,0.184,0.189,0.19,0.189,28000,5300,0.185,0.193
2026/04/16 11:58:35,00799,IGG,IGG,,3.11,0.12,4.01338,2.99,2.99,3.15,2.99,1765100,5491569,3.1,3.11
2026/04/16 11:59:04,00800,文远知行－Ｗ,WERIDE-W,,21.38,0.62,2.98651,20.76,20.76,21.7,20.76,2346900,50463278,21.32,21.38
2026/04/16 11:59:22,00804,鼎石资本,PINESTONE,,3.65,0.0,0.0,3.65,3.65,3.65,3.65,5000,18250,3.55,4.09
2026/04/16 08:55:00,00805,新吉奥房车,NEW GONOW RV,,1.25,0.0,0.0,1.25,0.0,0.0,0.0,0,0,0.0,0.0
2026/04/16 11:58:27,00806,惠理集团,VALUE PARTNERS,,2.09,0.03,1.45631,2.06,2.07,2.1,2.07,413000,861235,2.08,2.1
2026/04/16 11:46:42,00807,上海实业环境,SIICENVIRONMENT,,1.08,0.0,0.0,1.08,1.08,1.08,1.07,415000,447170,1.07,1.08
2026/04/16 09:30:51,00809,大成生化科技,GLOBAL BIO-CHEM,,0.058,0.0,0.0,0.058,0.058,0.058,0.058,2000000,116000,0.058,0.06
2026/04/16 11:43:40,00810,中国铸晨８１,CH CASTSON 81,,0.121,-0.001,-0.81967,0.122,0.122,0.122,0.121,234000,28374,0.122,0.125
2026/04/16 11:53:34,00811,新华文轩,XINHUA WINSHARE,,10.36,-0.09,-0.86124,10.45,10.44,10.54,10.35,308000,3205780,10.37,10.39
2026/04/16 11:56:58,00813,世茂集团,SHIMAO GROUP,,0.173,0.0,0.0,0.173,0.174,0.176,0.172,2698500,468860,0.173,0.174
2026/04/16 11:59:15,00814,北京京客隆,JINGKELONG,,0.305,0.0,0.0,0.305,0.0,0.0,0.0,0,0,0.29,0.31
2026/04/16 11:56:14,00815,中国白银集团,CHI SILVER GP,,0.485,-0.005,-1.02041,0.49,0.49,0.49,0.48,4266000,2067360,0.485,0.49
2026/04/16 10:49:15,00816,金茂服务,JINMAO SERVICES,,2.56,0.01,0.39216,2.55,2.56,2.57,2.56,182500,468635,2.56,2.57
2026/04/16 11:59:31,00817,中国金茂,CHINA JINMAO,,1.54,-0.03,-1.91083,1.57,1.56,1.58,1.54,14668000,22804648,1.54,1.55
2026/04/16 11:36:39,00818,高阳科技,HI SUN TECH,,0.41,0.0,0.0,0.41,0.42,0.42,0.41,297000,122820,0.41,0.415
2026/04/16 11:58:17,00819,天能动力,TIANNENG POWER,,7.96,0.06,0.75949,7.9,7.93,8.1,7.83,3174000,25328600,7.96,7.98
2026/04/16 11:59:24,00821,汇盈控股,VC HOLDINGS,,0.275,0.0,0.0,0.275,0.0,0.0,0.0,0,0,0.26,0.3
2026/04/16 10:02:42,00822,嘉瑞国际,KA SHUI INT'L,,0.305,0.005,1.66667,0.3,0.3,0.305,0.3,14000,4230,0.29,0.3
2026/04/16 09:04:14,00825,新世界百货中国,NWDS CHINA,,0.315,0.0,0.0,0.315,0.0,0.0,0.0,0,0,0.315,0.335
2026/04/16 11:58:03,00826,天工国际,TIANGONG INT'L,,3.39,0.06,1.8018,3.33,3.35,3.4,3.33,4374000,14704830,3.39,3.4
2026/04/16 11:58:09,00827,玖源集团,KO YO GROUP,,0.045,-0.001,-2.17391,0.046,0.043,0.045,0.042,1952000,83932,0.044,0.045
2026/04/16 11:59:30,00828,王朝酒业,DYNASTY WINES,,0.219,0.0,0.0,0.219,0.0,0.0,0.0,0,0,0.209,0.219
2026/04/16 11:42:31,00829,神冠控股,SHENGUAN HLDGS,,0.193,0.005,2.65957,0.188,0.189,0.193,0.189,1140000,217626,0.192,0.195
2026/04/16 11:18:46,00830,中国建筑兴业,CSC DEVELOPMENT,,0.86,0.0,0.0,0.86,0.85,0.86,0.85,24000,20520,0.84,0.86
2026/04/16 11:52:18,00831,利亚零售,CR ASIA,,0.385,0.0,0.0,0.385,0.39,0.39,0.385,512000,199260,0.385,0.39
2026/04/16 11:12:30,00832,建业地产,CENTRAL CHINA,,0.052,0.0,0.0,0.052,0.0,0.0,0.0,0,0,0.047,0.052
2026/04/16 10:33:42,00833,华讯,ALLTRONICS,,0.57,0.01,1.78571,0.56,0.56,0.58,0.56,404000,229640,0.56,0.58
2026/04/16 10:41:37,00834,康大食品,KANGDA FOOD,,0.265,0.0,0.0,0.265,0.0,0.0,0.0,0,0,0.27,0.29
2026/04/16 11:59:07,00836,华润电力,CHINA RES POWER,,18.85,-0.03,-0.1589,18.88,18.88,19.02,18.74,5063765,95577580,18.84,18.85
2026/04/16 11:03:35,00837,谭木匠,CARPENTER TAN,,7.8,0.03,0.3861,7.77,7.77,7.8,7.76,9500,73910,7.79,7.92
2026/04/16 11:57:00,00838,亿和控股,EVA HOLDINGS,,0.78,0.01,1.2987,0.77,0.79,0.8,0.78,1066000,842120,0.78,0.79
2026/04/16 11:58:15,00839,中教控股,CHINA EDU GROUP,,2.58,0.02,0.78125,2.56,2.55,2.59,2.55,1574000,4051110,2.57,2.58
2026/04/16 10:59:28,00840,天业节水,TIANYE WATER,,0.215,0.0,0.0,0.215,0.0,0.0,0.0,0,0,0.0,0.242
2026/04/16 10:46:44,00841,木薯资源,CASSAVA RES,,0.175,0.003,1.74419,0.172,0.173,0.175,0.173,34000,5942,0.175,0.193
2026/04/16 11:55:40,00842,理士国际,LEOCH INT'L,,1.04,0.06,6.12245,0.98,0.99,1.1,0.98,5681000,6016590,1.03,1.05
2026/04/16 09:45:45,00844,广泰国际控股,GREATIME INTL,,0.4,0.0,0.0,0.4,0.0,0.0,0.0,0,0,0.34,0.4
2026/04/16 08:55:00,00845,恒盛地产,GLORIOUS PPT H,,0.01,0.0,0.0,0.01,0.0,0.0,0.0,0,0,0.0,0.0
2026/04/16 08:55:00,00846,明发集团,MINGFA GROUP,,0.102,0.0,0.0,0.102,0.0,0.0,0.0,0,0,0.0,0.0
2026/04/16 11:59:38,00848,茂业国际,MAOYE INT'L,,0.121,0.002,1.68067,0.119,0.121,0.121,0.121,25000,3025,0.12,0.133
2026/04/16 11:25:54,00851,盛源控股,SHENG YUAN HLDG,,0.199,0.0,0.0,0.199,0.0,0.0,0.0,0,0,0.179,0.21
2026/04/16 08:55:00,00852,海峡石油化工,STRONG PETRO,,0.166,0.0,0.0,0.166,0.0,0.0,0.0,0,0,0.0,0.0
2026/04/16 11:59:55,00853,微创医疗,MICROPORT,,9.7,0.44,4.75162,9.26,9.33,9.73,9.19,12676038,120212431,9.7,9.72
2026/04/16 09:53:55,00854,威雅利,WILLAS-ARRAY,,5.31,0.0,0.0,5.31,0.0,0.0,0.0,0,0,5.31,5.6
2026/04/16 11:55:36,00855,中国水务,CHINA WATER,,4.92,0.0,0.0,4.92,4.88,4.95,4.88,269654,1328594,4.9,4.92
2026/04/16 12:31:46,00856,伟仕佳杰,VSTECS,,9.06,-0.02,-0.22026,9.08,9.32,9.32,8.96,2880000,26053010,9.04,9.06
2026/04/16 11:59:59,00857,中国石油股份,PETROCHINA,,10.61,0.03,0.28355,10.58,10.48,10.65,10.44,36408194,384213750,10.61,10.62
2026/04/16 10:20:29,00858,精优药业,EXTRAWELL PHAR,,0.081,0.001,1.25,0.08,0.078,0.082,0.077,600000,48160,0.078,0.081
2026/04/16 10:24:46,00859,中昌国际控股,ZHONGCHANG INTL,,0.133,0.0,0.0,0.133,0.0,0.0,0.0,0,0,0.0,0.133
2026/04/16 11:06:24,00860,ＡＰＯＬＬＯ出行,APOLLO FMG,,0.41,0.0,0.0,0.41,0.0,0.0,0.0,0,0,0.4,0.43
2026/04/16 11:51:39,00861,神州控股,DC HOLDINGS,,2.08,-0.03,-1.4218,2.11,2.03,2.08,2.03,197028,407527,2.06,2.08
2026/04/16 11:30:48,00862,远见控股,VISION VALUES,,0.047,0.008,20.51282,0.039,0.04,0.047,0.04,4574000,195243,0.046,0.047
2026/04/16 11:59:57,00863,ＯＳＬ集团,OSL GROUP,,13.99,0.11,0.79251,13.88,13.88,14.1,13.8,1002110,13969521,13.94,14.0
2026/04/16 09:00:12,00864,永利地产发展,WING LEE PPT,,0.218,0.0,0.0,0.218,0.0,0.0,0.0,0,0,0.0,0.218
2026/04/16 09:07:08,00865,建德国际控股,JIANDE INT'L,,0.04,0.0,0.0,0.04,0.0,0.0,0.0,0,0,0.038,0.04
2026/04/16 11:59:42,00866,中国秦发,CHINA QINFA,,3.0,-0.06,-1.96078,3.06,3.06,3.08,2.9,5608000,16676266,2.99,3.0
2026/04/16 11:58:09,00867,康哲药业,CMS,,13.89,-0.53,-3.67545,14.42,14.37,14.37,13.84,2334000,32696550,13.88,13.89
2026/04/16 11:59:42,00868,信义玻璃,XINYI GLASS,,9.7,-0.08,-0.818,9.78,9.81,9.87,9.67,2598091,25271150,9.7,9.71
2026/04/16 11:22:24,00869,彩星玩具,PLAYMATES TOYS,,0.46,0.0,0.0,0.46,0.46,0.46,0.46,721400,331816,0.46,0.465
2026/04/16 11:19:35,00871,中国疏浚环保,CH DREDG ENV,,0.08,0.005,6.66667,0.075,0.08,0.08,0.08,20000,1600,0.075,0.084
2026/04/16 11:58:50,00873,世茂服务,SHIMAO SERVICES,,0.56,0.0,0.0,0.56,0.56,0.56,0.55,666000,372770,0.55,0.56
2026/04/16 12:30:00,00874,白云山,BAIYUNSHAN PH,,16.98,0.0,0.0,16.98,17.08,17.08,16.9,482000,8178180,16.96,17.03
2026/04/16 11:47:32,00875,从玉智农,CONGYU INTE AGR,,0.79,0.0,0.0,0.79,0.82,0.83,0.79,927699,747388,0.78,0.81
2026/04/16 11:38:00,00876,佳兆业健康,KAISA HEALTH,,0.111,0.003,2.77778,0.108,0.112,0.112,0.111,120000,13380,0.11,0.112
2026/04/16 11:56:52,00878,金朝阳集团,SOUNDWILL HOLD,,7.1,0.06,0.85227,7.04,7.04,7.13,7.04,22000,156000,7.09,7.12
2026/04/16 11:58:25,00880,澳博控股,SJM HOLDINGS,,2.15,0.02,0.93897,2.13,2.12,2.15,2.12,2340744,4994792,2.14,2.15
2026/04/16 11:59:28,00881,中升控股,ZHONGSHENG HLDG,,7.65,-0.03,-0.39063,7.68,7.7,7.73,7.61,1941500,14880915,7.64,7.65
2026/04/16 11:58:10,00882,天津发展,TIANJIN DEV,,2.43,0.02,0.82988,2.41,2.43,2.46,2.43,90000,219140,2.43,2.45
2026/04/16 11:59:53,00883,中国海洋石油,CNOOC,,26.72,0.5,1.90694,26.22,26.34,26.98,26.14,40398141,1073545604,26.72,26.74
2026/04/16 11:59:38,00884,旭辉控股集团,CIFI HOLD GP,,0.071,0.002,2.89855,0.069,0.07,0.072,0.07,32257640,2288795,0.071,0.072
2026/04/16 10:50:09,00887,英皇钟表珠宝,EMPEROR WATCH&J,,0.32,0.005,1.5873,0.315,0.32,0.32,0.32,380000,121550,0.315,0.32
2026/04/16 09:56:05,00888,链信控股,BLOCKFIN HLDG,,0.053,-0.002,-3.63636,0.055,0.052,0.053,0.052,6000,316,0.053,0.063
2026/04/16 09:04:27,00889,连达科技控股,DATRONIX HOLD,,0.31,0.0,0.0,0.31,0.0,0.0,0.0,0,0,0.29,0.32
2026/04/16 10:36:26,00893,中国铁钛,CHINAVTM MINING,,0.079,-0.001,-1.25,0.08,0.079,0.079,0.079,10000,790,0.08,0.084
2026/04/16 11:43:28,00894,万裕科技,MAN YUE TECH,,0.78,-0.01,-1.26582,0.79,0.78,0.78,0.78,56000,43680,0.78,0.79
2026/04/16 11:59:45,00895,东江环保,DONGJIANG ENV,,2.12,0.04,1.92308,2.08,2.11,2.12,2.07,266800,560306,2.1,2.12
2026/04/16 11:20:55,00896,兴胜创建,HANISON,,0.241,-0.006,-2.42915,0.247,0.241,0.241,0.241,128000,31352,0.241,0.248
2026/04/16 10:47:22,00897,位元堂,WAI YUEN TONG,,0.345,0.0,0.0,0.345,0.345,0.345,0.345,65000,22425,0.34,0.355
2026/04/16 09:30:05,00898,万事昌国际,MULTIFIELD INTL,,0.93,0.0,0.0,0.93,0.0,0.0,0.0,0,0,0.94,1.01
2026/04/16 11:36:57,00899,中加国信,ZHONG JIA GX,,0.214,0.0,0.0,0.214,0.0,0.0,0.0,0,0,0.193,0.212
2026/04/16 11:49:31,00900,AEON CREDIT,AEON CREDIT,,8.3,0.0,0.0,8.3,8.31,8.31,8.3,10000,83020,8.27,8.31
2026/04/16 12:00:00,00902,华能国际电力股份,HUANENG POWER,,6.25,0.02,0.32103,6.23,6.2,6.28,6.19,13960000,87056880,6.25,6.26
2026/04/16 11:52:51,00905,胡桃资本,WALNUT CAP,,0.23,-0.001,-0.4329,0.231,0.231,0.237,0.225,2240000,513232,0.229,0.234
2026/04/16 11:47:09,00907,高雅光学,ELEGANCEOPTICAL,,0.056,-0.003,-5.08475,0.059,0.059,0.06,0.056,1160000,67660,0.057,0.061
2026/04/16 11:59:51,00909,明源云,MING YUAN CLOUD,,2.32,0.04,1.75439,2.28,2.28,2.34,2.28,1888000,4370220,2.32,2.33
2026/04/16 08:55:00,00910,中国三迪,CHINA SANDI,,0.014,0.0,0.0,0.014,0.0,0.0,0.0,0,0,0.0,0.0
2026/04/16 11:42:55,00911,前海健康,QIANHAI HEALTH,,0.305,0.03,10.90909,0.275,0.305,0.305,0.305,22800,6828,0.28,0.305
2026/04/16 10:43:57,00912,信佳国际,SUGA INT'L,,1.04,0.0,0.0,1.04,0.0,0.0,0.0,0,0,1.05,1.06
2026/04/16 10:14:54,00913,港湾数字,HARBOUR DIGITAL,,0.194,-0.001,-0.51282,0.195,0.194,0.196,0.194,140000,27200,0.194,0.196
2026/04/16 11:59:59,00914,海螺水泥,CONCH CEMENT,,20.4,-0.5,-2.39234,20.9,20.9,21.0,20.38,6201000,127353447,20.38,20.4
2026/04/16 09:30:51,00915,道和环球,DAOHE GLOBAL,,0.06,0.0,0.0,0.06,0.0,0.0,0.0,0,0,0.053,0.06
2026/04/16 11:59:57,00916,龙源电力,CHINA LONGYUAN,,6.36,0.06,0.95238,6.3,6.35,6.38,6.29,24408295,154466515,6.35,6.36
2026/04/16 11:59:51,00917,趣致集团,QUNABOX GROUP,,17.96,0.1,0.55991,17.86,18.19,18.6,17.59,6203200,112136114,17.96,17.99
2026/04/16 11:51:35,00918,龙翼航空科技,MAJESTIC DRAGON,,0.8,0.02,2.5641,0.78,0.78,0.8,0.76,132000,101880,0.76,0.8
2026/04/16 09:42:32,00919,现代健康科技,MODERNHEALTHTEC,,0.087,0.0,0.0,0.087,0.0,0.0,0.0,0,0,0.082,0.087
2026/04/16 11:52:22,00921,海信家电,HISENSE HA,,21.26,0.12,0.56764,21.14,21.36,21.38,21.06,273100,5791652,21.24,21.3
2026/04/16 11:52:14,00922,安贤园中国,ANXIANYUAN CH,,0.129,0.001,0.78125,0.128,0.13,0.13,0.129,160000,20700,0.132,0.138
2026/04/16 09:00:02,00923,综合环保集团,IWS,,0.019,0.0,0.0,0.019,0.0,0.0,0.0,0,0,0.018,0.019
2026/04/16 09:04:38,00924,坤集团,KHOON GROUP,,0.123,0.0,0.0,0.123,0.0,0.0,0.0,0,0,0.123,0.0
2026/04/16 09:00:05,00926,碧生源,BESUNYEN,,2.5,0.0,0.0,2.5,0.0,0.0,0.0,0,0,2.43,0.0
2026/04/16 11:42:55,00927,富士高实业,FUJIKON IND,,0.51,0.0,0.0,0.51,0.51,0.51,0.51,8000,4080,0.51,0.52
2026/04/16 11:31:50,00928,帝王国际投资,KING INTL INV,,0.079,0.0,0.0,0.079,0.077,0.08,0.077,160012,12620,0.079,0.082
2026/04/16 11:25:44,00929,国际精密,IPE GROUP,,0.56,-0.04,-6.66667,0.6,0.57,0.59,0.56,145000,84400,0.57,0.58
2026/04/16 11:58:57,00931,中国港能,CHINA HK POWER,,0.345,0.005,1.47059,0.34,0.34,0.355,0.335,5375500,1858685,0.345,0.35
2026/04/16 10:50:43,00932,顺腾国际控股,SHUNTEN INTL,,0.029,0.0,0.0,0.029,0.029,0.029,0.029,2400000,69600,0.028,0.029
2026/04/16 11:58:02,00933,非凡领越,VIVA GOODS,,0.61,-0.02,-3.1746,0.63,0.63,0.63,0.6,1864000,1129360,0.6,0.61
2026/04/16 11:54:39,00934,中石化冠德,SINOPEC KANTONS,,4.08,0.0,0.0,4.08,4.11,4.11,4.06,740000,3011240,4.08,4.09
2026/04/16 09:43:34,00936,佳兆业资本,KAISA CAPITAL,,0.265,0.0,0.0,0.265,0.0,0.0,0.0,0,0,0.25,0.29
2026/04/16 12:31:42,00938,民生国际,MAN SANG INT'L,,0.49,0.015,3.1579,0.475,0.49,0.54,0.49,2020000,1009260,0.485,0.495
2026/04/16 11:59:58,00939,建设银行,CCB,,8.52,0.04,0.4717,8.48,8.48,8.54,8.48,53040557,451500577,8.52,8.53
2026/04/16 11:59:00,00941,中国移动,CHINA MOBILE,,81.6,0.25,0.30731,81.35,81.35,81.75,81.3,5593275,456345156,81.6,81.65
2026/04/16 11:46:17,00943,中证国际,ZHONGZHENG INTL,,0.18,0.0,0.0,0.18,0.0,0.0,0.0,70,11,0.18,0.192
2026/04/16 11:51:57,00945,宏利金融－Ｓ,MANULIFE-S,,301.0,8.4,2.87081,292.6,303.2,304.4,297.4,26333,7942412,300.20001,301.0
2026/04/16 11:39:12,00947,摩比发展,MOBI DEV,,0.186,-0.004,-2.10526,0.19,0.186,0.188,0.185,1612000,299945,0.186,0.199
2026/04/16 11:26:27,00948,阿尔法企业,ALPHA PRO HLDGS,,0.335,-0.005,-1.47059,0.34,0.335,0.335,0.335,47000,15080,0.25,0.34
2026/04/16 11:38:01,00950,李氏大药厂,LEE'S PHARM,,1.24,-0.01,-0.8,1.25,1.26,1.28,1.23,172500,214575,1.23,1.25
2026/04/16 11:59:44,00951,超威动力,CHAOWEI POWER,,1.74,0.04,2.35294,1.7,1.7,1.79,1.7,1476000,2594180,1.73,1.75
2026/04/16 09:36:08,00952,华富建业金融,QUAM PLUS FIN,,0.14,0.0,0.0,0.14,0.0,0.0,0.0,10000,1390,0.139,0.145
2026/04/16 11:44:37,00953,邵氏兄弟控股,SHAW BROTHERS,,0.234,-0.002,-0.84746,0.236,0.229,0.238,0.229,536000,124968,0.23,0.236
2026/04/16 09:30:04,00954,常茂生物,CHANGMAO BIO,,0.33,0.0,0.0,0.33,0.0,0.0,0.0,0,0,0.33,0.35
2026/04/16 11:59:46,00956,新天绿色能源,CHINA SUNTIEN,,3.83,0.0,0.0,3.83,3.79,3.83,3.79,1398000,5330829,3.82,3.83
2026/04/16 08:55:00,00959,世纪娱乐国际,CENTURY ENT INT,,0.72,0.0,0.0,0.72,0.0,0.0,0.0,0,0,0.0,0.0
2026/04/16 11:59:58,00960,龙湖集团,LONGFOR GROUP,,8.25,0.17,2.10396,8.08,8.18,8.27,8.05,7827460,63911742,8.24,8.25
2026/04/16 11:59:47,00966,中国太平,CHINA TAIPING,,22.4,0.42,1.91083,21.98,22.1,22.46,21.9,3450119,76364573,22.38,22.42
2026/04/16 11:57:57,00968,信义光能,XINYI SOLAR,,2.95,0.04,1.37457,2.91,2.92,2.96,2.92,20736763,61005658,2.95,2.96
2026/04/16 11:59:31,00969,华联国际,HUA LIEN INT'L,,0.095,0.0,0.0,0.095,0.0,0.0,0.0,0,0,0.09,0.098
2026/04/16 11:21:30,00970,新耀莱,NEW SPARKLEROLL,,0.45,0.01,2.27273,0.44,0.44,0.45,0.44,108000,48580,0.455,0.495
2026/04/16 09:30:03,00974,中国顺客隆,SKL,,0.8,0.0,0.0,0.8,0.0,0.0,0.0,0,0,0.8,0.86
2026/04/16 11:58:02,00975,MONGOL MINING,MONGOL MINING,,10.45,0.08,0.77146,10.37,10.46,10.48,10.31,1194700,12419691,10.43,10.45
2026/04/16 08:55:00,00976,齐合环保,CHIHO ENV,,0.43,0.0,0.0,0.43,0.0,0.0,0.0,0,0,0.0,0.0
2026/04/16 11:59:22,00978,招商局置地,CHI MER LAND,,0.25,0.001,0.40161,0.249,0.243,0.25,0.243,1626000,405008,0.24,0.255
2026/04/16 11:12:24,00979,绿色能源科技集团,GREEN ENERGY GP,,0.285,-0.01,-3.38983,0.295,0.29,0.29,0.285,398000,114430,0.285,0.29
2026/04/16 11:54:21,00980,联华超市,LIANHUA,,0.275,0.0,0.0,0.275,0.275,0.285,0.265,344000,94695,0.275,0.285
2026/04/16 11:59:47,00981,中芯国际,SMIC,,59.45,0.15,0.25295,59.3,59.3,60.15,58.75,23080269,1372976979,59.45,59.5
2026/04/16 10:31:54,00983,瑞安建业,SOCAM DEV,,0.335,-0.005,-1.47059,0.34,0.335,0.335,0.335,6000,2010,0.335,0.37
2026/04/16 11:17:33,00984,永旺,AEON STORES,,0.315,-0.005,-1.5625,0.32,0.315,0.315,0.315,12000,3780,0.315,0.32
2026/04/16 11:54:36,00986,杜甫酒业集团,DUFU LIQUOR GP,,0.041,-0.004,-8.88889,0.045,0.042,0.045,0.041,896000,38810,0.041,0.043
2026/04/16 11:57:46,00987,中国再生能源投资,CH RENEW EN INV,,0.186,0.003,1.63934,0.183,0.185,0.186,0.185,594093,109952,0.183,0.186
2026/04/16 11:59:34,00989,中国长白山国际,CHINA CBS INTL,,0.64,0.0,0.0,0.64,0.0,0.0,0.0,0,0,0.6,0.69
2026/04/16 11:56:50,00990,至源控股,DEEP SOURCE,,0.8,-0.01,-1.23457,0.81,0.82,0.82,0.79,5980000,4788500,0.8,0.81
2026/04/16 11:59:16,00991,大唐发电,DATANG POWER,,2.5,-0.01,-0.39841,2.51,2.51,2.53,2.49,5618000,14066130,2.5,2.51
2026/04/16 11:59:55,00992,联想集团,LENOVO GROUP,,10.78,0.2,1.89036,10.58,10.62,10.84,10.55,38445845,411228000,10.78,10.79
2026/04/16 11:31:20,00993,信控国际资本,XINKONG INT CAP,,0.118,0.0,0.0,0.118,0.0,0.0,0.0,0,0,0.112,0.115
2026/04/16 11:50:06,00994,中天宏信,CT VISION,,0.31,-0.01,-3.125,0.32,0.31,0.31,0.31,76000,23560,0.305,0.325
2026/04/16 11:57:15,00995,安徽皖通高速公路,ANHUIEXPRESSWAY,,15.29,-0.09,-0.58518,15.38,15.38,15.71,15.15,1026000,15734760,15.29,15.33
2026/04/16 09:00:15,00997,普汇中金国际,CHINLINK INTL,,0.023,0.0,0.0,0.023,0.0,0.0,0.0,0,0,0.021,0.023
2026/04/16 11:59:09,00998,中信银行,CITIC BANK,,8.06,-0.12,-1.46699,8.18,8.2,8.2,8.05,5572883,45131407,8.06,8.07
2026/04/16 11:59:20,00999,小菜园,XIAOCAIYUAN,,6.52,0.04,0.61728,6.48,6.52,6.58,6.47,604800,3938984,6.52,6.54
2026/04/16 11:59:27,01000,北青传媒,BEIJING MEDIA,,0.66,0.0,0.0,0.66,0.66,0.66,0.66,500,330,0.66,0.7
2026/04/16 09:00:10,01001,沪港联合,HK SH ALLIANCE,,0.38,0.0,0.0,0.38,0.0,0.0,0.0,0,0,0.365,0.38
2026/04/16 11:59:34,01002,威铖国际,V.S. INT'L,,0.052,0.0,0.0,0.052,0.0,0.0,0.0,0,0,0.049,0.056
2026/04/16 11:59:12,01003,欢喜传媒,HUANXI MEDIA,,0.235,-0.004,-1.67364,0.239,0.238,0.242,0.233,370000,87510,0.233,0.235
2026/04/16 11:59:28,01004,中国智慧能源,C SMARTERENERGY,,0.325,0.0,0.0,0.325,0.0,0.0,0.0,100,28,0.3,0.35
2026/04/16 11:59:30,01005,MATRIX HOLDINGS,MATRIX HOLDINGS,,0.43,0.0,0.0,0.43,0.0,0.0,0.0,0,0,0.4,0.445
2026/04/16 08:55:00,01007,龙辉国际控股,LONGHUI INTL,,0.07,0.0,0.0,0.07,0.0,0.0,0.0,0,0,0.0,0.0
2026/04/16 10:06:20,01008,力图控股,LITU HOLDINGS,,0.2,0.0,0.0,0.2,0.0,0.0,0.0,0,0,0.194,0.2
2026/04/16 11:04:29,01009,国际娱乐,INT'L ENT,,1.12,0.0,0.0,1.12,1.16,1.16,1.12,70000,80800,1.11,1.16
2026/04/16 11:14:35,01010,天玺曜１１,SKY BLUE 11,,0.073,-0.001,-1.35135,0.074,0.074,0.074,0.073,1302000,95048,0.069,0.074
2026/04/16 11:37:43,01011,泰凌医药,NT PHARMA,,0.57,-0.1,-14.92537,0.67,0.66,0.66,0.55,1020000,601000,0.56,0.6
2026/04/16 11:57:58,01013,伟俊集团控股,WAI CHUN GROUP,,1.09,0.0,0.0,1.09,1.09,1.1,0.94,327625,356006,0.99,1.16
2026/04/16 11:33:43,01020,中细软科技,CIPRUN TECH,,0.3,0.0,0.0,0.3,0.295,0.305,0.285,3576000,1044520,0.29,0.3
2026/04/16 11:59:53,01021,华沿机器人,HUAYAN ROBOTICS,,20.34,0.1,0.49407,20.24,19.97,20.6,19.88,1831600,36852286,20.34,20.46
2026/04/16 11:59:21,01022,飞鱼科技,FEIYU,,0.53,0.0,0.0,0.53,0.53,0.53,0.51,612000,322605,0.51,0.54
2026/04/16 11:43:19,01023,时代集团控股,SITOY GROUP,,0.49,-0.01,-2.0,0.5,0.5,0.5,0.485,916000,451365,0.49,0.5
2026/04/16 11:59:54,01024,快手－Ｗ,KUAISHOU-W,,46.72,1.06,2.32151,45.66,46.2,46.78,46.16,19210576,893150452,46.7,46.72
2026/04/16 11:59:44,01025,嘉艺控股,KNT HOLDINGS,,0.275,-0.025,-8.33333,0.3,0.295,0.295,0.275,1984000,562120,0.27,0.275
2026/04/16 11:45:00,01026,环球实业科技,UNIVERSAL TECH,,0.067,-0.002,-2.89855,0.069,0.069,0.074,0.067,400000,27800,0.066,0.07
2026/04/16 11:36:48,01027,亚洲策略科技,ASIA STRAT TECH,,3.1,0.0,0.0,3.1,0.0,0.0,0.0,7750,22487,2.9,3.08
2026/04/16 11:28:30,01028,千百度,C.BANNER,,0.7,-0.01,-1.40845,0.71,0.7,0.7,0.7,71000,49700,0.68,0.7
2026/04/16 11:26:54,01029,铁货,IRC,,0.54,0.01,1.88679,0.53,0.53,0.54,0.53,33800,17852,0.54,0.55
2026/04/16 11:59:52,01030,新城发展,SEAZEN,,2.15,-0.01,-0.46296,2.16,2.14,2.17,2.14,3388000,7308380,2.14,2.15
2026/04/16 11:56:05,01033,中石化油服,SINOPEC SSC,,0.83,-0.01,-1.19048,0.84,0.84,0.84,0.83,19209000,15971600,0.83,0.84
2026/04/16 11:59:37,01036,万科海外,VANKE OVERSEAS,,1.86,-0.02,-1.06383,1.88,1.86,1.86,1.85,19945,37000,1.86,1.88
2026/04/16 11:42:44,01037,云智汇科技,MAXNERVA TECH,,0.5,0.02,4.16667,0.48,0.5,0.5,0.5,200000,100000,0.485,0.5
2026/04/16 11:59:45,01038,长江基建集团,CKI HOLDINGS,,65.05,0.15,0.23113,64.9,64.9,65.45,64.8,388882,25314102,65.0,65.05
2026/04/16 11:59:29,01039,畅由国际集团,CHANGYOU INT GP,,0.053,0.0,0.0,0.053,0.0,0.0,0.0,0,0,0.051,0.068
2026/04/16 11:56:25,01044,恒安国际,HENGAN INT'L,,27.04,-0.5,-1.81554,27.54,27.44,27.88,27.02,1283500,34892640,27.02,27.04
2026/04/16 11:57:25,01045,亚太卫星,APT SATELLITE,,3.51,-0.04,-1.12676,3.55,3.55,3.58,3.45,2004000,7041920,3.5,3.51
2026/04/16 09:58:05,01046,寰宇娱乐文化,UNIVERSE ENT,,0.3,-0.005,-1.63934,0.305,0.3,0.3,0.3,6000,1780,0.3,0.315
2026/04/16 09:30:48,01047,毅兴行,NGAI HING HONG,,0.325,0.0,0.0,0.325,0.0,0.0,0.0,0,0,0.315,0.37
2026/04/16 11:41:00,01049,时富投资,CELESTIAL ASIA,,1.3,-0.01,-0.76336,1.31,1.29,1.3,1.29,118000,153280,1.28,1.31
2026/04/16 11:59:54,01050,嘉利国际,KARRIE INT'L,,2.16,-0.06,-2.7027,2.22,2.22,2.22,2.14,1378000,2984260,2.15,2.16
2026/04/16 11:51:42,01051,国际资源,G-RESOURCES,,10.9,-0.05,-0.45662,10.95,10.99,10.99,10.9,20700,227313,10.9,10.98
2026/04/16 11:51:31,01052,越秀交通基建,YUEXIUTRANSPORT,,4.09,-0.05,-1.20773,4.14,4.14,4.14,4.08,634838,2600453,4.09,4.11
2026/04/16 12:30:00,01053,重庆钢铁股份,CHONGQING IRON,,1.16,0.02,1.75439,1.14,1.15,1.16,1.15,2960000,3410260,1.15,1.17
2026/04/16 11:59:53,01055,中国南方航空股份,CHINA SOUTH AIR,,4.3,0.09,2.13777,4.21,4.26,4.33,4.24,9332000,40043520,4.3,4.31
2026/04/16 11:59:44,01057,浙江世宝,ZHEJIANG SHIBAO,,5.79,0.27,4.8913,5.52,5.62,6.02,5.62,27042000,157619460,5.78,5.79
2026/04/16 10:33:15,01058,南粤控股,NAMYUE HOLDINGS,,0.39,0.02,5.40541,0.37,0.39,0.39,0.39,6000,2340,0.335,0.39
2026/04/16 11:52:02,01059,看通集团,KANTONE HOLDING,,0.4,-0.005,-1.23457,0.405,0.4,0.4,0.4,24000,9600,0.4,0.43
2026/04/16 11:59:12,01060,大麦娱乐,DAMAI ENT,,0.62,0.02,3.33333,0.6,0.61,0.62,0.6,43310002,26466701,0.61,0.62
2026/04/16 11:57:14,01061,亿胜生物科技,ESSEX BIO-TECH,,3.38,0.0,0.0,3.38,3.38,3.45,3.38,83000,284700,3.36,3.44
2026/04/16 10:24:38,01062,国开国际投资,CDB INT'L INV,,0.103,0.0,0.0,0.103,0.0,0.0,0.0,0,0,0.097,0.101
2026/04/16 11:59:38,01063,新确科技,SUNCORP TECH,,0.104,0.0,0.0,0.104,0.104,0.104,0.104,50000,5200,0.1,0.104
2026/04/16 10:53:52,01064,中华国际,ZHONG HUA INT'L,,0.079,0.0,0.0,0.079,0.079,0.079,0.079,90000,7110,0.076,0.079
2026/04/16 11:52:51,01065,天津创业环保股份,TIANJIN CAPITAL,,4.29,0.03,0.70423,4.26,4.25,4.29,4.25,66000,281080,4.27,4.28
2026/04/16 11:59:03,01066,威高股份,WEIGAO GROUP,,3.67,0.01,0.27322,3.66,3.68,3.69,3.62,11985800,43694018,3.66,3.67
2026/04/16 10:48:09,01068,雨润食品,YURUN FOOD,,0.108,-0.003,-2.7027,0.111,0.108,0.108,0.108,30000,3240,0.108,0.111
2026/04/16 11:50:37,01069,中国健康科技集团,CN HEALTH TECH,,0.38,0.0,0.0,0.38,0.365,0.38,0.365,40200,14823,0.37,0.385
2026/04/16 11:59:19,01070,ＴＣＬ电子,TCL ELECTRONICS,,13.79,0.23,1.69617,13.56,13.7,14.1,13.54,3984000,55300655,13.78,13.79
2026/04/16 11:59:15,01071,华电国际电力股份,HUADIAN POWER,,4.02,0.0,0.0,4.02,4.04,4.04,3.99,3870000,15519160,4.01,4.02
2026/04/16 12:00:00,01072,东方电气,DONGFANG ELEC,,42.04,2.9,7.4093,39.14,39.86,42.64,39.2,12723123,526717405,42.06,42.08
2026/04/16 09:40:52,01073,大禹金融,DA YU FIN,,0.101,0.0,0.0,0.101,0.0,0.0,0.0,1000,95,0.1,0.109
2026/04/16 11:50:44,01075,首都信息,CAPINFO,,2.84,-0.03,-1.0453,2.87,2.73,2.85,2.71,41000,114110,2.79,2.86
2026/04/16 11:00:54,01079,松景科技,PINE TECH,,0.3,0.0,0.0,0.3,0.3,0.3,0.3,226000,67800,0.29,0.315
2026/04/16 11:46:24,01080,胜利管道,SHENGLI PIPE,,0.066,-0.001,-1.49254,0.067,0.066,0.067,0.066,618000,40791,0.066,0.071
2026/04/16 10:17:38,01082,源宇宙教育,BDV EDU INTL,,1.43,0.0,0.0,1.43,0.0,0.0,0.0,0,0,1.4,1.42
2026/04/16 11:58:32,01083,港华智慧能源,TG SMART ENERGY,,3.53,0.02,0.5698,3.51,3.51,3.53,3.47,1216000,4263500,3.51,3.53
2026/04/16 11:00:48,01084,绿新生物科技,GREEN FRESH BIO,,0.65,-0.02,-2.98508,0.67,0.65,0.65,0.65,2000,1300,0.65,0.67
2026/04/16 10:27:42,01085,亨鑫科技,HXTL,,1.3,0.02,1.5625,1.28,1.3,1.3,1.3,2000,2600,1.25,1.31
2026/04/16 11:58:56,01086,好孩子国际,GOODBABY INTL,,1.01,0.0,0.0,1.01,1.02,1.03,1.0,199000,200320,1.0,1.01
2026/04/16 10:37:13,01087,威讯控股,INVESTECH HLDGS,,0.48,-0.04,-7.69231,0.52,0.52,0.52,0.47,72000,34940,0.49,0.51
2026/04/16 11:59:50,01088,中国神华,CHINA SHENHUA,,46.04,0.44,0.96491,45.6,45.6,46.1,45.2,6184498,283275420,46.02,46.06
2026/04/16 10:31:30,01090,大明国际,DA MING INT'L,,0.78,0.0,0.0,0.78,0.78,0.78,0.78,52000,40560,0.73,0.78
2026/04/16 11:59:19,01091,南方锰业,SOUTH MANGANESE,,0.6,0.01,1.69492,0.59,0.6,0.61,0.59,1706000,1021730,0.59,0.6
2026/04/16 11:59:51,01093,石药集团,CSPC PHARMA,,9.34,-0.1,-1.05932,9.44,9.44,9.45,9.21,32457806,302472944,9.34,9.35
2026/04/16 10:50:08,01094,承辉国际,CHERISH SUN,,0.38,0.0,0.0,0.38,0.0,0.0,0.0,0,0,0.38,0.395
2026/04/16 11:04:42,01097,有线宽频,I-CABLE COMM,,0.055,0.002,3.77359,0.053,0.053,0.055,0.053,580000,31220,0.053,0.055
2026/04/16 10:05:54,01098,路劲,ROAD KING INFRA,,0.63,0.0,0.0,0.63,0.63,0.63,0.63,14000,8820,0.63,0.65
2026/04/16 11:58:59,01099,国药控股,SINOPHARM,,20.78,-0.06,-0.28791,20.84,20.84,21.02,20.66,891580,18521288,20.76,20.78
2026/04/16 11:06:36,01100,飞达控股,MAINLAND HOLD,,1.42,-0.01,-0.6993,1.43,1.42,1.42,1.42,18000,25560,1.42,1.44
2026/04/16 08:55:00,01101,华荣能源,HUARONG ENERGY,,0.02,0.0,0.0,0.02,0.0,0.0,0.0,0,0,0.0,0.0
2026/04/16 11:45:10,01102,环能国际,ENVIRO ENERGY,,0.053,-0.005,-8.62069,0.058,0.055,0.058,0.05,11412000,594140,0.052,0.053
2026/04/16 11:47:31,01104,亚太资源,APAC RESOURCES,,2.58,-0.03,-1.14943,2.61,2.7,2.7,2.57,720000,1867000,2.58,2.59
2026/04/16 09:06:36,01105,星岛,SING TAO,,0.191,0.0,0.0,0.191,0.0,0.0,0.0,0,0,0.186,0.199
2026/04/16 08:55:00,01107,当代置业,MODERN LAND,,0.013,0.0,0.0,0.013,0.0,0.0,0.0,0,0,0.0,0.0
2026/04/16 11:55:29,01108,凯盛新能,TRIUMPH NEW EN,,3.78,0.05,1.34048,3.73,3.75,3.78,3.73,714000,2685680,3.77,3.78
2026/04/16 11:59:45,01109,华润置地,CHINA RES LAND,,31.1,0.42,1.36897,30.68,30.68,31.16,30.66,6261000,193736022,31.1,31.12
2026/04/16 11:42:56,01110,金活医药集团,KINGWORLD,,0.475,-0.015,-3.06122,0.49,0.49,0.49,0.475,444000,214440,0.47,0.475
2026/04/16 11:46:56,01111,华视集团控股,HUASHI GROUP,,0.265,0.0,0.0,0.265,0.265,0.265,0.265,216000,57240,0.26,0.265
2026/04/16 11:59:53,01112,Ｈ＆Ｈ国际控股,H&H INTL HLDG,,12.71,0.19,1.51757,12.52,12.52,12.93,12.52,1033000,13200586,12.69,12.71
2026/04/16 11:59:13,01113,长实集团,CK ASSET,,48.22,-0.3,-0.6183,48.52,48.58,48.88,48.12,2203989,106919661,48.2,48.22
2026/04/16 11:59:54,01114,BRILLIANCE CHI,BRILLIANCE CHI,,3.06,0.06,2.0,3.0,3.02,3.08,3.02,13128000,40066702,3.05,3.06
2026/04/16 11:39:40,01115,５１００藏冰川,5100 XIZANG,,0.47,-0.005,-1.05263,0.475,0.48,0.48,0.47,7250000,3442600,0.47,0.475
2026/04/16 11:21:04,01116,慧源同创科技,HC TECH GP,,0.25,0.002,0.80645,0.248,0.25,0.25,0.246,50000,12380,0.245,0.27
2026/04/16 11:58:37,01117,现代牧业,CH MODERN D,,1.45,0.01,0.69444,1.44,1.44,1.47,1.42,6854000,9972890,1.45,1.46
2026/04/16 09:30:10,01118,高力集团,GOLIK HOLDINGS,,1.11,0.0,0.0,1.11,0.0,0.0,0.0,0,0,1.11,1.15
2026/04/16 11:49:54,01119,创梦天地,IDREAMSKY,,0.495,0.01,2.06186,0.485,0.485,0.5,0.475,5028800,2413442,0.495,0.5
2026/04/16 11:59:27,01120,雅视光学,ARTS OPTICAL,,0.9,0.0,0.0,0.9,0.0,0.0,0.0,0,0,0.9,1.05
2026/04/16 11:12:46,01121,金阳新能源,GOLDENSOLAR,,1.23,-0.03,-2.38095,1.26,1.25,1.26,1.22,116000,142820,1.21,1.23
2026/04/16 11:59:52,01122,庆铃汽车股份,QINGLING MOTORS,,1.13,0.01,0.89286,1.12,1.13,1.14,1.1,2036000,2286240,1.12,1.13
2026/04/16 11:48:39,01123,中港照相,CHINA-HK PHOTO,,0.115,0.003,2.67857,0.112,0.112,0.115,0.112,846000,96732,0.115,0.122
2026/04/16 11:23:11,01124,沿海家园,COASTAL GL,,0.209,0.003,1.45631,0.206,0.208,0.214,0.207,81000,16946,0.209,0.215
2026/04/16 11:44:53,01125,丽丰控股,LAI FUNG HOLD,,0.9,0.0,0.0,0.9,0.0,0.0,0.0,0,0,0.86,1.07
2026/04/16 11:59:57,01126,德林国际,DREAM INT'L,,7.5,-0.02,-0.26596,7.52,7.53,7.56,7.45,409500,3076732,7.49,7.5
2026/04/16 11:14:34,01127,狮子山集团,LION ROCK GROUP,,1.28,-0.01,-0.77519,1.29,1.29,1.29,1.28,20000,25640,1.28,1.29
2026/04/16 11:59:58,01128,永利澳门,WYNN MACAU,,5.72,0.05,0.88183,5.67,5.65,5.73,5.6,1133935,6463957,5.72,5.73
2026/04/16 11:59:27,01129,中国水业集团,WATER INDUSTRY,,0.395,0.0,0.0,0.395,0.0,0.0,0.0,0,0,0.38,0.45
2026/04/16 11:36:20,01130,中国环境资源,CHINA ENV RES,,0.63,-0.02,-3.07692,0.65,0.63,0.63,0.63,160000,100800,0.63,0.64
2026/04/16 11:12:35,01132,橙天嘉禾,ORANGE SKY G H,,0.061,-0.002,-3.1746,0.063,0.06,0.061,0.059,590000,35380,0.058,0.062
2026/04/16 11:58:56,01133,哈尔滨电气,HARBIN ELECTRIC,,21.92,1.14,5.48604,20.78,20.98,22.16,20.48,7300500,157680568,21.86,21.92
2026/04/16 11:13:36,01134,恒发光学,KELFRED,,0.275,-0.015,-5.17241,0.29,0.27,0.275,0.27,344000,93040,0.26,0.28
2026/04/16 11:58:57,01137,香港科技探索,HK TECH VENTURE,,1.22,0.0,0.0,1.22,1.22,1.23,1.2,312000,377350,1.2,1.22
2026/04/16 11:59:58,01138,中远海能,COSCO SHIP ENGY,,18.15,-0.48,-2.57649,18.63,18.63,18.94,18.02,15470138,282043890,18.15,18.19
2026/04/16 11:58:21,01140,华科智能投资,HK.AI CAPITAL,,0.216,0.0,0.0,0.216,0.224,0.233,0.208,11276000,2500836,0.212,0.221
2026/04/16 11:57:30,01141,民银资本,CMBC CAPITAL,,1.95,0.08,4.27808,1.87,1.94,2.04,1.86,1348000,2641690,1.95,1.97
2026/04/16 11:59:12,01142,能源及能量环球,E&P GLOBAL,,0.112,-0.003,-2.6087,0.115,0.115,0.119,0.112,76726030,8944053,0.112,0.113
2026/04/16 10:39:06,01143,中国储能科技发展,CN ENGY STORAGE,,0.39,0.0,0.0,0.39,0.39,0.39,0.39,605000,235930,0.385,0.39
2026/04/16 09:41:51,01145,勇利投资,COURAGE INV,,0.156,0.0,0.0,0.156,0.0,0.0,0.0,0,0,0.154,0.164
2026/04/16 11:56:57,01146,汇成国际控股,HUICHENG INTL H,,0.05,0.004,8.69565,0.046,0.049,0.05,0.047,586000,28410,0.048,0.05
2026/04/16 11:59:17,01147,伊登软件,EDENSOFT,,0.118,0.001,0.8547,0.117,0.118,0.118,0.118,210000,24780,0.113,0.119
2026/04/16 11:34:39,01148,新晨动力,POWER XINCHEN,,0.25,-0.005,-1.96078,0.255,0.25,0.255,0.25,172000,43005,0.25,0.255
2026/04/16 11:59:31,01150,米兰站,MILAN STATION,,0.129,0.0,0.0,0.129,0.0,0.0,0.0,0,0,0.112,0.13
2026/04/16 11:46:54,01152,正乾金融控股,MOMENTUM FIN,,0.275,0.01,3.77359,0.265,0.275,0.275,0.265,3170000,870140,0.265,0.275
2026/04/16 11:58:11,01153,佳源服务,JIAYUAN SER,,0.335,0.07,26.41509,0.265,0.3,0.39,0.3,1946000,681575,0.315,0.33
2026/04/16 11:44:11,01156,CHINANEWENERGY,CHINANEWENERGY,,0.202,-0.002,-0.98039,0.204,0.202,0.202,0.202,205902,41584,0.2,0.212
2026/04/16 11:59:57,01157,中联重科,ZOOMLION,,8.55,-0.4,-4.46927,8.95,8.92,8.96,8.45,12958100,111330755,8.55,8.56
2026/04/16 11:43:20,01159,智数科技集团,SMART DIGI TECH,,2.47,-0.01,-0.40323,2.48,2.48,2.48,2.44,90000,222120,2.36,2.51
2026/04/16 09:35:05,01160,金石资本集团,GOLDSTONE CAP,,0.6,0.0,0.0,0.6,0.0,0.0,0.0,0,0,0.35,0.62
2026/04/16 11:46:26,01161,奥思集团,WATER OASIS GP,,1.04,0.0,0.0,1.04,1.04,1.04,1.04,54000,56160,1.02,1.05
2026/04/16 11:28:15,01162,莹岚集团,LUMINA GROUP,,0.18,-0.003,-1.63934,0.183,0.179,0.181,0.176,3960000,704048,0.174,0.18
2026/04/16 11:53:31,01163,虎视传媒,ADTIGER CORP,,0.16,-0.003,-1.84049,0.163,0.16,0.16,0.16,310000,49600,0.155,0.16
2026/04/16 11:59:50,01164,中广核矿业,CGN MINING,,4.46,0.24,5.6872,4.22,4.36,4.48,4.28,24067000,106171395,4.45,4.46
2026/04/16 08:55:00,01165,顺风清洁能源,SFCE,,0.024,0.0,0.0,0.024,0.0,0.0,0.0,0,0,0.0,0.0
2026/04/16 09:31:05,01166,星凯控股,SOLARTECH INT'L,,0.495,0.0,0.0,0.495,0.0,0.0,0.0,0,0,0.465,0.53
2026/04/16 12:29:58,01167,加科思－Ｂ,JACOBIO-B,,8.17,0.17,2.125,8.0,8.1,8.26,8.0,3119700,25314534,8.16,8.19
2026/04/16 11:53:39,01168,Z FIN,Z FIN,,4.1,0.03,0.7371,4.07,4.08,4.17,4.08,47000,194020,4.05,4.1
2026/04/16 09:34:41,01170,信星集团,KINGMAKER,,0.465,0.0,0.0,0.465,0.0,0.0,0.0,0,0,0.46,0.485
2026/04/16 11:59:52,01171,兖矿能源,YANKUANG ENERGY,,14.7,0.0,0.0,14.7,14.92,14.92,14.56,8979330,132023536,14.7,14.72
2026/04/16 09:30:45,01172,融太集团,MAGNUSCONCORDIA,,0.021,0.0,0.0,0.021,0.0,0.0,0.0,0,0,0.02,0.021
2026/04/16 09:00:08,01173,威高国际,VEEKO INT'L,,0.031,0.0,0.0,0.031,0.0,0.0,0.0,0,0,0.028,0.031
2026/04/16 08:55:00,01176,珠光控股,ZHUGUANG HOLD,,0.027,0.0,0.0,0.027,0.0,0.0,0.0,0,0,0.0,0.0
2026/04/16 11:59:57,01177,中国生物制药,SBP GROUP,,6.03,-0.14,-2.26904,6.17,6.17,6.17,6.01,29680480,179801874,6.03,6.04
2026/04/16 11:59:53,01179,华住集团－Ｓ,HWORLD-S,,42.08,1.46,3.59429,40.62,41.62,42.08,41.5,858327,35538529,42.04,42.08
2026/04/16 11:59:35,01180,汇彩控股,PARADISE ENT,,0.5,0.0,0.0,0.5,0.5,0.5,0.5,52000,26000,0.5,0.51
2026/04/16 11:43:24,01181,唐宫中国,TANG PALACE,,0.155,0.0,0.0,0.155,0.155,0.155,0.154,436000,67578,0.154,0.155
2026/04/16 11:28:42,01182,胜龙国际,SUCCESS DRAGON,,0.85,0.0,0.0,0.85,0.0,0.0,0.0,0,0,0.81,0.88
2026/04/16 11:58:59,01183,澳能建设,MECOM POWER,,0.159,-0.003,-1.85185,0.162,0.161,0.165,0.159,313500,50935,0.158,0.164
2026/04/16 11:39:42,01184,S.A.S. DRAGON,S.A.S. DRAGON,,5.15,0.15,3.0,5.0,5.03,5.15,5.03,52000,264600,5.05,5.14
2026/04/16 11:56:49,01186,中国铁建,CHINA RAIL CONS,,5.48,-0.02,-0.36364,5.5,5.5,5.51,5.47,4347155,23869870,5.47,5.48
2026/04/16 08:55:00,01188,正道集团,HYBRID KINETIC,,0.012,0.0,0.0,0.012,0.0,0.0,0.0,0,0,0.0,0.0
2026/04/16 11:59:56,01193,华润燃气,CHINA RES GAS,,18.89,0.13,0.69296,18.76,18.76,18.92,18.7,1505200,28365477,18.89,18.9
2026/04/16 11:12:09,01195,京维集团,KINGWELL GROUP,,0.02,0.002,11.11111,0.018,0.018,0.02,0.018,144000,2872,0.018,0.019
2026/04/16 11:45:12,01196,伟禄集团,REALORD GROUP,,11.28,0.15,1.34771,11.13,11.15,11.28,11.01,272000,3033100,11.19,11.28
2026/04/16 09:41:15,01198,皇朝家居,ROYALE HOME,,0.104,0.0,0.0,0.104,0.0,0.0,0.0,0,0,0.095,0.104
2026/04/16 11:59:43,01199,中远海运港口,COSCO SHIP PORT,,5.18,0.05,0.97466,5.13,5.14,5.19,5.1,1552000,7966000,5.18,5.19
2026/04/16 11:57:39,01200,美联集团,MIDLAND HOLDING,,3.06,-0.01,-0.32573,3.07,3.09,3.09,3.02,210000,638540,3.05,3.07
2026/04/16 11:49:52,01201,天臣控股,TESSON HOLDINGS,,2.22,0.0,0.0,2.22,0.0,0.0,0.0,3000,6660,2.17,2.22
2026/04/16 11:59:28,01202,四威科技,SIWI SCI & TECH,,1.22,-0.08,-6.15385,1.3,1.25,1.27,1.19,300000,365100,1.19,1.2
2026/04/16 11:13:27,01203,广南（集团）,GUANGNAN (HOLD),,0.65,0.0,0.0,0.65,0.65,0.65,0.65,100000,65000,0.63,0.65
2026/04/16 10:56:21,01204,博维智慧,BOARDWARE INTEL,,1.8,0.0,0.0,1.8,0.0,0.0,0.0,0,0,0.0,2.0
2026/04/16 11:57:08,01205,中信资源,CITIC RESOURCES,,0.55,-0.01,-1.78571,0.56,0.55,0.56,0.54,2072000,1139340,0.54,0.55
2026/04/16 10:57:29,01206,同方泰德,TECHNOVATOR,,0.249,0.0,0.0,0.249,0.0,0.0,0.0,0,0,0.222,0.241
2026/04/16 11:59:52,01208,五矿资源,MMG,,8.66,0.15,1.76263,8.51,8.51,8.68,8.49,9031998,77577266,8.64,8.66
2026/04/16 11:59:28,01209,华润万象生活,CHINA RES MIXC,,48.04,-0.18,-0.37329,48.22,48.28,48.52,47.68,890753,42732573,48.0,48.04
2026/04/16 11:59:59,01211,比亚迪股份,BYD COMPANY,,112.2,4.9,4.56664,107.3,108.5,112.6,108.2,16777071,1865353689,112.2,112.3
2026/04/16 09:01:39,01213,万保刚集团,MOBICON GROUP,,0.41,0.0,0.0,0.41,0.0,0.0,0.0,0,0,0.41,0.44
2026/04/16 11:43:11,01215,开源控股,KAI YUAN HLDGS,,0.022,0.0,0.0,0.022,0.021,0.022,0.021,80000,1700,0.021,0.022
2026/04/16 11:58:16,01216,中原银行,ZYBANK,,0.325,-0.005,-1.51515,0.33,0.33,0.33,0.325,676000,222820,0.325,0.33
2026/04/16 11:59:09,01217,中国创新投资,CH INNOVATION,,0.013,0.001,8.33333,0.012,0.012,0.013,0.012,3400000,41640,0.012,0.013
2026/04/16 09:30:00,01218,永义国际,EASYKNIT INT'L,,2.9,0.0,0.0,2.9,0.0,0.0,0.0,0,0,2.9,3.04
2026/04/16 08:55:00,01220,志道国际,ZHIDAO INT'L,,0.056,0.0,0.0,0.056,0.0,0.0,0.0,0,0,0.0,0.0
2026/04/16 11:59:40,01221,SINO HOTELS,SINO HOTELS,,1.64,0.0,0.0,1.64,0.0,0.0,0.0,0,0,1.62,1.69
2026/04/16 11:57:00,01222,WANG ON GROUP,WANG ON GROUP,,0.021,0.0,0.0,0.021,0.02,0.022,0.02,6532928,135113,0.02,0.021
2026/04/16 11:55:30,01223,新沣集团,SYMPHONY HOLD,,1.35,0.0,0.0,1.35,1.35,1.35,1.34,1970000,2649800,1.34,1.35
2026/04/16 09:00:00,01224,中渝置地,C C LAND,,1.2,0.0,0.0,1.2,0.0,0.0,0.0,0,0,1.2,0.0
2026/04/16 11:59:21,01225,隆成金融,LERADO FIN,,0.171,0.0,0.0,0.171,0.0,0.0,0.0,5160,748,0.152,0.164
2026/04/16 09:00:10,01226,中国投融资,CH INV FIN GP,,0.89,0.0,0.0,0.89,0.0,0.0,0.0,0,0,0.85,0.0
2026/04/16 11:03:43,01228,北海康成－Ｂ,CANBRIDGE-B,,2.65,0.02,0.76046,2.63,2.61,2.65,2.58,586000,1530870,2.62,2.65
2026/04/16 11:06:59,01229,南南资源,NAN NAN RES,,0.207,0.0,0.0,0.207,0.207,0.207,0.207,6000,1242,0.201,0.206
2026/04/16 11:59:32,01231,新矿资源,NEWTON RES,,0.3,0.0,0.0,0.3,0.0,0.0,0.0,0,0,0.295,0.33
2026/04/16 11:59:34,01232,金轮天地控股,GW TIANDI,,0.34,0.0,0.0,0.34,0.0,0.0,0.0,0,0,0.33,0.41
2026/04/16 11:58:08,01233,时代中国控股,TIMES CHINA,,0.057,0.001,1.78571,0.056,0.056,0.058,0.055,833000,47655,0.057,0.058
2026/04/16 11:13:36,01234,中国利郎,CHINA LILANG,,3.84,0.01,0.2611,3.83,3.84,3.84,3.82,23000,88180,3.81,3.84
2026/04/16 11:00:01,01235,专业旅运,TRAVEL EXPERT,,0.172,-0.004,-2.27273,0.176,0.173,0.173,0.172,50000,8640,0.175,0.181
2026/04/16 11:59:27,01237,中科生物,CH ENV TECH&BIO,,0.73,0.0,0.0,0.73,0.0,0.0,0.0,0,0,0.69,0.79
2026/04/16 11:33:05,01238,宝龙地产,POWERLONG,,0.247,0.003,1.22951,0.244,0.255,0.255,0.228,616000,149385,0.232,0.247
2026/04/16 09:31:27,01239,TEAMWAY INTL GP,TEAMWAY INTL GP,,0.295,0.0,0.0,0.295,0.0,0.0,0.0,0,0,0.265,0.3
2026/04/16 11:08:56,01240,青建国际,CNQC INT'L,,0.16,0.0,0.0,0.16,0.0,0.0,0.0,0,0,0.149,0.155
2026/04/16 10:25:17,01241,双桦控股,SHUANGHUA H,,0.179,0.0,0.0,0.179,0.0,0.0,0.0,0,0,0.172,0.182
2026/04/16 09:46:44,01243,宏安地产,WANG ON PPT,,0.034,0.0,0.0,0.034,0.0,0.0,0.0,0,0,0.032,0.033
2026/04/16 11:50:44,01244,思路迪医药股份,3D MEDICINES,,3.65,-0.02,-0.54496,3.67,3.69,3.69,3.65,3500,12875,3.65,3.68
2026/04/16 11:50:47,01245,NIRAKU,NIRAKU,,0.18,0.01,5.88235,0.17,0.175,0.18,0.175,1196000,214988,0.18,0.19
2026/04/16 08:55:00,01246,保集健康,BOILLHEALTHCARE,,0.021,0.0,0.0,0.021,0.0,0.0,0.0,0,0,0.0,0.0
2026/04/16 11:09:08,01247,米格国际控股,MIKO INTL,,1.68,0.02,1.20482,1.66,1.68,1.68,1.67,66000,110820,1.66,1.69
2026/04/16 11:59:14,01250,山高新能源,SDHS NEW ENERGY,,1.65,0.05,3.125,1.6,1.65,1.65,1.64,5600,9188,1.6,1.64
2026/04/16 10:49:32,01251,华油能源,SPT ENERGY,,0.247,0.005,2.06612,0.242,0.247,0.25,0.247,306000,76030,0.246,0.255
2026/04/16 08:55:00,01252,中国天瑞水泥,CHINA TIANRUI,,0.24,0.0,0.0,0.24,0.0,0.0,0.0,0,0,0.0,0.0
2026/04/16 09:30:02,01253,绿博生态,GREEN BROAD,,0.156,0.0,0.0,0.156,0.0,0.0,0.0,0,0,0.143,0.156
2026/04/16 12:31:42,01255,ＴＡＴＡ健康,TATA HEALTH,,1.9,0.09,4.97238,1.81,1.6,1.9,1.6,20000,36600,1.72,1.93
2026/04/16 11:09:20,01257,中国光大绿色环保,CEB GREENTECH,,0.87,0.0,0.0,0.87,0.87,0.87,0.87,50000,43500,0.86,0.88
2026/04/16 11:59:56,01258,中国有色矿业,CHINFMINING,,13.88,0.17,1.23997,13.71,13.71,13.98,13.63,4596000,63236045,13.88,13.89
2026/04/16 09:04:04,01259,未来发展控股,PROSPER FUTURE,,0.032,0.0,0.0,0.032,0.0,0.0,0.0,0,0,0.032,0.034
2026/04/16 10:54:07,01260,皓天财经集团,WONDERFUL SKY,,0.445,-0.01,-2.1978,0.455,0.445,0.445,0.445,8000,3560,0.445,0.46
2026/04/16 12:31:42,01262,蜡笔小新食品,LABIXIAOXIN,,3.7,0.0,0.0,3.7,0.0,0.0,0.0,0,0,3.64,3.81
2026/04/16 12:30:00,01265,天津津燃公用,TIANJINJINRAN,,0.217,0.0,0.0,0.217,0.0,0.0,0.0,0,0,0.207,0.22
2026/04/16 11:45:15,01268,美东汽车,MEIDONG AUTO,,1.2,0.04,3.44828,1.16,1.17,1.2,1.16,208471,246485,1.19,1.2
2026/04/16 11:14:25,01269,首控集团,FIRST CAP GP,,0.032,-0.004,-11.11111,0.036,0.037,0.037,0.032,80000,2700,0.033,0.036
2026/04/16 11:18:44,01270,朗廷－ＳＳ,LANGHAM-SS,,0.56,0.0,0.0,0.56,0.56,0.56,0.55,56666,31632,0.56,0.57
2026/04/16 10:36:12,01271,佳明集团控股,GRAND MING,,0.54,0.02,3.84615,0.52,0.54,0.54,0.54,1000,540,0.5,0.52
2026/04/16 10:14:39,01272,大唐环境,DATANG ENVIRO,,1.27,0.0,0.0,1.27,0.0,0.0,0.0,0,0,1.27,1.3
2026/04/16 11:12:57,01273,香港信贷,HK FINANCE GP,,0.59,0.0,0.0,0.59,0.0,0.0,0.0,0,0,0.58,0.6
2026/04/16 11:59:23,01274,知行科技,IMOTIONTECH,,3.66,0.11,3.09859,3.55,3.77,3.77,3.58,234800,852505,3.66,3.71
2026/04/16 11:59:46,01276,恒瑞医药,HENGRUI PHARMA,,67.8,-0.5,-0.73206,68.3,69.1,69.3,67.45,1517900,103536065,67.75,67.8
2026/04/16 11:58:45,01277,力量发展,KINETIC DEV,,1.96,-0.04,-2.0,2.0,2.0,2.01,1.94,6124000,11984720,1.96,1.97
2026/04/16 10:33:29,01278,中国新城镇,CHINANEWTOWN,,0.085,0.005,6.25,0.08,0.082,0.085,0.08,890000,75160,0.08,0.084
2026/04/16 11:46:29,01280,奇点国峰,QIDIAN GUOFENG,,2.05,-0.01,-0.48544,2.06,2.0,2.05,2.0,816000,1645080,2.05,2.06
2026/04/16 09:34:22,01281,鑫达投资控股,XINDA INV HLDGS,,0.102,0.0,0.0,0.102,0.0,0.0,0.0,0,0,0.098,0.107
2026/04/16 11:59:35,01282,中泽丰,RENZE HARVEST,,0.096,-0.008,-7.69231,0.104,0.103,0.103,0.096,840000,86408,0.096,0.104
2026/04/16 11:04:12,01283,高陞集团控股,ACCEL GROUP,,1.53,0.04,2.68456,1.49,1.52,1.53,1.52,35000,53150,1.49,1.52
2026/04/16 11:53:40,01284,新传企划,NEW MEDIA LAB,,0.37,-0.005,-1.33333,0.375,0.375,0.375,0.37,55000,20500,0.37,0.375
2026/04/16 10:19:04,01285,嘉士利集团,JIASHILI GP,,1.13,-0.02,-1.73913,1.15,1.13,1.13,1.13,20000,22600,1.13,1.15
2026/04/16 11:59:28,01286,鹰普精密,IMPRO PRECISION,,9.59,-0.11,-1.13402,9.7,9.7,9.78,9.44,1578000,15013650,9.57,9.58
2026/04/16 11:59:50,01288,农业银行,ABC,,6.01,0.01,0.16667,6.0,5.99,6.02,5.96,34425182,206361183,6.0,6.01
2026/04/16 11:59:33,01289,盛力达科技,SUNLIT SCI,,2.35,-0.06,-2.48963,2.41,2.31,2.35,2.31,4500,10765,2.35,2.53
2026/04/16 09:57:41,01290,中国汇融,CHINA HUIRONG,,0.54,0.0,0.0,0.54,0.0,0.0,0.0,0,0,0.51,0.54
2026/04/16 11:59:28,01292,长安民生物流,CMA LOGISTICS,,2.99,0.0,0.0,2.99,0.0,0.0,0.0,0,0,2.7,3.18
2026/04/16 08:55:00,01293,广汇宝信,GRAND BAOXIN,,0.086,0.0,0.0,0.086,0.0,0.0,0.0,0,0,0.0,0.0
2026/04/16 08:55:00,01298,云能国际,YUNNAN ENERGY,,0.95,0.0,0.0,0.95,0.0,0.0,0.0,0,0,0.0,0.0
2026/04/16 11:59:50,01299,友邦保险,AIA,,84.6,0.75,0.89445,83.85,85.1,85.45,83.85,14045044,1186988358,84.55,84.6
2026/04/16 11:43:56,01300,俊知集团,TRIGIANT,,0.95,-0.04,-4.0404,0.99,0.97,0.97,0.95,312000,299620,0.95,0.96
2026/04/16 10:08:01,01301,德基科技控股,D&G TECH,,0.315,0.0,0.0,0.315,0.0,0.0,0.0,0,0,0.32,0.375
2026/04/16 11:59:22,01302,先健科技,LIFETECH SCI,,1.87,0.01,0.53763,1.86,1.88,1.91,1.85,13044000,24500460,1.86,1.87
2026/04/16 09:30:09,01303,汇力资源,HUILI RES,,0.24,0.0,0.0,0.24,0.0,0.0,0.0,0,0,0.0,0.285
2026/04/16 11:58:43,01304,FORTIOR,FORTIOR,,119.7,3.8,3.27869,115.9,117.8,127.8,117.8,424900,52259285,119.7,120.1
2026/04/16 10:32:23,01305,伟志控股,WAI CHI HOLD,,0.61,0.0,0.0,0.61,0.0,0.0,0.0,0,0,0.61,0.64
2026/04/16 11:59:52,01308,海丰国际,SITC,,34.52,-0.6,-1.70843,35.12,35.2,35.88,34.5,1083577,37839482,34.52,34.58
2026/04/16 11:54:31,01310,香港宽频,HKBN,,8.15,-0.09,-1.09223,8.24,8.23,8.23,8.1,836000,6803105,8.13,8.16
2026/04/16 09:30:27,01312,华控康泰,KONTA CHINA,,0.03,0.0,0.0,0.03,0.0,0.0,0.0,0,0,0.028,0.03
2026/04/16 11:58:43,01313,华润建材科技,CR BLDG MAT TEC,,1.55,-0.01,-0.64103,1.56,1.57,1.57,1.54,1512000,2337880,1.54,1.55
2026/04/16 11:26:46,01314,翠华控股,TSUI WAH HLDG,,0.161,0.01,6.62252,0.151,0.151,0.161,0.151,12000,1832,0.152,0.159
2026/04/16 11:59:25,01315,绿色经济,GREEN ECONOMY,,0.1,0.0,0.0,0.1,0.0,0.0,0.0,0,0,0.094,0.107
2026/04/16 11:59:51,01316,耐世特,NEXTEER,,5.34,0.1,1.9084,5.24,5.36,5.42,5.24,17346726,91912845,5.32,5.34
2026/04/16 10:31:57,01317,枫叶教育,MAPLELEAF EDU,,0.255,0.005,2.0,0.25,0.255,0.255,0.25,488000,122610,0.25,0.255
2026/04/16 11:59:46,01318,毛戈平,MAO GEPING,,73.9,0.25,0.33944,73.65,73.95,74.8,72.5,566500,41735885,73.85,73.9
2026/04/16 09:41:53,01319,霭华押业信贷,OIWAHPAWN,,0.28,0.0,0.0,0.28,0.0,0.0,0.0,0,0,0.275,0.29
2026/04/16 12:31:42,01321,中国新城市,CHINA NEWCITY,,0.77,0.0,0.0,0.77,0.0,0.0,0.0,0,0,0.69,0.8
2026/04/16 11:38:00,01323,华盛国际控股,HUASHENG INTL,,0.132,0.0,0.0,0.132,0.0,0.0,0.0,10000,1100,0.12,0.13
2026/04/16 08:55:00,01326,传递娱乐,TRANSMIT ENT,,0.027,0.0,0.0,0.027,0.0,0.0,0.0,0,0,0.0,0.0
2026/04/16 10:17:13,01327,励时集团,LUXXU GROUP,,0.76,0.0,0.0,0.76,0.0,0.0,0.0,0,0,0.66,0.76
2026/04/16 11:41:28,01328,金涌投资,GOLDSTREAM INV,,3.18,0.0,0.0,3.18,3.18,3.18,3.05,24800,77570,3.18,3.25
2026/04/16 11:55:54,01330,绿色动力环保,DYNAGREEN ENV,,5.86,0.02,0.34247,5.84,5.95,5.95,5.77,296000,1728170,5.82,5.86
2026/04/16 11:07:24,01332,透云生物,TOUYUN BIOTECH,,0.16,0.009,5.96027,0.151,0.16,0.162,0.155,1400000,224280,0.156,0.159
2026/04/16 11:59:25,01333,博雷顿,BRETON,,20.82,-0.38,-1.79245,21.2,21.1,21.1,20.5,296800,6128980,20.62,20.82
2026/04/16 11:59:21,01334,瑞昌国际控股,RUICHANG INTL,,1.87,-0.04,-2.09424,1.91,1.91,1.95,1.87,472500,903225,1.87,1.89
2026/04/16 11:36:24,01335,顺泰控股,SHEEN TAI,,0.111,-0.003,-2.63158,0.114,0.106,0.116,0.106,80000,8780,0.109,0.111
2026/04/16 11:59:53,01336,新华保险,NCI,,48.64,1.16,2.44313,47.48,47.46,48.8,47.46,3467224,166880563,48.6,48.64
2026/04/16 11:47:16,01338,霸王集团,BAWANG GROUP,,0.029,-0.001,-3.33333,0.03,0.03,0.03,0.029,6000,178,0.028,0.03
2026/04/16 11:59:25,01339,中国人民保险集团,PICC GROUP,,5.45,0.08,1.48976,5.37,5.38,5.46,5.35,21027000,113289766,5.45,5.46
2026/04/16 11:13:36,01340,惠生国际,HUISHENG INTL,,0.051,-0.001,-1.92308,0.052,0.054,0.055,0.051,396000,21140,0.051,0.053
2026/04/16 11:51:56,01341,昊天国际建投,HAO TIAN INTL,,0.028,0.0,0.0,0.028,0.028,0.028,0.027,36864000,1027296,0.027,0.028
2026/04/16 11:09:43,01343,伟源控股,WEI YUAN HLDG,,0.14,0.0,0.0,0.14,0.138,0.14,0.138,55000,7680,0.137,0.14
2026/04/16 09:30:16,01345,上海先锋控股,SH PIONEER HLDG,,2.22,0.0,0.0,2.22,0.0,0.0,0.0,0,0,2.2,2.26
2026/04/16 11:19:31,01346,利华控股集团,LEVER STYLE,,1.48,0.01,0.68027,1.47,1.49,1.49,1.48,168000,248800,1.47,1.48
2026/04/16 11:59:45,01347,华虹半导体,HUA HONG SEMI,,90.95,0.55,0.60841,90.4,91.05,92.55,89.95,6716133,612897864,90.95,91.05
2026/04/16 11:58:55,01348,滉达富控股,QUALI-SMART,,0.212,-0.036,-14.51613,0.248,0.248,0.244,0.209,15522000,3460512,0.215,0.217
2026/04/16 11:59:17,01349,复旦张江,FUDANZHANGJIANG,,2.9,0.05,1.75439,2.85,2.85,2.9,2.83,683000,1946290,2.88,2.91
2026/04/16 11:37:08,01351,辉煌明天,BRIGHT FUTURE,,0.33,-0.005,-1.49254,0.335,0.34,0.34,0.33,339200,113140,0.33,0.335
2026/04/16 12:31:42,01354,经发物业,KINGFARPROPERTY,,3.1,0.27,9.54064,2.83,2.83,3.1,2.83,36900,112620,2.9,3.04
2026/04/16 10:38:34,01355,朸浚国际,LEGEND STRAT,,0.13,0.0,0.0,0.13,0.138,0.14,0.13,400000,54800,0.131,0.14
2026/04/16 11:59:51,01357,美图公司,MEITU,,4.71,0.25,5.60538,4.46,4.54,4.82,4.52,66559010,311577101,4.71,4.72
2026/04/16 10:25:48,01358,普华和顺,PW MEDTECH,,1.16,0.01,0.86957,1.15,1.16,1.16,1.16,243000,281880,1.16,1.17
2026/04/16 11:59:18,01359,中国信达,CHINA CINDA,,1.13,0.01,0.89286,1.12,1.12,1.14,1.12,27069000,30503750,1.13,1.14
2026/04/16 11:59:35,01361,３６１度,361 DEGREES,,6.76,-0.01,-0.14771,6.77,6.7,6.88,6.69,2577000,17483347,6.72,6.76
2026/04/16 10:08:37,01362,新龙移动,SIS MOBILE,,0.79,0.0,0.0,0.79,0.0,0.0,0.0,0,0,0.72,0.79
2026/04/16 11:59:27,01364,古茗,GUMING,,26.38,-0.6,-2.22387,26.98,27.06,27.34,26.24,1883600,49987946,26.36,26.38
2026/04/16 11:59:46,01368,特步国际,XTEP INT'L,,4.58,0.03,0.65934,4.55,4.6,4.61,4.53,6812000,31098975,4.58,4.6
2026/04/16 09:01:10,01370,奥威控股,AOWEI HOLDING,,0.244,0.0,0.0,0.244,0.0,0.0,0.0,0,0,0.0,0.265
2026/04/16 11:31:12,01371,中国生态旅游,CHINA ECOTOUR,,0.169,-0.006,-3.42857,0.175,0.175,0.175,0.169,60000,10200,0.162,0.169
2026/04/16 10:58:38,01372,中国碳中和,C CARBONNEUTRAL,,1.13,0.01,0.89286,1.12,1.11,1.13,1.1,274000,304790,1.12,1.13
2026/04/16 11:20:11,01373,国际家居零售,IH RETAIL,,0.79,-0.01,-1.25,0.8,0.8,0.81,0.79,148000,118880,0.79,0.8
2026/04/16 11:57:38,01375,中州证券,CC SECURITIES,,1.96,0.05,2.6178,1.91,1.94,1.97,1.93,5457000,10634980,1.95,1.96
2026/04/16 08:55:00,01376,RAFFLESINTERIOR,RAFFLESINTERIOR,,0.096,0.0,0.0,0.096,0.0,0.0,0.0,0,0,0.0,0.0
2026/04/16 11:59:51,01378,中国宏桥,CHINAHONGQIAO,,39.12,0.88,2.30126,38.24,38.82,39.32,38.8,9062908,353998292,39.12,39.16
2026/04/16 09:30:23,01379,温岭工量刃具,WENLING MCT,,2.78,0.0,0.0,2.78,0.0,0.0,0.0,0,0,2.78,0.0
2026/04/16 11:24:48,01380,中国金石,CHI KINGSTONE,,0.63,-0.01,-1.5625,0.64,0.63,0.63,0.62,540000,337900,0.63,0.64
2026/04/16 11:59:09,01382,互太纺织,PACIFICTEXTILES,,1.13,0.01,0.89286,1.12,1.12,1.13,1.12,146000,164240,1.12,1.13
2026/04/16 11:59:58,01384,滴普科技,DEEPEXI TECH,,75.6,12.3,19.43128,63.3,62.9,79.5,62.45,25239672,1798661658,75.6,75.7
2026/04/16 11:59:29,01385,上海复旦,SHANGHAI FUDAN,,40.6,0.76,1.90763,39.84,40.96,40.96,39.68,1339000,54251800,40.54,40.66
2026/04/16 09:34:39,01388,安莉芳控股,EMBRY HOLDINGS,,0.36,0.0,0.0,0.36,0.0,0.0,0.0,0,0,0.345,0.38
2026/04/16 10:33:57,01389,美捷汇控股,MAJOR HLDGS,,0.37,0.0,0.0,0.37,0.0,0.0,0.0,0,0,0.355,0.37
2026/04/16 11:44:37,01393,恒鼎实业,HIDILI INDUSTRY,,0.065,-0.002,-2.98508,0.067,0.065,0.065,0.065,2533000,164645,0.065,0.067
2026/04/16 11:59:25,01395,强泰环保,ELL ENV,,0.164,0.0,0.0,0.164,0.0,0.0,0.0,0,0,0.158,0.191
2026/04/16 11:59:30,01396,粤港湾控股,GD-HKGBA HLDGS,,7.3,0.5,7.35294,6.8,6.99,7.38,6.83,7242000,51888960,7.25,7.3
2026/04/16 11:34:19,01397,碧瑶绿色集团,BAGUIO GREEN,,1.09,0.02,1.86916,1.07,1.07,1.09,1.07,32000,34720,1.07,1.1
2026/04/16 11:59:50,01398,工商银行,ICBC,,6.99,0.0,0.0,6.99,6.97,7.01,6.95,79526049,555621716,6.98,6.99
2026/04/16 11:59:19,01399,锐信控股,VESON HLDG,,0.199,-0.011,-5.2381,0.21,0.21,0.21,0.199,34000,6986,0.198,0.215
2026/04/16 10:05:52,01400,满地科技股份,MOODY TECH HLDG,,0.017,0.0,0.0,0.017,0.016,0.017,0.016,130000,2100,0.016,0.017
2026/04/16 11:31:20,01401,未来机器有限公司,FUTURE MACH LTD,,0.85,0.01,1.19048,0.84,0.85,0.85,0.84,388000,329180,0.85,0.87
2026/04/16 09:46:11,01402,超智能控股,I-CONTROL,,0.325,0.0,0.0,0.325,0.325,0.325,0.325,130000,42250,0.305,0.325
2026/04/16 11:53:04,01405,达势股份,DPC DASH,,49.96,-0.89,-1.75025,50.85,50.8,50.9,49.8,124100,6220171,49.92,49.96
2026/04/16 08:55:00,01406,清晰医疗,CLARITY MEDICAL,,0.355,0.0,0.0,0.355,0.0,0.0,0.0,0,0,0.0,0.0
2026/04/16 10:28:11,01407,交运燃气,JY GAS,,0.53,0.0,0.0,0.53,0.0,0.0,0.0,0,0,0.54,0.55
2026/04/16 11:35:25,01408,濠江机电,MACAU E&M,,0.435,0.005,1.16279,0.43,0.43,0.435,0.43,52000,22500,0.43,0.435
2026/04/16 11:53:26,01410,安领国际,EDVANCE INTL,,0.67,-0.02,-2.89855,0.69,0.7,0.72,0.67,640000,445100,0.67,0.71
2026/04/16 11:08:15,01412,隽思集团,Q P GROUP,,1.15,-0.01,-0.86207,1.16,1.15,1.15,1.15,8000,9200,1.15,1.18
2026/04/16 11:59:30,01413,铸帝控股,FEG HOLDINGS,,0.275,-0.005,-1.78571,0.28,0.275,0.275,0.275,63000,17465,0.265,0.275
2026/04/16 11:59:46,01415,高伟电子,COWELL,,27.48,0.18,0.65934,27.3,27.9,27.9,26.7,1686000,45819250,27.48,27.62
2026/04/16 11:58:26,01416,CTR HOLDINGS,CTR HOLDINGS,,0.177,-0.002,-1.11732,0.179,0.179,0.179,0.174,650000,113420,0.175,0.178
2026/04/16 11:25:32,01417,浦江中国,RIVERINE CHINA,,0.2,0.0,0.0,0.2,0.2,0.2,0.2,20000,4000,0.19,0.2
2026/04/16 11:59:19,01418,盛诺集团,SINOMAX GROUP,,0.168,0.0,0.0,0.168,0.168,0.169,0.168,38000,6416,0.168,0.185
2026/04/16 12:31:42,01419,盈健医疗,HUMAN HEALTH,,0.81,0.0,0.0,0.81,0.0,0.0,0.0,0,0,0.8,0.85
2026/04/16 09:53:58,01420,川控股,CHUAN HOLDING,,0.236,0.0,0.0,0.236,0.0,0.0,0.0,0,0,0.231,0.237
2026/04/16 11:14:16,01421,恒昌集团国际,PROSP GP INTL,,0.405,0.02,5.19481,0.385,0.4,0.41,0.4,65000,26550,0.4,0.41
2026/04/16 11:41:25,01425,捷隆控股,JUSTIN ALLEN H,,0.68,-0.01,-1.44928,0.69,0.68,0.68,0.68,1185000,805800,0.67,0.68
2026/04/16 11:20:23,01427,中国天保集团,CH TIANBAO GP,,0.169,0.009,5.625,0.16,0.156,0.169,0.156,45000,7098,0.155,0.169
2026/04/16 11:59:56,01428,耀才证券金融,BRIGHT SMART,,11.98,0.12,1.0118,11.86,11.99,12.13,11.74,11285300,134826226,11.97,11.98
2026/04/16 11:17:23,01429,天任集团,SKYMISSION GP,,0.3,0.01,3.44828,0.29,0.285,0.3,0.285,464000,134680,0.295,0.3
2026/04/16 11:40:59,01431,原生态牧业,YST DAIRY,,0.315,0.0,0.0,0.315,0.315,0.315,0.305,143000,44975,0.305,0.315
2026/04/16 11:49:19,01432,中国圣牧,CHINA SHENGMU,,0.335,0.005,1.51515,0.33,0.33,0.335,0.33,433000,142900,0.33,0.335
2026/04/16 08:55:00,01433,常达控股,CIRTEK HLDGS,,0.081,0.0,0.0,0.081,0.0,0.0,0.0,0,0,0.0,0.0
2026/04/16 11:55:08,01440,应星控股,STAR SHINE HLDG,,12.29,-0.3,-2.38284,12.59,12.44,12.53,12.24,300000,3711350,12.23,12.41
2026/04/16 12:31:42,01442,鹰辉物流,INFINITY L&T,,0.305,0.0,0.0,0.305,0.0,0.0,0.0,0,0,0.25,0.375
2026/04/16 10:05:20,01443,富临集团控股,FULUM GP HLDG,,0.046,0.0,0.0,0.046,0.0,0.0,0.0,0,0,0.046,0.047
2026/04/16 09:52:19,01446,鸿福堂,HUNGFOOKTONG,,0.335,0.0,0.0,0.335,0.0,0.0,0.0,0,0,0.335,0.36
2026/04/16 09:46:48,01447,新福港,SFK,,0.56,0.0,0.0,0.56,0.0,0.0,0.0,0,0,0.54,0.57
2026/04/16 08:55:00,01448,福寿园,FU SHOU YUAN,,2.64,0.0,0.0,2.64,0.0,0.0,0.0,0,0,0.0,0.0
2026/04/16 09:30:03,01449,立德教育,LEADER EDU,,0.249,0.0,0.0,0.249,0.0,0.0,0.0,0,0,0.247,0.25
2026/04/16 11:44:16,01450,交个朋友控股,BE FRIENDS HLDG,,0.81,0.02,2.53165,0.79,0.79,0.81,0.78,78000,62440,0.79,0.81
2026/04/16 11:21:34,01451,万成集团股份,MS GROUP HLDGS,,1.16,-0.01,-0.8547,1.17,1.14,1.16,1.14,56000,64840,1.17,1.19
2026/04/16 11:59:24,01452,迪诺斯环保,DENOX ENV,,0.118,0.0,0.0,0.118,0.0,0.0,0.0,0,0,0.108,0.134
2026/04/16 11:48:07,01455,科利实业控股,FOURACE IND GP,,0.221,0.001,0.45455,0.22,0.222,0.222,0.22,215000,47565,0.221,0.223
2026/04/16 11:53:59,01456,国联民生,GLMS SEC,,4.75,0.12,2.59179,4.63,4.65,4.77,4.65,2189000,10345702,4.74,4.75
2026/04/16 11:59:01,01458,周黑鸭,ZHOU HEI YA,,1.59,0.02,1.27389,1.57,1.61,1.61,1.56,504500,794344,1.58,1.59
2026/04/16 11:59:28,01459,巨匠建设,JUJIANG CONS,,0.22,0.0,0.0,0.22,0.0,0.0,0.0,0,0,0.206,0.235
2026/04/16 11:59:17,01460,扬科集团,ICO GROUP,,0.213,0.0,0.0,0.213,0.0,0.0,0.0,0,0,0.207,0.245
2026/04/16 11:04:19,01461,中泰期货,ZHONGTAIFUTURES,,0.61,-0.01,-1.6129,0.62,0.61,0.61,0.61,1000,610,0.61,0.62
2026/04/16 11:25:39,01463,C-LINK SQ,C-LINK SQ,,0.3,0.0,0.0,0.3,0.0,0.0,0.0,0,0,0.26,0.3
2026/04/16 09:09:18,01466,佰金生命科学,BAIJIN LIFE SCI,,0.6,0.0,0.0,0.6,0.0,0.0,0.0,0,0,0.58,0.6
2026/04/16 11:54:52,01468,嘉高达资本,JAKOTA CAPITAL,,0.066,-0.001,-1.49254,0.067,0.064,0.066,0.064,50000,3220,0.065,0.066
2026/04/16 11:56:55,01470,富一国际控股,PROSPER ONE,,0.156,-0.008,-4.87805,0.164,0.164,0.164,0.155,188000,30508,0.162,0.164
2026/04/16 11:53:20,01471,众淼控股,ZHONGMIAO,,14.34,0.25,1.77431,14.09,14.98,14.98,13.8,44400,633530,14.13,14.34
2026/04/16 11:48:40,01472,生兴控股,SANG HING HLDGS,,0.081,0.0,0.0,0.081,0.081,0.081,0.081,10000,810,0.08,0.084
2026/04/16 11:33:01,01473,环联连讯,PANGAEA CONNECT,,0.44,-0.01,-2.22222,0.45,0.44,0.44,0.44,20000,8800,0.44,0.45
2026/04/16 11:53:18,01475,日清食品,NISSIN FOODS,,7.28,-0.07,-0.95238,7.35,7.32,7.34,7.28,25000,182730,7.28,7.3
2026/04/16 11:28:10,01476,金融街证券,FIN STREET SEC,,1.55,-0.01,-0.64103,1.56,1.62,1.62,1.55,67000,106280,1.47,1.57
2026/04/16 11:59:57,01477,欧康维视生物－Ｂ,OCUMENSION-B,,8.17,0.11,1.36476,8.06,8.04,8.19,8.01,332000,2688830,8.13,8.19
2026/04/16 11:59:51,01478,丘钛科技,Q TECH,,8.33,0.03,0.36145,8.3,8.31,8.34,8.18,4397278,36274805,8.32,8.33
2026/04/16 11:56:40,01480,恩达集团控股,YAN TAT GROUP,,0.96,0.0,0.0,0.96,0.96,0.96,0.96,2000,1920,0.96,0.98
2026/04/16 11:59:31,01481,竣球控股,SMART GLOBE,,2.44,0.01,0.41152,2.43,2.44,2.44,2.44,20000,48700,2.44,2.6
2026/04/16 12:31:42,01483,网誉科技,NET-A-GO TECH,,1.42,0.16,12.69841,1.26,1.26,1.46,1.26,950000,1209100,1.28,1.39
2026/04/16 09:46:04,01486,思城控股,C CHENG HLDGS,,0.71,0.0,0.0,0.71,0.0,0.0,0.0,0,0,0.71,0.8
2026/04/16 11:31:45,01488,百福控股,BEST FOOD HLDG,,0.98,0.0,0.0,0.98,0.0,0.0,0.0,0,0,0.75,0.95
2026/04/16 11:59:02,01489,GC CONSTRUCTION,GC CONSTRUCTION,,0.39,-0.005,-1.26582,0.395,0.39,0.39,0.39,100000,39000,0.39,0.405
2026/04/16 11:41:38,01490,车市科技,AI X TECH,,0.255,0.005,2.0,0.25,0.255,0.255,0.255,12000,3040,0.25,0.255
2026/04/16 11:59:22,01496,亚积邦租赁,AP RENTALS,,0.181,0.0,0.0,0.181,0.0,0.0,0.0,0,0,0.182,0.193
2026/04/16 09:51:29,01497,燕之屋,YAN PALACE,,5.96,0.07,1.18846,5.89,5.89,5.96,5.89,10400,61284,5.96,5.93
2026/04/16 10:04:24,01498,培力农本方,PURAPHARM,,0.295,0.005,1.72414,0.29,0.295,0.295,0.295,100000,29500,0.29,0.295
2026/04/16 12:31:42,01499,欧科云链,OKG TECH,,0.166,0.001,0.60606,0.165,0.165,0.174,0.165,1520000,257590,0.165,0.171
2026/04/16 12:31:42,01500,现恒建筑,INCON,,0.241,-0.004,-1.63265,0.245,0.234,0.241,0.231,225000,52910,0.23,0.24
2026/04/16 11:51:03,01501,瑛泰医疗,INT MEDICAL,,39.4,0.02,0.05079,39.38,39.46,39.46,38.76,38200,1496648,39.14,39.4
2026/04/16 11:46:21,01502,金融街物业,FIN STREET PPT,,2.22,0.02,0.90909,2.2,2.22,2.22,2.21,28000,61970,2.21,2.22
2026/04/16 11:59:56,01508,中国再保险,CHINA RE,,1.42,0.0,0.0,1.42,1.42,1.43,1.4,7489000,10559567,1.41,1.42
2026/04/16 11:59:14,01513,丽珠医药,LIVZON PHARMA,,29.34,0.0,0.0,29.34,29.34,29.52,29.04,339700,9969876,29.28,29.34
2026/04/16 11:59:58,01515,华润医疗,CR MEDICAL,,2.88,0.02,0.6993,2.86,2.88,2.88,2.85,981000,2808345,2.87,2.88
2026/04/16 11:59:57,01516,融创服务,SUNAC SERVICES,,0.96,0.02,2.12766,0.94,0.94,0.96,0.94,2517157,2385397,0.94,0.96
2026/04/16 11:26:35,01518,新世纪医疗,NC HEALTHCARE,,0.55,0.01,1.85185,0.54,0.54,0.6,0.52,164000,92735,0.56,0.6
2026/04/16 12:00:00,01519,极兔速递－Ｗ,J&T EXPRESS-W,,10.7,0.11,1.03872,10.59,10.65,10.83,10.57,13810604,148069977,10.7,10.71
2026/04/16 11:30:59,01520,天机控股,VIRTUAL MIND,,0.63,0.02,3.27869,0.61,0.61,0.63,0.61,174000,107220,0.62,0.63
2026/04/16 11:47:22,01521,方达控股,FRONTAGE,,1.03,0.0,0.0,1.03,0.0,0.0,0.0,0,0,1.03,1.08
2026/04/16 11:56:33,01522,京投交通科技,BII TRANS TECH,,0.305,-0.005,-1.6129,0.31,0.315,0.315,0.305,340000,105180,0.305,0.31
2026/04/16 11:55:17,01523,珩湾科技,PLOVER BAY TECH,,7.37,-0.36,-4.65718,7.73,7.73,7.79,7.29,836300,6208974,7.33,7.37
2026/04/16 11:53:16,01525,建桥教育,GENCH EDU,,2.1,-0.01,-0.47393,2.11,2.17,2.17,2.1,121000,255200,2.1,2.11
2026/04/16 11:34:59,01526,瑞慈医疗,RICI HEALTH,,0.9,-0.01,-1.0989,0.91,0.9,0.9,0.87,21000,18860,0.87,0.9
2026/04/16 11:59:32,01527,天洁环境,TENGY ENV,,1.96,0.0,0.0,1.96,0.0,0.0,0.0,0,0,1.92,2.08
2026/04/16 11:57:03,01528,红星美凯龙,RS MACALLINE,,1.3,0.01,0.77519,1.29,1.3,1.31,1.28,738600,958538,1.3,1.31
2026/04/16 11:59:15,01529,乐氏国际控股,YUES INTL HLDG,,0.425,0.0,0.0,0.425,0.0,0.0,0.0,0,0,0.42,0.44
2026/04/16 11:59:38,01530,三生制药,3SBIO,,24.94,0.02,0.08026,24.92,24.96,25.3,24.48,14347000,357018771,24.88,24.94
2026/04/16 11:05:27,01532,中国派对文化,CHINA PARTYTIME,,0.102,0.005,5.15464,0.097,0.097,0.102,0.097,41000,4113,0.096,0.104
2026/04/16 09:00:22,01536,煜荣集团,YUK WING GP,,0.218,0.0,0.0,0.218,0.0,0.0,0.0,0,0,0.202,0.0
2026/04/16 11:59:43,01538,中奥到家,ZHONG AO HOME,,0.68,-0.03,-4.22535,0.71,0.71,0.72,0.68,972000,684420,0.68,0.69
2026/04/16 10:05:07,01539,知行集团控股,UNITY GP HLDGS,,0.36,-0.005,-1.36986,0.365,0.365,0.365,0.355,28000,9980,0.355,0.36
2026/04/16 11:59:28,01540,澳狮环球,LEFTFIELD PRINT,,0.4,0.0,0.0,0.4,0.0,0.0,0.0,0,0,0.375,0.415
2026/04/16 11:57:31,01541,宜明昂科－Ｂ,IMMUNEONCO-B,,6.0,-0.04,-0.66225,6.04,6.1,6.21,5.9,1372400,8286170,5.98,6.01
2026/04/16 08:55:00,01542,台州水务,TAIZHOU WATER,,1.1,0.0,0.0,1.1,0.0,0.0,0.0,0,0,0.0,0.0
2026/04/16 11:59:27,01543,中盈盛达融资担保,JOIN-SHARE,,0.201,0.0,0.0,0.201,0.0,0.0,0.0,0,0,0.191,0.2
2026/04/16 11:45:11,01545,设计都会,DESIGN CAPITAL,,0.13,0.012,10.16949,0.118,0.125,0.13,0.122,330000,41460,0.125,0.135
2026/04/16 11:56:08,01546,德莱建业,THELLOY DEV,,0.2,0.005,2.5641,0.195,0.194,0.202,0.19,3408000,663104,0.2,0.204
2026/04/16 11:59:27,01547,IBI GROUP HLDGS,IBI GROUP HLDGS,,0.2,0.0,0.0,0.2,0.0,0.0,0.0,0,0,0.185,0.21
2026/04/16 11:59:31,01548,金斯瑞生物科技,GENSCRIPT BIO,,13.72,0.41,3.08039,13.31,13.55,13.98,13.55,6540700,90238934,13.72,13.74
2026/04/16 09:33:06,01549,永丰集团控股,EVER HARVEST GP,,0.095,0.0,0.0,0.095,0.0,0.0,0.0,0,0,0.088,0.095
2026/04/16 10:50:10,01551,广州农商银行,GRCB,,1.52,0.0,0.0,1.52,0.0,0.0,0.0,0,0,1.46,1.57
2026/04/16 10:55:37,01552,BHCC HOLDING,BHCC HOLDING,,0.26,0.0,0.0,0.26,0.26,0.26,0.26,10000,2600,0.242,0.265
2026/04/16 09:03:49,01553,迈科管业,MAIKE TUBE,,1.5,0.0,0.0,1.5,0.0,0.0,0.0,0,0,1.46,1.5
2026/04/16 11:56:08,01555,ＭＩ能源,MIE HOLDINGS,,0.034,-0.002,-5.55556,0.036,0.034,0.034,0.031,11510000,374280,0.034,0.035
2026/04/16 11:00:50,01556,建业建荣,CHINNEY KW,,0.32,-0.005,-1.53846,0.325,0.32,0.32,0.32,305000,97600,0.32,0.335
2026/04/16 11:59:28,01557,剑虹集团控股,K.H. GP HLDGS,,0.405,0.0,0.0,0.405,0.405,0.405,0.405,12000,4860,0.34,0.405
2026/04/16 10:32:47,01559,均安控股,KWAN ON HLDGS,,0.052,0.0,0.0,0.052,0.0,0.0,0.0,0,0,0.049,0.057
2026/04/16 11:59:32,01560,星星集团,STAR GROUP ASIA,,0.139,0.0,0.0,0.139,0.0,0.0,0.0,0,0,0.132,0.155
2026/04/16 09:57:22,01561,联洋智能控股,PAN ASIA DATA H,,0.051,0.0,0.0,0.051,0.0,0.0,0.0,0,0,0.046,0.052
2026/04/16 12:30:00,01563,友联国际教育租赁,ALLI INTL ED LE,,0.162,0.0,0.0,0.162,0.0,0.0,0.0,0,0,0.157,0.161
2026/04/16 11:59:22,01565,成实外教育,VIRSCEND EDU,,0.2,0.0,0.0,0.2,0.196,0.2,0.196,269000,53700,0.196,0.208
2026/04/16 08:55:00,01566,华夏文化科技,CA CULTURAL,,0.051,0.0,0.0,0.051,0.0,0.0,0.0,0,0,0.0,0.0
2026/04/16 12:30:00,01568,承达集团,SUNDART HLDGS,,0.75,0.0,0.0,0.75,0.0,0.0,0.0,0,0,0.73,0.76
2026/04/16 10:50:50,01569,民生教育,MINSHENG EDU,,0.148,0.013,9.62963,0.135,0.148,0.148,0.148,10000,1480,0.135,0.148
2026/04/16 11:59:12,01570,伟业控股,WEIYE HOLDINGS,,6.98,-0.12,-1.69014,7.1,7.1,7.1,6.98,29000,202680,6.76,7.0
2026/04/16 11:29:35,01571,信邦控股,XIN POINT HOLD,,4.4,-0.03,-0.6772,4.43,4.43,4.43,4.4,32000,141470,4.4,4.43
2026/04/16 09:54:51,01572,中国艺术金融,CHINA ART FIN,,0.085,0.0,0.0,0.085,0.0,0.0,0.0,0,0,0.081,0.084
2026/04/16 09:50:47,01575,皇庭智家,REGAL PARTNERS,,0.055,0.0,0.0,0.055,0.0,0.0,0.0,132000,7260,0.055,0.059
2026/04/16 11:58:02,01576,齐鲁高速,QILU EXPRESSWAY,,1.83,0.01,0.54945,1.82,1.82,1.83,1.82,280000,512340,1.83,1.84
2026/04/16 10:01:45,01577,汇鑫小贷,HUIXIN CREDIT,,1.0,0.0,0.0,1.0,1.0,1.0,1.0,2000,2000,0.95,1.0
2026/04/16 11:24:17,01578,天津银行,BANK OF TIANJIN,,2.41,0.0,0.0,2.41,2.41,2.41,2.41,13000,31330,2.4,2.42
2026/04/16 12:30:00,01579,颐海国际,YIHAI INTL,,16.05,0.09,0.56391,15.96,15.91,16.05,15.82,995000,15851370,16.05,16.08
2026/04/16 12:30:02,01580,大森控股,DA SEN HLDGS,,0.345,0.0,0.0,0.345,0.0,0.0,0.0,0,0,0.31,0.45
2026/04/16 11:50:14,01581,进升集团控股,PROGRESSIVE P,,0.285,-0.005,-1.72414,0.29,0.285,0.325,0.275,1446000,423260,0.28,0.29
2026/04/16 10:55:58,01582,华营建筑,CR CONSTRUCTION,,0.355,-0.005,-1.38889,0.36,0.355,0.355,0.355,32500,11425,0.35,0.355
2026/04/16 11:59:30,01583,亲亲食品,QINQIN FOODS,,1.03,-0.04,-3.73832,1.07,1.03,1.03,1.03,1000,1030,1.01,1.05
2026/04/16 11:59:36,01585,雅迪控股,YADEA,,12.88,-0.07,-0.54054,12.95,12.95,13.02,12.8,2636000,33955436,12.88,12.9
2026/04/16 11:59:15,01586,力鸿检验,LEON INSPECTION,,1.57,0.0,0.0,1.57,0.0,0.0,0.0,0,0,1.49,1.71
2026/04/16 09:04:27,01587,欣融国际,SHINEROAD INTL,,0.59,0.0,0.0,0.59,0.0,0.0,0.0,0,0,0.55,0.59
2026/04/16 11:55:47,01588,畅捷通,CHANJET,,7.13,0.23,3.33333,6.9,6.9,7.13,6.9,16800,119170,7.0,7.12
2026/04/16 11:59:19,01591,汛和集团,SHUN WO GROUP,,0.138,0.001,0.72993,0.137,0.138,0.138,0.138,200000,27600,0.131,0.14
2026/04/16 11:48:48,01592,基石控股,ANCHORSTONE,,0.145,0.001,0.69444,0.144,0.138,0.146,0.138,130000,18090,0.137,0.145
2026/04/16 11:59:14,01593,辰林教育,CHEN LIN EDU,,1.25,0.0,0.0,1.25,0.0,0.0,0.0,0,0,1.2,1.29
2026/04/16 11:55:52,01596,翼辰实业,YICHEN IND,,0.65,0.0,0.0,0.65,0.65,0.65,0.64,504000,323950,0.64,0.65
2026/04/16 11:59:17,01597,纳泉能源科技,NATURE ENERGY T,,3.5,0.0,0.0,3.5,0.0,0.0,0.0,0,0,3.25,3.7
2026/04/16 08:55:00,01598,２１世纪教育,21CENTURY EDU,,0.111,0.0,0.0,0.111,0.0,0.0,0.0,0,0,0.0,0.0
2026/04/16 09:53:50,01599,城建设计,UCD,,1.28,0.0,0.0,1.28,1.28,1.28,1.28,3000,3840,1.28,1.29
2026/04/16 11:53:22,01600,天伦燃气,TIAN LUN GAS,,2.87,0.02,0.70175,2.85,2.82,2.87,2.73,388500,1099475,2.85,2.88
2026/04/16 10:14:43,01601,中关村科技租赁,ZGC TEC LEASING,,0.84,-0.02,-2.32558,0.86,0.84,0.84,0.84,6000,5040,0.84,0.85
2026/04/16 11:48:31,01606,国银金租,CDB LEASING,,1.52,0.0,0.0,1.52,1.51,1.53,1.5,2838000,4290100,1.52,1.53
2026/04/16 08:55:00,01608,伟能集团,VPOWER GROUP,,0.109,0.0,0.0,0.109,0.0,0.0,0.0,0,0,0.0,0.0
2026/04/16 11:59:43,01610,中粮家佳康,COFCO JOYCOME,,1.41,-0.01,-0.70423,1.42,1.42,1.45,1.4,20255000,28752560,1.41,1.42
2026/04/16 11:55:20,01611,新火集团,BITFIRE GROUP,,2.31,0.01,0.43478,2.3,2.3,2.36,2.3,109000,253055,2.31,2.36
2026/04/16 10:48:31,01612,永胜医疗,VINCENT MED,,0.92,-0.01,-1.07527,0.93,0.92,0.92,0.91,308000,280620,0.91,0.92
2026/04/16 11:53:47,01613,协同通信,SYNERTONE,,0.176,-0.002,-1.1236,0.178,0.178,0.178,0.176,224000,39475,0.172,0.175
2026/04/16 11:57:22,01615,奥邦建筑,AB BUILDERS,,0.395,0.03,8.21918,0.365,0.365,0.395,0.345,290000,110175,0.38,0.4
2026/04/16 08:55:00,01616,一元宇宙,A METAVERSE,,0.06,0.0,0.0,0.06,0.0,0.0,0.0,0,0,0.0,0.0
2026/04/16 11:58:24,01617,南方通信,NANFANG COMM,,0.465,0.015,3.33333,0.45,0.455,0.47,0.45,2956000,1374980,0.465,0.47
2026/04/16 11:58:59,01618,中国中冶,MCC,,1.61,0.01,0.625,1.6,1.61,1.62,1.6,8568000,13803470,1.61,1.62
2026/04/16 11:02:54,01620,富盈环球集团,CINESE INTL,,0.099,0.0,0.0,0.099,0.099,0.099,0.099,50000,4950,0.094,0.103
2026/04/16 10:14:29,01621,域高国际控股,VICO INTL HLDGS,,0.172,0.0,0.0,0.172,0.0,0.0,0.0,0,0,0.166,0.172
2026/04/16 11:07:39,01622,力高集团,REDCO GROUP,,0.152,-0.015,-8.98204,0.167,0.154,0.154,0.152,142000,21836,0.154,0.161
2026/04/16 11:30:05,01623,海隆控股,HILONG,,0.236,-0.002,-0.84034,0.238,0.238,0.238,0.228,425000,97751,0.229,0.234
2026/04/16 11:06:48,01626,嘉耀控股,JIA YAO HLDGS,,5.7,-0.3,-5.0,6.0,5.95,5.95,5.7,482000,2794850,5.7,5.7
2026/04/16 10:55:57,01627,安保工程控股,ABLE ENG HLDGS,,0.58,0.01,1.75439,0.57,0.58,0.58,0.58,4000,2320,0.58,0.6
2026/04/16 11:51:22,01628,禹洲集团,YUZHOU GROUP,,0.182,0.0,0.0,0.182,0.165,0.184,0.165,600574,105422,0.183,0.192
2026/04/16 10:53:42,01629,冠均国际控股,CHAMP ALLI INTL,,0.176,0.0,0.0,0.176,0.176,0.176,0.176,20000,3520,0.176,0.185
2026/04/16 11:57:47,01630,建成控股,KIN SHING HLDGS,,0.17,-0.014,-7.6087,0.184,0.184,0.195,0.165,8712000,1537836,0.167,0.169
2026/04/16 09:46:19,01631,REF HOLDINGS,REF HOLDINGS,,0.495,0.0,0.0,0.495,0.0,0.0,0.0,0,0,0.475,0.52
2026/04/16 09:30:32,01632,民商创科,MSCTECH,,0.051,0.0,0.0,0.051,0.0,0.0,0.0,0,0,0.051,0.054
2026/04/16 11:59:50,01633,上谕集团,SHEUNG YUE GP,,0.26,0.01,4.0,0.25,0.25,0.26,0.25,174000,44175,0.26,0.27
2026/04/16 11:59:48,01635,大众公用,DZUG,,3.14,0.02,0.64103,3.12,3.13,3.16,3.12,4992300,15661644,3.14,3.15
2026/04/16 08:55:00,01636,中国金属利用,CMRU,,0.31,0.0,0.0,0.31,0.0,0.0,0.0,0,0,0.0,0.0
2026/04/16 11:26:53,01637,顺兴集团控股,SH GROUP HLDG,,0.445,-0.005,-1.11111,0.45,0.45,0.45,0.445,114000,50840,0.425,0.455
2026/04/16 11:59:00,01638,佳兆业集团,KAISA GROUP,,0.084,0.003,3.7037,0.081,0.081,0.084,0.08,13142230,1089808,0.084,0.085
2026/04/16 11:56:27,01640,千循科技,QIAN XUN TECH,,1.36,0.16,13.33333,1.2,1.22,1.78,1.22,1074000,1504800,1.39,1.42
2026/04/16 11:18:49,01641,红星冷链,HX COLDCHAIN,,7.15,-0.03,-0.41783,7.18,7.36,7.36,7.03,12500,88420,7.03,7.15
2026/04/16 11:57:17,01643,现代中药集团,MODERN CHI MED,,2.63,0.04,1.5444,2.59,2.55,2.65,2.55,438000,1146720,2.63,2.65
2026/04/16 11:39:38,01645,海纳智能,HAINA INTEL,,1.34,-0.13,-8.84354,1.47,1.48,1.48,1.34,1184000,1639600,1.34,1.36
2026/04/16 11:54:49,01647,雄岸科技,GRANDSHORES,,0.069,-0.001,-1.42857,0.07,0.068,0.071,0.066,400000,27365,0.069,0.071
2026/04/16 11:40:54,01650,HYGIEIA GROUP,HYGIEIA GROUP,,0.123,-0.002,-1.6,0.125,0.123,0.123,0.123,40000,4920,0.122,0.128
2026/04/16 11:58:53,01651,津上机床中国,TSUGAMI CHINA,,44.7,-0.12,-0.26774,44.82,45.0,45.02,44.0,471365,20972235,44.6,44.8
2026/04/16 11:38:13,01652,福森药业,FUSEN PHARM,,1.21,0.01,0.83333,1.2,1.2,1.24,1.2,1771000,2187370,1.21,1.24
2026/04/16 12:00:00,01653,MOS HOUSE,MOS HOUSE,,2.84,0.09,3.27273,2.75,2.88,2.88,2.7,140000,387000,2.61,2.78
2026/04/16 11:58:51,01655,OKURA HOLDINGS,OKURA HOLDINGS,,0.232,-0.008,-3.33333,0.24,0.234,0.234,0.232,250000,58140,0.232,0.238
2026/04/16 09:07:56,01656,亿仕登控股,ISDN HOLDINGS,,2.31,0.0,0.0,2.31,0.0,0.0,0.0,0,0,0.0,2.49
2026/04/16 12:31:42,01657,桦欣控股,SG GROUP HLDGS,,23.5,0.4,1.7316,23.1,21.5,23.68,21.0,14500,315430,22.0,24.0
2026/04/16 11:59:45,01658,邮储银行,PSBC,,5.04,0.02,0.39841,5.02,5.01,5.07,5.0,19620000,98703945,5.04,5.05
2026/04/16 11:46:42,01660,七元投资,SEVEN ELEMENTS,,0.335,0.0,0.0,0.335,0.345,0.345,0.325,3824000,1262080,0.32,0.335
2026/04/16 12:31:42,01661,中国前沿科技集团,CH FRONTIER TEC,,2.52,-0.2,-7.35294,2.72,2.71,2.72,2.52,119000,315640,2.51,2.72
2026/04/16 11:43:56,01662,义合控股,YEE HOP HLDGS,,0.72,0.05,7.46269,0.67,0.72,0.77,0.7,258000,189570,0.71,0.72
2026/04/16 11:16:42,01663,汉港控股,S HARBOURHOLD,,0.084,-0.005,-5.61798,0.089,0.089,0.089,0.084,179513,15377,0.084,0.086
2026/04/16 11:51:47,01666,同仁堂科技,TONG REN TANG,,3.96,0.04,1.02041,3.92,3.92,3.97,3.91,352100,1387499,3.95,3.97
2026/04/16 11:40:34,01667,迪米生活控股,DIMMI LIFE HLDG,,0.37,0.0,0.0,0.37,0.0,0.0,0.0,0,0,0.315,0.38
2026/04/16 08:55:00,01668,华南城,CHINASOUTHCITY,,0.107,0.0,0.0,0.107,0.0,0.0,0.0,0,0,0.0,0.0
2026/04/16 09:00:10,01669,环球信贷集团,GIC GROUP,,1.02,0.0,0.0,1.02,0.0,0.0,0.0,0,0,0.98,1.02
2026/04/16 11:50:09,01671,天保能源,TIANBAO ENERGY,,0.71,0.0,0.0,0.71,0.71,0.71,0.71,212000,150520,0.69,0.71
2026/04/16 11:56:00,01672,歌礼制药－Ｂ,ASCLETIS-B,,17.95,0.1,0.56022,17.85,17.84,18.0,17.0,781782,13755701,17.91,17.95
2026/04/16 10:59:38,01673,华章科技,HUAZHANG TECH,,0.26,0.005,1.96078,0.255,0.255,0.26,0.255,256000,64340,0.255,0.295
2026/04/16 12:30:00,01675,亚信科技,ASIAINFO TECH,,5.94,0.08,1.36519,5.86,5.9,6.0,5.9,690000,4109892,5.94,5.97
2026/04/16 11:37:28,01676,高地股份,GAODI HOLDINGS,,0.208,-0.005,-2.34742,0.213,0.213,0.215,0.202,5648000,1196792,0.208,0.215
2026/04/16 11:56:59,01679,瑞斯康集团,RISECOMM GP,,0.61,0.03,5.17241,0.58,0.61,0.63,0.61,300150,187259,0.6,0.63
2026/04/16 11:54:00,01680,澳门励骏,MACAU LEGEND,,0.201,0.001,0.5,0.2,0.201,0.201,0.201,88000,17688,0.201,0.208
2026/04/16 11:59:53,01681,康臣药业,CONSUN PHARMA,,16.3,-0.14,-0.85158,16.44,16.65,16.65,16.08,582000,9455230,16.29,16.3
2026/04/16 11:56:27,01682,杭品生活科技,HP LIVING TECH,,0.137,-0.003,-2.14286,0.14,0.14,0.14,0.135,596000,81152,0.135,0.14
2026/04/16 11:59:50,01683,旷逸国际,HOPE LIFE INT,,0.235,-0.002,-0.84388,0.237,0.237,0.241,0.226,1168000,272176,0.232,0.235
2026/04/16 11:15:02,01685,博耳电力,BOER POWER,,0.52,0.0,0.0,0.52,0.53,0.53,0.52,170000,89700,0.52,0.54
2026/04/16 11:59:53,01686,新意网集团,SUNEVISION,,6.53,0.38,6.17886,6.15,6.23,6.56,6.21,6981300,44800840,6.49,6.53
2026/04/16 11:59:46,01689,华禧控股,HUAXIHOLDINGS,,0.305,-0.02,-6.15385,0.325,0.34,0.34,0.29,222000,68980,0.295,0.31
2026/04/16 11:50:50,01690,立基工程控股,LAP KEI ENGRG,,0.182,0.0,0.0,0.182,0.182,0.182,0.175,370000,66040,0.176,0.182
2026/04/16 11:59:44,01691,ＪＳ环球生活,JS GLOBAL LIFE,,1.8,0.01,0.55866,1.79,1.78,1.8,1.75,1462500,2590255,1.79,1.8
2026/04/16 12:30:00,01692,登辉控股,TOWNRAY HLDGS,,1.47,-0.18,-10.90909,1.65,1.47,1.47,1.47,6000,8820,1.51,1.7
2026/04/16 11:55:33,01693,璋利国际,BGMC,,5.79,0.29,5.27273,5.5,5.5,5.79,5.25,72000,391600,5.35,5.8
2026/04/16 09:59:34,01695,椰丰集团,S&P INTL HLDG,,0.1,0.0,0.0,0.1,0.0,0.0,0.0,0,0,0.096,0.1
2026/04/16 11:59:23,01696,复锐医疗科技,SISRAM MED,,3.14,-0.01,-0.31746,3.15,3.23,3.25,3.1,422000,1322800,3.12,3.14
2026/04/16 10:40:55,01697,山东国信,SDITC,,0.35,0.0,0.0,0.35,0.34,0.35,0.335,10800,3699,0.34,0.35
2026/04/16 11:59:14,01698,腾讯音乐－ＳＷ,TME-SW,,39.58,1.02,2.64523,38.56,38.56,39.84,38.56,1727560,67986664,39.56,39.58
2026/04/16 10:33:54,01701,途屹控股,TU YI HLDG,,0.092,0.0,0.0,0.092,0.0,0.0,0.0,0,0,0.092,0.1
2026/04/16 11:19:46,01702,东光化工,DONGGUANG CHEM,,1.99,0.0,0.0,1.99,0.0,0.0,0.0,0,0,1.72,2.0
2026/04/16 11:21:26,01703,谊和股份,EASYHOLD GROUP,,0.08,-0.005,-5.88235,0.085,0.085,0.085,0.08,270000,21700,0.079,0.084
2026/04/16 11:42:33,01705,宾仕国际,B & S INTL HLDG,,0.54,-0.01,-1.81818,0.55,0.54,0.54,0.54,108000,58320,0.54,0.55
2026/04/16 08:55:00,01707,致浩达控股,GEOTECH HLDGS,,0.042,0.0,0.0,0.042,0.0,0.0,0.0,0,0,0.0,0.0
2026/04/16 10:42:32,01708,三宝科技,SAMPLE TECH,,0.3,0.0,0.0,0.3,0.0,0.0,0.0,0,0,0.31,0.405
2026/04/16 11:55:44,01709,德林控股,DL HOLDINGS GP,,1.14,-0.01,-0.86957,1.15,1.16,1.16,1.13,2064000,2365990,1.13,1.14
2026/04/16 11:59:58,01710,致丰工业电子,TRIO IND ELEC,,0.48,0.005,1.05263,0.475,0.475,0.51,0.47,2528000,1244740,0.48,0.485
2026/04/16 09:30:42,01711,欧化,ULFERTS,,0.152,0.0,0.0,0.152,0.0,0.0,0.0,0,0,0.141,0.161
2026/04/16 11:57:34,01712,龙资源,DRAGON MINING,,9.34,-0.09,-0.9544,9.43,9.23,9.45,9.23,327000,3045320,9.27,9.36
2026/04/16 11:16:37,01713,四川能投发展,SICHUAN EN INV,,2.19,-0.01,-0.45455,2.2,2.2,2.2,2.19,74000,162080,2.18,2.19
2026/04/16 11:18:03,01715,智慧健康科技,AI HEALTH TECH,,0.52,0.0,0.0,0.52,0.52,0.52,0.52,30000,15600,0.5,0.54
2026/04/16 11:59:33,01716,毛记葵涌,MOST KWAI CHUNG,,3.98,-0.02,-0.5,4.0,4.0,4.17,3.98,1242000,5068680,3.97,4.02
2026/04/16 11:08:24,01717,澳优,AUSNUTRIA,,1.75,0.03,1.74419,1.72,1.75,1.75,1.65,32000,55450,1.7,1.75
2026/04/16 11:31:26,01718,宏基集团控股,WAN KEI GROUP,,0.35,0.0,0.0,0.35,0.35,0.355,0.34,455000,157550,0.33,0.355
2026/04/16 09:00:10,01719,中国通商集团,CIL GROUP,,0.31,0.0,0.0,0.31,0.0,0.0,0.0,0,0,0.28,0.31
2026/04/16 11:58:34,01720,普天通信集团,PUTIAN COMM,,0.58,0.02,3.57143,0.56,0.55,0.58,0.54,1864000,1047280,0.57,0.58
2026/04/16 08:55:00,01721,FSM HOLDINGS,FSM HOLDINGS,,0.14,0.0,0.0,0.14,0.0,0.0,0.0,0,0,0.0,0.0
2026/04/16 12:31:42,01722,建鹏控股,KIN PANG HLDGS,,0.073,0.0,0.0,0.073,0.0,0.0,0.0,0,0,0.071,0.078
2026/04/16 11:34:43,01723,恒月控股,MOON INC,,1.0,-0.06,-5.66038,1.06,1.01,1.01,1.0,36000,36420,0.99,1.0
2026/04/16 11:53:35,01725,中国技术集团,C STRATEGIC TEC,,0.69,-0.01,-1.42857,0.7,0.7,0.71,0.68,2292000,1589896,0.69,0.71
2026/04/16 10:22:01,01726,HKE HOLDINGS,HKE HOLDINGS,,1.21,-0.01,-0.81967,1.22,1.21,1.21,1.21,300000,363000,1.16,1.21
2026/04/16 10:34:59,01727,河北建设,HEBEI CONS,,0.315,0.0,0.0,0.315,0.0,0.0,0.0,0,0,0.295,0.33
2026/04/16 08:55:00,01728,正通汽车,ZHENGTONGAUTO,,0.143,0.0,0.0,0.143,0.0,0.0,0.0,0,0,0.0,0.0
2026/04/16 11:59:49,01729,汇聚科技,TIME INTERCON,,19.01,1.03,5.72859,17.98,18.22,19.14,17.71,8303990,153416277,19.0,19.06
2026/04/16 11:02:14,01731,其利工业集团,PROSPEROUS IND,,0.83,-0.01,-1.19048,0.84,0.83,0.83,0.83,20000,16600,0.83,0.85
2026/04/16 11:59:31,01732,象兴国际,XIANGXING INT,,0.218,0.0,0.0,0.218,0.0,0.0,0.0,0,0,0.208,0.218
2026/04/16 11:49:30,01733,易大宗,E-COMMODITIES,,0.75,-0.01,-1.31579,0.76,0.76,0.76,0.75,78550,59251,0.75,0.76
2026/04/16 11:59:56,01735,中环新能源,CENTRAL NEW EGY,,9.18,-0.08,-0.86393,9.26,9.27,9.35,9.13,4407000,40645100,9.17,9.18
2026/04/16 11:59:18,01736,中国育儿网络,PARENTING NET,,0.51,0.01,2.0,0.5,0.51,0.51,0.51,15000,7650,0.425,0.52
2026/04/16 09:31:44,01737,亚洲实业集团,A & S GROUP,,0.1,0.0,0.0,0.1,0.0,0.0,0.0,0,0,0.1,0.105
2026/04/16 10:54:35,01738,飞尚无烟煤,FS ANTHRACITE,,0.104,0.0,0.0,0.104,0.0,0.0,0.0,0,0,0.1,0.104
2026/04/16 11:52:06,01739,齐屹科技,QEEKA HOME,,0.197,-0.007,-3.43137,0.204,0.205,0.215,0.196,164000,33784,0.199,0.211
2026/04/16 11:53:00,01740,新石文化,VALUES CULTURAL,,0.12,0.01,9.09091,0.11,0.112,0.123,0.112,445000,52560,0.12,0.123
2026/04/16 11:59:15,01741,成志控股,SHING CHI HLDGS,,0.17,0.0,0.0,0.17,0.0,0.0,0.0,0,0,0.169,0.18
2026/04/16 11:32:04,01742,HPC HOLDINGS,HPC HOLDINGS,,0.213,-0.004,-1.84332,0.217,0.217,0.22,0.213,320000,68850,0.214,0.221
2026/04/16 11:44:47,01745,驴迹科技,LVJI TECH,,0.114,-0.002,-1.72414,0.116,0.116,0.116,0.114,1344000,154438,0.114,0.116
2026/04/16 10:46:08,01746,万顺集团控股,MAN SHUN GP,,0.475,0.015,3.26087,0.46,0.46,0.475,0.46,52000,24520,0.455,0.475
2026/04/16 11:59:27,01747,HOME CONTROL,HOME CONTROL,,4.6,0.0,0.0,4.6,0.0,0.0,0.0,0,0,4.31,4.68
2026/04/16 08:55:00,01748,信源企业集团,XIN YUAN ENT,,1.76,0.0,0.0,1.76,0.0,0.0,0.0,0,0,0.0,0.0
2026/04/16 11:58:03,01749,杉杉品牌,SHANSHAN,,0.6,-0.01,-1.63934,0.61,0.61,0.61,0.57,255000,152710,0.58,0.62
2026/04/16 12:31:42,01750,全达电器集团控股,REM GROUP HLDGS,,0.111,-0.002,-1.76991,0.113,0.116,0.117,0.11,420000,47590,0.108,0.113
2026/04/16 11:22:26,01751,智算能建,AI ENERGY ENG,,1.37,0.02,1.48148,1.35,1.4,1.4,1.37,180000,249700,1.36,1.39
2026/04/16 11:08:36,01752,澳洲成峰高教,TOP EDUCATION,,0.084,0.0,0.0,0.084,0.0,0.0,0.0,0,0,0.083,0.09
2026/04/16 11:34:55,01753,兑吧,DUIBA,,0.113,-0.002,-1.73913,0.115,0.114,0.114,0.108,90800,9938,0.11,0.113
2026/04/16 08:55:00,01755,新城悦服务,S-ENJOY SERVICE,,2.8,0.0,0.0,2.8,0.0,0.0,0.0,0,0,0.0,0.0
2026/04/16 11:37:53,01756,中国科教产业,CHI SCI&EDU IND,,0.55,-0.01,-1.78571,0.56,0.56,0.57,0.55,324000,179560,0.54,0.55
2026/04/16 11:55:14,01757,环球华商（一千）,GLOBAL CHI-1K,,17.79,-0.39,-2.14522,18.18,18.09,18.3,17.66,226000,4053970,17.68,17.81
2026/04/16 11:30:06,01758,博骏教育,BOJUN EDU,,0.112,0.0,0.0,0.112,0.0,0.0,0.0,0,0,0.105,0.12
2026/04/16 11:59:20,01759,中油洁能控股,SINO GAS HLDGS,,0.99,0.0,0.0,0.99,0.0,0.0,0.0,0,0,0.84,1.2
2026/04/16 11:37:53,01760,英恒科技,INTRON TECH,,1.81,0.0,0.0,1.81,1.82,1.82,1.79,49000,88240,1.81,1.82
2026/04/16 11:58:29,01762,万咖壹联,WANKA ONLINE,,1.68,0.02,1.20482,1.66,1.66,1.71,1.66,1571000,2656000,1.67,1.68
2026/04/16 11:59:58,01763,中国同辐,CIRC,,18.6,-0.4,-2.10526,19.0,18.92,18.92,18.5,158000,2948368,18.56,18.59
2026/04/16 11:59:15,01765,希教国际控股,XJ INTL HLDGS,,0.158,0.002,1.28205,0.156,0.157,0.158,0.157,50000,7868,0.157,0.164
2026/04/16 11:56:25,01766,中国中车,CRRC,,5.12,0.01,0.1957,5.11,5.11,5.13,5.08,5111000,26064670,5.11,5.12
2026/04/16 11:29:35,01767,TS WONDERS,TS WONDERS,,0.36,0.005,1.40845,0.355,0.36,0.36,0.36,110000,39600,0.345,0.36
2026/04/16 11:59:17,01768,鸣鸣很忙,BUSYMING,,403.4,3.4,0.85,400.0,396.4,405.0,391.0,23700,9458270,403.20001,403.60001
2026/04/16 11:59:01,01769,思考乐教育,SCHOLAR EDU,,1.62,0.0,0.0,1.62,1.62,1.66,1.58,105000,170150,1.6,1.63
2026/04/16 11:59:21,01771,新丰泰集团,SUNFONDA GP,,0.178,0.0,0.0,0.178,0.0,0.0,0.0,0,0,0.163,0.175
2026/04/16 11:59:59,01772,赣锋锂业,GANFENGLITHIUM,,84.15,5.7,7.26577,78.45,79.7,84.85,78.8,11188073,925005363,84.15,84.2
2026/04/16 11:59:16,01773,天立国际控股,TIANLI INT HLDG,,2.09,0.01,0.48077,2.08,2.1,2.1,2.07,3724000,7777900,2.09,2.1
2026/04/16 11:06:31,01775,精英汇集团,BEXCELLENT GP,,0.455,0.01,2.24719,0.445,0.44,0.455,0.44,176000,77860,0.435,0.455
2026/04/16 11:59:43,01776,广发证券,GF SEC,,17.0,0.55,3.34347,16.45,16.54,17.14,16.5,6869400,115769096,16.96,17.0
2026/04/16 11:53:28,01777,花样年控股,FANTASIA,,0.084,0.003,3.7037,0.081,0.078,0.092,0.078,606000,49894,0.078,0.084
2026/04/16 11:59:24,01778,彩生活,COLOUR LIFE,,0.21,0.0,0.0,0.21,0.0,0.0,0.0,0,0,0.201,0.216
2026/04/16 08:55:00,01780,荣尊国际控股,RONGZUN INT'L H,,1.0,0.0,0.0,1.0,0.0,0.0,0.0,0,0,0.0,0.0
2026/04/16 11:48:18,01782,国际商业数字技术,IB DIGITAL TECH,,3.35,0.15,4.6875,3.2,3.35,3.35,3.35,30000,100500,3.2,3.34
2026/04/16 11:59:23,01783,晋景新能,ENVISION GREEN,,3.17,-0.05,-1.5528,3.22,3.24,3.24,3.12,2752000,8683750,3.15,3.17
2026/04/16 09:41:43,01785,成都高速,CHENGDU EXPWAY,,2.09,0.0,0.0,2.09,2.09,2.09,2.09,40000,83600,2.05,2.09
2026/04/16 11:08:11,01786,铁建装备,CRCCE,,0.87,0.0,0.0,0.87,0.0,0.0,0.0,0,0,0.85,0.88
2026/04/16 11:59:57,01787,山东黄金,SD GOLD,,33.18,0.08,0.24169,33.1,33.3,33.36,32.52,6788389,223086138,33.16,33.18
2026/04/16 11:59:45,01788,国泰君安国际,GUOTAI JUNAN I,,2.66,0.03,1.14068,2.63,2.66,2.72,2.62,107395600,286606209,2.66,2.67
2026/04/16 11:59:54,01789,爱康医疗,AK MEDICAL,,7.04,0.01,0.14225,7.03,6.93,7.06,6.93,1126000,7889680,7.0,7.04
2026/04/16 09:38:02,01790,达力环保,TIL ENVIRO,,0.52,0.0,0.0,0.52,0.0,0.0,0.0,0,0,0.435,0.58
2026/04/16 10:59:08,01792,CMON,CMON,,1.19,0.0,0.0,1.19,0.0,0.0,0.0,0,0,1.08,1.18
2026/04/16 11:00:25,01793,伟工控股,WECON HOLDINGS,,0.265,-0.005,-1.85185,0.27,0.265,0.265,0.265,120000,31800,0.265,0.27
2026/04/16 11:53:33,01795,亚东集团,YADONG GROUP,,0.51,0.0,0.0,0.51,0.51,0.51,0.51,51000,26010,0.495,0.51
2026/04/16 08:55:00,01796,中国数智科技,METASPACEX,,0.66,0.0,0.0,0.66,0.0,0.0,0.0,0,0,0.0,0.0
2026/04/16 11:59:58,01797,东方甄选,EAST BUY,,28.76,0.28,0.98315,28.48,28.96,30.12,28.64,7317000,216416890,28.74,28.76
2026/04/16 11:59:18,01798,大唐新能源,DATANG RENEW,,1.5,0.02,1.35135,1.48,1.5,1.51,1.48,6458000,9668872,1.49,1.5
2026/04/16 11:56:49,01799,新特能源,XINTE ENERGY,,5.72,0.38,7.11611,5.34,5.48,5.78,5.45,1782000,10115872,5.7,5.73
2026/04/16 11:58:47,01800,中国交通建设,CHINA COMM CONS,,4.58,0.04,0.88106,4.54,4.55,4.6,4.53,4380151,20015869,4.58,4.59
2026/04/16 11:59:33,01801,信达生物,INNOVENT BIO,,91.85,0.45,0.49234,91.4,91.4,92.4,89.45,5248698,478480676,91.8,91.85
2026/04/16 08:55:00,01802,文业集团,WENYE GROUP,,0.045,0.0,0.0,0.045,0.0,0.0,0.0,0,0,0.0,0.0
2026/04/16 11:59:13,01803,北京体育文化,BJ SPORTS & ENT,,0.07,-0.005,-6.66667,0.075,0.078,0.078,0.07,180000,13927,0.07,0.079
2026/04/16 11:17:15,01808,企展控股,ENTERPRISE DEV,,2.29,0.0,0.0,2.29,2.29,2.29,2.29,42000,96180,2.11,2.29
2026/04/16 11:46:13,01809,浦林成山,PRINX CHENGSHAN,,8.02,-0.07,-0.86527,8.09,8.05,8.07,7.96,13500,108071,7.96,8.02
2026/04/16 11:59:59,01810,小米集团－Ｗ,XIAOMI-W,,31.54,0.64,2.0712,30.9,31.06,31.68,31.06,85804171,2692647969,31.54,31.56
2026/04/16 11:58:21,01811,中广核新能源,CGN NEW ENERGY,,2.62,-0.02,-0.75758,2.64,2.64,2.65,2.61,1788000,4699160,2.62,2.63
2026/04/16 11:43:41,01812,晨鸣纸业,CHENMING PAPER,,1.16,0.03,2.65487,1.13,1.13,1.16,1.13,187000,215065,1.15,1.16
2026/04/16 11:07:45,01813,合景泰富集团,KWG GROUP,,0.173,-0.006,-3.35196,0.179,0.175,0.175,0.171,121000,21006,0.172,0.173
2026/04/16 11:53:04,01815,珠峰黄金,EVEREST GOLD,,1.08,-0.01,-0.91743,1.09,1.07,1.1,1.07,2260000,2464280,1.07,1.09
2026/04/16 11:59:44,01816,中广核电力,CGN POWER,,3.3,-0.03,-0.9009,3.33,3.35,3.36,3.28,23895000,79127290,3.29,3.31
2026/04/16 11:45:02,01817,慕尚集团控股,MULSANNE GROUP,,0.295,0.0,0.0,0.295,0.0,0.0,0.0,0,0,0.27,0.28
2026/04/16 11:59:42,01818,招金矿业,ZHAOJIN MINING,,32.72,-0.24,-0.72816,32.96,33.04,33.04,32.4,3218000,104931552,32.7,32.72
2026/04/16 09:52:34,01820,济丰包装,PM PACKAGING,,2.54,0.0,0.0,2.54,0.0,0.0,0.0,0,0,2.54,0.0
2026/04/16 11:01:15,01822,中木国际,CHINA WOOD INT,,0.144,0.0,0.0,0.144,0.0,0.0,0.0,9000,1170,0.133,0.14
2026/04/16 09:36:33,01823,华昱高速,HUAYUEXPRESSWAY,,1.69,0.0,0.0,1.69,0.0,0.0,0.0,0,0,0.0,1.69
2026/04/16 11:59:00,01825,STERLING GP-NEW,STERLING GP-NEW,,0.88,-0.02,-2.22222,0.9,0.88,0.88,0.8,9250,7810,0.82,1.12
2026/04/16 11:59:31,01826,丰展控股,FDB HOLDINGS,,0.174,0.0,0.0,0.174,0.0,0.0,0.0,0,0,0.155,0.175
2026/04/16 11:59:18,01827,卓珈控股,MIRICOR,,0.94,0.0,0.0,0.94,0.0,0.0,0.0,0,0,0.73,0.94
2026/04/16 11:51:06,01828,富卫集团,FWD,,31.6,-0.4,-1.25,32.0,32.0,32.02,31.5,78400,2478430,31.56,31.6
2026/04/16 11:51:00,01830,完美医疗,PERFECT MEDICAL,,1.26,0.08,6.77966,1.18,1.16,1.29,1.15,726722,884677,1.25,1.26
2026/04/16 11:29:31,01831,十方控股,SHIFANG HLDG,,0.435,-0.015,-3.33333,0.45,0.445,0.445,0.435,1590000,693250,0.435,0.45
2026/04/16 11:30:28,01832,海天地悦旅,SAI LEISURE,,0.81,0.0,0.0,0.81,0.0,0.0,0.0,0,0,0.8,0.81
2026/04/16 11:59:32,01833,平安好医生,PA GOODDOCTOR,,12.3,0.41,3.44828,11.89,11.9,12.35,11.85,5318400,64431082,12.27,12.3
2026/04/16 09:30:13,01835,瑞威资管,REALWAY CAPITAL,,1.24,0.0,0.0,1.24,0.0,0.0,0.0,0,0,1.04,0.0
2026/04/16 11:57:39,01836,九兴控股,STELLA HOLDINGS,,14.93,-0.06,-0.40027,14.99,15.02,15.02,14.88,119000,1774500,14.93,14.94
2026/04/16 11:59:35,01837,五谷磨房,NATURAL FOOD IH,,1.73,0.02,1.16959,1.71,1.72,1.75,1.7,1022000,1774880,1.72,1.75
2026/04/16 09:15:48,01841,优越集团控股,A.PLUS GROUP,,0.235,0.0,0.0,0.235,0.0,0.0,0.0,0,0,0.228,0.235
2026/04/16 11:33:19,01842,植华集团,GROWN UP GROUP,,0.045,0.002,4.65116,0.043,0.045,0.045,0.045,24000,1080,0.042,0.045
2026/04/16 11:52:02,01843,快餐帝国,SNACK EMPIRE,,0.144,0.0,0.0,0.144,0.0,0.0,0.0,0,0,0.143,0.15
2026/04/16 09:30:26,01845,维港环保科技,WG ENV TECH,,0.238,0.0,0.0,0.238,0.0,0.0,0.0,0,0,0.0,0.238
2026/04/16 10:57:46,01846,德视佳,EUROEYES,,2.89,0.0,0.0,2.89,0.0,0.0,0.0,0,0,2.73,2.88
2026/04/16 11:59:15,01847,云南建投混凝土,GHPC,,0.44,0.0,0.0,0.44,0.0,0.0,0.0,0,0,0.43,0.5
2026/04/16 11:57:06,01848,中国飞机租赁,CALC,,3.98,-0.06,-1.48515,4.04,4.05,4.05,3.93,264000,1053935,3.98,3.99
2026/04/16 08:55:00,01849,秀商时代控股,AM GROUP,,0.05,0.0,0.0,0.05,0.0,0.0,0.0,0,0,0.0,0.0
2026/04/16 11:54:40,01850,鸿盛昌资源,HSC RESOURCES,,0.88,-0.12,-12.0,1.0,0.99,1.0,0.87,1530000,1414000,0.88,0.9
2026/04/16 11:56:26,01851,银杏教育,GINGKO EDU,,4.39,0.11,2.57009,4.28,4.34,4.45,4.25,894000,3885140,4.31,4.4
2026/04/16 08:55:00,01853,春城热力,CHUNCHENG HEAT,,1.74,0.0,0.0,1.74,0.0,0.0,0.0,0,0,0.0,0.0
2026/04/16 11:17:03,01854,中国万天控股,CHINA WANTIAN,,1.1,0.0,0.0,1.1,0.0,0.0,0.0,0,0,1.06,1.11
2026/04/16 11:34:07,01855,中庆股份,ZONQING LTD,,0.345,0.01,2.98508,0.335,0.345,0.385,0.345,286000,101060,0.345,0.355
2026/04/16 10:50:57,01856,依波路,ERNEST BOREL,,1.76,-0.04,-2.22222,1.8,1.76,1.76,1.76,16000,28160,1.7,1.8
2026/04/16 11:44:02,01857,中国光大水务,CEB WATER,,1.45,-0.02,-1.36054,1.47,1.46,1.46,1.45,899000,1304710,1.44,1.46
2026/04/16 12:30:04,01858,春立医疗,CHUNLI MEDICAL,,13.33,-0.22,-1.62362,13.55,13.58,13.65,13.19,338250,4511946,13.31,13.38
2026/04/16 11:59:48,01860,汇量科技,MOBVISTA,,15.5,0.53,3.54041,14.97,15.56,15.88,15.27,6619663,102841986,15.45,15.5
2026/04/16 09:00:44,01861,保宝龙科技,PRECIOUS DRAGON,,1.78,0.0,0.0,1.78,0.0,0.0,0.0,0,0,1.7,2.0
2026/04/16 08:55:00,01862,景瑞控股,JINGRUI HLDGS,,0.016,0.0,0.0,0.016,0.0,0.0,0.0,0,0,0.0,0.0
2026/04/16 08:55:00,01863,中国龙天集团,CHI LONGEVITY,,1.37,0.0,0.0,1.37,0.0,0.0,0.0,0,0,0.0,0.0
2026/04/16 11:18:36,01865,鹏高控股集团,PENGO HLDG GP,,0.44,0.0,0.0,0.44,0.44,0.45,0.43,1608000,703800,0.43,0.44
2026/04/16 11:59:00,01866,中国心连心化肥,CHINA XLX FERT,,11.41,0.23,2.05725,11.18,11.64,11.64,10.9,1759000,19628192,11.41,11.43
2026/04/16 11:18:01,01867,标准发展集团,STD DEV GROUP,,0.232,0.0,0.0,0.232,0.0,0.0,0.0,0,0,0.221,0.228
2026/04/16 10:13:15,01868,同方友友,NEO-NEON,,0.33,0.0,0.0,0.33,0.0,0.0,0.0,0,0,0.32,0.33
2026/04/16 11:40:11,01869,猫屎咖啡控股,KAFELAKU COFFEE,,0.112,0.007,6.66667,0.105,0.112,0.112,0.112,30000,3360,0.102,0.111
2026/04/16 10:45:06,01870,益美国际控股,ACME INTL HLDGS,,0.485,-0.005,-1.02041,0.49,0.49,0.495,0.48,110000,53387,0.48,0.485
2026/04/16 11:56:46,01871,向中国际,CHINA ORIENTED,,0.385,0.035,10.0,0.35,0.35,0.39,0.35,152000,54800,0.345,0.385
2026/04/16 11:51:47,01872,冠轈控股,GUAN CHAO HLDGS,,7.32,-0.43,-5.54839,7.75,7.64,7.85,7.2,1015000,7518650,7.28,7.34
2026/04/16 11:55:06,01873,维亚生物,VIVA BIOTECH,,1.93,-0.03,-1.53061,1.96,1.97,1.98,1.92,1784000,3463530,1.92,1.93
2026/04/16 11:55:07,01875,东曜药业－Ｂ,BIODLINK-B,,4.89,-0.04,-0.81136,4.93,4.93,4.93,4.81,497200,2411696,4.88,4.89
2026/04/16 11:59:31,01876,百威亚太,BUD APAC,,7.47,-0.06,-0.79681,7.53,7.53,7.54,7.41,6200100,46277645,7.46,7.47
2026/04/16 11:59:56,01877,君实生物,JUNSHI BIO,,27.54,0.04,0.14546,27.5,27.6,27.98,27.02,2519600,69555320,27.46,27.54
2026/04/16 12:31:42,01878,南戈壁,SOUTHGOBI,,2.14,0.09,4.39024,2.05,2.05,2.14,2.05,262300,544477,2.08,2.14
2026/04/16 11:59:14,01880,中国中免,CTG DUTY-FREE,,66.6,0.9,1.36986,65.7,66.4,67.0,65.8,399000,26496845,66.6,66.7
2026/04/16 11:59:29,01882,海天国际,HAITIAN INT'L,,21.56,-0.14,-0.64516,21.7,21.76,21.96,21.52,705000,15293910,21.56,21.58
2026/04/16 11:59:40,01883,中信国际电讯,CITIC TELECOM,,2.78,0.0,0.0,2.78,2.78,2.8,2.76,619000,1717613,2.77,2.78
2026/04/16 11:59:32,01884,ＥＰＲＩＮＴ集团,EPRINT GROUP,,0.109,0.0,0.0,0.109,0.0,0.0,0.0,0,0,0.096,0.108
2026/04/16 12:00:00,01888,建滔积层板,KB LAMINATES,,26.76,0.98,3.8014,25.78,25.84,26.88,25.04,16210175,422341534,26.66,26.76
2026/04/16 11:47:32,01889,三爱健康集团,SANAI HEALTH GP,,0.32,0.0,0.0,0.32,0.32,0.32,0.32,15000,4800,0.3,0.31
2026/04/16 11:41:47,01890,中国科培,CHINA KEPEI,,1.24,0.03,2.47934,1.21,1.22,1.24,1.22,900000,1101100,1.22,1.24
2026/04/16 11:54:04,01891,兴合控股,HENG HUP,,0.139,0.0,0.0,0.139,0.139,0.139,0.139,64000,8896,0.138,0.139
2026/04/16 11:59:26,01894,恒益控股,HANG YICK HLDGS,,0.28,-0.005,-1.75439,0.285,0.275,0.285,0.275,1302500,363625,0.28,0.285
2026/04/16 11:25:31,01895,鑫苑服务,XINYUAN PM,,0.455,0.0,0.0,0.455,0.45,0.455,0.45,114000,51810,0.45,0.46
2026/04/16 11:51:48,01896,猫眼娱乐,MAOYAN ENT,,5.92,0.06,1.02389,5.86,5.86,5.93,5.86,1616200,9550318,5.91,5.92
2026/04/16 11:59:29,01897,美亨实业,MILLIONHOPE IND,,0.48,0.0,0.0,0.48,0.0,0.0,0.0,0,0,0.46,0.54
2026/04/16 11:59:29,01898,中煤能源,CHINA COAL,,13.58,0.05,0.36955,13.53,13.54,13.66,13.39,6569200,88943314,13.57,13.59
2026/04/16 11:47:46,01899,兴达国际,XINGDA INT'L,,1.21,-0.01,-0.81967,1.22,1.21,1.21,1.21,22000,26620,1.21,1.24
2026/04/16 11:44:34,01900,中国智能交通,CHINA ITS,,0.23,-0.02,-8.0,0.25,0.241,0.241,0.222,389000,90310,0.235,0.247
2026/04/16 09:56:07,01901,飞扬集团,FEIYANG GROUP,,0.305,-0.005,-1.6129,0.31,0.3,0.31,0.3,130000,39170,0.3,0.31
2026/04/16 11:49:07,01903,JBB BUILDERS,JBB BUILDERS,,2.28,-0.02,-0.86957,2.3,2.3,2.3,2.28,8000,18280,2.26,2.29
2026/04/16 11:45:12,01905,海通恒信,HAITONG UT,,0.82,-0.01,-1.20482,0.83,0.83,0.83,0.82,804000,661680,0.82,0.83
2026/04/16 11:44:26,01906,博尼控股,BONNY HLDG,,0.55,0.02,3.77359,0.53,0.53,0.55,0.53,2315000,1241450,0.54,0.56
2026/04/16 11:54:40,01907,中国旭阳集团,CHINA RISUN GP,,3.09,-0.02,-0.64309,3.11,3.07,3.11,3.06,4743000,14644180,3.07,3.09
2026/04/16 11:58:51,01908,建发国际集团,C&D INTL GROUP,,14.26,0.06,0.42254,14.2,14.2,14.36,14.07,1339546,19010316,14.25,14.26
2026/04/16 11:30:30,01909,火岩控股,FIRE ROCK,,1.98,-0.01,-0.50251,1.99,1.98,1.98,1.98,12000,23760,1.92,1.99
2026/04/16 11:59:30,01910,新秀丽,SAMSONITE,,15.55,0.37,2.43742,15.18,15.18,15.64,15.12,8212500,126752243,15.51,15.55
2026/04/16 11:58:49,01911,华兴资本控股,CR HOLDINGS,,3.62,-0.01,-0.27548,3.63,3.6,3.68,3.51,240200,864068,3.59,3.62
2026/04/16 11:58:24,01912,康特隆,CONTEL,,0.38,0.02,5.55556,0.36,0.38,0.385,0.38,70000,26750,0.365,0.4
2026/04/16 11:59:43,01913,普拉达,PRADA,,37.56,0.58,1.56842,36.98,37.1,38.68,37.06,1016380,37896039,37.52,37.56
2026/04/16 08:55:00,01915,泰和小贷,TAIHE M-FIN,,0.265,0.0,0.0,0.265,0.0,0.0,0.0,0,0,0.0,0.0
2026/04/16 09:00:15,01916,江西银行,JIANGXI BANK,,0.68,0.0,0.0,0.68,0.0,0.0,0.0,0,0,0.68,0.7
2026/04/16 11:20:18,01917,豆盟科技,DOUMOB,,0.11,0.001,0.91743,0.109,0.11,0.11,0.11,40000,4400,0.102,0.109
2026/04/16 12:00:00,01918,融创中国,SUNAC,,1.06,0.0,0.0,1.06,1.07,1.07,1.05,65170000,68679865,1.05,1.06
2026/04/16 11:59:30,01919,中远海控,COSCO SHIP HOLD,,15.02,-0.12,-0.7926,15.14,15.15,15.25,15.0,5114200,77089408,15.01,15.02
2026/04/16 11:54:34,01920,中国网成,CHINA WACAN,,1.07,0.01,0.9434,1.06,1.08,1.08,1.05,535000,566450,1.05,1.08
2026/04/16 11:45:34,01921,达力普控股,DALIPAL HLDG,,6.0,0.01,0.16695,5.99,6.25,6.25,5.92,3154000,18890800,5.99,6.02
2026/04/16 09:43:18,01925,旷世芳香,KWUNGS AROMA,,1.23,0.0,0.0,1.23,1.23,1.23,1.23,20000,24600,1.23,1.25
2026/04/16 11:03:43,01927,久久王,JIUJIUWANG,,0.145,0.0,0.0,0.145,0.144,0.145,0.144,25000,3620,0.145,0.147
2026/04/16 11:59:11,01928,金沙中国有限公司,SANDS CHINA LTD,,17.43,0.28,1.63265,17.15,17.2,17.5,17.2,3504544,60823481,17.43,17.44
2026/04/16 11:59:53,01929,周大福,CHOW TAI FOOK,,11.42,0.06,0.52817,11.36,11.36,11.48,11.25,6396196,72742983,11.41,11.42
2026/04/16 11:32:25,01930,勋龙,SHINELONG,,0.395,0.0,0.0,0.395,0.38,0.395,0.375,68000,26160,0.38,0.395
2026/04/16 11:59:54,01931,华检医疗,ETHK LABS INC.,,1.06,0.01,0.95238,1.05,1.05,1.06,1.03,287000,300620,1.04,1.07
2026/04/16 08:55:00,01932,中漆集团,CPM GROUP,,0.249,0.0,0.0,0.249,0.0,0.0,0.0,0,0,0.0,0.0
2026/04/16 11:59:18,01933,元力控股,ONEFORCE HLDGS,,0.215,0.0,0.0,0.215,0.0,0.0,0.0,0,0,0.214,0.225
2026/04/16 11:59:17,01935,嘉宏教育,JH EDUCATION,,1.24,0.0,0.0,1.24,0.0,0.0,0.0,0,0,1.12,1.22
2026/04/16 10:31:37,01936,利特米,RITAMIX,,0.82,0.04,5.12821,0.78,0.82,0.82,0.82,6000,4920,0.77,0.82
2026/04/16 11:16:44,01937,佳辰控股,JIACHEN HOLDING,,0.147,0.0,0.0,0.147,0.147,0.147,0.147,5000,735,0.146,0.165
2026/04/16 11:30:06,01938,珠江钢管,CHU KONG PIPE,,0.325,0.01,3.1746,0.315,0.315,0.33,0.315,420000,136685,0.325,0.33
2026/04/16 11:59:43,01939,上善黄金,SHANGSHAN GOLD,,0.5,0.04,8.69565,0.46,0.46,0.5,0.45,1406000,679240,0.49,0.5
2026/04/16 11:55:42,01940,CGII HLDGS,CGII HLDGS,,1.28,-0.02,-1.53846,1.3,1.28,1.3,1.26,196000,250820,1.28,1.3
2026/04/16 11:59:34,01941,烨星集团,YE XING GROUP,,0.3,0.005,1.69492,0.295,0.295,0.3,0.295,176000,51990,0.29,0.305
2026/04/16 11:57:21,01942,马可数字科技,MOG DIGITECH,,0.215,-0.003,-1.37615,0.218,0.218,0.219,0.212,1184000,254600,0.214,0.217
2026/04/16 11:11:29,01943,金石控股集团,KING'S STONE,,0.62,-0.01,-1.5873,0.63,0.62,0.63,0.62,1025000,643650,0.62,0.63
2026/04/16 11:59:27,01945,清科控股,ZERO2IPO,,1.58,0.01,0.63694,1.57,1.56,1.62,1.49,209600,319016,1.52,1.58
2026/04/16 11:37:41,01947,美皓集团,MEIHAO GROUP,,0.37,0.0,0.0,0.37,0.0,0.0,0.0,0,0,0.345,0.385
2026/04/16 11:56:37,01948,优矩控股,UJU HOLDING,,3.68,0.13,3.66197,3.55,4.5,4.7,3.55,28000,106290,3.79,4.44
2026/04/16 09:32:43,01949,佰达国际控股,PLATT NERA,,0.8,0.0,0.0,0.8,0.0,0.0,0.0,0,0,0.71,0.82
2026/04/16 11:49:52,01950,帝王实业控股,DIWANG IND H,,0.141,-0.006,-4.08163,0.147,0.136,0.141,0.133,968000,130192,0.135,0.137
2026/04/16 11:51:46,01951,锦欣生殖,JXR,,2.43,0.03,1.25,2.4,2.4,2.44,2.38,7699500,18543926,2.42,2.43
2026/04/16 12:00:00,01952,云顶新耀,EVEREST MED,,39.44,-0.94,-2.32789,40.38,40.4,40.4,39.38,1649500,65329880,39.44,39.48
2026/04/16 08:55:00,01953,RIMBACO,RIMBACO,,0.65,0.0,0.0,0.65,0.0,0.0,0.0,0,0,0.0,0.0
2026/04/16 10:45:39,01955,庄臣控股,JOHNSON HLDGS,,0.51,0.0,0.0,0.51,0.51,0.51,0.51,4000,2040,0.51,0.53
2026/04/16 11:48:14,01957,大人国际,MBV INTL,,0.222,-0.008,-3.47826,0.23,0.223,0.223,0.222,105000,23402,0.22,0.223
2026/04/16 11:57:52,01958,北京汽车,BAIC MOTOR,,1.54,0.0,0.0,1.54,1.54,1.55,1.53,804000,1236505,1.53,1.54
2026/04/16 11:55:23,01959,中聚投资,ZHONG JU INVEST,,4.43,0.13,3.02326,4.3,4.35,4.5,4.34,110000,488000,4.43,4.5
2026/04/16 11:55:53,01960,TBKS HLDGS,TBKS HLDGS,,0.405,0.0,0.0,0.405,0.0,0.0,0.0,0,0,0.4,0.42
2026/04/16 08:55:00,01961,多牛科技,INFINITIES TECH,,0.099,0.0,0.0,0.099,0.0,0.0,0.0,0,0,0.0,0.0
2026/04/16 11:47:07,01962,训修实业,EVERGREEN PG,,0.455,-0.015,-3.19149,0.47,0.455,0.455,0.455,22000,10010,0.455,0.465
2026/04/16 11:59:01,01963,重庆银行,BCQ,,8.18,-0.03,-0.36541,8.21,8.23,8.23,8.13,422000,3444625,8.16,8.18
2026/04/16 09:30:28,01965,朗诗绿色生活,LANDSEA LIFE,,0.137,0.0,0.0,0.137,0.0,0.0,0.0,0,0,0.126,0.136
2026/04/16 11:39:50,01966,中骏集团控股,CHINA SCE GROUP,,0.063,-0.001,-1.5625,0.064,0.062,0.063,0.062,1199000,75037,0.062,0.063
2026/04/16 11:59:52,01967,信恳智能,CONFIDENCE IN,,0.39,0.0,0.0,0.39,0.0,0.0,0.0,3200,1231,0.38,0.39
2026/04/16 09:30:06,01968,兴纺控股,HINGTEX HLDGS,,0.169,0.0,0.0,0.169,0.0,0.0,0.0,0,0,0.17,0.179
2026/04/16 11:58:38,01969,中国春来,CHINA CHUNLAI,,1.39,0.0,0.0,1.39,1.43,1.43,1.38,527000,740270,1.39,1.4
2026/04/16 11:28:20,01970,IMAX CHINA,IMAX CHINA,,7.8,-0.05,-0.63694,7.85,7.9,8.2,7.8,28500,224339,7.5,7.78
2026/04/16 09:30:04,01971,弘阳服务,RSUN SER,,0.38,0.0,0.0,0.38,0.0,0.0,0.0,0,0,0.34,0.38
2026/04/16 11:59:46,01972,太古地产,SWIREPROPERTIES,,24.68,-0.06,-0.24252,24.74,24.38,24.88,24.38,421230,10403821,24.66,24.68
2026/04/16 11:59:22,01973,天图投资,TIAN TU CAPITAL,,2.6,0.0,0.0,2.6,0.0,0.0,0.0,0,0,2.3,2.6
2026/04/16 10:49:05,01975,新兴印刷,SUN HING PRINT,,0.39,0.005,1.2987,0.385,0.39,0.39,0.39,16000,6240,0.39,0.4
2026/04/16 11:09:26,01977,安乐工程,ANALOGUE HLDGS,,1.0,0.0,0.0,1.0,0.0,0.0,0.0,0,0,0.99,1.02
2026/04/16 09:04:36,01978,叙福楼集团,LH GROUP,,0.32,0.0,0.0,0.32,0.0,0.0,0.0,0,0,0.32,0.34
2026/04/16 10:00:54,01979,天宝集团,TEN PAO GROUP,,2.46,0.01,0.40816,2.45,2.48,2.48,2.46,48000,118360,2.44,2.47
2026/04/16 11:01:02,01980,天鸽互动,TIANGE,,0.71,0.0,0.0,0.71,0.0,0.0,0.0,14000,9800,0.7,0.71
2026/04/16 11:35:28,01981,华夏控股,CATHAY GP HLDGS,,0.82,-0.02,-2.38095,0.84,0.83,0.83,0.82,74000,61380,0.82,0.84
2026/04/16 11:42:55,01982,南旋控股,NAMESON HLDGS,,1.02,0.0,0.0,1.02,0.0,0.0,0.0,0,0,1.03,1.04
2026/04/16 11:59:28,01983,泸州银行,LUZHOU BANK,,2.32,0.0,0.0,2.32,0.0,0.0,0.0,0,0,2.25,2.46
2026/04/16 11:06:52,01985,美高域,MICROWARE,,1.32,0.02,1.53846,1.3,1.32,1.32,1.32,6000,7920,1.31,1.32
2026/04/16 11:54:10,01986,彩客新能源,TSAKER NE,,0.8,0.0,0.0,0.8,0.81,0.81,0.8,244500,197590,0.8,0.81
2026/04/16 11:59:34,01987,BENG SOON MACH,BENG SOON MACH,,0.21,0.0,0.0,0.21,0.21,0.21,0.21,40000,8580,0.21,0.215
2026/04/16 11:59:05,01988,民生银行,MINSHENG BANK,,3.65,-0.01,-0.27322,3.66,3.66,3.66,3.62,8048004,29250404,3.64,3.65
2026/04/16 11:59:52,01989,广合科技,DELTON,,136.5,8.2,6.39127,128.3,128.2,138.0,128.0,1051982,139225951,136.39999,136.5
2026/04/16 08:55:00,01991,大洋集团,TA YANG GROUP,,0.58,0.0,0.0,0.58,0.0,0.0,0.0,0,0,0.0,0.0
2026/04/16 09:48:59,01993,雅仕维,ASIARAY,,0.65,0.07,12.06897,0.58,0.65,0.65,0.65,500,325,0.55,0.65
2026/04/16 11:58:49,01995,永升服务,ES SERVICES,,1.92,-0.01,-0.51814,1.93,1.93,1.93,1.9,860000,1638560,1.9,1.92
2026/04/16 09:30:26,01996,弘阳地产,RSUN PPT,,0.024,0.0,0.0,0.024,0.0,0.0,0.0,0,0,0.023,0.027
2026/04/16 11:59:48,01997,九龙仓置业,WHARF REIC,,24.04,0.12,0.50167,23.92,23.74,24.12,23.66,2187677,52475147,24.02,24.04
2026/04/16 11:59:16,01999,敏华控股,MAN WAH HLDGS,,4.22,-0.02,-0.4717,4.24,4.28,4.3,4.2,5478000,23154876,4.21,4.22
2026/04/16 11:53:02,02000,晨讯科技,SIM TECH,,0.275,-0.015,-5.17241,0.29,0.28,0.28,0.27,82000,22600,0.275,0.285
2026/04/16 11:50:46,02001,新高教集团,NEW HIGHER EDU,,0.75,0.01,1.35135,0.74,0.74,0.75,0.73,1825209,1346344,0.74,0.75
2026/04/16 11:59:51,02002,阳光纸业,SUNSHINE PAPER,,1.06,0.01,0.95238,1.05,1.06,1.06,1.06,20000,21200,1.05,1.1
2026/04/16 11:56:19,02003,维信金科,VCREDIT,,1.24,0.02,1.63934,1.22,1.25,1.25,1.23,92200,114864,1.22,1.24
2026/04/16 11:53:25,02005,石四药集团,SSY GROUP,,2.51,0.0,0.0,2.51,2.5,2.51,2.48,1114000,2781690,2.49,2.5
2026/04/16 11:59:24,02007,碧桂园,COUNTRY GARDEN,,0.295,0.0,0.0,0.295,0.295,0.3,0.29,80134820,23587591,0.29,0.295
2026/04/16 10:53:50,02008,凤凰卫视,PHOENIX TV,,1.72,-0.07,-3.91062,1.79,1.73,1.73,1.71,61000,104940,1.72,1.77
2026/04/16 11:58:28,02009,金隅集团,BBMG,,0.78,-0.01,-1.26582,0.79,0.79,0.79,0.78,4416000,3447350,0.78,0.79
2026/04/16 11:59:49,02011,进腾集团,GILSTON GROUP,,1.2,0.0,0.0,1.2,0.0,0.0,0.0,0,0,1.01,1.36
2026/04/16 11:53:09,02012,阳光油砂,SUNSHINE OIL,,0.36,0.015,4.34783,0.345,0.35,0.36,0.35,2502400,889008,0.355,0.36
2026/04/16 11:59:56,02013,微盟集团,WEIMOB INC,,1.6,0.05,3.22581,1.55,1.57,1.6,1.55,28454500,45130437,1.59,1.6
2026/04/16 11:59:57,02015,理想汽车－Ｗ,LI AUTO-W,,71.5,0.6,0.84626,70.9,70.95,72.15,70.95,3647835,261226023,71.5,71.55
2026/04/16 11:59:48,02016,浙商银行,CZBANK,,2.43,0.0,0.0,2.43,2.43,2.44,2.42,2065000,5024664,2.43,2.44
2026/04/16 11:10:57,02017,沧海控股,CHANHIGH,,0.209,0.0,0.0,0.209,0.209,0.209,0.209,60000,12540,0.208,0.209
2026/04/16 11:58:57,02018,瑞声科技,AAC TECH,,36.32,0.28,0.77692,36.04,36.1,36.48,36.02,985048,35687256,36.32,36.34
2026/04/16 11:59:50,02020,安踏体育,ANTA SPORTS,,84.45,0.7,0.83582,83.75,84.9,84.9,83.85,2970090,250238898,84.4,84.45
2026/04/16 10:05:46,02022,游莱互动,DIGIT HOLLYWOOD,,0.048,0.0,0.0,0.048,0.0,0.0,0.0,0,0,0.045,0.049
2026/04/16 11:23:41,02023,中国绿岛科技,CHINA LUDAO,,0.73,-0.01,-1.35135,0.74,0.72,0.74,0.69,156000,111120,0.7,0.73
2026/04/16 11:38:51,02025,瑞丰动力,RUIFENG POWER,,10.98,0.14,1.29151,10.84,11.09,11.09,10.92,200000,2206240,0.0,11.0
2026/04/16 11:59:21,02026,小马智行－Ｗ,PONY-W,,88.35,8.3,10.36852,80.05,85.05,88.65,85.05,420400,36558205,88.35,88.5
2026/04/16 11:59:27,02028,映美控股,JOLIMARK,,0.119,0.0,0.0,0.119,0.0,0.0,0.0,0,0,0.119,0.138
2026/04/16 09:35:23,02030,卡宾,CABBEEN,,1.31,0.0,0.0,1.31,0.0,0.0,0.0,0,0,1.31,1.32
2026/04/16 11:11:51,02031,澳至尊,AUSUPREME,,0.34,-0.015,-4.22535,0.355,0.345,0.345,0.335,290000,97550,0.335,0.345
2026/04/16 11:50:05,02033,时计宝,TIME WATCH,,0.29,0.0,0.0,0.29,0.0,0.0,0.0,0,0,0.285,0.3
2026/04/16 11:53:13,02038,富智康集团,FIH,,21.18,0.06,0.28409,21.12,21.36,21.5,20.88,217912,4617193,21.1,21.2
2026/04/16 11:59:47,02039,中集集团,CIMC,,10.86,0.0,0.0,10.86,10.84,11.05,10.74,659100,7146213,10.85,10.86
2026/04/16 10:59:13,02048,易居企业控股,E-HOUSE ENT,,0.063,0.0,0.0,0.063,0.0,0.0,0.0,0,0,0.058,0.063
2026/04/16 11:59:50,02050,三花智控,SANHUA,,31.54,0.5,1.61083,31.04,31.72,32.74,31.4,7843644,249795408,31.5,31.54
2026/04/16 11:33:25,02051,VALA,VALA,,0.66,0.01,1.53846,0.65,0.66,0.66,0.65,1050000,685000,0.64,0.66
2026/04/16 11:59:33,02057,中通快递－Ｗ,ZTO EXPRESS-W,,198.2,-1.2,-0.60181,199.4,200.2,204.8,198.2,690981,137738319,198.2,198.3
2026/04/16 11:57:33,02068,中铝国际,CHALIECO,,2.65,0.0,0.0,2.65,2.67,2.67,2.64,4765000,12654420,2.64,2.65
2026/04/16 11:55:20,02076,ＢＯＳＳ直聘－Ｗ,BOSS ZHIPIN-W,,55.55,3.15,6.01145,52.4,54.7,55.7,54.65,97836,5380341,55.45,55.5
2026/04/16 11:59:29,02078,荣阳实业,PANASIALUM,,0.129,-0.001,-0.76923,0.13,0.115,0.129,0.115,12000,1408,0.114,0.13
2026/04/16 11:21:30,02080,奥克斯国际,AUX INTL,,0.255,0.0,0.0,0.255,0.25,0.255,0.25,42000,10510,0.25,0.255
2026/04/16 11:59:17,02086,高维科技,LEADWAY TECH,,0.405,0.0,0.0,0.405,0.0,0.0,0.0,0,0,0.3,0.48
2026/04/16 08:55:00,02088,西王置业,XIWANG PROPERTY,,0.038,0.0,0.0,0.038,0.0,0.0,0.0,0,0,0.0,0.0
2026/04/16 11:59:49,02096,先声药业,SIMCERE PHARMA,,13.71,-0.26,-1.86113,13.97,13.98,13.98,13.64,2292000,31600842,13.7,13.75
2026/04/16 11:59:51,02097,蜜雪集团,MIXUE GROUP,,291.2,3.4,1.18138,287.8,292.0,292.8,286.4,191800,55533429,291.0,291.20001
2026/04/16 11:36:35,02098,卓尔智联,ZALL SMARTCOM,,0.1,-0.001,-0.9901,0.101,0.1,0.1,0.1,299000,29900,0.1,0.102
2026/04/16 11:59:17,02099,中国黄金国际,CHINAGOLDINTL,,191.1,3.1,1.64894,188.0,188.0,191.7,186.6,503345,95136322,191.0,191.39999
2026/04/16 11:57:56,02100,百奥家庭互动,BAIOO,,0.51,0.0,0.0,0.51,0.51,0.52,0.5,4356000,2232520,0.51,0.52
2026/04/16 11:16:16,02101,福禄控股,FULU HOLDINGS,,1.18,0.0,0.0,1.18,0.0,0.0,0.0,0,0,1.18,1.28
2026/04/16 11:50:36,02102,德利机械,TAK LEE MACH,,0.295,0.0,0.0,0.295,0.295,0.295,0.295,60000,17700,0.295,0.3
2026/04/16 11:57:28,02105,来凯医药－Ｂ,LAEKNA-B,,17.71,0.21,1.2,17.5,17.85,18.26,17.22,1567000,27891187,17.68,17.72
2026/04/16 11:50:23,02107,第一服务控股,FIRST SERVICE,,0.165,-0.021,-11.29032,0.186,0.184,0.184,0.165,210000,36347,0.167,0.176
2026/04/16 11:51:17,02108,K2 F&B,K2 F&B,,0.42,-0.005,-1.17647,0.425,0.425,0.47,0.42,260000,116500,0.42,0.465
2026/04/16 11:59:01,02110,天成控股,TIAN CHENG HLDG,,0.15,0.045,42.85714,0.105,0.12,0.185,0.12,89599000,14398974,0.151,0.154
2026/04/16 11:37:33,02111,超盈国际控股,BEST PACIFIC,,2.88,0.0,0.0,2.88,2.89,2.89,2.85,98000,280260,2.86,2.88
2026/04/16 11:56:48,02112,恩典生命科技,GRACE LIFE-TECH,,0.078,-0.005,-6.0241,0.083,0.078,0.083,0.077,2108000,165062,0.079,0.082
2026/04/16 10:09:36,02113,世纪集团国际,CENTURY GP INTL,,0.063,0.0,0.0,0.063,0.0,0.0,0.0,0,0,0.058,0.069
2026/04/16 11:42:42,02116,江苏创新,JS INNOV,,0.66,-0.03,-4.34783,0.69,0.69,0.69,0.66,78000,52020,0.68,0.69
2026/04/16 09:00:38,02119,捷荣国际控股,TSIT WING INTL,,0.49,0.0,0.0,0.49,0.0,0.0,0.0,0,0,0.49,0.5
2026/04/16 11:59:22,02120,康宁医院,KN HOSPITAL,,9.0,0.0,0.0,9.0,9.0,9.0,9.0,100,900,9.0,9.3
2026/04/16 11:59:24,02121,创新奇智,AINNOVATION,,4.81,-0.06,-1.23203,4.87,5.05,5.05,4.78,1022000,4934257,4.81,4.83
2026/04/16 11:56:14,02122,凯知乐国际,KIDSLAND INTL,,0.145,0.0,0.0,0.145,0.145,0.154,0.139,1020000,145624,0.14,0.146
2026/04/16 10:54:09,02125,稻草熊娱乐,STRAWBEAR ENT,,0.35,0.0,0.0,0.35,0.35,0.35,0.345,698000,244135,0.345,0.35
2026/04/16 11:58:55,02126,药明巨诺－Ｂ,JW THERAP-B,,2.45,0.08,3.37553,2.37,2.37,2.5,2.3,1610500,3929645,2.44,2.48
2026/04/16 08:55:00,02127,汇森股份,HUISEN SHARES,,0.02,0.0,0.0,0.02,0.0,0.0,0.0,0,0,0.0,0.0
2026/04/16 11:59:52,02128,中国联塑,CHINA LESSO,,4.8,-0.02,-0.41494,4.82,4.76,4.86,4.73,6439000,30704970,4.79,4.8
2026/04/16 11:59:25,02129,LEGION CONSO,LEGION CONSO,,0.152,-0.009,-5.59006,0.161,0.153,0.155,0.152,425000,65085,0.151,0.158
2026/04/16 11:56:04,02130,嘉泓物流,CN LOGISTICS,,3.27,0.04,1.23839,3.23,3.27,3.27,3.23,13000,42610,3.24,3.27
2026/04/16 08:55:00,02131,云想科技,NETJOY,,0.455,0.0,0.0,0.455,0.0,0.0,0.0,0,0,0.0,0.0
2026/04/16 10:22:12,02132,誉燊丰控股,LANDRICH HLDG,,0.137,0.0,0.0,0.137,0.0,0.0,0.0,0,0,0.137,0.149
2026/04/16 11:17:31,02135,瑞丽医美,RAILY AESMED,,0.145,-0.002,-1.36054,0.147,0.145,0.145,0.145,22000,3170,0.14,0.147
2026/04/16 11:55:36,02136,利福中国,LIFESTYLE CHI,,0.64,-0.01,-1.53846,0.65,0.65,0.65,0.64,85000,54405,0.64,0.66
2026/04/16 11:57:55,02137,腾盛博药－Ｂ,BRII-B,,1.42,0.0,0.0,1.42,1.42,1.44,1.42,306000,436690,1.42,1.44
2026/04/16 10:47:24,02138,医思健康,EC HEALTHCARE,,0.47,0.0,0.0,0.47,0.475,0.475,0.47,90000,42465,0.47,0.475
2026/04/16 11:54:08,02139,甘肃银行,BANK OF GANSU,,0.335,-0.005,-1.47059,0.34,0.34,0.34,0.33,4519000,1514150,0.33,0.335
2026/04/16 11:59:44,02142,和铂医药－Ｂ,HBM HOLDINGS-B,,14.31,-0.17,-1.17403,14.48,14.52,14.59,14.21,1500000,21589432,14.31,14.36
2026/04/16 11:59:57,02145,上美股份,CHICMAX,,47.18,0.24,0.51129,46.94,47.76,48.0,46.82,345000,16347867,47.14,47.18
2026/04/16 11:59:34,02146,荣万家,ROISERV,,1.18,0.0,0.0,1.18,0.0,0.0,0.0,0,0,1.06,1.28
2026/04/16 10:19:48,02147,正味集团,ZHENGWEI GROUP,,0.6,0.0,0.0,0.6,0.0,0.0,0.0,0,0,0.52,0.6
2026/04/16 11:59:17,02149,贝克微,BATELAB,,34.4,0.0,0.0,34.4,34.4,34.4,34.4,7300,251120,33.56,34.78
2026/04/16 11:54:59,02150,奈雪的茶,NAYUKI,,0.82,0.03,3.79747,0.79,0.79,0.82,0.79,415000,335485,0.81,0.82
2026/04/16 11:29:38,02152,苏新服务,SUXIN SERVICES,,4.72,0.02,0.42553,4.7,4.72,4.72,4.72,8000,37760,4.68,4.72
2026/04/16 10:33:12,02153,达丰设备,TAT HONG EQUIP,,0.89,0.0,0.0,0.89,0.0,0.0,0.0,0,0,0.89,0.94
2026/04/16 11:59:33,02155,森松国际,MORIMATSU INTL,,6.89,-0.03,-0.43353,6.92,7.0,7.02,6.75,2125442,14581566,6.89,6.91
2026/04/16 11:51:46,02156,建发物业,C&D PROPERTY,,2.88,0.03,1.05263,2.85,2.86,2.91,2.81,384000,1109540,2.88,2.91
2026/04/16 11:59:46,02157,乐普生物－Ｂ,LEPU BIO-B,,6.35,0.15,2.41936,6.2,6.2,6.45,6.14,11704000,73681500,6.34,6.37
2026/04/16 11:59:33,02158,医渡科技,YIDU TECH,,5.7,0.08,1.42349,5.62,5.7,5.74,5.62,2720700,15471245,5.7,5.71
2026/04/16 11:25:35,02159,麦迪卫康,MEDIWELCOME,,1.49,-0.01,-0.66667,1.5,1.5,1.5,1.49,104000,155040,1.49,1.58
2026/04/16 11:53:03,02160,微创心通－Ｂ,MP CARDIOFLOW-B,,3.1,0.08,2.64901,3.02,3.02,3.1,2.97,488600,1473520,3.09,3.12
2026/04/16 11:24:03,02161,健倍苗苗,JBM HEALTHCARE,,2.64,0.0,0.0,2.64,2.65,2.65,2.64,27518,72811,2.63,2.65
2026/04/16 11:59:56,02162,康诺亚－Ｂ,KEYMED BIO-B,,80.05,0.75,0.94578,79.3,79.3,81.85,78.05,1367807,109862443,79.95,80.0
2026/04/16 08:55:00,02163,远大住工,BROAD HOMES,,0.6,0.0,0.0,0.6,0.0,0.0,0.0,0,0,0.0,0.0
2026/04/16 11:22:08,02165,领悦服务集团,LING YUE SER GP,,1.74,0.0,0.0,1.74,0.0,0.0,0.0,0,0,1.69,1.74
2026/04/16 11:41:50,02166,芯智控股,SMART-CORE,,2.81,0.0,0.0,2.81,2.77,2.82,2.77,68000,190460,2.78,2.82
2026/04/16 11:26:38,02167,天润云,TI CLOUD,,3.57,0.07,2.0,3.5,3.5,3.57,3.5,1200,4270,3.57,3.62
2026/04/16 11:59:24,02168,佳兆业美好,KAISA PROSPER,,1.07,-0.01,-0.92593,1.08,1.07,1.07,1.07,11250,12037,1.08,1.12
2026/04/16 11:26:25,02169,沧港铁路,CANGGANGRAILWAY,,0.57,-0.01,-1.72414,0.58,0.57,0.59,0.57,166000,96120,0.57,0.58
2026/04/16 11:52:02,02170,贝康医疗－Ｂ,BASECARE-B,,1.98,0.0,0.0,1.98,0.0,0.0,0.0,0,0,1.95,1.98
2026/04/16 11:59:55,02171,科济药业－Ｂ,CARSGEN-B,,24.3,2.3,10.45455,22.0,22.18,24.98,22.0,6950100,165748476,24.3,24.38
2026/04/16 11:59:52,02172,微创脑科学,MICROPORT NEURO,,11.2,0.01,0.08937,11.19,11.16,11.21,11.04,1016000,11290010,11.2,11.21
2026/04/16 11:33:46,02175,中国通才教育,CH GENERAL EDU,,3.22,-0.08,-2.42424,3.3,3.47,3.47,3.02,220000,719700,3.1,3.22
2026/04/16 11:03:56,02176,赛迪顾问,CCID CONSULTING,,0.97,0.0,0.0,0.97,0.97,0.97,0.97,20000,19400,0.96,0.98
2026/04/16 11:43:07,02177,优趣汇控股,UNQ HOLDINGS,,2.68,0.13,5.09804,2.55,2.68,2.68,2.68,12800,34304,2.6,2.65
2026/04/16 11:58:14,02178,百勤油服,PETRO-KING,,0.231,-0.003,-1.28205,0.234,0.235,0.235,0.228,1518000,349296,0.229,0.231
2026/04/16 09:30:05,02179,瑞科生物－Ｂ,RECBIO-B,,5.11,0.0,0.0,5.11,0.0,0.0,0.0,0,0,0.0,5.18
2026/04/16 11:59:35,02180,万宝盛华,MANPOWER GRC,,5.59,0.04,0.72072,5.55,5.59,5.59,5.59,3000,16770,5.65,5.74
2026/04/16 09:45:16,02181,迈博药业－Ｂ,MABPHARM-B,,0.435,0.0,0.0,0.435,0.435,0.435,0.435,20000,8610,0.435,0.445
2026/04/16 11:59:31,02182,天长集团,TIAN CHANG GP,,0.32,0.0,0.0,0.32,0.0,0.0,0.0,0,0,0.32,0.37
2026/04/16 11:58:53,02185,百心安－Ｂ,BIOHEART-B,,4.57,0.36,8.55107,4.21,4.4,4.61,4.36,295600,1324186,4.57,4.59
2026/04/16 12:30:00,02186,绿叶制药,LUYE PHARMA,,2.97,-0.06,-1.9802,3.03,3.04,3.04,2.93,16825500,49848057,2.95,2.97
2026/04/16 11:25:42,02187,智欣集团控股,ZHIXIN GP HLDG,,0.85,0.01,1.19048,0.84,0.87,0.87,0.85,6000,5160,0.84,0.85
2026/04/16 11:22:29,02188,泰坦能源技术,TITANS ENERGY,,0.13,0.001,0.77519,0.129,0.13,0.13,0.13,32000,4160,0.126,0.13
2026/04/16 10:03:49,02189,嘉涛（香港）控股,KATO (HK) HLDGS,,0.48,0.0,0.0,0.48,0.48,0.48,0.465,102993,49316,0.465,0.48
2026/04/16 11:58:36,02190,归创通桥,ZYLOXTB,,23.76,-0.44,-1.81818,24.2,24.16,24.3,23.56,234500,5581500,23.76,23.9
2026/04/16 11:57:07,02192,医脉通,MEDLIVE,,9.19,0.17,1.8847,9.02,9.1,9.3,9.02,1534000,14140655,9.19,9.24
2026/04/16 11:48:49,02193,万景控股,MAN KING HOLD,,0.34,0.0,0.0,0.34,0.32,0.34,0.32,120000,39420,0.325,0.345
2026/04/16 11:10:18,02195,盈汇企业控股,UNITY ENT,,0.335,-0.025,-6.94444,0.36,0.35,0.35,0.315,411400,135560,0.315,0.335
2026/04/16 11:58:55,02196,复星医药,FOSUN PHARMA,,20.28,-0.42,-2.02899,20.7,20.7,20.76,20.22,1671538,34061989,20.28,20.3
2026/04/16 11:58:26,02197,三叶草生物－Ｂ,CLOVER BIO-B,,2.98,-0.12,-3.87097,3.1,3.1,3.1,2.95,2852000,8527460,2.96,2.98
2026/04/16 11:58:15,02198,中国三江化工,CHINA SANJIANG,,5.13,-0.05,-0.96525,5.18,5.18,5.2,5.02,4274000,21798460,5.11,5.16
2026/04/16 11:53:13,02199,维珍妮,REGINA MIRACLE,,2.0,0.0,0.0,2.0,2.0,2.0,1.98,106000,211650,1.98,2.02
2026/04/16 11:58:38,02202,万科企业,CHINA VANKE,,3.03,0.03,1.0,3.0,3.01,3.05,3.0,4460000,13480984,3.02,3.03
2026/04/16 11:59:33,02203,脑洞科技,BRAINHOLE TECH,,0.167,0.004,2.45399,0.163,0.166,0.167,0.166,170000,28370,0.17,0.175
2026/04/16 10:36:38,02205,康桥悦生活,KANGQIAO SER,,1.17,0.0,0.0,1.17,0.0,0.0,0.0,0,0,1.01,1.17
2026/04/16 11:59:59,02208,金风科技,GOLDWIND,,14.97,0.0,0.0,14.97,15.2,15.4,14.93,15058410,227603010,14.97,14.99
2026/04/16 11:58:26,02209,喆丽控股,YESASIA HLDGS,,3.4,-0.13,-3.68272,3.53,3.53,3.53,3.37,186000,642910,3.38,3.42
2026/04/16 10:36:07,02210,京城佳业,BEIJING JIAYE,,2.52,0.14,5.88235,2.38,2.49,2.52,2.49,268400,690016,2.39,2.52
2026/04/16 11:53:51,02211,大健康国际,UNI HEALTH,,0.56,0.02,3.7037,0.54,0.54,0.56,0.54,30000,16400,0.55,0.56
2026/04/16 11:59:15,02212,高鹏矿业,FB MINING,,0.16,0.0,0.0,0.16,0.0,0.0,0.0,0,0,0.147,0.175
2026/04/16 09:12:46,02215,德信服务集团,DEXIN SER GROUP,,0.28,0.0,0.0,0.28,0.0,0.0,0.0,0,0,0.26,0.285
2026/04/16 11:58:10,02216,堃博医疗－Ｂ,BRONCUS-B,,1.42,0.05,3.64964,1.37,1.36,1.42,1.36,1000,1390,1.36,1.4
2026/04/16 11:56:24,02218,安德利果汁,ANDRE JUICE,,16.29,0.56,3.56008,15.73,15.73,16.36,15.73,780500,12608945,16.25,16.28
2026/04/16 11:50:57,02219,朝聚眼科,CHAOJU EYE CARE,,2.83,-0.02,-0.70175,2.85,2.84,2.85,2.82,64000,181485,2.82,2.85
2026/04/16 11:48:32,02221,创业集团控股,NEW CONCEPTS,,0.95,0.0,0.0,0.95,0.95,0.95,0.95,13200,12492,0.94,0.95
2026/04/16 10:07:50,02222,雷士国际,NVC INTL,,0.65,0.0,0.0,0.65,0.0,0.0,0.0,0,0,0.64,0.67
2026/04/16 11:59:24,02223,卡撒天娇,CASABLANCA,,0.95,-0.03,-3.06122,0.98,0.97,0.97,0.95,28000,26800,0.95,0.98
2026/04/16 11:58:09,02225,今海医疗科技,JINHAI MED TECH,,3.22,0.39,13.78092,2.83,2.84,3.29,2.84,7690000,24247175,3.21,3.24
2026/04/16 09:30:10,02226,老恒和酿造,HONWORLD GP,,0.42,0.0,0.0,0.42,0.0,0.0,0.0,0,0,0.4,0.42
2026/04/16 11:59:22,02227,守益控股,SOLIS HOLDINGS,,0.31,0.0,0.0,0.31,0.0,0.0,0.0,0,0,0.29,0.33
2026/04/16 11:59:00,02228,晶泰控股,XTALPI,,10.26,0.13,1.28332,10.13,10.26,10.37,10.08,28452070,291158236,10.26,10.27
2026/04/16 11:58:45,02230,羚邦集团,MEDIALINK GROUP,,0.233,0.003,1.30435,0.23,0.23,0.235,0.23,430000,99940,0.233,0.235
2026/04/16 11:24:41,02231,景业名邦集团,JY GRANDMARK,,0.038,0.001,2.7027,0.037,0.037,0.038,0.037,532000,19966,0.037,0.038
2026/04/16 11:57:08,02232,晶苑国际,CRYSTAL INTL,,6.27,0.06,0.96618,6.21,6.21,6.33,6.2,305000,1912874,6.27,6.29
2026/04/16 11:57:38,02233,西部水泥,WESTCHINACEMENT,,2.46,-0.03,-1.20482,2.49,2.49,2.52,2.45,12740000,31533680,2.45,2.46
2026/04/16 11:52:55,02235,微泰医疗－Ｂ,MICROTECH MED-B,,7.48,0.05,0.67295,7.43,7.53,7.59,7.38,59700,446634,7.43,7.5
2026/04/16 11:53:06,02236,惠生工程,WISON ENGRG,,0.58,0.0,0.0,0.58,0.6,0.6,0.56,304200,174324,0.56,0.59
2026/04/16 11:51:41,02237,中国石墨,CHINA GRAPHITE,,0.305,0.0,0.0,0.305,0.305,0.31,0.305,450000,137400,0.305,0.31
2026/04/16 11:57:20,02238,广汽集团,GAC GROUP,,3.15,0.04,1.28617,3.11,3.12,3.16,3.12,4595200,14444208,3.14,3.15
2026/04/16 09:48:04,02239,国微控股,SMIT,,0.75,0.0,0.0,0.75,0.0,0.0,0.0,0,0,0.7,0.76
2026/04/16 11:59:46,02245,力勤资源,LYGEND RESOURCE,,14.76,-0.1,-0.67295,14.86,14.88,15.19,14.46,5324928,78633157,14.76,14.77
2026/04/16 11:59:08,02246,快狗打车,GOGOX,,1.9,-0.06,-3.06122,1.96,1.96,1.96,1.9,64000,122800,1.9,1.98
2026/04/16 11:11:48,02250,小黄鸭德盈,B.DUCK SEMK,,0.63,0.01,1.6129,0.62,0.63,0.64,0.63,75000,47260,0.61,0.64
2026/04/16 11:35:17,02251,鹰瞳科技－Ｂ,AIRDOC-B,,12.09,0.29,2.45763,11.8,12.1,12.3,11.96,4800,58504,11.9,12.0
2026/04/16 11:59:53,02252,微创机器人－Ｂ,MEDBOT-B,,34.6,2.14,6.59273,32.46,32.46,34.7,32.46,6111626,205488013,34.54,34.6
2026/04/16 11:25:17,02255,海昌海洋公园,HAICHANG HLDG,,0.48,0.0,0.0,0.48,0.485,0.485,0.475,4355000,2082010,0.475,0.48
2026/04/16 11:46:39,02256,和誉－Ｂ,ABBISKO-B,,13.54,0.0,0.0,13.54,13.8,13.8,13.31,301000,4070290,13.52,13.56
2026/04/16 11:43:11,02257,圣诺医药－Ｂ,SIRNAOMICS-B,,7.63,-0.15,-1.92802,7.78,7.78,7.78,7.27,165450,1251730,7.51,7.64
2026/04/16 11:59:32,02258,华滋国际海洋,WATTS INT'L,,0.189,0.0,0.0,0.189,0.0,0.0,0.0,0,0,0.187,0.21
2026/04/16 11:59:53,02259,紫金黄金国际,ZIJIN GOLD INTL,,181.4,2.2,1.22768,179.2,182.5,182.5,176.1,1380743,246787783,181.10001,181.39999
2026/04/16 10:26:13,02260,环龙控股,VANOV HOLDINGS,,1.21,0.0,0.0,1.21,0.0,0.0,0.0,0,0,1.21,1.38
2026/04/16 09:00:46,02262,梁志天设计集团,SLD GROUP,,0.76,0.0,0.0,0.76,0.0,0.0,0.0,0,0,0.76,0.8
2026/04/16 11:59:34,02263,富石金融,FU SHEK FIN,,0.4,0.09,29.03226,0.31,0.32,0.435,0.32,15790000,6127500,0.4,0.41
2026/04/16 11:23:57,02265,鸿承环保科技,HC ENV TECH,,1.42,-0.08,-5.33333,1.5,1.5,1.5,1.42,200000,290000,1.4,1.47
2026/04/16 09:31:07,02266,黎氏企业,LAI SI ENT,,0.39,0.0,0.0,0.39,0.0,0.0,0.0,0,0,0.38,0.39
2026/04/16 11:59:50,02268,药明合联,WUXI XDC,,64.35,0.35,0.54688,64.0,64.6,64.6,63.3,832512,53229303,64.3,64.35
2026/04/16 11:59:20,02269,药明生物,WUXI BIO,,37.46,0.46,1.24324,37.0,37.38,37.72,36.8,10157039,378464285,37.46,37.48
2026/04/16 12:00:00,02270,德商产投服务,DESUN SERVICES,,4.12,-0.04,-0.96154,4.16,4.1,4.12,4.1,4000,16440,3.51,4.12
2026/04/16 10:24:33,02271,众安智慧生活,ZHONGAN SERVICE,,2.85,-0.02,-0.69686,2.87,2.85,2.85,2.85,26000,74180,2.85,2.87
2026/04/16 11:59:37,02273,固生堂,GUSHENGTANG,,27.7,-0.28,-1.00072,27.98,28.08,28.08,27.5,316300,8769854,27.7,27.84
2026/04/16 11:59:53,02276,康耐特光学,CONANT OPTICAL,,46.6,-0.48,-1.01954,47.08,47.08,47.98,45.8,626100,29020205,46.56,46.6
2026/04/16 11:59:06,02279,雍禾医疗,YONGHE MEDICAL,,2.11,0.02,0.95694,2.09,2.09,2.12,2.05,227500,472655,2.09,2.11
2026/04/16 08:55:00,02280,慧聪集团,HC GROUP,,0.206,0.0,0.0,0.206,0.0,0.0,0.0,0,0,0.0,0.0
2026/04/16 10:51:35,02281,兴泸水务,XINGLU WATER,,0.71,0.02,2.89855,0.69,0.69,0.71,0.69,16000,11080,0.68,0.71
2026/04/16 11:59:39,02282,美高梅中国,MGM CHINA,,11.34,0.28,2.53165,11.06,11.08,11.36,11.08,2874800,32307924,11.34,11.35
2026/04/16 11:36:56,02283,东江集团控股,TK GROUP HLDG,,2.37,0.01,0.42373,2.36,2.34,2.37,2.34,342000,802300,2.36,2.38
2026/04/16 11:59:28,02285,泉峰控股,CHERVON,,17.21,-0.06,-0.34742,17.27,17.26,17.36,16.91,405300,6952947,17.18,17.22
2026/04/16 11:38:36,02286,辰兴发展,CHEN XING,,0.172,0.002,1.17647,0.17,0.136,0.175,0.136,27000,4302,0.15,0.172
2026/04/16 11:16:02,02288,宏基资本,RYKADAN CAPITAL,,0.153,-0.003,-1.92308,0.156,0.152,0.153,0.146,421000,64386,0.156,0.157
2026/04/16 09:01:28,02289,创美药业,CHARMACY PHAR,,5.82,0.0,0.0,5.82,0.0,0.0,0.0,0,0,5.34,0.0
2026/04/16 11:56:24,02291,心泰医疗,SCIENTECH,,13.02,0.07,0.54054,12.95,12.83,13.03,12.83,164000,2119420,12.98,13.07
2026/04/16 11:59:14,02293,百本医护,BAMBOOSHEALTH,,0.4,0.0,0.0,0.4,0.0,0.0,0.0,0,0,0.4,0.45
2026/04/16 10:14:54,02295,丰城控股,MAXICITY,,2.2,0.0,0.0,2.2,0.0,0.0,0.0,0,0,2.03,2.2
2026/04/16 11:55:32,02297,润迈德－Ｂ,RAINMED-B,,0.275,0.005,1.85185,0.27,0.27,0.275,0.27,795000,218505,0.27,0.28
2026/04/16 11:41:27,02298,都市丽人,COSMO LADY,,0.39,0.02,5.40541,0.37,0.37,0.39,0.375,8132000,3102380,0.385,0.39
2026/04/16 11:32:30,02299,百宏实业,BILLION IND,,4.77,-0.03,-0.625,4.8,4.77,4.77,4.77,2000,9540,4.75,4.88
2026/04/16 11:57:49,02302,中核国际,CNNC INT'L,,6.34,0.33,5.49085,6.01,6.09,6.37,6.09,897000,5642330,6.32,6.35
2026/04/16 11:59:22,02306,乐华娱乐,YH ENT,,2.08,0.04,1.96078,2.04,2.08,2.12,2.05,1230000,2542710,2.03,2.08
2026/04/16 11:14:08,02307,锦兴国际控股,KAM HING INT'L,,0.239,0.0,0.0,0.239,0.0,0.0,0.0,0,0,0.236,0.239
2026/04/16 12:31:42,02309,大象未来集团,ZO FUTURE GROUP,,2.25,0.0,0.0,2.25,2.26,2.29,2.25,1404000,3177160,2.22,2.31
2026/04/16 09:44:49,02310,时代环球集团,TIMES UNI GP,,0.084,0.0,0.0,0.084,0.0,0.0,0.0,0,0,0.076,0.085
2026/04/16 11:59:24,02312,ＬＯＮＧ投资集团,LONG INV CORP,,0.63,0.0,0.0,0.63,0.65,0.65,0.63,60000,38300,0.63,0.65
2026/04/16 11:59:45,02313,申洲国际,SHENZHOU INTL,,47.28,0.3,0.63857,46.98,47.22,47.52,47.1,3492900,165010371,47.26,47.28
2026/04/16 11:59:57,02314,理文造纸,LEE & MAN PAPER,,3.36,-0.06,-1.75439,3.42,3.45,3.45,3.35,1582000,5338970,3.36,3.37
2026/04/16 11:58:50,02315,百奥赛图－Ｂ,BIOCYTOGEN-B,,60.0,-1.1,-1.80033,61.1,62.35,62.35,59.15,458500,27613875,60.0,60.1
2026/04/16 10:22:00,02317,味丹国际,VEDAN INT'L,,0.8,0.0,0.0,0.8,0.0,0.0,0.0,0,0,0.79,0.82
2026/04/16 11:59:57,02318,中国平安,PING AN,,62.7,0.15,0.23981,62.55,62.55,63.05,62.3,11382530,713344121,62.65,62.7
2026/04/16 11:59:56,02319,蒙牛乳业,MENGNIU DAIRY,,16.8,-0.25,-1.46628,17.05,17.41,17.41,16.72,11944111,201746848,16.79,16.8
2026/04/16 11:59:27,02320,合丰集团,HOP FUNG GROUP,,0.082,0.0,0.0,0.082,0.0,0.0,0.0,0,0,0.069,0.096
2026/04/16 11:42:04,02321,双财庄,SWANGCHAICHUAN,,0.51,0.0,0.0,0.51,0.51,0.51,0.51,45000,22950,0.51,0.52
2026/04/16 09:30:45,02322,新质数字,MODERN INNO DT,,0.091,0.0,0.0,0.091,0.0,0.0,0.0,0,0,0.088,0.091
2026/04/16 08:55:00,02323,融科控股,RENCO HOLDINGS,,0.019,0.0,0.0,0.019,0.0,0.0,0.0,0,0,0.0,0.0
2026/04/16 11:54:20,02324,首都创投,CAPITAL VC,,0.12,-0.003,-2.43902,0.123,0.12,0.12,0.12,200000,24000,0.116,0.123
2026/04/16 11:41:38,02325,云康集团,YUNKANG GROUP,,0.81,0.01,1.25,0.8,0.8,0.81,0.8,11000,8800,0.8,0.87
2026/04/16 08:59:58,02326,新源万恒控股,NPE HOLDINGS,,0.01,0.0,0.0,0.01,0.0,0.0,0.0,0,0,0.0,0.01
2026/04/16 11:26:04,02327,美瑞健康国际,MEILLEUREHEALTH,,0.28,0.0,0.0,0.28,0.28,0.28,0.28,120000,33600,0.255,0.27
2026/04/16 11:59:56,02328,中国财险,PICC P&C,,14.7,-0.03,-0.20367,14.73,14.66,14.81,14.63,15104534,221818987,14.7,14.71
2026/04/16 11:57:13,02329,国瑞健康,GLORY HEALTH,,0.09,-0.005,-5.26316,0.095,0.09,0.09,0.089,303000,27267,0.088,0.094
2026/04/16 09:55:45,02330,中国上城,CHINA UPTOWN,,0.37,0.0,0.0,0.37,0.0,0.0,0.0,0,0,0.37,0.38
2026/04/16 11:59:56,02331,李宁,LI NING,,21.1,0.08,0.38059,21.02,21.02,21.18,20.92,8154500,171523245,21.1,21.12
2026/04/16 11:59:49,02333,长城汽车,GWMOTOR,,13.25,-0.06,-0.45079,13.31,13.3,13.64,13.2,8178826,109237140,13.25,13.26
2026/04/16 11:59:27,02336,硕奥国际,SHUOAO INTL,,0.232,0.0,0.0,0.232,0.0,0.0,0.0,0,0,0.211,0.24
2026/04/16 11:44:41,02337,众诚能源,UNITED STRENGTH,,1.17,-0.07,-5.64516,1.24,1.24,1.27,1.15,82000,99540,1.15,1.17
2026/04/16 11:59:36,02338,潍柴动力,WEICHAI POWER,,32.18,-0.12,-0.37152,32.3,33.14,33.14,31.66,7003230,224594471,32.18,32.22
2026/04/16 08:55:00,02339,京西国际,BWI INT'L,,4.48,0.0,0.0,4.48,0.0,0.0,0.0,0,0,0.0,0.0
2026/04/16 11:59:30,02340,昇柏控股,ISP HOLDINGS,,0.172,0.0,0.0,0.172,0.0,0.0,0.0,0,0,0.157,0.174
2026/04/16 11:53:52,02342,京信通信,COMBA,,1.51,0.01,0.66667,1.5,1.51,1.52,1.49,1918000,2879140,1.5,1.51
2026/04/16 11:56:57,02343,太平洋航运,PACIFIC BASIN,,2.92,0.0,0.0,2.92,2.94,2.95,2.89,1543000,4492154,2.91,2.93
2026/04/16 11:06:05,02347,友和集团,YOHO GROUP,,0.7,0.0,0.0,0.7,0.7,0.7,0.7,4000,2800,0.66,0.7
2026/04/16 11:15:08,02348,东瑞制药,DAWNRAYS PHARMA,,1.11,0.0,0.0,1.11,1.11,1.11,1.11,48000,53280,1.11,1.13
2026/04/16 11:20:19,02349,中国城市基础设施,CH CITY INFRA,,0.1,0.0,0.0,0.1,0.1,0.1,0.1,12000,1200,0.091,0.1
2026/04/16 11:51:02,02350,数科集团,MTT GROUP,,0.85,0.02,2.40964,0.83,0.83,0.85,0.83,485000,406250,0.85,0.86
2026/04/16 09:00:00,02352,东原仁知服务,DOWELL SERVICE,,4.1,0.0,0.0,4.1,0.0,0.0,0.0,0,0,0.0,4.59
2026/04/16 11:57:05,02355,宝业集团,BAOYE GROUP,,3.94,0.0,0.0,3.94,0.0,0.0,0.0,0,0,3.9,3.99
2026/04/16 11:58:52,02356,大新银行集团,DAHSING BANKING,,12.52,-0.1,-0.79239,12.62,12.69,12.69,12.51,350000,4394466,12.52,12.54
2026/04/16 11:59:24,02357,中航科工,AVICHINA,,3.57,0.02,0.56338,3.55,3.57,3.58,3.53,6755000,23992180,3.56,3.57
2026/04/16 11:59:55,02358,久融控股,JIU RONG HOLD,,0.013,0.002,18.18182,0.011,0.012,0.013,0.011,22490000,274430,0.011,0.013
2026/04/16 11:59:50,02359,药明康德,WUXI APPTEC,,131.1,0.7,0.53681,130.4,131.5,132.0,129.9,1674883,219216020,131.0,131.2
2026/04/16 11:52:07,02360,优品３６０,BEST MART 360,,1.77,-0.02,-1.11732,1.79,1.8,1.8,1.76,564000,1002840,1.77,1.78
2026/04/16 11:21:15,02361,中康科技控股,SINOHEALTH TECH,,5.08,0.0,0.0,5.08,0.0,0.0,0.0,0,0,4.9,5.08
2026/04/16 08:55:00,02362,金川国际,JINCHUAN INTL,,0.64,0.0,0.0,0.64,0.0,0.0,0.0,0,0,0.0,0.0
2026/04/16 09:30:11,02363,通达宏泰,TONGDA HONG TAI,,0.315,0.0,0.0,0.315,0.0,0.0,0.0,0,0,0.315,0.36
2026/04/16 11:59:45,02367,巨子生物,GIANT BIOGENE,,29.08,0.54,1.89208,28.54,28.86,29.2,28.6,2003600,57997020,29.06,29.08
2026/04/16 11:43:36,02368,鹰美,EAGLE NICE,,3.1,0.0,0.0,3.1,3.1,3.1,3.1,4000,12400,3.09,3.1
2026/04/16 11:30:48,02369,酷派集团,COOLPAD GROUP,,0.67,0.02,3.07692,0.65,0.68,0.68,0.67,621000,420588,0.67,0.68
2026/04/16 10:59:25,02370,力高健康生活,REDCO HEALTHY,,0.92,0.0,0.0,0.92,0.0,0.0,0.0,0,0,0.93,0.97
2026/04/16 11:38:06,02371,创联控股,CHUANGLIAN HOLD,,0.25,-0.005,-1.96078,0.255,0.27,0.275,0.24,512000,130376,0.25,0.265
2026/04/16 12:31:42,02372,伟立控股,WEILI HOLDINGS,,0.475,0.01,2.15054,0.465,0.465,0.475,0.445,52000,23840,0.44,0.475
2026/04/16 11:54:02,02373,美丽田园医疗健康,BEAUTYFARM MED,,21.58,1.08,5.26829,20.5,21.0,21.94,21.0,127500,2747590,21.52,21.58
2026/04/16 11:39:52,02376,鲁商服务,LUSHANGSERVICES,,1.7,-0.04,-2.29885,1.74,1.74,1.75,1.62,66000,111015,1.62,1.7
2026/04/16 11:32:26,02377,博奇环保,BOQI ENV,,0.96,0.0,0.0,0.96,0.0,0.0,0.0,0,0,0.97,0.98
2026/04/16 11:53:48,02378,保诚,PRU,,118.5,1.2,1.02302,117.3,118.4,118.9,117.3,27526,3259960,118.5,119.0
2026/04/16 11:59:28,02380,中国电力,CHINA POWER,,3.19,-0.02,-0.62305,3.21,3.21,3.23,3.18,14958000,47808610,3.18,3.19
2026/04/16 11:43:27,02381,蚬壳电业,SMC ELECTRIC,,0.15,0.004,2.73973,0.146,0.15,0.15,0.15,140000,21000,0.142,0.147
2026/04/16 11:59:55,02382,舜宇光学科技,SUNNY OPTICAL,,62.95,0.95,1.53226,62.0,62.5,63.1,62.2,2744691,172177150,62.9,62.95
2026/04/16 10:29:21,02383,ＴＯＭ集团,TOM GROUP,,0.39,0.0,0.0,0.39,0.39,0.39,0.39,24000,9360,0.39,0.395
2026/04/16 11:59:57,02385,读书郎,READBOY,,5.0,0.0,0.0,5.0,5.0,5.0,5.0,110000,550000,4.83,5.2
2026/04/16 11:59:53,02386,中石化炼化工程,SINOPEC SEG,,6.32,-0.03,-0.47244,6.35,6.33,6.35,6.2,3137000,19664315,6.32,6.33
2026/04/16 11:59:43,02388,中银香港,BOC HONG KONG,,43.72,-0.46,-1.0412,44.18,44.08,44.16,43.34,9035302,394022266,43.72,43.74
2026/04/16 11:28:08,02389,北京健康,BJ HEALTH,,0.063,-0.001,-1.5625,0.064,0.063,0.066,0.06,1680000,107394,0.064,0.066
2026/04/16 11:53:20,02390,知乎－Ｗ,ZHIHU-W,,9.22,0.48,5.49199,8.74,8.9,9.4,8.6,184800,1690507,9.18,9.28
2026/04/16 11:59:59,02391,涂鸦智能－Ｗ,TUYA-W,,18.6,0.34,1.86199,18.26,18.47,18.6,18.26,2600,47832,18.1,18.6
2026/04/16 11:50:03,02392,玄武云,XUANWU CLOUD,,1.44,0.0,0.0,1.44,1.44,1.44,1.44,115000,165600,1.37,1.45
2026/04/16 10:10:27,02393,巨星医疗控股,YESTAR HEALTH,,0.094,0.0,0.0,0.094,0.089,0.095,0.088,152500,14067,0.089,0.094
2026/04/16 11:59:22,02396,华芢生物－Ｂ,B&K CORP-B,,7.1,-0.04,-0.56022,7.14,7.33,7.49,7.1,68400,493078,7.11,7.29
2026/04/16 11:55:46,02399,中国安储能源,CN ANCHU ENERGY,,0.48,0.01,2.12766,0.47,0.48,0.495,0.46,4644000,2190455,0.475,0.48
2026/04/16 11:59:59,02400,心动公司,XD INC,,65.25,1.3,2.03284,63.95,64.2,65.8,64.15,1409341,91775319,65.2,65.25
2026/04/16 08:55:00,02402,亿华通,SINOHYTEC,,19.21,0.0,0.0,19.21,0.0,0.0,0.0,0,0,0.0,0.0
2026/04/16 11:59:22,02405,力盟科技,POWERWIN TECH,,0.67,0.0,0.0,0.67,0.67,0.67,0.67,84000,56280,0.67,0.73
2026/04/16 11:52:06,02407,高视医疗,GAUSH MEDITECH,,5.25,-0.05,-0.9434,5.3,5.4,5.43,5.23,28000,148762,5.25,5.4
2026/04/16 11:59:50,02408,遇见小面,XIAO NOODLES,,4.51,0.1,2.26757,4.41,4.41,4.52,4.41,93500,419060,4.5,4.54
2026/04/16 09:31:57,02409,洲际船务,SEACON,,4.14,0.0,0.0,4.14,0.0,0.0,0.0,0,0,4.03,4.13
2026/04/16 11:59:51,02410,同源康医药－Ｂ,TYK MEDICINES-B,,10.86,-0.17,-1.54125,11.03,11.11,11.11,10.82,1173000,12828875,10.86,10.93
2026/04/16 11:36:16,02411,百果园集团,PAGODA GP,,1.63,-0.05,-2.97619,1.68,1.64,1.66,1.61,242000,395485,1.63,1.65
2026/04/16 11:34:38,02415,梅斯健康,MEDSCI,,1.2,0.0,0.0,1.2,0.0,0.0,0.0,0,0,1.15,1.19
2026/04/16 12:31:42,02416,易点云,EDIANYUN,,3.47,0.32,10.15873,3.15,3.22,3.65,3.22,2134960,7486163,3.43,3.51
2026/04/16 11:51:39,02418,德银天下,DEEWIN,,2.82,-0.09,-3.09278,2.91,2.9,2.9,2.82,199500,564480,2.81,2.84
2026/04/16 11:59:49,02419,德康农牧,DEKON AGR,,72.2,-1.0,-1.36612,73.2,74.5,74.5,71.75,364000,26433740,72.15,72.3
2026/04/16 11:51:02,02420,子不语,ZIBUYU,,4.59,0.05,1.10132,4.54,4.46,4.6,4.46,149000,678020,4.58,4.6
2026/04/16 10:54:30,02421,嘉创地产,KRP DEVELOPMENT,,0.6,0.01,1.69492,0.59,0.6,0.6,0.6,2000,1200,0.55,0.59
2026/04/16 11:52:16,02422,润歌互动,REGO INTERACT,,1.65,-0.01,-0.60241,1.66,1.69,1.69,1.65,144000,238680,1.64,1.68
2026/04/16 11:59:59,02423,贝壳－Ｗ,BEKE-W,,42.06,-0.14,-0.33175,42.2,42.44,42.66,41.9,3406129,143660678,42.06,42.08
2026/04/16 11:59:22,02425,澳亚集团,AUSTASIA GROUP,,2.32,-0.01,-0.42919,2.33,2.32,2.32,2.32,1000,2320,2.2,2.39
2026/04/16 11:59:57,02427,GUANZE MEDICAL,GUANZE MEDICAL,,3.43,-0.05,-1.43678,3.48,3.47,3.47,3.41,55000,188850,3.41,3.47
2026/04/16 11:58:25,02429,友宝在线,UBOX ONLINE,,2.53,0.03,1.2,2.5,2.53,2.59,2.53,473000,1208230,2.53,2.55
2026/04/16 11:59:33,02431,佑驾创新,MINIEYE,,10.49,0.03,0.28681,10.46,10.7,10.7,10.27,2194344,22898575,10.49,10.51
2026/04/16 11:59:53,02432,越疆,DOBOT,,35.0,0.7,2.04082,34.3,34.46,35.4,34.46,1061400,37160760,35.0,35.02
2026/04/16 12:31:42,02433,中天湖南集团,ZT HN GROUP,,0.101,0.002,2.0202,0.099,0.099,0.104,0.097,8040000,795982,0.099,0.102
2026/04/16 11:59:23,02436,凌雄科技,LX TECHNOLOGY,,12.93,-0.14,-1.07116,13.07,13.02,13.03,12.9,19800,256791,12.98,13.09
2026/04/16 11:42:15,02438,出门问问,MOBVOI,,0.47,0.005,1.07527,0.465,0.465,0.475,0.46,684000,319330,0.465,0.475
2026/04/16 11:16:52,02439,中宝新材,CH TREASURES NM,,0.305,-0.015,-4.6875,0.32,0.3,0.31,0.3,108000,32620,0.305,0.31
2026/04/16 11:51:28,02440,迷策略,MEMESTRATEGY,,1.52,0.0,0.0,1.52,1.47,1.58,1.47,134000,205550,1.52,1.57
2026/04/16 12:31:42,02442,怡俊集团控股,EASY SMART GP,,39.54,-1.28,-3.13572,40.82,40.1,40.1,38.4,206000,8130380,36.5,39.5
2026/04/16 11:57:47,02443,汽车街,AUTOSTREETS,,1.89,-0.02,-1.04712,1.91,1.9,1.91,1.89,148200,280776,1.89,1.9
2026/04/16 11:51:11,02450,淮北绿金股份,HUAIBEI GD CO,,3.48,0.0,0.0,3.48,0.0,0.0,0.0,0,0,3.48,3.59
2026/04/16 11:59:20,02451,绿源集团控股,LUYUAN GP HLDG,,13.52,0.75,5.87314,12.77,12.89,13.52,12.8,71000,923852,13.37,13.59
2026/04/16 11:32:53,02453,美中嘉和,CONCORD HC GP,,1.57,0.09,6.08108,1.48,1.48,1.62,1.47,463200,734220,1.56,1.57
2026/04/16 11:53:58,02455,润华服务,RUNHUA SERVICE,,0.68,0.03,4.61539,0.65,0.66,0.68,0.65,332000,221740,0.68,0.7
2026/04/16 11:34:59,02457,步阳国际,BUYANG INTL,,0.315,0.0,0.0,0.315,0.0,0.0,0.0,0,0,0.295,0.315
2026/04/16 11:42:58,02458,望尘科技控股,GALA TECH HOLD,,5.79,-0.01,-0.17241,5.8,5.5,5.79,5.5,800,4516,5.5,5.55
2026/04/16 11:42:16,02459,升能集团,SANERGY GROUP,,0.087,0.0,0.0,0.087,0.088,0.088,0.087,220000,19240,0.087,0.088
2026/04/16 11:58:25,02460,华润饮料,CR BEVERAGE,,8.95,-0.07,-0.77605,9.02,9.02,9.08,8.9,680200,6089894,8.94,8.95
2026/04/16 11:59:58,02465,龙蟠科技,LOPAL TECH,,16.23,2.96,22.30595,13.27,15.24,16.81,14.07,41356100,653175065,16.23,16.24
2026/04/16 11:58:16,02469,粉笔,FENBI,,1.02,-0.01,-0.97087,1.03,1.04,1.08,1.01,4519500,4755464,1.02,1.03
2026/04/16 11:58:58,02473,喜相逢集团,XXF,,1.0,-0.01,-0.9901,1.01,1.01,1.02,0.99,55065000,55059425,0.99,1.0
2026/04/16 11:59:52,02477,经纬天地,WELLCELL HOLD,,20.54,0.42,2.08748,20.12,20.12,21.16,19.94,1108000,22823224,20.5,20.54
2026/04/16 08:55:00,02479,天聚地合,TIANJUDIHE,,65.0,0.0,0.0,65.0,0.0,0.0,0.0,0,0,0.0,0.0
2026/04/16 11:59:34,02480,绿竹生物－Ｂ,LUZHU BIOTECH-B,,22.5,0.6,2.73973,21.9,22.5,22.5,22.5,9200,207000,22.02,22.5
2026/04/16 09:40:01,02481,慧居科技,WISE LIVING TEC,,2.65,0.0,0.0,2.65,0.0,0.0,0.0,0,0,2.62,2.73
2026/04/16 11:59:22,02482,维天运通,LOGORY,,0.56,0.0,0.0,0.56,0.0,0.0,0.0,0,0,0.52,0.59
2026/04/16 10:43:05,02483,Ｋ　ＣＡＳＨ集团,K CASH,,1.75,0.0,0.0,1.75,1.75,1.75,1.75,500000,875000,1.7,1.75
2026/04/16 11:43:42,02486,普乐师集团控股,PLUS GP HOLDING,,7.29,0.02,0.2751,7.27,7.3,7.3,7.28,8200,59752,0.0,7.33
2026/04/16 11:52:12,02487,科笛－Ｂ,CUTIA-B,,4.78,0.01,0.20964,4.77,4.65,4.78,4.65,43200,204330,4.68,4.78
2026/04/16 11:51:56,02488,元征科技,LAUNCH TECH,,8.57,-0.18,-2.05714,8.75,8.79,8.8,8.51,294000,2531955,8.57,8.59
2026/04/16 11:41:17,02489,集海黄金,PERSISTENCEGOLD,,1.01,0.0,0.0,1.01,1.02,1.02,1.0,165000,166050,1.0,1.01
2026/04/16 11:57:36,02490,乐舱物流,LC LOGISTICS,,4.95,0.29,6.22318,4.66,4.6,5.05,4.6,240300,1177044,4.87,5.08
2026/04/16 11:53:13,02495,声通科技,VOICECOMM,,55.05,1.0,1.85014,54.05,53.0,55.45,53.0,9940,544122,55.05,55.15
2026/04/16 10:49:14,02496,友芝友生物－Ｂ,YZYBIO-B,,4.82,0.0,0.0,4.82,0.0,0.0,0.0,3000,15478,4.82,5.22
2026/04/16 11:49:25,02497,富景中国控股,FUJING HOLDINGS,,0.62,0.0,0.0,0.62,0.62,0.62,0.59,106000,64340,0.59,0.62
2026/04/16 11:59:55,02498,速腾聚创,ROBOSENSE,,36.92,0.3,0.81922,36.62,37.0,37.0,36.5,2328452,85726152,36.92,36.96
2026/04/16 11:50:15,02499,佛朗斯股份,FOLANGSI,,6.19,-0.04,-0.64206,6.23,6.06,6.22,6.05,8000,48478,6.05,6.18
2026/04/16 11:59:48,02500,启明医疗－Ｂ,VENUS MEDTECH-B,,2.25,0.03,1.35135,2.22,2.22,2.29,2.22,334500,756810,2.25,2.27
2026/04/16 10:59:19,02501,迈越科技,MAIYUE TECH,,1.17,0.0,0.0,1.17,1.17,1.19,1.12,104000,118240,1.12,1.17
2026/04/16 10:45:55,02502,金源氢化,JINYUAN HCHEM,,0.47,0.0,0.0,0.47,0.47,0.47,0.47,30000,14100,0.47,0.48
2026/04/16 11:53:25,02503,中深建业,ZHONGSHENJIANYE,,0.34,0.0,0.0,0.34,0.34,0.345,0.33,320000,109020,0.335,0.34
2026/04/16 11:58:44,02505,ＥＤＡ集团控股,EDA GROUP HLDGS,,0.67,0.0,0.0,0.67,0.68,0.7,0.66,535000,364530,0.67,0.7
2026/04/16 12:33:36,02506,讯飞医疗科技,XUNFEIHEALTH,,70.8,1.75,2.5344,69.05,71.0,71.5,70.0,48950,3470292,70.45,70.95
2026/04/16 11:59:57,02507,西锐,CIRRUS,,43.0,2.66,6.59395,40.34,40.34,43.36,40.32,1575800,66619574,42.94,43.0
2026/04/16 11:43:12,02508,圣贝拉集团,SAINT BELLA GP,,4.48,-0.05,-1.10375,4.53,4.53,4.59,4.48,64500,291645,4.46,4.53
2026/04/16 11:59:21,02509,荃信生物－Ｂ,QYUNS-B,,20.88,-0.22,-1.04265,21.1,21.1,21.58,20.8,215000,4557148,20.84,20.86
2026/04/16 11:59:14,02510,德翔海运,TS LINES,,8.53,-0.01,-0.1171,8.54,8.55,8.57,8.5,464000,3954000,8.53,8.55
2026/04/16 11:59:14,02511,君圣泰医药－Ｂ,HIGHTIDE-B,,3.72,0.02,0.54054,3.7,3.7,3.73,3.61,123500,452900,3.69,3.72
2026/04/16 11:40:41,02512,云工场,CLOUD FACTORY,,3.2,0.01,0.31348,3.19,3.19,3.2,3.19,31000,99180,3.17,3.18
2026/04/16 11:59:56,02513,智谱,KNOWLEDGE ATLAS,,904.0,37.0,4.26759,867.0,853.0,919.0,839.0,795530,708250022,903.5,904.0
2026/04/16 11:59:34,02515,天津建发,TJCD,,1.08,0.01,0.93458,1.07,1.07,1.08,1.05,214000,228980,1.07,1.09
2026/04/16 11:55:25,02516,泛远国际,FAR INTL,,1.33,-0.01,-0.74627,1.34,1.34,1.35,1.31,4132000,5514920,1.32,1.33
2026/04/16 11:59:59,02517,锅圈,GUOQUAN,,3.7,-0.61,-14.15313,4.31,4.2,4.2,3.62,86552400,327288244,3.69,3.7
2026/04/16 10:43:27,02518,汽车之家－Ｓ,AUTOHOME-S,,35.92,0.26,0.72911,35.66,35.66,35.92,35.62,4400,157096,35.7,35.92
2026/04/16 11:59:14,02519,傲基股份,AUGROUP,,4.6,0.0,0.0,4.6,0.0,0.0,0.0,0,0,4.47,4.58
2026/04/16 11:32:57,02520,山西安装,SHANXI INSTALL,,2.11,-0.02,-0.93897,2.13,2.11,2.11,2.11,32000,67520,2.0,2.19
2026/04/16 11:22:21,02521,升辉清洁,SHENGHUI CLEAN,,1.06,0.04,3.92157,1.02,1.06,1.06,1.02,727500,748725,1.05,1.06
2026/04/16 11:59:48,02522,一脉阳光,RIMAG GROUP,,6.66,0.1,1.52439,6.56,6.6,6.71,6.54,638500,4238165,6.63,6.64
2026/04/16 11:59:53,02525,禾赛－Ｗ,HESAI-W,,189.3,5.4,2.93638,183.9,199.9,200.0,185.7,1427418,271662635,189.10001,189.3
2026/04/16 11:59:58,02526,德适－Ｂ,DIAGENS-B,,285.2,15.8,5.86489,269.4,265.2,291.0,265.2,54102,14890537,283.0,286.39999
2026/04/16 11:55:53,02528,尚晋国际控股,FW FASHION INT,,0.405,0.005,1.25,0.4,0.405,0.405,0.405,30000,12100,0.4,0.405
2026/04/16 09:02:53,02529,泓盈城市服务,HOLLWIN URBAN,,3.16,0.0,0.0,3.16,0.0,0.0,0.0,0,0,3.04,3.2
2026/04/16 08:55:00,02530,纽曼思,NUMANS,,0.59,0.0,0.0,0.59,0.0,0.0,0.0,0,0,0.0,0.0
2026/04/16 11:00:20,02531,广联科技控股,CARLINK TECH,,6.17,0.23,3.87205,5.94,6.0,6.17,6.0,3500,21085,5.83,6.0
2026/04/16 11:59:32,02533,黑芝麻智能,BLACK SESAME,,17.4,0.11,0.63621,17.29,17.6,17.64,17.22,1235200,21573174,17.38,17.4
2026/04/16 11:58:21,02535,泓基集团,WK GROUP,,0.395,-0.005,-1.25,0.4,0.395,0.42,0.385,65410000,22968410,0.39,0.395
2026/04/16 11:38:05,02536,百乐皇宫,PALASINO,,1.88,-0.02,-1.05263,1.9,1.88,1.88,1.88,26000,48880,1.81,1.88
2026/04/16 11:58:35,02539,乐摩科技,LEMO SERVICES,,15.61,-0.29,-1.8239,15.9,15.8,16.36,15.39,18400,290025,15.61,16.29
2026/04/16 11:11:28,02540,乐思集团,LESI GROUP,,1.05,0.02,1.94175,1.03,1.05,1.05,1.05,7500,7875,1.01,1.05
2026/04/16 11:59:57,02543,大行科工,DAHON TECH,,30.0,0.4,1.35135,29.6,29.6,30.6,29.58,8700,261146,29.74,30.14
2026/04/16 11:45:44,02545,中赣通信,ZHONGGAN COMM,,0.44,0.0,0.0,0.44,0.44,0.445,0.44,1130000,498220,0.43,0.44
2026/04/16 11:59:56,02546,智汇矿业,ZHIHUI MINING,,16.44,-0.17,-1.02348,16.61,16.8,17.37,16.2,158000,2656900,16.34,16.57
2026/04/16 11:59:45,02549,卡罗特,CAROTE LTD,,4.77,-0.12,-2.45399,4.89,4.8,4.81,4.7,297500,1416645,4.77,4.78
2026/04/16 11:53:24,02550,宜搜科技,EASOU TECH,,2.03,0.02,0.99503,2.01,2.01,2.03,1.98,306000,618655,2.01,2.03
2026/04/16 09:53:29,02551,晶科电子股份,APT ELECTRONICS,,2.38,0.02,0.84746,2.36,2.38,2.38,2.38,3000,7140,2.28,2.4
2026/04/16 12:00:00,02552,华领医药－Ｂ,HUA MEDICINE-B,,3.86,0.01,0.25974,3.85,3.87,3.94,3.79,1539300,5947112,3.85,3.86
2026/04/16 11:58:07,02555,茶百道,CHABAIDAO,,5.7,0.06,1.06383,5.64,5.72,5.72,5.64,134400,763236,5.68,5.7
2026/04/16 11:59:52,02556,迈富时,MARKETINGFORCE,,41.8,5.04,13.71056,36.76,38.6,42.92,38.6,14671700,606382668,41.64,41.82
2026/04/16 09:01:08,02558,晋商银行,JINSHANG BANK,,1.38,0.0,0.0,1.38,0.0,0.0,0.0,0,0,1.31,1.38
2026/04/16 11:46:15,02559,嘀嗒出行,DIDA INC,,1.38,-0.06,-4.16667,1.44,1.36,1.44,1.36,237000,331160,1.38,1.41
2026/04/16 11:50:08,02560,海螺材料科技,CONCH MAT TECH,,1.77,-0.02,-1.11732,1.79,1.79,1.79,1.77,82000,146040,1.77,1.78
2026/04/16 11:57:36,02561,维昇药业－Ｂ,VISEN PHARMA-B,,26.8,-0.98,-3.52772,27.78,27.78,27.8,26.8,1600,43402,26.5,26.8
2026/04/16 11:58:57,02562,狮腾控股,SYNAGISTICS,,3.24,0.02,0.62112,3.22,3.27,3.27,3.21,7815500,25278940,3.23,3.25
2026/04/16 11:59:57,02563,华昊中天医药－Ｂ,BIOSTAR PHARM-B,,3.84,0.0,0.0,3.84,0.0,0.0,0.0,0,0,3.52,3.84
2026/04/16 11:57:15,02565,派格－Ｂ（五十）,PEGBIO CO-B-50,,41.9,-2.0,-4.55581,43.9,44.42,44.42,41.28,383450,16125325,41.68,41.88
2026/04/16 11:59:07,02566,九源基因,JIUYUAN GENE,,7.1,0.06,0.85227,7.04,7.07,7.15,7.07,28400,201542,7.1,7.15
2026/04/16 11:56:17,02567,七牛智能,QINIU,,0.485,0.025,5.43478,0.46,0.46,0.49,0.46,2040000,973700,0.48,0.485
2026/04/16 09:03:45,02569,舒宝国际,SOFT INTL,,0.95,0.0,0.0,0.95,0.0,0.0,0.0,0,0,0.93,0.98
2026/04/16 12:30:00,02570,重塑能源,REFIRE,,43.8,-0.26,-0.5901,44.06,44.08,44.64,43.22,398020,17382378,43.7,43.86
2026/04/16 12:30:02,02571,赛目科技,SAIMO,,12.85,-0.15,-1.15385,13.0,13.01,13.01,12.85,16400,212356,12.74,13.2
2026/04/16 11:56:12,02573,新琪安,NEWTREND GROUP,,4.52,-0.08,-1.73913,4.6,4.52,4.52,4.52,5600,25392,4.5,4.52
2026/04/16 11:58:31,02575,轩竹生物－Ｂ,XUANZHUBIO-B,,33.18,-2.84,-7.88451,36.02,36.6,36.6,32.72,2286000,77289590,33.16,33.26
2026/04/16 11:57:07,02576,太美医疗科技,TAIMEI TECH,,4.51,-0.15,-3.21888,4.66,4.65,4.86,4.5,288600,1360202,4.47,4.51
2026/04/16 11:59:45,02577,英诺赛科,INNOSCIENCE,,57.0,1.8,3.26087,55.2,55.95,57.2,54.55,2083200,116287080,57.0,57.05
2026/04/16 11:58:19,02579,中伟新材,CNGR,,38.7,0.4,1.04439,38.3,39.36,39.5,38.02,696200,27110204,38.64,38.7
2026/04/16 11:59:56,02580,奥克斯电气,AUX ELECTRIC,,9.53,-0.1,-1.03842,9.63,9.66,9.75,9.53,649600,6216442,9.53,9.55
2026/04/16 11:35:52,02581,明基医院,BENQ HOLDING,,3.47,0.0,0.0,3.47,3.46,3.47,3.46,73000,252610,3.46,3.47
2026/04/16 11:59:40,02582,国富氢能,GUOFUHEE,,28.24,-0.2,-0.70324,28.44,28.88,29.1,27.94,1885350,53556166,28.16,28.26
2026/04/16 12:31:20,02583,西普尼,HIPINE,,102.0,0.0,0.0,102.0,102.1,104.2,100.6,32700,3348880,101.2,102.5
2026/04/16 11:14:23,02585,梦金园,MOKINGRAN,,20.22,0.22,1.1,20.0,20.0,20.3,19.0,27200,541254,19.94,20.1
2026/04/16 11:59:52,02586,多点数智,DMALL,,7.28,0.03,0.41379,7.25,7.27,7.28,7.19,1020300,7376230,7.26,7.28
2026/04/16 11:59:39,02587,健康之路,HEALTHYWAY INC,,4.73,0.02,0.42463,4.71,4.76,4.78,4.66,3224000,15168165,4.72,4.74
2026/04/16 11:58:59,02588,中银航空租赁,BOC AVIATION,,83.8,-0.65,-0.76969,84.45,85.0,85.45,83.5,130196,10979373,83.5,83.8
2026/04/16 11:59:02,02589,沪上阿姨,AUNTEA JENNY,,84.05,5.6,7.13831,78.45,78.45,85.4,78.45,213960,17802018,83.8,84.05
2026/04/16 11:59:58,02590,极智嘉－Ｗ,GEEKPLUS-W,,19.0,0.52,2.81385,18.48,18.9,19.03,18.58,2747400,51670790,19.0,19.01
2026/04/16 11:58:44,02591,银诺医药－Ｂ,INNOGEN-B,,20.96,-0.42,-1.96445,21.38,21.5,21.8,20.8,323600,6796968,20.96,21.0
2026/04/16 11:57:20,02592,拨康视云－Ｂ,CLOUDBREAK-B,,1.28,-0.04,-3.0303,1.32,1.35,1.35,1.26,472000,607040,1.29,1.32
2026/04/16 11:45:37,02593,草姬集团,HERBS GROUP,,0.98,0.04,4.25532,0.94,0.94,0.98,0.94,148800,142664,0.93,0.97
2026/04/16 12:31:22,02595,劲方医药－Ｂ,GENFLEET-B,,49.4,0.56,1.1466,48.84,48.8,50.0,46.9,1393400,67660245,49.04,49.58
2026/04/16 11:59:22,02596,宜宾银行,YIBIN BANK,,2.64,0.0,0.0,2.64,0.0,0.0,0.0,0,0,2.62,2.7
2026/04/16 11:59:22,02597,讯众通信,XUNZHONG,,29.7,0.5,1.71233,29.2,29.7,29.7,29.7,1000,29700,29.8,31.5
2026/04/16 11:59:51,02598,连连数字,LIANLIAN,,6.12,0.12,2.0,6.0,6.0,6.15,6.0,715500,4370265,6.11,6.13
2026/04/16 11:59:51,02600,中国铝业,CHALCO,,13.23,0.65,5.16693,12.58,12.78,13.25,12.78,36079380,471460573,13.23,13.24
2026/04/16 11:59:27,02601,中国太保,CPIC,,34.32,0.46,1.35854,33.86,33.84,34.36,33.64,1860900,63207322,34.28,34.32
2026/04/16 11:59:37,02602,万物云,ONEWO,,17.4,0.13,0.75275,17.27,17.25,17.44,17.23,578359,10046652,17.39,17.4
2026/04/16 11:59:57,02603,吉宏股份,JIHONG CO,,13.56,0.68,5.2795,12.88,12.88,13.69,12.85,1175500,15536720,13.57,13.65
2026/04/16 11:58:29,02605,METALIGHT,METALIGHT,,1.56,-0.09,-5.45455,1.65,1.62,1.65,1.55,169200,270004,1.57,1.63
2026/04/16 11:59:46,02607,上海医药,SH PHARMA,,11.73,-0.05,-0.42445,11.78,11.79,11.82,11.64,1792000,20976527,11.73,11.76
2026/04/16 11:52:07,02608,阳光１００中国,SUNSHINE 100,,0.01,0.0,0.0,0.01,0.01,0.01,0.01,41000,410,0.0,0.01
2026/04/16 11:59:52,02609,佰泽医疗,BAYZED HEALTH,,5.4,0.15,2.85714,5.25,5.15,5.63,5.06,31864200,171251388,5.38,5.41
2026/04/16 12:30:00,02610,南山铝业国际,NANSHAN AL INTL,,47.04,0.84,1.81818,46.2,46.74,47.3,46.24,228900,10724036,47.04,47.18
2026/04/16 12:00:00,02611,国泰海通,GTHT,,14.9,0.68,4.782,14.22,14.22,14.98,14.22,9421786,138546543,14.87,14.9
2026/04/16 11:59:14,02613,汇舸环保,CONTIOCEAN,,31.74,0.0,0.0,31.74,0.0,0.0,0.0,0,0,29.0,31.74
2026/04/16 11:59:43,02616,基石药业－Ｂ,CSTONE PHARMA-B,,10.2,0.3,3.0303,9.9,9.92,10.41,9.92,6659928,67921526,10.19,10.2
2026/04/16 11:59:10,02617,药捷安康－Ｂ,TRANSTHERA-B,,69.35,-0.95,-1.35135,70.3,70.35,71.6,69.05,498500,34669775,69.2,69.4
2026/04/16 11:59:52,02618,京东物流,JD LOGISTICS,,15.82,0.27,1.73633,15.55,15.7,15.85,15.55,7198384,113500476,15.81,15.82
2026/04/16 10:45:21,02619,香江电器,XJ ELECTRICS,,1.79,-0.01,-0.55556,1.8,1.79,1.79,1.78,5000,8930,1.78,1.82
2026/04/16 11:57:40,02621,手回集团,SHOUHUI GROUP,,3.02,-0.13,-4.12698,3.15,3.08,3.08,3.02,10400,31432,3.03,3.07
2026/04/16 11:57:01,02623,爱德新能源,ADD NEW ENERGY,,5.3,0.11,2.11946,5.19,5.25,5.44,5.25,2780593,14869007,5.27,5.3
2026/04/16 11:25:25,02625,江苏宏信,JIANGSU HORIZON,,4.23,0.04,0.95465,4.19,4.12,4.23,4.1,35000,145740,4.16,4.25
2026/04/16 08:55:00,02627,中慧生物－Ｂ,AB&B BIO-TECH-B,,29.32,0.0,0.0,29.32,0.0,0.0,0.0,0,0,0.0,0.0
2026/04/16 12:00:00,02628,中国人寿,CHINA LIFE,,28.14,0.72,2.62582,27.42,27.42,28.18,27.4,18124032,504011756,28.12,28.14
2026/04/16 08:55:00,02629,MIRXES-B,MIRXES-B,,12.41,0.0,0.0,12.41,0.0,0.0,0.0,0,0,0.0,0.0
2026/04/16 11:59:52,02630,旺山旺水－Ｂ,VIGONVITA-B,,86.3,-0.65,-0.74756,86.95,87.0,87.0,85.05,12800,1100590,85.2,86.55
2026/04/16 11:59:10,02631,天岳先进,SICC,,57.0,1.55,2.79531,55.45,55.5,58.2,55.1,828500,46963765,57.0,57.05
2026/04/16 11:59:48,02632,泽景股份,NEW VISION CO,,62.0,5.05,8.86743,56.95,56.95,71.0,52.85,144700,8815777,63.0,70.0
2026/04/16 11:50:37,02633,雅各臣科研制药,JACOBSON PHARMA,,1.19,-0.01,-0.83333,1.2,1.2,1.2,1.19,142000,170300,1.19,1.2
2026/04/16 11:57:36,02635,诺比侃（新）,NUOBIKAN-NEW,,61.75,0.8,1.31255,60.95,60.95,61.95,60.95,146400,9017420,61.55,61.8
2026/04/16 11:58:51,02637,海西新药,HAIXI PHARMA,,191.1,-0.2,-0.10455,191.3,191.7,193.0,185.8,103150,19664145,190.7,191.10001
2026/04/16 11:52:29,02638,港灯－ＳＳ,HKELECTRIC-SS,,6.42,-0.02,-0.31056,6.44,6.44,6.46,6.42,1080144,6940264,6.42,6.43
2026/04/16 11:59:16,02643,曹操出行,CAOCAO INC,,25.76,-0.02,-0.07758,25.78,25.6,26.22,25.58,700400,18085587,25.72,25.78
2026/04/16 11:59:55,02648,安井食品,ANJOY FOOD,,80.7,0.4,0.49813,80.3,80.35,81.55,80.35,82400,6672497,80.7,81.05
2026/04/16 08:55:00,02649,优乐赛共享,ALSCO POOLING,,3.9,0.0,0.0,3.9,0.0,0.0,0.0,0,0,0.0,0.0
2026/04/16 11:59:58,02650,挚达科技,ZHIDA TECH,,46.0,-0.02,-0.04346,46.02,46.98,48.88,44.88,880150,41288624,45.54,45.94
2026/04/16 10:21:34,02651,大众口腔,DAZHONG DENTAL,,12.2,0.0,0.0,12.2,11.8,12.2,11.8,1900,22540,11.7,12.2
2026/04/16 11:59:41,02652,长风药业,CF PHARMTECH,,23.76,0.18,0.76336,23.58,23.58,24.0,23.2,471000,11119930,23.68,23.8
2026/04/16 11:59:59,02655,果下科技,GUOXIA TECH,,56.0,-9.85,-14.95824,65.85,67.95,68.5,53.2,6415265,367695474,55.7,56.1
2026/04/16 11:59:56,02656,健康１６０,160 HEALTH,,34.1,-1.3,-3.67232,35.4,35.64,39.72,33.6,3427400,124856435,34.04,34.1
2026/04/16 11:56:52,02657,林清轩,FOREST CABIN,,58.25,1.15,2.01401,57.1,56.9,59.55,56.4,43000,2494508,57.9,58.25
2026/04/16 11:59:58,02658,天域半导体,TIANYU SEMI,,44.82,2.6,6.15822,42.22,43.1,45.88,42.78,289350,12669899,44.52,44.8
2026/04/16 11:59:55,02659,宝济药业－Ｂ,BAO PHARMA-B,,89.5,-0.5,-0.55556,90.0,91.0,91.0,88.6,59300,5293860,89.05,89.5
2026/04/16 11:58:59,02660,禅游科技,ZENGAME,,2.57,0.02,0.78431,2.55,2.55,2.58,2.52,166000,424100,2.52,2.56
2026/04/16 11:59:16,02661,轻松健康,QINGSONG HEALTH,,152.4,1.2,0.79365,151.2,151.5,152.6,147.2,94600,14300020,152.10001,152.5
2026/04/16 11:30:49,02663,应力控股,KPA-BM HLDGS,,0.28,-0.005,-1.75439,0.285,0.28,0.28,0.28,40000,11200,0.285,0.29
2026/04/16 11:59:53,02665,图达通,SEYOND,,9.49,0.01,0.10549,9.48,9.65,9.78,9.2,4551000,43070262,9.49,9.55
2026/04/16 11:59:05,02666,环球医疗,UNI MEDICAL,,5.87,0.0,0.0,5.87,5.84,5.87,5.82,1036000,6054047,5.85,5.87
2026/04/16 11:56:35,02668,百德国际,PAK TAK INT'L,,0.28,0.0,0.0,0.28,0.28,0.28,0.275,4020000,1123100,0.275,0.28
2026/04/16 11:50:06,02669,中海物业,CHINA OVS PPT,,4.11,0.0,0.0,4.11,4.14,4.14,4.05,2757666,11292498,4.09,4.11
2026/04/16 11:56:34,02670,云迹,YUNJI,,234.2,-6.4,-2.66002,240.6,236.0,237.0,230.8,5100,1191190,234.0,234.8
2026/04/16 09:43:40,02671,美联股份,USAS BUILDING,,4.14,0.0,0.0,4.14,0.0,0.0,0.0,0,0,4.0,4.13
2026/04/16 11:59:56,02675,精锋医疗－Ｂ,EDGE MEDICAL-B,,57.6,3.6,6.66667,54.0,54.35,58.0,53.55,306800,17308865,57.35,57.55
2026/04/16 11:58:32,02676,纳芯微,NOVOSENSE,,133.4,9.2,7.40741,124.2,127.6,134.9,124.3,257400,33665220,133.0,133.8
2026/04/16 11:58:32,02677,卓正医疗,DISTINCT HEALTH,,34.2,-1.4,-3.93258,35.6,35.6,36.02,34.2,10000,350260,33.82,34.18
2026/04/16 11:42:49,02678,天虹国际集团,TEXHONG INTL GP,,6.63,0.06,0.91324,6.57,6.45,6.63,6.45,202000,1326985,6.63,6.64
1970/01/01 11:54:51,02680,创陞控股,INNOVAX HLDGS,,11.09,0.18,1.64986,10.91,10.9,11.09,10.7,42100,455423,10.7,10.99
2026/04/16 09:04:25,02682,润利海事,YUN LEE MARINE,,0.151,0.0,0.0,0.151,0.0,0.0,0.0,0,0,0.146,0.151
2026/04/16 11:04:33,02683,华新手袋国际控股,WAHSUN HANDBAGS,,1.18,0.0,0.0,1.18,1.19,1.19,1.18,36000,42560,1.18,1.22
2026/04/16 11:59:22,02685,量化派,QUANTGROUP,,22.2,-0.08,-0.35907,22.28,22.34,22.6,21.5,1108200,24282480,22.12,22.22
2026/04/16 11:59:56,02687,卓越睿新,ABLE DIGITAL,,141.5,-4.6,-3.14853,146.1,146.5,148.9,140.2,118600,17184500,141.10001,141.7
2026/04/16 11:59:56,02688,新奥能源,ENN ENERGY,,63.1,-0.3,-0.47319,63.4,63.4,63.65,62.5,1975061,124291003,63.1,63.15
2026/04/16 11:59:54,02689,玖龙纸业,ND PAPER,,6.48,-0.01,-0.15408,6.49,6.45,6.5,6.37,7650000,49082114,6.46,6.48
2026/04/16 11:58:59,02691,南华期货股份,NANHUA FUTURES,,11.03,0.14,1.28558,10.89,10.94,11.06,10.92,401500,4412410,11.03,11.06
2026/04/16 11:59:58,02692,兆威机电,ZHAOWEI,,68.8,3.75,5.7648,65.05,65.95,70.45,65.5,537960,36375389,68.8,69.4
2026/04/16 11:27:57,02693,金岩高岭新材,JINYAN KAOLIN,,4.18,0.08,1.95122,4.1,4.1,4.18,4.0,8500,34835,4.02,4.17
2026/04/16 11:47:24,02695,印象大红袍,IMPRESSION DHP,,2.09,0.01,0.48077,2.08,2.09,2.09,2.08,46000,95700,2.06,2.09
2026/04/16 11:59:57,02696,复宏汉霖,HENLIUS,,82.5,-0.15,-0.18149,82.65,84.45,84.45,81.2,167700,13813705,82.45,82.5
2026/04/16 11:59:53,02698,乐舒适,SOFTCARE,,31.36,-0.42,-1.32159,31.78,31.74,31.96,31.18,287000,9030844,31.34,31.4
2026/04/16 09:37:30,02699,新明中国,XINMING CHINA,,0.28,0.0,0.0,0.28,0.0,0.0,0.0,0,0,0.28,0.285
2026/04/16 11:28:12,02700,格林国际控股,GREEN INTL HLDG,,0.58,0.0,0.0,0.58,0.0,0.0,0.0,0,0,0.55,0.59
2026/04/16 11:59:40,02701,国民技术,NSING TECH,,12.95,0.23,1.80818,12.72,12.77,12.97,12.6,1833800,23495532,12.9,12.95
2026/04/16 12:30:00,02706,海致科技集团,HAIZHI TECH GP,,65.5,3.8,6.15883,61.7,61.7,66.0,59.0,911904,56636955,65.2,66.0
2026/04/16 11:59:46,02714,牧原股份,MUYUAN,,42.56,-0.44,-1.02326,43.0,43.28,43.48,42.0,695800,29675982,42.56,42.76
2026/04/16 11:58:12,02715,埃斯顿,ESTUN,,13.23,0.29,2.24111,12.94,12.94,13.33,12.94,650400,8582590,13.19,13.23
2026/04/16 11:59:26,02718,明略科技－Ｗ,MININGLAMP-W,,220.2,14.6,7.10117,205.6,205.8,222.6,205.8,83040,18144656,220.0,221.39999
2026/04/16 11:35:09,02720,乐欣户外,RIDGE OUTDOOR,,25.88,0.26,1.01483,25.62,25.2,25.88,25.2,29500,756760,25.84,26.36
2026/04/16 11:59:39,02722,重庆机电,CHONGQING M&E,,2.71,0.15,5.85938,2.56,2.62,2.71,2.55,12268388,32325993,2.7,2.71
2026/04/16 11:59:55,02726,瀚天天成,EPIWORLD,,108.9,2.3,2.1576,106.6,106.6,109.9,104.6,71850,7716685,108.1,108.8
2026/04/16 11:59:56,02727,上海电气,SH ELECTRIC,,3.98,0.07,1.79028,3.91,3.91,4.04,3.9,15710000,62434460,3.98,3.99
2026/04/16 08:55:00,02728,金泰能源控股,JINTAI ENERGY H,,0.024,0.0,0.0,0.024,0.0,0.0,0.0,0,0,0.0,0.0
2026/04/16 11:59:58,02729,凯乐士科技,GALAXIS TECH,,40.82,-0.14,-0.3418,40.96,41.1,41.32,39.54,415400,16760120,40.82,41.3
2026/04/16 09:32:51,02738,华津国际控股,HUAJIN INTL,,0.179,0.0,0.0,0.179,0.0,0.0,0.0,0,0,0.162,0.265
2026/04/16 11:53:04,02768,国恩科技,GON TECHNOLOGY,,47.94,0.34,0.71429,47.6,47.6,48.74,47.2,113000,5428252,48.0,48.16
2026/04/16 12:30:00,02772,中梁控股,ZHONGLIANG HLDG,,0.043,0.001,2.38095,0.042,0.044,0.044,0.04,663500,27654,0.04,0.043
2026/04/16 11:44:24,02777,富力地产,R&F PROPERTIES,,0.39,-0.01,-2.5,0.4,0.4,0.405,0.39,762000,302960,0.39,0.4
2026/04/16 11:00:22,02779,中国新华教育,CH XINHUA EDU,,0.495,0.0,0.0,0.495,0.485,0.495,0.48,408000,200110,0.49,0.495
2026/04/16 11:59:17,02788,创新实业,CHUANGXIN IND,,31.24,0.34,1.10032,30.9,31.34,32.3,30.9,2366500,74669305,31.12,31.24
2026/04/16 11:51:12,02789,远大中国,YUANDA CHINA,,0.189,-0.005,-2.57732,0.194,0.193,0.193,0.185,142000,26598,0.188,0.189
2026/04/16 11:59:14,02798,久泰邦达能源,PER ENERGY,,0.96,-0.02,-2.04082,0.98,0.94,0.97,0.94,55000,52600,0.94,0.98
2026/04/16 11:58:23,02799,中信金融资产,CITIC FAMC,,0.73,0.01,1.38889,0.72,0.72,0.73,0.71,28019000,20184890,0.72,0.73
2026/04/16 11:59:44,02858,易鑫集团,YIXIN,,2.15,-0.03,-1.37615,2.18,2.2,2.2,2.13,3903500,8391720,2.15,2.16
2026/04/16 11:59:17,02863,高丰集团控股,GOLDEN FAITH GP,,0.41,0.04,10.81081,0.37,0.41,0.41,0.41,237000,97170,0.38,0.44
2026/04/16 11:59:53,02865,钧达股份,DRINDA,,33.04,1.26,3.96476,31.78,31.8,33.44,31.52,5311500,173773050,33.08,33.12
2026/04/16 11:59:56,02866,中远海发,COSCO SHIP DEV,,1.18,-0.01,-0.84034,1.19,1.19,1.19,1.17,4048000,4756780,1.17,1.18
2026/04/16 11:57:44,02869,绿城服务,GREENTOWN SER,,4.44,-0.01,-0.22472,4.45,4.56,4.56,4.41,484000,2156586,4.43,4.44
2026/04/16 11:58:11,02877,神威药业,SHINEWAY PHARM,,9.82,-0.13,-1.30653,9.95,9.5,10.06,9.5,740000,7319180,9.82,9.85
2026/04/16 11:55:31,02878,晶门半导体,SOLOMON SYSTECH,,0.365,0.0,0.0,0.365,0.36,0.365,0.36,426000,154660,0.36,0.365
2026/04/16 11:49:47,02880,辽港股份,LIAONING PORT,,0.86,0.0,0.0,0.86,0.87,0.87,0.85,874000,749440,0.85,0.86
2026/04/16 11:56:14,02881,武汉有机,WUHAN YOUJI,,6.89,-0.11,-1.57143,7.0,6.5,6.89,6.1,13000,86410,6.43,6.9
2026/04/16 09:50:15,02882,金至尊集团,3DG HOLDINGS,,0.5,0.0,0.0,0.5,0.0,0.0,0.0,0,0,0.51,0.53
2026/04/16 11:59:40,02883,中海油田服务,CHINA OILFIELD,,8.89,-0.19,-2.09251,9.08,9.08,9.08,8.83,4748000,42243894,8.88,8.9
2026/04/16 12:34:12,02885,彼岸控股,PEIPORT HOLD,,0.93,-0.01,-1.06383,0.94,0.93,0.94,0.92,60000,55640,0.91,0.95
2026/04/16 11:33:45,02886,滨海投资,BINHAI INV,,1.17,-0.02,-1.68067,1.19,1.17,1.19,1.17,654000,772620,1.17,1.18
2026/04/16 11:59:48,02888,渣打集团,STANCHART,,188.9,2.2,1.17836,186.7,188.4,189.2,187.3,300386,56647830,188.60001,188.89999
2026/04/16 11:59:58,02889,博泰车联,PATEO,,121.7,-2.0,-1.61682,123.7,125.0,125.4,119.0,528280,64023276,120.6,121.8
2026/04/16 08:55:00,02892,万城控股,MILLION CITIES,,0.44,0.0,0.0,0.44,0.0,0.0,0.0,0,0,0.0,0.0
2026/04/16 08:55:00,02898,盛禾生物－Ｂ,SUNHO BIO-B,,6.39,0.0,0.0,6.39,0.0,0.0,0.0,0,0,0.0,0.0
2026/04/16 11:59:59,02899,紫金矿业,ZIJIN MINING,,37.88,-0.1,-0.2633,37.98,38.0,38.2,37.62,17259217,653621027,37.86,37.88
2026/04/16 08:55:00,02929,STERLING GP-OLD,STERLING GP-OLD,,1.0,0.0,0.0,1.0,0.0,0.0,0.0,0,0,0.0,0.0
2026/04/16 10:49:13,02931,诺比侃（旧）,NUOBIKAN-OLD,,60.0,0.0,0.0,60.0,0.0,0.0,0.0,0,0,60.0,63.0
2026/04/16 10:14:46,02934,圣马丁国际（旧）,SANDMARTIN-OLD,,0.8,0.0,0.0,0.8,0.0,0.0,0.0,0,0,0.77,0.0
2026/04/16 08:55:00,02935,环球华商（一万）,GLOBAL CHI-10K,,17.11,0.0,0.0,17.11,0.0,0.0,0.0,0,0,0.0,0.0
2026/04/16 08:55:00,02938,派格－Ｂ（五百）,PEGBIO CO-B-500,,55.7,0.0,0.0,55.7,0.0,0.0,0.0,0,0,0.0,0.0
2026/04/16 11:55:48,02939,圣马丁国际股权,SANDMARTIN RTS,,0.1,0.012,13.63636,0.088,0.088,0.15,0.088,7806467,902517,0.1,0.103
2026/04/16 11:59:47,03200,大族数控,HANS CNC,,139.7,9.7,7.46154,130.0,131.2,141.8,130.8,835814,115192068,139.8,140.60001
2026/04/16 11:59:56,03268,美格智能,MEIG,,25.5,2.86,12.63251,22.64,23.18,26.06,23.02,3634500,88312928,25.52,25.78
2026/04/16 11:59:07,03288,海天味业,HAITIAN FLAV,,36.78,0.28,0.76712,36.5,36.66,36.88,36.44,221139,8103865,36.66,36.78
2026/04/16 11:45:54,03300,中国玻璃,CHINA GLASS,,0.5,0.0,0.0,0.5,0.5,0.5,0.495,628000,311560,0.495,0.5
2026/04/16 11:58:50,03301,融信中国,RONSHINECHINA,,0.104,-0.004,-3.7037,0.108,0.103,0.108,0.102,1450000,150721,0.104,0.105
2026/04/16 11:59:17,03302,精技集团,KINERGY,,0.375,0.0,0.0,0.375,0.375,0.38,0.375,1434000,540610,0.375,0.38
2026/04/16 11:26:35,03303,巨涛海洋石油服务,JUTAL OIL SER,,0.46,0.015,3.37079,0.445,0.45,0.46,0.45,30000,13760,0.44,0.46
2026/04/16 11:59:27,03306,江南布衣,JNBY,,21.8,-0.02,-0.09166,21.82,22.1,22.1,21.4,450500,9761973,21.7,21.8
2026/04/16 11:05:05,03309,希玛医疗,C-MER MEDICAL,,1.26,0.0,0.0,1.26,1.25,1.27,1.25,16000,20180,1.26,1.27
2026/04/16 11:59:24,03311,中国建筑国际,CHINA STATE CON,,8.7,-0.16,-1.80587,8.86,8.86,8.88,8.67,5394001,47148388,8.69,8.71
2026/04/16 11:59:17,03313,雅高控股,ARTGO HOLDINGS,,0.121,0.001,0.83333,0.12,0.12,0.121,0.12,52000,6059,0.117,0.121
2026/04/16 10:57:01,03315,金邦达宝嘉,GOLDPAC GROUP,,0.81,0.0,0.0,0.81,0.0,0.0,0.0,0,0,0.81,0.82
2026/04/16 11:59:49,03316,滨江服务,BINJIANG SER,,24.32,-0.42,-1.69766,24.74,24.2,24.68,24.1,115000,2785790,24.22,24.32
2026/04/16 11:59:54,03317,迅策,XUNCE,,327.0,14.2,4.53964,312.8,314.0,344.8,306.0,3435866,1139413096,326.60001,327.20001
2026/04/16 11:30:00,03318,中国波顿,CHINA BOTON,,1.6,0.0,0.0,1.6,0.0,0.0,0.0,0,0,1.52,1.64
2026/04/16 11:56:57,03319,雅生活服务,A-LIVING,,1.93,0.04,2.1164,1.89,1.9,1.94,1.9,281680,544000,1.92,1.93
2026/04/16 12:00:00,03320,华润医药,CHINARES PHARMA,,6.42,0.06,0.9434,6.36,6.35,6.42,6.31,7553323,48138726,6.41,6.42
2026/04/16 11:49:16,03321,中科集团控股,ZHONGKE GROUP,,0.046,0.001,2.22222,0.045,0.045,0.046,0.045,502500,23112,0.046,0.048
2026/04/16 09:43:10,03322,永嘉集团,WIN HANVERKY,,0.203,0.0,0.0,0.203,0.0,0.0,0.0,0,0,0.199,0.203
2026/04/16 11:59:49,03323,中国建材,CNBM,,5.49,0.0,0.0,5.49,5.47,5.64,5.42,18174901,100200356,5.49,5.5
2026/04/16 11:59:46,03328,交通银行,BANKCOMM,,7.14,0.0,0.0,7.14,7.13,7.18,7.12,5007269,35799154,7.13,7.14
2026/04/16 11:43:23,03329,交银国际,BOCOM INTL,,0.35,0.005,1.44928,0.345,0.35,0.355,0.35,274000,96210,0.35,0.355
2026/04/16 11:59:51,03330,灵宝黄金,LINGBAO GOLD,,26.98,0.4,1.50489,26.58,26.88,27.16,26.3,4828100,128894345,26.96,26.98
2026/04/16 11:09:56,03332,中生联合,SINOLIFE UTD,,0.365,0.0,0.0,0.365,0.0,0.0,0.0,0,0,0.36,0.405
2026/04/16 11:56:10,03336,巨腾国际,JU TENG INTL,,2.57,-0.04,-1.53257,2.61,2.65,2.71,2.57,4726000,12441160,2.57,2.58
2026/04/16 11:59:25,03337,安东油田服务,ANTON OILFIELD,,1.04,0.0,0.0,1.04,1.03,1.05,1.03,1114000,1159720,1.03,1.04
2026/04/16 11:59:56,03339,中国龙工,LONKING,,3.3,0.0,0.0,3.3,3.32,3.33,3.26,3280000,10779205,3.29,3.3
2026/04/16 11:59:52,03347,泰格医药,TIGERMED,,44.18,-0.52,-1.16331,44.7,44.7,45.14,43.74,712000,31580290,44.16,44.18
2026/04/16 09:04:36,03348,中国鹏飞集团,CHINA PENGFEI,,1.29,0.0,0.0,1.29,0.0,0.0,0.0,0,0,1.25,1.3
2026/04/16 11:59:57,03355,飞速创新,FS.COM,,53.8,2.5,4.87329,51.3,50.3,53.8,49.62,361200,18832361,53.45,53.85
2026/04/16 11:58:57,03360,远东宏信,FE HORIZON,,7.35,-0.02,-0.27137,7.37,7.45,7.45,7.29,2024000,14837013,7.34,7.35
2026/04/16 11:59:32,03363,正业国际,ZHENGYE INT'L,,0.33,0.0,0.0,0.33,0.0,0.0,0.0,0,0,0.33,0.365
2026/04/16 11:06:14,03366,华侨城（亚洲）,OCT (ASIA),,0.255,0.0,0.0,0.255,0.255,0.255,0.255,104000,26520,0.25,0.27
2026/04/16 09:00:24,03368,百盛集团,PARKSON GROUP,,0.152,0.0,0.0,0.152,0.0,0.0,0.0,0,0,0.146,0.152
2026/04/16 11:56:49,03369,秦港股份,QHD PORT,,2.46,0.0,0.0,2.46,2.46,2.47,2.45,121000,297570,2.46,2.47
2026/04/16 11:58:54,03377,远洋集团,SINO-OCEAN GP,,0.069,0.0,0.0,0.069,0.07,0.07,0.067,19949583,1351891,0.068,0.069
2026/04/16 11:59:27,03378,翰思艾泰－Ｂ,HANXBIO-B,,28.94,-0.26,-0.89041,29.2,29.5,29.98,28.14,32400,939506,28.32,28.94
2026/04/16 11:55:27,03380,龙光集团,LOGAN GROUP,,1.25,-0.02,-1.5748,1.27,1.28,1.28,1.25,772000,973600,1.25,1.26
2026/04/16 11:49:14,03382,天津港发展,TIANJINPORT DEV,,0.7,0.01,1.44928,0.69,0.7,0.7,0.69,56504,39212,0.69,0.7
2026/04/16 11:53:15,03383,雅居乐集团,AGILE GROUP,,0.242,0.002,0.83333,0.24,0.244,0.244,0.24,72000,17336,0.241,0.242
2026/04/16 10:22:32,03389,亨得利,HENGDELI,,0.173,0.001,0.5814,0.172,0.173,0.173,0.173,400000,69200,0.173,0.18
2026/04/16 11:56:56,03390,满贯集团,TYCOON GROUP,,0.26,-0.025,-8.77193,0.285,0.29,0.29,0.232,12808000,3243386,0.255,0.265
2026/04/16 11:59:12,03393,威胜控股,WASION HOLDINGS,,31.04,0.38,1.2394,30.66,31.04,31.34,30.42,1752000,54030020,31.0,31.04
2026/04/16 11:16:28,03395,吉星新能源,JX ENERGY,,0.26,0.0,0.0,0.26,0.26,0.26,0.26,29000,7540,0.25,0.26
2026/04/16 11:59:35,03396,联想控股,LEGENDHOLDING,,9.3,0.21,2.31023,9.09,9.11,9.32,9.11,3092400,28437771,9.3,9.32
2026/04/16 11:39:03,03398,华鼎控股,CHINA TING,,0.055,-0.005,-8.33333,0.06,0.056,0.058,0.053,104000,5686,0.055,0.058
2026/04/16 11:20:15,03399,粤运交通,YUEYUN TRANS,,1.5,0.0,0.0,1.5,1.49,1.5,1.48,99000,148100,1.49,1.5
2026/04/16 11:58:12,03600,现代牙科,MODERN DENTAL,,6.51,0.05,0.77399,6.46,6.46,6.55,6.46,291000,1893580,6.49,6.52
2026/04/16 10:43:15,03601,鲁大师,LUDASHI,,0.83,0.0,0.0,0.83,0.83,0.83,0.83,25000,20750,0.82,0.84
2026/04/16 11:58:27,03603,信基沙溪,XINJI SHAXI,,0.07,0.009,14.7541,0.061,0.063,0.08,0.057,2757000,186831,0.067,0.076
2026/04/16 11:59:35,03606,福耀玻璃,FUYAO GLASS,,62.5,0.6,0.96931,61.9,61.75,63.5,61.75,334000,20812370,62.5,62.6
2026/04/16 11:59:49,03613,同仁堂国药,TONGRENTANGCM,,7.66,0.0,0.0,7.66,7.68,7.74,7.65,570000,4381820,7.65,7.67
2026/04/16 09:48:44,03616,恒达集团控股,EVER REACH GP,,0.209,0.0,0.0,0.209,0.0,0.0,0.0,0,0,0.195,0.208
2026/04/16 11:59:50,03618,重庆农村商业银行,CQRC BANK,,7.0,-0.15,-2.0979,7.15,7.08,7.09,6.96,5522000,38748435,6.99,7.0
2026/04/16 11:15:35,03623,中国金融发展,C SUCCESS FIN,,0.74,0.0,0.0,0.74,0.0,0.0,0.0,0,0,0.71,0.74
2026/04/16 12:31:42,03625,傅里叶,FOURSEMI,,140.9,4.2,3.07242,136.7,136.7,149.0,135.0,228626,32714800,138.39999,141.0
2026/04/16 09:36:01,03626,启明东方控股,EAST NOVA HLDGS,,2.18,0.0,0.0,2.18,2.2,2.2,2.18,6000,13160,2.16,2.2
2026/04/16 11:59:30,03628,仁恒实业控股,RENHENG ENT,,0.195,0.0,0.0,0.195,0.0,0.0,0.0,0,0,0.171,0.21
2026/04/16 11:58:48,03633,中裕能源,ZHONGYU ENERGY,,2.73,0.0,0.0,2.73,2.75,2.81,2.71,1836000,5022920,2.71,2.73
2026/04/16 11:59:53,03636,金浔资源,JINXUN RESOURCE,,26.9,0.82,3.14417,26.08,26.4,27.46,25.68,164600,4341276,26.9,27.04
2026/04/16 11:45:57,03638,亨利加集团,HUNLICAR GROUP,,8.74,-0.01,-0.11429,8.75,8.75,8.75,8.6,37000,320870,8.65,8.75
2026/04/16 11:43:52,03639,亿达中国,YIDA CHINA,,0.042,0.0,0.0,0.042,0.042,0.042,0.042,4000,168,0.042,0.045
2026/04/16 11:55:47,03650,KEEP,KEEP,,2.96,0.09,3.13589,2.87,2.86,3.02,2.83,655800,1929381,2.95,2.96
2026/04/16 11:38:51,03658,新希望服务,NEW HOPE SERV,,1.95,-0.04,-2.01005,1.99,1.98,1.98,1.95,274000,537140,1.96,2.0
2026/04/16 11:58:22,03660,奇富科技－Ｓ,QFIN-S,,56.1,0.75,1.35501,55.35,55.25,56.1,55.2,20900,1167865,56.2,56.3
2026/04/16 11:37:07,03662,星悦康旅,STARJOY W&T,,0.295,0.0,0.0,0.295,0.295,0.305,0.29,155000,45710,0.29,0.295
2026/04/16 08:55:00,03666,上海小南国,SHANGHAI XNG,,0.024,0.0,0.0,0.024,0.0,0.0,0.0,0,0,0.0,0.0
2026/04/16 11:59:53,03668,兖煤澳大利亚,YANCOAL AUS,,38.58,-0.7,-1.78208,39.28,39.28,39.28,38.54,901800,35042250,38.56,38.58
2026/04/16 11:58:43,03669,永达汽车,YONGDA AUTO,,1.14,-0.01,-0.86957,1.15,1.15,1.16,1.13,678000,776273,1.14,1.15
2026/04/16 11:59:41,03677,正力新能,ZENERGY,,7.98,0.36,4.72441,7.62,7.74,8.1,7.7,10902900,86541588,7.97,7.98
2026/04/16 11:58:38,03678,弘业期货,HOLLY FUTURES,,2.86,0.02,0.70423,2.84,2.86,2.89,2.83,2477000,7089400,2.85,2.87
2026/04/16 11:59:50,03680,瑞和数智,RUIHE DATA,,2.44,-0.07,-2.78885,2.51,2.51,2.51,2.3,5918000,14365930,2.4,2.45
2026/04/16 11:56:49,03681,中国抗体－Ｂ,SINOMAB BIO-B,,1.65,-0.04,-2.36686,1.69,1.66,1.7,1.63,2391600,3958482,1.63,1.65
2026/04/16 10:56:33,03683,荣丰亿控股,GREAT HARVEST,,0.064,0.0,0.0,0.064,0.0,0.0,0.0,0,0,0.062,0.064
2026/04/16 11:57:13,03686,祈福生活服务,CLIFFORDML,,0.76,0.01,1.33333,0.75,0.77,0.77,0.76,50000,38100,0.75,0.76
2026/04/16 11:59:33,03688,莱蒙国际,TOP SPRING,,0.305,0.0,0.0,0.305,0.0,0.0,0.0,0,0,0.27,0.31
2026/04/16 11:41:29,03689,康华医疗,KANGHUA HEALTH,,2.06,0.0,0.0,2.06,0.0,0.0,0.0,0,0,2.04,2.15
2026/04/16 11:59:54,03690,美团－Ｗ,MEITUAN-W,,88.5,2.2,2.54925,86.3,86.85,89.15,86.0,22139560,1943529828,88.5,88.55
2026/04/16 11:59:32,03692,翰森制药,HANSOH PHARMA,,39.64,0.24,0.60914,39.4,39.58,40.18,39.54,3753021,149479246,39.64,39.66
2026/04/16 11:59:58,03696,英矽智能,INSILICO,,60.45,0.1,0.1657,60.35,60.85,62.95,60.2,1932400,119156915,60.45,60.65
2026/04/16 11:59:41,03698,徽商银行,HUISHANG BANK,,4.81,-0.11,-2.23577,4.92,4.92,4.92,4.8,4226000,20426090,4.81,4.83
2026/04/16 09:04:28,03699,光大永年,EB GRAND CHINA,,0.365,0.0,0.0,0.365,0.0,0.0,0.0,0,0,0.36,0.37
2026/04/16 11:58:31,03700,映宇宙,INKEVERSE,,0.71,-0.03,-4.05405,0.74,0.74,0.74,0.7,535000,381420,0.71,0.73
2026/04/16 11:14:14,03708,世界数字经济产业,WORLD DIGI ECON,,0.238,-0.009,-3.64373,0.247,0.234,0.26,0.233,3160000,765430,0.237,0.249
2026/04/16 11:58:47,03709,赢家时尚,EEKA FASHION,,6.52,0.12,1.875,6.4,6.39,6.61,6.39,524500,3423772,6.51,6.56
2026/04/16 11:58:59,03718,北控城市资源,BJ ENT URBAN,,0.43,0.0,0.0,0.43,0.43,0.43,0.43,2672000,1148960,0.425,0.43
2026/04/16 09:41:10,03728,正利控股,CHING LEE,,0.062,0.0,0.0,0.062,0.0,0.0,0.0,0,0,0.061,0.065
2026/04/16 11:38:00,03737,中智药业,ZHONGZHIPHARM,,0.86,0.02,2.38095,0.84,0.84,0.87,0.83,192000,163000,0.84,0.86
2026/04/16 11:59:58,03738,阜博集团,VOBILE GROUP,,3.81,0.15,4.09836,3.66,3.73,3.89,3.7,17010000,64691760,3.81,3.83
2026/04/16 11:59:57,03750,宁德时代,CATL,,723.0,67.5,10.29748,655.5,684.5,724.5,682.5,3686793,2612932922,722.5,723.0
2026/04/16 11:59:50,03759,康龙化成,PHARMARON,,21.88,0.3,1.39018,21.58,21.88,22.08,21.44,2752400,60096474,21.84,21.88
2026/04/16 09:10:28,03768,滇池水务,DCWT,,0.64,0.0,0.0,0.64,0.0,0.0,0.0,0,0,0.63,0.65
2026/04/16 12:31:42,03773,银盛数惠,YS DIGIFAVOR,,2.19,-0.01,-0.45455,2.2,2.2,2.2,2.1,16000,34640,2.13,2.18
2026/04/16 11:27:38,03778,中国织材控股,CHINA WEAVING,,3.0,0.0,0.0,3.0,3.0,3.0,3.0,40000,120000,2.55,3.0
2026/04/16 11:58:25,03788,罕王黄金,HANKING GOLD,,4.01,0.1,2.55755,3.91,3.91,4.05,3.86,1598000,6341600,4.01,4.03
2026/04/16 10:33:54,03789,御佳控股,ROYAL DELUXE,,0.104,0.0,0.0,0.104,0.0,0.0,0.0,0,0,0.105,0.0
2026/04/16 10:49:21,03798,家乡互动,HOMELAND ITL,,1.35,0.04,3.05344,1.31,1.34,1.35,1.29,104000,140240,1.3,1.35
2026/04/16 11:59:52,03800,协鑫科技,GCL TECH,,0.97,-0.01,-1.02041,0.98,0.99,1.0,0.97,64206000,63123184,0.97,0.98
2026/04/16 11:59:54,03808,中国重汽,SINOTRUK,,42.86,-0.4,-0.92464,43.26,43.62,43.7,42.2,4762520,203923302,42.86,42.92
2026/04/16 11:21:18,03813,宝胜国际,POU SHENG INT'L,,0.41,0.0,0.0,0.41,0.0,0.0,0.0,0,0,0.4,0.41
2026/04/16 11:37:21,03816,ＫＦＭ金德,KFM KINGDOM,,2.42,0.03,1.25523,2.39,2.4,2.42,2.4,56000,134640,2.42,2.48
2026/04/16 11:29:53,03818,中国动向,CHINA DONGXIANG,,0.415,0.0,0.0,0.415,0.415,0.415,0.41,746000,309560,0.41,0.415
2026/04/16 11:59:30,03822,三和建筑集团,SAM WOO CONS,,1.06,0.0,0.0,1.06,0.0,0.0,0.0,0,0,1.03,1.1
2026/04/16 11:19:31,03828,明辉国际,MING FAI INT'L,,0.81,0.0,0.0,0.81,0.81,0.81,0.8,47000,38050,0.8,0.81
2026/04/16 11:59:15,03830,童园国际,KIDDIELAND,,0.202,-0.016,-7.33945,0.218,0.218,0.218,0.202,2050000,425465,0.201,0.213
2026/04/16 11:52:54,03833,新疆新鑫矿业,XINXIN MINING,,2.29,-0.06,-2.55319,2.35,2.32,2.33,2.28,1590000,3649710,2.29,2.3
2026/04/16 11:59:11,03836,和谐汽车,HARMONY AUTO,,1.07,0.05,4.90196,1.02,1.04,1.09,1.04,1057500,1126475,1.05,1.07
2026/04/16 11:05:46,03838,中国淀粉,CHINA STARCH,,0.176,0.001,0.57143,0.175,0.179,0.179,0.176,255000,45480,0.176,0.177
2026/04/16 09:55:19,03839,正大企业国际,CT ENTERPRISE,,6.78,0.07,1.04322,6.71,6.58,6.78,6.58,1700,11342,6.66,6.76
2026/04/16 09:34:58,03848,浩森金融科技,HAOSEN FINTECH,,11.22,-0.01,-0.08905,11.23,11.22,11.22,11.22,102000,1144440,11.22,0.0
2026/04/16 11:59:48,03858,佳鑫国际资源,JIAXIN INTL RES,,125.5,13.6,12.15371,111.9,113.8,125.5,110.1,3027204,362982119,125.1,125.5
2026/04/16 09:30:22,03860,ＥＰＳ创健科技,EPS HEALTH TECH,,0.56,0.0,0.0,0.56,0.0,0.0,0.0,0,0,0.52,0.56
2026/04/16 11:59:39,03866,青岛银行,BQD,,4.35,-0.02,-0.45767,4.37,4.39,4.39,4.35,423000,1845245,4.35,4.36
2026/04/16 11:57:08,03868,信义能源,XINYI ENERGY,,1.19,0.01,0.84746,1.18,1.18,1.19,1.16,3012000,3529340,1.18,1.19
2026/04/16 09:00:10,03869,弘和仁爱医疗,HOSPITAL CORP,,3.5,0.0,0.0,3.5,0.0,0.0,0.0,0,0,0.0,3.99
2026/04/16 11:59:52,03877,中国船舶租赁,CSSC SHIPPING,,2.47,0.0,0.0,2.47,2.47,2.48,2.45,4043600,9974218,2.46,2.47
2026/04/16 11:22:15,03878,VICON HOLDINGS,VICON HOLDINGS,,0.21,0.0,0.0,0.21,0.0,0.0,0.0,0,0,0.199,0.22
2026/04/16 11:58:27,03880,泰德医药,MEDTIDE,,22.18,0.08,0.36199,22.1,22.0,22.2,21.76,55200,1217760,22.02,22.18
2026/04/16 11:59:51,03881,希迪智驾,CIDI,,30.62,-2.3,-6.98663,32.92,33.02,33.88,30.38,4468000,139276982,30.62,30.66
2026/04/16 09:56:15,03882,天彩控股,SKYLIGHT HLDG,,0.5,0.0,0.0,0.5,0.0,0.0,0.0,0,0,0.455,0.5
2026/04/16 11:50:39,03883,中国奥园,CHINA AOYUAN,,0.058,0.001,1.75439,0.057,0.058,0.059,0.057,817355,47598,0.058,0.059
2026/04/16 11:44:41,03886,康健国际医疗,TOWN HEALTH,,0.241,0.0,0.0,0.241,0.243,0.245,0.238,170000,41178,0.237,0.241
2026/04/16 11:59:55,03887,HASHKEY HLDGS,HASHKEY HLDGS,,4.82,0.07,1.47368,4.75,4.75,4.87,4.75,263600,1260148,4.79,4.81
2026/04/16 11:59:52,03888,金山软件,KINGSOFT,,24.48,0.9,3.81679,23.58,23.98,24.64,23.8,9151257,222498006,24.46,24.48
2026/04/16 09:30:36,03889,大成玉米集团,GLOBAL CORN GP,,0.086,0.0,0.0,0.086,0.0,0.0,0.0,0,0,0.085,0.091
2026/04/16 11:59:55,03893,易纬集团,CROSSTEC,,1.09,0.05,4.80769,1.04,1.11,1.11,1.08,242000,263060,1.07,1.11
2026/04/16 11:59:50,03896,金山云,KINGSOFT CLOUD,,9.04,0.33,3.78875,8.71,8.9,9.2,8.76,54212130,490368672,9.03,9.04
2026/04/16 11:59:55,03898,时代电气,TIMES ELECTRIC,,37.92,-0.28,-0.73298,38.2,38.62,38.62,37.48,1026000,38836385,37.9,37.92
2026/04/16 11:56:19,03899,中集安瑞科,CIMC ENRIC,,10.72,-0.05,-0.46425,10.77,10.57,10.87,10.57,1078742,11532868,10.69,10.72
2026/04/16 11:59:51,03900,绿城中国,GREENTOWN CHINA,,9.05,-0.15,-1.63044,9.2,9.2,9.24,9.02,5079000,46166250,9.05,9.1
2026/04/16 08:55:00,03903,瀚华金控,HANHUA FIN,,0.168,0.0,0.0,0.168,0.0,0.0,0.0,0,0,0.0,0.0
2026/04/16 11:59:52,03908,中金公司,CICC,,20.04,0.78,4.04984,19.26,20.02,20.12,19.66,17734180,353375912,20.04,20.06
2026/04/16 12:29:58,03913,合景悠活,KWG LIVING,,0.181,-0.003,-1.63044,0.184,0.184,0.189,0.181,437549,79398,0.181,0.187
2026/04/16 11:56:11,03918,金界控股,NAGACORP,,4.15,-0.05,-1.19048,4.2,4.24,4.24,4.14,1724000,7186420,4.14,4.15
2026/04/16 11:59:25,03919,金力集团,GOLDENPOWER,,1.38,0.0,0.0,1.38,0.0,0.0,0.0,0,0,1.31,1.49
2026/04/16 11:59:57,03928,中国新零售供应链,CHINA NEXT-GEN,,18.08,-0.02,-0.1105,18.1,18.1,18.3,17.9,150000,2715960,17.92,18.1
2026/04/16 11:59:24,03931,中创新航,CALB,,37.94,0.64,1.71582,37.3,37.36,39.3,37.12,6233600,237818486,37.92,37.94
2026/04/16 11:59:41,03933,联邦制药,UNITED LAB,,10.16,-0.15,-1.4549,10.31,10.3,10.31,10.14,1976000,20141538,10.15,10.16
2026/04/16 11:11:08,03938,ＬＦＧ投资控股,LFG INV HLDGS,,3.67,-0.04,-1.07817,3.71,3.79,3.79,3.67,18000,66640,3.66,3.7
2026/04/16 11:59:55,03939,万国黄金集团,WANGUO GOLD GP,,13.36,0.03,0.22506,13.33,13.46,13.46,13.19,7342000,97753479,13.35,13.42
2026/04/16 11:59:41,03958,东方证券,DFZQ,,6.11,0.14,2.34506,5.97,6.07,6.14,5.98,5062400,30780296,6.09,6.11
2026/04/16 09:00:52,03963,融众金融,RONGZHONG FIN,,0.138,0.0,0.0,0.138,0.0,0.0,0.0,0,0,0.132,0.0
2026/04/16 11:59:51,03968,招商银行,CM BANK,,51.4,0.6,1.1811,50.8,51.0,51.45,51.0,6577767,336866773,51.35,51.4
2026/04/16 11:57:43,03969,中国通号,CHINA CRSC,,3.61,-0.05,-1.36612,3.66,3.63,3.65,3.6,1444000,5227720,3.61,3.62
2026/04/16 11:58:38,03978,卓越教育集团,BESTSTUDY EDU,,3.43,0.01,0.2924,3.42,3.42,3.47,3.4,135000,462920,3.41,3.42
2026/04/16 11:57:27,03983,中海石油化学,CHINA BLUECHEM,,2.79,0.02,0.72202,2.77,2.78,2.82,2.74,2469313,6860636,2.78,2.79
2026/04/16 12:30:10,03986,兆易创新,GIGADEVICE,,441.8,34.2,8.39058,407.6,409.0,445.0,398.8,1208729,513358409,440.79999,441.79999
2026/04/16 11:59:31,03988,中国银行,BANK OF CHINA,,5.12,-0.01,-0.19493,5.13,5.14,5.15,5.11,43288679,221669852,5.11,5.12
2026/04/16 12:31:42,03989,首创环境,CAPITAL ENV,,0.1,-0.003,-2.91262,0.103,0.103,0.105,0.1,286000,29322,0.101,0.103
2026/04/16 11:56:05,03990,美的置业,MIDEA REAL EST,,3.44,-0.08,-2.27273,3.52,3.52,3.57,3.44,530400,1855842,3.44,3.45
2026/04/16 10:11:48,03991,长虹佳华,CHANGHONG JH,,1.13,0.0,0.0,1.13,1.13,1.13,1.13,380000,429400,1.13,1.14
2026/04/16 11:59:47,03993,洛阳钼业,CMOC,,19.5,0.18,0.93168,19.32,19.32,19.6,19.13,16792082,324696436,19.49,19.51
2026/04/16 11:59:13,03996,中国能源建设,CH ENERGY ENG,,1.26,0.01,0.8,1.25,1.25,1.27,1.25,28900000,36351330,1.26,1.27
2026/04/16 11:59:31,03997,电讯首科,TSO,,0.88,0.0,0.0,0.88,0.0,0.0,0.0,0,0,0.89,0.98
2026/04/16 11:59:47,03998,波司登,BOSIDENG,,4.11,0.07,1.73267,4.04,4.1,4.17,4.08,9540652,39245926,4.11,4.12
2026/04/16 09:31:32,03999,大成食品,DACHAN FOOD,,0.61,0.0,0.0,0.61,0.0,0.0,0.0,0,0,0.59,0.61
2026/04/16 09:05:34,04332,AMGEN-T,AMGEN-T,,0.0,0.0,0.0,0.0,0.0,0.0,0.0,0,0,0.185,0.0
2026/04/16 09:03:22,04333,思科－Ｔ,CISCO-T,,150.0,0.0,0.0,150.0,0.0,0.0,0.0,0,0,250.0,620.0
2026/04/16 09:02:40,04335,英特尔－Ｔ,INTEL-T,,0.0,0.0,0.0,0.0,0.0,0.0,0.0,0,0,100.0,0.0
2026/04/16 09:03:00,04336,应用材料－Ｔ,APPL MATERIAL-T,,0.0,0.0,0.0,0.0,0.0,0.0,0.0,0,0,700.0,0.0
2026/04/16 09:03:21,04337,星巴克－Ｔ,STARBUCKS-T,,0.0,0.0,0.0,0.0,0.0,0.0,0.0,0,0,500.0,0.0
2026/04/16 09:03:39,04338,微软－Ｔ,MICROSOFT-T,,0.0,0.0,0.0,0.0,0.0,0.0,0.0,0,0,2000.0,0.0
2026/04/16 11:59:47,06030,中信证券,CITIC SEC,,27.6,0.72,2.67857,26.88,27.2,27.7,27.1,8093897,222067684,27.52,27.6
2026/04/16 11:59:48,06031,三一重工,SANY HEAVY IND,,21.8,-0.4,-1.8018,22.2,22.02,22.5,21.72,1552400,34051760,21.8,21.82
2026/04/16 10:53:20,06033,电讯数码控股,TELECOM DIGIT,,0.57,0.0,0.0,0.57,0.57,0.57,0.57,7000,3990,0.57,0.6
2026/04/16 11:48:24,06036,光丽科技,APEX ACE HLDG,,0.485,0.0,0.0,0.485,0.48,0.5,0.48,145000,71050,0.485,0.51
2026/04/16 11:29:15,06038,信越控股,G & M HLDGS,,0.395,0.02,5.33333,0.375,0.38,0.395,0.38,40000,15600,0.385,0.39
2026/04/16 11:59:09,06049,保利物业,POLY PPT SER,,31.6,-0.1,-0.31546,31.7,31.88,31.88,31.58,201000,6372444,31.6,31.62
2026/04/16 11:58:34,06055,中烟香港,CTIHK,,31.44,0.74,2.41042,30.7,30.98,31.56,30.7,1130000,35358220,31.42,31.44
2026/04/16 11:59:00,06058,兴证国际,CISI FIN,,0.54,0.02,3.84615,0.52,0.52,0.54,0.52,1358000,717200,0.53,0.54
2026/04/16 11:59:48,06060,众安在线,ZA ONLINE,,12.8,0.12,0.94637,12.68,12.78,12.81,12.63,4758900,60454283,12.79,12.8
2026/04/16 11:49:56,06063,智中国际,LOTUS HORIZON,,0.46,0.01,2.22222,0.45,0.45,0.46,0.435,8048000,3575200,0.44,0.46
2026/04/16 11:58:03,06066,中信建投证券,CSC,,11.23,0.28,2.55708,10.95,11.01,11.3,11.01,2010500,22473150,11.24,11.25
2026/04/16 09:51:59,06068,光正教育,WISDOM EDU INTL,,0.071,0.0,0.0,0.071,0.0,0.0,0.0,0,0,0.067,0.07
2026/04/16 11:56:19,06069,盛业,SY HOLDINGS,,9.52,-0.07,-0.72993,9.59,9.83,9.83,9.5,5638500,54280095,9.52,9.59
2026/04/16 11:59:53,06078,海吉亚医疗,HYGEIA HEALTH,,12.49,0.01,0.08013,12.48,12.48,12.55,12.36,871000,10835027,12.48,12.49
2026/04/16 11:55:45,06080,荣智控股,WING CHI HLDGS,,0.135,0.005,3.84615,0.13,0.13,0.135,0.124,534000,69918,0.127,0.135
2026/04/16 11:59:57,06082,壁仞科技,BIREN TECH,,46.84,8.26,21.41006,38.58,39.0,47.66,38.72,23356840,1020757992,46.84,46.96
2026/04/16 11:59:39,06083,环宇物流（亚洲）,WORLD-LINK LOG,,0.58,0.0,0.0,0.58,0.59,0.59,0.58,88000,51840,0.58,0.59
2026/04/16 12:32:50,06086,方舟健客,FANGZHOU JIANKE,,1.41,0.04,2.91971,1.37,1.37,1.41,1.33,679500,943810,1.4,1.42
2026/04/16 11:59:56,06088,FIT HON TENG,FIT HON TENG,,7.87,0.37,4.93333,7.5,7.63,7.95,7.36,30975000,238048815,7.85,7.86
2026/04/16 12:00:00,06090,不同集团,BUTONG GROUP,,42.38,2.02,5.00496,40.36,41.0,46.16,40.7,8311530,359026081,42.38,42.4
2026/04/16 10:47:10,06093,和泓服务,HEVOL SERVICES,,0.67,0.0,0.0,0.67,0.0,0.0,0.0,0,0,0.64,0.75
2026/04/16 11:59:45,06098,碧桂园服务,CG SERVICES,,6.31,-0.04,-0.62992,6.35,6.31,6.34,6.29,1576272,9951451,6.3,6.31
2026/04/16 12:30:00,06099,招商证券,CMSC,,14.06,0.18,1.29683,13.88,14.0,14.15,13.88,1442400,20234768,14.05,14.08
2026/04/16 11:59:03,06100,同道猎聘,TONGDAO LIEPIN,,2.83,0.06,2.16607,2.77,2.8,2.87,2.74,434400,1216740,2.8,2.83
2026/04/16 11:56:19,06108,新锐医药,NEW RAY MEDIC,,0.213,-0.001,-0.46729,0.214,0.213,0.213,0.213,100800,21408,0.203,0.208
2026/04/16 11:59:58,06110,滔搏,TOPSPORTS,,2.87,0.05,1.77305,2.82,2.82,2.88,2.82,3780000,10758828,2.86,2.87
2026/04/16 11:59:31,06113,比特策略,BITSTRAT HLDGS,,1.29,0.18,16.21622,1.11,1.13,1.29,1.13,20000,24040,1.06,1.3
2026/04/16 09:00:22,06117,日照港裕廊,RIZHAO PORT JR,,0.66,0.0,0.0,0.66,0.0,0.0,0.0,0,0,0.65,0.68
2026/04/16 11:56:03,06118,奥星生命科技,AUSTAR,,0.8,-0.05,-5.88235,0.85,0.9,0.9,0.8,449000,368060,0.8,0.81
2026/04/16 08:55:00,06119,天源集团,TIAN YUAN GP,,0.44,0.0,0.0,0.44,0.0,0.0,0.0,0,0,0.0,0.0
2026/04/16 11:28:24,06123,圆通国际快递,YTO INTL EXP,,1.42,0.0,0.0,1.42,1.42,1.42,1.42,58000,82360,1.42,1.46
2026/04/16 11:59:28,06127,昭衍新药,JOINN,,22.84,0.02,0.08764,22.82,22.8,23.12,22.32,1835552,41754299,22.82,22.84
2026/04/16 11:58:37,06128,烯石电车新材料,GRAPHEX GROUP,,0.054,-0.002,-3.57143,0.056,0.056,0.059,0.053,3710000,201350,0.054,0.055
2026/04/16 08:55:00,06133,维太创科,VITAL INNO,,0.27,0.0,0.0,0.27,0.0,0.0,0.0,0,0,0.0,0.0
2026/04/16 11:43:29,06136,康达环保,KANGDA ENV,,0.74,0.02,2.77778,0.72,0.72,0.74,0.72,70000,51580,0.72,0.74
2026/04/16 11:59:24,06138,哈尔滨银行,HARBIN BANK,,0.34,0.0,0.0,0.34,0.34,0.34,0.34,389000,132260,0.335,0.345
2026/04/16 11:47:10,06158,正荣地产,ZHENRO PPT,,0.019,0.001,5.55556,0.018,0.016,0.02,0.016,146000,2634,0.017,0.019
2026/04/16 11:59:47,06160,百济神州,BEONE MEDICINES,,194.5,4.0,2.09974,190.5,193.0,196.0,192.0,2400164,466484054,194.5,194.60001
2026/04/16 11:55:54,06162,天瑞汽车内饰,TR INTERIORS,,0.178,0.0,0.0,0.178,0.184,0.184,0.171,448000,80008,0.179,0.183
2026/04/16 10:33:58,06163,彭顺国际,GEMILANG INTL,,0.275,0.005,1.85185,0.27,0.275,0.275,0.275,8000,2200,0.27,0.3
2026/04/16 11:59:32,06166,剑桥科技,CIG,,89.9,3.55,4.11118,86.35,85.95,90.2,84.55,3076825,269424305,89.9,89.95
2026/04/16 11:47:21,06168,周六福,ZHOU LIU FU,,18.38,0.18,0.98901,18.2,18.0,18.49,18.0,251300,4593017,18.31,18.38
2026/04/16 11:59:19,06169,宇华教育,YUHUA EDU,,0.465,0.0,0.0,0.465,0.485,0.485,0.46,654000,306970,0.465,0.47
2026/04/16 12:30:00,06178,光大证券,EB SECURITIES,,8.18,0.1,1.23762,8.08,8.08,8.2,8.08,1854600,15104472,8.16,8.19
2026/04/16 11:59:59,06181,老铺黄金,LAOPU GOLD,,659.0,-14.0,-2.08024,673.0,673.0,680.0,656.5,318400,211416495,658.5,659.5
2026/04/16 08:55:00,06182,乙德投资控股,TWINTEK,,0.74,0.0,0.0,0.74,0.0,0.0,0.0,0,0,0.0,0.0
2026/04/16 12:30:00,06185,康希诺生物,CANSINOBIO,,34.76,0.52,1.51869,34.24,34.34,34.96,33.98,406600,14034418,34.76,34.8
2026/04/16 11:59:58,06186,中国飞鹤,CHINA FEIHE,,3.4,0.0,0.0,3.4,3.42,3.42,3.33,11332000,38098300,3.39,3.4
2026/04/16 11:59:22,06188,迪信通,BJ DIGITAL,,0.42,0.0,0.0,0.42,0.0,0.0,0.0,0,0,0.355,0.42
2026/04/16 08:55:00,06189,爱得威建设集团,ADWAY,,0.072,0.0,0.0,0.072,0.0,0.0,0.0,0,0,0.0,0.0
2026/04/16 11:02:24,06190,九江银行,BANKOFJIUJIANG,,2.31,0.0,0.0,2.31,0.0,0.0,0.0,0,0,2.2,2.28
2026/04/16 11:59:22,06193,泰林科建,TAILAM TECHCON,,0.29,0.005,1.75439,0.285,0.3,0.325,0.29,178000,55230,0.29,0.325
2026/04/16 11:29:48,06196,郑州银行,BANKOFZHENGZHOU,,1.02,0.01,0.9901,1.01,1.02,1.02,1.01,835000,848830,1.01,1.02
2026/04/16 11:59:44,06198,青岛港,QINGDAO PORT,,7.6,0.21,2.84168,7.39,7.4,7.61,7.4,2078000,15704955,7.6,7.61
2026/04/16 09:38:13,06199,贵州银行,BANK OF GUIZHOU,,0.99,0.0,0.0,0.99,0.0,0.0,0.0,0,0,0.99,1.0
2026/04/16 11:59:51,06600,卧安机器人,ONEROBOTICS,,116.8,-1.2,-1.01695,118.0,120.0,124.4,113.8,475807,56029946,116.8,117.0
2026/04/16 11:45:37,06601,朝云集团,CHEERWIN GP,,2.36,-0.02,-0.84034,2.38,2.38,2.39,2.34,569500,1346960,2.35,2.36
2026/04/16 11:57:52,06603,IFBH,IFBH,,11.4,-0.13,-1.12749,11.53,11.53,11.54,11.13,878000,9947726,11.39,11.44
2026/04/16 11:51:56,06608,百融云－Ｗ,BAIRONG-W,,7.1,-0.04,-0.56022,7.14,7.31,7.5,7.1,882500,6421590,7.1,7.11
2026/04/16 12:29:58,06609,心玮医疗－Ｂ,HEARTCARE-B,,54.1,-1.6,-2.87253,55.7,55.95,55.95,53.55,61600,3323342,53.85,54.6
2026/04/16 11:59:39,06610,飞天云动,FLOWING CLOUD,,1.58,-0.35,-18.13472,1.93,1.93,1.93,1.38,1904451,3211265,1.52,1.58
2026/04/16 08:55:00,06611,三巽集团,SANXUN GROUP,,0.046,0.0,0.0,0.046,0.0,0.0,0.0,0,0,0.0,0.0
2026/04/16 11:59:59,06613,蓝思科技,LENS,,16.88,-2.78,-14.14039,19.66,18.15,18.15,15.68,47478601,782317377,16.88,16.89
2026/04/16 11:59:39,06616,环球新材国际,GLOBAL NEW MAT,,7.32,0.02,0.27397,7.3,7.39,7.62,6.88,1911000,13942319,7.28,7.32
2026/04/16 11:59:45,06618,京东健康,JD HEALTH,,49.9,0.84,1.71219,49.06,48.96,50.0,48.74,2021150,100150126,49.9,49.92
2026/04/16 11:57:08,06622,兆科眼科－Ｂ,ZHAOKE OPHTH-B,,3.04,-0.01,-0.32787,3.05,3.07,3.07,3.02,176000,535465,3.04,3.06
2026/04/16 08:55:00,06623,陆控,LUFAX,,10.9,0.0,0.0,10.9,0.0,0.0,0.0,0,0,0.0,0.0
2026/04/16 11:53:27,06626,越秀服务,YUEXIU SERVICES,,1.74,0.0,0.0,1.74,1.75,1.75,1.73,278000,484435,1.74,1.76
2026/04/16 11:54:35,06628,创胜集团医药－Ｂ,TRANSCENTA-B,,2.76,-0.04,-1.42857,2.8,2.8,2.8,2.74,183000,503885,2.74,2.76
2026/04/16 09:01:14,06633,青瓷游戏,QINGCI GAMES,,2.77,0.0,0.0,2.77,0.0,0.0,0.0,0,0,2.71,0.0
2026/04/16 11:59:56,06636,极视角,EXTREME VISION,,101.7,7.5,7.96178,94.2,95.95,105.5,93.35,538450,54083690,100.1,101.7
2026/04/16 08:55:00,06639,瑞尔集团,ARRAIL GROUP,,1.83,0.0,0.0,1.83,0.0,0.0,0.0,0,0,0.0,0.0
2026/04/16 11:59:59,06651,五一视界,51WORLD,,55.25,-1.25,-2.21239,56.5,56.4,57.0,52.25,9401898,512310046,55.25,55.4
2026/04/16 11:59:37,06655,华新建材,HX BLDG MAT,,17.57,0.09,0.51487,17.48,17.5,17.8,17.28,980808,17173109,17.55,17.57
2026/04/16 11:59:59,06656,思格新能,SIGENERGY,,595.0,270.79999,83.52868,324.20001,581.0,599.0,560.5,5450879,3175701593,595.0,596.0
2026/04/16 11:48:58,06657,百望股份,BAIWANG CO,,14.6,-0.4,-2.66667,15.0,15.01,15.01,14.6,1200,17601,14.2,14.99
2026/04/16 11:58:48,06660,艾美疫苗,AIM VACCINE,,3.06,0.02,0.6579,3.04,2.95,3.1,2.89,2230800,6646132,3.06,3.07
2026/04/16 08:55:00,06661,湖州燃气,HUZHOU GAS,,5.28,0.0,0.0,5.28,0.0,0.0,0.0,0,0,0.0,0.0
2026/04/16 11:29:24,06663,国际永胜集团,IWS GROUP,,0.255,-0.015,-5.55556,0.27,0.27,0.27,0.255,120000,32000,0.255,0.265
2026/04/16 11:58:30,06666,恒大物业,EVERG SERVICES,,1.23,0.04,3.36135,1.19,1.2,1.24,1.2,24360858,29788994,1.22,1.23
2026/04/16 10:40:10,06667,美因基因,MEGA GENOMICS,,7.31,0.0,0.0,7.31,0.0,0.0,0.0,10000,73100,7.32,7.5
2026/04/16 10:22:54,06668,星盛商业,E-STAR CM,,1.36,-0.01,-0.72993,1.37,1.36,1.36,1.35,162000,220200,1.36,1.37
2026/04/16 11:58:56,06669,先瑞达医疗－Ｂ,ACOTEC-B,,11.07,-0.38,-3.31878,11.45,11.4,11.47,11.02,109000,1219570,11.07,11.16
2026/04/16 11:54:45,06676,找钢网－Ｗ,ZG GROUP-W,,1.26,-0.02,-1.5625,1.28,1.29,1.29,1.26,392000,498805,1.26,1.28
2026/04/16 09:30:11,06677,远洋服务,SINO-OCEAN SERV,,0.35,0.0,0.0,0.35,0.0,0.0,0.0,0,0,0.34,0.35
2026/04/16 11:59:44,06680,金力永磁,JLMAG,,21.14,0.56,2.72109,20.58,20.9,21.16,20.56,2397400,50183990,21.1,21.14
2026/04/16 11:56:59,06681,脑动极光－Ｂ,BRAINAURORA-B,,4.2,0.01,0.23866,4.19,4.23,4.31,4.17,5875000,24848780,4.2,4.21
2026/04/16 11:59:58,06682,范式智能,PHANCY,,40.5,0.64,1.60562,39.86,40.58,40.78,39.88,1661700,66990352,40.44,40.5
2026/04/16 11:58:56,06683,巨星传奇,STARPLUS LEGEND,,6.23,0.12,1.96399,6.11,6.15,6.26,6.15,5644500,35087520,6.22,6.25
2026/04/16 10:47:45,06686,诺亚控股,NOAH HOLDINGS,,17.45,-0.25,-1.41243,17.7,17.5,17.5,17.37,2900,50719,17.46,17.5
2026/04/16 11:59:58,06687,聚水潭,JST GROUP,,19.59,0.57,2.99685,19.02,19.06,20.7,19.06,1949600,39089543,19.54,19.68
2026/04/16 11:59:51,06690,海尔智家,HAIER SMARTHOME,,21.2,0.28,1.33843,20.92,20.8,21.24,20.8,7315940,153864499,21.18,21.2
2026/04/16 11:59:39,06693,赤峰黄金,CHIFENG GOLD,,41.78,-0.02,-0.04785,41.8,42.5,42.5,41.52,2010600,84046708,41.76,41.8
2026/04/16 08:55:00,06696,多想云,MANY IDEA CLOUD,,2.94,0.0,0.0,2.94,0.0,0.0,0.0,0,0,0.0,0.0
2026/04/16 10:51:04,06698,星空华文,STAR CM,,1.07,0.07,7.0,1.0,1.0,1.08,1.0,23000,24461,1.02,1.06
2026/04/16 12:00:00,06699,时代天使,ANGELALIGN,,90.95,0.55,0.60841,90.4,90.4,91.5,89.35,297090,27000776,90.75,90.95
2026/04/16 11:57:46,06805,金茂源环保,KIMOU ENVIRON,,2.8,-0.08,-2.77778,2.88,2.88,2.9,2.8,16000,45640,2.8,2.88
2026/04/16 11:59:41,06806,申万宏源,SWHY,,2.91,0.05,1.74825,2.86,2.88,2.92,2.88,6408000,18576464,2.9,2.91
2026/04/16 11:58:43,06808,高鑫零售,SUNART RETAIL,,1.48,0.03,2.06897,1.45,1.46,1.48,1.4,7109500,10134852,1.47,1.48
2026/04/16 11:59:58,06809,澜起科技,MONTAGE TECH,,224.0,21.6,10.67194,202.4,202.4,224.0,199.4,1385163,298410288,223.39999,224.0
2026/04/16 11:55:24,06811,太兴集团,TAI HING GROUP,,1.09,0.0,0.0,1.09,1.09,1.09,1.09,44000,47960,1.09,1.1
2026/04/16 11:54:28,06812,永顺控股香港,WINSON HLDGS HK,,0.295,-0.005,-1.66667,0.3,0.295,0.295,0.295,5000,1475,0.3,0.325
2026/04/16 08:55:00,06816,瑞港建设,PROSPER CONS,,0.19,0.0,0.0,0.19,0.0,0.0,0.0,0,0,0.0,0.0
2026/04/16 11:55:55,06818,中国光大银行,CEB BANK,,3.17,0.04,1.27796,3.13,3.14,3.19,3.12,10723000,33880551,3.16,3.17
2026/04/16 11:54:06,06820,友谊时光,FRIENDTIMES,,0.49,0.005,1.03093,0.485,0.495,0.495,0.48,44000,21460,0.475,0.49
2026/04/16 11:55:10,06821,凯莱英,ASYMCHEM,,99.45,0.8,0.81095,98.65,100.4,101.8,98.65,170400,17141515,99.4,99.75
2026/04/16 09:10:54,06822,科劲国际,KING'S FLAIR,,0.4,0.0,0.0,0.4,0.0,0.0,0.0,0,0,0.375,0.42
2026/04/16 12:00:00,06823,香港电讯－ＳＳ,HKT-SS,,12.46,0.12,0.97245,12.34,12.33,12.52,12.3,8099565,100377931,12.46,12.47
2026/04/16 11:58:21,06826,昊海生物科技,HAOHAI BIOTEC,,21.86,-0.08,-0.36463,21.94,22.02,22.04,21.82,60900,1333030,21.86,21.9
2026/04/16 09:30:38,06828,北京燃气蓝天,BG BLUE SKY,,0.038,0.0,0.0,0.038,0.0,0.0,0.0,0,0,0.036,0.038
2026/04/16 10:56:49,06829,龙升集团控股,DRAGON RISE GP,,2.5,-0.05,-1.96078,2.55,2.51,2.51,2.5,50000,124300,2.41,2.5
2026/04/16 10:27:36,06830,华众车载,HUAZHONG IN-V,,0.238,-0.006,-2.45902,0.244,0.233,0.238,0.232,272000,63378,0.233,0.238
2026/04/16 11:59:55,06831,绿茶集团,GREEN TEA GROUP,,8.45,0.05,0.59524,8.4,8.57,8.6,8.38,1523200,12905372,8.45,8.46
2026/04/16 11:52:59,06833,兴科蓉医药,SINCO PHARMA,,0.17,0.0,0.0,0.17,0.0,0.0,0.0,0,0,0.168,0.171
2026/04/16 11:59:31,06838,盈利时,WINOX,,0.221,0.0,0.0,0.221,0.0,0.0,0.0,0,0,0.219,0.235
2026/04/16 09:30:29,06839,云南水务,YUNNAN WATER,,0.117,0.0,0.0,0.117,0.0,0.0,0.0,0,0,0.115,0.12
2026/04/16 11:59:45,06855,亚盛医药－Ｂ,ASCENTAGE-B,,53.3,0.2,0.37665,53.1,53.7,54.0,52.55,1708440,91269362,53.25,53.3
2026/04/16 09:04:27,06858,本间高尔夫,HONMAGOLF,,3.0,0.0,0.0,3.0,0.0,0.0,0.0,0,0,2.8,3.02
2026/04/16 11:58:13,06860,指尖悦动,FINGERTANGO,,0.185,0.0,0.0,0.185,0.187,0.187,0.185,37000,6873,0.178,0.185
2026/04/16 11:59:51,06862,海底捞,HAIDILAO,,15.27,0.8,5.52868,14.47,14.6,15.43,14.6,18681237,284568420,15.27,15.28
2026/04/16 11:58:18,06865,福莱特玻璃,FLAT GLASS,,9.45,0.22,2.38353,9.23,9.35,9.45,9.26,909000,8512639,9.43,9.45
2026/04/16 11:45:24,06866,佐力小贷,ZUOLI M-FIN,,0.32,-0.005,-1.53846,0.325,0.315,0.32,0.315,90000,28680,0.315,0.32
2026/04/16 11:53:16,06868,天福,TENFU,,2.82,-0.04,-1.3986,2.86,2.87,2.87,2.82,3000,8560,2.78,2.86
2026/04/16 12:30:00,06869,长飞光纤光缆,YOFC,,218.2,12.6,6.12841,205.6,203.0,218.2,199.0,11176404,2330353309,217.8,218.39999
2026/04/16 10:42:18,06877,TE HEALTHCARE,TE HEALTHCARE,,0.138,0.003,2.22222,0.135,0.136,0.139,0.136,1005000,138470,0.14,0.149
2026/04/16 08:55:00,06878,鼎丰集团汽车,DIFFER GP AUTO,,0.037,0.0,0.0,0.037,0.0,0.0,0.0,0,0,0.0,0.0
2026/04/16 11:59:58,06881,中国银河,CGS,,8.78,0.12,1.38568,8.66,8.76,8.85,8.68,10150000,88821872,8.78,8.79
2026/04/16 11:56:05,06882,东瀛游,EGL HOLDINGS,,0.52,0.02,4.0,0.5,0.5,0.52,0.5,40000,20500,0.5,0.52
2026/04/16 08:55:00,06883,颖通控股,ETERNAL BEAUTY,,2.03,0.0,0.0,2.03,0.0,0.0,0.0,0,0,0.0,0.0
2026/04/16 11:35:05,06885,金马能源,JINMA ENERGY,,1.06,-0.01,-0.93458,1.07,1.06,1.06,1.05,241000,255440,1.05,1.06
2026/04/16 11:59:50,06886,HTSC,HTSC,,16.38,0.39,2.43902,15.99,15.99,16.46,15.99,6971200,113448578,16.37,16.43
2026/04/16 11:58:21,06887,东阳光药,SUNSHINE PHARMA,,44.72,0.54,1.22227,44.18,43.6,44.98,43.56,120191,5369947,44.72,44.76
2026/04/16 11:59:25,06888,英达公路再生科技,FREETECH,,0.137,0.0,0.0,0.137,0.0,0.0,0.0,0,0,0.129,0.137
2026/04/16 10:00:06,06889,DYNAM JAPAN,DYNAM JAPAN,,3.28,-0.07,-2.08955,3.35,3.28,3.28,3.28,1200,3938,3.29,3.36
2026/04/16 09:00:53,06890,康利国际控股,KANGLI INT HLDG,,0.35,0.0,0.0,0.35,0.0,0.0,0.0,0,0,0.345,0.355
2026/04/16 11:41:42,06893,衍生集团,HINSANG GROUP,,0.233,-0.011,-4.5082,0.244,0.231,0.233,0.231,24000,5552,0.235,0.24
2026/04/16 11:43:21,06896,金嗓子,GOLDEN THROAT,,3.66,-0.05,-1.34771,3.71,3.69,3.69,3.65,197500,722585,3.66,3.68
2026/04/16 10:09:23,06898,中国铝罐,CHINA ALUMCAN,,0.74,0.0,0.0,0.74,0.0,0.0,0.0,0,0,0.69,0.71
2026/04/16 08:55:00,06899,联众,OURGAME,,0.23,0.0,0.0,0.23,0.0,0.0,0.0,0,0,0.0,0.0
2026/04/16 11:56:01,06908,宏光半导体,HG SEMI,,0.435,0.0,0.0,0.435,0.435,0.435,0.425,486000,209060,0.43,0.435
2026/04/16 11:18:43,06909,百得利控股,BETTERLIFE HLDG,,0.33,-0.01,-2.94118,0.34,0.34,0.34,0.33,296000,97880,0.325,0.33
2026/04/16 11:26:54,06911,澜沧古茶,LANCANG TEA,,2.99,0.0,0.0,2.99,0.0,0.0,0.0,0,0,2.12,3.4
2026/04/16 11:08:31,06913,华南职业教育,SCVE GROUP,,0.198,-0.01,-4.80769,0.208,0.199,0.202,0.198,404000,80406,0.198,0.209
2026/04/16 11:58:08,06918,奇士达,KIDZTECH,,0.16,0.002,1.26582,0.158,0.158,0.16,0.158,37504000,6000312,0.155,0.16
2026/04/16 11:50:54,06919,人瑞人才,RENRUI HR,,3.81,0.11,2.97297,3.7,3.8,3.81,3.8,139200,530216,3.8,3.81
2026/04/16 11:59:17,06922,康沣生物－Ｂ,CRYOFOCUS-B,,5.68,0.02,0.35336,5.66,5.78,5.81,5.66,8400,48078,5.68,5.7
2026/04/16 11:58:39,06928,万马控股,TOMO HOLDINGS,,0.238,-0.01,-4.03226,0.248,0.223,0.255,0.223,768000,176968,0.229,0.236
2026/04/16 09:50:51,06929,业聚医疗,ORBUSNEICH,,4.06,0.0,0.0,4.06,0.0,0.0,0.0,0,0,4.02,4.05
2026/04/16 11:41:45,06933,新娱科控股,SINO-ENTERTAIN,,0.76,0.02,2.7027,0.74,0.74,0.78,0.74,640000,486100,0.72,0.78
2026/04/16 11:59:56,06936,顺丰控股,SF HOLDING,,35.88,-0.26,-0.71942,36.14,36.4,36.4,35.66,748000,26857580,35.88,36.02
2026/04/16 11:59:59,06938,瑞博生物－Ｂ,RIBOLIFE-B,,67.95,-3.05,-4.29578,71.0,70.25,70.25,67.1,132800,9050700,67.4,68.0
2026/04/16 11:38:22,06939,美佳音控股,MEGAIN,,1.72,-0.01,-0.57804,1.73,1.73,1.75,1.69,276000,473740,1.72,1.74
2026/04/16 11:58:59,06955,博安生物,BOAN BIOTECH,,7.05,-0.23,-3.15934,7.28,7.3,7.3,7.0,2503400,17720596,7.05,7.07
2026/04/16 11:27:53,06958,正荣服务,ZHENRO SERVICES,,0.099,-0.002,-1.9802,0.101,0.106,0.106,0.099,557000,57355,0.099,0.107
2026/04/16 11:46:51,06959,长久股份,CHANGJIU HLDGS,,3.8,-0.08,-2.06186,3.88,3.91,4.0,3.8,36800,142344,3.8,4.0
2026/04/16 11:57:47,06960,双登股份,SHUANGDENG,,14.4,0.42,3.00429,13.98,14.16,14.46,14.09,421000,6009680,14.37,14.39
2026/04/16 11:59:26,06963,阳光保险,SUNSHINE INS,,3.67,-0.01,-0.27174,3.68,3.7,3.7,3.62,5886000,21482580,3.66,3.67
2026/04/16 11:59:24,06966,中国万桐园,C WAN TONG YUAN,,0.52,0.0,0.0,0.52,0.0,0.0,0.0,0,0,0.46,0.52
2026/04/16 11:59:34,06968,港龙中国地产,GANGLONG CHINA,,0.079,0.004,5.33333,0.075,0.075,0.08,0.075,2019000,158234,0.073,0.08
2026/04/16 11:59:46,06969,思摩尔国际,SMOORE INTL,,9.38,0.03,0.32086,9.35,9.53,9.7,9.35,5577000,52926311,9.38,9.39
2026/04/16 11:59:46,06978,永泰生物－Ｂ,IMMUNOTECH-B,,3.63,-0.04,-1.08992,3.67,3.6,3.63,3.55,316000,1130260,3.56,3.64
2026/04/16 11:59:09,06979,珍酒李渡,ZJLD,,8.84,0.07,0.79818,8.77,8.78,8.85,8.73,1855661,16325146,8.83,8.84
2026/04/16 11:58:01,06980,八马茶业,BAMA TEA,,27.52,1.06,4.00605,26.46,27.0,27.94,26.94,22700,629212,27.2,27.88
2026/04/16 11:59:28,06988,乐享集团,JOY SPREADER,,0.104,-0.026,-20.0,0.13,0.13,0.13,0.1,30518000,3401499,0.102,0.105
2026/04/16 11:57:06,06989,卓越商企服务,EXCELLENCE CM,,0.64,0.0,0.0,0.64,0.64,0.65,0.63,226000,143190,0.63,0.64
2026/04/16 11:58:59,06990,科伦博泰生物,SKB BIO,,511.5,-7.5,-1.44509,519.0,516.0,523.5,504.0,212700,108581925,509.5,511.5
2026/04/16 11:58:30,06993,蓝月亮集团,BLUE MOON GROUP,,3.02,0.03,1.00334,2.99,2.98,3.02,2.98,603000,1810245,3.0,3.02
2026/04/16 11:59:41,06996,德琪医药－Ｂ,ANTENGENE-B,,6.12,-0.03,-0.48781,6.15,6.14,6.23,5.98,2026500,12317895,6.1,6.12
2026/04/16 11:59:27,06998,亿腾嘉和,EDDING GENOR,,3.26,0.06,1.875,3.2,3.2,3.35,3.1,2796000,9101155,3.24,3.27
2026/04/16 08:55:00,06999,领地控股,LEADING HLDGS,,0.117,0.0,0.0,0.117,0.0,0.0,0.0,0,0,0.0,0.0
2026/04/16 11:59:58,07489,岚图汽车,VOYAH AUTO,,6.95,0.04,0.57887,6.91,7.06,7.06,6.81,4839418,33686192,6.91,6.95
2026/04/16 11:59:53,07618,京东工业,JD INDUSTRIALS,,14.94,-0.06,-0.4,15.0,15.0,15.1,14.34,1854000,27213172,14.93,15.0
2026/04/16 11:59:07,08003,世大控股,GREAT WORLD,,0.118,0.004,3.50877,0.114,0.114,0.118,0.11,60000,6936,0.11,0.118
2026/04/16 11:59:31,08005,裕兴科技,YUXING INFOTECH,,0.07,0.0,0.0,0.07,0.07,0.07,0.07,40000,2800,0.069,0.083
2026/04/16 11:45:46,08006,华泰瑞银,SINO SPLENDID,,0.09,0.0,0.0,0.09,0.0,0.0,0.0,187,14,0.086,0.096
2026/04/16 11:58:55,08007,环球战略集团,GLOBALSTRAT,,0.58,0.01,1.75439,0.57,0.57,0.61,0.51,1402000,815740,0.57,0.59
2026/04/16 09:30:38,08013,ECI TECH,ECI TECH,,0.062,0.0,0.0,0.062,0.0,0.0,0.0,0,0,0.056,0.063
2026/04/16 11:58:12,08017,捷利交易宝,TRADEGO,,1.23,-0.02,-1.6,1.25,1.24,1.25,1.21,928000,1148000,1.23,1.24
2026/04/16 11:45:24,08018,汇财金融投资,FINSOFT FIN,,0.045,0.0,0.0,0.045,0.045,0.045,0.045,10000,450,0.045,0.049
2026/04/16 10:21:49,08019,皓文控股,HAO WEN HLDGS,,0.214,0.0,0.0,0.214,0.0,0.0,0.0,0,0,0.0,0.255
2026/04/16 10:48:56,08020,宏海控股集团,UNITAS HOLD,,0.022,-0.001,-4.34783,0.023,0.022,0.022,0.022,670000,14740,0.022,0.023
2026/04/16 11:59:27,08023,邝文记,KWONG MAN KEE,,0.305,0.0,0.0,0.305,0.0,0.0,0.0,0,0,0.28,0.36
2026/04/16 11:59:22,08026,朗华国际集团,CB GLOBAL,,0.355,0.07,24.5614,0.285,0.355,0.355,0.355,1000,355,0.26,0.345
2026/04/16 11:59:30,08027,吉辉控股,KPM HOLDING,,0.077,0.0,0.0,0.077,0.077,0.079,0.077,585000,45645,0.077,0.085
2026/04/16 11:59:31,08028,天时资源,TIMELESS,,0.235,0.0,0.0,0.235,0.0,0.0,0.0,0,0,0.234,0.25
2026/04/16 11:58:13,08029,帝国金融集团,IMPERIUM FIN GP,,1.01,-0.02,-1.94175,1.03,1.03,1.03,1.01,45000,46150,1.01,1.05
2026/04/16 11:58:53,08030,丰银禾控股,FENGYINHE,,3.49,-0.81,-18.83721,4.3,4.09,4.3,3.3,939000,3303420,3.46,3.5
2026/04/16 11:55:33,08031,易通讯集团,ETS GROUP,,0.345,-0.005,-1.42857,0.35,0.35,0.35,0.33,110000,37940,0.335,0.35
2026/04/16 11:59:31,08033,爱达利网络,VODATEL NETWORK,,0.127,0.0,0.0,0.127,0.0,0.0,0.0,0,0,0.122,0.135
2026/04/16 09:00:00,08035,骏高控股,JANCO HOLDINGS,,0.045,0.0,0.0,0.045,0.0,0.0,0.0,0,0,0.044,0.05
2026/04/16 11:38:08,08036,电子交易集团,EBROKER GROUP,,0.026,-0.001,-3.7037,0.027,0.026,0.026,0.026,470000,12220,0.026,0.028
2026/04/16 11:58:18,08037,中国生物科技服务,CH BIOTECH SER,,0.68,-0.01,-1.44928,0.69,0.7,0.7,0.68,200000,136600,0.68,0.69
2026/04/16 08:55:00,08039,中国来骑哦,CHINA COME RIDE,,0.151,0.0,0.0,0.151,0.0,0.0,0.0,0,0,0.0,0.0
2026/04/16 10:30:17,08040,快意智能,COOLPOINT INNO,,0.4,0.0,0.0,0.4,0.0,0.0,0.0,0,0,0.38,0.395
2026/04/16 11:57:18,08041,中微智码,INTELLIMARK AI,,0.6,-0.03,-4.76191,0.63,0.63,0.63,0.6,80000,48800,0.6,0.62
2026/04/16 10:50:30,08042,高奥士人才集团,KOS TALENT GP,,0.058,0.0,0.0,0.058,0.06,0.06,0.058,230000,13360,0.058,0.06
2026/04/16 10:37:31,08043,ATLINKS,ATLINKS,,0.192,-0.005,-2.53807,0.197,0.193,0.193,0.192,70000,13485,0.192,0.198
2026/04/16 08:55:00,08047,中国海洋发展,CHINA OCEAN GP,,0.025,0.0,0.0,0.025,0.0,0.0,0.0,0,0,0.0,0.0
2026/04/16 08:55:00,08048,御德国际控股,YU TAK INT'L,,0.018,0.0,0.0,0.018,0.0,0.0,0.0,0,0,0.0,0.0
2026/04/16 11:14:09,08049,吉林长龙药业,JILIN CHANGLONG,,2.39,0.0,0.0,2.39,2.39,2.39,2.35,40000,95440,2.33,2.4
2026/04/16 11:51:00,08050,城市酷选,CITY COOLXUAN,,1.02,0.06,6.25,0.96,0.97,1.19,0.95,198000,200300,0.83,1.02
2026/04/16 11:13:57,08051,讯智海,CIRCUTECH,,2.55,0.0,0.0,2.55,0.0,0.0,0.0,0,0,2.55,2.76
2026/04/16 08:55:00,08052,陆庆娱乐,LUK HING ENT,,0.041,0.0,0.0,0.041,0.0,0.0,0.0,0,0,0.0,0.0
2026/04/16 10:20:30,08056,生活概念,LIFE CONCEPTS,,0.135,0.0,0.0,0.135,0.0,0.0,0.0,8500,913,0.125,0.15
2026/04/16 11:48:48,08057,麦迪森控股,MADISON HLDG,,0.097,0.005,5.43478,0.092,0.097,0.097,0.097,104000,10088,0.096,0.097
2026/04/16 11:47:35,08059,朝威控股,GLORY FLAME,,0.037,0.003,8.82353,0.034,0.034,0.037,0.031,20000,665,0.032,0.037
2026/04/16 09:00:08,08060,国联通信,GLOBAL LINK,,0.092,0.0,0.0,0.092,0.0,0.0,0.0,0,0,0.086,0.092
2026/04/16 11:57:50,08062,俊盟国际,EFT SOLUTIONS,,0.224,-0.016,-6.66667,0.24,0.23,0.23,0.224,60000,13500,0.228,0.24
2026/04/16 09:00:08,08065,高萌科技,KML TECH,,0.121,0.0,0.0,0.121,0.0,0.0,0.0,0,0,0.117,0.121
2026/04/16 10:37:34,08066,品创控股,PHOENITRON HOLD,,0.465,0.015,3.33333,0.45,0.465,0.465,0.465,20000,9300,0.42,0.465
2026/04/16 09:00:02,08067,东方大学城控股,OUC HOLDINGS,,0.275,0.0,0.0,0.275,0.0,0.0,0.0,0,0,0.265,0.29
2026/04/16 11:38:46,08069,飞道旅游科技,FLYDOO TECH,,0.022,-0.001,-4.34783,0.023,0.022,0.022,0.022,420000,9240,0.021,0.022
2026/04/16 09:30:02,08070,侨洋国际控股,KEEN OCEAN,,0.98,0.0,0.0,0.98,0.0,0.0,0.0,0,0,0.92,0.98
2026/04/16 11:01:32,08071,中彩网通控股,CH NETCOMTECH,,0.019,0.0,0.0,0.019,0.019,0.019,0.019,525000,9975,0.018,0.019
2026/04/16 09:55:24,08072,兰谷股份,LANGU CO,,0.45,0.0,0.0,0.45,0.0,0.0,0.0,0,0,0.41,0.47
2026/04/16 11:38:19,08073,水发兴业新材料,SFSY NEW MAT,,0.265,0.025,10.41667,0.24,0.265,0.27,0.265,28000,7440,0.265,0.27
2026/04/16 09:30:10,08076,新利软件,SING LEE,,0.023,0.0,0.0,0.023,0.0,0.0,0.0,0,0,0.023,0.024
2026/04/16 11:43:37,08079,仍志集团控股,WISDOMCOME GP,,0.46,0.0,0.0,0.46,0.0,0.0,0.0,0,0,0.45,0.5
2026/04/16 11:59:47,08080,北亚策略,NAS HOLDINGS,,0.435,-0.045,-9.375,0.48,0.465,0.465,0.435,60000,27200,0.445,0.46
2026/04/16 11:16:11,08081,白居易控股,BAIJUYI HOLD,,0.02,0.001,5.26316,0.019,0.018,0.02,0.017,11760000,220470,0.018,0.02
2026/04/16 11:32:00,08082,擎华控股,QINGHUA HOLD,,0.061,-0.002,-3.1746,0.063,0.066,0.066,0.061,2520000,156450,0.061,0.063
2026/04/16 11:59:27,08083,有赞,YOUZAN,,0.169,0.008,4.96894,0.161,0.161,0.172,0.16,235580000,39034784,0.169,0.17
2026/04/16 10:52:04,08087,中国三三传媒,CHINA 33MEDIA,,8.88,0.0,0.0,8.88,0.0,0.0,0.0,0,0,0.0,8.88
2026/04/16 11:59:18,08091,奥传思维控股,OOH HOLDINGS,,0.04,0.0,0.0,0.04,0.036,0.04,0.036,160000,5880,0.036,0.044
2026/04/16 11:59:27,08092,ITE HOLDINGS,ITE HOLDINGS,,0.033,0.0,0.0,0.033,0.033,0.033,0.033,160000,5280,0.033,0.036
2026/04/16 11:27:27,08093,瓦普思瑞元宇宙,WEB3 META,,2.57,0.0,0.0,2.57,2.57,2.57,2.57,2000,5140,2.57,0.0
2026/04/16 11:58:41,08095,北大青鸟环宇,BEIDA JADE BIRD,,0.92,0.0,0.0,0.92,0.91,0.93,0.91,663000,609200,0.92,0.93
2026/04/16 09:30:01,08096,赏之味,TASTY CONCEPTS,,0.115,0.0,0.0,0.115,0.0,0.0,0.0,0,0,0.115,0.12
2026/04/16 09:04:26,08098,昌利控股,CL GROUP,,0.042,0.0,0.0,0.042,0.0,0.0,0.0,0,0,0.041,0.045
2026/04/16 08:55:00,08100,名科国际,FAMOUS TECH INT,,0.25,0.0,0.0,0.25,0.0,0.0,0.0,0,0,0.0,0.0
2026/04/16 09:39:35,08103,ＨＭＶＯＤ视频,HMVOD,,0.204,0.0,0.0,0.204,0.0,0.0,0.0,0,0,0.192,0.204
2026/04/16 09:30:45,08106,芯化兰德,XINHUA LANDE,,0.31,0.0,0.0,0.31,0.0,0.0,0.0,0,0,0.3,0.315
2026/04/16 11:59:31,08107,细叶榕科技,FICUS TECH,,0.165,0.0,0.0,0.165,0.165,0.165,0.165,40000,6600,0.141,0.165
2026/04/16 08:55:00,08111,中国科技产业集团,CT IND GROUP,,0.074,0.0,0.0,0.074,0.0,0.0,0.0,0,0,0.0,0.0
2026/04/16 09:59:00,08112,基石金融,CORNERSTONE FIN,,0.1,0.0,0.0,0.1,0.0,0.0,0.0,0,0,0.095,0.103
2026/04/16 11:59:27,08113,时腾科技,V&V TECH,,0.395,0.0,0.0,0.395,0.0,0.0,0.0,0,0,0.335,0.42
2026/04/16 10:05:24,08115,清大东方,QINGDA ORIENTAL,,11.0,-0.5,-4.34783,11.5,11.0,11.0,11.0,4000,44000,11.0,0.0
2026/04/16 10:14:44,08117,中国基础能源,CHI P ENERGY,,0.065,0.0,0.0,0.065,0.0,0.0,0.0,0,0,0.059,0.066
2026/04/16 11:59:24,08118,中资国际控股,ZHONGZI INTL H,,0.147,0.0,0.0,0.147,0.0,0.0,0.0,0,0,0.132,0.147
2026/04/16 11:55:27,08120,国农金融投资,CH DEMETER FIN,,0.63,-0.03,-4.54546,0.66,0.63,0.63,0.62,31000,19400,0.62,0.63
2026/04/16 09:57:01,08121,国恩控股,GUOEN HOLDINGS,,0.73,0.0,0.0,0.73,0.0,0.0,0.0,0,0,0.68,0.77
2026/04/16 08:59:58,08123,华亿金控,SINOFORTUNE FIN,,0.01,0.0,0.0,0.01,0.0,0.0,0.0,0,0,0.0,0.01
2026/04/16 11:59:29,08125,中新控股,CHINA NEW HLDGS,,0.5,0.0,0.0,0.5,0.0,0.0,0.0,0,0,0.455,0.5
2026/04/16 08:55:00,08126,Ｇ．Ａ．控股,G. A. HOLDINGS,,0.038,0.0,0.0,0.038,0.0,0.0,0.0,0,0,0.0,0.0
2026/04/16 11:25:46,08128,中国恒有源集团,CHYY GP,,0.036,0.002,5.88235,0.034,0.036,0.036,0.036,40000,1440,0.033,0.035
2026/04/16 08:55:00,08130,大地国际集团,DADI INTL GROUP,,0.01,0.0,0.0,0.01,0.0,0.0,0.0,0,0,0.0,0.0
2026/04/16 11:59:08,08131,辰罡科技,ABC MULTIACTIVE,,0.064,0.017,36.17021,0.047,0.048,0.073,0.048,14930000,925740,0.064,0.068
2026/04/16 09:30:07,08132,百能国际能源,CENTURY EN INTL,,0.082,0.0,0.0,0.082,0.0,0.0,0.0,0,0,0.082,0.087
2026/04/16 10:22:13,08133,吉盛集团控股,JISHENG GP HLDG,,0.34,0.0,0.0,0.34,0.0,0.0,0.0,0,0,0.335,0.34
2026/04/16 09:04:19,08136,英马斯集团,IMS GROUP,,0.045,0.0,0.0,0.045,0.0,0.0,0.0,0,0,0.043,0.046
2026/04/16 11:52:31,08137,洪桥集团,HONBRIDGE,,0.395,0.0,0.0,0.395,0.39,0.395,0.38,1428000,549670,0.385,0.395
2026/04/16 11:59:31,08139,长安仁恒,CHANGAN RH,,1.3,0.0,0.0,1.3,0.0,0.0,0.0,0,0,1.22,1.39
2026/04/16 10:51:17,08140,人和科技,BOSATECH,,0.129,0.0,0.0,0.129,0.0,0.0,0.0,0,0,0.124,0.129
2026/04/16 11:16:40,08143,金威医疗,GF HEALTHCARE,,0.123,0.003,2.5,0.12,0.129,0.129,0.123,260000,32400,0.119,0.123
2026/04/16 10:08:49,08146,怡园酒业,GRACEWINE,,0.55,0.0,0.0,0.55,0.0,0.0,0.0,0,0,0.55,0.58
2026/04/16 10:39:17,08147,汇思太平洋,MILLENNIUM PG,,0.76,0.0,0.0,0.76,0.76,0.76,0.74,200000,151840,0.73,0.76
2026/04/16 11:26:21,08148,悟喜生活,WUXI LIFE,,4.05,0.0,0.0,4.05,4.05,4.05,4.05,20000,81000,0.0,4.05
2026/04/16 11:30:28,08149,浩德控股,ALTUS HLDGS,,0.116,0.004,3.57143,0.112,0.112,0.118,0.112,1360000,157050,0.111,0.132
2026/04/16 11:27:05,08152,明梁控股,M&L HOLDINGS,,0.08,0.0,0.0,0.08,0.08,0.08,0.08,80000,6400,0.077,0.09
2026/04/16 11:59:15,08153,嘉鼎国际集团,JIADING INTL GP,,0.85,0.01,1.19048,0.84,0.82,0.85,0.81,85225,69423,0.81,0.89
2026/04/16 11:47:33,08156,国药科技股份,SINOPHARM TECH,,0.232,-0.038,-14.07407,0.27,0.239,0.245,0.232,98000,23520,0.24,0.25
2026/04/16 10:14:03,08158,中国再生医学,CRMI,,0.31,-0.01,-3.125,0.32,0.305,0.31,0.305,50000,15275,0.31,0.33
2026/04/16 11:59:27,08159,新华联合投资,CU VENTURE INV,,0.062,0.0,0.0,0.062,0.0,0.0,0.0,0,0,0.062,0.069
2026/04/16 09:30:27,08160,GOLDWAY EDU,GOLDWAY EDU,,0.58,0.0,0.0,0.58,0.0,0.0,0.0,0,0,0.47,0.59
2026/04/16 11:59:21,08161,医汇集团,MEDINET GROUP,,0.68,0.0,0.0,0.68,0.0,0.0,0.0,0,0,0.62,0.8
2026/04/16 12:31:42,08162,港银控股,LOCO HK,,0.57,0.02,3.63636,0.55,0.52,0.57,0.52,1390000,745200,0.53,0.58
2026/04/16 11:27:20,08163,声扬集团,NOIZ GROUP,,0.031,0.001,3.33333,0.03,0.031,0.031,0.031,400000,12400,0.031,0.032
2026/04/16 11:50:23,08168,宝积资本,AMASSE CAPITAL,,0.114,-0.005,-4.20168,0.119,0.117,0.117,0.114,2100000,240500,0.114,0.116
2026/04/16 11:17:46,08169,环康集团,ECO-TEK HLDGS,,0.039,0.001,2.63158,0.038,0.039,0.039,0.039,30000,1170,0.038,0.042
2026/04/16 08:55:00,08172,拉近网娱,LAJIN ENT,,0.19,0.0,0.0,0.19,0.0,0.0,0.0,0,0,0.0,0.0
2026/04/16 10:03:16,08173,客思控股,HEPHAESTUS HLDG,,0.11,0.005,4.76191,0.105,0.11,0.11,0.11,20000,2200,0.105,0.118
2026/04/16 11:44:06,08176,超人智能,SUPERROBOTICS,,0.042,-0.002,-4.54546,0.044,0.042,0.042,0.042,95000,3990,0.042,0.044
2026/04/16 11:59:24,08178,中国信息科技,CHINA INFO TECH,,0.242,-0.001,-0.41152,0.243,0.235,0.255,0.235,582000,142110,0.241,0.25
2026/04/16 08:59:58,08179,百利达集团控股,PALINDA GROUP,,0.012,0.0,0.0,0.012,0.0,0.0,0.0,0,0,0.011,0.012
2026/04/16 09:04:28,08181,港深智能管理,KS SMART MGMT,,0.047,0.0,0.0,0.047,0.0,0.0,0.0,0,0,0.045,0.051
2026/04/16 11:59:27,08186,曼妠,ALMANA,,1.04,0.0,0.0,1.04,0.0,0.0,0.0,0,0,0.95,1.15
2026/04/16 09:04:26,08187,积木集团,JIMU GROUP,,0.5,0.0,0.0,0.5,0.0,0.0,0.0,0,0,0.5,0.53
2026/04/16 11:59:36,08188,骏杰集团控股,GME GROUP,,1.17,0.02,1.73913,1.15,1.15,1.17,1.15,436000,504360,1.16,1.17
2026/04/16 09:00:36,08189,泰达生物,TEDA BIOMEDICAL,,0.285,0.0,0.0,0.285,0.0,0.0,0.0,0,0,0.275,0.29
2026/04/16 09:54:33,08191,鸿伟亚洲,HONG WEI ASIA,,0.146,0.001,0.68966,0.145,0.146,0.146,0.146,6000,876,0.141,0.15
2026/04/16 10:24:35,08193,亚太金融投资,ASIAPAC FIN INV,,0.3,0.005,1.69492,0.295,0.3,0.3,0.3,10000,3000,0.28,0.3
2026/04/16 11:13:00,08195,传承教育集团,LEGENDARY EDU,,1.38,0.01,0.72993,1.37,1.38,1.38,1.38,2000,2760,1.35,1.38
2026/04/16 11:59:47,08196,福田股份,FUTIAN HOLDINGS,,0.71,0.04,5.97015,0.67,0.68,0.71,0.68,296000,207440,0.68,0.71
2026/04/16 11:22:15,08198,加幂科技,CRYPTO FLOW,,1.55,-0.01,-0.64103,1.56,1.61,1.61,1.55,47200,75064,1.58,1.6
2026/04/16 11:58:41,08200,修身堂,SAU SAN TONG,,0.65,0.03,4.83871,0.62,0.62,0.66,0.62,92000,57305,0.62,0.67
2026/04/16 11:59:29,08201,宝联控股,PPS INT'L,,0.114,0.0,0.0,0.114,0.0,0.0,0.0,0,0,0.11,0.129
2026/04/16 11:59:27,08203,凯顺控股,KAISUN HOLDINGS,,0.2,0.0,0.0,0.2,0.0,0.0,0.0,0,0,0.17,0.21
2026/04/16 11:59:44,08205,交大慧谷,JIAODA WITHUB,,0.305,0.0,0.0,0.305,0.0,0.0,0.0,0,0,0.285,0.31
2026/04/16 08:55:00,08206,神通机器人教育,S ROBOT EDU,,0.038,0.0,0.0,0.038,0.0,0.0,0.0,0,0,0.0,0.0
2026/04/16 11:59:35,08208,永通万国集团,RADIANCE GLO GP,,0.113,-0.007,-5.83333,0.12,0.12,0.121,0.113,138000,16158,0.112,0.12
2026/04/16 10:34:16,08210,衍汇亚洲,DLC ASIA,,0.057,0.0,0.0,0.057,0.0,0.0,0.0,0,0,0.057,0.065
2026/04/16 11:24:36,08213,荣晖控股,STARGLORY HLDGS,,0.175,0.0,0.0,0.175,0.0,0.0,0.0,0,0,0.153,0.187
2026/04/16 10:20:29,08217,菊福堂生物,JU FU TANG BIOT,,0.35,0.015,4.47761,0.335,0.33,0.35,0.33,140000,47000,0.31,0.35
2026/04/16 11:37:20,08218,毅高国际控股,ECHO INT HOLD,,0.19,0.08,72.72727,0.11,0.13,0.199,0.13,192000,33936,0.132,0.189
2026/04/16 11:59:40,08219,恒伟集团控股,HANVEY GROUP,,0.18,0.0,0.0,0.18,0.18,0.18,0.18,50000,9000,0.176,0.18
2026/04/16 12:31:42,08220,比高集团,BINGO GROUP,,3.7,0.1,2.77778,3.6,3.78,3.78,3.52,83500,306760,3.59,3.8
2026/04/16 11:26:01,08221,高裕金融,GAOYU FINANCE,,1.11,-0.02,-1.76991,1.13,1.02,1.11,1.02,35000,37550,1.12,1.15
2026/04/16 10:55:12,08222,壹照明,E LIGHTING,,0.037,0.0,0.0,0.037,0.0,0.0,0.0,0,0,0.035,0.038
2026/04/16 11:29:05,08223,紫元元,ZYY,,0.5,0.0,0.0,0.5,0.0,0.0,0.0,8000,3920,0.48,0.49
2026/04/16 11:22:25,08225,中国医疗集团,C HEALTH GP,,0.134,0.0,0.0,0.134,0.0,0.0,0.0,0,0,0.132,0.134
2026/04/16 09:30:00,08226,树熊金融集团,KOALA FIN GP,,0.076,0.0,0.0,0.076,0.0,0.0,0.0,0,0,0.072,0.076
2026/04/16 09:30:43,08227,海天天线,HAITIAN ANTENNA,,0.129,0.0,0.0,0.129,0.0,0.0,0.0,0,0,0.117,0.128
2026/04/16 09:52:53,08229,未来数据集团,FUTURE DATA,,0.63,0.0,0.0,0.63,0.0,0.0,0.0,0,0,0.59,0.63
2026/04/16 11:59:24,08232,一木集团,THAC GROUP,,1.21,0.0,0.0,1.21,0.0,0.0,0.0,0,0,1.07,1.26
2026/04/16 11:55:27,08237,华星控股,LINK HOLDINGS,,0.495,0.02,4.21053,0.475,0.495,0.495,0.495,42000,20790,0.48,0.52
2026/04/16 10:36:39,08238,惠陶集团,WINTO GROUP,,0.137,0.0,0.0,0.137,0.136,0.137,0.135,848000,114792,0.137,0.138
2026/04/16 11:13:07,08239,首都金融控股,CAPITAL FIN,,13.6,0.0,0.0,13.6,0.0,0.0,0.0,1053,14594,0.0,13.86
2026/04/16 09:34:17,08241,英记茶庄集团,YING KEE TEA,,0.114,0.0,0.0,0.114,0.0,0.0,0.0,0,0,0.108,0.113
2026/04/16 10:07:39,08245,烽翼集团,CANOPY SKYFIRE,,0.093,0.0,0.0,0.093,0.0,0.0,0.0,2000,160,0.087,0.095
2026/04/16 11:42:54,08246,中华燃气,ZHONGHUA GAS,,0.8,0.0,0.0,0.8,0.8,0.8,0.8,20000,16000,0.77,0.8
2026/04/16 11:30:37,08247,中生北控生物科技,BIOSINO BIO-TEC,,3.49,0.03,0.86705,3.46,3.46,3.49,3.46,14000,48760,3.47,3.51
2026/04/16 09:00:04,08249,瑞远智控,RUIYUAN IC TECH,,0.154,0.0,0.0,0.154,0.0,0.0,0.0,0,0,0.0,0.154
2026/04/16 11:57:38,08250,都都控股,DU DU HLDGS,,0.148,0.0,0.0,0.148,0.0,0.0,0.0,100,13,0.139,0.145
2026/04/16 09:30:40,08262,宏强控股,SUPER STRONG,,0.051,0.0,0.0,0.051,0.0,0.0,0.0,0,0,0.048,0.052
2026/04/16 11:58:17,08267,蓝港互动,LINEKONG,,0.285,0.005,1.78571,0.28,0.28,0.3,0.28,123000,35947,0.285,0.3
2026/04/16 11:19:33,08268,智城发展控股,SMART CITY DEV,,0.35,-0.03,-7.89474,0.38,0.35,0.35,0.35,152000,53200,0.34,0.35
2026/04/16 11:08:59,08269,倍升教育科技,GO UP EDU TECH,,0.36,0.0,0.0,0.36,0.36,0.36,0.36,33333,11899,0.345,0.365
2026/04/16 11:49:30,08270,中国煤层气,CHINA CBM,,0.315,-0.07,-18.18182,0.385,0.29,0.335,0.255,410000,118500,0.28,0.305
2026/04/16 11:59:25,08271,环球数码创意,GDC,,0.122,0.001,0.82645,0.121,0.122,0.122,0.122,86000,10492,0.12,0.124
2026/04/16 09:49:20,08275,中国新消费集团,CHINA NEW CONS,,0.094,0.0,0.0,0.094,0.0,0.0,0.0,0,0,0.093,0.096
2026/04/16 10:54:50,08277,骏东控股,STEEDORIENTAL,,0.115,0.0,0.0,0.115,0.0,0.0,0.0,74000,8288,0.11,0.12
2026/04/16 11:55:45,08279,亚博科技控股,AGTECH HOLDINGS,,0.55,0.0,0.0,0.55,0.57,0.57,0.54,3216000,1773200,0.54,0.55
2026/04/16 09:30:02,08280,中国数字视频,CDV HOLDINGS,,0.07,0.0,0.0,0.07,0.0,0.0,0.0,0,0,0.065,0.07
2026/04/16 09:49:20,08281,中国金典集团,CH GOLD CLASSIC,,0.14,-0.004,-2.77778,0.144,0.14,0.14,0.14,8000,1120,0.136,0.143
2026/04/16 09:04:27,08282,智傲控股,GAMEONE,,0.57,0.0,0.0,0.57,0.0,0.0,0.0,0,0,0.51,0.58
2026/04/16 11:02:51,08283,中食民安,ZHONGSHI MINAN,,0.55,0.0,0.0,0.55,0.55,0.55,0.55,50000,27500,0.53,0.58
2026/04/16 11:23:32,08285,森浩集团,SLING GROUP,,0.031,-0.001,-3.125,0.032,0.031,0.031,0.031,95000,2945,0.031,0.032
2026/04/16 11:54:21,08286,长城微光,CCOE,,0.166,-0.023,-12.16931,0.189,0.166,0.166,0.166,35000,5810,0.167,0.18
2026/04/16 11:31:23,08290,亚势备份,AHSAY BACKUP,,0.03,0.0,0.0,0.03,0.03,0.031,0.03,260000,7900,0.03,0.031
2026/04/16 10:58:41,08291,港娱国际,HK ENT INTL,,0.305,0.0,0.0,0.305,0.0,0.0,0.0,0,0,0.242,0.31
2026/04/16 11:59:24,08292,VSING,VSING,,0.191,0.0,0.0,0.191,0.0,0.0,0.0,0,0,0.188,0.195
2026/04/16 11:27:18,08293,星亚控股,SINGASIA HLDG,,0.305,-0.02,-6.15385,0.325,0.325,0.325,0.295,100000,30300,0.305,0.34
2026/04/16 10:21:46,08295,金慧科技,KINGWISOFT TECH,,0.024,0.001,4.34783,0.023,0.024,0.024,0.024,200000,4800,0.022,0.024
2026/04/16 12:00:00,08296,中国生命集团,SINO-LIFE GROUP,,0.385,0.085,28.33333,0.3,0.385,0.385,0.385,40000,15400,0.265,0.41
2026/04/16 08:55:00,08297,海纳星空科技,OCEAN STAR TECH,,0.039,0.0,0.0,0.039,0.0,0.0,0.0,0,0,0.0,0.0
2026/04/16 11:50:30,08299,大唐黄金,GT GOLD,,0.59,0.0,0.0,0.59,0.59,0.59,0.57,9336000,5406960,0.58,0.59
2026/04/16 11:39:50,08300,今米房集团,JIN MI FANG GP,,0.026,0.001,4.0,0.025,0.025,0.026,0.025,440000,11020,0.024,0.026
2026/04/16 11:54:04,08305,圣唐控股,ST HLDGS,,0.211,0.005,2.42718,0.206,0.206,0.211,0.19,3150000,643380,0.211,0.215
2026/04/16 09:45:12,08307,密迪斯肌,MEDICSKIN,,0.143,0.0,0.0,0.143,0.0,0.0,0.0,0,0,0.0,0.144
2026/04/16 09:30:08,08308,古兜控股,GUDOU HLDGS,,0.059,0.0,0.0,0.059,0.0,0.0,0.0,0,0,0.053,0.06
2026/04/16 10:11:55,08309,万成环球控股,MANSHING GLOBAL,,0.065,0.0,0.0,0.065,0.0,0.0,0.0,0,0,0.065,0.07
2026/04/16 09:30:01,08310,盐城港,YANCHENG PORT,,0.28,0.0,0.0,0.28,0.0,0.0,0.0,0,0,0.0,0.285
2026/04/16 11:59:29,08311,圆美光电,PERFECT OPT,,0.103,0.0,0.0,0.103,0.103,0.103,0.103,80000,8240,0.085,0.117
2026/04/16 09:30:12,08313,杰地集团,ZACD,,0.023,0.0,0.0,0.023,0.0,0.0,0.0,0,0,0.023,0.029
2026/04/16 11:23:13,08315,新都酒店,CEN PLAZA HOTEL,,0.08,0.0,0.0,0.08,0.0,0.0,0.0,0,0,0.073,0.08
2026/04/16 11:46:39,08316,中国红包,CHINA HONGBAO,,0.148,0.001,0.68027,0.147,0.147,0.148,0.147,52000,7676,0.148,0.15
2026/04/16 11:59:25,08317,财华社集团,FINET GROUP,,0.108,0.0,0.0,0.108,0.0,0.0,0.0,0,0,0.099,0.114
2026/04/16 10:44:53,08319,思博系统,EXPERT SYS,,0.116,0.0,0.0,0.116,0.0,0.0,0.0,0,0,0.115,0.119
2026/04/16 11:59:22,08320,沛然环保,AEC GROUP,,0.097,-0.011,-10.18519,0.108,0.098,0.098,0.097,280000,27240,0.094,0.108
2026/04/16 12:31:42,08321,泰锦控股,TAI KAM HLDGS,,1.9,-0.01,-0.52356,1.91,1.9,1.9,1.9,10000,19000,1.9,2.3
2026/04/16 10:00:59,08326,同景新能源,TK NEW ENERGY,,0.16,0.0,0.0,0.16,0.0,0.0,0.0,0,0,0.157,0.161
2026/04/16 11:59:22,08328,信义储电,XY ELEC STORAGE,,0.57,-0.02,-3.38983,0.59,0.56,0.57,0.56,108750,61957,0.54,0.58
2026/04/16 11:59:29,08329,海王英特龙,NEP INTERLONG,,0.133,0.0,0.0,0.133,0.0,0.0,0.0,0,0,0.122,0.134
2026/04/16 09:30:08,08331,倍搏集团,P.B. GROUP,,0.365,0.0,0.0,0.365,0.0,0.0,0.0,0,0,0.29,0.38
2026/04/16 11:59:14,08333,阿仕特朗金融,ASTRUM FIN,,0.46,0.0,0.0,0.46,0.0,0.0,0.0,0,0,0.4,0.46
2026/04/16 11:59:25,08337,直通电讯,DIRECTEL,,0.094,0.0,0.0,0.094,0.0,0.0,0.0,0,0,0.092,0.106
2026/04/16 10:03:23,08340,紫荆国际金融,ZIJING INTL FIN,,0.68,0.03,4.61539,0.65,0.65,0.68,0.65,100000,66200,0.61,0.68
2026/04/16 09:58:14,08341,艾硕控股,AESO HOLDING,,0.161,0.0,0.0,0.161,0.0,0.0,0.0,0,0,0.154,0.161
2026/04/16 09:52:14,08347,Ｆ８企业,F8 ENT,,0.129,0.003,2.38095,0.126,0.129,0.129,0.129,56000,7224,0.126,0.144
2026/04/16 10:09:45,08348,滨海泰达物流,BINHAI TEDA,,0.4,0.0,0.0,0.4,0.0,0.0,0.0,0,0,0.375,0.4
2026/04/16 08:55:00,08349,硅鑫集团,GUIXIN GROUP,,1.29,0.0,0.0,1.29,0.0,0.0,0.0,0,0,0.0,0.0
2026/04/16 11:41:09,08350,立桥证券控股,WELL LINK SEC,,0.32,0.005,1.5873,0.315,0.32,0.345,0.315,3312000,1096200,0.315,0.325
2026/04/16 11:59:24,08356,进业控股,TSUN YIP HLDGS,,0.4,0.0,0.0,0.4,0.0,0.0,0.0,2000,860,0.37,0.45
2026/04/16 11:59:20,08357,REPUBLIC HC,REPUBLIC HC,,0.141,0.0,0.0,0.141,0.0,0.0,0.0,0,0,0.131,0.151
2026/04/16 08:55:00,08360,简朴新生活,BASIC H NEWLIFE,,0.64,0.0,0.0,0.64,0.0,0.0,0.0,0,0,0.0,0.0
2026/04/16 09:00:08,08362,运兴泰集团,WINNING TOWER,,0.055,0.0,0.0,0.055,0.0,0.0,0.0,0,0,0.051,0.055
2026/04/16 11:59:46,08365,亦辰集团,HATCHER GROUP,,2.88,0.0,0.0,2.88,2.94,2.94,2.84,1670000,4807600,2.86,2.9
2026/04/16 09:42:45,08366,浙江联合投资,ZJ UNITED INV,,0.036,0.0,0.0,0.036,0.0,0.0,0.0,0,0,0.033,0.036
2026/04/16 10:40:58,08367,倩碧控股,SIMPLICITY HLDG,,0.4,-0.01,-2.43902,0.41,0.4,0.4,0.4,20000,8000,0.4,0.43
2026/04/16 11:23:21,08368,中国创意控股,CREATIVE CHINA,,0.3,0.0,0.0,0.3,0.3,0.3,0.3,20000,6000,0.265,0.3
2026/04/16 09:54:07,08370,智升集团控股,ZHI SHENG GP,,4.67,0.0,0.0,4.67,0.0,0.0,0.0,0,0,4.5,4.67
2026/04/16 10:30:33,08371,尝高美集团,TASTEGOURMET GP,,1.88,0.0,0.0,1.88,0.0,0.0,0.0,0,0,1.87,1.94
2026/04/16 11:59:40,08372,君百延集团,GBG HOLDINGS,,0.156,0.029,22.83465,0.127,0.133,0.18,0.133,2540000,404760,0.155,0.16
2026/04/16 08:55:00,08373,靛蓝星,INDIGO STAR,,0.65,0.0,0.0,0.65,0.0,0.0,0.0,0,0,0.0,0.0
2026/04/16 10:36:42,08375,数盟资本,DATA UNION CAP,,2.36,0.01,0.42553,2.35,2.36,2.36,2.36,50000,118000,2.24,2.35
2026/04/16 09:32:39,08377,维港育马,HARBOUR EQUINE,,0.11,0.0,0.0,0.11,0.0,0.0,0.0,0,0,0.103,0.11
2026/04/16 11:59:30,08379,盈证国际,PRIME INTEL,,0.183,0.0,0.0,0.183,0.0,0.0,0.0,0,0,0.173,0.183
2026/04/16 11:59:31,08385,万里印刷,PROSPEROUSPRINT,,0.11,0.0,0.0,0.11,0.0,0.0,0.0,0,0,0.104,0.113
2026/04/16 11:59:57,08391,基石科技控股,CORNERSTONE TEC,,0.475,-0.005,-1.04167,0.48,0.48,0.48,0.475,96000,45700,0.47,0.48
2026/04/16 09:30:14,08392,舍图控股,SATU HOLDINGS,,0.04,0.0,0.0,0.04,0.0,0.0,0.0,0,0,0.039,0.044
2026/04/16 11:55:05,08395,中显智能齐家控股,ZXZN QI-HOUSE,,0.52,0.06,13.04348,0.46,0.475,0.52,0.46,1810000,905400,0.5,0.52
2026/04/16 11:18:10,08400,亚洲先锋娱乐,ASIA PIONEER,,0.069,0.001,1.47059,0.068,0.066,0.07,0.066,300000,20770,0.064,0.07
2026/04/16 11:58:51,08401,源想集团,STREAM IDEAS,,0.042,0.0,0.0,0.042,0.042,0.042,0.042,72000,3024,0.042,0.044
2026/04/16 09:46:39,08402,高原之宝,PLATEAU TL,,0.1,0.0,0.0,0.1,0.0,0.0,0.0,0,0,0.1,0.105
2026/04/16 11:40:13,08403,德丰宿来,DEFENG SOLIFE,,3.24,0.11,3.51438,3.13,3.13,3.3,3.13,231000,746820,3.2,3.24
2026/04/16 12:31:42,08406,中国口腔产业,CHINA ORAL IND,,0.065,0.003,4.83871,0.062,0.062,0.065,0.062,130000,8420,0.06,0.065
2026/04/16 11:59:27,08411,K W NELSON GP,K W NELSON GP,,0.147,0.005,3.52113,0.142,0.147,0.147,0.147,10000,1470,0.137,0.152
2026/04/16 11:18:56,08412,新爱德集团,NEW AMANTE,,0.31,0.0,0.0,0.31,0.0,0.0,0.0,0,0,0.3,0.35
2026/04/16 10:47:16,08413,亚洲富思,ASIA GROCERY,,0.139,0.0,0.0,0.139,0.133,0.14,0.131,1420000,192030,0.133,0.139
2026/04/16 11:59:27,08416,HM INTL HLDGS,HM INTL HLDGS,,0.105,-0.001,-0.9434,0.106,0.105,0.105,0.105,320000,33600,0.105,0.119
2026/04/16 10:43:23,08417,大地教育,DADI EDU,,0.024,0.0,0.0,0.024,0.0,0.0,0.0,0,0,0.022,0.024
2026/04/16 10:46:12,08418,傲迪玛汽车,OPTIMA AUTO,,1.16,-0.03,-2.52101,1.19,1.11,1.2,1.11,28000,31640,1.08,1.16
2026/04/16 11:59:22,08419,ＡＶ策划推广,AV PROMOTIONS,,0.073,0.0,0.0,0.073,0.0,0.0,0.0,0,0,0.073,0.09
2026/04/16 11:59:28,08420,NEXION TECH,NEXION TECH,,0.036,0.0,0.0,0.036,0.0,0.0,0.0,0,0,0.032,0.041
2026/04/16 11:35:32,08422,ＷＴ集团,WT GROUP,,0.137,0.013,10.48387,0.124,0.124,0.137,0.124,556000,73360,0.127,0.137
2026/04/16 09:30:18,08423,CHI HO DEV,CHI HO DEV,,0.04,0.0,0.0,0.04,0.0,0.0,0.0,0,0,0.038,0.044
2026/04/16 11:59:17,08425,兴铭控股,HING MING HLDGS,,0.08,0.0,0.0,0.08,0.0,0.0,0.0,0,0,0.077,0.095
2026/04/16 11:59:31,08426,雅居投资控股,MODERN LIVING,,0.29,0.0,0.0,0.29,0.0,0.0,0.0,0,0,0.25,0.29
2026/04/16 11:57:31,08427,万顺瑞强集团,WS-SK TARGET,,10.24,-0.24,-2.29008,10.48,10.48,10.87,10.24,19600,205648,10.1,10.23
2026/04/16 08:55:00,08428,汉诺佳池,CBK HOLDINGS,,0.68,0.0,0.0,0.68,0.0,0.0,0.0,0,0,0.0,0.0
2026/04/16 11:59:20,08429,华美乐乐,SV VISION,,0.058,0.0,0.0,0.058,0.0,0.0,0.0,0,0,0.058,0.072
2026/04/16 10:49:47,08430,春能控股,C&N HOLDINGS,,0.074,0.0,0.0,0.074,0.074,0.074,0.074,10000,740,0.075,0.083
2026/04/16 11:59:23,08431,浩柏国际,HAO BAI INTL,,0.52,-0.02,-3.7037,0.54,0.54,0.55,0.52,1370000,737100,0.52,0.53
2026/04/16 11:51:28,08432,太平洋酒吧,BAR PACIFIC,,0.035,0.002,6.06061,0.033,0.033,0.035,0.033,50000,1700,0.033,0.035
2026/04/16 11:57:52,08436,德宝集团控股,TAKBO GROUP,,0.285,0.0,0.0,0.285,0.29,0.305,0.285,100000,29400,0.285,0.3
2026/04/16 08:55:00,08437,德斯控股,RMH HOLDINGS,,0.25,0.0,0.0,0.25,0.0,0.0,0.0,0,0,0.0,0.0
2026/04/16 11:56:35,08439,新百利融资,SOMERLEY CAP,,1.0,0.17,20.48193,0.83,0.78,1.08,0.75,725757,714869,1.0,1.05
2026/04/16 09:00:00,08445,怡康泰工程集团,NOBLE ENG GP,,0.15,0.0,0.0,0.15,0.0,0.0,0.0,0,0,0.13,0.0
2026/04/16 11:50:38,08446,耀星科技集团,BRIGHTSTAR TECH,,0.101,-0.003,-2.88462,0.104,0.105,0.105,0.101,120000,12584,0.102,0.105
2026/04/16 11:59:06,08447,MS CONCEPT,MS CONCEPT,,0.063,0.0,0.0,0.063,0.062,0.063,0.062,650000,40420,0.064,0.065
2026/04/16 12:34:54,08448,环球印馆,UNI PRINTSHOP,,1.76,0.08,4.76191,1.68,1.68,1.76,1.68,40000,68800,1.68,1.77
2026/04/16 11:34:41,08450,钜京控股,EDICO HOLDINGS,,0.15,0.0,0.0,0.15,0.15,0.15,0.15,300000,45000,0.148,0.15
2026/04/16 11:59:30,08451,日光控股,SUNLIGHT HLDGS,,0.063,0.0,0.0,0.063,0.0,0.0,0.0,0,0,0.063,0.069
2026/04/16 11:59:25,08452,富银融资股份,FY FINANCIAL,,0.295,0.0,0.0,0.295,0.0,0.0,0.0,0,0,0.295,0.33
2026/04/16 10:44:24,08455,礼建德集团,LAI GROUP,,0.084,0.004,5.0,0.08,0.08,0.09,0.077,2860000,244990,0.084,0.088
2026/04/16 09:00:08,08456,民信国际控股,MANSION INTL,,0.405,0.0,0.0,0.405,0.0,0.0,0.0,0,0,0.37,0.44
2026/04/16 11:59:48,08460,基地锦标（五千）,BASETROPHY-5K,,1.96,0.03,1.5544,1.93,1.94,2.04,1.94,1100000,2185250,1.95,1.96
2026/04/16 10:39:42,08462,中安控股集团,OMNIBRIDGE HLDG,,0.071,0.0,0.0,0.071,0.071,0.071,0.071,175000,12425,0.072,0.076
2026/04/16 11:26:24,08471,新达控股,REACH NEW HLDGS,,0.042,0.002,5.0,0.04,0.042,0.042,0.042,70000,2940,0.042,0.043
2026/04/16 11:27:19,08472,立高控股,LAPCO HOLDINGS,,0.35,-0.02,-5.40541,0.37,0.35,0.35,0.35,580000,203000,0.365,0.375
2026/04/16 10:41:00,08473,弥明生活百货,MI MING MART,,0.112,0.0,0.0,0.112,0.112,0.112,0.112,40000,4480,0.11,0.113
2026/04/16 08:55:00,08475,易站绿色科技,E-STATION GTECH,,0.069,0.0,0.0,0.069,0.0,0.0,0.0,0,0,0.0,0.0
2026/04/16 11:41:06,08480,飞霓控股,FURNIWEB,,0.151,0.0,0.0,0.151,0.152,0.152,0.151,164000,24824,0.151,0.156
2026/04/16 12:00:00,08481,盛龙锦秀国际,SHENGLONG INTL,,0.4,0.0,0.0,0.4,0.0,0.0,0.0,0,0,0.355,0.0
2026/04/16 11:29:08,08482,万励达,WAN LEADER,,0.133,0.001,0.75758,0.132,0.133,0.133,0.133,40000,5320,0.133,0.145
2026/04/16 11:59:29,08483,名仕快相,MAX SIGHT GROUP,,0.111,0.0,0.0,0.111,0.0,0.0,0.0,0,0,0.096,0.118
2026/04/16 11:31:15,08487,ISP GLOBAL,ISP GLOBAL,,0.044,0.0,0.0,0.044,0.043,0.044,0.041,96000,4136,0.043,0.044
2026/04/16 11:41:06,08489,裕程物流,GP LOGISTICS,,0.305,0.02,7.01754,0.285,0.3,0.305,0.3,55000,16750,0.285,0.3
2026/04/16 11:51:32,08490,骏码半导体,NICHE-TECH SEMI,,0.091,-0.002,-2.15054,0.093,0.091,0.091,0.091,80000,7280,0.091,0.099
2026/04/16 11:42:27,08491,COOL LINK,COOL LINK,,0.46,0.015,3.37079,0.445,0.435,0.46,0.4,2380000,1016925,0.435,0.46
2026/04/16 08:55:00,08493,炙龙控股,S. DRAGON,,0.035,0.0,0.0,0.035,0.0,0.0,0.0,0,0,0.0,0.0
2026/04/16 11:59:14,08495,1957 & CO.,1957 & CO.,,0.29,0.0,0.0,0.29,0.0,0.0,0.0,0,0,0.265,0.32
2026/04/16 08:55:00,08496,环球友饮智能,GLOBAL UIN,,0.041,0.0,0.0,0.041,0.0,0.0,0.0,0,0,0.0,0.0
2026/04/16 08:55:00,08500,天泓文创,ICONCULTURE,,0.091,0.0,0.0,0.091,0.0,0.0,0.0,0,0,0.0,0.0
2026/04/16 11:59:31,08501,庄皇集团公司,SANBASE CORP,,0.69,0.01,1.47059,0.68,0.69,0.69,0.69,22000,15180,0.63,0.7
2026/04/16 09:30:13,08502,远航港口,OCEAN LINE PORT,,0.33,0.01,3.125,0.32,0.33,0.33,0.33,8000,2640,0.33,0.34
2026/04/16 10:46:13,08507,爱世纪集团,I.CENTURY HLDG,,0.29,-0.005,-1.69492,0.295,0.295,0.3,0.285,628000,183260,0.29,0.295
2026/04/16 09:38:01,08509,威扬酒业控股,WINE'S LINK,,0.71,0.0,0.0,0.71,0.0,0.0,0.0,0,0,0.63,0.71
2026/04/16 08:55:00,08510,TOPSTANDARDCORP,TOPSTANDARDCORP,,0.16,0.0,0.0,0.16,0.0,0.0,0.0,0,0,0.0,0.0
2026/04/16 11:59:31,08511,民富国际,MIN FU INTL,,0.89,0.01,1.13636,0.88,0.89,0.89,0.89,2000,1780,0.79,0.88
2026/04/16 11:00:37,08512,凯富善集团控股,HYFUSIN GROUP,,0.39,-0.01,-2.5,0.4,0.4,0.4,0.39,180000,71200,0.39,0.4
2026/04/16 10:58:22,08513,加和国际控股,MAXWIN INT HLDG,,0.52,-0.03,-5.45455,0.55,0.52,0.52,0.52,7000,3600,0.52,0.55
2026/04/16 10:48:36,08516,中盈国际,ZY INTL,,1.53,0.08,5.51724,1.45,1.54,1.54,1.45,75000,113800,1.45,1.5
2026/04/16 09:01:11,08519,新享时代,XINXIANG ERA,,0.255,0.0,0.0,0.255,0.0,0.0,0.0,0,0,0.242,0.0
2026/04/16 10:56:11,08521,智云国际控股,WEBX INTL HLDGS,,0.91,0.01,1.11111,0.9,0.91,0.91,0.91,10000,9100,0.85,0.9
2026/04/16 08:55:00,08525,百应控股,BAIYING HOLDING,,0.85,0.0,0.0,0.85,0.0,0.0,0.0,0,0,0.0,0.0
2026/04/16 11:38:55,08526,荣丰集团亚洲,WING FUNG GROUP,,0.103,-0.016,-13.44538,0.119,0.103,0.103,0.103,10000,1030,0.103,0.0
2026/04/16 08:55:00,08527,聚利宝控股,JLOGO HLDGS,,0.171,0.0,0.0,0.171,0.0,0.0,0.0,0,0,0.0,0.0
2026/04/16 11:53:42,08529,优博控股,UBOT HOLDING,,0.223,0.024,12.0603,0.199,0.2,0.227,0.2,2450000,536425,0.216,0.224
2026/04/16 12:31:42,08532,宝发控股,POLYFAIR HLDGS,,0.065,0.004,6.55738,0.061,0.059,0.065,0.059,3651200,227179,0.062,0.066
2026/04/16 11:59:22,08535,荧德控股,VISTAR HOLDINGS,,0.159,0.0,0.0,0.159,0.0,0.0,0.0,0,0,0.154,0.17
2026/04/16 11:59:14,08536,TL NATURAL GAS,TL NATURAL GAS,,0.285,0.005,1.78571,0.28,0.285,0.285,0.285,20000,5700,0.25,0.29
2026/04/16 10:39:29,08537,创辉珠宝,CHONG FAI JEWEL,,0.187,0.0,0.0,0.187,0.0,0.0,0.0,0,0,0.18,0.187
2026/04/16 11:55:43,08540,胜利证券,VICTORY SEC,,4.61,0.03,0.65502,4.58,4.62,4.62,4.59,214000,986850,4.6,4.62
2026/04/16 09:00:18,08545,佰悦集团,AMUSE GROUP,,0.038,0.0,0.0,0.038,0.0,0.0,0.0,0,0,0.037,0.039
2026/04/16 11:14:01,08547,PACIFIC LEGEND,PACIFIC LEGEND,,0.1,0.0,0.0,0.1,0.1,0.1,0.1,250000,25000,0.1,0.101
2026/04/16 11:35:00,08549,金叶国际集团,GOLDEN LEAF INT,,0.227,0.0,0.0,0.227,0.23,0.231,0.225,275000,62530,0.227,0.232
2026/04/16 08:55:00,08551,基地锦标（二万）,BASETROPHY-20K,,1.93,0.0,0.0,1.93,0.0,0.0,0.0,0,0,0.0,0.0
2026/04/16 11:59:57,08600,汇隆控股,WLS HOLDINGS,,0.208,-0.192,-48.0,0.4,0.265,0.265,0.201,15560750,3458257,0.214,0.215
2026/04/16 11:59:23,08601,宝燵控股,BOLTEK,,0.223,0.0,0.0,0.223,0.0,0.0,0.0,20000,4440,0.199,0.222
2026/04/16 11:59:27,08603,亮晴控股,FAMEGLOW,,6.0,0.0,0.0,6.0,6.0,6.01,6.0,33000,198180,5.86,6.19
2026/04/16 11:58:55,08606,倢冠控股,KINETIX SYSTEMS,,0.072,0.006,9.09091,0.066,0.073,0.074,0.072,210000,15180,0.072,0.074
2026/04/16 11:29:39,08610,BBSB INTL,BBSB INTL,,0.53,-0.02,-3.63636,0.55,0.54,0.54,0.52,168000,89240,0.53,0.54
2026/04/16 11:45:19,08611,九福来,MINDTELL TECH,,0.88,0.01,1.14943,0.87,0.87,0.88,0.87,30000,26300,0.87,0.89
2026/04/16 11:53:32,08612,维亮控股,WORLD SUPER,,0.122,0.004,3.38983,0.118,0.119,0.135,0.118,2100000,255620,0.122,0.124
2026/04/16 09:04:29,08613,东方支付集团控股,ORIENTAL PAY,,0.03,0.0,0.0,0.03,0.0,0.0,0.0,0,0,0.029,0.032
2026/04/16 09:04:56,08616,新威工程集团,SUNRAY ENG GP,,0.061,0.0,0.0,0.061,0.0,0.0,0.0,0,0,0.062,0.07
2026/04/16 11:46:53,08619,NIU HOLDINGS,NIU HOLDINGS,,0.24,-0.007,-2.83401,0.247,0.249,0.25,0.22,650000,159470,0.222,0.245
2026/04/16 11:38:08,08620,亚洲速运,AE LOGISTICS,,0.155,0.012,8.39161,0.143,0.143,0.155,0.143,305000,44720,0.148,0.155
2026/04/16 09:30:31,08621,METROPOLIS CAP,METROPOLIS CAP,,0.031,0.0,0.0,0.031,0.0,0.0,0.0,0,0,0.031,0.035
2026/04/16 11:47:12,08622,愉悦集团,JOYZYME GROUP,,0.33,0.0,0.0,0.33,0.33,0.345,0.325,184000,60360,0.32,0.34
2026/04/16 09:49:17,08623,中国蜀塔,CHINA SAFTOWER,,0.134,0.0,0.0,0.134,0.0,0.0,0.0,0,0,0.126,0.141
2026/04/16 11:48:45,08627,旅橙文化,ORANGE TOUR,,0.077,0.002,2.66667,0.075,0.079,0.079,0.075,840000,65304,0.075,0.077
2026/04/16 11:39:26,08629,集信国控,SYNTRUST GK,,8.69,0.0,0.0,8.69,8.69,8.69,8.69,1000,8690,8.66,8.7
2026/04/16 11:08:03,08631,申港控股,SUN KONG HLDGS,,0.56,0.0,0.0,0.56,0.0,0.0,0.0,0,0,0.58,0.76
2026/04/16 11:43:28,08635,大象控股集团,ELEPHANT HLDGS,,0.365,0.005,1.38889,0.36,0.36,0.375,0.355,668000,242920,0.36,0.365
2026/04/16 11:55:01,08637,元续科技,METASURFACE,,3.26,0.01,0.30769,3.25,3.25,3.28,3.25,131000,426640,3.25,3.3
2026/04/16 11:11:26,08645,比特元宇宙,BYTE META,,0.42,0.0,0.0,0.42,0.42,0.42,0.42,60000,25200,0.42,0.435
2026/04/16 11:59:24,08646,中国宏光,CHINA HONGGUANG,,0.226,-0.001,-0.44053,0.227,0.232,0.232,0.225,72000,16254,0.22,0.234
2026/04/16 12:29:58,08657,TRUE PARTNER,TRUE PARTNER,,0.345,0.0,0.0,0.345,0.0,0.0,0.0,0,0,0.315,0.405
2026/04/16 12:31:42,08659,易和国际控股,YIK WO INTL,,0.138,-0.004,-2.8169,0.142,0.136,0.141,0.13,2950000,391605,0.134,0.138
2026/04/16 09:01:26,08668,瀛海集团,YING HAI GROUP,,0.095,0.0,0.0,0.095,0.0,0.0,0.0,0,0,0.091,0.0
2026/04/16 11:32:30,09600,新纽科技,NEWLINK TECH,,0.187,-0.003,-1.57895,0.19,0.19,0.19,0.187,879200,166198,0.187,0.19
2026/04/16 12:32:46,09606,映恩生物－Ｂ,DUALITYBIO-B,,317.0,-0.8,-0.25173,317.8,317.0,325.8,314.0,422650,134974810,316.79999,318.60001
2026/04/16 10:22:39,09608,宋都服务,SUNDY SERVICE,,0.048,-0.002,-4.0,0.05,0.05,0.05,0.048,1810000,89800,0.048,0.053
2026/04/16 11:58:03,09609,海伟股份,HAIWEI ELEC,,7.29,0.04,0.55172,7.25,7.28,7.29,7.26,13200,95950,7.28,7.5
2026/04/16 11:59:39,09611,龙旗科技,LONGCHEER,,25.06,0.54,2.20228,24.52,24.66,25.26,24.64,336400,8406548,25.0,25.06
2026/04/16 11:04:42,09616,东软睿新集团,NEUTECH GROUP,,2.35,0.01,0.42735,2.34,2.35,2.35,2.35,8800,20680,2.33,2.35
2026/04/16 11:59:57,09618,京东集团－ＳＷ,JD-SW,,124.0,3.3,2.73405,120.7,123.4,124.2,122.7,7568699,934102838,123.9,124.0
2026/04/16 11:59:50,09626,哔哩哔哩－Ｗ,BILIBILI-W,,199.6,5.9,3.04595,193.7,195.0,200.0,194.7,1341830,265268882,199.60001,199.7
2026/04/16 12:00:00,09633,农夫山泉,NONGFU SPRING,,46.42,-0.66,-1.40187,47.08,47.08,47.48,46.16,1284600,59709210,46.42,46.44
2026/04/16 11:53:50,09636,九方智投控股,JF SMARTINVEST,,29.66,0.42,1.43639,29.24,29.9,29.98,29.2,731200,21631200,29.62,29.76
2026/04/16 09:30:00,09638,法拉帝,FERRETTI,,39.8,0.0,0.0,39.8,0.0,0.0,0.0,0,0,36.66,39.8
2026/04/16 11:28:02,09639,荣利营造,WING LEE DEV,,1.12,0.0,0.0,1.12,1.12,1.12,1.12,10000,11200,1.12,1.15
2026/04/16 11:56:57,09658,特海国际,SUPER HI,,11.34,0.03,0.26525,11.31,11.31,11.4,11.28,204000,2313680,11.33,11.34
2026/04/16 12:00:00,09660,地平线机器人－Ｗ,HORIZONROBOT-W,,7.32,0.15,2.09205,7.17,7.28,7.41,7.25,51499503,377261511,7.31,7.32
2026/04/16 11:59:21,09663,国鸿氢能,SINOSYNERGY,,4.21,0.02,0.47733,4.19,4.19,4.27,3.91,4000,16670,3.96,4.21
2026/04/16 11:41:30,09668,渤海银行,CBHB,,0.83,0.0,0.0,0.83,0.83,0.84,0.83,1903000,1579500,0.83,0.84
2026/04/16 11:59:54,09669,北森控股,BEISEN HOLDING,,4.14,0.08,1.97044,4.06,4.0,4.2,4.0,314800,1303198,4.14,4.15
2026/04/16 11:59:32,09676,十月稻田,SHIYUE DAOTIAN,,6.38,-0.03,-0.46802,6.41,6.41,6.48,6.37,70800,453270,6.38,6.39
2026/04/16 11:59:32,09677,威海银行,WEIHAI BANK,,2.66,0.0,0.0,2.66,0.0,0.0,0.0,0,0,2.51,2.72
2026/04/16 11:59:56,09678,云知声,UNISOUND,,338.4,6.2,1.86635,332.2,333.0,348.0,322.6,651056,217309911,337.60001,338.60001
2026/04/16 11:25:13,09680,如祺出行,CHENQI TECH,,8.51,0.0,0.0,8.51,0.0,0.0,0.0,0,0,8.31,8.52
2026/04/16 11:26:53,09686,熙康云医院,XIKANG CLOUD,,0.89,0.0,0.0,0.89,0.0,0.0,0.0,0,0,0.85,0.88
2026/04/16 11:59:58,09688,再鼎医药,ZAI LAB,,18.09,0.66,3.78658,17.43,17.8,18.22,17.72,8831400,159322529,18.08,18.1
2026/04/16 11:25:54,09689,金泰丰国际控股,JTF INTL,,0.72,-0.08,-10.0,0.8,0.8,0.8,0.71,20000,14640,0.71,0.72
2026/04/16 11:59:15,09690,途虎－Ｗ,TUHU-W,,13.6,0.08,0.59172,13.52,13.45,13.77,13.23,516280,7009937,13.61,13.64
2026/04/16 12:30:58,09696,天齐锂业,TIANQI LITHIUM,,55.9,2.05,3.80687,53.85,54.75,57.65,54.3,7205600,403261965,55.85,55.95
2026/04/16 11:59:21,09698,万国数据－ＳＷ,GDS-SW,,43.38,1.38,3.28571,42.0,42.08,43.5,42.08,1578000,67788639,43.36,43.42
2026/04/16 11:58:58,09699,顺丰同城,SF INTRA-CITY,,11.66,0.36,3.18584,11.3,11.3,11.67,11.24,1410400,16223182,11.66,11.67
2026/04/16 11:59:19,09857,柠萌影视,LINMON MEDIA,,2.95,-0.03,-1.00671,2.98,2.98,2.98,2.95,4800,14169,2.75,2.98
2026/04/16 11:59:48,09858,优然牧业,YOURAN DAIRY,,4.35,-0.01,-0.22936,4.36,4.32,4.44,4.25,4114000,17692205,4.33,4.35
2026/04/16 11:58:17,09860,艾迪康控股,ADICON HOLDINGS,,3.59,-0.41,-10.25,4.0,4.02,4.02,3.58,1908000,7142342,3.59,3.62
2026/04/16 11:59:51,09863,零跑汽车,LEAPMOTOR,,55.55,1.15,2.11397,54.4,54.95,57.15,54.75,6316520,355625948,55.5,55.55
2026/04/16 11:59:49,09866,蔚来－ＳＷ,NIO-SW,,52.35,0.8,1.55189,51.55,51.25,52.65,51.0,2780960,145150046,52.3,52.35
2026/04/16 11:59:58,09868,小鹏集团－Ｗ,XPENG-W,,69.5,1.85,2.73466,67.65,68.4,70.7,68.35,10865307,759028326,69.45,69.5
2026/04/16 11:51:40,09869,海伦司,HELENS,,1.05,0.02,1.94175,1.03,1.05,1.07,1.04,527000,557405,1.05,1.06
2026/04/16 11:59:19,09876,大洋环球控股,OCEAN ONE HLDG,,2.58,-0.1,-3.73134,2.68,2.65,2.65,2.58,84000,219380,2.51,2.85
2026/04/16 11:48:28,09877,健世科技－Ｂ,JENSCARE-B,,9.62,-0.13,-1.33333,9.75,9.75,9.75,9.5,173600,1662218,9.6,9.63
2026/04/16 12:31:42,09878,汇通达网络,HUITONGDA NET,,6.6,0.12,1.85185,6.48,6.48,6.69,6.48,61200,403566,6.53,6.68
2026/04/16 11:59:46,09879,米高集团,MIGAO GROUP,,8.08,-0.03,-0.36991,8.11,8.15,8.15,8.01,230000,1855640,8.02,8.1
2026/04/16 11:59:50,09880,优必选,UBTECH ROBOTICS,,110.7,1.2,1.09589,109.5,110.1,111.5,109.0,2033885,224142786,110.7,110.9
2026/04/16 08:55:00,09881,容大科技,RONGTA TECH,,17.7,0.0,0.0,17.7,0.0,0.0,0.0,0,0,0.0,0.0
2026/04/16 11:57:53,09882,永联丰控股,BEST LINKING,,1.0,0.0,0.0,1.0,1.0,1.0,1.0,2000,2000,0.95,1.0
2026/04/16 11:58:57,09885,药师帮,YSB,,5.11,0.01,0.19608,5.1,5.1,5.2,5.08,1128400,5805625,5.1,5.11
2026/04/16 11:58:42,09886,叮当健康,DINGDANG HEALTH,,1.05,0.01,0.96154,1.04,1.05,1.07,1.04,219500,231280,1.05,1.07
2026/04/16 11:59:55,09887,维立志博－Ｂ,LEADS BIOLABS-B,,94.4,0.45,0.47898,93.95,95.0,97.5,92.4,595500,56601120,94.4,94.7
2026/04/16 11:59:57,09888,百度集团－ＳＷ,BIDU-SW,,124.1,9.6,8.38428,114.5,118.5,124.3,118.3,10218686,1239885450,124.0,124.1
2026/04/16 11:54:01,09889,东莞农商银行,DRCB,,3.35,0.0,0.0,3.35,3.35,3.36,3.35,140000,469850,3.35,3.36
2026/04/16 11:58:43,09890,贪玩,TANWAN,,15.08,0.39,2.65487,14.69,14.69,15.33,14.65,697800,10515486,15.05,15.09
2026/04/16 11:17:35,09893,比优集团,PIZU GROUP,,1.57,0.0,0.0,1.57,0.0,0.0,0.0,0,0,1.57,1.58
2026/04/16 11:59:54,09896,名创优品,MNSO,,31.16,0.16,0.51613,31.0,31.2,31.5,31.08,1125263,35120651,31.14,31.16
2026/04/16 11:59:54,09898,微博－ＳＷ,WB-SW,,67.8,1.68,2.54084,66.12,66.9,67.95,66.5,130880,8813293,67.8,67.85
2026/04/16 11:59:41,09899,网易云音乐,NETEASE MUSIC,,126.7,1.7,1.36,125.0,125.5,128.5,125.5,508750,64780731,126.6,126.9
2026/04/16 10:44:55,09900,智云科技建设,ZCLOUD TECH CON,,4.5,-0.03,-0.66225,4.53,4.58,4.58,4.45,64000,287960,4.48,4.58
2026/04/16 11:59:32,09901,新东方－Ｓ,NEW ORIENTAL-S,,44.4,2.28,5.41311,42.12,44.02,44.64,43.4,3912229,172820876,44.4,44.42
2026/04/16 12:30:02,09903,天数智芯,ILUVATAR COREX,,425.4,54.4,14.66307,371.0,371.0,427.6,371.0,1113472,451735895,425.39999,425.79999
2026/04/16 08:55:00,09906,宏力医疗管理,HONLIV HEALTH,,1.56,0.0,0.0,1.56,0.0,0.0,0.0,0,0,0.0,0.0
2026/04/16 11:51:33,09908,嘉兴燃气,JIAXING GAS,,8.29,0.0,0.0,8.29,0.0,0.0,0.0,0,0,8.13,8.29
2026/04/16 11:58:10,09909,宝龙商业,POWERLONG CM,,2.46,0.01,0.40816,2.45,2.45,2.46,2.44,43000,105365,2.44,2.47
2026/04/16 11:59:43,09911,赤子城科技,NEWBORNTOWN,,9.64,0.17,1.79514,9.47,9.69,9.79,9.47,9658000,92754220,9.64,9.66
2026/04/16 11:32:19,09913,智勤控股,CHI KAN HLDGS,,2.31,0.0,0.0,2.31,2.32,2.32,2.3,156000,360600,2.3,2.31
2026/04/16 11:51:20,09916,兴业物联,XINGYE WULIAN,,0.325,-0.01,-2.98508,0.335,0.325,0.325,0.32,372000,120080,0.32,0.325
2026/04/16 10:19:44,09918,丽年国际,WISE ALLY INTL,,0.95,0.03,3.26087,0.92,0.95,0.95,0.95,26000,24700,0.86,0.95
2026/04/16 11:00:49,09919,艾德韦宣集团,ACTIVATION GP,,0.91,0.01,1.11111,0.9,0.9,0.91,0.88,69580,62622,0.88,0.91
2026/04/16 11:59:34,09922,九毛九,JIUMAOJIU,,1.95,0.0,0.0,1.95,1.95,1.98,1.91,2097000,4100760,1.95,1.96
2026/04/16 11:48:04,09923,移卡,YEAHKA,,6.58,0.01,0.15221,6.57,6.57,6.64,6.44,261200,1703232,6.58,6.6
2026/04/16 11:59:51,09926,康方生物,AKESO,,147.4,0.0,0.0,147.4,147.4,148.5,146.1,2004857,295506975,147.5,147.89999
2026/04/16 11:59:51,09927,赛力斯,SERES,,80.5,1.4,1.76991,79.1,79.7,81.45,79.65,391100,31547185,80.5,80.65
2026/04/16 10:20:37,09928,时代邻里,TIMES NEIGHBOR,,0.58,0.0,0.0,0.58,0.58,0.59,0.58,147000,85840,0.58,0.59
2026/04/16 11:57:20,09929,澳达控股,SEM HLDGS,,0.89,-0.01,-1.11111,0.9,0.9,0.95,0.89,4030000,3711700,0.88,0.91
2026/04/16 10:28:48,09930,宏信建发,HORIZON CD,,0.91,0.01,1.11111,0.9,0.9,0.91,0.9,43000,38710,0.87,0.9
2026/04/16 09:30:04,09933,GHW INTL,GHW INTL,,1.67,0.0,0.0,1.67,0.0,0.0,0.0,0,0,1.62,1.67
2026/04/16 11:58:31,09936,稀美资源,XIMEI RESOURCES,,14.9,-0.09,-0.6004,14.99,14.54,14.94,14.54,197500,2894625,14.84,14.95
2026/04/16 11:59:14,09938,华和控股,WAH WO HOLDINGS,,0.175,0.03,20.68966,0.145,0.153,0.18,0.153,1195000,200735,0.17,0.18
2026/04/16 11:58:52,09939,开拓药业－Ｂ,KINTOR PHARMA-B,,2.83,-0.12,-4.0678,2.95,2.96,2.96,2.8,1382500,3960245,2.82,2.83
2026/04/16 11:49:41,09955,智云健康,CLOUDR,,0.7,0.0,0.0,0.7,0.7,0.7,0.69,65200,45350,0.69,0.7
2026/04/16 11:54:06,09958,力天影业,LITIAN PICTURES,,0.173,-0.001,-0.57471,0.174,0.171,0.175,0.168,8499000,1473232,0.17,0.173
2026/04/16 11:58:46,09959,联易融科技－Ｗ,LINKLOGIS-W,,2.25,0.03,1.35135,2.22,2.22,2.27,2.19,1115000,2487040,2.24,2.25
2026/04/16 11:57:02,09960,康圣环球,KINDSTAR GLOBAL,,1.16,0.03,2.65487,1.13,1.13,1.2,1.12,382000,437710,1.16,1.19
2026/04/16 11:59:50,09961,携程集团－Ｓ,TRIP.COM-S,,429.4,19.0,4.62963,410.4,422.8,429.8,420.4,1498390,638243695,429.20001,429.39999
2026/04/16 11:59:34,09963,高科桥,TRANSTECH,,4.75,0.6,14.45783,4.15,4.48,4.8,3.78,4547700,19434436,4.7,4.79
2026/04/16 11:57:59,09966,康宁杰瑞制药－Ｂ,ALPHAMAB-B,,11.7,0.47,4.18522,11.23,11.26,11.98,11.15,1936932,22780149,11.64,11.73
2026/04/16 11:10:43,09968,汇景控股,HUIJING HLDGS,,0.032,0.001,3.22581,0.031,0.031,0.032,0.03,1296000,41148,0.03,0.032
2026/04/16 11:59:44,09969,诺诚健华,INNOCARE,,15.58,0.02,0.12854,15.56,15.62,15.74,15.24,2798000,43500850,15.57,15.61
2026/04/16 11:59:57,09973,奇瑞汽车,CHERY AUTO,,31.36,0.16,0.51282,31.2,31.6,32.12,31.2,1459300,46269480,31.36,31.4
2026/04/16 09:53:15,09978,方圆生活服务,FINELAND LIVING,,0.063,0.0,0.0,0.063,0.0,0.0,0.0,0,0,0.061,0.069
2026/04/16 11:58:54,09979,绿城管理控股,GREENTOWN MGMT,,2.31,-0.03,-1.28205,2.34,2.34,2.36,2.29,415000,968030,2.3,2.31
2026/04/16 11:59:59,09980,东鹏饮料,EASTROC,,211.4,5.4,2.62136,206.0,206.0,211.4,204.0,49800,10291700,210.2,211.2
2026/04/16 11:59:30,09981,沃尔核材,WOER,,19.5,0.24,1.24611,19.26,19.6,19.66,19.31,1223800,23884580,19.5,19.58
2026/04/16 11:59:50,09982,中原建业,CENTRALCHINA MT,,0.056,-0.001,-1.75439,0.057,0.056,0.058,0.056,2393000,134522,0.056,0.057
2026/04/16 11:57:27,09983,建业新生活,CC NEW LIFE,,0.36,-0.005,-1.36986,0.365,0.36,0.36,0.36,256000,92160,0.36,0.365
2026/04/16 11:59:50,09985,卫龙美味,WL DELICIOUS,,9.27,-0.05,-0.53648,9.32,9.41,9.41,9.17,1783600,16458134,9.25,9.28
2026/04/16 08:55:00,09986,大山教育,DASHAN EDU,,1.88,0.0,0.0,1.88,0.0,0.0,0.0,0,0,0.0,0.0
2026/04/16 11:59:44,09987,百胜中国,YUM CHINA,,389.8,5.4,1.40479,384.4,388.2,390.4,385.0,195078,75824571,389.60001,389.79999
2026/04/16 11:59:59,09988,阿里巴巴－Ｗ,BABA-W,,134.5,5.9,4.58787,128.6,131.7,134.8,131.2,58251118,7743226230,134.39999,134.5
2026/04/16 11:58:46,09989,海普瑞,HEPALINK,,4.96,-0.05,-0.998,5.01,5.01,5.01,4.94,77500,384210,4.96,4.97
2026/04/16 12:31:42,09990,祖龙娱乐,ARCHOSAUR GAMES,,1.52,0.0,0.0,1.52,0.0,0.0,0.0,0,0,1.52,1.58
2026/04/16 11:53:59,09991,宝尊电商－Ｗ,BAOZUN-W,,7.1,0.36,5.34125,6.74,7.23,7.23,7.02,5000,35325,7.03,7.1
2026/04/16 11:59:59,09992,泡泡玛特,POP MART,,167.0,3.7,2.26577,163.3,165.7,169.4,164.4,13895628,2331921747,167.0,167.10001
2026/04/16 11:57:35,09993,金辉控股,RADIANCE HLDGS,,1.29,-0.01,-0.76923,1.3,1.31,1.31,1.29,968000,1255910,1.28,1.29
2026/04/16 11:58:57,09995,荣昌生物,REMEGEN,,119.0,0.7,0.59172,118.3,121.0,121.2,115.2,3162294,375795672,118.8,119.0
2026/04/16 11:59:18,09996,沛嘉医疗－Ｂ,PEIJIA-B,,7.0,-0.06,-0.84986,7.06,7.05,7.1,6.99,495000,3476788,7.0,7.02
2026/04/16 11:50:45,09998,光荣控股,KWAN YONG,,0.46,-0.01,-2.12766,0.47,0.455,0.46,0.45,130000,59575,0.45,0.46
2026/04/16 11:59:56,09999,网易－Ｓ,NTES-S,,185.9,8.2,4.61452,177.7,183.6,186.2,182.9,2305591,426428136,185.89999,186.0
2026/04/16 12:33:36,80016,新鸿基地产－Ｒ,SHK PPT-R,,118.6,-0.8,-0.67002,119.4,118.6,118.6,118.6,2500,296500,119.1,119.8
2026/04/16 12:31:46,80020,商汤－ＷＲ,SENSETIME-WR,,1.82,0.03,1.67598,1.79,1.81,1.82,1.8,251000,454500,1.8,1.82
2026/04/16 12:31:46,80175,吉利汽车－Ｒ,GEELY AUTO-R,,21.24,0.34,1.62679,20.9,21.62,21.62,21.24,4000,85900,21.24,21.4
2026/04/16 11:59:54,80291,华润啤酒－Ｒ,CHINARES BEER-R,,22.86,0.0,0.0,22.86,0.0,0.0,0.0,0,0,22.96,23.08
2026/04/16 12:31:06,80388,香港交易所－Ｒ,HKEX-R,,356.8,-2.2,-0.61281,359.0,357.8,357.8,356.0,5900,2104360,356.60001,357.79999
2026/04/16 12:31:06,80700,腾讯控股－Ｒ,TENCENT-R,,446.6,12.0,2.76116,434.6,445.0,446.8,440.2,13100,5806820,444.79999,447.60001
2026/04/16 09:30:20,80737,湾区发展－Ｒ,BAY AREA DEV-R,,1.66,0.0,0.0,1.66,0.0,0.0,0.0,0,0,1.66,0.0
2026/04/16 12:31:06,80883,中国海洋石油－Ｒ,CNOOC-R,,23.14,0.28,1.22485,22.86,22.86,23.14,22.84,345000,7884820,23.18,23.36
2026/04/16 12:31:46,80941,中国移动－Ｒ,CHINA MOBILE-R,,71.0,0.15,0.21172,70.85,70.85,71.05,70.85,7000,496975,70.85,71.2
2026/04/16 12:31:46,80992,联想集团－Ｒ,LENOVO GROUP-R,,9.4,0.2,2.17391,9.2,9.23,9.4,9.23,162000,1503980,9.36,9.4
2026/04/16 12:31:46,81024,快手－ＷＲ,KUAISHOU-WR,,40.66,0.94,2.36657,39.72,40.6,40.7,40.34,13400,543950,40.5,40.98
2026/04/16 12:33:36,81211,比亚迪股份－Ｒ,BYD COMPANY-R,,97.5,4.1,4.38972,93.4,95.6,97.9,95.6,17000,1658525,97.45,98.0
2026/04/16 12:31:46,81299,友邦保险－Ｒ,AIA-R,,73.45,0.15,0.20464,73.3,73.5,73.5,73.3,1200,88130,73.4,73.75
2026/04/16 12:31:04,81810,小米集团－ＷＲ,XIAOMI-WR,,27.52,0.62,2.30483,26.9,27.02,27.54,27.02,22400,611524,27.38,27.84
2026/04/16 12:31:04,82020,安踏体育－Ｒ,ANTA SPORTS-R,,72.9,0.0,0.0,72.9,0.0,0.0,0.0,0,0,73.3,73.8
2026/04/16 11:59:54,82318,中国平安－Ｒ,PING AN-R,,54.5,0.0,0.0,54.5,54.7,54.7,54.4,27000,1472725,54.5,54.7
2026/04/16 12:31:06,82331,李宁－Ｒ,LI NING-R,,18.28,0.0,0.0,18.28,0.0,0.0,0.0,0,0,18.31,18.43
2026/04/16 12:30:00,82333,长城汽车－Ｒ,GWMOTOR-R,,11.53,-0.02,-0.17316,11.55,11.56,11.56,11.53,13500,155955,11.5,11.57
2026/04/16 12:31:04,82388,中银香港－Ｒ,BOC HONG KONG-R,,37.96,-0.52,-1.35135,38.48,38.0,38.0,37.8,7000,265260,38.04,39.3
2026/04/16 12:31:46,83690,美团－ＷＲ,MEITUAN-WR,,77.25,2.1,2.79441,75.15,75.3,77.25,75.3,11400,875000,76.85,77.2
2026/04/16 12:31:46,86618,京东健康－Ｒ,JD HEALTH-R,,42.7,0.0,0.0,42.7,42.7,42.7,42.7,50,2135,43.26,45.04
2026/04/16 12:31:06,89618,京东集团－ＳＷＲ,JD-SWR,,107.8,2.8,2.66667,105.0,107.2,107.8,107.0,17250,1852585,107.6,108.1
2026/04/16 12:31:46,89888,百度集团－ＳＷＲ,BIDU-SWR,,108.0,8.35,8.37933,99.65,100.0,108.0,100.0,16750,1763760,107.7,108.4
2026/04/16 12:31:00,89988,阿里巴巴－ＷＲ,BABA-WR,,117.0,5.0,4.46429,112.0,113.5,117.1,113.5,143300,16513430,116.8,117.2
