序号,股票代码,股票简称,最新价,涨跌幅,换手率,流入资金,流出资金,净额,成交额
1,301666,大普微,227.56,393.84%,66.42%,22.74亿,15.58亿,7.16亿,38.33亿
2,603293,埃泰克,72.99,117.95%,50.75%,6.05亿,7.25亿,-1.21亿,13.30亿
3,300027,华谊兄弟,2.09,20.11%,13.23%,1.40亿,5.45亿,-4.05亿,6.84亿
4,300798,锦鸡股份,13.42,20.04%,20.15%,5.37亿,3.98亿,1.39亿,9.35亿
5,301603,乔锋智能,90.41,20.00%,29.69%,5.76亿,3.90亿,1.86亿,9.66亿
6,688668,鼎通科技,207.23,20.00%,9.17%,13.94亿,11.12亿,2.82亿,25.06亿
7,300905,宝丽迪,46.32,20.00%,6.76%,1.47亿,2.80亿,-1.33亿,4.27亿
8,300088,长信科技,8.17,19.97%,24.52%,30.59亿,16.18亿,14.41亿,46.78亿
9,301396,宏景科技,288.68,19.69%,14.48%,16.13亿,13.88亿,2.24亿,30.01亿
10,301148,嘉戎技术,59.6,18.75%,10.35%,2.10亿,1.38亿,7240.14万,3.48亿
11,301382,蜂助手,40.43,15.51%,24.86%,10.14亿,7.39亿,2.75亿,17.54亿
12,688159,有方科技,49.29,15.24%,8.20%,2.31亿,1.23亿,1.08亿,3.55亿
13,301282,金禄电子,45.05,14.05%,18.74%,4.95亿,4.23亿,7132.36万,9.18亿
14,300390,天华新能,86.99,13.08%,12.81%,40.79亿,30.62亿,10.17亿,71.42亿
15,301091,深城交,24.32,13.01%,2.48%,1.80亿,1.20亿,6024.65万,3.00亿
16,688287,*ST观典,2.21,12.76%,13.53%,4907.32万,6239.05万,-1331.73万,1.11亿
17,300209,行云科技,14.25,12.65%,19.21%,11.60亿,7.11亿,4.49亿,18.71亿
18,300351,永贵电器,18.01,12.56%,12.17%,3.62亿,1.89亿,1.73亿,5.51亿
19,300689,澄天伟业,53.24,12.25%,4.48%,1.31亿,1.00亿,3114.84万,2.32亿
20,300911,亿田智能,36.69,11.69%,5.55%,1.85亿,1.50亿,3522.43万,3.35亿
21,300736,百邦科技,22.06,11.30%,7.50%,1.08亿,8285.84万,2472.43万,1.90亿
22,301369,联动科技,172.77,10.53%,5.85%,1.92亿,1.70亿,2228.55万,3.61亿
23,300857,协创数据,308.99,10.08%,6.41%,34.55亿,31.39亿,3.16亿,65.95亿
24,600156,华升股份,8.42,10.07%,4.38%,5665.48万,8696.80万,-3031.33万,1.44亿
25,571,新大洲A,5.69,10.06%,3.20%,8451.89万,5820.15万,2631.74万,1.43亿
26,782,恒申新材,5.81,10.04%,3.70%,5283.49万,5822.42万,-538.93万,1.11亿
27,600961,株冶集团,20.08,10.03%,3.40%,2.02亿,3.03亿,-1.01亿,5.05亿
28,2726,龙大美食,3.62,10.03%,3.96%,1818.46万,1.36亿,-1.18亿,1.55亿
29,2613,北玻股份,4.17,10.03%,10.30%,2.02亿,1.22亿,8003.50万,3.24亿
30,603826,坤彩科技,34.16,10.02%,2.77%,2.87亿,3.23亿,-3574.12万,6.10亿
31,967,盈峰环境,13.07,10.02%,4.79%,8.98亿,10.43亿,-1.45亿,19.41亿
32,593,德龙汇能,18.33,10.02%,7.09%,2.72亿,1.76亿,9633.11万,4.48亿
33,1203,大中矿业,46.39,10.01%,1.39%,3.91亿,4.29亿,-3858.72万,8.20亿
34,2875,安奈儿,20.99,10.01%,4.80%,8721.78万,8861.97万,-140.19万,1.76亿
35,2213,大为股份,38.34,10.01%,20.38%,7.24亿,8.19亿,-9535.60万,15.43亿
36,603906,龙蟠科技,25.05,10.01%,3.86%,1.63亿,3.79亿,-2.16亿,5.43亿
37,603629,利通电子,96.75,10.01%,14.69%,18.49亿,16.63亿,1.86亿,35.12亿
38,603322,超讯通信,36.26,10.01%,11.36%,2.72亿,3.64亿,-9277.19万,6.36亿
39,2940,昂利康,35.6,10.01%,10.13%,3.21亿,3.28亿,-692.82万,6.50亿
40,2580,圣阳股份,27.8,10.01%,14.44%,8.24亿,9.58亿,-1.34亿,17.83亿
41,2468,申通快递,18.03,10.01%,8.19%,9.63亿,11.96亿,-2.33亿,21.59亿
42,1268,联合精密,31.34,10.00%,4.14%,3196.18万,4813.48万,-1617.29万,8009.97万
43,815,美利云,22.21,10.00%,10.62%,7.14亿,8.93亿,-1.79亿,16.08亿
44,3041,真爱美家,57.97,10.00%,3.66%,1.64亿,1.18亿,4601.49万,2.82亿
45,2263,大东南,5.17,10.00%,13.40%,2.42亿,10.48亿,-8.06亿,12.90亿
46,605060,联德股份,58.95,10.00%,3.55%,2.39亿,2.46亿,-666.34万,4.85亿
47,603052,可川科技,75.77,10.00%,3.33%,2.28亿,2.33亿,-493.87万,4.61亿
48,1230,劲旅环境,27.72,10.00%,6.50%,7189.41万,6554.48万,634.93万,1.37亿
49,605287,德才股份,46.98,10.00%,3.60%,1.20亿,1.10亿,1008.80万,2.31亿
50,2990,盛视科技,46.32,10.00%,13.96%,4.00亿,4.50亿,-5003.79万,8.50亿
51,603985,恒润股份,24.54,10.00%,12.35%,6.94亿,5.94亿,1.00亿,12.88亿
52,603920,世运电路,58.86,10.00%,1.74%,0.00,7.37亿,-7.37亿,7.37亿
53,603897,长城科技,50.6,10.00%,5.36%,2.23亿,3.31亿,-1.09亿,5.54亿
54,600507,方大特钢,6.05,10.00%,3.50%,2.65亿,2.12亿,5229.74万,4.77亿
55,2850,科达利,205.59,10.00%,2.33%,5.08亿,4.18亿,8970.66万,9.26亿
56,2771,真视通,18.37,10.00%,12.04%,1.30亿,2.52亿,-1.22亿,3.82亿
57,657,中钨高新,51.9,10.00%,8.28%,31.45亿,27.56亿,3.89亿,59.02亿
58,603315,福鞍股份,16.84,9.99%,9.74%,3.04亿,2.07亿,9637.64万,5.11亿
59,600683,京投发展,10.9,9.99%,3.20%,9034.36万,1.65亿,-7446.12万,2.55亿
60,2802,洪汇新材,14.87,9.99%,7.27%,7009.25万,8645.37万,-1636.12万,1.57亿
61,2757,南兴股份,22.79,9.99%,9.56%,3.36亿,2.60亿,7602.46万,5.96亿
62,2297,博云新材,16.08,9.99%,22.20%,1.61亿,18.85亿,-17.24亿,20.46亿
63,534,万泽股份,45.9,9.99%,4.61%,5.82亿,4.33亿,1.49亿,10.15亿
64,605166,聚合顺,11.13,9.98%,3.79%,6686.44万,6182.85万,503.58万,1.29亿
65,600768,宁波富邦,17.52,9.98%,7.84%,8573.40万,9568.33万,-994.93万,1.81亿
66,2062,宏润建设,8.05,9.97%,2.33%,9366.95万,1.11亿,-1719.31万,2.05亿
67,605388,均瑶健康,8.06,9.96%,9.34%,1.67亿,2.68亿,-1.01亿,4.34亿
68,600666,奥瑞德,6.85,9.95%,22.16%,21.30亿,15.22亿,6.08亿,36.52亿
69,570,苏常柴A,6.74,9.95%,10.59%,1.98亿,1.83亿,1449.40万,3.81亿
70,546,金圆股份,7.08,9.94%,8.35%,2.00亿,1.99亿,101.71万,3.99亿
71,2421,达实智能,2.9,9.85%,5.83%,1.69亿,1.63亿,567.33万,3.32亿
72,2008,大族激光,86.53,9.82%,3.94%,17.75亿,14.01亿,3.74亿,31.76亿
73,300137,先河环保,16.56,9.81%,11.46%,5.58亿,4.13亿,1.46亿,9.71亿
74,2595,豪迈科技,88.72,9.63%,0.64%,2.77亿,1.63亿,1.14亿,4.40亿
75,301012,扬电科技,33.07,9.58%,9.42%,3.90亿,2.02亿,1.87亿,5.92亿
76,688556,高测股份,14.53,9.41%,6.95%,5.41亿,2.70亿,2.71亿,8.11亿
77,300936,中英科技,72.42,9.40%,11.80%,2.18亿,1.73亿,4450.99万,3.91亿
78,301283,聚胶股份,50.45,9.29%,3.89%,6947.45万,5018.98万,1928.47万,1.20亿
79,301636,泽润新能,77.58,9.28%,30.52%,1.80亿,1.87亿,-735.98万,3.67亿
80,603687,大胜达,19.71,9.26%,17.64%,8.04亿,11.05亿,-3.01亿,19.09亿
81,300438,鹏辉能源,68.67,9.19%,13.07%,19.65亿,15.39亿,4.25亿,35.04亿
82,600875,东方电气,41.67,9.03%,4.95%,27.48亿,18.31亿,9.17亿,45.79亿
83,300853,申昊科技,22.94,8.98%,6.48%,8534.72万,5714.32万,2820.40万,1.42亿
84,688258,卓易信息,115.99,8.91%,4.06%,3.47亿,2.09亿,1.38亿,5.56亿
85,300231,银信科技,11.66,8.77%,7.37%,2.39亿,1.29亿,1.10亿,3.67亿
86,300394,天孚通信,359.11,8.60%,4.45%,72.66亿,45.43亿,27.23亿,118.09亿
87,688590,新致软件,15.24,8.47%,5.87%,1.49亿,9539.57万,5367.24万,2.44亿
88,600673,东阳光,36.23,8.47%,2.25%,14.51亿,9.20亿,5.31亿,23.71亿
89,688479,友车科技,35.22,8.30%,5.62%,7001.35万,5266.91万,1734.44万,1.23亿
90,601778,晶科科技,6.55,8.26%,15.06%,20.02亿,14.99亿,5.03亿,35.00亿
91,300657,弘信电子,35.51,8.26%,8.94%,9.07亿,5.33亿,3.74亿,14.41亿
92,688685,迈信林,44.19,8.20%,2.81%,1.11亿,6239.14万,4889.98万,1.74亿
93,600749,西藏旅游,19.6,8.17%,13.17%,3.28亿,2.37亿,9045.07万,5.65亿
94,300840,酷特智能,20.02,8.10%,8.51%,1.73亿,1.26亿,4764.31万,2.99亿
95,70,特发信息,20.4,8.05%,17.22%,16.66亿,13.77亿,2.89亿,30.43亿
96,300696,爱乐达,34.1,8.05%,4.78%,2.46亿,1.86亿,5980.35万,4.32亿
97,301157,华塑科技,79.76,8.03%,26.30%,2.10亿,2.15亿,-521.67万,4.26亿
98,300410,正业科技,9.7,8.02%,12.18%,2.40亿,1.83亿,5700.94万,4.23亿
99,300442,润泽科技,97.36,7.87%,3.47%,33.76亿,19.60亿,14.16亿,53.36亿
100,2929,润建股份,63.97,7.78%,8.31%,5.78亿,4.95亿,8335.15万,10.73亿
101,2859,洁美科技,45.39,7.76%,1.71%,1.85亿,1.18亿,6691.68万,3.03亿
102,300684,中石科技,58.35,7.74%,6.32%,4.54亿,2.66亿,1.88亿,7.20亿
103,2240,盛新锂能,49.85,7.74%,7.77%,17.98亿,17.25亿,7255.90万,35.23亿
104,300322,硕贝德,31.23,7.69%,14.91%,12.20亿,7.71亿,4.49亿,19.90亿
105,300069,金利华电,23.91,7.65%,11.19%,1.89亿,1.15亿,7433.97万,3.04亿
106,688227,品高股份,75.76,7.63%,3.88%,1.85亿,1.44亿,4176.65万,3.29亿
107,300385,ST雪浪,14.76,7.58%,7.53%,1.82亿,1.32亿,5076.58万,3.14亿
108,300938,信测标准,49.0,7.57%,5.09%,2.67亿,2.34亿,3262.31万,5.01亿
109,600549,厦门钨业,60.51,7.57%,4.30%,22.98亿,16.09亿,6.89亿,39.06亿
110,301123,奕东电子,67.05,7.54%,7.71%,4.97亿,3.34亿,1.62亿,8.31亿
111,1223,欧克科技,55.89,7.52%,1.62%,5065.05万,3127.54万,1937.51万,8196.50万
112,300738,奥飞数据,25.15,7.48%,8.73%,13.16亿,7.88亿,5.28亿,21.04亿
113,600986,浙文互联,10.98,7.44%,15.35%,14.11亿,10.69亿,3.42亿,24.80亿
114,603129,春风动力,273.74,7.40%,2.58%,6.47亿,4.02亿,2.45亿,10.49亿
115,600382,广东明珠,10.02,7.40%,4.17%,1.78亿,1.03亿,7577.40万,2.81亿
116,301128,强瑞技术,191.0,7.39%,6.66%,6.24亿,5.36亿,8785.08万,11.60亿
117,2733,雄韬股份,32.37,7.33%,8.72%,6.09亿,4.03亿,2.06亿,10.12亿
118,605178,时空科技,86.88,7.25%,3.35%,1.51亿,1.28亿,2304.80万,2.79亿
119,301085,亚康股份,69.02,7.11%,14.80%,2.80亿,3.11亿,-3107.49万,5.92亿
120,603032,德新科技,21.57,7.10%,10.08%,2.48亿,2.49亿,-126.56万,4.96亿
121,2842,翔鹭钨业,33.92,7.07%,14.53%,7.81亿,4.96亿,2.85亿,12.77亿
122,301178,天亿马,55.93,7.04%,6.79%,1.04亿,8155.63万,2273.66万,1.86亿
123,301086,鸿富瀚,156.78,6.97%,4.54%,1.88亿,1.36亿,5215.40万,3.24亿
124,300276,三丰智能,7.37,6.97%,5.04%,2.24亿,1.65亿,5866.75万,3.89亿
125,300502,新易盛,531.58,6.96%,3.27%,84.93亿,64.68亿,20.25亿,149.61亿
126,300895,铜牛信息,64.32,6.95%,9.91%,5.26亿,3.33亿,1.93亿,8.60亿
127,600094,大名城,4.93,6.94%,1.79%,1.00亿,8042.04万,1963.44万,1.80亿
128,603110,东方材料,17.74,6.93%,5.14%,1.18亿,5926.05万,5873.44万,1.77亿
129,300277,汽轮科技,19.91,6.87%,5.23%,5.03亿,2.82亿,2.21亿,7.85亿
130,300953,震裕科技,201.78,6.85%,7.21%,10.07亿,7.95亿,2.13亿,18.02亿
131,300687,赛意信息,20.28,6.85%,3.75%,1.42亿,1.01亿,4030.23万,2.43亿
132,301345,涛涛车业,236.91,6.84%,6.14%,2.99亿,2.10亿,8852.23万,5.09亿
133,603358,华达科技,34.83,6.81%,2.87%,2.53亿,1.95亿,5780.99万,4.49亿
134,300163,先锋新材,4.89,6.77%,6.77%,9897.34万,4655.85万,5241.49万,1.46亿
135,300806,斯迪克,55.46,6.76%,5.54%,5.39亿,3.93亿,1.45亿,9.32亿
136,301222,浙江恒威,39.0,6.76%,6.07%,1.11亿,7449.95万,3606.57万,1.85亿
137,2798,帝欧水华,7.12,6.75%,9.22%,1.62亿,1.45亿,1702.26万,3.08亿
138,300991,创益通,55.45,6.74%,3.14%,9250.04万,6112.30万,3137.74万,1.54亿
139,2328,新朋股份,13.34,6.72%,24.46%,9.74亿,8.60亿,1.15亿,18.34亿
140,688719,爱科赛博,53.35,6.70%,4.58%,1.16亿,9879.88万,1734.03万,2.15亿
141,605198,安德利,47.14,6.70%,1.16%,9166.60万,5259.62万,3906.98万,1.44亿
142,300843,胜蓝股份,68.87,6.68%,4.66%,2.71亿,2.31亿,3996.10万,5.03亿
143,603458,勘设股份,12.16,6.67%,4.88%,1.04亿,7152.83万,3243.20万,1.76亿
144,300949,奥雅股份,39.68,6.64%,2.37%,1980.93万,1134.65万,846.28万,3115.98万
145,600184,光电股份,21.63,6.60%,5.89%,4.29亿,3.03亿,1.26亿,7.31亿
146,688382,益方生物,22.67,6.58%,4.35%,3.19亿,2.39亿,8044.80万,5.58亿
147,600654,中安科,4.7,6.58%,14.28%,8.93亿,6.00亿,2.93亿,14.93亿
148,2491,通鼎互联,15.13,6.55%,15.20%,16.25亿,10.09亿,6.17亿,26.34亿
149,603206,嘉环科技,17.59,6.54%,4.96%,1.37亿,1.30亿,752.31万,2.67亿
150,301360,荣旗科技,79.88,6.51%,9.88%,1.28亿,7119.52万,5648.69万,1.99亿
151,300383,光环新网,19.01,6.50%,8.27%,16.53亿,11.11亿,5.41亿,27.64亿
152,300928,华安鑫创,30.54,6.41%,5.21%,4568.24万,3932.74万,635.50万,8501.59万
153,603399,永杉锂业,12.82,6.39%,14.17%,4.38亿,4.93亿,-5517.33万,9.31亿
154,600186,莲花控股,8.18,6.37%,14.11%,11.46亿,8.49亿,2.97亿,19.94亿
155,600176,中国巨石,33.07,6.33%,3.32%,22.85亿,20.89亿,1.97亿,43.74亿
156,688316,青云科技,78.74,6.29%,8.26%,1.83亿,1.22亿,6049.06万,3.05亿
157,2803,吉宏股份,17.4,6.29%,3.35%,1.07亿,5623.31万,5081.51万,1.63亿
158,688158,优刻得,48.65,6.27%,9.53%,10.40亿,8.11亿,2.29亿,18.51亿
159,300604,长川科技,150.05,6.26%,3.91%,16.73亿,11.64亿,5.09亿,28.37亿
160,688,国城矿业,46.2,6.26%,1.84%,5.72亿,4.36亿,1.37亿,10.08亿
161,301004,嘉益股份,50.68,6.25%,1.32%,5577.73万,3483.49万,2094.24万,9063.24万
162,300491,通合科技,27.06,6.24%,5.71%,1.38亿,9651.56万,4177.17万,2.35亿
163,600126,杭钢股份,10.12,6.19%,5.70%,11.27亿,7.76亿,3.50亿,19.03亿
164,300478,杭州高新,26.74,6.15%,3.78%,8261.04万,4305.65万,3955.39万,1.26亿
165,2943,宇晶股份,56.83,6.14%,14.98%,6.52亿,5.71亿,8112.50万,12.24亿
166,762,西藏矿业,35.79,6.08%,9.74%,9.75亿,8.29亿,1.46亿,18.04亿
167,603308,应流股份,68.95,6.06%,2.82%,7.72亿,5.14亿,2.58亿,12.86亿
168,688025,杰普特,288.0,6.05%,3.92%,6.03亿,4.29亿,1.75亿,10.33亿
169,2738,中矿资源,85.43,6.03%,3.91%,14.77亿,8.79亿,5.99亿,23.56亿
170,603601,再升科技,15.18,6.01%,18.96%,17.73亿,14.54亿,3.19亿,32.27亿
171,603115,海星股份,47.17,6.00%,2.83%,1.78亿,1.36亿,4232.16万,3.14亿
172,301489,思泉新材,210.38,5.98%,7.08%,4.33亿,2.63亿,1.70亿,6.95亿
173,2378,章源钨业,31.94,5.97%,5.19%,11.12亿,8.19亿,2.93亿,19.31亿
174,2556,辉隆股份,6.4,5.96%,2.85%,9102.94万,7661.40万,1441.54万,1.68亿
175,600338,西藏珠峰,20.12,5.95%,8.59%,9.72亿,5.93亿,3.79亿,15.65亿
176,688178,万德斯,33.3,5.92%,3.08%,5251.21万,3327.77万,1923.44万,8579.65万
177,688027,国盾量子,612.03,5.89%,4.54%,12.63亿,9.57亿,3.06亿,22.20亿
178,603698,航天工程,41.86,5.89%,10.11%,10.66亿,11.62亿,-9635.30万,22.29亿
179,636,风华高科,22.28,5.89%,5.94%,9.92亿,5.11亿,4.80亿,15.03亿
180,600251,冠农股份,11.54,5.87%,1.57%,8624.61万,5159.84万,3464.77万,1.38亿
181,2469,三维化学,8.84,5.87%,3.59%,1.21亿,7552.28万,4586.97万,1.97亿
182,300870,欧陆通,357.77,5.85%,3.17%,6.78亿,5.57亿,1.21亿,12.35亿
183,301321,翰博高新,23.39,5.84%,3.88%,7965.98万,5345.53万,2620.45万,1.33亿
184,603220,中贝通信,30.72,5.82%,11.66%,8.52亿,6.51亿,2.01亿,15.03亿
185,600676,交运股份,8.0,5.82%,1.10%,5282.95万,3518.80万,1764.15万,8801.83万
186,600105,永鼎股份,39.72,5.81%,10.80%,35.19亿,25.87亿,9.32亿,61.05亿
187,2209,达意隆,15.87,5.80%,3.56%,5614.66万,3011.24万,2603.42万,8626.70万
188,688006,杭可科技,31.05,5.79%,3.16%,3.45亿,2.42亿,1.03亿,5.86亿
189,2132,恒星科技,4.39,5.78%,13.80%,4.44亿,4.15亿,2907.20万,8.58亿
190,300017,网宿科技,19.31,5.75%,9.65%,24.95亿,17.35亿,7.60亿,42.30亿
191,2353,杰瑞股份,115.75,5.73%,2.32%,10.17亿,8.06亿,2.11亿,18.23亿
192,300656,民德电子,24.05,5.71%,3.99%,6831.48万,5576.63万,1254.86万,1.24亿
193,688282,理工导航,87.1,5.67%,2.39%,1.00亿,8366.47万,1659.48万,1.84亿
194,603138,海量数据,21.5,5.65%,4.12%,1.49亿,1.01亿,4838.35万,2.50亿
195,2703,浙江世宝,20.42,5.64%,9.16%,6.11亿,4.77亿,1.34亿,10.88亿
196,1339,智微智能,71.21,5.62%,7.06%,3.24亿,2.70亿,5358.33万,5.94亿
197,300608,思特奇,13.34,5.62%,6.30%,1.28亿,1.09亿,1933.07万,2.38亿
198,301285,鸿日达,97.6,5.60%,1.98%,2.29亿,1.71亿,5777.58万,4.00亿
199,2663,普邦股份,2.28,5.56%,8.05%,1.08亿,1.29亿,-2115.45万,2.37亿
200,300846,首都在线,31.56,5.52%,9.98%,7.26亿,4.85亿,2.42亿,12.11亿
201,600300,维维股份,3.66,5.48%,3.97%,1.49亿,8179.12万,6730.39万,2.31亿
202,300464,星徽股份,7.72,5.46%,3.60%,6319.11万,3250.20万,3068.91万,9569.39万
203,688486,龙迅股份,67.95,5.45%,2.29%,1.08亿,9861.84万,922.63万,2.06亿
204,300245,天玑科技,14.17,5.43%,8.28%,2.15亿,1.39亿,7619.48万,3.54亿
205,605303,园林股份,23.42,5.40%,3.89%,7809.37万,6284.13万,1525.24万,1.41亿
206,603933,睿能科技,23.9,5.38%,5.72%,1.58亿,1.18亿,3964.42万,2.76亿
207,155,川能动力,16.85,5.38%,4.51%,8.28亿,5.70亿,2.58亿,13.98亿
208,301248,杰创智能,60.85,5.37%,13.49%,4.77亿,4.44亿,3251.26万,9.21亿
209,688146,中船特气,63.35,5.34%,9.64%,4.83亿,3.96亿,8642.58万,8.79亿
210,688677,海泰新光,73.31,5.33%,4.91%,2.30亿,1.96亿,3362.47万,4.26亿
211,688692,达梦数据,247.11,5.33%,2.02%,2.14亿,1.49亿,6451.31万,3.63亿
212,300418,昆仑万维,52.44,5.32%,4.60%,18.89亿,11.10亿,7.79亿,30.00亿
213,2899,英派斯,32.79,5.30%,2.86%,8650.93万,5106.80万,3544.14万,1.38亿
214,300986,志特新材,25.05,5.30%,9.43%,5.72亿,3.94亿,1.78亿,9.66亿
215,605289,罗曼股份,133.32,5.30%,5.87%,4.16亿,4.15亿,147.94万,8.31亿
216,301106,骏成科技,29.9,5.28%,2.32%,3729.03万,3229.15万,499.87万,6958.78万
217,300214,日科化学,7.78,5.28%,3.47%,6347.12万,4342.38万,2004.74万,1.07亿
218,603618,杭电股份,22.76,5.27%,8.43%,7.31亿,5.70亿,1.62亿,13.01亿
219,603139,康惠股份,31.13,5.24%,6.29%,9920.56万,9265.73万,654.83万,1.92亿
220,300921,南凌科技,26.9,5.24%,7.25%,1.38亿,8071.00万,5716.74万,2.19亿
221,603488,展鹏科技,11.47,5.23%,4.32%,7668.62万,6626.13万,1042.49万,1.43亿
222,2575,群兴玩具,6.85,5.22%,12.70%,3.04亿,1.99亿,1.05亿,5.03亿
223,688229,博睿数据,93.86,5.22%,4.11%,9851.44万,6955.16万,2896.28万,1.68亿
224,2805,丰元股份,18.53,5.22%,14.83%,3.47亿,4.29亿,-8260.57万,7.76亿
225,1358,兴欣新材,27.18,5.19%,3.23%,2634.25万,1685.11万,949.15万,4319.63万
226,1367,海森药业,27.26,5.17%,5.67%,1.04亿,8132.39万,2251.13万,1.85亿
227,688507,索辰科技,91.92,5.14%,3.95%,1.01亿,7637.57万,2462.28万,1.77亿
228,2192,融捷股份,79.15,5.14%,10.95%,13.21亿,9.18亿,4.02亿,22.39亿
229,2334,英威腾,9.01,5.13%,5.68%,2.23亿,1.46亿,7700.30万,3.69亿
230,301295,美硕科技,40.26,5.12%,8.87%,5281.32万,5033.53万,247.79万,1.03亿
231,300058,蓝色光标,17.27,5.11%,12.80%,40.94亿,36.13亿,4.81亿,77.07亿
232,301419,阿莱德,46.76,5.08%,7.59%,1.57亿,1.18亿,3810.31万,2.75亿
233,600259,中稀有色,96.76,5.08%,3.54%,6.12亿,5.13亿,9866.46万,11.25亿
234,300454,深信服,112.2,5.07%,3.66%,6.85亿,4.82亿,2.03亿,11.68亿
235,2762,*ST金比,7.88,5.07%,4.21%,2491.49万,4476.32万,-1984.82万,6968.04万
236,688301,奕瑞科技,111.99,5.06%,0.92%,1.28亿,8705.18万,4099.52万,2.15亿
237,300571,平治信息,36.6,5.05%,14.22%,3.12亿,2.82亿,3016.06万,5.94亿
238,609,ST中迪,9.77,5.05%,1.04%,1228.23万,1718.14万,-489.91万,2946.57万
239,603268,*ST松发,121.22,5.00%,1.73%,2.45亿,2.40亿,474.68万,4.84亿
240,300713,英可瑞,17.06,4.98%,3.81%,3309.32万,2364.96万,944.37万,5675.31万
241,600482,中国动力,38.75,4.96%,1.46%,7.33亿,5.33亿,2.00亿,12.66亿
242,603496,恒为科技,30.29,4.95%,3.73%,2.28亿,1.27亿,1.02亿,3.55亿
243,300679,电连技术,43.0,4.95%,5.15%,4.48亿,3.28亿,1.20亿,7.77亿
244,300517,海波重科,12.08,4.95%,3.32%,3054.97万,1895.76万,1159.21万,4951.21万
245,605081,*ST太和,7.23,4.93%,0.88%,0.00,715.41万,-715.41万,715.99万
246,301313,凡拓数创,32.87,4.92%,3.69%,4867.66万,4089.12万,778.54万,8957.45万
247,4,*ST国华,3.64,4.90%,0.52%,0.00,238.46万,-238.46万,240.82万
248,300052,中青宝,13.7,4.90%,16.97%,3.38亿,2.68亿,7022.83万,6.07亿
249,700,模塑科技,12.02,4.89%,4.79%,3.07亿,2.19亿,8841.34万,5.26亿
250,600397,江钨装备,14.82,4.88%,3.86%,3.15亿,2.41亿,7431.12万,5.57亿
251,688135,利扬芯片,35.72,4.87%,8.77%,3.97亿,3.29亿,6729.96万,7.26亿
252,600284,浦东建设,7.15,4.84%,1.72%,7186.54万,4438.25万,2748.29万,1.16亿
253,2333,罗普斯金,6.09,4.82%,4.53%,1.07亿,7410.65万,3280.09万,1.81亿
254,600433,冠豪高新,3.7,4.82%,3.65%,1.31亿,1.07亿,2377.11万,2.38亿
255,301061,匠心家居,74.01,4.80%,0.85%,5156.24万,3847.35万,1308.88万,9004.32万
256,605090,九丰能源,41.71,4.80%,3.03%,4.80亿,3.91亿,8937.95万,8.71亿
257,300531,优博讯,20.08,4.80%,5.64%,2.03亿,1.43亿,6042.78万,3.46亿
258,688802,沐曦股份,712.44,4.79%,18.70%,12.76亿,11.13亿,1.63亿,23.89亿
259,688003,天准科技,72.51,4.78%,2.20%,1.54亿,1.59亿,-489.22万,3.14亿
260,301139,元道通信,18.89,4.77%,11.43%,9457.88万,6786.92万,2670.96万,1.62亿
261,688356,键凯科技,108.8,4.77%,1.90%,7452.00万,4886.90万,2565.10万,1.23亿
262,688678,福立旺,27.59,4.75%,5.55%,2.54亿,1.85亿,6831.78万,4.39亿
263,301428,世纪恒通,35.33,4.74%,8.65%,1.13亿,7033.22万,4307.87万,1.84亿
264,603300,海南华铁,7.09,4.73%,3.99%,3.92亿,1.65亿,2.27亿,5.57亿
265,688200,华峰测控,299.5,4.72%,1.18%,2.63亿,2.03亿,6064.70万,4.66亿
266,300609,汇纳科技,37.95,4.72%,3.98%,1.13亿,6541.60万,4766.55万,1.79亿
267,603171,税友股份,56.2,4.71%,2.35%,2.79亿,2.55亿,2466.40万,5.34亿
268,688516,奥特维,78.66,4.71%,3.55%,5.26亿,3.25亿,2.02亿,8.51亿
269,688257,新锐股份,78.13,4.69%,2.67%,3.02亿,2.19亿,8295.23万,5.21亿
270,300751,迈为股份,233.62,4.68%,5.49%,13.81亿,10.40亿,3.42亿,24.21亿
271,300467,迅游科技,32.01,4.68%,2.77%,6716.13万,5355.83万,1360.30万,1.47亿
272,2042,华孚时尚,4.93,4.67%,5.45%,2.77亿,1.76亿,1.02亿,4.53亿
273,573,粤宏远A,4.93,4.67%,3.66%,6431.48万,4717.01万,1714.47万,1.12亿
274,603285,键邦股份,36.26,4.65%,11.75%,1.42亿,1.17亿,2490.96万,2.59亿
275,600719,大连热电,6.97,4.65%,2.40%,4208.40万,2405.57万,1802.82万,6614.04万
276,605336,帅丰电器,14.89,4.64%,1.39%,2070.84万,1578.46万,492.38万,3650.19万
277,2235,安妮股份,9.72,4.63%,9.30%,3.00亿,2.00亿,1.01亿,5.00亿
278,603067,振华股份,37.35,4.62%,3.54%,4.98亿,4.33亿,6521.00万,9.31亿
279,2838,道恩股份,28.1,4.62%,1.39%,9501.02万,6810.78万,2690.24万,1.63亿
280,603685,晨丰科技,30.64,4.61%,1.54%,5389.46万,3878.06万,1511.40万,9268.15万
281,2511,中顺洁柔,8.68,4.58%,1.98%,1.35亿,7967.11万,5491.68万,2.14亿
282,688182,灿勤科技,30.65,4.57%,1.29%,8555.67万,7281.43万,1274.24万,1.58亿
283,1300,三柏硕,17.74,4.54%,4.43%,9577.96万,9829.84万,-251.88万,1.94亿
284,1234,泰慕士,28.1,4.54%,2.82%,4258.39万,3002.01万,1256.37万,7260.96万
285,600331,宏达股份,16.36,4.54%,2.05%,4.18亿,2.55亿,1.64亿,6.73亿
286,688279,峰岹科技,179.15,4.53%,1.95%,1.69亿,1.59亿,987.96万,3.29亿
287,688331,荣昌生物,155.75,4.53%,4.73%,6.78亿,4.92亿,1.86亿,11.70亿
288,605222,起帆电缆,26.97,4.53%,5.31%,2.70亿,3.02亿,-3208.06万,5.72亿
289,603101,汇嘉时代,9.7,4.53%,4.26%,1.01亿,8869.16万,1271.35万,1.90亿
290,2466,天齐锂业,64.6,4.53%,4.72%,25.69亿,19.25亿,6.44亿,44.94亿
291,301068,大地海洋,33.3,4.52%,1.22%,2025.74万,2009.20万,16.54万,4035.28万
292,603226,菲林格尔,40.89,4.52%,0.75%,6557.19万,4128.78万,2428.41万,1.07亿
293,300767,震安科技,23.2,4.50%,5.10%,1.75亿,1.08亿,6679.66万,2.84亿
294,688226,威腾电气,52.84,4.47%,3.37%,1.79亿,1.49亿,2948.45万,3.28亿
295,300166,东方国信,17.3,4.47%,15.93%,14.32亿,10.43亿,3.90亿,24.75亿
296,688520,神州细胞,45.2,4.44%,1.11%,1.19亿,1.01亿,1781.47万,2.20亿
297,300750,宁德时代,450.14,4.44%,1.07%,110.79亿,94.05亿,16.73亿,204.84亿
298,300776,帝尔激光,83.97,4.41%,4.39%,3.81亿,2.31亿,1.50亿,6.12亿
299,2305,*ST南置,2.38,4.39%,2.09%,4668.28万,3857.83万,810.45万,8526.15万
300,2229,鸿博股份,19.96,4.39%,16.71%,8.90亿,7.34亿,1.57亿,16.24亿
301,300816,艾可蓝,68.88,4.36%,2.84%,5926.14万,4909.25万,1016.89万,1.08亿
302,601113,华鼎股份,4.55,4.36%,2.86%,8129.84万,6348.67万,1781.17万,1.45亿
303,300866,安克创新,116.72,4.35%,1.96%,3.74亿,3.24亿,5016.14万,6.98亿
304,2938,鹏鼎控股,62.0,4.34%,1.11%,9.48亿,6.17亿,3.31亿,15.65亿
305,300912,凯龙高科,26.51,4.33%,8.61%,1.09亿,8555.87万,2361.57万,1.95亿
306,3023,彩虹集团,27.48,4.33%,3.77%,6290.02万,4527.24万,1762.78万,1.08亿
307,300159,*ST新研,3.38,4.32%,2.35%,9596.97万,4873.34万,4723.63万,1.45亿
308,300170,汉得信息,21.31,4.31%,5.31%,6.56亿,4.38亿,2.18亿,10.94亿
309,300210,森远股份,9.7,4.30%,3.14%,8172.14万,6218.70万,1953.44万,1.44亿
310,603091,众鑫股份,79.98,4.29%,1.54%,2148.30万,1639.64万,508.66万,3788.74万
311,2197,证通电子,8.26,4.29%,4.41%,1.15亿,7612.57万,3861.88万,1.91亿
312,688365,光云科技,19.24,4.28%,2.55%,1.25亿,8055.77万,4448.77万,2.06亿
313,300192,科德教育,19.73,4.28%,2.65%,1.19亿,4844.75万,7044.09万,1.67亿
314,2708,光洋股份,13.68,4.27%,4.82%,2.00亿,1.46亿,5325.62万,3.46亿
315,2015,协鑫能科,18.56,4.27%,8.61%,13.10亿,12.59亿,5129.50万,25.69亿
316,301053,远信工业,59.21,4.26%,5.30%,1.39亿,1.31亿,751.55万,2.70亿
317,600602,云赛智联,24.91,4.23%,6.40%,9.70亿,7.21亿,2.48亿,16.91亿
318,2283,天润工业,10.84,4.23%,2.25%,1.55亿,8367.16万,7149.32万,2.39亿
319,688449,联芸科技,48.45,4.22%,2.41%,1.83亿,1.55亿,2809.85万,3.37亿
320,300426,华智数媒,7.65,4.22%,1.59%,3151.95万,1624.18万,1527.77万,4778.17万
321,301395,仁信新材,12.91,4.20%,7.87%,8038.79万,4809.79万,3229.00万,1.28亿
322,603703,盛洋科技,13.64,4.20%,2.02%,6081.58万,5188.05万,893.53万,1.13亿
323,2467,二六三,7.95,4.19%,15.34%,9.93亿,6.69亿,3.24亿,16.62亿
324,301397,溯联股份,35.89,4.18%,5.37%,7929.70万,5540.20万,2389.50万,1.35亿
325,301040,中环海陆,33.66,4.18%,6.16%,9867.10万,9414.44万,452.66万,1.93亿
326,300536,农尚环境,8.23,4.18%,1.76%,2756.16万,1404.46万,1351.70万,4161.11万
327,688237,超卓航科,57.9,4.17%,1.64%,5490.74万,2960.37万,2530.37万,8452.35万
328,301259,艾布鲁,34.24,4.17%,1.87%,4661.67万,1648.32万,3013.36万,6310.34万
329,603083,剑桥科技,131.05,4.17%,10.96%,20.46亿,17.73亿,2.73亿,38.19亿
330,2497,雅化集团,27.23,4.17%,4.79%,7.66亿,6.12亿,1.54亿,13.77亿
331,603124,江南新材,125.51,4.15%,1.50%,8899.97万,5346.15万,3553.82万,1.42亿
332,601339,百隆东方,8.06,4.13%,1.22%,7911.98万,6752.10万,1159.89万,1.47亿
333,300153,科泰电源,27.97,4.13%,3.89%,2.02亿,1.40亿,6215.15万,3.43亿
334,300316,晶盛机电,45.22,4.12%,3.17%,9.70亿,7.56亿,2.14亿,17.26亿
335,688702,盛科通信,230.6,4.10%,1.98%,4.92亿,4.17亿,7499.52万,9.10亿
336,300264,佳创视讯,8.63,4.10%,3.33%,6221.99万,4303.70万,1918.29万,1.05亿
337,605208,永茂泰,14.57,4.07%,2.30%,6257.00万,4608.54万,1648.46万,1.09亿
338,603335,迪生力,6.13,4.07%,2.66%,4246.44万,2625.45万,1621.00万,6872.25万
339,603730,岱美股份,9.73,4.06%,0.80%,9137.21万,7360.04万,1777.17万,1.65亿
340,688503,聚和材料,96.24,4.05%,3.81%,4.91亿,2.37亿,2.54亿,7.29亿
341,2947,恒铭达,72.2,4.05%,5.43%,4.05亿,3.43亿,6199.37万,7.48亿
342,2368,太极股份,20.54,4.05%,1.23%,1.12亿,4228.37万,6954.20万,1.54亿
343,300249,依米康,18.04,4.04%,5.29%,2.08亿,1.44亿,6403.11万,3.51亿
344,600356,恒丰纸业,9.53,4.04%,5.38%,8475.37万,6981.13万,1494.24万,1.55亿
345,300113,顺网科技,30.36,4.04%,11.42%,10.03亿,7.62亿,2.42亿,17.65亿
346,688595,芯海科技,34.17,4.02%,2.35%,5853.16万,5577.53万,275.63万,1.14亿
347,600439,瑞贝卡,2.59,4.02%,2.66%,5138.62万,2638.39万,2500.22万,7777.94万
348,300559,佳发教育,15.27,4.02%,6.13%,1.63亿,1.24亿,3846.43万,2.87亿
349,605196,华通线缆,49.34,4.01%,1.74%,2.89亿,1.46亿,1.44亿,4.35亿
350,603682,锦和商管,7.28,4.00%,4.10%,7642.04万,6259.38万,1382.66万,1.39亿
351,600847,万里股份,13.83,3.98%,1.25%,1603.04万,1007.32万,595.72万,2610.49万
352,688002,睿创微纳,125.8,3.98%,1.28%,4.21亿,3.20亿,1.01亿,7.41亿
353,300769,德方纳米,47.85,3.98%,8.00%,5.37亿,4.32亿,1.05亿,9.70亿
354,688162,巨一科技,34.8,3.97%,1.49%,3918.87万,3016.75万,902.12万,6936.31万
355,600238,*ST椰岛,4.73,3.96%,4.55%,4772.42万,4610.97万,161.44万,9383.44万
356,605117,德业股份,141.7,3.96%,1.54%,10.86亿,8.59亿,2.27亿,19.45亿
357,300603,立昂技术,12.34,3.96%,9.84%,2.74亿,1.73亿,1.02亿,4.47亿
358,600589,大位科技,11.58,3.95%,9.88%,9.90亿,6.72亿,3.18亿,16.62亿
359,688548,广钢气体,24.8,3.94%,2.50%,2.55亿,1.70亿,8544.73万,4.25亿
360,600590,泰豪科技,14.78,3.94%,5.34%,4.05亿,2.53亿,1.52亿,6.59亿
361,688500,慧辰股份,49.99,3.93%,1.41%,3279.71万,1819.39万,1460.32万,5100.11万
362,301499,维科精密,35.02,3.92%,15.82%,1.12亿,8158.30万,3084.84万,1.94亿
363,300698,万马科技,36.87,3.92%,1.82%,5222.32万,2592.64万,2629.69万,7815.32万
364,2494,华斯股份,5.32,3.91%,4.66%,3938.08万,3071.62万,866.45万,7010.18万
365,2569,*ST步森,13.68,3.87%,1.91%,1835.90万,1776.41万,59.49万,3617.24万
366,603887,城地香江,17.03,3.84%,2.92%,1.94亿,9930.27万,9434.25万,2.93亿
367,2633,申科股份,18.44,3.83%,1.25%,2080.64万,1278.45万,802.19万,3359.64万
368,603008,喜临门,12.47,3.83%,4.60%,1.25亿,8287.48万,4168.56万,2.07亿
369,600773,西藏城投,21.14,3.83%,3.44%,3.84亿,3.07亿,7677.16万,6.90亿
370,2222,福晶科技,86.76,3.83%,4.10%,9.82亿,6.65亿,3.17亿,16.47亿
371,603881,数据港,41.84,3.82%,7.32%,12.60亿,9.18亿,3.42亿,21.78亿
372,603316,诚邦股份,15.26,3.81%,3.92%,9428.54万,5819.94万,3608.60万,1.52亿
373,300285,国瓷材料,34.57,3.81%,2.09%,3.16亿,2.78亿,3779.87万,5.94亿
374,301279,金道科技,28.7,3.80%,1.78%,2526.84万,2566.13万,-39.29万,5093.26万
375,300693,盛弘股份,51.79,3.79%,5.63%,4.19亿,3.53亿,6602.78万,7.71亿
376,603876,鼎胜新材,25.63,3.77%,3.63%,5.01亿,3.47亿,1.54亿,8.47亿
377,2961,瑞达期货,23.97,3.77%,2.24%,1.38亿,1.19亿,1864.25万,2.57亿
378,688787,海天瑞声,134.94,3.76%,3.12%,1.63亿,9070.05万,7196.76万,2.53亿
379,301221,光庭信息,54.09,3.76%,2.31%,4252.34万,3476.44万,775.90万,7730.93万
380,301003,江苏博云,53.82,3.76%,4.65%,1.19亿,6853.68万,5025.31万,1.87亿
381,603612,索通发展,27.47,3.74%,2.56%,2.06亿,1.41亿,6527.36万,3.46亿
382,601789,宁波建工,5.84,3.73%,6.10%,2.31亿,1.50亿,8134.90万,3.81亿
383,960,锡业股份,35.35,3.73%,2.35%,7.47亿,5.97亿,1.50亿,13.44亿
384,933,神火股份,35.02,3.73%,1.51%,6.44亿,5.43亿,1.01亿,11.88亿
385,603090,宏盛股份,69.9,3.72%,2.90%,1.06亿,9264.37万,1354.40万,1.99亿
386,301182,凯旺科技,69.31,3.70%,4.71%,1.56亿,1.57亿,-58.08万,3.13亿
387,688631,莱斯信息,55.85,3.69%,2.10%,4472.37万,3000.31万,1472.06万,7473.80万
388,605189,富春染织,17.16,3.69%,6.19%,1.10亿,9684.43万,1278.56万,2.07亿
389,603351,威尔药业,26.74,3.68%,0.92%,1996.46万,1289.82万,706.64万,3286.55万
390,600212,绿能慧充,8.16,3.68%,4.65%,1.19亿,7955.81万,3898.77万,1.98亿
391,1311,多利科技,32.54,3.66%,2.57%,6337.92万,5103.16万,1234.76万,1.14亿
392,605376,博迁新材,110.7,3.66%,2.01%,3.26亿,2.47亿,7901.95万,5.73亿
393,2995,天地在线,24.17,3.64%,10.41%,1.56亿,1.24亿,3217.78万,2.80亿
394,603185,弘元绿能,25.03,3.64%,2.47%,2.44亿,1.76亿,6790.81万,4.20亿
395,688127,蓝特光学,67.44,3.63%,1.32%,1.91亿,1.66亿,2582.48万,3.57亿
396,300490,华自科技,19.41,3.63%,7.15%,3.24亿,2.23亿,1.01亿,5.47亿
397,301328,维峰电子,56.8,3.61%,1.58%,5217.07万,4487.95万,729.12万,9705.59万
398,301502,华阳智能,45.38,3.61%,7.62%,3803.32万,4264.66万,-461.35万,8068.89万
399,300364,中文在线,28.44,3.61%,6.90%,7.84亿,5.07亿,2.77亿,12.91亿
400,301171,易点天下,47.76,3.60%,7.39%,7.13亿,6.32亿,8117.60万,13.46亿
401,679,大连友谊,6.92,3.59%,0.93%,1408.07万,841.88万,566.19万,2250.02万
402,600538,国发股份,6.63,3.59%,2.04%,5211.60万,1809.59万,3402.02万,7022.92万
403,300952,恒辉安防,38.38,3.56%,4.51%,9268.00万,8788.07万,479.93万,1.81亿
404,300099,尤洛卡,9.3,3.56%,3.52%,1.15亿,7580.06万,3913.42万,1.91亿
405,1309,德明利,518.99,3.55%,7.78%,34.77亿,29.18亿,5.59亿,63.95亿
406,2970,锐明技术,60.89,3.55%,4.13%,1.70亿,1.39亿,3060.93万,3.09亿
407,1288,运机集团,27.52,3.54%,2.27%,4928.47万,4394.11万,534.37万,9322.86万
408,600476,湘邮科技,11.41,3.54%,2.88%,2776.31万,2474.42万,301.89万,5250.85万
409,2460,赣锋锂业,85.08,3.54%,5.07%,28.56亿,23.40亿,5.16亿,51.97亿
410,300634,彩讯股份,27.87,3.53%,2.97%,2.09亿,1.47亿,6212.23万,3.57亿
411,2498,汉缆股份,8.8,3.53%,8.62%,13.26亿,11.21亿,2.05亿,24.47亿
412,2047,*ST宝鹰,5.57,3.53%,1.16%,5936.89万,3713.65万,2223.23万,9650.76万
413,688150,莱特光电,48.57,3.52%,1.80%,1.88亿,1.61亿,2666.07万,3.48亿
414,600318,新力金融,7.94,3.52%,2.45%,6202.16万,3716.67万,2485.50万,9919.71万
415,2624,完美世界,19.99,3.52%,2.90%,6.02亿,4.45亿,1.57亿,10.47亿
416,2443,金洲管道,9.41,3.52%,3.79%,1.19亿,6522.54万,5353.93万,1.84亿
417,703,恒逸石化,15.89,3.52%,1.38%,4.23亿,4.02亿,2108.82万,8.25亿
418,2963,豪尔赛,14.74,3.51%,2.48%,2146.06万,2312.20万,-166.14万,4458.41万
419,603301,振德医疗,88.56,3.51%,0.95%,1.38亿,8204.53万,5620.14万,2.20亿
420,688052,纳芯微,161.66,3.49%,1.48%,2.07亿,1.31亿,7586.24万,3.39亿
421,688156,路德科技,25.49,3.49%,4.79%,8265.45万,3961.83万,4303.62万,1.22亿
422,600449,宁夏建材,13.03,3.49%,0.88%,4016.78万,1400.85万,2615.93万,5418.53万
423,2170,芭田股份,13.92,3.49%,3.75%,2.59亿,1.48亿,1.10亿,4.07亿
424,792,盐湖股份,38.3,3.49%,1.43%,17.36亿,11.43亿,5.93亿,28.79亿
425,300284,苏交科,6.84,3.48%,0.85%,4250.04万,2546.97万,1703.08万,6797.08万
426,2001,新和成,37.86,3.47%,1.01%,7.40亿,4.13亿,3.27亿,11.53亿
427,818,航锦科技,14.92,3.47%,4.13%,2.59亿,1.38亿,1.21亿,3.98亿
428,1335,信凯科技,43.36,3.46%,4.33%,2414.41万,2348.39万,66.02万,4763.24万
429,2108,沧州明珠,5.09,3.46%,4.25%,2.11亿,1.42亿,6919.32万,3.54亿
430,550,江铃汽车,19.15,3.46%,1.33%,7790.17万,5402.57万,2387.59万,1.32亿
431,300975,商络电子,20.7,3.45%,5.63%,3.08亿,2.53亿,5529.79万,5.61亿
432,2756,永兴材料,78.28,3.45%,3.27%,5.24亿,4.74亿,5075.39万,9.98亿
433,600540,新赛股份,4.81,3.44%,1.83%,3192.58万,1825.10万,1367.47万,5018.84万
434,605018,长华集团,12.64,3.44%,2.14%,7709.90万,4876.16万,2833.74万,1.26亿
435,300756,金马游乐,48.72,3.44%,1.67%,6132.91万,4431.32万,1701.59万,1.06亿
436,301338,凯格精机,164.58,3.41%,4.35%,2.49亿,1.66亿,8375.51万,4.15亿
437,2245,蔚蓝锂芯,19.69,3.41%,6.27%,7.43亿,6.05亿,1.38亿,13.47亿
438,688615,合合信息,184.77,3.40%,4.21%,3.97亿,3.54亿,4259.97万,7.51亿
439,600161,天坛生物,15.49,3.40%,0.80%,1.41亿,1.02亿,3858.14万,2.43亿
440,688031,星环科技,141.21,3.39%,2.76%,2.89亿,1.79亿,1.10亿,4.68亿
441,875,电投绿能,6.71,3.39%,1.37%,2.16亿,8743.20万,1.28亿,3.03亿
442,603558,健盛集团,13.77,3.38%,2.16%,5150.90万,4979.10万,171.80万,1.01亿
443,2920,德赛西威,107.98,3.38%,1.40%,5.09亿,3.25亿,1.84亿,8.34亿
444,938,紫光股份,28.41,3.38%,3.79%,17.95亿,12.66亿,5.30亿,30.61亿
445,2400,省广集团,8.89,3.37%,5.13%,4.78亿,3.01亿,1.76亿,7.79亿
446,301132,满坤科技,43.11,3.36%,5.39%,1.27亿,8847.39万,3823.98万,2.15亿
447,688269,凯立新材,39.07,3.36%,0.70%,2300.54万,1227.11万,1073.43万,3528.83万
448,605598,上海港湾,52.86,3.36%,3.40%,2.23亿,2.19亿,437.08万,4.42亿
449,301165,锐捷网络,96.65,3.35%,0.95%,4.16亿,3.06亿,1.10亿,7.22亿
450,688518,联赢激光,26.83,3.35%,2.03%,1.09亿,7483.49万,3431.00万,1.84亿
451,301200,大族数控,195.08,3.34%,0.59%,2.78亿,2.01亿,7680.42万,4.80亿
452,2930,宏川智慧,13.94,3.34%,1.27%,4967.52万,2610.71万,2356.81万,7578.79万
453,2547,春兴精工,3.09,3.34%,3.59%,8098.02万,3977.85万,4120.17万,1.21亿
454,2335,科华数据,62.47,3.34%,3.73%,6.40亿,4.01亿,2.38亿,10.41亿
455,2125,湘潭电化,13.93,3.34%,3.35%,1.61亿,1.35亿,2629.26万,2.96亿
456,2154,报喜鸟,3.72,3.33%,3.45%,9529.97万,5660.98万,3868.99万,1.52亿
457,688379,华光新材,51.18,3.33%,2.06%,6027.60万,3368.44万,2659.16万,9403.77万
458,600337,美克家居,3.41,3.33%,4.54%,1.24亿,9423.38万,2987.71万,2.18亿
459,688536,思瑞浦,196.3,3.32%,3.02%,4.53亿,3.45亿,1.08亿,7.98亿
460,300654,世纪天鸿,10.92,3.31%,1.97%,4390.23万,3119.32万,1270.91万,7509.66万
461,300133,华策影视,7.49,3.31%,3.58%,2.47亿,1.84亿,6303.91万,4.31亿
462,2315,焦点科技,42.31,3.30%,3.01%,1.55亿,9987.42万,5492.41万,2.55亿
463,301662,宏工科技,144.58,3.29%,8.78%,1.16亿,9558.36万,2001.44万,2.11亿
464,600595,中孚实业,8.47,3.29%,1.19%,2.30亿,1.74亿,5627.55万,4.04亿
465,603383,顶点软件,32.67,3.29%,4.39%,1.48亿,1.49亿,-124.88万,2.97亿
466,300900,广联航空,42.76,3.29%,12.67%,7.01亿,6.63亿,3734.00万,13.64亿
467,300710,万隆光电,30.31,3.27%,2.69%,3884.30万,2114.80万,1769.50万,5999.70万
468,600531,豫光金铅,13.93,3.26%,2.82%,2.89亿,1.80亿,1.09亿,4.69亿
469,688213,思特威,94.99,3.25%,1.70%,2.93亿,2.20亿,7367.05万,5.13亿
470,601600,中国铝业,12.7,3.25%,1.48%,14.61亿,10.08亿,4.53亿,24.69亿
471,600845,宝信软件,23.18,3.25%,0.78%,2.28亿,1.54亿,7387.29万,3.83亿
472,300485,赛升药业,12.08,3.25%,8.41%,1.57亿,1.16亿,4044.17万,2.73亿
473,2810,山东赫达,24.11,3.25%,2.40%,1.15亿,7075.38万,4408.61万,1.86亿
474,688290,景业智能,53.91,3.24%,0.75%,2384.04万,1704.62万,679.42万,4089.74万
475,300432,富临精工,26.16,3.24%,3.06%,7.54亿,5.93亿,1.61亿,13.47亿
476,300393,中来股份,9.57,3.24%,3.80%,2.15亿,1.31亿,8439.34万,3.46亿
477,2079,苏州固锝,10.21,3.24%,3.57%,1.73亿,1.22亿,5179.99万,2.95亿
478,688208,道通科技,36.42,3.23%,1.12%,1.46亿,1.25亿,2057.09万,2.71亿
479,600392,盛和资源,25.35,3.22%,3.01%,8.03亿,5.18亿,2.85亿,13.21亿
480,962,东方钽业,45.91,3.21%,2.97%,3.85亿,2.80亿,1.05亿,6.65亿
481,7,全新好,13.82,3.21%,1.12%,2987.10万,2304.78万,682.32万,5292.02万
482,600367,红星发展,20.88,3.21%,6.11%,2.52亿,1.56亿,9661.34万,4.08亿
483,301373,凌玮科技,89.78,3.20%,14.54%,2.96亿,2.21亿,7426.75万,5.17亿
484,2652,扬子新材,4.85,3.19%,2.25%,3136.76万,2401.23万,735.53万,5538.03万
485,603889,新澳股份,9.05,3.19%,2.25%,7414.61万,7234.67万,179.94万,1.46亿
486,300766,每日互动,37.15,3.19%,5.15%,4.10亿,2.69亿,1.41亿,6.79亿
487,1389,广合科技,131.93,3.18%,3.28%,3.80亿,2.73亿,1.07亿,6.53亿
488,688339,亿华通,25.67,3.18%,1.82%,5482.89万,3598.53万,1884.36万,9083.61万
489,300729,乐歌股份,12.98,3.18%,1.52%,3134.92万,3343.78万,-208.86万,6478.82万
490,688008,澜起科技,151.85,3.17%,2.31%,20.21亿,19.13亿,1.08亿,39.34亿
491,600996,贵广网络,9.43,3.17%,2.65%,1.82亿,1.26亿,5610.18万,3.09亿
492,301322,绿通科技,35.28,3.16%,3.37%,7396.98万,3999.80万,3397.18万,1.14亿
493,301072,中捷精工,22.53,3.16%,1.10%,944.67万,694.92万,249.74万,1640.04万
494,300720,海川智能,59.06,3.16%,3.85%,2.11亿,1.81亿,3053.85万,3.92亿
495,300223,北京君正,115.99,3.16%,3.50%,9.60亿,7.34亿,2.25亿,16.94亿
496,688303,大全能源,22.59,3.15%,0.52%,1.41亿,1.08亿,3327.70万,2.49亿
497,600633,浙数文化,13.09,3.15%,1.88%,1.71亿,1.39亿,3199.89万,3.09亿
498,601138,工业富联,59.64,3.15%,0.66%,45.18亿,31.28亿,13.91亿,76.46亿
499,688168,安博通,81.35,3.14%,1.13%,4440.45万,2648.66万,1791.78万,7090.15万
500,601567,三星电气,26.3,3.14%,1.17%,2.63亿,1.63亿,9994.11万,4.25亿
501,2532,天山铝业,19.03,3.14%,1.14%,5.85亿,3.14亿,2.71亿,9.00亿
502,600520,三佳科技,25.06,3.13%,3.21%,7409.05万,5367.69万,2041.35万,1.28亿
503,2865,钧达股份,75.24,3.13%,6.14%,5.68亿,4.58亿,1.10亿,10.26亿
504,3038,鑫铂股份,16.18,3.12%,15.72%,1.98亿,2.31亿,-3283.00万,4.28亿
505,301029,怡合达,27.42,3.12%,1.49%,1.15亿,7087.09万,4459.18万,1.86亿
506,301257,普蕊斯,59.5,3.12%,2.59%,6427.73万,5030.85万,1396.88万,1.15亿
507,300305,裕兴股份,6.29,3.11%,1.57%,1910.01万,1209.45万,700.57万,3119.53万
508,603926,铁流股份,18.21,3.11%,2.31%,5566.27万,4064.45万,1501.82万,9630.90万
509,603179,新泉股份,67.42,3.10%,2.76%,5.04亿,4.56亿,4839.83万,9.60亿
510,301316,慧博云通,45.82,3.08%,2.04%,2.19亿,1.55亿,6432.28万,3.74亿
511,688387,信科移动,17.41,3.08%,3.58%,6.72亿,5.76亿,9564.00万,12.48亿
512,301011,华立科技,22.12,3.08%,1.33%,2396.37万,1876.49万,519.88万,4273.07万
513,603969,银龙股份,9.37,3.08%,1.04%,4932.21万,3155.59万,1776.62万,8088.25万
514,600078,澄星股份,13.38,3.08%,3.33%,1.69亿,1.23亿,4532.74万,2.92亿
515,300587,天铁科技,5.36,3.08%,1.65%,5754.87万,3462.72万,2292.15万,9219.41万
516,688228,开普云,109.85,3.07%,2.13%,8960.05万,6812.62万,2147.43万,1.58亿
517,300969,恒帅股份,129.61,3.07%,3.91%,1.35亿,1.25亿,970.65万,2.60亿
518,603061,金海通,236.89,3.06%,3.66%,3.62亿,3.84亿,-2170.96万,7.46亿
519,603790,雅运股份,22.24,3.06%,0.76%,1955.63万,1211.72万,743.91万,3167.57万
520,300184,力源信息,11.8,3.06%,5.11%,3.82亿,2.44亿,1.38亿,6.26亿
521,600410,华胜天成,27.7,3.05%,8.73%,15.47亿,10.62亿,4.85亿,26.08亿
522,2201,九鼎新材,12.15,3.05%,6.94%,2.84亿,2.25亿,5870.95万,5.09亿
523,612,焦作万方,13.56,3.04%,3.54%,3.24亿,2.45亿,7851.53万,5.69亿
524,600481,双良节能,6.47,3.03%,2.33%,2.02亿,1.06亿,9553.75万,3.08亿
525,300570,太辰光,133.97,3.03%,6.95%,10.00亿,7.67亿,2.33亿,17.67亿
526,2734,利民股份,17.69,3.03%,5.00%,2.31亿,1.51亿,8060.92万,3.82亿
527,688620,安凯微,11.58,3.02%,1.53%,2461.07万,1619.07万,842.00万,4081.30万
528,301160,翔楼新材,58.69,3.02%,2.49%,5951.03万,4842.92万,1108.11万,1.08亿
529,300290,荣科科技,14.68,3.02%,1.51%,9433.34万,4508.45万,4924.89万,1.39亿
530,2858,力盛体育,16.1,3.01%,3.82%,5228.66万,3771.49万,1457.17万,9000.31万
531,2446,盛路通信,10.26,3.01%,2.86%,1.52亿,9233.84万,5984.81万,2.45亿
532,301479,弘景光电,102.85,3.00%,6.13%,1.66亿,1.49亿,1723.70万,3.14亿
533,300879,大叶股份,24.73,3.00%,1.42%,4562.53万,2386.14万,2176.39万,6950.67万
534,300520,科大国创,38.13,3.00%,7.63%,4.18亿,3.99亿,1892.64万,8.18亿
535,2815,崇达技术,15.45,3.00%,2.27%,1.48亿,1.20亿,2724.05万,2.68亿
536,301251,威尔高,69.55,2.99%,8.32%,1.79亿,1.37亿,4214.06万,3.16亿
537,688362,甬矽电子,48.95,2.99%,1.97%,2.19亿,1.76亿,4288.69万,3.95亿
538,301002,崧盛股份,38.63,2.99%,3.34%,6209.53万,4915.45万,1294.07万,1.11亿
539,600785,新华百货,18.25,2.99%,3.35%,7304.81万,6314.50万,990.31万,1.36亿
540,688080,映翰通,56.83,2.99%,1.20%,2723.11万,2221.26万,501.84万,4947.83万
541,688180,君实生物,44.8,2.99%,2.86%,5.34亿,4.35亿,9842.77万,9.69亿
542,688037,芯源微,187.44,2.99%,1.76%,3.62亿,2.97亿,6506.45万,6.60亿
543,603955,大千生态,26.5,2.99%,0.89%,1872.43万,1307.74万,564.69万,3180.43万
544,688058,宝兰德,29.24,2.99%,0.84%,1059.06万,782.40万,276.66万,1842.28万
545,600527,江南高纤,2.76,2.99%,10.25%,2.73亿,2.17亿,5535.49万,4.90亿
546,605298,必得科技,49.04,2.98%,0.90%,4276.48万,3763.26万,513.22万,8040.23万
547,605366,宏柏新材,13.81,2.98%,4.34%,2.55亿,2.03亿,5139.02万,4.58亿
548,2272,川润股份,19.7,2.98%,10.94%,4.70亿,4.01亿,6932.96万,8.71亿
549,600877,电科芯片,16.98,2.97%,1.82%,1.98亿,1.66亿,3197.34万,3.64亿
550,2881,美格智能,39.81,2.97%,1.77%,7904.84万,4757.98万,3146.86万,1.27亿
551,301380,挖金客,34.04,2.96%,1.53%,2739.97万,1409.87万,1330.11万,4150.18万
552,688270,臻镭科技,175.6,2.96%,7.04%,13.66亿,13.09亿,5661.50万,26.76亿
553,2797,第一创业,7.99,2.96%,4.32%,8.50亿,5.94亿,2.56亿,14.44亿
554,2046,国机精工,49.8,2.96%,1.94%,2.80亿,2.28亿,5164.48万,5.08亿
555,711,ST京蓝,3.82,2.96%,3.61%,1.77亿,1.48亿,2905.54万,3.25亿
556,603381,永臻股份,23.37,2.95%,2.89%,5675.12万,3779.16万,1895.96万,9454.52万
557,688167,炬光科技,391.18,2.95%,3.00%,5.21亿,5.18亿,281.36万,10.40亿
558,301319,唯特偶,56.83,2.95%,4.04%,1.25亿,8605.62万,3895.19万,2.11亿
559,688680,海优新材,51.15,2.94%,1.59%,4637.16万,3238.31万,1398.85万,7877.28万
560,605068,明新旭腾,26.93,2.94%,1.42%,4023.64万,2127.49万,1896.15万,6151.67万
561,300243,瑞丰高材,15.76,2.94%,16.46%,2.49亿,2.57亿,-814.21万,5.06亿
562,688718,唯赛勃,15.82,2.93%,0.59%,859.17万,746.93万,112.24万,1606.43万
563,300792,壹网壹创,35.81,2.93%,2.34%,1.00亿,7639.54万,2390.39万,1.77亿
564,300179,四方达,24.0,2.92%,6.54%,3.67亿,2.15亿,1.52亿,5.83亿
565,2322,理工能科,14.47,2.92%,1.24%,3951.18万,2249.75万,1701.43万,6201.07万
566,1280,中国铀业,82.74,2.91%,5.88%,5.24亿,2.40亿,2.84亿,7.64亿
567,688480,赛恩斯,87.75,2.91%,2.17%,9594.57万,8247.21万,1347.36万,1.78亿
568,688118,普元信息,29.38,2.91%,1.90%,2821.45万,2340.99万,480.47万,5163.02万
569,688308,欧科亿,100.36,2.91%,3.44%,3.08亿,2.34亿,7459.69万,5.42亿
570,300378,鼎捷数智,41.02,2.91%,3.14%,2.13亿,1.32亿,8067.44万,3.45亿
571,603159,上海亚虹,27.28,2.90%,0.93%,2157.12万,1385.62万,771.50万,3544.10万
572,603275,众辰科技,47.75,2.89%,4.18%,5001.10万,3189.03万,1812.07万,8205.88万
573,601100,恒立液压,106.9,2.89%,0.65%,4.64亿,4.79亿,-1557.77万,9.43亿
574,300538,同益股份,16.03,2.89%,2.73%,3119.20万,2143.31万,975.88万,5262.67万
575,300358,楚天科技,10.69,2.89%,1.74%,6967.16万,5973.21万,993.95万,1.29亿
576,301071,力量钻石,44.41,2.87%,4.16%,1.95亿,1.62亿,3324.08万,3.57亿
577,301198,喜悦智行,14.35,2.87%,1.02%,1370.43万,891.90万,478.53万,2262.76万
578,603959,百利科技,6.82,2.87%,6.45%,1.19亿,9989.75万,1917.64万,2.19亿
579,807,云铝股份,35.45,2.87%,0.85%,5.59亿,4.89亿,6965.67万,10.48亿
580,603922,金鸿顺,19.8,2.86%,1.72%,3499.34万,2597.04万,902.30万,6096.56万
581,300861,美畅股份,16.93,2.86%,1.35%,5445.25万,4052.09万,1393.16万,9499.71万
582,688433,华曙高科,81.16,2.86%,2.21%,1.96亿,1.70亿,2530.34万,3.66亿
583,601677,明泰铝业,17.63,2.86%,2.35%,2.41亿,2.66亿,-2495.60万,5.08亿
584,600714,金瑞矿业,17.63,2.86%,3.62%,9491.05万,8742.99万,748.06万,1.82亿
585,2572,索菲亚,12.94,2.86%,1.86%,9655.74万,6074.60万,3581.14万,1.57亿
586,688592,司南导航,44.33,2.85%,2.67%,2411.60万,2100.00万,311.59万,4513.82万
587,688565,力源科技,12.97,2.85%,1.15%,1140.81万,1041.40万,99.41万,2195.17万
588,603311,金海高科,19.46,2.85%,3.65%,9125.26万,7133.78万,1991.48万,1.63亿
589,300499,高澜股份,42.25,2.85%,6.77%,4.12亿,3.58亿,5356.03万,7.70亿
590,2816,*ST和科,25.02,2.84%,2.24%,2880.11万,2735.63万,144.48万,5615.99万
591,688800,瑞可达,98.78,2.84%,2.85%,3.68亿,2.05亿,1.63亿,5.73亿
592,601689,拓普集团,60.8,2.84%,1.88%,10.49亿,9.44亿,1.05亿,19.92亿
593,300644,南京聚隆,30.39,2.84%,2.23%,3665.29万,2256.06万,1409.24万,5922.56万
594,300369,绿盟科技,8.33,2.84%,1.89%,7412.30万,5170.98万,2241.32万,1.26亿
595,2176,江特电机,11.21,2.84%,5.16%,5.42亿,4.41亿,1.01亿,9.83亿
596,811,冰轮环境,19.18,2.84%,1.69%,1.88亿,1.24亿,6372.18万,3.12亿
597,751,锌业股份,5.43,2.84%,2.03%,9254.21万,6150.33万,3103.88万,1.54亿
598,16,深康佳A,3.27,2.83%,1.70%,5626.20万,3188.56万,2437.64万,8815.42万
599,301366,一博科技,34.53,2.83%,1.67%,3676.62万,3028.64万,647.98万,6706.65万
600,605580,恒盛能源,22.91,2.83%,2.09%,6563.14万,6815.94万,-252.81万,1.34亿
601,822,山东海化,5.82,2.83%,3.39%,1.18亿,5828.86万,5950.88万,1.76亿
602,300976,达瑞电子,59.74,2.82%,1.25%,4265.52万,2097.17万,2168.35万,6363.28万
603,688260,昀冢科技,29.15,2.82%,2.48%,3952.54万,4504.73万,-552.19万,8457.85万
604,605168,三人行,37.25,2.82%,1.66%,7856.47万,5109.28万,2747.19万,1.30亿
605,603615,茶花股份,19.7,2.82%,1.28%,3819.81万,2238.07万,1581.75万,6060.64万
606,300340,科恒股份,11.29,2.82%,1.99%,3438.72万,2671.99万,766.73万,6111.27万
607,301043,绿岛风,53.03,2.81%,1.23%,2117.35万,1597.68万,519.67万,3715.56万
608,2545,东方铁塔,22.33,2.81%,0.80%,1.16亿,8309.41万,3315.09万,1.99亿
609,688659,元琛科技,9.92,2.80%,0.90%,733.94万,669.93万,64.01万,1405.87万
610,300891,惠云钛业,8.44,2.80%,1.45%,2329.11万,1726.86万,602.25万,4056.13万
611,603338,浙江鼎力,50.96,2.80%,0.90%,1.28亿,1.05亿,2247.58万,2.33亿
612,688111,金山办公,251.16,2.80%,1.83%,11.83亿,9.45亿,2.38亿,21.28亿
613,301446,福事特,38.13,2.80%,1.55%,1183.98万,669.04万,514.94万,1853.41万
614,300068,南都电源,12.84,2.80%,4.24%,2.63亿,2.01亿,6196.40万,4.63亿
615,2826,易明医药,20.59,2.80%,1.96%,4661.42万,2590.30万,2071.11万,7251.92万
616,766,通化金马,23.14,2.80%,1.35%,1.69亿,1.32亿,3687.80万,3.00亿
617,688557,兰剑智能,32.06,2.79%,0.91%,1900.02万,1045.61万,854.41万,2945.72万
618,603878,武进不锈,7.73,2.79%,1.30%,3413.61万,2179.04万,1234.57万,5593.65万
619,600037,歌华有线,7.75,2.79%,0.63%,3915.41万,2830.91万,1084.50万,6747.34万
620,2642,荣联科技,8.1,2.79%,1.95%,6667.42万,3702.61万,2964.81万,1.04亿
621,2355,兴民智通,6.27,2.79%,4.55%,1.02亿,7602.20万,2582.39万,1.78亿
622,510,新金路,14.78,2.78%,5.62%,2.39亿,2.47亿,-880.70万,4.86亿
623,688327,云从科技,13.3,2.78%,1.54%,1.07亿,6268.02万,4397.76万,1.69亿
624,688807,优迅股份,296.87,2.78%,6.76%,1.61亿,1.33亿,2836.67万,2.94亿
625,301392,汇成真空,153.9,2.77%,6.37%,2.03亿,1.90亿,1339.42万,3.93亿
626,600493,凤竹纺织,7.41,2.77%,1.57%,1585.27万,1533.05万,52.22万,3118.77万
627,603680,今创集团,13.37,2.77%,0.61%,2990.20万,3447.87万,-457.67万,6438.21万
628,300302,同有科技,23.37,2.77%,7.02%,3.28亿,2.78亿,5063.87万,6.06亿
629,2182,宝武镁业,16.72,2.77%,1.78%,1.54亿,1.00亿,5376.34万,2.55亿
630,2973,侨银股份,13.05,2.76%,0.79%,2099.00万,1122.22万,976.78万,3222.13万
631,600103,青山纸业,4.1,2.76%,7.87%,3.93亿,3.21亿,7282.12万,7.14亿
632,301030,仕净科技,10.45,2.75%,2.74%,3710.72万,2025.32万,1685.40万,5736.46万
633,300342,天银机电,55.7,2.75%,8.67%,11.21亿,8.94亿,2.27亿,20.15亿
634,603009,北特科技,51.18,2.75%,1.85%,1.72亿,1.50亿,2168.22万,3.22亿
635,600730,中国高科,8.97,2.75%,1.61%,5989.12万,2400.70万,3588.43万,8390.27万
636,301187,欧圣电气,19.85,2.74%,0.69%,2141.85万,1333.40万,808.45万,3475.64万
637,2766,索菱股份,4.89,2.73%,3.56%,8980.98万,6048.77万,2932.21万,1.50亿
638,600797,浙大网新,9.4,2.73%,2.42%,1.57亿,7448.04万,8227.69万,2.31亿
639,300217,东方电热,5.27,2.73%,1.99%,8785.24万,3976.30万,4808.94万,1.28亿
640,2136,安纳达,12.79,2.73%,1.55%,2634.98万,1576.07万,1058.92万,4211.17万
641,603103,横店影视,23.1,2.71%,0.95%,8173.55万,5647.53万,2526.01万,1.38亿
642,1368,通达创智,28.18,2.70%,1.58%,2929.12万,1805.12万,1124.00万,4752.00万
643,300541,先进数通,14.82,2.70%,2.37%,7539.44万,5917.68万,1621.76万,1.35亿
644,688030,山石网科,15.66,2.69%,0.83%,1268.67万,1055.30万,213.37万,2324.28万
645,957,中通客车,12.22,2.69%,3.14%,1.38亿,8956.01万,4799.06万,2.27亿
646,555,神州信息,16.43,2.69%,6.07%,5.32亿,4.36亿,9667.86万,9.68亿
647,301266,宇邦新材,40.55,2.68%,1.37%,3144.35万,2546.50万,597.85万,5692.07万
648,600381,*ST春天,3.06,2.68%,0.73%,687.39万,600.82万,86.57万,1288.24万
649,601231,环旭电子,37.6,2.68%,1.25%,6.11亿,5.02亿,1.09亿,11.13亿
650,2239,奥特佳,3.07,2.68%,2.10%,1.52亿,5842.37万,9382.08万,2.11亿
651,688623,双元科技,91.0,2.67%,3.56%,2910.45万,3228.55万,-318.10万,6155.53万
652,301238,瑞泰新材,21.14,2.67%,1.49%,1.17亿,1.15亿,153.62万,2.32亿
653,300338,ST开元,3.85,2.67%,3.56%,2435.19万,2390.02万,45.17万,4825.24万
654,1208,华菱线缆,21.97,2.66%,19.05%,5.55亿,5.45亿,1031.41万,11.00亿
655,300913,兆龙互连,54.48,2.66%,1.68%,1.22亿,1.08亿,1445.32万,2.30亿
656,603912,佳力图,10.41,2.66%,3.31%,1.09亿,7567.15万,3380.67万,1.85亿
657,601208,东材科技,33.96,2.66%,2.72%,5.10亿,4.06亿,1.04亿,9.16亿
658,600346,恒力石化,24.31,2.66%,0.35%,3.38亿,2.55亿,8328.22万,5.93亿
659,2528,ST英飞拓,5.01,2.66%,3.91%,9356.74万,1.05亿,-1180.24万,1.99亿
660,300983,尤安设计,29.85,2.65%,0.44%,1206.29万,791.18万,415.10万,2002.54万
661,600133,东湖高新,8.92,2.65%,1.52%,9702.17万,4589.63万,5112.54万,1.43亿
662,688095,福昕软件,75.1,2.64%,1.59%,6444.64万,4420.16万,2024.48万,1.09亿
663,300778,新城市,12.82,2.64%,0.88%,1408.71万,855.62万,553.09万,2264.97万
664,300774,倍杰特,17.92,2.63%,3.76%,6723.28万,6236.51万,486.78万,1.30亿
665,300556,丝路视觉,17.97,2.63%,1.53%,1706.92万,1229.24万,477.67万,2936.52万
666,300989,蕾奥规划,14.88,2.62%,1.85%,2732.99万,1339.56万,1393.43万,4074.79万
667,300248,新开普,10.57,2.62%,1.33%,3526.05万,2171.35万,1354.70万,5699.52万
668,2905,金逸影视,9.83,2.61%,1.47%,2743.05万,2265.65万,477.40万,5009.89万
669,300522,世名科技,13.42,2.60%,6.77%,1.24亿,1.17亿,607.44万,2.41亿
670,300310,宜通世纪,6.32,2.60%,3.86%,1.02亿,6449.07万,3738.52万,1.66亿
671,301580,爱迪特,70.98,2.59%,4.42%,1.09亿,1.10亿,-80.30万,2.20亿
672,603378,亚士创能,5.55,2.59%,0.99%,1350.94万,956.42万,394.52万,2307.69万
673,301548,崇德科技,72.42,2.58%,2.72%,2527.10万,2553.65万,-26.55万,5081.48万
674,688155,先惠技术,82.31,2.58%,2.07%,1.16亿,1.00亿,1522.06万,2.16亿
675,688337,普源精电,56.15,2.58%,2.23%,1.24亿,1.09亿,1492.96万,2.33亿
676,300852,四会富仕,43.42,2.58%,1.96%,5839.24万,7128.59万,-1289.35万,1.30亿
677,603217,元利科技,26.28,2.58%,1.43%,4585.30万,3189.85万,1395.45万,7781.46万
678,34,神州数码,35.8,2.58%,1.79%,2.52亿,1.34亿,1.18亿,3.85亿
679,688522,纳睿雷达,35.13,2.57%,2.26%,5172.88万,4597.74万,575.14万,9771.31万
680,300611,美力科技,27.18,2.57%,2.42%,6593.54万,3084.96万,3508.58万,9678.78万
681,688038,中科通达,23.21,2.56%,1.43%,2101.84万,1734.81万,367.03万,3837.11万
682,601388,怡球资源,4.0,2.56%,3.39%,1.69亿,1.33亿,3620.25万,3.02亿
683,300605,恒锋信息,14.4,2.56%,1.82%,1908.00万,1361.37万,546.63万,3269.65万
684,1256,炜冈科技,24.11,2.55%,1.68%,2773.61万,1523.92万,1249.69万,4297.78万
685,300051,琏升科技,16.46,2.55%,14.35%,4.42亿,4.46亿,-431.74万,8.88亿
686,300624,万兴科技,71.1,2.55%,3.39%,2.47亿,1.65亿,8175.00万,4.11亿
687,688309,恒誉环保,74.19,2.54%,2.00%,6602.59万,5048.89万,1553.70万,1.17亿
688,300940,南极光,23.83,2.54%,1.82%,3878.58万,2875.52万,1003.05万,6756.48万
689,601107,四川成渝,6.06,2.54%,0.52%,3751.32万,3002.85万,748.47万,6755.87万
690,2380,科远智慧,33.9,2.54%,3.76%,9305.18万,8640.21万,664.97万,1.79亿
691,300638,广和通,25.53,2.53%,1.86%,1.71亿,7975.18万,9084.67万,2.50亿
692,32,深桑达A,19.07,2.53%,1.24%,1.65亿,1.02亿,6251.58万,2.67亿
693,301587,中瑞股份,27.66,2.52%,6.88%,7417.81万,6302.36万,1115.45万,1.37亿
694,301217,铜冠铜箔,46.3,2.52%,3.17%,6.11亿,5.75亿,3648.23万,11.86亿
695,688377,迪威尔,39.53,2.52%,0.43%,1741.86万,1478.91万,262.95万,3220.94万
696,603799,华友钴业,64.34,2.52%,2.88%,18.53亿,16.25亿,2.28亿,34.78亿
697,300935,盈建科,31.38,2.52%,1.46%,1417.43万,1315.66万,101.77万,2734.97万
698,688062,迈威生物,40.07,2.51%,4.64%,2.09亿,1.69亿,4056.50万,3.78亿
699,2589,瑞康医药,3.68,2.51%,23.55%,5.33亿,6.99亿,-1.66亿,12.31亿
700,301566,达利凯普,21.31,2.50%,2.17%,5085.94万,4383.74万,702.19万,9473.51万
701,688701,卓锦股份,9.44,2.50%,0.83%,571.62万,466.52万,105.10万,1038.64万
702,300825,阿尔特,9.02,2.50%,1.07%,2701.69万,1960.70万,740.99万,4662.48万
703,300082,奥克股份,11.46,2.50%,4.07%,1.62亿,1.56亿,646.99万,3.18亿
704,2552,宝鼎科技,20.87,2.50%,5.87%,2.47亿,2.00亿,4641.81万,4.47亿
705,301518,长华化学,41.58,2.49%,3.49%,4347.20万,3393.57万,953.64万,7741.19万
706,301031,中熔电气,148.46,2.49%,2.15%,1.38亿,8045.85万,5727.87万,2.18亿
707,301358,湖南裕能,82.88,2.49%,2.55%,8.35亿,7.78亿,5687.40万,16.14亿
708,688375,国博电子,125.55,2.49%,0.92%,3.58亿,3.33亿,2513.52万,6.91亿
709,301037,保立佳,14.79,2.49%,1.19%,587.44万,587.16万,2760.00,1175.05万
710,688039,当虹科技,43.71,2.49%,0.95%,2550.71万,2027.46万,523.25万,4578.61万
711,688502,茂莱光学,354.1,2.49%,1.21%,1.31亿,9430.44万,3709.75万,2.26亿
712,300301,ST长方,3.71,2.49%,3.25%,4755.61万,4736.26万,19.36万,9492.24万
713,300031,宝通科技,21.44,2.49%,1.36%,6738.21万,3487.33万,3250.88万,1.02亿
714,893,亚钾国际,55.85,2.48%,1.53%,3.54亿,3.34亿,2026.52万,6.87亿
715,3007,直真科技,45.45,2.48%,6.30%,1.17亿,8621.88万,3069.29万,2.03亿
716,3002,壶化股份,28.51,2.48%,1.30%,4350.06万,2345.45万,2004.61万,6720.32万
717,688819,天能股份,35.54,2.48%,0.36%,6669.41万,5883.07万,786.35万,1.26亿
718,300257,开山股份,30.95,2.48%,0.93%,1.49亿,1.27亿,2255.51万,2.76亿
719,603200,上海洗霸,63.39,2.47%,4.79%,2.80亿,2.55亿,2534.61万,5.34亿
720,300182,捷成股份,5.8,2.47%,3.58%,2.76亿,1.92亿,8470.41万,4.68亿
721,2949,华阳国际,14.09,2.47%,1.78%,2109.60万,1660.39万,449.21万,3770.13万
722,2475,立讯精密,60.23,2.47%,1.83%,44.24亿,34.59亿,9.66亿,78.83亿
723,2261,拓维信息,37.3,2.47%,5.41%,13.38亿,9.41亿,3.96亿,22.79亿
724,688343,云天励飞,91.39,2.46%,2.13%,4.13亿,2.81亿,1.32亿,6.94亿
725,688262,国芯科技,35.82,2.46%,3.27%,2.13亿,1.84亿,2843.91万,3.97亿
726,300098,高新兴,5.42,2.46%,1.90%,9206.02万,6636.11万,2569.91万,1.58亿
727,300071,福石控股,4.99,2.46%,2.64%,7221.48万,5171.98万,2049.50万,1.24亿
728,300440,运达科技,16.7,2.45%,2.19%,9808.62万,6190.83万,3617.79万,1.60亿
729,603045,福达合金,33.95,2.44%,2.36%,6596.69万,3950.18万,2646.51万,1.06亿
730,301096,百诚医药,57.86,2.43%,4.44%,1.22亿,8987.70万,3183.09万,2.12亿
731,603613,国联股份,27.83,2.43%,1.19%,1.32亿,1.01亿,3127.52万,2.33亿
732,603105,芯能科技,10.97,2.43%,3.24%,1.04亿,7267.06万,3109.41万,1.77亿
733,600096,云天化,33.76,2.43%,2.02%,7.86亿,4.53亿,3.33亿,12.39亿
734,2361,神剑股份,18.99,2.43%,36.27%,27.54亿,27.25亿,2863.40万,54.79亿
735,300662,科锐国际,24.53,2.42%,1.58%,5304.69万,2240.52万,3064.17万,7555.27万
736,779,甘咨询,8.93,2.41%,1.31%,2678.96万,2708.91万,-29.95万,5388.14万
737,301010,晶雪节能,21.25,2.41%,0.74%,965.37万,719.79万,245.58万,1687.07万
738,300047,天源迪科,12.34,2.41%,1.83%,8121.76万,4711.22万,3410.54万,1.29亿
739,2033,丽江股份,10.18,2.41%,15.10%,4.64亿,3.80亿,8416.12万,8.45亿
740,1896,豫能控股,16.97,2.41%,10.25%,13.00亿,13.45亿,-4503.80万,26.45亿
741,2953,日丰股份,12.36,2.40%,2.47%,3651.38万,2725.90万,925.48万,6379.76万
742,301372,科净源,33.36,2.39%,9.53%,6823.60万,6004.01万,819.58万,1.28亿
743,688369,致远互联,25.24,2.39%,3.11%,4540.43万,4472.36万,68.06万,9020.42万
744,605098,行动教育,61.59,2.39%,3.45%,1.31亿,1.27亿,458.25万,2.58亿
745,688088,虹软科技,42.05,2.39%,0.70%,6603.64万,5156.26万,1447.38万,1.18亿
746,2518,科士达,48.43,2.39%,0.95%,1.49亿,1.09亿,4021.86万,2.58亿
747,408,藏格矿业,86.5,2.39%,0.54%,3.70亿,3.53亿,1694.04万,7.24亿
748,688485,九州一轨,43.01,2.38%,9.31%,1.80亿,1.67亿,1317.39万,3.48亿
749,603659,璞泰来,35.72,2.38%,2.27%,9.07亿,8.27亿,8001.21万,17.34亿
750,600821,金开新能,9.05,2.38%,12.32%,11.88亿,9.43亿,2.45亿,21.30亿
751,300255,常山药业,45.94,2.38%,2.16%,5.20亿,3.92亿,1.28亿,9.13亿
752,2168,*ST惠程,4.3,2.38%,0.97%,2046.17万,1196.91万,849.26万,3243.13万
753,615,*ST美谷,3.44,2.38%,0.81%,1553.41万,994.99万,558.42万,2548.42万
754,688220,翱捷科技,77.9,2.37%,1.14%,1.86亿,1.40亿,4630.32万,3.25亿
755,605055,迎丰股份,11.21,2.37%,2.88%,7004.88万,7185.65万,-180.77万,1.42亿
756,300563,神宇股份,32.86,2.37%,1.52%,4106.61万,2214.82万,1891.79万,6322.42万
757,600262,北方股份,26.44,2.36%,2.16%,6024.07万,3524.85万,2499.22万,9552.90万
758,688622,禾信仪器,98.6,2.36%,2.23%,8819.61万,6560.05万,2259.56万,1.54亿
759,603119,浙江荣泰,79.9,2.36%,7.98%,6.06亿,7.13亿,-1.07亿,13.18亿
760,600438,通威股份,17.75,2.36%,1.07%,4.77亿,3.71亿,1.06亿,8.47亿
761,300382,斯莱克,12.16,2.36%,1.03%,4989.59万,3087.91万,1901.68万,8078.23万
762,2418,康盛股份,5.63,2.36%,16.71%,5.65亿,5.00亿,6424.40万,10.65亿
763,688115,思林杰,41.75,2.35%,0.59%,1072.03万,541.22万,530.81万,1614.50万
764,688367,工大高科,37.97,2.35%,2.41%,4842.19万,3116.59万,1725.61万,7959.54万
765,688292,浩瀚深度,24.89,2.34%,1.14%,2779.58万,1641.88万,1137.69万,4423.95万
766,688683,莱尔科技,38.95,2.34%,0.85%,3033.49万,2086.50万,946.99万,5121.53万
767,300835,龙磁科技,93.84,2.34%,2.84%,1.34亿,8650.86万,4767.22万,2.21亿
768,688368,晶丰明源,146.16,2.34%,1.56%,1.09亿,9168.50万,1740.84万,2.01亿
769,1378,德冠新材,25.43,2.33%,3.40%,2900.12万,2635.30万,264.82万,5535.93万
770,301291,明阳电气,55.33,2.33%,8.11%,3.16亿,3.99亿,-8338.58万,7.15亿
771,605088,冠盛股份,35.12,2.33%,1.46%,6493.70万,3731.07万,2762.63万,1.02亿
772,600692,亚通股份,7.47,2.33%,3.39%,3419.18万,3002.16万,417.02万,6421.40万
773,300476,胜宏科技,302.33,2.33%,2.85%,41.17亿,32.05亿,9.12亿,73.22亿
774,300972,万辰集团,210.46,2.32%,0.72%,1.58亿,1.06亿,5125.00万,2.64亿
775,300560,中富通,16.35,2.32%,2.16%,3320.71万,3196.66万,124.05万,6517.54万
776,300213,佳讯飞鸿,7.94,2.32%,1.18%,3144.89万,1965.63万,1179.26万,5111.23万
777,2721,金一文化,3.1,2.31%,1.20%,5981.49万,3798.07万,2183.42万,9780.49万
778,301212,联盛化学,27.42,2.31%,0.73%,1008.52万,840.49万,168.03万,1849.28万
779,688353,华盛锂电,125.84,2.31%,3.08%,2.91亿,3.25亿,-3445.58万,6.16亿
780,301218,华是科技,35.89,2.31%,3.23%,4763.06万,3332.83万,1430.22万,8096.25万
781,300964,本川智能,73.84,2.31%,6.07%,1.34亿,1.14亿,1914.12万,2.48亿
782,2455,百川股份,11.94,2.31%,7.03%,2.57亿,2.87亿,-2961.63万,5.44亿
783,605288,凯迪股份,84.87,2.31%,1.01%,3417.67万,2624.99万,792.69万,6044.35万
784,300602,飞荣达,35.0,2.31%,2.70%,2.12亿,1.59亿,5226.59万,3.71亿
785,300500,启迪设计,10.61,2.31%,1.17%,1178.23万,868.69万,309.54万,2047.56万
786,300103,达刚控股,7.53,2.31%,1.58%,2232.30万,1491.92万,740.38万,3724.67万
787,688777,中控技术,67.52,2.30%,1.00%,2.96亿,2.37亿,5906.25万,5.34亿
788,300890,翔丰华,32.06,2.30%,4.78%,9162.15万,7502.21万,1659.94万,1.67亿
789,603602,纵横通信,13.32,2.30%,1.03%,2082.43万,1044.38万,1038.06万,3126.94万
790,601969,海南矿业,11.13,2.30%,1.12%,1.47亿,9812.63万,4867.66万,2.45亿
791,600499,科达制造,18.21,2.30%,0.68%,1.23亿,1.10亿,1306.07万,2.33亿
792,300785,值得买,51.14,2.30%,6.87%,2.43亿,1.86亿,5683.39万,4.29亿
793,301487,盟固利,22.3,2.29%,3.21%,1.06亿,8944.93万,1622.83万,1.95亿
794,2975,博杰股份,88.91,2.29%,4.31%,1.85亿,2.15亿,-2986.20万,4.00亿
795,300448,浩云科技,6.69,2.29%,1.85%,4919.60万,2908.41万,2011.19万,7828.33万
796,300395,菲利华,109.35,2.29%,3.72%,10.95亿,9.71亿,1.24亿,20.67亿
797,300125,*ST聆达,9.41,2.28%,1.42%,2517.07万,2259.80万,257.27万,4777.06万
798,688191,智洋创新,40.78,2.28%,1.31%,7117.94万,5269.74万,1848.20万,1.24亿
799,300745,欣锐科技,26.43,2.28%,1.12%,2297.89万,1837.76万,460.13万,4137.76万
800,300308,中际旭创,797.8,2.28%,1.51%,71.99亿,59.18亿,12.81亿,131.17亿
801,601121,宝地矿业,7.67,2.27%,0.86%,2937.50万,2280.10万,657.40万,5233.48万
802,688277,天智航,22.09,2.27%,1.08%,6081.34万,4727.77万,1353.57万,1.08亿
803,600352,浙江龙盛,13.05,2.27%,0.71%,1.50亿,1.46亿,398.60万,2.97亿
804,300357,我武生物,26.98,2.27%,2.08%,1.53亿,1.18亿,3503.23万,2.71亿
805,300085,银之杰,37.9,2.27%,3.38%,4.68亿,3.64亿,1.04亿,8.32亿
806,2709,天赐材料,49.09,2.27%,4.98%,19.59亿,17.31亿,2.28亿,36.90亿
807,403,派林生物,13.08,2.27%,0.99%,6499.17万,5557.66万,941.51万,1.21亿
808,688361,中科飞测,177.75,2.26%,1.15%,2.55亿,2.46亿,845.44万,5.01亿
809,688181,八亿时空,33.46,2.26%,1.30%,3353.91万,2424.53万,929.38万,5779.40万
810,601001,晋控煤业,17.19,2.26%,0.56%,8760.30万,7334.06万,1426.23万,1.61亿
811,300552,万集科技,26.65,2.26%,2.68%,5845.89万,3776.99万,2068.90万,9623.14万
812,300220,金运激光,14.04,2.26%,0.80%,963.23万,711.58万,251.65万,1674.94万
813,301231,荣信文化,31.41,2.25%,3.05%,3510.97万,2718.67万,792.29万,6230.26万
814,300212,易华录,8.19,2.25%,2.04%,6595.55万,5030.22万,1565.34万,1.16亿
815,688139,海尔生物,33.14,2.25%,0.85%,5226.74万,3642.42万,1584.31万,8870.46万
816,301208,中亦科技,34.97,2.25%,1.26%,2003.25万,885.83万,1117.42万,2889.44万
817,2074,国轩高科,39.59,2.25%,3.12%,10.86亿,10.50亿,3610.30万,21.36亿
818,301376,致欧科技,16.41,2.24%,2.43%,3933.47万,3828.93万,104.55万,7763.22万
819,600293,三峡新材,3.2,2.24%,1.41%,3132.28万,2039.76万,1092.52万,5172.11万
820,300479,神思电子,19.17,2.24%,1.28%,2644.79万,2150.45万,494.34万,4798.88万
821,300326,ST凯利,6.85,2.24%,0.77%,2219.30万,1483.13万,736.17万,3702.57万
822,2741,光华科技,19.17,2.24%,2.45%,1.02亿,9729.01万,461.58万,1.99亿
823,2180,纳思达,17.79,2.24%,1.17%,1.64亿,1.19亿,4434.61万,2.83亿
824,2066,瑞泰科技,22.89,2.23%,1.87%,5201.41万,4559.19万,642.23万,9762.89万
825,600307,酒钢宏兴,1.83,2.23%,0.80%,6682.05万,2416.25万,4265.80万,9098.49万
826,300781,因赛集团,36.19,2.23%,2.42%,6097.95万,4465.58万,1632.37万,1.06亿
827,300169,天晟新材,5.95,2.23%,1.31%,1332.28万,996.28万,336.00万,2328.74万
828,688063,派能科技,74.66,2.22%,3.14%,2.87亿,2.86亿,39.14万,5.73亿
829,300830,金现代,11.06,2.22%,3.64%,8278.17万,5242.44万,3035.73万,1.35亿
830,603958,哈森股份,25.28,2.22%,4.92%,1.38亿,1.27亿,1115.35万,2.65亿
831,300578,会畅科技,21.65,2.22%,2.22%,5108.72万,4355.37万,753.35万,9466.48万
832,300029,*ST天龙,4.63,2.21%,1.52%,630.15万,764.11万,-133.97万,1395.18万
833,300925,法本信息,18.47,2.21%,1.38%,5995.83万,2859.29万,3136.54万,8855.30万
834,688296,和达科技,13.9,2.21%,0.55%,486.46万,320.37万,166.10万,807.33万
835,603598,引力传媒,21.28,2.21%,4.09%,1.29亿,1.05亿,2413.03万,2.33亿
836,300731,科创新源,75.45,2.21%,3.50%,1.69亿,1.46亿,2361.43万,3.15亿
837,2167,东方锆业,12.93,2.21%,1.79%,1.02亿,7122.74万,3115.63万,1.74亿
838,2036,联创电子,9.25,2.21%,2.02%,1.11亿,8494.60万,2620.16万,1.96亿
839,688322,奥比中光,83.09,2.20%,1.48%,2.21亿,1.70亿,5084.14万,3.91亿
840,688216,气派科技,29.32,2.20%,1.21%,2024.24万,1711.95万,312.28万,3736.54万
841,300535,达威股份,19.55,2.20%,1.12%,923.62万,835.01万,88.61万,1761.17万
842,300254,仟源医药,12.1,2.20%,5.02%,8081.08万,5366.38万,2714.70万,1.34亿
843,603178,圣龙股份,15.85,2.19%,0.96%,2111.19万,1477.11万,634.08万,3588.46万
844,300294,博雅生物,19.17,2.19%,1.05%,5300.09万,4763.37万,536.71万,1.01亿
845,2577,雷柏科技,15.88,2.19%,0.51%,1248.35万,995.42万,252.94万,2243.93万
846,301181,标榜股份,48.19,2.18%,4.56%,1.03亿,9749.15万,551.28万,2.01亿
847,688508,芯朋微,65.14,2.18%,1.79%,8374.60万,6905.81万,1468.79万,1.53亿
848,600353,旭光电子,15.49,2.18%,2.21%,1.48亿,1.35亿,1345.90万,2.83亿
849,600130,*ST波导,4.69,2.18%,1.35%,3051.66万,1642.44万,1409.22万,4694.14万
850,300112,万讯自控,7.96,2.18%,1.90%,2172.30万,1376.35万,795.96万,3549.13万
851,2870,香山股份,36.56,2.18%,1.03%,3340.54万,1495.95万,1844.59万,4836.85万
852,688629,华丰科技,134.84,2.17%,10.11%,12.05亿,12.56亿,-5114.30万,24.61亿
853,300240,飞力达,7.06,2.17%,1.15%,1648.86万,1266.01万,382.85万,2915.86万
854,688078,龙软科技,24.52,2.17%,0.70%,709.30万,519.16万,190.15万,1231.39万
855,601918,新集能源,7.54,2.17%,1.22%,1.49亿,8689.68万,6240.68万,2.36亿
856,601619,嘉泽新能,5.65,2.17%,2.83%,2.23亿,1.61亿,6126.15万,3.84亿
857,300470,中密控股,37.21,2.17%,2.16%,8584.95万,7037.04万,1547.91万,1.56亿
858,2712,思美传媒,5.18,2.17%,0.96%,1609.31万,1053.56万,555.75万,2663.28万
859,2131,利欧股份,7.99,2.17%,4.80%,13.22亿,9.10亿,4.12亿,22.32亿
860,997,新大陆,20.27,2.17%,1.20%,1.51亿,9140.92万,6005.94万,2.43亿
861,605398,新炬网络,27.49,2.16%,0.77%,2238.34万,1167.46万,1070.88万,3406.07万
862,2998,优彩资源,8.97,2.16%,2.21%,2791.02万,2520.96万,270.06万,5312.15万
863,300597,吉大通信,9.44,2.16%,0.98%,1328.68万,1157.34万,171.34万,2487.91万
864,300075,数字政通,12.75,2.16%,0.97%,3974.08万,2352.83万,1621.25万,6328.19万
865,2379,宏桥控股,28.88,2.16%,0.85%,1.50亿,1.30亿,2063.26万,2.80亿
866,2274,华昌化工,6.14,2.16%,1.39%,4425.73万,3531.26万,894.46万,7957.06万
867,301098,金埔园林,8.54,2.15%,1.77%,1081.38万,1154.05万,-72.67万,2235.86万
868,603663,三祥新材,44.21,2.15%,0.99%,1.03亿,8059.19万,2190.84万,1.83亿
869,2558,巨人网络,32.74,2.15%,2.07%,7.10亿,5.72亿,1.38亿,12.81亿
870,2242,九阳股份,9.99,2.15%,1.22%,4617.94万,4787.43万,-169.48万,9405.76万
871,909,*ST数源,6.69,2.14%,0.57%,919.34万,740.70万,178.65万,1660.30万
872,301607,富特科技,48.62,2.14%,1.73%,5053.72万,4326.88万,726.84万,9381.09万
873,688381,帝奥微,25.29,2.14%,2.71%,9031.60万,7986.99万,1044.61万,1.70亿
874,688573,信宇人,21.46,2.14%,5.49%,3536.05万,2704.96万,831.10万,6241.52万
875,600888,新疆众和,8.58,2.14%,1.22%,9609.66万,6668.25万,2941.41万,1.63亿
876,600378,昊华科技,32.9,2.14%,0.72%,1.45亿,1.06亿,3902.43万,2.52亿
877,2354,天娱数科,5.74,2.14%,2.02%,1.20亿,6658.54万,5378.41万,1.87亿
878,603255,鼎际得,29.23,2.13%,1.57%,1501.76万,1260.75万,241.01万,2762.80万
879,300287,飞利信,4.32,2.13%,0.88%,3565.49万,1409.26万,2156.23万,4975.19万
880,600623,华谊集团,10.09,2.13%,0.56%,5995.76万,4426.34万,1569.42万,1.04亿
881,2749,国光股份,13.4,2.13%,0.40%,1442.52万,947.83万,494.69万,2390.75万
882,2488,金固股份,11.49,2.13%,0.91%,5532.21万,3985.53万,1546.68万,9517.86万
883,301055,张小泉,33.7,2.12%,4.40%,1.15亿,1.13亿,191.51万,2.28亿
884,601868,中国能建,2.89,2.12%,1.56%,9.89亿,4.66亿,5.23亿,14.54亿
885,688529,豪森智能,18.27,2.12%,0.44%,675.56万,653.05万,22.51万,1329.35万
886,688585,上纬新材,128.93,2.12%,0.66%,1.92亿,1.51亿,4138.16万,3.43亿
887,600583,海油工程,7.24,2.12%,1.02%,1.81亿,1.44亿,3720.29万,3.25亿
888,300063,天龙集团,12.06,2.12%,6.33%,2.67亿,2.11亿,5562.31万,4.78亿
889,300061,旗天科技,8.17,2.12%,0.99%,3087.35万,1878.94万,1208.41万,4967.12万
890,2649,博彦科技,12.04,2.12%,1.17%,4840.37万,2786.58万,2053.79万,7628.05万
891,2405,四维图新,9.17,2.12%,1.75%,2.34亿,1.43亿,9153.80万,3.77亿
892,665,湖北广电,4.81,2.12%,1.07%,3566.24万,2231.08万,1335.16万,5797.37万
893,2687,乔治白,4.84,2.11%,1.22%,1331.04万,1066.33万,264.70万,2397.42万
894,605258,协和电子,37.22,2.11%,2.67%,4913.37万,3767.05万,1146.32万,8681.90万
895,300865,大宏立,27.13,2.11%,1.06%,804.44万,788.40万,16.04万,1593.11万
896,688233,神工股份,74.41,2.11%,1.71%,1.19亿,9532.06万,2338.10万,2.14亿
897,688788,科思科技,57.9,2.10%,0.78%,3883.20万,3144.85万,738.35万,7028.59万
898,301236,软通动力,39.78,2.10%,1.17%,2.23亿,1.39亿,8337.33万,3.62亿
899,600219,南山铝业,6.33,2.10%,1.10%,4.59亿,3.43亿,1.16亿,8.03亿
900,300548,长芯博创,241.78,2.10%,4.58%,14.95亿,14.75亿,2064.50万,29.70亿
901,2591,恒大高新,6.82,2.10%,1.62%,1404.27万,1043.80万,360.47万,2448.54万
902,2627,三峡旅游,7.83,2.09%,2.73%,8740.06万,6671.70万,2068.35万,1.54亿
903,688697,纽威数控,15.11,2.09%,0.34%,1336.71万,966.33万,370.38万,2304.38万
904,603330,天洋新材,6.83,2.09%,0.62%,1046.39万,769.06万,277.34万,1815.79万
905,688207,格灵深瞳,14.68,2.09%,0.73%,1639.17万,1108.27万,530.90万,2748.17万
906,600100,同方股份,8.3,2.09%,0.93%,1.58亿,9852.66万,5988.01万,2.57亿
907,300592,华凯易佰,13.16,2.09%,1.13%,3092.88万,2043.85万,1049.02万,5136.86万
908,300333,兆日科技,9.29,2.09%,1.29%,2353.35万,1613.21万,740.14万,3967.02万
909,2373,千方科技,9.76,2.09%,0.90%,7258.54万,4805.82万,2452.72万,1.21亿
910,2114,罗平锌电,8.79,2.09%,1.44%,2561.82万,1499.91万,1061.91万,4062.00万
911,603,盛达资源,40.98,2.09%,1.50%,2.33亿,1.72亿,6138.16万,4.05亿
912,802,北京文化,3.93,2.08%,1.03%,1908.52万,985.39万,923.12万,2893.95万
913,603879,永悦科技,5.39,2.08%,0.96%,1011.13万,825.41万,185.72万,1836.70万
914,600784,鲁银投资,7.35,2.08%,2.13%,5706.68万,4859.26万,847.42万,1.06亿
915,600191,华资实业,12.25,2.08%,0.75%,2720.35万,1726.98万,993.37万,4447.45万
916,600141,兴发集团,32.39,2.08%,1.26%,2.90亿,2.01亿,8949.08万,4.91亿
917,300647,超频三,6.39,2.08%,1.76%,2985.08万,2120.90万,864.18万,5107.06万
918,300465,高伟达,15.21,2.08%,1.50%,6248.61万,3786.41万,2462.21万,1.00亿
919,300126,锐奇股份,7.85,2.08%,1.05%,1082.07万,628.79万,453.29万,1711.33万
920,1330,博纳影业,7.4,2.07%,3.50%,2.13亿,1.42亿,7099.62万,3.56亿
921,2128,电投能源,33.46,2.07%,0.76%,2.77亿,2.96亿,-1834.72万,5.73亿
922,600326,西藏天路,9.38,2.07%,1.21%,9735.30万,5588.76万,4146.54万,1.53亿
923,600295,鄂尔多斯,15.31,2.07%,0.41%,6682.80万,5604.07万,1078.73万,1.23亿
924,600152,维科技术,12.32,2.07%,22.15%,7.37亿,6.81亿,5620.33万,14.18亿
925,300513,恒实科技,8.87,2.07%,1.27%,1749.22万,1466.81万,282.41万,3216.38万
926,2713,*ST东易,15.26,2.07%,4.22%,1.60亿,1.70亿,-1005.95万,3.31亿
927,62,深圳华强,28.58,2.07%,2.79%,4.31亿,3.92亿,3889.55万,8.23亿
928,301202,朗威股份,41.19,2.06%,2.21%,1897.58万,1474.03万,423.55万,3373.26万
929,2715,登云股份,15.34,2.06%,1.40%,1833.43万,1093.03万,740.39万,2927.84万
930,603188,亚邦股份,4.96,2.06%,0.97%,1494.56万,1231.39万,263.18万,2726.05万
931,688255,凯尔达,29.74,2.06%,1.77%,2733.83万,3036.91万,-303.08万,5771.33万
932,688023,安恒信息,51.64,2.06%,1.45%,4622.26万,2932.52万,1689.74万,7580.60万
933,603813,*ST原尚,28.23,2.06%,1.00%,1614.79万,1294.80万,319.98万,2909.87万
934,600655,豫园股份,4.95,2.06%,0.60%,6935.83万,4634.45万,2301.39万,1.16亿
935,600475,华光环能,17.35,2.06%,0.72%,7085.03万,4667.98万,2417.05万,1.18亿
936,2144,宏达高科,15.33,2.06%,1.98%,2239.98万,1899.41万,340.57万,4139.85万
937,301041,金百泽,28.67,2.06%,3.25%,3966.98万,3303.51万,663.47万,7271.07万
938,422,湖北宜化,15.83,2.06%,2.26%,2.36亿,1.41亿,9499.63万,3.77亿
939,688737,中自科技,26.37,2.05%,0.59%,1117.81万,729.11万,388.70万,1847.60万
940,600883,博闻科技,7.95,2.05%,0.71%,740.22万,582.32万,157.90万,1323.10万
941,603867,新化股份,32.84,2.05%,1.40%,5345.13万,4544.80万,800.33万,9890.26万
942,603838,*ST四通,8.96,2.05%,0.51%,862.07万,558.35万,303.73万,1420.87万
943,603328,依顿电子,12.94,2.05%,1.78%,1.24亿,1.04亿,2030.66万,2.29亿
944,300270,中威电子,10.46,2.05%,1.15%,1856.00万,1233.09万,622.91万,3095.46万
945,2730,电光科技,27.92,2.05%,4.15%,1.93亿,2.07亿,-1378.50万,4.00亿
946,831,中国稀土,51.68,2.05%,1.38%,4.57亿,2.93亿,1.64亿,7.51亿
947,688671,碧兴物联,21.46,2.04%,0.97%,572.18万,394.71万,177.47万,967.45万
948,688256,寒武纪,1300.0,2.04%,1.21%,34.70亿,31.42亿,3.28亿,66.13亿
949,600108,亚盛集团,4.5,2.04%,2.66%,1.27亿,1.03亿,2403.15万,2.29亿
950,603997,继峰股份,13.01,2.04%,0.56%,5401.57万,3718.64万,1682.93万,9120.60万
951,603679,华体科技,13.99,2.04%,1.55%,2391.92万,1404.89万,987.03万,3797.52万
952,2912,中新赛克,26.56,2.04%,1.58%,4305.05万,2462.58万,1842.47万,6770.28万
953,590,古汉医药,11.52,2.04%,1.15%,1883.31万,1259.96万,623.36万,3143.38万
954,688113,联测科技,38.72,2.03%,0.56%,856.19万,517.93万,338.26万,1375.67万
955,688183,生益电子,106.56,2.03%,1.56%,7.02亿,6.71亿,3118.00万,13.73亿
956,2602,世纪华通,17.11,2.03%,0.87%,6.20亿,3.88亿,2.32亿,10.08亿
957,688593,新相微,31.81,2.02%,1.61%,9388.73万,7213.05万,2175.68万,1.66亿
958,2997,瑞鹄模具,32.3,2.02%,1.06%,3642.49万,3561.57万,80.92万,7204.71万
959,603393,新天然气,33.37,2.02%,1.24%,9778.51万,7520.25万,2258.26万,1.73亿
960,688399,硕世生物,51.95,2.02%,1.12%,2719.49万,2121.25万,598.24万,4851.16万
961,300579,数字认证,27.22,2.02%,0.70%,3115.82万,1818.36万,1297.46万,4935.81万
962,2436,兴森科技,25.2,2.02%,3.85%,7.30亿,7.28亿,133.07万,14.58亿
963,558,天府文旅,4.54,2.02%,1.97%,7600.93万,3842.71万,3758.22万,1.14亿
964,39,中集集团,12.12,2.02%,1.28%,1.75亿,1.80亿,-549.14万,3.55亿
965,2629,仁智股份,6.6,2.01%,4.04%,5199.01万,4445.76万,753.25万,9648.41万
966,3010,若羽臣,31.41,2.01%,2.60%,1.06亿,7730.79万,2915.12万,1.84亿
967,2064,华峰化学,11.16,2.01%,0.64%,1.76亿,1.72亿,396.88万,3.49亿
968,688408,中信博,40.63,2.01%,1.53%,7559.59万,5962.20万,1597.39万,1.35亿
969,603859,能科科技,39.12,2.01%,1.32%,7696.61万,4903.64万,2792.97万,1.26亿
970,603183,建研院,4.56,2.01%,1.12%,1463.55万,1046.90万,416.65万,2510.95万
971,600689,上海三毛,13.67,2.01%,1.94%,1934.16万,2079.44万,-145.28万,4013.74万
972,300033,同花顺,238.69,2.01%,2.11%,13.35亿,8.70亿,4.65亿,22.06亿
973,2444,巨星科技,31.44,2.01%,0.73%,1.55亿,1.07亿,4792.04万,2.63亿
974,2028,思源电气,213.8,2.01%,0.84%,5.66亿,5.14亿,5255.83万,10.80亿
975,545,金浦钛业,3.04,2.01%,2.81%,5368.08万,2989.38万,2378.70万,8357.92万
976,688112,鼎阳科技,50.49,2.00%,1.88%,8041.45万,7052.31万,989.14万,1.51亿
977,300694,蠡湖股份,12.26,2.00%,0.91%,1338.02万,1062.60万,275.42万,2400.75万
978,300352,北信源,7.15,2.00%,2.07%,1.09亿,7693.45万,3205.87万,1.86亿
979,301066,万事利,14.32,1.99%,1.00%,1925.47万,1372.09万,553.38万,3297.71万
980,301152,天力锂能,29.69,1.99%,5.96%,7312.80万,5273.30万,2039.50万,1.26亿
981,301095,广立微,81.58,1.99%,2.13%,1.69亿,1.34亿,3524.70万,3.03亿
982,300814,中富电路,100.01,1.99%,3.03%,3.37亿,2.40亿,9674.67万,5.77亿
983,300855,图南股份,44.0,1.99%,1.24%,9378.78万,6589.20万,2789.58万,1.60亿
984,688321,微芯生物,31.74,1.99%,2.01%,1.54亿,1.04亿,5058.31万,2.58亿
985,2309,中利集团,4.11,1.99%,9.39%,5.34亿,3.91亿,1.43亿,9.25亿
986,301616,浙江华业,51.6,1.98%,2.24%,1975.47万,1288.35万,687.13万,3264.34万
987,301559,中集环科,17.03,1.98%,3.42%,2706.97万,2557.07万,149.90万,5264.89万
988,301270,汉仪股份,32.46,1.98%,1.63%,3367.61万,1610.69万,1756.91万,4978.63万
989,300982,苏文电能,22.71,1.98%,1.85%,4358.14万,3742.24万,615.91万,8100.61万
990,688125,安达智能,252.53,1.98%,0.67%,8518.61万,5311.54万,3207.07万,1.38亿
991,688010,福光股份,34.49,1.98%,2.01%,5915.60万,5231.85万,683.75万,1.11亿
992,603306,华懋科技,104.55,1.98%,2.40%,3.83亿,4.32亿,-4834.06万,8.15亿
993,600850,电科数字,20.56,1.98%,0.89%,7735.06万,4637.68万,3097.38万,1.24亿
994,600750,华润江中,27.33,1.98%,0.57%,5580.27万,4062.54万,1517.73万,9643.36万
995,2463,沪电股份,94.62,1.98%,2.85%,27.02亿,24.32亿,2.70亿,51.35亿
996,823,超声电子,15.93,1.98%,2.73%,1.27亿,1.04亿,2315.27万,2.31亿
997,688403,汇成股份,16.08,1.97%,2.35%,1.80亿,1.68亿,1193.15万,3.48亿
998,301062,上海艾录,8.3,1.97%,1.29%,1927.55万,1420.07万,507.48万,3347.70万
999,688103,国力电子,57.39,1.97%,0.97%,3118.54万,2157.23万,961.31万,5281.51万
1000,688435,英方软件,43.03,1.97%,1.72%,2005.60万,2092.10万,-86.50万,4098.56万
1001,600809,山西汾酒,141.79,1.97%,0.38%,4.03亿,2.39亿,1.64亿,6.42亿
1002,600702,舍得酒业,47.15,1.97%,2.06%,1.73亿,1.50亿,2306.28万,3.22亿
1003,300539,横河精密,28.93,1.97%,1.98%,6475.60万,5870.64万,604.96万,1.23亿
1004,300493,润欣科技,16.04,1.97%,1.07%,5248.12万,3396.22万,1851.90万,8644.50万
1005,300145,南方泵业,5.18,1.97%,2.88%,1.46亿,1.36亿,1029.08万,2.83亿
1006,2636,金安国纪,38.21,1.97%,3.55%,4.96亿,4.83亿,1271.72万,9.79亿
1007,300229,拓尔思,18.75,1.96%,1.30%,1.24亿,8767.12万,3660.95万,2.12亿
1008,688059,华锐精密,123.46,1.96%,1.58%,1.04亿,7750.55万,2678.28万,1.82亿
1009,300648,星云股份,51.9,1.96%,1.61%,6351.92万,4716.31万,1635.61万,1.11亿
1010,2397,梦洁股份,4.16,1.96%,1.29%,1886.95万,1547.35万,339.59万,3434.51万
1011,301525,儒竞科技,72.8,1.95%,1.14%,2771.68万,1291.51万,1480.17万,4063.91万
1012,301337,亚华电子,28.28,1.95%,2.44%,1503.87万,1046.95万,456.92万,2551.39万
1013,688726,拉普拉斯,66.32,1.95%,11.38%,9.23亿,6.83亿,2.40亿,16.06亿
1014,300930,屹通新材,30.31,1.95%,1.12%,901.36万,692.46万,208.90万,1594.12万
1015,2588,史丹利,10.48,1.95%,1.07%,6120.91万,3503.11万,2617.80万,9624.13万
1016,603256,宏和科技,104.06,1.95%,2.57%,11.71亿,11.29亿,4292.60万,23.00亿
1017,300337,银邦股份,13.56,1.95%,2.41%,1.24亿,1.08亿,1607.00万,2.32亿
1018,300242,佳云科技,4.71,1.95%,1.43%,2712.52万,1528.39万,1184.13万,4241.23万
1019,300509,新美星,12.02,1.95%,1.40%,2336.42万,1808.43万,527.99万,4146.17万
1020,603375,盛景微,40.01,1.94%,1.65%,2405.34万,1758.20万,647.14万,4166.74万
1021,603778,国晟科技,27.33,1.94%,22.41%,25.26亿,12.38亿,12.88亿,37.63亿
1022,300688,创业黑马,25.22,1.94%,1.28%,2887.82万,1850.94万,1036.87万,4739.01万
1023,688660,电气风电,12.59,1.94%,0.53%,5161.38万,3635.18万,1526.20万,8797.22万
1024,2203,海亮股份,15.73,1.94%,0.82%,1.49亿,1.34亿,1464.60万,2.83亿
1025,2175,东方智造,2.63,1.94%,4.41%,8122.36万,6328.83万,1793.53万,1.45亿
1026,688648,中邮科技,52.88,1.93%,1.20%,2284.07万,2095.44万,188.64万,4380.57万
1027,301511,德福科技,47.97,1.93%,4.98%,4.46亿,4.34亿,1237.85万,8.80亿
1028,600470,六国化工,6.86,1.93%,2.75%,5687.63万,4037.02万,1650.61万,9726.03万
1029,300721,怡达股份,14.24,1.93%,1.49%,1624.23万,1285.67万,338.56万,2910.33万
1030,2909,集泰股份,6.35,1.93%,1.12%,1510.68万,1161.59万,349.09万,2672.34万
1031,688401,路维光电,53.61,1.92%,0.74%,4571.51万,3107.13万,1464.38万,7681.32万
1032,688081,兴图新科,50.31,1.92%,1.43%,3782.48万,3572.07万,210.42万,7355.72万
1033,600202,哈空调,5.84,1.92%,1.09%,1287.61万,1139.07万,148.54万,2426.80万
1034,600185,珠免集团,5.83,1.92%,1.04%,6753.43万,4670.34万,2083.09万,1.14亿
1035,300399,天利科技,21.21,1.92%,0.90%,2358.78万,1387.16万,971.62万,3746.14万
1036,300250,初灵信息,21.78,1.92%,1.88%,3947.67万,2469.03万,1478.64万,6418.22万
1037,659,珠海中富,4.24,1.92%,1.98%,5750.75万,4895.12万,855.63万,1.06亿
1038,688420,美腾科技,24.55,1.91%,0.61%,402.27万,211.02万,191.25万,613.79万
1039,688209,英集芯,21.39,1.91%,0.76%,4234.99万,2803.66万,1431.33万,7039.05万
1040,301302,华如科技,21.84,1.91%,2.45%,3959.53万,3407.02万,552.51万,7366.77万
1041,688215,瑞晟智能,76.31,1.91%,0.78%,1997.94万,1718.73万,279.21万,3718.79万
1042,601500,通用股份,4.26,1.91%,0.93%,3179.83万,3128.32万,51.50万,6313.26万
1043,603028,赛福天,8.53,1.91%,0.82%,1058.85万,909.15万,149.70万,1968.43万
1044,2919,名臣健康,20.3,1.91%,0.91%,2965.98万,1900.20万,1065.78万,4866.38万
1045,2918,蒙娜丽莎,11.75,1.91%,1.43%,1881.97万,1699.86万,182.11万,3582.19万
1046,2126,银轮股份,49.59,1.91%,1.51%,2.88亿,3.05亿,-1721.09万,5.93亿
1047,681,视觉中国,20.86,1.91%,2.10%,1.78亿,1.17亿,6099.36万,2.95亿
1048,839,国安股份,3.22,1.90%,1.04%,7021.44万,5950.95万,1070.49万,1.30亿
1049,603980,吉华集团,6.42,1.90%,1.84%,4554.53万,3332.48万,1222.05万,7887.26万
1050,603000,人民网,19.84,1.90%,1.10%,1.53亿,8704.28万,6637.73万,2.40亿
1051,600561,江西长运,6.44,1.90%,0.97%,1099.38万,648.48万,450.90万,1749.07万
1052,300288,朗玛信息,12.85,1.90%,1.05%,2206.44万,1218.27万,988.17万,3424.84万
1053,2976,瑞玛精密,28.64,1.89%,2.16%,2197.29万,1923.70万,273.59万,4121.27万
1054,300286,安科瑞,26.42,1.89%,1.62%,4634.01万,4184.80万,449.21万,8832.81万
1055,601958,金钼股份,19.43,1.89%,0.51%,1.80亿,1.36亿,4387.43万,3.17亿
1056,2010,传化智联,5.92,1.89%,0.68%,6412.82万,4605.55万,1807.28万,1.10亿
1057,300876,蒙泰高新,26.03,1.88%,1.07%,1397.66万,840.89万,556.77万,2239.06万
1058,601599,浙文影业,3.8,1.88%,0.98%,2862.26万,1433.49万,1428.77万,4295.82万
1059,603596,伯特利,46.66,1.88%,1.17%,1.83亿,1.49亿,3427.52万,3.32亿
1060,301299,卓创资讯,69.1,1.87%,2.51%,4861.78万,2808.40万,2053.38万,7672.25万
1061,301169,零点有数,56.54,1.87%,0.60%,1389.46万,1036.44万,353.03万,2426.47万
1062,3011,海象新材,23.99,1.87%,1.90%,2162.45万,1364.76万,797.69万,3528.17万
1063,301008,宏昌科技,38.76,1.87%,8.60%,1.82亿,1.95亿,-1319.66万,3.77亿
1064,300932,三友联众,14.2,1.87%,3.94%,6437.67万,6167.89万,269.78万,1.26亿
1065,603212,赛伍技术,13.1,1.87%,1.20%,4322.15万,2465.93万,1856.22万,6788.21万
1066,301163,宏德股份,29.54,1.86%,2.11%,1843.68万,1527.65万,316.04万,3371.63万
1067,301049,超越科技,22.43,1.86%,1.26%,660.27万,541.14万,119.12万,1201.86万
1068,688611,杭州柯林,55.96,1.86%,0.37%,1801.06万,1360.52万,440.55万,3162.69万
1069,603386,骏亚科技,14.22,1.86%,0.92%,1986.51万,2243.25万,-256.74万,4229.90万
1070,2425,凯撒文化,3.29,1.86%,1.02%,1807.73万,1361.71万,446.02万,3174.44万
1071,2193,如意集团,6.56,1.86%,2.37%,2131.02万,1913.59万,217.43万,4045.92万
1072,301326,捷邦科技,162.13,1.85%,1.22%,7472.41万,6632.91万,839.50万,1.41亿
1073,2396,星网锐捷,28.65,1.85%,1.16%,1.19亿,7366.80万,4539.59万,1.93亿
1074,300805,电声股份,10.46,1.85%,1.33%,2213.56万,1762.48万,451.07万,3976.15万
1075,600576,祥源文旅,6.06,1.85%,1.51%,3478.32万,2541.78万,936.54万,6020.16万
1076,2785,万里石,42.95,1.85%,3.11%,1.26亿,1.36亿,-1019.25万,2.62亿
1077,2645,华宏科技,22.03,1.85%,5.75%,3.42亿,3.52亿,-970.23万,6.94亿
1078,2531,天顺风能,12.08,1.85%,1.49%,1.83亿,1.35亿,4815.94万,3.19亿
1079,713,国投丰乐,6.6,1.85%,1.20%,3116.64万,1695.66万,1420.98万,4812.70万
1080,300990,同飞股份,85.9,1.84%,3.93%,1.30亿,1.30亿,36.41万,2.60亿
1081,600302,标准股份,11.61,1.84%,1.48%,3303.86万,2598.96万,704.90万,5902.93万
1082,689009,九号公司,46.01,1.84%,1.34%,1.85亿,1.57亿,2824.38万,3.42亿
1083,300748,金力永磁,32.71,1.84%,1.44%,3.26亿,2.01亿,1.25亿,5.28亿
1084,300377,赢时胜,18.31,1.84%,1.84%,1.39亿,9184.65万,4749.63万,2.31亿
1085,300221,银禧科技,10.51,1.84%,1.70%,4486.47万,3604.93万,881.54万,8091.92万
1086,955,欣龙控股,4.99,1.84%,0.95%,1540.75万,981.06万,559.69万,2522.11万
1087,2403,爱仕达,10.6,1.83%,0.56%,1148.92万,620.96万,527.95万,1770.20万
1088,688217,睿昂基因,28.32,1.83%,0.60%,474.88万,459.11万,15.77万,934.55万
1089,603918,金桥信息,13.88,1.83%,1.11%,3800.25万,1809.65万,1990.60万,5610.18万
1090,603118,共进股份,13.91,1.83%,3.75%,2.18亿,1.87亿,3037.81万,4.05亿
1091,600388,龙净环保,18.97,1.83%,0.53%,7625.18万,5040.05万,2585.13万,1.27亿
1092,688768,容知日新,46.91,1.82%,0.76%,1936.90万,1145.67万,791.23万,3082.70万
1093,301137,哈焊华通,44.86,1.82%,1.77%,8416.71万,6052.65万,2364.06万,1.45亿
1094,688173,希荻微,14.51,1.82%,0.72%,2112.49万,2164.16万,-51.67万,4277.07万
1095,300118,东方日升,16.75,1.82%,3.48%,3.26亿,2.11亿,1.15亿,5.37亿
1096,301100,风光股份,18.58,1.81%,0.84%,705.41万,642.26万,63.15万,1347.85万
1097,301099,雅创电子,53.34,1.81%,3.68%,8977.78万,8578.31万,399.47万,1.76亿
1098,688360,德马科技,19.12,1.81%,0.47%,1453.20万,781.51万,671.69万,2235.10万
1099,300414,中光防雷,14.1,1.81%,1.17%,3027.14万,2098.90万,928.24万,5128.29万
1100,300353,东土科技,19.74,1.81%,0.89%,5563.18万,3822.79万,1740.40万,9386.96万
1101,300197,节能铁汉,1.69,1.81%,0.66%,1942.27万,1341.70万,600.56万,3286.29万
1102,2594,比亚迪,104.89,1.81%,1.04%,22.95亿,14.92亿,8.03亿,37.87亿
1103,301280,珠城科技,62.88,1.80%,3.49%,5404.43万,3382.08万,2022.35万,8789.04万
1104,688560,明冠新材,14.74,1.80%,0.95%,1817.20万,984.93万,832.28万,2803.65万
1105,600556,天下秀,6.23,1.80%,1.47%,9632.17万,6814.82万,2817.35万,1.64亿
1106,300528,幸福蓝海,16.96,1.80%,2.92%,9110.65万,9401.09万,-290.45万,1.85亿
1107,601519,大智慧,10.76,1.80%,0.71%,9472.65万,5548.24万,3924.41万,1.50亿
1108,600664,哈药股份,4.52,1.80%,19.03%,8.39亿,14.12亿,-5.73亿,22.51亿
1109,300496,中科创达,61.61,1.80%,1.65%,2.03亿,1.71亿,3156.29万,3.74亿
1110,2236,大华股份,19.2,1.80%,2.12%,5.16亿,4.67亿,4904.75万,9.82亿
1111,2055,ST得润,6.21,1.80%,2.01%,4795.81万,2595.69万,2200.12万,7393.49万
1112,582,北部湾港,10.73,1.80%,0.75%,1.07亿,6561.78万,4180.32万,1.73亿
1113,301186,超达装备,66.7,1.79%,3.90%,9221.03万,1.03亿,-1030.57万,1.95亿
1114,605177,东亚药业,20.45,1.79%,0.76%,1050.82万,682.61万,368.22万,1735.68万
1115,2623,亚玛顿,22.16,1.79%,1.37%,3720.93万,2266.88万,1454.06万,5988.26万
1116,603059,倍加洁,34.09,1.79%,1.23%,2038.02万,2150.30万,-112.29万,4188.66万
1117,603006,联明股份,13.08,1.79%,0.51%,897.31万,772.20万,125.11万,1669.64万
1118,300187,永清环保,5.11,1.79%,0.67%,1264.87万,895.92万,368.95万,2161.30万
1119,2156,通富微电,47.83,1.79%,3.22%,13.11亿,10.03亿,3.08亿,23.14亿
1120,758,中色股份,6.82,1.79%,1.08%,8865.31万,5563.16万,3302.15万,1.44亿
1121,688515,裕太微,128.85,1.78%,1.80%,6260.82万,5197.85万,1062.97万,1.15亿
1122,605589,圣泉集团,37.2,1.78%,2.14%,3.23亿,3.39亿,-1562.84万,6.62亿
1123,603025,大豪科技,14.83,1.78%,0.56%,5105.92万,4034.24万,1071.68万,9164.32万
1124,300512,中亚股份,9.14,1.78%,0.54%,877.78万,713.68万,164.10万,1591.55万
1125,300183,东软载波,14.87,1.78%,1.14%,3018.43万,3235.18万,-216.75万,6253.76万
1126,426,兴业银锡,44.65,1.78%,1.66%,7.22亿,5.82亿,1.40亿,13.04亿
1127,688306,均普智能,9.18,1.77%,0.50%,3346.89万,2262.91万,1083.98万,5609.98万
1128,605588,冠石科技,56.22,1.77%,1.02%,2289.84万,1843.45万,446.38万,4133.86万
1129,605567,春雪食品,10.91,1.77%,0.90%,1085.46万,850.14万,235.33万,1935.82万
1130,300782,卓胜微,103.23,1.77%,2.69%,6.39亿,5.94亿,4528.40万,12.33亿
1131,300487,蓝晓科技,70.25,1.77%,0.37%,3938.48万,4083.21万,-144.73万,8023.09万
1132,2384,东山精密,148.38,1.77%,3.10%,34.33亿,28.67亿,5.66亿,63.00亿
1133,159,国际实业,6.31,1.77%,1.52%,2778.74万,1787.89万,990.85万,4566.81万
1134,2843,泰嘉股份,24.89,1.76%,6.47%,2.09亿,1.92亿,1609.44万,4.01亿
1135,301121,紫建电子,37.59,1.76%,1.25%,1385.42万,983.79万,401.63万,2370.34万
1136,603839,安正时尚,7.51,1.76%,0.33%,615.70万,321.61万,294.09万,937.38万
1137,688244,永信至诚,19.18,1.75%,0.52%,938.52万,555.78万,382.74万,1494.68万
1138,603132,金徽股份,18.58,1.75%,0.46%,4627.70万,3752.63万,875.07万,8383.48万
1139,301057,汇隆新材,32.56,1.75%,1.21%,1977.57万,1246.45万,731.12万,3224.67万
1140,603721,*ST天择,22.12,1.75%,1.56%,2024.44万,2490.61万,-466.18万,4515.27万
1141,603709,中源家居,16.85,1.75%,0.57%,683.01万,508.08万,174.93万,1191.26万
1142,600603,广汇物流,6.96,1.75%,1.19%,5974.62万,3868.77万,2105.85万,9843.46万
1143,600551,时代出版,8.15,1.75%,0.50%,1628.15万,1131.58万,496.57万,2759.81万
1144,300663,科蓝软件,13.36,1.75%,0.93%,3553.95万,2111.42万,1442.53万,5666.84万
1145,2848,*ST高斯,14.53,1.75%,1.11%,1739.11万,895.66万,843.44万,2636.08万
1146,2758,浙农股份,9.89,1.75%,0.95%,2851.79万,2009.60万,842.20万,4861.58万
1147,913,钱江摩托,15.12,1.75%,0.66%,3088.87万,2106.37万,982.51万,5195.99万
1148,301001,凯淳股份,28.67,1.74%,0.96%,722.08万,657.67万,64.40万,1380.03万
1149,2678,珠江钢琴,5.85,1.74%,0.86%,3667.50万,3168.89万,498.61万,6839.33万
1150,300811,铂科新材,84.7,1.74%,1.33%,1.63亿,1.04亿,5986.99万,2.67亿
1151,601168,西部矿业,28.73,1.74%,1.18%,4.28亿,3.77亿,5165.74万,8.05亿
1152,600478,科力远,7.62,1.74%,1.92%,1.29亿,1.14亿,1461.71万,2.43亿
1153,300025,华星创业,5.26,1.74%,1.07%,1650.29万,1167.84万,482.45万,2819.39万
1154,2922,伊戈尔,39.25,1.74%,3.19%,2.55亿,2.10亿,4539.01万,4.65亿
1155,688201,信安世纪,14.14,1.73%,1.13%,2422.05万,2354.20万,67.85万,4776.76万
1156,301275,汉朔科技,41.81,1.73%,1.08%,7787.87万,5437.28万,2350.58万,1.32亿
1157,300939,秋田微,40.62,1.73%,2.26%,5882.29万,4985.20万,897.09万,1.09亿
1158,301571,国科天成,72.86,1.73%,3.06%,1.34亿,1.34亿,-36.61万,2.68亿
1159,688567,孚能科技,13.54,1.73%,0.80%,7346.78万,5803.77万,1543.00万,1.32亿
1160,603815,交建股份,6.47,1.73%,10.03%,1.87亿,2.21亿,-3381.49万,4.07亿
1161,300226,上海钢联,25.26,1.73%,1.44%,7244.37万,3839.41万,3404.96万,1.11亿
1162,2279,久其软件,8.22,1.73%,1.59%,6369.76万,3885.03万,2484.73万,1.03亿
1163,2243,力合科创,8.84,1.73%,0.34%,2149.50万,1483.13万,666.37万,3632.90万
1164,2237,恒邦股份,15.27,1.73%,1.17%,1.22亿,9049.91万,3111.82万,2.12亿
1165,688051,佳华科技,31.99,1.72%,0.50%,745.13万,485.78万,259.35万,1232.39万
1166,605162,新中港,13.04,1.72%,7.29%,2.02亿,1.67亿,3531.07万,3.70亿
1167,301118,恒光股份,24.22,1.72%,0.96%,1395.16万,1022.00万,373.16万,2417.41万
1168,1376,百通能源,16.0,1.72%,2.97%,5517.87万,4472.52万,1045.35万,9993.27万
1169,300195,长荣股份,7.7,1.72%,1.61%,2662.48万,1188.87万,1473.62万,3852.12万
1170,2742,*ST三圣,4.72,1.72%,1.04%,1885.15万,684.26万,1200.89万,2574.13万
1171,2271,东方雨虹,16.55,1.72%,0.89%,1.62亿,1.18亿,4384.81万,2.79亿
1172,300833,浩洋股份,33.82,1.71%,0.56%,794.10万,726.71万,67.39万,1522.15万
1173,688004,博汇科技,22.58,1.71%,0.93%,945.23万,708.11万,237.13万,1653.84万
1174,688589,力合微,22.63,1.71%,1.18%,2402.31万,1467.02万,935.29万,3869.79万
1175,300564,筑博设计,14.89,1.71%,0.72%,689.36万,507.85万,181.50万,1197.50万
1176,300827,上能电气,38.06,1.71%,3.73%,3.08亿,2.39亿,6924.74万,5.47亿
1177,603507,振江股份,45.9,1.71%,3.85%,1.63亿,1.54亿,987.32万,3.17亿
1178,600581,*ST八钢,2.98,1.71%,3.21%,8467.88万,6112.60万,2355.27万,1.46亿
1179,300645,正元智慧,17.22,1.71%,1.03%,1239.68万,1216.45万,23.23万,2456.47万
1180,300615,欣天科技,13.65,1.71%,2.76%,2726.52万,2866.15万,-139.62万,5592.94万
1181,300299,富春股份,5.94,1.71%,1.27%,3119.70万,2051.93万,1067.77万,5171.68万
1182,2813,路畅科技,24.38,1.71%,0.81%,1353.51万,1009.27万,344.24万,2363.02万
1183,300985,致远新能,22.1,1.70%,0.65%,1539.53万,1114.21万,425.32万,2655.06万
1184,688326,经纬恒润,120.64,1.70%,0.69%,4784.71万,4485.99万,298.72万,9273.03万
1185,301327,华宝新能,64.81,1.69%,1.60%,1.09亿,7156.58万,3711.80万,1.80亿
1186,603166,福达股份,13.84,1.69%,0.55%,2665.86万,2170.55万,495.31万,4837.24万
1187,603982,泉峰汽车,7.81,1.69%,1.14%,1804.24万,1199.69万,604.55万,3004.08万
1188,603828,ST柯利达,6.02,1.69%,0.19%,368.86万,310.83万,58.03万,682.40万
1189,603776,永安行,19.21,1.69%,0.32%,911.96万,789.60万,122.36万,1701.94万
1190,600071,凤凰光学,20.4,1.69%,0.92%,2703.26万,2539.25万,164.01万,5242.92万
1191,300235,方直科技,13.25,1.69%,1.88%,3004.70万,2054.98万,949.72万,5059.81万
1192,300079,数码视讯,5.4,1.69%,1.17%,4994.83万,3034.99万,1959.84万,8029.88万
1193,2590,万安科技,12.65,1.69%,0.92%,3056.62万,2683.26万,373.36万,5744.31万
1194,1217,华尔泰,11.53,1.68%,0.77%,1855.63万,1043.32万,812.32万,2899.07万
1195,688779,五矿新能,10.9,1.68%,0.96%,1.12亿,9048.65万,2163.85万,2.03亿
1196,688711,宏微科技,27.91,1.68%,0.98%,3321.86万,2475.15万,846.71万,5798.36万
1197,300758,七彩化学,13.91,1.68%,1.33%,4018.05万,2594.81万,1423.23万,6616.20万
1198,300508,维宏股份,39.27,1.68%,1.04%,1992.11万,1312.68万,679.43万,3305.19万
1199,603289,泰瑞机器,12.09,1.68%,2.01%,3625.91万,3531.67万,94.24万,7157.70万
1200,688772,珠海冠宇,16.41,1.67%,1.88%,1.83亿,1.65亿,1789.96万,3.48亿
1201,688231,隆达股份,34.0,1.67%,0.62%,2815.67万,2309.10万,506.57万,5132.38万
1202,301176,逸豪新材,29.88,1.67%,2.98%,7999.56万,6543.81万,1455.75万,1.45亿
1203,2501,利源股份,1.83,1.67%,0.64%,2678.43万,1456.09万,1222.34万,4134.59万
1204,688152,麒麟信安,34.8,1.67%,0.57%,869.09万,1163.73万,-294.64万,2034.00万
1205,301097,天益医疗,58.0,1.67%,1.10%,1140.50万,695.20万,445.30万,1836.28万
1206,688588,凌志软件,12.17,1.67%,0.45%,1313.31万,835.15万,478.16万,2149.07万
1207,600892,*ST大晟,3.66,1.67%,0.64%,750.09万,559.73万,190.36万,1313.59万
1208,600487,亨通光电,53.0,1.67%,4.05%,26.94亿,24.87亿,2.07亿,51.82亿
1209,600328,中盐化工,8.54,1.67%,1.19%,8633.51万,6153.11万,2480.40万,1.48亿
1210,300612,宣亚国际,15.18,1.67%,1.94%,3132.61万,2146.37万,986.24万,5280.20万
1211,300363,博腾股份,22.55,1.67%,2.09%,1.36亿,9556.07万,4055.10万,2.32亿
1212,300291,百纳千成,6.7,1.67%,1.33%,4084.58万,4191.41万,-106.83万,8276.20万
1213,300233,金城医药,15.86,1.67%,3.05%,1.03亿,7526.20万,2732.82万,1.78亿
1214,2647,仁东控股,10.37,1.67%,3.85%,2.26亿,1.72亿,5374.33万,3.98亿
1215,603062,麦加芯彩,50.34,1.66%,1.37%,1483.84万,1068.72万,415.12万,2553.56万
1216,688691,灿芯股份,107.2,1.66%,3.59%,1.59亿,1.21亿,3744.02万,2.80亿
1217,603722,阿科力,36.16,1.66%,0.77%,1668.31万,993.46万,674.86万,2662.13万
1218,603701,德宏股份,24.46,1.66%,1.20%,4025.87万,3601.94万,423.93万,7629.03万
1219,600446,金证股份,12.83,1.66%,0.74%,5183.20万,3648.76万,1534.45万,8832.21万
1220,300420,五洋自控,3.68,1.66%,1.18%,3185.92万,1634.90万,1551.02万,4821.73万
1221,603175,超颖电子,90.95,1.65%,6.06%,1.24亿,1.18亿,557.38万,2.42亿
1222,600841,动力新科,9.26,1.65%,1.63%,9451.60万,6179.91万,3271.69万,1.56亿
1223,2978,安宁股份,33.93,1.65%,0.54%,4014.01万,2663.63万,1350.38万,6678.32万
1224,301209,联合化学,93.5,1.65%,0.41%,1829.71万,1871.60万,-41.88万,3702.25万
1225,603051,鹿山新材,22.22,1.65%,2.37%,4417.07万,4066.02万,351.05万,8483.52万
1226,603088,宁波精达,13.58,1.65%,4.73%,1.53亿,1.28亿,2488.14万,2.80亿
1227,600319,亚星化学,7.41,1.65%,0.46%,787.76万,531.04万,256.72万,1318.94万
1228,600058,五矿发展,11.1,1.65%,0.64%,4116.11万,3499.59万,616.52万,7615.92万
1229,300715,凯伦股份,13.52,1.65%,0.88%,2064.33万,1640.73万,423.60万,3705.20万
1230,509,华塑控股,3.69,1.65%,1.32%,3121.23万,2059.82万,1061.40万,5181.31万
1231,2058,*ST威尔,22.29,1.64%,1.29%,2029.89万,2077.38万,-47.49万,4108.39万
1232,2337,赛象科技,6.21,1.64%,0.61%,1391.05万,823.75万,567.30万,2214.92万
1233,688223,晶科能源,6.81,1.64%,0.91%,3.46亿,2.82亿,6371.30万,6.28亿
1234,603334,丰倍生物,54.54,1.64%,2.60%,2477.38万,1885.58万,591.80万,4376.59万
1235,300056,中创环保,9.31,1.64%,1.85%,3822.84万,2679.79万,1143.06万,6503.66万
1236,300998,宁波方正,25.34,1.64%,2.04%,3263.87万,2279.74万,984.13万,5543.86万
1237,688129,东来技术,23.58,1.64%,0.38%,636.70万,439.60万,197.10万,1077.96万
1238,603617,君禾股份,7.44,1.64%,0.70%,1246.60万,724.09万,522.50万,1970.84万
1239,688552,航天南湖,46.6,1.64%,5.87%,1.23亿,1.15亿,877.97万,2.38亿
1240,300598,诚迈科技,37.83,1.64%,0.80%,4214.60万,2346.08万,1868.52万,6561.44万
1241,300549,优德精密,17.39,1.64%,1.18%,1249.39万,814.61万,434.78万,2064.35万
1242,300494,盛天网络,11.81,1.64%,1.24%,3431.05万,2355.44万,1075.61万,5787.09万
1243,300244,迪安诊断,19.2,1.64%,2.66%,1.35亿,1.21亿,1394.56万,2.56亿
1244,2863,今飞凯达,5.57,1.64%,1.06%,2224.61万,1334.14万,890.47万,3558.92万
1245,917,电广传媒,9.9,1.64%,1.28%,1.00亿,7908.31万,2120.69万,1.79亿
1246,36,华联控股,4.97,1.64%,1.78%,6392.85万,6048.48万,344.37万,1.24亿
1247,688535,华海诚科,126.12,1.63%,1.70%,1.02亿,7041.43万,3141.71万,1.72亿
1248,603766,隆鑫通用,15.57,1.63%,0.73%,1.31亿,1.03亿,2803.97万,2.33亿
1249,603020,爱普股份,11.23,1.63%,0.78%,1733.51万,1592.48万,141.03万,3326.10万
1250,600756,浪潮软件,16.87,1.63%,1.97%,6384.10万,4272.10万,2112.00万,1.07亿
1251,600734,实达集团,3.75,1.63%,1.21%,5825.56万,3925.52万,1900.04万,9751.12万
1252,600361,创新新材,4.36,1.63%,0.82%,8505.66万,4746.89万,3758.77万,1.33亿
1253,300664,鹏鹞环保,6.23,1.63%,2.03%,4207.63万,5119.01万,-911.37万,9327.25万
1254,300043,星辉娱乐,5.6,1.63%,1.34%,5823.38万,3496.14万,2327.25万,9319.69万
1255,2628,成都路桥,5.0,1.63%,2.23%,4758.67万,3598.77万,1159.90万,8357.55万
1256,301528,多浦乐,66.97,1.62%,1.90%,1946.69万,2071.52万,-124.84万,4018.88万
1257,688651,盛邦安全,39.42,1.62%,3.39%,1652.81万,2699.06万,-1046.25万,4354.03万
1258,603882,金域医学,27.66,1.62%,0.78%,4878.47万,4991.11万,-112.64万,9872.90万
1259,300790,宇瞳光学,30.1,1.62%,4.14%,2.05亿,1.95亿,1026.35万,4.00亿
1260,600490,鹏欣资源,8.15,1.62%,0.96%,7907.09万,7553.67万,353.42万,1.55亿
1261,300675,建科院,15.02,1.62%,0.55%,718.85万,479.36万,239.48万,1198.66万
1262,300359,全通教育,5.03,1.62%,0.54%,1031.40万,676.82万,354.58万,1708.27万
1263,300331,苏大维格,43.87,1.62%,2.02%,1.03亿,8177.60万,2157.45万,1.85亿
1264,2622,皓宸医疗,2.51,1.62%,1.86%,2394.27万,1468.32万,925.95万,3863.10万
1265,2440,闰土股份,11.9,1.62%,1.54%,9440.92万,7762.34万,1678.58万,1.72亿
1266,603071,物产环能,13.92,1.61%,0.31%,1331.91万,1092.96万,238.95万,2425.01万
1267,635,英力特,8.18,1.61%,0.81%,1543.09万,873.33万,669.77万,2416.58万
1268,301318,维海德,27.1,1.61%,0.62%,874.39万,598.25万,276.13万,1472.91万
1269,301262,海看股份,23.42,1.61%,1.97%,3319.24万,2274.95万,1044.29万,5596.30万
1270,603073,彩蝶实业,19.57,1.61%,1.10%,596.38万,493.30万,103.08万,1089.87万
1271,2538,ST司特,6.94,1.61%,1.05%,3735.55万,2449.55万,1286.01万,6185.38万
1272,2685,华东重机,8.21,1.61%,3.33%,1.50亿,1.24亿,2640.68万,2.74亿
1273,300640,德艺文创,6.94,1.61%,1.56%,1438.58万,993.71万,444.87万,2432.77万
1274,688638,誉辰智能,42.27,1.61%,1.68%,1156.20万,716.55万,439.65万,1873.60万
1275,300006,莱美药业,6.31,1.61%,4.93%,1.76亿,1.50亿,2674.40万,3.26亿
1276,688202,美迪西,72.46,1.61%,2.03%,1.21亿,7350.28万,4769.36万,1.95亿
1277,300620,光库科技,231.12,1.61%,3.90%,11.23亿,11.18亿,447.60万,22.41亿
1278,300417,南华仪器,12.6,1.61%,1.54%,897.87万,778.76万,119.11万,1676.75万
1279,2705,新宝股份,17.62,1.61%,8.05%,6.12亿,5.73亿,3820.29万,11.85亿
1280,936,华西股份,7.58,1.61%,1.05%,4057.09万,3019.48万,1037.62万,7076.95万
1281,603400,华之杰,69.7,1.60%,2.94%,2180.33万,1890.19万,290.13万,4071.92万
1282,688559,海目星,56.39,1.60%,1.24%,9624.85万,7673.71万,1951.14万,1.73亿
1283,688583,思看科技,127.0,1.60%,2.55%,4821.79万,5134.30万,-312.51万,9958.63万
1284,603065,宿迁联盛,8.24,1.60%,0.46%,849.43万,710.92万,138.51万,1560.43万
1285,603057,紫燕食品,25.34,1.60%,0.37%,1872.80万,2023.42万,-150.62万,3896.48万
1286,688633,星球石墨,25.97,1.60%,0.79%,1820.37万,1091.57万,728.80万,2912.45万
1287,688077,大地熊,29.84,1.60%,0.89%,1704.49万,1297.87万,406.62万,3005.34万
1288,603699,纽威股份,51.94,1.60%,0.43%,8267.30万,8647.67万,-380.37万,1.69亿
1289,601162,天风证券,3.81,1.60%,1.07%,2.54亿,9585.33万,1.58亿,3.50亿
1290,603093,南华期货,19.71,1.60%,1.12%,6950.34万,6520.14万,430.20万,1.35亿
1291,300477,ST合纵,2.54,1.60%,3.91%,5424.53万,4142.98万,1281.55万,9592.90万
1292,300200,高盟新材,9.52,1.60%,0.95%,2098.97万,1715.93万,383.04万,3815.85万
1293,2603,以岭药业,17.16,1.60%,1.19%,1.53亿,1.30亿,2292.17万,2.82亿
1294,2506,协鑫集成,4.44,1.60%,5.43%,7.93亿,5.95亿,1.98亿,13.89亿
1295,688302,海创药业,47.21,1.59%,1.47%,4155.43万,2627.57万,1527.87万,6783.95万
1296,1209,洪兴股份,20.47,1.59%,1.01%,1174.46万,787.99万,386.47万,1962.85万
1297,301025,读客文化,10.89,1.59%,1.10%,1994.73万,1296.30万,698.43万,3291.69万
1298,688411,海博思创,235.0,1.59%,1.36%,1.90亿,2.34亿,-4333.59万,4.24亿
1299,600149,廊坊发展,5.75,1.59%,2.74%,3343.78万,2552.57万,791.21万,5896.64万
1300,600796,钱江生化,6.39,1.59%,1.40%,1521.43万,1248.20万,273.23万,2769.69万
1301,892,欢瑞世纪,6.37,1.59%,5.25%,1.20亿,1.19亿,91.65万,2.40亿
1302,628,高新发展,58.75,1.59%,2.34%,1.40亿,1.23亿,1636.74万,2.63亿
1303,301379,天山电子,25.71,1.58%,1.18%,2242.18万,1582.66万,659.53万,3826.12万
1304,301278,快可电子,38.59,1.58%,2.41%,2840.99万,1886.86万,954.13万,4731.72万
1305,3026,中晶科技,37.36,1.58%,4.23%,7990.02万,7029.10万,960.92万,1.50亿
1306,603095,越剑智能,17.96,1.58%,0.66%,1947.77万,1123.84万,823.92万,3071.79万
1307,603320,迪贝电气,23.1,1.58%,2.34%,3733.61万,4236.48万,-502.87万,7970.33万
1308,688280,精进电动,10.98,1.57%,2.95%,8030.35万,8554.24万,-523.89万,1.66亿
1309,688511,*ST天微,22.58,1.57%,0.87%,1552.83万,1073.09万,479.74万,2629.97万
1310,301205,联特科技,266.0,1.57%,5.86%,6.41亿,6.41亿,3.90万,12.82亿
1311,2188,中天服务,6.48,1.57%,2.68%,2228.27万,2176.74万,51.53万,4405.46万
1312,301093,华兰股份,75.91,1.57%,1.02%,6327.94万,5802.49万,525.45万,1.21亿
1313,600299,安迪苏,14.2,1.57%,0.54%,1.10亿,9273.00万,1680.56万,2.02亿
1314,300450,先导智能,53.69,1.57%,2.25%,9.75亿,9.11亿,6442.90万,18.86亿
1315,2889,东方嘉盛,13.58,1.57%,0.71%,1200.27万,1217.73万,-17.46万,2418.82万
1316,2677,浙江美大,7.78,1.57%,0.56%,1407.88万,896.50万,511.38万,2305.55万
1317,2609,捷顺科技,8.42,1.57%,0.89%,2039.54万,1371.46万,668.08万,3411.09万
1318,2398,垒知集团,5.16,1.57%,0.91%,1767.03万,1061.37万,705.66万,2833.55万
1319,2316,亚联发展,5.19,1.57%,2.42%,2450.75万,1777.34万,673.41万,4231.52万
1320,2174,游族网络,9.71,1.57%,0.77%,4506.37万,2727.99万,1778.38万,7234.85万
1321,60,中金岭南,6.48,1.57%,1.10%,1.90亿,1.26亿,6396.69万,3.17亿
1322,688601,力芯微,53.32,1.56%,2.45%,1.07亿,6670.86万,4032.92万,1.74亿
1323,603506,南都物业,12.37,1.56%,0.41%,537.30万,407.13万,130.17万,945.66万
1324,603992,松霖科技,33.92,1.56%,0.75%,6383.86万,4813.57万,1570.28万,1.12亿
1325,603768,常青股份,11.04,1.56%,0.41%,619.13万,439.67万,179.47万,1059.57万
1326,603228,景旺电子,61.35,1.56%,1.16%,3.59亿,3.32亿,2745.21万,6.91亿
1327,600588,用友网络,12.35,1.56%,0.60%,1.49亿,1.04亿,4588.79万,2.53亿
1328,600552,凯盛科技,13.68,1.56%,2.61%,1.76亿,1.58亿,1757.65万,3.34亿
1329,300435,中泰股份,27.31,1.56%,1.57%,8573.50万,7089.38万,1484.11万,1.57亿
1330,300400,劲拓股份,28.07,1.56%,3.85%,1.22亿,1.36亿,-1464.63万,2.58亿
1331,300188,国投智能,12.4,1.56%,0.58%,3812.41万,2335.42万,1476.99万,6148.69万
1332,2886,沃特股份,22.18,1.56%,1.40%,3888.28万,2533.75万,1354.53万,6423.14万
1333,2783,凯龙股份,9.75,1.56%,1.44%,4175.15万,2239.98万,1935.17万,6415.22万
1334,688225,亚信安全,17.04,1.55%,0.75%,2694.92万,2353.28万,341.65万,5048.88万
1335,688795,摩尔线程,635.38,1.55%,9.86%,10.17亿,8.25亿,1.92亿,18.43亿
1336,300614,百川畅银,13.13,1.55%,0.95%,967.00万,1017.25万,-50.25万,1984.52万
1337,601995,中金公司,33.97,1.55%,0.45%,2.53亿,1.95亿,5810.73万,4.49亿
1338,601636,旗滨集团,5.88,1.55%,0.71%,7464.75万,4826.10万,2638.66万,1.23亿
1339,600180,瑞茂通,3.27,1.55%,0.66%,1174.59万,1137.13万,37.46万,2311.82万
1340,300659,中孚信息,13.12,1.55%,1.24%,1778.52万,1267.22万,511.30万,3046.13万
1341,300649,杭州园林,15.1,1.55%,0.84%,795.71万,531.95万,263.76万,1328.12万
1342,300461,田中精机,62.1,1.55%,5.33%,2.36亿,2.47亿,-1025.27万,4.83亿
1343,300319,麦捷科技,12.42,1.55%,1.44%,7709.84万,7263.40万,446.44万,1.50亿
1344,300278,华昌达,4.58,1.55%,0.72%,2499.24万,2083.09万,416.15万,4582.93万
1345,925,众合科技,7.26,1.54%,1.10%,3269.06万,2097.36万,1171.70万,5367.51万
1346,301117,佳缘科技,45.64,1.54%,5.07%,9805.38万,8524.19万,1281.19万,1.83亿
1347,300849,锦盛新材,20.46,1.54%,0.93%,1368.61万,949.39万,419.21万,2320.05万
1348,601688,华泰证券,19.16,1.54%,0.82%,6.63亿,4.85亿,1.79亿,11.48亿
1349,300503,昊志机电,55.95,1.54%,4.54%,3.16亿,2.95亿,2060.59万,6.10亿
1350,2369,卓翼科技,7.26,1.54%,1.20%,2590.36万,2316.94万,273.42万,4907.38万
1351,1360,南矿集团,21.27,1.53%,0.73%,1186.48万,735.99万,450.49万,1922.89万
1352,605566,福莱蒽特,31.11,1.53%,0.60%,1566.47万,912.22万,654.24万,2482.74万
1353,1259,利仁科技,31.24,1.53%,0.56%,440.92万,374.74万,66.18万,815.98万
1354,603038,华立股份,15.23,1.53%,0.62%,1394.34万,1145.28万,249.07万,2539.92万
1355,603066,音飞储存,9.97,1.53%,0.37%,568.27万,512.39万,55.88万,1080.76万
1356,300484,蓝海华腾,17.28,1.53%,1.25%,1912.75万,1649.45万,263.30万,3565.66万
1357,300800,力合科技,11.92,1.53%,0.59%,792.40万,826.02万,-33.62万,1620.80万
1358,1210,金房能源,21.4,1.52%,1.69%,2122.31万,1311.76万,810.55万,3434.28万
1359,2578,闽发铝业,4.02,1.52%,3.06%,6095.51万,4511.79万,1583.73万,1.06亿
1360,301033,迈普医学,59.39,1.52%,0.76%,1408.38万,1114.10万,294.29万,2523.07万
1361,688266,泽璟制药,101.83,1.52%,0.77%,1.18亿,8778.60万,3020.78万,2.06亿
1362,688472,阿特斯,13.4,1.52%,1.89%,1.83亿,1.55亿,2726.39万,3.38亿
1363,603416,信捷电气,50.03,1.52%,0.90%,2686.09万,3615.46万,-929.37万,6302.05万
1364,603326,我乐家居,8.68,1.52%,0.52%,910.91万,526.63万,384.28万,1437.88万
1365,603661,恒林股份,31.38,1.52%,0.24%,605.59万,442.10万,163.48万,1048.00万
1366,603657,春光科技,26.05,1.52%,0.75%,1672.43万,959.77万,712.66万,2632.72万
1367,603501,豪威集团,93.71,1.52%,0.88%,6.14亿,3.81亿,2.34亿,9.95亿
1368,300757,罗博特科,498.2,1.52%,2.13%,8.17亿,7.56亿,6116.70万,15.73亿
1369,300339,润和软件,40.87,1.52%,1.25%,2.36亿,1.60亿,7627.14万,3.96亿
1370,2910,庄园牧场,10.68,1.52%,1.05%,1131.01万,764.47万,366.54万,1895.58万
1371,2119,康强电子,22.04,1.52%,5.13%,2.33亿,1.89亿,4353.57万,4.22亿
1372,301377,鼎泰高科,220.59,1.51%,8.02%,6.63亿,5.66亿,9654.50万,12.29亿
1373,2723,小崧股份,10.07,1.51%,1.68%,2767.52万,2568.02万,199.50万,5335.73万
1374,688355,明志科技,22.79,1.51%,1.03%,1685.30万,1189.51万,495.79万,2875.27万
1375,300987,川网传媒,17.48,1.51%,0.89%,1573.86万,1091.84万,482.02万,2665.88万
1376,601702,华峰铝业,20.12,1.51%,0.59%,5739.69万,6310.46万,-570.77万,1.21亿
1377,300851,交大思诺,28.92,1.51%,0.78%,606.84万,599.07万,7.78万,1206.20万
1378,601595,上海电影,24.93,1.51%,0.43%,2671.46万,2118.79万,552.66万,4797.23万
1379,301026,浩通科技,29.49,1.51%,1.33%,2805.75万,1641.93万,1163.82万,4451.22万
1380,600640,国脉文化,12.11,1.51%,0.31%,1810.27万,1199.83万,610.45万,3010.59万
1381,600114,东睦股份,31.55,1.51%,1.21%,1.27亿,1.07亿,1972.05万,2.35亿
1382,300405,科隆股份,6.06,1.51%,1.82%,1437.51万,949.85万,487.66万,2387.84万
1383,300128,锦富技术,6.07,1.51%,0.78%,3196.42万,2855.62万,340.80万,6052.28万
1384,1313,粤海饲料,8.1,1.50%,1.09%,3719.45万,2402.92万,1316.52万,6122.52万
1385,301519,舜禹股份,14.18,1.50%,1.25%,759.82万,564.45万,195.37万,1324.69万
1386,301378,通达海,32.43,1.50%,1.70%,1596.64万,908.79万,687.85万,2506.40万
1387,601016,节能风电,4.07,1.50%,2.51%,3.55亿,2.58亿,9776.64万,6.13亿
1388,600030,中信证券,26.4,1.50%,0.81%,15.69亿,10.08亿,5.61亿,25.76亿
1389,300120,经纬辉开,7.43,1.50%,0.85%,1977.22万,1325.74万,651.48万,3306.60万
1390,2806,华锋股份,14.24,1.50%,2.86%,4092.69万,2964.47万,1128.22万,7057.44万
1391,2564,天沃科技,6.1,1.50%,0.81%,2679.38万,1538.57万,1140.81万,4218.08万
1392,2296,辉煌科技,11.52,1.50%,1.61%,3288.45万,3094.54万,193.90万,6387.36万
1393,2996,顺博合金,7.46,1.50%,1.26%,2171.34万,1731.30万,440.05万,3902.87万
1394,301448,开创电气,38.82,1.49%,1.53%,1679.27万,1158.72万,520.55万,2839.93万
1395,301536,星宸科技,75.7,1.49%,1.37%,9000.69万,1.04亿,-1379.26万,1.94亿
1396,301469,恒达新材,34.08,1.49%,1.22%,1046.64万,851.26万,195.38万,1898.24万
1397,301150,中一科技,62.74,1.49%,4.97%,3.46亿,3.29亿,1702.04万,6.75亿
1398,603172,万丰股份,21.09,1.49%,1.86%,1222.72万,728.18万,494.54万,1951.11万
1399,301309,万得凯,32.75,1.49%,3.38%,3800.11万,2763.28万,1036.83万,6572.56万
1400,605001,威奥股份,7.49,1.49%,0.53%,915.94万,624.41万,291.53万,1540.58万
1401,688561,奇安信,30.59,1.49%,0.33%,4302.32万,2605.91万,1696.41万,6914.36万
1402,603630,拉芳家化,16.36,1.49%,0.77%,1620.01万,1200.95万,419.06万,2821.11万
1403,601311,骆驼股份,10.22,1.49%,2.57%,1.68亿,1.41亿,2629.45万,3.09亿
1404,300655,晶瑞电材,14.98,1.49%,1.13%,1.03亿,7706.78万,2631.54万,1.80亿
1405,2576,通达动力,19.02,1.49%,1.41%,2256.88万,2035.19万,221.69万,4293.02万
1406,2445,中南文化,3.41,1.49%,2.79%,1.25亿,9845.99万,2649.98万,2.23亿
1407,2410,广联达,11.56,1.49%,0.99%,1.06亿,7379.30万,3206.23万,1.80亿
1408,625,长安汽车,10.19,1.49%,1.02%,5.06亿,3.54亿,1.52亿,8.60亿
1409,2779,中坚科技,97.5,1.48%,0.88%,7607.96万,6725.36万,882.60万,1.43亿
1410,688478,晶升股份,36.99,1.48%,2.71%,4843.41万,5505.44万,-662.03万,1.04亿
1411,300246,宝莱特,16.44,1.48%,6.12%,1.03亿,1.05亿,-110.68万,2.08亿
1412,605218,伟时电子,18.49,1.48%,0.72%,1532.81万,1298.98万,233.84万,2831.98万
1413,600137,浪莎股份,21.3,1.48%,1.81%,2413.48万,1300.38万,1113.10万,3714.29万
1414,601869,长飞光纤,363.92,1.48%,2.83%,21.69亿,19.48亿,2.21亿,41.17亿
1415,600281,华阳新材,5.47,1.48%,0.83%,1320.20万,989.85万,330.35万,2310.10万
1416,600231,凌钢股份,2.06,1.48%,0.28%,1056.95万,596.24万,460.70万,1653.30万
1417,300074,华平股份,4.12,1.48%,1.17%,1303.70万,1309.82万,-6.12万,2613.60万
1418,2301,齐心集团,6.87,1.48%,0.55%,1480.89万,1184.89万,296.00万,2665.84万
1419,727,冠捷科技,2.74,1.48%,1.16%,7909.55万,6365.40万,1544.15万,1.43亿
1420,1314,亿道信息,43.56,1.47%,0.60%,1854.10万,1389.95万,464.15万,3244.93万
1421,301135,瑞德智能,28.28,1.47%,0.73%,1019.55万,537.51万,482.04万,1557.35万
1422,301359,东南电子,21.41,1.47%,0.92%,830.49万,501.32万,329.18万,1332.24万
1423,301162,国能日新,67.49,1.47%,1.42%,3634.24万,4527.61万,-893.36万,8162.52万
1424,300065,海兰信,26.89,1.47%,6.57%,6.12亿,5.44亿,6779.40万,11.55亿
1425,300993,玉马科技,12.44,1.47%,0.47%,922.12万,477.61万,444.51万,1400.35万
1426,603565,中谷物流,11.77,1.47%,0.45%,6071.13万,5063.78万,1007.35万,1.11亿
1427,601360,三六零,11.01,1.47%,0.65%,3.03亿,1.99亿,1.04亿,5.02亿
1428,300409,道氏技术,26.91,1.47%,2.89%,2.72亿,2.63亿,927.12万,5.34亿
1429,300324,旋极信息,4.83,1.47%,0.83%,3904.66万,2925.37万,979.28万,6833.94万
1430,300230,永利股份,4.83,1.47%,1.15%,2069.58万,1400.79万,668.79万,3470.42万
1431,2877,智能自控,8.97,1.47%,1.38%,1678.14万,1283.58万,394.56万,2961.81万
1432,2031,巨轮智能,6.2,1.47%,1.62%,1.09亿,8594.62万,2332.78万,1.95亿
1433,820,*ST节能,3.47,1.46%,1.20%,612.76万,628.86万,-16.10万,1241.73万
1434,301505,苏州规划,22.3,1.46%,1.18%,1221.35万,815.38万,405.97万,2036.95万
1435,301006,迈拓股份,17.39,1.46%,0.90%,783.10万,545.00万,238.10万,1328.44万
1436,688499,利元亨,51.27,1.46%,2.00%,8579.30万,8699.09万,-119.79万,1.73亿
1437,300376,易事特,6.25,1.46%,0.64%,4948.88万,4192.04万,756.84万,9141.80万
1438,601799,星宇股份,131.04,1.46%,1.23%,2.31亿,2.35亿,-413.52万,4.66亿
1439,601608,中信重工,6.24,1.46%,0.37%,5965.52万,4455.34万,1510.17万,1.04亿
1440,601020,华钰矿业,29.26,1.46%,2.21%,2.72亿,2.50亿,2217.35万,5.22亿
1441,603527,众源新材,11.79,1.46%,5.46%,9937.75万,1.06亿,-653.03万,2.05亿
1442,600459,贵研铂业,20.9,1.46%,1.06%,9718.03万,7103.80万,2614.24万,1.68亿
1443,300317,珈伟新能,4.86,1.46%,3.67%,7981.51万,6603.77万,1377.74万,1.46亿
1444,2200,*ST交投,7.69,1.45%,1.09%,750.50万,895.98万,-145.47万,1646.56万
1445,300109,新开源,18.87,1.45%,1.16%,5283.06万,4421.59万,861.47万,9705.59万
1446,600032,浙江新能,9.8,1.45%,1.75%,2.21亿,1.92亿,2854.01万,4.13亿
1447,2282,博深股份,6.98,1.45%,0.75%,1615.44万,1003.71万,611.73万,2621.25万
1448,603823,百合花,15.36,1.45%,1.03%,3582.45万,3084.36万,498.09万,6666.96万
1449,603533,掌阅科技,25.81,1.45%,2.58%,1.50亿,1.42亿,727.70万,2.92亿
1450,300755,华致酒行,13.33,1.45%,0.45%,1608.25万,889.30万,718.95万,2499.28万
1451,300232,洲明科技,7.01,1.45%,1.79%,6170.63万,4831.26万,1339.37万,1.10亿
1452,301439,泓淋电力,16.21,1.44%,1.15%,1867.01万,1504.61万,362.40万,3371.79万
1453,301361,众智科技,38.62,1.44%,4.33%,2703.59万,2342.81万,360.78万,5046.80万
1454,688079,美迪凯,15.51,1.44%,1.63%,5265.03万,4878.19万,386.84万,1.01亿
1455,2965,祥鑫科技,30.94,1.44%,1.48%,5261.81万,3843.11万,1418.70万,9106.16万
1456,605365,立达信,24.01,1.44%,3.16%,1.93亿,1.91亿,137.18万,3.84亿
1457,2402,和而泰,31.77,1.44%,2.07%,3.17亿,2.17亿,9937.28万,5.34亿
1458,300737,科顺股份,6.32,1.44%,1.28%,3730.70万,3434.01万,296.69万,7164.78万
1459,603908,牧高笛,22.59,1.44%,0.52%,642.32万,432.84万,209.48万,1075.61万
1460,603106,恒银科技,9.15,1.44%,0.59%,1781.02万,1029.58万,751.44万,2811.06万
1461,300449,汉邦高科,7.06,1.44%,0.78%,1252.03万,852.88万,399.16万,2106.04万
1462,300168,万达信息,5.62,1.44%,0.63%,3101.16万,1923.94万,1177.23万,5025.21万
1463,300115,长盈精密,33.86,1.44%,2.01%,4.77亿,4.53亿,2439.39万,9.31亿
1464,300107,建新股份,7.06,1.44%,1.29%,2110.49万,1041.99万,1068.50万,3153.54万
1465,2195,岩山科技,9.16,1.44%,1.78%,5.62亿,3.49亿,2.13亿,9.11亿
1466,2194,武汉凡谷,10.6,1.44%,1.02%,3361.03万,2093.24万,1267.79万,5455.34万
1467,655,金岭矿业,8.48,1.44%,1.74%,4833.65万,3827.08万,1006.57万,8660.82万
1468,300971,博亚精工,23.48,1.43%,1.22%,1289.04万,1322.68万,-33.64万,2612.42万
1469,300877,金春股份,28.29,1.43%,0.95%,2059.92万,1110.25万,949.67万,3171.02万
1470,601005,重庆钢铁,1.42,1.43%,0.34%,2908.35万,1032.07万,1876.29万,3943.42万
1471,300127,银河磁体,30.55,1.43%,1.25%,5036.24万,3734.39万,1301.85万,8771.85万
1472,2654,万润科技,14.9,1.43%,3.36%,2.15亿,2.04亿,1097.09万,4.20亿
1473,2599,盛通股份,7.1,1.43%,1.12%,1761.16万,1387.78万,373.38万,3149.01万
1474,688591,泰凌微,34.97,1.42%,2.10%,7095.80万,5214.88万,1880.91万,1.23亿
1475,688148,芳源股份,9.31,1.42%,2.65%,6885.51万,5627.82万,1257.69万,1.25亿
1476,300931,通用电梯,12.89,1.42%,1.09%,1583.17万,1001.79万,581.37万,2585.09万
1477,603956,威派格,5.72,1.42%,0.54%,993.38万,746.98万,246.40万,1740.53万
1478,600793,宜宾纸业,18.63,1.42%,0.76%,1701.76万,797.63万,904.13万,2500.14万
1479,600010,包钢股份,2.86,1.42%,1.77%,8.70亿,7.09亿,1.61亿,15.79亿
1480,300661,圣邦股份,76.96,1.42%,1.85%,4.97亿,3.51亿,1.46亿,8.49亿
1481,300380,安硕信息,34.92,1.42%,0.81%,2280.98万,1295.54万,985.44万,3577.21万
1482,300084,海默科技,10.75,1.42%,2.96%,5584.79万,5470.47万,114.32万,1.11亿
1483,2748,世龙实业,12.17,1.42%,0.85%,1545.76万,899.00万,646.76万,2444.88万
1484,301389,隆扬电子,58.43,1.41%,6.54%,1.64亿,1.55亿,972.24万,3.19亿
1485,688459,哈铁科技,9.33,1.41%,0.16%,485.04万,222.99万,262.04万,709.92万
1486,603899,晨光股份,25.91,1.41%,0.19%,2480.01万,2106.29万,373.72万,4586.82万
1487,603636,南威软件,9.33,1.41%,0.63%,2082.73万,1297.11万,785.61万,3379.94万
1488,300599,雄塑科技,10.82,1.41%,4.60%,5851.97万,4679.38万,1172.59万,1.05亿
1489,300152,ST新动力,2.16,1.41%,1.43%,1233.62万,942.06万,291.56万,2176.33万
1490,300073,当升科技,56.99,1.41%,2.17%,3.15亿,3.11亿,355.01万,6.26亿
1491,2388,新亚制程,5.02,1.41%,1.38%,1663.31万,1820.84万,-157.54万,3487.71万
1492,2292,奥飞娱乐,7.91,1.41%,1.00%,4516.69万,3483.76万,1032.93万,8004.33万
1493,619,海螺新材,5.79,1.40%,1.03%,1038.77万,1099.00万,-60.23万,2137.82万
1494,1260,坤泰股份,21.05,1.40%,0.51%,700.95万,531.44万,169.51万,1233.02万
1495,301159,三维天地,41.99,1.40%,1.53%,1863.29万,1545.96万,317.32万,3410.09万
1496,301052,果麦文化,33.37,1.40%,1.78%,3027.55万,1691.87万,1335.68万,4733.77万
1497,300842,帝科股份,85.41,1.40%,2.51%,1.43亿,1.33亿,954.98万,2.76亿
1498,603888,新华网,20.31,1.40%,0.68%,6046.20万,3214.52万,2831.68万,9261.13万
1499,601965,中国汽研,17.34,1.40%,0.43%,5038.75万,2448.41万,2590.34万,7487.32万
1500,300703,创源股份,20.27,1.40%,1.27%,2638.11万,1705.32万,932.80万,4345.25万
1501,300176,鸿特科技,7.25,1.40%,1.53%,2277.49万,1990.10万,287.39万,4267.74万
1502,2616,长青集团,5.79,1.40%,1.45%,2846.94万,2063.74万,783.21万,4911.48万
1503,301429,森泰股份,19.56,1.40%,1.32%,620.09万,505.65万,114.44万,1126.14万
1504,2362,汉王科技,18.86,1.40%,0.66%,1773.15万,779.08万,994.07万,2552.42万
1505,2438,江苏神通,16.76,1.39%,0.76%,3731.02万,2251.72万,1479.30万,5982.90万
1506,605389,长龄液压,72.0,1.39%,0.33%,1800.50万,1413.84万,386.66万,3216.49万
1507,911,广农糖业,5.82,1.39%,1.57%,2183.70万,1423.86万,759.85万,3607.62万
1508,603192,汇得科技,24.02,1.39%,0.45%,859.59万,649.19万,210.40万,1509.03万
1509,300770,新媒股份,40.72,1.39%,0.75%,3853.38万,3079.48万,773.90万,6935.71万
1510,300036,超图软件,16.02,1.39%,1.03%,4002.19万,3189.36万,812.83万,7191.71万
1511,21,深科技,28.67,1.38%,2.47%,6.19亿,4.83亿,1.36亿,11.01亿
1512,301556,托普云农,84.47,1.38%,2.67%,4022.71万,2600.49万,1422.22万,6624.05万
1513,301110,青木科技,61.05,1.38%,2.10%,4481.25万,3874.32万,606.93万,8356.17万
1514,301336,趣睡科技,50.87,1.38%,1.69%,1801.68万,788.88万,1012.80万,2591.07万
1515,691,*ST亚太,8.1,1.38%,1.00%,1696.16万,912.58万,783.59万,2608.82万
1516,605180,华生科技,14.74,1.38%,0.37%,563.44万,338.04万,225.40万,901.91万
1517,300823,建科智能,16.18,1.38%,1.06%,785.52万,647.79万,137.72万,1434.12万
1518,688186,广大特材,24.16,1.38%,1.74%,6211.44万,5504.39万,707.05万,1.17亿
1519,2107,沃华医药,8.06,1.38%,8.89%,2.05亿,2.00亿,515.12万,4.06亿
1520,301307,美利信,42.1,1.37%,4.58%,1.06亿,1.04亿,204.42万,2.09亿
1521,2052,同洲电子,10.34,1.37%,0.77%,3192.74万,2287.11万,905.63万,5480.90万
1522,1225,和泰机电,49.75,1.37%,2.25%,1375.36万,968.66万,406.70万,2344.51万
1523,1258,立新能源,8.87,1.37%,2.12%,1.01亿,7416.72万,2647.38万,1.75亿
1524,2059,云南旅游,5.19,1.37%,1.60%,5445.78万,2687.04万,2758.74万,8135.26万
1525,301076,新瀚新材,38.48,1.37%,1.21%,2632.63万,2457.71万,174.92万,5090.72万
1526,603041,美思德,12.56,1.37%,0.49%,639.77万,479.53万,160.24万,1120.43万
1527,688329,艾隆科技,24.33,1.37%,0.80%,726.57万,761.81万,-35.25万,1488.88万
1528,603499,翔港科技,22.16,1.37%,1.08%,4082.72万,3132.66万,950.05万,7215.59万
1529,688598,金博股份,23.62,1.37%,0.97%,2768.19万,1892.97万,875.22万,4661.64万
1530,603303,得邦照明,15.58,1.37%,0.23%,1137.28万,529.12万,608.16万,1666.55万
1531,603848,好太太,15.54,1.37%,0.22%,958.66万,422.44万,536.22万,1381.26万
1532,300398,飞凯材料,28.04,1.37%,2.75%,1.99亿,2.33亿,-3335.63万,4.32亿
1533,301273,瑞晨环保,30.27,1.37%,1.43%,1238.18万,1119.90万,118.27万,2358.39万
1534,2230,科大讯飞,48.19,1.37%,0.97%,5.81亿,4.38亿,1.44亿,10.19亿
1535,987,越秀资本,8.91,1.37%,0.64%,1.64亿,1.22亿,4207.24万,2.86亿
1536,948,南天信息,15.55,1.37%,0.45%,1779.12万,914.00万,865.11万,2693.90万
1537,791,甘肃能源,8.13,1.37%,2.37%,1.80亿,1.93亿,-1222.43万,3.73亿
1538,417,合百集团,6.64,1.37%,0.81%,2374.64万,1806.08万,568.55万,4180.78万
1539,301567,贝隆精密,43.12,1.36%,1.94%,953.85万,807.62万,146.22万,1762.33万
1540,688370,丛麟科技,24.58,1.36%,0.37%,693.37万,542.82万,150.55万,1236.92万
1541,300867,圣元环保,20.11,1.36%,2.13%,4564.49万,3570.42万,994.07万,8136.92万
1542,688627,精智达,279.18,1.36%,3.14%,3.16亿,3.15亿,52.34万,6.31亿
1543,300859,西域旅游,34.93,1.36%,2.98%,8632.71万,7367.01万,1265.70万,1.60亿
1544,603077,和邦生物,2.99,1.36%,1.66%,2.63亿,1.76亿,8708.35万,4.39亿
1545,600960,渤海汽车,5.22,1.36%,0.64%,1732.60万,1456.41万,276.18万,3189.32万
1546,600292,电投水电,15.61,1.36%,1.27%,8044.85万,7369.77万,675.08万,1.54亿
1547,300365,恒华科技,5.97,1.36%,2.16%,3275.79万,3280.37万,-4.58万,6562.78万
1548,300224,正海磁材,14.89,1.36%,0.92%,6930.30万,5733.20万,1197.10万,1.27亿
1549,2931,锋龙股份,69.56,1.36%,3.26%,2.45亿,2.13亿,3211.27万,4.58亿
1550,2927,泰永长征,17.1,1.36%,1.91%,3430.13万,3679.18万,-249.05万,7109.81万
1551,2659,凯文教育,5.21,1.36%,0.88%,1449.13万,1285.96万,163.18万,2735.19万
1552,2319,乐通股份,11.3,1.35%,1.38%,1804.28万,1297.17万,507.10万,3101.57万
1553,301618,长联科技,48.93,1.35%,0.88%,850.17万,566.93万,283.25万,1418.08万
1554,301503,智迪科技,36.0,1.35%,0.81%,532.52万,407.30万,125.21万,940.18万
1555,603173,福斯达,42.12,1.35%,0.47%,1895.36万,1269.64万,625.71万,3169.21万
1556,688053,ST思科瑞,39.1,1.35%,0.42%,701.37万,945.43万,-244.06万,1647.92万
1557,300873,海晨股份,22.46,1.35%,0.74%,1908.56万,841.15万,1067.42万,2749.94万
1558,603686,福龙马,18.74,1.35%,1.47%,6248.09万,5118.77万,1129.32万,1.14亿
1559,603377,ST东时,3.76,1.35%,0.69%,1084.22万,763.60万,320.62万,1849.41万
1560,603356,华菱精工,15.82,1.35%,2.55%,3035.22万,2348.06万,687.16万,5383.44万
1561,601211,国泰海通,17.28,1.35%,0.52%,7.05亿,5.08亿,1.97亿,12.13亿
1562,2876,三利谱,29.3,1.35%,3.98%,9013.59万,7991.43万,1022.16万,1.70亿
1563,2801,微光股份,32.2,1.35%,0.57%,1273.61万,841.41万,432.21万,2115.34万
1564,2559,亚威股份,10.52,1.35%,1.62%,4418.17万,4139.14万,279.03万,8557.52万
1565,2426,胜利精密,3.75,1.35%,2.03%,1.42亿,1.14亿,2791.39万,2.56亿
1566,2401,中远海科,15.06,1.35%,0.53%,1784.35万,1148.10万,636.25万,2932.75万
1567,530,冰山冷热,6.02,1.35%,1.29%,2866.70万,1756.64万,1110.06万,4623.39万
1568,301558,三态股份,8.29,1.34%,1.41%,1533.15万,1022.39万,510.76万,2555.63万
1569,300956,英力股份,15.11,1.34%,0.79%,1621.80万,871.46万,750.33万,2493.42万
1570,603007,*ST花王,6.83,1.34%,1.22%,2928.10万,2846.91万,81.19万,5781.77万
1571,603856,东宏股份,12.81,1.34%,0.46%,833.54万,821.01万,12.54万,1655.07万
1572,605100,华丰股份,45.42,1.34%,0.52%,2020.21万,1905.27万,114.94万,3925.93万
1573,601006,大秦铁路,5.3,1.34%,0.52%,4.19亿,1.30亿,2.89亿,5.48亿
1574,600578,京能电力,5.29,1.34%,0.24%,4913.71万,3723.15万,1190.56万,8639.51万
1575,600497,驰宏锌锗,8.32,1.34%,0.75%,1.69亿,1.44亿,2505.15万,3.13亿
1576,300712,永福股份,28.74,1.34%,0.72%,2468.39万,1356.08万,1112.32万,3825.05万
1577,2340,格林美,8.29,1.34%,1.75%,4.50亿,2.87亿,1.63亿,7.38亿
1578,2331,皖通科技,8.33,1.34%,0.63%,1165.33万,895.65万,269.68万,2061.06万
1579,301563,云汉芯城,162.12,1.33%,5.92%,7589.23万,6473.23万,1116.00万,1.41亿
1580,2021,中捷资源,3.04,1.33%,1.57%,3533.79万,2120.11万,1413.68万,5654.30万
1581,300815,玉禾田,21.26,1.33%,0.50%,2614.13万,1533.07万,1081.06万,4147.42万
1582,761,本钢板材,3.04,1.33%,0.16%,936.30万,898.66万,37.63万,1835.66万
1583,603035,常熟汽饰,14.45,1.33%,0.76%,2394.78万,1594.98万,799.80万,3994.52万
1584,603936,博敏电子,14.43,1.33%,2.90%,1.50亿,1.10亿,3977.57万,2.61亿
1585,300616,尚品宅配,12.22,1.33%,0.61%,669.61万,484.04万,185.56万,1153.77万
1586,2178,延华智能,6.11,1.33%,0.70%,1685.86万,1339.12万,346.74万,3025.03万
1587,626,远大控股,8.38,1.33%,2.41%,5736.44万,4467.48万,1268.96万,1.02亿
1588,524,岭南控股,10.74,1.32%,1.12%,4725.32万,3265.38万,1459.94万,7995.78万
1589,300010,豆神教育,6.16,1.32%,1.17%,7913.00万,4052.35万,3860.65万,1.20亿
1590,3003,天元股份,13.09,1.32%,1.38%,1234.05万,878.61万,355.44万,2113.05万
1591,301398,星源卓镁,48.44,1.32%,3.72%,3967.27万,2773.28万,1193.99万,6741.99万
1592,301036,双乐股份,28.48,1.32%,0.58%,604.33万,553.96万,50.37万,1158.57万
1593,688448,磁谷科技,61.6,1.32%,1.67%,3521.91万,3944.56万,-422.65万,7468.07万
1594,688359,三孚新科,93.01,1.32%,2.13%,1.16亿,7816.44万,3829.72万,1.95亿
1595,300272,开能健康,8.44,1.32%,3.32%,6965.87万,5957.42万,1008.45万,1.29亿
1596,601665,齐鲁银行,6.14,1.32%,0.73%,1.69亿,1.08亿,6124.80万,2.77亿
1597,688528,秦川物联,10.71,1.32%,0.42%,452.40万,295.89万,156.51万,748.51万
1598,688357,建龙微纳,35.98,1.32%,0.56%,1288.75万,709.17万,579.58万,1998.64万
1599,600267,海正药业,11.54,1.32%,6.89%,5.05亿,4.67亿,3822.36万,9.72亿
1600,600052,东望时代,3.83,1.32%,0.72%,1296.34万,1012.54万,283.80万,2308.96万
1601,2736,国信证券,12.26,1.32%,0.22%,1.54亿,1.10亿,4364.66万,2.64亿
1602,2522,浙江众成,6.15,1.32%,2.25%,6716.41万,5745.27万,971.14万,1.25亿
1603,2406,远东传动,7.7,1.32%,1.81%,4380.73万,3931.80万,448.93万,8313.15万
1604,2313,日海智能,8.43,1.32%,0.96%,1733.49万,1265.90万,467.58万,2999.47万
1605,2065,东华软件,8.46,1.32%,0.63%,9508.71万,5860.76万,3647.95万,1.54亿
1606,301512,智信精密,46.51,1.31%,1.17%,821.97万,509.15万,312.82万,1331.58万
1607,601061,中信金属,12.39,1.31%,0.17%,6148.53万,4185.35万,1963.17万,1.03亿
1608,688348,昱能科技,53.35,1.31%,0.74%,3403.60万,2778.49万,625.11万,6185.37万
1609,603176,汇通集团,5.42,1.31%,0.34%,510.42万,339.12万,171.30万,849.60万
1610,301129,瑞纳智能,26.31,1.31%,1.46%,1287.37万,1234.04万,53.33万,2524.56万
1611,301252,同星科技,38.54,1.31%,4.75%,4959.33万,3761.73万,1197.61万,8725.69万
1612,688778,厦钨新能,76.79,1.31%,0.99%,1.88亿,1.93亿,-589.20万,3.81亿
1613,2345,潮宏基,10.79,1.31%,1.17%,5640.27万,5328.94万,311.32万,1.10亿
1614,300692,中赋科技,8.5,1.31%,1.03%,2447.14万,1919.80万,527.34万,4367.02万
1615,300150,世纪瑞尔,5.43,1.31%,0.91%,1391.55万,859.62万,531.93万,2251.44万
1616,300059,东方财富,20.11,1.31%,1.13%,17.33亿,12.81亿,4.52亿,30.15亿
1617,2956,西麦食品,27.78,1.31%,0.50%,1597.51万,1461.32万,136.19万,3059.10万
1618,2845,同兴达,13.96,1.31%,1.03%,1842.20万,1734.51万,107.69万,3578.10万
1619,2832,比音勒芬,17.76,1.31%,1.57%,6560.40万,4283.65万,2276.75万,1.08亿
1620,2668,TCL智家,9.31,1.31%,0.55%,3612.72万,1929.22万,1683.50万,5542.13万
1621,2657,中科金财,22.51,1.31%,1.12%,5074.44万,3342.26万,1732.18万,8416.92万
1622,2557,洽洽食品,22.42,1.31%,0.68%,4586.49万,3140.65万,1445.84万,7727.36万
1623,2658,雪迪龙,8.51,1.31%,1.22%,2024.72万,1644.26万,380.46万,3672.22万
1624,2184,海得控制,11.63,1.31%,1.03%,1654.34万,1202.77万,451.57万,2859.44万
1625,2145,钛能化学,4.63,1.31%,0.62%,6522.69万,4193.79万,2328.90万,1.07亿
1626,2050,三花智控,45.7,1.31%,1.75%,15.23亿,14.49亿,7375.10万,29.72亿
1627,2039,黔源电力,20.81,1.31%,1.73%,8592.76万,6833.73万,1759.04万,1.54亿
1628,301613,新铝时代,47.44,1.30%,0.78%,1694.48万,1387.65万,306.83万,3082.60万
1629,603993,洛阳钼业,20.23,1.30%,0.76%,13.31亿,13.28亿,262.60万,26.59亿
1630,603779,威龙股份,6.23,1.30%,0.70%,739.79万,699.55万,40.25万,1439.40万
1631,600980,北矿科技,22.61,1.30%,0.67%,1729.97万,1112.64万,617.33万,2842.83万
1632,600776,东方通信,15.56,1.30%,0.93%,7997.82万,5694.45万,2303.37万,1.37亿
1633,300306,远方信息,12.46,1.30%,0.75%,817.09万,640.48万,176.60万,1458.44万
1634,300160,秀强股份,5.47,1.30%,0.60%,1484.62万,1018.44万,466.19万,2503.17万
1635,2386,天原股份,6.25,1.30%,1.92%,8254.45万,7319.35万,935.10万,1.56亿
1636,757,浩物股份,4.68,1.30%,0.73%,1128.90万,690.52万,438.38万,1819.51万
1637,301630,同宇新材,225.09,1.29%,10.62%,1.10亿,1.28亿,-1838.07万,2.38亿
1638,300437,清水源,15.73,1.29%,3.15%,4917.72万,3643.45万,1274.27万,8561.33万
1639,301000,肇民科技,29.94,1.29%,0.90%,3031.11万,3188.83万,-157.72万,6220.23万
1640,603719,良品铺子,10.19,1.29%,0.43%,1103.03万,657.34万,445.70万,1764.14万
1641,603239,浙江仙通,24.34,1.29%,0.94%,2856.89万,3303.90万,-447.02万,6161.77万
1642,600699,均胜电子,25.88,1.29%,1.52%,2.53亿,2.84亿,-3027.88万,5.37亿
1643,600611,大众交通,4.71,1.29%,0.68%,3053.22万,1950.06万,1103.16万,5003.33万
1644,300505,川金诺,27.41,1.29%,4.40%,1.39亿,1.22亿,1697.38万,2.61亿
1645,300007,汉威科技,44.03,1.29%,1.75%,1.10亿,1.09亿,136.79万,2.19亿
1646,301581,黄山谷捷,46.07,1.28%,0.43%,680.44万,280.68万,399.76万,962.05万
1647,603729,龙韵股份,16.63,1.28%,1.13%,1037.96万,695.39万,342.57万,1733.86万
1648,603595,ST东尼,16.65,1.28%,0.58%,1213.94万,1000.73万,213.20万,2240.64万
1649,603236,移远通信,77.72,1.28%,1.04%,1.21亿,8869.94万,3241.01万,2.10亿
1650,601933,永辉超市,3.96,1.28%,0.66%,1.18亿,1.18亿,-31.07万,2.36亿
1651,300590,移为通信,11.83,1.28%,0.54%,1226.41万,999.17万,227.24万,2225.93万
1652,300532,今天国际,11.85,1.28%,0.80%,2378.53万,1716.10万,662.42万,4094.99万
1653,300466,赛摩智能,8.73,1.28%,0.55%,1302.59万,833.88万,468.72万,2137.25万
1654,300430,诚益通,18.21,1.28%,1.06%,3045.79万,1940.40万,1105.39万,4986.56万
1655,300158,振东制药,6.33,1.28%,3.55%,1.15亿,1.07亿,796.63万,2.22亿
1656,2915,中欣氟材,21.29,1.28%,0.86%,2766.89万,2492.31万,274.59万,5259.41万
1657,2343,慈文传媒,6.35,1.28%,1.41%,2410.48万,1799.91万,610.57万,4212.54万
1658,1306,夏厦精密,66.96,1.27%,1.84%,1080.92万,819.75万,261.17万,1901.33万
1659,301325,曼恩斯特,45.32,1.27%,1.90%,2451.66万,2538.55万,-86.89万,4990.67万
1660,2095,生意宝,16.75,1.27%,0.48%,1276.80万,721.71万,555.09万,2004.71万
1661,301051,信濠光电,22.41,1.27%,0.92%,1919.37万,1388.16万,531.21万,3308.20万
1662,688318,财富趋势,114.63,1.27%,0.79%,1.35亿,9584.13万,3897.05万,2.31亿
1663,300898,熊猫乳品,23.95,1.27%,3.96%,5229.26万,5541.25万,-311.99万,1.08亿
1664,603726,朗迪集团,23.85,1.27%,0.62%,1627.56万,1086.25万,541.30万,2714.04万
1665,600650,锦江在线,12.78,1.27%,0.60%,1983.88万,987.91万,995.97万,2971.91万
1666,300763,锦浪科技,93.4,1.27%,3.47%,5.54亿,4.84亿,6981.26万,10.38亿
1667,688380,中微半导,46.64,1.26%,1.02%,9868.24万,9118.45万,749.79万,1.90亿
1668,300933,中辰股份,8.05,1.26%,1.46%,2976.34万,3356.18万,-379.84万,6332.60万
1669,300884,狄耐克,13.61,1.26%,1.05%,1424.92万,1287.89万,137.03万,2713.35万
1670,600448,华纺股份,3.22,1.26%,1.36%,1464.39万,1276.82万,187.57万,2742.17万
1671,603515,欧普照明,20.02,1.26%,0.19%,1626.96万,1180.00万,446.96万,2808.16万
1672,300525,博思软件,10.46,1.26%,1.05%,4224.96万,2560.25万,1664.71万,6795.67万
1673,607,华媒控股,4.02,1.26%,0.81%,1790.07万,1094.42万,695.65万,2884.53万
1674,565,渝三峡A,7.22,1.26%,0.75%,1216.72万,1114.64万,102.08万,2332.08万
1675,603271,永杰新材,49.36,1.25%,4.59%,1.01亿,1.15亿,-1413.41万,2.16亿
1676,688035,德邦科技,63.4,1.25%,1.57%,6336.15万,7783.18万,-1447.03万,1.41亿
1677,301019,宁波色母,21.07,1.25%,0.41%,544.05万,346.60万,197.45万,890.86万
1678,605050,福然德,12.91,1.25%,0.96%,3724.40万,2308.14万,1416.26万,6032.80万
1679,603408,建霖家居,12.13,1.25%,0.18%,609.74万,365.96万,243.78万,975.82万
1680,300346,南大光电,47.92,1.25%,2.02%,3.48亿,2.82亿,6567.89万,6.30亿
1681,300002,神州泰岳,9.69,1.25%,1.03%,1.14亿,6879.03万,4552.82万,1.83亿
1682,2581,ST未名,7.27,1.25%,0.70%,1287.76万,737.01万,550.75万,2025.42万
1683,2324,普利特,15.44,1.25%,1.15%,7424.14万,6308.07万,1116.07万,1.37亿
1684,2153,石基信息,9.69,1.25%,0.54%,4687.73万,3689.40万,998.33万,8377.24万
1685,603116,红蜻蜓,5.65,1.25%,0.48%,889.34万,677.84万,211.50万,1567.23万
1686,158,常山北明,17.78,1.25%,1.02%,1.67亿,1.19亿,4782.50万,2.86亿
1687,688203,海正生材,12.25,1.24%,0.49%,629.03万,585.21万,43.82万,1214.36万
1688,688261,东微半导,74.2,1.24%,1.36%,6888.10万,5380.87万,1507.23万,1.23亿
1689,300488,恒锋工具,28.61,1.24%,0.77%,2047.14万,1525.54万,521.60万,3573.25万
1690,300871,回盛生物,27.8,1.24%,7.40%,2.19亿,1.95亿,2379.99万,4.15亿
1691,603633,徕木股份,8.16,1.24%,3.55%,6458.05万,5667.56万,790.49万,1.21亿
1692,603321,梅轮电梯,7.33,1.24%,0.42%,672.73万,388.07万,284.65万,1060.94万
1693,603156,养元饮品,31.75,1.24%,0.23%,5060.92万,4146.85万,914.07万,9208.09万
1694,600386,北巴传媒,4.08,1.24%,0.78%,1369.88万,1193.29万,176.59万,2563.21万
1695,300747,锐科激光,32.75,1.24%,1.88%,1.58亿,1.53亿,501.56万,3.10亿
1696,300700,岱勒新材,15.51,1.24%,1.99%,4478.46万,3874.21万,604.25万,8352.83万
1697,300425,中建环能,4.9,1.24%,0.59%,1129.73万,806.04万,323.69万,1937.25万
1698,300136,信维通信,69.35,1.24%,6.12%,17.88亿,16.94亿,9392.80万,34.82亿
1699,300012,华测检测,15.57,1.24%,0.64%,8720.98万,5425.90万,3295.08万,1.41亿
1700,2819,东方中科,26.86,1.24%,0.98%,3032.10万,3143.55万,-111.45万,6176.46万
1701,2722,物产金轮,14.74,1.24%,0.48%,852.25万,726.67万,125.58万,1579.07万
1702,2587,奥拓电子,6.53,1.24%,1.48%,2768.34万,2308.79万,459.55万,5077.26万
1703,2571,德力股份,12.25,1.24%,1.48%,3544.01万,1831.54万,1712.47万,5375.67万
1704,2516,旷达科技,5.73,1.24%,0.34%,1380.00万,1483.42万,-103.42万,2863.87万
1705,2103,广博股份,8.19,1.24%,0.82%,1624.65万,883.85万,740.80万,2508.66万
1706,2049,紫光国微,71.05,1.24%,0.88%,2.82亿,2.47亿,3481.60万,5.29亿
1707,301348,蓝箭电子,24.65,1.23%,2.04%,4468.17万,3271.97万,1196.20万,7740.39万
1708,603219,富佳股份,16.5,1.23%,0.28%,1351.23万,1240.78万,110.44万,2592.18万
1709,300923,研奥股份,27.18,1.23%,0.60%,686.62万,540.46万,146.16万,1227.35万
1710,603725,天安新材,9.03,1.23%,1.43%,1850.42万,1817.83万,32.58万,3668.34万
1711,603078,江化微,23.0,1.23%,0.97%,4132.18万,4456.62万,-324.44万,8592.48万
1712,300457,赢合科技,27.95,1.23%,1.40%,1.26亿,1.22亿,458.92万,2.48亿
1713,300872,天阳科技,16.48,1.23%,0.83%,2894.92万,2817.92万,77.00万,5713.01万
1714,2312,川发龙蟒,11.49,1.23%,0.82%,1.05亿,7256.06万,3251.01万,1.78亿
1715,850,华茂股份,4.95,1.23%,0.50%,1248.75万,1070.51万,178.24万,2319.60万
1716,688695,中创股份,24.14,1.22%,1.15%,942.41万,520.22万,422.20万,1463.41万
1717,2686,亿利达,7.46,1.22%,4.95%,1.05亿,8838.63万,1657.96万,1.93亿
1718,688599,天合光能,16.56,1.22%,0.71%,1.60亿,1.16亿,4409.80万,2.75亿
1719,300892,品渥食品,28.14,1.22%,1.90%,1862.80万,1571.29万,291.51万,3437.74万
1720,603359,东珠生态,5.81,1.22%,0.71%,1214.47万,618.71万,595.76万,1833.24万
1721,603039,泛微网络,43.93,1.22%,1.43%,9573.70万,6537.64万,3036.06万,1.61亿
1722,600667,太极实业,9.97,1.22%,3.64%,3.99亿,3.53亿,4558.48万,7.52亿
1723,600522,中天科技,28.14,1.22%,2.32%,11.97亿,10.12亿,1.85亿,22.09亿
1724,300740,水羊股份,21.52,1.22%,0.85%,3937.87万,2669.57万,1268.31万,6609.58万
1725,300459,汤姆猫,4.16,1.22%,1.12%,9291.11万,5997.29万,3293.82万,1.53亿
1726,2777,久远银海,16.62,1.22%,0.69%,2709.26万,1877.54万,831.72万,4586.97万
1727,2662,峰璟股份,4.14,1.22%,0.86%,2680.07万,2660.42万,19.65万,5341.04万
1728,2137,实益达,8.31,1.22%,1.02%,1857.47万,1479.01万,378.46万,3338.40万
1729,2115,三维通信,12.41,1.22%,2.24%,1.10亿,9807.57万,1190.54万,2.08亿
1730,301255,通力科技,29.26,1.21%,10.22%,5539.00万,5901.52万,-362.51万,1.15亿
1731,2212,天融信,7.55,1.21%,0.93%,4419.63万,3721.65万,697.98万,8141.57万
1732,1298,好上好,30.17,1.21%,1.58%,4481.37万,3316.86万,1164.51万,7798.83万
1733,301315,威士顿,51.12,1.21%,1.54%,1612.57万,1278.26万,334.31万,2891.34万
1734,2747,埃斯顿,20.97,1.21%,0.69%,5585.52万,5642.08万,-56.55万,1.12亿
1735,688028,沃尔德,99.02,1.21%,2.99%,2.10亿,2.28亿,-1706.70万,4.38亿
1736,603713,密尔克卫,60.84,1.21%,0.40%,2203.82万,1655.35万,548.46万,3859.78万
1737,603900,莱绅通灵,7.55,1.21%,0.82%,1316.65万,776.62万,540.03万,2093.58万
1738,601163,三角轮胎,14.24,1.21%,0.38%,2461.22万,1929.89万,531.33万,4391.68万
1739,601118,海南橡胶,6.67,1.21%,0.34%,5624.16万,3933.32万,1690.84万,9557.69万
1740,300588,熙菱信息,25.16,1.21%,0.71%,1625.27万,1531.33万,93.94万,3158.86万
1741,300523,辰安科技,21.66,1.21%,0.28%,826.32万,592.98万,233.34万,1420.16万
1742,300292,吴通控股,5.02,1.21%,1.77%,5344.69万,4488.61万,856.08万,9833.59万
1743,300283,温州宏丰,9.23,1.21%,5.31%,9060.01万,9247.09万,-187.09万,1.83亿
1744,300271,华宇软件,6.7,1.21%,0.72%,2426.60万,1386.98万,1039.62万,3813.64万
1745,300011,鼎汉技术,7.5,1.21%,0.60%,1323.09万,946.73万,376.36万,2273.57万
1746,2856,美芝股份,11.68,1.21%,2.15%,1753.44万,1326.56万,426.88万,3080.23万
1747,2855,捷荣技术,11.7,1.21%,0.63%,954.86万,829.01万,125.85万,1784.34万
1748,2717,ST岭南,1.67,1.21%,1.96%,3049.50万,2207.58万,841.92万,5257.12万
1749,688584,上海合晶,20.18,1.20%,0.50%,1735.33万,1684.29万,51.04万,3420.08万
1750,301227,森鹰窗业,32.93,1.20%,1.13%,1229.34万,766.08万,463.26万,1996.08万
1751,301113,雅艺科技,25.21,1.20%,1.02%,759.94万,646.37万,113.57万,1406.56万
1752,300083,创世纪,7.62,1.20%,0.64%,4344.58万,2924.48万,1420.11万,7269.20万
1753,600512,腾达建设,2.53,1.20%,1.89%,4311.73万,3220.93万,1090.81万,7533.16万
1754,603155,新亚强,16.08,1.20%,0.44%,1364.52万,880.84万,483.67万,2245.52万
1755,300894,火星人,10.1,1.20%,0.47%,848.68万,522.03万,326.65万,1371.72万
1756,300650,太龙股份,16.02,1.20%,2.65%,3768.67万,3394.79万,373.88万,7163.62万
1757,603866,桃李面包,5.05,1.20%,0.44%,2607.51万,913.83万,1693.68万,3523.57万
1758,603666,亿嘉和,26.2,1.20%,0.71%,2351.32万,1482.72万,868.60万,3835.35万
1759,600188,兖矿能源,19.42,1.20%,0.47%,2.80亿,2.56亿,2406.38万,5.35亿
1760,300724,捷佳伟创,111.51,1.20%,2.76%,4.68亿,4.12亿,5566.99万,8.80亿
1761,300566,激智科技,18.57,1.20%,1.05%,2469.52万,1940.58万,528.94万,4410.29万
1762,300370,安控科技,2.53,1.20%,0.51%,919.64万,1061.53万,-141.90万,1981.32万
1763,300121,阳谷华泰,12.61,1.20%,1.01%,3009.75万,2402.09万,607.66万,5411.97万
1764,2495,佳隆股份,2.54,1.20%,1.77%,1791.29万,1327.04万,464.26万,3118.56万
1765,2474,榕基软件,7.59,1.20%,1.12%,2591.18万,1908.57万,682.61万,4499.81万
1766,2329,皇氏集团,4.22,1.20%,3.74%,5497.32万,4680.47万,816.86万,1.02亿
1767,2284,亚太股份,14.35,1.20%,1.20%,5653.36万,6899.34万,-1245.98万,1.26亿
1768,2097,山河智能,10.14,1.20%,0.70%,4791.65万,2813.32万,1978.33万,7605.27万
1769,1965,招商公路,9.26,1.20%,0.14%,4381.51万,4177.87万,203.63万,8560.59万
1770,600301,华锡有色,50.35,1.19%,2.42%,1.72亿,1.58亿,1401.26万,3.29亿
1771,301413,安培龙,123.15,1.19%,5.63%,1.95亿,2.18亿,-2290.19万,4.13亿
1772,600927,永安期货,14.46,1.19%,0.29%,3555.53万,2503.84万,1051.68万,6061.25万
1773,605167,利柏特,17.89,1.19%,1.48%,5635.70万,6170.79万,-535.09万,1.18亿
1774,300281,金明精机,6.79,1.19%,0.77%,1132.61万,938.43万,194.18万,2071.11万
1775,300902,国安达,17.82,1.19%,1.06%,1210.22万,1055.91万,154.30万,2266.66万
1776,605378,野马电池,20.47,1.19%,0.53%,1675.60万,1153.37万,522.24万,2829.18万
1777,603960,克来机电,24.61,1.19%,3.17%,9568.20万,1.09亿,-1335.22万,2.05亿
1778,605138,盛泰集团,6.82,1.19%,0.25%,570.50万,373.03万,197.47万,943.74万
1779,600189,泉阳泉,7.66,1.19%,0.80%,2453.39万,1915.49万,537.90万,4369.10万
1780,300701,森霸传感,11.9,1.19%,0.82%,1518.76万,884.31万,634.45万,2404.26万
1781,300475,香农芯创,155.77,1.19%,4.83%,17.37亿,15.66亿,1.71亿,33.02亿
1782,300403,汉宇集团,11.94,1.19%,0.98%,2232.37万,2784.42万,-552.05万,5017.75万
1783,300134,大富科技,11.01,1.19%,1.74%,6541.14万,6954.13万,-413.00万,1.35亿
1784,2942,新农股份,19.48,1.19%,0.92%,1208.47万,1225.43万,-16.96万,2434.09万
1785,2160,常铝股份,5.1,1.19%,1.44%,3956.56万,3625.92万,330.64万,7582.68万
1786,3033,征和工业,60.22,1.19%,1.26%,3544.37万,2588.34万,956.02万,6135.12万
1787,2077,大港股份,16.09,1.19%,1.51%,7219.14万,6831.91万,387.23万,1.41亿
1788,932,华菱钢铁,5.09,1.19%,0.65%,1.45亿,8356.26万,6096.18万,2.28亿
1789,629,钒钛股份,3.4,1.19%,0.56%,1.06亿,7061.26万,3556.56万,1.77亿
1790,35,中国天楹,6.82,1.19%,1.35%,1.15亿,9660.84万,1858.32万,2.12亿
1791,2760,凤形股份,21.38,1.18%,1.18%,1450.02万,1246.37万,203.65万,2697.25万
1792,2420,毅昌科技,7.73,1.18%,1.02%,1562.68万,1558.08万,4.60万,3120.83万
1793,688110,东芯股份,119.59,1.18%,1.63%,4.38亿,4.19亿,1874.42万,8.58亿
1794,600861,北京人力,16.25,1.18%,0.48%,1896.07万,943.01万,953.06万,2839.24万
1795,688092,爱科科技,29.04,1.18%,0.64%,858.82万,677.04万,181.78万,1536.78万
1796,300275,梅安森,11.13,1.18%,0.54%,954.65万,654.92万,299.73万,1610.91万
1797,688798,艾为电子,67.99,1.18%,0.95%,4391.08万,4319.39万,71.69万,8711.83万
1798,688015,交控科技,23.07,1.18%,0.42%,695.50万,1111.78万,-416.28万,1807.81万
1799,300032,金龙机电,5.99,1.18%,3.14%,7739.54万,7073.42万,666.12万,1.48亿
1800,2890,弘宇股份,16.36,1.18%,0.37%,639.64万,334.03万,305.61万,973.83万
1801,2457,青龙管业,11.14,1.18%,2.57%,5268.75万,4194.05万,1074.70万,9462.91万
1802,2232,启明信息,17.95,1.18%,0.54%,2267.79万,1665.49万,602.30万,3934.36万
1803,2148,北纬科技,7.74,1.18%,1.15%,2278.77万,1694.98万,583.79万,3975.30万
1804,301320,豪江智能,17.29,1.17%,1.06%,704.57万,536.76万,167.81万,1241.84万
1805,300995,奇德新材,36.31,1.17%,1.13%,1156.33万,1284.87万,-128.54万,2442.66万
1806,605016,百龙创园,26.7,1.17%,0.79%,3951.36万,4965.30万,-1013.94万,8916.93万
1807,300130,新国都,23.34,1.17%,0.91%,5255.11万,3958.37万,1296.74万,9215.11万
1808,603022,新通联,10.42,1.17%,1.31%,1598.30万,1117.00万,481.30万,2715.40万
1809,600360,*ST华微,9.5,1.17%,0.81%,3568.85万,3819.24万,-250.39万,7389.04万
1810,300348,长亮科技,13.78,1.17%,1.45%,7678.39万,6359.94万,1318.45万,1.40亿
1811,300304,云意电气,12.98,1.17%,0.72%,3740.82万,4212.99万,-472.17万,7954.85万
1812,2895,川恒股份,38.1,1.17%,0.67%,8407.99万,6692.00万,1715.99万,1.51亿
1813,2772,众兴菌业,18.14,1.17%,2.45%,9887.88万,6521.13万,3366.75万,1.64亿
1814,2258,利尔化学,14.72,1.17%,0.65%,4206.43万,3400.40万,806.03万,7607.12万
1815,301488,豪恩汽电,134.8,1.16%,2.44%,4138.45万,3571.21万,567.24万,7713.71万
1816,688372,伟测科技,156.42,1.16%,2.03%,2.80亿,2.50亿,3076.90万,5.30亿
1817,2981,朝阳科技,24.47,1.16%,0.83%,1200.01万,1210.11万,-10.10万,2410.36万
1818,301237,和顺科技,59.26,1.16%,0.91%,1741.14万,1381.09万,360.06万,3122.82万
1819,301131,聚赛龙,41.86,1.16%,0.95%,876.92万,665.34万,211.58万,1542.67万
1820,301063,海锅股份,24.47,1.16%,0.99%,1356.40万,971.59万,384.81万,2328.24万
1821,601609,金田股份,10.45,1.16%,0.74%,8088.89万,5339.14万,2749.75万,1.34亿
1822,603786,科博达,56.84,1.16%,0.45%,5412.65万,5015.31万,397.33万,1.04亿
1823,2999,天禾股份,6.95,1.16%,1.11%,1479.17万,1162.72万,316.45万,2642.39万
1824,300837,浙矿股份,36.64,1.16%,1.06%,1750.54万,1138.79万,611.75万,2890.07万
1825,600106,重庆路桥,6.13,1.16%,0.57%,2570.69万,2013.32万,557.36万,4592.22万
1826,300711,广哈通信,25.28,1.16%,1.05%,3580.50万,2973.18万,607.32万,6553.93万
1827,300554,三超新材,22.66,1.16%,1.32%,1375.40万,977.62万,397.79万,2353.47万
1828,301203,国泰环保,41.48,1.15%,0.87%,1016.06万,547.16万,468.90万,1564.46万
1829,301276,嘉曼服饰,24.68,1.15%,0.94%,1114.00万,548.47万,565.53万,1662.96万
1830,301133,金钟股份,44.0,1.15%,1.04%,3009.92万,2014.16万,995.76万,5024.53万
1831,300822,贝仕达克,14.11,1.15%,0.21%,486.46万,363.73万,122.73万,850.47万
1832,603282,亚光股份,21.08,1.15%,0.79%,1064.27万,1160.75万,-96.48万,2225.22万
1833,688395,正弦电气,26.39,1.15%,0.42%,576.77万,368.78万,207.99万,946.12万
1834,2181,粤传媒,13.19,1.15%,6.33%,5.04亿,4.55亿,4867.86万,9.60亿
1835,300681,英搏尔,27.26,1.15%,6.47%,1.98亿,2.08亿,-1004.87万,4.06亿
1836,300606,金太阳,37.95,1.15%,5.07%,1.15亿,1.09亿,587.56万,2.24亿
1837,300591,万里马,7.02,1.15%,1.07%,1693.97万,925.94万,768.03万,2619.98万
1838,300576,容大感光,35.15,1.15%,0.95%,4362.04万,3382.71万,979.33万,7746.16万
1839,300412,迦南科技,5.27,1.15%,1.14%,1659.99万,1116.25万,543.74万,2776.39万
1840,300081,ST恒信,3.51,1.15%,3.58%,4306.58万,3234.01万,1072.57万,7543.15万
1841,2897,意华股份,67.06,1.15%,3.56%,2.22亿,2.10亿,1179.09万,4.32亿
1842,2679,福建金森,10.55,1.15%,0.91%,1287.95万,966.45万,321.50万,2255.56万
1843,736,*ST中地,5.29,1.15%,0.53%,1112.09万,957.95万,154.14万,2070.36万
1844,688657,浩辰软件,48.65,1.14%,0.90%,1088.14万,708.32万,379.83万,1797.10万
1845,603373,安邦护卫,40.9,1.14%,1.40%,1701.69万,888.95万,812.74万,2591.05万
1846,600586,金晶科技,5.33,1.14%,1.30%,6451.78万,3322.84万,3128.94万,9775.81万
1847,2514,宝馨科技,4.42,1.14%,1.47%,1740.33万,1862.50万,-122.17万,3602.87万
1848,2093,国脉科技,9.77,1.14%,0.51%,3184.24万,1824.23万,1360.01万,5008.67万
1849,1369,双欣材料,16.06,1.13%,7.07%,1.17亿,1.11亿,659.32万,2.28亿
1850,600265,ST景谷,20.65,1.13%,0.17%,302.29万,157.10万,145.19万,459.60万
1851,301617,博苑股份,57.46,1.13%,1.62%,2776.15万,2137.20万,638.95万,4915.06万
1852,1287,中电港,27.7,1.13%,2.14%,2.24亿,2.24亿,-16.24万,4.47亿
1853,301368,丰立智能,53.74,1.13%,2.67%,3616.62万,5683.99万,-2067.37万,9302.74万
1854,300311,ST任子行,5.35,1.13%,0.85%,1399.18万,1017.03万,382.15万,2417.17万
1855,600661,昂立教育,9.87,1.13%,0.62%,999.21万,749.53万,249.68万,1749.43万
1856,300793,佳禾智能,14.36,1.13%,0.53%,1525.90万,1279.46万,246.44万,2805.65万
1857,603379,三美股份,62.39,1.13%,0.39%,7482.16万,7212.05万,270.11万,1.47亿
1858,603277,银都股份,14.3,1.13%,0.09%,525.85万,285.53万,240.32万,811.80万
1859,600577,精达股份,12.48,1.13%,1.10%,1.77亿,1.16亿,6089.67万,2.94亿
1860,600227,赤天化,3.57,1.13%,4.46%,1.16亿,8595.36万,3038.68万,2.02亿
1861,300668,杰恩设计,57.17,1.13%,4.57%,1.33亿,1.24亿,826.14万,2.57亿
1862,300660,江苏雷利,43.69,1.13%,0.63%,5711.12万,6568.37万,-857.25万,1.23亿
1863,300628,亿联网络,35.69,1.13%,0.49%,7412.22万,5192.27万,2219.95万,1.26亿
1864,300371,汇中股份,12.54,1.13%,0.69%,632.43万,550.82万,81.61万,1183.38万
1865,2601,龙佰集团,17.83,1.13%,0.67%,1.29亿,1.07亿,2183.07万,2.36亿
1866,2481,双塔食品,4.49,1.13%,0.45%,1427.52万,830.08万,597.44万,2257.64万
1867,404,长虹华意,7.13,1.13%,0.58%,1611.65万,1240.29万,371.36万,2852.01万
1868,1332,锡装股份,54.07,1.12%,1.51%,2085.77万,1785.08万,300.69万,3871.39万
1869,1317,三羊马,48.65,1.12%,0.90%,2250.83万,1456.51万,794.32万,3708.31万
1870,300929,华骐环保,12.65,1.12%,1.02%,999.75万,617.87万,381.89万,1618.12万
1871,688669,聚石化学,26.26,1.12%,1.10%,2035.68万,1444.37万,591.32万,3482.83万
1872,688132,邦彦技术,17.09,1.12%,0.43%,566.44万,547.94万,18.51万,1114.84万
1873,2295,精艺股份,10.86,1.12%,0.68%,1146.32万,677.13万,469.18万,1823.56万
1874,600526,菲达环保,5.4,1.12%,0.40%,1110.60万,752.33万,358.28万,1862.98万
1875,603042,华脉科技,21.69,1.12%,5.41%,9772.28万,8926.15万,846.13万,1.87亿
1876,601127,赛力斯,89.31,1.12%,0.69%,5.43亿,4.14亿,1.29亿,9.58亿
1877,300707,威唐工业,16.24,1.12%,1.75%,2139.90万,1990.05万,149.85万,4130.61万
1878,2799,环球印务,8.14,1.12%,0.77%,1151.01万,835.67万,315.34万,1986.84万
1879,2774,快意电梯,10.84,1.12%,0.66%,1032.12万,962.38万,69.73万,1995.80万
1880,12,南玻A,4.54,1.11%,0.44%,2539.66万,1401.79万,1137.87万,3941.54万
1881,37,深南电A,10.0,1.11%,5.42%,1.01亿,8112.15万,1971.06万,1.82亿
1882,688056,莱伯泰科,35.38,1.11%,0.47%,603.68万,495.94万,107.73万,1100.33万
1883,301038,深水规院,20.87,1.11%,0.47%,1235.60万,941.73万,293.87万,2178.79万
1884,2206,海利得,6.36,1.11%,0.80%,1955.49万,2354.19万,-398.70万,4311.14万
1885,301077,星华新材,27.4,1.11%,0.92%,1271.93万,1134.50万,137.43万,2406.99万
1886,688350,富淼科技,28.35,1.11%,0.93%,2111.98万,1661.01万,450.97万,3775.83万
1887,3016,欣贺股份,8.22,1.11%,0.57%,828.53万,1072.31万,-243.78万,1900.93万
1888,603117,万林物流,4.55,1.11%,0.98%,1452.03万,1201.96万,250.07万,2654.12万
1889,300670,大烨智能,6.39,1.11%,2.24%,1756.25万,1427.84万,328.40万,3184.54万
1890,300422,博世科,4.57,1.11%,0.86%,1196.21万,788.73万,407.47万,1984.98万
1891,300368,汇金股份,10.9,1.11%,1.54%,4973.05万,3861.56万,1111.49万,8835.16万
1892,2908,德生科技,9.08,1.11%,0.76%,1266.18万,945.09万,321.10万,2211.54万
1893,2714,牧原股份,46.56,1.11%,0.60%,5.46亿,5.03亿,4252.30万,10.49亿
1894,2517,恺英网络,18.26,1.11%,1.97%,3.67亿,3.06亿,6079.37万,6.74亿
1895,2387,维信诺,8.22,1.11%,0.47%,3039.95万,2345.82万,694.12万,5387.91万
1896,923,河钢资源,19.16,1.11%,0.67%,4605.09万,3383.70万,1221.39万,7990.52万
1897,610,西安旅游,9.09,1.11%,7.55%,8527.92万,7471.37万,1056.55万,1.60亿
1898,415,渤海租赁,4.55,1.11%,0.71%,8781.11万,8689.47万,91.64万,1.75亿
1899,537,绿发电力,10.08,1.10%,1.09%,1.35亿,9085.65万,4385.46万,2.26亿
1900,1226,拓山重工,44.03,1.10%,0.67%,703.85万,284.94万,418.91万,990.99万
1901,688130,晶华微,21.18,1.10%,0.84%,620.71万,440.70万,180.00万,1062.34万
1902,300092,科新机电,16.47,1.10%,1.02%,1734.28万,1762.02万,-27.74万,3496.79万
1903,688625,呈和科技,68.98,1.10%,1.29%,9743.74万,7064.65万,2679.09万,1.68亿
1904,2291,遥望科技,6.45,1.10%,1.36%,4325.02万,3252.03万,1073.00万,7581.04万
1905,300951,博硕科技,37.84,1.10%,0.76%,2277.53万,2042.32万,235.21万,4320.23万
1906,688005,容百科技,31.14,1.10%,2.52%,2.63亿,3.02亿,-3898.23万,5.65亿
1907,600732,爱旭股份,15.68,1.10%,0.97%,1.77亿,1.41亿,3663.49万,3.18亿
1908,605259,绿田机械,21.23,1.10%,0.64%,1290.29万,1036.98万,253.31万,2327.69万
1909,300631,久吾高科,27.53,1.10%,1.36%,2867.33万,1634.02万,1233.31万,4510.98万
1910,300419,ST浩丰,7.37,1.10%,0.67%,1189.33万,626.93万,562.41万,1816.99万
1911,300413,芒果超媒,21.19,1.10%,0.71%,8691.79万,6689.96万,2001.83万,1.54亿
1912,300373,扬杰科技,77.38,1.10%,0.83%,1.69亿,1.79亿,-1014.17万,3.48亿
1913,300207,欣旺达,29.42,1.10%,5.84%,16.05亿,13.60亿,2.46亿,29.65亿
1914,300041,回天新材,11.03,1.10%,1.15%,4349.12万,2525.68万,1823.43万,6874.90万
1915,300035,中科电气,22.99,1.10%,4.59%,3.02亿,3.16亿,-1423.64万,6.19亿
1916,2691,冀凯股份,7.36,1.10%,0.46%,655.79万,481.38万,174.41万,1137.23万
1917,2520,日发精机,5.52,1.10%,1.35%,3058.13万,2251.86万,806.27万,5310.31万
1918,2161,远望谷,7.32,1.10%,1.17%,2936.36万,3061.45万,-125.10万,5997.88万
1919,2117,东港股份,10.15,1.10%,1.35%,3816.63万,3370.39万,446.24万,7187.13万
1920,600671,天目药业,19.49,1.09%,1.10%,1478.16万,1109.51万,368.65万,2587.87万
1921,301112,信邦智能,33.46,1.09%,0.43%,872.19万,689.88万,182.31万,1563.75万
1922,300886,华业香料,27.73,1.09%,1.78%,1120.74万,1019.85万,100.89万,2140.87万
1923,603638,艾迪精密,20.45,1.09%,0.38%,3673.76万,2710.16万,963.60万,6385.14万
1924,603029,天鹅股份,18.5,1.09%,0.70%,838.46万,721.88万,116.58万,1560.53万
1925,601369,陕鼓动力,10.22,1.09%,0.29%,2934.49万,2112.76万,821.73万,5047.45万
1926,601198,东兴证券,13.01,1.09%,0.28%,6012.86万,5808.22万,204.65万,1.18亿
1927,601003,柳钢股份,4.62,1.09%,0.37%,2289.34万,2027.05万,262.28万,4317.55万
1928,600198,大唐电信,8.37,1.09%,0.42%,2513.02万,2000.17万,512.85万,4513.28万
1929,300066,三川智慧,6.5,1.09%,0.94%,3200.03万,2887.38万,312.65万,6089.95万
1930,2807,江阴银行,4.64,1.09%,0.95%,6695.01万,4100.20万,2594.81万,1.08亿
1931,915,华特达因,31.59,1.09%,0.78%,3991.62万,1749.10万,2242.52万,5741.04万
1932,688060,云涌科技,45.83,1.08%,0.23%,390.56万,229.64万,160.92万,621.12万
1933,301311,昆船智能,16.89,1.08%,0.37%,699.20万,765.21万,-66.01万,1479.78万
1934,301192,泰祥股份,26.15,1.08%,1.32%,1034.13万,608.37万,425.76万,1642.76万
1935,301059,金三江,14.0,1.08%,0.51%,853.86万,600.00万,253.86万,1453.99万
1936,300960,通业科技,24.25,1.08%,0.73%,1209.35万,1083.47万,125.87万,2293.06万
1937,605006,山东玻纤,10.25,1.08%,4.54%,1.33亿,1.44亿,-1094.94万,2.78亿
1938,2820,桂发祥,10.3,1.08%,1.38%,1562.65万,1275.83万,286.82万,2840.23万
1939,603937,丽岛新材,14.06,1.08%,1.57%,2578.49万,1997.98万,580.51万,4579.14万
1940,600728,佳都科技,5.64,1.08%,0.81%,4464.42万,5268.90万,-804.49万,9734.44万
1941,600309,万华化学,90.04,1.08%,0.55%,7.95亿,7.51亿,4351.40万,15.46亿
1942,300678,中科信息,28.96,1.08%,0.86%,4552.37万,2709.76万,1842.61万,7262.41万
1943,2141,贤丰控股,3.76,1.08%,0.84%,1554.15万,1632.85万,-78.69万,3187.11万
1944,970,中科三环,12.18,1.08%,0.69%,5145.72万,4971.09万,174.63万,1.01亿
1945,899,赣能股份,13.15,1.08%,1.09%,6908.45万,6962.54万,-54.09万,1.39亿
1946,1286,陕西能源,11.32,1.07%,0.60%,5190.96万,3966.28万,1224.68万,9157.35万
1947,1215,千味央厨,38.69,1.07%,2.16%,3327.37万,4745.33万,-1417.96万,8075.01万
1948,603190,亚通精工,25.51,1.07%,1.43%,854.71万,629.94万,224.77万,1485.16万
1949,301458,钧崴电子,35.01,1.07%,1.85%,4394.02万,3199.04万,1194.98万,7596.91万
1950,301459,丰茂股份,38.69,1.07%,1.52%,914.89万,608.35万,306.54万,1523.63万
1951,300530,领湃科技,24.55,1.07%,0.61%,1533.81万,1030.19万,503.61万,2564.49万
1952,301256,华融化学,13.19,1.07%,0.70%,2382.89万,2031.60万,351.29万,4420.43万
1953,301199,迈赫股份,22.7,1.07%,0.96%,791.91万,756.64万,35.27万,1549.24万
1954,2215,诺普信,10.41,1.07%,0.48%,2183.25万,1808.67万,374.58万,3992.23万
1955,2472,双环传动,38.81,1.07%,0.97%,1.50亿,1.34亿,1655.27万,2.84亿
1956,600858,银座股份,5.68,1.07%,0.54%,874.65万,704.06万,170.59万,1579.33万
1957,603015,弘讯科技,12.32,1.07%,0.46%,1209.83万,1081.46万,128.37万,2293.63万
1958,688653,康希通信,13.26,1.07%,0.66%,1419.19万,1341.58万,77.61万,2763.32万
1959,603305,旭升集团,15.12,1.07%,1.43%,1.13亿,1.38亿,-2517.89万,2.51亿
1960,603180,金牌家居,18.9,1.07%,0.10%,133.82万,155.08万,-21.25万,289.09万
1961,601336,新华保险,62.32,1.07%,0.46%,3.42亿,2.57亿,8427.56万,5.99亿
1962,600872,中炬高新,19.78,1.07%,0.68%,6223.01万,4053.10万,2169.91万,1.03亿
1963,600818,中路股份,8.49,1.07%,0.80%,1022.48万,586.21万,436.27万,1608.95万
1964,600536,中国软件,37.7,1.07%,0.73%,1.36亿,9598.98万,4017.12万,2.32亿
1965,600455,博通股份,25.56,1.07%,1.14%,1005.77万,789.56万,216.21万,1795.59万
1966,600452,涪陵电力,12.27,1.07%,1.30%,1.30亿,1.14亿,1627.42万,2.44亿
1967,300132,青松股份,8.47,1.07%,1.16%,3181.90万,1800.60万,1381.30万,4982.58万
1968,2080,中材科技,49.03,1.07%,2.04%,8.29亿,8.51亿,-2220.70万,16.80亿
1969,715,中兴商业,5.69,1.07%,0.64%,883.50万,862.04万,21.46万,1745.65万
1970,410,沈阳机床,6.68,1.06%,0.43%,2868.99万,1987.36万,881.64万,4857.01万
1971,301598,博科测试,61.08,1.06%,1.80%,1076.30万,849.27万,227.02万,1926.18万
1972,688176,亚虹医药,14.35,1.06%,2.46%,8623.37万,6603.19万,2020.18万,1.52亿
1973,2196,方正电机,14.33,1.06%,4.46%,1.45亿,1.70亿,-2474.24万,3.15亿
1974,300802,矩子科技,19.02,1.06%,0.67%,1210.14万,1235.49万,-25.35万,2445.81万
1975,600570,恒生电子,26.7,1.06%,0.61%,1.65亿,1.46亿,1878.12万,3.10亿
1976,600543,莫高股份,4.77,1.06%,0.63%,606.36万,347.52万,258.84万,953.92万
1977,300613,富瀚微,43.92,1.06%,0.81%,3711.30万,4119.95万,-408.64万,7832.14万
1978,156,华数传媒,7.6,1.06%,0.33%,2293.74万,1915.70万,378.05万,4209.83万
1979,603191,望变电气,21.17,1.05%,2.47%,9288.51万,7708.73万,1579.78万,1.70亿
1980,688347,华虹公司,124.64,1.05%,1.98%,5.26亿,4.83亿,4314.79万,10.10亿
1981,688275,万润新能,129.38,1.05%,3.35%,2.83亿,2.62亿,2122.70万,5.45亿
1982,688218,江苏北人,24.04,1.05%,1.29%,2205.80万,1372.83万,832.97万,3579.11万
1983,688663,新风光,62.42,1.05%,1.17%,5959.57万,4354.83万,1604.74万,1.03亿
1984,688138,清溢光电,27.96,1.05%,0.34%,1239.76万,1730.60万,-490.84万,2970.91万
1985,688619,罗普特,15.46,1.05%,0.89%,1494.87万,1058.31万,436.56万,2553.71万
1986,688699,明微电子,46.23,1.05%,0.87%,2142.22万,2263.55万,-121.33万,4406.16万
1987,605133,嵘泰股份,29.71,1.05%,2.13%,7932.34万,9784.07万,-1851.73万,1.77亿
1988,603700,宁水集团,13.49,1.05%,0.54%,835.05万,614.27万,220.79万,1450.40万
1989,600963,岳阳林纸,4.8,1.05%,0.68%,3064.79万,2618.84万,445.95万,5683.69万
1990,600232,金鹰股份,8.7,1.05%,0.93%,1657.62万,1274.33万,383.29万,2932.04万
1991,300537,广信材料,22.09,1.05%,0.95%,1595.92万,1566.37万,29.56万,3162.95万
1992,300093,*ST金刚,19.29,1.05%,0.97%,2720.99万,1615.73万,1105.25万,4337.11万
1993,2252,上海莱士,5.75,1.05%,0.34%,8030.75万,5007.73万,3023.01万,1.30亿
1994,902,新洋丰,15.41,1.05%,0.75%,7588.82万,5633.89万,1954.93万,1.32亿
1995,676,智度股份,7.71,1.05%,0.65%,3450.27万,2808.53万,641.73万,6258.89万
1996,517,荣安地产,1.93,1.05%,0.64%,1641.70万,1414.69万,227.01万,3058.22万
1997,688750,金天钛业,18.43,1.04%,0.69%,1819.65万,1126.82万,692.83万,2948.31万
1998,301399,英特科技,24.33,1.04%,7.65%,4899.83万,5284.55万,-384.72万,1.02亿
1999,688484,南芯科技,37.73,1.04%,0.45%,3608.79万,3567.39万,41.40万,7177.69万
2000,301233,盛帮股份,53.21,1.04%,1.31%,1003.74万,962.87万,40.87万,1967.14万
2001,301167,建研设计,16.47,1.04%,1.40%,906.60万,705.50万,201.10万,1612.27万
2002,688328,深科达,40.92,1.04%,2.59%,5296.56万,4626.34万,670.22万,9924.14万
2003,3042,中农联合,17.41,1.04%,2.15%,2369.11万,2349.10万,20.01万,4718.39万
2004,300821,东岳硅材,13.64,1.04%,1.98%,1.68亿,1.54亿,1382.05万,3.22亿
2005,600246,万通发展,9.72,1.04%,1.67%,1.66亿,1.39亿,2736.50万,3.06亿
2006,300674,宇信科技,20.47,1.04%,0.75%,5929.25万,4819.71万,1109.54万,1.08亿
2007,300580,贝斯特,27.12,1.04%,1.95%,1.17亿,1.31亿,-1379.73万,2.49亿
2008,300375,鹏翎股份,4.85,1.04%,1.05%,1336.24万,1348.79万,-12.55万,2685.85万
2009,300106,西部牧业,9.73,1.04%,1.49%,1736.74万,1298.81万,437.93万,3036.23万
2010,2955,鸿合科技,25.37,1.04%,0.43%,1157.10万,955.90万,201.20万,2113.51万
2011,2129,TCL中环,8.77,1.04%,0.77%,1.52亿,1.19亿,3379.01万,2.71亿
2012,2330,得利斯,4.86,1.04%,1.11%,1610.38万,1814.95万,-204.57万,3425.77万
2013,633,合金投资,6.77,1.04%,0.92%,1325.57万,1044.33万,281.23万,2371.18万
2014,409,云鼎科技,10.7,1.04%,0.49%,1800.36万,1295.69万,504.67万,3096.27万
2015,428,华天酒店,3.93,1.03%,0.95%,1938.65万,1861.47万,77.18万,3800.16万
2016,301596,瑞迪智驱,69.72,1.03%,1.15%,1315.21万,1192.29万,122.92万,2508.19万
2017,301260,格力博,15.72,1.03%,0.40%,777.54万,504.59万,272.95万,1282.28万
2018,688091,上海谊众,57.81,1.03%,1.56%,9497.09万,9191.47万,305.62万,1.87亿
2019,2600,领益智造,13.72,1.03%,0.73%,3.55亿,3.67亿,-1187.42万,7.22亿
2020,688061,灿瑞科技,32.49,1.03%,0.94%,728.22万,639.39万,88.83万,1368.66万
2021,300868,杰美特,76.8,1.03%,4.12%,1.31亿,1.25亿,542.05万,2.56亿
2022,301020,密封科技,21.58,1.03%,0.30%,539.12万,398.25万,140.88万,937.59万
2023,600830,香溢融通,8.83,1.03%,0.53%,1373.97万,734.16万,639.81万,2108.40万
2024,600731,湖南海利,6.89,1.03%,0.81%,1861.09万,1143.46万,717.63万,3004.61万
2025,600626,申达股份,3.93,1.03%,0.39%,827.54万,876.42万,-48.89万,1704.16万
2026,600327,大东方,3.93,1.03%,0.71%,1426.55万,1027.50万,399.04万,2454.09万
2027,688210,统联精密,48.84,1.03%,1.18%,4966.39万,4267.50万,698.89万,9238.71万
2028,2130,沃尔核材,25.46,1.03%,1.74%,2.90亿,2.19亿,7123.31万,5.09亿
2029,17,深中华A,6.85,1.03%,0.72%,1143.21万,1006.70万,136.51万,2150.19万
2030,1285,瑞立科密,53.42,1.02%,1.59%,1973.94万,1556.19万,417.75万,3531.20万
2031,719,中原传媒,13.86,1.02%,0.63%,3122.16万,2630.00万,492.15万,5752.44万
2032,301161,唯万密封,30.6,1.02%,1.12%,1532.82万,1119.05万,413.77万,2652.17万
2033,600119,长江投资,5.94,1.02%,0.38%,469.78万,349.58万,120.20万,819.47万
2034,600807,济高发展,2.97,1.02%,1.42%,1895.03万,1390.43万,504.60万,3285.48万
2035,300819,聚杰微纤,50.74,1.02%,2.90%,9464.49万,1.05亿,-1014.81万,1.99亿
2036,603040,新坐标,81.23,1.02%,0.56%,3607.34万,2576.14万,1031.20万,6184.28万
2037,9,中国宝安,8.95,1.02%,0.48%,6647.06万,4449.76万,2197.31万,1.11亿
2038,603266,天龙股份,19.79,1.02%,0.48%,929.33万,972.47万,-43.14万,1902.20万
2039,600579,中化装备,7.94,1.02%,0.44%,908.00万,800.57万,107.43万,1708.65万
2040,600012,皖通高速,15.86,1.02%,0.30%,3205.38万,2349.78万,855.60万,5555.31万
2041,300504,天邑股份,15.77,1.02%,1.87%,3413.96万,2963.84万,450.12万,6380.00万
2042,2739,万达电影,9.94,1.02%,0.73%,9097.25万,6133.98万,2963.27万,1.52亿
2043,2562,兄弟科技,5.95,1.02%,1.51%,3787.39万,2788.51万,998.88万,6578.87万
2044,2205,国统股份,12.88,1.02%,0.69%,813.51万,815.10万,-1.59万,1628.73万
2045,419,通程控股,5.94,1.02%,0.74%,1347.52万,1024.65万,322.87万,2372.23万
2046,1255,博菲电气,37.17,1.01%,0.83%,1370.53万,810.65万,559.89万,2181.92万
2047,301329,信音电子,23.03,1.01%,1.31%,939.95万,865.33万,74.62万,1805.52万
2048,300024,机器人,15.0,1.01%,0.58%,7382.16万,5938.57万,1443.59万,1.33亿
2049,301141,中科磁业,52.83,1.01%,3.39%,4415.85万,3513.45万,902.40万,7930.35万
2050,301538,骏鼎达,80.81,1.01%,1.25%,1638.28万,1493.32万,144.96万,3132.40万
2051,688197,首药控股,42.21,1.01%,1.80%,2644.26万,2201.56万,442.70万,4846.09万
2052,603927,中科软,17.06,1.01%,0.45%,3643.51万,2692.77万,950.74万,6336.79万
2053,688707,振华新材,14.07,1.01%,0.91%,3204.97万,3312.91万,-107.94万,6518.16万
2054,695,滨海能源,14.94,1.01%,5.12%,8912.52万,7862.93万,1049.59万,1.68亿
2055,600715,文投控股,2.01,1.01%,0.76%,2746.82万,1583.10万,1163.72万,4329.94万
2056,603518,锦泓集团,9.0,1.01%,0.52%,890.32万,728.15万,162.17万,1618.75万
2057,603208,江山欧派,13.06,1.01%,0.48%,531.93万,571.42万,-39.49万,1103.49万
2058,600857,宁波中百,11.96,1.01%,0.52%,672.78万,700.31万,-27.53万,1375.37万
2059,600720,中交设计,7.03,1.01%,0.32%,1310.14万,941.40万,368.73万,2251.61万
2060,600463,空港股份,10.03,1.01%,0.40%,658.06万,529.82万,128.24万,1188.29万
2061,300743,天地数码,17.98,1.01%,0.70%,852.36万,753.73万,98.64万,1607.53万
2062,300633,开立医疗,27.1,1.01%,1.10%,4036.75万,3941.92万,94.83万,7981.65万
2063,300315,掌趣科技,4.98,1.01%,1.26%,8692.16万,7437.08万,1255.08万,1.61亿
2064,2833,弘亚数控,18.0,1.01%,0.42%,1113.62万,1057.38万,56.23万,2171.90万
2065,2605,姚记科技,21.1,1.01%,0.86%,3962.25万,2119.94万,1842.31万,6082.41万
2066,2483,润邦股份,6.97,1.01%,0.37%,1449.60万,832.50万,617.10万,2282.18万
2067,2459,晶澳科技,10.97,1.01%,0.64%,1.16亿,1.14亿,184.11万,2.30亿
2068,2152,广电运通,12.06,1.01%,0.34%,6110.18万,4108.79万,2001.39万,1.02亿
2069,905,厦门港务,11.03,1.01%,1.11%,4877.81万,4138.58万,739.23万,9020.58万
2070,301628,强达电路,109.33,1.00%,4.42%,7010.51万,6309.45万,701.07万,1.33亿
2071,301585,蓝宇股份,28.24,1.00%,0.75%,743.76万,680.99万,62.77万,1426.16万
2072,688021,奥福科技,24.35,1.00%,1.34%,1485.56万,974.83万,510.74万,2460.89万
2073,301015,百洋医药,26.14,1.00%,2.16%,1.70亿,1.25亿,4478.66万,2.95亿
2074,603203,快克智能,43.52,1.00%,1.15%,6366.84万,6003.16万,363.69万,1.24亿
2075,600819,耀皮玻璃,7.05,1.00%,0.46%,1304.62万,1073.69万,230.94万,2378.39万
2076,600249,两面针,6.08,1.00%,2.56%,4534.20万,3901.37万,632.84万,8436.74万
2077,300196,长海股份,19.12,1.00%,6.36%,1.41亿,1.60亿,-1921.37万,3.00亿
2078,300078,思创智联,4.06,1.00%,1.18%,2722.27万,2577.86万,144.41万,5301.71万
2079,603325,博隆技术,75.27,0.99%,0.85%,907.15万,1270.70万,-363.56万,2193.66万
2080,301300,远翔新材,43.83,0.99%,1.07%,815.90万,979.23万,-163.33万,1795.57万
2081,600662,外服控股,5.12,0.99%,0.27%,2038.28万,1141.56万,896.73万,3179.89万
2082,2523,天桥起重,4.07,0.99%,0.64%,1981.29万,1648.78万,332.51万,3630.63万
2083,2012,凯恩股份,7.15,0.99%,1.78%,3017.16万,2880.13万,137.03万,5897.42万
2084,978,桂林旅游,8.21,0.98%,9.49%,1.92亿,1.72亿,1966.32万,3.64亿
2085,688128,中国电研,25.78,0.98%,0.27%,1390.77万,1368.47万,22.30万,2759.76万
2086,603557,ST起步,4.11,0.98%,0.88%,1167.59万,1084.16万,83.42万,2253.64万
2087,600936,北投科技,4.14,0.98%,0.49%,1745.78万,1615.54万,130.24万,3361.52万
2088,600741,华域汽车,20.68,0.98%,0.34%,1.10亿,1.09亿,113.93万,2.19亿
2089,600643,爱建集团,5.17,0.98%,1.12%,4767.07万,4410.84万,356.23万,9179.93万
2090,600609,金杯汽车,4.12,0.98%,0.73%,2377.43万,1539.22万,838.22万,3917.64万
2091,600615,鑫源智造,11.44,0.97%,0.48%,693.00万,534.48万,158.53万,1227.93万
2092,301023,奕帆传动,40.58,0.97%,1.36%,1234.94万,1160.37万,74.58万,2396.13万
2093,688259,创耀科技,37.45,0.97%,0.85%,2029.58万,1545.94万,483.63万,3576.27万
2094,688656,浩欧博,137.95,0.97%,0.32%,1611.83万,1169.05万,442.78万,2783.64万
2095,2527,新时达,13.47,0.97%,0.68%,2465.59万,2395.18万,70.41万,4861.03万
2096,300091,*ST金灵,3.11,0.97%,0.93%,2543.71万,2204.79万,338.92万,4748.80万
2097,600725,云维股份,4.18,0.97%,0.85%,2053.35万,2271.26万,-217.91万,4324.65万
2098,603825,ST华扬,8.33,0.97%,0.20%,313.89万,115.01万,198.89万,428.98万
2099,601068,中铝国际,6.26,0.97%,0.34%,3235.94万,2235.59万,1000.35万,5472.15万
2100,548,湖南投资,5.23,0.97%,0.83%,980.30万,1169.89万,-189.59万,2150.25万
2101,2555,三七互娱,22.84,0.97%,1.51%,2.85亿,2.64亿,2052.92万,5.49亿
2102,2527,新时达,13.47,0.97%,0.68%,2465.59万,2395.18万,70.41万,4861.03万
2103,2105,信隆健康,6.25,0.97%,0.73%,960.41万,699.58万,260.83万,1660.49万
2104,30,富奥股份,5.2,0.97%,0.51%,2424.07万,2016.37万,407.70万,4440.64万
2105,301016,雷尔伟,24.17,0.96%,1.60%,4011.78万,4012.36万,-5850.00,8024.38万
2106,600843,上工申贝,9.5,0.96%,0.67%,1742.53万,1215.15万,527.38万,2958.16万
2107,300945,曼卡龙,15.8,0.96%,1.70%,3380.02万,2972.23万,407.80万,6352.41万
2108,605358,立昂微,35.8,0.96%,1.01%,1.32亿,1.10亿,2126.01万,2.42亿
2109,603466,风语筑,9.45,0.96%,1.29%,4021.87万,3229.33万,792.54万,7251.29万
2110,300577,开润股份,18.94,0.96%,0.49%,807.82万,505.40万,302.42万,1313.60万
2111,2948,青岛银行,5.26,0.96%,0.77%,6732.05万,5763.65万,968.39万,1.25亿
2112,2925,盈趣科技,20.07,0.96%,1.16%,9321.75万,7551.21万,1770.54万,1.69亿
2113,2906,华阳集团,31.43,0.96%,0.90%,7744.55万,7038.30万,706.25万,1.48亿
2114,2880,卫光生物,27.29,0.96%,0.53%,1885.29万,1357.87万,527.42万,3243.44万
2115,2835,同为股份,15.8,0.96%,0.71%,818.71万,597.45万,221.26万,1416.32万
2116,2539,云图控股,14.68,0.96%,1.58%,1.16亿,9160.56万,2392.97万,2.07亿
2117,688192,迪哲医药,60.77,0.95%,0.70%,1.07亿,8626.69万,2118.04万,1.94亿
2118,688232,新点软件,22.35,0.95%,0.28%,1093.41万,874.01万,219.40万,1983.77万
2119,301261,恒工精密,77.3,0.95%,1.75%,2401.86万,2671.75万,-269.88万,5074.37万
2120,688071,华依科技,31.92,0.95%,0.73%,1197.57万,774.86万,422.70万,1973.07万
2121,300037,新宙邦,63.62,0.95%,2.84%,5.06亿,4.71亿,3531.48万,9.77亿
2122,300941,创识科技,20.19,0.95%,1.01%,1112.67万,1040.46万,72.21万,2153.33万
2123,2986,宇新股份,14.86,0.95%,1.09%,2627.25万,2252.62万,374.63万,4880.31万
2124,600665,天地源,3.19,0.95%,0.60%,965.17万,674.90万,290.27万,1640.26万
2125,300818,耐普矿机,34.89,0.95%,2.77%,6969.30万,3480.50万,3488.80万,1.05亿
2126,300807,天迈科技,54.11,0.95%,2.06%,3048.45万,2726.76万,321.70万,5775.75万
2127,600778,友好集团,6.36,0.95%,0.79%,888.99万,668.95万,220.05万,1558.06万
2128,603223,恒通股份,8.53,0.95%,0.61%,1933.26万,1738.78万,194.48万,3672.13万
2129,603037,凯众股份,14.87,0.95%,2.35%,5069.60万,4153.10万,916.50万,9222.99万
2130,600885,宏发股份,27.59,0.95%,0.56%,1.24亿,1.13亿,1014.09万,2.37亿
2131,300685,艾德生物,23.27,0.95%,2.40%,1.11亿,1.07亿,397.23万,2.18亿
2132,300327,中颖电子,25.46,0.95%,1.34%,6840.05万,4690.62万,2149.43万,1.15亿
2133,300172,中电环保,5.32,0.95%,1.36%,2295.06万,1466.95万,828.11万,3762.17万
2134,2800,天顺股份,17.0,0.95%,2.96%,3829.25万,3488.40万,340.85万,7318.16万
2135,2719,麦趣尔,8.47,0.95%,1.55%,1431.17万,681.59万,749.58万,2112.85万
2136,2374,中锐股份,3.19,0.95%,0.89%,1387.21万,1664.89万,-277.68万,3052.22万
2137,300910,瑞丰新材,48.87,0.95%,0.84%,4140.49万,4249.14万,-108.66万,8390.13万
2138,2037,保利联合,8.47,0.95%,0.66%,1517.94万,1192.89万,325.04万,2710.91万
2139,949,新乡化纤,7.47,0.95%,1.70%,1.01亿,1.07亿,-591.73万,2.07亿
2140,712,锦龙股份,10.59,0.95%,0.56%,3095.42万,2181.48万,913.95万,5280.08万
2141,880,潍柴重机,27.98,0.94%,2.77%,1.00亿,7508.12万,2519.44万,1.75亿
2142,688185,康希诺,71.91,0.94%,1.02%,4980.65万,3395.15万,1585.50万,8384.42万
2143,688286,敏芯股份,70.51,0.94%,1.10%,2501.93万,1815.81万,686.12万,4319.15万
2144,300428,立中集团,21.45,0.94%,0.57%,4129.01万,3233.32万,895.68万,7370.28万
2145,300838,浙江力诺,15.03,0.94%,1.06%,789.88万,815.76万,-25.87万,1606.09万
2146,603019,中科曙光,89.12,0.94%,1.57%,10.71亿,9.74亿,9751.30万,20.45亿
2147,300697,电工合金,16.03,0.94%,1.48%,2232.68万,2518.33万,-285.64万,4751.98万
2148,300637,扬帆新材,11.8,0.94%,1.07%,1636.33万,1304.17万,332.16万,2940.62万
2149,2672,东江环保,4.28,0.94%,0.45%,1025.26万,719.47万,305.80万,1747.00万
2150,830,鲁西化工,16.09,0.94%,0.74%,1.26亿,1.01亿,2512.62万,2.28亿
2151,829,天音控股,10.76,0.94%,1.44%,8262.52万,7593.44万,669.08万,1.59亿
2152,1379,腾达科技,21.64,0.93%,1.35%,1095.55万,868.93万,226.62万,1965.34万
2153,688120,华海清科,185.19,0.93%,0.68%,2.20亿,2.24亿,-346.42万,4.44亿
2154,688219,会通股份,10.91,0.93%,0.40%,1081.90万,1332.13万,-250.23万,2414.46万
2155,688466,金科环境,17.36,0.93%,0.78%,844.27万,799.42万,44.84万,1644.19万
2156,603390,通达电气,11.98,0.93%,0.54%,1398.22万,836.71万,561.52万,2235.05万
2157,603076,乐惠国际,29.24,0.93%,2.24%,3924.04万,3975.55万,-51.51万,7899.88万
2158,603324,盛剑科技,26.16,0.93%,0.96%,1839.80万,1865.80万,-26.00万,3715.80万
2159,600977,中国电影,14.17,0.93%,1.09%,1.35亿,1.54亿,-1832.57万,2.89亿
2160,600746,江苏索普,9.72,0.93%,0.76%,4428.17万,4110.66万,317.50万,8540.09万
2161,600569,安阳钢铁,2.16,0.93%,0.40%,1518.78万,976.26万,542.51万,2495.06万
2162,300543,朗科智能,9.75,0.93%,0.74%,980.66万,816.11万,164.56万,1796.86万
2163,300514,友讯达,13.09,0.93%,0.85%,987.54万,793.94万,193.60万,1781.61万
2164,300193,佳士科技,8.67,0.93%,0.69%,1320.63万,1175.47万,145.17万,2496.45万
2165,300175,ST朗源,6.53,0.93%,0.58%,1062.11万,709.06万,353.05万,1771.83万
2166,300173,ST福能,4.32,0.93%,0.54%,978.06万,696.54万,281.52万,1697.71万
2167,300148,天舟文化,4.35,0.93%,1.86%,3723.16万,2829.17万,893.99万,6552.36万
2168,988,华工科技,113.35,0.93%,5.82%,33.13亿,31.54亿,1.58亿,64.67亿
2169,878,云南铜业,19.48,0.93%,1.30%,2.71亿,2.34亿,3712.96万,5.04亿
2170,301088,戎美股份,14.27,0.92%,0.24%,315.65万,323.11万,-7.46万,638.90万
2171,603098,森特股份,14.21,0.92%,0.68%,3013.94万,2130.39万,883.55万,5146.03万
2172,2892,科力尔,11.01,0.92%,0.49%,1430.62万,1176.81万,253.82万,2607.54万
2173,300907,康平科技,28.42,0.92%,0.53%,913.67万,511.01万,402.66万,1424.97万
2174,603099,长白山,36.18,0.92%,1.66%,9052.34万,6886.15万,2166.19万,1.59亿
2175,601908,京运通,4.41,0.92%,2.74%,1.49亿,1.44亿,468.40万,2.93亿
2176,300518,新迅达,20.76,0.92%,1.92%,4227.59万,3706.68万,520.91万,7936.34万
2177,300384,三联虹普,15.29,0.92%,0.65%,1351.59万,813.71万,537.88万,2166.06万
2178,300161,华中数控,28.53,0.92%,0.50%,1535.38万,1224.04万,311.34万,2760.27万
2179,796,凯撒旅业,5.47,0.92%,1.90%,8319.69万,5488.66万,2831.03万,1.38亿
2180,300797,钢研纳克,15.37,0.92%,0.55%,1769.77万,1408.30万,361.48万,3183.76万
2181,68,华控赛格,3.29,0.92%,0.32%,579.15万,470.43万,108.71万,1049.74万
2182,639,西王食品,2.21,0.91%,2.66%,3740.31万,2592.10万,1148.21万,6332.44万
2183,1359,平安电工,79.73,0.91%,2.60%,5687.14万,3876.15万,1810.98万,9564.08万
2184,301339,通行宝,13.25,0.91%,0.28%,1208.06万,895.07万,312.99万,2103.52万
2185,688067,爱威科技,26.64,0.91%,0.82%,894.30万,566.02万,328.28万,1462.55万
2186,301263,泰恩康,28.98,0.91%,0.98%,4506.74万,4055.54万,451.21万,8562.58万
2187,688307,中润光学,82.02,0.91%,3.31%,1.18亿,1.19亿,-95.41万,2.39亿
2188,600444,国机通用,17.66,0.91%,1.20%,1676.50万,1409.17万,267.33万,3085.85万
2189,688101,三达膜,16.72,0.91%,0.19%,565.53万,476.79万,88.74万,1042.65万
2190,688396,华润微,48.74,0.91%,0.51%,1.60亿,1.67亿,-676.51万,3.28亿
2191,603023,威帝股份,4.42,0.91%,1.20%,1528.23万,1423.01万,105.23万,2951.29万
2192,2574,明牌珠宝,5.55,0.91%,0.44%,756.33万,520.79万,235.54万,1280.34万
2193,2377,国创高新,3.31,0.91%,1.04%,1403.28万,1564.56万,-161.28万,2967.93万
2194,2159,三特索道,17.69,0.91%,1.53%,1681.26万,2082.20万,-400.94万,3763.63万
2195,2011,盾安环境,12.16,0.91%,0.47%,3069.66万,2979.49万,90.17万,6049.51万
2196,998,隆平高科,9.95,0.91%,0.80%,6344.00万,3997.98万,2346.02万,1.03亿
2197,99,中信海直,17.8,0.91%,0.69%,4698.78万,4817.69万,-118.91万,9518.79万
2198,301185,鸥玛软件,19.08,0.90%,0.77%,1241.82万,789.89万,451.92万,2032.28万
2199,301082,久盛电气,17.88,0.90%,1.45%,3105.89万,2309.73万,796.17万,5415.99万
2200,688239,航宇科技,62.89,0.90%,1.58%,1.05亿,8170.44万,2281.96万,1.86亿
2201,603788,宁波高发,15.75,0.90%,0.37%,679.17万,610.69万,68.48万,1290.01万
2202,603607,京华激光,22.54,0.90%,0.56%,1312.65万,951.42万,361.23万,2264.52万
2203,603577,汇金通,11.24,0.90%,1.49%,2713.83万,2897.56万,-183.73万,5611.71万
2204,600235,民丰特纸,6.71,0.90%,0.87%,1097.32万,934.99万,162.34万,2032.58万
2205,300619,金银河,42.5,0.90%,2.15%,6262.61万,7075.04万,-812.43万,1.33亿
2206,300540,蜀道装备,20.21,0.90%,1.03%,2779.29万,1529.05万,1250.24万,4308.53万
2207,2707,众信旅游,6.7,0.90%,1.50%,4585.07万,3643.61万,941.47万,8229.02万
2208,2674,兴业科技,13.42,0.90%,0.85%,1625.97万,1720.11万,-94.13万,3346.35万
2209,300727,润禾材料,33.75,0.90%,1.03%,3444.10万,2149.05万,1295.05万,5603.28万
2210,739,普洛药业,18.01,0.90%,0.43%,4203.53万,4663.56万,-460.04万,8869.07万
2211,605,渤海股份,6.72,0.90%,0.67%,752.74万,824.43万,-71.70万,1577.24万
2212,300445,康斯特,21.48,0.89%,1.42%,2073.78万,2226.86万,-153.09万,4300.86万
2213,3005,竞业达,18.2,0.89%,0.81%,1155.77万,711.20万,444.56万,1867.15万
2214,605136,丽人丽妆,10.17,0.89%,0.65%,1597.03万,1049.86万,547.17万,2646.98万
2215,605056,咸亨国际,28.34,0.89%,1.17%,6443.84万,6790.50万,-346.66万,1.32亿
2216,300607,拓斯达,26.05,0.89%,1.03%,4592.14万,4466.07万,126.08万,9058.47万
2217,2696,百洋股份,6.83,0.89%,1.04%,1072.02万,1275.26万,-203.24万,2347.42万
2218,2458,益生股份,10.18,0.89%,1.17%,4717.37万,3844.57万,872.80万,8562.04万
2219,688072,拓荆科技,405.59,0.89%,0.80%,4.69亿,4.42亿,2658.64万,9.11亿
2220,688332,中科蓝讯,127.42,0.88%,0.83%,7325.33万,5426.43万,1898.90万,1.28亿
2221,688392,骄成超声,128.4,0.88%,0.98%,7465.38万,7245.30万,220.08万,1.47亿
2222,605577,龙版传媒,12.57,0.88%,0.24%,773.52万,565.08万,208.44万,1339.23万
2223,600610,中毅达,9.2,0.88%,1.00%,3620.61万,2882.33万,738.28万,6503.02万
2224,3040,楚天龙,16.09,0.88%,0.57%,2331.39万,1801.94万,529.45万,4134.63万
2225,688596,正帆科技,32.14,0.88%,1.08%,5451.82万,4726.01万,725.81万,1.02亿
2226,688549,中巨芯,9.22,0.88%,1.57%,4478.62万,4027.12万,451.50万,8507.80万
2227,603578,三星新材,12.58,0.88%,0.92%,1297.73万,774.59万,523.15万,2072.44万
2228,603711,香飘飘,12.56,0.88%,0.19%,580.49万,396.70万,183.78万,978.20万
2229,603136,天目湖,11.41,0.88%,0.83%,1240.09万,1293.64万,-53.55万,2533.84万
2230,600403,大有能源,5.71,0.88%,0.29%,2166.05万,1737.50万,428.56万,3903.60万
2231,300553,集智股份,42.23,0.88%,1.03%,2137.51万,1513.96万,623.55万,3651.88万
2232,300515,三德科技,18.36,0.88%,0.60%,1256.25万,937.12万,319.13万,2193.55万
2233,300458,全志科技,37.99,0.88%,1.59%,2.00亿,1.97亿,235.91万,3.97亿
2234,2817,黄山胶囊,8.0,0.88%,1.01%,1225.19万,1105.82万,119.37万,2331.09万
2235,2540,亚太科技,6.87,0.88%,0.45%,1489.96万,1200.89万,289.07万,2694.29万
2236,2404,嘉欣丝绸,6.91,0.88%,0.51%,862.74万,724.61万,138.14万,1588.60万
2237,1319,铭科精技,25.48,0.87%,1.24%,1366.25万,1208.20万,158.05万,2582.35万
2238,3004,*ST声迅,31.27,0.87%,0.42%,476.70万,427.18万,49.52万,904.20万
2239,300234,开尔新材,5.83,0.87%,2.08%,2203.59万,1910.54万,293.05万,4125.79万
2240,2640,跨境通,3.48,0.87%,0.95%,2783.37万,2261.75万,521.62万,5090.50万
2241,2350,北京科锐,13.87,0.87%,2.20%,8217.50万,7739.65万,477.85万,1.60亿
2242,688390,固德威,87.3,0.87%,1.98%,2.16亿,2.04亿,1210.46万,4.20亿
2243,301156,美农生物,18.48,0.87%,1.13%,1017.03万,834.01万,183.02万,1851.59万
2244,600684,珠江股份,4.63,0.87%,0.81%,1533.79万,1645.80万,-112.01万,3180.00万
2245,603198,迎驾贡酒,36.13,0.87%,0.21%,3385.44万,2619.65万,765.79万,6005.45万
2246,600909,华安证券,5.77,0.87%,0.58%,1.02亿,6543.46万,3666.28万,1.68亿
2247,600727,鲁北化工,6.96,0.87%,1.01%,2063.43万,1627.76万,435.66万,3691.54万
2248,600618,氯碱化工,12.76,0.87%,0.46%,2315.99万,2037.02万,278.96万,4354.29万
2249,2536,飞龙股份,36.11,0.87%,4.92%,4.54亿,5.08亿,-5346.94万,9.62亿
2250,2233,塔牌集团,9.28,0.87%,0.30%,2068.95万,1224.14万,844.81万,3293.54万
2251,935,四川双马,26.72,0.87%,0.24%,2033.38万,2799.18万,-765.80万,4834.95万
2252,407,胜利股份,4.63,0.87%,1.04%,2263.22万,1929.74万,333.49万,4193.01万
2253,55,方大集团,3.49,0.87%,0.56%,724.56万,591.62万,132.94万,1316.31万
2254,29,深深房A,19.9,0.86%,0.16%,1604.92万,1200.09万,404.83万,2808.99万
2255,809,和展能源,3.52,0.86%,0.81%,1204.99万,1127.93万,77.07万,2332.96万
2256,1236,弘业期货,9.4,0.86%,0.44%,1876.12万,1245.42万,630.70万,3121.63万
2257,688371,菲沃泰,21.13,0.86%,0.22%,856.85万,706.68万,150.17万,1565.22万
2258,688193,仁度生物,50.3,0.86%,0.41%,498.81万,326.29万,172.53万,826.10万
2259,300252,金信诺,14.06,0.86%,1.74%,6878.29万,6727.22万,151.07万,1.36亿
2260,300155,安居宝,4.68,0.86%,0.88%,717.08万,635.89万,81.18万,1353.11万
2261,605122,四方新材,12.83,0.86%,0.54%,661.33万,530.17万,131.16万,1191.62万
2262,3028,振邦智能,27.99,0.86%,1.15%,1220.05万,1033.30万,186.74万,2255.03万
2263,301151,冠龙节能,18.82,0.86%,0.32%,608.85万,408.18万,200.67万,1018.35万
2264,603528,多伦科技,8.19,0.86%,0.43%,1351.47万,1131.41万,220.06万,2482.96万
2265,601899,紫金矿业,35.21,0.86%,0.53%,18.46亿,20.02亿,-1.56亿,38.48亿
2266,601288,农业银行,7.01,0.86%,0.09%,10.01亿,9.63亿,3793.70万,19.64亿
2267,601226,华电科工,9.37,0.86%,1.19%,7105.26万,5808.71万,1296.55万,1.29亿
2268,300625,三雄极光,11.71,0.86%,0.52%,577.17万,401.60万,175.57万,979.36万
2269,300621,维业股份,8.19,0.86%,1.12%,828.99万,1015.65万,-186.66万,1844.72万
2270,300049,福瑞医科,56.0,0.86%,1.09%,7767.37万,6333.47万,1433.90万,1.41亿
2271,2598,ST章鼓,8.22,0.86%,1.87%,2237.16万,2172.44万,64.72万,4411.24万
2272,2162,悦心健康,4.67,0.86%,0.64%,1449.57万,1277.81万,171.75万,2728.50万
2273,559,万向钱潮,16.42,0.86%,1.79%,4.53亿,5.27亿,-7389.26万,9.80亿
2274,1395,亚联机械,39.26,0.85%,0.50%,612.27万,299.41万,312.85万,912.07万
2275,2984,森麒麟,17.87,0.85%,1.02%,5934.35万,7188.42万,-1254.07万,1.31亿
2276,301365,矩阵股份,30.86,0.85%,2.22%,3519.93万,3357.93万,162.00万,6878.47万
2277,688032,禾迈股份,114.06,0.85%,0.64%,4722.81万,4249.05万,473.76万,8973.21万
2278,3017,大洋生物,30.84,0.85%,1.21%,1483.35万,1085.36万,397.99万,2569.33万
2279,300225,*ST金泰,5.91,0.85%,2.59%,3566.41万,3514.81万,51.59万,7083.00万
2280,603031,安孚科技,52.19,0.85%,1.47%,9625.65万,6892.80万,2732.85万,1.65亿
2281,603100,川仪股份,20.1,0.85%,0.42%,2578.40万,1739.53万,838.87万,4318.33万
2282,300860,锋尚文化,23.8,0.85%,0.49%,668.09万,605.13万,62.96万,1274.42万
2283,603332,苏州龙杰,12.98,0.85%,0.59%,1032.21万,622.18万,410.03万,1654.51万
2284,601900,南方传媒,13.02,0.85%,0.54%,3533.09万,2633.79万,899.30万,6169.61万
2285,601865,福莱特,14.16,0.85%,0.45%,6896.98万,5130.95万,1766.03万,1.20亿
2286,600834,申通地铁,8.32,0.85%,0.21%,370.42万,464.50万,-94.07万,835.00万
2287,600706,曲江文旅,9.52,0.85%,1.65%,2455.12万,1506.06万,949.06万,3961.74万
2288,600336,澳柯玛,7.1,0.85%,0.63%,1869.03万,1743.01万,126.02万,3613.32万
2289,600095,湘财股份,9.46,0.85%,0.28%,4627.30万,2845.27万,1782.03万,7473.04万
2290,600076,康欣新材,3.58,0.85%,0.44%,1193.71万,928.06万,265.65万,2122.55万
2291,300789,唐源电气,21.36,0.85%,0.59%,669.34万,568.81万,100.52万,1239.00万
2292,300511,雪榕生物,7.12,0.85%,2.11%,4359.81万,3988.60万,371.21万,8348.56万
2293,300018,中元股份,13.02,0.85%,1.54%,4267.90万,4653.53万,-385.63万,8926.24万
2294,2786,银宝山新,7.13,0.85%,0.58%,1188.80万,847.42万,341.38万,2037.64万
2295,2529,*ST海源,7.16,0.85%,0.64%,701.36万,484.00万,217.35万,1187.58万
2296,2075,沙钢股份,4.72,0.85%,0.45%,2901.50万,1742.71万,1158.79万,4644.27万
2297,1283,豪鹏科技,69.84,0.84%,3.59%,9561.53万,1.05亿,-902.52万,2.00亿
2298,301606,绿联科技,75.35,0.84%,0.82%,5520.07万,4597.36万,922.71万,1.01亿
2299,301533,威马农机,32.52,0.84%,1.25%,613.66万,538.44万,75.22万,1152.75万
2300,301555,惠柏新材,35.96,0.84%,2.36%,2025.62万,2051.86万,-26.24万,4078.20万
2301,301486,致尚科技,169.78,0.84%,4.73%,3.15亿,2.62亿,5291.18万,5.77亿
2302,2983,芯瑞达,23.97,0.84%,0.93%,1507.46万,1345.51万,161.95万,2854.16万
2303,2306,*ST云网,2.41,0.84%,1.39%,1638.10万,1075.66万,562.44万,2713.93万
2304,301045,天禄科技,39.43,0.84%,1.36%,2051.69万,1352.33万,699.36万,3404.42万
2305,603551,奥普科技,12.06,0.84%,0.56%,1427.16万,1127.02万,300.14万,2561.78万
2306,600503,华丽家族,2.39,0.84%,0.70%,1236.54万,1403.64万,-167.10万,2640.21万
2307,300643,万通智控,17.94,0.84%,1.04%,2394.83万,1916.59万,478.24万,4311.60万
2308,300154,瑞凌股份,8.38,0.84%,0.84%,1163.57万,1054.15万,109.42万,2217.81万
2309,2671,龙泉股份,4.78,0.84%,0.91%,1360.74万,1028.28万,332.47万,2389.35万
2310,2363,隆基机械,8.44,0.84%,1.51%,2678.39万,2620.48万,57.91万,5299.29万
2311,2085,万丰奥威,14.34,0.84%,0.57%,9090.67万,8073.37万,1017.30万,1.72亿
2312,2057,中钢天源,9.64,0.84%,0.59%,2420.40万,1884.25万,536.15万,4305.13万
2313,603344,星德胜,27.98,0.83%,1.15%,903.00万,819.90万,83.10万,1727.09万
2314,301102,兆讯传媒,10.89,0.83%,0.36%,838.34万,752.59万,85.75万,1591.04万
2315,688580,伟思医疗,58.51,0.83%,0.84%,2382.27万,2311.26万,71.01万,4697.19万
2316,301115,联检科技,20.65,0.83%,0.67%,1267.47万,855.74万,411.73万,2123.42万
2317,301234,五洲医疗,39.06,0.83%,1.67%,1381.49万,1218.59万,162.90万,2600.47万
2318,688283,坤恒顺维,41.06,0.83%,0.94%,2259.09万,2397.75万,-138.66万,4657.67万
2319,688776,国光电气,84.85,0.83%,0.80%,4212.42万,3130.27万,1082.16万,7345.36万
2320,688107,安路科技,30.36,0.83%,0.91%,5317.57万,5730.10万,-412.53万,1.10亿
2321,2217,合力泰,2.43,0.83%,2.04%,1.80亿,1.77亿,354.55万,3.57亿
2322,605318,法狮龙,95.48,0.83%,1.47%,9506.71万,8105.28万,1401.42万,1.76亿
2323,2543,万和电气,8.49,0.83%,0.33%,1122.02万,698.53万,423.50万,1821.57万
2324,600051,宁波联合,7.28,0.83%,1.55%,1911.74万,1582.59万,329.15万,3494.99万
2325,688093,世华科技,33.95,0.83%,0.35%,1835.52万,1532.35万,303.17万,3368.21万
2326,600572,康恩贝,4.84,0.83%,11.51%,7.65亿,6.77亿,8809.85万,14.43亿
2327,600278,东方创业,7.28,0.83%,0.36%,1426.71万,832.12万,594.59万,2258.90万
2328,300768,迪普科技,17.09,0.83%,0.98%,3640.78万,3425.96万,214.82万,7068.97万
2329,2861,瀛通通讯,15.83,0.83%,1.35%,1894.33万,1284.66万,609.67万,3179.15万
2330,2690,美亚光电,18.28,0.83%,0.44%,1475.02万,2001.18万,-526.16万,3476.39万
2331,672,上峰水泥,13.35,0.83%,0.38%,2877.69万,2088.53万,789.16万,4966.62万
2332,338,潍柴动力,26.82,0.83%,1.15%,7.40亿,7.96亿,-5585.70万,15.36亿
2333,526,学大教育,32.13,0.82%,0.71%,1624.50万,1109.47万,515.03万,2737.18万
2334,605186,健麾信息,19.6,0.82%,0.51%,675.12万,667.40万,7.72万,1342.72万
2335,2480,新筑股份,6.12,0.82%,0.59%,1801.40万,939.14万,862.26万,2748.49万
2336,603120,肯特催化,38.19,0.82%,1.90%,887.30万,741.44万,145.86万,1629.12万
2337,300809,华辰装备,33.37,0.82%,0.74%,2164.72万,1568.97万,595.75万,3734.03万
2338,2158,汉钟精机,24.7,0.82%,0.39%,2740.52万,2309.56万,430.96万,5052.55万
2339,600456,宝钛股份,34.58,0.82%,0.66%,5712.14万,5135.31万,576.82万,1.09亿
2340,600261,阳光照明,3.69,0.82%,0.29%,793.86万,614.96万,178.90万,1408.88万
2341,600206,有研新材,22.24,0.82%,2.16%,2.11亿,1.92亿,1857.90万,4.03亿
2342,300786,国林科技,14.8,0.82%,1.04%,1131.79万,1109.01万,22.77万,2240.95万
2343,300746,汉嘉数智,13.51,0.82%,0.64%,1169.06万,731.92万,437.14万,1901.79万
2344,300279,和晶科技,8.57,0.82%,1.68%,3252.49万,3623.20万,-370.71万,6875.79万
2345,300266,兴源环境,2.46,0.82%,0.56%,1110.10万,1001.97万,108.14万,2112.44万
2346,2238,天威视讯,7.37,0.82%,0.28%,795.67万,827.33万,-31.66万,1623.08万
2347,783,长江证券,7.38,0.82%,0.40%,9419.45万,6662.73万,2756.72万,1.61亿
2348,605158,华达新材,7.46,0.81%,0.44%,694.69万,967.37万,-272.68万,1662.14万
2349,688089,嘉必优,18.57,0.81%,0.38%,699.75万,463.72万,236.02万,1164.29万
2350,600629,华建集团,21.07,0.81%,1.38%,1.43亿,1.30亿,1371.32万,2.73亿
2351,603986,兆易创新,276.22,0.81%,2.62%,23.65亿,24.24亿,-5894.40万,47.88亿
2352,603600,永艺股份,11.23,0.81%,0.78%,1375.83万,1240.37万,135.46万,2616.42万
2353,603299,苏盐井神,11.16,0.81%,0.45%,2224.68万,1651.09万,573.59万,3878.66万
2354,603279,景津装备,18.77,0.81%,0.55%,2953.52万,3017.09万,-63.57万,5970.81万
2355,300251,光线传媒,16.15,0.81%,1.79%,4.02亿,4.03亿,-39.46万,8.05亿
2356,2811,郑中设计,13.66,0.81%,0.64%,1372.95万,1080.33万,292.62万,2453.42万
2357,2003,伟星股份,9.96,0.81%,0.28%,1780.55万,1119.70万,660.85万,2901.54万
2358,301516,中远通,20.26,0.80%,10.16%,7236.59万,7146.76万,89.83万,1.44亿
2359,605080,浙江自然,24.07,0.80%,0.33%,669.18万,441.57万,227.61万,1111.00万
2360,688789,宏华数科,70.75,0.80%,0.27%,1812.49万,1643.14万,169.35万,3457.05万
2361,603860,中公高科,31.34,0.80%,0.77%,725.86万,812.05万,-86.19万,1606.88万
2362,603505,金石资源,17.75,0.80%,0.60%,5028.06万,3878.97万,1149.09万,8907.20万
2363,600838,上海九百,10.06,0.80%,0.71%,1570.63万,1268.92万,301.71万,2839.66万
2364,600616,金枫酒业,5.04,0.80%,0.40%,581.59万,744.93万,-163.34万,1326.62万
2365,600510,黑牡丹,8.79,0.80%,0.39%,1658.55万,1827.46万,-168.91万,3488.73万
2366,300586,美联新材,10.14,0.80%,1.64%,4025.98万,4845.82万,-819.84万,8871.91万
2367,300046,台基股份,31.52,0.80%,0.87%,3783.22万,2640.41万,1142.81万,6433.40万
2368,300013,新宁物流,3.78,0.80%,0.96%,960.69万,639.68万,321.01万,1600.86万
2369,2830,名雕股份,21.45,0.80%,1.06%,793.18万,712.18万,81.00万,1505.58万
2370,881,中广核技,7.55,0.80%,0.41%,1254.28万,1513.12万,-258.84万,2767.70万
2371,1266,宏英智能,33.28,0.79%,0.94%,872.77万,928.81万,-56.04万,1801.92万
2372,801,四川九洲,14.05,0.79%,0.55%,3901.24万,3882.18万,19.06万,7783.85万
2373,688533,上声电子,26.89,0.79%,0.36%,914.18万,658.69万,255.49万,1573.41万
2374,1336,楚环科技,25.4,0.79%,1.31%,866.03万,668.58万,197.45万,1535.11万
2375,688391,钜泉科技,30.78,0.79%,0.32%,607.20万,508.20万,99.00万,1115.44万
2376,3029,吉大正元,21.79,0.79%,2.40%,4422.39万,4768.38万,-345.99万,9191.86万
2377,3032,*ST传智,6.41,0.79%,0.85%,946.11万,562.75万,383.36万,1508.93万
2378,688766,普冉股份,267.56,0.79%,2.17%,4.58亿,4.00亿,5870.31万,8.58亿
2379,688338,赛科希德,29.41,0.79%,0.43%,800.75万,534.57万,266.18万,1335.90万
2380,688305,科德数控,57.64,0.79%,0.53%,2295.62万,1710.98万,584.63万,4007.76万
2381,603013,亚普股份,19.06,0.79%,0.29%,1239.71万,1527.75万,-288.04万,2770.12万
2382,603966,法兰泰克,14.11,0.79%,1.84%,4845.17万,5455.23万,-610.06万,1.03亿
2383,603880,南卫股份,6.37,0.79%,1.28%,1381.10万,954.44万,426.66万,2335.66万
2384,600217,中再资环,3.84,0.79%,0.37%,1334.20万,985.67万,348.53万,2319.99万
2385,300665,飞鹿股份,7.67,0.79%,0.96%,993.21万,602.73万,390.48万,1596.18万
2386,300506,ST名家汇,5.11,0.79%,0.85%,1589.41万,1590.55万,-1.14万,3180.99万
2387,300123,亚光科技,6.35,0.79%,1.10%,3325.55万,3648.20万,-322.65万,6974.41万
2388,2812,恩捷股份,71.32,0.79%,2.77%,8.05亿,8.26亿,-2182.00万,16.31亿
2389,2155,湖南黄金,29.41,0.79%,1.67%,3.94亿,3.68亿,2591.97万,7.62亿
2390,903,ST云动,2.54,0.79%,0.45%,845.64万,1354.01万,-508.37万,2199.67万
2391,503,国新健康,7.69,0.79%,0.47%,1995.03万,1494.78万,500.25万,3490.65万
2392,2972,科安达,12.92,0.78%,1.28%,990.66万,1231.65万,-240.99万,2224.89万
2393,300796,贝斯美,9.1,0.78%,0.73%,1330.91万,1044.81万,286.10万,2375.81万
2394,603108,润达医疗,12.93,0.78%,0.95%,4397.50万,2984.44万,1413.06万,7382.20万
2395,600780,通宝能源,6.47,0.78%,0.90%,3721.40万,2934.97万,786.43万,6656.43万
2396,600621,华鑫股份,14.27,0.78%,0.50%,3918.38万,3597.10万,321.27万,7515.62万
2397,600428,中远海特,9.1,0.78%,0.77%,8084.68万,8983.04万,-898.37万,1.71亿
2398,300717,华信新材,20.55,0.78%,1.57%,1751.30万,1474.29万,277.01万,3225.80万
2399,2216,三全食品,12.85,0.78%,0.56%,2528.20万,2048.94万,479.26万,4577.27万
2400,2163,海南发展,12.86,0.78%,1.35%,7750.36万,6171.76万,1578.60万,1.39亿
2401,2063,远光软件,6.47,0.78%,1.75%,1.07亿,9113.85万,1608.09万,1.98亿
2402,750,国海证券,3.89,0.78%,0.34%,4893.94万,2714.88万,2179.05万,7608.97万
2403,596,古井贡酒,106.95,0.78%,0.40%,1.07亿,6636.87万,4058.41万,1.73亿
2404,301551,无线传媒,29.76,0.78%,0.90%,2107.18万,2024.86万,82.32万,4132.64万
2405,595,*ST宝实,6.51,0.77%,0.52%,2153.86万,1661.47万,492.39万,3816.63万
2406,300795,米奥会展,11.75,0.77%,0.94%,972.91万,927.35万,45.55万,1900.61万
2407,301032,新柴股份,13.07,0.77%,1.15%,1327.79万,1068.35万,259.43万,2396.27万
2408,300831,派瑞股份,16.96,0.77%,3.46%,5636.17万,5097.65万,538.52万,1.07亿
2409,603677,奇精机械,15.79,0.77%,0.20%,332.71万,272.58万,60.13万,606.88万
2410,600808,马钢股份,3.94,0.77%,0.40%,5362.16万,4031.87万,1330.29万,9394.06万
2411,600377,宁沪高速,11.77,0.77%,0.14%,3559.70万,2547.12万,1012.59万,6106.94万
2412,600143,金发科技,17.03,0.77%,0.67%,1.54亿,1.46亿,772.08万,3.00亿
2413,2681,奋达科技,5.22,0.77%,0.65%,3111.93万,2198.60万,913.33万,5320.50万
2414,2253,*ST智胜,11.79,0.77%,2.33%,2920.49万,2730.58万,189.91万,5657.09万
2415,2116,中国海诚,10.47,0.77%,0.64%,1530.76万,1544.66万,-13.90万,3080.66万
2416,728,国元证券,7.88,0.77%,0.24%,5154.91万,2942.85万,2212.06万,8098.15万
2417,1269,欧晶科技,22.6,0.76%,0.80%,1699.31万,1775.21万,-75.90万,3474.97万
2418,301500,飞南资源,23.82,0.76%,5.47%,9369.69万,9546.42万,-176.73万,1.89亿
2419,603281,江瀚新材,35.94,0.76%,0.47%,3251.13万,3129.91万,121.22万,6386.06万
2420,301229,纽泰格,18.5,0.76%,0.61%,908.68万,553.76万,354.93万,1462.63万
2421,301552,科力装备,42.32,0.76%,4.61%,2496.11万,2139.52万,356.58万,4636.05万
2422,688700,东威科技,58.57,0.76%,2.08%,1.94亿,1.66亿,2799.32万,3.60亿
2423,601212,白银有色,7.96,0.76%,0.79%,2.29亿,2.31亿,-109.96万,4.60亿
2424,300627,华测导航,34.28,0.76%,0.64%,7061.42万,7117.25万,-55.83万,1.42亿
2425,300557,理工光科,34.3,0.76%,1.23%,2360.74万,2614.33万,-253.59万,4976.09万
2426,300455,航天智装,25.1,0.76%,1.03%,9045.20万,9261.75万,-216.54万,1.83亿
2427,300101,振芯科技,21.24,0.76%,1.29%,7583.45万,7855.72万,-272.27万,1.54亿
2428,2743,富煌钢构,5.33,0.76%,0.82%,1027.98万,852.99万,174.99万,1881.44万
2429,2607,中公教育,2.65,0.76%,0.76%,5211.38万,5818.10万,-606.72万,1.10亿
2430,812,陕西金叶,3.97,0.76%,0.68%,999.06万,1009.27万,-10.21万,2008.41万
2431,795,英洛华,9.33,0.76%,0.80%,4458.47万,3906.83万,551.64万,8368.65万
2432,151,中成股份,11.89,0.76%,0.90%,1710.16万,1581.19万,128.97万,3291.47万
2433,301658,首航新能,41.38,0.75%,5.57%,1.19亿,1.04亿,1469.47万,2.23亿
2434,591,太阳能,5.34,0.75%,0.93%,1.16亿,7830.14万,3781.51万,1.94亿
2435,688147,微导纳米,69.97,0.75%,0.98%,1.39亿,1.76亿,-3625.01万,3.15亿
2436,603130,云中马,37.41,0.75%,0.61%,1490.26万,1634.81万,-144.54万,3125.44万
2437,301195,北路智控,32.16,0.75%,0.43%,697.27万,523.66万,173.61万,1221.25万
2438,301073,君亭酒店,28.07,0.75%,2.28%,5669.15万,5661.56万,7.59万,1.13亿
2439,300111,向日葵,4.03,0.75%,1.46%,3883.76万,3655.54万,228.22万,7539.42万
2440,300959,线上线下,83.12,0.75%,2.69%,6164.35万,5423.09万,741.26万,1.16亿
2441,605008,长鸿高科,12.09,0.75%,0.12%,630.57万,307.96万,322.61万,938.64万
2442,688188,柏楚电子,144.25,0.75%,0.20%,3976.00万,4557.84万,-581.84万,8536.71万
2443,603978,深圳新星,25.39,0.75%,2.63%,7546.46万,6588.15万,958.30万,1.41亿
2444,603950,长源东谷,60.29,0.75%,5.00%,5.13亿,4.71亿,4115.51万,9.84亿
2445,600824,益民集团,4.01,0.75%,0.45%,1027.89万,856.59万,171.30万,1884.52万
2446,600801,华新建材,22.97,0.75%,0.35%,5932.87万,4975.33万,957.54万,1.09亿
2447,600681,百川能源,4.02,0.75%,0.79%,2331.00万,1879.15万,451.84万,4210.35万
2448,600079,ST人福,18.93,0.75%,0.56%,9988.80万,6472.62万,3516.18万,1.65亿
2449,2697,红旗连锁,5.39,0.75%,0.60%,1939.30万,1757.59万,181.71万,3696.94万
2450,2669,康达新材,13.39,0.75%,0.91%,1942.03万,1715.75万,226.28万,3659.39万
2451,2611,东方精工,17.38,0.75%,0.91%,8481.22万,7337.01万,1144.21万,1.58亿
2452,2348,高乐股份,9.45,0.75%,1.03%,4385.96万,4364.82万,21.14万,8750.88万
2453,599,青岛双星,5.4,0.75%,0.68%,1551.44万,1431.29万,120.15万,2983.06万
2454,488,ST晨鸣,2.71,0.74%,0.38%,1014.25万,725.00万,289.26万,1739.33万
2455,688676,金盘科技,86.13,0.74%,1.33%,2.93亿,2.30亿,6277.42万,5.23亿
2456,603055,台华新材,9.54,0.74%,0.35%,1753.85万,1218.69万,535.16万,2972.93万
2457,600067,冠城新材,4.1,0.74%,0.76%,1809.17万,2518.01万,-708.84万,4327.30万
2458,603396,金辰股份,35.5,0.74%,1.43%,4184.75万,2807.54万,1377.21万,6993.01万
2459,600571,信雅达,13.68,0.74%,0.93%,3319.03万,2450.43万,868.60万,5770.28万
2460,600288,大恒科技,15.07,0.74%,0.52%,1768.18万,1655.76万,112.42万,3425.45万
2461,600025,华能水电,9.56,0.74%,0.08%,7820.51万,6736.45万,1084.05万,1.46亿
2462,300732,设研院,6.79,0.74%,0.94%,1281.40万,1083.06万,198.34万,2364.53万
2463,2484,江海股份,34.24,0.74%,5.07%,7.43亿,6.99亿,4359.50万,14.42亿
2464,49,德赛电池,27.37,0.74%,1.31%,7591.10万,6177.53万,1413.57万,1.38亿
2465,726,鲁泰A,6.93,0.73%,0.74%,1712.03万,1320.67万,391.36万,3032.78万
2466,301210,金杨精密,39.99,0.73%,9.93%,7510.61万,9745.72万,-2235.11万,1.73亿
2467,2264,新华都,8.31,0.73%,1.04%,3323.39万,2319.33万,1004.05万,5642.97万
2468,605305,中际联合,42.86,0.73%,1.91%,8787.49万,8637.83万,149.66万,1.74亿
2469,600593,大连圣亚,37.08,0.73%,1.67%,4456.02万,3463.15万,992.87万,7921.76万
2470,688608,恒玄科技,169.3,0.73%,1.46%,1.89亿,2.25亿,-3594.89万,4.15亿
2471,605003,众望布艺,28.81,0.73%,0.58%,1188.97万,666.25万,522.72万,1855.79万
2472,688036,传音控股,52.54,0.73%,0.36%,1.11亿,1.06亿,574.02万,2.17亿
2473,600121,郑州煤电,4.16,0.73%,1.62%,4388.92万,3784.39万,604.53万,8175.02万
2474,688033,天宜新材,8.31,0.73%,0.77%,1919.73万,1633.72万,286.01万,3554.70万
2475,603999,读者传媒,6.92,0.73%,0.59%,1085.46万,1260.99万,-175.53万,2346.53万
2476,603530,神马电力,61.86,0.73%,1.46%,1.80亿,2.01亿,-2083.62万,3.81亿
2477,603232,格尔软件,20.75,0.73%,4.06%,9129.67万,1.05亿,-1335.77万,1.96亿
2478,601101,昊华能源,8.29,0.73%,0.36%,2476.06万,1788.83万,687.23万,4270.85万
2479,600876,凯盛新能,9.63,0.73%,1.28%,2817.93万,2046.03万,771.90万,4864.82万
2480,300402,宝色股份,19.21,0.73%,0.58%,1354.23万,1333.82万,20.40万,2688.24万
2481,2883,中设股份,9.6,0.73%,1.20%,893.57万,851.67万,41.90万,1745.34万
2482,1696,宗申动力,19.26,0.73%,1.30%,1.28亿,9485.72万,3305.46万,2.23亿
2483,301510,固高科技,30.73,0.72%,0.89%,3961.09万,3636.53万,324.56万,7604.69万
2484,301421,波长光电,94.3,0.72%,3.55%,8837.99万,6669.43万,2168.56万,1.55亿
2485,1366,播恩集团,14.06,0.72%,0.84%,1093.28万,802.02万,291.26万,1895.58万
2486,301387,光大同创,61.67,0.72%,2.82%,3566.98万,3846.90万,-279.92万,7414.49万
2487,737,北方铜业,13.95,0.72%,1.09%,1.40亿,1.47亿,-721.52万,2.88亿
2488,2987,京北方,16.7,0.72%,0.40%,3134.89万,2461.26万,673.63万,5596.49万
2489,605020,永和股份,25.27,0.72%,0.74%,4826.66万,4611.97万,214.69万,9438.89万
2490,603979,金诚信,63.2,0.72%,0.67%,1.16亿,1.49亿,-3257.26万,2.65亿
2491,603728,鸣志电器,58.99,0.72%,0.69%,7624.56万,9506.98万,-1882.42万,1.71亿
2492,603583,捷昌驱动,33.39,0.72%,0.39%,2654.63万,2297.59万,357.04万,4953.22万
2493,601106,中国一重,4.18,0.72%,0.37%,5802.25万,4691.56万,1110.69万,1.05亿
2494,601058,赛轮轮胎,13.9,0.72%,0.75%,1.68亿,1.77亿,-985.02万,3.45亿
2495,600716,凤凰股份,4.21,0.72%,0.51%,1258.19万,723.85万,534.34万,1982.88万
2496,600637,东方明珠,9.73,0.72%,0.40%,6908.41万,6240.30万,668.12万,1.31亿
2497,600366,宁波韵升,12.56,0.72%,0.85%,6114.31万,5652.86万,461.45万,1.18亿
2498,601696,中银证券,12.58,0.72%,0.56%,1.14亿,7972.09万,3446.84万,1.94亿
2499,300510,金冠股份,4.22,0.72%,1.11%,1805.35万,2031.07万,-225.72万,3836.50万
2500,300211,*ST亿通,8.39,0.72%,0.47%,594.47万,584.16万,10.31万,1179.14万
2501,300199,翰宇药业,21.09,0.72%,3.99%,3.46亿,2.81亿,6482.77万,6.27亿
2502,300190,维尔利,4.19,0.72%,1.65%,3292.99万,3208.51万,84.48万,6502.56万
2503,2247,聚力文化,2.79,0.72%,1.43%,1332.82万,1216.47万,116.34万,2551.66万
2504,685,中山公用,11.14,0.72%,0.42%,3329.56万,2586.53万,743.04万,5916.21万
2505,688693,锴威特,92.16,0.71%,6.30%,1.13亿,1.15亿,-244.76万,2.28亿
2506,2486,嘉麟杰,2.83,0.71%,1.31%,1833.05万,1215.69万,617.36万,3048.82万
2507,301515,港通医疗,22.79,0.71%,1.38%,1175.81万,866.20万,309.61万,2043.83万
2508,301468,博盈特焊,54.02,0.71%,4.90%,1.02亿,9502.73万,707.46万,1.97亿
2509,688385,复旦微电,69.18,0.71%,0.89%,1.69亿,1.60亿,871.53万,3.29亿
2510,603755,日辰股份,28.55,0.71%,0.37%,618.24万,417.89万,200.35万,1036.42万
2511,603096,新经典,17.14,0.71%,0.27%,384.06万,312.36万,71.70万,696.75万
2512,603068,博通集成,32.78,0.71%,0.59%,1769.60万,1174.25万,595.36万,2944.18万
2513,603012,创力集团,8.56,0.71%,0.94%,2730.89万,2449.98万,280.92万,5185.07万
2514,601021,春秋航空,48.09,0.71%,0.32%,7573.90万,7290.04万,283.86万,1.49亿
2515,600984,建设机械,4.24,0.71%,0.99%,2618.54万,2674.79万,-56.25万,5293.58万
2516,600770,综艺股份,5.66,0.71%,0.92%,3486.12万,3225.95万,260.17万,6712.70万
2517,300387,富邦科技,8.54,0.71%,1.16%,1624.52万,1218.43万,406.08万,2843.12万
2518,300366,ST创意,5.64,0.71%,0.62%,1001.59万,840.72万,160.87万,1863.86万
2519,300323,华灿光电,9.95,0.71%,1.96%,1.17亿,1.14亿,375.15万,2.31亿
2520,2928,华夏航空,8.56,0.71%,0.92%,5101.44万,4873.83万,227.60万,9975.37万
2521,2827,高争民爆,32.41,0.71%,0.45%,2128.27万,1878.68万,249.59万,4007.26万
2522,2225,濮耐股份,5.65,0.71%,0.82%,1905.62万,2582.61万,-677.00万,4488.34万
2523,301601,惠通科技,23.15,0.70%,0.50%,594.80万,384.17万,210.63万,979.89万
2524,2102,能特科技,2.89,0.70%,0.98%,3463.88万,2696.16万,767.71万,6161.55万
2525,301027,华蓝集团,23.12,0.70%,3.27%,4668.85万,4287.08万,381.77万,8957.55万
2526,301225,恒勃股份,115.4,0.70%,8.35%,1.44亿,1.53亿,-924.44万,2.96亿
2527,300973,立高食品,33.22,0.70%,0.95%,1981.46万,1748.73万,232.73万,3730.85万
2528,300919,中伟新材,56.26,0.70%,1.38%,3.54亿,3.58亿,-460.09万,7.12亿
2529,605058,澳弘电子,36.11,0.70%,2.22%,6278.73万,5142.32万,1136.40万,1.14亿
2530,300847,中船汉光,15.73,0.70%,0.62%,1281.03万,1605.24万,-324.21万,2886.59万
2531,688288,鸿泉技术,26.04,0.70%,1.57%,2007.70万,2044.45万,-36.75万,4052.67万
2532,688450,光格科技,40.28,0.70%,2.12%,2073.96万,2115.84万,-41.87万,4190.58万
2533,2392,北京利尔,7.2,0.70%,0.55%,2434.12万,2053.16万,380.96万,4490.81万
2534,601669,中国电建,5.72,0.70%,1.13%,4.13亿,4.29亿,-1619.89万,8.43亿
2535,600763,通策医疗,41.66,0.70%,0.77%,8431.62万,5821.06万,2610.56万,1.43亿
2536,300568,星源材质,15.75,0.70%,3.40%,3.42亿,3.14亿,2752.11万,6.56亿
2537,300460,ST惠伦,8.69,0.70%,0.71%,799.79万,927.60万,-127.81万,1727.48万
2538,300253,卫宁健康,8.62,0.70%,1.46%,1.09亿,1.17亿,-803.66万,2.26亿
2539,2902,铭普光磁,30.01,0.70%,17.23%,4.25亿,4.88亿,-6290.06万,9.13亿
2540,2660,茂硕电源,8.58,0.70%,0.54%,882.16万,697.54万,184.62万,1579.79万
2541,2277,友阿股份,5.73,0.70%,0.53%,2194.54万,2031.60万,162.94万,4226.77万
2542,2088,鲁阳节能,10.09,0.70%,0.20%,583.60万,440.70万,142.90万,1025.32万
2543,2376,新北洋,7.2,0.70%,0.47%,1266.40万,1365.23万,-98.83万,2631.71万
2544,300258,精锻科技,12.86,0.70%,1.14%,3878.46万,4467.07万,-588.61万,8346.17万
2545,301678,新恒汇,63.02,0.69%,1.61%,2632.95万,2219.41万,413.54万,4855.52万
2546,2993,奥海科技,52.44,0.69%,1.24%,8319.80万,7119.78万,1200.01万,1.54亿
2547,603209,兴通股份,14.57,0.69%,0.64%,1534.88万,1444.13万,90.75万,2981.64万
2548,300966,共同药业,21.82,0.69%,1.56%,1306.09万,1290.02万,16.07万,2597.20万
2549,688696,极米科技,91.6,0.69%,0.38%,1641.76万,812.30万,829.46万,2457.19万
2550,688123,聚辰股份,124.01,0.69%,4.13%,3.68亿,4.33亿,-6562.74万,8.01亿
2551,600649,城投控股,4.37,0.69%,0.50%,3349.98万,2099.38万,1250.60万,5449.40万
2552,600939,重庆建工,2.92,0.69%,0.20%,441.26万,666.15万,-224.89万,1107.45万
2553,2655,共达电声,21.98,0.69%,6.80%,2.86亿,2.60亿,2527.48万,5.46亿
2554,2442,龙星科技,5.82,0.69%,1.04%,1632.19万,1347.13万,285.06万,2979.38万
2555,2017,东信和平,19.03,0.69%,0.83%,5123.69万,3998.06万,1125.64万,9121.93万
2556,1279,强邦新材,31.21,0.68%,0.75%,636.25万,295.50万,340.74万,934.24万
2557,688246,嘉和美康,19.37,0.68%,0.97%,1419.34万,1143.81万,275.53万,2563.22万
2558,1387,雪祺电气,13.25,0.68%,0.75%,567.49万,560.92万,6.57万,1128.54万
2559,603170,宝立食品,13.26,0.68%,0.37%,1180.89万,790.08万,390.81万,1971.10万
2560,300812,易天股份,41.38,0.68%,10.22%,1.86亿,2.07亿,-2139.55万,3.93亿
2561,688393,安必平,23.67,0.68%,0.72%,766.79万,813.41万,-46.62万,1580.71万
2562,2971,和远气体,29.8,0.68%,0.84%,2154.16万,1717.08万,437.08万,3871.54万
2563,601929,吉视传媒,2.97,0.68%,0.93%,5660.87万,3956.31万,1704.56万,9617.51万
2564,601718,际华集团,2.98,0.68%,0.28%,1420.28万,2194.57万,-774.29万,3614.87万
2565,601069,西部黄金,33.84,0.68%,1.33%,2.20亿,1.77亿,4287.00万,3.98亿
2566,600495,晋西车轴,4.42,0.68%,0.82%,2118.54万,2262.46万,-143.93万,4381.09万
2567,600362,江西铜业,47.19,0.68%,1.22%,5.76亿,6.12亿,-3575.47万,11.88亿
2568,600313,农发种业,7.36,0.68%,2.74%,1.32亿,8538.66万,4612.35万,2.17亿
2569,300773,拉卡拉,25.24,0.68%,2.91%,2.75亿,2.62亿,1282.45万,5.36亿
2570,2694,顾地科技,2.94,0.68%,0.50%,554.33万,499.89万,54.44万,1054.27万
2571,2298,中电鑫龙,10.42,0.68%,2.83%,9196.30万,1.01亿,-883.33万,1.93亿
2572,2026,山东威达,13.29,0.68%,0.48%,1314.24万,1468.36万,-154.12万,2782.73万
2573,825,太钢不锈,4.46,0.68%,0.30%,4484.14万,3167.90万,1316.24万,7653.59万
2574,2769,普路通,10.57,0.67%,0.66%,1459.19万,1134.70万,324.49万,2594.20万
2575,600289,ST信通,7.5,0.67%,0.27%,520.39万,622.00万,-101.61万,1143.14万
2576,2122,ST汇洲,3.0,0.67%,0.54%,1565.49万,1633.23万,-67.74万,3198.75万
2577,927,中国铁物,2.99,0.67%,0.96%,7782.32万,9347.96万,-1565.64万,1.71亿
2578,688689,银河微电,36.2,0.67%,0.85%,2148.59万,1780.86万,367.73万,3930.26万
2579,688299,长阳科技,18.06,0.67%,0.87%,2438.58万,2090.37万,348.21万,4530.63万
2580,603718,海利生物,4.52,0.67%,1.10%,1539.26万,1711.82万,-172.55万,3251.12万
2581,601126,四方股份,45.35,0.67%,2.00%,3.81亿,3.57亿,2365.94万,7.38亿
2582,600229,城市传媒,5.99,0.67%,0.20%,403.62万,394.70万,8.92万,798.80万
2583,600022,山东钢铁,1.51,0.67%,0.49%,4899.56万,3007.10万,1892.46万,7906.83万
2584,2416,爱施德,13.51,0.67%,0.99%,8300.67万,8051.60万,249.07万,1.64亿
2585,301138,华研精机,37.92,0.66%,0.72%,923.31万,946.96万,-23.65万,1870.65万
2586,589,贵州轮胎,4.61,0.66%,0.76%,2771.26万,2645.67万,125.59万,5416.98万
2587,688721,龙图光罩,39.71,0.66%,0.77%,985.93万,655.69万,330.24万,1642.42万
2588,301101,明月镜片,35.06,0.66%,0.37%,1315.24万,1160.22万,155.01万,2484.23万
2589,300143,盈康生命,12.23,0.66%,1.19%,5089.70万,4210.22万,879.48万,9300.17万
2590,300955,嘉亨家化,38.07,0.66%,0.87%,1995.53万,1319.83万,675.70万,3317.64万
2591,300947,德必集团,16.82,0.66%,0.93%,1152.93万,1186.35万,-33.41万,2339.45万
2592,603086,先达股份,7.58,0.66%,0.51%,857.54万,801.90万,55.64万,1659.59万
2593,600835,上海机电,22.78,0.66%,0.55%,5271.89万,4786.64万,485.25万,1.01亿
2594,600345,长江通信,49.99,0.66%,6.34%,3.01亿,3.63亿,-6239.22万,6.64亿
2595,600335,国机汽车,6.08,0.66%,0.32%,1468.73万,1457.08万,11.65万,2925.87万
2596,300451,创业慧康,4.6,0.66%,0.78%,2660.70万,2803.99万,-143.29万,5464.74万
2597,300100,双林股份,30.72,0.66%,0.62%,4786.76万,5831.87万,-1045.11万,1.06亿
2598,300045,华力创通,22.98,0.66%,2.58%,1.48亿,1.57亿,-927.56万,3.04亿
2599,300019,硅宝科技,19.84,0.66%,0.94%,3215.23万,3622.21万,-406.98万,6837.64万
2600,2415,海康威视,33.42,0.66%,0.27%,3.85亿,4.14亿,-2968.60万,7.99亿
2601,301332,德尔玛,9.36,0.65%,0.45%,635.11万,477.67万,157.45万,1112.87万
2602,301508,中机认检,29.56,0.65%,0.90%,685.09万,872.23万,-187.13万,1557.62万
2603,301092,争光股份,34.06,0.65%,0.79%,741.60万,876.50万,-134.90万,1618.44万
2604,301215,中汽股份,6.15,0.65%,0.35%,1576.04万,1301.09万,274.95万,2877.25万
2605,2614,奥佳华,6.21,0.65%,0.64%,870.92万,876.40万,-5.48万,1747.76万
2606,688786,悦安新材,32.73,0.65%,0.81%,2245.14万,1532.28万,712.86万,3782.32万
2607,688160,步科股份,108.29,0.65%,1.75%,7924.04万,9449.66万,-1525.62万,1.74亿
2608,601798,蓝科高新,9.25,0.65%,0.91%,1267.46万,1683.51万,-416.05万,2951.07万
2609,603278,大业股份,10.9,0.65%,0.69%,1540.14万,1043.63万,496.51万,2583.88万
2610,603167,渤海轮渡,9.27,0.65%,0.51%,1433.92万,795.37万,638.55万,2229.37万
2611,600415,小商品城,12.3,0.65%,0.78%,2.75亿,2.55亿,1952.02万,5.30亿
2612,300690,双一科技,30.82,0.65%,3.25%,5629.14万,5454.57万,174.58万,1.11亿
2613,300551,古鳌科技,13.85,0.65%,1.38%,3526.40万,2895.06万,631.34万,6421.88万
2614,300080,易成新能,4.64,0.65%,0.78%,3147.13万,3592.35万,-445.22万,6740.08万
2615,2885,京泉华,26.23,0.65%,5.91%,1.55亿,2.01亿,-4604.24万,3.57亿
2616,2198,嘉应制药,7.71,0.65%,1.30%,2715.40万,2304.82万,410.58万,5020.30万
2617,887,中鼎股份,18.72,0.65%,0.64%,7751.89万,8054.38万,-302.49万,1.58亿
2618,600,建投能源,9.3,0.65%,0.97%,4837.08万,5011.73万,-174.65万,9849.37万
2619,301577,美信科技,62.6,0.64%,2.27%,1296.52万,1355.11万,-58.59万,2652.26万
2620,300801,泰和科技,26.55,0.64%,1.72%,3376.61万,2840.34万,536.27万,6218.27万
2621,301175,中科环保,6.28,0.64%,1.47%,2699.90万,2998.43万,-298.52万,5698.59万
2622,862,银星能源,6.29,0.64%,2.78%,5961.22万,4965.07万,996.15万,1.09亿
2623,688310,迈得医疗,15.84,0.64%,0.56%,786.02万,665.61万,120.41万,1451.95万
2624,688456,有研粉材,56.87,0.64%,1.17%,3308.14万,3594.77万,-286.63万,6906.90万
2625,300820,英杰电气,47.03,0.64%,1.18%,3367.86万,2823.93万,543.94万,6193.20万
2626,2456,欧菲光,9.41,0.64%,1.01%,1.61亿,1.52亿,873.63万,3.13亿
2627,2091,江苏国泰,9.39,0.64%,1.02%,8212.56万,7142.36万,1070.20万,1.54亿
2628,1277,速达股份,35.35,0.63%,1.20%,821.40万,1092.71万,-271.31万,1914.46万
2629,663,永安林业,6.38,0.63%,1.15%,1343.54万,875.90万,467.64万,2223.91万
2630,688102,斯瑞新材,36.49,0.63%,1.37%,1.87亿,2.01亿,-1336.12万,3.88亿
2631,301383,天键股份,28.87,0.63%,1.05%,1259.64万,865.38万,394.27万,2127.04万
2632,816,智慧农业,3.21,0.63%,0.84%,2163.68万,1695.82万,467.85万,3867.84万
2633,300185,通裕重工,3.21,0.63%,1.53%,8692.90万,1.01亿,-1450.50万,1.88亿
2634,688323,瑞华泰,20.78,0.63%,1.72%,3011.32万,3376.81万,-365.49万,6389.17万
2635,600228,*ST返利,6.36,0.63%,0.73%,771.51万,1169.53万,-398.02万,1941.41万
2636,688605,先锋精科,64.33,0.63%,1.23%,3908.71万,4649.04万,-740.33万,8559.65万
2637,600644,乐山电力,11.24,0.63%,2.17%,8136.24万,5935.87万,2200.37万,1.41亿
2638,603215,比依股份,19.3,0.63%,0.26%,520.86万,403.58万,117.28万,924.82万
2639,603616,韩建河山,6.37,0.63%,1.35%,1620.94万,1669.50万,-48.56万,3290.51万
2640,688007,光峰科技,14.44,0.63%,0.40%,1226.43万,1435.30万,-208.87万,2662.16万
2641,603738,泰晶科技,27.32,0.63%,6.66%,3.69亿,3.36亿,3334.68万,7.06亿
2642,603611,诺力股份,20.62,0.63%,0.55%,1796.51万,1106.87万,689.65万,2903.79万
2643,603089,正裕工业,12.71,0.63%,0.26%,410.93万,375.40万,35.53万,786.46万
2644,601966,玲珑轮胎,14.3,0.63%,0.51%,5264.48万,5500.03万,-235.55万,1.08亿
2645,601666,平煤股份,7.96,0.63%,0.35%,4337.90万,2616.79万,1721.11万,6955.24万
2646,601012,隆基绿能,17.49,0.63%,0.74%,5.18亿,4.63亿,5507.70万,9.81亿
2647,600738,丽尚国潮,4.82,0.63%,0.63%,1174.19万,1121.06万,53.14万,2295.34万
2648,600343,航天动力,35.15,0.63%,5.38%,6.17亿,5.90亿,2694.66万,12.07亿
2649,600155,华创云信,6.36,0.63%,0.58%,5047.98万,3050.18万,1997.80万,8098.28万
2650,300222,科大智能,11.13,0.63%,1.08%,3656.66万,3913.33万,-256.66万,7570.21万
2651,2579,中京电子,12.79,0.63%,3.64%,1.40亿,1.30亿,1015.57万,2.70亿
2652,2461,珠江啤酒,9.65,0.63%,0.25%,2929.41万,2482.04万,447.38万,5411.55万
2653,2381,双箭股份,6.4,0.63%,0.81%,706.87万,933.47万,-226.60万,1644.34万
2654,301590,优优绿能,182.08,0.62%,3.42%,2987.76万,2373.92万,613.84万,5363.50万
2655,688293,奥浦迈,53.78,0.62%,0.60%,1889.89万,1747.04万,142.85万,3638.01万
2656,600906,财达证券,6.48,0.62%,0.35%,2395.45万,2381.86万,13.59万,4777.37万
2657,300906,日月明,32.65,0.62%,1.24%,1536.15万,1404.23万,131.92万,2940.71万
2658,688026,洁特生物,16.32,0.62%,0.65%,826.70万,652.66万,174.04万,1479.69万
2659,600171,上海贝岭,27.58,0.62%,0.44%,5028.14万,3592.93万,1435.21万,8623.83万
2660,601011,宝泰隆,3.23,0.62%,0.66%,2027.59万,2031.02万,-3.43万,4061.41万
2661,603357,设计总院,8.12,0.62%,0.34%,856.04万,659.44万,196.59万,1515.67万
2662,601007,金陵饭店,8.14,0.62%,1.98%,3347.62万,2920.28万,427.34万,6267.98万
2663,600218,全柴动力,9.68,0.62%,1.00%,2300.95万,1930.05万,370.90万,4231.49万
2664,600208,衢州发展,3.25,0.62%,0.26%,3253.26万,3937.19万,-683.93万,7200.09万
2665,300527,ST应急,8.16,0.62%,0.34%,1540.40万,1307.11万,233.29万,2847.68万
2666,300321,同大股份,34.21,0.62%,0.76%,1318.26万,990.86万,327.40万,2309.46万
2667,300307,慈星股份,6.54,0.62%,0.34%,1035.40万,729.28万,306.12万,1764.74万
2668,2453,华软科技,4.85,0.62%,0.81%,1357.35万,1034.08万,323.26万,2391.77万
2669,2281,光迅科技,107.36,0.62%,3.29%,13.14亿,14.37亿,-1.23亿,27.50亿
2670,2221,东华能源,8.06,0.62%,0.58%,2865.77万,3915.94万,-1050.16万,6783.24万
2671,1324,长青科技,19.89,0.61%,1.40%,1247.94万,1003.85万,244.10万,2251.99万
2672,2700,万憬能源,6.61,0.61%,0.57%,558.88万,436.30万,122.58万,995.25万
2673,688212,澳华内镜,34.86,0.61%,1.64%,3844.21万,3774.45万,69.76万,7619.34万
2674,300950,德固特,21.5,0.61%,0.74%,760.19万,675.00万,85.19万,1436.05万
2675,3013,地铁设计,13.29,0.61%,0.16%,449.71万,397.41万,52.29万,847.25万
2676,301065,本立科技,23.03,0.61%,0.87%,825.62万,878.34万,-52.73万,1704.19万
2677,603833,欧派家居,50.75,0.61%,0.22%,4091.47万,2857.76万,1233.71万,6949.73万
2678,603697,有友食品,9.93,0.61%,0.48%,1231.56万,796.40万,435.16万,2028.05万
2679,603648,畅联股份,9.91,0.61%,0.17%,277.40万,312.13万,-34.73万,589.63万
2680,600241,时代万恒,9.91,0.61%,1.69%,2577.77万,2339.06万,238.70万,4916.93万
2681,600167,联美控股,6.57,0.61%,0.21%,1650.24万,1425.71万,224.53万,3077.21万
2682,300752,隆利科技,19.88,0.61%,5.92%,1.04亿,8169.81万,2201.82万,1.85亿
2683,300726,宏达电子,44.28,0.61%,1.01%,5050.84万,4495.18万,555.66万,9546.47万
2684,300343,ST联创,6.65,0.61%,0.77%,2295.27万,3138.16万,-842.89万,5434.10万
2685,2269,美邦服饰,1.65,0.61%,0.58%,1229.79万,1195.81万,33.98万,2425.93万
2686,2006,精工科技,18.15,0.61%,0.66%,3208.16万,2999.37万,208.79万,6208.26万
2687,882,华联股份,1.65,0.61%,0.95%,2300.07万,1975.93万,324.14万,4281.93万
2688,14,沙河股份,13.19,0.61%,1.39%,2230.46万,2210.41万,20.05万,4440.99万
2689,301565,中仑新材,21.84,0.60%,0.79%,1098.68万,1111.70万,-13.02万,2210.60万
2690,688455,科捷智能,28.33,0.60%,0.83%,2146.71万,1802.33万,344.38万,3950.17万
2691,688665,四方光电,46.94,0.60%,0.36%,1036.59万,660.14万,376.44万,1699.28万
2692,601956,东贝集团,6.72,0.60%,0.42%,878.21万,851.84万,26.37万,1730.85万
2693,688616,西力科技,13.44,0.60%,0.50%,629.25万,573.34万,55.92万,1203.09万
2694,300887,谱尼测试,10.02,0.60%,1.08%,2025.62万,1881.56万,144.06万,3907.38万
2695,603168,莎普爱思,6.69,0.60%,1.57%,2037.30万,1842.09万,195.21万,3879.45万
2696,601066,中信建投,21.97,0.60%,0.08%,7009.84万,4300.11万,2709.73万,1.13亿
2697,600854,春兰股份,5.07,0.60%,0.92%,1293.98万,1117.05万,176.93万,2411.18万
2698,603628,清源股份,13.33,0.60%,1.33%,2636.50万,2163.99万,472.51万,4801.04万
2699,600697,欧亚集团,11.82,0.60%,0.73%,694.66万,630.22万,64.44万,1324.99万
2700,600483,福能股份,10.01,0.60%,0.44%,6013.86万,6284.15万,-270.29万,1.23亿
2701,600460,士兰微,26.74,0.60%,0.70%,1.60亿,1.52亿,776.03万,3.11亿
2702,300550,和仁科技,11.68,0.60%,3.05%,4686.59万,4472.28万,214.31万,9159.11万
2703,300105,龙源技术,6.68,0.60%,0.52%,874.26万,913.60万,-39.34万,1788.26万
2704,2448,中原内配,15.17,0.60%,1.48%,5128.99万,5040.18万,88.81万,1.02亿
2705,2394,联发股份,13.43,0.60%,0.81%,1884.96万,1589.90万,295.06万,3476.33万
2706,2303,美盈森,3.36,0.60%,0.74%,1255.61万,1130.82万,124.79万,2386.73万
2707,301388,欣灵电气,32.39,0.59%,4.86%,2138.26万,2120.92万,17.34万,4259.51万
2708,301330,熵基科技,34.3,0.59%,0.49%,2041.32万,1223.60万,817.72万,3265.26万
2709,300881,盛德鑫泰,45.74,0.59%,3.11%,4389.19万,3743.97万,645.22万,8133.62万
2710,688311,盟升电子,39.16,0.59%,1.16%,3669.29万,4174.41万,-505.12万,7844.48万
2711,603331,百达精工,15.22,0.59%,1.08%,1922.33万,1404.72万,517.61万,3327.21万
2712,603660,苏州科达,10.2,0.59%,1.48%,4725.17万,3900.80万,824.37万,8626.07万
2713,603283,赛腾股份,49.58,0.59%,2.12%,1.39亿,1.47亿,-792.55万,2.86亿
2714,605155,西大门,15.47,0.59%,0.67%,1348.42万,591.42万,757.00万,1940.01万
2715,600742,富维股份,10.16,0.59%,0.46%,1964.93万,1519.22万,445.71万,3484.25万
2716,600320,振华重工,5.09,0.59%,0.46%,3695.21万,4077.72万,-382.51万,7772.98万
2717,600111,北方稀土,49.69,0.59%,1.61%,15.13亿,13.70亿,1.43亿,28.83亿
2718,603818,曲美家居,3.41,0.59%,0.75%,986.23万,749.09万,237.13万,1738.90万
2719,300783,三只松鼠,18.6,0.59%,0.88%,2608.41万,1977.79万,630.61万,4588.06万
2720,300610,晨化股份,11.86,0.59%,1.09%,1137.76万,1006.77万,131.00万,2144.64万
2721,300042,朗科科技,49.06,0.59%,7.65%,3.88亿,3.59亿,2911.54万,7.46亿
2722,2792,通宇通讯,47.42,0.59%,7.38%,6.17亿,5.62亿,5525.93万,11.79亿
2723,2054,德美化工,8.53,0.59%,3.58%,6046.30万,5696.84万,349.46万,1.17亿
2724,89,深圳机场,6.85,0.59%,0.15%,1415.03万,701.87万,713.16万,2116.96万
2725,1388,信通电子,39.68,0.58%,2.31%,1545.25万,1284.71万,260.54万,2833.92万
2726,301633,港迪技术,62.66,0.58%,0.56%,497.51万,398.53万,98.98万,897.92万
2727,688171,纬德信息,48.95,0.58%,1.74%,3548.05万,3446.22万,101.83万,6995.25万
2728,1308,康冠科技,20.78,0.58%,0.19%,1066.12万,871.25万,194.87万,1937.59万
2729,301116,益客食品,10.35,0.58%,0.42%,1226.72万,714.43万,512.29万,1941.25万
2730,688568,中科星图,60.57,0.58%,1.15%,2.84亿,2.76亿,856.32万,5.60亿
2731,688198,佰仁医疗,95.42,0.58%,0.15%,1014.47万,1012.22万,2.25万,2028.60万
2732,300968,格林精密,12.19,0.58%,0.47%,1168.14万,1193.35万,-25.21万,2361.61万
2733,603819,神力股份,13.96,0.58%,1.80%,3264.26万,2178.94万,1085.31万,5443.49万
2734,603688,石英股份,52.1,0.58%,2.87%,4.09亿,3.97亿,1220.25万,8.06亿
2735,605005,合兴股份,20.95,0.58%,0.66%,2275.15万,3207.06万,-931.91万,5482.42万
2736,603329,上海雅仕,10.38,0.58%,0.38%,503.40万,309.05万,194.35万,812.55万
2737,2526,山东矿机,3.47,0.58%,0.55%,1397.71万,1964.72万,-567.01万,3362.64万
2738,2268,电科网安,17.4,0.58%,0.45%,3627.27万,2993.87万,633.40万,6621.48万
2739,688543,国科军工,71.11,0.58%,2.69%,1.16亿,1.07亿,830.94万,2.23亿
2740,688716,中研股份,33.25,0.57%,1.04%,1327.00万,1064.16万,262.84万,2397.65万
2741,603341,龙旗科技,38.97,0.57%,1.42%,7709.58万,7065.39万,644.19万,1.48亿
2742,688558,国盛智科,30.11,0.57%,0.53%,853.32万,1228.52万,-375.20万,2082.54万
2743,603519,立霸股份,14.19,0.57%,1.28%,2519.60万,2341.64万,177.96万,4861.52万
2744,603693,江苏新能,14.06,0.57%,0.79%,5609.80万,4252.49万,1357.31万,9862.43万
2745,603214,爱婴室,15.77,0.57%,1.12%,1301.99万,1118.69万,183.30万,2420.84万
2746,600653,申华控股,1.77,0.57%,0.37%,367.43万,888.62万,-521.19万,1256.06万
2747,600405,动力源,5.26,0.57%,0.82%,1390.55万,1230.40万,160.14万,2621.00万
2748,600359,新农开发,7.01,0.57%,0.95%,1311.30万,1189.47万,121.82万,2504.27万
2749,2510,天汽模,7.1,0.57%,0.84%,2953.10万,3060.61万,-107.51万,6013.77万
2750,688386,泛亚微透,79.02,0.57%,0.75%,2530.20万,2902.41万,-372.21万,5434.18万
2751,2327,富安娜,7.09,0.57%,0.55%,878.53万,1009.99万,-131.47万,1890.65万
2752,688639,华恒生物,28.48,0.56%,0.65%,2577.39万,2056.53万,520.86万,4635.06万
2753,688458,美芯晟,35.7,0.56%,0.72%,1048.41万,1130.98万,-82.56万,2180.11万
2754,688416,恒烁股份,82.54,0.56%,3.06%,9276.70万,1.16亿,-2342.10万,2.09亿
2755,301067,显盈科技,33.95,0.56%,1.10%,1220.50万,1153.31万,67.19万,2374.15万
2756,301069,凯盛新材,21.63,0.56%,0.63%,2253.45万,3526.97万,-1273.52万,5782.80万
2757,688230,芯导科技,64.97,0.56%,0.46%,2112.40万,1360.00万,752.40万,3472.51万
2758,603109,神驰机电,23.23,0.56%,0.92%,2476.74万,1952.36万,524.38万,4436.99万
2759,603050,科林电气,19.78,0.56%,0.52%,2568.19万,1574.55万,993.64万,4144.12万
2760,600831,广电网络,3.58,0.56%,0.88%,1152.08万,1054.63万,97.45万,2210.32万
2761,600489,中金黄金,26.89,0.56%,0.53%,3.51亿,3.37亿,1474.68万,6.88亿
2762,600255,鑫科材料,3.6,0.56%,1.10%,3201.98万,3932.78万,-730.79万,7134.91万
2763,300772,运达股份,16.06,0.56%,2.33%,1.35亿,1.27亿,772.45万,2.62亿
2764,300542,新晨科技,16.3,0.56%,0.91%,1866.55万,1767.18万,99.37万,3640.90万
2765,300386,飞天诚信,14.29,0.56%,0.86%,1556.98万,1503.63万,53.34万,3061.04万
2766,300334,津膜科技,7.21,0.56%,0.83%,1050.50万,733.27万,317.23万,1783.84万
2767,2666,德联集团,5.4,0.56%,0.86%,1208.90万,1114.47万,94.43万,2323.97万
2768,2583,海能达,10.84,0.56%,1.15%,8265.55万,7678.43万,587.12万,1.59亿
2769,301127,武汉天源,16.56,0.55%,0.58%,3946.95万,2346.20万,1600.75万,6293.31万
2770,1380,华纬科技,20.15,0.55%,0.67%,673.09万,509.97万,163.12万,1183.26万
2771,688400,凌云光,47.49,0.55%,1.25%,1.46亿,1.26亿,2021.49万,2.73亿
2772,301298,东利机械,16.35,0.55%,0.63%,594.84万,503.96万,90.89万,1099.29万
2773,301179,泽宇智能,27.32,0.55%,7.18%,2.36亿,2.28亿,777.94万,4.64亿
2774,301226,祥明智能,40.54,0.55%,3.67%,8126.30万,7870.05万,256.25万,1.60亿
2775,688579,地纬智能,10.99,0.55%,0.60%,1303.92万,1335.48万,-31.56万,2639.61万
2776,688116,天奈科技,40.55,0.55%,1.18%,8863.85万,8767.07万,96.79万,1.76亿
2777,688020,方邦股份,91.4,0.55%,1.29%,3983.51万,5699.71万,-1716.19万,9687.79万
2778,300761,立华股份,22.08,0.55%,1.07%,8359.05万,6238.40万,2120.64万,1.46亿
2779,300706,阿石创,36.72,0.55%,2.47%,4897.39万,5419.59万,-522.20万,1.03亿
2780,2670,国盛证券,14.58,0.55%,0.32%,3916.63万,3718.27万,198.36万,7639.28万
2781,301050,雷电微力,49.13,0.55%,1.45%,6835.05万,8099.52万,-1264.47万,1.49亿
2782,819,岳阳兴长,14.7,0.55%,0.42%,1229.74万,1022.57万,207.17万,2252.90万
2783,301371,敷尔佳,24.08,0.54%,0.95%,1013.56万,762.52万,251.04万,1786.44万
2784,3021,兆威机电,100.45,0.54%,0.81%,8323.73万,8536.29万,-212.56万,1.69亿
2785,301081,严牌股份,14.82,0.54%,1.19%,2101.50万,1740.29万,361.21万,3841.94万
2786,603759,海天股份,9.39,0.54%,0.37%,815.57万,765.05万,50.52万,1581.00万
2787,601990,南京证券,7.45,0.54%,0.27%,4484.64万,2971.19万,1513.45万,7456.06万
2788,600958,东方证券,9.33,0.54%,0.35%,1.12亿,1.35亿,-2282.13万,2.46亿
2789,600516,方大炭素,5.59,0.54%,0.56%,5429.24万,7233.62万,-1804.38万,1.27亿
2790,600187,国中水务,1.86,0.54%,0.62%,722.58万,1113.30万,-390.72万,1835.89万
2791,2768,国恩股份,49.91,0.54%,0.54%,2554.33万,2215.64万,338.69万,4770.96万
2792,2735,王子新材,15.02,0.54%,1.31%,2915.98万,2663.39万,252.60万,5579.68万
2793,937,冀中能源,5.56,0.54%,0.24%,3336.14万,1309.91万,2026.23万,4646.10万
2794,539,粤电力A,5.56,0.54%,1.22%,9096.25万,8172.03万,924.22万,1.73亿
2795,63,中兴通讯,35.4,0.54%,1.02%,7.93亿,6.54亿,1.39亿,14.46亿
2796,601059,信达证券,16.99,0.53%,0.10%,2767.00万,2648.07万,118.93万,5415.24万
2797,301083,百胜智能,17.18,0.53%,0.84%,692.76万,542.48万,150.28万,1235.41万
2798,688151,华强科技,20.73,0.53%,0.23%,692.92万,918.67万,-225.74万,1612.01万
2799,301109,军信股份,15.17,0.53%,1.07%,1941.95万,1772.07万,169.88万,3714.33万
2800,603588,高能环境,15.28,0.53%,2.78%,3.10亿,3.34亿,-2337.04万,6.44亿
2801,541,佛山照明,5.71,0.53%,0.23%,860.53万,710.58万,149.95万,1571.33万
2802,600584,长电科技,43.82,0.53%,1.44%,5.71亿,5.53亿,1806.82万,11.23亿
2803,600287,苏豪时尚,5.73,0.53%,0.42%,515.26万,535.80万,-20.54万,1051.18万
2804,2775,文科股份,3.8,0.53%,0.97%,1177.07万,908.27万,268.80万,2085.49万
2805,2500,山西证券,5.7,0.53%,0.26%,2936.29万,2353.24万,583.05万,5290.10万
2806,2110,三钢闽光,3.78,0.53%,0.39%,1844.23万,1753.96万,90.28万,3598.23万
2807,2084,海鸥住工,3.76,0.53%,1.14%,1595.91万,1142.15万,453.75万,2738.25万
2808,969,安泰科技,21.05,0.53%,0.81%,9489.94万,8161.86万,1328.08万,1.77亿
2809,886,海南高速,5.72,0.53%,0.42%,1289.22万,1055.24万,233.98万,2345.83万
2810,300555,ST路通,13.65,0.52%,0.50%,521.47万,826.12万,-304.65万,1348.95万
2811,688153,唯捷创芯,34.55,0.52%,0.46%,2869.23万,3650.92万,-781.69万,6520.20万
2812,2689,ST远智,3.9,0.52%,0.59%,1081.67万,1293.08万,-211.41万,2379.81万
2813,2165,红宝丽,9.68,0.52%,2.42%,8191.26万,8758.62万,-567.36万,1.70亿
2814,300296,利亚德,7.73,0.52%,2.90%,2.47亿,2.56亿,-895.12万,5.03亿
2815,300970,华绿生物,30.76,0.52%,3.73%,6323.04万,4575.44万,1747.60万,1.09亿
2816,2790,瑞尔特,7.7,0.52%,0.45%,535.75万,358.68万,177.07万,894.58万
2817,688165,埃夫特,17.29,0.52%,0.51%,2130.50万,2429.89万,-299.39万,4560.73万
2818,2857,三晖电气,21.14,0.52%,0.90%,1490.97万,929.69万,561.29万,2420.88万
2819,301323,新莱福,63.82,0.52%,2.07%,4906.43万,3960.15万,946.27万,8868.49万
2820,603080,新疆火炬,21.37,0.52%,0.39%,581.83万,599.68万,-17.85万,1181.93万
2821,601858,中国科传,21.4,0.52%,0.59%,5226.25万,4715.13万,511.12万,9960.43万
2822,601099,太平洋,3.83,0.52%,0.69%,1.08亿,7286.49万,3549.34万,1.81亿
2823,600775,南京熊猫,13.46,0.52%,1.16%,4989.56万,5431.31万,-441.75万,1.04亿
2824,600429,三元股份,5.83,0.52%,0.68%,2713.49万,3273.68万,-560.19万,5987.70万
2825,300593,新雷能,27.22,0.52%,2.80%,1.82亿,1.56亿,2611.39万,3.38亿
2826,2841,视源股份,35.08,0.52%,0.54%,4170.98万,5714.74万,-1543.75万,9890.64万
2827,2837,英维克,105.86,0.52%,2.65%,12.16亿,11.64亿,5247.00万,23.80亿
2828,2664,信质集团,21.3,0.52%,0.96%,3645.87万,4594.43万,-948.56万,8242.44万
2829,572,海马汽车,5.83,0.52%,0.98%,4641.98万,4665.86万,-23.88万,9308.84万
2830,529,广弘控股,5.8,0.52%,0.58%,1023.99万,895.21万,128.78万,1919.26万
2831,972,*ST中基,3.92,0.51%,0.92%,1525.60万,1240.94万,284.66万,2766.58万
2832,301418,协昌科技,39.38,0.51%,1.35%,774.36万,788.95万,-14.59万,1563.70万
2833,301172,君逸数码,29.52,0.51%,3.21%,4847.41万,4465.38万,382.03万,9320.76万
2834,688187,时代电气,51.44,0.51%,0.30%,6945.55万,6662.24万,283.31万,1.36亿
2835,301535,浙江华远,19.67,0.51%,0.71%,1434.11万,922.23万,511.89万,2356.53万
2836,603376,大明电子,33.62,0.51%,2.02%,906.77万,1210.46万,-303.70万,2119.92万
2837,688050,爱博医疗,51.34,0.51%,0.35%,1765.72万,1666.82万,98.90万,3433.57万
2838,301136,招标股份,15.87,0.51%,0.92%,2008.83万,1955.21万,53.62万,3964.20万
2839,1206,依依股份,21.64,0.51%,2.82%,2921.86万,3578.86万,-657.00万,6500.94万
2840,688600,皖仪科技,27.47,0.51%,0.93%,2099.70万,1321.15万,778.55万,3421.40万
2841,688126,沪硅产业,17.85,0.51%,0.48%,1.13亿,1.19亿,-673.59万,2.32亿
2842,600399,抚顺特钢,5.88,0.51%,1.03%,6133.13万,5770.98万,362.15万,1.19亿
2843,603855,华荣股份,19.7,0.51%,0.23%,750.31万,755.92万,-5.62万,1506.42万
2844,601928,凤凰传媒,9.76,0.51%,0.12%,2118.16万,825.34万,1292.83万,2945.75万
2845,600791,京能置业,11.93,0.51%,2.48%,7107.99万,6128.51万,979.48万,1.32亿
2846,600048,保利发展,5.97,0.51%,0.36%,1.41亿,1.14亿,2660.58万,2.55亿
2847,300596,利安隆,43.61,0.51%,0.65%,3046.28万,3254.41万,-208.13万,6309.42万
2848,300546,雄帝科技,21.8,0.51%,1.02%,1456.36万,1514.96万,-58.60万,2971.54万
2849,300388,节能国祯,7.93,0.51%,0.28%,762.36万,723.52万,38.84万,1486.27万
2850,300076,GQY视讯,5.87,0.51%,1.33%,1704.97万,1592.62万,112.35万,3297.70万
2851,2228,合兴包装,3.91,0.51%,0.71%,1547.31万,1799.29万,-251.98万,3346.68万
2852,2177,御银股份,7.82,0.51%,4.37%,1.18亿,1.12亿,553.11万,2.30亿
2853,605169,洪通燃气,12.15,0.50%,0.42%,821.40万,618.00万,203.39万,1439.52万
2854,300889,爱克股份,26.01,0.50%,1.20%,2259.30万,2286.26万,-26.96万,4545.82万
2855,603683,晶华新材,28.33,0.50%,2.91%,1.25亿,1.13亿,1147.65万,2.38亿
2856,603681,永冠新材,18.23,0.50%,1.29%,3001.41万,2151.01万,850.40万,5152.79万
2857,603126,中材节能,8.1,0.50%,0.84%,2053.01万,2093.32万,-40.32万,4146.41万
2858,601727,上海电气,8.08,0.50%,0.42%,2.21亿,2.08亿,1346.94万,4.29亿
2859,600992,贵绳股份,11.99,0.50%,0.69%,1090.40万,940.07万,150.33万,2030.58万
2860,600630,龙头股份,7.98,0.50%,0.47%,953.88万,645.46万,308.42万,1599.42万
2861,600400,红豆股份,2.03,0.50%,0.57%,875.00万,1772.66万,-897.67万,2647.82万
2862,600148,长春一东,18.08,0.50%,0.37%,477.45万,464.21万,13.24万,941.84万
2863,300719,安达维尔,16.07,0.50%,1.25%,1829.86万,1762.65万,67.21万,3600.06万
2864,300589,江龙船艇,16.13,0.50%,2.57%,4935.88万,4564.92万,370.96万,9504.19万
2865,300424,航新科技,18.04,0.50%,1.85%,4113.73万,4081.42万,32.31万,8199.28万
2866,300260,新莱应材,48.69,0.50%,1.41%,1.01亿,9575.38万,571.32万,1.97亿
2867,300077,国民技术,22.04,0.50%,2.25%,1.38亿,1.41亿,-299.19万,2.80亿
2868,2682,龙洲股份,6.02,0.50%,1.25%,2027.02万,2196.96万,-169.94万,4224.04万
2869,2648,卫星化学,28.06,0.50%,0.76%,3.17亿,3.95亿,-7746.05万,7.12亿
2870,2608,江苏国信,8.08,0.50%,0.19%,3359.09万,2369.90万,989.18万,5729.07万
2871,300268,*ST佳沃,14.3,0.49%,0.81%,1061.66万,488.70万,572.97万,1550.50万
2872,2086,东方海洋,2.04,0.49%,0.92%,1560.15万,1397.33万,162.82万,2957.89万
2873,688045,必易微,48.89,0.49%,0.97%,1799.22万,1557.46万,241.75万,3358.64万
2874,301268,铭利达,22.75,0.49%,0.45%,2189.66万,1357.38万,832.29万,3547.27万
2875,301177,迪阿股份,28.9,0.49%,0.13%,711.55万,747.71万,-36.16万,1459.55万
2876,300908,仲景食品,28.72,0.49%,0.65%,1161.87万,1153.05万,8.82万,2315.21万
2877,603112,华翔股份,20.48,0.49%,1.49%,8693.79万,7771.07万,922.72万,1.65亿
2878,605066,天正电气,8.24,0.49%,1.00%,1729.40万,2396.05万,-666.65万,4126.19万
2879,603767,中马传动,18.59,0.49%,0.35%,1053.83万,961.23万,92.60万,2015.24万
2880,301575,艾芬达,45.44,0.49%,1.26%,557.24万,437.74万,119.49万,995.44万
2881,600729,重庆百货,22.4,0.49%,0.83%,2054.64万,1503.75万,550.88万,3558.61万
2882,600620,天宸股份,6.14,0.49%,0.42%,853.25万,905.09万,-51.83万,1758.40万
2883,603586,金麒麟,18.31,0.49%,0.45%,840.08万,750.99万,89.09万,1591.61万
2884,600183,生益科技,67.23,0.49%,1.34%,11.04亿,10.60亿,4370.50万,21.64亿
2885,2293,罗莱生活,10.33,0.49%,0.34%,1603.77万,1265.12万,338.65万,2869.00万
2886,926,福星股份,2.05,0.49%,0.98%,1634.58万,1490.78万,143.80万,3125.57万
2887,623,吉林敖东,18.42,0.49%,0.49%,5268.82万,5381.72万,-112.91万,1.07亿
2888,544,中原环保,8.24,0.49%,0.25%,1093.21万,925.93万,167.28万,2020.63万
2889,603312,西典新能,41.45,0.48%,1.23%,1480.29万,1108.07万,372.22万,2588.77万
2890,688729,屹唐股份,23.05,0.48%,1.13%,2462.47万,3141.51万,-679.04万,5604.15万
2891,601065,江盐集团,8.4,0.48%,0.45%,867.97万,701.79万,166.18万,1572.27万
2892,301153,中科江南,25.02,0.48%,0.91%,4231.10万,3343.86万,887.24万,7576.21万
2893,688432,有研硅,14.52,0.48%,0.39%,3569.16万,3534.71万,34.45万,7105.60万
2894,3012,东鹏控股,6.27,0.48%,0.31%,1096.97万,1095.18万,1.79万,2192.35万
2895,300893,松原安全,22.84,0.48%,0.69%,2201.29万,1734.64万,466.65万,3937.98万
2896,603535,嘉诚国际,8.35,0.48%,0.28%,637.38万,550.44万,86.94万,1188.66万
2897,603197,保隆科技,33.18,0.48%,0.48%,1969.68万,1428.28万,541.40万,3398.62万
2898,601890,亚星锚链,10.4,0.48%,1.06%,4973.34万,5604.67万,-631.33万,1.06亿
2899,600740,山西焦化,4.22,0.48%,0.59%,3691.22万,2736.00万,955.22万,6429.33万
2900,600690,海尔智家,21.15,0.48%,0.38%,2.49亿,2.48亿,124.49万,4.97亿
2901,600088,中视传媒,14.56,0.48%,0.41%,1098.61万,1269.49万,-170.89万,2368.25万
2902,600064,南京高科,8.46,0.48%,0.28%,2549.97万,1561.97万,988.00万,4121.66万
2903,300474,景嘉微,61.13,0.48%,0.86%,1.05亿,1.09亿,-449.57万,2.14亿
2904,2041,登海种业,10.43,0.48%,0.54%,2993.36万,1958.75万,1034.61万,4952.42万
2905,603262,技源集团,25.62,0.47%,1.20%,692.12万,532.45万,159.67万,1224.83万
2906,301272,英华特,40.57,0.47%,0.76%,450.12万,512.76万,-62.64万,963.28万
2907,688609,九联科技,8.49,0.47%,0.63%,1307.11万,1343.17万,-36.07万,2651.50万
2908,2836,新宏泽,12.77,0.47%,0.48%,844.53万,570.08万,274.46万,1414.74万
2909,301539,宏鑫科技,19.25,0.47%,0.63%,514.14万,393.42万,120.72万,907.95万
2910,603385,惠达卫浴,6.43,0.47%,0.47%,725.96万,430.30万,295.66万,1156.33万
2911,603836,海程邦达,12.82,0.47%,0.65%,958.88万,742.02万,216.86万,1701.03万
2912,600369,西南证券,4.27,0.47%,0.24%,3521.36万,3195.01万,326.35万,6716.41万
2913,300507,苏奥传感,8.62,0.47%,0.66%,2413.82万,2014.19万,399.62万,4430.94万
2914,2932,明德生物,16.97,0.47%,0.87%,1267.56万,1016.73万,250.83万,2284.46万
2915,2796,世嘉科技,48.8,0.47%,2.19%,1.45亿,9695.81万,4781.33万,2.42亿
2916,2630,ST华西,2.12,0.47%,6.91%,6564.82万,8489.80万,-1924.98万,1.51亿
2917,2094,青岛金王,6.38,0.47%,0.89%,1978.68万,1908.34万,70.34万,3887.08万
2918,637,茂化实华,4.38,0.46%,1.10%,939.39万,787.73万,151.66万,1727.17万
2919,603082,北自科技,36.84,0.46%,0.93%,644.34万,735.96万,-91.63万,1380.67万
2920,2224,三力士,4.35,0.46%,0.71%,961.85万,1514.82万,-552.97万,2476.72万
2921,301089,拓新药业,28.53,0.46%,1.91%,2658.52万,2297.14万,361.38万,4955.95万
2922,2076,*ST星光,2.19,0.46%,1.58%,1999.91万,1585.01万,414.90万,3587.30万
2923,605337,李子园,10.99,0.46%,0.44%,1020.80万,849.61万,171.20万,1870.52万
2924,300958,建工修复,13.17,0.46%,1.87%,1337.68万,879.80万,457.88万,2217.88万
2925,603917,合力科技,13.06,0.46%,0.91%,1225.42万,1191.04万,34.39万,2416.85万
2926,603260,合盛硅业,43.94,0.46%,0.30%,7541.83万,7948.92万,-407.09万,1.55亿
2927,603069,海汽集团,17.5,0.46%,0.63%,2060.03万,1420.25万,639.79万,3487.28万
2928,603350,安乃达,36.9,0.46%,2.38%,1848.45万,2030.31万,-181.86万,3879.13万
2929,600109,国金证券,8.71,0.46%,0.34%,5657.54万,5184.15万,473.39万,1.08亿
2930,2104,恒宝股份,15.31,0.46%,1.59%,7746.80万,6833.23万,913.57万,1.46亿
2931,2009,天奇股份,24.2,0.46%,3.05%,1.35亿,1.27亿,800.56万,2.61亿
2932,868,安凯客车,4.37,0.46%,0.89%,1612.17万,1259.00万,353.17万,2871.22万
2933,2189,中光学,19.89,0.45%,0.47%,1259.19万,1181.42万,77.77万,2441.41万
2934,603048,浙江黎明,22.31,0.45%,0.67%,1093.45万,1101.91万,-8.46万,2195.59万
2935,300883,龙利得,6.65,0.45%,2.69%,2416.86万,3491.66万,-1074.80万,5908.98万
2936,688652,京仪装备,106.99,0.45%,1.47%,7933.08万,1.10亿,-3078.16万,1.89亿
2937,603579,荣泰健康,20.2,0.45%,0.75%,1561.22万,1476.74万,84.49万,3038.37万
2938,600651,飞乐音响,6.77,0.45%,0.31%,3045.68万,2214.70万,830.98万,5261.72万
2939,600639,浦东金桥,11.17,0.45%,0.64%,3394.40万,2666.62万,727.78万,6061.13万
2940,600115,中国东航,4.44,0.45%,0.68%,2.06亿,3.05亿,-9823.12万,5.11亿
2941,300722,新余国科,31.0,0.45%,0.68%,2927.07万,2888.85万,38.23万,5832.35万
2942,300521,爱司凯,26.53,0.45%,0.51%,1066.12万,964.79万,101.33万,2033.57万
2943,300345,华民股份,6.72,0.45%,2.44%,3741.05万,4123.76万,-382.71万,7865.14万
2944,2412,汉森制药,6.75,0.45%,1.23%,1849.38万,2260.04万,-410.66万,4110.43万
2945,2098,浔兴股份,8.96,0.45%,0.29%,417.33万,498.85万,-81.52万,918.42万
2946,776,广发证券,19.95,0.45%,0.53%,2.86亿,3.39亿,-5318.34万,6.25亿
2947,20,深华发A,15.8,0.45%,1.66%,2597.03万,2120.46万,476.57万,4717.64万
2948,1318,阳光乳业,13.64,0.44%,0.47%,750.58万,1033.46万,-282.89万,1785.41万
2949,603257,中国瑞林,56.43,0.44%,1.36%,1058.88万,847.19万,211.69万,1906.63万
2950,300864,南大环境,20.43,0.44%,0.24%,355.89万,412.54万,-56.65万,768.63万
2951,688538,和辉光电,2.28,0.44%,0.30%,1763.24万,2225.90万,-462.66万,3990.05万
2952,688509,正元地信,4.54,0.44%,0.80%,731.24万,653.55万,77.69万,1384.95万
2953,300997,欢乐家,20.61,0.44%,1.21%,4979.96万,4820.52万,159.44万,9801.73万
2954,300981,中红医疗,13.8,0.44%,1.35%,3674.42万,3578.68万,95.75万,7253.24万
2955,300915,海融科技,22.75,0.44%,0.49%,334.09万,303.37万,30.72万,637.92万
2956,688758,赛分科技,20.67,0.44%,1.35%,4319.62万,4060.13万,259.49万,8380.17万
2957,601515,衢州东峰,4.57,0.44%,1.04%,4789.51万,4407.52万,381.99万,9197.08万
2958,600999,招商证券,15.92,0.44%,0.23%,1.54亿,1.19亿,3513.61万,2.74亿
2959,600562,国睿科技,27.45,0.44%,0.41%,6861.65万,7196.40万,-334.75万,1.41亿
2960,600203,福日电子,11.5,0.44%,1.28%,4408.74万,4278.46万,130.28万,8688.34万
2961,300354,东华测试,36.81,0.44%,1.25%,1794.46万,1927.65万,-133.19万,3722.48万
2962,2732,燕塘乳业,16.12,0.44%,0.45%,510.49万,614.71万,-104.22万,1125.37万
2963,2626,金达威,18.3,0.44%,0.33%,1869.04万,1753.35万,115.68万,3623.49万
2964,2534,西子洁能,18.18,0.44%,0.69%,5434.44万,4898.19万,536.25万,1.03亿
2965,975,山金国际,29.98,0.44%,0.48%,1.96亿,1.65亿,3065.67万,3.62亿
2966,688314,康拓医疗,48.7,0.43%,1.47%,2775.50万,3009.04万,-233.54万,5784.62万
2967,2979,雷赛智能,39.38,0.43%,0.90%,4144.52万,3675.46万,469.06万,7825.93万
2968,688069,德林海,34.86,0.43%,0.91%,1912.27万,1678.43万,233.84万,3592.09万
2969,3008,开普检测,23.15,0.43%,1.22%,1205.66万,975.59万,230.08万,2181.71万
2970,300695,兆丰股份,71.95,0.43%,0.52%,1951.35万,1865.93万,85.41万,3818.72万
2971,600737,中粮糖业,14.1,0.43%,0.39%,5956.79万,5839.90万,116.88万,1.18亿
2972,603131,上海沪工,21.05,0.43%,1.10%,4143.58万,3646.57万,497.01万,7800.67万
2973,603931,格林达,27.97,0.43%,0.55%,1728.78万,1300.55万,428.23万,3030.17万
2974,603797,联泰环保,4.68,0.43%,0.31%,401.50万,417.28万,-15.78万,820.74万
2975,603337,杰克科技,39.82,0.43%,0.27%,2360.61万,2679.16万,-318.55万,5040.16万
2976,603267,鸿远电子,51.41,0.43%,1.06%,6549.78万,6003.30万,546.48万,1.26亿
2977,603030,全筑股份,2.35,0.43%,0.65%,907.41万,1088.18万,-180.77万,1995.62万
2978,601111,中国国航,7.01,0.43%,0.33%,1.15亿,1.53亿,-3747.66万,2.68亿
2979,688049,炬芯科技,46.85,0.43%,1.10%,4778.04万,4255.82万,522.22万,9036.18万
2980,300771,智莱科技,13.93,0.43%,1.55%,1951.39万,1886.66万,64.73万,3838.32万
2981,300247,融捷健康,4.63,0.43%,0.53%,971.20万,998.63万,-27.44万,1969.92万
2982,300096,ST易联众,9.24,0.43%,0.84%,1385.86万,1904.19万,-518.33万,3291.89万
2983,2724,海洋王,7.04,0.43%,0.51%,955.38万,1079.40万,-124.02万,2034.85万
2984,2541,鸿路钢构,21.22,0.43%,0.43%,2391.62万,2110.88万,280.74万,4503.56万
2985,2249,大洋电机,9.4,0.43%,0.67%,4600.07万,7078.03万,-2477.96万,1.17亿
2986,2120,韵达股份,6.93,0.43%,1.23%,1.27亿,1.15亿,1134.90万,2.42亿
2987,709,河钢股份,2.33,0.43%,0.35%,4390.98万,3967.59万,423.39万,8358.72万
2988,1205,盛航股份,14.37,0.42%,0.62%,761.71万,727.98万,33.72万,1490.26万
2989,301591,肯特股份,42.54,0.42%,1.54%,1221.91万,995.71万,226.20万,2218.05万
2990,301600,慧翰股份,105.86,0.42%,1.16%,1980.61万,1955.25万,25.35万,3936.92万
2991,603977,国泰集团,14.41,0.42%,1.34%,5938.49万,6034.14万,-95.64万,1.20亿
2992,601615,明阳智能,16.56,0.42%,1.62%,3.26亿,2.83亿,4330.95万,6.09亿
2993,601368,绿城水务,4.81,0.42%,0.28%,715.65万,456.60万,259.05万,1172.30万
2994,600469,风神股份,7.17,0.42%,1.64%,4944.99万,3612.98万,1332.01万,8559.75万
2995,300652,雷迪克,43.38,0.42%,0.59%,1403.19万,1660.01万,-256.81万,3065.37万
2996,300441,鲍斯股份,7.13,0.42%,0.22%,439.79万,548.30万,-108.51万,988.17万
2997,2753,永东股份,7.25,0.42%,1.07%,1093.87万,789.38万,304.49万,1883.40万
2998,2716,湖南白银,11.99,0.42%,4.34%,6.01亿,6.02亿,-140.56万,12.03亿
2999,2632,道明光学,12.05,0.42%,0.88%,3004.84万,3078.82万,-73.98万,6083.78万
3000,2250,联化科技,16.63,0.42%,0.94%,6545.19万,7348.61万,-803.42万,1.39亿
3001,2067,景兴纸业,4.77,0.42%,0.86%,2487.16万,2981.64万,-494.48万,5468.84万
3002,889,中嘉博创,4.76,0.42%,23.40%,4.73亿,4.64亿,944.65万,9.37亿
3003,401,金隅冀东,4.75,0.42%,0.23%,1471.64万,1420.60万,51.04万,2892.29万
3004,301293,三博脑科,68.81,0.41%,2.28%,1.20亿,1.30亿,-1024.23万,2.50亿
3005,301665,泰禾股份,27.0,0.41%,1.46%,2047.47万,2048.86万,-1.39万,4097.94万
3006,688475,萤石网络,29.38,0.41%,0.56%,6456.26万,6535.53万,-79.27万,1.30亿
3007,688523,航天环宇,69.19,0.41%,7.17%,2.24亿,2.52亿,-2792.45万,4.76亿
3008,301103,何氏眼科,19.41,0.41%,0.59%,680.61万,699.47万,-18.85万,1380.27万
3009,605077,华康股份,14.73,0.41%,0.41%,924.65万,883.25万,41.40万,1821.45万
3010,688682,霍莱沃,48.58,0.41%,1.60%,3586.56万,4349.27万,-762.72万,7937.68万
3011,688378,奥来德,37.05,0.41%,0.83%,4448.47万,2906.14万,1542.33万,7355.35万
3012,688577,浙海德曼,66.74,0.41%,0.29%,1042.86万,1115.99万,-73.13万,2160.86万
3013,2852,道道全,9.81,0.41%,0.71%,988.84万,992.96万,-4.12万,1981.90万
3014,603706,东方环宇,19.53,0.41%,0.20%,424.01万,300.36万,123.65万,724.57万
3015,600846,同济科技,12.2,0.41%,0.11%,413.80万,420.81万,-7.01万,839.98万
3016,300780,德恩精工,24.32,0.41%,5.44%,6744.23万,7334.52万,-590.28万,1.41亿
3017,2846,英联股份,14.63,0.41%,0.79%,1553.53万,1431.35万,122.18万,2985.02万
3018,2544,普天科技,26.78,0.41%,0.86%,9028.60万,6527.77万,2500.84万,1.56亿
3019,2326,永太科技,24.75,0.41%,2.96%,2.72亿,3.21亿,-4859.63万,5.94亿
3020,2241,歌尔股份,24.2,0.41%,1.08%,4.33亿,3.90亿,4265.52万,8.24亿
3021,717,中南股份,2.45,0.41%,0.30%,928.59万,865.77万,62.82万,1794.44万
3022,688312,燕麦科技,60.9,0.40%,2.90%,1.24亿,1.32亿,-826.36万,2.55亿
3023,2991,甘源食品,50.36,0.40%,0.48%,682.80万,529.68万,153.12万,1213.48万
3024,601112,振石股份,20.0,0.40%,3.84%,6013.48万,7641.84万,-1628.36万,1.37亿
3025,688248,南网科技,59.5,0.40%,1.10%,1.79亿,1.86亿,-691.40万,3.65亿
3026,603123,翠微股份,12.65,0.40%,3.07%,1.17亿,1.37亿,-2016.87万,2.54亿
3027,300856,科思股份,12.53,0.40%,0.21%,617.27万,580.00万,37.27万,1197.64万
3028,688057,金达莱,12.44,0.40%,0.14%,260.49万,223.47万,37.02万,484.21万
3029,603181,皇马科技,15.05,0.40%,0.30%,1411.96万,1212.37万,199.59万,2624.49万
3030,603225,新凤鸣,17.79,0.40%,0.48%,7393.82万,6964.14万,429.69万,1.44亿
3031,601996,丰林集团,2.54,0.40%,1.26%,2058.96万,1522.46万,536.50万,3581.65万
3032,300622,博士眼镜,24.95,0.40%,1.44%,2615.11万,2958.07万,-342.95万,5575.91万
3033,300008,天海防务,7.57,0.40%,1.45%,8711.04万,9384.71万,-673.67万,1.81亿
3034,2570,贝因美,5.05,0.40%,0.80%,2358.65万,1984.61万,374.04万,4343.31万
3035,2210,飞马国际,2.54,0.40%,0.72%,2647.25万,2211.58万,435.67万,4859.31万
3036,2123,梦网科技,9.93,0.40%,1.97%,7580.25万,6374.44万,1205.81万,1.40亿
3037,716,黑芝麻,5.15,0.39%,0.70%,1511.51万,1152.56万,358.94万,2664.13万
3038,3035,南网能源,7.81,0.39%,1.58%,2.40亿,2.26亿,1337.67万,4.66亿
3039,3000,劲仔食品,10.38,0.39%,0.49%,1017.19万,542.06万,475.13万,1559.36万
3040,600828,茂业商业,5.18,0.39%,0.33%,1642.75万,1291.33万,351.42万,2935.63万
3041,603002,宏昌电子,12.93,0.39%,6.16%,4.26亿,4.76亿,-5063.12万,9.02亿
3042,601678,滨化股份,5.09,0.39%,1.02%,5974.83万,4657.99万,1316.84万,1.06亿
3043,600988,赤峰黄金,43.47,0.39%,1.18%,3.95亿,4.48亿,-5302.48万,8.42亿
3044,600816,建元信托,2.56,0.39%,0.28%,1799.13万,2049.93万,-250.80万,3851.62万
3045,600580,卧龙电驱,38.2,0.39%,1.03%,2.89亿,3.31亿,-4220.37万,6.19亿
3046,600547,山东黄金,38.93,0.39%,0.53%,4.08亿,3.34亿,7327.05万,7.42亿
3047,600530,交大昂立,5.19,0.39%,0.45%,903.13万,903.35万,-2168.00,1808.14万
3048,600505,西昌电力,12.8,0.39%,0.98%,2544.51万,1995.62万,548.90万,4540.51万
3049,600333,长春燃气,5.21,0.39%,0.51%,781.95万,828.56万,-46.61万,1610.56万
3050,600117,西宁特钢,2.56,0.39%,0.09%,260.95万,496.83万,-235.88万,780.40万
3051,300753,爱朋医疗,28.25,0.39%,2.11%,2676.04万,2539.18万,136.86万,5215.80万
3052,300030,阳普医疗,7.73,0.39%,1.16%,1159.62万,1266.15万,-106.53万,2426.24万
3053,2937,兴瑞科技,31.17,0.39%,1.23%,6021.75万,5350.23万,671.52万,1.14亿
3054,2395,双象股份,17.9,0.39%,1.45%,4009.23万,2966.90万,1042.33万,6981.32万
3055,789,万年青,5.11,0.39%,0.36%,738.59万,719.82万,18.77万,1458.46万
3056,755,山西高速,5.13,0.39%,0.15%,576.40万,548.37万,28.03万,1124.82万
3057,985,大庆华科,18.68,0.38%,0.43%,569.78万,462.69万,107.09万,1032.85万
3058,301287,康力源,42.6,0.38%,3.07%,1287.08万,940.32万,346.76万,2227.83万
3059,1373,翔腾新材,34.52,0.38%,2.12%,1172.33万,1228.25万,-55.92万,2401.26万
3060,301301,川宁生物,10.49,0.38%,1.76%,5844.52万,5586.06万,258.45万,1.14亿
3061,688636,智明达,44.62,0.38%,1.36%,5278.03万,4817.40万,460.62万,1.01亿
3062,688236,春立医疗,20.9,0.38%,0.54%,1644.56万,1597.32万,47.24万,3242.71万
3063,2186,全聚德,10.59,0.38%,1.25%,2069.18万,1966.02万,103.17万,4035.84万
3064,301296,新巨丰,7.88,0.38%,0.27%,509.01万,390.28万,118.73万,899.69万
3065,300141,和顺电气,13.27,0.38%,1.22%,1983.44万,2090.87万,-107.43万,4075.10万
3066,300350,华鹏飞,5.28,0.38%,1.78%,1969.09万,2446.91万,-477.82万,4416.68万
3067,688728,格科微,13.22,0.38%,0.21%,3391.23万,3403.69万,-12.46万,6795.18万
3068,603238,诺邦股份,15.85,0.38%,0.72%,1108.98万,905.38万,203.60万,2014.52万
3069,600207,安彩高科,5.35,0.38%,1.40%,4505.60万,3660.54万,845.06万,8166.19万
3070,603696,安记食品,15.71,0.38%,1.24%,2606.47万,1949.75万,656.72万,4556.38万
3071,603160,汇顶科技,68.69,0.38%,0.50%,8500.80万,7586.15万,914.66万,1.61亿
3072,603011,合锻智能,21.4,0.38%,1.72%,9092.13万,9048.60万,43.53万,1.81亿
3073,2767,先锋电子,21.38,0.38%,0.64%,993.14万,788.55万,204.59万,1781.91万
3074,2635,安洁科技,15.91,0.38%,4.49%,1.49亿,1.31亿,1801.43万,2.81亿
3075,2106,莱宝高科,10.63,0.38%,0.55%,1724.11万,2394.98万,-670.87万,4119.19万
3076,1396,誉帆科技,45.95,0.37%,1.94%,1027.22万,944.60万,82.61万,1972.28万
3077,301522,上大股份,32.18,0.37%,0.74%,3165.16万,3515.00万,-349.84万,6682.75万
3078,688249,晶合集成,29.64,0.37%,0.81%,1.34亿,1.51亿,-1690.88万,2.84亿
3079,1337,四川黄金,48.36,0.37%,1.11%,1.24亿,9994.93万,2437.75万,2.24亿
3080,2818,富森美,10.78,0.37%,0.36%,633.72万,505.40万,128.32万,1139.56万
3081,603916,苏博特,10.72,0.37%,0.72%,1381.19万,1858.53万,-477.35万,3239.83万
3082,603313,梦百合,8.03,0.37%,0.26%,641.18万,557.08万,84.11万,1198.34万
3083,600558,大西洋,5.43,0.37%,0.83%,2163.49万,1848.33万,315.16万,4016.17万
3084,601136,首创证券,16.46,0.37%,0.12%,2930.31万,2252.57万,677.75万,5183.05万
3085,300673,佩蒂股份,16.24,0.37%,1.14%,1374.98万,1585.39万,-210.41万,2961.67万
3086,300239,东宝生物,5.36,0.37%,0.79%,1324.05万,1140.99万,183.06万,2468.10万
3087,300034,钢研高纳,19.17,0.37%,0.84%,5932.77万,6343.49万,-410.72万,1.23亿
3088,2935,天奥电子,18.78,0.37%,0.76%,2918.64万,3007.93万,-89.29万,5926.94万
3089,2449,国星光电,8.09,0.37%,0.85%,2144.04万,2107.67万,36.38万,4251.87万
3090,885,城发环境,13.56,0.37%,0.50%,2559.81万,1790.63万,769.18万,4351.12万
3091,566,海南海药,5.49,0.37%,1.77%,6591.27万,5939.73万,651.54万,1.25亿
3092,603194,中力股份,33.81,0.36%,0.38%,1021.06万,1018.38万,2.68万,2039.78万
3093,603395,红四方,27.97,0.36%,1.55%,1582.60万,1224.96万,357.64万,2807.84万
3094,300784,利安科技,50.02,0.36%,2.11%,865.42万,909.52万,-44.10万,1776.44万
3095,2127,南极电商,2.8,0.36%,0.43%,1122.91万,1247.86万,-124.95万,2370.80万
3096,300942,易瑞生物,8.47,0.36%,0.89%,1443.89万,1577.19万,-133.30万,3021.16万
3097,605007,五洲特纸,14.05,0.36%,0.49%,1537.99万,1211.32万,326.67万,2749.44万
3098,603538,美诺华,55.7,0.36%,21.99%,13.84亿,12.52亿,1.32亿,26.36亿
3099,603128,华贸物流,5.65,0.36%,0.29%,871.77万,1259.31万,-387.54万,2131.14万
3100,603079,圣达生物,16.6,0.36%,0.55%,936.27万,783.69万,152.58万,1720.13万
3101,601518,吉林高速,2.8,0.36%,0.43%,1002.96万,1291.09万,-288.13万,2294.15万
3102,601116,三江购物,14.1,0.36%,0.73%,3271.97万,2341.15万,930.81万,5613.82万
3103,600099,林海股份,11.26,0.36%,0.64%,736.08万,840.55万,-104.47万,1576.96万
3104,300429,强力新材,13.75,0.36%,1.25%,3347.40万,3527.51万,-180.11万,6875.05万
3105,2759,天际股份,36.34,0.36%,7.07%,6.05亿,6.88亿,-8275.60万,12.93亿
3106,2702,海欣食品,5.6,0.36%,1.05%,1525.39万,1161.72万,363.67万,2687.16万
3107,2470,金正大,2.8,0.36%,2.60%,1.34亿,1.04亿,2941.04万,2.38亿
3108,2056,横店东磁,19.4,0.36%,0.89%,1.39亿,1.41亿,-226.53万,2.80亿
3109,2053,云南能投,11.19,0.36%,0.37%,1848.58万,1926.52万,-77.94万,3775.21万
3110,708,中信特钢,16.65,0.36%,0.08%,3440.75万,3292.89万,147.86万,6733.81万
3111,2005,ST德豪,2.89,0.35%,0.25%,700.62万,548.20万,152.42万,1248.85万
3112,301595,太力科技,48.92,0.35%,4.19%,2439.20万,2543.22万,-104.02万,4983.39万
3113,1202,炬申股份,17.0,0.35%,0.48%,569.33万,376.11万,193.22万,945.61万
3114,688285,高铁电气,8.58,0.35%,0.36%,551.39万,601.16万,-49.77万,1152.73万
3115,300963,中洲特材,17.16,0.35%,0.84%,2451.84万,2460.76万,-8.92万,4912.95万
3116,300999,金龙鱼,28.35,0.35%,0.74%,5454.07万,5864.72万,-410.66万,1.13亿
3117,601233,桐昆股份,20.26,0.35%,0.83%,2.16亿,1.79亿,3704.57万,3.95亿
3118,600619,海立股份,17.26,0.35%,1.27%,8628.03万,8663.98万,-35.95万,1.73亿
3119,600395,盘江股份,5.68,0.35%,0.59%,3495.07万,3700.42万,-205.36万,7196.29万
3120,600120,浙江东方,5.74,0.35%,0.79%,7516.38万,7846.88万,-330.50万,1.54亿
3121,300468,四方精创,31.69,0.35%,2.49%,1.89亿,2.29亿,-3935.65万,4.18亿
3122,300349,金卡智能,14.21,0.35%,0.81%,1940.95万,2304.72万,-363.77万,4246.10万
3123,688612,威迈斯,31.74,0.35%,1.42%,5527.44万,5790.85万,-263.41万,1.13亿
3124,2851,麦格米特,105.96,0.35%,2.02%,5.03亿,4.72亿,3021.92万,9.75亿
3125,2246,北化股份,25.62,0.35%,1.48%,1.06亿,1.02亿,395.78万,2.08亿
3126,2234,民和股份,8.69,0.35%,0.78%,1026.40万,999.22万,27.18万,2025.70万
3127,906,浙商中拓,5.72,0.35%,0.30%,685.44万,532.25万,153.19万,1217.76万
3128,2513,蓝丰生化,5.97,0.34%,1.15%,1146.30万,827.45万,318.85万,1975.13万
3129,301456,盘古智能,29.35,0.34%,1.14%,1096.11万,911.18万,184.93万,2007.59万
3130,2729,好利科技,20.54,0.34%,2.33%,3973.41万,4386.66万,-413.25万,8360.29万
3131,301168,通灵股份,44.05,0.34%,1.20%,2830.93万,2148.03万,682.90万,4979.40万
3132,300171,东富龙,14.93,0.34%,0.46%,1805.57万,2027.05万,-221.47万,3833.07万
3133,301056,森赫股份,14.8,0.34%,1.09%,1473.49万,1373.50万,99.99万,2847.13万
3134,688206,概伦电子,32.9,0.34%,0.62%,4346.86万,4477.06万,-130.21万,8825.24万
3135,301009,可靠股份,11.8,0.34%,0.47%,501.41万,327.17万,174.24万,828.94万
3136,601022,宁波远洋,8.78,0.34%,0.29%,1637.16万,1751.21万,-114.05万,3388.46万
3137,603928,兴业股份,14.76,0.34%,0.47%,903.14万,910.41万,-7.28万,1813.70万
3138,601686,友发集团,5.83,0.34%,0.12%,580.48万,463.57万,116.92万,1044.11万
3139,6,深振业A,8.81,0.34%,0.52%,2664.47万,3513.08万,-848.60万,6177.64万
3140,603662,柯力传感,56.68,0.34%,0.53%,3594.93万,4903.84万,-1308.91万,8502.17万
3141,603365,水星家纺,20.9,0.34%,0.46%,1670.63万,825.74万,844.90万,2497.21万
3142,603177,德创环保,11.67,0.34%,1.61%,1991.12万,1816.43万,174.69万,3809.42万
3143,600739,辽宁成大,11.72,0.34%,0.29%,2450.10万,2768.61万,-318.50万,5218.83万
3144,600712,南宁百货,5.95,0.34%,0.47%,800.26万,677.16万,123.10万,1477.47万
3145,600502,安徽建工,5.88,0.34%,1.99%,9954.20万,1.02亿,-289.66万,2.02亿
3146,300397,天和防务,11.89,0.34%,1.16%,2590.28万,3021.40万,-431.11万,5612.87万
3147,2688,金河生物,5.9,0.34%,0.89%,2263.89万,1657.25万,606.63万,3925.04万
3148,42,中洲控股,8.82,0.34%,0.39%,1176.05万,1091.33万,84.72万,2267.46万
3149,2045,国光电器,11.88,0.34%,0.52%,1645.41万,1810.09万,-164.68万,3457.05万
3150,301305,朗坤科技,27.09,0.33%,2.05%,3457.50万,3397.73万,59.77万,6855.78万
3151,2285,世联行,3.08,0.33%,1.16%,3603.44万,3385.68万,217.76万,6990.66万
3152,301108,洁雅股份,27.52,0.33%,0.93%,911.11万,745.92万,165.20万,1657.31万
3153,688170,德龙激光,57.38,0.33%,3.36%,1.01亿,9602.29万,547.59万,1.98亿
3154,688109,品茗科技,122.36,0.33%,0.96%,5327.06万,4067.35万,1259.71万,9399.40万
3155,603580,*ST艾艾,18.5,0.33%,0.83%,1052.67万,948.20万,104.48万,2001.06万
3156,603901,永创智能,12.15,0.33%,1.90%,5697.66万,5561.24万,136.42万,1.13亿
3157,603667,五洲新春,70.42,0.33%,4.77%,5.40亿,7.09亿,-1.68亿,12.49亿
3158,601377,兴业证券,6.04,0.33%,0.55%,1.23亿,1.66亿,-4227.10万,2.89亿
3159,600874,创业环保,6.12,0.33%,0.30%,1152.67万,1137.35万,15.32万,2290.08万
3160,600736,苏州高新,6.13,0.33%,0.54%,1681.94万,2105.63万,-423.68万,3787.63万
3161,600642,申能股份,9.17,0.33%,0.28%,6801.73万,5979.99万,821.74万,1.28亿
3162,600596,新安股份,12.11,0.33%,1.00%,8323.98万,8042.24万,281.75万,1.64亿
3163,600303,曙光股份,3.03,0.33%,1.41%,1258.83万,1618.73万,-359.90万,2879.08万
3164,600273,嘉化能源,9.03,0.33%,0.43%,2549.70万,2518.32万,31.38万,5068.21万
3165,600163,中闽能源,6.1,0.33%,0.89%,4888.71万,5336.60万,-447.89万,1.02亿
3166,600131,国网信通,18.34,0.33%,0.61%,6176.51万,6983.76万,-807.25万,1.32亿
3167,300667,必创科技,18.02,0.33%,1.72%,2378.60万,2964.45万,-585.85万,5343.23万
3168,2958,青农商行,3.0,0.33%,0.53%,3559.72万,5082.29万,-1522.57万,8642.91万
3169,2939,长城证券,9.22,0.33%,0.23%,4087.54万,3416.43万,671.11万,7504.25万
3170,2879,长缆科技,21.41,0.33%,3.27%,4744.57万,4720.37万,24.20万,9465.79万
3171,2007,华兰生物,15.07,0.33%,0.38%,4813.87万,4115.08万,698.79万,8929.10万
3172,2656,*ST摩登,3.11,0.32%,0.66%,857.06万,523.19万,333.87万,1380.87万
3173,688720,艾森股份,76.04,0.32%,2.29%,4636.25万,5175.69万,-539.45万,9813.47万
3174,688775,影石创新,195.52,0.32%,1.22%,3695.22万,4123.71万,-428.49万,7822.83万
3175,301356,天振股份,21.74,0.32%,0.81%,518.57万,439.86万,78.71万,958.65万
3176,301107,瑜欣电子,27.91,0.32%,0.99%,915.52万,708.68万,206.83万,1624.76万
3177,605069,正和生态,12.46,0.32%,1.12%,1418.37万,1539.67万,-121.30万,2958.16万
3178,600408,安泰集团,3.16,0.32%,1.53%,2449.43万,2420.90万,28.53万,4870.97万
3179,603970,中农立华,12.66,0.32%,0.26%,432.83万,457.22万,-24.38万,890.18万
3180,601788,光大证券,15.62,0.32%,0.23%,6460.08万,7542.65万,-1082.57万,1.40亿
3181,601577,长沙银行,9.5,0.32%,0.22%,4720.57万,3608.66万,1111.91万,8358.01万
3182,600962,国投中鲁,18.67,0.32%,0.38%,1117.33万,724.88万,392.46万,1842.95万
3183,600826,兰生股份,9.52,0.32%,0.25%,878.25万,849.88万,28.37万,1728.23万
3184,600691,潞化科技,3.14,0.32%,0.82%,2963.22万,3136.56万,-173.34万,6099.82万
3185,600477,杭萧钢构,3.15,0.32%,0.85%,2912.10万,3415.57万,-503.47万,6327.79万
3186,300708,聚灿光电,9.48,0.32%,1.86%,5134.19万,7329.35万,-2195.16万,1.25亿
3187,300139,晓程科技,56.79,0.32%,7.82%,5.48亿,4.76亿,7207.46万,10.25亿
3188,300129,泰胜风能,12.45,0.32%,2.12%,9806.58万,9248.71万,557.87万,1.91亿
3189,2945,华林证券,15.73,0.32%,0.21%,4618.39万,4251.76万,366.63万,8870.31万
3190,2391,长青股份,6.22,0.32%,0.55%,820.07万,763.80万,56.27万,1583.99万
3191,2185,华天科技,12.5,0.32%,1.22%,2.51亿,2.46亿,445.36万,4.97亿
3192,2139,拓邦股份,12.42,0.32%,0.46%,2929.96万,3170.96万,-241.00万,6101.42万
3193,888,峨眉山A,12.52,0.32%,1.58%,5713.65万,4659.72万,1053.94万,1.04亿
3194,630,铜陵有色,6.29,0.32%,1.08%,3.48亿,4.09亿,-6068.27万,7.57亿
3195,752,ST西发,9.73,0.31%,1.30%,1490.18万,1877.46万,-387.28万,3368.12万
3196,688373,盟科药业,6.38,0.31%,1.34%,2822.67万,2295.21万,527.47万,5118.01万
3197,300882,万胜智能,22.98,0.31%,0.72%,2058.07万,2312.05万,-253.99万,4370.81万
3198,603893,瑞芯微,171.01,0.31%,0.95%,3.40亿,3.44亿,-426.26万,6.84亿
3199,300582,英飞特,12.91,0.31%,1.66%,2597.46万,2123.82万,473.64万,4721.67万
3200,603967,中创物流,12.92,0.31%,0.33%,720.58万,738.00万,-17.42万,1458.71万
3201,603758,秦安股份,12.74,0.31%,0.20%,529.00万,608.86万,-79.85万,1138.24万
3202,601881,中国银河,13.03,0.31%,0.28%,1.08亿,1.54亿,-4563.69万,2.62亿
3203,601878,浙商证券,9.7,0.31%,0.23%,5490.04万,4660.86万,829.18万,1.02亿
3204,601188,龙江交通,3.28,0.31%,0.50%,1012.33万,1117.03万,-104.70万,2134.01万
3205,600006,东风股份,6.38,0.31%,0.17%,1030.24万,1178.08万,-147.84万,2208.39万
3206,300735,光弘科技,22.31,0.31%,0.52%,4422.08万,4314.28万,107.81万,8737.25万
3207,2891,中宠股份,41.97,0.31%,4.23%,2.84亿,2.85亿,-145.53万,5.69亿
3208,2367,康力电梯,6.43,0.31%,0.47%,921.87万,1490.90万,-569.03万,2412.84万
3209,2133,广宇集团,3.28,0.31%,1.30%,1631.25万,1625.31万,5.94万,3256.73万
3210,921,海信家电,22.62,0.31%,0.41%,4139.34万,4255.50万,-116.17万,8396.89万
3211,301331,恩威医药,26.63,0.30%,0.55%,747.93万,735.43万,12.50万,1483.62万
3212,3030,祖名股份,20.23,0.30%,0.93%,829.20万,659.50万,169.70万,1488.91万
3213,688469,芯联集成,6.63,0.30%,0.63%,8193.39万,1.03亿,-2061.44万,1.85亿
3214,688489,三未信安,39.58,0.30%,0.28%,513.88万,770.82万,-256.94万,1284.74万
3215,603201,常润股份,16.49,0.30%,0.23%,398.89万,300.29万,98.60万,699.51万
3216,603382,海阳科技,27.1,0.30%,1.08%,678.89万,379.53万,299.36万,1058.70万
3217,688177,百奥泰,23.44,0.30%,0.73%,3839.36万,3179.56万,659.80万,7020.43万
3218,603307,扬州金泉,39.66,0.30%,0.16%,217.02万,200.15万,16.88万,419.94万
3219,603886,元祖股份,13.28,0.30%,0.85%,1299.69万,1413.83万,-114.13万,2713.92万
3220,605108,同庆楼,16.78,0.30%,0.46%,929.14万,1084.07万,-154.93万,2013.38万
3221,300562,乐心医疗,13.39,0.30%,1.43%,1722.60万,1371.38万,351.22万,3094.12万
3222,603909,建发合诚,13.31,0.30%,4.18%,5895.95万,8747.67万,-2851.72万,1.46亿
3223,603486,科沃斯,62.8,0.30%,0.54%,9198.18万,1.03亿,-1091.06万,1.95亿
3224,603360,百傲化学,26.48,0.30%,0.69%,6531.16万,6351.00万,180.16万,1.29亿
3225,600724,宁波富达,6.76,0.30%,0.34%,1676.11万,1622.27万,53.83万,3298.51万
3226,600708,光明地产,3.35,0.30%,0.40%,1228.33万,1724.81万,-496.47万,2953.17万
3227,600938,中国海油,37.0,0.30%,1.04%,5.45亿,5.94亿,-4870.35万,11.39亿
3228,600116,三峡水利,6.58,0.30%,0.28%,1997.67万,1464.45万,533.22万,3464.55万
3229,300676,华大基因,40.35,0.30%,0.52%,4335.49万,4292.67万,42.83万,8628.97万
3230,300360,炬华科技,16.45,0.30%,0.64%,2440.41万,2821.15万,-380.74万,5261.73万
3231,2898,*ST赛隆,13.48,0.30%,0.82%,667.59万,454.76万,212.83万,1122.62万
3232,2254,泰和新材,10.09,0.30%,1.42%,5081.23万,7124.55万,-2043.33万,1.22亿
3233,697,ST炼石,10.01,0.30%,0.42%,1125.37万,1653.62万,-528.24万,2779.39万
3234,531,穗恒运A,6.64,0.30%,0.80%,2414.85万,2403.22万,11.63万,4818.15万
3235,27,深圳能源,6.69,0.30%,0.26%,4009.08万,4354.65万,-345.57万,8364.31万
3236,2356,赫美集团,3.43,0.29%,0.90%,1747.26万,2281.21万,-533.95万,4028.81万
3237,688717,艾罗能源,106.32,0.29%,4.41%,2.33亿,2.31亿,288.45万,4.64亿
3238,688545,兴福电子,52.23,0.29%,1.93%,7894.88万,1.03亿,-2401.46万,1.82亿
3239,603869,ST智知,10.5,0.29%,0.10%,322.23万,204.18万,118.05万,527.15万
3240,603222,济民健康,10.46,0.29%,5.43%,1.54亿,1.43亿,1086.41万,2.97亿
3241,600933,爱柯迪,17.34,0.29%,0.58%,5565.10万,4327.15万,1237.96万,9895.54万
3242,600866,星湖科技,6.94,0.29%,0.60%,2791.94万,2450.96万,340.98万,5243.04万
3243,600783,鲁信创投,20.74,0.29%,0.82%,6400.51万,6235.72万,164.79万,1.26亿
3244,600559,老白干酒,13.61,0.29%,0.34%,2544.79万,1707.61万,837.18万,4255.12万
3245,600409,三友化工,6.86,0.29%,0.74%,4794.99万,5620.63万,-825.65万,1.04亿
3246,2535,林州重机,3.47,0.29%,0.63%,854.99万,777.46万,77.53万,1632.80万
3247,2489,浙江永强,3.45,0.29%,0.42%,1559.25万,1242.69万,316.56万,2801.98万
3248,952,广济药业,6.95,0.29%,1.05%,1369.04万,1136.41万,232.63万,2505.93万
3249,910,大亚圣象,7.0,0.29%,0.28%,491.60万,559.89万,-68.29万,1051.55万
3250,833,粤桂股份,24.15,0.29%,3.61%,1.99亿,1.96亿,261.75万,3.95亿
3251,731,四川美丰,6.98,0.29%,2.07%,4684.78万,3236.24万,1448.53万,7921.10万
3252,1218,丽臣实业,25.22,0.28%,0.93%,1250.05万,911.98万,338.08万,2162.28万
3253,301258,富士莱,32.35,0.28%,0.45%,567.20万,727.61万,-160.40万,1295.13万
3254,688252,天德钰,21.59,0.28%,0.44%,1792.41万,2082.32万,-289.92万,3876.74万
3255,300996,普联软件,17.65,0.28%,3.34%,6714.86万,7143.38万,-428.51万,1.39亿
3256,3022,联泓新科,21.68,0.28%,0.39%,5946.58万,5423.34万,523.25万,1.14亿
3257,688517,金冠电气,21.33,0.28%,2.22%,2963.19万,3427.84万,-464.65万,6391.47万
3258,605300,佳禾食品,10.83,0.28%,0.10%,250.66万,226.65万,24.01万,477.42万
3259,688468,科美诊断,7.23,0.28%,0.39%,720.13万,390.70万,329.43万,1111.02万
3260,300946,恒而达,46.06,0.28%,0.41%,736.39万,683.49万,52.90万,1422.18万
3261,688586,江航装备,14.45,0.28%,0.49%,2381.89万,3222.02万,-840.13万,5632.80万
3262,300829,金丹科技,18.19,0.28%,1.76%,2750.56万,2269.49万,481.06万,5023.68万
3263,688018,乐鑫科技,151.52,0.28%,0.85%,1.07亿,9398.59万,1313.74万,2.01亿
3264,603599,广信股份,14.24,0.28%,0.38%,2409.16万,2492.32万,-83.16万,4902.48万
3265,603589,口子窖,25.06,0.28%,0.23%,1750.48万,1653.51万,96.97万,3404.25万
3266,601238,广汽集团,7.28,0.28%,0.07%,2031.30万,1997.88万,33.41万,4029.25万
3267,601128,常熟银行,7.15,0.28%,0.87%,1.15亿,9256.66万,2290.69万,2.08亿
3268,600873,梅花生物,10.8,0.28%,0.49%,8574.97万,6432.20万,2142.76万,1.50亿
3269,600864,哈投股份,7.23,0.28%,3.50%,2.64亿,2.64亿,-10.10万,5.28亿
3270,600782,新钢股份,3.54,0.28%,0.67%,3403.40万,4085.16万,-681.76万,7488.82万
3271,600515,海南机场,3.63,0.28%,0.28%,3804.39万,5657.27万,-1852.88万,9461.71万
3272,600177,雅戈尔,7.29,0.28%,0.30%,5345.66万,4733.28万,612.38万,1.01亿
3273,300733,西菱动力,18.09,0.28%,1.09%,1916.05万,2538.45万,-622.41万,4455.41万
3274,2596,海南瑞泽,3.56,0.28%,0.95%,2058.24万,1813.92万,244.32万,3872.24万
3275,2276,万马股份,14.32,0.28%,0.82%,5651.94万,6213.79万,-561.85万,1.19亿
3276,2099,海翔药业,7.13,0.28%,0.66%,3454.26万,4116.02万,-661.75万,7570.91万
3277,837,秦川机床,10.88,0.28%,0.51%,2542.95万,3077.89万,-534.95万,5623.02万
3278,603072,天和磁材,37.14,0.27%,0.75%,2024.99万,1496.27万,528.73万,3521.63万
3279,603205,健尔康,25.97,0.27%,0.50%,301.45万,230.83万,70.63万,534.62万
3280,301586,佳力奇,44.07,0.27%,1.09%,1116.12万,1407.87万,-291.76万,2524.43万
3281,600698,湖南天雁,7.3,0.27%,0.58%,1609.36万,1891.54万,-282.18万,3501.04万
3282,2069,獐子岛,3.71,0.27%,0.69%,914.57万,900.92万,13.65万,1815.57万
3283,603270,金帝股份,26.08,0.27%,2.39%,2102.06万,2289.77万,-187.71万,4394.18万
3284,688358,祥生医疗,29.72,0.27%,0.37%,641.08万,594.03万,47.05万,1238.09万
3285,605338,巴比食品,26.02,0.27%,0.29%,988.59万,846.34万,142.24万,1835.45万
3286,603678,火炬电子,33.2,0.27%,0.95%,6745.23万,8207.11万,-1461.88万,1.50亿
3287,601628,中国人寿,37.8,0.27%,0.05%,1.73亿,1.93亿,-2051.27万,3.66亿
3288,600790,轻纺城,3.69,0.27%,0.21%,606.86万,522.19万,84.67万,1129.94万
3289,600033,福建高速,3.67,0.27%,0.47%,1932.62万,2796.09万,-863.47万,4728.74万
3290,300341,麦克奥迪,14.97,0.27%,0.48%,1964.84万,1724.81万,240.03万,3690.40万
3291,300135,宝利国际,3.75,0.27%,1.00%,1758.30万,1689.77万,68.53万,3448.63万
3292,2887,绿茵生态,11.29,0.27%,0.75%,945.82万,887.15万,58.67万,1833.08万
3293,2782,可立克,22.13,0.27%,0.98%,5781.89万,4655.62万,1126.26万,1.04亿
3294,2673,西部证券,7.36,0.27%,0.27%,5489.54万,3430.22万,2059.32万,8921.76万
3295,767,晋控电力,3.76,0.27%,2.20%,1.15亿,1.25亿,-1047.94万,2.40亿
3296,2351,漫步者,11.39,0.26%,0.46%,1676.67万,1069.77万,606.90万,2746.55万
3297,688189,南新制药,7.76,0.26%,1.13%,1158.05万,1216.33万,-58.28万,2374.87万
3298,603221,爱丽家居,11.4,0.26%,0.27%,403.67万,327.94万,75.73万,731.72万
3299,300062,中能电气,7.71,0.26%,2.29%,3536.65万,4491.79万,-955.14万,8029.21万
3300,605499,东鹏饮料,194.01,0.26%,0.52%,2.50亿,2.72亿,-2231.93万,5.22亿
3301,603333,尚纬股份,7.78,0.26%,0.54%,1259.40万,1308.79万,-49.39万,2568.35万
3302,601236,红塔证券,7.79,0.26%,0.12%,2241.82万,2120.95万,120.86万,4363.24万
3303,600814,杭州解百,7.61,0.26%,0.49%,1457.25万,1288.10万,169.15万,2745.58万
3304,603948,建业股份,27.0,0.26%,0.37%,780.77万,844.30万,-63.52万,1625.34万
3305,600496,精工钢构,3.89,0.26%,0.48%,1853.23万,1907.84万,-54.61万,3761.11万
3306,600458,时代新材,11.79,0.26%,0.54%,2736.55万,2700.70万,35.85万,5437.60万
3307,600308,华泰股份,3.85,0.26%,0.31%,823.71万,1006.89万,-183.18万,1830.63万
3308,2584,西陇科学,7.59,0.26%,1.08%,1838.18万,2004.39万,-166.21万,3842.64万
3309,2375,亚厦股份,3.88,0.26%,0.31%,875.04万,737.19万,137.85万,1612.27万
3310,2172,澳洋健康,3.83,0.26%,0.90%,1290.26万,1320.50万,-30.24万,2610.83万
3311,2171,楚江新材,11.47,0.26%,0.81%,6880.68万,8062.46万,-1181.78万,1.49亿
3312,58,深赛格,8.0,0.25%,0.27%,1056.85万,1090.47万,-33.62万,2148.20万
3313,301390,经纬股份,35.54,0.25%,2.53%,1338.24万,1398.07万,-59.82万,2737.02万
3314,688070,纵横股份,48.58,0.25%,0.71%,1474.62万,1529.82万,-55.20万,3005.41万
3315,688047,龙芯中科,142.06,0.25%,0.75%,2.14亿,2.15亿,-162.12万,4.29亿
3316,688606,奥泰生物,61.05,0.25%,0.15%,251.28万,474.18万,-222.89万,726.69万
3317,688388,嘉元科技,48.72,0.25%,3.12%,3.35亿,3.50亿,-1464.48万,6.85亿
3318,603665,康隆达,28.37,0.25%,0.69%,1829.87万,1258.32万,571.55万,3089.33万
3319,603081,大丰实业,12.13,0.25%,0.66%,1715.92万,1633.39万,82.53万,3349.43万
3320,601375,中原证券,4.06,0.25%,0.36%,2758.65万,2357.87万,400.78万,5117.25万
3321,600853,龙建股份,3.97,0.25%,0.39%,817.26万,759.70万,57.56万,1577.15万
3322,600660,福耀玻璃,59.18,0.25%,0.32%,1.80亿,2.01亿,-2017.59万,3.81亿
3323,600598,北大荒,16.15,0.25%,0.99%,1.50亿,1.33亿,1756.13万,2.83亿
3324,600563,法拉电子,123.53,0.25%,1.58%,2.15亿,2.25亿,-958.71万,4.40亿
3325,600197,伊力特,12.08,0.25%,0.27%,950.38万,586.24万,364.13万,1536.74万
3326,600057,厦门象屿,7.92,0.25%,0.30%,2651.77万,2334.00万,317.76万,4985.85万
3327,300423,昇辉科技,8.11,0.25%,1.75%,2143.50万,2539.22万,-395.72万,4683.13万
3328,2641,公元股份,4.09,0.25%,0.25%,595.61万,571.34万,24.27万,1171.04万
3329,520,凤凰航运,4.02,0.25%,0.59%,1265.02万,1140.64万,124.38万,2405.94万
3330,301381,赛维时代,20.55,0.24%,0.97%,2202.59万,1698.17万,504.42万,3901.17万
3331,301155,海力风电,66.43,0.24%,1.53%,6197.48万,6334.10万,-136.61万,1.26亿
3332,301228,实朴检测,53.43,0.24%,2.71%,8392.27万,9107.93万,-715.66万,1.75亿
3333,301180,万祥科技,20.9,0.24%,2.41%,3608.36万,4574.70万,-966.35万,8183.25万
3334,301501,恒鑫生活,37.76,0.24%,0.60%,554.25万,431.19万,123.06万,986.57万
3335,601568,北元集团,4.11,0.24%,0.21%,1624.56万,1725.70万,-101.14万,3355.44万
3336,601555,东吴证券,8.37,0.24%,0.34%,7189.62万,7051.46万,138.16万,1.42亿
3337,601108,财通证券,8.38,0.24%,0.37%,6816.23万,7751.54万,-935.31万,1.46亿
3338,600545,卓郎智能,4.18,0.24%,4.03%,1.29亿,1.72亿,-4251.92万,3.01亿
3339,600373,中文传媒,8.49,0.24%,0.25%,1391.00万,1505.70万,-114.70万,2896.79万
3340,600150,中国船舶,32.79,0.24%,0.41%,4.99亿,5.08亿,-899.43万,10.06亿
3341,300779,惠城环保,89.36,0.24%,1.38%,1.18亿,8093.32万,3702.17万,1.99亿
3342,300623,捷捷微电,28.67,0.24%,0.86%,9613.41万,9252.86万,360.55万,1.89亿
3343,300600,国瑞科技,12.66,0.24%,0.63%,1025.28万,1317.88万,-292.61万,2343.41万
3344,300313,*ST天山,8.27,0.24%,0.71%,388.68万,774.56万,-385.88万,1163.32万
3345,2778,中晟高科,20.68,0.24%,0.89%,1198.98万,1050.12万,148.86万,2249.72万
3346,2251,步步高,4.22,0.24%,0.77%,3548.28万,3440.89万,107.38万,6989.26万
3347,2208,合肥城建,12.3,0.24%,1.71%,8348.82万,8477.96万,-129.15万,1.68亿
3348,848,承德露露,8.2,0.24%,0.52%,2471.97万,1789.98万,681.99万,4262.36万
3349,678,襄阳轴承,12.63,0.24%,1.28%,3205.02万,4218.73万,-1013.71万,7426.91万
3350,50,深天马A,8.27,0.24%,0.36%,3605.74万,3603.79万,1.95万,7212.52万
3351,301363,美好医疗,26.11,0.23%,0.77%,3837.83万,3690.55万,147.28万,7530.98万
3352,300920,润阳科技,39.59,0.23%,0.79%,1111.36万,947.36万,163.99万,2059.12万
3353,600979,广安爱众,4.41,0.23%,1.21%,3096.77万,3453.68万,-356.91万,6550.58万
3354,605179,一鸣食品,17.54,0.23%,0.30%,1143.05万,959.64万,183.40万,2102.87万
3355,603366,日出东方,8.89,0.23%,1.46%,4799.65万,5671.88万,-872.23万,1.05亿
3356,603517,ST绝味,12.8,0.23%,0.20%,834.78万,682.98万,151.80万,1518.65万
3357,603339,四方科技,13.14,0.23%,0.25%,439.33万,558.13万,-118.79万,997.59万
3358,601086,国芳集团,8.9,0.23%,0.36%,1134.23万,972.24万,161.99万,2113.41万
3359,600774,汉商集团,8.85,0.23%,0.56%,716.47万,724.57万,-8.10万,1441.22万
3360,600506,统一股份,21.35,0.23%,0.87%,1647.67万,1902.94万,-255.27万,3551.47万
3361,2926,华西证券,8.64,0.23%,0.32%,2914.90万,4213.98万,-1299.08万,7128.97万
3362,2266,浙富控股,4.41,0.23%,0.55%,5985.69万,5779.79万,205.90万,1.18亿
3363,603137,恒尚节能,13.37,0.22%,1.09%,597.97万,475.24万,122.74万,1073.34万
3364,300718,长盛轴承,71.76,0.22%,0.99%,6665.99万,7215.41万,-549.43万,1.39亿
3365,301035,润丰股份,78.05,0.22%,0.20%,2256.72万,2141.06万,115.66万,4398.56万
3366,688626,翔宇医疗,59.11,0.22%,0.53%,2129.40万,2842.96万,-713.56万,4974.49万
3367,688686,奥普特,103.45,0.22%,0.63%,4329.92万,3691.61万,638.31万,8029.80万
3368,603991,至正股份,110.18,0.22%,1.49%,5682.12万,6407.95万,-725.83万,1.21亿
3369,300916,朗特智能,31.2,0.22%,1.02%,1574.41万,1378.44万,195.97万,2954.73万
3370,300862,蓝盾光电,22.61,0.22%,1.09%,1907.74万,1800.92万,106.83万,3708.89万
3371,601699,潞安环能,13.4,0.22%,0.38%,8826.00万,6428.71万,2397.29万,1.53亿
3372,600722,金牛化工,13.83,0.22%,3.78%,1.77亿,1.75亿,208.21万,3.53亿
3373,600718,东软集团,9.1,0.22%,0.77%,4001.94万,4322.88万,-320.93万,8325.83万
3374,600925,苏能股份,4.56,0.22%,0.17%,584.88万,619.62万,-34.75万,1204.55万
3375,600059,古越龙山,8.93,0.22%,0.32%,1338.96万,1217.46万,121.50万,2556.87万
3376,300545,联得装备,32.6,0.22%,2.96%,5309.00万,6165.48万,-856.48万,1.15亿
3377,2270,华明装备,27.78,0.22%,0.78%,9248.84万,9981.17万,-732.33万,1.92亿
3378,532,华金资本,13.68,0.22%,0.82%,1586.03万,2243.28万,-657.25万,3829.71万
3379,603107,上海汽配,14.57,0.21%,0.22%,389.86万,298.44万,91.42万,688.59万
3380,688646,ST逸飞,51.4,0.21%,0.62%,1043.19万,750.62万,292.57万,1847.60万
3381,301170,锡南科技,28.93,0.21%,1.65%,914.14万,685.08万,229.06万,1599.51万
3382,688319,欧林生物,29.0,0.21%,1.05%,6720.54万,5611.57万,1108.97万,1.23亿
3383,301021,英诺激光,58.53,0.21%,1.14%,5220.39万,4888.06万,332.33万,1.01亿
3384,605488,福莱新材,33.98,0.21%,1.18%,5360.54万,5789.11万,-428.57万,1.12亿
3385,601177,杭齿前进,14.63,0.21%,0.39%,1195.21万,1063.49万,131.72万,2259.28万
3386,601456,国联民生,9.33,0.21%,0.24%,5510.98万,4252.14万,1258.84万,9764.32万
3387,688065,凯赛生物,48.61,0.21%,0.29%,3891.67万,4329.63万,-437.96万,8222.28万
3388,601008,连云港,4.83,0.21%,0.27%,782.69万,800.49万,-17.80万,1583.23万
3389,605111,新洁能,37.77,0.21%,1.05%,7380.45万,9144.94万,-1764.49万,1.65亿
3390,601939,建设银行,9.48,0.21%,0.65%,2.89亿,3.01亿,-1241.87万,5.91亿
3391,601000,唐山港,4.81,0.21%,0.34%,5094.75万,4421.70万,673.05万,9516.70万
3392,600990,四创电子,23.8,0.21%,0.75%,2675.62万,2097.19万,578.43万,4774.94万
3393,600560,金自天正,14.59,0.21%,0.65%,1173.56万,920.16万,253.39万,2093.86万
3394,600419,天润乳业,9.72,0.21%,0.68%,1156.05万,913.75万,242.30万,2069.89万
3395,600236,桂冠电力,9.7,0.21%,0.09%,3574.75万,3475.27万,99.49万,7051.47万
3396,300259,新天科技,4.82,0.21%,1.05%,2752.57万,3122.86万,-370.29万,5875.62万
3397,300022,吉峰科技,9.73,0.21%,2.87%,6802.33万,6987.17万,-184.84万,1.38亿
3398,2888,惠威科技,18.89,0.21%,1.34%,961.93万,914.98万,46.95万,1877.66万
3399,2346,柘中股份,18.99,0.21%,0.29%,1185.35万,1008.61万,176.74万,2194.15万
3400,799,酒鬼酒,43.85,0.21%,1.05%,8305.17万,6715.65万,1589.52万,1.50亿
3401,557,西部创业,4.68,0.21%,0.18%,659.18万,556.88万,102.30万,1216.11万
3402,166,申万宏源,4.76,0.21%,0.19%,1.17亿,8713.93万,2950.85万,2.04亿
3403,301246,宏源药业,24.58,0.20%,9.05%,1.91亿,1.85亿,662.12万,3.76亿
3404,688426,康为世纪,20.41,0.20%,1.24%,515.96万,449.47万,66.49万,965.93万
3405,301491,汉桑科技,50.83,0.20%,1.00%,722.65万,721.73万,9194.00,1447.94万
3406,301119,正强股份,45.19,0.20%,0.74%,1805.82万,1012.53万,793.29万,2819.25万
3407,301058,中粮科工,9.93,0.20%,0.51%,1317.50万,1242.36万,75.14万,2560.65万
3408,300965,恒宇信通,55.4,0.20%,0.58%,812.81万,895.22万,-82.41万,1734.07万
3409,3039,顺控发展,14.72,0.20%,0.18%,808.26万,814.57万,-6.31万,1622.98万
3410,300848,美瑞新材,14.89,0.20%,0.76%,1536.19万,1335.42万,200.78万,2871.76万
3411,300832,新产业,46.05,0.20%,0.46%,6687.19万,7685.47万,-998.27万,1.44亿
3412,603187,海容冷链,14.95,0.20%,0.46%,1492.38万,1129.20万,363.18万,2621.73万
3413,601888,中国中免,68.52,0.20%,0.50%,3.53亿,3.11亿,4222.34万,6.64亿
3414,600330,天通股份,19.84,0.20%,5.96%,7.53亿,7.07亿,4592.30万,14.60亿
3415,600258,首旅酒店,15.4,0.20%,0.90%,7310.32万,8109.74万,-799.41万,1.54亿
3416,300415,伊之密,25.67,0.20%,0.73%,3674.57万,4850.55万,-1175.99万,8525.38万
3417,300147,ST香雪,9.86,0.20%,1.08%,3498.14万,3501.25万,-3.12万,7001.35万
3418,2429,兆驰股份,10.23,0.20%,0.95%,2.09亿,2.28亿,-1860.15万,4.37亿
3419,720,新能泰山,4.98,0.20%,6.37%,2.17亿,1.79亿,3794.17万,3.97亿
3420,1212,中旗新材,48.47,0.19%,1.46%,6906.30万,5451.80万,1454.50万,1.24亿
3421,300804,广康生化,47.67,0.19%,4.43%,2947.95万,2830.19万,117.76万,5779.58万
3422,688428,诺诚健华,31.23,0.19%,4.26%,1.79亿,1.76亿,272.37万,3.55亿
3423,2593,日上集团,5.3,0.19%,1.19%,1665.91万,1864.82万,-198.91万,3530.93万
3424,600983,惠而浦,10.8,0.19%,0.57%,2292.77万,2399.80万,-107.02万,4692.89万
3425,603789,*ST星农,5.34,0.19%,0.34%,168.20万,296.35万,-128.15万,472.45万
3426,600805,悦达投资,5.26,0.19%,0.54%,1071.61万,1320.90万,-249.29万,2392.61万
3427,600635,大众公用,5.37,0.19%,0.52%,3267.73万,3414.07万,-146.34万,6681.87万
3428,600390,五矿资本,5.33,0.19%,0.23%,2854.52万,2614.25万,240.26万,5468.87万
3429,2903,宇环数控,31.11,0.19%,4.62%,7786.22万,7523.23万,262.99万,1.53亿
3430,2423,中粮资本,10.36,0.19%,0.22%,2111.31万,3034.03万,-922.72万,5145.64万
3431,2004,华邦健康,5.24,0.19%,0.63%,2888.23万,3291.51万,-403.27万,6180.04万
3432,733,振华科技,46.85,0.19%,0.85%,1.17亿,1.05亿,1233.22万,2.22亿
3433,567,海德股份,5.33,0.19%,0.25%,1120.83万,1459.55万,-338.72万,2580.44万
3434,59,华锦股份,5.28,0.19%,0.60%,2618.52万,2425.56万,192.97万,5044.13万
3435,1356,富岭股份,11.04,0.18%,0.41%,411.63万,492.29万,-80.66万,904.03万
3436,688121,卓然股份,10.88,0.18%,0.64%,929.70万,475.11万,454.60万,1405.12万
3437,603230,内蒙新华,11.18,0.18%,0.71%,1147.34万,1633.09万,-485.76万,2797.20万
3438,759,中百集团,5.51,0.18%,1.07%,1763.11万,2076.82万,-313.72万,3839.98万
3439,688607,康众医疗,62.41,0.18%,2.71%,8300.44万,6366.22万,1934.22万,1.47亿
3440,301687,新广益,56.72,0.18%,5.29%,3830.82万,5078.76万,-1247.94万,8910.14万
3441,603500,祥和实业,11.21,0.18%,0.56%,1150.63万,921.12万,229.51万,2071.86万
3442,600982,宁波能源,5.66,0.18%,3.78%,1.17亿,1.23亿,-591.85万,2.39亿
3443,600802,福建水泥,5.63,0.18%,0.89%,1364.38万,921.92万,442.46万,2286.47万
3444,600178,东安动力,11.38,0.18%,0.51%,1248.53万,1471.58万,-223.05万,2720.23万
3445,600107,ST尔雅,5.63,0.18%,0.39%,478.77万,318.20万,160.57万,797.25万
3446,300765,新诺威,34.03,0.18%,0.60%,1.55亿,1.28亿,2692.86万,2.83亿
3447,2869,金溢科技,22.14,0.18%,1.10%,1781.68万,2034.67万,-253.00万,3816.57万
3448,2718,友邦吊顶,74.3,0.18%,1.23%,4679.70万,3704.52万,975.18万,8385.71万
3449,2302,西部建设,5.62,0.18%,0.25%,815.24万,924.78万,-109.55万,1740.25万
3450,777,中核科技,22.64,0.18%,0.89%,3754.47万,3967.57万,-213.10万,7722.26万
3451,521,长虹美菱,5.69,0.18%,0.33%,717.11万,923.62万,-206.51万,1643.57万
3452,519,中兵红箭,17.69,0.17%,0.68%,8420.54万,8342.76万,77.78万,1.68亿
3453,2968,新大正,11.77,0.17%,0.47%,661.89万,525.36万,136.53万,1187.37万
3454,707,双环科技,5.85,0.17%,0.78%,1273.01万,1255.50万,17.50万,2529.68万
3455,301220,亚香股份,41.24,0.17%,1.45%,2292.15万,2356.27万,-64.12万,4650.07万
3456,688525,佰维存储,285.89,0.17%,6.73%,44.12亿,45.27亿,-1.14亿,89.39亿
3457,688017,绿的谐波,206.86,0.17%,1.56%,2.76亿,3.21亿,-4459.54万,5.97亿
3458,688708,佳驰科技,52.9,0.17%,0.23%,787.24万,936.48万,-149.24万,1737.90万
3459,603626,科森科技,24.14,0.17%,4.74%,3.10亿,3.32亿,-2210.92万,6.42亿
3460,603606,东方电缆,59.3,0.17%,0.67%,1.28亿,1.47亿,-1945.46万,2.75亿
3461,603258,电魂网络,18.04,0.17%,0.30%,678.29万,617.81万,60.47万,1296.82万
3462,600895,张江高科,36.42,0.17%,0.52%,1.32亿,1.58亿,-2640.47万,2.90亿
3463,600860,京城股份,11.87,0.17%,1.52%,3909.85万,4069.56万,-159.71万,7979.65万
3464,600825,新华传媒,5.94,0.17%,0.37%,993.52万,1312.43万,-318.91万,2306.00万
3465,600777,*ST新潮,5.83,0.17%,0.29%,4926.65万,6021.86万,-1095.21万,1.10亿
3466,300180,华峰超纤,6.01,0.17%,0.51%,2246.28万,2989.41万,-743.13万,5236.29万
3467,2422,科伦药业,35.76,0.17%,0.93%,1.93亿,2.36亿,-4317.97万,4.30亿
3468,701,厦门信达,5.84,0.17%,0.79%,1406.55万,1663.74万,-257.19万,3070.40万
3469,301289,国缆检测,55.48,0.16%,0.40%,1014.77万,684.18万,330.59万,1699.50万
3470,600817,宇通重工,12.44,0.16%,0.54%,1718.02万,1885.07万,-167.05万,3603.22万
3471,600358,ST联合,6.46,0.16%,1.23%,1867.66万,2110.30万,-242.64万,3983.33万
3472,688320,禾川科技,31.25,0.16%,0.65%,1503.48万,1559.49万,-56.02万,3063.60万
3473,2553,南方精工,25.4,0.16%,2.19%,6191.37万,7770.41万,-1579.04万,1.40亿
3474,605118,力鼎光电,42.87,0.16%,0.58%,4560.23万,5409.28万,-849.04万,9969.95万
3475,601801,皖新传媒,6.12,0.16%,0.23%,1283.60万,1430.52万,-146.92万,2714.73万
3476,601949,中国出版,6.3,0.16%,0.22%,1010.95万,1594.94万,-584.00万,2606.52万
3477,600903,贵州燃气,6.26,0.16%,0.21%,588.65万,925.86万,-337.21万,1514.58万
3478,600859,王府井,12.3,0.16%,0.46%,3119.33万,3201.05万,-81.72万,6322.84万
3479,600755,厦门国贸,6.36,0.16%,0.24%,1560.08万,1726.79万,-166.71万,3287.69万
3480,600354,敦煌种业,6.31,0.16%,1.82%,3103.68万,2906.38万,197.29万,6014.78万
3481,300759,康龙化成,31.35,0.16%,1.46%,3.51亿,2.97亿,5376.00万,6.48亿
3482,300641,正丹股份,18.71,0.16%,1.03%,5248.64万,4762.09万,486.56万,1.00亿
3483,300584,海辰药业,43.77,0.16%,3.36%,6663.07万,5352.79万,1310.28万,1.20亿
3484,2034,旺能环境,18.76,0.16%,0.96%,3619.03万,4191.36万,-572.33万,7810.77万
3485,2027,分众传媒,6.31,0.16%,0.51%,2.34亿,2.32亿,186.82万,4.66亿
3486,768,中航西飞,24.71,0.16%,0.40%,1.16亿,1.59亿,-4265.02万,2.75亿
3487,301529,福赛科技,115.5,0.15%,9.32%,2.53亿,2.53亿,62.68万,5.06亿
3488,953,河化股份,6.64,0.15%,0.70%,946.23万,751.22万,195.00万,1697.51万
3489,301608,博实结,85.9,0.15%,1.37%,2234.18万,2455.72万,-221.55万,4691.61万
3490,300977,深圳瑞捷,19.78,0.15%,1.01%,1048.96万,833.30万,215.65万,1882.86万
3491,603655,朗博科技,39.5,0.15%,0.62%,1328.08万,1259.45万,68.63万,2588.31万
3492,603569,长久物流,6.85,0.15%,0.25%,545.56万,485.30万,60.26万,1030.93万
3493,600985,淮北矿业,13.75,0.15%,0.35%,7297.43万,5804.94万,1492.49万,1.31亿
3494,300048,合康新能,6.79,0.15%,0.89%,3050.50万,3763.41万,-712.91万,6815.26万
3495,858,五粮液,103.71,0.15%,0.14%,2.84亿,2.84亿,-55.63万,5.68亿
3496,333,美的集团,77.61,0.15%,0.20%,5.23亿,5.20亿,299.41万,10.43亿
3497,1322,箭牌家居,7.37,0.14%,0.23%,606.29万,725.84万,-119.55万,1332.21万
3498,300834,星辉环材,41.5,0.14%,3.20%,1.24亿,1.31亿,-739.29万,2.56亿
3499,1278,一彬科技,21.45,0.14%,1.13%,1027.45万,1026.58万,8740.00,2054.24万
3500,301568,思泰克,55.28,0.14%,4.73%,6432.67万,5930.27万,502.40万,1.24亿
3501,3025,思进智能,13.86,0.14%,1.11%,2092.27万,1387.53万,704.74万,3479.94万
3502,301005,超捷股份,167.42,0.14%,5.37%,6.19亿,5.80亿,3851.60万,11.99亿
3503,3037,三和管桩,7.14,0.14%,0.21%,513.20万,387.68万,125.52万,901.45万
3504,601328,交通银行,6.94,0.14%,0.28%,2.77亿,2.24亿,5272.86万,5.01亿
3505,600733,北汽蓝谷,7.2,0.14%,0.45%,8107.51万,7656.89万,450.62万,1.58亿
3506,600628,新世界,7.18,0.14%,0.49%,1154.61万,1135.16万,19.45万,2289.84万
3507,603004,鼎龙科技,22.92,0.13%,1.74%,1141.55万,1207.62万,-66.07万,2349.40万
3508,688581,安杰思,56.03,0.13%,0.21%,208.68万,274.93万,-66.25万,484.31万
3509,688733,壹石通,29.77,0.13%,1.46%,4283.87万,4355.51万,-71.63万,8639.97万
3510,2134,天津普林,22.26,0.13%,2.58%,6861.26万,7350.91万,-489.65万,1.42亿
3511,2650,ST加加,7.5,0.13%,0.48%,2051.53万,1953.02万,98.51万,4004.63万
3512,603868,飞科电器,31.85,0.13%,0.11%,725.62万,781.03万,-55.41万,1506.97万
3513,600509,天富能源,7.95,0.13%,1.17%,6629.71万,6120.95万,508.76万,1.28亿
3514,600060,海信视像,23.1,0.13%,0.37%,5447.68万,5784.20万,-336.52万,1.12亿
3515,300762,上海瀚讯,39.18,0.13%,3.11%,3.94亿,3.76亿,1801.35万,7.70亿
3516,300519,新光药业,15.25,0.13%,1.05%,910.55万,905.90万,4.65万,1816.61万
3517,300144,宋城演艺,7.86,0.13%,0.72%,6182.50万,7095.91万,-913.41万,1.33亿
3518,2617,露笑科技,7.65,0.13%,1.20%,7694.05万,9496.43万,-1802.38万,1.72亿
3519,721,西安饮食,8.0,0.13%,1.87%,3614.31万,4034.76万,-420.45万,7649.86万
3520,501,武商集团,8.58,0.12%,0.40%,1204.53万,1392.02万,-187.49万,2596.64万
3521,603210,泰鸿万立,16.83,0.12%,0.51%,1001.10万,1000.19万,9038.00,2001.45万
3522,1316,润贝航科,48.72,0.12%,0.88%,2698.69万,2043.13万,655.56万,4742.30万
3523,301557,常友科技,114.25,0.12%,7.64%,7836.64万,7813.71万,22.93万,1.57亿
3524,670,盈方微,8.01,0.12%,2.95%,8624.23万,1.07亿,-2097.17万,1.93亿
3525,603319,美湖股份,34.79,0.12%,1.62%,1.02亿,9102.95万,1047.60万,1.93亿
3526,603193,润本股份,24.54,0.12%,3.10%,3424.90万,4403.05万,-978.15万,7830.41万
3527,301333,诺思格,69.34,0.12%,1.27%,4570.21万,3926.71万,643.50万,8497.61万
3528,301269,华大九天,85.35,0.12%,0.38%,9427.83万,8169.28万,1258.55万,1.76亿
3529,603276,恒兴新材,16.72,0.12%,1.03%,704.02万,594.85万,109.17万,1299.04万
3530,301267,华厦眼科,17.2,0.12%,0.28%,1453.22万,1642.94万,-189.73万,3099.25万
3531,300826,测绘股份,16.6,0.12%,0.69%,1007.98万,905.82万,102.16万,1953.47万
3532,300844,山水比德,33.96,0.12%,0.57%,891.18万,855.43万,35.76万,1746.95万
3533,603421,鼎信通讯,8.33,0.12%,1.97%,4994.21万,5605.72万,-611.51万,1.06亿
3534,601200,上海环境,8.1,0.12%,0.31%,1509.62万,1833.06万,-323.44万,3343.09万
3535,600779,水井坊,33.03,0.12%,0.26%,2051.25万,2054.57万,-3.32万,4106.15万
3536,300087,荃银高科,8.05,0.12%,0.56%,2427.91万,1601.23万,826.68万,4029.39万
3537,2646,天佑德酒,8.02,0.12%,0.32%,571.65万,646.06万,-74.41万,1217.79万
3538,2320,海峡股份,8.56,0.12%,0.24%,2343.49万,2324.29万,19.20万,4667.87万
3539,2173,创新医疗,25.55,0.12%,2.52%,1.36亿,1.34亿,259.72万,2.70亿
3540,686,东北证券,8.34,0.12%,0.43%,3957.08万,4529.42万,-572.34万,8487.00万
3541,603231,索宝蛋白,17.73,0.11%,0.72%,710.70万,653.54万,57.17万,1364.59万
3542,603125,常青科技,18.02,0.11%,0.23%,839.50万,826.69万,12.81万,1666.37万
3543,688681,科汇股份,19.0,0.11%,1.61%,1718.74万,1426.53万,292.21万,3145.76万
3544,1220,世盟股份,43.82,0.11%,7.71%,3560.99万,4065.64万,-504.65万,7627.08万
3545,605299,舒华体育,18.9,0.11%,6.10%,2.36亿,2.36亿,-40.46万,4.72亿
3546,605128,上海沿浦,35.25,0.11%,0.43%,1885.36万,1325.05万,560.31万,3212.52万
3547,688630,芯碁微装,235.26,0.11%,4.27%,6.45亿,6.46亿,-102.37万,12.91亿
3548,600916,中国黄金,9.1,0.11%,0.58%,3992.26万,4812.59万,-820.32万,8804.95万
3549,603919,金徽酒,18.1,0.11%,0.60%,2450.54万,3061.87万,-611.33万,5513.50万
3550,601886,江河集团,9.52,0.11%,0.21%,1220.24万,1054.14万,166.09万,2274.47万
3551,600761,安徽合力,17.51,0.11%,0.59%,4467.48万,4830.49万,-363.01万,9299.54万
3552,600348,华阳股份,9.24,0.11%,0.45%,8396.82万,6780.60万,1616.22万,1.52亿
3553,600138,中青旅,9.32,0.11%,0.53%,1646.33万,1922.84万,-276.51万,3569.45万
3554,600101,明星电力,9.25,0.11%,1.31%,3058.02万,3550.54万,-492.52万,6609.48万
3555,876,新希望,8.92,0.11%,0.72%,1.53亿,1.34亿,1829.19万,2.87亿
3556,688313,仕佳光子,114.7,0.10%,4.16%,10.75亿,10.59亿,1676.00万,21.34亿
3557,300824,北鼎股份,10.37,0.10%,0.57%,1037.06万,825.30万,211.76万,1862.46万
3558,1914,招商积余,9.88,0.10%,0.24%,1259.88万,1245.71万,14.17万,2507.57万
3559,688011,新光光电,67.6,0.10%,0.91%,3529.80万,2561.12万,968.68万,6092.27万
3560,603229,奥翔药业,10.26,0.10%,0.73%,3094.19万,3113.63万,-19.45万,6208.03万
3561,600601,方正科技,10.37,0.10%,1.19%,2.19亿,2.94亿,-7480.48万,5.13亿
3562,600036,招商银行,39.94,0.10%,0.16%,7.03亿,6.38亿,6513.57万,13.42亿
3563,300263,隆华科技,10.18,0.10%,1.41%,6200.57万,7736.47万,-1535.90万,1.39亿
3564,300001,特锐德,28.67,0.10%,1.00%,1.36亿,1.60亿,-2335.71万,2.96亿
3565,2809,红墙股份,10.53,0.10%,2.11%,1718.49万,2009.26万,-290.77万,3727.95万
3566,2765,蓝黛科技,10.33,0.10%,0.58%,1837.62万,1712.15万,125.47万,3549.87万
3567,2706,良信股份,10.12,0.10%,1.83%,8498.41万,8369.51万,128.90万,1.69亿
3568,561,烽火电子,9.82,0.10%,0.72%,3012.81万,2432.24万,580.57万,5446.02万
3569,301656,联合动力,21.74,0.09%,1.47%,2968.32万,3538.77万,-570.45万,6509.05万
3570,301125,腾亚精工,22.65,0.09%,2.79%,3545.19万,4536.82万,-991.63万,8083.15万
3571,300978,东箭科技,11.16,0.09%,0.50%,539.21万,533.05万,6.16万,1072.60万
3572,603608,天创时尚,11.52,0.09%,2.18%,5693.58万,4865.18万,828.40万,1.06亿
3573,603085,天成自控,11.54,0.09%,1.24%,3295.98万,2401.08万,894.90万,5697.41万
3574,601566,九牧王,10.72,0.09%,0.35%,1144.99万,1029.23万,115.76万,2174.33万
3575,600865,百大集团,11.35,0.09%,0.77%,1741.84万,1504.93万,236.91万,3246.88万
3576,600668,尖峰集团,11.29,0.09%,1.12%,2142.43万,3059.49万,-917.06万,5204.74万
3577,600097,开创国际,10.78,0.09%,0.64%,916.23万,723.76万,192.47万,1640.31万
3578,2478,常宝股份,10.96,0.09%,3.19%,1.13亿,1.40亿,-2732.39万,2.53亿
3579,2265,建设工业,22.26,0.09%,0.45%,5265.86万,5147.80万,118.06万,1.04亿
3580,2255,海陆重工,10.88,0.09%,1.41%,4268.38万,5514.70万,-1246.32万,9783.42万
3581,2032,苏泊尔,45.62,0.09%,0.12%,2480.74万,2063.96万,416.78万,4545.62万
3582,423,东阿阿胶,55.34,0.09%,0.44%,7272.73万,8248.64万,-975.90万,1.55亿
3583,301,东方盛虹,11.47,0.09%,0.12%,4525.22万,4175.21万,350.01万,8700.56万
3584,603418,友升股份,51.32,0.08%,0.69%,613.08万,850.96万,-237.89万,1464.55万
3585,429,粤高速A,12.83,0.08%,0.18%,1786.16万,1240.78万,545.38万,3027.07万
3586,300227,光韵达,12.06,0.08%,1.85%,4729.37万,4929.36万,-199.99万,9660.78万
3587,300926,博俊科技,25.54,0.08%,0.72%,2674.25万,2797.78万,-123.53万,5472.28万
3588,300885,海昌新材,24.28,0.08%,2.04%,3587.44万,4631.63万,-1044.19万,8219.32万
3589,603903,中持股份,11.87,0.08%,0.60%,938.88万,859.66万,79.22万,1798.66万
3590,603199,九华旅游,38.01,0.08%,1.57%,3098.65万,3487.48万,-388.83万,6586.90万
3591,600764,中国海防,24.22,0.08%,0.29%,1966.61万,3057.95万,-1091.34万,5025.05万
3592,600546,山煤国际,11.89,0.08%,0.59%,7332.65万,6457.72万,874.93万,1.38亿
3593,300787,海能实业,12.21,0.08%,0.75%,840.25万,946.41万,-106.15万,1786.78万
3594,2164,宁波东力,12.86,0.08%,0.90%,2376.79万,3190.26万,-813.47万,5567.43万
3595,2019,亿帆医药,12.71,0.08%,1.49%,8625.24万,7212.65万,1412.59万,1.58亿
3596,682,东方电子,13.02,0.08%,1.26%,1.07亿,1.11亿,-437.07万,2.19亿
3597,603409,汇通控股,42.04,0.07%,3.95%,3071.89万,2916.50万,155.38万,5989.66万
3598,301028,鼎熔岩,14.61,0.07%,0.36%,562.28万,736.46万,-174.18万,1299.47万
3599,300813,泰林生物,27.84,0.07%,2.25%,2430.87万,2318.01万,112.86万,4759.74万
3600,603218,日月股份,14.11,0.07%,0.40%,2320.47万,3520.64万,-1200.17万,5841.68万
3601,603005,晶方科技,29.68,0.07%,2.19%,1.73亿,2.52亿,-7894.96万,4.24亿
3602,600995,南网储能,14.16,0.07%,0.48%,1.10亿,1.06亿,475.47万,2.16亿
3603,600685,中船防务,29.26,0.07%,1.13%,1.18亿,1.55亿,-3719.32万,2.72亿
3604,600104,上汽集团,14.05,0.07%,0.20%,1.30亿,1.95亿,-6547.21万,3.25亿
3605,600053,九鼎投资,15.03,0.07%,0.37%,1416.76万,960.12万,456.64万,2377.03万
3606,2951,金时科技,14.92,0.07%,0.96%,3039.69万,2700.69万,339.01万,5740.52万
3607,2917,金奥博,14.03,0.07%,1.17%,2211.43万,2036.38万,175.05万,4248.09万
3608,2667,威领股份,28.95,0.07%,7.73%,2.71亿,2.62亿,931.13万,5.33亿
3609,551,创元科技,14.19,0.07%,0.88%,2924.51万,3098.30万,-173.79万,6022.97万
3610,603310,巍华新材,16.17,0.06%,0.72%,1432.05万,840.31万,591.75万,2272.52万
3611,1289,龙源电力,15.4,0.06%,0.06%,1801.29万,2725.23万,-923.94万,4528.06万
3612,688670,金迪克,17.67,0.06%,0.48%,482.62万,560.07万,-77.45万,1043.22万
3613,688566,吉贝尔,32.12,0.06%,1.10%,3299.29万,3684.07万,-384.78万,6983.99万
3614,603196,璞源材料,31.2,0.06%,0.92%,3777.91万,2988.10万,789.82万,6767.58万
3615,600694,大商股份,17.05,0.06%,0.21%,588.95万,641.95万,-52.99万,1231.07万
3616,300682,朗新科技,16.21,0.06%,0.78%,6852.86万,6298.20万,554.65万,1.32亿
3617,2933,新兴装备,32.92,0.06%,0.71%,1431.51万,1288.42万,143.09万,2721.25万
3618,2612,朗姿股份,17.01,0.06%,1.05%,2365.61万,2174.90万,190.72万,4543.92万
3619,2568,百润股份,17.28,0.06%,0.40%,2611.99万,2694.62万,-82.62万,5306.79万
3620,1386,马可波罗,19.61,0.05%,1.01%,906.80万,1037.97万,-131.17万,1944.97万
3621,1400,江顺科技,173.8,0.05%,10.77%,1.42亿,1.36亿,555.95万,2.78亿
3622,600007,中国国贸,21.44,0.05%,0.15%,1572.50万,1633.08万,-60.58万,3205.79万
3623,605099,共创草坪,40.98,0.05%,0.51%,4628.25万,3755.79万,872.46万,8390.60万
3624,603348,文灿股份,20.27,0.05%,0.47%,1125.84万,1877.39万,-751.55万,3004.04万
3625,600600,青岛啤酒,62.03,0.05%,0.30%,5516.66万,7539.10万,-2022.44万,1.31亿
3626,2959,小熊电器,42.83,0.05%,0.41%,1396.56万,1265.84万,130.72万,2665.83万
3627,2884,凌霄泵业,18.78,0.05%,1.38%,3484.39万,3646.92万,-162.53万,7131.49万
3628,2791,坚朗五金,19.38,0.05%,0.79%,1677.45万,1658.07万,19.39万,3336.69万
3629,301314,科瑞思,48.7,0.04%,2.99%,1401.62万,1245.43万,156.18万,2648.03万
3630,301206,三元生物,26.67,0.04%,0.38%,735.48万,594.76万,140.73万,1330.50万
3631,688551,科威尔,45.86,0.04%,1.89%,3896.55万,3383.34万,513.21万,7281.11万
3632,688271,联影医疗,114.04,0.04%,0.24%,9866.91万,1.31亿,-3193.20万,2.29亿
3633,605277,新亚电子,24.14,0.04%,0.88%,3621.97万,3147.84万,474.14万,6771.01万
3634,600501,航天晨光,23.35,0.04%,1.25%,5289.81万,7293.45万,-2003.64万,1.26亿
3635,600113,浙江东日,45.6,0.04%,0.46%,5347.32万,3216.87万,2130.45万,8566.93万
3636,600009,上海机场,27.41,0.04%,0.14%,3752.28万,3833.22万,-80.94万,7591.81万
3637,300629,新劲刚,23.99,0.04%,1.98%,4638.55万,5654.60万,-1016.05万,1.03亿
3638,300533,冰川网络,25.39,0.04%,3.23%,6079.62万,7372.05万,-1292.43万,1.35亿
3639,300421,力星股份,25.06,0.04%,3.12%,7545.39万,1.06亿,-3082.29万,1.82亿
3640,1325,元创股份,63.26,0.03%,7.25%,5346.51万,3639.17万,1707.34万,8989.48万
3641,600941,中国移动,93.74,0.03%,0.34%,1.44亿,1.47亿,-314.54万,2.92亿
3642,301578,辰奕智能,33.62,0.03%,1.05%,452.79万,362.84万,89.95万,815.97万
3643,301047,义翘神州,75.35,0.03%,0.54%,2273.65万,2572.79万,-299.14万,4847.95万
3644,301362,民爆光电,151.92,0.03%,9.56%,2.13亿,2.03亿,1001.17万,4.15亿
3645,603895,天永智能,28.67,0.03%,1.57%,2586.50万,2311.42万,275.08万,4898.20万
3646,600745,闻泰科技,31.13,0.03%,0.81%,1.53亿,1.60亿,-725.90万,3.13亿
3647,600645,中源协和,28.66,0.03%,1.20%,7966.62万,8014.83万,-48.21万,1.60亿
3648,2831,裕同科技,36.35,0.03%,1.16%,8696.94万,1.29亿,-4217.66万,2.16亿
3649,688709,成都华微,44.22,0.02%,1.37%,6668.48万,6782.15万,-113.67万,1.35亿
3650,688439,振华风光,51.16,0.02%,0.54%,3205.90万,2322.57万,883.34万,5530.89万
3651,2913,奥士康,50.93,0.02%,1.66%,1.56亿,9836.09万,5722.58万,2.54亿
3652,3043,华亚智能,54.54,0.02%,2.32%,5194.67万,5442.96万,-248.29万,1.07亿
3653,601318,中国平安,58.71,0.02%,0.25%,6.67亿,8.93亿,-2.27亿,15.60亿
3654,688498,源杰科技,1286.14,0.01%,1.67%,8.96亿,9.32亿,-3594.13万,18.29亿
3655,300274,阳光电源,133.9,0.01%,2.61%,25.42亿,30.38亿,-4.96亿,55.80亿
3656,25,特力A,16.16,0.00%,0.41%,1385.34万,1189.03万,196.31万,2577.61万
3657,8,神州高铁,2.69,0.00%,1.20%,4270.45万,4473.55万,-203.10万,8746.69万
3658,564,供销大集,1.88,0.00%,0.48%,4261.73万,9426.93万,-5165.20万,1.37亿
3659,1328,登康口腔,32.49,0.00%,0.18%,526.97万,432.55万,94.42万,960.17万
3660,1338,永顺泰,13.41,0.00%,0.74%,2574.76万,2402.64万,172.12万,4978.06万
3661,2289,*ST宇顺,26.01,0.00%,0.22%,864.38万,745.32万,119.06万,1619.06万
3662,631,顺发恒能,3.26,0.00%,0.43%,1598.64万,1604.23万,-5.59万,3202.97万
3663,601096,宏盛华源,5.55,0.00%,1.11%,4100.12万,5938.16万,-1838.03万,1.00亿
3664,301353,普莱得,27.83,0.00%,1.39%,601.20万,631.43万,-30.23万,1232.91万
3665,301526,国际复材,14.26,0.00%,8.27%,8.02亿,8.47亿,-4465.00万,16.50亿
3666,1219,青岛食品,14.67,0.00%,0.82%,1147.13万,1143.39万,3.73万,2290.67万
3667,600608,*ST沪科,2.36,0.00%,0.82%,247.21万,369.92万,-122.71万,617.25万
3668,3018,金富科技,35.59,0.00%,2.91%,1.11亿,1.36亿,-2462.45万,2.47亿
3669,301355,南王科技,12.45,0.00%,1.97%,1242.11万,1205.44万,36.67万,2448.05万
3670,688352,颀中科技,12.78,0.00%,1.11%,2342.63万,2866.23万,-523.60万,5211.42万
3671,688562,航天软件,19.88,0.00%,1.32%,2122.20万,2419.53万,-297.33万,4542.27万
3672,2554,惠博普,3.58,0.00%,0.89%,2012.89万,2225.36万,-212.47万,4240.51万
3673,421,南京公用,6.05,0.00%,0.78%,1080.55万,1619.95万,-539.40万,2700.56万
3674,688297,中无人机,49.29,0.00%,0.55%,8630.35万,9736.48万,-1106.13万,1.84亿
3675,1227,兰州银行,2.24,0.00%,0.51%,2137.27万,2653.32万,-516.05万,4791.94万
3676,301183,东田微,186.6,0.00%,5.38%,2.91亿,3.00亿,-845.09万,5.91亿
3677,2561,徐家汇,8.04,0.00%,0.46%,673.90万,839.38万,-165.48万,1513.37万
3678,2789,*ST建艺,13.0,0.00%,0.69%,513.74万,885.31万,-371.57万,1400.60万
3679,1213,中铁特货,4.04,0.00%,0.12%,764.83万,1303.57万,-538.74万,2088.61万
3680,2482,广田集团,1.68,0.00%,0.53%,1307.66万,2009.53万,-701.87万,3317.20万
3681,601921,浙版传媒,8.0,0.00%,0.17%,1547.84万,1376.85万,170.99万,2924.76万
3682,601728,中国电信,5.83,0.00%,0.07%,1.54亿,1.84亿,-3075.80万,3.38亿
3683,798,中水渔业,10.32,0.00%,0.90%,1551.06万,1812.04万,-260.98万,3363.21万
3684,300198,ST纳川,2.62,0.00%,0.68%,679.57万,1155.33万,-475.76万,1835.18万
3685,301039,中集车辆,9.19,0.00%,0.31%,1943.20万,2224.12万,-280.93万,4167.42万
3686,600084,中信尼雅,6.82,0.00%,0.26%,943.35万,1077.48万,-134.14万,2020.97万
3687,300501,海顺新材,19.49,0.00%,3.89%,3790.75万,3778.92万,11.83万,7570.84万
3688,600179,安通控股,4.44,0.00%,0.38%,3876.15万,2615.87万,1260.28万,6492.24万
3689,2701,奥瑞金,5.4,0.00%,1.14%,7948.24万,7769.75万,178.49万,1.57亿
3690,300979,华利集团,43.0,0.00%,0.08%,1796.45万,2019.68万,-223.23万,3816.56万
3691,688157,松井股份,40.5,0.00%,1.27%,4345.54万,3839.79万,505.75万,8186.47万
3692,688571,杭华股份,7.7,0.00%,0.32%,551.40万,474.19万,77.21万,1025.79万
3693,600918,中泰证券,6.08,0.00%,0.24%,2850.24万,2860.83万,-10.59万,5711.73万
3694,300897,山科智能,24.69,0.00%,0.84%,1121.54万,697.53万,424.01万,1820.31万
3695,300962,中金辐照,16.27,0.00%,0.39%,778.58万,881.25万,-102.67万,1660.00万
3696,688419,耐科装备,48.5,0.00%,2.17%,3391.08万,2832.60万,558.48万,6224.15万
3697,601512,中新集团,8.85,0.00%,0.11%,723.06万,739.86万,-16.80万,1463.01万
3698,601827,三峰环境,7.96,0.00%,0.15%,775.12万,1269.33万,-494.20万,2044.61万
3699,688722,同益中,17.19,0.00%,0.45%,719.04万,1002.88万,-283.84万,1722.26万
3700,2548,金新农,5.07,0.00%,1.18%,2648.99万,2136.87万,512.13万,4785.96万
3701,600959,江苏有线,4.1,0.00%,1.19%,1.20亿,1.23亿,-267.74万,2.43亿
3702,603733,仙鹤股份,21.66,0.00%,0.16%,1208.77万,1233.71万,-24.95万,2442.70万
3703,603798,康普顿,16.69,0.00%,1.07%,1932.64万,2624.96万,-692.32万,4558.26万
3704,600622,光大嘉宝,2.61,0.00%,0.51%,649.32万,1345.28万,-695.95万,1994.62万
3705,2482,广田集团,1.68,0.00%,0.53%,1307.66万,2009.53万,-701.87万,3317.20万
3706,600794,保税科技,3.63,0.00%,0.39%,582.58万,1100.76万,-518.18万,1683.71万
3707,688184,ST帕瓦,10.45,0.00%,0.40%,144.32万,272.36万,-128.04万,416.89万
3708,603801,志邦家居,9.03,0.00%,0.26%,567.12万,464.11万,103.01万,1031.32万
3709,603787,新日股份,12.6,0.00%,1.68%,2407.85万,2405.90万,1.95万,4820.92万
3710,603739,蔚蓝生物,15.25,0.00%,0.78%,1452.38万,1555.50万,-103.12万,3008.03万
3711,603650,彤程新材,52.4,0.00%,0.64%,9200.05万,1.13亿,-2090.29万,2.05亿
3712,300810,中科海讯,32.44,0.00%,0.88%,1447.47万,1808.47万,-361.00万,3256.59万
3713,603323,苏农银行,4.86,0.00%,0.46%,1632.58万,2872.91万,-1240.34万,4505.54万
3714,603309,维力医疗,14.03,0.00%,0.68%,1384.74万,1363.62万,21.12万,2748.64万
3715,603161,科华控股,14.47,0.00%,0.44%,684.51万,528.63万,155.88万,1213.28万
3716,525,红太阳,5.87,0.00%,0.86%,2344.29万,3279.89万,-935.60万,5624.25万
3717,603027,千禾味业,9.49,0.00%,0.38%,2248.61万,2224.04万,24.57万,4472.84万
3718,603026,石大胜华,98.65,0.00%,8.23%,9.44亿,9.44亿,-8.80万,18.89亿
3719,601901,方正证券,7.14,0.00%,0.32%,9639.38万,9280.03万,359.35万,1.89亿
3720,601700,风范股份,5.24,0.00%,0.76%,2148.97万,2331.81万,-182.84万,4480.83万
3721,601668,中国建筑,4.98,0.00%,0.16%,1.53亿,1.73亿,-1977.30万,3.26亿
3722,601618,中国中冶,2.99,0.00%,0.23%,4189.87万,8344.59万,-4154.72万,1.25亿
3723,601611,中国核建,14.37,0.00%,0.68%,1.28亿,1.65亿,-3660.70万,2.93亿
3724,601390,中国中铁,5.29,0.00%,0.33%,1.44亿,2.12亿,-6890.44万,3.56亿
3725,601333,广深铁路,3.05,0.00%,0.38%,3192.69万,3403.96万,-211.27万,6596.69万
3726,601319,中国人保,7.48,0.00%,0.07%,8952.75万,8373.42万,579.33万,1.73亿
3727,601228,广州港,3.25,0.00%,0.18%,2398.14万,2048.74万,349.40万,4447.75万
3728,601158,重庆水务,4.36,0.00%,0.06%,512.55万,632.32万,-119.77万,1145.18万
3729,600997,开滦股份,5.71,0.00%,0.22%,1068.67万,967.87万,100.80万,2036.66万
3730,600981,苏豪汇鸿,2.95,0.00%,0.41%,1018.35万,1664.38万,-646.03万,2683.32万
3731,600966,博汇纸业,6.39,0.00%,0.47%,1941.78万,2092.04万,-150.26万,4034.02万
3732,600900,长江电力,26.55,0.00%,0.15%,4.31亿,5.70亿,-1.39亿,10.02亿
3733,600881,亚泰集团,1.59,0.00%,0.33%,539.13万,1147.96万,-608.83万,1687.10万
3734,600792,云煤能源,4.01,0.00%,1.06%,2197.10万,2469.07万,-271.97万,4670.65万
3735,600658,电子城,5.08,0.00%,2.40%,6586.01万,7035.67万,-449.66万,1.36亿
3736,600604,市北高新,4.84,0.00%,0.34%,881.25万,1405.07万,-523.82万,2286.42万
3737,600597,光明乳业,7.47,0.00%,0.22%,1036.26万,1243.36万,-207.10万,2280.14万
3738,600533,栖霞建设,2.46,0.00%,1.48%,1886.13万,1878.45万,7.67万,3764.92万
3739,600519,贵州茅台,1467.5,0.00%,0.12%,10.35亿,11.47亿,-1.12亿,21.82亿
3740,600508,上海能源,12.78,0.00%,0.31%,1208.29万,1650.93万,-442.64万,2861.77万
3741,600500,中化国际,4.3,0.00%,0.36%,2370.65万,3201.19万,-830.54万,5571.89万
3742,600416,湘电股份,12.3,0.00%,0.57%,4685.92万,5728.76万,-1042.85万,1.04亿
3743,600368,五洲交通,3.87,0.00%,0.23%,728.61万,716.62万,11.99万,1445.27万
3744,600363,联创光电,52.45,0.00%,0.64%,7047.86万,8119.69万,-1071.83万,1.52亿
3745,600325,华发股份,3.54,0.00%,0.61%,2974.25万,3014.54万,-40.29万,5988.86万
3746,600305,恒顺醋业,7.45,0.00%,0.23%,878.66万,1019.90万,-141.24万,1899.30万
3747,600279,重庆港,4.91,0.00%,0.23%,631.06万,723.54万,-92.48万,1354.65万
3748,600257,大湖股份,6.33,0.00%,2.75%,4224.75万,4072.27万,152.49万,8300.18万
3749,600221,海航控股,1.46,0.00%,0.18%,3895.84万,7368.08万,-3472.24万,1.13亿
3750,600210,紫江企业,6.98,0.00%,0.47%,2265.26万,2687.90万,-422.64万,4953.31万
3751,600199,金种子酒,8.07,0.00%,0.48%,1266.73万,1272.75万,-6.01万,2540.69万
3752,600170,上海建工,2.75,0.00%,0.73%,6742.94万,1.10亿,-4242.44万,1.77亿
3753,600168,武汉控股,4.89,0.00%,0.23%,387.76万,733.79万,-346.03万,1121.60万
3754,600162,香江控股,1.81,0.00%,0.75%,1943.15万,2462.31万,-519.16万,4405.65万
3755,600157,永泰能源,1.7,0.00%,1.72%,3.04亿,3.33亿,-2899.54万,6.36亿
3756,600128,苏豪弘业,10.5,0.00%,0.75%,1038.27万,891.98万,146.29万,1930.35万
3757,600123,兰花科创,6.21,0.00%,0.56%,2569.64万,2569.48万,1640.00,5141.30万
3758,600073,光明肉业,5.95,0.00%,0.45%,1160.54万,1367.48万,-206.94万,2528.08万
3759,600072,中船科技,12.06,0.00%,0.67%,3896.63万,4856.28万,-959.65万,8753.02万
3760,600061,国投资本,6.97,0.00%,0.28%,4630.68万,7830.73万,-3200.05万,1.25亿
3761,600050,中国联通,4.57,0.00%,0.20%,1.17亿,1.65亿,-4816.75万,2.83亿
3762,600039,四川路桥,9.5,0.00%,0.14%,5357.40万,5781.69万,-424.29万,1.11亿
3763,600035,楚天高速,3.81,0.00%,0.20%,482.66万,734.87万,-252.21万,1217.57万
3764,600029,南方航空,5.76,0.00%,0.49%,1.49亿,2.36亿,-8717.65万,3.84亿
3765,600004,白云机场,8.93,0.00%,0.15%,1527.41万,1712.69万,-185.28万,3240.19万
3766,300691,联合光电,16.5,0.00%,0.91%,1668.45万,1618.59万,49.86万,3287.71万
3767,300482,万孚生物,17.78,0.00%,0.47%,1590.36万,1976.31万,-385.95万,3567.37万
3768,300344,立方退,0.27,0.00%,2.52%,0.00,0.00,0.00,427.87万
3769,300329,海伦钢琴,14.66,0.00%,1.10%,2340.21万,1692.86万,647.35万,4033.80万
3770,300261,雅本化学,6.18,0.00%,0.50%,1399.65万,1500.90万,-101.26万,2905.74万
3771,300203,聚光科技,13.73,0.00%,0.95%,3125.87万,2691.11万,434.76万,5819.73万
3772,300140,节能环境,6.29,0.00%,1.01%,3289.31万,3153.16万,136.15万,6442.53万
3773,300094,国联水产,3.13,0.00%,1.01%,1982.30万,1517.10万,465.20万,3499.49万
3774,300021,大禹节水,4.32,0.00%,0.45%,673.70万,1023.39万,-349.70万,1697.95万
3775,300020,ST银江,3.68,0.00%,2.07%,2939.61万,2956.95万,-17.34万,5896.75万
3776,2936,郑州银行,1.82,0.00%,0.54%,3659.74万,3185.90万,473.83万,6845.66万
3777,2839,张家港行,4.51,0.00%,0.44%,2998.58万,1897.21万,1101.37万,4895.97万
3778,2825,纳尔股份,11.23,0.00%,1.15%,1895.23万,1408.48万,486.75万,3304.28万
3779,2763,汇洁股份,7.98,0.00%,0.82%,973.92万,1015.75万,-41.83万,1990.63万
3780,2731,ST萃华,7.21,0.00%,3.77%,3124.54万,3064.53万,60.01万,6203.50万
3781,2631,德尔未来,7.22,0.00%,1.27%,3361.92万,3893.33万,-531.41万,7255.62万
3782,2620,ST瑞和,9.52,0.00%,2.34%,2833.46万,4063.11万,-1229.65万,6916.18万
3783,2597,金禾实业,22.66,0.00%,0.86%,5318.32万,5800.97万,-482.65万,1.11亿
3784,2551,尚荣医疗,3.45,0.00%,0.88%,768.97万,1074.39万,-305.42万,1843.64万
3785,2537,海联金汇,7.8,0.00%,1.18%,4914.81万,5847.20万,-932.39万,1.08亿
3786,2524,光正眼科,4.11,0.00%,1.20%,1184.09万,1324.55万,-140.47万,2508.72万
3787,2515,金字火腿,5.9,0.00%,2.53%,9683.18万,8532.57万,1150.61万,1.82亿
3788,2476,宝莫股份,5.97,0.00%,0.73%,1241.16万,1414.11万,-172.95万,2655.62万
3789,2434,万里扬,8.28,0.00%,0.59%,3095.40万,3194.90万,-99.50万,6341.56万
3790,2431,棕榈股份,2.59,0.00%,0.99%,2050.91万,2586.32万,-535.40万,4639.04万
3791,2408,齐翔腾达,6.8,0.00%,0.78%,6823.94万,7768.73万,-944.79万,1.46亿
3792,2383,合众思壮,9.6,0.00%,0.74%,2542.28万,2728.35万,-186.06万,5271.01万
3793,2366,融发核电,7.23,0.00%,0.91%,5326.87万,6803.80万,-1476.93万,1.21亿
3794,2244,滨江集团,10.16,0.00%,0.36%,4051.63万,5879.04万,-1827.41万,9933.51万
3795,2214,*ST大立,18.79,0.00%,0.42%,1731.11万,2029.79万,-298.69万,3761.09万
3796,2191,劲嘉股份,3.69,0.00%,0.42%,837.67万,1387.75万,-550.08万,2225.53万
3797,2190,成飞集成,31.63,0.00%,0.54%,2709.37万,3360.48万,-651.11万,6071.42万
3798,2146,荣盛发展,1.38,0.00%,1.26%,3640.36万,3149.51万,490.85万,6790.57万
3799,2092,中泰化学,6.33,0.00%,1.14%,9001.79万,9409.26万,-407.48万,1.84亿
3800,2073,软控股份,7.23,0.00%,1.26%,4414.60万,4777.78万,-363.18万,9195.29万
3801,2024,ST易购,1.33,0.00%,0.11%,731.79万,610.70万,121.09万,1342.52万
3802,2022,科华生物,5.84,0.00%,0.82%,1108.20万,1334.87万,-226.67万,2443.13万
3803,2014,永新股份,11.95,0.00%,0.14%,570.61万,463.31万,107.30万,1034.64万
3804,965,天保基建,3.63,0.00%,0.73%,1354.67万,1584.94万,-230.27万,2940.04万
3805,958,电投产融,6.04,0.00%,0.21%,3109.77万,3738.30万,-628.52万,6848.14万
3806,898,鞍钢股份,2.33,0.00%,0.18%,1531.42万,1755.07万,-223.65万,3286.52万
3807,897,津滨发展,2.12,0.00%,0.88%,890.16万,2098.88万,-1208.71万,2989.11万
3808,859,国风新材,9.48,0.00%,1.37%,5463.19万,6083.09万,-619.90万,1.15亿
3809,821,ST京机,11.39,0.00%,1.14%,3666.05万,4164.43万,-498.38万,7831.85万
3810,810,创维数字,11.92,0.00%,1.06%,6901.92万,7096.57万,-194.65万,1.40亿
3811,778,新兴铸管,4.46,0.00%,0.46%,4340.45万,3611.62万,728.83万,7952.11万
3812,718,苏宁环球,2.13,0.00%,0.51%,1001.00万,1486.72万,-485.72万,2487.81万
3813,698,ST沈化,3.87,0.00%,0.40%,665.12万,548.17万,116.95万,1215.84万
3814,690,宝新能源,4.69,0.00%,1.19%,5095.25万,7034.36万,-1939.11万,1.21亿
3815,656,*ST金科,1.43,0.00%,0.89%,4463.37万,5229.32万,-765.95万,9701.28万
3816,652,泰达股份,4.12,0.00%,0.37%,911.39万,1329.09万,-417.70万,2240.65万
3817,523,红棉股份,3.22,0.00%,1.23%,3008.97万,2223.55万,785.41万,5233.16万
3818,498,山东路桥,5.92,0.00%,0.47%,1751.43万,2288.74万,-537.31万,4040.23万
3819,420,吉林化纤,4.98,0.00%,1.74%,1.01亿,1.11亿,-1031.44万,2.12亿
3820,66,中国长城,15.65,0.00%,1.44%,3.42亿,3.82亿,-4024.57万,7.24亿
3821,10,美丽生态,4.03,0.00%,1.84%,3152.82万,3234.95万,-82.13万,6388.09万
3822,688582,芯动联科,61.26,-0.02%,0.81%,7276.31万,5112.81万,2163.50万,1.24亿
3823,301173,毓恬冠佳,43.71,-0.02%,1.04%,822.04万,579.67万,242.38万,1402.15万
3824,688265,南模生物,43.78,-0.02%,0.31%,566.92万,480.69万,86.23万,1048.49万
3825,2992,宝明科技,50.47,-0.02%,0.46%,1841.66万,1816.32万,25.34万,3662.00万
3826,688550,瑞联新材,41.68,-0.02%,0.58%,1909.14万,2319.35万,-410.21万,4229.32万
3827,661,长春高新,86.75,-0.02%,0.49%,8051.80万,8754.34万,-702.54万,1.68亿
3828,603406,天富龙,34.49,-0.03%,0.83%,515.54万,537.28万,-21.75万,1056.27万
3829,1229,魅视科技,36.7,-0.03%,1.17%,1101.51万,1151.95万,-50.45万,2257.50万
3830,1221,悍高集团,63.04,-0.03%,1.79%,1846.30万,2188.85万,-342.55万,4036.41万
3831,688143,长盈通,61.73,-0.03%,3.44%,1.44亿,1.15亿,2900.41万,2.59亿
3832,688041,海光信息,251.93,-0.03%,0.54%,15.82亿,15.90亿,-773.23万,31.72亿
3833,688333,铂力特,95.57,-0.03%,1.44%,1.74亿,2.03亿,-2875.92万,3.78亿
3834,300473,德尔股份,32.19,-0.03%,1.04%,2422.30万,2635.50万,-213.21万,5058.12万
3835,2138,顺络电子,35.7,-0.03%,1.33%,1.92亿,1.66亿,2602.01万,3.58亿
3836,688739,成大生物,24.81,-0.04%,0.16%,714.90万,963.48万,-248.58万,1678.88万
3837,603345,安井食品,94.76,-0.04%,0.65%,8429.30万,9813.26万,-1383.96万,1.82亿
3838,1216,华瓷股份,18.86,-0.05%,0.67%,1596.96万,1503.93万,93.02万,3102.97万
3839,301190,善水科技,22.16,-0.05%,0.54%,1113.57万,773.61万,339.96万,1887.40万
3840,301223,中荣股份,19.83,-0.05%,0.59%,813.40万,503.22万,310.18万,1316.82万
3841,688235,百济神州,254.28,-0.05%,2.48%,3.90亿,3.32亿,5798.63万,7.22亿
3842,301292,海科新源,93.27,-0.05%,22.66%,8.49亿,9.59亿,-1.11亿,18.08亿
3843,300948,冠中生态,18.92,-0.05%,0.65%,951.80万,919.39万,32.41万,1871.38万
3844,605183,确成股份,19.36,-0.05%,0.16%,727.57万,557.45万,170.13万,1285.21万
3845,600803,新奥股份,20.76,-0.05%,0.11%,3290.36万,3540.04万,-249.68万,6830.60万
3846,603989,艾华集团,19.55,-0.05%,0.75%,2604.69万,3245.54万,-640.85万,5851.20万
3847,603121,华培动力,21.24,-0.05%,1.09%,3800.21万,4083.04万,-282.83万,7883.68万
3848,600312,平高电气,20.14,-0.05%,1.05%,1.38亿,1.46亿,-837.78万,2.84亿
3849,2151,北斗星通,38.18,-0.05%,1.56%,1.30亿,1.34亿,-377.36万,2.65亿
3850,581,威孚高科,20.85,-0.05%,0.92%,7073.73万,8154.71万,-1080.98万,1.52亿
3851,1239,永达股份,15.44,-0.06%,1.27%,1074.03万,1166.17万,-92.13万,2240.35万
3852,688443,智翔金泰,31.98,-0.06%,2.40%,5084.49万,3862.61万,1221.88万,8947.74万
3853,603237,五芳斋,17.19,-0.06%,0.29%,452.86万,508.60万,-55.74万,962.16万
3854,605369,拱东医疗,17.81,-0.06%,0.20%,405.87万,377.27万,28.60万,783.31万
3855,300669,沪宁股份,31.93,-0.06%,0.27%,889.34万,674.66万,214.68万,1564.31万
3856,300498,温氏股份,17.18,-0.06%,0.50%,2.81亿,2.25亿,5609.59万,5.06亿
3857,300003,乐普医疗,16.58,-0.06%,0.74%,9370.93万,1.00亿,-645.68万,1.94亿
3858,2916,深南电路,270.78,-0.06%,0.81%,6.77亿,7.67亿,-9018.14万,14.43亿
3859,2643,万润股份,16.46,-0.06%,0.62%,4162.70万,5162.21万,-999.51万,9325.08万
3860,301191,菲菱科思,150.92,-0.07%,6.83%,2.69亿,2.74亿,-555.71万,5.43亿
3861,300994,久祺股份,15.12,-0.07%,0.98%,807.61万,924.82万,-117.22万,1735.91万
3862,2533,金杯电工,13.65,-0.07%,1.69%,6906.00万,7681.88万,-775.88万,1.46亿
3863,600754,锦江酒店,27.16,-0.07%,0.73%,8108.51万,9668.88万,-1560.36万,1.78亿
3864,600711,盛屯矿业,14.26,-0.07%,1.97%,3.48亿,5.19亿,-1.72亿,8.67亿
3865,600674,川投能源,14.63,-0.07%,0.21%,7419.51万,7837.80万,-418.28万,1.53亿
3866,300481,濮阳惠成,14.86,-0.07%,1.28%,2564.92万,2974.59万,-409.67万,5539.66万
3867,300401,花园生物,14.2,-0.07%,0.98%,3455.88万,3979.89万,-524.01万,7436.76万
3868,300374,中铁装配,14.16,-0.07%,0.66%,1047.69万,1226.86万,-179.17万,2275.26万
3869,2149,西部材料,53.61,-0.07%,12.12%,15.81亿,15.60亿,2062.50万,31.41亿
3870,922,佳电股份,14.23,-0.07%,1.00%,3735.58万,4593.51万,-857.93万,8331.78万
3871,300957,贝泰妮,36.76,-0.08%,0.66%,4503.62万,5694.92万,-1191.30万,1.02亿
3872,688281,华秦科技,75.94,-0.08%,0.39%,4113.75万,4038.24万,75.51万,8155.79万
3873,688727,恒坤新材,50.17,-0.08%,2.22%,2375.42万,3222.48万,-847.06万,5601.92万
3874,688013,天臣医疗,38.05,-0.08%,0.65%,1051.74万,961.39万,90.35万,2013.88万
3875,600753,*ST海钦,12.05,-0.08%,0.48%,493.89万,850.95万,-357.06万,1344.95万
3876,603668,天马科技,13.26,-0.08%,2.54%,8099.74万,8882.28万,-782.54万,1.70亿
3877,603639,海利尔,13.24,-0.08%,0.30%,640.39万,707.17万,-66.78万,1352.85万
3878,603587,地素时尚,12.32,-0.08%,0.15%,381.86万,519.69万,-137.83万,903.89万
3879,603566,普莱柯,12.84,-0.08%,0.53%,1114.03万,1235.53万,-121.49万,2349.69万
3880,601038,一拖股份,12.82,-0.08%,0.54%,2075.43万,3002.41万,-926.99万,5078.23万
3881,600066,宇通客车,36.42,-0.08%,0.39%,1.74亿,1.43亿,3137.29万,3.17亿
3882,2821,凯莱英,117.75,-0.08%,1.73%,3.40亿,3.05亿,3497.80万,6.45亿
3883,301550,斯菱智驱,158.58,-0.08%,4.34%,4.64亿,5.41亿,-7659.76万,10.05亿
3884,2140,东华科技,12.4,-0.08%,0.48%,2015.32万,2173.81万,-158.49万,4189.76万
3885,786,北新建材,25.61,-0.08%,0.32%,7816.38万,6111.70万,1704.67万,1.39亿
3886,722,湖南发展,13.15,-0.08%,2.12%,5994.87万,6933.98万,-939.11万,1.29亿
3887,605033,美邦股份,22.56,-0.09%,0.64%,1020.40万,929.11万,91.29万,1949.73万
3888,605086,龙高股份,33.6,-0.09%,0.38%,1330.64万,974.73万,355.90万,2307.72万
3889,603968,醋化股份,11.73,-0.09%,1.43%,1810.27万,1595.62万,214.65万,3406.00万
3890,600158,中体产业,11.25,-0.09%,3.68%,2.11亿,1.86亿,2517.83万,3.98亿
3891,600081,东风科技,11.11,-0.09%,0.19%,690.18万,488.61万,201.57万,1183.90万
3892,300463,迈克生物,10.81,-0.09%,0.47%,1064.43万,1403.80万,-339.37万,2468.33万
3893,2695,煌上煌,11.11,-0.09%,0.40%,1095.55万,1163.94万,-68.39万,2259.60万
3894,301632,广东建科,21.02,-0.10%,1.32%,939.05万,1091.17万,-152.13万,2030.85万
3895,1211,双枪科技,30.92,-0.10%,3.23%,3497.10万,3127.68万,369.42万,6625.70万
3896,688166,博瑞医药,57.6,-0.10%,4.46%,5.30亿,5.63亿,-3382.30万,10.93亿
3897,688141,杰华特,67.48,-0.10%,1.51%,2.36亿,2.20亿,1559.34万,4.56亿
3898,603186,华正新材,72.78,-0.10%,3.89%,2.16亿,2.27亿,-1129.83万,4.43亿
3899,603169,兰石重装,9.95,-0.10%,0.69%,4012.07万,5020.47万,-1008.40万,9033.34万
3900,601633,长城汽车,20.91,-0.10%,0.14%,8368.00万,1.04亿,-2039.48万,1.88亿
3901,600592,龙溪股份,20.07,-0.10%,0.72%,2292.91万,3525.57万,-1232.66万,5821.89万
3902,600498,烽火通信,48.43,-0.10%,3.64%,11.31亿,11.00亿,3093.90万,22.30亿
3903,300680,隆盛科技,40.35,-0.10%,2.27%,6523.29万,9677.40万,-3154.11万,1.62亿
3904,300446,航天智造,20.42,-0.10%,1.74%,6327.45万,6881.98万,-554.52万,1.32亿
3905,2441,众业达,10.06,-0.10%,0.99%,1733.64万,2234.20万,-500.57万,3968.04万
3906,710,贝瑞基因,10.26,-0.10%,0.81%,1361.72万,1377.23万,-15.50万,2739.05万
3907,576,甘化科工,9.68,-0.10%,0.89%,1899.00万,1839.73万,59.27万,3738.83万
3908,301239,普瑞眼科,37.78,-0.11%,0.64%,1823.38万,1766.89万,56.48万,3591.41万
3909,688981,中芯国际,103.8,-0.11%,1.13%,11.44亿,12.07亿,-6344.70万,23.51亿
3910,605009,豪悦护理,28.29,-0.11%,0.20%,530.68万,659.20万,-128.52万,1190.16万
3911,603995,甬金股份,18.11,-0.11%,0.66%,1572.04万,2784.67万,-1212.63万,4356.90万
3912,688099,晶晨股份,81.08,-0.11%,1.18%,1.86亿,2.20亿,-3396.92万,4.06亿
3913,603890,春秋电子,18.69,-0.11%,16.42%,6.72亿,7.05亿,-3291.28万,13.76亿
3914,603233,大参林,17.43,-0.11%,0.23%,2401.12万,2166.26万,234.86万,4569.11万
3915,601882,海天精工,19.02,-0.11%,0.23%,992.50万,1277.58万,-285.09万,2279.78万
3916,600153,建发股份,9.01,-0.11%,0.24%,3386.38万,2803.57万,582.80万,6190.14万
3917,600132,重庆啤酒,54.04,-0.11%,0.35%,4477.24万,4743.06万,-265.82万,9220.84万
3918,300469,信息发展,54.05,-0.11%,1.87%,1.24亿,1.30亿,-596.68万,2.55亿
3919,2592,ST八菱,8.17,-0.12%,0.69%,616.63万,871.68万,-255.05万,1488.56万
3920,1296,长江材料,25.43,-0.12%,1.32%,1210.93万,1370.98万,-160.05万,2582.16万
3921,301386,未来电器,25.94,-0.12%,2.46%,1363.42万,1482.45万,-119.04万,2846.13万
3922,301075,多瑞医药,67.72,-0.12%,2.33%,5979.20万,6748.98万,-769.78万,1.27亿
3923,605089,味知香,24.91,-0.12%,0.48%,909.08万,726.60万,182.47万,1636.93万
3924,603690,至纯科技,25.38,-0.12%,1.10%,5133.07万,5526.22万,-393.15万,1.07亿
3925,603689,皖天然气,8.11,-0.12%,0.38%,623.56万,969.30万,-345.74万,1594.15万
3926,2725,跃岭股份,15.99,-0.12%,2.10%,4364.34万,2738.90万,1625.44万,7103.39万
3927,2644,佛慈制药,8.64,-0.12%,0.54%,928.25万,1442.84万,-514.58万,2371.61万
3928,2347,泰尔股份,8.23,-0.12%,2.96%,5910.48万,6221.03万,-310.55万,1.21亿
3929,11,深物业A,8.3,-0.12%,0.34%,666.22万,821.60万,-155.37万,1487.90万
3930,300177,中海达,7.93,-0.13%,1.29%,2844.30万,3273.76万,-429.46万,6120.67万
3931,688679,通源环境,55.78,-0.13%,1.75%,7126.68万,5599.15万,1527.53万,1.27亿
3932,688526,科前生物,15.15,-0.13%,0.28%,879.74万,1065.32万,-185.58万,1945.36万
3933,603990,麦迪科技,15.15,-0.13%,1.27%,2456.80万,3390.94万,-934.14万,5885.15万
3934,603318,水发燃气,7.55,-0.13%,2.61%,4197.88万,4700.59万,-502.70万,8898.55万
3935,605123,派克新材,99.87,-0.13%,1.43%,7220.48万,1.01亿,-2893.89万,1.73亿
3936,600435,北方导航,14.88,-0.13%,0.66%,6953.81万,7877.18万,-923.37万,1.48亿
3937,2795,永和智控,7.94,-0.13%,1.82%,2494.78万,3783.85万,-1289.07万,6280.07万
3938,300836,佰奥智能,62.02,-0.14%,1.66%,3412.90万,3115.23万,297.67万,6528.75万
3939,300005,探路者,14.48,-0.14%,1.50%,8940.07万,9995.96万,-1055.89万,1.89亿
3940,688793,倍轻松,21.33,-0.14%,0.97%,872.00万,898.76万,-26.76万,1771.26万
3941,300896,爱美客,115.57,-0.14%,0.52%,5146.13万,7157.07万,-2010.94万,1.23亿
3942,603559,ST通脉,7.1,-0.14%,0.31%,333.71万,552.45万,-218.74万,886.37万
3943,601186,中国铁建,6.95,-0.14%,0.19%,5429.52万,9650.14万,-4220.62万,1.51亿
3944,600011,华能国际,6.99,-0.14%,0.30%,1.04亿,1.28亿,-2406.03万,2.33亿
3945,300583,赛托生物,14.24,-0.14%,0.56%,682.67万,809.44万,-126.77万,1492.25万
3946,300269,联建光电,7.26,-0.14%,2.12%,3542.77万,4521.66万,-978.89万,8065.36万
3947,601,韶能股份,6.56,-0.15%,3.44%,1.16亿,1.20亿,-429.26万,2.36亿
3948,300922,天秦装备,19.9,-0.15%,1.53%,1784.19万,1986.45万,-202.26万,3770.84万
3949,300845,捷安高科,12.9,-0.15%,2.45%,2350.54万,2208.45万,142.10万,4559.12万
3950,688029,南微医学,75.09,-0.15%,0.20%,1388.04万,1457.68万,-69.64万,2850.12万
3951,601139,深圳燃气,6.84,-0.15%,0.47%,3748.49万,5436.45万,-1687.96万,9185.00万
3952,600372,中航机载,13.24,-0.15%,0.34%,9964.43万,1.16亿,-1680.66万,2.16亿
3953,300471,厚普股份,13.0,-0.15%,1.43%,3274.06万,3544.33万,-270.27万,6819.43万
3954,300407,凯发电气,13.09,-0.15%,1.27%,1898.74万,2397.35万,-498.62万,4296.22万
3955,300241,瑞丰光电,6.79,-0.15%,2.93%,4861.01万,6708.30万,-1847.29万,1.16亿
3956,301105,鸿铭股份,58.55,-0.15%,2.46%,1255.66万,1087.41万,168.25万,2344.83万
3957,2204,大连重工,6.73,-0.15%,0.57%,2762.28万,4625.57万,-1863.29万,7390.13万
3958,860,顺鑫农业,13.01,-0.15%,0.35%,1601.09万,1805.05万,-203.95万,3407.44万
3959,852,石化机械,6.85,-0.15%,0.69%,1904.20万,2551.09万,-646.89万,4455.36万
3960,28,国药一致,26.41,-0.15%,0.91%,5003.75万,6499.15万,-1495.40万,1.15亿
3961,603402,陕西旅游,138.64,-0.16%,4.58%,4700.21万,7563.27万,-2863.06万,1.23亿
3962,688512,慧智微,12.74,-0.16%,1.57%,2929.51万,3593.71万,-664.20万,6527.05万
3963,688114,华大智造,51.0,-0.16%,0.28%,2882.40万,3021.55万,-139.15万,5904.97万
3964,603477,巨星农牧,18.84,-0.16%,2.98%,1.54亿,1.31亿,2273.71万,2.85亿
3965,603036,如通股份,18.16,-0.16%,0.64%,1468.41万,926.45万,541.96万,2395.04万
3966,601766,中国中车,6.18,-0.16%,0.22%,1.48亿,1.83亿,-3479.32万,3.32亿
3967,601598,中国外运,6.09,-0.16%,0.19%,2927.84万,3087.09万,-159.24万,6017.06万
3968,600820,隧道股份,6.13,-0.16%,0.19%,1884.26万,1696.61万,187.65万,3580.99万
3969,600019,宝钢股份,6.35,-0.16%,0.20%,1.24亿,1.52亿,-2851.20万,2.76亿
3970,300575,中旗股份,6.06,-0.16%,1.67%,1792.87万,1649.51万,143.36万,3442.50万
3971,300157,新锦动力,6.35,-0.16%,2.48%,5061.99万,6017.22万,-955.24万,1.11亿
3972,301668,昊创瑞通,51.15,-0.16%,4.30%,2385.26万,2952.48万,-567.22万,5338.26万
3973,2187,广百股份,6.25,-0.16%,0.45%,997.37万,953.86万,43.51万,1951.30万
3974,2035,华帝股份,6.41,-0.16%,1.11%,2235.04万,3316.61万,-1081.58万,5551.84万
3975,2427,尤夫股份,6.43,-0.16%,1.02%,2842.79万,3635.98万,-793.19万,6479.43万
3976,920,沃顿科技,11.75,-0.17%,0.36%,897.64万,1103.15万,-205.51万,2000.91万
3977,600930,华电新能,6.02,-0.17%,1.54%,1.10亿,1.88亿,-7764.29万,2.99亿
3978,603273,天元智能,17.91,-0.17%,1.11%,639.54万,468.51万,171.03万,1108.23万
3979,688570,天玛智控,17.86,-0.17%,0.15%,256.36万,256.96万,-5978.00,513.68万
3980,603291,联合水务,11.61,-0.17%,0.97%,2176.41万,2514.73万,-338.32万,4691.26万
3981,603280,南方路机,35.18,-0.17%,1.62%,844.59万,737.91万,106.68万,1582.86万
3982,601089,福元医药,23.16,-0.17%,0.37%,2187.63万,1878.77万,308.86万,4066.63万
3983,603456,九洲药业,17.44,-0.17%,0.69%,5030.37万,5582.16万,-551.79万,1.06亿
3984,603297,永新光学,108.85,-0.17%,0.51%,2967.75万,3130.75万,-163.00万,6099.58万
3985,601002,晋亿实业,5.98,-0.17%,2.19%,6250.19万,6166.11万,84.08万,1.24亿
3986,600771,广誉远,17.29,-0.17%,0.42%,1625.30万,1890.04万,-264.73万,3515.51万
3987,600582,天地科技,5.72,-0.17%,0.16%,1755.10万,2001.87万,-246.77万,3759.94万
3988,2419,天虹股份,5.74,-0.17%,0.90%,2458.61万,3565.30万,-1106.68万,6023.97万
3989,2016,世荣兆业,5.84,-0.17%,0.73%,1722.33万,1741.01万,-18.68万,3463.40万
3990,688783,西安奕材,22.53,-0.18%,1.31%,1833.22万,3036.45万,-1203.23万,4870.26万
3991,3001,中岩大地,16.78,-0.18%,1.32%,1100.95万,1230.58万,-129.63万,2332.53万
3992,603189,网达软件,16.76,-0.18%,1.93%,5032.16万,3614.96万,1417.20万,8649.30万
3993,601199,江南水务,5.65,-0.18%,0.21%,489.71万,611.46万,-121.76万,1101.23万
3994,601098,中南传媒,11.07,-0.18%,0.18%,1824.84万,1730.77万,94.07万,3556.27万
3995,600919,江苏银行,10.93,-0.18%,0.22%,2.24亿,2.26亿,-200.44万,4.49亿
3996,2226,江南化工,5.61,-0.18%,0.29%,1746.75万,2612.09万,-865.34万,4359.85万
3997,2218,拓日新能,5.58,-0.18%,2.67%,1.01亿,1.04亿,-293.93万,2.06亿
3998,568,泸州老窖,102.9,-0.18%,0.28%,2.15亿,2.12亿,299.88万,4.28亿
3999,1391,国货航,5.32,-0.19%,0.52%,1310.10万,2901.05万,-1590.95万,4211.26万
4000,601528,瑞丰银行,5.27,-0.19%,0.42%,1562.79万,2251.74万,-688.95万,3814.58万
4001,605333,沪光股份,26.16,-0.19%,0.19%,965.91万,1341.27万,-375.36万,2322.61万
4002,603810,丰山集团,15.61,-0.19%,0.58%,832.57万,671.25万,161.32万,1503.98万
4003,600917,重庆燃气,5.37,-0.19%,0.15%,459.04万,829.46万,-370.42万,1297.31万
4004,600406,国电南瑞,26.81,-0.19%,0.61%,5.83亿,7.18亿,-1.35亿,13.01亿
4005,600375,汉马科技,5.21,-0.19%,0.65%,2209.43万,2703.23万,-493.80万,4913.18万
4006,300760,迈瑞医疗,160.0,-0.19%,0.25%,2.24亿,2.69亿,-4429.06万,4.93亿
4007,300236,上海新阳,83.94,-0.19%,1.45%,1.74亿,1.64亿,991.33万,3.38亿
4008,2941,新疆交建,15.79,-0.19%,0.60%,2951.78万,3938.30万,-986.52万,6897.66万
4009,688617,惠泰医疗,258.01,-0.19%,0.21%,4210.73万,3526.39万,684.35万,7742.28万
4010,2563,森马服饰,5.19,-0.19%,0.36%,1656.23万,2528.29万,-872.05万,4184.78万
4011,2465,海格通信,15.47,-0.19%,1.37%,2.55亿,2.68亿,-1271.71万,5.23亿
4012,2372,伟星新材,10.75,-0.19%,0.28%,2835.95万,1654.89万,1181.06万,4491.06万
4013,300904,威力传动,58.89,-0.20%,1.68%,915.77万,1248.45万,-332.68万,2164.80万
4014,1207,联科科技,19.69,-0.20%,0.84%,2158.22万,2644.03万,-485.82万,4803.24万
4015,603261,*ST立航,35.68,-0.20%,0.19%,173.30万,355.33万,-182.03万,530.06万
4016,688175,高凌信息,35.33,-0.20%,0.64%,1480.48万,1424.41万,56.07万,2908.48万
4017,688698,伟创电气,70.14,-0.20%,2.41%,1.45亿,2.22亿,-7722.08万,3.67亿
4018,300389,艾比森,19.92,-0.20%,2.18%,5052.86万,4480.28万,572.58万,9533.74万
4019,600889,南京化纤,14.77,-0.20%,0.48%,1047.91万,1518.61万,-470.70万,2571.54万
4020,603087,甘李药业,65.83,-0.20%,0.74%,1.31亿,1.39亿,-814.90万,2.71亿
4021,603816,顾家家居,30.58,-0.20%,0.57%,9333.76万,5120.01万,4213.75万,1.45亿
4022,601777,千里科技,10.02,-0.20%,0.23%,4855.41万,5780.78万,-925.37万,1.06亿
4023,601225,陕西煤业,25.11,-0.20%,0.19%,2.38亿,2.32亿,580.68万,4.70亿
4024,601137,博威合金,20.2,-0.20%,0.72%,6142.12万,7149.77万,-1007.65万,1.33亿
4025,600967,内蒙一机,14.73,-0.20%,0.40%,4095.01万,5803.94万,-1708.93万,9899.24万
4026,600894,广日股份,9.85,-0.20%,0.61%,2641.32万,2417.54万,223.78万,5059.07万
4027,600266,城建发展,5.07,-0.20%,0.96%,4335.21万,5738.92万,-1403.70万,1.01亿
4028,600216,浙江医药,15.25,-0.20%,1.66%,1.21亿,1.19亿,191.58万,2.39亿
4029,600018,上港集团,4.98,-0.20%,0.08%,3869.93万,5079.54万,-1209.61万,8949.51万
4030,2304,洋河股份,50.42,-0.20%,0.15%,4819.72万,6308.67万,-1488.95万,1.11亿
4031,828,东莞控股,10.05,-0.20%,0.22%,1062.21万,1223.75万,-161.55万,2289.18万
4032,2586,ST围海,4.86,-0.21%,0.26%,535.30万,835.50万,-300.20万,1376.64万
4033,688539,高华科技,37.81,-0.21%,1.68%,2753.56万,3871.60万,-1118.04万,6625.92万
4034,603182,嘉华股份,14.37,-0.21%,1.51%,1781.28万,1763.94万,17.34万,3547.09万
4035,301288,*ST清研,18.63,-0.21%,0.45%,246.53万,399.76万,-153.23万,659.70万
4036,301349,信德新材,61.22,-0.21%,2.65%,7242.75万,9315.37万,-2072.62万,1.66亿
4037,688425,铁建重工,4.85,-0.21%,0.20%,1988.08万,3314.93万,-1326.85万,5303.10万
4038,603511,爱慕股份,14.2,-0.21%,0.09%,246.14万,262.16万,-16.02万,509.29万
4039,605377,华旺科技,9.59,-0.21%,0.34%,882.65万,926.74万,-44.09万,1809.49万
4040,603389,*ST亚振,48.65,-0.21%,0.32%,1496.09万,2596.26万,-1100.17万,4135.65万
4041,601601,中国太保,37.91,-0.21%,0.23%,2.37亿,3.55亿,-1.18亿,5.92亿
4042,600376,首开股份,4.77,-0.21%,0.63%,2859.12万,4833.12万,-1974.00万,7702.40万
4043,600027,华电国际,4.65,-0.21%,0.39%,9218.48万,7376.50万,1841.98万,1.66亿
4044,300595,欧普康视,14.17,-0.21%,0.57%,2552.05万,2858.95万,-306.90万,5411.14万
4045,877,天山股份,4.77,-0.21%,0.08%,1171.06万,1616.33万,-445.27万,2787.43万
4046,651,格力电器,37.31,-0.21%,0.23%,2.08亿,2.55亿,-4779.61万,4.63亿
4047,528,柳工,9.65,-0.21%,0.67%,5415.06万,7766.73万,-2351.67万,1.32亿
4048,688530,欧莱新材,31.69,-0.22%,5.85%,6357.75万,6066.41万,291.33万,1.24亿
4049,603195,公牛集团,41.1,-0.22%,0.05%,1205.39万,2215.78万,-1010.38万,3423.22万
4050,688122,西部超导,73.14,-0.22%,1.11%,2.61亿,2.64亿,-226.68万,5.25亿
4051,688012,中微公司,319.65,-0.22%,0.86%,7.79亿,9.44亿,-1.65亿,17.22亿
4052,600624,ST复华,4.6,-0.22%,0.29%,354.29万,537.25万,-182.96万,894.61万
4053,600269,赣粤高速,4.5,-0.22%,0.28%,1142.20万,1847.18万,-704.98万,2989.57万
4054,2661,克明食品,8.93,-0.22%,0.52%,679.34万,783.70万,-104.36万,1463.14万
4055,2413,雷科防务,13.45,-0.22%,4.64%,4.03亿,4.02亿,77.18万,8.05亿
4056,2409,雅克科技,85.9,-0.22%,1.43%,1.90亿,2.01亿,-1095.06万,3.91亿
4057,603075,热威股份,22.71,-0.22%,1.94%,917.64万,891.43万,26.20万,1809.30万
4058,603369,今世缘,26.4,-0.23%,0.32%,5323.98万,5187.00万,136.98万,1.05亿
4059,601985,中国核电,8.75,-0.23%,0.24%,1.72亿,2.26亿,-5441.23万,3.98亿
4060,601298,青岛港,8.77,-0.23%,0.07%,1846.11万,1521.01万,325.10万,3367.21万
4061,600810,神马股份,8.62,-0.23%,0.74%,3402.18万,3496.05万,-93.87万,6898.32万
4062,600038,中直股份,34.03,-0.23%,0.32%,3239.39万,4002.61万,-763.22万,7242.68万
4063,300642,透景生命,17.02,-0.23%,0.92%,1129.32万,1003.69万,125.63万,2133.19万
4064,300581,晨曦航空,12.88,-0.23%,0.70%,2220.67万,2750.01万,-529.34万,4970.81万
4065,300456,赛微电子,52.3,-0.23%,3.95%,6.32亿,6.12亿,2018.40万,12.43亿
4066,300443,金雷股份,29.78,-0.23%,1.90%,7308.49万,6478.49万,830.00万,1.38亿
4067,2862,实丰文化,17.07,-0.23%,1.28%,1447.75万,1286.02万,161.73万,2733.94万
4068,2521,齐峰新材,8.74,-0.23%,1.46%,2652.75万,2664.81万,-12.06万,5341.41万
4069,2407,多氟多,29.97,-0.23%,6.30%,9.88亿,10.61亿,-7294.00万,20.49亿
4070,688602,康鹏科技,8.24,-0.24%,3.29%,3721.26万,3296.43万,424.84万,7017.86万
4071,603529,爱玛科技,29.19,-0.24%,0.59%,7003.12万,7635.11万,-631.98万,1.46亿
4072,603489,八方股份,33.92,-0.24%,0.68%,3008.25万,2414.99万,593.26万,5423.57万
4073,2967,广电计量,21.13,-0.24%,0.64%,3430.47万,4054.59万,-624.12万,7485.27万
4074,688022,瀚川智能,16.89,-0.24%,0.98%,1536.64万,1389.81万,146.83万,2926.78万
4075,603712,七一二,16.43,-0.24%,0.46%,2930.97万,2895.94万,35.03万,5827.73万
4076,600765,中航重机,16.69,-0.24%,0.57%,6819.71万,8024.78万,-1205.08万,1.48亿
4077,600905,三峡能源,4.1,-0.24%,0.18%,8179.82万,1.34亿,-5211.19万,2.16亿
4078,600054,黄山旅游,12.33,-0.24%,1.68%,5526.86万,5065.39万,461.48万,1.06亿
4079,300151,昌红科技,16.85,-0.24%,1.03%,3287.07万,3090.06万,197.01万,6404.26万
4080,688389,普门科技,12.67,-0.24%,0.26%,597.45万,799.73万,-202.29万,1397.43万
4081,536,华映科技,4.24,-0.24%,0.54%,2527.96万,3779.45万,-1251.50万,6308.90万
4082,430,ST张家界,8.06,-0.25%,2.56%,3532.16万,4100.38万,-568.22万,7634.63万
4083,301018,申菱环境,122.98,-0.25%,5.13%,6.26亿,6.25亿,131.08万,12.51亿
4084,605339,南侨食品,16.21,-0.25%,0.10%,316.41万,352.65万,-36.24万,669.22万
4085,603284,林平发展,56.25,-0.25%,5.35%,2416.37万,3145.80万,-729.43万,5562.73万
4086,601279,英利汽车,3.95,-0.25%,0.28%,785.28万,982.53万,-197.25万,1767.86万
4087,603508,思维列控,24.23,-0.25%,0.50%,1806.93万,2790.40万,-983.47万,4597.81万
4088,601015,陕西黑猫,4.0,-0.25%,1.14%,4609.43万,4648.61万,-39.18万,9259.23万
4089,600703,三安光电,12.11,-0.25%,1.83%,4.85亿,6.10亿,-1.26亿,10.95亿
4090,600528,中铁工业,7.94,-0.25%,0.66%,4465.52万,7103.98万,-2638.46万,1.16亿
4091,600425,青松建化,4.02,-0.25%,0.55%,1390.77万,2154.46万,-763.69万,3545.76万
4092,300671,富满微,44.41,-0.25%,2.72%,1.28亿,1.40亿,-1199.07万,2.67亿
4093,300567,精测电子,130.0,-0.25%,1.84%,2.60亿,2.81亿,-2129.66万,5.41亿
4094,300447,全信股份,19.91,-0.25%,2.36%,4657.75万,4805.61万,-147.86万,9467.55万
4095,2508,老板电器,20.11,-0.25%,0.24%,2272.56万,2199.37万,73.19万,4472.34万
4096,2142,宁波银行,31.44,-0.25%,0.15%,1.28亿,1.94亿,-6536.01万,3.22亿
4097,725,京东方A,3.99,-0.25%,0.65%,3.91亿,5.48亿,-1.57亿,9.39亿
4098,543,皖能电力,8.12,-0.25%,0.66%,5682.38万,6502.81万,-820.43万,1.22亿
4099,603070,万控智造,15.1,-0.26%,0.28%,804.92万,862.63万,-57.71万,1667.70万
4100,688199,久日新材,26.8,-0.26%,1.20%,2571.19万,2635.66万,-64.47万,5207.39万
4101,603259,药明康德,106.55,-0.26%,0.75%,11.81亿,8.05亿,3.76亿,19.85亿
4102,601800,中国交建,7.59,-0.26%,0.07%,2012.92万,3981.30万,-1968.37万,5998.16万
4103,600758,辽宁能源,3.87,-0.26%,2.23%,5110.35万,6240.26万,-1129.91万,1.14亿
4104,600693,东百集团,11.44,-0.26%,3.33%,1.65亿,1.65亿,44.14万,3.30亿
4105,600663,陆家嘴,7.82,-0.26%,0.09%,1266.01万,960.24万,305.77万,2226.48万
4106,600196,复星医药,26.73,-0.26%,0.45%,1.22亿,1.31亿,-892.59万,2.53亿
4107,600020,中原高速,3.83,-0.26%,0.29%,770.50万,1690.77万,-920.27万,2461.31万
4108,300396,迪瑞医疗,11.56,-0.26%,0.47%,608.17万,859.36万,-251.19万,1467.64万
4109,300355,蒙草生态,3.8,-0.26%,1.25%,2705.09万,3757.01万,-1051.92万,6462.21万
4110,2829,星网宇达,23.14,-0.26%,1.93%,2867.49万,3638.37万,-770.88万,6506.78万
4111,2549,凯美特气,18.95,-0.26%,1.76%,1.07亿,1.24亿,-1638.57万,2.31亿
4112,2492,恒基达鑫,7.48,-0.27%,0.90%,1125.88万,1563.21万,-437.33万,2689.39万
4113,688172,燕东微,40.38,-0.27%,0.82%,1.34亿,1.23亿,1140.15万,2.57亿
4114,2278,神开股份,11.27,-0.27%,1.59%,2499.04万,3451.91万,-952.87万,5951.97万
4115,600887,伊利股份,25.62,-0.27%,0.39%,2.55亿,3.73亿,-1.18亿,6.29亿
4116,600751,海航科技,3.75,-0.27%,0.61%,2717.74万,3148.40万,-430.66万,5866.79万
4117,2382,蓝帆医疗,7.5,-0.27%,1.78%,6919.94万,6372.92万,547.02万,1.33亿
4118,2352,顺丰控股,37.56,-0.27%,0.20%,1.76亿,1.93亿,-1709.86万,3.69亿
4119,2090,金智科技,11.11,-0.27%,0.79%,1684.55万,1780.65万,-96.10万,3467.42万
4120,90,天健集团,3.63,-0.27%,0.33%,998.65万,1256.37万,-257.71万,2255.06万
4121,2211,ST宏达,3.6,-0.28%,0.91%,564.63万,841.80万,-277.17万,1406.47万
4122,603049,中策橡胶,50.53,-0.28%,2.14%,3685.85万,5847.97万,-2162.12万,9534.34万
4123,603135,中重科技,10.77,-0.28%,0.19%,644.10万,629.63万,14.48万,1273.84万
4124,301232,飞沃科技,215.51,-0.28%,12.13%,5.33亿,6.26亿,-9331.20万,11.59亿
4125,688613,奥精医疗,21.28,-0.28%,0.98%,1491.99万,1343.18万,148.81万,2836.43万
4126,2946,新乳业,18.09,-0.28%,0.35%,2361.70万,2935.98万,-574.29万,5297.86万
4127,688687,凯因科技,21.43,-0.28%,1.21%,2180.83万,2221.06万,-40.24万,4402.32万
4128,300899,*ST凯鑫,38.9,-0.28%,1.01%,878.38万,722.51万,155.87万,1602.45万
4129,601077,渝农商行,7.2,-0.28%,0.23%,8759.38万,5866.69万,2892.69万,1.46亿
4130,600798,宁波海运,3.62,-0.28%,0.63%,1246.83万,1482.26万,-235.43万,2729.17万
4131,600587,新华医疗,14.42,-0.28%,0.40%,1371.20万,2137.21万,-766.01万,3522.69万
4132,600535,天士力,14.28,-0.28%,0.28%,3038.20万,2848.60万,189.60万,5886.94万
4133,300293,蓝英装备,18.01,-0.28%,0.89%,2522.62万,2905.88万,-383.25万,5430.49万
4134,2864,盘龙药业,32.19,-0.28%,1.90%,2236.14万,2274.34万,-38.20万,4510.79万
4135,2573,清新环境,3.55,-0.28%,0.39%,722.68万,1252.98万,-530.30万,1975.69万
4136,800,一汽解放,7.04,-0.28%,0.20%,2859.42万,4017.51万,-1158.09万,6877.85万
4137,688658,悦康药业,20.55,-0.29%,2.23%,9984.25万,1.03亿,-359.06万,2.03亿
4138,605188,国光连锁,17.18,-0.29%,0.27%,1170.83万,1170.86万,-387.00,2341.86万
4139,603111,康尼机电,6.8,-0.29%,0.26%,769.44万,749.89万,19.55万,1519.39万
4140,600248,陕建股份,3.42,-0.29%,0.12%,665.72万,911.99万,-246.26万,1578.26万
4141,600166,福田汽车,3.38,-0.29%,2.36%,3.18亿,3.20亿,-144.17万,6.38亿
4142,2893,京能热力,10.32,-0.29%,2.29%,1988.38万,2796.15万,-807.77万,4788.96万
4143,2840,华统股份,13.64,-0.29%,4.88%,2.78亿,2.43亿,3508.02万,5.21亿
4144,2822,ST中装,3.43,-0.29%,0.51%,610.46万,1276.69万,-666.23万,1887.22万
4145,2676,顺威股份,6.93,-0.29%,0.97%,1923.33万,2911.19万,-987.86万,4834.59万
4146,563,陕国投A,3.38,-0.29%,0.37%,2200.43万,4161.61万,-1961.19万,6363.16万
4147,2977,天箭科技,29.72,-0.30%,2.38%,2347.02万,2363.80万,-16.78万,4711.12万
4148,603153,上海建科,16.48,-0.30%,0.19%,675.43万,578.29万,97.15万,1254.88万
4149,603317,天味食品,13.11,-0.30%,0.33%,2389.39万,2183.46万,205.93万,4572.99万
4150,601606,长城军工,39.61,-0.30%,0.78%,9639.39万,1.26亿,-2959.19万,2.22亿
4151,600897,厦门空港,16.39,-0.30%,0.36%,1054.71万,1406.29万,-351.58万,2461.98万
4152,600350,山东高速,10.07,-0.30%,0.06%,1746.26万,1295.36万,450.90万,3042.13万
4153,300569,天能重工,6.58,-0.30%,1.18%,3511.76万,4358.12万,-846.36万,7871.65万
4154,300189,神农种业,6.7,-0.30%,3.51%,1.01亿,1.06亿,-597.83万,2.07亿
4155,598,兴蓉环境,6.66,-0.30%,0.30%,2324.30万,3605.19万,-1280.88万,5929.56万
4156,505,京粮控股,6.65,-0.30%,0.73%,1481.11万,1549.03万,-67.92万,3030.27万
4157,688799,华纳药厂,57.9,-0.31%,3.09%,1.23亿,1.13亿,961.92万,2.36亿
4158,601818,光大银行,3.2,-0.31%,0.19%,1.35亿,1.47亿,-1157.74万,2.82亿
4159,600617,国新能源,3.23,-0.31%,1.26%,3275.36万,3844.72万,-569.36万,7122.99万
4160,600276,恒瑞医药,57.55,-0.31%,0.56%,10.11亿,10.32亿,-2022.00万,20.43亿
4161,300462,ST华铭,12.78,-0.31%,0.76%,790.79万,544.20万,246.60万,1336.78万
4162,300095,华伍股份,9.64,-0.31%,1.22%,1763.49万,2233.99万,-470.50万,3998.44万
4163,2389,航天彩虹,22.19,-0.31%,1.22%,1.22亿,1.43亿,-2050.37万,2.65亿
4164,538,云南白药,55.55,-0.31%,0.16%,6429.19万,9161.66万,-2732.47万,1.56亿
4165,603370,华新精科,44.12,-0.32%,0.66%,450.65万,571.46万,-120.81万,1023.43万
4166,688667,菱电电控,136.77,-0.32%,2.94%,1.10亿,9853.63万,1103.33万,2.08亿
4167,603896,寿仙谷,18.62,-0.32%,0.37%,637.78万,735.39万,-97.61万,1373.36万
4168,601166,兴业银行,18.64,-0.32%,0.16%,2.68亿,3.67亿,-9964.29万,6.35亿
4169,600657,信达地产,3.09,-0.32%,0.28%,1196.04万,1320.95万,-124.91万,2517.23万
4170,600529,山东药玻,18.64,-0.32%,0.36%,1614.30万,2878.07万,-1263.77万,4492.57万
4171,600365,ST通葡,3.09,-0.32%,0.58%,285.52万,475.74万,-190.22万,763.45万
4172,600280,中央商场,3.1,-0.32%,0.88%,1299.12万,1752.65万,-453.54万,3051.86万
4173,300228,富瑞特装,9.32,-0.32%,2.16%,4518.84万,6663.60万,-2144.76万,1.12亿
4174,2746,仙坛股份,6.16,-0.32%,0.61%,1254.61万,1393.63万,-139.02万,2648.48万
4175,2507,涪陵榨菜,12.37,-0.32%,0.29%,1641.49万,2513.88万,-872.39万,4155.98万
4176,2199,*ST东晶,9.3,-0.32%,1.89%,2051.09万,2329.66万,-278.57万,4381.69万
4177,553,安道麦A,6.18,-0.32%,0.22%,1399.12万,1547.18万,-148.06万,2946.37万
4178,518,*ST四环,3.08,-0.32%,1.12%,1508.15万,2091.49万,-583.33万,3600.57万
4179,688190,云路股份,87.81,-0.33%,0.43%,2059.53万,2432.39万,-372.85万,4494.96万
4180,688289,圣湘生物,18.2,-0.33%,0.34%,1614.78万,1924.03万,-309.25万,3538.85万
4181,600008,首创环保,3.04,-0.33%,0.35%,3594.50万,4260.27万,-665.77万,7854.81万
4182,600017,日照港,2.98,-0.33%,0.38%,1286.67万,2146.39万,-859.72万,3433.24万
4183,300406,九强生物,12.06,-0.33%,0.34%,742.52万,1001.52万,-259.00万,1744.65万
4184,650,仁和药业,5.89,-0.34%,0.53%,2025.88万,2136.67万,-110.79万,4162.97万
4185,601033,永兴股份,14.86,-0.34%,0.68%,938.42万,1497.62万,-559.20万,2436.33万
4186,688569,铁科轨道,20.29,-0.34%,0.32%,617.68万,757.05万,-139.37万,1375.13万
4187,688597,煜邦电力,8.92,-0.34%,0.67%,840.43万,1150.54万,-310.11万,1991.69万
4188,601218,吉鑫科技,5.95,-0.34%,2.55%,6320.91万,8422.32万,-2101.41万,1.47亿
4189,603987,康德莱,8.87,-0.34%,0.58%,1047.76万,1180.42万,-132.66万,2228.27万
4190,603806,福斯特,17.69,-0.34%,0.78%,1.71亿,1.88亿,-1728.32万,3.59亿
4191,603619,中曼石油,34.72,-0.34%,2.20%,1.66亿,1.83亿,-1646.03万,3.49亿
4192,601997,贵阳银行,5.78,-0.34%,0.32%,3095.61万,3639.01万,-543.39万,6734.90万
4193,688100,威胜信息,38.07,-0.34%,0.32%,2932.37万,3065.70万,-133.33万,5998.89万
4194,600573,惠泉啤酒,11.7,-0.34%,2.10%,2849.76万,3282.24万,-432.48万,6132.23万
4195,2878,元隆雅图,17.64,-0.34%,2.52%,5039.13万,5422.20万,-383.06万,1.05亿
4196,560,我爱我家,2.96,-0.34%,1.74%,4466.35万,7111.17万,-2644.82万,1.16亿
4197,688096,京源环保,8.44,-0.35%,1.70%,1453.99万,1879.63万,-425.64万,3334.12万
4198,603877,太平鸟,14.19,-0.35%,0.23%,679.51万,829.00万,-149.49万,1508.65万
4199,603637,镇海股份,14.13,-0.35%,2.39%,3761.40万,4232.18万,-470.78万,7993.72万
4200,601988,中国银行,5.77,-0.35%,0.06%,3.27亿,3.75亿,-4726.92万,7.02亿
4201,601838,成都银行,17.33,-0.35%,0.23%,7151.56万,9906.71万,-2755.15万,1.71亿
4202,600908,无锡银行,5.67,-0.35%,0.32%,1702.06万,1952.61万,-250.55万,3655.75万
4203,600688,上海石化,2.85,-0.35%,0.21%,1812.88万,2563.54万,-750.66万,4376.74万
4204,600679,上海凤凰,11.41,-0.35%,0.50%,794.28万,1148.97万,-354.69万,1944.62万
4205,600383,金地集团,2.82,-0.35%,0.60%,2877.55万,4798.02万,-1920.47万,7676.95万
4206,600282,南钢股份,5.63,-0.35%,0.22%,4149.37万,3539.84万,609.53万,7710.00万
4207,600028,中国石化,5.67,-0.35%,0.10%,2.14亿,2.98亿,-8369.05万,5.11亿
4208,300205,*ST天喻,5.74,-0.35%,0.65%,862.56万,734.37万,128.18万,1601.52万
4209,2043,兔宝宝,14.43,-0.35%,0.43%,2558.83万,2449.79万,109.04万,5009.05万
4210,1979,招商蛇口,8.51,-0.35%,0.27%,8988.40万,1.07亿,-1715.56万,1.97亿
4211,1333,光华股份,24.76,-0.36%,2.95%,1609.43万,1597.60万,11.83万,3210.25万
4212,1267,汇绿生态,41.3,-0.36%,3.85%,5.02亿,4.51亿,5011.26万,9.53亿
4213,2615,哈尔斯,8.34,-0.36%,2.83%,3536.55万,3783.91万,-247.37万,7320.54万
4214,605011,杭州热电,19.21,-0.36%,0.32%,713.69万,1749.01万,-1035.32万,2464.81万
4215,688334,西高院,22.18,-0.36%,1.60%,2498.57万,3042.83万,-544.25万,5541.85万
4216,603207,小方制药,27.9,-0.36%,1.09%,729.93万,919.17万,-189.23万,1649.38万
4217,301166,优宁维,30.59,-0.36%,0.96%,851.51万,816.49万,35.02万,1668.30万
4218,797,中国武夷,2.79,-0.36%,0.61%,1005.26万,1663.69万,-658.43万,2668.97万
4219,300483,首华燃气,19.42,-0.36%,4.11%,1.50亿,1.49亿,137.37万,2.99亿
4220,301013,利和兴,24.7,-0.36%,4.86%,1.05亿,1.19亿,-1429.46万,2.24亿
4221,688513,苑东生物,66.62,-0.36%,1.06%,6659.47万,5815.12万,844.34万,1.25亿
4222,603439,三力制药,11.09,-0.36%,0.26%,421.59万,749.29万,-327.69万,1170.99万
4223,603809,豪能股份,11.19,-0.36%,1.10%,4927.10万,6504.75万,-1577.65万,1.14亿
4224,601866,中远海发,2.76,-0.36%,0.59%,6195.14万,9652.54万,-3457.40万,1.58亿
4225,600965,福成股份,5.54,-0.36%,0.38%,726.02万,1001.90万,-275.88万,1727.97万
4226,600566,济川药业,25.21,-0.36%,0.17%,1921.87万,2127.69万,-205.82万,4050.07万
4227,600525,ST长园,5.5,-0.36%,0.31%,1080.41万,1175.20万,-94.80万,2262.21万
4228,600023,浙能电力,5.52,-0.36%,0.17%,6943.28万,5637.36万,1305.92万,1.26亿
4229,2698,博实股份,13.98,-0.36%,0.35%,1770.42万,2370.87万,-600.45万,4145.34万
4230,603898,好莱客,13.44,-0.37%,0.34%,708.52万,702.93万,5.59万,1411.85万
4231,601860,紫金银行,2.68,-0.37%,0.61%,2063.64万,3726.99万,-1663.34万,5791.14万
4232,601169,北京银行,5.45,-0.37%,0.21%,8742.47万,1.52亿,-6413.27万,2.39亿
4233,600787,中储股份,5.37,-0.37%,0.45%,1605.44万,3584.91万,-1979.48万,5190.40万
4234,600748,上实发展,5.39,-0.37%,0.89%,3971.31万,4965.67万,-994.36万,8937.02万
4235,600298,安琪酵母,40.4,-0.37%,0.31%,4751.60万,6117.14万,-1365.54万,1.09亿
4236,300054,鼎龙股份,51.64,-0.37%,1.78%,3.31亿,3.48亿,-1666.58万,6.79亿
4237,2761,浙江建投,8.16,-0.37%,0.40%,1397.29万,2169.78万,-772.48万,3567.72万
4238,688075,安旭生物,38.86,-0.38%,0.11%,264.84万,277.96万,-13.12万,543.57万
4239,600704,物产中大,5.27,-0.38%,0.39%,4722.87万,5977.70万,-1254.83万,1.07亿
4240,600678,四川金顶,10.49,-0.38%,1.40%,2575.52万,2531.33万,44.19万,5107.79万
4241,600675,中华企业,2.65,-0.38%,0.22%,1422.20万,2104.84万,-682.64万,3529.92万
4242,600226,亨通股份,5.3,-0.38%,1.10%,8071.30万,9159.20万,-1087.90万,1.72亿
4243,600160,巨化股份,34.28,-0.38%,0.73%,2.56亿,4.19亿,-1.63亿,6.74亿
4244,2793,罗欣药业,5.2,-0.38%,1.19%,3126.64万,3562.25万,-435.60万,6688.95万
4245,2338,奥普光电,52.3,-0.38%,0.66%,3820.97万,4478.62万,-657.65万,8300.62万
4246,2248,华东数控,12.94,-0.38%,2.54%,4910.54万,5187.11万,-276.57万,1.01亿
4247,2072,凯瑞德,7.65,-0.39%,0.83%,1166.40万,1156.18万,10.22万,2322.73万
4248,688785,恒运昌,306.0,-0.39%,2.62%,5270.79万,4919.50万,351.29万,1.02亿
4249,601658,邮储银行,5.09,-0.39%,0.09%,1.59亿,1.65亿,-617.76万,3.25亿
4250,603043,广州酒家,15.38,-0.39%,0.23%,959.57万,999.12万,-39.56万,1958.85万
4251,601088,中国神华,45.65,-0.39%,0.09%,2.88亿,3.54亿,-6602.79万,6.42亿
4252,600989,宝丰能源,28.32,-0.39%,0.55%,4.98亿,6.43亿,-1.45亿,11.42亿
4253,600332,白云山,22.91,-0.39%,0.30%,3492.52万,6343.45万,-2850.93万,9838.26万
4254,600315,上海家化,20.68,-0.39%,0.28%,1620.96万,2229.65万,-608.69万,3851.03万
4255,300219,鸿利智汇,7.68,-0.39%,1.37%,3512.63万,3860.46万,-347.83万,7373.25万
4256,301611,珂玛科技,98.6,-0.40%,5.64%,3.88亿,4.29亿,-4062.92万,8.17亿
4257,688576,西山科技,69.5,-0.40%,0.46%,313.68万,382.95万,-69.27万,697.73万
4258,301312,智立方,120.59,-0.40%,6.08%,2.30亿,2.14亿,1586.63万,4.43亿
4259,601816,京沪高铁,4.92,-0.40%,0.11%,1.07亿,1.54亿,-4663.82万,2.61亿
4260,601952,苏垦农发,9.88,-0.40%,0.62%,4691.52万,3732.30万,959.21万,8429.16万
4261,601398,工商银行,7.47,-0.40%,0.05%,4.19亿,5.37亿,-1.17亿,9.56亿
4262,300573,兴齐眼药,67.8,-0.40%,1.03%,6438.93万,6860.92万,-421.99万,1.33亿
4263,2625,光启技术,39.72,-0.40%,0.58%,2.06亿,2.91亿,-8521.20万,4.96亿
4264,668,*ST荣控,14.84,-0.40%,1.09%,1241.72万,1122.79万,118.93万,2365.10万
4265,61,农产品,7.27,-0.41%,0.33%,1984.30万,2323.82万,-339.52万,4308.19万
4266,301277,新天地,12.08,-0.41%,0.42%,872.00万,1122.95万,-250.94万,1995.07万
4267,688618,三旺通信,39.21,-0.41%,4.95%,1.12亿,9620.88万,1570.76万,2.08亿
4268,300303,聚飞光电,9.66,-0.41%,4.73%,2.55亿,3.48亿,-9312.91万,6.03亿
4269,300888,稳健医疗,33.72,-0.41%,0.48%,3987.82万,5475.54万,-1487.72万,9463.71万
4270,601616,广电电气,4.8,-0.41%,2.08%,3757.88万,4684.50万,-926.62万,8442.62万
4271,603800,洪田股份,46.33,-0.41%,1.83%,7870.68万,9818.23万,-1947.55万,1.77亿
4272,603053,成都燃气,9.6,-0.41%,0.16%,541.55万,795.15万,-253.60万,1337.08万
4273,601828,美凯龙,2.44,-0.41%,0.28%,1140.68万,1307.54万,-166.87万,2448.75万
4274,601698,中国卫通,33.83,-0.41%,0.70%,4.67亿,5.38亿,-7033.79万,10.05亿
4275,600491,龙元建设,2.41,-0.41%,2.42%,4916.60万,4033.37万,883.23万,8950.71万
4276,600230,沧州大化,19.57,-0.41%,1.45%,5711.16万,6019.61万,-308.46万,1.17亿
4277,300658,延江股份,21.92,-0.41%,6.48%,1.55亿,1.63亿,-847.64万,3.18亿
4278,300328,宜安科技,17.12,-0.41%,3.18%,1.71亿,2.01亿,-2936.45万,3.72亿
4279,300320,海达股份,9.79,-0.41%,1.91%,4833.04万,4179.12万,653.92万,9016.48万
4280,300174,元力股份,17.04,-0.41%,1.06%,2823.62万,3708.62万,-885.00万,6533.42万
4281,2451,摩恩电气,9.79,-0.41%,1.80%,3357.89万,4246.03万,-888.14万,7652.87万
4282,977,浪潮信息,68.6,-0.41%,1.91%,9.94亿,9.29亿,6520.10万,19.23亿
4283,603014,威高血净,37.52,-0.42%,1.24%,638.74万,1190.12万,-551.38万,1829.24万
4284,601155,新城控股,14.14,-0.42%,0.45%,6899.89万,7635.82万,-735.93万,1.45亿
4285,600169,ST太重,2.39,-0.42%,0.19%,438.51万,1092.57万,-654.06万,1532.12万
4286,300677,英科医疗,52.52,-0.42%,2.10%,2.45亿,2.62亿,-1714.75万,5.07亿
4287,300138,晨光生物,11.98,-0.42%,0.62%,1284.08万,1654.63万,-370.54万,2939.67万
4288,300015,爱尔眼科,9.58,-0.42%,0.36%,1.13亿,1.62亿,-4872.40万,2.75亿
4289,908,ST景峰,7.08,-0.42%,0.98%,2581.99万,3476.57万,-894.58万,6058.98万
4290,45,深纺织A,11.98,-0.42%,1.20%,3011.10万,3472.53万,-461.43万,6484.10万
4291,2755,奥赛康,16.09,-0.43%,1.29%,1.04亿,8866.19万,1510.44万,1.92亿
4292,601872,招商轮船,18.36,-0.43%,0.76%,5.02亿,6.29亿,-1.27亿,11.31亿
4293,601010,文峰股份,2.34,-0.43%,1.13%,2114.45万,2734.11万,-619.65万,4848.63万
4294,600557,康缘药业,13.97,-0.43%,0.40%,1443.91万,1679.11万,-235.20万,3123.15万
4295,600151,航天机电,13.85,-0.43%,1.85%,1.67亿,2.00亿,-3231.73万,3.67亿
4296,600085,同仁堂,27.93,-0.43%,0.20%,3378.41万,4288.28万,-909.86万,7666.97万
4297,600062,华润双鹤,18.59,-0.43%,0.72%,6257.74万,7705.52万,-1447.79万,1.40亿
4298,300666,江丰电子,153.68,-0.43%,2.06%,3.57亿,3.42亿,1487.76万,6.99亿
4299,300237,ST美晨,2.34,-0.43%,0.86%,823.55万,2054.76万,-1231.20万,2881.40万
4300,2219,新里程,2.32,-0.43%,5.09%,1.95亿,1.98亿,-257.42万,3.93亿
4301,883,湖北能源,4.64,-0.43%,0.20%,2523.39万,3588.06万,-1064.66万,6111.55万
4302,516,国际医学,4.67,-0.43%,0.76%,3021.00万,4790.07万,-1769.08万,7811.54万
4303,2262,恩华药业,22.79,-0.44%,0.37%,3415.51万,4054.34万,-638.83万,7470.75万
4304,603708,家家悦,11.35,-0.44%,0.20%,670.14万,762.55万,-92.40万,1432.80万
4305,603658,安图生物,34.27,-0.44%,0.16%,1364.95万,1717.88万,-352.93万,3083.51万
4306,603165,荣晟环保,15.68,-0.44%,1.26%,3220.06万,3142.93万,77.13万,6363.16万
4307,688325,赛微微电,118.14,-0.44%,0.74%,2908.74万,4241.09万,-1332.35万,7155.74万
4308,600800,渤海化学,4.51,-0.44%,1.77%,4170.35万,4646.62万,-476.27万,8817.06万
4309,600686,金龙汽车,15.85,-0.44%,1.37%,7148.08万,8472.29万,-1324.21万,1.56亿
4310,600398,海澜之家,6.75,-0.44%,0.29%,4959.51万,4571.26万,388.25万,9530.91万
4311,600223,福瑞达,6.77,-0.44%,0.35%,1072.14万,1358.24万,-286.11万,2433.22万
4312,300040,九洲集团,6.74,-0.44%,3.86%,5128.18万,8250.20万,-3122.02万,1.34亿
4313,1222,源飞宠物,19.94,-0.45%,1.22%,1471.52万,1127.98万,343.53万,2599.70万
4314,301078,孩子王,8.81,-0.45%,1.36%,7135.03万,7834.66万,-699.63万,1.50亿
4315,688076,ST诺泰,30.79,-0.45%,0.39%,1173.29万,2606.99万,-1433.70万,3781.91万
4316,601009,南京银行,11.14,-0.45%,0.15%,1.20亿,9031.70万,3008.70万,2.11亿
4317,2957,科瑞技术,41.73,-0.45%,5.74%,4.58亿,5.24亿,-6597.78万,9.82亿
4318,2179,中航光电,35.71,-0.45%,0.56%,1.96亿,2.26亿,-3005.63万,4.22亿
4319,69,华侨城A,2.23,-0.45%,0.23%,1271.34万,2314.79万,-1043.45万,3586.78万
4320,301297,富乐德,34.66,-0.46%,0.53%,2931.68万,3700.06万,-768.38万,6636.94万
4321,688349,三一重能,23.61,-0.46%,0.27%,2976.64万,4591.15万,-1614.51万,7568.93万
4322,2882,金龙羽,27.87,-0.46%,1.80%,5962.94万,6441.83万,-478.88万,1.24亿
4323,600968,海油发展,4.29,-0.46%,0.27%,4548.57万,7237.24万,-2688.68万,1.18亿
4324,600517,国网英大,6.45,-0.46%,0.26%,4547.61万,4936.82万,-389.21万,9484.69万
4325,600215,派斯林,6.55,-0.46%,0.68%,1053.98万,982.87万,71.11万,2037.51万
4326,600172,黄河旋风,8.71,-0.46%,4.78%,2.51亿,2.75亿,-2430.55万,5.26亿
4327,300672,国科微,163.85,-0.46%,4.79%,8.76亿,7.44亿,1.32亿,16.20亿
4328,300314,戴维医疗,12.85,-0.46%,1.62%,1579.21万,1396.27万,182.94万,2975.61万
4329,2966,苏州银行,8.58,-0.46%,0.45%,9846.68万,7393.00万,2453.68万,1.72亿
4330,2430,杭氧股份,27.98,-0.46%,0.68%,7477.64万,1.09亿,-3450.14万,1.84亿
4331,983,山西焦煤,6.44,-0.46%,0.47%,5802.55万,1.12亿,-5417.40万,1.70亿
4332,601399,国机重装,4.27,-0.47%,1.04%,1.63亿,1.55亿,779.71万,3.18亿
4333,603327,福蓉科技,10.49,-0.47%,5.27%,3.00亿,2.73亿,2631.81万,5.73亿
4334,600192,长城电工,8.41,-0.47%,0.81%,1340.49万,1660.86万,-320.37万,3002.03万
4335,2339,积成电子,10.48,-0.47%,2.55%,5925.52万,6764.96万,-839.44万,1.27亿
4336,692,惠天热电,4.21,-0.47%,1.21%,1118.63万,1584.73万,-466.09万,2703.36万
4337,605268,王力安防,12.4,-0.48%,0.77%,1975.49万,2220.24万,-244.75万,4196.23万
4338,300917,特发服务,33.15,-0.48%,1.44%,3731.46万,4297.43万,-565.97万,8049.11万
4339,600125,铁龙物流,6.21,-0.48%,0.79%,2751.02万,3650.24万,-899.23万,6401.32万
4340,2311,海大集团,49.32,-0.48%,0.19%,7382.14万,7842.08万,-459.94万,1.52亿
4341,2273,水晶光电,28.89,-0.48%,2.67%,5.49亿,5.07亿,4209.60万,10.56亿
4342,2256,兆新股份,4.12,-0.48%,2.87%,9279.86万,1.39亿,-4577.49万,2.31亿
4343,2223,鱼跃医疗,32.9,-0.48%,0.34%,4114.20万,6365.95万,-2251.76万,1.05亿
4344,2202,金风科技,24.9,-0.48%,2.52%,9.37亿,11.81亿,-2.45亿,21.18亿
4345,980,众泰汽车,2.07,-0.48%,1.14%,5646.00万,6292.04万,-646.04万,1.19亿
4346,300201,海伦哲,12.16,-0.49%,2.15%,1.11亿,1.51亿,-3932.57万,2.62亿
4347,600956,新天绿能,8.11,-0.49%,0.28%,1749.35万,3479.47万,-1730.12万,5229.06万
4348,603590,康辰药业,38.92,-0.49%,0.84%,2619.46万,2518.01万,101.45万,5137.86万
4349,300347,泰格医药,58.76,-0.49%,0.97%,1.54亿,1.69亿,-1577.16万,3.23亿
4350,2960,青鸟消防,12.19,-0.49%,0.70%,2865.32万,4032.26万,-1166.94万,6898.80万
4351,2385,大北农,4.03,-0.49%,1.00%,6129.40万,8020.52万,-1891.12万,1.41亿
4352,900,现代投资,4.09,-0.49%,0.35%,979.85万,1209.00万,-229.15万,2188.88万
4353,2,万科A,3.95,-0.50%,0.42%,6516.00万,9486.78万,-2970.78万,1.60亿
4354,301196,唯科科技,118.21,-0.50%,4.33%,2.14亿,2.05亿,870.03万,4.18亿
4355,603150,万朗磁塑,57.24,-0.50%,3.64%,8669.31万,8948.42万,-279.11万,1.76亿
4356,603605,珀莱雅,59.47,-0.50%,0.49%,5304.86万,6166.18万,-861.31万,1.15亿
4357,601366,利群股份,4.02,-0.50%,0.66%,1006.90万,1530.55万,-523.65万,2537.53万
4358,300775,三角防务,37.59,-0.50%,2.65%,2.39亿,2.89亿,-5010.96万,5.28亿
4359,300486,东杰智能,23.96,-0.50%,1.69%,9818.71万,9414.85万,403.86万,1.92亿
4360,300181,佐力药业,15.98,-0.50%,0.78%,3332.49万,4119.50万,-787.01万,7452.95万
4361,300039,上海凯宝,5.98,-0.50%,0.93%,1773.61万,3283.05万,-1509.44万,5056.84万
4362,2318,久立特材,29.82,-0.50%,0.38%,4854.11万,5943.80万,-1089.69万,1.08亿
4363,2030,达安基因,5.95,-0.50%,0.41%,1240.79万,2205.47万,-964.67万,3446.56万
4364,2287,奇正藏药,23.33,-0.51%,0.18%,921.43万,1475.41万,-553.97万,2398.24万
4365,301290,东星医疗,27.48,-0.51%,1.27%,1029.23万,1321.33万,-292.09万,2351.66万
4366,2096,易普力,11.82,-0.51%,0.31%,1830.26万,2774.91万,-944.65万,4605.28万
4367,300097,智云股份,9.78,-0.51%,9.22%,1.10亿,1.29亿,-1904.50万,2.38亿
4368,603298,杭叉集团,25.41,-0.51%,0.23%,4036.76万,3807.06万,229.70万,7844.60万
4369,603288,海天味业,40.71,-0.51%,0.12%,1.41亿,1.44亿,-240.14万,2.85亿
4370,300529,健帆生物,17.64,-0.51%,0.44%,1636.64万,2327.14万,-690.50万,3965.89万
4371,2061,浙江交科,3.9,-0.51%,0.36%,1537.74万,2087.78万,-550.04万,3625.56万
4372,302132,中航成飞,68.79,-0.52%,0.53%,9749.56万,1.15亿,-1703.94万,2.12亿
4373,688291,金橙子,41.87,-0.52%,0.90%,1634.91万,2221.77万,-586.85万,3861.28万
4374,301449,天溯计量,79.76,-0.52%,7.35%,3540.89万,4606.07万,-1065.18万,8147.76万
4375,688662,富信科技,64.94,-0.52%,2.89%,8270.95万,8280.81万,-9.86万,1.66亿
4376,2651,利君股份,9.57,-0.52%,0.40%,1019.15万,1112.98万,-93.83万,2132.22万
4377,688019,安集科技,250.55,-0.52%,1.30%,2.46亿,3.26亿,-7984.61万,5.72亿
4378,603033,三维股份,11.5,-0.52%,0.28%,1403.72万,1905.35万,-501.63万,3309.64万
4379,603202,天有为,98.49,-0.52%,1.51%,2207.21万,2720.57万,-513.36万,4938.62万
4380,300408,三环集团,64.98,-0.52%,0.72%,4.58亿,4.20亿,3878.10万,8.78亿
4381,2267,陕天然气,7.6,-0.52%,0.25%,748.98万,1368.45万,-619.46万,2117.50万
4382,603151,邦基科技,16.96,-0.53%,0.78%,1320.44万,929.80万,390.64万,2250.59万
4383,688090,瑞松科技,67.94,-0.53%,1.76%,7304.03万,7332.30万,-28.27万,1.46亿
4384,300927,江天化学,29.94,-0.53%,1.69%,2969.86万,4145.74万,-1175.88万,7116.19万
4385,600848,上海临港,9.39,-0.53%,0.47%,4278.00万,6221.55万,-1943.55万,1.05亿
4386,300162,雷曼光电,9.41,-0.53%,4.65%,6540.78万,8339.71万,-1798.93万,1.49亿
4387,56,皇庭国际,1.87,-0.53%,3.16%,2133.17万,3188.31万,-1055.14万,5321.55万
4388,603352,至信股份,38.42,-0.54%,2.35%,1287.05万,2726.55万,-1439.50万,4014.38万
4389,1382,新亚电缆,20.24,-0.54%,4.02%,2185.29万,2921.28万,-735.99万,5107.57万
4390,603092,德力佳,68.74,-0.54%,2.58%,2462.08万,3489.83万,-1027.75万,5952.59万
4391,301588,美新科技,21.93,-0.54%,4.23%,3505.20万,3349.94万,155.26万,6855.36万
4392,300980,祥源新材,36.95,-0.54%,2.39%,4398.06万,4326.64万,71.42万,8725.07万
4393,600129,太极集团,16.55,-0.54%,0.63%,2277.21万,3459.06万,-1181.85万,5736.44万
4394,600016,民生银行,3.71,-0.54%,0.18%,7350.03万,1.67亿,-9392.31万,2.41亿
4395,300709,精研科技,42.48,-0.54%,2.74%,1.01亿,7326.94万,2728.50万,1.74亿
4396,2921,联诚精密,27.85,-0.54%,1.72%,3105.75万,3036.88万,68.87万,6144.86万
4397,2901,大博医疗,43.9,-0.54%,0.26%,1532.51万,1773.58万,-241.07万,3311.35万
4398,688366,昊海生科,38.89,-0.54%,0.11%,335.18万,501.00万,-165.82万,836.96万
4399,1301,尚太科技,73.84,-0.55%,1.96%,1.23亿,1.49亿,-2661.74万,2.72亿
4400,688131,皓元医药,75.93,-0.55%,0.81%,7348.66万,5695.73万,1652.93万,1.30亿
4401,601216,君正集团,5.38,-0.55%,0.38%,7353.15万,1.02亿,-2810.79万,1.75亿
4402,600928,西安银行,3.63,-0.55%,0.21%,1310.51万,2007.01万,-696.50万,3317.56万
4403,600641,先导基电,21.7,-0.55%,2.12%,2.11亿,2.17亿,-618.54万,4.28亿
4404,600165,ST宁科,3.62,-0.55%,0.51%,450.99万,889.07万,-438.07万,1342.85万
4405,600136,ST明诚,1.82,-0.55%,0.49%,601.39万,1142.04万,-540.64万,1743.56万
4406,300142,沃森生物,12.72,-0.55%,1.11%,9757.67万,1.22亿,-2480.64万,2.20亿
4407,738,航发控制,21.71,-0.55%,1.07%,1.39亿,1.64亿,-2513.30万,3.04亿
4408,600518,康美药业,1.76,-0.56%,0.57%,6092.84万,7790.98万,-1698.14万,1.39亿
4409,688238,和元生物,7.16,-0.56%,0.60%,1396.99万,1362.95万,34.04万,2771.40万
4410,603392,万泰生物,39.18,-0.56%,0.09%,1961.17万,2524.36万,-563.19万,4485.93万
4411,507,珠海港,5.3,-0.56%,0.89%,1334.67万,2932.54万,-1597.87万,4267.26万
4412,600436,片仔癀,148.15,-0.56%,0.16%,6166.65万,7910.15万,-1743.50万,1.41亿
4413,600063,皖维高新,7.1,-0.56%,1.27%,8733.76万,1.01亿,-1326.59万,1.88亿
4414,301602,超研股份,19.24,-0.57%,0.56%,1065.33万,1161.77万,-96.44万,2227.29万
4415,301308,江波龙,369.44,-0.57%,3.77%,18.14亿,19.72亿,-1.57亿,37.86亿
4416,995,皇台酒业,13.88,-0.57%,4.78%,5379.18万,6329.38万,-950.19万,1.17亿
4417,601992,金隅集团,1.75,-0.57%,0.36%,1733.49万,3491.65万,-1758.16万,5225.17万
4418,603811,诚意药业,12.21,-0.57%,1.41%,2944.36万,2703.11万,241.25万,5647.84万
4419,600970,中材国际,10.51,-0.57%,0.46%,5227.26万,7428.69万,-2201.43万,1.27亿
4420,601026,道生天合,18.79,-0.58%,1.74%,1521.00万,1964.42万,-443.42万,3487.29万
4421,301230,泓博医药,40.83,-0.58%,4.20%,1.24亿,9171.48万,3181.56万,2.15亿
4422,688082,盛美上海,155.1,-0.58%,0.44%,1.40亿,1.85亿,-4478.34万,3.25亿
4423,603656,泰禾智能,20.43,-0.58%,0.45%,951.12万,725.87万,225.25万,1677.81万
4424,601117,中国化学,8.63,-0.58%,0.88%,2.00亿,2.63亿,-6354.68万,4.63亿
4425,600868,梅雁吉祥,3.45,-0.58%,1.74%,5026.77万,6287.44万,-1260.66万,1.13亿
4426,300497,富祥药业,18.88,-0.58%,8.25%,3.45亿,3.43亿,188.41万,6.88亿
4427,300434,金石亚药,10.36,-0.58%,1.50%,2338.48万,2939.04万,-600.56万,5277.93万
4428,683,博源化工,8.53,-0.58%,0.74%,1.19亿,9418.09万,2506.76万,2.13亿
4429,1201,东瑞股份,13.46,-0.59%,1.90%,2602.21万,2594.27万,7.94万,5196.88万
4430,1390,古麒绒材,21.9,-0.59%,1.68%,1008.98万,829.41万,179.57万,1838.60万
4431,2872,ST天圣,5.06,-0.59%,0.48%,138.04万,388.80万,-250.76万,526.89万
4432,2081,金螳螂,3.35,-0.59%,0.34%,1131.91万,1924.77万,-792.86万,3058.52万
4433,688383,新益昌,94.64,-0.59%,0.74%,3440.42万,3672.10万,-231.67万,7114.42万
4434,688119,中钢洛耐,5.06,-0.59%,0.63%,1408.33万,2208.92万,-800.60万,3617.35万
4435,600760,中航沈飞,50.36,-0.59%,0.33%,1.81亿,2.88亿,-1.07亿,4.69亿
4436,600000,浦发银行,10.05,-0.59%,0.07%,1.12亿,1.28亿,-1684.03万,2.40亿
4437,605028,世茂能源,27.98,-0.60%,0.43%,1029.95万,884.99万,144.96万,1915.22万
4438,2040,南京港,9.95,-0.60%,0.74%,1548.36万,2032.01万,-483.65万,3580.66万
4439,300699,光威复材,34.79,-0.60%,1.40%,1.95亿,2.03亿,-862.88万,3.98亿
4440,605368,蓝天燃气,8.23,-0.60%,0.34%,473.83万,1511.72万,-1037.89万,1985.64万
4441,600886,国投电力,13.3,-0.60%,0.17%,7586.50万,9687.85万,-2101.35万,1.73亿
4442,300416,苏试试验,18.23,-0.60%,1.56%,6469.50万,7877.43万,-1407.93万,1.43亿
4443,300009,安科生物,9.89,-0.60%,0.86%,4350.61万,6110.53万,-1759.92万,1.05亿
4444,2780,三夫户外,14.81,-0.60%,2.68%,3018.66万,2130.15万,888.51万,5148.96万
4445,2424,ST百灵,5.0,-0.60%,0.33%,622.53万,1401.86万,-779.32万,2024.49万
4446,803,山高环能,8.15,-0.61%,1.12%,2144.11万,2079.68万,64.43万,4224.21万
4447,2399,海普瑞,11.37,-0.61%,0.17%,1048.38万,1335.80万,-287.42万,2385.43万
4448,688330,宏力达,50.49,-0.61%,0.86%,2845.98万,3238.19万,-392.21万,6085.17万
4449,601880,辽港股份,1.63,-0.61%,0.22%,3668.75万,2838.59万,830.16万,6507.36万
4450,603983,丸美生物,24.55,-0.61%,0.27%,1160.84万,1508.29万,-347.45万,2669.37万
4451,603367,辰欣药业,16.31,-0.61%,1.07%,3460.18万,4378.70万,-918.52万,7839.36万
4452,601229,上海银行,9.82,-0.61%,0.16%,1.02亿,1.17亿,-1508.03万,2.20亿
4453,930,中粮科技,6.52,-0.61%,0.62%,3269.21万,4258.72万,-989.51万,7533.60万
4454,688621,阳光诺和,67.16,-0.62%,1.14%,4686.86万,3850.27万,836.59万,8538.45万
4455,688505,复旦张江,8.03,-0.62%,0.35%,1018.13万,985.27万,32.86万,2003.56万
4456,600422,昆药集团,11.27,-0.62%,0.37%,1118.90万,2052.47万,-933.58万,3171.49万
4457,2907,华森制药,14.33,-0.62%,0.66%,1342.81万,1831.76万,-488.95万,3174.72万
4458,2275,桂林三金,14.37,-0.62%,0.25%,848.94万,1178.73万,-329.78万,2027.81万
4459,2078,太阳纸业,14.47,-0.62%,0.43%,7447.84万,9853.28万,-2405.45万,1.73亿
4460,301367,瑞迈特,69.2,-0.63%,0.50%,1046.19万,1352.79万,-306.60万,2401.05万
4461,1323,慕思股份,23.67,-0.63%,0.20%,519.86万,944.40万,-424.54万,1464.97万
4462,603060,国检集团,6.35,-0.63%,0.20%,457.82万,542.25万,-84.42万,1000.26万
4463,601330,绿色动力,7.94,-0.63%,1.05%,3170.19万,5072.61万,-1902.41万,8242.89万
4464,600523,贵航股份,14.11,-0.63%,0.88%,3077.23万,1930.99万,1146.23万,5008.37万
4465,300601,康泰生物,14.19,-0.63%,0.56%,3655.70万,3475.58万,180.12万,7133.78万
4466,300489,光智科技,66.73,-0.63%,3.55%,1.52亿,1.72亿,-2011.97万,3.24亿
4467,300146,汤臣倍健,11.12,-0.63%,0.71%,3716.09万,5131.22万,-1415.14万,8848.53万
4468,300122,智飞生物,15.66,-0.63%,0.54%,5223.09万,6783.79万,-1560.69万,1.20亿
4469,2638,勤上股份,4.7,-0.63%,2.45%,6104.51万,9342.92万,-3238.41万,1.54亿
4470,688048,长光华芯,290.63,-0.64%,5.41%,14.00亿,14.43亿,-4304.12万,28.43亿
4471,688628,优利德,64.1,-0.64%,1.35%,4627.15万,5104.48万,-477.33万,9732.92万
4472,301090,华润材料,7.72,-0.64%,0.25%,1311.31万,1485.43万,-174.11万,2796.81万
4473,603585,苏利股份,24.81,-0.64%,4.92%,1.09亿,1.20亿,-1106.76万,2.29亿
4474,603010,万盛股份,12.39,-0.64%,1.50%,6135.33万,4721.23万,1414.11万,1.09亿
4475,959,首钢股份,4.63,-0.64%,0.47%,7341.16万,9037.67万,-1696.51万,1.64亿
4476,951,中国重汽,23.31,-0.64%,1.30%,1.51亿,2.08亿,-5682.92万,3.58亿
4477,301667,纳百川,102.23,-0.65%,21.24%,2.22亿,2.75亿,-5326.35万,4.97亿
4478,300880,迦南智能,22.96,-0.65%,4.00%,8589.69万,9189.39万,-599.70万,1.78亿
4479,2582,好想你,12.16,-0.65%,6.15%,1.10亿,1.48亿,-3795.61万,2.58亿
4480,688073,毕得医药,62.29,-0.65%,0.64%,1748.03万,1847.88万,-99.85万,3597.36万
4481,301046,能辉科技,26.1,-0.65%,1.11%,1911.41万,1809.57万,101.84万,3721.24万
4482,300167,ST迪威迅,6.12,-0.65%,1.10%,894.13万,1519.43万,-625.30万,2413.74万
4483,88,盐田港,4.57,-0.65%,0.29%,1608.26万,2599.63万,-991.37万,4208.81万
4484,601222,林洋能源,6.15,-0.65%,0.50%,2838.31万,3436.31万,-598.00万,6275.49万
4485,601019,山东出版,7.7,-0.65%,0.50%,3283.57万,4700.93万,-1417.37万,7984.73万
4486,600648,外高桥,10.64,-0.65%,0.26%,1274.89万,1815.57万,-540.68万,3090.56万
4487,600567,山鹰国际,1.54,-0.65%,0.28%,944.38万,1815.03万,-870.65万,2762.49万
4488,2307,北新路桥,4.57,-0.65%,1.09%,2822.29万,3464.64万,-642.35万,6287.02万
4489,688298,东方生物,22.81,-0.65%,0.29%,493.77万,848.49万,-354.72万,1342.43万
4490,300053,航宇微,18.07,-0.66%,2.94%,1.66亿,1.79亿,-1354.59万,3.45亿
4491,688097,博众精工,63.47,-0.66%,1.69%,2.12亿,2.64亿,-5183.21万,4.76亿
4492,603822,ST嘉澳,85.41,-0.66%,0.43%,995.70万,1809.16万,-813.47万,2805.71万
4493,300875,捷强装备,40.71,-0.66%,3.33%,5878.11万,5893.58万,-15.48万,1.18亿
4494,688098,申联生物,9.0,-0.66%,0.81%,1242.05万,1747.64万,-505.60万,2990.09万
4495,601916,浙商银行,3.0,-0.66%,0.24%,7922.39万,7829.24万,93.15万,1.58亿
4496,600418,江淮汽车,45.19,-0.66%,0.95%,4.33亿,5.15亿,-8250.83万,9.48亿
4497,2332,仙琚制药,9.04,-0.66%,0.56%,1908.10万,3086.72万,-1178.63万,4994.91万
4498,688083,中望软件,56.26,-0.67%,1.41%,5902.60万,7592.31万,-1689.71万,1.35亿
4499,600638,新黄浦,5.94,-0.67%,0.64%,823.40万,1735.78万,-912.38万,2559.83万
4500,600717,天津港,4.47,-0.67%,0.35%,1650.13万,2875.56万,-1225.43万,4525.73万
4501,600201,生物股份,14.86,-0.67%,1.08%,9379.16万,8644.78万,734.38万,1.80亿
4502,300723,一品红,36.85,-0.67%,3.84%,3.26亿,2.62亿,6372.00万,5.87亿
4503,2847,盐津铺子,54.72,-0.67%,0.42%,2547.85万,3112.99万,-565.14万,5661.39万
4504,869,张裕A,19.17,-0.67%,0.11%,331.62万,632.04万,-300.43万,963.85万
4505,632,三木集团,4.48,-0.67%,1.81%,1470.08万,2311.04万,-840.96万,3781.34万
4506,301589,诺瓦星云,174.67,-0.68%,1.33%,3254.50万,4809.06万,-1554.56万,8065.30万
4507,300618,寒锐钴业,45.57,-0.68%,4.00%,2.38亿,2.54亿,-1546.46万,4.92亿
4508,31,大悦城,2.89,-0.69%,0.42%,2142.21万,3043.31万,-901.10万,5185.83万
4509,301509,金凯生科,46.32,-0.69%,7.33%,8318.75万,1.09亿,-2590.47万,1.92亿
4510,688363,华熙生物,42.97,-0.69%,0.30%,2888.96万,3268.70万,-379.73万,6158.51万
4511,300298,三诺生物,15.92,-0.69%,0.51%,1537.59万,2092.77万,-555.18万,3630.52万
4512,677,恒天海龙,4.34,-0.69%,2.87%,5042.06万,5605.48万,-563.42万,1.06亿
4513,688755,汉邦科技,38.45,-0.70%,0.50%,103.62万,232.92万,-129.31万,337.31万
4514,601607,上海医药,17.13,-0.70%,0.19%,3882.90万,5247.23万,-1364.33万,9130.48万
4515,600391,航发科技,39.52,-0.70%,1.23%,7816.31万,8155.10万,-338.79万,1.60亿
4516,600380,健康元,11.27,-0.70%,0.41%,3696.80万,4779.37万,-1082.57万,8476.61万
4517,2585,双星新材,7.1,-0.70%,3.02%,7204.47万,1.18亿,-4554.59万,1.90亿
4518,513,丽珠集团,34.22,-0.70%,0.49%,3875.18万,5732.62万,-1857.44万,9608.14万
4519,688376,美埃科技,72.78,-0.71%,1.06%,5116.82万,5399.95万,-283.13万,1.05亿
4520,301126,达嘉维康,11.26,-0.71%,1.30%,1059.57万,950.25万,109.32万,2010.27万
4521,603609,禾丰股份,7.04,-0.71%,0.18%,566.48万,581.55万,-15.07万,1148.10万
4522,600423,柳化股份,2.75,-0.72%,4.39%,5045.24万,4487.88万,557.36万,9533.48万
4523,601808,中海油服,15.2,-0.72%,0.37%,7403.34万,9217.77万,-1814.43万,1.66亿
4524,300725,药石科技,38.67,-0.72%,2.01%,7257.57万,8463.48万,-1205.91万,1.57亿
4525,96,广聚能源,9.7,-0.72%,0.63%,1308.52万,1795.33万,-486.81万,3103.94万
4526,688211,中科微至,32.61,-0.73%,0.12%,279.84万,227.85万,51.99万,508.35万
4527,605555,德昌股份,16.22,-0.73%,0.72%,2818.16万,2888.36万,-70.20万,5706.67万
4528,688767,博拓生物,34.22,-0.73%,0.83%,2022.65万,2164.64万,-141.98万,4190.71万
4529,688221,前沿生物,20.48,-0.73%,1.70%,6919.10万,6078.59万,840.50万,1.30亿
4530,600234,科新发展,17.63,-0.73%,1.27%,3076.44万,2750.46万,325.98万,5827.78万
4531,605255,天普股份,112.22,-0.73%,1.36%,1.06亿,9740.57万,829.58万,2.03亿
4532,919,金陵药业,8.2,-0.73%,18.83%,4.29亿,5.68亿,-1.39亿,9.97亿
4533,856,冀东装备,10.83,-0.73%,2.40%,2990.68万,2894.80万,95.88万,5888.63万
4534,597,东北制药,5.45,-0.73%,1.21%,4477.21万,4867.07万,-389.86万,9344.40万
4535,300070,碧水源,4.04,-0.74%,0.64%,3732.30万,5145.73万,-1413.42万,8880.57万
4536,300206,理邦仪器,14.77,-0.74%,0.98%,2296.22万,2598.84万,-302.62万,4895.49万
4537,2493,荣盛石化,12.1,-0.74%,0.27%,1.39亿,1.73亿,-3350.00万,3.12亿
4538,2044,美年健康,5.37,-0.74%,2.36%,2.38亿,2.51亿,-1306.51万,4.89亿
4539,688335,复洁科技,34.25,-0.75%,0.49%,1346.12万,1159.60万,186.52万,2509.15万
4540,300869,康泰医学,13.27,-0.75%,0.83%,1274.78万,1635.75万,-360.96万,2910.66万
4541,688578,艾力斯,99.5,-0.75%,0.69%,1.56亿,1.51亿,539.98万,3.07亿
4542,600379,宝光股份,11.94,-0.75%,1.24%,2232.88万,2639.58万,-406.70万,4880.93万
4543,300565,科信技术,14.35,-0.76%,5.50%,8627.47万,9195.18万,-567.71万,1.78亿
4544,2530,金财互联,9.11,-0.76%,2.48%,6545.05万,9036.73万,-2491.68万,1.56亿
4545,601991,大唐发电,3.86,-0.77%,0.43%,7428.21万,1.31亿,-5676.80万,2.05亿
4546,300705,九典制药,14.16,-0.77%,0.90%,1969.54万,2721.43万,-751.88万,4691.67万
4547,300124,汇川技术,67.38,-0.77%,0.84%,6.53亿,7.15亿,-6203.00万,13.67亿
4548,705,浙江震元,8.93,-0.78%,1.32%,1375.56万,1921.38万,-545.82万,3298.91万
4549,301517,陕西华达,68.31,-0.78%,6.33%,2.00亿,2.27亿,-2756.14万,4.27亿
4550,688765,禾元生物,66.15,-0.78%,1.37%,1431.05万,2267.19万,-836.14万,3699.56万
4551,688276,百克生物,17.9,-0.78%,0.23%,781.84万,931.42万,-149.58万,1714.15万
4552,605500,森林包装,8.93,-0.78%,0.27%,431.36万,573.70万,-142.34万,1005.14万
4553,300381,溢多利,6.34,-0.78%,0.80%,1046.14万,1422.83万,-376.69万,2470.61万
4554,603939,益丰药房,22.98,-0.78%,0.32%,4442.93万,4546.27万,-103.33万,8989.42万
4555,688278,特宝生物,64.48,-0.78%,0.36%,4618.06万,4832.00万,-213.94万,9451.35万
4556,600833,第一医药,11.52,-0.78%,0.81%,934.14万,1129.27万,-195.13万,2063.52万
4557,600256,广汇能源,6.32,-0.78%,1.02%,1.76亿,2.36亿,-6052.24万,4.12亿
4558,300444,双杰电气,15.25,-0.78%,9.90%,4.41亿,4.80亿,-3885.81万,9.22亿
4559,2365,永安药业,13.91,-0.78%,1.65%,2465.79万,3130.59万,-664.79万,5597.21万
4560,2727,一心堂,12.6,-0.79%,0.86%,1626.45万,2675.05万,-1048.60万,4301.62万
4561,600612,老凤祥,41.59,-0.79%,0.28%,1392.79万,2255.94万,-863.16万,3649.15万
4562,2111,威海广泰,10.04,-0.79%,0.55%,1023.76万,1682.27万,-658.51万,2706.13万
4563,301265,华新科技,23.51,-0.80%,3.42%,6419.94万,7202.56万,-782.61万,1.36亿
4564,301060,兰卫医学,9.86,-0.80%,0.66%,988.81万,1358.85万,-370.04万,2347.76万
4565,300626,华瑞股份,25.99,-0.80%,3.30%,7918.76万,7423.74万,495.02万,1.53亿
4566,300452,山河药辅,14.83,-0.80%,1.29%,1819.05万,1980.27万,-161.22万,3799.47万
4567,2286,保龄宝,9.96,-0.80%,0.87%,1303.44万,1891.68万,-588.24万,3195.32万
4568,300839,博汇股份,14.95,-0.80%,2.55%,5406.55万,5566.88万,-160.33万,1.10亿
4569,600969,郴电国际,9.89,-0.80%,1.07%,1909.40万,2000.70万,-91.29万,3910.30万
4570,600271,航天信息,8.65,-0.80%,0.62%,4106.31万,5862.95万,-1756.64万,9969.35万
4571,600211,西藏药业,41.98,-0.80%,0.40%,2263.95万,3024.50万,-760.55万,5345.99万
4572,300102,乾照光电,32.44,-0.80%,3.46%,4.81亿,5.52亿,-7087.13万,10.32亿
4573,301638,南网数字,29.23,-0.81%,13.91%,4.25亿,5.11亿,-8658.54万,9.36亿
4574,603286,日盈电子,60.87,-0.81%,1.57%,4549.25万,6631.50万,-2082.25万,1.12亿
4575,600243,*ST海华,3.66,-0.81%,1.26%,738.08万,1288.16万,-550.08万,2026.31万
4576,600222,太龙药业,7.32,-0.81%,2.25%,4718.31万,4698.55万,19.76万,9417.37万
4577,301211,亨迪药业,12.14,-0.82%,0.46%,902.85万,1401.33万,-498.48万,2304.55万
4578,301042,安联锐视,94.03,-0.82%,2.92%,9580.31万,8780.79万,799.52万,1.84亿
4579,600971,恒源煤电,7.27,-0.82%,0.34%,1449.05万,1542.84万,-93.79万,2994.30万
4580,600575,淮河能源,3.65,-0.82%,0.72%,3962.09万,6301.20万,-2339.10万,1.03亿
4581,600467,好当家,2.43,-0.82%,1.19%,1314.89万,2894.07万,-1579.18万,4209.81万
4582,300411,金盾股份,10.9,-0.82%,1.81%,2494.82万,3533.91万,-1039.10万,6029.49万
4583,2823,凯中精密,15.74,-0.82%,2.33%,3818.54万,4181.15万,-362.61万,8002.85万
4584,605286,同力天启,43.78,-0.82%,1.05%,3899.65万,3832.22万,67.42万,7733.19万
4585,514,渝开发,4.78,-0.83%,0.70%,1051.50万,1753.41万,-701.91万,2805.01万
4586,688117,圣诺生物,37.02,-0.83%,1.02%,2814.00万,3144.23万,-330.23万,5988.97万
4587,300909,汇创达,40.67,-0.83%,1.14%,2423.57万,3261.76万,-838.20万,5688.99万
4588,603885,吉祥航空,11.97,-0.83%,0.41%,4006.34万,6728.49万,-2722.15万,1.07亿
4589,603113,金能科技,7.15,-0.83%,1.30%,3499.55万,4450.93万,-951.38万,7954.34万
4590,601898,中煤能源,16.79,-0.83%,0.19%,1.31亿,1.61亿,-3037.27万,2.92亿
4591,600682,南京新百,7.14,-0.83%,0.69%,2109.19万,3667.35万,-1558.16万,5776.61万
4592,600015,华夏银行,7.21,-0.83%,0.21%,8338.64万,1.54亿,-7085.79万,2.38亿
4593,2773,康弘药业,27.45,-0.83%,1.18%,1.07亿,1.14亿,-733.51万,2.20亿
4594,2745,木林森,8.34,-0.83%,1.12%,3668.99万,6297.12万,-2628.14万,9967.87万
4595,1233,海安集团,69.74,-0.84%,2.93%,3312.50万,4006.33万,-693.82万,7319.51万
4596,301631,壹连科技,102.13,-0.84%,13.01%,1.95亿,2.13亿,-1819.88万,4.08亿
4597,600098,广州发展,7.09,-0.84%,0.36%,3843.06万,5058.28万,-1215.22万,8902.06万
4598,300256,星星科技,3.53,-0.84%,1.10%,3311.22万,5366.60万,-2055.38万,8677.86万
4599,301087,可孚医疗,57.35,-0.85%,1.09%,6099.15万,6043.85万,55.31万,1.21亿
4600,688300,联瑞新材,92.23,-0.85%,1.23%,1.36亿,1.39亿,-254.59万,2.75亿
4601,600726,华电能源,4.64,-0.85%,1.47%,2.27亿,2.79亿,-5199.29万,5.06亿
4602,300716,ST泉为,14.06,-0.85%,1.54%,1501.81万,1955.87万,-454.06万,3457.82万
4603,688066,航天宏图,19.81,-0.85%,3.01%,6992.80万,8511.71万,-1518.91万,1.55亿
4604,300636,同和药业,8.15,-0.85%,1.02%,1235.70万,1814.47万,-578.78万,3050.25万
4605,603737,三棵树,49.58,-0.86%,0.27%,4775.28万,5283.74万,-508.46万,1.01亿
4606,603516,淳中科技,142.1,-0.86%,1.60%,2.55亿,2.11亿,4460.22万,4.66亿
4607,600511,国药股份,28.95,-0.86%,0.60%,3487.30万,6089.12万,-2601.82万,9578.73万
4608,999,华润三九,27.81,-0.86%,0.51%,1.07亿,1.29亿,-2190.31万,2.36亿
4609,603016,新宏泰,45.76,-0.87%,2.46%,7933.40万,8764.99万,-831.59万,1.67亿
4610,600975,新五丰,5.73,-0.87%,0.66%,2217.30万,2537.62万,-320.32万,4755.77万
4611,300332,天壕能源,5.72,-0.87%,2.39%,4828.66万,6481.78万,-1653.12万,1.13亿
4612,2896,中大力德,73.32,-0.87%,1.52%,9168.31万,1.28亿,-3669.89万,2.20亿
4613,2169,智光电气,14.77,-0.87%,3.11%,1.61亿,1.87亿,-2543.24万,3.49亿
4614,301219,腾远钴业,78.78,-0.88%,5.63%,4.16亿,4.96亿,-8064.78万,9.12亿
4615,600539,狮头股份,15.82,-0.88%,5.76%,1.06亿,1.02亿,428.69万,2.08亿
4616,600882,妙可蓝多,19.06,-0.88%,0.71%,2818.90万,4103.85万,-1284.95万,6923.91万
4617,605266,健之佳,18.99,-0.89%,0.43%,453.06万,811.56万,-358.50万,1264.82万
4618,1,平安银行,11.11,-0.89%,0.22%,1.98亿,2.81亿,-8264.05万,4.79亿
4619,301507,民生健康,14.25,-0.90%,1.72%,1182.67万,1516.06万,-333.39万,2698.87万
4620,688087,英科再生,37.48,-0.90%,0.47%,1319.37万,1997.25万,-677.88万,3317.01万
4621,2390,信邦制药,3.3,-0.90%,1.08%,2981.48万,3883.97万,-902.49万,6865.48万
4622,603610,麒盛科技,15.41,-0.90%,1.53%,3704.83万,4536.29万,-831.46万,8241.28万
4623,300585,奥联电子,17.52,-0.90%,2.94%,4777.32万,4002.29万,775.02万,8779.97万
4624,3816,中国广核,4.41,-0.90%,0.17%,1.36亿,1.62亿,-2608.91万,2.98亿
4625,2565,顺灏股份,17.54,-0.90%,10.49%,9.42亿,10.08亿,-6561.40万,19.50亿
4626,2344,海宁皮城,4.42,-0.90%,0.64%,1507.36万,2102.18万,-594.81万,3609.63万
4627,688506,百利天恒,311.0,-0.91%,0.27%,1.87亿,1.57亿,2953.16万,3.44亿
4628,605151,西上海,19.6,-0.91%,1.38%,1839.32万,1787.66万,51.65万,3627.38万
4629,300903,科翔股份,39.4,-0.91%,6.52%,4.25亿,4.23亿,200.52万,8.48亿
4630,600879,航天电子,22.99,-0.91%,3.22%,11.88亿,12.52亿,-6417.70万,24.40亿
4631,600862,中航高科,21.76,-0.91%,0.77%,9094.07万,1.44亿,-5325.76万,2.35亿
4632,2428,云南锗业,56.63,-0.91%,5.77%,10.28亿,11.00亿,-7205.30万,21.28亿
4633,301498,乖宝宠物,52.93,-0.92%,2.83%,1.40亿,1.28亿,1125.48万,2.68亿
4634,688205,德科立,239.8,-0.92%,3.45%,6.16亿,6.98亿,-8206.80万,13.15亿
4635,603018,华设集团,7.5,-0.92%,0.61%,1302.44万,1844.78万,-542.34万,3147.37万
4636,600987,航民股份,7.52,-0.92%,0.29%,872.64万,1327.75万,-455.11万,2201.00万
4637,2567,唐人神,4.29,-0.92%,1.53%,4388.19万,5011.79万,-623.61万,9400.07万
4638,966,长源电力,4.32,-0.92%,0.96%,4969.01万,8548.29万,-3579.28万,1.35亿
4639,100,TCL科技,4.31,-0.92%,1.06%,3.11亿,5.66亿,-2.56亿,8.77亿
4640,688055,龙腾光电,4.26,-0.93%,0.26%,1568.57万,2047.07万,-478.50万,3615.71万
4641,601579,会稽山,19.22,-0.93%,1.66%,7196.89万,8182.94万,-986.05万,1.54亿
4642,688267,中触媒,30.84,-0.93%,0.62%,1656.60万,1721.70万,-65.11万,3378.60万
4643,601919,中远海控,14.94,-0.93%,0.34%,2.45亿,4.02亿,-1.56亿,6.47亿
4644,600926,杭州银行,17.12,-0.93%,0.19%,9609.23万,1.41亿,-4516.49万,2.37亿
4645,2866,传艺科技,23.4,-0.93%,11.07%,2.20亿,2.50亿,-2958.38万,4.70亿
4646,301207,华兰疫苗,20.08,-0.94%,0.54%,2744.80万,3682.22万,-937.42万,6431.64万
4647,3020,立方制药,24.32,-0.94%,0.51%,742.97万,947.66万,-204.69万,1690.88万
4648,3006,百亚股份,16.83,-0.94%,0.49%,1542.12万,2013.84万,-471.72万,3562.02万
4649,601963,重庆银行,10.49,-0.94%,0.43%,4301.99万,4885.32万,-583.33万,9188.78万
4650,603883,老百姓,13.68,-0.94%,0.62%,2317.91万,4143.82万,-1825.91万,6461.88万
4651,603676,卫信康,10.49,-0.94%,0.26%,556.04万,606.90万,-50.86万,1163.25万
4652,601717,中创智领,20.11,-0.94%,0.58%,7385.83万,1.07亿,-3265.86万,1.80亿
4653,300534,陇神戎发,9.51,-0.94%,0.99%,1156.21万,1691.98万,-535.77万,2848.29万
4654,301130,西点药业,31.23,-0.95%,1.85%,1612.21万,1806.02万,-193.81万,3418.54万
4655,688409,富创精密,99.15,-0.95%,0.80%,1.15亿,1.27亿,-1151.73万,2.43亿
4656,688295,中复神鹰,51.98,-0.95%,1.12%,2.64亿,2.62亿,227.34万,5.25亿
4657,300961,深水海纳,13.62,-0.95%,2.53%,2206.40万,3066.32万,-859.92万,5273.13万
4658,300863,卡倍亿,59.12,-0.95%,1.48%,8476.91万,7244.66万,1232.25万,1.57亿
4659,600182,S佳通,14.53,-0.95%,0.60%,563.57万,917.92万,-354.36万,1481.93万
4660,2911,佛燃能源,13.62,-0.95%,0.51%,4992.57万,3803.10万,1189.47万,8795.80万
4661,790,华神科技,4.15,-0.95%,2.73%,3716.94万,3326.82万,390.12万,7052.06万
4662,301682,宏明电子,124.5,-0.96%,17.16%,2.33亿,3.18亿,-8513.69万,5.50亿
4663,603235,天新药业,26.79,-0.96%,0.08%,265.47万,636.67万,-371.20万,902.41万
4664,2323,雅博股份,2.06,-0.96%,3.44%,7411.48万,7618.79万,-207.31万,1.50亿
4665,688510,航亚科技,32.88,-0.96%,1.77%,6530.29万,8585.70万,-2055.41万,1.51亿
4666,2988,豪美新材,34.05,-0.96%,0.99%,3747.90万,4692.38万,-944.48万,8443.69万
4667,600250,南京商旅,11.31,-0.96%,4.41%,7573.82万,7916.03万,-342.21万,1.55亿
4668,603336,宏辉果蔬,9.24,-0.96%,0.54%,1357.61万,1707.74万,-350.14万,3065.62万
4669,863,三湘印象,5.18,-0.96%,0.98%,2194.48万,3691.46万,-1496.98万,5886.10万
4670,301235,华康洁净,50.8,-0.97%,4.26%,8877.66万,6697.62万,2180.04万,1.56亿
4671,301007,德迈仕,34.87,-0.97%,0.91%,2539.34万,2286.42万,252.91万,4826.11万
4672,2982,湘佳股份,14.25,-0.97%,1.80%,1770.23万,1565.08万,205.14万,3335.46万
4673,600239,云南城投,2.05,-0.97%,0.69%,979.47万,1294.02万,-314.55万,2273.51万
4674,608,*ST阳光,4.07,-0.97%,1.05%,1136.14万,2035.77万,-899.62万,3171.99万
4675,1228,永泰运,33.18,-0.98%,1.23%,1331.02万,1939.70万,-608.68万,3271.06万
4676,981,山子高科,4.06,-0.98%,1.80%,2.46亿,4.47亿,-2.01亿,6.94亿
4677,3015,日久光电,16.2,-0.98%,2.85%,4951.02万,6449.73万,-1498.71万,1.14亿
4678,300516,久之洋,60.43,-0.98%,1.39%,7186.77万,8007.39万,-820.61万,1.52亿
4679,301629,矽电股份,279.44,-0.99%,5.48%,1.39亿,1.54亿,-1478.54万,2.94亿
4680,301216,万凯新材,29.08,-0.99%,1.01%,7527.44万,8606.14万,-1078.70万,1.61亿
4681,688553,汇宇制药,20.04,-0.99%,2.21%,8115.20万,7246.31万,868.90万,1.54亿
4682,688501,青达环保,26.04,-0.99%,1.00%,1640.00万,1592.70万,47.30万,3232.83万
4683,603368,柳药集团,17.02,-0.99%,0.74%,1760.75万,3272.65万,-1511.90万,5033.57万
4684,600993,马应龙,25.09,-0.99%,0.56%,2148.77万,3879.51万,-1730.73万,6032.79万
4685,600468,百利电气,7.99,-0.99%,3.17%,1.15亿,1.57亿,-4170.72万,2.72亿
4686,2849,威星智能,18.03,-0.99%,1.36%,2487.04万,2904.82万,-417.79万,5392.75万
4687,2038,双鹭药业,7.99,-0.99%,14.48%,4.86亿,5.20亿,-3453.04万,10.06亿
4688,400,许继电气,25.98,-0.99%,2.00%,2.38亿,2.86亿,-4765.17万,5.23亿
4689,301048,金鹰重工,10.84,-1.00%,1.01%,2247.09万,3593.00万,-1345.91万,5840.31万
4690,300439,美康生物,9.9,-1.00%,1.01%,1168.01万,1740.95万,-572.94万,2910.35万
4691,603858,步长制药,16.84,-1.00%,0.47%,3426.97万,4835.28万,-1408.31万,8263.10万
4692,600710,苏美达,12.92,-1.00%,0.57%,3987.77万,5608.03万,-1620.26万,9596.17万
4693,600420,国药现代,9.9,-1.00%,0.46%,2445.09万,3709.63万,-1264.54万,6155.01万
4694,300119,瑞普生物,18.84,-1.00%,0.94%,2596.33万,3324.18万,-727.85万,5920.70万
4695,2310,东方新能,2.98,-1.00%,2.35%,1.30亿,1.66亿,-3637.18万,2.96亿
4696,2166,莱茵生物,8.94,-1.00%,0.64%,1787.54万,2468.95万,-681.41万,4256.57万
4697,2109,兴化股份,3.97,-1.00%,1.44%,3024.13万,4250.07万,-1225.94万,7284.20万
4698,605199,ST葫芦娃,6.94,-1.00%,0.38%,447.61万,603.14万,-155.53万,1052.62万
4699,688410,山外山,15.76,-1.01%,0.74%,1706.35万,2031.13万,-324.78万,3737.79万
4700,688563,航材股份,60.77,-1.01%,1.76%,5435.89万,7071.61万,-1635.72万,1.25亿
4701,603567,珍宝岛,6.83,-1.01%,1.19%,2986.03万,4650.80万,-1664.76万,7637.51万
4702,600479,千金药业,10.73,-1.01%,1.14%,2412.16万,2673.45万,-261.29万,5085.71万
4703,600426,华鲁恒升,35.19,-1.01%,0.61%,2.29亿,2.25亿,366.43万,4.54亿
4704,2566,益盛药业,7.85,-1.01%,1.47%,1304.90万,1365.95万,-61.04万,2671.16万
4705,2393,力生制药,23.51,-1.01%,1.16%,2734.12万,4076.13万,-1342.01万,6810.47万
4706,2371,北方华创,470.18,-1.01%,0.45%,7.52亿,7.77亿,-2482.70万,15.29亿
4707,756,新华制药,14.7,-1.01%,0.75%,2024.52万,3447.57万,-1423.05万,5472.23万
4708,301622,英思特,63.35,-1.02%,1.71%,3651.37万,3365.93万,285.44万,7017.94万
4709,603213,镇洋发展,13.55,-1.02%,0.25%,438.88万,1034.68万,-595.80万,1473.70万
4710,688136,科兴制药,32.14,-1.02%,1.79%,5901.55万,5681.86万,219.68万,1.16亿
4711,600568,ST中珠,2.91,-1.02%,0.57%,1080.88万,1675.21万,-594.34万,2756.23万
4712,600480,凌云股份,11.6,-1.02%,2.77%,1.51亿,2.37亿,-8662.49万,3.88亿
4713,600055,万东医疗,14.51,-1.02%,0.23%,934.40万,1469.41万,-535.02万,2404.10万
4714,620,盈新发展,2.89,-1.03%,2.52%,1.55亿,1.84亿,-2865.39万,3.39亿
4715,688818,电科蓝天,66.39,-1.03%,9.47%,3.84亿,4.55亿,-7071.70万,8.39亿
4716,301357,北方长龙,113.91,-1.03%,6.18%,8580.44万,8140.04万,440.40万,1.67亿
4717,688315,诺禾致源,14.38,-1.03%,0.48%,1389.82万,1474.81万,-84.99万,2864.96万
4718,603915,国茂股份,15.3,-1.03%,0.51%,2352.53万,2814.02万,-461.49万,5166.84万
4719,788,北大医药,6.7,-1.03%,17.52%,3.29亿,3.77亿,-4785.65万,7.06亿
4720,301609,山大电力,47.68,-1.04%,5.07%,4406.57万,4406.44万,1220.00,8813.96万
4721,300289,利德曼,6.65,-1.04%,0.60%,944.08万,1230.83万,-286.75万,2174.97万
4722,3031,中瓷电子,102.22,-1.04%,2.36%,3.71亿,4.43亿,-7117.72万,8.14亿
4723,600329,达仁堂,41.11,-1.04%,0.32%,3155.13万,4405.33万,-1250.21万,7560.87万
4724,300702,天宇股份,22.89,-1.04%,0.67%,1397.65万,1827.32万,-429.67万,3225.89万
4725,300238,冠昊生物,15.29,-1.04%,1.02%,1712.18万,2425.20万,-713.01万,4137.68万
4726,2737,葵花药业,12.38,-1.04%,0.34%,1026.69万,1413.26万,-386.57万,2440.82万
4727,990,诚志股份,10.49,-1.04%,3.32%,2.04亿,2.20亿,-1532.02万,4.24亿
4728,901,航天科技,22.84,-1.04%,2.00%,1.81亿,1.84亿,-365.27万,3.65亿
4729,301310,鑫宏业,55.68,-1.05%,10.08%,1.47亿,1.34亿,1303.39万,2.82亿
4730,601187,厦门银行,7.57,-1.05%,0.26%,2151.68万,2971.52万,-819.84万,5123.29万
4731,603863,松炀资源,18.82,-1.05%,1.86%,3332.00万,3825.06万,-493.06万,7157.63万
4732,600031,三一重工,20.44,-1.06%,0.53%,3.33亿,5.81亿,-2.48亿,9.14亿
4733,2370,亚太药业,7.44,-1.06%,7.76%,2.11亿,2.25亿,-1486.28万,4.36亿
4734,2860,星帅尔,12.96,-1.07%,1.96%,4012.76万,4836.98万,-824.22万,8854.28万
4735,600822,上海物贸,10.18,-1.07%,0.68%,1219.27万,1556.77万,-337.50万,2777.06万
4736,600233,圆通速递,21.27,-1.07%,0.42%,1.50亿,1.58亿,-804.54万,3.08亿
4737,301281,科源制药,38.57,-1.08%,2.96%,4489.77万,3522.35万,967.43万,8012.89万
4738,601825,沪农商行,9.2,-1.08%,0.11%,4855.67万,4470.11万,385.56万,9330.29万
4739,688016,心脉医疗,100.01,-1.08%,0.77%,3933.45万,4964.31万,-1030.87万,9471.14万
4740,603520,司太立,11.04,-1.08%,3.14%,6680.34万,8410.01万,-1729.68万,1.51亿
4741,688195,腾景科技,337.8,-1.08%,3.55%,7.54亿,7.95亿,-4071.65万,15.49亿
4742,600283,钱江水利,9.13,-1.08%,0.61%,1180.12万,1839.45万,-659.33万,3019.66万
4743,895,双汇发展,28.46,-1.08%,0.16%,6831.45万,8902.33万,-2070.88万,1.57亿
4744,729,燕京啤酒,12.85,-1.08%,1.07%,1.40亿,2.04亿,-6404.39万,3.45亿
4745,723,美锦能源,4.56,-1.08%,0.94%,7613.68万,1.12亿,-3605.52万,1.88亿
4746,504,*ST生物,9.95,-1.09%,0.36%,260.35万,903.92万,-643.57万,1174.23万
4747,2452,长高电新,10.85,-1.09%,2.30%,5456.26万,7339.96万,-1883.70万,1.28亿
4748,600976,健民集团,33.56,-1.09%,1.01%,2146.38万,3044.30万,-897.92万,5191.02万
4749,600521,华海药业,16.33,-1.09%,0.93%,1.02亿,1.26亿,-2401.83万,2.28亿
4750,2637,赞宇科技,11.84,-1.09%,1.61%,3686.00万,4738.72万,-1052.71万,8424.84万
4751,963,华东医药,35.28,-1.09%,0.32%,9139.12万,1.05亿,-1325.90万,1.96亿
4752,506,招金黄金,17.3,-1.09%,2.80%,2.09亿,2.36亿,-2642.33万,4.45亿
4753,601156,东航物流,17.15,-1.10%,0.30%,2035.08万,2900.24万,-865.15万,4935.65万
4754,2462,嘉事堂,14.4,-1.10%,0.77%,1214.54万,2002.11万,-787.57万,3216.79万
4755,2985,北摩高科,36.78,-1.10%,1.29%,6821.05万,8889.45万,-2068.40万,1.57亿
4756,300841,康华生物,59.21,-1.10%,0.71%,2407.46万,2564.26万,-156.80万,4974.69万
4757,600323,瀚蓝环境,28.66,-1.10%,0.26%,2542.95万,3541.88万,-998.93万,6085.12万
4758,2471,中超控股,8.99,-1.10%,9.20%,5.28亿,5.70亿,-4249.05万,10.98亿
4759,931,中关村,5.34,-1.11%,1.31%,2103.18万,3147.08万,-1043.90万,5250.31万
4760,688133,泰坦科技,21.32,-1.11%,0.86%,1251.68万,1768.67万,-516.99万,3020.77万
4761,603817,海峡环保,7.11,-1.11%,1.15%,1997.49万,2658.31万,-660.82万,4657.02万
4762,600871,石化油服,2.68,-1.11%,0.56%,8969.45万,1.12亿,-2190.21万,2.01亿
4763,600550,保变电气,15.85,-1.12%,3.45%,4.60亿,5.33亿,-7351.65万,9.93亿
4764,603290,斯达半导,99.28,-1.13%,1.15%,1.28亿,1.45亿,-1733.38万,2.73亿
4765,600310,广西能源,4.38,-1.13%,3.01%,6825.06万,1.26亿,-5754.04万,1.94亿
4766,554,泰山石油,7.89,-1.13%,3.27%,4130.90万,5200.72万,-1069.82万,9331.69万
4767,301158,德石股份,24.23,-1.14%,1.64%,2377.76万,3433.58万,-1055.81万,5815.70万
4768,2560,通达股份,13.88,-1.14%,19.60%,6.45亿,5.69亿,7658.28万,12.14亿
4769,3019,宸展光电,33.66,-1.15%,1.28%,3163.49万,4233.15万,-1069.66万,7396.98万
4770,2432,九安医疗,74.71,-1.15%,5.26%,8.69亿,8.37亿,3206.20万,17.06亿
4771,2101,广东鸿图,10.36,-1.15%,1.06%,3066.67万,4221.31万,-1154.64万,7289.64万
4772,735,罗牛山,6.85,-1.15%,1.06%,3311.40万,5025.40万,-1714.00万,8337.08万
4773,1270,*ST铖昌,140.72,-1.16%,4.61%,6.72亿,6.89亿,-1671.69万,13.61亿
4774,688085,三友医疗,17.89,-1.16%,0.49%,1154.16万,1629.99万,-475.82万,2784.51万
4775,603353,和顺石油,38.2,-1.16%,1.29%,3888.86万,4557.50万,-668.64万,8447.12万
4776,603398,*ST沐邦,12.75,-1.16%,1.06%,2382.48万,3439.54万,-1057.06万,5842.05万
4777,600026,中远海能,22.16,-1.16%,1.14%,4.24亿,4.51亿,-2686.61万,8.75亿
4778,48,京基智农,15.37,-1.16%,1.26%,4403.18万,5841.56万,-1438.38万,1.02亿
4779,301303,真兰仪表,15.96,-1.18%,2.44%,1572.75万,2391.35万,-818.60万,3964.26万
4780,688108,赛诺医疗,21.78,-1.18%,1.30%,5653.45万,6197.10万,-543.65万,1.19亿
4781,600827,百联股份,8.41,-1.18%,0.37%,1952.19万,3063.02万,-1110.83万,5017.73万
4782,600537,亿晶光电,4.18,-1.18%,4.99%,1.09亿,1.39亿,-2967.34万,2.48亿
4783,300110,华仁药业,3.34,-1.18%,3.36%,5939.35万,7405.15万,-1465.80万,1.33亿
4784,2824,和胜股份,29.27,-1.18%,16.30%,4.63亿,6.00亿,-1.38亿,10.63亿
4785,2135,东南网架,7.56,-1.18%,2.00%,7323.70万,8518.39万,-1194.69万,1.58亿
4786,301391,卡莱特,81.37,-1.19%,1.48%,5536.63万,5693.05万,-156.42万,1.12亿
4787,300984,金沃股份,58.25,-1.19%,1.95%,4297.73万,5974.68万,-1676.95万,1.03亿
4788,603929,亚翔集成,183.07,-1.19%,1.85%,3.54亿,3.63亿,-807.41万,7.17亿
4789,300808,久量股份,24.6,-1.20%,1.31%,1900.13万,1930.52万,-30.39万,3831.14万
4790,3009,中天火箭,58.7,-1.20%,1.41%,6513.45万,7167.81万,-654.36万,1.37亿
4791,753,漳州发展,6.61,-1.20%,1.05%,2579.62万,4303.50万,-1723.88万,6883.17万
4792,301626,苏州天脉,271.84,-1.21%,1.55%,1.00亿,1.22亿,-2179.49万,2.22亿
4793,300683,海特生物,35.13,-1.21%,4.00%,8512.11万,8627.58万,-115.47万,1.71亿
4794,2048,宁波华翔,27.67,-1.21%,1.53%,1.26亿,1.79亿,-5269.91万,3.05亿
4795,688234,天岳先进,89.37,-1.22%,1.49%,2.64亿,3.07亿,-4298.12万,5.72亿
4796,300988,津荣天宇,27.56,-1.22%,1.91%,3281.20万,2416.52万,864.68万,5698.00万
4797,300858,科拓生物,21.07,-1.22%,8.96%,1.56亿,2.01亿,-4466.85万,3.57亿
4798,600815,厦工股份,4.05,-1.22%,2.41%,6647.72万,1.08亿,-4166.13万,1.75亿
4799,603707,健友股份,9.71,-1.22%,0.44%,2534.85万,4356.24万,-1821.39万,6891.96万
4800,2485,ST雪发,4.84,-1.22%,0.31%,260.31万,563.62万,-303.31万,823.97万
4801,600973,宝胜股份,7.27,-1.22%,1.78%,7883.92万,9868.84万,-1984.92万,1.78亿
4802,2029,七匹狼,9.68,-1.22%,1.02%,3016.19万,3594.25万,-578.06万,6610.62万
4803,600021,上海电力,17.84,-1.22%,0.95%,2.31亿,2.49亿,-1831.66万,4.80亿
4804,300472,*ST新元,8.1,-1.22%,0.84%,733.89万,1072.66万,-338.77万,1806.63万
4805,300300,海峡创新,12.96,-1.22%,4.93%,1.71亿,2.51亿,-7924.88万,4.22亿
4806,2414,高德红外,12.92,-1.22%,1.35%,2.94亿,2.95亿,-123.63万,5.88亿
4807,688105,诺唯赞,19.33,-1.23%,0.15%,552.68万,612.62万,-59.93万,1174.96万
4808,600795,国电电力,4.82,-1.23%,0.57%,1.72亿,3.19亿,-1.47亿,4.91亿
4809,1326,联域股份,55.1,-1.24%,5.22%,3493.73万,3545.84万,-52.11万,7040.13万
4810,688757,胜科纳米,25.53,-1.24%,1.16%,2573.96万,2872.13万,-298.17万,5450.95万
4811,603976,正川股份,19.97,-1.24%,0.49%,619.44万,866.87万,-247.43万,1488.71万
4812,600322,津投城开,2.39,-1.24%,0.74%,708.34万,1261.32万,-552.98万,1969.68万
4813,300016,北陆药业,10.33,-1.24%,2.33%,5605.66万,7866.08万,-2260.42万,1.35亿
4814,301024,霍普股份,39.36,-1.25%,1.57%,1834.94万,1939.91万,-104.98万,3775.25万
4815,688418,震有科技,46.61,-1.25%,2.62%,1.09亿,1.27亿,-1779.68万,2.36亿
4816,605296,神农集团,30.57,-1.26%,0.40%,2933.61万,3359.02万,-425.41万,6292.93万
4817,2752,昇兴股份,6.27,-1.26%,1.18%,2788.75万,4417.21万,-1628.46万,7206.52万
4818,603568,伟明环保,24.26,-1.26%,0.15%,2836.89万,3349.64万,-512.75万,6188.47万
4819,600118,中国卫星,85.19,-1.26%,2.53%,12.61亿,12.98亿,-3707.30万,25.59亿
4820,688816,易思维,66.65,-1.27%,4.81%,2397.84万,3762.61万,-1364.78万,6162.61万
4821,603949,雪龙集团,18.59,-1.27%,2.59%,4350.56万,5764.75万,-1414.19万,1.01亿
4822,2900,哈三联,11.55,-1.28%,2.36%,2179.22万,2217.23万,-38.01万,4396.79万
4823,301213,观想科技,69.96,-1.28%,1.55%,2540.16万,3076.20万,-536.04万,5617.76万
4824,601018,宁波港,3.86,-1.28%,0.10%,2678.83万,4693.79万,-2014.96万,7372.78万
4825,300480,光力科技,33.91,-1.28%,4.88%,2.09亿,2.41亿,-3238.78万,4.50亿
4826,2437,誉衡药业,3.86,-1.28%,8.13%,3.10亿,3.50亿,-3933.79万,6.60亿
4827,2299,圣农发展,18.5,-1.28%,0.51%,5043.69万,6603.42万,-1559.73万,1.16亿
4828,600193,*ST创兴,3.05,-1.29%,3.07%,2161.60万,1897.64万,263.96万,4059.84万
4829,600159,大龙地产,3.05,-1.29%,1.85%,2442.31万,2248.71万,193.60万,4691.05万
4830,688009,中国通号,5.31,-1.30%,0.34%,4932.85万,1.05亿,-5542.76万,1.54亿
4831,600721,百花医药,9.07,-1.31%,3.67%,4090.71万,8680.02万,-4589.31万,1.28亿
4832,603227,雪峰科技,9.82,-1.31%,1.38%,5962.31万,8472.44万,-2510.13万,1.44亿
4833,300803,指南针,99.99,-1.31%,2.21%,6.60亿,6.75亿,-1519.90万,13.35亿
4834,301111,粤万年青,19.41,-1.32%,2.32%,3331.51万,3874.88万,-543.37万,7207.54万
4835,600759,洲际油气,5.24,-1.32%,3.52%,3.78亿,3.83亿,-490.35万,7.61亿
4836,600744,华银电力,7.45,-1.32%,3.13%,2.29亿,2.42亿,-1248.14万,4.71亿
4837,2454,松芝股份,10.43,-1.32%,2.32%,7228.45万,7991.29万,-762.84万,1.52亿
4838,688661,和林微纳,85.81,-1.33%,1.92%,1.25亿,1.23亿,147.00万,2.48亿
4839,688084,晶品特装,67.38,-1.33%,1.57%,3113.24万,4893.44万,-1780.20万,8008.88万
4840,300828,锐新科技,21.58,-1.33%,4.63%,3719.54万,4753.31万,-1033.77万,8473.93万
4841,688222,成都先导,27.38,-1.33%,2.74%,1.46亿,1.53亿,-695.61万,2.99亿
4842,600606,绿地控股,1.48,-1.33%,0.40%,4354.57万,4070.14万,284.43万,8424.74万
4843,890,法尔胜,12.59,-1.33%,10.55%,2.65亿,2.86亿,-2122.78万,5.51亿
4844,300653,正海生物,19.84,-1.34%,0.58%,671.85万,1384.02万,-712.17万,2056.87万
4845,601968,宝钢包装,5.1,-1.35%,0.60%,1739.68万,2202.07万,-462.38万,3941.85万
4846,2259,升达林业,5.08,-1.36%,1.90%,3521.63万,3729.31万,-207.68万,7251.41万
4847,688163,赛伦生物,32.55,-1.36%,1.95%,3223.11万,3564.63万,-341.52万,6791.64万
4848,301188,力诺药包,23.2,-1.36%,4.43%,1.39亿,1.38亿,150.59万,2.77亿
4849,300026,红日药业,3.62,-1.36%,1.46%,5615.25万,8906.80万,-3291.55万,1.45亿
4850,300558,贝达药业,45.08,-1.36%,1.29%,1.18亿,1.26亿,-731.93万,2.44亿
4851,600237,铜峰电子,9.36,-1.37%,3.82%,8605.58万,1.36亿,-5029.78万,2.22亿
4852,688273,麦澜德,45.75,-1.38%,2.31%,6240.64万,4317.10万,1923.54万,1.06亿
4853,1872,招商港口,21.34,-1.39%,0.04%,961.74万,1252.01万,-290.27万,2213.97万
4854,912,泸天化,4.96,-1.39%,1.94%,6398.47万,8626.63万,-2228.16万,1.50亿
4855,688169,石头科技,112.04,-1.39%,1.22%,1.12亿,2.45亿,-1.33亿,3.57亿
4856,300791,仙乐健康,21.28,-1.39%,1.00%,1801.92万,3690.23万,-1888.31万,5493.00万
4857,688272,富吉瑞,49.2,-1.40%,2.40%,3924.36万,4968.93万,-1044.57万,8893.79万
4858,600548,深高速,9.16,-1.40%,0.17%,947.41万,1805.75万,-858.34万,2753.25万
4859,600371,万向德农,8.48,-1.40%,1.94%,2182.67万,2561.00万,-378.33万,4743.76万
4860,300878,维康药业,27.06,-1.42%,0.71%,1360.84万,1375.58万,-14.73万,2736.69万
4861,603380,易德龙,36.16,-1.42%,0.97%,2462.46万,3157.59万,-695.13万,5620.78万
4862,600789,鲁抗医药,8.36,-1.42%,1.26%,3095.79万,6357.45万,-3261.66万,9453.67万
4863,603127,昭衍新药,38.71,-1.43%,3.60%,4.58亿,4.12亿,4627.36万,8.70亿
4864,813,德展健康,3.44,-1.43%,0.68%,2090.73万,2843.01万,-752.27万,4933.91万
4865,2728,特一药业,10.93,-1.44%,3.17%,4708.29万,6781.51万,-2073.22万,1.15亿
4866,2693,*ST双成,8.21,-1.44%,1.91%,3140.17万,3260.47万,-120.31万,6406.38万
4867,2100,天康生物,8.23,-1.44%,1.58%,7705.41万,1.00亿,-2310.96万,1.77亿
4868,680,山推股份,11.63,-1.44%,1.29%,8568.31万,1.15亿,-2905.56万,2.00亿
4869,2512,ST达华,4.09,-1.45%,3.15%,5470.37万,8776.77万,-3306.40万,1.42亿
4870,301306,西测测试,172.45,-1.46%,10.94%,5.18亿,5.95亿,-7656.47万,11.13亿
4871,300617,安靠智电,58.15,-1.46%,3.90%,1.45亿,1.68亿,-2280.75万,3.13亿
4872,600585,海螺水泥,22.22,-1.46%,0.68%,2.23亿,3.85亿,-1.63亿,6.08亿
4873,600351,亚宝药业,6.73,-1.46%,3.26%,6428.52万,8872.79万,-2444.27万,1.53亿
4874,2606,大连电瓷,12.14,-1.46%,6.55%,1.64亿,1.70亿,-628.97万,3.34亿
4875,603757,大元泵业,57.03,-1.47%,6.01%,3.22亿,3.21亿,62.42万,6.44亿
4876,2871,伟隆股份,18.07,-1.47%,2.49%,3451.06万,3261.21万,189.85万,6712.82万
4877,688106,金宏气体,27.29,-1.48%,5.65%,3.99亿,3.86亿,1292.82万,7.86亿
4878,688068,热景生物,124.38,-1.48%,1.68%,9974.50万,9252.15万,722.35万,1.92亿
4879,600863,华能蒙电,4.66,-1.48%,0.52%,5874.65万,9962.39万,-4087.74万,1.58亿
4880,600339,中油工程,4.0,-1.48%,1.05%,9235.21万,1.42亿,-4991.18万,2.35亿
4881,2853,皮阿诺,25.36,-1.48%,1.28%,2041.20万,2140.29万,-99.09万,4181.75万
4882,2068,黑猫股份,8.64,-1.48%,1.63%,4044.54万,6276.47万,-2231.93万,1.03亿
4883,688351,微电生理,23.83,-1.49%,0.42%,2139.84万,2607.16万,-467.32万,4747.02万
4884,688317,之江生物,20.46,-1.49%,0.85%,1322.79万,2034.58万,-711.79万,3358.52万
4885,603669,灵康药业,4.64,-1.49%,1.52%,2391.48万,2669.98万,-278.50万,5061.51万
4886,1231,农心科技,24.13,-1.51%,3.57%,1626.37万,2737.98万,-1111.61万,4365.07万
4887,603296,华勤技术,97.39,-1.51%,1.14%,3.06亿,3.33亿,-2724.78万,6.39亿
4888,600461,洪城环境,9.81,-1.51%,0.90%,5315.75万,6012.89万,-697.14万,1.13亿
4889,300651,金陵体育,30.02,-1.51%,11.36%,1.36亿,1.63亿,-2667.32万,2.98亿
4890,617,中油资本,9.72,-1.52%,0.78%,3.47亿,6.15亿,-2.68亿,9.62亿
4891,301696,三瑞智能,112.25,-1.53%,25.25%,4.10亿,4.41亿,-3093.52万,8.52亿
4892,601857,中国石油,11.58,-1.53%,0.06%,4.64亿,6.69亿,-2.05亿,11.33亿
4893,605228,神通科技,14.67,-1.54%,2.58%,7283.59万,1.10亿,-3668.09万,1.82亿
4894,2962,五方光电,16.54,-1.55%,10.21%,1.69亿,1.81亿,-1186.25万,3.51亿
4895,601083,锦江航运,12.7,-1.55%,3.00%,2917.56万,4488.23万,-1570.67万,7406.17万
4896,300191,潜能恒信,36.84,-1.55%,2.27%,8876.56万,9510.58万,-634.02万,1.84亿
4897,600486,扬农化工,76.78,-1.56%,0.85%,1.01亿,1.65亿,-6410.46万,2.67亿
4898,300594,朗进科技,29.68,-1.56%,2.42%,3565.79万,2961.13万,604.66万,6527.81万
4899,2479,富春环保,5.69,-1.56%,1.93%,3571.70万,5915.39万,-2343.69万,9487.49万
4900,2868,*ST绿康,39.47,-1.57%,0.45%,877.22万,1043.81万,-166.59万,1921.43万
4901,600769,祥龙电业,14.92,-1.58%,2.54%,7285.35万,6804.34万,481.02万,1.41亿
4902,300295,三六五网,9.94,-1.58%,4.27%,3364.78万,3695.19万,-330.41万,7060.07万
4903,601811,新华文轩,14.22,-1.59%,0.62%,2686.32万,4317.45万,-1631.13万,7004.20万
4904,600901,江苏金租,6.8,-1.59%,0.42%,5791.38万,1.09亿,-5075.74万,1.67亿
4905,300050,世纪鼎利,7.41,-1.59%,4.52%,7442.22万,1.08亿,-3333.22万,1.82亿
4906,2439,启明星辰,14.81,-1.59%,4.15%,1.91亿,2.55亿,-6368.12万,4.46亿
4907,300854,中兰环保,28.1,-1.61%,5.64%,6280.48万,6533.45万,-252.97万,1.28亿
4908,301122,采纳股份,30.56,-1.61%,1.35%,1658.01万,1472.54万,185.48万,3131.16万
4909,301149,隆华新材,12.8,-1.61%,3.23%,4481.33万,6300.36万,-1819.04万,1.08亿
4910,2082,万邦德,27.95,-1.62%,5.56%,4.03亿,4.53亿,-5040.72万,8.56亿
4911,601999,出版传媒,7.9,-1.62%,3.10%,6293.49万,7104.39万,-810.90万,1.34亿
4912,300194,福安药业,4.24,-1.62%,1.59%,2883.21万,3681.76万,-798.55万,6565.01万
4913,2550,千红制药,7.89,-1.62%,1.76%,5726.47万,7367.62万,-1641.16万,1.31亿
4914,688179,阿拉丁,18.16,-1.63%,1.78%,4802.43万,6433.54万,-1631.11万,1.12亿
4915,301592,六九一二,125.1,-1.64%,5.66%,7351.44万,9208.16万,-1856.72万,1.66亿
4916,688345,博力威,52.43,-1.65%,3.03%,8200.67万,7780.35万,420.32万,1.60亿
4917,603988,中电电机,26.29,-1.65%,2.00%,5845.67万,6506.95万,-661.28万,1.24亿
4918,603998,方盛制药,10.73,-1.65%,1.23%,2095.46万,3720.84万,-1625.39万,5816.41万
4919,600855,航天长峰,19.61,-1.65%,6.21%,2.69亿,3.02亿,-3302.77万,5.71亿
4920,300686,智动力,18.5,-1.65%,2.82%,7312.73万,6223.00万,1089.74万,1.35亿
4921,300850,新强联,42.03,-1.66%,3.53%,1.75亿,2.73亿,-9784.92万,4.48亿
4922,601998,中信银行,8.28,-1.66%,0.05%,7010.21万,8820.83万,-1810.62万,1.58亿
4923,601326,秦港股份,3.56,-1.66%,0.40%,1786.78万,5061.83万,-3275.05万,6848.64万
4924,600268,国电南自,15.41,-1.66%,2.47%,1.69亿,2.13亿,-4350.11万,3.82亿
4925,2020,京新药业,15.99,-1.66%,1.05%,4293.98万,7925.00万,-3631.03万,1.22亿
4926,603444,吉比特,386.76,-1.67%,4.42%,6.45亿,5.75亿,7003.30万,12.21亿
4927,600998,九州通,5.31,-1.67%,0.47%,4722.88万,8091.01万,-3368.13万,1.28亿
4928,603063,禾望电气,37.39,-1.68%,9.74%,8.49亿,8.29亿,1988.40万,16.78亿
4929,2808,*ST恒久,4.68,-1.68%,2.25%,717.95万,1022.03万,-304.08万,1744.85万
4930,2639,雪人集团,19.3,-1.68%,5.33%,2.91亿,3.78亿,-8675.85万,6.69亿
4931,2317,众生药业,18.77,-1.68%,2.48%,1.48亿,2.06亿,-5770.72万,3.54亿
4932,688496,清越科技,5.78,-1.70%,1.98%,1284.57万,1413.61万,-129.05万,2698.30万
4933,928,中钢国际,6.94,-1.70%,1.92%,8916.24万,1.04亿,-1469.57万,1.93亿
4934,600893,航发动力,50.28,-1.70%,0.65%,3.94亿,4.70亿,-7625.38万,8.64亿
4935,2683,广东宏大,42.77,-1.70%,0.99%,1.11亿,1.72亿,-6175.93万,2.83亿
4936,688809,强一股份,364.27,-1.71%,5.71%,2.23亿,2.82亿,-5906.15万,5.06亿
4937,301393,昊帆生物,58.58,-1.71%,4.26%,5321.26万,5247.89万,73.37万,1.06亿
4938,600955,维远股份,18.39,-1.71%,0.87%,3653.28万,5224.23万,-1570.95万,8879.35万
4939,603269,海鸥股份,15.54,-1.71%,6.90%,1.61亿,1.72亿,-1104.38万,3.32亿
4940,300404,博济医药,10.37,-1.71%,2.88%,3579.70万,4923.18万,-1343.48万,8503.72万
4941,605399,晨光新材,14.89,-1.72%,0.94%,2275.28万,2098.29万,176.99万,4374.17万
4942,301317,鑫磊股份,62.7,-1.72%,7.45%,1.24亿,1.25亿,-74.85万,2.48亿
4943,603058,永吉股份,11.99,-1.72%,1.19%,2242.05万,3690.52万,-1448.47万,5932.69万
4944,2358,森源电气,7.38,-1.73%,2.83%,8311.03万,1.10亿,-2654.98万,1.93亿
4945,301680,固德电材,106.1,-1.74%,10.02%,7919.70万,9945.98万,-2026.28万,1.79亿
4946,600272,开开实业,12.39,-1.74%,1.34%,983.99万,1667.02万,-683.03万,2652.25万
4947,300547,川环科技,38.34,-1.74%,4.82%,1.48亿,1.84亿,-3530.48万,3.32亿
4948,600880,博瑞传播,5.06,-1.75%,3.05%,7250.98万,9704.66万,-2453.68万,1.70亿
4949,688710,益诺思,70.36,-1.76%,0.80%,2132.81万,2973.46万,-840.66万,5107.80万
4950,2788,鹭燕医药,15.67,-1.76%,19.03%,5.65亿,6.19亿,-5364.45万,11.85亿
4951,603777,来伊份,16.23,-1.76%,5.81%,1.53亿,1.64亿,-1116.71万,3.17亿
4952,600110,诺德股份,10.07,-1.76%,7.90%,5.80亿,7.98亿,-2.18亿,13.79亿
4953,301335,天元宠物,26.05,-1.77%,5.54%,3204.41万,4096.80万,-892.38万,7301.47万
4954,688247,宣泰医药,9.45,-1.77%,0.31%,463.42万,873.11万,-409.69万,1337.85万
4955,603727,博迈科,19.37,-1.77%,1.38%,3766.77万,3723.89万,42.88万,7491.23万
4956,600851,海欣股份,8.31,-1.77%,1.09%,2968.30万,3753.89万,-785.59万,6722.28万
4957,600812,华北制药,5.56,-1.77%,0.93%,3609.93万,5317.48万,-1707.55万,8927.46万
4958,688712,北芯生命,41.7,-1.79%,7.27%,4818.69万,6448.06万,-1629.37万,1.13亿
4959,603001,奥康国际,9.31,-1.79%,1.44%,2704.72万,2729.89万,-25.17万,5435.82万
4960,300561,*ST汇科,16.97,-1.79%,5.59%,8987.49万,1.37亿,-4690.40万,2.27亿
4961,2952,亚世光电,25.82,-1.79%,2.43%,3846.39万,4405.30万,-558.91万,8252.20万
4962,2487,大金重工,76.11,-1.79%,1.93%,4.99亿,4.46亿,5359.11万,9.45亿
4963,2349,精华制药,7.68,-1.79%,2.20%,5424.76万,8402.74万,-2977.98万,1.38亿
4964,688575,亚辉龙,14.73,-1.80%,0.48%,1085.61万,2992.57万,-1906.96万,4078.95万
4965,1257,盛龙股份,23.34,-1.81%,14.17%,1.76亿,2.74亿,-9801.53万,4.50亿
4966,300943,春晖智控,30.46,-1.81%,5.86%,9747.17万,1.45亿,-4779.21万,2.43亿
4967,688690,纳微科技,30.73,-1.82%,3.51%,2.40亿,1.90亿,4964.69万,4.30亿
4968,300739,明阳电路,29.05,-1.82%,6.21%,2.86亿,3.32亿,-4626.70万,6.18亿
4969,605116,奥锐特,27.94,-1.83%,2.01%,1.13亿,1.19亿,-543.29万,2.32亿
4970,603829,洛凯股份,27.2,-1.84%,1.44%,3735.02万,3575.56万,159.47万,7311.39万
4971,2989,中天精装,26.63,-1.84%,2.28%,4640.79万,6435.98万,-1795.19万,1.11亿
4972,300572,安车检测,28.87,-1.84%,1.96%,5058.91万,5318.11万,-259.20万,1.04亿
4973,688251,井松智能,35.98,-1.85%,2.38%,3029.85万,5457.48万,-2427.63万,8493.08万
4974,300730,科创信息,14.84,-1.85%,3.77%,4507.13万,6381.74万,-1874.61万,1.09亿
4975,300318,博晖创新,5.85,-1.85%,1.03%,1877.04万,2908.84万,-1031.79万,4786.23万
4976,601179,中国西电,17.37,-1.86%,4.15%,15.73亿,20.86亿,-5.13亿,36.59亿
4977,2787,华源控股,16.37,-1.86%,11.80%,2.50亿,2.31亿,1851.29万,4.81亿
4978,1282,三联锻造,21.47,-1.87%,4.88%,4022.16万,4237.03万,-214.88万,8261.76万
4979,301370,国科恒泰,10.48,-1.87%,0.91%,1182.50万,1892.36万,-709.86万,3075.59万
4980,688790,昂瑞微,139.44,-1.87%,5.65%,4272.70万,5212.67万,-939.97万,9485.39万
4981,688001,华兴源创,40.84,-1.87%,1.00%,1.01亿,8184.50万,1911.76万,1.83亿
4982,600594,益佰制药,4.67,-1.89%,14.62%,2.58亿,2.92亿,-3387.28万,5.49亿
4983,600080,金花股份,8.29,-1.89%,1.62%,1752.98万,3272.89万,-1519.91万,5025.96万
4984,2357,富临运业,10.89,-1.89%,3.27%,4744.26万,6530.34万,-1786.08万,1.13亿
4985,688196,卓越新能,59.95,-1.90%,0.98%,3452.91万,3614.59万,-161.68万,7068.70万
4986,2923,润都股份,12.85,-1.91%,3.16%,4589.01万,5917.43万,-1328.42万,1.05亿
4987,2364,中恒电气,42.57,-1.91%,13.66%,15.43亿,17.01亿,-1.58亿,32.45亿
4988,301120,新特电气,23.54,-1.92%,6.28%,1.34亿,1.87亿,-5228.14万,3.21亿
4989,547,航天发展,27.14,-1.92%,7.08%,13.50亿,17.03亿,-3.53亿,30.52亿
4990,600839,四川长虹,9.17,-1.93%,3.29%,6.69亿,7.18亿,-4919.47万,13.87亿
4991,300267,尔康制药,4.06,-1.93%,4.18%,1.11亿,1.31亿,-1961.13万,2.42亿
4992,603163,圣晖集成,108.25,-1.94%,1.81%,9965.90万,9716.58万,249.32万,1.97亿
4993,993,闽东电力,12.14,-1.94%,3.22%,6062.66万,1.11亿,-5079.66万,1.72亿
4994,603248,锡华科技,26.73,-1.98%,10.03%,8398.25万,9964.65万,-1566.40万,1.84亿
4995,2828,贝肯能源,11.86,-1.98%,5.61%,5748.89万,7089.14万,-1340.25万,1.28亿
4996,989,九芝堂,9.68,-2.02%,2.62%,6770.82万,1.09亿,-4127.12万,1.77亿
4997,2342,巨力索具,17.92,-2.02%,15.36%,12.80亿,13.59亿,-7896.20万,26.40亿
4998,600613,神奇制药,6.27,-2.03%,2.14%,3318.12万,3127.43万,190.69万,6445.79万
4999,603808,歌力思,10.07,-2.04%,2.37%,4050.28万,4830.11万,-779.82万,8880.49万
5000,600285,羚锐制药,21.16,-2.04%,1.50%,5050.39万,1.30亿,-7941.50万,1.80亿
5001,301080,百普赛斯,49.27,-2.05%,2.50%,7098.57万,8429.97万,-1331.40万,1.55亿
5002,2546,新联电子,9.1,-2.05%,2.74%,9454.95万,1.03亿,-859.10万,1.98亿
5003,600389,江山股份,28.55,-2.06%,1.44%,6266.18万,1.16亿,-5295.16万,1.78亿
5004,688655,迅捷兴,34.13,-2.07%,7.59%,1.57亿,1.85亿,-2822.70万,3.41亿
5005,300131,英唐智控,15.14,-2.07%,5.38%,3.48亿,5.02亿,-1.54亿,8.50亿
5006,300004,南风股份,14.56,-2.08%,2.88%,9176.67万,1.11亿,-1937.75万,2.03亿
5007,2969,嘉美包装,22.97,-2.09%,2.76%,3.31亿,3.62亿,-3095.22万,6.93亿
5008,605599,菜百股份,22.42,-2.10%,0.43%,4145.08万,3418.35万,726.73万,7563.66万
5009,600195,中牧股份,7.93,-2.10%,1.43%,4333.55万,7301.79万,-2968.24万,1.16亿
5010,2873,新天药业,9.79,-2.10%,3.57%,3079.89万,5299.75万,-2219.86万,8382.78万
5011,688759,必贝特,39.45,-2.11%,5.30%,5025.75万,4662.12万,363.63万,9689.04万
5012,968,蓝焰控股,9.29,-2.11%,3.46%,1.31亿,1.78亿,-4716.73万,3.09亿
5013,603272,联翔股份,32.38,-2.12%,3.52%,5342.94万,6698.46万,-1355.52万,1.20亿
5014,600316,洪都航空,39.14,-2.13%,1.04%,1.26亿,1.67亿,-4091.93万,2.93亿
5015,2519,银河电子,8.27,-2.13%,5.28%,2.05亿,2.82亿,-7751.06万,4.87亿
5016,838,财信发展,1.84,-2.13%,5.75%,6305.08万,4641.24万,1663.84万,1.09亿
5017,603871,嘉友国际,13.74,-2.14%,0.65%,4642.88万,7640.73万,-2997.85万,1.23亿
5018,688161,威高骨科,30.53,-2.15%,0.31%,1442.85万,2334.90万,-892.05万,3785.68万
5019,2150,正泰电源,31.05,-2.17%,4.08%,2.21亿,2.37亿,-1681.59万,4.58亿
5020,688429,时创能源,14.8,-2.18%,2.60%,2162.54万,2435.88万,-273.35万,4602.18万
5021,929,*ST兰黄,10.26,-2.19%,1.52%,1295.99万,1614.49万,-318.50万,2911.81万
5022,688137,近岸蛋白,48.66,-2.21%,1.02%,1905.69万,1594.59万,311.10万,3500.35万
5023,592,平潭发展,11.08,-2.21%,5.64%,4.59亿,7.33亿,-2.74亿,11.91亿
5024,603459,红板科技,66.88,-2.22%,40.20%,9.90亿,11.23亿,-1.34亿,21.13亿
5025,603391,力聚热能,66.11,-2.22%,4.00%,2639.53万,3381.39万,-741.86万,6023.56万
5026,300632,光莆股份,17.61,-2.22%,5.79%,1.01亿,1.26亿,-2495.43万,2.27亿
5027,301079,邵阳液压,47.11,-2.24%,14.87%,2.39亿,2.44亿,-519.55万,4.83亿
5028,300335,迪森股份,6.99,-2.24%,4.70%,4278.13万,8306.05万,-4027.92万,1.26亿
5029,603162,海通发展,13.9,-2.25%,2.94%,4297.41万,7054.61万,-2757.21万,1.14亿
5030,3027,同兴科技,22.08,-2.26%,3.42%,4469.40万,3355.64万,1113.76万,7825.92万
5031,600935,华塑股份,2.59,-2.26%,0.92%,2381.51万,5988.52万,-3607.01万,8370.71万
5032,2490,山东墨龙,8.66,-2.26%,4.23%,9236.37万,1.06亿,-1318.86万,1.98亿
5033,411,英特集团,11.02,-2.30%,0.97%,2147.82万,3912.15万,-1764.33万,6060.08万
5034,301286,侨源股份,45.41,-2.30%,0.81%,2663.49万,3246.42万,-582.92万,5921.71万
5035,600929,雪天盐业,6.79,-2.30%,1.70%,9591.83万,9419.92万,171.91万,1.90亿
5036,300165,天瑞仪器,5.51,-2.30%,3.24%,3128.51万,4369.51万,-1240.99万,7498.08万
5037,300788,中信出版,32.61,-2.31%,2.21%,5571.17万,8193.94万,-2622.78万,1.38亿
5038,600135,乐凯胶片,10.94,-2.32%,4.88%,1.39亿,1.56亿,-1684.27万,2.95亿
5039,300055,万邦达,12.14,-2.33%,3.14%,9841.94万,1.42亿,-4396.35万,2.41亿
5040,603363,傲农生物,4.19,-2.33%,1.71%,5888.16万,9529.53万,-3641.36万,1.54亿
5041,600089,特变电工,27.56,-2.34%,2.81%,17.97亿,20.95亿,-2.98亿,38.93亿
5042,603017,中衡设计,12.85,-2.36%,3.94%,5949.34万,8010.45万,-2061.11万,1.40亿
5043,688046,药康生物,18.43,-2.38%,1.10%,4263.56万,4063.24万,200.31万,8329.61万
5044,402,金融街,2.81,-2.43%,1.82%,5875.36万,9417.02万,-3541.66万,1.53亿
5045,2121,科陆电子,7.56,-2.45%,2.36%,1.00亿,1.50亿,-4963.71万,2.50亿
5046,603861,白云电器,16.28,-2.46%,1.89%,7393.21万,8795.55万,-1402.34万,1.62亿
5047,600127,金健米业,7.12,-2.47%,4.81%,8879.17万,1.31亿,-4210.06万,2.20亿
5048,603102,百合股份,40.12,-2.48%,1.35%,1540.13万,1918.86万,-378.73万,3459.39万
5049,600844,金煤科技,3.52,-2.49%,4.33%,5693.52万,6860.52万,-1167.00万,1.26亿
5050,2183,怡亚通,5.87,-2.49%,3.22%,1.76亿,3.17亿,-1.41亿,4.93亿
5051,301408,华人健康,20.26,-2.50%,17.16%,3.55亿,4.52亿,-9701.75万,8.07亿
5052,301560,众捷汽车,42.08,-2.50%,4.47%,2163.98万,2481.79万,-317.81万,4646.19万
5053,603803,瑞斯康达,15.13,-2.51%,13.51%,4.14亿,4.49亿,-3586.81万,8.63亿
5054,300164,通源石油,13.58,-2.51%,8.60%,3.15亿,3.62亿,-4627.76万,6.77亿
5055,601588,北辰实业,1.93,-2.53%,6.25%,1.41亿,1.80亿,-3956.15万,3.21亿
5056,603556,海兴电力,35.67,-2.54%,0.67%,3837.88万,7805.50万,-3967.62万,1.16亿
5057,600173,卧龙新能,7.25,-2.55%,2.61%,5611.34万,7665.67万,-2054.32万,1.33亿
5058,2112,三变科技,21.81,-2.55%,8.80%,2.29亿,2.70亿,-4131.40万,5.00亿
5059,19,深粮控股,7.65,-2.55%,3.32%,5374.62万,5186.56万,188.06万,1.06亿
5060,301520,万邦医药,44.72,-2.57%,5.10%,1827.25万,3298.28万,-1471.03万,5125.99万
5061,301193,家联科技,20.83,-2.62%,2.75%,3795.94万,4110.17万,-314.23万,7906.31万
5062,601877,正泰电器,33.44,-2.62%,1.25%,4.19亿,4.80亿,-6141.70万,8.98亿
5063,2300,太阳电缆,9.67,-2.62%,3.73%,1.16亿,1.43亿,-2750.51万,2.59亿
5064,300427,红相股份,12.57,-2.63%,6.09%,1.69亿,2.12亿,-4302.62万,3.80亿
5065,603097,江苏华辰,33.12,-2.65%,2.57%,6647.38万,6907.91万,-260.53万,1.36亿
5066,2290,禾盛新材,70.21,-2.66%,2.26%,1.84亿,2.12亿,-2857.81万,3.96亿
5067,300057,万顺新材,7.3,-2.67%,6.79%,1.83亿,1.81亿,151.16万,3.64亿
5068,793,*ST华闻,2.92,-2.67%,2.25%,4952.80万,7920.65万,-2967.85万,1.29亿
5069,1331,胜通能源,51.12,-2.68%,2.13%,8455.48万,9853.60万,-1398.11万,1.83亿
5070,603211,晋拓股份,26.19,-2.68%,3.07%,9293.47万,1.26亿,-3356.02万,2.19亿
5071,600056,中国医药,10.85,-2.69%,2.08%,1.12亿,2.26亿,-1.14亿,3.38亿
5072,603717,天域生物,6.85,-2.70%,2.70%,2669.38万,2668.97万,4140.00,5339.11万
5073,688398,赛特新材,27.2,-2.72%,1.23%,2678.25万,2968.38万,-290.12万,5646.72万
5074,301070,开勒股份,93.74,-2.73%,7.85%,1.99亿,2.40亿,-4127.34万,4.39亿
5075,2227,奥特迅,7.8,-2.74%,5.38%,5675.95万,4720.11万,955.84万,1.04亿
5076,300918,南山智尚,14.47,-2.76%,1.79%,4620.51万,8652.53万,-4032.02万,1.33亿
5077,300149,睿智医药,11.27,-2.76%,5.43%,1.17亿,1.72亿,-5483.34万,2.89亿
5078,2051,中工国际,11.57,-2.77%,8.61%,5.50亿,6.90亿,-1.41亿,12.40亿
5079,300937,药易购,30.44,-2.78%,4.18%,3761.06万,4490.29万,-729.23万,8251.66万
5080,600707,彩虹股份,6.99,-2.78%,2.29%,2.40亿,3.33亿,-9270.39万,5.73亿
5081,600867,通化东宝,10.19,-2.86%,3.33%,2.67亿,4.00亿,-1.32亿,6.67亿
5082,601975,招商南油,4.39,-2.88%,2.45%,2.03亿,3.04亿,-1.01亿,5.07亿
5083,2950,奥美医疗,13.46,-2.89%,3.84%,1.02亿,1.33亿,-3046.21万,2.35亿
5084,688521,芯原股份,246.79,-2.93%,2.86%,17.25亿,19.75亿,-2.50亿,37.00亿
5085,2060,广东建工,3.93,-2.96%,4.99%,1.27亿,1.82亿,-5421.71万,3.09亿
5086,785,居然智家,2.62,-2.96%,2.05%,1.25亿,1.93亿,-6848.67万,3.18亿
5087,973,佛塑科技,17.58,-2.98%,7.25%,5.87亿,6.30亿,-4288.40万,12.16亿
5088,2207,准油股份,7.42,-3.01%,6.21%,5590.13万,6314.50万,-724.37万,1.19亿
5089,2025,航天电器,77.27,-3.01%,5.04%,8.47亿,9.18亿,-7093.34万,17.65亿
5090,826,启迪环境,1.92,-3.03%,2.59%,3276.22万,3841.33万,-565.11万,7118.38万
5091,603387,基蛋生物,9.85,-3.05%,3.64%,6781.73万,1.14亿,-4569.93万,1.81亿
5092,600421,*ST华嵘,5.7,-3.06%,1.43%,755.95万,833.06万,-77.11万,1589.12万
5093,300817,双飞集团,20.21,-3.07%,4.21%,5210.59万,5541.18万,-330.59万,1.08亿
5094,603938,三孚股份,26.44,-3.08%,2.87%,1.40亿,1.49亿,-918.56万,2.89亿
5095,603536,惠发食品,9.74,-3.08%,2.00%,1905.10万,2791.42万,-886.32万,4698.47万
5096,600757,长江传媒,8.8,-3.08%,1.17%,5009.20万,7410.13万,-2400.93万,1.24亿
5097,300265,通光线缆,19.11,-3.09%,7.20%,2.74亿,3.60亿,-8572.94万,6.35亿
5098,300072,海新能科,4.66,-3.12%,1.91%,7922.59万,1.29亿,-4941.11万,2.08亿
5099,688603,天承科技,95.46,-3.15%,7.82%,1.93亿,1.61亿,3247.45万,3.55亿
5100,688336,三生国健,86.47,-3.15%,1.39%,3.76亿,3.60亿,1597.85万,7.36亿
5101,600884,杉杉股份,14.76,-3.15%,6.97%,9.59亿,9.19亿,4050.80万,18.78亿
5102,2675,东诚药业,14.18,-3.21%,2.26%,8719.93万,1.51亿,-6410.01万,2.39亿
5103,600599,*ST熊猫,4.19,-3.23%,1.82%,494.73万,767.49万,-272.76万,1262.64万
5104,601133,柏诚股份,25.03,-3.25%,3.48%,1.92亿,2.67亿,-7491.89万,4.59亿
5105,300218,安利股份,14.89,-3.25%,2.71%,4163.15万,4558.02万,-394.87万,8721.31万
5106,300639,凯普生物,6.76,-3.29%,4.38%,7685.98万,1.12亿,-3479.93万,1.89亿
5107,2542,中化岩土,2.02,-3.35%,6.74%,1.09亿,1.25亿,-1618.85万,2.35亿
5108,2314,南山控股,2.6,-3.35%,5.34%,7439.85万,1.14亿,-3996.92万,1.89亿
5109,600252,中恒集团,2.56,-3.40%,1.85%,5347.19万,9862.57万,-4515.38万,1.52亿
5110,600075,新疆天业,5.96,-3.40%,1.60%,5569.52万,1.09亿,-5288.27万,1.64亿
5111,2496,*ST辉丰,1.98,-3.41%,2.49%,2128.47万,3482.79万,-1354.32万,5611.36万
5112,2157,正邦科技,3.38,-3.43%,3.82%,4.01亿,5.38亿,-1.37亿,9.39亿
5113,688268,华特气体,93.66,-3.44%,5.62%,3.21亿,3.06亿,1461.22万,6.27亿
5114,605319,无锡振华,28.85,-3.45%,2.77%,1.28亿,1.48亿,-1957.17万,2.76亿
5115,702,正虹科技,6.71,-3.45%,6.55%,5856.53万,5864.39万,-7.86万,1.17亿
5116,688488,艾迪药业,19.8,-3.46%,2.32%,7580.62万,1.18亿,-4203.46万,1.94亿
5117,300453,三鑫医疗,9.45,-3.47%,2.75%,3358.13万,6052.32万,-2694.19万,9411.59万
5118,65,北方国际,14.25,-3.52%,3.37%,1.84亿,2.90亿,-1.06亿,4.74亿
5119,300492,华图山鼎,48.6,-3.53%,1.54%,7182.86万,7697.71万,-514.85万,1.49亿
5120,603158,腾龙股份,13.11,-3.53%,6.37%,1.86亿,2.26亿,-3973.08万,4.12亿
5121,600340,华夏幸福,1.35,-3.57%,2.56%,5177.07万,8323.27万,-3146.20万,1.35亿
5122,301201,诚达药业,43.15,-3.58%,7.34%,1.59亿,1.84亿,-2555.43万,3.43亿
5123,688610,埃科光电,108.81,-3.62%,3.25%,7273.36万,7271.71万,1.65万,1.46亿
5124,3036,泰坦股份,28.62,-3.64%,6.07%,1.98亿,1.81亿,1701.42万,3.79亿
5125,300086,康芝药业,7.66,-3.65%,4.76%,6151.74万,9856.96万,-3705.22万,1.60亿
5126,688781,视涯科技,37.57,-3.67%,11.24%,6093.97万,1.13亿,-5252.53万,1.74亿
5127,603773,沃格光电,47.68,-3.72%,9.13%,4.84亿,4.87亿,-307.77万,9.71亿
5128,603843,*ST正平,7.74,-3.73%,4.28%,1.60亿,6940.77万,9096.17万,2.30亿
5129,2653,海思科,56.34,-3.77%,0.98%,1.31亿,1.69亿,-3811.54万,3.00亿
5130,2023,海特高新,12.24,-3.77%,5.10%,1.93亿,2.68亿,-7577.09万,4.61亿
5131,301584,建发致新,27.93,-3.79%,9.84%,5046.07万,9825.32万,-4779.25万,1.49亿
5132,301683,慧谷新材,125.71,-3.80%,19.29%,1.29亿,2.17亿,-8772.62万,3.46亿
5133,603716,塞力医疗,23.18,-3.82%,6.14%,1.25亿,1.96亿,-7125.81万,3.21亿
5134,300215,电科院,8.27,-3.84%,5.52%,1.00亿,1.25亿,-2515.17万,2.26亿
5135,153,丰原药业,6.71,-3.87%,4.93%,6467.06万,8781.03万,-2313.97万,1.53亿
5136,600829,人民同泰,9.9,-3.88%,2.04%,3813.54万,7913.79万,-4100.25万,1.17亿
5137,533,顺钠股份,15.49,-3.91%,13.89%,6.38亿,8.14亿,-1.76亿,14.53亿
5138,26,飞亚达,17.11,-3.98%,6.35%,1.92亿,2.11亿,-1905.10万,4.02亿
5139,78,海王生物,3.86,-3.98%,7.88%,3.42亿,4.54亿,-1.13亿,7.96亿
5140,300741,华宝股份,17.03,-4.06%,1.02%,4689.04万,6104.06万,-1415.02万,1.08亿
5141,2692,远程股份,6.34,-4.08%,6.52%,1.33亿,1.64亿,-3099.75万,2.96亿
5142,1238,浙江正特,47.09,-4.11%,0.47%,818.33万,1526.01万,-707.68万,2344.81万
5143,300044,ST赛为,6.74,-4.13%,3.22%,5137.07万,1.05亿,-5392.98万,1.57亿
5144,2867,周大生,12.51,-4.14%,1.79%,1.01亿,1.46亿,-4483.27万,2.47亿
5145,688253,英诺特,41.3,-4.18%,1.83%,4734.17万,5608.43万,-874.26万,1.03亿
5146,425,徐工机械,10.09,-4.18%,1.02%,2.96亿,6.45亿,-3.49亿,9.42亿
5147,300992,泰福泵业,32.57,-4.21%,7.43%,8312.25万,1.06亿,-2297.72万,1.89亿
5148,300635,中达安,14.12,-4.27%,3.94%,3134.15万,3681.84万,-547.69万,6816.55万
5149,2360,同德化工,6.46,-4.30%,7.46%,6977.41万,8555.11万,-1577.70万,1.55亿
5150,300204,舒泰神,30.94,-4.48%,8.98%,6.43亿,6.21亿,2162.58万,12.65亿
5151,300901,中胤时尚,14.39,-4.51%,2.56%,4751.42万,4224.76万,526.66万,8977.02万
5152,950,重药控股,6.06,-4.57%,4.09%,1.58亿,2.71亿,-1.13亿,4.30亿
5153,600696,*ST岩石,1.03,-4.63%,0.79%,191.08万,82.05万,109.03万,273.14万
5154,603021,ST华鹏,8.17,-4.67%,4.00%,4715.84万,5895.65万,-1179.81万,1.06亿
5155,586,汇源通信,20.78,-4.68%,16.58%,2.94亿,3.66亿,-7237.15万,6.60亿
5156,669,ST金鸿,4.41,-4.75%,2.88%,2476.72万,6272.09万,-3795.37万,8749.60万
5157,600869,远东股份,14.63,-4.88%,3.40%,5.17亿,5.67亿,-4908.12万,10.84亿
5158,603429,*ST集友,9.42,-5.04%,1.21%,3283.58万,2784.58万,499.00万,6068.25万
5159,600636,*ST国化,6.41,-5.04%,8.70%,1.77亿,6882.05万,1.08亿,2.46亿
5160,600082,ST海泰,3.0,-5.06%,0.78%,1376.46万,0.00,1376.46万,1487.94万
5161,603355,莱克电气,27.41,-5.09%,0.73%,4598.30万,7006.72万,-2408.42万,1.16亿
5162,688813,泰金新能,66.14,-5.12%,20.31%,1.72亿,2.36亿,-6354.48万,4.08亿
5163,688811,有研复材,18.78,-5.15%,27.99%,1.86亿,3.03亿,-1.17亿,4.90亿
5164,600713,南京医药,6.07,-5.16%,5.04%,1.63亿,2.33亿,-7019.19万,3.96亿
5165,300749,顶固集创,24.89,-5.29%,7.69%,1.63亿,1.43亿,1983.92万,3.06亿
5166,600605,汇通能源,30.61,-5.32%,4.01%,1.07亿,1.47亿,-4048.12万,2.54亿
5167,301017,漱玉平民,15.39,-5.47%,6.78%,1.16亿,1.54亿,-3870.03万,2.70亿
5168,2321,华英农业,2.24,-5.49%,2.95%,5190.89万,8885.33万,-3694.44万,1.41亿
5169,688796,百奥赛图,101.23,-5.70%,4.32%,5245.68万,1.08亿,-5516.81万,1.60亿
5170,2083,孚日股份,12.33,-5.73%,8.11%,4.04亿,5.50亿,-1.47亿,9.54亿
5171,605507,国邦医药,24.36,-5.80%,1.39%,7940.65万,1.10亿,-3081.74万,1.90亿
5172,603122,合富中国,16.84,-5.97%,7.70%,2.19亿,2.99亿,-7911.88万,5.18亿
5173,157,中联重科,8.16,-5.99%,2.33%,5.54亿,8.10亿,-2.56亿,13.64亿
5174,688519,南亚新材,153.0,-6.12%,2.51%,3.74亿,5.33亿,-1.59亿,9.07亿
5175,600513,联环药业,22.28,-6.19%,8.03%,2.08亿,3.07亿,-9815.19万,5.15亿
5176,300436,广生堂,116.92,-6.46%,6.20%,4.42亿,5.60亿,-1.18亿,10.02亿
5177,688805,健信超导,53.12,-6.68%,19.70%,1.30亿,2.03亿,-7276.13万,3.33亿
5178,300967,晓鸣股份,18.44,-6.87%,8.75%,8511.91万,1.16亿,-3044.20万,2.01亿
5179,301197,工大科雅,26.68,-7.20%,6.12%,8092.36万,9926.30万,-1833.93万,1.80亿
5180,600488,津药药业,6.33,-7.46%,12.79%,4.15亿,4.76亿,-6102.50万,8.91亿
5181,603216,梦天家居,30.69,-7.48%,3.21%,1.12亿,1.10亿,241.41万,2.22亿
5182,2980,华盛昌,65.2,-7.57%,22.00%,6.79亿,8.05亿,-1.25亿,14.84亿
5183,600743,华远控股,2.66,-7.96%,11.88%,3.51亿,4.11亿,-6058.85万,7.62亿
5184,600396,华电辽能,7.38,-8.32%,11.95%,6.11亿,6.93亿,-8110.31万,13.04亿
5185,1299,美能能源,15.29,-8.39%,10.68%,1.54亿,2.03亿,-4922.37万,3.57亿
5186,301189,奥尼电子,79.13,-8.40%,13.33%,6.60亿,6.02亿,5793.10万,12.62亿
5187,2124,天邦食品,2.85,-9.24%,18.63%,3.93亿,6.74亿,-2.81亿,10.67亿
5188,2294,信立泰,60.61,-9.90%,1.63%,5.19亿,6.10亿,-9087.42万,11.29亿
5189,2634,棒杰股份,6.04,-9.99%,15.06%,2.79亿,1.28亿,1.50亿,4.07亿
5190,300433,蓝思科技,25.83,-12.71%,3.66%,24.01亿,22.70亿,1.31亿,46.72亿
5191,300777,中简科技,31.66,-12.93%,8.27%,5.32亿,5.81亿,-4915.63万,11.12亿
