序号,股票代码,股票简称,最新价,涨跌幅,换手率,流入资金,流出资金,净额,成交额
1,301666,大普微,228.51,395.90%,64.47%,22.15亿,14.86亿,7.28亿,37.16亿
2,603293,埃泰克,72.64,116.90%,48.02%,5.67亿,6.87亿,-1.19亿,12.60亿
3,300027,华谊兄弟,2.09,20.11%,13.12%,1.40亿,5.38亿,-3.99亿,6.79亿
4,300798,锦鸡股份,13.42,20.04%,19.57%,5.37亿,3.67亿,1.69亿,9.05亿
5,301603,乔锋智能,90.41,20.00%,29.33%,5.76亿,3.77亿,1.98亿,9.53亿
6,688668,鼎通科技,207.23,20.00%,9.12%,13.94亿,10.91亿,3.03亿,24.90亿
7,300905,宝丽迪,46.32,20.00%,6.74%,1.47亿,2.78亿,-1.32亿,4.26亿
8,300088,长信科技,8.11,19.09%,20.26%,23.86亿,12.60亿,11.26亿,38.26亿
9,301148,嘉戎技术,59.48,18.51%,9.39%,1.86亿,1.27亿,5924.96万,3.14亿
10,301396,宏景科技,282.2,17.01%,13.57%,14.86亿,13.07亿,1.79亿,28.04亿
11,301382,蜂助手,40.55,15.86%,24.48%,10.00亿,7.25亿,2.75亿,17.27亿
12,688287,*ST观典,2.22,13.27%,13.11%,4748.89万,6046.67万,-1297.78万,1.08亿
13,300390,天华新能,87.05,13.15%,12.48%,39.79亿,29.63亿,10.16亿,69.52亿
14,301282,金禄电子,44.5,12.66%,17.00%,4.37亿,3.73亿,6446.76万,8.31亿
15,300911,亿田智能,36.48,11.05%,5.24%,1.74亿,1.39亿,3462.06万,3.17亿
16,300351,永贵电器,17.72,10.75%,10.82%,3.16亿,1.70亿,1.45亿,4.88亿
17,301369,联动科技,172.55,10.39%,5.67%,1.86亿,1.62亿,2342.19万,3.50亿
18,300209,行云科技,13.96,10.36%,17.41%,10.18亿,6.61亿,3.57亿,16.87亿
19,600156,华升股份,8.42,10.07%,4.23%,5665.48万,8113.63万,-2448.16万,1.38亿
20,571,新大洲A,5.69,10.06%,3.19%,8451.89万,5775.14万,2676.75万,1.42亿
21,782,恒申新材,5.81,10.04%,3.63%,5283.49万,5597.81万,-314.32万,1.09亿
22,600961,株冶集团,20.08,10.03%,3.39%,2.02亿,3.01亿,-9968.86万,5.03亿
23,2726,龙大美食,3.62,10.03%,3.93%,1818.46万,1.35亿,-1.17亿,1.53亿
24,2613,北玻股份,4.17,10.03%,10.20%,2.02亿,1.19亿,8329.96万,3.21亿
25,603826,坤彩科技,34.16,10.02%,2.75%,2.87亿,3.20亿,-3275.22万,6.07亿
26,967,盈峰环境,13.07,10.02%,4.78%,8.98亿,10.36亿,-1.39亿,19.36亿
27,70,特发信息,20.77,10.01%,14.36%,15.41亿,9.41亿,6.00亿,25.20亿
28,1203,大中矿业,46.39,10.01%,1.37%,3.91亿,4.20亿,-2974.59万,8.12亿
29,2875,安奈儿,20.99,10.01%,4.67%,8721.78万,8198.79万,522.99万,1.71亿
30,2213,大为股份,38.34,10.01%,20.21%,7.24亿,8.06亿,-8193.70万,15.30亿
31,603906,龙蟠科技,25.05,10.01%,3.83%,1.63亿,3.74亿,-2.10亿,5.38亿
32,603322,超讯通信,36.26,10.01%,11.27%,2.72亿,3.58亿,-8669.06万,6.30亿
33,2940,昂利康,35.6,10.01%,10.06%,3.21亿,3.22亿,-89.90万,6.45亿
34,2580,圣阳股份,27.8,10.01%,14.41%,8.24亿,9.54亿,-1.30亿,17.79亿
35,2468,申通快递,18.03,10.01%,8.13%,9.63亿,11.79亿,-2.16亿,21.43亿
36,1268,联合精密,31.34,10.00%,4.13%,3196.18万,4791.54万,-1595.35万,7997.43万
37,815,美利云,22.21,10.00%,10.52%,7.14亿,8.77亿,-1.62亿,15.94亿
38,3041,真爱美家,57.97,10.00%,3.64%,1.64亿,1.16亿,4771.35万,2.80亿
39,2263,大东南,5.17,10.00%,13.23%,2.42亿,10.31亿,-7.89亿,12.73亿
40,605060,联德股份,58.95,10.00%,3.50%,2.39亿,2.40亿,-73.90万,4.80亿
41,603052,可川科技,75.77,10.00%,3.32%,2.28亿,2.31亿,-327.93万,4.59亿
42,1230,劲旅环境,27.72,10.00%,6.48%,7189.41万,6487.96万,701.45万,1.37亿
43,605287,德才股份,46.98,10.00%,3.54%,1.20亿,1.06亿,1383.69万,2.27亿
44,2990,盛视科技,46.32,10.00%,13.89%,4.00亿,4.46亿,-4605.41万,8.46亿
45,603985,恒润股份,24.54,10.00%,12.22%,6.94亿,5.79亿,1.15亿,12.74亿
46,603920,世运电路,58.86,10.00%,1.72%,0.00,7.29亿,-7.29亿,7.30亿
47,603897,长城科技,50.6,10.00%,5.35%,2.23亿,3.30亿,-1.07亿,5.53亿
48,600507,方大特钢,6.05,10.00%,3.24%,2.65亿,1.72亿,9220.52万,4.41亿
49,2850,科达利,205.59,10.00%,2.32%,5.08亿,4.14亿,9375.66万,9.22亿
50,2771,真视通,18.37,10.00%,11.94%,1.30亿,2.49亿,-1.19亿,3.78亿
51,2850,科达利,205.59,10.00%,2.32%,5.08亿,4.14亿,9375.66万,9.22亿
52,2771,真视通,18.37,10.00%,11.94%,1.30亿,2.49亿,-1.19亿,3.78亿
53,657,中钨高新,51.9,10.00%,8.19%,31.45亿,26.80亿,4.66亿,58.36亿
54,603315,福鞍股份,16.84,9.99%,9.60%,3.04亿,1.98亿,1.05亿,5.04亿
55,600683,京投发展,10.9,9.99%,3.19%,9034.36万,1.64亿,-7398.17万,2.55亿
56,2802,洪汇新材,14.87,9.99%,7.21%,7009.25万,8495.48万,-1486.23万,1.55亿
57,2757,南兴股份,22.79,9.99%,9.35%,3.36亿,2.45亿,9084.09万,5.82亿
58,2297,博云新材,16.08,9.99%,22.17%,1.61亿,18.82亿,-17.21亿,20.42亿
59,605166,聚合顺,11.13,9.98%,3.73%,6686.44万,5872.99万,813.44万,1.26亿
60,600768,宁波富邦,17.52,9.98%,7.83%,8573.40万,9528.38万,-954.98万,1.81亿
61,603687,大胜达,19.84,9.98%,7.87%,4.83亿,3.61亿,1.22亿,8.44亿
62,2062,宏润建设,8.05,9.97%,2.31%,9366.95万,1.09亿,-1522.30万,2.03亿
63,605388,均瑶健康,8.06,9.96%,9.32%,1.67亿,2.66亿,-9921.37万,4.33亿
64,600666,奥瑞德,6.85,9.95%,22.08%,21.30亿,15.07亿,6.23亿,36.38亿
65,570,苏常柴A,6.74,9.95%,10.56%,1.98亿,1.82亿,1566.20万,3.80亿
66,546,金圆股份,7.08,9.94%,8.15%,2.00亿,1.88亿,1155.37万,3.89亿
67,300438,鹏辉能源,69.11,9.89%,12.59%,18.94亿,14.70亿,4.24亿,33.74亿
68,2491,通鼎互联,15.6,9.86%,13.52%,13.90亿,8.49亿,5.41亿,23.57亿
69,2421,达实智能,2.9,9.85%,5.78%,1.69亿,1.60亿,885.23万,3.30亿
70,688556,高测股份,14.55,9.56%,6.50%,5.03亿,2.45亿,2.58亿,7.59亿
71,2008,大族激光,86.24,9.46%,3.02%,13.30亿,10.50亿,2.81亿,24.35亿
72,300853,申昊科技,22.96,9.07%,6.07%,8052.97万,5148.39万,2904.58万,1.33亿
73,300936,中英科技,72.2,9.06%,10.71%,1.91亿,1.60亿,3079.95万,3.53亿
74,301636,泽润新能,77.3,8.89%,29.85%,1.77亿,1.81亿,-410.87万,3.59亿
75,600875,东方电气,41.57,8.77%,4.70%,25.53亿,17.71亿,7.83亿,43.38亿
76,300322,硕贝德,31.5,8.62%,14.38%,11.69亿,7.38亿,4.31亿,19.19亿
77,688479,友车科技,35.32,8.61%,5.49%,6853.41万,5102.70万,1750.71万,1.20亿
78,301123,奕东电子,67.69,8.56%,7.22%,4.59亿,2.94亿,1.65亿,7.77亿
79,301012,扬电科技,32.75,8.52%,8.82%,3.52亿,1.92亿,1.60亿,5.53亿
80,300857,协创数据,304.01,8.31%,5.94%,31.32亿,29.36亿,1.96亿,61.01亿
81,300137,先河环保,16.33,8.29%,10.62%,5.05亿,3.91亿,1.13亿,8.98亿
82,688258,卓易信息,115.29,8.25%,3.67%,3.10亿,1.91亿,1.19亿,5.04亿
83,300696,爱乐达,34.16,8.24%,4.60%,2.36亿,1.73亿,6280.48万,4.15亿
84,688227,品高股份,76.16,8.20%,3.85%,1.83亿,1.41亿,4179.11万,3.26亿
85,601778,晶科科技,6.54,8.10%,14.76%,19.66亿,14.36亿,5.30亿,34.28亿
86,301004,嘉益股份,51.54,8.05%,1.28%,5526.98万,3213.97万,2313.01万,8814.26万
87,300840,酷特智能,20.01,8.05%,8.28%,1.69亿,1.20亿,4845.85万,2.90亿
88,301283,聚胶股份,49.87,8.04%,3.51%,6125.46万,4566.68万,1558.78万,1.08亿
89,688590,新致软件,15.18,8.04%,5.24%,1.27亿,8517.75万,4144.08万,2.20亿
90,300410,正业科技,9.7,8.02%,11.29%,2.18亿,1.71亿,4729.18万,3.93亿
91,301157,华塑科技,79.71,7.96%,25.31%,2.01亿,2.06亿,-519.51万,4.09亿
92,300604,长川科技,152.37,7.90%,3.61%,15.51亿,10.10亿,5.42亿,26.19亿
93,600749,西藏旅游,19.53,7.78%,12.60%,3.14亿,2.24亿,8993.53万,5.40亿
94,600382,广东明珠,10.05,7.72%,3.82%,1.66亿,8514.09万,8083.54万,2.56亿
95,534,万泽股份,44.88,7.55%,4.04%,5.07亿,3.76亿,1.31亿,8.86亿
96,603129,春风动力,273.91,7.47%,2.54%,6.37亿,3.92亿,2.45亿,10.31亿
97,300502,新易盛,533.84,7.42%,2.99%,77.57亿,57.78亿,19.79亿,136.49亿
98,600673,东阳光,35.87,7.40%,1.98%,12.74亿,7.93亿,4.80亿,20.78亿
99,301345,涛涛车业,238.1,7.38%,6.00%,2.94亿,1.99亿,9413.30万,4.97亿
100,603032,德新科技,21.62,7.35%,9.89%,2.43亿,2.44亿,-79.03万,4.87亿
101,2042,华孚时尚,5.05,7.22%,5.16%,2.64亿,1.57亿,1.07亿,4.28亿
102,600184,光电股份,21.75,7.20%,5.54%,3.85亿,2.71亿,1.14亿,6.87亿
103,2595,豪迈科技,86.76,7.20%,0.55%,2.24亿,1.52亿,7235.32万,3.78亿
104,300069,金利华电,23.8,7.16%,10.58%,1.77亿,1.09亿,6818.73万,2.87亿
105,688025,杰普特,291.0,7.15%,3.51%,5.05亿,3.59亿,1.46亿,9.19亿
106,300385,ST雪浪,14.7,7.14%,7.01%,1.69亿,1.22亿,4712.65万,2.92亿
107,300052,中青宝,13.99,7.12%,15.89%,3.17亿,2.47亿,6999.34万,5.68亿
108,301128,强瑞技术,190.51,7.11%,6.54%,6.13亿,5.25亿,8746.62万,11.40亿
109,688159,有方科技,45.8,7.08%,3.76%,9458.28万,5970.40万,3487.88万,1.56亿
110,600549,厦门钨业,60.23,7.08%,3.78%,19.93亿,13.94亿,5.99亿,34.21亿
111,2240,盛新锂能,49.51,7.00%,7.49%,17.41亿,16.45亿,9595.40万,33.96亿
112,603601,再升科技,15.32,6.98%,18.20%,17.15亿,13.71亿,3.44亿,30.97亿
113,300276,三丰智能,7.37,6.97%,4.90%,2.18亿,1.60亿,5794.36万,3.79亿
114,2842,翔鹭钨业,33.88,6.94%,12.69%,6.56亿,4.37亿,2.19亿,11.09亿
115,301360,荣旗科技,80.17,6.89%,9.63%,1.24亿,6886.54万,5485.98万,1.94亿
116,2943,宇晶股份,57.21,6.85%,14.08%,6.18亿,5.23亿,9478.40万,11.49亿
117,301321,翰博高新,23.6,6.79%,3.77%,7685.18万,5111.19万,2573.99万,1.29亿
118,300953,震裕科技,201.6,6.76%,6.96%,9.85亿,7.52亿,2.33亿,17.40亿
119,300277,汽轮科技,19.89,6.76%,5.05%,4.87亿,2.70亿,2.17亿,7.58亿
120,600986,浙文互联,10.91,6.75%,14.84%,13.55亿,10.31亿,3.24亿,23.98亿
121,301086,鸿富瀚,156.43,6.73%,4.15%,1.69亿,1.24亿,4528.47万,2.96亿
122,603358,华达科技,34.79,6.69%,2.78%,2.47亿,1.86亿,6048.40万,4.35亿
123,603698,航天工程,42.17,6.68%,9.88%,10.38亿,11.37亿,-9922.70万,21.79亿
124,605178,时空科技,86.39,6.64%,3.19%,1.40亿,1.20亿,2033.92万,2.65亿
125,2328,新朋股份,13.33,6.64%,23.64%,9.41亿,8.26亿,1.14亿,17.71亿
126,300394,天孚通信,352.4,6.57%,3.80%,60.02亿,39.73亿,20.29亿,100.27亿
127,2733,雄韬股份,32.14,6.56%,8.02%,5.55亿,3.67亿,1.88亿,9.29亿
128,2132,恒星科技,4.42,6.51%,12.96%,4.24亿,3.80亿,4381.16万,8.08亿
129,300928,华安鑫创,30.55,6.45%,5.12%,4433.06万,3846.83万,586.23万,8347.89万
130,688382,益方生物,22.63,6.39%,3.87%,2.80亿,2.06亿,7356.42万,4.97亿
131,603115,海星股份,47.32,6.34%,2.62%,1.63亿,1.21亿,4215.99万,2.90亿
132,636,风华高科,22.37,6.32%,5.38%,8.72亿,4.59亿,4.13亿,13.59亿
133,300738,奥飞数据,24.87,6.28%,8.09%,11.96亿,7.36亿,4.59亿,19.46亿
134,600186,莲花控股,8.17,6.24%,13.56%,11.02亿,7.96亿,3.07亿,19.17亿
135,605198,安德利,46.93,6.22%,1.07%,8032.64万,5092.24万,2940.40万,1.33亿
136,300657,弘信电子,34.82,6.16%,6.64%,6.54亿,3.90亿,2.64亿,10.61亿
137,300478,杭州高新,26.74,6.15%,3.43%,7246.74万,4115.28万,3131.46万,1.14亿
138,603206,嘉环科技,17.52,6.12%,4.88%,1.34亿,1.28亿,669.13万,2.63亿
139,688719,爱科赛博,53.05,6.10%,4.03%,1.05亿,8074.18万,2384.59万,1.88亿
140,300751,迈为股份,236.74,6.08%,4.96%,12.34亿,9.01亿,3.34亿,21.92亿
141,300442,润泽科技,95.73,6.06%,3.09%,29.61亿,17.47亿,12.14亿,47.34亿
142,688486,龙迅股份,68.33,6.04%,2.15%,1.05亿,8883.05万,1576.64万,1.94亿
143,2859,洁美科技,44.66,6.03%,1.45%,1.56亿,9863.79万,5731.23万,2.56亿
144,300895,铜牛信息,63.76,6.02%,8.95%,4.69亿,2.99亿,1.70亿,7.77亿
145,593,德龙汇能,17.66,6.00%,4.79%,1.70亿,1.26亿,4492.03万,2.99亿
146,603308,应流股份,68.88,5.95%,2.66%,7.12亿,4.93亿,2.20亿,12.11亿
147,688,国城矿业,46.06,5.93%,1.77%,5.44亿,4.20亿,1.24亿,9.67亿
148,301222,浙江恒威,38.69,5.91%,5.03%,8615.89万,6087.68万,2528.20万,1.53亿
149,300163,先锋新材,4.85,5.90%,5.12%,7375.58万,3421.99万,3953.59万,1.10亿
150,603399,永杉锂业,12.76,5.89%,13.88%,4.26亿,4.83亿,-5734.65万,9.12亿
151,300163,先锋新材,4.85,5.90%,5.12%,7375.58万,3421.99万,3953.59万,1.10亿
152,603399,永杉锂业,12.76,5.89%,13.88%,4.26亿,4.83亿,-5734.65万,9.12亿
153,603458,勘设股份,12.07,5.88%,4.52%,9741.55万,6463.99万,3277.56万,1.62亿
154,600251,冠农股份,11.54,5.87%,1.50%,8316.85万,4757.95万,3558.90万,1.32亿
155,2378,章源钨业,31.9,5.84%,4.54%,9.66亿,7.02亿,2.64亿,16.90亿
156,688486,龙迅股份,68.2,5.83%,2.23%,1.06亿,9453.28万,1181.82万,2.02亿
157,688027,国盾量子,611.66,5.82%,4.49%,12.48亿,9.42亿,3.05亿,21.97亿
158,688146,中船特气,63.63,5.80%,9.36%,4.71亿,3.80亿,9100.16万,8.53亿
159,2703,浙江世宝,20.45,5.79%,8.90%,5.98亿,4.57亿,1.41亿,10.58亿
160,301068,大地海洋,33.7,5.78%,1.11%,1845.24万,1774.55万,70.69万,3677.48万
161,600176,中国巨石,32.89,5.76%,3.20%,21.89亿,20.10亿,1.79亿,42.21亿
162,2469,三维化学,8.83,5.75%,3.44%,1.16亿,7237.57万,4381.46万,1.89亿
163,2899,英派斯,32.92,5.72%,2.68%,8020.66万,4730.19万,3290.48万,1.29亿
164,2738,中矿资源,85.18,5.72%,3.78%,14.10亿,8.41亿,5.68亿,22.81亿
165,600126,杭钢股份,10.07,5.67%,5.29%,10.17亿,7.28亿,2.89亿,17.62亿
166,301285,鸿日达,97.65,5.66%,1.91%,2.23亿,1.64亿,5939.54万,3.90亿
167,600105,永鼎股份,39.66,5.65%,10.51%,34.35亿,24.64亿,9.72亿,59.40亿
168,301178,天亿马,55.19,5.63%,6.38%,9609.57万,7805.37万,1804.20万,1.75亿
169,688006,杭可科技,31.0,5.62%,3.10%,3.38亿,2.35亿,1.04亿,5.75亿
170,688677,海泰新光,73.5,5.60%,4.68%,2.18亿,1.83亿,3469.23万,4.06亿
171,300316,晶盛机电,45.86,5.60%,2.86%,8.84亿,6.51亿,2.32亿,15.50亿
172,1367,海森药业,27.37,5.59%,5.39%,9844.01万,7584.22万,2259.79万,1.76亿
173,1223,欧克科技,54.88,5.58%,1.27%,3784.12万,2535.59万,1248.54万,6371.22万
174,300687,赛意信息,20.04,5.58%,3.14%,1.14亿,8545.54万,2816.51万,2.03亿
175,300383,光环新网,18.84,5.55%,7.82%,15.44亿,10.51亿,4.93亿,26.15亿
176,688356,键凯科技,109.6,5.54%,1.80%,6689.62万,4365.47万,2324.16万,1.17亿
177,600476,湘邮科技,11.63,5.54%,2.23%,1701.35万,1335.27万,366.08万,4157.26万
178,2805,丰元股份,18.58,5.51%,14.52%,3.39亿,4.20亿,-8089.48万,7.60亿
179,688158,优刻得,48.3,5.50%,9.24%,9.92亿,7.95亿,1.97亿,17.94亿
180,300870,欧陆通,356.56,5.49%,3.04%,6.46亿,5.31亿,1.15亿,11.84亿
181,688003,天准科技,73.0,5.49%,2.14%,1.50亿,1.54亿,-462.87万,3.06亿
182,688802,沐曦股份,717.0,5.46%,17.73%,12.35亿,10.11亿,2.24亿,22.66亿
183,300986,志特新材,25.09,5.46%,9.13%,5.59亿,3.69亿,1.91亿,9.35亿
184,600094,大名城,4.86,5.42%,1.57%,8593.10万,6674.64万,1918.46万,1.57亿
185,688279,峰岹科技,180.67,5.41%,1.93%,1.67亿,1.56亿,1101.66万,3.24亿
186,2798,帝欧水华,7.03,5.40%,8.72%,1.53亿,1.36亿,1788.85万,2.91亿
187,2575,群兴玩具,6.86,5.38%,12.22%,2.90亿,1.91亿,9852.56万,4.83亿
188,300058,蓝色光标,17.31,5.36%,12.45%,39.77亿,34.85亿,4.92亿,74.98亿
189,688692,达梦数据,247.13,5.34%,1.93%,2.04亿,1.41亿,6333.22万,3.47亿
190,603685,晨丰科技,30.85,5.33%,1.45%,4583.84万,3600.58万,983.26万,8805.96万
191,600338,西藏珠峰,20.0,5.32%,8.38%,9.45亿,5.76亿,3.69亿,15.29亿
192,300767,震安科技,23.37,5.27%,4.83%,1.68亿,9984.69万,6844.85万,2.69亿
193,301091,深城交,22.65,5.25%,0.92%,4100.74万,3557.67万,543.07万,1.12亿
194,301489,思泉新材,208.89,5.23%,6.46%,3.81亿,2.49亿,1.32亿,6.34亿
195,603488,展鹏科技,11.47,5.23%,4.21%,7509.06万,6366.00万,1143.05万,1.39亿
196,762,西藏矿业,35.5,5.22%,9.19%,9.12亿,7.75亿,1.37亿,17.03亿
197,301139,元道通信,18.97,5.21%,10.80%,8831.66万,6428.53万,2403.13万,1.54亿
198,2838,道恩股份,28.26,5.21%,1.36%,9370.00万,6517.66万,2852.34万,1.59亿
199,688135,利扬芯片,35.82,5.17%,8.55%,3.89亿,3.17亿,7261.64万,7.08亿
200,600482,中国动力,38.83,5.17%,1.35%,6.76亿,4.68亿,2.09亿,11.68亿
201,688678,福立旺,27.7,5.16%,5.20%,2.39亿,1.70亿,6881.41万,4.11亿
202,300679,电连技术,43.08,5.15%,4.58%,3.89亿,2.83亿,1.06亿,6.87亿
203,600356,恒丰纸业,9.63,5.13%,5.21%,8333.61万,6563.43万,1770.18万,1.50亿
204,600433,冠豪高新,3.71,5.10%,3.60%,1.30亿,1.04亿,2558.79万,2.35亿
205,688182,灿勤科技,30.8,5.08%,1.27%,8399.78万,6979.57万,1420.21万,1.55亿
206,301061,匠心家居,74.21,5.08%,0.81%,4983.95万,3600.89万,1383.06万,8608.16万
207,1358,兴欣新材,27.15,5.07%,3.10%,2545.54万,1586.69万,958.85万,4143.36万
208,2209,达意隆,15.76,5.07%,3.11%,4909.83万,2542.89万,2366.94万,7492.78万
209,2762,*ST金比,7.88,5.07%,4.18%,2491.49万,4418.47万,-1926.98万,6916.43万
210,609,ST中迪,9.77,5.05%,1.03%,1228.23万,1673.59万,-445.36万,2903.39万
211,300491,通合科技,26.75,5.03%,4.54%,1.06亿,7580.60万,3040.54万,1.87亿
212,1234,泰慕士,28.23,5.02%,2.71%,4103.93万,2834.59万,1269.33万,6969.28万
213,603300,海南华铁,7.11,5.02%,3.88%,3.83亿,1.56亿,2.27亿,5.42亿
214,1300,三柏硕,17.82,5.01%,4.28%,9306.57万,9336.92万,-30.35万,1.87亿
215,603138,海量数据,21.37,5.01%,3.68%,1.30亿,9030.87万,4002.90万,2.23亿
216,603268,*ST松发,121.22,5.00%,1.73%,2.45亿,2.39亿,534.07万,4.84亿
217,300418,昆仑万维,52.27,4.98%,4.40%,18.15亿,10.38亿,7.77亿,28.67亿
218,600397,江钨装备,14.83,4.95%,3.59%,2.91亿,2.17亿,7349.79万,5.18亿
219,605081,*ST太和,7.23,4.93%,0.87%,0.00,711.58万,-711.58万,714.61万
220,688507,索辰科技,91.73,4.92%,3.81%,9856.99万,7150.34万,2706.65万,1.71亿
221,4,*ST国华,3.64,4.90%,0.51%,0.00,232.67万,-232.67万,233.62万
222,688200,华峰测控,300.0,4.90%,1.12%,2.50亿,1.90亿,6041.47万,4.46亿
223,600300,维维股份,3.64,4.90%,3.83%,1.43亿,8006.87万,6257.76万,2.23亿
224,3023,彩虹集团,27.62,4.86%,3.38%,5825.15万,3675.50万,2149.65万,9725.60万
225,301106,骏成科技,29.77,4.82%,2.10%,3287.46万,2954.70万,332.76万,6278.72万
226,300684,中石科技,56.77,4.82%,4.57%,2.94亿,1.77亿,1.17亿,5.18亿
227,2511,中顺洁柔,8.7,4.82%,1.91%,1.30亿,7501.86万,5517.47万,2.07亿
228,688301,奕瑞科技,111.68,4.77%,0.82%,1.14亿,7670.69万,3752.90万,1.91亿
229,300017,网宿科技,19.13,4.76%,9.05%,23.32亿,16.12亿,7.19亿,39.72亿
230,2353,杰瑞股份,114.67,4.74%,2.10%,8.99亿,7.47亿,1.52亿,16.53亿
231,2192,融捷股份,78.84,4.73%,10.59%,12.71亿,8.79亿,3.92亿,21.65亿
232,300559,佳发教育,15.37,4.70%,5.73%,1.54亿,1.13亿,4083.31万,2.68亿
233,155,川能动力,16.74,4.69%,4.38%,8.01亿,5.51亿,2.51亿,13.58亿
234,301419,阿莱德,46.58,4.67%,7.25%,1.48亿,1.10亿,3855.55万,2.62亿
235,601339,百隆东方,8.1,4.65%,1.18%,7768.76万,6314.28万,1454.49万,1.42亿
236,603139,康惠股份,30.95,4.63%,5.88%,9202.36万,8694.41万,507.95万,1.79亿
237,2663,普邦股份,2.26,4.63%,7.61%,9606.46万,1.23亿,-2716.78万,2.24亿
238,301085,亚康股份,67.42,4.62%,13.97%,2.59亿,2.98亿,-3906.76万,5.58亿
239,300938,信测标准,47.65,4.61%,3.99%,2.02亿,1.84亿,1854.60万,3.95亿
240,603496,恒为科技,30.19,4.61%,3.46%,2.08亿,1.18亿,9010.16万,3.28亿
241,300245,天玑科技,14.06,4.61%,7.26%,1.82亿,1.26亿,5557.37万,3.10亿
242,300912,凯龙高科,26.58,4.60%,8.13%,1.03亿,7933.17万,2325.72万,1.84亿
243,600331,宏达股份,16.37,4.60%,1.92%,3.55亿,2.34亿,1.21亿,6.34亿
244,300214,日科化学,7.73,4.60%,3.17%,5681.43万,4063.06万,1618.38万,9758.80万
245,601113,华鼎股份,4.56,4.59%,2.76%,7846.91万,6058.19万,1788.72万,1.40亿
246,301053,远信工业,59.39,4.58%,5.15%,1.34亿,1.28亿,658.37万,2.62亿
247,2929,润建股份,62.06,4.57%,6.77%,4.65亿,3.84亿,8090.88万,8.71亿
248,300656,民德电子,23.78,4.53%,3.58%,5891.05万,4957.11万,933.94万,1.12亿
249,688257,新锐股份,78.0,4.52%,2.55%,2.89亿,2.06亿,8344.84万,4.98亿
250,1339,智微智能,70.45,4.49%,6.18%,2.71亿,2.45亿,2662.88万,5.19亿
251,688257,新锐股份,78.0,4.52%,2.55%,2.89亿,2.06亿,8344.84万,4.98亿
252,1339,智微智能,70.45,4.49%,6.18%,2.71亿,2.45亿,2662.88万,5.19亿
253,301499,维科精密,35.21,4.48%,15.52%,1.11亿,7914.62万,3180.62万,1.90亿
254,688150,莱特光电,49.02,4.48%,1.72%,1.70亿,1.49亿,2151.55万,3.33亿
255,603067,振华股份,37.3,4.48%,3.43%,4.77亿,4.24亿,5310.81万,9.03亿
256,688237,超卓航科,58.06,4.46%,1.61%,5429.95万,2834.80万,2595.15万,8293.82万
257,700,模塑科技,11.97,4.45%,4.47%,2.79亿,2.10亿,6882.01万,4.91亿
258,688520,神州细胞,45.2,4.44%,1.07%,1.15亿,9426.12万,2059.29万,2.11亿
259,2015,协鑫能科,18.59,4.44%,8.25%,12.56亿,11.95亿,6090.40万,24.64亿
260,301248,杰创智能,60.3,4.42%,13.17%,4.61亿,4.33亿,2817.55万,8.99亿
261,2222,福晶科技,87.25,4.42%,3.79%,9.18亿,6.00亿,3.18亿,15.21亿
262,688503,聚和材料,96.56,4.40%,3.67%,4.51亿,2.20亿,2.31亿,7.02亿
263,2305,*ST南置,2.38,4.39%,1.83%,3891.74万,3375.67万,516.07万,7497.82万
264,300609,汇纳科技,37.83,4.39%,3.58%,9920.21万,6017.25万,3902.96万,1.61亿
265,300846,首都在线,31.22,4.38%,9.34%,6.65亿,4.59亿,2.06亿,11.32亿
266,300531,优博讯,20.0,4.38%,5.21%,1.85亿,1.33亿,5227.33万,3.19亿
267,600676,交运股份,7.89,4.37%,0.78%,3720.62万,2329.43万,1391.20万,6208.78万
268,300571,平治信息,36.36,4.36%,12.80%,2.70亿,2.62亿,851.26万,5.34亿
269,688449,联芸科技,48.51,4.35%,2.31%,1.65亿,1.45亿,1982.08万,3.23亿
270,300608,思特奇,13.18,4.35%,5.84%,1.16亿,1.04亿,1192.61万,2.20亿
271,300776,帝尔激光,83.91,4.34%,4.16%,3.61亿,2.17亿,1.44亿,5.79亿
272,2708,光洋股份,13.69,4.34%,4.70%,1.96亿,1.41亿,5440.09万,3.37亿
273,605376,博迁新材,111.41,4.33%,1.92%,3.15亿,2.30亿,8519.97万,5.49亿
274,605289,罗曼股份,132.04,4.29%,5.68%,4.05亿,3.97亿,774.92万,8.04亿
275,2197,证通电子,8.26,4.29%,4.14%,1.07亿,7158.14万,3589.56万,1.79亿
276,605090,九丰能源,41.5,4.27%,2.88%,4.55亿,3.62亿,9299.75万,8.29亿
277,605117,德业股份,142.09,4.25%,1.49%,10.55亿,8.15亿,2.40亿,18.86亿
278,2947,恒铭达,72.34,4.25%,5.22%,3.90亿,3.25亿,6479.34万,7.19亿
279,573,粤宏远A,4.91,4.25%,3.54%,6120.86万,4561.68万,1559.18万,1.08亿
280,688156,路德科技,25.67,4.22%,4.69%,8100.45万,3811.08万,4289.37万,1.20亿
281,600590,泰豪科技,14.82,4.22%,5.04%,3.82亿,2.35亿,1.46亿,6.21亿
282,301040,中环海陆,33.67,4.21%,5.87%,9435.13万,8749.74万,685.39万,1.84亿
283,603171,税友股份,55.93,4.21%,2.30%,2.71亿,2.49亿,2239.42万,5.22亿
284,300750,宁德时代,449.15,4.21%,1.04%,107.51亿,89.85亿,17.66亿,197.88亿
285,301313,凡拓数创,32.65,4.21%,3.38%,4350.19万,3788.63万,561.55万,8174.79万
286,603926,铁流股份,18.4,4.19%,2.12%,5257.80万,3433.84万,1823.96万,8832.44万
287,605303,园林股份,23.15,4.19%,3.43%,6574.88万,5201.14万,1373.74万,1.24亿
288,300693,盛弘股份,51.98,4.17%,5.28%,3.95亿,3.23亿,7209.65万,7.23亿
289,300816,艾可蓝,68.74,4.15%,2.54%,5357.30万,4256.95万,1100.35万,9662.38万
290,2556,辉隆股份,6.29,4.14%,2.36%,7308.83万,6436.86万,871.97万,1.38亿
291,688229,博睿数据,92.88,4.13%,3.76%,8694.00万,6569.19万,2124.80万,1.54亿
292,300153,科泰电源,27.97,4.13%,3.66%,1.93亿,1.29亿,6320.88万,3.23亿
293,301182,凯旺科技,69.6,4.13%,4.57%,1.53亿,1.49亿,334.42万,3.04亿
294,301428,世纪恒通,35.12,4.12%,8.11%,1.06亿,6486.96万,4108.00万,1.72亿
295,600773,西藏城投,21.19,4.08%,3.34%,3.69亿,2.94亿,7478.42万,6.70亿
296,603618,杭电股份,22.5,4.07%,7.80%,6.72亿,5.28亿,1.44亿,12.03亿
297,2865,钧达股份,75.93,4.07%,5.70%,5.31亿,4.08亿,1.23亿,9.51亿
298,603730,岱美股份,9.73,4.06%,0.74%,8583.20万,6621.87万,1961.33万,1.52亿
299,600538,国发股份,6.66,4.06%,1.92%,4980.19万,1556.40万,3423.79万,6605.40万
300,300467,迅游科技,31.82,4.05%,2.41%,5285.22万,4802.39万,482.83万,1.27亿
301,703,恒逸石化,15.97,4.04%,1.31%,4.02亿,3.76亿,2558.23万,7.84亿
302,2466,天齐锂业,64.29,4.03%,4.58%,24.95亿,18.49亿,6.46亿,43.59亿
303,573,粤宏远A,4.9,4.03%,3.38%,5818.58万,4407.44万,1411.14万,1.03亿
304,688595,芯海科技,34.17,4.02%,2.29%,5706.02万,5446.46万,259.55万,1.12亿
305,300866,安克创新,116.35,4.02%,1.86%,3.52亿,3.09亿,4321.74万,6.65亿
306,603185,弘元绿能,25.12,4.02%,2.42%,2.42亿,1.70亿,7196.20万,4.12亿
307,600078,澄星股份,13.5,4.01%,3.08%,1.37亿,1.09亿,2851.13万,2.73亿
308,600259,中稀有色,95.75,3.99%,3.16%,5.18亿,4.53亿,6551.14万,10.00亿
309,2624,完美世界,20.08,3.99%,2.63%,5.47亿,3.91亿,1.56亿,9.49亿
310,688270,臻镭科技,177.33,3.98%,6.78%,13.26亿,12.39亿,8650.20万,25.79亿
311,2961,瑞达期货,24.02,3.98%,2.17%,1.33亿,1.14亿,1894.46万,2.49亿
312,2235,安妮股份,9.66,3.98%,8.83%,2.84亿,1.90亿,9413.97万,4.75亿
313,301295,美硕科技,39.82,3.97%,8.19%,4846.79万,4619.02万,227.76万,9524.28万
314,2572,索菲亚,13.08,3.97%,1.63%,8478.62万,5198.68万,3279.94万,1.38亿
315,688290,景业智能,54.29,3.96%,0.69%,1657.12万,1515.97万,141.15万,3808.36万
316,688787,海天瑞声,135.2,3.96%,2.98%,1.58亿,8245.89万,7585.23万,2.43亿
317,605196,华通线缆,49.32,3.96%,1.72%,2.87亿,1.43亿,1.43亿,4.30亿
318,688365,光云科技,19.18,3.96%,2.42%,1.17亿,7627.72万,4055.04万,1.95亿
319,301395,仁信新材,12.88,3.95%,7.62%,7706.78万,4625.04万,3081.74万,1.24亿
320,600589,大位科技,11.58,3.95%,8.91%,8.30亿,5.97亿,2.33亿,14.97亿
321,300769,德方纳米,47.84,3.95%,7.77%,5.24亿,4.13亿,1.11亿,9.42亿
322,301003,江苏博云,53.92,3.95%,4.46%,1.15亿,6298.47万,5193.17万,1.80亿
323,2938,鹏鼎控股,61.76,3.94%,0.88%,7.32亿,4.69亿,2.63亿,12.44亿
324,300166,东方国信,17.21,3.93%,15.06%,13.57亿,9.73亿,3.84亿,23.38亿
325,603285,键邦股份,36.01,3.92%,11.06%,1.30亿,1.09亿,2069.31万,2.43亿
326,2229,鸿博股份,19.87,3.92%,15.71%,8.29亿,6.91亿,1.38亿,15.26亿
327,2589,瑞康医药,3.73,3.90%,22.56%,5.22亿,6.58亿,-1.36亿,11.81亿
328,301279,金道科技,28.72,3.87%,1.73%,2465.68万,2460.47万,5.21万,4982.45万
329,605189,富春染织,17.19,3.87%,6.12%,1.08亿,9540.78万,1304.11万,2.04亿
330,688548,广钢气体,24.78,3.86%,2.45%,2.48亿,1.67亿,8050.02万,4.17亿
331,301479,弘景光电,103.7,3.86%,5.66%,1.48亿,1.34亿,1428.18万,2.90亿
332,603682,锦和商管,7.27,3.86%,3.92%,7359.22万,5929.99万,1429.23万,1.33亿
333,2334,英威腾,8.9,3.85%,4.47%,1.73亿,1.14亿,5864.30万,2.89亿
334,603558,健盛集团,13.83,3.83%,2.09%,5023.00万,4735.93万,287.07万,9828.90万
335,300713,英可瑞,16.87,3.82%,3.07%,2539.31万,1943.88万,595.43万,4576.57万
336,300170,汉得信息,21.21,3.82%,4.81%,5.87亿,4.03亿,1.84亿,9.92亿
337,605598,上海港湾,53.09,3.81%,3.28%,2.17亿,2.06亿,1106.86万,4.26亿
338,600161,天坛生物,15.55,3.81%,0.76%,1.33亿,9359.52万,3968.74万,2.31亿
339,301322,绿通科技,35.5,3.80%,3.26%,7209.62万,3807.55万,3402.07万,1.11亿
340,688500,慧辰股份,49.93,3.80%,1.37%,3199.67万,1771.80万,1427.87万,4975.46万
341,688052,纳芯微,162.11,3.78%,1.39%,1.96亿,1.20亿,7589.33万,3.18亿
342,688127,蓝特光学,67.54,3.78%,1.28%,1.85亿,1.61亿,2412.07万,3.47亿
343,711,ST京蓝,3.85,3.77%,3.45%,1.72亿,1.36亿,3517.40万,3.10亿
344,300843,胜蓝股份,66.98,3.75%,3.62%,2.00亿,1.88亿,1123.87万,3.92亿
345,603301,振德医疗,88.77,3.75%,0.86%,1.24亿,7524.13万,4877.78万,2.06亿
346,603933,睿能科技,23.53,3.75%,4.44%,1.15亿,9361.93万,2153.20万,2.13亿
347,1256,炜冈科技,24.39,3.74%,1.48%,2321.88万,1174.21万,1147.67万,3781.08万
348,300264,佳创视讯,8.6,3.74%,3.22%,6043.44万,4100.68万,1942.76万,1.02亿
349,1311,多利科技,32.56,3.73%,2.45%,6057.97万,4779.74万,1278.23万,1.09亿
350,300159,*ST新研,3.36,3.70%,2.29%,9371.25万,4659.89万,4711.36万,1.41亿
351,300364,中文在线,28.46,3.68%,6.67%,7.63亿,4.83亿,2.80亿,12.49亿
352,688615,合合信息,185.26,3.67%,3.94%,3.77亿,3.23亿,5382.89万,7.03亿
353,2497,雅化集团,27.1,3.67%,4.55%,7.20亿,5.81亿,1.39亿,13.07亿
354,2467,二六三,7.91,3.67%,14.75%,9.58亿,6.34亿,3.24亿,15.98亿
355,603887,城地香江,17.0,3.66%,2.84%,1.88亿,9615.17万,9181.69万,2.85亿
356,301328,维峰电子,56.82,3.65%,1.44%,4685.85万,4093.46万,592.38万,8831.04万
357,603889,新澳股份,9.09,3.65%,2.18%,7307.80万,6816.44万,491.36万,1.42亿
358,603124,江南新材,124.9,3.64%,1.30%,7591.96万,4608.64万,2983.32万,1.23亿
359,300969,恒帅股份,130.33,3.64%,3.72%,1.30亿,1.17亿,1223.40万,2.47亿
360,2443,金洲管道,9.42,3.63%,3.59%,1.13亿,6058.54万,5269.17万,1.74亿
361,2333,罗普斯金,6.02,3.61%,2.30%,4637.48万,3651.02万,986.47万,9006.35万
362,600439,瑞贝卡,2.58,3.61%,2.61%,5000.41万,2506.61万,2493.80万,7636.95万
363,2995,天地在线,24.16,3.60%,9.95%,1.50亿,1.16亿,3352.60万,2.68亿
364,603703,盛洋科技,13.56,3.59%,1.75%,4953.38万,4513.54万,439.83万,9751.54万
365,688680,海优新材,51.47,3.58%,1.42%,4182.87万,2745.59万,1437.28万,7056.16万
366,300342,天银机电,56.15,3.58%,8.10%,10.67亿,8.07亿,2.60亿,18.84亿
367,603083,剑桥科技,130.3,3.58%,10.43%,19.07亿,17.09亿,1.98亿,36.30亿
368,688002,睿创微纳,125.3,3.56%,1.20%,3.91亿,2.95亿,9528.70万,6.93亿
369,603101,汇嘉时代,9.61,3.56%,3.63%,8747.01万,7252.43万,1494.58万,1.61亿
370,603061,金海通,238.0,3.55%,3.57%,3.52亿,3.74亿,-2210.27万,7.28亿
371,300210,森远股份,9.63,3.55%,2.85%,7243.87万,5749.08万,1494.80万,1.30亿
372,688449,联芸科技,48.13,3.53%,2.16%,1.60亿,1.41亿,1853.41万,3.02亿
373,600847,万里股份,13.77,3.53%,1.15%,1453.74万,937.50万,516.24万,2396.20万
374,300720,海川智能,59.27,3.53%,3.67%,2.02亿,1.69亿,3344.05万,3.74亿
375,938,紫光股份,28.45,3.53%,3.65%,17.37亿,11.97亿,5.40亿,29.47亿
376,2494,华斯股份,5.3,3.52%,4.26%,3553.37万,2842.90万,710.47万,6406.96万
377,688309,恒誉环保,74.89,3.51%,1.88%,6003.32万,4734.35万,1268.97万,1.09亿
378,933,神火股份,34.94,3.50%,1.41%,5.94亿,5.00亿,9338.77万,11.05亿
379,300517,海波重科,11.91,3.48%,2.82%,2561.00万,1626.09万,934.91万,4192.09万
380,301259,艾布鲁,34.01,3.47%,1.63%,3867.88万,1371.51万,2496.36万,5510.64万
381,2532,天山铝业,19.09,3.47%,1.09%,5.56亿,2.96亿,2.60亿,8.56亿
382,2245,蔚蓝锂芯,19.7,3.47%,6.01%,7.13亿,5.71亿,1.42亿,12.90亿
383,2108,沧州明珠,5.09,3.46%,4.07%,2.01亿,1.35亿,6533.14万,3.39亿
384,301373,凌玮科技,90.0,3.45%,13.61%,2.69亿,2.06亿,6300.15万,4.83亿
385,300393,中来股份,9.59,3.45%,3.65%,2.09亿,1.21亿,8762.04万,3.31亿
386,300099,尤洛卡,9.29,3.45%,3.20%,1.02亿,6814.16万,3373.23万,1.73亿
387,300710,万隆光电,30.36,3.44%,2.44%,3553.46万,1855.92万,1697.54万,5512.82万
388,688375,国博电子,126.7,3.43%,0.84%,3.29亿,2.91亿,3876.68万,6.26亿
389,688387,信科移动,17.47,3.43%,3.26%,6.22亿,5.08亿,1.13亿,11.36亿
390,300952,恒辉安防,38.33,3.43%,4.10%,8437.57万,7887.79万,549.77万,1.64亿
391,688208,道通科技,36.49,3.43%,1.02%,1.35亿,1.10亿,2481.43万,2.47亿
392,300736,百邦科技,20.5,3.43%,5.09%,6417.10万,6022.36万,394.74万,1.26亿
393,300520,科大国创,38.29,3.43%,7.31%,4.07亿,3.72亿,3464.84万,7.83亿
394,300536,农尚环境,8.17,3.42%,1.37%,2051.51万,1009.97万,1041.54万,3236.13万
395,603351,威尔药业,26.67,3.41%,0.75%,1523.69万,1163.72万,359.98万,2691.95万
396,2652,扬子新材,4.86,3.40%,2.13%,3019.97万,2223.43万,796.55万,5246.07万
397,603881,数据港,41.67,3.40%,7.02%,11.97亿,8.84亿,3.14亿,20.90亿
398,600602,云赛智联,24.71,3.39%,5.69%,8.34亿,6.58亿,1.76亿,14.99亿
399,688702,盛科通信,229.0,3.38%,1.78%,4.18亿,3.91亿,2743.72万,8.18亿
400,688339,亿华通,25.72,3.38%,1.76%,5255.30万,3408.47万,1846.84万,8774.83万
401,603220,中贝通信,30.01,3.38%,10.18%,7.22亿,5.79亿,1.43亿,13.06亿
402,688536,思瑞浦,196.39,3.36%,2.80%,4.20亿,3.18亿,1.02亿,7.40亿
403,2047,*ST宝鹰,5.56,3.35%,1.10%,5714.48万,3385.90万,2328.59万,9144.19万
404,603091,众鑫股份,79.25,3.34%,1.34%,1765.28万,1513.26万,252.02万,3292.04万
405,2154,报喜鸟,3.72,3.33%,3.41%,9399.07万,5605.44万,3793.63万,1.50亿
406,300921,南凌科技,26.41,3.33%,5.94%,1.11亿,6610.58万,4481.27万,1.79亿
407,603922,金鸿顺,19.89,3.32%,1.70%,3475.93万,2526.00万,949.93万,6016.24万
408,603383,顶点软件,32.68,3.32%,4.34%,1.46亿,1.47亿,-42.68万,2.93亿
409,2756,永兴材料,78.18,3.32%,3.13%,5.02亿,4.46亿,5569.18万,9.56亿
410,301002,崧盛股份,38.75,3.31%,3.22%,6019.97万,4652.95万,1367.01万,1.07亿
411,605098,行动教育,62.14,3.31%,3.25%,1.22亿,1.19亿,263.28万,2.43亿
412,600367,红星发展,20.9,3.31%,5.91%,2.44亿,1.46亿,9767.83万,3.94亿
413,2545,东方铁塔,22.44,3.31%,0.76%,1.03亿,7541.01万,2750.46万,1.91亿
414,2046,国机精工,49.97,3.31%,1.67%,2.31亿,1.98亿,3269.11万,4.39亿
415,688168,安博通,81.47,3.30%,1.09%,4232.01万,2543.03万,1688.98万,6792.98万
416,600719,大连热电,6.88,3.30%,1.96%,3105.66万,2188.91万,916.75万,5384.67万
417,679,大连友谊,6.9,3.29%,0.72%,1136.41万,569.18万,567.23万,1729.38万
418,2920,德赛西威,107.89,3.29%,1.33%,4.77亿,3.09亿,1.68亿,7.92亿
419,2355,兴民智通,6.3,3.28%,4.43%,1.01亿,7205.39万,2860.37万,1.73亿
420,615,*ST美谷,3.47,3.27%,0.65%,1239.85万,748.78万,491.07万,2054.20万
421,2125,湘潭电化,13.92,3.26%,3.26%,1.57亿,1.31亿,2630.64万,2.89亿
422,301319,唯特偶,57.0,3.26%,3.88%,1.18亿,8231.01万,3553.65万,2.03亿
423,1280,中国铀业,83.01,3.25%,5.59%,5.01亿,2.18亿,2.82亿,7.27亿
424,603110,东方材料,17.13,3.25%,2.98%,6239.25万,3475.03万,2764.22万,1.01亿
425,688031,星环科技,141.01,3.24%,2.58%,2.67亿,1.65亿,1.02亿,4.36亿
426,688180,君实生物,44.91,3.24%,2.66%,4.94亿,3.98亿,9608.47万,8.99亿
427,550,江铃汽车,19.11,3.24%,1.26%,7476.56万,4939.14万,2537.41万,1.25亿
428,1389,广合科技,131.99,3.23%,3.12%,3.59亿,2.58亿,1.01亿,6.22亿
429,688800,瑞可达,99.15,3.23%,2.65%,3.42亿,1.87亿,1.55亿,5.37亿
430,603680,今创集团,13.43,3.23%,0.59%,2804.75万,3298.31万,-493.56万,6189.79万
431,301397,溯联股份,35.56,3.22%,5.20%,7707.57万,5186.64万,2520.93万,1.31亿
432,600392,盛和资源,25.35,3.22%,2.65%,6.83亿,4.31亿,2.52亿,11.71亿
433,300654,世纪天鸿,10.91,3.22%,1.91%,4263.90万,2990.80万,1273.10万,7271.72万
434,2201,九鼎新材,12.17,3.22%,6.69%,2.75亿,2.15亿,6046.40万,4.91亿
435,688367,工大高科,38.29,3.21%,1.88%,3875.88万,2199.37万,1676.51万,6184.11万
436,603090,宏盛股份,69.55,3.21%,2.57%,9279.44万,8320.44万,959.00万,1.76亿
437,688037,芯源微,187.81,3.20%,1.51%,3.02亿,2.50亿,5255.48万,5.65亿
438,603876,鼎胜新材,25.49,3.20%,3.50%,4.75亿,3.37亿,1.38亿,8.17亿
439,603790,雅运股份,22.27,3.20%,0.71%,1887.67万,1085.92万,801.75万,2983.62万
440,603179,新泉股份,67.48,3.20%,2.65%,4.87亿,4.34亿,5275.72万,9.22亿
441,2858,力盛体育,16.13,3.20%,3.55%,4878.66万,3454.31万,1424.35万,8374.61万
442,3038,鑫铂股份,16.19,3.19%,15.03%,1.87亿,2.17亿,-2940.02万,4.11亿
443,605018,长华集团,12.61,3.19%,2.02%,7118.30万,4641.15万,2477.15万,1.19亿
444,2460,赣锋锂业,84.78,3.18%,4.89%,27.30亿,22.64亿,4.66亿,50.14亿
445,600262,北方股份,26.65,3.17%,1.96%,4862.93万,2978.49万,1884.44万,8683.38万
446,893,亚钾国际,56.23,3.17%,1.45%,3.34亿,3.10亿,2371.94万,6.50亿
447,600654,中安科,4.55,3.17%,12.30%,7.33亿,5.43亿,1.90亿,12.79亿
448,688008,澜起科技,151.85,3.17%,2.22%,19.41亿,18.20亿,1.21亿,37.85亿
449,300133,华策影视,7.48,3.17%,3.34%,2.28亿,1.73亿,5539.69万,4.02亿
450,2315,焦点科技,42.26,3.17%,2.78%,1.43亿,9179.48万,5080.74万,2.36亿
451,600654,中安科,4.55,3.17%,12.30%,7.33亿,5.43亿,1.90亿,12.79亿
452,688008,澜起科技,151.85,3.17%,2.22%,19.41亿,18.20亿,1.21亿,37.85亿
453,300133,华策影视,7.48,3.17%,3.34%,2.28亿,1.73亿,5539.69万,4.02亿
454,2315,焦点科技,42.26,3.17%,2.78%,1.43亿,9179.48万,5080.74万,2.36亿
455,301200,大族数控,194.74,3.16%,0.51%,2.40亿,1.65亿,7451.41万,4.10亿
456,300223,北京君正,115.99,3.16%,3.38%,9.32亿,7.05亿,2.27亿,16.38亿
457,16,深康佳A,3.28,3.14%,1.57%,5245.59万,2688.11万,2557.48万,8123.13万
458,300464,星徽股份,7.55,3.14%,2.77%,4585.19万,2730.33万,1854.86万,7328.88万
459,300243,瑞丰高材,15.79,3.14%,16.06%,2.43亿,2.49亿,-604.73万,4.94亿
460,300184,力源信息,11.81,3.14%,4.75%,3.61亿,2.18亿,1.44亿,5.83亿
461,2400,省广集团,8.87,3.14%,4.78%,4.37亿,2.82亿,1.56亿,7.26亿
462,301662,宏工科技,144.35,3.13%,8.55%,1.10亿,9334.72万,1706.34万,2.06亿
463,600318,新力金融,7.91,3.13%,2.34%,5878.51万,3548.96万,2329.55万,9453.43万
464,792,盐湖股份,38.17,3.13%,1.37%,16.65亿,10.89亿,5.76亿,27.67亿
465,1309,德明利,516.9,3.13%,7.44%,32.81亿,27.69亿,5.12亿,61.16亿
466,300603,立昂技术,12.24,3.12%,8.73%,2.38亿,1.55亿,8307.83万,3.96亿
467,688620,安凯微,11.59,3.11%,1.31%,1897.72万,1281.57万,616.15万,3469.34万
468,603955,大千生态,26.53,3.11%,0.86%,1832.64万,1230.85万,601.79万,3085.51万
469,688375,国博电子,126.3,3.10%,0.88%,3.46亿,3.09亿,3625.36万,6.61亿
470,688377,迪威尔,39.75,3.09%,0.41%,1644.61万,1376.64万,267.97万,3071.13万
471,2797,第一创业,8.0,3.09%,4.12%,8.02亿,5.57亿,2.46亿,13.80亿
472,688387,信科移动,17.41,3.08%,3.41%,6.43亿,5.37亿,1.06亿,11.88亿
473,301171,易点天下,47.52,3.08%,7.15%,6.88亿,6.09亿,7954.40万,13.02亿
474,688228,开普云,109.86,3.08%,2.10%,8839.89万,6696.77万,2143.12万,1.56亿
475,600238,*ST椰岛,4.69,3.08%,4.45%,4610.35万,4511.61万,98.73万,9169.39万
476,300634,彩讯股份,27.75,3.08%,2.79%,1.96亿,1.38亿,5749.24万,3.36亿
477,300358,楚天科技,10.71,3.08%,1.67%,6723.09万,5621.54万,1101.55万,1.24亿
478,603311,金海高科,19.5,3.07%,3.50%,8639.05万,6914.77万,1724.28万,1.56亿
479,688718,唯赛勃,15.84,3.06%,0.57%,829.60万,702.98万,126.62万,1551.05万
480,603335,迪生力,6.07,3.06%,2.14%,3297.29万,2187.27万,1110.02万,5529.10万
481,300756,金马游乐,48.54,3.06%,1.59%,5947.22万,4059.05万,1888.16万,1.01亿
482,600520,三佳科技,25.04,3.05%,3.18%,7330.62万,5285.50万,2045.11万,1.26亿
483,600212,绿能慧充,8.11,3.05%,4.22%,1.03亿,7353.14万,2984.68万,1.80亿
484,600531,豫光金铅,13.9,3.04%,2.41%,2.16亿,1.50亿,6680.48万,3.99亿
485,301071,力量钻石,44.48,3.03%,3.98%,1.87亿,1.52亿,3491.62万,3.41亿
486,688213,思特威,94.79,3.03%,1.58%,2.66亿,2.05亿,6123.48万,4.80亿
487,600877,电科芯片,16.99,3.03%,1.76%,1.92亿,1.58亿,3388.78万,3.51亿
488,957,中通客车,12.26,3.03%,2.92%,1.31亿,7937.17万,5162.64万,2.12亿
489,2963,豪尔赛,14.67,3.02%,2.31%,1911.83万,2230.82万,-318.99万,4151.45万
490,688030,山石网科,15.71,3.02%,0.81%,1109.80万,1027.83万,81.98万,2271.99万
491,605068,明新旭腾,26.95,3.02%,1.35%,3859.24万,1974.12万,1885.13万,5856.54万
492,300729,乐歌股份,12.96,3.02%,1.49%,3054.62万,3292.31万,-237.69万,6352.63万
493,301316,慧博云通,45.79,3.01%,2.00%,2.15亿,1.51亿,6445.10万,3.67亿
494,688339,亿华通,25.63,3.01%,1.80%,5395.09万,3531.38万,1863.71万,8944.35万
495,601600,中国铝业,12.67,3.01%,1.41%,13.67亿,9.66亿,4.01亿,23.58亿
496,600540,新赛股份,4.79,3.01%,1.57%,2626.68万,1591.32万,1035.36万,4291.59万
497,2547,春兴精工,3.08,3.01%,3.48%,7959.75万,3750.79万,4208.96万,1.18亿
498,300179,四方达,24.02,3.00%,6.21%,3.54亿,1.96亿,1.58亿,5.53亿
499,2552,宝鼎科技,20.97,3.00%,5.53%,2.33亿,1.87亿,4565.49万,4.21亿
500,822,山东海化,5.83,3.00%,3.33%,1.17亿,5552.08万,6154.63万,1.73亿
501,600527,江南高纤,2.76,2.99%,9.89%,2.66亿,2.05亿,6091.94万,4.72亿
502,300698,万马科技,36.54,2.99%,1.62%,4522.59万,2413.21万,2109.38万,6968.70万
503,688118,普元信息,29.4,2.98%,1.87%,2594.22万,2248.01万,346.20万,5065.98万
504,300644,南京聚隆,30.43,2.98%,1.96%,3121.19万,1903.11万,1218.09万,5203.11万
505,603969,银龙股份,9.36,2.97%,0.91%,3702.04万,2623.99万,1078.05万,7071.93万
506,603226,菲林格尔,40.28,2.97%,0.59%,4771.79万,3524.18万,1247.61万,8410.89万
507,2734,利民股份,17.68,2.97%,4.88%,2.26亿,1.45亿,8112.91万,3.73亿
508,2170,芭田股份,13.85,2.97%,3.23%,2.12亿,1.37亿,7442.17万,3.50亿
509,688309,恒誉环保,74.49,2.96%,1.95%,6294.48万,4876.33万,1418.15万,1.14亿
510,300879,大叶股份,24.72,2.96%,1.19%,3342.64万,1836.08万,1506.56万,5843.68万
511,688680,海优新材,51.16,2.96%,1.54%,4544.39万,2977.37万,1567.02万,7615.80万
512,300068,南都电源,12.86,2.96%,4.11%,2.55亿,1.90亿,6542.24万,4.48亿
513,301372,科净源,33.54,2.95%,8.98%,6408.73万,5546.46万,862.27万,1.21亿
514,811,冰轮环境,19.2,2.95%,1.55%,1.72亿,1.12亿,6000.58万,2.86亿
515,301011,华立科技,22.09,2.94%,1.17%,2013.51万,1703.74万,309.77万,3756.82万
516,600438,通威股份,17.85,2.94%,1.00%,4.46亿,3.27亿,1.18亿,8.00亿
517,2368,太极股份,20.32,2.94%,0.92%,8016.59万,3436.37万,4580.22万,1.16亿
518,1335,信凯科技,43.14,2.93%,4.07%,2243.62万,2202.42万,41.20万,4487.01万
519,600595,中孚实业,8.44,2.93%,1.17%,2.26亿,1.71亿,5555.60万,3.98亿
520,603316,诚邦股份,15.13,2.93%,3.65%,8094.32万,5522.88万,2571.44万,1.42亿
521,300338,ST开元,3.86,2.93%,3.26%,2217.23万,2189.65万,27.58万,4419.96万
522,2079,苏州固锝,10.18,2.93%,3.40%,1.61亿,1.16亿,4561.51万,2.81亿
523,766,通化金马,23.17,2.93%,1.29%,1.60亿,1.24亿,3639.18万,2.86亿
524,600633,浙数文化,13.06,2.92%,1.81%,1.64亿,1.32亿,3191.89万,2.98亿
525,601138,工业富联,59.51,2.92%,0.63%,42.74亿,30.14亿,12.60亿,73.17亿
526,688058,宝兰德,29.22,2.92%,0.81%,997.35万,757.95万,239.40万,1769.71万
527,300485,赛升药业,12.04,2.91%,8.09%,1.50亿,1.12亿,3809.77万,2.62亿
528,300113,顺网科技,30.03,2.91%,10.34%,8.94亿,6.97亿,1.97亿,15.96亿
529,605298,必得科技,49.0,2.90%,0.87%,4122.37万,3649.12万,473.25万,7797.93万
530,605168,三人行,37.28,2.90%,1.60%,7618.68万,4833.33万,2785.35万,1.25亿
531,300255,常山药业,46.17,2.90%,2.08%,5.09亿,3.69亿,1.40亿,8.79亿
532,300806,斯迪克,53.45,2.89%,3.94%,3.90亿,2.61亿,1.29亿,6.54亿
533,688536,思瑞浦,195.5,2.89%,2.90%,4.31亿,3.33亿,9757.87万,7.67亿
534,300249,依米康,17.84,2.88%,4.50%,1.71亿,1.26亿,4458.75万,2.98亿
535,300587,天铁科技,5.35,2.88%,1.59%,5626.51万,3236.32万,2390.19万,8877.21万
536,2803,吉宏股份,16.84,2.87%,1.75%,5380.07万,2620.97万,2759.10万,8412.21万
537,301251,威尔高,69.46,2.86%,7.86%,1.67亿,1.30亿,3724.64万,2.98亿
538,300861,美畅股份,16.93,2.86%,1.23%,4707.12万,3570.74万,1136.38万,8670.46万
539,600730,中国高科,8.98,2.86%,1.43%,5229.83万,2042.46万,3187.37万,7496.78万
540,301502,华阳智能,45.05,2.85%,7.17%,3472.05万,4064.57万,-592.53万,7595.69万
541,688379,华光新材,50.94,2.85%,1.97%,5750.46万,3254.75万,2495.72万,9016.81万
542,600845,宝信软件,23.09,2.85%,0.74%,2.13亿,1.45亿,6747.88万,3.62亿
543,32,深桑达A,19.13,2.85%,1.12%,1.11亿,8340.86万,2729.93万,2.40亿
544,301072,中捷精工,22.46,2.84%,0.99%,791.33万,649.52万,141.81万,1472.54万
545,7,全新好,13.77,2.84%,0.94%,2581.14万,1693.03万,888.11万,4437.38万
546,601789,宁波建工,5.79,2.84%,5.65%,2.10亿,1.42亿,6798.11万,3.53亿
547,807,云铝股份,35.44,2.84%,0.80%,5.32亿,4.51亿,8132.93万,9.88亿
548,300522,世名科技,13.45,2.83%,6.62%,1.22亿,1.14亿,778.13万,2.36亿
549,603159,上海亚虹,27.26,2.83%,0.88%,1945.83万,1336.52万,609.31万,3340.01万
550,603381,永臻股份,23.34,2.82%,2.81%,5492.98万,3673.54万,1819.43万,9208.78万
551,300395,菲利华,109.91,2.82%,3.51%,10.38亿,9.03亿,1.35亿,19.50亿
552,300340,科恒股份,11.29,2.82%,1.89%,3277.06万,2520.74万,756.32万,5810.99万
553,2272,川润股份,19.67,2.82%,10.13%,4.28亿,3.73亿,5501.76万,8.07亿
554,1368,通达创智,28.21,2.81%,1.45%,2706.66万,1604.82万,1101.84万,4378.97万
555,688269,凯立新材,38.86,2.80%,0.51%,1466.75万,784.03万,682.72万,2533.45万
556,688718,唯赛勃,15.8,2.80%,0.54%,765.89万,671.31万,94.58万,1455.32万
557,688659,元琛科技,9.92,2.80%,0.84%,674.47万,630.74万,43.73万,1313.20万
558,300891,惠云钛业,8.44,2.80%,1.38%,2233.27万,1607.43万,625.84万,3860.56万
559,301221,光庭信息,53.59,2.80%,2.02%,3623.61万,3085.49万,538.13万,6759.52万
560,2816,*ST和科,25.01,2.79%,2.16%,2812.31万,2579.69万,232.62万,5417.75万
561,605208,永茂泰,14.39,2.79%,1.90%,4546.91万,4305.49万,241.42万,8963.64万
562,301043,绿岛风,53.02,2.79%,1.20%,2074.90万,1549.41万,525.49万,3632.27万
563,603878,武进不锈,7.73,2.79%,1.23%,3085.44万,2028.06万,1057.39万,5293.31万
564,688592,司南导航,44.3,2.78%,2.56%,2346.14万,1968.70万,377.44万,4334.96万
565,688565,力源科技,12.96,2.78%,1.08%,1048.68万,930.87万,117.82万,2058.01万
566,300378,鼎捷数智,40.97,2.78%,3.01%,2.06亿,1.25亿,8072.91万,3.32亿
567,2810,山东赫达,24.0,2.78%,1.81%,7887.92万,5572.91万,2315.01万,1.40亿
568,688629,华丰科技,135.64,2.77%,9.89%,11.68亿,12.21亿,-5259.80万,24.08亿
569,301238,瑞泰新材,21.16,2.77%,1.47%,1.15亿,1.13亿,273.58万,2.28亿
570,688337,普源精电,56.25,2.76%,2.17%,1.21亿,1.04亿,1663.69万,2.26亿
571,601231,环旭电子,37.63,2.76%,1.21%,5.84亿,4.74亿,1.10亿,10.73亿
572,300301,ST长方,3.72,2.76%,3.20%,4562.09万,4659.31万,-97.22万,9349.95万
573,688622,禾信仪器,98.98,2.75%,2.21%,8768.11万,6428.79万,2339.32万,1.53亿
574,688502,茂莱光学,355.0,2.75%,1.19%,1.29亿,9207.50万,3704.85万,2.22亿
575,688361,中科飞测,178.6,2.74%,1.08%,2.38亿,2.27亿,1079.13万,4.76亿
576,301160,翔楼新材,58.53,2.74%,2.40%,5661.19万,4740.21万,920.98万,1.04亿
577,301187,欧圣电气,19.85,2.74%,0.61%,1845.73万,1131.21万,714.52万,3072.98万
578,688080,映翰通,56.69,2.74%,1.12%,2434.45万,2173.32万,261.12万,4638.47万
579,600996,贵广网络,9.39,2.74%,2.58%,1.77亿,1.23亿,5417.36万,3.01亿
580,2569,*ST步森,13.53,2.73%,1.66%,1400.82万,1685.14万,-284.32万,3142.46万
581,301266,宇邦新材,40.57,2.73%,1.24%,2826.09万,2159.74万,666.35万,5201.10万
582,2766,索菱股份,4.89,2.73%,3.50%,8916.13万,5820.53万,3095.60万,1.48亿
583,300217,东方电热,5.27,2.73%,1.71%,7605.38万,3325.74万,4279.64万,1.09亿
584,2418,康盛股份,5.65,2.73%,16.15%,5.47亿,4.79亿,6821.32万,10.29亿
585,2066,瑞泰科技,23.0,2.72%,1.72%,4827.48万,3979.25万,848.23万,8979.74万
586,688262,国芯科技,35.91,2.72%,3.16%,2.09亿,1.75亿,3463.05万,3.85亿
587,301198,喜悦智行,14.33,2.72%,0.96%,1264.79万,837.02万,427.77万,2115.97万
588,300976,达瑞电子,59.68,2.72%,1.18%,4038.35万,1849.71万,2188.65万,5989.08万
589,300611,美力科技,27.22,2.72%,2.30%,6257.03万,2877.83万,3379.20万,9211.68万
590,300426,华智数媒,7.54,2.72%,1.22%,2169.97万,1404.55万,765.42万,3637.47万
591,301366,一博科技,34.49,2.71%,1.59%,3496.88万,2877.62万,619.25万,6398.67万
592,603959,百利科技,6.81,2.71%,6.29%,1.17亿,9629.50万,2089.21万,2.14亿
593,600481,双良节能,6.45,2.71%,2.22%,1.91亿,9916.88万,9213.75万,2.92亿
594,2498,汉缆股份,8.73,2.71%,7.58%,11.56亿,9.61亿,1.95亿,21.40亿
595,300538,同益股份,16.0,2.70%,2.33%,2610.58万,1815.54万,795.04万,4484.34万
596,300476,胜宏科技,303.42,2.70%,2.69%,37.39亿,29.94亿,7.46亿,68.92亿
597,300192,科德教育,19.43,2.70%,1.54%,6375.72万,3211.93万,3163.79万,9688.17万
598,2361,神剑股份,19.04,2.70%,35.00%,26.58亿,26.11亿,4631.00万,52.82亿
599,2182,宝武镁业,16.71,2.70%,1.63%,1.41亿,9188.23万,4873.73万,2.34亿
600,688623,双元科技,91.01,2.69%,3.32%,2823.75万,2910.09万,-86.34万,5747.85万
601,600152,维科技术,12.39,2.65%,21.51%,7.12亿,6.52亿,6016.43万,13.76亿
602,300182,捷成股份,5.81,2.65%,3.39%,2.68亿,1.74亿,9436.74万,4.43亿
603,751,锌业股份,5.42,2.65%,1.71%,7483.43万,5181.54万,2301.89万,1.30亿
604,688255,凯尔达,29.91,2.64%,1.68%,2636.41万,2817.84万,-181.43万,5471.75万
605,605208,永茂泰,14.37,2.64%,1.81%,4319.08万,4208.07万,111.01万,8556.47万
606,301446,福事特,38.07,2.64%,1.43%,1071.03万,621.83万,449.20万,1713.81万
607,301376,致欧科技,16.47,2.62%,2.36%,3837.47万,3695.78万,141.69万,7548.40万
608,605088,冠盛股份,35.22,2.62%,1.33%,6280.97万,3032.95万,3248.02万,9323.57万
609,300983,尤安设计,29.84,2.61%,0.43%,1159.65万,754.57万,405.08万,1933.92万
610,688777,中控技术,67.72,2.61%,0.93%,2.75亿,2.15亿,5953.46万,4.93亿
611,300382,斯莱克,12.19,2.61%,0.92%,4073.79万,2560.54万,1513.25万,7217.93万
612,960,锡业股份,34.97,2.61%,1.87%,5.32亿,5.01亿,3058.22万,10.65亿
613,688262,国芯科技,35.87,2.60%,3.07%,2.06亿,1.68亿,3835.91万,3.74亿
614,605068,明新旭腾,26.84,2.60%,1.32%,3784.49万,1949.66万,1834.83万,5738.72万
615,603378,亚士创能,5.55,2.59%,0.92%,1223.43万,924.47万,298.96万,2158.21万
616,300302,同有科技,23.33,2.59%,6.79%,3.22亿,2.63亿,5820.13万,5.86亿
617,603721,*ST天择,22.3,2.58%,1.51%,1773.80万,2381.47万,-607.66万,4381.78万
618,300440,运达科技,16.72,2.58%,2.10%,9526.18万,5723.94万,3802.24万,1.54亿
619,688522,纳睿雷达,35.13,2.57%,2.10%,4837.30万,4223.90万,613.40万,9095.37万
620,688155,先惠技术,82.3,2.57%,1.96%,1.09亿,9576.75万,1324.95万,2.05亿
621,688063,派能科技,74.92,2.57%,2.96%,2.70亿,2.68亿,150.24万,5.40亿
622,688062,迈威生物,40.09,2.56%,4.33%,1.96亿,1.55亿,4117.40万,3.52亿
623,688030,山石网科,15.64,2.56%,0.74%,1098.49万,970.14万,128.35万,2076.60万
624,601001,晋控煤业,17.24,2.56%,0.53%,7918.95万,6888.68万,1030.27万,1.51亿
625,2602,世纪华通,17.2,2.56%,0.82%,5.85亿,3.51亿,2.33亿,9.56亿
626,2558,巨人网络,32.87,2.56%,1.95%,6.76亿,5.29亿,1.48亿,12.11亿
627,688327,云从科技,13.27,2.55%,1.35%,9231.58万,5542.08万,3689.50万,1.48亿
628,2475,立讯精密,60.28,2.55%,1.74%,41.67亿,32.91亿,8.76亿,75.06亿
629,601107,四川成渝,6.06,2.54%,0.49%,3583.57万,2709.14万,874.44万,6372.59万
630,688290,景业智能,53.54,2.53%,0.52%,1452.15万,1383.53万,68.62万,2855.17万
631,300842,帝科股份,86.36,2.53%,2.34%,1.32亿,1.22亿,976.97万,2.56亿
632,603612,索通发展,27.15,2.53%,2.29%,1.77亿,1.32亿,4524.19万,3.11亿
633,300031,宝通科技,21.45,2.53%,1.31%,6496.66万,3171.09万,3325.57万,9825.72万
634,2180,纳思达,17.84,2.53%,1.12%,1.59亿,1.10亿,4908.59万,2.69亿
635,962,东方钽业,45.6,2.52%,2.49%,3.03亿,2.35亿,6745.80万,5.55亿
636,605222,起帆电缆,26.45,2.52%,4.87%,2.37亿,2.86亿,-4887.55万,5.24亿
637,300308,中际旭创,799.67,2.52%,1.39%,66.69亿,53.39亿,13.31亿,120.68亿
638,2749,国光股份,13.45,2.52%,0.33%,1206.46万,606.25万,600.22万,1995.34万
639,300972,万辰集团,210.86,2.51%,0.67%,1.49亿,9431.07万,5419.16万,2.45亿
640,688191,智洋创新,40.87,2.51%,1.23%,6769.07万,4854.97万,1914.10万,1.17亿
641,688039,当虹科技,43.72,2.51%,0.86%,2255.45万,1830.33万,425.11万,4140.63万
642,2905,金逸影视,9.82,2.51%,1.38%,2499.90万,2184.28万,315.62万,4703.75万
643,301291,明阳电气,55.42,2.50%,7.36%,2.82亿,3.55亿,-7336.11万,6.48亿
644,300825,阿尔特,9.02,2.50%,1.02%,2530.89万,1795.56万,735.32万,4412.71万
645,600191,华资实业,12.3,2.50%,0.73%,2682.71万,1595.75万,1086.96万,4335.96万
646,2444,巨星科技,31.59,2.50%,0.69%,1.49亿,9803.28万,5122.80万,2.49亿
647,301031,中熔电气,148.46,2.49%,2.02%,1.31亿,7101.48万,6041.26万,2.06亿
648,603200,上海洗霸,63.4,2.49%,4.73%,2.76亿,2.50亿,2610.65万,5.28亿
649,600284,浦东建设,6.99,2.49%,0.87%,2520.45万,1978.42万,542.02万,6087.06万
650,2870,香山股份,36.67,2.49%,0.98%,3182.04万,1353.00万,1829.04万,4625.88万
651,300308,中际旭创,799.67,2.52%,1.39%,66.69亿,53.39亿,13.31亿,120.68亿
652,2749,国光股份,13.45,2.52%,0.33%,1206.46万,606.25万,600.22万,1995.34万
653,300972,万辰集团,210.86,2.51%,0.67%,1.49亿,9431.07万,5419.16万,2.45亿
654,2905,金逸影视,9.82,2.51%,1.38%,2499.90万,2184.28万,315.62万,4703.75万
655,301291,明阳电气,55.42,2.50%,7.36%,2.82亿,3.55亿,-7336.11万,6.48亿
656,300825,阿尔特,9.02,2.50%,1.02%,2530.89万,1795.56万,735.32万,4412.71万
657,605288,凯迪股份,85.02,2.50%,0.97%,3293.76万,2442.55万,851.21万,5807.80万
658,603799,华友钴业,64.33,2.50%,2.80%,18.02亿,15.61亿,2.42亿,33.79亿
659,600191,华资实业,12.3,2.50%,0.73%,2682.71万,1595.75万,1086.96万,4335.96万
660,2444,巨星科技,31.59,2.50%,0.69%,1.49亿,9803.28万,5122.80万,2.49亿
661,301031,中熔电气,148.46,2.49%,2.02%,1.31亿,7101.48万,6041.26万,2.06亿
662,603200,上海洗霸,63.4,2.49%,4.73%,2.76亿,2.50亿,2610.65万,5.28亿
663,600284,浦东建设,6.99,2.49%,0.87%,2520.45万,1978.42万,542.02万,6087.06万
664,2870,香山股份,36.67,2.49%,0.98%,3182.04万,1353.00万,1829.04万,4625.88万
665,2627,三峡旅游,7.86,2.48%,2.56%,8309.70万,5957.07万,2352.62万,1.45亿
666,300855,图南股份,44.21,2.48%,1.04%,7652.43万,5505.01万,2147.42万,1.34亿
667,601208,东材科技,33.9,2.48%,2.52%,4.51亿,3.83亿,6827.49万,8.46亿
668,300785,值得买,51.23,2.48%,6.50%,2.31亿,1.75亿,5595.66万,4.07亿
669,688327,云从科技,13.26,2.47%,1.45%,9776.83万,6003.61万,3773.22万,1.59亿
670,605580,恒盛能源,22.83,2.47%,1.98%,6078.00万,6602.18万,-524.17万,1.27亿
671,688399,硕世生物,52.18,2.47%,1.09%,2640.79万,2091.03万,549.76万,4735.84万
672,600655,豫园股份,4.97,2.47%,0.58%,6820.79万,4354.92万,2465.88万,1.12亿
673,300369,绿盟科技,8.3,2.47%,1.68%,6479.04万,4671.76万,1807.28万,1.12亿
674,2949,华阳国际,14.09,2.47%,1.69%,2013.22万,1557.40万,455.82万,3585.56万
675,688381,帝奥微,25.37,2.46%,2.68%,8922.49万,7869.50万,1052.99万,1.68亿
676,300098,高新兴,5.42,2.46%,1.77%,8728.36万,5955.19万,2773.17万,1.48亿
677,300071,福石控股,4.99,2.46%,2.54%,7040.21万,4831.58万,2208.63万,1.19亿
678,688039,当虹科技,43.7,2.46%,0.91%,2393.36万,1977.28万,416.08万,4390.74万
679,600449,宁夏建材,12.9,2.46%,0.58%,2507.11万,1020.45万,1486.65万,3553.11万
680,301055,张小泉,33.81,2.45%,4.16%,1.09亿,1.05亿,433.37万,2.15亿
681,688059,华锐精密,124.06,2.45%,1.52%,9643.53万,7355.15万,2288.38万,1.76亿
682,300935,盈建科,31.36,2.45%,1.39%,1332.57万,1247.20万,85.37万,2589.15万
683,2647,仁东控股,10.45,2.45%,3.68%,2.20亿,1.58亿,6135.39万,3.81亿
684,688593,新相微,31.94,2.44%,1.54%,8955.88万,6721.42万,2234.46万,1.58亿
685,300624,万兴科技,71.02,2.44%,3.23%,2.33亿,1.58亿,7588.36万,3.92亿
686,2970,锐明技术,60.23,2.43%,3.58%,1.40亿,1.19亿,2032.87万,2.68亿
687,688220,翱捷科技,77.95,2.43%,1.09%,1.76亿,1.33亿,4289.98万,3.12亿
688,688095,福昕软件,74.95,2.43%,1.50%,5998.69万,4141.66万,1857.03万,1.02亿
689,2036,联创电子,9.27,2.43%,1.91%,1.03亿,7979.99万,2289.20万,1.85亿
690,301607,富特科技,48.75,2.42%,1.62%,4802.08万,3922.97万,879.11万,8795.26万
691,688683,莱尔科技,38.98,2.42%,0.83%,2977.01万,2047.15万,929.86万,5034.76万
692,600337,美克家居,3.38,2.42%,3.66%,8890.67万,8241.13万,649.54万,1.77亿
693,300257,开山股份,30.93,2.42%,0.90%,1.44亿,1.22亿,2229.80万,2.67亿
694,1378,德冠新材,25.45,2.41%,3.12%,2598.62万,2366.42万,232.21万,5072.62万
695,688216,气派科技,29.38,2.41%,1.19%,1987.61万,1659.23万,328.38万,3669.67万
696,688191,智洋创新,40.83,2.41%,1.27%,6978.34万,5024.26万,1954.08万,1.20亿
697,688081,兴图新科,50.55,2.41%,1.38%,3543.25万,3306.98万,236.27万,7113.27万
698,603659,璞泰来,35.73,2.41%,2.21%,8.87亿,7.99亿,8815.91万,16.89亿
699,2136,安纳达,12.75,2.41%,1.43%,2362.87万,1496.10万,866.77万,3873.00万
700,688726,拉普拉斯,66.61,2.40%,10.96%,8.78亿,6.46亿,2.33亿,15.50亿
701,300830,金现代,11.08,2.40%,3.49%,8051.64万,4827.29万,3224.35万,1.30亿
702,603338,浙江鼎力,50.76,2.40%,0.87%,1.23亿,1.03亿,2086.82万,2.26亿
703,600797,浙大网新,9.37,2.40%,2.15%,1.34亿,6874.89万,6543.62万,2.05亿
704,2741,光华科技,19.2,2.40%,2.37%,9892.00万,9257.79万,634.21万,1.93亿
705,603275,众辰科技,47.52,2.39%,3.97%,4603.56万,3096.07万,1507.49万,7816.92万
706,300949,奥雅股份,38.1,2.39%,1.15%,817.97万,652.67万,165.30万,1476.74万
707,601677,明泰铝业,17.55,2.39%,2.28%,2.29亿,2.59亿,-2953.51万,4.91亿
708,601969,海南矿业,11.14,2.39%,1.10%,1.45亿,9582.79万,4892.35万,2.42亿
709,601567,三星电气,26.11,2.39%,1.09%,2.39亿,1.52亿,8659.12万,3.96亿
710,600037,歌华有线,7.72,2.39%,0.59%,3633.13万,2622.28万,1010.85万,6305.67万
711,300766,每日互动,36.86,2.39%,4.49%,3.42亿,2.46亿,9549.19万,5.92亿
712,2176,江特电机,11.16,2.39%,4.91%,5.11亿,4.22亿,8942.39万,9.35亿
713,1208,华菱线缆,21.91,2.38%,17.74%,5.10亿,4.93亿,1636.90万,10.23亿
714,603255,鼎际得,29.3,2.38%,1.51%,1464.60万,1191.98万,272.62万,2659.22万
715,688063,派能科技,74.78,2.38%,3.06%,2.78亿,2.77亿,139.56万,5.60亿
716,603217,元利科技,26.23,2.38%,1.35%,4258.67万,3055.97万,1202.70万,7325.14万
717,2881,美格智能,39.58,2.38%,1.45%,6442.36万,3691.72万,2750.63万,1.04亿
718,2730,电光科技,28.01,2.38%,3.94%,1.81亿,1.93亿,-1200.66万,3.81亿
719,2074,国轩高科,39.64,2.38%,3.00%,10.33亿,10.06亿,2722.50万,20.56亿
720,603306,华懋科技,104.95,2.37%,2.28%,3.59亿,4.04亿,-4565.89万,7.73亿
721,688485,九州一轨,43.0,2.36%,8.56%,1.62亿,1.54亿,842.70万,3.19亿
722,301257,普蕊斯,59.06,2.36%,2.21%,5319.07万,4380.20万,938.87万,9757.61万
723,688260,昀冢科技,29.02,2.36%,2.37%,3731.99万,4315.38万,-583.39万,8100.51万
724,600784,鲁银投资,7.37,2.36%,2.08%,5621.99万,4701.03万,920.96万,1.03亿
725,300541,先进数通,14.77,2.36%,2.19%,6841.22万,5565.96万,1275.26万,1.24亿
726,688788,科思科技,58.04,2.35%,0.76%,3844.74万,3002.28万,842.45万,6858.28万
727,601619,嘉泽新能,5.66,2.35%,2.76%,2.16亿,1.56亿,5973.82万,3.74亿
728,300357,我武生物,27.0,2.35%,1.99%,1.47亿,1.11亿,3622.20万,2.59亿
729,545,金浦钛业,3.05,2.35%,2.75%,5293.57万,2864.92万,2428.65万,8177.80万
730,403,派林生物,13.09,2.35%,0.94%,6301.49万,5026.27万,1275.23万,1.14亿
731,3007,直真科技,45.39,2.34%,5.64%,1.00亿,7805.09万,2234.77万,1.83亿
732,2623,亚玛顿,22.28,2.34%,1.26%,3416.16万,2012.70万,1403.46万,5489.96万
733,603118,共进股份,13.98,2.34%,3.55%,2.03亿,1.74亿,2936.01万,3.83亿
734,300662,科锐国际,24.51,2.34%,1.49%,5055.97万,1959.38万,3096.59万,7101.35万
735,301181,标榜股份,48.26,2.33%,4.39%,9974.70万,9134.37万,840.33万,1.93亿
736,605222,起帆电缆,26.4,2.33%,5.01%,2.45亿,2.91亿,-4593.19万,5.39亿
737,605258,协和电子,37.3,2.33%,2.55%,4419.89万,3553.81万,866.08万,8302.68万
738,600692,亚通股份,7.47,2.33%,3.34%,3345.65万,2970.64万,375.00万,6324.50万
739,301518,长华化学,41.51,2.32%,3.40%,4279.83万,3229.74万,1050.09万,7533.24万
740,2629,仁智股份,6.62,2.32%,3.91%,5090.89万,4214.43万,876.47万,9320.42万
741,688181,八亿时空,33.48,2.32%,1.27%,3281.42万,2340.59万,940.83万,5662.00万
742,605336,帅丰电器,14.56,2.32%,1.12%,1624.34万,1298.94万,325.39万,2944.85万
743,600346,恒力石化,24.23,2.32%,0.34%,3.25亿,2.41亿,8478.42万,5.71亿
744,2335,科华数据,61.85,2.32%,3.02%,4.90亿,3.46亿,1.44亿,8.42亿
745,605366,宏柏新材,13.72,2.31%,4.13%,2.42亿,1.93亿,4869.83万,4.37亿
746,300118,东方日升,16.83,2.31%,3.21%,2.99亿,1.88亿,1.11亿,4.94亿
747,875,电投绿能,6.64,2.31%,1.03%,1.49亿,7360.51万,7579.82万,2.28亿
748,605088,冠盛股份,35.11,2.30%,1.44%,6356.84万,3634.12万,2722.72万,1.01亿
749,300835,龙磁科技,93.8,2.30%,2.66%,1.26亿,8003.79万,4550.42万,2.07亿
750,603867,新化股份,32.92,2.30%,1.38%,5305.35万,4477.76万,827.59万,9792.32万
751,688788,科思科技,58.0,2.27%,0.71%,3712.80万,2597.01万,1115.80万,6386.85万
752,601121,宝地矿业,7.67,2.27%,0.84%,2835.99万,2228.54万,607.45万,5091.43万
753,603188,亚邦股份,4.97,2.26%,0.93%,1426.58万,1162.23万,264.35万,2605.89万
754,688508,芯朋微,65.19,2.26%,1.54%,7057.01万,5940.57万,1116.43万,1.32亿
755,600583,海油工程,7.25,2.26%,0.99%,1.76亿,1.39亿,3743.68万,3.16亿
756,600103,青山纸业,4.08,2.26%,7.72%,3.86亿,3.10亿,7552.66万,7.00亿
757,600664,哈药股份,4.54,2.25%,18.51%,8.20亿,13.67亿,-5.47亿,21.92亿
758,300602,飞荣达,34.98,2.25%,2.40%,1.72亿,1.43亿,2906.10万,3.30亿
759,300033,同花顺,239.26,2.25%,1.99%,12.68亿,7.79亿,4.89亿,20.78亿
760,3010,若羽臣,31.48,2.24%,2.49%,1.04亿,7212.43万,3147.28万,1.76亿
761,2588,史丹利,10.51,2.24%,1.04%,5963.54万,3311.34万,2652.20万,9330.13万
762,600353,旭光电子,15.5,2.24%,2.17%,1.45亿,1.31亿,1426.15万,2.77亿
763,300778,新城市,12.77,2.24%,0.76%,1093.00万,758.27万,334.73万,1953.66万
764,2010,传化智联,5.94,2.24%,0.60%,5721.97万,3810.24万,1911.73万,9843.16万
765,688697,纽威数控,15.13,2.23%,0.29%,1161.78万,829.72万,332.05万,2025.56万
766,688585,上纬新材,129.07,2.23%,0.63%,1.83亿,1.43亿,3950.27万,3.28亿
767,600307,酒钢宏兴,1.83,2.23%,0.77%,6416.64万,2251.41万,4165.23万,8753.62万
768,300221,银禧科技,10.55,2.23%,1.54%,4136.48万,3143.24万,993.24万,7349.49万
769,2405,四维图新,9.18,2.23%,1.67%,2.23亿,1.33亿,9008.26万,3.60亿
770,2309,中利集团,4.12,2.23%,8.89%,5.02亿,3.72亿,1.31亿,8.76亿
771,1270,*ST铖昌,145.53,2.22%,4.16%,6.09亿,6.05亿,457.62万,12.31亿
772,300638,广和通,25.45,2.21%,1.43%,1.19亿,6952.10万,4996.12万,1.92亿
773,300432,富临精工,25.9,2.21%,2.91%,7.08亿,5.68亿,1.40亿,12.80亿
774,2397,梦洁股份,4.17,2.21%,1.06%,1516.52万,1283.00万,233.52万,2822.59万
775,2973,侨银股份,12.98,2.20%,0.68%,1788.60万,981.20万,807.39万,2799.01万
776,603119,浙江荣泰,79.78,2.20%,7.79%,5.92亿,6.93亿,-1.01亿,12.87亿
777,688256,寒武纪,1302.02,2.20%,1.15%,32.64亿,29.80亿,2.84亿,62.84亿
778,2373,千方科技,9.77,2.20%,0.83%,6417.39万,4227.18万,2190.21万,1.10亿
779,688573,信宇人,21.47,2.19%,5.03%,3133.80万,2516.55万,617.25万,5719.80万
780,600133,东湖高新,8.88,2.19%,1.34%,8406.68万,4052.40万,4354.28万,1.26亿
781,300689,澄天伟业,48.47,2.19%,0.83%,2009.61万,1648.10万,361.51万,4032.05万
782,2156,通富微电,48.02,2.19%,3.05%,12.52亿,9.32亿,3.20亿,21.92亿
783,403,派林生物,13.07,2.19%,0.83%,5241.84万,4692.10万,549.74万,1.01亿
784,301029,怡合达,27.17,2.18%,1.25%,9439.49万,5967.60万,3471.89万,1.57亿
785,688115,思林杰,41.68,2.18%,0.53%,982.02万,446.67万,535.35万,1452.92万
786,688112,鼎阳科技,50.58,2.18%,1.84%,7919.45万,6778.08万,1141.37万,1.48亿
787,605162,新中港,13.1,2.18%,7.18%,2.00亿,1.63亿,3737.28万,3.64亿
788,600576,祥源文旅,6.08,2.18%,1.44%,3421.05万,2320.82万,1100.23万,5755.86万
789,600475,华光环能,17.37,2.18%,0.67%,6359.19万,4431.45万,1927.73万,1.12亿
790,600326,西藏天路,9.39,2.18%,1.07%,7680.58万,4731.40万,2949.18万,1.35亿
791,600096,云天化,33.68,2.18%,1.96%,7.60亿,4.32亿,3.27亿,11.98亿
792,300503,昊志机电,56.3,2.18%,4.18%,3.01亿,2.59亿,4205.41万,5.62亿
793,300337,银邦股份,13.59,2.18%,2.27%,1.19亿,9849.74万,2057.25万,2.18亿
794,2380,科远智慧,33.78,2.18%,3.42%,8201.21万,8081.16万,120.05万,1.63亿
795,688701,卓锦股份,9.41,2.17%,0.67%,429.40万,368.58万,60.82万,826.30万
796,300125,*ST聆达,9.4,2.17%,1.33%,2441.84万,2039.85万,401.99万,4488.00万
797,603912,佳力图,10.36,2.17%,3.11%,9983.89万,7307.29万,2676.59万,1.74亿
798,300145,南方泵业,5.19,2.17%,2.62%,1.35亿,1.21亿,1415.70万,2.57亿
799,2463,沪电股份,94.79,2.17%,2.53%,23.69亿,21.11亿,2.58亿,45.46亿
800,1896,豫能控股,16.93,2.17%,9.77%,12.32亿,12.77亿,-4450.30万,25.21亿
801,300125,*ST聆达,9.4,2.17%,1.33%,2441.84万,2039.85万,401.99万,4488.00万
802,603912,佳力图,10.36,2.17%,3.11%,9983.89万,7307.29万,2676.59万,1.74亿
803,300145,南方泵业,5.19,2.17%,2.62%,1.35亿,1.21亿,1415.70万,2.57亿
804,2463,沪电股份,94.79,2.17%,2.53%,23.69亿,21.11亿,2.58亿,45.46亿
805,1896,豫能控股,16.93,2.17%,9.77%,12.32亿,12.77亿,-4450.30万,25.21亿
806,997,新大陆,20.27,2.17%,1.10%,1.38亿,8149.27万,5636.90万,2.24亿
807,2998,优彩资源,8.97,2.16%,2.09%,2579.68万,2347.98万,231.70万,5032.99万
808,603008,喜临门,12.27,2.16%,3.90%,1.00亿,7304.18万,2717.44万,1.76亿
809,300047,天源迪科,12.31,2.16%,1.56%,6728.73万,4072.18万,2656.55万,1.10亿
810,2742,*ST三圣,4.74,2.16%,0.96%,1818.87万,536.29万,1282.57万,2361.29万
811,301380,挖金客,33.77,2.15%,1.14%,1896.51万,1149.28万,747.23万,3100.51万
812,301231,荣信文化,31.38,2.15%,2.89%,3273.55万,2600.48万,673.07万,5906.99万
813,300975,商络电子,20.44,2.15%,4.44%,2.31亿,2.02亿,2869.28万,4.40亿
814,300932,三友联众,14.24,2.15%,3.62%,5918.07万,5367.89万,550.17万,1.16亿
815,300876,蒙泰高新,26.1,2.15%,1.03%,1333.30万,818.74万,514.56万,2159.88万
816,688321,微芯生物,31.79,2.15%,1.88%,1.45亿,9546.07万,4918.96万,2.41亿
817,300548,长芯博创,241.9,2.15%,4.35%,14.14亿,13.97亿,1763.20万,28.20亿
818,300082,奥克股份,11.42,2.15%,3.94%,1.56亿,1.50亿,538.18万,3.08亿
819,2242,九阳股份,9.99,2.15%,1.17%,4385.84万,4597.54万,-211.69万,9026.54万
820,818,航锦科技,14.73,2.15%,3.20%,1.95亿,1.09亿,8564.41万,3.08亿
821,301358,湖南裕能,82.6,2.14%,2.46%,8.06亿,7.48亿,5856.40万,15.59亿
822,2633,申科股份,18.14,2.14%,0.98%,1528.94万,1054.29万,474.66万,2636.68万
823,688292,浩瀚深度,24.84,2.14%,1.08%,2504.27万,1548.12万,956.15万,4211.60万
824,605177,东亚药业,20.52,2.14%,0.73%,954.30万,649.84万,304.46万,1657.21万
825,600702,舍得酒业,47.23,2.14%,2.00%,1.70亿,1.43亿,2687.59万,3.14亿
826,300535,达威股份,19.54,2.14%,0.95%,797.10万,673.30万,123.80万,1483.48万
827,2168,*ST惠程,4.29,2.14%,0.90%,1897.63万,1097.45万,800.17万,3009.91万
828,300305,裕兴股份,6.23,2.13%,1.29%,1513.26万,1033.02万,480.24万,2547.40万
829,688103,国力电子,57.48,2.13%,0.94%,3011.84万,2015.99万,995.85万,5118.34万
830,603328,依顿电子,12.95,2.13%,1.68%,1.14亿,9849.24万,1565.18万,2.16亿
831,603178,圣龙股份,15.84,2.13%,0.92%,2042.30万,1382.73万,659.57万,3428.99万
832,300294,博雅生物,19.16,2.13%,0.87%,4230.17万,3887.64万,342.53万,8328.87万
833,2705,新宝股份,17.71,2.13%,7.81%,5.93亿,5.53亿,4012.48万,11.51亿
834,688529,豪森智能,18.27,2.12%,0.41%,635.94万,605.61万,30.33万,1249.23万
835,603997,继峰股份,13.02,2.12%,0.54%,5240.06万,3556.67万,1683.39万,8827.73万
836,300063,天龙集团,12.06,2.12%,6.09%,2.56亿,2.00亿,5642.62万,4.60亿
837,301616,浙江华业,51.67,2.11%,2.14%,1897.95万,1181.39万,716.56万,3111.90万
838,301487,盟固利,22.26,2.11%,3.13%,1.03亿,8673.95万,1626.30万,1.90亿
839,688023,安恒信息,51.67,2.11%,1.39%,4367.95万,2783.87万,1584.08万,7266.40万
840,300310,宜通世纪,6.29,2.11%,3.54%,9057.51万,6001.80万,3055.71万,1.52亿
841,2033,丽江股份,10.15,2.11%,14.43%,4.40亿,3.61亿,7905.94万,8.07亿
842,301095,广立微,81.67,2.10%,1.99%,1.56亿,1.24亿,3202.12万,2.83亿
843,2685,华东重机,8.25,2.10%,3.10%,1.45亿,1.09亿,3572.47万,2.55亿
844,300925,法本信息,18.45,2.10%,1.15%,4804.90万,2471.19万,2333.70万,7392.74万
845,600185,珠免集团,5.84,2.10%,1.01%,6670.48万,4303.68万,2366.80万,1.10亿
846,603663,三祥新材,44.19,2.10%,0.96%,9805.16万,7846.25万,1958.90万,1.78亿
847,301275,汉朔科技,41.96,2.09%,1.00%,7354.51万,4680.30万,2674.21万,1.23亿
848,688403,汇成股份,16.1,2.09%,2.25%,1.73亿,1.59亿,1379.39万,3.33亿
849,688573,信宇人,21.45,2.09%,5.28%,3348.25万,2622.55万,725.70万,5993.34万
850,688737,中自科技,26.38,2.09%,0.41%,708.01万,421.64万,286.37万,1262.51万
851,688573,信宇人,21.45,2.09%,5.28%,3348.25万,2622.55万,725.70万,5993.34万
852,688737,中自科技,26.38,2.09%,0.54%,1025.52万,638.48万,387.04万,1680.63万
853,603330,天洋新材,6.83,2.09%,0.56%,927.19万,702.23万,224.96万,1649.84万
854,688207,格灵深瞳,14.68,2.09%,0.69%,1558.15万,1009.94万,548.21万,2603.98万
855,300326,ST凯利,6.84,2.09%,0.74%,2119.82万,1429.57万,690.25万,3567.11万
856,802,北京文化,3.93,2.08%,1.00%,1856.63万,908.40万,948.23万,2794.75万
857,689009,九号公司,46.12,2.08%,1.20%,1.56亿,1.39亿,1680.28万,3.06亿
858,600493,凤竹纺织,7.36,2.08%,1.26%,1169.79万,1315.85万,-146.06万,2488.88万
859,603879,永悦科技,5.39,2.08%,0.92%,945.37万,786.35万,159.02万,1754.07万
860,600470,六国化工,6.87,2.08%,2.64%,5451.01万,3776.69万,1674.32万,9360.60万
861,2930,宏川智慧,13.77,2.08%,0.93%,3515.35万,1852.03万,1663.32万,5522.38万
862,2126,银轮股份,49.67,2.08%,1.41%,2.68亿,2.79亿,-1111.47万,5.52亿
863,1330,博纳影业,7.4,2.07%,3.33%,2.01亿,1.35亿,6517.84万,3.40亿
864,688129,东来技术,23.68,2.07%,0.36%,627.83万,391.82万,236.01万,1026.02万
865,688369,致远互联,25.16,2.07%,3.02%,4388.84万,4318.55万,70.28万,8766.57万
866,300890,翔丰华,31.99,2.07%,4.63%,8895.71万,7219.01万,1676.70万,1.62亿
867,603721,*ST天择,22.19,2.07%,1.54%,2016.66万,2435.17万,-418.51万,4454.72万
868,600809,山西汾酒,141.91,2.06%,0.35%,3.75亿,2.18亿,1.57亿,6.01亿
869,300470,中密控股,37.17,2.06%,1.81%,6630.68万,6007.45万,623.23万,1.30亿
870,300213,佳讯飞鸿,7.92,2.06%,1.00%,2565.76万,1729.28万,836.49万,4328.95万
871,300169,天晟新材,5.94,2.06%,1.14%,1172.02万,852.14万,319.89万,2029.10万
872,2919,名臣健康,20.33,2.06%,0.86%,2805.86万,1813.83万,992.03万,4624.78万
873,2506,协鑫集成,4.46,2.06%,5.07%,6.97亿,5.40亿,1.57亿,13.00亿
874,300814,中富电路,100.07,2.05%,2.86%,3.10亿,2.27亿,8342.11万,5.46亿
875,300570,太辰光,132.7,2.05%,5.87%,7.95亿,6.73亿,1.22亿,14.90亿
876,2131,利欧股份,7.98,2.05%,4.46%,12.05亿,8.32亿,3.73亿,20.73亿
877,688508,芯朋微,65.05,2.04%,1.61%,7248.71万,6439.44万,809.27万,1.37亿
878,600108,亚盛集团,4.5,2.04%,2.12%,9297.67万,8023.78万,1273.89万,1.83亿
879,300103,达刚控股,7.51,2.04%,1.48%,2059.40万,1430.25万,629.16万,3492.95万
880,300819,聚杰微纤,51.25,2.03%,2.71%,8985.42万,9512.01万,-526.59万,1.86亿
881,2271,东方雨虹,16.6,2.03%,0.81%,1.49亿,1.04亿,4454.52万,2.55亿
882,2403,爱仕达,10.62,2.02%,0.51%,987.45万,542.60万,444.85万,1587.52万
883,600302,标准股份,11.63,2.02%,1.41%,3178.79万,2419.17万,759.62万,5644.73万
884,688088,虹软科技,41.9,2.02%,0.64%,5790.35万,4785.87万,1004.48万,1.07亿
885,600888,新疆众和,8.57,2.02%,1.19%,9384.34万,6417.99万,2966.35万,1.59亿
886,688660,电气风电,12.6,2.02%,0.51%,4976.41万,3341.69万,1634.73万,8471.88万
887,558,天府文旅,4.54,2.02%,1.90%,7420.96万,3561.15万,3859.81万,1.10亿
888,600381,*ST春天,3.04,2.01%,0.71%,651.98万,557.37万,94.61万,1238.14万
889,603386,骏亚科技,14.24,2.01%,0.86%,1782.53万,2083.49万,-300.96万,3952.29万
890,603183,建研院,4.56,2.01%,1.02%,1255.94万,949.00万,306.94万,2287.90万
891,300461,田中精机,62.38,2.01%,5.19%,2.29亿,2.39亿,-988.33万,4.70亿
892,2713,*ST东易,15.25,2.01%,4.08%,1.52亿,1.64亿,-1196.43万,3.19亿
893,545,金浦钛业,3.04,2.01%,2.69%,5115.40万,2707.91万,2407.49万,8002.37万
894,300212,易华录,8.17,2.00%,1.88%,5978.14万,4662.11万,1316.04万,1.07亿
895,603602,纵横通信,13.28,2.00%,0.90%,1741.24万,1003.42万,737.82万,2761.26万
896,300552,万集科技,26.58,2.00%,2.55%,5564.30万,3568.80万,1995.51万,9153.31万
897,300235,方直科技,13.29,2.00%,1.76%,2798.76万,1917.57万,881.19万,4742.51万
898,2274,华昌化工,6.13,2.00%,1.32%,4139.57万,3404.95万,734.62万,7544.88万
899,422,湖北宜化,15.82,2.00%,2.22%,2.32亿,1.37亿,9501.80万,3.71亿
900,1288,运机集团,27.11,1.99%,1.77%,3439.24万,3702.35万,-263.11万,7238.37万
901,688651,盛邦安全,39.56,1.99%,3.18%,1532.23万,2526.19万,-993.96万,4082.83万
902,2997,瑞鹄模具,32.29,1.99%,1.02%,3527.27万,3321.85万,205.42万,6875.30万
903,603813,*ST原尚,28.21,1.99%,0.99%,1605.76万,1284.65万,321.10万,2890.97万
904,300790,宇瞳光学,30.21,1.99%,3.77%,1.85亿,1.75亿,1030.93万,3.64亿
905,603393,新天然气,33.36,1.99%,1.20%,9388.85万,7249.18万,2139.67万,1.67亿
906,600141,兴发集团,32.36,1.99%,1.23%,2.81亿,1.93亿,8806.89万,4.77亿
907,300448,浩云科技,6.67,1.99%,1.62%,4373.60万,2460.72万,1912.88万,6880.49万
908,582,北部湾港,10.75,1.99%,0.66%,9378.11万,5584.03万,3794.08万,1.52亿
909,600841,动力新科,9.29,1.98%,1.58%,9069.03万,5889.76万,3179.27万,1.52亿
910,2721,金一文化,3.09,1.98%,1.11%,5476.72万,3479.49万,1997.22万,9037.63万
911,603778,国晟科技,27.34,1.98%,22.20%,25.08亿,12.11亿,12.97亿,37.27亿
912,300781,因赛集团,36.1,1.98%,2.24%,5468.38万,4239.64万,1228.73万,9777.73万
913,300578,会畅科技,21.6,1.98%,2.09%,4849.81万,3997.66万,852.15万,8920.01万
914,300333,兆日科技,9.28,1.98%,1.11%,1965.75万,1407.40万,558.35万,3417.04万
915,301326,捷邦科技,162.33,1.97%,1.12%,6548.05万,5926.06万,621.99万,1.30亿
916,688125,安达智能,252.49,1.97%,0.66%,8393.44万,4849.18万,3544.27万,1.37亿
917,603598,引力传媒,21.23,1.97%,3.88%,1.22亿,9920.72万,2284.82万,2.22亿
918,600100,同方股份,8.29,1.97%,0.88%,1.50亿,9155.43万,5807.04万,2.43亿
919,300599,雄塑科技,10.88,1.97%,4.33%,5591.45万,4287.58万,1303.87万,9926.38万
920,2712,思美传媒,5.17,1.97%,0.89%,1492.59万,955.23万,537.37万,2462.11万
921,2055,ST得润,6.22,1.97%,1.96%,4703.03万,2468.56万,2234.47万,7195.75万
922,831,中国稀土,51.64,1.97%,1.16%,3.79亿,2.31亿,1.48亿,6.31亿
923,688173,希荻微,14.53,1.96%,0.70%,2047.28万,2085.11万,-37.83万,4157.76万
924,603859,能科科技,39.1,1.96%,1.27%,7380.39万,4763.15万,2617.24万,1.22亿
925,603105,芯能科技,10.92,1.96%,3.10%,9784.53万,7015.41万,2769.12万,1.68亿
926,600130,*ST波导,4.68,1.96%,1.32%,2951.99万,1620.81万,1331.18万,4582.62万
927,2709,天赐材料,48.94,1.96%,4.75%,18.82亿,16.22亿,2.61亿,35.21亿
928,2354,天娱数科,5.73,1.96%,1.90%,1.12亿,6225.06万,5003.52万,1.76亿
929,779,甘咨询,8.89,1.95%,1.23%,2490.54万,2563.40万,-72.85万,5061.06万
930,300465,高伟达,15.19,1.95%,1.40%,5988.67万,3347.71万,2640.97万,9371.33万
931,300242,佳云科技,4.71,1.95%,1.31%,2444.74万,1421.43万,1023.31万,3875.34万
932,300115,长盈精密,34.03,1.95%,1.90%,4.55亿,4.21亿,3414.63万,8.81亿
933,2591,恒大高新,6.81,1.95%,1.49%,1260.56万,950.69万,309.87万,2248.51万
934,688353,华盛锂电,125.39,1.94%,3.02%,2.82亿,3.19亿,-3687.23万,6.04亿
935,603212,赛伍技术,13.11,1.94%,1.16%,4175.61万,2362.81万,1812.80万,6560.04万
936,603059,倍加洁,34.14,1.94%,1.20%,2001.16万,2098.48万,-97.32万,4103.40万
937,2175,东方智造,2.63,1.94%,4.26%,7763.51万,6118.24万,1645.27万,1.39亿
938,39,中集集团,12.11,1.94%,1.21%,1.64亿,1.70亿,-692.45万,3.36亿
939,600850,电科数字,20.55,1.93%,0.84%,7225.24万,4407.64万,2817.60万,1.17亿
940,600295,鄂尔多斯,15.29,1.93%,0.39%,6427.53万,5347.81万,1079.72万,1.18亿
941,300112,万讯自控,7.94,1.93%,1.79%,2012.28万,1326.39万,685.89万,3342.88万
942,603289,泰瑞机器,12.12,1.93%,1.95%,3491.11万,3435.01万,56.10万,6968.76万
943,509,华塑控股,3.7,1.93%,1.22%,2434.13万,1840.35万,593.78万,4794.58万
944,301525,儒竞科技,72.78,1.92%,1.09%,2664.62万,1191.78万,1472.85万,3886.97万
945,688215,瑞晟智能,76.32,1.92%,0.76%,1966.90万,1649.72万,317.18万,3634.03万
946,605218,伟时电子,18.57,1.92%,0.69%,1487.41万,1211.93万,275.49万,2720.14万
947,603095,越剑智能,18.02,1.92%,0.65%,1905.30万,1081.62万,823.69万,2996.84万
948,600293,三峡新材,3.19,1.92%,1.18%,2508.78万,1809.78万,699.00万,4330.43万
949,603025,大豪科技,14.85,1.92%,0.54%,4944.57万,3806.76万,1137.81万,8762.02万
950,300183,东软载波,14.89,1.92%,1.08%,2825.00万,3100.70万,-275.70万,5931.52万
951,301117,佳缘科技,45.81,1.91%,4.83%,9298.26万,7841.98万,1456.28万,1.75亿
952,300493,润欣科技,16.03,1.91%,0.95%,4523.48万,3028.52万,1494.96万,7634.87万
953,688079,美迪凯,15.58,1.90%,1.52%,4718.60万,4602.54万,116.06万,9474.89万
954,603228,景旺电子,61.56,1.90%,1.06%,3.14亿,3.16亿,-220.57万,6.42亿
955,603020,爱普股份,11.26,1.90%,0.73%,1620.24万,1411.19万,209.05万,3126.11万
956,600603,广汇物流,6.97,1.90%,1.18%,5940.41万,3813.30万,2127.11万,9777.46万
957,2436,兴森科技,25.17,1.90%,3.57%,6.65亿,6.76亿,-1112.51万,13.50亿
958,688691,灿芯股份,107.44,1.89%,3.39%,1.51亿,1.12亿,3918.71万,2.64亿
959,2107,沃华医药,8.1,1.89%,8.53%,1.97亿,1.87亿,921.21万,3.89亿
960,603175,超颖电子,91.15,1.88%,5.88%,1.20亿,1.15亿,469.98万,2.35亿
961,2779,中坚科技,97.89,1.88%,0.82%,7052.15万,6134.67万,917.48万,1.35亿
962,603057,紫燕食品,25.41,1.88%,0.36%,1812.99万,1913.38万,-100.39万,3739.59万
963,688306,均普智能,9.19,1.88%,0.48%,3255.13万,2106.64万,1148.49万,5417.47万
964,603499,翔港科技,22.27,1.88%,1.02%,4035.90万,2804.89万,1231.00万,6879.78万
965,300240,飞力达,7.04,1.88%,1.10%,1551.24万,1243.88万,307.36万,2797.08万
966,603596,伯特利,46.66,1.88%,1.15%,1.81亿,1.45亿,3568.33万,3.27亿
967,300715,凯伦股份,13.55,1.88%,0.78%,1618.36万,1533.35万,85.00万,3292.70万
968,300051,琏升科技,16.35,1.87%,14.04%,4.32亿,4.34亿,-266.06万,8.69亿
969,688302,海创药业,47.34,1.87%,1.37%,3450.28万,2399.51万,1050.77万,6315.39万
970,688113,联测科技,38.66,1.87%,0.53%,751.94万,503.02万,248.92万,1319.87万
971,300990,同飞股份,85.93,1.87%,3.73%,1.25亿,1.18亿,651.36万,2.47亿
972,605567,春雪食品,10.92,1.87%,0.85%,1032.53万,790.36万,242.16万,1831.62万
973,688779,五矿新能,10.92,1.87%,0.89%,1.04亿,8196.43万,2179.17万,1.87亿
974,688620,安凯微,11.45,1.87%,0.90%,1336.99万,969.06万,367.93万,2401.68万
975,600689,上海三毛,13.65,1.87%,1.84%,1840.78万,1973.44万,-132.66万,3817.49万
976,300748,金力永磁,32.72,1.87%,1.35%,3.08亿,1.83亿,1.26亿,4.96亿
977,300539,横河精密,28.9,1.87%,1.81%,5929.60万,5308.07万,621.53万,1.13亿
978,300250,初灵信息,21.77,1.87%,1.66%,3360.11万,2261.63万,1098.49万,5649.82万
979,2922,伊戈尔,39.3,1.87%,3.00%,2.40亿,1.95亿,4509.07万,4.38亿
980,2889,东方嘉盛,13.62,1.87%,0.67%,1077.68万,1129.23万,-51.55万,2306.27万
981,301208,中亦科技,34.84,1.87%,1.06%,1619.32万,789.52万,829.80万,2441.25万
982,300509,新美星,12.01,1.87%,1.32%,2172.27万,1709.91万,462.36万,3896.00万
983,2488,金固股份,11.46,1.87%,0.76%,4523.02万,3311.78万,1211.24万,7981.46万
984,301096,百诚医药,57.54,1.86%,4.33%,1.19亿,8627.51万,3299.13万,2.06亿
985,603062,麦加芯彩,50.44,1.86%,1.27%,1424.94万,927.02万,497.91万,2364.58万
986,688209,英集芯,21.38,1.86%,0.73%,4079.53万,2674.33万,1405.20万,6783.22万
987,688353,华盛锂电,125.29,1.86%,2.97%,2.80亿,3.14亿,-3490.83万,5.95亿
988,688390,固德威,88.16,1.86%,1.71%,1.79亿,1.64亿,1504.87万,3.65亿
989,603828,ST柯利达,6.03,1.86%,0.17%,269.33万,273.94万,-4.61万,592.87万
990,603722,阿科力,36.23,1.86%,0.68%,1509.87万,820.96万,688.91万,2354.02万
991,823,超声电子,15.91,1.86%,2.53%,1.15亿,9611.18万,1906.90万,2.14亿
992,681,视觉中国,20.85,1.86%,1.98%,1.68亿,1.09亿,5843.10万,2.79亿
993,301186,超达装备,66.74,1.85%,3.81%,8990.98万,9980.50万,-989.52万,1.91亿
994,600499,科达制造,18.13,1.85%,0.59%,9843.08万,9805.08万,37.99万,2.03亿
995,300499,高澜股份,41.84,1.85%,6.34%,3.75亿,3.44亿,3179.42万,7.20亿
996,2758,浙农股份,9.9,1.85%,0.88%,2634.73万,1831.04万,803.69万,4483.97万
997,727,冠捷科技,2.75,1.85%,1.04%,7588.30万,5156.72万,2431.58万,1.28亿
998,601958,金钼股份,19.42,1.84%,0.47%,1.54亿,1.25亿,2912.54万,2.90亿
999,600487,亨通光电,53.09,1.84%,3.85%,25.85亿,23.09亿,2.75亿,49.22亿
1000,300563,神宇股份,32.69,1.84%,1.23%,3096.36万,1993.70万,1102.66万,5119.15万
1001,36,华联控股,4.98,1.84%,1.71%,6007.90万,5819.00万,188.90万,1.19亿
1002,301093,华兰股份,76.11,1.83%,0.99%,6140.72万,5653.37万,487.35万,1.18亿
1003,688217,睿昂基因,28.32,1.83%,0.58%,449.26万,445.45万,3.81万,899.24万
1004,300556,丝路视觉,17.83,1.83%,1.30%,1388.76万,1096.98万,291.78万,2503.58万
1005,301302,华如科技,21.82,1.82%,2.26%,3661.90万,3089.19万,572.71万,6802.38万
1006,301097,天益医疗,58.09,1.82%,1.06%,1102.22万,662.73万,439.48万,1767.86万
1007,300126,锐奇股份,7.83,1.82%,0.94%,928.19万,565.84万,362.36万,1522.41万
1008,2863,今飞凯达,5.58,1.82%,1.00%,2047.50万,1286.51万,760.99万,3351.20万
1009,2028,思源电气,213.39,1.82%,0.74%,4.91亿,4.37亿,5423.23万,9.52亿
1010,301280,珠城科技,62.89,1.81%,3.38%,5263.03万,3234.38万,2028.65万,8523.20万
1011,300998,宁波方正,25.38,1.81%,1.92%,3053.22万,2131.34万,921.88万,5225.48万
1012,300479,神思电子,19.09,1.81%,1.17%,2322.45万,2039.30万,283.15万,4378.75万
1013,300331,苏大维格,43.95,1.81%,1.68%,8215.43万,7047.37万,1168.06万,1.54亿
1014,300043,星辉娱乐,5.61,1.81%,1.23%,5491.51万,2881.16万,2610.34万,8516.01万
1015,2912,中新赛克,26.5,1.81%,1.50%,4066.12万,2268.91万,1797.20万,6397.13万
1016,34,神州数码,35.53,1.81%,1.29%,1.70亿,1.03亿,6772.54万,2.77亿
1017,1210,金房能源,21.46,1.80%,1.60%,1914.72万,1213.07万,701.65万,3235.18万
1018,301176,逸豪新材,29.92,1.80%,2.84%,7602.49万,6187.13万,1415.36万,1.38亿
1019,2715,登云股份,15.3,1.80%,1.28%,1605.68万,1024.16万,581.52万,2673.12万
1020,301037,保立佳,14.69,1.80%,1.05%,478.10万,536.19万,-58.09万,1045.01万
1021,3002,壶化股份,28.32,1.80%,1.01%,3031.09万,2103.57万,927.52万,5194.67万
1022,688010,福光股份,34.43,1.80%,1.98%,5732.79万,5113.68万,619.12万,1.10亿
1023,7,全新好,13.63,1.79%,0.81%,2181.40万,1592.28万,589.12万,3791.68万
1024,688648,中邮科技,52.81,1.79%,1.02%,1996.98万,1680.71万,316.27万,3718.07万
1025,301163,宏德股份,29.52,1.79%,1.99%,1712.83万,1457.39万,255.43万,3174.35万
1026,301152,天力锂能,29.63,1.79%,5.76%,7137.41万,4992.49万,2144.92万,1.22亿
1027,301137,哈焊华通,44.85,1.79%,1.69%,8148.56万,5630.33万,2518.23万,1.38亿
1028,688326,经纬恒润,120.74,1.79%,0.61%,4248.42万,4008.30万,240.12万,8270.01万
1029,688078,龙软科技,24.43,1.79%,0.61%,596.98万,477.10万,119.88万,1084.15万
1030,600410,华胜天成,27.36,1.79%,7.07%,11.58亿,9.22亿,2.36亿,21.08亿
1031,300233,金城医药,15.88,1.79%,2.92%,9911.10万,7066.18万,2844.93万,1.71亿
1032,758,中色股份,6.82,1.79%,0.95%,7322.20万,4847.21万,2474.99万,1.27亿
1033,625,长安汽车,10.22,1.79%,0.94%,4.87亿,2.92亿,1.95亿,7.89亿
1034,603051,鹿山新材,22.25,1.78%,2.31%,4280.49万,3969.95万,310.54万,8260.00万
1035,603617,君禾股份,7.45,1.78%,0.66%,1155.86万,699.17万,456.69万,1866.27万
1036,300620,光库科技,231.49,1.78%,3.67%,10.58亿,10.35亿,2286.20万,21.09亿
1037,300605,恒锋信息,14.29,1.78%,1.50%,1378.09万,1234.49万,143.59万,2679.39万
1038,2649,博彦科技,12.0,1.78%,1.07%,4322.45万,2622.36万,1700.09万,7019.19万
1039,688292,浩瀚深度,24.75,1.77%,0.97%,2254.14万,1379.68万,874.45万,3775.07万
1040,301169,零点有数,56.48,1.77%,0.57%,1306.31万,958.38万,347.93万,2295.79万
1041,601868,中国能建,2.88,1.77%,1.51%,9.40亿,4.46亿,4.94亿,14.03亿
1042,300029,*ST天龙,4.61,1.77%,1.43%,567.02万,730.26万,-163.24万,1311.00万
1043,300286,安科瑞,26.39,1.77%,1.50%,4217.98万,3936.20万,281.78万,8167.39万
1044,688559,海目星,56.48,1.77%,1.16%,9040.48万,7062.27万,1978.21万,1.62亿
1045,600219,南山铝业,6.31,1.77%,1.05%,4.32亿,3.30亿,1.03亿,7.67亿
1046,2909,集泰股份,6.34,1.77%,1.00%,1291.29万,1039.17万,252.12万,2402.84万
1047,32,深桑达A,18.93,1.77%,0.88%,1.07亿,8026.10万,2679.47万,1.89亿
1048,2181,粤传媒,13.27,1.76%,6.06%,4.89亿,4.27亿,6208.76万,9.18亿
1049,301165,锐捷网络,95.17,1.76%,0.69%,2.78亿,2.45亿,3249.98万,5.26亿
1050,688671,碧兴物联,21.4,1.76%,0.81%,445.31万,352.16万,93.15万,803.90万
1051,2203,海亮股份,15.7,1.75%,0.62%,1.02亿,9952.63万,283.65万,2.13亿
1052,300229,拓尔思,18.71,1.74%,1.17%,1.10亿,7951.71万,3059.77万,1.90亿
1053,688115,思林杰,41.5,1.74%,0.46%,788.91万,430.85万,358.06万,1278.98万
1054,2678,珠江钢琴,5.85,1.74%,0.80%,3386.68万,2843.48万,543.20万,6312.80万
1055,3011,海象新材,23.96,1.74%,1.80%,1993.45万,1289.74万,703.71万,3335.69万
1056,600478,科力远,7.62,1.74%,1.88%,1.26亿,1.10亿,1547.96万,2.38亿
1057,300288,朗玛信息,12.83,1.74%,0.93%,1911.60万,1059.40万,852.19万,3041.79万
1058,2736,国信证券,12.31,1.74%,0.21%,1.49亿,9793.04万,5125.85万,2.48亿
1059,936,华西股份,7.59,1.74%,1.01%,3899.26万,2848.75万,1050.52万,6794.21万
1060,688631,莱斯信息,54.79,1.73%,1.34%,2570.92万,2122.31万,448.61万,4734.46万
1061,300964,本川智能,73.42,1.73%,5.53%,1.18亿,1.06亿,1178.47万,2.26亿
1062,688411,海博思创,235.34,1.73%,1.26%,1.77亿,2.12亿,-3514.84万,3.93亿
1063,603038,华立股份,15.26,1.73%,0.59%,1305.51万,1089.13万,216.38万,2412.04万
1064,300513,恒实科技,8.84,1.73%,1.14%,1563.78万,1292.55万,271.23万,2880.53万
1065,300399,天利科技,21.17,1.73%,0.80%,2067.79万,1236.98万,830.81万,3313.45万
1066,2279,久其软件,8.22,1.73%,1.47%,5888.41万,3511.36万,2377.05万,9516.50万
1067,2243,力合科创,8.84,1.73%,0.29%,1794.86万,1268.21万,526.66万,3084.91万
1068,301338,凯格精机,161.88,1.72%,3.64%,1.91亿,1.49亿,4176.38万,3.46亿
1069,301062,上海艾录,8.28,1.72%,1.25%,1876.61万,1350.78万,525.83万,3242.63万
1070,688499,利元亨,51.4,1.72%,1.90%,8200.74万,8152.37万,48.37万,1.64亿
1071,600623,华谊集团,10.05,1.72%,0.45%,4669.41万,3775.82万,893.59万,8528.84万
1072,300487,蓝晓科技,70.22,1.72%,0.35%,3585.39万,3844.63万,-259.24万,7531.10万
1073,300377,赢时胜,18.29,1.72%,1.75%,1.34亿,8591.50万,4840.99万,2.21亿
1074,300136,信维通信,69.68,1.72%,5.78%,17.07亿,15.79亿,1.29亿,32.90亿
1075,2594,比亚迪,104.8,1.72%,1.00%,22.23亿,14.11亿,8.12亿,36.47亿
1076,60,中金岭南,6.49,1.72%,0.97%,1.62亿,1.08亿,5382.08万,2.77亿
1077,603073,彩蝶实业,19.59,1.71%,1.03%,541.56万,463.18万,78.38万,1012.17万
1078,688627,精智达,280.16,1.71%,2.93%,2.86亿,3.00亿,-1390.66万,5.87亿
1079,688589,力合微,22.63,1.71%,1.09%,2181.72万,1354.62万,827.10万,3574.45万
1080,603375,盛景微,39.92,1.71%,1.38%,1956.08万,1437.53万,518.55万,3479.13万
1081,603006,联明股份,13.07,1.71%,0.43%,743.14万,649.16万,93.98万,1433.70万
1082,300592,华凯易佰,13.11,1.71%,0.99%,2602.52万,1900.25万,702.27万,4510.50万
1083,300299,富春股份,5.94,1.71%,1.17%,2866.07万,1861.32万,1004.76万,4742.54万
1084,300073,当升科技,57.16,1.71%,2.08%,3.03亿,2.92亿,1096.46万,6.01亿
1085,2813,路畅科技,24.38,1.71%,0.78%,1297.92万,947.12万,350.80万,2260.89万
1086,2518,科士达,48.11,1.71%,0.74%,1.14亿,8598.57万,2796.92万,2.01亿
1087,2446,盛路通信,10.13,1.71%,2.33%,1.14亿,8443.80万,2931.76万,1.99亿
1088,2193,如意集团,6.55,1.71%,2.16%,1849.79万,1796.37万,53.42万,3673.93万
1089,987,越秀资本,8.94,1.71%,0.60%,1.52亿,1.14亿,3854.38万,2.69亿
1090,301270,汉仪股份,32.37,1.70%,1.46%,2916.93万,1514.29万,1402.64万,4445.14万
1091,2677,浙江美大,7.79,1.70%,0.48%,1152.37万,768.89万,383.49万,1999.16万
1092,713,国投丰乐,6.59,1.70%,1.03%,2577.58万,1463.04万,1114.54万,4161.04万
1093,2058,*ST威尔,22.3,1.69%,1.22%,1922.69万,1940.10万,-17.41万,3897.79万
1094,2402,和而泰,31.85,1.69%,1.97%,3.02亿,2.03亿,9869.67万,5.09亿
1095,603602,纵横通信,13.24,1.69%,0.82%,1532.53万,916.51万,616.01万,2488.80万
1096,603077,和邦生物,3.0,1.69%,1.62%,2.56亿,1.71亿,8579.18万,4.28亿
1097,600071,凤凰光学,20.4,1.69%,0.86%,2461.72万,2326.73万,134.99万,4894.58万
1098,300244,迪安诊断,19.21,1.69%,2.52%,1.30亿,1.12亿,1762.46万,2.42亿
1099,1217,华尔泰,11.53,1.68%,0.65%,1457.44万,879.73万,577.71万,2439.10万
1100,688448,磁谷科技,61.82,1.68%,1.56%,3311.18万,3621.79万,-310.61万,7025.69万
1101,987,越秀资本,8.94,1.71%,0.60%,1.52亿,1.14亿,3854.38万,2.69亿
1102,62,深圳华强,28.48,1.71%,2.65%,4.00亿,3.65亿,3515.23万,7.80亿
1103,301270,汉仪股份,32.37,1.70%,1.46%,2916.93万,1514.29万,1402.64万,4445.14万
1104,2677,浙江美大,7.79,1.70%,0.48%,1152.37万,768.89万,383.49万,1999.16万
1105,713,国投丰乐,6.59,1.70%,1.03%,2577.58万,1463.04万,1114.54万,4161.04万
1106,2058,*ST威尔,22.3,1.69%,1.22%,1922.69万,1940.10万,-17.41万,3897.79万
1107,2402,和而泰,31.85,1.69%,1.97%,3.02亿,2.03亿,9869.67万,5.09亿
1108,688411,海博思创,235.24,1.69%,1.32%,1.85亿,2.26亿,-4025.61万,4.12亿
1109,603982,泉峰汽车,7.81,1.69%,1.11%,1769.97万,1163.19万,606.78万,2940.49万
1110,603960,克来机电,24.73,1.69%,3.08%,9226.92万,1.06亿,-1393.43万,1.99亿
1111,603709,中源家居,16.84,1.69%,0.53%,618.98万,489.89万,129.09万,1113.07万
1112,603077,和邦生物,3.0,1.69%,1.62%,2.56亿,1.71亿,8579.18万,4.28亿
1113,600071,凤凰光学,20.4,1.69%,0.86%,2461.72万,2326.73万,134.99万,4894.58万
1114,300244,迪安诊断,19.21,1.69%,2.52%,1.30亿,1.12亿,1762.46万,2.42亿
1115,1217,华尔泰,11.53,1.68%,0.65%,1457.44万,879.73万,577.71万,2439.10万
1116,688559,海目星,56.43,1.68%,1.21%,9476.85万,7402.70万,2074.15万,1.69亿
1117,301212,联盛化学,27.25,1.68%,0.63%,845.66万,721.23万,124.42万,1590.83万
1118,603416,信捷电气,50.11,1.68%,0.88%,2600.51万,3475.35万,-874.84万,6110.87万
1119,600732,爱旭股份,15.77,1.68%,0.93%,1.72亿,1.33亿,3879.95万,3.06亿
1120,300450,先导智能,53.75,1.68%,2.17%,9.41亿,8.76亿,6552.40万,18.22亿
1121,590,古汉医药,11.48,1.68%,0.98%,1537.99万,1104.84万,433.15万,2667.63万
1122,2052,同洲电子,10.37,1.67%,0.72%,2997.20万,2000.34万,996.86万,5113.22万
1123,688772,珠海冠宇,16.41,1.67%,1.83%,1.79亿,1.59亿,1981.47万,3.40亿
1124,301098,金埔园林,8.5,1.67%,1.64%,939.85万,1121.66万,-181.81万,2069.85万
1125,601500,通用股份,4.25,1.67%,0.92%,3143.96万,3098.10万,45.85万,6248.78万
1126,688266,泽璟制药,101.99,1.67%,0.68%,9968.77万,7725.79万,2242.98万,1.80亿
1127,603028,赛福天,8.51,1.67%,0.77%,977.79万,868.42万,109.36万,1851.15万
1128,600883,博闻科技,7.92,1.67%,0.65%,645.91万,521.20万,124.71万,1209.06万
1129,603501,豪威集团,93.85,1.67%,0.84%,5.91亿,3.57亿,2.34亿,9.54亿
1130,601869,长飞光纤,364.6,1.67%,2.74%,20.78亿,18.71亿,2.08亿,39.82亿
1131,300731,科创新源,75.05,1.67%,3.21%,1.53亿,1.35亿,1850.16万,2.90亿
1132,2772,众兴菌业,18.23,1.67%,2.35%,9556.11万,6131.25万,3424.86万,1.57亿
1133,2237,恒邦股份,15.26,1.67%,1.04%,1.03亿,8065.96万,2193.19万,1.88亿
1134,301337,亚华电子,28.2,1.66%,2.35%,1440.86万,971.01万,469.85万,2457.56万
1135,688671,碧兴物联,21.38,1.66%,0.87%,485.49万,372.49万,112.99万,863.16万
1136,3026,中晶科技,37.39,1.66%,3.83%,7060.78万,6199.42万,861.36万,1.36亿
1137,300270,中威电子,10.42,1.66%,0.94%,1479.63万,1030.47万,449.16万,2518.85万
1138,688233,神工股份,74.08,1.66%,1.54%,1.01亿,9092.08万,1008.21万,1.93亿
1139,688567,孚能科技,13.53,1.65%,0.78%,7196.36万,5589.48万,1606.88万,1.29亿
1140,603823,百合花,15.39,1.65%,1.01%,3553.41万,2925.87万,627.54万,6483.89万
1141,600319,亚星化学,7.41,1.65%,0.44%,750.70万,472.83万,277.87万,1270.27万
1142,300721,怡达股份,14.2,1.65%,1.38%,1466.53万,1226.21万,240.31万,2697.14万
1143,2918,蒙娜丽莎,11.72,1.65%,1.32%,1714.62万,1565.29万,149.33万,3303.92万
1144,301066,万事利,14.27,1.64%,0.84%,1531.51万,1207.50万,324.01万,2782.11万
1145,301566,达利凯普,21.13,1.64%,1.87%,4085.93万,4006.66万,79.27万,8154.30万
1146,688152,麒麟信安,34.79,1.64%,0.55%,762.91万,1154.55万,-391.63万,1963.39万
1147,605167,利柏特,17.97,1.64%,1.39%,5374.31万,5628.26万,-253.95万,1.11亿
1148,601995,中金公司,34.0,1.64%,0.44%,2.45亿,1.86亿,5950.17万,4.35亿
1149,300849,锦盛新材,20.48,1.64%,0.90%,1340.76万,896.20万,444.56万,2248.64万
1150,688611,杭州柯林,55.84,1.64%,0.36%,1742.37万,1339.95万,402.42万,3104.14万
1151,300494,盛天网络,11.81,1.64%,1.17%,3230.81万,2226.06万,1004.76万,5471.74万
1152,2322,理工能科,14.29,1.64%,0.78%,2265.23万,1400.19万,865.04万,3883.18万
1153,2031,巨轮智能,6.21,1.64%,1.53%,1.01亿,8146.05万,2003.10万,1.87亿
1154,917,电广传媒,9.9,1.64%,1.19%,9230.70万,7183.09万,2047.62万,1.66亿
1155,603400,华之杰,69.72,1.63%,2.82%,2055.58万,1830.25万,225.32万,3906.74万
1156,688693,锴威特,93.0,1.63%,5.96%,1.07亿,1.08亿,-71.27万,2.16亿
1157,691,*ST亚太,8.12,1.63%,0.91%,1631.66万,675.41万,956.26万,2384.17万
1158,301001,凯淳股份,28.64,1.63%,0.81%,553.26万,591.48万,-38.22万,1155.91万
1159,605001,威奥股份,7.5,1.63%,0.50%,819.52万,571.57万,247.95万,1450.96万
1160,688077,大地熊,29.85,1.63%,0.86%,1639.25万,1243.14万,396.11万,2907.76万
1161,600556,天下秀,6.22,1.63%,1.36%,9050.17万,6084.51万,2965.66万,1.53亿
1162,603839,安正时尚,7.5,1.63%,0.31%,576.66万,294.91万,281.75万,879.30万
1163,601168,西部矿业,28.7,1.63%,1.13%,4.04亿,3.62亿,4118.25万,7.71亿
1164,600361,创新新材,4.36,1.63%,0.79%,8195.38万,4465.99万,3729.39万,1.28亿
1165,300655,晶瑞电材,15.0,1.63%,1.08%,9696.85万,7219.66万,2477.19万,1.71亿
1166,300061,旗天科技,8.13,1.63%,0.85%,2614.44万,1562.99万,1051.45万,4249.12万
1167,2628,成都路桥,5.0,1.63%,1.92%,4171.20万,2951.93万,1219.27万,7189.05万
1168,2114,罗平锌电,8.75,1.63%,1.17%,2028.67万,1249.13万,779.54万,3297.23万
1169,2978,安宁股份,33.92,1.62%,0.51%,3736.36万,2463.10万,1273.26万,6296.89万
1170,689009,九号公司,45.91,1.62%,1.09%,1.43亿,1.32亿,1040.95万,2.78亿
1171,300528,幸福蓝海,16.93,1.62%,2.77%,8542.13万,9021.62万,-479.49万,1.76亿
1172,603882,金域医学,27.66,1.62%,0.75%,4693.30万,4756.30万,-63.00万,9489.13万
1173,603515,欧普照明,20.09,1.62%,0.18%,1605.51万,1126.86万,478.65万,2736.39万
1174,600551,时代出版,8.14,1.62%,0.49%,1584.96万,1093.06万,491.91万,2682.17万
1175,300688,创业黑马,25.14,1.62%,1.08%,2325.24万,1660.12万,665.12万,4003.96万
1176,913,钱江摩托,15.1,1.62%,0.61%,2747.31万,1939.23万,808.08万,4743.42万
1177,688772,珠海冠宇,16.4,1.61%,1.77%,1.73亿,1.53亿,1987.44万,3.28亿
1178,301027,华蓝集团,23.33,1.61%,2.97%,4235.76万,3792.49万,443.27万,8158.95万
1179,688377,迪威尔,39.18,1.61%,0.32%,1147.65万,1225.82万,-78.16万,2382.29万
1180,300930,屹通新材,30.21,1.61%,0.95%,726.20万,602.31万,123.89万,1341.20万
1181,601599,浙文影业,3.79,1.61%,0.94%,2778.02万,1275.08万,1502.94万,4094.54万
1182,601702,华峰铝业,20.14,1.61%,0.57%,5605.17万,5927.57万,-322.40万,1.17亿
1183,300737,科顺股份,6.33,1.61%,1.23%,3621.32万,3245.91万,375.42万,6878.95万
1184,603726,朗迪集团,23.93,1.61%,0.57%,1530.84万,930.63万,600.21万,2503.80万
1185,601519,大智慧,10.74,1.61%,0.68%,9134.69万,5273.91万,3860.78万,1.45亿
1186,688601,力芯微,53.34,1.60%,2.28%,1.02亿,5891.10万,4322.10万,1.62亿
1187,1258,立新能源,8.89,1.60%,1.99%,9648.72万,6704.80万,2943.92万,1.64亿
1188,2976,瑞玛精密,28.56,1.60%,2.02%,2031.38万,1792.45万,238.94万,3862.97万
1189,301121,紫建电子,37.53,1.60%,1.19%,1308.78万,940.60万,368.18万,2260.65万
1190,301008,宏昌科技,38.66,1.60%,8.27%,1.73亿,1.87亿,-1370.75万,3.63亿
1191,2345,潮宏基,10.82,1.60%,1.09%,5440.65万,4704.52万,736.13万,1.02亿
1192,600512,腾达建设,2.54,1.60%,1.60%,3500.51万,2560.53万,939.98万,6364.23万
1193,605398,新炬网络,27.34,1.60%,0.62%,1793.96万,905.28万,888.68万,2747.36万
1194,688711,宏微科技,27.89,1.60%,0.89%,2965.41万,2274.34万,691.06万,5306.88万
1195,603657,春光科技,26.07,1.60%,0.71%,1530.01万,927.49万,602.52万,2480.14万
1196,603356,华菱精工,15.86,1.60%,2.49%,2968.71万,2280.14万,688.56万,5272.80万
1197,601162,天风证券,3.81,1.60%,1.04%,2.47亿,9212.71万,1.54亿,3.40亿
1198,300647,超频三,6.36,1.60%,1.66%,2690.16万,2065.77万,624.39万,4807.99万
1199,300477,ST合纵,2.54,1.60%,3.77%,5279.93万,3942.97万,1336.96万,9239.06万
1200,300353,东土科技,19.7,1.60%,0.78%,4795.53万,3366.86万,1428.67万,8220.30万
1201,2144,宏达高科,15.26,1.60%,1.84%,2070.37万,1787.88万,282.49万,3860.23万
1202,300940,南极光,23.61,1.59%,1.51%,3051.79万,2450.06万,601.73万,5618.09万
1203,688598,金博股份,23.67,1.59%,0.86%,2491.59万,1589.92万,901.67万,4126.99万
1204,603838,*ST四通,8.92,1.59%,0.46%,736.78万,534.54万,202.25万,1279.97万
1205,601688,华泰证券,19.17,1.59%,0.76%,6.05亿,4.34亿,1.71亿,10.62亿
1206,688535,华海诚科,126.07,1.59%,1.62%,9697.98万,6611.45万,3086.53万,1.64亿
1207,300195,长荣股份,7.69,1.59%,1.26%,1974.20万,1017.77万,956.44万,2999.50万
1208,2200,*ST交投,7.7,1.58%,0.98%,672.33万,727.97万,-55.64万,1476.54万
1209,839,国安股份,3.21,1.58%,0.93%,6672.08万,4956.03万,1716.05万,1.17亿
1210,688380,中微半导,46.79,1.58%,0.93%,9015.49万,8133.35万,882.14万,1.73亿
1211,300852,四会富仕,43.0,1.58%,1.64%,4352.35万,6272.66万,-1920.31万,1.08亿
1212,603701,德宏股份,24.44,1.58%,1.17%,3977.18万,3474.50万,502.67万,7455.35万
1213,600561,江西长运,6.42,1.58%,0.76%,771.36万,581.14万,190.22万,1377.57万
1214,300661,圣邦股份,77.08,1.58%,1.71%,4.58亿,3.20亿,1.37亿,7.83亿
1215,300549,优德精密,17.38,1.58%,0.92%,1014.96万,512.10万,502.86万,1601.16万
1216,688079,美迪凯,15.53,1.57%,1.42%,4454.89万,4264.57万,190.31万,8787.22万
1217,300871,回盛生物,27.89,1.57%,7.07%,2.10亿,1.82亿,2757.72万,3.96亿
1218,600448,华纺股份,3.23,1.57%,1.32%,1399.30万,1238.37万,160.93万,2656.13万
1219,688139,海尔生物,32.92,1.57%,0.80%,4796.68万,3454.45万,1342.23万,8261.24万
1220,603766,隆鑫通用,15.56,1.57%,0.71%,1.26亿,9955.93万,2672.89万,2.27亿
1221,600299,安迪苏,14.2,1.57%,0.51%,1.04亿,8774.35万,1611.39万,1.93亿
1222,300496,中科创达,61.47,1.57%,1.52%,1.88亿,1.55亿,3328.32万,3.45亿
1223,2609,捷顺科技,8.42,1.57%,0.82%,1802.43万,1265.02万,537.41万,3144.99万
1224,2261,拓维信息,36.97,1.57%,4.32%,9.82亿,7.93亿,1.89亿,18.20亿
1225,2174,游族网络,9.71,1.57%,0.70%,4169.45万,2366.08万,1803.37万,6578.93万
1226,301202,朗威股份,40.99,1.56%,1.96%,1572.11万,1391.82万,180.29万,2984.03万
1227,688269,凯立新材,38.39,1.56%,0.39%,1142.22万,762.13万,380.10万,1929.95万
1228,603768,常青股份,11.04,1.56%,0.39%,579.28万,426.65万,152.63万,1012.44万
1229,600588,用友网络,12.35,1.56%,0.58%,1.45亿,1.00亿,4490.83万,2.46亿
1230,600058,五矿发展,11.09,1.56%,0.61%,3920.47万,3284.65万,635.83万,7283.31万
1231,300285,国瓷材料,33.82,1.56%,1.59%,2.20亿,2.27亿,-740.56万,4.51亿
1232,2931,锋龙股份,69.7,1.56%,3.10%,2.33亿,2.00亿,3369.71万,4.36亿
1233,408,藏格矿业,85.8,1.56%,0.47%,3.03亿,3.18亿,-1482.98万,6.28亿
1234,301278,快可电子,38.58,1.55%,2.27%,2656.83万,1767.61万,889.23万,4461.89万
1235,301099,雅创电子,53.2,1.55%,3.47%,8397.07万,8072.95万,324.12万,1.65亿
1236,688318,财富趋势,114.94,1.55%,0.74%,1.29亿,8747.81万,4175.08万,2.17亿
1237,688357,建龙微纳,36.06,1.55%,0.53%,1229.56万,666.56万,563.00万,1901.45万
1238,688186,广大特材,24.2,1.55%,1.61%,5819.17万,4961.55万,857.62万,1.09亿
1239,600960,渤海汽车,5.23,1.55%,0.63%,1699.01万,1404.53万,294.48万,3118.78万
1240,600328,中盐化工,8.53,1.55%,1.15%,8302.88万,5726.01万,2576.87万,1.42亿
1241,2425,凯撒文化,3.28,1.55%,0.95%,1680.67万,1275.61万,405.06万,2969.46万
1242,603172,万丰股份,21.1,1.54%,1.75%,1134.73万,694.00万,440.74万,1834.85万
1243,2965,祥鑫科技,30.97,1.54%,1.40%,5063.48万,3506.85万,1556.63万,8636.64万
1244,301237,和顺科技,59.48,1.54%,0.85%,1469.75万,1298.53万,171.22万,2981.95万
1245,301049,超越科技,22.36,1.54%,1.01%,516.58万,438.93万,77.64万,965.79万
1246,603166,福达股份,13.82,1.54%,0.52%,2521.80万,2064.19万,457.61万,4610.45万
1247,688078,龙软科技,24.37,1.54%,0.60%,586.58万,469.85万,116.73万,1056.46万
1248,603918,金桥信息,13.84,1.54%,0.94%,3035.88万,1652.94万,1382.94万,4737.37万
1249,300758,七彩化学,13.89,1.54%,1.16%,3350.16万,2267.73万,1082.43万,5818.99万
1250,300612,宣亚国际,15.16,1.54%,1.77%,2832.47万,1972.16万,860.31万,4817.06万
1251,2848,*ST高斯,14.5,1.54%,0.94%,1402.20万,810.45万,591.75万,2245.85万
1252,2577,雷柏科技,15.78,1.54%,0.41%,904.55万,908.81万,-4.25万,1819.67万
1253,2253,*ST智胜,11.88,1.54%,1.90%,2256.46万,2158.41万,98.05万,4641.62万
1254,909,*ST数源,6.65,1.53%,0.41%,557.88万,564.25万,-6.36万,1176.72万
1255,603071,物产环能,13.91,1.53%,0.28%,1188.98万,1001.86万,187.11万,2191.39万
1256,301100,风光股份,18.53,1.53%,0.65%,554.61万,469.76万,84.84万,1042.16万
1257,688004,博汇科技,22.54,1.53%,0.88%,878.43万,681.57万,196.86万,1569.88万
1258,688766,普冉股份,269.52,1.53%,1.92%,4.09亿,3.41亿,6773.08万,7.59亿
1259,2128,电投能源,33.28,1.53%,0.71%,2.58亿,2.73亿,-1568.53万,5.36亿
1260,603066,音飞储存,9.97,1.53%,0.34%,536.55万,456.36万,80.19万,994.80万
1261,2145,钛能化学,4.64,1.53%,0.59%,6190.75万,3798.88万,2391.87万,1.02亿
1262,2050,三花智控,45.8,1.53%,1.67%,14.40亿,13.59亿,8094.20万,28.38亿
1263,417,合百集团,6.65,1.53%,0.71%,2145.77万,1472.49万,673.28万,3635.33万
1264,603271,永杰新材,49.49,1.52%,4.49%,9918.32万,1.12亿,-1251.75万,2.11亿
1265,688392,骄成超声,129.22,1.52%,0.89%,6893.14万,6447.62万,445.52万,1.34亿
1266,301262,海看股份,23.4,1.52%,1.89%,3180.22万,2107.18万,1073.04万,5377.72万
1267,688472,阿特斯,13.4,1.52%,1.68%,1.64亿,1.35亿,2868.16万,3.01亿
1268,688233,神工股份,73.98,1.52%,1.46%,9485.15万,8789.19万,695.96万,1.84亿
1269,603326,我乐家居,8.68,1.52%,0.50%,868.56万,501.67万,366.89万,1372.49万
1270,603192,汇得科技,24.05,1.52%,0.44%,837.95万,623.48万,214.47万,1473.22万
1271,603256,宏和科技,103.62,1.52%,2.44%,11.09亿,10.65亿,4447.70万,21.85亿
1272,600793,宜宾纸业,18.65,1.52%,0.73%,1643.59万,744.52万,899.07万,2406.56万
1273,300763,锦浪科技,93.63,1.52%,3.29%,5.31亿,4.48亿,8266.61万,9.88亿
1274,300724,捷佳伟创,111.87,1.52%,2.56%,4.42亿,3.63亿,7858.92万,8.15亿
1275,300597,吉大通信,9.38,1.52%,0.79%,995.49万,1011.31万,-15.82万,2010.18万
1276,300414,中光防雷,14.06,1.52%,1.01%,2517.69万,1885.28万,632.41万,4416.90万
1277,300075,数字政通,12.67,1.52%,0.78%,2966.06万,2002.26万,963.80万,5059.32万
1278,301118,恒光股份,24.17,1.51%,0.87%,1214.57万,944.07万,270.50万,2180.16万
1279,603666,亿嘉和,26.28,1.51%,0.70%,2298.05万,1422.93万,875.11万,3746.42万
1280,600611,大众交通,4.72,1.51%,0.66%,2987.24万,1809.96万,1177.28万,4821.49万
1281,300079,数码视讯,5.39,1.51%,1.05%,4513.50万,2641.07万,1872.43万,7228.25万
1282,2886,沃特股份,22.17,1.51%,1.31%,3486.46万,2307.76万,1178.70万,6035.47万
1283,2324,普利特,15.48,1.51%,1.06%,6903.31万,5589.44万,1313.87万,1.26亿
1284,2230,科大讯飞,48.26,1.51%,0.87%,5.18亿,3.88亿,1.30亿,9.11亿
1285,607,华媒控股,4.03,1.51%,0.75%,1627.48万,1039.13万,588.34万,2677.79万
1286,301559,中集环科,16.95,1.50%,3.10%,2261.75万,2343.78万,-82.04万,4769.05万
1287,603176,汇通集团,5.43,1.50%,0.31%,430.94万,297.82万,133.13万,760.25万
1288,300833,浩洋股份,33.75,1.50%,0.46%,661.27万,578.30万,82.97万,1250.71万
1289,603088,宁波精达,13.56,1.50%,4.57%,1.46亿,1.24亿,2184.15万,2.71亿
1290,603958,哈森股份,25.1,1.50%,4.55%,1.24亿,1.16亿,744.58万,2.44亿
1291,603992,松霖科技,33.9,1.50%,0.71%,6196.58万,4357.84万,1838.73万,1.07亿
1292,600459,贵研铂业,20.91,1.50%,0.96%,8531.91万,6589.35万,1942.57万,1.52亿
1293,300598,诚迈科技,37.78,1.50%,0.74%,3912.78万,2083.01万,1829.77万,6029.04万
1294,2517,恺英网络,18.33,1.50%,1.86%,3.51亿,2.79亿,7189.40万,6.36亿
1295,301041,金百泽,28.51,1.50%,3.10%,3755.92万,3168.42万,587.51万,6947.18万
1296,1400,江顺科技,176.3,1.49%,10.11%,1.34亿,1.24亿,976.01万,2.61亿
1297,688638,誉辰智能,42.22,1.49%,1.56%,1085.26万,652.57万,432.69万,1740.36万
1298,603282,亚光股份,21.15,1.49%,0.75%,995.65万,1092.99万,-97.34万,2110.21万
1299,603899,晨光股份,25.93,1.49%,0.19%,2406.36万,1999.76万,406.61万,4441.65万
1300,300226,上海钢联,25.2,1.49%,1.30%,6580.63万,3349.25万,3231.38万,9947.77万
1301,2410,广联达,11.56,1.49%,0.91%,9685.84万,6723.26万,2962.58万,1.65亿
1302,2687,乔治白,4.81,1.48%,1.12%,1215.24万,975.59万,239.66万,2194.78万
1303,301076,新瀚新材,38.52,1.48%,1.10%,2370.47万,2273.38万,97.09万,4701.59万
1304,605589,圣泉集团,37.09,1.48%,1.97%,2.84亿,3.18亿,-3415.06万,6.10亿
1305,603507,振江股份,45.8,1.48%,3.59%,1.49亿,1.46亿,339.31万,2.95亿
1306,2522,浙江众成,6.16,1.48%,2.13%,6516.44万,5280.64万,1235.80万,1.18亿
1307,889,中嘉博创,4.81,1.48%,22.31%,4.52亿,4.33亿,1903.15万,8.92亿
1308,601061,中信金属,12.41,1.47%,0.17%,6014.75万,3994.63万,2020.11万,1.00亿
1309,300811,铂科新材,84.47,1.47%,1.25%,1.53亿,9400.76万,5928.37万,2.50亿
1310,603035,常熟汽饰,14.47,1.47%,0.72%,2331.56万,1488.43万,843.13万,3843.72万
1311,601211,国泰海通,17.3,1.47%,0.50%,6.76亿,4.71亿,2.06亿,11.59亿
1312,600522,中天科技,28.21,1.47%,2.15%,11.22亿,9.20亿,2.02亿,20.52亿
1313,300324,旋极信息,4.83,1.47%,0.75%,3571.14万,2586.64万,984.49万,6164.05万
1314,300319,麦捷科技,12.41,1.47%,1.30%,6742.97万,6740.52万,2.44万,1.36亿
1315,2815,崇达技术,15.22,1.47%,1.48%,8778.14万,8308.75万,469.39万,1.74亿
1316,2662,峰璟股份,4.15,1.47%,0.81%,2596.93万,2363.55万,233.38万,5035.76万
1317,2655,共达电声,22.15,1.47%,4.34%,1.71亿,1.74亿,-326.79万,3.47亿
1318,2538,ST司特,6.93,1.46%,0.98%,3420.16万,2299.28万,1120.88万,5754.58万
1319,301318,维海德,27.06,1.46%,0.56%,776.07万,558.99万,217.08万,1344.79万
1320,688207,格灵深瞳,14.59,1.46%,0.53%,1152.82万,828.10万,324.72万,2006.30万
1321,301162,国能日新,67.48,1.46%,1.37%,3544.49万,4321.21万,-776.72万,7898.78万
1322,301236,软通动力,39.53,1.46%,1.02%,1.88亿,1.28亿,5968.58万,3.18亿
1323,601608,中信重工,6.24,1.46%,0.33%,4903.52万,3875.34万,1028.18万,9255.29万
1324,600497,驰宏锌锗,8.33,1.46%,0.69%,1.59亿,1.32亿,2692.49万,2.91亿
1325,300036,超图软件,16.03,1.46%,0.94%,3580.75万,2820.84万,759.90万,6602.44万
1326,2153,石基信息,9.71,1.46%,0.48%,4280.90万,3179.74万,1101.16万,7493.37万
1327,21,深科技,28.69,1.45%,2.29%,5.52亿,4.44亿,1.09亿,10.19亿
1328,605389,长龄液压,72.04,1.45%,0.32%,1735.66万,1382.87万,352.79万,3140.88万
1329,2282,博深股份,6.98,1.45%,0.63%,1344.16万,804.59万,539.57万,2225.67万
1330,603950,长源东谷,60.71,1.45%,4.70%,4.82亿,4.39亿,4223.98万,9.27亿
1331,300663,科蓝软件,13.32,1.45%,0.83%,3120.39万,1934.35万,1186.04万,5089.92万
1332,300232,洲明科技,7.01,1.45%,1.67%,5712.98万,4442.43万,1270.55万,1.03亿
1333,2785,万里石,42.78,1.45%,2.92%,1.20亿,1.25亿,-484.34万,2.46亿
1334,2590,万安科技,12.62,1.45%,0.79%,2823.09万,2090.79万,732.30万,4920.70万
1335,2557,洽洽食品,22.45,1.45%,0.62%,4283.67万,2686.30万,1597.37万,7003.19万
1336,2440,闰土股份,11.88,1.45%,1.36%,7956.61万,6781.06万,1175.55万,1.51亿
1337,2406,远东传动,7.71,1.45%,1.71%,4085.67万,3760.49万,325.18万,7880.30万
1338,301528,多浦乐,66.85,1.44%,1.82%,1877.14万,1969.25万,-92.11万,3859.09万
1339,301132,满坤科技,42.31,1.44%,4.20%,9201.61万,7183.11万,2018.50万,1.67亿
1340,300892,品渥食品,28.2,1.44%,1.80%,1734.22万,1507.58万,226.63万,3264.63万
1341,301299,卓创资讯,68.8,1.43%,2.27%,4244.54万,2630.49万,1614.06万,6960.42万
1342,688051,佳华科技,31.9,1.43%,0.47%,682.68万,467.36万,215.33万,1162.58万
1343,301469,恒达新材,34.06,1.43%,1.16%,984.29万,816.85万,167.44万,1806.94万
1344,301618,长联科技,48.97,1.43%,0.83%,804.23万,475.82万,328.41万,1341.70万
1345,301327,华宝新能,64.64,1.43%,1.53%,1.04亿,6850.59万,3522.70万,1.73亿
1346,688091,上海谊众,58.04,1.43%,1.47%,8895.36万,8560.37万,334.99万,1.75亿
1347,600796,钱江生化,6.38,1.43%,1.25%,1305.22万,1127.88万,177.34万,2461.32万
1348,603630,拉芳家化,16.35,1.43%,0.73%,1514.57万,1123.40万,391.17万,2662.20万
1349,601799,星宇股份,131.0,1.43%,1.21%,2.28亿,2.30亿,-272.15万,4.59亿
1350,600446,金证股份,12.8,1.43%,0.68%,4570.54万,3441.30万,1129.23万,8102.14万
1351,688361,中科飞测,176.28,1.41%,0.83%,1.72亿,1.86亿,-1373.69万,3.62亿
1352,688459,哈铁科技,9.33,1.41%,0.14%,433.81万,202.13万,231.67万,636.79万
1353,688069,德林海,35.2,1.41%,0.82%,1709.91万,1507.86万,202.05万,3242.05万
1354,2723,小崧股份,10.06,1.41%,1.49%,2373.03万,2312.39万,60.63万,4738.89万
1355,688599,天合光能,16.59,1.41%,0.61%,1.33亿,9944.65万,3390.52万,2.36亿
1356,600552,凯盛科技,13.66,1.41%,2.38%,1.59亿,1.44亿,1507.26万,3.05亿
1357,300694,蠡湖股份,12.19,1.41%,0.72%,1057.22万,834.12万,223.10万,1906.09万
1358,300484,蓝海华腾,17.26,1.41%,1.04%,1504.26万,1420.84万,83.42万,2967.20万
1359,300359,全通教育,5.02,1.41%,0.51%,989.50万,622.15万,367.35万,1623.86万
1360,300152,ST新动力,2.16,1.41%,1.36%,1183.53万,890.01万,293.52万,2074.36万
1361,300059,东方财富,20.13,1.41%,1.05%,16.16亿,11.48亿,4.67亿,28.07亿
1362,2636,金安国纪,38.0,1.41%,3.40%,4.69亿,4.64亿,520.27万,9.38亿
1363,2388,新亚制程,5.02,1.41%,1.24%,1391.95万,1666.48万,-274.53万,3115.22万
1364,2292,奥飞娱乐,7.91,1.41%,0.93%,4280.92万,3151.95万,1128.97万,7494.86万
1365,1306,夏厦精密,67.05,1.41%,1.62%,918.17万,710.63万,207.54万,1680.39万
1366,925,众合科技,7.25,1.40%,0.99%,2824.85万,1905.40万,919.45万,4804.72万
1367,1259,利仁科技,31.2,1.40%,0.46%,340.78万,320.17万,20.61万,692.74万
1368,301025,读客文化,10.87,1.40%,1.03%,1875.89万,1214.83万,661.06万,3118.79万
1369,605589,圣泉集团,37.06,1.40%,1.82%,2.50亿,3.00亿,-4964.51万,5.64亿
1370,600202,哈空调,5.81,1.40%,0.96%,1103.97万,1015.55万,88.43万,2128.00万
1371,688296,和达科技,13.79,1.40%,0.47%,384.67万,297.46万,87.21万,688.28万
1372,603613,国联股份,27.55,1.40%,1.05%,1.11亿,9309.25万,1805.79万,2.07亿
1373,600452,涪陵电力,12.31,1.40%,1.25%,1.26亿,1.07亿,1904.54万,2.33亿
1374,300409,道氏技术,26.89,1.40%,2.72%,2.57亿,2.46亿,1148.18万,5.05亿
1375,300290,荣科科技,14.45,1.40%,0.99%,5827.21万,3267.32万,2559.89万,9132.83万
1376,2369,卓翼科技,7.25,1.40%,1.16%,2491.18万,2235.29万,255.90万,4750.34万
1377,1287,中电港,27.77,1.39%,1.93%,1.84亿,1.94亿,-970.57万,4.03亿
1378,301276,嘉曼服饰,24.74,1.39%,0.86%,998.97万,494.37万,504.59万,1528.47万
1379,2102,能特科技,2.91,1.39%,0.91%,2765.01万,2440.59万,324.42万,5661.85万
1380,688359,三孚新科,93.08,1.39%,1.98%,1.08亿,7258.64万,3493.01万,1.81亿
1381,2396,星网锐捷,28.52,1.39%,0.96%,9373.26万,6286.15万,3087.11万,1.59亿
1382,688561,奇安信,30.56,1.39%,0.30%,3855.95万,2366.24万,1489.71万,6299.88万
1383,603918,金桥信息,13.82,1.39%,0.88%,2802.00万,1548.16万,1253.84万,4425.92万
1384,601311,骆驼股份,10.21,1.39%,2.50%,1.65亿,1.35亿,2960.96万,3.01亿
1385,300346,南大光电,47.99,1.39%,1.89%,3.25亿,2.62亿,6273.07万,5.92亿
1386,300187,永清环保,5.09,1.39%,0.59%,1078.47万,824.16万,254.31万,1907.31万
1387,300127,银河磁体,30.54,1.39%,1.07%,4191.00万,3223.68万,967.32万,7507.90万
1388,301209,联合化学,93.25,1.38%,0.41%,1763.38万,1828.65万,-65.27万,3617.22万
1389,600137,浪莎股份,21.28,1.38%,1.62%,2076.32万,1098.25万,978.07万,3319.39万
1390,603768,常青股份,11.02,1.38%,0.38%,569.13万,420.48万,148.66万,991.70万
1391,603321,梅轮电梯,7.34,1.38%,0.40%,609.07万,375.01万,234.06万,1001.24万
1392,601636,旗滨集团,5.87,1.38%,0.65%,6131.70万,4421.12万,1710.58万,1.12亿
1393,601360,三六零,11.0,1.38%,0.63%,2.90亿,1.90亿,9939.28万,4.84亿
1394,300668,杰恩设计,57.31,1.38%,4.38%,1.27亿,1.18亿,896.47万,2.46亿
1395,1314,亿道信息,43.52,1.37%,0.43%,1096.45万,948.14万,148.32万,2326.82万
1396,301392,汇成真空,151.8,1.37%,5.40%,1.66亿,1.63亿,370.42万,3.33亿
1397,2975,博杰股份,88.11,1.37%,3.68%,1.50亿,1.85亿,-3468.18万,3.40亿
1398,688225,亚信安全,17.01,1.37%,0.62%,2259.91万,1891.63万,368.28万,4182.11万
1399,2059,云南旅游,5.19,1.37%,1.51%,5188.05万,2410.61万,2777.43万,7691.47万
1400,2455,百川股份,11.83,1.37%,5.85%,2.01亿,2.48亿,-4644.64万,4.51亿
1401,2396,星网锐捷,28.52,1.39%,0.96%,9373.26万,6286.15万,3087.11万,1.59亿
1402,603908,牧高笛,22.58,1.39%,0.47%,567.80万,412.29万,155.51万,988.67万
1403,601311,骆驼股份,10.21,1.39%,2.50%,1.65亿,1.35亿,2960.96万,3.01亿
1404,300346,南大光电,47.99,1.39%,1.89%,3.25亿,2.62亿,6273.07万,5.92亿
1405,300187,永清环保,5.09,1.39%,0.59%,1078.47万,824.16万,254.31万,1907.31万
1406,300127,银河磁体,30.54,1.39%,1.07%,4191.00万,3223.68万,967.32万,7507.90万
1407,301209,联合化学,93.25,1.38%,0.41%,1763.38万,1828.65万,-65.27万,3617.22万
1408,600137,浪莎股份,21.28,1.38%,1.62%,2076.32万,1098.25万,978.07万,3319.39万
1409,603321,梅轮电梯,7.34,1.38%,0.40%,609.07万,375.01万,234.06万,1001.24万
1410,601636,旗滨集团,5.87,1.38%,0.65%,6131.70万,4421.12万,1710.58万,1.12亿
1411,601360,三六零,11.0,1.38%,0.63%,2.90亿,1.90亿,9939.28万,4.84亿
1412,300668,杰恩设计,57.31,1.38%,4.38%,1.27亿,1.18亿,896.47万,2.46亿
1413,1314,亿道信息,43.52,1.37%,0.43%,1096.45万,948.14万,148.32万,2326.82万
1414,301392,汇成真空,151.8,1.37%,5.40%,1.66亿,1.63亿,370.42万,3.33亿
1415,2975,博杰股份,88.11,1.37%,3.68%,1.50亿,1.85亿,-3468.18万,3.40亿
1416,2059,云南旅游,5.19,1.37%,1.51%,5188.05万,2410.61万,2777.43万,7691.47万
1417,2455,百川股份,11.83,1.37%,5.85%,2.01亿,2.48亿,-4644.64万,4.51亿
1418,301571,国科天成,72.6,1.37%,2.97%,1.30亿,1.28亿,159.84万,2.60亿
1419,601908,京运通,4.43,1.37%,2.63%,1.45亿,1.35亿,1020.08万,2.81亿
1420,300700,岱勒新材,15.53,1.37%,1.89%,4255.23万,3640.93万,614.30万,7945.56万
1421,300291,百纳千成,6.68,1.37%,1.29%,3932.80万,4113.00万,-180.20万,8047.96万
1422,2832,比音勒芬,17.77,1.37%,1.47%,6199.32万,3894.21万,2305.11万,1.02亿
1423,2049,紫光国微,71.14,1.37%,0.83%,2.67亿,2.28亿,3835.11万,5.02亿
1424,791,甘肃能源,8.13,1.37%,2.29%,1.73亿,1.86亿,-1327.05万,3.61亿
1425,301325,曼恩斯特,45.36,1.36%,1.83%,2380.81万,2404.37万,-23.56万,4831.38万
1426,2686,亿利达,7.47,1.36%,4.78%,1.01亿,8418.62万,1654.59万,1.87亿
1427,603065,宿迁联盛,8.22,1.36%,0.44%,802.17万,686.64万,115.52万,1495.39万
1428,601609,金田股份,10.47,1.36%,0.70%,7432.71万,4974.07万,2458.64万,1.27亿
1429,300859,西域旅游,34.93,1.36%,2.86%,8314.22万,6956.75万,1357.47万,1.54亿
1430,300365,恒华科技,5.97,1.36%,1.93%,2920.38万,2918.59万,1.78万,5873.01万
1431,300224,正海磁材,14.89,1.36%,0.80%,5939.95万,5072.31万,867.64万,1.10亿
1432,300121,阳谷华泰,12.63,1.36%,0.88%,2534.37万,2191.30万,343.07万,4751.32万
1433,600032,浙江新能,9.79,1.35%,1.68%,2.12亿,1.78亿,3390.18万,3.97亿
1434,603888,新华网,20.3,1.35%,0.66%,5908.96万,3117.92万,2791.04万,9061.59万
1435,603686,福龙马,18.74,1.35%,1.40%,5992.29万,4807.26万,1185.03万,1.08亿
1436,601020,华钰矿业,29.23,1.35%,2.05%,2.41亿,2.34亿,672.69万,4.83亿
1437,300500,启迪设计,10.51,1.35%,0.94%,863.16万,740.72万,122.44万,1638.56万
1438,300025,华星创业,5.24,1.35%,0.98%,1457.52万,995.20万,462.32万,2596.46万
1439,2806,华锋股份,14.22,1.35%,2.69%,3940.10万,2665.29万,1274.82万,6641.81万
1440,2426,胜利精密,3.75,1.35%,1.83%,1.28亿,1.02亿,2543.43万,2.31亿
1441,688478,晶升股份,36.94,1.34%,2.60%,4696.81万,5193.99万,-497.19万,9921.78万
1442,2196,方正电机,14.37,1.34%,4.25%,1.39亿,1.61亿,-2137.68万,3.01亿
1443,688599,天合光能,16.58,1.34%,0.69%,1.56亿,1.09亿,4694.79万,2.67亿
1444,601595,上海电影,24.89,1.34%,0.39%,2353.65万,1976.41万,377.23万,4366.65万
1445,603900,莱绅通灵,7.56,1.34%,0.76%,1208.89万,668.36万,540.53万,1976.82万
1446,600980,北矿科技,22.62,1.34%,0.61%,1503.83万,1024.05万,479.79万,2622.34万
1447,600640,国脉文化,12.09,1.34%,0.27%,1476.56万,1097.31万,379.25万,2590.29万
1448,600578,京能电力,5.29,1.34%,0.23%,4769.79万,3447.77万,1322.02万,8242.85万
1449,300512,中亚股份,9.1,1.34%,0.47%,768.85万,593.91万,174.93万,1365.22万
1450,300400,劲拓股份,28.01,1.34%,3.35%,1.06亿,1.19亿,-1303.55万,2.26亿
1451,2194,武汉凡谷,10.59,1.34%,0.90%,2941.95万,1849.71万,1092.23万,4823.74万
1452,2119,康强电子,22.0,1.34%,4.68%,2.12亿,1.71亿,4022.30万,3.85亿
1453,736,*ST中地,5.3,1.34%,0.48%,1071.18万,830.74万,240.44万,1905.95万
1454,35,中国天楹,6.83,1.34%,1.26%,1.05亿,8670.59万,1865.28万,1.97亿
1455,2438,江苏神通,16.75,1.33%,0.73%,3534.15万,2093.44万,1440.70万,5700.81万
1456,688591,泰凌微,34.94,1.33%,1.94%,6511.40万,4716.89万,1794.51万,1.14亿
1457,2021,中捷资源,3.04,1.33%,1.42%,3086.15万,1996.73万,1089.42万,5097.41万
1458,301033,迈普医学,59.28,1.33%,0.67%,1193.62万,984.02万,209.60万,2225.56万
1459,300985,致远新能,22.02,1.33%,0.61%,1434.26万,1061.30万,372.96万,2502.61万
1460,605016,百龙创园,26.74,1.33%,0.77%,3832.13万,4773.94万,-941.81万,8651.53万
1461,761,本钢板材,3.04,1.33%,0.15%,902.80万,806.01万,96.79万,1731.19万
1462,603045,福达合金,33.58,1.33%,2.10%,5701.91万,3676.90万,2025.01万,9427.18万
1463,600586,金晶科技,5.34,1.33%,1.22%,6182.65万,2880.18万,3302.47万,9186.54万
1464,300278,华昌达,4.57,1.33%,0.61%,2032.14万,1875.46万,156.69万,3911.94万
1465,2910,庄园牧场,10.66,1.33%,0.97%,1032.08万,703.68万,328.39万,1754.42万
1466,2564,天沃科技,6.09,1.33%,0.77%,2542.78万,1433.07万,1109.70万,3979.56万
1467,2195,岩山科技,9.15,1.33%,1.62%,5.04亿,3.19亿,1.85亿,8.26亿
1468,626,远大控股,8.38,1.33%,2.29%,5392.29万,4240.07万,1152.23万,9704.43万
1469,300010,豆神教育,6.16,1.32%,1.07%,7019.09万,3686.83万,3332.26万,1.09亿
1470,301413,安培龙,123.31,1.32%,5.34%,1.87亿,1.98亿,-1128.55万,3.92亿
1471,688203,海正生材,12.26,1.32%,0.48%,586.47万,580.20万,6.27万,1176.19万
1472,603334,丰倍生物,54.37,1.32%,2.43%,2267.61万,1809.86万,457.75万,4085.63万
1473,301000,肇民科技,29.95,1.32%,0.85%,2829.70万,3015.48万,-185.77万,5892.56万
1474,601665,齐鲁银行,6.14,1.32%,0.71%,1.66亿,1.03亿,6215.98万,2.70亿
1475,688596,正帆科技,32.28,1.32%,0.99%,4939.43万,4288.98万,650.45万,9325.36万
1476,600267,海正药业,11.54,1.32%,6.77%,4.96亿,4.57亿,3854.56万,9.56亿
1477,600052,东望时代,3.83,1.32%,0.69%,1241.31万,972.66万,268.65万,2219.55万
1478,300348,长亮科技,13.8,1.32%,1.37%,7354.87万,5899.78万,1455.09万,1.33亿
1479,2077,大港股份,16.11,1.32%,1.43%,6389.25万,6353.07万,36.19万,1.32亿
1480,2065,东华软件,8.46,1.32%,0.56%,7689.87万,4999.98万,2689.89万,1.37亿
1481,688148,芳源股份,9.3,1.31%,2.52%,6499.82万,5294.43万,1205.39万,1.19亿
1482,301488,豪恩汽电,135.01,1.31%,2.38%,3957.58万,3376.95万,580.63万,7519.51万
1483,301361,众智科技,38.57,1.31%,4.14%,2525.19万,2246.66万,278.52万,4826.66万
1484,2843,泰嘉股份,24.78,1.31%,6.17%,1.98亿,1.83亿,1519.38万,3.83亿
1485,603132,金徽股份,18.5,1.31%,0.41%,3933.52万,3405.68万,527.84万,7354.39万
1486,600861,北京人力,16.27,1.31%,0.45%,1787.30万,832.21万,955.09万,2657.89万
1487,605180,华生科技,14.73,1.31%,0.34%,513.31万,321.67万,191.64万,836.90万
1488,603713,密尔克卫,60.9,1.31%,0.39%,2147.19万,1575.03万,572.16万,3735.01万
1489,603156,养元饮品,31.77,1.31%,0.22%,4974.48万,3974.93万,999.55万,8962.11万
1490,300188,国投智能,12.37,1.31%,0.50%,3189.06万,2057.59万,1131.47万,5250.12万
1491,300150,世纪瑞尔,5.43,1.31%,0.79%,1150.85万,803.08万,347.76万,1970.06万
1492,2955,鸿合科技,25.44,1.31%,0.39%,1133.99万,751.28万,382.70万,1947.65万
1493,2258,利尔化学,14.74,1.31%,0.61%,3931.45万,3168.65万,762.80万,7156.14万
1494,301613,新铝时代,47.44,1.30%,0.72%,1614.49万,1233.59万,380.91万,2883.70万
1495,301379,天山电子,25.64,1.30%,1.02%,1858.02万,1419.58万,438.43万,3327.55万
1496,2747,埃斯顿,20.99,1.30%,0.64%,4810.60万,5228.91万,-418.31万,1.05亿
1497,603848,好太太,15.53,1.30%,0.21%,908.62万,386.71万,521.91万,1304.50万
1498,603533,掌阅科技,25.77,1.30%,2.48%,1.43亿,1.37亿,602.83万,2.82亿
1499,600776,东方通信,15.56,1.30%,0.81%,7039.18万,4804.41万,2234.77万,1.20亿
1500,600281,华阳新材,5.46,1.30%,0.71%,1018.03万,937.62万,80.41万,1976.49万
1501,603848,好太太,15.53,1.30%,0.21%,908.62万,386.71万,521.91万,1304.50万
1502,603533,掌阅科技,25.77,1.30%,2.48%,1.43亿,1.37亿,602.83万,2.82亿
1503,600776,东方通信,15.56,1.30%,0.81%,7039.18万,4804.41万,2234.77万,1.20亿
1504,600281,华阳新材,5.46,1.30%,0.71%,1018.03万,937.62万,80.41万,1976.49万
1505,300633,开立医疗,27.18,1.30%,1.03%,3837.90万,3571.26万,266.65万,7496.09万
1506,300435,中泰股份,27.24,1.30%,1.46%,7855.02万,6673.72万,1181.31万,1.46亿
1507,300368,汇金股份,10.92,1.30%,1.46%,4774.57万,3529.00万,1245.56万,8352.37万
1508,2895,川恒股份,38.15,1.30%,0.62%,7685.42万,6159.42万,1526.01万,1.41亿
1509,2856,美芝股份,11.69,1.30%,2.05%,1670.79万,1248.40万,422.38万,2934.86万
1510,2483,润邦股份,6.99,1.30%,0.30%,1080.49万,704.48万,376.01万,1856.92万
1511,757,浩物股份,4.68,1.30%,0.66%,1020.98万,581.52万,439.46万,1618.86万
1512,688348,昱能科技,53.34,1.29%,0.73%,3300.74万,2718.00万,582.74万,6039.22万
1513,688197,首药控股,42.33,1.29%,1.77%,2577.24万,2148.01万,429.24万,4762.66万
1514,1209,洪兴股份,20.41,1.29%,0.77%,891.08万,562.51万,328.57万,1497.25万
1515,603041,美思德,12.55,1.29%,0.43%,512.61万,441.61万,71.00万,973.43万
1516,301519,舜禹股份,14.15,1.29%,1.14%,632.70万,515.12万,117.57万,1199.45万
1517,688598,金博股份,23.6,1.29%,0.94%,2669.78万,1808.72万,861.06万,4504.75万
1518,300815,玉禾田,21.25,1.29%,0.43%,2242.03万,1238.29万,1003.74万,3535.97万
1519,688472,阿特斯,13.37,1.29%,1.80%,1.74亿,1.46亿,2823.67万,3.23亿
1520,603012,创力集团,8.61,1.29%,0.88%,2575.28万,2256.41万,318.87万,4875.53万
1521,601369,陕鼓动力,10.24,1.29%,0.28%,2830.77万,1999.33万,831.43万,4880.36万
1522,600819,耀皮玻璃,7.07,1.29%,0.41%,1178.90万,919.00万,259.90万,2135.00万
1523,300508,维宏股份,39.12,1.29%,0.95%,1822.19万,1195.75万,626.44万,3026.95万
1524,300449,汉邦高科,7.05,1.29%,0.68%,1069.47万,765.57万,303.90万,1848.36万
1525,2599,盛通股份,7.09,1.29%,0.95%,1387.86万,1287.89万,99.97万,2678.87万
1526,2117,东港股份,10.17,1.29%,1.22%,3368.21万,3120.12万,248.09万,6500.43万
1527,796,凯撒旅业,5.49,1.29%,1.80%,7955.66万,5050.13万,2905.53万,1.31亿
1528,688591,泰凌微,34.92,1.28%,2.02%,6785.48万,4969.65万,1815.83万,1.18亿
1529,1215,千味央厨,38.77,1.28%,2.01%,3112.26万,4281.17万,-1168.91万,7485.34万
1530,688060,云涌科技,45.92,1.28%,0.21%,329.60万,221.88万,107.71万,590.87万
1531,688372,伟测科技,156.6,1.28%,1.96%,2.66亿,2.33亿,3278.09万,5.12亿
1532,688261,东微半导,74.23,1.28%,1.30%,6616.71万,5096.26万,1520.46万,1.17亿
1533,688328,深科达,41.02,1.28%,2.50%,5039.03万,4487.61万,551.42万,9576.95万
1534,300065,海兰信,26.84,1.28%,6.26%,5.82亿,5.10亿,7157.02万,11.02亿
1535,301015,百洋医药,26.21,1.28%,2.08%,1.64亿,1.18亿,4518.95万,2.84亿
1536,688663,新风光,62.56,1.28%,1.15%,5868.60万,4189.63万,1678.97万,1.01亿
1537,688350,富淼科技,28.4,1.28%,0.88%,2037.00万,1507.80万,529.21万,3560.54万
1538,603595,ST东尼,16.65,1.28%,0.57%,1197.80万,992.91万,204.88万,2200.36万
1539,603236,移远通信,77.72,1.28%,0.94%,1.05亿,8279.67万,2258.13万,1.90亿
1540,300014,亿纬锂能,71.22,1.28%,2.49%,19.44亿,17.29亿,2.15亿,36.94亿
1541,2956,西麦食品,27.77,1.28%,0.46%,1474.67万,1332.11万,142.56万,2822.35万
1542,2915,中欣氟材,21.29,1.28%,0.82%,2530.48万,2317.95万,212.54万,5024.30万
1543,2777,久远银海,16.63,1.28%,0.63%,2400.46万,1691.87万,708.59万,4226.38万
1544,2343,慈文传媒,6.35,1.28%,1.33%,2269.46万,1714.58万,554.88万,3996.93万
1545,892,欢瑞世纪,6.35,1.28%,4.97%,1.14亿,1.12亿,184.60万,2.27亿
1546,688176,亚虹医药,14.38,1.27%,2.38%,8384.90万,6242.43万,2142.47万,1.48亿
1547,688789,宏华数科,71.08,1.27%,0.26%,1632.60万,1555.36万,77.24万,3295.92万
1548,688053,ST思科瑞,39.07,1.27%,0.39%,643.18万,869.85万,-226.67万,1536.11万
1549,688015,交控科技,23.09,1.27%,0.38%,657.90万,988.78万,-330.88万,1659.01万
1550,603305,旭升集团,15.15,1.27%,1.38%,1.10亿,1.32亿,-2211.19万,2.43亿
1551,300398,飞凯材料,28.01,1.27%,2.56%,1.80亿,2.20亿,-3917.75万,4.02亿
1552,2457,青龙管业,11.15,1.27%,2.35%,4812.68万,3793.43万,1019.26万,8643.24万
1553,2039,黔源电力,20.8,1.27%,1.63%,8064.68万,6341.29万,1723.39万,1.45亿
1554,301005,超捷股份,169.28,1.26%,4.96%,5.75亿,5.24亿,5133.03万,11.10亿
1555,301252,同星科技,38.52,1.26%,4.59%,4818.73万,3585.32万,1233.42万,8443.36万
1556,300873,海晨股份,22.44,1.26%,0.63%,1490.87万,759.13万,731.75万,2357.07万
1557,688596,正帆科技,32.26,1.26%,1.05%,5381.68万,4511.69万,869.99万,9919.59万
1558,603577,汇金通,11.28,1.26%,1.37%,2378.99万,2525.99万,-147.00万,5133.60万
1559,300681,英搏尔,27.29,1.26%,6.20%,1.91亿,1.96亿,-463.08万,3.89亿
1560,300505,川金诺,27.4,1.26%,4.13%,1.30亿,1.13亿,1696.42万,2.45亿
1561,300168,万达信息,5.61,1.26%,0.56%,2737.09万,1756.35万,980.74万,4588.52万
1562,1313,粤海饲料,8.08,1.25%,0.90%,2903.34万,2056.00万,847.34万,5066.18万
1563,301556,托普云农,84.36,1.25%,2.55%,3775.11万,2409.55万,1365.57万,6322.33万
1564,688584,上海合晶,20.19,1.25%,0.48%,1656.13万,1597.39万,58.74万,3286.80万
1565,2188,中天服务,6.46,1.25%,2.33%,1889.70万,1925.16万,-35.46万,3822.09万
1566,301016,雷尔伟,24.24,1.25%,1.48%,3716.33万,3658.02万,58.31万,7409.77万
1567,688329,艾隆科技,24.3,1.25%,0.76%,652.09万,729.38万,-77.29万,1399.12万
1568,300939,秋田微,40.43,1.25%,2.13%,5520.35万,4605.99万,914.36万,1.03亿
1569,603408,建霖家居,12.13,1.25%,0.17%,591.30万,340.01万,251.29万,938.22万
1570,600746,江苏索普,9.75,1.25%,0.64%,3105.98万,3380.99万,-275.01万,7206.56万
1571,600490,鹏欣资源,8.12,1.25%,0.83%,6477.99万,6860.94万,-382.96万,1.34亿
1572,300703,创源股份,20.24,1.25%,1.13%,2171.96万,1411.77万,760.19万,3836.17万
1573,300560,中富通,16.18,1.25%,1.69%,2301.28万,2741.50万,-440.22万,5079.04万
1574,300554,三超新材,22.68,1.25%,1.18%,1214.98万,860.51万,354.47万,2107.04万
1575,300540,蜀道装备,20.28,1.25%,0.97%,2590.54万,1369.34万,1221.19万,4037.70万
1576,300002,神州泰岳,9.69,1.25%,0.94%,9585.42万,6230.04万,3355.38万,1.68亿
1577,2783,凯龙股份,9.72,1.25%,1.25%,3483.28万,2081.79万,1401.49万,5587.65万
1578,2601,龙佰集团,17.85,1.25%,0.63%,1.20亿,1.01亿,1880.43万,2.22亿
1579,301261,恒工精密,77.52,1.24%,1.61%,2246.21万,2349.69万,-103.48万,4664.94万
1580,600386,北巴传媒,4.08,1.24%,0.77%,1338.02万,1127.79万,210.23万,2518.75万
1581,600180,瑞茂通,3.26,1.24%,0.61%,917.57万,1043.89万,-126.32万,2132.21万
1582,300339,润和软件,40.76,1.24%,1.12%,2.07亿,1.41亿,6535.37万,3.53亿
1583,2877,智能自控,8.95,1.24%,1.26%,1507.90万,1151.17万,356.73万,2703.48万
1584,2555,三七互娱,22.9,1.24%,1.41%,2.65亿,2.42亿,2322.46万,5.13亿
1585,2539,云图控股,14.72,1.24%,1.50%,1.11亿,8534.07万,2561.58万,1.97亿
1586,2103,广博股份,8.19,1.24%,0.75%,1449.63万,789.54万,660.09万,2301.42万
1587,524,岭南控股,10.73,1.23%,1.03%,4522.85万,2804.64万,1718.20万,7386.02万
1588,619,海螺新材,5.78,1.23%,0.94%,938.71万,995.88万,-57.18万,1940.13万
1589,300995,奇德新材,36.33,1.23%,1.07%,1069.80万,1220.16万,-150.36万,2329.23万
1590,603786,科博达,56.88,1.23%,0.44%,5287.54万,4748.06万,539.48万,1.02亿
1591,688183,生益电子,105.72,1.23%,1.48%,6.49亿,6.39亿,1002.50万,13.00亿
1592,603078,江化微,23.0,1.23%,0.92%,3840.31万,4221.17万,-380.86万,8112.28万
1593,600609,金杯汽车,4.13,1.23%,0.68%,2266.83万,1382.79万,884.04万,3661.88万
1594,600292,电投水电,15.59,1.23%,1.17%,7205.84万,6902.33万,303.51万,1.42亿
1595,300457,赢合科技,27.95,1.23%,1.33%,1.20亿,1.16亿,428.22万,2.37亿
1596,300074,华平股份,4.11,1.23%,1.06%,1184.72万,1107.03万,77.70万,2372.02万
1597,300035,中科电气,23.02,1.23%,4.38%,2.88亿,2.94亿,-572.41万,5.90亿
1598,2616,长青集团,5.78,1.23%,1.37%,2626.32万,2016.60万,609.73万,4656.38万
1599,2528,ST英飞拓,4.94,1.23%,3.75%,8835.41万,1.02亿,-1367.17万,1.91亿
1600,2387,维信诺,8.23,1.23%,0.44%,2943.57万,2066.02万,877.55万,5017.24万
1601,301159,三维天地,41.91,1.21%,1.44%,1697.89万,1494.36万,203.53万,3210.71万
1602,688323,瑞华泰,20.9,1.21%,1.55%,2799.95万,2934.52万,-134.57万,5786.21万
1603,603699,纽威股份,51.74,1.21%,0.41%,7876.31万,8206.08万,-329.77万,1.62亿
1604,603373,安邦护卫,40.93,1.21%,1.36%,1657.52万,850.51万,807.01万,2516.62万
1605,601127,赛力斯,89.39,1.21%,0.66%,5.31亿,3.92亿,1.39亿,9.26亿
1606,300417,南华仪器,12.55,1.21%,1.38%,799.08万,693.24万,105.84万,1501.86万
1607,426,兴业银锡,44.4,1.21%,1.45%,5.96亿,5.21亿,7539.27万,11.32亿
1608,301563,云汉芯城,161.91,1.20%,5.57%,7041.15万,6035.56万,1005.59万,1.32亿
1609,301448,开创电气,38.71,1.20%,1.36%,1422.54万,1094.31万,328.22万,2528.08万
1610,688148,芳源股份,9.29,1.20%,2.35%,6060.74万,5026.71万,1034.03万,1.12亿
1611,301217,铜冠铜箔,45.7,1.20%,2.79%,5.14亿,5.16亿,-209.79万,10.40亿
1612,300488,恒锋工具,28.6,1.20%,0.67%,1797.46万,1302.44万,495.01万,3105.91万
1613,603155,新亚强,16.08,1.20%,0.41%,1225.82万,813.69万,412.13万,2091.59万
1614,300650,太龙股份,16.02,1.20%,2.49%,3448.43万,3232.45万,215.98万,6723.67万
1615,603636,南威软件,9.31,1.20%,0.56%,1797.64万,1182.98万,614.66万,3017.03万
1616,603039,泛微网络,43.92,1.20%,1.40%,9278.90万,6360.57万,2918.33万,1.57亿
1617,300207,欣旺达,29.45,1.20%,5.67%,15.67亿,13.07亿,2.60亿,28.78亿
1618,300197,节能铁汉,1.68,1.20%,0.64%,1922.39万,1269.46万,652.93万,3195.50万
1619,2826,易明医药,20.27,1.20%,1.19%,2622.74万,1529.80万,1092.94万,4368.24万
1620,2495,佳隆股份,2.54,1.20%,1.61%,1581.08万,1251.01万,330.07万,2836.58万
1621,2474,榕基软件,7.59,1.20%,1.03%,2212.99万,1736.81万,476.17万,4121.37万
1622,2459,晶澳科技,10.99,1.20%,0.55%,9469.91万,1.01亿,-648.29万,1.98亿
1623,2379,宏桥控股,28.61,1.20%,0.78%,1.30亿,1.24亿,636.10万,2.56亿
1624,2313,日海智能,8.42,1.20%,0.86%,1533.18万,1159.57万,373.61万,2700.15万
1625,2284,亚太股份,14.35,1.20%,1.10%,5275.98万,6232.77万,-956.78万,1.16亿
1626,300727,润禾材料,33.85,1.20%,0.92%,3082.41万,1881.44万,1200.97万,5014.65万
1627,301536,星宸科技,75.48,1.19%,1.30%,8397.53万,9736.08万,-1338.55万,1.84亿
1628,300530,领湃科技,24.58,1.19%,0.59%,1476.58万,993.60万,482.98万,2474.36万
1629,688261,东微半导,74.16,1.19%,1.25%,6339.31万,4903.72万,1435.59万,1.13亿
1630,688395,正弦电气,26.4,1.19%,0.36%,463.65万,346.44万,117.21万,812.45万
1631,300823,建科智能,16.15,1.19%,0.91%,625.94万,590.26万,35.67万,1229.27万
1632,600818,中路股份,8.5,1.19%,0.77%,967.02万,540.47万,426.55万,1554.25万
1633,600189,泉阳泉,7.66,1.19%,0.76%,2323.58万,1736.17万,587.40万,4118.29万
1634,300537,广信材料,22.12,1.19%,0.85%,1338.49万,1397.86万,-59.37万,2849.07万
1635,300403,汉宇集团,11.94,1.19%,0.95%,2160.15万,2470.71万,-310.56万,4860.02万
1636,2445,中南文化,3.4,1.19%,2.67%,1.14亿,9302.43万,2107.96万,2.13亿
1637,2160,常铝股份,5.1,1.19%,1.32%,3625.53万,3324.48万,301.05万,6967.77万
1638,932,华菱钢铁,5.09,1.19%,0.62%,1.37亿,7866.25万,5878.36万,2.17亿
1639,905,厦门港务,11.05,1.19%,1.06%,4479.42万,3868.67万,610.75万,8583.47万
1640,629,钒钛股份,3.4,1.19%,0.50%,9179.26万,6414.54万,2764.72万,1.59亿
1641,301135,瑞德智能,28.2,1.18%,0.62%,863.08万,456.31万,406.77万,1325.60万
1642,2420,毅昌科技,7.73,1.18%,0.94%,1511.13万,1372.71万,138.42万,2901.96万
1643,2820,桂发祥,10.31,1.18%,1.26%,1399.04万,1118.06万,280.98万,2580.58万
1644,2600,领益智造,13.74,1.18%,0.71%,3.41亿,3.49亿,-853.39万,6.94亿
1645,603828,ST柯利达,5.99,1.18%,0.13%,195.95万,257.52万,-61.57万,457.24万
1646,300740,水羊股份,21.51,1.18%,0.77%,3514.49万,2425.97万,1088.52万,5980.03万
1647,300645,正元智慧,17.13,1.18%,0.83%,990.54万,975.21万,15.33万,1977.38万
1648,300631,久吾高科,27.55,1.18%,1.29%,2716.30万,1553.86万,1162.45万,4286.69万
1649,2301,齐心集团,6.85,1.18%,0.46%,1142.58万,1070.11万,72.48万,2254.97万
1650,3033,征和工业,60.21,1.18%,1.18%,3353.13万,2338.20万,1014.92万,5707.58万
1651,596,古井贡酒,107.36,1.17%,0.38%,1.02亿,6061.67万,4135.15万,1.63亿
1652,688203,海正生材,12.24,1.16%,0.45%,557.30万,561.35万,-4.04万,1120.92万
1653,2640,跨境通,3.49,1.16%,0.90%,2677.41万,2105.29万,572.13万,4809.62万
1654,688259,创耀科技,37.52,1.16%,0.71%,1593.98万,1340.18万,253.80万,3004.17万
1655,688669,聚石化学,26.27,1.16%,1.02%,1887.78万,1276.10万,611.68万,3222.25万
1656,688355,明志科技,22.71,1.16%,0.95%,1520.74万,1116.82万,403.92万,2658.07万
1657,300614,百川畅银,13.08,1.16%,0.85%,826.75万,931.90万,-105.15万,1765.32万
1658,300837,浙矿股份,36.64,1.16%,0.98%,1580.52万,1066.21万,514.31万,2682.25万
1659,603729,龙韵股份,16.61,1.16%,1.02%,927.28万,635.28万,292.00万,1573.53万
1660,600106,重庆路桥,6.13,1.16%,0.50%,2234.98万,1589.75万,645.23万,4062.17万
1661,300659,中孚信息,13.07,1.16%,1.11%,1527.42万,1156.80万,370.62万,2743.86万
1662,300525,博思软件,10.45,1.16%,0.92%,3613.45万,2304.52万,1308.93万,5955.59万
1663,300466,赛摩智能,8.72,1.16%,0.49%,1147.76万,739.40万,408.36万,1899.20万
1664,2845,同兴达,13.94,1.16%,0.89%,1552.45万,1448.72万,103.73万,3070.76万
1665,2801,微光股份,32.14,1.16%,0.49%,1046.64万,698.89万,347.75万,1817.13万
1666,2571,德力股份,12.24,1.16%,1.33%,3248.59万,1593.31万,1655.28万,4848.02万
1667,301348,蓝箭电子,24.63,1.15%,1.93%,4233.36万,3061.13万,1172.23万,7333.68万
1668,688584,上海合晶,20.17,1.15%,0.44%,1513.40万,1438.14万,75.26万,3005.83万
1669,1359,平安电工,79.92,1.15%,2.43%,5360.69万,3519.68万,1841.01万,8957.90万
1670,603173,福斯达,42.04,1.15%,0.42%,1643.86万,1133.78万,510.08万,2795.29万
1671,2337,赛象科技,6.18,1.15%,0.49%,1080.09万,693.82万,386.27万,1779.41万
1672,301256,华融化学,13.2,1.15%,0.66%,2261.30万,1905.43万,355.87万,4184.70万
1673,601288,农业银行,7.03,1.15%,0.09%,9.65亿,9.38亿,2701.50万,19.17亿
1674,601006,大秦铁路,5.29,1.15%,0.49%,3.92亿,1.24亿,2.67亿,5.21亿
1675,600876,凯盛新能,9.67,1.15%,1.22%,2683.03万,1838.66万,844.37万,4635.14万
1676,300413,芒果超媒,21.2,1.15%,0.66%,7903.91万,6187.34万,1716.57万,1.43亿
1677,300081,ST恒信,3.51,1.15%,3.34%,3892.28万,2861.04万,1031.23万,7018.93万
1678,2679,福建金森,10.55,1.15%,0.84%,1157.52万,872.21万,285.31万,2075.45万
1679,2484,江海股份,34.38,1.15%,4.86%,7.18亿,6.57亿,6103.70万,13.80亿
1680,2312,川发龙蟒,11.48,1.15%,0.76%,9521.65万,6664.26万,2857.39万,1.63亿
1681,2129,TCL中环,8.78,1.15%,0.66%,1.27亿,1.03亿,2445.34万,2.33亿
1682,603325,博隆技术,75.38,1.14%,0.81%,785.30万,1193.58万,-408.28万,2072.23万
1683,301359,东南电子,21.34,1.14%,0.79%,659.51万,461.75万,197.76万,1146.19万
1684,300993,玉马科技,12.4,1.14%,0.36%,658.31万,386.90万,271.41万,1060.82万
1685,300956,英力股份,15.08,1.14%,0.72%,1450.61万,790.45万,660.17万,2264.28万
1686,300376,易事特,6.23,1.14%,0.53%,3816.34万,3733.91万,82.44万,7577.49万
1687,300898,熊猫乳品,23.92,1.14%,3.80%,5000.70万,5292.60万,-291.89万,1.03亿
1688,603580,*ST艾艾,18.65,1.14%,0.80%,1028.20万,888.09万,140.10万,1933.16万
1689,301026,浩通科技,29.38,1.14%,1.10%,2220.92万,1389.54万,831.39万,3677.17万
1690,603738,泰晶科技,27.46,1.14%,5.99%,3.45亿,2.87亿,5791.58万,6.36亿
1691,300747,锐科激光,32.72,1.14%,1.77%,1.49亿,1.42亿,688.39万,2.94亿
1692,300649,杭州园林,15.04,1.14%,0.79%,726.82万,508.75万,218.07万,1243.38万
1693,300566,激智科技,18.56,1.14%,1.00%,2330.42万,1857.80万,472.62万,4196.02万
1694,2514,宝馨科技,4.42,1.14%,1.42%,1681.76万,1772.86万,-91.10万,3459.40万
1695,2093,国脉科技,9.77,1.14%,0.47%,2877.54万,1646.46万,1231.08万,4644.36万
1696,600227,赤天化,3.57,1.13%,4.29%,1.11亿,8339.28万,2720.91万,1.95亿
1697,300588,熙菱信息,25.14,1.13%,0.65%,1428.00万,1406.82万,21.18万,2879.06万
1698,2362,汉王科技,18.81,1.13%,0.51%,1330.87万,622.05万,708.82万,1965.33万
1699,2232,启明信息,17.94,1.13%,0.48%,2005.06万,1505.29万,499.78万,3523.63万
1700,829,天音控股,10.78,1.13%,1.36%,7772.48万,6968.82万,803.66万,1.49亿
1701,301255,通力科技,29.23,1.11%,9.97%,5416.62万,5685.46万,-268.83万,1.12亿
1702,978,桂林旅游,8.22,1.11%,9.03%,1.82亿,1.59亿,2310.77万,3.47亿
1703,688192,迪哲医药,60.87,1.11%,0.65%,1.01亿,7795.62万,2330.73万,1.79亿
1704,603065,宿迁联盛,8.2,1.11%,0.39%,664.73万,654.55万,10.19万,1348.06万
1705,301587,中瑞股份,27.28,1.11%,5.72%,5451.84万,5322.04万,129.80万,1.14亿
1706,688244,永信至诚,19.06,1.11%,0.46%,808.43万,490.68万,317.75万,1299.86万
1707,2501,利源股份,1.82,1.11%,0.59%,2567.26万,1197.10万,1370.15万,3786.01万
1708,301263,泰恩康,29.04,1.11%,0.94%,4411.49万,3802.58万,608.92万,8236.72万
1709,300970,华绿生物,30.94,1.11%,3.42%,5611.57万,4104.39万,1507.18万,1.01亿
1710,600778,友好集团,6.37,1.11%,0.72%,766.21万,579.85万,186.37万,1408.13万
1711,603766,隆鑫通用,15.49,1.11%,0.68%,1.21亿,9521.19万,2623.07万,2.18亿
1712,600892,*ST大晟,3.64,1.11%,0.62%,704.34万,546.49万,157.86万,1272.03万
1713,600278,东方创业,7.3,1.11%,0.33%,1284.17万,765.73万,518.43万,2105.75万
1714,300660,江苏雷利,43.68,1.11%,0.60%,5467.48万,6195.78万,-728.30万,1.18亿
1715,300532,今天国际,11.83,1.11%,0.71%,2063.24万,1506.77万,556.47万,3598.16万
1716,300196,长海股份,19.14,1.11%,5.90%,1.34亿,1.45亿,-1119.50万,2.79亿
1717,300160,秀强股份,5.46,1.11%,0.46%,1132.26万,755.43万,376.82万,1909.98万
1718,300012,华测检测,15.55,1.11%,0.58%,7868.03万,4932.06万,2935.97万,1.30亿
1719,2581,ST未名,7.26,1.11%,0.69%,1262.02万,729.53万,532.50万,1995.91万
1720,2130,沃尔核材,25.48,1.11%,1.62%,2.62亿,2.03亿,5830.04万,4.71亿
1721,2003,伟星股份,9.99,1.11%,0.25%,1576.06万,914.85万,661.21万,2570.21万
1722,610,西安旅游,9.09,1.11%,7.09%,7968.26万,7001.33万,966.94万,1.50亿
1723,415,渤海租赁,4.55,1.11%,0.65%,8138.72万,7784.25万,354.47万,1.61亿
1724,537,绿发电力,10.08,1.10%,1.01%,1.25亿,8164.82万,4347.76万,2.09亿
1725,688455,科捷智能,28.47,1.10%,0.68%,1622.93万,1521.99万,100.94万,3216.47万
1726,301133,金钟股份,43.98,1.10%,0.96%,2768.52万,1844.14万,924.38万,4690.11万
1727,2064,华峰化学,11.06,1.10%,0.51%,1.39亿,1.36亿,243.73万,2.79亿
1728,300989,蕾奥规划,14.66,1.10%,1.30%,1766.37万,991.66万,774.70万,2848.04万
1729,688663,新风光,62.45,1.10%,1.12%,5721.58万,4079.37万,1642.21万,9849.05万
1730,603815,交建股份,6.43,1.10%,9.32%,1.74亿,2.04亿,-2995.60万,3.80亿
1731,603613,国联股份,27.47,1.10%,0.97%,1.02亿,8750.26万,1460.67万,1.92亿
1732,600699,均胜电子,25.83,1.10%,1.49%,2.46亿,2.75亿,-2851.13万,5.24亿
1733,300420,五洋自控,3.66,1.10%,1.10%,2941.41万,1550.16万,1391.25万,4492.34万
1734,2722,物产金轮,14.72,1.10%,0.45%,772.27万,683.09万,89.18万,1469.49万
1735,2598,ST章鼓,8.24,1.10%,1.79%,2165.20万,1997.78万,167.42万,4215.39万
1736,2520,日发精机,5.52,1.10%,1.27%,2801.42万,2083.66万,717.76万,4998.40万
1737,2161,远望谷,7.32,1.10%,1.06%,2564.24万,2819.45万,-255.21万,5433.32万
1738,2137,实益达,8.3,1.10%,0.93%,1651.59万,1361.59万,290.00万,3044.05万
1739,600671,天目药业,19.49,1.09%,1.07%,1433.76万,1076.05万,357.71万,2517.02万
1740,301398,星源卓镁,48.33,1.09%,3.60%,3844.46万,2577.19万,1267.27万,6521.30万
1741,2760,凤形股份,21.36,1.09%,1.11%,1342.31万,1125.63万,216.68万,2532.27万
1742,688798,艾为电子,67.93,1.09%,0.87%,3979.24万,3926.28万,52.96万,7954.15万
1743,603408,建霖家居,12.11,1.09%,0.13%,391.38万,292.71万,98.67万,690.38万
1744,603657,春光科技,25.94,1.09%,0.65%,1366.32万,885.92万,480.40万,2279.47万
1745,601003,柳钢股份,4.62,1.09%,0.31%,1857.03万,1711.49万,145.54万,3687.36万
1746,300606,金太阳,37.93,1.09%,4.79%,1.07亿,1.02亿,549.84万,2.11亿
1747,300304,云意电气,12.97,1.09%,0.64%,3214.04万,3718.75万,-504.72万,7099.14万
1748,300120,经纬辉开,7.4,1.09%,0.73%,1614.27万,1200.69万,413.58万,2825.25万
1749,300066,三川智慧,6.5,1.09%,0.81%,2540.91万,2594.84万,-53.93万,5288.15万
1750,2458,益生股份,10.2,1.09%,1.10%,4460.25万,3490.90万,969.35万,8045.01万
1751,301263,泰恩康,29.04,1.11%,0.94%,4411.49万,3802.58万,608.92万,8236.72万
1752,300970,华绿生物,30.94,1.11%,3.42%,5611.57万,4104.39万,1507.18万,1.01亿
1753,600778,友好集团,6.37,1.11%,0.72%,766.21万,579.85万,186.37万,1408.13万
1754,600892,*ST大晟,3.64,1.11%,0.62%,704.34万,546.49万,157.86万,1272.03万
1755,600278,东方创业,7.3,1.11%,0.33%,1284.17万,765.73万,518.43万,2105.75万
1756,300660,江苏雷利,43.68,1.11%,0.60%,5467.48万,6195.78万,-728.30万,1.18亿
1757,300532,今天国际,11.83,1.11%,0.71%,2063.24万,1506.77万,556.47万,3598.16万
1758,300196,长海股份,19.14,1.11%,5.90%,1.34亿,1.45亿,-1119.50万,2.79亿
1759,300160,秀强股份,5.46,1.11%,0.46%,1132.26万,755.43万,376.82万,1909.98万
1760,300012,华测检测,15.55,1.11%,0.58%,7868.03万,4932.06万,2935.97万,1.30亿
1761,2581,ST未名,7.26,1.11%,0.69%,1262.02万,729.53万,532.50万,1995.91万
1762,2130,沃尔核材,25.48,1.11%,1.62%,2.62亿,2.03亿,5830.04万,4.71亿
1763,2003,伟星股份,9.99,1.11%,0.25%,1576.06万,914.85万,661.21万,2570.21万
1764,610,西安旅游,9.09,1.11%,7.09%,7968.26万,7001.33万,966.94万,1.50亿
1765,415,渤海租赁,4.55,1.11%,0.65%,8138.72万,7784.25万,354.47万,1.61亿
1766,537,绿发电力,10.08,1.10%,1.01%,1.25亿,8164.82万,4347.76万,2.09亿
1767,688455,科捷智能,28.47,1.10%,0.68%,1622.93万,1521.99万,100.94万,3216.47万
1768,301133,金钟股份,43.98,1.10%,0.96%,2768.52万,1844.14万,924.38万,4690.11万
1769,2064,华峰化学,11.06,1.10%,0.51%,1.39亿,1.36亿,243.73万,2.79亿
1770,300989,蕾奥规划,14.66,1.10%,1.30%,1766.37万,991.66万,774.70万,2848.04万
1771,605056,咸亨国际,28.4,1.10%,1.12%,5982.69万,6447.67万,-464.98万,1.27亿
1772,688663,新风光,62.45,1.10%,1.12%,5721.58万,4079.37万,1642.21万,9849.05万
1773,605358,立昂微,35.85,1.10%,0.97%,1.28亿,1.04亿,2334.86万,2.33亿
1774,603320,迪贝电气,22.99,1.10%,2.21%,3540.13万,3923.21万,-383.08万,7527.11万
1775,600699,均胜电子,25.83,1.10%,1.49%,2.46亿,2.75亿,-2851.13万,5.24亿
1776,605259,绿田机械,21.23,1.10%,0.55%,1066.39万,901.12万,165.27万,2001.04万
1777,300420,五洋自控,3.66,1.10%,1.10%,2941.41万,1550.16万,1391.25万,4492.34万
1778,2722,物产金轮,14.72,1.10%,0.45%,772.27万,683.09万,89.18万,1469.49万
1779,2598,ST章鼓,8.24,1.10%,1.79%,2165.20万,1997.78万,167.42万,4215.39万
1780,2520,日发精机,5.52,1.10%,1.27%,2801.42万,2083.66万,717.76万,4998.40万
1781,2161,远望谷,7.32,1.10%,1.06%,2564.24万,2819.45万,-255.21万,5433.32万
1782,2137,实益达,8.3,1.10%,0.93%,1651.59万,1361.59万,290.00万,3044.05万
1783,600671,天目药业,19.49,1.09%,1.07%,1433.76万,1076.05万,357.71万,2517.02万
1784,301398,星源卓镁,48.33,1.09%,3.60%,3844.46万,2577.19万,1267.27万,6521.30万
1785,2760,凤形股份,21.36,1.09%,1.11%,1342.31万,1125.63万,216.68万,2532.27万
1786,603719,良品铺子,10.17,1.09%,0.41%,1041.85万,596.29万,445.56万,1641.51万
1787,688798,艾为电子,67.93,1.09%,0.87%,3979.24万,3926.28万,52.96万,7954.15万
1788,603099,长白山,36.24,1.09%,1.62%,8849.86万,6607.31万,2242.55万,1.55亿
1789,601336,新华保险,62.33,1.09%,0.41%,2.69亿,2.16亿,5307.00万,5.23亿
1790,601003,柳钢股份,4.62,1.09%,0.31%,1857.03万,1711.49万,145.54万,3687.36万
1791,300606,金太阳,37.93,1.09%,4.79%,1.07亿,1.02亿,549.84万,2.11亿
1792,300304,云意电气,12.97,1.09%,0.64%,3214.04万,3718.75万,-504.72万,7099.14万
1793,300120,经纬辉开,7.4,1.09%,0.73%,1614.27万,1200.69万,413.58万,2825.25万
1794,300066,三川智慧,6.5,1.09%,0.81%,2540.91万,2594.84万,-53.93万,5288.15万
1795,2458,益生股份,10.2,1.09%,1.10%,4460.25万,3490.90万,969.35万,8045.01万
1796,301429,森泰股份,19.5,1.09%,1.23%,566.34万,476.74万,89.60万,1052.24万
1797,915,华特达因,31.59,1.09%,0.72%,3615.11万,1625.32万,1989.79万,5285.27万
1798,783,长江证券,7.4,1.09%,0.37%,8797.66万,5963.84万,2833.82万,1.50亿
1799,628,高新发展,58.46,1.09%,2.05%,1.22亿,1.06亿,1538.20万,2.30亿
1800,600265,ST景谷,20.64,1.08%,0.16%,283.53万,146.79万,136.73万,433.01万
1801,3003,天元股份,13.06,1.08%,1.26%,1073.61万,793.84万,279.77万,1927.12万
1802,688060,云涌科技,45.83,1.08%,0.20%,325.78万,208.68万,117.10万,537.21万
1803,688185,康希诺,72.01,1.08%,0.95%,4687.11万,3046.22万,1640.89万,7794.76万
1804,688707,振华新材,14.08,1.08%,0.86%,3052.18万,3125.76万,-73.57万,6205.79万
1805,688568,中科星图,60.87,1.08%,1.08%,2.69亿,2.55亿,1479.71万,5.27亿
1806,3028,振邦智能,28.05,1.08%,1.04%,1099.96万,921.06万,178.90万,2040.38万
1807,603377,ST东时,3.75,1.08%,0.67%,1063.13万,723.80万,339.33万,1798.54万
1808,600756,浪潮软件,16.78,1.08%,1.58%,4765.52万,3733.75万,1031.77万,8577.83万
1809,600734,实达集团,3.73,1.08%,1.06%,4879.06万,3502.47万,1376.59万,8598.28万
1810,300711,广哈通信,25.26,1.08%,0.97%,3149.16万,2746.71万,402.46万,6016.97万
1811,300628,亿联网络,35.67,1.08%,0.45%,6920.01万,4687.40万,2232.61万,1.17亿
1812,300011,鼎汉技术,7.49,1.08%,0.53%,1112.71万,850.84万,261.88万,1978.66万
1813,2748,世龙实业,12.13,1.08%,0.69%,1225.60万,754.08万,471.51万,1985.49万
1814,2247,聚力文化,2.8,1.08%,1.23%,1170.09万,1034.13万,135.97万,2207.77万
1815,970,中科三环,12.18,1.08%,0.61%,4268.34万,4427.43万,-159.09万,9004.87万
1816,1369,双欣材料,16.05,1.07%,6.71%,1.11亿,1.04亿,667.74万,2.17亿
1817,301368,丰立智能,53.71,1.07%,2.59%,3463.37万,5528.64万,-2065.27万,9043.60万
1818,688035,德邦科技,63.29,1.07%,1.47%,5815.55万,7163.99万,-1348.44万,1.32亿
1819,688028,沃尔德,98.89,1.07%,2.79%,1.98亿,2.08亿,-964.58万,4.08亿
1820,600858,银座股份,5.68,1.07%,0.52%,838.92万,650.82万,188.10万,1504.22万
1821,300951,博硕科技,37.83,1.07%,0.71%,2125.63万,1899.15万,226.48万,4044.84万
1822,603022,新通联,10.41,1.07%,1.24%,1498.13万,1059.82万,438.31万,2570.86万
1823,603466,风语筑,9.46,1.07%,1.26%,3857.99万,3094.95万,763.04万,7056.59万
1824,603180,金牌家居,18.9,1.07%,0.09%,118.70万,144.31万,-25.61万,267.92万
1825,300692,中赋科技,8.48,1.07%,0.89%,2065.91万,1698.47万,367.44万,3778.04万
1826,300577,开润股份,18.96,1.07%,0.37%,502.94万,440.94万,62.01万,993.74万
1827,300327,中颖电子,25.49,1.07%,1.25%,6454.29万,4158.43万,2295.86万,1.07亿
1828,2927,泰永长征,17.05,1.07%,1.77%,3059.14万,3481.90万,-422.75万,6568.17万
1829,2833,弘亚数控,18.01,1.07%,0.40%,1055.64万,1015.80万,39.84万,2091.43万
1830,2658,雪迪龙,8.49,1.07%,1.03%,1632.49万,1465.69万,166.80万,3122.13万
1831,688386,泛亚微透,79.41,1.07%,0.63%,2138.00万,2382.07万,-244.07万,4552.10万
1832,2037,保利联合,8.48,1.07%,0.59%,1319.37万,1031.63万,287.75万,2390.64万
1833,62,深圳华强,28.3,1.07%,1.58%,1.95亿,2.32亿,-3718.43万,4.62亿
1834,1225,和泰机电,49.6,1.06%,2.00%,1139.29万,876.72万,262.57万,2095.49万
1835,1260,坤泰股份,20.98,1.06%,0.47%,608.22万,501.59万,106.62万,1118.63万
1836,301439,泓淋电力,16.15,1.06%,0.94%,1348.95万,1381.06万,-32.12万,2756.67万
1837,301389,隆扬电子,58.23,1.06%,6.16%,1.51亿,1.48亿,295.57万,3.00亿
1838,301377,鼎泰高科,219.61,1.06%,7.41%,6.02亿,5.29亿,7315.40万,11.35亿
1839,300083,创世纪,7.61,1.06%,0.56%,3286.52万,2476.22万,810.30万,6386.70万
1840,600149,廊坊发展,5.72,1.06%,2.51%,2977.35万,2346.63万,630.72万,5396.81万
1841,603519,立霸股份,14.26,1.06%,1.22%,2457.22万,2139.13万,318.10万,4610.90万
1842,603956,威派格,5.7,1.06%,0.52%,925.52万,720.50万,205.01万,1658.69万
1843,603277,银都股份,14.29,1.06%,0.09%,495.68万,265.81万,229.87万,762.20万
1844,601118,海南橡胶,6.66,1.06%,0.32%,5200.36万,3626.94万,1573.42万,8994.36万
1845,600885,宏发股份,27.62,1.06%,0.53%,1.17亿,1.08亿,908.20万,2.27亿
1846,600570,恒生电子,26.7,1.06%,0.59%,1.58亿,1.40亿,1739.05万,2.99亿
1847,300306,远方信息,12.43,1.06%,0.64%,689.58万,542.54万,147.04万,1242.82万
1848,923,河钢资源,19.15,1.06%,0.58%,3845.19万,3054.46万,790.73万,7005.47万
1849,672,上峰水泥,13.38,1.06%,0.35%,2599.11万,1825.88万,773.23万,4492.35万
1850,301141,中科磁业,52.85,1.05%,3.14%,4173.30万,3050.97万,1122.32万,7341.13万
1851,672,上峰水泥,13.38,1.06%,0.35%,2599.11万,1825.88万,773.23万,4492.35万
1852,301141,中科磁业,52.85,1.05%,3.14%,4173.30万,3050.97万,1122.32万,7341.13万
1853,600927,永安期货,14.44,1.05%,0.28%,3479.11万,2417.49万,1061.62万,5933.15万
1854,688130,晶华微,21.17,1.05%,0.78%,576.20万,406.18万,170.02万,994.95万
1855,688259,创耀科技,37.48,1.05%,0.81%,1778.21万,1402.76万,375.46万,3386.60万
1856,301315,威士顿,51.04,1.05%,1.41%,1497.57万,1124.00万,373.57万,2648.66万
1857,911,广农糖业,5.8,1.05%,1.41%,1898.77万,1313.04万,585.73万,3229.32万
1858,688188,柏楚电子,144.68,1.05%,0.19%,3652.83万,4134.27万,-481.44万,8009.47万
1859,603993,洛阳钼业,20.18,1.05%,0.71%,12.43亿,12.55亿,-1217.70万,25.16亿
1860,603396,金辰股份,35.61,1.05%,1.38%,4018.38万,2631.97万,1386.41万,6724.75万
1861,600577,精达股份,12.47,1.05%,1.05%,1.69亿,1.09亿,5956.08万,2.80亿
1862,300770,新媒股份,40.58,1.05%,0.66%,3291.99万,2749.12万,542.87万,6085.75万
1863,300345,华民股份,6.76,1.05%,2.15%,3412.45万,3468.14万,-55.69万,6931.68万
1864,2605,姚记科技,21.11,1.05%,0.79%,3650.92万,1885.31万,1765.61万,5604.62万
1865,2148,北纬科技,7.73,1.05%,0.99%,1820.52万,1547.51万,273.02万,3410.00万
1866,2057,中钢天源,9.66,1.05%,0.55%,2157.09万,1718.75万,438.34万,3948.56万
1867,902,新洋丰,15.41,1.05%,0.70%,7166.66万,5063.38万,2103.29万,1.23亿
1868,676,智度股份,7.71,1.05%,0.58%,3211.33万,2330.43万,880.89万,5647.01万
1869,517,荣安地产,1.93,1.05%,0.60%,1493.42万,1351.17万,142.24万,2857.19万
1870,301503,智迪科技,35.89,1.04%,0.73%,447.99万,379.98万,68.01万,843.78万
1871,2330,得利斯,4.86,1.04%,1.04%,1498.63万,1714.36万,-215.73万,3218.38万
1872,688069,德林海,35.07,1.04%,0.88%,1849.94万,1620.64万,229.30万,3482.89万
1873,301051,信濠光电,22.36,1.04%,0.84%,1666.98万,1321.93万,345.05万,2993.15万
1874,688071,华依科技,31.95,1.04%,0.71%,1130.58万,739.58万,391.00万,1900.56万
1875,2993,奥海科技,52.62,1.04%,1.12%,7475.98万,6427.88万,1048.10万,1.40亿
1876,300281,金明精机,6.78,1.04%,0.71%,1032.07万,866.50万,165.57万,1913.21万
1877,603007,*ST花王,6.81,1.04%,1.13%,2636.62万,2677.58万,-40.96万,5372.64万
1878,688005,容百科技,31.12,1.04%,2.43%,2.53亿,2.92亿,-3856.11万,5.46亿
1879,603239,浙江仙通,24.28,1.04%,0.89%,2654.12万,3186.58万,-532.46万,5856.00万
1880,603029,天鹅股份,18.49,1.04%,0.64%,737.80万,677.70万,60.10万,1418.08万
1881,600188,兖矿能源,19.39,1.04%,0.41%,2.38亿,2.26亿,1177.81万,4.76亿
1882,300872,天阳科技,16.45,1.04%,0.73%,2489.23万,2560.67万,-71.45万,5071.28万
1883,300049,福瑞医科,56.1,1.04%,1.00%,7085.61万,5677.49万,1408.11万,1.29亿
1884,2657,中科金财,22.45,1.04%,0.94%,4052.07万,2954.73万,1097.35万,7047.66万
1885,948,南天信息,15.5,1.04%,0.37%,1417.59万,790.24万,627.34万,2225.65万
1886,409,云鼎科技,10.7,1.04%,0.40%,1346.78万,1111.06万,235.72万,2515.99万
1887,1379,腾达科技,21.66,1.03%,1.23%,971.13万,803.15万,167.99万,1790.53万
1888,301036,双乐股份,28.4,1.03%,0.54%,541.47万,523.82万,17.66万,1075.80万
1889,301378,通达海,32.28,1.03%,1.53%,1428.62万,810.71万,617.91万,2267.09万
1890,600741,华域汽车,20.69,1.03%,0.32%,1.05亿,1.01亿,393.87万,2.08亿
1891,600731,湖南海利,6.89,1.03%,0.77%,1585.03万,1094.07万,490.96万,2837.25万
1892,600626,申达股份,3.93,1.03%,0.38%,763.20万,854.83万,-91.62万,1623.37万
1893,600377,宁沪高速,11.8,1.03%,0.12%,3337.76万,2195.59万,1142.18万,5597.29万
1894,600114,东睦股份,31.4,1.03%,1.10%,1.10亿,1.02亿,801.49万,2.14亿
1895,2774,快意电梯,10.83,1.03%,0.60%,890.34万,886.14万,4.21万,1817.07万
1896,2159,三特索道,17.71,1.03%,1.46%,1587.82万,1880.23万,-292.41万,3582.02万
1897,2080,中材科技,49.01,1.03%,1.91%,7.72亿,7.89亿,-1720.98万,15.80亿
1898,301161,唯万密封,30.6,1.02%,1.04%,1408.80万,1041.31万,367.50万,2462.35万
1899,3029,吉大正元,21.84,1.02%,2.28%,4253.93万,4455.15万,-201.23万,8758.89万
1900,688286,敏芯股份,70.56,1.02%,0.99%,2285.70万,1605.79万,679.91万,3918.13万
1901,9,中国宝安,8.95,1.02%,0.45%,6085.38万,4096.29万,1989.09万,1.04亿
1902,601933,永辉超市,3.95,1.02%,0.64%,1.15亿,1.14亿,133.67万,2.30亿
1903,600872,中炬高新,19.77,1.02%,0.64%,5885.83万,3756.59万,2129.24万,9710.66万
1904,600808,马钢股份,3.95,1.02%,0.38%,5202.41万,3777.71万,1424.70万,8990.64万
1905,600581,*ST八钢,2.96,1.02%,3.19%,8384.14万,6067.17万,2316.97万,1.45亿
1906,600579,中化装备,7.94,1.02%,0.41%,832.98万,759.12万,73.85万,1602.65万
1907,300504,天邑股份,15.77,1.02%,1.75%,3175.09万,2789.65万,385.44万,5985.55万
1908,887,中鼎股份,18.79,1.02%,0.58%,7215.81万,6928.26万,287.55万,1.44亿
1909,850,华茂股份,4.94,1.02%,0.43%,1117.47万,846.34万,271.13万,2012.31万
1910,1226,拓山重工,43.99,1.01%,0.59%,585.89万,275.70万,310.19万,872.14万
1911,1298,好上好,30.11,1.01%,1.39%,3567.41万,2979.69万,587.72万,6842.10万
1912,2578,闽发铝业,4.0,1.01%,2.92%,5846.31万,4253.40万,1592.91万,1.02亿
1913,688091,上海谊众,57.8,1.01%,1.52%,9159.49万,8961.62万,197.87万,1.82亿
1914,300933,中辰股份,8.03,1.01%,1.32%,2626.28万,3040.95万,-414.67万,5727.06万
1915,300867,圣元环保,20.04,1.01%,1.99%,4226.63万,3359.23万,867.39万,7618.93万
1916,688456,有研粉材,57.08,1.01%,1.07%,3018.86万,3282.22万,-263.36万,6326.25万
1917,603390,通达电气,11.99,1.01%,0.52%,1340.23万,800.53万,539.70万,2185.81万
1918,600715,文投控股,2.01,1.01%,0.71%,2599.76万,1422.48万,1177.29万,4052.25万
1919,603937,丽岛新材,14.05,1.01%,1.52%,2518.45万,1909.98万,608.47万,4452.77万
1920,603833,欧派家居,50.95,1.01%,0.21%,3939.84万,2572.33万,1367.51万,6532.54万
1921,603208,江山欧派,13.06,1.01%,0.46%,481.14万,551.19万,-70.05万,1052.83万
1922,603198,迎驾贡酒,36.18,1.01%,0.20%,3299.79万,2496.42万,803.37万,5812.85万
1923,601198,东兴证券,13.0,1.01%,0.27%,5732.02万,5602.67万,129.35万,1.14亿
1924,600857,宁波中百,11.96,1.01%,0.47%,592.64万,602.84万,-10.20万,1237.90万
1925,300405,科隆股份,6.03,1.01%,1.53%,1233.42万,768.47万,464.95万,2006.79万
1926,300134,大富科技,10.99,1.01%,1.67%,6219.71万,6685.52万,-465.82万,1.30亿
1927,300107,建新股份,7.03,1.01%,0.98%,1454.12万,913.45万,540.67万,2403.00万
1928,300018,中元股份,13.04,1.01%,1.47%,3963.52万,4418.27万,-454.75万,8529.74万
1929,2925,盈趣科技,20.08,1.01%,0.94%,7247.39万,5970.27万,1277.12万,1.37亿
1930,2576,通达动力,18.93,1.01%,1.05%,1600.69万,1564.05万,36.64万,3210.37万
1931,2401,中远海科,15.01,1.01%,0.47%,1542.82万,1073.97万,468.84万,2617.84万
1932,2152,广电运通,12.06,1.01%,0.31%,5509.88万,3644.67万,1865.21万,9308.52万
1933,301516,中远通,20.3,1.00%,9.72%,6876.76万,6747.06万,129.70万,1.38亿
1934,301630,同宇新材,224.45,1.00%,10.33%,1.07亿,1.23亿,-1644.31万,2.32亿
1935,603191,望变电气,21.16,1.00%,2.35%,8702.41万,7348.62万,1353.79万,1.61亿
1936,3004,*ST声迅,31.31,1.00%,0.41%,468.04万,420.83万,47.20万,892.32万
1937,688021,奥福科技,24.35,1.00%,1.28%,1391.29万,943.31万,447.98万,2350.96万
1938,301052,果麦文化,33.24,1.00%,1.50%,2435.80万,1528.09万,907.71万,3991.81万
1939,300812,易天股份,41.51,1.00%,9.63%,1.71亿,1.91亿,-2011.00万,3.70亿
1940,688202,美迪西,72.02,1.00%,1.77%,1.03亿,6528.95万,3769.71万,1.69亿
1941,603866,桃李面包,5.04,1.00%,0.40%,2194.66万,840.66万,1354.00万,3177.87万
1942,603860,中公高科,31.4,1.00%,0.63%,627.68万,668.37万,-40.70万,1307.67万
1943,601865,福莱特,14.18,1.00%,0.43%,6598.47万,4816.91万,1781.56万,1.16亿
1944,601163,三角轮胎,14.21,1.00%,0.37%,2347.62万,1863.34万,484.29万,4238.25万
1945,601016,节能风电,4.05,1.00%,2.23%,3.00亿,2.43亿,5693.71万,5.45亿
1946,300707,威唐工业,16.22,1.00%,1.63%,1953.72万,1872.26万,81.46万,3845.76万
1947,300685,艾德生物,23.28,1.00%,2.30%,1.07亿,1.02亿,552.78万,2.09亿
1948,300616,尚品宅配,12.18,1.00%,0.51%,541.36万,413.63万,127.74万,964.25万
1949,300455,航天智装,25.16,1.00%,0.96%,8612.15万,8520.07万,92.08万,1.72亿
1950,300352,北信源,7.08,1.00%,1.73%,8361.96万,7052.29万,1309.67万,1.55亿
1951,300455,航天智装,25.16,1.00%,0.96%,8612.15万,8520.07万,92.08万,1.72亿
1952,300352,北信源,7.08,1.00%,1.73%,8361.96万,7052.29万,1309.67万,1.55亿
1953,300251,光线传媒,16.18,1.00%,1.70%,3.87亿,3.72亿,1512.81万,7.66亿
1954,300199,翰宇药业,21.15,1.00%,3.72%,3.30亿,2.52亿,7826.62万,5.84亿
1955,300093,*ST金刚,19.28,1.00%,0.92%,2606.74万,1465.96万,1140.78万,4118.08万
1956,2908,德生科技,9.07,1.00%,0.61%,971.11万,795.78万,175.33万,1783.12万
1957,2880,卫光生物,27.3,1.00%,0.48%,1740.26万,1224.63万,515.63万,2986.74万
1958,2011,盾安环境,12.17,1.00%,0.44%,2758.80万,2763.19万,-4.38万,5609.65万
1959,899,赣能股份,13.14,1.00%,0.99%,6143.67万,6347.63万,-203.96万,1.26亿
1960,830,鲁西化工,16.1,1.00%,0.69%,1.16亿,9317.70万,2328.52万,2.12亿
1961,688750,金天钛业,18.42,0.99%,0.60%,1479.17万,1038.68万,440.49万,2568.14万
1962,301567,贝隆精密,42.96,0.99%,1.68%,802.57万,704.61万,97.95万,1517.92万
1963,603190,亚通精工,25.49,0.99%,1.37%,827.18万,602.68万,224.50万,1430.63万
1964,688523,航天环宇,69.59,0.99%,6.75%,2.17亿,2.28亿,-1094.97万,4.47亿
1965,301063,海锅股份,24.43,0.99%,0.91%,1162.66万,742.64万,420.03万,2131.50万
1966,688517,金冠电气,21.48,0.99%,2.04%,2647.29万,3157.45万,-510.16万,5871.96万
1967,688778,厦钨新能,76.55,0.99%,0.91%,1.71亿,1.77亿,-671.59万,3.50亿
1968,2480,新筑股份,6.13,0.99%,0.53%,1683.83万,796.55万,887.28万,2500.18万
1969,688682,霍莱沃,48.86,0.99%,1.46%,3329.82万,3866.91万,-537.08万,7211.76万
1970,603600,永艺股份,11.25,0.99%,0.74%,1308.14万,1178.67万,129.47万,2503.55万
1971,603299,苏盐井神,11.18,0.99%,0.44%,2157.22万,1606.57万,550.66万,3789.82万
1972,600662,外服控股,5.12,0.99%,0.26%,1983.64万,1048.43万,935.21万,3047.96万
1973,600536,中国软件,37.67,0.99%,0.69%,1.29亿,8872.59万,4069.66万,2.19亿
1974,600378,昊华科技,32.53,0.99%,0.56%,1.01亿,8619.60万,1469.33万,1.97亿
1975,600231,凌钢股份,2.05,0.99%,0.27%,991.13万,561.58万,429.55万,1584.64万
1976,300373,扬杰科技,77.3,0.99%,0.72%,1.40亿,1.59亿,-1881.78万,3.02亿
1977,2890,弘宇股份,16.33,0.99%,0.33%,534.66万,319.97万,214.70万,859.37万
1978,2690,美亚光电,18.31,0.99%,0.41%,1282.91万,1822.49万,-539.59万,3240.52万
1979,2523,天桥起重,4.07,0.99%,0.54%,1694.97万,1355.03万,339.94万,3085.74万
1980,404,长虹华意,7.12,0.99%,0.54%,1482.83万,1074.59万,408.24万,2633.89万
1981,1395,亚联机械,39.31,0.98%,0.43%,540.03万,246.77万,293.26万,792.69万
1982,688128,中国电研,25.78,0.98%,0.25%,1266.98万,1302.44万,-35.46万,2609.15万
1983,603040,新坐标,81.2,0.98%,0.54%,3483.86万,2517.64万,966.21万,6029.10万
1984,2674,兴业科技,13.43,0.98%,0.82%,1575.31万,1656.74万,-81.43万,3233.12万
1985,2668,TCL智家,9.28,0.98%,0.39%,2404.44万,1485.88万,918.56万,3954.22万
1986,2398,垒知集团,5.13,0.98%,0.70%,1243.23万,936.71万,306.51万,2191.62万
1987,2233,塔牌集团,9.29,0.98%,0.27%,1747.71万,1075.58万,672.13万,2905.56万
1988,935,四川双马,26.75,0.98%,0.21%,1763.17万,2387.52万,-624.35万,4207.60万
1989,1236,弘业期货,9.41,0.97%,0.41%,1712.82万,1139.63万,573.19万,2907.63万
1990,688102,斯瑞新材,36.61,0.97%,1.31%,1.79亿,1.86亿,-707.61万,3.71亿
1991,526,学大教育,32.18,0.97%,0.69%,1563.71万,1063.48万,500.22万,2632.34万
1992,300923,研奥股份,27.11,0.97%,0.51%,563.37万,454.39万,108.97万,1046.73万
1993,300006,莱美药业,6.27,0.97%,4.45%,1.55亿,1.37亿,1830.03万,2.94亿
1994,600725,云维股份,4.18,0.97%,0.79%,1988.32万,2034.23万,-45.92万,4043.06万
1995,603700,宁水集团,13.48,0.97%,0.50%,735.10万,595.09万,140.01万,1354.42万
1996,603232,格尔软件,20.8,0.97%,3.90%,8903.06万,9883.82万,-980.76万,1.88亿
1997,603019,中科曙光,89.15,0.97%,1.51%,10.20亿,9.19亿,1.01亿,19.62亿
1998,600388,龙净环保,18.81,0.97%,0.40%,5360.72万,4003.26万,1357.46万,9591.21万
1999,600198,大唐电信,8.36,0.97%,0.37%,2125.86万,1834.04万,291.82万,4033.72万
2000,300619,金银河,42.53,0.97%,2.06%,5967.85万,6708.99万,-741.14万,1.28亿
2001,30,富奥股份,5.2,0.97%,0.46%,2120.45万,1829.24万,291.22万,4024.93万
2002,2984,森麒麟,17.89,0.96%,0.93%,5783.39万,6105.26万,-321.87万,1.20亿
2003,688657,浩辰软件,48.56,0.96%,0.82%,955.35万,667.43万,287.93万,1634.75万
2004,301511,德福科技,47.51,0.96%,4.71%,4.17亿,4.11亿,589.56万,8.33亿
2005,301399,英特科技,24.31,0.96%,7.23%,4516.26万,4998.33万,-482.07万,9622.22万
2006,301336,趣睡科技,50.66,0.96%,1.40%,1338.54万,723.88万,614.66万,2145.42万
2007,688032,禾迈股份,114.19,0.96%,0.62%,4610.82万,4028.77万,582.05万,8683.88万
2008,600843,上工申贝,9.5,0.96%,0.59%,1474.55万,1074.79万,399.76万,2628.70万
2009,688699,明微电子,46.19,0.96%,0.81%,1991.79万,2072.17万,-80.38万,4083.62万
2010,603788,宁波高发,15.76,0.96%,0.35%,634.25万,573.52万,60.73万,1236.58万
2011,600313,农发种业,7.38,0.96%,2.65%,1.21亿,8058.45万,4082.48万,2.10亿
2012,300419,ST浩丰,7.36,0.96%,0.66%,1176.42万,609.23万,567.19万,1787.04万
2013,300412,迦南科技,5.26,0.96%,1.02%,1450.06万,1035.77万,414.28万,2504.29万
2014,2948,青岛银行,5.26,0.96%,0.70%,6232.30万,5010.26万,1222.04万,1.13亿
2015,2456,欧菲光,9.44,0.96%,0.95%,1.44亿,1.41亿,354.62万,2.94亿
2016,2329,皇氏集团,4.21,0.96%,3.08%,4154.40万,4135.26万,19.15万,8370.31万
2017,2116,中国海诚,10.49,0.96%,0.59%,1404.50万,1412.83万,-8.33万,2827.40万
2018,2206,海利得,6.35,0.95%,0.73%,1698.05万,2261.76万,-563.71万,3964.26万
2019,688583,思看科技,126.19,0.95%,1.94%,3821.26万,3682.22万,139.05万,7620.91万
2020,300037,新宙邦,63.62,0.95%,2.71%,4.83亿,4.41亿,4267.42万,9.33亿
2021,300311,ST任子行,5.34,0.95%,0.82%,1355.25万,992.52万,362.74万,2349.64万
2022,300130,新国都,23.29,0.95%,0.82%,4736.96万,3539.47万,1197.49万,8296.00万
2023,300886,华业香料,27.69,0.95%,1.63%,1003.47万,948.89万,54.58万,1962.59万
2024,688093,世华科技,33.99,0.95%,0.30%,1442.35万,1429.79万,12.56万,2894.49万
2025,600984,建设机械,4.25,0.95%,0.96%,2557.88万,2541.40万,16.48万,5151.20万
2026,300625,三雄极光,11.72,0.95%,0.47%,512.90万,366.44万,146.46万,888.12万
2027,300576,容大感光,35.08,0.95%,0.88%,3888.31万,3159.94万,728.37万,7133.53万
2028,2855,捷荣技术,11.67,0.95%,0.55%,816.70万,726.92万,89.77万,1564.29万
2029,2841,视源股份,35.23,0.95%,0.51%,3964.05万,5126.58万,-1162.53万,9328.00万
2030,2374,中锐股份,3.19,0.95%,0.81%,1332.36万,1473.83万,-141.47万,2807.28万
2031,300910,瑞丰新材,48.87,0.95%,0.77%,3820.56万,3864.29万,-43.74万,7725.42万
2032,688332,中科蓝讯,127.5,0.94%,0.75%,6643.78万,4718.20万,1925.58万,1.15亿
2033,300024,机器人,14.99,0.94%,0.54%,6788.17万,5254.43万,1533.74万,1.24亿
2034,301459,丰茂股份,38.64,0.94%,1.28%,755.90万,513.22万,242.67万,1288.44万
2035,301057,汇隆新材,32.3,0.94%,0.95%,1395.94万,1125.95万,269.99万,2541.60万
2036,2291,遥望科技,6.44,0.94%,1.26%,4112.21万,2888.68万,1223.53万,7051.63万
2037,600526,菲达环保,5.39,0.94%,0.35%,922.32万,715.96万,206.36万,1643.30万
2038,600207,安彩高科,5.38,0.94%,1.24%,4263.22万,2957.26万,1305.96万,7255.26万
2039,600352,浙江龙盛,12.88,0.94%,0.56%,1.08亿,1.18亿,-1059.76万,2.36亿
2040,600246,万通发展,9.71,0.94%,1.60%,1.61亿,1.30亿,3070.54万,2.95亿
2041,300678,中科信息,28.92,0.94%,0.74%,3842.45万,2361.69万,1480.76万,6244.04万
2042,300590,移为通信,11.79,0.94%,0.42%,947.88万,779.24万,168.63万,1770.30万
2043,2664,信质集团,21.39,0.94%,0.89%,3443.17万,4205.98万,-762.82万,7683.20万
2044,2216,三全食品,12.87,0.94%,0.53%,2419.90万,1868.74万,551.15万,4326.73万
2045,300258,精锻科技,12.89,0.94%,1.06%,3621.89万,4184.34万,-562.44万,7825.81万
2046,301598,博科测试,61.0,0.93%,1.53%,889.46万,692.33万,197.12万,1642.24万
2047,688543,国科军工,71.36,0.93%,2.50%,1.08亿,9596.47万,1174.16万,2.07亿
2048,301006,迈拓股份,17.3,0.93%,0.78%,642.47万,512.55万,129.93万,1157.27万
2049,300822,贝仕达克,14.08,0.93%,0.18%,396.79万,328.92万,67.87万,735.98万
2050,605365,立达信,23.89,0.93%,3.08%,1.87亿,1.86亿,66.22万,3.74亿
2051,300523,辰安科技,21.6,0.93%,0.26%,743.01万,533.50万,209.51万,1278.89万
2052,300173,ST福能,4.32,0.93%,0.46%,835.49万,601.79万,233.70万,1449.66万
2053,300148,天舟文化,4.35,0.93%,1.69%,3500.45万,2446.12万,1054.33万,5949.37万
2054,300106,西部牧业,9.72,0.93%,1.36%,1581.09万,1168.72万,412.37万,2767.30万
2055,2906,华阳集团,31.42,0.93%,0.86%,7384.35万,6660.79万,723.55万,1.41亿
2056,2792,通宇通讯,47.58,0.93%,6.94%,5.80亿,5.18亿,6186.57万,11.10亿
2057,2587,奥拓电子,6.51,0.93%,1.33%,2334.42万,2074.49万,259.94万,4558.12万
2058,688717,艾罗能源,106.98,0.92%,4.05%,2.05亿,2.15亿,-1034.04万,4.26亿
2059,300092,科新机电,16.44,0.92%,0.92%,1563.23万,1572.99万,-9.76万,3146.41万
2060,301179,泽宇智能,27.42,0.92%,6.82%,2.27亿,2.11亿,1577.66万,4.41亿
2061,600661,昂立教育,9.85,0.92%,0.59%,918.28万,710.81万,207.47万,1656.18万
2062,300793,佳禾智能,14.33,0.92%,0.46%,1268.28万,1151.33万,116.95万,2456.71万
2063,300041,回天新材,11.01,0.92%,0.87%,3114.51万,1989.82万,1124.69万,5194.61万
2064,868,安凯客车,4.39,0.92%,0.84%,1597.20万,1109.63万,487.57万,2712.88万
2065,559,万向钱潮,16.43,0.92%,1.69%,4.21亿,4.96亿,-7548.46万,9.25亿
2066,68,华控赛格,3.29,0.92%,0.29%,513.18万,443.34万,69.84万,957.64万
2067,410,沈阳机床,6.67,0.91%,0.38%,2444.68万,1814.22万,630.46万,4274.44万
2068,301110,青木科技,60.77,0.91%,1.96%,4195.69万,3564.90万,630.78万,7798.92万
2069,301019,宁波色母,21.0,0.91%,0.36%,471.06万,310.45万,160.62万,791.38万
2070,1319,铭科精技,25.49,0.91%,1.15%,1202.66万,1140.80万,61.86万,2388.03万
2071,688130,晶华微,21.14,0.91%,0.72%,539.98万,368.74万,171.24万,919.29万
2072,603170,宝立食品,13.29,0.91%,0.33%,1069.70万,681.32万,388.38万,1759.80万
2073,300109,新开源,18.77,0.91%,0.95%,4148.76万,3770.72万,378.03万,7928.49万
2074,300143,盈康生命,12.26,0.91%,1.08%,4885.23万,3577.24万,1307.99万,8506.10万
2075,2472,双环传动,38.75,0.91%,0.83%,1.25亿,1.11亿,1408.79万,2.42亿
2076,301112,信邦智能,33.4,0.91%,0.39%,805.15万,628.24万,176.92万,1449.13万
2077,600455,博通股份,25.52,0.91%,1.04%,880.03万,751.23万,128.80万,1641.72万
2078,2739,万达电影,9.93,0.91%,0.68%,8332.92万,5671.49万,2661.43万,1.41亿
2079,1279,强邦新材,31.28,0.90%,0.70%,580.92万,247.12万,333.80万,868.67万
2080,301260,格力博,15.7,0.90%,0.38%,714.23万,468.96万,245.28万,1200.15万
2081,688032,禾迈股份,114.12,0.90%,0.60%,4447.79万,3912.51万,535.28万,8394.20万
2082,2527,新时达,13.46,0.90%,0.61%,2142.48万,2153.86万,-11.38万,4330.68万
2083,688138,清溢光电,27.92,0.90%,0.30%,994.49万,1615.96万,-621.47万,2631.17万
2084,603015,弘讯科技,12.3,0.90%,0.43%,1051.45万,1007.37万,44.09万,2143.77万
2085,600235,民丰特纸,6.71,0.90%,0.75%,856.50万,890.73万,-34.23万,1757.23万
2086,600079,ST人福,18.96,0.90%,0.53%,9769.40万,5590.25万,4179.15万,1.55亿
2087,2097,山河智能,10.11,0.90%,0.55%,3398.00万,2342.00万,1056.00万,5957.46万
2088,633,合金投资,6.76,0.90%,0.75%,994.29万,894.47万,99.83万,1942.55万
2089,1286,陕西能源,11.3,0.89%,0.54%,4506.88万,3560.86万,946.02万,8164.27万
2090,301512,智信精密,46.32,0.89%,1.05%,716.08万,472.47万,243.61万,1196.89万
2091,301458,钧崴电子,34.95,0.89%,1.70%,4018.97万,2916.07万,1102.91万,7017.92万
2092,3005,竞业达,18.2,0.89%,0.76%,1069.30万,629.66万,439.65万,1759.99万
2093,605136,丽人丽妆,10.17,0.89%,0.64%,1564.08万,1024.56万,539.52万,2595.95万
2094,605305,中际联合,42.93,0.89%,1.81%,8419.42万,8050.85万,368.57万,1.65亿
2095,300428,立中集团,21.44,0.89%,0.54%,3835.85万,3037.47万,798.37万,6906.12万
2096,603927,中科软,17.04,0.89%,0.43%,3468.12万,2552.37万,915.75万,6072.97万
2097,300868,杰美特,76.7,0.89%,3.53%,1.11亿,1.07亿,458.67万,2.20亿
2098,300884,狄耐克,13.56,0.89%,0.80%,938.74万,1112.10万,-173.37万,2076.48万
2099,688396,华润微,48.73,0.89%,0.45%,1.42亿,1.45亿,-333.24万,2.89亿
2100,300821,东岳硅材,13.62,0.89%,1.88%,1.55亿,1.47亿,780.59万,3.06亿
2101,301113,雅艺科技,25.13,0.88%,0.92%,630.92万,597.47万,33.46万,1265.54万
2102,600610,中毅达,9.2,0.88%,0.94%,3333.42万,2752.19万,581.23万,6161.37万
2103,688072,拓荆科技,405.55,0.88%,0.66%,3.80亿,3.60亿,1951.40万,7.46亿
2104,2986,宇新股份,14.85,0.88%,0.95%,2227.42万,1911.15万,316.27万,4276.42万
2105,603136,天目湖,11.41,0.88%,0.81%,1202.79万,1258.64万,-55.86万,2477.16万
2106,600309,万华化学,89.86,0.88%,0.53%,7.60亿,7.17亿,4285.10万,14.88亿
2107,300706,阿石创,36.84,0.88%,2.29%,4432.74万,5028.70万,-595.96万,9580.84万
2108,300675,建科院,14.91,0.88%,0.42%,510.00万,392.29万,117.72万,906.01万
2109,300100,双林股份,30.79,0.88%,0.58%,4326.75万,5445.07万,-1118.32万,9918.17万
2110,2540,亚太科技,6.87,0.88%,0.42%,1260.51万,1093.06万,167.45万,2512.80万
2111,2516,旷达科技,5.71,0.88%,0.28%,1027.99万,1209.07万,-181.08万,2335.75万
2112,2500,山西证券,5.72,0.88%,0.24%,2809.23万,2144.66万,664.57万,4989.68万
2113,301150,中一科技,62.36,0.87%,4.79%,3.32亿,3.13亿,1875.41万,6.49亿
2114,301233,盛帮股份,53.12,0.87%,1.10%,837.91万,765.94万,71.97万,1638.87万
2115,603120,肯特催化,38.21,0.87%,1.83%,871.64万,686.09万,185.54万,1571.48万
2116,601126,四方股份,45.44,0.87%,1.87%,3.54亿,3.33亿,2018.77万,6.92亿
2117,601058,赛轮轮胎,13.92,0.87%,0.72%,1.59亿,1.69亿,-1024.88万,3.31亿
2118,600909,华安证券,5.77,0.87%,0.55%,9873.39万,5792.96万,4080.43万,1.58亿
2119,600727,鲁北化工,6.96,0.87%,0.96%,1853.87万,1548.01万,305.87万,3529.04万
2120,300613,富瀚微,43.84,0.87%,0.75%,3418.76万,3775.74万,-356.98万,7231.79万
2121,2807,江阴银行,4.63,0.87%,0.79%,4759.11万,3844.54万,914.57万,8976.41万
2122,2799,环球印务,8.12,0.87%,0.66%,947.53万,710.36万,237.17万,1698.61万
2123,2559,亚威股份,10.47,0.87%,1.47%,3903.20万,3813.62万,89.58万,7739.04万
2124,2120,韵达股份,6.96,0.87%,1.19%,1.25亿,1.09亿,1643.38万,2.34亿
2125,301581,黄山谷捷,45.88,0.86%,0.37%,583.88万,224.61万,359.26万,826.86万
2126,688232,新点软件,22.33,0.86%,0.26%,996.25万,833.83万,162.42万,1840.24万
2127,300252,金信诺,14.06,0.86%,1.62%,6411.68万,6166.01万,245.67万,1.27亿
2128,600444,国机通用,17.65,0.86%,1.09%,1469.45万,1262.18万,207.27万,2809.57万
2129,603528,多伦科技,8.19,0.86%,0.41%,1287.16万,1072.33万,214.83万,2363.75万
2130,603279,景津装备,18.78,0.86%,0.54%,2877.31万,2957.24万,-79.93万,5842.43万
2131,600720,中交设计,7.02,0.86%,0.29%,1253.73万,799.12万,454.60万,2073.91万
2132,300591,万里马,7.0,0.86%,0.84%,1242.68万,798.43万,444.25万,2052.17万
2133,2384,东山精密,147.06,0.86%,2.46%,25.79亿,23.53亿,2.26亿,49.87亿
2134,2162,悦心健康,4.67,0.86%,0.49%,924.08万,1002.02万,-77.94万,2088.03万
2135,2091,江苏国泰,9.41,0.86%,0.99%,7928.82万,6787.13万,1141.69万,1.49亿
2136,776,广发证券,20.03,0.86%,0.47%,2.58亿,2.86亿,-2806.23万,5.51亿
2137,712,锦龙股份,10.58,0.86%,0.48%,2523.77万,1930.46万,593.31万,4566.57万
2138,1269,欧晶科技,22.62,0.85%,0.77%,1616.19万,1683.24万,-67.05万,3336.31万
2139,301596,瑞迪智驱,69.6,0.85%,1.10%,1195.04万,1150.91万,44.13万,2398.13万
2140,301500,飞南资源,23.84,0.85%,5.20%,8770.17万,8964.88万,-194.72万,1.80亿
2141,2264,新华都,8.32,0.85%,0.96%,2900.80万,2131.18万,769.62万,5207.04万
2142,301131,聚赛龙,41.73,0.85%,0.86%,658.60万,601.36万,57.24万,1402.13万
2143,301077,星华新材,27.33,0.85%,0.86%,1172.55万,1044.73万,127.81万,2228.49万
2144,300225,*ST金泰,5.91,0.85%,2.41%,3242.73万,3338.24万,-95.51万,6591.83万
2145,301225,恒勃股份,115.57,0.85%,7.93%,1.35亿,1.40亿,-509.61万,2.82亿
2146,300802,矩子科技,18.98,0.85%,0.62%,1074.90万,1150.25万,-75.34万,2266.35万
2147,688020,方邦股份,91.67,0.85%,0.99%,3207.11万,4237.92万,-1030.81万,7466.09万
2148,688288,鸿泉技术,26.08,0.85%,1.38%,1725.11万,1811.42万,-86.30万,3581.89万
2149,603332,苏州龙杰,12.98,0.85%,0.56%,972.49万,588.70万,383.79万,1573.39万
2150,603030,全筑股份,2.36,0.85%,0.62%,823.82万,1071.12万,-247.30万,1902.61万
2151,600076,康欣新材,3.58,0.85%,0.40%,1033.83万,868.84万,164.99万,1906.29万
2152,300458,全志科技,37.98,0.85%,1.49%,1.87亿,1.81亿,596.66万,3.71亿
2153,300161,华中数控,28.51,0.85%,0.45%,1407.09万,1084.39万,322.70万,2498.04万
2154,2714,牧原股份,46.44,0.85%,0.56%,5.11亿,4.69亿,4113.53万,9.87亿
2155,2562,兄弟科技,5.94,0.85%,1.39%,3604.09万,2426.64万,1177.45万,6047.38万
2156,2331,皖通科技,8.29,0.85%,0.50%,867.30万,768.68万,98.62万,1644.11万
2157,2075,沙钢股份,4.72,0.85%,0.41%,2206.19万,1396.12万,810.07万,4224.24万
2158,419,通程控股,5.93,0.85%,0.68%,1193.81万,950.99万,242.82万,2165.38万
2159,300800,力合科技,11.84,0.85%,0.50%,672.20万,699.99万,-27.79万,1389.35万
2160,151,中成股份,11.9,0.85%,0.84%,1546.90万,1471.42万,75.48万,3085.56万
2161,2983,芯瑞达,23.97,0.84%,0.87%,1382.51万,1258.69万,123.82万,2651.99万
2162,688776,国光电气,84.86,0.84%,0.76%,4052.19万,2849.88万,1202.32万,6982.23万
2163,300272,开能健康,8.4,0.84%,2.97%,6135.82万,5309.16万,826.66万,1.15亿
2164,301020,密封科技,21.54,0.84%,0.28%,494.91万,370.21万,124.71万,868.78万
2165,600963,岳阳林纸,4.79,0.84%,0.56%,2519.71万,2178.92万,340.80万,4715.30万
2166,600738,丽尚国潮,4.83,0.84%,0.60%,1129.13万,1071.02万,58.10万,2213.77万
2167,300674,宇信科技,20.43,0.84%,0.65%,4929.81万,4280.05万,649.76万,9277.08万
2168,300643,万通智控,17.94,0.84%,0.99%,2303.12万,1776.68万,526.44万,4094.52万
2169,300317,珈伟新能,4.83,0.84%,3.25%,6908.40万,5953.13万,955.27万,1.29亿
2170,300230,永利股份,4.8,0.84%,0.84%,1398.68万,1140.67万,258.02万,2540.70万
2171,300154,瑞凌股份,8.38,0.84%,0.79%,1098.61万,982.29万,116.32万,2081.82万
2172,739,普洛药业,18.0,0.84%,0.40%,3910.61万,4350.82万,-440.22万,8317.02万
2173,655,金岭矿业,8.43,0.84%,1.54%,4063.22万,3550.82万,512.40万,7645.64万
2174,565,渝三峡A,7.19,0.84%,0.63%,960.10万,910.75万,49.35万,1940.52万
2175,688102,斯瑞新材,36.56,0.83%,1.25%,1.73亿,1.79亿,-637.53万,3.52亿
2176,301227,森鹰窗业,32.81,0.83%,1.06%,1112.97万,742.42万,370.55万,1862.95万
2177,301073,君亭酒店,28.09,0.83%,2.14%,5300.03万,5313.49万,-13.46万,1.07亿
2178,688132,邦彦技术,17.04,0.83%,0.36%,440.03万,470.33万,-30.30万,935.11万
2179,2217,合力泰,2.43,0.83%,1.93%,1.70亿,1.66亿,396.79万,3.37亿
2180,603927,中科软,17.03,0.83%,0.39%,3202.44万,2256.87万,945.57万,5531.34万
2181,2543,万和电气,8.49,0.83%,0.30%,897.07万,633.92万,263.14万,1684.53万
2182,600051,宁波联合,7.28,0.83%,1.43%,1726.59万,1474.45万,252.14万,3217.55万
2183,603978,深圳新星,25.41,0.83%,2.41%,6905.17万,5778.46万,1126.70万,1.30亿
2184,603677,奇精机械,15.8,0.83%,0.18%,284.54万,255.37万,29.16万,561.54万
2185,600572,康恩贝,4.84,0.83%,11.23%,7.46亿,6.60亿,8597.92万,14.10亿
2186,300768,迪普科技,17.09,0.83%,0.93%,3407.75万,3236.98万,170.77万,6694.45万
2187,300596,利安隆,43.75,0.83%,0.59%,2872.34万,2890.89万,-18.55万,5806.98万
2188,300568,星源材质,15.77,0.83%,3.19%,3.20亿,2.92亿,2841.89万,6.15亿
2189,300518,新迅达,20.74,0.83%,1.70%,3608.02万,3425.76万,182.25万,7047.67万
2190,300375,鹏翎股份,4.84,0.83%,0.96%,1202.71万,1232.94万,-30.23万,2463.14万
2191,300045,华力创通,23.02,0.83%,2.45%,1.39亿,1.45亿,-606.98万,2.89亿
2192,2800,天顺股份,16.98,0.83%,2.68%,3407.35万,3135.37万,271.98万,6635.82万
2193,2669,康达新材,13.4,0.83%,0.83%,1779.82万,1542.90万,236.92万,3383.15万
2194,2178,延华智能,6.08,0.83%,0.64%,1489.29万,1259.19万,230.10万,2755.78万
2195,2054,德美化工,8.55,0.83%,3.41%,5785.41万,5352.02万,433.39万,1.12亿
2196,301505,苏州规划,22.16,0.82%,0.93%,857.17万,710.55万,146.63万,1602.26万
2197,688045,必易微,49.05,0.82%,0.89%,1629.74万,1434.29万,195.45万,3081.35万
2198,300971,博亚精工,23.34,0.82%,1.08%,1060.65万,1235.61万,-174.96万,2317.74万
2199,688385,复旦微电,69.25,0.82%,0.81%,1.54亿,1.43亿,1014.65万,3.00亿
2200,605305,中际联合,42.9,0.82%,1.74%,8157.15万,7753.28万,403.87万,1.59亿
2201,2983,芯瑞达,23.97,0.84%,0.87%,1382.51万,1258.69万,123.82万,2651.99万
2202,300272,开能健康,8.4,0.84%,2.97%,6135.82万,5309.16万,826.66万,1.15亿
2203,301020,密封科技,21.54,0.84%,0.28%,494.91万,370.21万,124.71万,868.78万
2204,688007,光峰科技,14.47,0.84%,0.39%,1176.26万,1352.58万,-176.32万,2549.91万
2205,600963,岳阳林纸,4.79,0.84%,0.56%,2519.71万,2178.92万,340.80万,4715.30万
2206,600738,丽尚国潮,4.83,0.84%,0.60%,1129.13万,1071.02万,58.10万,2213.77万
2207,300674,宇信科技,20.43,0.84%,0.65%,4929.81万,4280.05万,649.76万,9277.08万
2208,300643,万通智控,17.94,0.84%,0.99%,2303.12万,1776.68万,526.44万,4094.52万
2209,300317,珈伟新能,4.83,0.84%,3.25%,6908.40万,5953.13万,955.27万,1.29亿
2210,300230,永利股份,4.8,0.84%,0.84%,1398.68万,1140.67万,258.02万,2540.70万
2211,300154,瑞凌股份,8.38,0.84%,0.79%,1098.61万,982.29万,116.32万,2081.82万
2212,739,普洛药业,18.0,0.84%,0.40%,3910.61万,4350.82万,-440.22万,8317.02万
2213,301227,森鹰窗业,32.81,0.83%,1.06%,1112.97万,742.42万,370.55万,1862.95万
2214,301073,君亭酒店,28.09,0.83%,2.14%,5300.03万,5313.49万,-13.46万,1.07亿
2215,2217,合力泰,2.43,0.83%,1.93%,1.70亿,1.66亿,396.79万,3.37亿
2216,2543,万和电气,8.49,0.83%,0.30%,897.07万,633.92万,263.14万,1684.53万
2217,605008,长鸿高科,12.1,0.83%,0.11%,546.83万,299.01万,247.82万,859.15万
2218,600051,宁波联合,7.28,0.83%,1.43%,1726.59万,1474.45万,252.14万,3217.55万
2219,603979,金诚信,63.27,0.83%,0.65%,1.13亿,1.43亿,-3008.84万,2.57亿
2220,603677,奇精机械,15.8,0.83%,0.18%,284.54万,255.37万,29.16万,561.54万
2221,600572,康恩贝,4.84,0.83%,11.23%,7.46亿,6.60亿,8597.92万,14.10亿
2222,300768,迪普科技,17.09,0.83%,0.93%,3407.75万,3236.98万,170.77万,6694.45万
2223,300596,利安隆,43.75,0.83%,0.59%,2872.34万,2890.89万,-18.55万,5806.98万
2224,300568,星源材质,15.77,0.83%,3.19%,3.20亿,2.92亿,2841.89万,6.15亿
2225,300518,新迅达,20.74,0.83%,1.70%,3608.02万,3425.76万,182.25万,7047.67万
2226,300375,鹏翎股份,4.84,0.83%,0.96%,1202.71万,1232.94万,-30.23万,2463.14万
2227,300045,华力创通,23.02,0.83%,2.45%,1.39亿,1.45亿,-606.98万,2.89亿
2228,2800,天顺股份,16.98,0.83%,2.68%,3407.35万,3135.37万,271.98万,6635.82万
2229,2669,康达新材,13.4,0.83%,0.83%,1779.82万,1542.90万,236.92万,3383.15万
2230,2178,延华智能,6.08,0.83%,0.64%,1489.29万,1259.19万,230.10万,2755.78万
2231,2054,德美化工,8.55,0.83%,3.41%,5785.41万,5352.02万,433.39万,1.12亿
2232,301505,苏州规划,22.16,0.82%,0.93%,857.17万,710.55万,146.63万,1602.26万
2233,688533,上声电子,26.9,0.82%,0.35%,877.04万,638.67万,238.38万,1529.15万
2234,300971,博亚精工,23.34,0.82%,1.08%,1060.65万,1235.61万,-174.96万,2317.74万
2235,300697,电工合金,16.01,0.82%,1.40%,2082.02万,2381.91万,-299.89万,4496.14万
2236,300266,兴源环境,2.46,0.82%,0.51%,983.68万,961.49万,22.19万,1945.32万
2237,2238,天威视讯,7.37,0.82%,0.24%,653.92万,772.54万,-118.62万,1428.08万
2238,603130,云中马,37.43,0.81%,0.59%,1388.21万,1589.20万,-200.99万,3019.28万
2239,688120,华海清科,184.98,0.81%,0.64%,2.04亿,2.11亿,-642.47万,4.19亿
2240,688283,坤恒顺维,41.05,0.81%,0.87%,2031.27万,2200.08万,-168.81万,4313.25万
2241,301538,骏鼎达,80.65,0.81%,1.18%,1517.16万,1407.74万,109.42万,2949.89万
2242,605158,华达新材,7.46,0.81%,0.41%,663.19万,914.79万,-251.61万,1579.47万
2243,688682,霍莱沃,48.77,0.81%,1.51%,3440.70万,3980.55万,-539.84万,7504.41万
2244,300860,锋尚文化,23.79,0.81%,0.43%,539.91万,558.77万,-18.86万,1110.33万
2245,603607,京华激光,22.52,0.81%,0.54%,1225.46万,941.06万,284.39万,2182.28万
2246,603379,三美股份,62.19,0.81%,0.35%,6506.20万,6726.89万,-220.69万,1.35亿
2247,603283,赛腾股份,49.69,0.81%,2.04%,1.34亿,1.40亿,-693.12万,2.76亿
2248,601068,中铝国际,6.25,0.81%,0.33%,3110.84万,2122.26万,988.58万,5252.62万
2249,600463,空港股份,10.01,0.81%,0.36%,565.14万,475.26万,89.88万,1064.99万
2250,300772,运达股份,16.1,0.81%,2.13%,1.25亿,1.13亿,1271.16万,2.40亿
2251,2622,皓宸医疗,2.49,0.81%,1.64%,2055.40万,1328.29万,727.10万,3412.22万
2252,2611,东方精工,17.39,0.81%,0.85%,7943.78万,6636.87万,1306.91万,1.47亿
2253,2536,飞龙股份,36.09,0.81%,4.45%,4.13亿,4.51亿,-3880.07万,8.76亿
2254,2386,天原股份,6.22,0.81%,1.81%,7764.85万,6895.16万,869.69万,1.47亿
2255,2105,信隆健康,6.24,0.81%,0.68%,876.50万,640.46万,236.04万,1533.50万
2256,685,中山公用,11.15,0.81%,0.38%,2969.69万,2268.04万,701.65万,5345.59万
2257,49,德赛电池,27.39,0.81%,1.24%,7253.44万,5682.71万,1570.73万,1.30亿
2258,605577,龙版传媒,12.56,0.80%,0.23%,711.81万,536.44万,175.37万,1254.91万
2259,300801,泰和科技,26.59,0.80%,1.53%,3022.97万,2498.04万,524.93万,5553.16万
2260,862,银星能源,6.3,0.80%,2.55%,5526.45万,4440.27万,1086.18万,1.00亿
2261,300445,康斯特,21.46,0.80%,1.36%,1974.34万,2127.26万,-152.93万,4122.43万
2262,300902,国安达,17.75,0.80%,0.93%,1015.69万,927.78万,87.91万,1980.92万
2263,603728,鸣志电器,59.04,0.80%,0.67%,7415.51万,9162.23万,-1746.72万,1.67亿
2264,603505,金石资源,17.75,0.80%,0.57%,4814.09万,3719.63万,1094.46万,8548.11万
2265,300789,唐源电气,21.35,0.80%,0.54%,619.32万,501.58万,117.74万,1128.17万
2266,300370,安控科技,2.52,0.80%,0.48%,894.18万,979.20万,-85.03万,1875.07万
2267,42,中洲控股,8.86,0.80%,0.32%,979.53万,756.29万,223.24万,1842.90万
2268,2088,鲁阳节能,10.1,0.80%,0.18%,503.68万,379.90万,123.78万,917.89万
2269,156,华数传媒,7.58,0.80%,0.25%,1630.84万,1585.41万,45.42万,3244.70万
2270,301510,固高科技,30.75,0.79%,0.84%,3707.16万,3363.60万,343.56万,7189.13万
2271,603344,星德胜,27.97,0.79%,1.10%,855.46万,798.38万,57.09万,1656.91万
2272,301329,信音电子,22.98,0.79%,1.20%,832.65万,784.74万,47.90万,1648.64万
2273,301585,蓝宇股份,28.18,0.79%,0.70%,665.06万,667.74万,-2.68万,1338.44万
2274,600615,鑫源智造,11.42,0.79%,0.43%,586.14万,507.17万,78.98万,1105.19万
2275,2981,朝阳科技,24.38,0.79%,0.64%,779.97万,1054.82万,-274.85万,1841.86万
2276,737,北方铜业,13.96,0.79%,0.93%,1.13亿,1.25亿,-1187.51万,2.46亿
2277,301059,金三江,13.96,0.79%,0.45%,745.17万,552.33万,192.83万,1315.79万
2278,600228,*ST返利,6.37,0.79%,0.71%,746.84万,1118.35万,-371.51万,1874.09万
2279,300919,中伟新材,56.31,0.79%,1.29%,3.32亿,3.33亿,-43.38万,6.68亿
2280,688305,科德数控,57.64,0.79%,0.51%,2236.15万,1598.81万,637.34万,3910.38万
2281,603076,乐惠国际,29.2,0.79%,2.16%,3770.14万,3834.76万,-64.62万,7636.75万
2282,603616,韩建河山,6.38,0.79%,1.29%,1511.60万,1596.73万,-85.13万,3143.36万
2283,603477,巨星农牧,19.02,0.79%,2.85%,1.35亿,1.23亿,1196.00万,2.72亿
2284,601099,太平洋,3.84,0.79%,0.66%,1.01亿,7063.96万,3005.79万,1.72亿
2285,600155,华创云信,6.37,0.79%,0.56%,4460.87万,2940.14万,1520.72万,7895.28万
2286,300743,天地数码,17.94,0.79%,0.64%,747.87万,697.44万,50.42万,1467.21万
2287,300670,大烨智能,6.37,0.79%,2.03%,1540.02万,1345.34万,194.68万,2891.98万
2288,300579,数字认证,26.89,0.79%,0.46%,1843.06万,1328.21万,514.85万,3202.51万
2289,300123,亚光科技,6.35,0.79%,1.02%,3133.71万,3272.82万,-139.10万,6484.65万
2290,2395,双象股份,17.97,0.79%,1.37%,3896.04万,2683.16万,1212.88万,6589.61万
2291,2210,飞马国际,2.55,0.79%,0.68%,2517.38万,2054.55万,462.82万,4584.94万
2292,2155,湖南黄金,29.41,0.79%,1.41%,3.18亿,3.15亿,327.19万,6.45亿
2293,503,国新健康,7.69,0.79%,0.42%,1759.45万,1359.73万,399.72万,3164.42万
2294,1283,豪鹏科技,69.8,0.78%,3.38%,8893.82万,9724.46万,-830.65万,1.88亿
2295,301606,绿联科技,75.3,0.78%,0.77%,5173.24万,4255.18万,918.06万,9557.18万
2296,301601,惠通科技,23.17,0.78%,0.36%,367.45万,324.33万,43.12万,700.57万
2297,605566,福莱蒽特,30.88,0.78%,0.53%,1297.48万,791.14万,506.34万,2180.30万
2298,301195,北路智控,32.17,0.78%,0.40%,634.54万,490.84万,143.70万,1132.46万
2299,301116,益客食品,10.37,0.78%,0.40%,1135.11万,652.74万,482.37万,1820.57万
2300,605058,澳弘电子,36.14,0.78%,2.11%,5859.98万,4849.99万,1009.99万,1.09亿
2301,603303,得邦照明,15.49,0.78%,0.17%,762.52万,504.70万,257.83万,1271.87万
2302,603683,晶华新材,28.41,0.78%,2.85%,1.22亿,1.09亿,1325.07万,2.33亿
2303,603583,捷昌驱动,33.41,0.78%,0.36%,2374.23万,2232.52万,141.71万,4641.81万
2304,603108,润达医疗,12.93,0.78%,0.92%,4301.79万,2854.63万,1447.16万,7169.22万
2305,600780,通宝能源,6.47,0.78%,0.87%,3623.94万,2800.72万,823.22万,6443.75万
2306,688619,罗普特,15.42,0.78%,0.84%,1415.57万,991.75万,423.82万,2421.15万
2307,600643,爱建集团,5.16,0.78%,1.06%,4391.67万,4165.77万,225.90万,8675.64万
2308,2827,高争民爆,32.43,0.78%,0.40%,1761.89万,1741.41万,20.48万,3543.22万
2309,2281,光迅科技,107.53,0.78%,2.98%,12.06亿,12.59亿,-5312.20万,24.94亿
2310,2205,国统股份,12.85,0.78%,0.61%,635.68万,797.89万,-162.21万,1440.50万
2311,2163,海南发展,12.86,0.78%,1.28%,7408.25万,5725.83万,1682.42万,1.32亿
2312,750,国海证券,3.89,0.78%,0.31%,4608.28万,2234.64万,2373.64万,6916.54万
2313,595,*ST宝实,6.51,0.77%,0.45%,1745.17万,1512.10万,233.08万,3304.92万
2314,301535,浙江华远,19.72,0.77%,0.60%,1176.13万,819.59万,356.54万,2163.71万
2315,688549,中巨芯,9.21,0.77%,1.45%,4062.49万,3700.20万,362.29万,7869.95万
2316,301023,奕帆传动,40.5,0.77%,1.28%,1091.05万,1112.55万,-21.50万,2246.53万
2317,1308,康冠科技,20.82,0.77%,0.17%,896.22万,768.74万,127.49万,1736.54万
2318,301032,新柴股份,13.07,0.77%,1.10%,1257.57万,1024.57万,233.00万,2288.67万
2319,300820,英杰电气,47.09,0.77%,1.08%,3024.21万,2569.39万,454.82万,5652.48万
2320,603688,石英股份,52.2,0.77%,2.74%,3.91亿,3.75亿,1577.29万,7.71亿
2321,603365,水星家纺,20.99,0.77%,0.44%,1613.48万,763.84万,849.64万,2400.61万
2322,601021,春秋航空,48.12,0.77%,0.30%,7340.11万,6774.19万,565.92万,1.42亿
2323,600343,航天动力,35.2,0.77%,5.18%,5.93亿,5.58亿,3568.72万,11.62亿
2324,600327,大东方,3.92,0.77%,0.63%,1187.53万,972.80万,214.73万,2163.30万
2325,300701,森霸传感,11.85,0.77%,0.73%,1318.82万,803.67万,515.15万,2148.95万
2326,548,湖南投资,5.22,0.77%,0.76%,855.79万,1093.37万,-237.58万,1959.28万
2327,2835,同为股份,15.77,0.77%,0.61%,663.40万,529.11万,134.29万,1222.79万
2328,428,华天酒店,3.92,0.77%,0.90%,1813.89万,1768.80万,45.08万,3593.37万
2329,2681,奋达科技,5.22,0.77%,0.60%,2878.28万,2032.43万,845.86万,4949.82万
2330,2177,御银股份,7.84,0.77%,3.95%,1.04亿,1.01亿,346.01万,2.09亿
2331,988,华工科技,113.17,0.77%,5.14%,27.53亿,26.87亿,6695.40万,56.88亿
2332,728,国元证券,7.88,0.77%,0.22%,4727.92万,2542.93万,2184.99万,7449.40万
2333,688653,康希通信,13.22,0.76%,0.58%,1160.54万,1154.52万,6.02万,2412.82万
2334,603281,江瀚新材,35.94,0.76%,0.44%,2973.34万,3024.28万,-50.94万,6014.13万
2335,688045,必易微,49.02,0.76%,0.93%,1695.23万,1484.42万,210.81万,3201.35万
2336,688171,纬德信息,49.04,0.76%,1.69%,3408.53万,3346.04万,62.49万,6805.91万
2337,301229,纽泰格,18.5,0.76%,0.56%,840.05万,493.09万,346.95万,1336.47万
2338,603209,兴通股份,14.58,0.76%,0.61%,1485.87万,1323.43万,162.44万,2830.29万
2339,688089,嘉必优,18.56,0.76%,0.35%,648.37万,435.64万,212.72万,1086.80万
2340,300809,华辰装备,33.35,0.76%,0.69%,1975.66万,1469.66万,506.01万,3465.66万
2341,603167,渤海轮渡,9.28,0.76%,0.49%,1404.23万,712.91万,691.32万,2128.84万
2342,601212,白银有色,7.96,0.76%,0.74%,2.09亿,2.19亿,-938.54万,4.35亿
2343,688432,有研硅,14.56,0.76%,0.35%,3156.61万,3040.02万,116.59万,6244.71万
2344,300388,节能国祯,7.95,0.76%,0.25%,658.33万,676.23万,-17.90万,1334.71万
2345,300271,华宇软件,6.67,0.76%,0.62%,1981.22万,1286.37万,694.84万,3301.24万
2346,300254,仟源医药,11.93,0.76%,3.79%,5558.37万,4523.28万,1035.08万,1.01亿
2347,300172,中电环保,5.31,0.76%,1.21%,2033.69万,1255.99万,777.70万,3342.73万
2348,2743,富煌钢构,5.33,0.76%,0.78%,958.58万,811.74万,146.84万,1792.38万
2349,2607,中公教育,2.65,0.76%,0.68%,4810.04万,4967.72万,-157.68万,9842.08万
2350,2541,鸿路钢构,21.29,0.76%,0.40%,2260.94万,1958.39万,302.55万,4251.06万
2351,300254,仟源医药,11.93,0.76%,3.79%,5558.37万,4523.28万,1035.08万,1.01亿
2352,300172,中电环保,5.31,0.76%,1.21%,2033.69万,1255.99万,777.70万,3342.73万
2353,2743,富煌钢构,5.33,0.76%,0.78%,958.58万,811.74万,146.84万,1792.38万
2354,2607,中公教育,2.65,0.76%,0.68%,4810.04万,4967.72万,-157.68万,9842.08万
2355,2541,鸿路钢构,21.29,0.76%,0.40%,2260.94万,1958.39万,302.55万,4251.06万
2356,2149,西部材料,54.06,0.76%,11.34%,14.66亿,14.63亿,282.30万,29.38亿
2357,591,太阳能,5.34,0.75%,0.81%,1.00亿,6873.58万,3157.70万,1.70亿
2358,1336,楚环科技,25.39,0.75%,1.18%,740.73万,606.63万,134.10万,1383.38万
2359,3021,兆威机电,100.66,0.75%,0.76%,8030.56万,7817.28万,213.28万,1.60亿
2360,688523,航天环宇,69.43,0.75%,6.94%,2.20亿,2.36亿,-1622.27万,4.60亿
2361,3017,大洋生物,30.81,0.75%,1.07%,1239.41万,1022.78万,216.63万,2274.20万
2362,300111,向日葵,4.03,0.75%,1.36%,3648.08万,3356.69万,291.39万,7012.55万
2363,300941,创识科技,20.15,0.75%,0.82%,817.03万,920.08万,-103.05万,1757.66万
2364,603100,川仪股份,20.08,0.75%,0.39%,2374.02万,1628.23万,745.79万,4028.56万
2365,603037,凯众股份,14.84,0.75%,2.27%,4857.72万,4042.66万,815.06万,8901.12万
2366,601226,华电科工,9.36,0.75%,1.15%,6792.28万,5534.15万,1258.13万,1.24亿
2367,600824,益民集团,4.01,0.75%,0.43%,997.93万,808.94万,188.99万,1813.27万
2368,600095,湘财股份,9.45,0.75%,0.27%,4427.00万,2600.20万,1826.80万,7219.30万
2369,300746,汉嘉数智,13.5,0.75%,0.59%,1080.38万,674.72万,405.66万,1760.36万
2370,2716,湖南白银,12.03,0.75%,3.89%,5.01亿,5.35亿,-3388.58万,10.77亿
2371,2707,众信旅游,6.69,0.75%,1.42%,4450.14万,3338.28万,1111.87万,7808.77万
2372,2697,红旗连锁,5.39,0.75%,0.56%,1835.94万,1580.27万,255.67万,3435.29万
2373,605,渤海股份,6.71,0.75%,0.60%,629.11万,768.40万,-139.29万,1408.14万
2374,599,青岛双星,5.4,0.75%,0.64%,1501.38万,1291.37万,210.01万,2807.91万
2375,301185,鸥玛软件,19.05,0.74%,0.73%,1178.29万,744.32万,433.97万,1938.43万
2376,688789,宏华数科,70.71,0.74%,0.23%,1390.95万,1451.91万,-60.96万,2873.74万
2377,603013,亚普股份,19.05,0.74%,0.25%,1051.75万,1361.91万,-310.16万,2451.90万
2378,603278,大业股份,10.91,0.74%,0.67%,1453.19万,998.59万,454.60万,2493.12万
2379,603126,中材节能,8.12,0.74%,0.81%,2005.22万,1964.96万,40.26万,3973.74万
2380,603068,博通集成,32.79,0.74%,0.57%,1701.73万,1102.11万,599.62万,2814.66万
2381,605138,盛泰集团,6.79,0.74%,0.20%,448.87万,290.09万,158.78万,743.25万
2382,2641,公元股份,4.11,0.74%,0.23%,540.22万,521.44万,18.78万,1063.38万
2383,2017,东信和平,19.04,0.74%,0.76%,4597.17万,3602.38万,994.80万,8408.09万
2384,158,常山北明,17.69,0.74%,0.77%,1.15亿,9600.09万,1861.63万,2.14亿
2385,301192,泰祥股份,26.06,0.73%,1.19%,904.08万,559.32万,344.75万,1471.74万
2386,688568,中科星图,60.66,0.73%,1.13%,2.78亿,2.68亿,994.40万,5.49亿
2387,300275,梅安森,11.08,0.73%,0.47%,813.28万,573.10万,240.18万,1391.14万
2388,2892,科力尔,10.99,0.73%,0.40%,1055.86万,1016.87万,38.99万,2096.95万
2389,300973,立高食品,33.23,0.73%,0.82%,1652.57万,1573.36万,79.21万,3240.55万
2390,600936,北投科技,4.13,0.73%,0.46%,1645.30万,1463.86万,181.44万,3188.32万
2391,600456,宝钛股份,34.55,0.73%,0.62%,5386.86万,4661.39万,725.47万,1.01亿
2392,600218,全柴动力,9.69,0.73%,0.96%,2185.81万,1841.37万,344.44万,4068.00万
2393,300384,三联虹普,15.26,0.73%,0.51%,988.65万,708.58万,280.07万,1702.58万
2394,2942,新农股份,19.39,0.73%,0.85%,1062.81万,1176.04万,-113.23万,2246.80万
2395,2461,珠江啤酒,9.66,0.73%,0.24%,2718.21万,2358.47万,359.74万,5133.38万
2396,566,海南海药,5.51,0.73%,1.66%,6263.72万,5421.17万,842.55万,1.18亿
2397,301421,波长光电,94.3,0.72%,3.42%,8530.34万,6242.46万,2287.88万,1.49亿
2398,688391,钜泉科技,30.76,0.72%,0.31%,571.87万,490.44万,81.43万,1085.45万
2399,688371,菲沃泰,21.1,0.72%,0.21%,775.51万,662.31万,113.20万,1488.39万
2400,2987,京北方,16.7,0.72%,0.37%,2962.34万,2192.13万,770.22万,5249.72万
2401,600359,新农开发,7.02,0.72%,0.88%,1034.81万,1052.17万,-17.36万,2330.53万
2402,300543,朗科智能,9.73,0.72%,0.66%,826.82万,761.19万,65.62万,1593.46万
2403,300510,金冠股份,4.22,0.72%,1.07%,1727.42万,1967.80万,-240.38万,3698.67万
2404,300132,青松股份,8.44,0.72%,1.07%,2958.83万,1612.21万,1346.62万,4575.86万
2405,2363,隆基机械,8.43,0.72%,1.36%,2266.20万,2454.46万,-188.26万,4766.26万
2406,2146,荣盛发展,1.39,0.72%,1.23%,3622.31万,3033.72万,588.59万,6658.34万
2407,301287,康力源,42.74,0.71%,2.97%,1234.11万,908.73万,325.38万,2154.81万
2408,301590,优优绿能,182.24,0.71%,2.93%,2531.62万,1948.54万,583.08万,4645.90万
2409,2486,嘉麟杰,2.83,0.71%,1.14%,1556.10万,1078.19万,477.91万,2640.10万
2410,301092,争光股份,34.08,0.71%,0.73%,679.23万,823.33万,-144.10万,1520.63万
2411,301088,戎美股份,14.24,0.71%,0.21%,262.17万,282.64万,-20.47万,562.32万
2412,603098,森特股份,14.18,0.71%,0.59%,2638.00万,1758.16万,879.85万,4453.56万
2413,600593,大连圣亚,37.07,0.71%,1.61%,4317.79万,3317.56万,1000.24万,7664.64万
2414,603223,恒通股份,8.51,0.71%,0.59%,1852.70万,1699.61万,153.09万,3558.86万
2415,601005,重庆钢铁,1.41,0.71%,0.32%,2898.96万,881.96万,2017.00万,3872.75万
2416,600977,中国电影,14.14,0.71%,1.04%,1.25亿,1.50亿,-2452.11万,2.76亿
2417,600770,综艺股份,5.66,0.71%,0.84%,3137.75万,2931.68万,206.07万,6159.85万
2418,600621,华鑫股份,14.26,0.71%,0.46%,3544.63万,3403.25万,141.37万,7007.65万
2419,600618,氯碱化工,12.74,0.71%,0.44%,2205.56万,1969.10万,236.47万,4198.86万
2420,600403,大有能源,5.7,0.71%,0.26%,1871.81万,1595.42万,276.39万,3505.24万
2421,300627,华测导航,34.26,0.71%,0.60%,6688.16万,6444.71万,243.45万,1.32亿
2422,300366,ST创意,5.64,0.71%,0.59%,975.04万,775.07万,199.96万,1750.39万
2423,2786,银宝山新,7.12,0.71%,0.51%,1039.37万,725.50万,313.87万,1773.78万
2424,2672,东江环保,4.27,0.71%,0.44%,965.89万,701.16万,264.74万,1687.00万
2425,715,中兴商业,5.67,0.71%,0.57%,725.32万,825.55万,-100.22万,1554.33万
2426,2972,科安达,12.91,0.70%,1.19%,910.88万,1132.65万,-221.77万,2062.65万
2427,301205,联特科技,263.73,0.70%,5.57%,6.05亿,6.01亿,400.69万,12.18亿
2428,688310,迈得医疗,15.85,0.70%,0.53%,734.66万,635.18万,99.48万,1381.79万
2429,300945,曼卡龙,15.76,0.70%,1.50%,2747.28万,2725.53万,21.75万,5609.37万
2430,603341,龙旗科技,39.02,0.70%,1.37%,7394.91万,6788.18万,606.73万,1.42亿
2431,603203,快克智能,43.39,0.70%,0.94%,4812.38万,4932.66万,-120.29万,1.01亿
2432,301151,冠龙节能,18.79,0.70%,0.30%,540.81万,373.03万,167.79万,939.38万
2433,300894,火星人,10.05,0.70%,0.41%,691.82万,500.36万,191.45万,1193.48万
2434,688288,鸿泉技术,26.04,0.70%,1.50%,1866.84万,1963.65万,-96.81万,3864.89万
2435,603738,泰晶科技,27.34,0.70%,6.38%,3.56亿,3.17亿,3878.22万,6.77亿
2436,601669,中国电建,5.72,0.70%,1.10%,4.00亿,4.15亿,-1523.48万,8.20亿
2437,300046,台基股份,31.49,0.70%,0.77%,3168.08万,2344.10万,823.97万,5744.98万
2438,2529,*ST海源,7.15,0.70%,0.58%,595.94万,400.76万,195.17万,1073.50万
2439,2277,友阿股份,5.73,0.70%,0.50%,2093.13万,1847.18万,245.95万,3964.09万
2440,2376,新北洋,7.2,0.70%,0.43%,1182.22万,1249.53万,-67.31万,2440.11万
2441,656,*ST金科,1.44,0.70%,0.82%,4194.72万,4485.67万,-290.95万,8927.59万
2442,2005,ST德豪,2.9,0.69%,0.23%,688.93万,457.40万,231.52万,1167.99万
2443,688432,有研硅,14.55,0.69%,0.37%,3398.58万,3280.98万,117.60万,6729.56万
2444,880,潍柴重机,27.91,0.69%,2.30%,7915.36万,6394.13万,1521.23万,1.45亿
2445,300234,开尔新材,5.82,0.69%,1.82%,1871.60万,1693.54万,178.06万,3591.54万
2446,688696,极米科技,91.6,0.69%,0.38%,1618.31万,800.01万,818.30万,2429.31万
2447,603112,华翔股份,20.52,0.69%,1.43%,8333.79万,7346.00万,987.79万,1.58亿
2448,600649,城投控股,4.37,0.69%,0.47%,3234.35万,1925.89万,1308.46万,5169.04万
2449,603109,神驰机电,23.26,0.69%,0.89%,2399.81万,1872.65万,527.16万,4308.71万
2450,603638,艾迪精密,20.37,0.69%,0.34%,3183.98万,2564.64万,619.34万,5762.89万
2451,605020,永和股份,25.26,0.68%,0.73%,4684.64万,4482.12万,202.52万,9216.51万
2452,300877,金春股份,28.08,0.68%,0.82%,1644.53万,1009.04万,635.50万,2734.09万
2453,695,滨海能源,14.89,0.68%,4.60%,7712.37万,7289.70万,422.68万,1.51亿
2454,603023,威帝股份,4.41,0.68%,1.15%,1430.92万,1368.19万,62.73万,2813.62万
2455,601069,西部黄金,33.84,0.68%,1.26%,2.00亿,1.68亿,3173.62万,3.76亿
2456,600502,安徽建工,5.9,0.68%,1.90%,9730.23万,9511.16万,219.07万,1.93亿
2457,300637,扬帆新材,11.77,0.68%,1.01%,1507.02万,1251.06万,255.96万,2765.37万
2458,300260,新莱应材,48.78,0.68%,1.32%,9545.20万,8886.43万,658.77万,1.85亿
2459,2897,意华股份,66.75,0.68%,3.26%,1.93亿,1.96亿,-257.90万,3.95亿
2460,2694,顾地科技,2.94,0.68%,0.43%,443.18万,435.23万,7.95万,900.39万
2461,2481,双塔食品,4.47,0.68%,0.40%,1210.94万,755.68万,455.25万,1970.02万
2462,2298,中电鑫龙,10.42,0.68%,2.59%,8384.68万,9215.68万,-831.00万,1.77亿
2463,825,太钢不锈,4.46,0.68%,0.26%,3495.65万,2930.97万,564.68万,6598.22万
2464,301371,敷尔佳,24.11,0.67%,0.91%,991.14万,695.75万,295.39万,1694.61万
2465,600289,ST信通,7.5,0.67%,0.25%,473.51万,595.46万,-121.94万,1070.62万
2466,2095,生意宝,16.65,0.67%,0.39%,1000.01万,601.69万,398.32万,1631.99万
2467,301035,润丰股份,78.4,0.67%,0.18%,2045.77万,1969.89万,75.88万,4064.17万
2468,300695,兆丰股份,72.12,0.67%,0.48%,1797.21万,1684.38万,112.82万,3510.44万
2469,688160,步科股份,108.31,0.67%,1.63%,7460.15万,8785.38万,-1325.22万,1.63亿
2470,300907,康平科技,28.35,0.67%,0.46%,802.93万,441.71万,361.22万,1248.61万
2471,603551,奥普科技,12.04,0.67%,0.52%,1335.55万,1039.98万,295.58万,2386.48万
2472,688299,长阳科技,18.06,0.67%,0.71%,1989.81万,1736.21万,253.60万,3728.45万
2473,603718,海利生物,4.52,0.67%,1.07%,1463.70万,1688.72万,-225.02万,3153.24万
2474,601615,明阳智能,16.6,0.67%,1.51%,3.03亿,2.59亿,4434.17万,5.66亿
2475,600791,京能置业,11.95,0.67%,2.38%,6803.29万,5895.68万,907.61万,1.27亿
2476,2041,登海种业,10.45,0.67%,0.50%,2733.80万,1784.64万,949.16万,4614.09万
2477,2006,精工科技,18.16,0.67%,0.58%,2704.08万,2603.73万,100.35万,5501.08万
2478,589,贵州轮胎,4.61,0.66%,0.71%,2712.92万,2332.28万,380.63万,5054.57万
2479,688187,时代电气,51.52,0.66%,0.28%,6601.98万,5988.29万,613.70万,1.27亿
2480,2979,雷赛智能,39.47,0.66%,0.84%,3856.11万,3370.25万,485.86万,7327.51万
2481,301156,美农生物,18.44,0.66%,1.05%,916.25万,790.55万,125.70万,1709.01万
2482,603086,先达股份,7.58,0.66%,0.49%,815.40万,780.25万,35.14万,1597.39万
2483,601515,衢州东峰,4.58,0.66%,1.00%,4609.43万,4216.67万,392.75万,8845.70万
2484,300757,罗博特科,494.0,0.66%,1.87%,6.83亿,6.80亿,378.10万,13.75亿
2485,300726,宏达电子,44.3,0.66%,0.95%,4736.10万,4143.30万,592.80万,8962.20万
2486,300451,创业慧康,4.6,0.66%,0.73%,2470.58万,2650.22万,-179.63万,5148.71万
2487,300422,博世科,4.55,0.66%,0.76%,1005.82万,743.30万,262.52万,1750.03万
2488,300283,温州宏丰,9.18,0.66%,4.89%,8161.26万,8610.71万,-449.44万,1.68亿
2489,2811,郑中设计,13.64,0.66%,0.59%,1241.25万,986.62万,254.63万,2244.24万
2490,688775,影石创新,196.17,0.65%,1.14%,3502.37万,3796.97万,-294.60万,7309.36万
2491,301102,兆讯传媒,10.87,0.65%,0.32%,717.74万,660.14万,57.60万,1400.39万
2492,688450,光格科技,40.26,0.65%,2.00%,1931.53万,1994.19万,-62.66万,3953.08万
2493,688372,伟测科技,155.62,0.65%,1.84%,2.47亿,2.23亿,2426.87万,4.79亿
2494,301215,中汽股份,6.15,0.65%,0.34%,1531.99万,1261.05万,270.94万,2801.91万
2495,300155,安居宝,4.67,0.65%,0.80%,610.51万,613.02万,-2.51万,1224.41万
2496,2295,精艺股份,10.81,0.65%,0.51%,736.93万,619.88万,117.05万,1366.53万
2497,300966,共同药业,21.81,0.65%,1.44%,1167.86万,1199.62万,-31.76万,2391.90万
2498,600684,珠江股份,4.62,0.65%,0.78%,1481.46万,1594.53万,-113.07万,3082.09万
2499,600143,金发科技,17.01,0.65%,0.64%,1.47亿,1.38亿,865.80万,2.88亿
2500,600111,北方稀土,49.72,0.65%,1.46%,13.49亿,12.25亿,1.24亿,26.24亿
2501,301156,美农生物,18.44,0.66%,1.05%,916.25万,790.55万,125.70万,1709.01万
2502,603086,先达股份,7.58,0.66%,0.49%,815.40万,780.25万,35.14万,1597.39万
2503,601515,衢州东峰,4.58,0.66%,1.00%,4609.43万,4216.67万,392.75万,8845.70万
2504,300757,罗博特科,494.0,0.66%,1.87%,6.83亿,6.80亿,378.10万,13.75亿
2505,300726,宏达电子,44.3,0.66%,0.95%,4736.10万,4143.30万,592.80万,8962.20万
2506,300451,创业慧康,4.6,0.66%,0.73%,2470.58万,2650.22万,-179.63万,5148.71万
2507,300422,博世科,4.55,0.66%,0.76%,1005.82万,743.30万,262.52万,1750.03万
2508,300283,温州宏丰,9.18,0.66%,4.89%,8161.26万,8610.71万,-449.44万,1.68亿
2509,2811,郑中设计,13.64,0.66%,0.59%,1241.25万,986.62万,254.63万,2244.24万
2510,49,德赛电池,27.35,0.66%,1.28%,7458.84万,5947.94万,1510.90万,1.35亿
2511,301102,兆讯传媒,10.87,0.65%,0.32%,717.74万,660.14万,57.60万,1400.39万
2512,688458,美芯晟,35.73,0.65%,0.70%,1024.93万,1099.54万,-74.60万,2127.42万
2513,301215,中汽股份,6.15,0.65%,0.34%,1531.99万,1261.05万,270.94万,2801.91万
2514,737,北方铜业,13.94,0.65%,1.06%,1.35亿,1.43亿,-874.46万,2.80亿
2515,300155,安居宝,4.67,0.65%,0.80%,610.51万,613.02万,-2.51万,1224.41万
2516,688219,会通股份,10.88,0.65%,0.39%,981.17万,1286.87万,-305.70万,2321.53万
2517,2295,精艺股份,10.81,0.65%,0.51%,736.93万,619.88万,117.05万,1366.53万
2518,300966,共同药业,21.81,0.65%,1.44%,1167.86万,1199.62万,-31.76万,2391.90万
2519,600684,珠江股份,4.62,0.65%,0.78%,1481.46万,1594.53万,-113.07万,3082.09万
2520,605155,西大门,15.48,0.65%,0.66%,1313.45万,563.58万,749.87万,1882.91万
2521,600143,金发科技,17.01,0.65%,0.64%,1.47亿,1.38亿,865.80万,2.88亿
2522,600111,北方稀土,49.72,0.65%,1.46%,13.49亿,12.25亿,1.24亿,26.24亿
2523,300080,易成新能,4.64,0.65%,0.72%,2886.13万,3201.34万,-315.22万,6215.52万
2524,1266,宏英智能,33.23,0.64%,0.84%,743.77万,836.73万,-92.96万,1627.04万
2525,301183,东田微,187.8,0.64%,4.87%,2.75亿,2.56亿,1826.45万,5.37亿
2526,1376,百通能源,15.83,0.64%,2.43%,4224.58万,3806.56万,418.02万,8148.17万
2527,605007,五洲特纸,14.09,0.64%,0.46%,1477.58万,1084.14万,393.44万,2578.48万
2528,605299,舒华体育,19.0,0.64%,5.84%,2.29亿,2.21亿,797.71万,4.52亿
2529,3042,中农联合,17.34,0.64%,1.91%,1974.71万,2201.47万,-226.76万,4192.30万
2530,688157,松井股份,40.76,0.64%,1.21%,4093.56万,3564.16万,529.40万,7760.57万
2531,300913,兆龙互连,53.41,0.64%,1.06%,7092.26万,6999.81万,92.45万,1.44亿
2532,688393,安必平,23.66,0.64%,0.69%,716.44万,803.03万,-86.59万,1520.52万
2533,688165,埃夫特,17.31,0.64%,0.47%,2019.00万,2194.46万,-175.46万,4284.97万
2534,601696,中银证券,12.57,0.64%,0.54%,1.10亿,7581.85万,3458.30万,1.90亿
2535,300094,国联水产,3.15,0.64%,0.94%,1862.44万,1339.68万,522.76万,3237.75万
2536,2348,高乐股份,9.44,0.64%,0.97%,4129.36万,4101.38万,27.98万,8238.20万
2537,2185,华天科技,12.54,0.64%,1.14%,2.30亿,2.25亿,481.47万,4.62亿
2538,663,永安林业,6.38,0.63%,1.12%,1297.76万,861.87万,435.89万,2163.33万
2539,688416,恒烁股份,82.6,0.63%,2.85%,8444.56万,1.07亿,-2208.76万,1.95亿
2540,816,智慧农业,3.21,0.63%,0.68%,1412.79万,1269.34万,143.45万,3136.22万
2541,300185,通裕重工,3.21,0.63%,1.46%,8576.92万,9389.28万,-812.36万,1.80亿
2542,3032,*ST传智,6.4,0.63%,0.82%,891.15万,545.14万,346.01万,1440.51万
2543,688679,通源环境,56.2,0.63%,1.69%,6946.45万,5172.26万,1774.19万,1.23亿
2544,603123,翠微股份,12.68,0.63%,3.00%,1.14亿,1.33亿,-1892.38万,2.48亿
2545,600665,天地源,3.18,0.63%,0.57%,902.12万,668.69万,233.43万,1571.79万
2546,603055,台华新材,9.53,0.63%,0.33%,1638.58万,1114.73万,523.86万,2765.41万
2547,600644,乐山电力,11.24,0.63%,2.07%,7735.19万,5629.10万,2106.09万,1.34亿
2548,603978,深圳新星,25.36,0.63%,2.52%,7268.77万,6260.87万,1007.89万,1.35亿
2549,603538,美诺华,55.85,0.63%,21.35%,13.52亿,12.04亿,1.48亿,25.61亿
2550,603089,正裕工业,12.71,0.63%,0.25%,388.18万,359.02万,29.16万,747.33万
2551,301199,迈赫股份,22.6,0.62%,0.82%,627.35万,690.27万,-62.92万,1333.21万
2552,301228,实朴检测,53.63,0.62%,2.58%,8044.81万,8499.75万,-454.94万,1.67亿
2553,688319,欧林生物,29.12,0.62%,0.97%,6246.65万,5111.24万,1135.41万,1.14亿
2554,688126,沪硅产业,17.87,0.62%,0.45%,1.05亿,1.13亿,-748.97万,2.20亿
2555,3016,欣贺股份,8.18,0.62%,0.46%,560.23万,956.59万,-396.37万,1535.96万
2556,300881,盛德鑫泰,45.75,0.62%,2.97%,4240.95万,3493.70万,747.25万,7781.37万
2557,603002,宏昌电子,12.96,0.62%,5.92%,4.02亿,4.59亿,-5701.60万,8.67亿
2558,601007,金陵饭店,8.14,0.62%,1.88%,3183.72万,2749.95万,433.78万,5988.61万
2559,600637,东方明珠,9.72,0.62%,0.39%,6520.77万,5917.65万,603.12万,1.26亿
2560,600345,长江通信,49.97,0.62%,6.04%,2.82亿,3.34亿,-5198.00万,6.33亿
2561,300514,友讯达,13.05,0.62%,0.74%,798.79万,734.61万,64.18万,1544.50万
2562,300425,中建环能,4.87,0.62%,0.50%,910.31万,743.38万,166.93万,1655.01万
2563,300321,同大股份,34.21,0.62%,0.73%,1254.90万,954.55万,300.35万,2213.21万
2564,300307,慈星股份,6.54,0.62%,0.32%,952.59万,662.87万,289.72万,1622.45万
2565,300175,ST朗源,6.51,0.62%,0.49%,834.64万,630.94万,203.70万,1487.87万
2566,2670,国盛证券,14.59,0.62%,0.29%,3594.75万,3189.39万,405.36万,6905.04万
2567,2453,华软科技,4.85,0.62%,0.77%,1317.31万,940.62万,376.69万,2281.81万
2568,2241,歌尔股份,24.25,0.62%,1.02%,4.07亿,3.60亿,4669.94万,7.71亿
2569,2063,远光软件,6.46,0.62%,1.58%,9120.09万,8301.38万,818.71万,1.79亿
2570,2009,天奇股份,24.24,0.62%,2.88%,1.26亿,1.18亿,856.16万,2.47亿
2571,878,云南铜业,19.42,0.62%,1.12%,2.16亿,2.08亿,777.23万,4.33亿
2572,688721,龙图光罩,39.69,0.61%,0.73%,917.48万,610.53万,306.95万,1557.97万
2573,603257,中国瑞林,56.52,0.61%,1.29%,1004.11万,777.76万,226.35万,1805.59万
2574,300920,润阳科技,39.74,0.61%,0.73%,1012.48万,869.18万,143.30万,1891.60万
2575,301292,海科新源,93.89,0.61%,22.05%,8.28亿,9.22亿,-9451.20万,17.60亿
2576,688033,天宜新材,8.3,0.61%,0.72%,1674.70万,1593.84万,80.86万,3340.98万
2577,603825,ST华扬,8.3,0.61%,0.14%,174.80万,109.86万,64.94万,289.64万
2578,603648,畅联股份,9.91,0.61%,0.16%,262.54万,291.44万,-28.90万,560.11万
2579,601101,昊华能源,8.28,0.61%,0.34%,2268.22万,1560.92万,707.30万,3987.38万
2580,300019,硅宝科技,19.83,0.61%,0.85%,2745.28万,3313.08万,-567.80万,6209.02万
2581,3013,地铁设计,13.29,0.61%,0.15%,419.14万,357.04万,62.10万,784.96万
2582,2830,名雕股份,21.41,0.61%,0.97%,695.02万,639.73万,55.28万,1379.13万
2583,2717,ST岭南,1.66,0.61%,1.82%,2745.17万,2102.38万,642.80万,4873.71万
2584,882,华联股份,1.65,0.61%,0.87%,2145.96万,1756.51万,389.45万,3932.56万
2585,14,沙河股份,13.19,0.61%,1.26%,1963.00万,2016.32万,-53.31万,4029.02万
2586,2303,美盈森,3.36,0.60%,0.69%,1175.01万,1037.89万,137.12万,2215.21万
2587,688231,隆达股份,33.64,0.60%,0.51%,2219.12万,1962.96万,256.16万,4191.43万
2588,300795,米奥会展,11.73,0.60%,0.84%,867.48万,809.65万,57.83万,1712.23万
2589,1206,依依股份,21.66,0.60%,2.62%,2671.97万,3334.67万,-662.70万,6039.77万
2590,301069,凯盛新材,21.64,0.60%,0.59%,2040.57万,3294.42万,-1253.85万,5401.89万
2591,300838,浙江力诺,14.98,0.60%,0.94%,612.93万,764.73万,-151.80万,1422.44万
2592,300887,谱尼测试,10.02,0.60%,1.02%,1901.57万,1764.85万,136.72万,3695.17万
2593,603755,日辰股份,28.52,0.60%,0.35%,568.31万,394.21万,174.09万,969.08万
2594,603579,荣泰健康,20.23,0.60%,0.72%,1471.29万,1410.66万,60.63万,2920.53万
2595,600854,春兰股份,5.07,0.60%,0.88%,1188.70万,1090.81万,97.88万,2313.12万
2596,603628,清源股份,13.33,0.60%,1.24%,2442.80万,2009.32万,433.48万,4476.37万
2597,600708,光明地产,3.36,0.60%,0.38%,1189.31万,1619.25万,-429.94万,2816.40万
2598,600616,金枫酒业,5.03,0.60%,0.37%,527.51万,707.42万,-179.92万,1236.69万
2599,300586,美联新材,10.12,0.60%,1.52%,3570.24万,4489.52万,-919.28万,8237.68万
2600,300421,力星股份,25.2,0.60%,2.77%,7078.73万,8981.01万,-1902.28万,1.61亿
2601,2416,爱施德,13.5,0.60%,0.93%,7805.21万,7327.21万,478.00万,1.53亿
2602,720,新能泰山,5.0,0.60%,5.94%,2.02亿,1.66亿,3576.05万,3.70亿
2603,63,中兴通讯,35.42,0.60%,0.92%,7.14亿,5.80亿,1.34亿,13.08亿
2604,688695,中创股份,23.99,0.59%,0.92%,732.91万,385.81万,347.10万,1166.38万
2605,601059,信达证券,17.0,0.59%,0.09%,2568.53万,2326.46万,242.07万,4991.72万
2606,300942,易瑞生物,8.49,0.59%,0.78%,1222.70万,1390.71万,-168.01万,2647.25万
2607,688050,爱博医疗,51.38,0.59%,0.33%,1713.26万,1573.30万,139.96万,3298.16万
2608,603986,兆易创新,275.63,0.59%,2.50%,22.77亿,22.70亿,695.20万,45.72亿
2609,603660,苏州科达,10.2,0.59%,1.43%,4516.76万,3743.60万,773.16万,8316.51万
2610,601678,滨化股份,5.1,0.59%,0.98%,5912.33万,4234.79万,1677.54万,1.02亿
2611,600992,贵绳股份,12.0,0.59%,0.66%,995.88万,902.78万,93.10万,1934.99万
2612,600571,信雅达,13.66,0.59%,0.80%,2822.52万,2126.67万,695.85万,5008.43万
2613,603818,曲美家居,3.41,0.59%,0.72%,917.98万,736.51万,181.47万,1682.37万
2614,300783,三只松鼠,18.6,0.59%,0.82%,2394.67万,1846.21万,548.46万,4280.16万
2615,300732,设研院,6.78,0.59%,0.84%,1108.74万,1000.21万,108.54万,2113.15万
2616,300506,ST名家汇,5.1,0.59%,0.69%,1139.65万,1446.63万,-306.98万,2587.51万
2617,2660,茂硕电源,8.57,0.59%,0.49%,803.90万,606.46万,197.44万,1432.40万
2618,2034,旺能环境,18.84,0.59%,0.86%,3291.06万,3650.74万,-359.68万,6988.70万
2619,89,深圳机场,6.85,0.59%,0.14%,1376.74万,637.43万,739.31万,2034.76万
2620,688605,先锋精科,64.3,0.58%,1.10%,3446.22万,4225.24万,-779.02万,7743.72万
2621,726,鲁泰A,6.92,0.58%,0.69%,1576.74万,1207.86万,368.88万,2806.08万
2622,301210,金杨精密,39.93,0.58%,9.53%,7221.93万,9226.13万,-2004.20万,1.66亿
2623,688786,悦安新材,32.71,0.58%,0.75%,2063.14万,1436.41万,626.73万,3522.92万
2624,2215,诺普信,10.36,0.58%,0.42%,1783.87万,1623.67万,160.19万,3465.99万
2625,688151,华强科技,20.74,0.58%,0.22%,607.44万,897.18万,-289.74万,1535.25万
2626,688198,佰仁医疗,95.42,0.58%,0.15%,964.51万,893.60万,70.91万,1921.04万
2627,300955,嘉亨家化,38.04,0.58%,0.85%,1962.78万,1295.85万,666.92万,3269.66万
2628,688193,仁度生物,50.16,0.58%,0.38%,455.87万,302.28万,153.59万,762.16万
2629,300847,中船汉光,15.71,0.58%,0.55%,1113.11万,1418.15万,-305.04万,2552.47万
2630,603999,读者传媒,6.91,0.58%,0.58%,1032.49万,1231.77万,-199.28万,2283.68万
2631,600828,茂业商业,5.19,0.58%,0.31%,1541.75万,1183.66万,358.09万,2748.61万
2632,603329,上海雅仕,10.38,0.58%,0.36%,466.45万,291.11万,175.34万,762.43万
2633,603197,保隆科技,33.21,0.58%,0.47%,1911.61万,1350.64万,560.97万,3285.16万
2634,600846,同济科技,12.22,0.58%,0.10%,364.24万,391.89万,-27.64万,792.24万
2635,600729,重庆百货,22.42,0.58%,0.79%,1922.43万,1398.26万,524.17万,3391.93万
2636,300507,苏奥传感,8.63,0.58%,0.59%,2078.17万,1883.89万,194.28万,3972.42万
2637,2953,日丰股份,12.14,0.58%,1.45%,1670.98万,1995.84万,-324.86万,3719.76万
2638,2404,嘉欣丝绸,6.89,0.58%,0.42%,671.16万,602.54万,68.62万,1307.53万
2639,2268,电科网安,17.4,0.58%,0.41%,3155.99万,2720.06万,435.92万,5972.26万
2640,301551,无线传媒,29.7,0.58%,0.85%,1953.17万,1888.72万,64.45万,3889.75万
2641,688310,迈得医疗,15.83,0.57%,0.48%,652.93万,597.34万,55.60万,1254.80万
2642,301575,艾芬达,45.48,0.57%,1.09%,499.05万,361.38万,137.66万,864.52万
2643,603693,江苏新能,14.06,0.57%,0.76%,5392.25万,4094.44万,1297.81万,9500.31万
2644,600801,华新建材,22.93,0.57%,0.33%,5477.92万,4640.92万,837.00万,1.02亿
2645,600653,申华控股,1.77,0.57%,0.34%,334.68万,824.50万,-489.82万,1170.06万
2646,300521,爱司凯,26.56,0.57%,0.48%,1000.77万,889.64万,111.13万,1908.22万
2647,2510,天汽模,7.1,0.57%,0.78%,2523.14万,2880.52万,-357.38万,5576.15万
2648,969,安泰科技,21.06,0.57%,0.70%,7675.21万,7016.93万,658.28万,1.52亿
2649,301678,新恒汇,62.94,0.56%,1.49%,2445.81万,2010.80万,435.02万,4498.16万
2650,301089,拓新药业,28.56,0.56%,1.83%,2519.45万,2226.92万,292.53万,4760.65万
2651,600801,华新建材,22.93,0.57%,0.33%,5477.92万,4640.92万,837.00万,1.02亿
2652,600653,申华控股,1.77,0.57%,0.34%,334.68万,824.50万,-489.82万,1170.06万
2653,300521,爱司凯,26.56,0.57%,0.48%,1000.77万,889.64万,111.13万,1908.22万
2654,2510,天汽模,7.1,0.57%,0.78%,2523.14万,2880.52万,-357.38万,5576.15万
2655,969,安泰科技,21.06,0.57%,0.70%,7675.21万,7016.93万,658.28万,1.52亿
2656,301678,新恒汇,62.94,0.56%,1.49%,2445.81万,2010.80万,435.02万,4498.16万
2657,688314,康拓医疗,48.76,0.56%,1.42%,2694.09万,2841.34万,-147.25万,5638.55万
2658,301089,拓新药业,28.56,0.56%,1.83%,2519.45万,2226.92万,292.53万,4760.65万
2659,300929,华骐环保,12.58,0.56%,0.92%,871.37万,576.73万,294.64万,1459.04万
2660,301177,迪阿股份,28.92,0.56%,0.12%,645.60万,670.21万,-24.61万,1321.88万
2661,3040,楚天龙,16.04,0.56%,0.50%,1903.97万,1635.37万,268.59万,3629.04万
2662,300807,天迈科技,53.9,0.56%,1.86%,2686.80万,2494.53万,192.27万,5204.52万
2663,603225,新凤鸣,17.82,0.56%,0.46%,7000.53万,6618.97万,381.56万,1.37亿
2664,2392,北京利尔,7.19,0.56%,0.49%,2132.88万,1898.38万,234.50万,4039.09万
2665,600763,通策医疗,41.6,0.56%,0.73%,7934.16万,5475.98万,2458.18万,1.35亿
2666,600460,士兰微,26.73,0.56%,0.67%,1.53亿,1.44亿,960.35万,2.98亿
2667,600273,嘉化能源,9.05,0.56%,0.40%,2434.25万,2312.90万,121.35万,4787.83万
2668,600255,鑫科材料,3.6,0.56%,1.04%,3056.55万,3522.59万,-466.03万,6778.94万
2669,600148,长春一东,18.09,0.56%,0.34%,399.87万,444.69万,-44.82万,867.87万
2670,2666,德联集团,5.4,0.56%,0.77%,1070.75万,998.42万,72.33万,2074.09万
2671,2583,海能达,10.84,0.56%,1.08%,7666.59万,7005.45万,661.13万,1.49亿
2672,1380,华纬科技,20.15,0.55%,0.63%,617.77万,454.73万,163.04万,1120.42万
2673,301167,建研设计,16.39,0.55%,1.23%,741.37万,669.85万,71.52万,1424.65万
2674,301226,祥明智能,40.54,0.55%,3.46%,7649.70万,7381.81万,267.89万,1.51亿
2675,301600,慧翰股份,106.0,0.55%,1.12%,1921.26万,1866.28万,54.98万,3821.46万
2676,300796,贝斯美,9.08,0.55%,0.68%,1212.01万,982.56万,229.45万,2203.57万
2677,605337,李子园,11.0,0.55%,0.42%,987.81万,805.75万,182.07万,1803.12万
2678,300906,日月明,32.63,0.55%,1.22%,1487.55万,1379.44万,108.11万,2886.85万
2679,600171,上海贝岭,27.56,0.55%,0.42%,4741.90万,3308.67万,1433.23万,8179.09万
2680,603337,杰克科技,39.87,0.55%,0.24%,2129.01万,2418.02万,-289.01万,4570.54万
2681,601066,中信建投,21.96,0.55%,0.08%,6840.22万,4102.62万,2737.60万,1.10亿
2682,600261,阳光照明,3.68,0.55%,0.27%,759.54万,574.81万,184.73万,1338.87万
2683,600558,大西洋,5.44,0.55%,0.80%,2062.08万,1796.93万,265.15万,3871.57万
2684,300593,新雷能,27.23,0.55%,2.67%,1.74亿,1.47亿,2661.63万,3.23亿
2685,300546,雄帝科技,21.81,0.55%,0.87%,1204.52万,1298.87万,-94.34万,2522.36万
2686,300515,三德科技,18.3,0.55%,0.53%,1064.93万,875.92万,189.01万,1941.58万
2687,2812,恩捷股份,71.15,0.55%,2.64%,7.62亿,7.86亿,-2389.60万,15.58亿
2688,2626,金达威,18.32,0.55%,0.30%,1678.20万,1643.66万,34.54万,3378.16万
2689,2574,明牌珠宝,5.53,0.55%,0.35%,525.42万,481.47万,43.95万,1011.92万
2690,2019,亿帆医药,12.77,0.55%,1.42%,8218.83万,6717.20万,1501.62万,1.51亿
2691,301311,昆船智能,16.8,0.54%,0.30%,541.62万,644.19万,-102.57万,1202.11万
2692,688320,禾川科技,31.37,0.54%,0.62%,1423.76万,1484.47万,-60.71万,2943.59万
2693,688123,聚辰股份,123.83,0.54%,3.97%,3.51亿,4.16亿,-6426.40万,7.73亿
2694,300889,爱克股份,26.02,0.54%,1.08%,1995.09万,2056.12万,-61.03万,4119.16万
2695,603611,诺力股份,20.6,0.54%,0.53%,1663.78万,1072.66万,591.12万,2779.51万
2696,600728,佳都科技,5.61,0.54%,0.71%,3557.77万,4834.49万,-1276.72万,8448.78万
2697,600187,国中水务,1.86,0.54%,0.60%,710.62万,1070.78万,-360.16万,1793.72万
2698,300786,国林科技,14.76,0.54%,0.94%,983.79万,986.41万,-2.63万,2029.68万
2699,300474,景嘉微,61.17,0.54%,0.80%,9528.51万,1.02亿,-654.52万,1.99亿
2700,300222,科大智能,11.12,0.54%,0.99%,3300.16万,3625.30万,-325.14万,6965.27万
2701,603611,诺力股份,20.6,0.54%,0.53%,1663.78万,1072.66万,591.12万,2779.51万
2702,600728,佳都科技,5.61,0.54%,0.71%,3557.77万,4834.49万,-1276.72万,8448.78万
2703,600187,国中水务,1.86,0.54%,0.60%,710.62万,1070.78万,-360.16万,1793.72万
2704,300786,国林科技,14.76,0.54%,0.94%,983.79万,986.41万,-2.63万,2029.68万
2705,300474,景嘉微,61.17,0.54%,0.80%,9528.51万,1.02亿,-654.52万,1.99亿
2706,300222,科大智能,11.12,0.54%,0.99%,3300.16万,3625.30万,-325.14万,6965.27万
2707,300020,ST银江,3.7,0.54%,2.03%,2881.81万,2885.09万,-3.27万,5786.69万
2708,2939,长城证券,9.24,0.54%,0.21%,3906.08万,3075.06万,831.02万,7043.18万
2709,2735,王子新材,15.02,0.54%,1.15%,2463.78万,2371.80万,91.99万,4917.42万
2710,2673,西部证券,7.38,0.54%,0.24%,5148.43万,2744.14万,2404.29万,7986.57万
2711,2141,贤丰控股,3.74,0.54%,0.70%,1286.69万,1358.64万,-71.95万,2646.41万
2712,600,建投能源,9.29,0.54%,0.90%,4423.20万,4658.45万,-235.24万,9154.06万
2713,539,粤电力A,5.56,0.54%,1.17%,7836.47万,7830.62万,5.85万,1.65亿
2714,301388,欣灵电气,32.37,0.53%,4.62%,1995.02万,2002.99万,-7.97万,4050.51万
2715,603312,西典新能,41.47,0.53%,1.20%,1430.50万,1072.40万,358.10万,2521.55万
2716,688639,华恒生物,28.47,0.53%,0.63%,2429.72万,2023.84万,405.88万,4464.03万
2717,1387,雪祺电气,13.23,0.53%,0.68%,482.06万,522.80万,-40.74万,1018.22万
2718,301083,百胜智能,17.18,0.53%,0.75%,595.93万,487.12万,108.80万,1103.85万
2719,603331,百达精工,15.21,0.53%,1.04%,1840.18万,1344.65万,495.53万,3201.56万
2720,603096,新经典,17.11,0.53%,0.25%,345.18万,304.65万,40.53万,651.03万
2721,601577,长沙银行,9.52,0.53%,0.21%,4495.68万,3302.00万,1193.68万,7954.91万
2722,600982,宁波能源,5.68,0.53%,3.59%,1.13亿,1.14亿,-125.40万,2.28亿
2723,541,佛山照明,5.71,0.53%,0.20%,667.53万,687.09万,-19.56万,1381.80万
2724,600288,大恒科技,15.04,0.53%,0.49%,1623.20万,1596.62万,26.58万,3243.73万
2725,300665,飞鹿股份,7.65,0.53%,0.87%,880.76万,561.84万,318.92万,1456.37万
2726,301105,鸿铭股份,58.95,0.53%,2.34%,1211.00万,1002.84万,208.16万,2233.28万
2727,688386,泛亚微透,78.99,0.53%,0.72%,2393.56万,2788.20万,-394.64万,5198.35万
2728,2084,海鸥住工,3.76,0.53%,1.06%,1450.41万,1055.22万,395.19万,2539.28万
2729,2026,山东威达,13.27,0.53%,0.45%,1184.90万,1363.20万,-178.29万,2598.00万
2730,300797,钢研纳克,15.31,0.53%,0.51%,1598.05万,1306.70万,291.35万,2941.84万
2731,1332,锡装股份,53.75,0.52%,1.27%,1617.25万,1574.96万,42.28万,3242.77万
2732,603137,恒尚节能,13.41,0.52%,0.97%,516.50万,414.70万,101.80万,954.91万
2733,2165,红宝丽,9.68,0.52%,2.22%,7284.24万,8099.04万,-814.80万,1.55亿
2734,688206,概伦电子,32.96,0.52%,0.59%,4180.54万,4125.67万,54.87万,8419.64万
2735,300908,仲景食品,28.73,0.52%,0.60%,1042.03万,1090.12万,-48.09万,2139.91万
2736,603085,天成自控,11.59,0.52%,1.21%,3195.26万,2288.56万,906.70万,5539.64万
2737,603011,合锻智能,21.43,0.52%,1.66%,8725.63万,8595.09万,130.54万,1.75亿
2738,600496,精工钢构,3.9,0.52%,0.47%,1801.29万,1860.62万,-59.33万,3664.05万
2739,600429,三元股份,5.83,0.52%,0.67%,2670.35万,3188.70万,-518.35万,5893.02万
2740,300722,新余国科,31.02,0.52%,0.59%,2549.22万,2498.68万,50.54万,5058.76万
2741,300550,和仁科技,11.67,0.52%,2.88%,4411.70万,4161.60万,250.10万,8644.09万
2742,300034,钢研高纳,19.2,0.52%,0.80%,5698.65万,5841.47万,-142.82万,1.17亿
2743,2394,联发股份,13.42,0.52%,0.74%,1707.73万,1449.71万,258.03万,3176.76万
2744,2172,澳洋健康,3.84,0.52%,0.85%,1216.03万,1259.13万,-43.10万,2475.31万
2745,2104,恒宝股份,15.32,0.52%,1.48%,7135.14万,6189.52万,945.62万,1.35亿
2746,529,广弘控股,5.8,0.52%,0.55%,975.70万,841.60万,134.09万,1834.21万
2747,517,荣安地产,1.92,0.52%,0.60%,1500.58万,1374.19万,126.38万,2879.74万
2748,37,深南电A,9.94,0.51%,4.58%,8002.72万,7262.55万,740.17万,1.54亿
2749,301418,协昌科技,39.38,0.51%,1.25%,686.94万,753.13万,-66.19万,1447.54万
2750,688665,四方光电,46.9,0.51%,0.35%,1008.22万,620.11万,388.11万,1637.95万
2751,670,盈方微,8.04,0.50%,2.75%,7882.91万,9844.33万,-1961.42万,1.80亿
2752,301591,肯特股份,42.57,0.50%,1.48%,1182.76万,939.97万,242.78万,2138.47万
2753,688689,银河微电,36.14,0.50%,0.76%,1857.48万,1584.44万,273.04万,3524.67万
2754,603681,永冠新材,18.23,0.50%,1.16%,2511.22万,1982.59万,528.63万,4650.74万
2755,603633,徕木股份,8.1,0.50%,3.16%,5541.20万,4934.28万,606.92万,1.08亿
2756,600999,招商证券,15.93,0.50%,0.20%,1.23亿,1.09亿,1444.35万,2.33亿
2757,600681,百川能源,4.01,0.50%,0.71%,1984.84万,1759.22万,225.62万,3783.05万
2758,600229,城市传媒,5.98,0.50%,0.17%,325.73万,357.60万,-31.87万,689.43万
2759,300078,思创智联,4.04,0.50%,1.04%,2014.00万,2463.36万,-449.37万,4660.89万
2760,2817,黄山胶囊,7.97,0.50%,0.87%,927.63万,1014.21万,-86.58万,2002.94万
2761,2682,龙洲股份,6.02,0.50%,1.19%,1925.60万,2047.19万,-121.59万,4002.29万
2762,2608,江苏国信,8.08,0.50%,0.18%,3216.60万,2240.47万,976.12万,5484.53万
2763,2254,泰和新材,10.11,0.50%,1.23%,4632.05万,5921.66万,-1289.61万,1.06亿
2764,2086,东方海洋,2.04,0.49%,0.87%,1416.78万,1276.03万,140.75万,2802.78万
2765,301268,铭利达,22.75,0.49%,0.43%,2052.76万,1181.42万,871.34万,3338.38万
2766,301045,天禄科技,39.29,0.49%,1.23%,1796.15万,1255.48万,540.67万,3074.43万
2767,688696,极米科技,91.42,0.49%,0.34%,1454.76万,688.05万,766.71万,2170.45万
2768,600067,冠城新材,4.09,0.49%,0.70%,1707.13万,2265.94万,-558.80万,4005.67万
2769,2158,汉钟精机,24.62,0.49%,0.34%,2426.39万,2043.48万,382.91万,4502.64万
2770,603557,ST起步,4.09,0.49%,0.75%,942.95万,976.56万,-33.62万,1920.41万
2771,603360,百傲化学,26.53,0.49%,0.66%,6163.82万,6042.80万,121.02万,1.23亿
2772,600835,上海机电,22.74,0.49%,0.52%,4961.94万,4340.57万,621.37万,9442.24万
2773,600620,天宸股份,6.14,0.49%,0.39%,803.03万,810.42万,-7.39万,1615.42万
2774,600415,小商品城,12.28,0.49%,0.76%,2.60亿,2.40亿,2012.04万,5.11亿
2775,601136,首创证券,16.48,0.49%,0.11%,2883.53万,2138.80万,744.73万,5039.79万
2776,300762,上海瀚讯,39.32,0.49%,2.82%,3.65亿,3.26亿,3928.04万,6.99亿
2777,300673,佩蒂股份,16.26,0.49%,1.07%,1297.21万,1478.07万,-180.86万,2787.16万
2778,300621,维业股份,8.16,0.49%,0.94%,608.46万,926.37万,-317.91万,1558.82万
2779,300527,ST应急,8.15,0.49%,0.28%,1049.86万,1170.67万,-120.81万,2295.91万
2780,300042,朗科科技,49.01,0.49%,7.21%,3.62亿,3.36亿,2582.15万,7.03亿
2781,2293,罗莱生活,10.33,0.49%,0.31%,1484.91万,1159.82万,325.10万,2680.78万
2782,544,中原环保,8.24,0.49%,0.23%,974.60万,873.33万,101.27万,1881.88万
2783,301617,博苑股份,57.09,0.48%,1.38%,2248.14万,1852.75万,395.39万,4195.69万
2784,301555,惠柏新材,35.83,0.48%,2.19%,1787.00万,1964.87万,-177.87万,3781.99万
2785,688729,屹唐股份,23.05,0.48%,1.05%,2242.64万,2906.86万,-664.22万,5171.38万
2786,301288,*ST清研,18.76,0.48%,0.38%,226.86万,328.48万,-101.62万,557.59万
2787,600817,宇通重工,12.48,0.48%,0.52%,1634.33万,1785.89万,-151.56万,3450.92万
2788,301065,本立科技,23.0,0.48%,0.82%,759.65万,837.83万,-78.18万,1603.00万
2789,300831,派瑞股份,16.91,0.48%,3.23%,5106.34万,4881.10万,225.23万,1.00亿
2790,3000,劲仔食品,10.39,0.48%,0.47%,980.77万,512.91万,467.86万,1502.09万
2791,603893,瑞芯微,171.29,0.48%,0.91%,3.24亿,3.20亿,350.51万,6.50亿
2792,603711,香飘飘,12.51,0.48%,0.16%,480.30万,352.02万,128.28万,833.94万
2793,603486,科沃斯,62.91,0.48%,0.52%,8847.38万,9779.70万,-932.32万,1.87亿
2794,601890,亚星锚链,10.4,0.48%,0.99%,4383.39万,5208.87万,-825.47万,9895.32万
2795,601106,中国一重,4.17,0.48%,0.35%,5495.80万,4346.65万,1149.14万,1.00亿
2796,600962,国投中鲁,18.7,0.48%,0.36%,1041.09万,681.16万,359.93万,1779.60万
2797,600740,山西焦化,4.22,0.48%,0.56%,3489.68万,2590.74万,898.94万,6102.75万
2798,600562,国睿科技,27.46,0.48%,0.39%,6518.48万,6716.55万,-198.08万,1.33亿
2799,300773,拉卡拉,25.19,0.48%,2.65%,2.49亿,2.32亿,1685.59万,4.88亿
2800,2935,天奥电子,18.8,0.48%,0.66%,2428.30万,2568.34万,-140.04万,5098.29万
2801,50,深天马A,8.29,0.48%,0.33%,3059.47万,3350.73万,-291.26万,6738.70万
2802,688785,恒运昌,308.65,0.47%,2.40%,4962.78万,4274.00万,688.78万,9420.34万
2803,301533,威马农机,32.4,0.47%,1.05%,441.87万,516.99万,-75.12万,963.06万
2804,688293,奥浦迈,53.7,0.47%,0.48%,1468.38万,1440.34万,28.04万,2931.40万
2805,688249,晶合集成,29.67,0.47%,0.74%,1.23亿,1.36亿,-1363.17万,2.60亿
2806,688172,燕东微,40.68,0.47%,0.78%,1.29亿,1.16亿,1345.99万,2.46亿
2807,2186,全聚德,10.6,0.47%,1.18%,1997.40万,1806.72万,190.67万,3809.63万
2808,300950,德固特,21.47,0.47%,0.68%,686.05万,623.89万,62.16万,1311.87万
2809,600906,财达证券,6.47,0.47%,0.34%,2327.66万,2274.26万,53.40万,4624.38万
2810,300963,中洲特材,17.18,0.47%,0.78%,2237.03万,2227.49万,9.54万,4549.88万
2811,688577,浙海德曼,66.78,0.47%,0.26%,928.40万,1008.06万,-79.66万,1950.86万
2812,603215,比依股份,19.27,0.47%,0.24%,437.81万,382.56万,55.25万,878.72万
2813,603880,南卫股份,6.35,0.47%,1.18%,1250.01万,892.19万,357.82万,2147.40万
2814,603606,东方电缆,59.48,0.47%,0.63%,1.22亿,1.33亿,-1104.31万,2.56亿
2815,605100,华丰股份,45.03,0.47%,0.48%,1775.48万,1777.52万,-2.04万,3650.22万
2816,603385,惠达卫浴,6.43,0.47%,0.43%,632.08万,421.38万,210.70万,1058.67万
2817,603267,鸿远电子,51.43,0.47%,1.02%,6329.72万,5721.59万,608.13万,1.21亿
2818,603836,海程邦达,12.82,0.47%,0.63%,913.96万,723.03万,190.93万,1652.39万
2819,600505,西昌电力,12.81,0.47%,0.92%,2376.13万,1874.62万,501.51万,4268.30万
2820,600498,烽火通信,48.71,0.47%,3.38%,10.63亿,9.96亿,6703.40万,20.69亿
2821,300253,卫宁健康,8.6,0.47%,1.31%,9659.48万,1.05亿,-871.77万,2.03亿
2822,2056,横店东磁,19.42,0.47%,0.83%,1.26亿,1.32亿,-526.02万,2.63亿
2823,1324,长青科技,19.86,0.46%,1.30%,1138.70万,914.29万,224.41万,2093.88万
2824,1388,信通电子,39.63,0.46%,1.91%,1204.23万,1118.63万,85.61万,2396.10万
2825,1255,博菲电气,36.97,0.46%,0.69%,1059.48万,722.04万,337.44万,1815.51万
2826,1277,速达股份,35.29,0.46%,1.10%,710.01万,1027.72万,-317.70万,1763.49万
2827,639,西王食品,2.2,0.46%,2.52%,3458.85万,2462.16万,996.69万,5989.06万
2828,301565,中仑新材,21.81,0.46%,0.74%,1034.73万,1014.67万,20.06万,2078.42万
2829,301339,通行宝,13.19,0.46%,0.25%,1004.39万,830.88万,173.51万,1850.44万
2830,301363,美好医疗,26.17,0.46%,0.74%,3700.30万,3439.55万,260.75万,7198.25万
2831,300718,长盛轴承,71.93,0.46%,0.91%,6296.81万,6407.51万,-110.70万,1.28亿
2832,688728,格科微,13.23,0.46%,0.18%,2961.04万,3061.02万,-99.98万,6106.48万
2833,603917,合力科技,13.06,0.46%,0.87%,1171.76万,1133.08万,38.68万,2308.50万
2834,603588,高能环境,15.27,0.46%,2.62%,2.83亿,3.16亿,-3284.63万,6.08亿
2835,2700,万憬能源,6.6,0.46%,0.53%,489.30万,419.49万,69.81万,912.35万
2836,600495,晋西车轴,4.41,0.46%,0.79%,2040.59万,2133.70万,-93.11万,4183.64万
2837,600116,三峡水利,6.59,0.46%,0.26%,1931.97万,1312.58万,619.38万,3279.38万
2838,300761,立华股份,22.06,0.46%,0.98%,7509.30万,5683.05万,1826.24万,1.33亿
2839,300354,东华测试,36.82,0.46%,1.17%,1685.80万,1761.95万,-76.15万,3473.20万
2840,300077,国民技术,22.03,0.46%,2.14%,1.30亿,1.32亿,-192.74万,2.66亿
2841,2768,国恩股份,49.87,0.46%,0.50%,2305.48万,2000.74万,304.74万,4407.91万
2842,833,粤桂股份,24.19,0.46%,3.39%,1.88亿,1.80亿,780.86万,3.72亿
2843,301272,英华特,40.56,0.45%,0.68%,385.98万,468.11万,-82.13万,859.36万
2844,688469,芯联集成,6.64,0.45%,0.54%,7105.93万,8538.10万,-1432.17万,1.60亿
2845,1227,兰州银行,2.25,0.45%,0.48%,2058.16万,2381.36万,-323.20万,4534.05万
2846,300284,苏交科,6.64,0.45%,0.22%,673.10万,975.08万,-301.98万,2003.54万
2847,688981,中芯国际,104.38,0.45%,1.01%,10.26亿,10.60亿,-3413.40万,21.04亿
2848,601956,东贝集团,6.71,0.45%,0.38%,750.80万,761.22万,-10.42万,1594.62万
2849,688616,西力科技,13.42,0.45%,0.45%,529.24万,521.03万,8.21万,1064.56万
2850,603725,天安新材,8.96,0.45%,1.27%,1496.82万,1707.48万,-210.66万,3262.87万
2851,407,胜利股份,4.61,0.44%,0.96%,2031.77万,1808.42万,223.36万,3859.40万
2852,17,深中华A,6.81,0.44%,0.53%,746.02万,813.50万,-67.48万,1579.56万
2853,801,四川九洲,14.0,0.43%,0.45%,2836.38万,3529.72万,-693.34万,6434.52万
2854,1360,南矿集团,21.04,0.43%,0.52%,766.12万,564.27万,201.85万,1353.30万
2855,688709,成都华微,44.4,0.43%,1.19%,5846.67万,5761.91万,84.76万,1.17亿
2856,301332,德尔玛,9.34,0.43%,0.42%,606.97万,407.77万,199.20万,1034.64万
2857,688107,安路科技,30.24,0.43%,0.82%,4848.56万,5145.15万,-296.58万,1.00亿
2858,688028,沃尔德,98.26,0.43%,2.59%,1.79亿,1.97亿,-1740.07万,3.78亿
2859,603759,海天股份,9.38,0.43%,0.35%,758.39万,725.56万,32.83万,1493.90万
2860,603767,中马传动,18.58,0.43%,0.34%,980.08万,937.46万,42.62万,1941.69万
2861,688558,国盛智科,30.07,0.43%,0.49%,780.83万,1151.27万,-370.43万,1938.18万
2862,2857,三晖电气,21.12,0.43%,0.85%,1381.38万,878.51万,502.87万,2289.69万
2863,603131,上海沪工,21.05,0.43%,1.04%,4048.33万,3364.30万,684.03万,7422.31万
2864,603966,法兰泰克,14.06,0.43%,1.62%,4134.34万,4859.38万,-725.04万,9070.70万
2865,688018,乐鑫科技,151.75,0.43%,0.71%,8835.94万,7831.34万,1004.60万,1.68亿
2866,603797,联泰环保,4.68,0.43%,0.28%,378.34万,370.95万,7.39万,751.63万
2867,603177,德创环保,11.68,0.43%,1.52%,1858.18万,1732.17万,126.01万,3595.96万
2868,601111,中国国航,7.01,0.43%,0.31%,1.03亿,1.43亿,-3954.51万,2.50亿
2869,600958,东方证券,9.32,0.43%,0.34%,1.09亿,1.23亿,-1425.51万,2.35亿
2870,600697,欧亚集团,11.8,0.43%,0.69%,630.15万,605.20万,24.95万,1253.28万
2871,688049,炬芯科技,46.85,0.43%,0.94%,4078.35万,3623.65万,454.71万,7739.18万
2872,600458,时代新材,11.81,0.43%,0.50%,2582.47万,2412.05万,170.42万,5025.79万
2873,300771,智莱科技,13.93,0.43%,1.42%,1688.54万,1799.91万,-111.37万,3525.74万
2874,300542,新晨科技,16.28,0.43%,0.79%,1546.91万,1614.54万,-67.63万,3165.36万
2875,2724,海洋王,7.04,0.43%,0.47%,859.51万,989.91万,-130.40万,1866.01万
2876,898,鞍钢股份,2.34,0.43%,0.17%,1411.24万,1611.13万,-199.89万,3128.88万
2877,731,四川美丰,6.99,0.43%,1.95%,4487.02万,2938.17万,1548.85万,7453.17万
2878,709,河钢股份,2.33,0.43%,0.30%,3451.64万,3711.55万,-259.91万,7241.38万
2879,603194,中力股份,33.83,0.42%,0.36%,992.99万,925.42万,67.57万,1925.85万
2880,688639,华恒生物,28.44,0.42%,0.60%,2235.90万,1934.18万,301.72万,4246.24万
2881,688116,天奈科技,40.5,0.42%,1.08%,8224.06万,7919.06万,305.00万,1.62亿
2882,603079,圣达生物,16.61,0.42%,0.51%,839.15万,732.06万,107.09万,1583.00万
2883,601858,中国科传,21.38,0.42%,0.57%,4837.62万,4549.77万,287.85万,9570.43万
2884,601128,常熟银行,7.16,0.42%,0.85%,1.14亿,8748.40万,2656.93万,2.02亿
2885,600580,卧龙电驱,38.21,0.42%,0.99%,2.77亿,3.08亿,-3120.86万,5.90亿
2886,600503,华丽家族,2.38,0.42%,0.61%,922.74万,1376.42万,-453.68万,2299.91万
2887,300652,雷迪克,43.38,0.42%,0.57%,1353.29万,1599.26万,-245.98万,2957.76万
2888,300610,晨化股份,11.84,0.42%,1.01%,1021.94万,955.92万,66.02万,1985.10万
2889,300511,雪榕生物,7.09,0.42%,1.56%,3136.40万,2894.50万,241.91万,6146.34万
2890,300441,鲍斯股份,7.13,0.42%,0.18%,364.80万,437.66万,-72.86万,808.94万
2891,300386,飞天诚信,14.27,0.42%,0.80%,1419.13万,1449.08万,-29.95万,2869.35万
2892,2767,先锋电子,21.39,0.42%,0.56%,858.64万,658.58万,200.06万,1555.77万
2893,2067,景兴纸业,4.77,0.42%,0.71%,2012.26万,2261.78万,-249.51万,4553.86万
2894,2045,国光电器,11.89,0.42%,0.46%,1387.65万,1576.93万,-189.28万,3085.73万
2895,2012,凯恩股份,7.11,0.42%,1.56%,2521.72万,2616.96万,-95.23万,5186.89万
2896,603193,润本股份,24.61,0.41%,2.96%,3232.02万,4200.85万,-968.83万,7461.89万
2897,301234,五洲医疗,38.9,0.41%,1.51%,1225.26万,1124.55万,100.71万,2357.20万
2898,300227,光韵达,12.1,0.41%,1.69%,4407.69万,4359.32万,48.37万,8806.79万
2899,605158,华达新材,7.43,0.41%,0.40%,646.26万,848.03万,-201.78万,1512.00万
2900,300946,恒而达,46.12,0.41%,0.38%,686.00万,640.65万,45.35万,1334.48万
2901,601858,中国科传,21.38,0.42%,0.57%,4837.62万,4549.77万,287.85万,9570.43万
2902,601128,常熟银行,7.16,0.42%,0.85%,1.14亿,8748.40万,2656.93万,2.02亿
2903,600580,卧龙电驱,38.21,0.42%,0.99%,2.77亿,3.08亿,-3120.86万,5.90亿
2904,600503,华丽家族,2.38,0.42%,0.61%,922.74万,1376.42万,-453.68万,2299.91万
2905,300652,雷迪克,43.38,0.42%,0.57%,1353.29万,1599.26万,-245.98万,2957.76万
2906,300610,晨化股份,11.84,0.42%,1.01%,1021.94万,955.92万,66.02万,1985.10万
2907,300511,雪榕生物,7.09,0.42%,1.56%,3136.40万,2894.50万,241.91万,6146.34万
2908,300441,鲍斯股份,7.13,0.42%,0.18%,364.80万,437.66万,-72.86万,808.94万
2909,300386,飞天诚信,14.27,0.42%,0.80%,1419.13万,1449.08万,-29.95万,2869.35万
2910,2767,先锋电子,21.39,0.42%,0.56%,858.64万,658.58万,200.06万,1555.77万
2911,2067,景兴纸业,4.77,0.42%,0.71%,2012.26万,2261.78万,-249.51万,4553.86万
2912,2045,国光电器,11.89,0.42%,0.46%,1387.65万,1576.93万,-189.28万,3085.73万
2913,2012,凯恩股份,7.11,0.42%,1.56%,2521.72万,2616.96万,-95.23万,5186.89万
2914,603193,润本股份,24.61,0.41%,2.96%,3232.02万,4200.85万,-968.83万,7461.89万
2915,301234,五洲医疗,38.9,0.41%,1.51%,1225.26万,1124.55万,100.71万,2357.20万
2916,300227,光韵达,12.1,0.41%,1.69%,4407.69万,4359.32万,48.37万,8806.79万
2917,300946,恒而达,46.12,0.41%,0.38%,686.00万,640.65万,45.35万,1334.48万
2918,605169,洪通燃气,12.14,0.41%,0.40%,760.86万,608.17万,152.69万,1370.25万
2919,688017,绿的谐波,207.35,0.41%,1.51%,2.69亿,3.07亿,-3831.99万,5.80亿
2920,601008,连云港,4.84,0.41%,0.26%,503.04万,748.86万,-245.82万,1539.89万
2921,600370,三房巷,2.44,0.41%,0.68%,3162.68万,3424.41万,-261.73万,6637.17万
2922,603901,永创智能,12.16,0.41%,1.81%,5382.25万,5170.18万,212.07万,1.07亿
2923,688333,铂力特,95.99,0.41%,1.32%,1.63亿,1.84亿,-2096.96万,3.48亿
2924,603855,华荣股份,19.68,0.41%,0.20%,644.14万,701.99万,-57.85万,1350.86万
2925,601928,凤凰传媒,9.75,0.41%,0.11%,2020.90万,731.87万,1289.02万,2809.23万
2926,603350,安乃达,36.88,0.41%,2.23%,1713.23万,1927.89万,-214.66万,3660.67万
2927,600596,新安股份,12.12,0.41%,0.92%,7631.85万,7419.50万,212.35万,1.51亿
2928,600362,江西铜业,47.06,0.41%,1.13%,5.10亿,5.67亿,-5656.92万,10.99亿
2929,300147,ST香雪,9.88,0.41%,1.01%,3394.80万,3204.53万,190.27万,6605.36万
2930,2846,英联股份,14.63,0.41%,0.72%,1420.78万,1259.58万,161.19万,2707.89万
2931,2208,合肥城建,12.32,0.41%,1.62%,7953.82万,7898.12万,55.71万,1.60亿
2932,998,隆平高科,9.9,0.41%,0.60%,4431.28万,3208.89万,1222.39万,7835.54万
2933,949,新乡化纤,7.43,0.41%,1.47%,8057.94万,9643.81万,-1585.87万,1.78亿
2934,301153,中科江南,25.0,0.40%,0.86%,4084.19万,3045.60万,1038.59万,7243.55万
2935,688733,壹石通,29.85,0.40%,1.38%,4012.12万,3995.80万,16.32万,8150.49万
2936,300171,东富龙,14.94,0.40%,0.43%,1666.12万,1915.00万,-248.88万,3587.84万
2937,688057,金达莱,12.44,0.40%,0.14%,249.06万,219.34万,29.72万,468.90万
2938,605255,天普股份,113.5,0.40%,1.32%,1.04亿,9346.48万,1014.73万,1.97亿
2939,603069,海汽集团,17.49,0.40%,0.57%,1808.05万,1300.64万,507.40万,3114.98万
2940,601996,丰林集团,2.54,0.40%,1.21%,1928.10万,1411.40万,516.70万,3432.71万
2941,601990,南京证券,7.44,0.40%,0.26%,4322.15万,2790.36万,1531.79万,7145.02万
2942,600742,富维股份,10.14,0.40%,0.44%,1820.54万,1463.71万,356.84万,3289.73万
2943,300545,联得装备,32.66,0.40%,2.83%,4829.62万,5863.57万,-1033.95万,1.10亿
2944,300008,天海防务,7.57,0.40%,1.35%,7982.47万,8430.14万,-447.67万,1.68亿
2945,2570,贝因美,5.05,0.40%,0.70%,2104.57万,1701.02万,403.55万,3813.36万
2946,881,中广核技,7.52,0.40%,0.37%,1003.18万,1397.54万,-394.35万,2478.14万
2947,603262,技源集团,25.6,0.39%,1.16%,648.33万,530.40万,117.92万,1185.39万
2948,688665,四方光电,46.84,0.39%,0.30%,802.02万,592.12万,209.90万,1407.38万
2949,429,粤高速A,12.87,0.39%,0.16%,1641.89万,1079.51万,562.39万,2753.40万
2950,3008,开普检测,23.14,0.39%,1.06%,969.81万,896.42万,73.39万,1888.68万
2951,603376,大明电子,33.58,0.39%,1.98%,881.89万,1191.64万,-309.75万,2074.88万
2952,688047,龙芯中科,142.25,0.39%,0.72%,2.02亿,2.02亿,9.27万,4.09亿
2953,300296,利亚德,7.72,0.39%,2.63%,2.17亿,2.36亿,-1915.24万,4.56亿
2954,2790,瑞尔特,7.69,0.39%,0.41%,462.44万,334.85万,127.59万,815.12万
2955,603931,格林达,27.96,0.39%,0.52%,1575.03万,1267.03万,308.00万,2908.89万
2956,603758,秦安股份,12.75,0.39%,0.20%,510.27万,590.00万,-79.73万,1104.98万
2957,601236,红塔证券,7.8,0.39%,0.11%,2118.81万,2055.05万,63.76万,4188.51万
2958,600816,建元信托,2.56,0.39%,0.26%,1693.56万,1971.47万,-277.91万,3670.64万
2959,600547,山东黄金,38.93,0.39%,0.50%,3.79亿,3.10亿,6845.22万,6.96亿
2960,600530,交大昂立,5.19,0.39%,0.43%,814.22万,840.12万,-25.90万,1708.88万
2961,600117,西宁特钢,2.56,0.39%,0.08%,195.26万,435.06万,-239.81万,647.82万
2962,2765,蓝黛科技,10.36,0.39%,0.52%,1664.12万,1509.48万,154.65万,3224.78万
2963,2534,西子洁能,18.17,0.39%,0.61%,4679.29万,4415.32万,263.97万,9160.77万
2964,2429,兆驰股份,10.25,0.39%,0.88%,1.88亿,2.09亿,-2091.37万,4.05亿
2965,2151,北斗星通,38.35,0.39%,1.37%,1.15亿,1.15亿,76.02万,2.31亿
2966,799,酒鬼酒,43.93,0.39%,1.00%,7965.77万,6126.81万,1838.96万,1.42亿
2967,301383,天键股份,28.8,0.38%,0.96%,1136.05万,797.54万,338.51万,1938.78万
2968,301301,川宁生物,10.49,0.38%,1.71%,5715.63万,5322.15万,393.48万,1.11亿
2969,688400,凌云光,47.41,0.38%,1.07%,1.24亿,1.07亿,1672.16万,2.34亿
2970,301296,新巨丰,7.88,0.38%,0.24%,451.72万,363.55万,88.17万,815.99万
2971,605488,福莱新材,34.04,0.38%,1.10%,5026.10万,5318.42万,-292.32万,1.04亿
2972,688700,东威科技,58.35,0.38%,1.88%,1.75亿,1.49亿,2519.28万,3.25亿
2973,300350,华鹏飞,5.28,0.38%,1.66%,1777.13万,2326.79万,-549.66万,4107.47万
2974,688393,安必平,23.6,0.38%,0.68%,699.59万,775.82万,-76.23万,1489.94万
2975,603238,诺邦股份,15.85,0.38%,0.69%,1055.22万,870.03万,185.19万,1934.14万
2976,603909,建发合诚,13.32,0.38%,4.07%,5582.27万,8484.28万,-2902.00万,1.43亿
2977,603222,济民健康,10.47,0.38%,5.29%,1.51亿,1.38亿,1294.31万,2.90亿
2978,600690,海尔智家,21.13,0.38%,0.36%,2.38亿,2.35亿,245.85万,4.74亿
2979,600405,动力源,5.25,0.38%,0.72%,1177.38万,1050.51万,126.87万,2310.07万
2980,600390,五矿资本,5.34,0.38%,0.22%,2738.31万,2311.36万,426.94万,5253.46万
2981,2635,安洁科技,15.91,0.38%,4.10%,1.39亿,1.14亿,2491.34万,2.56亿
2982,488,ST晨鸣,2.7,0.37%,0.36%,967.15万,646.97万,320.19万,1625.59万
2983,301522,上大股份,32.18,0.37%,0.69%,2914.08万,3274.86万,-360.78万,6253.03万
2984,605066,天正电气,8.23,0.37%,0.94%,1565.07万,2273.66万,-708.60万,3852.65万
2985,605099,共创草坪,41.11,0.37%,0.48%,4502.18万,3370.34万,1131.84万,7937.12万
2986,603890,春秋电子,18.78,0.37%,16.06%,6.55亿,6.83亿,-2747.88万,13.46亿
2987,603357,设计总院,8.1,0.37%,0.30%,718.19万,616.09万,102.10万,1335.18万
2988,603313,梦百合,8.03,0.37%,0.24%,590.76万,515.52万,75.24万,1109.33万
2989,601727,上海电气,8.07,0.37%,0.41%,2.12亿,1.98亿,1439.49万,4.13亿
2990,600775,南京熊猫,13.44,0.37%,1.09%,4589.87万,5145.27万,-555.40万,9795.10万
2991,600635,大众公用,5.38,0.37%,0.48%,3093.98万,3129.64万,-35.66万,6286.39万
2992,600559,老白干酒,13.62,0.37%,0.33%,2472.35万,1614.80万,857.55万,4102.81万
2993,300676,华大基因,40.38,0.37%,0.49%,3983.25万,4059.40万,-76.16万,8163.56万
2994,300360,炬华科技,16.46,0.37%,0.59%,2207.26万,2657.29万,-450.03万,4889.39万
2995,300139,晓程科技,56.82,0.37%,7.20%,5.03亿,4.35亿,6799.27万,9.46亿
2996,2898,*ST赛隆,13.49,0.37%,0.74%,647.75万,348.18万,299.56万,1002.67万
2997,2544,普天科技,26.77,0.37%,0.73%,7191.61万,5761.15万,1430.46万,1.32亿
2998,2449,国星光电,8.09,0.37%,0.77%,1928.47万,1815.51万,112.97万,3828.04万
2999,2326,永太科技,24.74,0.37%,2.83%,2.61亿,3.04亿,-4341.62万,5.67亿
3000,1696,宗申动力,19.19,0.37%,0.97%,8106.88万,7724.51万,382.36万,1.66亿
3001,688686,奥普特,103.6,0.37%,0.62%,4260.34万,3561.01万,699.33万,7844.67万
3002,605066,天正电气,8.23,0.37%,0.94%,1565.07万,2273.66万,-708.60万,3852.65万
3003,605099,共创草坪,41.11,0.37%,0.48%,4502.18万,3370.34万,1131.84万,7937.12万
3004,603890,春秋电子,18.78,0.37%,16.06%,6.55亿,6.83亿,-2747.88万,13.46亿
3005,603357,设计总院,8.1,0.37%,0.30%,718.19万,616.09万,102.10万,1335.18万
3006,603313,梦百合,8.03,0.37%,0.24%,590.76万,515.52万,75.24万,1109.33万
3007,601727,上海电气,8.07,0.37%,0.41%,2.12亿,1.98亿,1439.49万,4.13亿
3008,600775,南京熊猫,13.44,0.37%,1.09%,4589.87万,5145.27万,-555.40万,9795.10万
3009,600635,大众公用,5.38,0.37%,0.48%,3093.98万,3129.64万,-35.66万,6286.39万
3010,600559,老白干酒,13.62,0.37%,0.33%,2472.35万,1614.80万,857.55万,4102.81万
3011,300676,华大基因,40.38,0.37%,0.49%,3983.25万,4059.40万,-76.16万,8163.56万
3012,300360,炬华科技,16.46,0.37%,0.59%,2207.26万,2657.29万,-450.03万,4889.39万
3013,300139,晓程科技,56.82,0.37%,7.20%,5.03亿,4.35亿,6799.27万,9.46亿
3014,2898,*ST赛隆,13.49,0.37%,0.74%,647.75万,348.18万,299.56万,1002.67万
3015,2544,普天科技,26.77,0.37%,0.73%,7191.61万,5761.15万,1430.46万,1.32亿
3016,2449,国星光电,8.09,0.37%,0.77%,1928.47万,1815.51万,112.97万,3828.04万
3017,2326,永太科技,24.74,0.37%,2.83%,2.61亿,3.04亿,-4341.62万,5.67亿
3018,1696,宗申动力,19.19,0.37%,0.97%,8106.88万,7724.51万,382.36万,1.66亿
3019,566,海南海药,5.49,0.37%,1.72%,6428.54万,5664.86万,763.68万,1.22亿
3020,301127,武汉天源,16.53,0.36%,0.54%,3609.40万,2148.73万,1460.67万,5774.67万
3021,601065,江盐集团,8.39,0.36%,0.42%,793.04万,660.99万,132.05万,1455.37万
3022,688636,智明达,44.61,0.36%,1.30%,5160.45万,4406.05万,754.39万,9655.56万
3023,301168,通灵股份,44.06,0.36%,1.15%,2695.28万,2071.43万,623.86万,4774.20万
3024,301108,洁雅股份,27.53,0.36%,0.87%,814.64万,723.05万,91.59万,1542.37万
3025,301552,科力装备,42.15,0.36%,4.19%,2289.79万,1888.70万,401.09万,4235.36万
3026,300947,德必集团,16.77,0.36%,0.86%,995.43万,1133.31万,-137.89万,2160.58万
3027,688606,奥泰生物,61.12,0.36%,0.15%,247.92万,464.70万,-216.78万,715.98万
3028,603500,祥和实业,11.23,0.36%,0.52%,1103.49万,829.45万,274.03万,1946.08万
3029,603421,鼎信通讯,8.35,0.36%,1.89%,4778.04万,5201.07万,-423.04万,1.02亿
3030,603128,华贸物流,5.65,0.36%,0.28%,837.25万,1228.12万,-390.87万,2069.49万
3031,601555,东吴证券,8.38,0.36%,0.32%,6692.46万,6555.78万,136.68万,1.34亿
3032,601518,吉林高速,2.8,0.36%,0.38%,724.62万,1252.88万,-528.25万,1983.37万
3033,600516,方大炭素,5.58,0.36%,0.53%,5060.95万,6833.10万,-1772.15万,1.21亿
3034,600099,林海股份,11.26,0.36%,0.60%,675.99万,780.61万,-104.61万,1476.08万
3035,2470,金正大,2.8,0.36%,2.48%,1.26亿,1.00亿,2602.52万,2.27亿
3036,2347,泰尔股份,8.27,0.36%,2.71%,5616.85万,5443.42万,173.43万,1.11亿
3037,2302,西部建设,5.63,0.36%,0.23%,754.22万,859.03万,-104.81万,1633.44万
3038,2225,濮耐股份,5.63,0.36%,0.78%,1485.98万,2223.49万,-737.51万,4259.45万
3039,937,冀中能源,5.55,0.36%,0.19%,2491.68万,1104.55万,1387.14万,3620.70万
3040,733,振华科技,46.93,0.36%,0.82%,1.12亿,1.00亿,1229.80万,2.14亿
3041,301515,港通医疗,22.71,0.35%,1.22%,990.51万,802.93万,187.58万,1808.43万
3042,1202,炬申股份,17.0,0.35%,0.45%,496.22万,363.36万,132.85万,881.16万
3043,688096,京源环保,8.5,0.35%,1.60%,1420.98万,1727.59万,-306.61万,3155.38万
3044,605338,巴比食品,26.04,0.35%,0.28%,941.73万,787.02万,154.72万,1754.80万
3045,603307,扬州金泉,39.68,0.35%,0.15%,193.97万,190.62万,3.36万,388.56万
3046,600988,赤峰黄金,43.45,0.35%,1.10%,3.66亿,4.13亿,-4723.02万,7.88亿
3047,600933,爱柯迪,17.35,0.35%,0.56%,5197.10万,4101.17万,1095.93万,9427.35万
3048,600287,苏豪时尚,5.72,0.35%,0.39%,477.53万,500.25万,-22.71万,981.49万
3049,600109,国金证券,8.7,0.35%,0.32%,5316.80万,4661.77万,655.02万,1.03亿
3050,600088,中视传媒,14.54,0.35%,0.39%,1029.94万,1200.55万,-170.61万,2248.22万
3051,601512,中新集团,8.88,0.34%,0.10%,698.32万,620.23万,78.09万,1324.05万
3052,601929,吉视传媒,2.96,0.34%,0.88%,5386.34万,3685.16万,1701.18万,9130.31万
3053,603662,柯力传感,56.68,0.34%,0.51%,3367.19万,4697.10万,-1329.92万,8163.41万
3054,601718,际华集团,2.97,0.34%,0.27%,1401.02万,2069.95万,-668.92万,3510.07万
3055,600939,重庆建工,2.91,0.34%,0.20%,439.42万,627.80万,-188.38万,1097.26万
3056,600860,京城股份,11.89,0.34%,1.44%,3713.27万,3813.43万,-100.16万,7598.79万
3057,600783,鲁信创投,20.75,0.34%,0.80%,6223.43万,6008.91万,214.51万,1.23亿
3058,600777,*ST新潮,5.84,0.34%,0.28%,4827.04万,5685.35万,-858.31万,1.06亿
3059,600584,长电科技,43.74,0.34%,1.37%,5.42亿,5.24亿,1828.51万,10.72亿
3060,600150,中国船舶,32.82,0.34%,0.39%,4.73亿,4.82亿,-848.05万,9.63亿
3061,300076,GQY视讯,5.86,0.34%,1.19%,1477.28万,1423.49万,53.79万,2939.96万
3062,300032,金龙机电,5.94,0.34%,2.61%,5983.59万,6125.27万,-141.68万,1.23亿
3063,2951,金时科技,14.96,0.34%,0.92%,2885.27万,2575.57万,309.70万,5545.93万
3064,819,岳阳兴长,14.67,0.34%,0.37%,1051.92万,912.22万,139.71万,1978.37万
3065,572,海马汽车,5.82,0.34%,0.82%,3364.29万,4097.16万,-732.87万,7816.61万
3066,603082,北自科技,36.79,0.33%,0.86%,566.29万,712.03万,-145.74万,1280.15万
3067,301067,显盈科技,33.87,0.33%,1.03%,1121.73万,1084.45万,37.27万,2224.83万
3068,300968,格林精密,12.16,0.33%,0.43%,1054.80万,1048.92万,5.88万,2144.84万
3069,600916,中国黄金,9.12,0.33%,0.55%,3823.67万,4449.57万,-625.89万,8334.60万
3070,601798,蓝科高新,9.22,0.33%,0.85%,1157.42万,1583.57万,-426.15万,2762.76万
3071,603181,皇马科技,15.04,0.33%,0.29%,1362.60万,1157.79万,204.81万,2532.87万
3072,600736,苏州高新,6.13,0.33%,0.51%,1630.43万,1938.52万,-308.10万,3582.19万
3073,600335,国机汽车,6.06,0.33%,0.29%,1298.59万,1321.87万,-23.28万,2657.95万
3074,600249,两面针,6.04,0.33%,2.16%,3268.47万,3441.63万,-173.16万,7116.45万
3075,600197,伊力特,12.09,0.33%,0.26%,901.19万,540.23万,360.95万,1470.78万
3076,600153,建发股份,9.05,0.33%,0.22%,3271.31万,2510.34万,760.97万,5818.25万
3077,300733,西菱动力,18.1,0.33%,1.02%,1801.16万,2343.08万,-541.92万,4163.25万
3078,300553,集智股份,42.0,0.33%,0.88%,1790.06万,1319.87万,470.18万,3135.15万
3079,2007,华兰生物,15.07,0.33%,0.32%,3612.98万,3557.83万,55.15万,7639.47万
3080,603395,红四方,27.96,0.32%,1.46%,1472.39万,1136.87万,335.52万,2634.69万
3081,2656,*ST摩登,3.11,0.32%,0.64%,812.31万,519.71万,292.60万,1334.54万
3082,301356,天振股份,21.74,0.32%,0.79%,497.48万,433.12万,64.36万,936.25万
3083,301175,中科环保,6.26,0.32%,1.33%,2394.01万,2723.51万,-329.51万,5180.61万
3084,2614,奥佳华,6.19,0.32%,0.52%,673.80万,652.80万,21.00万,1416.17万
3085,600408,安泰集团,3.16,0.32%,1.45%,2280.53万,2262.21万,18.32万,4585.38万
3086,300091,*ST金灵,3.09,0.32%,0.87%,2340.38万,1933.22万,407.15万,4470.67万
3087,300856,科思股份,12.52,0.32%,0.20%,584.94万,565.35万,19.59万,1156.93万
3088,601456,国联民生,9.34,0.32%,0.22%,4831.56万,3920.29万,911.27万,9057.59万
3089,301323,新莱福,63.69,0.32%,1.93%,4522.73万,3700.28万,822.45万,8278.47万
3090,603970,中农立华,12.66,0.32%,0.25%,418.15万,411.91万,6.24万,849.30万
3091,603260,合盛硅业,43.88,0.32%,0.28%,6639.23万,7659.84万,-1020.60万,1.44亿
3092,601939,建设银行,9.49,0.32%,0.61%,2.75亿,2.83亿,-773.09万,5.61亿
3093,601788,光大证券,15.62,0.32%,0.22%,6178.42万,6934.03万,-755.61万,1.33亿
3094,601628,中国人寿,37.82,0.32%,0.04%,1.54亿,1.75亿,-2150.69万,3.33亿
3095,600826,兰生股份,9.52,0.32%,0.24%,846.54万,812.57万,33.97万,1673.77万
3096,600477,杭萧钢构,3.15,0.32%,0.81%,2779.29万,3157.90万,-378.62万,6005.27万
3097,300708,聚灿光电,9.48,0.32%,1.75%,4696.32万,6931.13万,-2234.82万,1.17亿
3098,2945,华林证券,15.73,0.32%,0.20%,4412.47万,3871.56万,540.91万,8439.02万
3099,2249,大洋电机,9.39,0.32%,0.62%,4038.07万,6584.76万,-2546.68万,1.08亿
3100,688246,嘉和美康,19.3,0.31%,0.81%,1101.70万,1040.96万,60.74万,2145.98万
3101,2852,道道全,9.8,0.31%,0.59%,751.78万,874.81万,-123.02万,1650.48万
3102,601011,宝泰隆,3.22,0.31%,0.60%,1701.72万,1975.14万,-273.42万,3693.54万
3103,603895,天永智能,28.75,0.31%,1.54%,2555.47万,2212.84万,342.63万,4826.43万
3104,601881,中国银河,13.03,0.31%,0.27%,1.05亿,1.45亿,-4004.24万,2.53亿
3105,601878,浙商证券,9.7,0.31%,0.22%,5338.07万,4376.07万,962.00万,9793.41万
3106,601228,广州港,3.26,0.31%,0.18%,2370.79万,1991.28万,379.52万,4373.27万
3107,600419,天润乳业,9.73,0.31%,0.61%,749.35万,840.01万,-90.67万,1874.00万
3108,600208,衢州发展,3.24,0.31%,0.25%,3093.48万,3609.20万,-515.73万,6846.70万
3109,300589,江龙船艇,16.1,0.31%,2.33%,4411.03万,4135.61万,275.43万,8638.14万
3110,688036,传音控股,52.32,0.31%,0.27%,7749.52万,8538.24万,-788.73万,1.65亿
3111,300402,宝色股份,19.13,0.31%,0.51%,1165.01万,1215.22万,-50.21万,2399.56万
3112,2851,麦格米特,105.92,0.31%,1.79%,4.43亿,4.11亿,3199.82万,8.64亿
3113,2732,燕塘乳业,16.1,0.31%,0.42%,461.49万,591.68万,-130.19万,1058.96万
3114,2409,雅克科技,86.36,0.31%,1.28%,1.69亿,1.78亿,-907.62万,3.51亿
3115,2381,双箭股份,6.38,0.31%,0.72%,602.11万,842.47万,-240.37万,1470.81万
3116,2246,北化股份,25.61,0.31%,1.36%,9697.29万,9380.73万,316.56万,1.92亿
3117,2035,华帝股份,6.44,0.31%,0.99%,2033.52万,2864.21万,-830.69万,4989.42万
3118,2991,甘源食品,50.31,0.30%,0.40%,545.36万,446.15万,99.21万,1012.64万
3119,688562,航天软件,19.94,0.30%,1.22%,1939.20万,2208.13万,-268.93万,4187.93万
3120,688172,燕东微,40.61,0.30%,0.72%,1.18亿,1.07亿,1102.70万,2.27亿
3121,301333,诺思格,69.47,0.30%,1.23%,4382.06万,3719.86万,662.20万,8199.23万
3122,601112,振石股份,19.98,0.30%,3.75%,5770.83万,7467.44万,-1696.61万,1.33亿
3123,300141,和顺电气,13.26,0.30%,1.15%,1881.01万,1980.13万,-99.12万,3864.73万
3124,300883,龙利得,6.64,0.30%,2.58%,2268.04万,3394.21万,-1126.17万,5664.70万
3125,603886,元祖股份,13.28,0.30%,0.78%,1183.14万,1297.57万,-114.43万,2488.94万
3126,300562,乐心医疗,13.39,0.30%,1.24%,1439.85万,1239.19万,200.66万,2699.25万
3127,603667,五洲新春,70.4,0.30%,4.59%,5.21亿,6.76亿,-1.55亿,12.03亿
3128,603168,莎普爱思,6.67,0.30%,1.52%,1952.83万,1793.27万,159.55万,3757.18万
3129,600838,上海九百,10.01,0.30%,0.60%,1218.30万,1179.69万,38.61万,2414.60万
3130,603948,建业股份,27.01,0.30%,0.36%,759.72万,806.25万,-46.52万,1569.21万
3131,600483,福能股份,9.98,0.30%,0.41%,5412.05万,5865.21万,-453.16万,1.13亿
3132,600241,时代万恒,9.88,0.30%,1.61%,2388.85万,2212.23万,176.62万,4692.75万
3133,300343,ST联创,6.63,0.30%,0.72%,2026.52万,3062.93万,-1036.41万,5136.22万
3134,2759,天际股份,36.32,0.30%,6.66%,5.75亿,6.39亿,-6354.62万,12.19亿
3135,2706,良信股份,10.14,0.30%,1.64%,7741.36万,7238.48万,502.88万,1.51亿
3136,2412,汉森制药,6.74,0.30%,1.12%,1627.50万,2114.90万,-487.41万,3762.24万
3137,2244,滨江集团,10.19,0.30%,0.35%,3858.76万,5524.34万,-1665.58万,9448.29万
3138,531,穗恒运A,6.64,0.30%,0.70%,1979.90万,2180.59万,-200.69万,4223.96万
3139,301138,华研精机,37.78,0.29%,0.60%,792.62万,728.00万,64.62万,1548.22万
3140,809,和展能源,3.5,0.29%,0.75%,1063.84万,1064.94万,-1.10万,2153.10万
3141,1366,播恩集团,14.0,0.29%,0.67%,778.44万,709.47万,68.97万,1499.11万
3142,2356,赫美集团,3.43,0.29%,0.75%,1378.73万,1993.48万,-614.75万,3375.20万
3143,605080,浙江自然,23.95,0.29%,0.25%,458.85万,383.72万,75.13万,843.77万
3144,1337,四川黄金,48.32,0.29%,0.96%,1.02亿,8738.36万,1425.33万,1.95亿
3145,301115,联检科技,20.54,0.29%,0.57%,1018.03万,758.47万,259.56万,1789.67万
3146,688636,智明达,44.58,0.29%,1.20%,4625.75万,4200.41万,425.34万,8936.89万
3147,301155,海力风电,66.46,0.29%,1.42%,5751.27万,5649.95万,101.32万,1.16亿
3148,688271,联影医疗,114.33,0.29%,0.20%,7869.55万,1.03亿,-2419.91万,1.83亿
3149,605179,一鸣食品,17.55,0.29%,0.29%,1101.45万,908.59万,192.86万,2011.80万
3150,300844,山水比德,34.02,0.29%,0.47%,737.50万,693.57万,43.94万,1434.13万
3151,2648,卫星化学,28.0,0.29%,0.72%,3.01亿,3.73亿,-7211.05万,6.77亿
3152,2535,林州重机,3.47,0.29%,0.56%,758.91万,676.48万,82.43万,1440.01万
3153,2526,山东矿机,3.46,0.29%,0.48%,1277.23万,1684.29万,-407.06万,2966.93万
3154,2489,浙江永强,3.45,0.29%,0.40%,1442.96万,1192.34万,250.62万,2648.69万
3155,2423,中粮资本,10.37,0.29%,0.20%,2026.33万,2742.47万,-716.14万,4796.79万
3156,952,广济药业,6.95,0.29%,0.96%,1221.55万,1040.72万,180.83万,2285.31万
3157,910,大亚圣象,7.0,0.29%,0.23%,421.91万,453.44万,-31.53万,897.29万
3158,532,华金资本,13.69,0.29%,0.74%,1310.97万,2065.84万,-754.87万,3441.08万
3159,55,方大集团,3.47,0.29%,0.46%,601.82万,461.70万,140.13万,1077.93万
3160,301486,致尚科技,168.83,0.28%,4.37%,2.83亿,2.46亿,3690.50万,5.35亿
3161,301075,多瑞医药,67.99,0.28%,2.16%,5804.59万,5996.31万,-191.73万,1.19亿
3162,301258,富士莱,32.35,0.28%,0.43%,527.40万,691.69万,-164.29万,1225.89万
3163,688120,华海清科,184.01,0.28%,0.59%,1.82亿,1.98亿,-1610.04万,3.82亿
3164,3022,联泓新科,21.68,0.28%,0.37%,5506.85万,4917.53万,589.32万,1.07亿
3165,605300,佳禾食品,10.83,0.28%,0.09%,215.70万,209.45万,6.25万,425.37万
3166,300829,金丹科技,18.19,0.28%,1.63%,2530.37万,2075.19万,455.18万,4634.66万
3167,600737,中粮糖业,14.08,0.28%,0.37%,5687.42万,5445.85万,241.58万,1.12亿
3168,2967,广电计量,21.24,0.28%,0.57%,3011.83万,3530.32万,-518.49万,6608.67万
3169,603936,博敏电子,14.28,0.28%,2.18%,1.03亿,8806.58万,1483.89万,1.95亿
3170,688686,奥普特,103.51,0.28%,0.60%,4140.12万,3441.86万,698.26万,7599.59万
3171,603589,口子窖,25.06,0.28%,0.22%,1678.53万,1582.83万,95.70万,3268.62万
3172,601566,九牧王,10.74,0.28%,0.34%,1012.88万,942.08万,70.80万,2065.96万
3173,601238,广汽集团,7.28,0.28%,0.07%,2005.49万,1879.65万,125.83万,3892.58万
3174,600873,梅花生物,10.8,0.28%,0.46%,7960.43万,5920.93万,2039.49万,1.40亿
3175,600831,广电网络,3.57,0.28%,0.74%,991.91万,868.42万,123.50万,1865.36万
3176,600782,新钢股份,3.54,0.28%,0.65%,3309.86万,3951.28万,-641.42万,7296.05万
3177,600469,风神股份,7.16,0.28%,1.57%,4800.66万,3421.05万,1379.61万,8234.38万
3178,600325,华发股份,3.55,0.28%,0.53%,2792.18万,2334.43万,457.75万,5159.05万
3179,300349,金卡智能,14.2,0.28%,0.73%,1760.60万,2064.21万,-303.61万,3826.66万
3180,2731,ST萃华,7.23,0.28%,3.58%,2979.92万,2881.86万,98.06万,5891.64万
3181,2596,海南瑞泽,3.56,0.28%,0.91%,1828.93万,1735.36万,93.57万,3705.84万
3182,2366,融发核电,7.25,0.28%,0.82%,4903.17万,6006.73万,-1103.56万,1.09亿
3183,2106,莱宝高科,10.62,0.28%,0.50%,1418.36万,2233.03万,-814.67万,3729.59万
3184,965,天保基建,3.64,0.28%,0.67%,1173.61万,1459.68万,-286.07万,2686.50万
3185,301595,太力科技,48.88,0.27%,3.87%,2211.41万,2225.19万,-13.78万,4601.41万
3186,1322,箭牌家居,7.38,0.27%,0.20%,486.08万,592.11万,-106.03万,1137.59万
3187,600698,湖南天雁,7.3,0.27%,0.56%,1544.90万,1805.66万,-260.76万,3372.66万
3188,603270,金帝股份,26.08,0.27%,2.18%,1808.16万,2186.57万,-378.42万,4014.54万
3189,1316,润贝航科,48.79,0.27%,0.80%,2427.76万,1833.59万,594.17万,4286.72万
3190,688716,中研股份,33.15,0.27%,0.82%,882.87万,900.14万,-17.27万,1889.13万
3191,2134,天津普林,22.29,0.27%,2.43%,6479.92万,6878.93万,-399.01万,1.34亿
3192,603048,浙江黎明,22.27,0.27%,0.62%,979.59万,1038.68万,-59.08万,2021.39万
3193,688579,地纬智能,10.96,0.27%,0.49%,1043.46万,952.22万,91.24万,2136.14万
3194,300848,美瑞新材,14.9,0.27%,0.70%,1311.57万,1177.55万,134.02万,2626.54万
3195,605099,共创草坪,41.07,0.27%,0.46%,4361.00万,3238.37万,1122.63万,7647.03万
3196,301109,军信股份,15.13,0.27%,0.94%,1578.91万,1609.59万,-30.68万,3263.32万
3197,603580,*ST艾艾,18.49,0.27%,0.82%,1043.22万,920.85万,122.37万,1977.95万
3198,600790,轻纺城,3.69,0.27%,0.19%,565.09万,450.20万,114.89万,1026.29万
3199,600660,福耀玻璃,59.19,0.27%,0.31%,1.75亿,1.88亿,-1298.72万,3.63亿
3200,600183,生益科技,67.08,0.27%,1.28%,10.33亿,9.96亿,3757.90万,20.54亿
3201,2731,ST萃华,7.23,0.28%,3.58%,2979.92万,2881.86万,98.06万,5891.64万
3202,2596,海南瑞泽,3.56,0.28%,0.91%,1828.93万,1735.36万,93.57万,3705.84万
3203,2366,融发核电,7.25,0.28%,0.82%,4903.17万,6006.73万,-1103.56万,1.09亿
3204,2106,莱宝高科,10.62,0.28%,0.50%,1418.36万,2233.03万,-814.67万,3729.59万
3205,965,天保基建,3.64,0.28%,0.67%,1173.61万,1459.68万,-286.07万,2686.50万
3206,301595,太力科技,48.88,0.27%,3.87%,2211.41万,2225.19万,-13.78万,4601.41万
3207,1322,箭牌家居,7.38,0.27%,0.20%,486.08万,592.11万,-106.03万,1137.59万
3208,600698,湖南天雁,7.3,0.27%,0.56%,1544.90万,1805.66万,-260.76万,3372.66万
3209,603270,金帝股份,26.08,0.27%,2.18%,1808.16万,2186.57万,-378.42万,4014.54万
3210,1316,润贝航科,48.79,0.27%,0.80%,2427.76万,1833.59万,594.17万,4286.72万
3211,688716,中研股份,33.15,0.27%,0.82%,882.87万,900.14万,-17.27万,1889.13万
3212,2134,天津普林,22.29,0.27%,2.43%,6479.92万,6878.93万,-399.01万,1.34亿
3213,603048,浙江黎明,22.27,0.27%,0.62%,979.59万,1038.68万,-59.08万,2021.39万
3214,688235,百济神州,255.09,0.27%,2.38%,3.77亿,3.12亿,6546.22万,6.93亿
3215,688239,航宇科技,62.5,0.27%,1.48%,9830.63万,7581.57万,2249.06万,1.75亿
3216,688579,地纬智能,10.96,0.27%,0.49%,1043.46万,952.22万,91.24万,2136.14万
3217,603928,兴业股份,14.75,0.27%,0.46%,872.72万,868.95万,3.77万,1759.83万
3218,300848,美瑞新材,14.9,0.27%,0.70%,1311.57万,1177.55万,134.02万,2626.54万
3219,301109,军信股份,15.13,0.27%,0.94%,1578.91万,1609.59万,-30.68万,3263.32万
3220,603580,*ST艾艾,18.49,0.27%,0.82%,1043.22万,920.85万,122.37万,1977.95万
3221,600790,轻纺城,3.69,0.27%,0.19%,565.09万,450.20万,114.89万,1026.29万
3222,600660,福耀玻璃,59.19,0.27%,0.31%,1.75亿,1.88亿,-1298.72万,3.63亿
3223,600183,生益科技,67.08,0.27%,1.28%,10.33亿,9.96亿,3757.90万,20.54亿
3224,300735,光弘科技,22.3,0.27%,0.45%,3743.64万,3822.74万,-79.09万,7625.94万
3225,300135,宝利国际,3.75,0.27%,0.92%,1535.28万,1612.15万,-76.87万,3163.47万
3226,300013,新宁物流,3.76,0.27%,0.85%,826.16万,594.20万,231.96万,1438.94万
3227,2110,三钢闽光,3.77,0.27%,0.37%,1502.20万,1689.14万,-186.94万,3384.09万
3228,301050,雷电微力,48.99,0.27%,1.33%,6200.16万,7427.95万,-1227.79万,1.39亿
3229,767,晋控电力,3.76,0.27%,2.05%,1.07亿,1.16亿,-928.75万,2.23亿
3230,972,*ST中基,3.91,0.26%,0.88%,1369.35万,1181.98万,187.37万,2638.64万
3231,301580,爱迪特,69.37,0.26%,3.72%,8876.42万,9484.87万,-608.45万,1.85亿
3232,300784,利安科技,49.97,0.26%,1.99%,798.39万,858.02万,-59.63万,1678.90万
3233,2689,ST远智,3.89,0.26%,0.55%,988.41万,1241.12万,-252.71万,2236.06万
3234,3035,南网能源,7.8,0.26%,1.51%,2.28亿,2.17亿,1116.94万,4.47亿
3235,603382,海阳科技,27.09,0.26%,1.05%,654.78万,372.76万,282.02万,1028.36万
3236,300882,万胜智能,22.97,0.26%,0.67%,1932.64万,2110.66万,-178.02万,4073.40万
3237,603221,爱丽家居,11.4,0.26%,0.25%,383.81万,306.05万,77.76万,690.43万
3238,300832,新产业,46.08,0.26%,0.44%,6351.90万,7430.55万,-1078.65万,1.38亿
3239,603199,九华旅游,38.08,0.26%,1.50%,3003.57万,3266.83万,-263.26万,6290.96万
3240,600814,杭州解百,7.61,0.26%,0.41%,1181.73万,1015.83万,165.90万,2292.66万
3241,600739,辽宁成大,11.71,0.26%,0.28%,2311.29万,2638.16万,-326.88万,5059.83万
3242,600308,华泰股份,3.85,0.26%,0.30%,797.33万,954.22万,-156.89万,1775.80万
3243,2775,文科股份,3.79,0.26%,0.83%,968.06万,816.06万,152.00万,1785.67万
3244,2375,亚厦股份,3.88,0.26%,0.29%,771.51万,647.80万,123.71万,1505.02万
3245,2171,楚江新材,11.47,0.26%,0.72%,5835.78万,7464.39万,-1628.61万,1.34亿
3246,821,ST京机,11.42,0.26%,1.03%,3207.28万,3731.14万,-523.87万,7077.12万
3247,300864,南大环境,20.39,0.25%,0.21%,283.03万,383.98万,-100.95万,681.07万
3248,2189,中光学,19.85,0.25%,0.42%,999.94万,1105.39万,-105.45万,2195.68万
3249,301107,瑜欣电子,27.89,0.25%,0.90%,799.08万,660.94万,138.14万,1465.05万
3250,688230,芯导科技,64.77,0.25%,0.37%,1520.01万,1179.69万,340.32万,2792.31万
3251,300144,宋城演艺,7.87,0.25%,0.67%,5980.00万,6413.20万,-433.20万,1.24亿
3252,2632,道明光学,12.03,0.25%,0.78%,2571.16万,2732.95万,-161.80万,5385.84万
3253,2138,顺络电子,35.8,0.25%,1.19%,1.69亿,1.48亿,2098.17万,3.21亿
3254,810,创维数字,11.95,0.25%,1.02%,6545.33万,6764.27万,-218.94万,1.35亿
3255,725,京东方A,4.01,0.25%,0.59%,3.61亿,4.93亿,-1.31亿,8.62亿
3256,721,西安饮食,8.01,0.25%,1.76%,3313.73万,3839.25万,-525.52万,7177.95万
3257,1396,誉帆科技,45.89,0.24%,1.78%,929.96万,874.02万,55.94万,1814.52万
3258,2729,好利科技,20.52,0.24%,2.17%,3680.95万,3985.16万,-304.20万,7776.75万
3259,603201,常润股份,16.48,0.24%,0.21%,377.29万,290.07万,87.22万,668.51万
3260,688235,百济神州,255.01,0.24%,2.29%,3.68亿,3.00亿,6775.24万,6.70亿
3261,688371,菲沃泰,21.0,0.24%,0.19%,649.06万,642.89万,6.17万,1316.38万
3262,688378,奥来德,36.99,0.24%,0.75%,3893.42万,2709.65万,1183.77万,6666.69万
3263,603150,万朗磁塑,57.67,0.24%,3.48%,8326.06万,8377.90万,-51.83万,1.68亿
3264,601568,北元集团,4.11,0.24%,0.20%,1524.77万,1641.16万,-116.39万,3184.25万
3265,600121,郑州煤电,4.14,0.24%,1.47%,3409.76万,3619.88万,-210.12万,7384.71万
3266,603535,嘉诚国际,8.33,0.24%,0.24%,515.28万,472.47万,42.81万,1005.53万
3267,603080,新疆火炬,21.31,0.24%,0.36%,507.55万,574.70万,-67.16万,1084.81万
3268,600779,水井坊,33.07,0.24%,0.25%,2014.88万,1948.80万,66.08万,3975.25万
3269,600416,湘电股份,12.33,0.24%,0.55%,4323.66万,5236.08万,-912.41万,9921.95万
3270,600369,西南证券,4.26,0.24%,0.23%,3405.04万,2639.72万,765.32万,6388.44万
3271,600064,南京高科,8.44,0.24%,0.26%,2281.06万,1480.48万,800.58万,3816.58万
3272,300622,博士眼镜,24.91,0.24%,1.36%,2422.80万,2829.16万,-406.37万,5277.62万
3273,300279,和晶科技,8.52,0.24%,1.52%,2958.08万,3264.22万,-306.13万,6253.22万
3274,2579,中京电子,12.74,0.24%,3.12%,1.14亿,1.15亿,-49.88万,2.31亿
3275,2251,步步高,4.22,0.24%,0.74%,3434.49万,3264.75万,169.74万,6721.68万
3276,2173,创新医疗,25.58,0.24%,2.34%,1.26亿,1.23亿,273.47万,2.51亿
3277,2139,拓邦股份,12.41,0.24%,0.41%,2535.60万,2833.39万,-297.79万,5417.29万
3278,768,中航西飞,24.73,0.24%,0.36%,1.00亿,1.44亿,-4427.48万,2.48亿
3279,301293,三博脑科,68.69,0.23%,2.16%,1.13亿,1.24亿,-1082.04万,2.38亿
3280,1212,中旗新材,48.49,0.23%,1.34%,5986.31万,5168.53万,817.78万,1.14亿
3281,688646,ST逸飞,51.41,0.23%,0.56%,1002.01万,654.32万,347.69万,1657.02万
3282,2224,三力士,4.34,0.23%,0.64%,818.05万,1210.71万,-392.66万,2253.45万
3283,688252,天德钰,21.58,0.23%,0.39%,1561.44万,1837.70万,-276.26万,3438.55万
3284,601022,宁波远洋,8.77,0.23%,0.29%,1600.20万,1673.60万,-73.40万,3292.39万
3285,600007,中国国贸,21.48,0.23%,0.14%,1530.00万,1517.82万,12.18万,3077.46万
3286,605118,力鼎光电,42.9,0.23%,0.55%,4233.26万,5162.41万,-929.15万,9426.14万
3287,688065,凯赛生物,48.62,0.23%,0.28%,3755.80万,4066.88万,-311.08万,7855.46万
3288,603566,普莱柯,12.88,0.23%,0.51%,1070.44万,1160.44万,-90.00万,2252.12万
3289,603339,四方科技,13.14,0.23%,0.23%,369.10万,531.72万,-162.62万,937.94万
3290,601158,重庆水务,4.37,0.23%,0.05%,483.40万,591.77万,-108.37万,1093.18万
3291,601086,国芳集团,8.9,0.23%,0.34%,1049.85万,929.00万,120.85万,2010.53万
3292,600821,金开新能,8.86,0.23%,10.91%,10.12亿,8.62亿,1.50亿,18.83亿
3293,600506,统一股份,21.35,0.23%,0.84%,1567.99万,1827.57万,-259.58万,3436.77万
3294,600500,中化国际,4.31,0.23%,0.35%,2323.44万,3049.79万,-726.35万,5374.22万
3295,300415,伊之密,25.68,0.23%,0.69%,3379.79万,4594.11万,-1214.32万,7993.69万
3296,2926,华西证券,8.64,0.23%,0.29%,2711.57万,3884.79万,-1173.22万,6660.34万
3297,2916,深南电路,271.54,0.23%,0.74%,6.30亿,6.86亿,-5574.43万,13.35亿
3298,2320,海峡股份,8.57,0.23%,0.22%,1940.93万,2061.49万,-120.56万,4176.04万
3299,2266,浙富控股,4.41,0.23%,0.51%,5215.05万,5483.27万,-268.22万,1.09亿
3300,2234,民和股份,8.68,0.23%,0.73%,974.13万,928.35万,45.78万,1905.09万
3301,600821,金开新能,8.86,0.23%,10.91%,10.12亿,8.62亿,1.50亿,18.83亿
3302,600506,统一股份,21.35,0.23%,0.84%,1567.99万,1827.57万,-259.58万,3436.77万
3303,600500,中化国际,4.31,0.23%,0.35%,2323.44万,3049.79万,-726.35万,5374.22万
3304,300415,伊之密,25.68,0.23%,0.69%,3379.79万,4594.11万,-1214.32万,7993.69万
3305,2926,华西证券,8.64,0.23%,0.29%,2711.57万,3884.79万,-1173.22万,6660.34万
3306,2916,深南电路,271.54,0.23%,0.74%,6.30亿,6.86亿,-5574.43万,13.35亿
3307,2320,海峡股份,8.57,0.23%,0.22%,1940.93万,2061.49万,-120.56万,4176.04万
3308,2266,浙富控股,4.41,0.23%,0.51%,5215.05万,5483.27万,-268.22万,1.09亿
3309,2234,民和股份,8.68,0.23%,0.73%,974.13万,928.35万,45.78万,1905.09万
3310,975,山金国际,29.92,0.23%,0.43%,1.73亿,1.51亿,2225.61万,3.27亿
3311,858,五粮液,103.79,0.23%,0.13%,2.65亿,2.56亿,923.33万,5.28亿
3312,786,北新建材,25.69,0.23%,0.28%,7062.45万,4678.77万,2383.68万,1.20亿
3313,603072,天和磁材,37.12,0.22%,0.70%,1874.18万,1410.51万,463.68万,3292.49万
3314,688717,艾罗能源,106.24,0.22%,4.28%,2.23亿,2.25亿,-160.19万,4.50亿
3315,2350,北京科锐,13.78,0.22%,1.91%,6709.34万,6801.97万,-92.63万,1.38亿
3316,300915,海融科技,22.7,0.22%,0.46%,307.97万,291.56万,16.41万,601.12万
3317,300813,泰林生物,27.88,0.22%,2.14%,2310.06万,2171.32万,138.74万,4515.68万
3318,300862,蓝盾光电,22.61,0.22%,0.99%,1700.16万,1667.92万,32.23万,3395.44万
3319,600642,申能股份,9.16,0.22%,0.27%,6610.88万,5562.35万,1048.53万,1.24亿
3320,600428,中远海特,9.05,0.22%,0.72%,7372.00万,8528.54万,-1156.55万,1.61亿
3321,600925,苏能股份,4.56,0.22%,0.15%,558.10万,552.00万,6.10万,1114.93万
3322,600348,华阳股份,9.25,0.22%,0.44%,8180.33万,6398.71万,1781.62万,1.46亿
3323,300429,强力新材,13.73,0.22%,1.16%,3021.28万,3318.03万,-296.74万,6364.44万
3324,300247,融捷健康,4.62,0.22%,0.47%,780.27万,953.40万,-173.13万,1733.77万
3325,2839,张家港行,4.52,0.22%,0.40%,2738.97万,1561.82万,1177.15万,4383.40万
3326,2413,雷科防务,13.51,0.22%,4.39%,3.82亿,3.72亿,984.04万,7.61亿
3327,2098,浔兴股份,8.94,0.22%,0.23%,300.15万,415.78万,-115.63万,732.01万
3328,778,新兴铸管,4.47,0.22%,0.41%,3929.23万,2990.97万,938.25万,7143.34万
3329,1205,盛航股份,14.34,0.21%,0.56%,646.90万,676.07万,-29.17万,1345.34万
3330,985,大庆华科,18.65,0.21%,0.38%,480.80万,413.71万,67.09万,910.55万
3331,300268,*ST佳沃,14.26,0.21%,0.58%,686.64万,415.53万,271.11万,1105.02万
3332,603107,上海汽配,14.57,0.21%,0.20%,364.37万,281.84万,82.53万,649.27万
3333,301103,何氏眼科,19.37,0.21%,0.55%,623.00万,665.53万,-42.53万,1298.61万
3334,688525,佰维存储,286.0,0.21%,6.56%,42.49亿,44.00亿,-1.51亿,87.08亿
3335,601177,杭齿前进,14.63,0.21%,0.37%,1147.67万,1012.61万,135.06万,2174.62万
3336,688586,江航装备,14.44,0.21%,0.47%,2310.87万,3072.31万,-761.44万,5415.06万
3337,605183,确成股份,19.41,0.21%,0.14%,641.81万,487.53万,154.28万,1135.56万
3338,688020,方邦股份,91.09,0.21%,1.23%,3487.37万,5425.61万,-1938.24万,9318.96万
3339,603977,国泰集团,14.38,0.21%,1.29%,5586.83万,5885.19万,-298.36万,1.16亿
3340,603706,东方环宇,19.49,0.21%,0.18%,357.53万,288.28万,69.25万,647.36万
3341,603027,千禾味业,9.51,0.21%,0.36%,2139.61万,2129.93万,9.68万,4271.45万
3342,601368,绿城水务,4.8,0.21%,0.25%,601.41万,445.18万,156.23万,1058.02万
3343,600560,金自天正,14.59,0.21%,0.62%,1121.76万,887.21万,234.55万,2019.92万
3344,300259,新天科技,4.82,0.21%,0.96%,2516.92万,2848.16万,-331.24万,5369.52万
3345,2383,合众思壮,9.62,0.21%,0.68%,2325.85万,2487.97万,-162.13万,4848.29万
3346,859,国风新材,9.5,0.21%,1.23%,4568.18万,5469.79万,-901.61万,1.04亿
3347,557,西部创业,4.68,0.21%,0.16%,533.71万,526.92万,6.80万,1067.78万
3348,301365,矩阵股份,30.66,0.20%,1.96%,3060.50万,2976.53万,83.97万,6060.02万
3349,605128,上海沿浦,35.28,0.20%,0.42%,1835.29万,1253.81万,581.48万,3138.87万
3350,1914,招商积余,9.89,0.20%,0.23%,1179.44万,1144.74万,34.70万,2348.10万
3351,420,吉林化纤,4.99,0.20%,1.52%,8690.27万,9828.39万,-1138.12万,1.86亿
3352,1239,永达股份,15.48,0.19%,1.21%,966.81万,1056.49万,-89.68万,2119.42万
3353,603205,健尔康,25.95,0.19%,0.47%,279.65万,224.08万,55.57万,503.99万
3354,300804,广康生化,47.67,0.19%,3.93%,2526.11万,2516.70万,9.41万,5126.66万
3355,301305,朗坤科技,27.05,0.19%,1.90%,3135.94万,3125.40万,10.54万,6327.79万
3356,301501,恒鑫生活,37.74,0.19%,0.55%,493.85万,398.74万,95.11万,908.43万
3357,2593,日上集团,5.3,0.19%,1.07%,1390.04万,1644.77万,-254.72万,3186.15万
3358,798,中水渔业,10.34,0.19%,0.81%,1369.57万,1605.82万,-236.25万,3025.59万
3359,603869,ST智知,10.49,0.19%,0.10%,296.38万,199.67万,96.71万,502.13万
3360,603789,*ST星农,5.34,0.19%,0.29%,157.25万,239.53万,-82.27万,408.05万
3361,603345,安井食品,94.98,0.19%,0.62%,7990.37万,9161.75万,-1171.38万,1.73亿
3362,601390,中国中铁,5.3,0.19%,0.31%,1.37亿,2.00亿,-6281.49万,3.40亿
3363,600805,悦达投资,5.26,0.19%,0.51%,1033.62万,1223.63万,-190.01万,2269.45万
3364,600333,长春燃气,5.2,0.19%,0.47%,672.95万,759.66万,-86.71万,1486.04万
3365,300672,国科微,164.91,0.19%,4.60%,8.40亿,7.08亿,1.33亿,15.56亿
3366,300468,四方精创,31.64,0.19%,2.29%,1.74亿,2.08亿,-3409.81万,3.86亿
3367,300239,东宝生物,5.35,0.19%,0.62%,941.75万,999.01万,-57.26万,1941.19万
3368,59,华锦股份,5.28,0.19%,0.55%,2453.75万,2172.89万,280.86万,4691.83万
3369,1356,富岭股份,11.04,0.18%,0.37%,335.68万,458.20万,-122.52万,810.43万
3370,301656,联合动力,21.76,0.18%,1.41%,2840.66万,3364.81万,-524.14万,6250.83万
3371,601096,宏盛华源,5.56,0.18%,1.07%,3990.59万,5692.24万,-1701.64万,9734.86万
3372,301577,美信科技,62.31,0.18%,2.08%,1081.23万,1292.06万,-210.83万,2434.34万
3373,688439,振华风光,51.24,0.18%,0.49%,2918.03万,2058.03万,860.00万,5038.35万
3374,301298,东利机械,16.29,0.18%,0.56%,484.49万,478.99万,5.51万,974.24万
3375,603230,内蒙新华,11.18,0.18%,0.66%,1074.51万,1516.82万,-442.32万,2614.81万
3376,759,中百集团,5.51,0.18%,1.00%,1679.82万,1875.76万,-195.94万,3577.19万
3377,300999,金龙鱼,28.3,0.18%,0.68%,4831.70万,5464.36万,-632.66万,1.04亿
3378,605108,同庆楼,16.76,0.18%,0.45%,900.98万,1032.97万,-132.00万,1945.01万
3379,600997,开滦股份,5.72,0.18%,0.22%,1025.03万,932.70万,92.33万,1969.22万
3380,600865,百大集团,11.36,0.18%,0.72%,1600.92万,1396.32万,204.60万,3047.00万
3381,541,佛山照明,5.69,0.18%,0.16%,454.06万,647.45万,-193.39万,1120.20万
3382,600668,尖峰集团,11.3,0.18%,1.08%,2040.94万,2943.64万,-902.69万,4993.62万
3383,600107,ST尔雅,5.63,0.18%,0.35%,384.98万,307.16万,77.82万,712.13万
3384,300753,爱朋医疗,28.19,0.18%,1.82%,2313.63万,2161.76万,151.87万,4496.82万
3385,2702,海欣食品,5.59,0.18%,0.97%,1368.47万,1086.37万,282.10万,2474.87万
3386,2643,万润股份,16.5,0.18%,0.55%,3877.28万,4226.53万,-349.25万,8271.84万
3387,2218,拓日新能,5.6,0.18%,2.48%,9585.65万,9383.87万,201.78万,1.91亿
3388,906,浙商中拓,5.71,0.18%,0.22%,412.69万,455.23万,-42.54万,869.29万
3389,539,粤电力A,5.54,0.18%,1.07%,7301.07万,7585.42万,-284.35万,1.52亿
3390,521,长虹美菱,5.69,0.18%,0.29%,579.66万,865.60万,-285.94万,1456.52万
3391,603231,索宝蛋白,17.74,0.17%,0.70%,693.32万,623.04万,70.28万,1317.60万
3392,2513,蓝丰生化,5.96,0.17%,1.01%,1008.78万,728.97万,279.81万,1740.02万
3393,603319,美湖股份,34.81,0.17%,1.59%,9860.85万,8830.58万,1030.27万,1.88亿
3394,603125,常青科技,18.03,0.17%,0.23%,827.24万,805.43万,21.81万,1636.82万
3395,301170,锡南科技,28.92,0.17%,1.41%,724.69万,575.98万,148.71万,1363.74万
3396,707,双环科技,5.85,0.17%,0.75%,1215.41万,1206.96万,8.44万,2430.73万
3397,688319,欧林生物,28.99,0.17%,1.02%,6539.36万,5325.76万,1213.60万,1.20亿
3398,600119,长江投资,5.89,0.17%,0.32%,363.11万,304.48万,58.63万,692.83万
3399,688358,祥生医疗,29.69,0.17%,0.34%,581.56万,542.43万,39.12万,1128.48万
3400,601686,友发集团,5.82,0.17%,0.12%,559.26万,436.56万,122.70万,1006.36万
3401,600072,中船科技,12.08,0.17%,0.62%,3524.18万,4470.41万,-946.23万,8115.40万
3402,300779,惠城环保,89.3,0.17%,1.27%,1.07亿,7084.21万,3618.49万,1.83亿
3403,300567,精测电子,130.54,0.17%,1.62%,2.22亿,2.37亿,-1504.61万,4.77亿
3404,300180,华峰超纤,6.01,0.17%,0.44%,2095.56万,2395.95万,-300.39万,4496.13万
3405,2688,金河生物,5.89,0.17%,0.71%,1536.15万,1537.52万,-1.36万,3117.22万
3406,2568,百润股份,17.3,0.17%,0.38%,2468.06万,2467.02万,1.04万,4983.75万
3407,958,电投产融,6.05,0.17%,0.19%,2467.76万,3150.73万,-682.96万,6041.34万
3408,1218,丽臣实业,25.19,0.16%,0.84%,1113.78万,815.96万,297.82万,1968.50万
3409,1296,长江材料,25.5,0.16%,1.24%,1108.30万,1264.28万,-155.98万,2420.21万
3410,301387,光大同创,61.33,0.16%,2.59%,3228.92万,3531.44万,-302.52万,6813.17万
3411,688314,康拓医疗,48.57,0.16%,1.36%,2569.86万,2724.32万,-154.46万,5349.55万
3412,301289,国缆检测,55.48,0.16%,0.37%,928.25万,660.33万,267.92万,1595.79万
3413,600358,ST联合,6.46,0.16%,1.17%,1814.05万,1960.53万,-146.49万,3796.07万
3414,688320,禾川科技,31.25,0.16%,0.57%,1333.66万,1361.52万,-27.85万,2703.63万
3415,2553,南方精工,25.4,0.16%,2.06%,5686.37万,7351.64万,-1665.27万,1.32亿
3416,600918,中泰证券,6.09,0.16%,0.23%,2662.58万,2649.04万,13.53万,5403.51万
3417,688131,皓元医药,76.47,0.16%,0.73%,6784.98万,4914.10万,1870.88万,1.17亿
3418,688606,奥泰生物,61.0,0.16%,0.14%,239.02万,417.17万,-178.15万,657.42万
3419,603517,ST绝味,12.79,0.16%,0.19%,809.05万,662.64万,146.41万,1474.25万
3420,601949,中国出版,6.3,0.16%,0.21%,954.36万,1542.30万,-587.94万,2547.36万
3421,600966,博汇纸业,6.4,0.16%,0.45%,1864.16万,1969.29万,-105.12万,3854.43万
3422,600874,创业环保,6.11,0.16%,0.27%,956.96万,1066.35万,-109.39万,2037.48万
3423,600508,上海能源,12.8,0.16%,0.27%,1101.98万,1393.15万,-291.16万,2500.38万
3424,603586,金麒麟,18.25,0.16%,0.39%,657.45万,714.41万,-56.96万,1392.66万
3425,600354,敦煌种业,6.31,0.16%,1.71%,2784.45万,2746.74万,37.71万,5648.75万
3426,600123,兰花科创,6.22,0.16%,0.50%,2111.11万,2407.49万,-296.39万,4601.12万
3427,600006,东风股份,6.37,0.16%,0.15%,923.09万,1038.63万,-115.53万,1965.48万
3428,2821,凯莱英,118.04,0.16%,1.60%,3.15亿,2.75亿,3951.29万,5.96亿
3429,2796,世嘉科技,48.65,0.16%,1.86%,1.18亿,8549.77万,3271.50万,2.05亿
3430,2391,长青股份,6.21,0.16%,0.50%,725.19万,694.06万,31.13万,1437.30万
3431,2367,康力电梯,6.42,0.16%,0.42%,842.59万,1299.20万,-456.61万,2143.84万
3432,2346,柘中股份,18.98,0.16%,0.23%,771.20万,952.07万,-180.87万,1734.27万
3433,2164,宁波东力,12.87,0.16%,0.84%,2199.08万,2970.74万,-771.66万,5192.61万
3434,2094,青岛金王,6.36,0.16%,0.80%,1686.17万,1789.75万,-103.57万,3506.07万
3435,2027,分众传媒,6.31,0.16%,0.48%,2.17亿,2.21亿,-381.77万,4.41亿
3436,678,襄阳轴承,12.62,0.16%,1.20%,2905.90万,3959.68万,-1053.78万,6951.97万
3437,630,铜陵有色,6.28,0.16%,0.98%,2.94亿,3.83亿,-8939.95万,6.84亿
3438,301331,恩威医药,26.59,0.15%,0.52%,689.39万,706.71万,-17.32万,1415.24万
3439,300977,深圳瑞捷,19.78,0.15%,0.95%,970.56万,790.56万,180.00万,1779.32万
3440,605086,龙高股份,33.68,0.15%,0.33%,1051.02万,871.90万,179.13万,1967.34万
3441,688658,悦康药业,20.64,0.15%,2.05%,8911.72万,9574.66万,-662.94万,1.87亿
3442,603678,火炬电子,33.16,0.15%,0.90%,6274.68万,7890.98万,-1616.30万,1.42亿
3443,601900,南方传媒,12.93,0.15%,0.43%,2690.93万,2184.32万,506.61万,4917.91万
3444,601699,潞安环能,13.39,0.15%,0.36%,8185.18万,6152.58万,2032.60万,1.45亿
3445,601233,桐昆股份,20.22,0.15%,0.74%,1.93亿,1.55亿,3889.93万,3.52亿
3446,600651,飞乐音响,6.75,0.15%,0.29%,2835.55万,2074.78万,760.78万,4972.10万
3447,300471,厚普股份,13.04,0.15%,1.35%,3083.25万,3284.01万,-200.76万,6440.60万
3448,300203,聚光科技,13.75,0.15%,0.93%,3080.21万,2599.89万,480.32万,5696.34万
3449,300105,龙源技术,6.65,0.15%,0.43%,685.79万,789.26万,-103.47万,1480.71万
3450,300048,合康新能,6.79,0.15%,0.84%,2877.44万,3522.65万,-645.21万,6438.50万
3451,300471,厚普股份,13.04,0.15%,1.35%,3083.25万,3284.01万,-200.76万,6440.60万
3452,300203,聚光科技,13.75,0.15%,0.93%,3080.21万,2599.89万,480.32万,5696.34万
3453,300105,龙源技术,6.65,0.15%,0.43%,685.79万,789.26万,-103.47万,1480.71万
3454,300048,合康新能,6.79,0.15%,0.84%,2877.44万,3522.65万,-645.21万,6438.50万
3455,2408,齐翔腾达,6.81,0.15%,0.73%,6411.79万,7153.87万,-742.08万,1.37亿
3456,1338,永顺泰,13.43,0.15%,0.70%,2461.43万,2243.25万,218.18万,4738.90万
3457,682,东方电子,13.03,0.15%,1.16%,9556.29万,1.02亿,-692.53万,2.01亿
3458,27,深圳能源,6.68,0.15%,0.23%,3249.41万,3939.95万,-690.54万,7354.72万
3459,301526,国际复材,14.28,0.14%,8.05%,7.80亿,8.16亿,-3610.10万,16.05亿
3460,301491,汉桑科技,50.8,0.14%,0.91%,671.84万,632.30万,39.54万,1314.82万
3461,688070,纵横股份,48.53,0.14%,0.67%,1387.57万,1418.82万,-31.25万,2814.19万
3462,3037,三和管桩,7.14,0.14%,0.19%,442.82万,359.12万,83.70万,830.07万
3463,301028,鼎熔岩,14.62,0.14%,0.32%,443.02万,704.76万,-261.74万,1155.53万
3464,688468,科美诊断,7.22,0.14%,0.31%,520.47万,372.92万,147.55万,893.54万
3465,3039,顺控发展,14.71,0.14%,0.17%,754.10万,727.06万,27.04万,1505.89万
3466,605123,派克新材,100.14,0.14%,1.33%,6809.67万,9287.56万,-2477.89万,1.62亿
3467,601116,三江购物,14.07,0.14%,0.66%,2795.36万,2174.88万,620.48万,5031.11万
3468,600866,星湖科技,6.93,0.14%,0.56%,2560.98万,2327.83万,233.15万,4907.94万
3469,300584,海辰药业,43.76,0.14%,3.11%,6181.24万,4814.74万,1366.50万,1.11亿
3470,2782,可立克,22.1,0.14%,0.90%,5255.32万,4327.53万,927.79万,9650.73万
3471,2753,永东股份,7.23,0.14%,1.02%,1034.97万,737.56万,297.41万,1782.66万
3472,2099,海翔药业,7.12,0.14%,0.60%,2949.60万,3723.56万,-773.96万,6879.95万
3473,2073,软控股份,7.24,0.14%,1.17%,4047.09万,4449.03万,-401.94万,8587.14万
3474,58,深赛格,7.99,0.13%,0.25%,958.38万,1000.09万,-41.70万,1965.26万
3475,300994,久祺股份,15.15,0.13%,0.89%,761.60万,800.39万,-38.79万,1574.26万
3476,688189,南新制药,7.75,0.13%,1.09%,1090.12万,1175.19万,-85.07万,2280.77万
3477,300899,*ST凯鑫,39.06,0.13%,0.81%,619.96万,628.62万,-8.66万,1294.67万
3478,300062,中能电气,7.7,0.13%,2.16%,3139.26万,4246.68万,-1107.42万,7564.69万
3479,603739,蔚蓝生物,15.27,0.13%,0.76%,1429.03万,1510.82万,-81.79万,2942.74万
3480,601888,中国中免,68.47,0.13%,0.48%,3.39亿,2.94亿,4438.65万,6.38亿
3481,601319,中国人保,7.49,0.13%,0.06%,8424.03万,7944.88万,479.15万,1.67亿
3482,600990,四创电子,23.78,0.13%,0.72%,2545.00万,2013.69万,531.32万,4608.61万
3483,600305,恒顺醋业,7.46,0.13%,0.21%,830.71万,871.47万,-40.76万,1713.80万
3484,600258,首旅酒店,15.39,0.13%,0.85%,6924.06万,7568.50万,-644.43万,1.47亿
3485,300030,阳普医疗,7.71,0.13%,1.07%,1005.94万,1189.64万,-183.70万,2231.36万
3486,2941,新疆交建,15.84,0.13%,0.56%,2683.98万,3618.98万,-935.00万,6491.16万
3487,2617,露笑科技,7.65,0.13%,1.09%,6637.67万,8731.46万,-2093.79万,1.56亿
3488,2584,西陇科学,7.58,0.13%,1.00%,1661.91万,1797.68万,-135.77万,3548.67万
3489,2537,海联金汇,7.81,0.13%,1.08%,4247.90万,5276.92万,-1029.03万,9803.82万
3490,921,海信家电,22.58,0.13%,0.37%,3597.29万,3897.00万,-299.71万,7647.34万
3491,777,中核科技,22.63,0.13%,0.83%,3026.46万,3670.70万,-644.24万,7212.49万
3492,66,中国长城,15.67,0.13%,1.32%,3.09亿,3.51亿,-4132.95万,6.66亿
3493,1328,登康口腔,32.53,0.12%,0.16%,420.29万,391.57万,28.72万,855.40万
3494,2289,*ST宇顺,26.04,0.12%,0.20%,732.93万,704.43万,28.50万,1448.82万
3495,2561,徐家汇,8.05,0.12%,0.42%,625.97万,755.33万,-129.35万,1388.94万
3496,301267,华厦眼科,17.2,0.12%,0.27%,1345.89万,1589.82万,-243.93万,2995.21万
3497,605277,新亚电子,24.16,0.12%,0.85%,3481.71万,3007.11万,474.60万,6520.00万
3498,688041,海光信息,252.29,0.12%,0.52%,15.26亿,14.95亿,3042.02万,30.44亿
3499,300810,中科海讯,32.48,0.12%,0.80%,1306.62万,1636.82万,-330.20万,2963.59万
3500,603389,*ST亚振,48.81,0.12%,0.31%,1439.12万,2506.17万,-1067.05万,3950.16万
3501,601200,上海环境,8.1,0.12%,0.29%,1334.69万,1693.11万,-358.42万,3149.01万
3502,601108,财通证券,8.37,0.12%,0.36%,6342.53万,7474.76万,-1132.23万,1.39亿
3503,600619,海立股份,17.22,0.12%,1.15%,7575.61万,7995.45万,-419.83万,1.57亿
3504,600373,中文传媒,8.48,0.12%,0.24%,1335.42万,1345.15万,-9.74万,2721.65万
3505,300460,ST惠伦,8.64,0.12%,0.64%,628.52万,879.51万,-250.99万,1551.31万
3506,300054,鼎龙股份,51.89,0.12%,1.63%,3.10亿,3.07亿,352.19万,6.24亿
3507,333,美的集团,77.58,0.12%,0.18%,4.92亿,4.82亿,1033.48万,9.82亿
3508,519,中兵红箭,17.68,0.11%,0.61%,7187.55万,7660.31万,-472.76万,1.50亿
3509,1216,华瓷股份,18.89,0.11%,0.59%,1425.16万,1277.69万,147.47万,2740.05万
3510,603273,天元智能,17.96,0.11%,1.05%,631.82万,418.31万,213.51万,1052.65万
3511,301310,鑫宏业,56.33,0.11%,7.44%,1.21亿,8218.97万,3880.49万,2.07亿
3512,301119,正强股份,45.15,0.11%,0.72%,1751.60万,975.48万,776.12万,2742.45万
3513,688670,金迪克,17.68,0.11%,0.43%,433.86万,496.97万,-63.11万,937.01万
3514,300965,恒宇信通,55.35,0.11%,0.52%,711.44万,831.56万,-120.12万,1563.44万
3515,603366,日出东方,8.88,0.11%,1.41%,4551.15万,5565.52万,-1014.37万,1.01亿
3516,688029,南微医学,75.28,0.11%,0.19%,1310.98万,1356.47万,-45.48万,2696.82万
3517,603665,康隆达,28.33,0.11%,0.59%,1448.42万,960.50万,487.92万,2652.61万
3518,600900,长江电力,26.58,0.11%,0.15%,4.17亿,5.32亿,-1.15亿,9.54亿
3519,600774,汉商集团,8.84,0.11%,0.53%,645.80万,692.57万,-46.77万,1374.97万
3520,600761,安徽合力,17.51,0.11%,0.56%,4252.87万,4389.11万,-136.24万,8769.95万
3521,600363,联创光电,52.51,0.11%,0.61%,6651.58万,7632.02万,-980.44万,1.44亿
3522,600138,中青旅,9.32,0.11%,0.49%,1569.70万,1686.21万,-116.50万,3295.20万
3523,600101,明星电力,9.25,0.11%,1.24%,2817.99万,3260.54万,-442.55万,6252.07万
3524,300641,正丹股份,18.7,0.11%,0.97%,4870.03万,4521.07万,348.96万,9414.67万
3525,300482,万孚生物,17.8,0.11%,0.45%,1496.94万,1894.67万,-397.73万,3427.55万
3526,2884,凌霄泵业,18.79,0.11%,1.32%,3309.81万,3355.52万,-45.70万,6803.71万
3527,2199,*ST东晶,9.34,0.11%,1.83%,2023.71万,2213.72万,-190.01万,4250.41万
3528,876,新希望,8.92,0.11%,0.68%,1.45亿,1.24亿,2095.88万,2.70亿
3529,603409,汇通控股,42.05,0.10%,3.83%,2954.93万,2763.41万,191.51万,5808.74万
3530,1386,马可波罗,19.62,0.10%,0.94%,828.54万,928.57万,-100.03万,1793.01万
3531,688489,三未信安,39.5,0.10%,0.24%,359.21万,673.51万,-314.30万,1088.73万
3532,301180,万祥科技,20.87,0.10%,2.16%,3089.78万,4153.15万,-1063.38万,7367.90万
3533,605006,山东玻纤,10.15,0.10%,4.07%,1.17亿,1.30亿,-1266.54万,2.49亿
3534,600629,华建集团,20.92,0.10%,1.24%,1.26亿,1.17亿,912.79万,2.45亿
3535,603816,顾家家居,30.67,0.10%,0.55%,9091.08万,4494.69万,4596.39万,1.38亿
3536,605499,东鹏饮料,193.7,0.10%,0.49%,2.37亿,2.59亿,-2219.57万,5.00亿
3537,603229,奥翔药业,10.26,0.10%,0.71%,3028.29万,3012.02万,16.26万,6049.55万
3538,603005,晶方科技,29.69,0.10%,2.10%,1.64亿,2.38亿,-7356.40万,4.06亿
3539,600036,招商银行,39.94,0.10%,0.15%,6.37亿,6.01亿,3606.79万,12.48亿
3540,300680,隆盛科技,40.43,0.10%,2.04%,5966.69万,8499.29万,-2532.60万,1.46亿
3541,300022,吉峰科技,9.72,0.10%,2.64%,5907.02万,6597.62万,-690.60万,1.27亿
3542,300001,特锐德,28.67,0.10%,0.92%,1.20亿,1.44亿,-2433.26万,2.72亿
3543,2883,中设股份,9.54,0.10%,0.99%,617.53万,790.60万,-173.07万,1437.42万
3544,2123,梦网科技,9.9,0.10%,1.84%,6989.03万,5950.43万,1038.61万,1.30亿
3545,828,东莞控股,10.08,0.10%,0.19%,991.92万,930.77万,61.15万,1961.26万
3546,603004,鼎龙科技,22.91,0.09%,1.69%,1092.05万,1160.18万,-68.14万,2276.75万
3547,2968,新大正,11.76,0.09%,0.43%,592.31万,483.13万,109.18万,1078.96万
3548,2818,富森美,10.75,0.09%,0.31%,524.93万,454.85万,70.08万,994.73万
3549,300978,东箭科技,11.16,0.09%,0.47%,489.81万,486.14万,3.67万,1012.14万
3550,600983,惠而浦,10.79,0.09%,0.53%,2120.57万,2206.34万,-85.77万,4377.23万
3551,2123,梦网科技,9.9,0.10%,1.84%,6989.03万,5950.43万,1038.61万,1.30亿
3552,828,东莞控股,10.08,0.10%,0.19%,991.92万,930.77万,61.15万,1961.26万
3553,561,烽火电子,9.82,0.10%,0.70%,2962.49万,2355.34万,607.14万,5352.20万
3554,333,美的集团,77.57,0.10%,0.19%,5.05亿,5.02亿,244.96万,10.15亿
3555,603004,鼎龙科技,22.91,0.09%,1.69%,1092.05万,1160.18万,-68.14万,2276.75万
3556,2968,新大正,11.76,0.09%,0.43%,592.31万,483.13万,109.18万,1078.96万
3557,2818,富森美,10.75,0.09%,0.31%,524.93万,454.85万,70.08万,994.73万
3558,300978,东箭科技,11.16,0.09%,0.47%,489.81万,486.14万,3.67万,1012.14万
3559,600983,惠而浦,10.79,0.09%,0.53%,2120.57万,2206.34万,-85.77万,4377.23万
3560,603733,仙鹤股份,21.68,0.09%,0.15%,1149.20万,1132.80万,16.40万,2314.09万
3561,603608,天创时尚,11.52,0.09%,2.12%,5524.41万,4729.45万,794.96万,1.03亿
3562,600501,航天晨光,23.36,0.09%,1.18%,5030.31万,6752.40万,-1722.09万,1.18亿
3563,600060,海信视像,23.09,0.09%,0.36%,5239.04万,5440.27万,-201.22万,1.08亿
3564,300765,新诺威,34.0,0.09%,0.55%,1.43亿,1.17亿,2636.20万,2.63亿
3565,300669,沪宁股份,31.98,0.09%,0.26%,861.55万,630.62万,230.93万,1493.45万
3566,2372,伟星新材,10.78,0.09%,0.21%,1942.07万,1361.49万,580.58万,3330.93万
3567,2032,苏泊尔,45.62,0.09%,0.12%,2394.46万,1814.78万,579.68万,4277.74万
3568,688498,源杰科技,1287.03,0.08%,1.60%,8.57亿,8.85亿,-2784.92万,17.52亿
3569,688175,高凌信息,35.43,0.08%,0.62%,1399.14万,1365.31万,33.83万,2819.24万
3570,300926,博俊科技,25.54,0.08%,0.66%,2467.14万,2508.51万,-41.36万,5034.92万
3571,300897,山科智能,24.71,0.08%,0.79%,1050.10万,644.67万,405.43万,1722.94万
3572,300885,海昌新材,24.28,0.08%,1.91%,3373.03万,4281.98万,-908.96万,7716.70万
3573,300958,建工修复,13.12,0.08%,1.68%,1120.31万,805.18万,315.12万,1988.68万
3574,603967,中创物流,12.89,0.08%,0.32%,685.76万,715.18万,-29.43万,1420.14万
3575,603587,地素时尚,12.34,0.08%,0.15%,369.77万,490.71万,-120.94万,864.56万
3576,600859,王府井,12.29,0.08%,0.44%,2939.36万,3074.15万,-134.79万,6053.47万
3577,600764,中国海防,24.22,0.08%,0.28%,1899.05万,2785.63万,-886.58万,4747.12万
3578,300780,德恩精工,24.24,0.08%,4.92%,5757.46万,6700.43万,-942.97万,1.27亿
3579,300600,国瑞科技,12.64,0.08%,0.56%,826.33万,1227.44万,-401.11万,2062.87万
3580,300533,冰川网络,25.4,0.08%,3.13%,5896.07万,7037.42万,-1141.35万,1.30亿
3581,300462,ST华铭,12.83,0.08%,0.71%,757.62万,486.95万,270.67万,1253.80万
3582,300274,阳光电源,134.0,0.08%,2.48%,23.95亿,29.03亿,-5.07亿,53.09亿
3583,2422,科伦药业,35.73,0.08%,0.87%,1.82亿,2.20亿,-3787.01万,4.04亿
3584,2140,东华科技,12.42,0.08%,0.44%,1835.16万,1984.41万,-149.25万,3837.08万
3585,2014,永新股份,11.96,0.08%,0.13%,517.72万,418.70万,99.03万,948.25万
3586,338,潍柴动力,26.62,0.08%,1.06%,6.49亿,7.47亿,-9823.87万,14.12亿
3587,301269,华大九天,85.31,0.07%,0.36%,8958.84万,7480.68万,1478.16万,1.66亿
3588,2533,金杯电工,13.67,0.07%,1.56%,6351.31万,7090.36万,-739.05万,1.35亿
3589,688333,铂力特,95.67,0.07%,1.38%,1.69亿,1.91亿,-2111.95万,3.63亿
3590,603187,海容冷链,14.93,0.07%,0.44%,1401.44万,1103.08万,298.36万,2508.26万
3591,600104,上汽集团,14.05,0.07%,0.18%,1.22亿,1.75亿,-5263.09万,2.99亿
3592,600053,九鼎投资,15.03,0.07%,0.34%,1276.23万,918.15万,358.08万,2222.51万
3593,300469,信息发展,54.15,0.07%,1.77%,1.17亿,1.24亿,-767.78万,2.41亿
3594,300341,麦克奥迪,14.94,0.07%,0.44%,1734.52万,1610.28万,124.24万,3358.99万
3595,2043,兔宝宝,14.49,0.07%,0.38%,2277.17万,2105.30万,171.87万,4496.94万
3596,603210,泰鸿万立,16.82,0.06%,0.50%,966.95万,993.63万,-26.69万,1963.44万
3597,301628,强达电路,108.32,0.06%,3.77%,5810.83万,5343.39万,467.44万,1.14亿
3598,688570,天玛智控,17.9,0.06%,0.15%,252.61万,237.60万,15.01万,494.94万
3599,688439,振华风光,51.18,0.06%,0.52%,3133.71万,2197.66万,936.05万,5347.11万
3600,1289,龙源电力,15.4,0.06%,0.05%,1580.04万,2550.42万,-970.38万,4178.49万
3601,2127,南极电商,2.79,0.00%,0.41%,1090.15万,1155.12万,-64.97万,2256.18万
3602,2069,獐子岛,3.7,0.00%,0.65%,855.39万,850.05万,5.35万,1708.18万
3603,301353,普莱得,27.83,0.00%,1.31%,566.66万,593.83万,-27.18万,1168.29万
3604,716,黑芝麻,5.13,0.00%,0.60%,1153.33万,1086.80万,66.52万,2249.57万
3605,688539,高华科技,37.89,0.00%,1.54%,2531.59万,3499.21万,-967.62万,6068.86万
3606,688512,慧智微,12.76,0.00%,1.43%,2660.49万,3180.56万,-520.07万,5920.01万
3607,301125,腾亚精工,22.63,0.00%,2.63%,3316.67万,4231.84万,-915.17万,7650.14万
3608,2285,世联行,3.07,0.00%,1.03%,3139.11万,2897.85万,241.26万,6188.38万
3609,603193,润本股份,24.51,0.00%,2.79%,2940.63万,3911.71万,-971.08万,7031.55万
3610,1318,阳光乳业,13.58,0.00%,0.39%,586.28万,862.75万,-276.47万,1473.23万
3611,1213,中铁特货,4.04,0.00%,0.10%,640.68万,1151.32万,-510.63万,1819.99万
3612,421,南京公用,6.05,0.00%,0.71%,933.35万,1541.73万,-608.38万,2482.04万
3613,2306,*ST云网,2.39,0.00%,1.01%,967.34万,961.42万,5.92万,1965.45万
3614,953,河化股份,6.63,0.00%,0.61%,754.37万,691.51万,62.86万,1462.76万
3615,2076,*ST星光,2.18,0.00%,1.43%,1664.46万,1572.59万,91.88万,3244.02万
3616,301220,亚香股份,41.17,0.00%,1.32%,2084.52万,2132.12万,-47.60万,4249.60万
3617,601921,浙版传媒,8.0,0.00%,0.15%,1367.13万,1230.29万,136.83万,2664.38万
3618,603237,五芳斋,17.2,0.00%,0.26%,373.24万,486.43万,-113.19万,884.61万
3619,601728,中国电信,5.83,0.00%,0.07%,1.45亿,1.81亿,-3574.58万,3.30亿
3620,688509,正元地信,4.52,0.00%,0.73%,636.11万,625.27万,10.83万,1262.52万
3621,301039,中集车辆,9.19,0.00%,0.28%,1757.11万,2010.97万,-253.86万,3784.81万
3622,2554,惠博普,3.58,0.00%,0.76%,1567.71万,2052.40万,-484.69万,3624.93万
3623,25,特力A,16.16,0.00%,0.39%,1306.57万,1147.97万,158.60万,2462.62万
3624,2650,ST加加,7.49,0.00%,0.43%,1795.28万,1795.52万,-2460.00,3603.56万
3625,600179,安通控股,4.44,0.00%,0.36%,3679.55万,2439.47万,1240.08万,6213.96万
3626,600979,广安爱众,4.4,0.00%,1.12%,2748.22万,3276.81万,-528.58万,6045.43万
3627,3012,东鹏控股,6.24,0.00%,0.28%,936.70万,1019.16万,-82.46万,1973.29万
3628,927,中国铁物,2.97,0.00%,0.82%,6026.02万,8258.23万,-2232.21万,1.47亿
3629,300826,测绘股份,16.58,0.00%,0.53%,814.96万,682.86万,132.11万,1500.31万
3630,603928,兴业股份,14.71,0.00%,0.42%,777.35万,830.21万,-52.87万,1617.56万
3631,688313,仕佳光子,114.59,0.00%,3.73%,9.60亿,9.36亿,2470.40万,19.08亿
3632,688443,智翔金泰,32.0,0.00%,2.20%,4558.59万,3574.74万,983.85万,8216.65万
3633,605086,龙高股份,33.63,0.00%,0.30%,985.03万,850.35万,134.69万,1837.40万
3634,603725,天安新材,8.92,0.00%,1.22%,1442.97万,1668.75万,-225.77万,3122.70万
3635,688526,科前生物,15.17,0.00%,0.25%,799.99万,972.87万,-172.88万,1784.06万
3636,688065,凯赛生物,48.51,0.00%,0.26%,3361.68万,3848.15万,-486.47万,7251.67万
3637,2548,金新农,5.07,0.00%,1.09%,2464.84万,1940.04万,524.80万,4425.21万
3638,300582,英飞特,12.87,0.00%,1.46%,2190.61万,1931.50万,259.11万,4158.54万
3639,601616,广电电气,4.82,0.00%,1.99%,3442.69万,4391.30万,-948.60万,8076.48万
3640,601801,皖新传媒,6.11,0.00%,0.20%,1153.28万,1297.54万,-144.25万,2455.10万
3641,603733,仙鹤股份,21.66,0.00%,0.14%,1029.06万,1061.92万,-32.86万,2101.81万
3642,601880,辽港股份,1.64,0.00%,0.19%,3290.00万,2468.08万,821.92万,5846.66万
3643,603798,康普顿,16.69,0.00%,0.99%,1809.63万,2396.49万,-586.86万,4232.66万
3644,600622,光大嘉宝,2.61,0.00%,0.50%,629.25万,1327.08万,-697.83万,1964.31万
3645,600794,保税科技,3.63,0.00%,0.34%,520.62万,943.55万,-422.93万,1466.81万
3646,603869,ST智知,10.47,0.00%,0.09%,239.06万,197.47万,41.59万,440.93万
3647,603789,*ST星农,5.33,0.00%,0.29%,157.04万,239.00万,-81.96万,396.36万
3648,603588,高能环境,15.2,0.00%,2.46%,2.65亿,3.03亿,-3810.29万,5.73亿
3649,603587,地素时尚,12.33,0.00%,0.14%,350.90万,485.78万,-134.88万,846.05万
3650,601886,江河集团,9.51,0.00%,0.19%,1097.24万,960.85万,136.38万,2063.42万
3651,953,河化股份,6.63,0.00%,0.61%,754.37万,691.51万,62.86万,1462.76万
3652,2076,*ST星光,2.18,0.00%,1.43%,1664.46万,1572.59万,91.88万,3244.02万
3653,301220,亚香股份,41.17,0.00%,1.32%,2084.52万,2132.12万,-47.60万,4249.60万
3654,601728,中国电信,5.83,0.00%,0.07%,1.45亿,1.81亿,-3574.58万,3.30亿
3655,605069,正和生态,12.42,0.00%,1.05%,1275.81万,1459.89万,-184.09万,2768.60万
3656,688509,正元地信,4.52,0.00%,0.73%,636.11万,625.27万,10.83万,1262.52万
3657,301039,中集车辆,9.19,0.00%,0.28%,1757.11万,2010.97万,-253.86万,3784.81万
3658,2554,惠博普,3.58,0.00%,0.76%,1567.71万,2052.40万,-484.69万,3624.93万
3659,25,特力A,16.16,0.00%,0.39%,1306.57万,1147.97万,158.60万,2462.62万
3660,2650,ST加加,7.49,0.00%,0.43%,1795.28万,1795.52万,-2460.00,3603.56万
3661,600179,安通控股,4.44,0.00%,0.36%,3679.55万,2439.47万,1240.08万,6213.96万
3662,600979,广安爱众,4.4,0.00%,1.12%,2748.22万,3276.81万,-528.58万,6045.43万
3663,3012,东鹏控股,6.24,0.00%,0.28%,936.70万,1019.16万,-82.46万,1973.29万
3664,927,中国铁物,2.97,0.00%,0.82%,6026.02万,8258.23万,-2232.21万,1.47亿
3665,300826,测绘股份,16.58,0.00%,0.53%,814.96万,682.86万,132.11万,1500.31万
3666,688313,仕佳光子,114.59,0.00%,3.73%,9.60亿,9.36亿,2470.40万,19.08亿
3667,688443,智翔金泰,32.0,0.00%,2.20%,4558.59万,3574.74万,983.85万,8216.65万
3668,688526,科前生物,15.17,0.00%,0.25%,799.99万,972.87万,-172.88万,1784.06万
3669,605369,拱东医疗,17.82,0.00%,0.19%,387.69万,356.25万,31.44万,748.39万
3670,605333,沪光股份,26.21,0.00%,0.17%,928.69万,1103.19万,-174.50万,2044.47万
3671,601827,三峰环境,7.96,0.00%,0.14%,750.93万,1113.66万,-362.74万,1873.74万
3672,2548,金新农,5.07,0.00%,1.09%,2464.84万,1940.04万,524.80万,4425.21万
3673,300582,英飞特,12.87,0.00%,1.46%,2190.61万,1931.50万,259.11万,4158.54万
3674,601616,广电电气,4.82,0.00%,1.99%,3442.69万,4391.30万,-948.60万,8076.48万
3675,601801,皖新传媒,6.11,0.00%,0.22%,1228.58万,1336.37万,-107.80万,2585.61万
3676,600622,光大嘉宝,2.61,0.00%,0.50%,629.25万,1327.08万,-697.83万,1964.31万
3677,600794,保税科技,3.63,0.00%,0.34%,520.62万,943.55万,-422.93万,1466.81万
3678,603819,神力股份,13.88,0.00%,1.69%,3027.14万,2024.57万,1002.57万,5077.11万
3679,603801,志邦家居,9.03,0.00%,0.25%,533.18万,432.38万,100.80万,968.09万
3680,603599,广信股份,14.2,0.00%,0.33%,1999.64万,2299.53万,-299.89万,4323.60万
3681,603569,长久物流,6.84,0.00%,0.22%,452.20万,434.24万,17.96万,887.89万
3682,603218,日月股份,14.1,0.00%,0.37%,2083.68万,3287.85万,-1204.17万,5395.92万
3683,603169,兰石重装,9.96,0.00%,0.66%,3814.93万,4757.48万,-942.55万,8631.18万
3684,601997,贵阳银行,5.8,0.00%,0.30%,2971.88万,3373.04万,-401.17万,6379.00万
3685,601777,千里科技,10.04,0.00%,0.21%,4159.16万,4921.86万,-762.70万,9335.78万
3686,601700,风范股份,5.24,0.00%,0.73%,1995.24万,2227.85万,-232.61万,4340.83万
3687,601618,中国中冶,2.99,0.00%,0.23%,4115.71万,8146.95万,-4031.24万,1.23亿
3688,601611,中国核建,14.37,0.00%,0.65%,1.20亿,1.56亿,-3546.30万,2.80亿
3689,601333,广深铁路,3.05,0.00%,0.35%,2729.01万,3217.18万,-488.17万,5982.33万
3690,601298,青岛港,8.79,0.00%,0.07%,1783.79万,1452.97万,330.82万,3248.54万
3691,601188,龙江交通,3.27,0.00%,0.47%,897.59万,1089.89万,-192.30万,2012.19万
3692,601002,晋亿实业,5.99,0.00%,2.07%,5767.90万,5837.97万,-70.08万,1.18亿
3693,601000,唐山港,4.8,0.00%,0.32%,4750.48万,4047.22万,703.25万,9100.45万
3694,600995,南网储能,14.15,0.00%,0.46%,1.07亿,1.00亿,701.06万,2.08亿
3695,600965,福成股份,5.56,0.00%,0.36%,690.75万,939.38万,-248.63万,1631.52万
3696,600903,贵州燃气,6.25,0.00%,0.20%,536.51万,907.99万,-371.48万,1454.38万
3697,600894,广日股份,9.87,0.00%,0.59%,2585.61万,2292.56万,293.06万,4892.29万
3698,600881,亚泰集团,1.59,0.00%,0.32%,488.39万,1115.55万,-627.16万,1613.20万
3699,600864,哈投股份,7.21,0.00%,3.35%,2.54亿,2.48亿,661.64万,5.05亿
3700,600825,新华传媒,5.93,0.00%,0.36%,922.83万,1276.30万,-353.48万,2205.18万
3701,601298,青岛港,8.79,0.00%,0.07%,1783.79万,1452.97万,330.82万,3248.54万
3702,601188,龙江交通,3.27,0.00%,0.47%,897.59万,1089.89万,-192.30万,2012.19万
3703,601002,晋亿实业,5.99,0.00%,2.07%,5767.90万,5837.97万,-70.08万,1.18亿
3704,601000,唐山港,4.8,0.00%,0.32%,4750.48万,4047.22万,703.25万,9100.45万
3705,600995,南网储能,14.15,0.00%,0.46%,1.07亿,1.00亿,701.06万,2.08亿
3706,600965,福成股份,5.56,0.00%,0.36%,690.75万,939.38万,-248.63万,1631.52万
3707,600903,贵州燃气,6.25,0.00%,0.20%,536.51万,907.99万,-371.48万,1454.38万
3708,600894,广日股份,9.87,0.00%,0.59%,2585.61万,2292.56万,293.06万,4892.29万
3709,600881,亚泰集团,1.59,0.00%,0.32%,488.39万,1115.55万,-627.16万,1613.20万
3710,600864,哈投股份,7.21,0.00%,3.35%,2.54亿,2.48亿,661.64万,5.05亿
3711,600825,新华传媒,5.93,0.00%,0.36%,922.83万,1276.30万,-353.48万,2205.18万
3712,600810,神马股份,8.64,0.00%,0.72%,3275.18万,3346.02万,-70.84万,6665.55万
3713,600802,福建水泥,5.62,0.00%,0.87%,1308.67万,899.00万,409.66万,2224.64万
3714,600755,厦门国贸,6.35,0.00%,0.23%,1509.96万,1597.24万,-87.28万,3139.44万
3715,600751,海航科技,3.76,0.00%,0.57%,2614.08万,2801.05万,-186.97万,5444.41万
3716,600745,闻泰科技,31.12,0.00%,0.76%,1.42亿,1.50亿,-801.06万,2.94亿
3717,600733,北汽蓝谷,7.19,0.00%,0.43%,7671.62万,7413.01万,258.61万,1.51亿
3718,600718,东软集团,9.08,0.00%,0.71%,3602.99万,4054.91万,-451.92万,7699.38万
3719,600691,潞化科技,3.13,0.00%,0.79%,2868.44万,2948.03万,-79.58万,5859.04万
3720,600675,中华企业,2.66,0.00%,0.21%,1384.96万,2014.60万,-629.64万,3433.46万
3721,600663,陆家嘴,7.84,0.00%,0.09%,1226.33万,875.21万,351.13万,2106.87万
3722,600658,电子城,5.08,0.00%,2.32%,6423.17万,6689.24万,-266.07万,1.31亿
3723,600657,信达地产,3.1,0.00%,0.27%,1154.80万,1252.88万,-98.08万,2413.64万
3724,600645,中源协和,28.65,0.00%,1.16%,7593.83万,7704.26万,-110.43万,1.55亿
3725,600628,新世界,7.17,0.00%,0.45%,1054.20万,1000.22万,53.98万,2083.61万
3726,600624,ST复华,4.61,0.00%,0.28%,343.63万,516.00万,-172.37万,867.28万
3727,600604,市北高新,4.84,0.00%,0.33%,862.47万,1375.38万,-512.90万,2244.03万
3728,600545,卓郎智能,4.17,0.00%,3.77%,1.21亿,1.60亿,-3831.33万,2.82亿
3729,600515,海南机场,3.62,0.00%,0.27%,3630.01万,5160.07万,-1530.06万,8857.10万
3730,600491,龙元建设,2.42,0.00%,2.27%,4546.24万,3704.82万,841.42万,8377.41万
3731,600400,红豆股份,2.02,0.00%,0.55%,827.90万,1725.58万,-897.68万,2571.66万
3732,600398,海澜之家,6.78,0.00%,0.27%,4536.10万,3962.76万,573.34万,8618.76万
3733,600395,盘江股份,5.66,0.00%,0.55%,3071.14万,3439.64万,-368.51万,6684.64万
3734,600365,ST通葡,3.1,0.00%,0.58%,280.13万,475.43万,-195.30万,761.25万
3735,600303,曙光股份,3.02,0.00%,1.31%,1130.72万,1534.91万,-404.19万,2677.11万
3736,600279,重庆港,4.91,0.00%,0.21%,521.28万,703.28万,-182.00万,1234.55万
3737,600257,大湖股份,6.33,0.00%,2.64%,3982.53万,3904.79万,77.75万,7981.18万
3738,600248,陕建股份,3.43,0.00%,0.12%,587.28万,831.51万,-244.23万,1469.39万
3739,600236,桂冠电力,9.68,0.00%,0.09%,3299.56万,3250.63万,48.94万,6622.31万
3740,600221,海航控股,1.46,0.00%,0.17%,3743.17万,6431.91万,-2688.74万,1.04亿
3741,600217,中再资环,3.81,0.00%,0.18%,444.48万,695.87万,-251.40万,1147.37万
3742,600203,福日电子,11.45,0.00%,1.19%,3914.56万,4053.76万,-139.20万,8014.27万
3743,600170,上海建工,2.75,0.00%,0.70%,6496.69万,1.04亿,-3926.92万,1.71亿
3744,600167,联美控股,6.53,0.00%,0.17%,1173.37万,1331.93万,-158.56万,2510.07万
3745,600166,福田汽车,3.39,0.00%,2.24%,3.05亿,2.90亿,1494.91万,6.05亿
3746,600163,中闽能源,6.08,0.00%,0.81%,4198.37万,4974.90万,-776.53万,9318.06万
3747,600162,香江控股,1.81,0.00%,0.69%,1713.12万,2318.75万,-605.63万,4067.85万
3748,600158,中体产业,11.26,0.00%,3.48%,2.04亿,1.67亿,3645.28万,3.77亿
3749,600157,永泰能源,1.7,0.00%,1.57%,2.54亿,3.10亿,-5673.49万,5.81亿
3750,600136,ST明诚,1.83,0.00%,0.48%,575.50万,1117.83万,-542.33万,1697.35万
3751,2004,华邦健康,5.23,0.00%,0.57%,2460.00万,3019.18万,-559.18万,5618.24万
3752,1979,招商蛇口,8.54,0.00%,0.26%,8721.23万,9909.36万,-1188.13万,1.89亿
3753,980,众泰汽车,2.08,0.00%,1.04%,5227.60万,5641.77万,-414.17万,1.09亿
3754,926,福星股份,2.04,0.00%,0.89%,1402.66万,1425.38万,-22.71万,2833.81万
3755,903,ST云动,2.52,0.00%,0.43%,766.16万,1290.36万,-524.19万,2077.92万
3756,755,山西高速,5.11,0.00%,0.13%,447.91万,530.40万,-82.49万,979.43万
3757,722,湖南发展,13.16,0.00%,1.88%,5243.47万,6128.38万,-884.91万,1.15亿
3758,701,厦门信达,5.83,0.00%,0.71%,1290.28万,1439.21万,-148.93万,2771.29万
3759,698,ST沈化,3.87,0.00%,0.38%,659.72万,411.13万,248.59万,1161.89万
3760,690,宝新能源,4.69,0.00%,1.13%,4841.00万,6612.59万,-1771.59万,1.15亿
3761,677,恒天海龙,4.37,0.00%,2.75%,4822.17万,5275.29万,-453.12万,1.02亿
3762,603418,友升股份,51.28,0.00%,0.61%,527.32万,739.42万,-212.11万,1304.18万
3763,567,海德股份,5.32,0.00%,0.23%,950.22万,1361.94万,-411.72万,2366.67万
3764,563,陕国投A,3.39,0.00%,0.35%,2053.38万,3908.73万,-1855.35万,6014.22万
3765,520,凤凰航运,4.01,0.00%,0.55%,1126.39万,1079.73万,46.67万,2216.10万
3766,498,山东路桥,5.92,0.00%,0.45%,1655.96万,2170.82万,-514.86万,3854.02万
3767,401,金隅冀东,4.73,0.00%,0.21%,1275.87万,1360.53万,-84.66万,2641.18万
3768,90,天健集团,3.64,0.00%,0.32%,959.52万,1205.71万,-246.18万,2166.00万
3769,301557,常友科技,114.09,-0.02%,7.21%,7502.60万,7212.06万,290.54万,1.48亿
3770,300834,星辉环材,41.43,-0.02%,3.01%,1.15亿,1.24亿,-983.88万,2.41亿
3771,688205,德科立,241.98,-0.02%,2.81%,5.16亿,5.48亿,-3231.58万,10.75亿
3772,2992,宝明科技,50.47,-0.02%,0.44%,1676.52万,1740.06万,-63.54万,3457.47万
3773,688582,芯动联科,61.26,-0.02%,0.71%,6489.94万,4276.61万,2213.33万,1.08亿
3774,3043,华亚智能,54.52,-0.02%,2.18%,4861.11万,5053.90万,-192.79万,1.00亿
3775,601318,中国平安,58.69,-0.02%,0.24%,6.15亿,8.48亿,-2.33亿,14.78亿
3776,603087,甘李药业,65.95,-0.02%,0.68%,1.20亿,1.27亿,-633.52万,2.50亿
3777,301668,昊创瑞通,51.22,-0.02%,3.98%,2135.26万,2732.32万,-597.06万,4959.30万
3778,300957,贝泰妮,36.78,-0.03%,0.63%,4343.91万,5307.56万,-963.65万,9744.93万
3779,300904,威力传动,58.99,-0.03%,1.54%,835.62万,1135.24万,-299.62万,1989.74万
3780,3018,金富科技,35.58,-0.03%,2.75%,1.03亿,1.28亿,-2459.15万,2.33亿
3781,300896,爱美客,115.7,-0.03%,0.48%,4822.00万,6491.09万,-1669.09万,1.14亿
3782,605133,嵘泰股份,29.39,-0.03%,1.79%,6089.78万,8773.04万,-2683.26万,1.49亿
3783,603345,安井食品,94.77,-0.03%,0.58%,7714.19万,8420.42万,-706.23万,1.63亿
3784,300443,金雷股份,29.84,-0.03%,1.80%,6888.08万,6091.61万,796.47万,1.31亿
3785,2837,英维克,105.28,-0.03%,2.44%,11.06亿,10.48亿,5823.10万,21.87亿
3786,301550,斯菱智驱,158.66,-0.03%,4.17%,4.48亿,5.05亿,-5704.02万,9.67亿
3787,2190,成飞集成,31.62,-0.03%,0.50%,2455.39万,3135.79万,-680.40万,5652.18万
3788,661,长春高新,86.74,-0.03%,0.44%,7059.88万,7972.37万,-912.49万,1.51亿
3789,605033,美邦股份,22.57,-0.04%,0.58%,899.61万,856.00万,43.61万,1759.21万
3790,2913,奥士康,50.9,-0.04%,1.60%,1.50亿,9188.51万,5851.83万,2.44亿
3791,688739,成大生物,24.81,-0.04%,0.14%,603.81万,809.34万,-205.53万,1457.52万
3792,605089,味知香,24.93,-0.04%,0.42%,823.09万,608.00万,215.09万,1442.30万
3793,688011,新光光电,67.5,-0.04%,0.87%,3437.10万,2386.24万,1050.86万,5870.70万
3794,603369,今世缘,26.45,-0.04%,0.29%,4851.11万,4754.52万,96.59万,9654.83万
3795,2270,华明装备,27.71,-0.04%,0.70%,7961.00万,9196.93万,-1235.93万,1.74亿
3796,301191,菲菱科思,150.94,-0.05%,6.54%,2.57亿,2.61亿,-442.07万,5.21亿
3797,300053,航宇微,18.18,-0.05%,2.73%,1.59亿,1.60亿,-173.94万,3.21亿
3798,300979,华利集团,42.98,-0.05%,0.07%,1630.46万,1818.50万,-188.04万,3563.70万
3799,688687,凯因科技,21.48,-0.05%,1.13%,2066.39万,2041.67万,24.72万,4117.38万
3800,605005,合兴股份,20.82,-0.05%,0.56%,1767.51万,2930.50万,-1162.99万,4710.29万
3801,401,金隅冀东,4.73,0.00%,0.21%,1275.87万,1360.53万,-84.66万,2641.18万
3802,90,天健集团,3.64,0.00%,0.32%,959.52万,1205.71万,-246.18万,2166.00万
3803,603991,至正股份,109.93,-0.01%,1.36%,4965.62万,5965.93万,-1000.30万,1.11亿
3804,301557,常友科技,114.09,-0.02%,7.21%,7502.60万,7212.06万,290.54万,1.48亿
3805,300834,星辉环材,41.43,-0.02%,3.01%,1.15亿,1.24亿,-983.88万,2.41亿
3806,688297,中无人机,49.28,-0.02%,0.52%,8096.22万,8921.08万,-824.86万,1.73亿
3807,2992,宝明科技,50.47,-0.02%,0.44%,1676.52万,1740.06万,-63.54万,3457.47万
3808,688582,芯动联科,61.26,-0.02%,0.71%,6489.94万,4276.61万,2213.33万,1.08亿
3809,3043,华亚智能,54.52,-0.02%,2.18%,4861.11万,5053.90万,-192.79万,1.00亿
3810,601318,中国平安,58.69,-0.02%,0.24%,6.15亿,8.48亿,-2.33亿,14.78亿
3811,301668,昊创瑞通,51.22,-0.02%,3.98%,2135.26万,2732.32万,-597.06万,4959.30万
3812,300957,贝泰妮,36.78,-0.03%,0.63%,4343.91万,5307.56万,-963.65万,9744.93万
3813,300904,威力传动,58.99,-0.03%,1.54%,835.62万,1135.24万,-299.62万,1989.74万
3814,3018,金富科技,35.58,-0.03%,2.75%,1.03亿,1.28亿,-2459.15万,2.33亿
3815,688013,天臣医疗,38.07,-0.03%,0.63%,1020.75万,920.47万,100.28万,1945.65万
3816,300896,爱美客,115.7,-0.03%,0.48%,4822.00万,6491.09万,-1669.09万,1.14亿
3817,300443,金雷股份,29.84,-0.03%,1.80%,6888.08万,6091.61万,796.47万,1.31亿
3818,2837,英维克,105.28,-0.03%,2.44%,11.06亿,10.48亿,5823.10万,21.87亿
3819,301550,斯菱智驱,158.66,-0.03%,4.17%,4.48亿,5.05亿,-5704.02万,9.67亿
3820,2190,成飞集成,31.62,-0.03%,0.50%,2455.39万,3135.79万,-680.40万,5652.18万
3821,661,长春高新,86.74,-0.03%,0.44%,7059.88万,7972.37万,-912.49万,1.51亿
3822,2913,奥士康,50.9,-0.04%,1.60%,1.50亿,9188.51万,5851.83万,2.44亿
3823,688739,成大生物,24.81,-0.04%,0.14%,603.81万,809.34万,-205.53万,1457.52万
3824,603369,今世缘,26.45,-0.04%,0.30%,5112.97万,4913.45万,199.52万,1.00亿
3825,2270,华明装备,27.71,-0.04%,0.70%,7961.00万,9196.93万,-1235.93万,1.74亿
3826,603075,热威股份,22.75,-0.04%,1.88%,897.64万,855.08万,42.56万,1756.58万
3827,301191,菲菱科思,150.94,-0.05%,6.54%,2.57亿,2.61亿,-442.07万,5.21亿
3828,300053,航宇微,18.18,-0.05%,2.73%,1.59亿,1.60亿,-173.94万,3.21亿
3829,300979,华利集团,42.98,-0.05%,0.07%,1630.46万,1818.50万,-188.04万,3563.70万
3830,688687,凯因科技,21.48,-0.05%,1.13%,2066.39万,2041.67万,24.72万,4117.38万
3831,603655,朗博科技,39.42,-0.05%,0.60%,1257.04万,1226.72万,30.32万,2495.60万
3832,300447,全信股份,19.95,-0.05%,2.25%,4541.48万,4467.38万,74.10万,9025.43万
3833,2549,凯美特气,18.99,-0.05%,1.65%,9903.08万,1.15亿,-1577.20万,2.16亿
3834,688570,天玛智控,17.88,-0.06%,0.14%,235.33万,227.04万,8.29万,465.22万
3835,300836,佰奥智能,62.07,-0.06%,1.59%,3273.27万,2966.28万,307.00万,6268.76万
3836,605339,南侨食品,16.24,-0.06%,0.09%,285.23万,295.83万,-10.60万,581.22万
3837,688722,同益中,17.18,-0.06%,0.41%,654.98万,928.03万,-273.05万,1596.77万
3838,300962,中金辐照,16.26,-0.06%,0.37%,728.63万,841.41万,-112.78万,1580.13万
3839,688419,耐科装备,48.47,-0.06%,1.99%,3076.49万,2533.84万,542.65万,5691.62万
3840,603196,璞源材料,31.16,-0.06%,0.86%,3480.13万,2846.78万,633.36万,6349.98万
3841,600694,大商股份,17.03,-0.06%,0.20%,519.11万,611.29万,-92.18万,1144.70万
3842,300498,温氏股份,17.18,-0.06%,0.45%,2.43亿,2.08亿,3489.81万,4.54亿
3843,300473,德尔股份,32.18,-0.06%,0.94%,2191.19万,2330.57万,-139.39万,4558.78万
3844,708,中信特钢,16.58,-0.06%,0.07%,2972.06万,2829.93万,142.13万,5898.28万
3845,719,中原传媒,13.71,-0.07%,0.46%,2049.14万,2182.32万,-133.18万,4262.15万
3846,1219,青岛食品,14.66,-0.07%,0.74%,982.98万,1070.36万,-87.38万,2090.29万
3847,688581,安杰思,55.92,-0.07%,0.20%,197.50万,258.34万,-60.84万,459.51万
3848,688099,晶晨股份,81.11,-0.07%,1.10%,1.72亿,2.02亿,-2920.02万,3.79亿
3849,603309,维力医疗,14.02,-0.07%,0.63%,1257.85万,1291.31万,-33.45万,2559.68万
3850,603161,科华控股,14.46,-0.07%,0.42%,633.46万,515.47万,117.98万,1151.09万
3851,600674,川投能源,14.63,-0.07%,0.20%,7106.91万,7275.37万,-168.45万,1.44亿
3852,600435,北方导航,14.89,-0.07%,0.63%,6488.40万,7174.00万,-685.60万,1.42亿
3853,300595,欧普康视,14.19,-0.07%,0.46%,1754.45万,2576.74万,-822.29万,4366.55万
3854,2407,多氟多,30.02,-0.07%,5.91%,9.40亿,9.66亿,-2641.00万,19.23亿
3855,2078,太阳纸业,14.55,-0.07%,0.40%,6933.28万,8959.01万,-2025.73万,1.61亿
3856,920,沃顿科技,11.76,-0.08%,0.31%,751.69万,952.86万,-201.17万,1732.54万
3857,605089,味知香,24.92,-0.08%,0.45%,867.74万,661.36万,206.38万,1545.05万
3858,300845,捷安高科,12.91,-0.08%,2.29%,2169.91万,2066.34万,103.57万,4249.82万
3859,600753,*ST海钦,12.05,-0.08%,0.45%,477.86万,762.89万,-285.02万,1246.53万
3860,603903,中持股份,11.85,-0.08%,0.58%,895.25万,852.43万,42.83万,1750.17万
3861,603690,至纯科技,25.39,-0.08%,1.04%,4903.84万,5122.28万,-218.45万,1.01亿
3862,603317,天味食品,13.14,-0.08%,0.29%,2094.28万,1923.51万,170.77万,4029.09万
3863,603081,大丰实业,12.09,-0.08%,0.62%,1609.20万,1539.53万,69.66万,3148.85万
3864,300787,海能实业,12.19,-0.08%,0.70%,777.75万,891.75万,-114.00万,1673.65万
3865,300407,凯发电气,13.1,-0.08%,1.18%,1776.89万,2187.16万,-410.27万,3976.37万
3866,1325,元创股份,63.18,-0.09%,6.73%,4953.98万,3359.32万,1594.66万,8351.84万
3867,301586,佳力奇,43.91,-0.09%,0.98%,891.72万,1286.66万,-394.94万,2264.32万
3868,603489,八方股份,33.97,-0.09%,0.62%,2718.39万,2218.00万,500.39万,4957.79万
3869,603968,醋化股份,11.73,-0.09%,1.38%,1723.11万,1567.72万,155.39万,3292.12万
3870,600693,东百集团,11.46,-0.09%,3.14%,1.57亿,1.52亿,556.37万,3.11亿
3871,2825,纳尔股份,11.22,-0.09%,1.08%,1723.08万,1308.13万,414.95万,3099.48万
3872,301,东方盛虹,11.45,-0.09%,0.11%,4200.33万,3894.88万,305.45万,8186.87万
3873,752,ST西发,9.69,-0.10%,1.16%,1231.62万,1749.99万,-518.37万,2985.97万
3874,301307,美利信,41.49,-0.10%,4.06%,9187.09万,9223.22万,-36.13万,1.86亿
3875,3030,祖名股份,20.15,-0.10%,0.80%,660.00万,606.16万,53.84万,1274.43万
3876,688426,康为世纪,20.35,-0.10%,1.08%,435.38万,396.31万,39.07万,838.84万
3877,301058,中粮科工,9.9,-0.10%,0.45%,1108.90万,1139.76万,-30.86万,2258.47万
3878,688019,安集科技,251.59,-0.10%,1.22%,2.23亿,3.02亿,-7913.02万,5.34亿
3879,605005,合兴股份,20.81,-0.10%,0.58%,1822.19万,2999.52万,-1177.33万,4840.22万
3880,603348,文灿股份,20.24,-0.10%,0.46%,1079.26万,1819.80万,-740.54万,2909.07万
3881,600685,中船防务,29.21,-0.10%,1.09%,1.11亿,1.50亿,-3877.97万,2.62亿
3882,600601,方正科技,10.35,-0.10%,1.12%,2.04亿,2.76亿,-7125.74万,4.82亿
3883,600350,山东高速,10.09,-0.10%,0.06%,1600.98万,1215.99万,384.99万,2863.54万
3884,600330,天通股份,19.78,-0.10%,5.49%,6.71亿,6.18亿,5270.74万,13.44亿
3885,600230,沧州大化,19.63,-0.10%,1.36%,5287.01万,5646.62万,-359.62万,1.11亿
3886,600128,苏豪弘业,10.49,-0.10%,0.72%,994.25万,854.50万,139.75万,1867.43万
3887,2809,红墙股份,10.51,-0.10%,1.93%,1526.79万,1841.19万,-314.40万,3417.63万
3888,710,贝瑞基因,10.26,-0.10%,0.76%,1221.87万,1306.47万,-84.60万,2554.67万
3889,576,甘化科工,9.68,-0.10%,0.84%,1762.98万,1735.44万,27.54万,3516.42万
3890,528,柳工,9.66,-0.10%,0.63%,4977.91万,7320.10万,-2342.19万,1.24亿
3891,1220,世盟股份,43.72,-0.11%,7.16%,3239.26万,3782.91万,-543.65万,7085.10万
3892,301078,孩子王,8.84,-0.11%,1.30%,6941.37万,7399.44万,-458.07万,1.44亿
3893,688662,富信科技,65.21,-0.11%,2.62%,7564.01万,7260.10万,303.91万,1.50亿
3894,301687,新广益,56.56,-0.11%,5.01%,3472.13万,4834.71万,-1362.58万,8444.40万
3895,605009,豪悦护理,28.29,-0.11%,0.19%,505.21万,622.13万,-116.92万,1137.52万
3896,603995,甬金股份,18.11,-0.11%,0.61%,1452.44万,2555.30万,-1102.86万,4040.16万
3897,603233,大参林,17.43,-0.11%,0.22%,2287.31万,2004.13万,283.18万,4320.20万
3898,601886,江河集团,9.5,-0.11%,0.20%,1137.34万,1003.70万,133.64万,2150.83万
3899,601601,中国太保,37.95,-0.11%,0.22%,2.21亿,3.31亿,-1.10亿,5.62亿
3900,600938,中国海油,36.85,-0.11%,0.89%,4.17亿,5.37亿,-1.20亿,9.74亿
3901,601886,江河集团,9.5,-0.11%,0.20%,1137.34万,1003.70万,133.64万,2150.83万
3902,601601,中国太保,37.95,-0.11%,0.22%,2.21亿,3.31亿,-1.10亿,5.62亿
3903,600938,中国海油,36.85,-0.11%,0.89%,4.17亿,5.37亿,-1.20亿,9.74亿
3904,600132,重庆啤酒,54.04,-0.11%,0.33%,4181.58万,4490.80万,-309.23万,8745.89万
3905,600113,浙江东日,45.53,-0.11%,0.42%,4988.44万,2822.30万,2166.14万,7961.99万
3906,300096,ST易联众,9.19,-0.11%,0.74%,1165.41万,1728.95万,-563.54万,2898.77万
3907,2831,裕同科技,36.3,-0.11%,1.05%,7921.59万,1.13亿,-3337.09万,1.96亿
3908,688602,康鹏科技,8.25,-0.12%,3.18%,3639.71万,3128.31万,511.40万,6772.28万
3909,430,ST张家界,8.07,-0.12%,2.46%,3435.44万,3848.95万,-413.51万,7345.72万
3910,2615,哈尔斯,8.36,-0.12%,2.65%,3175.42万,3523.60万,-348.18万,6842.91万
3911,603153,上海建科,16.51,-0.12%,0.18%,659.10万,550.25万,108.85万,1209.51万
3912,601921,浙版传媒,7.99,-0.12%,0.16%,1498.46万,1280.61万,217.85万,2792.34万
3913,688550,瑞联新材,41.64,-0.12%,0.54%,1715.72万,2158.09万,-442.37万,3934.01万
3914,603087,甘李药业,65.88,-0.12%,0.70%,1.25亿,1.33亿,-820.16万,2.58亿
3915,603798,康普顿,16.67,-0.12%,1.02%,1858.53万,2512.52万,-653.99万,4383.72万
3916,603689,皖天然气,8.11,-0.12%,0.36%,582.17万,942.94万,-360.77万,1531.52万
3917,600771,广誉远,17.3,-0.12%,0.41%,1567.02万,1844.92万,-277.89万,3423.70万
3918,2434,万里扬,8.27,-0.12%,0.55%,2830.54万,3075.01万,-244.47万,5943.00万
3919,2202,金风科技,24.99,-0.12%,2.35%,8.73亿,10.87亿,-2.13亿,19.71亿
3920,543,皖能电力,8.13,-0.12%,0.63%,5406.96万,6036.38万,-629.42万,1.16亿
3921,11,深物业A,8.3,-0.12%,0.32%,602.31万,764.30万,-161.99万,1411.44万
3922,2262,恩华药业,22.86,-0.13%,0.35%,3205.54万,3782.87万,-577.33万,7036.90万
3923,688571,杭华股份,7.69,-0.13%,0.30%,518.53万,444.56万,73.97万,967.32万
3924,688177,百奥泰,23.34,-0.13%,0.68%,3470.00万,2987.28万,482.72万,6479.55万
3925,603590,康辰药业,39.06,-0.13%,0.80%,2473.67万,2401.39万,72.28万,4895.36万
3926,603333,尚纬股份,7.75,-0.13%,0.49%,1080.35万,1246.46万,-166.11万,2330.37万
3927,603165,荣晟环保,15.73,-0.13%,1.20%,3123.01万,2915.45万,207.56万,6046.01万
3928,600597,光明乳业,7.46,-0.13%,0.21%,970.22万,1204.42万,-234.20万,2185.69万
3929,600528,中铁工业,7.95,-0.13%,0.62%,4194.09万,6672.65万,-2478.56万,1.09亿
3930,600216,浙江医药,15.26,-0.13%,1.58%,1.12亿,1.14亿,-137.12万,2.28亿
3931,600057,厦门象屿,7.89,-0.13%,0.28%,2367.57万,2125.28万,242.29万,4547.98万
3932,2903,宇环数控,31.01,-0.13%,4.04%,6784.08万,6490.77万,293.30万,1.34亿
3933,2382,蓝帆医疗,7.51,-0.13%,1.74%,6805.10万,6138.15万,666.95万,1.30亿
3934,2338,奥普光电,52.43,-0.13%,0.62%,3512.04万,4168.72万,-656.67万,7757.30万
3935,61,农产品,7.29,-0.14%,0.30%,1796.72万,2118.41万,-321.69万,3974.32万
3936,603406,天富龙,34.45,-0.14%,0.77%,454.51万,497.31万,-42.80万,970.42万
3937,301173,毓恬冠佳,43.66,-0.14%,0.96%,755.18万,536.85万,218.33万,1300.33万
3938,688281,华秦科技,75.89,-0.14%,0.39%,3992.08万,3961.19万,30.89万,7969.23万
3939,603182,嘉华股份,14.38,-0.14%,1.45%,1702.66万,1706.48万,-3.82万,3414.17万
3940,603511,爱慕股份,14.21,-0.14%,0.08%,212.33万,222.96万,-10.63万,438.42万
3941,600889,南京化纤,14.78,-0.14%,0.46%,1002.38万,1472.21万,-469.83万,2483.90万
3942,688122,西部超导,73.2,-0.14%,1.07%,2.51亿,2.51亿,14.46万,5.06亿
3943,603559,ST通脉,7.1,-0.14%,0.30%,320.43万,534.92万,-214.49万,859.11万
3944,601901,方正证券,7.13,-0.14%,0.31%,8949.94万,8943.93万,6.01万,1.82亿
3945,601633,长城汽车,20.9,-0.14%,0.14%,7909.87万,9760.02万,-1850.16万,1.79亿
3946,601186,中国铁建,6.95,-0.14%,0.17%,4959.70万,8820.50万,-3860.80万,1.40亿
3947,600711,盛屯矿业,14.25,-0.14%,1.86%,3.18亿,4.97亿,-1.78亿,8.19亿
3948,600210,紫江企业,6.97,-0.14%,0.44%,2058.81万,2488.16万,-429.35万,4647.86万
3949,600061,国投资本,6.96,-0.14%,0.26%,4290.55万,7153.15万,-2862.60万,1.17亿
3950,300374,中铁装配,14.15,-0.14%,0.62%,951.68万,1186.10万,-234.42万,2138.06万
3951,300374,中铁装配,14.15,-0.14%,0.62%,951.68万,1186.10万,-234.42万,2138.06万
3952,2676,顺威股份,6.94,-0.14%,0.89%,1714.85万,2699.80万,-984.95万,4427.55万
3953,2327,富安娜,7.04,-0.14%,0.41%,467.31万,933.23万,-465.91万,1420.74万
3954,800,一汽解放,7.05,-0.14%,0.18%,2526.14万,3569.87万,-1043.74万,6140.77万
3955,568,泸州老窖,102.95,-0.14%,0.26%,2.00亿,1.92亿,882.19万,3.95亿
3956,601,韶能股份,6.56,-0.15%,3.05%,1.02亿,1.07亿,-479.36万,2.10亿
3957,301381,赛维时代,20.47,-0.15%,0.92%,2064.79万,1585.70万,479.09万,3698.59万
3958,301223,中荣股份,19.81,-0.15%,0.54%,716.92万,483.00万,233.93万,1206.65万
3959,301206,三元生物,26.62,-0.15%,0.38%,717.88万,572.10万,145.78万,1304.64万
3960,301578,辰奕智能,33.56,-0.15%,0.96%,398.62万,342.70万,55.92万,744.68万
3961,301021,英诺激光,58.32,-0.15%,1.03%,4567.57万,4566.29万,1.28万,9214.38万
3962,688199,久日新材,26.83,-0.15%,1.17%,2483.10万,2538.93万,-55.83万,5059.32万
3963,603650,彤程新材,52.32,-0.15%,0.61%,8682.87万,1.08亿,-2152.52万,1.96亿
3964,600372,中航机载,13.24,-0.15%,0.32%,9292.70万,1.09亿,-1564.17万,2.04亿
3965,600312,平高电气,20.12,-0.15%,0.98%,1.24亿,1.35亿,-1129.12万,2.66亿
3966,600196,复星医药,26.76,-0.15%,0.42%,1.19亿,1.19亿,-72.28万,2.40亿
3967,300569,天能重工,6.59,-0.15%,1.10%,3300.51万,4024.32万,-723.82万,7347.60万
3968,2248,华东数控,12.97,-0.15%,2.38%,4616.48万,4832.78万,-216.30万,9469.38万
3969,2204,大连重工,6.73,-0.15%,0.53%,2374.42万,4406.41万,-2031.99万,6868.51万
3970,598,兴蓉环境,6.67,-0.15%,0.25%,1944.02万,3018.74万,-1074.72万,5056.23万
3971,338,潍柴动力,26.56,-0.15%,0.99%,6.18亿,6.83亿,-6482.22万,13.15亿
3972,603049,中策橡胶,50.59,-0.16%,2.09%,3602.95万,5700.90万,-2097.95万,9308.42万
3973,2427,尤夫股份,6.43,-0.16%,0.97%,2620.75万,3461.90万,-841.15万,6164.59万
3974,301239,普瑞眼科,37.76,-0.16%,0.58%,1590.66万,1658.45万,-67.79万,3284.24万
3975,688681,科汇股份,18.95,-0.16%,1.57%,1620.35万,1376.76万,243.59万,3061.41万
3976,300948,冠中生态,18.9,-0.16%,0.58%,872.53万,769.45万,103.08万,1648.40万
3977,603787,新日股份,12.58,-0.16%,1.61%,2278.87万,2302.69万,-23.82万,4610.86万
3978,601225,陕西煤业,25.12,-0.16%,0.18%,2.23亿,2.18亿,588.97万,4.46亿
3979,600820,隧道股份,6.13,-0.16%,0.18%,1852.76万,1547.22万,305.54万,3427.51万
3980,600529,山东药玻,18.67,-0.16%,0.32%,1514.34万,2459.70万,-945.36万,4011.56万
3981,600054,黄山旅游,12.34,-0.16%,1.62%,5351.18万,4836.57万,514.61万,1.02亿
3982,600019,宝钢股份,6.35,-0.16%,0.19%,1.16亿,1.46亿,-2919.00万,2.67亿
3983,300775,三角防务,37.72,-0.16%,2.51%,2.26亿,2.71亿,-4443.09万,4.99亿
3984,300760,迈瑞医疗,160.04,-0.16%,0.24%,2.12亿,2.46亿,-3373.06万,4.62亿
3985,300573,兴齐眼药,67.96,-0.16%,0.91%,6026.35万,5605.21万,421.13万,1.17亿
3986,300157,新锦动力,6.35,-0.16%,2.29%,4634.47万,5587.96万,-953.50万,1.02亿
3987,2746,仙坛股份,6.17,-0.16%,0.57%,1137.68万,1306.47万,-168.79万,2492.79万
3988,2507,涪陵榨菜,12.39,-0.16%,0.27%,1457.95万,2293.76万,-835.81万,3841.40万
3989,2352,顺丰控股,37.6,-0.16%,0.19%,1.62亿,1.77亿,-1515.63万,3.45亿
3990,2304,洋河股份,50.44,-0.16%,0.13%,4467.75万,5530.64万,-1062.89万,1.00亿
3991,553,安道麦A,6.19,-0.16%,0.20%,1293.19万,1417.84万,-124.65万,2731.91万
3992,650,仁和药业,5.9,-0.17%,0.50%,1827.05万,2047.32万,-220.27万,3946.47万
3993,525,红太阳,5.86,-0.17%,0.81%,2174.73万,3073.00万,-898.26万,5274.17万
3994,600930,华电新能,6.02,-0.17%,1.47%,1.08亿,1.77亿,-6955.62万,2.86亿
3995,1373,翔腾新材,34.33,-0.17%,1.89%,993.35万,1113.29万,-119.94万,2157.42万
3996,2946,新乳业,18.11,-0.17%,0.33%,2195.84万,2780.99万,-585.16万,5013.93万
3997,300818,耐普矿机,34.5,-0.17%,2.50%,6230.65万,3109.88万,3120.77万,9423.62万
3998,601218,吉鑫科技,5.96,-0.17%,2.39%,5948.26万,7809.12万,-1860.87万,1.38亿
3999,603806,福斯特,17.72,-0.17%,0.72%,1.59亿,1.73亿,-1350.18万,3.33亿
4000,601988,中国银行,5.78,-0.17%,0.06%,3.14亿,3.57亿,-4277.54万,6.81亿
4001,601098,中南传媒,11.07,-0.18%,0.17%,1728.84万,1650.76万,78.08万,3413.67万
4002,600919,江苏银行,10.93,-0.18%,0.22%,2.20亿,2.13亿,617.67万,4.35亿
4003,600178,东安动力,11.34,-0.18%,0.48%,1115.43万,1374.68万,-259.25万,2573.28万
4004,600081,东风科技,11.1,-0.18%,0.18%,644.09万,462.30万,181.78万,1107.95万
4005,600023,浙能电力,5.53,-0.18%,0.16%,6552.89万,5192.93万,1359.96万,1.20亿
4006,300671,富满微,44.44,-0.18%,2.56%,1.21亿,1.28亿,-707.58万,2.52亿
4007,603135,中重科技,10.78,-0.19%,0.18%,628.25万,582.52万,45.73万,1212.39万
4008,1391,国货航,5.32,-0.19%,0.46%,1199.29万,2463.46万,-1264.16万,3681.40万
4009,1301,尚太科技,74.11,-0.19%,1.80%,1.12亿,1.36亿,-2360.07万,2.51亿
4010,601528,瑞丰银行,5.27,-0.19%,0.40%,1536.83万,2138.08万,-601.25万,3695.11万
4011,2701,奥瑞金,5.39,-0.19%,1.08%,7684.78万,7236.44万,448.34万,1.50亿
4012,300824,北鼎股份,10.34,-0.19%,0.54%,979.24万,761.19万,218.05万,1772.23万
4013,688513,苑东生物,66.73,-0.19%,0.97%,6204.01万,5144.06万,1059.94万,1.14亿
4014,688239,航宇科技,62.21,-0.19%,1.37%,8956.27万,7127.65万,1828.62万,1.62亿
4015,600678,四川金顶,10.51,-0.19%,1.28%,2400.72万,2210.23万,190.50万,4696.04万
4016,600226,亨通股份,5.31,-0.19%,1.05%,7841.60万,8568.40万,-726.80万,1.66亿
4017,600066,宇通客车,36.38,-0.19%,0.37%,1.61亿,1.33亿,2863.84万,2.97亿
4018,2563,森马服饰,5.19,-0.19%,0.29%,1491.40万,1856.12万,-364.73万,3370.14万
4019,601033,永兴股份,14.88,-0.20%,0.64%,892.28万,1388.13万,-495.86万,2298.41万
4020,603070,万控智造,15.11,-0.20%,0.27%,774.87万,826.11万,-51.24万,1607.78万
4021,2872,ST天圣,5.08,-0.20%,0.47%,112.89万,384.08万,-271.19万,510.81万
4022,603370,华新精科,44.17,-0.20%,0.65%,444.47万,560.95万,-116.48万,1006.74万
4023,300097,智云股份,9.81,-0.20%,8.77%,1.01亿,1.22亿,-2066.05万,2.26亿
4024,688122,西部超导,73.15,-0.20%,1.01%,2.38亿,2.38亿,23.50万,4.77亿
4025,601668,中国建筑,4.97,-0.20%,0.14%,1.42亿,1.49亿,-667.52万,2.94亿
4026,601137,博威合金,20.2,-0.20%,0.68%,5607.64万,6802.89万,-1195.25万,1.26亿
4027,600592,龙溪股份,20.05,-0.20%,0.70%,2143.86万,3394.19万,-1250.33万,5630.85万
4028,600168,武汉控股,4.88,-0.20%,0.21%,338.82万,686.14万,-347.32万,1037.90万
4029,300481,濮阳惠成,14.84,-0.20%,1.18%,2305.44万,2745.10万,-439.66万,5069.10万
4030,2718,友邦吊顶,74.02,-0.20%,1.13%,4161.42万,3474.31万,687.11万,7695.69万
4031,2508,老板电器,20.12,-0.20%,0.22%,2182.81万,1972.49万,210.31万,4221.93万
4032,301047,义翘神州,75.17,-0.21%,0.48%,1975.93万,2285.48万,-309.55万,4305.06万
4033,300005,探路者,14.47,-0.21%,1.25%,6366.80万,8723.96万,-2357.16万,1.56亿
4034,688013,天臣医疗,38.0,-0.21%,0.59%,927.33万,879.31万,48.03万,1813.01万
4035,300303,聚飞光电,9.68,-0.21%,4.49%,2.42亿,3.29亿,-8665.99万,5.73亿
4036,688388,嘉元科技,48.5,-0.21%,2.86%,3.07亿,3.18亿,-1100.13万,6.29亿
4037,688029,南微医学,75.04,-0.21%,0.18%,1204.99万,1269.40万,-64.40万,2515.04万
4038,603323,苏农银行,4.85,-0.21%,0.45%,1596.66万,2801.48万,-1204.82万,4415.96万
4039,601882,海天精工,19.0,-0.21%,0.21%,890.41万,1214.67万,-324.27万,2129.96万
4040,600587,新华医疗,14.43,-0.21%,0.38%,1305.84万,2028.60万,-722.76万,3341.07万
4041,600376,首开股份,4.77,-0.21%,0.58%,2498.42万,4562.70万,-2064.28万,7171.85万
4042,883,湖北能源,4.65,-0.21%,0.19%,2316.80万,3282.19万,-965.39万,5662.58万
4043,3025,思进智能,13.81,-0.22%,0.99%,1875.69万,1198.64万,677.06万,3089.94万
4044,600269,赣粤高速,4.5,-0.22%,0.27%,1050.90万,1746.34万,-695.44万,2827.90万
4045,600131,国网信通,18.24,-0.22%,0.53%,5027.92万,6247.13万,-1219.21万,1.15亿
4046,600050,中国联通,4.56,-0.22%,0.19%,1.06亿,1.61亿,-5526.96万,2.69亿
4047,300293,蓝英装备,18.02,-0.22%,0.85%,2367.47万,2774.04万,-406.56万,5159.89万
4048,977,浪潮信息,68.73,-0.22%,1.70%,8.79亿,8.08亿,7085.80万,17.09亿
4049,2977,天箭科技,29.74,-0.23%,2.21%,2195.29万,2153.87万,41.42万,4374.45万
4050,1211,双枪科技,30.88,-0.23%,2.70%,2806.08万,2622.07万,184.01万,5538.94万
4051,603639,海利尔,13.22,-0.23%,0.28%,602.45万,651.01万,-48.57万,1253.99万
4052,603456,九洲药业,17.43,-0.23%,0.66%,4811.99万,5355.67万,-543.68万,1.02亿
4053,603259,药明康德,106.58,-0.23%,0.71%,11.25亿,7.47亿,3.78亿,18.85亿
4054,601985,中国核电,8.75,-0.23%,0.21%,1.55亿,1.88亿,-3351.32万,3.47亿
4055,600510,黑牡丹,8.7,-0.23%,0.35%,1375.05万,1687.09万,-312.04万,3088.41万
4056,300581,晨曦航空,12.88,-0.23%,0.68%,2058.37万,2596.82万,-538.45万,4789.94万
4057,2878,元隆雅图,17.66,-0.23%,2.38%,4802.97万,4950.41万,-147.44万,9899.64万
4058,2644,佛慈制药,8.63,-0.23%,0.49%,862.80万,1286.89万,-424.09万,2161.08万
4059,2625,光启技术,39.79,-0.23%,0.53%,1.79亿,2.60亿,-8024.78万,4.49亿
4060,860,顺鑫农业,13.0,-0.23%,0.32%,1417.84万,1602.71万,-184.86万,3129.42万
4061,99,中信海直,17.6,-0.23%,0.42%,2237.87万,3416.78万,-1178.91万,5773.07万
4062,301632,广东建科,20.99,-0.24%,1.27%,859.97万,1073.63万,-213.66万,1944.94万
4063,605268,王力安防,12.43,-0.24%,0.68%,1720.43万,1961.04万,-240.60万,3695.38万
4064,1267,汇绿生态,41.35,-0.24%,3.46%,4.43亿,4.02亿,4046.91万,8.58亿
4065,688147,微导纳米,69.28,-0.24%,0.79%,1.18亿,1.33亿,-1565.47万,2.56亿
4066,2836,新宏泽,12.68,-0.24%,0.38%,605.91万,487.96万,117.94万,1102.37万
4067,603195,公牛集团,41.09,-0.24%,0.04%,1150.32万,2167.28万,-1016.96万,3330.34万
4068,600959,江苏有线,4.09,-0.24%,1.14%,1.17亿,1.16亿,161.67万,2.34亿
4069,688012,中微公司,319.59,-0.24%,0.73%,6.48亿,7.63亿,-1.14亿,14.58亿
4070,603712,七一二,16.43,-0.24%,0.44%,2754.25万,2744.29万,9.96万,5537.98万
4071,603585,苏利股份,24.91,-0.24%,4.75%,1.07亿,1.14亿,-770.89万,2.21亿
4072,601698,中国卫通,33.89,-0.24%,0.67%,4.53亿,5.01亿,-4798.62万,9.61亿
4073,600905,三峡能源,4.1,-0.24%,0.18%,7934.45万,1.27亿,-4772.10万,2.08亿
4074,300151,昌红科技,16.85,-0.24%,0.93%,2999.01万,2765.74万,233.28万,5832.92万
4075,652,泰达股份,4.11,-0.24%,0.35%,872.70万,1252.85万,-380.14万,2126.58万
4076,536,华映科技,4.24,-0.24%,0.47%,2137.13万,3299.75万,-1162.62万,5536.13万
4077,688376,美埃科技,73.12,-0.25%,0.98%,4897.23万,4849.91万,47.32万,9765.53万
4078,301309,万得凯,32.19,-0.25%,2.42%,2221.20万,2053.02万,168.18万,4672.51万
4079,300201,海伦哲,12.19,-0.25%,2.07%,1.07亿,1.44亿,-3668.74万,2.52亿
4080,300177,中海达,7.92,-0.25%,1.23%,2608.08万,3209.76万,-601.67万,5839.06万
4081,300070,碧水源,4.06,-0.25%,0.60%,3482.05万,4775.33万,-1293.28万,8298.14万
4082,601279,英利汽车,3.95,-0.25%,0.25%,748.34万,799.28万,-50.95万,1569.28万
4083,603508,思维列控,24.23,-0.25%,0.47%,1753.37万,2598.54万,-845.17万,4364.03万
4084,603026,石大胜华,98.4,-0.25%,8.05%,9.24亿,9.21亿,296.70万,18.47亿
4085,601366,利群股份,4.03,-0.25%,0.57%,953.53万,1239.15万,-285.62万,2210.33万
4086,601015,陕西黑猫,4.0,-0.25%,1.11%,4475.39万,4533.08万,-57.69万,9029.09万
4087,600792,云煤能源,4.0,-0.25%,0.97%,1809.92万,2315.79万,-505.86万,4269.89万
4088,600686,金龙汽车,15.88,-0.25%,1.25%,6823.28万,7396.64万,-573.36万,1.43亿
4089,600598,北大荒,16.07,-0.25%,0.87%,1.23亿,1.22亿,65.57万,2.47亿
4090,600425,青松建化,4.02,-0.25%,0.51%,1185.12万,1956.50万,-771.39万,3305.29万
4091,300138,晨光生物,12.0,-0.25%,0.57%,1182.83万,1535.34万,-352.51万,2723.20万
4092,2430,杭氧股份,28.04,-0.25%,0.63%,6743.93万,9996.26万,-3252.33万,1.71亿
4093,2179,中航光电,35.78,-0.25%,0.51%,1.76亿,2.04亿,-2819.33万,3.84亿
4094,10,美丽生态,4.02,-0.25%,1.65%,2821.20万,2854.93万,-33.73万,5716.03万
4095,603402,陕西旅游,138.5,-0.26%,4.42%,4550.50万,7258.29万,-2707.79万,1.18亿
4096,301306,西测测试,174.56,-0.26%,10.52%,4.98亿,5.67亿,-6848.20万,10.71亿
4097,603800,洪田股份,46.4,-0.26%,1.69%,7433.98万,8828.28万,-1394.30万,1.63亿
4098,601800,中国交建,7.59,-0.26%,0.06%,1941.79万,3658.69万,-1716.90万,5718.78万
4099,600573,惠泉啤酒,11.71,-0.26%,2.05%,2768.55万,3179.69万,-411.14万,5976.45万
4100,600368,五洲交通,3.86,-0.26%,0.22%,584.38万,691.68万,-107.30万,1395.95万
4101,603810,丰山集团,15.6,-0.26%,0.57%,795.75万,663.61万,132.14万,1461.70万
4102,601800,中国交建,7.59,-0.26%,0.06%,1941.79万,3658.69万,-1716.90万,5718.78万
4103,600573,惠泉啤酒,11.71,-0.26%,2.05%,2768.55万,3179.69万,-411.14万,5976.45万
4104,600368,五洲交通,3.86,-0.26%,0.22%,584.38万,691.68万,-107.30万,1395.95万
4105,600038,中直股份,34.02,-0.26%,0.30%,2962.26万,3744.00万,-781.74万,6957.77万
4106,600020,中原高速,3.83,-0.26%,0.28%,751.12万,1679.23万,-928.12万,2433.41万
4107,300396,迪瑞医疗,11.56,-0.26%,0.43%,545.15万,797.29万,-252.14万,1356.88万
4108,301386,未来电器,25.9,-0.27%,2.30%,1232.22万,1403.65万,-171.43万,2668.49万
4109,300980,祥源新材,37.05,-0.27%,2.23%,4041.20万,4038.47万,2.73万,8123.00万
4110,301312,智立方,120.75,-0.27%,5.65%,2.17亿,1.92亿,2435.45万,4.13亿
4111,301056,森赫股份,14.71,-0.27%,1.00%,1289.86万,1321.85万,-31.99万,2620.83万
4112,688501,青达环保,26.23,-0.27%,0.93%,1513.97万,1467.43万,46.54万,3026.44万
4113,600243,*ST海华,3.68,-0.27%,1.22%,684.60万,1227.78万,-543.18万,1963.14万
4114,601872,招商轮船,18.39,-0.27%,0.71%,4.67亿,5.88亿,-1.21亿,10.66亿
4115,601166,兴业银行,18.65,-0.27%,0.15%,2.57亿,3.55亿,-9823.37万,6.14亿
4116,600967,内蒙一机,14.72,-0.27%,0.38%,3905.71万,5497.40万,-1591.69万,9475.55万
4117,600887,伊利股份,25.62,-0.27%,0.36%,2.32亿,3.48亿,-1.17亿,5.85亿
4118,600033,福建高速,3.65,-0.27%,0.46%,1839.69万,2719.16万,-879.48万,4578.88万
4119,600016,民生银行,3.72,-0.27%,0.17%,7096.89万,1.59亿,-8817.59万,2.31亿
4120,2695,煌上煌,11.09,-0.27%,0.38%,1002.76万,1108.68万,-105.92万,2137.07万
4121,2389,航天彩虹,22.2,-0.27%,1.14%,1.13亿,1.33亿,-2069.87万,2.49亿
4122,738,航发控制,21.77,-0.27%,0.95%,1.20亿,1.46亿,-2598.48万,2.71亿
4123,651,格力电器,37.29,-0.27%,0.21%,1.83亿,2.39亿,-5654.52万,4.29亿
4124,1278,一彬科技,21.36,-0.28%,1.00%,847.40万,929.32万,-81.92万,1821.34万
4125,301390,经纬股份,35.35,-0.28%,2.15%,1082.90万,1179.43万,-96.53万,2319.21万
4126,688190,云路股份,87.85,-0.28%,0.40%,1943.11万,2302.06万,-358.95万,4253.07万
4127,688613,奥精医疗,21.28,-0.28%,0.86%,1327.18万,1157.18万,170.00万,2499.07万
4128,603877,太平鸟,14.2,-0.28%,0.22%,657.50万,784.15万,-126.64万,1462.95万
4129,603121,华培动力,21.19,-0.28%,0.96%,3242.78万,3666.03万,-423.25万,7005.72万
4130,600798,宁波海运,3.62,-0.28%,0.60%,1165.52万,1462.82万,-297.30万,2639.67万
4131,300583,赛托生物,14.22,-0.28%,0.53%,615.29万,772.55万,-157.26万,1395.81万
4132,300463,迈克生物,10.79,-0.28%,0.44%,976.27万,1353.59万,-377.33万,2334.07万
4133,300401,花园生物,14.17,-0.28%,0.88%,2957.78万,3648.17万,-690.39万,6643.93万
4134,300102,乾照光电,32.61,-0.28%,3.18%,4.55亿,4.91亿,-3602.64万,9.48亿
4135,2573,清新环境,3.55,-0.28%,0.35%,594.10万,1057.60万,-463.50万,1751.94万
4136,2273,水晶光电,28.95,-0.28%,2.53%,5.24亿,4.73亿,5106.99万,10.01亿
4137,922,佳电股份,14.2,-0.28%,0.91%,3235.09万,4283.10万,-1048.01万,7562.63万
4138,301166,优宁维,30.61,-0.29%,0.89%,787.18万,746.38万,40.80万,1536.92万
4139,995,皇台酒业,13.92,-0.29%,4.46%,5015.35万,5785.43万,-770.07万,1.09亿
4140,600084,中信尼雅,6.8,-0.29%,0.26%,901.46万,1045.65万,-144.19万,1954.94万
4141,300981,中红医疗,13.7,-0.29%,1.14%,2917.91万,3164.64万,-246.72万,6122.28万
4142,603656,泰禾智能,20.49,-0.29%,0.39%,819.84万,627.74万,192.10万,1457.00万
4143,603658,安图生物,34.32,-0.29%,0.15%,1333.39万,1667.47万,-334.08万,3005.32万
4144,603111,康尼机电,6.8,-0.29%,0.21%,597.00万,637.11万,-40.11万,1243.62万
4145,601139,深圳燃气,6.83,-0.29%,0.45%,3484.80万,5244.29万,-1759.49万,8833.01万
4146,600557,康缘药业,13.99,-0.29%,0.38%,1392.85万,1612.42万,-219.58万,3018.14万
4147,600409,三友化工,6.82,-0.29%,0.69%,4284.25万,5283.88万,-999.63万,9735.22万
4148,600151,航天机电,13.87,-0.29%,1.79%,1.61亿,1.90亿,-2842.28万,3.54亿
4149,300642,透景生命,17.01,-0.29%,0.85%,1051.86万,927.13万,124.73万,1986.14万
4150,300241,瑞丰光电,6.78,-0.29%,2.68%,4357.49万,6208.12万,-1850.63万,1.06亿
4151,2822,ST中装,3.43,-0.29%,0.46%,492.52万,1193.44万,-700.92万,1693.48万
4152,2698,博实股份,13.99,-0.29%,0.32%,1581.77万,2178.80万,-597.03万,3821.76万
4153,2551,尚荣医疗,3.44,-0.29%,0.82%,733.66万,978.14万,-244.48万,1720.99万
4154,2432,九安医疗,75.36,-0.29%,5.01%,8.33亿,7.82亿,5060.60万,16.24亿
4155,581,威孚高科,20.8,-0.29%,0.86%,6362.15万,7632.19万,-1270.04万,1.41亿
4156,301611,珂玛科技,98.7,-0.30%,5.29%,3.64亿,3.82亿,-1792.23万,7.67亿
4157,2287,奇正藏药,23.38,-0.30%,0.17%,888.00万,1395.74万,-507.74万,2291.45万
4158,301509,金凯生科,46.5,-0.30%,6.74%,7722.99万,9793.68万,-2070.69万,1.77亿
4159,300922,天秦装备,19.87,-0.30%,1.45%,1637.24万,1898.26万,-261.02万,3564.85万
4160,600897,厦门空港,16.39,-0.30%,0.34%,1011.57万,1311.87万,-300.30万,2356.55万
4161,631,顺发恒能,3.25,-0.31%,0.40%,1437.89万,1490.02万,-52.13万,3000.29万
4162,603529,爱玛科技,29.17,-0.31%,0.57%,6672.66万,7302.10万,-629.44万,1.40亿
4163,688012,中微公司,319.38,-0.31%,0.80%,7.25亿,8.68亿,-1.43亿,16.16亿
4164,601818,光大银行,3.2,-0.31%,0.19%,1.29亿,1.43亿,-1482.41万,2.76亿
4165,601038,一拖股份,12.79,-0.31%,0.52%,1969.99万,2830.39万,-860.40万,4921.46万
4166,2597,金禾实业,22.59,-0.31%,0.75%,4420.66万,5178.95万,-758.29万,9663.99万
4167,538,云南白药,55.55,-0.31%,0.14%,5715.11万,8185.37万,-2470.26万,1.41亿
4168,523,红棉股份,3.21,-0.31%,1.16%,2745.97万,2129.51万,616.46万,4949.30万
4169,1333,光华股份,24.77,-0.32%,2.05%,1018.79万,1177.29万,-158.50万,2237.89万
4170,301355,南王科技,12.41,-0.32%,1.71%,1040.97万,1053.24万,-12.26万,2133.94万
4171,2882,金龙羽,27.91,-0.32%,1.73%,5790.33万,5981.90万,-191.56万,1.19亿
4172,688073,毕得医药,62.5,-0.32%,0.60%,1644.42万,1719.16万,-74.74万,3395.57万
4173,603186,华正新材,72.62,-0.32%,3.73%,2.04亿,2.19亿,-1556.91万,4.25亿
4174,603043,广州酒家,15.39,-0.32%,0.22%,920.03万,972.69万,-52.65万,1909.04万
4175,601766,中国中车,6.17,-0.32%,0.21%,1.44亿,1.72亿,-2876.02万,3.19亿
4176,600848,上海临港,9.41,-0.32%,0.41%,4128.82万,5020.05万,-891.23万,9187.28万
4177,600280,中央商场,3.1,-0.32%,0.85%,1254.23万,1662.92万,-408.69万,2962.09万
4178,300228,富瑞特装,9.32,-0.32%,2.00%,4153.21万,6216.07万,-2062.86万,1.04亿
4179,2092,中泰化学,6.31,-0.32%,1.03%,7662.57万,8734.39万,-1071.82万,1.66亿
4180,518,*ST四环,3.08,-0.32%,0.99%,1358.98万,1759.19万,-400.21万,3189.91万
4181,688075,安旭生物,38.88,-0.33%,0.11%,261.23万,274.16万,-12.92万,537.14万
4182,301314,科瑞思,48.52,-0.33%,2.51%,1037.26万,1050.06万,-12.79万,2214.97万
4183,301196,唯科科技,118.41,-0.33%,3.96%,1.95亿,1.85亿,1000.26万,3.84亿
4184,688793,倍轻松,21.29,-0.33%,0.85%,729.04万,798.57万,-69.53万,1549.86万
4185,688289,圣湘生物,18.2,-0.33%,0.30%,1305.47万,1860.81万,-555.34万,3190.35万
4186,688199,久日新材,26.78,-0.33%,1.11%,2406.85万,2407.68万,-8340.00,4826.02万
4187,600008,首创环保,3.04,-0.33%,0.34%,3522.25万,4036.74万,-514.49万,7605.10万
4188,603036,如通股份,18.13,-0.33%,0.55%,1209.32万,819.88万,389.45万,2036.99万
4189,601606,长城军工,39.6,-0.33%,0.75%,9145.45万,1.20亿,-2904.26万,2.14亿
4190,600276,恒瑞医药,57.54,-0.33%,0.53%,9.59亿,9.52亿,649.80万,19.44亿
4191,300406,九强生物,12.06,-0.33%,0.32%,670.58万,960.88万,-290.30万,1635.69万
4192,2960,青鸟消防,12.21,-0.33%,0.63%,2604.86万,3555.08万,-950.21万,6231.86万
4193,423,东阿阿胶,55.11,-0.33%,0.33%,5242.01万,6319.79万,-1077.78万,1.17亿
4194,301230,泓博医药,40.93,-0.34%,3.95%,1.17亿,8285.95万,3418.62万,2.02亿
4195,301232,飞沃科技,215.38,-0.34%,11.81%,5.15亿,6.08亿,-9292.80万,11.28亿
4196,600981,苏豪汇鸿,2.94,-0.34%,0.40%,988.95万,1619.81万,-630.87万,2613.87万
4197,600315,上海家化,20.69,-0.34%,0.25%,1317.43万,1985.36万,-667.93万,3492.89万
4198,300329,海伦钢琴,14.61,-0.34%,0.97%,2043.63万,1509.03万,534.60万,3556.45万
4199,2661,克明食品,8.92,-0.34%,0.48%,599.16万,748.30万,-149.13万,1352.37万
4200,2565,顺灏股份,17.64,-0.34%,9.87%,8.92亿,9.28亿,-3548.70万,18.33亿
4201,2016,世荣兆业,5.83,-0.34%,0.66%,1441.94万,1573.33万,-131.39万,3128.53万
4202,28,国药一致,26.36,-0.34%,0.86%,4673.76万,6082.18万,-1408.42万,1.09亿
4203,1207,联科科技,19.66,-0.35%,0.78%,1842.18万,2469.13万,-626.95万,4452.14万
4204,688335,复洁科技,34.39,-0.35%,0.38%,1002.27万,911.74万,90.53万,1920.87万
4205,300888,稳健医疗,33.74,-0.35%,0.45%,3831.72万,5065.59万,-1233.87万,8944.55万
4206,603708,家家悦,11.36,-0.35%,0.18%,643.23万,642.92万,3132.00,1288.43万
4207,601155,新城控股,14.15,-0.35%,0.43%,6739.05万,7171.18万,-432.13万,1.40亿
4208,600908,无锡银行,5.67,-0.35%,0.31%,1614.07万,1800.94万,-186.87万,3479.27万
4209,600688,上海石化,2.85,-0.35%,0.20%,1763.15万,2446.95万,-683.80万,4216.94万
4210,600679,上海凤凰,11.41,-0.35%,0.47%,735.95万,1076.42万,-340.46万,1831.31万
4211,600535,天士力,14.27,-0.35%,0.26%,2837.18万,2717.62万,119.56万,5580.79万
4212,600383,金地集团,2.82,-0.35%,0.58%,2667.41万,4580.95万,-1913.54万,7379.46万
4213,600298,安琪酵母,40.41,-0.35%,0.29%,4412.06万,5611.60万,-1199.54万,1.01亿
4214,600282,南钢股份,5.63,-0.35%,0.19%,3522.53万,2983.63万,538.90万,6781.81万
4215,300601,康泰生物,14.23,-0.35%,0.52%,3420.09万,3213.11万,206.97万,6663.08万
4216,603092,德力佳,68.86,-0.36%,2.42%,2341.49万,3212.35万,-870.87万,5575.19万
4217,605011,杭州热电,19.21,-0.36%,0.31%,665.29万,1709.45万,-1044.16万,2378.01万
4218,797,中国武夷,2.79,-0.36%,0.57%,889.28万,1620.61万,-731.33万,2514.01万
4219,603439,三力制药,11.09,-0.36%,0.26%,412.39万,732.44万,-320.05万,1150.92万
4220,603189,网达软件,16.73,-0.36%,1.85%,4746.89万,3526.74万,1220.15万,8277.14万
4221,601866,中远海发,2.76,-0.36%,0.57%,5962.46万,9415.04万,-3452.58万,1.54亿
4222,601009,南京银行,11.15,-0.36%,0.15%,1.17亿,8511.99万,3141.29万,2.03亿
4223,600765,中航重机,16.67,-0.36%,0.55%,6488.71万,7644.06万,-1155.35万,1.42亿
4224,300691,联合光电,16.44,-0.36%,0.87%,1562.16万,1567.72万,-5.56万,3151.43万
4225,601026,道生天合,18.83,-0.37%,1.62%,1434.58万,1805.29万,-370.71万,3250.22万
4226,2592,ST八菱,8.15,-0.37%,0.65%,557.59万,827.38万,-269.79万,1397.78万
4227,1201,东瑞股份,13.49,-0.37%,1.80%,2464.16万,2377.69万,86.47万,4915.48万
4228,2761,浙江建投,8.16,-0.37%,0.38%,1274.02万,2020.40万,-746.37万,3359.13万
4229,688141,杰华特,67.3,-0.37%,1.41%,2.18亿,2.04亿,1333.83万,4.28亿
4230,600956,新天绿能,8.12,-0.37%,0.26%,1585.14万,3243.08万,-1657.94万,4922.17万
4231,603896,寿仙谷,18.61,-0.37%,0.33%,543.98万,670.31万,-126.33万,1216.52万
4232,2755,奥赛康,16.1,-0.37%,1.21%,9770.55万,8111.14万,1659.41万,1.80亿
4233,601860,紫金银行,2.68,-0.37%,0.59%,2047.15万,3591.18万,-1544.03万,5671.81万
4234,601216,君正集团,5.39,-0.37%,0.35%,6861.71万,8595.67万,-1733.96万,1.58亿
4235,601169,北京银行,5.45,-0.37%,0.20%,8291.17万,1.43亿,-6001.01万,2.27亿
4236,600917,重庆燃气,5.36,-0.37%,0.12%,357.79万,664.53万,-306.74万,1030.91万
4237,600787,中储股份,5.37,-0.37%,0.35%,1347.85万,2663.22万,-1315.37万,4076.64万
4238,600754,锦江酒店,27.08,-0.37%,0.69%,7415.15万,9241.74万,-1826.59万,1.68亿
4239,600748,上实发展,5.39,-0.37%,0.86%,3865.96万,4806.45万,-940.49万,8689.88万
4240,600406,国电南瑞,26.76,-0.37%,0.57%,5.37亿,6.73亿,-1.36亿,12.26亿
4241,2478,常宝股份,10.91,-0.37%,2.94%,1.03亿,1.29亿,-2605.62万,2.33亿
4242,2221,东华能源,7.98,-0.37%,0.47%,1768.15万,3540.19万,-1772.04万,5538.07万
4243,2044,美年健康,5.39,-0.37%,2.21%,2.26亿,2.29亿,-267.42万,4.59亿
4244,300198,ST纳川,2.61,-0.38%,0.67%,644.62万,1136.64万,-492.02万,1782.77万
4245,688289,圣湘生物,18.19,-0.38%,0.33%,1515.73万,1893.88万,-378.15万,3462.52万
4246,600704,物产中大,5.27,-0.38%,0.38%,4567.85万,5645.91万,-1078.06万,1.02亿
4247,600375,汉马科技,5.2,-0.38%,0.62%,2149.52万,2582.48万,-432.97万,4755.40万
4248,2795,永和智控,7.92,-0.38%,1.75%,2349.49万,3660.76万,-1311.26万,6047.85万
4249,2793,罗欣药业,5.2,-0.38%,1.12%,2945.39万,3356.25万,-410.85万,6329.15万
4250,2339,积成电子,10.49,-0.38%,2.34%,5435.21万,6166.68万,-731.47万,1.17亿
4251,300198,ST纳川,2.61,-0.38%,0.67%,644.62万,1136.64万,-492.02万,1782.77万
4252,688289,圣湘生物,18.19,-0.38%,0.33%,1515.73万,1893.88万,-378.15万,3462.52万
4253,600704,物产中大,5.27,-0.38%,0.38%,4567.85万,5645.91万,-1078.06万,1.02亿
4254,600375,汉马科技,5.2,-0.38%,0.62%,2149.52万,2582.48万,-432.97万,4755.40万
4255,2795,永和智控,7.92,-0.38%,1.75%,2349.49万,3660.76万,-1311.26万,6047.85万
4256,2793,罗欣药业,5.2,-0.38%,1.12%,2945.39万,3356.25万,-410.85万,6329.15万
4257,2339,积成电子,10.49,-0.38%,2.34%,5435.21万,6166.68万,-731.47万,1.17亿
4258,990,诚志股份,10.56,-0.38%,2.98%,1.87亿,1.89亿,-230.18万,3.80亿
4259,301468,博盈特焊,53.43,-0.39%,4.52%,9294.99万,8836.06万,458.93万,1.82亿
4260,688628,优利德,64.26,-0.39%,1.29%,4467.02万,4758.03万,-291.01万,9327.55万
4261,688119,中钢洛耐,5.07,-0.39%,0.59%,1318.39万,1932.35万,-613.96万,3376.58万
4262,600332,白云山,22.91,-0.39%,0.28%,3323.42万,5370.02万,-2046.61万,8933.56万
4263,600266,城建发展,5.06,-0.39%,0.93%,4239.90万,5453.29万,-1213.38万,9750.63万
4264,300142,沃森生物,12.74,-0.39%,1.02%,9045.34万,1.11亿,-2090.38万,2.03亿
4265,2921,联诚精密,27.89,-0.39%,1.60%,2869.62万,2820.87万,48.75万,5747.03万
4266,2893,京能热力,10.31,-0.39%,2.18%,1844.13万,2706.41万,-862.28万,4557.03万
4267,2267,陕天然气,7.61,-0.39%,0.23%,682.85万,1217.36万,-534.51万,1915.88万
4268,2223,鱼跃医疗,32.93,-0.39%,0.32%,3768.25万,5998.73万,-2230.48万,9926.75万
4269,688298,东方生物,22.87,-0.39%,0.26%,456.53万,700.33万,-243.80万,1177.91万
4270,601816,京沪高铁,4.92,-0.40%,0.10%,1.02亿,1.45亿,-4240.80万,2.49亿
4271,601398,工商银行,7.47,-0.40%,0.04%,3.92亿,4.96亿,-1.04亿,9.00亿
4272,601229,上海银行,9.84,-0.40%,0.14%,9578.71万,1.02亿,-606.56万,2.03亿
4273,688325,赛微微电,118.19,-0.40%,0.69%,2727.93万,3927.20万,-1199.28万,6700.98万
4274,300009,安科生物,9.91,-0.40%,0.82%,3953.25万,5747.81万,-1794.57万,9936.14万
4275,2864,盘龙药业,32.15,-0.40%,1.73%,1931.23万,2121.52万,-190.28万,4108.44万
4276,2441,众业达,10.03,-0.40%,0.91%,1486.74万,2108.43万,-621.69万,3628.31万
4277,2318,久立特材,29.85,-0.40%,0.35%,4347.39万,5518.34万,-1170.95万,1.00亿
4278,301277,新天地,12.08,-0.41%,0.40%,845.06万,989.65万,-144.59万,1891.39万
4279,603800,洪田股份,46.33,-0.41%,1.77%,7692.90万,9316.54万,-1623.64万,1.71亿
4280,603053,成都燃气,9.6,-0.41%,0.15%,521.01万,775.48万,-254.47万,1296.87万
4281,601828,美凯龙,2.44,-0.41%,0.27%,1120.93万,1234.90万,-113.97万,2362.86万
4282,600703,三安光电,12.09,-0.41%,1.75%,4.52亿,5.85亿,-1.32亿,10.47亿
4283,600641,先导基电,21.73,-0.41%,2.03%,2.03亿,2.06亿,-257.64万,4.10亿
4284,600533,栖霞建设,2.45,-0.41%,1.37%,1617.00万,1819.89万,-202.89万,3491.86万
4285,300347,泰格医药,58.81,-0.41%,0.90%,1.46亿,1.51亿,-587.75万,2.98亿
4286,300320,海达股份,9.79,-0.41%,1.79%,4530.01万,3877.48万,652.53万,8471.89万
4287,300095,华伍股份,9.63,-0.41%,1.16%,1649.44万,2114.66万,-465.21万,3806.75万
4288,2451,摩恩电气,9.79,-0.41%,1.60%,2954.41万,3764.07万,-809.67万,6787.22万
4289,2142,宁波银行,31.39,-0.41%,0.13%,1.06亿,1.68亿,-6226.66万,2.76亿
4290,717,中南股份,2.43,-0.41%,0.26%,723.07万,792.42万,-69.36万,1545.53万
4291,600608,*ST沪科,2.35,-0.42%,0.81%,234.98万,369.92万,-134.94万,605.04万
4292,688238,和元生物,7.17,-0.42%,0.57%,1292.10万,1276.33万,15.77万,2628.56万
4293,688082,盛美上海,155.35,-0.42%,0.41%,1.32亿,1.65亿,-3367.75万,3.03亿
4294,688501,青达环保,26.19,-0.42%,0.97%,1607.59万,1523.62万,83.97万,3138.23万
4295,3001,中岩大地,16.74,-0.42%,1.17%,881.77万,1132.72万,-250.95万,2050.00万
4296,688076,ST诺泰,30.8,-0.42%,0.35%,1063.62万,2308.37万,-1244.75万,3427.87万
4297,601077,渝农商行,7.19,-0.42%,0.21%,8073.62万,5455.63万,2617.99万,1.36亿
4298,2651,利君股份,9.58,-0.42%,0.36%,901.87万,1026.79万,-124.92万,1953.37万
4299,603288,海天味业,40.75,-0.42%,0.12%,1.35亿,1.38亿,-220.07万,2.74亿
4300,603202,天有为,98.58,-0.42%,1.40%,2122.48万,2438.84万,-316.36万,4575.12万
4301,603202,天有为,98.58,-0.42%,1.40%,2122.48万,2438.84万,-316.36万,4575.12万
4302,600169,ST太重,2.39,-0.42%,0.18%,420.15万,1037.13万,-616.97万,1470.57万
4303,600063,皖维高新,7.11,-0.42%,1.22%,8388.25万,9494.22万,-1105.97万,1.81亿
4304,300486,东杰智能,23.98,-0.42%,1.65%,9638.24万,9023.22万,615.02万,1.88亿
4305,300162,雷曼光电,9.42,-0.42%,4.36%,6093.40万,7793.83万,-1700.43万,1.40亿
4306,2879,长缆科技,21.25,-0.42%,2.95%,4159.55万,4236.50万,-76.94万,8522.11万
4307,877,天山股份,4.76,-0.42%,0.07%,928.31万,1314.11万,-385.80万,2258.23万
4308,301568,思泰克,54.96,-0.43%,4.30%,5632.85万,5374.04万,258.82万,1.13亿
4309,301297,富乐德,34.67,-0.43%,0.46%,2495.84万,3164.96万,-669.11万,5787.48万
4310,605555,德昌股份,16.27,-0.43%,0.70%,2656.34万,2805.59万,-149.25万,5552.16万
4311,603284,林平发展,56.15,-0.43%,4.87%,2200.55万,2838.29万,-637.74万,5065.24万
4312,603619,中曼石油,34.69,-0.43%,2.12%,1.59亿,1.77亿,-1761.02万,3.37亿
4313,603033,三维股份,11.51,-0.43%,0.27%,1310.04万,1796.89万,-486.85万,3124.66万
4314,300237,ST美晨,2.34,-0.43%,0.84%,773.59万,2042.59万,-1269.00万,2817.38万
4315,2560,通达股份,13.98,-0.43%,18.30%,6.06亿,5.24亿,8182.53万,11.33亿
4316,2048,宁波华翔,27.89,-0.43%,1.40%,1.19亿,1.56亿,-3731.82万,2.80亿
4317,301349,信德新材,61.08,-0.44%,2.56%,6873.30万,9016.88万,-2143.58万,1.60亿
4318,2399,海普瑞,11.39,-0.44%,0.16%,988.23万,1242.76万,-254.53万,2244.90万
4319,688190,云路股份,87.71,-0.44%,0.42%,2015.45万,2386.56万,-371.11万,4433.63万
4320,300709,精研科技,42.52,-0.44%,2.45%,8726.93万,6756.86万,1970.07万,1.57亿
4321,300416,苏试试验,18.26,-0.44%,1.35%,5857.43万,6549.13万,-691.70万,1.25亿
4322,300122,智飞生物,15.69,-0.44%,0.48%,4716.82万,5950.53万,-1233.71万,1.07亿
4323,852,石化机械,6.83,-0.44%,0.65%,1708.75万,2406.89万,-698.15万,4179.81万
4324,632,三木集团,4.49,-0.44%,1.69%,1382.97万,2128.96万,-745.99万,3530.84万
4325,688597,煜邦电力,8.91,-0.45%,0.65%,795.07万,1106.41万,-311.34万,1909.81万
4326,603987,康德莱,8.86,-0.45%,0.55%,983.57万,1136.75万,-153.18万,2123.60万
4327,603809,豪能股份,11.18,-0.45%,1.07%,4756.23万,6241.67万,-1485.44万,1.10亿
4328,603668,天马科技,13.21,-0.45%,2.48%,7773.71万,8655.63万,-881.92万,1.66亿
4329,600886,国投电力,13.32,-0.45%,0.17%,7256.91万,9179.20万,-1922.29万,1.66亿
4330,300146,汤臣倍健,11.14,-0.45%,0.63%,3535.75万,4346.59万,-810.84万,7897.70万
4331,605188,国光连锁,17.15,-0.46%,0.26%,1106.81万,1092.76万,14.05万,2208.31万
4332,601838,成都银行,17.31,-0.46%,0.21%,6458.16万,9042.12万,-2583.96万,1.58亿
4333,600517,国网英大,6.45,-0.46%,0.24%,4417.90万,4528.48万,-110.57万,9034.49万
4334,600215,派斯林,6.55,-0.46%,0.65%,990.05万,930.80万,59.25万,1942.63万
4335,2966,苏州银行,8.58,-0.46%,0.43%,9418.30万,6875.72万,2542.58万,1.65亿
4336,2567,唐人神,4.31,-0.46%,1.44%,4194.47万,4662.80万,-468.32万,8863.26万
4337,501,武商集团,8.53,-0.47%,0.32%,748.39万,1328.26万,-579.87万,2103.85万
4338,603605,珀莱雅,59.49,-0.47%,0.48%,5119.27万,6039.50万,-920.22万,1.12亿
4339,603327,福蓉科技,10.49,-0.47%,5.13%,2.90亿,2.65亿,2514.01万,5.58亿
4340,600970,中材国际,10.52,-0.47%,0.44%,4978.63万,6889.52万,-1910.88万,1.22亿
4341,300677,英科医疗,52.49,-0.47%,2.02%,2.35亿,2.51亿,-1558.90万,4.88亿
4342,300328,宜安科技,17.11,-0.47%,2.99%,1.60亿,1.88亿,-2779.15万,3.49亿
4343,300174,元力股份,17.03,-0.47%,0.93%,2355.60万,3346.67万,-991.07万,5713.33万
4344,2862,实丰文化,17.03,-0.47%,1.18%,1290.47万,1220.62万,69.86万,2535.62万
4345,897,津滨发展,2.11,-0.47%,0.82%,852.92万,1939.15万,-1086.24万,2803.36万
4346,718,苏宁环球,2.12,-0.47%,0.50%,939.53万,1462.02万,-522.49万,2402.42万
4347,683,博源化工,8.54,-0.47%,0.70%,1.15亿,8828.17万,2629.17万,2.04亿
4348,300880,迦南智能,23.0,-0.48%,3.87%,8321.12万,8762.21万,-441.08万,1.72亿
4349,688295,中复神鹰,52.23,-0.48%,1.04%,2.50亿,2.34亿,1566.78万,4.91亿
4350,603010,万盛股份,12.41,-0.48%,1.44%,5821.48万,4584.05万,1237.43万,1.04亿
4351,2256,兆新股份,4.12,-0.48%,2.71%,8970.04万,1.28亿,-3806.72万,2.19亿
4352,605286,同力天启,43.93,-0.48%,1.03%,3823.35万,3744.99万,78.36万,7585.03万
4353,1382,新亚电缆,20.25,-0.49%,3.81%,1969.65万,2752.25万,-782.60万,4842.42万
4354,688281,华秦科技,75.63,-0.49%,0.33%,3368.23万,3429.38万,-61.15万,6914.78万
4355,688525,佰维存储,284.0,-0.49%,6.38%,41.15亿,42.91亿,-1.76亿,84.68亿
4356,688569,铁科轨道,20.26,-0.49%,0.30%,564.80万,716.83万,-152.03万,1298.87万
4357,603811,诚意药业,12.22,-0.49%,1.34%,2782.02万,2583.33万,198.69万,5370.12万
4358,601598,中国外运,6.07,-0.49%,0.18%,2750.85万,2944.29万,-193.44万,5714.19万
4359,300664,鹏鹞环保,6.1,-0.49%,1.39%,2156.72万,4097.53万,-1940.81万,6341.16万
4360,300575,中旗股份,6.04,-0.49%,1.57%,1667.89万,1536.43万,131.47万,3228.38万
4361,2385,大北农,4.03,-0.49%,0.93%,5781.29万,7415.57万,-1634.28万,1.32亿
4362,900,现代投资,4.09,-0.49%,0.34%,944.42万,1153.10万,-208.68万,2127.20万
4363,1323,慕思股份,23.7,-0.50%,0.19%,465.63万,889.97万,-424.33万,1373.37万
4364,301588,美新科技,21.94,-0.50%,4.01%,3359.59万,3106.59万,253.00万,6506.78万
4365,688291,金橙子,41.88,-0.50%,0.75%,1277.51万,1905.29万,-627.77万,3229.62万
4366,601952,苏垦农发,9.87,-0.50%,0.59%,4417.26万,3436.37万,980.89万,7962.32万
4367,601088,中国神华,45.6,-0.50%,0.08%,2.59亿,3.26亿,-6685.37万,5.99亿
4368,600085,同仁堂,27.91,-0.50%,0.19%,3259.20万,4126.11万,-866.90万,7436.40万
4369,300658,延江股份,21.9,-0.50%,6.23%,1.46亿,1.57亿,-1066.65万,3.06亿
4370,300039,上海凯宝,5.98,-0.50%,0.88%,1678.66万,3112.65万,-1433.99万,4820.57万
4371,2311,海大集团,49.31,-0.50%,0.17%,6716.93万,7346.73万,-629.80万,1.41亿
4372,2030,达安基因,5.95,-0.50%,0.38%,1054.87万,2048.16万,-993.29万,3167.66万
4373,2096,易普力,11.82,-0.51%,0.28%,1476.70万,2565.98万,-1089.28万,4174.41万
4374,2437,誉衡药业,3.89,-0.51%,7.63%,2.98亿,3.21亿,-2244.25万,6.20亿
4375,2072,凯瑞德,7.64,-0.52%,0.79%,1065.88万,1120.63万,-54.76万,2208.20万
4376,688298,东方生物,22.84,-0.52%,0.25%,449.41万,665.13万,-215.71万,1138.92万
4377,603898,好莱客,13.42,-0.52%,0.33%,683.93万,693.53万,-9.60万,1378.27万
4378,601019,山东出版,7.71,-0.52%,0.46%,2962.14万,4300.61万,-1338.47万,7359.85万
4379,600758,辽宁能源,3.86,-0.52%,2.14%,4716.86万,5901.65万,-1184.79万,1.09亿
4380,300355,蒙草生态,3.79,-0.52%,1.15%,2603.97万,3330.59万,-726.62万,5947.80万
4381,300205,*ST天喻,5.73,-0.52%,0.56%,779.16万,607.54万,171.62万,1394.33万
4382,300015,爱尔眼科,9.57,-0.52%,0.34%,1.02亿,1.52亿,-4932.78万,2.58亿
4383,2428,云南锗业,56.85,-0.52%,5.16%,9.33亿,9.52亿,-1876.30万,19.01亿
4384,605028,世茂能源,28.0,-0.53%,0.41%,978.46万,846.94万,131.52万,1832.68万
4385,603261,*ST立航,35.56,-0.53%,0.18%,151.19万,350.34万,-199.15万,504.01万
4386,2278,神开股份,11.24,-0.53%,1.47%,2144.38万,3242.86万,-1098.48万,5475.31万
4387,688083,中望软件,56.34,-0.53%,1.34%,5468.01万,7193.74万,-1725.74万,1.29亿
4388,603392,万泰生物,39.19,-0.53%,0.09%,1876.09万,2335.03万,-458.94万,4247.57万
4389,688221,前沿生物,20.52,-0.53%,1.61%,6700.16万,5554.83万,1145.33万,1.23亿
4390,603018,华设集团,7.53,-0.53%,0.59%,1271.91万,1767.94万,-496.03万,3041.36万
4391,600989,宝丰能源,28.28,-0.53%,0.53%,4.64亿,6.15亿,-1.50亿,10.91亿
4392,600201,生物股份,14.88,-0.53%,1.05%,9135.81万,8241.02万,894.79万,1.75亿
4393,600028,中国石化,5.66,-0.53%,0.09%,1.93亿,2.79亿,-8601.42万,4.80亿
4394,600525,ST长园,5.49,-0.54%,0.28%,934.89万,1076.45万,-141.56万,2057.56万
4395,2250,联化科技,16.47,-0.54%,0.74%,4782.23万,6051.09万,-1268.86万,1.09亿
4396,2090,金智科技,11.08,-0.54%,0.72%,1432.37万,1620.12万,-187.75万,3143.32万
4397,603113,金能科技,7.17,-0.55%,1.16%,3321.68万,3709.50万,-387.83万,7064.23万
4398,600566,济川药业,25.16,-0.55%,0.17%,1824.42万,1960.88万,-136.46万,3856.99万
4399,600015,华夏银行,7.23,-0.55%,0.20%,8075.76万,1.42亿,-6092.46万,2.23亿
4400,300408,三环集团,64.96,-0.55%,0.67%,4.26亿,3.85亿,4067.81万,8.13亿
4401,600518,康美药业,1.76,-0.56%,0.54%,5612.76万,7482.13万,-1869.37万,1.32亿
4402,600879,航天电子,23.07,-0.56%,3.07%,11.54亿,11.68亿,-1377.00万,23.30亿
4403,600682,南京新百,7.16,-0.56%,0.66%,2028.23万,3349.56万,-1321.33万,5444.87万
4404,600648,外高桥,10.65,-0.56%,0.25%,1239.53万,1764.81万,-525.28万,3007.85万
4405,603352,至信股份,38.41,-0.57%,2.26%,1189.06万,2642.81万,-1453.75万,3863.00万
4406,300996,普联软件,17.5,-0.57%,2.77%,5492.02万,5849.80万,-357.78万,1.15亿
4407,300699,光威复材,34.8,-0.57%,1.31%,1.81亿,1.90亿,-940.95万,3.73亿
4408,601992,金隅集团,1.75,-0.57%,0.34%,1581.59万,3337.12万,-1755.53万,4962.43万
4409,600172,黄河旋风,8.7,-0.57%,4.56%,2.39亿,2.55亿,-1581.25万,5.02亿
4410,2521,齐峰新材,8.71,-0.57%,1.36%,2428.50万,2555.68万,-127.18万,5012.68万
4411,688076,ST诺泰,30.75,-0.58%,0.32%,978.90万,2139.86万,-1160.96万,3138.75万
4412,601117,中国化学,8.63,-0.58%,0.83%,1.89亿,2.48亿,-5900.67万,4.40亿
4413,45,深纺织A,11.96,-0.58%,1.10%,2605.22万,3278.97万,-673.76万,5942.90万
4414,2081,金螳螂,3.35,-0.59%,0.33%,958.91万,1799.70万,-840.80万,2894.08万
4415,3006,百亚股份,16.89,-0.59%,0.42%,1353.45万,1666.03万,-312.58万,3042.13万
4416,688621,阳光诺和,67.18,-0.59%,0.99%,3962.84万,3300.65万,662.19万,7416.74万
4417,601658,邮储银行,5.08,-0.59%,0.09%,1.54亿,1.57亿,-375.06万,3.14亿
4418,600760,中航沈飞,50.36,-0.59%,0.31%,1.70亿,2.71亿,-1.02亿,4.42亿
4419,600192,长城电工,8.4,-0.59%,0.77%,1245.50万,1539.82万,-294.32万,2840.15万
4420,2667,威领股份,28.76,-0.59%,7.34%,2.54亿,2.51亿,343.95万,5.07亿
4421,688765,禾元生物,66.27,-0.60%,1.25%,1356.28万,2006.65万,-650.38万,3374.80万
4422,2040,南京港,9.95,-0.60%,0.69%,1393.52万,1915.75万,-522.23万,3353.11万
4423,301498,乖宝宠物,53.1,-0.60%,2.67%,1.33亿,1.18亿,1439.08万,2.53亿
4424,603822,ST嘉澳,85.46,-0.60%,0.38%,893.31万,1592.35万,-699.04万,2501.05万
4425,2482,广田集团,1.67,-0.60%,0.51%,1278.12万,1903.35万,-625.22万,3189.25万
4426,600436,片仔癀,148.08,-0.60%,0.15%,5936.70万,7639.85万,-1703.15万,1.37亿
4427,600129,太极集团,16.54,-0.60%,0.61%,2197.09万,3335.13万,-1138.04万,5569.79万
4428,2424,ST百灵,5.0,-0.60%,0.31%,533.43万,1318.37万,-784.94万,1864.86万
4429,505,京粮控股,6.63,-0.60%,0.65%,1325.56万,1384.41万,-58.85万,2720.90万
4430,1233,海安集团,69.9,-0.61%,2.78%,3122.49万,3694.22万,-571.72万,6943.20万
4431,301589,诺瓦星云,174.78,-0.61%,1.27%,3070.96万,4546.76万,-1475.79万,7696.41万
4432,803,山高环能,8.15,-0.61%,1.00%,1838.63万,1830.73万,7.90万,3774.41万
4433,301046,能辉科技,26.11,-0.61%,1.06%,1814.49万,1737.25万,77.25万,3558.01万
4434,605151,西上海,19.66,-0.61%,1.30%,1738.02万,1669.94万,68.08万,3408.94万
4435,688366,昊海生科,38.86,-0.61%,0.10%,284.08万,461.58万,-177.50万,756.84万
4436,601880,辽港股份,1.63,-0.61%,0.21%,3531.01万,2625.94万,905.07万,6213.34万
4437,603367,辰欣药业,16.31,-0.61%,1.02%,3313.77万,4150.71万,-836.95万,7478.02万
4438,2901,大博医疗,43.87,-0.61%,0.24%,1454.37万,1596.32万,-141.95万,3083.19万
4439,930,中粮科技,6.52,-0.61%,0.60%,2981.91万,4101.73万,-1119.82万,7219.95万
4440,302132,中航成飞,68.72,-0.62%,0.51%,9362.87万,1.08亿,-1395.20万,2.04亿
4441,688799,华纳药厂,57.72,-0.62%,2.86%,1.02亿,1.00亿,178.64万,2.18亿
4442,605377,华旺科技,9.55,-0.62%,0.30%,751.65万,832.21万,-80.56万,1602.75万
4443,688505,复旦张江,8.03,-0.62%,0.30%,728.91万,845.78万,-116.87万,1683.53万
4444,300585,奥联电子,17.57,-0.62%,2.79%,4508.20万,3746.48万,761.72万,8342.02万
4445,300529,健帆生物,17.62,-0.62%,0.42%,1561.50万,2227.55万,-666.06万,3812.29万
4446,2896,中大力德,73.5,-0.62%,1.41%,8687.38万,1.15亿,-2795.98万,2.05亿
4447,983,山西焦煤,6.43,-0.62%,0.44%,5582.49万,1.02亿,-4606.52万,1.61亿
4448,301367,瑞迈特,69.2,-0.63%,0.48%,1005.35万,1300.19万,-294.84万,2322.84万
4449,688334,西高院,22.12,-0.63%,1.35%,1801.67万,2882.76万,-1081.09万,4699.17万
4450,300927,江天化学,29.91,-0.63%,1.59%,2820.42万,3818.87万,-998.45万,6681.17万
4451,605377,华旺科技,9.55,-0.62%,0.32%,797.14万,877.64万,-80.50万,1705.47万
4452,688505,复旦张江,8.03,-0.62%,0.33%,982.57万,917.82万,64.75万,1905.15万
4453,300585,奥联电子,17.57,-0.62%,2.79%,4508.20万,3746.48万,761.72万,8342.02万
4454,300529,健帆生物,17.62,-0.62%,0.42%,1561.50万,2227.55万,-666.06万,3812.29万
4455,2896,中大力德,73.5,-0.62%,1.41%,8687.38万,1.15亿,-2795.98万,2.05亿
4456,983,山西焦煤,6.43,-0.62%,0.44%,5582.49万,1.02亿,-4606.52万,1.61亿
4457,301367,瑞迈特,69.2,-0.63%,0.48%,1005.35万,1300.19万,-294.84万,2322.84万
4458,688662,富信科技,64.87,-0.63%,2.76%,7920.54万,7711.15万,209.39万,1.58亿
4459,300927,江天化学,29.91,-0.63%,1.59%,2820.42万,3818.87万,-998.45万,6681.17万
4460,603637,镇海股份,14.09,-0.63%,2.25%,3481.54万,3891.45万,-409.91万,7513.24万
4461,603298,杭叉集团,25.38,-0.63%,0.22%,3795.28万,3674.58万,120.70万,7500.57万
4462,601330,绿色动力,7.94,-0.63%,0.99%,2915.87万,4795.39万,-1879.52万,7782.31万
4463,600523,贵航股份,14.11,-0.63%,0.85%,3020.99万,1809.94万,1211.05万,4851.52万
4464,600256,广汇能源,6.33,-0.63%,0.97%,1.68亿,2.23亿,-5534.83万,3.93亿
4465,1390,古麒绒材,21.89,-0.64%,1.57%,954.46万,751.49万,202.97万,1724.99万
4466,301090,华润材料,7.72,-0.64%,0.23%,1225.74万,1399.45万,-173.72万,2638.02万
4467,601607,上海医药,17.14,-0.64%,0.18%,3725.53万,5034.88万,-1309.35万,8837.20万
4468,600926,杭州银行,17.17,-0.64%,0.17%,9000.18万,1.28亿,-3818.17万,2.19亿
4469,600125,铁龙物流,6.2,-0.64%,0.75%,2477.51万,3470.03万,-992.52万,6046.28万
4470,300725,药石科技,38.7,-0.64%,1.86%,6493.32万,7953.57万,-1460.24万,1.46亿
4471,959,首钢股份,4.63,-0.64%,0.41%,6117.51万,7295.36万,-1177.85万,1.43亿
4472,856,冀东装备,10.84,-0.64%,2.21%,2660.98万,2707.04万,-46.06万,5434.72万
4473,516,国际医学,4.66,-0.64%,0.71%,2883.18万,4360.39万,-1477.21万,7289.49万
4474,2582,好想你,12.16,-0.65%,5.85%,1.04亿,1.39亿,-3515.77万,2.46亿
4475,300167,ST迪威迅,6.12,-0.65%,1.04%,812.42万,1474.11万,-661.68万,2292.65万
4476,301007,德迈仕,34.98,-0.65%,0.84%,2437.28万,1978.81万,458.48万,4459.48万
4477,301362,民爆光电,150.88,-0.65%,9.21%,2.03亿,1.93亿,1034.93万,3.99亿
4478,688136,科兴制药,32.26,-0.65%,1.75%,5576.70万,5497.38万,79.32万,1.13亿
4479,600567,山鹰国际,1.54,-0.65%,0.26%,919.45万,1581.07万,-661.62万,2507.07万
4480,300444,双杰电气,15.27,-0.65%,9.06%,4.00亿,4.40亿,-4031.55万,8.43亿
4481,300219,鸿利智汇,7.66,-0.65%,1.25%,3084.95万,3664.53万,-579.58万,6761.99万
4482,1222,源飞宠物,19.9,-0.65%,1.15%,1342.95万,1089.39万,253.57万,2455.02万
4483,603014,威高血净,37.43,-0.66%,1.12%,502.61万,1127.87万,-625.26万,1659.68万
4484,688248,南网科技,58.87,-0.66%,1.02%,1.60亿,1.75亿,-1510.74万,3.38亿
4485,601963,重庆银行,10.52,-0.66%,0.39%,4107.35万,4196.95万,-89.60万,8418.72万
4486,601916,浙商银行,3.0,-0.66%,0.23%,7289.87万,7523.42万,-233.55万,1.51亿
4487,603990,麦迪科技,15.07,-0.66%,1.19%,2160.66万,3314.34万,-1153.68万,5518.12万
4488,600800,渤海化学,4.5,-0.66%,1.68%,3905.03万,4422.05万,-517.01万,8348.98万
4489,2849,威星智能,18.09,-0.66%,1.19%,2088.38万,2314.03万,-225.65万,4739.34万
4490,2493,荣盛石化,12.11,-0.66%,0.21%,1.10亿,1.32亿,-2217.95万,2.45亿
4491,2370,亚太药业,7.47,-0.66%,7.41%,2.03亿,2.11亿,-793.99万,4.17亿
4492,2332,仙琚制药,9.04,-0.66%,0.53%,1764.26万,2914.13万,-1149.87万,4726.13万
4493,688765,禾元生物,66.22,-0.67%,1.33%,1391.54万,2154.60万,-763.07万,3585.37万
4494,605500,森林包装,8.94,-0.67%,0.23%,348.34万,396.17万,-47.83万,872.29万
4495,600638,新黄浦,5.94,-0.67%,0.60%,784.36万,1621.20万,-836.84万,2413.26万
4496,688267,中触媒,30.92,-0.67%,0.60%,1596.46万,1661.76万,-65.30万,3276.84万
4497,600717,天津港,4.47,-0.67%,0.33%,1544.12万,2752.36万,-1208.24万,4326.41万
4498,600606,绿地控股,1.49,-0.67%,0.38%,3954.34万,4013.08万,-58.74万,7975.10万
4499,600017,日照港,2.97,-0.67%,0.36%,1207.76万,2024.35万,-816.59万,3271.36万
4500,2847,盐津铺子,54.72,-0.67%,0.41%,2402.84万,2988.80万,-585.96万,5464.45万
4501,31,大悦城,2.89,-0.69%,0.40%,1988.12万,2886.88万,-898.75万,4884.71万
4502,688330,宏力达,50.45,-0.69%,0.78%,2586.00万,2829.09万,-243.09万,5467.36万
4503,600539,狮头股份,15.85,-0.69%,5.50%,1.01亿,9695.25万,370.86万,1.98亿
4504,600271,航天信息,8.66,-0.69%,0.60%,3894.96万,5517.94万,-1622.98万,9614.28万
4505,600211,西藏药业,42.03,-0.69%,0.38%,2180.89万,2886.20万,-705.31万,5103.67万
4506,600000,浦发银行,10.04,-0.69%,0.07%,1.05亿,1.14亿,-908.37万,2.22亿
4507,2275,桂林三金,14.36,-0.69%,0.24%,797.25万,1130.53万,-333.27万,1942.43万
4508,966,长源电力,4.33,-0.69%,0.92%,4636.04万,8223.12万,-3587.08万,1.30亿
4509,100,TCL科技,4.32,-0.69%,0.99%,2.78亿,5.15亿,-2.36亿,8.21亿
4510,603737,三棵树,49.66,-0.70%,0.26%,4347.85万,5027.27万,-679.42万,9532.87万
4511,600968,海油发展,4.28,-0.70%,0.26%,4136.84万,6916.03万,-2779.19万,1.11亿
4512,600418,江淮汽车,45.17,-0.70%,0.87%,3.94亿,4.31亿,-3682.83万,8.68亿
4513,600380,健康元,11.27,-0.70%,0.40%,3499.16万,4501.85万,-1002.69万,8182.58万
4514,600098,广州发展,7.1,-0.70%,0.35%,3649.00万,4870.18万,-1221.18万,8605.24万
4515,300314,戴维医疗,12.82,-0.70%,1.56%,1532.23万,1330.31万,201.92万,2864.33万
4516,513,丽珠集团,34.22,-0.70%,0.44%,3356.08万,5124.73万,-1768.65万,8623.46万
4517,301018,申菱环境,122.41,-0.71%,4.70%,5.67亿,5.75亿,-781.78万,11.49亿
4518,301517,陕西华达,68.36,-0.71%,6.05%,1.91亿,2.10亿,-1867.65万,4.08亿
4519,2727,一心堂,12.61,-0.71%,0.83%,1495.79万,2564.36万,-1068.57万,4130.87万
4520,688136,科兴制药,32.24,-0.71%,1.65%,5413.86万,5222.98万,190.88万,1.07亿
4521,300875,捷强装备,40.69,-0.71%,3.12%,5413.65万,5380.77万,32.88万,1.11亿
4522,603915,国茂股份,15.35,-0.71%,0.48%,2178.79万,2449.95万,-271.16万,4869.05万
4523,603609,禾丰股份,7.04,-0.71%,0.17%,522.08万,562.43万,-40.35万,1098.64万
4524,603016,新宏泰,45.83,-0.71%,2.32%,7560.73万,8070.15万,-509.43万,1.57亿
4525,600422,昆药集团,11.26,-0.71%,0.36%,1035.19万,1965.87万,-930.68万,3040.14万
4526,692,惠天热电,4.2,-0.71%,1.11%,934.17万,1458.66万,-524.49万,2490.58万
4527,1,平安银行,11.13,-0.71%,0.20%,1.83亿,2.57亿,-7351.51万,4.45亿
4528,301172,君逸数码,29.16,-0.72%,2.84%,4093.37万,4056.39万,36.98万,8239.06万
4529,688117,圣诺生物,37.06,-0.72%,0.93%,2691.14万,2711.96万,-20.82万,5414.44万
4530,600423,柳化股份,2.75,-0.72%,4.26%,4814.05万,4354.87万,459.18万,9259.17万
4531,605368,蓝天燃气,8.22,-0.72%,0.32%,400.88万,1454.52万,-1053.64万,1861.72万
4532,601808,中海油服,15.2,-0.72%,0.36%,7031.14万,8854.98万,-1823.84万,1.61亿
4533,600716,凤凰股份,4.15,-0.72%,0.44%,1062.41万,658.29万,404.12万,1722.16万
4534,600612,老凤祥,41.62,-0.72%,0.27%,1350.35万,2178.57万,-828.23万,3544.32万
4535,600511,国药股份,28.99,-0.72%,0.51%,3179.04万,4984.47万,-1805.43万,8211.94万
4536,790,华神科技,4.16,-0.72%,2.61%,3582.50万,3130.29万,452.21万,6745.49万
4537,300984,金沃股份,58.52,-0.73%,1.79%,3946.64万,5426.83万,-1480.19万,9453.73万
4538,981,山子高科,4.07,-0.73%,1.73%,2.25亿,4.28亿,-2.02亿,6.65亿
4539,600160,巨化股份,34.16,-0.73%,0.68%,2.30亿,3.91亿,-1.62亿,6.31亿
4540,300636,同和药业,8.16,-0.73%,0.98%,1159.68万,1763.97万,-604.29万,2926.92万
4541,919,金陵药业,8.2,-0.73%,18.04%,4.07亿,5.38亿,-1.31亿,9.58亿
4542,597,东北制药,5.45,-0.73%,1.14%,4242.54万,4508.29万,-265.75万,8785.17万
4543,300452,山河药辅,14.84,-0.74%,1.24%,1746.49万,1884.31万,-137.82万,3637.04万
4544,688363,华熙生物,42.95,-0.74%,0.27%,2547.53万,2993.73万,-446.20万,5573.06万
4545,603929,亚翔集成,183.9,-0.74%,1.80%,3.45亿,3.49亿,-457.49万,6.99亿
4546,600871,石化油服,2.69,-0.74%,0.54%,8193.44万,1.08亿,-2571.20万,1.94亿
4547,600223,福瑞达,6.75,-0.74%,0.32%,918.01万,1223.96万,-305.95万,2166.34万
4548,300206,理邦仪器,14.77,-0.74%,0.89%,2141.53万,2315.42万,-173.89万,4470.55万
4549,300040,九洲集团,6.72,-0.74%,3.45%,4331.32万,7395.02万,-3063.70万,1.19亿
4550,2780,三夫户外,14.79,-0.74%,2.57%,2828.30万,2065.59万,762.71万,4930.10万
4551,300565,科信技术,14.35,-0.76%,5.12%,8064.70万,8471.52万,-406.82万,1.66亿
4552,2566,益盛药业,7.87,-0.76%,1.31%,1112.38万,1256.94万,-144.56万,2378.21万
4553,2530,金财互联,9.11,-0.76%,2.31%,6157.57万,8326.62万,-2169.05万,1.46亿
4554,688757,胜科纳米,25.65,-0.77%,1.05%,2341.09万,2531.81万,-190.72万,4907.45万
4555,2789,*ST建艺,12.9,-0.77%,0.61%,365.80万,844.33万,-478.53万,1243.03万
4556,601579,会稽山,19.25,-0.77%,1.54%,6636.82万,7509.86万,-873.03万,1.43亿
4557,688098,申联生物,8.99,-0.77%,0.65%,1035.70万,1342.00万,-306.29万,2383.53万
4558,603983,丸美生物,24.51,-0.77%,0.25%,968.32万,1465.32万,-497.00万,2435.36万
4559,601991,大唐发电,3.86,-0.77%,0.41%,7272.58万,1.23亿,-5053.88万,1.98亿
4560,2061,浙江交科,3.89,-0.77%,0.33%,1365.05万,2013.05万,-648.01万,3396.25万
4561,301602,超研股份,19.2,-0.78%,0.52%,938.12万,1128.54万,-190.42万,2083.36万
4562,603060,国检集团,6.34,-0.78%,0.17%,386.49万,497.88万,-111.38万,884.56万
4563,688211,中科微至,32.59,-0.79%,0.11%,257.77万,204.66万,53.11万,465.47万
4564,600250,南京商旅,11.33,-0.79%,4.25%,7307.72万,7484.76万,-177.04万,1.49亿
4565,603990,麦迪科技,15.05,-0.79%,1.13%,2072.47万,3144.34万,-1071.88万,5224.04万
4566,603367,辰欣药业,16.28,-0.79%,0.95%,3062.41万,3931.20万,-868.78万,7011.20万
4567,2111,威海广泰,10.04,-0.79%,0.49%,901.54万,1443.22万,-541.68万,2390.74万
4568,504,*ST生物,9.98,-0.80%,0.32%,246.91万,790.18万,-543.28万,1042.57万
4569,300903,科翔股份,39.44,-0.80%,6.27%,4.12亿,4.01亿,1060.82万,8.17亿
4570,603991,至正股份,109.06,-0.80%,1.26%,4463.21万,5736.10万,-1272.88万,1.02亿
4571,688267,中触媒,30.88,-0.80%,0.57%,1490.09万,1617.76万,-127.67万,3135.21万
4572,300961,深水海纳,13.64,-0.80%,2.37%,2048.53万,2875.87万,-827.34万,4943.36万
4573,2286,保龄宝,9.96,-0.80%,0.80%,1164.94万,1780.04万,-615.10万,2948.67万
4574,895,双汇发展,28.54,-0.80%,0.14%,6189.54万,7613.79万,-1424.25万,1.39亿
4575,600222,太龙药业,7.32,-0.81%,2.10%,4441.37万,4336.61万,104.76万,8809.83万
4576,300723,一品红,36.8,-0.81%,3.69%,3.14亿,2.48亿,6538.08万,5.66亿
4577,963,华东医药,35.38,-0.81%,0.30%,8479.17万,9626.74万,-1147.57万,1.83亿
4578,300869,康泰医学,13.26,-0.82%,0.81%,1207.88万,1610.81万,-402.93万,2825.45万
4579,600928,西安银行,3.62,-0.82%,0.20%,1272.65万,1953.73万,-681.07万,3250.26万
4580,600467,好当家,2.43,-0.82%,1.14%,1231.25万,2792.19万,-1560.94万,4029.28万
4581,600165,ST宁科,3.61,-0.82%,0.49%,418.88万,883.38万,-464.50万,1302.70万
4582,300124,汇川技术,67.34,-0.82%,0.78%,5.90亿,6.78亿,-8738.30万,12.71亿
4583,301507,民生健康,14.26,-0.83%,1.65%,1117.36万,1467.32万,-349.96万,2587.68万
4584,301290,东星医疗,27.39,-0.83%,1.21%,951.10万,1283.77万,-332.67万,2251.31万
4585,688276,百克生物,17.89,-0.83%,0.20%,674.37万,780.70万,-106.33万,1476.13万
4586,688085,三友医疗,17.95,-0.83%,0.38%,922.00万,1201.00万,-279.00万,2148.90万
4587,603668,天马科技,13.16,-0.83%,2.09%,6533.85万,7344.41万,-810.56万,1.40亿
4588,603516,淳中科技,142.14,-0.83%,1.38%,2.15亿,1.73亿,4172.76万,4.01亿
4589,601898,中煤能源,16.79,-0.83%,0.18%,1.20亿,1.55亿,-3481.00万,2.78亿
4590,600379,宝光股份,11.93,-0.83%,1.19%,2101.90万,2535.55万,-433.65万,4687.23万
4591,600322,津投城开,2.4,-0.83%,0.72%,671.64万,1228.15万,-556.50万,1917.31万
4592,300534,陇神戎发,9.52,-0.83%,0.95%,1107.57万,1605.61万,-498.05万,2715.47万
4593,2907,华森制药,14.3,-0.83%,0.60%,1190.15万,1648.38万,-458.23万,2864.15万
4594,2745,木林森,8.34,-0.83%,1.08%,3323.05万,6122.60万,-2799.55万,9557.85万
4595,688755,汉邦科技,38.4,-0.83%,0.44%,87.59万,204.88万,-117.30万,301.09万
4596,603186,华正新材,72.24,-0.84%,3.53%,1.91亿,2.05亿,-1409.70万,4.03亿
4597,300705,九典制药,14.15,-0.84%,0.85%,1822.18万,2576.17万,-753.99万,4419.00万
4598,2620,ST瑞和,9.44,-0.84%,2.19%,2664.86万,3778.37万,-1113.51万,6478.00万
4599,300863,卡倍亿,59.18,-0.85%,1.37%,7672.61万,6841.78万,830.83万,1.46亿
4600,600726,华电能源,4.64,-0.85%,1.41%,2.13亿,2.68亿,-5513.28万,4.85亿
4601,600322,津投城开,2.4,-0.83%,0.72%,671.64万,1228.15万,-556.50万,1917.31万
4602,300534,陇神戎发,9.52,-0.83%,0.95%,1107.57万,1605.61万,-498.05万,2715.47万
4603,2907,华森制药,14.3,-0.83%,0.60%,1190.15万,1648.38万,-458.23万,2864.15万
4604,2745,木林森,8.34,-0.83%,1.08%,3323.05万,6122.60万,-2799.55万,9557.85万
4605,688755,汉邦科技,38.4,-0.83%,0.44%,87.59万,204.88万,-117.30万,301.09万
4606,300705,九典制药,14.15,-0.84%,0.85%,1822.18万,2576.17万,-753.99万,4419.00万
4607,2620,ST瑞和,9.44,-0.84%,2.19%,2664.86万,3778.37万,-1113.51万,6478.00万
4608,300863,卡倍亿,59.18,-0.85%,1.37%,7672.61万,6841.78万,830.83万,1.46亿
4609,600726,华电能源,4.64,-0.85%,1.41%,2.13亿,2.68亿,-5513.28万,4.85亿
4610,603398,*ST沐邦,12.79,-0.85%,1.05%,2364.60万,3398.82万,-1034.22万,5764.33万
4611,601010,文峰股份,2.33,-0.85%,1.10%,2014.07万,2699.48万,-685.42万,4727.18万
4612,301087,可孚医疗,57.34,-0.86%,1.04%,5760.69万,5789.78万,-29.10万,1.16亿
4613,300839,博汇股份,14.94,-0.86%,2.42%,5081.14万,5277.86万,-196.72万,1.04亿
4614,600868,梅雁吉祥,3.44,-0.86%,1.68%,4905.77万,5953.07万,-1047.30万,1.09亿
4615,300434,金石亚药,10.33,-0.86%,1.36%,2070.20万,2717.15万,-646.95万,4807.49万
4616,2219,新里程,2.31,-0.86%,4.71%,1.71亿,1.86亿,-1501.63万,3.64亿
4617,999,华润三九,27.81,-0.86%,0.48%,9905.84万,1.19亿,-2030.43万,2.20亿
4618,301667,纳百川,102.0,-0.87%,20.64%,2.14亿,2.64亿,-4921.45万,4.83亿
4619,88,盐田港,4.56,-0.87%,0.25%,1285.34万,2277.41万,-992.07万,3612.83万
4620,600975,新五丰,5.73,-0.87%,0.65%,2184.71万,2426.40万,-241.69万,4618.90万
4621,300332,天壕能源,5.72,-0.87%,2.23%,4359.41万,6181.48万,-1822.06万,1.06亿
4622,300298,三诺生物,15.89,-0.87%,0.47%,1373.70万,1982.42万,-608.72万,3386.78万
4623,2307,北新路桥,4.56,-0.87%,1.02%,2470.78万,3292.02万,-821.24万,5916.08万
4624,723,美锦能源,4.57,-0.87%,0.85%,6841.64万,1.01亿,-3264.64万,1.71亿
4625,603151,邦基科技,16.9,-0.88%,0.73%,1239.63万,871.08万,368.55万,2115.96万
4626,603858,步长制药,16.86,-0.88%,0.46%,3363.78万,4710.65万,-1346.87万,8107.15万
4627,2840,华统股份,13.56,-0.88%,4.59%,2.57亿,2.29亿,2789.32万,4.89亿
4628,2737,葵花药业,12.4,-0.88%,0.32%,963.42万,1306.55万,-343.13万,2302.12万
4629,301609,山大电力,47.75,-0.89%,4.83%,4212.29万,4123.97万,88.32万,8396.92万
4630,2462,嘉事堂,14.43,-0.89%,0.73%,1147.78万,1911.88万,-764.10万,3074.52万
4631,1221,悍高集团,62.5,-0.89%,1.62%,1555.06万,2063.02万,-507.96万,3651.16万
4632,688315,诺禾致源,14.4,-0.89%,0.47%,1356.35万,1447.74万,-91.39万,2815.14万
4633,300110,华仁药业,3.35,-0.89%,3.24%,5818.97万,7039.41万,-1220.44万,1.29亿
4634,788,北大医药,6.71,-0.89%,16.74%,3.15亿,3.57亿,-4129.68万,6.75亿
4635,69,华侨城A,2.22,-0.89%,0.21%,1077.93万,2193.02万,-1115.09万,3284.26万
4636,2390,信邦制药,3.3,-0.90%,1.03%,2834.35万,3663.91万,-829.56万,6585.82万
4637,300917,特发服务,33.01,-0.90%,1.33%,3440.61万,3946.78万,-506.17万,7441.85万
4638,600420,国药现代,9.91,-0.90%,0.45%,2357.99万,3534.61万,-1176.62万,5945.97万
4639,2773,康弘药业,27.43,-0.90%,1.11%,1.00亿,1.06亿,-592.36万,2.08亿
4640,605151,西上海,19.6,-0.91%,1.33%,1789.56万,1707.99万,81.57万,3503.43万
4641,3019,宸展光电,33.74,-0.91%,1.17%,2777.80万,3862.30万,-1084.50万,6747.39万
4642,600329,达仁堂,41.16,-0.91%,0.29%,2961.34万,3852.99万,-891.66万,6860.45万
4643,300411,金盾股份,10.89,-0.91%,1.65%,2163.06万,3244.07万,-1081.01万,5502.11万
4644,603235,天新药业,26.8,-0.92%,0.07%,256.89万,609.33万,-352.44万,867.56万
4645,300626,华瑞股份,25.96,-0.92%,3.05%,7262.57万,6788.20万,474.36万,1.42亿
4646,601187,厦门银行,7.58,-0.92%,0.25%,2089.55万,2882.13万,-792.58万,5008.94万
4647,600987,航民股份,7.52,-0.92%,0.27%,817.24万,1244.40万,-427.16万,2070.14万
4648,600710,苏美达,12.93,-0.92%,0.54%,3782.34万,5247.95万,-1465.61万,9122.00万
4649,96,广聚能源,9.68,-0.92%,0.57%,1103.45万,1690.06万,-586.61万,2807.25万
4650,301357,北方长龙,114.02,-0.93%,5.98%,8298.85万,7809.43万,489.42万,1.62亿
4651,680,山推股份,11.69,-0.93%,1.14%,7643.54万,9621.15万,-1977.61万,1.77亿
4652,605286,同力天启,43.73,-0.93%,0.98%,3646.41万,3568.83万,77.58万,7235.35万
4653,301188,力诺药包,23.3,-0.94%,4.27%,1.35亿,1.31亿,481.56万,2.67亿
4654,300381,溢多利,6.33,-0.94%,0.73%,907.16万,1327.98万,-420.82万,2267.30万
4655,600550,保变电气,15.88,-0.94%,3.30%,4.32亿,5.10亿,-7825.48万,9.48亿
4656,301216,万凯新材,29.09,-0.95%,0.94%,7000.37万,7893.07万,-892.70万,1.51亿
4657,603213,镇洋发展,13.56,-0.95%,0.24%,424.91万,1002.15万,-577.24万,1429.10万
4658,300841,康华生物,59.3,-0.95%,0.65%,2262.20万,2274.81万,-12.61万,4608.15万
4659,600833,第一医药,11.5,-0.95%,0.76%,856.49万,1073.78万,-217.29万,1944.18万
4660,600537,亿晶光电,4.19,-0.95%,4.67%,1.02亿,1.26亿,-2414.99万,2.32亿
4661,300702,天宇股份,22.91,-0.95%,0.62%,1319.74万,1666.99万,-347.25万,2998.87万
4662,300651,金陵体育,30.19,-0.95%,10.86%,1.30亿,1.54亿,-2375.71万,2.85亿
4663,2630,ST华西,2.09,-0.95%,6.59%,6002.23万,8306.87万,-2304.64万,1.44亿
4664,301696,三瑞智能,112.9,-0.96%,23.78%,3.85亿,4.12亿,-2620.81万,8.03亿
4665,2323,雅博股份,2.06,-0.96%,3.27%,7135.15万,7100.05万,35.10万,1.42亿
4666,688563,航材股份,60.8,-0.96%,1.60%,4834.83万,6459.52万,-1624.69万,1.14亿
4667,600862,中航高科,21.75,-0.96%,0.74%,8628.92万,1.36亿,-5004.64万,2.25亿
4668,300480,光力科技,34.02,-0.96%,4.58%,1.97亿,2.24亿,-2769.50万,4.23亿
4669,2512,ST达华,4.11,-0.96%,2.96%,5227.82万,8160.84万,-2933.02万,1.34亿
4670,48,京基智农,15.4,-0.96%,1.17%,4063.40万,5378.40万,-1315.00万,9490.10万
4671,301629,矽电股份,279.49,-0.97%,5.18%,1.32亿,1.43亿,-1180.36万,2.78亿
4672,301126,达嘉维康,11.23,-0.97%,1.21%,957.03万,903.91万,53.12万,1872.16万
4673,601825,沪农商行,9.21,-0.97%,0.10%,4671.45万,4065.05万,606.40万,8841.62万
4674,603757,大元泵业,57.32,-0.97%,5.44%,2.97亿,2.83亿,1323.02万,5.83亿
4675,2866,传艺科技,23.39,-0.97%,10.51%,2.08亿,2.36亿,-2781.85万,4.46亿
4676,603737,三棵树,49.52,-0.98%,0.24%,3969.44万,4750.54万,-781.10万,8911.79万
4677,2585,双星新材,7.08,-0.98%,2.82%,6614.63万,1.09亿,-4331.95万,1.77亿
4678,2860,星帅尔,12.97,-0.99%,1.84%,3696.65万,4526.09万,-829.44万,8335.73万
4679,688767,博拓生物,34.13,-0.99%,0.79%,1900.23万,2090.07万,-189.84万,3998.86万
4680,2985,北摩高科,36.82,-0.99%,1.22%,6447.09万,8223.48万,-1776.39万,1.48亿
4681,300716,ST泉为,14.04,-0.99%,1.50%,1407.27万,1874.52万,-467.25万,3369.33万
4682,600993,马应龙,25.09,-0.99%,0.53%,2079.97万,3560.26万,-1480.28万,5707.00万
4683,600882,妙可蓝多,19.04,-0.99%,0.70%,2716.25万,3996.66万,-1280.41万,6761.83万
4684,301631,壹连科技,101.96,-1.00%,12.37%,1.86亿,2.00亿,-1390.55万,3.88亿
4685,688090,瑞松科技,67.62,-1.00%,1.46%,5927.39万,6102.94万,-175.55万,1.22亿
4686,2788,鹭燕医药,15.79,-1.00%,18.23%,5.38亿,5.82亿,-4364.95万,11.36亿
4687,688630,芯碁微装,232.66,-1.00%,3.86%,5.72亿,5.81亿,-910.70万,11.64亿
4688,688108,赛诺医疗,21.82,-1.00%,1.20%,5212.77万,5653.93万,-441.16万,1.09亿
4689,603858,步长制药,16.84,-1.00%,0.44%,3159.87万,4554.65万,-1394.78万,7802.41万
4690,600969,郴电国际,9.87,-1.00%,1.01%,1754.94万,1867.71万,-112.78万,3705.97万
4691,2876,三利谱,28.62,-1.00%,2.99%,6030.03万,6480.92万,-450.88万,1.27亿
4692,2310,东方新能,2.98,-1.00%,2.21%,1.25亿,1.52亿,-2684.35万,2.79亿
4693,2166,莱茵生物,8.94,-1.00%,0.56%,1603.74万,2086.30万,-482.56万,3743.99万
4694,2109,兴化股份,3.97,-1.00%,1.36%,2933.40万,3864.02万,-930.62万,6880.72万
4695,729,燕京啤酒,12.86,-1.00%,0.98%,1.27亿,1.88亿,-6166.49万,3.18亿
4696,301130,西点药业,31.21,-1.01%,1.77%,1518.16万,1736.63万,-218.48万,3260.10万
4697,688273,麦澜德,45.92,-1.01%,2.16%,5749.46万,3980.10万,1769.35万,9856.90万
4698,301060,兰卫医学,9.84,-1.01%,0.64%,952.45万,1307.85万,-355.41万,2279.88万
4699,688383,新益昌,94.24,-1.01%,0.67%,2993.88万,3342.38万,-348.50万,6400.01万
4700,600479,千金药业,10.73,-1.01%,1.10%,2322.68万,2565.99万,-243.31万,4912.07万
4701,688383,新益昌,94.24,-1.01%,0.67%,2993.88万,3342.38万,-348.50万,6400.01万
4702,600479,千金药业,10.73,-1.01%,1.10%,2322.68万,2565.99万,-243.31万,4912.07万
4703,600426,华鲁恒升,35.19,-1.01%,0.57%,2.09亿,2.05亿,379.39万,4.24亿
4704,2485,ST雪发,4.85,-1.02%,0.30%,253.46万,545.90万,-292.44万,804.31万
4705,688133,泰坦科技,21.34,-1.02%,0.77%,1031.17万,1627.32万,-596.15万,2675.33万
4706,601018,宁波港,3.87,-1.02%,0.09%,2480.72万,4489.60万,-2008.88万,7030.69万
4707,600055,万东医疗,14.51,-1.02%,0.22%,884.03万,1329.12万,-445.09万,2282.47万
4708,620,盈新发展,2.89,-1.03%,2.37%,1.44亿,1.73亿,-2903.28万,3.18亿
4709,2957,科瑞技术,41.49,-1.03%,5.30%,4.16亿,4.83亿,-6704.73万,9.06亿
4710,1326,联域股份,55.21,-1.04%,4.91%,3271.29万,3305.81万,-34.52万,6627.91万
4711,1228,永泰运,33.16,-1.04%,1.15%,1246.82万,1804.49万,-557.67万,3074.50万
4712,301207,华兰疫苗,20.06,-1.04%,0.51%,2590.78万,3469.24万,-878.46万,6075.47万
4713,300289,利德曼,6.65,-1.04%,0.56%,854.97万,1168.56万,-313.59万,2029.51万
4714,3015,日久光电,16.19,-1.04%,2.67%,4622.42万,5980.04万,-1357.62万,1.07亿
4715,688068,热景生物,124.93,-1.05%,1.56%,9244.29万,8642.71万,601.58万,1.79亿
4716,600021,上海电力,17.87,-1.05%,0.86%,2.14亿,2.17亿,-305.74万,4.37亿
4717,300119,瑞普生物,18.83,-1.05%,0.90%,2410.92万,3189.47万,-778.56万,5612.63万
4718,2101,广东鸿图,10.37,-1.05%,0.94%,2772.21万,3651.68万,-879.47万,6496.17万
4719,301211,亨迪药业,12.11,-1.06%,0.42%,821.20万,1310.92万,-489.73万,2139.27万
4720,3020,立方制药,24.29,-1.06%,0.48%,690.20万,891.04万,-200.84万,1595.10万
4721,600827,百联股份,8.42,-1.06%,0.36%,1922.19万,2881.91万,-959.72万,4833.43万
4722,56,皇庭国际,1.86,-1.06%,3.01%,1947.45万,3107.00万,-1159.55万,5061.01万
4723,688410,山外山,15.75,-1.07%,0.56%,1277.31万,1524.63万,-247.32万,2815.68万
4724,3031,中瓷电子,102.18,-1.07%,2.23%,3.45亿,4.11亿,-6594.92万,7.67亿
4725,600118,中国卫星,85.36,-1.07%,2.35%,11.92亿,11.58亿,3449.60万,23.82亿
4726,301622,英思特,63.31,-1.08%,1.62%,3412.56万,3209.51万,203.05万,6666.43万
4727,688087,英科再生,37.41,-1.08%,0.43%,1179.23万,1800.44万,-621.21万,3011.88万
4728,688019,安集科技,249.13,-1.08%,1.07%,1.80亿,2.85亿,-1.04亿,4.68亿
4729,603520,司太立,11.04,-1.08%,3.02%,6418.63万,8051.41万,-1632.79万,1.45亿
4730,601717,中创智领,20.08,-1.08%,0.56%,6960.98万,1.03亿,-3383.68万,1.75亿
4731,756,新华制药,14.69,-1.08%,0.71%,1866.87万,3277.78万,-1410.90万,5182.68万
4732,547,航天发展,27.37,-1.08%,6.38%,12.04亿,15.33亿,-3.29亿,27.51亿
4733,301235,华康洁净,50.74,-1.09%,4.05%,8405.05万,6264.77万,2140.29万,1.48亿
4734,300026,红日药业,3.63,-1.09%,1.40%,5435.54万,8412.95万,-2977.41万,1.39亿
4735,603883,老百姓,13.66,-1.09%,0.58%,2092.99万,3897.19万,-1804.20万,6011.47万
4736,600575,淮河能源,3.64,-1.09%,0.67%,3445.46万,6058.18万,-2612.72万,9538.99万
4737,600521,华海药业,16.33,-1.09%,0.90%,9844.50万,1.20亿,-2172.84万,2.19亿
4738,301265,华新科技,23.44,-1.10%,3.25%,6079.09万,6768.39万,-689.30万,1.30亿
4739,603296,华勤技术,97.79,-1.10%,1.09%,2.90亿,3.15亿,-2487.66万,6.08亿
4740,688315,诺禾致源,14.37,-1.10%,0.44%,1227.75万,1391.86万,-164.12万,2647.43万
4741,603290,斯达半导,99.31,-1.10%,1.12%,1.23亿,1.40亿,-1675.39万,2.64亿
4742,300472,*ST新元,8.11,-1.10%,0.82%,723.34万,1036.00万,-312.66万,1763.80万
4743,931,中关村,5.34,-1.11%,1.20%,1809.04万,2852.62万,-1043.58万,4823.48万
4744,2900,哈三联,11.57,-1.11%,2.21%,2031.98万,2056.95万,-24.97万,4109.87万
4745,705,浙江震元,8.9,-1.11%,1.25%,1262.06万,1852.03万,-589.96万,3135.00万
4746,2211,ST宏达,3.57,-1.11%,0.81%,465.55万,795.71万,-330.16万,1262.68万
4747,603817,海峡环保,7.11,-1.11%,1.04%,1817.31万,2365.36万,-548.05万,4207.23万
4748,603227,雪峰科技,9.84,-1.11%,1.35%,5840.15万,8241.45万,-2401.30万,1.41亿
4749,300497,富祥药业,18.78,-1.11%,7.80%,3.23亿,3.26亿,-367.11万,6.52亿
4750,400,许继电气,25.95,-1.11%,1.84%,2.12亿,2.67亿,-5539.51万,4.81亿
4751,688234,天岳先进,89.47,-1.11%,1.43%,2.40亿,2.93亿,-5306.41万,5.48亿
4752,2211,ST宏达,3.57,-1.11%,0.81%,465.55万,795.71万,-330.16万,1262.68万
4753,603227,雪峰科技,9.84,-1.11%,1.35%,5840.15万,8241.45万,-2401.30万,1.41亿
4754,300497,富祥药业,18.78,-1.11%,7.80%,3.23亿,3.26亿,-367.11万,6.52亿
4755,400,许继电气,25.95,-1.11%,1.93%,2.24亿,2.76亿,-5124.89万,5.04亿
4756,301626,苏州天脉,272.11,-1.12%,1.45%,9381.37万,1.11亿,-1760.64万,2.08亿
4757,301111,粤万年青,19.45,-1.12%,2.21%,3176.97万,3676.54万,-499.56万,6870.82万
4758,688105,诺唯赞,19.35,-1.12%,0.14%,525.09万,584.19万,-59.10万,1113.57万
4759,2029,七匹狼,9.69,-1.12%,0.92%,2619.28万,3169.57万,-550.28万,5934.82万
4760,300256,星星科技,3.52,-1.12%,1.05%,2984.69万,5229.56万,-2244.87万,8259.75万
4761,3816,中国广核,4.4,-1.12%,0.16%,1.21亿,1.57亿,-3601.28万,2.79亿
4762,2344,海宁皮城,4.41,-1.12%,0.58%,1342.08万,1948.44万,-606.37万,3300.57万
4763,2038,双鹭药业,7.98,-1.12%,13.99%,4.67亿,5.02亿,-3499.07万,9.73亿
4764,300878,维康药业,27.14,-1.13%,0.70%,1310.99万,1323.25万,-12.27万,2689.56万
4765,600310,广西能源,4.38,-1.13%,2.84%,6525.62万,1.16亿,-5080.87万,1.83亿
4766,901,航天科技,22.82,-1.13%,1.84%,1.61亿,1.68亿,-730.67万,3.35亿
4767,688273,麦澜德,45.86,-1.14%,2.22%,5999.31万,4127.02万,1872.28万,1.02亿
4768,600323,瀚蓝环境,28.65,-1.14%,0.25%,2407.35万,3390.58万,-983.23万,5838.91万
4769,2365,永安药业,13.86,-1.14%,1.52%,2122.91万,2980.48万,-857.58万,5140.03万
4770,506,招金黄金,17.29,-1.14%,2.67%,2.04亿,2.18亿,-1353.90万,4.24亿
4771,601156,东航物流,17.14,-1.15%,0.28%,1885.78万,2648.16万,-762.38万,4581.79万
4772,300988,津荣天宇,27.58,-1.15%,1.83%,3151.79万,2248.25万,903.55万,5468.22万
4773,688068,热景生物,124.8,-1.15%,1.61%,9550.93万,8910.25万,640.68万,1.85亿
4774,600486,扬农化工,77.1,-1.15%,0.68%,8360.02万,1.24亿,-4040.54万,2.14亿
4775,300683,海特生物,35.15,-1.15%,3.79%,8048.01万,8123.05万,-75.04万,1.62亿
4776,863,三湘印象,5.17,-1.15%,0.94%,2058.21万,3554.59万,-1496.38万,5633.64万
4777,813,德展健康,3.45,-1.15%,0.60%,1838.09万,2455.20万,-617.11万,4333.77万
4778,688055,龙腾光电,4.25,-1.16%,0.25%,1538.58万,2012.09万,-473.51万,3569.56万
4779,603353,和顺石油,38.2,-1.16%,1.20%,3565.96万,4208.93万,-642.97万,7837.19万
4780,603567,珍宝岛,6.82,-1.16%,1.15%,2807.23万,4588.17万,-1780.94万,7404.66万
4781,600371,万向德农,8.5,-1.16%,1.90%,2107.81万,2500.59万,-392.78万,4644.66万
4782,600031,三一重工,20.42,-1.16%,0.49%,3.09亿,5.26亿,-2.17亿,8.54亿
4783,48,京基智农,15.37,-1.16%,1.21%,4184.78万,5576.24万,-1391.46万,9784.08万
4784,600880,博瑞传播,5.09,-1.17%,2.95%,7150.90万,9065.18万,-1914.28万,1.64亿
4785,301317,鑫磊股份,63.05,-1.18%,6.82%,1.14亿,1.11亿,273.90万,2.28亿
4786,2982,湘佳股份,14.22,-1.18%,1.71%,1641.35万,1491.93万,149.42万,3152.62万
4787,300558,贝达药业,45.16,-1.18%,1.23%,1.13亿,1.18亿,-541.86万,2.32亿
4788,2135,东南网架,7.56,-1.18%,1.83%,6402.72万,7713.03万,-1310.31万,1.45亿
4789,301048,金鹰重工,10.82,-1.19%,0.95%,2036.07万,3430.43万,-1394.36万,5504.92万
4790,912,泸天化,4.97,-1.19%,1.83%,6036.23万,8123.55万,-2087.32万,1.42亿
4791,600283,钱江水利,9.12,-1.19%,0.59%,1100.58万,1793.09万,-692.51万,2942.96万
4792,688510,航亚科技,32.8,-1.20%,1.66%,6051.93万,7913.46万,-1861.53万,1.41亿
4793,300439,美康生物,9.88,-1.20%,0.98%,1102.19万,1710.78万,-608.59万,2820.67万
4794,2693,*ST双成,8.23,-1.20%,1.79%,2621.11万,3082.37万,-461.26万,6003.42万
4795,2683,广东宏大,42.99,-1.20%,0.91%,1.04亿,1.54亿,-5018.84万,2.62亿
4796,2100,天康生物,8.25,-1.20%,1.50%,7343.50万,9356.62万,-2013.13万,1.69亿
4797,2479,富春环保,5.71,-1.21%,1.81%,3341.19万,5458.15万,-2116.96万,8876.53万
4798,688048,长光华芯,288.93,-1.22%,5.16%,13.15亿,13.57亿,-4221.41万,27.14亿
4799,600815,厦工股份,4.05,-1.22%,2.29%,6319.89万,1.02亿,-3831.29万,1.67亿
4800,603707,健友股份,9.71,-1.22%,0.41%,2372.66万,4126.99万,-1754.33万,6555.21万
4801,300300,海峡创新,12.96,-1.22%,4.66%,1.58亿,2.39亿,-8024.15万,3.98亿
4802,301391,卡莱特,81.34,-1.23%,1.44%,5427.80万,5480.93万,-53.13万,1.10亿
4803,605296,神农集团,30.58,-1.23%,0.36%,2644.66万,3013.76万,-369.10万,5670.35万
4804,688597,煜邦电力,8.84,-1.23%,0.58%,658.44万,1044.31万,-385.87万,1712.39万
4805,300238,冠昊生物,15.26,-1.23%,0.95%,1580.43万,2269.59万,-689.15万,3852.46万
4806,2487,大金重工,76.55,-1.23%,1.62%,4.24亿,3.59亿,6437.70万,7.99亿
4807,2454,松芝股份,10.44,-1.23%,2.12%,6653.95万,7253.35万,-599.40万,1.40亿
4808,514,渝开发,4.76,-1.24%,0.66%,954.34万,1701.34万,-747.01万,2675.91万
4809,688234,天岳先进,89.35,-1.24%,1.31%,2.20亿,2.79亿,-5896.90万,5.03亿
4810,600468,百利电气,7.97,-1.24%,2.87%,9663.17万,1.45亿,-4878.35万,2.46亿
4811,2911,佛燃能源,13.58,-1.24%,0.47%,4570.04万,3556.10万,1013.94万,8184.11万
4812,603939,益丰药房,22.87,-1.25%,0.29%,3705.66万,4181.92万,-476.26万,7992.13万
4813,600026,中远海能,22.14,-1.25%,1.10%,4.07亿,4.36亿,-2889.47万,8.49亿
4814,2637,赞宇科技,11.82,-1.25%,1.54%,3447.13万,4541.11万,-1093.97万,8027.61万
4815,301122,采纳股份,30.67,-1.26%,1.25%,1523.38万,1371.09万,152.29万,2900.30万
4816,600237,铜峰电子,9.37,-1.26%,3.67%,8165.13万,1.27亿,-4576.28万,2.14亿
4817,600594,益佰制药,4.7,-1.26%,14.21%,2.55亿,2.79亿,-2374.86万,5.34亿
4818,506,招金黄金,17.27,-1.26%,2.57%,1.95亿,2.11亿,-1594.71万,4.08亿
4819,603269,海鸥股份,15.61,-1.27%,6.62%,1.54亿,1.63亿,-883.64万,3.19亿
4820,603127,昭衍新药,38.77,-1.27%,3.45%,4.40亿,3.93亿,4671.23万,8.36亿
4821,600893,航发动力,50.5,-1.27%,0.62%,3.76亿,4.46亿,-6929.98万,8.32亿
4822,600863,华能蒙电,4.67,-1.27%,0.49%,5451.73万,9380.79万,-3929.06万,1.49亿
4823,2638,勤上股份,4.67,-1.27%,2.31%,5666.32万,8884.80万,-3218.48万,1.46亿
4824,908,ST景峰,7.02,-1.27%,0.91%,2284.55万,3298.60万,-1014.05万,5613.80万
4825,301024,霍普股份,39.35,-1.28%,1.50%,1735.05万,1854.94万,-119.89万,3613.99万
4826,300828,锐新科技,21.59,-1.28%,4.39%,3502.58万,4439.23万,-936.65万,8021.10万
4827,601857,中国石油,11.61,-1.28%,0.06%,4.21亿,6.07亿,-1.86亿,10.51亿
4828,951,中国重汽,23.16,-1.28%,1.19%,1.29亿,1.92亿,-6294.54万,3.26亿
4829,688506,百利天恒,309.8,-1.29%,0.24%,1.64亿,1.39亿,2535.36万,3.03亿
4830,600159,大龙地产,3.05,-1.29%,1.79%,2320.15万,2183.22万,136.93万,4527.54万
4831,300594,朗进科技,29.76,-1.29%,2.13%,3158.43万,2586.74万,571.69万,5755.87万
4832,2020,京新药业,16.05,-1.29%,0.99%,4069.09万,7238.52万,-3169.44万,1.15亿
4833,688816,易思维,66.63,-1.30%,4.52%,2225.90万,3508.43万,-1282.53万,5788.88万
4834,301246,宏源药业,24.21,-1.30%,7.85%,1.61亿,1.63亿,-260.77万,3.26亿
4835,301303,真兰仪表,15.94,-1.30%,2.35%,1465.24万,2286.61万,-821.37万,3805.28万
4836,688317,之江生物,20.5,-1.30%,0.79%,1233.15万,1865.36万,-632.20万,3113.04万
4837,688510,航亚科技,32.77,-1.30%,1.50%,5480.99万,7165.45万,-1684.46万,1.28亿
4838,600789,鲁抗医药,8.37,-1.30%,1.19%,2923.30万,5998.27万,-3074.97万,8989.90万
4839,300803,指南针,100.0,-1.30%,2.08%,6.22亿,6.29亿,-752.20万,12.58亿
4840,2414,高德红外,12.91,-1.30%,1.25%,2.66亿,2.78亿,-1127.21万,5.49亿
4841,735,罗牛山,6.84,-1.30%,1.02%,3216.16万,4696.54万,-1480.38万,8020.50万
4842,301219,腾远钴业,78.44,-1.31%,5.37%,3.93亿,4.69亿,-7592.34万,8.69亿
4843,601998,中信银行,8.31,-1.31%,0.04%,6528.31万,8200.16万,-1671.84万,1.48亿
4844,2393,力生制药,23.44,-1.31%,1.07%,2511.93万,3764.80万,-1252.87万,6296.65万
4845,600759,洲际油气,5.24,-1.32%,3.34%,3.58亿,3.61亿,-318.03万,7.22亿
4846,2823,凯中精密,15.66,-1.32%,2.19%,3535.89万,3957.47万,-421.58万,7549.16万
4847,2299,圣农发展,18.49,-1.33%,0.48%,4503.68万,6222.96万,-1719.28万,1.08亿
4848,1872,招商港口,21.35,-1.34%,0.04%,850.72万,1179.23万,-328.52万,2053.22万
4849,301308,江波龙,366.6,-1.34%,3.62%,17.36亿,18.71亿,-1.35亿,36.35亿
4850,688690,纳微科技,30.88,-1.34%,3.30%,2.26亿,1.75亿,5072.94万,4.03亿
4851,688690,纳微科技,30.88,-1.34%,3.30%,2.26亿,1.75亿,5072.94万,4.03亿
4852,300016,北陆药业,10.32,-1.34%,2.21%,5216.27万,7431.31万,-2215.05万,1.28亿
4853,2169,智光电气,14.7,-1.34%,2.96%,1.52亿,1.79亿,-2722.99万,3.32亿
4854,301158,德石股份,24.18,-1.35%,1.54%,2156.85万,3258.67万,-1101.82万,5439.93万
4855,601968,宝钢包装,5.1,-1.35%,0.58%,1637.01万,2110.42万,-473.41万,3810.98万
4856,753,漳州发展,6.6,-1.35%,0.98%,2304.90万,4040.30万,-1735.40万,6395.53万
4857,603757,大元泵业,57.09,-1.36%,5.77%,3.09亿,3.07亿,261.43万,6.18亿
4858,600568,ST中珠,2.9,-1.36%,0.56%,1079.16万,1617.09万,-537.94万,2697.09万
4859,300808,久量股份,24.56,-1.37%,1.20%,1691.27万,1794.69万,-103.42万,3508.31万
4860,2787,华源控股,16.45,-1.38%,11.29%,2.35亿,2.20亿,1449.15万,4.60亿
4861,2606,大连电瓷,12.15,-1.38%,6.11%,1.54亿,1.55亿,-50.96万,3.11亿
4862,554,泰山石油,7.87,-1.38%,3.03%,3622.65万,4960.37万,-1337.72万,8648.49万
4863,300943,春晖智控,30.59,-1.39%,5.39%,8919.44万,1.34亿,-4450.01万,2.24亿
4864,603063,禾望电气,37.5,-1.39%,9.01%,7.68亿,7.75亿,-699.00万,15.53亿
4865,600976,健民集团,33.46,-1.39%,0.98%,2021.04万,2962.17万,-941.13万,5024.01万
4866,300653,正海生物,19.83,-1.39%,0.56%,628.00万,1357.05万,-729.04万,1986.64万
4867,300632,光莆股份,17.76,-1.39%,4.80%,8588.42万,1.02亿,-1585.44万,1.89亿
4868,301213,观想科技,69.88,-1.40%,1.42%,2346.56万,2705.06万,-358.49万,5153.01万
4869,600548,深高速,9.16,-1.40%,0.17%,891.89万,1771.14万,-879.25万,2693.63万
4870,600721,百花医药,9.06,-1.41%,3.49%,3764.93万,8287.41万,-4522.48万,1.21亿
4871,1282,三联锻造,21.57,-1.42%,4.35%,3690.68万,3664.34万,26.34万,7390.08万
4872,928,中钢国际,6.96,-1.42%,1.80%,8358.58万,9561.36万,-1202.78万,1.81亿
4873,2519,银河电子,8.33,-1.42%,4.87%,1.90亿,2.57亿,-6688.69万,4.49亿
4874,605199,ST葫芦娃,6.91,-1.43%,0.34%,364.28万,577.68万,-213.39万,942.03万
4875,600795,国电电力,4.81,-1.43%,0.54%,1.56亿,3.09亿,-1.53亿,4.67亿
4876,2082,万邦德,28.0,-1.44%,5.34%,3.74亿,4.37亿,-6228.39万,8.23亿
4877,600955,维远股份,18.44,-1.44%,0.78%,3326.75万,4520.07万,-1193.32万,7963.57万
4878,2728,特一药业,10.93,-1.44%,3.01%,4497.36万,6359.71万,-1862.35万,1.09亿
4879,603380,易德龙,36.15,-1.44%,0.90%,2191.97万,3006.75万,-814.78万,5252.87万
4880,301013,利和兴,24.43,-1.45%,3.92%,7882.93万,9911.76万,-2028.84万,1.81亿
4881,600901,江苏金租,6.81,-1.45%,0.35%,4987.82万,8252.32万,-3264.50万,1.39亿
4882,2452,长高电新,10.81,-1.46%,2.13%,5042.91万,6770.33万,-1727.42万,1.19亿
4883,600744,华银电力,7.44,-1.46%,3.00%,2.15亿,2.34亿,-1942.16万,4.51亿
4884,600585,海螺水泥,22.22,-1.46%,0.60%,1.85亿,3.29亿,-1.44亿,5.35亿
4885,600351,亚宝药业,6.73,-1.46%,3.14%,6121.35万,8556.07万,-2434.72万,1.47亿
4886,301335,天元宠物,26.13,-1.47%,5.06%,2782.14万,3863.25万,-1081.11万,6682.20万
4887,688137,近岸蛋白,49.03,-1.47%,0.93%,1809.95万,1393.23万,416.72万,3207.75万
4888,2317,众生药业,18.81,-1.47%,2.33%,1.39亿,1.92亿,-5270.51万,3.34亿
4889,603001,奥康国际,9.34,-1.48%,1.39%,2589.64万,2582.85万,6.80万,5286.25万
4890,2853,皮阿诺,25.36,-1.48%,1.19%,1888.54万,1992.40万,-103.86万,3895.90万
4891,688351,微电生理,23.83,-1.49%,0.39%,1936.77万,2404.81万,-468.03万,4351.12万
4892,2962,五方光电,16.55,-1.49%,9.73%,1.60亿,1.71亿,-1061.59万,3.35亿
4893,603669,灵康药业,4.64,-1.49%,1.48%,2333.13万,2592.80万,-259.68万,4932.46万
4894,600973,宝胜股份,7.25,-1.49%,1.70%,7243.57万,9056.14万,-1812.58万,1.70亿
4895,600855,航天长峰,19.64,-1.50%,5.97%,2.63亿,2.84亿,-2100.13万,5.50亿
4896,2868,*ST绿康,39.5,-1.50%,0.44%,856.68万,986.20万,-129.52万,1883.12万
4897,301393,昊帆生物,58.7,-1.51%,3.98%,4986.94万,4791.32万,195.62万,9872.16万
4898,301281,科源制药,38.4,-1.51%,2.79%,4125.02万,3317.31万,807.71万,7552.10万
4899,1231,农心科技,24.13,-1.51%,3.33%,1440.87万,2603.82万,-1162.95万,4070.76万
4900,301080,百普赛斯,49.54,-1.51%,2.32%,6684.48万,7677.87万,-993.39万,1.44亿
4901,2868,*ST绿康,39.5,-1.50%,0.44%,856.68万,986.20万,-129.52万,1883.12万
4902,301393,昊帆生物,58.7,-1.51%,3.98%,4986.94万,4791.32万,195.62万,9872.16万
4903,301281,科源制药,38.4,-1.51%,2.79%,4125.02万,3317.31万,807.71万,7552.10万
4904,1231,农心科技,24.13,-1.51%,3.33%,1440.87万,2603.82万,-1162.95万,4070.76万
4905,301080,百普赛斯,49.54,-1.51%,2.32%,6684.48万,7677.87万,-993.39万,1.44亿
4906,300617,安靠智电,58.12,-1.51%,3.77%,1.39亿,1.63亿,-2417.11万,3.02亿
4907,600234,科新发展,17.49,-1.52%,1.17%,2717.96万,2641.65万,76.31万,5394.06万
4908,2439,启明星辰,14.82,-1.53%,3.89%,1.80亿,2.35亿,-5510.16万,4.17亿
4909,301042,安联锐视,93.35,-1.54%,2.84%,9262.98万,8010.72万,1252.26万,1.79亿
4910,300547,川环科技,38.42,-1.54%,4.18%,1.27亿,1.56亿,-2914.01万,2.88亿
4911,688712,北芯生命,41.8,-1.55%,6.65%,4537.47万,5741.19万,-1203.72万,1.03亿
4912,603829,洛凯股份,27.28,-1.55%,1.40%,3637.74万,3444.85万,192.90万,7122.66万
4913,688809,强一股份,364.86,-1.55%,5.09%,2.01亿,2.44亿,-4295.11万,4.51亿
4914,601083,锦江航运,12.7,-1.55%,2.82%,2674.81万,4249.02万,-1574.21万,6975.31万
4915,688179,阿拉丁,18.17,-1.57%,1.71%,4614.75万,6125.63万,-1510.88万,1.08亿
4916,605199,ST葫芦娃,6.9,-1.57%,0.35%,369.54万,599.69万,-230.15万,982.14万
4917,2871,伟隆股份,18.05,-1.58%,2.27%,3064.33万,2936.97万,127.36万,6143.48万
4918,2639,雪人集团,19.32,-1.58%,5.05%,2.77亿,3.53亿,-7620.78万,6.34亿
4919,300850,新强联,42.06,-1.59%,3.31%,1.62亿,2.55亿,-9309.15万,4.21亿
4920,601811,新华文轩,14.22,-1.59%,0.60%,2530.00万,4205.41万,-1675.41万,6770.67万
4921,2358,森源电气,7.39,-1.60%,2.66%,7837.19万,1.02亿,-2403.78万,1.81亿
4922,688661,和林微纳,85.58,-1.60%,1.77%,1.13亿,1.13亿,51.77万,2.29亿
4923,2068,黑猫股份,8.63,-1.60%,1.57%,3719.23万,6064.43万,-2345.20万,9935.89万
4924,603163,圣晖集成,108.61,-1.61%,1.76%,9654.92万,9392.61万,262.31万,1.92亿
4925,600193,*ST创兴,3.04,-1.62%,2.98%,2118.09万,1808.64万,309.46万,3949.37万
4926,300194,福安药业,4.24,-1.62%,1.54%,2742.65万,3612.46万,-869.81万,6356.94万
4927,2550,千红制药,7.89,-1.62%,1.63%,5219.75万,6698.51万,-1478.76万,1.21亿
4928,617,中油资本,9.71,-1.62%,0.73%,3.24亿,5.63亿,-2.39亿,8.93亿
4929,301120,新特电气,23.61,-1.63%,6.00%,1.28亿,1.76亿,-4793.04万,3.07亿
4930,603777,来伊份,16.25,-1.63%,5.58%,1.47亿,1.58亿,-1073.55万,3.05亿
4931,2952,亚世光电,25.86,-1.64%,2.32%,3631.74万,4212.17万,-580.43万,7919.36万
4932,603998,方盛制药,10.73,-1.65%,1.19%,1966.07万,3611.47万,-1645.40万,5600.49万
4933,603808,歌力思,10.11,-1.65%,2.31%,3922.95万,4593.21万,-670.26万,8634.47万
4934,688247,宣泰医药,9.46,-1.66%,0.30%,415.03万,854.61万,-439.58万,1273.04万
4935,603444,吉比特,386.83,-1.66%,4.30%,6.24亿,5.59亿,6543.20万,11.89亿
4936,601326,秦港股份,3.56,-1.66%,0.39%,1687.78万,4927.93万,-3240.15万,6657.26万
4937,300791,仙乐健康,21.22,-1.67%,0.95%,1624.52万,3536.68万,-1912.17万,5191.57万
4938,600998,九州通,5.31,-1.67%,0.43%,4281.39万,7331.55万,-3050.16万,1.17亿
4939,600272,开开实业,12.4,-1.67%,1.30%,949.56万,1601.77万,-652.21万,2568.91万
4940,688710,益诺思,70.42,-1.68%,0.77%,2020.13万,2816.90万,-796.77万,4902.66万
4941,300561,*ST汇科,16.99,-1.68%,5.40%,8751.97万,1.30亿,-4249.63万,2.19亿
4942,2808,*ST恒久,4.68,-1.68%,2.04%,644.55万,910.78万,-266.22万,1583.27万
4943,301592,六九一二,125.02,-1.70%,5.39%,7107.60万,8574.61万,-1467.01万,1.58亿
4944,688496,清越科技,5.78,-1.70%,1.80%,1163.74万,1272.78万,-109.04万,2460.88万
4945,605599,菜百股份,22.51,-1.70%,0.41%,4009.19万,3242.52万,766.67万,7268.60万
4946,600613,神奇制药,6.29,-1.72%,2.05%,3208.62万,2946.86万,261.76万,6182.45万
4947,600339,中油工程,3.99,-1.72%,1.02%,8552.45万,1.37亿,-5185.30万,2.28亿
4948,600268,国电南自,15.4,-1.72%,2.36%,1.60亿,2.02亿,-4212.22万,3.66亿
4949,300730,科创信息,14.86,-1.72%,2.85%,3277.73万,4733.27万,-1455.54万,8282.94万
4950,929,*ST兰黄,10.31,-1.72%,1.43%,1179.65万,1532.85万,-353.21万,2746.56万
4951,2752,昇兴股份,6.24,-1.73%,1.09%,2382.53万,4269.91万,-1887.39万,6692.40万
4952,600929,雪天盐业,6.83,-1.73%,1.56%,9048.08万,8386.65万,661.43万,1.75亿
4953,300483,首华燃气,19.15,-1.74%,3.55%,1.26亿,1.31亿,-542.19万,2.58亿
4954,2259,升达林业,5.06,-1.75%,1.77%,3229.09万,3513.39万,-284.29万,6764.96万
4955,2969,嘉美包装,23.05,-1.75%,2.65%,3.16亿,3.43亿,-2654.78万,6.64亿
4956,601179,中国西电,17.39,-1.75%,4.03%,15.16亿,20.21亿,-5.05亿,35.54亿
4957,2150,正泰电源,31.18,-1.76%,3.79%,2.05亿,2.18亿,-1263.61万,4.26亿
4958,603988,中电电机,26.26,-1.76%,1.94%,5647.13万,6287.72万,-640.59万,1.20亿
4959,600812,华北制药,5.56,-1.77%,0.90%,3442.08万,5188.17万,-1746.09万,8650.91万
4960,600316,洪都航空,39.28,-1.78%,0.97%,1.19亿,1.53亿,-3312.09万,2.74亿
4961,600389,江山股份,28.63,-1.78%,1.28%,5321.06万,9149.72万,-3828.66万,1.60亿
4962,2349,精华制药,7.68,-1.79%,2.10%,5128.49万,7995.84万,-2867.35万,1.32亿
4963,688575,亚辉龙,14.73,-1.80%,0.39%,915.65万,2333.61万,-1417.96万,3285.77万
4964,300404,博济医药,10.36,-1.80%,2.70%,3356.72万,4587.05万,-1230.33万,7985.76万
4965,600461,洪城环境,9.78,-1.81%,0.85%,4823.35万,5746.48万,-923.13万,1.06亿
4966,600285,羚锐制药,21.21,-1.81%,1.41%,4786.83万,1.21亿,-7282.11万,1.70亿
4967,989,九芝堂,9.7,-1.82%,2.51%,6493.02万,1.03亿,-3838.76万,1.69亿
4968,688001,华兴源创,40.85,-1.85%,0.94%,9615.04万,7517.16万,2097.88万,1.73亿
4969,600195,中牧股份,7.95,-1.85%,1.35%,4129.13万,6784.73万,-2655.59万,1.10亿
4970,300318,博晖创新,5.85,-1.85%,0.98%,1735.95万,2781.24万,-1045.29万,4539.88万
4971,411,英特集团,11.07,-1.86%,0.75%,1540.98万,3138.14万,-1597.17万,4701.25万
4972,300739,明阳电路,29.04,-1.86%,5.89%,2.67亿,3.15亿,-4735.26万,5.86亿
4973,601999,出版传媒,7.88,-1.87%,2.99%,5940.16万,6845.86万,-905.70万,1.29亿
4974,688196,卓越新能,59.96,-1.88%,0.91%,3148.53万,3359.56万,-211.03万,6538.30万
4975,890,法尔胜,12.52,-1.88%,10.12%,2.51亿,2.73亿,-2190.43万,5.29亿
4976,603058,永吉股份,11.97,-1.89%,1.08%,2030.02万,3029.99万,-999.97万,5413.54万
4977,2342,巨力索具,17.94,-1.91%,14.56%,12.22亿,12.70亿,-4850.10万,25.03亿
4978,301680,固德电材,105.91,-1.92%,9.65%,7461.26万,9638.76万,-2177.50万,1.72亿
4979,688429,时创能源,14.84,-1.92%,2.37%,1958.35万,2215.26万,-256.92万,4186.89万
4980,688618,三旺通信,38.61,-1.93%,4.39%,9836.48万,8524.33万,1312.15万,1.84亿
4981,603803,瑞斯康达,15.22,-1.93%,12.94%,4.01亿,4.24亿,-2315.84万,8.27亿
4982,603727,博迈科,19.34,-1.93%,1.34%,3649.86万,3642.00万,7.86万,7298.81万
4983,300267,尔康制药,4.06,-1.93%,4.00%,1.05亿,1.25亿,-1981.17万,2.31亿
4984,600844,金煤科技,3.54,-1.94%,4.07%,5543.77万,6257.82万,-714.05万,1.19亿
4985,2364,中恒电气,42.56,-1.94%,12.86%,14.38亿,16.07亿,-1.69亿,30.56亿
4986,688161,威高骨科,30.59,-1.96%,0.26%,1192.28万,2000.76万,-808.48万,3204.29万
4987,688272,富吉瑞,48.92,-1.96%,2.21%,3457.87万,4695.77万,-1237.90万,8166.10万
4988,301370,国科恒泰,10.47,-1.97%,0.87%,1127.06万,1800.77万,-673.70万,2946.57万
4989,688345,博力威,52.26,-1.97%,2.92%,7964.08万,7431.76万,532.32万,1.54亿
4990,300295,三六五网,9.9,-1.98%,4.08%,3130.04万,3542.66万,-412.62万,6738.36万
4991,2828,贝肯能源,11.86,-1.98%,5.26%,5223.12万,6743.05万,-1519.92万,1.20亿
4992,2357,富临运业,10.88,-1.98%,2.54%,3796.18万,4828.28万,-1032.10万,8797.46万
4993,300050,世纪鼎利,7.38,-1.99%,3.69%,5936.67万,8559.31万,-2622.64万,1.49亿
4994,600851,海欣股份,8.29,-2.01%,1.06%,2865.31万,3612.24万,-746.94万,6522.46万
4995,600080,金花股份,8.28,-2.01%,1.57%,1671.85万,3201.54万,-1529.69万,4893.28万
4996,1257,盛龙股份,23.29,-2.02%,13.58%,1.63亿,2.60亿,-9725.10万,4.31亿
4997,993,闽东电力,12.13,-2.02%,3.06%,5544.14万,1.05亿,-4951.30万,1.64亿
4998,826,启迪环境,1.94,-2.02%,2.36%,3128.07万,3257.96万,-129.90万,6496.43万
4999,600839,四川长虹,9.16,-2.03%,3.21%,6.50亿,7.01亿,-5101.77万,13.56亿
5000,300191,潜能恒信,36.66,-2.03%,2.07%,7964.21万,8719.17万,-754.95万,1.68亿
5001,603610,麒盛科技,15.23,-2.06%,1.43%,3323.16万,4208.09万,-884.93万,7700.46万
5002,603871,嘉友国际,13.75,-2.07%,0.63%,4480.09万,7260.53万,-2780.44万,1.18亿
5003,301638,南网数字,28.85,-2.10%,13.25%,3.99亿,4.87亿,-8864.64万,8.92亿
5004,603363,傲农生物,4.2,-2.10%,1.66%,5705.76万,8622.48万,-2916.72万,1.49亿
5005,2873,新天药业,9.79,-2.10%,3.43%,2870.16万,5137.19万,-2267.03万,8050.02万
5006,603162,海通发展,13.92,-2.11%,2.83%,4173.59万,6749.86万,-2576.28万,1.09亿
5007,600769,祥龙电业,14.84,-2.11%,2.44%,6888.17万,6498.48万,389.70万,1.35亿
5008,603272,联翔股份,32.38,-2.12%,3.33%,5106.92万,6244.04万,-1137.12万,1.14亿
5009,603017,中衡设计,12.88,-2.13%,3.77%,5667.42万,7584.13万,-1916.71万,1.34亿
5010,300131,英唐智控,15.13,-2.13%,4.92%,3.20亿,4.57亿,-1.37亿,7.80亿
5011,300572,安车检测,28.78,-2.14%,1.79%,4392.87万,4965.09万,-572.22万,9497.58万
5012,2923,润都股份,12.82,-2.14%,2.97%,4047.44万,5657.42万,-1609.98万,9897.35万
5013,301560,众捷汽车,42.23,-2.15%,3.96%,1974.12万,2081.49万,-107.36万,4122.39万
5014,688603,天承科技,96.43,-2.16%,7.24%,1.76亿,1.49亿,2636.52万,3.28亿
5015,2290,禾盛新材,70.56,-2.18%,2.17%,1.79亿,2.02亿,-2255.41万,3.81亿
5016,300686,智动力,18.4,-2.18%,2.53%,6283.90万,5787.89万,496.02万,1.22亿
5017,603536,惠发食品,9.83,-2.19%,1.83%,1803.98万,2463.07万,-659.09万,4301.20万
5018,300854,中兰环保,27.93,-2.21%,5.20%,5573.55万,6204.82万,-631.27万,1.18亿
5019,688097,博众精工,62.48,-2.21%,1.46%,1.81亿,2.28亿,-4669.63万,4.12亿
5020,301149,隆华新材,12.72,-2.23%,3.05%,4123.51万,6012.82万,-1889.31万,1.02亿
5021,300489,光智科技,65.65,-2.23%,3.08%,1.26亿,1.53亿,-2676.05万,2.83亿
5022,603459,红板科技,66.86,-2.25%,39.63%,9.76亿,11.05亿,-1.29亿,20.84亿
5023,300788,中信出版,32.63,-2.25%,2.12%,5283.15万,7669.92万,-2386.78万,1.32亿
5024,600935,华塑股份,2.59,-2.26%,0.88%,2330.09万,5671.13万,-3341.04万,8035.45万
5025,2546,新联电子,9.08,-2.26%,2.59%,8832.35万,9816.63万,-984.28万,1.87亿
5026,300057,万顺新材,7.33,-2.27%,6.37%,1.72亿,1.67亿,476.50万,3.42亿
5027,688046,药康生物,18.45,-2.28%,1.06%,4063.94万,3861.40万,202.53万,8048.64万
5028,592,平潭发展,11.07,-2.29%,5.31%,4.21亿,6.94亿,-2.74亿,11.21亿
5029,688106,金宏气体,27.06,-2.31%,5.39%,3.80亿,3.68亿,1152.83万,7.49亿
5030,300149,睿智医药,11.32,-2.33%,5.09%,1.09亿,1.61亿,-5160.68万,2.71亿
5031,300004,南风股份,14.52,-2.35%,2.78%,8771.13万,1.05亿,-1745.52万,1.96亿
5032,301408,华人健康,20.29,-2.36%,16.50%,3.41亿,4.33亿,-9168.70万,7.77亿
5033,600707,彩虹股份,7.02,-2.36%,2.19%,2.34亿,3.13亿,-7938.82万,5.48亿
5034,603391,力聚热能,66.01,-2.37%,3.85%,2550.37万,3224.91万,-674.54万,5791.11万
5035,2490,山东墨龙,8.65,-2.37%,3.86%,8411.99万,9582.92万,-1170.93万,1.82亿
5036,2112,三变科技,21.85,-2.37%,8.44%,2.21亿,2.57亿,-3612.60万,4.79亿
5037,300335,迪森股份,6.98,-2.38%,4.46%,3947.90万,7966.94万,-4019.04万,1.20亿
5038,600480,凌云股份,11.44,-2.39%,2.37%,1.30亿,1.98亿,-6738.08万,3.32亿
5039,301520,万邦医药,44.8,-2.40%,4.88%,1746.21万,3121.06万,-1374.85万,4905.78万
5040,300427,红相股份,12.6,-2.40%,5.82%,1.61亿,2.01亿,-4023.48万,3.63亿
5041,300055,万邦达,12.13,-2.41%,2.91%,8937.40万,1.33亿,-4333.65万,2.23亿
5042,600089,特变电工,27.54,-2.41%,2.71%,17.14亿,19.94亿,-2.80亿,37.51亿
5043,968,蓝焰控股,9.26,-2.42%,3.15%,1.14亿,1.65亿,-5068.43万,2.81亿
5044,402,金融街,2.81,-2.43%,1.73%,5499.77万,8817.48万,-3317.71万,1.47亿
5045,603097,江苏华辰,33.19,-2.44%,2.47%,6388.72万,6584.35万,-195.63万,1.30亿
5046,600110,诺德股份,10.0,-2.44%,7.61%,5.56亿,7.61亿,-2.06亿,13.33亿
5047,300164,通源石油,13.59,-2.44%,8.05%,2.87亿,3.41亿,-5362.86万,6.34亿
5048,2051,中工国际,11.61,-2.44%,8.08%,5.12亿,6.36亿,-1.24亿,11.64亿
5049,603248,锡华科技,26.6,-2.46%,9.70%,8014.44万,9681.65万,-1667.21万,1.78亿
5050,2060,广东建工,3.95,-2.47%,4.63%,1.19亿,1.63亿,-4424.03万,2.87亿
5051,603248,锡华科技,26.6,-2.46%,9.70%,8014.44万,9681.65万,-1667.21万,1.78亿
5052,2060,广东建工,3.95,-2.47%,4.63%,1.19亿,1.63亿,-4424.03万,2.87亿
5053,3027,同兴科技,22.03,-2.48%,3.28%,4252.06万,3235.26万,1016.80万,7506.28万
5054,605228,神通科技,14.53,-2.48%,2.44%,6690.65万,1.03亿,-3630.28万,1.73亿
5055,300165,天瑞仪器,5.5,-2.48%,3.10%,2967.85万,4188.26万,-1220.41万,7171.47万
5056,2227,奥特迅,7.82,-2.49%,4.91%,5242.31万,4191.79万,1050.52万,9490.68万
5057,2183,怡亚通,5.87,-2.49%,3.07%,1.64亿,3.03亿,-1.39亿,4.70亿
5058,2300,太阳电缆,9.68,-2.52%,3.49%,1.09亿,1.33亿,-2445.10万,2.43亿
5059,603861,白云电器,16.27,-2.52%,1.83%,7148.97万,8481.23万,-1332.26万,1.57亿
5060,601588,北辰实业,1.93,-2.53%,6.19%,1.39亿,1.78亿,-3875.83万,3.18亿
5061,300918,南山智尚,14.5,-2.55%,1.72%,4436.09万,8249.20万,-3813.11万,1.27亿
5062,600173,卧龙新能,7.25,-2.55%,2.52%,5329.33万,7358.43万,-2029.10万,1.28亿
5063,2025,航天电器,77.64,-2.55%,4.83%,8.05亿,8.74亿,-6895.64万,16.93亿
5064,19,深粮控股,7.65,-2.55%,3.02%,4834.64万,4733.82万,100.81万,9631.58万
5065,601877,正泰电器,33.46,-2.56%,1.22%,4.03亿,4.62亿,-5902.95万,8.73亿
5066,688603,天承科技,96.03,-2.57%,7.55%,1.86亿,1.54亿,3165.59万,3.43亿
5067,301286,侨源股份,45.27,-2.60%,0.77%,2427.20万,3076.75万,-649.55万,5585.54万
5068,2950,奥美医疗,13.5,-2.60%,3.62%,9674.88万,1.24亿,-2725.51万,2.22亿
5069,603102,百合股份,40.05,-2.65%,1.34%,1497.63万,1899.63万,-402.00万,3419.68万
5070,603556,海兴电力,35.63,-2.65%,0.64%,3615.24万,7537.34万,-3922.11万,1.12亿
5071,603211,晋拓股份,26.19,-2.68%,2.96%,8927.18万,1.22亿,-3225.01万,2.11亿
5072,688398,赛特新材,27.21,-2.68%,1.15%,2593.36万,2678.59万,-85.23万,5275.41万
5073,973,佛塑科技,17.63,-2.70%,7.00%,5.65亿,6.01亿,-3573.59万,11.73亿
5074,300937,药易购,30.46,-2.71%,4.05%,3584.99万,4348.70万,-763.71万,7995.18万
5075,2121,科陆电子,7.54,-2.71%,2.19%,9072.32万,1.40亿,-4926.36万,2.32亿
5076,65,北方国际,14.37,-2.71%,2.89%,1.61亿,2.43亿,-8246.43万,4.07亿
5077,600421,*ST华嵘,5.72,-2.72%,1.41%,750.86万,813.42万,-62.56万,1570.40万
5078,600127,金健米业,7.1,-2.74%,4.62%,8431.34万,1.25亿,-4058.13万,2.11亿
5079,2824,和胜股份,28.8,-2.77%,15.67%,4.41亿,5.77亿,-1.36亿,10.24亿
5080,600056,中国医药,10.84,-2.78%,2.02%,1.07亿,2.20亿,-1.13亿,3.28亿
5081,301079,邵阳液压,46.83,-2.82%,14.24%,2.27亿,2.33亿,-624.64万,4.63亿
5082,300817,双飞集团,20.26,-2.83%,3.84%,4794.28万,4975.08万,-180.81万,9824.67万
5083,2989,中天精装,26.35,-2.88%,2.12%,4258.31万,5937.50万,-1679.19万,1.03亿
5084,600075,新疆天业,5.99,-2.92%,1.54%,5278.61万,1.04亿,-5161.10万,1.58亿
5085,300265,通光线缆,19.14,-2.94%,6.88%,2.61亿,3.43亿,-8183.23万,6.08亿
5086,600884,杉杉股份,14.79,-2.95%,6.68%,9.23亿,8.71亿,5169.60万,18.02亿
5087,785,居然智家,2.62,-2.96%,1.94%,1.17亿,1.83亿,-6625.46万,3.02亿
5088,603938,三孚股份,26.47,-2.97%,2.79%,1.34亿,1.46亿,-1184.20万,2.82亿
5089,2314,南山控股,2.61,-2.97%,4.95%,6838.32万,1.06亿,-3727.41万,1.75亿
5090,300901,中胤时尚,14.62,-2.99%,2.29%,4426.35万,3543.34万,883.01万,8045.81万
5091,793,*ST华闻,2.91,-3.00%,2.18%,4719.50万,7777.60万,-3058.10万,1.25亿
5092,601133,柏诚股份,25.09,-3.02%,3.37%,1.85亿,2.57亿,-7181.70万,4.45亿
5093,600867,通化东宝,10.17,-3.05%,3.19%,2.52亿,3.83亿,-1.31亿,6.37亿
5094,1331,胜通能源,50.92,-3.06%,1.93%,7487.30万,8876.61万,-1389.32万,1.67亿
5095,586,汇源通信,21.13,-3.07%,15.01%,2.64亿,3.24亿,-6040.21万,6.00亿
5096,301070,开勒股份,93.38,-3.10%,7.43%,1.86亿,2.28亿,-4189.79万,4.16亿
5097,601975,招商南油,4.38,-3.10%,2.37%,1.92亿,2.94亿,-1.02亿,4.92亿
5098,603717,天域生物,6.82,-3.12%,2.53%,2446.29万,2503.33万,-57.04万,5013.67万
5099,300218,安利股份,14.91,-3.12%,2.61%,4010.99万,4405.58万,-394.59万,8422.70万
5100,2207,准油股份,7.41,-3.14%,5.88%,5225.82万,6037.60万,-811.78万,1.13亿
5101,2157,正邦科技,3.39,-3.14%,3.58%,3.74亿,5.03亿,-1.29亿,8.79亿
5102,688336,三生国健,86.47,-3.15%,1.31%,3.54亿,3.39亿,1521.83万,6.97亿
5103,600757,长江传媒,8.79,-3.19%,1.10%,4565.29万,6946.21万,-2380.92万,1.16亿
5104,838,财信发展,1.82,-3.19%,5.64%,6151.71万,4579.94万,1571.77万,1.07亿
5105,600599,*ST熊猫,4.19,-3.23%,1.75%,479.69万,732.25万,-252.56万,1213.27万
5106,603387,基蛋生物,9.83,-3.25%,3.36%,5970.44万,1.07亿,-4749.24万,1.67亿
5107,300639,凯普生物,6.76,-3.29%,4.12%,7047.74万,1.06亿,-3539.24万,1.77亿
5108,603459,红板科技,66.13,-3.32%,38.91%,9.56亿,10.82亿,-1.26亿,20.48亿
5109,300072,海新能科,4.65,-3.33%,1.82%,6710.95万,1.27亿,-5940.85万,1.97亿
5110,301584,建发致新,28.06,-3.34%,8.83%,4569.34万,8464.97万,-3895.63万,1.33亿
5111,600252,中恒集团,2.56,-3.40%,1.74%,4672.19万,9202.88万,-4530.69万,1.43亿
5112,2496,*ST辉丰,1.98,-3.41%,2.15%,1899.62万,2793.50万,-893.88万,4882.98万
5113,688488,艾迪药业,19.8,-3.46%,2.21%,7006.18万,1.12亿,-4237.85万,1.85亿
5114,300635,中达安,14.24,-3.46%,3.16%,2364.32万,3094.22万,-729.91万,5487.30万
5115,2023,海特高新,12.28,-3.46%,4.75%,1.82亿,2.44亿,-6173.58万,4.30亿
5116,3036,泰坦股份,28.66,-3.50%,5.71%,1.87亿,1.67亿,2056.83万,3.57亿
5117,300044,ST赛为,6.78,-3.56%,2.91%,4806.47万,9280.93万,-4474.46万,1.42亿
5118,600340,华夏幸福,1.35,-3.57%,2.50%,5039.77万,8081.36万,-3041.59万,1.32亿
5119,300858,科拓生物,20.55,-3.66%,8.31%,1.39亿,1.78亿,-3841.33万,3.31亿
5120,300492,华图山鼎,48.52,-3.69%,1.43%,6302.64万,7383.77万,-1081.13万,1.38亿
5121,26,飞亚达,17.16,-3.70%,6.01%,1.81亿,1.98亿,-1752.88万,3.82亿
5122,603938,三孚股份,26.27,-3.70%,2.64%,1.25亿,1.40亿,-1446.95万,2.67亿
5123,425,徐工机械,10.14,-3.70%,0.85%,2.52亿,5.21亿,-2.69亿,7.84亿
5124,533,顺钠股份,15.52,-3.72%,12.88%,5.79亿,7.60亿,-1.82亿,13.46亿
5125,702,正虹科技,6.69,-3.74%,6.14%,5478.10万,5453.29万,24.82万,1.10亿
5126,688251,井松智能,35.28,-3.76%,1.92%,2277.75万,4496.39万,-2218.63万,6848.63万
5127,300992,泰福泵业,32.72,-3.76%,7.12%,7999.34万,1.00亿,-2015.74万,1.81亿
5128,2692,远程股份,6.36,-3.78%,6.18%,1.26亿,1.53亿,-2689.14万,2.81亿
5129,300453,三鑫医疗,9.42,-3.78%,2.62%,3159.48万,5823.12万,-2663.64万,8990.71万
5130,600829,人民同泰,9.91,-3.79%,1.94%,3666.61万,7485.95万,-3819.34万,1.12亿
5131,2653,海思科,56.33,-3.79%,0.94%,1.25亿,1.60亿,-3509.26万,2.87亿
5132,688253,英诺特,41.46,-3.81%,1.70%,4498.84万,5113.83万,-614.99万,9619.29万
5133,603158,腾龙股份,13.07,-3.83%,6.01%,1.72亿,2.13亿,-4093.39万,3.89亿
5134,2542,中化岩土,2.01,-3.83%,6.44%,1.04亿,1.20亿,-1528.21万,2.24亿
5135,688610,埃科光电,108.57,-3.84%,2.77%,5917.33万,5937.12万,-19.79万,1.25亿
5136,300204,舒泰神,31.14,-3.86%,8.42%,6.10亿,5.73亿,3796.84万,11.86亿
5137,153,丰原药业,6.71,-3.87%,4.62%,5934.87万,8181.84万,-2246.96万,1.43亿
5138,300741,华宝股份,17.06,-3.89%,0.95%,4436.88万,5611.35万,-1174.47万,1.01亿
5139,301201,诚达药业,43.0,-3.91%,7.04%,1.52亿,1.76亿,-2472.27万,3.30亿
5140,603773,沃格光电,47.58,-3.92%,8.45%,4.40亿,4.50亿,-974.21万,8.99亿
5141,301193,家联科技,20.55,-3.93%,2.20%,2807.82万,3463.52万,-655.70万,6360.36万
5142,301683,慧谷新材,125.52,-3.94%,18.29%,1.25亿,2.02亿,-7719.84万,3.29亿
5143,603716,塞力医疗,23.15,-3.94%,5.81%,1.18亿,1.85亿,-6647.60万,3.05亿
5144,2867,周大生,12.53,-3.98%,1.72%,9490.17万,1.40亿,-4523.40万,2.37亿
5145,78,海王生物,3.86,-3.98%,7.55%,3.24亿,4.35亿,-1.11亿,7.63亿
5146,300086,康芝药业,7.63,-4.03%,4.56%,5714.68万,9520.05万,-3805.37万,1.53亿
5147,1238,浙江正特,47.05,-4.19%,0.43%,664.48万,1413.30万,-748.83万,2115.91万
5148,603843,*ST正平,7.7,-4.23%,4.12%,1.56亿,6414.00万,9166.97万,2.21亿
5149,688268,华特气体,92.84,-4.29%,5.31%,3.03亿,2.86亿,1671.07万,5.93亿
5150,300215,电科院,8.23,-4.30%,5.32%,9432.73万,1.23亿,-2837.95万,2.17亿
5151,605319,无锡振华,28.57,-4.38%,2.38%,9677.28万,1.39亿,-4193.20万,2.37亿
5152,603021,ST华鹏,8.19,-4.43%,3.98%,4681.47万,5835.10万,-1153.63万,1.06亿
5153,669,ST金鸿,4.42,-4.54%,2.78%,2361.16万,6070.31万,-3709.15万,8439.12万
5154,600869,远东股份,14.68,-4.55%,3.31%,4.94亿,5.46亿,-5166.13万,10.56亿
5155,600696,*ST岩石,1.03,-4.63%,0.79%,189.43万,82.05万,107.38万,272.22万
5156,950,重药控股,6.05,-4.72%,3.76%,1.49亿,2.44亿,-9528.40万,3.95亿
5157,688796,百奥赛图,101.94,-5.04%,3.87%,4903.85万,9437.77万,-4533.92万,1.44亿
5158,603429,*ST集友,9.42,-5.04%,1.19%,3207.76万,2699.79万,507.96万,5937.02万
5159,600636,*ST国化,6.41,-5.04%,8.69%,1.77亿,6882.05万,1.08亿,2.46亿
5160,600082,ST海泰,3.0,-5.06%,0.14%,267.42万,0.00,267.42万,267.96万
5161,600713,南京医药,6.07,-5.16%,4.92%,1.57亿,2.28亿,-7096.35万,3.87亿
5162,301017,漱玉平民,15.42,-5.28%,6.47%,1.11亿,1.47亿,-3621.27万,2.58亿
5163,600605,汇通能源,30.6,-5.35%,3.87%,1.02亿,1.44亿,-4258.74万,2.46亿
5164,2321,华英农业,2.24,-5.49%,2.72%,4818.85万,8104.48万,-3285.62万,1.30亿
5165,157,中联重科,8.2,-5.53%,2.14%,4.94亿,7.56亿,-2.62亿,12.54亿
5166,603355,莱克电气,27.27,-5.57%,0.70%,4344.13万,6783.55万,-2439.42万,1.12亿
5167,300749,顶固集创,24.78,-5.71%,7.37%,1.55亿,1.37亿,1835.22万,2.93亿
5168,688813,泰金新能,65.69,-5.77%,18.77%,1.57亿,2.16亿,-5892.57万,3.78亿
5169,688811,有研复材,18.65,-5.81%,25.89%,1.68亿,2.74亿,-1.06亿,4.55亿
5170,603122,合富中国,16.87,-5.81%,7.47%,2.14亿,2.87亿,-7303.88万,5.03亿
5171,605507,国邦医药,24.33,-5.92%,1.33%,7603.80万,1.05亿,-2861.80万,1.81亿
5172,2083,孚日股份,12.3,-5.96%,7.76%,3.80亿,5.14亿,-1.35亿,9.13亿
5173,300436,广生堂,117.32,-6.14%,5.72%,4.14亿,5.07亿,-9338.81万,9.25亿
5174,688805,健信超导,53.42,-6.15%,18.35%,1.23亿,1.86亿,-6297.79万,3.11亿
5175,600513,联环药业,22.24,-6.36%,7.75%,2.02亿,2.94亿,-9189.27万,4.97亿
5176,2360,同德化工,6.32,-6.37%,6.97%,6269.94万,8194.36万,-1924.42万,1.45亿
5177,688519,南亚新材,152.37,-6.51%,2.33%,3.56亿,4.82亿,-1.26亿,8.44亿
5178,301197,工大科雅,26.74,-6.99%,5.83%,7674.02万,9443.27万,-1769.25万,1.72亿
5179,603216,梦天家居,30.8,-7.15%,3.06%,1.07亿,1.04亿,243.76万,2.12亿
5180,600488,津药药业,6.34,-7.31%,12.47%,4.07亿,4.60亿,-5304.53万,8.69亿
5181,300967,晓鸣股份,18.29,-7.63%,8.50%,8017.14万,1.14亿,-3341.43万,1.95亿
5182,600396,华电辽能,7.4,-8.07%,11.43%,5.86亿,6.48亿,-6209.59万,12.48亿
5183,1299,美能能源,15.32,-8.21%,10.34%,1.46亿,1.97亿,-5048.44万,3.46亿
5184,301189,奥尼电子,79.16,-8.37%,12.63%,6.27亿,5.69亿,5793.29万,12.00亿
5185,2124,天邦食品,2.87,-8.60%,18.17%,3.85亿,6.53亿,-2.69亿,10.42亿
5186,2980,华盛昌,64.45,-8.63%,20.89%,6.42亿,7.62亿,-1.20亿,14.13亿
5187,600743,华远控股,2.64,-8.65%,11.18%,3.31亿,3.85亿,-5371.29万,7.19亿
5188,2294,信立泰,61.17,-9.07%,1.55%,4.96亿,5.76亿,-8043.87万,10.76亿
5189,2634,棒杰股份,6.05,-9.84%,14.34%,2.71亿,1.14亿,1.57亿,3.88亿
5190,300433,蓝思科技,25.9,-12.47%,3.51%,23.25亿,21.46亿,1.79亿,44.86亿
5191,300777,中简科技,31.58,-13.15%,7.83%,5.12亿,5.36亿,-2387.75万,10.54亿
