序号,股票代码,股票简称,最新价,涨跌幅,换手率,流入资金,流出资金,净额,成交额
1,301666,大普微,237.0,414.32%,56.78%,19.66亿,12.45亿,7.22亿,32.47亿
2,603293,埃泰克,73.5,119.47%,44.05%,5.25亿,6.29亿,-1.04亿,11.61亿
3,300027,华谊兄弟,2.09,20.11%,13.01%,1.40亿,5.31亿,-3.92亿,6.73亿
4,300905,宝丽迪,46.32,20.00%,6.68%,1.47亿,2.74亿,-1.27亿,4.22亿
5,688668,鼎通科技,205.61,19.06%,7.99%,12.21亿,9.36亿,2.85亿,21.65亿
6,301396,宏景科技,278.37,15.42%,11.70%,12.43亿,11.38亿,1.05亿,24.02亿
7,300798,锦鸡股份,12.88,15.21%,15.28%,3.93亿,2.64亿,1.29亿,6.94亿
8,301603,乔锋智能,86.78,15.18%,25.47%,5.11亿,3.09亿,2.02亿,8.22亿
9,688287,*ST观典,2.25,14.80%,12.34%,4448.04万,5679.80万,-1231.77万,1.02亿
10,301382,蜂助手,40.08,14.51%,22.60%,9.10亿,6.78亿,2.33亿,15.94亿
11,301148,嘉戎技术,57.06,13.69%,5.32%,1.04亿,6728.53万,3686.89万,1.73亿
12,300088,长信科技,7.7,13.07%,16.25%,18.83亿,11.07亿,7.76亿,30.16亿
13,300209,行云科技,14.15,11.86%,14.94%,8.25亿,5.28亿,2.97亿,14.39亿
14,300390,天华新能,85.76,11.48%,11.94%,37.79亿,28.47亿,9.32亿,66.40亿
15,600156,华升股份,8.42,10.07%,3.14%,4055.33万,2413.20万,1642.13万,1.01亿
16,571,新大洲A,5.69,10.06%,3.15%,8451.89万,5575.19万,2876.70万,1.40亿
17,782,恒申新材,5.81,10.04%,3.58%,5283.49万,5453.77万,-170.28万,1.07亿
18,600961,株冶集团,20.08,10.03%,3.30%,2.02亿,2.87亿,-8553.16万,4.90亿
19,2726,龙大美食,3.62,10.03%,3.91%,1818.46万,1.34亿,-1.16亿,1.53亿
20,2613,北玻股份,4.17,10.03%,10.07%,2.02亿,1.14亿,8826.71万,3.17亿
21,603826,坤彩科技,34.16,10.02%,2.74%,2.87亿,3.16亿,-2858.60万,6.03亿
22,967,盈峰环境,13.07,10.02%,4.71%,8.98亿,10.08亿,-1.11亿,19.07亿
23,1203,大中矿业,46.39,10.01%,1.33%,3.91亿,3.98亿,-696.35万,7.89亿
24,2875,安奈儿,20.99,10.01%,4.52%,8721.78万,7726.32万,995.46万,1.65亿
25,2213,大为股份,38.34,10.01%,20.03%,7.24亿,7.91亿,-6733.40万,15.16亿
26,603906,龙蟠科技,25.05,10.01%,3.79%,1.63亿,3.68亿,-2.04亿,5.31亿
27,603322,超讯通信,36.26,10.01%,11.07%,2.72亿,3.47亿,-7504.02万,6.19亿
28,2940,昂利康,35.6,10.01%,9.95%,3.21亿,3.14亿,711.87万,6.38亿
29,2580,圣阳股份,27.8,10.01%,14.37%,8.24亿,9.49亿,-1.25亿,17.74亿
30,2468,申通快递,18.03,10.01%,8.09%,9.63亿,11.67亿,-2.04亿,21.32亿
31,1268,联合精密,31.34,10.00%,4.10%,3196.18万,4731.68万,-1535.49万,7935.38万
32,815,美利云,22.21,10.00%,10.38%,7.14亿,8.57亿,-1.43亿,15.72亿
33,3041,真爱美家,57.97,10.00%,3.60%,1.64亿,1.13亿,5115.68万,2.77亿
34,2263,大东南,5.17,10.00%,13.00%,2.42亿,10.08亿,-7.66亿,12.51亿
35,605060,联德股份,58.95,10.00%,3.37%,2.39亿,2.20亿,1971.70万,4.60亿
36,603052,可川科技,75.77,10.00%,3.26%,2.28亿,2.22亿,623.75万,4.50亿
37,1230,劲旅环境,27.72,10.00%,6.39%,7189.41万,6290.20万,899.21万,1.35亿
38,605287,德才股份,46.98,10.00%,3.50%,1.20亿,1.04亿,1641.62万,2.24亿
39,2990,盛视科技,46.32,10.00%,13.85%,4.00亿,4.42亿,-4196.91万,8.43亿
40,603985,恒润股份,24.54,10.00%,11.89%,6.74亿,4.74亿,2.00亿,12.38亿
41,603920,世运电路,58.86,10.00%,1.70%,0.00,7.17亿,-7.17亿,7.19亿
42,603897,长城科技,50.6,10.00%,5.30%,2.23亿,3.25亿,-1.03亿,5.48亿
43,2850,科达利,205.59,10.00%,2.29%,5.08亿,4.04亿,1.04亿,9.13亿
44,2771,真视通,18.37,10.00%,11.80%,1.30亿,2.43亿,-1.13亿,3.74亿
45,600683,京投发展,10.9,9.99%,3.15%,9034.36万,1.60亿,-7013.61万,2.51亿
46,2802,洪汇新材,14.87,9.99%,5.66%,7009.25万,4281.61万,2727.64万,1.21亿
47,2757,南兴股份,22.79,9.99%,9.04%,3.36亿,2.22亿,1.14亿,5.62亿
48,2297,博云新材,16.08,9.99%,22.08%,1.61亿,18.73亿,-17.12亿,20.34亿
49,600768,宁波富邦,17.52,9.98%,7.71%,8573.40万,9258.06万,-684.65万,1.78亿
50,603687,大胜达,19.84,9.98%,7.85%,4.83亿,3.58亿,1.25亿,8.41亿
51,603687,大胜达,19.84,9.98%,7.85%,4.83亿,3.58亿,1.25亿,8.41亿
52,600986,浙文互联,11.24,9.98%,10.52%,8.57亿,5.19亿,3.38亿,16.88亿
53,2062,宏润建设,8.05,9.97%,2.16%,9366.95万,9463.83万,-96.88万,1.89亿
54,605388,均瑶健康,8.06,9.96%,9.10%,1.67亿,2.56亿,-8917.47万,4.22亿
55,600666,奥瑞德,6.85,9.95%,21.51%,21.30亿,14.05亿,7.24亿,35.41亿
56,570,苏常柴A,6.74,9.95%,10.48%,1.98亿,1.79亿,1877.33万,3.76亿
57,546,金圆股份,7.08,9.94%,7.91%,2.00亿,1.77亿,2342.55万,3.77亿
58,300351,永贵电器,17.59,9.94%,9.49%,2.71亿,1.50亿,1.21亿,4.26亿
59,2421,达实智能,2.9,9.85%,5.70%,1.69亿,1.54亿,1467.90万,3.24亿
60,300911,亿田智能,36.08,9.83%,3.61%,8585.29万,8471.36万,113.93万,2.14亿
61,301369,联动科技,171.33,9.61%,5.38%,1.74亿,1.54亿,1941.55万,3.32亿
62,688227,品高股份,77.06,9.48%,3.50%,1.67亿,1.28亿,3976.45万,2.96亿
63,301282,金禄电子,43.24,9.47%,14.38%,3.61亿,3.24亿,3705.88万,6.93亿
64,603315,福鞍股份,16.76,9.47%,6.53%,1.89亿,1.43亿,4547.25万,3.39亿
65,301636,泽润新能,77.56,9.25%,27.18%,1.58亿,1.63亿,-452.63万,3.26亿
66,2008,大族激光,86.05,9.21%,2.76%,11.84亿,9.47亿,2.37亿,22.01亿
67,300137,先河环保,16.46,9.15%,9.74%,4.61亿,3.42亿,1.19亿,8.20亿
68,603698,航天工程,43.04,8.88%,8.85%,9.19亿,10.12亿,-9266.20万,19.48亿
69,603032,德新科技,21.91,8.79%,6.67%,1.68亿,1.51亿,1758.80万,3.23亿
70,688479,友车科技,35.36,8.73%,5.12%,6418.37万,4726.79万,1691.58万,1.12亿
71,301004,嘉益股份,51.82,8.64%,1.17%,5023.03万,2809.48万,2213.55万,7985.77万
72,688282,理工导航,89.54,8.63%,2.02%,9089.11万,6384.13万,2704.98万,1.55亿
73,301012,扬电科技,32.76,8.55%,7.92%,3.16亿,1.71亿,1.45亿,4.95亿
74,300696,爱乐达,34.25,8.52%,3.75%,1.87亿,1.48亿,3923.04万,3.38亿
75,688556,高测股份,14.41,8.51%,5.54%,4.22亿,2.08亿,2.13亿,6.41亿
76,601778,晶科科技,6.56,8.43%,10.51%,13.52亿,10.56亿,2.97亿,24.28亿
77,2132,恒星科技,4.5,8.43%,10.31%,3.37亿,2.57亿,7935.44万,6.43亿
78,603629,利通电子,95.19,8.23%,11.80%,14.71亿,12.95亿,1.76亿,28.04亿
79,300853,申昊科技,22.78,8.22%,4.89%,6455.24万,4015.99万,2439.25万,1.07亿
80,300857,协创数据,303.4,8.09%,5.55%,29.22亿,27.29亿,1.93亿,56.90亿
81,301128,强瑞技术,192.2,8.06%,6.29%,5.86亿,5.04亿,8219.50万,10.96亿
82,300438,鹏辉能源,67.85,7.89%,11.08%,16.36亿,12.98亿,3.37亿,29.51亿
83,600875,东方电气,41.2,7.80%,4.13%,21.62亿,16.10亿,5.51亿,38.11亿
84,3038,鑫铂股份,16.91,7.78%,6.63%,1.09亿,6026.61万,4890.28万,1.78亿
85,688258,卓易信息,114.79,7.78%,3.28%,2.75亿,1.71亿,1.04亿,4.47亿
86,2240,盛新锂能,49.87,7.78%,6.90%,16.21亿,14.83亿,1.38亿,31.29亿
87,605598,上海港湾,55.1,7.74%,2.85%,2.00亿,1.68亿,3251.83万,3.71亿
88,301157,华塑科技,79.49,7.67%,23.99%,1.89亿,1.98亿,-906.20万,3.88亿
89,300840,酷特智能,19.94,7.67%,6.72%,1.32亿,1.02亿,2989.16万,2.35亿
90,300953,震裕科技,203.18,7.59%,6.60%,9.51亿,6.94亿,2.57亿,16.49亿
91,301345,涛涛车业,238.26,7.45%,5.66%,2.79亿,1.89亿,9062.46万,4.69亿
92,300928,华安鑫创,30.79,7.28%,4.80%,4113.59万,3645.46万,468.13万,7847.56万
93,2328,新朋股份,13.41,7.28%,22.06%,8.80亿,7.66亿,1.14亿,16.51亿
94,300276,三丰智能,7.38,7.11%,4.67%,2.10亿,1.49亿,6045.90万,3.61亿
95,600105,永鼎股份,40.17,7.01%,9.10%,27.98亿,20.45亿,7.53亿,51.13亿
96,2595,豪迈科技,86.58,6.98%,0.53%,2.14亿,1.46亿,6779.01万,3.62亿
97,603129,春风动力,272.65,6.97%,2.28%,5.69亿,3.49亿,2.20亿,9.23亿
98,688719,爱科赛博,53.48,6.96%,3.09%,7676.77万,5570.63万,2106.14万,1.44亿
99,301360,荣旗科技,80.15,6.87%,9.14%,1.18亿,6500.07万,5264.26万,1.84亿
100,603206,嘉环科技,17.64,6.84%,4.51%,1.26亿,1.16亿,985.02万,2.43亿
101,600749,西藏旅游,19.35,6.79%,8.31%,1.76亿,1.37亿,3908.16万,3.52亿
102,688146,中船特气,64.19,6.73%,8.20%,4.17亿,3.27亿,9028.62万,7.46亿
103,300069,金利华电,23.7,6.71%,9.93%,1.67亿,1.00亿,6639.52万,2.70亿
104,1367,海森药业,27.65,6.67%,4.69%,8706.52万,6239.63万,2466.89万,1.54亿
105,605166,聚合顺,10.79,6.62%,1.88%,3351.50万,2197.02万,1154.48万,6301.99万
106,688027,国盾量子,616.26,6.62%,4.13%,11.93亿,8.27亿,3.66亿,20.21亿
107,300277,汽轮科技,19.86,6.60%,4.80%,4.66亿,2.50亿,2.15亿,7.19亿
108,600507,方大特钢,5.86,6.55%,2.21%,1.77亿,1.19亿,5831.60万,2.99亿
109,688279,峰岹科技,182.37,6.41%,1.76%,1.57亿,1.36亿,2057.71万,2.97亿
110,688692,达梦数据,249.64,6.41%,1.71%,1.87亿,1.18亿,6835.17万,3.06亿
111,603358,华达科技,34.69,6.38%,2.57%,2.30亿,1.68亿,6175.29万,4.01亿
112,534,万泽股份,44.39,6.37%,3.09%,3.66亿,2.93亿,7296.69万,6.72亿
113,300870,欧陆通,359.28,6.30%,2.87%,6.05亿,4.98亿,1.07亿,11.15亿
114,301285,鸿日达,98.19,6.24%,1.81%,2.14亿,1.52亿,6281.66万,3.67亿
115,300385,ST雪浪,14.56,6.12%,6.47%,1.58亿,1.05亿,5348.38万,2.70亿
116,300604,长川科技,149.79,6.08%,2.72%,11.51亿,7.85亿,3.66亿,19.60亿
117,300986,志特新材,25.23,6.05%,8.61%,5.36亿,3.36亿,2.00亿,8.81亿
118,688590,新致软件,14.9,6.05%,4.25%,1.03亿,7176.06万,3137.45万,1.76亿
119,657,中钨高新,50.02,6.02%,5.42%,21.63亿,15.57亿,6.05亿,37.61亿
120,2469,三维化学,8.85,5.99%,3.19%,1.11亿,6371.32万,4725.43万,1.75亿
121,1300,三柏硕,17.98,5.95%,3.96%,8798.32万,8464.47万,333.85万,1.73亿
122,600433,冠豪高新,3.74,5.95%,3.38%,1.25亿,9464.86万,3054.83万,2.21亿
123,2703,浙江世宝,20.48,5.95%,8.46%,5.69亿,4.27亿,1.42亿,10.06亿
124,601339,百隆东方,8.2,5.94%,0.94%,6133.56万,4652.65万,1480.91万,1.13亿
125,688802,沐曦股份,720.21,5.93%,14.68%,10.07亿,8.07亿,2.00亿,18.65亿
126,688270,臻镭科技,180.65,5.92%,6.00%,11.99亿,10.65亿,1.35亿,22.76亿
127,301086,鸿富瀚,155.21,5.89%,3.65%,1.39亿,1.08亿,3052.19万,2.59亿
128,688006,杭可科技,31.08,5.89%,2.27%,2.31亿,1.83亿,4787.54万,4.19亿
129,301283,聚胶股份,48.86,5.85%,2.94%,4958.19万,3994.33万,963.86万,8986.21万
130,688158,优刻得,48.45,5.83%,8.23%,8.82亿,7.06亿,1.76亿,15.98亿
131,300687,赛意信息,20.08,5.80%,2.48%,8874.61万,6698.46万,2176.15万,1.64亿
132,600251,冠农股份,11.53,5.78%,1.09%,6315.37万,3090.78万,3224.59万,9551.99万
133,600300,维维股份,3.67,5.76%,3.46%,1.34亿,6433.95万,6957.96万,2.01亿
134,300322,硕贝德,30.67,5.76%,12.57%,10.11亿,6.49亿,3.62亿,16.68亿
135,688182,灿勤科技,30.99,5.73%,1.15%,7825.86万,6133.09万,1692.77万,1.40亿
136,301061,匠心家居,74.67,5.73%,0.76%,4474.07万,3361.01万,1113.06万,8108.67万
137,301178,天亿马,55.23,5.70%,6.08%,9268.76万,7365.17万,1903.59万,1.66亿
138,1339,智微智能,71.25,5.68%,5.58%,2.44亿,2.21亿,2284.11万,4.69亿
139,300410,正业科技,9.49,5.68%,9.68%,1.81亿,1.51亿,3060.33万,3.35亿
140,603399,永杉锂业,12.73,5.64%,12.68%,3.88亿,4.37亿,-4855.04万,8.34亿
141,593,德龙汇能,17.6,5.64%,4.36%,1.57亿,1.15亿,4220.11万,2.71亿
142,600338,西藏珠峰,20.06,5.63%,7.78%,8.85亿,5.28亿,3.57亿,14.17亿
143,301321,翰博高新,23.34,5.61%,3.32%,6858.87万,4502.62万,2356.25万,1.14亿
144,2733,雄韬股份,31.85,5.60%,5.45%,3.50亿,2.44亿,1.06亿,6.25亿
145,603601,再升科技,15.12,5.59%,12.30%,10.43亿,8.34亿,2.09亿,20.75亿
146,2738,中矿资源,85.07,5.59%,3.44%,13.15亿,7.44亿,5.72亿,20.72亿
147,688135,利扬芯片,35.96,5.58%,7.59%,3.50亿,2.77亿,7231.10万,6.28亿
148,688507,索辰科技,92.3,5.57%,3.33%,9005.62万,5857.91万,3147.71万,1.49亿
149,600356,恒丰纸业,9.67,5.57%,4.73%,7798.47万,5736.08万,2062.39万,1.36亿
150,2805,丰元股份,18.59,5.57%,13.88%,3.22亿,3.99亿,-7654.48万,7.27亿
151,2805,丰元股份,18.59,5.57%,13.88%,3.22亿,3.99亿,-7654.48万,7.27亿
152,688,国城矿业,45.9,5.57%,1.65%,5.00亿,3.96亿,1.04亿,9.02亿
153,300058,蓝色光标,17.34,5.54%,11.81%,37.85亿,32.79亿,5.06亿,71.09亿
154,2943,宇晶股份,56.5,5.53%,11.78%,5.11亿,4.39亿,7260.27万,9.57亿
155,601113,华鼎股份,4.6,5.50%,2.56%,7586.52万,5379.18万,2207.34万,1.30亿
156,1358,兴欣新材,27.25,5.46%,3.01%,2483.38万,1513.62万,969.75万,4012.81万
157,688536,思瑞浦,200.15,5.34%,2.45%,3.40亿,2.45亿,9467.10万,6.45亿
158,300418,昆仑万维,52.45,5.34%,4.05%,16.91亿,9.28亿,7.62亿,26.37亿
159,300912,凯龙高科,26.76,5.31%,6.85%,8974.66万,5557.88万,3416.79万,1.55亿
160,688316,青云科技,78.0,5.29%,6.21%,1.28亿,9753.40万,3012.02万,2.29亿
161,636,风华高科,22.15,5.28%,4.48%,7.21亿,3.96亿,3.25亿,11.27亿
162,300383,光环新网,18.79,5.27%,6.80%,13.28亿,9.22亿,4.06亿,22.70亿
163,1234,泰慕士,28.29,5.25%,2.59%,3895.01万,2707.21万,1187.79万,6655.41万
164,301003,江苏博云,54.58,5.22%,4.00%,1.08亿,5040.70万,5730.77万,1.61亿
165,600300,维维股份,3.65,5.19%,3.65%,1.40亿,6927.00万,7035.11万,2.12亿
166,603458,勘设股份,11.99,5.18%,3.36%,6935.43万,4623.74万,2311.69万,1.19亿
167,300767,震安科技,23.35,5.18%,4.38%,1.46亿,8906.23万,5659.90万,2.43亿
168,301395,仁信新材,13.03,5.17%,6.81%,7142.66万,3784.17万,3358.49万,1.13亿
169,600549,厦门钨业,59.15,5.16%,2.39%,11.10亿,7.15亿,3.95亿,21.33亿
170,600382,广东明珠,9.81,5.14%,2.61%,1.12亿,5524.49万,5649.45万,1.73亿
171,600251,冠农股份,11.46,5.14%,1.22%,6701.60万,3770.97万,2930.63万,1.07亿
172,688677,海泰新光,73.17,5.13%,4.22%,2.04亿,1.61亿,4236.93万,3.66亿
173,301085,亚康股份,67.73,5.11%,13.34%,2.47亿,2.83亿,-3571.20万,5.34亿
174,300017,网宿科技,19.19,5.09%,8.16%,21.26亿,14.04亿,7.22亿,35.70亿
175,2762,*ST金比,7.88,5.07%,3.68%,2446.90万,3636.25万,-1189.35万,6094.25万
176,688486,龙迅股份,67.7,5.06%,1.71%,8191.12万,7185.81万,1005.31万,1.55亿
177,688678,福立旺,27.67,5.05%,4.65%,2.19亿,1.48亿,7100.12万,3.67亿
178,609,ST中迪,9.77,5.05%,1.02%,1228.23万,1651.51万,-423.28万,2880.62万
179,300502,新易盛,521.99,5.03%,2.37%,58.76亿,47.85亿,10.91亿,107.35亿
180,3023,彩虹集团,27.66,5.01%,1.80%,2968.62万,1504.64万,1463.98万,5084.42万
181,603268,*ST松发,121.22,5.00%,1.66%,2.45亿,2.19亿,2553.60万,4.64亿
182,300738,奥飞数据,24.57,5.00%,6.39%,9.09亿,6.06亿,3.03亿,15.30亿
183,688003,天准科技,72.64,4.97%,1.89%,1.29亿,1.40亿,-1090.84万,2.70亿
184,600186,莲花控股,8.07,4.94%,11.20%,8.85亿,6.69亿,2.16亿,15.68亿
185,2859,洁美科技,44.2,4.94%,1.25%,1.33亿,8573.16万,4770.75万,2.20亿
186,155,川能动力,16.78,4.94%,4.08%,7.58亿,5.00亿,2.57亿,12.64亿
187,605081,*ST太和,7.23,4.93%,0.87%,0.00,704.92万,-704.92万,710.93万
188,300478,杭州高新,26.43,4.92%,2.92%,6044.38万,3587.51万,2456.87万,9671.29万
189,2838,道恩股份,28.18,4.91%,1.20%,8089.05万,5815.91万,2273.14万,1.40亿
190,4,*ST国华,3.64,4.90%,0.51%,0.00,231.18万,-231.18万,232.16万
191,300895,铜牛信息,63.06,4.86%,7.76%,3.95亿,2.65亿,1.30亿,6.70亿
192,688356,键凯科技,108.9,4.86%,1.08%,3997.30万,2502.23万,1495.06万,7003.02万
193,300900,广联航空,43.41,4.86%,10.95%,5.93亿,5.40亿,5287.07万,11.74亿
194,600238,*ST椰岛,4.77,4.84%,4.28%,4387.59万,4351.98万,35.60万,8820.03万
195,300656,民德电子,23.85,4.84%,2.25%,3625.58万,2966.84万,658.75万,6912.69万
196,600439,瑞贝卡,2.61,4.82%,2.31%,4751.22万,1820.94万,2930.28万,6780.57万
197,600433,冠豪高新,3.7,4.82%,3.52%,1.27亿,9904.21万,2823.35万,2.29亿
198,703,恒逸石化,16.09,4.82%,1.20%,3.73亿,3.44亿,2945.09万,7.20亿
199,2192,融捷股份,78.9,4.81%,9.50%,11.38亿,7.89亿,3.49亿,19.44亿
200,762,西藏矿业,35.36,4.80%,8.48%,8.55亿,7.15亿,1.40亿,15.75亿
201,603171,税友股份,56.24,4.79%,2.02%,2.40亿,2.16亿,2450.29万,4.57亿
202,688375,国博电子,128.32,4.75%,0.68%,2.85亿,2.18亿,6717.10万,5.09亿
203,688595,芯海科技,34.41,4.75%,2.09%,5214.87万,4774.64万,440.23万,1.02亿
204,688387,信科移动,17.69,4.74%,2.85%,5.60亿,4.25亿,1.35亿,9.94亿
205,600184,光电股份,21.25,4.73%,4.13%,2.72亿,2.36亿,3604.17万,5.10亿
206,301322,绿通科技,35.81,4.71%,3.05%,6783.28万,3419.97万,3363.32万,1.03亿
207,688052,纳芯微,163.5,4.67%,1.04%,1.50亿,8441.46万,6575.24万,2.38亿
208,603618,杭电股份,22.63,4.67%,7.00%,6.11亿,4.54亿,1.56亿,10.79亿
209,2899,英派斯,32.59,4.66%,2.32%,6928.72万,4172.33万,2756.40万,1.11亿
210,300159,*ST新研,3.39,4.63%,2.13%,8875.93万,4085.18万,4790.75万,1.31亿
211,70,特发信息,19.75,4.61%,8.80%,8.53亿,6.46亿,2.08亿,15.12亿
212,300166,东方国信,17.32,4.59%,13.86%,12.52亿,8.78亿,3.74亿,21.52亿
213,2708,光洋股份,13.72,4.57%,4.51%,1.90亿,1.34亿,5624.55万,3.24亿
214,2947,恒铭达,72.55,4.55%,4.87%,3.63亿,3.00亿,6335.67万,6.70亿
215,301106,骏成科技,29.69,4.54%,1.70%,2606.45万,2029.40万,577.05万,5094.48万
216,603308,应流股份,67.96,4.54%,2.23%,5.76亿,4.30亿,1.46亿,10.14亿
217,301489,思泉新材,207.5,4.53%,5.97%,3.48亿,2.33亿,1.15亿,5.85亿
218,603488,展鹏科技,11.39,4.50%,3.57%,6459.37万,5269.89万,1189.47万,1.18亿
219,688127,蓝特光学,67.99,4.47%,1.09%,1.66亿,1.28亿,3801.54万,2.97亿
220,2556,辉隆股份,6.31,4.47%,2.09%,6518.40万,5553.85万,964.55万,1.22亿
221,688229,博睿数据,93.18,4.46%,3.29%,7909.76万,5497.98万,2411.78万,1.34亿
222,2511,中顺洁柔,8.67,4.46%,1.75%,1.21亿,6799.38万,5340.75万,1.90亿
223,2443,金洲管道,9.49,4.40%,3.30%,1.04亿,5275.18万,5083.54万,1.60亿
224,688178,万德斯,32.82,4.39%,2.01%,3074.76万,2486.70万,588.06万,5563.78万
225,688615,合合信息,186.55,4.39%,3.47%,3.46亿,2.64亿,8227.70万,6.19亿
226,301053,远信工业,59.28,4.38%,4.77%,1.23亿,1.17亿,623.26万,2.42亿
227,300442,润泽科技,94.2,4.37%,2.48%,22.78亿,14.76亿,8.02亿,37.81亿
228,688382,益方生物,22.19,4.33%,2.91%,2.17亿,1.52亿,6504.00万,3.70亿
229,300866,安克创新,116.68,4.32%,1.64%,3.06亿,2.73亿,3262.97万,5.87亿
230,603138,海量数据,21.23,4.32%,2.88%,9847.70万,7166.54万,2681.16万,1.74亿
231,688301,奕瑞科技,111.17,4.29%,0.68%,9378.08万,6440.83万,2937.25万,1.59亿
232,1223,欧克科技,54.19,4.25%,0.85%,2459.95万,1750.56万,709.39万,4250.64万
233,688449,联芸科技,48.46,4.24%,1.90%,1.38亿,1.18亿,2026.94万,2.67亿
234,688156,路德科技,25.67,4.22%,4.00%,6993.29万,3177.17万,3816.13万,1.02亿
235,700,模塑科技,11.94,4.19%,3.85%,2.35亿,1.87亿,4726.85万,4.23亿
236,300394,天孚通信,344.49,4.18%,2.77%,41.24亿,30.20亿,11.04亿,72.46亿
237,688433,华曙高科,82.19,4.17%,1.92%,1.77亿,1.40亿,3774.49万,3.18亿
238,300969,恒帅股份,131.0,4.17%,3.42%,1.18亿,1.06亿,1242.83万,2.28亿
239,2222,福晶科技,87.03,4.15%,3.37%,8.13亿,5.27亿,2.87亿,13.53亿
240,605376,博迁新材,111.21,4.14%,1.56%,2.53亿,1.90亿,6258.92万,4.43亿
241,2842,翔鹭钨业,32.99,4.14%,7.01%,3.11亿,2.45亿,6579.00万,6.07亿
242,603139,康惠股份,30.8,4.12%,5.15%,8169.22万,7477.54万,691.68万,1.57亿
243,605289,罗曼股份,131.81,4.11%,4.86%,3.55亿,3.27亿,2884.62万,6.87亿
244,300846,首都在线,31.13,4.08%,7.77%,5.39亿,3.84亿,1.55亿,9.39亿
245,600714,金瑞矿业,17.84,4.08%,2.72%,6289.05万,5048.84万,1240.21万,1.36亿
246,300531,优博讯,19.94,4.07%,4.66%,1.65亿,1.18亿,4725.35万,2.86亿
247,600367,红星发展,21.05,4.05%,4.75%,1.70亿,1.08亿,6177.46万,3.17亿
248,603061,金海通,239.13,4.04%,3.20%,3.22亿,3.28亿,-620.06万,6.51亿
249,301222,浙江恒威,38.0,4.02%,4.55%,7992.20万,5746.51万,2245.69万,1.38亿
250,603887,城地香江,17.06,4.02%,2.36%,1.57亿,7391.45万,8263.32万,2.36亿
251,300153,科泰电源,27.94,4.02%,3.19%,1.65亿,1.11亿,5456.25万,2.80亿
252,603682,锦和商管,7.28,4.00%,3.19%,6066.41万,4464.90万,1601.51万,1.08亿
253,688237,超卓航科,57.8,3.99%,1.18%,3635.75万,2367.25万,1268.49万,6061.94万
254,2353,杰瑞股份,113.85,3.99%,1.79%,7.60亿,6.35亿,1.24亿,14.00亿
255,2015,协鑫能科,18.51,3.99%,7.64%,11.45亿,11.31亿,1436.60万,22.82亿
256,300679,电连技术,42.6,3.98%,3.38%,2.56亿,2.03亿,5223.90万,5.03亿
257,603922,金鸿顺,20.01,3.95%,1.29%,2403.62万,1667.24万,736.38万,4549.64万
258,600212,绿能慧充,8.18,3.94%,3.78%,8863.22万,6316.50万,2546.72万,1.61亿
259,300751,迈为股份,231.96,3.94%,3.94%,9.88亿,7.04亿,2.84亿,17.24亿
260,300750,宁德时代,448.0,3.94%,0.97%,101.14亿,82.97亿,18.17亿,185.61亿
261,301040,中环海陆,33.58,3.93%,5.26%,8367.52万,7879.32万,488.20万,1.64亿
262,2209,达意隆,15.59,3.93%,2.40%,3726.86万,1907.24万,1819.63万,5769.45万
263,688257,新锐股份,77.56,3.93%,1.90%,2.18亿,1.50亿,6820.99万,3.70亿
264,688168,安博通,81.96,3.92%,0.90%,3766.42万,1750.56万,2015.87万,5615.09万
265,300517,海波重科,11.96,3.91%,1.67%,1276.43万,995.03万,281.40万,2767.23万
266,2197,证通电子,8.23,3.91%,3.72%,9478.17万,6135.84万,3342.33万,1.61亿
267,2589,瑞康医药,3.73,3.90%,21.91%,5.08亿,6.38亿,-1.30亿,11.49亿
268,2047,*ST宝鹰,5.59,3.90%,0.98%,5065.12万,2871.31万,2193.81万,8232.09万
269,300776,帝尔激光,83.55,3.89%,3.67%,3.12亿,1.94亿,1.18亿,5.13亿
270,2235,安妮股份,9.65,3.88%,8.40%,2.74亿,1.76亿,9793.96万,4.52亿
271,603383,顶点软件,32.85,3.86%,4.03%,1.37亿,1.35亿,271.05万,2.73亿
272,300467,迅游科技,31.76,3.86%,1.99%,6280.19万,4044.89万,2235.30万,1.05亿
273,688228,开普云,110.67,3.84%,1.80%,7553.22万,5677.65万,1875.57万,1.33亿
274,605196,华通线缆,49.26,3.84%,1.52%,2.53亿,1.26亿,1.26亿,3.82亿
275,688503,聚和材料,96.03,3.83%,2.97%,3.74亿,1.88亿,1.86亿,5.66亿
276,688262,国芯科技,36.3,3.83%,2.80%,1.98亿,1.42亿,5573.81万,3.41亿
277,688500,慧辰股份,49.94,3.83%,1.19%,2853.16万,1448.23万,1404.93万,4326.02万
278,600331,宏达股份,16.25,3.83%,1.71%,3.37亿,2.15亿,1.22亿,5.60亿
279,300364,中文在线,28.5,3.83%,6.26%,7.24亿,4.32亿,2.93亿,11.70亿
280,2001,新和成,37.99,3.83%,0.84%,6.12亿,3.28亿,2.85亿,9.56亿
281,301182,凯旺科技,69.4,3.83%,4.35%,1.47亿,1.41亿,631.24万,2.88亿
282,688787,海天瑞声,135.02,3.82%,2.57%,1.40亿,6691.71万,7263.30万,2.09亿
283,300231,银信科技,11.13,3.82%,3.91%,1.14亿,7260.38万,4102.04万,1.91亿
284,2042,华孚时尚,4.89,3.82%,3.06%,1.54亿,8708.02万,6680.47万,2.51亿
285,301248,杰创智能,59.95,3.81%,12.38%,4.34亿,4.11亿,2278.37万,8.46亿
286,301499,维科精密,34.98,3.80%,14.92%,1.06亿,7606.68万,2986.18万,1.83亿
287,300769,德方纳米,47.77,3.80%,7.32%,5.03亿,3.80亿,1.23亿,8.88亿
288,2491,通鼎互联,14.74,3.80%,9.02%,8.76亿,6.42亿,2.34亿,15.29亿
289,1311,多利科技,32.58,3.79%,2.24%,5709.06万,4149.93万,1559.13万,9957.86万
290,300214,日科化学,7.67,3.79%,2.65%,4627.53万,3385.07万,1242.46万,8130.10万
291,300609,汇纳科技,37.61,3.78%,3.05%,8261.24万,5222.20万,3039.03万,1.36亿
292,301139,元道通信,18.71,3.77%,8.96%,6827.55万,5481.18万,1346.37万,1.27亿
293,300485,赛升药业,12.14,3.76%,7.34%,1.38亿,9832.86万,3937.91万,2.38亿
294,2466,天齐锂业,64.12,3.75%,4.23%,23.28亿,16.68亿,6.61亿,40.21亿
295,2865,钧达股份,75.68,3.73%,4.83%,4.34亿,3.34亿,9985.69万,8.07亿
296,300843,胜蓝股份,66.96,3.72%,3.32%,1.86亿,1.65亿,2150.97万,3.59亿
297,300454,深信服,110.76,3.72%,2.92%,5.29亿,3.94亿,1.35亿,9.30亿
298,688002,睿创微纳,125.48,3.71%,0.75%,2.48亿,1.76亿,7180.60万,4.28亿
299,2663,普邦股份,2.24,3.70%,7.07%,8903.53万,1.18亿,-2929.23万,2.08亿
300,2575,群兴玩具,6.75,3.69%,9.81%,2.27亿,1.59亿,6791.46万,3.87亿
301,688516,奥特维,77.86,3.65%,2.31%,3.22亿,2.15亿,1.07亿,5.45亿
302,603185,弘元绿能,25.03,3.64%,2.23%,2.22亿,1.56亿,6615.76万,3.79亿
303,300713,英可瑞,16.84,3.63%,2.54%,1887.43万,1564.26万,323.17万,3759.74万
304,300264,佳创视讯,8.59,3.62%,2.95%,5607.88万,3683.19万,1924.69万,9323.50万
305,300170,汉得信息,21.17,3.62%,4.44%,5.37亿,3.69亿,1.68亿,9.16亿
306,550,江铃汽车,19.18,3.62%,1.15%,7075.26万,4251.02万,2824.23万,1.14亿
307,688548,广钢气体,24.72,3.60%,2.20%,2.23亿,1.51亿,7191.23万,3.75亿
308,600482,中国动力,38.25,3.60%,1.09%,5.45亿,3.83亿,1.62亿,9.36亿
309,2572,索菲亚,13.03,3.58%,1.50%,7886.72万,4720.57万,3166.15万,1.27亿
310,688368,晶丰明源,147.9,3.56%,1.30%,9308.22万,7134.90万,2173.32万,1.67亿
311,600152,维科技术,12.5,3.56%,19.93%,6.54亿,6.10亿,4334.37万,12.72亿
312,1309,德明利,519.0,3.55%,7.00%,31.25亿,25.92亿,5.33亿,57.48亿
313,301123,奕东电子,64.56,3.54%,4.85%,2.98亿,2.12亿,8582.53万,5.16亿
314,605168,三人行,37.51,3.53%,1.34%,6826.19万,3478.12万,3348.07万,1.05亿
315,600847,万里股份,13.77,3.53%,1.01%,1248.05万,830.34万,417.72万,2106.44万
316,2995,天地在线,24.14,3.52%,9.31%,1.41亿,1.06亿,3444.81万,2.51亿
317,300490,华自科技,19.39,3.52%,5.40%,2.47亿,1.64亿,8367.89万,4.12亿
318,603778,国晟科技,27.75,3.51%,20.99%,24.20亿,10.86亿,13.34亿,35.14亿
319,300520,科大国创,38.32,3.51%,6.93%,3.90亿,3.47亿,4334.87万,7.43亿
320,300571,平治信息,36.06,3.50%,11.65%,2.44亿,2.40亿,465.94万,4.86亿
321,300440,运达科技,16.87,3.50%,1.91%,8916.85万,4983.80万,3933.05万,1.40亿
322,933,神火股份,34.94,3.50%,1.26%,5.38亿,4.53亿,8521.48万,9.97亿
323,711,ST京蓝,3.84,3.50%,3.25%,1.61亿,1.30亿,3123.41万,2.92亿
324,688623,双元科技,91.72,3.49%,2.58%,2365.65万,1985.43万,380.22万,4446.46万
325,301068,大地海洋,32.97,3.48%,0.84%,1445.48万,1304.57万,140.91万,2769.14万
326,605178,时空科技,83.83,3.48%,2.24%,9042.80万,9155.68万,-112.88万,1.84亿
327,2497,雅化集团,27.05,3.48%,4.18%,6.68亿,5.22亿,1.46亿,12.01亿
328,688362,甬矽电子,49.18,3.47%,1.66%,1.92亿,1.38亿,5385.53万,3.32亿
329,688518,联赢激光,26.86,3.47%,1.58%,7510.22万,5575.75万,1934.47万,1.43亿
330,688037,芯源微,188.31,3.47%,1.30%,2.72亿,2.13亿,5952.22万,4.86亿
331,605198,安德利,45.71,3.46%,0.64%,4341.43万,3519.71万,821.72万,7880.35万
332,600331,宏达股份,16.19,3.45%,1.65%,3.28亿,2.09亿,1.19亿,5.38亿
333,300393,中来股份,9.59,3.45%,3.32%,1.87亿,1.12亿,7497.82万,3.02亿
334,2798,帝欧水华,6.9,3.45%,7.26%,1.28亿,1.11亿,1730.29万,2.42亿
335,605189,富春染织,17.12,3.44%,5.42%,9468.10万,8534.68万,933.42万,1.81亿
336,688337,普源精电,56.61,3.42%,1.84%,1.06亿,8488.21万,2137.83万,1.93亿
337,603179,新泉股份,67.62,3.41%,2.35%,4.36亿,3.76亿,6075.62万,8.17亿
338,300559,佳发教育,15.18,3.41%,4.86%,1.25亿,1.01亿,2444.70万,2.27亿
339,2245,蔚蓝锂芯,19.69,3.41%,5.63%,6.79亿,5.22亿,1.57亿,12.10亿
340,301279,金道科技,28.59,3.40%,1.59%,2243.45万,2186.53万,56.93万,4569.04万
341,603300,海南华铁,7.0,3.40%,1.86%,1.73亿,5600.15万,1.17亿,2.57亿
342,688381,帝奥微,25.6,3.39%,2.39%,8206.89万,6767.92万,1438.97万,1.50亿
343,600318,新力金融,7.93,3.39%,2.12%,5474.05万,3090.59万,2383.45万,8581.14万
344,300255,常山药业,46.39,3.39%,1.86%,4.25亿,3.14亿,1.11亿,7.82亿
345,688702,盛科通信,229.0,3.38%,1.60%,3.81亿,3.51亿,2960.19万,7.36亿
346,300816,艾可蓝,68.23,3.38%,1.83%,3319.16万,2464.58万,854.58万,6931.38万
347,605055,迎丰股份,11.32,3.38%,2.43%,6329.47万,5592.14万,737.33万,1.20亿
348,301397,溯联股份,35.61,3.37%,4.90%,7425.56万,4829.60万,2595.97万,1.23亿
349,603496,恒为科技,29.83,3.36%,2.03%,1.16亿,5933.89万,5684.33万,1.91亿
350,822,山东海化,5.85,3.36%,3.17%,1.14亿,5001.13万,6397.83万,1.65亿
351,300952,恒辉安防,38.3,3.35%,3.68%,7572.17万,7024.25万,547.92万,1.48亿
352,300693,盛弘股份,51.57,3.35%,3.29%,2.16亿,1.84亿,3192.69万,4.58亿
353,300223,北京君正,116.19,3.34%,3.13%,8.48亿,6.37亿,2.10亿,15.17亿
354,301251,威尔高,69.78,3.33%,7.27%,1.57亿,1.18亿,3922.90万,2.76亿
355,2154,报喜鸟,3.72,3.33%,3.19%,9078.14万,4939.52万,4138.62万,1.41亿
356,605098,行动教育,62.15,3.33%,2.70%,9708.00万,1.03亿,-562.97万,2.02亿
357,1389,广合科技,132.1,3.32%,2.92%,3.38亿,2.39亿,9926.77万,5.81亿
358,301171,易点天下,47.63,3.32%,6.67%,6.47亿,5.63亿,8351.91万,12.15亿
359,603959,百利科技,6.85,3.32%,5.66%,1.07亿,8406.38万,2333.88万,1.93亿
360,688111,金山办公,252.4,3.31%,1.55%,10.48亿,7.53亿,2.95亿,18.09亿
361,2532,天山铝业,19.06,3.31%,1.02%,5.26亿,2.73亿,2.53亿,8.04亿
362,688339,亿华通,25.7,3.30%,1.33%,3976.15万,2576.21万,1399.94万,6615.92万
363,300342,天银机电,56.0,3.30%,7.07%,9.17亿,7.05亿,2.12亿,16.39亿
364,603881,数据港,41.63,3.30%,5.86%,9.96亿,7.20亿,2.76亿,17.42亿
365,1335,信凯科技,43.29,3.29%,3.59%,2147.10万,1797.71万,349.39万,3952.60万
366,688331,荣昌生物,153.9,3.29%,3.65%,5.08亿,3.76亿,1.32亿,8.98亿
367,300921,南凌科技,26.4,3.29%,4.94%,9274.99万,5329.54万,3945.45万,1.48亿
368,688208,道通科技,36.44,3.29%,0.72%,9035.68万,7761.21万,1274.47万,1.73亿
369,600702,舍得酒业,47.76,3.29%,1.75%,1.53亿,1.12亿,4121.35万,2.75亿
370,301002,崧盛股份,38.74,3.28%,2.99%,5627.30万,4237.09万,1390.21万,9990.93万
371,957,中通客车,12.29,3.28%,2.66%,1.23亿,6938.24万,5357.90万,1.93亿
372,688031,星环科技,141.04,3.27%,2.04%,2.14亿,1.25亿,8910.87万,3.44亿
373,301295,美硕科技,39.55,3.26%,7.72%,4708.97万,4173.63万,535.34万,8982.39万
374,938,紫光股份,28.37,3.24%,3.20%,15.15亿,10.59亿,4.56亿,25.86亿
375,688592,司南导航,44.49,3.23%,2.26%,2100.76万,1689.23万,411.54万,3820.13万
376,688226,威腾电气,52.21,3.22%,2.50%,1.23亿,1.09亿,1465.05万,2.43亿
377,603351,威尔药业,26.62,3.22%,0.61%,1280.17万,912.34万,367.83万,2200.76万
378,2201,九鼎新材,12.17,3.22%,6.37%,2.64亿,2.02亿,6215.30万,4.68亿
379,301238,瑞泰新材,21.25,3.21%,1.41%,1.11亿,1.07亿,346.62万,2.19亿
380,301428,世纪恒通,34.81,3.20%,6.65%,8586.95万,5434.41万,3152.54万,1.41亿
381,300245,天玑科技,13.87,3.20%,6.43%,1.59亿,1.14亿,4510.62万,2.74亿
382,2652,扬子新材,4.85,3.19%,1.91%,2806.41万,1824.86万,981.54万,4698.92万
383,688379,华光新材,51.11,3.19%,1.83%,5450.26万,2894.32万,2555.94万,8359.43万
384,603889,新澳股份,9.05,3.19%,1.77%,5996.21万,5384.61万,611.60万,1.15亿
385,600397,江钨装备,14.58,3.18%,1.79%,1.41亿,1.08亿,3341.46万,2.53亿
386,688777,中控技术,68.1,3.18%,0.80%,2.44亿,1.72亿,7147.60万,4.26亿
387,600654,中安科,4.55,3.17%,9.95%,5.80亿,4.44亿,1.37亿,10.34亿
388,300608,思特奇,13.03,3.17%,4.74%,9115.46万,8616.21万,499.25万,1.78亿
389,300634,彩讯股份,27.77,3.16%,2.55%,1.78亿,1.20亿,5714.58万,3.06亿
390,600877,电科芯片,17.01,3.15%,1.40%,1.59亿,1.18亿,4104.03万,2.80亿
391,688200,华峰测控,295.0,3.15%,0.64%,1.22亿,1.18亿,411.16万,2.51亿
392,600664,哈药股份,4.58,3.15%,17.51%,7.69亿,13.00亿,-5.31亿,20.77亿
393,688191,智洋创新,41.12,3.14%,1.10%,6287.76万,4120.86万,2166.90万,1.04亿
394,603067,振华股份,36.82,3.14%,2.88%,3.88亿,3.67亿,2087.70万,7.56亿
395,301518,长华化学,41.84,3.13%,3.04%,4077.05万,2620.67万,1456.38万,6765.55万
396,603101,汇嘉时代,9.57,3.13%,2.68%,6548.53万,5245.15万,1303.39万,1.19亿
397,2494,华斯股份,5.28,3.13%,3.77%,3093.35万,2529.05万,564.29万,5658.36万
398,2125,湘潭电化,13.9,3.12%,3.09%,1.50亿,1.22亿,2745.91万,2.74亿
399,1270,*ST铖昌,146.8,3.11%,3.73%,5.59亿,5.41亿,1820.46万,11.03亿
400,688150,莱特光电,48.38,3.11%,1.09%,1.02亿,1.05亿,-367.94万,2.12亿
401,1270,*ST铖昌,146.8,3.11%,3.73%,5.59亿,5.41亿,1820.46万,11.03亿
402,688150,莱特光电,48.38,3.11%,1.09%,1.02亿,1.05亿,-367.94万,2.12亿
403,688159,有方科技,44.1,3.11%,1.56%,3764.69万,2439.18万,1325.51万,6339.12万
404,807,云铝股份,35.53,3.11%,0.74%,5.00亿,4.05亿,9513.88万,9.12亿
405,600655,豫园股份,5.0,3.09%,0.50%,5951.82万,3447.40万,2504.42万,9631.50万
406,2229,鸿博股份,19.71,3.09%,13.55%,7.00亿,5.99亿,1.01亿,13.14亿
407,688800,瑞可达,99.01,3.08%,2.35%,3.04亿,1.57亿,1.47亿,4.74亿
408,2920,德赛西威,107.64,3.05%,1.24%,4.50亿,2.86亿,1.64亿,7.42亿
409,2108,沧州明珠,5.07,3.05%,3.70%,1.87亿,1.21亿,6617.28万,3.08亿
410,688522,纳睿雷达,35.29,3.04%,1.90%,4443.06万,3726.41万,716.65万,8196.18万
411,300301,ST长方,3.73,3.04%,3.03%,4369.58万,4442.69万,-73.12万,8869.02万
412,300357,我武生物,27.18,3.03%,1.83%,1.39亿,9637.48万,4288.71万,2.39亿
413,301043,绿岛风,53.14,3.02%,1.14%,2018.12万,1401.88万,616.24万,3442.33万
414,600381,*ST春天,3.07,3.02%,0.60%,481.31万,446.46万,34.85万,1042.57万
415,601789,宁波建工,5.8,3.02%,4.33%,1.62亿,9841.62万,6377.02万,2.70亿
416,601100,恒立液压,107.04,3.02%,0.55%,4.02亿,3.95亿,668.33万,8.00亿
417,2400,省广集团,8.86,3.02%,4.28%,3.99亿,2.39亿,1.60亿,6.49亿
418,600103,青山纸业,4.11,3.01%,7.27%,3.64亿,2.91亿,7274.42万,6.60亿
419,300099,尤洛卡,9.25,3.01%,2.79%,9015.17万,5873.17万,3142.00万,1.51亿
420,2858,力盛体育,16.1,3.01%,3.19%,4376.47万,3094.84万,1281.63万,7535.86万
421,688502,茂莱光学,355.85,3.00%,1.03%,1.11亿,7847.32万,3297.70万,1.92亿
422,600773,西藏城投,20.97,3.00%,2.98%,3.35亿,2.58亿,7738.33万,5.98亿
423,600346,恒力石化,24.39,3.00%,0.30%,2.95亿,2.14亿,8069.80万,5.16亿
424,792,盐湖股份,38.12,3.00%,1.29%,15.94亿,10.12亿,5.82亿,26.11亿
425,300302,同有科技,23.42,2.99%,6.36%,3.06亿,2.41亿,6509.25万,5.50亿
426,2180,纳思达,17.92,2.99%,0.99%,1.38亿,9310.33万,4500.68万,2.38亿
427,300522,世名科技,13.47,2.98%,6.41%,1.18亿,1.10亿,812.38万,2.29亿
428,688365,光云科技,19.0,2.98%,1.76%,8333.14万,5739.02万,2594.12万,1.42亿
429,300358,楚天科技,10.7,2.98%,1.48%,6124.38万,4766.12万,1358.26万,1.11亿
430,893,亚钾国际,56.12,2.97%,1.33%,3.12亿,2.85亿,2707.10万,5.97亿
431,688155,先惠技术,82.62,2.97%,1.83%,1.03亿,8886.83万,1366.79万,1.92亿
432,605288,凯迪股份,85.41,2.97%,0.82%,2831.77万,2029.75万,802.03万,4891.42万
433,2170,芭田股份,13.85,2.97%,3.01%,2.01亿,1.24亿,7622.50万,3.26亿
434,300548,长芯博创,243.8,2.96%,3.89%,12.61亿,12.30亿,3139.10万,25.28亿
435,2355,兴民智通,6.28,2.95%,4.19%,9579.08万,6741.09万,2837.99万,1.64亿
436,688552,航天南湖,47.2,2.94%,4.99%,1.10亿,9127.43万,1899.33万,2.03亿
437,301055,张小泉,33.97,2.94%,3.82%,1.01亿,9406.07万,688.81万,1.97亿
438,300243,瑞丰高材,15.76,2.94%,14.86%,2.26亿,2.25亿,143.20万,4.58亿
439,555,神州信息,16.47,2.94%,5.47%,4.94亿,3.77亿,1.17亿,8.72亿
440,688103,国力电子,57.93,2.93%,0.77%,2515.28万,1666.13万,849.15万,4203.18万
441,600602,云赛智联,24.6,2.93%,4.50%,6.53亿,5.24亿,1.29亿,11.85亿
442,300654,世纪天鸿,10.88,2.93%,1.79%,4010.15万,2745.11万,1265.04万,6817.78万
443,2079,苏州固锝,10.18,2.93%,3.11%,1.55亿,1.01亿,5411.05万,2.57亿
444,688392,骄成超声,131.0,2.92%,0.81%,6348.55万,5760.23万,588.32万,1.22亿
445,605088,冠盛股份,35.32,2.91%,1.11%,5092.89万,2640.98万,2451.91万,7772.36万
446,603955,大千生态,26.48,2.91%,0.71%,1565.34万,937.97万,627.38万,2523.43万
447,2870,香山股份,36.82,2.91%,0.78%,2037.03万,836.68万,1200.34万,3649.79万
448,1280,中国铀业,82.73,2.90%,4.89%,4.36亿,1.91亿,2.46亿,6.36亿
449,603992,松霖科技,34.37,2.90%,0.57%,4608.78万,3200.83万,1407.95万,8552.38万
450,300133,华策影视,7.46,2.90%,3.09%,2.09亿,1.61亿,4781.25万,3.72亿
451,300587,天铁科技,5.35,2.88%,1.45%,5052.41万,2994.11万,2058.30万,8087.62万
452,300068,南都电源,12.85,2.88%,3.81%,2.38亿,1.73亿,6430.83万,4.17亿
453,2315,焦点科技,42.14,2.88%,2.43%,1.27亿,7521.06万,5196.07万,2.05亿
454,603009,北特科技,51.24,2.87%,1.62%,1.53亿,1.27亿,2541.47万,2.82亿
455,2460,赣锋锂业,84.53,2.87%,4.58%,25.89亿,20.97亿,4.92亿,47.02亿
456,603220,中贝通信,29.86,2.86%,8.06%,5.68亿,4.57亿,1.12亿,10.30亿
457,300729,乐歌股份,12.94,2.86%,1.39%,2800.50万,3110.21万,-309.71万,5927.65万
458,300603,立昂技术,12.21,2.86%,7.71%,2.12亿,1.33亿,7917.90万,3.49亿
459,2816,*ST和科,25.02,2.84%,1.95%,2685.84万,2190.07万,495.76万,4895.18万
460,2949,华阳国际,14.14,2.84%,1.56%,1857.29万,1361.35万,495.93万,3297.13万
461,811,冰轮环境,19.18,2.84%,1.29%,1.43亿,9046.37万,5263.07万,2.38亿
462,300378,鼎捷数智,40.99,2.83%,2.75%,1.91亿,1.10亿,8093.10万,3.02亿
463,300182,捷成股份,5.82,2.83%,3.14%,2.50亿,1.56亿,9374.36万,4.10亿
464,688593,新相微,32.06,2.82%,1.22%,7744.36万,4653.90万,3090.46万,1.25亿
465,600094,大名城,4.74,2.82%,0.88%,4417.39万,3974.54万,442.86万,8635.40万
466,2378,章源钨业,30.99,2.82%,2.23%,4.53亿,3.46亿,1.07亿,8.13亿
467,2963,豪尔赛,14.64,2.81%,2.18%,1826.52万,2048.48万,-221.96万,3911.64万
468,600538,国发股份,6.58,2.81%,1.15%,2916.27万,1006.14万,1910.12万,3939.40万
469,600476,湘邮科技,11.33,2.81%,1.33%,1340.08万,992.63万,347.45万,2394.75万
470,2046,国机精工,49.73,2.81%,1.47%,2.12亿,1.71亿,4043.88万,3.85亿
471,301117,佳缘科技,46.21,2.80%,4.21%,8437.79万,6327.19万,2110.59万,1.52亿
472,300891,惠云钛业,8.44,2.80%,1.30%,2088.16万,1519.59万,568.57万,3641.94万
473,600212,绿能慧充,8.09,2.80%,2.37%,6125.67万,3390.05万,2735.62万,1.10亿
474,2756,永兴材料,77.79,2.80%,2.92%,4.67亿,4.13亿,5349.18万,8.92亿
475,605303,园林股份,22.84,2.79%,2.99%,5904.49万,4786.30万,1118.19万,1.07亿
476,301008,宏昌科技,39.11,2.79%,7.29%,1.44亿,1.59亿,-1502.60万,3.18亿
477,688448,磁谷科技,62.49,2.78%,1.37%,3122.81万,2959.22万,163.59万,6130.75万
478,300835,龙磁科技,94.24,2.78%,2.41%,1.15亿,7027.52万,4473.51万,1.88亿
479,688062,迈威生物,40.17,2.76%,3.80%,1.78亿,1.31亿,4720.34万,3.09亿
480,600633,浙数文化,13.04,2.76%,0.89%,8623.35万,5387.91万,3235.44万,1.48亿
481,603115,海星股份,45.73,2.76%,1.79%,1.03亿,9407.17万,866.33万,1.97亿
482,601600,中国铝业,12.64,2.76%,1.25%,12.25亿,8.57亿,3.68亿,20.94亿
483,600841,动力新科,9.36,2.74%,1.28%,7480.40万,4562.48万,2917.92万,1.23亿
484,688290,景业智能,53.65,2.74%,0.41%,1277.83万,924.66万,353.18万,2224.68万
485,600996,贵广网络,9.39,2.74%,1.25%,6793.85万,4512.68万,2281.17万,1.44亿
486,2734,利民股份,17.64,2.74%,4.57%,2.14亿,1.32亿,8205.17万,3.49亿
487,688651,盛邦安全,39.85,2.73%,2.85%,1455.32万,2175.80万,-720.48万,3663.30万
488,301095,广立微,82.17,2.73%,1.79%,1.37亿,1.10亿,2751.19万,2.55亿
489,2766,索菱股份,4.89,2.73%,3.30%,8377.93万,5389.84万,2988.09万,1.40亿
490,600096,云天化,33.86,2.73%,1.81%,7.04亿,3.83亿,3.21亿,11.07亿
491,301316,慧博云通,45.65,2.70%,1.85%,2.01亿,1.39亿,6164.45万,3.41亿
492,300792,壹网壹创,35.73,2.70%,2.00%,8879.59万,6001.17万,2878.42万,1.51亿
493,300461,田中精机,62.8,2.70%,4.82%,2.10亿,2.25亿,-1410.36万,4.37亿
494,301071,力量钻石,44.33,2.69%,3.36%,1.54亿,1.31亿,2391.04万,2.88亿
495,601689,拓普集团,60.71,2.69%,1.67%,9.39亿,8.10亿,1.29亿,17.70亿
496,600595,中孚实业,8.42,2.68%,1.08%,2.13亿,1.53亿,6053.25万,3.67亿
497,2239,奥特佳,3.07,2.68%,1.95%,1.41亿,5266.60万,8855.71万,1.96亿
498,688585,上纬新材,129.62,2.67%,0.57%,1.75亿,1.22亿,5243.42万,2.98亿
499,300071,福石控股,5.0,2.67%,2.32%,6618.75万,4242.32万,2376.43万,1.09亿
500,688508,芯朋微,65.45,2.67%,1.38%,6681.67万,5033.59万,1648.08万,1.18亿
501,603815,交建股份,6.53,2.67%,8.38%,1.63亿,1.75亿,-1241.56万,3.41亿
502,603730,岱美股份,9.6,2.67%,0.59%,6567.25万,5502.71万,1064.54万,1.22亿
503,300338,ST开元,3.85,2.67%,2.92%,1964.50万,1997.41万,-32.92万,3962.73万
504,603091,众鑫股份,78.73,2.66%,0.93%,1190.65万,999.14万,191.51万,2288.37万
505,688322,奥比中光,83.46,2.66%,1.30%,1.97亿,1.46亿,5122.82万,3.45亿
506,688118,普元信息,29.31,2.66%,1.36%,1941.11万,1732.66万,208.45万,3680.48万
507,1896,豫能控股,17.01,2.66%,8.93%,11.31亿,11.67亿,-3575.90万,23.05亿
508,601138,工业富联,59.35,2.65%,0.55%,36.69亿,26.04亿,10.65亿,63.54亿
509,600141,兴发集团,32.57,2.65%,1.10%,2.59亿,1.64亿,9419.75万,4.28亿
510,300244,迪安诊断,19.39,2.65%,2.15%,1.01亿,8711.25万,1427.45万,2.07亿
511,2552,宝鼎科技,20.9,2.65%,4.96%,2.09亿,1.66亿,4242.49万,3.77亿
512,605068,明新旭腾,26.85,2.64%,1.26%,3662.28万,1800.95万,1861.34万,5495.69万
513,600784,鲁银投资,7.39,2.64%,1.86%,5197.99万,3997.66万,1200.33万,9286.30万
514,300340,科恒股份,11.27,2.64%,1.71%,2889.64万,2303.99万,585.65万,5240.36万
515,3010,若羽臣,31.6,2.63%,2.25%,9467.98万,6225.23万,3242.76万,1.59亿
516,2368,太极股份,20.26,2.63%,0.82%,7136.75万,3084.05万,4052.70万,1.03亿
517,301319,唯特偶,56.65,2.63%,3.29%,1.01亿,6892.46万,3165.60万,1.72亿
518,301096,百诚医药,57.97,2.62%,3.99%,1.12亿,7260.68万,3918.66万,1.90亿
519,301376,致欧科技,16.47,2.62%,2.25%,3660.44万,3506.80万,153.65万,7205.64万
520,688030,山石网科,15.65,2.62%,0.65%,983.25万,836.68万,146.57万,1822.45万
521,600346,恒力石化,24.3,2.62%,0.28%,2.73亿,1.99亿,7396.24万,4.75亿
522,300163,先锋新材,4.7,2.62%,3.03%,3801.04万,2264.26万,1536.78万,6368.79万
523,2627,三峡旅游,7.87,2.61%,2.30%,7722.87万,5139.65万,2583.21万,1.30亿
524,802,北京文化,3.95,2.60%,0.91%,1739.39万,762.30万,977.09万,2550.50万
525,301502,华阳智能,44.94,2.60%,6.45%,3097.04万,3658.05万,-561.01万,6822.80万
526,688680,海优新材,50.98,2.60%,1.08%,3142.27万,2148.38万,993.89万,5330.74万
527,600590,泰豪科技,14.59,2.60%,3.13%,2.21亿,1.58亿,6384.06万,3.82亿
528,300464,星徽股份,7.51,2.60%,2.45%,3999.17万,2451.44万,1547.74万,6495.09万
529,301221,光庭信息,53.48,2.59%,1.78%,3258.04万,2597.37万,660.67万,5944.27万
530,301662,宏工科技,143.57,2.57%,7.97%,1.01亿,8972.75万,1151.34万,1.92亿
531,603159,上海亚虹,27.19,2.57%,0.74%,1640.09万,1159.29万,480.81万,2809.99万
532,300432,富临精工,25.99,2.57%,2.48%,6.21亿,4.65亿,1.56亿,10.92亿
533,300113,顺网科技,29.93,2.57%,9.01%,7.76亿,5.97亿,1.79亿,13.88亿
534,2272,川润股份,19.62,2.56%,8.85%,3.70亿,3.20亿,5037.85万,7.04亿
535,603598,引力传媒,21.35,2.55%,3.24%,1.02亿,7734.65万,2442.65万,1.86亿
536,688255,凯尔达,29.88,2.54%,1.49%,2308.87万,2532.05万,-223.17万,4852.13万
537,300785,值得买,51.26,2.54%,5.99%,2.17亿,1.53亿,6450.05万,3.75亿
538,600549,厦门钨业,57.67,2.52%,1.63%,8.01亿,6.16亿,1.85亿,14.39亿
539,300257,开山股份,30.96,2.52%,0.79%,1.25亿,1.08亿,1692.42万,2.35亿
540,2033,丽江股份,10.19,2.52%,13.38%,4.15亿,3.24亿,9131.18万,7.53亿
541,600589,大位科技,11.42,2.51%,6.51%,6.21亿,4.63亿,1.58亿,10.91亿
542,300756,金马游乐,48.28,2.51%,1.24%,4467.62万,3280.29万,1187.34万,7819.42万
543,2929,润建股份,60.84,2.51%,4.88%,3.24亿,2.93亿,3153.24万,6.24亿
544,301257,普蕊斯,59.14,2.50%,2.10%,5108.59万,4093.91万,1014.68万,9248.09万
545,300657,弘信电子,33.62,2.50%,3.48%,3.08亿,2.31亿,7698.46万,5.46亿
546,300051,琏升科技,16.45,2.49%,13.38%,4.14亿,4.10亿,423.80万,8.29亿
547,2785,万里石,43.22,2.49%,2.58%,1.14亿,1.02亿,1191.35万,2.18亿
548,688726,拉普拉斯,66.66,2.48%,9.45%,7.53亿,5.52亿,2.00亿,13.25亿
549,601969,海南矿业,11.15,2.48%,0.98%,1.32亿,8133.64万,5091.05万,2.15亿
550,2475,立讯精密,60.24,2.48%,1.57%,36.73亿,30.16亿,6.57亿,67.66亿
551,688726,拉普拉斯,66.66,2.48%,9.45%,7.53亿,5.52亿,2.00亿,13.25亿
552,601969,海南矿业,11.15,2.48%,0.98%,1.32亿,8133.64万,5091.05万,2.15亿
553,2475,立讯精密,60.24,2.48%,1.57%,36.73亿,30.16亿,6.57亿,67.66亿
554,688369,致远互联,25.26,2.47%,2.58%,3974.07万,3487.19万,486.88万,7504.92万
555,301255,通力科技,29.62,2.46%,8.67%,4993.27万,4681.38万,311.90万,9726.43万
556,301358,湖南裕能,82.86,2.46%,2.26%,7.36亿,6.82亿,5455.60万,14.32亿
557,300774,倍杰特,17.89,2.46%,3.06%,5058.20万,5209.12万,-150.92万,1.05亿
558,688039,当虹科技,43.7,2.46%,0.78%,2093.35万,1641.79万,451.56万,3756.29万
559,688008,澜起科技,150.8,2.46%,1.74%,14.77亿,14.64亿,1284.80万,29.51亿
560,603083,剑桥科技,128.9,2.46%,9.20%,16.65亿,15.19亿,1.45亿,31.96亿
561,688162,巨一科技,34.29,2.45%,0.93%,2499.60万,1763.83万,735.77万,4293.70万
562,601677,明泰铝业,17.56,2.45%,2.04%,2.07亿,2.29亿,-2198.63万,4.41亿
563,600185,珠免集团,5.86,2.45%,0.82%,5300.51万,2918.96万,2381.55万,8971.09万
564,600845,宝信软件,23.0,2.45%,0.50%,1.46亿,9002.12万,5563.76万,2.47亿
565,300184,力源信息,11.73,2.45%,3.77%,2.77亿,1.77亿,9974.24万,4.61亿
566,2797,第一创业,7.95,2.45%,3.56%,7.03亿,4.79亿,2.24亿,11.88亿
567,688343,云天励飞,91.38,2.44%,1.62%,3.12亿,2.10亿,1.02亿,5.26亿
568,301198,喜悦智行,14.29,2.44%,0.88%,1158.87万,795.67万,363.20万,1956.12万
569,300624,万兴科技,71.02,2.44%,2.98%,2.20亿,1.37亿,8272.87万,3.62亿
570,688309,恒誉环保,74.11,2.43%,1.52%,5097.12万,3702.95万,1394.18万,8865.47万
571,603859,能科科技,39.28,2.43%,1.10%,6743.21万,3558.72万,3184.49万,1.05亿
572,2444,巨星科技,31.57,2.43%,0.64%,1.40亿,8853.62万,5166.39万,2.30亿
573,605162,新中港,13.13,2.42%,6.16%,1.61亿,1.42亿,1866.49万,3.09亿
574,300766,每日互动,36.87,2.42%,3.99%,2.85亿,2.24亿,6081.12万,5.25亿
575,301366,一博科技,34.39,2.41%,1.46%,3254.92万,2580.60万,674.32万,5872.02万
576,688718,唯赛勃,15.74,2.41%,0.47%,653.38万,606.00万,47.38万,1268.47万
577,688095,福昕软件,74.93,2.41%,1.22%,5157.65万,3164.72万,1992.93万,8359.01万
578,603301,振德医疗,87.62,2.41%,0.57%,6852.25万,6261.92万,590.33万,1.32亿
579,301559,中集环科,17.1,2.40%,2.57%,1986.60万,1968.59万,18.02万,3961.68万
580,688347,华虹公司,126.3,2.40%,1.55%,4.27亿,3.64亿,6260.95万,7.95亿
581,301419,阿莱德,45.57,2.40%,4.46%,7948.15万,7722.10万,226.05万,1.59亿
582,301259,艾布鲁,33.66,2.40%,1.04%,2552.59万,918.55万,1634.04万,3497.43万
583,603558,健盛集团,13.64,2.40%,1.48%,3687.47万,3201.46万,486.01万,6905.03万
584,603103,横店影视,23.03,2.40%,0.72%,5893.54万,4545.36万,1348.17万,1.05亿
585,300648,星云股份,52.12,2.40%,1.23%,5275.89万,3077.24万,2198.65万,8410.97万
586,2905,金逸影视,9.81,2.40%,1.25%,2236.27万,1984.13万,252.14万,4256.58万
587,688112,鼎阳科技,50.69,2.40%,1.66%,7258.57万,6007.74万,1250.83万,1.33亿
588,688819,天能股份,35.51,2.39%,0.29%,5400.68万,4531.61万,869.06万,1.01亿
589,2938,鹏鼎控股,60.84,2.39%,0.64%,5.10亿,3.66亿,1.44亿,8.91亿
590,603119,浙江荣泰,79.92,2.38%,6.90%,5.37亿,6.02亿,-6473.66万,11.43亿
591,603200,上海洗霸,63.33,2.38%,4.30%,2.50亿,2.27亿,2270.99万,4.80亿
592,603680,今创集团,13.32,2.38%,0.48%,2289.34万,2776.85万,-487.51万,5082.85万
593,603335,迪生力,6.03,2.38%,1.85%,2776.65万,1917.64万,859.01万,4748.14万
594,688357,建龙微纳,36.35,2.37%,0.46%,888.57万,523.35万,365.23万,1679.74万
595,301030,仕净科技,10.41,2.36%,2.30%,2998.27万,1778.19万,1220.08万,4816.77万
596,688260,昀冢科技,29.02,2.36%,2.02%,3212.87万,3629.59万,-416.73万,6874.71万
597,688660,电气风电,12.64,2.35%,0.39%,3699.62万,2490.34万,1209.28万,6455.88万
598,603110,东方材料,16.98,2.35%,2.28%,4915.44万,2769.37万,2146.07万,7732.02万
599,601619,嘉泽新能,5.66,2.35%,2.30%,1.68亿,1.20亿,4757.34万,3.12亿
600,545,金浦钛业,3.05,2.35%,2.37%,4770.35万,2251.94万,2518.41万,7038.21万
601,545,金浦钛业,3.05,2.35%,2.37%,4770.35万,2251.94万,2518.41万,7038.21万
602,301218,华是科技,35.9,2.34%,2.80%,4165.92万,2811.74万,1354.18万,7002.79万
603,605090,九丰能源,40.73,2.34%,1.78%,2.75亿,2.28亿,4643.98万,5.09亿
604,688202,美迪西,72.98,2.34%,1.47%,8202.78万,5502.92万,2699.86万,1.40亿
605,2547,春兴精工,3.06,2.34%,2.46%,4805.91万,3031.83万,1774.09万,8208.59万
606,573,粤宏远A,4.82,2.34%,2.02%,3354.51万,2698.94万,655.57万,6064.41万
607,603008,喜临门,12.29,2.33%,3.23%,8303.41万,5345.57万,2957.84万,1.45亿
608,2193,如意集团,6.59,2.33%,1.82%,1565.16万,1404.87万,160.29万,3095.97万
609,2136,安纳达,12.74,2.33%,1.29%,2150.99万,1324.24万,826.75万,3504.44万
610,2629,仁智股份,6.62,2.32%,3.51%,4527.64万,3639.66万,887.97万,8380.18万
611,300179,四方达,23.86,2.32%,4.54%,2.44亿,1.49亿,9502.75万,4.02亿
612,603790,雅运股份,22.08,2.32%,0.55%,1391.21万,883.26万,507.94万,2304.90万
613,603178,圣龙股份,15.87,2.32%,0.82%,1880.22万,1175.65万,704.57万,3061.43万
614,2779,中坚科技,98.3,2.31%,0.76%,6550.90万,5573.90万,977.00万,1.23亿
615,300249,依米康,17.74,2.31%,3.59%,1.30亿,1.02亿,2802.77万,2.37亿
616,601388,怡球资源,3.99,2.31%,3.04%,1.50亿,1.17亿,3368.85万,2.70亿
617,300112,万讯自控,7.97,2.31%,1.60%,1821.10万,1123.97万,697.13万,2997.85万
618,875,电投绿能,6.64,2.31%,0.88%,1.32亿,6020.00万,7176.32万,1.94亿
619,688080,映翰通,56.45,2.30%,0.82%,1744.39万,1561.33万,183.07万,3380.35万
620,600133,东湖高新,8.89,2.30%,1.03%,6617.38万,2574.60万,4042.78万,9677.48万
621,301313,凡拓数创,32.05,2.30%,2.03%,2669.07万,2160.77万,508.30万,4905.41万
622,688629,华丰科技,135.0,2.29%,8.96%,10.53亿,11.14亿,-6091.90万,21.80亿
623,605208,永茂泰,14.32,2.29%,1.59%,3818.07万,3653.70万,164.38万,7527.34万
624,605298,必得科技,48.71,2.29%,0.60%,2565.23万,2291.63万,273.60万,5347.79万
625,2569,*ST步森,13.47,2.28%,1.58%,1343.75万,1663.43万,-319.68万,3007.99万
626,688129,东来技术,23.73,2.28%,0.33%,559.12万,356.55万,202.57万,919.76万
627,603612,索通发展,27.08,2.27%,1.95%,1.57亿,1.06亿,5129.82万,2.65亿
628,603289,泰瑞机器,12.16,2.27%,1.68%,3035.65万,2940.88万,94.77万,6002.34万
629,301446,福事特,37.93,2.26%,1.15%,831.24万,513.66万,317.58万,1366.90万
630,2758,浙农股份,9.94,2.26%,0.77%,2304.13万,1521.82万,782.31万,3981.68万
631,679,大连友谊,6.83,2.25%,0.55%,849.34万,448.88万,400.45万,1312.70万
632,301137,哈焊华通,45.05,2.25%,1.59%,7671.37万,5212.11万,2459.26万,1.30亿
633,600191,华资实业,12.27,2.25%,0.60%,2156.91万,1338.82万,818.09万,3549.92万
634,2528,ST英飞拓,4.99,2.25%,3.54%,8558.53万,9353.94万,-795.41万,1.80亿
635,2242,九阳股份,10.0,2.25%,1.08%,4106.74万,4139.04万,-32.30万,8350.32万
636,601567,三星电气,26.07,2.24%,0.86%,1.90亿,1.15亿,7457.19万,3.12亿
637,688627,精智达,281.59,2.23%,2.70%,2.63亿,2.76亿,-1239.81万,5.42亿
638,300876,蒙泰高新,26.12,2.23%,0.81%,980.30万,677.86万,302.44万,1783.87万
639,600078,澄星股份,13.27,2.23%,2.62%,1.25亿,1.02亿,2362.48万,2.29亿
640,300235,方直科技,13.32,2.23%,1.57%,2556.36万,1553.59万,1002.77万,4233.77万
641,2335,科华数据,61.8,2.23%,2.60%,4.14亿,2.91亿,1.23亿,7.24亿
642,300830,金现代,11.06,2.22%,3.00%,7036.46万,3967.00万,3069.46万,1.12亿
643,2334,英威腾,8.76,2.22%,2.12%,6258.54万,5672.16万,586.37万,1.36亿
644,301328,维峰电子,56.03,2.21%,1.15%,3474.00万,3495.89万,-21.89万,7020.38万
645,301231,荣信文化,31.4,2.21%,2.46%,2732.09万,2213.81万,518.28万,5009.65万
646,688557,兰剑智能,31.88,2.21%,0.64%,1273.98万,695.65万,578.33万,2059.48万
647,16,深康佳A,3.25,2.20%,1.12%,3645.84万,2131.21万,1514.63万,5797.25万
648,2973,侨银股份,12.98,2.20%,0.63%,1677.95万,893.69万,784.26万,2585.79万
649,688411,海博思创,236.41,2.20%,1.15%,1.60亿,1.94亿,-3386.19万,3.58亿
650,601107,四川成渝,6.04,2.20%,0.41%,3119.85万,2075.70万,1044.15万,5341.00万
651,300935,盈建科,31.28,2.19%,1.23%,1121.75万,1121.27万,4832.00,2281.78万
652,688535,华海诚科,126.82,2.19%,1.47%,8922.92万,5911.87万,3011.05万,1.49亿
653,300479,神思电子,19.16,2.19%,1.05%,2126.80万,1770.64万,356.16万,3952.78万
654,2603,以岭药业,17.26,2.19%,1.06%,1.37亿,1.14亿,2283.83万,2.52亿
655,603275,众辰科技,47.42,2.18%,3.42%,4069.19万,2611.79万,1457.40万,6733.14万
656,301093,华兰股份,76.37,2.18%,0.86%,5186.16万,4971.45万,214.71万,1.03亿
657,603059,倍加洁,34.22,2.18%,1.13%,1853.90万,1973.43万,-119.53万,3842.39万
658,603867,新化股份,32.88,2.18%,1.18%,4635.94万,3631.17万,1004.77万,8340.47万
659,603338,浙江鼎力,50.65,2.18%,0.79%,1.11亿,9289.90万,1853.71万,2.05亿
660,300538,同益股份,15.92,2.18%,1.96%,2192.07万,1568.39万,623.68万,3771.28万
661,603912,佳力图,10.36,2.17%,2.46%,7879.59万,5629.74万,2249.85万,1.37亿
662,603285,键邦股份,35.4,2.16%,8.71%,1.02亿,8608.00万,1614.99万,1.91亿
663,300842,帝科股份,86.05,2.16%,2.04%,1.12亿,1.09亿,340.39万,2.24亿
664,2742,*ST三圣,4.74,2.16%,0.89%,1699.24万,476.72万,1222.52万,2194.77万
665,688768,容知日新,47.06,2.15%,0.58%,1559.24万,729.98万,829.27万,2359.06万
666,601500,通用股份,4.27,2.15%,0.84%,2948.95万,2760.10万,188.85万,5721.08万
667,301358,湖南裕能,82.61,2.15%,2.11%,6.88亿,6.31亿,5649.90万,13.37亿
668,300552,万集科技,26.62,2.15%,2.36%,5172.44万,3204.78万,1967.66万,8481.66万
669,300031,宝通科技,21.37,2.15%,1.06%,5298.29万,2554.27万,2744.02万,7939.73万
670,688308,欧科亿,99.61,2.14%,2.78%,2.47亿,1.89亿,5771.34万,4.37亿
671,605258,协和电子,37.23,2.14%,2.07%,3723.91万,2912.41万,811.49万,6731.98万
672,603738,泰晶科技,27.73,2.14%,5.27%,3.17亿,2.37亿,7937.04万,5.59亿
673,301337,亚华电子,28.33,2.13%,2.01%,1266.56万,827.68万,438.88万,2099.06万
674,600556,天下秀,6.25,2.12%,1.05%,6471.35万,4550.98万,1920.38万,1.18亿
675,603659,璞泰来,35.63,2.12%,1.94%,7.81亿,6.87亿,9400.20万,14.81亿
676,300233,金城医药,15.93,2.12%,2.67%,8284.04万,6165.64万,2118.40万,1.56亿
677,2405,四维图新,9.17,2.12%,1.53%,2.05亿,1.17亿,8811.49万,3.28亿
678,2380,科远智慧,33.76,2.12%,2.99%,7185.70万,6983.55万,202.15万,1.43亿
679,2236,大华股份,19.26,2.12%,1.79%,4.58亿,3.64亿,9376.30万,8.30亿
680,2126,银轮股份,49.69,2.12%,1.23%,2.23亿,2.46亿,-2330.46万,4.82亿
681,603823,百合花,15.46,2.11%,0.88%,3301.84万,2367.74万,934.10万,5702.65万
682,603090,宏盛股份,68.81,2.11%,1.85%,6001.49万,6551.47万,-549.98万,1.27亿
683,603000,人民网,19.88,2.11%,0.78%,1.06亿,5743.54万,4904.22万,1.75亿
684,300611,美力科技,27.06,2.11%,1.88%,5001.52万,2432.40万,2569.12万,7483.18万
685,2636,金安国纪,38.26,2.11%,3.15%,4.35亿,4.25亿,940.15万,8.68亿
686,688303,大全能源,22.36,2.10%,0.37%,1.02亿,7410.62万,2797.44万,1.77亿
687,688691,灿芯股份,107.66,2.10%,2.90%,1.28亿,9445.89万,3322.71万,2.25亿
688,301252,同星科技,38.84,2.10%,4.03%,4415.42万,2961.57万,1453.86万,7421.59万
689,300369,绿盟科技,8.27,2.10%,1.35%,4895.13万,3949.39万,945.74万,9001.84万
690,2036,联创电子,9.24,2.10%,1.72%,9336.58万,7334.89万,2001.69万,1.67亿
691,688216,气派科技,29.29,2.09%,0.94%,1458.11万,1419.20万,38.91万,2903.63万
692,301062,上海艾录,8.31,2.09%,1.05%,1618.73万,1066.25万,552.48万,2714.15万
693,600096,云天化,33.65,2.09%,1.70%,6.68亿,3.51亿,3.17亿,10.39亿
694,300698,万马科技,36.22,2.09%,1.15%,2979.73万,1892.95万,1086.78万,4913.63万
695,300326,ST凯利,6.84,2.09%,0.69%,1992.42万,1351.92万,640.51万,3353.37万
696,300098,高新兴,5.4,2.08%,1.54%,7692.00万,4740.54万,2951.46万,1.29亿
697,688023,安恒信息,51.65,2.08%,1.11%,3633.28万,2158.40万,1474.88万,5847.00万
698,688058,宝兰德,28.98,2.08%,0.62%,748.73万,589.13万,159.60万,1350.71万
699,300710,万隆光电,29.96,2.08%,1.77%,2455.14万,1445.47万,1009.67万,3973.10万
700,300541,先进数通,14.73,2.08%,1.88%,5647.22万,4847.10万,800.12万,1.06亿
701,301525,儒竞科技,72.9,2.09%,0.87%,1664.94万,897.38万,767.57万,3151.43万
702,688216,气派科技,29.29,2.09%,0.94%,1458.11万,1419.20万,38.91万,2903.63万
703,301093,华兰股份,76.3,2.09%,0.91%,5596.11万,5137.11万,459.00万,1.08亿
704,300698,万马科技,36.22,2.09%,1.15%,2979.73万,1892.95万,1086.78万,4913.63万
705,300326,ST凯利,6.84,2.09%,0.69%,1992.42万,1351.92万,640.51万,3353.37万
706,300098,高新兴,5.4,2.08%,1.54%,7692.00万,4740.54万,2951.46万,1.29亿
707,688023,安恒信息,51.65,2.08%,1.11%,3633.28万,2158.40万,1474.88万,5847.00万
708,688058,宝兰德,28.98,2.08%,0.62%,748.73万,589.13万,159.60万,1350.71万
709,300710,万隆光电,29.96,2.08%,1.77%,2455.14万,1445.47万,1009.67万,3973.10万
710,300541,先进数通,14.73,2.08%,1.88%,5647.22万,4847.10万,800.12万,1.06亿
711,2930,宏川智慧,13.77,2.08%,0.56%,2037.51万,1003.81万,1033.70万,3296.42万
712,2741,光华科技,19.14,2.08%,2.09%,8405.42万,8445.26万,-39.83万,1.70亿
713,1330,博纳影业,7.4,2.07%,3.13%,1.92亿,1.25亿,6692.09万,3.19亿
714,688359,三孚新科,93.7,2.07%,1.75%,9844.42万,6129.20万,3715.22万,1.60亿
715,688529,豪森智能,18.26,2.07%,0.30%,432.32万,462.18万,-29.86万,929.27万
716,300949,奥雅股份,37.98,2.07%,1.07%,761.71万,593.45万,168.26万,1372.59万
717,300890,翔丰华,31.99,2.07%,4.33%,8356.40万,6591.34万,1765.06万,1.51亿
718,300052,中青宝,13.33,2.07%,11.01%,1.99亿,1.88亿,1117.62万,3.90亿
719,600295,鄂尔多斯,15.31,2.07%,0.37%,5887.73万,4988.98万,898.76万,1.10亿
720,779,甘咨询,8.9,2.06%,1.10%,2250.03万,2264.35万,-14.32万,4529.34万
721,603799,华友钴业,64.05,2.06%,2.42%,15.85亿,13.15亿,2.70亿,29.28亿
722,300082,奥克股份,11.41,2.06%,3.63%,1.45亿,1.38亿,707.07万,2.85亿
723,1378,德冠新材,25.36,2.05%,2.63%,2142.56万,2015.62万,126.94万,4274.26万
724,688209,英集芯,21.42,2.05%,0.61%,3516.97万,2065.05万,1451.91万,5668.29万
725,2997,瑞鹄模具,32.31,2.05%,0.94%,3231.01万,3111.05万,119.96万,6379.25万
726,688682,霍莱沃,49.37,2.05%,1.27%,2909.39万,3316.67万,-407.28万,6315.24万
727,688181,八亿时空,33.39,2.05%,0.98%,2452.75万,1743.04万,709.72万,4370.47万
728,1368,通达创智,28.0,2.04%,1.10%,1932.52万,1355.74万,576.78万,3317.95万
729,301280,珠城科技,63.03,2.04%,3.19%,5051.47万,2987.62万,2063.84万,8064.30万
730,300806,斯迪克,53.01,2.04%,3.29%,3.34亿,2.04亿,1.30亿,5.45亿
731,300938,信测标准,46.48,2.04%,2.54%,1.31亿,1.07亿,2431.17万,2.46亿
732,2709,天赐材料,48.98,2.04%,4.36%,17.32亿,14.72亿,2.60亿,32.29亿
733,688233,神工股份,74.35,2.03%,1.31%,8431.85万,7940.78万,491.07万,1.65亿
734,300644,南京聚隆,30.15,2.03%,1.25%,1907.59万,1292.67万,614.92万,3291.67万
735,300063,天龙集团,12.05,2.03%,5.67%,2.42亿,1.83亿,5866.34万,4.29亿
736,2931,锋龙股份,70.02,2.03%,2.82%,2.16亿,1.75亿,4075.29万,3.97亿
737,2545,东方铁塔,22.16,2.03%,0.56%,7683.32万,6088.43万,1594.88万,1.40亿
738,2182,宝武镁业,16.6,2.03%,1.39%,1.17亿,8026.73万,3681.26万,2.01亿
739,688589,力合微,22.7,2.02%,0.93%,1871.75万,1037.00万,834.75万,3036.11万
740,600576,祥源文旅,6.07,2.02%,1.33%,3161.49万,2030.91万,1130.58万,5303.01万
741,2705,新宝股份,17.69,2.02%,7.47%,5.70亿,5.28亿,4219.16万,11.02亿
742,688327,云从科技,13.2,2.01%,0.96%,6325.31万,3851.29万,2474.02万,1.05亿
743,301176,逸豪新材,29.98,2.01%,2.64%,7080.82万,5673.80万,1407.02万,1.29亿
744,688480,赛恩斯,86.98,2.01%,1.65%,7115.62万,6351.24万,764.38万,1.36亿
745,605366,宏柏新材,13.68,2.01%,3.61%,2.12亿,1.69亿,4293.47万,3.81亿
746,688010,福光股份,34.5,2.01%,1.52%,4699.72万,3723.38万,976.34万,8435.08万
747,603776,永安行,19.27,2.01%,0.27%,745.20万,634.07万,111.13万,1442.59万
748,603093,南华期货,19.79,2.01%,0.88%,5525.96万,5086.92万,439.05万,1.06亿
749,300199,翰宇药业,21.36,2.01%,3.26%,2.92亿,2.03亿,8831.06万,5.16亿
750,300192,科德教育,19.3,2.01%,1.14%,4463.33万,2607.92万,1855.41万,7130.14万
751,688568,中科星图,61.42,1.99%,0.98%,2.47亿,2.23亿,2425.91万,4.73亿
752,688323,瑞华泰,21.06,1.99%,1.17%,2153.15万,2116.60万,36.54万,4389.66万
753,603703,盛洋科技,13.35,1.99%,1.12%,3025.81万,3021.77万,4.03万,6202.23万
754,2309,中利集团,4.11,1.99%,8.20%,4.63亿,3.40亿,1.23亿,8.07亿
755,625,长安汽车,10.24,1.99%,0.85%,4.71亿,2.49亿,2.22亿,7.21亿
756,688380,中微半导,46.97,1.98%,0.79%,7834.92万,6862.12万,972.80万,1.48亿
757,300982,苏文电能,22.71,1.98%,1.61%,3786.76万,3130.64万,656.12万,7116.03万
758,605218,伟时电子,18.58,1.98%,0.58%,1266.88万,1001.85万,265.03万,2286.18万
759,688180,君实生物,44.36,1.98%,1.75%,3.20亿,2.66亿,5350.99万,6.01亿
760,823,超声电子,15.93,1.98%,2.27%,1.06亿,8359.65万,2238.20万,1.92亿
761,301487,盟固利,22.23,1.97%,2.93%,9613.86万,8183.63万,1430.23万,1.79亿
762,300305,裕兴股份,6.22,1.97%,1.13%,1271.76万,936.76万,335.00万,2238.91万
763,301072,中捷精工,22.27,1.97%,0.81%,631.42万,568.41万,63.00万,1209.62万
764,688367,工大高科,37.83,1.97%,1.09%,1775.29万,1508.92万,266.37万,3618.48万
765,605580,恒盛能源,22.72,1.97%,1.75%,5332.58万,5930.40万,-597.82万,1.13亿
766,300871,回盛生物,28.0,1.97%,6.42%,1.93亿,1.62亿,3048.96万,3.60亿
767,688711,宏微科技,27.99,1.97%,0.81%,2680.98万,1982.97万,698.00万,4814.12万
768,603328,依顿电子,12.93,1.97%,1.40%,9540.06万,8123.35万,1416.71万,1.79亿
769,601231,环旭电子,37.34,1.97%,0.90%,4.09亿,3.69亿,3982.38万,7.93亿
770,600809,山西汾酒,141.79,1.97%,0.25%,2.41亿,1.29亿,1.13亿,4.27亿
771,2712,思美传媒,5.17,1.97%,0.81%,1407.04万,849.79万,557.25万,2262.42万
772,2271,东方雨虹,16.59,1.97%,0.70%,1.27亿,8903.33万,3813.15万,2.20亿
773,301616,浙江华业,51.59,1.96%,1.69%,1471.21万,966.77万,504.43万,2463.77万
774,300983,尤安设计,29.65,1.96%,0.38%,1028.46万,671.15万,357.32万,1712.64万
775,688779,五矿新能,10.93,1.96%,0.82%,9739.54万,7474.17万,2265.37万,1.73亿
776,688633,星球石墨,26.06,1.96%,0.64%,1478.82万,848.67万,630.15万,2379.28万
777,605018,长华集团,12.46,1.96%,1.02%,3481.84万,2375.46万,1106.38万,5934.14万
778,300662,科锐国际,24.42,1.96%,1.32%,4491.28万,1748.52万,2742.76万,6269.60万
779,2354,天娱数科,5.73,1.96%,1.71%,1.03亿,5372.30万,4918.18万,1.58亿
780,688631,莱斯信息,54.91,1.95%,1.23%,2432.51万,1887.56万,544.95万,4342.76万
781,688478,晶升股份,37.16,1.95%,2.27%,4270.19万,4321.29万,-51.10万,8650.16万
782,2588,史丹利,10.48,1.95%,0.95%,5471.37万,2996.70万,2474.67万,8548.22万
783,300217,东方电热,5.23,1.95%,1.30%,5586.73万,2549.26万,3037.47万,8333.13万
784,688622,禾信仪器,98.2,1.94%,2.04%,8312.12万,5661.69万,2650.43万,1.41亿
785,2998,优彩资源,8.95,1.94%,1.73%,2129.59万,1891.81万,237.78万,4162.47万
786,603596,伯特利,46.69,1.94%,0.99%,1.63亿,1.17亿,4640.18万,2.81亿
787,688399,硕世生物,51.91,1.94%,0.96%,2325.34万,1808.76万,516.58万,4151.82万
788,600219,南山铝业,6.32,1.94%,0.97%,3.89亿,3.06亿,8265.78万,7.05亿
789,300578,会畅科技,21.59,1.94%,1.87%,4363.88万,3171.65万,1192.23万,7982.98万
790,300085,银之杰,37.78,1.94%,2.87%,3.94亿,3.04亿,9032.21万,7.08亿
791,2881,美格智能,39.41,1.94%,1.16%,5088.86万,3056.96万,2031.90万,8300.09万
792,2730,电光科技,27.89,1.94%,3.29%,1.57亿,1.56亿,53.42万,3.17亿
793,2713,*ST东易,15.24,1.94%,3.66%,1.40亿,1.44亿,-395.33万,2.86亿
794,2175,东方智造,2.63,1.94%,4.06%,7509.97万,5648.10万,1861.87万,1.33亿
795,2156,通富微电,47.9,1.94%,2.19%,7.29亿,6.33亿,9580.62万,15.65亿
796,301607,富特科技,48.52,1.93%,1.39%,3978.99万,3472.51万,506.49万,7506.78万
797,300998,宁波方正,25.41,1.93%,1.70%,2617.57万,1798.43万,819.13万,4638.79万
798,601869,长飞光纤,365.54,1.93%,2.10%,14.86亿,14.44亿,4146.10万,30.50亿
799,2558,巨人网络,32.67,1.93%,1.38%,4.32亿,4.02亿,3000.51万,8.50亿
800,422,湖北宜化,15.81,1.93%,1.89%,1.95亿,1.18亿,7684.94万,3.15亿
801,300426,华智数媒,7.48,1.91%,1.03%,1836.28万,1222.89万,613.39万,3066.05万
802,2919,名臣健康,20.3,1.91%,0.74%,2485.03万,1435.16万,1049.87万,3942.90万
803,688573,信宇人,21.41,1.90%,4.42%,2780.31万,2217.52万,562.79万,5011.37万
804,300990,同飞股份,85.95,1.90%,3.36%,1.14亿,1.05亿,899.14万,2.22亿
805,600603,广汇物流,6.97,1.90%,1.09%,5627.93万,3366.40万,2261.53万,9086.73万
806,300536,农尚环境,8.05,1.90%,0.71%,1004.07万,637.19万,366.88万,1660.32万
807,688697,纽威数控,15.08,1.89%,0.25%,1005.05万,721.62万,283.43万,1736.85万
808,301097,天益医疗,58.13,1.89%,0.99%,1024.34万,606.96万,417.37万,1667.96万
809,688125,安达智能,252.3,1.89%,0.44%,5762.57万,3242.01万,2520.57万,9029.64万
810,603255,鼎际得,29.16,1.89%,1.03%,925.46万,855.79万,69.67万,1822.36万
811,688173,希荻微,14.52,1.89%,0.46%,1292.72万,1342.68万,-49.97万,2678.14万
812,601311,骆驼股份,10.26,1.89%,2.23%,1.48亿,1.17亿,3104.30万,2.68亿
813,300638,广和通,25.37,1.89%,1.27%,1.08亿,5986.13万,4860.32万,1.71亿
814,2922,伊戈尔,39.31,1.89%,2.76%,2.19亿,1.78亿,4150.79万,4.03亿
815,301160,翔楼新材,58.04,1.88%,2.20%,5220.54万,4305.43万,915.11万,9550.34万
816,688326,经纬恒润,120.85,1.88%,0.55%,3923.03万,3472.91万,450.12万,7449.62万
817,688306,均普智能,9.19,1.88%,0.42%,2952.34万,1795.11万,1157.23万,4763.10万
818,300976,达瑞电子,59.19,1.88%,0.95%,3243.24万,1466.01万,1777.23万,4845.39万
819,688256,寒武纪,1298.0,1.88%,0.88%,24.27亿,23.36亿,9149.59万,47.82亿
820,300337,银邦股份,13.55,1.88%,2.04%,1.08亿,8599.73万,2199.77万,1.96亿
821,2810,山东赫达,23.79,1.88%,1.53%,6809.30万,4912.48万,1896.82万,1.18亿
822,601121,宝地矿业,7.64,1.87%,0.75%,2590.72万,1967.15万,623.56万,4577.45万
823,688088,虹软科技,41.84,1.87%,0.49%,4564.16万,3699.23万,864.93万,8326.18万
824,600527,江南高纤,2.73,1.87%,8.78%,2.30亿,1.88亿,4157.52万,4.19亿
825,301031,中熔电气,147.56,1.86%,1.57%,9795.24万,5886.41万,3908.83万,1.59亿
826,2685,华东重机,8.23,1.86%,2.45%,1.10亿,8615.82万,2364.46万,2.00亿
827,301187,欧圣电气,19.68,1.86%,0.46%,1333.09万,968.58万,364.51万,2317.41万
828,688321,微芯生物,31.7,1.86%,1.40%,1.07亿,7161.45万,3519.48万,1.79亿
829,603878,武进不锈,7.66,1.86%,0.88%,2209.95万,1525.80万,684.14万,3800.24万
830,997,新大陆,20.21,1.86%,0.95%,1.23亿,6827.66万,5481.02万,1.93亿
831,603271,永杰新材,49.65,1.85%,4.03%,8851.58万,1.01亿,-1204.06万,1.90亿
832,688167,炬光科技,387.0,1.85%,2.02%,3.27亿,3.50亿,-2271.50万,6.98亿
833,603533,掌阅科技,25.91,1.85%,2.14%,1.23亿,1.12亿,1116.23万,2.43亿
834,2806,华锋股份,14.29,1.85%,2.43%,3521.78万,2270.05万,1251.73万,5999.15万
835,301062,上海艾录,8.29,1.84%,1.14%,1682.65万,1112.64万,570.01万,2956.81万
836,300781,因赛集团,36.05,1.84%,2.00%,4907.02万,3738.64万,1168.38万,8735.09万
837,36,华联控股,4.98,1.84%,1.56%,5473.03万,5319.12万,153.91万,1.09亿
838,688601,力芯微,53.46,1.83%,1.59%,5956.58万,4452.70万,1503.88万,1.12亿
839,300925,法本信息,18.4,1.83%,1.01%,4266.94万,2129.51万,2137.43万,6474.13万
840,603701,德宏股份,24.5,1.83%,0.92%,3227.16万,2495.94万,731.22万,5868.95万
841,300499,高澜股份,41.83,1.83%,5.79%,3.46亿,3.06亿,4076.97万,6.60亿
842,300047,天源迪科,12.27,1.83%,1.25%,5393.92万,3148.33万,2245.59万,8751.29万
843,2628,成都路桥,5.01,1.83%,1.78%,3883.97万,2718.06万,1165.91万,6670.36万
844,2274,华昌化工,6.12,1.83%,1.11%,3488.32万,2812.36万,675.95万,6335.62万
845,688113,联测科技,38.64,1.82%,0.37%,554.42万,353.92万,200.50万,922.91万
846,300825,阿尔特,8.96,1.82%,0.76%,1768.17万,1285.45万,482.73万,3292.80万
847,601665,齐鲁银行,6.17,1.82%,0.61%,1.50亿,7766.62万,7268.07万,2.30亿
848,2863,今飞凯达,5.58,1.82%,0.92%,1913.56万,1137.44万,776.12万,3076.28万
849,601965,中国汽研,17.41,1.81%,0.34%,4110.96万,1670.87万,2440.09万,5887.66万
850,300620,光库科技,231.56,1.81%,3.37%,9.74亿,9.44亿,2958.70万,19.36亿
851,300499,高澜股份,41.83,1.83%,5.79%,3.46亿,3.06亿,4076.97万,6.60亿
852,300047,天源迪科,12.27,1.83%,1.25%,5393.92万,3148.33万,2245.59万,8751.29万
853,2628,成都路桥,5.01,1.83%,1.78%,3883.97万,2718.06万,1165.91万,6670.36万
854,2274,华昌化工,6.12,1.83%,1.11%,3488.32万,2812.36万,675.95万,6335.62万
855,688113,联测科技,38.64,1.82%,0.37%,554.42万,353.92万,200.50万,922.91万
856,300825,阿尔特,8.96,1.82%,0.76%,1768.17万,1285.45万,482.73万,3292.80万
857,601665,齐鲁银行,6.17,1.82%,0.61%,1.50亿,7766.62万,7268.07万,2.30亿
858,2863,今飞凯达,5.58,1.82%,0.92%,1913.56万,1137.44万,776.12万,3076.28万
859,601965,中国汽研,17.41,1.81%,0.34%,4110.96万,1670.87万,2440.09万,5887.66万
860,300620,光库科技,231.56,1.81%,3.37%,9.74亿,9.44亿,2958.70万,19.36亿
861,300465,高伟达,15.17,1.81%,1.16%,4971.91万,2696.05万,2275.86万,7760.61万
862,681,视觉中国,20.84,1.81%,1.77%,1.54亿,9404.60万,5947.56万,2.49亿
863,688361,中科飞测,176.96,1.80%,0.68%,1.48亿,1.46亿,241.62万,2.98亿
864,688772,珠海冠宇,16.43,1.80%,1.64%,1.62亿,1.40亿,2102.37万,3.05亿
865,301618,长联科技,49.15,1.80%,0.67%,712.59万,339.22万,373.36万,1114.79万
866,301337,亚华电子,28.24,1.80%,2.17%,1370.25万,879.50万,490.75万,2265.57万
867,603217,元利科技,26.08,1.80%,1.11%,3548.66万,2439.51万,1109.15万,6004.59万
868,300308,中际旭创,794.0,1.80%,1.11%,51.61亿,43.90亿,7.70亿,96.28亿
869,558,天府文旅,4.53,1.80%,1.74%,6996.96万,3132.88万,3864.08万,1.01亿
870,688215,瑞晟智能,76.22,1.79%,0.68%,1711.88万,1421.74万,290.15万,3252.02万
871,688063,派能科技,74.35,1.79%,2.65%,2.36亿,2.47亿,-1006.87万,4.84亿
872,603226,菲林格尔,39.82,1.79%,0.33%,2779.84万,1813.05万,966.78万,4645.82万
873,300633,开立医疗,27.31,1.79%,0.89%,3513.61万,2772.10万,741.51万,6442.09万
874,2602,世纪华通,17.07,1.79%,0.65%,4.40亿,3.09亿,1.31亿,7.56亿
875,2131,利欧股份,7.96,1.79%,4.06%,11.29亿,7.40亿,3.89亿,18.87亿
876,688372,伟测科技,157.37,1.78%,1.52%,2.09亿,1.84亿,2572.90万,3.99亿
877,301380,挖金客,33.65,1.78%,0.97%,1594.20万,1009.50万,584.70万,2618.50万
878,688059,华锐精密,123.24,1.78%,1.17%,7470.31万,5963.47万,1506.84万,1.34亿
879,603499,翔港科技,22.25,1.78%,0.70%,2566.23万,1884.85万,681.38万,4685.76万
880,688620,安凯微,11.44,1.78%,0.75%,1175.91万,796.84万,379.07万,1987.84万
881,600531,豫光金铅,13.73,1.78%,1.66%,1.36亿,1.21亿,1463.24万,2.75亿
882,600470,六国化工,6.85,1.78%,2.13%,3886.14万,3136.77万,749.37万,7524.42万
883,2373,千方科技,9.73,1.78%,0.65%,5377.39万,3292.37万,2085.02万,8866.32万
884,688693,锴威特,93.13,1.77%,5.53%,1.00亿,9885.96万,152.01万,2.00亿
885,688147,微导纳米,70.68,1.77%,0.58%,9704.64万,8603.68万,1100.96万,1.86亿
886,301005,超捷股份,170.14,1.77%,4.41%,5.10亿,4.57亿,5248.54万,9.85亿
887,300737,科顺股份,6.34,1.77%,1.12%,3345.80万,2772.57万,573.24万,6234.42万
888,2052,同洲电子,10.38,1.76%,0.65%,2804.80万,1747.34万,1057.47万,4595.53万
889,688210,统联精密,49.19,1.76%,0.81%,3194.64万,2952.79万,241.85万,6368.72万
890,603381,永臻股份,23.1,1.76%,1.78%,3120.79万,2591.61万,529.18万,5793.25万
891,688139,海尔生物,32.98,1.76%,0.72%,4407.11万,3062.55万,1344.55万,7497.66万
892,601918,新集能源,7.51,1.76%,0.88%,1.10亿,5736.58万,5270.79万,1.70亿
893,300503,昊志机电,56.07,1.76%,3.18%,2.16亿,2.05亿,1109.14万,4.27亿
894,688152,麒麟信安,34.83,1.75%,0.47%,651.78万,1029.78万,-378.00万,1688.18万
895,301413,安培龙,123.82,1.74%,4.99%,1.80亿,1.86亿,-681.72万,3.67亿
896,2965,祥鑫科技,31.03,1.74%,1.28%,4793.21万,2892.11万,1901.10万,7882.25万
897,2678,珠江钢琴,5.85,1.74%,0.72%,3139.35万,2472.61万,666.74万,5701.47万
898,600478,科力远,7.62,1.74%,1.67%,1.10亿,9639.86万,1393.55万,2.12亿
899,600130,*ST波导,4.67,1.74%,1.08%,2188.55万,1366.03万,822.51万,3753.09万
900,2436,兴森科技,25.13,1.74%,3.12%,5.94亿,5.77亿,1694.33万,11.80亿
901,2594,比亚迪,104.8,1.72%,0.93%,21.01亿,12.83亿,8.18亿,34.00亿
902,688683,莱尔科技,38.71,1.71%,0.71%,2533.80万,1731.82万,801.99万,4270.67万
903,600475,华光环能,17.29,1.71%,0.50%,4685.75万,3398.45万,1287.30万,8143.19万
904,300183,东软载波,14.86,1.71%,0.96%,2407.31万,2636.88万,-229.57万,5235.01万
905,2518,科士达,48.11,1.71%,0.63%,9707.19万,7093.65万,2613.54万,1.70亿
906,2446,盛路通信,10.13,1.71%,2.08%,1.05亿,7050.92万,3444.07万,1.77亿
907,301041,金百泽,28.57,1.71%,2.84%,3369.75万,2854.59万,515.16万,6359.39万
908,301270,汉仪股份,32.37,1.70%,1.25%,2544.87万,1251.13万,1293.75万,3803.44万
909,603876,鼎胜新材,25.12,1.70%,2.58%,3.44亿,2.51亿,9282.68万,6.01亿
910,300084,海默科技,10.78,1.70%,2.68%,5128.70万,4810.22万,318.48万,1.00亿
911,301372,科净源,33.13,1.69%,8.07%,5720.41万,4995.73万,724.69万,1.08亿
912,688669,聚石化学,26.41,1.69%,0.91%,1752.86万,1096.87万,655.99万,2874.15万
913,300849,锦盛新材,20.49,1.69%,0.82%,1217.66万,814.70万,402.96万,2048.15万
914,605117,德业股份,138.6,1.69%,1.02%,6.78亿,5.85亿,9338.29万,12.85亿
915,603602,纵横通信,13.24,1.69%,0.53%,924.42万,649.15万,275.27万,1613.83万
916,600583,海油工程,7.21,1.69%,0.83%,1.45亿,1.19亿,2625.06万,2.66亿
917,688523,航天环宇,70.07,1.68%,6.08%,2.00亿,2.00亿,-15.66万,4.05亿
918,603057,紫燕食品,25.36,1.68%,0.30%,1603.85万,1523.88万,79.97万,3162.76万
919,688353,华盛锂电,125.07,1.68%,2.79%,2.66亿,2.92亿,-2585.33万,5.60亿
920,301121,紫建电子,37.56,1.68%,1.08%,1184.49万,838.95万,345.54万,2056.13万
921,300940,南极光,23.63,1.68%,1.24%,2393.77万,2162.83万,230.94万,4593.91万
922,603105,芯能科技,10.89,1.68%,2.35%,7154.90万,5438.19万,1716.70万,1.28亿
923,600307,酒钢宏兴,1.82,1.68%,0.59%,4964.80万,1675.70万,3289.11万,6659.63万
924,2501,利源股份,1.83,1.67%,0.53%,2426.73万,920.48万,1506.25万,3386.23万
925,603356,华菱精工,15.87,1.67%,1.99%,2438.60万,1739.16万,699.44万,4188.25万
926,603320,迪贝电气,23.12,1.67%,1.83%,3023.36万,3189.13万,-165.78万,6240.91万
927,300291,百纳千成,6.7,1.67%,1.23%,3721.85万,3883.69万,-161.85万,7652.57万
928,1288,运机集团,27.02,1.66%,1.16%,1955.66万,2658.76万,-703.10万,4743.24万
929,688511,*ST天微,22.6,1.66%,0.74%,1304.17万,926.68万,377.48万,2231.98万
930,600032,浙江新能,9.82,1.66%,1.47%,1.90亿,1.51亿,3875.47万,3.46亿
931,688659,元琛科技,9.81,1.66%,0.66%,472.26万,546.47万,-74.21万,1027.77万
932,603813,*ST原尚,28.12,1.66%,0.89%,1435.18万,1127.12万,308.06万,2571.01万
933,300782,卓胜微,103.11,1.66%,2.22%,5.32亿,4.77亿,5500.47万,10.13亿
934,300556,丝路视觉,17.8,1.66%,1.09%,1140.14万,918.39万,221.76万,2082.03万
935,818,航锦科技,14.66,1.66%,2.55%,1.56亿,8843.41万,6706.90万,2.45亿
936,688403,汇成股份,16.03,1.65%,1.77%,1.27亿,1.32亿,-453.27万,2.61亿
937,603051,鹿山新材,22.22,1.65%,2.00%,3780.11万,3376.39万,403.73万,7192.89万
938,300143,盈康生命,12.35,1.65%,0.96%,4415.94万,2970.58万,1445.36万,7516.20万
939,688355,明志科技,22.82,1.65%,0.84%,1377.87万,949.85万,428.01万,2350.08万
940,688360,德马科技,19.09,1.65%,0.31%,863.47万,566.84万,296.63万,1468.59万
941,300715,凯伦股份,13.52,1.65%,0.68%,1486.56万,1213.67万,272.88万,2851.56万
942,300493,润欣科技,15.99,1.65%,0.74%,3418.01万,2517.61万,900.40万,6009.65万
943,300033,同花顺,237.85,1.65%,1.61%,10.11亿,6.35亿,3.77亿,16.80亿
944,2912,中新赛克,26.46,1.65%,1.40%,3793.60万,2139.67万,1653.93万,5972.75万
945,2832,比音勒芬,17.82,1.65%,1.29%,5621.39万,3180.52万,2440.87万,8906.22万
946,2498,汉缆股份,8.64,1.65%,6.45%,9.72亿,8.31亿,1.41亿,18.16亿
947,509,华塑控股,3.69,1.65%,1.00%,2138.28万,1677.11万,461.16万,3900.79万
948,688079,美迪凯,15.54,1.64%,1.25%,4052.44万,3671.26万,381.18万,7734.93万
949,688081,兴图新科,50.17,1.64%,1.10%,2752.36万,2861.66万,-109.30万,5633.32万
950,603527,众源新材,11.81,1.64%,4.62%,8100.36万,9187.47万,-1087.11万,1.74亿
951,301066,万事利,14.27,1.64%,0.70%,1289.63万,1019.74万,269.89万,2333.34万
952,301469,恒达新材,34.13,1.64%,0.97%,822.96万,641.74万,181.23万,1512.88万
953,688079,美迪凯,15.54,1.64%,1.25%,4052.44万,3671.26万,381.18万,7734.93万
954,688081,兴图新科,50.17,1.64%,1.10%,2752.36万,2861.66万,-109.30万,5633.32万
955,603527,众源新材,11.81,1.64%,4.62%,8100.36万,9187.47万,-1087.11万,1.74亿
956,600689,上海三毛,13.62,1.64%,1.59%,1625.60万,1664.47万,-38.87万,3306.29万
957,600588,用友网络,12.36,1.64%,0.49%,1.28亿,7912.20万,4859.47万,2.08亿
958,603926,铁流股份,17.95,1.64%,1.06%,2674.56万,1620.25万,1054.31万,4360.56万
959,300229,拓尔思,18.69,1.63%,1.02%,9689.11万,6575.65万,3113.46万,1.66亿
960,2403,爱仕达,10.58,1.63%,0.43%,884.62万,455.46万,429.16万,1352.15万
961,688025,杰普特,276.02,1.63%,2.31%,3.25亿,2.67亿,5797.24万,5.97亿
962,603020,爱普股份,11.23,1.63%,0.53%,1333.29万,947.74万,385.55万,2282.04万
963,600361,创新新材,4.36,1.63%,0.67%,7110.30万,3719.04万,3391.26万,1.09亿
964,300091,*ST金灵,3.13,1.62%,0.76%,2304.20万,1511.04万,793.16万,3865.40万
965,603950,长源东谷,60.81,1.62%,4.01%,4.09亿,3.73亿,3606.99万,7.92亿
966,300748,金力永磁,32.64,1.62%,0.93%,1.80亿,1.26亿,5409.89万,3.41亿
967,300310,宜通世纪,6.26,1.62%,2.96%,7146.72万,5402.25万,1744.47万,1.27亿
968,688638,誉辰智能,42.27,1.61%,1.43%,897.90万,567.74万,330.16万,1596.45万
969,601599,浙文影业,3.79,1.61%,0.69%,1436.65万,992.97万,443.67万,3011.13万
970,601702,华峰铝业,20.14,1.61%,0.45%,4697.12万,4310.10万,387.02万,9147.90万
971,301373,凌玮科技,88.4,1.61%,11.67%,2.31亿,1.78亿,5321.90万,4.13亿
972,600219,南山铝业,6.3,1.61%,0.92%,3.75亿,2.94亿,8131.93万,6.70亿
973,300685,艾德生物,23.42,1.61%,2.13%,9716.15万,9046.47万,669.68万,1.94亿
974,300513,恒实科技,8.83,1.61%,1.01%,1401.68万,1129.70万,271.98万,2558.82万
975,2624,完美世界,19.62,1.61%,1.39%,2.43亿,2.06亿,3775.96万,4.90亿
976,582,北部湾港,10.71,1.61%,0.51%,7253.64万,4426.34万,2827.30万,1.17亿
977,688207,格灵深瞳,14.61,1.60%,0.42%,909.69万,646.15万,263.54万,1595.43万
978,2345,潮宏基,10.82,1.60%,0.96%,5013.97万,3816.87万,1197.10万,9011.71万
979,603960,克来机电,24.71,1.60%,2.56%,7785.21万,8558.75万,-773.54万,1.66亿
980,601908,京运通,4.44,1.60%,2.27%,1.26亿,1.15亿,1188.26万,2.42亿
981,600478,科力远,7.61,1.60%,1.54%,1.06亿,8755.70万,1868.69万,1.95亿
982,300496,中科创达,61.49,1.60%,1.33%,1.70亿,1.28亿,4156.93万,3.02亿
983,300476,胜宏科技,300.18,1.60%,2.32%,32.43亿,26.06亿,6.37亿,59.32亿
984,1400,江顺科技,176.48,1.59%,9.05%,1.17亿,1.13亿,399.50万,2.33亿
985,688580,伟思医疗,58.95,1.59%,0.68%,2047.45万,1761.34万,286.11万,3836.92万
986,688269,凯立新材,38.4,1.59%,0.33%,882.84万,666.69万,216.15万,1655.89万
987,603551,奥普科技,12.15,1.59%,0.30%,582.23万,372.45万,209.78万,1370.48万
988,600850,电科数字,20.48,1.59%,0.63%,5220.64万,3327.06万,1893.58万,8780.87万
989,600481,双良节能,6.38,1.59%,1.37%,1.11亿,6453.84万,4650.20万,1.80亿
990,300288,朗玛信息,12.81,1.59%,0.69%,1416.58万,790.76万,625.83万,2249.21万
991,300250,初灵信息,21.71,1.59%,1.46%,2949.36万,1998.30万,951.05万,4982.61万
992,300115,长盈精密,33.91,1.59%,1.71%,4.13亿,3.67亿,4584.77万,7.90亿
993,688583,思看科技,126.98,1.58%,1.70%,3613.70万,3006.77万,606.92万,6650.46万
994,603095,越剑智能,17.96,1.58%,0.56%,1634.08万,936.36万,697.71万,2577.44万
995,688078,龙软科技,24.38,1.58%,0.57%,566.70万,439.80万,126.90万,1010.64万
996,600793,宜宾纸业,18.66,1.58%,0.59%,1335.08万,590.11万,744.96万,1937.32万
997,300602,飞荣达,34.75,1.58%,2.01%,1.47亿,1.28亿,1899.64万,2.77亿
998,1256,炜冈科技,23.88,1.57%,0.88%,1326.85万,873.38万,453.46万,2228.14万
999,688102,斯瑞新材,36.83,1.57%,1.07%,1.56亿,1.45亿,1116.06万,3.04亿
1000,301159,三维天地,42.06,1.57%,1.17%,1387.74万,1105.38万,282.36万,2599.35万
1001,300115,长盈精密,33.91,1.59%,1.71%,4.13亿,3.67亿,4584.77万,7.90亿
1002,688583,思看科技,126.98,1.58%,1.70%,3613.70万,3006.77万,606.92万,6650.46万
1003,300814,中富电路,99.61,1.58%,2.49%,2.71亿,1.99亿,7221.07万,4.75亿
1004,300964,本川智能,73.31,1.58%,5.00%,1.07亿,9442.64万,1249.93万,2.04亿
1005,300861,美畅股份,16.72,1.58%,0.92%,3495.41万,2878.85万,616.55万,6442.64万
1006,603095,越剑智能,17.96,1.58%,0.56%,1634.08万,936.36万,697.71万,2577.44万
1007,688078,龙软科技,24.38,1.58%,0.57%,566.70万,439.80万,126.90万,1010.64万
1008,600267,海正药业,11.57,1.58%,6.47%,4.73亿,4.36亿,3701.29万,9.15亿
1009,300602,飞荣达,34.75,1.58%,2.01%,1.47亿,1.28亿,1899.64万,2.77亿
1010,1256,炜冈科技,23.88,1.57%,0.88%,1326.85万,873.38万,453.46万,2228.14万
1011,688102,斯瑞新材,36.83,1.57%,1.07%,1.56亿,1.45亿,1116.06万,3.04亿
1012,2976,瑞玛精密,28.55,1.57%,1.78%,1803.08万,1549.60万,253.48万,3388.13万
1013,300972,万辰集团,208.91,1.57%,0.52%,1.09亿,7709.33万,3164.12万,1.89亿
1014,300931,通用电梯,12.91,1.57%,0.95%,1366.36万,838.88万,527.49万,2252.86万
1015,603183,建研院,4.54,1.57%,0.79%,959.68万,789.97万,169.70万,1761.09万
1016,601360,三六零,11.02,1.57%,0.52%,2.47亿,1.44亿,1.03亿,4.02亿
1017,300721,怡达股份,14.19,1.57%,1.25%,1294.48万,1108.98万,185.51万,2432.12万
1018,300596,利安隆,44.07,1.57%,0.47%,2441.46万,2057.02万,384.44万,4589.62万
1019,2677,浙江美大,7.78,1.57%,0.43%,1049.52万,716.29万,333.22万,1776.31万
1020,2119,康强电子,22.05,1.57%,4.17%,1.88亿,1.51亿,3732.22万,3.43亿
1021,301098,金埔园林,8.49,1.56%,1.40%,796.16万,964.48万,-168.32万,1769.56万
1022,603982,泉峰汽车,7.8,1.56%,1.01%,1622.42万,1017.93万,604.49万,2673.12万
1023,603768,常青股份,11.04,1.56%,0.32%,454.80万,331.81万,122.99万,830.86万
1024,603316,诚邦股份,14.93,1.56%,3.06%,6963.56万,4843.78万,2119.78万,1.18亿
1025,2379,宏桥控股,28.71,1.56%,0.67%,1.16亿,1.02亿,1342.85万,2.21亿
1026,2361,神剑股份,18.83,1.56%,32.40%,24.59亿,24.11亿,4753.10万,48.91亿
1027,301252,同星科技,38.63,1.55%,4.31%,4572.05万,3230.72万,1341.33万,7924.72万
1028,300029,*ST天龙,4.6,1.55%,1.34%,533.34万,648.43万,-115.08万,1229.95万
1029,300248,新开普,10.46,1.55%,0.91%,2142.86万,1634.73万,508.14万,3878.26万
1030,300892,品渥食品,28.23,1.55%,1.67%,1618.69万,1381.89万,236.81万,3018.93万
1031,600960,渤海汽车,5.23,1.55%,0.56%,1521.14万,1212.34万,308.80万,2777.00万
1032,300592,华凯易佰,13.09,1.55%,0.92%,2489.08万,1692.06万,797.02万,4196.84万
1033,300409,道氏技术,26.93,1.55%,2.39%,2.31亿,2.09亿,2164.50万,4.43亿
1034,300221,银禧科技,10.48,1.55%,1.12%,2865.34万,2381.83万,483.51万,5354.85万
1035,300169,天晟新材,5.91,1.55%,0.82%,735.24万,714.56万,20.68万,1457.77万
1036,913,钱江摩托,15.09,1.55%,0.54%,2577.50万,1638.01万,939.49万,4225.45万
1037,301302,华如科技,21.76,1.54%,1.91%,3090.80万,2631.20万,459.60万,5744.62万
1038,301209,联合化学,93.4,1.54%,0.38%,1586.97万,1755.85万,-168.88万,3352.16万
1039,688261,东微半导,74.42,1.54%,1.04%,5129.70万,4155.21万,974.49万,9415.11万
1040,300299,富春股份,5.93,1.54%,0.90%,2077.32万,1490.45万,586.87万,3644.22万
1041,2369,卓翼科技,7.26,1.54%,1.03%,2309.28万,1897.45万,411.83万,4230.57万
1042,917,电广传媒,9.89,1.54%,1.05%,8327.83万,6192.70万,2135.14万,1.46亿
1043,301169,零点有数,56.35,1.53%,0.49%,1087.76万,885.53万,202.24万,1980.62万
1044,688561,奇安信,30.6,1.53%,0.27%,3525.42万,2032.57万,1492.85万,5639.02万
1045,2649,博彦科技,11.97,1.53%,0.95%,3913.60万,2214.91万,1698.69万,6224.43万
1046,300509,新美星,11.97,1.53%,1.17%,1916.63万,1508.52万,408.12万,3457.37万
1047,2145,钛能化学,4.64,1.53%,0.52%,5253.70万,3221.21万,2032.49万,9024.21万
1048,688450,光格科技,40.61,1.52%,1.80%,1792.44万,1716.32万,76.12万,3549.31万
1049,301162,国能日新,67.52,1.52%,1.28%,3359.71万,4033.47万,-673.76万,7401.95万
1050,301000,肇民科技,30.01,1.52%,0.76%,2477.23万,2688.89万,-211.66万,5219.84万
1051,301000,肇民科技,30.01,1.52%,0.76%,2477.23万,2688.89万,-211.66万,5219.84万
1052,603663,三祥新材,43.94,1.52%,0.72%,6969.96万,6245.24万,724.72万,1.34亿
1053,600326,西藏天路,9.33,1.52%,0.78%,5762.36万,3764.61万,1997.75万,9849.47万
1054,751,锌业股份,5.36,1.52%,1.33%,5417.14万,4635.32万,781.83万,1.01亿
1055,301141,中科磁业,53.09,1.51%,2.42%,2553.51万,2049.59万,503.91万,5757.41万
1056,300930,屹通新材,30.18,1.51%,0.83%,657.01万,503.28万,153.74万,1173.57万
1057,603786,科博达,57.04,1.51%,0.35%,4400.90万,3597.36万,803.53万,8066.12万
1058,2039,黔源电力,20.85,1.51%,1.47%,7419.09万,5582.33万,1836.76万,1.31亿
1059,902,新洋丰,15.48,1.51%,0.57%,5971.05万,3940.65万,2030.40万,1.02亿
1060,301066,万事利,14.25,1.50%,0.77%,1405.78万,1114.61万,291.17万,2558.87万
1061,301186,超达装备,66.51,1.50%,3.44%,7908.50万,9184.67万,-1276.17万,1.72亿
1062,688115,思林杰,41.4,1.50%,0.36%,605.29万,355.39万,249.90万,988.91万
1063,2402,和而泰,31.79,1.50%,1.74%,2.78亿,1.69亿,1.09亿,4.50亿
1064,688499,利元亨,51.29,1.50%,1.74%,7552.86万,7430.27万,122.59万,1.51亿
1065,603386,骏亚科技,14.17,1.50%,0.69%,1425.04万,1680.03万,-254.99万,3148.27万
1066,300688,创业黑马,25.11,1.50%,0.92%,1831.63万,1453.91万,377.72万,3411.64万
1067,300599,雄塑科技,10.83,1.50%,3.64%,4426.27万,3764.72万,661.56万,8337.62万
1068,300563,神宇股份,32.58,1.50%,0.97%,2380.21万,1570.93万,809.28万,4011.76万
1069,300377,赢时胜,18.25,1.50%,1.44%,1.05亿,7454.66万,3094.56万,1.81亿
1070,300061,旗天科技,8.12,1.50%,0.70%,2218.39万,1281.51万,936.88万,3522.80万
1071,2591,恒大高新,6.78,1.50%,1.24%,995.56万,861.51万,134.04万,1872.01万
1072,301613,新铝时代,47.53,1.49%,0.64%,1464.39万,994.14万,470.26万,2541.64万
1073,1258,立新能源,8.88,1.49%,1.81%,8615.19万,6224.03万,2391.16万,1.50亿
1074,2686,亿利达,7.48,1.49%,4.39%,9658.09万,7376.56万,2281.53万,1.71亿
1075,605398,新炬网络,27.31,1.49%,0.46%,1348.92万,680.73万,668.20万,2043.31万
1076,600386,北巴传媒,4.09,1.49%,0.69%,1207.58万,1043.41万,164.16万,2253.07万
1077,2445,中南文化,3.41,1.49%,2.28%,1.05亿,7581.89万,2942.20万,1.82亿
1078,2279,久其软件,8.2,1.49%,1.27%,5353.00万,2776.53万,2576.46万,8258.13万
1079,665,湖北广电,4.78,1.49%,0.59%,1950.15万,1229.10万,721.06万,3208.13万
1080,688259,创耀科技,37.64,1.48%,0.63%,1423.02万,1139.53万,283.49万,2625.85万
1081,300681,英搏尔,27.35,1.48%,5.63%,1.75亿,1.75亿,-30.89万,3.53亿
1082,2055,ST得润,6.19,1.48%,1.47%,3400.50万,1918.51万,1481.99万,5372.78万
1083,300985,致远新能,22.05,1.47%,0.57%,1298.28万,983.50万,314.78万,2342.35万
1084,603918,金桥信息,13.83,1.47%,0.71%,2155.50万,1219.46万,936.04万,3594.64万
1085,603515,欧普照明,20.06,1.47%,0.16%,1408.47万,912.71万,495.76万,2357.51万
1086,600475,华光环能,17.25,1.47%,0.54%,4922.59万,3639.84万,1282.75万,8678.91万
1087,300324,旋极信息,4.83,1.47%,0.59%,2738.53万,2081.29万,657.24万,4867.27万
1088,2662,峰璟股份,4.15,1.47%,0.72%,2468.19万,1922.63万,545.56万,4512.10万
1089,960,锡业股份,34.58,1.47%,1.55%,4.41亿,4.39亿,171.83万,8.84亿
1090,936,华西股份,7.57,1.47%,0.92%,3557.83万,2596.22万,961.61万,6166.01万
1091,820,*ST节能,3.47,1.46%,0.96%,549.87万,445.91万,103.95万,996.48万
1092,301469,恒达新材,34.07,1.46%,1.02%,900.13万,691.90万,208.23万,1598.17万
1093,2538,ST司特,6.93,1.46%,0.88%,3099.63万,2005.69万,1093.94万,5142.27万
1094,300805,电声股份,10.42,1.46%,1.03%,1644.59万,1353.60万,290.98万,3094.49万
1095,600603,广汇物流,6.94,1.46%,1.12%,5680.49万,3588.71万,2091.78万,9292.78万
1096,300331,苏大维格,43.8,1.46%,1.44%,6918.84万,6123.22万,795.62万,1.32亿
1097,300220,金运激光,13.93,1.46%,0.57%,646.80万,531.28万,115.52万,1196.49万
1098,2153,石基信息,9.71,1.46%,0.43%,3906.22万,2745.44万,1160.78万,6679.72万
1099,2438,江苏神通,16.77,1.45%,0.66%,3318.21万,1811.97万,1506.23万,5158.02万
1100,301099,雅创电子,53.15,1.45%,3.13%,7559.25万,7225.24万,334.01万,1.49亿
1101,301001,凯淳股份,28.59,1.45%,0.73%,486.10万,537.44万,-51.34万,1037.27万
1102,300859,西域旅游,34.96,1.45%,2.31%,6622.69万,5449.43万,1173.26万,1.25亿
1103,603039,泛微网络,44.03,1.45%,1.13%,7523.57万,5018.75万,2504.82万,1.27亿
1104,300043,星辉娱乐,5.59,1.45%,0.98%,4248.67万,2367.98万,1880.69万,6762.96万
1105,2609,捷顺科技,8.41,1.45%,0.66%,1468.63万,995.87万,472.76万,2525.82万
1106,159,国际实业,6.29,1.45%,1.07%,1846.89万,1281.93万,564.96万,3210.14万
1107,32,深桑达A,18.87,1.45%,0.74%,8889.18万,6839.06万,2050.12万,1.58亿
1108,301511,德福科技,47.74,1.44%,4.24%,3.75亿,3.69亿,596.54万,7.49亿
1109,603188,亚邦股份,4.93,1.44%,0.72%,1017.43万,999.56万,17.87万,2047.60万
1110,300811,铂科新材,84.45,1.44%,1.14%,1.38亿,7622.92万,6140.91万,2.27亿
1111,300855,图南股份,43.76,1.44%,0.98%,7349.21万,5003.06万,2346.16万,1.25亿
1112,301236,软通动力,39.52,1.44%,0.90%,1.63亿,1.11亿,5198.38万,2.78亿
1113,603766,隆鑫通用,15.54,1.44%,0.63%,1.14亿,8700.73万,2679.53万,2.02亿
1114,603306,华懋科技,104.0,1.44%,1.61%,2.45亿,2.88亿,-4268.18万,5.41亿
1115,601288,农业银行,7.05,1.44%,0.07%,8.93亿,7.71亿,1.22亿,16.77亿
1116,300647,超频三,6.35,1.44%,1.48%,2448.58万,1816.92万,631.67万,4296.55万
1117,300414,中光防雷,14.05,1.44%,0.83%,1948.95万,1545.38万,403.58万,3609.21万
1118,2909,集泰股份,6.32,1.44%,0.74%,896.92万,838.37万,58.55万,1776.69万
1119,892,欢瑞世纪,6.36,1.44%,4.55%,1.08亿,9978.01万,849.19万,2.08亿
1120,301325,曼恩斯特,45.39,1.43%,1.66%,2114.94万,2220.11万,-105.18万,4360.90万
1121,688401,路维光电,53.35,1.43%,0.54%,3208.27万,2304.07万,904.21万,5550.53万
1122,688225,亚信安全,17.02,1.43%,0.56%,2128.51万,1634.84万,493.67万,3795.23万
1123,688567,孚能科技,13.5,1.43%,0.67%,6200.80万,4772.70万,1428.10万,1.10亿
1124,603833,欧派家居,51.16,1.43%,0.18%,3506.23万,2128.79万,1377.44万,5689.26万
1125,603721,*ST天择,22.05,1.43%,1.30%,1573.35万,2093.19万,-519.84万,3764.21万
1126,603699,纽威股份,51.85,1.43%,0.34%,6534.87万,6805.43万,-270.56万,1.35亿
1127,603156,养元饮品,31.81,1.43%,0.19%,4346.17万,3376.05万,970.12万,7754.67万
1128,955,欣龙控股,4.97,1.43%,0.67%,1120.55万,601.86万,518.68万,1783.35万
1129,603088,宁波精达,13.55,1.42%,3.98%,1.29亿,1.05亿,2348.82万,2.36亿
1130,688611,杭州柯林,55.72,1.42%,0.28%,1261.02万,1057.07万,203.96万,2410.25万
1131,600227,赤天化,3.58,1.42%,4.03%,1.02亿,7709.54万,2490.05万,1.84亿
1132,300661,圣邦股份,76.96,1.42%,1.47%,3.83亿,2.80亿,1.03亿,6.73亿
1133,300605,恒锋信息,14.24,1.42%,1.20%,1008.51万,1060.59万,-52.07万,2136.12万
1134,300570,太辰光,131.88,1.42%,4.96%,6.62亿,5.88亿,7394.30万,12.60亿
1135,2956,西麦食品,27.81,1.42%,0.41%,1338.16万,1088.51万,249.65万,2495.39万
1136,2049,紫光国微,71.18,1.42%,0.74%,2.40亿,2.01亿,3916.81万,4.46亿
1137,688543,国科军工,71.7,1.41%,2.10%,9563.17万,7653.16万,1910.01万,1.74亿
1138,601868,中国能建,2.87,1.41%,0.98%,5.33亿,3.69亿,1.64亿,9.13亿
1139,603373,安邦护卫,41.01,1.41%,1.24%,1541.19万,729.54万,811.65万,2282.63万
1140,301026,浩通科技,29.46,1.41%,0.83%,1454.99万,1101.37万,353.62万,2830.97万
1141,603400,华之杰,69.57,1.41%,2.17%,1435.65万,1482.54万,-46.88万,3006.22万
1142,603997,继峰股份,12.93,1.41%,0.28%,2746.13万,1667.97万,1078.16万,4504.72万
1143,603686,福龙马,18.75,1.41%,1.18%,5129.80万,3902.43万,1227.37万,9149.40万
1144,300435,中泰股份,27.27,1.41%,1.28%,6795.46万,5881.86万,913.60万,1.28亿
1145,2230,科大讯飞,48.21,1.41%,0.75%,4.59亿,3.28亿,1.31亿,7.92亿
1146,925,众合科技,7.25,1.40%,0.83%,2409.68万,1493.89万,915.78万,4030.70万
1147,301528,多浦乐,66.82,1.40%,1.67%,1701.98万,1813.58万,-111.60万,3553.02万
1148,688292,浩瀚深度,24.66,1.40%,0.78%,1896.67万,1077.80万,818.87万,3006.82万
1149,2715,登云股份,15.24,1.40%,1.12%,1388.39万,938.32万,450.07万,2339.51万
1150,688053,ST思科瑞,39.12,1.40%,0.35%,583.98万,775.92万,-191.94万,1372.03万
1151,2715,登云股份,15.24,1.40%,1.12%,1388.39万,938.32万,450.07万,2339.51万
1152,688053,ST思科瑞,39.12,1.40%,0.35%,583.98万,775.92万,-191.94万,1372.03万
1153,688370,丛麟科技,24.59,1.40%,0.33%,593.54万,502.59万,90.94万,1096.69万
1154,688183,生益电子,105.9,1.40%,1.25%,5.60亿,5.28亿,3173.60万,10.94亿
1155,603035,常熟汽饰,14.46,1.40%,0.59%,2096.57万,1036.54万,1060.03万,3139.18万
1156,603888,新华网,20.31,1.40%,0.54%,4806.53万,2322.13万,2484.40万,7327.21万
1157,603882,金域医学,27.6,1.40%,0.41%,2514.09万,2115.64万,398.45万,5159.06万
1158,603305,旭升集团,15.17,1.40%,1.17%,9618.76万,1.07亿,-1061.80万,2.06亿
1159,603042,华脉科技,21.75,1.40%,4.05%,7450.42万,6293.61万,1156.81万,1.40亿
1160,2642,荣联科技,7.99,1.40%,0.71%,2402.26万,1248.78万,1153.48万,3739.12万
1161,2410,广联达,11.55,1.40%,0.80%,8594.18万,5709.13万,2885.05万,1.44亿
1162,34,神州数码,35.39,1.40%,0.98%,1.24亿,8352.53万,4018.16万,2.11亿
1163,688591,泰凌微,34.96,1.39%,1.70%,5802.28万,4065.39万,1736.89万,9940.20万
1164,688788,科思科技,57.5,1.39%,0.38%,1821.89万,1428.64万,393.25万,3386.44万
1165,962,东方钽业,45.1,1.39%,1.99%,2.26亿,2.10亿,1618.70万,4.43亿
1166,600892,*ST大晟,3.65,1.39%,0.56%,676.97万,467.25万,209.72万,1144.91万
1167,300758,七彩化学,13.87,1.39%,1.02%,3035.94万,2002.00万,1033.94万,5086.62万
1168,300200,高盟新材,9.5,1.39%,0.73%,1421.04万,1312.29万,108.75万,2938.07万
1169,2918,蒙娜丽莎,11.69,1.39%,1.15%,1521.35万,1333.94万,187.41万,2893.87万
1170,1210,金房能源,21.37,1.38%,1.24%,1516.76万,978.33万,538.43万,2513.47万
1171,301159,三维天地,41.98,1.38%,1.27%,1515.62万,1294.90万,220.71万,2818.92万
1172,691,*ST亚太,8.1,1.38%,0.72%,1365.79万,503.19万,862.60万,1874.73万
1173,300939,秋田微,40.48,1.38%,1.79%,4614.88万,3815.07万,799.80万,8597.10万
1174,600845,宝信软件,22.76,1.38%,0.26%,7186.51万,5269.28万,1917.23万,1.27亿
1175,300420,五洋自控,3.67,1.38%,1.00%,2697.86万,1295.49万,1402.37万,4083.99万
1176,909,*ST数源,6.64,1.37%,0.32%,500.22万,409.75万,90.48万,915.34万
1177,688201,信安世纪,14.09,1.37%,0.90%,1929.90万,1840.82万,89.08万,3809.30万
1178,2059,云南旅游,5.19,1.37%,1.41%,4881.76万,2242.19万,2639.56万,7161.14万
1179,300212,易华录,8.12,1.37%,1.69%,5377.20万,4153.96万,1223.24万,9648.08万
1180,3002,壶化股份,28.2,1.37%,0.79%,2244.12万,1790.49万,453.63万,4070.99万
1181,688685,迈信林,41.4,1.37%,1.19%,4395.86万,2681.12万,1714.74万,7156.32万
1182,603025,大豪科技,14.77,1.37%,0.42%,3798.71万,3054.47万,744.25万,6897.62万
1183,603023,威帝股份,4.44,1.37%,0.99%,1323.88万,1106.98万,216.90万,2432.96万
1184,300419,ST浩丰,7.39,1.37%,0.58%,1014.35万,511.64万,502.71万,1561.80万
1185,2647,仁东控股,10.34,1.37%,2.93%,1.65亿,1.28亿,3755.47万,3.01亿
1186,987,越秀资本,8.91,1.37%,0.52%,1.35亿,9690.35万,3773.30万,2.32亿
1187,791,甘肃能源,8.13,1.37%,2.15%,1.63亿,1.74亿,-1044.96万,3.38亿
1188,417,合百集团,6.64,1.37%,0.62%,1935.07万,1245.57万,689.50万,3200.91万
1189,688110,东芯股份,119.81,1.36%,1.34%,3.47亿,3.49亿,-124.24万,7.04亿
1190,2996,顺博合金,7.45,1.36%,0.97%,1740.43万,1186.97万,553.46万,3008.13万
1191,600807,济高发展,2.98,1.36%,1.07%,1273.81万,1048.33万,225.48万,2486.27万
1192,605016,百龙创园,26.75,1.36%,0.59%,3012.76万,3512.87万,-500.11万,6636.03万
1193,601127,赛力斯,89.52,1.36%,0.59%,4.83亿,3.38亿,1.44亿,8.27亿
1194,688350,富淼科技,28.42,1.36%,0.79%,1930.00万,1254.47万,675.53万,3189.58万
1195,2654,万润科技,14.89,1.36%,2.98%,1.92亿,1.77亿,1501.93万,3.71亿
1196,2557,洽洽食品,22.43,1.36%,0.52%,3553.70万,2230.64万,1323.05万,5876.30万
1197,301327,华宝新能,64.59,1.35%,1.39%,9195.62万,6229.75万,2965.87万,1.57亿
1198,301129,瑞纳智能,26.32,1.35%,1.16%,911.14万,957.35万,-46.21万,2012.08万
1199,688776,国光电气,85.29,1.35%,0.65%,3530.65万,2369.72万,1160.94万,5923.04万
1200,300437,清水源,15.74,1.35%,2.48%,3875.83万,2765.23万,1110.60万,6738.78万
1201,603377,ST东时,3.76,1.35%,0.54%,937.17万,474.19万,462.99万,1437.44万
1202,300684,中石科技,54.89,1.35%,2.91%,1.94亿,1.28亿,6642.45万,3.27亿
1203,2783,凯龙股份,9.73,1.35%,1.08%,3024.85万,1756.68万,1268.17万,4808.01万
1204,628,高新发展,58.61,1.35%,1.81%,1.10亿,9240.65万,1800.54万,2.03亿
1205,688416,恒烁股份,83.18,1.34%,2.32%,7301.45万,8404.42万,-1102.97万,1.58亿
1206,688277,天智航,21.89,1.34%,0.67%,3656.49万,2947.37万,709.12万,6616.42万
1207,300827,上能电气,37.92,1.34%,2.87%,2.38亿,1.81亿,5718.82万,4.20亿
1208,688311,盟升电子,39.45,1.34%,0.88%,3109.59万,2806.02万,303.57万,5965.70万
1209,301118,恒光股份,24.13,1.34%,0.75%,1003.10万,868.04万,135.06万,1904.19万
1210,300612,宣亚国际,15.13,1.34%,1.60%,2556.52万,1769.24万,787.28万,4349.68万
1211,1215,千味央厨,38.79,1.33%,1.80%,2873.49万,3832.89万,-959.40万,6719.58万
1212,603038,华立股份,15.2,1.33%,0.33%,686.38万,569.59万,116.79万,1365.82万
1213,603879,永悦科技,5.35,1.33%,0.68%,588.24万,695.96万,-107.72万,1302.04万
1214,2848,*ST高斯,14.47,1.33%,0.76%,1074.67万,711.36万,363.32万,1805.27万
1215,590,古汉医药,11.44,1.33%,0.80%,1209.89万,952.51万,257.38万,2175.22万
1216,415,渤海租赁,4.56,1.33%,0.59%,7808.31万,6774.50万,1033.81万,1.46亿
1217,688203,海正生材,12.26,1.32%,0.42%,503.07万,521.50万,-18.43万,1028.74万
1218,300272,开能健康,8.44,1.32%,2.65%,5596.35万,4577.32万,1019.03万,1.03亿
1219,300833,浩洋股份,33.69,1.32%,0.40%,578.67万,501.17万,77.50万,1086.57万
1220,601995,中金公司,33.89,1.32%,0.32%,1.61亿,1.49亿,1158.57万,3.14亿
1221,300528,幸福蓝海,16.88,1.32%,2.62%,8145.64万,8462.67万,-317.03万,1.67亿
1222,603006,联明股份,13.02,1.32%,0.29%,464.95万,463.68万,1.27万,965.08万
1223,601519,大智慧,10.71,1.32%,0.46%,5812.80万,3699.82万,2112.99万,9684.35万
1224,600676,交运股份,7.66,1.32%,0.29%,1348.59万,930.81万,417.78万,2301.85万
1225,300333,兆日科技,9.22,1.32%,0.85%,1379.99万,1184.18万,195.81万,2602.62万
1226,2736,国信证券,12.26,1.32%,0.17%,1.17亿,8120.50万,3575.26万,1.99亿
1227,2522,浙江众成,6.15,1.32%,1.96%,6008.05万,4772.69万,1235.35万,1.09亿
1228,301500,飞南资源,23.95,1.31%,4.71%,7962.91万,8243.88万,-280.97万,1.64亿
1229,601061,中信金属,12.39,1.31%,0.14%,5253.25万,3245.37万,2007.88万,8625.58万
1230,1208,华菱线缆,21.68,1.31%,15.22%,4.44亿,4.28亿,1593.66万,8.76亿
1231,301025,读客文化,10.86,1.31%,0.94%,1671.82万,1099.57万,572.25万,2813.42万
1232,688560,明冠新材,14.67,1.31%,0.59%,1027.89万,676.38万,351.50万,1734.84万
1233,300286,安科瑞,26.27,1.31%,1.27%,3404.43万,3444.40万,-39.97万,6940.81万
1234,600536,中国软件,37.79,1.31%,0.54%,1.06亿,6300.50万,4320.04万,1.71亿
1235,300668,杰恩设计,57.27,1.31%,3.44%,9268.90万,9557.92万,-289.02万,1.92亿
1236,300093,*ST金刚,19.34,1.31%,0.82%,2367.14万,1224.12万,1143.03万,3634.79万
1237,2031,巨轮智能,6.19,1.31%,1.41%,9657.85万,7323.05万,2334.80万,1.71亿
1238,300125,*ST聆达,9.32,1.30%,0.87%,1509.90万,1385.37万,124.53万,2928.73万
1239,300240,飞力达,7.0,1.30%,0.84%,1058.62万,1024.42万,34.20万,2137.96万
1240,688435,英方软件,42.75,1.30%,1.22%,1433.39万,1425.00万,8.39万,2920.25万
1241,601595,上海电影,24.88,1.30%,0.31%,1725.02万,1639.25万,85.77万,3481.18万
1242,2080,中材科技,49.14,1.30%,1.76%,7.20亿,7.24亿,-348.81万,14.53亿
1243,757,浩物股份,4.68,1.30%,0.57%,902.73万,490.10万,412.63万,1400.21万
1244,301516,中远通,20.36,1.29%,7.34%,4874.91万,5052.38万,-177.47万,1.04亿
1245,688657,浩辰软件,48.72,1.29%,0.61%,792.10万,407.39万,384.71万,1211.43万
1246,2978,安宁股份,33.81,1.29%,0.39%,2877.27万,1922.78万,954.50万,4857.20万
1247,301361,众智科技,38.56,1.29%,3.05%,1758.38万,1707.16万,51.21万,3560.99万
1248,300006,莱美药业,6.29,1.29%,3.82%,1.32亿,1.16亿,1601.58万,2.52亿
1249,300819,聚杰微纤,50.88,1.29%,2.56%,8625.16万,8800.35万,-175.19万,1.76亿
1250,2623,亚玛顿,22.05,1.29%,0.83%,2307.84万,1218.16万,1089.68万,3608.91万
1251,300006,莱美药业,6.29,1.29%,3.82%,1.32亿,1.16亿,1601.58万,2.52亿
1252,300819,聚杰微纤,50.88,1.29%,2.56%,8625.16万,8800.35万,-175.19万,1.76亿
1253,2623,亚玛顿,22.05,1.29%,0.83%,2307.84万,1218.16万,1089.68万,3608.91万
1254,603661,恒林股份,31.31,1.29%,0.18%,428.64万,321.21万,107.43万,776.46万
1255,600611,大众交通,4.71,1.29%,0.53%,2523.43万,1319.95万,1203.48万,3857.39万
1256,600299,安迪苏,14.16,1.29%,0.36%,7113.59万,6048.36万,1065.22万,1.34亿
1257,600732,爱旭股份,15.71,1.29%,0.77%,1.43亿,1.10亿,3332.49万,2.54亿
1258,300598,诚迈科技,37.7,1.29%,0.57%,3156.76万,1466.10万,1690.66万,4680.16万
1259,300494,盛天网络,11.77,1.29%,0.87%,2336.52万,1685.23万,651.29万,4074.23万
1260,300226,上海钢联,25.15,1.29%,1.08%,5270.48万,2862.28万,2408.20万,8264.85万
1261,300213,佳讯飞鸿,7.86,1.29%,0.77%,1839.32万,1402.12万,437.20万,3333.60万
1262,300014,亿纬锂能,71.23,1.29%,2.30%,17.97亿,15.88亿,2.08亿,34.13亿
1263,2813,路畅科技,24.28,1.29%,0.66%,1115.85万,765.08万,350.77万,1917.64万
1264,428,华天酒店,3.94,1.29%,0.77%,1575.39万,1450.43万,124.96万,3090.10万
1265,2599,盛通股份,7.09,1.29%,0.80%,1233.81万,987.26万,246.54万,2245.78万
1266,2590,万安科技,12.6,1.29%,0.71%,2594.16万,1785.65万,808.51万,4405.78万
1267,2577,雷柏科技,15.74,1.29%,0.35%,772.21万,769.45万,2.76万,1553.47万
1268,2117,东港股份,10.17,1.29%,1.07%,3176.53万,2443.84万,732.69万,5804.21万
1269,301033,迈普医学,59.25,1.28%,0.60%,1087.67万,832.49万,255.17万,2003.20万
1270,688798,艾为电子,68.06,1.28%,0.75%,3213.70万,3295.88万,-82.17万,6852.50万
1271,600714,金瑞矿业,17.36,1.28%,1.78%,4371.90万,4407.40万,-35.50万,8845.45万
1272,600293,三峡新材,3.17,1.28%,1.02%,2157.27万,1591.43万,565.84万,3824.73万
1273,603198,迎驾贡酒,36.28,1.28%,0.16%,2741.84万,1941.37万,800.47万,4750.65万
1274,600808,马钢股份,3.96,1.28%,0.31%,4468.17万,2590.23万,1877.94万,7354.48万
1275,2520,日发精机,5.53,1.28%,1.14%,2579.38万,1878.38万,701.00万,4500.22万
1276,2292,奥飞娱乐,7.9,1.28%,0.79%,3606.65万,2668.62万,938.03万,6364.07万
1277,2687,乔治白,4.8,1.27%,0.95%,972.29万,826.39万,145.90万,1870.98万
1278,839,国安股份,3.2,1.27%,0.73%,4949.19万,4147.32万,801.87万,9104.40万
1279,301212,联盛化学,27.14,1.27%,0.55%,698.60万,677.31万,21.29万,1391.62万
1280,2196,方正电机,14.36,1.27%,3.98%,1.31亿,1.50亿,-1828.61万,2.84亿
1281,600796,钱江生化,6.37,1.27%,1.06%,973.10万,910.84万,62.26万,2083.60万
1282,603530,神马电力,62.19,1.27%,1.23%,1.49亿,1.64亿,-1463.68万,3.18亿
1283,603228,景旺电子,61.18,1.27%,0.90%,2.62亿,2.69亿,-688.56万,5.37亿
1284,600650,锦江在线,12.78,1.27%,0.47%,1588.98万,762.96万,826.02万,2361.15万
1285,300136,信维通信,69.37,1.27%,5.10%,15.10亿,13.01亿,2.09亿,28.99亿
1286,2955,鸿合科技,25.43,1.27%,0.34%,988.95万,667.68万,321.27万,1689.69万
1287,2484,江海股份,34.42,1.27%,4.49%,6.71亿,6.01亿,7007.60万,12.79亿
1288,2243,力合科创,8.8,1.27%,0.23%,1366.51万,1034.10万,332.41万,2437.16万
1289,301368,丰立智能,53.81,1.26%,2.40%,3227.57万,5144.21万,-1916.64万,8394.92万
1290,600927,永安期货,14.47,1.26%,0.22%,2884.03万,1757.95万,1126.08万,4697.53万
1291,2578,闽发铝业,4.01,1.26%,2.69%,5470.21万,3869.52万,1600.69万,9370.11万
1292,688109,品茗科技,123.5,1.26%,0.80%,4793.46万,2989.51万,1803.95万,7803.66万
1293,688186,广大特材,24.13,1.26%,1.29%,4296.05万,4388.33万,-92.28万,8719.20万
1294,600448,华纺股份,3.22,1.26%,1.10%,1053.99万,1100.85万,-46.85万,2204.97万
1295,600257,大湖股份,6.41,1.26%,2.00%,3185.79万,2677.75万,508.04万,6015.98万
1296,300505,川金诺,27.4,1.26%,3.46%,1.05亿,9721.46万,738.58万,2.06亿
1297,300363,博腾股份,22.46,1.26%,1.56%,9723.73万,7263.11万,2460.62万,1.72亿
1298,300168,万达信息,5.61,1.26%,0.48%,2215.32万,1478.17万,737.15万,3823.90万
1299,607,华媒控股,4.02,1.26%,0.71%,1603.17万,901.32万,701.85万,2511.19万
1300,1306,夏厦精密,66.95,1.26%,1.43%,829.81万,643.74万,186.07万,1480.92万
1301,1306,夏厦精密,66.95,1.26%,1.43%,829.81万,643.74万,186.07万,1480.92万
1302,688420,美腾科技,24.39,1.25%,0.45%,271.80万,165.86万,105.95万,451.75万
1303,301179,泽宇智能,27.51,1.25%,5.70%,1.93亿,1.70亿,2311.13万,3.67亿
1304,603166,福达股份,13.78,1.25%,0.45%,2262.18万,1696.01万,566.17万,3968.25万
1305,603124,江南新材,122.02,1.25%,0.73%,4113.63万,2680.64万,1432.99万,6874.71万
1306,2601,龙佰集团,17.85,1.25%,0.57%,1.09亿,9108.23万,1757.20万,2.02亿
1307,2581,ST未名,7.27,1.25%,0.64%,1215.87万,640.96万,574.91万,1862.86万
1308,830,鲁西化工,16.14,1.25%,0.58%,1.01亿,7615.33万,2473.02万,1.78亿
1309,60,中金岭南,6.46,1.25%,0.79%,1.31亿,9398.49万,3740.25万,2.27亿
1310,688197,首药控股,42.31,1.24%,1.37%,1942.00万,1706.23万,235.78万,3665.58万
1311,688598,金博股份,23.59,1.24%,0.69%,2060.19万,1221.89万,838.30万,3322.03万
1312,603212,赛伍技术,13.02,1.24%,0.66%,2064.60万,1534.50万,530.10万,3729.04万
1313,603131,上海沪工,21.22,1.24%,0.73%,2884.89万,2253.79万,631.10万,5203.82万
1314,2050,三花智控,45.67,1.24%,1.52%,13.31亿,12.32亿,9849.80万,25.75亿
1315,1217,华尔泰,11.48,1.23%,0.52%,1170.92万,766.59万,404.32万,1944.62万
1316,603334,丰倍生物,54.32,1.23%,1.87%,1843.03万,1287.43万,555.59万,3146.76万
1317,2598,ST章鼓,8.25,1.23%,1.52%,1765.65万,1748.59万,17.05万,3599.93万
1318,850,华茂股份,4.95,1.23%,0.36%,941.62万,724.39万,217.24万,1672.25万
1319,301299,卓创资讯,68.66,1.22%,1.82%,3302.62万,2160.63万,1142.00万,5568.38万
1320,301161,唯万密封,30.66,1.22%,0.90%,1198.71万,907.58万,291.13万,2139.09万
1321,301135,瑞德智能,28.21,1.22%,0.52%,720.13万,352.04万,368.08万,1119.55万
1322,600202,哈空调,5.8,1.22%,0.80%,910.76万,838.61万,72.15万,1777.25万
1323,603066,音飞储存,9.94,1.22%,0.23%,385.43万,281.08万,104.36万,666.91万
1324,300487,蓝晓科技,69.87,1.22%,0.31%,3189.55万,3545.53万,-355.98万,6747.66万
1325,300118,东方日升,16.65,1.22%,2.41%,2.09亿,1.52亿,5693.03万,3.69亿
1326,300103,达刚控股,7.45,1.22%,1.26%,1643.48万,1284.53万,358.94万,2965.64万
1327,2777,久远银海,16.62,1.22%,0.49%,1993.69万,1265.48万,728.21万,3303.06万
1328,2195,岩山科技,9.14,1.22%,1.37%,4.24亿,2.60亿,1.64亿,6.97亿
1329,410,沈阳机床,6.69,1.21%,0.35%,2222.05万,1559.06万,662.99万,3899.71万
1330,688035,德邦科技,63.38,1.21%,1.22%,4932.56万,6009.20万,-1076.63万,1.09亿
1331,1285,瑞立科密,53.52,1.21%,1.20%,1479.32万,1161.11万,318.21万,2649.53万
1332,688472,阿特斯,13.36,1.21%,1.40%,1.32亿,1.17亿,1514.54万,2.50亿
1333,1317,三羊马,48.69,1.21%,0.74%,1927.14万,1132.88万,794.26万,3075.12万
1334,301261,恒工精密,77.5,1.21%,1.35%,1947.55万,1960.78万,-13.23万,3917.64万
1335,300065,海兰信,26.82,1.21%,5.51%,5.21亿,4.31亿,8933.26万,9.73亿
1336,300631,久吾高科,27.56,1.21%,1.16%,2409.31万,1339.67万,1069.64万,3886.26万
1337,300588,熙菱信息,25.16,1.21%,0.60%,1313.12万,1308.04万,5.09万,2650.34万
1338,300359,全通教育,5.01,1.21%,0.40%,717.77万,549.60万,168.17万,1273.54万
1339,301566,达利凯普,21.04,1.20%,1.62%,3402.34万,3573.57万,-171.23万,7054.21万
1340,688459,哈铁科技,9.31,1.20%,0.12%,388.18万,159.99万,228.18万,552.45万
1341,688549,中巨芯,9.25,1.20%,1.22%,3417.69万,3080.38万,337.30万,6612.96万
1342,300995,奇德新材,36.32,1.20%,0.94%,925.70万,1045.02万,-119.32万,2025.85万
1343,301010,晶雪节能,21.0,1.20%,0.52%,577.21万,537.92万,39.29万,1164.02万
1344,688699,明微电子,46.3,1.20%,0.74%,1864.11万,1829.11万,35.00万,3757.57万
1345,688318,财富趋势,114.55,1.20%,0.61%,1.07亿,7186.22万,3468.17万,1.79亿
1346,601799,星宇股份,130.7,1.20%,1.09%,2.05亿,2.07亿,-212.76万,4.15亿
1347,300778,新城市,12.64,1.20%,0.65%,935.68万,684.21万,251.48万,1650.24万
1348,300535,达威股份,19.36,1.20%,0.74%,640.48万,510.49万,129.98万,1157.18万
1349,300477,ST合纵,2.53,1.20%,3.21%,4154.32万,3619.51万,534.81万,7835.12万
1350,300370,安控科技,2.53,1.20%,0.39%,764.17万,733.80万,30.38万,1518.33万
1351,300197,节能铁汉,1.68,1.20%,0.58%,1830.08万,985.91万,844.17万,2868.82万
1352,2495,佳隆股份,2.54,1.20%,1.51%,1468.50万,1165.64万,302.86万,2660.00万
1353,7,全新好,13.55,1.19%,0.65%,1695.60万,1321.92万,373.68万,3050.18万
1354,605167,利柏特,17.89,1.19%,1.14%,4290.61万,4750.33万,-459.71万,9103.73万
1355,605378,野马电池,20.47,1.19%,0.46%,1437.09万,1006.49万,430.60万,2444.60万
1356,603028,赛福天,8.47,1.19%,0.62%,724.09万,750.09万,-26.00万,1479.93万
1357,603007,*ST花王,6.82,1.19%,0.96%,2259.86万,2175.09万,84.77万,4522.87万
1358,603078,江化微,22.99,1.19%,0.77%,3333.56万,3479.52万,-145.96万,6831.01万
1359,601369,陕鼓动力,10.23,1.19%,0.22%,2343.48万,1325.28万,1018.20万,3817.23万
1360,600189,泉阳泉,7.66,1.19%,0.68%,2144.46万,1530.72万,613.75万,3714.04万
1361,300731,科创新源,74.7,1.19%,2.50%,1.09亿,1.14亿,-502.99万,2.25亿
1362,300365,恒华科技,5.96,1.19%,1.74%,2510.57万,2692.50万,-181.93万,5267.05万
1363,2160,常铝股份,5.1,1.19%,1.18%,3183.18万,3032.65万,150.53万,6234.42万
1364,2077,大港股份,16.09,1.19%,1.20%,5130.78万,5653.82万,-523.04万,1.11亿
1365,758,中色股份,6.78,1.19%,0.77%,6097.53万,4083.56万,2013.97万,1.02亿
1366,301536,星宸科技,75.47,1.18%,1.14%,7332.81万,8522.81万,-1190.01万,1.61亿
1367,688663,新风光,62.5,1.18%,1.03%,5369.62万,3670.76万,1698.86万,9083.11万
1368,300898,熊猫乳品,23.93,1.18%,3.47%,4604.01万,4742.47万,-138.45万,9455.59万
1369,600662,外服控股,5.13,1.18%,0.20%,1578.55万,691.04万,887.52万,2336.43万
1370,300145,南方泵业,5.14,1.18%,2.02%,9571.27万,9688.73万,-117.46万,1.97亿
1371,2531,天顺风能,12.0,1.18%,1.09%,1.32亿,9791.21万,3436.25万,2.34亿
1372,2406,远东传动,7.69,1.18%,1.50%,3605.92万,3188.28万,417.64万,6900.17万
1373,3007,直真科技,44.87,1.17%,4.11%,6419.82万,6239.11万,180.71万,1.32亿
1374,605299,舒华体育,19.1,1.17%,5.26%,2.14亿,1.87亿,2636.95万,4.06亿
1375,688286,敏芯股份,70.67,1.17%,0.88%,2027.49万,1403.97万,623.53万,3467.37万
1376,603679,华体科技,13.87,1.17%,0.92%,1265.32万,918.55万,346.77万,2236.42万
1377,603236,移远通信,77.64,1.17%,0.79%,9022.90万,6681.74万,2341.16万,1.59亿
1378,603108,润达医疗,12.98,1.17%,0.67%,2970.83万,2011.39万,959.44万,5195.65万
1379,300700,岱勒新材,15.5,1.17%,1.64%,3880.48万,2948.04万,932.45万,6894.49万
1380,300508,维宏股份,39.07,1.17%,0.80%,1531.19万,992.10万,539.09万,2554.94万
1381,300450,先导智能,53.48,1.17%,2.00%,8.56亿,8.10亿,4557.40万,16.75亿
1382,300348,长亮科技,13.78,1.17%,1.19%,6351.63万,5130.05万,1221.58万,1.16亿
1383,300126,锐奇股份,7.78,1.17%,0.83%,806.45万,528.36万,278.09万,1350.68万
1384,300727,润禾材料,33.84,1.17%,0.83%,2849.76万,1645.22万,1204.53万,4575.11万
1385,2640,跨境通,3.49,1.16%,0.77%,2288.21万,1828.03万,460.18万,4153.05万
1386,301228,实朴检测,53.92,1.16%,2.36%,7404.39万,7838.01万,-433.62万,1.53亿
1387,605222,起帆电缆,26.1,1.16%,4.51%,2.11亿,2.67亿,-5612.20万,4.84亿
1388,603416,信捷电气,49.85,1.16%,0.76%,2232.91万,3035.84万,-802.92万,5321.13万
1389,300628,亿联网络,35.7,1.16%,0.40%,5998.02万,4140.28万,1857.74万,1.03亿
1390,300025,华星创业,5.23,1.16%,0.69%,966.15万,803.45万,162.69万,1821.29万
1391,2337,赛象科技,6.18,1.15%,0.42%,981.53万,545.33万,436.20万,1531.67万
1392,301398,星源卓镁,48.36,1.15%,3.41%,3668.03万,2443.23万,1224.80万,6168.84万
1393,688707,振华新材,14.09,1.15%,0.79%,2796.07万,2821.94万,-25.87万,5659.05万
1394,689009,九号公司,45.7,1.15%,0.95%,1.27亿,1.15亿,1235.58万,2.43亿
1395,603713,密尔克卫,60.8,1.15%,0.30%,1647.15万,1156.65万,490.49万,2864.59万
1396,603978,深圳新星,25.49,1.15%,2.12%,6303.29万,5084.16万,1219.13万,1.15亿
1397,600730,中国高科,8.83,1.15%,0.59%,2004.39万,1031.12万,973.27万,3046.72万
1398,600578,京能电力,5.28,1.15%,0.18%,3576.22万,2645.04万,931.18万,6238.72万
1399,300762,上海瀚讯,39.58,1.15%,2.46%,3.24亿,2.76亿,4766.31万,6.11亿
1400,300655,晶瑞电材,14.93,1.15%,0.87%,7659.19万,6105.75万,1553.44万,1.39亿
1401,2948,青岛银行,5.27,1.15%,0.61%,5568.77万,4178.96万,1389.81万,9935.86万
1402,2194,武汉凡谷,10.57,1.15%,0.71%,2232.66万,1512.77万,719.89万,3792.38万
1403,688671,碧兴物联,21.27,1.14%,0.59%,251.68万,305.83万,-54.15万,581.59万
1404,688377,迪威尔,39.0,1.14%,0.27%,895.19万,1066.97万,-171.78万,2048.42万
1405,605177,东亚药业,20.32,1.14%,0.52%,579.27万,497.58万,81.69万,1183.37万
1406,600593,大连圣亚,37.23,1.14%,1.37%,3757.57万,2672.43万,1085.15万,6493.61万
1407,300663,科蓝软件,13.28,1.14%,0.62%,2281.05万,1428.41万,852.64万,3776.56万
1408,300319,麦捷科技,12.37,1.14%,1.14%,5851.09万,5754.42万,96.67万,1.19亿
1409,2910,庄园牧场,10.64,1.14%,0.81%,813.94万,632.84万,181.10万,1464.24万
1410,3033,征和工业,60.19,1.14%,1.09%,3166.02万,2129.52万,1036.50万,5316.01万
1411,301110,青木科技,60.9,1.13%,1.73%,3732.40万,3083.37万,649.02万,6896.83万
1412,301262,海看股份,23.31,1.13%,1.52%,2648.18万,1656.34万,991.84万,4322.02万
1413,688596,正帆科技,32.22,1.13%,0.76%,3388.59万,3641.09万,-252.50万,7146.58万
1414,600108,亚盛集团,4.46,1.13%,1.48%,5240.58万,6491.91万,-1251.33万,1.27亿
1415,603277,银都股份,14.3,1.13%,0.07%,403.78万,209.69万,194.09万,617.76万
1416,601001,晋控煤业,17.0,1.13%,0.34%,4829.39万,4333.78万,495.62万,9565.08万
1417,300079,数码视讯,5.37,1.13%,0.80%,3469.74万,1931.16万,1538.58万,5480.63万
1418,2877,智能自控,8.94,1.13%,1.11%,1367.62万,920.36万,447.26万,2386.42万
1419,2386,天原股份,6.24,1.13%,1.64%,7326.16万,6003.65万,1322.51万,1.34亿
1420,2284,亚太股份,14.34,1.13%,0.97%,4651.88万,5360.52万,-708.63万,1.02亿
1421,301448,开创电气,38.68,1.12%,1.22%,1286.00万,952.41万,333.59万,2263.55万
1422,688060,云涌科技,45.85,1.12%,0.16%,250.49万,176.72万,73.78万,437.53万
1423,600861,北京人力,16.24,1.12%,0.34%,1481.41万,513.77万,967.63万,2035.82万
1424,3028,振邦智能,28.06,1.12%,0.86%,915.06万,745.55万,169.51万,1695.09万
1425,603040,新坐标,81.31,1.12%,0.46%,3109.83万,1833.51万,1276.32万,5114.89万
1426,603232,格尔软件,20.83,1.12%,3.49%,8230.54万,8524.51万,-293.97万,1.68亿
1427,300484,蓝海华腾,17.21,1.12%,0.75%,1030.35万,1087.94万,-57.59万,2138.25万
1428,12,南玻A,4.54,1.11%,0.35%,2035.61万,1063.16万,972.45万,3111.96万
1429,2723,小崧股份,10.03,1.11%,1.28%,2062.55万,1936.95万,125.60万,4056.12万
1430,688565,力源科技,12.75,1.11%,0.76%,648.27万,654.91万,-6.64万,1430.90万
1431,600228,*ST返利,6.39,1.11%,0.61%,652.57万,961.86万,-309.30万,1633.83万
1432,3026,中晶科技,37.19,1.11%,3.07%,5277.71万,5463.73万,-186.02万,1.09亿
1433,603980,吉华集团,6.37,1.11%,1.27%,2397.04万,2486.98万,-89.93万,5445.07万
1434,603117,万林物流,4.55,1.11%,0.86%,1274.73万,1049.79万,224.94万,2330.17万
1435,603106,恒银科技,9.12,1.11%,0.36%,995.69万,706.47万,289.22万,1736.64万
1436,601007,金陵饭店,8.18,1.11%,1.54%,2591.93万,2180.59万,411.34万,4874.94万
1437,600776,东方通信,15.53,1.11%,0.57%,4700.98万,3442.65万,1258.33万,8429.22万
1438,600446,金证股份,12.76,1.11%,0.50%,3499.47万,2501.80万,997.68万,6020.03万
1439,600281,华阳新材,5.45,1.11%,0.55%,783.39万,740.71万,42.68万,1524.54万
1440,300747,锐科激光,32.71,1.11%,1.59%,1.34亿,1.26亿,825.86万,2.64亿
1441,300399,天利科技,21.04,1.11%,0.60%,1453.14万,997.48万,455.66万,2473.34万
1442,300368,汇金股份,10.9,1.11%,1.21%,3854.48万,2933.65万,920.82万,6904.05万
1443,300278,华昌达,4.56,1.11%,0.55%,1753.44万,1611.15万,142.28万,3484.44万
1444,727,冠捷科技,2.73,1.11%,0.82%,5316.41万,4804.96万,511.45万,1.01亿
1445,537,绿发电力,10.08,1.10%,0.89%,1.10亿,7130.41万,3910.71万,1.83亿
1446,603325,博隆技术,75.35,1.10%,0.54%,566.07万,816.96万,-250.89万,1416.94万
1447,301558,三态股份,8.27,1.10%,1.19%,1263.03万,849.16万,413.88万,2144.11万
1448,1359,平安电工,79.88,1.10%,2.20%,5008.12万,3057.21万,1950.91万,8098.10万
1449,301488,豪恩汽电,134.72,1.10%,2.15%,3644.59万,3092.44万,552.15万,6832.72万
1450,688484,南芯科技,37.75,1.10%,0.32%,2272.03万,2556.93万,-284.90万,5088.53万
1451,301488,豪恩汽电,134.72,1.10%,2.15%,3644.59万,3092.44万,552.15万,6832.72万
1452,688484,南芯科技,37.75,1.10%,0.32%,2272.03万,2556.93万,-284.90万,5088.53万
1453,603132,金徽股份,18.46,1.10%,0.34%,3237.28万,2879.84万,357.44万,6148.50万
1454,300488,恒锋工具,28.57,1.10%,0.55%,1453.81万,1087.55万,366.26万,2555.65万
1455,3011,海象新材,23.81,1.10%,1.50%,1695.30万,1073.04万,622.25万,2786.69万
1456,603192,汇得科技,23.95,1.10%,0.31%,554.04万,456.61万,97.43万,1033.63万
1457,688005,容百科技,31.14,1.10%,2.18%,2.36亿,2.52亿,-1651.19万,4.89亿
1458,603256,宏和科技,103.19,1.10%,2.02%,8.70亿,9.04亿,-3495.20万,18.22亿
1459,605123,派克新材,101.1,1.10%,1.07%,5616.59万,7124.45万,-1507.86万,1.30亿
1460,601515,衢州东峰,4.6,1.10%,0.83%,4031.10万,3203.17万,827.93万,7371.11万
1461,300724,捷佳伟创,111.4,1.10%,2.00%,3.32亿,2.96亿,3560.84万,6.36亿
1462,300584,海辰药业,44.18,1.10%,2.63%,5030.85万,3889.00万,1141.86万,9418.73万
1463,300403,汉宇集团,11.93,1.10%,0.82%,1943.52万,2237.29万,-293.76万,4203.00万
1464,2821,凯莱英,119.15,1.10%,1.41%,2.62亿,2.36亿,2616.21万,5.26亿
1465,2803,吉宏股份,16.55,1.10%,1.03%,3190.61万,1699.43万,1491.19万,4928.95万
1466,2258,利尔化学,14.71,1.10%,0.52%,3307.79万,2790.70万,517.09万,6146.59万
1467,301538,骏鼎达,80.87,1.09%,1.06%,1378.24万,1194.75万,183.49万,2662.78万
1468,1209,洪兴股份,20.37,1.09%,0.59%,676.85万,447.40万,229.45万,1151.34万
1469,605588,冠石科技,55.84,1.09%,0.67%,1357.90万,1359.29万,-1.40万,2730.03万
1470,605136,丽人丽妆,10.19,1.09%,0.53%,1341.00万,753.90万,587.09万,2137.40万
1471,300865,大宏立,26.86,1.09%,0.76%,515.32万,629.77万,-114.45万,1150.72万
1472,603719,良品铺子,10.17,1.09%,0.34%,876.55万,464.29万,412.26万,1359.34万
1473,603788,宁波高发,15.78,1.09%,0.27%,573.16万,361.21万,211.96万,952.19万
1474,603709,中源家居,16.74,1.09%,0.35%,365.44万,365.88万,-4380.00,735.33万
1475,300339,润和软件,40.7,1.09%,0.95%,1.78亿,1.20亿,5826.52万,3.02亿
1476,919,金陵药业,8.35,1.09%,16.55%,3.85亿,4.93亿,-1.08亿,8.80亿
1477,915,华特达因,31.59,1.09%,0.63%,3259.38万,1375.01万,1884.37万,4652.40万
1478,1225,和泰机电,49.61,1.08%,1.61%,917.19万,710.83万,206.37万,1667.21万
1479,688213,思特威,92.99,1.08%,0.81%,1.24亿,1.18亿,560.47万,2.44亿
1480,301076,新瀚新材,38.37,1.08%,0.98%,2051.48万,2025.08万,26.41万,4137.15万
1481,688385,复旦微电,69.43,1.08%,0.69%,1.32亿,1.21亿,1115.52万,2.55亿
1482,605158,华达新材,7.48,1.08%,0.34%,581.55万,698.30万,-116.74万,1314.51万
1483,688138,清溢光电,27.97,1.08%,0.21%,828.42万,991.73万,-163.30万,1876.86万
1484,300659,中孚信息,13.06,1.08%,0.91%,1251.05万,936.77万,314.29万,2238.43万
1485,300597,吉大通信,9.34,1.08%,0.63%,740.52万,833.87万,-93.35万,1584.66万
1486,300036,超图软件,15.97,1.08%,0.78%,2963.18万,2443.45万,519.73万,5497.24万
1487,300011,鼎汉技术,7.49,1.08%,0.47%,979.58万,709.74万,269.84万,1756.34万
1488,2426,胜利精密,3.74,1.08%,1.57%,1.04亿,9266.98万,1153.27万,1.98亿
1489,2159,三特索道,17.72,1.08%,1.31%,1498.92万,1617.24万,-118.32万,3208.56万
1490,603116,红蜻蜓,5.64,1.08%,0.30%,563.15万,388.28万,174.87万,954.47万
1491,713,国投丰乐,6.55,1.08%,0.86%,2109.74万,1328.08万,781.66万,3440.96万
1492,1369,双欣材料,16.05,1.07%,6.10%,1.04亿,9245.02万,1167.17万,1.97亿
1493,301348,蓝箭电子,24.61,1.07%,1.74%,3836.67万,2744.16万,1092.51万,6608.40万
1494,2212,天融信,7.54,1.07%,0.77%,3607.03万,3072.58万,534.44万,6788.40万
1495,603062,麦加芯彩,50.05,1.07%,0.92%,961.16万,730.68万,230.48万,1707.85万
1496,603927,中科软,17.07,1.07%,0.33%,2706.87万,1873.84万,833.03万,4693.65万
1497,603466,风语筑,9.46,1.07%,1.02%,3201.64万,2338.83万,862.80万,5701.58万
1498,603279,景津装备,18.82,1.07%,0.46%,2454.70万,2477.28万,-22.58万,4967.54万
1499,603223,恒通股份,8.54,1.07%,0.42%,1645.32万,878.57万,766.75万,2528.08万
1500,603050,科林电气,19.88,1.07%,0.37%,1923.26万,991.59万,931.68万,2932.55万
1501,2037,保利联合,8.48,1.07%,0.53%,1237.38万,882.63万,354.76万,2149.12万
1502,301556,托普云农,84.2,1.06%,2.26%,3406.62万,2119.52万,1287.10万,5620.58万
1503,301237,和顺科技,59.2,1.06%,0.69%,1186.17万,1156.51万,29.66万,2353.93万
1504,3029,吉大正元,21.85,1.06%,2.12%,3978.86万,4049.59万,-70.72万,8108.44万
1505,300867,圣元环保,20.05,1.06%,1.84%,3909.97万,3029.07万,880.91万,7041.62万
1506,688077,大地熊,29.68,1.06%,0.63%,1133.89万,993.10万,140.79万,2132.54万
1507,688520,神州细胞,43.74,1.06%,0.44%,4078.54万,4374.88万,-296.34万,8563.32万
1508,603012,创力集团,8.59,1.06%,0.71%,2143.59万,1710.55万,433.05万,3921.77万
1509,600676,交运股份,7.64,1.06%,0.36%,1426.41万,1154.11万,272.30万,2835.05万
1510,600330,天通股份,20.01,1.06%,4.73%,5.93亿,5.54亿,3903.05万,11.59亿
1511,600010,包钢股份,2.85,1.06%,1.24%,4.58亿,5.59亿,-1.01亿,11.06亿
1512,300525,博思软件,10.44,1.06%,0.79%,3120.82万,1902.63万,1218.19万,5115.64万
1513,300316,晶盛机电,43.89,1.06%,1.60%,4.52亿,3.86亿,6543.29万,8.47亿
1514,300195,长荣股份,7.65,1.06%,0.92%,1344.76万,814.76万,530.00万,2198.98万
1515,2536,飞龙股份,36.18,1.06%,4.03%,3.77亿,4.01亿,-2391.11万,7.89亿
1516,2312,川发龙蟒,11.47,1.06%,0.68%,8854.72万,5741.80万,3112.92万,1.47亿
1517,2115,三维通信,12.39,1.06%,1.75%,8615.50万,7441.17万,1174.33万,1.62亿
1518,596,古井贡酒,107.24,1.06%,0.34%,9046.39万,5505.21万,3541.18万,1.46亿
1519,603175,超颖电子,90.41,1.05%,4.18%,8212.30万,8435.80万,-223.50万,1.67亿
1520,619,海螺新材,5.77,1.05%,0.81%,811.03万,818.74万,-7.71万,1670.28万
1521,688584,上海合晶,20.15,1.05%,0.37%,1278.26万,1237.66万,40.60万,2524.77万
1522,2102,能特科技,2.9,1.05%,0.76%,2381.28万,2143.07万,238.21万,4757.53万
1523,2420,毅昌科技,7.72,1.05%,0.79%,1248.59万,1177.46万,71.14万,2435.93万
1524,603041,美思德,12.52,1.05%,0.29%,349.13万,302.05万,47.08万,652.18万
1525,911,广农糖业,5.8,1.05%,1.24%,1654.84万,1166.84万,488.00万,2844.23万
1526,603326,我乐家居,8.64,1.05%,0.40%,655.85万,383.74万,272.10万,1099.62万
1527,603359,东珠生态,5.8,1.05%,0.49%,860.11万,399.33万,460.79万,1271.09万
1528,600963,岳阳林纸,4.8,1.05%,0.47%,2239.66万,1685.38万,554.29万,3933.39万
1529,2889,东方嘉盛,13.51,1.05%,0.59%,961.39万,1052.09万,-90.70万,2019.29万
1530,2886,沃特股份,22.07,1.05%,1.09%,3030.59万,1911.62万,1118.96万,5022.82万
1531,2674,兴业科技,13.44,1.05%,0.77%,1491.03万,1509.30万,-18.27万,3031.92万
1532,2616,长青集团,5.77,1.05%,1.26%,2457.43万,1798.11万,659.33万,4274.90万
1533,2114,罗平锌电,8.7,1.05%,0.84%,1347.54万,983.26万,364.28万,2363.18万
1534,301590,优优绿能,182.85,1.04%,2.44%,2160.50万,1588.99万,571.51万,3839.05万
1535,603281,江瀚新材,36.04,1.04%,0.38%,2671.05万,2446.37万,224.68万,5139.39万
1536,688185,康希诺,71.98,1.04%,0.75%,3597.02万,2445.88万,1151.14万,6128.33万
1537,301263,泰恩康,29.02,1.04%,0.87%,4167.96万,3431.00万,736.96万,7675.41万
1538,605358,立昂微,35.83,1.04%,0.79%,9245.37万,8157.78万,1087.60万,1.89亿
1539,601636,旗滨集团,5.85,1.04%,0.48%,5029.02万,3134.43万,1894.59万,8229.24万
1540,600292,电投水电,15.56,1.04%,1.06%,6638.98万,6075.82万,563.16万,1.29亿
1541,300745,欣锐科技,26.11,1.04%,0.82%,1708.76万,1304.14万,404.62万,3051.54万
1542,300075,数字政通,12.61,1.04%,0.61%,2333.93万,1562.26万,771.67万,4044.64万
1543,2898,*ST赛隆,13.58,1.04%,0.61%,266.16万,237.78万,28.38万,835.60万
1544,2895,川恒股份,38.05,1.04%,0.54%,6675.28万,5407.45万,1267.83万,1.22亿
1545,752,ST西发,9.8,1.03%,0.98%,1037.48万,1476.33万,-438.85万,2538.44万
1546,3004,*ST声迅,31.32,1.03%,0.37%,450.51万,337.94万,112.56万,789.71万
1547,2600,领益智造,13.72,1.03%,0.65%,3.10亿,3.23亿,-1297.16万,6.42亿
1548,2455,百川股份,11.79,1.03%,5.27%,1.79亿,2.25亿,-4671.46万,4.06亿
1549,605488,福莱新材,34.26,1.03%,0.91%,4472.49万,4125.84万,346.66万,8613.08万
1550,688700,东威科技,58.73,1.03%,1.70%,1.55亿,1.35亿,1961.87万,2.94亿
1551,603099,长白山,36.22,1.03%,1.28%,7087.36万,4975.86万,2111.50万,1.22亿
1552,600883,博闻科技,7.87,1.03%,0.54%,534.36万,464.06万,70.30万,1002.99万
1553,603595,ST东尼,16.61,1.03%,0.47%,930.14万,881.64万,48.50万,1815.77万
1554,601168,西部矿业,28.53,1.03%,0.97%,3.37亿,3.09亿,2786.40万,6.63亿
1555,600377,宁沪高速,11.8,1.03%,0.11%,2947.42万,1736.37万,1211.06万,4743.69万
1556,600309,万华化学,90.0,1.03%,0.47%,6.86亿,6.26亿,5974.41万,13.41亿
1557,300353,东土科技,19.59,1.03%,0.57%,3204.20万,2700.23万,503.97万,6048.54万
1558,2906,华阳集团,31.45,1.03%,0.77%,6680.45万,5805.23万,875.22万,1.27亿
1559,2539,云图控股,14.69,1.03%,1.36%,1.03亿,7438.05万,2817.08万,1.79亿
1560,2167,东方锆业,12.78,1.03%,1.22%,6351.79万,5330.85万,1020.94万,1.18亿
1561,2010,传化智联,5.87,1.03%,0.48%,4418.24万,2845.15万,1573.09万,7796.80万
1562,301276,嘉曼服饰,24.65,1.02%,0.74%,882.26万,415.37万,466.89万,1307.50万
1563,301377,鼎泰高科,219.52,1.02%,6.67%,5.25亿,4.85亿,3978.35万,10.20亿
1564,600807,济高发展,2.97,1.02%,1.20%,1572.64万,1203.56万,369.09万,2777.18万
1565,688038,中科通达,22.86,1.02%,0.93%,1225.40万,1265.10万,-39.69万,2493.81万
1566,2282,博深股份,6.95,1.02%,0.49%,1007.08万,674.01万,333.07万,1709.72万
1567,603077,和邦生物,2.98,1.02%,1.40%,2.19亿,1.48亿,7135.33万,3.70亿
1568,601933,永辉超市,3.95,1.02%,0.52%,9589.91万,8972.34万,617.57万,1.88亿
1569,600885,宏发股份,27.61,1.02%,0.46%,9960.16万,9515.32万,444.83万,1.97亿
1570,600808,马钢股份,3.95,1.02%,0.33%,4660.67万,2990.64万,1670.03万,8033.26万
1571,600579,中化装备,7.94,1.02%,0.34%,625.92万,619.79万,6.13万,1314.63万
1572,2562,兄弟科技,5.95,1.02%,1.23%,3141.78万,2153.08万,988.70万,5343.40万
1573,419,通程控股,5.94,1.02%,0.60%,1104.44万,800.29万,304.15万,1917.15万
1574,688332,中科蓝讯,127.58,1.01%,0.66%,6085.05万,4013.11万,2071.93万,1.01亿
1575,603172,万丰股份,20.99,1.01%,1.28%,771.87万,553.00万,218.87万,1336.84万
1576,301266,宇邦新材,39.89,1.01%,0.71%,1513.18万,1397.98万,115.20万,2952.23万
1577,688348,昱能科技,53.19,1.01%,0.59%,2536.12万,2352.21万,183.91万,4910.30万
1578,688283,坤恒顺维,41.13,1.01%,0.66%,1609.04万,1605.58万,3.46万,3268.93万
1579,2747,埃斯顿,20.93,1.01%,0.53%,3918.28万,4699.72万,-781.44万,8674.72万
1580,300956,英力股份,15.06,1.01%,0.60%,1185.05万,682.97万,502.08万,1900.24万
1581,603828,ST柯利达,5.98,1.01%,0.10%,159.95万,214.64万,-54.70万,375.55万
1582,603518,锦泓集团,9.0,1.01%,0.43%,706.11万,557.76万,148.35万,1318.47万
1583,603393,新天然气,33.04,1.01%,0.90%,6440.64万,5887.20万,553.44万,1.25亿
1584,300457,赢合科技,27.89,1.01%,1.22%,1.08亿,1.07亿,65.13万,2.17亿
1585,300449,汉邦高科,7.03,1.01%,0.58%,842.67万,694.39万,148.28万,1564.88万
1586,300346,南大光电,47.81,1.01%,1.61%,2.69亿,2.27亿,4186.62万,5.03亿
1587,300107,建新股份,7.03,1.01%,0.79%,1157.46万,699.22万,458.24万,1918.08万
1588,2388,新亚制程,5.0,1.01%,1.06%,1207.82万,1439.53万,-231.71万,2678.78万
1589,2232,启明信息,17.92,1.01%,0.43%,1850.45万,1303.11万,547.34万,3178.30万
1590,731,四川美丰,7.03,1.01%,1.83%,4304.12万,2636.89万,1667.23万,6996.88万
1591,408,藏格矿业,85.33,1.01%,0.39%,2.59亿,2.52亿,754.65万,5.26亿
1592,39,中集集团,12.0,1.01%,1.09%,1.44亿,1.52亿,-787.67万,3.02亿
1593,301256,华融化学,13.18,1.00%,0.57%,1983.95万,1558.77万,425.19万,3590.01万
1594,300919,中伟新材,56.43,1.00%,1.16%,2.91亿,2.97亿,-575.27万,6.01亿
1595,688588,凌志软件,12.09,1.00%,0.25%,699.72万,474.15万,225.57万,1219.21万
1596,688099,晶晨股份,81.98,1.00%,0.73%,1.25亿,1.24亿,85.29万,2.51亿
1597,601163,三角轮胎,14.21,1.00%,0.31%,1895.74万,1577.61万,318.14万,3503.19万
1598,601016,节能风电,4.05,1.00%,2.03%,2.75亿,2.19亿,5594.25万,4.96亿
1599,300660,江苏雷利,43.63,1.00%,0.52%,4705.06万,5322.12万,-617.05万,1.02亿
1600,300616,尚品宅配,12.18,1.00%,0.43%,434.20万,354.51万,79.69万,798.81万
1601,688099,晶晨股份,81.98,1.00%,0.73%,1.25亿,1.24亿,85.29万,2.51亿
1602,601163,三角轮胎,14.21,1.00%,0.31%,1895.74万,1577.61万,318.14万,3503.19万
1603,601016,节能风电,4.05,1.00%,1.91%,2.58亿,2.05亿,5248.52万,4.67亿
1604,300660,江苏雷利,43.63,1.00%,0.52%,4705.06万,5322.12万,-617.05万,1.02亿
1605,300616,尚品宅配,12.18,1.00%,0.43%,434.20万,354.51万,79.69万,798.81万
1606,300540,蜀道装备,20.23,1.00%,0.80%,2197.78万,1120.01万,1077.77万,3339.21万
1607,300455,航天智装,25.16,1.00%,0.83%,7788.26万,6747.95万,1040.31万,1.47亿
1608,300187,永清环保,5.07,1.00%,0.51%,936.32万,618.84万,317.48万,1654.58万
1609,2564,天沃科技,6.07,1.00%,0.68%,2240.35万,1259.82万,980.53万,3526.93万
1610,2457,青龙管业,11.12,1.00%,2.02%,4123.56万,3204.54万,919.03万,7434.52万
1611,2322,理工能科,14.2,1.00%,0.56%,1644.93万,1065.75万,579.17万,2794.86万
1612,2721,金一文化,3.06,0.99%,0.80%,3604.68万,2795.02万,809.65万,6475.79万
1613,2319,乐通股份,11.26,0.99%,1.03%,1301.15万,973.69万,327.46万,2307.85万
1614,300010,豆神教育,6.14,0.99%,0.91%,5950.65万,3172.76万,2777.89万,9256.75万
1615,688232,新点软件,22.36,0.99%,0.21%,827.61万,630.66万,196.95万,1478.56万
1616,1226,拓山重工,43.98,0.99%,0.47%,458.42万,245.41万,213.01万,705.60万
1617,603065,宿迁联盛,8.19,0.99%,0.26%,428.99万,463.86万,-34.87万,893.26万
1618,603073,彩蝶实业,19.45,0.99%,0.76%,384.53万,356.98万,27.55万,750.84万
1619,300530,领湃科技,24.53,0.99%,0.47%,1018.34万,931.95万,86.40万,1963.05万
1620,301100,风光股份,18.43,0.99%,0.48%,386.44万,362.27万,24.17万,767.12万
1621,301063,海锅股份,24.43,0.99%,0.60%,821.40万,545.50万,275.90万,1411.34万
1622,688004,博汇科技,22.42,0.99%,0.74%,775.39万,543.80万,231.59万,1320.96万
1623,21,深科技,28.56,0.99%,1.89%,4.28亿,3.96亿,3195.91万,8.39亿
1624,300852,四会富仕,42.75,0.99%,1.34%,3455.93万,5272.92万,-1816.99万,8825.42万
1625,600231,凌钢股份,2.05,0.99%,0.21%,694.88万,535.84万,159.04万,1233.47万
1626,300470,中密控股,36.78,0.99%,1.40%,4603.41万,4653.40万,-49.99万,1.00亿
1627,2458,益生股份,10.19,0.99%,0.94%,3784.21万,3072.41万,711.79万,6906.79万
1628,404,长虹华意,7.12,0.99%,0.47%,1445.11万,874.15万,570.96万,2334.22万
1629,1379,腾达科技,21.65,0.98%,1.04%,836.18万,671.70万,164.49万,1514.60万
1630,688701,卓锦股份,9.3,0.98%,0.52%,307.67万,328.66万,-20.99万,647.37万
1631,603219,富佳股份,16.46,0.98%,0.21%,969.93万,958.92万,11.01万,1937.25万
1632,603303,得邦照明,15.52,0.98%,0.14%,642.48万,380.99万,261.49万,1054.79万
1633,603848,好太太,15.48,0.98%,0.15%,625.12万,287.17万,337.95万,922.81万
1634,603779,威龙股份,6.21,0.98%,0.50%,491.37万,519.10万,-27.73万,1030.37万
1635,688093,世华科技,34.0,0.98%,0.28%,1360.67万,1304.99万,55.68万,2674.62万
1636,601128,常熟银行,7.2,0.98%,0.72%,1.06亿,6423.66万,4212.87万,1.72亿
1637,688619,罗普特,15.45,0.98%,0.77%,1295.40万,899.50万,395.90万,2211.32万
1638,600570,恒生电子,26.68,0.98%,0.48%,1.27亿,1.12亿,1548.09万,2.41亿
1639,300779,惠城环保,90.02,0.98%,1.13%,1.00亿,6210.98万,3795.14万,1.63亿
1640,1965,招商公路,9.24,0.98%,0.10%,3379.14万,3122.58万,256.56万,6663.55万
1641,1279,强邦新材,31.3,0.97%,0.61%,547.17万,212.42万,334.76万,760.53万
1642,688605,先锋精科,64.55,0.97%,1.00%,3035.10万,3796.31万,-761.21万,6971.28万
1643,301318,维海德,26.93,0.97%,0.46%,584.52万,502.25万,82.27万,1091.63万
1644,301338,凯格精机,160.69,0.97%,2.98%,1.53亿,1.29亿,2430.57万,2.84亿
1645,600817,宇通重工,12.54,0.97%,0.43%,1313.74万,1500.35万,-186.60万,2838.80万
1646,300376,易事特,6.22,0.97%,0.42%,2632.48万,2956.51万,-324.03万,5955.70万
1647,603729,龙韵股份,16.58,0.97%,0.89%,802.97万,549.02万,253.96万,1381.00万
1648,603266,天龙股份,19.78,0.97%,0.39%,696.92万,809.56万,-112.63万,1515.78万
1649,601068,中铝国际,6.26,0.97%,0.28%,2591.83万,1567.32万,1024.51万,4504.21万
1650,600864,哈投股份,7.28,0.97%,2.54%,2.06亿,1.77亿,2899.69万,3.85亿
1651,2296,辉煌科技,11.46,0.97%,1.11%,2051.39万,2215.06万,-163.68万,4410.49万
1652,2137,实益达,8.29,0.97%,0.79%,1307.54万,1129.48万,178.07万,2571.28万
1653,2105,信隆健康,6.25,0.97%,0.62%,819.38万,560.55万,258.83万,1396.62万
1654,887,中鼎股份,18.78,0.97%,0.50%,6603.44万,5671.13万,932.32万,1.23亿
1655,30,富奥股份,5.2,0.97%,0.39%,1957.97万,1387.83万,570.15万,3363.01万
1656,29,深深房A,19.92,0.96%,0.12%,1169.92万,974.94万,194.98万,2173.78万
1657,301075,多瑞医药,68.45,0.96%,1.92%,4962.83万,5392.49万,-429.65万,1.05亿
1658,688198,佰仁医疗,95.78,0.96%,0.13%,905.40万,827.04万,78.36万,1736.42万
1659,688296,和达科技,13.73,0.96%,0.36%,271.46万,253.06万,18.40万,528.84万
1660,601006,大秦铁路,5.28,0.96%,0.42%,3.46亿,8831.49万,2.58亿,4.48亿
1661,600578,京能电力,5.27,0.96%,0.19%,3798.01万,2846.14万,951.87万,6782.02万
1662,600079,ST人福,18.97,0.96%,0.47%,8686.94万,4698.65万,3988.29万,1.36亿
1663,300500,启迪设计,10.47,0.96%,0.80%,709.14万,672.41万,36.73万,1396.42万
1664,2722,物产金轮,14.7,0.96%,0.39%,674.46万,590.68万,83.78万,1288.52万
1665,2679,福建金森,10.53,0.96%,0.67%,937.70万,716.49万,221.22万,1664.93万
1666,2343,慈文传媒,6.33,0.96%,1.23%,2123.11万,1546.65万,576.45万,3681.74万
1667,688709,成都华微,44.63,0.95%,1.03%,5092.21万,4936.23万,155.99万,1.01亿
1668,300311,ST任子行,5.34,0.95%,0.74%,1237.32万,804.87万,432.45万,2104.82万
1669,300815,玉禾田,21.18,0.95%,0.32%,1580.48万,1056.59万,523.89万,2653.38万
1670,603507,振江股份,45.56,0.95%,2.95%,1.17亿,1.22亿,-510.27万,2.42亿
1671,601939,建设银行,9.55,0.95%,0.47%,2.18亿,2.04亿,1482.34万,4.31亿
1672,600561,江西长运,6.38,0.95%,0.66%,630.27万,522.04万,108.23万,1185.68万
1673,600446,金证股份,12.74,0.95%,0.54%,3637.32万,2716.61万,920.72万,6445.78万
1674,2833,弘亚数控,17.99,0.95%,0.35%,856.48万,909.53万,-53.05万,1803.80万
1675,2395,双象股份,18.0,0.95%,1.27%,3666.34万,2426.20万,1240.14万,6112.52万
1676,739,普洛药业,18.02,0.95%,0.37%,3668.05万,3995.14万,-327.10万,7729.14万
1677,2291,遥望科技,6.44,0.94%,1.14%,3734.21万,2447.55万,1286.66万,6344.31万
1678,603155,新亚强,16.04,0.94%,0.28%,868.04万,537.35万,330.69万,1430.70万
1679,600448,华纺股份,3.21,0.94%,1.14%,1133.91万,1149.44万,-15.52万,2287.81万
1680,300678,中科信息,28.92,0.94%,0.63%,3085.05万,1979.53万,1105.52万,5265.07万
1681,300152,ST新动力,2.15,0.94%,1.26%,1091.43万,811.99万,279.44万,1924.41万
1682,2174,游族网络,9.65,0.94%,0.48%,2727.77万,1755.02万,972.75万,4515.32万
1683,2163,海南发展,12.88,0.94%,1.15%,6478.94万,4786.35万,1692.59万,1.18亿
1684,2054,德美化工,8.56,0.94%,3.18%,5461.29万,4872.69万,588.60万,1.04亿
1685,595,*ST宝实,6.52,0.93%,0.35%,1486.30万,1110.54万,375.76万,2601.33万
1686,301585,蓝宇股份,28.22,0.93%,0.64%,600.77万,624.95万,-24.18万,1227.30万
1687,600861,北京人力,16.21,0.93%,0.37%,1539.69万,609.65万,930.04万,2171.06万
1688,301015,百洋医药,26.12,0.93%,1.85%,1.41亿,1.07亿,3464.70万,2.52亿
1689,300987,川网传媒,17.38,0.93%,0.68%,1156.78万,844.33万,312.45万,2050.51万
1690,605567,春雪食品,10.82,0.93%,0.61%,694.16万,616.70万,77.47万,1314.86万
1691,603688,石英股份,52.28,0.93%,2.22%,3.13亿,3.05亿,799.28万,6.21亿
1692,603666,亿嘉和,26.13,0.93%,0.40%,1152.67万,947.69万,204.98万,2122.56万
1693,300150,世纪瑞尔,5.41,0.93%,0.60%,842.61万,645.95万,196.66万,1494.35万
1694,300148,天舟文化,4.35,0.93%,1.35%,2868.39万,1864.73万,1003.66万,4770.58万
1695,300106,西部牧业,9.72,0.93%,1.17%,1250.88万,1018.96万,231.92万,2371.02万
1696,2815,崇达技术,15.14,0.93%,1.21%,7045.39万,7002.02万,43.38万,1.43亿
1697,2474,榕基软件,7.57,0.93%,0.82%,1884.27万,1317.47万,566.80万,3274.05万
1698,2425,凯撒文化,3.26,0.93%,0.72%,1032.12万,1169.32万,-137.20万,2232.58万
1699,2093,国脉科技,9.75,0.93%,0.40%,2446.11万,1408.68万,1037.43万,3927.54万
1700,599,青岛双星,5.41,0.93%,0.58%,1403.32万,1141.96万,261.36万,2545.39万
1701,301016,雷尔伟,24.16,0.92%,1.32%,3308.59万,3238.51万,70.08万,6651.45万
1702,688599,天合光能,16.51,0.92%,0.50%,1.07亿,8323.66万,2353.91万,1.92亿
1703,603408,建霖家居,12.09,0.92%,0.10%,306.44万,234.44万,72.01万,545.84万
1704,688015,交控科技,23.01,0.92%,0.28%,476.21万,703.42万,-227.21万,1227.84万
1705,600640,国脉文化,12.04,0.92%,0.21%,1114.01万,790.20万,323.81万,1988.70万
1706,300694,蠡湖股份,12.13,0.92%,0.57%,778.99万,681.38万,97.61万,1496.88万
1707,2655,共达电声,22.03,0.92%,3.82%,1.49亿,1.54亿,-519.01万,3.05亿
1708,2514,宝馨科技,4.41,0.92%,1.32%,1552.05万,1648.24万,-96.19万,3220.71万
1709,2324,普利特,15.39,0.92%,0.82%,5045.94万,4628.40万,417.54万,9825.67万
1710,2148,北纬科技,7.72,0.92%,0.81%,1578.16万,1200.62万,377.54万,2791.22万
1711,868,安凯客车,4.39,0.92%,0.81%,1571.69万,1059.39万,512.30万,2633.28万
1712,796,凯撒旅业,5.47,0.92%,1.58%,7104.84万,4239.15万,2865.68万,1.15亿
1713,301183,东田微,188.3,0.91%,4.30%,2.41亿,2.30亿,1152.75万,4.72亿
1714,601615,明阳智能,16.64,0.91%,1.15%,2.17亿,2.03亿,1370.92万,4.33亿
1715,601118,海南橡胶,6.65,0.91%,0.25%,4047.59万,3023.13万,1024.46万,7159.69万
1716,600337,美克家居,3.33,0.91%,3.24%,7939.04万,7390.88万,548.16万,1.56亿
1717,300290,荣科科技,14.38,0.91%,0.71%,3901.45万,2560.60万,1340.85万,6544.70万
1718,2130,沃尔核材,25.43,0.91%,1.40%,2.25亿,1.80亿,4537.63万,4.09亿
1719,2003,伟星股份,9.97,0.91%,0.21%,1438.17万,710.42万,727.76万,2182.92万
1720,948,南天信息,15.48,0.91%,0.32%,1253.25万,641.35万,611.90万,1897.07万
1721,688720,艾森股份,76.48,0.90%,1.69%,3282.50万,3841.16万,-558.66万,7218.03万
1722,688244,永信至诚,19.02,0.90%,0.38%,650.38万,421.86万,228.52万,1077.00万
1723,301336,趣睡科技,50.63,0.90%,1.15%,1091.01万,637.86万,453.15万,1759.72万
1724,301035,润丰股份,78.58,0.90%,0.16%,1709.55万,1686.26万,23.29万,3452.39万
1725,300993,玉马科技,12.37,0.90%,0.26%,442.51万,329.16万,113.35万,775.63万
1726,688408,中信博,40.19,0.90%,0.66%,2880.88万,2803.55万,77.33万,5773.85万
1727,600499,科达制造,17.96,0.90%,0.50%,8303.14万,8649.01万,-345.88万,1.71亿
1728,600114,东睦股份,31.36,0.90%,0.99%,9769.66万,9239.73万,529.93万,1.92亿
1729,300380,安硕信息,34.74,0.90%,0.58%,1574.52万,967.37万,607.15万,2560.30万
1730,2481,双塔食品,4.48,0.90%,0.36%,1105.90万,675.65万,430.25万,1786.97万
1731,301598,博科测试,60.98,0.89%,1.22%,740.54万,558.11万,182.43万,1305.35万
1732,600262,北方股份,26.06,0.89%,1.38%,3615.90万,2319.32万,1296.58万,6090.22万
1733,688656,浩欧博,137.84,0.89%,0.26%,1243.76万,962.26万,281.50万,2231.33万
1734,301315,威士顿,50.96,0.89%,1.03%,1080.23万,853.04万,227.19万,1961.84万
1735,300796,贝斯美,9.11,0.89%,0.61%,952.10万,838.06万,114.04万,2006.93万
1736,688299,长阳科技,18.1,0.89%,0.64%,1791.18万,1505.56万,285.62万,3361.86万
1737,603375,盛景微,39.6,0.89%,0.96%,1235.08万,1110.07万,125.01万,2427.00万
1738,603718,海利生物,4.53,0.89%,0.98%,1363.15万,1517.49万,-154.34万,2886.89万
1739,603660,苏州科达,10.23,0.89%,1.22%,4101.69万,2970.24万,1131.45万,7097.39万
1740,600012,皖通高速,15.84,0.89%,0.24%,2725.27万,1722.13万,1003.14万,4497.94万
1741,300759,康龙化成,31.58,0.89%,1.15%,2.71亿,2.26亿,4564.34万,5.10亿
1742,300740,水羊股份,21.45,0.89%,0.68%,2987.42万,2164.18万,823.24万,5245.54万
1743,300373,扬杰科技,77.22,0.89%,0.62%,1.21亿,1.34亿,-1301.19万,2.58亿
1744,300207,欣旺达,29.36,0.89%,5.23%,14.22亿,12.07亿,2.15亿,26.57亿
1745,2488,金固股份,11.35,0.89%,0.47%,2480.85万,2209.86万,270.99万,4864.38万
1746,715,中兴商业,5.68,0.89%,0.52%,646.24万,777.99万,-131.75万,1425.25万
1747,688305,科德数控,57.7,0.89%,0.40%,1822.47万,1251.31万,571.16万,3077.90万
1748,35,中国天楹,6.8,0.89%,0.93%,7620.76万,6920.37万,700.39万,1.51亿
1749,688750,金天钛业,18.4,0.88%,0.49%,1180.52万,905.59万,274.94万,2094.81万
1750,688192,迪哲医药,60.73,0.88%,0.47%,6690.72万,5905.60万,785.12万,1.28亿
1751,688750,金天钛业,18.4,0.88%,0.49%,1180.52万,905.59万,274.94万,2094.81万
1752,688192,迪哲医药,60.73,0.88%,0.47%,6690.72万,5905.60万,785.12万,1.28亿
1753,600615,鑫源智造,11.43,0.88%,0.39%,493.35万,453.40万,39.95万,983.43万
1754,301089,拓新药业,28.65,0.88%,1.70%,2359.99万,2003.27万,356.71万,4405.40万
1755,300970,华绿生物,30.87,0.88%,2.89%,4715.06万,3348.83万,1366.23万,8433.83万
1756,603816,顾家家居,30.91,0.88%,0.45%,7751.23万,3537.78万,4213.45万,1.14亿
1757,603136,天目湖,11.41,0.88%,0.67%,1030.43万,979.37万,51.06万,2059.05万
1758,300560,中富通,16.12,0.88%,1.33%,1816.21万,2097.60万,-281.39万,3978.77万
1759,300035,中科电气,22.94,0.88%,3.90%,2.57亿,2.59亿,-154.42万,5.25亿
1760,2107,沃华医药,8.02,0.88%,7.20%,1.57亿,1.67亿,-1041.95万,3.28亿
1761,589,贵州轮胎,4.62,0.87%,0.63%,2577.77万,1939.28万,638.49万,4520.87万
1762,688061,灿瑞科技,32.44,0.87%,0.76%,600.61万,503.79万,96.81万,1105.05万
1763,601609,金田股份,10.42,0.87%,0.50%,5219.54万,3727.53万,1492.01万,9062.70万
1764,603636,南威软件,9.28,0.87%,0.36%,1060.32万,851.34万,208.98万,1921.51万
1765,600490,鹏欣资源,8.09,0.87%,0.70%,5063.36万,6027.15万,-963.79万,1.13亿
1766,300649,杭州园林,15.0,0.87%,0.69%,640.86万,435.07万,205.79万,1085.22万
1767,300251,光线传媒,16.16,0.87%,1.50%,3.30亿,3.36亿,-552.47万,6.74亿
1768,300205,*ST天喻,5.81,0.87%,0.52%,618.51万,510.05万,108.46万,1285.84万
1769,2611,东方精工,17.4,0.87%,0.76%,6996.74万,5920.45万,1076.29万,1.31亿
1770,2559,亚威股份,10.47,0.87%,1.27%,3439.99万,3179.41万,260.58万,6699.49万
1771,2483,润邦股份,6.96,0.87%,0.25%,869.66万,614.13万,255.53万,1547.17万
1772,2283,天润工业,10.49,0.87%,1.03%,6231.36万,4465.88万,1765.48万,1.08亿
1773,2120,韵达股份,6.96,0.87%,1.09%,1.18亿,9348.02万,2432.24万,2.14亿
1774,2103,广博股份,8.16,0.87%,0.64%,1245.59万,696.60万,548.98万,1958.61万
1775,2028,思源电气,211.4,0.87%,0.58%,3.76亿,3.53亿,2303.34万,7.38亿
1776,407,胜利股份,4.63,0.87%,0.86%,1847.00万,1556.67万,290.33万,3462.90万
1777,603344,星德胜,27.99,0.86%,0.94%,702.17万,692.39万,9.79万,1421.41万
1778,2972,科安达,12.93,0.86%,0.99%,773.63万,905.97万,-132.34万,1723.75万
1779,301217,铜冠铜箔,45.55,0.86%,2.41%,4.37亿,4.58亿,-2120.76万,9.00亿
1780,688786,悦安新材,32.8,0.86%,0.70%,1903.00万,1293.55万,609.45万,3263.62万
1781,301051,信濠光电,22.32,0.86%,0.72%,1368.86万,1178.33万,190.53万,2586.21万
1782,603282,亚光股份,21.02,0.86%,0.54%,692.99万,785.66万,-92.67万,1527.43万
1783,300873,海晨股份,22.35,0.86%,0.50%,1142.94万,670.79万,472.15万,1855.73万
1784,300906,日月明,32.73,0.86%,1.02%,1246.36万,1160.62万,85.73万,2419.42万
1785,603068,博通集成,32.83,0.86%,0.47%,1404.78万,883.38万,521.40万,2305.23万
1786,601021,春秋航空,48.16,0.86%,0.24%,5574.75万,4871.16万,703.59万,1.12亿
1787,600410,华胜天成,27.11,0.86%,4.91%,7.17亿,7.23亿,-659.40万,14.59亿
1788,300689,澄天伟业,47.84,0.86%,0.66%,1683.79万,1477.14万,206.65万,3220.28万
1789,300413,芒果超媒,21.14,0.86%,0.55%,6561.20万,5079.35万,1481.85万,1.18亿
1790,2915,中欣氟材,21.2,0.86%,0.72%,2324.86万,2029.25万,295.61万,4420.08万
1791,2657,中科金财,22.41,0.86%,0.81%,3605.47万,2437.84万,1167.64万,6106.77万
1792,2463,沪电股份,93.58,0.86%,2.08%,18.78亿,18.22亿,5609.10万,37.25亿
1793,2387,维信诺,8.2,0.86%,0.40%,2588.37万,1911.88万,676.48万,4532.16万
1794,2362,汉王科技,18.76,0.86%,0.39%,986.23万,501.34万,484.89万,1501.84万
1795,2340,格林美,8.25,0.86%,1.53%,3.96亿,2.39亿,1.57亿,6.44亿
1796,2984,森麒麟,17.87,0.85%,0.84%,5494.73万,5203.92万,290.81万,1.08亿
1797,1277,速达股份,35.43,0.85%,0.93%,506.79万,874.34万,-367.55万,1479.58万
1798,301036,双乐股份,28.35,0.85%,0.46%,440.93万,451.22万,-10.30万,910.59万
1799,688176,亚虹医药,14.32,0.85%,1.56%,4728.34万,4694.95万,33.39万,9595.48万
1800,688636,智明达,44.83,0.85%,1.03%,4061.30万,3461.68万,599.63万,7626.22万
1801,2362,汉王科技,18.76,0.86%,0.39%,986.23万,501.34万,484.89万,1501.84万
1802,2340,格林美,8.25,0.86%,1.53%,3.96亿,2.39亿,1.57亿,6.44亿
1803,2984,森麒麟,17.87,0.85%,0.84%,5494.73万,5203.92万,290.81万,1.08亿
1804,301596,瑞迪智驱,69.6,0.85%,0.85%,908.12万,909.98万,-1.86万,1850.80万
1805,301516,中远通,20.27,0.85%,6.09%,4097.91万,4368.43万,-270.52万,8656.61万
1806,1277,速达股份,35.43,0.85%,0.93%,506.79万,874.34万,-367.55万,1479.58万
1807,301618,长联科技,48.69,0.85%,0.40%,347.23万,267.39万,79.84万,641.88万
1808,301036,双乐股份,28.35,0.85%,0.46%,440.93万,451.22万,-10.30万,910.59万
1809,688176,亚虹医药,14.32,0.85%,1.56%,4728.34万,4694.95万,33.39万,9595.48万
1810,688636,智明达,44.83,0.85%,1.03%,4061.30万,3461.68万,599.63万,7626.22万
1811,300975,商络电子,20.18,0.85%,3.58%,1.86亿,1.64亿,2229.56万,3.54亿
1812,688528,秦川物联,10.66,0.85%,0.30%,285.37万,234.64万,50.73万,525.88万
1813,300951,博硕科技,37.75,0.85%,0.61%,1762.11万,1635.67万,126.44万,3499.61万
1814,688131,皓元医药,77.0,0.85%,0.56%,5037.42万,3926.88万,1110.54万,9560.30万
1815,603825,ST华扬,8.32,0.85%,0.10%,134.38万,76.19万,58.19万,210.81万
1816,600336,澳柯玛,7.1,0.85%,0.55%,1636.57万,1472.80万,163.77万,3115.76万
1817,600227,赤天化,3.56,0.85%,3.83%,9981.50万,7333.57万,2647.93万,1.73亿
1818,600076,康欣新材,3.58,0.85%,0.32%,867.15万,661.07万,206.09万,1548.41万
1819,300619,金银河,42.48,0.85%,1.90%,5454.16万,6181.48万,-727.32万,1.18亿
1820,300532,今天国际,11.8,0.85%,0.64%,1871.11万,1261.97万,609.14万,3241.37万
1821,300196,长海股份,19.09,0.85%,5.46%,1.24亿,1.30亿,-665.21万,2.58亿
1822,2529,*ST海源,7.16,0.85%,0.43%,501.87万,279.94万,221.92万,803.79万
1823,2440,闰土股份,11.81,0.85%,1.13%,6764.71万,5626.01万,1138.69万,1.26亿
1824,2261,拓维信息,36.71,0.85%,3.25%,6.97亿,6.48亿,4910.69万,13.66亿
1825,626,远大控股,8.34,0.85%,2.03%,4887.46万,3605.93万,1281.53万,8612.62万
1826,300800,力合科技,11.84,0.85%,0.44%,584.27万,621.73万,-37.46万,1213.10万
1827,409,云鼎科技,10.68,0.85%,0.34%,1172.52万,960.25万,212.27万,2147.19万
1828,301421,波长光电,94.42,0.84%,2.62%,6208.60万,5064.67万,1143.93万,1.14亿
1829,688653,康希通信,13.23,0.84%,0.46%,896.24万,960.72万,-64.48万,1928.75万
1830,688045,必易微,49.06,0.84%,0.76%,1417.18万,1185.81万,231.38万,2620.59万
1831,2633,申科股份,17.91,0.84%,0.53%,815.03万,569.82万,245.21万,1399.55万
1832,1206,依依股份,21.71,0.84%,2.32%,2469.00万,2841.48万,-372.48万,5354.76万
1833,605365,立达信,23.87,0.84%,2.62%,1.62亿,1.55亿,762.14万,3.18亿
1834,688558,国盛智科,30.19,0.84%,0.38%,629.36万,860.76万,-231.40万,1501.82万
1835,600738,丽尚国潮,4.83,0.84%,0.52%,960.11万,924.91万,35.19万,1889.71万
1836,600640,国脉文化,12.03,0.84%,0.17%,936.58万,670.21万,266.37万,1659.03万
1837,600594,益佰制药,4.8,0.84%,13.02%,2.36亿,2.48亿,-1197.47万,4.90亿
1838,600562,国睿科技,27.56,0.84%,0.32%,5547.72万,5314.27万,233.46万,1.09亿
1839,300743,天地数码,17.95,0.84%,0.56%,647.35万,620.30万,27.05万,1278.42万
1840,300643,万通智控,17.94,0.84%,0.88%,2072.46万,1524.97万,547.49万,3645.85万
1841,300405,科隆股份,6.02,0.84%,1.34%,1031.81万,707.21万,324.60万,1759.24万
1842,300285,国瓷材料,33.58,0.84%,1.33%,1.83亿,1.90亿,-624.53万,3.77亿
1843,300230,永利股份,4.8,0.84%,0.69%,1125.46万,912.19万,213.28万,2066.85万
1844,300176,鸿特科技,7.21,0.84%,1.12%,1434.86万,1636.44万,-201.58万,3122.12万
1845,300002,神州泰岳,9.65,0.84%,0.70%,7210.14万,5068.42万,2141.72万,1.25亿
1846,2772,众兴菌业,18.08,0.84%,1.77%,7131.73万,4273.86万,2857.87万,1.19亿
1847,2152,广电运通,12.04,0.84%,0.26%,4658.41万,3038.81万,1619.60万,7769.82万
1848,2065,东华软件,8.42,0.84%,0.42%,6233.05万,3935.10万,2297.95万,1.03亿
1849,565,渝三峡A,7.19,0.84%,0.54%,818.46万,796.08万,22.38万,1678.32万
1850,530,冰山冷热,5.99,0.84%,0.72%,1460.19万,1064.99万,395.20万,2583.71万
1851,688396,华润微,48.7,0.83%,0.39%,1.25亿,1.23亿,159.20万,2.51亿
1852,605099,共创草坪,41.3,0.83%,0.41%,4062.74万,2572.75万,1489.99万,6726.78万
1853,600493,凤竹纺织,7.27,0.83%,0.94%,665.69万,796.96万,-131.27万,1844.32万
1854,603076,乐惠国际,29.21,0.83%,1.81%,3075.58万,3247.52万,-171.94万,6382.75万
1855,603278,大业股份,10.92,0.83%,0.56%,1261.43万,838.47万,422.97万,2103.17万
1856,600491,龙元建设,2.44,0.83%,1.85%,3688.47万,3006.36万,682.11万,6831.23万
1857,600278,东方创业,7.28,0.83%,0.27%,1107.89万,577.24万,530.65万,1709.46万
1858,600218,全柴动力,9.7,0.83%,0.69%,1535.09万,1398.87万,136.22万,2936.20万
1859,300606,金太阳,37.83,0.83%,4.33%,9686.84万,9116.66万,570.18万,1.91亿
1860,300375,鹏翎股份,4.84,0.83%,0.85%,1110.95万,1055.50万,55.45万,2173.97万
1861,2178,延华智能,6.08,0.83%,0.52%,1212.53万,985.91万,226.62万,2245.44万
1862,301588,美新科技,22.23,0.82%,3.33%,2870.30万,2483.02万,387.28万,5414.16万
1863,688458,美芯晟,35.79,0.82%,0.61%,850.95万,913.61万,-62.66万,1834.99万
1864,1260,坤泰股份,20.93,0.82%,0.39%,477.02万,451.90万,25.12万,933.53万
1865,301389,隆扬电子,58.09,0.82%,5.73%,1.40亿,1.37亿,245.05万,2.79亿
1866,301006,迈拓股份,17.28,0.82%,0.63%,426.27万,462.31万,-36.04万,924.45万
1867,301049,超越科技,22.2,0.82%,0.77%,348.00万,365.81万,-17.80万,724.67万
1868,300130,新国都,23.26,0.82%,0.71%,4093.10万,2992.68万,1100.43万,7163.50万
1869,603109,神驰机电,23.29,0.82%,0.73%,2065.53万,1407.16万,658.37万,3538.61万
1870,603506,南都物业,12.28,0.82%,0.30%,330.61万,344.18万,-13.57万,677.74万
1871,603728,鸣志电器,59.05,0.82%,0.58%,6458.40万,7788.06万,-1329.67万,1.44亿
1872,601211,国泰海通,17.19,0.82%,0.31%,4.00亿,3.10亿,8981.96万,7.15亿
1873,600790,轻纺城,3.71,0.82%,0.17%,547.86万,347.38万,200.48万,900.77万
1874,600699,均胜电子,25.76,0.82%,1.25%,2.04亿,2.33亿,-2826.07万,4.42亿
1875,600620,天宸股份,6.16,0.82%,0.30%,657.66万,588.91万,68.75万,1251.07万
1876,2801,微光股份,32.03,0.82%,0.40%,917.14万,549.92万,367.22万,1545.58万
1877,301581,黄山谷捷,45.86,0.81%,0.20%,238.07万,193.89万,44.18万,442.51万
1878,300555,ST路通,13.69,0.81%,0.41%,469.43万,641.96万,-172.53万,1118.50万
1879,301359,东南电子,21.27,0.81%,0.67%,549.26万,396.57万,152.69万,969.67万
1880,688328,深科达,40.83,0.81%,1.95%,3575.97万,3727.33万,-151.36万,7457.74万
1881,300109,新开源,18.75,0.81%,0.84%,3536.54万,3364.62万,171.92万,6980.73万
1882,605001,威奥股份,7.44,0.81%,0.31%,514.79万,391.00万,123.79万,909.73万
1883,688456,有研粉材,56.97,0.81%,0.88%,2630.96万,2533.16万,97.80万,5199.34万
1884,603767,中马传动,18.65,0.81%,0.29%,854.67万,792.24万,62.43万,1680.10万
1885,688333,铂力特,96.37,0.81%,1.11%,1.44亿,1.45亿,-55.78万,2.92亿
1886,688686,奥普特,104.06,0.81%,0.47%,3328.64万,2572.57万,756.07万,5975.14万
1887,603839,安正时尚,7.44,0.81%,0.20%,322.46万,232.09万,90.38万,567.42万
1888,600734,实达集团,3.72,0.81%,0.76%,3248.09万,2807.95万,440.14万,6139.09万
1889,600639,浦东金桥,11.21,0.81%,0.50%,2869.21万,1865.02万,1004.19万,4765.94万
1890,600623,华谊集团,9.96,0.81%,0.32%,3252.74万,2756.91万,495.83万,6022.19万
1891,600030,中信证券,26.22,0.81%,0.44%,8.12亿,5.87亿,2.24亿,14.16亿
1892,300466,赛摩智能,8.69,0.81%,0.36%,817.02万,573.29万,243.72万,1393.78万
1893,300193,佳士科技,8.66,0.81%,0.55%,1115.46万,857.19万,258.27万,2005.50万
1894,300129,泰胜风能,12.51,0.81%,1.72%,8308.44万,6703.36万,1605.08万,1.54亿
1895,2739,万达电影,9.92,0.81%,0.61%,7648.55万,5080.20万,2568.35万,1.28亿
1896,2622,皓宸医疗,2.49,0.81%,1.45%,1728.13万,1247.84万,480.29万,2998.48万
1897,2401,中远海科,14.98,0.81%,0.39%,1267.98万,873.91万,394.07万,2154.17万
1898,603071,物产环能,13.81,0.80%,0.19%,738.38万,730.68万,7.71万,1497.37万
1899,1286,陕西能源,11.29,0.80%,0.45%,3976.14万,2822.34万,1153.80万,6871.29万
1900,688275,万润新能,129.05,0.80%,2.86%,2.37亿,2.26亿,1126.50万,4.66亿
1901,605389,长龄液压,71.58,0.80%,0.26%,1307.35万,1240.43万,66.92万,2554.93万
1902,688092,爱科科技,28.93,0.80%,0.37%,428.03万,446.13万,-18.10万,885.63万
1903,603900,莱绅通灵,7.52,0.80%,0.51%,759.80万,508.40万,251.39万,1309.06万
1904,300711,广哈通信,25.19,0.80%,0.80%,2571.79万,2282.64万,289.16万,5011.56万
1905,300703,创源股份,20.15,0.80%,0.89%,1716.31万,1245.20万,471.10万,3015.09万
1906,300554,三超新材,22.58,0.80%,0.96%,984.30万,705.90万,278.40万,1710.07万
1907,300400,劲拓股份,27.86,0.80%,2.92%,8985.15万,1.04亿,-1420.51万,1.96亿
1908,300872,天阳科技,16.41,0.80%,0.63%,2053.07万,2200.48万,-147.41万,4342.73万
1909,300073,当升科技,56.65,0.80%,1.87%,2.72亿,2.61亿,1074.04万,5.41亿
1910,2890,弘宇股份,16.3,0.80%,0.29%,472.94万,280.41万,192.52万,758.56万
1911,2841,视源股份,35.18,0.80%,0.44%,3497.87万,4393.49万,-895.62万,8004.03万
1912,2237,恒邦股份,15.13,0.80%,0.79%,7894.68万,6275.52万,1619.15万,1.43亿
1913,42,中洲控股,8.86,0.80%,0.23%,673.33万,441.93万,231.40万,1314.32万
1914,2034,旺能环境,18.88,0.80%,0.75%,2993.23万,3079.85万,-86.62万,6100.68万
1915,932,华菱钢铁,5.07,0.80%,0.58%,1.27亿,7400.84万,5287.89万,2.03亿
1916,688721,龙图光罩,39.76,0.79%,0.63%,809.22万,514.75万,294.47万,1330.13万
1917,1319,铭科精技,25.46,0.79%,1.02%,1095.63万,1000.18万,95.45万,2126.64万
1918,301379,天山电子,25.51,0.79%,0.91%,1639.92万,1270.38万,369.54万,2953.68万
1919,301132,满坤科技,42.04,0.79%,3.71%,8273.66万,6299.05万,1974.61万,1.48亿
1920,2820,桂发祥,10.27,0.79%,0.99%,1045.66万,954.52万,91.14万,2044.51万
1921,300973,立高食品,33.25,0.79%,0.75%,1541.28万,1400.62万,140.66万,2961.17万
1922,603112,华翔股份,20.54,0.79%,1.28%,7673.93万,6386.91万,1287.02万,1.41亿
1923,9,中国宝安,8.93,0.79%,0.41%,5763.75万,3609.41万,2154.34万,9394.71万
1924,688391,钜泉科技,30.78,0.79%,0.25%,434.75万,413.41万,21.34万,892.23万
1925,601688,华泰证券,19.02,0.79%,0.50%,3.91亿,2.93亿,9856.83万,6.93亿
1926,601099,太平洋,3.84,0.79%,0.37%,5365.52万,4157.22万,1208.30万,9595.08万
1927,600052,东望时代,3.81,0.79%,0.51%,856.77万,763.33万,93.44万,1624.25万
1928,300720,海川智能,57.7,0.79%,2.87%,1.55亿,1.33亿,2238.56万,2.92亿
1929,300123,亚光科技,6.35,0.79%,0.85%,2693.49万,2504.38万,189.10万,5381.66万
1930,903,ST云动,2.54,0.79%,0.32%,634.42万,903.97万,-269.54万,1561.45万
1931,676,智度股份,7.69,0.79%,0.51%,2851.67万,2069.62万,782.05万,4924.76万
1932,503,国新健康,7.69,0.79%,0.35%,1521.51万,1067.75万,453.76万,2661.65万
1933,3005,竞业达,18.18,0.78%,0.66%,943.87万,555.47万,388.40万,1520.07万
1934,2472,双环传动,38.7,0.78%,0.71%,1.08亿,9696.91万,1151.94万,2.07亿
1935,688689,银河微电,36.24,0.78%,0.66%,1584.13万,1348.14万,235.99万,3058.15万
1936,603022,新通联,10.38,0.78%,1.10%,1345.41万,941.95万,403.46万,2291.82万
1937,603337,杰克科技,39.96,0.78%,0.20%,1687.32万,1975.71万,-288.39万,3734.01万
1938,600756,浪潮软件,16.73,0.78%,1.11%,2964.12万,2828.92万,135.19万,6000.02万
1939,600643,爱建集团,5.16,0.78%,0.85%,3548.30万,3329.47万,218.82万,7009.72万
1940,300625,三雄极光,11.7,0.78%,0.40%,436.54万,298.81万,137.73万,744.48万
1941,300512,中亚股份,9.05,0.78%,0.36%,564.36万,474.93万,89.43万,1050.24万
1942,300424,航新科技,18.09,0.78%,1.43%,3341.15万,2855.60万,485.56万,6341.07万
1943,300012,华测检测,15.5,0.78%,0.48%,6346.59万,3991.99万,2354.60万,1.06亿
1944,2908,德生科技,9.05,0.78%,0.50%,818.31万,633.82万,184.49万,1459.19万
1945,2659,凯文教育,5.18,0.78%,0.69%,1054.05万,1082.72万,-28.67万,2145.84万
1946,2281,光迅科技,107.53,0.78%,2.51%,10.30亿,10.51亿,-2094.10万,21.02亿
1947,2246,北化股份,25.73,0.78%,1.19%,8672.75万,7946.06万,726.69万,1.67亿
1948,2205,国统股份,12.85,0.78%,0.56%,564.68万,720.59万,-155.91万,1313.16万
1949,2184,海得控制,11.57,0.78%,0.76%,1128.70万,965.26万,163.44万,2124.29万
1950,750,国海证券,3.89,0.78%,0.18%,2758.23万,1339.59万,1418.64万,4214.38万
1951,2205,国统股份,12.85,0.78%,0.56%,564.68万,720.59万,-155.91万,1313.16万
1952,2184,海得控制,11.57,0.78%,0.76%,1128.70万,965.26万,163.44万,2124.29万
1953,750,国海证券,3.89,0.78%,0.18%,2758.23万,1339.59万,1418.64万,4214.38万
1954,610,西安旅游,9.06,0.78%,6.50%,7329.29万,6398.33万,930.96万,1.38亿
1955,688048,长光华芯,294.74,0.77%,4.03%,10.99亿,10.34亿,6472.75万,21.38亿
1956,301301,川宁生物,10.53,0.77%,1.48%,5184.84万,4274.45万,910.39万,9589.70万
1957,301100,风光股份,18.39,0.77%,0.42%,341.49万,320.81万,20.68万,669.29万
1958,301049,超越科技,22.19,0.77%,0.72%,326.70万,348.95万,-22.25万,677.42万
1959,688737,中自科技,26.04,0.77%,0.20%,304.50万,280.78万,23.72万,604.68万
1960,301033,迈普医学,58.95,0.77%,0.52%,947.92万,750.24万,197.68万,1724.71万
1961,301260,格力博,15.68,0.77%,0.33%,639.29万,406.59万,232.70万,1062.36万
1962,688395,正弦电气,26.29,0.77%,0.29%,367.86万,290.78万,77.08万,662.07万
1963,600642,申能股份,9.21,0.77%,0.23%,5648.32万,4364.83万,1283.49万,1.03亿
1964,300770,新媒股份,40.47,0.77%,0.55%,2629.60万,2443.18万,186.43万,5106.36万
1965,300765,新诺威,34.23,0.77%,0.49%,1.29亿,1.00亿,2839.66万,2.34亿
1966,300412,迦南科技,5.25,0.77%,0.82%,1094.39万,886.57万,207.83万,2016.43万
1967,600883,博闻科技,7.85,0.77%,0.50%,488.60万,425.01万,63.59万,926.02万
1968,2690,美亚光电,18.27,0.77%,0.32%,1044.90万,1435.90万,-391.00万,2545.84万
1969,2681,奋达科技,5.22,0.77%,0.51%,2484.71万,1608.76万,875.96万,4146.00万
1970,2605,姚记科技,21.05,0.77%,0.60%,2761.00万,1479.13万,1281.87万,4254.87万
1971,2116,中国海诚,10.47,0.77%,0.47%,1145.69万,1059.75万,85.95万,2233.69万
1972,49,德赛电池,27.38,0.77%,1.10%,6633.35万,4821.84万,1811.50万,1.16亿
1973,688148,芳源股份,9.25,0.76%,2.09%,5396.65万,4461.19万,935.47万,9885.50万
1974,2983,芯瑞达,23.95,0.76%,0.74%,1146.73万,1083.79万,62.94万,2260.71万
1975,301278,快可电子,38.28,0.76%,1.56%,1667.04万,1350.69万,316.35万,3054.85万
1976,300801,泰和科技,26.58,0.76%,1.33%,2645.43万,2136.92万,508.51万,4826.70万
1977,880,潍柴重机,27.93,0.76%,1.93%,6501.78万,5511.82万,989.96万,1.22亿
1978,688130,晶华微,21.11,0.76%,0.61%,465.64万,308.01万,157.64万,785.31万
1979,688378,奥来德,37.18,0.76%,0.67%,3589.43万,2360.19万,1229.24万,5990.05万
1980,688217,睿昂基因,28.02,0.76%,0.42%,314.34万,331.53万,-17.19万,655.39万
1981,603908,牧高笛,22.44,0.76%,0.36%,395.28万,353.88万,41.41万,756.78万
1982,603607,京华激光,22.51,0.76%,0.46%,958.77万,840.91万,117.86万,1827.13万
1983,300566,激智科技,18.49,0.76%,0.75%,1642.83万,1449.51万,193.32万,3137.13万
1984,300448,浩云科技,6.59,0.76%,1.06%,2534.33万,1922.85万,611.48万,4479.25万
1985,300382,斯莱克,11.97,0.76%,0.37%,1489.83万,1337.73万,152.10万,2850.87万
1986,300271,华宇软件,6.67,0.76%,0.46%,1422.79万,1004.90万,417.88万,2480.71万
1987,300059,东方财富,20.0,0.76%,0.72%,10.57亿,8.22亿,2.35亿,19.25亿
1988,300049,福瑞医科,55.94,0.76%,0.81%,5141.85万,4469.54万,672.30万,1.05亿
1989,2233,塔牌集团,9.27,0.76%,0.21%,1400.51万,861.50万,539.01万,2291.95万
1990,935,四川双马,26.69,0.76%,0.18%,1580.76万,2001.90万,-421.14万,3601.08万
1991,736,*ST中地,5.27,0.76%,0.37%,823.97万,614.45万,209.52万,1439.64万
1992,524,岭南控股,10.68,0.75%,0.90%,3843.18万,2354.01万,1489.17万,6383.88万
1993,1313,粤海饲料,8.04,0.75%,0.73%,2333.61万,1740.13万,593.49万,4114.33万
1994,635,英力特,8.11,0.75%,0.48%,887.37万,517.03万,370.34万,1416.31万
1995,301551,无线传媒,29.75,0.75%,0.72%,1661.25万,1529.26万,131.99万,3310.30万
1996,301023,奕帆传动,40.49,0.75%,1.08%,955.58万,935.82万,19.77万,1906.77万
1997,300281,金明精机,6.76,0.75%,0.58%,827.88万,729.77万,98.11万,1559.40万
1998,300111,向日葵,4.03,0.75%,1.08%,2888.11万,2578.42万,309.69万,5550.82万
1999,600526,菲达环保,5.38,0.75%,0.27%,709.20万,547.46万,161.73万,1266.02万
2000,603890,春秋电子,18.85,0.75%,13.98%,5.67亿,6.00亿,-3348.21万,11.73亿
2001,2697,红旗连锁,5.39,0.75%,0.48%,1536.72万,1396.54万,140.18万,2957.53万
2002,2576,通达动力,18.88,0.75%,0.89%,1351.77万,1308.81万,42.96万,2719.93万
2003,2011,盾安环境,12.14,0.75%,0.36%,2339.16万,2203.45万,135.72万,4587.02万
2004,603,盛达资源,40.44,0.75%,1.02%,1.46亿,1.29亿,1664.37万,2.76亿
2005,488,ST晨鸣,2.71,0.74%,0.29%,742.72万,515.10万,227.62万,1316.60万
2006,978,桂林旅游,8.19,0.74%,8.03%,1.63亿,1.39亿,2346.92万,3.08亿
2007,300024,机器人,14.96,0.74%,0.47%,6125.33万,4433.15万,1692.18万,1.07亿
2008,688729,屹唐股份,23.11,0.74%,0.93%,2003.49万,2512.16万,-508.66万,4619.02万
2009,1298,好上好,30.03,0.74%,1.16%,2999.49万,2687.34万,312.15万,5716.55万
2010,2843,泰嘉股份,24.64,0.74%,5.56%,1.79亿,1.58亿,2138.52万,3.46亿
2011,301027,华蓝集团,23.13,0.74%,1.90%,2607.12万,2560.47万,46.65万,5208.56万
2012,605086,龙高股份,33.88,0.74%,0.24%,865.46万,592.39万,273.07万,1480.93万
2013,603528,多伦科技,8.18,0.74%,0.31%,955.06万,807.40万,147.66万,1797.74万
2014,601577,长沙银行,9.54,0.74%,0.16%,3800.74万,2405.59万,1395.15万,6317.27万
2015,600470,六国化工,6.78,0.74%,1.84%,3428.32万,3005.49万,422.82万,6484.86万
2016,300160,秀强股份,5.44,0.74%,0.37%,876.52万,637.92万,238.59万,1548.29万
2017,300074,华平股份,4.09,0.74%,0.77%,807.07万,887.72万,-80.66万,1707.19万
2018,2523,天桥起重,4.06,0.74%,0.48%,1515.91万,1167.07万,348.85万,2721.96万
2019,2459,晶澳科技,10.94,0.74%,0.46%,7758.64万,8688.91万,-930.27万,1.66亿
2020,2301,齐心集团,6.82,0.74%,0.40%,1001.29万,890.60万,110.69万,1963.81万
2021,301563,云汉芯城,161.16,0.73%,4.82%,6022.76万,5345.39万,677.37万,1.14亿
2022,688051,佳华科技,31.68,0.73%,0.30%,374.81万,335.82万,39.00万,726.21万
2023,2264,新华都,8.31,0.73%,0.79%,2488.81万,1678.60万,810.21万,4289.45万
2024,301082,久盛电气,17.85,0.73%,1.00%,1930.15万,1759.17万,170.97万,3765.79万
2025,2064,华峰化学,11.02,0.73%,0.42%,1.20亿,1.06亿,1351.88万,2.28亿
2026,688091,上海谊众,57.64,0.73%,1.25%,7287.26万,7554.82万,-267.56万,1.49亿
2027,301052,果麦文化,33.15,0.73%,1.28%,2040.29万,1316.02万,724.27万,3400.76万
2028,688160,步科股份,108.38,0.73%,1.46%,6823.12万,7743.08万,-919.96万,1.46亿
2029,603324,盛剑科技,26.11,0.73%,0.50%,1019.25万,872.31万,146.94万,1919.98万
2030,600936,北投科技,4.13,0.73%,0.40%,1407.41万,1299.22万,108.19万,2784.61万
2031,300475,香农芯创,155.07,0.73%,4.14%,14.51亿,13.53亿,9768.80万,28.33亿
2032,300459,汤姆猫,4.14,0.73%,0.76%,5472.09万,4862.91万,609.18万,1.04亿
2033,2845,同兴达,13.88,0.73%,0.71%,1248.97万,1175.96万,73.01万,2471.60万
2034,2540,亚太科技,6.86,0.73%,0.35%,1192.59万,890.21万,302.38万,2097.42万
2035,2461,珠江啤酒,9.66,0.73%,0.22%,2540.06万,2144.91万,395.15万,4705.53万
2036,301429,森泰股份,19.43,0.73%,1.09%,475.98万,435.60万,40.38万,929.26万
2037,2057,中钢天源,9.63,0.73%,0.44%,1674.52万,1471.80万,202.72万,3175.47万
2038,905,厦门港务,11.0,0.73%,0.92%,3983.89万,3450.48万,533.42万,7452.86万
2039,301617,博苑股份,57.23,0.72%,1.26%,2012.57万,1726.42万,286.14万,3833.34万
2040,1283,豪鹏科技,69.76,0.72%,3.06%,8129.05万,8869.65万,-740.61万,1.71亿
2041,526,学大教育,32.1,0.72%,0.61%,1397.36万,926.55万,470.81万,2331.94万
2042,301073,君亭酒店,28.06,0.72%,1.87%,4351.52万,4773.66万,-422.15万,9280.60万
2043,300822,贝仕达克,14.05,0.72%,0.16%,331.14万,292.57万,38.57万,628.21万
2044,600661,昂立教育,9.83,0.72%,0.47%,690.07万,617.31万,72.76万,1312.59万
2045,688101,三达膜,16.69,0.72%,0.14%,399.00万,358.92万,40.08万,758.87万
2046,600725,云维股份,4.17,0.72%,0.68%,1681.64万,1766.55万,-84.91万,3455.91万
2047,603819,神力股份,13.98,0.72%,1.43%,2723.26万,1532.77万,1190.50万,4305.13万
2048,600819,耀皮玻璃,7.03,0.72%,0.29%,688.64万,788.50万,-99.86万,1511.95万
2049,600637,东方明珠,9.73,0.72%,0.30%,5132.44万,4686.81万,445.63万,9971.40万
2050,600345,长江通信,50.02,0.72%,4.84%,2.35亿,2.68亿,-3348.06万,5.05亿
2051,600345,长江通信,50.02,0.72%,4.84%,2.35亿,2.68亿,-3348.06万,5.05亿
2052,600198,大唐电信,8.34,0.72%,0.28%,1566.96万,1416.34万,150.62万,2999.41万
2053,300692,中赋科技,8.45,0.72%,0.79%,1823.64万,1466.72万,356.92万,3323.85万
2054,300576,容大感光,35.0,0.72%,0.70%,2836.39万,2650.85万,185.54万,5666.82万
2055,300232,洲明科技,6.96,0.72%,1.06%,3303.66万,2976.71万,326.96万,6530.67万
2056,2714,牧原股份,46.38,0.72%,0.46%,4.08亿,3.88亿,1996.43万,8.08亿
2057,2363,隆基机械,8.43,0.72%,1.19%,1934.54万,2214.20万,-279.66万,4158.68万
2058,300910,瑞丰新材,48.76,0.72%,0.69%,3297.14万,3483.18万,-186.04万,6888.15万
2059,1269,欧晶科技,22.59,0.71%,0.65%,1291.34万,1517.00万,-225.66万,2835.43万
2060,301459,丰茂股份,38.55,0.71%,1.04%,570.94万,470.39万,100.55万,1045.19万
2061,301229,纽泰格,18.49,0.71%,0.51%,752.78万,447.65万,305.13万,1204.88万
2062,300287,飞利信,4.26,0.71%,0.49%,1635.34万,1084.59万,550.75万,2732.99万
2063,2993,奥海科技,52.45,0.71%,1.00%,6566.21万,5323.12万,1243.09万,1.24亿
2064,600858,银座股份,5.66,0.71%,0.35%,467.26万,536.83万,-69.57万,1006.18万
2065,300428,立中集团,21.4,0.71%,0.48%,3378.33万,2705.42万,672.90万,6163.38万
2066,603956,威派格,5.68,0.71%,0.40%,669.41万,599.32万,70.10万,1278.50万
2067,603379,三美股份,62.13,0.71%,0.28%,5220.68万,5384.18万,-163.50万,1.07亿
2068,603283,赛腾股份,49.64,0.71%,1.72%,1.14亿,1.17亿,-344.45万,2.32亿
2069,603089,正裕工业,12.72,0.71%,0.18%,273.82万,280.12万,-6.31万,562.84万
2070,600984,建设机械,4.24,0.71%,0.74%,2101.44万,1848.73万,252.71万,3958.23万
2071,600977,中国电影,14.14,0.71%,0.90%,1.06亿,1.31亿,-2479.17万,2.38亿
2072,600369,西南证券,4.28,0.71%,0.15%,2365.15万,1819.12万,546.03万,4206.68万
2073,600352,浙江龙盛,12.85,0.71%,0.40%,7832.20万,8994.71万,-1162.51万,1.69亿
2074,600158,中体产业,11.34,0.71%,2.93%,1.82亿,1.28亿,5353.93万,3.19亿
2075,300789,唐源电气,21.33,0.71%,0.50%,570.22万,461.26万,108.96万,1044.92万
2076,300645,正元智慧,17.05,0.71%,0.66%,711.48万,811.82万,-100.35万,1560.82万
2077,2672,东江环保,4.27,0.71%,0.35%,783.70万,536.02万,247.68万,1349.09万
2078,2516,旷达科技,5.7,0.71%,0.22%,687.19万,906.28万,-219.09万,1834.88万
2079,2225,濮耐股份,5.65,0.71%,0.58%,1277.91万,1904.71万,-626.80万,3197.75万
2080,2168,*ST惠程,4.23,0.71%,0.47%,755.67万,797.83万,-42.16万,1577.57万
2081,2012,凯恩股份,7.13,0.71%,1.37%,2254.84万,2220.95万,33.90万,4566.43万
2082,3003,天元股份,13.01,0.70%,1.05%,879.66万,691.22万,188.43万,1600.70万
2083,300614,百川畅银,13.02,0.70%,0.74%,674.16万,833.54万,-159.39万,1532.58万
2084,605336,帅丰电器,14.33,0.70%,0.76%,1019.56万,927.00万,92.56万,1972.64万
2085,688789,宏华数科,70.68,0.70%,0.19%,1156.72万,1233.56万,-76.84万,2402.71万
2086,301020,密封科技,21.51,0.70%,0.23%,397.88万,312.99万,84.90万,719.48万
2087,603341,龙旗科技,39.02,0.70%,1.16%,6140.85万,5787.44万,353.41万,1.20亿
2088,688007,光峰科技,14.45,0.70%,0.31%,1012.33万,1039.90万,-27.57万,2066.47万
2089,603722,阿科力,35.82,0.70%,0.46%,921.21万,655.58万,265.63万,1595.76万
2090,603613,国联股份,27.36,0.70%,0.78%,8027.50万,7178.55万,848.95万,1.53亿
2091,603538,美诺华,55.89,0.70%,18.25%,11.53亿,9.89亿,1.63亿,21.84亿
2092,603208,江山欧派,13.02,0.70%,0.35%,323.62万,446.25万,-122.63万,794.98万
2093,603011,合锻智能,21.47,0.70%,1.36%,7352.47万,6832.89万,519.58万,1.44亿
2094,600885,宏发股份,27.52,0.70%,0.42%,9022.12万,8504.26万,517.86万,1.78亿
2095,600801,华新建材,22.96,0.70%,0.27%,4598.47万,3710.45万,888.02万,8398.33万
2096,300568,星源材质,15.75,0.70%,2.89%,2.90亿,2.63亿,2643.03万,5.57亿
2097,300253,卫宁健康,8.62,0.70%,1.10%,8544.13万,8281.93万,262.20万,1.72亿
2098,300173,ST福能,4.31,0.70%,0.40%,744.75万,503.03万,241.73万,1259.81万
2099,2902,铭普光磁,30.01,0.70%,14.57%,3.56亿,4.05亿,-4900.15万,7.71亿
2100,2277,友阿股份,5.73,0.70%,0.45%,1948.94万,1617.63万,331.31万,3612.06万
2101,300674,宇信科技,20.4,0.69%,0.55%,4140.11万,3571.59万,568.53万,7864.85万
2102,300100,双林股份,30.73,0.69%,0.52%,3777.19万,4822.54万,-1045.35万,8826.62万
2103,2749,国光股份,13.21,0.69%,0.16%,646.46万,314.10万,332.35万,980.37万
2104,2506,协鑫集成,4.4,0.69%,3.98%,5.39亿,4.67亿,7201.80万,10.14亿
2105,2161,远望谷,7.29,0.69%,0.84%,2000.10万,2229.71万,-229.61万,4297.86万
2106,899,赣能股份,13.1,0.69%,0.86%,5151.61万,5729.04万,-577.43万,1.10亿
2107,831,中国稀土,50.99,0.69%,0.71%,2.15亿,1.66亿,4944.33万,3.86亿
2108,301505,苏州规划,22.13,0.68%,0.83%,730.88万,656.09万,74.79万,1429.87万
2109,301210,金杨精密,39.97,0.68%,8.96%,6762.58万,8673.63万,-1911.05万,1.56亿
2110,301092,争光股份,34.07,0.68%,0.60%,543.00万,688.15万,-145.15万,1246.13万
2111,301131,聚赛龙,41.66,0.68%,0.66%,548.05万,511.70万,36.36万,1073.91万
2112,688126,沪硅产业,17.88,0.68%,0.34%,8129.27万,8529.60万,-400.33万,1.67亿
2113,688708,佳驰科技,53.17,0.68%,0.18%,622.56万,684.86万,-62.30万,1325.88万
2114,688266,泽璟制药,100.99,0.68%,0.42%,5839.84万,5087.32万,752.51万,1.10亿
2115,601929,吉视传媒,2.97,0.68%,0.69%,4511.30万,2445.17万,2066.12万,7091.20万
2116,600221,海航控股,1.47,0.68%,0.15%,3485.83万,5695.16万,-2209.33万,9488.30万
2117,300675,建科院,14.88,0.68%,0.36%,428.02万,355.69万,72.33万,791.89万
2118,300120,经纬辉开,7.37,0.68%,0.60%,1298.26万,986.93万,311.33万,2310.33万
2119,2694,顾地科技,2.94,0.68%,0.36%,372.53万,379.41万,-6.89万,767.41万
2120,2515,金字火腿,5.94,0.68%,2.10%,8467.45万,6557.46万,1909.99万,1.51亿
2121,300564,筑博设计,14.74,0.68%,0.53%,450.03万,406.33万,43.70万,876.39万
2122,603173,福斯达,41.84,0.67%,0.28%,1023.39万,821.99万,201.40万,1850.82万
2123,2122,ST汇洲,3.0,0.67%,0.46%,1458.63万,1254.02万,204.61万,2730.26万
2124,2095,生意宝,16.65,0.67%,0.34%,891.59万,486.42万,405.17万,1398.18万
2125,2021,中捷资源,3.02,0.67%,1.21%,2614.03万,1694.43万,919.60万,4333.49万
2126,688153,唯捷创芯,34.6,0.67%,0.35%,2178.08万,2804.50万,-626.42万,5008.39万
2127,301023,奕帆传动,40.46,0.67%,1.13%,990.43万,980.35万,10.08万,1984.54万
2128,688302,海创药业,46.78,0.67%,0.86%,2237.55万,1607.41万,630.13万,3957.37万
2129,301133,金钟股份,43.79,0.67%,0.83%,2354.98万,1614.19万,740.79万,4015.13万
2130,688218,江苏北人,23.95,0.67%,0.70%,1031.57万,799.15万,232.41万,1917.16万
2131,2527,新时达,13.43,0.67%,0.52%,1683.01万,1950.90万,-267.89万,3683.12万
2132,300884,狄耐克,13.53,0.67%,0.67%,766.86万,947.93万,-181.07万,1741.32万
2133,605008,长鸿高科,12.08,0.67%,0.07%,347.43万,201.80万,145.64万,555.74万
2134,603390,通达电气,11.95,0.67%,0.41%,1041.61万,634.82万,406.79万,1707.12万
2135,603181,皇马科技,15.09,0.67%,0.19%,1066.41万,599.89万,466.52万,1699.59万
2136,761,本钢板材,3.02,0.67%,0.13%,782.42万,682.34万,100.08万,1475.42万
2137,600048,保利发展,5.98,0.67%,0.30%,1.23亿,8860.04万,3401.04万,2.13亿
2138,300763,锦浪科技,92.85,0.67%,2.59%,4.00亿,3.68亿,3208.19万,7.75亿
2139,300579,数字认证,26.86,0.67%,0.40%,1558.12万,1123.00万,435.13万,2756.87万
2140,688056,莱伯泰科,35.22,0.66%,0.35%,411.82万,399.94万,11.88万,824.48万
2141,301418,协昌科技,39.44,0.66%,1.05%,574.75万,636.16万,-61.41万,1227.87万
2142,688069,德林海,34.94,0.66%,0.65%,1277.81万,1258.50万,19.31万,2542.98万
2143,301077,星华新材,27.28,0.66%,0.70%,900.70万,896.32万,4.38万,1814.48万
2144,2987,京北方,16.69,0.66%,0.29%,2317.05万,1753.29万,563.76万,4142.29万
2145,603015,弘讯科技,12.27,0.66%,0.28%,775.54万,606.18万,169.36万,1386.38万
2146,600596,新安股份,12.15,0.66%,0.80%,6677.23万,6234.97万,442.26万,1.32亿
2147,300458,全志科技,37.91,0.66%,1.26%,1.54亿,1.57亿,-364.29万,3.15亿
2148,2571,德力股份,12.18,0.66%,0.65%,1096.24万,1194.55万,-98.30万,2349.62万
2149,829,天音控股,10.73,0.66%,1.14%,6396.93万,6071.29万,325.64万,1.25亿
2150,1259,利仁科技,30.97,0.65%,0.37%,260.28万,271.74万,-11.46万,542.55万
2151,300579,数字认证,26.86,0.67%,0.40%,1558.12万,1123.00万,435.13万,2756.87万
2152,688056,莱伯泰科,35.22,0.66%,0.35%,411.82万,399.94万,11.88万,824.48万
2153,301418,协昌科技,39.44,0.66%,1.05%,574.75万,636.16万,-61.41万,1227.87万
2154,688069,德林海,34.94,0.66%,0.65%,1277.81万,1258.50万,19.31万,2542.98万
2155,301077,星华新材,27.28,0.66%,0.70%,900.70万,896.32万,4.38万,1814.48万
2156,2987,京北方,16.69,0.66%,0.29%,2317.05万,1753.29万,563.76万,4142.29万
2157,600610,中毅达,9.18,0.66%,0.68%,2309.21万,2062.27万,246.94万,4391.75万
2158,603015,弘讯科技,12.27,0.66%,0.28%,775.54万,606.18万,169.36万,1386.38万
2159,600872,中炬高新,19.7,0.66%,0.37%,3005.35万,2529.37万,475.98万,5635.17万
2160,600309,万华化学,89.67,0.66%,0.44%,6.51亿,5.91亿,6096.51万,12.50亿
2161,300458,全志科技,37.91,0.66%,1.26%,1.54亿,1.57亿,-364.29万,3.15亿
2162,2571,德力股份,12.18,0.66%,0.65%,1096.24万,1194.55万,-98.30万,2349.62万
2163,829,天音控股,10.73,0.66%,1.14%,6396.93万,6071.29万,325.64万,1.25亿
2164,1259,利仁科技,30.97,0.65%,0.37%,260.28万,271.74万,-11.46万,542.55万
2165,688475,萤石网络,29.45,0.65%,0.44%,5303.14万,4769.77万,533.38万,1.02亿
2166,301503,智迪科技,35.75,0.65%,0.50%,263.46万,316.21万,-52.74万,582.53万
2167,688551,科威尔,46.14,0.65%,1.54%,3183.61万,2707.63万,475.98万,5923.84万
2168,688050,爱博医疗,51.41,0.65%,0.26%,1292.32万,1286.52万,5.80万,2599.51万
2169,301059,金三江,13.94,0.65%,0.37%,578.48万,461.61万,116.87万,1054.44万
2170,688219,会通股份,10.88,0.65%,0.29%,696.06万,1018.54万,-322.48万,1717.41万
2171,300966,共同药业,21.81,0.65%,1.26%,1033.77万,1032.02万,1.75万,2089.57万
2172,603580,*ST艾艾,18.56,0.65%,0.73%,973.11万,781.73万,191.38万,1769.18万
2173,600684,珠江股份,4.62,0.65%,0.65%,1196.91万,1310.24万,-113.33万,2545.31万
2174,603167,渤海轮渡,9.27,0.65%,0.39%,1157.85万,517.61万,640.24万,1696.43万
2175,605155,西大门,15.48,0.65%,0.57%,1183.40万,445.27万,738.14万,1635.47万
2176,601226,华电科工,9.35,0.65%,0.88%,5019.34万,4477.27万,542.08万,9548.21万
2177,600378,昊华科技,32.42,0.65%,0.42%,8116.73万,6336.36万,1780.37万,1.45亿
2178,600326,西藏天路,9.25,0.65%,0.38%,1905.54万,2569.56万,-664.02万,4728.15万
2179,300398,飞凯材料,27.84,0.65%,2.17%,1.46亿,1.90亿,-4340.68万,3.41亿
2180,300306,远方信息,12.38,0.65%,0.51%,498.87万,484.77万,14.10万,985.74万
2181,2668,TCL智家,9.25,0.65%,0.33%,2013.68万,1251.45万,762.22万,3282.16万
2182,2203,海亮股份,15.53,0.65%,0.43%,7426.64万,7158.69万,267.95万,1.46亿
2183,688533,上声电子,26.85,0.64%,0.26%,658.80万,489.40万,169.40万,1164.63万
2184,1236,弘业期货,9.38,0.64%,0.33%,1342.24万,906.42万,435.82万,2348.87万
2185,301153,中科江南,25.06,0.64%,0.77%,3770.57万,2633.27万,1137.30万,6429.17万
2186,2206,海利得,6.33,0.64%,0.63%,1439.29万,1896.41万,-457.12万,3415.72万
2187,688032,禾迈股份,113.82,0.64%,0.48%,3451.38万,3294.96万,156.42万,6767.45万
2188,688206,概伦电子,33.0,0.64%,0.45%,3378.37万,3035.08万,343.29万,6460.04万
2189,605007,五洲特纸,14.09,0.64%,0.37%,1230.12万,827.50万,402.62万,2078.06万
2190,605337,李子园,11.01,0.64%,0.35%,775.22万,692.79万,82.43万,1519.39万
2191,688625,呈和科技,68.67,0.64%,0.93%,7277.76万,4790.61万,2487.15万,1.21亿
2192,688579,地纬智能,11.0,0.64%,0.38%,897.94万,736.61万,161.33万,1643.98万
2193,300275,梅安森,11.07,0.64%,0.40%,651.43万,509.01万,142.42万,1181.60万
2194,688188,柏楚电子,144.09,0.64%,0.15%,2852.54万,3301.70万,-449.16万,6194.83万
2195,601865,福莱特,14.13,0.64%,0.28%,4322.43万,3016.75万,1305.67万,7568.13万
2196,600579,中化装备,7.91,0.64%,0.28%,524.68万,531.07万,-6.39万,1087.54万
2197,600501,航天晨光,23.49,0.64%,0.94%,4137.73万,5261.02万,-1123.29万,9472.73万
2198,300549,优德精密,17.22,0.64%,0.58%,561.89万,425.31万,136.58万,1006.15万
2199,300134,大富科技,10.95,0.64%,1.52%,5601.64万,6008.05万,-406.40万,1.18亿
2200,2091,江苏国泰,9.39,0.64%,0.90%,7389.37万,6063.30万,1326.07万,1.35亿
2201,603299,苏盐井神,11.14,0.63%,0.38%,1857.69万,1389.92万,467.76万,3271.36万
2202,601966,玲珑轮胎,14.3,0.63%,0.42%,4690.90万,4203.57万,487.32万,8928.07万
2203,601208,东材科技,33.29,0.63%,1.64%,2.63亿,2.79亿,-1557.49万,5.47亿
2204,300706,阿石创,36.75,0.63%,1.97%,3840.41万,4284.22万,-443.81万,8233.13万
2205,300580,贝斯特,27.01,0.63%,1.45%,8123.56万,1.02亿,-2078.58万,1.85亿
2206,300388,节能国祯,7.94,0.63%,0.21%,557.65万,547.59万,10.06万,1117.45万
2207,300317,珈伟新能,4.82,0.63%,2.56%,5129.89万,4876.25万,253.64万,1.02亿
2208,2374,中锐股份,3.18,0.63%,0.70%,1238.22万,1142.23万,95.99万,2428.44万
2209,2216,三全食品,12.83,0.63%,0.47%,2171.22万,1589.03万,582.19万,3785.14万
2210,2053,云南能投,11.22,0.63%,0.29%,1422.98万,1428.47万,-5.50万,2950.27万
2211,2019,亿帆医药,12.78,0.63%,1.20%,6299.80万,5899.58万,400.22万,1.28亿
2212,301596,瑞迪智驱,69.44,0.62%,0.97%,1079.47万,1028.62万,50.85万,2139.34万
2213,605566,福莱蒽特,30.83,0.62%,0.36%,801.93万,677.31万,124.62万,1481.71万
2214,301365,矩阵股份,30.79,0.62%,1.50%,2336.73万,2247.79万,88.94万,4623.95万
2215,605259,绿田机械,21.13,0.62%,0.40%,684.71万,732.41万,-47.70万,1454.94万
2216,688319,欧林生物,29.12,0.62%,0.87%,5533.23万,4602.02万,931.21万,1.03亿
2217,301037,保立佳,14.52,0.62%,0.92%,404.72万,484.68万,-79.97万,904.08万
2218,605180,华生科技,14.63,0.62%,0.26%,381.11万,245.65万,135.46万,630.13万
2219,688072,拓荆科技,404.48,0.62%,0.55%,3.17亿,3.00亿,1771.49万,6.20亿
2220,300886,华业香料,27.6,0.62%,1.38%,840.01万,803.04万,36.97万,1653.00万
2221,2857,三晖电气,21.16,0.62%,0.74%,1193.85万,784.65万,409.20万,1986.76万
2222,603505,金石资源,17.72,0.62%,0.46%,4063.99万,2747.28万,1316.71万,6850.42万
2223,603225,新凤鸣,17.83,0.62%,0.39%,6179.70万,5374.95万,804.75万,1.17亿
2224,601198,东兴证券,12.95,0.62%,0.21%,4036.34万,4585.32万,-548.98万,8700.37万
2225,688432,有研硅,14.54,0.62%,0.29%,2666.59万,2597.01万,69.58万,5289.66万
2226,300607,拓斯达,25.98,0.62%,0.83%,3683.32万,3471.00万,212.32万,7293.59万
2227,300425,中建环能,4.87,0.62%,0.45%,835.73万,630.07万,205.66万,1484.96万
2228,300321,同大股份,34.21,0.62%,0.68%,1155.89万,889.48万,266.41万,2049.13万
2229,2587,奥拓电子,6.49,0.62%,1.14%,2012.77万,1832.15万,180.62万,3923.70万
2230,2555,三七互娱,22.76,0.62%,1.00%,1.74亿,1.87亿,-1292.19万,3.68亿
2231,833,粤桂股份,24.23,0.62%,2.86%,1.62亿,1.50亿,1240.54万,3.13亿
2232,301633,港迪技术,62.68,0.61%,0.50%,433.61万,352.80万,80.80万,788.29万
2233,688187,时代电气,51.49,0.61%,0.26%,6151.31万,5305.11万,846.19万,1.15亿
2234,605058,澳弘电子,36.08,0.61%,1.74%,4714.26万,4171.64万,542.61万,8964.02万
2235,603486,科沃斯,62.99,0.61%,0.43%,7681.58万,7918.80万,-237.22万,1.57亿
2236,601188,龙江交通,3.29,0.61%,0.40%,807.59万,896.15万,-88.56万,1705.15万
2237,600834,申通地铁,8.3,0.61%,0.16%,285.11万,350.88万,-65.77万,644.53万
2238,600241,时代万恒,9.91,0.61%,1.49%,2284.15万,2032.41万,251.74万,4328.26万
2239,300147,ST香雪,9.9,0.61%,0.92%,3202.55万,2780.75万,421.80万,6007.26万
2240,2717,ST岭南,1.66,0.61%,1.29%,2113.98万,1335.41万,778.57万,3461.37万
2241,2331,皖通科技,8.27,0.61%,0.43%,718.01万,650.76万,67.25万,1403.57万
2242,2269,美邦服饰,1.65,0.61%,0.53%,1153.83万,1005.22万,148.61万,2185.59万
2243,2026,山东威达,13.28,0.61%,0.34%,1008.51万,992.15万,16.36万,2023.50万
2244,882,华联股份,1.65,0.61%,0.74%,1660.88万,1649.92万,10.95万,3325.36万
2245,68,华控赛格,3.28,0.61%,0.25%,418.78万,377.19万,41.59万,813.84万
2246,301326,捷邦科技,160.14,0.60%,0.90%,5095.32万,4920.17万,175.15万,1.04亿
2247,300795,米奥会展,11.73,0.60%,0.71%,803.58万,631.10万,172.48万,1438.90万
2248,301029,怡合达,26.75,0.60%,0.66%,4394.42万,3646.09万,748.32万,8170.59万
2249,688071,华依科技,31.81,0.60%,0.51%,717.91万,617.35万,100.56万,1361.74万
2250,688577,浙海德曼,66.87,0.60%,0.23%,781.09万,848.66万,-67.56万,1684.43万
2251,603100,川仪股份,20.05,0.60%,0.26%,1472.51万,1123.08万,349.42万,2695.56万
2252,688116,天奈科技,40.57,0.60%,0.96%,7144.47万,7082.97万,61.50万,1.43亿
2253,688393,安必平,23.65,0.60%,0.60%,602.08万,716.45万,-114.38万,1320.26万
2254,300807,天迈科技,53.92,0.60%,1.72%,2522.34万,2151.44万,370.90万,4815.29万
2255,603866,桃李面包,5.02,0.60%,0.24%,1392.95万,553.62万,839.34万,1976.09万
2256,603160,汇顶科技,68.84,0.60%,0.37%,5969.63万,5707.88万,261.76万,1.19亿
2257,600838,上海九百,10.04,0.60%,0.50%,955.81万,972.42万,-16.61万,1990.12万
2258,600198,大唐电信,8.33,0.60%,0.32%,1871.10万,1605.48万,265.62万,3516.44万
2259,300746,汉嘉数智,13.48,0.60%,0.52%,950.55万,604.77万,345.78万,1565.17万
2260,300637,扬帆新材,11.76,0.60%,0.92%,1363.33万,1104.16万,259.17万,2535.73万
2261,300615,欣天科技,13.5,0.60%,2.22%,1956.34万,2482.23万,-525.89万,4483.20万
2262,300354,东华测试,36.87,0.60%,1.02%,1354.86万,1554.50万,-199.63万,3046.57万
2263,300211,*ST亿通,8.38,0.60%,0.30%,458.19万,282.24万,175.95万,761.06万
2264,300132,青松股份,8.43,0.60%,0.99%,2803.95万,1402.62万,1401.32万,4233.83万
2265,2707,众信旅游,6.68,0.60%,1.28%,4044.94万,2971.55万,1073.39万,7063.31万
2266,2658,雪迪龙,8.45,0.60%,0.84%,1236.66万,1264.66万,-28.00万,2546.15万
2267,2088,鲁阳节能,10.08,0.60%,0.16%,448.39万,334.21万,114.18万,801.25万
2268,733,振华科技,47.04,0.60%,0.69%,9614.38万,8161.84万,1452.54万,1.78亿
2269,672,上峰水泥,13.32,0.60%,0.31%,2328.38万,1607.85万,720.52万,3965.68万
2270,629,钒钛股份,3.38,0.60%,0.45%,8324.09万,5699.55万,2624.54万,1.40亿
2271,605,渤海股份,6.7,0.60%,0.49%,469.84万,675.96万,-206.12万,1147.01万
2272,3021,兆威机电,100.5,0.59%,0.71%,7604.97万,7089.73万,515.23万,1.48亿
2273,688609,九联科技,8.5,0.59%,0.48%,964.41万,1015.67万,-51.27万,2033.93万
2274,2975,博杰股份,87.43,0.59%,3.21%,1.27亿,1.66亿,-3898.88万,2.97亿
2275,300640,德艺文创,6.87,0.59%,1.01%,837.69万,693.36万,144.32万,1570.67万
2276,688166,博瑞医药,58.0,0.59%,3.96%,4.74亿,4.95亿,-2080.99万,9.70亿
2277,688123,聚辰股份,123.89,0.59%,3.42%,3.09亿,3.49亿,-4020.75万,6.62亿
2278,688608,恒玄科技,169.07,0.59%,1.02%,1.29亿,1.58亿,-2945.49万,2.90亿
2279,688020,方邦股份,91.44,0.59%,0.92%,2978.80万,3900.93万,-922.13万,6886.13万
2280,603638,艾迪精密,20.35,0.59%,0.28%,2639.99万,2132.06万,507.94万,4802.34万
2281,600643,爱建集团,5.15,0.59%,0.90%,3626.84万,3652.89万,-26.05万,7357.29万
2282,600143,金发科技,17.0,0.59%,0.56%,1.27亿,1.23亿,369.79万,2.53亿
2283,300768,迪普科技,17.05,0.59%,0.82%,3044.93万,2712.29万,332.63万,5922.09万
2284,300732,设研院,6.78,0.59%,0.68%,836.69万,860.02万,-23.33万,1707.07万
2285,300577,开润股份,18.87,0.59%,0.23%,324.60万,274.93万,49.67万,625.93万
2286,300384,三联虹普,15.24,0.59%,0.40%,764.36万,542.32万,222.04万,1328.16万
2287,300077,国民技术,22.06,0.59%,1.86%,1.05亿,1.13亿,-821.63万,2.33亿
2288,2398,垒知集团,5.11,0.59%,0.54%,932.45万,657.73万,274.72万,1685.84万
2289,2316,亚联发展,5.14,0.59%,1.80%,1672.66万,1392.73万,279.92万,3138.19万
2290,89,深圳机场,6.85,0.59%,0.12%,1246.82万,490.57万,756.25万,1745.12万
2291,17,深中华A,6.82,0.59%,0.42%,538.00万,703.12万,-165.12万,1254.01万
2292,301371,敷尔佳,24.09,0.58%,0.77%,822.39万,591.91万,230.47万,1443.46万
2293,301548,崇德科技,71.01,0.58%,1.79%,1500.33万,1768.77万,-268.44万,3335.30万
2294,301185,鸥玛软件,19.02,0.58%,0.62%,1027.00万,624.55万,402.45万,1658.02万
2295,688249,晶合集成,29.7,0.58%,0.60%,1.04亿,1.06亿,-193.94万,2.12亿
2296,301363,美好医疗,26.2,0.58%,0.66%,3283.95万,2994.07万,289.87万,6398.29万
2297,2215,诺普信,10.36,0.58%,0.36%,1616.09万,1362.59万,253.50万,3000.40万
2298,600828,茂业商业,5.19,0.58%,0.24%,1219.95万,923.80万,296.14万,2167.15万
2299,2999,天禾股份,6.91,0.58%,0.83%,1032.80万,915.60万,117.20万,1968.96万
2300,603901,永创智能,12.18,0.58%,1.25%,3385.83万,3672.83万,-286.99万,7427.17万
2301,300768,迪普科技,17.05,0.59%,0.82%,3044.93万,2712.29万,332.63万,5922.09万
2302,300732,设研院,6.78,0.59%,0.68%,836.69万,860.02万,-23.33万,1707.07万
2303,300577,开润股份,18.87,0.59%,0.23%,324.60万,274.93万,49.67万,625.93万
2304,300384,三联虹普,15.24,0.59%,0.40%,764.36万,542.32万,222.04万,1328.16万
2305,300077,国民技术,22.06,0.59%,1.86%,1.05亿,1.13亿,-821.63万,2.33亿
2306,2398,垒知集团,5.11,0.59%,0.54%,932.45万,657.73万,274.72万,1685.84万
2307,2316,亚联发展,5.14,0.59%,1.80%,1672.66万,1392.73万,279.92万,3138.19万
2308,89,深圳机场,6.85,0.59%,0.12%,1246.82万,490.57万,756.25万,1745.12万
2309,17,深中华A,6.82,0.59%,0.42%,538.00万,703.12万,-165.12万,1254.01万
2310,301371,敷尔佳,24.09,0.58%,0.77%,822.39万,591.91万,230.47万,1443.46万
2311,301548,崇德科技,71.01,0.58%,1.79%,1500.33万,1768.77万,-268.44万,3335.30万
2312,301185,鸥玛软件,19.02,0.58%,0.62%,1027.00万,624.55万,402.45万,1658.02万
2313,688249,晶合集成,29.7,0.58%,0.60%,1.04亿,1.06亿,-193.94万,2.12亿
2314,301363,美好医疗,26.2,0.58%,0.66%,3283.95万,2994.07万,289.87万,6398.29万
2315,2215,诺普信,10.36,0.58%,0.36%,1616.09万,1362.59万,253.50万,3000.40万
2316,600828,茂业商业,5.19,0.58%,0.24%,1219.95万,923.80万,296.14万,2167.15万
2317,2999,天禾股份,6.91,0.58%,0.83%,1032.80万,915.60万,117.20万,1968.96万
2318,603901,永创智能,12.18,0.58%,1.25%,3385.83万,3672.83万,-286.99万,7427.17万
2319,601958,金钼股份,19.18,0.58%,0.32%,9715.05万,9329.10万,385.95万,2.00亿
2320,603019,中科曙光,88.8,0.58%,1.03%,6.71亿,6.66亿,524.26万,13.43亿
2321,601328,交通银行,6.97,0.58%,0.23%,2.31亿,1.76亿,5500.80万,4.12亿
2322,600783,鲁信创投,20.8,0.58%,0.62%,4966.19万,4509.53万,456.66万,9575.95万
2323,300722,新余国科,31.04,0.58%,0.50%,2053.02万,2122.55万,-69.53万,4301.46万
2324,300591,万里马,6.98,0.58%,0.68%,945.80万,667.01万,278.78万,1649.29万
2325,548,湖南投资,5.21,0.58%,0.66%,682.95万,996.60万,-313.66万,1696.05万
2326,2129,TCL中环,8.73,0.58%,0.52%,9200.57万,8696.04万,504.52万,1.82亿
2327,970,中科三环,12.12,0.58%,0.45%,2907.43万,3752.85万,-845.41万,6707.42万
2328,923,河钢资源,19.06,0.58%,0.52%,3405.21万,2780.92万,624.29万,6199.47万
2329,301551,无线传媒,29.7,0.58%,0.77%,1748.83万,1744.56万,4.27万,3546.57万
2330,591,太阳能,5.33,0.57%,0.70%,8432.53万,6163.78万,2268.75万,1.46亿
2331,301421,波长光电,94.16,0.57%,2.80%,6711.62万,5401.18万,1310.44万,1.23亿
2332,301329,信音电子,22.93,0.57%,1.00%,642.94万,717.45万,-74.51万,1374.17万
2333,301301,川宁生物,10.51,0.57%,1.56%,5462.52万,4474.48万,988.04万,1.03亿
2334,688047,龙芯中科,142.51,0.57%,0.56%,1.57亿,1.56亿,128.32万,3.16亿
2335,300252,金信诺,14.02,0.57%,1.40%,5496.81万,5266.45万,230.36万,1.09亿
2336,688778,厦钨新能,76.23,0.57%,0.80%,1.48亿,1.58亿,-1027.45万,3.09亿
2337,688390,固德威,87.04,0.57%,1.34%,1.41亿,1.40亿,97.27万,2.83亿
2338,603693,江苏新能,14.06,0.57%,0.64%,4542.77万,3419.73万,1123.04万,8059.38万
2339,603662,柯力传感,56.81,0.57%,0.39%,2668.53万,3494.61万,-826.09万,6202.34万
2340,603606,东方电缆,59.54,0.57%,0.51%,9960.34万,1.07亿,-706.13万,2.08亿
2341,603396,金辰股份,35.44,0.57%,0.91%,2458.84万,1916.62万,542.22万,4443.50万
2342,603267,鸿远电子,51.48,0.57%,0.78%,4659.42万,4500.93万,158.49万,9245.31万
2343,600761,安徽合力,17.59,0.57%,0.39%,3254.82万,2824.22万,430.60万,6179.81万
2344,600720,中交设计,7.0,0.57%,0.20%,771.12万,575.66万,195.46万,1370.50万
2345,688067,爱威科技,26.55,0.57%,0.66%,693.93万,474.34万,219.58万,1176.74万
2346,300172,中电环保,5.3,0.57%,1.05%,1701.78万,959.40万,742.38万,2900.23万
2347,301273,瑞晨环保,30.03,0.57%,1.29%,1093.93万,1028.28万,65.65万,2129.12万
2348,2792,通宇通讯,47.41,0.57%,6.16%,5.23亿,4.47亿,7569.58万,9.83亿
2349,2786,银宝山新,7.11,0.57%,0.45%,910.16万,626.52万,283.64万,1573.71万
2350,2743,富煌钢构,5.32,0.57%,0.67%,774.23万,751.19万,23.03万,1539.36万
2351,605577,龙版传媒,12.53,0.56%,0.19%,566.01万,459.82万,106.19万,1033.10万
2352,300971,博亚精工,23.28,0.56%,0.86%,839.61万,942.62万,-103.02万,1842.09万
2353,603176,汇通集团,5.38,0.56%,0.21%,285.09万,235.06万,50.03万,522.90万
2354,688252,天德钰,21.65,0.56%,0.35%,1429.50万,1594.01万,-164.51万,3054.33万
2355,2295,精艺股份,10.8,0.56%,0.45%,644.30万,545.85万,98.45万,1212.42万
2356,688419,耐科装备,48.77,0.56%,1.70%,2719.76万,2117.42万,602.35万,4860.33万
2357,688199,久日新材,27.02,0.56%,0.91%,2140.18万,1796.12万,344.05万,3961.42万
2358,603578,三星新材,12.54,0.56%,0.61%,790.43万,569.11万,221.32万,1360.04万
2359,600207,安彩高科,5.36,0.56%,1.04%,3673.89万,2387.64万,1286.25万,6078.89万
2360,600330,天通股份,19.91,0.56%,4.51%,5.67亿,5.32亿,3469.45万,11.03亿
2361,300752,隆利科技,19.87,0.56%,4.90%,8808.95万,6315.31万,2493.64万,1.54亿
2362,300712,永福股份,28.52,0.56%,0.44%,1358.04万,939.83万,418.21万,2346.89万
2363,300627,华测导航,34.21,0.56%,0.53%,5896.90万,5514.01万,382.89万,1.16亿
2364,300417,南华仪器,12.47,0.56%,1.20%,671.48万,634.73万,36.76万,1312.27万
2365,300386,飞天诚信,14.29,0.56%,0.71%,1242.76万,1255.02万,-12.27万,2538.65万
2366,300327,中颖电子,25.36,0.56%,1.06%,5393.42万,3658.11万,1735.31万,9069.29万
2367,2827,高争民爆,32.36,0.56%,0.33%,1376.07万,1524.14万,-148.07万,2974.06万
2368,2583,海能达,10.84,0.56%,0.95%,6937.88万,6162.95万,774.92万,1.32亿
2369,2384,东山精密,146.61,0.56%,2.12%,22.48亿,20.11亿,2.37亿,42.99亿
2370,688562,航天软件,19.99,0.55%,0.97%,1716.65万,1626.36万,90.29万,3358.76万
2371,429,粤高速A,12.89,0.55%,0.13%,1311.57万,905.46万,406.11万,2243.09万
2372,688120,华海清科,184.5,0.55%,0.51%,1.60亿,1.69亿,-923.50万,3.30亿
2373,605122,四方新材,12.79,0.55%,0.40%,453.18万,397.75万,55.43万,876.76万
2374,2892,科力尔,10.97,0.55%,0.35%,937.04万,858.32万,78.73万,1863.98万
2375,300881,盛德鑫泰,45.72,0.55%,2.50%,3335.10万,2544.51万,790.59万,6541.91万
2376,688011,新光光电,67.9,0.55%,0.74%,3032.39万,1785.90万,1246.48万,5026.66万
2377,603993,洛阳钼业,20.08,0.55%,0.59%,10.25亿,10.22亿,300.30万,20.77亿
2378,603969,银龙股份,9.14,0.55%,0.43%,1514.59万,1789.02万,-274.43万,3335.11万
2379,603856,东宏股份,12.71,0.55%,0.32%,501.14万,597.38万,-96.23万,1139.65万
2380,603617,君禾股份,7.36,0.55%,0.39%,589.02万,511.34万,77.68万,1107.28万
2381,603657,春光科技,25.8,0.55%,0.60%,1235.67万,847.91万,387.76万,2090.81万
2382,603378,亚士创能,5.44,0.55%,0.48%,568.15万,531.84万,36.31万,1111.31万
2383,603321,梅轮电梯,7.28,0.55%,0.28%,406.35万,301.50万,104.85万,709.38万
2384,600088,中视传媒,14.57,0.55%,0.29%,798.69万,875.74万,-77.05万,1691.63万
2385,300304,云意电气,12.9,0.55%,0.53%,2488.43万,3261.35万,-772.93万,5799.32万
2386,300041,回天新材,10.97,0.55%,0.71%,2569.42万,1629.62万,939.80万,4265.33万
2387,2880,卫光生物,27.18,0.55%,0.34%,1170.60万,833.11万,337.50万,2054.05万
2388,2238,天威视讯,7.35,0.55%,0.22%,593.21万,639.92万,-46.70万,1276.63万
2389,783,长江证券,7.36,0.55%,0.26%,5766.72万,4330.89万,1435.83万,1.05亿
2390,566,海南海药,5.5,0.55%,1.40%,5358.17万,4499.80万,858.36万,9924.02万
2391,559,万向钱潮,16.37,0.55%,1.52%,3.87亿,4.44亿,-5675.24万,8.32亿
2392,688498,源杰科技,1292.97,0.54%,1.22%,6.72亿,6.45亿,2687.82万,13.40亿
2393,2979,雷赛智能,39.42,0.54%,0.66%,3045.19万,2539.82万,505.38万,5798.68万
2394,688981,中芯国际,104.47,0.54%,0.88%,8.70亿,9.25亿,-5541.90万,18.24亿
2395,301081,严牌股份,14.82,0.54%,0.98%,1748.51万,1405.87万,342.63万,3185.20万
2396,688089,嘉必优,18.52,0.54%,0.26%,426.74万,361.36万,65.38万,796.99万
2397,2986,宇新股份,14.8,0.54%,0.75%,1714.97万,1459.92万,255.04万,3338.59万
2398,603931,格林达,28.0,0.54%,0.40%,1188.68万,942.60万,246.07万,2224.94万
2399,603332,苏州龙杰,12.94,0.54%,0.46%,758.72万,515.31万,243.42万,1283.22万
2400,603037,凯众股份,14.81,0.54%,1.85%,3812.18万,3405.58万,406.60万,7250.81万
2401,301081,严牌股份,14.82,0.54%,0.98%,1748.51万,1405.87万,342.63万,3185.20万
2402,688089,嘉必优,18.52,0.54%,0.26%,426.74万,361.36万,65.38万,796.99万
2403,2986,宇新股份,14.8,0.54%,0.75%,1714.97万,1459.92万,255.04万,3338.59万
2404,603931,格林达,28.0,0.54%,0.40%,1188.68万,942.60万,246.07万,2224.94万
2405,603332,苏州龙杰,12.94,0.54%,0.46%,758.72万,515.31万,243.42万,1283.22万
2406,603037,凯众股份,14.81,0.54%,1.85%,3812.18万,3405.58万,406.60万,7250.81万
2407,601990,南京证券,7.45,0.54%,0.16%,2242.44万,1918.02万,324.42万,4327.06万
2408,601900,南方传媒,12.98,0.54%,0.34%,2056.08万,1562.61万,493.47万,3881.25万
2409,600962,国投中鲁,18.71,0.54%,0.29%,850.09万,549.99万,300.09万,1430.78万
2410,300723,一品红,37.3,0.54%,3.42%,2.91亿,2.20亿,7149.69万,5.25亿
2411,688036,传音控股,52.44,0.54%,0.23%,6700.95万,7104.63万,-403.69万,1.39亿
2412,300260,新莱应材,48.71,0.54%,1.11%,7936.27万,7495.88万,440.39万,1.55亿
2413,300224,正海磁材,14.77,0.54%,0.57%,3758.98万,3995.70万,-236.72万,7875.29万
2414,2702,海欣食品,5.61,0.54%,0.87%,1225.50万,970.07万,255.43万,2215.34万
2415,2141,贤丰控股,3.74,0.54%,0.64%,1165.53万,1195.89万,-30.36万,2445.64万
2416,2009,天奇股份,24.22,0.54%,2.57%,1.15亿,1.04亿,1085.52万,2.21亿
2417,301567,贝隆精密,42.77,0.54%,1.36%,615.88万,575.72万,40.16万,1227.06万
2418,603312,西典新能,41.47,0.53%,0.98%,1079.30万,970.00万,109.31万,2070.02万
2419,688539,高华科技,38.09,0.53%,1.32%,2312.38万,2863.57万,-551.19万,5235.39万
2420,688371,菲沃泰,21.06,0.53%,0.15%,544.95万,531.22万,13.73万,1092.52万
2421,301083,百胜智能,17.18,0.53%,0.62%,509.70万,366.36万,143.34万,915.72万
2422,688151,华强科技,20.73,0.53%,0.15%,457.43万,623.83万,-166.40万,1087.51万
2423,300083,创世纪,7.57,0.53%,0.44%,2523.02万,2078.02万,445.00万,4997.53万
2424,2650,ST加加,7.53,0.53%,0.40%,1511.52万,1663.55万,-152.03万,3304.55万
2425,300963,中洲特材,17.19,0.53%,0.62%,1784.90万,1775.55万,9.36万,3662.40万
2426,600843,上工申贝,9.46,0.53%,0.42%,1006.49万,826.05万,180.44万,1843.14万
2427,300802,矩子科技,18.92,0.53%,0.50%,886.03万,920.80万,-34.77万,1856.79万
2428,603886,元祖股份,13.31,0.53%,0.60%,930.89万,946.56万,-15.67万,1913.37万
2429,603979,金诚信,63.08,0.53%,0.56%,9790.89万,1.21亿,-2300.47万,2.22亿
2430,603096,新经典,17.11,0.53%,0.20%,285.86万,231.17万,54.69万,517.37万
2431,600814,杭州解百,7.63,0.53%,0.32%,959.78万,793.07万,166.71万,1759.18万
2432,600143,金发科技,16.99,0.53%,0.52%,1.16亿,1.13亿,282.93万,2.33亿
2433,600107,ST尔雅,5.65,0.53%,0.31%,354.28万,273.91万,80.38万,634.56万
2434,600095,湘财股份,9.43,0.53%,0.16%,2546.37万,1603.21万,943.16万,4188.90万
2435,600025,华能水电,9.54,0.53%,0.07%,6084.92万,5431.83万,653.09万,1.18亿
2436,300521,爱司凯,26.55,0.53%,0.40%,855.67万,693.56万,162.11万,1570.19万
2437,2456,欧菲光,9.4,0.53%,0.79%,1.21亿,1.23亿,-176.64万,2.47亿
2438,2382,蓝帆医疗,7.56,0.53%,1.65%,6592.12万,5684.13万,907.99万,1.23亿
2439,2348,高乐股份,9.43,0.53%,0.86%,3717.71万,3574.06万,143.65万,7351.27万
2440,156,华数传媒,7.56,0.53%,0.20%,1347.87万,1184.26万,163.61万,2557.70万
2441,688246,嘉和美康,19.34,0.52%,0.66%,875.65万,851.05万,24.61万,1739.51万
2442,301168,通灵股份,44.13,0.52%,1.06%,2491.34万,1877.28万,614.06万,4401.68万
2443,300923,研奥股份,26.99,0.52%,0.41%,444.82万,388.80万,56.02万,836.86万
2444,688157,松井股份,40.71,0.52%,0.94%,3366.79万,2711.61万,655.18万,6090.13万
2445,300908,仲景食品,28.73,0.52%,0.55%,937.80万,967.23万,-29.43万,1936.36万
2446,688165,埃夫特,17.29,0.52%,0.40%,1722.51万,1863.08万,-140.57万,3601.38万
2447,603895,天永智能,28.81,0.52%,1.41%,2373.03万,2005.97万,367.06万,4408.36万
2448,603608,天创时尚,11.57,0.52%,1.72%,4572.66万,3715.65万,857.01万,8331.37万
2449,603177,德创环保,11.69,0.52%,1.26%,1525.23万,1422.39万,102.84万,2973.71万
2450,601988,中国银行,5.82,0.52%,0.04%,2.74亿,2.64亿,1060.05万,5.48亿
2451,300902,国安达,17.7,0.51%,0.81%,883.96万,806.94万,77.02万,1727.36万
2452,603726,朗迪集团,23.67,0.51%,0.36%,918.38万,657.81万,260.58万,1588.02万
2453,603696,安记食品,15.73,0.51%,1.02%,2130.61万,1523.60万,607.02万,3736.27万
2454,603376,大明电子,33.62,0.51%,1.69%,731.40万,1029.37万,-297.97万,1772.87万
2455,601666,平煤股份,7.95,0.51%,0.29%,3537.50万,2116.31万,1421.19万,5721.34万
2456,600626,申达股份,3.91,0.51%,0.32%,624.20万,731.06万,-106.86万,1359.41万
2457,688049,炬芯科技,46.89,0.51%,0.81%,3643.07万,2987.34万,655.73万,6652.80万
2458,600327,大东方,3.91,0.51%,0.42%,761.45万,664.89万,96.56万,1428.09万
2459,2415,海康威视,33.37,0.51%,0.21%,3.17亿,3.17亿,41.00万,6.41亿
2460,812,陕西金叶,3.96,0.51%,0.57%,828.02万,865.33万,-37.31万,1695.97万
2461,151,中成股份,11.86,0.51%,0.74%,1434.27万,1228.26万,206.02万,2695.40万
2462,1380,华纬科技,20.14,0.50%,0.51%,517.72万,371.62万,146.10万,902.83万
2463,688107,安路科技,30.26,0.50%,0.72%,4324.14万,4409.59万,-85.45万,8746.20万
2464,301600,慧翰股份,105.95,0.50%,1.01%,1715.53万,1695.72万,19.81万,3445.15万
2465,301519,舜禹股份,14.04,0.50%,0.93%,503.65万,465.37万,38.28万,975.78万
2466,300941,创识科技,20.1,0.50%,0.68%,617.55万,813.39万,-195.84万,1452.45万
2467,603630,拉芳家化,16.2,0.50%,0.45%,753.15万,862.31万,-109.16万,1628.27万
2468,603126,中材节能,8.1,0.50%,0.67%,1695.75万,1598.13万,97.62万,3304.41万
2469,601727,上海电气,8.08,0.50%,0.32%,1.68亿,1.55亿,1291.72万,3.27亿
2470,600824,益民集团,4.0,0.50%,0.30%,631.51万,544.15万,87.36万,1278.08万
2471,600630,龙头股份,7.98,0.50%,0.32%,607.74万,470.63万,137.12万,1078.69万
2472,600400,红豆股份,2.03,0.50%,0.40%,527.43万,1321.50万,-794.07万,1850.72万
2473,600350,山东高速,10.15,0.50%,0.04%,1348.80万,715.09万,633.71万,2076.47万
2474,300697,电工合金,15.96,0.50%,1.22%,1668.07万,2168.26万,-500.20万,3918.97万
2475,300537,广信材料,21.97,0.50%,0.71%,1110.98万,1185.82万,-74.84万,2368.83万
2476,300430,诚益通,18.07,0.50%,0.75%,2012.92万,1427.41万,585.51万,3492.56万
2477,300127,银河磁体,30.27,0.50%,0.70%,2430.82万,2359.49万,71.33万,4867.77万
2478,300078,思创智联,4.04,0.50%,0.91%,1808.79万,2128.55万,-319.76万,4086.88万
2479,2799,环球印务,8.09,0.50%,0.56%,792.23万,625.82万,166.41万,1439.24万
2480,2241,歌尔股份,24.22,0.50%,0.90%,3.69亿,3.08亿,6038.46万,6.81亿
2481,721,西安饮食,8.03,0.50%,1.55%,3029.06万,3240.99万,-211.93万,6319.85万
2482,1255,博菲电气,36.98,0.49%,0.57%,862.56万,628.65万,233.90万,1502.30万
2483,301287,康力源,42.65,0.49%,2.79%,1129.58万,862.28万,267.30万,2025.53万
2484,2086,东方海洋,2.04,0.49%,0.79%,1360.42万,1164.65万,195.77万,2536.74万
2485,1314,亿道信息,43.14,0.49%,0.30%,787.16万,788.06万,-8988.00,1591.18万
2486,300092,科新机电,16.37,0.49%,0.81%,1325.77万,1394.80万,-69.03万,2762.83万
2487,301215,中汽股份,6.14,0.49%,0.31%,1360.83万,1100.20万,260.63万,2494.31万
2488,301116,益客食品,10.34,0.49%,0.35%,1033.93万,560.41万,473.53万,1629.62万
2489,688696,极米科技,91.42,0.49%,0.23%,835.05万,594.02万,241.03万,1450.98万
2490,2158,汉钟精机,24.62,0.49%,0.25%,1618.70万,1589.22万,29.49万,3254.99万
2491,603611,诺力股份,20.59,0.49%,0.31%,985.14万,616.11万,369.03万,1657.05万
2492,603557,ST起步,4.09,0.49%,0.66%,845.54万,806.43万,39.10万,1676.31万
2493,601899,紫金矿业,35.08,0.49%,0.40%,14.08亿,14.37亿,-2841.40万,29.20亿
2494,603029,天鹅股份,18.39,0.49%,0.48%,539.01万,525.47万,13.54万,1066.14万
2495,601608,中信重工,6.18,0.49%,0.20%,2768.24万,2872.91万,-104.67万,5710.15万
2496,601375,中原证券,4.07,0.49%,0.21%,1205.03万,1710.76万,-505.73万,2948.03万
2497,600729,重庆百货,22.4,0.49%,0.59%,1356.55万,1074.28万,282.28万,2535.10万
2498,600460,士兰微,26.71,0.49%,0.46%,1.01亿,1.02亿,-124.94万,2.04亿
2499,600452,涪陵电力,12.2,0.49%,0.86%,7808.32万,8097.07万,-288.75万,1.60亿
2500,300783,三只松鼠,18.58,0.49%,0.72%,2097.52万,1631.81万,465.72万,3765.75万
2501,300154,瑞凌股份,8.35,0.48%,0.62%,685.72万,785.47万,-99.75万,1616.49万
2502,300046,台基股份,31.42,0.48%,0.62%,2568.27万,1985.21万,583.06万,4662.69万
2503,2719,麦趣尔,8.43,0.48%,1.15%,1005.90万,539.90万,466.00万,1554.14万
2504,300190,维尔利,4.18,0.48%,1.17%,2555.53万,1989.44万,566.09万,4595.66万
2505,2313,日海智能,8.36,0.48%,0.63%,1125.25万,818.23万,307.02万,1965.15万
2506,2298,中电鑫龙,10.4,0.48%,2.17%,6709.48万,7614.92万,-905.44万,1.47亿
2507,301522,上大股份,32.21,0.47%,0.59%,2510.37万,2779.88万,-269.52万,5335.66万
2508,663,永安林业,6.37,0.47%,0.96%,1164.33万,696.61万,467.72万,1865.21万
2509,601059,信达证券,16.98,0.47%,0.07%,1775.10万,2002.01万,-226.91万,3789.66万
2510,301119,正强股份,45.31,0.47%,0.63%,1539.73万,830.90万,708.83万,2416.81万
2511,300695,兆丰股份,71.98,0.47%,0.43%,1592.63万,1442.48万,150.15万,3148.13万
2512,600906,财达证券,6.47,0.47%,0.24%,1626.79万,1681.07万,-54.28万,3327.83万
2513,600007,中国国贸,21.53,0.47%,0.13%,1407.67万,1276.92万,130.76万,2727.23万
2514,695,滨海能源,14.86,0.47%,3.92%,6194.70万,6578.95万,-384.25万,1.29亿
2515,688018,乐鑫科技,151.81,0.47%,0.63%,8152.55万,6738.89万,1413.66万,1.50亿
2516,603758,秦安股份,12.76,0.47%,0.16%,401.81万,468.34万,-66.53万,889.81万
2517,603517,ST绝味,12.83,0.47%,0.14%,647.33万,384.42万,262.91万,1082.78万
2518,601698,中国卫通,34.13,0.47%,0.55%,3.68亿,3.91亿,-2349.97万,7.84亿
2519,600569,安阳钢铁,2.15,0.47%,0.29%,940.16万,864.49万,75.66万,1811.56万
2520,600369,西南证券,4.27,0.47%,0.16%,2446.15万,2179.88万,266.27万,4661.08万
2521,600288,大恒科技,15.03,0.47%,0.45%,1440.02万,1424.05万,15.97万,2923.91万
2522,600188,兖矿能源,19.28,0.47%,0.35%,1.98亿,1.94亿,464.84万,4.01亿
2523,300676,华大基因,40.42,0.47%,0.41%,3304.94万,3421.17万,-116.23万,6802.49万
2524,300258,精锻科技,12.83,0.47%,0.93%,3082.20万,3677.08万,-594.88万,6799.74万
2525,639,西王食品,2.2,0.46%,2.07%,2892.63万,2003.71万,888.91万,4910.33万
2526,688695,中创股份,23.96,0.46%,0.76%,650.02万,315.19万,334.84万,969.54万
2527,301102,兆讯传媒,10.85,0.46%,0.28%,600.13万,596.34万,3.78万,1221.91万
2528,301535,浙江华远,19.66,0.46%,0.53%,1004.40万,737.67万,266.72万,1753.28万
2529,2224,三力士,4.35,0.46%,0.51%,720.69万,1016.06万,-295.37万,1790.19万
2530,603031,安孚科技,51.99,0.46%,1.09%,6922.56万,5270.69万,1651.87万,1.22亿
2531,605183,确成股份,19.46,0.46%,0.12%,504.52万,410.46万,94.06万,936.18万
2532,605338,巴比食品,26.07,0.46%,0.23%,791.82万,608.49万,183.33万,1416.47万
2533,600649,城投控股,4.36,0.46%,0.43%,2954.82万,1758.49万,1196.33万,4730.72万
2534,300851,交大思诺,28.62,0.46%,0.51%,332.77万,437.09万,-104.33万,778.72万
2535,603331,百达精工,15.2,0.46%,0.82%,1471.06万,1025.12万,445.94万,2515.19万
2536,600933,爱柯迪,17.37,0.46%,0.45%,4104.75万,3408.52万,696.22万,7593.15万
2537,600563,法拉电子,123.79,0.46%,1.38%,1.87亿,1.86亿,57.76万,3.84亿
2538,300307,慈星股份,6.53,0.46%,0.27%,749.30万,600.08万,149.22万,1359.94万
2539,300161,华中数控,28.4,0.46%,0.37%,1050.82万,949.16万,101.66万,2025.28万
2540,2268,电科网安,17.38,0.46%,0.34%,2658.09万,2187.35万,470.74万,4954.83万
2541,2104,恒宝股份,15.31,0.46%,1.24%,6274.26万,4956.31万,1317.95万,1.13亿
2542,799,酒鬼酒,43.96,0.46%,0.91%,7541.52万,5396.58万,2144.95万,1.30亿
2543,300797,钢研纳克,15.3,0.46%,0.47%,1486.37万,1179.93万,306.44万,2721.12万
2544,688469,芯联集成,6.64,0.45%,0.45%,6182.26万,6977.44万,-795.18万,1.33亿
2545,688376,美埃科技,73.63,0.45%,0.85%,4595.58万,3810.37万,785.21万,8439.47万
2546,688314,康拓医疗,48.71,0.45%,1.19%,2239.08万,2382.97万,-143.89万,4679.22万
2547,2981,朝阳科技,24.3,0.45%,0.53%,611.18万,904.13万,-292.95万,1528.69万
2548,301552,科力装备,42.19,0.45%,3.75%,2072.63万,1674.99万,397.64万,3785.56万
2549,300562,乐心医疗,13.41,0.45%,1.11%,1254.07万,1063.12万,190.95万,2402.11万
2550,603700,宁水集团,13.41,0.45%,0.41%,566.32万,501.77万,64.56万,1088.62万
2551,603517,ST绝味,12.83,0.47%,0.14%,647.33万,384.42万,262.91万,1082.78万
2552,601698,中国卫通,34.13,0.47%,0.55%,3.68亿,3.91亿,-2349.97万,7.84亿
2553,600966,博汇纸业,6.42,0.47%,0.34%,1395.45万,1499.32万,-103.87万,2938.94万
2554,600780,通宝能源,6.45,0.47%,0.60%,2144.17万,2239.32万,-95.15万,4463.18万
2555,600580,卧龙电驱,38.23,0.47%,0.83%,2.38亿,2.59亿,-2089.64万,5.01亿
2556,600569,安阳钢铁,2.15,0.47%,0.29%,929.23万,845.76万,83.46万,1777.92万
2557,600373,中文传媒,8.51,0.47%,0.18%,1127.48万,939.43万,188.05万,2070.91万
2558,300676,华大基因,40.42,0.47%,0.41%,3304.94万,3421.17万,-116.23万,6802.49万
2559,300258,精锻科技,12.83,0.47%,0.93%,3082.20万,3677.08万,-594.88万,6799.74万
2560,639,西王食品,2.2,0.46%,2.07%,2892.63万,2003.71万,888.91万,4910.33万
2561,688695,中创股份,23.96,0.46%,0.76%,650.02万,315.19万,334.84万,969.54万
2562,301102,兆讯传媒,10.85,0.46%,0.28%,600.13万,596.34万,3.78万,1221.91万
2563,2224,三力士,4.35,0.46%,0.51%,720.69万,1016.06万,-295.37万,1790.19万
2564,603031,安孚科技,51.99,0.46%,1.09%,6922.56万,5270.69万,1651.87万,1.22亿
2565,605183,确成股份,19.46,0.46%,0.12%,504.52万,410.46万,94.06万,936.18万
2566,605338,巴比食品,26.07,0.46%,0.23%,791.82万,608.49万,183.33万,1416.47万
2567,300851,交大思诺,28.62,0.46%,0.51%,332.77万,437.09万,-104.33万,778.72万
2568,603331,百达精工,15.2,0.46%,0.82%,1471.06万,1025.12万,445.94万,2515.19万
2569,600563,法拉电子,123.79,0.46%,1.27%,1.73亿,1.78亿,-578.87万,3.53亿
2570,300307,慈星股份,6.53,0.46%,0.27%,749.30万,600.08万,149.22万,1359.94万
2571,300161,华中数控,28.4,0.46%,0.37%,1050.82万,949.16万,101.66万,2025.28万
2572,2268,电科网安,17.38,0.46%,0.34%,2658.09万,2187.35万,470.74万,4954.83万
2573,2104,恒宝股份,15.31,0.46%,1.24%,6274.26万,4956.31万,1317.95万,1.13亿
2574,799,酒鬼酒,43.96,0.46%,0.91%,7541.52万,5396.58万,2144.95万,1.30亿
2575,300797,钢研纳克,15.3,0.46%,0.47%,1486.37万,1179.93万,306.44万,2721.12万
2576,688469,芯联集成,6.64,0.45%,0.45%,6182.26万,6977.44万,-795.18万,1.33亿
2577,688376,美埃科技,73.63,0.45%,0.85%,4595.58万,3810.37万,785.21万,8439.47万
2578,688314,康拓医疗,48.71,0.45%,1.19%,2239.08万,2382.97万,-143.89万,4679.22万
2579,2981,朝阳科技,24.3,0.45%,0.53%,611.18万,904.13万,-292.95万,1528.69万
2580,300562,乐心医疗,13.41,0.45%,1.11%,1254.07万,1063.12万,190.95万,2402.11万
2581,603700,宁水集团,13.41,0.45%,0.41%,566.32万,501.77万,64.56万,1088.62万
2582,603197,保隆科技,33.17,0.45%,0.39%,1556.18万,1152.02万,404.16万,2717.15万
2583,600724,宁波富达,6.77,0.45%,0.28%,1341.48万,1340.36万,1.13万,2743.19万
2584,600499,科达制造,17.88,0.45%,0.46%,7677.06万,8181.91万,-504.86万,1.59亿
2585,600498,烽火通信,48.7,0.45%,2.71%,8.50亿,7.95亿,5568.10万,16.57亿
2586,600115,中国东航,4.44,0.45%,0.51%,1.64亿,2.10亿,-4620.00万,3.85亿
2587,600059,古越龙山,8.95,0.45%,0.23%,938.27万,831.79万,106.48万,1901.28万
2588,300504,天邑股份,15.68,0.45%,1.55%,2746.88万,2468.57万,278.31万,5306.28万
2589,2826,易明医药,20.12,0.45%,0.84%,1684.13万,1244.56万,439.57万,3087.95万
2590,601956,东贝集团,6.71,0.45%,0.28%,526.59万,571.31万,-44.71万,1162.02万
2591,688325,赛微微电,119.19,0.45%,0.52%,2236.53万,2650.97万,-414.44万,4993.12万
2592,2729,好利科技,20.56,0.44%,1.97%,3231.53万,3527.45万,-295.91万,7060.93万
2593,301067,显盈科技,33.91,0.44%,0.88%,914.50万,955.76万,-41.27万,1905.18万
2594,301057,汇隆新材,32.14,0.44%,0.74%,1027.84万,878.20万,149.65万,1969.85万
2595,2351,漫步者,11.41,0.44%,0.35%,1309.43万,775.68万,533.74万,2108.71万
2596,300997,欢乐家,20.61,0.44%,1.03%,4324.60万,3962.88万,361.71万,8368.42万
2597,605020,永和股份,25.2,0.44%,0.64%,4194.94万,3713.17万,481.77万,8069.66万
2598,688727,恒坤新材,50.43,0.44%,1.74%,1747.60万,2571.55万,-823.95万,4395.26万
2599,301156,美农生物,18.4,0.44%,0.91%,780.97万,707.89万,73.08万,1491.07万
2600,603999,读者传媒,6.9,0.44%,0.44%,759.71万,842.62万,-82.92万,1735.99万
2601,300421,力星股份,25.16,0.44%,2.53%,6489.76万,8126.26万,-1636.49万,1.47亿
2602,300045,华力创通,22.93,0.44%,2.14%,1.24亿,1.24亿,-12.50万,2.53亿
2603,2811,郑中设计,13.61,0.44%,0.51%,1048.73万,880.84万,167.89万,1942.78万
2604,2807,江阴银行,4.61,0.44%,0.66%,4089.11万,3217.72万,871.39万,7423.94万
2605,2696,百洋股份,6.8,0.44%,0.80%,789.88万,965.92万,-176.04万,1801.10万
2606,2404,嘉欣丝绸,6.88,0.44%,0.34%,534.60万,521.51万,13.09万,1061.62万
2607,301510,固高科技,30.64,0.43%,0.76%,3412.90万,2928.19万,484.71万,6482.38万
2608,801,四川九洲,14.0,0.43%,0.38%,2411.89万,2983.98万,-572.09万,5441.36万
2609,688489,三未信安,39.63,0.43%,0.16%,251.02万,478.93万,-227.91万,734.03万
2610,2760,凤形股份,21.22,0.43%,0.84%,906.16万,984.79万,-78.62万,1915.15万
2611,603262,技源集团,25.61,0.43%,1.07%,594.57万,495.33万,99.23万,1094.00万
2612,301045,天禄科技,39.27,0.43%,1.05%,1505.26万,984.76万,520.50万,2620.66万
2613,301009,可靠股份,11.81,0.43%,0.38%,397.79万,258.91万,138.88万,670.16万
2614,300932,三友联众,14.0,0.43%,2.33%,3012.71万,3806.23万,-793.52万,7397.09万
2615,603565,中谷物流,11.65,0.43%,0.36%,4714.36万,4051.51万,662.85万,8916.77万
2616,600737,中粮糖业,14.1,0.43%,0.32%,5030.84万,4599.07万,431.78万,9653.33万
2617,603030,全筑股份,2.35,0.43%,0.49%,567.12万,944.16万,-377.03万,1520.44万
2618,601116,三江购物,14.11,0.43%,0.54%,2234.39万,1600.27万,634.11万,4155.24万
2619,601111,中国国航,7.01,0.43%,0.21%,7521.67万,9376.34万,-1854.67万,1.75亿
2620,600697,欧亚集团,11.8,0.43%,0.56%,514.32万,490.03万,24.29万,1021.23万
2621,600388,龙净环保,18.71,0.43%,0.29%,3625.85万,3233.58万,392.27万,6915.55万
2622,600259,中稀有色,92.48,0.43%,1.05%,1.46亿,1.64亿,-1763.36万,3.26亿
2623,300701,森霸传感,11.81,0.43%,0.62%,1089.63万,712.90万,376.72万,1817.30万
2624,300673,佩蒂股份,16.25,0.43%,0.97%,1151.37万,1365.48万,-214.11万,2531.48万
2625,300469,信息发展,54.34,0.43%,1.50%,1.05亿,9885.37万,649.70万,2.05亿
2626,2856,美芝股份,11.59,0.43%,1.59%,1156.20万,1033.36万,122.84万,2268.71万
2627,2162,悦心健康,4.65,0.43%,0.37%,751.08万,792.37万,-41.29万,1561.55万
2628,2075,沙钢股份,4.7,0.43%,0.27%,1671.69万,1143.74万,527.95万,2831.77万
2629,688400,凌云光,47.43,0.42%,0.90%,1.01亿,9161.01万,955.28万,1.96亿
2630,301196,唯科科技,119.3,0.42%,3.35%,1.65亿,1.57亿,710.63万,3.23亿
2631,301088,戎美股份,14.2,0.42%,0.16%,188.17万,228.78万,-40.61万,434.85万
2632,603013,亚普股份,18.99,0.42%,0.18%,737.94万,952.99万,-215.06万,1706.69万
2633,603977,国泰集团,14.41,0.42%,1.09%,4853.10万,4819.39万,33.71万,9846.53万
2634,600992,贵绳股份,11.98,0.42%,0.49%,736.72万,686.28万,50.44万,1434.03万
2635,600857,宁波中百,11.89,0.42%,0.37%,468.33万,495.45万,-27.12万,979.24万
2636,600826,兰生股份,9.53,0.42%,0.19%,648.70万,618.35万,30.35万,1322.76万
2637,600779,水井坊,33.13,0.42%,0.21%,1623.08万,1576.36万,46.72万,3348.55万
2638,600503,华丽家族,2.38,0.42%,0.54%,780.01万,1156.82万,-376.81万,2039.66万
2639,300610,晨化股份,11.84,0.42%,0.82%,775.97万,822.61万,-46.64万,1611.71万
2640,300539,横河精密,28.49,0.42%,1.11%,3445.73万,3351.83万,93.90万,6917.53万
2641,300254,仟源医药,11.89,0.42%,2.86%,3801.02万,3667.08万,133.94万,7587.22万
2642,2830,名雕股份,21.37,0.42%,0.83%,597.72万,563.64万,34.08万,1185.29万
2643,2671,龙泉股份,4.76,0.42%,0.67%,921.54万,785.75万,135.78万,1743.32万
2644,2085,万丰奥威,14.28,0.42%,0.30%,4163.79万,4708.48万,-544.69万,8962.13万
2645,2067,景兴纸业,4.77,0.42%,0.55%,1780.51万,1674.27万,106.24万,3503.49万
2646,2376,新北洋,7.18,0.42%,0.38%,1038.90万,1050.60万,-11.70万,2123.57万
2647,301565,中仑新材,21.8,0.41%,0.60%,847.53万,821.14万,26.39万,1682.62万
2648,603685,晨丰科技,29.41,0.41%,0.66%,1713.33万,2092.43万,-379.10万,3868.91万
2649,301203,国泰环保,41.18,0.41%,0.71%,822.10万,446.17万,375.93万,1268.68万
2650,688021,奥福科技,24.21,0.41%,1.05%,1135.92万,781.73万,354.18万,1932.08万
2651,688021,奥福科技,24.21,0.41%,1.05%,1135.92万,781.73万,354.18万,1932.08万
2652,603048,浙江黎明,22.3,0.41%,0.50%,762.42万,855.96万,-93.54万,1642.68万
2653,301232,飞沃科技,217.0,0.41%,10.78%,4.78亿,5.46亿,-6851.53万,10.27亿
2654,300989,蕾奥规划,14.56,0.41%,0.82%,993.34万,723.12万,270.23万,1796.96万
2655,605186,健麾信息,19.52,0.41%,0.35%,390.00万,533.36万,-143.36万,927.26万
2656,2217,合力泰,2.42,0.41%,1.57%,1.26亿,1.45亿,-1893.72万,2.74亿
2657,601059,信达证券,16.97,0.41%,0.06%,1670.37万,1775.50万,-105.13万,3502.04万
2658,3042,中农联合,17.3,0.41%,1.76%,1729.43万,2063.84万,-334.42万,3853.90万
2659,300897,山科智能,24.79,0.41%,0.70%,962.55万,546.94万,415.60万,1530.57万
2660,300820,英杰电气,46.92,0.41%,0.84%,2317.12万,2070.43万,246.69万,4419.93万
2661,2971,和远气体,29.72,0.41%,0.67%,1624.26万,1446.37万,177.89万,3111.39万
2662,600370,三房巷,2.44,0.41%,0.55%,2614.21万,2360.78万,253.43万,5370.26万
2663,603697,有友食品,9.91,0.41%,0.39%,994.66万,603.84万,390.81万,1633.97万
2664,601238,广汽集团,7.29,0.41%,0.06%,1729.55万,1569.98万,159.57万,3312.50万
2665,601066,中信建投,21.93,0.41%,0.05%,4286.44万,3026.36万,1260.08万,7412.15万
2666,600319,亚星化学,7.32,0.41%,0.33%,525.00万,397.12万,127.88万,923.43万
2667,300543,朗科智能,9.7,0.41%,0.54%,619.67万,653.97万,-34.30万,1297.14万
2668,300315,掌趣科技,4.95,0.41%,0.75%,4608.80万,4991.52万,-382.73万,9631.17万
2669,2846,英联股份,14.63,0.41%,0.65%,1335.33万,1068.14万,267.19万,2452.18万
2670,2691,冀凯股份,7.31,0.41%,0.31%,405.95万,355.58万,50.36万,770.52万
2671,2043,兔宝宝,14.54,0.41%,0.31%,1912.81万,1744.86万,167.95万,3678.61万
2672,949,新乡化纤,7.43,0.41%,1.26%,6610.48万,8370.63万,-1760.15万,1.53亿
2673,819,岳阳兴长,14.68,0.41%,0.32%,903.30万,760.43万,142.86万,1697.47万
2674,603231,索宝蛋白,17.78,0.40%,0.58%,587.96万,510.59万,77.37万,1103.71万
2675,600289,ST信通,7.48,0.40%,0.20%,328.29万,528.02万,-199.73万,863.88万
2676,301268,铭利达,22.73,0.40%,0.36%,1809.05万,1000.95万,808.10万,2862.20万
2677,300171,东富龙,14.94,0.40%,0.37%,1353.04万,1606.33万,-253.29万,3092.78万
2678,301113,雅艺科技,25.01,0.40%,0.64%,508.60万,361.74万,146.86万,891.83万
2679,688239,航宇科技,62.58,0.40%,1.23%,8109.22万,6250.66万,1858.56万,1.44亿
2680,600171,上海贝岭,27.52,0.40%,0.30%,3154.62万,2674.88万,479.74万,5836.39万
2681,603589,口子窖,25.09,0.40%,0.18%,1394.13万,1236.66万,157.47万,2736.17万
2682,603086,先达股份,7.56,0.40%,0.35%,501.40万,639.80万,-138.40万,1147.92万
2683,603069,海汽集团,17.49,0.40%,0.47%,1503.56万,1079.74万,423.81万,2608.16万
2684,600483,福能股份,9.99,0.40%,0.33%,4700.28万,4477.96万,222.32万,9294.41万
2685,600463,空港股份,9.97,0.40%,0.28%,429.36万,393.86万,35.50万,827.51万
2686,601696,中银证券,12.54,0.40%,0.34%,6634.50万,5193.15万,1441.35万,1.20亿
2687,600183,生益科技,67.17,0.40%,1.02%,8.37亿,7.99亿,3809.45万,16.42亿
2688,600150,中国船舶,32.84,0.40%,0.28%,3.76亿,3.08亿,6825.87万,6.94亿
2689,300371,汇中股份,12.45,0.40%,0.51%,450.71万,419.54万,31.17万,879.96万
2690,600854,春兰股份,5.06,0.40%,0.77%,1071.36万,939.53万,131.84万,2019.84万
2691,300292,吴通控股,4.98,0.40%,1.16%,3436.85万,2899.51万,537.34万,6415.53万
2692,300121,阳谷华泰,12.51,0.40%,0.67%,1746.79万,1793.49万,-46.70万,3588.39万
2693,2570,贝因美,5.05,0.40%,0.55%,1609.28万,1378.56万,230.71万,3002.68万
2694,2254,泰和新材,10.1,0.40%,1.08%,4121.54万,5036.81万,-915.27万,9254.83万
2695,2185,华天科技,12.51,0.40%,0.93%,1.81亿,1.93亿,-1106.99万,3.86亿
2696,720,新能泰山,4.99,0.40%,5.33%,1.79亿,1.51亿,2759.92万,3.31亿
2697,688352,颀中科技,12.83,0.39%,0.74%,1565.65万,1856.04万,-290.39万,3464.24万
2698,301300,远翔新材,43.57,0.39%,0.84%,594.96万,822.29万,-227.33万,1419.87万
2699,2790,瑞尔特,7.69,0.39%,0.35%,392.28万,288.23万,104.05万,705.34万
2700,688128,中国电研,25.63,0.39%,0.16%,797.66万,868.67万,-71.01万,1669.87万
2701,3016,欣贺股份,8.16,0.37%,0.41%,465.78万,894.53万,-428.75万,1361.12万
2702,603893,瑞芯微,171.11,0.37%,0.67%,2.28亿,2.47亿,-1855.61万,4.85亿
2703,600873,梅花生物,10.81,0.37%,0.40%,6973.46万,4776.58万,2196.88万,1.20亿
2704,603319,美湖股份,34.88,0.37%,1.35%,8230.49万,7335.11万,895.38万,1.60亿
2705,600775,南京熊猫,13.44,0.37%,0.96%,4061.27万,4510.55万,-449.28万,8631.75万
2706,600571,信雅达,13.63,0.37%,0.68%,2279.90万,1861.13万,418.77万,4241.14万
2707,600489,中金黄金,26.84,0.37%,0.41%,2.60亿,2.62亿,-198.94万,5.28亿
2708,600558,大西洋,5.43,0.37%,0.62%,1532.18万,1487.51万,44.67万,3028.42万
2709,2935,天奥电子,18.78,0.37%,0.52%,1919.56万,2000.58万,-81.02万,3996.14万
2710,2774,快意电梯,10.76,0.37%,0.42%,621.28万,622.74万,-1.47万,1253.72万
2711,2732,燕塘乳业,16.11,0.37%,0.35%,339.54万,527.47万,-187.93万,878.61万
2712,2666,德联集团,5.39,0.37%,0.63%,764.74万,810.81万,-46.07万,1692.99万
2713,2038,双鹭药业,8.1,0.37%,12.99%,4.45亿,4.56亿,-1111.00万,9.05亿
2714,544,中原环保,8.23,0.37%,0.18%,722.47万,751.92万,-29.45万,1481.05万
2715,603194,中力股份,33.81,0.36%,0.27%,848.69万,600.14万,248.54万,1463.03万
2716,600671,天目药业,19.35,0.36%,0.86%,1062.47万,935.56万,126.91万,2026.15万
2717,2486,嘉麟杰,2.82,0.36%,1.00%,1318.95万,924.28万,394.67万,2305.56万
2718,603201,常润股份,16.5,0.36%,0.17%,304.85万,208.12万,96.73万,514.13万
2719,688141,杰华特,67.79,0.36%,1.25%,1.94亿,1.84亿,1067.48万,3.79亿
2720,300813,泰林生物,27.92,0.36%,1.88%,1995.50万,1917.11万,78.39万,3985.92万
2721,603986,兆易创新,274.98,0.36%,1.96%,16.49亿,18.47亿,-1.98亿,35.84亿
2722,603535,嘉诚国际,8.34,0.36%,0.16%,313.09万,372.41万,-59.32万,692.84万
2723,603128,华贸物流,5.65,0.36%,0.24%,740.69万,1039.46万,-298.77万,1804.89万
2724,601518,吉林高速,2.8,0.36%,0.28%,569.77万,924.39万,-354.62万,1501.53万
2725,600977,中国电影,14.09,0.36%,0.96%,1.11亿,1.43亿,-3185.99万,2.54亿
2726,600455,博通股份,25.38,0.36%,0.90%,735.89万,642.03万,93.85万,1418.55万
2727,600064,南京高科,8.45,0.36%,0.21%,2019.83万,1052.90万,966.92万,3114.29万
2728,300366,ST创意,5.62,0.36%,0.49%,800.96万,654.95万,146.00万,1466.54万
2729,2942,新农股份,19.32,0.36%,0.79%,983.59万,1095.91万,-112.32万,2097.09万
2730,2927,泰永长征,16.93,0.36%,1.36%,2427.69万,2558.30万,-130.61万,5030.24万
2731,2574,明牌珠宝,5.52,0.36%,0.29%,402.67万,428.23万,-25.56万,841.32万
2732,2470,金正大,2.8,0.36%,2.22%,1.13亿,8977.90万,2306.94万,2.04亿
2733,2347,泰尔股份,8.27,0.36%,2.35%,4939.20万,4564.72万,374.48万,9649.08万
2734,2247,聚力文化,2.78,0.36%,0.96%,821.12万,841.08万,-19.95万,1710.96万
2735,685,中山公用,11.1,0.36%,0.27%,1953.95万,1762.48万,191.48万,3734.74万
2736,655,金岭矿业,8.39,0.36%,1.35%,3536.37万,3160.58万,375.80万,6703.66万
2737,601112,振石股份,19.99,0.35%,3.03%,4827.50万,5809.95万,-982.45万,1.08亿
2738,688639,华恒生物,28.42,0.35%,0.48%,1828.18万,1567.35万,260.83万,3413.18万
2739,301567,贝隆精密,42.69,0.35%,1.46%,687.30万,630.07万,57.23万,1324.21万
2740,301383,天键股份,28.79,0.35%,0.83%,971.27万,690.35万,280.91万,1668.24万
2741,688676,金盘科技,85.8,0.35%,1.07%,2.25亿,1.93亿,3223.14万,4.22亿
2742,603130,云中马,37.26,0.35%,0.35%,895.41万,892.94万,2.48万,1801.76万
2743,301192,泰祥股份,25.96,0.35%,0.94%,679.74万,463.58万,216.16万,1164.87万
2744,301333,诺思格,69.5,0.35%,1.09%,4010.96万,3144.95万,866.01万,7298.83万
2745,301177,迪阿股份,28.86,0.35%,0.10%,595.32万,601.18万,-5.87万,1204.58万
2746,688066,航天宏图,20.05,0.35%,2.53%,6187.24万,6817.14万,-629.90万,1.30亿
2747,603755,日辰股份,28.45,0.35%,0.29%,460.98万,344.14万,116.83万,811.95万
2748,688652,京仪装备,106.88,0.35%,0.97%,5184.49万,7178.54万,-1994.05万,1.25亿
2749,601669,中国电建,5.7,0.35%,0.77%,2.67亿,2.96亿,-2935.57万,5.74亿
2750,600403,大有能源,5.68,0.35%,0.21%,1367.17万,1356.71万,10.45万,2806.92万
2751,300366,ST创意,5.62,0.36%,0.49%,800.96万,654.95万,146.00万,1466.54万
2752,2942,新农股份,19.32,0.36%,0.79%,983.59万,1095.91万,-112.32万,2097.09万
2753,2927,泰永长征,16.93,0.36%,1.36%,2427.69万,2558.30万,-130.61万,5030.24万
2754,2574,明牌珠宝,5.52,0.36%,0.29%,402.67万,428.23万,-25.56万,841.32万
2755,2470,金正大,2.8,0.36%,2.22%,1.13亿,8977.90万,2306.94万,2.04亿
2756,2347,泰尔股份,8.27,0.36%,2.35%,4939.20万,4564.72万,374.48万,9649.08万
2757,2247,聚力文化,2.78,0.36%,0.96%,821.12万,841.08万,-19.95万,1710.96万
2758,685,中山公用,11.1,0.36%,0.27%,1953.95万,1762.48万,191.48万,3734.74万
2759,655,金岭矿业,8.39,0.36%,1.35%,3536.37万,3160.58万,375.80万,6703.66万
2760,601112,振石股份,19.99,0.35%,3.03%,4827.50万,5809.95万,-982.45万,1.08亿
2761,688639,华恒生物,28.42,0.35%,0.48%,1828.18万,1567.35万,260.83万,3413.18万
2762,301567,贝隆精密,42.69,0.35%,1.46%,687.30万,630.07万,57.23万,1324.21万
2763,301383,天键股份,28.79,0.35%,0.83%,971.27万,690.35万,280.91万,1668.24万
2764,600615,鑫源智造,11.37,0.35%,0.34%,443.19万,417.27万,25.92万,861.37万
2765,688676,金盘科技,85.8,0.35%,1.07%,2.25亿,1.93亿,3223.14万,4.22亿
2766,603130,云中马,37.26,0.35%,0.35%,895.41万,892.94万,2.48万,1801.76万
2767,301192,泰祥股份,25.96,0.35%,0.94%,679.74万,463.58万,216.16万,1164.87万
2768,301333,诺思格,69.5,0.35%,1.09%,4010.96万,3144.95万,866.01万,7298.83万
2769,301177,迪阿股份,28.86,0.35%,0.10%,595.32万,601.18万,-5.87万,1204.58万
2770,688066,航天宏图,20.05,0.35%,2.53%,6187.24万,6817.14万,-629.90万,1.30亿
2771,603755,日辰股份,28.45,0.35%,0.29%,460.98万,344.14万,116.83万,811.95万
2772,688652,京仪装备,106.88,0.35%,0.97%,5184.49万,7178.54万,-1994.05万,1.25亿
2773,601669,中国电建,5.7,0.35%,0.77%,2.67亿,2.96亿,-2935.57万,5.74亿
2774,600029,南方航空,5.78,0.35%,0.36%,1.20亿,1.54亿,-3393.09万,2.79亿
2775,600010,包钢股份,2.83,0.35%,1.10%,3.88亿,5.18亿,-1.30亿,9.82亿
2776,300507,苏奥传感,8.61,0.35%,0.54%,1934.21万,1598.58万,335.63万,3608.74万
2777,2885,京泉华,26.15,0.35%,5.01%,1.35亿,1.61亿,-2665.59万,3.03亿
2778,2660,茂硕电源,8.55,0.35%,0.40%,627.12万,517.84万,109.28万,1174.32万
2779,2500,山西证券,5.69,0.35%,0.17%,1799.72万,1567.95万,231.77万,3441.03万
2780,2442,龙星科技,5.8,0.35%,0.74%,1047.25万,1062.03万,-14.78万,2116.58万
2781,2173,创新医疗,25.61,0.35%,1.94%,1.02亿,1.03亿,-106.13万,2.07亿
2782,906,浙商中拓,5.72,0.35%,0.18%,346.74万,362.53万,-15.79万,712.01万
2783,301600,慧翰股份,105.78,0.34%,0.90%,1601.16万,1438.67万,162.49万,3065.21万
2784,301038,深水规院,20.71,0.34%,0.32%,676.82万,755.12万,-78.30万,1449.94万
2785,1308,康冠科技,20.73,0.34%,0.14%,754.23万,676.80万,77.42万,1457.14万
2786,600399,抚顺特钢,5.87,0.34%,0.71%,4157.83万,4003.73万,154.09万,8189.96万
2787,605179,一鸣食品,17.56,0.34%,0.26%,1014.15万,797.95万,216.20万,1833.36万
2788,688626,翔宇医疗,59.18,0.34%,0.42%,1797.18万,2170.85万,-373.67万,3974.07万
2789,601718,际华集团,2.97,0.34%,0.21%,1088.78万,1563.76万,-474.99万,2745.33万
2790,600939,重庆建工,2.91,0.34%,0.16%,297.05万,543.27万,-246.22万,882.45万
2791,600825,新华传媒,5.95,0.34%,0.27%,659.30万,984.92万,-325.62万,1649.16万
2792,600229,城市传媒,5.97,0.34%,0.13%,250.63万,272.59万,-21.97万,524.42万
2793,300590,移为通信,11.72,0.34%,0.32%,646.44万,651.74万,-5.30万,1308.27万
2794,2151,北斗星通,38.33,0.34%,1.18%,9955.02万,9839.97万,115.05万,2.00亿
2795,426,兴业银锡,44.02,0.34%,1.22%,4.88亿,4.61亿,2741.64万,9.59亿
2796,1360,南矿集团,21.02,0.33%,0.41%,614.43万,448.29万,166.15万,1090.90万
2797,301512,智信精密,46.06,0.33%,0.91%,631.06万,395.67万,235.39万,1032.25万
2798,301091,深城交,21.59,0.33%,0.43%,2319.81万,2467.01万,-147.19万,4860.92万
2799,300445,康斯特,21.36,0.33%,1.15%,1608.30万,1789.79万,-181.48万,3530.89万
2800,2480,新筑股份,6.09,0.33%,0.37%,1014.15万,727.40万,286.75万,1746.00万
2801,301575,艾芬达,45.37,0.33%,0.68%,237.65万,289.81万,-52.17万,538.35万
2802,300445,康斯特,21.36,0.33%,1.15%,1608.30万,1789.79万,-181.48万,3530.89万
2803,300920,润阳科技,39.63,0.33%,0.59%,795.95万,712.94万,83.01万,1531.87万
2804,2480,新筑股份,6.09,0.33%,0.37%,1014.15万,727.40万,286.75万,1746.00万
2805,300968,格林精密,12.16,0.33%,0.29%,729.50万,722.68万,6.82万,1475.76万
2806,603739,蔚蓝生物,15.3,0.33%,0.61%,1072.37万,1262.11万,-189.74万,2351.46万
2807,605499,东鹏饮料,194.13,0.33%,0.36%,1.72亿,1.96亿,-2403.20万,3.68亿
2808,603239,浙江仙通,24.11,0.33%,0.57%,1722.73万,2015.05万,-292.32万,3757.80万
2809,603121,华培动力,21.32,0.33%,0.81%,2907.30万,2906.47万,8250.00,5846.62万
2810,600736,苏州高新,6.13,0.33%,0.34%,981.25万,1309.77万,-328.52万,2362.89万
2811,600596,新安股份,12.11,0.33%,0.74%,6365.68万,5728.67万,637.01万,1.22亿
2812,600415,小商品城,12.26,0.33%,0.66%,2.30亿,2.09亿,2125.62万,4.43亿
2813,600335,国机汽车,6.06,0.33%,0.20%,929.49万,899.08万,30.42万,1948.15万
2814,600303,曙光股份,3.03,0.33%,1.12%,949.30万,1324.19万,-374.90万,2283.31万
2815,600197,伊力特,12.09,0.33%,0.19%,662.99万,422.45万,240.54万,1090.63万
2816,600106,重庆路桥,6.08,0.33%,0.26%,1012.45万,1019.61万,-7.16万,2064.00万
2817,300667,必创科技,18.02,0.33%,1.46%,1980.90万,2512.26万,-531.36万,4551.28万
2818,300128,锦富技术,6.0,0.33%,0.56%,1937.00万,2295.78万,-358.79万,4401.48万
2819,2939,长城证券,9.22,0.33%,0.15%,2390.73万,2499.60万,-108.87万,4912.15万
2820,2735,王子新材,14.99,0.33%,0.94%,1984.52万,1980.30万,4.22万,4001.86万
2821,2682,龙洲股份,6.01,0.33%,0.98%,1585.47万,1700.19万,-114.72万,3305.16万
2822,969,安泰科技,21.01,0.33%,0.59%,6660.77万,6067.02万,593.74万,1.28亿
2823,301658,首航新能,41.2,0.32%,4.37%,9173.35万,8140.74万,1032.61万,1.75亿
2824,1336,楚环科技,25.28,0.32%,0.97%,618.09万,505.87万,112.22万,1135.33万
2825,301332,德尔玛,9.33,0.32%,0.35%,531.40万,327.18万,204.22万,862.12万
2826,301175,中科环保,6.26,0.32%,0.96%,1803.77万,1875.29万,-71.53万,3749.14万
2827,300718,长盛轴承,71.83,0.32%,0.82%,5609.61万,5586.29万,23.32万,1.15亿
2828,2614,奥佳华,6.19,0.32%,0.41%,600.63万,513.81万,86.83万,1116.30万
2829,600408,安泰集团,3.16,0.32%,1.21%,1909.02万,1922.66万,-13.64万,3840.05万
2830,688320,禾川科技,31.3,0.32%,0.52%,1232.44万,1207.39万,25.05万,2478.44万
2831,603055,台华新材,9.5,0.32%,0.24%,1218.84万,774.62万,444.22万,2001.83万
2832,603800,洪田股份,46.67,0.32%,1.55%,6902.21万,7924.37万,-1022.16万,1.49亿
2833,603711,香飘飘,12.49,0.32%,0.12%,340.97万,289.59万,51.38万,636.05万
2834,603683,晶华新材,28.28,0.32%,2.42%,1.04亿,9277.66万,1075.63万,1.97亿
2835,601788,光大证券,15.62,0.32%,0.14%,3935.33万,4141.12万,-205.79万,8211.78万
2836,600999,招商证券,15.9,0.32%,0.12%,7112.81万,6697.84万,414.97万,1.41亿
2837,600958,东方证券,9.31,0.32%,0.20%,6455.77万,7308.33万,-852.56万,1.40亿
2838,600577,精达股份,12.38,0.32%,0.79%,1.19亿,8925.67万,2996.84万,2.11亿
2839,600477,杭萧钢构,3.15,0.32%,0.55%,1832.56万,2233.03万,-400.47万,4078.97万
2840,600455,博通股份,25.37,0.32%,0.82%,678.20万,605.97万,72.24万,1291.52万
2841,600155,华创云信,6.34,0.32%,0.40%,3213.52万,2096.62万,1116.90万,5590.03万
2842,300670,大烨智能,6.34,0.32%,1.80%,1348.04万,1196.38万,151.66万,2560.64万
2843,301136,招标股份,15.84,0.32%,0.64%,1396.72万,1333.62万,63.10万,2772.46万
2844,2861,瀛通通讯,15.75,0.32%,1.02%,1297.67万,1084.55万,213.12万,2409.92万
2845,2326,永太科技,24.73,0.32%,2.57%,2.42亿,2.65亿,-2267.93万,5.18亿
2846,2027,分众传媒,6.32,0.32%,0.39%,1.83亿,1.64亿,1886.94万,3.52亿
2847,888,峨眉山A,12.52,0.32%,1.32%,4894.87万,3739.70万,1155.17万,8717.99万
2848,795,英洛华,9.29,0.32%,0.44%,2140.60万,2416.56万,-275.96万,4596.06万
2849,600,建投能源,9.27,0.32%,0.79%,3906.75万,4061.27万,-154.52万,8040.34万
2850,518,*ST四环,3.1,0.32%,0.83%,1282.75万,1349.43万,-66.68万,2694.48万
2851,600,建投能源,9.27,0.32%,0.79%,3906.75万,4061.27万,-154.52万,8040.34万
2852,518,*ST四环,3.1,0.32%,0.83%,1282.75万,1349.43万,-66.68万,2694.48万
2853,688775,影石创新,195.51,0.31%,0.86%,2545.17万,2883.66万,-338.49万,5525.59万
2854,600262,北方股份,25.91,0.31%,1.21%,3110.25万,2162.83万,947.42万,5317.18万
2855,688409,富创精密,100.41,0.31%,0.58%,8354.34万,9158.54万,-804.19万,1.78亿
2856,2188,中天服务,6.4,0.31%,1.95%,1463.20万,1725.52万,-262.33万,3205.67万
2857,2165,红宝丽,9.66,0.31%,1.90%,6102.01万,6950.17万,-848.17万,1.33亿
2858,816,智慧农业,3.2,0.31%,0.51%,1271.28万,1061.79万,209.49万,2340.81万
2859,300185,通裕重工,3.2,0.31%,1.25%,7319.74万,7147.86万,171.88万,1.54亿
2860,600358,ST联合,6.47,0.31%,0.77%,1212.55万,1273.86万,-61.31万,2530.45万
2861,3032,*ST传智,6.38,0.31%,0.78%,847.70万,496.95万,350.74万,1366.98万
2862,3040,楚天龙,16.0,0.31%,0.42%,1609.04万,1393.57万,215.47万,3081.06万
2863,688143,长盈通,61.94,0.31%,2.53%,1.08亿,7914.13万,2858.58万,1.90亿
2864,601011,宝泰隆,3.22,0.31%,0.50%,1319.17万,1723.17万,-404.00万,3099.23万
2865,603385,惠达卫浴,6.42,0.31%,0.35%,496.65万,353.91万,142.74万,858.07万
2866,2755,奥赛康,16.21,0.31%,0.97%,7538.15万,6378.58万,1159.57万,1.45亿
2867,601928,凤凰传媒,9.74,0.31%,0.08%,1405.83万,572.61万,833.22万,2086.91万
2868,601878,浙商证券,9.7,0.31%,0.13%,3241.74万,2628.30万,613.43万,5928.57万
2869,601228,广州港,3.26,0.31%,0.15%,2031.53万,1550.01万,481.52万,3609.08万
2870,601038,一拖股份,12.87,0.31%,0.39%,1720.64万,1905.79万,-185.16万,3698.58万
2871,600505,西昌电力,12.79,0.31%,0.75%,1906.47万,1563.36万,343.12万,3481.98万
2872,603215,比依股份,19.24,0.31%,0.18%,318.55万,305.46万,13.09万,630.75万
2873,600208,衢州发展,3.24,0.31%,0.17%,2442.93万,2370.08万,72.86万,4865.34万
2874,600006,东风股份,6.38,0.31%,0.12%,668.60万,793.06万,-124.46万,1483.47万
2875,300175,ST朗源,6.49,0.31%,0.35%,490.56万,574.86万,-84.30万,1073.22万
2876,300022,吉峰科技,9.74,0.31%,2.01%,4278.47万,4921.98万,-643.51万,9668.73万
2877,605128,上海沿浦,35.32,0.31%,0.36%,1482.71万,1119.34万,363.36万,2653.91万
2878,2032,苏泊尔,45.72,0.31%,0.11%,2313.64万,1619.87万,693.77万,3949.96万
2879,561,烽火电子,9.84,0.31%,0.61%,2670.64万,1929.47万,741.17万,4606.61万
2880,2303,美盈森,3.35,0.30%,0.59%,920.45万,961.74万,-41.29万,1912.00万
2881,603082,北自科技,36.78,0.30%,0.68%,457.17万,549.67万,-92.51万,1009.78万
2882,1202,炬申股份,16.99,0.30%,0.38%,412.15万,318.72万,93.42万,744.61万
2883,301300,远翔新材,43.53,0.30%,0.79%,535.66万,770.00万,-234.34万,1328.75万
2884,688297,中无人机,49.44,0.30%,0.41%,6511.41万,7003.60万,-492.19万,1.36亿
2885,605138,盛泰集团,6.76,0.30%,0.14%,287.93万,222.43万,65.51万,522.37万
2886,300141,和顺电气,13.26,0.30%,1.04%,1699.19万,1753.17万,-53.98万,3495.34万
2887,605589,圣泉集团,36.66,0.30%,1.47%,2.00亿,2.52亿,-5242.86万,4.53亿
2888,688728,格科微,13.21,0.30%,0.15%,2381.06万,2481.61万,-100.55万,4928.17万
2889,300887,谱尼测试,9.99,0.30%,0.88%,1589.09万,1528.92万,60.17万,3195.22万
2890,688606,奥泰生物,61.08,0.30%,0.11%,212.75万,313.28万,-100.54万,529.95万
2891,300894,火星人,10.01,0.30%,0.29%,412.33万,438.07万,-25.74万,854.21万
2892,300821,东岳硅材,13.54,0.30%,1.61%,1.31亿,1.28亿,232.40万,2.62亿
2893,300790,宇瞳光学,29.71,0.30%,2.63%,1.16亿,1.30亿,-1395.82万,2.52亿
2894,603317,天味食品,13.19,0.30%,0.23%,1782.97万,1430.46万,352.51万,3261.20万
2895,601229,上海银行,9.91,0.30%,0.11%,8779.78万,5973.00万,2806.78万,1.50亿
2896,600742,富维股份,10.13,0.30%,0.36%,1561.81万,1100.27万,461.54万,2680.42万
2897,600489,中金黄金,26.82,0.30%,0.38%,2.48亿,2.39亿,866.54万,4.90亿
2898,600060,海信视像,23.14,0.30%,0.29%,4420.97万,4138.06万,282.92万,8876.07万
2899,301512,智信精密,46.05,0.30%,0.88%,594.25万,382.79万,211.47万,1000.03万
2900,2897,意华股份,66.5,0.30%,2.83%,1.63亿,1.71亿,-760.38万,3.43亿
2901,688184,ST帕瓦,10.48,0.29%,0.34%,96.05万,262.10万,-166.05万,358.78万
2902,601012,隆基绿能,17.43,0.29%,0.50%,3.22亿,3.34亿,-1203.06万,6.65亿
2903,603818,曲美家居,3.4,0.29%,0.57%,670.88万,653.71万,17.16万,1326.02万
2904,300771,智莱科技,13.91,0.29%,1.24%,1458.18万,1544.42万,-86.24万,3069.20万
2905,300629,新劲刚,24.05,0.29%,1.57%,3782.61万,4257.80万,-475.19万,8215.71万
2906,300352,北信源,7.03,0.29%,1.43%,6523.46万,6129.87万,393.59万,1.28亿
2907,300081,ST恒信,3.48,0.29%,2.19%,2049.95万,2444.33万,-394.39万,4579.42万
2908,2526,山东矿机,3.46,0.29%,0.43%,1182.30万,1408.30万,-226.00万,2613.83万
2909,2489,浙江永强,3.45,0.29%,0.32%,1194.95万,931.70万,263.25万,2138.38万
2910,2293,罗莱生活,10.31,0.29%,0.27%,1244.60万,1004.17万,240.43万,2285.80万
2911,2041,登海种业,10.41,0.29%,0.44%,2407.97万,1584.71万,823.25万,4006.84万
2912,952,广济药业,6.95,0.29%,0.81%,1030.86万,851.38万,179.48万,1923.80万
2913,712,锦龙股份,10.52,0.29%,0.32%,1518.44万,1462.47万,55.97万,3008.26万
2914,301591,肯特股份,42.48,0.28%,1.26%,933.01万,839.39万,93.62万,1818.71万
2915,301306,西测测试,175.5,0.28%,9.87%,4.76亿,5.25亿,-4891.94万,10.04亿
2916,301069,凯盛新材,21.57,0.28%,0.50%,1642.72万,2848.93万,-1206.21万,4614.59万
2917,603209,兴通股份,14.51,0.28%,0.42%,942.26万,1011.62万,-69.35万,1969.99万
2918,688586,江航装备,14.45,0.28%,0.34%,1964.77万,1895.43万,69.34万,3873.30万
2919,301323,新莱福,63.67,0.28%,1.66%,3746.01万,3278.00万,468.01万,7079.95万
2920,603681,永冠新材,18.19,0.28%,0.80%,1617.74万,1531.59万,86.15万,3200.78万
2921,600782,新钢股份,3.54,0.28%,0.58%,3058.56万,3363.43万,-304.87万,6455.69万
2922,600515,海南机场,3.63,0.28%,0.21%,2765.23万,4150.77万,-1385.54万,6994.95万
2923,600506,统一股份,21.36,0.28%,0.70%,1217.17万,1540.93万,-323.75万,2834.71万
2924,600325,华发股份,3.55,0.28%,0.45%,2344.41万,2062.19万,282.21万,4411.39万
2925,600177,雅戈尔,7.29,0.28%,0.25%,4593.03万,3890.51万,702.52万,8624.09万
2926,300652,雷迪克,43.32,0.28%,0.49%,1170.58万,1382.25万,-211.67万,2577.10万
2927,300546,雄帝科技,21.75,0.28%,0.76%,1015.98万,1156.21万,-140.23万,2219.49万
2928,300441,鲍斯股份,7.12,0.28%,0.15%,256.20万,390.88万,-134.68万,649.21万
2929,2670,国盛证券,14.54,0.28%,0.21%,2375.24万,2516.21万,-140.97万,4976.67万
2930,2510,天汽模,7.08,0.28%,0.68%,2339.61万,2408.90万,-69.29万,4835.04万
2931,965,天保基建,3.64,0.28%,0.58%,968.58万,1357.37万,-388.79万,2343.53万
2932,2058,*ST威尔,21.99,0.27%,0.42%,620.90万,680.69万,-59.79万,1320.48万
2933,301056,森赫股份,14.79,0.27%,0.89%,1089.81万,1190.73万,-100.92万,2338.61万
2934,605318,法狮龙,94.95,0.27%,1.27%,8273.88万,6758.28万,1515.59万,1.53亿
2935,603298,杭叉集团,25.61,0.27%,0.15%,2766.14万,2384.25万,381.88万,5182.13万
2936,600980,北矿科技,22.38,0.27%,0.34%,796.44万,619.87万,176.56万,1437.80万
2937,600261,阳光照明,3.67,0.27%,0.24%,659.84万,486.00万,173.84万,1155.43万
2938,600206,有研新材,22.12,0.27%,1.71%,1.54亿,1.60亿,-574.67万,3.20亿
2939,600099,林海股份,11.25,0.27%,0.53%,593.60万,698.60万,-105.00万,1298.05万
2940,600033,福建高速,3.67,0.27%,0.40%,1584.88万,2406.75万,-821.87万,4015.54万
2941,300786,国林科技,14.72,0.27%,0.77%,794.60万,857.94万,-63.35万,1661.81万
2942,300761,立华股份,22.02,0.27%,0.87%,6738.31万,4808.24万,1930.08万,1.18亿
2943,300515,三德科技,18.25,0.27%,0.47%,907.86万,806.74万,101.12万,1732.49万
2944,300135,宝利国际,3.75,0.27%,0.84%,1437.47万,1403.69万,33.78万,2896.65万
2945,300020,ST银江,3.69,0.27%,1.94%,2672.96万,2827.21万,-154.25万,5518.57万
2946,300008,天海防务,7.56,0.27%,1.16%,7211.97万,6746.18万,465.79万,1.44亿
2947,2673,西部证券,7.36,0.27%,0.18%,3749.05万,2214.79万,1534.26万,6020.86万
2948,2478,常宝股份,10.98,0.27%,2.58%,9455.24万,1.09亿,-1428.76万,2.05亿
2949,2084,海鸥住工,3.75,0.27%,0.91%,1277.23万,905.18万,372.05万,2199.66万
2950,881,中广核技,7.51,0.27%,0.30%,873.14万,1179.66万,-306.52万,2067.39万
2951,2017,东信和平,18.95,0.26%,0.57%,3353.86万,2827.93万,525.93万,6249.61万
2952,728,国元证券,7.84,0.26%,0.15%,3073.53万,1783.03万,1290.51万,5025.63万
2953,698,ST沈化,3.88,0.26%,0.32%,602.37万,364.88万,237.49万,984.14万
2954,301,东方盛虹,11.49,0.26%,0.09%,3703.41万,3359.78万,343.63万,7139.34万
2955,1316,润贝航科,48.78,0.25%,0.70%,2085.14万,1613.19万,471.95万,3749.00万
2956,300227,光韵达,12.08,0.25%,1.44%,3771.83万,3541.36万,230.47万,7521.49万
2957,301296,新巨丰,7.87,0.25%,0.21%,381.34万,320.38万,60.96万,708.17万
2958,688662,富信科技,65.44,0.25%,2.14%,6155.47万,5866.12万,289.35万,1.23亿
2959,605169,洪通燃气,12.12,0.25%,0.30%,513.40万,468.92万,44.48万,1024.47万
2960,600067,冠城新材,4.08,0.25%,0.61%,1394.60万,2042.83万,-648.23万,3442.41万
2961,600853,龙建股份,3.97,0.25%,0.26%,489.73万,545.29万,-55.56万,1049.80万
2962,600498,烽火通信,48.6,0.25%,3.02%,9.46亿,8.79亿,6673.90万,18.50亿
2963,300682,朗新科技,16.24,0.25%,0.58%,5183.08万,4455.33万,727.75万,9810.63万
2964,300621,维业股份,8.14,0.25%,0.85%,538.20万,855.14万,-316.94万,1402.47万
2965,300542,新晨科技,16.25,0.25%,0.69%,1286.28万,1425.35万,-139.07万,2766.42万
2966,2817,黄山胶囊,7.95,0.25%,0.74%,759.20万,922.30万,-163.10万,1691.60万
2967,2648,卫星化学,27.99,0.25%,0.66%,2.76亿,3.32亿,-5628.41万,6.17亿
2968,2608,江苏国信,8.06,0.25%,0.16%,2987.16万,1970.91万,1016.25万,4988.29万
2969,2449,国星光电,8.08,0.25%,0.67%,1729.79万,1572.68万,157.11万,3337.69万
2970,2397,梦洁股份,4.09,0.25%,0.72%,796.17万,1050.32万,-254.15万,1909.12万
2971,301050,雷电微力,48.98,0.25%,1.16%,5487.89万,6180.84万,-692.95万,1.19亿
2972,520,凤凰航运,4.02,0.25%,0.49%,1013.52万,902.04万,111.48万,2004.32万
2973,1332,锡装股份,53.6,0.24%,1.04%,1308.01万,1328.41万,-20.40万,2657.86万
2974,301127,武汉天源,16.51,0.24%,0.47%,3115.20万,1793.96万,1321.24万,5034.78万
2975,688281,华秦科技,76.18,0.24%,0.27%,3005.24万,2483.74万,521.50万,5522.93万
2976,601065,江盐集团,8.38,0.24%,0.31%,564.29万,482.30万,81.98万,1087.36万
2977,300942,易瑞生物,8.46,0.24%,0.63%,972.19万,1148.82万,-176.63万,2139.52万
2978,688273,麦澜德,46.5,0.24%,1.95%,5351.56万,3510.01万,1841.54万,8884.05万
2979,605069,正和生态,12.45,0.24%,0.71%,963.88万,881.89万,82.00万,1868.67万
2980,300831,派瑞股份,16.87,0.24%,2.88%,4403.49万,4456.13万,-52.64万,8924.23万
2981,600803,新奥股份,20.82,0.24%,0.08%,2401.40万,2582.69万,-181.29万,5228.02万
2982,600121,郑州煤电,4.14,0.24%,1.27%,3044.68万,3287.84万,-243.15万,6366.50万
2983,605111,新洁能,37.78,0.24%,0.73%,4719.95万,6314.88万,-1594.94万,1.15亿
2984,603365,水星家纺,20.88,0.24%,0.40%,1501.26万,665.29万,835.96万,2169.06万
2985,600505,西昌电力,12.78,0.24%,0.80%,1991.83万,1661.83万,330.00万,3732.87万
2986,300387,富邦科技,8.5,0.24%,0.89%,1178.92万,967.16万,211.76万,2185.74万
2987,300360,炬华科技,16.44,0.24%,0.51%,1797.07万,2344.82万,-547.76万,4205.29万
2988,2612,朗姿股份,17.04,0.24%,0.86%,2017.05万,1624.56万,392.49万,3715.44万
2989,2541,鸿路钢构,21.18,0.24%,0.37%,2098.30万,1763.83万,334.48万,3882.88万
2990,2329,皇氏集团,4.18,0.24%,2.67%,3496.99万,3627.75万,-130.76万,7243.71万
2991,2251,步步高,4.22,0.24%,0.62%,2746.08万,2874.15万,-128.08万,5636.56万
2992,2208,合肥城建,12.3,0.24%,1.48%,7456.55万,7016.43万,440.12万,1.46亿
2993,2140,东华科技,12.44,0.24%,0.37%,1623.95万,1574.46万,49.50万,3216.34万
2994,605108,同庆楼,16.77,0.24%,0.37%,777.75万,787.37万,-9.61万,1629.77万
2995,848,承德露露,8.2,0.24%,0.34%,1537.81万,1247.07万,290.74万,2852.66万
2996,768,中航西飞,24.73,0.24%,0.32%,9062.41万,1.27亿,-3604.77万,2.18亿
2997,678,襄阳轴承,12.63,0.24%,1.00%,2448.58万,3314.61万,-866.03万,5796.42万
2998,6,深振业A,8.8,0.23%,0.38%,2049.01万,2388.96万,-339.94万,4537.06万
2999,688312,燕麦科技,60.8,0.23%,2.36%,9659.45万,1.11亿,-1413.26万,2.08亿
3000,688235,百济神州,254.99,0.23%,1.94%,3.07亿,2.55亿,5236.36万,5.66亿
3001,158,常山北明,17.6,0.23%,0.56%,7556.06万,7770.53万,-214.47万,1.55亿
3002,63,中兴通讯,35.29,0.23%,0.73%,5.30亿,4.97亿,3337.46万,10.41亿
3003,603350,安乃达,36.81,0.22%,1.82%,1407.38万,1543.79万,-136.41万,2973.62万
3004,301305,朗坤科技,27.06,0.22%,1.62%,2758.15万,2645.66万,112.49万,5423.02万
3005,301332,德尔玛,9.32,0.22%,0.38%,560.06万,363.93万,196.14万,927.44万
3006,301125,腾亚精工,22.68,0.22%,2.33%,2896.36万,3661.95万,-765.59万,6786.40万
3007,688073,毕得医药,62.84,0.22%,0.48%,1346.15万,1320.23万,25.92万,2702.12万
3008,301191,菲菱科思,151.35,0.22%,6.01%,2.41亿,2.36亿,524.98万,4.78亿
3009,300155,安居宝,4.65,0.22%,0.61%,473.32万,446.80万,26.51万,938.57万
3010,301065,本立科技,22.94,0.22%,0.74%,673.50万,736.64万,-63.14万,1463.59万
3011,601058,赛轮轮胎,13.83,0.22%,0.51%,1.07亿,1.21亿,-1388.43万,2.32亿
3012,600559,老白干酒,13.6,0.22%,0.30%,2206.61万,1405.88万,800.73万,3666.89万
3013,600925,苏能股份,4.56,0.22%,0.13%,521.58万,410.87万,110.72万,937.24万
3014,600348,华阳股份,9.25,0.22%,0.41%,7655.66万,5761.51万,1894.15万,1.36亿
3015,600273,嘉化能源,9.02,0.22%,0.35%,2067.75万,2044.54万,23.21万,4143.05万
3016,300733,西菱动力,18.08,0.22%,0.87%,1532.22万,1942.59万,-410.38万,3533.23万
3017,300422,博世科,4.53,0.22%,0.69%,896.46万,697.37万,199.09万,1594.60万
3018,300247,融捷健康,4.62,0.22%,0.40%,655.90万,794.93万,-139.04万,1482.98万
3019,300080,易成新能,4.62,0.22%,0.56%,2179.97万,2595.92万,-415.95万,4837.83万
3020,2413,雷科防务,13.51,0.22%,3.94%,3.50亿,3.22亿,2870.97万,6.82亿
3021,2394,联发股份,13.38,0.22%,0.63%,1356.30万,1309.23万,47.07万,2699.23万
3022,1338,永顺泰,13.44,0.22%,0.59%,2196.09万,1760.72万,435.37万,4006.41万
3023,885,城发环境,13.54,0.22%,0.40%,2055.81万,1366.18万,689.62万,3463.15万
3024,985,大庆华科,18.65,0.21%,0.32%,398.97万,356.51万,42.46万,779.34万
3025,2586,ST围海,4.88,0.21%,0.18%,463.58万,487.14万,-23.56万,951.55万
3026,1216,华瓷股份,18.91,0.21%,0.50%,1202.26万,1080.43万,121.83万,2299.14万
3027,301103,何氏眼科,19.37,0.21%,0.49%,537.79万,591.22万,-53.43万,1142.38万
3028,688271,联影医疗,114.24,0.21%,0.17%,6974.55万,9315.13万,-2340.58万,1.64亿
3029,603759,海天股份,9.36,0.21%,0.26%,459.71万,587.99万,-128.29万,1100.73万
3030,301539,宏鑫科技,19.2,0.21%,0.47%,365.78万,295.52万,70.26万,672.25万
3031,300960,通业科技,24.04,0.21%,0.51%,735.06万,856.17万,-121.10万,1610.94万
3032,603098,森特股份,14.11,0.21%,0.47%,2125.97万,1425.59万,700.37万,3563.98万
3033,301151,冠龙节能,18.7,0.21%,0.21%,308.56万,343.82万,-35.26万,663.97万
3034,688388,嘉元科技,48.7,0.21%,2.39%,2.61亿,2.61亿,35.56万,5.25亿
3035,603936,博敏电子,14.27,0.21%,1.89%,9135.84万,7468.68万,1667.17万,1.69亿
3036,603797,联泰环保,4.67,0.21%,0.22%,293.55万,277.22万,16.34万,576.93万
3037,603199,九华旅游,38.06,0.21%,1.22%,2345.66万,2664.03万,-318.37万,5106.83万
3038,601368,绿城水务,4.8,0.21%,0.18%,411.15万,267.34万,143.81万,762.48万
3039,601336,新华保险,61.79,0.21%,0.26%,1.74亿,1.51亿,2336.91万,3.35亿
3040,600826,兰生股份,9.51,0.21%,0.20%,693.95万,721.33万,-27.38万,1423.93万
3041,300677,英科医疗,52.85,0.21%,1.82%,2.15亿,2.18亿,-302.52万,4.40亿
3042,300349,金卡智能,14.19,0.21%,0.54%,1244.33万,1502.95万,-258.62万,2816.37万
3043,300034,钢研高纳,19.14,0.21%,0.68%,4978.07万,4805.89万,172.19万,9988.20万
3044,301550,斯菱智驱,159.04,0.21%,3.84%,4.21亿,4.66亿,-4493.72万,8.92亿
3045,2453,华软科技,4.83,0.21%,0.59%,970.94万,734.21万,236.73万,1744.89万
3046,2383,合众思壮,9.62,0.21%,0.60%,2074.41万,2102.47万,-28.06万,4250.93万
3047,2273,水晶光电,29.09,0.21%,2.28%,4.82亿,4.11亿,7112.26万,8.99亿
3048,1696,宗申动力,19.16,0.21%,0.80%,6863.56万,6538.56万,325.00万,1.36亿
3049,557,西部创业,4.68,0.21%,0.13%,462.07万,443.40万,18.67万,905.70万
3050,166,申万宏源,4.76,0.21%,0.12%,6760.85万,5165.88万,1594.97万,1.31亿
3051,2413,雷科防务,13.51,0.22%,3.94%,3.50亿,3.22亿,2870.97万,6.82亿
3052,2394,联发股份,13.38,0.22%,0.63%,1356.30万,1309.23万,47.07万,2699.23万
3053,1338,永顺泰,13.44,0.22%,0.59%,2196.09万,1760.72万,435.37万,4006.41万
3054,885,城发环境,13.54,0.22%,0.40%,2055.81万,1366.18万,689.62万,3463.15万
3055,985,大庆华科,18.65,0.21%,0.32%,398.97万,356.51万,42.46万,779.34万
3056,2586,ST围海,4.88,0.21%,0.18%,463.58万,487.14万,-23.56万,951.55万
3057,1216,华瓷股份,18.91,0.21%,0.50%,1202.26万,1080.43万,121.83万,2299.14万
3058,301103,何氏眼科,19.37,0.21%,0.49%,537.79万,591.22万,-53.43万,1142.38万
3059,688271,联影医疗,114.24,0.21%,0.17%,6974.55万,9315.13万,-2340.58万,1.64亿
3060,603759,海天股份,9.36,0.21%,0.26%,459.71万,587.99万,-128.29万,1100.73万
3061,301539,宏鑫科技,19.2,0.21%,0.47%,365.78万,295.52万,70.26万,672.25万
3062,300960,通业科技,24.04,0.21%,0.51%,735.06万,856.17万,-121.10万,1610.94万
3063,603098,森特股份,14.11,0.21%,0.47%,2125.97万,1425.59万,700.37万,3563.98万
3064,301151,冠龙节能,18.7,0.21%,0.21%,308.56万,343.82万,-35.26万,663.97万
3065,688388,嘉元科技,48.7,0.21%,2.39%,2.61亿,2.61亿,35.56万,5.25亿
3066,603936,博敏电子,14.27,0.21%,1.89%,9135.84万,7468.68万,1667.17万,1.69亿
3067,603797,联泰环保,4.67,0.21%,0.22%,293.55万,277.22万,16.34万,576.93万
3068,603199,九华旅游,38.06,0.21%,1.22%,2345.66万,2664.03万,-318.37万,5106.83万
3069,601368,绿城水务,4.8,0.21%,0.18%,411.15万,267.34万,143.81万,762.48万
3070,601336,新华保险,61.79,0.21%,0.26%,1.74亿,1.51亿,2336.91万,3.35亿
3071,600764,中国海防,24.25,0.21%,0.18%,1458.01万,1701.27万,-243.26万,3171.16万
3072,600621,华鑫股份,14.19,0.21%,0.27%,1836.30万,2177.12万,-340.83万,4023.07万
3073,600572,康恩贝,4.81,0.21%,10.29%,6.81亿,6.10亿,7066.37万,12.94亿
3074,600543,莫高股份,4.73,0.21%,0.32%,253.08万,231.58万,21.50万,487.98万
3075,600236,桂冠电力,9.7,0.21%,0.07%,2757.30万,2550.88万,206.43万,5374.53万
3076,300677,英科医疗,52.85,0.21%,1.82%,2.15亿,2.18亿,-302.52万,4.40亿
3077,300349,金卡智能,14.19,0.21%,0.54%,1244.33万,1502.95万,-258.62万,2816.37万
3078,300034,钢研高纳,19.14,0.21%,0.68%,4978.07万,4805.89万,172.19万,9988.20万
3079,301550,斯菱智驱,159.04,0.21%,3.84%,4.21亿,4.66亿,-4493.72万,8.92亿
3080,2453,华软科技,4.83,0.21%,0.59%,970.94万,734.21万,236.73万,1744.89万
3081,2383,合众思壮,9.62,0.21%,0.60%,2074.41万,2102.47万,-28.06万,4250.93万
3082,2273,水晶光电,29.09,0.21%,2.28%,4.82亿,4.11亿,7112.26万,8.99亿
3083,1696,宗申动力,19.16,0.21%,0.80%,6863.56万,6538.56万,325.00万,1.36亿
3084,557,西部创业,4.68,0.21%,0.13%,462.07万,443.40万,18.67万,905.70万
3085,166,申万宏源,4.76,0.21%,0.12%,6760.85万,5165.88万,1594.97万,1.31亿
3086,1396,誉帆科技,45.87,0.20%,1.37%,727.99万,655.16万,72.83万,1418.93万
3087,600658,电子城,5.09,0.20%,2.06%,5357.40万,6015.63万,-658.22万,1.17亿
3088,688733,壹石通,29.79,0.20%,1.19%,3508.57万,3478.78万,29.80万,7040.61万
3089,301101,明月镜片,34.9,0.20%,0.26%,773.73万,938.66万,-164.93万,1755.32万
3090,688230,芯导科技,64.74,0.20%,0.27%,1216.65万,797.13万,419.53万,2031.67万
3091,603928,兴业股份,14.74,0.20%,0.37%,696.14万,699.66万,-3.52万,1407.45万
3092,1914,招商积余,9.89,0.20%,0.20%,1054.41万,973.48万,80.93万,2030.56万
3093,688017,绿的谐波,206.92,0.20%,1.27%,2.30亿,2.57亿,-2719.41万,4.89亿
3094,2548,金新农,5.08,0.20%,0.98%,2091.45万,1710.31万,381.14万,3999.16万
3095,603169,兰石重装,9.98,0.20%,0.53%,3262.32万,3576.81万,-314.49万,6877.30万
3096,600320,振华重工,5.07,0.20%,0.35%,2727.79万,3242.58万,-514.79万,6004.60万
3097,600161,天坛生物,15.01,0.20%,0.21%,2803.34万,3294.13万,-490.79万,6122.96万
3098,600132,重庆啤酒,54.21,0.20%,0.23%,3046.76万,2691.28万,355.48万,6149.02万
3099,300736,百邦科技,19.86,0.20%,3.19%,3577.05万,4173.22万,-596.16万,7818.26万
3100,300586,美联新材,10.08,0.20%,1.27%,3040.88万,3678.34万,-637.46万,6838.35万
3101,2563,森马服饰,5.21,0.19%,0.19%,1264.79万,915.77万,349.01万,2201.01万
3102,2544,普天科技,26.72,0.19%,0.61%,6219.48万,4693.70万,1525.78万,1.11亿
3103,2106,莱宝高科,10.61,0.19%,0.42%,1234.08万,1915.72万,-681.64万,3169.86万
3104,858,五粮液,103.75,0.19%,0.12%,2.39亿,2.23亿,1670.83万,4.65亿
3105,567,海德股份,5.33,0.19%,0.19%,781.10万,1147.87万,-366.77万,1935.95万
3106,59,华锦股份,5.28,0.19%,0.47%,2097.68万,1795.62万,302.07万,3922.40万
3107,688581,安杰思,56.06,0.18%,0.19%,185.23万,243.80万,-58.57万,442.40万
3108,2991,甘源食品,50.25,0.18%,0.35%,448.42万,421.54万,26.88万,873.99万
3109,301311,昆船智能,16.74,0.18%,0.22%,367.84万,479.07万,-111.23万,875.89万
3110,301696,三瑞智能,114.2,0.18%,22.04%,3.65亿,3.74亿,-898.34万,7.45亿
3111,301205,联特科技,262.36,0.18%,4.83%,5.22亿,5.19亿,250.53万,10.62亿
3112,688026,洁特生物,16.25,0.18%,0.48%,590.33万,508.02万,82.31万,1103.88万
3113,301687,新广益,56.72,0.18%,4.44%,3129.10万,4307.08万,-1177.99万,7487.78万
3114,603933,睿能科技,22.72,0.18%,1.93%,4086.92万,4871.34万,-784.42万,9076.39万
3115,603500,祥和实业,11.21,0.18%,0.40%,803.91万,663.88万,140.02万,1468.80万
3116,603079,圣达生物,16.57,0.18%,0.41%,617.85万,647.48万,-29.63万,1267.32万
3117,600982,宁波能源,5.66,0.18%,3.22%,1.03亿,9936.66万,316.16万,2.04亿
3118,600802,福建水泥,5.63,0.18%,0.68%,1034.01万,691.88万,342.13万,1748.80万
3119,600668,尖峰集团,11.3,0.18%,0.87%,1577.05万,2383.47万,-806.42万,4047.46万
3120,600158,中体产业,11.28,0.18%,3.18%,1.93亿,1.48亿,4551.33万,3.44亿
3121,600107,ST尔雅,5.63,0.18%,0.32%,361.96万,280.34万,81.62万,654.12万
3122,2800,天顺股份,16.87,0.18%,2.11%,2518.32万,2464.00万,54.32万,5213.33万
3123,937,冀中能源,5.54,0.18%,0.14%,1849.99万,894.23万,955.75万,2752.14万
3124,886,海南高速,5.7,0.18%,0.34%,981.81万,885.42万,96.39万,1871.16万
3125,837,秦川机床,10.87,0.18%,0.40%,1991.90万,2324.51万,-332.62万,4364.07万
3126,539,粤电力A,5.54,0.18%,0.91%,6487.17万,6262.29万,224.89万,1.29亿
3127,521,长虹美菱,5.69,0.18%,0.27%,539.09万,779.43万,-240.34万,1357.73万
3128,603125,常青科技,18.03,0.17%,0.17%,625.56万,577.96万,47.60万,1216.68万
3129,2333,罗普斯金,5.82,0.17%,1.36%,2604.68万,2629.69万,-25.02万,5255.36万
3130,601728,中国电信,5.84,0.17%,0.06%,1.20亿,1.61亿,-4107.91万,2.90亿
3131,600399,抚顺特钢,5.86,0.17%,0.84%,4658.64万,4770.30万,-111.66万,9691.41万
3132,605133,嵘泰股份,29.45,0.17%,1.63%,5591.90万,7716.11万,-2124.22万,1.36亿
3133,601686,友发集团,5.82,0.17%,0.10%,479.26万,356.17万,123.09万,864.07万
3134,601377,兴业证券,6.03,0.17%,0.33%,6829.87万,9764.79万,-2934.92万,1.71亿
3135,600860,京城股份,11.87,0.17%,1.21%,3108.55万,3181.96万,-73.41万,6353.78万
3136,600777,*ST新潮,5.83,0.17%,0.24%,4176.20万,4840.13万,-663.92万,9081.49万
3137,600712,南宁百货,5.94,0.17%,0.35%,598.33万,493.61万,104.72万,1123.86万
3138,600335,国机汽车,6.05,0.17%,0.23%,1006.95万,1108.25万,-101.30万,2129.00万
3139,600229,城市传媒,5.96,0.17%,0.14%,278.38万,290.06万,-11.68万,572.42万
3140,600148,长春一东,18.02,0.17%,0.31%,357.82万,421.24万,-63.43万,783.02万
3141,300456,赛微电子,52.51,0.17%,3.10%,5.07亿,4.61亿,4632.11万,9.77亿
3142,2953,日丰股份,12.09,0.17%,1.23%,1297.22万,1793.34万,-496.12万,3134.48万
3143,2688,金河生物,5.89,0.17%,0.63%,1272.68万,1247.20万,25.48万,2770.38万
3144,301105,鸿铭股份,58.74,0.17%,1.90%,943.04万,831.13万,111.90万,1806.94万
3145,2517,恺英网络,18.09,0.17%,1.18%,2.03亿,1.97亿,603.76万,4.02亿
3146,2419,天虹股份,5.76,0.17%,0.73%,2066.72万,2780.79万,-714.07万,4865.39万
3147,2407,多氟多,30.09,0.17%,5.20%,8.60亿,8.23亿,3645.00万,16.95亿
3148,2045,国光电器,11.86,0.17%,0.37%,1195.57万,1211.06万,-15.50万,2457.86万
3149,701,厦门信达,5.84,0.17%,0.58%,1126.95万,1136.35万,-9.40万,2265.11万
3150,572,海马汽车,5.81,0.17%,0.69%,3064.88万,3470.17万,-405.29万,6548.61万
3151,688439,振华风光,51.23,0.16%,0.42%,2767.27万,1530.58万,1236.70万,4333.11万
3152,301175,中科环保,6.25,0.16%,1.13%,1967.34万,2356.73万,-389.39万,4385.21万
3153,2582,好想你,12.26,0.16%,5.00%,7771.94万,1.14亿,-3673.09万,2.10亿
3154,688057,金达莱,12.41,0.16%,0.09%,167.15万,136.61万,30.54万,304.25万
3155,603123,翠微股份,12.62,0.16%,2.49%,8996.93万,1.15亿,-2541.79万,2.07亿
3156,688114,华大智造,51.16,0.16%,0.22%,2369.04万,2302.48万,66.56万,4682.25万
3157,601801,皖新传媒,6.12,0.16%,0.18%,1051.03万,1014.06万,36.97万,2122.52万
3158,603587,地素时尚,12.35,0.16%,0.13%,324.16万,447.83万,-123.67万,772.98万
3159,603002,宏昌电子,12.9,0.16%,5.27%,3.46亿,4.19亿,-7294.19万,7.72亿
3160,601949,中国出版,6.3,0.16%,0.15%,705.56万,1073.35万,-367.79万,1835.63万
3161,600859,王府井,12.3,0.16%,0.31%,1976.25万,2084.89万,-108.64万,4264.66万
3162,600006,东风股份,6.37,0.16%,0.13%,744.01万,825.87万,-81.86万,1660.79万
3163,300622,博士眼镜,24.89,0.16%,1.17%,2085.62万,2381.97万,-296.35万,4648.68万
3164,300474,景嘉微,60.94,0.16%,0.68%,7921.83万,8555.01万,-633.18万,1.67亿
3165,300402,宝色股份,19.1,0.16%,0.41%,874.90万,1001.63万,-126.73万,1897.74万
3166,2796,世嘉科技,48.65,0.16%,1.60%,1.02亿,7305.07万,2879.21万,1.76亿
3167,2142,宁波银行,31.57,0.16%,0.11%,9081.22万,1.32亿,-4161.86万,2.26亿
3168,2094,青岛金王,6.36,0.16%,0.71%,1446.36万,1664.51万,-218.15万,3122.77万
3169,2063,远光软件,6.43,0.16%,1.11%,6204.61万,6130.39万,74.22万,1.26亿
3170,2056,横店东磁,19.36,0.16%,0.73%,1.10亿,1.17亿,-714.93万,2.30亿
3171,623,吉林敖东,18.36,0.16%,0.29%,3055.66万,3312.12万,-256.46万,6373.65万
3172,1388,信通电子,39.51,0.15%,1.60%,980.55万,943.62万,36.93万,1958.94万
3173,719,中原传媒,13.74,0.15%,0.40%,1864.67万,1805.62万,59.05万,3719.10万
3174,603270,金帝股份,26.05,0.15%,1.81%,1450.03万,1850.93万,-400.90万,3327.53万
3175,1387,雪祺电气,13.18,0.15%,0.59%,401.38万,482.46万,-81.08万,899.81万
3176,301155,海力风电,66.37,0.15%,1.20%,4833.83万,4839.78万,-5.95万,9862.14万
3177,688616,西力科技,13.38,0.15%,0.39%,442.80万,464.37万,-21.57万,927.20万
3178,300883,龙利得,6.63,0.15%,2.19%,1844.28万,2954.59万,-1110.31万,4817.77万
3179,605333,沪光股份,26.25,0.15%,0.12%,603.57万,870.39万,-266.82万,1499.15万
3180,300845,捷安高科,12.94,0.15%,2.02%,1763.72万,1620.03万,143.69万,3751.12万
3181,603917,合力科技,13.02,0.15%,0.72%,985.87万,905.44万,80.43万,1915.13万
3182,603855,华荣股份,19.63,0.15%,0.16%,452.46万,614.24万,-161.78万,1070.82万
3183,601699,潞安环能,13.39,0.15%,0.28%,6072.93万,4804.36万,1268.57万,1.12亿
3184,600985,淮北矿业,13.75,0.15%,0.27%,5619.32万,4293.57万,1325.76万,1.00亿
3185,603628,清源股份,13.27,0.15%,0.93%,1736.50万,1592.54万,143.96万,3379.61万
3186,600731,湖南海利,6.83,0.15%,0.45%,865.65万,782.07万,83.58万,1650.18万
3187,300343,ST联创,6.62,0.15%,0.62%,1627.68万,2693.90万,-1066.22万,4389.58万
3188,300105,龙源技术,6.65,0.15%,0.38%,525.62万,714.59万,-188.97万,1283.35万
3189,300018,中元股份,12.93,0.15%,1.28%,3316.94万,3888.01万,-571.08万,7399.01万
3190,2408,齐翔腾达,6.81,0.15%,0.63%,5981.55万,5820.39万,161.16万,1.19亿
3191,682,东方电子,13.03,0.15%,1.03%,8718.46万,9154.20万,-435.74万,1.79亿
3192,633,合金投资,6.71,0.15%,0.57%,711.69万,752.15万,-40.46万,1471.75万
3193,14,沙河股份,13.13,0.15%,1.11%,1714.70万,1783.22万,-68.52万,3529.31万
3194,1366,播恩集团,13.98,0.14%,0.57%,631.75万,636.59万,-4.83万,1273.51万
3195,688550,瑞联新材,41.75,0.14%,0.39%,1254.18万,1533.15万,-278.96万,2843.95万
3196,688238,和元生物,7.21,0.14%,0.39%,886.12万,876.38万,9.74万,1785.85万
3197,301508,中机认检,29.41,0.14%,0.65%,420.13万,679.29万,-259.16万,1120.90万
3198,688291,金橙子,42.15,0.14%,0.54%,1014.83万,1284.77万,-269.93万,2322.49万
3199,688265,南模生物,43.85,0.14%,0.25%,411.64万,417.40万,-5.77万,836.02万
3200,603511,爱慕股份,14.25,0.14%,0.06%,179.04万,185.42万,-6.38万,366.17万
3201,910,大亚圣象,6.99,0.14%,0.16%,261.68万,363.79万,-102.11万,626.09万
3202,605080,浙江自然,23.91,0.13%,0.21%,336.56万,345.19万,-8.63万,693.22万
3203,301291,明阳电气,54.14,0.13%,4.04%,1.46亿,1.99亿,-5248.54万,3.50亿
3204,300804,广康生化,47.64,0.13%,3.42%,2251.52万,2149.13万,102.39万,4469.77万
3205,688041,海光信息,252.32,0.13%,0.41%,11.98亿,11.86亿,1160.16万,23.94亿
3206,2134,天津普林,22.26,0.13%,2.02%,5657.07万,5404.59万,252.48万,1.12亿
3207,300994,久祺股份,15.15,0.13%,0.75%,589.75万,692.66万,-102.91万,1323.43万
3208,300933,中辰股份,7.96,0.13%,1.09%,1974.36万,2603.40万,-629.04万,4695.68万
3209,688310,迈得医疗,15.76,0.13%,0.41%,514.29万,545.37万,-31.08万,1066.20万
3210,688418,震有科技,47.26,0.13%,1.99%,8547.62万,9083.61万,-535.99万,1.80亿
3211,688358,祥生医疗,29.68,0.13%,0.30%,481.56万,487.75万,-6.19万,978.21万
3212,300847,中船汉光,15.64,0.13%,0.47%,892.45万,1274.62万,-382.18万,2189.60万
3213,688029,南微医学,75.3,0.13%,0.14%,1013.13万,992.90万,20.23万,2014.12万
3214,603005,晶方科技,29.7,0.13%,1.71%,1.37亿,1.88亿,-5062.72万,3.30亿
3215,601236,红塔证券,7.78,0.13%,0.07%,1237.07万,1278.21万,-41.14万,2552.11万
3216,600990,四创电子,23.78,0.13%,0.57%,2060.13万,1469.33万,590.80万,3651.20万
3217,600814,杭州解百,7.6,0.13%,0.33%,994.24万,865.26万,128.98万,1861.09万
3218,600547,山东黄金,38.83,0.13%,0.45%,3.34亿,2.80亿,5339.96万,6.29亿
3219,300665,飞鹿股份,7.62,0.13%,0.77%,749.77万,510.14万,239.63万,1275.51万
3220,300468,四方精创,31.62,0.13%,1.97%,1.49亿,1.79亿,-2948.99万,3.31亿
3221,300144,宋城演艺,7.86,0.13%,0.59%,5262.29万,5585.92万,-323.63万,1.10亿
3222,300030,阳普医疗,7.71,0.13%,0.94%,853.01万,1074.98万,-221.97万,1973.02万
3223,2763,汇洁股份,7.99,0.13%,0.65%,697.09万,861.12万,-164.04万,1571.95万
3224,2584,西陇科学,7.58,0.13%,0.83%,1300.76万,1629.03万,-328.27万,2948.97万
3225,2370,亚太药业,7.53,0.13%,7.05%,1.90亿,1.97亿,-713.72万,3.96亿
3226,921,海信家电,22.58,0.13%,0.29%,3061.54万,2955.03万,106.52万,6123.92万
3227,603210,泰鸿万立,16.83,0.12%,0.39%,718.58万,815.18万,-96.60万,1537.29万
3228,603205,健尔康,25.93,0.12%,0.33%,171.90万,173.27万,-1.37万,346.99万
3229,1218,丽臣实业,25.18,0.12%,0.74%,1027.46万,705.26万,322.19万,1738.26万
3230,670,盈方微,8.01,0.12%,2.38%,6859.70万,8699.63万,-1839.93万,1.56亿
3231,688716,中研股份,33.1,0.12%,0.63%,649.63万,781.65万,-132.02万,1451.85万
3232,688285,高铁电气,8.56,0.12%,0.29%,395.82万,513.17万,-117.35万,923.03万
3233,300959,线上线下,82.6,0.12%,2.22%,4899.33万,4489.30万,410.03万,9582.92万
3234,605277,新亚电子,24.16,0.12%,0.66%,2585.31万,2428.95万,156.36万,5087.21万
3235,603489,八方股份,34.04,0.12%,0.52%,2278.80万,1885.60万,393.21万,4204.57万
3236,688012,中微公司,320.74,0.12%,0.57%,5.56亿,5.91亿,-3543.70万,11.50亿
3237,603712,七一二,16.49,0.12%,0.36%,2346.21万,2138.45万,207.76万,4575.88万
3238,603357,设计总院,8.08,0.12%,0.21%,441.26万,417.61万,23.66万,930.80万
3239,601101,昊华能源,8.24,0.12%,0.28%,2001.65万,1250.18万,751.46万,3299.62万
3240,600660,福耀玻璃,59.1,0.12%,0.28%,1.60亿,1.69亿,-893.41万,3.34亿
3241,600373,中文传媒,8.48,0.12%,0.21%,1211.06万,1160.18万,50.87万,2386.43万
3242,600276,恒瑞医药,57.8,0.12%,0.48%,8.91亿,8.48亿,4244.50万,17.57亿
3243,600232,金鹰股份,8.62,0.12%,0.69%,1134.58万,998.20万,136.38万,2148.74万
3244,600199,金种子酒,8.08,0.12%,0.41%,1095.42万,1077.76万,17.66万,2211.15万
3245,600109,国金证券,8.68,0.12%,0.23%,3617.27万,3777.33万,-160.05万,7572.95万
3246,300773,拉卡拉,25.1,0.12%,2.13%,1.87亿,1.98亿,-1095.45万,3.92亿
3247,300527,ST应急,8.12,0.12%,0.22%,802.54万,951.49万,-148.95万,1826.63万
3248,300087,荃银高科,8.05,0.12%,0.49%,2200.43万,1299.01万,901.42万,3531.20万
3249,300042,朗科科技,48.83,0.12%,6.54%,3.28亿,2.99亿,2856.51万,6.37亿
3250,2966,苏州银行,8.63,0.12%,0.39%,8864.30万,5882.44万,2981.86万,1.48亿
3251,600276,恒瑞医药,57.8,0.12%,0.48%,8.91亿,8.48亿,4244.50万,17.57亿
3252,600232,金鹰股份,8.62,0.12%,0.69%,1134.58万,998.20万,136.38万,2148.74万
3253,600199,金种子酒,8.08,0.12%,0.41%,1095.42万,1077.76万,17.66万,2211.15万
3254,600109,国金证券,8.68,0.12%,0.23%,3617.27万,3777.33万,-160.05万,7572.95万
3255,300773,拉卡拉,25.1,0.12%,2.13%,1.87亿,1.98亿,-1095.45万,3.92亿
3256,300527,ST应急,8.12,0.12%,0.22%,802.54万,951.49万,-148.95万,1826.63万
3257,300087,荃银高科,8.05,0.12%,0.49%,2200.43万,1299.01万,901.42万,3531.20万
3258,300042,朗科科技,48.83,0.12%,6.54%,3.28亿,2.99亿,2856.51万,6.37亿
3259,2966,苏州银行,8.63,0.12%,0.39%,8864.30万,5882.44万,2981.86万,1.48亿
3260,2928,华夏航空,8.51,0.12%,0.74%,3984.24万,3898.45万,85.79万,8018.94万
3261,2646,天佑德酒,8.02,0.12%,0.29%,508.44万,603.08万,-94.64万,1111.84万
3262,2234,民和股份,8.67,0.12%,0.62%,789.03万,769.78万,19.25万,1603.81万
3263,603072,天和磁材,37.08,0.11%,0.49%,1154.19万,1138.01万,16.18万,2306.29万
3264,603395,红四方,27.9,0.11%,1.18%,1130.97万,962.17万,168.80万,2126.35万
3265,688698,伟创电气,70.36,0.11%,1.95%,1.30亿,1.67亿,-3728.64万,2.99亿
3266,601456,国联民生,9.32,0.11%,0.12%,2435.14万,2542.93万,-107.79万,5019.72万
3267,601512,中新集团,8.86,0.11%,0.08%,584.78万,514.91万,69.87万,1107.13万
3268,601798,蓝科高新,9.2,0.11%,0.66%,863.59万,1252.89万,-389.30万,2158.25万
3269,603258,电魂网络,18.03,0.11%,0.21%,475.82万,413.09万,62.73万,899.55万
3270,601628,中国人寿,37.74,0.11%,0.03%,1.23亿,1.10亿,1332.30万,2.37亿
3271,600362,江西铜业,46.92,0.11%,0.98%,4.31亿,4.98亿,-6670.45万,9.54亿
3272,600059,古越龙山,8.92,0.11%,0.28%,1102.52万,1032.64万,69.87万,2230.86万
3273,300593,新雷能,27.11,0.11%,2.27%,1.44亿,1.22亿,2157.12万,2.73亿
3274,300283,温州宏丰,9.13,0.11%,4.16%,6771.22万,7495.27万,-724.05万,1.43亿
3275,2884,凌霄泵业,18.79,0.11%,1.21%,3075.00万,3062.82万,12.19万,6232.77万
3276,2534,西子洁能,18.12,0.11%,0.51%,3485.11万,3621.33万,-136.22万,7647.31万
3277,2422,科伦药业,35.74,0.11%,0.77%,1.59亿,1.93亿,-3452.86万,3.55亿
3278,876,新希望,8.92,0.11%,0.62%,1.34亿,1.15亿,1917.41万,2.50亿
3279,603409,汇通控股,42.05,0.10%,2.82%,2102.24万,2096.99万,5.25万,4274.65万
3280,301595,太力科技,48.8,0.10%,3.38%,1944.66万,2034.27万,-89.61万,4013.59万
3281,300864,南大环境,20.36,0.10%,0.18%,221.74万,357.73万,-136.00万,582.52万
3282,605151,西上海,19.8,0.10%,1.17%,1506.05万,1476.54万,29.51万,3092.32万
3283,605006,山东玻纤,10.15,0.10%,3.61%,1.02亿,1.16亿,-1414.81万,2.21亿
3284,300899,*ST凯鑫,39.05,0.10%,0.67%,478.67万,511.31万,-32.63万,1060.52万
3285,603579,荣泰健康,20.13,0.10%,0.56%,1066.13万,1171.22万,-105.09万,2253.06万
3286,600645,中源协和,28.68,0.10%,1.06%,6981.37万,6787.62万,193.75万,1.41亿
3287,600483,福能股份,9.96,0.10%,0.36%,4881.97万,4963.43万,-81.46万,1.01亿
3288,300323,华灿光电,9.89,0.10%,1.69%,9979.27万,9715.54万,263.73万,1.99亿
3289,2768,国恩股份,49.69,0.10%,0.41%,1814.47万,1702.91万,111.56万,3555.19万
3290,2765,蓝黛科技,10.33,0.10%,0.48%,1443.49万,1379.06万,64.43万,2956.01万
3291,2423,中粮资本,10.35,0.10%,0.17%,1655.38万,2252.22万,-596.84万,3956.93万
3292,2244,滨江集团,10.17,0.10%,0.32%,3461.54万,5223.96万,-1762.42万,8784.17万
3293,975,山金国际,29.88,0.10%,0.34%,1.35亿,1.21亿,1441.78万,2.57亿
3294,776,广发证券,19.88,0.10%,0.33%,1.70亿,2.17亿,-4747.36万,3.89亿
3295,1356,富岭股份,11.03,0.09%,0.29%,281.20万,362.87万,-81.67万,647.15万
3296,603257,中国瑞林,56.23,0.09%,0.95%,677.15万,646.09万,31.06万,1327.73万
3297,3008,开普检测,23.07,0.09%,0.96%,821.15万,811.17万,9.98万,1717.60万
3298,603230,内蒙新华,11.17,0.09%,0.59%,871.40万,1415.85万,-544.45万,2309.13万
3299,300915,海融科技,22.67,0.09%,0.38%,243.61万,245.61万,-2.00万,492.40万
3300,605300,佳禾食品,10.81,0.09%,0.07%,149.35万,193.23万,-43.88万,347.98万
3301,3008,开普检测,23.07,0.09%,0.96%,821.15万,811.17万,9.98万,1717.60万
3302,603230,内蒙新华,11.17,0.09%,0.59%,871.40万,1415.85万,-544.45万,2309.13万
3303,300915,海融科技,22.67,0.09%,0.38%,243.61万,245.61万,-2.00万,492.40万
3304,605300,佳禾食品,10.81,0.09%,0.07%,149.35万,193.23万,-43.88万,347.98万
3305,2967,广电计量,21.2,0.09%,0.48%,2609.36万,2943.09万,-333.74万,5676.40万
3306,300810,中科海讯,32.47,0.09%,0.69%,1087.75万,1389.56万,-301.82万,2537.99万
3307,603080,新疆火炬,21.28,0.09%,0.28%,374.07万,460.04万,-85.97万,834.96万
3308,600919,江苏银行,10.96,0.09%,0.18%,1.90亿,1.81亿,934.44万,3.72亿
3309,600739,辽宁成大,11.69,0.09%,0.21%,1685.39万,2076.94万,-391.55万,3815.53万
3310,300222,科大智能,11.07,0.09%,0.83%,2592.79万,3073.98万,-481.19万,5818.57万
3311,2869,金溢科技,22.12,0.09%,0.79%,1158.89万,1569.01万,-410.12万,2753.78万
3312,2409,雅克科技,86.17,0.09%,1.14%,1.50亿,1.57亿,-614.40万,3.10亿
3313,2255,海陆重工,10.88,0.09%,0.92%,2604.61万,3618.72万,-1014.10万,6404.63万
3314,2149,西部材料,53.7,0.09%,10.23%,13.00亿,13.04亿,-410.90万,26.45亿
3315,990,诚志股份,10.61,0.09%,2.55%,1.56亿,1.64亿,-886.74万,3.27亿
3316,777,中核科技,22.62,0.09%,0.67%,2697.18万,3061.22万,-364.04万,5771.74万
3317,1296,长江材料,25.48,0.08%,1.10%,1013.95万,1125.94万,-111.99万,2144.48万
3318,301355,南王科技,12.46,0.08%,1.44%,905.90万,872.55万,33.35万,1786.67万
3319,688117,圣诺生物,37.36,0.08%,0.75%,2259.26万,2128.55万,130.71万,4395.20万
3320,300968,格林精密,12.13,0.08%,0.33%,777.19万,848.03万,-70.84万,1668.41万
3321,603970,中农立华,12.63,0.08%,0.17%,222.15万,342.75万,-120.60万,577.15万
3322,603967,中创物流,12.89,0.08%,0.25%,592.98万,515.41万,77.57万,1133.52万
3323,603903,中持股份,11.87,0.08%,0.49%,755.46万,731.02万,24.44万,1494.78万
3324,603690,至纯科技,25.43,0.08%,0.83%,4217.62万,3663.05万,554.57万,8130.06万
3325,601881,中国银河,13.0,0.08%,0.15%,5825.01万,8650.98万,-2825.97万,1.47亿
3326,600900,长江电力,26.57,0.08%,0.12%,3.40亿,4.05亿,-6536.23万,7.53亿
3327,600508,上海能源,12.79,0.08%,0.23%,949.42万,1193.62万,-244.19万,2152.11万
3328,600197,伊力特,12.06,0.08%,0.22%,748.80万,475.62万,273.19万,1244.22万
3329,2579,中京电子,12.72,0.08%,2.72%,1.03亿,9705.08万,581.68万,2.02亿
3330,603137,恒尚节能,13.35,0.07%,0.70%,365.41万,315.98万,49.44万,687.93万
3331,1318,阳光乳业,13.59,0.07%,0.35%,542.66万,807.87万,-265.21万,1354.06万
3332,600941,中国移动,93.78,0.07%,0.27%,1.23亿,1.01亿,2261.87万,2.29亿
3333,300877,金春股份,27.91,0.07%,0.60%,1198.92万,772.22万,426.71万,2009.94万
3334,605077,华康股份,14.68,0.07%,0.31%,692.45万,664.76万,27.70万,1367.78万
3335,300838,浙江力诺,14.9,0.07%,0.82%,500.89万,709.57万,-208.68万,1236.84万
3336,301109,军信股份,15.1,0.07%,0.66%,1101.29万,994.78万,106.51万,2322.35万
3337,603218,日月股份,14.11,0.07%,0.27%,1612.47万,2267.24万,-654.76万,3894.24万
3338,600258,首旅酒店,15.38,0.07%,0.77%,6258.58万,6647.23万,-388.65万,1.32亿
3339,300753,爱朋医疗,28.16,0.07%,1.53%,1853.18万,1848.95万,4.23万,3768.73万
3340,300519,新光药业,15.24,0.07%,0.87%,719.10万,757.04万,-37.94万,1498.69万
3341,2276,万马股份,14.29,0.07%,0.64%,4125.98万,4907.15万,-781.17万,9191.61万
3342,551,创元科技,14.19,0.07%,0.57%,1766.33万,2117.39万,-351.06万,3980.86万
3343,519,中兵红箭,17.67,0.06%,0.50%,6038.57万,6094.47万,-55.90万,1.23亿
3344,1239,永达股份,15.46,0.06%,1.06%,909.09万,943.52万,-34.43万,1859.72万
3345,603310,巍华新材,16.17,0.06%,0.38%,822.58万,359.24万,463.34万,1184.57万
3346,301227,森鹰窗业,32.56,0.06%,0.86%,854.65万,647.41万,207.24万,1512.81万
3347,301269,华大九天,85.3,0.06%,0.31%,7892.63万,6580.25万,1312.38万,1.46亿
3348,600933,爱柯迪,17.3,0.06%,0.41%,3607.68万,3258.72万,348.96万,6922.67万
3349,600895,张江高科,36.38,0.06%,0.36%,8888.90万,1.14亿,-2480.68万,2.06亿
3350,300666,江丰电子,154.45,0.06%,1.70%,3.03亿,2.65亿,3742.51万,5.74亿
3351,688117,圣诺生物,37.36,0.08%,0.75%,2259.26万,2128.55万,130.71万,4395.20万
3352,300968,格林精密,12.13,0.08%,0.33%,777.19万,848.03万,-70.84万,1668.41万
3353,603970,中农立华,12.63,0.08%,0.17%,222.15万,342.75万,-120.60万,577.15万
3354,603967,中创物流,12.89,0.08%,0.25%,592.98万,515.41万,77.57万,1133.52万
3355,603903,中持股份,11.87,0.08%,0.49%,755.46万,731.02万,24.44万,1494.78万
3356,603690,至纯科技,25.43,0.08%,0.83%,4217.62万,3663.05万,554.57万,8130.06万
3357,601881,中国银河,13.0,0.08%,0.15%,5825.01万,8650.98万,-2825.97万,1.47亿
3358,600900,长江电力,26.57,0.08%,0.12%,3.40亿,4.05亿,-6536.23万,7.53亿
3359,600508,上海能源,12.79,0.08%,0.22%,898.28万,1052.89万,-154.62万,2000.42万
3360,600111,北方稀土,49.44,0.08%,0.88%,7.52亿,7.99亿,-4678.40万,15.81亿
3361,2579,中京电子,12.72,0.08%,2.72%,1.03亿,9705.08万,581.68万,2.02亿
3362,603137,恒尚节能,13.35,0.07%,0.70%,365.41万,315.98万,49.44万,687.93万
3363,1318,阳光乳业,13.59,0.07%,0.35%,542.66万,807.87万,-265.21万,1354.06万
3364,600941,中国移动,93.78,0.07%,0.27%,1.23亿,1.01亿,2261.87万,2.29亿
3365,300877,金春股份,27.91,0.07%,0.60%,1198.92万,772.22万,426.71万,2009.94万
3366,605077,华康股份,14.68,0.07%,0.31%,692.45万,664.76万,27.70万,1367.78万
3367,300838,浙江力诺,14.9,0.07%,0.82%,500.89万,709.57万,-208.68万,1236.84万
3368,301109,军信股份,15.1,0.07%,0.66%,1101.29万,994.78万,106.51万,2322.35万
3369,603218,日月股份,14.11,0.07%,0.27%,1612.47万,2267.24万,-654.76万,3894.24万
3370,600104,上汽集团,14.05,0.07%,0.14%,9257.80万,1.20亿,-2778.90万,2.20亿
3371,300753,爱朋医疗,28.16,0.07%,1.53%,1853.18万,1848.95万,4.23万,3768.73万
3372,300519,新光药业,15.24,0.07%,0.87%,719.10万,757.04万,-37.94万,1498.69万
3373,2276,万马股份,14.29,0.07%,0.64%,4125.98万,4907.15万,-781.17万,9191.61万
3374,551,创元科技,14.19,0.07%,0.57%,1766.33万,2117.39万,-351.06万,3980.86万
3375,519,中兵红箭,17.67,0.06%,0.50%,6038.57万,6094.47万,-55.90万,1.23亿
3376,1239,永达股份,15.46,0.06%,1.06%,909.09万,943.52万,-34.43万,1859.72万
3377,603310,巍华新材,16.17,0.06%,0.38%,822.58万,359.24万,463.34万,1184.57万
3378,301227,森鹰窗业,32.56,0.06%,0.86%,854.65万,647.41万,207.24万,1512.81万
3379,301269,华大九天,85.3,0.06%,0.31%,7892.63万,6580.25万,1312.38万,1.46亿
3380,600933,爱柯迪,17.3,0.06%,0.41%,3607.68万,3258.72万,348.96万,6922.67万
3381,600895,张江高科,36.38,0.06%,0.36%,8888.90万,1.14亿,-2480.68万,2.06亿
3382,600600,青岛啤酒,62.04,0.06%,0.24%,4607.35万,5758.25万,-1150.90万,1.05亿
3383,300666,江丰电子,154.45,0.06%,1.70%,3.03亿,2.65亿,3742.51万,5.74亿
3384,2945,华林证券,15.69,0.06%,0.15%,3124.33万,2986.94万,137.39万,6365.51万
3385,2643,万润股份,16.48,0.06%,0.48%,3492.68万,3578.63万,-85.95万,7205.30万
3386,2635,安洁科技,15.86,0.06%,3.55%,1.22亿,9771.51万,2445.07万,2.21亿
3387,301356,天振股份,21.68,0.05%,0.74%,463.62万,327.62万,136.00万,875.49万
3388,301234,五洲医疗,38.76,0.05%,1.37%,1125.06万,992.18万,132.87万,2137.86万
3389,301501,恒鑫生活,37.69,0.05%,0.44%,376.37万,346.90万,29.47万,725.53万
3390,300950,德固特,21.38,0.05%,0.57%,520.11万,537.50万,-17.40万,1099.48万
3391,300389,艾比森,19.97,0.05%,1.69%,3843.40万,3469.33万,374.06万,7389.80万
3392,688799,华纳药厂,58.11,0.05%,2.35%,9225.02万,8642.14万,582.88万,1.80亿
3393,603989,艾华集团,19.57,0.05%,0.60%,2121.59万,2538.49万,-416.89万,4701.75万
3394,300553,集智股份,41.88,0.05%,0.75%,1506.29万,1097.67万,408.62万,2670.95万
3395,601089,福元医药,23.21,0.04%,0.29%,1782.29万,1478.43万,303.86万,3282.80万
3396,300885,海昌新材,24.27,0.04%,1.61%,2764.92万,3543.25万,-778.33万,6522.79万
3397,605255,天普股份,113.1,0.04%,1.16%,9208.51万,7836.08万,1372.43万,1.72亿
3398,300735,光弘科技,22.25,0.04%,0.38%,3085.80万,3262.11万,-176.31万,6460.49万
3399,977,浪潮信息,68.91,0.04%,1.41%,7.00亿,7.01亿,-161.80万,14.19亿
3400,605003,众望布艺,28.61,0.03%,0.30%,596.44万,324.81万,271.63万,948.16万
3401,688193,仁度生物,49.88,0.02%,0.35%,404.67万,290.80万,113.87万,695.94万
3402,600584,长电科技,43.6,0.02%,1.00%,3.73亿,3.97亿,-2322.77万,7.79亿
3403,300760,迈瑞医疗,160.33,0.02%,0.20%,1.88亿,1.98亿,-1011.15万,3.94亿
3404,300680,隆盛科技,40.4,0.02%,1.80%,5279.82万,7271.40万,-1991.57万,1.28亿
3405,2959,小熊电器,42.82,0.02%,0.31%,1013.32万,990.46万,22.86万,2026.05万
3406,600118,中国卫星,86.29,0.01%,1.99%,10.17亿,9.35亿,8274.40万,20.08亿
3407,300573,兴齐眼药,68.08,0.01%,0.75%,4980.85万,4475.22万,505.63万,9628.88万
3408,8,神州高铁,2.69,0.00%,1.01%,3926.30万,3437.34万,488.96万,7391.57万
3409,525,红太阳,5.87,0.00%,0.69%,1768.43万,2602.59万,-834.16万,4510.80万
3410,2005,ST德豪,2.88,0.00%,0.12%,253.90万,283.35万,-29.44万,606.14万
3411,1205,盛航股份,14.31,0.00%,0.47%,554.20万,543.82万,10.38万,1116.75万
3412,1324,长青科技,19.77,0.00%,1.06%,879.66万,785.34万,94.32万,1707.26万
3413,301665,泰禾股份,26.89,0.00%,1.12%,1436.68万,1591.94万,-155.25万,3149.14万
3414,301656,联合动力,21.72,0.00%,1.21%,2463.26万,2807.34万,-344.08万,5362.68万
3415,2513,蓝丰生化,5.95,0.00%,0.88%,899.53万,611.33万,288.20万,1515.87万
3416,688455,科捷智能,28.16,0.00%,0.50%,1182.64万,1136.28万,46.36万,2369.44万
3417,2127,南极电商,2.79,0.00%,0.36%,902.66万,1066.16万,-163.50万,2004.42万
3418,1322,箭牌家居,7.36,0.00%,0.13%,331.02万,393.87万,-62.84万,729.67万
3419,603004,鼎龙科技,22.89,0.00%,1.07%,681.05万,743.23万,-62.18万,1443.29万
3420,2069,獐子岛,3.7,0.00%,0.60%,762.32万,808.61万,-46.28万,1578.39万
3421,2656,*ST摩登,3.1,0.00%,0.53%,741.49万,370.82万,370.67万,1113.05万
3422,716,黑芝麻,5.13,0.00%,0.56%,1065.40万,1001.40万,64.00万,2092.35万
3423,603135,中重科技,10.8,0.00%,0.14%,483.32万,435.78万,47.54万,923.10万
3424,301491,汉桑科技,50.73,0.00%,0.77%,532.14万,571.88万,-39.74万,1111.63万
3425,1227,兰州银行,2.24,0.00%,0.24%,786.16万,1519.03万,-732.87万,2309.74万
3426,688121,卓然股份,10.86,0.00%,0.48%,696.55万,339.79万,356.75万,1051.70万
3427,301170,锡南科技,28.87,0.00%,1.09%,600.50万,425.60万,174.91万,1057.00万
3428,2189,中光学,19.8,0.00%,0.34%,776.01万,957.93万,-181.92万,1773.97万
3429,2289,*ST宇顺,26.01,0.00%,0.17%,551.31万,620.14万,-68.84万,1197.99万
3430,707,双环科技,5.84,0.00%,0.67%,1105.61万,1053.93万,51.68万,2163.28万
3431,300929,华骐环保,12.51,0.00%,0.86%,801.67万,544.37万,257.30万,1366.33万
3432,3037,三和管桩,7.13,0.00%,0.17%,402.20万,293.09万,109.11万,709.42万
3433,688295,中复神鹰,52.48,0.00%,0.90%,2.20亿,2.01亿,1880.75万,4.22亿
3434,688119,中钢洛耐,5.09,0.00%,0.37%,882.64万,1204.32万,-321.68万,2117.32万
3435,601921,浙版传媒,8.0,0.00%,0.12%,1041.57万,1039.92万,1.64万,2111.70万
3436,759,中百集团,5.5,0.00%,0.89%,1464.91万,1708.88万,-243.97万,3198.04万
3437,688538,和辉光电,2.27,0.00%,0.22%,1352.02万,1538.90万,-186.89万,2913.58万
3438,688509,正元地信,4.52,0.00%,0.61%,545.84万,519.26万,26.59万,1065.89万
3439,3035,南网能源,7.78,0.00%,1.42%,2.14亿,2.02亿,1237.70万,4.18亿
3440,25,特力A,16.16,0.00%,0.31%,1041.02万,868.99万,172.03万,1957.17万
3441,600979,广安爱众,4.4,0.00%,0.93%,1932.69万,2750.12万,-817.44万,4997.24万
3442,300978,东箭科技,11.15,0.00%,0.42%,441.19万,438.20万,2.99万,894.22万
3443,2553,南方精工,25.36,0.00%,1.70%,4860.84万,5897.24万,-1036.40万,1.08亿
3444,600119,长江投资,5.88,0.00%,0.23%,252.65万,248.94万,3.71万,504.47万
3445,688468,科美诊断,7.21,0.00%,0.28%,477.27万,324.81万,152.47万,810.71万
3446,927,中国铁物,2.97,0.00%,0.69%,5573.18万,6780.95万,-1207.77万,1.24亿
3447,688307,中润光学,81.28,0.00%,1.88%,6184.08万,7092.83万,-908.75万,1.35亿
3448,600512,腾达建设,2.5,0.00%,1.04%,2100.66万,2012.18万,88.48万,4126.51万
3449,688617,惠泰医疗,258.51,0.00%,0.15%,3141.87万,2465.35万,676.52万,5643.55万
3450,600916,中国黄金,9.09,0.00%,0.43%,2786.21万,3697.53万,-911.32万,6529.48万
3451,603313,梦百合,8.0,0.00%,0.18%,390.84万,397.08万,-6.24万,804.58万
3452,2700,万憬能源,6.57,0.00%,0.45%,389.81万,385.37万,4.44万,778.40万
3453,603222,济民健康,10.43,0.00%,4.71%,1.39亿,1.17亿,2254.67万,2.58亿
3454,603111,康尼机电,6.82,0.00%,0.14%,421.71万,372.49万,49.21万,813.88万
3455,603027,千禾味业,9.49,0.00%,0.29%,1735.63万,1677.45万,58.18万,3425.90万
3456,601996,丰林集团,2.53,0.00%,0.95%,1620.14万,1076.44万,543.70万,2762.43万
3457,601800,中国交建,7.61,0.00%,0.04%,1597.84万,2321.15万,-723.31万,3942.71万
3458,601678,滨化股份,5.07,0.00%,0.66%,3641.16万,3082.68万,558.49万,6835.57万
3459,601668,中国建筑,4.98,0.00%,0.12%,1.20亿,1.34亿,-1451.59万,2.57亿
3460,601618,中国中冶,2.99,0.00%,0.19%,3183.83万,6746.13万,-3562.30万,9985.82万
3461,601390,中国中铁,5.29,0.00%,0.24%,9449.68万,1.58亿,-6388.25万,2.55亿
3462,601366,利群股份,4.04,0.00%,0.48%,832.29万,989.23万,-156.94万,1873.45万
3463,601333,广深铁路,3.05,0.00%,0.28%,2138.01万,2639.69万,-501.69万,4890.31万
3464,601216,君正集团,5.41,0.00%,0.22%,5103.42万,4852.39万,251.03万,1.02亿
3465,601212,白银有色,7.9,0.00%,0.58%,1.55亿,1.84亿,-2935.70万,3.43亿
3466,601200,上海环境,8.09,0.00%,0.22%,902.43万,1439.21万,-536.78万,2353.78万
3467,601199,江南水务,5.66,0.00%,0.17%,396.13万,458.30万,-62.17万,894.49万
3468,601158,重庆水务,4.36,0.00%,0.04%,349.02万,537.96万,-188.94万,889.90万
3469,601155,新城控股,14.2,0.00%,0.36%,5626.78万,5904.37万,-277.59万,1.16亿
3470,601126,四方股份,45.05,0.00%,1.50%,2.77亿,2.69亿,847.27万,5.51亿
3471,601098,中南传媒,11.09,0.00%,0.12%,1292.26万,1114.33万,177.92万,2438.98万
3472,601086,国芳集团,8.88,0.00%,0.26%,733.77万,790.08万,-56.30万,1548.45万
3473,601009,南京银行,11.19,0.00%,0.12%,1.01亿,6402.22万,3735.26万,1.67亿
3474,601005,重庆钢铁,1.4,0.00%,0.20%,1578.92万,726.50万,852.41万,2312.78万
3475,601000,唐山港,4.8,0.00%,0.24%,3444.83万,3267.69万,177.14万,6808.55万
3476,600997,开滦股份,5.71,0.00%,0.17%,777.62万,785.08万,-7.46万,1575.88万
3477,600995,南网储能,14.15,0.00%,0.38%,9167.94万,7937.97万,1229.97万,1.73亿
3478,600965,福成股份,5.56,0.00%,0.32%,609.49万,813.73万,-204.25万,1428.38万
3479,600908,无锡银行,5.69,0.00%,0.23%,1323.20万,1336.81万,-13.61万,2673.15万
3480,600881,亚泰集团,1.59,0.00%,0.24%,387.20万,826.46万,-439.26万,1230.29万
3481,600798,宁波海运,3.63,0.00%,0.49%,956.67万,1162.58万,-205.91万,2120.78万
3482,541,佛山照明,5.68,0.00%,0.14%,403.90万,597.51万,-193.61万,1001.70万
3483,600770,综艺股份,5.62,0.00%,0.58%,1823.84万,2368.70万,-544.86万,4219.78万
3484,600765,中航重机,16.73,0.00%,0.39%,4753.22万,5260.68万,-507.45万,1.01亿
3485,600754,锦江酒店,27.18,0.00%,0.56%,5924.69万,7382.08万,-1457.39万,1.36亿
3486,600748,上实发展,5.41,0.00%,0.73%,3184.92万,3989.36万,-804.43万,7324.52万
3487,600708,光明地产,3.34,0.00%,0.27%,719.89万,1304.22万,-584.33万,2032.68万
3488,600688,上海石化,2.86,0.00%,0.15%,1456.74万,1760.09万,-303.35万,3245.21万
3489,600681,百川能源,3.99,0.00%,0.57%,1466.12万,1537.85万,-71.73万,3023.72万
3490,600663,陆家嘴,7.84,0.00%,0.07%,933.51万,713.25万,220.26万,1647.86万
3491,600657,信达地产,3.1,0.00%,0.23%,941.76万,1028.60万,-86.84万,1996.96万
3492,600653,申华控股,1.76,0.00%,0.26%,282.02万,608.83万,-326.80万,893.16万
3493,600651,飞乐音响,6.74,0.00%,0.25%,2422.23万,1712.45万,709.78万,4148.77万
3494,600628,新世界,7.17,0.00%,0.36%,853.04万,789.98万,63.07万,1654.58万
3495,600516,方大炭素,5.56,0.00%,0.43%,4156.48万,5305.73万,-1149.26万,9571.81万
3496,600491,龙元建设,2.42,0.00%,2.01%,4167.75万,3188.89万,978.87万,7438.92万
3497,600477,杭萧钢构,3.14,0.00%,0.61%,1878.30万,2343.27万,-464.97万,4546.16万
3498,600469,风神股份,7.14,0.00%,1.46%,4376.54万,3200.76万,1175.78万,7635.95万
3499,603586,金麒麟,18.22,0.00%,0.32%,502.63万,606.29万,-103.66万,1129.52万
3500,600409,三友化工,6.84,0.00%,0.59%,3847.84万,4353.02万,-505.18万,8316.34万
3501,600657,信达地产,3.1,0.00%,0.23%,941.76万,1028.60万,-86.84万,1996.96万
3502,600653,申华控股,1.76,0.00%,0.26%,282.02万,608.83万,-326.80万,893.16万
3503,600651,飞乐音响,6.74,0.00%,0.25%,2422.23万,1712.45万,709.78万,4148.77万
3504,600628,新世界,7.17,0.00%,0.36%,853.04万,789.98万,63.07万,1654.58万
3505,600516,方大炭素,5.56,0.00%,0.43%,4156.48万,5305.73万,-1149.26万,9571.81万
3506,600469,风神股份,7.14,0.00%,1.40%,4280.15万,3014.32万,1265.83万,7327.74万
3507,603586,金麒麟,18.22,0.00%,0.32%,502.63万,606.29万,-103.66万,1129.52万
3508,600409,三友化工,6.84,0.00%,0.48%,3535.99万,3277.01万,258.98万,6882.44万
3509,600390,五矿资本,5.32,0.00%,0.13%,1461.38万,1681.43万,-220.06万,3156.19万
3510,600383,金地集团,2.83,0.00%,0.44%,2226.11万,3402.40万,-1176.30万,5645.87万
3511,600365,ST通葡,3.1,0.00%,0.47%,254.75万,368.20万,-113.45万,626.23万
3512,600359,新农开发,6.97,0.00%,0.68%,815.30万,967.63万,-152.33万,1790.32万
3513,600284,浦东建设,6.82,0.00%,0.35%,1129.69万,1177.86万,-48.17万,2332.31万
3514,600248,陕建股份,3.43,0.00%,0.09%,492.65万,650.32万,-157.68万,1151.51万
3515,600236,桂冠电力,9.68,0.00%,0.08%,2908.54万,2863.58万,44.96万,5833.19万
3516,600217,中再资环,3.81,0.00%,0.15%,389.24万,550.22万,-160.98万,944.98万
3517,600208,衢州发展,3.23,0.00%,0.19%,2553.34万,2627.36万,-74.01万,5245.12万
3518,600187,国中水务,1.85,0.00%,0.54%,604.26万,901.96万,-297.70万,1619.84万
3519,600169,ST太重,2.4,0.00%,0.15%,398.48万,758.30万,-359.82万,1213.23万
3520,600167,联美控股,6.53,0.00%,0.15%,1091.49万,1137.32万,-45.83万,2270.10万
3521,600166,福田汽车,3.39,0.00%,2.02%,2.78亿,2.64亿,1451.36万,5.45亿
3522,600150,中国船舶,32.71,0.00%,0.34%,4.07亿,4.03亿,447.11万,8.32亿
3523,600138,中青旅,9.31,0.00%,0.43%,1325.20万,1551.85万,-226.66万,2893.81万
3524,600123,兰花科创,6.21,0.00%,0.41%,1805.58万,1657.21万,148.37万,3746.28万
3525,600117,西宁特钢,2.55,0.00%,0.06%,170.76万,287.62万,-116.86万,462.19万
3526,600104,上汽集团,14.04,0.00%,0.16%,1.04亿,1.52亿,-4847.67万,2.59亿
3527,600101,明星电力,9.24,0.00%,1.03%,2200.02万,2893.86万,-693.84万,5214.36万
3528,600053,九鼎投资,15.02,0.00%,0.29%,1000.13万,808.34万,191.79万,1858.65万
3529,600035,楚天高速,3.81,0.00%,0.16%,375.83万,608.48万,-232.66万,1004.74万
3530,600022,山东钢铁,1.5,0.00%,0.21%,1914.94万,1471.20万,443.74万,3436.27万
3531,600019,宝钢股份,6.36,0.00%,0.15%,9907.61万,1.15亿,-1558.41万,2.15亿
3532,300671,富满微,44.52,0.00%,2.28%,1.11亿,1.10亿,63.04万,2.24亿
3533,300641,正丹股份,18.68,0.00%,0.85%,4221.43万,3865.90万,355.53万,8256.61万
3534,300595,欧普康视,14.2,0.00%,0.40%,1541.73万,2235.21万,-693.48万,3798.37万
3535,300551,古鳌科技,13.76,0.00%,1.08%,2640.53万,2331.45万,309.07万,5017.11万
3536,300511,雪榕生物,7.06,0.00%,1.19%,2289.45万,2405.72万,-116.27万,4727.57万
3537,300510,金冠股份,4.19,0.00%,0.86%,1237.28万,1729.88万,-492.61万,2973.70万
3538,300460,ST惠伦,8.63,0.00%,0.51%,443.94万,768.95万,-325.01万,1234.44万
3539,300397,天和防务,11.85,0.00%,0.96%,2087.99万,2484.72万,-396.73万,4633.17万
3540,300396,迪瑞医疗,11.59,0.00%,0.34%,424.03万,635.13万,-211.11万,1079.77万
3541,300344,立方退,0.27,0.00%,1.83%,0.00,0.00,0.00,311.65万
3542,300341,麦克奥迪,14.93,0.00%,0.40%,1545.63万,1458.13万,87.50万,3056.30万
3543,300266,兴源环境,2.44,0.00%,0.45%,844.02万,775.55万,68.47万,1692.85万
3544,300261,雅本化学,6.18,0.00%,0.42%,1196.47万,1208.62万,-12.15万,2419.35万
3545,300239,东宝生物,5.34,0.00%,0.52%,754.49万,825.45万,-70.96万,1641.37万
3546,300237,ST美晨,2.35,0.00%,0.74%,679.30万,1738.06万,-1058.76万,2501.66万
3547,300180,华峰超纤,6.0,0.00%,0.36%,1674.58万,1929.70万,-255.12万,3667.58万
3548,300094,国联水产,3.13,0.00%,0.83%,1595.93万,1165.91万,430.02万,2885.74万
3549,300076,GQY视讯,5.84,0.00%,1.05%,1263.03万,1256.79万,6.24万,2592.17万
3550,300066,三川智慧,6.43,0.00%,0.63%,1753.97万,2204.76万,-450.80万,4092.27万
3551,300261,雅本化学,6.18,0.00%,0.42%,1196.47万,1208.62万,-12.15万,2419.35万
3552,300239,东宝生物,5.34,0.00%,0.52%,754.49万,825.45万,-70.96万,1641.37万
3553,300237,ST美晨,2.35,0.00%,0.74%,679.30万,1738.06万,-1058.76万,2501.66万
3554,300180,华峰超纤,6.0,0.00%,0.36%,1674.58万,1929.70万,-255.12万,3667.58万
3555,300094,国联水产,3.13,0.00%,0.83%,1595.93万,1165.91万,430.02万,2885.74万
3556,300076,GQY视讯,5.84,0.00%,1.05%,1263.03万,1256.79万,6.24万,2592.17万
3557,300066,三川智慧,6.43,0.00%,0.63%,1753.97万,2204.76万,-450.80万,4092.27万
3558,300048,合康新能,6.78,0.00%,0.73%,2518.88万,2985.72万,-466.83万,5624.46万
3559,300013,新宁物流,3.75,0.00%,0.72%,656.33万,537.89万,118.43万,1198.13万
3560,2958,青农商行,2.99,0.00%,0.47%,2922.86万,4307.35万,-1384.49万,7619.34万
3561,2917,金奥博,14.02,0.00%,0.89%,1661.51万,1488.70万,172.81万,3230.19万
3562,2891,中宠股份,41.84,0.00%,3.10%,2.28亿,1.81亿,4741.50万,4.16亿
3563,2839,张家港行,4.51,0.00%,0.33%,2359.32万,1309.38万,1049.94万,3674.29万
3564,2775,文科股份,3.78,0.00%,0.76%,882.88万,751.16万,131.72万,1644.82万
3565,2753,永东股份,7.22,0.00%,0.74%,623.03万,584.87万,38.16万,1297.14万
3566,2731,ST萃华,7.21,0.00%,3.35%,2760.19万,2694.26万,65.93万,5501.24万
3567,2644,佛慈制药,8.65,0.00%,0.43%,739.73万,1098.35万,-358.62万,1912.35万
3568,2596,海南瑞泽,3.55,0.00%,0.78%,1700.79万,1430.04万,270.75万,3146.13万
3569,2573,清新环境,3.56,0.00%,0.24%,515.00万,680.21万,-165.21万,1197.12万
3570,2551,尚荣医疗,3.45,0.00%,0.74%,632.90万,895.90万,-263.01万,1547.39万
3571,2535,林州重机,3.46,0.00%,0.49%,653.52万,602.35万,51.16万,1264.48万
3572,2465,海格通信,15.5,0.00%,1.10%,2.08亿,2.10亿,-187.04万,4.23亿
3573,2448,中原内配,15.08,0.00%,1.09%,3807.19万,3651.47万,155.72万,7508.32万
3574,2431,棕榈股份,2.59,0.00%,0.75%,1515.70万,1918.25万,-402.56万,3488.28万
3575,2381,双箭股份,6.36,0.00%,0.59%,488.70万,679.33万,-190.62万,1207.59万
3576,2375,亚厦股份,3.87,0.00%,0.22%,628.06万,499.49万,128.58万,1129.02万
3577,2372,伟星新材,10.77,0.00%,0.17%,1558.00万,1177.95万,380.05万,2771.40万
3578,2367,康力电梯,6.41,0.00%,0.37%,692.68万,1157.22万,-464.54万,1861.19万
3579,2320,海峡股份,8.55,0.00%,0.17%,1463.94万,1700.97万,-237.03万,3216.70万
3580,2302,西部建设,5.61,0.00%,0.19%,613.86万,734.77万,-120.90万,1369.70万
3581,2252,上海莱士,5.69,0.00%,0.12%,2081.76万,2160.82万,-79.06万,4723.12万
3582,2249,大洋电机,9.36,0.00%,0.46%,2879.15万,4743.26万,-1864.11万,7943.29万
3583,2219,新里程,2.33,0.00%,3.82%,1.47亿,1.47亿,45.13万,2.96亿
3584,2210,飞马国际,2.53,0.00%,0.52%,1743.90万,1712.83万,31.07万,3462.89万
3585,2187,广百股份,6.26,0.00%,0.35%,783.42万,728.29万,55.13万,1534.69万
3586,2171,楚江新材,11.44,0.00%,0.61%,4692.67万,6322.99万,-1630.32万,1.13亿
3587,2146,荣盛发展,1.38,0.00%,1.14%,3492.74万,2611.52万,881.23万,6147.86万
3588,2135,东南网架,7.65,0.00%,1.19%,5062.99万,4376.59万,686.40万,9509.50万
3589,2133,广宇集团,3.27,0.00%,1.04%,1276.54万,1296.55万,-20.01万,2597.50万
3590,2110,三钢闽光,3.76,0.00%,0.31%,1314.10万,1491.97万,-177.87万,2836.46万
3591,2099,海翔药业,7.11,0.00%,0.51%,2449.13万,3229.80万,-780.67万,5790.20万
3592,2098,浔兴股份,8.92,0.00%,0.18%,238.90万,284.91万,-46.01万,591.37万
3593,2022,科华生物,5.84,0.00%,0.61%,769.26万,1059.05万,-289.79万,1834.15万
3594,2014,永新股份,11.95,0.00%,0.11%,469.33万,346.32万,123.00万,817.80万
3595,998,隆平高科,9.86,0.00%,0.47%,3191.19万,2810.45万,380.73万,6061.43万
3596,980,众泰汽车,2.08,0.00%,0.88%,4817.27万,4346.07万,471.20万,9196.37万
3597,959,首钢股份,4.66,0.00%,0.31%,5373.32万,5222.30万,151.02万,1.07亿
3598,828,东莞控股,10.07,0.00%,0.16%,829.04万,837.77万,-8.73万,1675.36万
3599,778,新兴铸管,4.46,0.00%,0.35%,3493.67万,2566.58万,927.09万,6091.50万
3600,767,晋控电力,3.75,0.00%,1.85%,9523.60万,1.06亿,-1090.12万,2.02亿
3601,301293,三博脑科,68.52,-0.01%,1.92%,1.02亿,1.08亿,-675.74万,2.12亿
3602,603402,陕西旅游,138.83,-0.02%,3.54%,3842.49万,5554.82万,-1712.33万,9472.39万
3603,688172,燕东微,40.48,-0.02%,0.62%,9851.47万,9518.65万,332.82万,1.95亿
3604,688205,德科立,241.98,-0.02%,2.45%,4.56亿,4.76亿,-2010.42万,9.36亿
3605,301230,泓博医药,41.06,-0.02%,3.58%,1.07亿,7452.66万,3222.90万,1.83亿
3606,3043,华亚智能,54.52,-0.02%,1.89%,4247.34万,4316.70万,-69.36万,8694.75万
3607,300991,创益通,51.94,-0.02%,1.12%,2684.92万,2535.59万,149.32万,5352.71万
3608,300965,恒宇信通,55.28,-0.02%,0.38%,487.08万,587.56万,-100.48万,1122.14万
3609,688083,中望软件,56.63,-0.02%,1.00%,4410.44万,5183.84万,-773.39万,9638.25万
3610,300832,新产业,45.95,-0.02%,0.39%,5602.90万,6651.19万,-1048.29万,1.23亿
3611,603418,友升股份,51.27,-0.02%,0.54%,483.53万,663.55万,-180.02万,1154.26万
3612,300957,贝泰妮,36.78,-0.03%,0.55%,3763.86万,4755.87万,-992.01万,8599.62万
3613,301577,美信科技,62.18,-0.03%,1.89%,964.01万,1204.17万,-240.16万,2208.01万
3614,688175,高凌信息,35.39,-0.03%,0.44%,946.37万,1042.25万,-95.88万,1995.00万
3615,301289,国缆检测,55.37,-0.04%,0.35%,881.13万,624.31万,256.83万,1511.53万
3616,605089,味知香,24.93,-0.04%,0.33%,618.96万,488.03万,130.93万,1126.93万
3617,300862,蓝盾光电,22.55,-0.04%,0.81%,1374.81万,1320.90万,53.90万,2761.83万
3618,600196,复星医药,26.79,-0.04%,0.38%,1.08亿,1.04亿,439.67万,2.17亿
3619,600009,上海机场,27.39,-0.04%,0.12%,3087.10万,3332.91万,-245.81万,6463.02万
3620,2851,麦格米特,105.55,-0.04%,1.38%,3.26亿,3.32亿,-600.54万,6.65亿
3621,301387,光大同创,61.2,-0.05%,2.35%,2947.74万,3176.59万,-228.86万,6170.89万
3622,603307,扬州金泉,39.52,-0.05%,0.12%,155.99万,153.84万,2.15万,311.42万
3623,301190,善水科技,22.16,-0.05%,0.45%,918.29万,671.34万,246.95万,1597.17万
3624,688028,沃尔德,97.79,-0.05%,2.21%,1.50亿,1.71亿,-2140.12万,3.22亿
3625,603733,仙鹤股份,21.65,-0.05%,0.11%,827.03万,869.31万,-42.27万,1707.16万
3626,603348,文灿股份,20.25,-0.05%,0.40%,906.89万,1599.12万,-692.23万,2511.29万
3627,603087,甘李药业,65.93,-0.05%,0.57%,1.02亿,1.06亿,-437.32万,2.09亿
3628,300294,博雅生物,18.75,-0.05%,0.30%,1073.16万,1749.01万,-675.85万,2874.83万
3629,2346,柘中股份,18.94,-0.05%,0.20%,629.88万,811.38万,-181.51万,1460.03万
3630,878,云南铜业,19.29,-0.05%,0.94%,1.77亿,1.84亿,-684.76万,3.62亿
3631,1328,登康口腔,32.47,-0.06%,0.14%,340.13万,365.30万,-25.18万,708.67万
3632,301298,东利机械,16.25,-0.06%,0.48%,393.82万,451.33万,-57.51万,849.71万
3633,301167,建研设计,16.29,-0.06%,1.05%,575.43万,628.10万,-52.67万,1210.04万
3634,301267,华厦眼科,17.17,-0.06%,0.23%,1185.61万,1402.80万,-217.18万,2601.64万
3635,301136,招标股份,15.78,-0.06%,0.69%,1464.46万,1439.78万,24.68万,2965.36万
3636,688670,金迪克,17.65,-0.06%,0.36%,342.74万,417.27万,-74.52万,771.74万
3637,300826,测绘股份,16.57,-0.06%,0.47%,706.88万,590.25万,116.63万,1330.76万
3638,300916,朗特智能,31.11,-0.06%,0.89%,1343.29万,1193.27万,150.01万,2583.82万
3639,300896,爱美客,115.66,-0.06%,0.42%,4243.57万,5625.82万,-1382.24万,1.00亿
3640,603196,璞源材料,31.16,-0.06%,0.67%,2563.08万,2211.30万,351.78万,4877.28万
3641,600619,海立股份,17.19,-0.06%,1.03%,6725.57万,6996.82万,-271.25万,1.40亿
3642,600598,北大荒,16.1,-0.06%,0.73%,9074.54万,1.04亿,-1277.56万,2.11亿
3643,600132,重庆啤酒,54.07,-0.06%,0.27%,3498.50万,3446.46万,52.04万,7107.19万
3644,300642,透景生命,17.05,-0.06%,0.74%,908.75万,781.33万,127.42万,1719.92万
3645,300473,德尔股份,32.18,-0.06%,0.75%,1703.19万,1871.47万,-168.28万,3622.29万
3646,300236,上海新阳,84.05,-0.06%,1.12%,1.32亿,1.24亿,764.71万,2.61亿
3647,300003,乐普医疗,16.58,-0.06%,0.61%,7558.26万,8096.58万,-538.32万,1.58亿
3648,708,中信特钢,16.58,-0.06%,0.06%,2529.95万,2274.73万,255.22万,4818.44万
3649,1220,世盟股份,43.74,-0.07%,6.67%,3082.07万,3502.08万,-420.01万,6596.39万
3650,1326,联域股份,55.75,-0.07%,4.09%,2920.97万,2498.48万,422.50万,5537.04万
3651,532,华金资本,13.64,-0.07%,0.57%,1057.63万,1581.01万,-523.38万,2683.79万
3652,301555,惠柏新材,35.63,-0.08%,1.82%,1554.90万,1555.70万,-7940.00,3144.10万
3653,688757,胜科纳米,25.83,-0.08%,0.90%,2074.86万,2099.10万,-24.24万,4205.81万
3654,603170,宝立食品,13.16,-0.08%,0.23%,653.49万,531.59万,121.90万,1193.78万
3655,688607,康众医疗,62.25,-0.08%,1.14%,3366.37万,2858.09万,508.27万,6264.62万
3656,603639,海利尔,13.24,-0.08%,0.23%,488.02万,525.30万,-37.28万,1024.97万
3657,603566,普莱柯,12.84,-0.08%,0.43%,887.61万,996.94万,-109.33万,1902.91万
3658,603836,海程邦达,12.75,-0.08%,0.52%,775.84万,590.80万,185.04万,1369.95万
3659,300600,国瑞科技,12.62,-0.08%,0.49%,646.53万,1129.97万,-483.44万,1813.61万
3660,605050,福然德,12.74,-0.08%,0.52%,1637.82万,1545.73万,92.09万,3240.64万
3661,300407,凯发电气,13.1,-0.08%,1.02%,1520.64万,1891.09万,-370.45万,3463.46万
3662,2632,道明光学,11.99,-0.08%,0.66%,2142.45万,2352.31万,-209.86万,4554.66万
3663,2248,华东数控,12.98,-0.08%,2.02%,4106.51万,3802.43万,304.08万,8043.97万
3664,2164,宁波东力,12.84,-0.08%,0.73%,1848.79万,2604.97万,-756.17万,4525.03万
3665,2139,拓邦股份,12.37,-0.08%,0.31%,1895.31万,2217.33万,-322.02万,4168.57万
3666,2138,顺络电子,35.68,-0.08%,0.96%,1.32亿,1.23亿,957.63万,2.60亿
3667,722,湖南发展,13.15,-0.08%,1.48%,4324.75万,4684.60万,-359.85万,9035.37万
3668,568,泸州老窖,103.01,-0.08%,0.23%,1.82亿,1.71亿,1143.83万,3.56亿
3669,2818,富森美,10.73,-0.09%,0.21%,321.56万,334.16万,-12.59万,677.60万
3670,601963,重庆银行,10.58,-0.09%,0.30%,3415.71万,2994.40万,421.31万,6485.92万
3671,603221,爱丽家居,11.36,-0.09%,0.20%,273.44万,265.27万,8.17万,539.05万
3672,600983,惠而浦,10.77,-0.09%,0.46%,1844.14万,1928.64万,-84.50万,3801.22万
3673,603916,苏博特,10.67,-0.09%,0.54%,957.50万,1426.77万,-469.27万,2431.14万
3674,603708,家家悦,11.39,-0.09%,0.14%,537.30万,462.51万,74.79万,1022.24万
3675,603260,合盛硅业,43.7,-0.09%,0.23%,5309.87万,6413.96万,-1104.09万,1.18亿
3676,600739,辽宁成大,11.67,-0.09%,0.23%,1788.34万,2227.24万,-438.90万,4121.00万
3677,600203,福日电子,11.44,-0.09%,1.04%,3336.28万,3645.92万,-309.63万,7077.84万
3678,2887,绿茵生态,11.25,-0.09%,0.56%,654.01万,677.74万,-23.73万,1365.14万
3679,2265,建设工业,22.22,-0.09%,0.33%,3512.92万,3862.32万,-349.40万,7468.32万
3680,1267,汇绿生态,41.41,-0.10%,3.08%,3.86亿,3.60亿,2585.38万,7.61亿
3681,688170,德龙激光,57.13,-0.10%,2.64%,7876.35万,7541.18万,335.17万,1.55亿
3682,603869,ST智知,10.46,-0.10%,0.07%,187.76万,162.22万,25.54万,351.02万
3683,603648,畅联股份,9.84,-0.10%,0.11%,167.27万,220.62万,-53.35万,395.95万
3684,605005,合兴股份,20.81,-0.10%,0.49%,1527.82万,2513.48万,-985.66万,4074.99万
3685,603389,*ST亚振,48.7,-0.10%,0.27%,1302.96万,2125.80万,-822.84万,3431.20万
3686,603229,奥翔药业,10.24,-0.10%,0.55%,2186.27万,2400.08万,-213.81万,4673.48万
3687,601633,长城汽车,20.91,-0.10%,0.12%,6676.08万,7402.98万,-726.90万,1.50亿
3688,601318,中国平安,58.64,-0.10%,0.17%,4.42亿,5.63亿,-1.21亿,10.32亿
3689,600746,江苏索普,9.62,-0.10%,0.52%,2671.63万,3054.44万,-382.81万,5812.55万
3690,300725,药石科技,38.91,-0.10%,1.65%,5886.72万,6860.21万,-973.49万,1.29亿
3691,300263,隆华科技,10.16,-0.10%,1.07%,4507.17万,5871.71万,-1364.54万,1.05亿
3692,2883,中设股份,9.52,-0.10%,0.75%,424.32万,649.10万,-224.78万,1095.56万
3693,2809,红墙股份,10.51,-0.10%,1.66%,1372.20万,1543.67万,-171.47万,2951.97万
3694,2429,兆驰股份,10.2,-0.10%,0.73%,1.54亿,1.81亿,-2679.32万,3.38亿
3695,2304,洋河股份,50.47,-0.10%,0.12%,3768.55万,4891.03万,-1122.48万,8770.10万
3696,2123,梦网科技,9.88,-0.10%,1.63%,6130.41万,5294.58万,835.83万,1.15亿
3697,988,华工科技,112.19,-0.10%,4.52%,25.32亿,24.33亿,9904.30万,50.07亿
3698,710,贝瑞基因,10.26,-0.10%,0.65%,1032.03万,1147.59万,-115.56万,2186.89万
3699,603273,天元智能,17.92,-0.11%,0.79%,429.26万,354.30万,74.96万,789.83万
3700,301173,毓恬冠佳,43.67,-0.11%,0.85%,639.01万,485.74万,153.27万,1143.98万
3701,301107,瑜欣电子,27.79,-0.11%,0.70%,567.14万,551.78万,15.36万,1152.00万
3702,2946,新乳业,18.12,-0.11%,0.28%,1815.08万,2411.52万,-596.44万,4343.91万
3703,688013,天臣医疗,38.04,-0.11%,0.50%,783.46万,757.77万,25.70万,1543.39万
3704,300948,冠中生态,18.91,-0.11%,0.46%,726.47万,574.60万,151.87万,1313.36万
3705,603725,天安新材,8.91,-0.11%,1.04%,1283.31万,1364.52万,-81.21万,2670.99万
3706,603995,甬金股份,18.11,-0.11%,0.44%,1174.35万,1673.23万,-498.88万,2917.54万
3707,601985,中国核电,8.76,-0.11%,0.18%,1.24亿,1.59亿,-3456.83万,2.92亿
3708,605369,拱东医疗,17.8,-0.11%,0.17%,335.01万,318.52万,16.49万,659.93万
3709,601086,国芳集团,8.87,-0.11%,0.28%,784.58万,878.50万,-93.92万,1671.59万
3710,600510,黑牡丹,8.71,-0.11%,0.32%,1284.98万,1469.17万,-184.18万,2865.08万
3711,300757,罗博特科,490.23,-0.11%,1.59%,5.61亿,6.04亿,-4235.50万,11.75亿
3712,300708,聚灿光电,9.44,-0.11%,1.52%,3874.71万,6155.46万,-2280.75万,1.02亿
3713,2878,元隆雅图,17.68,-0.11%,2.16%,4337.16万,4518.72万,-181.56万,8978.33万
3714,2773,康弘药业,27.65,-0.11%,0.91%,6937.18万,8072.37万,-1135.19万,1.70亿
3715,2521,齐峰新材,8.75,-0.11%,1.24%,2273.32万,2221.94万,51.39万,4540.44万
3716,2214,*ST大立,18.77,-0.11%,0.35%,1487.08万,1613.21万,-126.14万,3129.22万
3717,603406,天富龙,34.46,-0.12%,0.59%,375.60万,368.34万,7.26万,748.76万
3718,2615,哈尔斯,8.36,-0.12%,2.23%,2664.73万,3091.32万,-426.59万,5780.23万
3719,688646,ST逸飞,51.23,-0.12%,0.49%,890.86万,558.49万,332.37万,1470.81万
3720,603153,上海建科,16.51,-0.12%,0.16%,588.27万,460.64万,127.63万,1050.90万
3721,803,山高环能,8.19,-0.12%,0.78%,1563.79万,1358.66万,205.13万,2933.26万
3722,301312,智立方,120.94,-0.12%,5.13%,2.02亿,1.70亿,3194.50万,3.75亿
3723,2561,徐家汇,8.03,-0.12%,0.36%,524.10万,638.33万,-114.23万,1204.98万
3724,300947,德必集团,16.69,-0.12%,0.71%,762.12万,1003.97万,-241.85万,1796.45万
3725,688443,智翔金泰,31.96,-0.12%,1.77%,3432.48万,3146.05万,286.43万,6602.11万
3726,300889,爱克股份,25.85,-0.12%,0.69%,1114.77万,1481.96万,-367.19万,2631.37万
3727,605066,天正电气,8.19,-0.12%,0.71%,1030.30万,1819.00万,-788.70万,2916.13万
3728,300962,中金辐照,16.25,-0.12%,0.32%,636.74万,696.83万,-60.09万,1348.21万
3729,688022,瀚川智能,16.91,-0.12%,0.66%,1051.06万,887.86万,163.20万,1950.79万
3730,2434,万里扬,8.27,-0.12%,0.47%,2459.86万,2589.29万,-129.43万,5110.52万
3731,1979,招商蛇口,8.53,-0.12%,0.24%,8186.43万,9184.87万,-998.44万,1.74亿
3732,58,深赛格,7.97,-0.13%,0.22%,863.06万,884.67万,-21.62万,1755.79万
3733,2492,恒基达鑫,7.49,-0.13%,0.72%,964.76万,1177.37万,-212.61万,2160.78万
3734,603075,热威股份,22.73,-0.13%,1.71%,828.78万,764.21万,64.57万,1595.49万
3735,605033,美邦股份,22.55,-0.13%,0.49%,720.98万,727.05万,-6.07万,1482.32万
3736,301515,港通医疗,22.6,-0.13%,1.01%,780.10万,677.57万,102.53万,1512.45万
3737,1289,龙源电力,15.37,-0.13%,0.05%,1377.18万,2377.43万,-1000.25万,3784.89万
3738,300848,美瑞新材,14.84,-0.13%,0.59%,1155.00万,1051.66万,103.35万,2237.37万
3739,300913,兆龙互连,53.0,-0.13%,0.87%,5570.50万,5991.74万,-421.24万,1.18亿
3740,300882,万胜智能,22.88,-0.13%,0.58%,1538.33万,1936.65万,-398.32万,3513.61万
3741,603655,朗博科技,39.39,-0.13%,0.46%,1009.01万,878.20万,130.82万,1941.56万
3742,603297,永新光学,108.89,-0.13%,0.36%,2021.29万,2325.76万,-304.47万,4387.28万
3743,601398,工商银行,7.49,-0.13%,0.04%,3.25亿,3.72亿,-4641.95万,7.03亿
3744,600835,上海机电,22.6,-0.13%,0.32%,2902.10万,2729.67万,172.43万,5810.44万
3745,600686,金龙汽车,15.9,-0.13%,1.15%,6203.26万,6689.73万,-486.47万,1.31亿
3746,600663,陆家嘴,7.83,-0.13%,0.07%,983.66万,773.14万,210.52万,1769.89万
3747,600501,航天晨光,23.31,-0.13%,1.04%,4390.70万,5883.08万,-1492.38万,1.05亿
3748,600305,恒顺醋业,7.44,-0.13%,0.18%,675.59万,787.92万,-112.33万,1474.38万
3749,300481,濮阳惠成,14.85,-0.13%,0.91%,1894.43万,1983.35万,-88.92万,3920.10万
3750,2951,金时科技,14.89,-0.13%,0.85%,2719.37万,2330.70万,388.67万,5118.06万
3751,2492,恒基达鑫,7.49,-0.13%,0.72%,964.76万,1177.37万,-212.61万,2160.78万
3752,603075,热威股份,22.73,-0.13%,1.71%,828.78万,764.21万,64.57万,1595.49万
3753,605033,美邦股份,22.55,-0.13%,0.49%,720.98万,727.05万,-6.07万,1482.32万
3754,301515,港通医疗,22.6,-0.13%,1.01%,780.10万,677.57万,102.53万,1512.45万
3755,1289,龙源电力,15.37,-0.13%,0.05%,1377.18万,2377.43万,-1000.25万,3784.89万
3756,300848,美瑞新材,14.84,-0.13%,0.59%,1155.00万,1051.66万,103.35万,2237.37万
3757,300913,兆龙互连,53.0,-0.13%,0.87%,5570.50万,5991.74万,-421.24万,1.18亿
3758,300882,万胜智能,22.88,-0.13%,0.58%,1538.33万,1936.65万,-398.32万,3513.61万
3759,603655,朗博科技,39.39,-0.13%,0.46%,1009.01万,878.20万,130.82万,1941.56万
3760,603297,永新光学,108.89,-0.13%,0.36%,2021.29万,2325.76万,-304.47万,4387.28万
3761,601398,工商银行,7.49,-0.13%,0.04%,3.25亿,3.72亿,-4641.95万,7.03亿
3762,600597,光明乳业,7.46,-0.13%,0.15%,736.38万,847.63万,-111.25万,1586.71万
3763,600528,中铁工业,7.95,-0.13%,0.35%,2487.87万,3543.42万,-1055.56万,6188.54万
3764,600501,航天晨光,23.31,-0.13%,1.04%,4390.70万,5883.08万,-1492.38万,1.05亿
3765,600305,恒顺醋业,7.44,-0.13%,0.18%,675.59万,787.92万,-112.33万,1474.38万
3766,300481,濮阳惠成,14.85,-0.13%,0.91%,1894.43万,1983.35万,-88.92万,3920.10万
3767,2951,金时科技,14.89,-0.13%,0.85%,2719.37万,2330.70万,388.67万,5118.06万
3768,2617,露笑科技,7.63,-0.13%,0.93%,5507.85万,7284.10万,-1776.25万,1.33亿
3769,688755,汉邦科技,38.67,-0.13%,0.23%,47.37万,104.91万,-57.54万,153.83万
3770,2198,嘉应制药,7.65,-0.13%,1.00%,1982.90万,1886.20万,96.71万,3875.91万
3771,2190,成飞集成,31.59,-0.13%,0.44%,2243.63万,2696.36万,-452.73万,4976.32万
3772,2007,华兰生物,15.0,-0.13%,0.22%,2208.65万,2881.69万,-673.04万,5112.68万
3773,66,中国长城,15.63,-0.13%,1.16%,2.70亿,3.10亿,-4039.87万,5.85亿
3774,301307,美利信,41.47,-0.14%,3.62%,8426.73万,8101.90万,324.83万,1.66亿
3775,603191,望变电气,20.92,-0.14%,1.86%,6788.82万,5894.59万,894.23万,1.28亿
3776,603370,华新精科,44.2,-0.14%,0.41%,305.61万,323.99万,-18.38万,639.76万
3777,600629,华建集团,20.87,-0.14%,1.10%,1.13亿,1.00亿,1271.21万,2.17亿
3778,688687,凯因科技,21.46,-0.14%,0.97%,1715.08万,1757.62万,-42.54万,3531.32万
3779,603877,太平鸟,14.22,-0.14%,0.17%,497.57万,650.80万,-153.23万,1166.00万
3780,2392,北京利尔,7.14,-0.14%,0.40%,1590.95万,1684.65万,-93.70万,3287.83万
3781,601901,方正证券,7.13,-0.14%,0.18%,5282.34万,5387.21万,-104.87万,1.07亿
3782,601186,中国铁建,6.95,-0.14%,0.13%,3356.71万,6637.31万,-3280.60万,1.01亿
3783,600901,江苏金租,6.9,-0.14%,0.18%,3442.48万,3535.34万,-92.86万,7033.79万
3784,600560,金自天正,14.54,-0.14%,0.53%,963.61万,743.67万,219.94万,1716.16万
3785,600535,天士力,14.3,-0.14%,0.22%,2380.27万,2209.48万,170.79万,4636.54万
3786,600015,华夏银行,7.26,-0.14%,0.17%,6823.56万,1.21亿,-5284.14万,1.92亿
3787,300583,赛托生物,14.24,-0.14%,0.49%,551.31万,703.49万,-152.18万,1289.94万
3788,1386,马可波罗,19.57,-0.15%,0.81%,717.50万,828.95万,-111.45万,1555.65万
3789,301509,金凯生科,46.57,-0.15%,5.65%,6641.12万,7825.18万,-1184.06万,1.48亿
3790,688231,隆达股份,33.39,-0.15%,0.38%,1608.37万,1454.59万,153.79万,3087.03万
3791,688223,晶科能源,6.69,-0.15%,0.51%,1.71亿,1.76亿,-568.48万,3.50亿
3792,300501,海顺新材,19.46,-0.15%,3.22%,3014.96万,3211.82万,-196.87万,6322.00万
3793,300977,深圳瑞捷,19.72,-0.15%,0.81%,795.60万,704.54万,91.06万,1528.93万
3794,300981,中红医疗,13.72,-0.15%,0.97%,2493.53万,2686.11万,-192.58万,5233.82万
3795,603168,莎普爱思,6.64,-0.15%,1.17%,1369.54万,1507.33万,-137.78万,2897.00万
3796,603016,新宏泰,46.09,-0.15%,2.08%,6832.22万,7150.44万,-318.23万,1.41亿
3797,600398,海澜之家,6.77,-0.15%,0.22%,3848.39万,3233.61万,614.78万,7166.17万
3798,600372,中航机载,13.24,-0.15%,0.27%,7700.28万,9487.21万,-1786.93万,1.75亿
3799,300672,国科微,164.36,-0.15%,4.35%,7.91亿,6.68亿,1.23亿,14.71亿
3800,300446,航天智造,20.41,-0.15%,1.40%,5267.05万,5278.94万,-11.89万,1.06亿
3801,603370,华新精科,44.2,-0.14%,0.41%,305.61万,323.99万,-18.38万,639.76万
3802,600629,华建集团,20.87,-0.14%,1.10%,1.13亿,1.00亿,1271.21万,2.17亿
3803,688687,凯因科技,21.46,-0.14%,0.97%,1715.08万,1757.62万,-42.54万,3531.32万
3804,603877,太平鸟,14.22,-0.14%,0.17%,497.57万,650.80万,-153.23万,1166.00万
3805,2392,北京利尔,7.14,-0.14%,0.40%,1590.95万,1684.65万,-93.70万,3287.83万
3806,601901,方正证券,7.13,-0.14%,0.18%,5282.34万,5387.21万,-104.87万,1.07亿
3807,601186,中国铁建,6.95,-0.14%,0.13%,3356.71万,6637.31万,-3280.60万,1.01亿
3808,600901,江苏金租,6.9,-0.14%,0.18%,3442.48万,3535.34万,-92.86万,7033.79万
3809,600560,金自天正,14.54,-0.14%,0.53%,963.61万,743.67万,219.94万,1716.16万
3810,600535,天士力,14.3,-0.14%,0.22%,2380.27万,2209.48万,170.79万,4636.54万
3811,600210,紫江企业,6.97,-0.14%,0.30%,1439.13万,1728.71万,-289.57万,3177.74万
3812,600063,皖维高新,7.13,-0.14%,0.92%,6852.74万,6719.10万,133.65万,1.37亿
3813,600015,华夏银行,7.26,-0.14%,0.17%,6823.56万,1.21亿,-5284.14万,1.92亿
3814,600011,华能国际,6.99,-0.14%,0.23%,8393.62万,9428.27万,-1034.65万,1.80亿
3815,300583,赛托生物,14.24,-0.14%,0.49%,551.31万,703.49万,-152.18万,1289.94万
3816,1386,马可波罗,19.57,-0.15%,0.81%,717.50万,828.95万,-111.45万,1555.65万
3817,301509,金凯生科,46.57,-0.15%,5.65%,6641.12万,7825.18万,-1184.06万,1.48亿
3818,688231,隆达股份,33.39,-0.15%,0.38%,1608.37万,1454.59万,153.79万,3087.03万
3819,688223,晶科能源,6.69,-0.15%,0.51%,1.71亿,1.76亿,-568.48万,3.50亿
3820,300501,海顺新材,19.46,-0.15%,3.22%,3014.96万,3211.82万,-196.87万,6322.00万
3821,300977,深圳瑞捷,19.72,-0.15%,0.81%,795.60万,704.54万,91.06万,1528.93万
3822,300981,中红医疗,13.72,-0.15%,0.97%,2493.53万,2686.11万,-192.58万,5233.82万
3823,603168,莎普爱思,6.64,-0.15%,1.17%,1369.54万,1507.33万,-137.78万,2897.00万
3824,603016,新宏泰,46.09,-0.15%,2.08%,6832.22万,7150.44万,-318.23万,1.41亿
3825,600167,联美控股,6.52,-0.15%,0.14%,974.99万,1077.21万,-102.21万,2053.97万
3826,300672,国科微,164.36,-0.15%,4.35%,7.91亿,6.68亿,1.23亿,14.71亿
3827,300446,航天智造,20.41,-0.15%,1.40%,5267.05万,5278.94万,-11.89万,1.06亿
3828,300347,泰格医药,58.96,-0.15%,0.82%,1.31亿,1.35亿,-405.31万,2.70亿
3829,300203,聚光科技,13.71,-0.15%,0.84%,2750.21万,2361.68万,388.53万,5148.66万
3830,3012,东鹏控股,6.23,-0.16%,0.22%,756.85万,797.78万,-40.93万,1580.82万
3831,300926,博俊科技,25.48,-0.16%,0.55%,1948.05万,2012.92万,-64.87万,4268.72万
3832,600903,贵州燃气,6.24,-0.16%,0.16%,387.87万,754.42万,-366.55万,1144.03万
3833,600874,创业环保,6.09,-0.16%,0.21%,675.10万,920.21万,-245.12万,1616.08万
3834,600846,同济科技,12.13,-0.16%,0.07%,244.17万,293.52万,-49.35万,559.64万
3835,600820,隧道股份,6.13,-0.16%,0.13%,1270.54万,1288.38万,-17.84万,2565.90万
3836,600755,厦门国贸,6.34,-0.16%,0.17%,1106.89万,1252.28万,-145.40万,2374.72万
3837,600529,山东药玻,18.67,-0.16%,0.26%,1097.55万,1940.38万,-842.83万,3258.70万
3838,600416,湘电股份,12.28,-0.16%,0.40%,3068.48万,4208.67万,-1140.19万,7322.22万
3839,600125,铁龙物流,6.23,-0.16%,0.60%,1933.37万,2782.32万,-848.95万,4829.65万
3840,300140,节能环境,6.28,-0.16%,0.83%,2652.43万,2585.39万,67.04万,5318.04万
3841,2391,长青股份,6.19,-0.16%,0.43%,662.62万,581.39万,81.22万,1244.38万
3842,2035,华帝股份,6.41,-0.16%,0.84%,1670.55万,2495.92万,-825.38万,4209.48万
3843,553,安道麦A,6.19,-0.16%,0.17%,1108.57万,1205.61万,-97.04万,2326.81万
3844,1233,海安集团,70.21,-0.17%,2.05%,2327.61万,2788.38万,-460.77万,5132.15万
3845,920,沃顿科技,11.75,-0.17%,0.25%,587.65万,782.32万,-194.66万,1376.20万
3846,421,南京公用,6.04,-0.17%,0.62%,778.29万,1357.21万,-578.92万,2148.85万
3847,600930,华电新能,6.02,-0.17%,1.16%,8179.28万,1.42亿,-5992.19万,2.26亿
3848,688466,金科环境,17.17,-0.17%,0.49%,502.91万,517.97万,-15.07万,1046.24万
3849,600753,*ST海钦,12.04,-0.17%,0.40%,439.12万,661.40万,-222.29万,1108.96万
3850,603658,安图生物,34.36,-0.17%,0.12%,982.25万,1375.29万,-393.05万,2390.86万
3851,920,沃顿科技,11.75,-0.17%,0.25%,587.65万,782.32万,-194.66万,1376.20万
3852,421,南京公用,6.04,-0.17%,0.62%,778.29万,1357.21万,-578.92万,2148.85万
3853,600930,华电新能,6.02,-0.17%,1.16%,8179.28万,1.42亿,-5992.19万,2.26亿
3854,688466,金科环境,17.17,-0.17%,0.49%,502.91万,517.97万,-15.07万,1046.24万
3855,600753,*ST海钦,12.04,-0.17%,0.40%,439.12万,661.40万,-222.29万,1108.96万
3856,603658,安图生物,34.36,-0.17%,0.12%,982.25万,1375.29万,-393.05万,2390.86万
3857,601997,贵阳银行,5.79,-0.17%,0.20%,2011.38万,2173.83万,-162.45万,4291.09万
3858,601838,成都银行,17.36,-0.17%,0.17%,5205.91万,6914.49万,-1708.58万,1.22亿
3859,600582,天地科技,5.72,-0.17%,0.12%,1450.55万,1388.00万,62.55万,2860.70万
3860,600363,联创光电,52.36,-0.17%,0.45%,4784.55万,5792.75万,-1008.20万,1.06亿
3861,600203,福日电子,11.43,-0.17%,0.97%,3118.65万,3404.50万,-285.85万,6541.44万
3862,300482,万孚生物,17.75,-0.17%,0.38%,1220.56万,1690.51万,-469.95万,2921.72万
3863,2855,捷荣技术,11.54,-0.17%,0.42%,585.04万,525.85万,59.19万,1185.90万
3864,2476,宝莫股份,5.96,-0.17%,0.57%,942.75万,1132.83万,-190.07万,2087.32万
3865,2016,世荣兆业,5.84,-0.17%,0.53%,1278.68万,1233.32万,45.36万,2529.47万
3866,958,电投产融,6.03,-0.17%,0.15%,1835.32万,2913.57万,-1078.24万,4773.91万
3867,661,长春高新,86.62,-0.17%,0.38%,6273.50万,6777.27万,-503.76万,1.31亿
3868,99,中信海直,17.61,-0.17%,0.34%,1863.89万,2749.51万,-885.62万,4666.61万
3869,688075,安旭生物,38.94,-0.18%,0.09%,215.78万,208.68万,7.10万,433.85万
3870,603678,火炬电子,33.05,-0.18%,0.67%,4762.87万,5536.07万,-773.20万,1.05亿
3871,601096,宏盛华源,5.54,-0.18%,0.89%,2933.41万,5009.35万,-2075.94万,8036.18万
3872,600525,ST长园,5.51,-0.18%,0.22%,780.90万,801.46万,-20.56万,1594.41万
3873,300463,迈克生物,10.8,-0.18%,0.38%,829.85万,1183.72万,-353.87万,2036.13万
3874,2932,明德生物,16.86,-0.18%,0.59%,699.02万,824.36万,-125.34万,1556.92万
3875,2825,纳尔股份,11.21,-0.18%,0.87%,1443.01万,985.62万,457.39万,2501.96万
3876,2218,拓日新能,5.58,-0.18%,2.06%,7718.07万,8043.97万,-325.89万,1.59亿
3877,821,ST京机,11.37,-0.18%,0.91%,2764.22万,3407.86万,-643.64万,6188.90万
3878,688280,精进电动,10.79,-0.19%,2.05%,5309.71万,6067.97万,-758.26万,1.15亿
3879,301206,三元生物,26.61,-0.19%,0.30%,574.03万,472.50万,101.52万,1049.20万
3880,798,中水渔业,10.3,-0.19%,0.68%,1117.23万,1444.34万,-327.11万,2565.69万
3881,601528,瑞丰银行,5.27,-0.19%,0.32%,1301.63万,1614.65万,-313.02万,2936.25万
3882,688621,阳光诺和,67.45,-0.19%,0.78%,3093.83万,2730.37万,363.45万,5843.38万
3883,2701,奥瑞金,5.39,-0.19%,1.02%,7050.27万,6912.40万,137.87万,1.40亿
3884,688513,苑东生物,66.73,-0.19%,0.86%,5341.87万,4661.12万,680.75万,1.01亿
3885,603195,公牛集团,41.11,-0.19%,0.03%,819.41万,1093.94万,-274.54万,1969.36万
3886,603345,安井食品,94.62,-0.19%,0.47%,6079.85万,6548.32万,-468.48万,1.30亿
3887,600917,重庆燃气,5.37,-0.19%,0.09%,299.93万,481.89万,-181.96万,788.83万
3888,600787,中储股份,5.38,-0.19%,0.21%,987.85万,1425.63万,-437.78万,2419.13万
3889,600196,复星医药,26.75,-0.19%,0.35%,1.00亿,9721.83万,308.83万,1.98亿
3890,2004,华邦健康,5.22,-0.19%,0.47%,2134.53万,2514.67万,-380.13万,4668.26万
3891,2977,天箭科技,29.75,-0.20%,1.92%,1767.32万,1981.93万,-214.61万,3811.21万
3892,3030,祖名股份,20.13,-0.20%,0.70%,577.45万,523.44万,54.01万,1118.43万
3893,301115,联检科技,20.44,-0.20%,0.48%,743.24万,621.34万,121.90万,1527.24万
3894,301223,中荣股份,19.8,-0.20%,0.45%,572.40万,414.39万,158.00万,993.33万
3895,301058,中粮科工,9.89,-0.20%,0.35%,774.48万,1013.63万,-239.15万,1792.36万
3896,688526,科前生物,15.14,-0.20%,0.23%,721.79万,921.92万,-200.12万,1654.23万
3897,300818,耐普矿机,34.49,-0.20%,2.29%,5665.95万,2857.00万,2808.95万,8640.40万
3898,601816,京沪高铁,4.93,-0.20%,0.07%,8884.96万,7336.78万,1548.18万,1.64亿
3899,603588,高能环境,15.17,-0.20%,2.12%,2.29亿,2.61亿,-3222.63万,4.94亿
3900,603516,淳中科技,143.05,-0.20%,1.16%,1.77亿,1.49亿,2751.02万,3.37亿
3901,300259,新天科技,4.8,-0.21%,0.71%,1719.75万,2167.90万,-448.15万,3945.29万
3902,2933,新兴装备,32.83,-0.21%,0.57%,1162.02万,974.41万,187.62万,2201.16万
3903,2791,坚朗五金,19.33,-0.21%,0.61%,1283.97万,1227.70万,56.27万,2552.10万
3904,859,国风新材,9.46,-0.21%,1.04%,4004.21万,4745.06万,-740.85万,8776.89万
3905,690,宝新能源,4.68,-0.21%,0.95%,4224.68万,5490.66万,-1265.98万,9764.50万
3906,1325,元创股份,63.1,-0.22%,5.70%,4201.75万,2715.59万,1486.15万,7067.60万
3907,688783,西安奕材,22.52,-0.22%,1.01%,1434.30万,2300.29万,-865.98万,3752.34万
3908,688570,天玛智控,17.85,-0.22%,0.13%,219.05万,216.69万,2.36万,446.42万
3909,301039,中集车辆,9.17,-0.22%,0.24%,1430.95万,1761.91万,-330.96万,3253.99万
3910,2262,恩华药业,22.84,-0.22%,0.31%,2671.76万,3474.42万,-802.66万,6237.09万
3911,300893,松原安全,22.68,-0.22%,0.56%,1603.85万,1545.57万,58.27万,3178.99万
3912,300829,金丹科技,18.1,-0.22%,1.37%,2107.35万,1718.47万,388.88万,3896.59万
3913,603898,好莱客,13.46,-0.22%,0.27%,621.36万,507.37万,113.99万,1141.92万
3914,603118,共进股份,13.63,-0.22%,2.14%,1.05亿,1.23亿,-1768.91万,2.30亿
3915,600745,闻泰科技,31.05,-0.22%,0.60%,1.08亿,1.21亿,-1337.10万,2.32亿
3916,600050,中国联通,4.56,-0.22%,0.11%,6480.69万,9260.33万,-2779.64万,1.60亿
3917,600004,白云机场,8.91,-0.22%,0.10%,940.05万,1209.47万,-269.42万,2188.06万
3918,300096,ST易联众,9.18,-0.22%,0.66%,948.84万,1547.06万,-598.22万,2581.82万
3919,2597,金禾实业,22.61,-0.22%,0.63%,3780.68万,4343.40万,-562.72万,8163.65万
3920,301628,强达电路,108.0,-0.23%,3.19%,4892.69万,4658.51万,234.18万,9610.65万
3921,1212,中旗新材,48.27,-0.23%,1.18%,5490.43万,4489.27万,1001.16万,1.00亿
3922,603237,五芳斋,17.16,-0.23%,0.21%,303.26万,391.65万,-88.38万,702.46万
3923,3022,联泓新科,21.57,-0.23%,0.30%,4525.98万,3985.28万,540.71万,8764.21万
3924,688501,青达环保,26.24,-0.23%,0.83%,1341.46万,1287.38万,54.08万,2687.57万
3925,603286,日盈电子,61.23,-0.23%,1.22%,3815.99万,4911.78万,-1095.79万,8751.03万
3926,300582,英飞特,12.84,-0.23%,1.25%,1853.83万,1618.75万,235.08万,3556.91万
3927,601298,青岛港,8.77,-0.23%,0.06%,1386.57万,1218.27万,168.29万,2646.98万
3928,600810,神马股份,8.62,-0.23%,0.58%,2648.11万,2755.18万,-107.08万,5419.15万
3929,600774,汉商集团,8.81,-0.23%,0.43%,517.54万,582.30万,-64.76万,1101.60万
3930,600771,广誉远,17.28,-0.23%,0.30%,961.72万,1525.47万,-563.76万,2502.91万
3931,300581,晨曦航空,12.88,-0.23%,0.60%,1883.17万,2276.63万,-393.46万,4235.81万
3932,300142,沃森生物,12.76,-0.23%,0.89%,7369.06万,9403.42万,-2034.36万,1.76亿
3933,300054,鼎龙股份,51.71,-0.23%,1.38%,2.58亿,2.56亿,204.25万,5.27亿
3934,2926,华西证券,8.6,-0.23%,0.24%,2032.43万,3388.72万,-1356.29万,5495.12万
3935,2782,可立克,22.02,-0.23%,0.79%,4634.89万,3785.78万,849.12万,8470.47万
3936,2266,浙富控股,4.39,-0.23%,0.45%,4693.27万,4862.26万,-168.99万,9650.52万
3937,860,顺鑫农业,13.0,-0.23%,0.28%,1291.71万,1420.11万,-128.40万,2752.65万
3938,403,派林生物,12.76,-0.23%,0.26%,1021.61万,1912.98万,-891.37万,3077.22万
3939,28,国药一致,26.39,-0.23%,0.73%,4113.93万,5085.40万,-971.48万,9280.90万
3940,300904,威力传动,58.87,-0.24%,1.28%,654.14万,972.74万,-318.61万,1645.15万
3941,301611,珂玛科技,98.76,-0.24%,4.41%,3.10亿,3.25亿,-1546.21万,6.40亿
3942,600905,三峡能源,4.1,-0.24%,0.13%,7042.38万,7997.62万,-955.24万,1.52亿
3943,688300,联瑞新材,92.8,-0.24%,0.92%,1.05亿,9989.05万,519.04万,2.06亿
3944,300888,稳健医疗,33.78,-0.24%,0.39%,3475.50万,4108.81万,-633.31万,7646.49万
3945,601069,西部黄金,33.53,-0.24%,0.95%,1.38亿,1.36亿,226.21万,2.82亿
3946,601020,华钰矿业,28.77,-0.24%,1.44%,1.58亿,1.75亿,-1713.10万,3.37亿
3947,2960,青鸟消防,12.22,-0.24%,0.52%,2254.26万,2786.56万,-532.30万,5113.04万
3948,790,华神科技,4.18,-0.24%,2.24%,3138.59万,2585.11万,553.49万,5791.24万
3949,659,珠海中富,4.15,-0.24%,1.20%,2610.44万,3785.37万,-1174.93万,6410.21万
3950,11,深物业A,8.29,-0.24%,0.27%,510.47万,634.40万,-123.93万,1156.22万
3951,2941,新疆交建,15.78,-0.25%,0.46%,2192.54万,2898.46万,-705.92万,5229.80万
3952,2831,裕同科技,36.25,-0.25%,0.63%,5128.94万,5445.73万,-316.79万,1.19亿
3953,2725,跃岭股份,15.97,-0.25%,1.75%,3632.84万,2271.20万,1361.63万,5941.43万
3954,2508,老板电器,20.11,-0.25%,0.18%,1993.20万,1452.91万,540.29万,3475.49万
3955,2338,奥普光电,52.37,-0.25%,0.50%,2785.65万,3427.26万,-641.61万,6324.44万
3956,2221,东华能源,7.99,-0.25%,0.39%,1461.11万,2932.20万,-1471.09万,4495.28万
3957,810,创维数字,11.89,-0.25%,0.86%,5677.39万,5442.26万,235.13万,1.13亿
3958,603092,德力佳,68.93,-0.26%,1.90%,1748.59万,2567.45万,-818.86万,4370.50万
3959,301331,恩威医药,26.48,-0.26%,0.44%,569.74万,605.39万,-35.65万,1195.78万
3960,2399,海普瑞,11.41,-0.26%,0.14%,886.44万,1119.34万,-232.90万,2019.34万
3961,2968,新大正,11.72,-0.26%,0.37%,492.49万,412.56万,79.93万,923.33万
3962,688571,杭华股份,7.68,-0.26%,0.26%,455.54万,369.02万,86.53万,830.92万
3963,688189,南新制药,7.72,-0.26%,0.85%,779.68万,1000.37万,-220.69万,1786.77万
3964,603968,醋化股份,11.71,-0.26%,1.20%,1477.31万,1359.56万,117.75万,2861.69万
3965,601019,山东出版,7.73,-0.26%,0.36%,2220.80万,3606.96万,-1386.16万,5874.86万
3966,600368,五洲交通,3.86,-0.26%,0.19%,502.27万,655.36万,-153.09万,1166.62万
3967,2537,海联金汇,7.78,-0.26%,0.93%,3556.08万,4763.57万,-1207.49万,8453.49万
3968,2437,誉衡药业,3.9,-0.26%,6.85%,2.64亿,2.88亿,-2373.31万,5.56亿
3969,688576,西山科技,69.59,-0.27%,0.35%,238.38万,292.75万,-54.36万,534.03万
3970,688717,艾罗能源,105.72,-0.27%,3.61%,1.82亿,1.92亿,-984.00万,3.80亿
3971,300053,航宇微,18.14,-0.27%,2.42%,1.41亿,1.40亿,148.66万,2.85亿
3972,603439,三力制药,11.1,-0.27%,0.23%,350.62万,657.76万,-307.14万,1014.93万
3973,605100,华丰股份,44.7,-0.27%,0.39%,1323.17万,1509.01万,-185.84万,2917.54万
3974,603036,如通股份,18.14,-0.27%,0.42%,955.59万,621.52万,334.07万,1583.10万
3975,601319,中国人保,7.46,-0.27%,0.05%,6612.03万,6397.76万,214.27万,1.31亿
3976,600967,内蒙一机,14.72,-0.27%,0.29%,2942.16万,4251.95万,-1309.80万,7286.19万
3977,600751,海航科技,3.75,-0.27%,0.48%,2266.59万,2335.57万,-68.99万,4637.09万
3978,600597,光明乳业,7.45,-0.27%,0.18%,790.92万,978.60万,-187.68万,1821.22万
3979,600165,ST宁科,3.63,-0.27%,0.43%,356.05万,730.62万,-374.56万,1126.22万
3980,2191,劲嘉股份,3.68,-0.27%,0.35%,714.25万,1156.12万,-441.87万,1870.81万
3981,688739,成大生物,24.75,-0.28%,0.11%,457.22万,666.46万,-209.24万,1138.49万
3982,2554,惠博普,3.57,-0.28%,0.60%,1169.36万,1653.88万,-484.53万,2835.14万
3983,688090,瑞松科技,68.11,-0.28%,1.21%,5216.41万,4754.71万,461.70万,1.00亿
3984,605118,力鼎光电,42.68,-0.28%,0.39%,2948.48万,3681.69万,-733.21万,6731.12万
3985,601077,渝农商行,7.2,-0.28%,0.16%,5678.32万,4085.40万,1592.93万,9894.38万
3986,600794,保税科技,3.62,-0.28%,0.28%,417.70万,772.03万,-354.33万,1206.86万
3987,603585,苏利股份,24.9,-0.28%,3.79%,8433.59万,9125.86万,-692.27万,1.76亿
3988,603161,科华控股,14.43,-0.28%,0.38%,571.36万,466.87万,104.49万,1045.30万
3989,600831,广电网络,3.55,-0.28%,0.61%,721.18万,761.37万,-40.19万,1537.08万
3990,600760,中航沈飞,50.52,-0.28%,0.21%,1.24亿,1.76亿,-5132.01万,3.05亿
3991,600678,四川金顶,10.5,-0.28%,1.12%,2058.05万,1970.01万,88.04万,4114.16万
3992,600628,新世界,7.15,-0.28%,0.41%,938.54万,862.74万,75.80万,1874.58万
3993,600063,皖维高新,7.12,-0.28%,0.99%,7256.20万,7304.77万,-48.56万,1.48亿
3994,300601,康泰生物,14.24,-0.28%,0.41%,2638.74万,2583.50万,55.24万,5314.96万
3995,300269,联建光电,7.25,-0.28%,1.61%,2547.48万,3370.87万,-823.39万,6111.04万
3996,2631,德尔未来,7.2,-0.28%,0.98%,2525.78万,3015.05万,-489.27万,5607.66万
3997,2327,富安娜,7.03,-0.28%,0.37%,414.16万,816.54万,-402.38万,1287.20万
3998,2073,软控股份,7.21,-0.28%,1.04%,3734.74万,3757.59万,-22.84万,7644.90万
3999,800,一汽解放,7.04,-0.28%,0.15%,2130.56万,3009.53万,-878.97万,5243.36万
4000,300844,山水比德,33.82,-0.29%,0.39%,616.30万,565.37万,50.92万,1187.42万
4001,600751,海航科技,3.75,-0.27%,0.48%,2266.59万,2335.57万,-68.99万,4637.09万
4002,600016,民生银行,3.72,-0.27%,0.12%,2719.53万,1.24亿,-9705.96万,1.54亿
4003,2191,劲嘉股份,3.68,-0.27%,0.35%,714.25万,1156.12万,-441.87万,1870.81万
4004,688739,成大生物,24.75,-0.28%,0.11%,457.22万,666.46万,-209.24万,1138.49万
4005,2554,惠博普,3.57,-0.28%,0.60%,1169.36万,1653.88万,-484.53万,2835.14万
4006,688090,瑞松科技,68.11,-0.28%,1.21%,5216.41万,4754.71万,461.70万,1.00亿
4007,605118,力鼎光电,42.68,-0.28%,0.39%,2948.48万,3681.69万,-733.21万,6731.12万
4008,601077,渝农商行,7.2,-0.28%,0.16%,5678.32万,4085.40万,1592.93万,9894.38万
4009,600794,保税科技,3.62,-0.28%,0.28%,417.70万,772.03万,-354.33万,1206.86万
4010,603585,苏利股份,24.9,-0.28%,3.79%,8433.59万,9125.86万,-692.27万,1.76亿
4011,603161,科华控股,14.43,-0.28%,0.38%,571.36万,466.87万,104.49万,1045.30万
4012,600831,广电网络,3.55,-0.28%,0.61%,721.18万,761.37万,-40.19万,1537.08万
4013,600760,中航沈飞,50.52,-0.28%,0.21%,1.24亿,1.76亿,-5132.01万,3.05亿
4014,300601,康泰生物,14.24,-0.28%,0.41%,2638.74万,2583.50万,55.24万,5314.96万
4015,300269,联建光电,7.25,-0.28%,1.61%,2547.48万,3370.87万,-823.39万,6111.04万
4016,2631,德尔未来,7.2,-0.28%,0.98%,2525.78万,3015.05万,-489.27万,5607.66万
4017,2327,富安娜,7.03,-0.28%,0.37%,414.16万,816.54万,-402.38万,1287.20万
4018,2073,软控股份,7.21,-0.28%,1.04%,3734.74万,3757.59万,-22.84万,7644.90万
4019,800,一汽解放,7.04,-0.28%,0.15%,2130.56万,3009.53万,-878.97万,5243.36万
4020,300844,山水比德,33.82,-0.29%,0.39%,616.30万,565.37万,50.92万,1187.42万
4021,605188,国光连锁,17.18,-0.29%,0.22%,897.77万,949.57万,-51.80万,1872.94万
4022,688076,ST诺泰,30.84,-0.29%,0.21%,690.26万,1325.34万,-635.08万,2039.46万
4023,2533,金杯电工,13.62,-0.29%,1.36%,5436.71万,6307.59万,-870.88万,1.18亿
4024,601139,深圳燃气,6.83,-0.29%,0.34%,2662.68万,4009.63万,-1346.95万,6757.48万
4025,600694,大商股份,16.99,-0.29%,0.14%,317.28万,474.41万,-157.13万,802.74万
4026,600128,苏豪弘业,10.47,-0.29%,0.61%,822.68万,711.72万,110.97万,1585.72万
4027,300775,三角防务,37.67,-0.29%,2.25%,2.01亿,2.39亿,-3835.18万,4.47亿
4028,2837,英维克,105.0,-0.29%,2.17%,10.12亿,9.17亿,9526.20万,19.54亿
4029,563,陕国投A,3.38,-0.29%,0.20%,1168.41万,2064.36万,-895.95万,3371.76万
4030,62,深圳华强,27.92,-0.29%,1.30%,1.74亿,2.02亿,-2816.36万,3.80亿
4031,601,韶能股份,6.55,-0.30%,2.63%,8800.42万,9193.36万,-392.94万,1.81亿
4032,300284,苏交科,6.59,-0.30%,0.15%,496.11万,664.26万,-168.16万,1177.97万
4033,953,河化股份,6.61,-0.30%,0.49%,583.82万,579.39万,4.42万,1177.75万
4034,688234,天岳先进,90.2,-0.30%,1.00%,1.69亿,2.07亿,-3840.80万,3.85亿
4035,600897,厦门空港,16.39,-0.30%,0.30%,922.38万,1137.51万,-215.13万,2077.76万
4036,300151,昌红科技,16.84,-0.30%,0.76%,2501.55万,2099.16万,402.39万,4725.19万
4037,603261,*ST立航,35.64,-0.31%,0.12%,123.74万,221.74万,-97.99万,346.91万
4038,603529,爱玛科技,29.17,-0.31%,0.43%,5172.39万,5305.32万,-132.93万,1.07亿
4039,605555,德昌股份,16.29,-0.31%,0.55%,2088.79万,2247.03万,-158.24万,4342.66万
4040,601818,光大银行,3.2,-0.31%,0.15%,1.10亿,1.15亿,-557.39万,2.26亿
4041,600419,天润乳业,9.67,-0.31%,0.44%,620.32万,710.07万,-89.76万,1331.45万
4042,300415,伊之密,25.54,-0.31%,0.59%,2856.68万,4003.88万,-1147.20万,6903.21万
4043,300320,海达股份,9.8,-0.31%,1.34%,3145.76万,3146.67万,-9100.00,6348.54万
4044,300157,新锦动力,6.34,-0.31%,2.06%,4025.37万,5049.54万,-1024.17万,9196.33万
4045,2179,中航光电,35.76,-0.31%,0.42%,1.43亿,1.71亿,-2773.68万,3.18亿
4046,523,红棉股份,3.21,-0.31%,1.08%,2626.78万,1930.77万,696.01万,4584.39万
4047,301353,普莱得,27.74,-0.32%,1.09%,425.53万,535.31万,-109.78万,964.72万
4048,688293,奥浦迈,53.28,-0.32%,0.41%,1103.34万,1327.88万,-224.54万,2458.64万
4049,601825,沪农商行,9.27,-0.32%,0.08%,3948.02万,2995.99万,952.04万,7031.17万
4050,301047,义翘神州,75.09,-0.32%,0.39%,1513.61万,1752.13万,-238.53万,3453.05万
4051,605500,森林包装,8.97,-0.33%,0.14%,234.72万,271.96万,-37.24万,515.02万
4052,688085,三友医疗,18.04,-0.33%,0.30%,801.62万,898.85万,-97.23万,1705.94万
4053,688289,圣湘生物,18.2,-0.33%,0.24%,1001.19万,1470.92万,-469.73万,2483.32万
4054,601916,浙商银行,3.01,-0.33%,0.20%,6141.87万,6704.88万,-563.01万,1.30亿
4055,600008,首创环保,3.04,-0.33%,0.32%,3402.32万,3697.84万,-295.51万,7128.78万
4056,601858,中国科传,21.22,-0.33%,0.45%,3961.01万,3540.12万,420.88万,7572.84万
4057,601002,晋亿实业,5.97,-0.33%,1.54%,4353.48万,4240.05万,113.44万,8719.43万
4058,603948,建业股份,26.84,-0.33%,0.27%,484.32万,661.36万,-177.04万,1181.08万
4059,300416,苏试试验,18.28,-0.33%,1.13%,4961.52万,5278.30万,-316.78万,1.04亿
4060,300406,九强生物,12.06,-0.33%,0.27%,592.25万,790.59万,-198.33万,1404.42万
4061,300293,蓝英装备,18.0,-0.33%,0.78%,2123.95万,2566.79万,-442.84万,4756.39万
4062,300274,阳光电源,133.45,-0.33%,2.23%,20.81亿,26.34亿,-5.53亿,47.55亿
4063,2310,东方新能,3.0,-0.33%,1.80%,1.10亿,1.13亿,-320.79万,2.27亿
4064,650,仁和药业,5.89,-0.34%,0.46%,1629.32万,1959.47万,-330.15万,3601.51万
4065,301468,博盈特焊,53.46,-0.34%,4.07%,8381.11万,7845.34万,535.77万,1.64亿
4066,688082,盛美上海,155.47,-0.34%,0.30%,1.04亿,1.19亿,-1506.58万,2.24亿
4067,301078,孩子王,8.82,-0.34%,1.20%,6324.73万,6661.96万,-337.23万,1.32亿
4068,300225,*ST金泰,5.84,-0.34%,2.17%,2710.68万,3061.99万,-351.31万,5927.56万
4069,603656,泰禾智能,20.48,-0.34%,0.26%,507.75万,455.12万,52.64万,970.65万
4070,688122,西部超导,73.05,-0.34%,0.88%,2.09亿,2.05亿,414.25万,4.15亿
4071,600981,苏豪汇鸿,2.94,-0.34%,0.32%,757.16万,1315.81万,-558.64万,2108.73万
4072,600435,北方导航,14.85,-0.34%,0.54%,5633.94万,6272.36万,-638.41万,1.21亿
4073,600073,光明肉业,5.93,-0.34%,0.39%,1022.86万,1146.36万,-123.50万,2175.09万
4074,300717,华信新材,20.32,-0.34%,1.18%,1224.61万,1181.01万,43.60万,2418.83万
4075,2661,克明食品,8.92,-0.34%,0.44%,533.46万,696.72万,-163.25万,1231.52万
4076,2078,太阳纸业,14.51,-0.34%,0.31%,6015.60万,6097.32万,-81.72万,1.25亿
4077,688553,汇宇制药,20.17,-0.35%,1.83%,7008.88万,5626.96万,1381.91万,1.28亿
4078,605009,豪悦护理,28.22,-0.35%,0.13%,282.88万,470.55万,-187.67万,789.27万
4079,603033,三维股份,11.52,-0.35%,0.22%,1113.53万,1455.06万,-341.53万,2580.68万
4080,600887,伊利股份,25.6,-0.35%,0.28%,1.70亿,2.75亿,-1.05亿,4.57亿
4081,600835,上海机电,22.55,-0.35%,0.28%,2624.63万,2459.59万,165.04万,5143.06万
4082,600679,上海凤凰,11.41,-0.35%,0.33%,579.05万,724.60万,-145.56万,1309.35万
4083,600645,中源协和,28.55,-0.35%,0.88%,5438.31万,6247.77万,-809.46万,1.17亿
4084,600383,金地集团,2.82,-0.35%,0.48%,2294.09万,3762.25万,-1468.16万,6072.42万
4085,600038,中直股份,33.99,-0.35%,0.25%,2548.47万,3006.22万,-457.76万,5675.03万
4086,300401,花园生物,14.16,-0.35%,0.77%,2443.22万,3310.53万,-867.31万,5787.44万
4087,300374,中铁装配,14.12,-0.35%,0.56%,822.04万,1104.56万,-282.52万,1954.71万
4088,605028,世茂能源,28.05,-0.36%,0.33%,753.94万,719.49万,34.44万,1487.72万
4089,301588,美新科技,21.97,-0.36%,3.65%,3118.23万,2779.64万,338.58万,5932.16万
4090,603276,恒兴新材,16.64,-0.36%,0.78%,506.05万,471.88万,34.17万,983.42万
4091,688628,优利德,64.28,-0.36%,1.07%,3887.20万,3718.16万,169.04万,7684.20万
4092,603207,小方制药,27.9,-0.36%,0.89%,589.49万,754.86万,-165.37万,1364.44万
4093,2882,金龙羽,27.9,-0.36%,1.56%,5280.62万,5415.11万,-134.48万,1.10亿
4094,301166,优宁维,30.59,-0.36%,0.81%,718.68万,663.82万,54.86万,1403.01万
4095,603392,万泰生物,39.26,-0.36%,0.06%,1393.03万,1789.77万,-396.74万,3201.64万
4096,603822,ST嘉澳,85.67,-0.36%,0.31%,745.13万,1242.27万,-497.14万,2015.69万
4097,603809,豪能股份,11.19,-0.36%,0.94%,4302.31万,5362.54万,-1060.22万,9702.57万
4098,600557,康缘药业,13.98,-0.36%,0.34%,1212.45万,1398.50万,-186.05万,2667.07万
4099,600525,ST长园,5.5,-0.36%,0.23%,805.42万,843.53万,-38.11万,1666.33万
4100,600170,上海建工,2.74,-0.36%,0.61%,5169.71万,9572.91万,-4403.20万,1.49亿
4101,2560,通达股份,13.99,-0.36%,15.89%,5.15亿,4.56亿,5891.52万,9.79亿
4102,2357,富临运业,11.06,-0.36%,1.44%,2562.28万,2400.88万,161.40万,5061.87万
4103,597,东北制药,5.47,-0.36%,1.03%,3806.97万,4049.89万,-242.91万,7897.18万
4104,2592,ST八菱,8.15,-0.37%,0.59%,491.28万,765.81万,-274.53万,1258.88万
4105,601026,道生天合,18.83,-0.37%,1.34%,1116.15万,1524.01万,-407.86万,2697.06万
4106,430,ST张家界,8.05,-0.37%,2.28%,3180.83万,3554.62万,-373.79万,6795.44万
4107,1278,一彬科技,21.34,-0.37%,0.84%,714.03万,753.89万,-39.86万,1521.68万
4108,603508,思维列控,24.2,-0.37%,0.40%,1371.20万,2277.02万,-905.81万,3698.81万
4109,601860,紫金银行,2.68,-0.37%,0.45%,1595.20万,2710.43万,-1115.23万,4329.30万
4110,601169,北京银行,5.45,-0.37%,0.17%,7338.50万,1.21亿,-4785.50万,1.97亿
4111,600871,石化油服,2.7,-0.37%,0.41%,7331.96万,7296.62万,35.34万,1.47亿
4112,600406,国电南瑞,26.76,-0.37%,0.53%,4.86亿,6.24亿,-1.38亿,11.23亿
4113,600062,华润双鹤,18.6,-0.37%,0.65%,5598.19万,6913.69万,-1315.50万,1.26亿
4114,300589,江龙船艇,15.99,-0.37%,1.96%,3580.73万,3443.91万,136.81万,7239.97万
4115,300423,昇辉科技,8.06,-0.37%,1.39%,1606.54万,2053.60万,-447.06万,3718.34万
4116,300102,乾照光电,32.58,-0.37%,2.84%,3.97亿,4.31亿,-3405.70万,8.45亿
4117,2645,华宏科技,21.55,-0.37%,3.43%,1.78亿,2.27亿,-4915.33万,4.09亿
4118,2044,美年健康,5.39,-0.37%,1.94%,1.96亿,2.02亿,-590.25万,4.04亿
4119,543,皖能电力,8.11,-0.37%,0.54%,4719.40万,5141.63万,-422.23万,9879.83万
4120,1391,国货航,5.31,-0.38%,0.35%,813.38万,2025.28万,-1211.90万,2847.54万
4121,300198,ST纳川,2.61,-0.38%,0.60%,558.70万,1040.46万,-481.76万,1605.49万
4122,600970,中材国际,10.53,-0.38%,0.35%,4063.53万,5567.47万,-1503.94万,9756.39万
4123,600805,悦达投资,5.23,-0.38%,0.38%,653.40万,1016.74万,-363.34万,1671.55万
4124,600704,物产中大,5.27,-0.38%,0.30%,3817.14万,4083.67万,-266.53万,8135.51万
4125,600675,中华企业,2.65,-0.38%,0.18%,1201.61万,1645.74万,-444.13万,2872.75万
4126,600509,天富能源,7.91,-0.38%,0.92%,4603.99万,5274.28万,-670.28万,1.00亿
4127,600226,亨通股份,5.3,-0.38%,0.91%,6480.90万,7526.55万,-1045.65万,1.45亿
4128,600128,苏豪弘业,10.46,-0.38%,0.66%,883.48万,787.30万,96.18万,1705.05万
4129,300471,厚普股份,12.97,-0.38%,1.21%,2687.20万,2979.40万,-292.20万,5771.17万
4130,2849,威星智能,18.14,-0.38%,0.89%,1678.79万,1735.39万,-56.59万,3562.65万
4131,2793,罗欣药业,5.2,-0.38%,0.97%,2445.43万,2922.68万,-477.25万,5481.08万
4132,301090,华润材料,7.74,-0.39%,0.20%,1028.98万,1229.61万,-200.63万,2287.75万
4133,300296,利亚德,7.66,-0.39%,2.20%,1.71亿,2.09亿,-3756.98万,3.81亿
4134,688267,中触媒,31.01,-0.39%,0.43%,1043.32万,1251.55万,-208.23万,2328.40万
4135,300824,北鼎股份,10.32,-0.39%,0.41%,617.51万,696.79万,-79.28万,1350.82万
4136,300062,中能电气,7.66,-0.39%,1.91%,2777.15万,3772.82万,-995.67万,6661.46万
4137,601088,中国神华,45.65,-0.39%,0.06%,1.88亿,2.24亿,-3596.97万,4.21亿
4138,300462,ST华铭,12.77,-0.39%,0.61%,635.97万,422.07万,213.90万,1076.56万
4139,2901,大博医疗,43.97,-0.39%,0.21%,1268.72万,1311.10万,-42.38万,2621.16万
4140,601033,永兴股份,14.85,-0.40%,0.55%,757.08万,1190.98万,-433.91万,1963.36万
4141,301297,富乐德,34.68,-0.40%,0.37%,2047.44万,2641.53万,-594.09万,4726.77万
4142,301479,弘景光电,99.45,-0.40%,3.35%,8312.36万,8447.84万,-135.49万,1.68亿
4143,688383,新益昌,94.82,-0.40%,0.47%,2369.90万,2136.84万,233.06万,4526.54万
4144,603456,九洲药业,17.4,-0.40%,0.54%,3766.13万,4329.95万,-563.82万,8282.23万
4145,600855,航天长峰,19.86,-0.40%,5.13%,2.29亿,2.36亿,-705.23万,4.73亿
4146,300545,联得装备,32.4,-0.40%,2.46%,3980.53万,5119.57万,-1139.04万,9501.97万
4147,300206,理邦仪器,14.82,-0.40%,0.77%,1851.29万,1942.11万,-90.82万,3862.89万
4148,2389,航天彩虹,22.17,-0.40%,0.99%,9764.74万,1.16亿,-1815.11万,2.16亿
4149,2352,顺丰控股,37.51,-0.40%,0.17%,1.42亿,1.65亿,-2263.72万,3.11亿
4150,2202,金风科技,24.92,-0.40%,1.99%,7.65亿,8.85亿,-1.20亿,16.77亿
4151,2306,*ST云网,2.38,-0.42%,0.90%,784.19万,898.26万,-114.06万,1742.13万
4152,603311,金海高科,18.84,-0.42%,2.33%,5415.92万,4807.86万,608.07万,1.03亿
4153,603113,金能科技,7.18,-0.42%,0.85%,2468.50万,2700.77万,-232.26万,5203.94万
4154,600535,天士力,14.26,-0.42%,0.23%,2515.01万,2388.44万,126.57万,4988.99万
4155,600233,圆通速递,21.41,-0.42%,0.37%,1.32亿,1.36亿,-383.42万,2.71亿
4156,300334,津膜科技,7.14,-0.42%,0.64%,754.33万,600.33万,154.00万,1377.37万
4157,300015,爱尔眼科,9.58,-0.42%,0.28%,8075.35万,1.30亿,-4926.71万,2.15亿
4158,2808,*ST恒久,4.74,-0.42%,1.25%,459.23万,512.03万,-52.80万,975.91万
4159,2223,鱼跃医疗,32.92,-0.42%,0.23%,2993.38万,4192.43万,-1199.05万,7258.58万
4160,877,天山股份,4.76,-0.42%,0.06%,768.85万,1166.79万,-397.94万,1944.87万
4161,301632,广东建科,20.95,-0.43%,1.05%,709.90万,899.32万,-189.42万,1615.09万
4162,88,盐田港,4.58,-0.43%,0.17%,1133.90万,1320.55万,-186.65万,2512.26万
4163,688136,科兴制药,32.33,-0.43%,1.37%,4394.30万,4422.69万,-28.39万,8842.69万
4164,600624,ST复华,4.59,-0.43%,0.24%,263.54万,473.19万,-209.65万,741.44万
4165,600332,白云山,22.9,-0.43%,0.23%,2884.41万,4624.57万,-1740.16万,7590.97万
4166,2698,博实股份,13.97,-0.43%,0.26%,1283.62万,1702.74万,-419.12万,3087.34万
4167,898,鞍钢股份,2.32,-0.43%,0.15%,1219.06万,1461.63万,-242.57万,2776.62万
4168,516,国际医学,4.67,-0.43%,0.61%,2469.85万,3814.98万,-1345.13万,6305.12万
4169,423,东阿阿胶,55.05,-0.43%,0.28%,4644.79万,4970.58万,-325.79万,9751.37万
4170,688298,东方生物,22.86,-0.44%,0.19%,368.71万,484.81万,-116.09万,860.41万
4171,301517,陕西华达,68.55,-0.44%,5.18%,1.68亿,1.79亿,-1099.45万,3.50亿
4172,300812,易天股份,40.92,-0.44%,8.53%,1.49亿,1.76亿,-2688.09万,3.28亿
4173,688569,铁科轨道,20.27,-0.44%,0.27%,548.95万,608.87万,-59.91万,1158.83万
4174,603165,荣晟环保,15.68,-0.44%,0.90%,2440.63万,2054.45万,386.18万,4590.44万
4175,852,石化机械,6.83,-0.44%,0.56%,1463.45万,2159.82万,-696.37万,3632.09万
4176,788,北大医药,6.74,-0.44%,15.43%,2.93亿,3.29亿,-3628.79万,6.23亿
4177,632,三木集团,4.49,-0.44%,1.49%,1200.02万,1874.23万,-674.22万,3097.01万
4178,688313,仕佳光子,114.08,-0.45%,3.35%,8.55亿,8.47亿,750.80万,17.11亿
4179,300922,天秦装备,19.84,-0.45%,1.34%,1473.31万,1725.77万,-252.46万,3298.30万
4180,603987,康德莱,8.86,-0.45%,0.46%,804.32万,936.39万,-132.06万,1767.82万
4181,603915,国茂股份,15.39,-0.45%,0.36%,1743.52万,1907.49万,-163.97万,3676.70万
4182,600592,龙溪股份,20.0,-0.45%,0.59%,1629.57万,2834.86万,-1205.29万,4788.56万
4183,300569,天能重工,6.57,-0.45%,0.96%,2841.58万,3446.59万,-605.01万,6408.08万
4184,300189,神农种业,6.69,-0.45%,2.82%,7715.61万,8582.93万,-867.32万,1.66亿
4185,2916,深南电路,269.71,-0.45%,0.63%,5.37亿,5.84亿,-4697.83万,11.36亿
4186,2428,云南锗业,56.89,-0.45%,4.42%,8.04亿,8.08亿,-333.30万,16.26亿
4187,2204,大连重工,6.71,-0.45%,0.38%,1564.84万,3211.88万,-1647.04万,4963.40万
4188,688807,优迅股份,287.5,-0.46%,3.94%,8565.94万,8014.94万,551.00万,1.70亿
4189,637,茂化实华,4.34,-0.46%,0.85%,657.64万,679.96万,-22.32万,1338.77万
4190,603070,万控智造,15.07,-0.46%,0.22%,636.35万,706.50万,-70.15万,1346.76万
4191,2076,*ST星光,2.17,-0.46%,1.38%,1455.22万,1507.31万,-52.09万,3122.74万
4192,688667,菱电电控,136.58,-0.46%,2.63%,9638.59万,8644.69万,993.90万,1.86亿
4193,605116,奥锐特,28.33,-0.46%,1.68%,9911.63万,9323.98万,587.65万,1.93亿
4194,300958,建工修复,13.05,-0.46%,1.41%,930.87万,717.84万,213.03万,1670.26万
4195,603233,大参林,17.37,-0.46%,0.18%,1846.07万,1634.02万,212.05万,3520.03万
4196,601088,中国神华,45.62,-0.46%,0.06%,2.07亿,2.53亿,-4518.00万,4.64亿
4197,600968,海油发展,4.29,-0.46%,0.23%,3767.39万,6092.23万,-2324.84万,9918.88万
4198,600517,国网英大,6.45,-0.46%,0.18%,3353.98万,3410.07万,-56.09万,6819.14万
4199,600215,派斯林,6.55,-0.46%,0.58%,901.11万,798.22万,102.89万,1720.88万
4200,600097,开创国际,10.72,-0.46%,0.46%,591.13万,576.47万,14.66万,1192.16万
4201,600223,福瑞达,6.77,-0.44%,0.23%,755.57万,814.24万,-58.67万,1585.18万
4202,852,石化机械,6.83,-0.44%,0.56%,1463.45万,2159.82万,-696.37万,3632.09万
4203,788,北大医药,6.74,-0.44%,15.43%,2.93亿,3.29亿,-3628.79万,6.23亿
4204,632,三木集团,4.49,-0.44%,1.49%,1200.02万,1874.23万,-674.22万,3097.01万
4205,301578,辰奕智能,33.46,-0.45%,0.74%,304.84万,267.02万,37.82万,573.20万
4206,688313,仕佳光子,114.08,-0.45%,3.35%,8.55亿,8.47亿,750.80万,17.11亿
4207,300922,天秦装备,19.84,-0.45%,1.34%,1473.31万,1725.77万,-252.46万,3298.30万
4208,603987,康德莱,8.86,-0.45%,0.46%,804.32万,936.39万,-132.06万,1767.82万
4209,603915,国茂股份,15.39,-0.45%,0.36%,1743.52万,1907.49万,-163.97万,3676.70万
4210,600821,金开新能,8.8,-0.45%,9.00%,7.99亿,7.27亿,7187.09万,15.50亿
4211,600511,国药股份,29.07,-0.45%,0.40%,2665.03万,3759.93万,-1094.91万,6445.59万
4212,600081,东风科技,11.07,-0.45%,0.15%,509.20万,397.93万,111.28万,923.77万
4213,300569,天能重工,6.57,-0.45%,0.96%,2841.58万,3446.59万,-605.01万,6408.08万
4214,300189,神农种业,6.69,-0.45%,2.82%,7715.61万,8582.93万,-867.32万,1.66亿
4215,2916,深南电路,269.71,-0.45%,0.63%,5.37亿,5.84亿,-4697.83万,11.36亿
4216,2428,云南锗业,56.89,-0.45%,4.42%,8.04亿,8.08亿,-333.30万,16.26亿
4217,2204,大连重工,6.71,-0.45%,0.38%,1564.84万,3211.88万,-1647.04万,4963.40万
4218,688807,优迅股份,287.5,-0.46%,3.94%,8565.94万,8014.94万,551.00万,1.70亿
4219,301628,强达电路,107.75,-0.46%,2.89%,4475.37万,4133.32万,342.06万,8751.01万
4220,637,茂化实华,4.34,-0.46%,0.85%,657.64万,679.96万,-22.32万,1338.77万
4221,603070,万控智造,15.07,-0.46%,0.22%,636.35万,706.50万,-70.15万,1346.76万
4222,2076,*ST星光,2.17,-0.46%,1.38%,1455.22万,1507.31万,-52.09万,3122.74万
4223,688667,菱电电控,136.58,-0.46%,2.63%,9638.59万,8644.69万,993.90万,1.86亿
4224,605116,奥锐特,28.33,-0.46%,1.68%,9911.63万,9323.98万,587.65万,1.93亿
4225,300958,建工修复,13.05,-0.46%,1.41%,930.87万,717.84万,213.03万,1670.26万
4226,603233,大参林,17.37,-0.46%,0.18%,1846.07万,1634.02万,212.05万,3520.03万
4227,601117,中国化学,8.64,-0.46%,0.63%,1.44亿,1.81亿,-3724.70万,3.30亿
4228,600968,海油发展,4.29,-0.46%,0.21%,3555.95万,4809.86万,-1253.91万,9130.20万
4229,600926,杭州银行,17.2,-0.46%,0.13%,6423.91万,9737.84万,-3313.93万,1.63亿
4230,600517,国网英大,6.45,-0.46%,0.17%,3149.83万,2972.33万,177.50万,6165.24万
4231,600230,沧州大化,19.56,-0.46%,1.01%,4245.25万,3789.77万,455.48万,8216.50万
4232,600215,派斯林,6.55,-0.46%,0.50%,841.61万,647.40万,194.22万,1506.32万
4233,600172,黄河旋风,8.71,-0.46%,3.66%,1.92亿,2.07亿,-1445.45万,4.02亿
4234,600097,开创国际,10.72,-0.46%,0.42%,520.64万,528.81万,-8.17万,1081.03万
4235,2864,盘龙药业,32.13,-0.46%,1.51%,1618.08万,1893.16万,-275.07万,3579.32万
4236,501,武商集团,8.53,-0.47%,0.29%,629.45万,1235.81万,-606.37万,1875.06万
4237,2427,尤夫股份,6.41,-0.47%,0.87%,2336.95万,3131.89万,-794.93万,5516.59万
4238,301353,普莱得,27.7,-0.47%,1.02%,391.83万,496.46万,-104.64万,900.47万
4239,688373,盟科药业,6.33,-0.47%,0.87%,1578.56万,1655.21万,-76.65万,3312.24万
4240,688171,纬德信息,48.44,-0.47%,1.45%,2789.57万,3000.50万,-210.93万,5811.07万
4241,2836,新宏泽,12.65,-0.47%,0.35%,564.49万,429.64万,134.85万,1013.13万
4242,600201,生物股份,14.89,-0.47%,0.89%,7891.85万,6912.39万,979.46万,1.48亿
4243,2630,ST华西,2.1,-0.47%,6.14%,5568.54万,7769.23万,-2200.68万,1.34亿
4244,601399,国机重装,4.27,-0.47%,0.90%,1.34亿,1.37亿,-314.53万,2.74亿
4245,897,津滨发展,2.11,-0.47%,0.67%,737.98万,1555.05万,-817.07万,2296.73万
4246,718,苏宁环球,2.12,-0.47%,0.44%,837.98万,1191.93万,-353.95万,2113.14万
4247,1333,光华股份,24.73,-0.48%,1.79%,908.76万,1027.78万,-119.02万,1950.64万
4248,302132,中航成飞,68.82,-0.48%,0.39%,7234.23万,8207.74万,-973.51万,1.58亿
4249,688428,诺诚健华,31.02,-0.48%,3.65%,1.52亿,1.52亿,-26.67万,3.09亿
4250,603280,南方路机,35.07,-0.48%,1.21%,639.99万,543.73万,96.27万,1185.12万
4251,300787,海能实业,12.14,-0.49%,0.61%,661.90万,749.98万,-88.09万,1452.22万
4252,2746,仙坛股份,6.15,-0.49%,0.49%,937.45万,1158.06万,-220.62万,2130.26万
4253,2706,良信股份,10.06,-0.49%,1.36%,6193.58万,6008.21万,185.37万,1.24亿
4254,926,福星股份,2.03,-0.49%,0.81%,1351.73万,1248.34万,103.39万,2601.44万
4255,900,现代投资,4.09,-0.49%,0.28%,868.36万,823.67万,44.68万,1777.39万
4256,301367,瑞迈特,69.29,-0.50%,0.38%,701.17万,1125.95万,-424.78万,1835.43万
4257,1390,古麒绒材,21.92,-0.50%,1.44%,898.62万,674.20万,224.41万,1577.64万
4258,1301,尚太科技,73.88,-0.50%,1.51%,9814.71万,1.08亿,-1015.88万,2.11亿
4259,2286,保龄宝,9.99,-0.50%,0.44%,632.81万,973.24万,-340.43万,1620.44万
4260,603626,科森科技,23.98,-0.50%,4.19%,2.72亿,2.94亿,-2163.57万,5.68亿
4261,601777,千里科技,9.99,-0.50%,0.17%,3412.61万,3946.06万,-533.45万,7526.08万
4262,601330,绿色动力,7.95,-0.50%,0.67%,2318.28万,2884.34万,-566.07万,5250.19万
4263,601015,陕西黑猫,3.99,-0.50%,0.91%,3512.86万,3837.96万,-325.10万,7380.64万
4264,600862,中航高科,21.85,-0.50%,0.43%,5526.83万,7052.78万,-1525.95万,1.31亿
4265,600528,中铁工业,7.92,-0.50%,0.47%,2708.55万,5508.72万,-2800.17万,8312.74万
4266,600400,红豆股份,2.01,-0.50%,0.47%,546.31万,1358.93万,-812.62万,2151.65万
4267,600249,两面针,5.99,-0.50%,1.81%,2738.72万,3147.40万,-408.68万,5954.34万
4268,600085,同仁堂,27.91,-0.50%,0.17%,2627.74万,3685.61万,-1057.87万,6381.71万
4269,600072,中船科技,12.0,-0.50%,0.52%,2813.61万,3917.44万,-1103.83万,6801.09万
4270,300009,安科生物,9.9,-0.50%,0.70%,3345.64万,5008.61万,-1662.96万,8508.85万
4271,2925,盈趣科技,19.78,-0.50%,0.71%,5311.76万,4454.50万,857.25万,1.05亿
4272,2030,达安基因,5.95,-0.50%,0.31%,892.68万,1662.08万,-769.40万,2563.33万
4273,301172,君逸数码,29.22,-0.51%,2.40%,3557.57万,3358.99万,198.58万,6962.19万
4274,300996,普联软件,17.51,-0.51%,2.51%,5007.39万,5315.98万,-308.60万,1.04亿
4275,600486,扬农化工,77.6,-0.51%,0.53%,7309.77万,9143.74万,-1833.97万,1.67亿
4276,600057,厦门象屿,7.86,-0.51%,0.22%,1915.66万,1669.48万,246.18万,3649.09万
4277,2270,华明装备,27.58,-0.51%,0.64%,7231.43万,8366.53万,-1135.10万,1.58亿
4278,2061,浙江交科,3.9,-0.51%,0.26%,1097.24万,1474.41万,-377.17万,2603.06万
4279,2072,凯瑞德,7.64,-0.52%,0.72%,961.19万,1034.60万,-73.41万,2011.68万
4280,301349,信德新材,61.03,-0.52%,2.27%,6403.26万,7632.69万,-1229.43万,1.42亿
4281,2992,宝明科技,50.22,-0.52%,0.39%,1406.18万,1630.87万,-224.69万,3061.18万
4282,603333,尚纬股份,7.72,-0.52%,0.41%,865.49万,1079.90万,-214.40万,1957.44万
4283,603043,广州酒家,15.36,-0.52%,0.15%,498.57万,734.80万,-236.23万,1312.97万
4284,600886,国投电力,13.31,-0.52%,0.12%,5072.12万,6669.98万,-1597.86万,1.19亿
4285,600758,辽宁能源,3.86,-0.52%,1.78%,4128.49万,4900.55万,-772.06万,9060.49万
4286,603053,成都燃气,9.59,-0.52%,0.11%,354.60万,588.23万,-233.63万,948.11万
4287,600020,中原高速,3.82,-0.52%,0.27%,707.75万,1543.74万,-835.99万,2307.61万
4288,300702,天宇股份,23.01,-0.52%,0.53%,1169.62万,1372.84万,-203.22万,2576.27万
4289,300498,温氏股份,17.1,-0.52%,0.39%,2.00亿,1.89亿,1130.82万,3.92亿
4290,300355,蒙草生态,3.79,-0.52%,0.94%,2191.31万,2647.44万,-456.13万,4882.08万
4291,300001,特锐德,28.49,-0.52%,0.80%,1.02亿,1.29亿,-2754.26万,2.37亿
4292,2829,星网宇达,23.08,-0.52%,1.58%,2374.50万,2855.42万,-480.92万,5333.54万
4293,2311,海大集团,49.3,-0.52%,0.14%,5353.04万,6371.32万,-1018.28万,1.19亿
4294,2267,陕天然气,7.6,-0.52%,0.15%,525.35万,714.77万,-189.43万,1272.45万
4295,538,云南白药,55.43,-0.52%,0.12%,4719.72万,6882.83万,-2163.11万,1.17亿
4296,564,供销大集,1.87,-0.53%,0.41%,3956.96万,7568.09万,-3611.12万,1.15亿
4297,2278,神开股份,11.24,-0.53%,1.21%,1847.53万,2597.26万,-749.74万,4519.37万
4298,300927,江天化学,29.94,-0.53%,1.32%,2387.31万,3091.92万,-704.61万,5549.84万
4299,603990,麦迪科技,15.09,-0.53%,0.88%,1699.03万,2313.86万,-614.83万,4088.58万
4300,603063,禾望电气,37.83,-0.53%,7.22%,5.88亿,6.46亿,-5859.55万,12.44亿
4301,600758,辽宁能源,3.86,-0.52%,1.78%,4128.49万,4900.55万,-772.06万,9060.49万
4302,603053,成都燃气,9.59,-0.52%,0.11%,354.60万,588.23万,-233.63万,948.11万
4303,300702,天宇股份,23.01,-0.52%,0.53%,1169.62万,1372.84万,-203.22万,2576.27万
4304,300498,温氏股份,17.1,-0.52%,0.39%,2.00亿,1.89亿,1130.82万,3.92亿
4305,300355,蒙草生态,3.79,-0.52%,0.94%,2191.31万,2647.44万,-456.13万,4882.08万
4306,300001,特锐德,28.49,-0.52%,0.80%,1.02亿,1.29亿,-2754.26万,2.37亿
4307,2829,星网宇达,23.08,-0.52%,1.58%,2374.50万,2855.42万,-480.92万,5333.54万
4308,2311,海大集团,49.3,-0.52%,0.14%,5353.04万,6371.32万,-1018.28万,1.19亿
4309,2267,陕天然气,7.6,-0.52%,0.15%,525.35万,714.77万,-189.43万,1272.45万
4310,538,云南白药,55.43,-0.52%,0.12%,4719.72万,6882.83万,-2163.11万,1.17亿
4311,564,供销大集,1.87,-0.53%,0.41%,3956.96万,7568.09万,-3611.12万,1.15亿
4312,2278,神开股份,11.24,-0.53%,1.21%,1847.53万,2597.26万,-749.74万,4519.37万
4313,300927,江天化学,29.94,-0.53%,1.32%,2387.31万,3091.92万,-704.61万,5549.84万
4314,603990,麦迪科技,15.09,-0.53%,0.88%,1699.03万,2313.86万,-614.83万,4088.58万
4315,603063,禾望电气,37.83,-0.53%,7.22%,5.88亿,6.46亿,-5859.55万,12.44亿
4316,600987,航民股份,7.55,-0.53%,0.20%,685.96万,843.80万,-157.84万,1543.59万
4317,600028,中国石化,5.66,-0.53%,0.07%,1.69亿,2.11亿,-4239.76万,3.83亿
4318,2862,实丰文化,17.02,-0.53%,1.02%,1185.78万,991.20万,194.57万,2190.43万
4319,2549,凯美特气,18.9,-0.53%,1.34%,8107.67万,8999.19万,-891.52万,1.76亿
4320,2226,江南化工,5.59,-0.53%,0.21%,1225.79万,1900.78万,-675.00万,3195.27万
4321,581,威孚高科,20.75,-0.53%,0.72%,5705.40万,6147.87万,-442.47万,1.19亿
4322,603352,至信股份,38.42,-0.54%,1.75%,927.09万,2040.39万,-1113.30万,2987.84万
4323,300452,山河药辅,14.87,-0.54%,1.13%,1570.78万,1757.02万,-186.24万,3333.15万
4324,600889,南京化纤,14.72,-0.54%,0.39%,788.39万,1314.56万,-526.16万,2124.15万
4325,603777,来伊份,16.43,-0.54%,4.88%,1.28亿,1.36亿,-804.41万,2.67亿
4326,61,农产品,7.26,-0.55%,0.24%,1411.28万,1575.73万,-164.46万,3173.55万
4327,1323,慕思股份,23.69,-0.55%,0.16%,388.06万,784.25万,-396.18万,1179.65万
4328,2211,ST宏达,3.59,-0.55%,0.74%,450.16万,673.02万,-222.86万,1147.06万
4329,300056,中创环保,9.11,-0.55%,1.19%,2053.70万,2075.59万,-21.89万,4169.05万
4330,600928,西安银行,3.63,-0.55%,0.13%,973.58万,1112.94万,-139.37万,2099.64万
4331,600165,ST宁科,3.62,-0.55%,0.40%,309.30万,680.93万,-371.63万,1057.30万
4332,600162,香江控股,1.8,-0.55%,0.55%,1442.73万,1751.23万,-308.51万,3225.52万
4333,300329,海伦钢琴,14.58,-0.55%,0.90%,1892.33万,1411.47万,480.86万,3305.99万
4334,2936,郑州银行,1.81,-0.55%,0.42%,2194.42万,3104.16万,-909.74万,5367.63万
4335,2487,大金重工,77.07,-0.55%,1.40%,3.86亿,3.04亿,8265.88万,6.94亿
4336,2332,仙琚制药,9.05,-0.55%,0.47%,1520.87万,2585.76万,-1064.88万,4166.91万
4337,603182,嘉华股份,14.32,-0.56%,1.17%,1292.20万,1445.04万,-152.84万,2754.13万
4338,300836,佰奥智能,61.76,-0.56%,1.44%,2823.63万,2762.45万,61.17万,5665.06万
4339,688566,吉贝尔,31.92,-0.56%,0.78%,2256.63万,2623.78万,-367.15万,4923.46万
4340,603559,ST通脉,7.07,-0.56%,0.25%,271.63万,392.50万,-120.86万,698.00万
4341,600648,外高桥,10.65,-0.56%,0.22%,1064.99万,1548.56万,-483.56万,2622.60万
4342,300699,光威复材,34.8,-0.57%,1.13%,1.54亿,1.62亿,-805.33万,3.25亿
4343,301602,超研股份,19.24,-0.57%,0.41%,649.53万,958.94万,-309.41万,1631.91万
4344,603327,福蓉科技,10.48,-0.57%,4.48%,2.56亿,2.27亿,2863.91万,4.87亿
4345,603309,维力医疗,13.95,-0.57%,0.52%,957.16万,1132.44万,-175.28万,2106.77万
4346,601700,风范股份,5.21,-0.57%,0.63%,1690.31万,2003.32万,-313.01万,3719.82万
4347,600113,浙江东日,45.32,-0.57%,0.31%,3649.70万,2104.80万,1544.90万,5851.68万
4348,2339,积成电子,10.47,-0.57%,2.06%,4634.44万,5524.69万,-890.25万,1.03亿
4349,1373,翔腾新材,34.19,-0.58%,1.63%,866.82万,968.44万,-101.63万,1852.36万
4350,688681,科汇股份,18.87,-0.58%,1.36%,1397.51万,1247.69万,149.82万,2652.39万
4351,2872,ST天圣,5.06,-0.59%,0.43%,105.89万,352.81万,-246.92万,465.13万
4352,2096,易普力,11.81,-0.59%,0.20%,1089.64万,1810.56万,-720.92万,2954.42万
4353,301018,申菱环境,122.56,-0.59%,4.16%,5.09亿,4.96亿,1246.77万,10.22亿
4354,603150,万朗磁塑,57.19,-0.59%,3.01%,7224.12万,7245.68万,-21.55万,1.45亿
4355,600084,中信尼雅,6.78,-0.59%,0.20%,730.94万,712.50万,18.44万,1595.61万
4356,688366,昊海生科,38.87,-0.59%,0.08%,241.37万,354.67万,-113.29万,604.24万
4357,601137,博威合金,20.12,-0.59%,0.47%,3610.95万,4805.02万,-1194.07万,8657.84万
4358,600298,安琪酵母,40.31,-0.59%,0.22%,3065.18万,4605.50万,-1540.32万,7706.56万
4359,600157,永泰能源,1.69,-0.59%,1.07%,1.10亿,2.74亿,-1.64亿,3.93亿
4360,600000,浦发银行,10.05,-0.59%,0.06%,9219.39万,9969.09万,-749.70万,2.00亿
4361,300709,精研科技,42.46,-0.59%,2.15%,7422.03万,6115.93万,1306.10万,1.37亿
4362,301668,昊创瑞通,50.93,-0.59%,3.28%,1610.17万,2434.39万,-824.22万,4071.04万
4363,2111,威海广泰,10.06,-0.59%,0.39%,753.96万,1158.36万,-404.40万,1956.71万
4364,300834,星辉环材,41.19,-0.60%,2.69%,9944.28万,1.14亿,-1492.69万,2.15亿
4365,2900,哈三联,11.63,-0.60%,1.83%,1448.53万,1751.22万,-302.70万,3425.50万
4366,301568,思泰克,54.87,-0.60%,3.76%,5039.09万,4740.55万,298.54万,9836.75万
4367,1337,四川黄金,47.89,-0.60%,0.82%,8722.55万,7754.35万,968.20万,1.66亿
4368,301578,辰奕智能,33.41,-0.60%,0.81%,331.97万,287.78万,44.19万,628.78万
4369,605368,蓝天燃气,8.23,-0.60%,0.26%,347.91万,1188.68万,-840.77万,1543.66万
4370,603203,快克智能,42.83,-0.60%,0.71%,3760.93万,3832.74万,-71.81万,7633.09万
4371,2482,广田集团,1.67,-0.60%,0.44%,1096.56万,1646.67万,-550.11万,2749.94万
4372,603189,网达软件,16.69,-0.60%,1.51%,3777.12万,2949.59万,827.53万,6774.42万
4373,601952,苏垦农发,9.86,-0.60%,0.47%,3449.89万,2816.24万,633.66万,6306.23万
4374,600989,宝丰能源,28.26,-0.60%,0.42%,3.59亿,5.05亿,-1.46亿,8.70亿
4375,600129,太极集团,16.54,-0.60%,0.56%,1952.93万,2976.13万,-1023.20万,5105.24万
4376,2424,ST百灵,5.0,-0.60%,0.26%,468.05万,1098.71万,-630.66万,1567.92万
4377,505,京粮控股,6.63,-0.60%,0.59%,1134.62万,1293.48万,-158.87万,2524.35万
4378,631,顺发恒能,3.24,-0.61%,0.32%,1015.53万,1343.21万,-327.68万,2361.88万
4379,2913,奥士康,50.61,-0.61%,1.31%,1.19亿,7871.93万,4023.22万,2.00亿
4380,688335,复洁科技,34.3,-0.61%,0.33%,803.71万,846.36万,-42.64万,1696.24万
4381,600956,新天绿能,8.1,-0.61%,0.18%,1137.45万,2255.59万,-1118.14万,3410.31万
4382,600182,S佳通,14.58,-0.61%,0.49%,489.35万,720.33万,-230.98万,1214.20万
4383,601880,辽港股份,1.63,-0.61%,0.17%,3131.31万,2032.69万,1098.62万,5208.03万
4384,688019,安集科技,250.32,-0.61%,0.89%,1.55亿,2.33亿,-7730.59万,3.90亿
4385,300636,同和药业,8.17,-0.61%,0.78%,968.22万,1328.47万,-360.25万,2352.71万
4386,2377,国创高新,3.26,-0.61%,0.75%,915.30万,1184.18万,-268.88万,2138.61万
4387,513,丽珠集团,34.25,-0.61%,0.36%,2786.26万,4169.57万,-1383.31万,7049.98万
4388,301180,万祥科技,20.72,-0.62%,1.92%,2707.85万,3788.80万,-1080.95万,6541.64万
4389,688315,诺禾致源,14.44,-0.62%,0.36%,938.94万,1168.49万,-229.54万,2168.96万
4390,688505,复旦张江,8.03,-0.62%,0.21%,506.58万,702.77万,-196.19万,1211.01万
4391,2651,利君股份,9.56,-0.62%,0.31%,764.36万,888.72万,-124.35万,1667.53万
4392,603806,福斯特,17.64,-0.62%,0.58%,1.26亿,1.37亿,-1078.50万,2.68亿
4393,300181,佐力药业,15.96,-0.62%,0.62%,2496.74万,3422.14万,-925.39万,5986.71万
4394,2907,华森制药,14.33,-0.62%,0.55%,1033.95万,1514.83万,-480.88万,2614.47万
4395,983,山西焦煤,6.43,-0.62%,0.39%,4735.19万,9503.76万,-4768.57万,1.44亿
4396,300903,科翔股份,39.51,-0.63%,5.59%,3.62亿,3.49亿,1291.74万,7.28亿
4397,688389,普门科技,12.62,-0.63%,0.17%,293.37万,609.59万,-316.22万,919.02万
4398,603787,新日股份,12.52,-0.63%,1.33%,1802.88万,1928.31万,-125.43万,3817.24万
4399,601606,长城军工,39.48,-0.63%,0.62%,7252.15万,1.03亿,-3074.02万,1.77亿
4400,300146,汤臣倍健,11.12,-0.63%,0.50%,2681.15万,3141.97万,-460.82万,6237.18万
4401,2795,永和智控,7.9,-0.63%,1.56%,2074.88万,3248.09万,-1173.21万,5368.13万
4402,1382,新亚电缆,20.22,-0.64%,3.14%,1519.23万,2382.59万,-863.35万,3989.09万
4403,301589,诺瓦星云,174.73,-0.64%,1.07%,2592.26万,3821.97万,-1229.71万,6527.95万
4404,603026,石大胜华,98.02,-0.64%,7.31%,8.54亿,8.21亿,3306.50万,16.79亿
4405,601225,陕西煤业,25.0,-0.64%,0.11%,1.41亿,1.22亿,1959.22万,2.78亿
4406,600280,中央商场,3.09,-0.64%,0.78%,1111.82万,1598.23万,-486.42万,2717.70万
4407,600125,铁龙物流,6.2,-0.64%,0.64%,2052.28万,3035.86万,-983.58万,5147.83万
4408,600113,浙江东日,45.29,-0.64%,0.34%,3846.10万,2337.52万,1508.59万,6249.77万
4409,300443,金雷股份,29.66,-0.64%,1.58%,5788.24万,5282.42万,505.82万,1.15亿
4410,2888,惠威科技,18.73,-0.64%,1.07%,680.11万,715.48万,-35.37万,1504.15万
4411,883,湖北能源,4.63,-0.64%,0.16%,1914.05万,2821.57万,-907.52万,4796.67万
4412,630,铜陵有色,6.23,-0.64%,0.84%,2.41亿,3.42亿,-1.02亿,5.84亿
4413,301246,宏源药业,24.37,-0.65%,6.83%,1.44亿,1.34亿,998.71万,2.83亿
4414,2285,世联行,3.05,-0.65%,0.90%,2682.74万,2609.59万,73.15万,5423.10万
4415,300880,迦南智能,22.96,-0.65%,3.41%,7419.84万,7531.96万,-112.12万,1.51亿
4416,688330,宏力达,50.47,-0.65%,0.68%,2304.00万,2486.78万,-182.78万,4805.07万
4417,601187,厦门银行,7.6,-0.65%,0.21%,1791.42万,2458.77万,-667.35万,4284.43万
4418,600511,国药股份,29.01,-0.65%,0.44%,2788.79万,4041.12万,-1252.33万,7074.88万
4419,600426,华鲁恒升,35.32,-0.65%,0.49%,1.77亿,1.73亿,389.93万,3.64亿
4420,600365,ST通葡,3.08,-0.65%,0.51%,259.15万,410.41万,-151.26万,669.59万
4421,1222,源飞宠物,19.9,-0.65%,1.05%,1250.55万,970.63万,279.92万,2233.71万
4422,547,航天发展,27.49,-0.65%,5.87%,11.26亿,13.95亿,-2.68亿,25.26亿
4423,301314,科瑞思,48.36,-0.66%,2.04%,793.02万,863.18万,-70.16万,1871.58万
4424,603737,三棵树,49.68,-0.66%,0.17%,3079.81万,2975.81万,104.00万,6302.59万
4425,300575,中旗股份,6.03,-0.66%,1.43%,1494.32万,1441.05万,53.27万,2942.55万
4426,688211,中科微至,32.63,-0.67%,0.10%,225.98万,169.44万,56.54万,416.30万
4427,301317,鑫磊股份,63.37,-0.67%,5.52%,9763.21万,8450.65万,1312.56万,1.86亿
4428,301602,超研股份,19.22,-0.67%,0.43%,704.15万,997.76万,-293.62万,1711.14万
4429,603665,康隆达,28.11,-0.67%,0.40%,933.71万,840.38万,93.33万,1788.42万
4430,600315,上海家化,20.62,-0.67%,0.20%,1046.10万,1641.66万,-595.56万,2766.53万
4431,600017,日照港,2.97,-0.67%,0.30%,1169.35万,1514.48万,-345.13万,2714.61万
4432,300516,久之洋,60.62,-0.67%,1.17%,6138.42万,6484.07万,-345.65万,1.28亿
4433,300434,金石亚药,10.35,-0.67%,1.24%,1926.88万,2394.95万,-468.06万,4367.49万
4434,300039,上海凯宝,5.97,-0.67%,0.76%,1424.57万,2674.23万,-1249.67万,4151.09万
4435,869,张裕A,19.17,-0.67%,0.08%,266.08万,459.27万,-193.19万,739.54万
4436,560,我爱我家,2.95,-0.67%,1.41%,3583.96万,5760.59万,-2176.63万,9366.82万
4437,300984,金沃股份,58.55,-0.68%,1.60%,3533.16万,4696.38万,-1163.22万,8449.64万
4438,301188,力诺药包,23.36,-0.68%,4.01%,1.29亿,1.21亿,719.93万,2.51亿
4439,688221,前沿生物,20.49,-0.68%,1.19%,4573.51万,4320.38万,253.13万,9041.59万
4440,600573,惠泉啤酒,11.66,-0.68%,1.86%,2473.25万,2899.07万,-425.83万,5423.86万
4441,600436,片仔癀,147.97,-0.68%,0.14%,5063.20万,6685.13万,-1621.93万,1.21亿
4442,600222,太龙药业,7.33,-0.68%,1.92%,3924.77万,3923.98万,7890.00,8041.98万
4443,2778,中晟高科,20.49,-0.68%,0.69%,872.32万,845.41万,26.92万,1740.67万
4444,2625,光启技术,39.61,-0.68%,0.46%,1.55亿,2.30亿,-7492.49万,3.92亿
4445,2430,杭氧股份,27.92,-0.68%,0.56%,6019.78万,8995.33万,-2975.55万,1.51亿
4446,601156,东航物流,17.22,-0.69%,0.20%,1400.94万,1755.44万,-354.50万,3203.90万
4447,688169,石头科技,112.84,-0.69%,0.61%,6555.09万,1.09亿,-4313.93万,1.80亿
4448,603568,伟明环保,24.4,-0.69%,0.07%,1307.82万,1614.77万,-306.95万,3007.55万
4449,600975,新五丰,5.74,-0.69%,0.53%,1790.76万,1930.87万,-140.11万,3763.47万
4450,2847,盐津铺子,54.71,-0.69%,0.35%,1936.10万,2717.53万,-781.43万,4689.74万
4451,688793,倍轻松,21.21,-0.70%,0.68%,534.84万,685.72万,-150.87万,1229.75万
4452,300705,九典制药,14.17,-0.70%,0.74%,1593.05万,2253.61万,-660.56万,3877.57万
4453,797,中国武夷,2.78,-0.71%,0.52%,776.34万,1301.28万,-524.94万,2274.05万
4454,601998,中信银行,8.36,-0.71%,0.03%,4818.83万,4984.94万,-166.11万,1.01亿
4455,600422,昆药集团,11.26,-0.71%,0.30%,867.07万,1652.65万,-785.58万,2539.65万
4456,600395,盘江股份,5.62,-0.71%,0.33%,1798.15万,2096.25万,-298.10万,3941.23万
4457,300533,冰川网络,25.2,-0.71%,2.37%,4487.76万,5312.67万,-824.91万,9907.26万
4458,2048,宁波华翔,27.81,-0.71%,1.24%,1.10亿,1.36亿,-2606.92万,2.47亿
4459,1,平安银行,11.13,-0.71%,0.17%,1.43亿,2.03亿,-6020.25万,3.62亿
4460,605268,王力安防,12.37,-0.72%,0.58%,1383.65万,1748.06万,-364.41万,3167.09万
4461,1228,永泰运,33.27,-0.72%,0.99%,1075.33万,1543.91万,-468.58万,2642.87万
4462,301216,万凯新材,29.16,-0.72%,0.74%,5544.67万,6143.28万,-598.62万,1.18亿
4463,995,皇台酒业,13.86,-0.72%,3.89%,4304.98万,5143.98万,-839.00万,9518.28万
4464,603991,至正股份,109.15,-0.72%,1.13%,4140.33万,4935.20万,-794.87万,9136.61万
4465,603577,汇金通,11.06,-0.72%,0.97%,1604.47万,2003.20万,-398.73万,3625.12万
4466,601866,中远海发,2.75,-0.72%,0.45%,3689.49万,7973.30万,-4283.81万,1.21亿
4467,600716,凤凰股份,4.15,-0.72%,0.40%,965.29万,591.57万,373.72万,1557.89万
4468,600129,太极集团,16.52,-0.72%,0.52%,1846.02万,2853.24万,-1007.23万,4756.48万
4469,2695,煌上煌,11.04,-0.72%,0.34%,851.05万,1024.79万,-173.74万,1896.37万
4470,2090,金智科技,11.06,-0.72%,0.60%,1277.66万,1331.07万,-53.41万,2625.57万
4471,688602,康鹏科技,8.2,-0.73%,2.74%,3049.58万,2711.58万,338.00万,5835.04万
4472,688177,百奥泰,23.2,-0.73%,0.50%,2413.25万,2343.72万,69.53万,4777.79万
4473,300909,汇创达,40.71,-0.73%,0.83%,1906.85万,2130.93万,-224.07万,4148.47万
4474,600815,厦工股份,4.07,-0.73%,1.74%,5226.53万,7241.42万,-2014.89万,1.26亿
4475,2565,顺灏股份,17.57,-0.73%,8.84%,8.08亿,8.22亿,-1328.43万,16.44亿
4476,300070,碧水源,4.04,-0.74%,0.51%,2826.19万,3982.54万,-1156.35万,7073.40万
4477,300246,宝莱特,16.08,-0.74%,4.73%,7660.17万,8080.28万,-420.11万,1.60亿
4478,601233,桐昆股份,20.04,-0.74%,0.63%,1.62亿,1.33亿,2891.87万,3.03亿
4479,600312,平高电气,20.0,-0.74%,0.79%,9951.28万,1.13亿,-1333.91万,2.13亿
4480,300558,贝达药业,45.36,-0.74%,1.13%,9799.47万,1.08亿,-1003.10万,2.14亿
4481,300040,九洲集团,6.72,-0.74%,2.94%,3509.15万,6403.91万,-2894.76万,1.02亿
4482,2385,大北农,4.02,-0.74%,0.79%,4795.76万,6358.67万,-1562.91万,1.13亿
4483,507,珠海港,5.29,-0.75%,0.71%,880.80万,2485.49万,-1604.68万,3388.44万
4484,301580,爱迪特,68.67,-0.75%,3.13%,7395.59万,7997.02万,-601.43万,1.55亿
4485,688410,山外山,15.8,-0.75%,0.47%,1103.73万,1247.69万,-143.96万,2387.27万
4486,603885,吉祥航空,11.98,-0.75%,0.34%,3272.30万,5510.34万,-2238.04万,8909.85万
4487,603668,天马科技,13.17,-0.75%,1.82%,5993.60万,6001.93万,-8.33万,1.22亿
4488,688278,特宝生物,64.5,-0.75%,0.23%,2851.90万,3138.71万,-286.81万,6099.28万
4489,600792,云煤能源,3.98,-0.75%,0.64%,1326.81万,1451.58万,-124.77万,2826.49万
4490,300298,三诺生物,15.91,-0.75%,0.38%,1076.39万,1636.54万,-560.14万,2716.11万
4491,2109,兴化股份,3.98,-0.75%,1.17%,2599.27万,3156.47万,-557.20万,5938.83万
4492,2024,ST易购,1.32,-0.75%,0.09%,574.85万,547.17万,27.69万,1130.21万
4493,45,深纺织A,11.94,-0.75%,0.95%,2073.64万,2999.72万,-926.08万,5173.68万
4494,688506,百利天恒,311.47,-0.76%,0.21%,1.41亿,1.22亿,1954.12万,2.66亿
4495,2566,益盛药业,7.87,-0.76%,1.17%,974.27万,1130.91万,-156.64万,2130.28万
4496,895,双汇发展,28.55,-0.76%,0.12%,5425.09万,6738.43万,-1313.34万,1.23亿
4497,301629,矽电股份,280.06,-0.77%,4.11%,1.07亿,1.11亿,-330.36万,2.21亿
4498,3006,百亚股份,16.86,-0.77%,0.33%,989.21万,1278.51万,-289.30万,2382.88万
4499,3001,中岩大地,16.68,-0.77%,1.00%,722.33万,996.69万,-274.36万,1752.87万
4500,603619,中曼石油,34.57,-0.77%,1.74%,1.22亿,1.52亿,-3031.70万,2.76亿
4501,603619,中曼石油,34.57,-0.77%,1.74%,1.22亿,1.52亿,-3031.70万,2.76亿
4502,601991,大唐发电,3.86,-0.77%,0.33%,5552.37万,9976.97万,-4424.60万,1.57亿
4503,2937,兴瑞科技,30.81,-0.77%,1.00%,4677.41万,4226.45万,450.96万,9236.70万
4504,2471,中超控股,9.02,-0.77%,8.11%,4.75亿,4.84亿,-895.94万,9.67亿
4505,1211,双枪科技,30.71,-0.78%,2.26%,2387.15万,2228.53万,158.61万,4638.42万
4506,688658,悦康药业,20.45,-0.78%,1.80%,7649.25万,8591.10万,-941.85万,1.63亿
4507,300381,溢多利,6.34,-0.78%,0.63%,784.16万,1114.64万,-330.48万,1939.38万
4508,603060,国检集团,6.34,-0.78%,0.14%,333.64万,376.97万,-43.33万,710.81万
4509,600822,上海物贸,10.21,-0.78%,0.48%,904.59万,1008.28万,-103.69万,1939.50万
4510,600938,中国海油,36.6,-0.79%,0.60%,2.50亿,3.99亿,-1.49亿,6.58亿
4511,2727,一心堂,12.6,-0.79%,0.71%,1295.40万,2223.30万,-927.90万,3545.65万
4512,603366,日出东方,8.8,-0.79%,0.94%,2446.92万,4171.98万,-1725.06万,6675.07万
4513,688363,华熙生物,42.93,-0.79%,0.24%,2303.86万,2552.51万,-248.64万,4888.51万
4514,603605,珀莱雅,59.3,-0.79%,0.41%,4035.41万,5402.33万,-1366.91万,9500.59万
4515,603018,华设集团,7.51,-0.79%,0.41%,786.20万,1289.37万,-503.18万,2092.02万
4516,600760,中航沈飞,50.26,-0.79%,0.26%,1.39亿,2.22亿,-8294.07万,3.68亿
4517,600658,电子城,5.04,-0.79%,2.16%,5868.44万,6253.62万,-385.17万,1.22亿
4518,600422,昆药集团,11.25,-0.79%,0.32%,922.50万,1765.46万,-842.95万,2721.50万
4519,600312,平高电气,19.99,-0.79%,0.84%,1.04亿,1.23亿,-1929.99万,2.28亿
4520,600266,城建发展,5.04,-0.79%,0.81%,3568.02万,4826.18万,-1258.15万,8451.07万
4521,600151,航天机电,13.8,-0.79%,1.60%,1.40亿,1.73亿,-3311.30万,3.16亿
4522,300529,健帆生物,17.59,-0.79%,0.34%,1234.43万,1828.62万,-594.20万,3106.48万
4523,300497,富祥药业,18.84,-0.79%,7.23%,3.01亿,3.01亿,13.86万,6.04亿
4524,300486,东杰智能,23.89,-0.79%,1.29%,6689.91万,7865.85万,-1175.94万,1.48亿
4525,2441,众业达,9.99,-0.79%,0.77%,1251.38万,1819.09万,-567.72万,3129.28万
4526,2040,南京港,9.93,-0.80%,0.62%,1268.62万,1659.14万,-390.52万,2972.95万
4527,301281,科源制药,38.68,-0.80%,2.48%,3717.77万,2973.59万,744.18万,6725.80万
4528,301060,兰卫医学,9.86,-0.80%,0.51%,700.31万,1076.60万,-376.29万,1804.15万
4529,603010,万盛股份,12.37,-0.80%,1.22%,4822.60万,3839.76万,982.84万,8792.03万
4530,600201,生物股份,14.84,-0.80%,0.94%,8127.37万,7212.19万,915.18万,1.58亿
4531,300408,三环集团,64.8,-0.80%,0.60%,3.80亿,3.48亿,3200.37万,7.35亿
4532,2737,葵花药业,12.41,-0.80%,0.28%,844.35万,1204.69万,-360.35万,2060.20万
4533,300980,祥源新材,36.85,-0.81%,1.88%,3595.68万,3080.61万,515.07万,6879.14万
4534,3020,立方制药,24.35,-0.81%,0.44%,601.49万,827.88万,-226.40万,1475.38万
4535,688212,澳华内镜,34.37,-0.81%,1.06%,2172.28万,2279.11万,-106.83万,4896.06万
4536,688563,航材股份,60.89,-0.81%,1.30%,3936.96万,5301.18万,-1364.22万,9300.12万
4537,603811,诚意药业,12.18,-0.81%,1.15%,2262.46万,2249.04万,13.41万,4593.92万
4538,2462,嘉事堂,14.44,-0.82%,0.65%,1056.71万,1656.28万,-599.56万,2741.14万
4539,300303,聚飞光电,9.62,-0.82%,3.92%,1.99亿,2.99亿,-9913.85万,5.02亿
4540,688790,昂瑞微,140.93,-0.82%,4.71%,3470.53万,4200.92万,-730.40万,7923.05万
4541,2029,七匹狼,9.72,-0.82%,0.68%,2235.74万,2132.51万,103.23万,4392.76万
4542,603058,永吉股份,12.1,-0.82%,0.63%,1282.32万,1848.93万,-566.61万,3168.79万
4543,600973,宝胜股份,7.3,-0.82%,1.21%,5628.18万,6332.24万,-704.06万,1.21亿
4544,600575,淮河能源,3.65,-0.82%,0.61%,3014.98万,5629.75万,-2614.77万,8675.59万
4545,514,渝开发,4.78,-0.83%,0.42%,749.57万,942.71万,-193.15万,1697.34万
4546,605377,华旺科技,9.53,-0.83%,0.25%,665.19万,668.52万,-3.33万,1333.91万
4547,688222,成都先导,27.52,-0.83%,2.29%,1.20亿,1.28亿,-829.13万,2.49亿
4548,601616,广电电气,4.78,-0.83%,1.60%,2613.88万,3765.69万,-1151.80万,6477.08万
4549,300632,光莆股份,17.86,-0.83%,4.20%,7629.06万,8688.20万,-1059.14万,1.65亿
4550,300095,华伍股份,9.59,-0.83%,1.03%,1473.97万,1903.21万,-429.24万,3415.50万
4551,603058,永吉股份,12.1,-0.82%,0.63%,1282.32万,1848.93万,-566.61万,3168.79万
4552,600973,宝胜股份,7.3,-0.82%,1.21%,5628.18万,6332.24万,-704.06万,1.21亿
4553,600575,淮河能源,3.65,-0.82%,0.61%,3014.98万,5629.75万,-2614.77万,8675.59万
4554,514,渝开发,4.78,-0.83%,0.42%,749.57万,942.71万,-193.15万,1697.34万
4555,605377,华旺科技,9.53,-0.83%,0.25%,665.19万,668.52万,-3.33万,1333.91万
4556,688222,成都先导,27.52,-0.83%,2.29%,1.20亿,1.28亿,-829.13万,2.49亿
4557,601616,广电电气,4.78,-0.83%,1.60%,2613.88万,3765.69万,-1151.80万,6477.08万
4558,600682,南京新百,7.14,-0.83%,0.50%,1508.37万,2556.10万,-1047.73万,4129.85万
4559,300632,光莆股份,17.86,-0.83%,4.20%,7629.06万,8688.20万,-1059.14万,1.65亿
4560,300095,华伍股份,9.59,-0.83%,1.03%,1473.97万,1903.21万,-429.24万,3415.50万
4561,688349,三一重能,23.52,-0.84%,0.16%,1745.31万,2494.15万,-748.85万,4536.40万
4562,301219,腾远钴业,78.81,-0.84%,4.73%,3.54亿,4.06亿,-5208.71万,7.68亿
4563,301046,能辉科技,26.05,-0.84%,0.95%,1614.30万,1541.98万,72.32万,3178.41万
4564,3009,中天火箭,58.91,-0.84%,1.19%,5683.30万,5663.94万,19.37万,1.15亿
4565,600638,新黄浦,5.93,-0.84%,0.45%,555.81万,1220.02万,-664.21万,1800.68万
4566,601717,中创智领,20.13,-0.84%,0.39%,4656.60万,7323.71万,-2667.11万,1.21亿
4567,300032,金龙机电,5.87,-0.84%,2.12%,4611.18万,5130.91万,-519.72万,9976.60万
4568,2896,中大力德,73.34,-0.84%,1.24%,7478.44万,1.02亿,-2712.21万,1.80亿
4569,605286,同力天启,43.77,-0.84%,0.87%,3147.95万,3136.79万,11.15万,6370.55万
4570,688785,恒运昌,304.58,-0.85%,1.85%,3513.73万,3606.69万,-92.96万,7185.52万
4571,2789,*ST建艺,12.89,-0.85%,0.52%,335.49万,676.43万,-340.94万,1047.90万
4572,688087,英科再生,37.5,-0.85%,0.36%,988.71万,1525.11万,-536.40万,2522.94万
4573,300875,捷强装备,40.63,-0.85%,2.84%,4824.82万,5103.33万,-278.51万,1.01亿
4574,603757,大元泵业,57.39,-0.85%,4.62%,2.51亿,2.39亿,1169.07万,4.97亿
4575,601010,文峰股份,2.33,-0.85%,0.89%,1445.30万,2333.60万,-888.30万,3821.59万
4576,300585,奥联电子,17.53,-0.85%,2.33%,3796.83万,3105.37万,691.46万,6955.76万
4577,2253,*ST智胜,11.6,-0.85%,1.34%,1523.02万,1687.93万,-164.91万,3221.51万
4578,603336,宏辉果蔬,9.25,-0.86%,0.42%,1079.69万,1296.22万,-216.53万,2383.49万
4579,600868,梅雁吉祥,3.44,-0.86%,1.42%,4049.37万,5168.76万,-1119.39万,9271.95万
4580,300730,科创信息,14.99,-0.86%,2.16%,2676.31万,3418.42万,-742.11万,6296.59万
4581,300228,富瑞特装,9.27,-0.86%,1.75%,3377.85万,5492.73万,-2114.89万,9101.24万
4582,2199,*ST东晶,9.25,-0.86%,1.68%,1935.15万,1905.80万,29.35万,3914.59万
4583,999,华润三九,27.81,-0.86%,0.42%,8689.11万,1.08亿,-2085.54万,1.96亿
4584,1282,三联锻造,21.69,-0.87%,3.74%,3308.24万,3036.81万,271.43万,6349.17万
4585,2988,豪美新材,34.08,-0.87%,0.77%,3100.52万,3365.23万,-264.71万,6574.52万
4586,603360,百傲化学,26.17,-0.87%,0.39%,3462.07万,3609.74万,-147.66万,7194.02万
4587,300683,海特生物,35.25,-0.87%,3.41%,7066.45万,7341.07万,-274.62万,1.46亿
4588,2822,ST中装,3.41,-0.87%,0.41%,400.22万,1093.09万,-692.88万,1515.55万
4589,2530,金财互联,9.1,-0.87%,2.05%,5451.25万,7424.62万,-1973.37万,1.29亿
4590,2318,久立特材,29.71,-0.87%,0.31%,3637.14万,4855.12万,-1217.97万,8685.46万
4591,2307,北新路桥,4.56,-0.87%,0.83%,2251.20万,2532.14万,-280.94万,4828.81万
4592,723,美锦能源,4.57,-0.87%,0.73%,6291.33万,8423.60万,-2132.27万,1.47亿
4593,300177,中海达,7.87,-0.88%,1.06%,2063.56万,2883.78万,-820.22万,5029.71万
4594,688068,热景生物,125.14,-0.88%,1.36%,7874.60万,7603.82万,270.78万,1.55亿
4595,600131,国网信通,18.12,-0.88%,0.46%,4170.14万,5617.85万,-1447.71万,9905.25万
4596,300241,瑞丰光电,6.74,-0.88%,2.39%,3602.63万,5516.91万,-1914.28万,9433.53万
4597,301130,西点药业,31.25,-0.89%,1.56%,1309.97万,1549.54万,-239.57万,2890.16万
4598,2081,金螳螂,3.34,-0.89%,0.27%,863.87万,1415.54万,-551.67万,2366.90万
4599,600118,中国卫星,85.51,-0.89%,2.14%,11.06亿,10.40亿,6597.60万,21.72亿
4600,300110,华仁药业,3.35,-0.89%,3.00%,5378.82万,6443.05万,-1064.22万,1.19亿
4601,600131,国网信通,18.12,-0.88%,0.46%,4170.14万,5617.85万,-1447.71万,9905.25万
4602,300241,瑞丰光电,6.74,-0.88%,2.39%,3602.63万,5516.91万,-1914.28万,9433.53万
4603,301130,西点药业,31.25,-0.89%,1.56%,1309.97万,1549.54万,-239.57万,2890.16万
4604,2081,金螳螂,3.34,-0.89%,0.27%,863.87万,1415.54万,-551.67万,2366.90万
4605,600118,中国卫星,85.51,-0.89%,2.14%,11.06亿,10.40亿,6597.60万,21.72亿
4606,300110,华仁药业,3.35,-0.89%,3.00%,5378.82万,6443.05万,-1064.22万,1.19亿
4607,2166,莱茵生物,8.95,-0.89%,0.43%,1259.18万,1551.61万,-292.43万,2886.59万
4608,69,华侨城A,2.22,-0.89%,0.19%,984.56万,1967.56万,-982.99万,2990.24万
4609,301507,民生健康,14.25,-0.90%,1.43%,924.70万,1304.21万,-379.51万,2241.32万
4610,300201,海伦哲,12.11,-0.90%,1.82%,9027.50万,1.29亿,-3858.55万,2.22亿
4611,301235,华康洁净,50.84,-0.90%,3.76%,7790.84万,5796.93万,1993.92万,1.37亿
4612,2390,信邦制药,3.3,-0.90%,0.95%,2566.82万,3478.18万,-911.37万,6064.74万
4613,600988,赤峰黄金,42.91,-0.90%,0.86%,2.70亿,3.32亿,-6219.12万,6.14亿
4614,300567,精测电子,129.15,-0.90%,1.14%,1.70亿,1.63亿,696.13万,3.37亿
4615,2667,威领股份,28.67,-0.90%,6.79%,2.39亿,2.24亿,1453.00万,4.69亿
4616,2275,桂林三金,14.33,-0.90%,0.20%,618.26万,981.64万,-363.38万,1611.80万
4617,688679,通源环境,55.34,-0.91%,1.42%,5396.00万,4731.46万,664.54万,1.03亿
4618,688108,赛诺医疗,21.84,-0.91%,1.07%,4502.74万,5155.30万,-652.56万,9698.95万
4619,603045,福达合金,32.84,-0.91%,1.42%,3492.07万,2845.96万,646.11万,6348.22万
4620,601808,中海油服,15.17,-0.91%,0.30%,5598.83万,7603.94万,-2005.10万,1.34亿
4621,600993,马应龙,25.11,-0.91%,0.37%,1641.72万,2212.52万,-570.80万,4016.01万
4622,600703,三安光电,12.03,-0.91%,1.45%,3.53亿,5.08亿,-1.55亿,8.64亿
4623,300238,冠昊生物,15.31,-0.91%,0.83%,1401.08万,1917.81万,-516.73万,3364.66万
4624,300219,鸿利智汇,7.64,-0.91%,1.09%,2715.05万,3081.91万,-366.86万,5898.91万
4625,901,航天科技,22.87,-0.91%,1.65%,1.49亿,1.51亿,-148.55万,3.00亿
4626,301393,昊帆生物,59.05,-0.92%,3.66%,4676.58万,4371.97万,304.62万,9075.73万
4627,600710,苏美达,12.93,-0.92%,0.43%,3160.59万,4129.26万,-968.67万,7337.80万
4628,600271,航天信息,8.64,-0.92%,0.55%,3552.02万,5221.05万,-1669.02万,8850.65万
4629,2716,湖南白银,11.83,-0.92%,3.20%,4.11亿,4.68亿,-5622.06万,8.85亿
4630,856,冀东装备,10.81,-0.92%,1.96%,2318.12万,2445.64万,-127.52万,4812.93万
4631,677,恒天海龙,4.33,-0.92%,2.43%,4232.83万,4767.25万,-534.43万,9009.44万
4632,96,广聚能源,9.68,-0.92%,0.49%,969.87万,1431.32万,-461.46万,2411.07万
4633,603014,威高血净,37.33,-0.93%,0.91%,332.15万,1001.15万,-669.01万,1337.04万
4634,301560,众捷汽车,42.76,-0.93%,2.41%,1480.63万,1021.55万,459.08万,2518.43万
4635,301390,经纬股份,35.12,-0.93%,1.81%,874.70万,1029.05万,-154.35万,1958.21万
4636,603353,和顺石油,38.29,-0.93%,0.96%,2750.60万,3473.37万,-722.77万,6284.12万
4637,601919,中远海控,14.94,-0.93%,0.25%,1.57亿,2.90亿,-1.33亿,4.73亿
4638,300314,戴维医疗,12.79,-0.93%,1.49%,1465.96万,1243.53万,222.43万,2732.35万
4639,963,华东医药,35.34,-0.93%,0.25%,6797.13万,8848.44万,-2051.31万,1.57亿
4640,605266,健之佳,18.98,-0.94%,0.34%,322.23万,651.60万,-329.37万,984.83万
4641,300841,康华生物,59.31,-0.94%,0.56%,1907.75万,2043.53万,-135.78万,3989.86万
4642,600827,百联股份,8.43,-0.94%,0.28%,1343.72万,2425.84万,-1082.12万,3774.62万
4643,600329,达仁堂,41.15,-0.94%,0.22%,2377.58万,2704.88万,-327.30万,5225.35万
4644,300618,寒锐钴业,45.45,-0.94%,3.64%,2.14亿,2.30亿,-1630.64万,4.49亿
4645,300534,陇神戎发,9.51,-0.94%,0.89%,995.49万,1493.20万,-497.71万,2538.28万
4646,2879,长缆科技,21.14,-0.94%,2.65%,3744.90万,3777.16万,-32.26万,7664.24万
4647,756,新华制药,14.71,-0.94%,0.57%,1621.80万,2540.55万,-918.75万,4168.38万
4648,603477,巨星农牧,18.69,-0.95%,2.32%,1.13亿,1.07亿,633.77万,2.22亿
4649,600055,万东医疗,14.52,-0.95%,0.18%,735.41万,1115.12万,-379.70万,1874.80万
4650,2840,华统股份,13.55,-0.95%,4.20%,2.30亿,2.11亿,1841.34万,4.48亿
4651,2101,广东鸿图,10.38,-0.95%,0.81%,2465.45万,3096.59万,-631.14万,5595.41万
4652,2092,中泰化学,6.27,-0.95%,0.89%,5941.83万,8185.56万,-2243.74万,1.44亿
4653,692,惠天热电,4.19,-0.95%,0.90%,745.69万,1253.27万,-507.57万,2002.82万
4654,2323,雅博股份,2.06,-0.96%,2.91%,6127.65万,6390.35万,-262.70万,1.27亿
4655,300158,振东制药,6.19,-0.96%,1.14%,2841.85万,4038.56万,-1196.71万,6992.38万
4656,300016,北陆药业,10.36,-0.96%,2.03%,4629.96万,6783.62万,-2153.66万,1.18亿
4657,608,*ST阳光,4.07,-0.97%,0.90%,1050.45万,1658.82万,-608.37万,2709.31万
4658,301626,苏州天脉,272.5,-0.97%,1.29%,8329.73万,1.03亿,-1935.02万,1.86亿
4659,301126,达嘉维康,11.23,-0.97%,1.09%,869.70万,799.17万,70.53万,1690.34万
4660,301111,粤万年青,19.48,-0.97%,2.04%,2980.51万,3272.14万,-291.63万,6353.54万
4661,600521,华海药业,16.35,-0.97%,0.75%,8060.12万,1.01亿,-2034.16万,1.83亿
4662,300210,森远股份,9.21,-0.97%,0.91%,1852.00万,2156.31万,-304.32万,4048.52万
4663,300139,晓程科技,56.06,-0.97%,6.34%,4.38亿,3.83亿,5506.55万,8.29亿
4664,300124,汇川技术,67.24,-0.97%,0.64%,4.73亿,5.33亿,-6063.02万,10.44亿
4665,603367,辰欣药业,16.25,-0.98%,0.81%,2472.53万,3429.71万,-957.18万,5963.79万
4666,300472,*ST新元,8.12,-0.98%,0.77%,657.31万,990.36万,-333.06万,1656.20万
4667,2985,北摩高科,36.82,-0.99%,0.97%,5542.44万,6105.95万,-563.51万,1.19亿
4668,603609,禾丰股份,7.02,-0.99%,0.15%,450.68万,474.42万,-23.74万,955.67万
4669,300780,德恩精工,23.98,-0.99%,4.10%,4832.43万,5363.17万,-530.74万,1.06亿
4670,10,美丽生态,3.99,-0.99%,1.39%,2387.10万,2435.29万,-48.20万,4930.91万
4671,301308,江波龙,367.87,-1.00%,3.32%,15.89亿,17.31亿,-1.42亿,33.34亿
4672,603151,邦基科技,16.88,-1.00%,0.52%,808.48万,667.39万,141.09万,1493.75万
4673,600969,郴电国际,9.87,-1.00%,0.82%,1514.19万,1468.39万,45.79万,3003.43万
4674,600461,洪城环境,9.86,-1.00%,0.67%,3933.42万,4482.90万,-549.48万,8452.58万
4675,301498,乖宝宠物,52.88,-1.01%,2.30%,1.12亿,1.03亿,909.16万,2.18亿
4676,600479,千金药业,10.73,-1.01%,0.96%,2014.50万,2244.97万,-230.47万,4277.19万
4677,600182,S佳通,14.52,-1.02%,0.41%,352.32万,665.19万,-312.87万,1023.47万
4678,603213,镇洋发展,13.55,-1.02%,0.21%,359.06万,879.46万,-520.40万,1246.11万
4679,300961,深水海纳,13.61,-1.02%,2.02%,1723.91万,2341.52万,-617.61万,4219.56万
4680,601018,宁波港,3.87,-1.02%,0.08%,2183.64万,3770.81万,-1587.17万,6006.12万
4681,600795,国电电力,4.83,-1.02%,0.39%,1.11亿,2.27亿,-1.17亿,3.40亿
4682,2451,摩恩电气,9.73,-1.02%,1.42%,2508.98万,3474.76万,-965.79万,6024.17万
4683,680,山推股份,11.68,-1.02%,0.95%,6772.45万,7703.63万,-931.17万,1.48亿
4684,301362,民爆光电,150.3,-1.03%,8.60%,1.88亿,1.83亿,558.45万,3.72亿
4685,3019,宸展光电,33.7,-1.03%,0.99%,2354.32万,3239.05万,-884.72万,5709.49万
4686,48,京基智农,15.39,-1.03%,0.95%,3321.47万,4217.74万,-896.27万,7699.62万
4687,301449,天溯计量,79.35,-1.04%,6.01%,2676.21万,3862.60万,-1186.39万,6676.14万
4688,300289,利德曼,6.65,-1.04%,0.47%,707.80万,994.82万,-287.02万,1709.46万
4689,2454,松芝股份,10.46,-1.04%,1.82%,5725.14万,6068.82万,-343.68万,1.19亿
4690,300869,康泰医学,13.23,-1.05%,0.69%,999.80万,1381.53万,-381.72万,2420.92万
4691,603983,丸美生物,24.44,-1.05%,0.21%,756.48万,1240.11万,-483.63万,2032.03万
4692,603368,柳药集团,17.01,-1.05%,0.64%,1468.18万,2804.06万,-1335.88万,4313.90万
4693,600021,上海电力,17.87,-1.05%,0.70%,1.81亿,1.73亿,829.69万,3.56亿
4694,301211,亨迪药业,12.11,-1.06%,0.38%,733.16万,1155.61万,-422.44万,1918.47万
4695,301122,采纳股份,30.73,-1.06%,1.18%,1458.65万,1261.85万,196.80万,2746.64万
4696,300943,春晖智控,30.69,-1.06%,4.58%,7576.12万,1.09亿,-3302.74万,1.90亿
4697,600585,海螺水泥,22.31,-1.06%,0.45%,1.37亿,2.63亿,-1.26亿,4.02亿
4698,2866,传艺科技,23.37,-1.06%,9.45%,1.89亿,2.08亿,-1875.60万,4.01亿
4699,56,皇庭国际,1.86,-1.06%,2.76%,1760.89万,2878.19万,-1117.30万,4655.64万
4700,605228,神通科技,14.74,-1.07%,1.56%,3968.18万,6834.83万,-2866.66万,1.12亿
4701,300026,红日药业,3.63,-1.09%,1.17%,4612.85万,6880.93万,-2268.08万,1.16亿
4702,603976,正川股份,20.0,-1.09%,0.42%,504.27万,729.72万,-225.45万,1270.79万
4703,2393,力生制药,23.49,-1.09%,0.96%,2250.96万,3370.69万,-1119.73万,5658.75万
4704,2250,联化科技,16.38,-1.09%,0.60%,3879.93万,4792.44万,-912.51万,8851.17万
4705,301629,矽电股份,279.13,-1.10%,4.45%,1.16亿,1.20亿,-411.01万,2.40亿
4706,301265,华新科技,23.44,-1.10%,2.88%,5571.64万,5854.58万,-282.94万,1.15亿
4707,688098,申联生物,8.96,-1.10%,0.57%,863.85万,1232.39万,-368.54万,2115.06万
4708,600993,马应龙,25.06,-1.10%,0.43%,1728.32万,2822.14万,-1093.82万,4682.50万
4709,600855,航天长峰,19.72,-1.10%,5.39%,2.42亿,2.52亿,-959.03万,4.96亿
4710,600800,渤海化学,4.48,-1.10%,1.55%,3538.85万,4076.83万,-537.98万,7696.94万
4711,600420,国药现代,9.89,-1.10%,0.39%,1984.34万,3071.49万,-1087.15万,5177.39万
4712,300547,川环科技,38.59,-1.10%,3.53%,1.13亿,1.28亿,-1469.32万,2.44亿
4713,2317,众生药业,18.88,-1.10%,2.06%,1.22亿,1.70亿,-4735.19万,2.96亿
4714,931,中关村,5.34,-1.11%,1.01%,1501.86万,2532.72万,-1030.86万,4041.57万
4715,705,浙江震元,8.9,-1.11%,1.14%,1126.30万,1727.23万,-600.93万,2866.33万
4716,300917,特发服务,32.94,-1.11%,1.20%,3143.14万,3413.05万,-269.91万,6720.58万
4717,603817,海峡环保,7.11,-1.11%,0.87%,1386.79万,2114.67万,-727.88万,3519.65万
4718,600871,石化油服,2.68,-1.11%,0.46%,7570.67万,9206.36万,-1635.69万,1.68亿
4719,600479,千金药业,10.72,-1.11%,1.01%,2117.07万,2363.49万,-246.42万,4525.85万
4720,600031,三一重工,20.43,-1.11%,0.38%,2.49亿,3.96亿,-1.47亿,6.60亿
4721,300174,元力股份,16.92,-1.11%,0.73%,1758.37万,2583.62万,-825.25万,4492.61万
4722,400,许继电气,25.95,-1.11%,1.63%,1.90亿,2.32亿,-4221.49万,4.27亿
4723,688105,诺唯赞,19.35,-1.12%,0.12%,414.05万,539.95万,-125.90万,958.23万
4724,688009,中国通号,5.32,-1.12%,0.25%,3844.91万,7588.35万,-3743.43万,1.17亿
4725,603707,健友股份,9.72,-1.12%,0.36%,1944.88万,3591.84万,-1646.96万,5691.45万
4726,3816,中国广核,4.4,-1.12%,0.14%,9782.43万,1.39亿,-4149.83万,2.38亿
4727,2585,双星新材,7.07,-1.12%,2.37%,6100.41万,8739.18万,-2638.77万,1.50亿
4728,2550,千红制药,7.93,-1.12%,1.43%,4799.77万,5690.90万,-891.13万,1.06亿
4729,2344,海宁皮城,4.41,-1.12%,0.54%,1257.27万,1646.02万,-388.75万,3053.58万
4730,301080,百普赛斯,49.73,-1.13%,2.13%,6073.77万,6965.41万,-891.64万,1.33亿
4731,928,中钢国际,6.98,-1.13%,1.59%,7712.42万,8260.67万,-548.25万,1.60亿
4732,600234,科新发展,17.56,-1.13%,1.08%,2513.08万,2433.44万,79.64万,4983.06万
4733,600310,广西能源,4.38,-1.13%,2.38%,5547.16万,9359.95万,-3812.79万,1.53亿
4734,554,泰山石油,7.89,-1.13%,2.74%,3248.39万,4414.21万,-1165.82万,7807.31万
4735,603838,*ST四通,8.68,-1.14%,0.27%,341.06万,383.13万,-42.07万,748.89万
4736,668,*ST荣控,14.73,-1.14%,0.72%,732.85万,809.54万,-76.69万,1555.06万
4737,603296,华勤技术,97.74,-1.15%,0.87%,2.24亿,2.58亿,-3377.82万,4.87亿
4738,688630,芯碁微装,232.29,-1.15%,3.51%,5.23亿,5.29亿,-685.60万,10.58亿
4739,600868,梅雁吉祥,3.43,-1.15%,1.50%,4192.05万,5507.94万,-1315.89万,9776.05万
4740,600710,苏美达,12.9,-1.15%,0.47%,3265.11万,4483.62万,-1218.51万,7885.54万
4741,966,长源电力,4.31,-1.15%,0.81%,3701.68万,7648.67万,-3946.99万,1.14亿
4742,951,中国重汽,23.19,-1.15%,1.03%,1.10亿,1.72亿,-6184.79万,2.85亿
4743,813,德展健康,3.45,-1.15%,0.49%,1458.63万,2060.75万,-602.12万,3534.79万
4744,605296,神农集团,30.6,-1.16%,0.32%,2340.11万,2615.71万,-275.60万,5028.34万
4745,688055,龙腾光电,4.25,-1.16%,0.22%,1333.08万,1771.49万,-438.41万,3105.16万
4746,603883,老百姓,13.65,-1.16%,0.53%,1905.11万,3497.80万,-1592.69万,5486.88万
4747,603567,珍宝岛,6.82,-1.16%,1.01%,2436.29万,4001.96万,-1565.67万,6499.31万
4748,601968,宝钢包装,5.11,-1.16%,0.39%,1195.47万,1340.55万,-145.08万,2578.82万
4749,2620,ST瑞和,9.41,-1.16%,1.92%,2395.54万,3198.85万,-803.31万,5678.09万
4750,301357,北方长龙,113.74,-1.17%,5.13%,7037.22万,6742.67万,294.56万,1.39亿
4751,600638,新黄浦,5.91,-1.17%,0.53%,635.77万,1343.81万,-708.04万,2128.57万
4752,688765,禾元生物,65.88,-1.18%,0.99%,997.89万,1652.48万,-654.59万,2657.03万
4753,301207,华兰疫苗,20.03,-1.18%,0.46%,2307.27万,3103.57万,-796.30万,5486.30万
4754,601898,中煤能源,16.73,-1.18%,0.13%,8915.54万,1.12亿,-2312.61万,2.08亿
4755,2921,联诚精密,27.67,-1.18%,1.33%,2290.48万,2246.74万,43.74万,4761.11万
4756,688545,兴福电子,51.46,-1.19%,1.31%,4782.66万,6966.38万,-2183.72万,1.24亿
4757,601857,中国石油,11.62,-1.19%,0.04%,3.22亿,4.12亿,-8995.22万,7.44亿
4758,600283,钱江水利,9.12,-1.19%,0.53%,952.00万,1666.37万,-714.36万,2652.03万
4759,300480,光力科技,33.94,-1.19%,3.55%,1.37亿,1.76亿,-3890.71万,3.29亿
4760,2745,木林森,8.31,-1.19%,0.85%,2779.76万,4542.42万,-1762.66万,7536.62万
4761,688575,亚辉龙,14.82,-1.20%,0.29%,742.14万,1742.40万,-1000.26万,2498.91万
4762,603290,斯达半导,99.21,-1.20%,0.93%,9658.44万,1.20亿,-2342.97万,2.19亿
4763,603637,镇海股份,14.01,-1.20%,1.83%,2883.15万,3111.30万,-228.15万,6108.44万
4764,603127,昭衍新药,38.8,-1.20%,2.97%,3.77亿,3.39亿,3737.67万,7.19亿
4765,600461,洪城环境,9.84,-1.20%,0.74%,4161.24万,4785.66万,-624.42万,9281.94万
4766,2512,ST达华,4.1,-1.20%,2.72%,4957.24万,7246.08万,-2288.84万,1.23亿
4767,300234,开尔新材,5.71,-1.21%,1.37%,1309.72万,1308.81万,9120.00,2698.14万
4768,2780,三夫户外,14.72,-1.21%,2.26%,2434.52万,1804.66万,629.86万,4347.94万
4769,2485,ST雪发,4.84,-1.22%,0.28%,233.71万,514.20万,-280.48万,748.49万
4770,301609,山大电力,47.59,-1.22%,4.38%,3721.01万,3835.18万,-114.17万,7602.82万
4771,600815,厦工股份,4.05,-1.22%,1.98%,5591.40万,8524.30万,-2932.90万,1.44亿
4772,600612,老凤祥,41.41,-1.22%,0.24%,1199.53万,1883.42万,-683.89万,3268.82万
4773,600533,栖霞建设,2.43,-1.22%,1.26%,1505.41万,1682.67万,-177.25万,3203.80万
4774,600467,好当家,2.42,-1.22%,1.00%,920.13万,2301.88万,-1381.74万,3526.03万
4775,688001,华兴源创,41.11,-1.23%,0.76%,7963.16万,5975.20万,1987.96万,1.40亿
4776,600862,中航高科,21.69,-1.23%,0.61%,6562.94万,1.13亿,-4706.31万,1.86亿
4777,600795,国电电力,4.82,-1.23%,0.42%,1.20亿,2.38亿,-1.17亿,3.61亿
4778,688710,益诺思,70.73,-1.24%,0.69%,1906.05万,2492.73万,-586.68万,4408.51万
4779,688351,微电生理,23.89,-1.24%,0.30%,1564.57万,1812.72万,-248.16万,3389.02万
4780,603398,*ST沐邦,12.74,-1.24%,0.92%,1826.92万,3214.85万,-1387.93万,5066.98万
4781,600322,津投城开,2.39,-1.24%,0.65%,591.75万,1099.66万,-507.91万,1705.81万
4782,929,*ST兰黄,10.36,-1.24%,1.28%,1067.69万,1381.24万,-313.55万,2452.86万
4783,2982,湘佳股份,14.21,-1.25%,1.51%,1301.22万,1314.25万,-13.03万,2793.86万
4784,2728,特一药业,10.95,-1.26%,2.60%,3858.05万,5390.95万,-1532.91万,9432.91万
4785,600098,广州发展,7.06,-1.26%,0.30%,2859.35万,4345.45万,-1486.11万,7390.02万
4786,600608,*ST沪科,2.33,-1.27%,0.78%,218.02万,346.24万,-128.21万,583.61万
4787,688137,近岸蛋白,49.13,-1.27%,0.87%,1685.05万,1285.83万,399.23万,2976.63万
4788,2082,万邦德,28.05,-1.27%,4.96%,3.53亿,4.08亿,-5519.67万,7.65亿
4789,300162,雷曼光电,9.34,-1.27%,3.92%,5265.00万,7114.14万,-1849.14万,1.25亿
4790,2638,勤上股份,4.67,-1.27%,2.13%,5127.53万,8115.29万,-2987.76万,1.35亿
4791,605199,ST葫芦娃,6.92,-1.28%,0.29%,345.87万,448.40万,-102.53万,802.43万
4792,301048,金鹰重工,10.81,-1.28%,0.75%,1627.17万,2481.55万,-854.38万,4355.29万
4793,300328,宜安科技,16.97,-1.28%,2.69%,1.43亿,1.62亿,-1939.13万,3.14亿
4794,2365,永安药业,13.84,-1.28%,1.31%,1716.18万,2665.97万,-949.80万,4442.98万
4795,688195,腾景科技,337.1,-1.29%,2.84%,6.19亿,6.16亿,293.29万,12.39亿
4796,603858,步长制药,16.79,-1.29%,0.40%,2905.66万,4142.60万,-1236.94万,7130.85万
4797,600833,第一医药,11.46,-1.29%,0.71%,783.86万,1017.64万,-233.77万,1820.31万
4798,600585,海螺水泥,22.26,-1.29%,0.49%,1.48亿,2.79亿,-1.31亿,4.39亿
4799,600548,深高速,9.17,-1.29%,0.14%,733.82万,1399.86万,-666.04万,2224.10万
4800,600026,中远海能,22.13,-1.29%,0.97%,3.44亿,3.97亿,-5284.90万,7.50亿
4801,300594,朗进科技,29.76,-1.29%,1.94%,2928.36万,2243.12万,685.24万,5243.13万
4802,300279,和晶科技,8.39,-1.29%,1.33%,2423.75万,2913.75万,-490.00万,5445.48万
4803,2020,京新药业,16.05,-1.29%,0.86%,3370.48万,6560.49万,-3190.01万,1.02亿
4804,603272,联翔股份,32.65,-1.30%,2.91%,4433.02万,5501.29万,-1068.27万,9979.66万
4805,300167,ST迪威迅,6.08,-1.30%,0.87%,588.68万,1237.09万,-648.41万,1911.92万
4806,688317,之江生物,20.5,-1.30%,0.71%,1100.26万,1692.24万,-591.98万,2802.29万
4807,300439,美康生物,9.87,-1.30%,0.85%,933.60万,1505.29万,-571.68万,2445.01万
4808,603939,益丰药房,22.86,-1.30%,0.24%,3107.48万,3425.12万,-317.64万,6648.01万
4809,600789,鲁抗医药,8.37,-1.30%,1.09%,2637.24万,5451.71万,-2814.47万,8193.50万
4810,300444,双杰电气,15.17,-1.30%,8.14%,3.56亿,3.90亿,-3349.45万,7.58亿
4811,2519,银河电子,8.34,-1.30%,4.38%,1.72亿,2.28亿,-5632.00万,4.03亿
4812,735,罗牛山,6.84,-1.30%,0.87%,2797.07万,4039.17万,-1242.10万,6847.24万
4813,603193,润本股份,24.19,-1.31%,1.72%,1591.50万,2702.65万,-1111.15万,4302.12万
4814,301158,德石股份,24.19,-1.31%,1.37%,1959.35万,2881.21万,-921.86万,4856.02万
4815,600250,南京商旅,11.27,-1.31%,3.92%,6732.90万,6872.35万,-139.45万,1.38亿
4816,600323,瀚蓝环境,28.6,-1.31%,0.21%,2073.39万,2663.75万,-590.36万,4886.97万
4817,300565,科信技术,14.27,-1.31%,4.46%,6969.13万,7275.00万,-305.87万,1.44亿
4818,300119,瑞普生物,18.78,-1.31%,0.80%,2095.28万,2825.25万,-729.96万,5040.46万
4819,729,燕京啤酒,12.82,-1.31%,0.81%,9956.11万,1.60亿,-6003.51万,2.61亿
4820,603676,卫信康,10.45,-1.32%,0.22%,440.10万,531.01万,-90.91万,986.79万
4821,600759,洲际油气,5.24,-1.32%,3.07%,3.26亿,3.28亿,-199.03万,6.62亿
4822,617,中油资本,9.74,-1.32%,0.65%,2.91亿,5.05亿,-2.13亿,7.97亿
4823,301216,万凯新材,28.98,-1.33%,0.81%,5870.36万,6839.55万,-969.19万,1.29亿
4824,1221,悍高集团,62.22,-1.33%,1.34%,1280.42万,1387.12万,-106.70万,3032.86万
4825,300828,锐新科技,21.58,-1.33%,3.96%,3148.28万,3979.30万,-831.03万,7243.87万
4826,603958,哈森股份,24.4,-1.33%,3.19%,8077.94万,8578.47万,-500.53万,1.70亿
4827,600606,绿地控股,1.48,-1.33%,0.36%,3671.72万,3682.84万,-11.12万,7521.95万
4828,300404,博济医药,10.41,-1.33%,2.33%,2886.23万,3995.59万,-1109.36万,6918.46万
4829,1872,招商港口,21.35,-1.34%,0.04%,687.88万,1002.18万,-314.31万,1725.70万
4830,688597,煜邦电力,8.83,-1.34%,0.53%,586.04万,944.17万,-358.12万,1561.66万
4831,300716,ST泉为,13.99,-1.34%,1.12%,1159.70万,1210.33万,-50.63万,2524.16万
4832,688816,易思维,66.6,-1.35%,3.95%,1920.15万,3087.82万,-1167.67万,5057.50万
4833,301682,宏明电子,124.0,-1.36%,14.50%,1.98亿,2.64亿,-6596.79万,4.66亿
4834,300988,津荣天宇,27.52,-1.36%,1.56%,2577.70万,1953.67万,624.03万,4675.39万
4835,600976,健民集团,33.47,-1.36%,0.85%,1755.78万,2589.66万,-833.88万,4370.22万
4836,620,盈新发展,2.88,-1.37%,2.15%,1.27亿,1.61亿,-3417.86万,2.89亿
4837,301213,观想科技,69.9,-1.37%,1.18%,2021.10万,2133.08万,-111.98万,4274.55万
4838,603001,奥康国际,9.35,-1.37%,1.11%,2119.35万,1938.47万,180.88万,4246.64万
4839,2911,佛燃能源,13.56,-1.38%,0.41%,3923.82万,2957.70万,966.12万,6982.78万
4840,688612,威迈斯,31.19,-1.39%,0.91%,3222.59万,4004.34万,-781.75万,7266.87万
4841,912,泸天化,4.96,-1.39%,1.59%,5154.81万,7178.06万,-2023.25万,1.24亿
4842,688084,晶品特装,67.34,-1.39%,1.23%,2574.03万,3660.47万,-1086.44万,6253.49万
4843,688510,航亚科技,32.74,-1.39%,1.17%,4092.09万,5852.84万,-1760.75万,1.00亿
4844,600844,金煤科技,3.56,-1.39%,3.81%,5089.24万,5799.84万,-710.60万,1.11亿
4845,300332,天壕能源,5.69,-1.39%,1.93%,3720.75万,5334.17万,-1613.42万,9138.98万
4846,300194,福安药业,4.25,-1.39%,1.19%,1910.06万,2583.02万,-672.96万,4912.76万
4847,301087,可孚医疗,57.03,-1.40%,0.92%,4988.56万,5070.70万,-82.14万,1.03亿
4848,601083,锦江航运,12.72,-1.40%,2.24%,2261.16万,3269.26万,-1008.10万,5549.49万
4849,300256,星星科技,3.51,-1.40%,0.99%,2766.29万,5006.46万,-2240.17万,7792.35万
4850,3015,日久光电,16.13,-1.41%,2.42%,4048.73万,5513.38万,-1464.65万,9679.20万
4851,603610,麒盛科技,15.33,-1.41%,1.15%,2917.24万,3263.96万,-346.73万,6218.33万
4852,603227,雪峰科技,9.81,-1.41%,1.18%,5022.55万,7268.43万,-2245.88万,1.24亿
4853,600379,宝光股份,11.86,-1.41%,1.06%,1788.28万,2333.90万,-545.62万,4151.96万
4854,908,ST景峰,7.01,-1.41%,0.82%,1944.94万,3114.72万,-1169.78万,5074.59万
4855,2683,广东宏大,42.89,-1.42%,0.80%,9075.06万,1.35亿,-4389.79万,2.28亿
4856,603949,雪龙集团,18.56,-1.43%,2.23%,3705.13万,4948.87万,-1243.74万,8703.16万
4857,688133,泰坦科技,21.25,-1.44%,0.67%,853.83万,1477.93万,-624.10万,2340.28万
4858,603421,鼎信通讯,8.2,-1.44%,1.40%,3194.86万,4271.31万,-1076.46万,7509.89万
4859,603380,易德龙,36.15,-1.44%,0.68%,1709.24万,2223.56万,-514.32万,3964.59万
4860,600545,卓郎智能,4.11,-1.44%,3.33%,1.01亿,1.45亿,-4403.33万,2.49亿
4861,300651,金陵体育,30.04,-1.44%,9.72%,1.18亿,1.31亿,-1269.15万,2.55亿
4862,2853,皮阿诺,25.37,-1.44%,1.10%,1730.99万,1824.01万,-93.02万,3591.52万
4863,300658,延江股份,21.69,-1.45%,5.43%,1.26亿,1.36亿,-1045.17万,2.66亿
4864,2876,三利谱,28.49,-1.45%,2.63%,5470.06万,5347.81万,122.25万,1.12亿
4865,2868,*ST绿康,39.52,-1.45%,0.39%,746.29万,885.40万,-139.11万,1657.39万
4866,2823,凯中精密,15.64,-1.45%,1.97%,3118.46万,3481.13万,-362.67万,6764.45万
4867,981,山子高科,4.04,-1.46%,1.49%,1.79亿,3.90亿,-2.12亿,5.73亿
4868,603808,歌力思,10.13,-1.46%,1.98%,3294.83万,4020.63万,-725.79万,7393.15万
4869,600351,亚宝药业,6.73,-1.46%,2.82%,5612.31万,7041.10万,-1428.78万,1.33亿
4870,688690,纳微科技,30.84,-1.47%,3.05%,2.11亿,1.60亿,5130.61万,3.72亿
4871,300664,鹏鹞环保,6.04,-1.47%,1.19%,1754.32万,3614.53万,-1860.22万,5483.61万
4872,301024,霍普股份,39.27,-1.48%,1.23%,1468.48万,1310.47万,158.00万,2957.66万
4873,600998,九州通,5.32,-1.48%,0.37%,3854.40万,6131.63万,-2277.23万,1.01亿
4874,600339,中油工程,4.0,-1.48%,0.93%,7806.86万,1.27亿,-4845.36万,2.07亿
4875,300808,久量股份,24.53,-1.49%,1.01%,1450.21万,1492.26万,-42.05万,2948.11万
4876,753,漳州发展,6.59,-1.49%,0.80%,1940.84万,3284.21万,-1343.37万,5252.82万
4877,2637,赞宇科技,11.79,-1.50%,1.33%,2845.74万,4047.15万,-1201.40万,6933.07万
4878,688179,阿拉丁,18.18,-1.52%,1.44%,3749.47万,5213.47万,-1464.00万,9063.67万
4879,601811,新华文轩,14.23,-1.52%,0.52%,2125.27万,3600.84万,-1475.57万,5828.17万
4880,603988,中电电机,26.32,-1.53%,1.60%,4702.47万,4959.07万,-256.60万,9906.55万
4881,2639,雪人集团,19.33,-1.53%,4.44%,2.49亿,3.02亿,-5248.37万,5.58亿
4882,2439,启明星辰,14.82,-1.53%,3.59%,1.67亿,2.17亿,-4933.66万,3.85亿
4883,2349,精华制药,7.7,-1.53%,1.76%,4487.27万,6577.47万,-2090.20万,1.11亿
4884,863,三湘印象,5.15,-1.53%,0.75%,1609.44万,2926.65万,-1317.21万,4551.80万
4885,600617,国新能源,3.19,-1.54%,1.00%,2121.43万,3458.29万,-1336.86万,5636.23万
4886,300653,正海生物,19.8,-1.54%,0.49%,487.69万,1210.91万,-723.22万,1740.58万
4887,506,招金黄金,17.22,-1.54%,2.36%,1.74亿,1.95亿,-2056.61万,3.75亿
4888,2479,富春环保,5.69,-1.56%,1.58%,2949.16万,4777.66万,-1828.50万,7747.33万
4889,688712,北芯生命,41.79,-1.58%,5.91%,4043.83万,5122.28万,-1078.45万,9184.07万
4890,300803,指南针,99.72,-1.58%,1.82%,5.20亿,5.59亿,-3904.44万,11.01亿
4891,300839,博汇股份,14.83,-1.59%,1.98%,3970.60万,4370.59万,-400.00万,8518.11万
4892,600744,华银电力,7.43,-1.59%,2.73%,1.92亿,2.11亿,-1865.17万,4.10亿
4893,2923,润都股份,12.89,-1.60%,2.57%,3552.34万,4938.27万,-1385.93万,8573.46万
4894,2299,圣农发展,18.44,-1.60%,0.41%,3748.29万,5372.75万,-1624.46万,9291.52万
4895,301303,真兰仪表,15.89,-1.61%,2.04%,1258.98万,2049.24万,-790.26万,3338.60万
4896,300850,新强联,42.05,-1.61%,2.67%,1.34亿,2.01亿,-6732.73万,3.42亿
4897,603633,徕木股份,7.93,-1.61%,2.21%,3509.50万,3807.09万,-297.59万,7531.23万
4898,605599,菜百股份,22.53,-1.62%,0.37%,3520.23万,2941.14万,579.09万,6466.33万
4899,2025,航天电器,78.38,-1.62%,4.45%,7.43亿,8.02亿,-5984.15万,15.60亿
4900,301391,卡莱特,81.01,-1.63%,1.07%,3792.05万,4321.79万,-529.74万,8141.39万
4901,603633,徕木股份,7.93,-1.61%,2.21%,3509.50万,3807.09万,-297.59万,7531.23万
4902,605599,菜百股份,22.53,-1.62%,0.37%,3520.23万,2941.14万,579.09万,6466.33万
4903,600599,*ST熊猫,4.26,-1.62%,1.53%,437.62万,616.96万,-179.34万,1064.90万
4904,600159,大龙地产,3.04,-1.62%,1.53%,1986.15万,1813.10万,173.05万,3872.04万
4905,2025,航天电器,78.38,-1.62%,4.45%,7.43亿,8.02亿,-5984.15万,15.60亿
4906,300653,正海生物,19.78,-1.64%,0.41%,387.82万,981.12万,-593.30万,1473.81万
4907,300411,金盾股份,10.81,-1.64%,1.53%,2053.23万,3000.84万,-947.61万,5099.91万
4908,688618,三旺通信,38.72,-1.65%,3.97%,9024.10万,7390.19万,1633.91万,1.66亿
4909,603998,方盛制药,10.73,-1.65%,0.87%,1508.32万,2492.11万,-983.80万,4112.58万
4910,688196,卓越新能,60.1,-1.65%,0.83%,2882.66万,3050.36万,-167.70万,5958.46万
4911,600026,中远海能,22.05,-1.65%,0.81%,2.93亿,3.18亿,-2506.22万,6.31亿
4912,890,法尔胜,12.55,-1.65%,9.38%,2.35亿,2.53亿,-1777.95万,4.90亿
4913,301592,六九一二,125.07,-1.66%,4.76%,6467.00万,7298.95万,-831.95万,1.39亿
4914,603829,洛凯股份,27.25,-1.66%,1.04%,2615.93万,2571.81万,44.12万,5309.60万
4915,601326,秦港股份,3.56,-1.66%,0.30%,1183.26万,3708.90万,-2525.64万,5067.02万
4916,603727,博迈科,19.39,-1.67%,1.17%,3162.51万,3113.31万,49.20万,6328.17万
4917,2860,星帅尔,12.88,-1.68%,1.53%,2922.64万,3883.55万,-960.90万,6949.09万
4918,2100,天康生物,8.21,-1.68%,1.33%,6526.94万,8339.10万,-1812.16万,1.50亿
4919,600234,科新发展,17.46,-1.69%,1.03%,2405.20万,2338.86万,66.34万,4749.14万
4920,300267,尔康制药,4.07,-1.69%,3.36%,9253.91万,1.01亿,-891.41万,1.94亿
4921,2432,九安医疗,74.3,-1.69%,3.96%,6.42亿,6.20亿,2165.51万,12.76亿
4922,603669,灵康药业,4.63,-1.70%,1.25%,1946.41万,2169.76万,-223.35万,4179.05万
4923,2606,大连电瓷,12.11,-1.70%,5.44%,1.37亿,1.38亿,-142.31万,2.77亿
4924,603269,海鸥股份,15.54,-1.71%,5.37%,1.24亿,1.34亿,-980.86万,2.59亿
4925,2068,黑猫股份,8.62,-1.71%,1.30%,3399.57万,4788.77万,-1389.19万,8255.73万
4926,31,大悦城,2.86,-1.72%,0.34%,1366.57万,2726.01万,-1359.44万,4168.44万
4927,301696,三瑞智能,112.02,-1.73%,18.80%,3.00亿,3.22亿,-2200.70万,6.31亿
4928,2452,长高电新,10.78,-1.73%,1.79%,4257.88万,5358.83万,-1100.95万,1.00亿
4929,600929,雪天盐业,6.83,-1.73%,1.37%,7968.08万,7233.31万,734.77万,1.54亿
4930,600195,中牧股份,7.96,-1.73%,1.04%,3445.26万,4878.50万,-1433.24万,8483.86万
4931,300565,科信技术,14.21,-1.73%,4.09%,6204.35万,7016.50万,-812.15万,1.32亿
4932,600893,航发动力,50.26,-1.74%,0.51%,3.05亿,3.68亿,-6219.98万,6.81亿
4933,2259,升达林业,5.06,-1.75%,1.55%,2615.70万,3133.94万,-518.25万,5920.83万
4934,301080,百普赛斯,49.42,-1.75%,2.00%,5739.86万,6377.15万,-637.29万,1.24亿
4935,300617,安靠智电,57.98,-1.75%,3.39%,1.22亿,1.48亿,-2583.70万,2.72亿
4936,603929,亚翔集成,182.03,-1.75%,1.47%,2.72亿,2.91亿,-1901.20万,5.70亿
4937,300300,海峡创新,12.89,-1.75%,4.28%,1.44亿,2.18亿,-7397.66万,3.66亿
4938,2342,巨力索具,17.97,-1.75%,12.57%,10.51亿,10.58亿,-674.90万,21.63亿
4939,688161,威高骨科,30.65,-1.76%,0.18%,836.49万,1402.13万,-565.64万,2256.41万
4940,2414,高德红外,12.85,-1.76%,1.13%,2.35亿,2.54亿,-1912.54万,4.94亿
4941,411,英特集团,11.08,-1.77%,0.56%,1052.02万,2427.46万,-1375.44万,3510.52万
4942,688247,宣泰医药,9.45,-1.77%,0.27%,356.47万,807.20万,-450.73万,1173.09万
4943,301335,天元宠物,26.05,-1.77%,4.06%,2270.99万,2947.29万,-676.31万,5353.55万
4944,600851,海欣股份,8.31,-1.77%,0.86%,2431.40万,2821.86万,-390.46万,5271.20万
4945,605399,晨光新材,14.88,-1.78%,0.79%,1933.85万,1724.06万,209.79万,3666.24万
4946,688097,博众精工,62.75,-1.78%,1.21%,1.55亿,1.87亿,-3256.33万,3.43亿
4947,300005,探路者,14.24,-1.79%,1.02%,4941.04万,7672.23万,-2731.19万,1.28亿
4948,300839,博汇股份,14.8,-1.79%,1.80%,3669.79万,4064.42万,-394.64万,7781.90万
4949,600237,铜峰电子,9.32,-1.79%,3.21%,7031.22万,1.16亿,-4579.64万,1.87亿
4950,600135,乐凯胶片,11.0,-1.79%,4.01%,1.12亿,1.24亿,-1172.39万,2.42亿
4951,300626,华瑞股份,25.72,-1.83%,2.36%,5592.11万,5180.54万,411.57万,1.10亿
4952,300483,首华燃气,19.13,-1.85%,3.16%,1.11亿,1.16亿,-531.42万,2.30亿
4953,603871,嘉友国际,13.78,-1.85%,0.51%,4066.50万,5414.19万,-1347.69万,9605.96万
4954,603318,水发燃气,7.42,-1.85%,2.05%,2991.56万,3923.47万,-931.90万,6964.76万
4955,600268,国电南自,15.38,-1.85%,2.09%,1.45亿,1.76亿,-3092.20万,3.24亿
4956,600110,诺德股份,10.06,-1.85%,6.74%,5.04亿,6.68亿,-1.64亿,11.78亿
4957,603363,傲农生物,4.21,-1.86%,1.31%,4878.95万,6816.06万,-1937.11万,1.18亿
4958,600371,万向德农,8.44,-1.86%,1.69%,1845.54万,2273.72万,-428.19万,4134.11万
4959,993,闽东电力,12.15,-1.86%,2.45%,4440.20万,8455.56万,-4015.36万,1.31亿
4960,300191,潜能恒信,36.72,-1.87%,1.86%,7024.02万,7586.63万,-562.61万,1.50亿
4961,2752,昇兴股份,6.23,-1.89%,0.95%,1926.53万,3683.32万,-1756.79万,5797.45万
4962,603536,惠发食品,9.86,-1.89%,1.62%,1591.29万,2203.45万,-612.16万,3815.86万
4963,603444,吉比特,385.92,-1.89%,3.65%,5.26亿,4.60亿,6592.86万,10.07亿
4964,2364,中恒电气,42.58,-1.89%,12.08%,13.55亿,15.01亿,-1.46亿,28.67亿
4965,603017,中衡设计,12.91,-1.90%,3.07%,4595.62万,6232.78万,-1637.16万,1.09亿
4966,300149,睿智医药,11.37,-1.90%,4.66%,9514.14万,1.44亿,-4927.82万,2.48亿
4967,688759,必贝特,39.53,-1.91%,4.47%,4170.07万,3895.33万,274.73万,8177.46万
4968,2718,友邦吊顶,72.75,-1.91%,1.00%,3477.47万,3247.96万,229.50万,6768.35万
4969,688429,时创能源,14.84,-1.92%,2.23%,1847.87万,2081.51万,-233.65万,3940.78万
4970,2490,山东墨龙,8.69,-1.92%,3.28%,7501.99万,7765.22万,-263.23万,1.54亿
4971,2787,华源控股,16.36,-1.92%,10.24%,2.14亿,2.00亿,1441.19万,4.17亿
4972,600844,金煤科技,3.54,-1.94%,3.55%,4840.44万,5385.67万,-545.23万,1.03亿
4973,600880,博瑞传播,5.05,-1.94%,2.36%,5263.39万,7747.21万,-2483.82万,1.32亿
4974,600159,大龙地产,3.03,-1.94%,1.61%,2060.21万,1978.79万,81.42万,4082.42万
4975,2496,*ST辉丰,2.01,-1.95%,1.56%,1523.47万,1707.75万,-184.28万,3549.64万
4976,688809,强一股份,363.38,-1.95%,4.57%,1.84亿,2.18亿,-3363.83万,4.05亿
4977,600480,凌云股份,11.49,-1.96%,1.89%,1.02亿,1.61亿,-5897.34万,2.64亿
4978,2957,科瑞技术,41.1,-1.96%,4.80%,3.75亿,4.37亿,-6202.61万,8.19亿
4979,2952,亚世光电,25.77,-1.98%,2.13%,3205.31万,3895.01万,-689.70万,7244.68万
4980,2227,奥特迅,7.86,-2.00%,4.16%,4359.25万,3354.59万,1004.66万,8036.61万
4981,2969,嘉美包装,22.99,-2.00%,2.30%,2.78亿,2.93亿,-1480.95万,5.78亿
4982,300489,光智科技,65.81,-2.00%,2.64%,1.07亿,1.29亿,-2117.87万,2.42亿
4983,301310,鑫宏业,55.14,-2.01%,6.04%,9505.84万,7062.38万,2443.46万,1.68亿
4984,600080,金花股份,8.28,-2.01%,1.41%,1470.49万,2882.84万,-1412.34万,4395.15万
4985,300131,英唐智控,15.15,-2.01%,4.09%,2.70亿,3.65亿,-9539.59万,6.47亿
4986,301408,华人健康,20.36,-2.02%,15.33%,3.22亿,3.98亿,-7611.00万,7.23亿
4987,2051,中工国际,11.66,-2.02%,6.61%,4.25亿,5.13亿,-8777.98万,9.53亿
4988,826,启迪环境,1.94,-2.02%,2.10%,2851.87万,2920.93万,-69.06万,5778.62万
4989,300617,安靠智电,57.81,-2.03%,3.51%,1.28亿,1.52亿,-2477.14万,2.82亿
4990,1231,农心科技,24.0,-2.04%,2.88%,1188.05万,2232.15万,-1044.10万,3519.10万
4991,688496,清越科技,5.76,-2.04%,1.69%,1090.19万,1203.70万,-113.51万,2304.40万
4992,603163,圣晖集成,108.12,-2.06%,1.29%,6843.33万,6930.41万,-87.08万,1.41亿
4993,603291,联合水务,11.39,-2.06%,0.74%,1486.84万,2050.22万,-563.38万,3552.34万
4994,300817,双飞集团,20.42,-2.06%,3.47%,4324.98万,4404.70万,-79.73万,8864.00万
4995,300686,智动力,18.42,-2.07%,2.03%,4526.34万,4674.35万,-148.01万,9793.03万
4996,2828,贝肯能源,11.85,-2.07%,4.81%,4765.03万,6157.65万,-1392.62万,1.10亿
4997,2150,正泰电源,31.08,-2.08%,3.11%,1.65亿,1.79亿,-1461.82万,3.50亿
4998,2169,智光电气,14.59,-2.08%,2.69%,1.34亿,1.65亿,-3071.20万,3.03亿
4999,300854,中兰环保,27.96,-2.10%,4.83%,5377.70万,5538.58万,-160.88万,1.10亿
5000,301335,天元宠物,25.96,-2.11%,4.41%,2419.22万,3318.81万,-899.59万,5816.48万
5001,2169,智光电气,14.59,-2.08%,2.69%,1.34亿,1.65亿,-3071.20万,3.03亿
5002,300854,中兰环保,27.96,-2.10%,4.83%,5377.70万,5538.58万,-160.88万,1.10亿
5003,301335,天元宠物,25.96,-2.11%,4.41%,2419.22万,3318.81万,-899.59万,5816.48万
5004,600468,百利电气,7.9,-2.11%,2.35%,7868.25万,1.21亿,-4237.92万,2.02亿
5005,889,中嘉博创,4.64,-2.11%,18.29%,3.69亿,3.52亿,1714.07万,7.26亿
5006,301680,固德电材,105.69,-2.12%,8.94%,6853.96万,8957.42万,-2103.45万,1.59亿
5007,688046,药康生物,18.48,-2.12%,0.88%,3419.41万,3263.38万,156.02万,6695.70万
5008,300050,世纪鼎利,7.37,-2.12%,3.06%,5055.61万,6555.56万,-1499.95万,1.24亿
5009,2358,森源电气,7.35,-2.13%,2.31%,6762.53万,8766.20万,-2003.67万,1.57亿
5010,301520,万邦医药,44.92,-2.14%,4.42%,1577.60万,2843.88万,-1266.28万,4455.67万
5011,600135,乐凯胶片,10.96,-2.14%,4.29%,1.22亿,1.35亿,-1289.73万,2.59亿
5012,301149,隆华新材,12.73,-2.15%,2.72%,3700.75万,5261.28万,-1560.53万,9203.64万
5013,301070,开勒股份,94.3,-2.15%,6.63%,1.63亿,1.98亿,-3571.45万,3.71亿
5014,2693,*ST双成,8.15,-2.16%,1.39%,2069.99万,2530.84万,-460.86万,4664.05万
5015,2183,怡亚通,5.89,-2.16%,2.75%,1.46亿,2.73亿,-1.27亿,4.21亿
5016,65,北方国际,14.45,-2.17%,2.48%,1.43亿,2.04亿,-6115.06万,3.50亿
5017,300318,博晖创新,5.83,-2.18%,0.88%,1518.04万,2577.90万,-1059.85万,4112.64万
5018,603211,晋拓股份,26.32,-2.19%,2.69%,8165.39万,1.10亿,-2800.68万,1.92亿
5019,2962,五方光电,16.43,-2.20%,8.62%,1.37亿,1.55亿,-1733.49万,2.95亿
5020,2873,新天药业,9.78,-2.20%,3.12%,2555.74万,4670.02万,-2114.28万,7333.75万
5021,3027,同兴科技,22.09,-2.21%,3.07%,3942.09万,3001.75万,940.34万,7025.26万
5022,300572,安车检测,28.76,-2.21%,1.54%,3928.94万,4100.44万,-171.50万,8264.58万
5023,1331,胜通能源,51.36,-2.23%,1.54%,6544.26万,6560.43万,-16.18万,1.33亿
5024,301370,国科恒泰,10.44,-2.25%,0.77%,1013.03万,1536.85万,-523.81万,2608.73万
5025,301013,利和兴,24.23,-2.26%,3.26%,6202.20万,8060.03万,-1857.83万,1.51亿
5026,603803,瑞斯康达,15.17,-2.26%,11.16%,3.39亿,3.67亿,-2790.38万,7.12亿
5027,300057,万顺新材,7.33,-2.27%,5.81%,1.57亿,1.51亿,640.38万,3.12亿
5028,688163,赛伦生物,32.24,-2.30%,1.63%,2810.46万,2846.04万,-35.58万,5684.72万
5029,300165,天瑞仪器,5.51,-2.30%,2.68%,2576.97万,3551.88万,-974.91万,6192.77万
5030,603863,松炀资源,18.58,-2.31%,1.34%,2107.44万,2789.05万,-681.61万,5165.60万
5031,2950,奥美医疗,13.54,-2.31%,3.36%,8874.92万,1.13亿,-2440.90万,2.06亿
5032,300004,南风股份,14.52,-2.35%,2.42%,7493.31万,8911.81万,-1418.50万,1.73亿
5033,300788,中信出版,32.59,-2.37%,1.83%,4642.85万,6697.65万,-2054.81万,1.14亿
5034,688345,博力威,52.04,-2.38%,2.69%,7320.49万,6815.44万,505.05万,1.42亿
5035,300295,三六五网,9.86,-2.38%,3.74%,2931.27万,3204.10万,-272.83万,6186.03万
5036,592,平潭发展,11.06,-2.38%,4.85%,3.82亿,6.38亿,-2.56亿,10.23亿
5037,301638,南网数字,28.76,-2.41%,11.51%,3.41亿,4.27亿,-8644.20万,7.72亿
5038,301079,邵阳液压,47.03,-2.41%,13.08%,2.12亿,2.09亿,237.77万,4.25亿
5039,301120,新特电气,23.42,-2.42%,5.31%,1.09亿,1.57亿,-4827.54万,2.71亿
5040,968,蓝焰控股,9.26,-2.42%,2.84%,1.03亿,1.50亿,-4725.34万,2.54亿
5041,19,深粮控股,7.66,-2.42%,2.67%,4357.88万,4031.59万,326.29万,8496.20万
5042,300937,药易购,30.54,-2.46%,3.76%,3270.84万,4004.25万,-733.41万,7420.71万
5043,688521,芯原股份,247.99,-2.46%,2.31%,14.37亿,15.34亿,-9736.70万,29.95亿
5044,2060,广东建工,3.95,-2.47%,3.97%,1.06亿,1.38亿,-3215.79万,2.46亿
5045,688096,京源环保,8.26,-2.48%,1.21%,956.61万,1412.29万,-455.68万,2387.31万
5046,2546,新联电子,9.06,-2.48%,2.35%,7865.22万,8963.19万,-1097.97万,1.70亿
5047,601999,出版传媒,7.83,-2.49%,2.46%,4565.92万,5888.41万,-1322.49万,1.06亿
5048,300561,*ST汇科,16.85,-2.49%,4.68%,7484.05万,1.14亿,-3915.36万,1.90亿
5049,301286,侨源股份,45.32,-2.50%,0.71%,2254.33万,2848.71万,-594.38万,5204.16万
5050,2989,中天精装,26.45,-2.51%,1.89%,4003.88万,5090.15万,-1086.27万,9219.26万
5051,601588,北辰实业,1.93,-2.53%,5.69%,1.28亿,1.64亿,-3616.47万,2.92亿
5052,973,佛塑科技,17.66,-2.54%,6.61%,5.36亿,5.68亿,-3150.47万,11.09亿
5053,301120,新特电气,23.38,-2.58%,4.95%,1.02亿,1.48亿,-4669.71万,2.52亿
5054,2290,禾盛新材,70.27,-2.58%,1.83%,1.52亿,1.66亿,-1428.18万,3.23亿
5055,603162,海通发展,13.85,-2.60%,2.53%,3743.33万,6021.06万,-2277.73万,9787.55万
5056,601179,中国西电,17.24,-2.60%,3.42%,12.06亿,17.69亿,-5.63亿,30.05亿
5057,603843,*ST正平,7.83,-2.61%,3.77%,1.49亿,5104.97万,9828.72万,2.02亿
5058,688603,天承科技,95.96,-2.64%,6.31%,1.53亿,1.30亿,2312.97万,2.86亿
5059,600935,华塑股份,2.58,-2.64%,0.78%,2040.53万,5034.08万,-2993.55万,7138.20万
5060,600707,彩虹股份,7.0,-2.64%,1.93%,1.98亿,2.79亿,-8093.47万,4.81亿
5061,2112,三变科技,21.79,-2.64%,7.72%,2.01亿,2.35亿,-3377.93万,4.38亿
5062,300055,万邦达,12.1,-2.65%,2.45%,7797.94万,1.08亿,-3001.69万,1.88亿
5063,300937,药易购,30.48,-2.65%,3.52%,3033.67万,3857.79万,-824.12万,6964.35万
5064,300204,舒泰神,31.52,-2.69%,7.78%,5.59亿,5.21亿,3721.34万,10.95亿
5065,600173,卧龙新能,7.24,-2.69%,2.16%,4472.43万,6514.34万,-2041.91万,1.10亿
5066,2824,和胜股份,28.8,-2.77%,14.47%,4.06亿,5.28亿,-1.22亿,9.47亿
5067,402,金融街,2.8,-2.78%,1.42%,4321.82万,7607.65万,-3285.83万,1.20亿
5068,300164,通源石油,13.54,-2.80%,7.17%,2.54亿,3.05亿,-5171.08万,5.65亿
5069,2675,东诚药业,14.24,-2.80%,1.93%,7392.26万,1.29亿,-5475.05万,2.04亿
5070,1257,盛龙股份,23.1,-2.82%,11.79%,1.38亿,2.35亿,-9703.78万,3.76亿
5071,2300,太阳电缆,9.65,-2.82%,3.21%,9786.30万,1.22亿,-2371.06万,2.23亿
5072,688655,迅捷兴,33.86,-2.84%,6.50%,1.32亿,1.59亿,-2631.84万,2.92亿
5073,300635,中达安,14.33,-2.85%,2.47%,1828.09万,2406.49万,-578.40万,4311.33万
5074,688398,赛特新材,27.16,-2.86%,1.00%,2093.97万,2473.55万,-379.58万,4586.60万
5075,600340,华夏幸福,1.36,-2.86%,2.19%,4233.22万,7274.07万,-3040.85万,1.15亿
5076,603556,海兴电力,35.55,-2.87%,0.48%,2663.41万,5171.95万,-2508.54万,8372.87万
5077,600089,特变电工,27.41,-2.87%,2.31%,14.06亿,17.30亿,-3.24亿,31.97亿
5078,601975,招商南油,4.39,-2.88%,1.89%,1.47亿,2.32亿,-8465.61万,3.93亿
5079,603861,白云电器,16.21,-2.88%,1.56%,6021.03万,7265.70万,-1244.67万,1.34亿
5080,600421,*ST华嵘,5.71,-2.89%,1.30%,707.54万,725.99万,-18.45万,1443.53万
5081,688106,金宏气体,26.9,-2.89%,4.79%,3.37亿,3.25亿,1232.63万,6.67亿
5082,603102,百合股份,39.94,-2.92%,1.17%,1267.92万,1704.40万,-436.49万,2980.71万
5083,301070,开勒股份,93.54,-2.94%,6.06%,1.47亿,1.88亿,-4066.12万,3.39亿
5084,688781,视涯科技,37.85,-2.95%,8.53%,4664.58万,8455.71万,-3791.13万,1.33亿
5085,301638,南网数字,28.6,-2.95%,10.80%,3.18亿,4.01亿,-8306.88万,7.25亿
5086,600056,中国医药,10.82,-2.96%,1.80%,9226.38万,1.98亿,-1.06亿,2.93亿
5087,301286,侨源股份,45.1,-2.97%,0.68%,2133.97万,2743.35万,-609.37万,4957.55万
5088,2314,南山控股,2.61,-2.97%,4.50%,6430.64万,9404.50万,-2973.86万,1.60亿
5089,601877,正泰电器,33.31,-3.00%,0.99%,3.22亿,3.78亿,-5595.82万,7.15亿
5090,688268,华特气体,94.08,-3.01%,4.76%,2.78亿,2.51亿,2745.56万,5.31亿
5091,600884,杉杉股份,14.78,-3.02%,6.07%,8.39亿,7.81亿,5850.60万,16.37亿
5092,300427,红相股份,12.52,-3.02%,5.31%,1.42亿,1.87亿,-4518.93万,3.31亿
5093,688610,埃科光电,109.48,-3.03%,2.17%,4946.51万,4298.08万,648.43万,9743.25万
5094,301193,家联科技,20.74,-3.04%,1.44%,1826.63万,2317.56万,-490.93万,4184.66万
5095,300901,中胤时尚,14.61,-3.05%,1.92%,3745.64万,2666.46万,1079.18万,6732.13万
5096,688251,井松智能,35.53,-3.08%,1.39%,1801.36万,3149.87万,-1348.51万,4965.59万
5097,2121,科陆电子,7.51,-3.10%,1.78%,7070.20万,1.16亿,-4544.14万,1.89亿
5098,603248,锡华科技,26.42,-3.12%,7.98%,6335.46万,8164.91万,-1829.45万,1.46亿
5099,688488,艾迪药业,19.87,-3.12%,1.96%,6032.52万,1.00亿,-4004.81万,1.64亿
5100,601133,柏诚股份,25.06,-3.13%,2.85%,1.56亿,2.18亿,-6265.48万,3.76亿
5101,2157,正邦科技,3.39,-3.14%,3.21%,3.18亿,4.61亿,-1.42亿,7.90亿
5102,838,财信发展,1.82,-3.19%,5.41%,5927.76万,4360.80万,1566.96万,1.03亿
5103,603097,江苏华辰,32.92,-3.23%,2.03%,5361.89万,5288.60万,73.29万,1.07亿
5104,601133,柏诚股份,25.02,-3.29%,2.98%,1.63亿,2.29亿,-6613.95万,3.93亿
5105,300639,凯普生物,6.76,-3.29%,3.68%,6311.89万,9406.72万,-3094.83万,1.58亿
5106,301201,诚达药业,43.27,-3.31%,6.34%,1.39亿,1.53亿,-1408.74万,2.96亿
5107,300901,中胤时尚,14.57,-3.32%,2.08%,3993.53万,3208.51万,785.02万,7294.41万
5108,425,徐工机械,10.18,-3.32%,0.54%,1.45亿,3.11亿,-1.66亿,5.04亿
5109,793,*ST华闻,2.9,-3.33%,2.07%,4355.81万,7485.47万,-3129.66万,1.19亿
5110,785,居然智家,2.61,-3.33%,1.70%,1.03亿,1.61亿,-5730.25万,2.65亿
5111,300097,智云股份,9.5,-3.36%,7.42%,8676.89万,1.03亿,-1662.25万,1.91亿
5112,2023,海特高新,12.29,-3.38%,4.21%,1.68亿,2.11亿,-4206.15万,3.81亿
5113,2207,准油股份,7.39,-3.40%,5.44%,4876.62万,5534.90万,-658.28万,1.04亿
5114,301683,慧谷新材,126.21,-3.41%,16.83%,1.14亿,1.86亿,-7205.28万,3.03亿
5115,603387,基蛋生物,9.81,-3.44%,3.07%,5389.52万,9833.98万,-4444.47万,1.53亿
5116,300218,安利股份,14.86,-3.44%,2.42%,3669.61万,3974.79万,-305.19万,7820.63万
5117,603158,腾龙股份,13.12,-3.46%,4.94%,1.48亿,1.71亿,-2372.30万,3.20亿
5118,2653,海思科,56.51,-3.48%,0.83%,1.07亿,1.43亿,-3570.67万,2.53亿
5119,1238,浙江正特,47.39,-3.50%,0.35%,633.37万,1106.08万,-472.70万,1741.34万
5120,300492,华图山鼎,48.59,-3.55%,1.20%,5183.93万,6178.39万,-994.45万,1.16亿
5121,300044,ST赛为,6.78,-3.56%,2.52%,4341.15万,7896.29万,-3555.14万,1.23亿
5122,600340,华夏幸福,1.35,-3.57%,2.30%,4347.73万,7712.22万,-3364.49万,1.21亿
5123,2692,远程股份,6.37,-3.63%,5.71%,1.14亿,1.42亿,-2837.37万,2.59亿
5124,603938,三孚股份,26.29,-3.63%,2.39%,1.11亿,1.27亿,-1621.66万,2.41亿
5125,3036,泰坦股份,28.62,-3.64%,5.01%,1.68亿,1.42亿,2669.97万,3.14亿
5126,688253,英诺特,41.53,-3.64%,1.52%,4126.56万,4465.01万,-338.45万,8621.43万
5127,301193,家联科技,20.61,-3.65%,1.73%,2201.84万,2770.88万,-569.04万,4998.89万
5128,603717,天域生物,6.78,-3.69%,2.18%,2076.40万,2179.77万,-103.36万,4319.87万
5129,153,丰原药业,6.72,-3.72%,4.12%,5379.11万,7315.88万,-1936.78万,1.28亿
5130,300072,海新能科,4.63,-3.74%,1.66%,6260.72万,1.16亿,-5379.09万,1.81亿
5131,300265,通光线缆,18.98,-3.75%,6.21%,2.31亿,3.14亿,-8235.37万,5.48亿
5132,600252,中恒集团,2.55,-3.77%,1.51%,3751.60万,8055.86万,-4304.26万,1.24亿
5133,600829,人民同泰,9.91,-3.79%,1.82%,3476.05万,6883.37万,-3407.32万,1.05亿
5134,603716,塞力医疗,23.18,-3.82%,5.31%,1.09亿,1.67亿,-5782.66万,2.78亿
5135,300741,华宝股份,17.07,-3.83%,0.85%,4074.06万,4914.88万,-840.82万,9049.75万
5136,603773,沃格光电,47.62,-3.84%,7.68%,3.95亿,4.07亿,-1289.59万,8.17亿
5137,600757,长江传媒,8.73,-3.85%,1.01%,4129.16万,6594.43万,-2465.27万,1.07亿
5138,300453,三鑫医疗,9.41,-3.88%,2.23%,2628.09万,4950.73万,-2322.64万,7646.83万
5139,300086,康芝药业,7.64,-3.90%,4.18%,5122.00万,8718.39万,-3596.39万,1.41亿
5140,533,顺钠股份,15.48,-3.97%,11.73%,5.27亿,6.85亿,-1.59亿,12.24亿
5141,26,飞亚达,17.11,-3.98%,5.40%,1.67亿,1.75亿,-807.02万,3.44亿
5142,688336,三生国健,85.72,-3.99%,1.17%,3.14亿,3.04亿,1024.92万,6.20亿
5143,702,正虹科技,6.67,-4.03%,5.44%,4883.62万,4851.35万,32.27万,9751.22万
5144,600075,新疆天业,5.92,-4.05%,1.33%,4305.89万,9050.01万,-4744.12万,1.36亿
5145,78,海王生物,3.85,-4.23%,7.00%,2.97亿,4.05亿,-1.07亿,7.07亿
5146,605319,无锡振华,28.61,-4.25%,2.20%,9041.38万,1.27亿,-3685.51万,2.19亿
5147,2542,中化岩土,2.0,-4.31%,6.03%,9455.82万,1.13亿,-1803.56万,2.10亿
5148,2867,周大生,12.47,-4.44%,1.54%,8371.90万,1.26亿,-4216.30万,2.12亿
5149,669,ST金鸿,4.42,-4.54%,2.40%,1936.54万,5307.36万,-3370.82万,7299.56万
5150,950,重药控股,6.06,-4.57%,3.45%,1.38亿,2.24亿,-8620.11万,3.63亿
5151,600696,*ST岩石,1.03,-4.63%,0.76%,181.01万,82.05万,98.95万,263.53万
5152,300215,电科院,8.19,-4.77%,4.79%,8260.26万,1.12亿,-2916.91万,1.96亿
5153,603021,ST华鹏,8.16,-4.78%,3.63%,4072.73万,5369.26万,-1296.53万,9636.76万
5154,688796,百奥赛图,102.1,-4.89%,3.47%,4362.18万,8356.39万,-3994.21万,1.29亿
5155,688811,有研复材,18.83,-4.90%,22.82%,1.53亿,2.46亿,-9259.60万,4.00亿
5156,586,汇源通信,20.72,-4.95%,13.21%,2.27亿,2.94亿,-6678.76万,5.23亿
5157,300992,泰福泵业,32.31,-4.97%,5.82%,6470.15万,7872.36万,-1402.21万,1.49亿
5158,301017,漱玉平民,15.47,-4.98%,6.01%,1.03亿,1.33亿,-3046.36万,2.39亿
5159,600605,汇通能源,30.71,-5.01%,3.61%,9346.78万,1.33亿,-3973.49万,2.30亿
5160,603429,*ST集友,9.42,-5.04%,0.95%,2404.99万,2280.25万,124.74万,4830.02万
5161,600636,*ST国化,6.41,-5.04%,8.66%,1.76亿,6882.05万,1.07亿,2.45亿
5162,600082,ST海泰,3.0,-5.06%,0.12%,228.96万,0.00,228.96万,231.33万
5163,688519,南亚新材,154.37,-5.28%,2.05%,3.25亿,4.14亿,-8920.76万,7.42亿
5164,300436,广生堂,118.09,-5.53%,5.33%,3.83亿,4.69亿,-8562.32万,8.63亿
5165,600713,南京医药,6.04,-5.63%,4.58%,1.45亿,2.10亿,-6466.72万,3.61亿
5166,688813,泰金新能,65.75,-5.68%,16.03%,1.37亿,1.84亿,-4641.44万,3.24亿
5167,2083,孚日股份,12.33,-5.73%,6.83%,3.48亿,4.48亿,-1.00亿,8.04亿
5168,603355,莱克电气,27.22,-5.75%,0.56%,3524.83万,5268.01万,-1743.17万,8922.76万
5169,157,中联重科,8.18,-5.76%,1.79%,4.02亿,6.40亿,-2.38亿,10.54亿
5170,2360,同德化工,6.36,-5.78%,6.17%,5755.71万,7040.21万,-1284.49万,1.29亿
5171,688805,健信超导,53.6,-5.83%,16.38%,1.11亿,1.66亿,-5502.27万,2.78亿
5172,600488,津药药业,6.44,-5.85%,11.87%,3.88亿,4.28亿,-3971.59万,8.26亿
5173,2321,华英农业,2.23,-5.91%,2.52%,4308.90万,7646.52万,-3337.62万,1.20亿
5174,605507,国邦医药,24.32,-5.96%,1.22%,6916.71万,9635.18万,-2718.47万,1.66亿
5175,600513,联环药业,22.32,-6.02%,7.15%,1.91亿,2.65亿,-7399.72万,4.60亿
5176,600869,远东股份,14.45,-6.05%,3.01%,4.43亿,5.12亿,-6942.25万,9.57亿
5177,603122,合富中国,16.82,-6.09%,6.48%,1.91亿,2.41亿,-4959.00万,4.37亿
5178,301189,奥尼电子,81.0,-6.24%,11.63%,5.85亿,5.24亿,6104.36万,11.12亿
5179,300749,顶固集创,24.61,-6.35%,6.74%,1.42亿,1.23亿,1897.98万,2.69亿
5180,301197,工大科雅,26.83,-6.68%,5.44%,6913.05万,8822.22万,-1909.16万,1.61亿
5181,600743,华远控股,2.69,-6.92%,10.00%,3.13亿,3.28亿,-1551.07万,6.46亿
5182,603216,梦天家居,30.83,-7.05%,2.53%,8885.82万,8490.71万,395.10万,1.76亿
5183,300967,晓鸣股份,18.24,-7.88%,8.09%,7615.28万,1.08亿,-3212.77万,1.86亿
5184,600396,华电辽能,7.39,-8.20%,10.64%,5.49亿,6.00亿,-5023.19万,11.62亿
5185,2294,信立泰,61.73,-8.24%,1.42%,4.56亿,5.23亿,-6719.57万,9.87亿
5186,1299,美能能源,15.23,-8.75%,9.78%,1.40亿,1.86亿,-4583.94万,3.27亿
5187,2980,华盛昌,64.04,-9.21%,19.04%,5.75亿,6.81亿,-1.05亿,12.92亿
5188,2634,棒杰股份,6.05,-9.84%,12.70%,2.49亿,9065.89万,1.58亿,3.43亿
5189,2124,天邦食品,2.83,-9.87%,16.50%,3.26亿,6.13亿,-2.88亿,9.47亿
5190,300433,蓝思科技,25.72,-13.08%,3.25%,21.25亿,19.88亿,1.37亿,41.40亿
5191,300777,中简科技,31.53,-13.28%,7.12%,4.59亿,4.76亿,-1774.76万,9.59亿
